Mã học kỳ,Mã lớp,NO.,CODE,ASSIGNMENTS-10,PRACTICAL EXAM-20,FINAL EXAM-30,TOTAL,STATUS,ASSIGNMENTS-30,PRACTICAL EXAM-30
SP2024,SP2024-class 1,1,0805AHJIJE,0,0.5,0,0.8,Not Passed,,
SP2024,SP2024-class 1,2,1905AGCDAB,0.5,4.5,0,1.7,Not Passed,,
SP2024,SP2024-class 1,3,1905AHEAAH,10,10,6.8,8.9,Passed,,
SP2024,SP2024-class 1,4,1905AEACFI,1,0,0,1.2,Not Passed,,
SP2024,SP2024-class 1,5,1905AGCEFD,1,7.5,5.8,3.9,Not Passed,,
SP2024,SP2024-class 1,6,1905AGCCFB,7,7.5,7.6,7.6,Passed,,
SP2024,SP2024-class 1,7,1905AGCCGI,2,4,4.8,4.2,Not Passed,,
SP2024,SP2024-class 1,8,1905AGAHBH,10,10,7.2,9.3,Passed,,
SP2024,SP2024-class 1,9,1905AHJDFE,7,7.5,7,7.5,Passed,,
SP2024,SP2024-class 1,10,1905AEJEHJ,1,4,0,3,Not Passed,,
SP2024,SP2024-class 1,11,1919AGJFDE,0,0,0,0,Not Passed,,
SP2024,SP2024-class 1,12,1905AFJFCG,0,0,0,0.8,Attendance Fail,,
SP2024,SP2024-class 1,13,1905AGJECH,0.5,8,6.6,4.9,Not Passed,,
SP2024,SP2024-class 1,14,1905AGJJHF,0.5,3.5,0,2.7,Not Passed,,
SP2024,SP2024-class 1,15,1905AHAEJI,7,10,6.6,8,Passed,,
SP2024,SP2024-class 1,16,1905AGJFJE,1,0.5,0,1.2,Not Passed,,
SP2024,SP2024-class 1,17,1905AFJHDE,0,0,0,0,Attendance Fail,,
SP2024,SP2024-class 1,18,1905AGCBHG,6,4.5,7.2,6.6,Passed,,
SP2024,SP2024-class 1,19,1905AHJEDB,10,10,7.8,9.5,Passed,,
SP2024,SP2024-class 1,20,1905AGCDEB,2,4.5,0,3.3,Not Passed,,
SP2024,SP2024-class 1,21,1905AGCDBC,5,3.5,9,5.6,Passed,,
SP2024,SP2024-class 1,22,1905AGBJCE,0,0,0,0,Attendance Fail,,
SP2024,SP2024-class 1,23,1905AGAIGD,1,10,5.8,5.2,Passed,,
SP2024,SP2024-class 1,24,1905AGAHBE,2,4.5,8,5.2,Passed,,
SP2024,SP2024-class 1,25,1905AFJCDC,1,4.5,4.6,3.2,Not Passed,,
SP2024,SP2024-class 1,26,1905AGAHCA,8,3,6.6,6.6,Passed,,
SP2024,SP2024-class 1,27,1905AGAHCF,9,5.5,6.4,7.8,Passed,,
SP2024,SP2024-class 1,28,1905AGBDAC,0,0,0,0,Attendance Fail,,
SP2024,SP2024-class 1,29,1905AGCJAI,0,0,0,1.9,Attendance Fail,,
SP2024,SP2024-class 1,30,1905AGJBFB,0,0,0,0,Attendance Fail,,
SP2024,SP2024-class 1,31,1905AGCCHG,2,0,0,2.4,Not Passed,,
SP2024,SP2024-class 1,32,1905AGCCID,2,3.5,0,3.1,Not Passed,,
SP2024,SP2024-class 1,33,1905AEACGF,1,3,0,1.9,Not Passed,,
SP2024,SP2024-class 1,34,1905FCBCI,0,0,0,0.7,Attendance Fail,,
SP2024,SP2024-class 1,35,1905AGCDAA,1.5,7.5,7.8,5.4,Passed,,
SP2024,SP2024-class 2,1,1905AHCEHF,8,9.5,7.4,8.5,Passed,,
SP2024,SP2024-class 2,2,1905AGABAG,5.5,4,5.8,6.2,Passed,,
SP2024,SP2024-class 2,3,1905AFJCGH,9.5,4,4.6,7.4,Passed,,
SP2024,SP2024-class 2,4,1905AGJJGJ,8.3,7,4.6,7.6,Passed,,
SP2024,SP2024-class 2,5,1905AHJDEH,4,10,7.8,7.2,Passed,,
SP2024,SP2024-class 2,6,1905AHDGJD,0,0,0,0,Attendance Fail,,
SP2024,SP2024-class 2,7,1905AGCJCC,6.5,10,6.6,7.9,Passed,,
SP2024,SP2024-class 2,8,1905AGCBAA,9.5,4,3.6,7.3,Not Passed,,
SP2024,SP2024-class 2,9,1905AGCABJ,7,4,5.8,6.5,Passed,,
SP2024,SP2024-class 2,10,1905AHJFHB,8.3,10,7.8,8.8,Passed,,
SP2024,SP2024-class 2,11,1905AHDHBJ,7,0,4.4,5.6,Not Passed,,
SP2024,SP2024-class 2,12,1905AEJFAJ,8.3,5,5.2,7.3,Passed,,
SP2024,SP2024-class 2,13,1905AGCJCD,6.5,10,7,8,Passed,,
SP2024,SP2024-class 2,14,1905AEJCDF,9.5,4,5.4,7.4,Passed,,
SP2024,SP2024-class 2,15,1905AFJHFD,9.5,1,8,7.2,Passed,,
SP2024,SP2024-class 2,16,1905AGBAEB,6.5,4,5.8,6.5,Passed,,
SP2024,SP2024-class 2,17,1905AEADHD,7,0,5.4,5.5,Not Passed,,
SP2024,SP2024-class 2,18,1905ADJCEC,6.5,10,6.4,7.9,Passed,,
SP2024,SP2024-class 2,19,1905AGCDIA,6.5,4,5,6.4,Passed,,
SP2024,SP2024-class 2,20,1905AHAEHI,4,5,5.6,5.7,Passed,,
SP2024,SP2024-class 2,21,1919AFJACG,7,4,5.2,6.6,Passed,,
SP2024,SP2024-class 2,22,1905AFAGBH,4,7,6.6,6.2,Passed,,
SP2024,SP2024-class 2,23,1905AGBFJE,7,4,6.4,6.8,Passed,,
SP2024,SP2024-class 2,24,1905AGBFJG,9.5,0,5.6,6.9,Not Passed,,
SP2024,SP2024-class 2,25,1905AGCAGE,6.5,10,7.6,8.1,Passed,,
SP2024,SP2024-class 2,26,1905AGCCAC,6.5,0.5,4.8,5.6,Passed,,
SP2024,SP2024-class 2,27,1905AGBAHE,6.5,4,4.6,6.3,Passed,,
SP2024,SP2024-class 2,28,1905AGCADA,5.5,4,7,6.4,Passed,,
SP2024,SP2024-class 2,29,1905AFJCBD,4,4,8,5.9,Passed,,
SP2024,SP2024-class 2,30,1905AHCJBA,5.5,7,6.4,6.8,Passed,,
SP2024,SP2024-class 2,31,1905AFABEC,6.5,5,6.2,6.5,Passed,,
SP2024,SP2024-class 2,32,1905AGCACD,7,4,7.4,6.9,Passed,,
SP2024,SP2024-class 2,33,1905AHBFFG,6.5,4,7.8,6.9,Passed,,
SP2024,SP2024-class 2,34,1905AHCAAG,8,3.5,5,6.8,Passed,,
SP2024,SP2024-class 2,35,1905FCBCI,4,3.5,6.2,5.5,Passed,,
SP2024,SP2024-class 3,1,1905AGBHEG,4.5,0,6.2,4.1,Not Passed,,
SP2024,SP2024-class 3,2,1905AGCDAB,8.3,5,6.8,7,Passed,,
SP2024,SP2024-class 3,3,1905AGCEDE,3,0,4.4,2.9,Not Passed,,
SP2024,SP2024-class 3,4,1905ADJEAC,0,0,0,0,Attendance Fail,,
SP2024,SP2024-class 3,5,1905AGBHEE,7.3,0,6.4,5.5,Not Passed,,
SP2024,SP2024-class 3,6,1905AGAABA,7.3,10,7,7.7,Passed,,
SP2024,SP2024-class 3,7,1905AEACFI,7,0,5.2,5,Not Passed,,
SP2024,SP2024-class 3,8,1905AHDAIC,7,10,6.8,7.4,Passed,,
SP2024,SP2024-class 3,9,1905AFJEAA,7.5,10,6.4,7.5,Passed,,
SP2024,SP2024-class 3,10,1905AGAGDD,6.5,4,5.6,5.8,Passed,,
SP2024,SP2024-class 3,11,1905AGJEHJ,5,4,6,5,Passed,,
SP2024,SP2024-class 3,12,1905AGCJFD,5,0,7.8,4.8,Not Passed,,
SP2024,SP2024-class 3,13,1905AHCJCI,5.5,4,7,5.6,Passed,,
SP2024,SP2024-class 3,14,1905AHJFED,5.5,0,6.8,4.7,Not Passed,,
SP2024,SP2024-class 3,15,1905AHJDCA,7,0,5.8,5.1,Not Passed,,
SP2024,SP2024-class 3,16,1905AHBDEE,6.5,4,6.8,6,Passed,,
SP2024,SP2024-class 3,17,1905AFJIHG,7.5,10,6.6,7.9,Passed,,
SP2024,SP2024-class 3,18,1905AHJAHH,8,10,7,8.1,Passed,,
SP2024,SP2024-class 3,19,1905AGCDEB,8.5,3.5,5.2,6.5,Passed,,
SP2024,SP2024-class 3,20,1905AHBBID,3,4,6.6,4.3,Not Passed,,
SP2024,SP2024-class 3,21,1905AGCFJA,6.5,4,6,5.9,Passed,,
SP2024,SP2024-class 3,22,1905AFJIGI,3,0,3,2.5,Not Passed,,
SP2024,SP2024-class 3,23,1905AGBJBD,5.5,4,5.6,5.3,Passed,,
SP2024,SP2024-class 3,24,1905AGJEHG,8,10,6,7.7,Passed,,
SP2024,SP2024-class 3,25,1905AGCGJD,1,0,0,0.6,Not Passed,,
SP2024,SP2024-class 3,26,1905AGJEDB,6.8,2,4.4,5.2,Passed,,
SP2024,SP2024-class 3,27,1905AHBDGF,6.5,4,6.8,6,Passed,,
SP2024,SP2024-class 3,28,1905AGAFCI,3,10,8.6,5.7,Passed,,
SP2024,SP2024-class 3,29,1905ADJIHI,0,0,0,0,Attendance Fail,,
SP2024,SP2024-class 3,30,1905AHJDFG,6.5,4,4.4,5.6,Passed,,
SP2024,SP2024-class 3,31,1905AHDHAA,7,7,5,6.4,Passed,,
SP2024,SP2024-class 3,32,1905AGCCHG,8,4,6.8,6.7,Passed,,
SP2024,SP2024-class 3,33,1905AGADAI,6.8,10,7.2,7.4,Passed,,
SP2024,SP2024-class 3,34,1919AFJGCJ,8.5,0,7.4,6.1,Not Passed,,
SP2024,SP2024-class 3,35,1905AHDICJ,7.3,3.5,6,6.3,Passed,,
SP2024,SP2024-class 4,1,1905AHCIHE,8,4,5.6,6.9,Passed,,
SP2024,SP2024-class 4,2,1905AEJFCE,0,0,0,0.4,Not Passed,,
SP2024,SP2024-class 4,3,1905AFAAFD,8.5,3.5,5.6,7,Passed,,
SP2024,SP2024-class 4,4,1905AGJCFF,7.5,0.5,5.4,5.8,Passed,,
SP2024,SP2024-class 4,5,1905AHAGFI,9,10,6.6,8.7,Passed,,
SP2024,SP2024-class 4,6,1905AGADAD,8.5,0.5,5.8,6.4,Passed,,
SP2024,SP2024-class 4,7,1905AGJFJA,8.5,3.5,4,6.5,Passed,,
SP2024,SP2024-class 4,8,1905AGBAAF,7.5,8,6,7.6,Passed,,
SP2024,SP2024-class 4,9,1905AGAIJE,7,0.5,6.6,5.9,Passed,,
SP2024,SP2024-class 4,10,1905ADJEGE,8.5,2.5,4.6,6.6,Passed,,
SP2024,SP2024-class 4,11,1905AGJJHF,9,0.5,6,6.5,Passed,,
SP2024,SP2024-class 4,12,1905AGAEGG,0,0,0,0,Attendance Fail,,
SP2024,SP2024-class 4,13,1905AGBJGC,7.5,7,6,7.3,Passed,,
SP2024,SP2024-class 4,14,1905AGCADE,6.5,10,5.2,7.2,Passed,,
SP2024,SP2024-class 4,15,1905ADJDDI,0,0,0,0.9,Attendance Fail,,
SP2024,SP2024-class 4,16,1905AHCBCJ,8,4,4.8,6.7,Passed,,
SP2024,SP2024-class 4,17,1905AGAEAD,8.5,10,4.6,8,Passed,,
SP2024,SP2024-class 4,18,1905AGAGJD,0,0,0,0,Attendance Fail,,
SP2024,SP2024-class 4,19,1905AFBJCG,9,10,7,8.9,Passed,,
SP2024,SP2024-class 4,20,1905AFAAID,0,0,0,0.4,Not Passed,,
SP2024,SP2024-class 4,21,1905AHDJFG,10,10,6.4,9.1,Passed,,
SP2024,SP2024-class 4,22,1905AGBJEG,8,3.5,4.6,6.4,Passed,,
SP2024,SP2024-class 4,23,1905AEJEGE,9,10,6,8.6,Passed,,
SP2024,SP2024-class 4,24,1905AFJJEG,9,4,5.2,7.1,Passed,,
SP2024,SP2024-class 4,25,1905FAIBH,0,0,0,0,Attendance Fail,,
SP2024,SP2024-class 4,26,1905AGJCBA,8,10,6.8,8,Passed,,
SP2024,SP2024-class 4,27,1905AFAEJC,6,1,2.8,4.6,Not Passed,,
SP2024,SP2024-class 4,28,1905AGACAD,0,0,0,0.8,Not Passed,,
SP2024,SP2024-class 4,29,1905AGCEHE,6,10,5.4,6.9,Passed,,
SP2024,SP2024-class 4,30,1905AGBDCA,9,10,4.8,8.3,Passed,,
SP2024,SP2024-class 4,31,1905AGCCID,9,8,6.2,8.2,Passed,,
SP2024,SP2024-class 4,32,1905AFJIHA,7.5,4,6.8,6.7,Passed,,
SP2024,SP2024-class 4,33,1905AGBCEJ,7.5,7,7.8,7.8,Passed,,
SP2024,SP2024-class 5,1,1905AGJDGJ,10,10,8.6,9.6,Passed,,
SP2024,SP2024-class 5,2,1905AGJBHC,7,4,5,6.4,Passed,,
SP2024,SP2024-class 5,3,1905AEJFDB,0,0,0,0,Attendance Fail,,
SP2024,SP2024-class 5,4,1905AHCBHD,9,10,6.8,8.8,Passed,,
SP2024,SP2024-class 5,5,1905AFJFAH,8,0.5,5,6,Passed,,
SP2024,SP2024-class 5,6,1905AGBGGD,8,4,5.8,6.8,Passed,,
SP2024,SP2024-class 5,7,1905AGJDGC,8.5,4,7.4,7.4,Passed,,
SP2024,SP2024-class 5,8,1905AFJBBF,6,7,6.6,6.8,Passed,,
SP2024,SP2024-class 5,9,1905AFAABE,7.5,4,5.6,6.5,Passed,,
SP2024,SP2024-class 5,10,1905AGJDGI,9,10,7.4,8.9,Passed,,
SP2024,SP2024-class 5,11,1905AGBGDD,8,7,6.2,7.3,Passed,,
SP2024,SP2024-class 5,12,1905AGADEA,0,0,0,0,Attendance Fail,,
SP2024,SP2024-class 5,13,1905AGCECE,6,8.5,5.4,6.7,Passed,,
SP2024,SP2024-class 5,14,1905AEJEJI,0,0,0,0,Attendance Fail,,
SP2024,SP2024-class 5,15,1905AEJHCH,7.5,0.5,6,5.9,Passed,,
SP2024,SP2024-class 5,16,1905AFJGEA,7,10,5.2,7.6,Passed,,
SP2024,SP2024-class 5,17,1905AGCBCB,0,0,0,0.4,Attendance Fail,,
SP2024,SP2024-class 5,18,1905AHJDHC,8,4,7,7,Passed,,
SP2024,SP2024-class 5,19,1905AHBIEB,8,10,4.2,7.7,Passed,,
SP2024,SP2024-class 5,20,1905AGCJDB,9,10,8,9,Passed,,
SP2024,SP2024-class 5,21,1905AHAGGJ,8,4,5.4,6.8,Passed,,
SP2024,SP2024-class 5,22,1905AGABJJ,8.5,9.5,4.4,8,Passed,,
SP2024,SP2024-class 5,23,1905AGCDJC,8.5,10,6.2,8.5,Passed,,
SP2024,SP2024-class 5,24,1905AGBGEC,0,0,0,0,Attendance Fail,,
SP2024,SP2024-class 5,25,1905AGJDGA,7,9.5,7.4,7.8,Passed,,
SP2024,SP2024-class 5,26,1905AGJDHI,9,10,6.2,8.6,Passed,,
SP2024,SP2024-class 5,27,1905AGJEFC,0,0,0,0,Attendance Fail,,
SP2024,SP2024-class 5,28,1905AGBDAI,7,4,6.6,6.6,Passed,,
SP2024,SP2024-class 5,29,1905AGCEDA,8,10,6,8.2,Passed,,
SP2024,SP2024-class 5,30,1905AFJCJB,6,7,6.2,6.6,Passed,,
SP2024,SP2024-class 5,31,1905AGJDHH,8.5,10,5,8.2,Passed,,
SP2024,SP2024-class 5,32,1905AGCEGH,8,4,5.4,6.6,Passed,,
SP2024,SP2024-class 5,33,1905AGAHEF,6,7,4.2,6.3,Passed,,
SP2024,SP2024-class 5,34,1905FBJEB,5,10,4.2,6,Passed,,
SP2024,SP2024-class 5,35,1905AEACGF,7,4,4.8,6.1,Passed,,
SP2024,SP2024-class 6,1,0805AHJIJE,6.2,4,6.2,5.9,Passed,,
SP2024,SP2024-class 6,2,1905AGAGDA,7,2,6.8,5.9,Passed,,
SP2024,SP2024-class 6,3,1905AFAGJE,3,10,8.2,5.7,Passed,,
SP2024,SP2024-class 6,4,1905AHAEDG,8,4,6,6.6,Passed,,
SP2024,SP2024-class 6,5,1905AHDEFA,4,0,0,2.5,Is Susspended,,
SP2024,SP2024-class 6,6,1905AGCFGE,8.5,10,7,8.3,Passed,,
SP2024,SP2024-class 6,7,1905AGBDHA,4.5,4,7.2,5.1,Passed,,
SP2024,SP2024-class 6,8,1905AGBFGC,3,3.5,5,3.9,Not Passed,,
SP2024,SP2024-class 6,9,1905AGAIIF,5,4,6.4,5.1,Passed,,
SP2024,SP2024-class 6,10,1905AGBAJF,7,4,5.8,5.9,Passed,,
SP2024,SP2024-class 6,11,1905AFJDBI,9.5,10,7.6,8.7,Passed,,
SP2024,SP2024-class 6,12,1905AGJEEI,8,4,5.6,6.5,Passed,,
SP2024,SP2024-class 6,13,1905AHCECF,4,3.5,5.8,4.5,Not Passed,,
SP2024,SP2024-class 6,14,1905AGJAAF,3,4,5.4,3.9,Not Passed,,
SP2024,SP2024-class 6,15,1905AHDCJG,6,2.5,6.6,5.3,Passed,,
SP2024,SP2024-class 6,16,1905AGJBDE,4.5,0,0,2.8,Not Passed,,
SP2024,SP2024-class 6,17,1901AGJJIH,7,0,6.4,5.4,Not Passed,,
SP2024,SP2024-class 6,18,1905AGBHHI,8.5,1,7.8,6.6,Passed,,
SP2024,SP2024-class 6,19,1905AGAGJJ,8,7,5,7,Passed,,
SP2024,SP2024-class 6,20,1905AGBFJD,4.5,7,5.8,5.3,Passed,,
SP2024,SP2024-class 6,21,1905AGJFJE,8.3,4,4.6,6.4,Passed,,
SP2024,SP2024-class 6,22,1905AHDCFH,8,0,6.2,5.7,Not Passed,,
SP2024,SP2024-class 6,23,1905AHBHDE,8,4,6.2,6.7,Passed,,
SP2024,SP2024-class 6,24,1905AHCHBG,6.5,4,4.4,5.5,Passed,,
SP2024,SP2024-class 6,25,1905AEJBBF,3,0,0,2,Not Passed,,
SP2024,SP2024-class 6,26,1905FBIDH,6.5,7,5.8,6.3,Passed,,
SP2024,SP2024-class 6,27,1905AEACBE,1,0,0,1,Attendance Fail,,
SP2024,SP2024-class 6,28,1905AGCAJF,7,0,4.2,4.9,Not Passed,,
SP2024,SP2024-class 6,29,1905AFJCDC,3,3.5,6.4,4.2,Not Passed,,
SP2024,SP2024-class 6,30,1905AHDCFD,8,7,7,7.3,Passed,,
SP2024,SP2024-class 6,31,1905AGCBJH,3,0,4.6,2.8,Not Passed,,
SP2024,SP2024-class 6,32,1905AGAIIB,8.5,4,6.2,6.9,Passed,,
SP2024,SP2024-class 6,33,1905AGACHB,8,0.5,4,5.5,Passed,,
SP2024,SP2024-class 6,34,1905AGBEGE,4.5,4,7.8,5.2,Passed,,
SP2024,SP2024-class 6,35,1905AGBIBI,7,7,6,6.8,Passed,,
SP2024,SP2024-class 7,1,1905AHJJAF,7,7.5,4.4,7,Passed,,
SP2024,SP2024-class 7,2,1905AGCDDD,7,10,7.4,7.9,Passed,,
SP2024,SP2024-class 7,3,0405AHJBGB,7,10,6.4,7.8,Passed,,
SP2024,SP2024-class 7,4,1905AGBAIG,8,7.5,7,7.9,Passed,,
SP2024,SP2024-class 7,5,1905AFAHBG,9.5,7,5.6,8.2,Passed,,
SP2024,SP2024-class 7,6,1905AGJJAC,6,3.5,6.4,5.9,Passed,,
SP2024,SP2024-class 7,7,1905AGJJCJ,8,2.5,8,7.2,Passed,,
SP2024,SP2024-class 7,8,1905AGBBDJ,6.5,10,4.8,7.1,Passed,,
SP2024,SP2024-class 7,9,1905AGJJDF,7.5,7.5,6.2,7.4,Passed,,
SP2024,SP2024-class 7,10,1905AHCBBA,6,10,5.6,7.2,Passed,,
SP2024,SP2024-class 7,11,1905AHCBDE,6,10,6.8,7.5,Passed,,
SP2024,SP2024-class 7,12,1905AGJJFC,2,0,0,2.4,Not Passed,,
SP2024,SP2024-class 7,13,1905AGAGDE,2,0,0,2.2,Not Passed,,
SP2024,SP2024-class 7,14,1905AGCDAE,0,0,0,0,Attendance Fail,,
SP2024,SP2024-class 7,15,1905AGJJGG,7,10,6.8,7.9,Passed,,
SP2024,SP2024-class 7,16,1905AHDIJJ,7.5,4.5,5.2,6.6,Passed,,
SP2024,SP2024-class 7,17,1905AGJFJG,9,10,5.8,8.6,Passed,,
SP2024,SP2024-class 7,18,1905AGCDEA,7.5,10,8,8.4,Passed,,
SP2024,SP2024-class 7,19,1905AGAGAD,6.5,10,6.4,7.2,Passed,,
SP2024,SP2024-class 7,20,1705AGJBDD,7,10,5.4,7.5,Passed,,
SP2024,SP2024-class 7,21,1905AFJHGF,9.5,3.5,7,7.7,Passed,,
SP2024,SP2024-class 7,22,1905AGACCC,5,5.5,5.2,5.6,Passed,,
SP2024,SP2024-class 7,23,1905AGBBFG,6,3.5,7.8,6.2,Passed,,
SP2024,SP2024-class 7,24,1905AGJEIH,9.5,10,8.4,9.4,Passed,,
SP2024,SP2024-class 7,25,1905AGCDJC,2,3.5,6.6,4.4,Not Passed,,
SP2024,SP2024-class 7,26,1905AGJJGF,7,7,8.2,7.7,Passed,,
SP2024,SP2024-class 7,27,1905AHDCCI,5,10,5.6,6.7,Passed,,
SP2024,SP2024-class 7,28,1905AGAAAC,6,7,7.6,7.1,Passed,,
SP2024,SP2024-class 7,29,1905AGJJDD,8,10,4.6,7.8,Passed,,
SP2024,SP2024-class 7,30,1905AHBCGH,9,7.5,6.2,8.2,Passed,,
SP2024,SP2024-class 7,31,1905AGJCGJ,8.5,7.5,5.2,7.8,Passed,,
SP2024,SP2024-class 7,32,1905AEJDFE,6.5,10,4.6,7.1,Passed,,
SP2024,SP2024-class 7,33,1905AGJJHA,9,10,5.8,8.5,Passed,,
SP2024,SP2024-class 7,34,1905AGJDCD,9.5,7,4.6,7.8,Passed,,
SP2024,SP2024-class 7,35,1905AHCDCI,7,3,6.8,6.2,Passed,,
SP2024,SP2024-class 7,36,1905AHCAGH,7.5,7.5,6.6,7.6,Passed,,
SP2024,SP2024-class 8,1,1905AGJBHB,8.5,3.5,8,7.1,Passed,,
SP2024,SP2024-class 8,2,1905AFAJDE,5,5,5.6,5.6,Passed,,
SP2024,SP2024-class 8,3,1905AGJAAH,7.5,10,7.4,8.1,Passed,,
SP2024,SP2024-class 8,4,1905AGBGGE,5,5,4.2,5.1,Passed,,
SP2024,SP2024-class 8,5,1905AGJCCE,8,0,0,4.6,Not Passed,,
SP2024,SP2024-class 8,6,1905AHAGFI,8.5,0,0,5.2,Not Passed,,
SP2024,SP2024-class 8,7,1905AGJBBF,8.5,1,6,6.3,Passed,,
SP2024,SP2024-class 8,8,1905AGJAEE,8,0.5,5.6,5.7,Passed,,
SP2024,SP2024-class 8,9,1905AGABFE,7.5,0,0,4.6,Not Passed,,
SP2024,SP2024-class 8,10,1905AGBJHJ,0,0.5,0,1.4,Attendance Fail,,
SP2024,SP2024-class 8,11,1905AGJBJB,8.5,2.5,5.6,6.6,Passed,,
SP2024,SP2024-class 8,12,1905AGJBJA,7.5,0,4,5.1,Not Passed,,
SP2024,SP2024-class 8,13,1905AGJAAG,7.5,4.5,8,7.1,Passed,,
SP2024,SP2024-class 8,14,1905AGJAFG,8,0.5,5.8,5.7,Passed,,
SP2024,SP2024-class 8,15,1905AFJDIE,8,0.5,7,6,Passed,,
SP2024,SP2024-class 8,16,1905AGJAGJ,8.5,5,5.8,7.3,Passed,,
SP2024,SP2024-class 8,17,1905AGJBJE,8.5,4.5,6,7.5,Passed,,
SP2024,SP2024-class 8,18,1905AGJADB,0,0,0,1.3,Attendance Fail,,
SP2024,SP2024-class 8,19,1905AGCAJE,8,10,5.2,7.5,Passed,,
SP2024,SP2024-class 8,20,1905AGJEGI,6,3.5,5.4,6,Passed,,
SP2024,SP2024-class 8,21,1905AGBBEC,8,0,0,4.7,Not Passed,,
SP2024,SP2024-class 8,22,1905AGJAGF,7.5,4.5,4,6.1,Passed,,
SP2024,SP2024-class 8,23,1905AGJBDF,8,7.5,6.6,7.9,Passed,,
SP2024,SP2024-class 8,24,1905AGJAGH,8.5,3.5,8.2,7.6,Passed,,
SP2024,SP2024-class 8,25,1905AGJBII,8,3.5,7.8,7.1,Passed,,
SP2024,SP2024-class 8,26,1905AGJAAE,8,5,7.4,7.2,Passed,,
SP2024,SP2024-class 8,27,1905AGJBEF,8,4,6.8,6.9,Passed,,
SP2024,SP2024-class 8,28,1905AGJADD,8,4.5,6.2,6.7,Passed,,
SP2024,SP2024-class 8,29,1905AGJCEA,8,6.5,7,7.7,Passed,,
SP2024,SP2024-class 8,30,1905AGJAIG,8.5,5,6,7.1,Passed,,
SP2024,SP2024-class 8,31,1905AGJADE,7.5,4.5,5.6,6.8,Passed,,
SP2024,SP2024-class 8,32,1905AGJBIJ,9,4.5,7.4,7.8,Passed,,
SP2024,SP2024-class 8,33,1905AGJAFD,8.5,6,6.8,7.8,Passed,,
SP2024,SP2024-class 8,34,1905AGJCJC,7.5,4.5,7.4,7.2,Passed,,
SP2024,SP2024-class 8,35,1905AGJAID,7.5,7,6.8,7.3,Passed,,
SP2024,SP2024-class 8,36,1905AGJABA,7.5,3.5,5.6,6.5,Passed,,
SP2024,SP2024-class 9,1,1905AGBIJF,5,5,5,5.6,Passed,,
SP2024,SP2024-class 9,2,0805AGBJHC,5,3,7.6,5.5,Passed,,
SP2024,SP2024-class 9,3,1905AHAEJB,4,4,7.4,5.1,Passed,,
SP2024,SP2024-class 9,4,1905AHBCAG,5.5,3.5,7.8,6.1,Passed,,
SP2024,SP2024-class 9,5,1905AGJAAF,5,0,0,3.3,Attendance Fail,,
SP2024,SP2024-class 9,6,1905AGCJFJ,6.5,4,7.8,6.4,Passed,,
SP2024,SP2024-class 9,7,1905AEJDHI,0,0,0,1,Attendance Fail,,
SP2024,SP2024-class 9,8,1905AGBAIF,10,4,6,7.3,Passed,,
SP2024,SP2024-class 9,9,1905AGCJGI,7.8,5.5,8,7.5,Passed,,
SP2024,SP2024-class 9,10,1905AGCJBA,6.5,3.5,7.2,6.1,Passed,,
SP2024,SP2024-class 9,11,1905AGJCBC,0,0,0,1,Attendance Fail,,
SP2024,SP2024-class 9,12,1905AGJCBJ,8,4.5,5.6,6.6,Passed,,
SP2024,SP2024-class 9,13,1905AFAEGH,0,0,0,1,Attendance Fail,,
SP2024,SP2024-class 9,14,1905AHBDFI,8,3.5,6.8,6.6,Passed,,
SP2024,SP2024-class 9,15,1905AHCJHE,5.5,7,7.8,6.6,Passed,,
SP2024,SP2024-class 9,16,1905AGJBDJ,0,0,0,1,Attendance Fail,,
SP2024,SP2024-class 9,17,1905AHDGJF,8.3,6,8.2,7.8,Passed,,
SP2024,SP2024-class 9,18,1905AGJCEF,5,10,6.4,6.9,Passed,,
SP2024,SP2024-class 9,19,1905AGJDEH,8,0,0,4.6,Attendance Fail,,
SP2024,SP2024-class 9,20,1905AGCCGG,0,0,0,1,Attendance Fail,,
SP2024,SP2024-class 9,21,1905AGBAEE,8.3,3,6,6.4,Passed,,
SP2024,SP2024-class 9,22,1905AGCBGG,10,4.5,5.2,7.3,Passed,,
SP2024,SP2024-class 9,23,1905AGCBAJ,10,4.5,5.4,8,Passed,,
SP2024,SP2024-class 9,24,1905AHCJHB,8.5,9.5,6,8,Passed,,
SP2024,SP2024-class 9,25,1905AGBBIJ,8.8,0.5,7.8,6.5,Passed,,
SP2024,SP2024-class 9,26,1905AGJDBI,9.5,4.5,6.6,7.5,Passed,,
SP2024,SP2024-class 9,27,1905AGJJGC,0,0,0,1,Attendance Fail,,
SP2024,SP2024-class 9,28,1905AGJBIH,8.3,0,0,4.6,Not Passed,,
SP2024,SP2024-class 9,29,1905AGBBAC,6,7,9,7.2,Passed,,
SP2024,SP2024-class 9,30,1905AFJEFD,5,0,0,3.3,Not Passed,,
SP2024,SP2024-class 9,31,1905AGJCCA,5,3.5,7,5.4,Passed,,
SP2024,SP2024-class 9,32,1905AGAEAH,0,0,0,1,Attendance Fail,,
SP2024,SP2024-class 9,33,1905AFACIH,0,0,0,1,Attendance Fail,,
SP2024,SP2024-class 9,34,1905AGJCJJ,5,4,6.4,5.6,Passed,,
SP2024,SP2024-class 9,35,1905AHJDFC,8.8,7.5,8,8.4,Passed,,
SP2024,SP2024-class 10,1,1905AGJEJE,3,4,8.6,5.2,Passed,,
SP2024,SP2024-class 10,2,1905AGJDGJ,3,4,0,3.8,Not Passed,,
SP2024,SP2024-class 10,3,1905AGJDGF,9,4,8.4,7.8,Passed,,
SP2024,SP2024-class 10,4,1905AGJDIG,3,4,7.2,5.1,Passed,,
SP2024,SP2024-class 10,5,1905AGJDGC,2,3.5,4.2,3.9,Not Passed,,
SP2024,SP2024-class 10,6,1905AGACBF,3,3.5,7.8,5.1,Passed,,
SP2024,SP2024-class 10,7,1905AGJDGI,0,0.5,0,0.7,Not Passed,,
SP2024,SP2024-class 10,8,1905AGJBDC,5.3,6,6.8,6.5,Passed,,
SP2024,SP2024-class 10,9,1905AGJDDI,7,3.5,6.8,6.7,Passed,,
SP2024,SP2024-class 10,10,1905AGJDHB,8,3.5,5.6,6.8,Passed,,
SP2024,SP2024-class 10,11,1905AGJEDG,7,5,7,7,Passed,,
SP2024,SP2024-class 10,12,1905AGJBAF,9,4,6,6.9,Passed,,
SP2024,SP2024-class 10,13,1905AGBEHJ,0,0,0,0.2,Not Passed,,
SP2024,SP2024-class 10,14,1905AGJDCB,2,2.5,0,2.5,Not Passed,,
SP2024,SP2024-class 10,15,1905AGJCBE,3,4.5,7.8,5.1,Passed,,
SP2024,SP2024-class 10,16,1905AGJDFB,3,3.5,7,5,Passed,,
SP2024,SP2024-class 10,17,1905AGJDAF,0,0,0,0,Attendance Fail,,
SP2024,SP2024-class 10,18,1905AGJDHE,3,4.5,8,5.1,Passed,,
SP2024,SP2024-class 10,19,1905AGJDHC,3,4.5,8.6,5,Passed,,
SP2024,SP2024-class 10,20,1905ADJBAA,0,0,0,0,Attendance Fail,,
SP2024,SP2024-class 10,21,1905AGBDAB,9,3,8.8,7.8,Passed,,
SP2024,SP2024-class 10,22,1905AGJJFB,8,7.5,7,7.8,Passed,,
SP2024,SP2024-class 10,23,1905AGJCAB,3,6,8.2,5.8,Passed,,
SP2024,SP2024-class 10,24,1905AGBDAA,0,0,0,0.5,Not Passed,,
SP2024,SP2024-class 10,25,1905AGJDGA,3,0.5,0,2.9,Not Passed,,
SP2024,SP2024-class 10,26,1905AGJDHI,3,0,0,2.6,Not Passed,,
SP2024,SP2024-class 10,27,1905AGBCHA,0,3.5,0,1.1,Not Passed,,
SP2024,SP2024-class 10,28,1905AGCBCC,7,6,6.8,7,Passed,,
SP2024,SP2024-class 10,29,1905ADJADH,6,0,5.2,5.3,Not Passed,,
SP2024,SP2024-class 10,30,1905AGJDDF,3,10,7,6.4,Passed,,
SP2024,SP2024-class 10,31,1905AGBDII,5,6,7.4,6.3,Passed,,
SP2024,SP2024-class 10,32,1905AGJDED,0,0,0,0.5,Not Passed,,
SP2024,SP2024-class 10,33,1905AGBAII,0,4,0,1,Not Passed,,
SP2024,SP2024-class 10,34,1905AGJCGC,3,4.5,7.6,5.1,Passed,,
SP2024,SP2024-class 10,35,1905AGBCII,3,10,8,6.6,Passed,,
SP2024,SP2024-class 11,1,1905AGAJHA,2,0.5,0,2,Not Passed,,
SP2024,SP2024-class 11,2,1905AGAJCC,8.8,5,8.6,8,Passed,,
SP2024,SP2024-class 11,3,1905AGJEDD,8,4.5,5.4,6.8,Passed,,
SP2024,SP2024-class 11,4,0805AGCCJA,7.5,4.5,4.4,6,Passed,,
SP2024,SP2024-class 11,5,1905AGJEFG,10,4,7,8.1,Passed,,
SP2024,SP2024-class 11,6,1905AGJEIJ,10,4,7.8,7.9,Passed,,
SP2024,SP2024-class 11,7,1905AGJFJA,2,2,0,2.7,Attendance Fail,,
SP2024,SP2024-class 11,8,1905AGJEEI,2,0,0,1.9,Attendance Fail,,
SP2024,SP2024-class 11,9,1905AGAJIG,10,10,8,9.2,Passed,,
SP2024,SP2024-class 11,10,1905AHAGDG,8,4,8.2,7.4,Passed,,
SP2024,SP2024-class 11,11,1905AGABAI,8,7,5.8,7.2,Passed,,
SP2024,SP2024-class 11,12,1905AGJEAF,10,7.5,6.8,8.5,Passed,,
SP2024,SP2024-class 11,13,1905AGJEIG,10,7.5,8.2,8.8,Passed,,
SP2024,SP2024-class 11,14,1905AFAFAH,2,4,0,2.4,Attendance Fail,,
SP2024,SP2024-class 11,15,1905AGJECJ,10,10,8,9.1,Passed,,
SP2024,SP2024-class 11,16,1905AGAAEH,8,3.5,6.6,6.5,Passed,,
SP2024,SP2024-class 11,17,1905AGJEAD,10,10,8.6,9.5,Passed,,
SP2024,SP2024-class 11,18,1905AGJEFH,10,3.5,7,7.9,Passed,,
SP2024,SP2024-class 11,19,1905AGAJFI,8.8,4.5,6.8,7.7,Passed,,
SP2024,SP2024-class 11,20,0805AGCJBE,7.5,7,6.2,7,Passed,,
SP2024,SP2024-class 11,21,1905AGBCAI,6.5,0.5,5.2,5,Passed,,
SP2024,SP2024-class 11,22,1905AHDHID,7.5,0,0,4.2,Not Passed,,
SP2024,SP2024-class 11,23,1905AGAAJG,8.8,0.5,7.2,6.6,Passed,,
SP2024,SP2024-class 11,24,1905AGAJIJ,10,6,8.2,8.5,Passed,,
SP2024,SP2024-class 11,25,1905AGJEHG,2,4.5,6,4.6,Not Passed,,
SP2024,SP2024-class 11,26,1905AGJEGB,2,0,0,1.4,Attendance Fail,,
SP2024,SP2024-class 11,27,1905AGJEAJ,10,0.5,5.4,6.4,Passed,,
SP2024,SP2024-class 11,28,1905AGJEDB,2,3.5,4.8,4.1,Not Passed,,
SP2024,SP2024-class 11,29,1905AGCEAG,2,4.5,0,2.8,Attendance Fail,,
SP2024,SP2024-class 11,30,1905AGJEEB,10,9,8.2,9.4,Passed,,
SP2024,SP2024-class 11,31,1905AGJECC,10,7,6.6,8.3,Passed,,
SP2024,SP2024-class 11,32,1905AGJEHI,2,0,0,1.8,Attendance Fail,,
SP2024,SP2024-class 11,33,1905AGJEJF,0,0,0,0.7,Attendance Fail,,
SP2024,SP2024-class 11,34,1905AGJEIC,8.8,3,8.4,7.6,Passed,,
SP2024,SP2024-class 11,35,1905AHDICJ,7.5,0,0,4.2,Not Passed,,
SP2024,SP2024-class 12,1,1905AGCAJG,8,10,6.4,7.4,Passed,,
SP2024,SP2024-class 12,2,1905AGABAG,8,0,4.6,5.6,Not Passed,,
SP2024,SP2024-class 12,3,1905AGABJG,8,3,6,6.8,Passed,,
SP2024,SP2024-class 12,4,1905AGCJIE,10,0,5,5.9,Not Passed,,
SP2024,SP2024-class 12,5,1905AGABAA,8,4,6,7,Passed,,
SP2024,SP2024-class 12,6,1905AGCACF,8,4,6.6,6.2,Passed,,
SP2024,SP2024-class 12,7,1905AHDDCG,10,0.5,6.4,6.8,Passed,,
SP2024,SP2024-class 12,8,1905AGCAGB,9,10,4.2,6.9,Passed,,
SP2024,SP2024-class 12,9,1905AGCAJD,10,10,6.2,8.1,Passed,,
SP2024,SP2024-class 12,10,1905AGJAEF,10,9.5,7.8,9.1,Passed,,
SP2024,SP2024-class 12,11,1905AGCABB,8,10,7,7.5,Passed,,
SP2024,SP2024-class 12,12,1905AGADGD,10,4.5,4.8,7.3,Passed,,
SP2024,SP2024-class 12,13,1905AGABJD,8,4,4.8,6.4,Passed,,
SP2024,SP2024-class 12,14,1905AGJAJG,10,6,7.4,8.3,Passed,,
SP2024,SP2024-class 12,15,1905AHDFEC,9,0,0,5.3,Not Passed,,
SP2024,SP2024-class 12,16,1905AGCCCB,5,1.5,5.2,3.8,Not Passed,,
SP2024,SP2024-class 12,17,1905AGABJA,8,0.5,7,6.2,Passed,,
SP2024,SP2024-class 12,18,1905ADJIBI,0,0,0,0.9,Attendance Fail,,
SP2024,SP2024-class 12,19,1905AGJBEI,10,5,8.2,8.2,Passed,,
SP2024,SP2024-class 12,20,1905AGJAGC,8,4.5,7.4,6.9,Passed,,
SP2024,SP2024-class 12,21,1905ACJEAF,0,0,0,0,Attendance Fail,,
SP2024,SP2024-class 12,22,1905AGBGBE,10,10,8,9,Passed,,
SP2024,SP2024-class 12,23,1905AHCFCJ,5,4,8.2,5.9,Passed,,
SP2024,SP2024-class 12,24,1905AGAAEF,10,10,7.4,8.2,Passed,,
SP2024,SP2024-class 12,25,1905AGJAGE,8,9.5,8,8.3,Passed,,
SP2024,SP2024-class 12,26,1905AGBFHI,8,10,5.4,7.8,Passed,,
SP2024,SP2024-class 12,27,1905AGBGFC,10,10,5.6,8,Passed,,
SP2024,SP2024-class 12,28,1905AFAHBB,5,3,8.8,5.3,Passed,,
SP2024,SP2024-class 12,29,1905AGAHEF,0,0,0,0.5,Attendance Fail,,
SP2024,SP2024-class 12,30,1905AEABHE,5,3,5.4,4.5,Not Passed,,
SP2024,SP2024-class 12,31,1905AGCAED,8,4.5,6.2,6.2,Passed,,
SP2024,SP2024-class 12,32,1905AHDCHF,10,10,4.8,8.6,Passed,,
SP2024,SP2024-class 12,33,1905AGAAEJ,10,10,7.8,9.3,Passed,,
SP2024,SP2024-class 12,34,1905AFBJDH,9,10,7.2,7.8,Passed,,
SP2024,SP2024-class 12,35,1905AGCAJA,8,10,6,7.9,Passed,,
SP2024,SP2024-class 13,1,1905AGAGDA,5,0,0,3.5,Not Passed,,
SP2024,SP2024-class 13,2,1905AFAGJE,0,0,0,1,Attendance Fail,,
SP2024,SP2024-class 13,3,1905AGAEIJ,5.8,4.5,7.6,6.3,Passed,,
SP2024,SP2024-class 13,4,1905AGAEFF,5,0.5,8.6,5.3,Passed,,
SP2024,SP2024-class 13,5,1905AGAEHH,5,3,5,5.3,Passed,,
SP2024,SP2024-class 13,6,1905AGAFBB,5,2.5,7.6,5.6,Passed,,
SP2024,SP2024-class 13,7,1905AGAFIE,5.8,0,8,5.5,Not Passed,,
SP2024,SP2024-class 13,8,1905AGAGDD,5,0,0,3.6,Not Passed,,
SP2024,SP2024-class 13,9,1905AGAIAF,7.3,7,6.4,7.4,Passed,,
SP2024,SP2024-class 13,10,1905AGAGBA,7,10,5.8,7.5,Passed,,
SP2024,SP2024-class 13,11,1905AGAFDI,5,4.5,5.4,5.6,Passed,,
SP2024,SP2024-class 13,12,1905AGADBB,5.5,10,7,7.3,Passed,,
SP2024,SP2024-class 13,13,1905AGAGJJ,5,0,4.8,4.4,Not Passed,,
SP2024,SP2024-class 13,14,1905AGADFG,5,0,0,3.6,Not Passed,,
SP2024,SP2024-class 13,15,1905AGAEAB,6,10,5.8,7.1,Passed,,
SP2024,SP2024-class 13,16,1905AGADFH,6,10,7,7.4,Passed,,
SP2024,SP2024-class 13,17,1905AGAEAC,6.5,3.5,8.8,6.5,Passed,,
SP2024,SP2024-class 13,18,1905AGADAA,5,4.5,6.4,5.7,Passed,,
SP2024,SP2024-class 13,19,1905AGCBHC,5.8,3.5,5.4,5.8,Passed,,
SP2024,SP2024-class 13,20,1905AGAEAD,0,0,0,1,Attendance Fail,,
SP2024,SP2024-class 13,21,1905AGADCC,6,3.5,8.6,6.5,Passed,,
SP2024,SP2024-class 13,22,1905AGAFJD,5.5,4.5,7.8,6.4,Passed,,
SP2024,SP2024-class 13,23,1905AGADDE,5.3,3.5,7.6,5.9,Passed,,
SP2024,SP2024-class 13,24,1905AGAGAI,5.3,7.5,7.6,6.7,Passed,,
SP2024,SP2024-class 13,25,1905AGAEGD,6,4,8.4,6.7,Passed,,
SP2024,SP2024-class 13,26,1905AGAEEJ,7,3.5,9.2,7,Passed,,
SP2024,SP2024-class 13,27,1905AGAIIB,5,0,0,3.2,Attendance Fail,,
SP2024,SP2024-class 13,28,1905AGAGAF,5.8,4.5,6.2,5.8,Passed,,
SP2024,SP2024-class 13,29,1905AGBGIA,0,0,0,1.3,Attendance Fail,,
SP2024,SP2024-class 13,30,1905AGCBHD,5.3,8,6.2,6.5,Passed,,
SP2024,SP2024-class 13,31,1905AGADIE,5.3,4.5,5,5.6,Passed,,
SP2024,SP2024-class 13,32,1905AGAGDC,5,4.5,5.4,5.3,Passed,,
SP2024,SP2024-class 13,33,1905AGAFGE,5,2,7.2,5.4,Passed,,
SP2024,SP2024-class 13,34,1905AGAGDF,5.3,10,7.8,7.7,Passed,,
SP2024,SP2024-class 13,35,1905AGAGBH,5.3,3,8.2,6,Passed,,
SP2024,SP2024-class 14,1,1905AGACCE,3,10,5.8,5.6,Passed,,
SP2024,SP2024-class 14,2,1905AGAHGC,4,4.5,6.4,5.2,Passed,,
SP2024,SP2024-class 14,3,1905AFJBBF,1,0,0,0.6,Attendance Fail,,
SP2024,SP2024-class 14,4,1905AGCFDI,5,6,4.8,5.5,Passed,,
SP2024,SP2024-class 14,5,1905AFAJAG,1,0,0,0.6,Attendance Fail,,
SP2024,SP2024-class 14,6,1905AGBIDE,8,10,6.4,8,Passed,,
SP2024,SP2024-class 14,7,1905AFAEBA,1,0,0,0.6,Attendance Fail,,
SP2024,SP2024-class 14,8,1905AEJBBF,0,0,0,0.2,Attendance Fail,,
SP2024,SP2024-class 14,9,1905AGAHEG,9,4,7.4,7.4,Passed,,
SP2024,SP2024-class 14,10,1905AGBAHG,10,5,6,7.6,Passed,,
SP2024,SP2024-class 14,11,1905AEACEJ,5,3.5,5.8,5.1,Passed,,
SP2024,SP2024-class 14,12,1905AGAHIH,9,4.5,6.8,7.3,Passed,,
SP2024,SP2024-class 14,13,1905AGAHBF,10,7,5,7.9,Passed,,
SP2024,SP2024-class 14,14,1905AFAAID,1,0,0,0.6,Attendance Fail,,
SP2024,SP2024-class 14,15,1905AGAHCJ,10,7.5,5.4,8.2,Passed,,
SP2024,SP2024-class 14,16,1905AGACBB,1,0,0,0.6,Attendance Fail,,
SP2024,SP2024-class 14,17,1905AFJDBE,3,0,0,2.1,Not Passed,,
SP2024,SP2024-class 14,18,1905FAIBH,0,0,0,0,Attendance Fail,,
SP2024,SP2024-class 14,19,1905AGAGGD,1,0,0,0.6,Attendance Fail,,
SP2024,SP2024-class 14,20,1905AFJDJB,3,4.5,7.4,4.9,Not Passed,,
SP2024,SP2024-class 14,21,1905AGJEFC,1,0,0,0.6,Attendance Fail,,
SP2024,SP2024-class 14,22,1905AGAFAA,10,4.5,4.2,6.6,Passed,,
SP2024,SP2024-class 14,23,1905AGAGFC,10,7,6.4,8.1,Passed,,
SP2024,SP2024-class 14,24,1905AGAHBJ,10,4.5,5.4,7.5,Passed,,
SP2024,SP2024-class 14,25,1905AHDIHI,8,4.5,7.6,6.8,Passed,,
SP2024,SP2024-class 14,26,1905AFJCJB,1,0,0,0.6,Attendance Fail,,
SP2024,SP2024-class 14,27,1905AGAGHG,10,10,7.2,9.1,Passed,,
SP2024,SP2024-class 14,28,1905AGACHB,3,0,0,2.1,Attendance Fail,,
SP2024,SP2024-class 14,29,1905AGJDHH,1,0,0,0.6,Attendance Fail,,
SP2024,SP2024-class 14,30,1905AEABDH,3,3.5,5,4,Not Passed,,
SP2024,SP2024-class 14,31,1905AEJCFG,3,0,0,2.1,Attendance Fail,,
SP2024,SP2024-class 14,32,1905FBJEB,0,0,0,0,Attendance Fail,,
SP2024,SP2024-class 14,33,1905AEADGA,1,0,0,0.6,Not Passed,,
SP2024,SP2024-class 14,34,1905AEAEAH,1,0,0,0.6,Attendance Fail,,
SP2024,SP2024-class 14,35,1905AFAHFG,1,0,0,0.6,Attendance Fail,,
SP2024,SP2024-class 15,1,1905AGJEGA,9.8,10,6.8,9.3,Passed,,
SP2024,SP2024-class 15,2,1905AGBACF,10,9,7.2,8.9,Passed,,
SP2024,SP2024-class 15,3,1905AGBJBJ,1,10,8.2,5.8,Passed,,
SP2024,SP2024-class 15,4,1905AGBJHH,10,6,7.8,8.6,Passed,,
SP2024,SP2024-class 15,5,1905AHBCAA,6.5,4,6.4,6.4,Passed,,
SP2024,SP2024-class 15,6,1905AHBBGC,6.5,4,4.8,5.9,Passed,,
SP2024,SP2024-class 15,7,1905AGBGGD,2,0,0,1.9,Not Passed,,
SP2024,SP2024-class 15,8,1905AHBAGB,6.5,2,5.6,5.5,Passed,,
SP2024,SP2024-class 15,9,1905AGBACA,8.8,0.5,8,6.7,Passed,,
SP2024,SP2024-class 15,10,1905AGABBI,9.8,2.5,8.2,7.8,Passed,,
SP2024,SP2024-class 15,11,1905AGBAJF,8.8,0,4.8,5.9,Not Passed,,
SP2024,SP2024-class 15,12,1905AHCCAA,10,4,8.2,8.2,Passed,,
SP2024,SP2024-class 15,13,1905AGBJDF,10,5,6.6,8.1,Passed,,
SP2024,SP2024-class 15,14,1905AGBHHI,4.5,0,0,3.3,Not Passed,,
SP2024,SP2024-class 15,15,1905AGBAGG,8.5,4,6.2,7.1,Passed,,
SP2024,SP2024-class 15,16,1905AGADEA,0,0,0,0.8,Attendance Fail,,
SP2024,SP2024-class 15,17,1905AGBJIA,10,4,8,8.2,Passed,,
SP2024,SP2024-class 15,18,1905AGBJGI,2,4.5,7.2,4.6,Not Passed,,
SP2024,SP2024-class 15,19,1905AGBBAD,4.5,0,4,4,Not Passed,,
SP2024,SP2024-class 15,20,1905AGBACJ,8.8,4.5,5.6,6.8,Passed,,
SP2024,SP2024-class 15,21,1905AHBCAE,10,10,5.2,8.5,Passed,,
SP2024,SP2024-class 15,22,1905AGBJAE,4.5,3.5,7.2,5.5,Passed,,
SP2024,SP2024-class 15,23,1905AGBGGG,2,0,0,1.9,Not Passed,,
SP2024,SP2024-class 15,24,1905AGBJEG,2,4.5,0,3.3,Not Passed,,
SP2024,SP2024-class 15,25,1905AGCGAB,10,6,8.2,8.6,Passed,,
SP2024,SP2024-class 15,26,1905AGJDBD,6.5,9.5,4.6,6.7,Passed,,
SP2024,SP2024-class 15,27,1905AGBJBD,2,0,4,2.9,Not Passed,,
SP2024,SP2024-class 15,28,1905AGBJCI,2,3.5,4.8,3.9,Not Passed,,
SP2024,SP2024-class 15,29,1905AGBAFC,2,0,0,1.6,Not Passed,,
SP2024,SP2024-class 15,30,1905AGBADE,0,0,0,0.3,Attendance Fail,,
SP2024,SP2024-class 15,31,1905AGBJIE,2,4,5.2,3.8,Not Passed,,
SP2024,SP2024-class 15,32,1905AHCCCE,10,3,8.2,7.9,Passed,,
SP2024,SP2024-class 15,33,1905AGABFD,9.8,4.5,7.4,8.2,Passed,,
SP2024,SP2024-class 15,34,1905AGBAJD,10,7,6.6,8.4,Passed,,
SP2024,SP2024-class 15,35,1905AGBAGF,4.5,10,6.8,6.3,Passed,,
SP2024,SP2024-class 16,1,1905AFJCGH,5,0,0,3.1,Attendance Fail,,
SP2024,SP2024-class 16,2,1905AHBCIH,8.3,4,5,6.4,Passed,,
SP2024,SP2024-class 16,3,1905AGBCDI,5.5,4,6.4,5.5,Passed,,
SP2024,SP2024-class 16,4,1905AHAEDG,5,0.5,0,3.3,Not Passed,,
SP2024,SP2024-class 16,5,1905AGJBIG,8.3,10,7.6,8.2,Passed,,
SP2024,SP2024-class 16,6,1905AHJDEH,8.5,3,4.4,6.1,Not Passed,,
SP2024,SP2024-class 16,7,1905AGBJFG,9,9.5,6,8.2,Passed,,
SP2024,SP2024-class 16,8,1905AGBBIG,8,4.5,4.8,6.4,Passed,,
SP2024,SP2024-class 16,9,1905AGBCHJ,5,0,6.8,4.7,Not Passed,,
SP2024,SP2024-class 16,10,1905AFJDIH,5,4,6.2,5.4,Passed,,
SP2024,SP2024-class 16,11,1905AGBCDE,8.5,4.5,5,6.8,Passed,,
SP2024,SP2024-class 16,12,1905AGBDIJ,5.3,0.5,8.6,5.4,Passed,,
SP2024,SP2024-class 16,13,1905AHJCGB,5,4.5,5.6,5.7,Passed,,
SP2024,SP2024-class 16,14,1905AGBDBA,5,3.5,6.4,5.4,Passed,,
SP2024,SP2024-class 16,15,1905AGBCEI,9.3,10,7.2,8.6,Passed,,
SP2024,SP2024-class 16,16,1905AGBBEI,5,4.5,5.6,5.6,Passed,,
SP2024,SP2024-class 16,17,1905AGBCDJ,5.3,0.5,3.8,4.1,Not Passed,,
SP2024,SP2024-class 16,18,1905AGBCHH,5.8,4.5,6.4,6.1,Passed,,
SP2024,SP2024-class 16,19,1905AHBHIA,9.5,7,7,8,Passed,,
SP2024,SP2024-class 16,20,1905AHCBCJ,8,0,0,4.5,Not Passed,,
SP2024,SP2024-class 16,21,1905AGBBHC,5,0,3.8,4.2,Not Passed,,
SP2024,SP2024-class 16,22,1905AGJBIB,6.3,6.5,7.8,6.7,Passed,,
SP2024,SP2024-class 16,23,1905AGBCID,8,3.5,6.2,6.8,Passed,,
SP2024,SP2024-class 16,24,1905AHJDBF,5.5,4,7.4,6,Passed,,
SP2024,SP2024-class 16,25,1905AGJDGG,9,4,8.4,7.6,Passed,,
SP2024,SP2024-class 16,26,1905AGBCHD,5.8,3.5,5.8,5.4,Passed,,
SP2024,SP2024-class 16,27,1905AHBCBH,5,10,8,7.1,Passed,,
SP2024,SP2024-class 16,28,1905AGAIDJ,5.8,10,5.6,6.7,Passed,,
SP2024,SP2024-class 16,29,1905AGJCBA,8.5,0,0,4.7,Not Passed,,
SP2024,SP2024-class 16,30,1905AGAEHE,8.3,3.5,5.6,6.4,Passed,,
SP2024,SP2024-class 16,31,1905AFAFCJ,0,0,0,1,Attendance Fail,,
SP2024,SP2024-class 16,32,1905AGBDJF,5.3,7,7.8,6.4,Passed,,
SP2024,SP2024-class 16,33,1905AGBCEJ,9,0,0,5,Not Passed,,
SP2024,SP2024-class 16,34,1905AGBCIB,9.3,7,7.6,7.9,Passed,,
SP2024,SP2024-class 17,1,1905AGBDFD,5,4.5,4.6,5.2,Passed,,
SP2024,SP2024-class 17,2,1905AGBEJH,5.8,3.5,7.2,6,Passed,,
SP2024,SP2024-class 17,3,1905AGBFEA,5.3,0,0,3.8,Not Passed,,
SP2024,SP2024-class 17,4,1905AGCJHA,9.8,9,7.8,8.9,Passed,,
SP2024,SP2024-class 17,5,1905AGCJFI,3,7.5,6.2,5.3,Passed,,
SP2024,SP2024-class 17,6,1905AGBDHA,4,0,0,2.9,Not Passed,,
SP2024,SP2024-class 17,7,1905AGBDGA,0,0,0,1.2,Attendance Fail,,
SP2024,SP2024-class 17,8,1905AGBDGB,0,0,0,1,Attendance Fail,,
SP2024,SP2024-class 17,9,1905AFAABE,1,4,0,2.6,Not Passed,,
SP2024,SP2024-class 17,10,1905AFABIH,0,0,0,1.2,Attendance Fail,,
SP2024,SP2024-class 17,11,1905AGBDHF,8.8,9,5.4,7.9,Passed,,
SP2024,SP2024-class 17,12,1905AGBEJD,5.5,4,7,5.9,Passed,,
SP2024,SP2024-class 17,13,1905AGAGEA,0,0,0,1,Attendance Fail,,
SP2024,SP2024-class 17,14,1905AGBFJD,0,0,0,1,Attendance Fail,,
SP2024,SP2024-class 17,15,1905AGACGJ,5,4.5,5.6,5.3,Passed,,
SP2024,SP2024-class 17,16,1905AGBEDD,0,0,0,1,Attendance Fail,,
SP2024,SP2024-class 17,17,1905AGBEIG,5.5,6.5,6,6.4,Passed,,
SP2024,SP2024-class 17,18,1905AGBEDC,5,4,5.4,5.4,Passed,,
SP2024,SP2024-class 17,19,1905AGBEAE,0,0,0,1.3,Attendance Fail,,
SP2024,SP2024-class 17,20,1905AGBFED,8.5,5,7.4,7.3,Passed,,
SP2024,SP2024-class 17,21,1905AHJDCB,10,3.5,7.2,7.7,Passed,,
SP2024,SP2024-class 17,22,1905AGCAFH,0,0,0,1.3,Not Passed,,
SP2024,SP2024-class 17,23,1905AGBEIJ,8,7,6,7.3,Passed,,
SP2024,SP2024-class 17,24,1905AGBEGJ,5,2,7,5.5,Passed,,
SP2024,SP2024-class 17,25,1905AFAADF,5,7,6.8,6.4,Passed,,
SP2024,SP2024-class 17,26,1905AGBFAD,5,10,7.4,6.7,Passed,,
SP2024,SP2024-class 17,27,1905AFJIAD,5.3,4.5,6.4,5.6,Passed,,
SP2024,SP2024-class 17,28,1905AGCFJA,1,2,0,2.2,Not Passed,,
SP2024,SP2024-class 17,29,1905AGBIIJ,1,0,0,2,Not Passed,,
SP2024,SP2024-class 17,30,1905AGBEGE,0,0,0,1,Attendance Fail,,
SP2024,SP2024-class 17,31,1905AGBDCA,1,0,0,1.5,Not Passed,,
SP2024,SP2024-class 17,32,1905AGBFAJ,5,3.5,7.4,5.5,Passed,,
SP2024,SP2024-class 17,33,1905AGBEAH,0,0,0,1,Attendance Fail,,
SP2024,SP2024-class 17,34,1905AGCJCI,10,7,8.2,8.9,Passed,,
SP2024,SP2024-class 17,35,1905AGBEEE,5,7,7.2,6.4,Passed,,
SP2024,SP2024-class 18,1,1905AEJFDB,0,0,0,0,Attendance Fail,,
SP2024,SP2024-class 18,2,1905AGBFAF,10,7.5,6.4,8.4,Passed,,
SP2024,SP2024-class 18,3,1905AGAHBG,7.5,4,6.6,6.9,Passed,,
SP2024,SP2024-class 18,4,1905AGBFDE,7,3,7.2,6.1,Passed,,
SP2024,SP2024-class 18,5,1905AGBHEE,0.3,4,0,2.6,Not Passed,,
SP2024,SP2024-class 18,6,1905AGJJGJ,0,0,0,1.3,Not Passed,,
SP2024,SP2024-class 18,7,1905AGBGCB,10,6,7.8,8.4,Passed,,
SP2024,SP2024-class 18,8,1905AFJBHA,0,0,0,0,Attendance Fail,,
SP2024,SP2024-class 18,9,1905AFAHHD,8,10,5.4,7.1,Passed,,
SP2024,SP2024-class 18,10,1905AGBIBG,9.5,10,7.4,8.7,Passed,,
SP2024,SP2024-class 18,11,1905AGBGIJ,10,1.5,5,6.8,Passed,,
SP2024,SP2024-class 18,12,1905AGCFGE,10,0,7.2,7,Not Passed,,
SP2024,SP2024-class 18,13,1905AGBGFJ,10,5,6.4,7.6,Passed,,
SP2024,SP2024-class 18,14,1905AGCDHD,5.5,10,5.6,7,Passed,,
SP2024,SP2024-class 18,15,1905AGBFGC,0,0,0,0.8,Attendance Fail,,
SP2024,SP2024-class 18,16,1905AHDCJG,7,0,0,4.1,Not Passed,,
SP2024,SP2024-class 18,17,1905AFAEAG,0,0,0,0,Attendance Fail,,
SP2024,SP2024-class 18,18,1905AGCJFD,3.5,3.5,4.2,3.7,Not Passed,,
SP2024,SP2024-class 18,19,1905AGBHDE,10,4.5,7.4,7.9,Passed,,
SP2024,SP2024-class 18,20,1905AGJCCC,10,7.5,7.6,8.7,Passed,,
SP2024,SP2024-class 18,21,1905AGBHHC,10,2.5,8.6,7.9,Passed,,
SP2024,SP2024-class 18,22,1905AGBEBH,7.5,5,6.6,6.8,Passed,,
SP2024,SP2024-class 18,23,1905AGBHCG,9,4,5.6,6.8,Passed,,
SP2024,SP2024-class 18,24,1905AGAIAA,0,0,0,0,Attendance Fail,,
SP2024,SP2024-class 18,25,1905AFAICJ,7.5,2,4.6,5.6,Passed,,
SP2024,SP2024-class 18,26,1905AFAGBH,3.5,0,0,2.9,Not Passed,,
SP2024,SP2024-class 18,27,1905AEJIBJ,5,4.5,7.2,5.2,Passed,,
SP2024,SP2024-class 18,28,1905AGBHFE,10,7.5,7.2,8.6,Passed,,
SP2024,SP2024-class 18,29,1905AHCCGD,8,0,5.2,5.5,Not Passed,,
SP2024,SP2024-class 18,30,0305AGBJCH,7,4.5,4.4,5.9,Passed,,
SP2024,SP2024-class 18,31,1905AFJIGC,7,0,0,4.2,Not Passed,,
SP2024,SP2024-class 18,32,1905AFJICD,6,0,0,3.2,Not Passed,,
SP2024,SP2024-class 18,33,1905AGBHCI,10,3.5,6.4,7.5,Passed,,
SP2024,SP2024-class 18,34,1905AGJCDE,10,10,8.6,9.6,Passed,,
SP2024,SP2024-class 18,35,1905AGBFEI,10,2,5.4,6.7,Passed,,
SP2024,SP2024-class 18,36,1905AGBBAI,10,4,4.2,7,Passed,,
SP2024,SP2024-class 19,1,1905AHCFAJ,10,10,8.2,9.2,Passed,,
SP2024,SP2024-class 19,2,1905AGBIAD,5,3.5,7.4,5.5,Passed,,
SP2024,SP2024-class 19,3,1905ADAJCJ,0,0,0,0,Attendance Fail,,
SP2024,SP2024-class 19,4,1905AGJJEI,5,4,6,5.4,Passed,,
SP2024,SP2024-class 19,5,1905AGCJIJ,5,3.5,5.6,5,Passed,,
SP2024,SP2024-class 19,6,1905AGCJDF,5,4.5,6,5.7,Passed,,
SP2024,SP2024-class 19,7,1905AGBIBF,5,0.5,8.2,5,Passed,,
SP2024,SP2024-class 19,8,1905AGCJDJ,10,4,8.4,7.9,Passed,,
SP2024,SP2024-class 19,9,1905AGBIJG,10,7,7.6,8.6,Passed,,
SP2024,SP2024-class 19,10,1905AGCJHI,5,0.3,7.8,4.8,Not Passed,,
SP2024,SP2024-class 19,11,1905AFAFCB,5,7.5,5,5.3,Passed,,
SP2024,SP2024-class 19,12,1905AGCEFH,0,0,0,0,Attendance Fail,,
SP2024,SP2024-class 19,13,1905AHCICB,10,10,8.8,9.6,Passed,,
SP2024,SP2024-class 19,14,1905AFADJA,0,0,0,0,Attendance Fail,,
SP2024,SP2024-class 19,15,1905AGBIHD,10,4.5,7.4,7.9,Passed,,
SP2024,SP2024-class 19,16,1905AGCBDI,5,3.5,6.2,5.3,Passed,,
SP2024,SP2024-class 19,17,1905AGBIDA,5,0,0,3,Not Passed,,
SP2024,SP2024-class 19,18,1905AFADJH,5,4.5,8.6,5.5,Passed,,
SP2024,SP2024-class 19,19,1905AGCJBH,5,0,0,2.7,Not Passed,,
SP2024,SP2024-class 19,20,1905AFAGBD,3,4,6.6,4.9,Not Passed,,
SP2024,SP2024-class 19,21,1905AEACFB,0,0,0,0,Attendance Fail,,
SP2024,SP2024-class 19,22,1905FAFCG,0,0,0,0.6,Not Passed,,
SP2024,SP2024-class 19,23,1905AGBDGJ,5,0,7,4.9,Not Passed,,
SP2024,SP2024-class 19,24,1705AGJBJA,10,3.5,6.2,7.1,Passed,,
SP2024,SP2024-class 19,25,1905AGBHAJ,10,4,7.2,7.1,Passed,,
SP2024,SP2024-class 19,26,1905AHCIHJ,10,7,7.4,8.5,Passed,,
SP2024,SP2024-class 19,27,1905AGCDJG,6,0,6.6,5.3,Not Passed,,
SP2024,SP2024-class 19,28,1905AGCJAF,5,10,7.6,6.4,Passed,,
SP2024,SP2024-class 19,29,1905AEAJAE,0,0,0,0,Attendance Fail,,
SP2024,SP2024-class 19,30,1905AGAIAJ,10,10,7,9,Passed,,
SP2024,SP2024-class 19,31,1905AFJIGI,5,0,0,2.6,Not Passed,,
SP2024,SP2024-class 19,32,1905AGBIAC,5,2,8,5.3,Passed,,
SP2024,SP2024-class 19,33,1905AGCEHE,5,0,0,3.2,Attendance Fail,,
SP2024,SP2024-class 19,34,1905AGAIDA,5,3,8.2,5.3,Passed,,
SP2024,SP2024-class 19,35,1905AGBIBI,9,0,0,4.7,Not Passed,,
SP2024,SP2024-class 20,1,1905AGCBJG,0,0,0,1.3,Attendance Fail,,
SP2024,SP2024-class 20,2,1905AHAHAH,5.8,7,6.8,6.5,Passed,,
SP2024,SP2024-class 20,3,1905AGJJIE,5.3,7.5,7.2,6.7,Passed,,
SP2024,SP2024-class 20,4,1905AGCAID,5.3,3.5,7.8,5.9,Passed,,
SP2024,SP2024-class 20,5,1905AGCEJA,5.8,10,7,7.2,Passed,,
SP2024,SP2024-class 20,6,1905AGCBBH,5,9.5,6.4,6.9,Passed,,
SP2024,SP2024-class 20,7,1905AGCAGI,5.8,4,6.4,6,Passed,,
SP2024,SP2024-class 20,8,1905AGCAEB,5.3,2,7.2,5.5,Passed,,
SP2024,SP2024-class 20,9,1905AGAIAC,0,0,0,1,Attendance Fail,,
SP2024,SP2024-class 20,10,1905AGAGED,5.3,0,0,3.5,Attendance Fail,,
SP2024,SP2024-class 20,11,1905AGCAFI,5.3,7.5,8,6.9,Passed,,
SP2024,SP2024-class 20,12,1905AGAECF,0,0,0,1.2,Attendance Fail,,
SP2024,SP2024-class 20,13,1905AGCAIJ,10,7,8.2,8.5,Passed,,
SP2024,SP2024-class 20,14,1905AGCAEE,5.5,10,7.8,7.4,Passed,,
SP2024,SP2024-class 20,15,1905AGCAAJ,5,0,0,3.2,Not Passed,,
SP2024,SP2024-class 20,16,1905AGCBBD,8.8,4.5,7.4,7.3,Passed,,
SP2024,SP2024-class 20,17,1905AGJCJB,5,7.5,7.6,6.6,Passed,,
SP2024,SP2024-class 20,18,1919AEJCCA,5,8.5,6.4,6.4,Passed,,
SP2024,SP2024-class 20,19,1905AGCAGC,5.3,7.5,5.4,6.2,Passed,,
SP2024,SP2024-class 20,20,1905AGBECA,5.3,10,8.4,7.3,Passed,,
SP2024,SP2024-class 20,21,1905AHCAAJ,5,7,4,5.8,Passed,,
SP2024,SP2024-class 20,22,1905AHJBEF,5,0,5.2,4.6,Not Passed,,
SP2024,SP2024-class 20,23,1905AGCAGE,0,0,8.8,3.6,Not Passed,,
SP2024,SP2024-class 20,24,1905AGCCAC,0,0,0,1.4,Attendance Fail,,
SP2024,SP2024-class 20,25,1905AGCAFD,5,7,5.2,6.1,Passed,,
SP2024,SP2024-class 20,26,1905AGAFAC,0,0,0,1.4,Not Passed,,
SP2024,SP2024-class 20,27,1905AHCJHI,5.3,4.5,4.8,5.6,Passed,,
SP2024,SP2024-class 20,28,1905AGCAGA,9,4,7.8,7.5,Passed,,
SP2024,SP2024-class 20,29,1905AGAEHI,10,4,5.6,7.3,Passed,,
SP2024,SP2024-class 20,30,1905AGADDC,5,4,7.4,5.6,Passed,,
SP2024,SP2024-class 20,31,1905AGCAIA,5,4.5,6.6,6,Passed,,
SP2024,SP2024-class 20,32,1905AGJEGC,8,2,6.4,6.2,Passed,,
SP2024,SP2024-class 20,33,1905AGCAEI,5,0.5,6.6,5,Passed,,
SP2024,SP2024-class 20,34,1905AGCABE,5,7,6.8,6.6,Passed,,
SP2024,SP2024-class 20,35,1905AGCBBC,5.3,4.5,6,5.6,Passed,,
SP2024,SP2024-class 21,1,1905AGCBIG,7,4,4.8,6.1,Passed,,
SP2024,SP2024-class 21,2,1905AGCCGF,4,2,7,5,Passed,,
SP2024,SP2024-class 21,3,1905AEJFCE,0,0,0,0.1,Attendance Fail,,
SP2024,SP2024-class 21,4,1905ADJEAC,0,0,0,0.1,Attendance Fail,,
SP2024,SP2024-class 21,5,1905AGCCAE,8,10,7.2,8.6,Passed,,
SP2024,SP2024-class 21,6,1905AGAABA,6,0,5.8,5.6,Not Passed,,
SP2024,SP2024-class 21,7,1905AGAGGB,3,3.5,8,5.3,Passed,,
SP2024,SP2024-class 21,8,1905AFJDBI,0,6,6.8,3.5,Not Passed,,
SP2024,SP2024-class 21,9,1905AGCCDD,5,3.5,8.4,6.2,Passed,,
SP2024,SP2024-class 21,10,1905AFACGE,0,0,0,0,Attendance Fail,,
SP2024,SP2024-class 21,11,1905AGCDBA,2,0,0,1.9,Not Passed,,
SP2024,SP2024-class 21,12,1905AGCBHB,9,7,6.6,8.1,Passed,,
SP2024,SP2024-class 21,13,1905AGBCCJ,2,0.5,8.2,4.3,Not Passed,,
SP2024,SP2024-class 21,14,1905AHCEHB,0,0,0,0.3,Not Passed,,
SP2024,SP2024-class 21,15,1905AGCCGD,2,0,3.8,2.6,Not Passed,,
SP2024,SP2024-class 21,16,1905AFAIJF,0,0,0,0.4,Attendance Fail,,
SP2024,SP2024-class 21,17,1905AGADBG,0,0,0,0,Attendance Fail,,
SP2024,SP2024-class 21,18,1905AGCDBJ,2,4.5,6.4,4.4,Not Passed,,
SP2024,SP2024-class 21,19,1905AGAEFH,2,3.5,5.4,3.5,Not Passed,,
SP2024,SP2024-class 21,20,1905AGAABI,10,6.5,8.2,8.9,Passed,,
SP2024,SP2024-class 21,21,1905AGCCFE,6,5,7.8,6.9,Passed,,
SP2024,SP2024-class 21,22,1905AGCADE,0,0,0,0,Not Passed,,
SP2024,SP2024-class 21,23,1905AFJEHJ,3,10,7,6.3,Passed,,
SP2024,SP2024-class 21,24,1905AGBCCB,8,10,7.2,8.6,Passed,,
SP2024,SP2024-class 21,25,1905AHCAFA,6,10,7.4,7.1,Passed,,
SP2024,SP2024-class 21,26,1905AGCCFI,3,4.5,7.4,5.4,Passed,,
SP2024,SP2024-class 21,27,1905AGACBJ,3,5.5,5.4,5.2,Passed,,
SP2024,SP2024-class 21,28,1905AGABAH,2,3.5,3,3.9,Is Susspended,,
SP2024,SP2024-class 21,29,1905ACJBFH,0,0,0,0.4,Attendance Fail,,
SP2024,SP2024-class 21,30,1905AGBCAC,8,4,8,7.6,Passed,,
SP2024,SP2024-class 21,31,1905AGCEDG,3,2,7.8,4.9,Not Passed,,
SP2024,SP2024-class 21,32,1905AGBCJF,7,4,7.6,7.1,Passed,,
SP2024,SP2024-class 21,33,1905AGCDBF,2,4,8,4.6,Not Passed,,
SP2024,SP2024-class 21,34,1905AGBDCD,6,7,4,6.6,Passed,,
SP2024,SP2024-class 21,35,1905FADCJ,0,0,0,0,Attendance Fail,,
SP2024,SP2024-class 21,36,1905AGCDBH,2,4.5,6,4.3,Not Passed,,
SP2024,SP2024-class 22,1,1905AGCEBF,5,9.5,7,6.9,Passed,,
SP2024,SP2024-class 22,2,1905AHBIGB,7,7,6,7.1,Passed,,
SP2024,SP2024-class 22,3,1905AGCEDE,0,0,0,1,Attendance Fail,,
SP2024,SP2024-class 22,4,1905AGCEGB,5,4,5,5.5,Passed,,
SP2024,SP2024-class 22,5,1905AGCEFG,5.8,4,7.6,6,Passed,,
SP2024,SP2024-class 22,6,1905AGCFCG,5.3,10,6.8,7.2,Passed,,
SP2024,SP2024-class 22,7,1905AGCFBA,5,2.5,4.8,5.1,Passed,,
SP2024,SP2024-class 22,8,1905AGBGHD,5,4,8.2,5.9,Passed,,
SP2024,SP2024-class 22,9,1905AGCEBD,5.3,6.5,6.6,6.3,Passed,,
SP2024,SP2024-class 22,10,1905AGCFFG,5,3.5,6,5.3,Passed,,
SP2024,SP2024-class 22,11,1905AGCDAI,8,7.5,6.8,7.5,Passed,,
SP2024,SP2024-class 22,12,1905AGBIJE,5,10,6.8,6.8,Passed,,
SP2024,SP2024-class 22,13,1905AGCFBG,5,4,7.2,5.8,Passed,,
SP2024,SP2024-class 22,14,1905AHJCHF,8,3.5,8.6,7,Passed,,
SP2024,SP2024-class 22,15,1905AGCEJI,9.5,3.5,7.2,7.3,Passed,,
SP2024,SP2024-class 22,16,1905AGCEGJ,5.3,4.5,7.6,6.1,Passed,,
SP2024,SP2024-class 22,17,1905FCJHA,6,4,4.8,5.7,Passed,,
SP2024,SP2024-class 22,18,1905AHBDBH,5,4,7,5.6,Passed,,
SP2024,SP2024-class 22,19,1905AGCFFB,5.5,0,0,3.6,Not Passed,,
SP2024,SP2024-class 22,20,1905AGCFAB,5,1.5,7.2,5.1,Passed,,
SP2024,SP2024-class 22,21,1905AGCEDF,5,6.5,7.4,6.2,Passed,,
SP2024,SP2024-class 22,22,1905AGCEAE,1,10,6.6,5.3,Passed,,
SP2024,SP2024-class 22,23,1905AGCEEG,5,4.5,5.6,5.5,Passed,,
SP2024,SP2024-class 22,24,1905AGJCAE,5,0,0,3.3,Not Passed,,
SP2024,SP2024-class 22,25,1905AGCFFD,5.5,7.5,5.6,6.4,Passed,,
SP2024,SP2024-class 22,26,1905AHBBCF,8,7.5,9.2,8.1,Passed,,
SP2024,SP2024-class 22,27,1905ADJCBE,0,0,0,1,Attendance Fail,,
SP2024,SP2024-class 22,28,1905AGCEAD,8.5,7,6.2,7.5,Passed,,
SP2024,SP2024-class 22,29,1905AGCEFE,5.3,4.5,6,5.9,Passed,,
SP2024,SP2024-class 22,30,1905AGCEFC,9.5,3.5,8.4,7.6,Passed,,
SP2024,SP2024-class 22,31,1905AGCEAI,8.5,4.5,7,6.9,Passed,,
SP2024,SP2024-class 22,32,1905AGCEFF,5.3,2.5,8,5.8,Passed,,
SP2024,SP2024-class 22,33,1905AGCFCE,8.3,10,6.4,8,Passed,,
SP2024,SP2024-class 22,34,1905AGCEBC,8,2,5.8,6.2,Passed,,
SP2024,SP2024-class 22,35,1905AGCEGC,8.8,9.5,6.8,8.3,Passed,,
SP2024,SP2024-class 22,36,1905AGCFBJ,5,0.5,7,5.2,Passed,,
SP2024,SP2024-class 23,1,1905AHJBCJ,10,4,8,7.7,Passed,,
SP2024,SP2024-class 23,2,1905AHDEBE,7,10,5,7.3,Passed,,
SP2024,SP2024-class 23,3,1905AHJBFB,8.8,3,6.2,6.6,Passed,,
SP2024,SP2024-class 23,4,1905AHJABC,10,4,8.8,8.1,Passed,,
SP2024,SP2024-class 23,5,1905AHJCGA,10,4,8,7.9,Passed,,
SP2024,SP2024-class 23,6,1905AHDEDC,7,9.5,8.4,7.7,Passed,,
SP2024,SP2024-class 23,7,1905AHJAAJ,10,10,6.6,8.6,Passed,,
SP2024,SP2024-class 23,8,1905AHJAFC,10,7,7.2,8.1,Passed,,
SP2024,SP2024-class 23,9,1905AHJAAG,6.5,7,6,6.4,Passed,,
SP2024,SP2024-class 23,10,1905AHJCDF,0,0,0,0,Attendance Fail,,
SP2024,SP2024-class 23,11,1905AHCHGH,8.8,3.5,4.8,6.5,Passed,,
SP2024,SP2024-class 23,12,1905AHJABA,10,7.5,7.6,8.5,Passed,,
SP2024,SP2024-class 23,13,1905AHCHHJ,7,10,6,7.5,Passed,,
SP2024,SP2024-class 23,14,1905AGCDHH,4.8,10,4.6,6,Passed,,
SP2024,SP2024-class 23,15,1905AHJBDG,0,0,0,0,Attendance Fail,,
SP2024,SP2024-class 23,16,1905AHJJAI,7,0,6,5.2,Not Passed,,
SP2024,SP2024-class 23,17,1905AHJAHH,10,0,7,6.9,Not Passed,,
SP2024,SP2024-class 23,18,1905AHBFBH,7,3.5,6.2,6,Passed,,
SP2024,SP2024-class 23,19,1905AHDFCJ,7,4.5,5.6,6.3,Passed,,
SP2024,SP2024-class 23,20,1905AGAAGA,8.8,4.5,7.2,6.3,Passed,,
SP2024,SP2024-class 23,21,1905AHJDJD,10,4.5,7.2,7.6,Passed,,
SP2024,SP2024-class 23,22,1905AHJBBE,10,10,7.4,8.9,Passed,,
SP2024,SP2024-class 23,23,1905AHCAHA,10,10,4.2,8.3,Passed,,
SP2024,SP2024-class 23,24,1905AGJDAE,6.5,10,5,6.9,Passed,,
SP2024,SP2024-class 23,25,1905AHDBBJ,7,7.5,6.8,7,Passed,,
SP2024,SP2024-class 23,26,1905AHJBAH,10,5,8,8.1,Passed,,
SP2024,SP2024-class 23,27,1905AHJBJB,10,4,6.2,7.4,Passed,,
SP2024,SP2024-class 23,28,1905AHJBGG,0,0,0,0,Attendance Fail,,
SP2024,SP2024-class 23,29,1905AGABHF,8.8,4.5,6.2,6.1,Passed,,
SP2024,SP2024-class 23,30,1905AGBCAG,4.8,4.5,0,3,Not Passed,,
SP2024,SP2024-class 23,31,1905AGCFIC,0.5,4.5,0,2.3,Not Passed,,
SP2024,SP2024-class 23,32,1905AEAAEC,6,4,4,5.3,Passed,,
SP2024,SP2024-class 23,33,1919AFJGCJ,0.5,7.5,7,4.3,Not Passed,,
SP2024,SP2024-class 23,34,1905ACJDHD,0,0,0,0,Attendance Fail,,
SP2024,SP2024-class 23,35,1905AHJCDA,10,4.5,5.2,5.9,Not Passed,,
SP2024,SP2024-class 24,1,1905AHJFDC,5,4.5,5.4,4.8,Not Passed,,
SP2024,SP2024-class 24,2,1919AFJCDA,10,7,7.8,8.2,Passed,,
SP2024,SP2024-class 24,3,1905AHAEBE,10,8.5,7.8,8.9,Passed,,
SP2024,SP2024-class 24,4,1905AHJECF,9,7,5.8,7.6,Passed,,
SP2024,SP2024-class 24,5,1905AGAFDF,3,0,0,2,Attendance Fail,,
SP2024,SP2024-class 24,6,1905AHJEJD,0,0,0,0,Attendance Fail,,
SP2024,SP2024-class 24,7,1905AHJDCD,5,5,8,6.1,Passed,,
SP2024,SP2024-class 24,8,1905AHAEDD,10,5,6.6,7.9,Passed,,
SP2024,SP2024-class 24,9,1905AGABIC,7,10,6.8,7.6,Passed,,
SP2024,SP2024-class 24,10,1905AHJEHF,10,2.5,7.8,7.6,Passed,,
SP2024,SP2024-class 24,11,1905AHAEFB,7.5,6.5,8.2,7.4,Passed,,
SP2024,SP2024-class 24,12,1905AGAEGG,0,0,0,0.2,Not Passed,,
SP2024,SP2024-class 24,13,1905AHBJIH,7,7.5,6.2,7.1,Passed,,
SP2024,SP2024-class 24,14,1905AHJFED,3,0,5.2,3.2,Not Passed,,
SP2024,SP2024-class 24,15,1905AHAEAA,5,3.5,7.2,5.3,Passed,,
SP2024,SP2024-class 24,16,1905AHJDCA,3,2.5,0,2.5,Not Passed,,
SP2024,SP2024-class 24,17,1905AHJECB,5,0,0,3.4,Not Passed,,
SP2024,SP2024-class 24,18,1905AHJGDJ,10,0,0,5.5,Not Passed,,
SP2024,SP2024-class 24,19,1905AHAEBB,7,7,6.8,7,Passed,,
SP2024,SP2024-class 24,20,1905AHJEBE,3,10,6,5.9,Passed,,
SP2024,SP2024-class 24,21,1905AGJAFH,3,0,0,2,Not Passed,,
SP2024,SP2024-class 24,22,1905AHAEED,0,0,0,0,Attendance Fail,,
SP2024,SP2024-class 24,23,1905AGCEJC,9,10,5.4,8,Passed,,
SP2024,SP2024-class 24,24,1905AHJEGC,6,10,7.4,7.3,Passed,,
SP2024,SP2024-class 24,25,1905AHAEAD,7,7.5,6.2,7.2,Passed,,
SP2024,SP2024-class 24,26,1905AHJFFJ,10,7.5,7.8,8.6,Passed,,
SP2024,SP2024-class 24,27,1905AGACDA,9,7.5,7.2,8.1,Passed,,
SP2024,SP2024-class 24,28,1905AHAEBF,10,4.5,7.6,7.9,Passed,,
SP2024,SP2024-class 24,29,1905ADJGFG,0,0,0,0,Attendance Fail,,
SP2024,SP2024-class 24,30,1905AHJDFG,3,4.5,5,4.1,Not Passed,,
SP2024,SP2024-class 24,31,1905AGCFJJ,3,0,4,2.6,Not Passed,,
SP2024,SP2024-class 24,32,1905AGAIFD,0,0,0,0,Attendance Fail,,
SP2024,SP2024-class 24,33,1905AHBABI,10,10,7.4,8.9,Passed,,
SP2024,SP2024-class 24,34,1905AHJGFI,10,10,9,9.6,Passed,,
SP2024,SP2024-class 24,35,1905AGJAFC,3,3.5,0,2.7,Not Passed,,
SP2024,SP2024-class 25,1,1905AGBAFI,9,4.5,7.8,7.8,Passed,,
SP2024,SP2024-class 25,2,1905AHBJCJ,8,0,7.6,6.6,Not Passed,,
SP2024,SP2024-class 25,3,1905AEJFEA,8,10,4.4,7.5,Passed,,
SP2024,SP2024-class 25,4,1905AFJJAG,7.5,4,6.2,6.3,Passed,,
SP2024,SP2024-class 25,5,1905AGBIAF,8,3.5,8.4,7.5,Passed,,
SP2024,SP2024-class 25,6,1905AHBAGD,8,7.5,5.8,7.3,Passed,,
SP2024,SP2024-class 25,7,1905AGAIIF,8,0,0,4.6,Not Passed,,
SP2024,SP2024-class 25,8,1905AGBCCF,7,4.5,4,5.7,Passed,,
SP2024,SP2024-class 25,9,1905AHAHBD,8.5,3.5,7.2,7.1,Passed,,
SP2024,SP2024-class 25,10,1905AGBEGC,9,4.5,8.2,8,Passed,,
SP2024,SP2024-class 25,11,1905AGBAGA,9,0,5.6,6.3,Not Passed,,
SP2024,SP2024-class 25,12,1905AHBBEI,9,10,6.2,8.6,Passed,,
SP2024,SP2024-class 25,13,1905AHAEHI,8.5,0,0,5,Not Passed,,
SP2024,SP2024-class 25,14,1905ACJCJF,8,10,6.8,8.2,Passed,,
SP2024,SP2024-class 25,15,1905AGBHDA,0,0,0,1.6,Not Passed,,
SP2024,SP2024-class 25,16,1905AHAGFH,0,0,0,0.6,Attendance Fail,,
SP2024,SP2024-class 25,17,1905AEACBE,0,0,0,0.9,Attendance Fail,,
SP2024,SP2024-class 25,18,1905AGABFB,8,4.5,5.8,6.9,Passed,,
SP2024,SP2024-class 25,19,1905AGBEAF,9,4,7.6,7.7,Passed,,
SP2024,SP2024-class 25,20,1905AGCAJF,0,0,0,0.7,Attendance Fail,,
SP2024,SP2024-class 25,21,1905AGJBGF,7,0,0,4,Not Passed,,
SP2024,SP2024-class 25,22,1905AGBDBF,9,7,6.8,8.1,Passed,,
SP2024,SP2024-class 25,23,1905AGBEHE,8,10,7.2,8.1,Passed,,
SP2024,SP2024-class 25,24,1905AGBAHE,7,0,3.8,4.9,Not Passed,,
SP2024,SP2024-class 25,25,1905AGCFHD,8,3.5,6.6,6.9,Passed,,
SP2024,SP2024-class 25,26,1905AHAGCC,8,0.5,4,5.5,Passed,,
SP2024,SP2024-class 25,27,1905AHAEHJ,8.5,10,5.8,7.9,Passed,,
SP2024,SP2024-class 25,28,1905AHAHFH,8.5,4,6.8,7.4,Passed,,
SP2024,SP2024-class 25,29,1905AGCJEG,0,0,0,1.1,Attendance Fail,,
SP2024,SP2024-class 25,30,1905AHBCAH,8,7,6.8,7.5,Passed,,
SP2024,SP2024-class 25,31,1905AFJHEI,7.5,0.5,6.4,5.6,Passed,,
SP2024,SP2024-class 25,32,1905AGAFJI,7,7.5,4.2,6.6,Passed,,
SP2024,SP2024-class 25,33,1905AGABCA,9,4,5.4,7.2,Passed,,
SP2024,SP2024-class 25,34,1905AGJBID,7,0,5.2,5.2,Not Passed,,
SP2024,SP2024-class 25,35,1905AGJAFF,7,7.5,4.8,6.9,Passed,,
SP2024,SP2024-class 26,1,1905AHBDDI,10,4,6.4,7.4,Passed,,
SP2024,SP2024-class 26,2,1905AHBDFH,7.8,3.5,8.2,6.9,Passed,,
SP2024,SP2024-class 26,3,1905AHBCCF,10,0.5,7.2,7.4,Passed,,
SP2024,SP2024-class 26,4,1905AHBDJD,7,0.5,5,4.5,Not Passed,,
SP2024,SP2024-class 26,5,1905AHBDBG,10,9,7.8,9,Passed,,
SP2024,SP2024-class 26,6,1905ACJCJJ,7,10,4,6.4,Not Passed,,
SP2024,SP2024-class 26,7,1905AGABEI,10,9.5,8.2,9.3,Passed,,
SP2024,SP2024-class 26,8,1905AHBCHA,7,9,6.8,7.6,Passed,,
SP2024,SP2024-class 26,9,1905AHCJIG,7.8,0.5,7.4,6.5,Passed,,
SP2024,SP2024-class 26,10,1905AHBCHB,7,4,5.8,5.6,Passed,,
SP2024,SP2024-class 26,11,1905AHBDJG,10,4.5,8,8.5,Passed,,
SP2024,SP2024-class 26,12,1905AGAGCJ,8,10,5.2,7.5,Passed,,
SP2024,SP2024-class 26,13,1905AGACBE,10,3.5,7.8,8.1,Passed,,
SP2024,SP2024-class 26,14,1905AFJEJC,0,0,0,0,Attendance Fail,,
SP2024,SP2024-class 26,15,1905AHBDDA,10,4.5,9,8.2,Passed,,
SP2024,SP2024-class 26,16,1905AHBCID,10,9,8.8,9.3,Passed,,
SP2024,SP2024-class 26,17,1905AHBCEB,7.8,0.5,8.8,6.9,Passed,,
SP2024,SP2024-class 26,18,1905AHBDJJ,7,0,0,4,Not Passed,,
SP2024,SP2024-class 26,19,1905AGCBFI,2,0,0,1.8,Attendance Fail,,
SP2024,SP2024-class 26,20,1905AGACCJ,10,10,7.2,9.3,Passed,,
SP2024,SP2024-class 26,21,1905AHBDBJ,10,10,8.6,9.5,Passed,,
SP2024,SP2024-class 26,22,1905AHBCFF,10,3.5,7.2,7.8,Passed,,
SP2024,SP2024-class 26,23,1905AHBDED,10,10,5,8.5,Passed,,
SP2024,SP2024-class 26,24,1905AGACBH,10,0.5,7.8,7.5,Passed,,
SP2024,SP2024-class 26,25,1905AHCICF,10,7,6.2,8.5,Passed,,
SP2024,SP2024-class 26,26,1905AGBFJE,2,0,0,1.9,Attendance Fail,,
SP2024,SP2024-class 26,27,1905AHBCEE,10,4.5,6.6,7.9,Passed,,
SP2024,SP2024-class 26,28,1905AGBFJG,2,0,0,1.9,Attendance Fail,,
SP2024,SP2024-class 26,29,1905AHBDGJ,10,2,7,7.3,Passed,,
SP2024,SP2024-class 26,30,1905AHBCCC,5.8,8,6.2,6.4,Passed,,
SP2024,SP2024-class 26,31,1905AGCCFF,7,7,7.6,7.5,Passed,,
SP2024,SP2024-class 26,32,1905AHCBAC,10,9.5,5.2,8.6,Passed,,
SP2024,SP2024-class 26,33,1905AEAAAI,7,10,7.4,7.4,Passed,,
SP2024,SP2024-class 26,34,1905AHBCCH,8,10,6.6,8.4,Passed,,
SP2024,SP2024-class 26,35,1905AFAGDD,0,0,0,0.9,Attendance Fail,,
SP2024,SP2024-class 27,1,1905AHBEHI,6,0,0,4,Not Passed,,
SP2024,SP2024-class 27,2,1905AHBEFJ,8,9.5,4.8,7.8,Passed,,
SP2024,SP2024-class 27,3,1905AHBGAD,8.5,6,6.2,7.6,Passed,,
SP2024,SP2024-class 27,4,1905AHDAGB,8.5,10,8,8.9,Passed,,
SP2024,SP2024-class 27,5,1905AHDBJC,5,10,4.6,6.4,Passed,,
SP2024,SP2024-class 27,6,1905AHBFFA,8.5,4,9,7.9,Passed,,
SP2024,SP2024-class 27,7,1905AHBDGG,8,10,8.2,8.7,Passed,,
SP2024,SP2024-class 27,8,1905AHBFEC,7,5,5.2,6.6,Passed,,
SP2024,SP2024-class 27,9,1905AGBIHF,10,10,8,9.5,Passed,,
SP2024,SP2024-class 27,10,1905AHDJHD,7.5,10,5.4,7.9,Passed,,
SP2024,SP2024-class 27,11,1905AHBEIH,8,10,5.4,8,Passed,,
SP2024,SP2024-class 27,12,1905AHBECJ,6.5,3.5,6.2,6.4,Passed,,
SP2024,SP2024-class 27,13,1905AHBFAD,8,10,5,7.9,Passed,,
SP2024,SP2024-class 27,14,1905AHBFCI,8,7.5,5.8,7.6,Passed,,
SP2024,SP2024-class 27,15,1905AHBDGI,5,4.5,6,5.5,Passed,,
SP2024,SP2024-class 27,16,1905AHBDIA,0,0,0,0.8,Attendance Fail,,
SP2024,SP2024-class 27,17,1905AHBDHJ,7,10,7.2,8.1,Passed,,
SP2024,SP2024-class 27,18,1905AHBECI,5,10,4.8,6.4,Passed,,
SP2024,SP2024-class 27,19,1905AHBFJI,8,10,7,8.4,Passed,,
SP2024,SP2024-class 27,20,1905AHBEIE,9,4,6.6,7.5,Passed,,
SP2024,SP2024-class 27,21,1905AHBHCJ,6.5,7.5,7,7.1,Passed,,
SP2024,SP2024-class 27,22,1905AHBFGD,7,4,5.2,6.4,Passed,,
SP2024,SP2024-class 27,23,1905AHDAAI,7,5,4.6,6.3,Passed,,
SP2024,SP2024-class 27,24,1905AHBFJG,8,10,6.2,8.2,Passed,,
SP2024,SP2024-class 27,25,1905AHBFFD,7,7,7.2,7.2,Passed,,
SP2024,SP2024-class 27,26,1905AFJBCJ,0,0,0,0,Attendance Fail,,
SP2024,SP2024-class 27,27,1905AHBGBF,7,4.5,4,6,Passed,,
SP2024,SP2024-class 27,28,1905AHBEHG,6,0,0,4.2,Not Passed,,
SP2024,SP2024-class 27,29,1905AHDACJ,9,10,7.8,9,Passed,,
SP2024,SP2024-class 27,30,1905AHBFFG,7,0,4.6,5.3,Not Passed,,
SP2024,SP2024-class 27,31,1905AHBDIG,8.5,6,8.8,8.2,Passed,,
SP2024,SP2024-class 27,32,1905AGBDCJ,6,10,5.8,7.3,Passed,,
SP2024,SP2024-class 27,33,1905AHCCJE,7,10,5.8,7.7,Passed,,
SP2024,SP2024-class 27,34,1905AGADAI,7,0,0,4.5,Not Passed,,
SP2024,SP2024-class 27,35,1905AHJFEF,6,0.5,8.8,5.6,Passed,,
SP2024,SP2024-class 28,1,1905AHBHHC,8,10,4,7.7,Passed,,
SP2024,SP2024-class 28,2,1905AHCJAE,7,10,6,7.7,Passed,,
SP2024,SP2024-class 28,3,1905AHBIEI,7,10,5.4,7.6,Passed,,
SP2024,SP2024-class 28,4,1905AHBGHD,2,0,0,2.3,Not Passed,,
SP2024,SP2024-class 28,5,1905AGADEC,7,4,4.8,6.2,Passed,,
SP2024,SP2024-class 28,6,1905AHBHIJ,7,7,7.8,7.6,Passed,,
SP2024,SP2024-class 28,7,1905AGBGGC,9,6,5.6,7.7,Passed,,
SP2024,SP2024-class 28,8,1905AHCJBE,9.5,0,5.2,6.7,Not Passed,,
SP2024,SP2024-class 28,9,1905AHBHBH,6,7.5,7.6,7.2,Passed,,
SP2024,SP2024-class 28,10,1905AHBIHF,7,3.5,5.4,6.2,Passed,,
SP2024,SP2024-class 28,11,1905AHBHDE,8,0,0,4.9,Not Passed,,
SP2024,SP2024-class 28,12,1905AGBDEI,1.5,0,0,2.1,Attendance Fail,,
SP2024,SP2024-class 28,13,1905AHDBBH,9,10,7,8.9,Passed,,
SP2024,SP2024-class 28,14,1905AHBHBG,7.5,4.5,5,6.7,Passed,,
SP2024,SP2024-class 28,15,1905AHBIJG,7.5,10,8.6,8.5,Passed,,
SP2024,SP2024-class 28,16,1905AHBHHH,7.5,10,4.8,7.8,Passed,,
SP2024,SP2024-class 28,17,1905AHBIFB,7,4.5,5.4,6.6,Passed,,
SP2024,SP2024-class 28,18,1905AHBICJ,8,10,6.8,8.3,Passed,,
SP2024,SP2024-class 28,19,1905AHBHEH,0,0,0,0,Attendance Fail,,
SP2024,SP2024-class 28,20,1905AHCJBF,9,10,7.4,8.8,Passed,,
SP2024,SP2024-class 28,21,1905AGBEJC,8,3,9,7.3,Passed,,
SP2024,SP2024-class 28,22,1905AHBIJA,6,10,5.2,7.1,Passed,,
SP2024,SP2024-class 28,23,1905AHBEEJ,8,7,8.4,8,Passed,,
SP2024,SP2024-class 28,24,1905AHBIDI,7,9.5,7.8,8.1,Passed,,
SP2024,SP2024-class 28,25,1905AHBICA,9,10,7,8.8,Passed,,
SP2024,SP2024-class 28,26,1905AHBIII,8,10,7.4,8.5,Passed,,
SP2024,SP2024-class 28,27,1905AHBIBI,7,7,5.8,7.2,Passed,,
SP2024,SP2024-class 28,28,0305AHAABA,6,4.5,4.8,5.8,Passed,,
SP2024,SP2024-class 28,29,1905AHBGEF,6,4.5,4.8,5.9,Passed,,
SP2024,SP2024-class 28,30,1905AHBIAA,3,10,6.4,6.4,Passed,,
SP2024,SP2024-class 28,31,1905AHBHIF,7.5,0.5,6.4,6.1,Passed,,
SP2024,SP2024-class 28,32,1905AHBHHF,7,8,5,6.8,Passed,,
SP2024,SP2024-class 28,33,1905AHCJED,1,0,0,1.8,Attendance Fail,,
SP2024,SP2024-class 28,34,1905AHBIHB,8,10,6.4,8.2,Passed,,
SP2024,SP2024-class 28,35,1905AFACIG,9,10,7,8.7,Passed,,
SP2024,SP2024-class 29,1,0805AGFFIJ,8,4.5,7.8,7.5,Passed,,
SP2024,SP2024-class 29,2,1905AHCHBC,0,0,0,1.8,Not Passed,,
SP2024,SP2024-class 29,3,1905AHCBJH,4,4,7.8,5.6,Passed,,
SP2024,SP2024-class 29,4,1905AHDIJE,10,3.5,8.6,8.3,Passed,,
SP2024,SP2024-class 29,5,1905AHCAFB,0,4,0,2.7,Not Passed,,
SP2024,SP2024-class 29,6,1905AGBJGH,0.5,7,0,1.8,Not Passed,,
SP2024,SP2024-class 29,7,1905AHCAAB,1,3.5,0,2.9,Not Passed,,
SP2024,SP2024-class 29,8,1905AHCABA,2,4,7.2,4.9,Not Passed,,
SP2024,SP2024-class 29,9,1905AHCJHG,6.5,4,7.2,6.7,Passed,,
SP2024,SP2024-class 29,10,1905AHDGJD,0,0,0,0,Attendance Fail,,
SP2024,SP2024-class 29,11,1905AGCJJG,5,8,7,6.9,Passed,,
SP2024,SP2024-class 29,12,1905AHCBJF,0.5,4.5,4.4,3.7,Not Passed,,
SP2024,SP2024-class 29,13,1905AHCEGF,2,4,7.6,4.9,Not Passed,,
SP2024,SP2024-class 29,14,1905AHCJGH,10,7,7.8,8.8,Passed,,
SP2024,SP2024-class 29,15,1905AHCJFC,3,4.5,6.4,5.1,Passed,,
SP2024,SP2024-class 29,16,1905AHCJCI,1,7,4.4,3.5,Not Passed,,
SP2024,SP2024-class 29,17,1905AHBIHC,5,3.5,6.6,5.9,Passed,,
SP2024,SP2024-class 29,18,1905AGBEDF,0,0,0,0,Attendance Fail,,
SP2024,SP2024-class 29,19,1905AHJJIF,0.5,10,5.2,5,Passed,,
SP2024,SP2024-class 29,20,1905AGJCIE,4,4.5,7,5.8,Passed,,
SP2024,SP2024-class 29,21,1905AHBEEC,0.5,5,3.2,3.6,Not Passed,,
SP2024,SP2024-class 29,22,1905AHBDEE,0.5,5,5,4,Not Passed,,
SP2024,SP2024-class 29,23,1905ADJBFA,0.5,10,7.6,5.4,Passed,,
SP2024,SP2024-class 29,24,1905AGJDBA,6,7.5,7.8,7.3,Passed,,
SP2024,SP2024-class 29,25,1905AFJJEG,0,0,0,0.6,Not Passed,,
SP2024,SP2024-class 29,26,1905AFJHAG,0,0,0,0.9,Not Passed,,
SP2024,SP2024-class 29,27,1905AGCJAE,2,10,6.2,5.9,Passed,,
SP2024,SP2024-class 29,28,1905AGCJAA,7,9.5,7,8,Passed,,
SP2024,SP2024-class 29,29,1905AHCJBA,0,0,0,1.9,Not Passed,,
SP2024,SP2024-class 29,30,1905AHBDGF,0.5,4,3.2,3.3,Not Passed,,
SP2024,SP2024-class 29,31,1905AEJCFA,0,4.5,0,2.6,Not Passed,,
SP2024,SP2024-class 29,32,1905AGAFHG,0.5,0,0,1.1,Not Passed,,
SP2024,SP2024-class 29,33,1905AEAADE,0.5,0,4.6,2.8,Not Passed,,
SP2024,SP2024-class 29,34,1905AGBEAJ,0,0,0,0.6,Not Passed,,
SP2024,SP2024-class 29,35,1905ACJBFE,1,10,7.8,4.7,Not Passed,,
SP2024,SP2024-class 30,1,1905AHCBBE,9,10,8.4,9.2,Passed,,
SP2024,SP2024-class 30,2,1905AGBBIF,8,10,7.6,8.4,Passed,,
SP2024,SP2024-class 30,3,1905AHCDEA,10,10,7.8,9.2,Passed,,
SP2024,SP2024-class 30,4,1905AHCCGG,9.5,10,7.6,8.9,Passed,,
SP2024,SP2024-class 30,5,1905AHCBHD,10,0,6.8,7,Not Passed,,
SP2024,SP2024-class 30,6,1905AHCHDA,6,4,5,5.7,Passed,,
SP2024,SP2024-class 30,7,1905AHCECG,8.5,7.5,6.4,7.8,Passed,,
SP2024,SP2024-class 30,8,1905AHCBEG,10,10,7.8,9.4,Passed,,
SP2024,SP2024-class 30,9,1905AHCCDH,10,7.5,6.6,8.2,Passed,,
SP2024,SP2024-class 30,10,1905AHCCJI,7.5,10,5.8,7.7,Passed,,
SP2024,SP2024-class 30,11,1905AHCBBH,7,1.5,4.6,5.6,Passed,,
SP2024,SP2024-class 30,12,1905AHCABC,8.5,4.5,7.6,7.6,Passed,,
SP2024,SP2024-class 30,13,1905AHCCED,10,7.5,5.2,8.2,Passed,,
SP2024,SP2024-class 30,14,1905AGBJJE,9.5,10,5.2,8.5,Passed,,
SP2024,SP2024-class 30,15,1905AHCCIA,9.5,0,4.6,6.5,Not Passed,,
SP2024,SP2024-class 30,16,1905AHCBFC,10,10,8.2,9.4,Passed,,
SP2024,SP2024-class 30,17,1905AHCBFJ,10,7.5,5.2,8.2,Passed,,
SP2024,SP2024-class 30,18,1905AHCAIB,10,7,7.4,8.7,Passed,,
SP2024,SP2024-class 30,19,1905AHCCHE,9,10,8.4,8.8,Passed,,
SP2024,SP2024-class 30,20,1905AHCGAE,5.5,0.5,6.6,5.3,Passed,,
SP2024,SP2024-class 30,21,1905AGABGF,5,3.5,8.4,5.8,Passed,,
SP2024,SP2024-class 30,22,1905AHCCFJ,9,2.5,5.2,6.9,Passed,,
SP2024,SP2024-class 30,23,1905AHAHBJ,10,10,8.6,9.5,Passed,,
SP2024,SP2024-class 30,24,1905AHCDAH,9,5,5.6,7.4,Passed,,
SP2024,SP2024-class 30,25,1905AHCDCG,10,3.5,6.6,7.4,Passed,,
SP2024,SP2024-class 30,26,1905AHCCHH,10,0.5,6.2,7.1,Passed,,
SP2024,SP2024-class 30,27,1905AHCBDG,7.5,10,6.2,7.8,Passed,,
SP2024,SP2024-class 30,28,1905AHCCJD,10,10,8.8,9.5,Passed,,
SP2024,SP2024-class 30,29,1905AHCBBD,10,7.5,7.4,8.9,Passed,,
SP2024,SP2024-class 30,30,1905AHBIFG,10,3.5,6.8,7.8,Passed,,
SP2024,SP2024-class 30,31,1905AHCABB,10,3.5,8,8,Passed,,
SP2024,SP2024-class 30,32,1905AHCCBB,10,7,7.6,8.6,Passed,,
SP2024,SP2024-class 30,33,1905AGBHAI,7.5,6.5,5.4,7,Passed,,
SP2024,SP2024-class 30,34,1905AHCCCH,0,0,0,0.5,Attendance Fail,,
SP2024,SP2024-class 30,35,1905AHCBIA,10,10,8,9.3,Passed,,
SP2024,SP2024-class 31,1,1905AHCEJH,7.8,7,9,7.7,Passed,,
SP2024,SP2024-class 31,2,1905AGBHEG,3.3,0,0,2.2,Not Passed,,
SP2024,SP2024-class 31,3,1905AGCJCH,6.3,0.5,6.2,5,Passed,,
SP2024,SP2024-class 31,4,1905AHCEHF,6.5,0,6,5,Not Passed,,
SP2024,SP2024-class 31,5,1905AHCDIF,8.8,10,8.4,8.7,Passed,,
SP2024,SP2024-class 31,6,1905AHCFHC,0,2.5,0,1.1,Attendance Fail,,
SP2024,SP2024-class 31,7,1905FCEED,7.3,6,5.6,6.6,Passed,,
SP2024,SP2024-class 31,8,0305AGADHH,7.5,4.5,5.8,6.4,Passed,,
SP2024,SP2024-class 31,9,1905AGAHHH,6.8,0,0,4,Not Passed,,
SP2024,SP2024-class 31,10,1905AGCBAG,4,0.5,0,2.5,Not Passed,,
SP2024,SP2024-class 31,11,1905AHCDEF,8.3,6,6.6,7.3,Passed,,
SP2024,SP2024-class 31,12,1905AHCFFJ,7.8,5,6.2,6.7,Passed,,
SP2024,SP2024-class 31,13,1905AHCECF,5,0,0,2.9,Not Passed,,
SP2024,SP2024-class 31,14,1905AGCJCC,4.5,10,8.4,6.4,Not Passed,,
SP2024,SP2024-class 31,15,1905AGCABJ,6,0,0,3.5,Not Passed,,
SP2024,SP2024-class 31,16,1905AHCEEI,6.5,3.5,7,5.9,Passed,,
SP2024,SP2024-class 31,17,1905AGAIEH,4.3,0,4.2,3.6,Not Passed,,
SP2024,SP2024-class 31,18,1905AGJDHJ,6.8,6,6.4,6.5,Passed,,
SP2024,SP2024-class 31,19,1905AHCGCA,7,3.5,6,6,Passed,,
SP2024,SP2024-class 31,20,1905AHCFAH,6.5,0,0,3.7,Not Passed,,
SP2024,SP2024-class 31,21,1905AHDJHE,3.3,0,0,2.3,Attendance Fail,,
SP2024,SP2024-class 31,22,1905AHCEHD,6.5,0,0,3.9,Not Passed,,
SP2024,SP2024-class 31,23,1905AHCFCB,7,0,7.2,5.5,Not Passed,,
SP2024,SP2024-class 31,24,1905AGJEJJ,4,4.5,0,3.3,Not Passed,,
SP2024,SP2024-class 31,25,1905AGBGFI,1,3.5,0,1.6,Not Passed,,
SP2024,SP2024-class 31,26,1905AHCDHC,8.3,8,7.6,7.9,Passed,,
SP2024,SP2024-class 31,27,1905AGCADA,3,3.5,0,2.7,Not Passed,,
SP2024,SP2024-class 31,28,1905FCJBI,6.8,7.5,4.6,6.4,Passed,,
SP2024,SP2024-class 31,29,1905AHCDIA,7,6,6.6,6.6,Passed,,
SP2024,SP2024-class 31,30,1905AGBDAI,3,0,0,1.9,Not Passed,,
SP2024,SP2024-class 31,31,1905AHCEAH,3.8,0,5.2,3.4,Not Passed,,
SP2024,SP2024-class 31,32,1905AGAHGF,6.8,0,0,3.9,Not Passed,,
SP2024,SP2024-class 31,33,1905AGAIGF,4.3,0,3.8,3.4,Not Passed,,
SP2024,SP2024-class 31,34,1905AGAEDC,4.3,0,0,2.6,Not Passed,,
SP2024,SP2024-class 31,35,1905AGJDHF,3,2.5,0,2.5,Not Passed,,
SP2024,SP2024-class 32,1,1905AHCHAB,3,3.5,8.4,5.2,Passed,,
SP2024,SP2024-class 32,2,1905AHCHEE,2,4,6.8,4.3,Not Passed,,
SP2024,SP2024-class 32,3,1905AHCGBA,3,3.5,9.2,5.3,Passed,,
SP2024,SP2024-class 32,4,1905AGJEHC,5,4,6.4,5.9,Passed,,
SP2024,SP2024-class 32,5,1905AHCFHB,10,9,8,9.1,Passed,,
SP2024,SP2024-class 32,6,1905AGACDJ,3,0,0,2.4,Not Passed,,
SP2024,SP2024-class 32,7,1905AHCGBH,2,6,8,5.2,Passed,,
SP2024,SP2024-class 32,8,1905AHCFFB,5,9.5,6.6,6.9,Passed,,
SP2024,SP2024-class 32,9,1905AHCHFG,8,4,7.4,7,Passed,,
SP2024,SP2024-class 32,10,1905AHCHJJ,3,4,5.4,5,Passed,,
SP2024,SP2024-class 32,11,1905AHCAII,9,10,8.4,8.8,Passed,,
SP2024,SP2024-class 32,12,1905AHCGIJ,1,10,5.4,5.4,Passed,,
SP2024,SP2024-class 32,13,1905AHCHAH,4,4,6.4,5.5,Passed,,
SP2024,SP2024-class 32,14,1905AHCGBE,3,3,9,5.1,Passed,,
SP2024,SP2024-class 32,15,1905AHCGAB,2,4.5,6,4.6,Not Passed,,
SP2024,SP2024-class 32,16,1905AHCEJB,0,0,0,0.2,Not Passed,,
SP2024,SP2024-class 32,17,1905AHCHBG,2,0,4.8,3.3,Not Passed,,
SP2024,SP2024-class 32,18,1905AHCGCH,2,4.5,9.2,5.1,Passed,,
SP2024,SP2024-class 32,19,1905AGBBAF,3,4,7,4.7,Not Passed,,
SP2024,SP2024-class 32,20,1905AHCGGC,3,7.5,8.8,5.9,Passed,,
SP2024,SP2024-class 32,21,1905AHCGGE,7,10,8,8,Passed,,
SP2024,SP2024-class 32,22,1905AHCIED,4,3,6.6,5.1,Passed,,
SP2024,SP2024-class 32,23,1905AHCIEI,7,4.5,8,7.1,Passed,,
SP2024,SP2024-class 32,24,1905AHCHGJ,6,4.5,8.4,6.6,Passed,,
SP2024,SP2024-class 32,25,1905AGBGFH,3,7.5,5.4,5.1,Passed,,
SP2024,SP2024-class 32,26,1905AHCHJC,1,2,0,2.1,Not Passed,,
SP2024,SP2024-class 32,27,1905AHDJFG,2,0,7.2,3.9,Not Passed,,
SP2024,SP2024-class 32,28,1905AHCHID,0,0,0,0.1,Not Passed,,
SP2024,SP2024-class 32,29,1705AHJJIB,9,4,6.8,7.6,Passed,,
SP2024,SP2024-class 32,30,1905AHCGDC,4,5.5,7.8,5.9,Passed,,
SP2024,SP2024-class 32,31,1905AHCFDB,6.5,4,6.4,6,Passed,,
SP2024,SP2024-class 32,32,1905AGAFCI,0,0,0,0.2,Not Passed,,
SP2024,SP2024-class 32,33,1905AGJCFI,7,0,6,5.5,Not Passed,,
SP2024,SP2024-class 32,34,1905AHCHBH,0,0,0,0.7,Not Passed,,
SP2024,SP2024-class 32,35,1905AHDAJA,4,3,7,5.2,Passed,,
SP2024,SP2024-class 33,1,1905AHDJHC,0,0,0,0,Attendance Fail,,
SP2024,SP2024-class 33,2,1905AHCIHE,8.5,0,6.2,5.7,Not Passed,,
SP2024,SP2024-class 33,3,1905AHCDBE,10,9,6.6,9.1,Passed,,
SP2024,SP2024-class 33,4,1905AHDABF,6.8,0,0,3.7,Not Passed,,
SP2024,SP2024-class 33,5,1905AHCHDD,8,6,9,7.9,Passed,,
SP2024,SP2024-class 33,6,1905AHDAIC,4.8,0.5,6.6,4.9,Not Passed,,
SP2024,SP2024-class 33,7,1905AHCIHG,7.8,3,8.2,7.1,Passed,,
SP2024,SP2024-class 33,8,1905AGAEDD,6.5,0,0,4.2,Not Passed,,
SP2024,SP2024-class 33,9,1905AHCIIJ,7.8,6.5,4.2,6.9,Passed,,
SP2024,SP2024-class 33,10,1905AHBCJA,8,5.5,4.6,6.8,Passed,,
SP2024,SP2024-class 33,11,1905AHDAGC,8.3,4.5,7,6.6,Passed,,
SP2024,SP2024-class 33,12,1905AHCFBI,10,4,9.2,8.5,Passed,,
SP2024,SP2024-class 33,13,1905AHCABI,10,4,7.6,8.2,Passed,,
SP2024,SP2024-class 33,14,1905AHCFEI,10,10,7,9.4,Passed,,
SP2024,SP2024-class 33,15,1905AHCIIG,8,4.5,7.2,7,Passed,,
SP2024,SP2024-class 33,16,1905AHCABD,10,10,9,9.8,Passed,,
SP2024,SP2024-class 33,17,1905AHDJBB,7.8,7,5.8,7.4,Passed,,
SP2024,SP2024-class 33,18,1905AHDAHC,8.3,4.5,6,6.9,Passed,,
SP2024,SP2024-class 33,19,1905AHDJAC,8,4,5,6.6,Passed,,
SP2024,SP2024-class 33,20,1905AHDAJJ,8,7.5,6.2,7.4,Passed,,
SP2024,SP2024-class 33,21,1905AHDJAD,7.8,6.5,7.4,7.5,Passed,,
SP2024,SP2024-class 33,22,1905AHCHFE,8.5,4.5,4.8,6.7,Passed,,
SP2024,SP2024-class 33,23,1905AGJEJB,6,4,6,5.5,Passed,,
SP2024,SP2024-class 33,24,1905AHDJEI,7.8,4,6.2,6.8,Passed,,
SP2024,SP2024-class 33,25,1905AHCIGJ,7.8,4.5,6.6,6.6,Passed,,
SP2024,SP2024-class 33,26,1905AHCIGG,7.8,3.5,7.8,7.2,Passed,,
SP2024,SP2024-class 33,27,1905AHBBID,8,0,4.4,5,Not Passed,,
SP2024,SP2024-class 33,28,1905AGJCAF,8.5,4,5.6,6.7,Passed,,
SP2024,SP2024-class 33,29,1905AHDAIA,4.8,0,4.4,4,Not Passed,,
SP2024,SP2024-class 33,30,1905AHDAFI,8.3,3.5,5.2,6.5,Passed,,
SP2024,SP2024-class 33,31,1905AGAHIJ,8,3,6.2,6.5,Passed,,
SP2024,SP2024-class 33,32,1905AHCIFE,5.8,7,5.6,6.1,Passed,,
SP2024,SP2024-class 33,33,1905AFJEIJ,2,0,0,2,Not Passed,,
SP2024,SP2024-class 33,34,1905AHCBEE,10,4,6.4,7.8,Passed,,
SP2024,SP2024-class 33,35,1905AHCAAG,10,0,0,5.9,Not Passed,,
SP2024,SP2024-class 34,1,1905AHDFGC,5,2,5.2,5.1,Passed,,
SP2024,SP2024-class 34,2,1905AHDDAC,9,3,8.8,7.5,Passed,,
SP2024,SP2024-class 34,3,1905AFAIFA,0,0,0,0.4,Not Passed,,
SP2024,SP2024-class 34,4,1905AHDEFA,1,0,0,1.8,Not Passed,,
SP2024,SP2024-class 34,5,1905AFJEAA,2,4,6,3.6,Not Passed,,
SP2024,SP2024-class 34,6,1905AGADHG,6,4,6.2,6.1,Passed,,
SP2024,SP2024-class 34,7,1905AHDEDI,3,4,7.6,5.1,Passed,,
SP2024,SP2024-class 34,8,1905AHDBCI,4,0,0,3.3,Not Passed,,
SP2024,SP2024-class 34,9,1905AHDEDE,8,10,7.4,8.6,Passed,,
SP2024,SP2024-class 34,10,1905AHDFBF,0,0,0,0.3,Not Passed,,
SP2024,SP2024-class 34,11,1905AHDFAH,2,10,7.4,5.7,Passed,,
SP2024,SP2024-class 34,12,1905AGBGDD,0,0,0,0.6,Not Passed,,
SP2024,SP2024-class 34,13,1905AGJCIF,9,4.5,5.2,7.4,Passed,,
SP2024,SP2024-class 34,14,1905AHDDFJ,0,0,0,0.6,Not Passed,,
SP2024,SP2024-class 34,15,1905AHDBDG,9,10,6.6,8.8,Passed,,
SP2024,SP2024-class 34,16,1905AFJACD,4,3.5,6.6,5,Passed,,
SP2024,SP2024-class 34,17,1905AHDEAJ,3,0,5.4,3.8,Not Passed,,
SP2024,SP2024-class 34,18,1905AGBDAD,3,4.5,7,4.9,Not Passed,,
SP2024,SP2024-class 34,19,1905AHDBGE,9,10,6.6,8.6,Passed,,
SP2024,SP2024-class 34,20,1905AHDBGH,7,4.5,5,6.4,Passed,,
SP2024,SP2024-class 34,21,1905AGJEED,5,0.5,7.6,4.9,Not Passed,,
SP2024,SP2024-class 34,22,1905FBIDH,4,0.5,6.2,4,Not Passed,,
SP2024,SP2024-class 34,23,1905AGJDAA,2,4.5,8.2,5,Passed,,
SP2024,SP2024-class 34,24,1905AHDCHC,3,3,8.4,5.2,Passed,,
SP2024,SP2024-class 34,25,1905AGJCEG,0,0,0,0.9,Not Passed,,
SP2024,SP2024-class 34,26,1905AFJIHC,0,0,0,0,Attendance Fail,,
SP2024,SP2024-class 34,27,1905AGCCIH,2,4.5,7.8,4.9,Not Passed,,
SP2024,SP2024-class 34,28,1905ACJEIF,2,4.5,6.8,4.8,Not Passed,,
SP2024,SP2024-class 34,29,1905AHDBFG,7,4.5,7.2,7,Passed,,
SP2024,SP2024-class 34,30,1905ADJGJD,0,0,0,0,Attendance Fail,,
SP2024,SP2024-class 34,31,1905AGBBCC,0,0,0,0,Not Passed,,
SP2024,SP2024-class 34,32,1905AGCCAH,2,0,0,2.6,Not Passed,,
SP2024,SP2024-class 34,33,1905AHDEEA,4,2.5,5,4.9,Not Passed,,
SP2024,SP2024-class 34,34,1905AHDBHG,3,3.5,7.2,5.1,Passed,,
SP2024,SP2024-class 34,35,1905AHDFIA,1,4,6,4,Not Passed,,
SP2024,SP2024-class 35,1,1905AGBBEG,8,4,5.6,6.2,Passed,,
SP2024,SP2024-class 35,2,1905AHEJEG,8,0,4.6,5.4,Not Passed,,
SP2024,SP2024-class 35,3,1905AHEJCF,8,1.5,4.6,5.7,Passed,,
SP2024,SP2024-class 35,4,1905AHDBBI,8,4.5,5,6.4,Passed,,
SP2024,SP2024-class 35,5,1905AHEJFE,8,4.5,6,6.6,Passed,,
SP2024,SP2024-class 35,6,1905AGAIGJ,0,0,0,0,Attendance Fail,,
SP2024,SP2024-class 35,7,1905AHDIGH,8,3,6.6,6.5,Passed,,
SP2024,SP2024-class 35,8,1905AGCBIC,8,4,6.6,6.6,Passed,,
SP2024,SP2024-class 35,9,1905AGAHJJ,8,7,6.4,7.2,Passed,,
SP2024,SP2024-class 35,10,1905AHEJGA,8,10,5.4,7.6,Passed,,
SP2024,SP2024-class 35,11,1905AHDHFD,8,3.5,5.8,6.1,Passed,,
SP2024,SP2024-class 35,12,1905AGBDFF,8,4.5,5,6.1,Passed,,
SP2024,SP2024-class 35,13,1905AFJCGC,0,0,0,0,Attendance Fail,,
SP2024,SP2024-class 35,14,1905AFJIGH,4,0,5.4,3.9,Not Passed,,
SP2024,SP2024-class 35,15,1905AFJBFA,0,0,0,0,Attendance Fail,,
SP2024,SP2024-class 35,16,1905AHEJJG,8,7,4.6,6.4,Passed,,
SP2024,SP2024-class 35,17,1905AGAGHD,8,3.5,7.6,6.6,Passed,,
SP2024,SP2024-class 35,18,1905AHDHAF,0,0,0,0.4,Not Passed,,
SP2024,SP2024-class 35,19,1905AGCCEA,0,0,0,0,Attendance Fail,,
SP2024,SP2024-class 35,20,1905AHDGEF,8,0.5,7.4,6.1,Passed,,
SP2024,SP2024-class 35,21,1905ADJJBF,8,7,6,6.9,Passed,,
SP2024,SP2024-class 35,22,1905AGAHHF,8,7,6,7,Passed,,
SP2024,SP2024-class 35,23,1905AHDGBG,8,4,6.2,6.7,Passed,,
SP2024,SP2024-class 35,24,1905AHDHHH,8,0,5.4,5.6,Not Passed,,
SP2024,SP2024-class 35,25,1905AGAHED,8,10,7.4,7.9,Passed,,
SP2024,SP2024-class 35,26,1905AGAHGI,8,3.5,5.8,6.2,Passed,,
SP2024,SP2024-class 35,27,1905AHDGIE,8,2.5,4.2,5.4,Passed,,
SP2024,SP2024-class 35,28,1905AGCFAH,8,10,6.8,7.9,Passed,,
SP2024,SP2024-class 35,29,1905AHDGAD,8,3.5,7.8,7.1,Passed,,
SP2024,SP2024-class 35,30,1905AGCCGH,8,3.5,6.2,6.3,Passed,,
SP2024,SP2024-class 35,31,1905AHDHAA,8,0,3.8,5.2,Not Passed,,
SP2024,SP2024-class 35,32,1905AGCCDE,8,4,5,6.1,Passed,,
SP2024,SP2024-class 35,33,1905AHDGCF,8,4,7.2,7.1,Passed,,
SP2024,SP2024-class 35,34,1905AHEJBE,8,0.5,5.2,5.5,Passed,,
SP2024,SP2024-class 35,35,1905AHDIID,8,0,0,4.3,Not Passed,,
SP2024,SP2024-class 36,1,1905AHDFAA,3,5.5,6.2,5,Passed,,
SP2024,SP2024-class 36,2,1905AHBIDH,10,7,6.6,8.7,Passed,,
SP2024,SP2024-class 36,3,1905AHDCBD,0,0,0,1.3,Not Passed,,
SP2024,SP2024-class 36,4,1905AHJCBJ,0,0,0,1.1,Not Passed,,
SP2024,SP2024-class 36,5,1905AHEJHC,6.5,5.5,6.8,6.8,Passed,,
SP2024,SP2024-class 36,6,1905AHEJHB,3,5,7.8,5.1,Passed,,
SP2024,SP2024-class 36,7,1905AHCHGI,6.5,6.5,6.4,6.6,Passed,,
SP2024,SP2024-class 36,8,1905AHCDBI,5.5,3.5,6.2,6.1,Passed,,
SP2024,SP2024-class 36,9,1905AHBEDB,3.5,3.5,8.2,5.6,Passed,,
SP2024,SP2024-class 36,10,1905AHCFDG,5,2,8.2,5.7,Passed,,
SP2024,SP2024-class 36,11,0805AFCGAD,4,0,8.2,4.7,Not Passed,,
SP2025,SP2025-class 1,1,1905AHAFJC,5,3.5,7.4,6,Passed,,
SP2025,SP2025-class 1,2,0305AGJIGD,3,6.5,6.4,5.4,Passed,,
SP2025,SP2025-class 1,3,1905AIJCGD,8.5,4,4.2,6.9,Passed,,
SP2025,SP2025-class 1,4,1905AHJDIB,10,10,5.8,9,Passed,,
SP2025,SP2025-class 1,5,1905AEJFHB,7,6.5,7.6,7.4,Passed,,
SP2025,SP2025-class 1,6,1905AHAGHA,6,4,5.2,6,Passed,,
SP2025,SP2025-class 1,7,1905AIFDAB,5,7,6.6,6.6,Passed,,
SP2025,SP2025-class 1,8,1905AFAIHC,9,8.5,6.6,8.5,Passed,,
SP2025,SP2025-class 1,9,1905AIFCAJ,10,5.5,6.8,8.4,Passed,,
SP2025,SP2025-class 1,10,1905AHDFBF,8,4,6.4,7.1,Passed,,
SP2025,SP2025-class 1,11,1905AHBFHA,5,2,4.4,4.8,Not Passed,,
SP2025,SP2025-class 1,12,1905AHBCGE,3,4,8.6,5.3,Passed,,
SP2025,SP2025-class 1,13,1905AIJIBF,10,7,5,8.3,Passed,,
SP2025,SP2025-class 1,14,0405AHJFHJ,9,2,4.2,6.7,Passed,,
SP2025,SP2025-class 1,15,1905AHDFEC,10,0,7,7.1,Not Passed,,
SP2025,SP2025-class 1,16,1905AGBJJI,10,4,5.6,7.8,Passed,,
SP2025,SP2025-class 1,17,1905AHBCIE,9,4,5,7.1,Passed,,
SP2025,SP2025-class 1,18,1905AHCEHI,8,4,4.4,6.8,Passed,,
SP2025,SP2025-class 1,19,1905AGCFJE,10,6.5,7,8.4,Passed,,
SP2025,SP2025-class 1,20,1905AHDAJC,10,7,5.4,8.4,Passed,,
SP2025,SP2025-class 1,21,1905AHJCFA,10,4,6.2,8,Passed,,
SP2025,SP2025-class 1,22,1905AGJDEH,7,3.5,4.8,6,Passed,,
SP2025,SP2025-class 1,23,1905AHBGBA,3,4,6.6,4.9,Not Passed,,
SP2025,SP2025-class 1,24,1905AHDADA,5,4,5,5.7,Passed,,
SP2025,SP2025-class 1,25,1905AHAGBG,5,6,5.4,6,Passed,,
SP2025,SP2025-class 1,26,1919AEJAED,8,2,5.2,6.4,Passed,,
SP2025,SP2025-class 1,27,1905AHBFFH,4,6,6.4,5.8,Passed,,
SP2025,SP2025-class 1,28,1905AHBBHF,8,2.5,5.6,6.6,Passed,,
SP2025,SP2025-class 1,29,1905AHJEFA,5,3.5,4.2,5,Passed,,
SP2025,SP2025-class 1,30,1905AHJGHC,10,6.5,6,8.4,Passed,,
SP2025,SP2025-class 1,31,1905AHJJAB,9.5,7,6.6,8.4,Passed,,
SP2025,SP2025-class 1,32,1905AGBDFE,5,0,5,4.7,Not Passed,,
SP2025,SP2025-class 1,33,1905AHDJGD,5,6.5,6.2,6.3,Passed,,
SP2025,SP2025-class 2,1,1905AIDEDD,9,4,5,7.3,Passed,,
SP2025,SP2025-class 2,2,1905AHDIED,8,4,5.2,6.7,Passed,,
SP2025,SP2025-class 2,3,1905AEJFCD,8,0,5.8,6.2,Not Passed,,
SP2025,SP2025-class 2,4,1905AGAFGG,0,0,0,0,Attendance Fail,,
SP2025,SP2025-class 2,5,1905ADJEAC,8,4,4.8,6.5,Passed,,
SP2025,SP2025-class 2,6,1905AHCBGA,9,4,6.8,7.6,Passed,,
SP2025,SP2025-class 2,7,1905AIDJHC,7,4,6,6.5,Passed,,
SP2025,SP2025-class 2,8,1905AIJFBB,0,0,0,0,Attendance Fail,,
SP2025,SP2025-class 2,9,1905AHBICF,9,7,9.4,8.6,Passed,,
SP2025,SP2025-class 2,10,1905AIDJHG,9,6.5,6.8,8.1,Passed,,
SP2025,SP2025-class 2,11,1905AIFBEI,8,4,5.4,6.7,Passed,,
SP2025,SP2025-class 2,12,1905AICHIB,9,6.5,5.2,7.8,Passed,,
SP2025,SP2025-class 2,13,1905AIDHEH,7,0,0,4.4,Not Passed,,
SP2025,SP2025-class 2,14,1905AGAEGG,0,0,0,0.5,Attendance Fail,,
SP2025,SP2025-class 2,15,1905AHDEAA,8,7,4.4,7,Passed,,
SP2025,SP2025-class 2,16,1905AGBHCJ,7.5,4,3.8,6.2,Not Passed,,
SP2025,SP2025-class 2,17,1905AGAGDE,7,7,4.8,6.8,Passed,,
SP2025,SP2025-class 2,18,1905AGBEDD,9,10,6,8.6,Passed,,
SP2025,SP2025-class 2,19,1905AHBFDG,0,0,0,0,Attendance Fail,,
SP2025,SP2025-class 2,20,1905AHJBDG,0,0,0,0.5,Attendance Fail,,
SP2025,SP2025-class 2,21,1905AHBDIA,8,0,0,4.9,Not Passed,,
SP2025,SP2025-class 2,22,1905AHDFAJ,10,10,6.2,9.1,Passed,,
SP2025,SP2025-class 2,23,1905AHDFJF,8,0,3,5.6,Not Passed,,
SP2025,SP2025-class 2,24,1905AHJCDI,10,9.5,6.2,9.1,Passed,,
SP2025,SP2025-class 2,25,1905AHAGFH,0,0.5,4.8,1.9,Not Passed,,
SP2025,SP2025-class 2,26,1905AHCJHJ,9,0,5,6.4,Not Passed,,
SP2025,SP2025-class 2,27,1905AIBHHB,7,4,4.2,5.8,Passed,,
SP2025,SP2025-class 2,28,1905AHJEDF,9,0.5,5.6,6.8,Passed,,
SP2025,SP2025-class 2,29,1905AHBJEG,0,0,0,0.8,Not Passed,,
SP2025,SP2025-class 2,30,1905AFAEAB,8.5,7,6,7.8,Passed,,
SP2025,SP2025-class 2,31,1905AIJECC,10,7,7.8,8.8,Passed,,
SP2025,SP2025-class 2,32,1905AIBIFA,8.5,7,5.4,7.7,Passed,,
SP2025,SP2025-class 2,33,1905AGAGCG,10,6.5,7.4,8.7,Passed,,
SP2025,SP2025-class 2,34,1905AIDCJB,8,4,6.8,7.1,Passed,,
SP2025,SP2025-class 2,35,1905AGCJJJ,7,4,4.6,6.2,Passed,,
SP2025,SP2025-class 3,1,1905AHCIFB,4,2.5,5.8,4.6,Not Passed,,
SP2025,SP2025-class 3,2,1905AIBBGJ,1,4,4.6,2.9,Not Passed,,
SP2025,SP2025-class 3,3,1905AFJCDD,0,0,0,0,Attendance Fail,,
SP2025,SP2025-class 3,4,1905AGADFC,3,4,5.4,4.8,Not Passed,,
SP2025,SP2025-class 3,5,1905AHCAAF,3,0,6.2,4,Not Passed,,
SP2025,SP2025-class 3,6,1905AHCJAA,4,0,6.2,4.2,Not Passed,,
SP2025,SP2025-class 3,7,1905AIJBII,3,0,5.6,3.4,Not Passed,,
SP2025,SP2025-class 3,8,1905AHJJII,10,0.5,8.4,7.5,Passed,,
SP2025,SP2025-class 3,9,1905AGCEFD,1,4,5.2,3,Not Passed,,
SP2025,SP2025-class 3,10,1905AHBIIC,3,0,3.4,3.2,Not Passed,,
SP2025,SP2025-class 3,11,1905AGJBAJ,0,0,0,0,Attendance Fail,,
SP2025,SP2025-class 3,12,1905AGAHCE,3,0,9.2,4.4,Not Passed,,
SP2025,SP2025-class 3,13,1905AEJGHC,10,7,7.6,8.6,Passed,,
SP2025,SP2025-class 3,14,1905AHEJIB,10,10,6.2,9.1,Passed,,
SP2025,SP2025-class 3,15,1905AHCJIC,3,0,8.4,4.2,Not Passed,,
SP2025,SP2025-class 3,16,1905AIDGEE,7,2,5,5.9,Passed,,
SP2025,SP2025-class 3,17,1905FCBAD,3,3.5,5.6,4.3,Not Passed,,
SP2025,SP2025-class 3,18,1905AHAGEF,10,4,7,7.8,Passed,,
SP2025,SP2025-class 3,19,1905AEJBBF,3,0,4,2.9,Not Passed,,
SP2025,SP2025-class 3,20,1905AGBBHE,3,0,8.8,4.2,Not Passed,,
SP2025,SP2025-class 3,21,1905AHBICD,7,3.5,5,6,Passed,,
SP2025,SP2025-class 3,22,1905AHJJGI,3,0.5,3.8,3.7,Not Passed,,
SP2025,SP2025-class 3,23,1905AIFFFA,9,0.5,6.6,6.7,Passed,,
SP2025,SP2025-class 3,24,1905AHAGII,10,4,8,8.1,Passed,,
SP2025,SP2025-class 3,25,1905AHAFGI,4,4,8.4,5.8,Passed,,
SP2025,SP2025-class 3,26,1905AICJJD,3,6.5,6,5.4,Passed,,
SP2025,SP2025-class 3,27,1905AGCDCG,3,7,5.8,5.1,Passed,,
SP2025,SP2025-class 3,28,1905AHJAGF,8,4,4.2,6.6,Passed,,
SP2025,SP2025-class 3,29,1905AGBJJB,10,4,7.8,7.7,Passed,,
SP2025,SP2025-class 3,30,1905AIAJDE,8,7,5.8,7.4,Passed,,
SP2025,SP2025-class 3,31,1905AGAAJE,3,0,9,4,Not Passed,,
SP2025,SP2025-class 3,32,1905AHJGAH,3,0,0,2.9,Not Passed,,
SP2025,SP2025-class 3,33,1905AGJEFB,5,4,5,5.4,Passed,,
SP2025,SP2025-class 3,34,1905AHBEDJ,3,9.5,4.4,5.7,Passed,,
SP2025,SP2025-class 3,35,1905AHBJFJ,3,4,4,4,Not Passed,,
SP2025,SP2025-class 4,1,1905AHJGCI,7.5,7,4.4,7.1,Passed,,
SP2025,SP2025-class 4,2,1905AIDCDG,6,3.5,4.8,5.8,Passed,,
SP2025,SP2025-class 4,3,1905AHBCFB,5.5,3.5,6.8,5.9,Passed,,
SP2025,SP2025-class 4,4,1905AIFFEI,5,4,6,5.8,Passed,,
SP2025,SP2025-class 4,5,1905AIBEDE,0,0,0,0,Attendance Fail,,
SP2025,SP2025-class 4,6,1905AHBBCE,7,6.5,4.8,6.7,Passed,,
SP2025,SP2025-class 4,7,1905AHBBAH,6.5,0,5.8,5.5,Not Passed,,
SP2025,SP2025-class 4,8,1905AIJGCD,9,5.5,6.4,7.8,Passed,,
SP2025,SP2025-class 4,9,1905AHBAAH,6.5,0,0,4,Not Passed,,
SP2025,SP2025-class 4,10,1905AHJCBG,8.5,4,8.2,7.5,Passed,,
SP2025,SP2025-class 4,11,1905AHBCHG,6,3.5,4.2,5.8,Passed,,
SP2025,SP2025-class 4,12,1905AFAJAG,8,3.5,4.6,6.2,Passed,,
SP2025,SP2025-class 4,13,1905AHJECE,0,0,0,0,Attendance Fail,,
SP2025,SP2025-class 4,14,1905AHDDIE,6,3.5,4.2,5.7,Passed,,
SP2025,SP2025-class 4,15,1905AHDEHJ,5,4,5.6,5.7,Passed,,
SP2025,SP2025-class 4,16,1905AIDHGF,9.5,10,7,9,Passed,,
SP2025,SP2025-class 4,17,1905AHDHFE,6.5,0,0,4.5,Not Passed,,
SP2025,SP2025-class 4,18,1905AHCCBE,8,4,5.8,6.5,Passed,,
SP2025,SP2025-class 4,19,1905AFAHDG,6,0,5.4,4.9,Not Passed,,
SP2025,SP2025-class 4,20,1905AGCCDF,6.5,3.5,4.4,5.9,Passed,,
SP2025,SP2025-class 4,21,1905AHBGED,6.5,0,4,5,Not Passed,,
SP2025,SP2025-class 4,22,1905AHBDBI,6.5,7,5.8,6.6,Passed,,
SP2025,SP2025-class 4,23,1905AGBBEC,7,0,0,4.6,Not Passed,,
SP2025,SP2025-class 4,24,1905AHBCEA,5.5,4,5.4,5.2,Passed,,
SP2025,SP2025-class 4,25,1905AIDBDI,8,0.5,4.4,5.9,Passed,,
SP2025,SP2025-class 4,26,1905AGJBIF,0,0,0,0,Attendance Fail,,
SP2025,SP2025-class 4,27,1905AIJGFD,7.5,4,6,6.7,Passed,,
SP2025,SP2025-class 4,28,1905AHDHIB,5,4,6.2,5.6,Passed,,
SP2025,SP2025-class 4,29,1905AFAEFJ,6,0,2.8,4.1,Not Passed,,
SP2025,SP2025-class 4,30,1905AHJGCD,7,7,5.2,6.9,Passed,,
SP2025,SP2025-class 4,31,1905AGABDD,0,0,0,0,Attendance Fail,,
SP2025,SP2025-class 4,32,1905AHDAAA,5.5,0,0,3.8,Not Passed,,
SP2025,SP2025-class 4,33,1905AICHFA,10,9.5,5.2,8.7,Passed,,
SP2025,SP2025-class 4,34,1905AIJACB,8,4,7,7.1,Passed,,
SP2025,SP2025-class 4,35,1905AHDDIH,6.5,4,6.4,6.6,Passed,,
SP2025,SP2025-class 4,36,1905AGCFJH,6,0,0,3.4,Not Passed,,
SP2025,SP2025-class 5,1,1905AHBGDA,7.4,5.5,5,6.3,Passed,,
SP2025,SP2025-class 5,2,1905AHCGAJ,0,0.5,5,2.1,Not Passed,,
SP2025,SP2025-class 5,3,0405ADJJFC,0,0,0,0,Attendance Fail,,
SP2025,SP2025-class 5,4,1905AIDACF,7.6,4,4.4,6.2,Passed,,
SP2025,SP2025-class 5,5,1905AHJFID,0,0,0,0.1,Attendance Fail,,
SP2025,SP2025-class 5,6,1905AEACFI,7.4,3.5,4.4,5.5,Passed,,
SP2025,SP2025-class 5,7,1905AIDFJH,6.1,6,5,6,Passed,,
SP2025,SP2025-class 5,8,1905AHBJBD,6.4,4,6.8,6,Passed,,
SP2025,SP2025-class 5,9,1905AIBEBG,7.6,6.5,7.8,7.6,Passed,,
SP2025,SP2025-class 5,10,1905AHJFJF,7.6,6.5,6.8,6.8,Passed,,
SP2025,SP2025-class 5,11,1905AHDACF,6.1,0,5,4.5,Not Passed,,
SP2025,SP2025-class 5,12,1905AIBBJC,6.4,3.5,5.6,6.3,Passed,,
SP2025,SP2025-class 5,13,1905AICIBH,7.6,4,6.8,7,Passed,,
SP2025,SP2025-class 5,14,1905AGCDBJ,7.4,0,5.6,5.8,Not Passed,,
SP2025,SP2025-class 5,15,1905AICDDC,6.9,4,6.6,6.3,Passed,,
SP2025,SP2025-class 5,16,1905AHBGEB,6.4,5.5,9,7.2,Passed,,
SP2025,SP2025-class 5,17,1919AHABCB,6.3,0.5,6.8,5.2,Passed,,
SP2025,SP2025-class 5,18,1901AGJJHJ,6.1,4,4.4,5.3,Passed,,
SP2025,SP2025-class 5,19,1905AHDDCJ,6.9,5.5,9.2,6.7,Passed,,
SP2025,SP2025-class 5,20,1905AIBAHH,6.4,4,5.4,6.3,Passed,,
SP2025,SP2025-class 5,21,1905AEADFI,6.9,5.5,8.8,7.1,Passed,,
SP2025,SP2025-class 5,22,1905AHBBID,7.6,4,4.4,6.1,Passed,,
SP2025,SP2025-class 5,23,1905AHJEAD,6.3,10,4.2,6.3,Passed,,
SP2025,SP2025-class 5,24,1905AHJCDJ,6.1,9.5,5.6,6.9,Passed,,
SP2025,SP2025-class 5,25,1905AIDJDC,7.6,4,4,6,Passed,,
SP2025,SP2025-class 5,26,1905AHCHEI,7.4,4,4.6,5.9,Passed,,
SP2025,SP2025-class 5,27,1905AHBGEC,6.9,3.5,6,6.2,Passed,,
SP2025,SP2025-class 5,28,1905ACJEIF,6.3,6.5,4,6,Passed,,
SP2025,SP2025-class 5,29,1905AHDCEA,6.3,4,5.4,5.8,Passed,,
SP2025,SP2025-class 5,30,1905AIJCEC,7.4,4,6.8,6.6,Passed,,
SP2025,SP2025-class 5,31,1905AIBCIG,7.6,6.5,5.6,7,Passed,,
SP2025,SP2025-class 5,32,1905AHCFIA,6.9,6.5,7.6,7.1,Passed,,
SP2025,SP2025-class 5,33,1905AHBEDD,6.3,3.5,7.2,6.3,Passed,,
SP2025,SP2025-class 5,34,1905AIDJGJ,7.6,3,6.2,6.6,Passed,,
SP2025,SP2025-class 5,35,1905AIBFEB,0,0,0,0.8,Attendance Fail,,
SP2025,SP2025-class 6,1,1905AHCCHC,10,8.5,7.2,8.9,Passed,,
SP2025,SP2025-class 6,2,1905AHJGHG,3,4,0,3.6,Not Passed,,
SP2025,SP2025-class 6,3,1905AIFCBA,10,10,8.8,9.5,Passed,,
SP2025,SP2025-class 6,4,1905AHCIFD,9,7,5.4,7.8,Passed,,
SP2025,SP2025-class 6,5,1905AHEJAD,8.5,0,4.6,5.4,Not Passed,,
SP2025,SP2025-class 6,6,1905AHJEIG,6,6.5,6.8,6.4,Passed,,
SP2025,SP2025-class 6,7,1905AHAIDC,4,0.5,6.6,4.4,Not Passed,,
SP2025,SP2025-class 6,8,1905AIFCAJ,0,0,0,0.4,Attendance Fail,,
SP2025,SP2025-class 6,9,1905AGBFGB,7,0,0,4.2,Not Passed,,
SP2025,SP2025-class 6,10,1905AGBJDA,0,0,0,0.6,Attendance Fail,,
SP2025,SP2025-class 6,11,1905AHJEDI,7,0,4.6,5,Not Passed,,
SP2025,SP2025-class 6,12,1905AHBFBD,9,8.5,6.6,8.2,Passed,,
SP2025,SP2025-class 6,13,1905AHDIJC,10,5.5,7,7.9,Passed,,
SP2025,SP2025-class 6,14,1905AIBCEG,10,10,7,9.2,Passed,,
SP2025,SP2025-class 6,15,1905AHBAHJ,10,9,6.4,8.8,Passed,,
SP2025,SP2025-class 6,16,1901AGJJHJ,1,0,0,1.5,Attendance Fail,,
SP2025,SP2025-class 6,17,1905AHCAIG,7,8.5,6.4,7.2,Passed,,
SP2025,SP2025-class 6,18,1905AIBDDI,8,7,6.2,7.5,Passed,,
SP2025,SP2025-class 6,19,1905AHBJGF,7,4.5,6,6.5,Passed,,
SP2025,SP2025-class 6,20,1905AIBEAC,6,0.5,4.6,4.9,Not Passed,,
SP2025,SP2025-class 6,21,1905AIJJJE,7,9.5,6.8,7.8,Passed,,
SP2025,SP2025-class 6,22,1905AICCDF,10,10,7.6,9,Passed,,
SP2025,SP2025-class 6,23,1905AHBBFJ,7,0.5,8.8,5.8,Passed,,
SP2025,SP2025-class 6,24,1905AHJFDD,5,5.5,5.4,5.9,Passed,,
SP2025,SP2025-class 6,25,1905AHJBDF,10,10,8.4,9.5,Passed,,
SP2025,SP2025-class 6,26,1905AHBFCH,6,6.5,6.4,6.5,Passed,,
SP2025,SP2025-class 6,27,1905AFAEGA,7,4.5,6,6.4,Passed,,
SP2025,SP2025-class 6,28,1905AFJIGC,0,0,0,0,Attendance Fail,,
SP2025,SP2025-class 6,29,1905AIFCJI,10,7,8.2,8.7,Passed,,
SP2025,SP2025-class 6,30,1905AHJDHH,7,4,5.6,6.5,Passed,,
SP2025,SP2025-class 6,31,1905AHBJJE,4,0,0,3,Not Passed,,
SP2025,SP2025-class 6,32,0805AHJAIE,6.5,9,9,7.4,Passed,,
SP2025,SP2025-class 6,33,1905AHJEID,0,0,0,0,Attendance Fail,,
SP2025,SP2025-class 6,34,1905AHBEFB,6.5,9,5.6,7.1,Passed,,
SP2025,SP2025-class 6,35,1905AHJBDA,10,8,8.2,9,Passed,,
SP2025,SP2025-class 7,1,1905AHBBBF,8,6,6.4,7.5,Passed,,
SP2025,SP2025-class 7,2,1905AHAFIA,9,4,6,7.4,Passed,,
SP2025,SP2025-class 7,3,1905AHDEHH,9,10,6.2,8.7,Passed,,
SP2025,SP2025-class 7,4,1905AHJBCD,8.5,9,6,8.2,Passed,,
SP2025,SP2025-class 7,5,1905AHAGJI,8,5.5,7.4,7.6,Passed,,
SP2025,SP2025-class 7,6,1905AHAGGE,8.5,9.5,6.4,8.2,Passed,,
SP2025,SP2025-class 7,7,1905AHDCHI,6,4,7,6.4,Passed,,
SP2025,SP2025-class 7,8,1905AHAHAC,6,8.5,5.8,6.8,Passed,,
SP2025,SP2025-class 7,9,1905AHCHJG,10,9.5,6.8,9.1,Passed,,
SP2025,SP2025-class 7,10,1905AHJFIF,1,0.5,0,2.2,Not Passed,,
SP2025,SP2025-class 7,11,1905AHJDBI,0,0,0,0.4,Attendance Fail,,
SP2025,SP2025-class 7,12,1905AHCJFB,9,9.5,6.2,8.7,Passed,,
SP2025,SP2025-class 7,13,1905AHCDBD,0,0,0,0.4,Attendance Fail,,
SP2025,SP2025-class 7,14,1905AHDEIG,5,0,0,3.5,Not Passed,,
SP2025,SP2025-class 7,15,1905AHJFHA,8.5,9.5,6.4,8.4,Passed,,
SP2025,SP2025-class 7,16,1905AHEJJH,10,9.5,8.6,9.6,Passed,,
SP2025,SP2025-class 7,17,1905AHBCEF,9,0,0,5.4,Not Passed,,
SP2025,SP2025-class 7,18,1905AHDCHH,8.5,0,6.4,6.5,Not Passed,,
SP2025,SP2025-class 7,19,1905AHBJJC,10,8.5,9,9.4,Passed,,
SP2025,SP2025-class 7,20,1905AHBEDC,9,5.5,7.8,8.1,Passed,,
SP2025,SP2025-class 7,21,1905AHDDCC,5,0,4.4,4.4,Not Passed,,
SP2025,SP2025-class 7,22,1905AHDEIC,0,0,0,0,Attendance Fail,,
SP2025,SP2025-class 7,23,1905AICDDH,7,6.5,6.2,7.2,Passed,,
SP2025,SP2025-class 7,24,1905AIBDIE,10,6.5,7,8.6,Passed,,
SP2025,SP2025-class 7,25,1905AICCGF,7,9.5,7.4,8,Passed,,
SP2025,SP2025-class 7,26,1905AIDFEG,8.5,4,8.4,7.7,Passed,,
SP2025,SP2025-class 7,27,1905AHAGJC,6,9.5,9,7.8,Passed,,
SP2025,SP2025-class 7,28,1905AHBFEB,7,0.5,4.8,5.6,Passed,,
SP2025,SP2025-class 7,29,1905AHDBCD,8.5,9.5,6.8,8.6,Passed,,
SP2025,SP2025-class 7,30,1905AHDDEH,8.5,0.5,6.6,6.6,Passed,,
SP2025,SP2025-class 7,31,1905AHJAIC,8.5,6.5,7.6,7.9,Passed,,
SP2025,SP2025-class 7,32,1905AHAGAA,9,6,7.2,8.1,Passed,,
SP2025,SP2025-class 7,33,1905AHBGCG,8.5,6.5,6.4,7.7,Passed,,
SP2025,SP2025-class 7,34,1905AHDJAH,7,0.5,5.6,5.8,Passed,,
SP2025,SP2025-class 7,35,1905AHAGGF,8.5,4,6.8,7.4,Passed,,
SP2025,SP2025-class 7,36,1905AHCBCB,9,9.5,8.2,8.5,Passed,,
SP2025,SP2025-class 8,1,1905AHBEBE,10,10,7,9.2,Passed,,
SP2025,SP2025-class 8,2,1905AHDIEB,1,0,0,0.6,Attendance Fail,,
SP2025,SP2025-class 8,3,1905AHDDBI,1,0,0,0.6,Attendance Fail,,
SP2025,SP2025-class 8,4,1905AIDGJD,1,0,0,0.6,Attendance Fail,,
SP2025,SP2025-class 8,5,1905AHBEAC,10,6.5,6.8,8.4,Passed,,
SP2025,SP2025-class 8,6,1905AHJDBA,1,0,0,0.9,Attendance Fail,,
SP2025,SP2025-class 8,7,1905AHCCHJ,1,0,0,0.6,Attendance Fail,,
SP2025,SP2025-class 8,8,1905AHJJGF,3,6.5,6.8,5.5,Passed,,
SP2025,SP2025-class 8,9,1905AHCAEF,8.5,10,6.2,8.3,Passed,,
SP2025,SP2025-class 8,10,1905AHDCEC,1,0,0,0.6,Attendance Fail,,
SP2025,SP2025-class 8,11,1905AFJEFJ,1,0,0,1,Attendance Fail,,
SP2025,SP2025-class 8,12,1905AICDHC,9,6.5,5.2,7.6,Passed,,
SP2025,SP2025-class 8,13,1905AHAHEE,10,10,7.8,9.3,Passed,,
SP2025,SP2025-class 8,14,1905AHCFHD,1,0,0,0.6,Attendance Fail,,
SP2025,SP2025-class 8,15,1905AHJEAB,1,0,0,0.9,Attendance Fail,,
SP2025,SP2025-class 8,16,1905AGCDAE,1,0,0,0.6,Attendance Fail,,
SP2025,SP2025-class 8,17,1905AHBEIB,10,6,7.8,8.4,Passed,,
SP2025,SP2025-class 8,18,1905AGCCDF,6,0,0,4.1,Not Passed,,
SP2025,SP2025-class 8,19,1905AGAEJE,1,0,0,0.9,Attendance Fail,,
SP2025,SP2025-class 8,20,1905AHBFJC,10,4,6,7.7,Passed,,
SP2025,SP2025-class 8,21,1905AHDDIJ,10,9,6.8,8.8,Passed,,
SP2025,SP2025-class 8,22,1905AHAECG,3,9,6.2,5.9,Passed,,
SP2025,SP2025-class 8,23,1905AHAGAH,1,0,0,1.2,Not Passed,,
SP2025,SP2025-class 8,24,1905AHDGFA,5.5,0,0,3.6,Not Passed,,
SP2025,SP2025-class 8,25,1905AHCAEE,10,7,6.8,8.5,Passed,,
SP2025,SP2025-class 8,26,1905AHBFJH,10,7,6.8,8.4,Passed,,
SP2025,SP2025-class 8,27,1905AGAFFE,3,10,3.6,5.4,Not Passed,,
SP2025,SP2025-class 8,28,1905AHDJBI,4,4.5,7,5.5,Passed,,
SP2025,SP2025-class 8,29,1905AIFDBA,8,10,6.4,8.2,Passed,,
SP2025,SP2025-class 8,30,1905AGBADE,8.5,6.5,6.2,7.7,Passed,,
SP2025,SP2025-class 8,31,1905AHEJFB,3,6.5,6.4,5.5,Passed,,
SP2025,SP2025-class 8,32,1905AHCFIC,1,0,0,0.6,Attendance Fail,,
SP2025,SP2025-class 8,33,1905AHJCDA,1,0,0,0.6,Attendance Fail,,
SP2025,SP2025-class 8,34,1905AFAGDD,3,10,4.6,5.8,Passed,,
SP2025,SP2025-class 8,35,1905AIFCJF,10,10,6.2,8.9,Passed,,
SP2025,SP2025-class 9,1,0405AHJGAC,9,9.5,6.8,8.7,Passed,,
SP2025,SP2025-class 9,2,1905AHJEDE,8,9.5,6,8.1,Passed,,
SP2025,SP2025-class 9,3,1905AHAHCF,10,9.5,7.6,9.3,Passed,,
SP2025,SP2025-class 9,4,1905AHAIBF,8.5,0,6,6.4,Not Passed,,
SP2025,SP2025-class 9,5,1905AHCBEH,7,5.5,5,6.4,Passed,,
SP2025,SP2025-class 9,6,1905AHJJFF,9,9,7.2,8.7,Passed,,
SP2025,SP2025-class 9,7,1905AHJEBI,8,9.5,7.4,8.4,Passed,,
SP2025,SP2025-class 9,8,1905AIBBFC,6,9.5,8,7.4,Passed,,
SP2025,SP2025-class 9,9,1905AGBDGE,10,9.5,8.8,9.5,Passed,,
SP2025,SP2025-class 9,10,1905AHJEFJ,9,9.5,6.6,8.7,Passed,,
SP2025,SP2025-class 9,11,1905AGBEBD,10,7.5,8,8.9,Passed,,
SP2025,SP2025-class 9,12,0805AHFDED,9,9.5,8.4,9,Passed,,
SP2025,SP2025-class 9,13,1905AGAIEH,7.5,3.5,4.6,6.3,Passed,,
SP2025,SP2025-class 9,14,0405AIJJDD,10,6,6.8,8.4,Passed,,
SP2025,SP2025-class 9,15,1905AIDFJF,6,0,5.4,5.1,Not Passed,,
SP2025,SP2025-class 9,16,1905AIDEFC,0,0,0,0.4,Not Passed,,
SP2025,SP2025-class 9,17,1905AHJJDD,9,4,7,7.7,Passed,,
SP2025,SP2025-class 9,18,1905AGAAHD,7.5,4,7.4,7,Passed,,
SP2025,SP2025-class 9,19,1905AHJFJE,9,0.5,4.8,6.5,Passed,,
SP2025,SP2025-class 9,20,1905AHAEAG,7.5,0,0,4.7,Not Passed,,
SP2025,SP2025-class 9,21,0405AHJAIF,9,9.5,6.2,8.6,Passed,,
SP2025,SP2025-class 9,22,1905AHJJDG,9,9.5,6.8,8.7,Passed,,
SP2025,SP2025-class 9,23,1905AHJJBI,0,0,0,0,Attendance Fail,,
SP2025,SP2025-class 9,24,1905AHDCBG,6,4,6.4,5.9,Passed,,
SP2025,SP2025-class 9,25,1905AHJJFD,9,9.5,7.4,8.8,Passed,,
SP2025,SP2025-class 9,26,1905AHJJDH,8.5,2.5,6.4,6.9,Passed,,
SP2025,SP2025-class 9,27,1905AGAGAC,10,8,7.6,8.9,Passed,,
SP2025,SP2025-class 9,28,1905AGBCCE,7.5,0.5,6.2,6.1,Passed,,
SP2025,SP2025-class 9,29,0405AHJEEC,8.5,9.5,7.4,8.5,Passed,,
SP2025,SP2025-class 9,30,1905AGCEAA,0,0,0,0,Attendance Fail,,
SP2025,SP2025-class 9,31,1905AGBAGE,0,0,0,0,Attendance Fail,,
SP2025,SP2025-class 9,32,1905AGABBB,9,4,5.8,7.3,Passed,,
SP2025,SP2025-class 9,33,1905AHBDBC,9,2.5,5.2,7,Passed,,
SP2025,SP2025-class 9,34,1905AGBJCH,7.5,9.5,8.4,8.3,Passed,,
SP2025,SP2025-class 9,35,1905AHCHIJ,8.5,0.5,4.6,5.7,Passed,,
SP2025,SP2025-class 10,1,1905AHJAHA,8,4,8.8,7.5,Passed,,
SP2025,SP2025-class 10,2,1905AGJEAH,7,9.5,7.8,8,Passed,,
SP2025,SP2025-class 10,3,1905AHJADI,9,5.5,7.4,8.1,Passed,,
SP2025,SP2025-class 10,4,1905AHAHED,10,9.5,6.8,9.2,Passed,,
SP2025,SP2025-class 10,5,1905AHJGAE,8.5,9,6.4,8.4,Passed,,
SP2025,SP2025-class 10,6,1905AHJEEB,10,0.5,8.4,7.8,Passed,,
SP2025,SP2025-class 10,7,1905AHBAJI,7,9,6.6,7.6,Passed,,
SP2025,SP2025-class 10,8,1905AHJJIJ,8,5,8,7.5,Passed,,
SP2025,SP2025-class 10,9,1905AHJAGG,8,10,8.8,8.5,Passed,,
SP2025,SP2025-class 10,10,1905AHJADD,9.5,8,8.4,8.9,Passed,,
SP2025,SP2025-class 10,11,1905AHJACB,8.5,4,6.8,7.4,Passed,,
SP2025,SP2025-class 10,12,1905AHJBIA,6,10,5.2,7,Passed,,
SP2025,SP2025-class 10,13,1905AGBJHF,8,10,7.4,8.4,Passed,,
SP2025,SP2025-class 10,14,1905AHBHFD,7,4.5,4.6,6.1,Passed,,
SP2025,SP2025-class 10,15,1905AHDDBJ,9,7.5,7.4,8.5,Passed,,
SP2025,SP2025-class 10,16,1905AHJECB,7,5,6.2,6.3,Not Passed,,
SP2025,SP2025-class 10,17,1905AHAHDC,7,4,6.8,6.6,Passed,,
SP2025,SP2025-class 10,18,1905AHAHBG,10,4.5,7.8,8.4,Passed,,
SP2025,SP2025-class 10,19,1905AHJBGI,9,8,7,8.5,Passed,,
SP2025,SP2025-class 10,20,1905AHCDJH,10,8.5,7,9.1,Passed,,
SP2025,SP2025-class 10,21,1905AHCAFC,9,9,7,8.5,Passed,,
SP2025,SP2025-class 10,22,1905AHJJHB,6,0,6.2,5.4,Not Passed,,
SP2025,SP2025-class 10,23,1905AHCBGG,8,0.5,5,6.1,Passed,,
SP2025,SP2025-class 10,24,1905AHDJJE,8,7.5,4.2,7.3,Passed,,
SP2025,SP2025-class 10,25,1905AHJAIE,9.5,7.5,7.6,8.7,Passed,,
SP2025,SP2025-class 10,26,1905AHAIAG,10,8.5,7,9.1,Passed,,
SP2025,SP2025-class 10,27,1905AHJAFB,9,4,4.6,7,Passed,,
SP2025,SP2025-class 10,28,1905AHJAGF,9,0,5,6.4,Not Passed,,
SP2025,SP2025-class 10,29,1905AHBBDJ,8.5,0.5,5.6,6.3,Passed,,
SP2025,SP2025-class 10,30,1905AGCAEF,8,0.5,4.4,5.9,Passed,,
SP2025,SP2025-class 10,31,1905AHJAFE,9,10,8.6,9.1,Passed,,
SP2025,SP2025-class 10,32,1905AHJAHF,9,9,6.8,8.6,Passed,,
SP2025,SP2025-class 10,33,1905AIDECJ,9,9,8,8.9,Passed,,
SP2025,SP2025-class 10,34,1905AHJAIH,9,9.5,9.4,9.2,Passed,,
SP2025,SP2025-class 10,35,1905AHJABF,9,5,6.6,7.8,Passed,,
SP2025,SP2025-class 11,1,1905AHDAEJ,9,2.5,5.2,6.8,Passed,,
SP2025,SP2025-class 11,2,1905AHJCJH,7,0.5,6.4,5.9,Passed,,
SP2025,SP2025-class 11,3,1905AHJDIB,7,0,6.8,5.9,Not Passed,,
SP2025,SP2025-class 11,4,1905AHJBBC,9,2.5,6.8,7.3,Passed,,
SP2025,SP2025-class 11,5,1905AHDIAC,7,7,8,7.7,Passed,,
SP2025,SP2025-class 11,6,1905AHBIHD,6,0,6,5.2,Not Passed,,
SP2025,SP2025-class 11,7,1905AHJCAI,9,8.5,8.8,8.9,Passed,,
SP2025,SP2025-class 11,8,1905AHJBJI,0,0,0,0.4,Not Passed,,
SP2025,SP2025-class 11,9,1905AHJCAE,7,4,6.4,6.6,Passed,,
SP2025,SP2025-class 11,10,1905AGCEFH,0,0,0,0.4,Attendance Fail,,
SP2025,SP2025-class 11,11,1905AHDFBC,7,2.5,6.8,6.5,Passed,,
SP2025,SP2025-class 11,12,1905AHCAHF,7,2.5,7,6.5,Passed,,
SP2025,SP2025-class 11,13,1905AGAGDE,7,0,5.6,5.6,Not Passed,,
SP2025,SP2025-class 11,14,1905AHDIAJ,7,4,7.2,6.8,Passed,,
SP2025,SP2025-class 11,15,1905AHJCAH,9,10,7.6,9,Passed,,
SP2025,SP2025-class 11,16,1905AGJCGD,0,0,0,0.4,Attendance Fail,,
SP2025,SP2025-class 11,17,1905AHAFFB,7,2.5,4.4,5.9,Passed,,
SP2025,SP2025-class 11,18,1905AGJBDD,0,0,0,0.4,Not Passed,,
SP2025,SP2025-class 11,19,1905AHDIAF,7,4,7.4,6.8,Passed,,
SP2025,SP2025-class 11,20,1905AHJBEB,7,8.5,6.2,7.5,Passed,,
SP2025,SP2025-class 11,21,1905AHJCDJ,8.5,0,0,5.3,Not Passed,,
SP2025,SP2025-class 11,22,1905AGABDD,7,0,0,4.3,Not Passed,,
SP2025,SP2025-class 11,23,1905AHJDFJ,8,7,6.6,7.9,Passed,,
SP2025,SP2025-class 11,24,1905AHAIIE,8.5,2.5,8,7.3,Passed,,
SP2025,SP2025-class 11,25,1905AGCDCG,6,0,0,3.9,Not Passed,,
SP2025,SP2025-class 11,26,1905AHDIJF,7,8.5,8.4,8,Passed,,
SP2025,SP2025-class 11,27,1905AHJCCA,7,2.5,6.4,6.3,Passed,,
SP2025,SP2025-class 11,28,1905AHJBEH,9,2.5,8.4,7.6,Passed,,
SP2025,SP2025-class 11,29,1905AHJCAF,7,2.5,6.8,6.4,Passed,,
SP2025,SP2025-class 11,30,1905AHDHCB,7,4,5.4,6.4,Passed,,
SP2025,SP2025-class 11,31,1905AGJBCE,8.5,0.5,5.8,6.3,Passed,,
SP2025,SP2025-class 11,32,1905AHJBGF,9,2.5,6,7.1,Passed,,
SP2025,SP2025-class 11,33,1905AHJBFF,9,2.5,6.4,7.1,Passed,,
SP2025,SP2025-class 11,34,1905AHBEDD,7,0,6.4,5.8,Not Passed,,
SP2025,SP2025-class 11,35,1905AHJCCI,7,0.5,7.4,6.1,Passed,,
SP2025,SP2025-class 12,1,1905AHJCEA,9.1,9.5,8,9.1,Passed,,
SP2025,SP2025-class 12,2,1905AHJDJJ,7.3,9.5,5,7.3,Passed,,
SP2025,SP2025-class 12,3,1905AHAGGA,10,4,5.8,7.4,Passed,,
SP2025,SP2025-class 12,4,1905AHBFCF,9.5,9.5,7,8.6,Passed,,
SP2025,SP2025-class 12,5,1905AHBJFG,0,0,0,0.3,Attendance Fail,,
SP2025,SP2025-class 12,6,1905AHJCGD,5.7,9.5,8,6.8,Passed,,
SP2025,SP2025-class 12,7,1905AHCJIE,5.7,4,6.2,5.2,Passed,,
SP2025,SP2025-class 12,8,1905AHAGHG,5.7,4,5.8,5.7,Passed,,
SP2025,SP2025-class 12,9,1905AHDEHD,9,0,7.6,6.6,Not Passed,,
SP2025,SP2025-class 12,10,1905AHJCFI,10,4,6.2,7.5,Passed,,
SP2025,SP2025-class 12,11,1905AHJDGJ,6.2,4,6.6,5.9,Passed,,
SP2025,SP2025-class 12,12,1905AHDEFG,9,4,7,7.4,Passed,,
SP2025,SP2025-class 12,13,1905AHJDBJ,9.5,6.5,7,8.3,Passed,,
SP2025,SP2025-class 12,14,1905AHJCDI,10,0,6.6,7.1,Not Passed,,
SP2025,SP2025-class 12,15,1905AHJDIE,6.2,6.5,7,6.7,Passed,,
SP2025,SP2025-class 12,16,1905AHBJHH,8.5,4,5.4,7.1,Passed,,
SP2025,SP2025-class 12,17,1905AHDEGA,9,4,6.6,7,Passed,,
SP2025,SP2025-class 12,18,1905AHJCAD,10,9.5,7.6,9.2,Passed,,
SP2025,SP2025-class 12,19,1905AHJCFH,9,6.5,5.6,7.2,Passed,,
SP2025,SP2025-class 12,20,1905AHJDDG,7.3,10,8.4,8.2,Passed,,
SP2025,SP2025-class 12,21,1905AGCJFB,5.7,9.5,4.4,6.4,Passed,,
SP2025,SP2025-class 12,22,1905AHJCHD,10,10,9.2,9.7,Passed,,
SP2025,SP2025-class 12,23,1905AHBJAA,10,9.5,7.2,9.1,Passed,,
SP2025,SP2025-class 12,24,1905AHJEJF,6.2,4,7.2,6.2,Passed,,
SP2025,SP2025-class 12,25,1905AHCHFJ,9.1,9,8.2,8.6,Passed,,
SP2025,SP2025-class 12,26,1905AHBAAG,10,9.5,7.2,9,Passed,,
SP2025,SP2025-class 12,27,1905AHAIHF,9.5,4,8.6,7.9,Passed,,
SP2025,SP2025-class 12,28,1905AHBAJA,9.5,9,7,8.6,Passed,,
SP2025,SP2025-class 12,29,1905AHJDBE,8.1,8,6,7.7,Passed,,
SP2025,SP2025-class 12,30,1905AHJDGA,6.2,9,7.8,7.4,Passed,,
SP2025,SP2025-class 12,31,1905AHJCII,7.3,9,7.6,7.8,Passed,,
SP2025,SP2025-class 12,32,1905AHJCGI,6.3,9.5,8.6,7.2,Passed,,
SP2025,SP2025-class 12,33,1905AHJDAC,10,2.5,7.6,7.3,Passed,,
SP2025,SP2025-class 12,34,1905AGBDFE,7.1,0,5.8,5.1,Not Passed,,
SP2025,SP2025-class 12,35,1905AHJDGF,8.1,9,8.8,8.5,Passed,,
SP2025,SP2025-class 13,1,1905AHCGGH,0,0,0,0,Attendance Fail,,
SP2025,SP2025-class 13,2,1905AEJFCD,2,0,0,1.9,Attendance Fail,,
SP2025,SP2025-class 13,3,1905AGADAC,5,10,6.2,6.5,Passed,,
SP2025,SP2025-class 13,4,1905AHDEEB,0,0,0,0,Attendance Fail,,
SP2025,SP2025-class 13,5,1705AGJAGI,0,0,0,0,Attendance Fail,,
SP2025,SP2025-class 13,6,1905AEJJEA,0,0,0,0,Attendance Fail,,
SP2025,SP2025-class 13,7,1905AGAECB,2,0,0,1.9,Attendance Fail,,
SP2025,SP2025-class 13,8,1905AGBDCE,10,0,0,5.1,Attendance Fail,,
SP2025,SP2025-class 13,9,1905AHAGJB,10,8.5,6.2,8.8,Passed,,
SP2025,SP2025-class 13,10,1905AHJEBB,0,0,0,0,Attendance Fail,,
SP2025,SP2025-class 13,11,1905AHAFEE,4,8,7.6,5.8,Passed,,
SP2025,SP2025-class 13,12,1905AICHEB,5,3.5,7.4,5.7,Passed,,
SP2025,SP2025-class 13,13,1905AGCCBI,0,0,0,0,Attendance Fail,,
SP2025,SP2025-class 13,14,1905AGCCEI,0,0,0,0.7,Attendance Fail,,
SP2025,SP2025-class 13,15,1905AHJEHJ,10,9.5,8.4,9.5,Passed,,
SP2025,SP2025-class 13,16,1905AHJEEF,10,6.5,7,8.5,Passed,,
SP2025,SP2025-class 13,17,1905AHJEHI,0,0,0,0,Attendance Fail,,
SP2025,SP2025-class 13,18,1905AHCIDD,4,7,7.2,5.6,Passed,,
SP2025,SP2025-class 13,19,1905AHJAGH,10,8,6.8,8.9,Passed,,
SP2025,SP2025-class 13,20,1905AHAFEF,7,4,8.2,6.9,Passed,,
SP2025,SP2025-class 13,21,1905AHCIHI,5,10,8.8,7,Passed,,
SP2025,SP2025-class 13,22,1905AHBHJH,10,4,7.6,8.2,Passed,,
SP2025,SP2025-class 13,23,1905AGCDBJ,2,0,6.2,3.2,Not Passed,,
SP2025,SP2025-class 13,24,1905AHBGID,4,4,5,4.5,Not Passed,,
SP2025,SP2025-class 13,25,1905AGADDJ,2,9.5,8.8,5.6,Passed,,
SP2025,SP2025-class 13,26,1905AIBAIA,10,8.5,8.4,9.2,Passed,,
SP2025,SP2025-class 13,27,1905AHCGDI,9,0,6.4,6.5,Not Passed,,
SP2025,SP2025-class 13,28,1905AHJEDF,0,0,0,0,Attendance Fail,,
SP2025,SP2025-class 13,29,1905AGCBAE,0,0,0,0,Attendance Fail,,
SP2025,SP2025-class 13,30,1905AHBHED,10,8,7.8,9.2,Passed,,
SP2025,SP2025-class 13,31,1905AHJDAI,0,0,0,0,Attendance Fail,,
SP2025,SP2025-class 13,32,1905AGBJJB,2,9.5,0,3.8,Attendance Fail,,
SP2025,SP2025-class 13,33,1905AHJGHC,0,0,0,0.9,Not Passed,,
SP2025,SP2025-class 13,34,1905AHJBGA,10,6.5,6.6,8.6,Passed,,
SP2025,SP2025-class 13,35,1905AHBGHH,10,8,6.6,8.7,Passed,,
SP2025,SP2025-class 14,1,1905AHJFFC,8.4,7,5.8,7.2,Passed,,
SP2025,SP2025-class 14,2,1905AHJDDF,8.4,7,6.6,7.4,Passed,,
SP2025,SP2025-class 14,3,1905AHCAGE,6,8.5,6.8,6.6,Passed,,
SP2025,SP2025-class 14,4,1905AHJGJG,8.4,2.5,7,6.7,Passed,,
SP2025,SP2025-class 14,5,1905AHBCDJ,7.2,0,5,5.1,Not Passed,,
SP2025,SP2025-class 14,6,1905AHJGGC,4.8,4,7,5.4,Passed,,
SP2025,SP2025-class 14,7,1905AHJFDH,8.4,9.5,6.6,8,Passed,,
SP2025,SP2025-class 14,8,1905AHJGBD,0,0,0,0,Attendance Fail,,
SP2025,SP2025-class 14,9,1905AHJFEG,4.8,0.5,5.8,4.3,Not Passed,,
SP2025,SP2025-class 14,10,1905AHJECE,0,0,0,0,Attendance Fail,,
SP2025,SP2025-class 14,11,1905AHJFJF,6,0.5,5.4,4.4,Not Passed,,
SP2025,SP2025-class 14,12,1905AGAECF,0,0,0,0,Attendance Fail,,
SP2025,SP2025-class 14,13,1905AHJGBB,10,7.5,7.2,8.2,Passed,,
SP2025,SP2025-class 14,14,1905AHBCFA,0,0,0,0,Attendance Fail,,
SP2025,SP2025-class 14,15,1905AHJGAI,9.6,4,7.4,7.8,Passed,,
SP2025,SP2025-class 14,16,1905AHJFDF,7.2,8.5,6.4,7.4,Passed,,
SP2025,SP2025-class 14,17,1905AHJGBH,8.4,9,5.4,7.7,Passed,,
SP2025,SP2025-class 14,18,1905AHJGCB,9.6,9.5,8,8.9,Passed,,
SP2025,SP2025-class 14,19,1905AHJFHE,8.4,9.5,8,8,Passed,,
SP2025,SP2025-class 14,20,1905AHJFAH,9.6,6.5,6.2,7.7,Passed,,
SP2025,SP2025-class 14,21,1905AHAFHB,6,4,6,5.7,Passed,,
SP2025,SP2025-class 14,22,1905AIJFHI,6,2,7.4,5.4,Passed,,
SP2025,SP2025-class 14,23,1905AHJGAJ,8.4,9.5,7.8,8.2,Passed,,
SP2025,SP2025-class 14,24,1905AHJGBG,9.6,7,6.8,8.1,Passed,,
SP2025,SP2025-class 14,25,1905AHDFCB,6,6,7.2,6.1,Passed,,
SP2025,SP2025-class 14,26,1905AHJGJF,9.6,9.5,7.4,8.7,Passed,,
SP2025,SP2025-class 14,27,1905AFAEFJ,0,0,0,0.8,Attendance Fail,,
SP2025,SP2025-class 14,28,1905AHJGBC,6,4,5.6,5.6,Passed,,
SP2025,SP2025-class 14,29,1905AHCEFJ,7.2,4,4.4,5.6,Passed,,
SP2025,SP2025-class 14,30,1905AGCGJD,4.8,10,5.2,6,Passed,,
SP2025,SP2025-class 14,31,1919AEJAED,6,2.5,0,3.6,Attendance Fail,,
SP2025,SP2025-class 14,32,1905AHJGCJ,10,7.5,8.4,8.7,Passed,,
SP2025,SP2025-class 14,33,1905AHJGAH,6,0,4.8,4.7,Not Passed,,
SP2025,SP2025-class 14,34,1905AHJGAB,8.6,10,5.4,8.1,Passed,,
SP2025,SP2025-class 14,35,1905AHJFEB,8.4,4,7.6,7,Passed,,
SP2025,SP2025-class 15,1,1905AHAFJC,0,0,0,0.4,Attendance Fail,,
SP2025,SP2025-class 15,2,1905AIBAEA,4,6.5,4.8,5.1,Passed,,
SP2025,SP2025-class 15,3,1905AHCJGB,7,0,4.2,5.3,Not Passed,,
SP2025,SP2025-class 15,4,1905AHAFEB,8,10,7.2,8.4,Passed,,
SP2025,SP2025-class 15,5,1905AHAEGI,9.5,10,7.6,9.2,Passed,,
SP2025,SP2025-class 15,6,1905AHBADC,8,10,7.8,8.6,Passed,,
SP2025,SP2025-class 15,7,1905AHJGHE,7,0,0,4.5,Not Passed,,
SP2025,SP2025-class 15,8,1905AHEJHA,10,4,7,8.1,Passed,,
SP2025,SP2025-class 15,9,1905AHBAEJ,8,7,6,7.4,Passed,,
SP2025,SP2025-class 15,10,1905AHAFED,7,8.5,9,7.8,Passed,,
SP2025,SP2025-class 15,11,1905AHAFJD,7,0,7.2,5.6,Not Passed,,
SP2025,SP2025-class 15,12,1905AHJBDB,10,7,5,7.7,Passed,,
SP2025,SP2025-class 15,13,1905AIBAAD,4,4,6.4,5.3,Passed,,
SP2025,SP2025-class 15,14,1905AHCIEA,4,5.5,6.8,5.4,Passed,,
SP2025,SP2025-class 15,15,1905AHBJHB,8,2.5,6.6,6.6,Passed,,
SP2025,SP2025-class 15,16,1905AGAEGG,0,0,0,0.3,Attendance Fail,,
SP2025,SP2025-class 15,17,1905AHAEDB,7,2.5,5,6,Passed,,
SP2025,SP2025-class 15,18,1905AGBJJD,6,0,6.6,5.1,Not Passed,,
SP2025,SP2025-class 15,19,1905AHAEGH,10,8.5,7.8,9,Passed,,
SP2025,SP2025-class 15,20,1905AHDJEG,6,0,8.6,5.7,Not Passed,,
SP2025,SP2025-class 15,21,1905AGCEAF,4,2.5,7.2,5.1,Passed,,
SP2025,SP2025-class 15,22,1905AHBACB,8,2.5,6,6.4,Passed,,
SP2025,SP2025-class 15,23,1905AHBHEH,4,2,6.4,4.5,Not Passed,,
SP2025,SP2025-class 15,24,1905ACJEJC,0,0,0,0,Attendance Fail,,
SP2025,SP2025-class 15,25,1905AHJDAJ,9.5,2,6.2,7.3,Passed,,
SP2025,SP2025-class 15,26,1905AHAFFH,9,2.5,7,7.2,Passed,,
SP2025,SP2025-class 15,27,1905AHJBBF,9,2.5,6,6.8,Passed,,
SP2025,SP2025-class 15,28,1905AHAEII,8,2.5,4.6,6.2,Passed,,
SP2025,SP2025-class 15,29,1905AGBDAC,0,0,0,0.4,Attendance Fail,,
SP2025,SP2025-class 15,30,1905AHDGCI,6,8.5,5.8,6.7,Passed,,
SP2025,SP2025-class 15,31,1905AHAEFA,9,2.5,6.6,6.9,Passed,,
SP2025,SP2025-class 15,32,1905AICIHC,8,1,6.4,6.3,Passed,,
SP2025,SP2025-class 15,33,1905AHAIGI,8,4,7.2,7.1,Passed,,
SP2025,SP2025-class 15,34,1905AIBABG,4,2.5,5,4.7,Not Passed,,
SP2025,SP2025-class 15,35,1905AHJGAF,7,2.5,8.6,6.6,Passed,,
SP2025,SP2025-class 16,1,1905AHCIFB,6,0,6.2,5,Not Passed,,
SP2025,SP2025-class 16,2,1905AGJACC,0,0,0,1.1,Attendance Fail,,
SP2025,SP2025-class 16,3,1905AGJEDF,5,9.5,8.8,7,Passed,,
SP2025,SP2025-class 16,4,1905AHDFJH,5,5,6.2,5.6,Passed,,
SP2025,SP2025-class 16,5,1905AHCGFE,5,9.5,6.6,6.5,Passed,,
SP2025,SP2025-class 16,6,1905ADAJAA,5,3.5,7.4,5.8,Passed,,
SP2025,SP2025-class 16,7,1905AHDBJE,5,0.5,9.2,5.2,Passed,,
SP2025,SP2025-class 16,8,1905AGBCCJ,0,0,0,1,Attendance Fail,,
SP2025,SP2025-class 16,9,1905AHCCAC,5.5,10,8.2,7.2,Passed,,
SP2025,SP2025-class 16,10,1905AGADEA,0,0,0,0,Attendance Fail,,
SP2025,SP2025-class 16,11,1905AHCCBE,6,0,5.2,4.8,Not Passed,,
SP2025,SP2025-class 16,12,1905AHAGEF,0,0,0,1,Attendance Fail,,
SP2025,SP2025-class 16,13,1905AHAGBH,6,10,5.6,6.9,Passed,,
SP2025,SP2025-class 16,14,1905AHAFHD,6.5,4,7.2,6.2,Passed,,
SP2025,SP2025-class 16,15,1905AHJCFA,6,7,0,5.1,Not Passed,,
SP2025,SP2025-class 16,16,1905AFJIHE,5,6,5.4,5.6,Passed,,
SP2025,SP2025-class 16,17,1905AHCHJA,5,4,6.4,5.3,Passed,,
SP2025,SP2025-class 16,18,1905AHCBHA,5,4,7.8,5.7,Passed,,
SP2025,SP2025-class 16,19,1905AICBCC,5,0,6.4,4.6,Not Passed,,
SP2025,SP2025-class 16,20,1905AHAGCG,6,4,7.4,6,Passed,,
SP2025,SP2025-class 16,21,1905AFJHAG,0,0,0,0,Attendance Fail,,
SP2025,SP2025-class 16,22,1905AHJAJD,5,9,6,6.3,Passed,,
SP2025,SP2025-class 16,23,1905AHAGIB,6,0.5,7,5.4,Passed,,
SP2025,SP2025-class 16,24,1905AHAGBJ,5,8,7,6.5,Passed,,
SP2025,SP2025-class 16,25,1905AGCDID,5,8.5,5.4,6.3,Passed,,
SP2025,SP2025-class 16,26,1905AHAGCA,6,10,8,7.6,Passed,,
SP2025,SP2025-class 16,27,1905AHAGCH,6,4.5,7.2,6,Passed,,
SP2025,SP2025-class 16,28,1905AHBDBB,6,7,7.4,6.6,Passed,,
SP2025,SP2025-class 16,29,1705AGJADI,0,0,0,0,Attendance Fail,,
SP2025,SP2025-class 16,30,1905AHAGCF,6,5,6.2,6,Passed,,
SP2025,SP2025-class 16,31,1905AGAFHG,5,0,6.6,4.6,Not Passed,,
SP2025,SP2025-class 16,32,1905AHDHJJ,5,3,7.2,5.5,Passed,,
SP2025,SP2025-class 16,33,1905AHBEDJ,5.5,0.5,0,3.6,Is Susspended,,
SP2025,SP2025-class 16,34,1905AHJEEJ,5,9.5,5.6,6.2,Passed,,
SP2025,SP2025-class 16,35,1905AHJJAB,6,6.5,6.8,6.3,Not Passed,,
SP2025,SP2025-class 17,1,1905AHDDCF,5,7,6.2,6,Passed,,
SP2025,SP2025-class 17,2,1905AFJCDD,0,0,0,0,Attendance Fail,,
SP2025,SP2025-class 17,3,1905AHJJED,6,4,7.4,6.2,Passed,,
SP2025,SP2025-class 17,4,1905AHBGCC,5,4,7.2,5.5,Passed,,
SP2025,SP2025-class 17,5,1905AHAGIC,6,7,6.6,6.5,Passed,,
SP2025,SP2025-class 17,6,1905AHAHFG,5,8.5,8,6.9,Passed,,
SP2025,SP2025-class 17,7,1905AHAGAB,6,2.5,6.2,5.4,Passed,,
SP2025,SP2025-class 17,8,1905AHAIBH,6,7,8.4,7.1,Passed,,
SP2025,SP2025-class 17,9,1905AGBFDJ,0,0,0,0,Attendance Fail,,
SP2025,SP2025-class 17,10,1905AHAHJC,6,8.5,6.8,6.9,Passed,,
SP2025,SP2025-class 17,11,1905AHAGEB,6,2.5,7.8,5.8,Passed,,
SP2025,SP2025-class 17,12,1905AHCDHA,0,0,0,1,Attendance Fail,,
SP2025,SP2025-class 17,13,1905AHDBAB,6,7,6.4,6.5,Passed,,
SP2025,SP2025-class 17,14,1905AHAGEI,0,0,0,1.1,Attendance Fail,,
SP2025,SP2025-class 17,15,1905AHCDJE,0,0,0,1.2,Attendance Fail,,
SP2025,SP2025-class 17,16,1905AHBIAB,0,0,0,0,Attendance Fail,,
SP2025,SP2025-class 17,17,1905AGBBAD,6,0.5,5.8,5,Passed,,
SP2025,SP2025-class 17,18,1905AHAHEB,6,5.5,8.2,6.6,Passed,,
SP2025,SP2025-class 17,19,1905AHAHFD,6,2.5,8,6,Passed,,
SP2025,SP2025-class 17,20,1905AGACHC,0,0,0,0,Attendance Fail,,
SP2025,SP2025-class 17,21,1905AEACFB,0,0,0,0,Attendance Fail,,
SP2025,SP2025-class 17,22,1905AICBEH,10,8.5,8.6,9.1,Passed,,
SP2025,SP2025-class 17,23,1905AHAGII,8.9,2.5,8.2,7.1,Passed,,
SP2025,SP2025-class 17,24,1905AHAHGB,5.5,2.5,6.6,5.5,Passed,,
SP2025,SP2025-class 17,25,1905AHCDGF,5,7,7.2,6.3,Passed,,
SP2025,SP2025-class 17,26,1905AHAIDA,0,0,0,1.2,Attendance Fail,,
SP2025,SP2025-class 17,27,1905AHAHJE,6,10,6.8,7.2,Passed,,
SP2025,SP2025-class 17,28,1905AHCEGJ,5,4,7.4,5.7,Passed,,
SP2025,SP2025-class 17,29,1905AHBCBE,5,0,6.4,4.6,Not Passed,,
SP2025,SP2025-class 17,30,1905AHAGIG,6,7,6.8,6.5,Passed,,
SP2025,SP2025-class 17,31,1905AHJJGG,6,4,7.2,6.1,Passed,,
SP2025,SP2025-class 17,32,1905AHAHAD,6,4,6,5.9,Passed,,
SP2025,SP2025-class 17,33,1905AGCFJH,0,0,0,0,Attendance Fail,,
SP2025,SP2025-class 17,34,1905AHAHJA,6.5,8.5,7.8,7.5,Passed,,
SP2025,SP2025-class 17,35,1905AICJBJ,9.8,2.5,7.4,7.3,Passed,,
SP2025,SP2025-class 18,1,1905AHBJDA,6,10,6.4,7,Passed,,
SP2025,SP2025-class 18,2,1905AIDEHJ,6,4,6,5.8,Passed,,
SP2025,SP2025-class 18,3,1905AHDEAH,5.5,9.5,8.2,7.2,Passed,,
SP2025,SP2025-class 18,4,1919AHABAI,7.8,4,6.8,6.7,Passed,,
SP2025,SP2025-class 18,5,1905AHJCEG,6,2.5,5,5.3,Passed,,
SP2025,SP2025-class 18,6,1905AIDJHC,5,0,0,3.3,Attendance Fail,,
SP2025,SP2025-class 18,7,1905AICIAD,5,9.5,9,7.4,Passed,,
SP2025,SP2025-class 18,8,1905AHAIIG,6,4,6.2,6.1,Passed,,
SP2025,SP2025-class 18,9,1905AHBJBB,0,0,0,1.2,Attendance Fail,,
SP2025,SP2025-class 18,10,1905AIBEBG,5,0,7,5,Not Passed,,
SP2025,SP2025-class 18,11,1905AHBJHA,6,4,5.8,5.6,Passed,,
SP2025,SP2025-class 18,12,1905AHBAJC,5,7,7.2,6.3,Passed,,
SP2025,SP2025-class 18,13,1905AHCBAB,6,0,5.4,4.8,Not Passed,,
SP2025,SP2025-class 18,14,1905AHBJDF,5,4,6.4,5.5,Passed,,
SP2025,SP2025-class 18,15,1905AHBFDG,0,0,0,1,Attendance Fail,,
SP2025,SP2025-class 18,16,1905AHDDJJ,6,4,7.4,6.3,Passed,,
SP2025,SP2025-class 18,17,1905AIDBJE,4,0.5,6,4.4,Not Passed,,
SP2025,SP2025-class 18,18,1905AHAIEG,6,4,7.2,6,Passed,,
SP2025,SP2025-class 18,19,1905AIDAHD,8.3,2.5,5.6,6.3,Passed,,
SP2025,SP2025-class 18,20,1905AIDAJH,5,9.5,8.4,7.1,Passed,,
SP2025,SP2025-class 18,21,1905AHBJGJ,0,0,0,1,Attendance Fail,,
SP2025,SP2025-class 18,22,1905AHAIHE,6,4,6.8,5.9,Passed,,
SP2025,SP2025-class 18,23,1905AHJFIH,5,4,8.2,5.8,Passed,,
SP2025,SP2025-class 18,24,1905AIDAGI,5,4,7,5.6,Passed,,
SP2025,SP2025-class 18,25,1905AHCIIB,5,0.5,7,5,Passed,,
SP2025,SP2025-class 18,26,1905AHJJBH,5,0.5,6.4,4.7,Not Passed,,
SP2025,SP2025-class 18,27,1905AHBJJD,6.5,6.5,8.2,7,Passed,,
SP2025,SP2025-class 18,28,1905AHBJBE,5,4,7.4,5.6,Passed,,
SP2025,SP2025-class 18,29,1905AHAIEH,6,4,6.8,6,Passed,,
SP2025,SP2025-class 18,30,1905AHBJAH,6,7,3.6,5.8,Not Passed,,
SP2025,SP2025-class 18,31,1905AHJFGA,5,4,6.8,5.6,Passed,,
SP2025,SP2025-class 18,32,1905AHCCCD,6.5,9.5,8.4,7.6,Passed,,
SP2025,SP2025-class 18,33,1905AHDJBE,6,6,7.2,6.3,Passed,,
SP2025,SP2025-class 18,34,1905AHAIED,6,9.5,5.4,6.7,Passed,,
SP2025,SP2025-class 18,35,1905AHBJII,10,0.5,7.8,7.6,Passed,,
SP2025,SP2025-class 19,1,1905AHDJHC,0,0,0,1,Attendance Fail,,
SP2025,SP2025-class 19,2,1905AHDEDF,6,6,8.4,6.6,Passed,,
SP2025,SP2025-class 19,3,1905AHDIED,0,0,0,1,Attendance Fail,,
SP2025,SP2025-class 19,4,1905AIDBIF,0,0,0,1,Attendance Fail,,
SP2025,SP2025-class 19,5,1905AIDIDA,6,0,5.6,4.9,Not Passed,,
SP2025,SP2025-class 19,6,1905AHAEBA,7.9,4,7.8,7.2,Passed,,
SP2025,SP2025-class 19,7,1905AHBBCE,6,0,0,3.6,Not Passed,,
SP2025,SP2025-class 19,8,1905AHBBAH,0,0,0,1,Attendance Fail,,
SP2025,SP2025-class 19,9,1905AHBAGH,6,1,6.2,5,Passed,,
SP2025,SP2025-class 19,10,1905AHBADF,6,4,7,5.9,Passed,,
SP2025,SP2025-class 19,11,1905AHBAAH,0,0,0,1,Attendance Fail,,
SP2025,SP2025-class 19,12,1905AHBAGJ,6,9.5,6.6,7,Passed,,
SP2025,SP2025-class 19,13,1905AEJGHC,7.5,0,8.4,6.3,Not Passed,,
SP2025,SP2025-class 19,14,1905AHBAEC,6,4,6.6,5.9,Passed,,
SP2025,SP2025-class 19,15,1905AHBACA,6.8,2,7.6,6.1,Passed,,
SP2025,SP2025-class 19,16,1905AIDGEE,5,4,5.6,5.3,Passed,,
SP2025,SP2025-class 19,17,1905AHBCIC,6.5,4,7.6,6,Passed,,
SP2025,SP2025-class 19,18,1905AHBBJH,5,0.5,6.2,4.6,Not Passed,,
SP2025,SP2025-class 19,19,1905ADJIBI,5,3.5,6.2,5.1,Not Passed,,
SP2025,SP2025-class 19,20,1905AGBBEC,0,0,0,1,Attendance Fail,,
SP2025,SP2025-class 19,21,1905AHBAGC,6,4,7.8,6.2,Passed,,
SP2025,SP2025-class 19,22,1905AHBAIF,6,2.5,6.2,5.5,Passed,,
SP2025,SP2025-class 19,23,1905AHCIAA,5,0,6.6,4.8,Not Passed,,
SP2025,SP2025-class 19,24,1905AHJDIG,0,0,0,1,Attendance Fail,,
SP2025,SP2025-class 19,25,1905AHBBAA,6.5,0,8,5.4,Not Passed,,
SP2025,SP2025-class 19,26,1905AHBACE,5,0,5.2,4.4,Not Passed,,
SP2025,SP2025-class 19,27,1905AHBADA,6,4,7.2,6.1,Passed,,
SP2025,SP2025-class 19,28,1905AHDEBG,6,10,7,7.1,Passed,,
SP2025,SP2025-class 19,29,1905AHJCBE,5,4,6.2,5.3,Passed,,
SP2025,SP2025-class 19,30,1905AHBBJG,5,9.5,6,6.5,Passed,,
SP2025,SP2025-class 19,31,1905AHJGBJ,0,0,0,1,Attendance Fail,,
SP2025,SP2025-class 19,32,1905AHBAFI,6,4,7.8,6.1,Passed,,
SP2025,SP2025-class 19,33,1905AHBBJC,6,4,8.2,6.2,Passed,,
SP2025,SP2025-class 19,34,1905AHBACD,5,2.5,5.6,5.1,Passed,,
SP2025,SP2025-class 19,35,1905AGCDGC,5,4,5.2,5.2,Passed,,
SP2025,SP2025-class 20,1,1905AHBCEI,4,0.5,8.2,5.1,Passed,,
SP2025,SP2025-class 20,2,1905AHBABE,4,5.5,7.8,5.4,Passed,,
SP2025,SP2025-class 20,3,1905AHBDBD,3,4,8.4,4.9,Not Passed,,
SP2025,SP2025-class 20,4,1905AHDBGI,5,4.5,7.4,6,Passed,,
SP2025,SP2025-class 20,5,1905AHBBGI,5,7,6.8,5.4,Passed,,
SP2025,SP2025-class 20,6,1905AHJCBG,4,0.5,6.4,4,Not Passed,,
SP2025,SP2025-class 20,7,1905AHBCHG,2,4,0,1.9,Not Passed,,
SP2025,SP2025-class 20,8,1905AHCDII,2,0,8.4,3.5,Not Passed,,
SP2025,SP2025-class 20,9,1905AHBDIH,9,6,7.2,7.9,Passed,,
SP2025,SP2025-class 20,10,1905AHBDHF,10,0.5,6.6,7.3,Passed,,
SP2025,SP2025-class 20,11,1905AHBCGF,0,0,0,0,Attendance Fail,,
SP2025,SP2025-class 20,12,1905AHBCGE,0,0,0,0.9,Attendance Fail,,
SP2025,SP2025-class 20,13,1905AIDHGF,2,0,0,1.8,Attendance Fail,,
SP2025,SP2025-class 20,14,1905AHBCFG,2,1.5,0,1.8,Not Passed,,
SP2025,SP2025-class 20,15,1905AHBBIC,6,7,7.4,6.5,Passed,,
SP2025,SP2025-class 20,16,1905AHBCIE,0,0,0,0,Attendance Fail,,
SP2025,SP2025-class 20,17,1905AFAEBA,2,4,0,2.6,Not Passed,,
SP2025,SP2025-class 20,18,1905AHJFGC,7,3,7.4,6.2,Passed,,
SP2025,SP2025-class 20,19,1905AHBDBI,2,0.5,0,2,Not Passed,,
SP2025,SP2025-class 20,20,1905AHBDIA,0,0,0,0,Attendance Fail,,
SP2025,SP2025-class 20,21,1905AHDJGC,10,7.5,7,8.5,Passed,,
SP2025,SP2025-class 20,22,1905AHDAJC,7,0,6.2,5.4,Not Passed,,
SP2025,SP2025-class 20,23,1905AHBBIA,5,0,0,3.2,Not Passed,,
SP2025,SP2025-class 20,24,1905AHBEAJ,4,9,6.6,5.8,Passed,,
SP2025,SP2025-class 20,25,1905AHBBHJ,10,5,7.4,7.1,Passed,,
SP2025,SP2025-class 20,26,1905AHAFFJ,4,10,8.6,6.5,Passed,,
SP2025,SP2025-class 20,27,1905AICIAA,2,0,0,1.8,Not Passed,,
SP2025,SP2025-class 20,28,1905AHJCEC,7,3.5,6.2,6.5,Passed,,
SP2025,SP2025-class 20,29,1905AHBBHF,2,0,0,1.8,Attendance Fail,,
SP2025,SP2025-class 20,30,1905AHJFGG,6,9.5,6.8,6.9,Passed,,
SP2025,SP2025-class 20,31,1905AEAACE,0,0,0,0,Attendance Fail,,
SP2025,SP2025-class 20,32,1905AHBCBD,10,4,5.4,7.9,Passed,,
SP2025,SP2025-class 20,33,1905AHEAJB,4,7.5,6.8,5.5,Passed,,
SP2025,SP2025-class 20,34,1905AIJFAB,3,10,7.6,5.8,Passed,,
SP2025,SP2025-class 20,35,1905AHBCGB,2,0.5,0,2,Attendance Fail,,
SP2025,SP2025-class 21,1,1905AHDDDF,7,0,5.4,5.4,Not Passed,,
SP2025,SP2025-class 21,2,1905AHDBHJ,7,4,5.6,6,Passed,,
SP2025,SP2025-class 21,3,1905AHBFGC,10,6.5,7,8.5,Passed,,
SP2025,SP2025-class 21,4,1905AIBHBG,6,0.5,6.2,5.1,Passed,,
SP2025,SP2025-class 21,5,1905AFAGDE,0,0,0,0,Attendance Fail,,
SP2025,SP2025-class 21,6,1905AHBFII,8,6.5,6.8,7.5,Passed,,
SP2025,SP2025-class 21,7,1905AHCJBC,8,9.5,7.2,8.1,Passed,,
SP2025,SP2025-class 21,8,1905AHCEAB,7.5,9,7,7.9,Passed,,
SP2025,SP2025-class 21,9,1905AHBFIH,6,0,6.4,5.1,Not Passed,,
SP2025,SP2025-class 21,10,1905AHBGJC,7,4,6.2,6.3,Passed,,
SP2025,SP2025-class 21,11,1905AHBGBC,8,6.5,7,7.7,Passed,,
SP2025,SP2025-class 21,12,1905AHBBDI,10,0.5,6,6.9,Passed,,
SP2025,SP2025-class 21,13,1905AHBFHB,7,8,5.4,6.8,Passed,,
SP2025,SP2025-class 21,14,1905AHBGAC,9,9.5,6.4,8.6,Passed,,
SP2025,SP2025-class 21,15,1905AHCEDA,7.5,4,7,6.8,Passed,,
SP2025,SP2025-class 21,16,1905AHCCHD,8.5,4,5.6,6.9,Passed,,
SP2025,SP2025-class 21,17,1905AHBGJB,6,4,6,5.7,Passed,,
SP2025,SP2025-class 21,18,1905AHBFFB,7,9.5,7.6,7.6,Passed,,
SP2025,SP2025-class 21,19,1905AHBGBI,7.5,0.5,5.6,5.8,Passed,,
SP2025,SP2025-class 21,20,1905AIBFAE,7,4,6.6,6.4,Passed,,
SP2025,SP2025-class 21,21,1905AHBFIF,9,4,6.8,7.6,Passed,,
SP2025,SP2025-class 21,22,1905AHBGJG,10,9.5,8.6,9.5,Passed,,
SP2025,SP2025-class 21,23,1905AHJFFE,0,0,0,0,Attendance Fail,,
SP2025,SP2025-class 21,24,1905AHBFCJ,9,6.5,6.2,7.8,Passed,,
SP2025,SP2025-class 21,25,1905AHBHJB,7,5,7.2,6.8,Passed,,
SP2025,SP2025-class 21,26,1905AHBGBA,3,0,0,2.6,Not Passed,,
SP2025,SP2025-class 21,27,1905AHJAGE,8.5,0,5.6,6,Not Passed,,
SP2025,SP2025-class 21,28,1905AHBGBB,9,6,6.8,7.8,Passed,,
SP2025,SP2025-class 21,29,1905AHBFFH,3,0.5,5,3.9,Not Passed,,
SP2025,SP2025-class 21,30,1905AHAHFC,9,10,8.4,9,Passed,,
SP2025,SP2025-class 21,31,1905AHCJEH,8,0.5,4.6,5.5,Passed,,
SP2025,SP2025-class 21,32,1905AHJEEH,8.5,4,6.6,7,Passed,,
SP2025,SP2025-class 21,33,1905AHCCIF,10,5,5.4,7.7,Passed,,
SP2025,SP2025-class 21,34,1905AHBFGA,7,4,5.4,6.2,Passed,,
SP2025,SP2025-class 21,35,1905AHBFIA,8,9.5,6.2,8,Passed,,
SP2025,SP2025-class 22,1,1905AHCHFF,6,2,7.6,4.6,Not Passed,,
SP2025,SP2025-class 22,2,1905AHCHDI,6,7.5,7.4,5.8,Passed,,
SP2025,SP2025-class 22,3,1905AICAAD,10,6.5,8.2,8.9,Passed,,
SP2025,SP2025-class 22,4,1905AHBGGC,4,4,5.8,4.7,Not Passed,,
SP2025,SP2025-class 22,5,1905AIDFHB,0,0,0,0,Attendance Fail,,
SP2025,SP2025-class 22,6,1905AHDCBF,4,9.5,6.4,5.8,Passed,,
SP2025,SP2025-class 22,7,1905AHDFAC,1,0,0,0.5,Not Passed,,
SP2025,SP2025-class 22,8,1905AHBGFG,2,4,7.4,4.5,Not Passed,,
SP2025,SP2025-class 22,9,1905AHBHAD,10,3.5,6.4,7.5,Passed,,
SP2025,SP2025-class 22,10,1905AHJJIA,4,2.5,7.2,4.5,Not Passed,,
SP2025,SP2025-class 22,11,1905AHDAED,10,4,6.8,8,Passed,,
SP2025,SP2025-class 22,12,1905AHBGFD,4,2.5,9,4.9,Not Passed,,
SP2025,SP2025-class 22,13,1905AHBHEA,4,2,6,4.3,Not Passed,,
SP2025,SP2025-class 22,14,1905AHJEHG,10,9.5,6.4,9.2,Passed,,
SP2025,SP2025-class 22,15,1905AHBJHI,10,10,9,9.7,Passed,,
SP2025,SP2025-class 22,16,1905AHCCHG,4,9.5,7.2,6,Passed,,
SP2025,SP2025-class 22,17,1905AHBGFI,8,4.5,6,7,Passed,,
SP2025,SP2025-class 22,18,1905AHBGEE,4,10,9,5.9,Passed,,
SP2025,SP2025-class 22,19,1905AHDDCJ,0,0,0,0,Attendance Fail,,
SP2025,SP2025-class 22,20,1905AHBHGH,0,0,0,0,Attendance Fail,,
SP2025,SP2025-class 22,21,1905AHBBID,1,0.5,0,1.4,Not Passed,,
SP2025,SP2025-class 22,22,1905AHAGFH,0,0,0,0,Attendance Fail,,
SP2025,SP2025-class 22,23,1905AHBGDB,8,7.5,7,8,Passed,,
SP2025,SP2025-class 22,24,1905AHBJCH,2,8,7.6,5,Passed,,
SP2025,SP2025-class 22,25,1905AGADIH,0,0,0,0.9,Attendance Fail,,
SP2025,SP2025-class 22,26,1905AHCICI,4,4,7,5.2,Passed,,
SP2025,SP2025-class 22,27,1905AHBAJG,10,8,7.6,9,Passed,,
SP2025,SP2025-class 22,28,1905AHDBFE,4,3.5,3.8,4,Not Passed,,
SP2025,SP2025-class 22,29,1905AGJDCJ,0,0,0,0,Attendance Fail,,
SP2025,SP2025-class 22,30,1905AHBDCD,9,7.5,6.6,8.3,Passed,,
SP2025,SP2025-class 22,31,1905AHBAEF,4,9.5,6.8,6,Passed,,
SP2025,SP2025-class 22,32,1905AHAEBH,2,7,5.8,4.4,Not Passed,,
SP2025,SP2025-class 22,33,1905AHCAAC,0,0,0,0,Attendance Fail,,
SP2025,SP2025-class 22,34,1905AHCDJA,0,0,0,0,Attendance Fail,,
SP2025,SP2025-class 22,35,1905AHAFII,0,0,0,0,Attendance Fail,,
SP2025,SP2025-class 23,1,1905AHCAAF,2,0,0,1.5,Not Passed,,
SP2025,SP2025-class 23,2,1905AHCJAA,2,0,0,1.8,Not Passed,,
SP2025,SP2025-class 23,3,1905AHJEFF,7,7,6.8,7.5,Passed,,
SP2025,SP2025-class 23,4,1905AHCBCG,7,8.5,7.2,7.9,Passed,,
SP2025,SP2025-class 23,5,1905AIDFJH,4,0,0,2.5,Not Passed,,
SP2025,SP2025-class 23,6,1905AHBIIC,2,0,0,1.8,Not Passed,,
SP2025,SP2025-class 23,7,1905AHBICF,0,0,0,0,Attendance Fail,,
SP2025,SP2025-class 23,8,1905AHBIAD,7,3.5,6.6,6.1,Passed,,
SP2025,SP2025-class 23,9,1905AHCABE,4,10,8.2,6.4,Passed,,
SP2025,SP2025-class 23,10,1905AHDHBJ,2,4,4,3.4,Not Passed,,
SP2025,SP2025-class 23,11,1905AHCJIC,2,1,0,1.7,Not Passed,,
SP2025,SP2025-class 23,12,1905AHCABG,10,7,8,8.9,Passed,,
SP2025,SP2025-class 23,13,1905AHAICB,4,4,7.4,5.4,Passed,,
SP2025,SP2025-class 23,14,1905AHCJGF,7,10,7.2,7.2,Passed,,
SP2025,SP2025-class 23,15,1905AGBEDD,2,3.5,0,2.6,Attendance Fail,,
SP2025,SP2025-class 23,16,1905AHCHFD,10,4,5.6,7.1,Passed,,
SP2025,SP2025-class 23,17,1905AHBIFH,7.5,4,7,6.4,Passed,,
SP2025,SP2025-class 23,18,1905AHDHFB,3,0,0,2.2,Not Passed,,
SP2025,SP2025-class 23,19,1905AHBICD,2,4,0,2.6,Not Passed,,
SP2025,SP2025-class 23,20,1905AHJEED,10,10,7.4,9.5,Passed,,
SP2025,SP2025-class 23,21,1905AHDBBC,10,5,7,8.3,Passed,,
SP2025,SP2025-class 23,22,1905AHCCAI,9,0,5.8,6.6,Not Passed,,
SP2025,SP2025-class 23,23,1905AHBIBH,4,9.5,6,5.8,Passed,,
SP2025,SP2025-class 23,24,1905AHJBII,1,2,5.4,2.9,Not Passed,,
SP2025,SP2025-class 23,25,1905AHJDCJ,7,4,6.6,6,Passed,,
SP2025,SP2025-class 23,26,1905AHAEGC,10,5.5,6,7.8,Passed,,
SP2025,SP2025-class 23,27,1905AHCAEB,4,4,9,5.2,Passed,,
SP2025,SP2025-class 23,28,1905AHBIGI,4,0.5,4,3.6,Not Passed,,
SP2025,SP2025-class 23,29,1905AHJAJG,4,4,8.2,5.1,Passed,,
SP2025,SP2025-class 23,30,1905AHBABA,2,10,6.8,5.3,Passed,,
SP2025,SP2025-class 23,31,1905AHBEAI,4,10,8.8,6.4,Passed,,
SP2025,SP2025-class 23,32,1905AHBDDG,0,0,4,1.6,Not Passed,,
SP2025,SP2025-class 23,33,1905AHCBFI,2,0.5,4.4,2.8,Not Passed,,
SP2025,SP2025-class 23,34,1905AHCJEA,4,3.5,7.6,4.8,Not Passed,,
SP2025,SP2025-class 23,35,1905AHJEEA,7,6.5,6.8,7.3,Passed,,
SP2025,SP2025-class 24,1,1905AHCCCF,3.3,10,6.2,6.2,Passed,,
SP2025,SP2025-class 24,2,1905AHCBDA,4.3,0,4.8,4.4,Not Passed,,
SP2025,SP2025-class 24,3,1905AHBAJF,9.5,8.5,7.2,8.7,Passed,,
SP2025,SP2025-class 24,4,1905AIJBIH,2.5,0,7.2,3.8,Not Passed,,
SP2025,SP2025-class 24,5,1905AHBJBD,3,0,0,2.8,Not Passed,,
SP2025,SP2025-class 24,6,1905AHDJHF,10,0,9.4,7.8,Not Passed,,
SP2025,SP2025-class 24,7,1905AHBFBB,0,0,0,0.1,Attendance Fail,,
SP2025,SP2025-class 24,8,1905AHAGDA,7,4,7.4,6.6,Passed,,
SP2025,SP2025-class 24,9,1905AHJBDE,0,0,0,0.4,Attendance Fail,,
SP2025,SP2025-class 24,10,1905AHCCFF,4,7,7.2,6.2,Passed,,
SP2025,SP2025-class 24,11,1905AHCDEI,2.5,0,0,2.1,Not Passed,,
SP2025,SP2025-class 24,12,1905AHCECC,8,5,6.8,7.2,Passed,,
SP2025,SP2025-class 24,13,1905AHCEBG,3.3,2.5,8,5,Passed,,
SP2025,SP2025-class 24,14,1905AHDDCE,2.5,4,5.2,4.2,Not Passed,,
SP2025,SP2025-class 24,15,1905AHCDCB,2.5,0.5,5,3.8,Not Passed,,
SP2025,SP2025-class 24,16,1905AHJECD,2.5,0.5,3.8,3.3,Not Passed,,
SP2025,SP2025-class 24,17,1905AHCCFE,4,4,6.4,5.4,Passed,,
SP2025,SP2025-class 24,18,1905AHDFEH,4,4,9.2,5.9,Passed,,
SP2025,SP2025-class 24,19,1905AHBFDC,10,0.5,7.6,7.5,Passed,,
SP2025,SP2025-class 24,20,1905AHCEAG,2,10,6.8,5.3,Passed,,
SP2025,SP2025-class 24,21,1905AHAFGI,5.3,0,5.4,5,Not Passed,,
SP2025,SP2025-class 24,22,1905AGJBGF,0,0,0,0.6,Attendance Fail,,
SP2025,SP2025-class 24,23,1905AIFBEC,10,4,8.2,8.3,Passed,,
SP2025,SP2025-class 24,24,1905AHDFAF,10,4,7.2,8,Passed,,
SP2025,SP2025-class 24,25,1905AHCBJA,4.3,0.5,6,4.6,Not Passed,,
SP2025,SP2025-class 24,26,1905AHDGDF,3,0.5,4.8,3.8,Not Passed,,
SP2025,SP2025-class 24,27,1905AGJBIA,7.5,4,4.2,5.9,Passed,,
SP2025,SP2025-class 24,28,1905AGAAFB,4,0.5,4.6,4.2,Not Passed,,
SP2025,SP2025-class 24,29,1905AFJDIC,0,0,0,0.1,Attendance Fail,,
SP2025,SP2025-class 24,30,1905AGAIHH,0,0,0,0.9,Not Passed,,
SP2025,SP2025-class 24,31,1905AHBEHH,10,10,8,9.4,Passed,,
SP2025,SP2025-class 24,32,1905AHCDEG,10,7,7.6,8.7,Passed,,
SP2025,SP2025-class 24,33,1901AGJAEI,0,4,8,3.6,Not Passed,,
SP2025,SP2025-class 24,34,1905AHAFIE,3.5,0,6.2,4.3,Not Passed,,
SP2025,SP2025-class 24,35,1905AFBJGD,3,4,7,4.7,Not Passed,,
SP2025,SP2025-class 25,1,1905AICGDD,8.4,0,5.6,5.8,Not Passed,,
SP2025,SP2025-class 25,2,1905AHCBGA,0,0,0,0.5,Attendance Fail,,
SP2025,SP2025-class 25,3,1905AHCGIG,7.2,5.5,6.4,6.6,Passed,,
SP2025,SP2025-class 25,4,1905AHCFHE,8.4,5,6.8,7.3,Passed,,
SP2025,SP2025-class 25,5,1905AHCIJB,4.8,0,6.6,4.6,Not Passed,,
SP2025,SP2025-class 25,6,1905AHCFDE,9.6,7,6,7.7,Passed,,
SP2025,SP2025-class 25,7,1905AHCFGA,9.6,5,8,8.1,Passed,,
SP2025,SP2025-class 25,8,1905AHAFHC,9.6,5,6.8,7.8,Passed,,
SP2025,SP2025-class 25,9,1905AIFDIE,8.4,5.5,7.6,7.5,Passed,,
SP2025,SP2025-class 25,10,1905AIDFHC,9.6,9.5,7.8,9,Passed,,
SP2025,SP2025-class 25,11,1905AGACJF,4.8,0,5.2,4.2,Not Passed,,
SP2025,SP2025-class 25,12,1905AFACGE,0,0,0,0,Attendance Fail,,
SP2025,SP2025-class 25,13,1905AHCEIJ,7.2,9.5,6.2,7.4,Passed,,
SP2025,SP2025-class 25,14,1905AIFDJE,10,8.5,8,9,Passed,,
SP2025,SP2025-class 25,15,1905AIDJAG,9.6,4,6.8,7.8,Passed,,
SP2025,SP2025-class 25,16,1905AHCFDA,4.8,4,6.8,5,Passed,,
SP2025,SP2025-class 25,17,1905AHCFGE,6,0.5,6.8,5.1,Passed,,
SP2025,SP2025-class 25,18,1905AHCGJB,7.2,9,6.8,7.4,Passed,,
SP2025,SP2025-class 25,19,1905AIFDJG,4.8,9,5.2,5.9,Passed,,
SP2025,SP2025-class 25,20,1905AHCEHI,7.2,0,0,3.8,Not Passed,,
SP2025,SP2025-class 25,21,1905AHCGHB,7.2,4,6.2,6,Passed,,
SP2025,SP2025-class 25,22,1905AFJBFA,0,0,0,0.3,Attendance Fail,,
SP2025,SP2025-class 25,23,1905AHCGHC,0,0,0,0.3,Attendance Fail,,
SP2025,SP2025-class 25,24,1905AHCGIH,9.6,8.5,6.4,8.3,Passed,,
SP2025,SP2025-class 25,25,1905AHCFIJ,7.2,5.5,6.6,6.6,Passed,,
SP2025,SP2025-class 25,26,1905AHCFAC,6,7,6.8,6.4,Passed,,
SP2025,SP2025-class 25,27,1905AIAABE,0,0,0,0,Attendance Fail,,
SP2025,SP2025-class 25,28,1905AFJIHC,0,0,0,0,Attendance Fail,,
SP2025,SP2025-class 25,29,1905AHAGBG,4.8,0,0,3,Not Passed,,
SP2025,SP2025-class 25,30,1905AGBAFC,0,0,0,0,Attendance Fail,,
SP2025,SP2025-class 25,31,1905AHCEHJ,6,5.5,5.4,5.7,Passed,,
SP2025,SP2025-class 25,32,1905AHCHAG,8.4,2.5,7.8,7,Passed,,
SP2025,SP2025-class 25,33,1905AHCGGD,8.6,4,6,6.7,Passed,,
SP2025,SP2025-class 25,34,1905AHCFGI,8.4,4,6.4,6.8,Passed,,
SP2025,SP2025-class 25,35,1905AHDJGD,0,0,0,0.3,Attendance Fail,,
SP2025,SP2025-class 26,1,1905AHBFCC,3,4,8.4,5.4,Passed,,
SP2025,SP2025-class 26,2,1905AHDABE,3,7,7.6,5.1,Passed,,
SP2025,SP2025-class 26,3,1905AGBEFG,3,4.5,8,4.7,Not Passed,,
SP2025,SP2025-class 26,4,1905ADJEAC,1,0,0,1.9,Attendance Fail,,
SP2025,SP2025-class 26,5,1905AHDAGG,1,0,0,1.1,Attendance Fail,,
SP2025,SP2025-class 26,6,1905AGJAHC,8,4.5,6.4,7.1,Passed,,
SP2025,SP2025-class 26,7,1905AHBFDB,10,0.5,7.4,7.3,Passed,,
SP2025,SP2025-class 26,8,1905AHCIHD,3,4,3.6,3.8,Not Passed,,
SP2025,SP2025-class 26,9,1905AHAGHA,3,0.5,0,2.8,Not Passed,,
SP2025,SP2025-class 26,10,1905AHDJID,3,5.5,8.6,5,Passed,,
SP2025,SP2025-class 26,11,1905AHBJGC,10,0.5,7.2,7.3,Passed,,
SP2025,SP2025-class 26,12,1905AHDAEH,1,0,0,0.9,Attendance Fail,,
SP2025,SP2025-class 26,13,1905AHEJIB,3,0,0,2.6,Not Passed,,
SP2025,SP2025-class 26,14,1905AHDACF,1,0,0,1,Attendance Fail,,
SP2025,SP2025-class 26,15,1905AHAGDD,10,4,6.8,7.9,Passed,,
SP2025,SP2025-class 26,16,1905AHJGGH,3,5.5,5.4,5,Passed,,
SP2025,SP2025-class 26,17,1919AHAJGD,10,7.5,7.8,8.8,Passed,,
SP2025,SP2025-class 26,18,1905AHBABJ,3,9,8.4,6.4,Passed,,
SP2025,SP2025-class 26,19,1905AHCHIC,3,0,0,2.1,Attendance Fail,,
SP2025,SP2025-class 26,20,1905AGJBCG,7,5.5,7.8,7.1,Passed,,
SP2025,SP2025-class 26,21,1905AHDJFH,8.5,6.5,5.4,7.5,Passed,,
SP2025,SP2025-class 26,22,1905AFBJCD,5,6,5.4,5.6,Passed,,
SP2025,SP2025-class 26,23,1905AHJCCH,1,0,0,0.6,Attendance Fail,,
SP2025,SP2025-class 26,24,1905AGCJIC,1,0,0,1.1,Attendance Fail,,
SP2025,SP2025-class 26,25,1905AHBIED,1,0,0,0.6,Attendance Fail,,
SP2025,SP2025-class 26,26,1905AFAIEA,3,0,5.4,3.2,Not Passed,,
SP2025,SP2025-class 26,27,1905AHAGHJ,3,2.5,7,4.7,Not Passed,,
SP2025,SP2025-class 26,28,1905AIBJDG,5,9,5,6.6,Passed,,
SP2025,SP2025-class 26,29,1905AHAEDH,7,8.5,7.6,7.8,Passed,,
SP2025,SP2025-class 26,30,1905AHCHID,4,0,0,2.9,Attendance Fail,,
SP2025,SP2025-class 26,31,1905ADJFJE,1,0,0,0.6,Attendance Fail,,
SP2025,SP2025-class 26,32,1905AHBJEG,3,0,5.2,3.6,Not Passed,,
SP2025,SP2025-class 26,33,1905AGACAD,3,0,0,2.2,Not Passed,,
SP2025,SP2025-class 26,34,1905AGAIGF,1,0,0,1,Attendance Fail,,
SP2025,SP2025-class 26,35,1905AHBABC,1,0,0,0.6,Attendance Fail,,
SP2025,SP2025-class 27,1,1905AHDCJH,9,8.5,6.8,8.5,Passed,,
SP2025,SP2025-class 27,2,1905AHDBBG,7,10,6.6,7.9,Passed,,
SP2025,SP2025-class 27,3,1919AHAJAG,7,7.5,6.4,7.2,Passed,,
SP2025,SP2025-class 27,4,1905AGCFGA,0,0,0,0,Attendance Fail,,
SP2025,SP2025-class 27,5,1905AGBFCI,8,10,6.6,8.2,Passed,,
SP2025,SP2025-class 27,6,1905AHDCEH,9,9.5,7.8,8.9,Passed,,
SP2025,SP2025-class 27,7,1905AHDBEB,7,10,5.8,7.7,Passed,,
SP2025,SP2025-class 27,8,1905AHDBAI,8,10,7.2,8.4,Passed,,
SP2025,SP2025-class 27,9,1905AHDIFF,7,10,5.4,7.6,Passed,,
SP2025,SP2025-class 27,10,1905AHDBDH,7,10,5,7.4,Passed,,
SP2025,SP2025-class 27,11,1905AHDCCG,9,9.5,6.2,8.5,Passed,,
SP2025,SP2025-class 27,12,1905AHDFJG,7,4,6.4,6.6,Passed,,
SP2025,SP2025-class 27,13,1905AHDCCD,9,5,7.2,7.8,Passed,,
SP2025,SP2025-class 27,14,1905AHDBEH,10,9,7.8,9.2,Passed,,
SP2025,SP2025-class 27,15,1905AHDAFC,7,4,5,6.3,Passed,,
SP2025,SP2025-class 27,16,1905AHBGEB,6,0,5.2,5,Not Passed,,
SP2025,SP2025-class 27,17,1905AHDAIG,7.5,4,4.8,6.5,Passed,,
SP2025,SP2025-class 27,18,1905AHDCCB,8.5,9.5,6.4,8.2,Passed,,
SP2025,SP2025-class 27,19,1905AHDBIG,9,5,7.4,7.9,Passed,,
SP2025,SP2025-class 27,20,1905AGAFBH,0,0,0,0.7,Attendance Fail,,
SP2025,SP2025-class 27,21,1905AHDCAF,9,9.5,8.2,8.9,Passed,,
SP2025,SP2025-class 27,22,1905AHCCJF,9,3.5,4.8,7,Passed,,
SP2025,SP2025-class 27,23,1905AHDBDF,6,9,5.6,6.9,Passed,,
SP2025,SP2025-class 27,24,1905AHBBGF,8,4,5.8,6.9,Passed,,
SP2025,SP2025-class 27,25,1905AHDAII,7,4,6.4,6.6,Passed,,
SP2025,SP2025-class 27,26,1905AHDBEA,7,0.5,5.8,5.8,Passed,,
SP2025,SP2025-class 27,27,1905AHDAEI,7,10,5.8,7.7,Passed,,
SP2025,SP2025-class 27,28,1905ADJIHH,6,4,6.8,6.4,Passed,,
SP2025,SP2025-class 27,29,1905AHDCEA,9,0,7.2,6.8,Not Passed,,
SP2025,SP2025-class 27,30,1905AGAEED,0,0,0,0,Attendance Fail,,
SP2025,SP2025-class 27,31,1905ADAJGH,7,9,5.4,7.4,Passed,,
SP2025,SP2025-class 27,32,1905AHDBDI,7,10,4.4,7.3,Passed,,
SP2025,SP2025-class 27,33,1905AHAHEJ,7,0.5,7,5.9,Passed,,
SP2025,SP2025-class 27,34,1905AHDBEJ,7,10,5.4,7.5,Passed,,
SP2025,SP2025-class 27,35,1905AGBBBE,6,4,7.6,6.4,Passed,,
SP2025,SP2025-class 28,1,1905AHJBHH,10,4,6.8,7.8,Passed,,
SP2025,SP2025-class 28,2,1905AICHJC,9.5,4,8.2,8.1,Passed,,
SP2025,SP2025-class 28,3,1905AIDFJE,6.4,10,6.6,7.6,Passed,,
SP2025,SP2025-class 28,4,1905AHDIGJ,7.7,4,5.4,6.2,Passed,,
SP2025,SP2025-class 28,5,1905AHDDEJ,8.3,6.5,5.6,7.5,Passed,,
SP2025,SP2025-class 28,6,1905AHDDFD,8.7,5.5,7.8,7.9,Passed,,
SP2025,SP2025-class 28,7,1905AHDDJI,9.4,5.5,5.8,7.5,Passed,,
SP2025,SP2025-class 28,8,1905AHDDIE,5.2,0,0,3.2,Not Passed,,
SP2025,SP2025-class 28,9,1905AHDEJD,8.8,4,5.8,7,Passed,,
SP2025,SP2025-class 28,10,1905AHDGCD,6.4,4,4.8,5.7,Passed,,
SP2025,SP2025-class 28,11,1905AHDDCI,7.3,5,6.8,6.8,Passed,,
SP2025,SP2025-class 28,12,1905AICHIG,8.5,6.5,7.6,7.8,Passed,,
SP2025,SP2025-class 28,13,1905AHDEAA,8.8,0,5.2,6.2,Not Passed,,
SP2025,SP2025-class 28,14,1905AHDDAI,5.2,0,5.4,4.2,Not Passed,,
SP2025,SP2025-class 28,15,1905AHDDHC,5.2,2,7,5,Passed,,
SP2025,SP2025-class 28,16,1905AHDECJ,6.8,2.5,6.8,5.9,Passed,,
SP2025,SP2025-class 28,17,1905AHJDCA,0,0,0,0.1,Attendance Fail,,
SP2025,SP2025-class 28,18,1905AHDDED,8.3,8.5,5.4,7.8,Passed,,
SP2025,SP2025-class 28,19,1905AHCDDE,8.5,7,7.4,8,Passed,,
SP2025,SP2025-class 28,20,1905AHBEGG,10,9.5,8.4,9.2,Passed,,
SP2025,SP2025-class 28,21,1905AHDCGI,9.4,4,6.6,7.4,Passed,,
SP2025,SP2025-class 28,22,1905AHDGGD,6.4,8.5,5.4,6.6,Passed,,
SP2025,SP2025-class 28,23,1905AHDDIA,10,7,7,8.6,Passed,,
SP2025,SP2025-class 28,24,1905AHDEAB,5,4,5.2,4.8,Not Passed,,
SP2025,SP2025-class 28,25,1905AHDDBG,7.8,4,5.8,6.5,Passed,,
SP2025,SP2025-class 28,26,1905AHJBHG,10,1,6.8,7.1,Passed,,
SP2025,SP2025-class 28,27,1905AHDCEE,9.4,7,7.2,8.3,Passed,,
SP2025,SP2025-class 28,28,1905AHDDBC,5.2,4,7.6,5.6,Passed,,
SP2025,SP2025-class 28,29,1905AHDDEF,0,0,0,0,Attendance Fail,,
SP2025,SP2025-class 28,30,1905AICAAB,8.5,4,6.8,7.3,Passed,,
SP2025,SP2025-class 28,31,1905AHDDGA,8.3,4,6.2,6.8,Passed,,
SP2025,SP2025-class 28,32,1905AHDEJI,8.8,4,5.8,7,Passed,,
SP2025,SP2025-class 28,33,1905AHDECF,7.8,4,7.2,6.8,Passed,,
SP2025,SP2025-class 28,34,1905AHAGFJ,7.7,8.5,5.2,7.7,Passed,,
SP2025,SP2025-class 28,35,1905AHDDHJ,7.8,0,5,5.5,Not Passed,,
SP2025,SP2025-class 29,1,1905AHJBBJ,8,10,8,8.7,Passed,,
SP2025,SP2025-class 29,2,1905AHBCGJ,7.4,9.5,8.2,7.8,Passed,,
SP2025,SP2025-class 29,3,1905AHCGGI,6,7,7.4,6.7,Passed,,
SP2025,SP2025-class 29,4,1905AHJEEI,6,7,8,7,Passed,,
SP2025,SP2025-class 29,5,1905AHDACB,6,7,6.8,6.6,Passed,,
SP2025,SP2025-class 29,6,1905AHDFFA,6,7,7.6,6.8,Passed,,
SP2025,SP2025-class 29,7,1905AHJBAA,9.8,4,7.4,7.8,Passed,,
SP2025,SP2025-class 29,8,1905AHJEFE,5,0.5,8.4,5.1,Passed,,
SP2025,SP2025-class 29,9,1905AHDFEJ,7.5,7,8.4,7.7,Passed,,
SP2025,SP2025-class 29,10,1905AHJCJI,6,5,8.4,6.6,Passed,,
SP2025,SP2025-class 29,11,1905AHJBDJ,7,10,6.6,7.7,Passed,,
SP2025,SP2025-class 29,12,1905AHDFFF,6,4,6.2,5.6,Passed,,
SP2025,SP2025-class 29,13,1905AHDBIE,5,6,7,6,Passed,,
SP2025,SP2025-class 29,14,1905AHDFAJ,0.5,5,7.4,4.2,Not Passed,,
SP2025,SP2025-class 29,15,1905AHDFJF,5,0,5.6,4.5,Not Passed,,
SP2025,SP2025-class 29,16,1905AHDFDB,0,0,0,1,Attendance Fail,,
SP2025,SP2025-class 29,17,1905ADAJIB,6,2,6,5.5,Passed,,
SP2025,SP2025-class 29,18,1905AFAFGA,0,0,0,1,Attendance Fail,,
SP2025,SP2025-class 29,19,1905AHDFGH,6,7,8.4,7,Passed,,
SP2025,SP2025-class 29,20,1905AHAIFB,5,10,6.2,6.6,Passed,,
SP2025,SP2025-class 29,21,1905AHDFAE,5,8,6.6,6.2,Passed,,
SP2025,SP2025-class 29,22,1905AHJFAD,6,2.5,5.6,5.3,Passed,,
SP2025,SP2025-class 29,23,1905AHAEGD,6,6.5,5.8,6.3,Passed,,
SP2025,SP2025-class 29,24,1905AHCBGF,5,4,7.2,5.6,Passed,,
SP2025,SP2025-class 29,25,1905AHDFGD,0,0,0,1.2,Attendance Fail,,
SP2025,SP2025-class 29,26,1905AHDFII,7,9.5,7.2,7.7,Passed,,
SP2025,SP2025-class 29,27,1905AHBCIJ,0,0,0,1,Attendance Fail,,
SP2025,SP2025-class 29,28,1905AHJBIG,6,4,6.8,5.9,Passed,,
SP2025,SP2025-class 29,29,1905AHDFEE,6,4,7.6,6.1,Passed,,
SP2025,SP2025-class 29,30,1905AHDFAD,5,5,7.8,6.1,Passed,,
SP2025,SP2025-class 29,31,1905AHDJIC,6,9,8.4,7.1,Passed,,
SP2025,SP2025-class 29,32,1905AHDFFH,5,5,5.4,5.3,Not Passed,,
SP2025,SP2025-class 29,33,1905AHJGEE,6,10,8.8,7.7,Passed,,
SP2025,SP2025-class 29,34,1905AHDFFD,6,0.5,6.8,5.2,Passed,,
SP2025,SP2025-class 29,35,1905AHJCED,8,10,7.4,8.2,Passed,,
SP2025,SP2025-class 30,1,1905AHDGHC,3,5,7.4,5.4,Passed,,
SP2025,SP2025-class 30,2,1905AHDIBC,1,0,0,1.1,Attendance Fail,,
SP2025,SP2025-class 30,3,1905AHDGDC,3,0,6,3.3,Not Passed,,
SP2025,SP2025-class 30,4,1905AIJFBB,3,0,0,2.1,Not Passed,,
SP2025,SP2025-class 30,5,1905ADAABG,5,10,5.2,6.7,Passed,,
SP2025,SP2025-class 30,6,1905AIBJDD,3,0.5,0,2.9,Not Passed,,
SP2025,SP2025-class 30,7,1905AGJBAJ,1,0,0,1.2,Attendance Fail,,
SP2025,SP2025-class 30,8,1905AGBDGB,3,0.5,4.8,3.2,Not Passed,,
SP2025,SP2025-class 30,9,1905AHCEAE,8.5,6,6.4,7.6,Passed,,
SP2025,SP2025-class 30,10,1905AIBFCH,3,10,5,5.2,Passed,,
SP2025,SP2025-class 30,11,1905AHDGAB,1,0,0,0.6,Attendance Fail,,
SP2025,SP2025-class 30,12,1905AHDEHJ,6,0,4.8,5,Not Passed,,
SP2025,SP2025-class 30,13,1905AHDHFE,1,0,0,1.1,Attendance Fail,,
SP2025,SP2025-class 30,14,1905AHBJCI,1,0,0,0.6,Attendance Fail,,
SP2025,SP2025-class 30,15,1905AHDGFB,6,4,6.4,6.1,Passed,,
SP2025,SP2025-class 30,16,1905AEADHD,5,0,0,3.3,Attendance Fail,,
SP2025,SP2025-class 30,17,1905AEADDA,1,0,0,1.1,Attendance Fail,,
SP2025,SP2025-class 30,18,1905AHJJGA,3,10,5.8,5.4,Passed,,
SP2025,SP2025-class 30,19,1905AHDGHJ,3,0,4.4,3.1,Not Passed,,
SP2025,SP2025-class 30,20,1905AGAIFE,3,0.5,7.2,3.7,Not Passed,,
SP2025,SP2025-class 30,21,1905AHDHEH,1,0,0,1,Not Passed,,
SP2025,SP2025-class 30,22,1905AHCHEI,3,0,0,2.1,Not Passed,,
SP2025,SP2025-class 30,23,1905AHDADA,1,0,0,1,Attendance Fail,,
SP2025,SP2025-class 30,24,1905AHDGBD,1,0,0,1.8,Attendance Fail,,
SP2025,SP2025-class 30,25,1905AHDHGG,1,0.5,0,1.3,Attendance Fail,,
SP2025,SP2025-class 30,26,1905AHDGAE,3,3.5,6.2,4.8,Not Passed,,
SP2025,SP2025-class 30,27,1905AHDGDE,8.5,9.5,6.6,8.3,Passed,,
SP2025,SP2025-class 30,28,1905AHDFHC,8.5,7,6.6,7.8,Passed,,
SP2025,SP2025-class 30,29,1905AHCJGG,1,0,0,0.6,Attendance Fail,,
SP2025,SP2025-class 30,30,1905AHDGGJ,8.5,6.5,6.4,7.7,Passed,,
SP2025,SP2025-class 30,31,1905AHEJBB,3,4,6.6,5,Passed,,
SP2025,SP2025-class 30,32,1905AHDHEI,7,6.5,7.2,7.1,Passed,,
SP2025,SP2025-class 30,33,1905AHDGBB,3,6.5,6.6,5.5,Passed,,
SP2025,SP2025-class 30,34,1905AHBFGB,8.5,7,8,8,Passed,,
SP2025,SP2025-class 30,35,1905AHDHJH,7,4,7.6,6.7,Passed,,
SP2025,SP2025-class 31,1,1905AHDHHI,8,9,7,7.9,Passed,,
SP2025,SP2025-class 31,2,1905AIJBIA,8,10,7,8,Passed,,
SP2025,SP2025-class 31,3,1905AIJJHD,8,10,8.6,8.2,Passed,,
SP2025,SP2025-class 31,4,1905AHDECH,8,9.5,6.2,7.6,Passed,,
SP2025,SP2025-class 31,5,1905AHEAJJ,0,0,0,0,Attendance Fail,,
SP2025,SP2025-class 31,6,1905AHBFEF,4.5,5,5.8,4.9,Not Passed,,
SP2025,SP2025-class 31,7,1905AHAGAI,8,4,6.4,6.7,Passed,,
SP2025,SP2025-class 31,8,1905AGBBGE,6,6.5,4.8,5.9,Passed,,
SP2025,SP2025-class 31,9,1905AIJFEI,8,4,7.6,6.8,Passed,,
SP2025,SP2025-class 31,10,1905AIBJHC,4.5,2,7,4.7,Not Passed,,
SP2025,SP2025-class 31,11,1905AIFHED,6.3,4,8.2,6.2,Passed,,
SP2025,SP2025-class 31,12,1905AHEJDG,8,9.5,6.6,7.8,Passed,,
SP2025,SP2025-class 31,13,1905AIJADJ,5.8,2.5,6.4,5.3,Passed,,
SP2025,SP2025-class 31,14,1905AHDJDA,3,0,0,1.8,Attendance Fail,,
SP2025,SP2025-class 31,15,1905AHDIFI,8,5,7,7.1,Passed,,
SP2025,SP2025-class 31,16,1919AHJEHA,8,7,5.6,7.1,Passed,,
SP2025,SP2025-class 31,17,1905AHEJIE,3,6.5,7.2,4.9,Not Passed,,
SP2025,SP2025-class 31,18,1905AHJJCG,0,0,0,0,Attendance Fail,,
SP2025,SP2025-class 31,19,1905AGABEB,7.3,4,7.8,6.7,Passed,,
SP2025,SP2025-class 31,20,1905AHJFCA,5.8,10,7.2,6.9,Passed,,
SP2025,SP2025-class 31,21,1905AHAHFI,7.3,5,5,6.3,Passed,,
SP2025,SP2025-class 31,22,1905AGAHJG,5.5,4,6.6,5.5,Passed,,
SP2025,SP2025-class 31,23,1905AGCGJI,4.5,9,4.4,5.5,Passed,,
SP2025,SP2025-class 31,24,1905ADJCBE,5,0,0,2.8,Attendance Fail,,
SP2025,SP2025-class 31,25,1905AHEJFF,1.3,0,0,1,Attendance Fail,,
SP2025,SP2025-class 31,26,1905AHDBAG,7.8,9,7.2,7.8,Passed,,
SP2025,SP2025-class 31,27,1905AIJFFF,0,0,0,0.6,Not Passed,,
SP2025,SP2025-class 31,28,1905AGAGDB,5.5,9.5,5.8,6.3,Passed,,
SP2025,SP2025-class 31,29,1905AIJCEC,8.3,0,7.4,6.3,Not Passed,,
SP2025,SP2025-class 31,30,1905AGCEJE,6.3,5,5,5.8,Passed,,
SP2025,SP2025-class 31,31,1905AHEJBI,8,4,7.8,6.9,Passed,,
SP2025,SP2025-class 31,32,1905AHDDIH,1,0,0,0.5,Attendance Fail,,
SP2025,SP2025-class 31,33,1905AIJAHJ,8.3,0.5,8.6,6.7,Passed,,
SP2025,SP2025-class 31,34,1905AICJBD,4,3.5,6.4,4.6,Not Passed,,
SP2025,SP2025-class 31,35,1905AGCJJJ,5.3,0,0,3.2,Not Passed,,
SP2025,SP2025-class 32,1,1905AIJGDG,8,8,7.6,7.7,Passed,,
SP2025,SP2025-class 32,2,1905AIAJGI,7.8,4,7.6,6.9,Passed,,
SP2025,SP2025-class 32,3,1905AIJIJE,8.3,8.5,8.8,8.3,Passed,,
SP2025,SP2025-class 32,4,1905AIJEHJ,4,10,7.4,6.1,Passed,,
SP2025,SP2025-class 32,5,1905AHAHDD,8,7,6,7.3,Passed,,
SP2025,SP2025-class 32,6,1905AIJGCD,7.5,4,7,6.4,Passed,,
SP2025,SP2025-class 32,7,1905AIJGJD,7.5,10,8.8,8.2,Passed,,
SP2025,SP2025-class 32,8,1905AHAGCD,8,8.5,6.6,7.7,Passed,,
SP2025,SP2025-class 32,9,1905AIJHDC,7,7,9,7.2,Passed,,
SP2025,SP2025-class 32,10,1905AIJHBA,8,10,7,7.9,Passed,,
SP2025,SP2025-class 32,11,1905AIJGID,8,10,7.8,8.2,Passed,,
SP2025,SP2025-class 32,12,1905AIJEEF,8.8,10,8.2,8.6,Passed,,
SP2025,SP2025-class 32,13,1905AIJIBF,2,0,5.6,2.7,Not Passed,,
SP2025,SP2025-class 32,14,1905AIJIEA,6.3,9,6,6.8,Passed,,
SP2025,SP2025-class 32,15,1905AHAHAI,6.8,6.5,6.6,6.6,Passed,,
SP2025,SP2025-class 32,16,1905AHAHJG,6,7,6.4,6.1,Passed,,
SP2025,SP2025-class 32,17,1905AIJHEH,8.3,6.5,7.2,7.5,Passed,,
SP2025,SP2025-class 32,18,1905AIJFEA,6.5,2,5.4,5.3,Passed,,
SP2025,SP2025-class 32,19,1905AIJIFI,4,0,0,2.3,Attendance Fail,,
SP2025,SP2025-class 32,20,1905AIJJIJ,8.3,7.5,8.8,8.1,Passed,,
SP2025,SP2025-class 32,21,1905AIJHCF,8,10,8.8,8.2,Passed,,
SP2025,SP2025-class 32,22,1905AHAHCI,8,10,8.6,8.2,Passed,,
SP2025,SP2025-class 32,23,1905AIJFJI,6,4,7,5.8,Passed,,
SP2025,SP2025-class 32,24,1905AIJEAI,2,8,7.4,4.8,Not Passed,,
SP2025,SP2025-class 32,25,1905AIJGDJ,8,9,8.6,8.1,Passed,,
SP2025,SP2025-class 32,26,1905AIJHBJ,8.8,7.5,7.2,8,Passed,,
SP2025,SP2025-class 32,27,1905AIJIIH,8.3,6,6.8,7.3,Passed,,
SP2025,SP2025-class 32,28,1905AIJECC,6.3,0,7.8,5.4,Not Passed,,
SP2025,SP2025-class 32,29,1905AIJICB,8,9,7,7.8,Passed,,
SP2025,SP2025-class 32,30,1905AIAJDE,7,0,6.8,5.5,Not Passed,,
SP2025,SP2025-class 32,31,1905AHBFHH,8,9.5,6.2,7.7,Passed,,
SP2025,SP2025-class 32,32,1905AGJEFB,0,0,0,0.3,Attendance Fail,,
SP2025,SP2025-class 32,33,1905AIFBHD,1,0,0,1.1,Not Passed,,
SP2025,SP2025-class 32,34,1905AIJEAJ,5.8,4,6.2,5.5,Passed,,
SP2025,SP2025-class 32,35,1905AIJGIG,8.5,6.5,8.4,7.9,Passed,,
SP2025,SP2025-class 33,1,1905AIAADG,10,10,8.6,9.5,Passed,,
SP2025,SP2025-class 33,2,1905AHCCIH,10,9.5,8.4,9.6,Passed,,
SP2025,SP2025-class 33,3,1905AHJJBF,10,9,8.4,9.2,Passed,,
SP2025,SP2025-class 33,4,1905AIBJFF,5.6,2.5,5.8,5.3,Passed,,
SP2025,SP2025-class 33,5,1905AIBEJG,5.6,0,6.6,4.8,Not Passed,,
SP2025,SP2025-class 33,6,1905AHAIEA,10,9,9,9.4,Passed,,
SP2025,SP2025-class 33,7,1905AIBABA,5.6,0.5,5.6,5.2,Passed,,
SP2025,SP2025-class 33,8,1905AIBJEB,8.9,4,7.8,7.6,Passed,,
SP2025,SP2025-class 33,9,1905AIBAGE,9.5,7.5,7.6,8.5,Passed,,
SP2025,SP2025-class 33,10,1905AIBBJC,6,0,6.2,5.3,Not Passed,,
SP2025,SP2025-class 33,11,1905AIBAIG,10,9,8.8,9.4,Passed,,
SP2025,SP2025-class 33,12,1905AIBJHI,5.6,0.5,0,4,Not Passed,,
SP2025,SP2025-class 33,13,1905AIBJAE,8.6,0,7.2,6.7,Not Passed,,
SP2025,SP2025-class 33,14,1905AIBBAF,6,4,6.6,5.7,Passed,,
SP2025,SP2025-class 33,15,1905AIBJFG,8.9,4,7,7.6,Passed,,
SP2025,SP2025-class 33,16,1905AHCBFH,10,8.5,8.4,9.3,Passed,,
SP2025,SP2025-class 33,17,1905AIBAJG,8.9,4.5,8.2,7.9,Passed,,
SP2025,SP2025-class 33,18,1905AIBAHH,0,7,0,2.8,Not Passed,,
SP2025,SP2025-class 33,19,1905AIBABJ,10,9,7.8,9.3,Passed,,
SP2025,SP2025-class 33,20,1905AHJGDF,9.1,4,6.2,6.8,Passed,,
SP2025,SP2025-class 33,21,1905AHCAHI,9.1,6,6.8,7.9,Passed,,
SP2025,SP2025-class 33,22,1905AHDACG,10,4.5,8.2,8.4,Passed,,
SP2025,SP2025-class 33,23,1905AIBJCI,8.6,9.5,6,8,Passed,,
SP2025,SP2025-class 33,24,1905AFJBCJ,0,0,0,0.1,Attendance Fail,,
SP2025,SP2025-class 33,25,1905AICACJ,9.7,9,9,9.3,Passed,,
SP2025,SP2025-class 33,26,1905AGCDBE,0,4,0,2.4,Not Passed,,
SP2025,SP2025-class 33,27,1905AHDCAI,0,0,0,0.3,Attendance Fail,,
SP2025,SP2025-class 33,28,1905AGCADB,9.5,8.5,5.4,7.9,Passed,,
SP2025,SP2025-class 33,29,1905AIBJEJ,7.6,7,6.6,7.5,Passed,,
SP2025,SP2025-class 33,30,1905AIBCAF,8.7,10,8.4,8.8,Passed,,
SP2025,SP2025-class 33,31,1905AHCCEE,10,9,7,8.8,Passed,,
SP2025,SP2025-class 33,32,1905AIBBJG,6,5.5,5.6,6.2,Passed,,
SP2025,SP2025-class 33,33,1905AIBBCA,10,6.5,8.2,8.7,Passed,,
SP2025,SP2025-class 33,34,1905AHCHEC,10,9,8.4,9.4,Passed,,
SP2025,SP2025-class 33,35,1905AHJGFD,10,9.5,8.8,9.2,Passed,,
SP2025,SP2025-class 33,36,1905AHJGEA,9.1,7,7.4,8.1,Passed,,
SP2025,SP2025-class 34,1,1905AHDBBA,0,0,0,1,Attendance Fail,,
SP2025,SP2025-class 34,2,1905AHJAAE,5,4,7,5.6,Passed,,
SP2025,SP2025-class 34,3,1905AIBBGJ,5,0,0,3.3,Not Passed,,
SP2025,SP2025-class 34,4,1905AGBBJJ,5,4,5.4,5.2,Passed,,
SP2025,SP2025-class 34,5,1905AHJAEC,6,4,7,6,Passed,,
SP2025,SP2025-class 34,6,1905AHBHDH,6,7,7.2,6.6,Passed,,
SP2025,SP2025-class 34,7,1905AIDECI,5,0.5,6.6,4.9,Not Passed,,
SP2025,SP2025-class 34,8,1905AIBEDE,0,0,0,1.2,Attendance Fail,,
SP2025,SP2025-class 34,9,1905AHJEEG,10,3.5,7,7.9,Passed,,
SP2025,SP2025-class 34,10,1905AHDJAF,8.6,10,7.4,8.3,Passed,,
SP2025,SP2025-class 34,11,1905AIJJDH,5,4,5.6,5.3,Passed,,
SP2025,SP2025-class 34,12,1905AIFCBB,5,9,6.8,6.5,Passed,,
SP2025,SP2025-class 34,13,1905AIBBHJ,5,6,7.2,6.1,Passed,,
SP2025,SP2025-class 34,14,1905AHCICH,6,4,6.2,5.9,Passed,,
SP2025,SP2025-class 34,15,1905AHJCIE,6,9.5,6.4,7.2,Passed,,
SP2025,SP2025-class 34,16,1905AHBJEE,6.5,4,7,6.2,Passed,,
SP2025,SP2025-class 34,17,1905AIBFBH,6,1.5,8.2,5.8,Passed,,
SP2025,SP2025-class 34,18,1905AHAIFH,8.2,4,6.4,6.7,Passed,,
SP2025,SP2025-class 34,19,1905AHCCGJ,0,0,0,1,Attendance Fail,,
SP2025,SP2025-class 34,20,1905AIBBAB,0,0,0,0,Attendance Fail,,
SP2025,SP2025-class 34,21,1905AIBDGG,0,0,0,1,Attendance Fail,,
SP2025,SP2025-class 34,22,1905AIDHGC,0,0,0,1,Attendance Fail,,
SP2025,SP2025-class 34,23,1905AIBBEH,5,6,7.2,6,Passed,,
SP2025,SP2025-class 34,24,1905AIBFBE,0,0,0,1,Attendance Fail,,
SP2025,SP2025-class 34,25,1905AIBCHI,5,0.5,5.6,4.5,Not Passed,,
SP2025,SP2025-class 34,26,1905AIBDBI,5,9.5,8.6,6.9,Passed,,
SP2025,SP2025-class 34,27,1905AIBCIG,0,0.5,0,1.4,Not Passed,,
SP2025,SP2025-class 34,28,1905AIBEGJ,7.3,4,7.6,6.7,Passed,,
SP2025,SP2025-class 34,29,1905AICEIH,5,0.5,8,5,Passed,,
SP2025,SP2025-class 35,1,1905AIBIGG,9,3.5,7.4,7.5,Passed,,
SP2025,SP2025-class 35,2,1905AIBICG,10,9.5,8.8,9.6,Passed,,
SP2025,SP2025-class 35,3,1905AIBCCE,9,8,8.2,8.6,Passed,,
SP2025,SP2025-class 35,4,1905AIBFHB,7,2.5,4.6,5.5,Passed,,
SP2025,SP2025-class 35,5,1905AICAEF,9,4,7.8,7.7,Passed,,
SP2025,SP2025-class 35,6,1905AICJJB,6,10,8.8,7.9,Passed,,
SP2025,SP2025-class 35,7,1905AICCJD,9,4,6,7.5,Passed,,
SP2025,SP2025-class 35,8,1905AICFCC,6,0.5,7.4,5.7,Passed,,
SP2025,SP2025-class 35,9,1905AIBICA,9.5,3.5,7.6,7.9,Passed,,
SP2025,SP2025-class 35,10,1905AICAJE,9,9.5,8.6,9.2,Passed,,
SP2025,SP2025-class 35,11,1905AIBFIE,9,0,7.4,6.8,Not Passed,,
SP2025,SP2025-class 35,12,1905AICCFF,9,8,6.8,8.2,Passed,,
SP2025,SP2025-class 35,13,1905AIBFGB,9,4,7.4,7.5,Passed,,
SP2025,SP2025-class 35,14,1905AIBGCG,8.5,4,6.8,7.2,Passed,,
SP2025,SP2025-class 35,15,1905AIBHGI,6,4,5.8,6.1,Passed,,
SP2025,SP2025-class 35,16,1905AIBGFI,9,8.5,7.4,8.4,Passed,,
SP2025,SP2025-class 35,17,1905AIBIGJ,6,0.5,4.4,5,Passed,,
SP2025,SP2025-class 35,18,1905AIBGJF,8.5,0,7.2,6.6,Not Passed,,
SP2025,SP2025-class 35,19,1905AIBGEA,9,0.5,5.2,6.5,Passed,,
SP2025,SP2025-class 35,20,1905AIBHHB,7,0,0,4.4,Not Passed,,
SP2025,SP2025-class 35,21,1905AIBFHD,8.5,2,7.8,7,Passed,,
SP2025,SP2025-class 35,22,1905AIBFGI,7,0.5,4.8,5.4,Passed,,
SP2025,SP2025-class 35,23,1905AICJJD,9,0,5.8,6.4,Not Passed,,
SP2025,SP2025-class 35,24,1905AIBFBC,8,0,0,4.8,Not Passed,,
SP2025,SP2025-class 35,25,1905AIBDDA,10,9,8.6,9.5,Passed,,
SP2025,SP2025-class 35,26,1905AIBIBF,6,4,7.2,6.2,Passed,,
SP2025,SP2025-class 35,27,1905AIDEEB,7,0,0,4.4,Not Passed,,
SP2025,SP2025-class 35,28,1905AIBFDB,0,0,0,1.5,Not Passed,,
SP2025,SP2025-class 35,29,1905AIBIFA,9,0,5.8,6.4,Not Passed,,
SP2025,SP2025-class 35,30,1905AIBFDE,10,4,9.2,8.6,Passed,,
SP2025,SP2025-class 35,31,1905AIBFGD,8,4,6.6,6.7,Passed,,
SP2025,SP2025-class 35,32,1905AIBHBD,7,3.5,7.6,6.6,Passed,,
SP2025,SP2025-class 35,33,1905AIBCBG,9,3.5,6.2,7,Passed,,
SP2025,SP2025-class 35,34,1905AIBFEB,0,0,0,1.2,Not Passed,,
SP2025,SP2025-class 35,35,1905AIBGAJ,0,0,0,1.3,Not Passed,,
SP2025,SP2025-class 36,1,1905AICCCH,9,6,8.4,8.3,Passed,,
SP2025,SP2025-class 36,2,1905AHCBBJ,8,3.5,6.6,6.9,Passed,,
SP2025,SP2025-class 36,3,1905AICGDB,7.5,6.5,6.4,6.9,Passed,,
SP2025,SP2025-class 36,4,1905AHCCBA,8,9,7.6,8,Passed,,
SP2025,SP2025-class 36,5,1905AHJDFF,7,6.5,6.2,6.9,Passed,,
SP2025,SP2025-class 36,6,0305AHJGIC,0,0,0,0,Attendance Fail,,
SP2025,SP2025-class 36,7,1905AICDEE,7,0.5,5.8,5.3,Passed,,
SP2025,SP2025-class 36,8,1905AICFEA,7.5,8,6.2,7.3,Passed,,
SP2025,SP2025-class 36,9,1905AHJDCC,9,9.5,7.6,9,Passed,,
SP2025,SP2025-class 36,10,1905AHJDBB,9,4,5.8,7.1,Passed,,
SP2025,SP2025-class 36,11,1905AICFBF,9,4,8.2,7.8,Passed,,
SP2025,SP2025-class 36,12,1905AICBAG,7,6,6,6.4,Passed,,
SP2025,SP2025-class 36,13,1905AICDFJ,7,7,8.6,7.6,Passed,,
SP2025,SP2025-class 36,14,1905AICHAB,0,0,0,0,Attendance Fail,,
SP2025,SP2025-class 36,15,1905AIBDDD,7,0.5,7.2,5.7,Passed,,
SP2025,SP2025-class 36,16,1905AICDGJ,0,0,0,1.3,Not Passed,,
SP2025,SP2025-class 36,17,1905AIDBIC,7.5,6.5,4.8,7,Passed,,
SP2025,SP2025-class 36,18,1905AIBDIA,9,7,7,8.1,Passed,,
SP2025,SP2025-class 36,19,1905AICBJE,5,0,4.8,4.2,Not Passed,,
SP2025,SP2025-class 36,20,1905AICAID,7,0,0,4,Not Passed,,
SP2025,SP2025-class 36,21,1905AIBJIF,5,0.5,7.2,5.2,Passed,,
SP2025,SP2025-class 36,22,1905AHJEAC,9,7.5,6.6,8,Passed,,
SP2025,SP2025-class 36,23,1905AICDDC,0,0,0,1.2,Not Passed,,
SP2025,SP2025-class 36,24,1905AICAGH,5,0,0,3.5,Not Passed,,
SP2025,SP2025-class 36,25,1905AIBJCF,5,0,5.8,4.7,Not Passed,,
SP2025,SP2025-class 36,26,1905AHCHDE,8.5,8.5,6.4,8.1,Passed,,
SP2025,SP2025-class 36,27,1905AHJDDA,9,4,4.4,6.6,Passed,,
SP2025,SP2025-class 36,28,1905AHJEAH,6,10,9,7.9,Passed,,
SP2025,SP2025-class 36,29,1905AFAEAC,7,4,6.2,6.1,Passed,,
SP2025,SP2025-class 36,30,1905AICDGA,7,3.5,4.6,6.1,Passed,,
SP2025,SP2025-class 36,31,1905AHJDEE,9,9.5,7.6,9,Passed,,
SP2025,SP2025-class 36,32,1905AICFCB,7,4,6,6.5,Passed,,
SP2025,SP2025-class 36,33,1905AHEJHJ,8,0.5,0,4.9,Not Passed,,
SP2025,SP2025-class 36,34,1905AHDGHE,7,7,6.2,7.1,Passed,,
SP2025,SP2025-class 36,35,1905AHJECG,8.5,10,7.2,8.3,Passed,,
SP2025,SP2025-class 37,1,1905AGBDDJ,6,7,5.8,6.3,Passed,,
SP2025,SP2025-class 37,2,1905AHJFGJ,10,10,7.4,9.2,Passed,,
SP2025,SP2025-class 37,3,1905AICHCI,9.6,7,6.6,8,Passed,,
SP2025,SP2025-class 37,4,1905AIDCDG,4,0,6.2,4,Not Passed,,
SP2025,SP2025-class 37,5,1905AICFIH,5,4,6.6,5.6,Passed,,
SP2025,SP2025-class 37,6,1905AICGAC,4,4,6.4,5,Passed,,
SP2025,SP2025-class 37,7,1905AHDEFE,8,0,0,4.8,Not Passed,,
SP2025,SP2025-class 37,8,1905AICIJB,7.2,10,6.4,7.6,Passed,,
SP2025,SP2025-class 37,9,1905AGAHCE,4,0,0,2.4,Not Passed,,
SP2025,SP2025-class 37,10,1905AICFHJ,6,0,5,4.9,Not Passed,,
SP2025,SP2025-class 37,11,1905AICEFH,9,8.5,8.8,8.6,Passed,,
SP2025,SP2025-class 37,12,1905AICEDJ,4,2,6,4.1,Not Passed,,
SP2025,SP2025-class 37,13,1905AGABAE,0,0,0,0.5,Attendance Fail,,
SP2025,SP2025-class 37,14,1905AGJCDI,0,0,0,0,Attendance Fail,,
SP2025,SP2025-class 37,15,1905AHDADD,7,6.5,5.6,6.7,Passed,,
SP2025,SP2025-class 37,16,1905AICIBH,8,0,7.6,6.2,Not Passed,,
SP2025,SP2025-class 37,17,1905AGADBG,0,0,0,0.4,Attendance Fail,,
SP2025,SP2025-class 37,18,1905AIDBDF,8,10,6.6,8.1,Passed,,
SP2025,SP2025-class 37,19,1905ACJEAF,0,0,0,0.1,Attendance Fail,,
SP2025,SP2025-class 37,20,1905AHDJHB,6,0,0,3.6,Not Passed,,
SP2025,SP2025-class 37,21,1905AHCACJ,6,0.5,7.2,5.4,Passed,,
SP2025,SP2025-class 37,22,1905AHDJJJ,4,0,0,2.7,Not Passed,,
SP2025,SP2025-class 37,23,1905AICGFJ,6.5,6.5,8,7.2,Passed,,
SP2025,SP2025-class 37,24,1905AGAGJD,5,0.5,0,3.1,Not Passed,,
SP2025,SP2025-class 37,25,1905AHJEGI,7,9,4.6,7.1,Passed,,
SP2025,SP2025-class 37,26,1905AHBGEC,4,0.5,7,4.3,Not Passed,,
SP2025,SP2025-class 37,27,1905AICFJH,0,0,0,0,Attendance Fail,,
SP2025,SP2025-class 37,28,1905AHDEEC,0,0,0,0,Attendance Fail,,
SP2025,SP2025-class 37,29,1905AFAEEA,6,0,0,3.7,Not Passed,,
SP2025,SP2025-class 37,30,1905AFAEDF,4,0.5,3,3.6,Not Passed,,
SP2025,SP2025-class 37,31,1905AIDBGI,7,6.5,6.6,6.9,Passed,,
SP2025,SP2025-class 37,32,1905AICDIE,4,2.5,7.2,4.8,Not Passed,,
SP2025,SP2025-class 37,33,1905AEADGA,0,0,0,0,Not Passed,,
SP2025,SP2025-class 37,34,1905AHDGJE,1,0,4.2,2,Not Passed,,
SP2025,SP2025-class 37,35,1905AHCEGA,6,0.5,7.4,5.2,Passed,,
SP2025,SP2025-class 38,1,1905AHDEBD,4.5,4,7,5,Passed,,
SP2025,SP2025-class 38,2,1905AGADFC,3.5,0,6.2,3.6,Not Passed,,
SP2025,SP2025-class 38,3,1905AIDACF,0.5,4,0,1.8,Not Passed,,
SP2025,SP2025-class 38,4,1905AHDDFB,5.8,4,6.6,5.7,Passed,,
SP2025,SP2025-class 38,5,1905AHDJDD,4,4,4.4,4.3,Not Passed,,
SP2025,SP2025-class 38,6,1905ACJCJJ,0,0,0,0,Attendance Fail,,
SP2025,SP2025-class 38,7,1905AIDJJI,6,0.5,7,5.1,Passed,,
SP2025,SP2025-class 38,8,1905AIDJHG,4.8,0.5,7,4.5,Not Passed,,
SP2025,SP2025-class 38,9,1905AICEDB,2,0,4.4,2.6,Not Passed,,
SP2025,SP2025-class 38,10,1905AICHIB,4,4,6.6,4.7,Not Passed,,
SP2025,SP2025-class 38,11,1905AIBGED,6.3,4,7.4,6.1,Passed,,
SP2025,SP2025-class 38,12,1905AIDCAI,6.3,3.5,7.6,5.9,Passed,,
SP2025,SP2025-class 38,13,1905AICIDI,6,4.5,7,6,Passed,,
SP2025,SP2025-class 38,14,1905AFJHDE,0,0,0,0,Attendance Fail,,
SP2025,SP2025-class 38,15,1905AHDJED,5.8,9.5,8.6,7.2,Passed,,
SP2025,SP2025-class 38,16,1905AIDBDA,3,4,6.2,4.2,Not Passed,,
SP2025,SP2025-class 38,17,1905AIDBDI,3.5,0,5.2,3.5,Not Passed,,
SP2025,SP2025-class 38,18,1905AHBHHD,0,0,0,0,Attendance Fail,,
SP2025,SP2025-class 38,19,1905AHDEEE,8.8,4,5.2,6.8,Passed,,
SP2025,SP2025-class 38,20,1905AHJEAD,2,0,0,1.4,Attendance Fail,,
SP2025,SP2025-class 38,21,1905AHDHID,1.5,0,0,1,Not Passed,,
SP2025,SP2025-class 38,22,1905AICIBA,6,0,5.2,4.7,Not Passed,,
SP2025,SP2025-class 38,23,1905AIDJDC,0.5,0.5,0,1,Not Passed,,
SP2025,SP2025-class 38,24,1905AHCAAI,7.3,0,4,5,Not Passed,,
SP2025,SP2025-class 38,25,1905AHJBAG,5,0.5,9,5,Passed,,
SP2025,SP2025-class 38,26,1905AIDBBI,5,3,7,5.1,Passed,,
SP2025,SP2025-class 38,27,1905AHDJDJ,6,4,6.2,5.7,Passed,,
SP2025,SP2025-class 38,28,1905AHDJDG,7.3,7,6.6,7.1,Passed,,
SP2025,SP2025-class 38,29,1905AHBJJB,7.3,0,0,4,Attendance Fail,,
SP2025,SP2025-class 38,30,1905AIDCJB,2,0,0,1.3,Attendance Fail,,
SP2025,SP2025-class 38,31,1905AICIIH,4,3.5,7.2,4.8,Not Passed,,
SP2025,SP2025-class 38,32,1905AGAAJE,0,0,0,0,Attendance Fail,,
SP2025,SP2025-class 38,33,1905AICIDH,2,0,4.6,2.5,Not Passed,,
SP2025,SP2025-class 38,34,1905AIDJGJ,2,0,6.2,2.8,Not Passed,,
SP2025,SP2025-class 38,35,1905AHAIGJ,7,4.5,5.4,6.1,Passed,,
SP2025,SP2025-class 39,1,1905AIDFBB,5.3,4,5.8,5.3,Passed,,
SP2025,SP2025-class 39,2,1905AHDEHB,2.5,0,3.8,2.5,Not Passed,,
SP2025,SP2025-class 39,3,1905AIDEDD,4.8,0,5.4,3.7,Not Passed,,
SP2025,SP2025-class 39,4,1905AGBDIA,1,0,0,1,Not Passed,,
SP2025,SP2025-class 39,5,1905AHDGJA,0,0,0,0.3,Attendance Fail,,
SP2025,SP2025-class 39,6,1905AIDDIG,4.8,5.5,6,5.2,Passed,,
SP2025,SP2025-class 39,7,1905AIDEJB,2.5,0.5,6.2,3.2,Not Passed,,
SP2025,SP2025-class 39,8,1905AGBFFA,1,0,0,0.6,Not Passed,,
SP2025,SP2025-class 39,9,1905AGJDJE,0,0,0,0,Attendance Fail,,
SP2025,SP2025-class 39,10,1905AIDGFJ,2.5,7.5,8.2,5,Not Passed,,
SP2025,SP2025-class 39,11,1905AGCAFJ,0,0,0,0,Attendance Fail,,
SP2025,SP2025-class 39,12,1905AFAJAG,0,0,0,0,Attendance Fail,,
SP2025,SP2025-class 39,13,1905AGBJAD,3.5,0,0,2.1,Attendance Fail,,
SP2025,SP2025-class 39,14,1905AIDEGF,8,9,7.2,7.9,Passed,,
SP2025,SP2025-class 39,15,1905AIDIJG,7,4,8,6.3,Passed,,
SP2025,SP2025-class 39,16,1919AGJHFH,1.3,0,0,0.9,Attendance Fail,,
SP2025,SP2025-class 39,17,1905AHBHCD,1.3,0,0,0.9,Not Passed,,
SP2025,SP2025-class 39,18,1905AGBJGE,1.3,0,0,1,Attendance Fail,,
SP2025,SP2025-class 39,19,1905AHDDFC,0.3,0,0,0.1,Attendance Fail,,
SP2025,SP2025-class 39,20,1905AHDJCC,0,0,0,0,Attendance Fail,,
SP2025,SP2025-class 39,21,1905AIDHFG,1.5,0,0,1.1,Attendance Fail,,
SP2025,SP2025-class 39,22,1905AIDFHD,8,4,8,7,Passed,,
SP2025,SP2025-class 39,23,1905AIDFJB,8.5,7,8.8,8,Passed,,
SP2025,SP2025-class 39,24,1905ADJEHB,0,0,0,0,Not Passed,,
SP2025,SP2025-class 39,25,1905AGBEAH,0,0,0,0,Attendance Fail,,
SP2025,SP2025-class 39,26,1905AGAAHB,4.8,9,4.4,5.1,Passed,,
SP2025,SP2025-class 39,27,1905AHCBCD,0,0,0,0,Attendance Fail,,
SP2025,SP2025-class 40,1,1905AIFBFJ,7,9.5,8.2,8.1,Passed,,
SP2025,SP2025-class 40,2,1905AIFFFI,8.5,3.5,7.2,7.1,Passed,,
SP2025,SP2025-class 40,3,1905AIFFEI,1,0,0,0.6,Attendance Fail,,
SP2025,SP2025-class 40,4,1905AIFDHD,8.5,5.5,7.6,7.7,Passed,,
SP2025,SP2025-class 40,5,1905AIFBAE,10,10,8.2,9.2,Passed,,
SP2025,SP2025-class 40,6,1905AIFDAB,10,0,6.8,7,Not Passed,,
SP2025,SP2025-class 40,7,1905AHCJJI,1,0,0,0.6,Attendance Fail,,
SP2025,SP2025-class 40,8,1905AHCDBA,3,9.5,8.8,5.8,Passed,,
SP2025,SP2025-class 40,9,1905AHDEGC,7.5,4,7.2,6.8,Passed,,
SP2025,SP2025-class 40,10,1905AFJFBJ,1,0,0,1.1,Attendance Fail,,
SP2025,SP2025-class 40,11,1905AIFBEI,3,0,0,2.1,Attendance Fail,,
SP2025,SP2025-class 40,12,1905AIFFJA,1,0,0,0.9,Attendance Fail,,
SP2025,SP2025-class 40,13,1905AIFBJH,3,8.5,7,6,Passed,,
SP2025,SP2025-class 40,14,1905AIDHEH,3,0,0,2.1,Not Passed,,
SP2025,SP2025-class 40,15,1905AHJAED,10,9.5,8.4,9.3,Passed,,
SP2025,SP2025-class 40,16,1905AIFFJE,10,3.5,8.2,8,Passed,,
SP2025,SP2025-class 40,17,1905AIFBAH,7,5,6.6,6.8,Passed,,
SP2025,SP2025-class 40,18,1905AIFBCF,1,0,0,0.6,Attendance Fail,,
SP2025,SP2025-class 40,19,1905AHDFDF,1,0,0,0.6,Attendance Fail,,
SP2025,SP2025-class 40,20,1905AHJAJF,10,5,7.4,8.3,Passed,,
SP2025,SP2025-class 40,21,1905AIFFFA,3,0.5,6.2,3.9,Not Passed,,
SP2025,SP2025-class 40,22,1905AHEJDF,7,4,7.2,6.8,Passed,,
SP2025,SP2025-class 40,23,1905AHCHHC,7.5,0.5,7.6,6.2,Passed,,
SP2025,SP2025-class 40,24,1905AHCCFC,1,0,0,1.1,Attendance Fail,,
SP2025,SP2025-class 40,25,1905AIFFBA,8.5,8,5.8,7.8,Passed,,
SP2025,SP2025-class 40,26,1905AIFBBJ,1,0,0,0.6,Attendance Fail,,
SP2025,SP2025-class 40,27,1905AHBAAB,1,0,0,0.6,Attendance Fail,,
SP2025,SP2025-class 40,28,1905AIFBJB,5.5,0,5.8,5,Not Passed,,
SP2025,SP2025-class 40,29,1905AIFBDD,7,7,6.8,7.3,Passed,,
SP2025,SP2025-class 40,30,1905AHJAEJ,6,6,7.6,6.7,Passed,,
SP2025,SP2025-class 40,31,1905AIFBAI,3,4,7.4,5.1,Passed,,
SP2025,SP2025-class 40,32,1905AHBFJE,1,0,0,1,Attendance Fail,,
SP2025,SP2025-class 40,33,1905AIFDEI,3,8.5,8.6,5.7,Passed,,
SP2025,SP2025-class 40,34,1905AHAECF,10,9,8,9.1,Passed,,
SP2025,SP2025-class 40,35,1905AHDGII,7.5,9,7.2,7.9,Passed,,
SP2025,SP2025-class 41,1,1905AHJGFH,6.6,3,6.4,5.5,Passed,,
SP2025,SP2025-class 41,2,1905AHDIHA,6.7,0.5,6.2,5.6,Passed,,
SP2025,SP2025-class 41,3,1905AHCFGG,10,10,8.8,9.4,Passed,,
SP2025,SP2025-class 41,4,1905AIFFHI,7,9,7,7.8,Passed,,
SP2025,SP2025-class 41,5,1905AHJGCI,5.6,0,0,3.6,Not Passed,,
SP2025,SP2025-class 41,6,1905AIJCGD,3.4,0.5,6,3.6,Not Passed,,
SP2025,SP2025-class 41,7,1905AHJEHB,9.1,4,7,7.3,Passed,,
SP2025,SP2025-class 41,8,1905AGBJGH,8.6,3,6.2,6.7,Passed,,
SP2025,SP2025-class 41,9,1905AHBEAF,6.3,2,6.8,5.1,Passed,,
SP2025,SP2025-class 41,10,1905AICBAI,10,9.5,8.4,9.4,Passed,,
SP2025,SP2025-class 41,11,1905AIFDAI,7,7,6.6,6.9,Passed,,
SP2025,SP2025-class 41,12,1905AIJAJE,0,0,0,0.1,Attendance Fail,,
SP2025,SP2025-class 41,13,1905AIJCHH,3.4,4,7,4.8,Not Passed,,
SP2025,SP2025-class 41,14,1905AGJBDE,9,0,4.8,5.8,Not Passed,,
SP2025,SP2025-class 41,15,1905AHAGFC,10,9.5,7.8,9.4,Passed,,
SP2025,SP2025-class 41,16,1905AGCBAI,5.7,4,5.4,5.3,Passed,,
SP2025,SP2025-class 41,17,1905AICHGD,10,10,8.2,9.3,Passed,,
SP2025,SP2025-class 41,18,1905AHCIGI,9.6,9,5.6,8.5,Passed,,
SP2025,SP2025-class 41,19,1905AIDDCA,6.7,7,7.6,7.4,Passed,,
SP2025,SP2025-class 41,20,1905AICDIJ,5.7,4,6.4,5.5,Passed,,
SP2025,SP2025-class 41,21,1905AHJGCC,6.6,4,6.4,6.1,Passed,,
SP2025,SP2025-class 41,22,1905AIFFHF,9,8.5,8.6,8.9,Passed,,
SP2025,SP2025-class 41,23,1919AICHCH,7.3,2,7,5.8,Passed,,
SP2025,SP2025-class 41,24,1905ACJBFI,0,0,0,0.5,Attendance Fail,,
SP2025,SP2025-class 41,25,1905AHDEDJ,0,0,0,0.1,Attendance Fail,,
SP2025,SP2025-class 41,26,1905AHBGGE,9,10,5.2,8.2,Passed,,
SP2025,SP2025-class 41,27,1905AHJGCD,5.6,0,6.2,4.7,Not Passed,,
SP2025,SP2025-class 41,28,1905AHDBCF,9.1,8.5,8.8,8.6,Passed,,
SP2025,SP2025-class 41,29,1905AHDIHG,10,7,8,8.8,Passed,,
SP2025,SP2025-class 41,30,1905AIFGJH,8,5,7.6,7.3,Passed,,
SP2025,SP2025-class 41,31,1905AFAHGE,6.3,0.5,8.4,5.3,Passed,,
SP2025,SP2025-class 41,32,1905AHCJAB,9,7,8.2,7.9,Passed,,
SP2025,SP2025-class 41,33,1905AHDDHE,6.3,3,5.6,5.4,Passed,,
SP2025,SP2025-class 41,34,1905AIJACB,3.4,2,0,3.1,Not Passed,,
SP2025,SP2025-class 41,35,1905AEAAHI,0,0,0,0.2,Attendance Fail,,
SP2025,SP2025-class 42,1,1905AIJFBA,5.5,7.5,4.6,6.4,Passed,,
SP2025,SP2025-class 42,2,1905AIFDCH,4.3,6,5.4,5.4,Passed,,
SP2025,SP2025-class 42,3,1905AIFCJC,2,0.5,5.4,3.4,Not Passed,,
SP2025,SP2025-class 42,4,1905AICCAE,3.5,0.5,8.2,4.8,Not Passed,,
SP2025,SP2025-class 42,5,1905AHJCBJ,5,4,5.4,5.5,Passed,,
SP2025,SP2025-class 42,6,1905AHDFHB,3,10,6.2,5.9,Passed,,
SP2025,SP2025-class 42,7,1905AIBBIB,3.3,0,0,2.8,Not Passed,,
SP2025,SP2025-class 42,8,1905AIDCIC,3.3,0,5.4,3.7,Not Passed,,
SP2025,SP2025-class 42,9,1905AIJFDF,9,4,6,7.3,Pass,,
SP2025,SP2025-class 43,1,1905AHJJEE,5,7,6.6,6.4,Passed,,
SP2025,SP2025-class 43,2,1905AIBDBE,3.5,4,7.2,5.2,Passed,,
SP2025,SP2025-class 43,3,1905AIDFCD,3.5,4,8.6,5.4,Passed,,
SP2025,SP2025-class 43,4,1905AIDIAJ,4,6,5.6,5.5,Passed,,
SP2025,SP2025-class 43,5,1905AHDGBI,8,7,5.4,7.6,Passed,,
SP2025,SP2025-class 43,6,1905AIBFGA,7,10,7.2,8.1,Passed,,
SP2025,SP2025-class 43,7,1905AICJFC,2.5,0,3.2,3.4,Not Passed,,
SP2025,SP2025-class 43,8,1905AHJFHH,3.5,0,3.4,3.6,Not Passed,,
SP2025,SP2025-class 43,9,1905AHBFAH,3.5,4,7.8,5.3,Passed,,
SP2025,SP2025-class 43,10,1905AIBEEF,3.5,4,8.8,5.3,Passed,,
SP2025,SP2025-class 43,11,1905AIFBFG,3.5,0,3.2,3,Not Passed,,
SP2025,SP2025-class 43,12,1905AICEGG,3.5,6.5,7.4,5.9,Passed,,
SP2025,SP2025-class 43,13,1905AHCIAB,3.5,3.5,5.2,5,Passed,,
SP2025,SP2025-class 43,14,1905AHJJBJ,3.5,0.5,0,3,Not Passed,,
SP2025,SP2025-class 43,15,1905AHCEFG,3.5,0,7.8,4.8,Not Passed,,
SP2025,SP2025-class 43,16,1905AIDFEJ,3.5,0,5.2,4,Not Passed,,
SP2025,SP2025-class 43,17,1905AIBHDI,4,0.5,7.2,5,Passed,,
SP2025,SP2025-class 43,18,1905AHJABB,4,0,7.2,4.7,Not Passed,,
SP2025,SP2025-class 43,19,1905AHJGJA,3.5,0,3.8,3.8,Not Passed,,
SP2025,SP2025-class 43,20,1905AIDCBH,7,0,7.2,5.9,Not Passed,,
SP2025,SP2025-class 43,21,1905AHDFHF,4.5,7,6.4,6.4,Passed,,
SP2025,SP2025-class 43,22,1905AHAFFF,3.5,7,7.4,6.2,Passed,,
SP2025,SP2025-class 43,23,1905AIDFAI,2,3.5,5,4.1,Not Passed,,
SP2025,SP2025-class 43,24,1905AIJGFD,3.5,0.5,3.4,3.8,Not Passed,,
SP2025,SP2025-class 43,25,1905AHBEBA,1,3.5,4.6,3.5,Not Passed,,
SP2025,SP2025-class 43,26,1905AHDDFH,3.3,10,5.4,5.9,Passed,,
SP2025,SP2025-class 43,27,1905AHBFHG,3.5,4,7.6,5.1,Passed,,
SP2025,SP2025-class 43,28,1905AIFDDB,9.5,4,6.8,7.6,Passed,,
SP2025,SP2025-class 43,29,1905AICECE,5.3,5.5,7.6,6.4,Passed,,
SP2025,SP2025-class 43,30,1905AHAFGF,4.5,3.5,6.2,5.5,Passed,,
SP2025,SP2025-class 43,31,1905AHDHAB,8,9.5,6,7.9,Passed,,
SP2025,SP2025-class 43,32,1905AICHFA,8.5,0,5.2,6.2,Not Passed,,
SP2025,SP2025-class 43,33,1905AIBIEC,4.8,7,7,6.4,Passed,,
SP2025,SP2025-class 43,34,1905AHJEIE,3.5,2.5,7.2,5,Passed,,
SP2025,SP2025-class 43,35,1905AICGIG,5.5,7,6,6.5,Passed,,
SU2024,SU2024-class 1,1,1905AHCHBC,8,4,6,6.6,Passed,,
SU2024,SU2024-class 1,2,1905AHDJHJ,8,4,6.6,6.8,Passed,,
SU2024,SU2024-class 1,3,1905AHJBDD,8.3,4,6,6.8,Passed,,
SU2024,SU2024-class 1,4,1905AHDFDH,8,4,7.6,6.9,Passed,,
SU2024,SU2024-class 1,5,1905AHBFCD,8.3,10,5.8,8.2,Passed,,
SU2024,SU2024-class 1,6,1905AHJGDE,8.3,7,8.4,8.1,Passed,,
SU2024,SU2024-class 1,7,1905AHCEED,7,10,6.8,7.8,Passed,,
SU2024,SU2024-class 1,8,1905AHJGAG,8,3,6,6.5,Passed,,
SU2024,SU2024-class 1,9,1905AHCGAG,7,4,7,6.7,Passed,,
SU2024,SU2024-class 1,10,1905AGAGEA,7,4,5.2,5.9,Passed,,
SU2024,SU2024-class 1,11,1905AHDFCH,8,10,7,8.2,Passed,,
SU2024,SU2024-class 1,12,1905AHBGDD,8.3,10,7.4,8.5,Passed,,
SU2024,SU2024-class 1,13,1905AHDAJH,8,4,4.4,6.5,Passed,,
SU2024,SU2024-class 1,14,1905AHDJHE,8,10,5.2,7.6,Passed,,
SU2024,SU2024-class 1,15,1905AHBFDA,8.3,10,7.4,8.5,Passed,,
SU2024,SU2024-class 1,16,1905AHDFBI,8,7,7.6,7.8,Passed,,
SU2024,SU2024-class 1,17,1905AHDBGG,8,10,7.4,8.3,Passed,,
SU2024,SU2024-class 1,18,1905AHAIBC,8,10,7.4,8.5,Passed,,
SU2024,SU2024-class 1,19,1905AGBBHC,7,7,6.4,7,Passed,,
SU2024,SU2024-class 1,20,1905AHCHJE,8,7,5,7,Passed,,
SU2024,SU2024-class 1,21,1905AHDHEG,0,0,0,0.3,Attendance Fail,,
SU2024,SU2024-class 1,22,1905AHDBBE,7,10,5.8,7.7,Passed,,
SU2024,SU2024-class 1,23,1905AHDAHE,7,4,7,6.5,Passed,,
SU2024,SU2024-class 1,24,1905AHAGFF,8,7,6.6,7.4,Passed,,
SU2024,SU2024-class 1,25,1905AGABDD,7,0,0,4.1,Not Passed,,
SU2024,SU2024-class 1,26,1905AGBDAA,7,4,8,6.6,Passed,,
SU2024,SU2024-class 1,27,1905AHBFBG,8.3,7,6.4,7.7,Passed,,
SU2024,SU2024-class 1,28,1905AHDJIG,8,9.5,7.4,8.6,Passed,,
SU2024,SU2024-class 1,29,1905AHDBAD,8,7,7.4,7.6,Passed,,
SU2024,SU2024-class 1,30,1905AHAGEE,8,10,8,8.5,Passed,,
SU2024,SU2024-class 1,31,1905AGBCAG,7,4,6.2,6.1,Passed,,
SU2024,SU2024-class 1,32,1905AHCJED,8,4,7,7,Passed,,
SU2024,SU2024-class 1,33,1905AGJBID,7,10,7.8,7.8,Passed,,
SU2024,SU2024-class 1,34,1905AGJCJI,0,0,0,0,Attendance Fail,,
SU2024,SU2024-class 1,35,1905AHDCGJ,7,10,5,7.2,Passed,,
SU2024,SU2024-class 2,1,1905AHJJGD,10,10,8.6,9.6,Passed,,
SU2024,SU2024-class 2,2,1905AHAHCB,10,7,5.6,8,Passed,,
SU2024,SU2024-class 2,3,1905AHDABF,2,0,0,2.4,Not Passed,,
SU2024,SU2024-class 2,4,1905AHDEFA,10,7,5.2,7.9,Passed,,
SU2024,SU2024-class 2,5,1905ACJDAG,10,7,6.2,8.4,Passed,,
SU2024,SU2024-class 2,6,1905AHDIEA,8,4,7.4,7.3,Passed,,
SU2024,SU2024-class 2,7,1905AHJEAF,7,7,6.8,7.4,Passed,,
SU2024,SU2024-class 2,8,1905AHJBIC,10,10,8.4,9.6,Passed,,
SU2024,SU2024-class 2,9,1905AHDECC,10,7,6.8,8.6,Passed,,
SU2024,SU2024-class 2,10,1905AHCJBE,10,10,7.2,9.3,Passed,,
SU2024,SU2024-class 2,11,1905AGCBFI,3,7,5.4,5.5,Passed,,
SU2024,SU2024-class 2,12,1905AHAGCJ,4,7,7.4,6.4,Passed,,
SU2024,SU2024-class 2,13,1905AHBCEC,3,10,6.6,6.2,Passed,,
SU2024,SU2024-class 2,14,1905AGAAEA,2,0,0,1.1,Attendance Fail,,
SU2024,SU2024-class 2,15,1905AHJEIA,10,0,5.2,6.4,Not Passed,,
SU2024,SU2024-class 2,16,1905AHJABD,10,10,6.6,9.2,Passed,,
SU2024,SU2024-class 2,17,1905AGBCDJ,7,7,6,6.9,Passed,,
SU2024,SU2024-class 2,18,1905AGBDIC,9,7,5.2,7.8,Passed,,
SU2024,SU2024-class 2,19,1905AHAIEF,7.5,10,6.8,8,Passed,,
SU2024,SU2024-class 2,20,1905AGBGFI,2,0,4.4,2.7,Not Passed,,
SU2024,SU2024-class 2,21,1905AHCJHF,10,7,7,8.7,Passed,,
SU2024,SU2024-class 2,22,1905AHBDAF,6,7,7.2,6.8,Passed,,
SU2024,SU2024-class 2,23,1905AHDAAF,10,7,5.6,8.4,Passed,,
SU2024,SU2024-class 2,24,1905AGAGGD,9,4,6,7.1,Passed,,
SU2024,SU2024-class 2,25,1905AGJCDG,10,7,8.6,9,Passed,,
SU2024,SU2024-class 2,26,1905AGBDAC,5,10,0,5.6,Is Susspended,,
SU2024,SU2024-class 2,27,1905AFJHJJ,10,7,7.4,8.7,Passed,,
SU2024,SU2024-class 2,28,1905AEAJEF,7,4,7,6.9,Passed,,
SU2024,SU2024-class 2,29,1905AHJABH,10,10,6.6,9.1,Passed,,
SU2024,SU2024-class 2,30,1905ACJEIF,2,7,6.8,4.8,Not Passed,,
SU2024,SU2024-class 2,31,1905AFJECI,5,4,5.6,5.4,Passed,,
SU2024,SU2024-class 2,32,1905AEAADE,2,0,0,1.8,Attendance Fail,,
SU2024,SU2024-class 2,33,1905AHCDJJ,10,4,6.6,7.2,Passed,,
SU2024,SU2024-class 2,34,1905AEABBB,4,7,6.8,5.4,Passed,,
SU2024,SU2024-class 2,35,1905AHJCJE,7,4,6.2,6.6,Passed,,
SU2024,SU2024-class 3,1,1905AGBHEE,8.8,4,6.8,7.1,Passed,,
SU2024,SU2024-class 3,2,1905AHBEBB,6.1,6.5,7,6.7,Passed,,
SU2024,SU2024-class 3,3,1905AHDFBB,6.3,10,6,7.3,Passed,,
SU2024,SU2024-class 3,4,1905AGCDJB,6.8,7,6.4,7,Passed,,
SU2024,SU2024-class 3,5,1905AHAEAC,6.8,10,8.4,8,Passed,,
SU2024,SU2024-class 3,6,1905AHBBIB,9.9,10,7.6,9.2,Passed,,
SU2024,SU2024-class 3,7,1905AHJCDF,6.6,7,8,7.3,Passed,,
SU2024,SU2024-class 3,8,1905AHBJGE,6.9,4,6.8,6.4,Passed,,
SU2024,SU2024-class 3,9,1905AGCCIJ,6.8,10,6.2,7.5,Passed,,
SU2024,SU2024-class 3,10,1905AHBGJH,6.6,0.5,6.8,5.8,Passed,,
SU2024,SU2024-class 3,11,1905AHDEHF,6.3,7,6.6,6.6,Passed,,
SU2024,SU2024-class 3,12,1905AHBDCB,8.5,7,8,7.8,Passed,,
SU2024,SU2024-class 3,13,1905AGBDEI,6.8,7,8.2,6.7,Passed,,
SU2024,SU2024-class 3,14,1905AHBEID,6.1,7,7,6.9,Passed,,
SU2024,SU2024-class 3,15,1905AGCBBJ,6.6,4,7.2,6,Passed,,
SU2024,SU2024-class 3,16,1905AHDICE,7.6,7,7.8,7.5,Passed,,
SU2024,SU2024-class 3,17,1905AHJBEF,6.6,4,6.2,5.9,Passed,,
SU2024,SU2024-class 3,18,1905ADJBAA,6.3,7,5.4,6.6,Passed,,
SU2024,SU2024-class 3,19,1905AHDIIC,7.6,4,6.8,6.6,Passed,,
SU2024,SU2024-class 3,20,1905AHCCGD,6.3,7,7,6.9,Passed,,
SU2024,SU2024-class 3,21,1905AHBBBA,9.9,10,6.8,9.2,Passed,,
SU2024,SU2024-class 3,22,1905AHDECA,6.3,0,7.4,5.2,Not Passed,,
SU2024,SU2024-class 3,23,1905AHCAHH,6.9,7,6,6.6,Passed,,
SU2024,SU2024-class 3,24,1905AHCHIE,7.6,10,6.8,8.2,Passed,,
SU2024,SU2024-class 3,25,1905AHCFHJ,6.3,7,6.6,6.6,Passed,,
SU2024,SU2024-class 3,26,1905AHBEHG,8.8,9.5,6,8.2,Passed,,
SU2024,SU2024-class 3,27,1905AGJABD,6.9,0,5.8,5.2,Not Passed,,
SU2024,SU2024-class 3,28,1905AGBEDG,6.9,10,7.4,7.6,Passed,,
SU2024,SU2024-class 3,29,1905AHJDIA,7.6,10,6.4,8.1,Passed,,
SU2024,SU2024-class 3,30,1905AHBEGI,6.1,7,7.6,6.6,Passed,,
SU2024,SU2024-class 3,31,1905AHBIDE,8.5,7,5.2,7.3,Passed,,
SU2024,SU2024-class 3,32,1905AGBIGI,6.8,10,8.6,7.8,Passed,,
SU2024,SU2024-class 3,33,1905AGBBCC,0,0,0,0.2,Attendance Fail,,
SU2024,SU2024-class 3,34,1905AHCGJG,6.3,4,7.2,6.1,Passed,,
SU2024,SU2024-class 3,35,1905AHAEEA,9.9,7,5.8,8,Passed,,
SU2024,SU2024-class 4,1,1905AHCEHC,5,0.5,6.6,4.5,Not Passed,,
SU2024,SU2024-class 4,2,1905AHCIHC,6.5,4,5.6,6.2,Passed,,
SU2024,SU2024-class 4,3,1905AHCBGB,5.5,0.5,7.2,5.3,Passed,,
SU2024,SU2024-class 4,4,1905AHCJBD,8,10,7.4,8.4,Passed,,
SU2024,SU2024-class 4,5,1905AHBAGI,2,4,6.2,4.6,Not Passed,,
SU2024,SU2024-class 4,6,1905AHDBAE,7,10,6.8,7.8,Passed,,
SU2024,SU2024-class 4,7,1905AHCGBG,8,4,7,7.1,Passed,,
SU2024,SU2024-class 4,8,1905AHAEAE,9,7,8.4,8.4,Passed,,
SU2024,SU2024-class 4,9,1905AHBBCJ,2,7,7.2,5.1,Passed,,
SU2024,SU2024-class 4,10,1905AGJAAF,2,10,4.2,4.8,Not Passed,,
SU2024,SU2024-class 4,11,1905AHCGAD,1,4,6.8,4.2,Not Passed,,
SU2024,SU2024-class 4,12,1905AHJCBD,9.5,7,8.6,8.5,Passed,,
SU2024,SU2024-class 4,13,1905AHBFAB,7,10,6.6,7.4,Passed,,
SU2024,SU2024-class 4,14,1905AGBCHJ,0,6.5,0,1.7,Attendance Fail,,
SU2024,SU2024-class 4,15,1905AHCHED,7.5,10,7.4,8,Passed,,
SU2024,SU2024-class 4,16,1905AHDACA,7.5,4,6,6.1,Passed,,
SU2024,SU2024-class 4,17,1905AGCJHI,6,7,5.8,6.1,Passed,,
SU2024,SU2024-class 4,18,1905AEJEJI,1,3.5,4.4,2.8,Not Passed,,
SU2024,SU2024-class 4,19,0405AHJFHJ,1,7,0,2.7,Not Passed,,
SU2024,SU2024-class 4,20,1905AFADJA,2,4,0,2.7,Not Passed,,
SU2024,SU2024-class 4,21,1905AGJCAJ,1,4,0,2.8,Not Passed,,
SU2024,SU2024-class 4,22,1905ACJCDB,3,7,6.6,5.1,Passed,,
SU2024,SU2024-class 4,23,1905AHDFGB,1,10,6.2,4.6,Not Passed,,
SU2024,SU2024-class 4,24,1905AHJFAI,2,7,8.6,4.8,Not Passed,,
SU2024,SU2024-class 4,25,1905AFJDJB,1,0,0,1.4,Not Passed,,
SU2024,SU2024-class 4,26,1905AGCDCG,2,0,5,3.3,Not Passed,,
SU2024,SU2024-class 4,27,1905AFJIGI,0,2.5,0,0.8,Attendance Fail,,
SU2024,SU2024-class 4,28,1905AGJBIH,2,4,6.2,4.2,Not Passed,,
SU2024,SU2024-class 4,29,1905AHCJDH,0,0.5,0,1.2,Not Passed,,
SU2024,SU2024-class 4,30,1905AGJFJB,1,3,0,2.6,Not Passed,,
SU2024,SU2024-class 4,31,1905AHDAIJ,9,10,6,8.3,Passed,,
SU2024,SU2024-class 4,32,1905AGJEJF,1,0,0,1.4,Not Passed,,
SU2024,SU2024-class 4,33,1905AEADGA,5.5,2.5,3.4,4.4,Not Passed,,
SU2024,SU2024-class 4,34,1905AHDBCJ,2,4,6.2,4.3,Not Passed,,
SU2024,SU2024-class 5,1,1905AHDIFG,6,4,5.4,5.9,Passed,,
SU2024,SU2024-class 5,2,1905AHCHAE,6,4,5.8,6.1,Passed,,
SU2024,SU2024-class 5,3,1905AEJFDB,0,0,0,0,Attendance Fail,,
SU2024,SU2024-class 5,4,1905AGCEDE,7,4,6,6.4,Passed,,
SU2024,SU2024-class 5,5,1905AGBEFG,0,0,0,0.4,Attendance Fail,,
SU2024,SU2024-class 5,6,1905AGJECB,8,7,7.6,7.9,Passed,,
SU2024,SU2024-class 5,7,1905AHCHIA,8,10,7.4,8.6,Passed,,
SU2024,SU2024-class 5,8,1905AHDEJB,6,4,7.4,6.5,Passed,,
SU2024,SU2024-class 5,9,1905AGCBAG,0,0,0,0.4,Not Passed,,
SU2024,SU2024-class 5,10,1905AHCFGC,8,7,7.4,8,Passed,,
SU2024,SU2024-class 5,11,1905AGCJFD,7,10,6.2,7.7,Passed,,
SU2024,SU2024-class 5,12,1905AHBIHG,8,0,7,6.2,Not Passed,,
SU2024,SU2024-class 5,13,1905AEADID,6,0,5.8,5.4,Not Passed,,
SU2024,SU2024-class 5,14,1905AHJJDB,7,0,6.6,5.9,Not Passed,,
SU2024,SU2024-class 5,15,1905AHCJDC,7,0.5,7,6,Passed,,
SU2024,SU2024-class 5,16,1905AEJJGA,8,7,7.8,7.9,Passed,,
SU2024,SU2024-class 5,17,1905AHCHHI,7,4,5.8,6.3,Passed,,
SU2024,SU2024-class 5,18,1905AHDCFH,8,3.5,5.4,6.7,Passed,,
SU2024,SU2024-class 5,19,1905AHCAFD,10,10,7.2,9.4,Passed,,
SU2024,SU2024-class 5,20,1905AHCGAB,6,2.5,6.4,5.9,Passed,,
SU2024,SU2024-class 5,21,1905AGBJGI,9,7,5.8,8,Passed,,
SU2024,SU2024-class 5,22,1905AHCJFI,7,4,7.6,6.8,Passed,,
SU2024,SU2024-class 5,23,1905AHJEJJ,8,10,8,8.7,Passed,,
SU2024,SU2024-class 5,24,1905ADAJHF,7,4,4.4,6.3,Passed,,
SU2024,SU2024-class 5,25,1905AHDIEE,9,4,8.2,7.9,Passed,,
SU2024,SU2024-class 5,26,1905AHJEDC,8,7,7.4,8,Passed,,
SU2024,SU2024-class 5,27,1905AGCFHB,8,10,6.2,8.1,Passed,,
SU2024,SU2024-class 5,28,1905AGJEFC,7,7,4.2,6.8,Passed,,
SU2024,SU2024-class 5,29,1905AHDDIB,6,4,6.8,6.2,Passed,,
SU2024,SU2024-class 5,30,1905AGCCIH,7,4,6.8,6.4,Passed,,
SU2024,SU2024-class 5,31,1905AGCEDG,7,4,6.2,6.6,Passed,,
SU2024,SU2024-class 5,32,1905AGJEHI,0,0,0,0,Attendance Fail,,
SU2024,SU2024-class 5,33,1905AEJJCD,8,7,7.4,7.9,Passed,,
SU2024,SU2024-class 5,34,1905AHCBEB,6,3.5,5.2,5.7,Passed,,
SU2024,SU2024-class 5,35,1905AHBEIG,6,4,5.4,5.9,Passed,,
SU2024,SU2024-class 6,1,1905AGCBJG,0,0,0,0.4,Attendance Fail,,
SU2024,SU2024-class 6,2,1905AGAAHF,9.1,3.5,4.8,6.7,Passed,,
SU2024,SU2024-class 6,3,1905AFADIE,0,0,0,0.3,Attendance Fail,,
SU2024,SU2024-class 6,4,1905AHCFFA,7.8,4.5,4.6,6.5,Passed,,
SU2024,SU2024-class 6,5,1905ADJGFJ,7,3.5,5.4,5.9,Passed,,
SU2024,SU2024-class 6,6,1905AHCECF,6,2,5,5,Passed,,
SU2024,SU2024-class 6,7,1905AHCHFB,6.5,3.5,4.6,5,Passed,,
SU2024,SU2024-class 6,8,1905AHCFFE,9.1,0.5,5.4,6.3,Passed,,
SU2024,SU2024-class 6,9,1905AGCAAJ,0,0,0,0.4,Not Passed,,
SU2024,SU2024-class 6,10,1905AFAJJI,5,4.5,5.4,5,Passed,,
SU2024,SU2024-class 6,11,1905AGCEFH,0,0,0,0,Attendance Fail,,
SU2024,SU2024-class 6,12,1905AHJAJE,9.1,5.5,7,7.9,Passed,,
SU2024,SU2024-class 6,13,1905AGBBGI,9,3,7,7.1,Passed,,
SU2024,SU2024-class 6,14,1905AGJBJJ,9.1,3.5,7,7.1,Passed,,
SU2024,SU2024-class 6,15,1905AGCDEI,9,6,8.2,8.2,Passed,,
SU2024,SU2024-class 6,16,1905AGJJIJ,4,6.5,9.4,5.8,Passed,,
SU2024,SU2024-class 6,17,1905AHCFAH,7.8,3.5,5.4,6.2,Passed,,
SU2024,SU2024-class 6,18,1905AGBDIC,7.8,0,4.8,5.5,Not Passed,,
SU2024,SU2024-class 6,19,1905AHDGFJ,0,0,0,0,Attendance Fail,,
SU2024,SU2024-class 6,20,1905AHDHID,5,0.5,5.8,4.3,Not Passed,,
SU2024,SU2024-class 6,21,1905AFAEAC,0,0,0,0.2,Attendance Fail,,
SU2024,SU2024-class 6,22,1905AGBEJF,7.8,3.5,5,6.4,Passed,,
SU2024,SU2024-class 6,23,1905AFAFIH,4,0.5,6.6,4.2,Not Passed,,
SU2024,SU2024-class 6,24,1905ADJGFG,0,0,0,0.2,Attendance Fail,,
SU2024,SU2024-class 6,25,1905AEJCFG,0,0,0,0,Attendance Fail,,
SU2024,SU2024-class 6,26,1905AFBJGD,0,0,0,0,Attendance Fail,,
SU2024,SU2024-class 7,1,1905AGJCBG,6,0.5,4,5,Passed,,
SU2024,SU2024-class 7,2,1905AHAHGD,9,0.5,4.4,6.2,Passed,,
SU2024,SU2024-class 7,3,1905AGCJIE,7,0.5,9.2,6.5,Passed,,
SU2024,SU2024-class 7,4,1905AHAIDB,10,0.5,4.2,6.7,Passed,,
SU2024,SU2024-class 7,5,1905AHBEBF,10,0.5,6.8,7.1,Passed,,
SU2024,SU2024-class 7,6,1905AHDDJB,10,0.5,4.2,6.6,Passed,,
SU2024,SU2024-class 7,7,1905AGJAHC,10,2,3.8,7,Not Passed,,
SU2024,SU2024-class 7,8,1905AHDDJD,10,4.5,5.2,7.5,Passed,,
SU2024,SU2024-class 7,9,1905AGJCED,0,0,0,0,Attendance Fail,,
SU2024,SU2024-class 7,10,1905AHBECH,7,5,5.8,6.6,Passed,,
SU2024,SU2024-class 7,11,1905AGJAHJ,7,5.5,9,7.5,Passed,,
SU2024,SU2024-class 7,12,1905AGJBJA,3,4.5,4.8,4.7,Not Passed,,
SU2024,SU2024-class 7,13,1905AGJCBC,0,0,0,0,Attendance Fail,,
SU2024,SU2024-class 7,14,1905AFAIJF,0,0,0,0.6,Not Passed,,
SU2024,SU2024-class 7,15,1905AHBEBI,10,5.5,7.6,8.4,Passed,,
SU2024,SU2024-class 7,16,1905AHBEED,10,0,0,5.9,Not Passed,,
SU2024,SU2024-class 7,17,1905AGAEJE,6,0,0,4.1,Not Passed,,
SU2024,SU2024-class 7,18,1905AHCAAA,6,0,0,4,Not Passed,,
SU2024,SU2024-class 7,19,1905AGJBCG,9,0,0,5.4,Not Passed,,
SU2024,SU2024-class 7,20,1905AGJBCI,10,3.5,7.4,8,Passed,,
SU2024,SU2024-class 7,21,1905FAFCG,8,7.5,5.6,7.4,Passed,,
SU2024,SU2024-class 7,22,1905AHBHEH,0,0,0,0,Attendance Fail,,
SU2024,SU2024-class 7,23,1905ACJEJC,0,0,0,0,Attendance Fail,,
SU2024,SU2024-class 7,24,1905AHBEDA,10,3.5,5.8,7.6,Passed,,
SU2024,SU2024-class 7,25,1905AGABDD,0,0,0,0,Attendance Fail,,
SU2024,SU2024-class 7,26,1905AGBGEC,0,0,0,0,Attendance Fail,,
SU2024,SU2024-class 7,27,1905AGAFFE,0,0,0,0,Attendance Fail,,
SU2024,SU2024-class 7,28,1905AHBJCG,10,0.5,4.4,6.7,Passed,,
SU2024,SU2024-class 7,29,1905AGJDDH,7,6.5,8.8,7.5,Passed,,
SU2024,SU2024-class 7,30,1905AGJBJD,10,6.5,5.4,8.2,Passed,,
SU2024,SU2024-class 7,31,1905AGAFCJ,0,0,0,0,Attendance Fail,,
SU2024,SU2024-class 7,32,1905AGBBCC,0,0,0,0.8,Not Passed,,
SU2024,SU2024-class 7,33,1905AHCDJA,2,0,0,0.8,Not Passed,,
SU2024,SU2024-class 7,34,1905FADCJ,9,3.5,5.2,7,Passed,,
SU2024,SU2024-class 7,35,1905AGCEFB,10,0.5,4.8,6.9,Passed,,
SU2024,SU2024-class 8,1,1905AHCJGB,0,0,0,1,Attendance Fail,,
SU2024,SU2024-class 8,2,1905AHCIHC,5,0,6.2,4.7,Not Passed,,
SU2024,SU2024-class 8,3,1905AGAHHH,5.4,3.5,7.8,6,Passed,,
SU2024,SU2024-class 8,4,1905AHCGFG,4,0,0,3,Not Passed,,
SU2024,SU2024-class 8,5,1905AHDDDG,6,3,4,5.1,Passed,,
SU2024,SU2024-class 8,6,1905AHDFJE,6,3.5,4.8,5.5,Passed,,
SU2024,SU2024-class 8,7,1905AHDJIJ,4,3.5,7.8,5.4,Passed,,
SU2024,SU2024-class 8,8,1905AGAGED,5.4,2.5,4,4.8,Not Passed,,
SU2024,SU2024-class 8,9,1905AHDJEC,5.8,6,7.4,6.7,Passed,,
SU2024,SU2024-class 8,10,1905AHCIAI,0,0,0,1,Attendance Fail,,
SU2024,SU2024-class 8,11,1905AHCEBA,6,3,5.2,5.4,Passed,,
SU2024,SU2024-class 8,12,1905AHCIJA,0,0,0,1.2,Attendance Fail,,
SU2024,SU2024-class 8,13,1905AGCBFI,0,0,0,1.1,Attendance Fail,,
SU2024,SU2024-class 8,14,1905AGBDAD,4,5,5.8,5.1,Passed,,
SU2024,SU2024-class 8,15,1905AHCFJG,7.1,3.5,6,6,Passed,,
SU2024,SU2024-class 8,16,1905AHCEIH,6.1,5.5,7.4,6.5,Passed,,
SU2024,SU2024-class 8,17,1905AHCJJD,8.4,6,7,7.4,Passed,,
SU2024,SU2024-class 8,18,1905AHCHDB,0,0,0,1,Attendance Fail,,
SU2024,SU2024-class 8,19,1905AHBIHA,7.3,4,5.2,6.2,Passed,,
SU2024,SU2024-class 8,20,1905AHCGAC,3,0,0,2.6,Not Passed,,
SU2024,SU2024-class 8,21,1905AGCAFH,4,6.5,9.6,6.2,Passed,,
SU2024,SU2024-class 8,22,1905AGAFAC,4.7,0.5,4.4,4,Not Passed,,
SU2024,SU2024-class 8,23,1905AFJHAG,0,0,0,0,Attendance Fail,,
SU2024,SU2024-class 8,24,1905AGBDAA,4,0,0,3,Attendance Fail,,
SU2024,SU2024-class 8,25,1905AHDEEC,0,0,0,1,Attendance Fail,,
SU2024,SU2024-class 8,26,1905AGCDBE,0,0,0,1.2,Attendance Fail,,
SU2024,SU2024-class 8,27,1905AHCFJB,7.3,4.5,5.8,6.4,Passed,,
SU2024,SU2024-class 8,28,1905AGBIIJ,4,6.5,9.4,6.1,Passed,,
SU2024,SU2024-class 8,29,1905AGBCAG,4,0.5,0,3.1,Attendance Fail,,
SU2024,SU2024-class 8,30,1905AGAHGF,5.1,3,4.2,5,Passed,,
SU2024,SU2024-class 8,31,1905AEJCFA,4,3.5,4.2,4.6,Not Passed,,
SU2024,SU2024-class 8,32,1905AHCJCC,6.1,6.5,5,6.1,Passed,,
SU2024,SU2024-class 8,33,1905AHDDAJ,7.1,5.5,5.6,6.6,Passed,,
SU2024,SU2024-class 8,34,1905AHCFJC,5.1,3,4.6,5,Passed,,
SU2024,SU2024-class 8,35,1905AGCDGC,4,5.5,4.2,4.9,Not Passed,,
SU2024,SU2024-class 9,1,1905AGCEBH,8,5.5,3.8,6.9,Not Passed,,
SU2024,SU2024-class 9,2,1705AHJAIF,8.5,8,6.8,8.2,Passed,,
SU2024,SU2024-class 9,3,1905AGJEAH,7,0,0,4.4,Not Passed,,
SU2024,SU2024-class 9,4,1905AGJAEJ,9,2.5,5.4,7,Passed,,
SU2024,SU2024-class 9,5,1905AGJCAC,6,0.5,4.4,5,Passed,,
SU2024,SU2024-class 9,6,1705AHJJEF,8.5,8.5,6.4,8.3,Passed,,
SU2024,SU2024-class 9,7,1905AGJJFA,0,0,0,0,Attendance Fail,,
SU2024,SU2024-class 9,8,1905AEJEHJ,7,0.5,4.6,5.5,Passed,,
SU2024,SU2024-class 9,9,1905AGJJFJ,8,4.5,4.4,6.6,Passed,,
SU2024,SU2024-class 9,10,1905AGAECF,0,0,0,0,Attendance Fail,,
SU2024,SU2024-class 9,11,1905AHDBEF,9,3.5,5.4,7.1,Passed,,
SU2024,SU2024-class 9,12,0405AHJFHJ,7.5,0,0,4.7,Not Passed,,
SU2024,SU2024-class 9,13,1905AGJJFC,7,10,8.8,8.1,Passed,,
SU2024,SU2024-class 9,14,1905AGBJJI,0,0,0,0,Attendance Fail,,
SU2024,SU2024-class 9,15,1905AGJDAI,6,3,4.4,5.6,Passed,,
SU2024,SU2024-class 9,16,1905AGJCAJ,7,0,0,4.4,Not Passed,,
SU2024,SU2024-class 9,17,1905AHAGJF,7,0,0,4.6,Not Passed,,
SU2024,SU2024-class 9,18,1705AHJAFC,7.5,3,4.6,6.1,Passed,,
SU2024,SU2024-class 9,19,0805AGIJAE,9.5,7.5,4.8,8.2,Passed,,
SU2024,SU2024-class 9,20,1905AHCGBB,9.5,9.5,6.6,8.9,Passed,,
SU2024,SU2024-class 9,21,1705AHJABA,8,3.5,4,6.5,Passed,,
SU2024,SU2024-class 9,22,1905AGJJBG,8,0,3,5.5,Not Passed,,
SU2024,SU2024-class 9,23,1905AGJCDG,8.5,0,2.4,5.6,Not Passed,,
SU2024,SU2024-class 9,24,1905AGJBFJ,8.5,5.5,4.4,7,Passed,,
SU2024,SU2024-class 9,25,1905AHCHBI,9.5,7.5,6,8.4,Passed,,
SU2024,SU2024-class 9,26,1905AFJCBG,7.5,6.5,5.6,7.2,Passed,,
SU2024,SU2024-class 9,27,1905AGJAAA,8,10,4.6,7.9,Passed,,
SU2024,SU2024-class 9,28,1905AGJBCH,7,6,9,7.3,Passed,,
SU2024,SU2024-class 9,29,1905AGJFJB,8,0,0,4.9,Not Passed,,
SU2024,SU2024-class 9,30,1905AGJCGF,7.5,0,0,4.6,Not Passed,,
SU2024,SU2024-class 9,31,1905AHAGBI,8.5,5.5,5,7.3,Passed,,
SU2024,SU2024-class 9,32,1905AHCGCJ,9,6.5,6.4,8.1,Passed,,
SU2024,SU2024-class 9,33,1705AHJAGB,8.5,6.5,6.8,8,Passed,,
SU2024,SU2024-class 9,34,1905AHCDAJ,0,0,0,0.4,Attendance Fail,,
SU2024,SU2024-class 9,35,1905AGADBD,7,5.5,9.6,7.5,Passed,,
SU2024,SU2024-class 10,1,1905AGBCAB,1,0,0,1,Attendance Fail,,
SU2024,SU2024-class 10,2,1905AHJFDC,8.4,0.5,0,4.4,Not Passed,,
SU2024,SU2024-class 10,3,1905AHDDAF,1,0,0,1.2,Attendance Fail,,
SU2024,SU2024-class 10,4,1905AHBHDH,8.4,0,0,4,Attendance Fail,,
SU2024,SU2024-class 10,5,1905AHCHHE,8.4,3.5,5.2,6.6,Passed,,
SU2024,SU2024-class 10,6,1905AHAEHE,8.2,0.5,4,5.3,Passed,,
SU2024,SU2024-class 10,7,1905AHDAJG,8.4,6.5,6.8,7.8,Passed,,
SU2024,SU2024-class 10,8,1905AHDHII,10,5.5,6,8,Passed,,
SU2024,SU2024-class 10,9,1905AGBAHA,10,0.5,4.4,6.7,Passed,,
SU2024,SU2024-class 10,10,1905AHAEJH,9.2,3,5.4,6.8,Passed,,
SU2024,SU2024-class 10,11,1905AHJGAG,1,0,0,1.6,Not Passed,,
SU2024,SU2024-class 10,12,1905AGACFA,10,4.5,5.6,7.4,Passed,,
SU2024,SU2024-class 10,13,1905AGBJID,1.5,0,0,1.7,Attendance Fail,,
SU2024,SU2024-class 10,14,1905AHCHHI,9.2,0,0,5.1,Not Passed,,
SU2024,SU2024-class 10,15,1905AHCGCD,9.4,2.5,5.8,6.8,Passed,,
SU2024,SU2024-class 10,16,1905AGAEFH,9.4,0,0,5.3,Not Passed,,
SU2024,SU2024-class 10,17,1905AHDHGA,9.9,4.5,5,7.5,Passed,,
SU2024,SU2024-class 10,18,1905AHEJFH,9.5,3,4.8,6.8,Passed,,
SU2024,SU2024-class 10,19,1919AGJDIE,7.7,6.5,8.8,7.5,Passed,,
SU2024,SU2024-class 10,20,1905AHDADJ,10,10,7.2,9.1,Passed,,
SU2024,SU2024-class 10,21,1905AHJJDF,9.9,6,7,8.2,Passed,,
SU2024,SU2024-class 10,22,1905AHDAAC,8.4,5.5,5.2,7,Passed,,
SU2024,SU2024-class 10,23,1905AGAAHD,7.9,0,0,4.3,Not Passed,,
SU2024,SU2024-class 10,24,1905AHDGDG,9.9,0.5,5.6,6.5,Passed,,
SU2024,SU2024-class 10,25,1905AGBAFB,1.5,0,0,1,Attendance Fail,,
SU2024,SU2024-class 10,26,1905AGAECI,7.4,0.5,4.6,5.1,Passed,,
SU2024,SU2024-class 10,27,1905AHDHFC,8.3,2,5.4,6.6,Passed,,
SU2024,SU2024-class 10,28,1905AFABHC,8.7,7,7.8,8,Passed,,
SU2024,SU2024-class 10,29,1905AGBACC,3.5,0.5,0,2.8,Not Passed,,
SU2024,SU2024-class 10,30,1905AGABAH,7.7,0,0,4.4,Not Passed,,
SU2024,SU2024-class 10,31,1905AHDHHH,9.4,4.5,4,6.6,Passed,,
SU2024,SU2024-class 10,32,1905AHBBIG,10,7,7.4,8.8,Passed,,
SU2024,SU2024-class 10,33,1905AHEJDD,8.3,2.5,3.4,6.2,Not Passed,,
SU2024,SU2024-class 10,34,1905AHEAAI,10,10,6.6,9.1,Passed,,
SU2024,SU2024-class 10,35,1905AHBIEA,9.2,5.5,7,8.1,Passed,,
SU2024,SU2024-class 11,1,1905AHBEHI,4.8,6,5.8,5.7,Passed,,
SU2024,SU2024-class 11,2,1905AGBEFG,1,0,0,1,Not Passed,,
SU2024,SU2024-class 11,3,1905AGAHGD,5,0,4.6,4.1,Not Passed,,
SU2024,SU2024-class 11,4,1905AFJFAF,1,0,0,0.9,Not Passed,,
SU2024,SU2024-class 11,5,1905AEJGAF,1,0,0,0.9,Attendance Fail,,
SU2024,SU2024-class 11,6,1905AGCBBF,6,3.5,5.2,5.5,Passed,,
SU2024,SU2024-class 11,7,1905AGBGCF,5,0,0,2.3,Not Passed,,
SU2024,SU2024-class 11,8,1905AGCCFG,5,0,0,3.3,Not Passed,,
SU2024,SU2024-class 11,9,1905AHJJDB,5,0,0,3.2,Not Passed,,
SU2024,SU2024-class 11,10,1905AHJJDI,7,3.5,5.4,6.2,Passed,,
SU2024,SU2024-class 11,11,1905AFAGBD,7,4.5,4.6,6.3,Passed,,
SU2024,SU2024-class 11,12,1905AHJJFH,9,0.5,7.2,6.7,Passed,,
SU2024,SU2024-class 11,13,1905AGCACA,7,3,8.6,6.4,Passed,,
SU2024,SU2024-class 11,14,1905AFJDJB,8,0,0,4.6,Not Passed,,
SU2024,SU2024-class 11,15,1905AGBGDA,1,0,0,0.6,Attendance Fail,,
SU2024,SU2024-class 11,16,1905AGCFJB,7,4,5,6.1,Passed,,
SU2024,SU2024-class 11,17,1905AHBEHG,6,0,0,3.9,Not Passed,,
SU2024,SU2024-class 11,18,1905AGCGJG,6,0,0,3.7,Not Passed,,
SU2024,SU2024-class 11,19,1905AGBEFA,6,9.5,6.2,6.5,Passed,,
SU2024,SU2024-class 11,20,1905AGCAHJ,6,0,0,3.7,Not Passed,,
SU2024,SU2024-class 11,21,1905AFJIEB,8,6.5,7.8,7.4,Passed,,
SU2024,SU2024-class 11,22,1905AHAEDC,8,5.5,5.6,6.7,Passed,,
SU2024,SU2024-class 12,1,1905AHJJGD,2,6,8.4,4.8,Not Passed,,
SU2024,SU2024-class 12,2,1905AHJBDD,0,0,0,0.8,Not Passed,,
SU2024,SU2024-class 12,3,1905AHAGBD,2,0,4.2,2.8,Not Passed,,
SU2024,SU2024-class 12,4,1905AHDEAD,8,0.5,7,6.5,Passed,,
SU2024,SU2024-class 12,5,1905AHJAFI,1,2.5,0,1.9,Not Passed,,
SU2024,SU2024-class 12,6,1905AHDEJB,0,0.5,0,1,Not Passed,,
SU2024,SU2024-class 12,7,1905AHDGJD,0,3,0,0.6,Not Passed,,
SU2024,SU2024-class 12,8,1905AHJBIC,3,0.5,0,2.4,Not Passed,,
SU2024,SU2024-class 12,9,1905AHJACG,0,0,0,0.7,Not Passed,,
SU2024,SU2024-class 12,10,1905AHBEHB,8,3.5,7.4,7.1,Passed,,
SU2024,SU2024-class 12,11,1905AHJAAA,2,7,4.2,4.1,Not Passed,,
SU2024,SU2024-class 12,12,1905AHAGCJ,5,0,0,3.4,Not Passed,,
SU2024,SU2024-class 12,13,1905AHJAGJ,2,0.5,0,1.8,Not Passed,,
SU2024,SU2024-class 12,14,1905AHJBGB,7.5,0.5,6.6,5.9,Passed,,
SU2024,SU2024-class 12,15,1905AHJABD,1,3.5,6.2,3.3,Not Passed,,
SU2024,SU2024-class 12,16,1905AHDJCJ,9,3.5,6.2,7.4,Passed,,
SU2024,SU2024-class 12,17,1905AHJBJH,2,10,8.2,5.4,Passed,,
SU2024,SU2024-class 12,18,1905AGCCGG,0,0,0,0,Attendance Fail,,
SU2024,SU2024-class 12,19,1905AHJAJC,2,0,0,1.8,Not Passed,,
SU2024,SU2024-class 12,20,1905AHJAGA,7,3.5,6,6.5,Passed,,
SU2024,SU2024-class 12,21,1905AHJBFA,8,10,7.6,8.5,Passed,,
SU2024,SU2024-class 12,22,1905AHCHFH,7,7,5.2,6.8,Passed,,
SU2024,SU2024-class 12,23,1905AHJAJJ,0,0,0,0.7,Not Passed,,
SU2024,SU2024-class 12,24,1905AHJBBD,0,0,0,0.7,Not Passed,,
SU2024,SU2024-class 12,25,1905AHJABH,3,2.5,5.4,4.2,Not Passed,,
SU2024,SU2024-class 12,26,1905AHJBAE,6,7.5,4.8,6.3,Passed,,
SU2024,SU2024-class 12,27,1905AHDBAD,0,0,0,0.9,Not Passed,,
SU2024,SU2024-class 12,28,0405AHJGCB,10,6,7.6,8.6,Passed,,
SU2024,SU2024-class 12,29,1905AHDEAI,9,0.5,4.8,6.5,Passed,,
SU2024,SU2024-class 12,30,1905AGCCBE,10,3,6.4,7.7,Passed,,
SU2024,SU2024-class 12,31,1905AGJACD,2,0.5,5,3,Not Passed,,
SU2024,SU2024-class 12,32,1905AHJACJ,10,10,8,9.5,Passed,,
SU2024,SU2024-class 12,33,1905AHDCIJ,0,5.5,0,1.9,Not Passed,,
SU2024,SU2024-class 12,34,1905AHAGCE,6,4,5.8,5.8,Passed,,
SU2024,SU2024-class 12,35,1905AHDCGJ,2,3.5,0,2.6,Not Passed,,
SU2024,SU2024-class 13,1,1905AHJDDI,9.5,9.5,6.8,9,Passed,,
SU2024,SU2024-class 13,2,1905AHJCHE,7.5,0.5,4.2,5.5,Passed,,
SU2024,SU2024-class 13,3,1905AHJCDH,7,5.5,5.2,6.8,Passed,,
SU2024,SU2024-class 13,4,1905AHDDEA,8,7.5,6.2,7.8,Passed,,
SU2024,SU2024-class 13,5,1905AHJDDJ,8,3.5,4.6,6.5,Passed,,
SU2024,SU2024-class 13,6,1905AHJDBD,7,5.5,5.8,6.8,Passed,,
SU2024,SU2024-class 13,7,1905AHDEIF,9.5,0.5,6,7.1,Passed,,
SU2024,SU2024-class 13,8,1905AHJDBG,8,3.5,4.6,6.6,Passed,,
SU2024,SU2024-class 13,9,1905AHJBGD,8,3.5,6.6,7.1,Passed,,
SU2024,SU2024-class 13,10,1905AHJCBD,9.5,0,5.2,6.6,Not Passed,,
SU2024,SU2024-class 13,11,1905AFJCGC,7,3.5,8.4,6.6,Passed,,
SU2024,SU2024-class 13,12,1905AHJCFF,7.5,6,6.4,7.2,Passed,,
SU2024,SU2024-class 13,13,1905AHJCFB,7,0.5,5,5.6,Passed,,
SU2024,SU2024-class 13,14,1905AHJCBA,9,7.5,6.2,8.2,Passed,,
SU2024,SU2024-class 13,15,1905AHDDGB,7,3,5.2,6.2,Passed,,
SU2024,SU2024-class 13,16,1905AGBGCD,7,10,9.4,8.5,Passed,,
SU2024,SU2024-class 13,17,1905AGBDEI,7,0,0,4.2,Not Passed,,
SU2024,SU2024-class 13,18,1905AHJDGD,8,0.5,6.2,6.4,Passed,,
SU2024,SU2024-class 13,19,1905AHJDFA,8.5,3.5,4.6,6.8,Passed,,
SU2024,SU2024-class 13,20,1905AHJCBH,7.5,2.5,4,6,Passed,,
SU2024,SU2024-class 13,21,1905AHCJHH,9,5,7.2,7.8,Passed,,
SU2024,SU2024-class 13,22,1905AGBHDA,0,0,0,0,Attendance Fail,,
SU2024,SU2024-class 13,23,1905AHJCDE,9,0.5,4.2,6.3,Passed,,
SU2024,SU2024-class 13,24,1905AHCCGD,8,0,0,4.9,Not Passed,,
SU2024,SU2024-class 13,25,1905AHJCBC,8.5,7,5.4,7.7,Passed,,
SU2024,SU2024-class 13,26,1705AHJJFH,8,5,6.6,7.3,Passed,,
SU2024,SU2024-class 13,27,1905AFAACB,6,6.5,9.6,7.4,Passed,,
SU2024,SU2024-class 13,28,1905AHJCCC,8,0.5,5.2,6.2,Passed,,
SU2024,SU2024-class 13,29,1905AHJFFI,8.5,5.5,4,7.1,Passed,,
SU2024,SU2024-class 13,30,1905AHJCEI,7,0.5,4.8,5.5,Passed,,
SU2024,SU2024-class 13,31,1905AHJDHA,9,5,4.4,7.3,Passed,,
SU2024,SU2024-class 13,32,1905AHJCIB,8.5,5,4,7.1,Passed,,
SU2024,SU2024-class 13,33,1905AGCFIC,7.5,7,9.2,8.1,Passed,,
SU2024,SU2024-class 13,34,1905AHDGHI,6,6.5,9.2,7.2,Passed,,
SU2024,SU2024-class 13,35,1905ACJBFE,7,6.5,4.8,6.8,Passed,,
SU2024,SU2024-class 14,1,1905AHCHAB,8,3.5,4.8,6.5,Passed,,
SU2024,SU2024-class 14,2,1905AHJGDE,0,1.5,0,0.9,Not Passed,,
SU2024,SU2024-class 14,3,1905AHJFCE,0,0,0,0.6,Not Passed,,
SU2024,SU2024-class 14,4,1905AHJEBD,7,7,5.8,7,Passed,,
SU2024,SU2024-class 14,5,1905AGCDJB,7,0,0,4.6,Not Passed,,
SU2024,SU2024-class 14,6,1905AHDEFJ,1,3,0,2.5,Not Passed,,
SU2024,SU2024-class 14,7,1905AHJFJI,7.5,3,4.8,6.3,Passed,,
SU2024,SU2024-class 14,8,1905AHJEAF,2,4,0,3.1,Not Passed,,
SU2024,SU2024-class 14,9,1905AHJFCH,7.5,7,7.8,7.7,Passed,,
SU2024,SU2024-class 14,10,1905AHDIDJ,6,3.5,5.6,5.9,Passed,,
SU2024,SU2024-class 14,11,1905AHJEDD,2,3,0,2.8,Not Passed,,
SU2024,SU2024-class 14,12,1905AHJGEH,8.5,5.5,6.4,7.3,Passed,,
SU2024,SU2024-class 14,13,1905AGAEJC,1,7,7.6,5.2,Passed,,
SU2024,SU2024-class 14,14,1905AGCCIJ,2,4.5,0,3.4,Not Passed,,
SU2024,SU2024-class 14,15,1905AHJEIA,0,0,0,0.7,Not Passed,,
SU2024,SU2024-class 14,16,1905AHJEJJ,2,6.5,5.4,4.8,Not Passed,,
SU2024,SU2024-class 14,17,1905AHJGJE,8,6,7.2,7.4,Passed,,
SU2024,SU2024-class 14,18,1905AHJFBI,0,0,0,0.8,Attendance Fail,,
SU2024,SU2024-class 14,19,1905AHJFCA,2,6.5,5.8,4.7,Not Passed,,
SU2024,SU2024-class 14,20,1905AHJDHF,9.5,3,4.6,7.1,Passed,,
SU2024,SU2024-class 14,21,1905AHCGHE,8,3.5,5.4,6.7,Passed,,
SU2024,SU2024-class 14,22,1905AHJEDC,2,5.5,4.8,4.4,Not Passed,,
SU2024,SU2024-class 14,23,1905AHJEHA,8.5,7.5,6.6,8.1,Passed,,
SU2024,SU2024-class 14,24,1905AHJFAI,0,0,0,1.5,Not Passed,,
SU2024,SU2024-class 14,25,1905AFJDBG,0,0,0,0.7,Attendance Fail,,
SU2024,SU2024-class 14,26,1905AHJFFD,3,7.5,5.4,5.6,Passed,,
SU2024,SU2024-class 14,27,1905AHJEFD,8.5,6.5,4.8,7.5,Passed,,
SU2024,SU2024-class 14,28,1905AGAFAI,3,3,9.4,5.5,Passed,,
SU2024,SU2024-class 14,29,1905AGCCJH,7.5,3.5,5.2,6.5,Passed,,
SU2024,SU2024-class 14,30,1905AFAEGB,2,6.5,9.4,5.5,Passed,,
SU2024,SU2024-class 14,31,1905AHJDIA,1,0.5,4.6,3,Not Passed,,
SU2024,SU2024-class 14,32,1905AHJFJJ,5.5,7,6.2,6.5,Passed,,
SU2024,SU2024-class 14,33,1905AGBIGI,1,0.5,0,2.2,Not Passed,,
SU2024,SU2024-class 14,34,1905AHJDHE,2,3.5,3.6,3.6,Not Passed,,
SU2024,SU2024-class 15,1,1905AHAEBJ,9,7.5,5.4,8.1,Passed,,
SU2024,SU2024-class 15,2,1905AHEJAF,7,5.5,5.6,6.8,Passed,,
SU2024,SU2024-class 15,3,1905AHAIFI,6,3.5,4.6,5.8,Passed,,
SU2024,SU2024-class 15,4,1905AHAECB,10,5,5,7.9,Passed,,
SU2024,SU2024-class 15,5,1905AHAEAI,9,3.5,4.8,7.2,Passed,,
SU2024,SU2024-class 15,6,1905AHAEAE,9,0,0,5.3,Not Passed,,
SU2024,SU2024-class 15,7,1905AHAEAC,9,0,0,5.4,Not Passed,,
SU2024,SU2024-class 15,8,1905AHAFIJ,9.5,3,4.4,7.1,Passed,,
SU2024,SU2024-class 15,9,1905AHAEFC,10,7.5,6.4,8.5,Passed,,
SU2024,SU2024-class 15,10,1905AGAAFI,7,6.5,4.2,6.7,Passed,,
SU2024,SU2024-class 15,11,1905AHAFHI,6,0.5,5,5.3,Passed,,
SU2024,SU2024-class 15,12,1905AHAFGD,10,3.5,6.2,7.8,Passed,,
SU2024,SU2024-class 15,13,1905AGBEDD,6,0,0,3.2,Attendance Fail,,
SU2024,SU2024-class 15,14,1905AHAFGC,9.5,2,7,7.5,Passed,,
SU2024,SU2024-class 15,15,1905AHJJBE,6,0.5,5.6,5.4,Passed,,
SU2024,SU2024-class 15,16,1905AHAEDI,9,0.5,5.8,6.7,Passed,,
SU2024,SU2024-class 15,17,1905AHAEEF,9,3.5,5.8,7.3,Passed,,
SU2024,SU2024-class 15,18,1905AHAEFE,8,0.5,5.6,6.3,Passed,,
SU2024,SU2024-class 15,19,1905AHAIEF,9.5,0,0,5.2,Not Passed,,
SU2024,SU2024-class 15,20,1905AHAGFG,9,4.5,5,7.3,Passed,,
SU2024,SU2024-class 15,21,1905AHAFHH,6,0,0,2.8,Attendance Fail,,
SU2024,SU2024-class 15,22,1905AHAEHG,8.5,4,4.4,6.8,Passed,,
SU2024,SU2024-class 15,23,1905AHAEFH,8,6.5,5.6,7.5,Passed,,
SU2024,SU2024-class 15,24,1905AGCEAG,0,0,0,0,Attendance Fail,,
SU2024,SU2024-class 15,25,1905AHAIEB,9.5,3.5,6.2,7.7,Passed,,
SU2024,SU2024-class 15,26,1905AHDDIB,8,0,0,4.9,Not Passed,,
SU2024,SU2024-class 15,27,1905AHAECA,9.5,6.5,6.8,8.3,Passed,,
SU2024,SU2024-class 15,28,1905AHAFFC,9.5,3,4,7,Passed,,
SU2024,SU2024-class 15,29,1905AHAGHC,8.5,3.5,5,6.9,Passed,,
SU2024,SU2024-class 15,30,1905AHAEIG,6,5.5,5.2,6.3,Passed,,
SU2024,SU2024-class 15,31,1905AGBAII,6,3,4,5.4,Passed,,
SU2024,SU2024-class 15,32,1905AHAEEI,8.5,10,4.6,8.2,Passed,,
SU2024,SU2024-class 15,33,1905AHJFGB,9,10,5,8.5,Passed,,
SU2024,SU2024-class 15,34,1905AHAGDJ,9,4.5,6.6,7.7,Passed,,
SU2024,SU2024-class 15,35,1905AHAEEA,8.5,0,0,5.1,Not Passed,,
SU2024,SU2024-class 16,1,1905AHCIFC,5.5,0,5,4.6,Not Passed,,
SU2024,SU2024-class 16,2,1905AHAGAJ,4,5,6.6,5.3,Passed,,
SU2024,SU2024-class 16,3,1905AHAHCB,5.3,0,0,3.5,Not Passed,,
SU2024,SU2024-class 16,4,1905AHAFID,5.6,3.5,7,5.8,Passed,,
SU2024,SU2024-class 16,5,1905AGCABG,5.1,7,4.2,5.5,Passed,,
SU2024,SU2024-class 16,6,1905AGCEHH,4.6,2.5,4.8,5.1,Passed,,
SU2024,SU2024-class 16,7,1905AHCAFB,6.1,9.5,8,7.5,Passed,,
SU2024,SU2024-class 16,8,1905AHDFFE,7.8,4.5,7.2,7,Passed,,
SU2024,SU2024-class 16,9,1905AHAFIG,6.1,6,6.2,6.4,Passed,,
SU2024,SU2024-class 16,10,1905AHCIFD,4,0.5,3.6,3.8,Not Passed,,
SU2024,SU2024-class 16,11,1905AHAHAC,4,0,0,3,Not Passed,,
SU2024,SU2024-class 16,12,1905AHAGFD,0,0,0,1.2,Attendance Fail,,
SU2024,SU2024-class 16,13,1905AHCEGF,0,0,0,1,Attendance Fail,,
SU2024,SU2024-class 16,14,1905AHCHAA,4.7,3.5,4.6,4.9,Not Passed,,
SU2024,SU2024-class 16,15,1905AGBEHJ,0,0,0,0,Attendance Fail,,
SU2024,SU2024-class 16,16,1905AFADJA,0,0.5,0,1.5,Attendance Fail,,
SU2024,SU2024-class 16,17,1905AHCHJF,4,6,5.6,5.4,Passed,,
SU2024,SU2024-class 16,18,1905AHCHAJ,4,3,3.6,4.3,Not Passed,,
SU2024,SU2024-class 16,19,1905AGCBBJ,4,0.5,2.8,3.5,Not Passed,,
SU2024,SU2024-class 16,20,1905AHAGGB,6.4,3.5,4.6,5.6,Passed,,
SU2024,SU2024-class 16,21,1905AHAHAF,4.3,10,6,6.3,Passed,,
SU2024,SU2024-class 16,22,1905AGJABE,5.1,0.5,6.8,4.9,Not Passed,,
SU2024,SU2024-class 16,23,1905AHAHDJ,4,7,9.6,6.2,Passed,,
SU2024,SU2024-class 16,24,1905AHJBAC,6.1,4,5.2,5.7,Passed,,
SU2024,SU2024-class 16,25,1905FAIBH,0,0,0,0,Attendance Fail,,
SU2024,SU2024-class 16,26,1905AFADBF,4,10,9.4,6.7,Passed,,
SU2024,SU2024-class 16,27,1905AGBDAC,0,0,0,1,Attendance Fail,,
SU2024,SU2024-class 16,28,1905AHJBGG,4,3.5,9.2,5.6,Passed,,
SU2024,SU2024-class 16,29,1905AGJBIH,0.3,0,0,1.4,Not Passed,,
SU2024,SU2024-class 16,30,1905AHDJGF,4,3,5,4.6,Not Passed,,
SU2024,SU2024-class 16,31,1905AHCIHB,5.5,5.5,6.2,6.1,Passed,,
SU2024,SU2024-class 16,32,1905AHCEAH,4,3.5,5.6,4.8,Not Passed,,
SU2024,SU2024-class 16,33,1905AHAGGC,5.7,3.5,6,5.7,Passed,,
SU2024,SU2024-class 16,34,1905AHBABC,0,0,0,1,Attendance Fail,,
SU2024,SU2024-class 16,35,1905AHBHBI,4.4,0.5,4,4,Not Passed,,
SU2024,SU2024-class 17,1,1905AHDAHF,3,0,0,1.7,Attendance Fail,,
SU2024,SU2024-class 17,2,1905AHBACF,5.8,5.5,6.2,5.8,Passed,,
SU2024,SU2024-class 17,3,1905AHBACH,8,3.5,5,6.1,Passed,,
SU2024,SU2024-class 17,4,1905AHAIHI,8,10,6.8,7.9,Passed,,
SU2024,SU2024-class 17,5,1905AHBACC,7,0.5,6.6,5.3,Passed,,
SU2024,SU2024-class 17,6,1905AFAEAG,0,0,0,0,Attendance Fail,,
SU2024,SU2024-class 17,7,1905AHBAAA,6.5,3.5,5,5.3,Passed,,
SU2024,SU2024-class 17,8,1905AFACGE,0,0,0,0,Attendance Fail,,
SU2024,SU2024-class 17,9,1905AHDCIB,0,0,0,0,Attendance Fail,,
SU2024,SU2024-class 17,10,1905AHAICD,2.3,0,0,1.5,Attendance Fail,,
SU2024,SU2024-class 17,11,1905AHBAHH,8,4.5,5.2,6.4,Passed,,
SU2024,SU2024-class 17,12,1905AHDGCA,5.8,3,5.8,5.2,Passed,,
SU2024,SU2024-class 17,13,1905AGCDAE,0,0,0,0,Attendance Fail,,
SU2024,SU2024-class 17,14,1905AGBHID,4.8,10,9.4,6.7,Passed,,
SU2024,SU2024-class 17,15,1905AHAHEH,7.3,5,6.2,6.5,Passed,,
SU2024,SU2024-class 17,16,1905AHAEBC,5.8,5.5,7.2,5.9,Passed,,
SU2024,SU2024-class 17,17,1905AHAFGB,8,4.5,8,7.1,Passed,,
SU2024,SU2024-class 17,18,1905AHBJGF,0,0,0,0.2,Attendance Fail,,
SU2024,SU2024-class 17,19,1905AGJJAF,6,3.5,4.8,5.1,Passed,,
SU2024,SU2024-class 17,20,1905AHBJHH,2.3,0.5,0,1.5,Attendance Fail,,
SU2024,SU2024-class 17,21,1905AGBEAE,7.3,3.5,6,6.1,Passed,,
SU2024,SU2024-class 17,22,1905AGBJCE,0,0,0,0,Attendance Fail,,
SU2024,SU2024-class 17,23,1905AHDHAF,6.5,5,7,6.2,Passed,,
SU2024,SU2024-class 17,24,1905AHDCEF,0,0,0,0,Attendance Fail,,
SU2024,SU2024-class 17,25,1705AHJJDF,7.5,5.5,7.6,6.9,Passed,,
SU2024,SU2024-class 17,26,1905AHDJBA,9.3,6.5,6.4,7.8,Passed,,
SU2024,SU2024-class 17,27,1905AGCJAI,0,0,0,0,Attendance Fail,,
SU2024,SU2024-class 17,28,1905AHBACI,0,0,0,0,Attendance Fail,,
SU2024,SU2024-class 17,29,1905AHAIBE,6.8,4,5.6,5.9,Passed,,
SU2024,SU2024-class 17,30,1905AHBJHE,2.8,0.5,0,1.8,Attendance Fail,,
SU2024,SU2024-class 17,31,1905AHBAAF,8,3.5,4.8,6.2,Passed,,
SU2024,SU2024-class 17,32,1905AHBJDI,7.5,0,0,4.1,Not Passed,,
SU2024,SU2024-class 17,33,1905AGAEDC,4.8,0,3,3.5,Not Passed,,
SU2024,SU2024-class 17,34,1905AHDEEA,6.8,3.5,6.4,5.9,Passed,,
SU2024,SU2024-class 17,35,1905AHAEJE,9,5,7.2,7.6,Passed,,
SU2024,SU2024-class 18,1,1905AHBCDG,8,2.5,5.2,6.4,Passed,,
SU2024,SU2024-class 18,2,1905AHBCBF,2,0,0,1.9,Not Passed,,
SU2024,SU2024-class 18,3,1905AHBHBA,3,6.5,9.6,5.4,Passed,,
SU2024,SU2024-class 18,4,0305AGJIGD,2,0.5,1.4,2.2,Not Passed,,
SU2024,SU2024-class 18,5,1905AHAEHA,0,0.5,0,1,Not Passed,,
SU2024,SU2024-class 18,6,1905AHBCFB,2,6.5,0,2.4,Not Passed,,
SU2024,SU2024-class 18,7,1905AHBADC,0,0,0,0.8,Not Passed,,
SU2024,SU2024-class 18,8,1905AHBCFE,10,0.5,6,7,Passed,,
SU2024,SU2024-class 18,9,1905AHBEBB,2,3.5,0,2.3,Not Passed,,
SU2024,SU2024-class 18,10,1905AHBAGI,2,3,4,3,Not Passed,,
SU2024,SU2024-class 18,11,1905AHBCAD,8,6.5,6.4,7.4,Passed,,
SU2024,SU2024-class 18,12,1905AGCCGI,6,0.5,4.8,5,Passed,,
SU2024,SU2024-class 18,13,1905AHBBCJ,3,3.5,4.8,4,Not Passed,,
SU2024,SU2024-class 18,14,1905AHBAHD,3,10,5,5.2,Passed,,
SU2024,SU2024-class 18,15,1905AHBJGE,2,0,0,1.9,Not Passed,,
SU2024,SU2024-class 18,16,1905AHBCGG,8,5.5,6.2,7.4,Passed,,
SU2024,SU2024-class 18,17,1905AGBJAD,0,0,0,0.7,Not Passed,,
SU2024,SU2024-class 18,18,1905AHBCEC,2,2.5,0,2.3,Not Passed,,
SU2024,SU2024-class 18,19,1905AHBDCB,5,0,0,3.1,Not Passed,,
SU2024,SU2024-class 18,20,1905AHBCBI,8,7,5.6,7.4,Passed,,
SU2024,SU2024-class 18,21,1905AHBBHA,10,6,6.8,8.4,Passed,,
SU2024,SU2024-class 18,22,1905AHBBGD,10,4.5,6.6,8,Passed,,
SU2024,SU2024-class 18,23,1905AHBCFH,6,4,5.6,5.6,Passed,,
SU2024,SU2024-class 18,24,1905AHBCEA,2,0.5,0,1.8,Not Passed,,
SU2024,SU2024-class 18,25,1905AHBCEJ,3,10,4,5,Passed,,
SU2024,SU2024-class 18,26,1905AHBBIJ,10,5.5,7.4,8.4,Passed,,
SU2024,SU2024-class 18,27,1905AHBBBA,2,0,0,1.7,Not Passed,,
SU2024,SU2024-class 18,28,1905AGBDBC,2,0,0,1.7,Not Passed,,
SU2024,SU2024-class 18,29,1905AHDGHH,0,0,0,0,Not Passed,,
SU2024,SU2024-class 18,30,1905AHCJHC,8,5,7.2,7.1,Passed,,
SU2024,SU2024-class 18,31,1905AHBBHF,0,0,0,0,Not Passed,,
SU2024,SU2024-class 18,32,1905AHBDDE,10,5.5,5.8,8,Passed,,
SU2024,SU2024-class 18,33,1905AGJCJI,0,3.5,0,0.7,Not Passed,,
SU2024,SU2024-class 18,34,1905AHBBEE,0,0,0,0,Attendance Fail,,
SU2024,SU2024-class 18,35,1905AHDGFD,0,0,0,0,Not Passed,,
SU2024,SU2024-class 19,1,1905AHBEJG,4.9,4,5.8,5.3,Passed,,
SU2024,SU2024-class 19,2,1905AHBDAI,5.4,7,6,6.2,Passed,,
SU2024,SU2024-class 19,3,1905AHBDEC,6.4,3,5.6,5.6,Passed,,
SU2024,SU2024-class 19,4,1905AHJJFB,7.1,6.5,7.8,7.3,Passed,,
SU2024,SU2024-class 19,5,1905AHBEDG,4,3.5,3.8,4.4,Not Passed,,
SU2024,SU2024-class 19,6,1905AHDBCI,0,0,0,1,Attendance Fail,,
SU2024,SU2024-class 19,7,1905AGBGJF,4,0.5,9.4,4.9,Not Passed,,
SU2024,SU2024-class 19,8,1905AHCDGD,8.1,7.5,7,7.8,Passed,,
SU2024,SU2024-class 19,9,1905AHDADC,5.6,4,5.8,5.6,Passed,,
SU2024,SU2024-class 19,10,1905AHBECE,6.1,0.5,3.4,4.4,Not Passed,,
SU2024,SU2024-class 19,11,1905AFAHGB,4,3,4.4,4.6,Not Passed,,
SU2024,SU2024-class 19,12,1905AHBEEE,7.1,3,6.4,6.2,Passed,,
SU2024,SU2024-class 19,13,1919AHJFJA,6.7,3.5,6,6.1,Passed,,
SU2024,SU2024-class 19,14,1905AHBFHD,7.1,6,6,6.7,Passed,,
SU2024,SU2024-class 19,15,1905AGBBAD,4.9,3,5.2,4.9,Not Passed,,
SU2024,SU2024-class 19,16,1905AHBECF,8.9,10,7.2,8.6,Passed,,
SU2024,SU2024-class 19,17,1901AGJBEH,4,3.5,6.2,5,Passed,,
SU2024,SU2024-class 19,18,1905AHBEFC,5.2,5,6.4,5.6,Passed,,
SU2024,SU2024-class 19,19,1905AGJAFH,4,3.5,8.8,5.4,Passed,,
SU2024,SU2024-class 19,20,1905AGBGFI,0,0,0,1,Attendance Fail,,
SU2024,SU2024-class 19,21,1905AHBGBH,6.4,3.5,5.8,5.9,Passed,,
SU2024,SU2024-class 19,22,1905AHJCIG,4,3,9.2,5.4,Passed,,
SU2024,SU2024-class 19,23,1905AHBGBG,7,6,5.8,6.7,Passed,,
SU2024,SU2024-class 19,24,1905AGJEGB,5.2,3.5,6,5.4,Passed,,
SU2024,SU2024-class 19,25,1905AHBCIJ,0,0,0,1,Attendance Fail,,
SU2024,SU2024-class 19,26,1905AHJEFB,7.4,4,6,6.4,Passed,,
SU2024,SU2024-class 19,27,1905AHJACC,0,0,0,1.2,Attendance Fail,,
SU2024,SU2024-class 19,28,1905AGCEDG,0,0,0,1,Attendance Fail,,
SU2024,SU2024-class 19,29,1905AGJCFI,6.4,0.5,5.4,5.3,Passed,,
SU2024,SU2024-class 19,30,1905AHBEJE,6,3.5,6.4,5.9,Passed,,
SU2024,SU2024-class 19,31,1905AHBCAI,7.5,5.5,8.6,7.3,Passed,,
SU2024,SU2024-class 19,32,1905AHCJED,5.7,0,0,3.6,Not Passed,,
SU2024,SU2024-class 19,33,1905AHBDDG,0,0,0,1,Attendance Fail,,
SU2024,SU2024-class 19,34,1905AHDECB,5.5,3,4.8,5.1,Passed,,
SU2024,SU2024-class 19,35,1905AGJAFC,4,3.5,3.8,4.3,Not Passed,,
SU2024,SU2024-class 20,1,1905AGJCHG,0,0,0,0.7,Not Passed,,
SU2024,SU2024-class 20,2,1905AHBFCD,8.5,0,0,5.1,Not Passed,,
SU2024,SU2024-class 20,3,1905AGJABC,0,0,0,0.9,Not Passed,,
SU2024,SU2024-class 20,4,1905AHJDCE,10,7,7.2,8.8,Passed,,
SU2024,SU2024-class 20,5,1905AHAGDB,9.5,6.5,7.8,8.6,Passed,,
SU2024,SU2024-class 20,6,1905AEADCE,9,5,7.6,7.8,Passed,,
SU2024,SU2024-class 20,7,1905AHBFHA,0,0,0,1.2,Not Passed,,
SU2024,SU2024-class 20,8,1905AHBFDD,2,0.5,4.6,3.4,Not Passed,,
SU2024,SU2024-class 20,9,1905AHBGDD,2,3.5,5.8,4.2,Not Passed,,
SU2024,SU2024-class 20,10,1905AHBEID,0,0,0,1.1,Not Passed,,
SU2024,SU2024-class 20,11,1905AGJEED,7,10,6,7.1,Passed,,
SU2024,SU2024-class 20,12,1905AHBFGG,1,0,0,1.6,Not Passed,,
SU2024,SU2024-class 20,13,1905AGJEJJ,4,0.5,0,3.2,Not Passed,,
SU2024,SU2024-class 20,14,1905AHDJFI,9,5,6.6,7.8,Passed,,
SU2024,SU2024-class 20,15,1905AGJDEH,0,0,0,0.9,Not Passed,,
SU2024,SU2024-class 20,16,1905AFJEJJ,0,0,0,0.6,Not Passed,,
SU2024,SU2024-class 20,17,1905AHBGEJ,8.5,7,6.2,7.8,Passed,,
SU2024,SU2024-class 20,18,1905AHJCIH,0,0,0,0.7,Not Passed,,
SU2024,SU2024-class 20,19,1905AFAHBE,0,0,0,0,Attendance Fail,,
SU2024,SU2024-class 20,20,1905AGJBIA,0,0,0,0.4,Not Passed,,
SU2024,SU2024-class 20,21,1905AHCIBC,3,5.5,5.8,5.1,Passed,,
SU2024,SU2024-class 20,22,1905AFJEFD,0,0,0,0.1,Attendance Fail,,
SU2024,SU2024-class 20,23,1905ADJADH,9,3.5,4.4,7,Passed,,
SU2024,SU2024-class 20,24,1905AGJABD,0,0,0,0.2,Not Passed,,
SU2024,SU2024-class 20,25,1905AFABGC,5.5,3.5,5.2,5.3,Passed,,
SU2024,SU2024-class 20,26,1905AHDJFF,0,0,0,1.3,Not Passed,,
SU2024,SU2024-class 20,27,1905AGBEDG,0,0,0,0.7,Not Passed,,
SU2024,SU2024-class 20,28,1905AHBJBH,10,3.5,5.2,7.6,Passed,,
SU2024,SU2024-class 20,29,1905AGJDHF,0,0,0,0.8,Not Passed,,
SU2024,SU2024-class 20,30,1905AHBEGI,0,0,0,1.1,Not Passed,,
SU2024,SU2024-class 20,31,1905AHBIDE,2,0.5,0,2.4,Not Passed,,
SU2024,SU2024-class 20,32,1905AGJBAC,4,3,8.4,5.6,Passed,,
SU2024,SU2024-class 20,33,1905ADJGJD,0,0,0,0,Attendance Fail,,
SU2024,SU2024-class 20,34,1905AHBFJB,8.5,3,6.2,7.1,Passed,,
SU2024,SU2024-class 20,35,1905AHBEIG,0,0,0,0.9,Not Passed,,
SU2024,SU2024-class 21,1,1905AHBHID,4,0.5,0,3,Attendance Fail,,
SU2024,SU2024-class 21,2,1905AGABDI,0,0,0,1.3,Attendance Fail,,
SU2024,SU2024-class 21,3,1905AHDDBE,4,3,5.6,4.6,Not Passed,,
SU2024,SU2024-class 21,4,1905AHBIEE,6.8,3.5,5.8,6,Passed,,
SU2024,SU2024-class 21,5,1905AHBGEI,7.8,7,6.6,7.4,Passed,,
SU2024,SU2024-class 21,6,1905AHBIDB,6.3,3.5,7.8,6.2,Passed,,
SU2024,SU2024-class 21,7,1905AHBGCH,5.2,0,0,3.4,Not Passed,,
SU2024,SU2024-class 21,8,1905AHBFAB,4,3.5,0,3.6,Attendance Fail,,
SU2024,SU2024-class 21,9,1905AHBGHI,4.4,3.5,5.6,4.9,Not Passed,,
SU2024,SU2024-class 21,10,1905AHBGFE,4.2,1.5,4.8,4.3,Not Passed,,
SU2024,SU2024-class 21,11,1905AHBIEH,5.6,3.5,6.2,5.6,Passed,,
SU2024,SU2024-class 21,12,1905AHBIFJ,6.6,2,5.4,5.5,Passed,,
SU2024,SU2024-class 21,13,1905AHAHAB,6.6,7,6,6.8,Passed,,
SU2024,SU2024-class 21,14,1905AHBGJH,0,0,0,1.1,Attendance Fail,,
SU2024,SU2024-class 21,15,1905AGCCCB,4.2,0,3.2,3.5,Not Passed,,
SU2024,SU2024-class 21,16,1905AHBICE,4,5.5,6.4,5.5,Passed,,
SU2024,SU2024-class 21,17,1905AHBICI,4.2,0,3.8,3.8,Not Passed,,
SU2024,SU2024-class 21,18,1905AHAEAF,0,0,0,1.2,Attendance Fail,,
SU2024,SU2024-class 21,19,1905AHJJAI,0,0,0,0,Attendance Fail,,
SU2024,SU2024-class 21,20,1905AHBHGA,4.5,6,9.6,6.4,Passed,,
SU2024,SU2024-class 21,21,1905AGCJIC,0,0,0,1,Attendance Fail,,
SU2024,SU2024-class 21,22,1905AHBIJH,6.2,3,7,5.9,Passed,,
SU2024,SU2024-class 21,23,1905AHBGGD,6.2,0,0,3.7,Not Passed,,
SU2024,SU2024-class 21,24,1905AHBHIE,7.8,3.5,4.2,6.3,Passed,,
SU2024,SU2024-class 21,25,1905AHBBGG,4.2,5,5.6,5.3,Passed,,
SU2024,SU2024-class 21,26,1905AHCFIC,0,0,0,1,Attendance Fail,,
SU2024,SU2024-class 21,27,1905AHBHIB,9.3,6,5.8,7.6,Passed,,
SU2024,SU2024-class 21,28,1905AHBIAF,6,7,4.6,6.1,Passed,,
SU2024,SU2024-class 21,29,1905AHBIJC,8.9,4.5,6.4,7.2,Passed,,
SU2024,SU2024-class 21,30,1905AHBICC,4,3.5,0,3.6,Not Passed,,
SU2024,SU2024-class 21,31,1905AHBHFI,9.3,3,4.8,6.8,Passed,,
SU2024,SU2024-class 21,32,1905AHCFIA,5,0.5,4.4,4.4,Not Passed,,
SU2024,SU2024-class 21,33,1905AHBHAC,4,0,0,2.9,Attendance Fail,,
SU2024,SU2024-class 21,34,1905AHBGHJ,6.4,3.5,5.2,5.8,Passed,,
SU2024,SU2024-class 22,1,1905AHBIHI,9.3,7.5,7.8,8.5,Passed,,
SU2024,SU2024-class 22,2,1905AHDGBE,7.5,2.5,5,5.6,Passed,,
SU2024,SU2024-class 22,3,1905AHBIGH,8,0,0,4.7,Not Passed,,
SU2024,SU2024-class 22,4,1905AHCACD,8,7,6.4,7.4,Passed,,
SU2024,SU2024-class 22,5,1905AHBIHD,0,0,0,0.3,Attendance Fail,,
SU2024,SU2024-class 22,6,1905AHCJEI,0,0,0,0.3,Not Passed,,
SU2024,SU2024-class 22,7,1905AEJEAB,7,6,6,6.4,Passed,,
SU2024,SU2024-class 22,8,1905AHBDDH,8,4,5.6,6.4,Passed,,
SU2024,SU2024-class 22,9,1905AHCDDB,0,0,0,0,Attendance Fail,,
SU2024,SU2024-class 22,10,1905AHEJFA,8,3,6,6.2,Passed,,
SU2024,SU2024-class 22,11,1905AHCJFI,0,0,0,0.3,Attendance Fail,,
SU2024,SU2024-class 22,12,1905AHBIIE,8,0.5,6,6,Passed,,
SU2024,SU2024-class 22,13,1905ADJIBI,0,0,0,0,Attendance Fail,,
SU2024,SU2024-class 22,14,1905AHCAAE,5,4.5,4.4,4.7,Not Passed,,
SU2024,SU2024-class 22,15,1905AHCJIF,8.3,7,7,7.7,Passed,,
SU2024,SU2024-class 22,16,1905AHDGBJ,7.5,5,7,6.5,Passed,,
SU2024,SU2024-class 22,17,1905AHCJHJ,2.3,0,0,1.1,Attendance Fail,,
SU2024,SU2024-class 22,18,1905AHCJHF,8.5,0,0,4.7,Not Passed,,
SU2024,SU2024-class 22,19,1905AHBDAF,6.3,0,0,3.8,Not Passed,,
SU2024,SU2024-class 22,20,1905AHCJCD,7.3,10,5.4,7.2,Passed,,
SU2024,SU2024-class 22,21,1905AHCJDG,0,0,0,0.3,Attendance Fail,,
SU2024,SU2024-class 22,22,1905AGJJGC,3,7,5.8,4.5,Not Passed,,
SU2024,SU2024-class 22,23,1905AHCJGG,0,0.5,0,0.6,Not Passed,,
SU2024,SU2024-class 22,24,1905AHCADC,9.5,5.5,6.6,7.9,Passed,,
SU2024,SU2024-class 22,25,1905AHBCFC,9.5,7.5,8.4,8.5,Passed,,
SU2024,SU2024-class 22,26,1905AHBIIH,7.3,0.5,3.8,5,Not Passed,,
SU2024,SU2024-class 22,27,1905AHCBDC,9.5,5,7.6,8,Passed,,
SU2024,SU2024-class 22,28,1905AHBIFI,7.3,0.5,4.4,5.3,Passed,,
SU2024,SU2024-class 22,29,1905AHCAJD,8,6.5,7.6,7.3,Passed,,
SU2024,SU2024-class 22,30,1905AHDHAC,8.3,5.5,6.4,7.1,Passed,,
SU2024,SU2024-class 22,31,1905AHCGEE,8.5,7.5,7.2,7.8,Passed,,
SU2024,SU2024-class 22,32,1905ADJECB,4.5,5.5,6.4,5.1,Passed,,
SU2024,SU2024-class 22,33,1905AFACIH,0,0,0,0,Attendance Fail,,
SU2024,SU2024-class 22,34,1905AFJECI,5,0,6,4.1,Not Passed,,
SU2024,SU2024-class 22,35,1905AHCHHH,8,5.5,5.6,6.7,Passed,,
SU2024,SU2024-class 23,1,1905AHCBGB,9,2.5,4.8,6.3,Not Passed,,
SU2024,SU2024-class 23,2,1905AHCBGE,9.5,5,6.2,7.9,Passed,,
SU2024,SU2024-class 23,3,1905AHCBEH,6,0.5,4.2,4.6,Not Passed,,
SU2024,SU2024-class 23,4,1905AHCBDH,8.5,0.5,5,6.2,Passed,,
SU2024,SU2024-class 23,5,1905AHCCIB,9,5.5,6,7.7,Passed,,
SU2024,SU2024-class 23,6,1905AHBCBC,8.5,4.5,4.8,7,Passed,,
SU2024,SU2024-class 23,7,1905AHCADE,8.5,6.5,6,7.6,Passed,,
SU2024,SU2024-class 23,8,1905AHCACH,9.5,7,5.8,8.1,Passed,,
SU2024,SU2024-class 23,9,1905AHCBAG,7,5.5,5.6,6.7,Passed,,
SU2024,SU2024-class 23,10,1905AHCHED,7,0,0,4.5,Not Passed,,
SU2024,SU2024-class 23,11,1905AHCJDC,8,0.5,3.8,5.8,Not Passed,,
SU2024,SU2024-class 23,12,1905AHCBFA,7.5,7,5,7.1,Passed,,
SU2024,SU2024-class 23,13,1905AHCECE,6,5.5,4.2,6,Passed,,
SU2024,SU2024-class 23,14,1905AHCBAD,10,5.5,5.2,8.1,Passed,,
SU2024,SU2024-class 23,15,1905AHCCJH,9.5,6.5,4.4,7.8,Passed,,
SU2024,SU2024-class 23,16,1905AHCAIG,7.5,0,0,4.8,Not Passed,,
SU2024,SU2024-class 23,17,1905AHCBHB,8,5.5,6.4,7.3,Passed,,
SU2024,SU2024-class 23,18,1905AHCCEH,10,7,6,8.5,Passed,,
SU2024,SU2024-class 23,19,1905AHCCIG,10,7.5,5.2,8.4,Passed,,
SU2024,SU2024-class 23,20,1905AHCHJA,0,0,0,0,Attendance Fail,,
SU2024,SU2024-class 23,21,1905AHCAAI,0,0,4.4,1.8,Not Passed,,
SU2024,SU2024-class 23,22,1905AHCBBG,9,3.5,4.8,6.9,Passed,,
SU2024,SU2024-class 23,23,1905AHCBIE,9,5,5.4,7.5,Passed,,
SU2024,SU2024-class 23,24,1905AGBCHA,6,0.5,5.2,5.3,Passed,,
SU2024,SU2024-class 23,25,1905AHCCBC,8.5,3,4.2,6.5,Passed,,
SU2024,SU2024-class 23,26,1905AGBADE,0,0,0,0,Attendance Fail,,
SU2024,SU2024-class 23,27,1905AHCDHE,10,6.5,5.4,8.2,Passed,,
SU2024,SU2024-class 23,28,1905AHCJCA,8,7.5,4.8,7.4,Passed,,
SU2024,SU2024-class 23,29,1905AHCGII,10,6,7,8.4,Passed,,
SU2024,SU2024-class 23,30,1905AHCBHC,0,0,0,0,Attendance Fail,,
SU2024,SU2024-class 23,31,1905AGJDED,8,3,4.2,6.3,Passed,,
SU2024,SU2024-class 23,32,1905AHCBFI,0,0.5,0,0.9,Not Passed,,
SU2024,SU2024-class 23,33,1905AHCBFB,6,6,9.6,7.3,Passed,,
SU2024,SU2024-class 23,34,1905AHCDJJ,8.5,0,0,5.1,Not Passed,,
SU2024,SU2024-class 23,35,1905AHCBEB,5,0,0,3.3,Not Passed,,
SU2024,SU2024-class 24,1,1905AHCEJD,10,3.5,5.4,7.6,Passed,,
SU2024,SU2024-class 24,2,1905AHCDEJ,6.5,3.5,5.8,6.2,Passed,,
SU2024,SU2024-class 24,3,1905AHCAGB,10,7,6,8.5,Passed,,
SU2024,SU2024-class 24,4,1905AHDJGH,8,0.5,5.6,6.4,Passed,,
SU2024,SU2024-class 24,5,1905AHCAHE,9.5,7,7.2,8.6,Passed,,
SU2024,SU2024-class 24,6,1905AGCDBA,7,3,6.2,6.3,Passed,,
SU2024,SU2024-class 24,7,1905AHCDAG,6.5,3,4.6,6,Passed,,
SU2024,SU2024-class 24,8,1905AHCDIH,10,6.5,6.2,8.4,Passed,,
SU2024,SU2024-class 24,9,1905AGADEA,0,0,0,0,Attendance Fail,,
SU2024,SU2024-class 24,10,1905AHDBJI,8.5,6.5,4,7.3,Passed,,
SU2024,SU2024-class 24,11,1905AHCDIE,6.5,3.5,3.8,5.8,Not Passed,,
SU2024,SU2024-class 24,12,1905AHCAFD,9.5,0,6.2,7,Not Passed,,
SU2024,SU2024-class 24,13,1905AHCEAD,6,0.5,5.6,5.4,Passed,,
SU2024,SU2024-class 24,14,1905AHCDGB,0,0,0,0.9,Not Passed,,
SU2024,SU2024-class 24,15,1905AHDEEG,8,3,4.6,6.5,Passed,,
SU2024,SU2024-class 24,16,1905AHCCCA,9,3,5,6.9,Passed,,
SU2024,SU2024-class 24,17,1905AHCDFE,10,2,6.2,7.5,Passed,,
SU2024,SU2024-class 24,18,1905AGJDIE,7.5,2.5,9.2,6.9,Passed,,
SU2024,SU2024-class 24,19,1905AHCCCB,7.5,10,4,7.6,Passed,,
SU2024,SU2024-class 24,20,1905AHCAHH,7.5,0,0,4.8,Not Passed,,
SU2024,SU2024-class 24,21,1905AHDGFC,8.5,7,5.6,7.8,Passed,,
SU2024,SU2024-class 24,22,1905AHCDHH,8,3.5,5,6.6,Passed,,
SU2024,SU2024-class 24,23,1905AHCJDH,6.5,0,0,4.3,Not Passed,,
SU2024,SU2024-class 24,24,1905AHDGEH,7,0,4.8,5.6,Not Passed,,
SU2024,SU2024-class 24,25,1905AHCAGA,8,3.5,6,7,Passed,,
SU2024,SU2024-class 24,26,1905AHCDDD,8.5,0.5,5.4,6.5,Passed,,
SU2024,SU2024-class 24,27,1905AHCDGI,6.5,2,5.2,5.9,Passed,,
SU2024,SU2024-class 24,28,1905AGBEEI,6,10,9.2,7.8,Passed,,
SU2024,SU2024-class 24,29,1905AHCDFD,9.5,5.5,4.2,7.6,Passed,,
SU2024,SU2024-class 24,30,1905AHCDID,9,10,4.8,8.4,Passed,,
SU2024,SU2024-class 24,31,1905AHCDBH,9,5.5,5.2,7.6,Passed,,
SU2024,SU2024-class 24,32,1905AHCCAD,8.5,0,3.2,5.8,Not Passed,,
SU2024,SU2024-class 24,33,1905AHCDJB,8,3.5,5.8,6.9,Passed,,
SU2024,SU2024-class 24,34,1905AHCDJD,6.5,3.5,5.8,6.3,Passed,,
SU2024,SU2024-class 24,35,1905AHCDEC,9.5,5,6.6,8,Passed,,
SU2024,SU2024-class 25,1,1905AHJABG,3.4,6.5,9.4,6.2,Passed,,
SU2024,SU2024-class 25,2,1905AGBFEA,9.5,3.5,6.4,7.2,Passed,,
SU2024,SU2024-class 25,3,1905AHDGIB,6.2,7.5,9.2,7,Passed,,
SU2024,SU2024-class 25,4,1905AHCGJD,9,0,0,5.3,Not Passed,,
SU2024,SU2024-class 25,5,1905AGJCCE,7.3,3.5,5.2,6.3,Passed,,
SU2024,SU2024-class 25,6,1905AHCEIC,8.4,5.5,5.2,6.8,Passed,,
SU2024,SU2024-class 25,7,1905AHDGIJ,5.2,7.5,4,5.9,Passed,,
SU2024,SU2024-class 25,8,1905AHCFIH,10,3.5,5.4,7.2,Passed,,
SU2024,SU2024-class 25,9,1905AHCFJI,6.3,10,7.2,7.6,Passed,,
SU2024,SU2024-class 25,10,1905AGABFE,7.3,1.5,4.2,5.5,Passed,,
SU2024,SU2024-class 25,11,1905AHCGAD,10,0,3.2,6.2,Not Passed,,
SU2024,SU2024-class 25,12,1905AGJEAE,7.3,6.5,5.2,6.7,Passed,,
SU2024,SU2024-class 25,13,1905AHCFEE,10,6,6.2,8,Passed,,
SU2024,SU2024-class 25,14,1905AHCECJ,9.5,0,0,4.4,Attendance Fail,,
SU2024,SU2024-class 25,15,1905AHCEDJ,9.4,5,5.4,7.3,Passed,,
SU2024,SU2024-class 25,16,1905AHBABF,5.6,5.5,5.4,5.9,Passed,,
SU2024,SU2024-class 25,17,1905AHCEEJ,7.5,5,5,6.6,Passed,,
SU2024,SU2024-class 25,18,1905AHCEBB,8.7,3.5,4.6,6.7,Passed,,
SU2024,SU2024-class 25,19,1905AHCEBC,9.4,0.5,4.4,6.1,Passed,,
SU2024,SU2024-class 25,20,1905AHCFAF,7.4,3,7.4,6.7,Passed,,
SU2024,SU2024-class 25,21,1905AHCEIF,8.7,6,6.4,7.5,Passed,,
SU2024,SU2024-class 25,22,1905AHDGIF,6.2,0.5,9.6,5.8,Passed,,
SU2024,SU2024-class 25,23,1905AHDGID,6.2,3.5,4,5.1,Passed,,
SU2024,SU2024-class 25,24,1905AHDDCD,8.4,3,5,6.4,Passed,,
SU2024,SU2024-class 25,25,1905AHCEFE,7.5,4.5,4.4,5.7,Passed,,
SU2024,SU2024-class 25,26,1905AHCEIA,6.5,6,5.6,6.4,Passed,,
SU2024,SU2024-class 25,27,1905AHCEBD,6.5,0.5,5.6,5,Passed,,
SU2024,SU2024-class 25,28,1905AHCEGB,7.5,0.5,4.8,5.5,Passed,,
SU2024,SU2024-class 25,29,1905AHCFBE,9.4,0.5,4.8,6,Passed,,
SU2024,SU2024-class 25,30,1905AHDCEG,9.7,6,5.2,8,Passed,,
SU2024,SU2024-class 25,31,1905AHCECD,7.5,5,4,6.3,Passed,,
SU2024,SU2024-class 25,32,1905AHCEDE,7.5,4.5,6,6.5,Passed,,
SU2024,SU2024-class 25,33,1905AHCGJC,10,3.5,5.8,7,Passed,,
SU2024,SU2024-class 25,34,1905AHCFCH,9.7,6,6.4,8.1,Passed,,
SU2024,SU2024-class 25,35,1905AHBJBG,5.6,4.5,5.6,5.7,Passed,,
SU2024,SU2024-class 25,36,1905AHCEFF,9.4,0.5,4.2,6.1,Passed,,
SU2024,SU2024-class 26,1,1905AHCDCF,8.4,0.5,4.8,5.6,Passed,,
SU2024,SU2024-class 26,2,1905AHCHBC,6,0,0,3.8,Not Passed,,
SU2024,SU2024-class 26,3,1905AHDAEJ,3,7,5.2,4.6,Not Passed,,
SU2024,SU2024-class 26,4,1905AHCGBI,1,0,0,1,Attendance Fail,,
SU2024,SU2024-class 26,5,1905AHCFBB,6,0.5,4.2,4.6,Not Passed,,
SU2024,SU2024-class 26,6,1905AGBFDJ,3,0,0,2.3,Not Passed,,
SU2024,SU2024-class 26,7,1905AHCFGC,1,0,0,0.9,Attendance Fail,,
SU2024,SU2024-class 26,8,1905AHDEFE,1,0,0,0.8,Attendance Fail,,
SU2024,SU2024-class 26,9,1905AFAJAG,0,0,0,0,Attendance Fail,,
SU2024,SU2024-class 26,10,1905AHCGEI,1,0,0,1,Not Passed,,
SU2024,SU2024-class 26,11,1905FCBAD,5,0,0,2.9,Not Passed,,
SU2024,SU2024-class 26,12,1905AHBEEG,9,3,5.4,7,Passed,,
SU2024,SU2024-class 26,13,1905ADJBAA,0,0,0,0,Attendance Fail,,
SU2024,SU2024-class 26,14,1905AEACFB,0,0,0,0,Attendance Fail,,
SU2024,SU2024-class 26,15,1905AHCHJB,9,5,4.2,6.6,Passed,,
SU2024,SU2024-class 26,16,1905AHCGJE,1,0,0,0.8,Attendance Fail,,
SU2024,SU2024-class 26,17,1905AHCGDI,1,0,0,0.9,Not Passed,,
SU2024,SU2024-class 26,18,1905AHBEDI,9,7,5,7.8,Passed,,
SU2024,SU2024-class 26,19,1905AHCFHJ,1,0,0,1.1,Not Passed,,
SU2024,SU2024-class 26,20,1905ADJIHI,0,0,0,0,Attendance Fail,,
SU2024,SU2024-class 26,21,1905AHCFGB,0,0,0,0,Attendance Fail,,
SU2024,SU2024-class 26,22,1905AHCFDF,1,0,0,1,Not Passed,,
SU2024,SU2024-class 26,23,1905AEABHE,1,0,0,0.9,Attendance Fail,,
SU2024,SU2024-class 26,24,1905AHCGFH,9.6,5.5,5.4,7.6,Passed,,
SU2024,SU2024-class 26,25,1905AHCGJG,1,0,0,0.6,Attendance Fail,,
SU2024,SU2024-class 26,26,1905AEJEIG,8,2.5,4.6,6,Passed,,
SU2024,SU2024-class 26,27,1905AHCGFA,9,5.5,5,7.3,Passed,,
SU2024,SU2024-class 27,1,1905AHDJHC,0,0,0,0,Attendance Fail,,
SU2024,SU2024-class 27,2,1905AHCHAE,1,3.5,0,2.3,Not Passed,,
SU2024,SU2024-class 27,3,1905AHCEED,1,3,0,2.3,Not Passed,,
SU2024,SU2024-class 27,4,1905AGJECB,1,0,4.4,3,Not Passed,,
SU2024,SU2024-class 27,5,1905AHCHIA,2,3,5.2,4.2,Not Passed,,
SU2024,SU2024-class 27,6,1905AHCGBG,2,3,5.6,4,Not Passed,,
SU2024,SU2024-class 27,7,1905AGACDJ,2,6.5,9.2,5.6,Passed,,
SU2024,SU2024-class 27,8,1905AHCHDC,7,3,4.6,5.5,Passed,,
SU2024,SU2024-class 27,9,1905AHCIJD,1,0,0,1.5,Attendance Fail,,
SU2024,SU2024-class 27,10,1905AHBBIB,1,4,0,2.6,Not Passed,,
SU2024,SU2024-class 27,11,1905AHCHCB,6.5,6.5,5.6,6.6,Passed,,
SU2024,SU2024-class 27,12,1905AHBDIB,2,7,7.8,5.4,Passed,,
SU2024,SU2024-class 27,13,1905AHBCHF,6.5,4,5.8,6.3,Passed,,
SU2024,SU2024-class 27,14,1905AHDFED,8,7,6,7.7,Passed,,
SU2024,SU2024-class 27,15,1905AHJGDJ,2,7,6.8,5,Passed,,
SU2024,SU2024-class 27,16,1905AHBEBD,8.5,5.5,7.2,7.6,Passed,,
SU2024,SU2024-class 27,17,1905AHCGCE,1,0,4.4,2.5,Not Passed,,
SU2024,SU2024-class 27,18,1905AHCIAH,5.5,3.5,4.8,5.2,Passed,,
SU2024,SU2024-class 27,19,1905AHCHII,5,6.5,6.2,6.2,Passed,,
SU2024,SU2024-class 27,20,1905AHCHDE,6,0,4.8,5.1,Not Passed,,
SU2024,SU2024-class 27,21,1905AHCHGF,10,10,7.2,9.3,Passed,,
SU2024,SU2024-class 27,22,1905AHBEJF,2,5,8.6,5.2,Passed,,
SU2024,SU2024-class 27,23,1905AHAEED,2,5,6.6,4.7,Not Passed,,
SU2024,SU2024-class 27,24,1905ADJCBE,1,0,0,1.1,Not Passed,,
SU2024,SU2024-class 27,25,1905AHDIEE,1,5,6.2,4.5,Not Passed,,
SU2024,SU2024-class 27,26,1905AHDBGG,1,4.5,0,3.2,Not Passed,,
SU2024,SU2024-class 27,27,1905AHCHJE,1,3,0,1.9,Not Passed,,
SU2024,SU2024-class 27,28,1905AHAGFF,1,2,0,1.9,Not Passed,,
SU2024,SU2024-class 27,29,1905AHDJIG,8,0,6,6.3,Not Passed,,
SU2024,SU2024-class 27,30,1905AHCHIE,1,0.5,0,2,Not Passed,,
SU2024,SU2024-class 27,31,1905AHCGCB,7,10,5.2,7.4,Passed,,
SU2024,SU2024-class 27,32,1705AHJAHE,10,3,6.8,7.8,Passed,,
SU2024,SU2024-class 27,33,1905AHDGGA,7,5.5,8.6,7.1,Passed,,
SU2024,SU2024-class 27,34,1905AHCHIJ,0,0,0,0,Attendance Fail,,
SU2024,SU2024-class 27,35,1905AHCHCF,7,3,6.8,6.5,Passed,,
SU2024,SU2024-class 28,1,1905AHCIEB,9.1,3,5.8,6.9,Passed,,
SU2024,SU2024-class 28,2,1905AEJFCE,0,0,0,0,Attendance Fail,,
SU2024,SU2024-class 28,3,1905AHCICE,0,0,0,0.4,Attendance Fail,,
SU2024,SU2024-class 28,4,1905AHBJCJ,7.8,6,5.8,6.7,Passed,,
SU2024,SU2024-class 28,5,1905ADJEAC,0,0,0,0.3,Attendance Fail,,
SU2024,SU2024-class 28,6,1905AFAIFA,0,0,0,0.3,Attendance Fail,,
SU2024,SU2024-class 28,7,1905AHJAIG,9.1,5,5.8,7.2,Passed,,
SU2024,SU2024-class 28,8,1905AGJJBA,7,0,0,4.4,Not Passed,,
SU2024,SU2024-class 28,9,1905AGCFGA,0,0,0,0.3,Attendance Fail,,
SU2024,SU2024-class 28,10,1905AFABIH,0,0,0,0.4,Attendance Fail,,
SU2024,SU2024-class 28,11,1905AGJECH,5,3.5,9.2,5.3,Not Passed,,
SU2024,SU2024-class 28,12,1905AHDACA,0,0,0,0.3,Attendance Fail,,
SU2024,SU2024-class 28,13,1905AHCIEA,4,0,3.2,3.1,Not Passed,,
SU2024,SU2024-class 28,14,1905AGCBAI,0,0,0,0.3,Attendance Fail,,
SU2024,SU2024-class 28,15,1905AEJEJI,0,0.5,0,0.4,Attendance Fail,,
SU2024,SU2024-class 28,16,1905AGAEGG,7,0,4.2,4.9,Not Passed,,
SU2024,SU2024-class 28,17,1905AFAGBE,5,0.5,9.2,5.4,Passed,,
SU2024,SU2024-class 28,18,1905AFAEDJ,8,6.5,5.2,7.1,Passed,,
SU2024,SU2024-class 28,19,1905AGAAEA,0,0,0,0,Attendance Fail,,
SU2024,SU2024-class 28,20,1905AHCDBF,0,0,0,0,Attendance Fail,,
SU2024,SU2024-class 28,21,1905AHJAID,6.5,0,0,3.8,Not Passed,,
SU2024,SU2024-class 28,22,1905AFJBFA,0,0,0,0.4,Attendance Fail,,
SU2024,SU2024-class 28,23,1905AHCEHD,7.8,6,4,6.4,Passed,,
SU2024,SU2024-class 28,24,1905AHDJBD,10,7,5.6,8,Passed,,
SU2024,SU2024-class 28,25,1905AHAGFH,0,0.5,0,0.1,Attendance Fail,,
SU2024,SU2024-class 28,26,1905AGJCEG,7.8,0,5.8,5.5,Not Passed,,
SU2024,SU2024-class 28,27,1905AGCCEA,0,0,0,0.4,Attendance Fail,,
SU2024,SU2024-class 28,28,1905AFJIHC,0,0,0,0,Attendance Fail,,
SU2024,SU2024-class 28,29,1905AGBJCI,8,7.5,5.6,7.2,Passed,,
SU2024,SU2024-class 28,30,1905AHCHBH,5,0,0,3.2,Not Passed,,
SU2024,SU2024-class 28,31,1905AGJEHI,0,0,0,0.5,Not Passed,,
SU2024,SU2024-class 28,32,1905AEADGA,0,0,0,0,Attendance Fail,,
SU2024,SU2024-class 28,33,1905AGCCAH,6,0,0,3.1,Not Passed,,
SU2024,SU2024-class 28,34,1905AFJDCF,0,0,0,0,Attendance Fail,,
SU2024,SU2024-class 29,1,1905AHDBGF,8.5,3,5,6.5,Passed,,
SU2024,SU2024-class 29,2,1905AHDBCA,1,0.5,0,2,Not Passed,,
SU2024,SU2024-class 29,3,1905AHDJHJ,1,0,0,1.4,Not Passed,,
SU2024,SU2024-class 29,4,1905AHBDJA,0,0,0,0.6,Attendance Fail,,
SU2024,SU2024-class 29,5,1705AHJJJF,8.5,6.5,4.6,7.2,Passed,,
SU2024,SU2024-class 29,6,1905AHCHGD,2,4.5,0,2.8,Not Passed,,
SU2024,SU2024-class 29,7,1905AHDBAE,1,3.5,6.2,3.8,Not Passed,,
SU2024,SU2024-class 29,8,1905AHDAIB,1,4,3.6,3.2,Not Passed,,
SU2024,SU2024-class 29,9,1905AHDCBH,9,2,5,6.6,Passed,,
SU2024,SU2024-class 29,10,1905AHDCDI,10,8.5,6,8.6,Passed,,
SU2024,SU2024-class 29,11,1905AHDFBF,0,0,0,0.8,Attendance Fail,,
SU2024,SU2024-class 29,12,1905AHDCAJ,9.5,5,5.8,7.6,Passed,,
SU2024,SU2024-class 29,13,1905AHDAFJ,9.5,5.5,6.2,7.7,Passed,,
SU2024,SU2024-class 29,14,1905AHDJEF,10,7,7.2,8.4,Passed,,
SU2024,SU2024-class 29,15,1905AHDAJH,1,0.5,0,2,Not Passed,,
SU2024,SU2024-class 29,16,1905AHDBIE,1,4.5,5,3.7,Not Passed,,
SU2024,SU2024-class 29,17,1905AHDCED,2,5.5,5.6,4.5,Not Passed,,
SU2024,SU2024-class 29,18,1905AHDBGA,8,7.5,5.4,7.4,Passed,,
SU2024,SU2024-class 29,19,1905AHAGFE,1,6,5.2,4.3,Not Passed,,
SU2024,SU2024-class 29,20,1919AHADGH,1,0.5,0,2.1,Not Passed,,
SU2024,SU2024-class 29,21,1905AHDBDD,10,3.5,6.4,7.8,Passed,,
SU2024,SU2024-class 29,22,1905AHDJII,6.5,7.5,5.8,6.9,Passed,,
SU2024,SU2024-class 29,23,1905AHDBBE,1,0.5,0,1.4,Attendance Fail,,
SU2024,SU2024-class 29,24,1905AHDAHE,0,0,0,0.8,Attendance Fail,,
SU2024,SU2024-class 29,25,1905AHDAAF,4,0,0,3.2,Not Passed,,
SU2024,SU2024-class 29,26,1905AHDCCC,10,7.5,5.2,8.2,Passed,,
SU2024,SU2024-class 29,27,1905AHDCAI,0,0,0,0.1,Attendance Fail,,
SU2024,SU2024-class 29,28,1905AHCJDB,9.5,7,5.8,8,Passed,,
SU2024,SU2024-class 29,29,1905AHDCJA,10,7,6.2,8.2,Passed,,
SU2024,SU2024-class 29,30,1905AHDAIJ,2,3,0,2.7,Not Passed,,
SU2024,SU2024-class 29,31,1905FAFHB,0,0,0,0.1,Attendance Fail,,
SU2024,SU2024-class 29,32,1905AHDBCJ,2,0,5.4,3.3,Not Passed,,
SU2024,SU2024-class 29,33,1905AHDCBB,5,4,4.6,5,Passed,,
SU2024,SU2024-class 29,34,1905AHDAFA,2,5,9.2,5.1,Passed,,
SU2024,SU2024-class 29,35,1905AHDFIA,4,6.5,6.8,5.5,Passed,,
SU2024,SU2024-class 30,1,1905AGAJHA,9.1,0,0,5,Not Passed,,
SU2024,SU2024-class 30,2,1905AHCHFA,0,0,0,0,Attendance Fail,,
SU2024,SU2024-class 30,3,0405ADJJFC,0,0,0,0,Attendance Fail,,
SU2024,SU2024-class 30,4,1905AGJECG,5.2,6.5,9.2,6.3,Passed,,
SU2024,SU2024-class 30,5,1905AHJJGB,5.2,0.5,7,4.9,Not Passed,,
SU2024,SU2024-class 30,6,1919AGJFDE,5.2,5,5.2,5.3,Passed,,
SU2024,SU2024-class 30,7,1905AGAFDF,0,0,0,0,Attendance Fail,,
SU2024,SU2024-class 30,8,1905AHEAJH,0,0,0,0.8,Attendance Fail,,
SU2024,SU2024-class 30,9,1905AHJGGH,0,0,0,0.3,Attendance Fail,,
SU2024,SU2024-class 30,10,1905AHJAFH,5.2,0.5,5.6,4.7,Not Passed,,
SU2024,SU2024-class 30,11,1905AHCHHF,7.8,3.5,4.6,6.3,Passed,,
SU2024,SU2024-class 30,12,1905AHCHEJ,9.1,10,6,8.5,Passed,,
SU2024,SU2024-class 30,13,1905ACJCDB,6,0,0,3.5,Not Passed,,
SU2024,SU2024-class 30,14,1905AGBDGJ,6.5,4.5,6,5.9,Passed,,
SU2024,SU2024-class 30,15,1905AHJAFF,9.1,0,5.6,6.5,Not Passed,,
SU2024,SU2024-class 30,16,1905AFAAID,0,0,0,0,Attendance Fail,,
SU2024,SU2024-class 30,17,1905AGCDJG,9.1,3.5,4.8,7,Passed,,
SU2024,SU2024-class 30,18,1905AGJEFC,0,0,0,0,Attendance Fail,,
SU2024,SU2024-class 30,19,1905AFJIGC,5.2,0,0,3.2,Not Passed,,
SU2024,SU2024-class 30,20,1905AFJICD,4,5.5,7.2,5.2,Passed,,
SU2024,SU2024-class 30,21,1905AHCFGJ,5,4.5,4,5.1,Passed,,
SU2024,SU2024-class 30,22,1905AFJEIJ,6.5,0.5,9.2,5.8,Passed,,
SU2024,SU2024-class 30,23,1905AGAEED,0,0,0,0.2,Attendance Fail,,
SU2024,SU2024-class 30,24,1905AHJJJE,5.2,0.5,6.8,4.8,Not Passed,,
SU2024,SU2024-class 30,25,1905AGBEAH,0,0,0,0.4,Attendance Fail,,
SU2024,SU2024-class 30,26,1905AFAHFG,0,0,0,0.2,Attendance Fail,,
SU2024,SU2024-class 30,27,1905AHJAII,9.1,4.5,7.6,7.6,Passed,,
SU2024,SU2024-class 30,28,1905AHDCEI,9.1,9.5,5.6,7.9,Passed,,
SU2024,SU2024-class 31,1,1905AHDFDH,0,0.5,0,1,Not Passed,,
SU2024,SU2024-class 31,2,1905AHDEFI,2,2.5,4.8,3.3,Not Passed,,
SU2024,SU2024-class 31,3,1905AHAGIJ,9,5.5,6.8,7.7,Passed,,
SU2024,SU2024-class 31,4,1905AHCJBD,2,0.5,0,2,Not Passed,,
SU2024,SU2024-class 31,5,1905AHDFCE,4,5,5,5,Passed,,
SU2024,SU2024-class 31,6,1905ACJDAG,2,5.5,0,2.2,Not Passed,,
SU2024,SU2024-class 31,7,1905AHDFAC,0,0,0,0,Not Passed,,
SU2024,SU2024-class 31,8,1905AFJEFJ,0,0,0,0,Not Passed,,
SU2024,SU2024-class 31,9,1905AHBHBC,10,5.5,7,8.3,Passed,,
SU2024,SU2024-class 31,10,1905AHBIHG,6,0,0,3.7,Not Passed,,
SU2024,SU2024-class 31,11,1905AHDECC,2,3.5,0,2.6,Not Passed,,
SU2024,SU2024-class 31,12,1905AHDEAE,9,5.5,5.6,7.6,Passed,,
SU2024,SU2024-class 31,13,1905AHDHGJ,10,6.5,6.8,8.4,Passed,,
SU2024,SU2024-class 31,14,1905AHDFCH,2,3.5,0,2.6,Not Passed,,
SU2024,SU2024-class 31,15,1905AHCJCG,8,3.5,5.2,6.6,Passed,,
SU2024,SU2024-class 31,16,1905AHCJAJ,5,3.5,4.4,5,Passed,,
SU2024,SU2024-class 31,17,1905AHCJFE,10,4.5,6.2,8,Passed,,
SU2024,SU2024-class 31,18,1905AHDDDD,0,0,0,0,Not Passed,,
SU2024,SU2024-class 31,19,1905AHAGED,6,3.5,5,5.1,Passed,,
SU2024,SU2024-class 31,20,1905AGBBEC,0,0,0,0,Not Passed,,
SU2024,SU2024-class 31,21,1905AHBIJF,5,5.5,6,5.6,Passed,,
SU2024,SU2024-class 31,22,1905AHDEJE,8,5,5.4,7,Passed,,
SU2024,SU2024-class 31,23,0405AHJFIH,0,0,0,0.9,Not Passed,,
SU2024,SU2024-class 31,24,1905AHDFBI,2,0.5,0,2,Not Passed,,
SU2024,SU2024-class 31,25,1905AGBFJG,2,6.5,9.2,5,Passed,,
SU2024,SU2024-class 31,26,1905AHAIBC,4,5,5.6,4.1,Not Passed,,
SU2024,SU2024-class 31,27,1905AHDFDD,4,4.5,6,4.9,Not Passed,,
SU2024,SU2024-class 31,28,1905AHDECA,2,4.5,0,2.5,Not Passed,,
SU2024,SU2024-class 31,29,1905AHCHID,0,0,0,0,Not Passed,,
SU2024,SU2024-class 31,30,1905AHCJJH,10,0.5,5.8,7.1,Passed,,
SU2024,SU2024-class 31,31,1905AHDFEI,5,8.5,5.6,5.5,Passed,,
SU2024,SU2024-class 31,32,1905AGCJEG,2,6.3,3.4,3.5,Not Passed,,
SU2024,SU2024-class 31,33,1905AHAGEE,2,5.5,6.2,3.5,Not Passed,,
SU2024,SU2024-class 31,34,1905AHBHFE,3,0.5,0,2.4,Not Passed,,
SU2024,SU2024-class 31,35,1905AHCAGI,10,4.5,6.6,8.1,Passed,,
SU2024,SU2024-class 32,1,1905AHCFJD,4,3,7,5.2,Passed,,
SU2024,SU2024-class 32,2,1905AHDHJB,10,8.5,6.4,8.6,Passed,,
SU2024,SU2024-class 32,3,1905AHDFHD,6.1,3.5,7,5.9,Passed,,
SU2024,SU2024-class 32,4,1905AHCIDF,7.7,4.5,5.8,6.7,Passed,,
SU2024,SU2024-class 32,5,1905AFJDHE,4,0,0,2.9,Attendance Fail,,
SU2024,SU2024-class 32,6,1905AFJFCG,4,0,0,2.9,Not Passed,,
SU2024,SU2024-class 32,7,1905AHDFHA,6.5,3.5,7.8,6.3,Passed,,
SU2024,SU2024-class 32,8,1905AHDHDA,7.7,4,6.4,6.6,Passed,,
SU2024,SU2024-class 32,9,1905AGAGEA,0,0,0,0,Attendance Fail,,
SU2024,SU2024-class 32,10,1905AGBEDF,0,0,0,0,Attendance Fail,,
SU2024,SU2024-class 32,11,1905AHBJCI,0,0,0,0,Attendance Fail,,
SU2024,SU2024-class 32,12,1905AHJJFG,9.2,5.5,6.6,7.6,Passed,,
SU2024,SU2024-class 32,13,1905AGBJGI,7,0,3.4,4.8,Not Passed,,
SU2024,SU2024-class 32,14,1905AHDHDI,8,3.5,6.2,6.5,Passed,,
SU2024,SU2024-class 32,15,1905AGCFFB,7,4.5,5.6,6.5,Passed,,
SU2024,SU2024-class 32,16,1905AHDCGF,7.4,3.5,6.4,6.4,Passed,,
SU2024,SU2024-class 32,17,1905AHDGCJ,5.6,3.5,6.2,5.6,Passed,,
SU2024,SU2024-class 32,18,1905AGCDGJ,5.1,5.5,6.6,6,Passed,,
SU2024,SU2024-class 32,19,1905AHJBEI,8.4,10,4.6,7.7,Passed,,
SU2024,SU2024-class 32,20,1905AHDFIF,8,6,6.4,7.1,Passed,,
SU2024,SU2024-class 32,21,1905AHDGAC,7,10,5.8,7.2,Passed,,
SU2024,SU2024-class 32,22,1905AGBGGG,5,1.5,8.8,5.3,Passed,,
SU2024,SU2024-class 32,23,1905AHDFGB,0.4,0,0,1.7,Not Passed,,
SU2024,SU2024-class 32,24,1905AHDHCA,8.4,3.5,4,6.3,Passed,,
SU2024,SU2024-class 32,25,1905AFJHJJ,0,0,0,1,Not Passed,,
SU2024,SU2024-class 32,26,1905AGBAFC,3,0.5,0,2.6,Attendance Fail,,
SU2024,SU2024-class 32,27,1905AHJJGE,7.4,0.5,4.8,5.4,Passed,,
SU2024,SU2024-class 32,28,1905AHDFCI,8,5,7.2,7,Passed,,
SU2024,SU2024-class 32,29,1905AGBJIE,5.7,3.5,5,5.3,Passed,,
SU2024,SU2024-class 32,30,1905AHDFGG,4.4,3,5.4,4.7,Not Passed,,
SU2024,SU2024-class 32,31,1905AHDHBF,9.1,10,7,8.7,Passed,,
SU2024,SU2024-class 32,32,1905AHDHCD,7,3.5,5.4,6,Passed,,
SU2024,SU2024-class 32,33,1905AHDFGI,6.1,0,0,3.8,Not Passed,,
SU2024,SU2024-class 32,34,1905AHBFIB,5.7,3,8,6.1,Passed,,
SU2024,SU2024-class 32,35,1905AHDHFH,7.7,3,4.8,6.1,Passed,,
SU2024,SU2024-class 33,1,1905AHDIFG,4.6,0.5,0,3.3,Not Passed,,
SU2024,SU2024-class 33,2,1905AHCEHC,4.1,0.5,0,3.1,Not Passed,,
SU2024,SU2024-class 33,3,1905AHDDEC,0,0,0,1.1,Attendance Fail,,
SU2024,SU2024-class 33,4,1905AHCAAB,6.5,3.5,6.6,6,Passed,,
SU2024,SU2024-class 33,5,1905AHCABA,4.6,0.5,6,4.7,Not Passed,,
SU2024,SU2024-class 33,6,1905AHDIEA,0,0,0,1.2,Attendance Fail,,
SU2024,SU2024-class 33,7,1905AHDIJD,3.6,2.5,8.6,5,Passed,,
SU2024,SU2024-class 33,8,1905AHDICH,6.1,7,5.6,6.3,Passed,,
SU2024,SU2024-class 33,9,1905AHJEJD,4.3,0,0,3.2,Not Passed,,
SU2024,SU2024-class 33,10,1905AHDDDC,5.1,6.5,4.8,5.7,Passed,,
SU2024,SU2024-class 33,11,1905AGJBDE,0,0,0,0,Attendance Fail,,
SU2024,SU2024-class 33,12,1901AGJJIH,6.9,0,6.8,5.6,Not Passed,,
SU2024,SU2024-class 33,13,1905AHCEHB,4,0,0,3.1,Attendance Fail,,
SU2024,SU2024-class 33,14,1905AHCGAG,5.3,0,0,3.4,Not Passed,,
SU2024,SU2024-class 33,15,1905AHDDBH,6.1,10,7.6,7.4,Passed,,
SU2024,SU2024-class 33,16,1905AHCAID,5.8,3.5,4.4,5.3,Passed,,
SU2024,SU2024-class 33,17,1905AHDHEC,0,0,0,1.3,Not Passed,,
SU2024,SU2024-class 33,18,1905AFAEBA,4,0.5,5.2,4.1,Not Passed,,
SU2024,SU2024-class 33,19,1905AEJBBF,4,1.5,4.4,4,Not Passed,,
SU2024,SU2024-class 33,20,1905AFAEGH,4.8,3.5,9,5.6,Passed,,
SU2024,SU2024-class 33,21,1905AHDICE,4.3,0.5,0,3.2,Not Passed,,
SU2024,SU2024-class 33,22,1905AGACGE,3,6.5,9.4,5.6,Passed,,
SU2024,SU2024-class 33,23,1905AGJDDC,0,0,0,0,Attendance Fail,,
SU2024,SU2024-class 33,24,1905AHDIIC,5,0,0,3.5,Not Passed,,
SU2024,SU2024-class 33,25,1905AHDDCH,0,0,0,1.2,Attendance Fail,,
SU2024,SU2024-class 33,26,1905AHBCII,5,3.5,5.8,5.2,Passed,,
SU2024,SU2024-class 33,27,1905AHDIJB,5.1,3.5,4,5,Passed,,
SU2024,SU2024-class 33,28,1905AGAGJD,0,0,0,1,Attendance Fail,,
SU2024,SU2024-class 33,29,1905AHDIDA,7.1,3.5,6.8,6.4,Passed,,
SU2024,SU2024-class 33,30,1905AHDHEG,0,0,0,1,Attendance Fail,,
SU2024,SU2024-class 33,31,1919AGJAEB,4.6,3.5,4.6,4.8,Not Passed,,
SU2024,SU2024-class 33,32,1905AGJDAB,4,6.5,8.2,5.7,Passed,,
SU2024,SU2024-class 33,33,1905AGCBJH,5,0.5,5,4.6,Not Passed,,
SU2024,SU2024-class 33,34,1905AFAAJJ,6,0.5,4.6,4.7,Not Passed,,
SU2024,SU2024-class 34,1,1905AHBGDC,8,6,6.4,7.5,Passed,,
SU2024,SU2024-class 34,2,1905AHBGAB,10,3.5,6.2,7.8,Passed,,
SU2024,SU2024-class 34,3,1905AGJJJE,10,3,5.6,7.7,Passed,,
SU2024,SU2024-class 34,4,1905AHBGJJ,10,3.5,5.6,7.7,Passed,,
SU2024,SU2024-class 34,5,1905AHJCGG,9.5,3.5,6.4,7.2,Passed,,
SU2024,SU2024-class 34,6,1905AHDFBB,9,0,0,5.2,Not Passed,,
SU2024,SU2024-class 34,7,1905AHBFDF,7.5,3.5,4.4,6.4,Passed,,
SU2024,SU2024-class 34,8,1905AHBDBA,8,0,0,4.7,Attendance Fail,,
SU2024,SU2024-class 34,9,1905AHBCBB,10,7.5,5.8,8.5,Passed,,
SU2024,SU2024-class 34,10,1905AHBDAC,0,0,0,1.4,Attendance Fail,,
SU2024,SU2024-class 34,11,1905AGCCGD,8.5,0.5,4,6.1,Passed,,
SU2024,SU2024-class 34,12,1905AHDJGG,8.5,7.5,4.6,7.6,Passed,,
SU2024,SU2024-class 34,13,1905AHDICA,9,10,6.4,8.3,Passed,,
SU2024,SU2024-class 34,14,1905AHBHBJ,10,2,3.6,7.1,Not Passed,,
SU2024,SU2024-class 34,15,1905AHDEDD,9,6.5,5.6,7.5,Passed,,
SU2024,SU2024-class 34,16,1905AHBFHI,7.5,7,5.2,7.2,Passed,,
SU2024,SU2024-class 34,17,1905AHBFBI,7.5,4.5,5.8,6.9,Passed,,
SU2024,SU2024-class 34,18,1905AHDEHF,9,0,0,5,Not Passed,,
SU2024,SU2024-class 34,19,1905AGBAGA,10,0.5,4.6,6.4,Passed,,
SU2024,SU2024-class 34,20,1905AGBBAF,10,0.5,4.4,6.4,Passed,,
SU2024,SU2024-class 34,21,1905AHCAEC,8.5,2,5.6,6.4,Passed,,
SU2024,SU2024-class 34,22,1905AHBFDA,7.5,0,5.4,5.9,Not Passed,,
SU2024,SU2024-class 34,23,1905AHDEDB,9,7,5.4,7.7,Passed,,
SU2024,SU2024-class 34,24,1905AHDAFH,8.5,7,4.4,7.5,Passed,,
SU2024,SU2024-class 34,25,1905ACJGGA,0,5,0,2.5,Not Passed,,
SU2024,SU2024-class 34,26,1905AEACBE,0,0,0,1.2,Attendance Fail,,
SU2024,SU2024-class 34,27,1905AHDAAA,10,0,0,6,Not Passed,,
SU2024,SU2024-class 34,28,1905AHBFBG,7.5,0,0,4.5,Not Passed,,
SU2024,SU2024-class 34,29,1905AHBFBE,7.5,5.5,4,6.7,Passed,,
SU2024,SU2024-class 34,30,1905AHBGJI,8,6,4.8,7.2,Passed,,
SU2024,SU2024-class 34,31,1905AHDDHH,10,3,5.6,7.7,Passed,,
SU2024,SU2024-class 34,32,1905AGAEAH,10,5.5,5.2,8.1,Passed,,
SU2024,SU2024-class 34,33,1905AFAFII,10,10,4.4,8.9,Passed,,
SU2024,SU2024-class 34,34,1905ACJDHD,10,0.5,4.2,6.9,Passed,,
SU2024,SU2024-class 34,35,1905AHJCJE,10,0,0,6,Not Passed,,
SU2024,SU2024-class 35,1,1905AHEJEG,7,6.5,5,6.6,Passed,,
SU2024,SU2024-class 35,2,1905AGADHC,0,0,0,0.4,Attendance Fail,,
SU2024,SU2024-class 35,3,1905AHDBFD,1,0,0,0.9,Attendance Fail,,
SU2024,SU2024-class 35,4,1905AHAIBD,9,7.5,7.2,8.2,Passed,,
SU2024,SU2024-class 35,5,1905AHAIGA,5,5.5,4.2,5.5,Passed,,
SU2024,SU2024-class 35,6,1905AGCEBG,9.6,10,4.4,8.3,Passed,,
SU2024,SU2024-class 35,7,1905AGCEFD,5,0,6.4,4.1,Not Passed,,
SU2024,SU2024-class 35,8,1905AGAFIE,5,1.5,4.4,4.4,Not Passed,,
SU2024,SU2024-class 35,9,1905AGAFIH,3,6.5,9,5.6,Passed,,
SU2024,SU2024-class 35,10,1905AFJEJC,0,0,0,0.1,Attendance Fail,,
SU2024,SU2024-class 35,11,1905AGCCDA,0,0,0,0.4,Attendance Fail,,
SU2024,SU2024-class 35,12,1905AGJDCB,0,0,0,0.1,Attendance Fail,,
SU2024,SU2024-class 35,13,1905AFJIGH,6,6,6.8,6.3,Passed,,
SU2024,SU2024-class 35,14,1905AGBIDA,3,3.5,3,3.7,Not Passed,,
SU2024,SU2024-class 35,15,1905AGADFG,6,3.5,5.6,5.5,Passed,,
SU2024,SU2024-class 35,16,1905AHBEEC,5,3.5,5.8,5.5,Passed,,
SU2024,SU2024-class 35,17,1905AHJECB,3,0.5,6,4.2,Not Passed,,
SU2024,SU2024-class 35,18,1905AGJDAF,8,3.3,5,6.2,Passed,,
SU2024,SU2024-class 35,19,1905AGCAGD,5,3.5,5.2,5.4,Passed,,
SU2024,SU2024-class 35,20,1905AHDCDC,6,0.5,4,4.9,Not Passed,,
SU2024,SU2024-class 35,21,1905AGCJBH,5,0,4,4.3,Not Passed,,
SU2024,SU2024-class 35,22,1905AGJECA,0,0,0,0.1,Attendance Fail,,
SU2024,SU2024-class 35,23,1905AGCEJE,0,0,0,0.4,Attendance Fail,,
SU2024,SU2024-class 35,24,1905AGBEAJ,3,6,5.2,5,Passed,,
SU2024,SU2024-class 35,25,1919AFJGCJ,9,6.5,7.6,8,Passed,,
SU2024,SU2024-class 36,1,1905AHCGBC,4,4,4.2,5,Passed,,
SU2024,SU2024-class 36,2,1905AHJAFA,0,0.5,0,1.5,Not Passed,,
SU2024,SU2024-class 36,3,1905AHBEFA,8.5,9.5,8.8,8.9,Passed,,
SU2024,SU2024-class 36,4,1905AHCGDA,5,7.5,5.8,6.3,Passed,,
SU2024,SU2024-class 36,5,1905AHDBGJ,10,10,6,9.1,Passed,,
SU2024,SU2024-class 36,6,1905AHEJJF,5,0.5,6.6,5.1,Passed,,
SU2024,SU2024-class 36,7,1905AHDCBD,9.5,0.5,6.2,6.8,Passed,,
SU2024,SU2024-class 36,8,1905AHDHBH,5,4.5,4.2,5.2,Passed,,
SU2024,SU2024-class 36,9,1905AHDFHB,0,1.5,0,1.7,Not Passed,,
SU2024,SU2024-class 36,10,1905AHJJDC,0,0.5,0,1.4,Attendance Fail,,
SU2024,SU2024-class 36,11,1905AHDGBA,10,0.5,7.2,7.2,Passed,,
SU2024,SU2024-class 36,12,1905AHDJIF,5,4.5,5.2,5.6,Passed,,
SU2024,SU2024-class 36,13,1905AHDEBJ,10,4.5,5.2,7.7,Passed,,
SU2024,SU2024-class 36,14,1905AHBCCG,5,4.5,6.4,5.8,Passed,,
SU2024,SU2024-class 36,15,1905AHDEHC,10,4.5,5.8,7.8,Passed,,
SU2024,SU2024-class 36,16,1905AHCDCD,10,10,6.8,9.2,Passed,,
SU2024,SU2024-class 36,17,1905AHCEJI,10,7.5,4.6,8.2,Passed,,
SU2024,SU2024-class 36,18,1905AHDBIC,5,4.5,4.8,5.6,Passed,,
SU2025,SU2025-class 1,1,1905AIFDAD,,,6.6,6.8,Passed,6,7.5
SU2025,SU2025-class 1,2,1905AIFCCJ,,,8.2,6.8,Passed,6,6.5
SU2025,SU2025-class 1,3,1905AGAFHA,,,4.8,4.6,Not Passed,5,3
SU2025,SU2025-class 1,4,1905AHJFCE,,,0,0,Attendance Fail,0,0
SU2025,SU2025-class 1,5,1905AIJAAB,,,8.8,7.1,Passed,6,7
SU2025,SU2025-class 1,6,1905AFJEFJ,,,5.8,4.2,Not Passed,5,0.5
SU2025,SU2025-class 1,7,1905AHCIEG,,,0,1.4,Attendance Fail,1,0
SU2025,SU2025-class 1,8,1905AIJJAA,,,6,6.6,Passed,5,8
SU2025,SU2025-class 1,9,1905AIDDDJ,,,6.4,5.3,Passed,5,3.5
SU2025,SU2025-class 1,10,1905AHAGEI,,,5.4,4,Not Passed,5,0
SU2025,SU2025-class 1,11,1905AHCDII,,,0,1,Attendance Fail,0,0
SU2025,SU2025-class 1,12,1905AGAECF,,,0,0,Attendance Fail,0,0
SU2025,SU2025-class 1,13,1905AGBJID,,,0,0,Attendance Fail,0,0
SU2025,SU2025-class 1,14,1905AHCFHD,,,0,1,Attendance Fail,0,0
SU2025,SU2025-class 1,15,1905AHJEHD,,,7,6.6,Passed,6,7
SU2025,SU2025-class 1,16,1905AIBCBA,,,5.8,5.7,Passed,4.1,6
SU2025,SU2025-class 1,17,1905AGAEJE,,,0,1.2,Attendance Fail,0,0
SU2025,SU2025-class 1,18,1905AHBBJH,,,4.8,4.2,Not Passed,6,0.5
SU2025,SU2025-class 1,19,1905AHDHFB,,,0,1,Attendance Fail,0,0
SU2025,SU2025-class 1,20,1905AHDJEG,,,5,5.8,Passed,6,6
SU2025,SU2025-class 1,21,1905AIFDJF,,,6.8,5.8,Passed,6,4
SU2025,SU2025-class 1,22,1905AHDFDF,,,0,0,Attendance Fail,0,0
SU2025,SU2025-class 1,23,1905AICDAI,,,6.6,6.1,Passed,5,6.5
SU2025,SU2025-class 1,24,1905AICIBA,,,7.8,5.6,Passed,5,3.5
SU2025,SU2025-class 1,25,1905AGAGJD,,,0,1.2,Attendance Fail,0,0
SU2025,SU2025-class 1,26,1905AFJBCJ,,,0,0,Attendance Fail,0,0
SU2025,SU2025-class 1,27,1905AICBFI,,,3.6,3.5,Not Passed,5,0
SU2025,SU2025-class 1,28,1905AGBDAC,,,0,1.3,Attendance Fail,0,0
SU2025,SU2025-class 1,29,1905AHBACE,,,5.4,5.8,Passed,5,6
SU2025,SU2025-class 1,30,1905AIJJCE,,,8,7.8,Passed,7.7,8
SU2025,SU2025-class 1,31,1905AHDJBH,,,5.4,5.4,Passed,6,4
SU2025,SU2025-class 1,32,1905AHJJJE,,,8.4,5.6,Passed,5,3.5
SU2025,SU2025-class 1,33,1905AHBADH,,,8.4,7.5,Passed,6,9
SU2025,SU2025-class 1,34,1905AHJBGC,,,5.4,4.4,Not Passed,6,0.5
SU2025,SU2025-class 1,35,1905AHDDGJ,,,0,0,Attendance Fail,0,0
SU2025,SU2025-class 1,,,,,0.485714286,,,0.4,0.628571429
SU2025,SU2025-class 1,,,,,0,,,FE nhỏ hơn 5,PE nhỏ hơn 4
SU2025,SU2025-class 2,1,1905AHDJHC,,,0,1,Attendance Fail,0,0
SU2025,SU2025-class 2,2,1905AGCBHA,,,0,1.5,Attendance Fail,1,0
SU2025,SU2025-class 2,3,1905AHDFEB,,,0,1.2,Attendance Fail,0,0
SU2025,SU2025-class 2,4,1905AIBJDD,,,7,6.3,Passed,5,6
SU2025,SU2025-class 2,5,1905AHCIJJ,,,0,1.5,Attendance Fail,1,0
SU2025,SU2025-class 2,6,1905AGCBJD,,,8.4,7.9,Passed,5,10
SU2025,SU2025-class 2,7,1905AICEDA,,,7.8,6.6,Passed,6,6
SU2025,SU2025-class 2,8,1905AIDCIG,,,0,5.7,Attendance Fail,5,10
SU2025,SU2025-class 2,9,1905AIFBFI,,,7,5.4,Passed,5,3
SU2025,SU2025-class 2,10,1905AHDDAI,,,6.8,5,Passed,5,3.2
SU2025,SU2025-class 2,11,1905AIFGCB,,,6.2,5.7,Passed,5,5.5
SU2025,SU2025-class 2,12,1905AHDDCE,,,6.2,5.8,Passed,5,5.5
SU2025,SU2025-class 2,13,1905AICIEB,,,8.2,6.2,Passed,6,4
SU2025,SU2025-class 2,14,1905AIBDGH,,,0,1.2,Attendance Fail,0,0
SU2025,SU2025-class 2,15,1905AHJACH,,,8,6.5,Passed,5,6.4
SU2025,SU2025-class 2,16,1905AGBBID,,,6.8,6.9,Passed,5,9
SU2025,SU2025-class 2,17,1905AHCHGC,,,0,1,Attendance Fail,0,0
SU2025,SU2025-class 2,18,1905AHJFFE,,,0,1,Attendance Fail,0,0
SU2025,SU2025-class 2,19,1905AHBJHJ,,,8.8,7.7,Passed,5,10
SU2025,SU2025-class 2,20,1905AIDJIC,,,6.4,6.7,Passed,6,7
SU2025,SU2025-class 2,21,1905AHEJIF,,,0,1,Attendance Fail,0,0
SU2025,SU2025-class 2,22,1905AIDFCC,,,5.2,3.9,Not Passed,5,0.5
SU2025,SU2025-class 2,23,1905AHBHJC,,,0,1.1,Attendance Fail,0,0
SU2025,SU2025-class 2,24,1905AGAFFE,,,0,1,Attendance Fail,0,0
SU2025,SU2025-class 2,25,1905AGADFA,,,0,1.8,Not Passed,1,0.5
SU2025,SU2025-class 2,26,1905AHEJBH,,,4.8,6.3,Passed,6,7.2
SU2025,SU2025-class 2,27,1905AHCJFA,,,7.2,5.2,Passed,5,3.5
SU2025,SU2025-class 2,28,1919AHAJFD,,,0,1,Attendance Fail,0,0
SU2025,SU2025-class 2,29,1905AHDJDI,,,8.2,6.8,Passed,5,8
SU2025,SU2025-class 2,30,1905AGCCHC,,,0,1.1,Attendance Fail,0,0
SU2025,SU2025-class 2,31,1905AIFEHG,,,7.2,6.6,Passed,6,6.5
SU2025,SU2025-class 2,32,1905AHBCBE,,,0,4.5,Attendance Fail,5,5.5
SU2025,SU2025-class 2,33,1905AIDAFJ,,,6.4,6.8,Passed,6,8
SU2025,SU2025-class 2,34,1905AIFHEC,,,8.2,7.4,Passed,4,10
SU2025,SU2025-class 2,35,1905AHBABH,,,0,1.2,Attendance Fail,0,0
SU2025,SU2025-class 2,,,,,0.542857143,,,0.428571429,0.514285714
SU2025,SU2025-class 3,1,1905AHJGHG,,,6.8,5.2,Passed,8,0.5
SU2025,SU2025-class 3,2,1905AHCBDA,,,9.2,5.7,Passed,6,2.5
SU2025,SU2025-class 3,3,1905AHJEIB,,,5.8,5.4,Passed,6,3.5
SU2025,SU2025-class 3,4,1905AHCIHD,,,4.8,5.5,Passed,6,4.5
SU2025,SU2025-class 3,5,1905AHJJEG,,,9.2,6.4,Passed,6,5
SU2025,SU2025-class 3,6,1905AGAECB,,,0,0.3,Attendance Fail,0,0
SU2025,SU2025-class 3,7,1905AGAGJG,,,6.8,4.9,Not Passed,7,0
SU2025,SU2025-class 3,8,1905AHBFBB,,,0,2.8,Not Passed,0,7
SU2025,SU2025-class 3,9,1905AHJBDE,,,5,6,Passed,8,4.5
SU2025,SU2025-class 3,10,1905AIJCHH,,,6.6,4.7,Not Passed,5,3.3
SU2025,SU2025-class 3,11,1905AGJADB,,,0,0,Attendance Fail,0,0
SU2025,SU2025-class 3,12,1905AHBJCI,,,5.6,4.9,Not Passed,5,4
SU2025,SU2025-class 3,13,1905AGJCGD,,,0,0.1,Attendance Fail,0,0
SU2025,SU2025-class 3,14,1905AICIFJ,,,5.8,6.9,Passed,7,7.5
SU2025,SU2025-class 3,15,1905AGJDEB,,,0,0.3,Attendance Fail,0,0
SU2025,SU2025-class 3,16,1905AHJDIC,,,0,2.8,Not Passed,5,0.5
SU2025,SU2025-class 3,17,1905AHDGHJ,,,6.2,6.7,Passed,8,5
SU2025,SU2025-class 3,18,1905AHBJGJ,,,7.2,4.4,Not Passed,5,0.5
SU2025,SU2025-class 3,19,1905AGBAJE,,,0,0,Attendance Fail,0,0
SU2025,SU2025-class 3,20,1905AHDGAF,,,4.8,3.8,Not Passed,5,0.5
SU2025,SU2025-class 3,21,1905AIJEAI,,,7.4,7.5,Passed,8,7.5
SU2025,SU2025-class 3,22,1905AHJJBC,,,4.6,6.6,Passed,9,5.5
SU2025,SU2025-class 3,23,1905AHJEGE,,,0,1.8,Attendance Fail,4,0
SU2025,SU2025-class 3,24,1905AHJEGA,,,7.4,7.4,Passed,8,6.5
SU2025,SU2025-class 3,25,1905AHJBCA,,,0,0.3,Attendance Fail,0,0
SU2025,SU2025-class 3,26,1905AHJDIG,,,5.6,6.6,Passed,8,6
SU2025,SU2025-class 3,27,1905AGJJIF,,,0,0.3,Attendance Fail,0,0
SU2025,SU2025-class 3,28,1905AFAEEA,,,6.8,4.3,Not Passed,5,1.3
SU2025,SU2025-class 3,29,1905AGBAFC,,,0,0,Attendance Fail,0,0
SU2025,SU2025-class 3,30,1905AIFEAI,,,7.4,7.8,Passed,7,9
SU2025,SU2025-class 3,31,1905AHBDDG,,,0,2.1,Attendance Fail,5,0.5
SU2025,SU2025-class 3,32,1905AGBEAH,,,0,0,Attendance Fail,0,0
SU2025,SU2025-class 3,33,1905AHDFDJ,,,0,3.3,Not Passed,7,0
SU2025,SU2025-class 3,34,1905AHDGJE,,,0,2.6,Not Passed,5,0
SU2025,SU2025-class 3,35,1905AHJJCA,,,6,6.5,Passed,9,3.5
SU2025,SU2025-class 3,,,,,0.628571429,,,0.314285714,0.657142857
SU2025,SU2025-class 4,1,1905AHJGEJ,,,0,1.2,Attendance Fail,3,0
SU2025,SU2025-class 4,2,1905AIDFHB,,,0,0,Attendance Fail,0,0
SU2025,SU2025-class 4,3,1905AHAFGE,,,4,4.6,Not Passed,8,0
SU2025,SU2025-class 4,4,1905AIFCBE,,,7,8.1,Passed,8.8,8.5
SU2025,SU2025-class 4,5,1905AHAGID,,,6,5.9,Not Passed,4.5,7.6
SU2025,SU2025-class 4,6,1905AHAIGB,,,7,4.6,Not Passed,5.8,0.5
SU2025,SU2025-class 4,7,1905AFAECD,,,4.2,6.3,Passed,7.3,6.4
SU2025,SU2025-class 4,8,1905AHJGBD,,,0,0,Attendance Fail,0,0
SU2025,SU2025-class 4,9,1905AGJEHA,,,4.8,5.4,Passed,6.8,3.5
SU2025,SU2025-class 4,10,1905AFJEJC,,,0,0,Attendance Fail,0,0
SU2025,SU2025-class 4,11,1905AHJGGE,,,0,1.6,Attendance Fail,2.5,0
SU2025,SU2025-class 4,12,1905AHJGGF,,,6.6,5,Passed,6.8,1
SU2025,SU2025-class 4,13,1905AIFCJG,,,7.6,7.5,Passed,8,7.5
SU2025,SU2025-class 4,14,1905AGJCDI,,,0,0,Attendance Fail,0,0
SU2025,SU2025-class 4,15,1905AIDDFF,,,4.8,5.1,Passed,8.3,0.5
SU2025,SU2025-class 4,16,1905AFJEBD,,,0,0.6,Not Passed,0,0
SU2025,SU2025-class 4,17,1905AHJFCI,,,0,1.4,Attendance Fail,2.5,0
SU2025,SU2025-class 4,18,1905AIDAFA,,,6,5.3,Passed,7.8,1
SU2025,SU2025-class 4,19,1905AEADDA,,,0,0,Attendance Fail,0,0
SU2025,SU2025-class 4,20,1905AGJBDD,,,5,3.9,Not Passed,4.8,1
SU2025,SU2025-class 4,21,1905AHAIAD,,,0,1.4,Attendance Fail,2.5,0
SU2025,SU2025-class 4,22,1905AHJFII,,,9.6,6.3,Passed,5.8,5
SU2025,SU2025-class 4,23,1905AHJBII,,,6.4,4.8,Not Passed,7,0
SU2025,SU2025-class 4,24,1905AIDEFJ,,,0,1,Attendance Fail,2.5,0
SU2025,SU2025-class 4,25,1905AHDGAE,,,7,5.9,Passed,6.8,3.6
SU2025,SU2025-class 4,26,1905AFJDIC,,,0,0,Attendance Fail,0,0
SU2025,SU2025-class 4,27,1905AICGJC,,,7,6.2,Passed,7.3,4
SU2025,SU2025-class 4,28,1905AHBJDE,,,0,2.8,Attendance Fail,6,0
SU2025,SU2025-class 4,29,1905AFAJAI,,,0,0,Attendance Fail,0,0
SU2025,SU2025-class 4,30,1905AFJEBE,,,5.6,4.1,Not Passed,5.8,0
SU2025,SU2025-class 4,31,1905AHJECI,,,0,2.6,Attendance Fail,5.5,0
SU2025,SU2025-class 4,32,1905AHAHDH,,,8,7.5,Passed,6.3,9
SU2025,SU2025-class 4,33,1905AHJFDE,,,3.8,4.4,Not Passed,1,7.6
SU2025,SU2025-class 4,34,1905AEADGA,,,4,2.4,Not Passed,0,4
SU2025,SU2025-class 4,35,1905AHJDFB,,,6.8,7.6,Passed,6.8,10
SU2025,SU2025-class 4,36,1905AHJGEF,,,5.2,5.2,Passed,5.5,4.5
SU2025,SU2025-class 4,,,,,0.722222222,,,0.444444444,0.666666667
SU2025,SU2025-class 5,1,1905AICGDD,,,5.8,5.6,Passed,8,1
SU2025,SU2025-class 5,2,1905AICJGC,,,6.6,6.7,Passed,8,4
SU2025,SU2025-class 5,3,1905AGJACC,,,9.6,9,Passed,8,10
SU2025,SU2025-class 5,4,1905AICHFI,,,5.6,5.5,Passed,8,1
SU2025,SU2025-class 5,5,1905AGBFDJ,,,4.4,6.3,Passed,6,7
SU2025,SU2025-class 5,6,1905AHJAIA,,,4.2,7.3,Passed,6,10
SU2025,SU2025-class 5,7,1905AIBIEI,,,0,2.9,Not Passed,5,0
SU2025,SU2025-class 5,8,1905AICEDB,,,5.4,5.9,Passed,5,6.5
SU2025,SU2025-class 5,9,1905AGACDC,,,8,7.9,Passed,8,6.5
SU2025,SU2025-class 5,10,1905AHCDJE,,,4.2,5.8,Passed,8,2.5
SU2025,SU2025-class 5,11,1905AICJHE,,,0,3.7,Not Passed,8,0
SU2025,SU2025-class 5,12,1905AIBCHB,,,9.8,9.2,Passed,8,10
SU2025,SU2025-class 5,13,1905AHCBAB,,,7,6,Passed,6,4
SU2025,SU2025-class 5,14,1905AHBIAB,,,7.8,6.7,Passed,8,3.5
SU2025,SU2025-class 5,15,1905AHJDCA,,,0,0,Attendance Fail,0,0
SU2025,SU2025-class 5,16,1905AGBBGB,,,0,3.7,Not Passed,8,0
SU2025,SU2025-class 5,17,1905AHCDGB,,,5.8,5.8,Passed,7,3
SU2025,SU2025-class 5,18,1905AHDFDB,,,8.6,5.6,Not Passed,8,0
SU2025,SU2025-class 5,19,1905AICBAE,,,5.6,6.2,Passed,8,3
SU2025,SU2025-class 5,20,1905AGJECA,,,0,0.7,Attendance Fail,0,0
SU2025,SU2025-class 5,21,1905AHDBAA,,,0,0.4,Attendance Fail,0,0
SU2025,SU2025-class 5,22,1905AIDGEJ,,,7.2,6.5,Passed,8,3
SU2025,SU2025-class 5,23,1905AHCCGE,,,3.8,6,Not Passed,8,4
SU2025,SU2025-class 5,24,1905AGJCEG,,,6,6.2,Passed,7,4
SU2025,SU2025-class 5,25,1905AIBEAC,,,4.4,5.1,Passed,8,0.5
SU2025,SU2025-class 5,26,1905AIBIFI,,,6,6.4,Passed,8,3.5
SU2025,SU2025-class 5,27,1905AIFEJF,,,6.2,6.6,Passed,9,3.5
SU2025,SU2025-class 5,28,1905AHDBAH,,,6.2,5.9,Passed,7,3
SU2025,SU2025-class 5,29,1905AHAHAJ,,,0,0.5,Attendance Fail,0,0
SU2025,SU2025-class 5,30,1905AHCBJE,,,0,0.9,Not Passed,0,0
SU2025,SU2025-class 5,31,1905AIBCIC,,,5.6,6.1,Passed,8,3
SU2025,SU2025-class 5,32,1905AHDDGH,,,6.4,7.5,Passed,8,7
SU2025,SU2025-class 5,33,1905AICEFD,,,7.2,6.8,Passed,9,3
SU2025,SU2025-class 5,34,1905AHDAJD,,,4.8,5,Passed,7,1
SU2025,SU2025-class 5,35,1901AIDBHB,,,7.2,8.1,Passed,10,6
SU2025,SU2025-class 5,,,,,0.657142857,,,0.142857143,0.657142857
SU2025,SU2025-class 6,1,1905AIDJEB,,,8.6,6.3,Passed,8.8,0.5
SU2025,SU2025-class 6,2,1905AGBDIA,,,0,3,Not Passed,5.5,0.5
SU2025,SU2025-class 6,3,1905AIBCBJ,,,0,0,Attendance Fail,0,0
SU2025,SU2025-class 6,4,1905AHDGDC,,,8.6,6.5,Passed,10,0.5
SU2025,SU2025-class 6,5,1905AHBFHF,,,0,4,Not Passed,7.5,0
SU2025,SU2025-class 6,6,1905AHCJCF,,,7.2,7.5,Passed,10,4
SU2025,SU2025-class 6,7,1905AICCAG,,,4,5.2,Passed,8,1
SU2025,SU2025-class 6,8,1905AHBJFI,,,7.6,8.2,Passed,10,6.5
SU2025,SU2025-class 6,9,1905AHCACE,,,8,6.3,Passed,10,0.5
SU2025,SU2025-class 6,10,1905AICCBD,,,6.6,8.5,Passed,9.5,8.5
SU2025,SU2025-class 6,11,1905AGABIH,,,5.4,7.5,Passed,9.3,6
SU2025,SU2025-class 6,12,1905AIJCAD,,,5.6,6.4,Passed,8.8,3
SU2025,SU2025-class 6,13,1905AHCDBD,,,0,0,Attendance Fail,0,0
SU2025,SU2025-class 6,14,1905AICFAE,,,6.4,5.6,Passed,6.8,3
SU2025,SU2025-class 6,15,1905AHEJJC,,,8.2,8.8,Passed,10,7.5
SU2025,SU2025-class 6,16,1905AIBECF,,,8,7.8,Passed,9.3,5.5
SU2025,SU2025-class 6,17,1905AIBJCB,,,8.2,7,Passed,10,2
SU2025,SU2025-class 6,18,1905AIDEAI,,,6.8,6.5,Passed,8.8,3.5
SU2025,SU2025-class 6,19,1905AHDIJH,,,0,0.2,Attendance Fail,0,0
SU2025,SU2025-class 6,20,1905AHDEDJ,,,0,0,Attendance Fail,0,0
SU2025,SU2025-class 6,21,1905AIFGCJ,,,0,0,Attendance Fail,0,0
SU2025,SU2025-class 6,22,1905AHDJDE,,,9,6.2,Passed,8.5,1
SU2025,SU2025-class 6,23,1905AHJCJB,,,8.8,8.7,Passed,8.5,10
SU2025,SU2025-class 6,24,1905AIDJGC,,,5.4,6.5,Passed,8.8,3.5
SU2025,SU2025-class 6,25,1905AIBFBA,,,7,8.4,Passed,10,7
SU2025,SU2025-class 6,26,1905AHCFID,,,5.6,6.8,Passed,10,3.5
SU2025,SU2025-class 6,27,1905AIBJBD,,,6.8,8.8,Passed,10,9
SU2025,SU2025-class 6,28,1905AIAJFA,,,9,7.4,Passed,10,2.5
SU2025,SU2025-class 6,29,1905AIBCGD,,,0,0,Attendance Fail,0,0
SU2025,SU2025-class 6,30,1905AIDBFF,,,0,0.1,Attendance Fail,0,0
SU2025,SU2025-class 6,31,1905AHBHFE,,,7.4,9,Passed,10,9
SU2025,SU2025-class 6,32,1905AHBGDE,,,7.6,5.3,Not Passed,7,0
SU2025,SU2025-class 6,33,1905AEJFJB,,,5,5.5,Not Passed,9,0
SU2025,SU2025-class 6,34,1905AICCHG,,,0,3.1,Not Passed,6.5,0
SU2025,SU2025-class 6,35,1905AHBCGB,,,0,0,Attendance Fail,0,0
SU2025,SU2025-class 6,,,,,0.485714286,,,0.228571429,0.714285714
SU2025,SU2025-class 7,1,1905AICFEF,,,7.8,6.6,Passed,8,4
SU2025,SU2025-class 7,2,1905AGBEFG,,,0,0.1,Attendance Fail,0,0
SU2025,SU2025-class 7,3,1905AHJCFC,,,8.8,7.7,Passed,6,10
SU2025,SU2025-class 7,4,1905AFJDAE,,,8.4,7.1,Passed,5,9.5
SU2025,SU2025-class 7,5,1905AICICH,,,7.8,4.7,Not Passed,6,0
SU2025,SU2025-class 7,6,1905AICGDC,,,8,7.3,Passed,8,6.3
SU2025,SU2025-class 7,7,1905AHDCJB,,,0,0,Attendance Fail,0,0
SU2025,SU2025-class 7,8,1905AIBEBC,,,8.6,9.1,Passed,10,9
SU2025,SU2025-class 7,9,1905AHJEDI,,,8.8,7.2,Passed,5,10
SU2025,SU2025-class 7,10,1905AHBCFA,,,0,0,Attendance Fail,0,0
SU2025,SU2025-class 7,11,1905AHAIEI,,,0,0,Attendance Fail,0,0
SU2025,SU2025-class 7,12,1905AGBEDF,,,0,0,Attendance Fail,0,0
SU2025,SU2025-class 7,13,1705AIJJIH,,,0,0.5,Attendance Fail,0,0.5
SU2025,SU2025-class 7,14,1905AHJBHE,,,0,0,Attendance Fail,0,0
SU2025,SU2025-class 7,15,1905AHEJFC,,,6,4.9,Not Passed,8,0
SU2025,SU2025-class 7,16,1905AHCHIC,,,4.8,5.4,Passed,7,4
SU2025,SU2025-class 7,17,1905AICGGH,,,6.8,5.6,Passed,6,3.8
SU2025,SU2025-class 7,18,1905AICFGI,,,7.6,8.7,Passed,9,9.5
SU2025,SU2025-class 7,19,1905AGAHGE,,,0,3.2,Not Passed,6,0.5
SU2025,SU2025-class 7,20,1905AIJCJB,,,9.2,7.3,Passed,9,3.8
SU2025,SU2025-class 7,21,1905AGJEJJ,,,0,0.1,Attendance Fail,0,0
SU2025,SU2025-class 7,22,1905AGJBIF,,,5.6,3.9,Not Passed,6,0
SU2025,SU2025-class 7,23,1905AIDJDB,,,7.2,5.2,Passed,6,3
SU2025,SU2025-class 7,24,1905AIJBCJ,,,6,7,Passed,6,10
SU2025,SU2025-class 7,25,1905AICCBA,,,5.2,6.3,Passed,9,3.5
SU2025,SU2025-class 7,26,1905AIBDAJ,,,8.4,9,Passed,9,10
SU2025,SU2025-class 7,27,1905AIBCHH,,,6.8,6.3,Passed,9,2.8
SU2025,SU2025-class 7,28,1905AHBCIJ,,,0,0,Attendance Fail,0,0
SU2025,SU2025-class 7,29,1905AIBCAG,,,0,0.1,Attendance Fail,0,0
SU2025,SU2025-class 7,30,1905AGAFHG,,,8.2,6.7,Passed,8,4
SU2025,SU2025-class 7,31,1905AICHEA,,,6.6,5.3,Passed,6,3
SU2025,SU2025-class 7,32,1905AIFBIH,,,0,2.8,Attendance Fail,6,0.5
SU2025,SU2025-class 7,33,1905AHJCDA,,,0,0,Attendance Fail,0,0
SU2025,SU2025-class 7,34,1905AHCJEA,,,6.8,6.4,Passed,8,4
SU2025,SU2025-class 7,35,1905AIJAFD,,,9.4,9.2,Passed,9,10
SU2025,SU2025-class 7,,,,,0.428571429,,,0.314285714,0.628571429
SU2025,SU2025-class 8,1,1905AHCGGH,,,0,0.4,Attendance Fail,0,0
SU2025,SU2025-class 8,2,1905AHBGIA,,,6.4,5.9,Passed,6,4.5
SU2025,SU2025-class 8,3,1905AHBCCI,,,4.2,4.8,Not Passed,7,0.5
SU2025,SU2025-class 8,4,1905AGBJBA,,,5.4,7.9,Passed,7,10
SU2025,SU2025-class 8,5,1905AICIIG,,,5.4,7.6,Passed,9,7
SU2025,SU2025-class 8,6,1905AHJJFE,,,5.4,6.9,Passed,6,8
SU2025,SU2025-class 8,7,1905AIBAFJ,,,8.6,8,Passed,10,4.5
SU2025,SU2025-class 8,8,1905AEJEEH,,,0,3.3,Not Passed,6,0
SU2025,SU2025-class 8,9,1905AGJBAJ,,,0,0,Attendance Fail,0,0
SU2025,SU2025-class 8,10,1905AIBDBG,,,8.2,9.4,Passed,10,10
SU2025,SU2025-class 8,11,1905AFAADG,,,5.4,6.3,Passed,6,6
SU2025,SU2025-class 8,12,1905AHDJHF,,,7.8,8.6,Passed,8.5,9
SU2025,SU2025-class 8,13,1905AICHEJ,,,8.2,7.9,Passed,9,6
SU2025,SU2025-class 8,14,1905AHCGEI,,,5.6,5.2,Passed,8,0.5
SU2025,SU2025-class 8,15,1905AHCJDF,,,6.2,5.7,Passed,7,2.5
SU2025,SU2025-class 8,16,1905AHAGHE,,,9.8,8.1,Passed,6,9.5
SU2025,SU2025-class 8,17,1905ACJGBI,,,6.4,5.4,Passed,8,0.5
SU2025,SU2025-class 8,18,1905AHDGAB,,,4,7.8,Passed,8.5,9
SU2025,SU2025-class 8,19,1905AHCBGD,,,6.4,7.3,Passed,9,5
SU2025,SU2025-class 8,20,1905AIDAGG,,,6.4,7.7,Passed,9,6.5
SU2025,SU2025-class 8,21,1905AFJIIE,,,0,4.2,Not Passed,8,0.5
SU2025,SU2025-class 8,22,1905AGBJAD,,,4.8,7.8,Passed,8,9
SU2025,SU2025-class 8,23,1905AGBBJE,,,7,6.8,Passed,8,4.5
SU2025,SU2025-class 8,24,1905AGAEGG,,,0,0.4,Not Passed,0,0
SU2025,SU2025-class 8,25,1905AHJEAB,,,6.6,5.6,Passed,6,4
SU2025,SU2025-class 8,26,1905AHJCDB,,,8.2,7.4,Passed,5,9.5
SU2025,SU2025-class 8,27,1905AGAFJH,,,0,0.8,Attendance Fail,0,0
SU2025,SU2025-class 8,28,1905AHJFBH,,,5.4,5.1,Not Passed,9,0
SU2025,SU2025-class 8,29,1905AHJECD,,,4.2,5.4,Passed,8,1.5
SU2025,SU2025-class 8,30,1905AHAEAG,,,6,7.2,Passed,10,4.5
SU2025,SU2025-class 8,31,1905AHCECI,,,5.6,7.6,Passed,7,9.5
SU2025,SU2025-class 8,32,1905AHCEAC,,,5,6.1,Passed,5,8
SU2025,SU2025-class 8,33,1905AHAFEC,,,0,1.2,Not Passed,0,1
SU2025,SU2025-class 8,34,1905AGAEED,,,0,0.8,Not Passed,0,0
SU2025,SU2025-class 8,35,1905AGBDFE,,,5.6,5.7,Passed,9,0.5
SU2025,SU2025-class 8,,,,,0.428571429,,,0.171428571,0.428571429
SU2025,SU2025-class 9,1,1905AHDDAF,,,0,1.2,Attendance Fail,3,0
SU2025,SU2025-class 9,2,1905AHCJGB,,,7.4,6,Passed,7.3,3.2
SU2025,SU2025-class 9,3,1905AHJGGI,,,0,0,Attendance Fail,0,0
SU2025,SU2025-class 9,4,1905AEJFCD,,,7.6,6.1,Passed,6.8,4
SU2025,SU2025-class 9,5,1905AFJCDD,,,0,0,Attendance Fail,0,0
SU2025,SU2025-class 9,6,1905AIDEJB,,,6,5.8,Passed,6.8,4
SU2025,SU2025-class 9,7,1905AGAEIA,,,0,1.4,Attendance Fail,2.5,0
SU2025,SU2025-class 9,8,1905AIAJGE,,,0,0,Attendance Fail,0,0
SU2025,SU2025-class 9,9,1905AFJFBJ,,,6.8,6.1,Passed,7.3,4
SU2025,SU2025-class 9,10,1905AHDAEH,,,5.6,5.4,Passed,5.8,4
SU2025,SU2025-class 9,11,1905AIJJJA,,,6.8,6.7,Passed,8.5,4
SU2025,SU2025-class 9,12,1905AIJJGD,,,3,3.6,Not Passed,5.8,0
SU2025,SU2025-class 9,13,1905AHDIBJ,,,0,0,Attendance Fail,0,0
SU2025,SU2025-class 9,14,1905FCBAD,,,5.8,2.9,Not Passed,3.5,0
SU2025,SU2025-class 9,15,1905AHDHEC,,,0,0,Attendance Fail,0,0
SU2025,SU2025-class 9,16,1905AICBJE,,,5.4,3,Not Passed,3,0
SU2025,SU2025-class 9,17,1905AIDEFC,,,0,0,Attendance Fail,0,0
SU2025,SU2025-class 9,18,1905AHBGED,,,9.6,7.5,Passed,6.8,7.6
SU2025,SU2025-class 9,19,1905AHJBDG,,,0,0.3,Not Passed,0,0
SU2025,SU2025-class 9,20,1905AHCGCE,,,0,2.9,Attendance Fail,7.3,0
SU2025,SU2025-class 9,21,1905AHJDJH,,,0,1.2,Attendance Fail,3,0
SU2025,SU2025-class 9,22,1905AIDBCD,,,0,3.7,Not Passed,6.3,2
SU2025,SU2025-class 9,23,1905AGJEHF,,,0,0.4,Attendance Fail,0,0
SU2025,SU2025-class 9,24,1905AIDAFC,,,5,3.9,Not Passed,5.3,0.5
SU2025,SU2025-class 9,25,1905AHBJIE,,,0,0,Attendance Fail,0,0
SU2025,SU2025-class 9,26,1905AHBHFG,,,5.2,5.2,Passed,8,1
SU2025,SU2025-class 9,27,1905AIBFBC,,,6.4,5.1,Not Passed,8,0
SU2025,SU2025-class 9,28,1905AIFBBJ,,,5,4.3,Not Passed,7.3,0
SU2025,SU2025-class 9,29,1905AHDHAG,,,9.8,5.3,Passed,5.8,1
SU2025,SU2025-class 9,30,1905AIBAJA,,,7.4,5.9,Passed,6.3,4
SU2025,SU2025-class 9,31,1905AFACGC,,,0,1.4,Attendance Fail,3.5,0
SU2025,SU2025-class 9,32,1905AHDFFH,,,6.6,6.1,Passed,4,7.5
SU2025,SU2025-class 9,33,1905AHJGAH,,,5.2,4.7,Not Passed,7.3,0
SU2025,SU2025-class 9,34,1905AICHAF,,,8,7.3,Passed,8,6.5
SU2025,SU2025-class 9,35,1905AFBAJF,,,0,0,Attendance Fail,0,0
SU2025,SU2025-class 9,,,,,0.6,,,0.485714286,0.742857143
SU2025,SU2025-class 10,1,1905AIJAHE,,,5.4,7.9,Passed,10,6.5
SU2025,SU2025-class 10,2,1905AIJCIC,,,8.2,7.9,Passed,10,4.5
SU2025,SU2025-class 10,3,1905AIBGEB,,,7.4,9.5,Passed,10,10
SU2025,SU2025-class 10,4,1905AIJBEH,,,8.4,6.2,Passed,6,3.5
SU2025,SU2025-class 10,5,1905AFAEAG,,,0,0,Attendance Fail,0,0
SU2025,SU2025-class 10,6,1905AGBDCE,,,0,0.8,Attendance Fail,0,0
SU2025,SU2025-class 10,7,1905AIDFAA,,,0,1,Attendance Fail,0,0.5
SU2025,SU2025-class 10,8,1905AIFBDJ,,,7.4,9.3,Passed,10,10
SU2025,SU2025-class 10,9,1905AIJBAG,,,0,3.4,Attendance Fail,0,8.5
SU2025,SU2025-class 10,10,1905AICHCA,,,8,9.6,Passed,10,10
SU2025,SU2025-class 10,11,1905AIJCFE,,,6.2,5.2,Passed,5,4
SU2025,SU2025-class 10,12,1905AGADEA,,,0,0,Attendance Fail,0,0
SU2025,SU2025-class 10,13,1905AIDFAJ,,,6.4,2.9,Not Passed,2,0
SU2025,SU2025-class 10,14,1905AIJDJE,,,0,0,Attendance Fail,0,0
SU2025,SU2025-class 10,15,1905AIJBDG,,,0,3.9,Attendance Fail,0,10
SU2025,SU2025-class 10,16,1905AIJABF,,,6.8,5.1,Passed,4,4
SU2025,SU2025-class 10,17,1905AICGEB,,,6,6.3,Passed,6,6
SU2025,SU2025-class 10,18,1905AIJAIH,,,6.6,5.9,Passed,2,10
SU2025,SU2025-class 10,19,1905AIDEDG,,,6,3.8,Not Passed,2,3
SU2025,SU2025-class 10,20,1905AIDGAG,,,0,0.8,Not Passed,0,0
SU2025,SU2025-class 10,21,1905AIJCHD,,,8.2,8.3,Passed,10,6
SU2025,SU2025-class 10,22,1905AHCDCB,,,0,1.4,Not Passed,1,1
SU2025,SU2025-class 10,23,1905AIJCFF,,,6.8,5.8,Passed,6,3.5
SU2025,SU2025-class 10,24,1905AIJAHG,,,7.4,9.4,Passed,10,10
SU2025,SU2025-class 10,25,1905AIJCFJ,,,7.6,4.8,Not Passed,3,3.5
SU2025,SU2025-class 10,26,1905AIJAGE,,,7.6,7.9,Passed,6,9
SU2025,SU2025-class 10,27,1905AIDEEI,,,7,6,Passed,2,10
SU2025,SU2025-class 10,28,1905AFAIEA,,,5.6,3.6,Not Passed,0.5,4.5
SU2025,SU2025-class 10,29,1905AHBFEA,,,0,0,Attendance Fail,0,0
SU2025,SU2025-class 10,30,1905AIJDAA,,,0,2.6,Not Passed,2,3.5
SU2025,SU2025-class 10,31,1905AIDFDC,,,0,0,Attendance Fail,0,0
SU2025,SU2025-class 10,32,1905AGJDHG,,,4.2,4.1,Not Passed,0.5,6.5
SU2025,SU2025-class 10,33,1905AIJBAH,,,8,4.7,Not Passed,3,4
SU2025,SU2025-class 10,34,1905AIJBIE,,,0,2.7,Not Passed,2,4
SU2025,SU2025-class 10,35,1905AICHBE,,,4.8,7.2,Passed,10,4
SU2025,SU2025-class 10,,,,,0.428571429,,,0.628571429,0.428571429
SU2025,SU2025-class 11,1,1905AIJEGB,,,8,8.5,Passed,9,8
SU2025,SU2025-class 11,2,1905AGABFC,,,5.8,5.1,Passed,7,0.5
SU2025,SU2025-class 11,3,1905AIDAGD,,,9.4,6,Passed,7,1
SU2025,SU2025-class 11,4,1905AHAIBF,,,5.4,6,Passed,9,1
SU2025,SU2025-class 11,5,1905AICBHA,,,8.4,8.7,Passed,9,8
SU2025,SU2025-class 11,6,1905AGJBDE,,,4.8,5,Passed,7,0.5
SU2025,SU2025-class 11,7,1905AIJGAJ,,,8.8,9.4,Passed,9,10
SU2025,SU2025-class 11,8,1905AIJFDC,,,5.2,5.4,Passed,8.5,0.5
SU2025,SU2025-class 11,9,1905AIJGBE,,,0,0.5,Attendance Fail,0,0
SU2025,SU2025-class 11,10,1905AIJEEB,,,7.4,6.8,Passed,8,4
SU2025,SU2025-class 11,11,1905AIJFJH,,,6.6,4.3,Not Passed,5,0
SU2025,SU2025-class 11,12,1905AIDGEA,,,0,0.5,Attendance Fail,0,0
SU2025,SU2025-class 11,13,1905AICJDB,,,7.2,7.1,Passed,8.5,4.5
SU2025,SU2025-class 11,14,1905AIBDAH,,,5.6,6.5,Passed,8,4.5
SU2025,SU2025-class 11,15,1905AIJEJG,,,6,7.6,Passed,8.5,7
SU2025,SU2025-class 11,16,1905AIJHEE,,,8.4,8.1,Passed,9,6.5
SU2025,SU2025-class 11,17,1905AIJEHF,,,7.8,7.8,Passed,9,5.5
SU2025,SU2025-class 11,18,1905AFAFGA,,,7.4,7,Passed,8,5
SU2025,SU2025-class 11,19,1905AHBHAB,,,6,8.4,Passed,8,10
SU2025,SU2025-class 11,20,1905AIJHGH,,,5.4,6.2,Passed,8,3.5
SU2025,SU2025-class 11,21,1905AIJHCH,,,5.8,8.2,Passed,10,7.5
SU2025,SU2025-class 11,22,1905AHCIAA,,,6.2,6.2,Passed,7,4
SU2025,SU2025-class 11,23,1905AIJGDB,,,4.2,6.6,Passed,8,5.5
SU2025,SU2025-class 11,24,1905AHDIHC,,,4.8,5.3,Not Passed,8,3.5
SU2025,SU2025-class 11,25,1905AHDGDF,,,5.2,6.2,Passed,8,3.5
SU2025,SU2025-class 11,26,1905AICIAA,,,5,5.8,Passed,7,3.5
SU2025,SU2025-class 11,27,1905AGAAFB,,,6.2,6.5,Passed,8,4
SU2025,SU2025-class 11,28,1905AIJFJD,,,7,5.7,Not Passed,8.5,0
SU2025,SU2025-class 11,29,1905AICGHD,,,0,0,Attendance Fail,0,0
SU2025,SU2025-class 11,30,1905AHJGBJ,,,0,0.4,Attendance Fail,0,0
SU2025,SU2025-class 11,31,1905AHDICD,,,0,3.7,Attendance Fail,8,0
SU2025,SU2025-class 11,32,1905AICDEB,,,8.6,9.5,Passed,10,9.5
SU2025,SU2025-class 11,33,1905AFBJGD,,,0,4.3,Not Passed,8,0.5
SU2025,SU2025-class 11,34,1905AIJIIA,,,6,7.8,Passed,8,8
SU2025,SU2025-class 11,35,1905AHAHDG,,,6.6,5.6,Passed,8,0.5
SU2025,SU2025-class 11,36,1905AEAAHI,,,0,0.4,Attendance Fail,0,0
SU2025,SU2025-class 11,,,,,0.388888889,,,0.138888889,0.527777778
SU2025,SU2025-class 12,1,1905AIAJDC,,,6.2,5.2,Passed,5,3.5
SU2025,SU2025-class 12,2,1905AHDAGG,,,0,1.3,Attendance Fail,0,0
SU2025,SU2025-class 12,3,1905AHCCHJ,,,5.2,4.6,Not Passed,5,2
SU2025,SU2025-class 12,4,1905AIDECC,,,6.4,7,Passed,5,9.5
SU2025,SU2025-class 12,5,1905AIAJFG,,,0,1,Attendance Fail,0,0
SU2025,SU2025-class 12,6,1905AICHDE,,,0,1.2,Attendance Fail,0,0
SU2025,SU2025-class 12,7,1905AIJJDG,,,8.6,6.9,Passed,5,7.5
SU2025,SU2025-class 12,8,1905AIBGAI,,,0,3,Attendance Fail,6,0
SU2025,SU2025-class 12,9,1905AIAJHB,,,0,1,Attendance Fail,0,0
SU2025,SU2025-class 12,10,1905AHAIDE,,,6.2,6.3,Passed,6,6.4
SU2025,SU2025-class 12,11,1905AIJIJJ,,,7.4,5.7,Passed,6,3.5
SU2025,SU2025-class 12,12,1905AIJGJH,,,6,6.2,Passed,5,6.5
SU2025,SU2025-class 12,13,1919AHJJFI,,,7.8,6.8,Passed,5,7.5
SU2025,SU2025-class 12,14,1905AIAAJD,,,0,1,Attendance Fail,0,0
SU2025,SU2025-class 12,15,1905AHJCJG,,,0,1,Attendance Fail,0,0
SU2025,SU2025-class 12,16,1905AHAIHD,,,5.8,6,Passed,6,6
SU2025,SU2025-class 12,17,1905AHBCBJ,,,0,1.4,Attendance Fail,0,0
SU2025,SU2025-class 12,18,1905AIBJBJ,,,0,1,Attendance Fail,0,0
SU2025,SU2025-class 12,19,1905AIJIEG,,,6.4,5.7,Passed,5,5
SU2025,SU2025-class 12,20,1905AIBJCE,,,0,2.9,Attendance Fail,5,0.5
SU2025,SU2025-class 12,21,1905AFJBFA,,,0,1,Attendance Fail,0,0
SU2025,SU2025-class 12,22,1905AICAGH,,,0,1,Attendance Fail,0,0
SU2025,SU2025-class 12,23,1905AHCAIC,,,0,1,Attendance Fail,0,0
SU2025,SU2025-class 12,24,1905AIJICJ,,,8,6.5,Passed,5,6.5
SU2025,SU2025-class 12,25,1905AHCJBJ,,,0,1,Attendance Fail,0,0
SU2025,SU2025-class 12,26,1905AHDHID,,,7.2,6.3,Passed,5,6.5
SU2025,SU2025-class 12,27,1905AIAJDD,,,7.4,5.9,Passed,6,4
SU2025,SU2025-class 12,28,1905AIJIDF,,,0,3.1,Attendance Fail,6,0.4
SU2025,SU2025-class 12,29,1905AIDJJA,,,8,6.8,Passed,5,7.5
SU2025,SU2025-class 12,30,1905AHCFIC,,,5.6,5.7,Passed,8.4,2
SU2025,SU2025-class 12,31,1905AHAHJJ,,,0,1,Attendance Fail,0,0
SU2025,SU2025-class 12,32,1905AIJIEE,,,8.4,7,Passed,6,7
SU2025,SU2025-class 12,33,1905AFAHFG,,,5.2,2.2,Not Passed,0,0
SU2025,SU2025-class 12,34,1905AIDHEE,,,0,1,Attendance Fail,0,0
SU2025,SU2025-class 12,35,1905AICFFB,,,0,1,Attendance Fail,0,0
SU2025,SU2025-class 12,,,,,0.514285714,,,0.457142857,0.657142857
SU2025,SU2025-class 13,1,1905AIBAHD,,,5,6.5,Passed,9,4.5
SU2025,SU2025-class 13,2,1905AIBAJF,,,5.4,6.8,Passed,7.5,6
SU2025,SU2025-class 13,3,1905AIBCJF,,,4.2,5.4,Passed,7.5,3
SU2025,SU2025-class 13,4,1905AIBAHG,,,7.4,7.3,Passed,7.5,6
SU2025,SU2025-class 13,5,1905AGBCBD,,,5.6,6.7,Passed,9.5,3
SU2025,SU2025-class 13,6,1905AIBBEA,,,7.4,8.4,Passed,10,6.5
SU2025,SU2025-class 13,7,1905AIBBDH,,,7.2,8.2,Passed,10,6
SU2025,SU2025-class 13,8,1905AHDHBJ,,,0,1.3,Attendance Fail,1,0.5
SU2025,SU2025-class 13,9,1905AIBADG,,,6.4,5.8,Passed,9,0.5
SU2025,SU2025-class 13,10,1905AIBAIE,,,7.6,8.7,Passed,9,8.5
SU2025,SU2025-class 13,11,1905AIBJGH,,,6,6.6,Passed,9,4
SU2025,SU2025-class 13,12,1905AIDJDD,,,8.6,8.9,Passed,9.5,8
SU2025,SU2025-class 13,13,1905AIBBIJ,,,7,8.5,Passed,9.5,8
SU2025,SU2025-class 13,14,1905AIBBEJ,,,6.6,7.4,Passed,10,3.5
SU2025,SU2025-class 13,15,1905AIBAID,,,6,7,Passed,9,4
SU2025,SU2025-class 13,16,1905AIBAJD,,,6.8,5,Passed,7,1
SU2025,SU2025-class 13,17,1905AIBBAG,,,5.8,6.8,Passed,7.5,7
SU2025,SU2025-class 13,18,1905AGAEID,,,3.8,4.1,Not Passed,8.5,0.5
SU2025,SU2025-class 13,19,1905AHDJHB,,,8.8,7.6,Passed,6,10
SU2025,SU2025-class 13,20,1905AIBCJJ,,,5.8,7.3,Passed,7.5,7
SU2025,SU2025-class 13,21,1905AIBBGA,,,6.4,6.9,Passed,7.5,5.5
SU2025,SU2025-class 13,22,1905AIDGEG,,,6.2,6.5,Passed,8.5,3.5
SU2025,SU2025-class 13,23,1905AIBAIJ,,,7.4,6.7,Passed,7.5,4
SU2025,SU2025-class 13,24,1905ACJEJC,,,6.2,5.1,Passed,7.5,0.5
SU2025,SU2025-class 13,25,1905AIBBCF,,,6.4,5.3,Passed,7.5,0.5
SU2025,SU2025-class 13,26,1905AIAAAH,,,6.2,4.4,Not Passed,7.5,0
SU2025,SU2025-class 13,27,1905AIBAAA,,,5.6,8.7,Passed,9,10
SU2025,SU2025-class 13,28,1905AIBABE,,,5.8,5,Not Passed,8.5,0
SU2025,SU2025-class 13,29,1905AIBFDJ,,,6.6,6.5,Passed,7.5,4
SU2025,SU2025-class 13,30,1905AIBBFD,,,5.6,5.9,Passed,7.5,3.5
SU2025,SU2025-class 13,31,1905AIDHJA,,,8.2,7.9,Passed,8.5,6.3
SU2025,SU2025-class 13,32,1905AIBABH,,,4.8,4.6,Not Passed,8,0
SU2025,SU2025-class 13,33,1905AICEHH,,,4.8,6.4,Passed,10,3
SU2025,SU2025-class 13,34,1905AIBBDG,,,0,3.3,Not Passed,7,0
SU2025,SU2025-class 13,35,1905AICFJD,,,6.8,8.3,Passed,10,7
SU2025,SU2025-class 13,36,1905AHCBCD,,,8.8,7.6,Passed,8.5,5
SU2025,SU2025-class 13,,,,,0.222222222,,,0.027777778,0.444444444
SU2025,SU2025-class 14,1,1905AIDIDA,,,5.2,4,Not Passed,5,0.5
SU2025,SU2025-class 14,2,1905AIJHAB,,,0,0.1,Attendance Fail,0,0
SU2025,SU2025-class 14,3,1905AGBDGB,,,0,0.2,Attendance Fail,0,0
SU2025,SU2025-class 14,4,1905AIBCJI,,,8.2,9.2,Passed,9,10
SU2025,SU2025-class 14,5,0305AHJGIC,,,0,0,Attendance Fail,0,0
SU2025,SU2025-class 14,6,1905AIBDAA,,,0,0.7,Attendance Fail,0,0
SU2025,SU2025-class 14,7,1905AGBGCF,,,4.4,4.5,Not Passed,4,4
SU2025,SU2025-class 14,8,1905AFACGE,,,0,0,Attendance Fail,0,0
SU2025,SU2025-class 14,9,1905AGCAAJ,,,0,2,Not Passed,2,0.5
SU2025,SU2025-class 14,10,1905AIBDAC,,,0,0.1,Attendance Fail,0,0
SU2025,SU2025-class 14,11,1905AHCIJA,,,5.4,2.8,Not Passed,2,1
SU2025,SU2025-class 14,12,1905AIBEAD,,,0,0.6,Attendance Fail,0,0
SU2025,SU2025-class 14,13,1905AHBHAI,,,0,0.2,Attendance Fail,0,0
SU2025,SU2025-class 14,14,1905AHDDCC,,,5.4,3,Not Passed,2,0.5
SU2025,SU2025-class 14,15,1905AIJEGD,,,0,1.5,Not Passed,2,0.5
SU2025,SU2025-class 14,16,1905AHBHGH,,,4.2,3,Not Passed,3,0
SU2025,SU2025-class 14,17,1919AHAJCJ,,,0,0.1,Attendance Fail,0,0
SU2025,SU2025-class 14,18,1905AIDDJB,,,0,1.8,Not Passed,2,0.5
SU2025,SU2025-class 14,19,1905AIBCCF,,,7.4,6.9,Passed,9,3
SU2025,SU2025-class 14,20,1905AGBJCE,,,0,0.9,Attendance Fail,0,0
SU2025,SU2025-class 14,21,1905AFJHEH,,,3.8,2.7,Not Passed,2,0
SU2025,SU2025-class 14,22,1905AIDEBF,,,0,0.6,Attendance Fail,1,0
SU2025,SU2025-class 14,23,1905AGJBGF,,,0,0,Attendance Fail,0,0
SU2025,SU2025-class 14,24,1905AIBCEC,,,6.8,4.7,Not Passed,2,4
SU2025,SU2025-class 14,25,1905AIBFJJ,,,0,1.3,Not Passed,0,1
SU2025,SU2025-class 14,26,1905AGCDBE,,,4.4,5.2,Passed,7,4
SU2025,SU2025-class 14,27,1905AGJBIH,,,0,0.9,Attendance Fail,0,0
SU2025,SU2025-class 14,28,1905AIJEFJ,,,0,1.2,Not Passed,0,0
SU2025,SU2025-class 14,29,1905AIBCDB,,,7.8,7.2,Passed,6,7
SU2025,SU2025-class 14,30,1905AIJIIB,,,8.8,5.2,Passed,2,4.5
SU2025,SU2025-class 14,31,1905AIBCEJ,,,0,0.8,Attendance Fail,0,0
SU2025,SU2025-class 14,32,1905AIBCID,,,8.4,7.2,Passed,3,10
SU2025,SU2025-class 14,33,1905AIBCFJ,,,6,5.7,Passed,7,4
SU2025,SU2025-class 14,34,1905AHBHEC,,,0,1.1,Attendance Fail,1,0
SU2025,SU2025-class 14,35,1905AIBCEB,,,7.8,7.4,Passed,4,10
SU2025,SU2025-class 14,,,,,0.685714286,,,0.828571429,0.742857143
SU2025,SU2025-class 15,1,1905AIBGAH,,,7.6,7.7,Passed,8,6.5
SU2025,SU2025-class 15,2,1905AIBGAF,,,6,9,Passed,10,10
SU2025,SU2025-class 15,3,1905AHBDDF,,,8,8.8,Passed,10,8
SU2025,SU2025-class 15,4,1905AHAHFJ,,,8.6,8,Passed,10,4.5
SU2025,SU2025-class 15,5,1905AIBIAJ,,,6.4,7.3,Passed,8,6.5
SU2025,SU2025-class 15,6,1905AHBCDF,,,6.4,8.1,Passed,9.5,7
SU2025,SU2025-class 15,7,1905AHDJDD,,,0,1.5,Attendance Fail,1,0
SU2025,SU2025-class 15,8,1705AGJAGI,,,0,0,Attendance Fail,0,0
SU2025,SU2025-class 15,9,1905AHBDBD,,,8.4,9.1,Passed,9,9.5
SU2025,SU2025-class 15,10,1905AIBFEJ,,,7.2,6.9,Passed,8,5
SU2025,SU2025-class 15,11,1905AIBFDG,,,6.2,7.1,Passed,8,6
SU2025,SU2025-class 15,12,1905AIDFHH,,,7.8,7.2,Passed,8.5,4.5
SU2025,SU2025-class 15,13,1905AIBFGF,,,5.4,6.8,Passed,9.5,4.5
SU2025,SU2025-class 15,14,1905AHJDAD,,,6.6,8.4,Passed,10,8
SU2025,SU2025-class 15,15,1905AIDGHI,,,5.4,7.1,Passed,6.5,7.5
SU2025,SU2025-class 15,16,1905AIBHCG,,,5.8,6.3,Passed,8,3.5
SU2025,SU2025-class 15,17,1905AIBHJD,,,6.6,6.9,Passed,8,5
SU2025,SU2025-class 15,18,1905AIBFFE,,,8,6.1,Passed,6.5,3.5
SU2025,SU2025-class 15,19,1905AICBID,,,6,6,Passed,6.5,3.5
SU2025,SU2025-class 15,20,1905AIBHCD,,,7,6.6,Passed,8,3.5
SU2025,SU2025-class 15,21,1905AIBIGH,,,7.2,6.6,Passed,8,4
SU2025,SU2025-class 15,22,1905AHBBIA,,,5.8,7,Passed,9,4.5
SU2025,SU2025-class 15,23,1905AIBFEH,,,7.4,9,Passed,9.5,9.5
SU2025,SU2025-class 15,24,1905AIBFCJ,,,6.6,6.5,Passed,7.5,3.5
SU2025,SU2025-class 15,25,1905AICJJH,,,8.6,8.6,Passed,9.5,7.5
SU2025,SU2025-class 15,26,1905AHJEGB,,,4.8,4.4,Not Passed,6.5,0
SU2025,SU2025-class 15,27,1905AIBGEE,,,6.2,9,Passed,9.5,10
SU2025,SU2025-class 15,28,1905AIBGJA,,,5.4,6,Passed,6.5,4
SU2025,SU2025-class 15,29,1905AIBGBH,,,8,9.2,Passed,9.5,9.5
SU2025,SU2025-class 15,30,1905AICHCD,,,7.8,8.6,Passed,9.5,7.5
SU2025,SU2025-class 15,31,1905AHBJJE,,,8.6,7.1,Passed,7.5,5
SU2025,SU2025-class 15,32,1905AIBHFF,,,6,6.8,Passed,10,4
SU2025,SU2025-class 15,33,1905AIBJEH,,,5,5.6,Passed,8.5,1
SU2025,SU2025-class 15,34,1905AIBGGI,,,6.6,6.4,Passed,6.5,5
SU2025,SU2025-class 15,35,1905AICDHG,,,6.6,7.3,Passed,8,6.5
SU2025,SU2025-class 15,,,,,0.142857143,,,0.057142857,0.257142857
SU2025,SU2025-class 16,1,1905AHDIEB,,,0,0,Attendance Fail,0,0
SU2025,SU2025-class 16,2,1905AHCGBI,,,0,2.7,Not Passed,2,3.8
SU2025,SU2025-class 16,3,1905AIBHEJ,,,6.8,5.3,Passed,2.4,7
SU2025,SU2025-class 16,4,1905AIJHFB,,,8.4,9.4,Passed,9.6,9.8
SU2025,SU2025-class 16,5,1905AICJJJ,,,7.2,9.3,Passed,10,9.5
SU2025,SU2025-class 16,6,1905AIJBIH,,,5.4,4.1,Not Passed,2.4,4
SU2025,SU2025-class 16,7,1905AICBFD,,,9.4,5.4,Passed,2.4,5.5
SU2025,SU2025-class 16,8,1905AICCCF,,,6.2,8.6,Passed,10,8
SU2025,SU2025-class 16,9,1905AIAJJI,,,0,1.4,Attendance Fail,0,2
SU2025,SU2025-class 16,10,1905AIFBGB,,,7,6.4,Not Passed,10,0
SU2025,SU2025-class 16,11,1905AIJEGG,,,7.8,5.4,Passed,3.6,5
SU2025,SU2025-class 16,12,1905AICCIB,,,0,0,Not Passed,0,0
SU2025,SU2025-class 16,13,1905AIJEGC,,,8,7.4,Passed,8.4,4.5
SU2025,SU2025-class 16,14,1905AHBHGI,,,0,1.8,Not Passed,2.4,0
SU2025,SU2025-class 16,15,1905AIJAHB,,,7.4,7,Passed,10,5
SU2025,SU2025-class 16,16,1905AIBJAE,,,8,6.8,Passed,10,1
SU2025,SU2025-class 16,17,1905AIJEHA,,,8.2,8.6,Passed,10,6.5
SU2025,SU2025-class 16,18,1905AIDJFH,,,7,9.4,Passed,10,10
SU2025,SU2025-class 16,19,1905AIJCGG,,,0,2.7,Not Passed,2,3.2
SU2025,SU2025-class 16,20,1905AIJECF,,,0,3.1,Not Passed,2.4,4
SU2025,SU2025-class 16,21,1905AIBIIC,,,7.4,6.4,Passed,6,4
SU2025,SU2025-class 16,22,1905AIBIFB,,,8.4,5.2,Passed,2.4,5.5
SU2025,SU2025-class 16,23,1905AIBEAE,,,8,5.7,Passed,2.4,7.5
SU2025,SU2025-class 16,24,1905AIJGAF,,,0,1.8,Not Passed,2.4,0
SU2025,SU2025-class 16,25,1905AIJHBE,,,7.8,5.8,Passed,2.4,8
SU2025,SU2025-class 16,26,1905AHCCAI,,,6.2,5.2,Passed,2.4,7
SU2025,SU2025-class 16,27,1905AICJCA,,,7.4,5.3,Passed,6,0.5
SU2025,SU2025-class 16,28,1905AIJEHE,,,8.2,8.3,Passed,10,5.5
SU2025,SU2025-class 16,29,1905AIJHII,,,7.2,6.1,Passed,2.4,7
SU2025,SU2025-class 16,30,1905AIBIIH,,,0,2.4,Not Passed,2.4,2
SU2025,SU2025-class 16,31,1905AIBIGI,,,7,6.5,Passed,6,4.5
SU2025,SU2025-class 16,32,1905AIJFJG,,,8.2,7.2,Passed,7.2,5
SU2025,SU2025-class 16,33,1905AIBIBE,,,7.2,6,Passed,3.6,7
SU2025,SU2025-class 16,34,1905AGBGBB,,,0,0,Attendance Fail,0,0
SU2025,SU2025-class 16,35,1905AIJGJG,,,7.6,9.2,Passed,10,9
SU2025,SU2025-class 16,,,,,0.314285714,,,0.571428571,0.342857143
SU2025,SU2025-class 17,1,1905AICCJF,,,6.6,6.1,Passed,5,6.5
SU2025,SU2025-class 17,2,1905AHCIFA,,,5.4,4.3,Not Passed,5.5,0.5
SU2025,SU2025-class 17,3,1905AHCGCI,,,0,3.3,Attendance Fail,6.9,0
SU2025,SU2025-class 17,4,1905AIJEAA,,,8.4,8,Passed,6.8,9
SU2025,SU2025-class 17,5,1905AICDAF,,,8.2,6.1,Passed,5.1,5
SU2025,SU2025-class 17,6,1905AICCJJ,,,4.4,2.2,Not Passed,0,0
SU2025,SU2025-class 17,7,1905AIBIFD,,,5.6,4,Not Passed,5,0
SU2025,SU2025-class 17,8,1905AIJEJC,,,7,6.8,Passed,6,7
SU2025,SU2025-class 17,9,1905AIBIGF,,,6.6,4.4,Not Passed,5,0.5
SU2025,SU2025-class 17,10,1705AIJAEC,,,6.8,5.3,Passed,5,3.5
SU2025,SU2025-class 17,11,1905AICFBG,,,8.4,6.9,Passed,6,6.5
SU2025,SU2025-class 17,12,1905AIJJCG,,,8,5.9,Passed,6,3.5
SU2025,SU2025-class 17,13,1905AHJBIF,,,0,1,Attendance Fail,0,0
SU2025,SU2025-class 17,14,1905AICDHI,,,0,0,Attendance Fail,0,0
SU2025,SU2025-class 17,15,1905AGACHC,,,0,0,Attendance Fail,0,0
SU2025,SU2025-class 17,16,1905AICBIC,,,7.4,5.2,Passed,5,3
SU2025,SU2025-class 17,17,1905AHBGIF,,,0,1,Attendance Fail,0,0
SU2025,SU2025-class 17,18,1905AICEEI,,,7.8,6.8,Passed,6,6.5
SU2025,SU2025-class 17,19,1905AICFAG,,,8.6,7.8,Passed,6,9.5
SU2025,SU2025-class 17,20,1905AIBEEB,,,5,4,Not Passed,5,0.5
SU2025,SU2025-class 17,21,1905AIDHJE,,,6.8,5.7,Passed,6,4
SU2025,SU2025-class 17,22,1905AICBIF,,,5.8,6.2,Passed,6,6.5
SU2025,SU2025-class 17,23,1905AICDDE,,,5.4,4,Not Passed,5,0
SU2025,SU2025-class 17,24,1905AIAJCD,,,6.8,6.6,Passed,6,6.5
SU2025,SU2025-class 17,25,1905AIBFCG,,,7.8,7.1,Passed,5,8.5
SU2025,SU2025-class 17,26,1905AICFDA,,,7.2,6.9,Passed,6.4,7
SU2025,SU2025-class 17,27,1905AICEBG,,,4.8,4.1,Not Passed,6,0
SU2025,SU2025-class 17,28,1905AICEEE,,,6.2,5.5,Passed,6,3.5
SU2025,SU2025-class 17,29,1905AHBJJB,,,0,1,Attendance Fail,0,0
SU2025,SU2025-class 17,30,1905AICDEH,,,8.2,6.2,Passed,5,6
SU2025,SU2025-class 17,31,1905AICBBI,,,6.8,5.4,Passed,6,2.8
SU2025,SU2025-class 17,32,1905AIJJHC,,,7.6,7.2,Passed,6,8
SU2025,SU2025-class 17,33,1905AICDHE,,,0,0,Attendance Fail,0,0
SU2025,SU2025-class 17,34,1905AIAJFE,,,7.4,5.9,Passed,5,5.5
SU2025,SU2025-class 17,35,1905AICDHF,,,7.6,6.7,Passed,6,6.5
SU2025,SU2025-class 17,,,,,0.257142857,,,0.2,0.542857143
SU2025,SU2025-class 18,1,1905AICGHC,,,8.4,6.7,Passed,5,7
SU2025,SU2025-class 18,2,1905AIBEEE,,,7.2,5.2,Passed,5,3.5
SU2025,SU2025-class 18,3,1905AIJGIF,,,6,5.3,Passed,6,3.3
SU2025,SU2025-class 18,4,1905AIJAAA,,,8,6.8,Passed,6,7
SU2025,SU2025-class 18,5,1905AICGCD,,,8,6.3,Passed,6,5
SU2025,SU2025-class 18,6,1905AHJAGC,,,0,0,Attendance Fail,0,0
SU2025,SU2025-class 18,7,1905AIJADE,,,7.8,6,Passed,6,3.5
SU2025,SU2025-class 18,8,1905AICGAI,,,6.8,5.8,Passed,6,4
SU2025,SU2025-class 18,9,1905AIDFGC,,,8,5.6,Passed,5,3.5
SU2025,SU2025-class 18,10,1905AICGCH,,,0,4.1,Attendance Fail,6.4,3.5
SU2025,SU2025-class 18,11,1905AICEIA,,,7.2,5.6,Passed,6,3.5
SU2025,SU2025-class 18,12,1905AICJEA,,,0,1,Attendance Fail,0,0
SU2025,SU2025-class 18,13,1905AIFBDC,,,7.4,6.9,Passed,6,7
SU2025,SU2025-class 18,14,1905AICFCH,,,8.2,6.5,Passed,6,4.8
SU2025,SU2025-class 18,15,1905AGBADC,,,0,0,Attendance Fail,0,0
SU2025,SU2025-class 18,16,1905AIBJDC,,,7.8,6.1,Passed,7,3.8
SU2025,SU2025-class 18,17,1905AIBHFG,,,7.8,5.9,Passed,6,3.8
SU2025,SU2025-class 18,18,1905AIJCCB,,,6.6,6.5,Passed,6,6.8
SU2025,SU2025-class 18,19,1905AICFGA,,,6.2,5,Passed,5,3
SU2025,SU2025-class 18,20,1905AIJIFI,,,7.2,5.5,Passed,5,4
SU2025,SU2025-class 18,21,1905AIBABD,,,5.8,5.1,Passed,5,3.5
SU2025,SU2025-class 18,22,1905AIJAFE,,,7.8,5.1,Passed,5,2.5
SU2025,SU2025-class 18,23,1905AHDJJJ,,,0,1,Attendance Fail,0,0
SU2025,SU2025-class 18,24,1905AIBJDI,,,8.4,7.1,Passed,6.4,7
SU2025,SU2025-class 18,25,1905AHDCEF,,,0,1,Attendance Fail,0,0
SU2025,SU2025-class 18,26,1905AHDGFA,,,5.6,4.2,Not Passed,6.3,0
SU2025,SU2025-class 18,27,1905AIJJDD,,,7.6,5.9,Passed,6,3.5
SU2025,SU2025-class 18,28,1905AHDAFD,,,8.4,6.2,Passed,6,4
SU2025,SU2025-class 18,29,1905AICCEE,,,6,5.4,Passed,6,3.5
SU2025,SU2025-class 18,30,1905AHJBHI,,,6.8,5.6,Passed,6,3.5
SU2025,SU2025-class 18,31,1905AHBBAC,,,4.6,4,Not Passed,6,0
SU2025,SU2025-class 18,32,0305AIJEHI,,,8.2,5.8,Passed,5,4
SU2025,SU2025-class 18,33,1905AICFHG,,,7,5.5,Passed,6,3
SU2025,SU2025-class 18,34,1905AICEBI,,,6.4,5.7,Passed,6,4
SU2025,SU2025-class 18,35,1901AGJAEI,,,7.4,2.8,Not Passed,0,0
SU2025,SU2025-class 18,,,,,0.257142857,,,0.171428571,0.657142857
SU2025,SU2025-class 19,1,1905AIDGAD,,,7.4,9.4,Passed,10,10
SU2025,SU2025-class 19,2,1905AICGIH,,,7.8,8.5,Passed,10,7
SU2025,SU2025-class 19,3,1905AICBBD,,,6.4,6.5,Passed,9,2.5
SU2025,SU2025-class 19,4,1905AGCFGA,,,0,0,Attendance Fail,0,0
SU2025,SU2025-class 19,5,1905AICCJH,,,7,6.9,Passed,9,3
SU2025,SU2025-class 19,6,1905AHJDAE,,,0,0.4,Attendance Fail,0,0
SU2025,SU2025-class 19,7,1905AIDFCH,,,7.2,7.8,Passed,8,7.5
SU2025,SU2025-class 19,8,1905AHJDEI,,,0,0.7,Attendance Fail,0,1
SU2025,SU2025-class 19,9,1905AGCCBI,,,5,5.9,Passed,7,3.5
SU2025,SU2025-class 19,10,1905AIDEEG,,,6.8,8.8,Passed,9,10
SU2025,SU2025-class 19,11,1905AGCCEI,,,6,6.2,Passed,7,4
SU2025,SU2025-class 19,12,1905AGCEFH,,,0,0.9,Not Passed,0,0
SU2025,SU2025-class 19,13,1905AIBBDJ,,,6.2,6.3,Passed,7,4
SU2025,SU2025-class 19,14,1905AICIHI,,,7.8,7.1,Passed,9,3.5
SU2025,SU2025-class 19,15,1905AIDCBB,,,4.4,5.3,Not Passed,9,0
SU2025,SU2025-class 19,16,1905AICIHF,,,7.8,5.6,Passed,7,0.5
SU2025,SU2025-class 19,17,1905AGCDAE,,,0,2,Not Passed,0,4
SU2025,SU2025-class 19,18,1905AIDFBD,,,7.8,8.6,Passed,10,7
SU2025,SU2025-class 19,19,1905AHBCEF,,,0,4.2,Not Passed,8,0
SU2025,SU2025-class 19,20,1905AIDFFB,,,5.2,7.7,Passed,9,7
SU2025,SU2025-class 19,21,1905AICJIH,,,6.8,7.5,Passed,10,4
SU2025,SU2025-class 19,22,1905ADJIBI,,,5.2,4.6,Not Passed,7,0
SU2025,SU2025-class 19,23,1905AIDEEC,,,7,6.7,Passed,8,3.5
SU2025,SU2025-class 19,24,1905AICAEE,,,6.4,9.1,Passed,10,10
SU2025,SU2025-class 19,25,1905AHBHHD,,,0,0,Attendance Fail,0,0
SU2025,SU2025-class 19,26,1905AIDEHI,,,7.2,8.8,Passed,9,9.5
SU2025,SU2025-class 19,27,1905ADJCBE,,,0,0.4,Attendance Fail,0,0
SU2025,SU2025-class 19,28,1905AICADI,,,7.6,6.5,Passed,10,0.5
SU2025,SU2025-class 19,29,1905AFJIID,,,0,3.4,Attendance Fail,7,0
SU2025,SU2025-class 19,30,1905AIBIIF,,,0,3.5,Not Passed,7,0
SU2025,SU2025-class 19,31,1905AICGGI,,,7.8,7.7,Passed,10,4.5
SU2025,SU2025-class 19,32,1905AIDEIH,,,8.8,8.7,Passed,9,8
SU2025,SU2025-class 19,33,1905AEAACE,,,0,0,Attendance Fail,0,0
SU2025,SU2025-class 19,34,1905AHCBFI,,,5.2,5.2,Not Passed,8,0
SU2025,SU2025-class 19,35,1905AIDGAC,,,5,5.2,Not Passed,8,0
SU2025,SU2025-class 19,,,,,0.382352941,,,0.235294118,0.588235294
SU2025,SU2025-class 20,1,1905AGAHII,,,0,0.7,Attendance Fail,0,0
SU2025,SU2025-class 20,2,1905AIDACH,,,7.4,7.2,Passed,7.2,6.5
SU2025,SU2025-class 20,3,1905AIJBHC,,,7.4,8.2,Passed,10,6.5
SU2025,SU2025-class 20,4,1905AIDECI,,,0,2.1,Not Passed,3,0
SU2025,SU2025-class 20,5,1905AIDCEI,,,6.2,5.2,Not Passed,7.2,0
SU2025,SU2025-class 20,6,1905AIDBFD,,,6,7.5,Passed,7.2,8
SU2025,SU2025-class 20,7,1905AIFFBD,,,7.4,9.3,Passed,10,10
SU2025,SU2025-class 20,8,1905AIDBDE,,,7.4,5.2,Passed,3,3.5
SU2025,SU2025-class 20,9,1905AHBCGF,,,0,0.1,Attendance Fail,0,0
SU2025,SU2025-class 20,10,1905AIDBJC,,,6.4,6.7,Passed,8,4.5
SU2025,SU2025-class 20,11,1905AIDAIH,,,9.2,7.9,Passed,8.4,6
SU2025,SU2025-class 20,12,1905AIDAFI,,,6.4,6.4,Passed,8.4,3
SU2025,SU2025-class 20,13,1905AIDAGA,,,4.4,3.6,Not Passed,3,0.5
SU2025,SU2025-class 20,14,1905AHBCFG,,,0,0.1,Attendance Fail,0,0
SU2025,SU2025-class 20,15,1905AIDAGF,,,6,7.6,Passed,6,10
SU2025,SU2025-class 20,16,1905AIDABF,,,6.4,5,Passed,3,4.5
SU2025,SU2025-class 20,17,1905AIDBBC,,,0,3.5,Not Passed,3,3
SU2025,SU2025-class 20,18,1905AFAEBA,,,0,0.7,Attendance Fail,0,0
SU2025,SU2025-class 20,19,1905AIDJHB,,,7.4,5.7,Passed,3,6
SU2025,SU2025-class 20,20,1905AGAFBH,,,0,0.1,Attendance Fail,0,0
SU2025,SU2025-class 20,21,1905ACJBFI,,,0,0.1,Attendance Fail,0,0
SU2025,SU2025-class 20,22,1905AHAGFH,,,0,3.2,Not Passed,3,3.5
SU2025,SU2025-class 20,23,1905AIDAHA,,,8.8,6,Not Passed,8.4,0
SU2025,SU2025-class 20,24,1905AIDAJG,,,5.8,3.7,Not Passed,3,0
SU2025,SU2025-class 20,25,1905AHJGEB,,,0,2.4,Not Passed,4,0
SU2025,SU2025-class 20,26,1905AIDJHD,,,6.2,6.6,Passed,7.4,5
SU2025,SU2025-class 20,27,1905AIDAFF,,,4.8,3.6,Not Passed,3,0
SU2025,SU2025-class 20,28,1905AHCBJA,,,5.2,6.7,Passed,9.6,3.5
SU2025,SU2025-class 20,29,1905AIDBCF,,,0,2.1,Not Passed,3,0
SU2025,SU2025-class 20,30,1905AIBFDB,,,6.2,4.4,Not Passed,6,0
SU2025,SU2025-class 20,31,1905AHAHJH,,,8.4,8.6,Passed,10,7
SU2025,SU2025-class 20,32,1905AIBCHI,,,0,1.1,Attendance Fail,1,0
SU2025,SU2025-class 20,33,1905AIFEJB,,,8,6.7,Passed,5.5,6.5
SU2025,SU2025-class 20,34,1905AHDGIH,,,0,0.1,Attendance Fail,0,0
SU2025,SU2025-class 20,35,1905AICIDH,,,4.2,3.4,Not Passed,3,0
SU2025,SU2025-class 20,36,1905AIDAEI,,,5.4,5.3,Not Passed,8.5,0
SU2025,SU2025-class 20,,,,,0.416666667,,,0.527777778,0.638888889
SU2025,SU2025-class 21,1,1905AICIJE,,,8.2,9.5,Passed,10,10
SU2025,SU2025-class 21,2,1905AICAAI,,,8.8,8.7,Passed,10,7
SU2025,SU2025-class 21,3,1905AHJAHG,,,6.6,7.9,Passed,8,8
SU2025,SU2025-class 21,4,1905AIDCFI,,,7.2,7.2,Passed,10,3.5
SU2025,SU2025-class 21,5,1905AICBGD,,,6.4,7,Passed,10,3
SU2025,SU2025-class 21,6,1905AIDDJJ,,,5,5.4,Passed,8,0.5
SU2025,SU2025-class 21,7,1905AIJIJA,,,6.2,7,Passed,9,4
SU2025,SU2025-class 21,8,1905AHBAEA,,,9.2,9.1,Passed,8.5,9.5
SU2025,SU2025-class 21,9,1905AIBBAA,,,6.6,6.1,Not Passed,10,0
SU2025,SU2025-class 21,10,1905AICFHE,,,7,8.8,Passed,10,8.5
SU2025,SU2025-class 21,11,1905AICBFB,,,8.6,8.3,Passed,10,6
SU2025,SU2025-class 21,12,1905AICFAA,,,6.6,6.7,Passed,7.5,4.5
SU2025,SU2025-class 21,13,1905AIDHCB,,,6,6.8,Passed,10,3.5
SU2025,SU2025-class 21,14,1905AIBBCH,,,5.6,7.6,Passed,9.5,6
SU2025,SU2025-class 21,15,1905AGBDBI,,,7,5.3,Passed,6.3,1.5
SU2025,SU2025-class 21,16,1905AGCAFC,,,6.8,6.5,Passed,7.5,3.5
SU2025,SU2025-class 21,17,1905AIDHJJ,,,7.4,6.4,Passed,10,0.5
SU2025,SU2025-class 21,18,1905AGCJIC,,,5.2,8.1,Passed,7.8,9.5
SU2025,SU2025-class 21,19,1905AIBDGG,,,7.2,7.6,Passed,9.8,5
SU2025,SU2025-class 21,20,1905AGAIFE,,,6.8,6.8,Passed,8,4
SU2025,SU2025-class 21,21,1905AIDHGC,,,6.4,7.2,Passed,9.8,4
SU2025,SU2025-class 21,22,1905AGJDCJ,,,0,2,Attendance Fail,3.5,0
SU2025,SU2025-class 21,23,1905AHDCAI,,,8.2,5.9,Passed,8,0.5
SU2025,SU2025-class 21,24,1905AIBJFH,,,6.8,8,Passed,10,6
SU2025,SU2025-class 21,25,1905AHAIDA,,,5.4,4.8,Not Passed,6.5,0
SU2025,SU2025-class 21,26,1905AHCFJF,,,6.2,7.6,Passed,10,5
SU2025,SU2025-class 21,27,1905AIDIJJ,,,7.8,7.9,Passed,10,5.5
SU2025,SU2025-class 21,28,1905AHBCAB,,,6.8,7.2,Passed,8.5,5
SU2025,SU2025-class 21,29,1905AHCAAC,,,0,0,Attendance Fail,0,0
SU2025,SU2025-class 21,30,1905AGAIGF,,,6.2,5.4,Passed,3.5,4.5
SU2025,SU2025-class 21,31,1905AIFBHD,,,9.4,9,Passed,8,10
SU2025,SU2025-class 21,32,1905AIBIBH,,,0,0,Attendance Fail,0,0
SU2025,SU2025-class 21,33,1905AIBDJJ,,,7.8,7.6,Passed,9.5,4.5
SU2025,SU2025-class 21,34,1905AHAFII,,,6.6,7.2,Passed,8.5,5.5
SU2025,SU2025-class 21,35,1905AIBGAJ,,,5.8,6.1,Passed,6.3,4.5
SU2025,SU2025-class 21,,,,,0.235294118,,,0.117647059,0.382352941
SU2025,SU2025-class 22,1,1905AHDEHB,,,6.2,4.7,Not Passed,3.5,4.5
SU2025,SU2025-class 22,2,1905AIDIJB,,,6.6,5.4,Passed,5.5,4
SU2025,SU2025-class 22,3,1905AIDIDC,,,5.4,5.3,Passed,7,2.5
SU2025,SU2025-class 22,4,1905AIJAJB,,,8.6,5.7,Passed,5.3,4
SU2025,SU2025-class 22,5,1905AIFDJC,,,6.8,7.8,Passed,8.5,7.5
SU2025,SU2025-class 22,6,1905AHCCGH,,,9.2,5.2,Passed,6.3,0.5
SU2025,SU2025-class 22,7,1905AIFDBG,,,8,6.4,Passed,6.5,5
SU2025,SU2025-class 22,8,1905AIDIAE,,,8.2,5.2,Passed,5.5,2.5
SU2025,SU2025-class 22,9,1905AIJJGJ,,,8.6,6.9,Passed,6,7
SU2025,SU2025-class 22,10,1905AIJAEE,,,0,1.2,Attendance Fail,3,0
SU2025,SU2025-class 22,11,1905AICHAB,,,0,1.5,Attendance Fail,3,0
SU2025,SU2025-class 22,12,1905AICJIG,,,7,5.3,Passed,5.8,3.5
SU2025,SU2025-class 22,13,1905AIFDAA,,,8,6.9,Passed,8.3,4.5
SU2025,SU2025-class 22,14,1905AIFBEJ,,,6,5.1,Not Passed,7.8,0
SU2025,SU2025-class 22,15,1905AIBJIH,,,6.8,6.4,Passed,6.3,6
SU2025,SU2025-class 22,16,1905AICJDJ,,,7.6,7.6,Passed,7.8,7.5
SU2025,SU2025-class 22,17,1905AHEJIE,,,7.6,5.6,Passed,5.8,3.5
SU2025,SU2025-class 22,18,1905AHBGJA,,,5.2,5.3,Passed,6.5,3
SU2025,SU2025-class 22,19,1905AICJAC,,,5.8,5.9,Passed,7,4.5
SU2025,SU2025-class 22,20,1905AHDBBF,,,8.2,5.8,Passed,6,4
SU2025,SU2025-class 22,21,1905AIJAJD,,,7.6,6.5,Passed,7,5
SU2025,SU2025-class 22,22,1905AHCADG,,,5.8,6.5,Passed,7.5,5.5
SU2025,SU2025-class 22,23,1905AIBBAB,,,0,4.7,Not Passed,3,9.5
SU2025,SU2025-class 22,24,1905AHBGCE,,,8,5,Passed,6.3,0.5
SU2025,SU2025-class 22,25,1905AHAHCD,,,5.2,5.6,Passed,7.3,3
SU2025,SU2025-class 22,26,1905AIFBJB,,,4.8,5.4,Passed,6,4.5
SU2025,SU2025-class 22,27,1905AIFDBJ,,,6.8,5.2,Passed,7,1.5
SU2025,SU2025-class 22,28,1905AICJBE,,,7.6,5,Passed,5.3,2.5
SU2025,SU2025-class 22,29,1905AIFCAE,,,0,0,Attendance Fail,0,0
SU2025,SU2025-class 22,30,1905AICABI,,,8.2,7.4,Passed,6,9
SU2025,SU2025-class 22,31,1905AGBGIA,,,5.8,4.1,Not Passed,3,3.5
SU2025,SU2025-class 22,32,1905AICJEI,,,8.4,7.9,Passed,7.3,9
SU2025,SU2025-class 22,33,1905AIDIAH,,,7,6.6,Passed,7.3,5
SU2025,SU2025-class 22,34,1905AIBFEB,,,0,1.6,Attendance Fail,3,0
SU2025,SU2025-class 22,35,1905AIFDJA,,,7.6,6,Passed,8,2
SU2025,SU2025-class 22,,,,,0.352941176,,,0.205882353,0.470588235
SU2025,SU2025-class 23,1,1905AIBEEC,,,3.8,2.6,Not Passed,1,0.5
SU2025,SU2025-class 23,2,1905AIBEEG,,,6.2,7.1,Passed,6,7
SU2025,SU2025-class 23,3,1905AIFEIH,,,5.8,6.5,Passed,10,1
SU2025,SU2025-class 23,4,1905AICAJI,,,9.4,9.7,Passed,10,9.5
SU2025,SU2025-class 23,5,1905AIBFJE,,,7.6,7.6,Passed,10,4.5
SU2025,SU2025-class 23,6,1905AIFDIH,,,0,1.8,Not Passed,2,1
SU2025,SU2025-class 23,7,1905AGBFGC,,,0,0,Attendance Fail,0,0
SU2025,SU2025-class 23,8,1905AIFEJD,,,6.2,7.4,Passed,6,8
SU2025,SU2025-class 23,9,1905AIFFAJ,,,7,4.4,Not Passed,5,1
SU2025,SU2025-class 23,10,1905AIDAJC,,,0,1.6,Not Passed,1.5,0.8
SU2025,SU2025-class 23,11,1905AHBGFG,,,7,7.2,Passed,9.6,3.5
SU2025,SU2025-class 23,12,1905AIFFJJ,,,0,4.7,Attendance Fail,6,3.8
SU2025,SU2025-class 23,13,1905AIDGFI,,,8,9.3,Passed,10,9.5
SU2025,SU2025-class 23,14,1905AIFEID,,,0,1.7,Attendance Fail,0.5,1
SU2025,SU2025-class 23,15,1905AIFGBG,,,0,1.2,Attendance Fail,0,1
SU2025,SU2025-class 23,16,1905AHCEIB,,,0,0,Attendance Fail,0,0
SU2025,SU2025-class 23,17,1905AIDADH,,,8,9.2,Passed,10,8.5
SU2025,SU2025-class 23,18,1905AIBECA,,,8.6,9.7,Passed,10,10
SU2025,SU2025-class 23,19,1905AHCACC,,,0,0.2,Not Passed,0,0
SU2025,SU2025-class 23,20,1905AICBDD,,,0,0.6,Attendance Fail,0,0
SU2025,SU2025-class 23,21,1905AIFDIF,,,7.8,7.3,Passed,6,7
SU2025,SU2025-class 23,22,1905AIFFCJ,,,0,0.9,Attendance Fail,0,0
SU2025,SU2025-class 23,23,1905AIDBCC,,,8.2,8.6,Passed,10,7
SU2025,SU2025-class 23,24,1905AIFCBC,,,6,4.3,Not Passed,5,0.5
SU2025,SU2025-class 23,25,1905AHAHDF,,,6.4,6.2,Passed,6,4
SU2025,SU2025-class 23,26,1905AIDBHA,,,7.8,7.8,Passed,10,5
SU2025,SU2025-class 23,27,1905AIFEIJ,,,0,1.1,Attendance Fail,0,1
SU2025,SU2025-class 23,28,1905AIFFGC,,,0,0.8,Not Passed,0,0
SU2025,SU2025-class 23,29,1905AHCHID,,,0,2.5,Attendance Fail,2,2.8
SU2025,SU2025-class 23,30,1905AIFDBH,,,7.8,5.5,Passed,5,4
SU2025,SU2025-class 23,31,1905AIDJJG,,,7.4,8.3,Passed,10,6
SU2025,SU2025-class 23,32,1905AHDIHH,,,7,7.3,Passed,10,3
SU2025,SU2025-class 23,33,1905AIFFAA,,,6.6,5.2,Passed,5,4
SU2025,SU2025-class 23,34,1905AHCHIH,,,0,0,Attendance Fail,0,0
SU2025,SU2025-class 23,35,1905AIDBBF,,,5.6,7.6,Passed,10,5
SU2025,SU2025-class 23,,,,,0.457142857,,,0.4,0.571428571
SU2025,SU2025-class 24,1,1905AICBBB,,,0,2.6,Not Passed,3,0
SU2025,SU2025-class 24,2,1905AIDIJI,,,5.6,3.8,Not Passed,3,0.5
SU2025,SU2025-class 24,3,1905AIDGGG,,,6.4,7,Passed,9.6,3.5
SU2025,SU2025-class 24,4,1905AIDCBE,,,0,0.1,Attendance Fail,0,0
SU2025,SU2025-class 24,5,1905AHDEEB,,,0,2.7,Not Passed,3,0
SU2025,SU2025-class 24,6,1905AHBEAB,,,0,0.7,Attendance Fail,0,0
SU2025,SU2025-class 24,7,1905AHEJEI,,,9.4,6.9,Passed,3,10
SU2025,SU2025-class 24,8,1905AIBFJB,,,5.6,6.6,Passed,3,9.5
SU2025,SU2025-class 24,9,1905AIBIDG,,,8.2,8.4,Passed,10,7
SU2025,SU2025-class 24,10,1905AIDDGB,,,7.8,6.2,Passed,3,6.5
SU2025,SU2025-class 24,11,1905AIDBGG,,,7.4,5.7,Passed,5,3.5
SU2025,SU2025-class 24,12,1905AHBCJE,,,0,0.1,Attendance Fail,0,0
SU2025,SU2025-class 24,13,1905AIDDHE,,,0,3.7,Not Passed,8.5,0
SU2025,SU2025-class 24,14,1905AIDDBG,,,7.2,5.2,Passed,3,3.5
SU2025,SU2025-class 24,15,1905AGADBG,,,0,1.1,Attendance Fail,1,0
SU2025,SU2025-class 24,16,1905AHBDGE,,,0,0.1,Attendance Fail,0,0
SU2025,SU2025-class 24,17,1905AIDHIH,,,7.4,7.3,Passed,8.5,5
SU2025,SU2025-class 24,18,1905AICIGH,,,5.8,5,Passed,3,4
SU2025,SU2025-class 24,19,1905AIDBEF,,,6.6,8,Passed,8.4,8
SU2025,SU2025-class 24,20,1905AICCGA,,,0,2.6,Not Passed,3,0
SU2025,SU2025-class 24,21,1905AIDDBD,,,9.2,5.7,Passed,6.5,0.5
SU2025,SU2025-class 24,22,1905AIDGFH,,,6.6,5.1,Passed,3,3.5
SU2025,SU2025-class 24,23,1905AIDDGF,,,7.8,7.5,Passed,8.5,5.5
SU2025,SU2025-class 24,24,1905AIFBAD,,,7.2,5.9,Passed,3,6
SU2025,SU2025-class 24,25,1905AIDDHC,,,5.8,5.2,Passed,3,4.5
SU2025,SU2025-class 24,26,1905AIJJCA,,,5.6,6.1,Passed,3,10
SU2025,SU2025-class 24,27,1905AGACAD,,,7,6.8,Passed,3,10
SU2025,SU2025-class 24,28,1905AIJCBJ,,,6.6,6.3,Passed,3,10
SU2025,SU2025-class 24,29,1905AHJFFA,,,0,0.1,Attendance Fail,0,0
SU2025,SU2025-class 24,30,1905AIDBHI,,,4.4,5.8,Passed,5.5,5
SU2025,SU2025-class 24,31,1905AHDECE,,,4.4,5.8,Passed,3,8
SU2025,SU2025-class 24,32,1905AHEJDE,,,0,0.7,Attendance Fail,0,0
SU2025,SU2025-class 24,33,1905ADJCCD,,,0,0.1,Not Passed,0,0
SU2025,SU2025-class 24,34,1905AIFFDI,,,5.2,3.9,Not Passed,3,0.5
SU2025,SU2025-class 24,35,1905AIDBFA,,,6.8,8.3,Passed,10,7
SU2025,SU2025-class 24,,,,,0.457142857,,,0.714285714,0.542857143
SU2025,SU2025-class 25,1,1905AHDCJI,,,0,1.6,Attendance Fail,1,0
SU2025,SU2025-class 25,2,1905AIFFED,,,7.2,5.8,Passed,7.8,1
SU2025,SU2025-class 25,3,1905AIFCBG,,,7.6,7.6,Passed,9.5,5
SU2025,SU2025-class 25,4,1905AIJEJA,,,0,0.7,Attendance Fail,0,0
SU2025,SU2025-class 25,5,1905AIDJHJ,,,7.4,5,Passed,5.5,0.5
SU2025,SU2025-class 25,6,1905AICFBE,,,8,8.6,Passed,10,7.5
SU2025,SU2025-class 25,7,1905AIBBFG,,,5.2,3.7,Not Passed,3,0
SU2025,SU2025-class 25,8,1905AIAJIJ,,,6.8,7.6,Passed,10,5.5
SU2025,SU2025-class 25,9,1905AHJCEF,,,0,0.1,Attendance Fail,0,0
SU2025,SU2025-class 25,10,1905AIFFJA,,,0,2,Not Passed,3,0
SU2025,SU2025-class 25,11,1905AGBCCJ,,,0,2.1,Attendance Fail,3,0
SU2025,SU2025-class 25,12,1905AHCGIB,,,4,5.3,Passed,3,9
SU2025,SU2025-class 25,13,1905AHJJJC,,,6.2,6.2,Passed,6,7
SU2025,SU2025-class 25,14,1905AIFDCG,,,7.6,8.4,Passed,10,7
SU2025,SU2025-class 25,15,1905AHBDAH,,,9.4,6.3,Passed,0.5,8
SU2025,SU2025-class 25,16,1905AHCGJJ,,,0,0.5,Attendance Fail,0,0
SU2025,SU2025-class 25,17,1905AHBFJJ,,,7,5.4,Passed,3,4.5
SU2025,SU2025-class 25,18,1905AHDEIG,,,0,0.7,Attendance Fail,0,0
SU2025,SU2025-class 25,19,1905AHCFEC,,,0,2.2,Not Passed,3,0
SU2025,SU2025-class 25,20,1905AIBFIE,,,8.6,7.4,Passed,8.5,4.5
SU2025,SU2025-class 25,21,1905AHJGEI,,,0,0.7,Attendance Fail,0,0
SU2025,SU2025-class 25,22,1905AHDEIC,,,0,0.7,Attendance Fail,0,0
SU2025,SU2025-class 25,23,1905AHEJBC,,,0,0.1,Attendance Fail,0,0
SU2025,SU2025-class 25,24,1905AIFBIF,,,4.8,4.7,Not Passed,6.5,0
SU2025,SU2025-class 25,25,1905AHDCHE,,,0,0.7,Attendance Fail,0,0
SU2025,SU2025-class 25,26,1905AHBGBA,,,8.8,5.1,Passed,4,4.5
SU2025,SU2025-class 25,27,1905AICEAI,,,8.4,8,Passed,8.5,6.5
SU2025,SU2025-class 25,28,1905AHJJBH,,,7.6,4.5,Not Passed,3,3.5
SU2025,SU2025-class 25,29,1905AHCFJJ,,,0,0.1,Attendance Fail,0,0
SU2025,SU2025-class 25,30,1905AHJECA,,,0,0.7,Attendance Fail,0,0
SU2025,SU2025-class 25,31,1905AIFFEE,,,0,1.4,Attendance Fail,1,0
SU2025,SU2025-class 25,32,1905AIBJCA,,,8.2,7.8,Passed,8.4,6.5
SU2025,SU2025-class 25,33,1905AFAFCJ,,,0,0.1,Attendance Fail,0,0
SU2025,SU2025-class 25,34,1905ADJGFG,,,0,0.1,Not Passed,0,0
SU2025,SU2025-class 25,35,0305AIAFHF,,,8.2,7.9,Passed,10,5
SU2025,SU2025-class 25,,,,,0.6,,,0.657142857,0.628571429
SU2025,SU2025-class 26,1,1905AIJFBG,,,7.8,5.3,Passed,3,3.5
SU2025,SU2025-class 26,2,1905AICGFG,,,6.8,5.1,Passed,2,4
SU2025,SU2025-class 26,3,1905AIBGEI,,,0,0.5,Attendance Fail,0,0
SU2025,SU2025-class 26,4,1905AHBEJH,,,8,5.5,Passed,2,5
SU2025,SU2025-class 26,5,1905AICFAB,,,7,6.3,Passed,6,4
SU2025,SU2025-class 26,6,1905AHDAAH,,,5.2,5.6,Passed,2,7.5
SU2025,SU2025-class 26,7,1905AIJABG,,,6,4,Not Passed,3,0.5
SU2025,SU2025-class 26,8,1905AIFEGE,,,8,7.6,Passed,9,5
SU2025,SU2025-class 26,9,1905AIBCGA,,,8.4,7.6,Passed,9.5,4
SU2025,SU2025-class 26,10,1905AHJFHH,,,5.6,4.1,Not Passed,3,1
SU2025,SU2025-class 26,11,1905AIJCAG,,,8.6,5.5,Passed,3,4
SU2025,SU2025-class 26,12,1905AICCBJ,,,7.6,4.7,Not Passed,2,3
SU2025,SU2025-class 26,13,1905AIFCJC,,,4.8,3.8,Not Passed,2,2
SU2025,SU2025-class 26,14,1905AHJJBJ,,,0,2.9,Attendance Fail,2,2
SU2025,SU2025-class 26,15,1905AHCEFG,,,7,5.7,Passed,7,0.5
SU2025,SU2025-class 26,16,1905AHJABB,,,0,3.4,Attendance Fail,2,3.5
SU2025,SU2025-class 26,17,1905AIBAHJ,,,7.4,5.1,Passed,3,3.5
SU2025,SU2025-class 26,18,1905AIDFAI,,,8,6.8,Passed,7,4
SU2025,SU2025-class 26,19,1905AIDAHI,,,8.2,5.4,Passed,2,4
SU2025,SU2025-class 26,20,1905AHBEBA,,,0,2.4,Not Passed,2,0
SU2025,SU2025-class 26,21,1905AIDCIC,,,6.8,4.7,Not Passed,3,2.5
SU2025,SU2025-class 26,22,1905AIBEHD,,,9.4,7,Passed,3,7.5
SU2025,SU2025-class 26,23,1905AICGJB,,,9.2,8.3,Passed,10,5
SU2025,SU2025-class 26,24,1905AICGBA,,,7.2,5.1,Passed,2,4
SU2025,SU2025-class 26,25,1905AIBCEI,,,7.6,5,Passed,3,4
SU2025,SU2025-class 26,26,1905AIBFCA,,,5.8,7.2,Passed,10,3.5
SU2025,SU2025-class 26,27,1905AHCGHI,,,8.8,5.3,Passed,3,4
SU2025,SU2025-class 26,28,1905AIDFFH,,,5,4.3,Not Passed,2,3.5
SU2025,SU2025-class 26,29,1905ADJEHB,,,0,0,Not Passed,0,0
SU2025,SU2025-class 26,30,1905AHJEIE,,,7,5.1,Passed,3,4
SU2025,SU2025-class 26,31,1905AIJFHA,,,8,6,Passed,3,5.5
SU2025,SU2025-class 26,32,1905AIBEJB,,,7.4,5.5,Passed,2,5
SU2025,SU2025-class 26,33,1905AHJCIJ,,,9.4,5.9,Passed,3,4
SU2025,SU2025-class 26,34,1905AIJEAD,,,7.4,5.3,Passed,2,4
SU2025,SU2025-class 26,,,,,0.176470588,,,0.794117647,0.441176471
SU2025,SU2025-class 27,1,1905AHJDBA,,,9.8,5.7,Passed,2,7
SU2025,SU2025-class 27,2,1905AHCHFF,,,7.2,5.7,Passed,4,4.5
SU2025,SU2025-class 27,3,1905AHCJAA,,,7,4.2,Not Passed,4,1
SU2025,SU2025-class 27,4,1905AHBIIC,,,3.8,2.8,Not Passed,3,0
SU2025,SU2025-class 27,5,1905AHCIEG,,,6.2,4.8,Not Passed,4,2.5
SU2025,SU2025-class 27,6,1905AIJCHH,,,6.8,3.8,Not Passed,2,0.5
SU2025,SU2025-class 27,7,1905AIJBAG,,,7.4,6.6,Passed,4,8
SU2025,SU2025-class 27,8,1905AGAECF,,,5.8,5.8,Passed,7,5.5
SU2025,SU2025-class 27,9,1905AIFCJC,,,4.2,6.5,Passed,9,5.5
SU2025,SU2025-class 27,10,1905AHBCJE,,,9.4,5.2,Passed,2,4.5
SU2025,SU2025-class 27,11,1905AHCGJJ,,,4,4,Not Passed,5,0.5
SU2025,SU2025-class 27,12,1905AHCEIB,,,4.4,2.9,Not Passed,2,1.5
SU2025,SU2025-class 27,13,1905AGBHCJ,,,6.4,5,Passed,3,4
SU2025,SU2025-class 27,14,1905AIJBDG,,,9.6,5.2,Passed,2,3.5
SU2025,SU2025-class 27,15,1905AIDBBC,,,0,1.2,Not Passed,0,0
SU2025,SU2025-class 27,16,1905AHJJCG,,,9.4,7.1,Passed,2,10
SU2025,SU2025-class 27,17,1905AGADBG,,,9.2,6.9,Passed,4,10
SU2025,SU2025-class 27,18,1905AFAEBA,,,6.2,5,Passed,4,5
SU2025,SU2025-class 27,19,1905AGBBIE,,,9,5.4,Passed,3,4
SU2025,SU2025-class 27,20,1905AIDBCD,,,5.8,4.9,Not Passed,3,5
SU2025,SU2025-class 27,21,1905AGAHGE,,,6,5.4,Passed,5,3.5
SU2025,SU2025-class 27,22,1905AIJEGD,,,6.4,5.1,Passed,4,4
SU2025,SU2025-class 27,23,1905AIDAFC,,,5.2,4.7,Not Passed,5,2
SU2025,SU2025-class 27,24,1905AGBJCE,,,7.6,6.1,Passed,7,3
SU2025,SU2025-class 27,25,1905AGBHDA,,,9.6,5.5,Passed,3,6
SU2025,SU2025-class 27,26,1905AHAGAH,,,0,0.2,Attendance Fail,0,0
SU2025,SU2025-class 27,27,1905AFAIEA,,,4.8,3.9,Not Passed,2,4
SU2025,SU2025-class 27,28,1905AHJJBI,,,5,3.7,Not Passed,4,1.5
SU2025,SU2025-class 27,29,1905AHCFJJ,,,0,0.3,Attendance Fail,0,0
SU2025,SU2025-class 27,30,1905AHAFEC,,,6.8,5,Passed,3,3.5
SU2025,SU2025-class 27,31,1905AHDGIH,,,0,1.1,Not Passed,0,0
SU2025,SU2025-class 27,32,1905AHDIDG,,,9,3.8,Not Passed,2,0.5
SU2025,SU2025-class 27,33,1905AHDGJE,,,3.8,3.6,Not Passed,4,0.5
SU2025,SU2025-class 27,34,1905AIBFEB,,,9.8,6.6,Passed,2,10
SU2025,SU2025-class 27,35,1901AGJAEI,,,8.8,5.3,Passed,2,4
SU2025,SU2025-class 28,1,1905AHDEHB,,,5.4,4.4,Not Passed,4,3.5
SU2025,SU2025-class 28,2,1905AHCGGH,,,0,2.3,Not Passed,4.5,0
SU2025,SU2025-class 28,3,1905AHDAGG,,,7.6,4.8,Not Passed,4,2.5
SU2025,SU2025-class 28,4,1905AHDFEB,,,6,2.6,Not Passed,0.5,0
SU2025,SU2025-class 28,5,1905AHDEEB,,,0,1.5,Attendance Fail,4.5,0
SU2025,SU2025-class 28,6,1905AHBFEF,,,5,5.6,Passed,10,1
SU2025,SU2025-class 28,7,1905AGCEFD,,,6.2,6.3,Passed,10,3.5
SU2025,SU2025-class 28,8,1905AIBJHC,,,5.6,5.5,Not Passed,10,0
SU2025,SU2025-class 28,9,1905AICGCH,,,8.8,5.4,Passed,4.5,3
SU2025,SU2025-class 28,10,1905AEJJEA,,,7.8,3.9,Not Passed,4.5,0
SU2025,SU2025-class 28,11,1905AGJECH,,,5.2,7.4,Passed,8,9.5
SU2025,SU2025-class 28,12,1905AGAHCE,,,8,5.1,Passed,5,2.5
SU2025,SU2025-class 28,13,1905AICFHJ,,,0,0,Attendance Fail,0,0
SU2025,SU2025-class 28,14,1905AHCDII,,,9.6,5.9,Passed,0.5,8.5
SU2025,SU2025-class 28,15,1905AICEDJ,,,5.2,3.7,Not Passed,4,1.5
SU2025,SU2025-class 28,16,1905AHDIBJ,,,5,3,Not Passed,2.5,0
SU2025,SU2025-class 28,17,1905AGAFJH,,,4.8,3.2,Not Passed,3,0.5
SU2025,SU2025-class 28,18,1905AHJBIF,,,9.6,7.4,Passed,5.5,8.5
SU2025,SU2025-class 28,19,1905AHCACC,,,6,4.8,Not Passed,4,3.5
SU2025,SU2025-class 28,20,1905AIDGAG,,,4.4,2.8,Not Passed,3.5,0
SU2025,SU2025-class 28,21,1905AIDBJE,,,7.8,5.1,Passed,4,3.5
SU2025,SU2025-class 28,22,1905AIJECF,,,7.2,3.9,Not Passed,0.5,3
SU2025,SU2025-class 28,23,1905AIJGAF,,,9,4.2,Not Passed,0.5,2.5
SU2025,SU2025-class 28,24,1905AHDJJJ,,,4.2,3.7,Not Passed,2.5,3
SU2025,SU2025-class 28,25,1905AGAGJD,,,4.8,3.1,Not Passed,4,0
SU2025,SU2025-class 28,26,1905AFACGC,,,4.8,2.3,Not Passed,0.5,0
SU2025,SU2025-class 28,27,1905AHEJHJ,,,6,6.3,Passed,8,3.5
SU2025,SU2025-class 28,28,1905AGJDHG,,,0,0.9,Not Passed,0.5,0
SU2025,SU2025-class 28,29,1905AIDFFH,,,5.4,5.7,Passed,6,5
SU2025,SU2025-class 28,30,1905AIFBIH,,,5.6,3.2,Not Passed,1,1.5
SU2025,SU2025-class 28,31,1905AHJFDE,,,9.6,5.8,Passed,5,2.5
SU2025,SU2025-class 28,32,1905AHJGAH,,,5.2,3.1,Not Passed,1,1.5
SU2025,SU2025-class 28,33,1905AFJDID,,,0,1,Not Passed,0.5,0
SU2025,SU2025-class 28,34,1905AICJBD,,,5,2.9,Not Passed,0.5,1.5
SU2025,SU2025-class 28,35,1905AIDAEI,,,6.4,6,Passed,6,5
SU2025,SU2025-class 29,1,1905AGADHC,,,9.6,3.7,Not Passed,3,0
SU2025,SU2025-class 29,2,1905AGBEFG,,,8.8,6.3,Passed,3,8.5
SU2025,SU2025-class 29,3,1905AIBEEC,,,5.8,5.2,Passed,6,3
SU2025,SU2025-class 29,4,1905AHCAAF,,,6.2,3.7,Not Passed,1,3
SU2025,SU2025-class 29,5,1905AIJFBB,,,6.2,6.5,Passed,9,3.5
SU2025,SU2025-class 29,6,1905AHBGGC,,,7,5.5,Passed,3,7
SU2025,SU2025-class 29,7,1905AIFDIH,,,5.6,5.3,Passed,7,2
SU2025,SU2025-class 29,8,1905AGJBAJ,,,0,1.2,Attendance Fail,1,0
SU2025,SU2025-class 29,9,1905AHJFHH,,,6.2,6,Passed,8,2.5
SU2025,SU2025-class 29,10,1905AHEJAD,,,6,4,Not Passed,3,3
SU2025,SU2025-class 29,11,1905AHAFJD,,,8.6,6.5,Passed,7.5,3.5
SU2025,SU2025-class 29,12,1905AIFFAJ,,,5.6,5.9,Passed,8,2.5
SU2025,SU2025-class 29,13,1905AIDAJC,,,7.8,6.1,Passed,8.4,2.5
SU2025,SU2025-class 29,14,1905AHCCIA,,,9.6,6.2,Passed,3,9
SU2025,SU2025-class 29,15,1905AHCIJA,,,6.4,2.9,Not Passed,1,0
SU2025,SU2025-class 29,16,1905AHBHEA,,,8,5.5,Passed,5,3
SU2025,SU2025-class 29,17,1905AHJABB,,,7.2,7.1,Passed,9.6,4
SU2025,SU2025-class 29,18,1905AHCFHD,,,0,0.5,Attendance Fail,1,0
SU2025,SU2025-class 29,19,1905AGBBHE,,,9,6.8,Passed,3,10
SU2025,SU2025-class 29,20,1905AIJCGG,,,6.8,6.5,Passed,10,1.5
SU2025,SU2025-class 29,21,1905AHBHGH,,,9.2,5.9,Passed,3,7
SU2025,SU2025-class 29,22,1905AIFCBC,,,7,4.1,Not Passed,1,3.5
SU2025,SU2025-class 29,23,1905AIFBIF,,,6,6.6,Passed,10,2.5
SU2025,SU2025-class 29,24,1905AHJJGI,,,6.4,4,Not Passed,3,2.5
SU2025,SU2025-class 29,25,1905AHAGFH,,,0,1.7,Not Passed,3,0
SU2025,SU2025-class 29,26,1905AHBEBA,,,9.8,5.7,Passed,5,2.5
SU2025,SU2025-class 29,27,1905AIJFFF,,,4.2,2.4,Not Passed,3,0
SU2025,SU2025-class 29,28,1905AHDGFA,,,8,5,Passed,5,1
SU2025,SU2025-class 29,29,1905AGAFFE,,,9.8,5.7,Passed,3,8
SU2025,SU2025-class 29,30,1905AIFFEE,,,8.2,6.8,Passed,10,3
SU2025,SU2025-class 29,31,1905AIBIIH,,,7.4,4,Not Passed,3,1.5
SU2025,SU2025-class 29,32,1905AHBIGI,,,6.4,2.9,Not Passed,3,0
SU2025,SU2025-class 29,33,1905AHBBAC,,,5.2,5.3,Not Passed,9,0
SU2025,SU2025-class 29,34,1905AGAAJE,,,9.4,3.8,Not Passed,3,0
SU2025,SU2025-class 29,35,1905AHBJAH,,,9.6,5.9,Passed,3,7.6
SU2025,SU2025-class 29,36,1905AICIDH,,,0,1.4,Not Passed,1,0
SU2025,SU2025-class 30,1,1905AHCGBI,,,4.8,3.2,Not Passed,4,0.5
SU2025,SU2025-class 30,2,1905AHDDAF,,,6,5,Passed,5,4
SU2025,SU2025-class 30,3,1905AHBCDJ,,,5.2,6.4,Passed,6,8
SU2025,SU2025-class 30,4,1905AIJBIH,,,7.4,4.8,Not Passed,5,3.5
SU2025,SU2025-class 30,5,1905AHCIJJ,,,7,4.6,Not Passed,6,0.5
SU2025,SU2025-class 30,6,1905AFABIH,,,5,5.1,Passed,6,4
SU2025,SU2025-class 30,7,1905AICICH,,,6.6,5.8,Passed,6,4
SU2025,SU2025-class 30,8,1905AIDCIG,,,9.6,6.9,Passed,5,8
SU2025,SU2025-class 30,9,1905AHBIHD,,,6.4,5.2,Passed,6,4
SU2025,SU2025-class 30,10,1905AIFFJJ,,,7.2,6.3,Passed,5,7
SU2025,SU2025-class 30,11,1905AHDFEC,,,7.4,6.5,Passed,7,5.6
SU2025,SU2025-class 30,12,1905AFJHDE,,,0,0.3,Attendance Fail,0,0
SU2025,SU2025-class 30,13,1905AHDCHH,,,5.8,4.7,Not Passed,4,4
SU2025,SU2025-class 30,14,1905AEJBBF,,,0,0.2,Attendance Fail,0,0
SU2025,SU2025-class 30,15,1905AIDEDG,,,6.4,5.7,Passed,7,4
SU2025,SU2025-class 30,16,1905AHBGID,,,7,5.1,Passed,5,4
SU2025,SU2025-class 30,17,1905AHJDIC,,,6.4,5.1,Not Passed,3,8
SU2025,SU2025-class 30,18,1905AHDEAB,,,6.6,4.7,Not Passed,5,1.5
SU2025,SU2025-class 30,19,1905AGJBIF,,,9.8,7.3,Passed,6,8
SU2025,SU2025-class 30,20,1905AHEJBC,,,5,5.4,Passed,7,4
SU2025,SU2025-class 30,21,1905AIFFGC,,,3.8,2.2,Not Passed,2,0
SU2025,SU2025-class 30,22,1905AHDBFE,,,6.4,5,Passed,5,4
SU2025,SU2025-class 30,23,1905AHCCFC,,,5.2,5.3,Passed,6,4
SU2025,SU2025-class 30,24,1905AHDGBD,,,6.2,4.9,Not Passed,5,4
SU2025,SU2025-class 30,25,1905AHCGDI,,,7,6,Passed,5,6.5
SU2025,SU2025-class 30,26,1905AHCHID,,,6.8,5.6,Passed,5,5.5
SU2025,SU2025-class 30,27,1905AHJEGB,,,8.4,5.7,Passed,6,4
SU2025,SU2025-class 30,28,1905AHBAAB,,,4.8,5.2,Passed,6,4
SU2025,SU2025-class 30,29,1905AGJJIF,,,0,0,Attendance Fail,0,0
SU2025,SU2025-class 30,30,1905AGBDAC,,,0,0.2,Attendance Fail,0,0
SU2025,SU2025-class 30,31,1905AHBFJE,,,6,3.8,Not Passed,5,0
SU2025,SU2025-class 30,32,1905AGBGGF,,,7.2,5.8,Passed,7,4
SU2025,SU2025-class 30,33,1905AHJGBJ,,,4.4,3.4,Not Passed,5,0
SU2025,SU2025-class 30,34,1905AEJFJB,,,9.6,7.6,Passed,7,8
SU2025,SU2025-class 30,35,1905AHBCBE,,,5,3.7,Not Passed,5,0.5
SU2025,SU2025-class 31,1,1905AHDBBA,,,6,5.3,Passed,2,8
SU2025,SU2025-class 31,2,1905AICBBB,,,7.4,5.9,Passed,6,3.5
SU2025,SU2025-class 31,3,1905AIDIJI,,,6.2,6.2,Passed,7,3
SU2025,SU2025-class 31,4,1905AGAEFJ,,,9.6,3.7,Not Passed,2,0
SU2025,SU2025-class 31,5,1905AHCGCI,,,6.8,5.6,Passed,5,3.5
SU2025,SU2025-class 31,6,1905AHBEAB,,,0,1.8,Attendance Fail,2,0
SU2025,SU2025-class 31,7,1905AIBIFD,,,7.6,4.9,Not Passed,4,2.5
SU2025,SU2025-class 31,8,1905AGJDJE,,,9.4,5,Passed,4,2
SU2025,SU2025-class 31,9,1905AIDCEI,,,5.8,6.8,Passed,10,3
SU2025,SU2025-class 31,10,1905AIBGAI,,,8.4,5.7,Passed,6,3.5
SU2025,SU2025-class 31,11,1905AHBAAH,,,0,0,Attendance Fail,0,0
SU2025,SU2025-class 31,12,1905AHDEFH,,,0,2.4,Not Passed,4,0
SU2025,SU2025-class 31,13,1905AICJEA,,,5.6,4.5,Not Passed,4,3
SU2025,SU2025-class 31,14,1905AHJJIA,,,6.4,6.7,Passed,9,4
SU2025,SU2025-class 31,15,1905AHBFIH,,,8.8,5.2,Passed,4,3.5
SU2025,SU2025-class 31,16,1905AGADEA,,,0,0,Attendance Fail,0,0
SU2025,SU2025-class 31,17,1905AIDFAJ,,,4.4,5,Passed,6,3.5
SU2025,SU2025-class 31,18,1905AHBGFD,,,6.4,5,Passed,4,4
SU2025,SU2025-class 31,19,1905AIDDHE,,,8.2,6.7,Passed,8,4
SU2025,SU2025-class 31,20,1905AIBBAA,,,7,7.1,Passed,10,3
SU2025,SU2025-class 31,21,1905AHJBHE,,,0,0,Attendance Fail,0,0
SU2025,SU2025-class 31,22,1905AGJDEA,,,9.4,6.4,Passed,2,9.5
SU2025,SU2025-class 31,23,1905AGBBGB,,,0,1.2,Attendance Fail,1,0
SU2025,SU2025-class 31,24,1905AGBBEC,,,6,4.3,Not Passed,2,4
SU2025,SU2025-class 31,25,1905AICBDD,,,6.2,6,Passed,7,3.5
SU2025,SU2025-class 31,26,1905AIBDGH,,,9.6,5.9,Passed,3,6.5
SU2025,SU2025-class 31,27,1905ACJEAF,,,0,0,Attendance Fail,0,0
SU2025,SU2025-class 31,28,1905AHAHAE,,,7.8,6.3,Passed,7,3.5
SU2025,SU2025-class 31,29,1905AHCCGJ,,,6,3,Not Passed,2,0
SU2025,SU2025-class 31,30,1905AHJJHB,,,5.8,5.2,Passed,5,4
SU2025,SU2025-class 31,31,1905AHCJHJ,,,5.8,6.7,Passed,10,2.5
SU2025,SU2025-class 31,32,1905AHJAFF,,,8.2,8,Passed,10,5
SU2025,SU2025-class 31,33,1905AFAEJC,,,8.8,3.9,Not Passed,3,0
SU2025,SU2025-class 31,34,1905AHEJDE,,,6,7,Passed,10,3
SU2025,SU2025-class 31,35,1905AIDGAC,,,5,3.3,Not Passed,4,0
