Mã học kỳ,Mã lớp,NO.,CODE,PROGRESS TESTS-10,ASSIGNMENTS-30,PRACTICAL EXAM-20,FINAL EXAM-30,TOTAL,STATUS
FA2018,FA2018-class 1,1,1905FCJAD,4.4,0,0,0,1.4,Not Passed
FA2018,FA2018-class 1,2,1905FCDCG,3.5,5.5,0.5,4.8,4.5,Not Passed
FA2018,FA2018-class 1,3,1905FCJDI,4.1,6.5,3,6.2,5.8,Passed
FA2018,FA2018-class 1,4,1905FBHJJ,4.7,4,2.5,5.6,4.9,Not Passed
FA2018,FA2018-class 1,5,1905JECDD,5.7,0,3,6,3.5,Not Passed
FA2018,FA2018-class 1,6,1905FBHGI,2.2,0,0,0,1.2,Not Passed
FA2018,FA2018-class 1,7,1905FCACE,1.8,0,0,0,1.2,Not Passed
FA2018,FA2018-class 1,8,1905FBIEH,3.2,5.5,3.3,4.4,5,Passed
FA2018,FA2018-class 1,9,1905FBAIH,0,0,0,0,1,Not Passed
FA2018,FA2018-class 1,10,1905FCJEG,4,0,0,0,1.4,Not Passed
FA2018,FA2018-class 1,11,1905FCBGC,3.1,5,1.5,4.8,4.6,Not Passed
FA2018,FA2018-class 1,12,1905FCCFB,9.1,8,10,5.8,8.1,Passed
FA2018,FA2018-class 1,13,1905FCDCB,4.5,5.5,2.5,6.2,5.5,Passed
FA2018,FA2018-class 1,14,1905FCAEH,3.9,5,3.5,6.6,5.1,Passed
FA2018,FA2018-class 1,15,1905FCEFH,4,6,1.3,5.2,5,Passed
FA2018,FA2018-class 1,16,1905FABAC,0.8,0,0,0,1.1,Not Passed
FA2018,FA2018-class 1,17,1905FCDBD,3.4,6,1.5,5,4.9,Not Passed
FA2018,FA2018-class 1,18,1905FCCEE,3.6,6.5,1.8,4.8,4.6,Not Passed
FA2018,FA2018-class 1,19,1905FAEBG,0,0,0,0,1,Not Passed
FA2018,FA2018-class 1,20,1905FCBDD,2.3,0,0,0,1.2,Not Passed
FA2018,FA2018-class 1,21,1905FBFBB,1.1,0,0,0,1.1,Not Passed
FA2018,FA2018-class 1,22,1905FCAGG,4,0,0,0,1.4,Not Passed
FA2018,FA2018-class 1,23,1905FCCEF,3.3,6,2.8,6.6,5.7,Passed
FA2018,FA2018-class 1,24,1905FCEFC,5.1,0,6.5,7.6,5.1,Not Passed
FA2018,FA2018-class 1,25,1905FBHJB,4.4,8,2,6.8,6.3,Passed
FA2018,FA2018-class 1,26,1905FBHHD,5.2,0,2.5,6.2,3.4,Not Passed
FA2018,FA2018-class 1,27,1905FCCGE,1.9,0,0,0,1.2,Not Passed
FA2018,FA2018-class 1,28,1905FBIGE,4.4,3.8,6.3,4.2,5.1,Passed
FA2018,FA2018-class 2,1,1905FBICH,6.5,5.5,0.5,5.6,5.1,Passed
FA2018,FA2018-class 2,2,1905FCCEC,7,4,3.5,5.8,5.3,Passed
FA2018,FA2018-class 2,3,1905FBAJD,8,3,5,6,5.5,Passed
FA2018,FA2018-class 2,4,1905FAFBJ,0,0,0,0,0,Not Passed
FA2018,FA2018-class 2,5,1905FCDDD,7.5,2,5,3,4.3,Not Passed
FA2018,FA2018-class 2,6,1905JFJJJ,7.5,5.5,2.5,5.6,5.6,Passed
FA2018,FA2018-class 2,7,1905FCBJC,6.5,7,9,6.8,7.6,Passed
FA2018,FA2018-class 2,8,1905FCDEC,6,4.5,5,6.8,6,Passed
FA2018,FA2018-class 2,9,1905FBBHC,8.5,4.5,3.5,6.2,5.8,Passed
FA2018,FA2018-class 2,10,1905FAAJG,2.5,0,0,0,0.3,Not Passed
FA2018,FA2018-class 2,11,1905FCJGA,0,0,0,0,0,Not Passed
FA2018,FA2018-class 2,12,1905FCJHG,6.5,6.5,4,5.6,6.1,Passed
FA2018,FA2018-class 2,13,1905FAFHJ,0,0,0,0,0,Not Passed
FA2018,FA2018-class 2,14,1905FCAJB,6.5,6,4.5,6.6,6.3,Passed
FA2018,FA2018-class 2,15,1905FCBBJ,3.5,0,0,0,0.4,Not Passed
FA2018,FA2018-class 2,16,1905FBHFF,6.5,6,2.5,5.6,5.6,Passed
FA2018,FA2018-class 2,17,1905FCDEI,7.5,6.5,10,5.4,7.3,Passed
FA2018,FA2018-class 2,18,1905FACDA,7.5,5,3,7,6,Passed
FA2018,FA2018-class 2,19,1905FCDAD,7,6,6,7,6.8,Passed
FA2018,FA2018-class 2,20,1905FCBJG,7,7,3.5,4.6,5.9,Passed
FA2018,FA2018-class 2,21,1905FCAEB,7,6.5,6,5.2,6.4,Passed
FA2018,FA2018-class 2,22,1905FCCAF,6,4,1,6.6,5,Passed
FA2018,FA2018-class 2,23,1905FAGAH,0,0,0,0,0,Not Passed
FA2018,FA2018-class 2,24,1905FCBAH,7,4.5,6,6.4,6.2,Passed
FA2018,FA2018-class 2,25,1905FAGAF,0,0,0,0,0,Not Passed
FA2018,FA2018-class 2,26,1905FBIGH,7.5,4.5,2.5,4.6,5,Passed
FA2018,FA2018-class 2,27,1905FCCEB,3,0,0,0,0.3,Not Passed
FA2018,FA2018-class 2,28,1905FBHJA,6.5,5.5,4,5.2,5.7,Passed
FA2018,FA2018-class 2,"Sinh viên có nhu cầu thực hiện các thủ tục, dịch vụ vui lòng liên hệ Trung tâm Dịch vụ Sinh viên tại Phòng 202, điện thoại : 028.73005585 , email: sschcm@fe.edu.vn",,0,0,0,0,,
FA2018,FA2018-class 2,© Powered by FPT University |  CMS |  library |  books24x7,,0,0,0,0,,
FA2018,FA2018-class 3,1,1905FCACH,2.5,0,0,0,0.3,Not Passed
FA2018,FA2018-class 3,2,1905FCEDG,1.5,0,0,0,0.2,Not Passed
FA2018,FA2018-class 3,3,1905FBBJH,7,4.5,5.5,6.2,6,Passed
FA2018,FA2018-class 3,4,1905FBBEG,0,0,0,0,0,Not Passed
FA2018,FA2018-class 3,5,1905FAHGH,2,0,0,0,0.2,Not Passed
FA2018,FA2018-class 3,6,1905FACCG,0,0,0,0,0,Not Passed
FA2018,FA2018-class 3,7,1905FBFHH,0,0,0,0,0,Not Passed
FA2018,FA2018-class 3,8,1905FABCD,3,0,0,0,0.3,Not Passed
FA2018,FA2018-class 3,9,1905FBCCC,2.5,0,0,0,0.3,Not Passed
FA2018,FA2018-class 3,10,1905FBFCI,5,8,5.5,5,6.5,Passed
FA2018,FA2018-class 3,11,1905FBHIG,3,0,0,0,0.3,Not Passed
FA2018,FA2018-class 3,12,1905FCEDA,3,0,0,0,0.3,Not Passed
FA2018,FA2018-class 3,13,1905FADDA,3,0,0,0,0.3,Not Passed
FA2018,FA2018-class 3,14,1905FAFHF,0,0,0,0,0,Not Passed
FA2018,FA2018-class 3,15,1905FBGDC,2,4.5,0,5,3.1,Not Passed
FA2018,FA2018-class 3,16,1905FBGCG,8,3,2,6.2,5,Passed
FA2018,FA2018-class 3,17,1905FCJEE,2.5,0,0,0,0.3,Not Passed
FA2018,FA2018-class 3,18,1905FBAHD,0,0,0,0,0,Not Passed
FA2018,FA2018-class 4,1,1905FCCFE,7,7.5,4,6.2,6.6,Passed
FA2018,FA2018-class 4,2,1905FBDBG,5.5,3,3.5,6.6,5.1,Passed
FA2018,FA2018-class 4,3,1905FCBFJ,3,0,0,0,0.3,Not Passed
FA2018,FA2018-class 4,4,1905FCJFC,7.5,5.5,1,5.6,5.3,Passed
FA2018,FA2018-class 4,5,1905FCJDH,4,6.5,0,5.2,3.9,Not Passed
FA2018,FA2018-class 4,6,1905FCAGC,8.5,6,3.5,5.4,6,Passed
FA2018,FA2018-class 4,7,1905FADBJ,3.5,0,0,0,0.4,Not Passed
FA2018,FA2018-class 4,8,1905FBIJB,7.5,6,0.5,6.4,5.6,Passed
FA2018,FA2018-class 4,9,1905FBDJJ,6.5,5.5,9,4,6.3,Passed
FA2018,FA2018-class 4,10,1905FBGAH,2.5,0,0,0,0.3,Not Passed
FA2018,FA2018-class 4,11,1905FCAFF,8,5,3.5,4.6,5.4,Passed
FA2018,FA2018-class 4,12,1905FAHEG,2.5,0,0,0,0.3,Not Passed
FA2018,FA2018-class 4,13,1905FAEBG,8.5,6.5,4,4.8,6,Passed
FA2018,FA2018-class 4,14,1905FCBBH,3.5,0,0,0,0.4,Not Passed
FA2018,FA2018-class 4,15,1905FBBGD,3,0,3.5,0,1,Not Passed
FA2018,FA2018-class 4,16,1905FBIAF,4,0,0,0,0.4,Not Passed
FA2018,FA2018-class 4,17,1905FCEAC,7,4.5,0,5.6,4.7,Not Passed
FA2018,FA2018-class 4,18,1905FBBGE,6,6.5,4,4.6,5.7,Passed
FA2018,FA2018-class 5,1,1905FCAJA,4.6,5.5,5.5,6,6,Passed
FA2018,FA2018-class 5,2,1905FBIFJ,1.5,0,0,0,0.2,Not Passed
FA2018,FA2018-class 5,3,1905FCBDB,0,0,0,0,0,Not Passed
FA2018,FA2018-class 5,4,1905FCCFE,1.5,0,0,0,0.7,Not Passed
FA2018,FA2018-class 5,5,1905FBHFE,6.2,7.5,7,6,7.1,Passed
FA2018,FA2018-class 5,6,1905FCBBD,2.2,0.5,0.5,0,0.5,Not Passed
FA2018,FA2018-class 5,7,1905JFJJJ,3.5,2.5,0.5,0,2.2,Not Passed
FA2018,FA2018-class 5,8,1905FBIHC,0,0,0,0,0,Not Passed
FA2018,FA2018-class 5,9,1905FCBJC,3.1,0,0,0,0.8,Not Passed
FA2018,FA2018-class 5,10,1905FCDEC,4.5,2,1.5,0,1.9,Not Passed
FA2018,FA2018-class 5,11,1905FCAHG,3.8,0,1.5,0,1.7,Not Passed
FA2018,FA2018-class 5,12,1905FBICI,2.5,0,0,0,0.3,Not Passed
FA2018,FA2018-class 5,13,1905FCEJC,2.1,0,0,0,0.7,Not Passed
FA2018,FA2018-class 5,14,1905FCACF,0,0,0,0,0,Not Passed
FA2018,FA2018-class 5,15,1905FCAGF,4.5,1,1,4.4,3.3,Not Passed
FA2018,FA2018-class 5,16,1905FCBDA,5.6,6.5,5,6.8,6.1,Passed
FA2018,FA2018-class 5,17,1905FCAJB,2.1,0,0,4.4,2,Not Passed
FA2018,FA2018-class 5,18,1905FCJDB,3.9,6.5,5.5,7.2,6.1,Passed
FA2018,FA2018-class 5,19,1905FBHEF,0,0,0,0,0,Not Passed
FA2018,FA2018-class 5,20,1905FCJHI,0,0,0,0,0,Not Passed
FA2018,FA2018-class 5,21,1905FCBHB,6.4,5.5,4,7.8,6.4,Passed
FA2018,FA2018-class 5,22,1905FCAGH,1.6,0,0,0,0.7,Not Passed
FA2018,FA2018-class 5,23,1905FCEJJ,5.5,2,1,4,3.6,Not Passed
FA2018,FA2018-class 5,24,1905FCDAD,4.7,3,0.5,0,2.5,Not Passed
FA2018,FA2018-class 5,25,1905FCDJA,1.6,0,0,0,0.2,Not Passed
FA2018,FA2018-class 5,26,1905FBFAG,0,0,0,0,0,Not Passed
FA2018,FA2018-class 5,27,1905FCCAF,4.5,0.5,0.5,0,1.2,Not Passed
FA2018,FA2018-class 5,28,1905FCBAH,1.8,0,0,0,0.7,Not Passed
FA2018,FA2018-class 5,29,1905FCCEB,5.3,0,1.5,3.8,3,Not Passed
FA2018,FA2018-class 5,30,1905FBHGE,9.5,8,5.5,8.8,8.1,Passed
FA2018,FA2018-class 6,1,1905FBIJG,0,0,0,0,0,Not Passed
FA2018,FA2018-class 6,2,1905FBEAH,0,0,0,0,0,Not Passed
FA2018,FA2018-class 6,3,1905FBHBE,1.4,0,0,0,0.6,Not Passed
FA2018,FA2018-class 6,4,1905FCCIG,4.8,8.5,6.5,6.4,7.3,Passed
FA2018,FA2018-class 6,5,1905FBEGA,0,0,0,0,1,Not Passed
FA2018,FA2018-class 6,6,1905FCJJG,1.3,0,0,0,0.6,Not Passed
FA2018,FA2018-class 6,7,1905FADDD,2,0,0,0,0.7,Not Passed
FA2018,FA2018-class 6,8,1905FCABC,5.4,4,6.5,6.2,5.9,Passed
FA2018,FA2018-class 6,9,1905FADHG,0,0,0,0,0,Not Passed
FA2018,FA2018-class 6,10,1905FCDEJ,0,0,0,0,0,Not Passed
FA2018,FA2018-class 6,11,1905FCDFC,6.1,9,4.5,7.8,7.6,Passed
FA2018,FA2018-class 6,12,1905FCJDH,0,0,0,0,0,Not Passed
FA2018,FA2018-class 6,13,1905FABCD,0,0,0,0,0,Not Passed
FA2018,FA2018-class 6,14,1905FBDHH,0,0,0,0,0,Not Passed
FA2018,FA2018-class 6,15,1905FCAHE,8.5,7,8.5,8.6,8.2,Passed
FA2018,FA2018-class 6,16,1905FCJHG,4,0,0.5,0,1,Not Passed
FA2018,FA2018-class 6,17,1905FCCAD,1.4,0,0,0,0.1,Not Passed
FA2018,FA2018-class 6,18,1905FCBBJ,1.7,0,0,0,0.2,Not Passed
FA2018,FA2018-class 6,19,1905FBGIE,4.8,2,3.5,5,4.3,Not Passed
FA2018,FA2018-class 6,20,1905FBHFF,2,0,0,0,0.7,Not Passed
FA2018,FA2018-class 6,21,1905FCAIE,5,4,4,5.6,5.2,Passed
FA2018,FA2018-class 6,22,1905FBFED,0,0,0,0,0,Not Passed
FA2018,FA2018-class 6,23,1905FCCFF,4.3,3,5,7,5.4,Passed
FA2018,FA2018-class 6,24,1905FCDCF,7.8,7.5,7,6.6,7.4,Passed
FA2018,FA2018-class 6,25,1905FBIJH,0,0,0,0,0,Not Passed
FA2018,FA2018-class 6,26,1905FCBHE,7.7,5,4,8,6.5,Passed
FA2018,FA2018-class 6,27,1905FBGAG,1.3,0,0,0,0.1,Not Passed
FA2018,FA2018-class 6,28,1905FCJGE,4.4,4.5,5,6.8,5.8,Passed
FA2018,FA2018-class 6,29,1905FCEJD,2.6,0,0,0,0.3,Not Passed
FA2018,FA2018-class 6,30,1905FCBIB,0,0,0,0,0,Not Passed
FA2018,FA2018-class 7,1,1905FCACA,3.2,0,1,0,1,Not Passed
FA2018,FA2018-class 7,2,1905FCACH,4.8,2,1.5,0,2.4,Not Passed
FA2018,FA2018-class 7,3,1905FBHHA,5.1,5.5,0.5,7.2,5.4,Passed
FA2018,FA2018-class 7,4,1905FCBFJ,1.5,0,0,3.6,1.2,Not Passed
FA2018,FA2018-class 7,5,1905FBICC,6.3,2,1,5.2,4,Not Passed
FA2018,FA2018-class 7,6,1905FBHAJ,6.7,4.5,5,6,5.3,Passed
FA2018,FA2018-class 7,7,1905FBBHC,2.1,0,1.5,0,1,Not Passed
FA2018,FA2018-class 7,8,1905FBDBJ,5.6,7,2,6,5.9,Passed
FA2018,FA2018-class 7,9,1905FAAJG,0,0,0,0,0,Not Passed
FA2018,FA2018-class 7,10,1905FCJGA,0,0,0,0,0,Not Passed
FA2018,FA2018-class 7,11,1905FBIAH,4.2,1.5,1,0,2.1,Not Passed
FA2018,FA2018-class 7,12,1905FCCGI,2.9,4,1.5,0,2.3,Not Passed
FA2018,FA2018-class 7,13,1905FBIDJ,4.1,5,4.5,5.8,5.6,Passed
FA2018,FA2018-class 7,14,1905FBIBI,5,6.5,8,5,6.6,Passed
FA2018,FA2018-class 7,15,1905FCDJC,5.1,4,0.5,5.6,4.5,Not Passed
FA2018,FA2018-class 7,16,1905FCAGC,2.3,0,1,3.8,2.6,Not Passed
FA2018,FA2018-class 7,17,1905FCCFJ,5.7,3.5,1,6.2,4.7,Not Passed
FA2018,FA2018-class 7,18,1905FBHHG,4.6,1,0.5,0,1.9,Not Passed
FA2018,FA2018-class 7,19,1905FCJJI,4.9,7.5,1.5,5,5.5,Passed
FA2018,FA2018-class 7,20,1905FBFII,0,0,0,0,0,Not Passed
FA2018,FA2018-class 7,21,1905FBIJB,6.5,4,0.5,6.4,4.9,Not Passed
FA2018,FA2018-class 7,22,1905FAGGE,0,0,0,0,0,Not Passed
FA2018,FA2018-class 7,23,1905FBFDA,4,5,4.5,4.6,5.2,Passed
FA2018,FA2018-class 7,24,1905FBGCJ,4.6,2.5,0.5,5,3.3,Not Passed
FA2018,FA2018-class 7,25,1905FCJED,3.8,6,6.5,4.8,5.9,Passed
FA2018,FA2018-class 7,26,1905FCAFE,5.8,6,5.5,7,6.6,Passed
FA2018,FA2018-class 7,27,1905FBGCG,0,0,0,0,0,Not Passed
FA2018,FA2018-class 7,28,1905FCCHG,4.7,6.5,1,7.2,5.8,Passed
FA2018,FA2018-class 7,29,1905FCJEE,2.5,0,0,0,1.3,Not Passed
FA2019,FA2019-class 1,1,1905ACJGBG,2,0,1,0,1,Not Passed
FA2019,FA2019-class 1,2,1905ACJFBB,3,0,0,4.4,2.4,Not Passed
FA2019,FA2019-class 1,3,1905FADGD,3,2,1.5,0,2.2,Not Passed
FA2019,FA2019-class 1,4,1905FBDEC,4,0,0,0,1,Not Passed
FA2019,FA2019-class 1,5,1905ACJFGI,0,0,0,0,0.2,Not Passed
FA2019,FA2019-class 1,6,1905FCJDG,3.8,0,0,0,1.4,Not Passed
FA2019,FA2019-class 1,7,1905ACJGJH,5.4,0,2.5,5.6,3.7,Not Passed
FA2019,FA2019-class 1,8,1905ACJGJI,2.8,0,0,0,0.9,Not Passed
FA2019,FA2019-class 1,9,1905ACJEGI,2.5,0,0,0,1.3,Not Passed
FA2019,FA2019-class 1,10,1905ACJEEG,7.9,7.5,2.5,6.2,6.4,Passed
FA2019,FA2019-class 1,11,1905ADJJJI,3.3,0,0,0,1.1,Not Passed
FA2019,FA2019-class 1,12,1905ACJBJI,3.8,0,0,0,0.6,Not Passed
FA2019,FA2019-class 1,13,1905ACJDFF,3.8,0,0,0,1,Not Passed
FA2019,FA2019-class 1,14,1905ACJCGD,3.8,0,0,0,0.8,Not Passed
FA2019,FA2019-class 1,15,1905ACJDEG,3,0,0,0,1.3,Not Passed
FA2019,FA2019-class 1,16,1905ACJEDE,3.5,0,0,0,1,Not Passed
FA2019,FA2019-class 1,17,1905ACJGBF,3,0,0,0,1.3,Not Passed
FA2019,FA2019-class 1,18,1905ACJFAC,3.5,0,0,0,1.2,Not Passed
FA2019,FA2019-class 1,19,1905ACJCFD,2.3,0,0,0,1,Not Passed
FA2019,FA2019-class 1,20,1905ACJDDH,8.3,8,6.5,6.2,7.4,Passed
FA2019,FA2019-class 1,21,1905ACJDHE,6.4,6,4,5.2,5.8,Passed
FA2019,FA2019-class 1,22,1905ACJFGG,7.5,6,2,6,5.6,Passed
FA2019,FA2019-class 1,23,1905ACJEFF,6.9,5,2.5,4.8,5.1,Passed
FA2019,FA2019-class 1,24,1905ACJEJD,3.8,0,0,0,0.6,Not Passed
FA2019,FA2019-class 1,25,1905ACJEJA,4,0,0,0,1.4,Not Passed
FA2019,FA2019-class 1,26,1905ACJDBJ,5.6,2.8,2,0,2.6,Not Passed
FA2019,FA2019-class 1,27,1905ACJFCG,3,0,0,0,0.9,Not Passed
FA2019,FA2019-class 1,28,1905ACJDDG,2,0,0,0,0.6,Not Passed
FA2019,FA2019-class 1,29,1905FCAFI,0,0,0,0,0,Not Passed
FA2019,FA2019-class 1,30,1905ACJDJC,1.8,0,0,0,0.8,Not Passed
FA2019,FA2019-class 2,1,1905ACJCAI,1.5,0,0,0,0.2,Not Passed
FA2019,FA2019-class 2,2,1905ACJDHI,2.7,0,0,0,0.3,Not Passed
FA2019,FA2019-class 2,3,1905ACJCHA,2.2,0,0,0,0.2,Not Passed
FA2019,FA2019-class 2,4,1905FCBHD,4.8,6,6,5.8,6.2,Passed
FA2019,FA2019-class 2,5,1905ACJGEA,4.9,7,0.5,5.2,5.2,Passed
FA2019,FA2019-class 2,6,1905ACJCEH,0.9,0,0,0,0.1,Not Passed
FA2019,FA2019-class 2,7,1905ACJGAC,5,7.8,6,6.4,7,Passed
FA2019,FA2019-class 2,8,1905FCDEJ,4.2,5,2,5.8,5.1,Passed
FA2019,FA2019-class 2,9,1905ACJECC,4.9,7.5,5,5.8,6.5,Passed
FA2019,FA2019-class 2,10,1905ACJCEF,2.2,0,0,0,0.2,Not Passed
FA2019,FA2019-class 2,11,1905ACJEBG,1.5,0,0,0,0.2,Not Passed
FA2019,FA2019-class 2,12,1905ACJCHF,2,4,0.5,0,2.5,Not Passed
FA2019,FA2019-class 2,13,1905ACJDGE,6.7,4,4,6,5.5,Passed
FA2019,FA2019-class 2,14,1905FBIAG,2.4,0,0,0,0.2,Not Passed
FA2019,FA2019-class 2,15,1905ACJBAB,1,0,0,0,0.1,Not Passed
FA2019,FA2019-class 2,16,1905FCECE,5.6,5.3,0.5,6.8,5.3,Passed
FA2019,FA2019-class 2,17,1905FCCAD,4.7,4.5,2,5,4.7,Not Passed
FA2019,FA2019-class 2,18,1905ACJAJJ,6.3,6,3,5,5.5,Passed
FA2019,FA2019-class 2,19,1905ACJGGC,5.1,7,3,6.4,6.1,Passed
FA2019,FA2019-class 2,20,1905ACJFIC,1.5,0,0,0,0.2,Not Passed
FA2019,FA2019-class 2,21,1905ACJCDF,6.1,6.5,8,7.2,7.3,Passed
FA2019,FA2019-class 2,22,1905ACJJEG,2.4,0,0,0,0.2,Not Passed
FA2019,FA2019-class 2,23,1905ACJAIE,2.4,0,0,0,0.2,Not Passed
FA2019,FA2019-class 2,24,1905ACJEDJ,2.7,0,0,0,0.3,Not Passed
FA2019,FA2019-class 2,25,1905ACJDHC,5.4,7.5,5,5.6,6.5,Passed
FA2019,FA2019-class 2,26,1905ACJFBF,1.9,0,0,0,0.2,Not Passed
FA2019,FA2019-class 2,27,1905FBFEG,6,10,10,7.6,8.9,Passed
FA2019,FA2019-class 2,28,1905FAGAH,0,0,0,0,0,Not Passed
FA2019,FA2019-class 3,1,1905ACJACF,6.9,7,4,7.2,6.8,Passed
FA2019,FA2019-class 3,2,1905FCAJI,5.5,6.5,1.5,5.6,5.5,Passed
FA2019,FA2019-class 3,3,1905ACJFAA,5.6,5,3,6.4,5.6,Passed
FA2019,FA2019-class 3,4,1905ACJCEG,0,0,0,0,0,Not Passed
FA2019,FA2019-class 3,5,1905ACJDDI,5.5,6,0.5,6.8,5.5,Passed
FA2019,FA2019-class 3,6,1905ACJAFA,3.7,0,0,0,0.4,Not Passed
FA2019,FA2019-class 3,7,1905ACJFCF,3,0,0,0,0.3,Not Passed
FA2019,FA2019-class 3,8,1905ACJEII,2.5,0,2,0,0.7,Not Passed
FA2019,FA2019-class 3,9,1905FBAIH,0,0,0,0,0,Not Passed
FA2019,FA2019-class 3,10,1905FAAJG,4.7,6.5,2,4.4,5.1,Passed
FA2019,FA2019-class 3,11,1905ACJDBB,2.2,3.5,3,0,2.9,Not Passed
FA2019,FA2019-class 3,12,1905FCJFE,2.2,0,0,0,0.2,Not Passed
FA2019,FA2019-class 3,13,1905FCAHH,2.5,0,0,0,0.3,Not Passed
FA2019,FA2019-class 3,14,1905ACJJHJ,0,0,0,0,0,Not Passed
FA2019,FA2019-class 3,15,1905ACJJDG,0,0,0,0,0,Not Passed
FA2019,FA2019-class 3,16,1905ACJEJF,6.2,9,7,8.6,8.3,Passed
FA2019,FA2019-class 3,17,1905ACJFDA,1.7,0,0,0,0.2,Not Passed
FA2019,FA2019-class 3,18,1905ACJFGF,4,6,0.5,0,3.3,Not Passed
FA2019,FA2019-class 3,19,1905ACJBEG,1.7,0,0,0,0.2,Not Passed
FA2019,FA2019-class 3,20,1905FBIAI,1.5,0,0,0,0.2,Not Passed
FA2019,FA2019-class 3,21,1905ACJFEF,5.1,4,4.5,4.2,4.9,Not Passed
FA2019,FA2019-class 3,22,1905FBFED,0,0,0,0,0,Not Passed
FA2019,FA2019-class 3,23,1905FCBJE,2.4,0,0,0,0.2,Not Passed
FA2019,FA2019-class 3,24,1905ACJFJJ,3,0,0,0,0.3,Not Passed
FA2019,FA2019-class 3,25,1905FCDFH,2.7,0,0,0,0.3,Not Passed
FA2019,FA2019-class 3,26,1905FCAEF,2.6,3,1.5,6,4.3,Not Passed
FA2019,FA2019-class 3,27,1905ACJDBF,3.2,0,0,0,0.3,Not Passed
FA2019,FA2019-class 3,28,1905FCCGE,5.7,6.5,3,7.8,6.5,Passed
FA2019,FA2019-class 3,29,1905ACJGFJ,0,0,0,0,0,Not Passed
FA2019,FA2019-class 3,30,1905ACJFDJ,0,0,0,0,0,Not Passed
FA2019,FA2019-class 4,1,1905ACJFDI,2.1,0,1,0,0.9,Not Passed
FA2019,FA2019-class 4,2,1905ACJGAH,0,0,0,0,0,Not Passed
FA2019,FA2019-class 4,3,1905FCJII,2.1,0,0,0,0.2,Not Passed
FA2019,FA2019-class 4,4,1905ACJFIE,0,0,0,0,0,Not Passed
FA2019,FA2019-class 4,5,1905FCAJI,2.5,0,0.5,0,0.4,Not Passed
FA2019,FA2019-class 4,6,1905ACJABE,0,0,0,0,0,Not Passed
FA2019,FA2019-class 4,7,1905ACJBEI,3.3,0,0,7.2,2.5,Not Passed
FA2019,FA2019-class 4,8,1905ACJJIF,5.3,3,1.5,8,5.1,Passed
FA2019,FA2019-class 4,9,1905IJAGD,0,0,0,0,0,Not Passed
FA2019,FA2019-class 4,10,1905ACJJJH,6,5,0.5,7.8,5.5,Passed
FA2019,FA2019-class 4,11,1905FAAJG,0,0,0,0,0,Not Passed
FA2019,FA2019-class 4,12,1905ACJFCC,2,0,0,0,0.2,Not Passed
FA2019,FA2019-class 4,13,1905ACJGCI,2.6,0,0.5,0,0.4,Not Passed
FA2019,FA2019-class 4,14,1905ACJDGE,2.4,2,0.5,0,1.9,Not Passed
FA2019,FA2019-class 4,15,1905ACJJHJ,2.6,0,0.5,0,0.9,Not Passed
FA2019,FA2019-class 4,16,1905ACJJDG,0,0,0,0,0,Not Passed
FA2019,FA2019-class 4,17,1905ACJBCB,5.5,6,2,6.2,5.6,Passed
FA2019,FA2019-class 4,18,1905ACJABD,5.1,4,0.5,8.8,5.5,Passed
FA2019,FA2019-class 4,19,1905ACJEHC,0,0,0,0,0,Not Passed
FA2019,FA2019-class 4,20,1905ACJABF,2.2,0,0,0,0.2,Not Passed
FA2019,FA2019-class 4,21,1905ACJFID,5.2,8,4,6.2,6.6,Passed
FA2019,FA2019-class 4,22,1905ACJEEJ,4.2,7,1.5,6.2,5.7,Passed
FA2019,FA2019-class 4,23,1905ACJBBE,6.3,5.5,1.5,5.8,5.3,Passed
FA2019,FA2019-class 4,24,1905FBIII,0,0,0,0,0,Not Passed
FA2019,FA2019-class 4,25,1905ACJGBE,2,0,1,0,0.4,Not Passed
FA2019,FA2019-class 4,26,1905FCAGJ,5.8,7,2,7,6.2,Passed
FA2019,FA2019-class 5,1,1905ACJDDF,10,4.5,1.5,6.6,5.3,Passed
FA2019,FA2019-class 5,2,1905FBBCH,7.5,5,2.5,5.8,5.1,Passed
FA2019,FA2019-class 5,3,1905FBIFJ,2.5,3,2,0,2.2,Not Passed
FA2019,FA2019-class 5,4,1905FCABD,0,0,0,0,0,Not Passed
FA2019,FA2019-class 5,5,1905FCBBD,0,0,0,0,0,Not Passed
FA2019,FA2019-class 5,6,1905FBAJG,5,4,2,4.6,4.1,Not Passed
FA2019,FA2019-class 5,7,1905ACJFAF,0,0,0,0,0,Not Passed
FA2019,FA2019-class 5,8,1905FBAIH,0,0,0,0,0,Not Passed
FA2019,FA2019-class 5,9,1905ACJDBE,10,4.5,2,6.6,5.4,Passed
FA2019,FA2019-class 5,10,1905FAGEH,7.5,5,1,6.6,5.1,Passed
FA2019,FA2019-class 5,11,1905ACJCGE,10,3.5,2,7.2,5.1,Passed
FA2019,FA2019-class 5,12,1905FBBEG,7.6,4,3,4,4.4,Not Passed
FA2019,FA2019-class 5,13,1905ACJCGJ,2.5,0,0,0,0.3,Not Passed
FA2019,FA2019-class 5,14,1905FBBBA,0,0,0,0,0,Not Passed
FA2019,FA2019-class 5,15,1905ACJJCG,0,0,0,0,0,Not Passed
FA2019,FA2019-class 5,16,1905FCJHA,0,0,0,0,0,Not Passed
FA2019,FA2019-class 5,17,1905FCCDC,0,0,0,0,0,Not Passed
FA2019,FA2019-class 5,18,1905FAIJA,7.5,5,2,4.6,4.6,Not Passed
FA2019,FA2019-class 5,19,1905ACJCBB,0,0,0,0,0,Not Passed
FA2019,FA2019-class 5,20,1905ACJDEH,7.5,0,0,0,0.8,Not Passed
FA2019,FA2019-class 5,21,1905FCEEC,0,0,0,0,0,Not Passed
FA2019,FA2019-class 5,22,1905ACJAAE,10,6,2.5,7.2,6.2,Passed
FA2019,FA2019-class 5,23,1905FBCCB,7.5,5.5,2.5,4.8,5,Passed
FA2019,FA2019-class 5,24,1905FCBJE,0,0,0,0,0,Not Passed
FA2019,FA2019-class 5,25,1905FAHBA,2.5,0,0,4.6,1.6,Not Passed
FA2019,FA2019-class 5,26,1905ACJCGA,7.5,0,0,0,0.8,Not Passed
FA2019,FA2019-class 5,27,1905ACJJEA,10,3,4,5.4,5.1,Passed
FA2019,FA2019-class 5,28,1905ACJCJG,5,8,4.5,5,5.9,Passed
FA2019,FA2019-class 5,29,1905ACJBDF,0,0,0,0,0,Not Passed
FA2019,FA2019-class 5,30,1905FCJEB,0,0,0,0,0,Not Passed
FA2019,FA2019-class 6,1,1905ACJGBD,2.5,0.5,2,0,1.8,Not Passed
FA2019,FA2019-class 6,2,1905ACJACJ,5.5,5,1.5,6.6,5.3,Passed
FA2019,FA2019-class 6,3,1905ACJAGA,3.8,0.5,0.5,1.8,1.2,Not Passed
FA2019,FA2019-class 6,4,1905ACJACB,6.1,6.5,1.5,7.8,6.2,Passed
FA2019,FA2019-class 6,5,1905ACJCEB,2,4,1.5,0,2.7,Not Passed
FA2019,FA2019-class 6,6,1905ACJAAA,0,0,0,0,0,Not Passed
FA2019,FA2019-class 6,7,1905ACJACG,0,0,0,0,0,Not Passed
FA2019,FA2019-class 6,8,1905ACJAAJ,0,0,0,0,0,Not Passed
FA2019,FA2019-class 6,9,1905ACJBJH,0,0,0,0,0,Not Passed
FA2019,FA2019-class 6,10,1905ACJFBA,1.9,1,1.5,0,1.8,Not Passed
FA2019,FA2019-class 6,11,1905ACJJGD,4.3,5,4.5,6.8,5.9,Passed
FA2019,FA2019-class 6,12,1905ACJJFH,4.4,0,0,5.8,2.2,Not Passed
FA2019,FA2019-class 6,13,1905ACJFFE,7.7,6.5,5.5,7,6.9,Passed
FA2019,FA2019-class 6,14,1905ACJBBD,3.7,2,0.5,0,2.1,Not Passed
FA2019,FA2019-class 6,15,1905ACJAGB,1.3,0.5,0.5,0,1.4,Not Passed
FA2019,FA2019-class 6,16,1905ACJAJA,5.5,4.5,3.5,7.4,5.8,Passed
FA2019,FA2019-class 6,17,1905ACJBJB,1.9,0.5,1,0,1,Not Passed
FA2019,FA2019-class 6,18,1905ACJBFD,5.2,5,0.5,6.6,5.1,Passed
FA2019,FA2019-class 6,19,1905ACJJCC,1.5,0,0,0,0.2,Not Passed
FA2019,FA2019-class 6,20,1905ACJCBA,0,0,0,0,0,Not Passed
FA2019,FA2019-class 6,21,1905FBGCB,1.1,0,0,0,0.1,Not Passed
FA2019,FA2019-class 6,22,1905ACJCDB,2.2,2,0.5,0,1.9,Not Passed
FA2019,FA2019-class 6,23,1905ACJBJC,4.9,3,2,0,2.8,Not Passed
FA2019,FA2019-class 6,24,1905ACJCIG,2.1,0,0,0,0.2,Not Passed
FA2019,FA2019-class 6,25,1905ACJBIG,2.9,0.5,0.5,0,0.6,Not Passed
FA2019,FA2019-class 6,26,1905ACJJHE,5.7,7,0.5,7,5.9,Passed
FA2019,FA2019-class 6,27,1905ACJBJD,5.8,4,2,7.2,5.3,Passed
FA2019,FA2019-class 6,28,1905ACJBBC,0,0,0,0,0,Not Passed
FA2019,FA2019-class 6,29,1905ACJACH,4.4,5,5.5,7,6.1,Passed
FA2019,FA2019-class 7,1,1905ACJJDC,6.6,5.5,4,8.2,6.6,Passed
FA2019,FA2019-class 7,2,1905ACJJEC,6.1,7.5,6,7.2,7.2,Passed
FA2019,FA2019-class 7,3,1905ACJDIH,5.1,5,3,5.8,5.3,Passed
FA2019,FA2019-class 7,4,1905FCBAD,0,0,0,0,0,Not Passed
FA2019,FA2019-class 7,5,1905FCCBI,2.6,0,0,0,0.3,Not Passed
FA2019,FA2019-class 7,6,1905FBEEF,0,0,0,0,0,Not Passed
FA2019,FA2019-class 7,7,1905FCJJA,0,0,0,0,0,Not Passed
FA2019,FA2019-class 7,8,1905FCDJC,0,0,0,0,0,Not Passed
FA2019,FA2019-class 7,9,1905FBGEG,0,0,0,0,0,Not Passed
FA2019,FA2019-class 7,10,1905ACJAFF,5.2,5,0.5,6.2,5,Passed
FA2019,FA2019-class 7,11,1905FAFHJ,0,0,0,0,0,Not Passed
FA2019,FA2019-class 7,12,1905ACJAFB,5,8,2,6.4,6.2,Passed
FA2019,FA2019-class 7,13,1905FCCCI,5,5,1,6.4,5.1,Passed
FA2019,FA2019-class 7,14,1905ACJGFB,0,0,0,0,0,Not Passed
FA2019,FA2019-class 7,15,1905FBAFI,0,0,0,0,0,Not Passed
FA2019,FA2019-class 7,16,1905ACJBBA,0,0,0,0,0,Not Passed
FA2019,FA2019-class 7,17,1905FBEEG,0,0,0,0,0,Not Passed
FA2019,FA2019-class 7,18,1905ACJFHF,6.5,6,1,5.8,5.4,Passed
FA2019,FA2019-class 7,19,1905FCEDA,4.2,5,1,5.2,4.7,Not Passed
FA2019,FA2019-class 7,20,1905FCJHD,0,0,0,0,0,Not Passed
FA2019,FA2019-class 7,21,1905ACJFHG,0,0,0,0,0,Not Passed
FA2019,FA2019-class 7,22,1905FBFCH,0,0,0,0,0,Not Passed
FA2019,FA2019-class 7,23,1905ACJGDA,4.7,5,1.5,7,5.4,Passed
FA2019,FA2019-class 7,24,1905ACJFDD,0,0,0,0,0,Not Passed
FA2019,FA2019-class 7,25,1905ACJGCB,6.1,6,3,6.2,5.9,Passed
FA2019,FA2019-class 7,26,1905FCCAA,0,0,0,0,0,Not Passed
FA2019,FA2019-class 7,27,1905ACJBDF,0,0,0,0,0,Not Passed
FA2019,FA2019-class 7,28,1905FBFAG,0,0,0,0,0,Not Passed
FA2019,FA2019-class 7,29,1905FAGAF,0,0,0,0,0,Not Passed
FA2019,FA2019-class 7,30,1905FBCHC,5.3,5,1,5.2,4.8,Not Passed
FA2020,FA2020-class 1,1,1905ADJDCD,4.5,0,0,0,1.5,Not Passed
FA2020,FA2020-class 1,2,1905ADJCCC,7.5,5,4,6.8,6.1,Passed
FA2020,FA2020-class 1,3,1905ADJCHB,7,9,6,6.2,7.5,Passed
FA2020,FA2020-class 1,4,1905ACJGBG,7,8,4,6,6.7,Passed
FA2020,FA2020-class 1,5,1905FAGHJ,5,5.5,4,6.8,6,Passed
FA2020,FA2020-class 1,6,1905ADJAAC,4.5,0,0,0,1.5,Not Passed
FA2020,FA2020-class 1,7,1905ADJJDB,7.5,6.5,4,7.4,6.7,Passed
FA2020,FA2020-class 1,8,1905ADJEEB,3,6.5,3,7.6,6.1,Passed
FA2020,FA2020-class 1,9,1905ADJBFC,6.5,7,6,5.8,6.7,Passed
FA2020,FA2020-class 1,10,1905ACJJJE,4,0,0,0,1.4,Not Passed
FA2020,FA2020-class 1,11,1905ACJBEI,8,9,7,7.2,8.1,Passed
FA2020,FA2020-class 1,12,1905ACJAFA,6.5,7,3,5.6,6,Passed
FA2020,FA2020-class 1,13,1905ADJDBD,7.5,3,7,7.8,6.4,Passed
FA2020,FA2020-class 1,14,1905ADAAAJ,5.5,4,0.5,7,5,Passed
FA2020,FA2020-class 1,15,1905ADJFHB,7,6,8,8.6,7.7,Passed
FA2020,FA2020-class 1,16,1905ADJCHC,5,3.5,3,6.2,5,Passed
FA2020,FA2020-class 1,17,1905ADJDFH,3,7,7,6.8,6.8,Passed
FA2020,FA2020-class 1,18,1905ADJCHJ,6,5,4,7,6,Passed
FA2020,FA2020-class 1,19,1905ADJFJB,7.5,3,1,7.4,5.1,Passed
FA2020,FA2020-class 1,20,1905FCBFD,4,0,0,0,1.4,Not Passed
FA2020,FA2020-class 1,21,1905ACJCEF,4.5,9,3,6.4,6.7,Passed
FA2020,FA2020-class 1,22,1905ADJBHA,7,7,1,6.2,5.9,Passed
FA2020,FA2020-class 1,23,1905ADJECF,6,5,2,7.6,5.8,Passed
FA2020,FA2020-class 1,24,1905ACJBCJ,7,4.5,4,5,5.4,Passed
FA2020,FA2020-class 1,25,1905ADAJID,6,3.5,6,5,5.4,Passed
FA2020,FA2020-class 1,26,1905ADJGEH,5.5,4.5,7,6,6.1,Passed
FA2020,FA2020-class 1,27,1905ADJDHA,0,0,0,0,1,Not Passed
FA2020,FA2020-class 1,28,1905ADJEFI,0,0,0,0,1,Not Passed
FA2020,FA2020-class 1,29,1905ADJIEI,8,6,8,6.4,7.1,Passed
FA2020,FA2020-class 1,30,1905ADJIIB,5,5,2,5.8,5.1,Passed
FA2020,FA2020-class 1,31,1905ADJDBJ,3,3,3,6,4.6,Not Passed
FA2020,FA2020-class 1,32,1905ADJBDJ,8,5,3,8.8,6.5,Passed
FA2020,FA2020-class 2,1,1905ADJIAF,4.8,2.5,10,7,6.3,Passed
FA2020,FA2020-class 2,2,1905ADJBFD,3.7,4.8,6,4.8,5.4,Passed
FA2020,FA2020-class 2,3,1905ADAJGJ,1.7,6.5,0.5,6.4,5.1,Passed
FA2020,FA2020-class 2,4,1905ADAAEA,0,0,0,0,1,Not Passed
FA2020,FA2020-class 2,5,1905ADAACB,6.1,8.3,3.5,6,6.6,Passed
FA2020,FA2020-class 2,6,1905FBCGH,0.5,6.3,0.5,6.4,5,Passed
FA2020,FA2020-class 2,7,1905FAHAH,0,0,0,0,1,Not Passed
FA2020,FA2020-class 2,8,1905ACJGFC,0,0,0,0,1,Not Passed
FA2020,FA2020-class 2,9,1905FCJGA,0,0,0,0,1,Not Passed
FA2020,FA2020-class 2,10,1905ADJEBB,5,8.8,6.5,6.8,7.5,Passed
FA2020,FA2020-class 2,11,1905ADJAJG,3.5,5.3,3,7.2,5.7,Passed
FA2020,FA2020-class 2,12,1905FBDEH,0,0,0,0,1,Not Passed
FA2020,FA2020-class 2,13,1905ADAJEJ,4,3.5,6.5,5.2,5.3,Passed
FA2020,FA2020-class 2,14,1905ADJGJG,4.7,4.8,9.5,6,6.6,Passed
FA2020,FA2020-class 2,15,1905ACJEAG,0,0,0,0,1,Not Passed
FA2020,FA2020-class 2,16,1905ADJCJH,4,6.3,2,5.2,5.3,Passed
FA2020,FA2020-class 2,17,1905FBGBD,0,0,0,0,1,Not Passed
FA2020,FA2020-class 2,18,1905ACJBEG,3.5,5.8,6,5.8,6,Passed
FA2020,FA2020-class 2,19,1905ADAJFF,6.3,5.5,6.5,7.6,6.9,Passed
FA2020,FA2020-class 2,20,1905ADJBBG,0,0,0,0,1,Not Passed
FA2020,FA2020-class 2,21,1905ADJGED,3.5,8.8,0.5,5.8,5.8,Passed
FA2020,FA2020-class 2,22,1905ACJGFB,1.7,0,0,0,1.2,Not Passed
FA2020,FA2020-class 2,23,1905ADJGEA,4.9,4.8,4.8,6.6,5.9,Passed
FA2020,FA2020-class 2,24,1905ADJCGB,4.3,0,0,0,1.4,Not Passed
FA2020,FA2020-class 2,25,1905FBIBJ,4.6,0,0,0,1.5,Not Passed
FA2020,FA2020-class 2,26,1905ADJGDC,3.7,5.5,3,6,5.4,Passed
FA2020,FA2020-class 2,27,1905ACJJGE,0,0,0,0,1,Not Passed
FA2020,FA2020-class 2,28,1905ADJFFH,4.8,3.8,1,7.2,5,Passed
FA2020,FA2020-class 2,29,1905ADAJAH,4.9,8.5,0.5,6.6,6.1,Passed
FA2020,FA2020-class 2,30,1905ADJCIF,4,0,0,0,1.4,Not Passed
FA2020,FA2020-class 2,31,1905ACJGFJ,3.2,0,0,0,1.3,Not Passed
FA2020,FA2020-class 3,1,1905ADJGEC,5.4,8.8,9.5,7.2,8.2,Passed
FA2020,FA2020-class 3,2,1905ADJFGI,3.6,4.8,9.5,6.6,6.7,Passed
FA2020,FA2020-class 3,3,1905ACJFHE,3.5,5.5,5,4.8,5.4,Passed
FA2020,FA2020-class 3,4,1905ADJEBC,6.7,5,5,7.4,6.4,Passed
FA2020,FA2020-class 3,5,1905FCBBD,4.7,5.8,6,4.8,5.8,Passed
FA2020,FA2020-class 3,6,1905FBIHC,4.9,0,0,0,1.5,Not Passed
FA2020,FA2020-class 3,7,1905ACJFGJ,2.3,0.5,3.5,0,2.1,Not Passed
FA2020,FA2020-class 3,8,1905ADJHJD,2.6,3,10,6.4,6.1,Passed
FA2020,FA2020-class 3,9,1905ADJJBI,4,3.5,4,7.2,5.4,Passed
FA2020,FA2020-class 3,10,1905FCJIH,3.8,4.8,9.5,4,5.9,Passed
FA2020,FA2020-class 3,11,1905ADJAFD,5.4,5,5,6.2,5.9,Passed
FA2020,FA2020-class 3,12,1905ADJHGA,6.3,5.5,9,6.6,7.1,Passed
FA2020,FA2020-class 3,13,1905ADJFCH,3.8,6.8,0.5,5.4,5.1,Passed
FA2020,FA2020-class 3,14,1905ADAJFI,3.9,6.5,0.5,7.6,5.7,Passed
FA2020,FA2020-class 3,15,1905ACJEAF,2.2,5.8,1,5.4,4.8,Not Passed
FA2020,FA2020-class 3,16,1905ADJFEG,2.8,6.5,0.5,5.6,5,Passed
FA2020,FA2020-class 3,17,1905ACJDED,0,0,0,0,1,Not Passed
FA2020,FA2020-class 3,18,1905ADJBEF,3.9,8.3,6,4.8,6.5,Passed
FA2020,FA2020-class 3,19,1905ADJHDJ,6,4.3,9,7.8,7,Passed
FA2020,FA2020-class 3,20,1905ADJFCG,5,7.3,3.5,6.4,6.3,Passed
FA2020,FA2020-class 3,21,1905FCAFJ,0,0,0,0,1,Not Passed
FA2020,FA2020-class 3,22,1905ACJCHE,2.7,4,9,5.8,6,Passed
FA2020,FA2020-class 3,23,1905ADJFJJ,4.1,5.5,0.5,6.8,5.2,Passed
FA2020,FA2020-class 3,24,1905ADJDAH,6.2,4.8,5,6.8,6.1,Passed
FA2020,FA2020-class 3,25,1905ADJHHF,4.7,4.3,9.5,5.4,6.3,Passed
FA2020,FA2020-class 3,26,1905ACJAFI,0,0,0,0,1,Not Passed
FA2020,FA2020-class 3,27,1905ADJDDH,3.4,3.8,3,7.4,5.3,Passed
FA2020,FA2020-class 3,28,1905ADJJGJ,3.5,8,5.5,5.8,6.6,Passed
FA2020,FA2020-class 3,29,1905FAHBA,0,0,0,0,1,Not Passed
FA2020,FA2020-class 3,30,1905ADJCJI,5.8,3.3,5,7,5.7,Passed
FA2020,FA2020-class 3,31,1905ADJGDH,4.2,0,0,0,1.4,Not Passed
FA2020,FA2020-class 3,32,1905FCCFH,2.2,0,0,0,1.2,Not Passed
FA2020,FA2020-class 4,1,1905ADJEDB,6.3,5,0.5,6.4,4.8,Not Passed
FA2020,FA2020-class 4,2,1905ADJHJB,5.8,4,2.5,6.6,5.3,Passed
FA2020,FA2020-class 4,3,1905ADJDIH,7.8,7,8,7.2,7.6,Passed
FA2020,FA2020-class 4,4,1905FBBEH,0.5,1,0.5,0,0.8,Attendance Fail
FA2020,FA2020-class 4,5,1905ADJHGJ,5,7,7,6.6,7,Passed
FA2020,FA2020-class 4,6,1905ADAAEA,2.5,1,0.5,0,1,Not Passed
FA2020,FA2020-class 4,7,1905ADJEJJ,8.3,7,6,6.8,7.2,Passed
FA2020,FA2020-class 4,8,1905ADJFIB,8.3,5,6,6.4,6.4,Passed
FA2020,FA2020-class 4,9,1905ADJDDG,3,1,0.5,0,1.7,Not Passed
FA2020,FA2020-class 4,10,1905ADJEBH,4.8,1,0.5,5,3.4,Not Passed
FA2020,FA2020-class 4,11,1905FCJBG,8,5,4,7.2,6.3,Passed
FA2020,FA2020-class 4,12,1905ADJAHC,3.3,1,0.5,0,1.4,Not Passed
FA2020,FA2020-class 4,13,1905ACJBCA,0.5,1,0.5,0,0.8,Attendance Fail
FA2020,FA2020-class 4,14,1905ADJEDJ,7.8,2,3,8.4,5.5,Passed
FA2020,FA2020-class 4,15,1905ADAJGG,7.5,2,4,6,5,Passed
FA2020,FA2020-class 4,16,1905ADJCCG,7.3,5,5,5.6,5.6,Passed
FA2020,FA2020-class 4,17,1905ADJECH,7.3,7,7,6,6.7,Passed
FA2020,FA2020-class 4,18,1905ACJAIJ,2.8,1,0.5,0,1.3,Not Passed
FA2020,FA2020-class 4,19,1905ADJJIJ,5.3,3,3,5.2,4.3,Not Passed
FA2020,FA2020-class 4,20,1905ADJGEA,2.8,1,0.5,0,1.3,Not Passed
FA2020,FA2020-class 4,21,1905ACJCHE,8.3,3,2,5.2,4.7,Not Passed
FA2020,FA2020-class 4,22,1905ADAADE,7.5,5,4,6.2,5.9,Passed
FA2020,FA2020-class 4,23,1905ADAACJ,8.3,5,3,6.4,5.8,Passed
FA2020,FA2020-class 4,24,1905ADJAEA,5.3,7,3,5.8,5.6,Passed
FA2020,FA2020-class 4,25,1905ADJHHF,3.3,2,0.5,0,1.7,Not Passed
FA2020,FA2020-class 4,26,1905ADJFIE,5.3,3,3,7,5.1,Passed
FA2020,FA2020-class 4,27,1905ADAJBC,6.5,5,2,7,5.3,Passed
FA2020,FA2020-class 4,28,1905ADJIJC,7.8,5,6,5.6,5.8,Passed
FA2020,FA2020-class 4,29,1905ADJEFB,5.5,4,7,5.4,5.8,Passed
FA2020,FA2020-class 4,30,1905ACJBEC,3.5,3,0.5,0,2,Not Passed
FA2020,FA2020-class 5,1,1905ADJGEC,6,2.5,1,6.2,4.4,Not Passed
FA2020,FA2020-class 5,2,1905ADJFDE,6.5,5,1,8,5.8,Passed
FA2020,FA2020-class 5,3,1905ADJBAE,6.5,3.5,1,7.2,5.1,Passed
FA2020,FA2020-class 5,4,1905ADJFCE,0,0,0,0,1,Attendance Fail
FA2020,FA2020-class 5,5,1905ADJHJE,4.5,3.5,1,5,4.2,Not Passed
FA2020,FA2020-class 5,6,1905ADJADB,5,6,1,5.2,5.1,Passed
FA2020,FA2020-class 5,7,1905ACJCJE,2.5,0,0,0,1.3,Attendance Fail
FA2020,FA2020-class 5,8,1905ADJEIC,5.5,2,1.5,8.6,5,Passed
FA2020,FA2020-class 5,9,1905ACJEGF,0,0,0,0,1,Attendance Fail
FA2020,FA2020-class 5,10,1905ACJBGF,1.5,1,1,0,1.7,Not Passed
FA2020,FA2020-class 5,11,1905ADAJIF,6.5,5.5,1.5,6,5.4,Passed
FA2020,FA2020-class 5,12,1905ADJAJG,2,1,1,0,1.7,Not Passed
FA2020,FA2020-class 5,13,1905ADAABJ,6.5,10,6,6.8,7.9,Passed
FA2020,FA2020-class 5,14,1905ADAJCA,6,6,1,6.6,5.6,Passed
FA2020,FA2020-class 5,15,1905ADJFCH,2,1,1,0,1.7,Not Passed
FA2020,FA2020-class 5,16,1905ADAAEF,6.5,4,1,8.2,5.5,Passed
FA2020,FA2020-class 5,17,1905ADJEAG,5.5,3,1,8,5.1,Passed
FA2020,FA2020-class 5,18,1905ADJADC,6,5.5,1,6.4,5.4,Passed
FA2020,FA2020-class 5,19,1905ADJFCJ,5,6,1,6.6,5.5,Passed
FA2020,FA2020-class 5,20,1905ACJEAG,2,0,0,0,1.2,Attendance Fail
FA2020,FA2020-class 5,21,1905FBIDH,1.5,0,0,0,1.2,Attendance Fail
FA2020,FA2020-class 5,22,1905ADJFEG,2,0,1,0,1.4,Not Passed
FA2020,FA2020-class 5,23,1905ACJAID,0,0,0,0,1,Attendance Fail
FA2020,FA2020-class 5,24,1905ADJJAB,10,7,2,7.4,6.7,Passed
FA2020,FA2020-class 5,25,1905ADJFJJ,3.5,1.5,1,0,2,Not Passed
FA2020,FA2020-class 5,26,1905ADJIEE,0,0,0,0,1,Attendance Fail
FA2020,FA2020-class 5,27,1905ADJHJC,9.5,8,4,7.4,7.4,Passed
FA2020,FA2020-class 5,28,1905ADJJGJ,4,2,1,0,2.2,Not Passed
FA2020,FA2020-class 5,29,1905ADAJII,10,5.5,1.5,6.8,6,Passed
FA2020,FA2020-class 5,30,1905ADAABE,9,9,4,8,7.8,Passed
FA2020,FA2020-class 6,1,1905ADJBFJ,7.5,4,2,5.6,5,Passed
FA2020,FA2020-class 6,2,1905ADJJGH,6.5,9,4,5.4,6.8,Passed
FA2020,FA2020-class 6,3,1905ADAAJE,2,0,0,0,1.2,Attendance Fail
FA2020,FA2020-class 6,4,1905ACJGAG,0,0,0,0,1,Attendance Fail
FA2020,FA2020-class 6,5,1905ADJAAC,4,1,1,0,1.9,Not Passed
FA2020,FA2020-class 6,6,1905ADJIBJ,6.5,7,1,7.6,6.2,Passed
FA2020,FA2020-class 6,7,1905ADJFBB,7,9,4,8,7.6,Passed
FA2020,FA2020-class 6,8,1905ADJCDF,5,6,1,5.8,5.2,Passed
FA2020,FA2020-class 6,9,1905ACJDDE,3,0,0,0,1.3,Attendance Fail
FA2020,FA2020-class 6,10,1905ADJHAG,6.5,6,0.5,7.6,5.8,Passed
FA2020,FA2020-class 6,11,1905ADJFJB,5.5,1,1,0,2.1,Not Passed
FA2020,FA2020-class 6,12,1905ADJJEE,6,9,4,8.2,7.6,Passed
FA2020,FA2020-class 6,13,1905ADJJEC,7.5,3,1,8.6,5.4,Passed
FA2020,FA2020-class 6,14,1905ADJBHA,5.5,3.5,1,7,4.9,Not Passed
FA2020,FA2020-class 6,15,1905ADJJFC,7,5,1,7,5.5,Passed
FA2020,FA2020-class 6,16,1905ADAJIE,5,9,4,5.8,6.7,Passed
FA2020,FA2020-class 6,17,1905ADJIGJ,10,4,1,7.6,5.7,Passed
FA2020,FA2020-class 6,18,1905ADJJED,7,5,1,6.8,5.4,Passed
FA2020,FA2020-class 6,19,1905ADAJFF,2,1,2,0,1.9,Not Passed
FA2020,FA2020-class 6,20,1905ADAADB,4,2,1,4.4,3.5,Not Passed
FA2020,FA2020-class 6,21,1905ADJJEB,6.5,5.5,1,7,5.6,Passed
FA2020,FA2020-class 6,22,1905ADJDHA,2,0,0,0,1.2,Attendance Fail
FA2020,FA2020-class 6,23,1905ADJFCG,4,1,1,5,3.4,Not Passed
FA2020,FA2020-class 6,24,1905ADJBGF,2,0,0,0,1.2,Not Passed
FA2020,FA2020-class 6,25,1905ADAAJG,5.5,4,1,6.8,5,Passed
FA2020,FA2020-class 6,26,1905ADJJIH,8,7.5,2,7.2,6.6,Passed
FA2020,FA2020-class 6,27,1905ADJFFH,2,0,0,0,1.2,Not Passed
FA2020,FA2020-class 6,28,1905ADAJAH,4.5,1,1,0,2,Not Passed
FA2020,FA2020-class 6,29,1905ADAJIH,3,0,0,0,1.3,Attendance Fail
FA2020,FA2020-class 6,30,1905ADJBDJ,2,0,0,0,1.2,Not Passed
FA2020,FA2020-class 7,1,1905ADJDCD,1.5,0,0,0,0.2,Not Passed
FA2020,FA2020-class 7,2,1905ADJCCC,2.2,0,0,0,0.2,Not Passed
FA2020,FA2020-class 7,3,1905ADJBFD,1.4,0,0,0,0.1,Not Passed
FA2020,FA2020-class 7,4,1905ADJJDB,2.7,0.5,2.5,0,1.9,Not Passed
FA2020,FA2020-class 7,5,1905ADJBFC,1.6,0,0,0,0.2,Not Passed
FA2020,FA2020-class 7,6,1905ADJFDF,2.2,1.8,0.5,0,1.9,Not Passed
FA2020,FA2020-class 7,7,1905ADJDBD,2.5,0,0,0,0.3,Not Passed
FA2020,FA2020-class 7,8,1905ADJFHB,3.2,0,0,0,0.3,Not Passed
FA2020,FA2020-class 7,9,1905ADJCHC,2.5,0,0,0,0.3,Not Passed
FA2020,FA2020-class 7,10,1905ADJCHJ,2.3,0,0,0,0.2,Not Passed
FA2020,FA2020-class 7,11,1905ADJBHB,5.7,4,0.5,7.2,5,Passed
FA2020,FA2020-class 7,12,1905ADAJBF,4.8,4.8,9,5.8,6.5,Passed
FA2020,FA2020-class 7,13,1905ADJCJC,4.9,5.3,3,5.4,5.3,Passed
FA2020,FA2020-class 7,14,1905ADAJEJ,3.9,0,0,0,0.4,Not Passed
FA2020,FA2020-class 7,15,1905ADAABH,5.8,7.5,4,7.4,6.9,Passed
FA2020,FA2020-class 7,16,1905ADAJID,1.9,0,0,0,0.2,Not Passed
FA2020,FA2020-class 7,17,1905ADJBHG,0,0,0,0,0,Not Passed
FA2020,FA2020-class 7,18,1905ADJIEI,3.5,0.5,3,0,2.1,Not Passed
FA2020,FA2020-class 7,19,1905FCBFI,0,0,0,0,0,Not Passed
FA2020,FA2020-class 7,20,1905ADAJAC,4.2,5,3.5,6.8,5.7,Passed
FA2020,FA2020-class 7,21,1905ADJJGC,0,0,0,0,0,Not Passed
FA2020,FA2020-class 7,22,1905ADJIFE,4.8,5.3,3,6,5.5,Passed
FA2020,FA2020-class 7,23,1905FCBDE,1.6,3.3,0.5,0,2.3,Not Passed
FA2020,FA2020-class 7,24,1905ACJCHB,0,0,0,0,0,Not Passed
FA2020,FA2020-class 7,25,1905FCDFH,2.2,0,0,0,0.2,Not Passed
FA2020,FA2020-class 7,26,1905ADJBGI,1.6,0,0,0,0.2,Not Passed
FA2020,FA2020-class 7,27,1905ADJBCD,2.5,0,0,0,0.3,Not Passed
FA2020,FA2020-class 7,28,1905ADJDBJ,2.5,0,0,0,0.3,Not Passed
FA2020,FA2020-class 7,29,1905ADJGDH,1.9,0,0,0,0.2,Not Passed
FA2020,FA2020-class 7,30,1905ADJHDC,2.2,0,0,0,0.2,Not Passed
FA2020,FA2020-class 8,1,1905ADJJCC,6.5,5.5,2,6.8,5.7,Passed
FA2020,FA2020-class 8,2,1905ADJIII,6.5,5,1,5.8,5.1,Passed
FA2020,FA2020-class 8,3,1905ACJFBI,0,0,0,0,1,Attendance Fail
FA2020,FA2020-class 8,4,1905ADAAAH,3,7,1,6.6,5.6,Passed
FA2020,FA2020-class 8,5,1905ADAJHJ,5,3,1,7.8,4.9,Not Passed
FA2020,FA2020-class 8,6,1905ACJGFC,3,0,0,0,1.3,Not Passed
FA2020,FA2020-class 8,7,1905ACJFGJ,2.5,0,0,0,1.3,Attendance Fail
FA2020,FA2020-class 8,8,1905ADJJGF,2.5,0,0,0,1.3,Not Passed
FA2020,FA2020-class 8,9,1905ADJJBI,3,3,1,0,2.4,Not Passed
FA2020,FA2020-class 8,10,1905ADAJDE,2,0,0,0,1.2,Attendance Fail
FA2020,FA2020-class 8,11,1905ADJEBB,4.5,2,1,5.8,4,Not Passed
FA2020,FA2020-class 8,12,1905ADJAFD,4.5,2,1,0,2.3,Not Passed
FA2020,FA2020-class 8,13,1905ACJCEF,6,1,1,0,2.1,Not Passed
FA2020,FA2020-class 8,14,1905ADJGEJ,4.5,4.5,1,7.2,5.2,Passed
FA2020,FA2020-class 8,15,1905ADAAJH,3.5,5.5,1,7.6,5.5,Passed
FA2020,FA2020-class 8,16,1905ADJJHI,5.5,6.5,0.5,7.6,5.9,Passed
FA2020,FA2020-class 8,17,1905ADJBAD,3,6.5,2.5,6,5.6,Passed
FA2020,FA2020-class 8,18,1905ADAJFI,4,2,1,5.6,3.9,Not Passed
FA2020,FA2020-class 8,19,1905ADJDDF,6,0,1,0,1.8,Not Passed
FA2020,FA2020-class 8,20,1905ADJAFE,5.5,6,1,7,5.7,Passed
FA2020,FA2020-class 8,21,1905ADAJGB,4.5,7,1,5.6,5.4,Passed
FA2020,FA2020-class 8,22,1905ADJJCF,8.5,8,5,7.6,7.5,Passed
FA2020,FA2020-class 8,23,1905ADJEFI,1,0,0,0,1.1,Attendance Fail
FA2020,FA2020-class 8,24,1905ADJHFG,6,7,3,6.2,6.2,Passed
FA2020,FA2020-class 8,25,1905ADJJIC,0,0,0,0,1,Attendance Fail
FA2020,FA2020-class 8,26,1905ADJIHA,4.5,7.5,1,6.2,5.8,Passed
FA2020,FA2020-class 8,27,1905ADJJCG,7,9,5,8,7.8,Passed
FA2020,FA2020-class 8,28,1905ADJBAI,6,7.5,2.5,7.2,6.5,Passed
FA2020,FA2020-class 8,29,1905ADJIHD,5.5,7.5,3,7,6.5,Passed
FA2020,FA2020-class 8,30,1905ADJDHI,5,5,1,7.4,5.4,Passed
FA2020,FA2020-class 9,1,1905ADAAID,5,8,1,5.4,5.7,Passed
FA2020,FA2020-class 9,2,1905ADJHBD,4.5,2,1,8,4.7,Not Passed
FA2020,FA2020-class 9,3,1905ADJIIC,7.5,6,1,6.2,5.6,Passed
FA2020,FA2020-class 9,4,1905ADJEBC,2,0,0,0,1.2,Attendance Fail
FA2020,FA2020-class 9,5,1905ADJEEB,5.5,1,0.5,0,2,Not Passed
FA2020,FA2020-class 9,6,1905ADJHJI,7,4,1,6.6,5.1,Passed
FA2020,FA2020-class 9,7,1905ADAACB,2,1,1,0,1.7,Not Passed
FA2020,FA2020-class 9,8,1905ADJFFE,7,4,1,7.4,5.3,Passed
FA2020,FA2020-class 9,9,1905ADAJAE,0,0,0,0,1,Attendance Fail
FA2020,FA2020-class 9,10,1905ADJGBE,5.5,5.5,0.5,7.4,5.5,Passed
FA2020,FA2020-class 9,11,1905ADJIHJ,5,7,4,7.4,6.6,Passed
FA2020,FA2020-class 9,12,1905ADAAAJ,2,0,0,0,1.2,Attendance Fail
FA2020,FA2020-class 9,13,1905ADJBJE,8.5,7.5,1,7.6,6.6,Passed
FA2020,FA2020-class 9,14,1905ADJFED,0,0,0,0,1,Attendance Fail
FA2020,FA2020-class 9,15,1905ADJHGA,2.5,0,0,0,1.3,Attendance Fail
FA2020,FA2020-class 9,16,1905ADJDEE,0,0,0,0,1,Attendance Fail
FA2020,FA2020-class 9,17,1905ACJBHJ,0,0,0,0,1,Attendance Fail
FA2020,FA2020-class 9,18,1905ADJHAD,6,5,1,7.4,5.5,Passed
FA2020,FA2020-class 9,19,1905ADJHAA,7,6,2,6.2,5.8,Passed
FA2020,FA2020-class 9,20,1905ADJCJH,3,0,0,0,1.3,Not Passed
FA2020,FA2020-class 9,21,1905ADJECF,3.5,0,0,0,1.4,Not Passed
FA2020,FA2020-class 9,22,1905ADJGHD,3,0,1,0,1.5,Not Passed
FA2020,FA2020-class 9,23,1905ADJHDJ,3,0,0,0,1.3,Attendance Fail
FA2020,FA2020-class 9,24,1905ADJBJI,4.5,6,1,6.8,5.5,Passed
FA2020,FA2020-class 9,25,1905ADJGCJ,2,1,1,0,1.7,Not Passed
FA2020,FA2020-class 9,26,1905ADJEEE,7.5,7.5,1.5,6.4,6.2,Passed
FA2020,FA2020-class 9,27,1905ADJDAH,2.5,0,0,0,1.3,Attendance Fail
FA2020,FA2020-class 9,28,1905ADJIJD,5.5,5.5,2,7.2,5.8,Passed
FA2020,FA2020-class 9,29,1905ADJEFD,0,0,0,0,1,Attendance Fail
FA2020,FA2020-class 9,30,1905ADJCJI,6,2,1,0,2.4,Not Passed
FA2020,FA2020-class 10,1,1905FCJAD,5.4,7.5,5,5,6,Passed
FA2020,FA2020-class 10,2,1905FBHGI,7.1,7.5,5,5.4,6.3,Passed
FA2020,FA2020-class 10,3,1905ADJDDE,6.8,0,0,0,0.8,Attendance Fail
FA2020,FA2020-class 10,4,1905FBFGD,0,0,0,0,0,Attendance Fail
FA2020,FA2020-class 10,5,1905ACJBFG,0,0,0,0,0,Attendance Fail
FA2020,FA2020-class 10,6,1905FAHAH,0,0,0,0,0,Attendance Fail
FA2020,FA2020-class 10,7,1905ADJDAB,6.4,6,2.5,4.8,4.7,Not Passed
FA2020,FA2020-class 10,8,1905ADJEAB,7.3,9,3,5.8,6.6,Passed
FA2020,FA2020-class 10,9,1905ACJDIG,0,0,0,0,0,Attendance Fail
FA2020,FA2020-class 10,10,1905ADJEDE,6.8,7.5,6,7.8,7.2,Passed
FA2020,FA2020-class 10,11,1905ADJJDJ,5.8,0,0,0,0.8,Attendance Fail
FA2020,FA2020-class 10,12,1905ADAABC,7.7,0,0,0,1,Attendance Fail
FA2020,FA2020-class 10,13,1905FCBGC,7.3,7.5,8,5.2,6.9,Passed
FA2020,FA2020-class 10,14,1905ADJDBB,6.5,8,2,5,5.5,Passed
FA2020,FA2020-class 10,15,1905ACJEBG,6.4,0,0,0,0.9,Attendance Fail
FA2020,FA2020-class 10,16,1905FCJDJ,7.4,7,3.5,6,6.2,Passed
FA2020,FA2020-class 10,17,1905ADJDFA,5.9,0,2,0,1.1,Not Passed
FA2020,FA2020-class 10,18,1905FBIAI,7.4,7,8,7.2,7,Passed
FA2020,FA2020-class 10,19,1905ACJGGE,6.9,1.5,8,4.2,4.2,Not Passed
FA2020,FA2020-class 10,20,1905ADAACC,8.4,9,8.5,8.6,8.8,Passed
FA2020,FA2020-class 10,21,1905ADJHGB,6.1,6,7,7,6.6,Passed
FA2020,FA2020-class 10,22,1905FCAGG,7.4,7.5,3.5,6.6,6.5,Passed
FA2020,FA2020-class 10,23,1905ACJAIE,0,0,0,0,0,Attendance Fail
FA2020,FA2020-class 10,24,1905ADJIIE,6.9,8,2.5,5.6,5.9,Passed
FA2020,FA2020-class 10,25,1905ADJCDD,7.7,9,10,8.2,8.9,Passed
FA2020,FA2020-class 10,26,1905FBIGD,6.6,7,5,6.8,6.6,Passed
FA2020,FA2020-class 10,27,1905ADJFCF,6.5,6,5,5.8,5.5,Passed
FA2020,FA2020-class 10,28,1905ADJHID,6.2,3,4.5,6,4.7,Not Passed
FA2020,FA2020-class 10,29,1905ADJJDF,3.6,0,0,0,0.6,Attendance Fail
FA2020,FA2020-class 10,30,1905ADJAEG,6.1,9,3,5.4,6.2,Passed
FA2020,FA2020-class 11,1,1905ACJDJJ,5.3,5,4,7.4,6,Passed
FA2020,FA2020-class 11,2,1905ADJAHJ,2.8,0,0,0,0.6,Not Passed
FA2020,FA2020-class 11,3,1905ADJFEE,8.8,8,8,7.8,7.9,Passed
FA2020,FA2020-class 11,4,1905ACJJJE,3,0,0,0,1,Not Passed
FA2020,FA2020-class 11,5,1905FBBJC,2.8,6,4.5,7.2,5.5,Passed
FA2020,FA2020-class 11,6,1905ADJFBJ,3,0,0.5,0,1.4,Not Passed
FA2020,FA2020-class 11,7,1905ADJBGH,2.5,0,0,0,1.3,Not Passed
FA2020,FA2020-class 11,8,1905ADJBHJ,2.5,0,0.5,0,1.4,Not Passed
FA2020,FA2020-class 11,9,1905FBJJA,0,0,0,0,0,Attendance Fail
FA2020,FA2020-class 11,10,1905ADJCFC,8.3,5,3,7.2,5.8,Passed
FA2020,FA2020-class 11,11,1905FCBGH,0,0,0,0,0,Attendance Fail
FA2020,FA2020-class 11,12,1905ADJIFG,3,0,0,0,1,Not Passed
FA2020,FA2020-class 11,13,1905ADJDHB,7.5,4,3,6.2,5.1,Passed
FA2020,FA2020-class 11,14,1905ADJECA,3.3,0,0,0,1.3,Not Passed
FA2020,FA2020-class 11,15,1905ADJHCD,8.5,5,4,6,5.6,Passed
FA2020,FA2020-class 11,16,1905FBFED,2.8,0,0,0,0.6,Not Passed
FA2020,FA2020-class 11,17,1905ADJAAF,7,5,2,8.8,5.6,Passed
FA2020,FA2020-class 11,18,1905ADJBIJ,8.3,6,3.5,5.4,5.9,Passed
FA2020,FA2020-class 11,19,1905ADJBEJ,8.8,7,5.5,6.8,7.1,Passed
FA2020,FA2020-class 11,20,1905ADJDED,2.3,0,0,0,0.2,Not Passed
FA2020,FA2020-class 11,21,1905ACJFCG,5.3,4,1.5,5.4,4.3,Not Passed
FA2020,FA2020-class 11,22,1905FCAFI,0,0,0,0,0,Attendance Fail
FA2020,FA2020-class 11,23,1905ADJFAD,3.5,0,1,0,1.6,Not Passed
FA2020,FA2020-class 11,24,1905ADJFBD,3,2,0.5,4.4,3.3,Not Passed
FA2020,FA2020-class 11,25,1905FBCHE,2.3,8,7.5,6.4,6.7,Passed
FA2020,FA2020-class 12,1,1905FCDCG,6.3,8,3,5.6,6.3,Passed
FA2020,FA2020-class 12,2,1905ADJHIJ,2.2,0,0,0,0.2,Not Passed
FA2020,FA2020-class 12,3,1905ADJABE,6.1,9,9,7.2,8.3,Passed
FA2020,FA2020-class 12,4,1905ADAJBH,5.2,8,0.5,7.6,6.3,Passed
FA2020,FA2020-class 12,5,1905FCCHE,0,0,0,0,0,Not Passed
FA2020,FA2020-class 12,6,1905ADJEHJ,1.4,0,0,0,0.1,Not Passed
FA2020,FA2020-class 12,7,1905ADJFIC,5.4,5.8,0.5,5.6,5.1,Passed
FA2020,FA2020-class 12,8,1905ADJADE,0,0,0,0,0,Not Passed
FA2020,FA2020-class 12,9,1905ACJDID,2.7,0,0,0,0.3,Not Passed
FA2020,FA2020-class 12,10,1905FCJJA,3.2,0,0,0,0.3,Not Passed
FA2020,FA2020-class 12,11,1905FCEEB,2.7,0,0,0,0.3,Not Passed
FA2020,FA2020-class 12,12,1905ADJGJG,3.2,0.5,3,0,2.1,Not Passed
FA2020,FA2020-class 12,13,1905ADJHBC,5.1,6.5,3,5.8,5.8,Passed
FA2020,FA2020-class 12,14,1905ADJHHH,2.3,0,0,0,0.2,Not Passed
FA2020,FA2020-class 12,15,1905ADJGED,2,0.5,3,0,2,Not Passed
FA2020,FA2020-class 12,16,1905ACJCCC,2.2,0,0,0,0.2,Not Passed
FA2020,FA2020-class 12,17,1905ADJJBE,1.9,0,0,0,0.2,Not Passed
FA2020,FA2020-class 12,18,1905ADJGJF,5.2,5,2,6.4,5.3,Passed
FA2020,FA2020-class 12,19,1905ACJEJD,2.8,0,0,0,0.3,Not Passed
FA2020,FA2020-class 12,20,1905ADJHBH,1,0,0,0,0.1,Not Passed
FA2020,FA2020-class 12,21,1905ADJHHJ,0.6,0,0,0,0.1,Not Passed
FA2020,FA2020-class 12,22,1905ADJHEF,5.3,6,3.5,5.4,5.7,Passed
FA2020,FA2020-class 12,23,1905ACJEIF,2.3,0,0,0,0.2,Not Passed
FA2020,FA2020-class 12,24,1905ACJAEI,0,0,0,0,0,Not Passed
FA2020,FA2020-class 12,25,1905ACJECJ,3.2,0,0,0,0.3,Not Passed
FA2020,FA2020-class 12,26,1905ADJFII,1.6,0,0,0,0.2,Not Passed
FA2020,FA2020-class 12,27,1905ADJABG,2.5,0,0,0,0.3,Not Passed
FA2020,FA2020-class 12,28,1905ADJIIB,3.3,0,0,0,0.3,Not Passed
FA2020,FA2020-class 12,29,1905ACJEBI,2.5,0,0,0,0.3,Not Passed
FA2020,FA2020-class 12,30,1905ADJFHJ,4.8,7.5,3,6.2,6.2,Passed
FA2020,FA2020-class 13,1,1905ADJJFA,0,0,0,0,0,Attendance Fail
FA2020,FA2020-class 13,2,1905ACJABE,0,0,0,0,0.2,Attendance Fail
FA2020,FA2020-class 13,3,1905ADJHJJ,8.1,7,5,5.8,6.3,Passed
FA2020,FA2020-class 13,4,1905ADJIHE,4.5,0,0,0,0.5,Attendance Fail
FA2020,FA2020-class 13,5,1905ADJHJF,6.8,7,2,6.2,5.7,Passed
FA2020,FA2020-class 13,6,1905FAEID,8.4,6,3,6,5.7,Passed
FA2020,FA2020-class 13,7,1905ACJFJH,4.7,4,5,5.8,5,Passed
FA2020,FA2020-class 13,8,1905ADJHBE,7.7,6,4.5,7,5.9,Passed
FA2020,FA2020-class 13,9,1905FCAIG,0,0,0,0,0,Attendance Fail
FA2020,FA2020-class 13,10,1905ADJHJD,2,0,0,0,0.6,Attendance Fail
FA2020,FA2020-class 13,11,1905FCJGA,6,7,3.5,0,3.7,Attendance Fail
FA2020,FA2020-class 13,12,1905FBBBA,0,0,0,0,0,Attendance Fail
FA2020,FA2020-class 13,13,1905ACJGBJ,7.8,6,7,5,6.2,Passed
FA2020,FA2020-class 13,14,1905ADJJEG,6.4,5.5,4,5.8,5.6,Passed
FA2020,FA2020-class 13,15,1905ADJFDJ,1,0,0,0,0.1,Attendance Fail
FA2020,FA2020-class 13,16,1905ADAAJB,8.4,7,5,6.6,6.7,Passed
FA2020,FA2020-class 13,17,1905ADJBBG,8.4,2,3,0,2.4,Not Passed
FA2020,FA2020-class 13,18,1905ADJBCF,0,0,0,0,0,Attendance Fail
FA2020,FA2020-class 13,19,1905FCAFJ,0,0,0,0,0,Attendance Fail
FA2020,FA2020-class 13,20,1905ADJFAJ,7.9,7.5,7,6.4,7.2,Passed
FA2020,FA2020-class 13,21,1905ADJEDF,6.8,6,5,5.6,5.6,Passed
FA2020,FA2020-class 13,22,1905ADJHJG,5.2,0,0,0,0.9,Attendance Fail
FA2020,FA2020-class 13,23,1905ADJEED,3.7,0,3,0,1,Not Passed
FA2020,FA2020-class 13,24,1905FBCCH,5.9,6,3,7.4,5.5,Passed
FA2020,FA2020-class 13,25,1905ADJADH,5,2,2,0,1.7,Not Passed
FA2020,FA2020-class 13,26,1905JEAED,0,0,0,0,0,Attendance Fail
FA2020,FA2020-class 13,27,1905ACJAHE,6.7,6,4,5.6,5.2,Passed
FA2020,FA2020-class 13,28,1905FCBEC,0,0,0,0,0,Attendance Fail
FA2020,FA2020-class 13,29,1905ACJBGG,7.8,7,7,7.4,7.2,Passed
FA2020,FA2020-class 13,30,1905ACJFDJ,0,0,0,0,0,Attendance Fail
FA2020,FA2020-class 14,1,1905ADJIAF,8.3,1,1,0,1.7,Not Passed
FA2020,FA2020-class 14,2,1905FCCAE,3.3,0,0,0,1.1,Not Passed
FA2020,FA2020-class 14,3,1905ACJDBH,3.8,0,0,0,1.2,Not Passed
FA2020,FA2020-class 14,4,1905ADAJGJ,0,0,0,0,0.8,Not Passed
FA2020,FA2020-class 14,5,1905ADAABI,8.5,2,5,6.4,5.2,Passed
FA2020,FA2020-class 14,6,1905ADJHIC,8,5,2,7.6,5.6,Passed
FA2020,FA2020-class 14,7,1905ADJIGA,9,6,6,7.8,7.2,Passed
FA2020,FA2020-class 14,8,1905ADAJEF,9.3,5,2,7,5.7,Passed
FA2020,FA2020-class 14,9,1905ADJDFH,8.5,1,1,0,2.2,Not Passed
FA2020,FA2020-class 14,10,1905ADJDCC,9,4,2,7.8,5.8,Passed
FA2020,FA2020-class 14,11,1905ADJGIH,9,8,6,7.8,7.8,Passed
FA2020,FA2020-class 14,12,1905ADJIGG,8,7,6,5.8,6.8,Passed
FA2020,FA2020-class 14,13,1905ADJCDA,8.8,4,6,7.6,6.6,Passed
FA2020,FA2020-class 14,14,1905ADJDEF,4,0,0,0,1.2,Not Passed
FA2020,FA2020-class 14,15,1905ADJDGC,3.5,5,1,0,2.5,Not Passed
FA2020,FA2020-class 14,16,1905ADJIJH,8,6,3,5.6,5.9,Passed
FA2020,FA2020-class 14,17,1905ADAJIC,9.3,7,8,7,7.7,Passed
FA2020,FA2020-class 14,18,1905ADJFIJ,8.5,7,5,5.8,6.5,Passed
FA2020,FA2020-class 14,19,1905ADJHEB,3.8,0,0,0,1,Not Passed
FA2020,FA2020-class 14,20,1905ADJHJH,9.3,6,3,4.6,5.7,Passed
FA2020,FA2020-class 14,21,1905ADJCCA,9,3,4,5.4,5,Passed
FA2020,FA2020-class 14,22,1905ADJIGB,9,6,3,4.6,5.7,Passed
FA2020,FA2020-class 14,23,1905ACJEGB,3.5,0,2,0,1.8,Not Passed
FA2020,FA2020-class 14,24,1905ADAABD,9,6,5,6.4,6.6,Passed
FA2020,FA2020-class 14,25,1905ADJIJB,9,7,4,7.8,6.9,Passed
FA2020,FA2020-class 14,26,1905ADAJEG,8.8,6,5,7.8,7,Passed
FA2020,FA2020-class 14,27,1905ADJJFF,8.8,3,4,7.2,5.7,Passed
FA2020,FA2020-class 14,28,1905ADJDCH,2.8,0,0,0,1.1,Not Passed
FA2020,FA2020-class 14,29,1905ADJBJH,8.5,5,1,5,5.1,Passed
FA2020,FA2020-class 14,30,1905ADAABA,8.3,3,3,7.2,5.3,Passed
FA2020,FA2020-class 15,1,1905ADJCCE,8.1,6.5,7.5,5,6.7,Passed
FA2020,FA2020-class 15,2,1905ADJFGD,5.2,6.5,3,6.4,5.4,Passed
FA2020,FA2020-class 15,3,1905ADAJAI,8.8,8.5,9,8,8.6,Passed
FA2020,FA2020-class 15,4,1905ADAJIG,5.4,7.5,2,5.8,5.6,Passed
FA2020,FA2020-class 15,5,1905ACJDCC,4.3,0,0,0,0.8,Attendance Fail
FA2020,FA2020-class 15,6,1905ACJFHE,0,0,0,0,0.1,Attendance Fail
FA2020,FA2020-class 15,7,1905ADAJFJ,0,0,0,0,0,Attendance Fail
FA2020,FA2020-class 15,8,1905ADAJBE,7.7,8.5,6,7.8,7.8,Passed
FA2020,FA2020-class 15,9,1905ADJEJA,8,7.5,4.5,8.2,7.4,Passed
FA2020,FA2020-class 15,10,1905ACJBIC,8.2,6,5,5.8,5.7,Passed
FA2020,FA2020-class 15,11,1905FBEHH,0,0,0,0,0,Attendance Fail
FA2020,FA2020-class 15,12,1905ACJDEA,7.1,6.5,6.5,4.6,6,Passed
FA2020,FA2020-class 15,13,1905ADJJBH,8.1,7,6.5,6.8,7.2,Passed
FA2020,FA2020-class 15,14,1905ADJCFJ,7.3,7,3.5,6.6,6,Passed
FA2020,FA2020-class 15,15,1905ADJFEB,8.1,7,3.5,5.8,6.1,Passed
FA2020,FA2020-class 15,16,1905ADJGGG,7.3,6.5,4.5,6.2,6.2,Passed
FA2020,FA2020-class 15,17,1905ADJCBJ,0,0,0,0,0,Attendance Fail
FA2020,FA2020-class 15,18,1905FCDBD,7.2,6,5,6.2,6.3,Passed
FA2020,FA2020-class 15,19,1905ADJGEH,0,0,0,0,0.2,Attendance Fail
FA2020,FA2020-class 15,20,1905ACJGFB,0,0,0,0,0,Attendance Fail
FA2020,FA2020-class 15,21,1905ADJEGC,8.1,7,3,5.2,6,Passed
FA2020,FA2020-class 15,22,1905ADJEBD,7.7,7.5,6.5,6.8,7.1,Passed
FA2020,FA2020-class 15,23,1905ACJFEI,2,0,0,0,0.5,Attendance Fail
FA2020,FA2020-class 15,24,1905JEHCD,6.6,6.5,3.5,4,5,Passed
FA2020,FA2020-class 15,25,1905FBBBD,0,0,0,0,0,Attendance Fail
FA2020,FA2020-class 15,26,1905ADJCIF,0,0,0,0,0,Attendance Fail
FA2020,FA2020-class 15,27,1905ADAAGF,7,4,2,6.8,5.1,Passed
FA2020,FA2020-class 15,28,1905ADAAJJ,6.1,0,0,0,1,Not Passed
SP2017,SP2017-class 1,1,1905FBBBJ,,,,,7.9,Passed
SP2017,SP2017-class 1,2,1905FBADB,,,,,0.5,Not Passed
SP2017,SP2017-class 1,3,1905FBAID,,,,,1.4,Not Passed
SP2017,SP2017-class 1,4,1905FBDFC,,,,,0.8,Not Passed
SP2017,SP2017-class 1,5,1905FBFAF,,,,,7.7,Passed
SP2017,SP2017-class 1,6,1905FJIAI,,,,,5.2,Passed
SP2017,SP2017-class 1,7,1905FBADF,,,,,7,Passed
SP2017,SP2017-class 2,1,1905FADGI,,,,,7.7,Passed
SP2017,SP2017-class 2,2,1905FBJIF,,,,,1.6,Not Passed
SP2017,SP2017-class 2,3,1905FBJDF,,,,,4.2,Not Passed
SP2017,SP2017-class 2,4,1905FBAJG,,,,,1.5,Not Passed
SP2017,SP2017-class 2,5,1905FBACJ,,,,,7.9,Passed
SP2017,SP2017-class 2,6,1905FACIG,,,,,0.7,Not Passed
SP2017,SP2017-class 2,7,1905FACAD,,,,,0,Not Passed
SP2017,SP2017-class 2,8,1905FBJJD,,,,,6.7,Passed
SP2017,SP2017-class 2,9,1905FBAEI,,,,,2.5,Not Passed
SP2017,SP2017-class 2,10,1905FBAJH,,,,,6.7,Passed
SP2017,SP2017-class 2,11,1905FBGHA,,,,,0,Not Passed
SP2017,SP2017-class 2,12,1905FAGCH,,,,,4.2,Not Passed
SP2017,SP2017-class 2,13,1905FAGEA,,,,,6.4,Passed
SP2017,SP2017-class 2,14,1905FAEHC,,,,,5.4,Passed
SP2017,SP2017-class 2,15,1905FAACG,,,,,0,Not Passed
SP2017,SP2017-class 2,16,1905FAHBA,,,,,4.7,Not Passed
SP2017,SP2017-class 2,17,1905FAECD,,,,,0,Not Passed
SP2017,SP2017-class 2,18,1905FAHCB,,,,,4.4,Not Passed
SP2017,SP2017-class 2,19,1905FADAI,,,,,0.3,Not Passed
SP2017,SP2017-class 3,1,1905FAGHI,,,,,6.6,Passed
SP2017,SP2017-class 3,2,1905IJAHJ,,,,,0,Not Passed
SP2017,SP2017-class 3,3,1905FAEFI,,,,,2.9,Not Passed
SP2017,SP2017-class 3,4,1905FAFJJ,,,,,6.2,Passed
SP2017,SP2017-class 3,5,1905FAIGE,,,,,5.8,Passed
SP2017,SP2017-class 3,6,1905FBCJE,,,,,6,Passed
SP2017,SP2017-class 3,7,1905FBDIH,,,,,7,Passed
SP2017,SP2017-class 3,8,1905FJHHI,,,,,0,Not Passed
SP2017,SP2017-class 3,9,1905FAIDH,,,,,1.2,Not Passed
SP2017,SP2017-class 3,10,1905FBFGH,,,,,1.1,Not Passed
SP2017,SP2017-class 3,11,1905FJIBE,,,,,0,Not Passed
SP2017,SP2017-class 3,12,1905FAEBF,,,,,6.2,Passed
SP2017,SP2017-class 3,13,1905FAEGF,,,,,6.5,Passed
SP2017,SP2017-class 3,14,1905FBBDE,,,,,6.1,Passed
SP2017,SP2017-class 3,15,1905FBFCI,,,,,4.6,Not Passed
SP2017,SP2017-class 3,16,1905FBAID,,,,,6.3,Passed
SP2017,SP2017-class 3,17,1905FACHC,,,,,1.8,Not Passed
SP2017,SP2017-class 3,18,1905FBAAB,,,,,0.8,Not Passed
SP2017,SP2017-class 3,19,1905FAEBG,,,,,1,Not Passed
SP2017,SP2017-class 3,20,1905FBCHA,,,,,6.7,Passed
SP2017,SP2017-class 3,21,1905FAGEE,,,,,1.2,Not Passed
SP2017,SP2017-class 3,22,1905FAFBC,,,,,4.6,Not Passed
SP2017,SP2017-class 3,23,1905FAGIJ,,,,,1.5,Not Passed
SP2017,SP2017-class 3,24,1905FBGAC,,,,,5.9,Passed
SP2017,SP2017-class 3,25,1905FBEAG,,,,,7.2,Passed
SP2017,SP2017-class 3,26,1905FAICG,,,,,0.7,Not Passed
SP2017,SP2017-class 3,27,1905FAEGA,,,,,4,Not Passed
SP2017,SP2017-class 4,1,1905FAHJH,,,,,7.4,Passed
SP2017,SP2017-class 4,2,1905FAIBB,,,,,7.2,Passed
SP2017,SP2017-class 4,3,1905FAGCC,,,,,7.1,Passed
SP2017,SP2017-class 4,4,1905FAGHF,,,,,6.7,Passed
SP2017,SP2017-class 4,5,1905FBJDC,,,,,6.9,Passed
SP2017,SP2017-class 4,6,1905FBAEF,,,,,7.5,Passed
SP2017,SP2017-class 4,7,1905FAIGC,,,,,7.2,Passed
SP2017,SP2017-class 4,8,1905FAGID,,,,,6.4,Passed
SP2017,SP2017-class 4,9,1905FAIHJ,,,,,6.8,Passed
SP2017,SP2017-class 4,10,1905FAIGH,,,,,7.2,Passed
SP2017,SP2017-class 4,11,1905FBJEE,,,,,7.5,Passed
SP2017,SP2017-class 4,12,1905FJHBB,,,,,6.7,Passed
SP2017,SP2017-class 4,13,1905FBJAJ,,,,,7.6,Passed
SP2017,SP2017-class 4,14,1905FAHAB,,,,,6.1,Passed
SP2017,SP2017-class 4,15,1905FACFE,,,,,6.6,Passed
SP2017,SP2017-class 4,16,1905FBADB,,,,,7,Passed
SP2017,SP2017-class 4,17,1905FAHGE,,,,,7.4,Passed
SP2017,SP2017-class 4,18,1905FADGB,,,,,7,Passed
SP2017,SP2017-class 4,19,1905FAIHE,,,,,7.5,Passed
SP2017,SP2017-class 4,20,1905FBDFC,,,,,6.9,Passed
SP2017,SP2017-class 4,21,1905FAGFE,,,,,7.1,Passed
SP2017,SP2017-class 4,22,1905FAHDA,,,,,6.7,Passed
SP2017,SP2017-class 4,23,1905FAIGI,,,,,7,Passed
SP2017,SP2017-class 4,24,1905FBJJF,,,,,7.9,Passed
SP2017,SP2017-class 4,25,1905FBJBE,,,,,7.1,Passed
SP2017,SP2017-class 4,26,1905FBJJC,,,,,6.9,Passed
SP2017,SP2017-class 4,27,1905FBACF,,,,,7.6,Passed
SP2017,SP2017-class 4,28,1905FAECB,,,,,0,Not Passed
SP2017,SP2017-class 4,29,1905FBACH,,,,,7.5,Passed
SP2017,SP2017-class 5,1,1905FADCF,,,,,,Is Exempt
SP2017,SP2017-class 5,2,1905FACJF,,,,,,Is Exempt
SP2017,SP2017-class 5,3,1905FBJCF,,,,,,Is Exempt
SP2017,SP2017-class 5,4,1905FAGGA,,,,,,Is Exempt
SP2017,SP2017-class 5,5,1905FAIHB,,,,,,Is Exempt
SP2017,SP2017-class 5,6,1905FAIJH,,,,,,Is Exempt
SP2017,SP2017-class 5,7,1905FAFCD,,,,,,Is Exempt
SP2017,SP2017-class 5,8,1905FABIA,,,,,,Is Exempt
SP2017,SP2017-class 5,9,1905FACAA,,,,,,Is Exempt
SP2017,SP2017-class 5,10,1905FAGHH,,,,,,Is Exempt
SP2017,SP2017-class 5,11,1905FBJAD,,,,,,Is Exempt
SP2017,SP2017-class 5,12,1905FAHAI,,,,,,Is Exempt
SP2017,SP2017-class 5,13,1905FAGED,,,,,,Is Exempt
SP2017,SP2017-class 5,14,1905FAEEJ,,,,,,Is Exempt
SP2017,SP2017-class 5,15,1905FAHCF,,,,,,Is Exempt
SP2017,SP2017-class 5,16,1905FADAD,,,,,,Is Exempt
SP2017,SP2017-class 5,17,1905FAECJ,,,,,,Is Exempt
SP2017,SP2017-class 5,18,1905ACJGFE,,,,,6.6,Passed
SP2017,SP2017-class 5,19,1905FAEBB,,,,,,Is Exempt
SP2017,SP2017-class 5,20,1905FAJEE,,,,,,Is Exempt
SP2017,SP2017-class 5,21,1905FBJGE,,,,,,Is Exempt
SP2017,SP2017-class 5,22,1905FAIFH,,,,,,Is Exempt
SP2017,SP2017-class 5,23,1905FJIIG,,,,,,Is Exempt
SP2017,SP2017-class 5,24,1905FBJFF,,,,,,Is Exempt
SP2017,SP2017-class 5,25,1905FBAJA,,,,,,Is Exempt
SP2017,SP2017-class 5,26,1905FACIH,,,,,,Is Exempt
SP2017,SP2017-class 5,27,1905FAGHD,,,,,,Is Exempt
SP2017,SP2017-class 5,28,1905FBJFI,,,,,,Is Exempt
SP2017,SP2017-class 6,1,1905FAFDF,,,,,0.1,Not Passed
SP2017,SP2017-class 6,2,1905FAIBB,,,,,1.1,Not Passed
SP2017,SP2017-class 6,3,1905FAGGD,,,,,9.1,Passed
SP2017,SP2017-class 6,4,1905FAIEC,,,,,0.4,Not Passed
SP2017,SP2017-class 6,5,1905FAHJA,,,,,6.2,Passed
SP2017,SP2017-class 6,6,1905FACIG,,,,,0.8,Not Passed
SP2017,SP2017-class 6,7,1905FAAJG,,,,,0.3,Not Passed
SP2017,SP2017-class 6,8,1905FAGID,,,,,1.6,Not Passed
SP2017,SP2017-class 6,9,1905FAGIE,,,,,6.1,Passed
SP2017,SP2017-class 6,10,1905FBJBG,,,,,0.9,Not Passed
SP2017,SP2017-class 6,11,1905FAHFE,,,,,5.8,Passed
SP2017,SP2017-class 6,12,1905FBCJJ,,,,,5.9,Passed
SP2017,SP2017-class 6,13,1905FAAEH,,,,,0.2,Not Passed
SP2017,SP2017-class 6,14,1905FAIBF,,,,,6.3,Passed
SP2017,SP2017-class 6,15,1905FAHII,,,,,6,Passed
SP2017,SP2017-class 6,16,1905FBDDG,,,,,0.9,Not Passed
SP2017,SP2017-class 6,17,1905FAHIE,,,,,0.4,Not Passed
SP2017,SP2017-class 6,18,1905FAHDJ,,,,,0.6,Not Passed
SP2017,SP2017-class 7,1,1905FBAFE,,,,,5.8,Passed
SP2017,SP2017-class 7,2,1905FBDFJ,,,,,0.4,Not Passed
SP2017,SP2017-class 7,3,1905FAIEE,,,,,0.4,Not Passed
SP2017,SP2017-class 7,4,1905FBBFE,,,,,6.8,Passed
SP2017,SP2017-class 7,5,1905FBJFA,,,,,6.7,Passed
SP2017,SP2017-class 7,6,1905FAGHF,,,,,1,Not Passed
SP2017,SP2017-class 7,7,1905FBDAB,,,,,7.6,Passed
SP2017,SP2017-class 7,8,1905FBCJE,,,,,5.6,Passed
SP2017,SP2017-class 7,9,1905FBDDB,,,,,2.8,Not Passed
SP2017,SP2017-class 7,10,1905FBCGJ,,,,,1.4,Not Passed
SP2017,SP2017-class 7,11,1905FAIGH,,,,,1.8,Not Passed
SP2017,SP2017-class 7,12,1905FBEDA,,,,,8.5,Passed
SP2017,SP2017-class 7,13,1905FAFDJ,,,,,1.1,Not Passed
SP2017,SP2017-class 7,14,1905FAIIJ,,,,,1.3,Not Passed
SP2017,SP2017-class 7,15,1905FBBGH,,,,,6.6,Passed
SP2017,SP2017-class 7,16,1905FBCBB,,,,,7.9,Passed
SP2017,SP2017-class 7,17,1905FBBDE,,,,,2.2,Not Passed
SP2017,SP2017-class 7,18,1905FAIJA,,,,,1,Not Passed
SP2017,SP2017-class 7,19,1905FBAGJ,,,,,6.4,Passed
SP2017,SP2017-class 7,20,1905FACCH,,,,,0.1,Not Passed
SP2017,SP2017-class 7,21,1905FBCHA,,,,,2.4,Not Passed
SP2017,SP2017-class 7,22,1905FADDA,,,,,0.1,Not Passed
SP2017,SP2017-class 7,23,1905FBABE,,,,,1.3,Not Passed
SP2017,SP2017-class 7,24,1905FAIHC,,,,,0.4,Not Passed
SP2017,SP2017-class 7,25,1905FAFGJ,,,,,0,Not Passed
SP2017,SP2017-class 7,26,1905FBCGC,,,,,5.8,Passed
SP2017,SP2017-class 7,27,1905FBAGA,,,,,7.2,Passed
SP2017,SP2017-class 7,28,1905FBBCA,,,,,5.8,Passed
SP2017,SP2017-class 8,1,1905FBDHE,,,,,5.9,Passed
SP2017,SP2017-class 8,2,1905FBEFI,,,,,5.3,Passed
SP2017,SP2017-class 8,3,1905FBJCH,,,,,5,Passed
SP2017,SP2017-class 8,4,1905FBEJF,,,,,7.1,Passed
SP2017,SP2017-class 8,5,1905FBDIH,,,,,1.5,Not Passed
SP2017,SP2017-class 8,6,1905FBFGH,,,,,1,Not Passed
SP2017,SP2017-class 8,7,1905FBAEI,,,,,0,Not Passed
SP2017,SP2017-class 8,8,1905FBCHJ,,,,,5.6,Passed
SP2017,SP2017-class 8,9,1905FBEDB,,,,,5.7,Passed
SP2017,SP2017-class 8,10,1905FBAHC,,,,,7.1,Passed
SP2017,SP2017-class 8,11,1905FBFCI,,,,,2.3,Not Passed
SP2017,SP2017-class 8,12,1905FAGBF,,,,,5.9,Passed
SP2017,SP2017-class 8,13,1905FAFHG,,,,,0.6,Not Passed
SP2017,SP2017-class 8,14,1905FADBF,,,,,5.4,Passed
SP2017,SP2017-class 8,15,1905FAICC,,,,,5.4,Passed
SP2017,SP2017-class 8,16,1905FBGAC,,,,,5.9,Passed
SP2017,SP2017-class 8,17,1905FBEAG,,,,,1.7,Not Passed
SP2017,SP2017-class 8,18,1905FBACF,,,,,1.1,Not Passed
SP2017,SP2017-class 8,19,1905FAICG,,,,,0,Not Passed
SP2017,SP2017-class 8,20,1905FBBDH,,,,,7.1,Passed
SP2018,SP2018-class 1,1,1905FCDCG,10,0,0,0,2,Not Passed
SP2018,SP2018-class 1,2,1905FCJDI,4,0,0,0,1.4,Not Passed
SP2018,SP2018-class 1,3,1905FCDDF,9.5,6,5,4.7,6.2,Passed
SP2018,SP2018-class 1,4,1905FCJFJ,9,9,8,6.1,8,Passed
SP2018,SP2018-class 1,5,1905FCAFH,3,0,0,0,1.3,Not Passed
SP2018,SP2018-class 1,6,1905FBHBC,8.5,9,10,8.1,9,Passed
SP2018,SP2018-class 1,7,1905FBIDF,9,3,8,5.9,6.2,Passed
SP2018,SP2018-class 1,8,1905FBIEH,9.5,0,0,3.6,3,Not Passed
SP2018,SP2018-class 1,9,1905FCADC,9,5,3,6,5.8,Passed
SP2018,SP2018-class 1,10,1905FCJEF,10,6,9,5.3,7.2,Passed
SP2018,SP2018-class 1,11,1905FBDJB,7.5,0,0,0,1.8,Not Passed
SP2018,SP2018-class 1,12,1905FCJEG,0,0,0,0,1,Not Passed
SP2018,SP2018-class 1,13,1905FCBCD,10,7,9.5,5.4,7.6,Passed
SP2018,SP2018-class 1,14,1905FCJDH,0,0,0,0,1,Not Passed
SP2018,SP2018-class 1,15,1905FCEAF,7,3,9,5,5.9,Passed
SP2018,SP2018-class 1,16,1905FCBJB,7.5,6,3,5.9,5.9,Passed
SP2018,SP2018-class 1,17,1905FBHAB,2.5,0,0,0,1.3,Not Passed
SP2018,SP2018-class 1,18,1905FCAID,8.5,7,9,6.4,7.7,Passed
SP2018,SP2018-class 1,19,1905FBIGB,9.5,7,6,5.4,6.9,Passed
SP2018,SP2018-class 1,20,1905FCJDJ,0,0,0,0,1,Not Passed
SP2018,SP2018-class 1,21,1905FAEJI,8.5,0,0,0,1.9,Not Passed
SP2018,SP2018-class 1,22,1905FBHDH,9.5,7,9,6.9,7.9,Passed
SP2018,SP2018-class 1,23,1905FCEJH,10,7.5,3.5,5,6.5,Passed
SP2018,SP2018-class 1,24,1905FBGEB,6,0,0,3.2,2.6,Not Passed
SP2018,SP2018-class 1,25,1905FBIAE,9,5.5,9,6.5,7.3,Passed
SP2018,SP2018-class 1,26,1905FBHJD,6,5.5,4,7.2,6.2,Passed
SP2018,SP2018-class 1,27,1905FBCCH,7.5,0,0,0,1.8,Not Passed
SP2018,SP2018-class 1,28,1905FBHAF,8.5,3.5,6,4.5,5.5,Passed
SP2018,SP2018-class 1,29,1905FCBCI,2,0,0,0,1.2,Not Passed
SP2018,SP2018-class 2,1,1905FAGGC,3,0,0,0,0.6,Not Passed
SP2018,SP2018-class 2,2,1905FBHBF,7.5,5,6,5.7,6.1,Passed
SP2018,SP2018-class 2,3,1905FCACC,8,7.2,8.5,5.7,7.4,Passed
SP2018,SP2018-class 2,4,1905FBDBG,5.3,0,0,0,1.3,Not Passed
SP2018,SP2018-class 2,5,1905FCCCB,7,4,3,6.2,5.3,Passed
SP2018,SP2018-class 2,6,1905FBAJG,5,0,0,0,1,Not Passed
SP2018,SP2018-class 2,7,1905FAAJG,0,0,0,0,0,Not Passed
SP2018,SP2018-class 2,8,1905FBDBF,7.5,5,8.5,4.5,6.2,Passed
SP2018,SP2018-class 2,9,1905FCCDC,3,0,0,0,1,Not Passed
SP2018,SP2018-class 2,10,1905FBJBG,6.3,0,0,0,1,Not Passed
SP2018,SP2018-class 2,11,1905FCJJI,4.8,0,0,0,1.4,Not Passed
SP2018,SP2018-class 2,12,1905FAGGE,2.8,0,0,0,0.3,Not Passed
SP2018,SP2018-class 2,13,1905FACDA,4,0,0,0,0.9,Not Passed
SP2018,SP2018-class 2,14,1905FCAAB,7.5,6,3.5,6,5.9,Passed
SP2018,SP2018-class 2,15,1905FBCCA,6,2.6,2,5.3,4.1,Not Passed
SP2018,SP2018-class 2,16,1905FBIBJ,5.5,2.2,4,0,2.8,Not Passed
SP2018,SP2018-class 2,17,1905FBCBE,4.8,0,2,0,1.4,Not Passed
SP2018,SP2018-class 2,18,1905FAFHD,2.5,0,0,0,0.4,Not Passed
SP2018,SP2018-class 2,19,1905FBFCH,7,0,0,0,1.6,Not Passed
SP2018,SP2018-class 2,20,1905FCEHI,5.8,0,3.5,3.5,3,Not Passed
SP2018,SP2018-class 2,21,1905FBBGE,2,0,0,0,1,Not Passed
SP2018,SP2018-class 2,22,1905FAGAH,0,0,0,0,0,Not Passed
SP2018,SP2018-class 3,1,1905FCBDF,7.5,0,0,0,0.8,Not Passed
SP2018,SP2018-class 3,2,1905FBDFG,7,0,0,0,0.7,Not Passed
SP2018,SP2018-class 3,3,1905FBGIG,7.5,3.5,6,6.3,5.9,Passed
SP2018,SP2018-class 3,4,1905FBFGH,7,0,0,0,0.7,Not Passed
SP2018,SP2018-class 3,5,1905FAIIC,6,2,5,7.1,5.3,Passed
SP2018,SP2018-class 3,6,1905FBDCA,5.5,6,3,6,5.8,Passed
SP2018,SP2018-class 3,7,1905FCAJF,10,5,4.5,5.7,6.1,Passed
SP2018,SP2018-class 3,8,1905FCAFF,8.5,4,0.5,5.6,4.8,Not Passed
SP2018,SP2018-class 3,9,1905FBIEC,7.5,6,3,6.5,6.1,Passed
SP2018,SP2018-class 3,10,1905FCBFH,6,4,9.3,5.8,6.4,Passed
SP2018,SP2018-class 3,11,1905FBEAC,8,0,0,0,0.8,Not Passed
SP2018,SP2018-class 3,12,1905FBHIG,6.5,4.5,0.5,5.5,4.8,Not Passed
SP2018,SP2018-class 3,13,1905FACGC,7,2,5,7.7,5.6,Passed
SP2018,SP2018-class 3,14,1905FCDJE,9,5.5,4.5,6.3,6.3,Passed
SP2018,SP2018-class 3,15,1905FAIHC,0,0,0,0,0,Not Passed
SP2018,SP2018-class 3,16,1905FCJJF,7,6,6,7.3,6.9,Passed
SP2018,SP2018-class 3,17,1905FBAHD,8,0,0,5.6,2.5,Not Passed
SP2018,SP2018-class 4,1,1905FBICH,5.5,4,1,5.6,4.6,Not Passed
SP2018,SP2018-class 4,2,1905FCCEC,6,3.5,1,4.6,4.2,Not Passed
SP2018,SP2018-class 4,3,1905FBHGH,7,6.5,10,6.7,7.7,Passed
SP2018,SP2018-class 4,4,1905FBEJB,6.5,4,4,6.8,5.7,Passed
SP2018,SP2018-class 4,5,1905FCBHD,2.5,4,4,5.4,4.9,Not Passed
SP2018,SP2018-class 4,6,1905FBHFG,8,7.5,4,5,6.4,Passed
SP2018,SP2018-class 4,7,1905FBDBG,7,0,0,0,1.7,Not Passed
SP2018,SP2018-class 4,8,1905FBBHC,6,0,0,0,1.6,Not Passed
SP2018,SP2018-class 4,9,1905FBCHG,3.5,0,0,0,1.4,Not Passed
SP2018,SP2018-class 4,10,1905FAHJC,7,6,2,4.4,5.2,Passed
SP2018,SP2018-class 4,11,1905FCCIH,5.5,6,4,6.2,6,Passed
SP2018,SP2018-class 4,12,1905FCJGH,6,5,6,4.6,5.7,Passed
SP2018,SP2018-class 4,13,1905FAIIC,3.5,0,0,0,1.4,Not Passed
SP2018,SP2018-class 4,14,1905FABCD,6,1.5,0.5,0,2.2,Not Passed
SP2018,SP2018-class 4,15,1905FBDBF,6.5,0,0,0,1.7,Not Passed
SP2018,SP2018-class 4,16,1905FAICJ,3,0,0,0,1.3,Not Passed
SP2018,SP2018-class 4,17,1905FCCFI,7.5,4.5,4,5,5.4,Passed
SP2018,SP2018-class 4,18,1905FAHAJ,7,0,0,0,1.7,Not Passed
SP2018,SP2018-class 4,19,1905FBIJC,8.5,6,5.5,6.9,6.8,Passed
SP2018,SP2018-class 4,20,1905FCJGC,6.5,6,4,7.1,6.4,Passed
SP2018,SP2018-class 4,21,1905FBBGE,7,0,0,0,1.7,Not Passed
SP2018,SP2018-class 4,22,1905FBAGD,4,4,4,6.5,5.4,Passed
SP2018,SP2018-class 4,23,1905FBFFG,2,0,0,0,1.2,Not Passed
SP2018,SP2018-class 4,24,1905FCAIB,7,6,2,7,6,Passed
SP2018,SP2018-class 4,25,1905FBFCB,6,4,4,5.4,5.2,Passed
SP2018,SP2018-class 4,26,1905FCJGJ,2.5,7,2,4.9,5.2,Passed
SP2018,SP2018-class 4,27,1905FBHBD,3,0,0,0,1.3,Not Passed
SP2018,SP2018-class 4,28,1905FBIGH,5.5,3,1,4.8,4.1,Not Passed
SP2018,SP2018-class 4,29,1905FBHJA,4.5,4,1,4.7,4.3,Not Passed
SP2018,SP2018-class 4,30,1905FCBJJ,6.5,6.5,4,5.9,6.2,Passed
SP2018,SP2018-class 5,1,1905FBCFD,5.5,4,1,5.1,4.5,Not Passed
SP2018,SP2018-class 5,2,1905FBHDA,6,8.5,10,7.2,8.3,Passed
SP2018,SP2018-class 5,3,1905FCAED,7,6.5,6.5,4.7,6.4,Passed
SP2018,SP2018-class 5,4,1905FCACE,0,0,0,0,1,Not Passed
SP2018,SP2018-class 5,5,1905FCBCF,5.5,4,9,4.7,6,Passed
SP2018,SP2018-class 5,6,1905FBIIE,4.5,5.5,9,6,6.7,Passed
SP2018,SP2018-class 5,7,1905FCDAE,6.5,5,6,4.9,5.8,Passed
SP2018,SP2018-class 5,8,1905FCJCE,0,0,0,0,1,Not Passed
SP2018,SP2018-class 5,9,1905FAAJG,6,0,0,0,1.6,Not Passed
SP2018,SP2018-class 5,10,1905FBEEJ,7.5,2,10,5.6,6,Passed
SP2018,SP2018-class 5,11,1905FBBHH,7,0,0,0,1.7,Not Passed
SP2018,SP2018-class 5,12,1905FCCDJ,0,0,0,0,1,Not Passed
SP2018,SP2018-class 5,13,1905FCBJH,6.5,4,10,4.9,6.3,Passed
SP2018,SP2018-class 5,14,1905FBHJG,9.5,4,6,5.7,6.1,Passed
SP2018,SP2018-class 5,15,1905FCCAD,5.5,0,0,0,1.6,Not Passed
SP2018,SP2018-class 5,16,1905FAGGE,0,0,0,0,1,Not Passed
SP2018,SP2018-class 5,17,1905FCBFH,2.5,0,0,0,1.3,Not Passed
SP2018,SP2018-class 5,18,1905FCBED,2.5,4,6.5,4.4,5.1,Passed
SP2018,SP2018-class 5,19,1905FCDBF,0,0,0,0,1,Not Passed
SP2018,SP2018-class 5,20,1905FBHJC,6,9.5,10,5.9,8.2,Passed
SP2018,SP2018-class 5,21,1905FBHDG,7,6,10,6.4,7.4,Passed
SP2018,SP2018-class 5,22,1905FBHHH,3,6.5,9,5.8,6.8,Passed
SP2018,SP2018-class 5,23,1905FBCBA,2.5,0,0,0,1.3,Not Passed
SP2018,SP2018-class 5,24,1905FCADF,7,7.5,9,6.5,7.7,Passed
SP2018,SP2018-class 5,25,1905FBEAE,7,6,7,7.1,7,Passed
SP2018,SP2018-class 5,26,1905FCEBH,8,0,0,0,1.8,Not Passed
SP2018,SP2018-class 5,27,1905FCAEE,6,8.5,10,7.3,8.3,Passed
SP2018,SP2018-class 5,28,1905FCCCC,6,5,1,6.8,5.3,Passed
SP2018,SP2018-class 5,29,1905FBFJF,1,0,0,0,1.1,Not Passed
SP2018,SP2018-class 6,1,1905FBHBG,7,8,1.5,7.5,6.7,Passed
SP2018,SP2018-class 6,2,1905FBCFJ,0,0,0,0,0,Not Passed
SP2018,SP2018-class 6,3,1905FBHJJ,5.4,0.5,0.5,0,1.8,Not Passed
SP2018,SP2018-class 6,4,1905FBEHD,0,0,0,0,0,Not Passed
SP2018,SP2018-class 6,5,1905FBGGI,0,0,0,0,0,Not Passed
SP2018,SP2018-class 6,6,1905FCJHF,0,0,0,0,0,Not Passed
SP2018,SP2018-class 6,7,1905FBAIH,0,0,0,0,0,Not Passed
SP2018,SP2018-class 6,8,1905FCCCA,2.4,0,0,0,0.7,Not Passed
SP2018,SP2018-class 6,9,1905FBCJG,0,0,0,0,0,Not Passed
SP2018,SP2018-class 6,10,1905FCDJC,0,0,0,0,0,Not Passed
SP2018,SP2018-class 6,11,1905FCAEA,4.8,5,0.5,6.3,5,Passed
SP2018,SP2018-class 6,12,1905FBHEE,6.9,10,10,7.2,8.9,Passed
SP2018,SP2018-class 6,13,1905FCADI,0,0,0,0,0,Not Passed
SP2018,SP2018-class 6,14,1905FBGIB,3.9,9,4,4.8,6.3,Passed
SP2018,SP2018-class 6,15,1905FCCDC,0,0,0,0,0,Not Passed
SP2018,SP2018-class 6,16,1905FCJJI,4.1,0.5,0,0,1.6,Not Passed
SP2018,SP2018-class 6,17,1905FCBBG,5.9,6,3.5,5.4,5.7,Passed
SP2018,SP2018-class 6,18,1905FBAGC,0,0,0,0,0,Not Passed
SP2018,SP2018-class 6,19,1905FCJCJ,2.4,6.5,7,4.9,6.1,Passed
SP2018,SP2018-class 6,20,1905FBIEC,4.4,0.5,0.5,0,1.7,Not Passed
SP2018,SP2018-class 6,21,1905FBCFF,5.8,5.5,2,4.7,5,Passed
SP2018,SP2018-class 6,22,1905FBFDB,5,3,1,5.9,4.4,Not Passed
SP2018,SP2018-class 6,23,1905FCBDE,1.7,0,0,0,0.2,Not Passed
SP2018,SP2018-class 6,24,1905FAIAF,5.2,4.5,2,6.3,5.2,Passed
SP2018,SP2018-class 6,25,1905FCEHI,4.6,0.5,0.5,0,1.7,Not Passed
SP2018,SP2018-class 6,26,1905FCEAC,4.4,0.5,0.5,4.6,3.1,Not Passed
SP2018,SP2018-class 6,27,1905FCJEJ,6.6,10,10,6.4,8.6,Passed
SP2018,SP2018-class 6,28,1905FCAEB,5,4.5,1,5.1,4.6,Not Passed
SP2018,SP2018-class 6,29,1905FAIIF,3.4,0,0,0,1.3,Not Passed
SP2018,SP2018-class 6,30,1905FCJEE,0,0,0,0,0,Not Passed
SP2018,SP2018-class 7,1,1905FCDAH,2.7,8.5,2,6.4,6.1,Passed
SP2018,SP2018-class 7,2,1905FCJFG,5.2,2,0.5,5.4,3.8,Not Passed
SP2018,SP2018-class 7,3,1905FCACI,3.8,5.5,2.5,6,5.3,Passed
SP2018,SP2018-class 7,4,1905FBDHF,0,0,0,0,0,Not Passed
SP2018,SP2018-class 7,5,1905FADDD,4.1,3,0.5,0,2.4,Not Passed
SP2018,SP2018-class 7,6,1905FBBEG,0,0,0,0,0,Not Passed
SP2018,SP2018-class 7,7,1905FCBAC,3.5,0.5,1.5,0,1.8,Not Passed
SP2018,SP2018-class 7,8,1905FCJJA,0,0,0,0,0,Not Passed
SP2018,SP2018-class 7,9,1905FCAJF,5.4,0.5,0.5,0,1.8,Not Passed
SP2018,SP2018-class 7,10,1905FBHHB,6.8,5,5,7.4,6.4,Passed
SP2018,SP2018-class 7,11,1905FCAFF,3.3,1.5,0.5,0,1.9,Not Passed
SP2018,SP2018-class 7,12,1905FCAEI,7,5,4,8.1,6.4,Passed
SP2018,SP2018-class 7,13,1905FCCDD,2.4,0,0,0,0.2,Not Passed
SP2018,SP2018-class 7,14,1905FCDBB,0,0,0,0,0,Not Passed
SP2018,SP2018-class 7,15,1905FBCCA,1.8,0,0,0,0.7,Not Passed
SP2018,SP2018-class 7,16,1905FBHFC,5.6,6,2,5.5,5.4,Passed
SP2018,SP2018-class 7,17,1905FCBFI,0,0,0,0,0,Not Passed
SP2018,SP2018-class 7,18,1905FBHCF,5.2,4,0.5,8.2,5.3,Passed
SP2018,SP2018-class 7,19,1905FCEDA,0,0,0,0,0,Not Passed
SP2018,SP2018-class 7,20,1905FCDJD,0,0,0,0,0,Not Passed
SP2018,SP2018-class 7,21,1905FCEEI,2.9,5.5,1,8.3,5.1,Passed
SP2018,SP2018-class 7,22,1905FBIAF,0,0,0,0,0,Not Passed
SP2018,SP2018-class 7,23,1905FCAFE,4.2,2,0.5,5.6,3.8,Not Passed
SP2018,SP2018-class 7,24,1905FBIGD,0,0,0,0,0,Not Passed
SP2018,SP2018-class 7,25,1905FBHFJ,3.9,4,4,5.3,5,Passed
SP2018,SP2018-class 7,26,1905FBHHJ,5.6,7,7,7.1,7.2,Passed
SP2018,SP2018-class 7,27,1905FCDJE,5.4,0.5,0.5,0,1.8,Not Passed
SP2018,SP2018-class 7,28,1905FBIEA,0,0,0,0,0,Not Passed
SP2018,SP2018-class 7,29,1905FBFGA,0,0,0,0,0,Not Passed
SP2018,SP2018-class 7,30,1905FCJDA,0.9,0,0,0,0.1,Not Passed
SP2018,SP2018-class 8,1,1905FBHJE,4.6,4,4,7,5.6,Passed
SP2018,SP2018-class 8,2,1905FCBDF,0,0,0,0,0,Not Passed
SP2018,SP2018-class 8,3,1905FAGGC,0,0,0,0,0,Not Passed
SP2018,SP2018-class 8,4,1905FBEGA,0,0,0,0,0,Not Passed
SP2018,SP2018-class 8,5,1905FCACC,5.6,0.5,0.5,5.4,2.9,Not Passed
SP2018,SP2018-class 8,6,1905FCADJ,5.9,7,4.5,6.4,6.5,Passed
SP2018,SP2018-class 8,7,1905FCJFC,4.9,3,3,5.8,4.7,Not Passed
SP2018,SP2018-class 8,8,1905FBHCA,5.2,6,1.5,6.8,5.2,Passed
SP2018,SP2018-class 8,9,1905FCDCD,5.5,6.5,4,6.4,6.2,Passed
SP2018,SP2018-class 8,10,1905FAAIF,0,0,0,0,0,Not Passed
SP2018,SP2018-class 8,11,1905FBIAB,0,0,0,0,0,Not Passed
SP2018,SP2018-class 8,12,1905FCBEI,4,6,3.5,5.8,5.6,Passed
SP2018,SP2018-class 8,13,1905FCDDE,6,5,1,6.6,5.3,Passed
SP2018,SP2018-class 8,14,1905FCAAB,4.7,4,1,0,2.9,Not Passed
SP2018,SP2018-class 8,15,1905FCBBH,4.2,0.5,0.5,0,1.7,Not Passed
SP2018,SP2018-class 8,16,1905FBFCC,0,0,0,0,0,Not Passed
SP2018,SP2018-class 8,17,1905FBHIG,4.1,3,0.5,0,2.4,Not Passed
SP2018,SP2018-class 8,18,1905FBBGD,0,0,0,0,0,Not Passed
SP2018,SP2018-class 8,19,1905FCDCF,4,0.5,0.5,4.8,3.1,Not Passed
SP2018,SP2018-class 8,20,1905FCDJI,3.9,0.5,0,0,0.5,Not Passed
SP2018,SP2018-class 8,21,1905FCCDI,0,0,0,0,0,Not Passed
SP2018,SP2018-class 8,22,1905FCCIJ,0,0,0,0,0,Not Passed
SP2018,SP2018-class 8,23,1905FBHID,0,0,0,0,0,Not Passed
SP2019,SP2019-class 1,1,1905FCDCG,2.5,0.5,0.5,0,1,Not Passed
SP2019,SP2019-class 1,2,1905ACJFFI,10,4.5,1,7,5.7,Passed
SP2019,SP2019-class 1,3,1905ACJJGG,10,4,1,7.2,5.6,Passed
SP2019,SP2019-class 1,4,1905ACJJIA,9.5,0.5,0.5,0,2.2,Not Passed
SP2019,SP2019-class 1,5,1905ACJJIC,1.7,0,0,0,0.7,Not Passed
SP2019,SP2019-class 1,6,1905FCJEG,5.5,0.5,0.5,0,1.3,Not Passed
SP2019,SP2019-class 1,7,1905ACJECF,4.4,6.5,6,5.8,6.3,Passed
SP2019,SP2019-class 1,8,1905ACJJFA,8,0.5,0.5,0,2.1,Not Passed
SP2019,SP2019-class 1,9,1905ACJJGI,1.9,0,0,0,0.7,Not Passed
SP2019,SP2019-class 1,10,1905FCJEH,3.7,0,0,3,1.8,Not Passed
SP2019,SP2019-class 1,11,1905ACJAEH,4,0,0,0,0.9,Not Passed
SP2019,SP2019-class 1,12,1905ACJFEC,0,0,0,0,0,Not Passed
SP2019,SP2019-class 1,13,1905ACJDGE,0,0,0,0,0,Not Passed
SP2019,SP2019-class 1,14,1905ACJADB,7,5,1,7.6,5.7,Passed
SP2019,SP2019-class 1,15,1905ACJEFB,6.9,0.5,0.5,0,1.9,Not Passed
SP2019,SP2019-class 1,16,1905FCDGJ,5.4,6,0.5,6.4,5.4,Passed
SP2019,SP2019-class 1,17,1905ACJDDC,5.1,3.5,1.5,7.6,5.1,Passed
SP2019,SP2019-class 1,18,1905FBCCH,4.3,0.5,1,0,0.9,Not Passed
SP2019,SP2019-class 1,19,1905FCEEG,0,0,0,0,0,Not Passed
SP2019,SP2019-class 1,20,1905FCJEE,4.6,5.5,3,6.6,5.7,Passed
SP2019,SP2019-class 2,1,1905FBIBC,5,4,0.5,4.4,4.1,Not Passed
SP2019,SP2019-class 2,2,1905FAFGC,0,0,0,0,,Not Passed
SP2019,SP2019-class 2,3,1905FBJDF,5.4,5,3.5,4.6,5.1,Passed
SP2019,SP2019-class 2,4,1905ACJAFD,6.7,4.5,3.5,4.8,5.2,Passed
SP2019,SP2019-class 2,5,1905FCEGA,6.4,4.5,7,5.4,6,Passed
SP2019,SP2019-class 2,6,1905FBDFG,2.6,0,0,0,0.3,Not Passed
SP2019,SP2019-class 2,7,1905ACJCIC,6.5,6,3.5,7.4,6.4,Passed
SP2019,SP2019-class 2,8,1905FCJFF,7.5,8.5,6,5.4,7.1,Passed
SP2019,SP2019-class 2,9,1905FBDJB,1.9,0,0,0,0.2,Not Passed
SP2019,SP2019-class 2,10,1905FAAJG,0,0,0,0,0,Not Passed
SP2019,SP2019-class 2,11,1905FCJGA,0,0,0,0,0,Not Passed
SP2019,SP2019-class 2,12,1905FCJDH,8.2,9,9.5,6.8,8.5,Passed
SP2019,SP2019-class 2,13,1905FCJHA,2.7,0,0,0,0.3,Not Passed
SP2019,SP2019-class 2,14,1905FBDEH,0,0,0,0,0,Not Passed
SP2019,SP2019-class 2,15,1905FAIIJ,6,6,7,6.2,6.7,Passed
SP2019,SP2019-class 2,16,1905FCCFJ,6.2,5,3.5,4.8,5.3,Passed
SP2019,SP2019-class 2,17,1905FCCEE,7,6,3.5,6.2,6.1,Passed
SP2019,SP2019-class 2,18,1905FBGIE,2.8,0,0,0,0.3,Not Passed
SP2019,SP2019-class 2,19,1905FCADE,2.4,0,0,0,0.2,Not Passed
SP2019,SP2019-class 2,20,1905ACJCBD,1.6,4.5,8,5.4,5.7,Passed
SP2019,SP2019-class 2,21,1905FADBI,0,0,0,0,0,Not Passed
SP2019,SP2019-class 2,22,1905FADDA,2.3,0,0,0,0.2,Not Passed
SP2019,SP2019-class 2,23,1905FBIEA,8.2,4,5.5,6.8,6.2,Passed
SP2019,SP2019-class 2,24,1905ACJCDD,5.9,6.5,5.5,5.2,6.2,Passed
SP2019,SP2019-class 2,25,1905FAGAF,0,0,0,0,0,Not Passed
SP2019,SP2019-class 2,26,1905FCCEB,2.1,0,0,0,0.2,Not Passed
SP2019,SP2019-class 2,27,1905ACJGFJ,1.2,0,0,0,0.1,Not Passed
SP2019,SP2019-class 3,1,1905FBDJI,5.4,3.5,0.5,4.4,4,Not Passed
SP2019,SP2019-class 3,2,1905ACJADE,7.5,4.5,3,6.4,5.6,Passed
SP2019,SP2019-class 3,3,1905FBBCH,1.6,0,0,0,0.2,Not Passed
SP2019,SP2019-class 3,4,1905FCJFG,6.4,4.5,4.5,7,6,Passed
SP2019,SP2019-class 3,5,1905FCBBA,0,0,0,0,0,Not Passed
SP2019,SP2019-class 3,6,1905FBCGH,6.3,3,2,5.6,4.6,Not Passed
SP2019,SP2019-class 3,7,1905ACJCBJ,7,5,9.5,6.4,7,Passed
SP2019,SP2019-class 3,8,1905ACJCIH,1.6,0,0,0,0.2,Not Passed
SP2019,SP2019-class 3,9,1905ACJAAC,5.6,4,0.5,7,5,Passed
SP2019,SP2019-class 3,10,1905FAGDA,8.3,6,3.5,6,6.1,Passed
SP2019,SP2019-class 3,11,1905FCJEI,2,0,0,0,0.2,Not Passed
SP2019,SP2019-class 3,12,1905FACCG,2.1,0,0,0,0.2,Not Passed
SP2019,SP2019-class 3,13,1905FBDHH,0,0,0,0,0,Not Passed
SP2019,SP2019-class 3,14,1905FBFII,0,0,0,0,0,Not Passed
SP2019,SP2019-class 3,15,1905FBDDC,5.6,3.5,2,5,4.5,Not Passed
SP2019,SP2019-class 3,16,1905ACJEAA,4,3.5,4.5,6.4,5.3,Passed
SP2019,SP2019-class 3,17,1905FBAFI,2.1,0,0,0,0.2,Not Passed
SP2019,SP2019-class 3,18,1905FBEEG,1.5,0,0,0,0.2,Not Passed
SP2019,SP2019-class 3,19,1905FBFED,0.8,0,0,0,0.1,Not Passed
SP2019,SP2019-class 3,20,1905FBCCB,5.5,2.5,0.5,3.8,3.5,Not Passed
SP2019,SP2019-class 3,21,1905FAGEE,2.4,0,0,0,0.2,Not Passed
SP2019,SP2019-class 3,22,1905ACJDHG,6.9,4,4.5,5.2,5.4,Passed
SP2019,SP2019-class 3,23,1905FCCDI,5.9,5,4.5,6.2,5.9,Passed
SP2019,SP2019-class 3,24,1905FCEJI,0,0,0,0,0,Not Passed
SP2019,SP2019-class 3,25,1905ACJJEA,2.2,0,4.5,0,2.1,Not Passed
SP2019,SP2019-class 3,26,1905FCEJG,2.6,0.5,4.5,0,2.3,Not Passed
SP2019,SP2019-class 3,27,1905FBFAG,1.5,0,0,0,0.2,Not Passed
SP2019,SP2019-class 3,28,1905FAGAH,1.9,0,0,0,0.2,Not Passed
SP2019,SP2019-class 3,29,1905FBCHC,2.2,0,0,0,0.2,Not Passed
SP2019,SP2019-class 4,1,1905ACJDJJ,0,0,0,0,0,Not Passed
SP2019,SP2019-class 4,2,1905ACJADE,2.6,0,0,0,0.8,Not Passed
SP2019,SP2019-class 4,3,1905FCCCG,4.6,0.5,0.5,0,1.7,Not Passed
SP2019,SP2019-class 4,4,1905FCEGA,4.7,2.5,0.5,0,2.3,Not Passed
SP2019,SP2019-class 4,5,1905ACJDFJ,0,0,0,0,0,Not Passed
SP2019,SP2019-class 4,6,1905ACJAAC,2.5,0.5,0,5.8,2.1,Not Passed
SP2019,SP2019-class 4,7,1905ACJJBJ,7.1,5,5,7,6.3,Passed
SP2019,SP2019-class 4,8,1905FCJFF,5.4,2.5,0.5,6.2,3.8,Not Passed
SP2019,SP2019-class 4,9,1905FCJJG,3.8,0.5,0.5,0,1.1,Not Passed
SP2019,SP2019-class 4,10,1905FCJIH,2.2,0,0,0,0.7,Not Passed
SP2019,SP2019-class 4,11,1905FCBIE,7.4,8,6.5,7.8,7.8,Passed
SP2019,SP2019-class 4,12,1905FCBFD,0,0,0,0,0,Not Passed
SP2019,SP2019-class 4,13,1905FCCGI,5.3,6,5.5,7,6.5,Passed
SP2019,SP2019-class 4,14,1905FCCDC,2,0,0,0,0.2,Not Passed
SP2019,SP2019-class 4,15,1905FBIAI,0,0,0,0,0,Not Passed
SP2019,SP2019-class 4,16,1905FCBHI,8,4.5,1,7.2,5.5,Passed
SP2019,SP2019-class 4,17,1905FBHIG,5.7,5.5,1.5,6.4,5.4,Passed
SP2019,SP2019-class 4,18,1905ACJDHG,1.9,0,0,0,0.7,Not Passed
SP2019,SP2019-class 4,19,1905FCDCH,3.7,0.5,0.5,0,1.6,Not Passed
SP2019,SP2019-class 4,20,1905FBIII,1.6,0,0.5,0,0.3,Not Passed
SP2019,SP2019-class 4,21,1905FBIEA,5.2,3,0.5,6,4.3,Not Passed
SP2019,SP2019-class 4,22,1905FCEJG,2.6,0.5,0,0,0.9,Not Passed
SP2019,SP2019-class 4,23,1905FCJIE,0,0,0,0,0,Not Passed
SP2019,SP2019-class 5,1,1905ACJBFF,5.8,5,2,5.6,5.2,Passed
SP2019,SP2019-class 5,2,1905ACJFIA,7.9,10,9.5,6.4,8.6,Passed
SP2019,SP2019-class 5,3,1905ACJCBJ,6.2,0.5,0.5,0,1.9,Not Passed
SP2019,SP2019-class 5,4,1905FBIHC,0,0,0,0,0,Not Passed
SP2019,SP2019-class 5,5,1905FBICI,7.3,4.5,1,5.8,5,Passed
SP2019,SP2019-class 5,6,1905FAGEH,0.7,0,0,0,1.1,Not Passed
SP2019,SP2019-class 5,7,1905ACJJED,6.6,7,3,4.8,5.8,Passed
SP2019,SP2019-class 5,8,1905FCEJC,5.9,9,5.5,5.6,7.1,Passed
SP2019,SP2019-class 5,9,1905ACJADH,9,8.5,6,5.6,7.3,Passed
SP2019,SP2019-class 5,10,1905ACJAED,8.7,6.5,3,6.4,6.3,Passed
SP2019,SP2019-class 5,11,1905ACJDBI,6.3,4,6,6.4,6,Passed
SP2019,SP2019-class 5,12,1905FBHDD,0,0,0,0,0,Not Passed
SP2019,SP2019-class 5,13,1905ACJDIF,6.7,4,1,5.8,4.8,Not Passed
SP2019,SP2019-class 5,14,1905ACJEAA,8,1,0.5,0,2.2,Not Passed
SP2019,SP2019-class 5,15,1905ACJJAI,6.2,6,3.5,4.6,5.5,Passed
SP2019,SP2019-class 5,16,1905ACJAEA,7.3,1,1.5,6.4,4.3,Not Passed
SP2019,SP2019-class 5,17,1905ACJAAE,7.4,1,3,5.2,4.2,Not Passed
SP2019,SP2019-class 5,18,1905ACJDGA,2.7,0,0,0,1.3,Not Passed
SP2019,SP2019-class 5,19,1905FCEAC,7.4,6,1,6.2,5.6,Passed
SP2019,SP2019-class 5,20,1905ACJJCH,8.8,8.5,1,6.8,6.7,Passed
SP2019,SP2019-class 5,21,1905FCCDI,7.5,1,1.5,4.2,3.6,Not Passed
SP2019,SP2019-class 5,22,1905ACJJEA,4.2,0,0,4.4,2.7,Not Passed
SP2019,SP2019-class 5,23,1905FBJJI,6.3,2.5,1,0,2.6,Not Passed
SP2019,SP2019-class 6,1,1905FBHJH,7,6.5,3,4.2,5.5,Passed
SP2019,SP2019-class 6,2,1905ACJFED,6.4,6.5,1,5.4,5.4,Passed
SP2019,SP2019-class 6,3,1905ACJJEH,8.4,9,8,8.2,8.6,Passed
SP2019,SP2019-class 6,4,1905ACJJAE,8,9,7.5,6.2,7.9,Passed
SP2019,SP2019-class 6,5,1905ACJFGE,7.1,10,9.5,7.2,8.8,Passed
SP2019,SP2019-class 6,6,1905ACJJAD,8.8,8.5,8,6.2,7.9,Passed
SP2019,SP2019-class 6,7,1905ACJJDF,3.3,0,0,0,0.3,Not Passed
SP2019,SP2019-class 6,8,1905ACJJDG,2.4,0,0,0,0.2,Not Passed
SP2019,SP2019-class 6,9,1905FBBHD,0,0,0,0,0,Not Passed
SP2019,SP2019-class 6,10,1905FAHEG,0,0,0,0,0,Not Passed
SP2019,SP2019-class 6,11,1905FBAFI,1.6,0,0,0,0.2,Not Passed
SP2019,SP2019-class 6,12,1905FCEHA,8.3,7,9.5,6.2,7.7,Passed
SP2019,SP2019-class 6,13,1905FBGCA,0,0,0,0,0,Not Passed
SP2019,SP2019-class 6,14,1905FCJBI,2.6,0,0,0,0.3,Not Passed
SP2019,SP2019-class 6,15,1905ACJJBA,6.9,7.5,9.5,5.6,7.5,Passed
SP2019,SP2019-class 6,16,1905ACJJAC,5.7,3.5,1,5.6,4.5,Not Passed
SP2019,SP2019-class 6,17,1905ACJAAD,7.2,5,2.5,4.4,5,Passed
SP2019,SP2019-class 6,18,1905ACJJIG,5,7.5,9,7.8,7.9,Passed
SP2019,SP2019-class 6,19,1905ACJFEA,6.7,10,10,7,8.8,Passed
SP2019,SP2019-class 6,20,1905ACJJEF,8.3,6,7.5,4.4,6.5,Passed
SP2019,SP2019-class 7,1,1905FCBBA,1.3,0,0,0,0.1,Not Passed
SP2019,SP2019-class 7,2,1905ACJFHA,7.9,9.5,9,6.4,8.4,Passed
SP2019,SP2019-class 7,3,1905ACJABE,2.7,0,0,0,0.3,Not Passed
SP2019,SP2019-class 7,4,1905ACJAAH,7.2,9,5,6.2,7.3,Passed
SP2019,SP2019-class 7,5,1905ACJAGJ,7.6,4,7.5,6.2,6.3,Passed
SP2019,SP2019-class 7,6,1905FAAJG,0,0,0,0,0,Not Passed
SP2019,SP2019-class 7,7,1905ACJAGH,8.4,9,8.5,6.2,8.1,Passed
SP2019,SP2019-class 7,8,1905FBBEG,1.1,2,0.5,0,0.8,Not Passed
SP2019,SP2019-class 7,9,1905FBDEH,2.3,0,0,0,0.2,Not Passed
SP2019,SP2019-class 7,10,1905ACJJHA,6.7,9.5,9,6,8.1,Passed
SP2019,SP2019-class 7,11,1905FBJBG,0,0,0,0,0,Not Passed
SP2019,SP2019-class 7,12,1905ACJBCE,8,10,0.5,5.2,6.5,Passed
SP2019,SP2019-class 7,13,1905ACJACC,6.7,6.5,9.5,5.8,7.3,Passed
SP2019,SP2019-class 7,14,1905FBGCJ,8.7,4.5,6,5,5.9,Passed
SP2019,SP2019-class 7,15,1905FBGEB,4.2,0,1,0,0.6,Not Passed
SP2019,SP2019-class 7,16,1905ACJADC,4.2,8,8,6.8,7.5,Passed
SP2019,SP2019-class 7,17,1905FBCBA,6.2,5,4.5,4.2,5.3,Passed
SP2019,SP2019-class 7,18,1905ACJAEC,8.9,5,5,5.4,6,Passed
SP2019,SP2019-class 7,19,1905FBGDC,6.5,6,4.5,5.4,6,Passed
SP2019,SP2019-class 7,20,1905ACJJGE,1.5,0,0,0,0.2,Not Passed
SP2019,SP2019-class 7,21,1905FCEJI,3.4,0,1,0,0.5,Not Passed
SP2019,SP2019-class 7,22,1905FCAEF,5.2,2,4.5,5,4.5,Not Passed
SP2019,SP2019-class 7,23,1905FAFHB,0,0,0,0,0,Not Passed
SP2019,SP2019-class 7,24,1905ACJGJA,7.5,8.5,10,6.6,8.3,Passed
SP2019,SP2019-class 7,25,1905ACJJGF,8.1,9.5,10,6.4,8.6,Passed
SP2019,SP2019-class 7,26,1905FBFGA,0,0,0,0,0,Not Passed
SP2019,SP2019-class 7,27,1905FAGAF,2.2,0,10,0,2.2,Not Passed
SP2019,SP2019-class 7,28,1905FCDFG,4.5,4,4.5,5.2,5.1,Passed
SP2019,SP2019-class 7,29,1905FCEEA,7.3,6,1,6.2,5.6,Passed
SP2019,SP2019-class 8,1,1905ACJCDH,7.5,6.5,9,4.8,6.9,Passed
SP2019,SP2019-class 8,2,1905ACJDDB,8.5,2.5,6,5.2,5.4,Passed
SP2019,SP2019-class 8,3,1905FCEBC,2.5,6.5,8.5,5.2,6.5,Passed
SP2019,SP2019-class 8,4,1905FCAHG,7,6,8.5,5.6,6.9,Passed
SP2019,SP2019-class 8,5,1905ACJEEE,6,10,10,7.8,8.9,Passed
SP2019,SP2019-class 8,6,1905FCBAD,2.5,2,0.5,0,2,Not Passed
SP2019,SP2019-class 8,7,1905ACJCCG,6.5,4.5,9,5,6.3,Passed
SP2019,SP2019-class 8,8,1905FBIIG,6,5.5,5.5,5.2,5.9,Passed
SP2019,SP2019-class 8,9,1905FBHHG,5.5,6,9,6.2,7,Passed
SP2019,SP2019-class 8,10,1905ACJBHA,6.5,7.5,3,6.2,6.4,Passed
SP2019,SP2019-class 8,11,1905ACJEHA,7,5,9.5,5.8,6.8,Passed
SP2019,SP2019-class 8,12,1905FAIJA,0,0,0,0,0,Not Passed
SP2019,SP2019-class 8,13,1905ACJCCD,5.5,4,3,6.4,5.3,Passed
SP2019,SP2019-class 8,14,1905FAIBH,0,0,0,0,0,Not Passed
SP2019,SP2019-class 8,15,1905ACJAII,5,5,2.5,5.4,5.1,Passed
SP2019,SP2019-class 8,16,1905ACJBHF,6,6.5,1,5,5.3,Passed
SP2019,SP2019-class 8,17,1905ACJGDI,5.5,4,6.5,5.2,5.6,Passed
SP2019,SP2019-class 8,18,1905FCAHB,6.5,5.5,10,6,7.1,Passed
SP2019,SP2019-class 8,19,1905ACJCDJ,7,6.5,9.5,4.8,7,Passed
SP2019,SP2019-class 8,20,1905FCEJD,6.5,4.5,1,6.2,5.1,Passed
SP2019,SP2019-class 9,1,1905FBIBC,2.6,1,0.5,0,1.2,Not Passed
SP2019,SP2019-class 9,2,1905FCBBD,4.8,3,0.5,4.6,3.9,Not Passed
SP2019,SP2019-class 9,3,1905FCACE,0,0,0,0,0,Not Passed
SP2019,SP2019-class 9,4,1905ACJDGD,2.5,0,0,0,0.8,Not Passed
SP2019,SP2019-class 9,5,1905ACJCIC,6.2,0,0,0,1.6,Not Passed
SP2019,SP2019-class 9,6,1905ACJDIA,6.4,5.5,1,6.8,5.5,Passed
SP2019,SP2019-class 9,7,1905ACJCIH,3.8,0,0.5,0,1.5,Not Passed
SP2019,SP2019-class 9,8,1905ACJDJG,5.9,7,0.5,6.6,5.8,Passed
SP2019,SP2019-class 9,9,1905FAIFD,0,0,0,0,0,Not Passed
SP2019,SP2019-class 9,10,1905FAIFF,0,0,0,0,0,Not Passed
SP2019,SP2019-class 9,11,1905ACJEFG,6.3,6,4.5,6.2,6.2,Passed
SP2019,SP2019-class 9,12,1905FADBJ,4.6,7.5,5.5,5.8,6.6,Passed
SP2019,SP2019-class 9,13,1905ACJCHH,5.6,6.5,5,7,6.6,Passed
SP2019,SP2019-class 9,14,1905ACJCIF,5.6,5,1.5,7,5.5,Passed
SP2019,SP2019-class 9,15,1905ACJCGH,4.5,6,3.5,6.6,5.9,Passed
SP2019,SP2019-class 9,16,1905ACJCEI,4.9,7.5,4.5,7.6,6.9,Passed
SP2019,SP2019-class 9,17,1905ACJEDJ,2.2,0,0,0,0.7,Not Passed
SP2019,SP2019-class 9,18,1905FBFHA,0,0,0,0,0,Not Passed
SP2019,SP2019-class 9,19,1905ACJDJD,5.5,6.5,1,6.8,5.7,Passed
SP2019,SP2019-class 10,1,1905FBHJJ,8.8,9.5,9.5,5.6,8.3,Passed
SP2019,SP2019-class 10,2,1905FBGHI,1.4,0,0,0,0.1,Not Passed
SP2019,SP2019-class 10,3,1905FCBEJ,1.2,0,0,0,0.1,Not Passed
SP2019,SP2019-class 10,4,1905FCAHA,0,0,0,0,0,Not Passed
SP2019,SP2019-class 10,5,1905FAEID,0,0,0,0,0,Not Passed
SP2019,SP2019-class 10,6,1905FCBFJ,1.7,0,0,0,0.2,Not Passed
SP2019,SP2019-class 10,7,1905FCEEJ,7,7.5,5,5.6,6.6,Passed
SP2019,SP2019-class 10,8,1905ACJEFJ,6.9,8,10,5.6,7.8,Passed
SP2019,SP2019-class 10,9,1905FBAIH,0,0,0,0,0,Not Passed
SP2019,SP2019-class 10,10,1905ACJFIH,7.8,7,7.5,7.2,7.5,Passed
SP2019,SP2019-class 10,11,1905ACJCHI,7.1,6,3,5.2,5.7,Passed
SP2019,SP2019-class 10,12,1905FBDFE,1.5,0,0,0,0.2,Not Passed
SP2019,SP2019-class 10,13,1905ACJCBC,7.3,5,4,7.2,6.2,Passed
SP2019,SP2019-class 10,14,1905FCEBE,1.4,0,0,0,0.1,Not Passed
SP2019,SP2019-class 10,15,1905FBCCC,0,0,0,0,0,Not Passed
SP2019,SP2019-class 10,16,1905FBEIH,0,0,0,0,0,Not Passed
SP2019,SP2019-class 10,17,1905ACJABH,5,5.5,4,5.6,5.6,Passed
SP2019,SP2019-class 10,18,1905FCECE,1.8,0,0,0,0.2,Not Passed
SP2019,SP2019-class 10,19,1905FBFII,0,0,0,0,0,Not Passed
SP2019,SP2019-class 10,20,1905ACJBCJ,1.7,0,0,0,0.2,Not Passed
SP2019,SP2019-class 10,21,1905ACJCBD,6.1,2,3,0,2.8,Not Passed
SP2019,SP2019-class 10,22,1905FBEEG,2,0,0,3,1.1,Not Passed
SP2019,SP2019-class 10,23,1905FBDHB,5.7,4,3,6,5.2,Passed
SP2019,SP2019-class 10,24,1905FCEHI,2.2,0,0,0,0.2,Not Passed
SP2019,SP2019-class 10,25,1905FBHCD,2.2,0,0,0,0.2,Not Passed
SP2019,SP2019-class 10,26,1905FBEHC,7,6,6,7.2,6.9,Passed
SP2019,SP2019-class 10,27,1905ACJCDD,6.4,2,1,5,3.9,Not Passed
SP2019,SP2019-class 10,28,1905FCBAF,1.4,0,3,0,0.7,Not Passed
SP2019,SP2019-class 10,29,1905ACJGFJ,1.3,0,0,0,0.1,Not Passed
SP2020,SP2020-class 1,1,1905ADJJCB,7.2,5.3,1,5.8,5.2,Passed
SP2020,SP2020-class 1,2,1905ACJFDI,0,0,3,0,0.6,Not Passed
SP2020,SP2020-class 1,3,1905ACJDJJ,0,0,3,0,0.6,Not Passed
SP2020,SP2020-class 1,4,1905FCCJG,0,0,0,0,0,Not Passed
SP2020,SP2020-class 1,5,1905ADJICG,6.7,10,7,7,8.2,Passed
SP2020,SP2020-class 1,6,1905ACJECI,0,0,0,0,0,Not Passed
SP2020,SP2020-class 1,7,1905FADGD,0,0,0,0,0,Not Passed
SP2020,SP2020-class 1,8,1905ACJABE,0,0,0,0,0,Not Passed
SP2020,SP2020-class 1,9,1905ACJFCA,0,0,0,0,0,Not Passed
SP2020,SP2020-class 1,10,1905FBCGH,4.8,5.3,1,5,4.8,Not Passed
SP2020,SP2020-class 1,11,1905ACJBDA,0,2.5,3,0,2.3,Not Passed
SP2020,SP2020-class 1,12,1905ADJDGI,0,0,0,0,0,Not Passed
SP2020,SP2020-class 1,13,1905ACJEII,6.2,7.8,6,6,7,Passed
SP2020,SP2020-class 1,14,1905ACJGFG,0,0,0,0,0,Not Passed
SP2020,SP2020-class 1,15,1905ACJEGI,6.3,5.5,10,5,6.8,Passed
SP2020,SP2020-class 1,16,1905FCAIG,0,0,0,0,0,Not Passed
SP2020,SP2020-class 1,17,1905FBBEG,3.5,7.3,3.5,5.6,5.9,Passed
SP2020,SP2020-class 1,18,1905FCCCA,6.7,6,6,6.6,6.6,Passed
SP2020,SP2020-class 1,19,1905ADJIBD,7.5,8.8,4,6.8,7.2,Passed
SP2020,SP2020-class 1,20,1905FCBAC,6.2,6,1,5.8,5.4,Passed
SP2020,SP2020-class 1,21,1905FBDEH,0,0,0,0,0,Not Passed
SP2020,SP2020-class 1,22,1905ADJBCE,6.3,8.5,4,6.8,7,Passed
SP2020,SP2020-class 1,23,1905ADJAJJ,7.7,9.5,1,7.8,7.2,Passed
SP2020,SP2020-class 1,24,1905FCCGF,0,0,0,0,0,Not Passed
SP2020,SP2020-class 1,25,1905ADJICE,7,10,6,6.6,7.9,Passed
SP2020,SP2020-class 1,26,1905FBCEA,4.8,5.3,4,4.6,5.3,Passed
SP2020,SP2020-class 1,27,1905FBCEJ,3.3,5.3,7,4.8,5.8,Passed
SP2020,SP2020-class 1,28,1905ACJDFC,5.2,10,3,5.6,6.8,Passed
SP2020,SP2020-class 2,1,1905ACJDHI,6.2,10,7,7,8.1,Passed
SP2020,SP2020-class 2,2,1905ACJCEH,6.8,8.8,1,4,5.7,Passed
SP2020,SP2020-class 2,3,1905ACJGJI,6.3,8,6,5,6.7,Passed
SP2020,SP2020-class 2,4,1905ADJJJI,0,0,0,0,0,Not Passed
SP2020,SP2020-class 2,5,1905ACJBJI,0,0,0,0,0,Not Passed
SP2020,SP2020-class 2,6,1905FCJHA,0,0,0,0,0,Not Passed
SP2020,SP2020-class 2,7,1905ACJBAB,0,0,0,0,0,Not Passed
SP2020,SP2020-class 2,8,1905ACJCGD,0,0,0,0,0,Not Passed
SP2020,SP2020-class 2,9,1905FBIDH,0,0,0,0,0,Not Passed
SP2020,SP2020-class 2,10,1905ACJGBF,5,10,7.5,4.4,7.3,Passed
SP2020,SP2020-class 2,11,1905ACJCFD,0,0,0,0,0,Not Passed
SP2020,SP2020-class 2,12,1905ACJAIE,0,0,0,0,0,Not Passed
SP2020,SP2020-class 2,13,1905ACJDBJ,5.2,10,6,5,7.2,Passed
SP2020,SP2020-class 2,14,1905FAGAF,6.7,7.5,6,5.2,6.7,Passed
SP2020,SP2020-class 2,15,1905ACJDJC,0,0,0,0,0,Not Passed
SP2020,SP2020-class 3,1,1905ACJCAI,4.3,0,0,0,1.4,Not Passed
SP2020,SP2020-class 3,2,1905FCAFH,7.1,5.5,5,5.2,5.9,Passed
SP2020,SP2020-class 3,3,1905FADGD,7.1,5,5,5,5.7,Passed
SP2020,SP2020-class 3,4,1905FCABD,6.4,0,0,0,1.6,Not Passed
SP2020,SP2020-class 3,5,1905FCDDD,6.2,0.5,0.5,0,1.9,Not Passed
SP2020,SP2020-class 3,6,1905FBAJG,5.7,0,0,0,1.6,Not Passed
SP2020,SP2020-class 3,7,1905FCCBI,7.5,0,0,0,1.8,Not Passed
SP2020,SP2020-class 3,8,1905ACJCHF,6.3,3.5,0,0,2.7,Not Passed
SP2020,SP2020-class 3,9,1905FBDEH,0,0,0,0,1,Attendance Fail
SP2020,SP2020-class 3,10,1905ACJBCJ,8.3,3,2,5,4.6,Not Passed
SP2020,SP2020-class 3,11,1905ACJDEG,0,0,0,0,1,Attendance Fail
SP2020,SP2020-class 3,12,1905FCCAD,6.8,1,2,0,2.4,Not Passed
SP2020,SP2020-class 3,13,1905FAIJA,8.4,6,6,5.2,6.4,Passed
SP2020,SP2020-class 3,14,1905ACJFEF,6.3,0,0.5,0,1.7,Not Passed
SP2020,SP2020-class 3,15,1905FBGAA,0,0,0,0,1,Not Passed
SP2020,SP2020-class 3,16,1905ACJCBF,6.4,4,0.5,5.8,4.7,Not Passed
SP2020,SP2020-class 3,17,1905ADJBGJ,7.3,3,0,0,2.6,Not Passed
SP2020,SP2020-class 3,18,1905FCEDA,6.7,0,0,0,1.7,Not Passed
SP2020,SP2020-class 3,19,1905ADJBGA,7.4,0,0,0,1.7,Not Passed
SP2020,SP2020-class 3,20,1905FCAFI,0,0,0,0,1,Not Passed
SP2020,SP2020-class 3,21,1905ACJBDF,8.9,3,6,5.4,5.6,Passed
SP2020,SP2020-class 3,22,1905FBFAG,5.3,3.5,1,0,2.8,Not Passed
SP2020,SP2020-class 3,23,1905FAGAH,6.7,7,1.5,5.4,5.7,Passed
SP2020,SP2020-class 4,1,1905ADJAAA,5.8,5.5,4,7.8,5.8,Passed
SP2020,SP2020-class 4,2,1905ADJBHI,6,5.5,4.5,5.2,5.5,Passed
SP2020,SP2020-class 4,3,1905ACJFBB,5.1,0,0.5,0,1.5,Not Passed
SP2020,SP2020-class 4,4,1905ADJJFA,0,0,0,0,0,Attendance Fail
SP2020,SP2020-class 4,5,1905ADJAAE,5.1,4.5,4,6,5.4,Passed
SP2020,SP2020-class 4,6,1905ACJBIC,1.7,0,0.5,0,0.7,Attendance Fail
SP2020,SP2020-class 4,7,1905ADJCDH,5.5,4.5,2,6.8,5,Passed
SP2020,SP2020-class 4,8,1905ADJACH,5.1,5.5,2.5,8.4,5.6,Passed
SP2020,SP2020-class 4,9,1905FCDJC,2.2,0,0.5,0,0.7,Attendance Fail
SP2020,SP2020-class 4,10,1905FCAHH,3.9,0,0.5,3.8,2.3,Not Passed
SP2020,SP2020-class 4,11,1905ADJAEI,6.8,0.5,0.5,0,1.4,Not Passed
SP2020,SP2020-class 4,12,1905ACJFDA,5.2,4,1,7.4,4.9,Not Passed
SP2020,SP2020-class 4,13,1905ADJJDE,2.7,0,0.5,0,0.9,Attendance Fail
SP2020,SP2020-class 4,14,1905ADJCAI,6.6,6.5,6,5.6,6.1,Passed
SP2020,SP2020-class 4,15,1905ADJDJD,8.1,6,5,4.8,6,Passed
SP2020,SP2020-class 4,16,1905ACJCIG,4.3,4,0.5,5.4,4.1,Not Passed
SP2020,SP2020-class 4,17,1905ACJBIG,4.1,4,0.5,4.2,3.4,Not Passed
SP2020,SP2020-class 4,18,1905FBFED,0,0,0,0,0,Attendance Fail
SP2020,SP2020-class 4,19,1905ADJJEF,7.1,6.5,4.5,7.8,6.9,Passed
SP2020,SP2020-class 4,20,1905ADJBGJ,5.9,2.5,5,6.4,4.9,Not Passed
SP2020,SP2020-class 4,21,1905ADJJAG,1.8,0,0.5,0,0.9,Attendance Fail
SP2020,SP2020-class 4,22,1905ADJBGA,6,3,3.5,0,2.8,Not Passed
SP2020,SP2020-class 4,23,1905ADJACA,5.2,4.5,4,6.6,5.3,Passed
SP2020,SP2020-class 4,24,1905ADJJGJ,0,0,0,0,0,Attendance Fail
SP2020,SP2020-class 4,25,1905ACJDBF,4.1,6,5,6.6,6.2,Passed
SP2020,SP2020-class 4,26,1905FADBG,0,0,0,0,0.3,Attendance Fail
SP2020,SP2020-class 4,27,1905ADJCEE,5.6,4.5,4,6.4,5.6,Passed
SP2020,SP2020-class 4,28,1905ADJJFE,6.1,4.5,3.5,5.6,5.3,Passed
SP2020,SP2020-class 4,29,1905ACJFDJ,0,0,0,0,0,Attendance Fail
SP2020,SP2020-class 5,1,1905ACJGAH,1.5,0,0,0,0.7,Attendance Fail
SP2020,SP2020-class 5,2,1905ACJGBD,4.7,5.5,3.5,5.6,5.3,Passed
SP2020,SP2020-class 5,3,1905ACJCAI,0,0,0.5,0,0.1,Attendance Fail
SP2020,SP2020-class 5,4,1905ACJAFA,3.7,4,1.5,0,2.3,Not Passed
SP2020,SP2020-class 5,5,1905ADJHDH,8.4,9,8,6.8,8.2,Passed
SP2020,SP2020-class 5,6,1905FBAIH,0,0,0,0,0,Attendance Fail
SP2020,SP2020-class 5,7,1905ACJEDC,0,0,0,0,0,Attendance Fail
SP2020,SP2020-class 5,8,1905ACJGAI,5.6,2,4,7.2,5,Passed
SP2020,SP2020-class 5,9,1905ADJFJI,7.3,8,8,7.8,8,Passed
SP2020,SP2020-class 5,10,1905ACJCHF,3.2,3,1.5,0,2,Not Passed
SP2020,SP2020-class 5,11,1905ACJFCI,5.2,6.5,7,5.6,6.5,Passed
SP2020,SP2020-class 5,12,1905ACJBIF,3.2,0,0,0,1.1,Attendance Fail
SP2020,SP2020-class 5,13,1905ACJFBC,3.3,4,4,7.8,5.2,Passed
SP2020,SP2020-class 5,14,1905ACJCBA,3.2,1.5,3.5,0,1.7,Not Passed
SP2020,SP2020-class 5,15,1905ACJFCE,2.2,0,0,0,0.8,Attendance Fail
SP2020,SP2020-class 5,16,1905FAFCG,0,0,0,0,0,Attendance Fail
SP2020,SP2020-class 5,17,1905ACJDHH,5.2,4.5,4.5,6.8,5.7,Passed
SP2020,SP2020-class 5,18,1905ADJHEG,5.1,6,8,5.4,6.3,Passed
SP2020,SP2020-class 5,19,1905ADJFDD,0,0,0,0,0,Attendance Fail
SP2020,SP2020-class 5,20,1905ACJBJC,4.3,3,4,4.8,3.9,Not Passed
SP2020,SP2020-class 5,21,1905ADJHDF,6.2,5.5,6.5,6.6,6.3,Passed
SP2020,SP2020-class 5,22,1905ACJCBF,3.3,0.5,2,0,1.4,Not Passed
SP2020,SP2020-class 5,23,1905ADJEJE,0,0,0,0,0,Attendance Fail
SP2020,SP2020-class 5,24,1905ACJFDD,2,0,0,0,1,Attendance Fail
SP2020,SP2020-class 5,25,1905ACJFHH,2.8,6,5,5,5.5,Passed
SP2020,SP2020-class 5,26,1905ACJDDG,3.8,5,5,5.2,5,Passed
SP2020,SP2020-class 5,27,1905FAGAH,0,0,0,0,0,Attendance Fail
SP2020,SP2020-class 5,28,1905ACJCJA,2.1,1,3,0,1.7,Not Passed
SP2020,SP2020-class 6,1,1905ACJFIE,2.1,3,2,0,1.9,Not Passed
SP2020,SP2020-class 6,2,1905ACJAGA,4,3,4.5,5.8,4.5,Not Passed
SP2020,SP2020-class 6,3,1905ACJCEB,4.7,0.5,2.5,0,1.3,Not Passed
SP2020,SP2020-class 6,4,1905FBFGD,0,0,0,0,0,Attendance Fail
SP2020,SP2020-class 6,5,1905FCACB,0,0,0,0,0,Attendance Fail
SP2020,SP2020-class 6,6,1905ACJGJH,4.6,3,7,7.4,5.7,Passed
SP2020,SP2020-class 6,7,1905FAHAH,0,0,0,0,0,Attendance Fail
SP2020,SP2020-class 6,8,1905ACJFFA,4.9,5,5,5.8,5.2,Passed
SP2020,SP2020-class 6,9,1905ACJBJH,0,0,0,0,0,Attendance Fail
SP2020,SP2020-class 6,10,1905ACJFBA,5.7,5,2.5,6.8,4.9,Not Passed
SP2020,SP2020-class 6,11,1905ACJFJH,3.5,1.5,1.5,0,1.4,Not Passed
SP2020,SP2020-class 6,12,1905ACJJFH,5.4,8,7,7,7.2,Passed
SP2020,SP2020-class 6,13,1905ACJAAI,2.3,0.5,0.5,0,0.6,Attendance Fail
SP2020,SP2020-class 6,14,1905FCBAA,0,0,0,0,0,Attendance Fail
SP2020,SP2020-class 6,15,1905ACJGCI,2.5,0.5,3,0,1.4,Attendance Fail
SP2020,SP2020-class 6,16,1905FCCBI,2,0,0.5,0,0.3,Attendance Fail
SP2020,SP2020-class 6,17,1905ACJGBJ,1.4,0,0,0,0.3,Attendance Fail
SP2020,SP2020-class 6,18,1905ACJBBD,3.8,5,3,5.8,4.6,Not Passed
SP2020,SP2020-class 6,19,1905ACJGBA,3.7,6,5,6.6,5.9,Passed
SP2020,SP2020-class 6,20,1905ACJJCC,2.5,1,2,2.8,2.5,Not Passed
SP2020,SP2020-class 6,21,1905FCCAD,2.4,0,0.5,0,0.7,Attendance Fail
SP2020,SP2020-class 6,22,1905ACJDCA,9.6,8,7,5.2,7.3,Passed
SP2020,SP2020-class 6,23,1905ACJFJB,2.3,4,4,5.8,4.9,Not Passed
SP2020,SP2020-class 6,24,1905AEAECJ,0,0,0,0,0,Attendance Fail
SP2020,SP2020-class 6,25,1905ACJFII,4.8,4,1.5,7.8,4.9,Not Passed
SP2020,SP2020-class 6,26,1905ACJGBE,4.1,4,2.5,7,5,Passed
SP2020,SP2020-class 6,27,1905ACJJIB,3.7,6,0.5,6,4.7,Not Passed
SP2020,SP2020-class 7,1,1905FCJEA,0,0,0,0,0,Not Passed
SP2020,SP2020-class 7,2,1905FBIFJ,0,0,0,0,0,Not Passed
SP2020,SP2020-class 7,3,1905FCJII,0,0,0,0,0,Not Passed
SP2020,SP2020-class 7,4,1905ACJBIE,0,0,0,0,0,Not Passed
SP2020,SP2020-class 7,5,1905ACJCEG,0,0,0,0,0,Not Passed
SP2020,SP2020-class 7,6,1905ADJAJI,6.3,6.8,4,6,6.3,Passed
SP2020,SP2020-class 7,7,1905ACJFDE,0,0,0,0,0,Not Passed
SP2020,SP2020-class 7,8,1905ADJJJC,0,0,0,0,0,Not Passed
SP2020,SP2020-class 7,9,1905ADJJFB,5.7,7,4,6.2,6.3,Passed
SP2020,SP2020-class 7,10,1905ACJJII,5.7,10,6,5.6,7.4,Passed
SP2020,SP2020-class 7,11,1905ACJFGJ,0,0,0,0,0,Not Passed
SP2020,SP2020-class 7,12,1905ADJJHJ,6.7,8.8,10,7.2,8.5,Passed
SP2020,SP2020-class 7,13,1905ACJCHJ,5,8,10,5,7.4,Passed
SP2020,SP2020-class 7,14,1905ACJBCA,0,0,0,0,0,Not Passed
SP2020,SP2020-class 7,15,1905ADJGDA,5,7.5,10,5.2,7.3,Passed
SP2020,SP2020-class 7,16,1905ADJJCH,5,4.5,4,5.6,5.3,Passed
SP2020,SP2020-class 7,17,1905ACJAGB,0,0,0,0,0,Not Passed
SP2020,SP2020-class 7,18,1905FBGEG,0,0,0,0,0,Not Passed
SP2020,SP2020-class 7,19,1905ACJJDG,0,0,0,0,0,Not Passed
SP2020,SP2020-class 7,20,1905ADAJGE,5.5,3.3,9,6.4,6.3,Passed
SP2020,SP2020-class 7,21,1905ACJGAF,0,0,0,0,0,Not Passed
SP2020,SP2020-class 7,22,1905ACJAEG,0,0,0,0,0,Not Passed
SP2020,SP2020-class 7,23,1905ACJJEG,0,0,0,0,0,Not Passed
SP2020,SP2020-class 7,24,1905ADJABF,6.2,2.5,4,7.6,5.4,Passed
SP2020,SP2020-class 7,25,1905FCCHB,0,0,0,0,0,Not Passed
SP2020,SP2020-class 7,26,1905ADJJJG,6,7.5,7,7.4,7.5,Passed
SP2020,SP2020-class 7,27,1905ADJCBI,6.3,5.8,4,6.4,6.1,Passed
SP2020,SP2020-class 7,28,1905ADJJID,5.7,1,4,6.8,4.7,Not Passed
SP2020,SP2020-class 7,29,1905ACJFBF,0,0,0,0,0,Not Passed
SP2020,SP2020-class 8,1,1905FBDJI,0,0,0,0,0,Attendance Fail
SP2020,SP2020-class 8,2,1905ACJEIE,6.6,5.5,5,5,5.7,Passed
SP2020,SP2020-class 8,3,1905ACJGCA,5.5,1.5,2,0,2.3,Not Passed
SP2020,SP2020-class 8,4,1905ACJFGI,2.8,0,0,0,0.7,Attendance Fail
SP2020,SP2020-class 8,5,1905ACJCHA,3.8,0,0,0,1.1,Not Passed
SP2020,SP2020-class 8,6,1905ACJADF,0,0,0,0,0.1,Attendance Fail
SP2020,SP2020-class 8,7,1905ACJFCF,4.4,1,2,4.4,3.3,Not Passed
SP2020,SP2020-class 8,8,1905ACJBJE,3.8,0,0,0,1.1,Not Passed
SP2020,SP2020-class 8,9,1905ACJDJF,3,0,0,0,1,Not Passed
SP2020,SP2020-class 8,10,1905ACJAJH,5.6,1.5,4.5,5.8,4.5,Not Passed
SP2020,SP2020-class 8,11,1905ACJFCC,3.8,0,0,0,0.9,Not Passed
SP2020,SP2020-class 8,12,1905ACJCEF,3.5,0,0,0,1.1,Not Passed
SP2020,SP2020-class 8,13,1905ACJDFI,0,0,0,0,0.1,Attendance Fail
SP2020,SP2020-class 8,14,1905ACJEAE,5.4,3.5,2,4.4,3.9,Not Passed
SP2020,SP2020-class 8,15,1905ACJDFF,2.8,0,0,0,1,Not Passed
SP2020,SP2020-class 8,16,1905ACJAFE,6.4,5,3,6,5.1,Passed
SP2020,SP2020-class 8,17,1905ACJBCJ,4,1.5,4,0,2.4,Not Passed
SP2020,SP2020-class 8,18,1905ACJDED,0,0,0,0,0,Attendance Fail
SP2020,SP2020-class 8,19,1905FBDDC,2.8,0,4.5,0,1.9,Not Passed
SP2020,SP2020-class 8,20,1905FAIJA,2,5,2,4.8,4.3,Not Passed
SP2020,SP2020-class 8,21,1905ACJFGH,2.8,0,0,0,1,Not Passed
SP2020,SP2020-class 8,22,1905ACJFAC,2.8,0,0,0,0.7,Not Passed
SP2020,SP2020-class 8,23,1905FCBFI,2.8,0,0,0,0.6,Not Passed
SP2020,SP2020-class 8,24,1905ACJAGC,7,6,4,4.2,5.1,Passed
SP2020,SP2020-class 8,25,1905FAHBA,5.9,1.5,4,6.6,4.4,Not Passed
SP2020,SP2020-class 8,26,1905ACJFCG,3.3,0,0,0,1,Not Passed
SP2020,SP2020-class 8,27,1905ACJEGH,2.8,0,0,0,0.8,Not Passed
SP2020,SP2020-class 8,28,1905ACJBDF,5.4,1,2,0,2,Not Passed
SU2017,SU2017-class 1,1,1905FBJBC,,,,,6,Passed
SU2017,SU2017-class 1,2,1905FBDGF,,,,,6.8,Passed
SU2017,SU2017-class 1,3,1905FBEII,,,,,7.5,Passed
SU2017,SU2017-class 1,4,1905FBDIE,,,,,5,Passed
SU2017,SU2017-class 1,5,1905FAHBD,,,,,0.3,Not Passed
SU2017,SU2017-class 1,6,1905FBBCD,,,,,7.9,Passed
SU2017,SU2017-class 1,7,1905FBFBE,,,,,6.8,Passed
SU2017,SU2017-class 1,8,1905FBECF,,,,,8.1,Passed
SU2017,SU2017-class 1,9,1905FAEED,,,,,0,Not Passed
SU2017,SU2017-class 1,10,1905FBJAF,,,,,5.2,Passed
SU2017,SU2017-class 1,11,1905FBFEE,,,,,7.9,Passed
SU2017,SU2017-class 1,12,1905FBBIF,,,,,8.6,Passed
SU2017,SU2017-class 1,13,1905FAGDD,,,,,6.5,Passed
SU2017,SU2017-class 2,1,1905FBBGA,,,,,6.2,Passed
SU2017,SU2017-class 2,2,1905FBCGH,,,,,0,Not Passed
SU2017,SU2017-class 2,3,1905FBBHG,,,,,5.1,Passed
SU2017,SU2017-class 2,4,1905FBBJH,,,,,0.5,Not Passed
SU2017,SU2017-class 2,5,1905FBEBF,,,,,8,Passed
SU2017,SU2017-class 2,6,1905FBDBC,,,,,0.2,Not Passed
SU2017,SU2017-class 2,7,1905FBCBJ,,,,,6.2,Passed
SU2017,SU2017-class 2,8,1905FBCGG,,,,,0.2,Not Passed
SU2017,SU2017-class 2,9,1905FBDDC,,,,,0.2,Not Passed
SU2017,SU2017-class 2,10,1905FBBCG,,,,,5.6,Passed
SU2017,SU2017-class 2,11,1905FBDID,,,,,6.7,Passed
SU2017,SU2017-class 2,12,1905FBFHF,,,,,0.5,Not Passed
SU2017,SU2017-class 2,13,1905FBCCB,,,,,0.2,Not Passed
SU2017,SU2017-class 2,14,1905FBBIJ,,,,,6,Passed
SU2017,SU2017-class 2,15,1905FBCHC,,,,,0.1,Not Passed
SU2017,SU2017-class 3,1,1905FBJFE,,,,,,Is Exempt
SU2017,SU2017-class 3,2,1905FAEHI,,,,,,Is Exempt
SU2017,SU2017-class 3,3,1905FBAEI,,,,,,Is Exempt
SU2017,SU2017-class 3,4,1905ACJGFH,,,,,8,Passed
SU2017,SU2017-class 3,5,1905FAHGF,,,,,,Is Exempt
SU2017,SU2017-class 3,6,1905FAHFG,,,,,,Is Exempt
SU2017,SU2017-class 3,7,1905FADDF,,,,,,Is Exempt
SU2017,SU2017-class 3,8,1905FAFEF,,,,,,Is Exempt
SU2017,SU2017-class 3,9,1905FABJJ,,,,,,Is Exempt
SU2017,SU2017-class 4,1,1905FBABI,,,,,6.6,Passed
SU2017,SU2017-class 4,2,1905FBDEG,,,,,6.5,Passed
SU2017,SU2017-class 4,3,1905FAIEE,,,,,5.7,Passed
SU2017,SU2017-class 4,4,1905FAGJJ,,,,,0,Not Passed
SU2017,SU2017-class 4,5,1905FBGDF,,,,,6.6,Passed
SU2017,SU2017-class 4,6,1905FAIFI,,,,,0,Not Passed
SU2017,SU2017-class 4,7,1905FBCHG,,,,,0,Not Passed
SU2017,SU2017-class 4,8,1905FAFIF,,,,,6.7,Passed
SU2017,SU2017-class 4,9,1905FBGJE,,,,,6.8,Passed
SU2017,SU2017-class 4,10,1905FBAFJ,,,,,0.9,Not Passed
SU2017,SU2017-class 4,11,1905FBBEC,,,,,1.5,Not Passed
SU2017,SU2017-class 4,12,1905FBBFI,,,,,1,Not Passed
SU2017,SU2017-class 4,13,1905FBCID,,,,,1,Not Passed
SU2017,SU2017-class 4,14,1905FBEGI,,,,,0.9,Not Passed
SU2017,SU2017-class 4,15,1905FBGGE,,,,,7.3,Passed
SU2017,SU2017-class 5,1,1905FBAEA,,,,,0,Not Passed
SU2017,SU2017-class 5,2,1905FAIDA,,,,,5.9,Passed
SU2017,SU2017-class 5,3,1905FBBEF,,,,,6.3,Passed
SU2017,SU2017-class 5,4,1905FBCBD,,,,,2.2,Not Passed
SU2017,SU2017-class 5,5,1905FAGJF,,,,,0,Not Passed
SU2017,SU2017-class 5,6,1905FBEEI,,,,,1.4,Not Passed
SU2017,SU2017-class 5,7,1905FBAFA,,,,,5.5,Passed
SU2017,SU2017-class 5,8,1905FBBFJ,,,,,6.5,Passed
SU2017,SU2017-class 5,9,1905FBBGI,,,,,7.2,Passed
SU2017,SU2017-class 5,10,1905FBBBE,,,,,6.1,Passed
SU2017,SU2017-class 5,11,1905FBJCD,,,,,0.9,Not Passed
SU2017,SU2017-class 5,12,1905FBADD,,,,,0.7,Not Passed
SU2017,SU2017-class 5,13,1905FBBAJ,,,,,9.4,Passed
SU2017,SU2017-class 5,14,1905FBBBI,,,,,6.5,Passed
SU2017,SU2017-class 5,15,1905FAIGA,,,,,0,Not Passed
SU2017,SU2017-class 5,16,1905FBAEG,,,,,2.1,Not Passed
SU2017,SU2017-class 5,17,1905FBBEE,,,,,6.7,Passed
SU2017,SU2017-class 5,18,1905FBBFG,,,,,7.8,Passed
SU2017,SU2017-class 6,1,1905FBBJA,,,,,6.4,Passed
SU2017,SU2017-class 6,2,1905FAGEG,,,,,0,Not Passed
SU2017,SU2017-class 6,3,1905FBAIJ,,,,,1.3,Not Passed
SU2017,SU2017-class 6,4,1905FBACB,,,,,0.2,Not Passed
SU2017,SU2017-class 6,5,1905FBGCI,,,,,5.7,Passed
SU2017,SU2017-class 6,6,1905FBBCB,,,,,6.5,Passed
SU2017,SU2017-class 6,7,1905FBBBF,,,,,5.2,Passed
SU2017,SU2017-class 6,8,1905FBFDC,,,,,5.4,Passed
SU2017,SU2017-class 6,9,1905FBBDI,,,,,6.3,Passed
SU2017,SU2017-class 6,10,1905FBJDD,,,,,0,Not Passed
SU2017,SU2017-class 6,11,1905FAEIF,,,,,0,Not Passed
SU2017,SU2017-class 6,12,1905FAGEE,,,,,0,Not Passed
SU2017,SU2017-class 6,13,1905FBAIB,,,,,6.1,Passed
SU2017,SU2017-class 6,14,1905FBBCC,,,,,7.4,Passed
SU2017,SU2017-class 6,15,1905FBBFA,,,,,6.4,Passed
SU2017,SU2017-class 6,16,1905FBBDD,,,,,6.5,Passed
SU2017,SU2017-class 6,17,1905FBBDC,,,,,1.8,Not Passed
SU2017,SU2017-class 7,1,1905FBCIB,,,,,6.1,Passed
SU2017,SU2017-class 7,2,1905FBCEI,,,,,5.5,Passed
SU2017,SU2017-class 7,3,1905FBCEG,,,,,4.7,Not Passed
SU2017,SU2017-class 7,4,1905FBCHI,,,,,6.3,Passed
SU2017,SU2017-class 7,5,1905FBBHH,,,,,0.4,Not Passed
SU2017,SU2017-class 7,6,1905FBCFH,,,,,6.8,Passed
SU2017,SU2017-class 7,7,1905FAHBH,,,,,7.5,Passed
SU2017,SU2017-class 7,8,1905FACBH,,,,,5.4,Passed
SU2017,SU2017-class 7,9,1905FBCHF,,,,,7.1,Passed
SU2017,SU2017-class 7,10,1905FBBIE,,,,,6,Passed
SU2017,SU2017-class 7,11,1905FBCBG,,,,,6.3,Passed
SU2017,SU2017-class 7,12,1905FBBHF,,,,,7,Passed
SU2017,SU2017-class 7,13,1905FBCEB,,,,,7.8,Passed
SU2017,SU2017-class 7,14,1905FACDA,,,,,0,Not Passed
SU2017,SU2017-class 7,15,1905FBDAD,,,,,6.6,Passed
SU2017,SU2017-class 7,16,1905FBCJD,,,,,8.3,Passed
SU2017,SU2017-class 7,17,1905FBDCJ,,,,,7.2,Passed
SU2017,SU2017-class 7,18,1905FAFHG,,,,,0.1,Not Passed
SU2017,SU2017-class 7,19,1905FBDJA,,,,,5.7,Passed
SU2017,SU2017-class 7,20,1905FBCFI,,,,,2.8,Not Passed
SU2017,SU2017-class 7,21,1905FBBHI,,,,,7.1,Passed
SU2017,SU2017-class 7,22,1905FBBHB,,,,,4.9,Not Passed
SU2017,SU2017-class 7,23,1905FBCAJ,,,,,8.7,Passed
SU2017,SU2017-class 7,24,1905FBCDG,,,,,7.1,Passed
SU2017,SU2017-class 7,25,1905FBCAE,,,,,8.5,Passed
SU2017,SU2017-class 8,1,1905FBEGC,,,,,0.7,Not Passed
SU2017,SU2017-class 8,2,1905FBDEE,,,,,1,Not Passed
SU2017,SU2017-class 8,3,1905FBDHA,,,,,5.1,Passed
SU2017,SU2017-class 8,4,1905FBDFG,,,,,0.2,Not Passed
SU2017,SU2017-class 8,5,1905FBEAD,,,,,0,Not Passed
SU2017,SU2017-class 8,6,1905FBDED,,,,,0.9,Not Passed
SU2017,SU2017-class 8,7,1905FBDGA,,,,,6.7,Passed
SU2017,SU2017-class 8,8,1905FBDIC,,,,,5.7,Passed
SU2017,SU2017-class 8,9,1905FBDDD,,,,,0.9,Not Passed
SU2017,SU2017-class 8,10,1905FBEBJ,,,,,5.2,Passed
SU2017,SU2017-class 8,11,1905FBEFA,,,,,0,Not Passed
SU2017,SU2017-class 8,12,1905FBEDE,,,,,5,Passed
SU2017,SU2017-class 8,13,1905FBDIA,,,,,5.5,Passed
SU2017,SU2017-class 8,14,1905FAAEH,,,,,1.5,Not Passed
SU2017,SU2017-class 8,15,1905FBDFF,,,,,0.6,Not Passed
SU2017,SU2017-class 8,16,1905FBDGD,,,,,0,Not Passed
SU2017,SU2017-class 8,17,1905FBEJC,,,,,1.8,Not Passed
SU2017,SU2017-class 8,18,1905FBEBH,,,,,3.8,Not Passed
SU2017,SU2017-class 8,19,1905FBEDH,,,,,7,Passed
SU2017,SU2017-class 8,20,1905FBEDI,,,,,6.7,Passed
SU2017,SU2017-class 8,21,1905FBECA,,,,,6.5,Passed
SU2017,SU2017-class 8,22,1905FBDGI,,,,,5,Passed
SU2017,SU2017-class 9,1,1905FBEHF,,,,,7.4,Passed
SU2017,SU2017-class 9,2,1905FBEGF,,,,,6.9,Passed
SU2017,SU2017-class 9,3,1905FBDBD,,,,,6.8,Passed
SU2017,SU2017-class 9,4,1905FAAJG,,,,,0,Not Passed
SU2017,SU2017-class 9,5,1905FBFIF,,,,,7.3,Passed
SU2017,SU2017-class 9,6,1905FBGGH,,,,,6.5,Passed
SU2017,SU2017-class 9,7,1905FAFFG,,,,,8.3,Passed
SU2017,SU2017-class 9,8,1905FBFJH,,,,,7.3,Passed
SU2017,SU2017-class 9,9,1905FBGEB,,,,,1.9,Not Passed
SU2017,SU2017-class 9,10,1905FAFBC,,,,,5.4,Passed
SU2017,SU2017-class 9,11,1905FBEHI,,,,,6.7,Passed
SU2017,SU2017-class 9,12,1905FAGIJ,,,,,6.6,Passed
SU2017,SU2017-class 9,13,1905FBGFH,,,,,8.5,Passed
SU2017,SU2017-class 9,14,1905FJHII,,,,,0.4,Not Passed
SU2017,SU2017-class 9,15,1905FAFEE,,,,,0.3,Not Passed
SU2017,SU2017-class 9,16,1905FBEIJ,,,,,7.1,Passed
SU2017,SU2017-class 10,1,1905FACGB,,,,,0.2,Not Passed
SU2017,SU2017-class 10,2,1905FAHJB,,,,,0.3,Not Passed
SU2017,SU2017-class 10,3,1905FBDFJ,,,,,1.9,Not Passed
SU2017,SU2017-class 10,4,1905FAECA,,,,,0.3,Not Passed
SU2017,SU2017-class 10,5,1905FAHBD,,,,,0,Not Passed
SU2017,SU2017-class 10,6,1905FBDEE,,,,,2.6,Not Passed
SU2017,SU2017-class 10,7,1905FAGHC,,,,,0.2,Not Passed
SU2017,SU2017-class 10,8,1905FAFCF,,,,,0.3,Attendance Fail
SU2017,SU2017-class 10,9,1905FJFIE,,,,,0.5,Not Passed
SU2017,SU2017-class 10,10,1905FAHHC,,,,,0.1,Attendance Fail
SU2017,SU2017-class 10,11,1905FAHIB,,,,,0.4,Not Passed
SU2017,SU2017-class 10,12,1905FAIED,,,,,0.4,Not Passed
SU2017,SU2017-class 10,13,1905FABJE,,,,,3.7,Not Passed
SU2017,SU2017-class 10,14,1905FBJBI,,,,,5.7,Passed
SU2017,SU2017-class 10,15,1905FAGFA,,,,,5.6,Passed
SU2017,SU2017-class 10,16,1905FAGGH,,,,,7.1,Passed
SU2017,SU2017-class 10,17,1905FBFHF,,,,,0,Not Passed
SU2017,SU2017-class 10,18,1905FBBFI,,,,,0.2,Attendance Fail
SU2017,SU2017-class 10,19,1905FAJGC,,,,,6.4,Passed
SU2017,SU2017-class 10,20,1905FBEJC,,,,,5.5,Passed
SU2017,SU2017-class 10,21,1905FBEBH,,,,,5.3,Passed
SU2017,SU2017-class 10,22,1905FBACC,,,,,0.2,Attendance Fail
SU2017,SU2017-class 10,23,1905FBCFI,,,,,6,Passed
SU2017,SU2017-class 10,24,1905FAEIG,,,,,0.2,Not Passed
SU2017,SU2017-class 10,25,1905FAHCB,,,,,5.2,Passed
SU2017,SU2017-class 10,26,1905FAEIJ,,,,,0.2,Not Passed
SU2017,SU2017-class 10,27,1905FAGDE,,,,,0.4,Not Passed
SU2017,SU2017-class 10,28,1905FBBDC,,,,,6.2,Passed
SU2017,SU2017-class 10,29,1905FJIHC,,,,,0.3,Attendance Fail
SU2017,SU2017-class 11,1,1905FADEE,,,,,6.2,Passed
SU2017,SU2017-class 11,2,1905FAFFF,,,,,7.4,Passed
SU2017,SU2017-class 11,3,1905FAIJB,,,,,7.3,Passed
SU2017,SU2017-class 11,4,1905FBAJD,,,,,0.1,Attendance Fail
SU2017,SU2017-class 11,5,1905FBJDF,,,,,0,Not Passed
SU2017,SU2017-class 11,6,1905FBEGC,,,,,5.5,Passed
SU2017,SU2017-class 11,7,1905FBCEG,,,,,5.3,Passed
SU2017,SU2017-class 11,8,1905FAFAB,,,,,0,Attendance Fail
SU2017,SU2017-class 11,9,1905FBDFG,,,,,0.4,Not Passed
SU2017,SU2017-class 11,10,1905FAFAA,,,,,6.6,Passed
SU2017,SU2017-class 11,11,1905FAEEI,,,,,0.2,Not Passed
SU2017,SU2017-class 11,12,1905FADHC,,,,,6.9,Passed
SU2017,SU2017-class 11,13,1905FJEIB,,,,,0.2,Not Passed
SU2017,SU2017-class 11,14,1905FACJE,,,,,5,Passed
SU2017,SU2017-class 11,15,1905FADCB,,,,,6.2,Passed
SU2017,SU2017-class 11,16,1905FAAJG,,,,,0,Attendance Fail
SU2017,SU2017-class 11,17,1905FACEH,,,,,0,Attendance Fail
SU2017,SU2017-class 11,18,1905FJHEG,,,,,0,Attendance Fail
SU2017,SU2017-class 11,19,1905FAAGE,,,,,0,Not Passed
SU2017,SU2017-class 11,20,1905FJGIJ,,,,,6.1,Passed
SU2017,SU2017-class 11,21,1905FAEJJ,,,,,6,Passed
SU2017,SU2017-class 11,22,1905FADCE,,,,,5.2,Passed
SU2017,SU2017-class 11,23,1905FAGIG,,,,,5.9,Passed
SU2017,SU2017-class 11,24,1905FAEEB,,,,,5.1,Passed
SU2017,SU2017-class 11,25,1905FAGEE,,,,,0.2,Attendance Fail
SU2017,SU2017-class 11,26,1905FBEIC,,,,,6.7,Passed
SU2017,SU2017-class 11,27,1905FACGC,,,,,0.2,Not Passed
SU2017,SU2017-class 11,28,1905FAJFJ,,,,,0.2,Not Passed
SU2017,SU2017-class 11,29,1905FAECH,,,,,0.2,Not Passed
SU2017,SU2017-class 11,30,1905FACAE,,,,,0,Attendance Fail
SU2019,SU2019-class 1,1,1905FBBCH,4.5,0.5,3,0,2.2,Not Passed
SU2019,SU2019-class 1,2,1905ACJBGE,5.8,2.5,5,5.4,5,Passed
SU2019,SU2019-class 1,3,1905FADGD,6.8,0.5,0.5,0,1.9,Not Passed
SU2019,SU2019-class 1,4,1905ACJBGB,5.5,2.5,5.5,6,5.2,Passed
SU2019,SU2019-class 1,5,1905ACJFEH,6.8,4,4.5,5.4,5.4,Passed
SU2019,SU2019-class 1,6,1905FAIGD,3.8,0,1,0,1.6,Not Passed
SU2019,SU2019-class 1,7,1905ACJBCJ,5.8,3.5,1,0,2.8,Not Passed
SU2019,SU2019-class 1,8,1905ACJAJJ,5.8,1,3.5,0,2.6,Not Passed
SU2019,SU2019-class 1,9,1905ADJJJE,5.5,2,3,7,4.9,Not Passed
SU2019,SU2019-class 1,10,1905FAIJA,4,0.5,1,0,1.8,Not Passed
SU2019,SU2019-class 1,11,1905ACJCAB,5.8,3.5,5,5.6,5.3,Passed
SU2019,SU2019-class 1,12,1905FBIBJ,2,0.5,4,0,2.2,Not Passed
SU2019,SU2019-class 1,13,1905FBCCB,3.8,0.5,0.5,5,3.1,Not Passed
SU2019,SU2019-class 1,14,1905ACJBGH,7.3,6,4.5,6.8,6.5,Passed
SU2019,SU2019-class 1,15,1905ACJJCI,5.3,3.5,2,0,3,Not Passed
SU2019,SU2019-class 1,16,1905FBFAG,5.3,0.5,2,6.6,4.1,Not Passed
SU2019,SU2019-class 1,17,1905FAGAH,4.5,0,0,0,0.5,Not Passed
SU2019,SU2019-class 1,18,1905FBCEJ,5.8,2,5,0,3.2,Not Passed
SU2019,SU2019-class 1,19,1905ACJBGG,6.5,3.5,2,5.2,4.7,Not Passed
SU2019,SU2019-class 2,1,1905ACJDDF,0,0,0,0,0,Not Passed
SU2019,SU2019-class 2,2,1905ACJCAI,4.5,4,0.5,4.2,3.2,Not Passed
SU2019,SU2019-class 2,3,1905ACJAGD,4.2,8,3.5,4.2,5.6,Passed
SU2019,SU2019-class 2,4,1905ACJACA,6,9,3.5,5.6,6.5,Passed
SU2019,SU2019-class 2,5,1905ACJFIJ,7.5,8,10,7.8,8.4,Passed
SU2019,SU2019-class 2,6,1905ACJECA,6.1,9,2,6.6,6,Passed
SU2019,SU2019-class 2,7,1905ACJBJA,6.2,7,3,7.4,6.2,Passed
SU2019,SU2019-class 2,8,1905ACJAFC,4.7,9,6,8.4,7.7,Passed
SU2019,SU2019-class 2,9,1905ACJBFB,5.8,9,2,4.6,5.9,Passed
SU2019,SU2019-class 2,10,1905ACJADI,6,4,4.5,7.4,5.7,Passed
SU2019,SU2019-class 2,11,1905ACJBED,5.8,5,0.5,5,4.2,Not Passed
SU2019,SU2019-class 2,12,1905ACJCIA,4.8,7,0.5,6.4,5,Passed
SU2019,SU2019-class 2,13,1905ACJJIJ,5.5,7,2,4.6,5.1,Passed
SU2019,SU2019-class 2,14,1905FCCDC,0,0,0,0,0,Not Passed
SU2019,SU2019-class 2,15,1905FBGCB,0,0,0,0,0,Not Passed
SU2019,SU2019-class 2,16,1905FADBI,0,0,0,0,0,Not Passed
SU2019,SU2019-class 2,17,1905ACJEDA,7.1,9,0.5,6.4,6.3,Passed
SU2019,SU2019-class 2,18,1905ACJAJB,6.4,9,3,7.4,7,Passed
SU2019,SU2019-class 2,19,1905ACJGFA,5.7,7.5,2,5.4,5.6,Passed
SU2019,SU2019-class 2,20,1905ACJJAH,5.9,7,1,5.8,5,Passed
SU2019,SU2019-class 2,21,1905ACJCGA,0,0,0,0,0,Not Passed
SU2019,SU2019-class 2,22,1905FBIII,0,0,0,0,0,Not Passed
SU2019,SU2019-class 2,23,1905ACJJCI,0,0,0,0,0,Not Passed
SU2019,SU2019-class 2,24,1905ACJCGB,4.9,8,2,5.6,5.5,Passed
SU2019,SU2019-class 2,25,1905ACJJFJ,6.1,9,8,5.2,7.2,Passed
SU2019,SU2019-class 2,26,1905FCCGE,0,0,0,0,0,Not Passed
SU2019,SU2019-class 2,27,1905ACJJAB,5.2,9,9,4.4,7.1,Passed
SU2019,SU2019-class 2,28,1905ACJECD,6.7,8,4,6,6.6,Passed
SU2019,SU2019-class 3,1,1905FCBHD,0,0,0,0,0,Not Passed
SU2019,SU2019-class 3,2,1905ACJFDB,7,0.5,3,0,2.5,Not Passed
SU2019,SU2019-class 3,3,1905ACJDIJ,0,0,0,0,0,Not Passed
SU2019,SU2019-class 3,4,1905ACJJHG,6.5,7,4,5.8,6.3,Passed
SU2019,SU2019-class 3,5,1905FAGEH,6.5,3.5,1,6.8,4.9,Not Passed
SU2019,SU2019-class 3,6,1905FCJGA,0,0,0,0,0,Not Passed
SU2019,SU2019-class 3,7,1905ACJDEB,6,3.5,5,6.2,5.5,Passed
SU2019,SU2019-class 3,8,1905ACJDHA,5.5,0,2,0,1,Not Passed
SU2019,SU2019-class 3,9,1905FCACF,0,0,0,0,0,Not Passed
SU2019,SU2019-class 3,10,1905ACJEHE,7,3.5,4,6,5.4,Passed
SU2019,SU2019-class 3,11,1905FCEBE,6,3,2,7.2,5.1,Passed
SU2019,SU2019-class 3,12,1905ACJEID,9,5,4,8.8,6.8,Passed
SU2019,SU2019-class 3,13,1905ACJEFC,7,6,4,5.4,5.9,Passed
SU2019,SU2019-class 3,14,1905ACJGCD,5,6,4,5.6,5.8,Passed
SU2019,SU2019-class 3,15,1905ACJJAG,7,3.5,3,7.8,5.7,Passed
SU2019,SU2019-class 3,16,1905FCECE,6.5,0.5,1.5,5.2,3.7,Not Passed
SU2019,SU2019-class 3,17,1905FAFHJ,0,0,0,0,0,Not Passed
SU2019,SU2019-class 3,18,1905FBBHD,0,0,0,0,0,Not Passed
SU2019,SU2019-class 3,19,1905ACJEGA,7.5,5,6,6.6,6.4,Passed
SU2019,SU2019-class 3,20,1905FBAFI,0,0,0,0,0,Not Passed
SU2019,SU2019-class 3,21,1905FCJHI,0,0,0,0,0,Not Passed
SU2019,SU2019-class 3,22,1905FCJBI,0,0,0,0,0,Not Passed
SU2019,SU2019-class 3,23,1905FCEDA,6,3,0.5,5.8,4.3,Not Passed
SU2019,SU2019-class 3,24,1905FCDJD,7,4,1,6.2,5,Passed
SU2019,SU2019-class 3,25,1905FBBGD,6,5,3,6,5.5,Passed
SU2019,SU2019-class 3,26,1905FBBFD,0,0,0,0,0,Not Passed
SU2019,SU2019-class 3,27,1905FAGAF,0,0,0,0,0,Not Passed
SU2019,SU2019-class 4,1,1905FBIBC,8,5,6.5,4.4,5.9,Passed
SU2019,SU2019-class 4,2,1905ACJDJJ,8,4,1,5.4,4.8,Not Passed
SU2019,SU2019-class 4,3,1905FBJIF,5.5,8,1,5.2,5.7,Passed
SU2019,SU2019-class 4,4,1905FCBBA,7,5.5,4,4.2,5.4,Passed
SU2019,SU2019-class 4,5,1905ACJJHH,8.5,4.5,5,6.2,6.1,Passed
SU2019,SU2019-class 4,6,1905FCBDF,8,3,4,5.2,5.1,Passed
SU2019,SU2019-class 4,7,1905FBDHF,6,3.5,1,6.4,4.8,Not Passed
SU2019,SU2019-class 4,8,1905ACJCFG,7,5,10,4,6.4,Passed
SU2019,SU2019-class 4,9,1905IJAGD,0,0,0,0,0,Not Passed
SU2019,SU2019-class 4,10,1905FAAJG,0,0,0,0,0,Not Passed
SU2019,SU2019-class 4,11,1905ACJJGI,0,0,0,0,0,Not Passed
SU2019,SU2019-class 4,12,1905FCJEI,7,5,1,7,5.5,Passed
SU2019,SU2019-class 4,13,1905FCAHH,0,0,0,0,0,Not Passed
SU2019,SU2019-class 4,14,1905FBFII,0,0,0,0,0,Not Passed
SU2019,SU2019-class 4,15,1905ACJJDI,7,6,8,6.2,7,Passed
SU2019,SU2019-class 4,16,1905FCCAD,8,3,1,5.6,4.6,Not Passed
SU2019,SU2019-class 4,17,1905ACJEHH,6.5,5,7,5.4,6.2,Passed
SU2019,SU2019-class 4,18,1905FBIAI,0,0,1,0,0.2,Not Passed
SU2019,SU2019-class 4,19,1905FCADE,8.5,4.5,4,4.2,5.3,Passed
SU2019,SU2019-class 4,20,1905FBFCC,0,0,0,0,0,Not Passed
SU2019,SU2019-class 4,21,1905FBFED,0,0,0,0,0,Not Passed
SU2019,SU2019-class 4,22,1905FCDJI,6,6.5,6.5,5.4,6.5,Passed
SU2019,SU2019-class 4,23,1905FCEEG,0,0,0,0,0,Not Passed
SU2019,SU2019-class 4,24,1905FCBAF,3,4.5,5,5.4,5.3,Passed
SU2019,SU2019-class 5,1,1905ACJCFE,7,6,4,4.8,5.7,Passed
SU2019,SU2019-class 5,2,1905ACJCAH,5,9,6.5,5.4,7.1,Passed
SU2019,SU2019-class 5,3,1905ACJJIA,7,5,5.5,5.8,6,Passed
SU2019,SU2019-class 5,4,1905ACJEEA,7,8,8,4.8,7.1,Passed
SU2019,SU2019-class 5,5,1905ACJADF,0,1,1,0,0.5,Not Passed
SU2019,SU2019-class 5,6,1905ACJAHD,6,4.5,1,7.2,5.3,Passed
SU2019,SU2019-class 5,7,1905ACJDCD,6,7,6.5,4,6.2,Passed
SU2019,SU2019-class 5,8,1905ACJCDE,7,4,6,5,5.6,Passed
SU2019,SU2019-class 5,9,1905ACJCDC,7,4.5,3,6,5.5,Passed
SU2019,SU2019-class 5,10,1905ACJDIC,6,6,7,4.2,6.1,Passed
SU2019,SU2019-class 5,11,1905ACJCIB,4.5,7.5,8.5,4.8,6.8,Passed
SU2019,SU2019-class 5,12,1905ACJDIF,7.5,6,7,4.6,6.3,Passed
SU2019,SU2019-class 5,13,1905FAFCG,7,1,1,0,2.2,Not Passed
SU2019,SU2019-class 5,14,1905ACJJBE,8,3,1,7,5,Passed
SU2019,SU2019-class 5,15,1905ACJCFA,4.5,7.5,6.5,4.8,6.4,Passed
SU2019,SU2019-class 5,16,1905ACJCCE,6,5,3,4.2,5,Passed
SU2019,SU2019-class 5,17,1905ACJJHC,7.5,3,1,7.2,5,Passed
SU2019,SU2019-class 5,18,1905ACJCEA,5.5,6,6,4.8,6,Passed
SU2019,SU2019-class 5,19,1905ACJAEB,7,5,3,5.4,5.4,Passed
SU2019,SU2019-class 5,20,1905ACJDJA,6.5,6,9,5,6.8,Passed
SU2019,SU2019-class 5,21,1905FCDCH,5.5,4,4,6.2,5.4,Passed
SU2019,SU2019-class 5,22,1905ACJABJ,7.5,4.5,10,7.2,7.3,Passed
SU2019,SU2019-class 5,23,1905ACJJID,7.5,5.5,6,7.6,6.9,Passed
SU2019,SU2019-class 5,24,1905ACJJDA,8,2,6,6.4,5.5,Passed
SU2019,SU2019-class 5,25,1905FBGCD,6,5.5,3,6.6,5.8,Passed
SU2019,SU2019-class 5,26,1905FCEJG,3,3.5,9,7,6.3,Passed
SU2019,SU2019-class 6,1,1905FCACA,0,0,0,0,0,Not Passed
SU2019,SU2019-class 6,2,1905FBCFD,7.5,4,1,5.6,4.8,Not Passed
SU2019,SU2019-class 6,3,1905ACJFJD,7,5,4,6.8,6,Passed
SU2019,SU2019-class 6,4,1905ACJFJA,6.5,3.5,2,7.2,5.3,Passed
SU2019,SU2019-class 6,5,1905ACJJIC,7.5,0.5,2,0,2.3,Not Passed
SU2019,SU2019-class 6,6,1905FAGDA,8.5,9,5,6.8,7.6,Passed
SU2019,SU2019-class 6,7,1905ACJFBA,6,0,2.5,0,1.1,Not Passed
SU2019,SU2019-class 6,8,1905ACJECH,7.5,4.5,2,6.4,5.4,Passed
SU2019,SU2019-class 6,9,1905FBFCF,7.5,2,2,0,2.8,Not Passed
SU2019,SU2019-class 6,10,1905ACJJFA,5.5,5,1.5,6.2,5.2,Passed
SU2019,SU2019-class 6,11,1905FCDEJ,6.5,2,0.5,0,2.4,Not Passed
SU2019,SU2019-class 6,12,1905FJHEG,0,0,0,0,0,Not Passed
SU2019,SU2019-class 6,13,1905FBIAH,7,5,3,6.2,5.7,Passed
SU2019,SU2019-class 6,14,1905ACJJDF,8,5.5,3,7.2,6.2,Passed
SU2019,SU2019-class 6,15,1905ACJDGE,2,0.5,1,0,1.6,Not Passed
SU2019,SU2019-class 6,16,1905FBDEH,7,0,0.5,0,0.8,Not Passed
SU2019,SU2019-class 6,17,1905ACJGJB,8.5,8,6,7,7.6,Passed
SU2019,SU2019-class 6,18,1905ACJGJF,8.5,6.5,4,7,6.7,Passed
SU2019,SU2019-class 6,19,1905FAEJI,6,5.5,3,5.4,5.5,Passed
SU2019,SU2019-class 6,20,1905FAIBH,7.5,0,0,0,0.8,Not Passed
SU2019,SU2019-class 6,21,1905FBEFE,7,0.5,1,0,2.1,Not Passed
SU2019,SU2019-class 6,22,1905ACJGJG,8.5,4,3,5,5.2,Passed
SU2019,SU2019-class 6,23,1905FBEEG,6.5,5,0.5,5.4,4.9,Not Passed
SU2019,SU2019-class 6,24,1905ACJGFJ,7.5,6.5,4,0,4.5,Not Passed
SU2019,SU2019-class 6,25,1905FCBCI,0,0,0,0,0,Not Passed
SU2019,SU2019-class 7,1,1905ACJFDI,0,0,0,0,0,Not Passed
SU2019,SU2019-class 7,2,1905ACJGBD,0,0,0,0,0,Not Passed
SU2019,SU2019-class 7,3,1905ACJJDC,2.3,0,0,0,0.7,Not Passed
SU2019,SU2019-class 7,4,1905ACJJEC,4.2,4,1.5,5.2,4.5,Not Passed
SU2019,SU2019-class 7,5,1905ACJBGB,0,0,0,0,0,Not Passed
SU2019,SU2019-class 7,6,1905ACJAHD,2.4,0,0.5,0,0.3,Not Passed
SU2019,SU2019-class 7,7,1905ACJJHG,4.1,0,0.5,0,1,Not Passed
SU2019,SU2019-class 7,8,1905FAAJG,0,0,0,0,0,Not Passed
SU2019,SU2019-class 7,9,1905ACJJDE,4.9,6,1,6.6,5,Passed
SU2019,SU2019-class 7,10,1905FBBEG,0,0,0,0,0.5,Not Passed
SU2019,SU2019-class 7,11,1905FCJHA,2,0,0.5,0,0.3,Not Passed
SU2019,SU2019-class 7,12,1905FCEBI,7.1,4.5,0.5,6.6,5.1,Passed
SU2019,SU2019-class 7,13,1905ACJJAG,3.7,0,0,4.6,2.3,Not Passed
SU2019,SU2019-class 7,14,1905ACJJFG,0,0,0,0,0,Not Passed
SU2019,SU2019-class 7,15,1905FBJBG,0,0,0,0,0,Not Passed
SU2019,SU2019-class 7,16,1905ACJBCJ,0,0,0,0,0,Not Passed
SU2019,SU2019-class 7,17,1905ACJBEG,0,0,0,0,0,Not Passed
SU2019,SU2019-class 7,18,1905ACJAJJ,1.5,0,0.5,0,0.8,Not Passed
SU2019,SU2019-class 7,19,1905ACJJBE,2.5,0,0.5,0,0.9,Not Passed
SU2019,SU2019-class 7,20,1905ACJBBA,0,0,0,0,0,Not Passed
SU2019,SU2019-class 7,21,1905FBEEG,0,0,0,0,0,Not Passed
SU2019,SU2019-class 7,22,1905ACJJHC,3,0,0.5,5.4,2.5,Not Passed
SU2019,SU2019-class 7,23,1905FCAHD,3.8,5.5,5,5.8,5.8,Passed
SU2019,SU2019-class 7,24,1905ACJJGC,5.8,5.5,4,7.2,6.2,Passed
SU2019,SU2019-class 7,25,1905ACJABJ,2.4,0,0.5,0,0.8,Not Passed
SU2019,SU2019-class 7,26,1905ACJJID,3.5,0,1.5,0,1.2,Not Passed
SU2019,SU2019-class 7,27,1905ACJBDF,0,0,0,0,0,Not Passed
SU2019,SU2019-class 7,28,1905FBFAG,3.9,0,0.5,0,1,Not Passed
SU2019,SU2019-class 7,29,1905FCAGJ,4.2,4,1.5,5.8,4.7,Not Passed
SU2019,SU2019-class 7,30,1905FCJDA,1.6,0,0.5,4,2,Not Passed
SU2019,SU2019-class 8,1,1905ACJCFE,1.6,0,1.5,0,0.5,Not Passed
SU2019,SU2019-class 8,2,1905ACJACF,3.7,0,0,0,0.4,Not Passed
SU2019,SU2019-class 8,3,1905ACJCFG,1.8,0,0,0,0.2,Not Passed
SU2019,SU2019-class 8,4,1905ACJCAH,6.4,0,0.5,0,0.7,Not Passed
SU2019,SU2019-class 8,5,1905FBHBE,2.5,0,0,0,0.3,Not Passed
SU2019,SU2019-class 8,6,1905ACJBEF,4.9,8,0.5,5,5.5,Passed
SU2019,SU2019-class 8,7,1905ACJBGA,6.6,7.5,2.5,6.6,6.4,Passed
SU2019,SU2019-class 8,8,1905ACJJGB,6.6,6.5,6.5,6,6.7,Passed
SU2019,SU2019-class 8,9,1905ACJADF,2,0,0,0,0.2,Not Passed
SU2019,SU2019-class 8,10,1905ACJCJE,2,0,0,0,0.2,Not Passed
SU2019,SU2019-class 8,11,1905ACJCCB,7.1,9,10,6.8,8.5,Passed
SU2019,SU2019-class 8,12,1905FBHFI,5,5,1.5,7,5.4,Passed
SU2019,SU2019-class 8,13,1905ACJCDE,1.8,0,0,0,0.2,Not Passed
SU2019,SU2019-class 8,14,1905ACJJJH,5.9,4,1.5,6,4.9,Not Passed
SU2019,SU2019-class 8,15,1905ACJAIA,6.1,5,3,4.8,5.2,Passed
SU2019,SU2019-class 8,16,1905FCDEJ,1.7,0,0,0,0.2,Not Passed
SU2019,SU2019-class 8,17,1905ACJBBF,5.9,10,10,5.6,8.3,Passed
SU2019,SU2019-class 8,18,1905ACJBIA,4.9,7,3.5,5.8,6,Passed
SU2019,SU2019-class 8,19,1905ACJGCD,1.7,0,0,0,0.2,Not Passed
SU2019,SU2019-class 8,20,1905ACJJAJ,5.4,7,3,4.6,5.6,Passed
SU2019,SU2019-class 8,21,1905ACJAHI,1.7,0,0,0,0.2,Not Passed
SU2019,SU2019-class 8,22,1905ACJACI,6.5,10,10,7.4,8.9,Passed
SU2019,SU2019-class 8,23,1905ACJCFA,2.7,0,0.5,0,0.4,Not Passed
SU2019,SU2019-class 8,24,1905ACJCCE,4.5,0,0,0,0.5,Not Passed
SU2019,SU2019-class 8,25,1905ACJGDB,5.9,5,3,5.4,5.3,Passed
SU2019,SU2019-class 8,26,1905ACJCEA,1.8,0,0,0,0.2,Not Passed
SU2019,SU2019-class 8,27,1905ACJAEB,4.1,0,0,0,0.4,Not Passed
SU2019,SU2019-class 8,28,1905FAHJI,0,0,0,0,0,Not Passed
SU2019,SU2019-class 8,29,1905ACJCJG,5.3,3.5,1,5,4.3,Not Passed
SU2019,SU2019-class 9,1,1905ACJEEC,7.4,9.5,4,7.8,7.7,Passed
SU2019,SU2019-class 9,2,1905FADGD,2.5,0,0,0,0.3,Not Passed
SU2019,SU2019-class 9,3,1905FCBBD,5.1,1,1,0,2,Not Passed
SU2019,SU2019-class 9,4,1905ACJEEA,6.2,0,0,0,1.6,Not Passed
SU2019,SU2019-class 9,5,1905FBIHC,2.3,0,0,0,0.2,Not Passed
SU2019,SU2019-class 9,6,1905ACJDFJ,6.3,2.5,1,6.4,4.5,Not Passed
SU2019,SU2019-class 9,7,1905ACJDCD,4.1,0.1,0,0,1.4,Not Passed
SU2019,SU2019-class 9,8,1905ACJDHF,6.8,6.5,2,6,5.8,Passed
SU2019,SU2019-class 9,9,1905ACJDGG,4.2,8.5,3,4,5.8,Passed
SU2019,SU2019-class 9,10,1905ACJDIC,1.6,0,0,0,0.2,Not Passed
SU2019,SU2019-class 9,11,1905ACJAEH,6.9,4,0.5,4.6,4.4,Not Passed
SU2019,SU2019-class 9,12,1905ACJCIB,2.3,5,1,0,2.9,Not Passed
SU2019,SU2019-class 9,13,1905FCDJC,2.7,0,0,0,0.3,Not Passed
SU2019,SU2019-class 9,14,1905FCADI,0,0,0,0,0,Not Passed
SU2019,SU2019-class 9,15,1905ACJGJB,3.3,0,0,0,0.3,Not Passed
SU2019,SU2019-class 9,16,1905ACJJBH,7,7,1,8.6,6.6,Passed
SU2019,SU2019-class 9,17,1905ACJJDI,2.6,0,0,0,0.3,Not Passed
SU2019,SU2019-class 9,18,1905ACJCGG,6.1,8,3,4.6,6,Passed
SU2019,SU2019-class 9,19,1905FBHEF,6,6.5,1,5,5.3,Passed
SU2019,SU2019-class 9,20,1905FCDBB,2.2,0,0,0,0.2,Not Passed
SU2019,SU2019-class 9,21,1905ACJJEG,2.2,0,0,0,0.2,Not Passed
SU2019,SU2019-class 9,22,1905ACJJDA,2.3,0,0,0,0.2,Not Passed
SU2019,SU2019-class 9,23,1905ACJFIG,6,8,5,6.6,7,Passed
SU2019,SU2019-class 9,24,1905FAGAH,0,0,0,0,0,Not Passed
SU2019,SU2019-class 9,25,1905FBGAG,6.8,5,1,7.2,5.5,Passed
SU2019,SU2019-class 9,26,1905ACJJDJ,6.9,6,4,6.4,6.2,Passed
SU2019,SU2019-class 9,27,1905FCBAF,2.8,1,1,0,1.8,Not Passed
SU2019,SU2019-class 9,28,1905FCBIB,1.5,0,0,0,0.2,Not Passed
SU2019,SU2019-class 10,1,1905FBIFJ,3.9,0.5,0.5,0,1.1,Not Passed
SU2019,SU2019-class 10,2,1905ACJJHH,6.6,1.5,0.5,0,2.2,Not Passed
SU2019,SU2019-class 10,3,1905FCCCG,4.9,5,3,6.8,5.6,Passed
SU2019,SU2019-class 10,4,1905ACJJHF,6.4,6,6,6.8,6.7,Passed
SU2019,SU2019-class 10,5,1905ACJJIF,2.1,0,0,0,0.2,Not Passed
SU2019,SU2019-class 10,6,1905ACJBDA,0,0,0,0,0,Not Passed
SU2019,SU2019-class 10,7,1905ACJGEF,5.8,6,0.5,8.8,5.6,Passed
SU2019,SU2019-class 10,8,1905ACJJBB,6.7,5.5,1.5,6.4,5.5,Passed
SU2019,SU2019-class 10,9,1905FCJJG,6.2,5,1,6,5.1,Passed
SU2019,SU2019-class 10,10,1905ACJCGJ,5.8,3,0.5,6.4,4.5,Not Passed
SU2019,SU2019-class 10,11,1905FCBFD,3.6,0.5,0.5,0,1.1,Not Passed
SU2019,SU2019-class 10,12,1905FBHDD,2.4,0,0.5,0,0.8,Not Passed
SU2019,SU2019-class 10,13,1905ACJDED,0,0,0,0,0,Not Passed
SU2019,SU2019-class 10,14,1905ADJJJE,5.4,0.5,0.5,0,1.3,Not Passed
SU2019,SU2019-class 10,15,1905ACJDGH,6,5,0.5,7.2,5.4,Passed
SU2019,SU2019-class 10,16,1905FCCCI,2.3,0,0,0,0.2,Not Passed
SU2019,SU2019-class 10,17,1905FCEEC,0,0,0,0,0,Not Passed
SU2019,SU2019-class 10,18,1905ACJGEG,5.3,3.5,0.5,6.6,4.7,Not Passed
SU2019,SU2019-class 10,19,1905ACJJHD,6.7,7,8,7.4,7.6,Passed
SU2019,SU2019-class 10,20,1905ACJAAE,2.8,0,0.5,0,0.9,Not Passed
SU2019,SU2019-class 10,21,1905FCEDA,1.9,0,0,0,0.7,Not Passed
SU2019,SU2019-class 10,22,1905FCDJD,0,0,0,0,0,Not Passed
SU2019,SU2019-class 10,23,1905ACJGDC,6.2,6,4,7,6.3,Passed
SU2019,SU2019-class 10,24,1905ACJJAC,6.2,3.5,4,5.6,5.2,Passed
SU2019,SU2019-class 10,25,1905FCBJE,0,0,0,0,0,Not Passed
SU2019,SU2019-class 10,26,1905FAHBA,1.6,0,0,0,0.7,Not Passed
SU2019,SU2019-class 10,27,1905ACJBBE,0,0,0,0,0,Not Passed
SU2019,SU2019-class 10,28,1905FBHCD,0,0,0,0,0,Not Passed
SU2019,SU2019-class 10,29,1905ACJEAD,5,5.5,1,7,5,Passed
SU2019,SU2019-class 10,30,1905ACJDFB,6.5,3,5,5.6,5.2,Passed
SU2019,SU2019-class 11,1,1905ACJBGE,1.5,0,0,0,0.7,Not Passed
SU2019,SU2019-class 11,2,1905FCBEA,0,0,0,0,0,Not Passed
SU2019,SU2019-class 11,3,1905FCACB,0,0,0,0,0,Not Passed
SU2019,SU2019-class 11,4,1905ACJCCA,5.4,5,5.5,6.4,6.1,Passed
SU2019,SU2019-class 11,5,1905ACJBII,5.3,5,6.5,5,5.8,Passed
SU2019,SU2019-class 11,6,1905ACJCDA,6.7,3.5,0.5,8.4,5.3,Passed
SU2019,SU2019-class 11,7,1905ACJFBA,0,0,0,0,0.5,Not Passed
SU2019,SU2019-class 11,8,1905FBAIH,0,0,0,0,1,Not Passed
SU2019,SU2019-class 11,9,1905ACJCDC,0,0,0,0,0,Not Passed
SU2019,SU2019-class 11,10,1905ACJBHG,5.2,5.5,1.5,6.6,5.5,Passed
SU2019,SU2019-class 11,11,1905ACJDEB,0,0,0.5,0,0.6,Not Passed
SU2019,SU2019-class 11,12,1905ACJCCF,5.8,4,1.5,6.8,5.1,Passed
SU2019,SU2019-class 11,13,1905ACJJFI,5.3,5,0.5,6.6,5.1,Passed
SU2019,SU2019-class 11,14,1905ACJADA,4.8,6,1.5,7,5.7,Passed
SU2019,SU2019-class 11,15,1905ACJGJF,2,0,0,4.8,2.1,Not Passed
SU2019,SU2019-class 11,16,1905ACJABB,5.4,6,1.5,6.2,5.5,Passed
SU2019,SU2019-class 11,17,1905FBBHD,0,0,0,0,0,Not Passed
SU2019,SU2019-class 11,18,1905ACJEHH,2,0,0,5.2,2.3,Not Passed
SU2019,SU2019-class 11,19,1905FAGGE,0,0,0,0,0,Not Passed
SU2019,SU2019-class 11,20,1905FCCDD,10,6.5,4,7.6,7,Passed
SU2019,SU2019-class 11,21,1905FBAFI,0,0,0,0,0,Not Passed
SU2019,SU2019-class 11,22,1905ACJAEA,5,4,1.5,7.4,5.2,Passed
SU2019,SU2019-class 11,23,1905ACJCAB,1.7,0,0.5,0,0.8,Not Passed
SU2019,SU2019-class 11,24,1905FBFBB,0,0,0,0,0,Not Passed
SU2019,SU2019-class 11,25,1905ACJCFI,5.3,5.5,6.5,5.2,6,Passed
SU2019,SU2019-class 11,26,1905ACJBGH,2.4,0,0,4.4,2.1,Not Passed
SU2019,SU2019-class 11,27,1905ACJFDD,0,0,0,0,0,Not Passed
SU2019,SU2019-class 11,28,1905ACJFJJ,0,0,0,0,0,Not Passed
SU2019,SU2019-class 11,29,1905ACJFBF,0,0,0,0,0,Not Passed
SU2019,SU2019-class 11,30,1905ACJBGG,0,0,0,0,0,Not Passed
SU2019,SU2019-class 12,1,1905FCBDB,0,0,0,0,0.5,Not Passed
SU2019,SU2019-class 12,2,1905ACJFEH,1.5,0,0,0,0.7,Not Passed
SU2019,SU2019-class 12,3,1905ACJFJD,4.9,1,0.5,0,1.9,Not Passed
SU2019,SU2019-class 12,4,1905ACJFDB,2.6,0,0.5,4.8,2.3,Not Passed
SU2019,SU2019-class 12,5,1905ACJDIJ,2.4,0,0.5,0,0.8,Not Passed
SU2019,SU2019-class 12,6,1905ACJFJA,4.5,3.5,0.5,0,2.6,Not Passed
SU2019,SU2019-class 12,7,1905ACJECH,2.9,0,0,0,0.8,Not Passed
SU2019,SU2019-class 12,8,1905ACJFAE,7.2,5.5,6,8.6,7.2,Passed
SU2019,SU2019-class 12,9,1905FCJFE,0,0,0,0,0,Not Passed
SU2019,SU2019-class 12,10,1905ACJDHA,2.4,0,0,0,0.7,Not Passed
SU2019,SU2019-class 12,11,1905ACJFFE,4.4,3.5,1.5,6.6,4.8,Not Passed
SU2019,SU2019-class 12,12,1905ACJEJI,6.4,5.5,5,6.8,6.3,Passed
SU2019,SU2019-class 12,13,1905ACJEHE,4.8,0,0.5,5.2,2.6,Not Passed
SU2019,SU2019-class 12,14,1905ACJEID,6.3,5,1.5,7.4,5.7,Passed
SU2019,SU2019-class 12,15,1905ACJEFC,6.1,1,1.5,0,1.7,Not Passed
SU2019,SU2019-class 12,16,1905FCAHH,2.1,0,0,0,0.7,Not Passed
SU2019,SU2019-class 12,17,1905ACJJHJ,2.2,0,0,0,0.7,Not Passed
SU2019,SU2019-class 12,18,1905ACJBCB,4.8,4,4.5,5.6,4.8,Not Passed
SU2019,SU2019-class 12,19,1905FBIAI,2.8,0,0,0,0.8,Not Passed
SU2019,SU2019-class 12,20,1905ACJFJG,5.4,4,4,6.8,5.6,Passed
SU2019,SU2019-class 12,21,1905ACJEGA,5.5,0,0.5,0,0.7,Not Passed
SU2019,SU2019-class 12,22,1905ACJEJH,5.3,6,6,6.4,6.5,Passed
SU2019,SU2019-class 12,23,1905ACJGJG,2.2,0,0.5,0,0.8,Not Passed
SU2019,SU2019-class 12,24,1905ACJFHF,1.6,0,0,0,0.7,Not Passed
SU2019,SU2019-class 12,25,1905FCCHB,1.9,0,0,0,0.7,Not Passed
SU2019,SU2019-class 12,26,1905ACJDJA,2.1,0,0.5,0,0.8,Not Passed
SU2019,SU2019-class 12,27,1905FBFHA,0,0,0,0,0,Not Passed
SU2019,SU2019-class 12,28,1905ACJGCB,1.9,0,0,0,0.7,Not Passed
SU2019,SU2019-class 12,29,1905ACJFHJ,6.4,7,5.5,8.2,7.3,Passed
SU2019,SU2019-class 12,30,1905FCJIE,2,0,0,0,0.7,Not Passed
SU2020,SU2020-class 1,1,1905ACJFDI,8.3,8.5,6,7.4,7.8,Passed
SU2020,SU2020-class 1,2,1905FCABD,9.3,7.5,9,4.6,6.8,Passed
SU2020,SU2020-class 1,3,1905FBBJC,5,5,4,6.4,4.9,Not Passed
SU2020,SU2020-class 1,4,1905ADJJJC,9.3,4,4,6.2,5.8,Passed
SU2020,SU2020-class 1,5,1905FBDJB,7.5,7.5,4,5,6.3,Passed
SU2020,SU2020-class 1,6,1905FCJGA,0,0,0,0,0,Attendance Fail
SU2020,SU2020-class 1,7,1905FBBHH,5,4,4,4.6,4.5,Not Passed
SU2020,SU2020-class 1,8,1905ACJGCI,1.8,0,0.5,0,0.7,Not Passed
SU2020,SU2020-class 1,9,1905ADJADJ,8.3,4,4,6,5.4,Passed
SU2020,SU2020-class 1,10,1905ACJBAB,8.8,5,0.5,3.6,4.4,Not Passed
SU2020,SU2020-class 1,11,1905ADJGDE,9.5,6,6,8.4,7.5,Passed
SU2020,SU2020-class 1,12,1905FCCDC,8.8,4,4,3.8,4.8,Not Passed
SU2020,SU2020-class 1,13,1905ACJEFB,9,4,4,6,5.7,Passed
SU2020,SU2020-class 1,14,1905FCCAD,3.5,5,4,6.8,5.3,Passed
SU2020,SU2020-class 1,15,1905FAFCG,3.3,0,0.5,0,1,Not Passed
SU2020,SU2020-class 1,16,1905ADJAFA,5.8,4,4,7.2,5.3,Passed
SU2020,SU2020-class 1,17,1905ADJBEF,7.3,4,0.5,5.4,4.4,Not Passed
SU2020,SU2020-class 1,18,1905ACJCBB,0,0,0,0,0.2,Attendance Fail
SU2020,SU2020-class 1,19,1905ACJFEF,9,7,9,6,7.4,Passed
SU2020,SU2020-class 1,20,1905ACJCBF,9,5,5,6.2,5.9,Passed
SU2020,SU2020-class 1,21,1905ACJGAF,9.3,5,5,5.6,5.9,Passed
SU2020,SU2020-class 1,22,1905ADAJFB,8.3,7.5,6,5.6,6.8,Passed
SU2020,SU2020-class 1,23,1905ADJGAC,7.3,4,4,7.2,5.7,Passed
SU2020,SU2020-class 2,1,1905FBDJI,0,0,0,0,0,Not Passed
SU2020,SU2020-class 2,2,1905ADJFGI,0,0,0,0,0,Not Passed
SU2020,SU2020-class 2,3,1905ACJGCA,4.5,8.5,5,4.4,6.3,Passed
SU2020,SU2020-class 2,4,1905FAGEG,0,0,0,0,0,Not Passed
SU2020,SU2020-class 2,5,1905ADJCJF,0,0,3,0,0.6,Not Passed
SU2020,SU2020-class 2,6,1905ADAAEA,0,0,0,0,0,Not Passed
SU2020,SU2020-class 2,7,1905FBCGH,3,6.5,1,3.6,4.5,Not Passed
SU2020,SU2020-class 2,8,1905FBAJG,0,0,0,0,0,Not Passed
SU2020,SU2020-class 2,9,1905ACJFGJ,0,0,0,0,0,Not Passed
SU2020,SU2020-class 2,10,1905ADJFAF,5.5,5,3,4.8,5.1,Passed
SU2020,SU2020-class 2,11,1905ADJIFA,5,7,1,4.8,5.2,Passed
SU2020,SU2020-class 2,12,1905FCAHH,4.5,7.5,1,5.4,5.5,Passed
SU2020,SU2020-class 2,13,1905ACJJCC,0,0,0,0,0,Not Passed
SU2020,SU2020-class 2,14,1905FBJEJ,3.5,8,1,4,5.2,Passed
SU2020,SU2020-class 2,15,1905ACJBEG,0,0,0,0,0,Not Passed
SU2020,SU2020-class 2,16,1905ADJEIE,4,4,9,5.6,6.1,Passed
SU2020,SU2020-class 2,17,1905ACJEHC,4,3,6,6.6,5.5,Passed
SU2020,SU2020-class 2,18,1905JEHCD,0,0,0,0,0,Not Passed
SU2020,SU2020-class 2,19,1905ACJEDJ,5.5,6,4,6.4,6.1,Passed
SU2020,SU2020-class 2,20,1905ADJFAC,5.5,5,3,7.2,5.8,Passed
SU2020,SU2020-class 2,21,1905FCAEF,3.5,6,3,4,5,Passed
SU2020,SU2020-class 2,22,1905FCCEB,4.5,7,3,4.8,5.6,Passed
SU2020,SU2020-class 2,23,1905FCBCI,0,0,0,0,0,Not Passed
SU2020,SU2020-class 3,1,1905ACJGAH,8.5,5,6,5.6,6,Passed
SU2020,SU2020-class 3,2,1905ACJCAI,8,4,4,4.6,5,Passed
SU2020,SU2020-class 3,3,1905ACJAIH,8,3,3,0,3.1,Not Passed
SU2020,SU2020-class 3,4,1905ADJDCB,8.3,4.5,4,4.2,5,Passed
SU2020,SU2020-class 3,5,1905ADJJFA,0.5,0.5,0.5,0,0.5,Attendance Fail
SU2020,SU2020-class 3,6,1905ACJFCA,3,0.5,1,0,1.5,Not Passed
SU2020,SU2020-class 3,7,1905ACJCEB,7.8,5.5,3,4.6,5.2,Passed
SU2020,SU2020-class 3,8,1905ACJBDA,8.3,3,3,4.4,4.2,Not Passed
SU2020,SU2020-class 3,9,1905ACJDFJ,8.5,5,3,6.8,5.8,Passed
SU2020,SU2020-class 3,10,1905ACJACG,8.8,6.5,3,4.6,5.6,Passed
SU2020,SU2020-class 3,11,1905FCAIG,2.3,0.5,0.5,0,1.3,Attendance Fail
SU2020,SU2020-class 3,12,1905ACJFCC,8,3,6,5.4,5.1,Passed
SU2020,SU2020-class 3,13,1905ACJECG,8.8,6,8,6,6.9,Passed
SU2020,SU2020-class 3,14,1905FBIAG,3.3,3,3,0,2.4,Not Passed
SU2020,SU2020-class 3,15,1905ACJBIF,7.8,7,3,5,5.8,Passed
SU2020,SU2020-class 3,16,1905FBGEG,0.5,0.5,0.5,0,0.3,Attendance Fail
SU2020,SU2020-class 3,17,1905ADJAEI,8,3,4,5.8,5,Passed
SU2020,SU2020-class 3,18,1905ACJJDG,3.3,0.5,1,0,1.3,Not Passed
SU2020,SU2020-class 3,19,1905ACJCBA,5.3,8,5,5.2,6.3,Passed
SU2020,SU2020-class 3,20,1905ACJJEI,3.3,0.5,1,0,1.5,Not Passed
SU2020,SU2020-class 3,21,1905ADJEGB,2.8,0.5,0.5,0,1.1,Not Passed
SU2020,SU2020-class 3,22,1905FAGEE,2.8,0.5,0.5,0,1.1,Attendance Fail
SU2020,SU2020-class 3,23,1905ACJBHH,0.5,0.5,0.5,0,0.5,Attendance Fail
SU2020,SU2020-class 3,24,1905FCCGF,2,0.5,0.5,0,1.3,Not Passed
SU2020,SU2020-class 3,25,1905FCCHB,7.8,6.5,4,5,5.8,Passed
SU2020,SU2020-class 3,26,1905ACJAEJ,3,0.5,1,0,1.5,Not Passed
SU2020,SU2020-class 3,27,1905ACJAHE,3,3,4,0,2.6,Not Passed
SU2020,SU2020-class 4,1,1905ADJBEA,4.8,6.3,0.5,7.4,5.7,Passed
SU2020,SU2020-class 4,2,1905ADJJBB,3.6,6.8,3.8,4.4,5.5,Passed
SU2020,SU2020-class 4,3,1905ACJBIE,1.5,0,0,0,1.2,Not Passed
SU2020,SU2020-class 4,4,1905ACJFGI,5.5,3.3,0,0,2.5,Not Passed
SU2020,SU2020-class 4,5,1905ADJFCI,4.7,8,3,6.4,6.4,Passed
SU2020,SU2020-class 4,6,1905ACJCHA,3.8,0,0,0,1.4,Not Passed
SU2020,SU2020-class 4,7,1905ADJJBG,4.4,8.5,2.5,5.6,6.2,Passed
SU2020,SU2020-class 4,8,1905ADJFEA,5.9,10,3,7.4,7.4,Passed
SU2020,SU2020-class 4,9,1905ADJJCI,4.3,7.3,0.5,6,5.5,Passed
SU2020,SU2020-class 4,10,1905ADJGBH,5.4,9,4,7.2,7.2,Passed
SU2020,SU2020-class 4,11,1905ADJJGF,3.8,0,0,0,1.4,Not Passed
SU2020,SU2020-class 4,12,1905ADJJIG,5.2,8.5,3,6.6,6.7,Passed
SU2020,SU2020-class 4,13,1905ADJJEC,2.9,0,0,0,1.3,Not Passed
SU2020,SU2020-class 4,14,1905ACJCEF,3.5,0,0,0,1.4,Not Passed
SU2020,SU2020-class 4,15,1905ADJBFH,4.4,7.8,0.5,4.2,5.1,Passed
SU2020,SU2020-class 4,16,1905ADJJGD,4.5,6.8,0.5,5.4,5.2,Passed
SU2020,SU2020-class 4,17,1905FCJHA,1.9,0,0,0,1.2,Not Passed
SU2020,SU2020-class 4,18,1905ADJBDG,4.3,6.8,3,6.2,5.9,Passed
SU2020,SU2020-class 4,19,1905ADJADJ,3.3,0,0,0,1.3,Not Passed
SU2020,SU2020-class 4,20,1905ACJDFF,3.6,0,0,0,1.4,Not Passed
SU2020,SU2020-class 4,21,1905ADJFFA,4.3,7.5,5.5,5,6.3,Passed
SU2020,SU2020-class 4,22,1905ADJJAI,3.9,5.8,9,4.6,6.3,Passed
SU2020,SU2020-class 4,23,1905ADJBEF,3.5,0,0,0,1.4,Not Passed
SU2020,SU2020-class 4,24,1905ACJFAC,5.1,5.3,3,3.8,4.8,Not Passed
SU2020,SU2020-class 4,25,1905ACJEHC,4.2,0,0,0,1.4,Not Passed
SU2020,SU2020-class 4,26,1905ADJJBF,3,0,0,0,1.3,Not Passed
SU2020,SU2020-class 4,27,1905ADJAIJ,5.5,9.8,3.5,7.2,7.4,Passed
SU2020,SU2020-class 4,28,1905ADJBGD,4.8,6.3,0.5,5.2,5,Passed
SU2020,SU2020-class 4,29,1905ADJGAC,4.2,0,0,0,1.4,Not Passed
SU2020,SU2020-class 4,30,1905ADJIBG,4.2,6.8,3,4,5.3,Passed
SU2020,SU2020-class 5,1,1905ADAJAI,5.2,3.5,4,0,3.1,Not Passed
SU2020,SU2020-class 5,2,1905FBFGE,0,0,0,0,0.2,Attendance Fail
SU2020,SU2020-class 5,3,1905ACJGAG,2.7,0,0,0,0.8,Attendance Fail
SU2020,SU2020-class 5,4,1905ADAJHC,6.9,3,4,7,5.2,Passed
SU2020,SU2020-class 5,5,1905ADAACB,0,0,0,0,0.2,Attendance Fail
SU2020,SU2020-class 5,6,1905ADJIED,7.8,5.5,4.5,8,6.5,Passed
SU2020,SU2020-class 5,7,1905ADJHHB,7.2,5,2,6.8,5.4,Passed
SU2020,SU2020-class 5,8,1905ADJIFA,0,0,0,0,0.1,Attendance Fail
SU2020,SU2020-class 5,9,1905ADJAAG,8.4,6.5,4.5,7.6,7,Passed
SU2020,SU2020-class 5,10,1905ADJACF,7.7,4.5,3,8,5.7,Passed
SU2020,SU2020-class 5,11,1905ADJFGB,6,4.5,4,5,5,Passed
SU2020,SU2020-class 5,12,1905ADJGGE,5.9,4,0.5,8,5,Passed
SU2020,SU2020-class 5,13,1905ACJCGD,0,0,0,0,0.4,Attendance Fail
SU2020,SU2020-class 5,14,1905ADJIHC,7.7,4,1,7.2,5.2,Passed
SU2020,SU2020-class 5,15,1905ACJCBB,0,0,0,0,0.4,Attendance Fail
SU2020,SU2020-class 5,16,1905ADJIAJ,3.3,5,4,7,5.2,Passed
SU2020,SU2020-class 5,17,1905ADJBCF,0,0,0,0,0,Attendance Fail
SU2020,SU2020-class 5,18,1905ACJCHE,0,0,0,0,0.1,Attendance Fail
SU2020,SU2020-class 5,19,1905ADJAEA,5,0,0,0,1.2,Attendance Fail
SU2020,SU2020-class 5,20,1905ADAJFB,5.3,3.5,4,6.4,4.7,Not Passed
SU2020,SU2020-class 5,21,1905ADJDDH,0,0,0,0,0.3,Attendance Fail
SU2020,SU2020-class 5,22,1905ADJEIJ,7.1,5,3,7.2,5.7,Passed
SU2020,SU2020-class 5,23,1905ADJAJD,9.3,7.5,5.5,9,8,Passed
SU2020,SU2020-class 5,24,1905ADJABI,7.7,8.5,4,7,7.1,Passed
SU2020,SU2020-class 5,25,1905ACJJIB,6.3,5,1,8,5.6,Passed
SU2020,SU2020-class 5,26,1905ADJBIG,8,5,4.5,7.6,6.4,Passed
SU2020,SU2020-class 6,1,1905ACJGAD,9.5,7.5,2,8,6.5,Passed
SU2020,SU2020-class 6,2,1905ADAACE,7.6,8,7.5,8.4,8.2,Passed
SU2020,SU2020-class 6,3,1905ACJAJF,3,0.5,0.5,0,0.9,Attendance Fail
SU2020,SU2020-class 6,4,1905AEAECG,10,3,3.5,7.6,5.9,Passed
SU2020,SU2020-class 6,5,1905ACJAAA,2.7,0.5,0.5,0,0.7,Attendance Fail
SU2020,SU2020-class 6,6,1905ACJAAJ,3,0.5,0.5,0,0.6,Attendance Fail
SU2020,SU2020-class 6,7,1905ACJBIC,0,0.5,0.5,0,1.3,Attendance Fail
SU2020,SU2020-class 6,8,1905ADJIEG,10,6,1.5,8,6.5,Passed
SU2020,SU2020-class 6,9,1905ADJGDE,6.2,1,4,7.4,4.9,Not Passed
SU2020,SU2020-class 6,10,1905ACJEAF,0,0,0,0,0,Attendance Fail
SU2020,SU2020-class 6,11,1905FCBBJ,0,0,0,0,0.3,Attendance Fail
SU2020,SU2020-class 6,12,1905ADJEDG,7.8,7,4.5,8.4,7.3,Passed
SU2020,SU2020-class 6,13,1905ADAAEJ,9.2,6.5,2.5,8.8,7,Passed
SU2020,SU2020-class 6,14,1905ADJIGI,7.7,7,3,7.2,6.4,Passed
SU2020,SU2020-class 6,15,1905ADJBJB,5.3,5.5,1,7.2,5.2,Passed
SU2020,SU2020-class 6,16,1905ACJEEF,2.7,3,1.5,0,2.1,Not Passed
SU2020,SU2020-class 6,17,1905ACJBFH,0,0,0,0,0.2,Attendance Fail
SU2020,SU2020-class 6,18,1905ADJBGJ,7,5.5,5,7.4,6.5,Passed
SU2020,SU2020-class 6,19,1905ACJAIE,0,0,0,0,0.5,Attendance Fail
SU2020,SU2020-class 6,20,1905ADJBGE,6.8,5,6,7.6,6.2,Passed
SU2020,SU2020-class 6,21,1905ADJGCG,10,6.5,5.5,8.2,7.5,Passed
SU2020,SU2020-class 6,22,1905ACJBEC,2.3,0.5,0.5,0,1.1,Not Passed
SU2020,SU2020-class 7,1,1905ACJDJJ,4.5,0.5,4,0,2.2,Not Passed
SU2020,SU2020-class 7,2,1905ADJEJD,7,6.5,8,7,7.2,Passed
SU2020,SU2020-class 7,3,1905ACJFIE,8.8,5,6,5.4,5.9,Passed
SU2020,SU2020-class 7,4,1905ADJGBA,8.3,4,5,5.4,5.1,Passed
SU2020,SU2020-class 7,5,1905ACJJJE,2.8,0.5,0.5,0,1.2,Not Passed
SU2020,SU2020-class 7,6,1905ADJFBJ,2.5,0.5,0.5,0,1,Not Passed
SU2020,SU2020-class 7,7,1905ACJBJE,8,9,6,4.6,6.9,Passed
SU2020,SU2020-class 7,8,1905ADJBDH,7.3,3.5,6,4.2,5.1,Passed
SU2020,SU2020-class 7,9,1905ACJGGJ,7.5,6,8,4.8,6.4,Passed
SU2020,SU2020-class 7,10,1905ADJBBC,7.3,3.5,6,4.8,5.1,Passed
SU2020,SU2020-class 7,11,1905FCJFE,8.8,3.5,6,4.4,5.1,Passed
SU2020,SU2020-class 7,12,1905ACJGCI,0.5,0.5,0.5,0,0.5,Attendance Fail
SU2020,SU2020-class 7,13,1905ACJEAE,9,6.5,8,4.4,6.6,Passed
SU2020,SU2020-class 7,14,1905ADJBAC,8.3,2.5,5,5.4,5,Passed
SU2020,SU2020-class 7,15,1905ADAJBG,8,4,6,4.8,5.5,Passed
SU2020,SU2020-class 7,16,1905ACJAHF,9.8,4,6,5,5.5,Passed
SU2020,SU2020-class 7,17,1905ADJJDE,4,0.5,0.5,0,1.2,Not Passed
SU2020,SU2020-class 7,18,1905ACJFGH,7.8,5,5,4.8,5.5,Passed
SU2020,SU2020-class 7,19,1905ACJDCE,7.8,0.5,6,4.8,4.2,Not Passed
SU2020,SU2020-class 7,20,1905ACJFIC,8.8,4,5,5,5.2,Passed
SU2020,SU2020-class 7,21,1905ADJJAG,3.8,0.5,0.5,0,1.3,Not Passed
SU2020,SU2020-class 7,22,1905ADJHFH,7,3.5,6,4.4,5.1,Passed
SU2020,SU2020-class 7,23,1905ACJFBF,8,4,5,4.6,5.1,Passed
SU2020,SU2020-class 7,24,1905ACJFDJ,0.5,0.5,0.5,0,0.4,Attendance Fail
SU2020,SU2020-class 8,1,1905ADJFGI,8,4.5,3,4.4,4.6,Not Passed
SU2020,SU2020-class 8,2,1905ADJGCB,7.5,5,4,5.2,5.1,Passed
SU2020,SU2020-class 8,3,1905ADJHBI,9.3,7,5,7,7,Passed
SU2020,SU2020-class 8,4,1905ACJFCF,9,5.5,3,4.8,5.3,Passed
SU2020,SU2020-class 8,5,1905ADJGDB,8.3,5.5,3,6.2,5.6,Passed
SU2020,SU2020-class 8,6,1905ADJHCB,8.3,8,3,5.6,6.3,Passed
SU2020,SU2020-class 8,7,1905ADJHCJ,8,7,5,6.2,6.6,Passed
SU2020,SU2020-class 8,8,1905FCJGA,3.8,0.5,0.5,0,0.8,Attendance Fail
SU2020,SU2020-class 8,9,1905ADJFGE,8.3,5.5,3,5.6,5.3,Passed
SU2020,SU2020-class 8,10,1905FBJJA,0.5,0.5,0.5,0,0.4,Attendance Fail
SU2020,SU2020-class 8,11,1905ADJHCA,8.3,7,6,6,6.6,Passed
SU2020,SU2020-class 8,12,1905ACJAJE,3.5,0.5,0.5,0,1.1,Not Passed
SU2020,SU2020-class 8,13,1905FCEEC,8.8,3,3,5.8,4.6,Not Passed
SU2020,SU2020-class 8,14,1905ACJCFF,0.5,0.5,0.5,0,0.4,Attendance Fail
SU2020,SU2020-class 8,15,1905ACJJEG,0.5,0.5,0.5,0,0.4,Attendance Fail
SU2020,SU2020-class 8,16,1905ADJGDC,0.5,0.5,0.5,0,0.5,Attendance Fail
SU2020,SU2020-class 8,17,1905ADAAGB,9.3,9,6,6.8,7.7,Passed
SU2020,SU2020-class 8,18,1905FCDFH,2.5,0.5,0.5,0,0.7,Not Passed
SU2020,SU2020-class 8,19,1905FCCIJ,0.5,0.5,0.5,0,0.5,Attendance Fail
SU2020,SU2020-class 9,1,1905ACJDCC,0,0,0,0,0.9,Attendance Fail
SU2020,SU2020-class 9,2,1905ADJCJF,0,0,0,0,0.8,Attendance Fail
SU2020,SU2020-class 9,3,1905ACJFGJ,3.3,0.5,0.5,0,1.2,Not Passed
SU2020,SU2020-class 9,4,1905ADJEBH,4.4,0.5,0.5,0,1.5,Not Passed
SU2020,SU2020-class 9,5,1905ACJEBG,0,0.5,0.5,0,0.5,Attendance Fail
SU2020,SU2020-class 9,6,1905FCCBI,5.5,5,3.5,6.8,5.8,Passed
SU2020,SU2020-class 9,7,1905ADJJJI,1.8,0.5,0.5,0,1.2,Attendance Fail
SU2020,SU2020-class 9,8,1905FCDJC,0,0,0,0,1,Attendance Fail
SU2020,SU2020-class 9,9,1905FCBGH,4.3,0.5,0.5,0,1.1,Not Passed
SU2020,SU2020-class 9,10,1905ADJCFH,4.2,5,5,5.8,5.4,Passed
SU2020,SU2020-class 9,11,1905ACJJHJ,5.7,5.5,4,6.6,6,Passed
SU2020,SU2020-class 9,12,1905ADJDFA,1.3,0.5,0.5,0,0.7,Not Passed
SU2020,SU2020-class 9,13,1905ACJBEG,0,0,0,0,0,Attendance Fail
SU2020,SU2020-class 9,14,1905ADJCFB,5.3,6,6,7.4,6.1,Passed
SU2020,SU2020-class 9,15,1905ADJIFH,6.2,5.5,5,6.2,5.8,Passed
SU2020,SU2020-class 9,16,1905ADJJIJ,3.4,2,0.5,0,1.7,Not Passed
SU2020,SU2020-class 9,17,1905ACJBIG,5,4.5,2.5,0,2.9,Not Passed
SU2020,SU2020-class 9,18,1905ADJCGB,0,0,0,0,0.7,Attendance Fail
SU2020,SU2020-class 9,19,1905ADAACJ,1.9,0.5,3.5,0,2,Not Passed
SU2020,SU2020-class 9,20,1905ADJIJD,2.5,0.5,2.5,0,1.4,Not Passed
SU2020,SU2020-class 9,21,1905ACJFHG,5.8,3.5,4.5,7,5.6,Passed
SU2020,SU2020-class 9,22,1905ADJJIB,10,8,9,7.6,8.5,Passed
SU2020,SU2020-class 9,23,1905ACJCJA,4.4,5,5,6,5.7,Passed
SU2020,SU2020-class 10,1,1905FCEED,0,0,0,0,0,Attendance Fail
SU2020,SU2020-class 10,2,1905ACJFAD,4.2,0.5,1.5,0,1.5,Not Passed
SU2020,SU2020-class 10,3,1905ACJFBI,0,0,0,0,0.4,Attendance Fail
SU2020,SU2020-class 10,4,1905ACJAGA,5,8,4,6.6,6.7,Passed
SU2020,SU2020-class 10,5,1905ADJACC,6.5,5.5,3.5,6.6,6,Passed
SU2020,SU2020-class 10,6,1905ADJAJH,6,4,3,8.8,5.8,Passed
SU2020,SU2020-class 10,7,1905ACJDJF,0,0,0,0,0.2,Attendance Fail
SU2020,SU2020-class 10,8,1905ADAJFC,5.9,6,2.5,7,5.6,Passed
SU2020,SU2020-class 10,9,1905ACJDEA,0,0,0,0,0,Attendance Fail
SU2020,SU2020-class 10,10,1905ACJGJE,2,0,0,0,0.6,Attendance Fail
SU2020,SU2020-class 10,11,1905ACJBCA,3.3,0,0,0,0.7,Attendance Fail
SU2020,SU2020-class 10,12,1905ACJEDD,1.5,0,0,0,0.5,Attendance Fail
SU2020,SU2020-class 10,13,1905ADJFAF,4.3,2,1,0,1.4,Not Passed
SU2020,SU2020-class 10,14,1905ACJBBD,5.2,4,4,4.8,5,Passed
SU2020,SU2020-class 10,15,1905ADJJEG,0,0,0,0,0.2,Attendance Fail
SU2020,SU2020-class 10,16,1905ADJBFA,0,0,0,0,0,Attendance Fail
SU2020,SU2020-class 10,17,1905ACJFDA,6.1,5,4,5,5.1,Passed
SU2020,SU2020-class 10,18,1905ACJEHB,4.8,6.5,5.5,0,4.3,Is Susspended
SU2020,SU2020-class 10,19,1905ADJEHG,8,3,2,7.8,5.2,Passed
SU2020,SU2020-class 10,20,1905ADJAFA,5.8,4,1.5,0,2.5,Not Passed
SU2020,SU2020-class 10,21,1905ADJEIE,3.9,5.5,1,0,2.4,Not Passed
SU2020,SU2020-class 10,22,1905ACJGFB,0,0,0,0,0.4,Attendance Fail
SU2020,SU2020-class 10,23,1905ACJBJC,5.8,7,4.5,5.8,6.3,Passed
SU2020,SU2020-class 10,24,1905ACJCIG,4.7,6,5,6,6.1,Passed
SU2020,SU2020-class 10,25,1905ACJBBA,0,0,0,0,0,Attendance Fail
SU2020,SU2020-class 10,26,1905ADJJIH,0,0,0,0,0.3,Attendance Fail
SU2020,SU2020-class 10,27,1905ADJFAC,4.4,0.5,1,0,1,Not Passed
SU2020,SU2020-class 10,28,1905ACJFCG,0,0,0,0,0,Attendance Fail
SU2020,SU2020-class 10,29,1905ACJEBI,2.3,0,0,0,0.9,Attendance Fail
SU2020,SU2020-class 10,30,1905ACJFBH,6.3,3.5,1,5,4.2,Not Passed
SU2020,SU2020-class 11,1,1905FBDJI,4.3,0.5,0.5,0,1.1,Not Passed
SU2020,SU2020-class 11,2,1905FCJII,8,6,4,4.4,5.5,Passed
SU2020,SU2020-class 11,3,1905ADJCHB,7.3,2.5,4,5.2,4.4,Not Passed
SU2020,SU2020-class 11,4,1905FBCGH,3,0.5,0.5,0,1,Not Passed
SU2020,SU2020-class 11,5,1905FBFGD,0.5,0.5,0.5,0,0.5,Attendance Fail
SU2020,SU2020-class 11,6,1905ACJFDE,7.8,5.5,6,4.8,5.7,Passed
SU2020,SU2020-class 11,7,1905ADJJHH,8,7,1,5.6,5.6,Passed
SU2020,SU2020-class 11,8,1905ADJIIF,8.5,8.5,8,6.2,7.5,Passed
SU2020,SU2020-class 11,9,1905ACJAAI,9.3,7,6,6,6.8,Passed
SU2020,SU2020-class 11,10,1905ACJEAJ,4,0.5,0.5,0,0.9,Not Passed
SU2020,SU2020-class 11,11,1905ACJBAB,3,0.5,0.5,0,0.8,Not Passed
SU2020,SU2020-class 11,12,1905FCCDC,3.5,2,1,0,1.4,Not Passed
SU2020,SU2020-class 11,13,1905FBJEJ,1.5,0.5,0.5,0,0.8,Not Passed
SU2020,SU2020-class 11,14,1905FBDDC,9.5,5,4,6.6,6.2,Passed
SU2020,SU2020-class 11,15,1905ADJBHD,7.8,5.5,1,7.4,5.4,Passed
SU2020,SU2020-class 11,16,1905ADAJAH,3,0.5,0.5,0,1,Not Passed
SU2020,SU2020-class 11,17,1905ADJCEG,8.3,4,3,7.4,5.2,Passed
SU2020,SU2020-class 11,18,1905ACJDFG,0.5,0.5,0.5,0,0.5,Attendance Fail
SU2020,SU2020-class 11,19,1905ACJDJC,7.8,7,4,4.2,5.9,Passed
SU2020,SU2020-class 11,20,1905FBCHC,8.8,4,1,6.4,5,Passed
SU2020,SU2020-class 11,21,1905ADJJGB,7.8,3.5,4,6.8,5.3,Passed
