Mã học kỳ,Mã lớp,NO.,CODE,PROGRESS TESTS-30,ASSIGNMENTS-30,FINAL EXAM-40,TOTAL,STATUS,EXERCISES-30
FA2017,FA2017-class 1,1,1905FCDAG,7,5,4.2,5.3,Passed,
FA2017,FA2017-class 1,2,1905FCJAD,7,5,9.8,7.5,Passed,
FA2017,FA2017-class 1,3,1905FCECC,6,5,6.8,6,Passed,
FA2017,FA2017-class 1,4,1905FCCAH,7,5,8.4,7,Passed,
FA2017,FA2017-class 1,5,1905FBHGI,7,10,5.8,7.4,Passed,
FA2017,FA2017-class 1,6,1905FCCBG,7,5,7.4,6.6,Passed,
FA2017,FA2017-class 1,7,1905FCBGC,6,5,6,5.7,Passed,
FA2017,FA2017-class 1,8,1905FCDCB,7,10,6,7.5,Passed,
FA2017,FA2017-class 1,9,1905FCCGI,7,5,7.4,6.6,Passed,
FA2017,FA2017-class 1,10,1905FCEFH,8,5,6.6,6.5,Passed,
FA2017,FA2017-class 1,11,1905FBIAG,0,0,0,0,Not Passed,
FA2017,FA2017-class 1,12,1905FCEEB,7,5,6,6,Passed,
FA2017,FA2017-class 1,13,1905FBIIC,8,5,5,5.9,Passed,
FA2017,FA2017-class 1,14,1905FBCCG,7,5,4.2,5.3,Passed,
FA2017,FA2017-class 1,15,1905FCDBD,6,5,7.8,6.4,Passed,
FA2017,FA2017-class 1,16,1905FBIDH,9,5,5.8,6.5,Passed,
FA2017,FA2017-class 1,17,1905FCBGG,7,5,7.6,6.6,Passed,
FA2017,FA2017-class 1,18,1905FCBDD,6,5,5,5.3,Passed,
FA2017,FA2017-class 1,19,1905FBFBB,8,9.5,7.2,8.1,Passed,
FA2017,FA2017-class 1,20,1905FCAGG,7,10,6.8,7.8,Passed,
FA2017,FA2017-class 1,21,1905FCJHD,7,5,6.4,6.2,Passed,
FA2017,FA2017-class 1,22,1905FCDFD,0,0,0,0,Not Passed,
FA2017,FA2017-class 1,23,1905FCAFI,7,5,6.2,6.1,Passed,
FA2017,FA2017-class 1,24,1905FCEJG,8,5,6.4,6.5,Passed,
FA2017,FA2017-class 1,25,1905FCJCH,7,5,5.4,5.8,Passed,
FA2017,FA2017-class 1,26,1905FCCGE,7.5,9.5,6.2,7.6,Passed,
FA2017,FA2017-class 1,27,1905FCJEB,8,5,5.8,6.2,Passed,
FA2017,FA2017-class 1,28,1905FCECB,6,5,5.8,5.6,Passed,
FA2017,FA2017-class 1,29,1905FADDG,0,0,0,0,Not Passed,
FA2017,FA2017-class 1,30,1905FCDAB,7,5,5,5.6,Passed,
FA2017,FA2017-class 2,1,1905FCEDG,6.9,5,5.4,5.7,Passed,
FA2017,FA2017-class 2,2,1905FCBEA,6.9,5,5.6,5.8,Passed,
FA2017,FA2017-class 2,3,1905JECDD,9.5,9.5,7.6,8.7,Passed,
FA2017,FA2017-class 2,4,1905FCJBB,6,5,6,5.7,Passed,
FA2017,FA2017-class 2,5,1905FCACB,6,5,6.6,5.9,Passed,
FA2017,FA2017-class 2,6,1905FCEBC,7,7,5,6.2,Passed,
FA2017,FA2017-class 2,7,1905JFJII,6,7,0,3.9,Not Passed,
FA2017,FA2017-class 2,8,1905FCCFB,7,7,7,7,Passed,
FA2017,FA2017-class 2,9,1905FCDEF,6.9,6.5,5.8,6.3,Passed,
FA2017,FA2017-class 2,10,1905FCAEH,6.9,7.5,6.8,7,Passed,
FA2017,FA2017-class 2,11,1905JEHFB,7.5,7,8,7.6,Passed,
FA2017,FA2017-class 2,12,1905FCCBI,7,5,6.4,6.2,Passed,
FA2017,FA2017-class 2,13,1905FAEGH,7,7,5.8,6.5,Passed,
FA2017,FA2017-class 2,14,1905FCBAJ,6.9,5,4.6,5.4,Passed,
FA2017,FA2017-class 2,15,1905FCCEE,7,7,5.8,6.5,Passed,
FA2017,FA2017-class 2,16,1905FCADE,6,5,7,6.1,Passed,
FA2017,FA2017-class 2,17,1905FCCJF,7,5,8.4,7,Passed,
FA2017,FA2017-class 2,18,1905FCDEI,7.9,5,4.6,5.7,Passed,
FA2017,FA2017-class 2,19,1905FCAFJ,6.9,7.5,7,7.1,Passed,
FA2017,FA2017-class 2,20,1905FCEEC,7,6,6.6,6.5,Passed,
FA2017,FA2017-class 2,21,1905FCEFC,8,8.5,9,8.6,Passed,
FA2017,FA2017-class 2,22,1905FCCFF,7,7.5,7.2,7.2,Passed,
FA2017,FA2017-class 2,23,1905FCCJA,7,5,8.4,7,Passed,
FA2017,FA2017-class 2,24,1905FCCDF,7,5,7.6,6.6,Passed,
FA2017,FA2017-class 2,25,1905FBHHD,7,5,7,6.4,Passed,
FA2017,FA2017-class 2,26,1905FBIGE,6.9,7.5,7,7.1,Passed,
FA2017,FA2017-class 3,1,1905FCCHC,5.6,8.5,0,4.2,Not Passed,
FA2017,FA2017-class 3,2,1905FCAJA,7.5,9.5,7,7.9,Passed,
FA2017,FA2017-class 3,3,1905FCCFE,7.6,8.5,7.2,7.7,Passed,
FA2017,FA2017-class 3,4,1905JFJJJ,8.4,8.5,5.8,7.4,Passed,
FA2017,FA2017-class 3,5,1905FCBJC,7.9,9.5,7,8,Passed,
FA2017,FA2017-class 3,6,1905FCDEC,8.3,8.5,6.6,7.7,Passed,
FA2017,FA2017-class 3,7,1905FBIIH,0,0,0,0,Not Passed,
FA2017,FA2017-class 3,8,1905FBJJA,6.4,9,5.2,6.7,Passed,
FA2017,FA2017-class 3,9,1905FCBEE,7.1,8,4.6,6.4,Passed,
FA2017,FA2017-class 3,10,1905FCAGF,8.3,8,7,7.7,Passed,
FA2017,FA2017-class 3,11,1905FCAJB,7.9,8,6.2,7.3,Passed,
FA2017,FA2017-class 3,12,1905FCJHH,7.5,9.3,7.2,7.9,Passed,
FA2017,FA2017-class 3,13,1905FCJDB,8.8,9.3,7.6,8.5,Passed,
FA2017,FA2017-class 3,14,1905FCBGB,0,0,0,0,Not Passed,
FA2017,FA2017-class 3,15,1905FCBCB,6.9,8,5,6.5,Passed,
FA2017,FA2017-class 3,16,1905FCAIC,3.5,3.5,0,2.1,Not Passed,
FA2017,FA2017-class 3,17,1905FCDAI,6.9,8,7.4,7.4,Passed,
FA2017,FA2017-class 3,18,1905FBIID,7.1,9.5,5.2,7.1,Passed,
FA2017,FA2017-class 3,19,1905FCBHB,9,9.3,8.4,8.9,Passed,
FA2017,FA2017-class 3,20,1905FCAGH,8.5,8.5,8.2,8.4,Passed,
FA2017,FA2017-class 3,21,1905FCEJJ,9.1,9.3,8.6,9,Passed,
FA2017,FA2017-class 3,22,1905FCDAD,8.5,9,7,8.1,Passed,
FA2017,FA2017-class 3,23,1905FCDJA,8.8,8.5,5.4,7.4,Passed,
FA2017,FA2017-class 3,24,1905FADCG,7.5,9.5,5.2,7.2,Passed,
FA2017,FA2017-class 3,25,1905FCCAF,7.6,9.3,8,8.3,Passed,
FA2017,FA2017-class 3,26,1905FCBAH,8.5,9,5.2,7.3,Passed,
FA2017,FA2017-class 3,27,1905FCCEB,8,9,6.6,7.7,Passed,
FA2017,FA2017-class 3,28,1905FCDFG,6.5,8,5.4,6.5,Passed,
FA2017,FA2017-class 3,29,1905FBHGE,9.5,10,9.4,9.6,Passed,
FA2017,FA2017-class 4,1,1905FCBJF,8,5,4.8,5.8,Passed,
FA2017,FA2017-class 4,2,1905FBHBE,8,5,7.8,7,Passed,
FA2017,FA2017-class 4,3,1905FCCIG,7,10,7,7.9,Passed,
FA2017,FA2017-class 4,4,1905FCAHA,7.5,5,6,6.2,Passed,
FA2017,FA2017-class 4,5,1905FAIFD,7.4,5,6,6.1,Passed,
FA2017,FA2017-class 4,6,1905FCJJG,7,5,7.6,6.6,Passed,
FA2017,FA2017-class 4,7,1905FCCEJ,7,5,4.8,5.5,Passed,
FA2017,FA2017-class 4,8,1905FAIFF,7.5,10,7.6,8.3,Passed,
FA2017,FA2017-class 4,9,1905FCABC,8.5,5,6.6,6.7,Passed,
FA2017,FA2017-class 4,10,1905FCDEJ,7,9.5,8.2,8.2,Passed,
FA2017,FA2017-class 4,11,1905FCBFD,7,5,6.6,6.2,Passed,
FA2017,FA2017-class 4,12,1905FCDFC,8,10,9.2,9.1,Passed,
FA2017,FA2017-class 4,13,1905FCABE,7.4,5,6.2,6.2,Passed,
FA2017,FA2017-class 4,14,1905FCAHE,8,7.5,8.6,8.1,Passed,
FA2017,FA2017-class 4,15,1905FCJHG,7.5,5,6.6,6.4,Passed,
FA2017,FA2017-class 4,16,1905FAHBI,7,5,7,6.4,Passed,
FA2017,FA2017-class 4,17,1905FBHFF,7.5,5,5.6,6,Passed,
FA2017,FA2017-class 4,18,1905FCDFI,0,0,0,0,Not Passed,
FA2017,FA2017-class 4,19,1905FCAIE,7,5,4.4,5.4,Passed,
FA2017,FA2017-class 4,20,1905FBIHI,7.2,5,5.8,6,Passed,
FA2017,FA2017-class 4,21,1905FBBBH,7,5,4.4,5.4,Passed,
FA2017,FA2017-class 4,22,1905FCAHB,7,5,8.4,7,Passed,
FA2017,FA2017-class 4,23,1905FAHBA,8,9.5,5,7.3,Passed,
FA2017,FA2017-class 4,24,1905FCCFD,7,5,0,3.6,Not Passed,
FA2017,FA2017-class 4,25,1905FBIGF,7,5,5,5.6,Passed,
FA2017,FA2017-class 4,26,1905FCEJD,7.9,5,6.6,6.5,Passed,
FA2017,FA2017-class 4,27,1905FCBIB,7,5,6.8,6.3,Passed,
FA2017,FA2017-class 5,1,1905FBHHE,1.3,0,0,0.4,Not Passed,
FA2017,FA2017-class 5,2,1905FCACA,8.2,6.5,6.6,7.1,Passed,
FA2017,FA2017-class 5,3,1905FAIDI,0,0,0,0,Not Passed,
FA2017,FA2017-class 5,4,1905FCDDG,5.3,1,5.8,4.2,Not Passed,
FA2017,FA2017-class 5,5,1905FCCAG,7.8,5,7,6.6,Passed,
FA2017,FA2017-class 5,6,1905FCBGA,0,0,0,0,Not Passed,
FA2017,FA2017-class 5,7,1905FCJDG,4,1,0,1.5,Not Passed,
FA2017,FA2017-class 5,8,1905FBICC,8.2,5.5,8,7.3,Passed,
FA2017,FA2017-class 5,9,1905FCAHG,7.5,6.5,6.6,6.8,Passed,
FA2017,FA2017-class 5,10,1905FBDBJ,7.1,7.5,7,7.2,Passed,
FA2017,FA2017-class 5,11,1905FCJFE,8.8,6.5,6.8,7.3,Passed,
FA2017,FA2017-class 5,12,1905FCEJC,7.3,8,6.6,7.2,Passed,
FA2017,FA2017-class 5,13,1905FBIIG,7.6,9,5.6,7.2,Passed,
FA2017,FA2017-class 5,14,1905FCCFJ,4.5,7.5,5.8,5.9,Passed,
FA2017,FA2017-class 5,15,1905FBHHG,9,9,6.2,7.9,Passed,
FA2017,FA2017-class 5,16,1905FCBHC,6.8,5.5,4.4,5.5,Passed,
FA2017,FA2017-class 5,17,1905FBGIE,4.5,8,6.4,6.3,Passed,
FA2017,FA2017-class 5,18,1905FBIFC,0,0,0,0,Not Passed,
FA2017,FA2017-class 5,19,1905FCCEF,8.8,9,6.8,8.1,Passed,
FA2017,FA2017-class 5,20,1905FCBFE,1,0,0,0.3,Not Passed,
FA2017,FA2017-class 5,21,1905FCEAH,5.7,5,4.4,5,Passed,
FA2017,FA2017-class 5,22,1905JEFIF,4.6,8.5,4.6,5.8,Passed,
FA2017,FA2017-class 5,23,1905FBIJI,2.4,0,0,0.7,Not Passed,
FA2017,FA2017-class 5,24,1905FCBHE,9.5,7.5,8.4,8.5,Passed,
FA2017,FA2017-class 5,25,1905FCCHG,7,6,8,7.1,Passed,
FA2017,FA2017-class 5,26,1905FCJGE,8.9,8.5,5,7.2,Passed,
FA2017,FA2017-class 5,27,1905FCJIE,9.3,8.5,7.4,8.3,Passed,
FA2017,FA2017-class 6,1,1905FCACH,8.5,8,6.6,7.6,Passed,
FA2017,FA2017-class 6,2,1905FCBBA,7.6,7.8,4.4,6.4,Passed,
FA2017,FA2017-class 6,3,1905FCECI,5.8,7.5,0,4,Not Passed,
FA2017,FA2017-class 6,4,1905FBHFA,7.9,3.8,4.4,5.3,Passed,
FA2017,FA2017-class 6,5,1905FCCHE,7.6,7.5,4.6,6.4,Passed,
FA2017,FA2017-class 6,6,1905FBHHA,7.8,7.5,7.4,7.6,Passed,
FA2017,FA2017-class 6,7,1905FCBFJ,8.5,8.8,7.8,8.3,Passed,
FA2017,FA2017-class 6,8,1905FAHAH,2.4,0,0,0.7,Not Passed,
FA2017,FA2017-class 6,9,1905FBHAJ,8.5,8.3,7.8,8.2,Passed,
FA2017,FA2017-class 6,10,1905FAHCG,2.3,0,0,0.7,Not Passed,
FA2017,FA2017-class 6,11,1905FBEGH,6.5,7.8,4.2,6,Passed,
FA2017,FA2017-class 6,12,1905FBDHJ,0,0,0,0,Not Passed,
FA2017,FA2017-class 6,13,1905FBIDJ,7.1,7.5,8.8,7.9,Passed,
FA2017,FA2017-class 6,14,1905FBIBI,7.6,3.8,6,5.8,Passed,
FA2017,FA2017-class 6,15,1905FCAGC,7.8,8,5.8,7.1,Passed,
FA2017,FA2017-class 6,16,1905FCJCA,4.3,7,0,3.4,Not Passed,
FA2017,FA2017-class 6,17,1905FBIJB,8.1,8.5,6.2,7.5,Passed,
FA2017,FA2017-class 6,18,1905FAHCJ,7.4,8.5,5.8,7.1,Passed,
FA2017,FA2017-class 6,19,1905FCAII,7.9,8,4.4,6.5,Passed,
FA2017,FA2017-class 6,20,1905FBIFH,8.3,8,4.4,6.7,Passed,
FA2017,FA2017-class 6,21,1905FCCHA,8.1,7.5,5.8,7,Passed,
FA2017,FA2017-class 6,22,1905FCJED,8,8.8,6.2,7.5,Passed,
FA2017,FA2017-class 6,23,1905FCADA,6,7,6.8,6.6,Passed,
FA2017,FA2017-class 6,24,1905FCBJG,8.9,4.8,5.4,6.3,Passed,
FA2017,FA2017-class 6,25,1905FCAEF,8.4,3.8,6.2,6.1,Passed,
FA2017,FA2017-class 6,26,1905FBDEF,4.5,7,0,3.5,Not Passed,
FA2018,FA2018-class 1,1,1905ACJDCJ,,7.5,4.2,6.1,Passed,7.3
FA2018,FA2018-class 1,2,1905ACJDHI,,8.5,7.6,8.3,Passed,9
FA2018,FA2018-class 1,3,1905ACJDIH,,7.5,5,6.5,Passed,7.6
FA2018,FA2018-class 1,4,1905ACJDII,,7,0,4.5,Not Passed,8.1
FA2018,FA2018-class 1,5,1905ACJFCD,,8.5,6.2,7.7,Passed,8.9
FA2018,FA2018-class 1,6,1905ACJCEH,,8.5,4.2,6.5,Passed,7.5
FA2018,FA2018-class 1,7,1905ACJGJI,,7.5,5.6,6.8,Passed,7.8
FA2018,FA2018-class 1,8,1905FBDFD,,8,4,6.1,Passed,7
FA2018,FA2018-class 1,9,1905FCAIG,,7.5,4.6,6.2,Passed,6.9
FA2018,FA2018-class 1,10,1905FCBAA,,8,4.8,6.4,Passed,7
FA2018,FA2018-class 1,11,1905ACJECC,,8.5,5.8,7.4,Passed,8.4
FA2018,FA2018-class 1,12,1905ADJJJI,,7.5,6,6.6,Passed,6.5
FA2018,FA2018-class 1,13,1905ACJCGD,,7.5,5,6.5,Passed,7.4
FA2018,FA2018-class 1,14,1905ACJGBF,,8.5,6.4,7.6,Passed,8.4
FA2018,FA2018-class 1,15,1905ACJJJF,,7.5,5,6.3,Passed,6.9
FA2018,FA2018-class 1,16,1905ACJCFD,,7,5.2,6.3,Passed,6.9
FA2018,FA2018-class 1,17,1905JDBEG,,7.5,4.6,6.2,Passed,7
FA2018,FA2018-class 1,18,1905ACJBDD,,7.5,5,6.3,Passed,6.9
FA2018,FA2018-class 1,19,1905ACJBHH,,7.5,5.6,6.6,Passed,7.1
FA2018,FA2018-class 1,20,1905ACJAIE,,7.5,4,5.9,Passed,6.9
FA2018,FA2018-class 1,21,1905ACJDBJ,,7.5,4.8,6.8,Passed,8.9
FA2018,FA2018-class 1,22,1905ACJCAJ,,7.5,5,6.4,Passed,7.3
FA2018,FA2018-class 1,23,1905ACJCBI,,0,0,0,Not Passed,0
FA2018,FA2018-class 1,24,1905ACJJFD,,7.5,5.2,6.7,Passed,7.8
FA2018,FA2018-class 1,25,1905ACJDDA,,8,0,5.1,Not Passed,9
FA2018,FA2018-class 2,1,1905FCCGC,,8,4,5.7,Passed,5.6
FA2018,FA2018-class 2,2,1905ACJJBG,,6.5,4,5,Passed,4.8
FA2018,FA2018-class 2,3,1905ACJDDI,,8.5,6,7,Passed,6.8
FA2018,FA2018-class 2,4,1905ACJAGA,,8.8,4,6,Passed,5.9
FA2018,FA2018-class 2,5,1905ACJDCB,,7.5,4.6,5.2,Passed,3.8
FA2018,FA2018-class 2,6,1905ACJBJH,,7,4.4,5.4,Passed,5
FA2018,FA2018-class 2,7,1905ACJJJI,,7,5,6,Passed,6.4
FA2018,FA2018-class 2,8,1905ACJJFH,,9,5.8,7.2,Passed,7.4
FA2018,FA2018-class 2,9,1905ACJEIA,,6.5,3.6,5.1,Not Passed,5.8
FA2018,FA2018-class 2,10,1905ACJBHE,,8,5.8,6.1,Passed,4.5
FA2018,FA2018-class 2,11,1905ACJDID,,8.5,2.8,5.4,Not Passed,5.8
FA2018,FA2018-class 2,12,1905ACJEGE,,6.5,4,5.4,Passed,6.3
FA2018,FA2018-class 2,13,1905ACJBEB,,8,2.6,4.9,Not Passed,4.8
FA2018,FA2018-class 2,14,1905ACJBFD,,9.5,4,6.6,Passed,7
FA2018,FA2018-class 2,15,1905ACJCDB,,8,5,6.2,Passed,5.9
FA2018,FA2018-class 2,16,1905ACJBCI,,7.3,4.4,5.6,Passed,5.5
FA2018,FA2018-class 2,17,1905ACJDBC,,3.5,0,2.6,Not Passed,5.1
FA2018,FA2018-class 2,18,1905ACJDDH,,8.5,4.4,6.4,Passed,6.8
FA2018,FA2018-class 2,19,1905FBIEI,,3,0,2,Not Passed,3.6
FA2018,FA2018-class 2,20,1905ACJADJ,,8.5,2.8,5.4,Not Passed,5.6
FA2018,FA2018-class 2,21,1905ACJEFF,,9.3,4.8,6.8,Passed,7.1
FA2018,FA2018-class 2,22,1905ACJEEJ,,8.5,5.4,6.5,Passed,5.9
FA2018,FA2018-class 2,23,1905FCDCH,,7.5,4,5.7,Passed,6.3
FA2018,FA2018-class 2,24,1905ACJEIG,,7,0,3.8,Not Passed,5.6
FA2018,FA2018-class 2,25,1905ACJBJD,,8.5,7.4,7.6,Passed,7
FA2018,FA2018-class 2,26,1905ACJBBC,,8.8,4.2,6.1,Passed,5.8
FA2018,FA2018-class 2,27,1905ACJACH,,9.8,7.2,7.7,Passed,6.1
FA2018,FA2018-class 2,28,1905ACJEGB,,6.5,3,5,Not Passed,6.1
FA2018,FA2018-class 2,29,1905ACJJIB,,9,5.4,6.4,Passed,5
FA2018,FA2018-class 3,1,1905ACJBJF,,7,0,3.5,Not Passed,4.8
FA2018,FA2018-class 3,2,1905ACJFBB,,8,4.6,6.3,Passed,6.9
FA2018,FA2018-class 3,3,1905ACJBGI,,7,4.4,5.2,Passed,4.5
FA2018,FA2018-class 3,4,1905ACJBDI,,7,3.6,4.8,Not Passed,4.1
FA2018,FA2018-class 3,5,1905ACJCEB,,7.8,4.4,5.8,Passed,5.6
FA2018,FA2018-class 3,6,1905ACJBEI,,9,5.6,6.8,Passed,6.1
FA2018,FA2018-class 3,7,1905ACJGJH,,9,6.6,7.3,Passed,6.6
FA2018,FA2018-class 3,8,1905ACJBFG,,5.5,0,2.5,Not Passed,2.8
FA2018,FA2018-class 3,9,1905ACJACG,,7,3.2,4.9,Not Passed,5.1
FA2018,FA2018-class 3,10,1905ACJEII,,8.5,4.4,6.5,Passed,7.4
FA2018,FA2018-class 3,11,1905ACJFEE,,8.5,4.8,6.6,Passed,7.1
FA2018,FA2018-class 3,12,1905ACJFGJ,,8.5,4.6,6,Passed,5.4
FA2018,FA2018-class 3,13,1905ACJGAC,,9.5,6,7.5,Passed,7.5
FA2018,FA2018-class 3,14,1905ACJGJE,,7.3,5.2,6,Passed,5.8
FA2018,FA2018-class 3,15,1905ACJBHJ,,7.5,4.8,5.8,Passed,5.5
FA2018,FA2018-class 3,16,1905ACJBBD,,8,5.8,6.5,Passed,5.9
FA2018,FA2018-class 3,17,1905ACJAGB,,8,4.4,5.7,Passed,5
FA2018,FA2018-class 3,18,1905ACJFJE,,7,0,3.5,Not Passed,4.6
FA2018,FA2018-class 3,19,1905ACJCJB,,7.5,4.4,6.1,Passed,6.8
FA2018,FA2018-class 3,20,1905ACJAIB,,6.5,3.6,4.7,Not Passed,4.5
FA2018,FA2018-class 3,21,1905ACJGGC,,8.5,5.2,6.4,Passed,5.8
FA2018,FA2018-class 3,22,1905ACJFGH,,7.5,3.4,5.2,Not Passed,5.3
FA2018,FA2018-class 3,23,1905FCBFE,,0,0,0.8,Not Passed,2.5
FA2018,FA2018-class 3,24,1905ACJFCG,,9,4.4,6.3,Passed,6.1
FA2018,FA2018-class 3,25,1905ACJEGH,,9,7,7.9,Passed,7.9
FA2018,FA2018-class 3,26,1905ACJAEI,,7,4.6,5.3,Passed,4.6
FA2018,FA2018-class 3,27,1905ACJFDJ,,8.5,4.8,6.5,Passed,6.9
FA2018,FA2018-class 4,1,1905FAEEG,,7,4,6.1,Passed,7.9
FA2018,FA2018-class 4,2,1905ACJAJG,,9,5.2,6.9,Passed,7.2
FA2018,FA2018-class 4,3,1905ACJBIE,,7.4,4.6,6.1,Passed,6.7
FA2018,FA2018-class 4,4,1905ACJACJ,,8.7,5.2,6.9,Passed,7.4
FA2018,FA2018-class 4,5,1905ACJBCD,,6,4,5.4,Passed,6.6
FA2018,FA2018-class 4,6,1905ACJACB,,7.4,6,7.1,Passed,8.2
FA2018,FA2018-class 4,7,1905ACJBCG,,2.3,0,1.8,Not Passed,3.8
FA2018,FA2018-class 4,8,1905ACJEGF,,7,3.2,5.8,Not Passed,8.2
FA2018,FA2018-class 4,9,1905ACJDIG,,6.3,6.6,6.8,Passed,7.5
FA2018,FA2018-class 4,10,1905ACJDBB,,7.3,5.2,6.5,Passed,7.5
FA2018,FA2018-class 4,11,1905ACJEDH,,5.9,0,4,Not Passed,7.5
FA2018,FA2018-class 4,12,1905ACJDFF,,7.4,4.8,6.6,Passed,8.1
FA2018,FA2018-class 4,13,1905ACJFDA,,7.4,6,6.9,Passed,7.7
FA2018,FA2018-class 4,14,1905FCJFI,,7.3,5.2,6.5,Passed,7.3
FA2018,FA2018-class 4,15,1905ACJCBH,,4.7,4,5,Passed,6.7
FA2018,FA2018-class 4,16,1905FBFFB,,7.2,5.8,6.7,Passed,7.4
FA2018,FA2018-class 4,17,1905ACJFAC,,7.2,4.6,6.2,Passed,7.3
FA2018,FA2018-class 4,18,1905ACJFEF,,8.2,5.4,7.1,Passed,8.4
FA2018,FA2018-class 4,19,1905ACJDFA,,7.5,6.4,7.2,Passed,8
FA2018,FA2018-class 4,20,1905ACJCHE,,6.8,4,5.9,Passed,7.4
FA2018,FA2018-class 4,21,1905FBGCA,,1.2,0,1.1,Not Passed,2.6
FA2018,FA2018-class 4,22,1905ACJCDF,,7.3,5.8,6.7,Passed,7.4
FA2018,FA2018-class 4,23,1905FCAHD,,7.2,5,6.6,Passed,8
FA2018,FA2018-class 4,24,1905ACJGDA,,7.4,5,6.6,Passed,7.8
FA2018,FA2018-class 4,25,1905ACJDHC,,6.2,4.8,6.2,Passed,8.1
FA2018,FA2018-class 4,26,1905ACJBFE,,5.6,4,5,Passed,5.6
FA2018,FA2018-class 4,27,1905ACJDFC,,7.5,4.4,6.4,Passed,8.1
FA2018,FA2018-class 4,28,1905ACJGDF,,7.5,4.4,6.4,Passed,8
FA2018,FA2018-class 5,1,1905ACJEIE,,7.5,4,6.1,Passed,7.4
FA2018,FA2018-class 5,2,1905ACJFHB,,7.5,4.6,6.1,Passed,6.6
FA2018,FA2018-class 5,3,1905ACJCAC,,8,4.4,6.3,Passed,7.1
FA2018,FA2018-class 5,4,1905ACJFAD,,8.5,5.2,6.8,Passed,7.3
FA2018,FA2018-class 5,5,1905FCDDG,,9,4,6.2,Passed,6.3
FA2018,FA2018-class 5,6,1905FBHFB,,8,4.4,5.8,Passed,5.5
FA2018,FA2018-class 5,7,1905ACJEGG,,4.5,3.6,4.4,Not Passed,5.3
FA2018,FA2018-class 5,8,1905ACJGDJ,,8.3,4.2,6.4,Passed,7.4
FA2018,FA2018-class 5,9,1905ACJGEA,,8,4.6,6.2,Passed,6.6
FA2018,FA2018-class 5,10,1905ACJBJE,,8,4.6,6,Passed,6
FA2018,FA2018-class 5,11,1905ACJEDC,,7,3.8,5.7,Not Passed,6.9
FA2018,FA2018-class 5,12,1905ACJAJH,,8.5,4.8,6.5,Passed,6.9
FA2018,FA2018-class 5,13,1905FCEFA,,8.3,4,5.8,Passed,5.8
FA2018,FA2018-class 5,14,1905ACJDFI,,7,3.2,5.3,Not Passed,6.3
FA2018,FA2018-class 5,15,1905ACJEAJ,,8,4.6,6.2,Passed,6.6
FA2018,FA2018-class 5,16,1905ACJAJA,,9,6.8,7.9,Passed,8.3
FA2018,FA2018-class 5,17,1905ACJEJF,,9.3,7.2,8.3,Passed,8.9
FA2018,FA2018-class 5,18,1905ACJDEG,,7.5,5.4,6.6,Passed,7.4
FA2018,FA2018-class 5,19,1905ACJGGE,,8,4.8,6.1,Passed,6
FA2018,FA2018-class 5,20,1905ACJCAG,,8,5,6.6,Passed,7.3
FA2018,FA2018-class 5,21,1905ACJJHE,,7.5,5.8,6.8,Passed,7.4
FA2018,FA2018-class 5,22,1905ACJFGG,,8.8,7.2,8,Passed,8.1
FA2018,FA2018-class 5,23,1905ACJEJA,,8.5,6.8,7.6,Passed,7.6
FA2018,FA2018-class 5,24,1905ACJFID,,7.8,6.2,6.8,Passed,6.5
FA2018,FA2018-class 5,25,1905ACJCJA,,8.8,4.6,7,Passed,8.3
FA2018,FA2018-class 6,1,1905ACJJAA,,8,4,5.8,Passed,5.9
FA2018,FA2018-class 6,2,1905ACJGBG,,7.5,4.8,5.8,Passed,5.4
FA2018,FA2018-class 6,3,1905ACJAJF,,7.5,3.6,5,Not Passed,4.4
FA2018,FA2018-class 6,4,1905ACJAAA,,7.5,5.2,6.1,Passed,6
FA2018,FA2018-class 6,5,1905ACJEBH,,7,4.4,5.2,Passed,4.6
FA2018,FA2018-class 6,6,1905ACJAAJ,,7,4.2,5.4,Passed,5.4
FA2018,FA2018-class 6,7,1905ACJFCF,,7.5,5,6.2,Passed,6.4
FA2018,FA2018-class 6,8,1905ACJFCJ,,7.5,4.2,5.5,Passed,5.3
FA2018,FA2018-class 6,9,1905ACJFJC,,7.5,5.6,6,Passed,4.9
FA2018,FA2018-class 6,10,1905ACJBIH,,7,3.4,4.7,Not Passed,4
FA2018,FA2018-class 6,11,1905ACJBGF,,5.5,2.8,4.1,Not Passed,4.3
FA2018,FA2018-class 6,12,1905ACJDAA,,7,3,5,Not Passed,5.8
FA2018,FA2018-class 6,13,1905ACJDJF,,7,4.4,5.5,Passed,5.5
FA2018,FA2018-class 6,14,1905ACJEGI,,8,4,5.6,Passed,5.3
FA2018,FA2018-class 6,15,1905ACJEJB,,8,0,3.9,Not Passed,5
FA2018,FA2018-class 6,16,1905ACJEBG,,9,4,5.8,Passed,5
FA2018,FA2018-class 6,17,1905ACJBCA,,7,3.4,5.4,Not Passed,6.3
FA2018,FA2018-class 6,18,1905ACJBJB,,8.5,4.6,6.2,Passed,6.1
FA2018,FA2018-class 6,19,1905ACJEGJ,,0,0,0.7,Not Passed,2.4
FA2018,FA2018-class 6,20,1905FBDDJ,,0,0,0.4,Not Passed,1.3
FA2018,FA2018-class 6,21,1905ACJEEF,,7,4.2,5.5,Passed,5.6
FA2018,FA2018-class 6,22,1905FCCGF,,8,4,5.7,Passed,5.8
FA2018,FA2018-class 6,23,1905ACJJEE,,0,0,0,Not Passed,0
FA2018,FA2018-class 6,24,1905ACJCAF,,7.5,5.4,5.9,Passed,4.9
FA2018,FA2018-class 6,25,1905FCEEE,,0,0,0,Not Passed,0
FA2018,FA2018-class 6,26,1905ACJDHD,,8,4.2,5.3,Passed,4.1
FA2018,FA2018-class 7,1,1905ACJECI,,7.3,5.2,6.6,Passed,7.8
FA2018,FA2018-class 7,2,1905ACJAIH,,7.3,4.6,6.1,Passed,7
FA2018,FA2018-class 7,3,1905ACJAAG,,7.8,4.4,6.3,Passed,7.3
FA2018,FA2018-class 7,4,1905ACJFCA,,7.8,4.2,6.3,Passed,7.5
FA2018,FA2018-class 7,5,1905ACJDEE,,7.3,2.2,5.3,Not Passed,7.4
FA2018,FA2018-class 7,6,1905ACJEEG,,7.8,4.6,6.7,Passed,8.5
FA2018,FA2018-class 7,7,1905ACJECG,,7.8,4.2,6.3,Passed,7.5
FA2018,FA2018-class 7,8,1905ACJBJI,,7.8,5.6,6.5,Passed,6.5
FA2018,FA2018-class 7,9,1905ACJBAB,,7.5,3,5.7,Not Passed,7.5
FA2018,FA2018-class 7,10,1905ACJJEI,,8,4.8,6.8,Passed,8.1
FA2018,FA2018-class 7,11,1905ACJEDE,,8.3,4.2,6.6,Passed,8
FA2018,FA2018-class 7,12,1905ACJCBG,,7.5,4,6.1,Passed,7.6
FA2018,FA2018-class 7,13,1905ACJFAI,,7.5,4.2,6.1,Passed,7.3
FA2018,FA2018-class 7,14,1905ACJFGA,,7.5,0,3.8,Not Passed,5.3
FA2018,FA2018-class 7,15,1905FBFDI,,7.5,3.2,5.5,Not Passed,6.6
FA2018,FA2018-class 7,16,1905ACJAJE,,7.8,4,6.1,Passed,7.1
FA2018,FA2018-class 7,17,1905FBIFC,,8.5,4.6,6.5,Passed,7.1
FA2018,FA2018-class 7,18,1905ACJDHE,,7.5,5,6.7,Passed,8.3
FA2018,FA2018-class 7,19,1905ACJEJD,,7.8,4.2,6.5,Passed,8.1
FA2018,FA2018-class 7,20,1905ACJJDB,,7.5,2.8,5.5,Not Passed,7.1
FA2018,FA2018-class 7,21,1905ACJAEJ,,7.8,4,6,Passed,6.9
FA2018,FA2018-class 7,22,1905ACJDBF,,7.5,5.4,7,Passed,8.5
FA2018,FA2018-class 7,23,1905ACJBDE,,7.8,4.4,6.3,Passed,7.4
FA2018,FA2018-class 7,24,1905FBJCE,,7.3,4.4,6.1,Passed,7
FA2018,FA2018-class 7,25,1905ACJAHE,,7.3,5,6.3,Passed,7
FA2018,FA2018-class 7,26,1905ACJBAD,,7.8,4.8,6.5,Passed,7.5
FA2018,FA2018-class 7,27,1905ADJJJH,,7.5,5.2,6.4,Passed,6.9
FA2019,FA2019-class 1,1,1905ADJIAF,,7.8,6.6,7.1,Passed,7.2
FA2019,FA2019-class 1,2,1905ADJHCI,,8,6.4,7.1,Passed,7.1
FA2019,FA2019-class 1,3,1905FBIFJ,,8.5,6.2,7.3,Passed,7.4
FA2019,FA2019-class 1,4,1905ADJHGF,,8.3,6.4,7.2,Passed,7.2
FA2019,FA2019-class 1,5,1905ADJEHJ,,6.5,6,6.5,Passed,7.3
FA2019,FA2019-class 1,6,1905ADJCBA,,5,5,5.5,Passed,6.5
FA2019,FA2019-class 1,7,1905ADJHAG,,9.5,8,8.5,Passed,8.2
FA2019,FA2019-class 1,8,1905ADJFEB,,6,7,6.9,Passed,7.6
FA2019,FA2019-class 1,9,1905ADJGAJ,,6.5,7.4,6.8,Passed,6.2
FA2019,FA2019-class 1,10,1905ADJCDA,,7.3,6.8,7.2,Passed,7.6
FA2019,FA2019-class 1,11,1905ADAJEJ,,7,6.2,6.9,Passed,7.7
FA2019,FA2019-class 1,12,1905ADAJIC,,8.5,5.6,7,Passed,7.5
FA2019,FA2019-class 1,13,1905ACJBGD,,0,0,0,Not Passed,0
FA2019,FA2019-class 1,14,1905ADJHJH,,9.5,6.2,7.8,Passed,8.3
FA2019,FA2019-class 1,15,1905ADAJGF,,9,4,6.8,Passed,8.2
FA2019,FA2019-class 1,16,1905ADJHDC,,7.5,5.2,6.4,Passed,7
FA2019,FA2019-class 2,1,1905ACJAJI,,4.5,6.6,6.3,Passed,7.7
FA2019,FA2019-class 2,2,1905ADJHJB,,7.5,8.8,8.2,Passed,8.2
FA2019,FA2019-class 2,3,1905ADJADD,,0,0,0.7,Not Passed,2.3
FA2019,FA2019-class 2,4,1905ADJABE,,10,7,8,Passed,7.3
FA2019,FA2019-class 2,5,1905ADAJIA,,7,4.2,5.9,Passed,7
FA2019,FA2019-class 2,6,1905ADJHJE,,7.5,5.6,6.6,Passed,7
FA2019,FA2019-class 2,7,1905ADJHFJ,,7.3,5.6,6.9,Passed,8.3
FA2019,FA2019-class 2,8,1905FAFBJ,,0,0,0,Not Passed,0
FA2019,FA2019-class 2,9,1905ADJFBH,,8.5,5.6,6.9,Passed,6.9
FA2019,FA2019-class 2,10,1905ADJHJJ,,8.5,6.4,7.4,Passed,7.6
FA2019,FA2019-class 2,11,1905ADJFJF,,5,6.2,6.2,Passed,7.3
FA2019,FA2019-class 2,12,1905ADAJGC,,8,5.6,6.9,Passed,7.5
FA2019,FA2019-class 2,13,1905ADJGFC,,4.5,5.6,5.4,Passed,6
FA2019,FA2019-class 2,14,1905ADJDFD,,4,5,5.1,Passed,6.4
FA2019,FA2019-class 2,15,1905ADJEAG,,6.8,5,6.2,Passed,7.1
FA2019,FA2019-class 2,16,1905ADJAIC,,8,5.4,7,Passed,8
FA2019,FA2019-class 2,17,1905ACJCJF,,3.5,3.4,4.7,Not Passed,7.6
FA2019,FA2019-class 2,18,1905ADJFJH,,0,0,0,Not Passed,0
FA2019,FA2019-class 2,19,1905ADJFIF,,6,4.4,5.1,Passed,5
FA2019,FA2019-class 2,20,1905ADJDHG,,6.3,5.8,6.3,Passed,7.1
FA2019,FA2019-class 2,21,1905ADJIID,,6.3,7.8,6.8,Passed,6
FA2019,FA2019-class 2,22,1905FCBFE,,0,0,0,Not Passed,0
FA2019,FA2019-class 2,23,1905ADJIIE,,6,6,5.9,Passed,5.8
FA2019,FA2019-class 2,24,1905ADJEBG,,4,4.2,5.3,Passed,8
FA2019,FA2019-class 2,25,1905ADJIFC,,7,6.8,6.5,Passed,5.6
FA2019,FA2019-class 3,1,1905ADJDCD,,7,4,5.7,Passed,6.5
FA2019,FA2019-class 3,2,1905ADJDGA,,7.5,4.2,6.2,Passed,7.5
FA2019,FA2019-class 3,3,1905ADJFBE,,7.8,4.4,6.2,Passed,6.9
FA2019,FA2019-class 3,4,1905ADAJHJ,,10,8.8,8.8,Passed,7.5
FA2019,FA2019-class 3,5,1905ADAJBF,,9.3,6.8,7.9,Passed,7.8
FA2019,FA2019-class 3,6,1905ADJEEC,,6.3,4.4,5.6,Passed,6.6
FA2019,FA2019-class 3,7,1905ADAJIF,,7.5,5.6,6.6,Passed,6.9
FA2019,FA2019-class 3,8,1905ADAJFI,,7.8,5.6,6.7,Passed,7.1
FA2019,FA2019-class 3,9,1905ADJFFG,,8,4.8,6.4,Passed,6.8
FA2019,FA2019-class 3,10,1905ADJHIB,,8.8,5.4,6.6,Passed,6
FA2019,FA2019-class 3,11,1905ADJJED,,9,8,8.3,Passed,7.9
FA2019,FA2019-class 3,12,1905ADJHHH,,7.8,5.8,6.9,Passed,7.4
FA2019,FA2019-class 3,13,1905ADJHJA,,9,6.4,7.5,Passed,7.5
FA2019,FA2019-class 3,14,1905ADJHDJ,,8,5.2,6.6,Passed,6.9
FA2019,FA2019-class 3,15,1905ADJBJI,,9.8,6,7.6,Passed,7.6
FA2019,FA2019-class 3,16,1905ADJEFI,,8.3,5.4,6.6,Passed,6.4
FA2019,FA2019-class 3,17,1905ACJJEG,,8,5.4,6.9,Passed,7.8
FA2019,FA2019-class 3,18,1905ADJAEG,,7.8,4.8,6.2,Passed,6.6
FA2019,FA2019-class 3,19,1905ADJFHJ,,9.3,7.4,8,Passed,7.4
FA2019,FA2019-class 4,1,1905ADJFDE,,9.5,5.2,7.9,Passed,10
FA2019,FA2019-class 4,2,1905ADAAJE,,10,5.8,7.7,Passed,7.9
FA2019,FA2019-class 4,3,1905ADJCAA,,8,0,4,Not Passed,5.4
FA2019,FA2019-class 4,4,1905ADJFFE,,10,5.8,8.2,Passed,9.7
FA2019,FA2019-class 4,5,1905ADJCDF,,10,5.4,8.2,Passed,10
FA2019,FA2019-class 4,6,1905ADJFIB,,8.5,6.4,7.5,Passed,8
FA2019,FA2019-class 4,7,1905ADJBIF,,7,4,6.4,Passed,9
FA2019,FA2019-class 4,8,1905ADJFCH,,10,4.8,7.7,Passed,9.4
FA2019,FA2019-class 4,9,1905ADJCBJ,,8,5.8,7.2,Passed,8.4
FA2019,FA2019-class 4,10,1905ADJJII,,8,4.2,6.8,Passed,9.2
FA2019,FA2019-class 4,11,1905ADJFCJ,,10,6,8.3,Passed,9.6
FA2019,FA2019-class 4,12,1905ADJCJH,,6.5,4.6,6.1,Passed,7.6
FA2019,FA2019-class 4,13,1905ADJHHD,,10,4.2,7.1,Passed,8
FA2019,FA2019-class 4,14,1905ADJCAJ,,5.5,5.8,5.9,Passed,6.4
FA2019,FA2019-class 4,15,1905ADJDBE,,7,5.8,7.2,Passed,9.2
FA2019,FA2019-class 4,16,1905ADJBHG,,8.5,4.4,6.4,Passed,6.9
FA2019,FA2019-class 4,17,1905ADJHCC,,10,4.2,7.6,Passed,9.7
FA2019,FA2019-class 4,18,1905ADJHHJ,,9.5,4.2,7.3,Passed,9.1
FA2019,FA2019-class 4,19,1905ADJHEF,,7.5,6.4,7.8,Passed,9.8
FA2019,FA2019-class 4,20,1905ADJCJI,,8,5.4,7,Passed,8.1
FA2019,FA2019-class 4,21,1905ADJHID,,10,4,7.4,Passed,9.3
FA2019,FA2019-class 5,1,1905ADJGBJ,,10,4.6,7.4,Passed,8.5
FA2019,FA2019-class 5,2,1905ADJDIB,,2.5,7.4,6.2,Passed,8.4
FA2019,FA2019-class 5,3,1905ADAJBH,,10,7,8.5,Passed,8.9
FA2019,FA2019-class 5,4,1905ADJDIJ,,7.5,5.8,7.1,Passed,8.4
FA2019,FA2019-class 5,5,1905ADJFIA,,7.5,4.4,5.4,Passed,4.6
FA2019,FA2019-class 5,6,1905ADJAIE,,0,0,0,Not Passed,0
FA2019,FA2019-class 5,7,1905ADAJEF,,10,6.8,8.2,Passed,8.4
FA2019,FA2019-class 5,8,1905ADJDAB,,7.5,6.8,7.2,Passed,7.5
FA2019,FA2019-class 5,9,1905ADJEAB,,6,7,7,Passed,7.9
FA2019,FA2019-class 5,10,1905ADJEDE,,10,7.4,8.2,Passed,7.4
FA2019,FA2019-class 5,11,1905ADJJBI,,8.5,5.6,7.4,Passed,8.6
FA2019,FA2019-class 5,12,1905ADJHGA,,10,7,8.4,Passed,8.8
FA2019,FA2019-class 5,13,1905ADJGBI,,7.5,6.4,7.4,Passed,8.6
FA2019,FA2019-class 5,14,1905ADJDGC,,10,5,7.5,Passed,8.4
FA2019,FA2019-class 5,15,1905ADAJGG,,8.5,5.4,7.1,Passed,8
FA2019,FA2019-class 5,16,1905ADJEHI,,7.5,4,6.1,Passed,7.6
FA2019,FA2019-class 5,17,1905ADJHFE,,7.5,4.2,6.4,Passed,8.3
FA2019,FA2019-class 5,18,1905ADAJFD,,7.5,6.8,7.2,Passed,7.3
FA2019,FA2019-class 5,19,1905ADJCBC,,10,6.8,8.4,Passed,8.8
FA2019,FA2019-class 5,20,1905ADJDFE,,10,7,8.4,Passed,8.6
FA2019,FA2019-class 5,21,1905ADJIIB,,6,7.2,7.2,Passed,8.5
FA2019,FA2019-class 6,1,1905ADJGIG,,8.8,4.4,7.4,Passed,10
FA2019,FA2019-class 6,2,1905ADJGAH,,7,4.6,6.1,Passed,7.3
FA2019,FA2019-class 6,3,1905ADJHGJ,,6.4,6.6,7.4,Passed,9.6
FA2019,FA2019-class 6,4,1905ADJBIC,,7,6.2,7.2,Passed,8.8
FA2019,FA2019-class 6,5,1905ADJEFA,,6.3,5.2,6.3,Passed,7.7
FA2019,FA2019-class 6,6,1905ADJBBH,,7,4.4,6.4,Passed,8.5
FA2019,FA2019-class 6,7,1905ADJEIG,,7,4.2,6.2,Passed,8
FA2019,FA2019-class 6,8,1905ADJEGE,,7,4,6.3,Passed,8.8
FA2019,FA2019-class 6,9,1905ADJFJB,,7.5,5.4,7.3,Passed,9.6
FA2019,FA2019-class 6,10,1905ADJGEJ,,6.3,6.4,7.2,Passed,9.1
FA2019,FA2019-class 6,11,1905ADJGJG,,7,4.8,6.5,Passed,8.4
FA2019,FA2019-class 6,12,1905ADJGCC,,4.8,4,5.5,Passed,8.3
FA2019,FA2019-class 6,13,1905ADJGFI,,6.3,5.6,6.7,Passed,8.4
FA2019,FA2019-class 6,14,1905ADJGHD,,10,5.4,8.2,Passed,10
FA2019,FA2019-class 6,15,1905ADJGCF,,7.3,4,6.6,Passed,9.5
FA2019,FA2019-class 6,16,1905ADJIEI,,7.3,5.6,7.4,Passed,9.9
FA2019,FA2019-class 6,17,1905ADJFIE,,3.5,4,5.4,Passed,9.3
FA2019,FA2019-class 6,18,1905ADJGFE,,3,5,5.6,Passed,9.1
FA2019,FA2019-class 6,19,1905ADJBCH,,6.3,4.4,6.5,Passed,9.5
FA2019,FA2019-class 6,20,1905ADJBJH,,6,4.4,6.3,Passed,9
FA2019,FA2019-class 7,1,1905ADJGEC,,8.5,7.2,7.7,Passed,7.6
FA2019,FA2019-class 7,2,1905ADJAJF,,7.8,4.8,6.4,Passed,7
FA2019,FA2019-class 7,3,1905ADAAAH,,8.8,5.4,7.1,Passed,7.8
FA2019,FA2019-class 7,4,1905ADJIGE,,0,0,0,Not Passed,0
FA2019,FA2019-class 7,5,1905ADJBDF,,0,0,1.8,Not Passed,5.9
FA2019,FA2019-class 7,6,1905ADJCGF,,9,6,7.4,Passed,7.5
FA2019,FA2019-class 7,7,1905ADJIHJ,,9.5,8.2,8.4,Passed,7.6
FA2019,FA2019-class 7,8,1905ADJGEG,,5,5.8,5.5,Passed,5.6
FA2019,FA2019-class 7,9,1905ADJDBB,,8.3,5.4,6.8,Passed,7.3
FA2019,FA2019-class 7,10,1905ADJIGG,,8.3,7.8,8.1,Passed,8.3
FA2019,FA2019-class 7,11,1905ADJJAC,,7.8,6.4,7.3,Passed,8
FA2019,FA2019-class 7,12,1905ADJAGI,,7.8,5.2,6.7,Passed,7.5
FA2019,FA2019-class 7,13,1905ADJJFG,,6.8,5,6.3,Passed,7.5
FA2019,FA2019-class 7,14,1905ADJABC,,7.5,4.6,6,Passed,6.5
FA2019,FA2019-class 7,15,1905ADJCJD,,7.5,5.6,7,Passed,8.4
FA2019,FA2019-class 7,16,1905ADJBBG,,6.8,6.2,6.8,Passed,7.5
FA2019,FA2019-class 7,17,1905ADAJDD,,6.8,8.2,7.5,Passed,7.4
FA2019,FA2019-class 7,18,1905ADJHFG,,9,6.4,7.7,Passed,8.1
FA2019,FA2019-class 7,19,1905ADJAFG,,7.8,5.2,6.8,Passed,8
FA2019,FA2019-class 7,20,1905ADJIEA,,8,5.2,7.1,Passed,8.6
FA2019,FA2019-class 7,21,1905ADJHBH,,6.5,5.8,6.5,Passed,7.5
FA2019,FA2019-class 7,22,1905ADJDID,,8,5.2,6.6,Passed,7.1
FA2019,FA2019-class 7,23,1905ADJJEJ,,7.5,5.8,6.9,Passed,7.6
FA2019,FA2019-class 7,24,1905ADJDBJ,,7.8,6.8,7.1,Passed,6.8
FA2019,FA2019-class 7,25,1905ADJEAE,,7.5,4.2,5.9,Passed,6.5
FA2019,FA2019-class 8,1,1905ADJFCE,,5,6,5.6,Passed,5.6
FA2019,FA2019-class 8,2,1905ADJHBD,,8.5,6.2,7,Passed,6.6
FA2019,FA2019-class 8,3,1905ADJEJF,,6.5,5.2,5.4,Passed,4.6
FA2019,FA2019-class 8,4,1905ADJIII,,6,4,5.2,Passed,6
FA2019,FA2019-class 8,5,1905ADJFEE,,8,8.4,7.7,Passed,6.5
FA2019,FA2019-class 8,6,1905ADJHJI,,9.5,8.6,8.7,Passed,7.9
FA2019,FA2019-class 8,7,1905ADAJEA,,5,4.6,4.7,Not Passed,4.5
FA2019,FA2019-class 8,8,1905ADJHIC,,8.5,6.4,6.8,Passed,5.5
FA2019,FA2019-class 8,9,1905ADJCFJ,,6,6.4,6,Passed,5.3
FA2019,FA2019-class 8,10,1905ADJAGB,,7,4.4,5.4,Passed,5.1
FA2019,FA2019-class 8,11,1905ADJAFD,,8,5.4,6.5,Passed,6.5
FA2019,FA2019-class 8,12,1905ADJDEH,,8,4.8,5.7,Passed,4.5
FA2019,FA2019-class 8,13,1905ADAADC,,7,7.6,6.8,Passed,5.6
FA2019,FA2019-class 8,14,1905ADJEEH,,2.5,5.8,4.5,Not Passed,4.8
FA2019,FA2019-class 8,15,1905ADJFDH,,2.5,4.4,3.9,Not Passed,4.6
FA2019,FA2019-class 8,16,1905ADJFIJ,,7.5,6.2,6.2,Passed,4.8
FA2019,FA2019-class 8,17,1905ADJFCA,,6,5.4,5.6,Passed,5.3
FA2019,FA2019-class 8,18,1905ADJBHC,,6.5,4.4,5.1,Passed,4.5
FA2019,FA2019-class 8,19,1905ADJCHE,,2.5,0,2.2,Not Passed,4.9
FA2019,FA2019-class 8,20,1905ADAJIH,,6,7.4,6.7,Passed,6.4
FA2019,FA2019-class 8,21,1905ADJIDC,,2.5,0,1.9,Not Passed,3.9
FA2019,FA2019-class 8,22,1905ADJCDI,,5,0,2.3,Not Passed,2.8
FA2019,FA2019-class 8,23,1905ADAAJJ,,6,3.4,4.2,Not Passed,3.5
FA2019,FA2019-class 8,24,1905ADAABA,,6.5,6.4,6.3,Passed,6
FA2019,FA2019-class 9,1,1905ADJCCE,,3,5.2,5.2,Passed,7.3
FA2019,FA2019-class 9,2,1905ADJCCC,,6,4,5.7,Passed,7.5
FA2019,FA2019-class 9,3,1905ADJADB,,2.5,5.4,5.1,Passed,7.4
FA2019,FA2019-class 9,4,1905ADJIBA,,3,0,3.2,Not Passed,7.5
FA2019,FA2019-class 9,5,1905ADJGJJ,,0,0,0.6,Not Passed,1.9
FA2019,FA2019-class 9,6,1905ADJIDH,,5,5.4,6,Passed,7.9
FA2019,FA2019-class 9,7,1905ADJHJF,,7,5.2,6.8,Passed,8.7
FA2019,FA2019-class 9,8,1905ADAABC,,1,0,2.6,Not Passed,7.6
FA2019,FA2019-class 9,9,1905ADJBHJ,,2.5,4.8,5.1,Passed,8
FA2019,FA2019-class 9,10,1905ADJBIH,,3.5,5,5.1,Passed,6.9
FA2019,FA2019-class 9,11,1905FCCID,,3,6,5.7,Passed,7.9
FA2019,FA2019-class 9,12,1905ADJBHA,,5,5.6,6,Passed,7.4
FA2019,FA2019-class 9,13,1905ADAJJE,,3,0,2.9,Not Passed,6.5
FA2019,FA2019-class 9,14,1905ADJFGA,,7,6.2,6.7,Passed,7.2
FA2019,FA2019-class 9,15,1905ADJEDJ,,9.5,6.6,7.7,Passed,7.3
FA2019,FA2019-class 9,16,1905ADJBAD,,3.5,7.8,6.9,Passed,9.2
FA2019,FA2019-class 9,17,1905ADAAEF,,7.5,7.4,7.6,Passed,7.8
FA2019,FA2019-class 9,18,1905ADJIJH,,3,0,2.9,Not Passed,6.8
FA2019,FA2019-class 9,19,1905ADJEFF,,0,0,1.3,Not Passed,4.4
FA2019,FA2019-class 9,20,1905ADAACC,,8.5,9,9,Passed,9.4
FA2019,FA2019-class 9,21,1905ADJHDI,,3,4.8,5,Passed,7.1
FA2019,FA2019-class 9,22,1905ADJHGB,,3,7,6.3,Passed,8.8
FA2019,FA2019-class 9,23,1905ADJIEE,,3,5,5.1,Passed,7.3
FA2019,FA2019-class 9,24,1905ADJIGB,,3,6,5.5,Passed,7.3
FA2019,FA2019-class 9,25,1905FCEJI,,9,5.2,6.1,Passed,4.3
FA2019,FA2019-class 9,26,1905ADJEGF,,2,7.4,6.1,Passed,8.3
FA2019,FA2019-class 9,27,1905ADJEFB,,3,6.2,5.4,Passed,6.8
FA2019,FA2019-class 9,28,1905ADAABD,,10,6,8.1,Passed,9.1
FA2019,FA2019-class 10,1,1905ADAJCJ,,3,7,6.4,Passed,9.1
FA2019,FA2019-class 10,2,1905ADJAHJ,,0.5,7.4,5.3,Passed,7.3
FA2019,FA2019-class 10,3,1905ADJIAE,,4.5,4.4,5.3,Passed,7.3
FA2019,FA2019-class 10,4,1905ADAJDB,,1,3.2,4.4,Not Passed,9.3
FA2019,FA2019-class 10,5,1905ADJCHC,,1,6.8,5.6,Passed,8.6
FA2019,FA2019-class 10,6,1905ADJFHC,,0,0,0,Not Passed,0
FA2019,FA2019-class 10,7,1905ADJJEI,,2,5.2,5.1,Passed,8
FA2019,FA2019-class 10,8,1905ADJAHC,,2,5.2,5.4,Passed,9
FA2019,FA2019-class 10,9,1905ADJDHC,,2,0,2.2,Not Passed,5.2
FA2019,FA2019-class 10,10,1905ADAJCA,,4.5,6.4,6.6,Passed,8.9
FA2019,FA2019-class 10,11,1905ADJADC,,10,7.6,8.4,Passed,7.9
FA2019,FA2019-class 10,12,1905ADJHEB,,3.5,6.4,6,Passed,8.1
FA2019,FA2019-class 10,13,1905ADJEAA,,2,4.6,4.8,Not Passed,8
FA2019,FA2019-class 10,14,1905ADJHJG,,1.5,0,2.8,Not Passed,7.8
FA2019,FA2019-class 10,15,1905ADJCFI,,4.5,6,6.3,Passed,8.5
FA2019,FA2019-class 10,16,1905ADJBGI,,2,5.6,5.2,Passed,7.8
FA2019,FA2019-class 10,17,1905ADJIJJ,,0,0,2.3,Not Passed,7.5
FA2019,FA2019-class 10,18,1905ADJDDA,,6.5,0,4.2,Not Passed,7.6
FA2019,FA2019-class 10,19,1905ADJHEI,,2,6.4,5.2,Passed,6.7
FA2019,FA2019-class 10,20,1905ADJBEG,,0.5,3,3.5,Not Passed,7
FA2019,FA2019-class 10,21,1905ADJIJB,,8.5,6.2,7.8,Passed,9.2
FA2019,FA2019-class 10,22,1905ADAJEG,,4.5,4.8,5.7,Passed,8.1
FA2019,FA2019-class 11,1,1905ADJCCI,,6.5,4.4,5.4,Passed,5.5
FA2019,FA2019-class 11,2,1905ADJCBF,,7,5.8,7,Passed,8.5
FA2019,FA2019-class 11,3,1905ADJJHI,,9.3,5.6,7.3,Passed,7.6
FA2019,FA2019-class 11,4,1905ADJADA,,6,5.8,6.2,Passed,7
FA2019,FA2019-class 11,5,1905ADJCIA,,5,4.2,4.9,Not Passed,5.8
FA2019,FA2019-class 11,6,1905ADJCEC,,6.3,7.2,6.9,Passed,7
FA2019,FA2019-class 11,7,1905ADJDDF,,8.5,7.4,7.3,Passed,6
FA2019,FA2019-class 11,8,1905ADJFEG,,7.5,6,6.6,Passed,6.4
FA2019,FA2019-class 11,9,1905ADJAFE,,8,6.8,7.2,Passed,7
FA2019,FA2019-class 11,10,1905ADJEDF,,8.5,6.8,7.6,Passed,7.8
FA2019,FA2019-class 11,11,1905ADJJIC,,6,5.2,6,Passed,7.1
FA2019,FA2019-class 11,12,1905ADJFBG,,6.5,5.2,6.1,Passed,6.8
FA2019,FA2019-class 11,13,1905ADJDHF,,7.3,5.2,6.3,Passed,6.6
FA2019,FA2019-class 11,14,1905ADJDAC,,0,0,0,Not Passed,0
FA2019,FA2019-class 11,15,1905ADJDDD,,8.3,4.4,5.9,Passed,5.6
FA2019,FA2019-class 11,16,1905ADJJFF,,8.5,5.4,7,Passed,7.5
FA2019,FA2019-class 11,17,1905ADJDCH,,7.5,5,6.1,Passed,6.3
FA2019,FA2019-class 12,1,1905ADJBFJ,,10,6.7,8.6,Passed,9.9
FA2019,FA2019-class 12,2,1905ADAJIG,,7.8,4.8,6.5,Passed,7.6
FA2019,FA2019-class 12,3,1905ADAAID,,8,4.8,6.8,Passed,8.1
FA2019,FA2019-class 12,4,1905ADJJGG,,7.5,3.8,5.7,Not Passed,6.4
FA2019,FA2019-class 12,5,1905ADAJGJ,,8,5.6,6.8,Passed,7.1
FA2019,FA2019-class 12,6,1905ADJEDD,,8,2.4,5.6,Not Passed,7.6
FA2019,FA2019-class 12,7,1905ADJGHG,,9,4.6,7.1,Passed,8.5
FA2019,FA2019-class 12,8,1905ADJEJJ,,9,6,7.2,Passed,7
FA2019,FA2019-class 12,9,1905ADAAAJ,,7.5,4,5.9,Passed,6.9
FA2019,FA2019-class 12,10,1905ADJCDJ,,9.3,4.4,6.6,Passed,6.8
FA2019,FA2019-class 12,11,1905ACJEIA,,9,2.8,6.1,Not Passed,7.8
FA2019,FA2019-class 12,12,1905ADAAJH,,7.8,4,6.4,Passed,8.3
FA2019,FA2019-class 12,13,1905ADJGHF,,10,4,7.3,Passed,9
FA2019,FA2019-class 12,14,1905ADJAAB,,10,6.3,8.2,Passed,8.9
FA2019,FA2019-class 12,15,1905ADAJID,,8.3,4.6,6.2,Passed,6.4
FA2019,FA2019-class 12,16,1905ADAJIB,,7.8,4.8,6.1,Passed,6.3
FA2019,FA2019-class 12,17,1905ADJAHE,,9.5,6.9,7.8,Passed,7.3
FA2019,FA2019-class 12,18,1905ADJFCG,,10,5.6,7.2,Passed,6.4
FA2019,FA2019-class 12,19,1905ADAADE,,8.3,5.2,7,Passed,8
FA2019,FA2019-class 12,20,1905ADJAEE,,7.8,4.4,5.9,Passed,6.1
FA2019,FA2019-class 12,21,1905ADJAII,,9.5,6.3,8,Passed,8.8
FA2019,FA2019-class 12,22,1905ADAJBB,,7.8,2.6,5.7,Not Passed,7.6
FA2019,FA2019-class 12,23,1905ADJDAH,,8,4.6,6.2,Passed,6.6
FA2019,FA2019-class 12,24,1905ADJIFE,,8,4.4,6.3,Passed,7.1
FA2019,FA2019-class 12,25,1905ADJAFI,,7.8,4.6,6.1,Passed,6.4
FA2019,FA2019-class 12,26,1905ADJACI,,8,5.6,6.6,Passed,6.5
FA2019,FA2019-class 12,27,1905ADJGGH,,8,3.6,6.2,Not Passed,7.8
FA2019,FA2019-class 12,28,1905ADJGGI,,10,8.1,8.7,Passed,8.1
FA2019,FA2019-class 12,29,1905ADJJDF,,8,5,6.6,Passed,7.3
FA2019,FA2019-class 12,30,1905ADAJAJ,,0,0,0,Not Passed,0
FA2019,FA2019-class 13,1,1905ADAJHD,,8,2.4,5.5,Not Passed,7.3
FA2019,FA2019-class 13,2,1905ADJDJG,,9,5.6,7.2,Passed,7.4
FA2019,FA2019-class 13,3,1905ADJHIG,,5,6.3,6.1,Passed,7
FA2019,FA2019-class 13,4,1905ADJAIG,,9,7.5,8,Passed,7.8
FA2019,FA2019-class 13,5,1905ADAADD,,0,0,0,Not Passed,0
FA2019,FA2019-class 13,6,1905ADJHII,,10,6.3,7.7,Passed,7.4
FA2019,FA2019-class 13,7,1905ADJJDJ,,10,4.8,7.2,Passed,7.5
FA2019,FA2019-class 13,8,1905ADJGII,,9,4.4,6.6,Passed,7.3
FA2019,FA2019-class 13,9,1905ADJAHD,,5,7.1,6.5,Passed,7.3
FA2019,FA2019-class 13,10,1905ADJCGE,,10,5,7.3,Passed,7.8
FA2019,FA2019-class 13,11,1905ADJDCC,,10,8.8,8.8,Passed,7.5
FA2019,FA2019-class 13,12,1905ADJBHB,,10,6.3,7.9,Passed,7.9
FA2019,FA2019-class 13,13,1905ADJFED,,10,4.6,7.1,Passed,7.5
FA2019,FA2019-class 13,14,1905ADJJFC,,10,8.1,8.6,Passed,7.8
FA2019,FA2019-class 13,15,1905ADJDEF,,10,7.1,8.1,Passed,7.5
FA2019,FA2019-class 13,16,1905ADJHAD,,10,5.2,7.3,Passed,7.3
FA2019,FA2019-class 13,17,1905ADJJCA,,0,0,0,Not Passed,0
FA2019,FA2019-class 13,18,1905ADJIEF,,0,0,0,Not Passed,0
FA2019,FA2019-class 13,19,1905ADAAJB,,10,6.5,7.9,Passed,7.5
FA2019,FA2019-class 13,20,1905ADAAAD,,5,4.6,5.5,Passed,7.1
FA2019,FA2019-class 13,21,1905ADJDHA,,10,7.9,8.5,Passed,7.8
FA2019,FA2019-class 13,22,1905ADJDCI,,10,7.1,8.1,Passed,7.5
FA2019,FA2019-class 13,23,1905ADJFEH,,0,0,0,Not Passed,0
FA2019,FA2019-class 13,24,1905ADJBEH,,10,7.3,8.3,Passed,7.9
FA2019,FA2019-class 13,25,1905ADJFII,,6.5,3,5.3,Not Passed,7.3
FA2019,FA2019-class 13,26,1905ADJCGI,,10,5,7.3,Passed,7.5
FA2019,FA2019-class 13,27,1905ADAAAI,,9,5,6.8,Passed,7.1
FA2019,FA2019-class 13,28,1905ADJBEI,,5,5,5.4,Passed,6.4
FA2019,FA2019-class 13,29,1905ADJAJE,,0,0,0,Not Passed,0
FA2019,FA2019-class 14,1,1905ADJJGH,,8,4.8,6.3,Passed,6.5
FA2019,FA2019-class 14,2,1905ADJFFD,,8,3.6,5.7,Not Passed,6.3
FA2019,FA2019-class 14,3,1905ADJIIC,,8,8.1,7.9,Passed,7.4
FA2019,FA2019-class 14,4,1905ADAJAE,,7.5,4.8,6.3,Passed,7.3
FA2019,FA2019-class 14,5,1905ADJDBA,,7.5,5,5.9,Passed,5.6
FA2019,FA2019-class 14,6,1905ADJIGA,,9,5.4,7,Passed,7.1
FA2019,FA2019-class 14,7,1905ADJDJA,,8,3.4,5.6,Not Passed,6.1
FA2019,FA2019-class 14,8,1905ADJCGJ,,7.5,4.6,6.1,Passed,6.6
FA2019,FA2019-class 14,9,1905ACJGBI,,6.5,2.8,4.8,Not Passed,5.9
FA2019,FA2019-class 14,10,1905ACJGEI,,8,4,6.1,Passed,7.1
FA2019,FA2019-class 14,11,1905ADJJHE,,9,3.8,5.9,Not Passed,5.8
FA2019,FA2019-class 14,12,1905ADJAAH,,7,2.2,4.6,Not Passed,5.3
FA2019,FA2019-class 14,13,1905ADJAJG,,8.5,5,6.5,Passed,6.6
FA2019,FA2019-class 14,14,1905ADAACG,,0,0,0,Not Passed,0
FA2019,FA2019-class 14,15,1905ADJGJI,,0,0,1,Not Passed,3.3
FA2019,FA2019-class 14,16,1905ADAABJ,,9,5.2,7,Passed,7.5
FA2019,FA2019-class 14,17,1905ADJCFC,,9,4.6,6.6,Passed,7
FA2019,FA2019-class 14,18,1905ADJJFJ,,9,6.3,6.9,Passed,5.5
FA2019,FA2019-class 14,19,1905ADJHCD,,9,4.4,6.4,Passed,6.6
FA2019,FA2019-class 14,20,1905ADJHEC,,0,0,0,Not Passed,0
FA2019,FA2019-class 14,21,1905ACJGGA,,0,0,1,Not Passed,3.4
FA2019,FA2019-class 14,22,1905ADJJBE,,7,5.2,6.2,Passed,6.6
FA2019,FA2019-class 14,23,1905ADJHHE,,9,5.2,7.1,Passed,7.6
FA2019,FA2019-class 14,24,1905ADJEGC,,8,2.2,5.3,Not Passed,6.9
FA2019,FA2019-class 14,25,1905ADJDHJ,,8.5,3.6,5.4,Not Passed,4.8
FA2019,FA2019-class 14,26,1905ADJCIG,,8,3,5.4,Not Passed,6.1
FA2019,FA2019-class 14,27,1905ADJCCD,,8,2.2,5,Not Passed,5.8
FA2019,FA2019-class 14,28,1905ADJFBF,,7.5,2.6,5.2,Not Passed,6.3
FA2019,FA2019-class 14,29,1905ADJFCF,,9,3.4,6,Not Passed,6.5
FA2019,FA2019-class 14,30,1905ADAABE,,9,7.9,8.4,Passed,8.5
FA2019,FA2019-class 15,1,1905ADJBAE,,8,5.4,6.4,Passed,6.1
FA2019,FA2019-class 15,2,1905ADJDIH,,8,6,6.9,Passed,7.1
FA2019,FA2019-class 15,3,1905ADJAAC,,7.5,3.4,5.6,Not Passed,6.6
FA2019,FA2019-class 15,4,1905ADJEBC,,7.5,4,5.7,Passed,6.3
FA2019,FA2019-class 15,5,1905ADJIDE,,5,3.4,4.2,Not Passed,4.5
FA2019,FA2019-class 15,6,1905ADJJBA,,6,5,5.8,Passed,6.8
FA2019,FA2019-class 15,7,1905ADAJBE,,9,7.9,7.9,Passed,6.8
FA2019,FA2019-class 15,8,1905ADAACF,,0,0,0,Not Passed,0
FA2019,FA2019-class 15,9,1905ADJEIB,,7.5,4.8,5.6,Passed,4.8
FA2019,FA2019-class 15,10,1905ADJIDF,,9,7.3,7.7,Passed,7
FA2019,FA2019-class 15,11,1905ADJBEC,,9,4.8,6.6,Passed,6.5
FA2019,FA2019-class 15,12,1905ADJDFH,,7,5.2,6.1,Passed,6.4
FA2019,FA2019-class 15,13,1905ADJCHF,,9,0,4.7,Not Passed,6.8
FA2019,FA2019-class 15,14,1905ADJCJJ,,8,4.4,6.3,Passed,7
FA2019,FA2019-class 15,15,1905ADJFDJ,,8,5.6,6.6,Passed,6.6
FA2019,FA2019-class 15,16,1905ADJCIJ,,8,3.8,6,Not Passed,6.9
FA2019,FA2019-class 15,17,1905ADJECA,,7.5,3.2,4.9,Not Passed,4.5
FA2019,FA2019-class 15,18,1905ADJCCG,,9,4.8,6.5,Passed,6.4
FA2019,FA2019-class 15,19,1905ADJCCA,,9,4.6,6.5,Passed,6.5
FA2019,FA2019-class 15,20,1905ADJFJE,,6.5,2.8,4.7,Not Passed,5.4
FA2019,FA2019-class 15,21,1905ADJGJF,,7.5,5.4,6.4,Passed,6.6
FA2019,FA2019-class 15,22,1905ADJADH,,8,1.8,5.4,Not Passed,7.5
FA2019,FA2019-class 15,23,1905ADJDED,,8,4.4,5.9,Passed,5.9
FA2019,FA2019-class 15,24,1905ADJAIH,,7,5.8,6.4,Passed,6.5
FA2019,FA2019-class 15,25,1905ADJJEA,,7,4,5.4,Passed,5.6
FA2019,FA2019-class 15,26,1905ADJABG,,9,3,6.1,Not Passed,7.4
FA2019,FA2019-class 15,27,1905ADAAHB,,9,5.4,7,Passed,7.3
FA2019,FA2019-class 15,28,1905ADJBDJ,,8,4.2,6.1,Passed,6.6
FA2019,FA2019-class 16,1,1905ADJJHF,,9,5.8,7.3,Passed,7.8
FA2019,FA2019-class 16,2,1905ADJJCC,,8.8,5.4,7.3,Passed,8.5
FA2019,FA2019-class 16,3,1905ADJEHH,,10,4.6,7.3,Passed,8.1
FA2019,FA2019-class 16,4,1905ADJBFC,,8.5,4.4,6.5,Passed,7.4
FA2019,FA2019-class 16,5,1905ADAAJD,,8,5,6.4,Passed,6.5
FA2019,FA2019-class 16,6,1905ADJGIA,,7,5.4,6.4,Passed,7.1
FA2019,FA2019-class 16,7,1905ADJBJE,,8,6.7,7.6,Passed,8.3
FA2019,FA2019-class 16,8,1905ADJCHA,,9,4.6,6.7,Passed,7.3
FA2019,FA2019-class 16,9,1905ADJBJD,,8,3.8,6,Not Passed,7
FA2019,FA2019-class 16,10,1905ADJDHB,,9,6,7.2,Passed,7.1
FA2019,FA2019-class 16,11,1905ADJEBI,,7,4.4,6,Passed,7
FA2019,FA2019-class 16,12,1905ADJGEF,,7,1.8,4.5,Not Passed,5.5
FA2019,FA2019-class 16,13,1905ADAJGB,,10,5.8,7.7,Passed,7.9
FA2019,FA2019-class 16,14,1905ADAJCC,,10,6.5,7.7,Passed,7.1
FA2019,FA2019-class 16,15,1905ADJECH,,8,5.4,6.9,Passed,7.9
FA2019,FA2019-class 16,16,1905ADJBFF,,8.3,4.8,6.3,Passed,6.5
FA2019,FA2019-class 16,17,1905ADJJHG,,8,8.3,8.5,Passed,9.1
FA2019,FA2019-class 16,18,1905ADJEFD,,9,2.6,5.6,Not Passed,6.1
FA2019,FA2019-class 16,19,1905ADJBAI,,9.5,6,7.8,Passed,8.4
FA2019,FA2019-class 16,20,1905ADJIJC,,7,4,5.9,Passed,7.4
FA2019,FA2019-class 16,21,1905ADAJII,,10,7.5,8.7,Passed,9.1
FA2019,FA2019-class 17,1,1905ADJIHB,,7.5,4.4,6.1,Passed,7.1
FA2019,FA2019-class 17,2,1905ADJEDB,,9,4.2,6.1,Passed,5.6
FA2019,FA2019-class 17,3,1905ADJBJG,,9,4.6,6.5,Passed,6.4
FA2019,FA2019-class 17,4,1905ADJIBJ,,9,6.5,7.7,Passed,8.1
FA2019,FA2019-class 17,5,1905ADAABI,,7.5,5.6,6.5,Passed,6.8
FA2019,FA2019-class 17,6,1905ADJBHE,,9,4.2,6.1,Passed,5.8
FA2019,FA2019-class 17,7,1905ADJIEJ,,8,5.4,6.8,Passed,7.5
FA2019,FA2019-class 17,8,1905ADJGCE,,7,4,5.2,Passed,5
FA2019,FA2019-class 17,9,1905ADAAEH,,7,3.4,5.2,Not Passed,5.8
FA2019,FA2019-class 17,10,1905ADJDHE,,6,0,3.3,Not Passed,5
FA2019,FA2019-class 17,11,1905ADJIGJ,,9,8.1,8.4,Passed,8.1
FA2019,FA2019-class 17,12,1905ADJHAA,,9,7.3,8,Passed,8
FA2019,FA2019-class 17,13,1905ADJDAG,,7.5,4,6,Passed,7
FA2019,FA2019-class 17,14,1905ADJDDI,,7.5,5.4,6.3,Passed,6.4
FA2019,FA2019-class 17,15,1905ADJJEB,,9,4.8,6.8,Passed,7.3
FA2019,FA2019-class 17,16,1905ADJBGF,,8.5,5.4,7,Passed,7.5
FA2019,FA2019-class 17,17,1905ADJCGA,,7.5,5.6,6.5,Passed,6.8
FA2019,FA2019-class 17,18,1905ADJAAF,,9,4.6,6.9,Passed,7.8
FA2019,FA2019-class 17,19,1905ADJJDD,,8,2.6,5.3,Not Passed,6.1
FA2019,FA2019-class 17,20,1905ADJJGI,,8,6.3,7,Passed,7
FA2019,FA2019-class 17,21,1905ADJIHA,,7,5.4,6,Passed,5.9
FA2019,FA2019-class 17,22,1905ADJJCG,,8,6.3,7.4,Passed,8.4
FA2019,FA2019-class 17,23,1905ADJIHD,,8,7.1,7.1,Passed,6.1
FA2019,FA2019-class 17,24,1905ADJDIC,,0,0,0,Not Passed,0
FA2019,FA2019-class 18,1,1905ADJHIJ,,8.5,5.2,6.6,Passed,6.6
FA2019,FA2019-class 18,2,1905ADJGAI,,7.5,3.6,5.9,Not Passed,7.4
FA2019,FA2019-class 18,3,1905ADJBFD,,8.8,4.8,6.4,Passed,6.3
FA2019,FA2019-class 18,4,1905ADAAGG,,7,3,5.6,Not Passed,7.6
FA2019,FA2019-class 18,5,1905ADJFBB,,10,7.7,8.5,Passed,8
FA2019,FA2019-class 18,6,1905ADJEJA,,9.5,6.5,7.9,Passed,8.3
FA2019,FA2019-class 18,7,1905ADJFDA,,8,4.2,6.1,Passed,6.8
FA2019,FA2019-class 18,8,1905ADJFIC,,9,6.5,7.9,Passed,8.8
FA2019,FA2019-class 18,9,1905ADJHJD,,8.5,4.8,6.8,Passed,7.9
FA2019,FA2019-class 18,10,1905ADAJDE,,8.8,5.4,7.3,Passed,8.5
FA2019,FA2019-class 18,11,1905ADJJEE,,9.5,5.8,7.5,Passed,7.8
FA2019,FA2019-class 18,12,1905ADJGIH,,10,6.5,8.3,Passed,9.1
FA2019,FA2019-class 18,13,1905ADJBGB,,0,0,0.5,Not Passed,1.8
FA2019,FA2019-class 18,14,1905ADJCAB,,8.5,5.6,6.7,Passed,6.5
FA2019,FA2019-class 18,15,1905ADJDEI,,7,4.4,6,Passed,7
FA2019,FA2019-class 18,16,1905ADJCJC,,9.8,6.5,7.9,Passed,7.9
FA2019,FA2019-class 18,17,1905ADJDGD,,7,3.4,5.5,Not Passed,6.8
FA2019,FA2019-class 18,18,1905ADJCGH,,9.3,4.6,7,Passed,7.9
FA2019,FA2019-class 18,19,1905ADJIIJ,,9,4.8,7.1,Passed,8.3
FA2019,FA2019-class 18,20,1905ADAABH,,9.8,6.5,8.2,Passed,8.9
FA2019,FA2019-class 18,21,1905ADJECF,,8,4.4,6.3,Passed,7.1
FA2019,FA2019-class 18,22,1905ADJCFG,,9.5,4.6,6.9,Passed,7.4
FA2019,FA2019-class 18,23,1905ADJFJJ,,8.8,4.6,6.8,Passed,7.8
FA2019,FA2019-class 18,24,1905ADJBIJ,,9,4.4,7.2,Passed,9.1
FA2019,FA2019-class 18,25,1905FCCIA,,7.5,0,4.4,Not Passed,7
FA2019,FA2019-class 18,26,1905ADJFDB,,9,5.6,6.6,Passed,5.6
FA2019,FA2019-class 18,27,1905ADJEFC,,7.5,2.6,5.3,Not Passed,6.8
FA2019,FA2019-class 18,28,1905ADJAFJ,,10,4,6.9,Passed,7.8
FA2019,FA2019-class 18,29,1905ADJHJC,,9.5,6.5,7.9,Passed,8.3
FA2019,FA2019-class 18,30,1905ADJIHH,,8,4,6.3,Passed,7.8
FA2019,FA2019-class 19,1,1905ADJGHC,,10,7.5,8.8,Passed,9.4
FA2019,FA2019-class 19,2,1905ADJJCD,,8.8,4.6,6.9,Passed,8.3
FA2019,FA2019-class 19,3,1905ADJJDB,,9,6.3,7.8,Passed,8.8
FA2019,FA2019-class 19,4,1905ADJEEB,,9.5,5.6,7.2,Passed,6.9
FA2019,FA2019-class 19,5,1905ADJFFF,,8,4,6.1,Passed,6.9
FA2019,FA2019-class 19,6,1905ADJIHE,,8,5,6.7,Passed,7.6
FA2019,FA2019-class 19,7,1905ACJAHA,,8,3.4,5.6,Not Passed,6
FA2019,FA2019-class 19,8,1905ADJAJA,,0,0,0,Not Passed,0
FA2019,FA2019-class 19,9,1905ADJDBD,,10,6,8,Passed,8.6
FA2019,FA2019-class 19,10,1905ADJCEA,,9,6.9,7.6,Passed,7.1
FA2019,FA2019-class 19,11,1905ADJAHG,,9.3,5,7.1,Passed,7.6
FA2019,FA2019-class 19,12,1905ADJCFD,,9,3.6,6.5,Not Passed,8
FA2019,FA2019-class 19,13,1905ADJDDC,,9,4.4,6.6,Passed,7
FA2019,FA2019-class 19,14,1905ADAJIE,,8.8,6.7,7.7,Passed,7.9
FA2019,FA2019-class 19,15,1905ADJIGC,,8,5.2,6.1,Passed,5.4
FA2019,FA2019-class 19,16,1905ADJAGE,,8.5,4.4,6.3,Passed,6.6
FA2019,FA2019-class 19,17,1905ADJJCF,,9,4.8,7.4,Passed,9.1
FA2019,FA2019-class 19,18,1905ACJAIC,,8,3.2,6.1,Not Passed,8
FA2019,FA2019-class 19,19,1905ADJAEH,,8.8,4.2,6.9,Passed,8.6
FA2019,FA2019-class 19,20,1905ADJABJ,,8,4,6.3,Passed,7.6
FA2019,FA2019-class 19,21,1905ADJFAJ,,9.5,5.2,7.3,Passed,7.9
FA2019,FA2019-class 19,22,1905ADJEEE,,9.5,5,6.8,Passed,6.5
FA2019,FA2019-class 19,23,1905ADJIJE,,0,0,0,Not Passed,0
FA2019,FA2019-class 19,24,1905ACJDJE,,8,0,4.1,Not Passed,5.8
FA2019,FA2019-class 19,25,1905ADAAHH,,9,4,6.7,Passed,8
FA2019,FA2019-class 19,26,1905ADJCEJ,,8.5,5.2,6.7,Passed,6.9
FA2019,FA2019-class 19,27,1905ACJEIF,,8,4.2,6.1,Passed,6.6
FA2019,FA2019-class 19,28,1905ADJEHB,,8,4.2,6.5,Passed,8.1
FA2019,FA2019-class 19,29,1905ADJGGD,,8.5,5,6.6,Passed,6.9
FA2019,FA2019-class 19,30,1905ADJBCD,,8.5,4,6.3,Passed,7.3
FA2019,FA2019-class 20,1,1905ADJFGG,,2,5,5.3,Passed,9
FA2019,FA2019-class 20,2,1905ADJIHG,,4,5.6,6.3,Passed,9.5
FA2019,FA2019-class 20,3,1905FCBEH,,7,0,4.8,Not Passed,9
FA2019,FA2019-class 20,4,1905ADJADE,,4,6.6,6.8,Passed,10
FA2019,FA2019-class 20,5,1905ADJJAH,,3,6.4,5.7,Passed,7.5
FA2019,FA2019-class 20,6,1905FCJGB,,10,0,5.4,Not Passed,8
FA2019,FA2019-class 20,7,1905ACJJJB,,7,4.2,6.3,Passed,8.5
FA2019,FA2019-class 20,8,1905ACJFJE,,10,5.4,8,Passed,9.5
FA2019,FA2019-class 20,9,1905ACJBGC,,8,0,4.7,Not Passed,7.5
FA2019,FA2019-class 20,10,1905ADAADB,,6,6,6.9,Passed,9
FA2019,FA2019-class 20,11,1905ADJHBC,,10,6.2,8.2,Passed,9
FA2019,FA2019-class 20,12,1905ADAAJG,,7,6.2,7.6,Passed,10
FA2019,FA2019-class 20,13,1905ADJFAG,,6,4.6,6.3,Passed,9
FA2019,FA2019-class 20,14,1905ADJIEH,,8,5.2,6.9,Passed,8
FA2019,FA2019-class 20,15,1905ADAJBC,,10,5.6,7.8,Passed,8.5
FA2019,FA2019-class 20,16,1905ADAJCB,,6,4.6,6.5,Passed,9.5
FA2020,FA2020-class 1,1,1905ADJHGC,,8,6.4,6.7,Passed,5.9
FA2020,FA2020-class 1,2,1905ADJCJA,,0,0,1.4,Attendance Fail,4.6
FA2020,FA2020-class 1,3,1905AEJGAE,,9,6.8,7.9,Passed,8.1
FA2020,FA2020-class 1,4,0405AEJDJF,,8.5,9.2,8.5,Passed,7.5
FA2020,FA2020-class 1,5,1905AEACBI,,8,6.2,7.1,Passed,7.3
FA2020,FA2020-class 1,6,0405AEJBDC,,8.5,9.2,8.3,Passed,6.9
FA2020,FA2020-class 1,7,1905FCJGB,,9,5,6.8,Passed,7
FA2020,FA2020-class 1,8,1905ADAJEC,,8.5,6.6,7.3,Passed,7
FA2020,FA2020-class 1,9,1905ADJCFE,,0.5,0,1.8,Not Passed,5.5
FA2020,FA2020-class 1,10,1901AEJJHJ,,6.5,0,3.4,Attendance Fail,4.9
FA2020,FA2020-class 1,11,1905ACJFHI,,9,6.8,6.7,Passed,4.3
FA2020,FA2020-class 1,12,1905ACJGGA,,0,0,0.5,Attendance Fail,1.6
FA2020,FA2020-class 1,13,1905ADJHEA,,9,6.6,7.2,Passed,6.3
FA2020,FA2020-class 1,14,1905ADAJJJ,,8,6.8,7.1,Passed,6.5
FA2020,FA2020-class 1,15,1905ADJJIH,,7.5,6.4,6.2,Passed,4.5
FA2020,FA2020-class 1,16,1919ADJCBH,,9,6.6,7.3,Passed,6.6
FA2020,FA2020-class 1,17,1905AEABJA,,0.5,0,0.9,Not Passed,2.6
FA2020,FA2020-class 1,18,1905ADJHAJ,,7,7.2,6.6,Passed,5.3
FA2020,FA2020-class 1,19,1905ADJBEG,,5.5,6.6,6.6,Passed,7.6
FA2020,FA2020-class 2,1,1905AEABAJ,,8,5.4,6.8,Passed,7.5
FA2020,FA2020-class 2,2,1905ADJJDH,,9,6.4,7.7,Passed,8.1
FA2020,FA2020-class 2,3,1905ADJCHB,,9,6,7.6,Passed,8.4
FA2020,FA2020-class 2,4,1905ADJAAC,,8,4.8,6.9,Passed,8.8
FA2020,FA2020-class 2,5,1905ACJCJJ,,6,0,3.6,Not Passed,6.1
FA2020,FA2020-class 2,6,1905ACJAIF,,9,4.2,7,Passed,8.8
FA2020,FA2020-class 2,7,1905ACJBCA,,9,4,7,Passed,8.9
FA2020,FA2020-class 2,8,1905ADJGBC,,8,4,6.7,Passed,8.9
FA2020,FA2020-class 2,9,1905ADJBFI,,8,5,6.8,Passed,8.1
FA2020,FA2020-class 2,10,1905AEADJG,,8,5.6,7.4,Passed,9.1
FA2020,FA2020-class 2,11,1905AEJIEH,,9.5,5.2,7.7,Passed,9.1
FA2020,FA2020-class 2,12,1905AEABAD,,9,6.6,8,Passed,9
FA2020,FA2020-class 2,13,1905AEJIID,,9,5.4,7.7,Passed,9.4
FA2020,FA2020-class 2,14,1905AEAJJE,,9,5.6,7.7,Passed,9.1
FA2020,FA2020-class 2,15,1905AEAJIB,,8.5,5.8,7.6,Passed,9
FA2020,FA2020-class 2,16,1905ACJJGE,,9,6,8,Passed,9.5
FA2020,FA2020-class 3,1,1905ADAJHD,,6,6.2,5.5,Passed,4
FA2020,FA2020-class 3,2,1905AEJFEB,,8,7.6,7.8,Passed,7.8
FA2020,FA2020-class 3,3,1905ACJCJJ,,0,0,0.3,Not Passed,1.1
FA2020,FA2020-class 3,4,1905AEJFHD,,8,7.2,7.5,Passed,7.4
FA2020,FA2020-class 3,5,1905AEJGCB,,9,8.6,8.5,Passed,7.9
FA2020,FA2020-class 3,6,1905ADJFHE,,6,0,3.6,Is Susspended,5.9
FA2020,FA2020-class 3,7,1905ADJBCG,,7,7.8,6.5,Passed,4.3
FA2020,FA2020-class 3,8,1905ADJDJB,,8.5,5,6.4,Passed,6
FA2020,FA2020-class 3,9,1905AEJGEC,,9,0,4.4,Not Passed,5.6
FA2020,FA2020-class 3,10,1905AEJGGC,,7,6.2,6.8,Passed,7.4
FA2020,FA2020-class 3,11,1905ADJDJA,,8.5,6,6.9,Passed,6.6
FA2020,FA2020-class 3,12,1905AEJDGE,,7,6.2,6.5,Passed,6.3
FA2020,FA2020-class 3,13,1905AEJHJB,,9,5.6,7.1,Passed,7.3
FA2020,FA2020-class 3,14,1905ADJDHE,,0,0,0,Attendance Fail,0
FA2020,FA2020-class 3,15,1905ADJCHH,,6,5.6,6,Passed,6.4
FA2020,FA2020-class 3,16,1905ADJDEG,,5,5.4,5,Passed,4.6
FA2020,FA2020-class 3,17,1905ADJHGE,,9,0,4.7,Is Susspended,6.6
FA2020,FA2020-class 3,18,1905ACJBDH,,7.5,0,4.1,Attendance Fail,6.3
FA2020,FA2020-class 3,19,1905ADJJEG,,8.5,5.6,6.7,Passed,6.5
FA2020,FA2020-class 3,20,1905AEJIAB,,6,5,5.3,Passed,4.9
FA2020,FA2020-class 3,21,1905AEJIJF,,9,5.2,7,Passed,7.4
FA2020,FA2020-class 3,22,1905AEABCA,,0,0,0.7,Attendance Fail,2.4
FA2020,FA2020-class 3,23,1905AEJICA,,9,5.4,6.8,Passed,6.6
FA2020,FA2020-class 3,24,1905AEJAHH,,0,0,0.8,Attendance Fail,2.5
FA2020,FA2020-class 3,25,1905AEACCE,,9,5.8,6.8,Passed,6
FA2020,FA2020-class 3,26,1905ADJEGI,,7,8.4,7.4,Passed,6.6
FA2020,FA2020-class 3,27,1905ADJGIB,,7,5.8,6,Passed,5.3
FA2020,FA2020-class 3,28,1905AEAAAJ,,9,5.2,6.9,Passed,7
FA2020,FA2020-class 3,29,1905AEJDHH,,7,4.2,5.8,Passed,6.9
FA2020,FA2020-class 3,30,1905AEAAHI,,5.5,7,6.6,Passed,7.3
FA2020,FA2020-class 4,1,1905AEJFBJ,,9,4.4,6.5,Passed,6.8
FA2020,FA2020-class 4,2,1905AEJFAG,,8.5,6.6,7.1,Passed,6.3
FA2020,FA2020-class 4,3,1905AEJCGI,,8.5,0,4.3,Not Passed,5.8
FA2020,FA2020-class 4,4,1905AEJEAE,,9,8.4,8.3,Passed,7.6
FA2020,FA2020-class 4,5,1905AEADAI,,9,5,6.6,Passed,6.3
FA2020,FA2020-class 4,6,1905AEJFCE,,8.5,7,7.6,Passed,7.5
FA2020,FA2020-class 4,7,1905AEJFBI,,9,5.4,7.1,Passed,7.4
FA2020,FA2020-class 4,8,1905ADAJHE,,8,5.2,6.4,Passed,6.5
FA2020,FA2020-class 4,9,1905AEJJIJ,,9,4.4,6.4,Passed,6.6
FA2020,FA2020-class 4,10,1905AEJGDH,,8.5,6.2,7.1,Passed,7
FA2020,FA2020-class 4,11,1905ACJBGF,,9,5,6.7,Passed,6.6
FA2020,FA2020-class 4,12,1905AEJJGD,,8.5,7.2,7.5,Passed,7
FA2020,FA2020-class 4,13,1905AEJAEF,,9,8.6,8.2,Passed,6.8
FA2020,FA2020-class 4,14,1905AEJHEI,,9,0,3.9,Not Passed,4
FA2020,FA2020-class 4,15,1905ADJGBC,,0,0,1.7,Attendance Fail,5.5
FA2020,FA2020-class 4,16,1905AEJIJA,,0,0,0,Attendance Fail,0
FA2020,FA2020-class 4,17,1905AEJIAA,,9,5.2,7.1,Passed,7.6
FA2020,FA2020-class 4,18,1905AEJAAD,,9,7.6,8.2,Passed,8.3
FA2020,FA2020-class 4,19,1905AEJBJG,,7,8.4,7.5,Passed,6.8
FA2020,FA2020-class 4,20,1905ADJGEF,,0,0,1.5,Not Passed,4.9
FA2020,FA2020-class 4,21,1905ADJDCA,,0,0,0.3,Attendance Fail,1
FA2020,FA2020-class 4,22,1905AEJABI,,9,6,7.3,Passed,7.4
FA2020,FA2020-class 4,23,1905AEAJDD,,8.5,5.4,7,Passed,7.8
FA2020,FA2020-class 4,24,1905AEADJA,,0,0,0,Attendance Fail,0
FA2020,FA2020-class 4,25,1905AEJAEE,,9,8,8,Passed,7.1
FA2020,FA2020-class 4,26,1905AEAACH,,8.5,6.6,7.3,Passed,7
FA2020,FA2020-class 4,27,1905AEAACB,,9,6.2,7.5,Passed,7.9
FA2020,FA2020-class 4,28,1905AEABHE,,0,0,0,Attendance Fail,0
FA2020,FA2020-class 4,29,1905AEJCAA,,8.5,5.6,6.8,Passed,6.6
FA2020,FA2020-class 4,30,1905AEJJGF,,9,0,5,Attendance Fail,7.6
FA2020,FA2020-class 5,1,1905ADJCGC,,0,0,0,Attendance Fail,0
FA2020,FA2020-class 5,2,1905AEJFDJ,,9,8.4,8.1,Passed,6.9
FA2020,FA2020-class 5,3,1905ADJEAJ,,8,3.2,4.7,Attendance Fail,3.4
FA2020,FA2020-class 5,4,1905AEABGH,,7,7.4,7.4,Passed,7.9
FA2020,FA2020-class 5,5,1905AEJFEC,,8.5,7.2,7.3,Passed,6.3
FA2020,FA2020-class 5,6,1905ADAJEE,,8.5,8.2,7.9,Passed,7
FA2020,FA2020-class 5,7,1905AEADDD,,8.5,7.8,8,Passed,7.9
FA2020,FA2020-class 5,8,1905AEJGJG,,9,7.6,7.8,Passed,7
FA2020,FA2020-class 5,9,1905ACJAHA,,6.5,5.6,6.2,Passed,6.8
FA2020,FA2020-class 5,10,1905AEJGFC,,9,8.6,8.3,Passed,7.3
FA2020,FA2020-class 5,11,1905AEACCG,,8,4.8,6.2,Passed,6.1
FA2020,FA2020-class 5,12,1905AEJDID,,7,4.8,6.1,Passed,6.9
FA2020,FA2020-class 5,13,1905AEACDJ,,9,9.4,9.1,Passed,8.9
FA2020,FA2020-class 5,14,1905ADAAFG,,8.5,6.6,7.5,Passed,7.6
FA2020,FA2020-class 5,15,1905AEABHA,,9,7,7.5,Passed,6.8
FA2020,FA2020-class 5,16,1905AEJHHB,,9,5.4,6.8,Passed,6.4
FA2020,FA2020-class 5,17,1905AEADEG,,9,6,7.2,Passed,7
FA2020,FA2020-class 5,18,1905AEABBI,,8,8.6,8.1,Passed,7.6
FA2020,FA2020-class 5,19,1905AEJIGH,,9,5.2,6.5,Passed,5.9
FA2020,FA2020-class 5,20,1905AEABHJ,,0,0,0.5,Attendance Fail,1.5
FA2020,FA2020-class 5,21,1905AEJIII,,9,7,7.6,Passed,7
FA2020,FA2020-class 5,22,1905AEAJJH,,9,8,8.3,Passed,7.9
FA2020,FA2020-class 5,23,1905ACJCDI,,7.5,5.8,6,Passed,4.8
FA2020,FA2020-class 5,24,1905AEACHH,,9,7.4,7.8,Passed,7
FA2020,FA2020-class 5,25,1905AEADGH,,8.5,7,7.5,Passed,7.3
FA2020,FA2020-class 5,26,1905AEAAJD,,9,6.2,7.7,Passed,8.3
FA2020,FA2020-class 5,27,1905AEACIC,,8,5.2,6.6,Passed,7.1
FA2020,FA2020-class 5,28,1905AEJEJC,,8.5,8,7.7,Passed,6.5
FA2020,FA2020-class 5,29,1905ADJABG,,8,6.4,7.2,Passed,7.6
FA2020,FA2020-class 5,30,1905AEACIH,,8,6.8,6.9,Passed,5.9
FA2021,FA2021-class 1,1,1905AFAJHI,,6.3,8.4,8,Passed,9.1
FA2021,FA2021-class 1,2,1905AFAFJH,,5,8.2,7,Passed,7.4
FA2021,FA2021-class 1,3,1905AFAJHD,,7,7.4,7.9,Passed,9.5
FA2021,FA2021-class 1,4,1905AFAFID,,8,7.2,7.3,Passed,6.8
FA2021,FA2021-class 1,5,1905AEJDAI,,0,0,1.3,Attendance Fail,4.4
FA2021,FA2021-class 1,6,1905AFJDEB,,10,9.2,9.3,Passed,8.9
FA2021,FA2021-class 1,7,1905ACJCJJ,,0,0,0,Attendance Fail,0
FA2021,FA2021-class 1,8,1905AFJGHB,,9,7.2,8,Passed,8
FA2021,FA2021-class 1,9,1905AEADJD,,6.5,0,4.1,Not Passed,7
FA2021,FA2021-class 1,10,1905ADJBCJ,,7,4.6,6.5,Passed,8.5
FA2021,FA2021-class 1,11,1905AFABEI,,8.3,8,7.9,Passed,7.5
FA2021,FA2021-class 1,12,0819AEJGDJ,,6.8,5.2,5.9,Passed,6.1
FA2021,FA2021-class 1,13,1905AFJDGG,,10,8,9.1,Passed,9.8
FA2021,FA2021-class 1,14,1905AFJBAH,,9,9.8,9.2,Passed,8.5
FA2021,FA2021-class 1,15,1905AFAIAG,,8,8.2,8.1,Passed,8.1
FA2021,FA2021-class 1,16,1905AFAAIE,,6.8,6.8,7.4,Passed,9
FA2021,FA2021-class 1,17,1905ADJDHH,,8,4.8,6.6,Passed,7.5
FA2021,FA2021-class 1,18,1905FBIEI,,6.3,5.8,6.8,Passed,8.6
FA2021,FA2021-class 1,19,1905AFJFBB,,8,6.8,7.4,Passed,7.5
FA2021,FA2021-class 1,20,1905ADJGCI,,6.8,6.8,7.4,Passed,9
FA2021,FA2021-class 2,1,1905AFJADC,,9,9,9.1,Passed,9.3
FA2021,FA2021-class 2,2,1905AEABII,,8,9.4,8.7,Passed,8.5
FA2021,FA2021-class 2,3,1905AFABHG,,0,0,0,Attendance Fail,0
FA2021,FA2021-class 2,4,1905ADJAGH,,7,9.4,8.6,Passed,9.1
FA2021,FA2021-class 2,5,1905AEJFIG,,0,0,0.5,Not Passed,1.8
FA2021,FA2021-class 2,6,1905ADJBED,,7,7.6,7.4,Passed,7.6
FA2021,FA2021-class 2,7,1905AEACEC,,6.3,4,6.2,Passed,9
FA2021,FA2021-class 2,8,1905AEJDGC,,9,8.6,8.7,Passed,8.4
FA2021,FA2021-class 2,9,1905AEADFA,,8,8.4,8.3,Passed,8.6
FA2021,FA2021-class 2,10,1905AEJGFH,,6.3,8,7.3,Passed,7.3
FA2021,FA2021-class 2,11,1905AFAGFD,,0,0,0.6,Not Passed,2.1
FA2021,FA2021-class 2,12,1905ADJJHE,,6.3,6.6,6.6,Passed,6.9
FA2021,FA2021-class 2,13,1905AFJBEF,,8,9.4,8.9,Passed,9.1
FA2021,FA2021-class 2,14,1905AEJCFE,,8.5,8.2,8.4,Passed,8.5
FA2021,FA2021-class 2,15,1905AEJHEE,,8,9.2,8.7,Passed,8.6
FA2021,FA2021-class 2,16,1905AEJHGC,,9,6.8,8.1,Passed,9
FA2021,FA2021-class 2,17,1905ADJADG,,5.5,7.6,7.3,Passed,8.6
FA2021,FA2021-class 2,18,1905ADJEEH,,7,7.8,7.3,Passed,6.9
FA2021,FA2021-class 2,19,1905ACJEBE,,6,0,3.5,Attendance Fail,5.5
FA2021,FA2021-class 2,20,1905AEJCDI,,5,6.6,6,Passed,6.3
FA2021,FA2021-class 2,21,1905AEJJDJ,,9,9.6,9.3,Passed,9.1
FA2021,FA2021-class 2,22,1905AEADFI,,0,0,0,Not Passed,0
FA2021,FA2021-class 2,23,1905AEACEJ,,6.3,9.2,8.1,Passed,8.5
FA2021,FA2021-class 2,24,1905AFJCAH,,10,8.8,8.9,Passed,8
FA2021,FA2021-class 2,25,1905ADJFJE,,6.3,8.2,7.6,Passed,8.3
FA2021,FA2021-class 2,26,1905AEJDBI,,6.3,8.6,7.4,Passed,7
FA2021,FA2021-class 2,27,1905AEJDFC,,9,8.6,8.7,Passed,8.4
FA2021,FA2021-class 2,28,0805AEJCHC,,5,9.2,7.8,Passed,8.9
FA2021,FA2021-class 2,29,1905AFJBEH,,10,8.2,9,Passed,9
FA2021,FA2021-class 3,1,1905AFJIFC,,7,8.8,7,Passed,4.8
FA2021,FA2021-class 3,2,1905AFAJIC,,9.5,9,8.3,Passed,6.3
FA2021,FA2021-class 3,3,1905AFAJAE,,5,8.4,7.3,Passed,8.3
FA2021,FA2021-class 3,4,1905AEJCIB,,7.5,9.4,7.9,Passed,6.3
FA2021,FA2021-class 3,5,1905AFJBBC,,6.5,8.4,7.8,Passed,8.3
FA2021,FA2021-class 3,6,1905AFJFDE,,2,0,1.9,Attendance Fail,4.3
FA2021,FA2021-class 3,7,1905AFABBA,,5.5,9,6.9,Passed,5.5
FA2021,FA2021-class 3,8,1905AFJGEA,,6.5,8,7.9,Passed,9
FA2021,FA2021-class 3,9,1905ADJHGE,,0,0,0,Attendance Fail,0
FA2021,FA2021-class 3,10,1905AFJIBI,,7,9,7.3,Passed,5.3
FA2021,FA2021-class 3,11,1905AFJDGC,,7,7,7.2,Passed,7.8
FA2021,FA2021-class 3,12,1905ACJBGC,,0,0,0,Attendance Fail,0
FA2021,FA2021-class 3,13,1905AFAAIG,,6.5,6.6,6.3,Passed,5.8
FA2021,FA2021-class 3,14,1905AFJGIB,,6,7.4,7,Passed,7.5
FA2021,FA2021-class 3,15,1905AFJCGD,,8,8.4,8,Passed,7.5
FA2021,FA2021-class 3,16,1905AFJIEJ,,8,7.4,7.2,Passed,6.3
FA2021,FA2021-class 3,17,1905AFAJHG,,8.5,8.2,7.8,Passed,6.5
FA2021,FA2021-class 3,18,1905AFAJEA,,9,7.8,8.3,Passed,8.3
FA2021,FA2021-class 3,19,1905AFAAFG,,7.5,8.8,8.8,Passed,10
FA2021,FA2021-class 3,20,1905AFADFG,,4,0,2.1,Attendance Fail,3
FA2021,FA2021-class 3,21,1905ACJJEE,,6.5,5.8,6.7,Passed,8
FA2021,FA2021-class 3,22,1905AEADJA,,4,5.8,5.4,Passed,6.3
FA2021,FA2021-class 3,23,1905AFJAGI,,6.5,7.6,7.2,Passed,7.5
FA2021,FA2021-class 3,24,1905AFAJGD,,7.5,8.8,8.8,Passed,10
FA2021,FA2021-class 3,25,1905AFABBE,,10,8.4,8.8,Passed,8.3
FA2021,FA2021-class 3,26,1905AFAACJ,,10,9.2,9.7,Passed,10
FA2021,FA2021-class 3,27,1905AFJCFD,,5,8,6.8,Passed,7
FA2021,FA2021-class 3,28,1905AFJIEF,,4.5,9.2,6.9,Passed,6.3
FA2021,FA2021-class 3,29,1905AFBAIC,,3.5,8,5.3,Passed,3.5
FA2021,FA2021-class 4,1,1905AFADJE,,0,0,0.9,Not Passed,3
FA2021,FA2021-class 4,2,1905AFAGHB,,6,8.4,7.6,Passed,8.3
FA2021,FA2021-class 4,3,1905AFAFCG,,7,8.4,8.1,Passed,8.9
FA2021,FA2021-class 4,4,1905AFBAAH,,0,0,0,Attendance Fail,0
FA2021,FA2021-class 4,5,1905AFAECD,,4,10,7.8,Passed,8.8
FA2021,FA2021-class 4,6,1905AFABHA,,9,8,8.2,Passed,7.5
FA2021,FA2021-class 4,7,1905ADAABF,,8,6.4,7.7,Passed,9.3
FA2021,FA2021-class 4,8,1905AFAFAJ,,7,5.4,5.8,Passed,5.3
FA2021,FA2021-class 4,9,1905AFAFCA,,6.3,9.4,8,Passed,7.8
FA2021,FA2021-class 4,10,1905AFADII,,6,8,7.6,Passed,8.5
FA2021,FA2021-class 4,11,1905AEADBA,,5,5.6,6,Passed,7.4
FA2021,FA2021-class 4,12,1905AFADEA,,6,0,3.7,Not Passed,6.4
FA2021,FA2021-class 4,13,1905AFAGIJ,,6.3,8.2,7.7,Passed,8.6
FA2021,FA2021-class 4,14,1905AFJIDB,,6,6.8,6.3,Passed,5.9
FA2021,FA2021-class 4,15,1905AFABFG,,9,6.4,7.5,Passed,7.5
FA2021,FA2021-class 4,16,1905ADJGHE,,9,8.6,8.8,Passed,8.9
FA2021,FA2021-class 4,17,1905AFAFJG,,4,0,2.6,Not Passed,4.8
FA2021,FA2021-class 4,18,1905AFJJGI,,8,8.2,7.9,Passed,7.4
FA2021,FA2021-class 4,19,0805AFJHEG,,4.5,7.6,6.2,Passed,6
FA2021,FA2021-class 4,20,1905AFAEEA,,6,6.6,6.8,Passed,8
FA2021,FA2021-class 4,21,1905AFABHF,,8,9.2,8.8,Passed,9.1
FA2021,FA2021-class 4,22,1905AFBJGC,,8,8.4,8.3,Passed,8.4
FA2021,FA2021-class 4,23,1905AFADBE,,6.3,9,7.8,Passed,7.8
FA2021,FA2021-class 4,24,1905ACJBFA,,7.5,6,7.4,Passed,9.3
FA2021,FA2021-class 4,25,1905AFAEIJ,,7,6.8,7.4,Passed,8.8
FA2021,FA2021-class 4,26,1905AEAADE,,5,6,5.8,Passed,6.4
FA2021,FA2021-class 4,27,1905AFADEE,,5,6.6,6.1,Passed,6.4
FA2021,FA2021-class 5,1,1905AEJFDB,,5.8,6.6,6.7,Passed,7.8
FA2021,FA2021-class 5,2,1905AFJICH,,8,7.2,7.6,Passed,7.8
FA2021,FA2021-class 5,3,1905AFJJCB,,9.5,9.2,9.2,Passed,8.9
FA2021,FA2021-class 5,4,1905AFJAJD,,9,9.4,9.2,Passed,9.1
FA2021,FA2021-class 5,5,1905AFADAH,,9.3,7.6,8,Passed,7.4
FA2021,FA2021-class 5,6,1905AFJBDH,,8.5,8.8,8.3,Passed,7.4
FA2021,FA2021-class 5,7,1905AFAHGB,,7,8.8,7.6,Passed,6.8
FA2021,FA2021-class 5,8,1905AFABEB,,8.3,6.8,6.8,Passed,5.5
FA2021,FA2021-class 5,9,1905AFJBDB,,8.3,9.4,8.5,Passed,7.5
FA2021,FA2021-class 5,10,1905AFJBFD,,9.3,9,8.7,Passed,7.6
FA2021,FA2021-class 5,11,1905AFAGIC,,9,8.4,8.2,Passed,7.1
FA2021,FA2021-class 5,12,1905AFJJCH,,9.5,9.2,9.2,Passed,8.9
FA2021,FA2021-class 5,13,1905AFJBGE,,9.5,8.6,8.9,Passed,8.6
FA2021,FA2021-class 5,14,1905AFJBAF,,7.5,8.2,7.8,Passed,7.5
FA2021,FA2021-class 5,15,1905AFAGFJ,,8.3,7.6,7.6,Passed,6.9
FA2021,FA2021-class 5,16,1905AFBJJI,,7,9,8,Passed,7.5
FA2021,FA2021-class 5,17,1905AFAAHJ,,9.3,8.4,8.8,Passed,8.8
FA2021,FA2021-class 5,18,1905AFAFAC,,8.8,9,8.6,Passed,8
FA2021,FA2021-class 5,19,1905AFJAEC,,9,9.2,8.7,Passed,7.6
FA2021,FA2021-class 5,20,1905AFJECG,,8.3,9,8.2,Passed,7.1
FA2021,FA2021-class 5,21,1905AFAJJJ,,7.8,7.8,7.4,Passed,6.6
FA2021,FA2021-class 5,22,1905AFAFJF,,8.5,7.4,8,Passed,8.3
FA2021,FA2021-class 5,23,1905AFJIHC,,8,6.6,7.1,Passed,6.8
FA2021,FA2021-class 5,24,1905AFJAAG,,9.3,9.4,9,Passed,8.4
FA2021,FA2021-class 5,25,1905AFJECF,,7.8,9,8,Passed,6.9
FA2021,FA2021-class 5,26,1905AEADIH,,8.5,7,7.5,Passed,7
FA2021,FA2021-class 6,1,1905AFAJAJ,,9,7,7.8,Passed,7.7
FA2021,FA2021-class 6,2,1905AFADDD,,3.8,8.6,7,Passed,8.1
FA2021,FA2021-class 6,3,1905AFJHBA,,8.6,6.4,8,Passed,9.4
FA2021,FA2021-class 6,4,1905AFAJAG,,9.2,7.4,8.2,Passed,8.1
FA2021,FA2021-class 6,5,1905AFABDG,,9.4,8.6,8.9,Passed,8.9
FA2021,FA2021-class 6,6,1905AFJJFJ,,4.4,8,7.2,Passed,9.1
FA2021,FA2021-class 6,7,1905AFAFDC,,9,5.6,7.6,Passed,8.9
FA2021,FA2021-class 6,8,1905AFABHB,,9.2,7.2,8.5,Passed,9.4
FA2021,FA2021-class 6,9,1905AFABBH,,9,7.4,8.2,Passed,8.6
FA2021,FA2021-class 6,10,1905AFJGGJ,,4.2,0,3.9,Not Passed,8.9
FA2021,FA2021-class 6,11,1905AFJJBJ,,3.4,5.4,5.6,Passed,8
FA2021,FA2021-class 6,12,1905AFJHCI,,0,0,2,Not Passed,6.8
FA2021,FA2021-class 6,13,1905AFAECH,,8.6,6.4,7.6,Passed,8.2
FA2021,FA2021-class 6,14,1905ACJBFI,,8.6,9.6,9.2,Passed,9.3
FA2021,FA2021-class 6,15,1905AEJCGA,,8,8.8,8.5,Passed,8.6
FA2021,FA2021-class 6,16,1905AFJIGI,,4,5,5.2,Passed,6.6
FA2021,FA2021-class 6,17,1905AFAGBI,,0,0,0.9,Attendance Fail,3.1
FA2021,FA2021-class 6,18,1905AFJDIC,,8.8,8.8,9,Passed,9.4
FA2021,FA2021-class 6,19,1905AFJIBG,,8,8.4,8.2,Passed,8.1
FA2021,FA2021-class 6,20,1905AFJAEJ,,7.6,8.4,7.6,Passed,6.5
FA2021,FA2021-class 6,21,1905AFAJBJ,,8.2,7.6,8.3,Passed,9.2
FA2021,FA2021-class 6,22,1905AFJDJG,,7.2,9,8.3,Passed,8.4
FA2021,FA2021-class 6,23,1905AFJDEG,,9.2,8.4,8.9,Passed,9.4
FA2021,FA2021-class 6,24,1905AEJDCH,,9.2,6,8,Passed,9.4
FA2021,FA2021-class 6,25,1905AFJDAB,,7.8,9,8.7,Passed,9.2
FA2021,FA2021-class 6,26,1905AFAFBE,,0,0,1.9,Not Passed,6.4
FA2021,FA2021-class 6,27,1905AFAHAJ,,8.4,8.8,8.9,Passed,9.5
FA2021,FA2021-class 7,1,1905AFAJDE,,8,6.4,7.4,Passed,8.3
FA2021,FA2021-class 7,2,1905AFAECE,,8.5,9.4,8.7,Passed,8.1
FA2021,FA2021-class 7,3,1905AFJDAG,,8,9.6,8.6,Passed,7.9
FA2021,FA2021-class 7,4,1905AFJEDF,,8.5,9,8.7,Passed,8.4
FA2021,FA2021-class 7,5,1905AFJBDE,,9,9.2,8.9,Passed,8.5
FA2021,FA2021-class 7,6,1905AFJECH,,8.5,9,8.7,Passed,8.4
FA2021,FA2021-class 7,7,1905AFAEBG,,8.5,5.6,7.3,Passed,8.4
FA2021,FA2021-class 7,8,1905AFJBEB,,8,8.8,8.5,Passed,8.5
FA2021,FA2021-class 7,9,1905AFADHE,,7.5,8.2,7.9,Passed,8
FA2021,FA2021-class 7,10,1905AFAFEB,,8.5,6.2,7.6,Passed,8.5
FA2021,FA2021-class 7,11,1905AFAECG,,8,9.6,8.7,Passed,8.3
FA2021,FA2021-class 7,12,1905AFJDHC,,8.5,6.6,7.7,Passed,8.4
FA2021,FA2021-class 7,13,1905AFAEHD,,10,9.2,9.3,Passed,8.8
FA2021,FA2021-class 7,14,1905AFJBED,,9,9.6,9.1,Passed,8.5
FA2021,FA2021-class 7,15,1905AFAGJF,,9,7.6,8.4,Passed,9
FA2021,FA2021-class 7,16,1905AFACGB,,7.5,7.6,7.7,Passed,8
FA2021,FA2021-class 7,17,1905AFJHAA,,7.5,6.4,7.2,Passed,8
FA2021,FA2021-class 7,18,1905AFJHJF,,8.5,9.4,8.7,Passed,7.9
FA2021,FA2021-class 7,19,1905AFAJJG,,8,8,8.1,Passed,8.3
FA2021,FA2021-class 7,20,1905AFAEJC,,8,8,8.1,Passed,8.3
FA2021,FA2021-class 7,21,1905AFJIBA,,7.5,8.6,8.1,Passed,8
FA2021,FA2021-class 7,22,1905AFBJHC,,9,8.4,8.8,Passed,9
FA2021,FA2021-class 7,23,1905AFJAIA,,10,8.4,9,Passed,8.8
FA2021,FA2021-class 7,24,1905AFAJFI,,8,6.6,7.5,Passed,8.3
FA2021,FA2021-class 7,25,1905AFJAAJ,,0,0,0,Attendance Fail,0
FA2021,FA2021-class 8,1,1905AFAFGI,,9.3,9.2,9.5,Passed,10
FA2021,FA2021-class 8,2,1905AFJIDD,,6.5,6.8,7.1,Passed,8.3
FA2021,FA2021-class 8,3,1905AFABDA,,6.2,8,8,Passed,9.9
FA2021,FA2021-class 8,4,1905AFAAGH,,6.3,8.6,8.3,Passed,10
FA2021,FA2021-class 8,5,1905AFAIDJ,,6.4,9,8.4,Passed,9.6
FA2021,FA2021-class 8,6,1905AFAFAF,,6.5,8.2,8.2,Passed,10
FA2021,FA2021-class 8,7,1905AFJGHA,,9.5,9,9.4,Passed,9.7
FA2021,FA2021-class 8,8,1905AFAHEE,,9.4,0,5.7,Is Susspended,9.8
FA2021,FA2021-class 8,9,1905AFABDC,,6.3,8,7.9,Passed,9.4
FA2021,FA2021-class 8,10,1905AFAJJF,,8.1,9,8.9,Passed,9.5
FA2021,FA2021-class 8,11,1905AFAEGG,,6.8,8.2,8.3,Passed,10
FA2021,FA2021-class 8,12,1905AFJHJJ,,9.3,8.6,9.1,Passed,9.5
FA2021,FA2021-class 8,13,1905AFJCDA,,9.3,7.6,8.7,Passed,9.5
FA2021,FA2021-class 8,14,1905AFJIFB,,9,8.6,9,Passed,9.4
FA2021,FA2021-class 8,15,1905AFBJGH,,9.3,7.6,8.8,Passed,9.9
FA2021,FA2021-class 8,16,1905AEJCII,,6.3,8,7.8,Passed,9.2
FA2021,FA2021-class 8,17,1905AEAADF,,9,9.4,9.2,Passed,9.3
FA2021,FA2021-class 8,18,1905AEAAFA,,6.3,7.2,7.5,Passed,9.1
FA2021,FA2021-class 8,19,1905AFJHEE,,9.3,9.4,9.5,Passed,10
FA2021,FA2021-class 8,20,1905AFJBFF,,9,9.4,9.2,Passed,9.1
FA2022,FA2022-class 1,1,1905AEJCHE,,5,0,2.7,Not Passed,4
FA2022,FA2022-class 1,2,0805AGAIGB,,7,5,6.7,Passed,8.8
FA2022,FA2022-class 1,3,1905AFJBEG,,8,2.6,5.7,Not Passed,7.4
FA2022,FA2022-class 1,4,1905AGCBEE,,7.3,8,7.8,Passed,8.1
FA2022,FA2022-class 1,5,1705AGJAGI,,7.3,4.2,5.8,Passed,6.5
FA2022,FA2022-class 1,6,1905ADJFHE,,7.5,5,6.6,Passed,7.9
FA2022,FA2022-class 1,7,1905AFJEHD,,0,0,1,Attendance Fail,3.3
FA2022,FA2022-class 1,8,1905AGAHFH,,7.8,6.2,7.4,Passed,8.5
FA2022,FA2022-class 1,9,1905AGAHDG,,7,5.4,6.3,Passed,6.8
FA2022,FA2022-class 1,10,1705AGJBJE,,10,8,8.9,Passed,8.9
FA2022,FA2022-class 1,11,1905AEJHAD,,7,5,6.4,Passed,7.8
FA2022,FA2022-class 1,12,1905ACJCHJ,,7,5.6,6.9,Passed,8.6
FA2022,FA2022-class 1,13,1905AFADJH,,7.3,4,6,Passed,7.4
FA2022,FA2022-class 1,14,0305AGADIF,,8,4.2,6.6,Passed,8.5
FA2022,FA2022-class 1,15,0405AFJEAH,,0,0,0.9,Attendance Fail,3
FA2022,FA2022-class 1,16,0805AGCJBE,,7,6,6.8,Passed,7.8
FA2022,FA2022-class 1,17,1905ADJBAJ,,0,0,0,Attendance Fail,0
FA2022,FA2022-class 1,18,1905AFJDBG,,7,5.2,6.7,Passed,8.5
FA2022,FA2022-class 1,19,1905AGAHIE,,9,6.6,7.8,Passed,8.3
FA2022,FA2022-class 1,20,1905AGAIDJ,,0,0,1.1,Attendance Fail,3.5
FA2022,FA2022-class 1,21,1905AGBJJB,,7,4.6,5.5,Passed,5.3
FA2022,FA2022-class 1,22,1705AGJBAD,,7.8,7.2,7.7,Passed,8.3
FA2022,FA2022-class 1,23,1905AGAIFD,,8,4.2,6.3,Passed,7.5
FA2022,FA2022-class 2,1,1905AEJEHD,,9,5.4,7.7,Passed,9.4
FA2022,FA2022-class 2,2,1905AGJFJE,,9,6.6,8,Passed,9
FA2022,FA2022-class 2,3,1905AEJBBF,,8.8,5.4,7.3,Passed,8.4
FA2022,FA2022-class 2,4,1905ACJBDJ,,8.5,5.8,7.5,Passed,8.8
FA2022,FA2022-class 2,5,1905AGCEEC,,8.8,6.2,7.9,Passed,9.4
FA2022,FA2022-class 2,6,1905AGBJEH,,8,3.6,6.2,Not Passed,8
FA2022,FA2022-class 2,7,1905AGAICG,,9.3,6,8,Passed,9.3
FA2022,FA2022-class 2,8,1905AGBGDF,,9.3,5.8,7.9,Passed,9.3
FA2022,FA2022-class 2,9,1905AGCJEA,,9.8,9.8,9.7,Passed,9.6
FA2022,FA2022-class 3,1,1905AFJEID,,7,4.8,6.5,Passed,8.4
FA2022,FA2022-class 3,2,1905AFACJJ,,7,4.6,6.3,Passed,7.9
FA2022,FA2022-class 3,3,1905AGBIHE,,7,6.6,7.3,Passed,8.4
FA2022,FA2022-class 3,4,1905AGBFHD,,8,5.8,7.5,Passed,9.4
FA2022,FA2022-class 3,5,1901AEJABG,,8,4.8,7.1,Passed,9.4
FA2022,FA2022-class 3,6,1905AFJIEG,,7,4,6.1,Passed,8
FA2022,FA2022-class 3,7,1905AFBAIE,,0,0,1.8,Attendance Fail,6
FA2022,FA2022-class 3,8,1905AGAFHD,,0,0,0.6,Attendance Fail,2
FA2022,FA2022-class 3,9,1905AFAIGJ,,7,5,6.3,Passed,7.3
FA2022,FA2022-class 3,10,1905AGJCIH,,7.5,6.4,7.6,Passed,9.3
FA2022,FA2022-class 3,11,1905AGBEGB,,7,4.8,6.6,Passed,8.6
FA2022,FA2022-class 3,12,1905AFAGBH,,9,5.8,7.6,Passed,8.5
FA2022,FA2022-class 3,13,1905AGBDEF,,9,4.4,7.3,Passed,9.4
FA2022,FA2022-class 3,14,1905AGAEIG,,0,0,0,Attendance Fail,0
FA2022,FA2022-class 3,15,1905AGCEHG,,7,5.4,6.5,Passed,7.6
FA2022,FA2022-class 3,16,1905AGBAEA,,7,5.8,6.7,Passed,7.8
FA2022,FA2022-class 3,17,1905AFJBHC,,7,5.4,6.4,Passed,7.1
FA2022,FA2022-class 3,18,1905AFBAEG,,0,0,2.2,Attendance Fail,7.3
FA2022,FA2022-class 3,19,1905AGCDIE,,7.5,4.4,6.6,Passed,8.6
FA2022,FA2022-class 3,20,1905AGBEEH,,8,4.8,7.1,Passed,9.4
FA2022,FA2022-class 3,21,1905AFADBF,,7.5,3.8,6.3,Not Passed,8.5
FA2022,FA2022-class 3,22,1905AGABHA,,8,4.4,7,Passed,9.4
FA2022,FA2022-class 3,23,1905AGBGJC,,7,7.8,7.5,Passed,7.8
FA2022,FA2022-class 3,24,1919AGJFCB,,7,5.6,6.6,Passed,7.6
FA2022,FA2022-class 3,25,1905AFAHBH,,0,0,0,Attendance Fail,0
FA2022,FA2022-class 3,26,1905AGAIIA,,9,4.8,7.5,Passed,9.5
FA2022,FA2022-class 3,27,1905AGCECJ,,7,6,7.1,Passed,8.5
FA2022,FA2022-class 3,28,1905AGJCGI,,7,4.2,6.3,Passed,8.4
FA2022,FA2022-class 3,29,1905AGACHI,,8,6.4,7.7,Passed,9.1
FA2022,FA2022-class 3,30,1905AGCAEC,,7,4.6,6.2,Passed,7.6
FA2022,FA2022-class 4,1,1905AGJFJH,,8.3,5.6,7.5,Passed,9.1
FA2022,FA2022-class 4,2,1905AEJDAI,,0,0,0,Attendance Fail,0
FA2022,FA2022-class 4,3,1905AEACFI,,6.7,4.4,6.6,Passed,9.5
FA2022,FA2022-class 4,4,1905AFJFAF,,7.3,6.2,7.4,Passed,9.2
FA2022,FA2022-class 4,5,1905AFJDHE,,7.8,6,7.4,Passed,8.7
FA2022,FA2022-class 4,6,1905AFAGHC,,7.1,6.2,7.1,Passed,8.4
FA2022,FA2022-class 4,7,1905AEACEB,,8.2,5.8,7.4,Passed,8.7
FA2022,FA2022-class 4,8,1905AFBJCJ,,0,0,0,Attendance Fail,0
FA2022,FA2022-class 4,9,1919AGABDC,,8.6,7.8,8.4,Passed,8.9
FA2022,FA2022-class 4,10,1905AFAEEJ,,0,0,0,Attendance Fail,0
FA2022,FA2022-class 4,11,1905AFJFDD,,3,4,4.7,Not Passed,7.5
FA2022,FA2022-class 4,12,1905AGCBDD,,5.5,7.6,7.5,Passed,9.5
FA2022,FA2022-class 4,13,1905AFJHEH,,7.6,5.2,7.2,Passed,9.5
FA2022,FA2022-class 4,14,1905AFBAJC,,5.6,4.6,6.4,Passed,9.5
FA2022,FA2022-class 4,15,1905AEAJAJ,,4.9,5.6,6.4,Passed,9
FA2022,FA2022-class 4,16,1905AGCFIE,,5.1,4,5.4,Passed,7.5
FA2022,FA2022-class 4,17,1905AFAEAC,,4.2,3.4,4.9,Not Passed,7.5
FA2022,FA2022-class 4,18,1905AFJHHA,,8.6,8.6,8.9,Passed,9.6
FA2022,FA2022-class 4,19,1905AGBGAE,,8.8,4.8,7.5,Passed,9.7
FA2022,FA2022-class 4,20,1905AFJCBD,,8.7,5.2,7.6,Passed,9.7
FA2022,FA2022-class 4,21,1905AGBADE,,9.4,7.6,8.8,Passed,9.9
FA2022,FA2022-class 4,22,1905AGAICG,,3.8,0,3.8,Is Susspended,9.1
FA2022,FA2022-class 4,23,1905AFJHEI,,9.2,4.8,7.6,Passed,9.7
FA2022,FA2022-class 4,24,1905AGBIHJ,,9.8,7.4,8.8,Passed,9.8
FA2022,FA2022-class 4,25,1905AGCBED,,8.2,4.6,7,Passed,9.1
FA2022,FA2022-class 4,26,1905AFAIBD,,8,5,7,Passed,8.7
FA2022,FA2022-class 4,27,1905ADJCCD,,8.4,5.8,7.5,Passed,8.9
FA2022,FA2022-class 4,28,1905AFBABH,,6.8,6,7.3,Passed,9.5
FA2022,FA2022-class 4,29,1905AFAEJI,,9.3,6.8,8.4,Passed,9.7
FA2022,FA2022-class 5,1,1905AGJCCJ,,8,6.4,7.1,Passed,7
FA2022,FA2022-class 5,2,1905AGJEDF,,3,0,2,Not Passed,3.5
FA2022,FA2022-class 5,3,1905AGJAAF,,6,5.6,6.1,Passed,7
FA2022,FA2022-class 5,4,1905AGJJAJ,,6,0,3.2,Not Passed,4.8
FA2022,FA2022-class 5,5,1905AGJJDA,,6,6.2,6.4,Passed,7
FA2022,FA2022-class 5,6,1905AGJECH,,7,5.8,5.3,Passed,3
FA2022,FA2022-class 5,7,1905AGJJAA,,6,5.8,6.1,Passed,6.8
FA2022,FA2022-class 5,8,1905AGJJHF,,8,5.4,5.6,Passed,3.5
FA2022,FA2022-class 5,9,1905AGAAFI,,6.8,6.2,6.4,Passed,6.3
FA2022,FA2022-class 5,10,1905AGJJIB,,6,6.6,6.5,Passed,7
FA2022,FA2022-class 5,11,1905AGAFJH,,0,0,1.5,Not Passed,5
FA2022,FA2022-class 5,12,1905AGJDFE,,5,7,5.2,Passed,3
FA2022,FA2022-class 5,13,1905AGJEHB,,8,5.4,6.5,Passed,6.5
FA2022,FA2022-class 5,14,1905AGAAAG,,8,4.8,6.4,Passed,7
FA2022,FA2022-class 5,15,1905ADJHFF,,0,0,0,Attendance Fail,0
FA2022,FA2022-class 5,16,1905AGJJEE,,7,3.8,3.6,Not Passed,0
FA2022,FA2022-class 5,17,1905AGJBCA,,6,7,6.6,Passed,6.8
FA2022,FA2022-class 5,18,1905AFJDGD,,4.5,7.8,5.5,Passed,3.5
FA2022,FA2022-class 5,19,1905AGCBJF,,0,0,1.1,Attendance Fail,3.5
FA2022,FA2022-class 5,20,1905AGJEBF,,6,6.2,5.9,Passed,5.3
FA2022,FA2022-class 5,21,1905AFADFG,,0,0,0,Attendance Fail,0
FA2022,FA2022-class 5,22,1905AGAJHI,,7,5.2,5.8,Passed,5.5
FA2022,FA2022-class 5,23,1905AGJBIE,,8,7.8,7.6,Passed,7
FA2022,FA2022-class 5,24,1905AGJDHG,,6,4.6,5.4,Passed,6
FA2022,FA2022-class 5,25,1905AGJBCD,,6,6.6,6.6,Passed,7.3
FA2022,FA2022-class 6,1,1905AGJEBI,,7.2,6.8,7.6,Passed,9.2
FA2022,FA2022-class 6,2,1905AGAFGG,,7.9,4.8,6.9,Passed,8.8
FA2022,FA2022-class 6,3,1905AGAFHE,,9.3,7.4,8.5,Passed,9.3
FA2022,FA2022-class 6,4,1905AGABFF,,8.5,4.6,7.3,Passed,9.6
FA2022,FA2022-class 6,5,1905AGAHJI,,8.7,4.6,7.3,Passed,9.6
FA2022,FA2022-class 6,6,1905AGACCB,,8.7,8.4,8.7,Passed,9.2
FA2022,FA2022-class 6,7,1905AGAGED,,8.7,6.8,8.1,Passed,9.2
FA2022,FA2022-class 6,8,1905AGAGCJ,,6.6,7,7.2,Passed,8.2
FA2022,FA2022-class 6,9,1905AGACGJ,,7.9,5,7,Passed,8.8
FA2022,FA2022-class 6,10,1905AGABFH,,8.3,4,6.8,Passed,9.1
FA2022,FA2022-class 6,11,1905AGABAE,,8.1,7.8,8.3,Passed,9.3
FA2022,FA2022-class 6,12,1905AGAGDE,,7.2,5.8,7.3,Passed,9.5
FA2022,FA2022-class 6,13,1905AGAGAD,,4.9,5.2,5.8,Passed,7.5
FA2022,FA2022-class 6,14,1905AGACGE,,7.4,6.6,7.5,Passed,8.8
FA2022,FA2022-class 6,15,1905AGABEC,,8.7,5.6,7.6,Passed,9.2
FA2022,FA2022-class 6,16,1905AGADIH,,8.5,4.8,7.2,Passed,9.2
FA2022,FA2022-class 6,17,1905AGAFAC,,7.8,5.4,7.2,Passed,9.1
FA2022,FA2022-class 6,18,1905AGABAB,,0,0,0,Attendance Fail,0
FA2022,FA2022-class 6,19,1905AGAACD,,8,7.8,8.2,Passed,9.1
FA2022,FA2022-class 6,20,1905AGAFFE,,6.9,4,6.2,Passed,8.6
FA2022,FA2022-class 6,21,1905AGACBJ,,8.5,6,7.7,Passed,9.2
FA2022,FA2022-class 6,22,1905AGAAFB,,7.4,2.2,5.4,Not Passed,7.7
FA2022,FA2022-class 6,23,1905AGAGGE,,8.4,6.8,7.9,Passed,8.9
FA2022,FA2022-class 6,24,1905ADJDGJ,,8.1,8.2,8.4,Passed,9.1
FA2022,FA2022-class 6,25,1905AGACAI,,0,0,0,Attendance Fail,0
FA2022,FA2022-class 6,26,1905AGADBD,,8.2,9,8.6,Passed,8.7
FA2022,FA2022-class 7,1,1905AGCFBC,,8,5,6.5,Passed,7
FA2022,FA2022-class 7,2,1905AGBBFD,,8.5,8.4,8.5,Passed,8.7
FA2022,FA2022-class 7,3,1905AGBDJD,,10,7.2,8.9,Passed,10
FA2022,FA2022-class 7,4,1905AGBABG,,10,5.4,8,Passed,9.3
FA2022,FA2022-class 7,5,1905AGBJFG,,9,5.8,7.5,Passed,8.4
FA2022,FA2022-class 7,6,1905AGBJEI,,8.5,6.6,7.7,Passed,8.5
FA2022,FA2022-class 7,7,1905AGBAAF,,10,7,8.4,Passed,8.7
FA2022,FA2022-class 7,8,1905AGBDGD,,9,8,8.6,Passed,9
FA2022,FA2022-class 7,9,1905AGBCCF,,7.5,5.2,6.7,Passed,7.8
FA2022,FA2022-class 7,10,1919AFJBGI,,2.5,6,5.3,Passed,7.3
FA2022,FA2022-class 7,11,1905AGBBJC,,8,5.6,6.9,Passed,7.5
FA2022,FA2022-class 7,12,1905AGBDCB,,0,0,0,Attendance Fail,0
FA2022,FA2022-class 7,13,1905AGBJGC,,7,3.8,5.7,Not Passed,7.1
FA2022,FA2022-class 7,14,1905AGAIHI,,10,9.2,9.6,Passed,9.6
FA2022,FA2022-class 7,15,1905AGBDEI,,9.5,6.4,7.6,Passed,7.2
FA2022,FA2022-class 7,16,1905AGBCDA,,9.5,7,8.4,Passed,9.3
FA2022,FA2022-class 7,17,1905AGBBCH,,0,0,0,Attendance Fail,0
FA2022,FA2022-class 7,18,1905AGBCEE,,0,0,0,Attendance Fail,0
FA2022,FA2022-class 7,19,1905AGBBEB,,6,4.8,5.9,Passed,7.2
FA2022,FA2022-class 7,20,1905AGBAJE,,7.4,6.4,6.9,Passed,7.2
FA2022,FA2022-class 7,21,1905AGBDFG,,0,0,0,Attendance Fail,0
FA2022,FA2022-class 7,22,1905AGBCAI,,6,7,7,Passed,8.1
FA2022,FA2022-class 7,23,1905AGBAII,,6,4.4,5.8,Passed,7.4
FA2022,FA2022-class 7,24,1905AGBAFF,,6,4.6,6,Passed,7.7
FA2022,FA2022-class 8,1,1905AEJFCD,,8.2,4.6,6.9,Passed,8.6
FA2022,FA2022-class 8,2,1905AFJDCH,,4.2,0,2.1,Attendance Fail,2.7
FA2022,FA2022-class 8,3,1905AGCEEF,,8.9,5.8,7.4,Passed,8
FA2022,FA2022-class 8,4,1905AGBIAF,,8.3,5.2,7.1,Passed,8.5
FA2022,FA2022-class 8,5,1905AGCBCE,,8.7,5.2,6.7,Passed,6.7
FA2022,FA2022-class 8,6,1905AGCCCF,,8.5,7,8,Passed,8.7
FA2022,FA2022-class 8,7,1905AGCJIH,,8.7,9,8.8,Passed,8.8
FA2022,FA2022-class 8,8,1905AGCJGJ,,9.4,6.6,8.1,Passed,8.7
FA2022,FA2022-class 8,9,1905AGCAGH,,9.4,7,8.3,Passed,8.9
FA2022,FA2022-class 8,10,1905AGCBCI,,8.9,7.8,8.4,Passed,8.7
FA2022,FA2022-class 8,11,1905AGCJED,,7.5,4.6,6.7,Passed,8.7
FA2022,FA2022-class 8,12,1905AGCADE,,8.3,7.6,8.1,Passed,8.6
FA2022,FA2022-class 8,13,1905AGJDEH,,8.8,5,7.2,Passed,8.4
FA2022,FA2022-class 8,14,1905AGCAFH,,9.2,7.4,8.3,Passed,8.6
FA2022,FA2022-class 8,15,1905AGCJIC,,8.5,7.4,8.1,Passed,8.7
FA2022,FA2022-class 8,16,1905AGCBJB,,7.9,7.8,8.1,Passed,8.7
FA2022,FA2022-class 8,17,1905AGCAFB,,8.9,4.6,7,Passed,8.5
FA2022,FA2022-class 8,18,1905AGCAIG,,8.9,6.2,7.7,Passed,8.6
FA2022,FA2022-class 8,19,1905AGCJBE,,9.2,7.2,8.3,Passed,8.9
FA2022,FA2022-class 8,20,1905AGCBAJ,,9.2,4.2,7.1,Passed,9.1
FA2022,FA2022-class 8,21,1905AGCAJI,,9,8.2,8.6,Passed,8.8
FA2022,FA2022-class 8,22,1905AGJJEC,,9.2,5.4,7.3,Passed,8.1
FA2022,FA2022-class 8,23,1905AGCBJC,,8.4,4.2,6.7,Passed,8.5
FA2022,FA2022-class 8,24,1905AGCBJH,,9,4.8,7.3,Passed,8.9
FA2022,FA2022-class 8,25,1905AGCJAI,,8.7,0,3.9,Attendance Fail,4.3
FA2022,FA2022-class 8,26,1905AGBIIJ,,9.2,7,8.1,Passed,8.5
FA2022,FA2022-class 8,27,1905AGCAFF,,9,5.6,7.5,Passed,8.5
FA2022,FA2022-class 8,28,1905AGCACD,,9,8,8.4,Passed,8.4
FA2022,FA2022-class 8,29,1905AGCAAA,,8.9,6.8,7.3,Passed,6.3
FA2022,FA2022-class 8,30,1905AGCACI,,8.4,6.6,7.7,Passed,8.5
FA2022,FA2022-class 8,31,1905AGCBCH,,9.4,7,8.2,Passed,8.8
FA2022,FA2022-class 9,1,1905AGCDCE,,8.7,7.2,8.3,Passed,9.2
FA2022,FA2022-class 9,2,1905AGCFID,,6,6,6.9,Passed,9.2
FA2022,FA2022-class 9,3,1905AGCEHH,,8.4,4,7,Passed,9.6
FA2022,FA2022-class 9,4,1905AGCCJB,,8,4.8,7,Passed,9
FA2022,FA2022-class 9,5,1905AGCEHC,,8.8,6.6,8,Passed,9.1
FA2022,FA2022-class 9,6,1905AGCDEF,,8.9,6.2,7.9,Passed,9.2
FA2022,FA2022-class 9,7,1905AGCEIJ,,7.9,5,7.1,Passed,9.1
FA2022,FA2022-class 9,8,1919AFJCDA,,7.9,4.6,7.1,Passed,9.6
FA2022,FA2022-class 9,9,1905AGCEBJ,,8.2,6.6,8,Passed,9.6
FA2022,FA2022-class 9,10,1905AGCFEC,,5.8,5.4,6.1,Passed,7.3
FA2022,FA2022-class 9,11,1905AGCEHD,,8.7,4.2,7,Passed,8.9
FA2022,FA2022-class 9,12,1905AGCEHF,,8,6.2,7.6,Passed,9.2
FA2022,FA2022-class 9,13,1905AGCFED,,6.2,5.8,6.8,Passed,8.8
FA2022,FA2022-class 9,14,1905AGCCFC,,7.9,5.8,7.5,Passed,9.3
FA2022,FA2022-class 9,15,1905AGCDGA,,7.9,5,7.1,Passed,9
FA2022,FA2022-class 9,16,1905AGBIIE,,7.7,6.4,7.4,Passed,8.3
FA2022,FA2022-class 9,17,1905AFAGJD,,0,0,0,Attendance Fail,0
FA2022,FA2022-class 9,18,1905AGCCGJ,,9.2,6.6,8,Passed,8.8
FA2022,FA2022-class 9,19,1905AGCFHF,,6.2,6,6.8,Passed,8.6
FA2022,FA2022-class 9,20,1905AEJIAI,,0,0,0,Attendance Fail,0
FA2022,FA2022-class 9,21,1905AGCFJA,,5.6,5,6.4,Passed,9.1
FA2022,FA2022-class 9,22,1905AFJHAG,,7.7,5.8,7.2,Passed,8.7
FA2022,FA2022-class 9,23,1905AGCGJD,,6.7,5.8,7.2,Passed,9.5
FA2022,FA2022-class 9,24,1905AGCAGJ,,7.7,6,7.5,Passed,9.2
FA2022,FA2022-class 9,25,1905AGCCFF,,6.7,6.4,7,Passed,8.1
FA2022,FA2022-class 9,26,1905AGCFHA,,6.4,8.8,8.3,Passed,9.5
FA2022,FA2022-class 9,27,1905AGCCHD,,7.9,4.8,7,Passed,8.9
FA2022,FA2022-class 9,28,1905AGCDBB,,8.5,7.8,8.4,Passed,9.2
FA2022,FA2022-class 9,29,1905AGCBIB,,9.1,7,8.3,Passed,9.4
FA2022,FA2022-class 9,30,1905AGCDHF,,9.4,5.6,7.8,Passed,9.2
FA2022,FA2022-class 9,31,1905AGCDIB,,8.4,7,8.2,Passed,9.6
FA2023,FA2023-class 1,1,1905AHJAAC,,7.5,9,8.6,Passed,9.3
FA2023,FA2023-class 1,2,1905AGJJJF,,5,6.8,7.2,Passed,9.9
FA2023,FA2023-class 1,3,1905AGBBIH,,0,0,0.3,Attendance Fail,1.1
FA2023,FA2023-class 1,4,1905AFJEJD,,3.5,4.8,5.3,Passed,7.9
FA2023,FA2023-class 1,5,1905AGAFJG,,0,0,0,Attendance Fail,0
FA2023,FA2023-class 1,6,1905AHJAAD,,3,7.4,6.2,Passed,7.8
FA2023,FA2023-class 1,7,1905AHDIJI,,9.5,8.4,9.2,Passed,10
FA2023,FA2023-class 1,8,1905AHJJEI,,3,9.2,7.4,Passed,9.4
FA2023,FA2023-class 1,9,1905AHJCHI,,9,5.2,7.8,Passed,10
FA2023,FA2023-class 1,10,1905AGBBFI,,2.5,5,5.6,Passed,9.4
FA2023,FA2023-class 1,11,1905AGAJEA,,2.5,0,3.2,Not Passed,8
FA2023,FA2023-class 1,12,1905AHJCJD,,2.5,7,6.1,Passed,8.5
FA2023,FA2023-class 1,13,1905AGJEGE,,5,5.2,6.4,Passed,9.5
FA2023,FA2023-class 1,14,1905AHJCJA,,2.5,6.2,6,Passed,9.1
FA2023,FA2023-class 1,15,1905AHBJGA,,2.5,0,1.8,Attendance Fail,3.6
FA2023,FA2023-class 1,16,1905AGAJBA,,7.5,4.8,6.6,Passed,8.1
FA2023,FA2023-class 1,17,1905AHJAJI,,8,8.8,8.7,Passed,9.3
FA2023,FA2023-class 1,18,1905AHJCID,,3,7.4,6.6,Passed,9.3
FA2023,FA2023-class 1,19,1905AHDCJC,,7,0,3.8,Not Passed,5.8
FA2023,FA2023-class 1,20,1905AGBECE,,2.5,5.2,5.6,Passed,9.4
FA2023,FA2023-class 1,21,1905AHJAFJ,,3,6,5.8,Passed,8.3
FA2023,FA2023-class 1,22,1905AHJEDA,,6,0,4.1,Not Passed,7.6
FA2023,FA2023-class 1,23,1905AFAHGE,,2.5,6.6,5.6,Passed,7.5
FA2023,FA2023-class 1,24,1905AHJCEE,,9,7.4,8.5,Passed,9.5
FA2023,FA2023-class 1,25,1905AHJAHJ,,9,6.2,7.9,Passed,9.1
FA2023,FA2023-class 1,26,1905AGBAAG,,7.5,7.8,8.1,Passed,9.3
FA2023,FA2023-class 1,27,1905AHJAHC,,10,5,7.7,Passed,9.1
FA2023,FA2023-class 2,1,1905AHAFEA,,9,7.2,8.3,Passed,8.9
FA2023,FA2023-class 2,2,1905AHBABG,,9,5.8,7.7,Passed,8.8
FA2023,FA2023-class 2,3,1905AHBIDG,,9,8.8,8.9,Passed,8.8
FA2023,FA2023-class 2,4,1905AHJFDI,,8.7,6.6,7.8,Passed,8.7
FA2023,FA2023-class 2,5,1905AHCJHD,,9,8.4,8.7,Passed,8.8
FA2023,FA2023-class 2,6,1905AHBBBC,,9,8,8.6,Passed,8.9
FA2023,FA2023-class 2,7,1905AHBAHI,,8.7,8.8,8.6,Passed,8.3
FA2023,FA2023-class 2,8,1905AHBCFD,,9,8,8.6,Passed,8.9
FA2023,FA2023-class 2,9,1905AHAHBA,,9,7.2,8.3,Passed,9
FA2023,FA2023-class 2,10,1905AHCBEA,,9,9,8.9,Passed,8.8
FA2023,FA2023-class 2,11,1905AHAEHB,,8.4,7.4,7.9,Passed,8.2
FA2023,FA2023-class 2,12,1905AHBDJI,,9,7.4,8.3,Passed,8.9
FA2023,FA2023-class 2,13,1905AHAEEB,,9,6.8,8.1,Passed,8.8
FA2023,FA2023-class 2,14,1905AHJFDJ,,8.4,6.4,7.6,Passed,8.3
FA2023,FA2023-class 2,15,1905AHBDAJ,,9,7,8.2,Passed,8.9
FA2023,FA2023-class 2,16,1905AHBJEJ,,9,4.6,7.2,Passed,8.9
FA2023,FA2023-class 2,17,1905AHAGDH,,9,8.2,8.7,Passed,8.9
FA2023,FA2023-class 2,18,1905AHBCDE,,9,7.8,8.5,Passed,8.8
FA2023,FA2023-class 2,19,1905AGABHI,,9,5.4,7.5,Passed,8.9
FA2023,FA2023-class 2,20,1905AHBCJI,,9,9,9,Passed,8.9
FA2023,FA2023-class 2,21,1905AHBCHJ,,8.7,8.4,8.6,Passed,8.8
FA2023,FA2023-class 2,22,1905AHAIBG,,9,8.6,8.8,Passed,8.8
FA2023,FA2023-class 2,23,1901AHJJAC,,9,4.8,7.3,Passed,8.9
FA2023,FA2023-class 2,24,1905AHBDCI,,9,6.6,8,Passed,8.8
FA2023,FA2023-class 2,25,1905AHAIFE,,9,7.6,8.4,Passed,8.9
FA2023,FA2023-class 2,26,1905AHBJJA,,9,7,8.2,Passed,8.9
FA2023,FA2023-class 2,27,1905AHAHBB,,8.4,6.8,7.7,Passed,8.2
FA2023,FA2023-class 2,28,1905AHBAIG,,9,5.8,7.7,Passed,8.9
FA2023,FA2023-class 2,29,1905AHBCEG,,9,7,8.2,Passed,8.9
FA2023,FA2023-class 2,30,0405AHJGCI,,9,8.6,8.8,Passed,8.9
FA2023,FA2023-class 2,31,1905AHBDJF,,9,8.8,8.8,Passed,8.5
FA2023,FA2023-class 2,32,1905AHAFEH,,9,7.8,8.5,Passed,8.9
FA2023,FA2023-class 2,33,1905AHCGAI,,9,0,5.4,Not Passed,8.9
FA2023,FA2023-class 2,34,1905AGJEEH,,9,0,5.3,Not Passed,8.8
FA2023,FA2023-class 2,35,1905AHBAHE,,9,8,8.6,Passed,8.9
FA2023,FA2023-class 3,1,1905AHCADA,,7.3,7,7.3,Passed,7.9
FA2023,FA2023-class 3,2,1905AHJABG,,7,6.8,7.3,Passed,8.4
FA2023,FA2023-class 3,3,1905AHCBCE,,8,7.2,7.5,Passed,7.5
FA2023,FA2023-class 3,4,1905AHCDAA,,7,6.4,7.2,Passed,8.6
FA2023,FA2023-class 3,5,1905AHBHCF,,8,6.4,7.6,Passed,8.8
FA2023,FA2023-class 3,6,1905AHBFAF,,7.3,8.6,8.2,Passed,8.6
FA2023,FA2023-class 3,7,1905AFAGJA,,7.3,6.2,6.8,Passed,7
FA2023,FA2023-class 3,8,1905AHBFGF,,7.3,8.8,8.2,Passed,8.5
FA2023,FA2023-class 3,9,1905AHAGDA,,7.8,7,7.4,Passed,7.6
FA2023,FA2023-class 3,10,1905AHCCJC,,8.5,6.8,7.7,Passed,8.3
FA2023,FA2023-class 3,11,1905AHCJIA,,8.3,7.4,8.1,Passed,8.8
FA2023,FA2023-class 3,12,1905AHCJIJ,,7.3,6.4,7.3,Passed,8.5
FA2023,FA2023-class 3,13,1905AHBGJF,,8.3,6.6,7.8,Passed,9
FA2023,FA2023-class 3,14,1905AHCCAJ,,7.3,5.4,6.8,Passed,8.1
FA2023,FA2023-class 3,15,1905AHCAFI,,9,9,8.8,Passed,8.4
FA2023,FA2023-class 3,16,1905AHCCIE,,7,5.4,6.7,Passed,8.1
FA2023,FA2023-class 3,17,1905AHBGEG,,7.3,8,8,Passed,8.8
FA2023,FA2023-class 3,18,1905AHCEGD,,7.3,5.8,6.8,Passed,7.8
FA2023,FA2023-class 3,19,1905AHCEJG,,10,8.8,9,Passed,8.3
FA2023,FA2023-class 3,20,1905AHCAGF,,7.8,6.8,7.1,Passed,6.9
FA2023,FA2023-class 3,21,1905AHBIAG,,7,0,4.4,Not Passed,7.8
FA2023,FA2023-class 3,22,1905AHCGGG,,8,8.4,8.4,Passed,8.8
FA2023,FA2023-class 3,23,1905AHBIAJ,,8,7,7.8,Passed,8.8
FA2023,FA2023-class 3,24,1905AHCBEF,,9,7,7.8,Passed,7.8
FA2023,FA2023-class 3,25,1905AHBGHE,,9,6.6,8,Passed,8.8
FA2023,FA2023-class 3,26,1905AHCBJC,,9,8.2,8.4,Passed,8.1
FA2023,FA2023-class 3,27,1905AGBEHB,,7,5.2,6.4,Passed,7.4
FA2023,FA2023-class 4,1,1905AHDFCG,,8,6,7.5,Passed,9.1
FA2023,FA2023-class 4,2,1905AHDGGG,,9,6,7.8,Passed,8.9
FA2023,FA2023-class 4,3,1905AHCHHD,,7,5.2,6.4,Passed,7.4
FA2023,FA2023-class 4,4,1905AHCGAH,,9.5,7.2,8.5,Passed,9.4
FA2023,FA2023-class 4,5,1905AHCGCG,,8.8,4.2,6.7,Passed,8.1
FA2023,FA2023-class 4,6,1905AHDADF,,8.8,8,8.7,Passed,9.5
FA2023,FA2023-class 4,7,1905AEJEEH,,8.5,7.8,8.2,Passed,8.5
FA2023,FA2023-class 4,8,1905AHDECI,,9.5,6.2,8.2,Passed,9.5
FA2023,FA2023-class 4,9,1905AHCGHG,,7.8,6,7.5,Passed,9.4
FA2023,FA2023-class 4,10,1905AHCFFF,,7.8,4.6,7.1,Passed,9.6
FA2023,FA2023-class 4,11,1905AHCAHJ,,9.3,8.2,8.9,Passed,9.5
FA2023,FA2023-class 4,12,1905AGCDJH,,9.5,6.2,8.1,Passed,9.3
FA2023,FA2023-class 4,13,1905AHBJAD,,9.3,8.2,9,Passed,9.8
FA2023,FA2023-class 4,14,1905AHCHDH,,8.8,5.4,7.5,Passed,9
FA2023,FA2023-class 4,15,1905AHCGDG,,9.5,7.2,8.5,Passed,9.4
FA2023,FA2023-class 4,16,1905AHDHDF,,8.3,6.4,7.9,Passed,9.6
FA2023,FA2023-class 4,17,1905AHDHCI,,8.8,5.2,7.6,Passed,9.6
FA2023,FA2023-class 4,18,1905AHDCBA,,7.8,5.8,7.1,Passed,8.3
FA2023,FA2023-class 4,19,1905AHBFGG,,7,7.4,7.6,Passed,8.6
FA2023,FA2023-class 4,20,1905AHDECD,,9.3,7.6,8.7,Passed,9.6
FA2023,FA2023-class 4,21,1905AHDDIG,,8,5.6,6.5,Passed,6.3
FA2023,FA2023-class 4,22,1905AHEJBD,,8.5,6.4,7.8,Passed,9
FA2023,FA2023-class 4,23,1905AHCEBJ,,9.5,7.2,8.7,Passed,9.8
FA2023,FA2023-class 4,24,1905AHDEDA,,8.5,6.2,7.8,Passed,9.3
FA2023,FA2023-class 4,25,1905AHDGCG,,8.8,9.4,9.3,Passed,9.6
FA2023,FA2023-class 4,26,1905AHDAAB,,9,9.8,9.5,Passed,9.8
FA2023,FA2023-class 4,27,1905AHCDGG,,8.8,6.8,8.2,Passed,9.5
FA2023,FA2023-class 4,28,1905AHDCGD,,9.5,7.6,8.7,Passed,9.5
FA2023,FA2023-class 4,29,1905AHCIBG,,7.8,9.2,8.2,Passed,7.3
FA2023,FA2023-class 4,30,1905AHDBJD,,8,8.2,8.4,Passed,9
FA2023,FA2023-class 4,31,1905AHDGAG,,8.3,7.2,8.1,Passed,9.3
FA2023,FA2023-class 4,32,1905AHDEAF,,9,8.2,8.9,Passed,9.6
FA2023,FA2023-class 4,33,1905AHDFIB,,8,7.2,7.9,Passed,8.9
FA2023,FA2023-class 4,34,1905AHDFDI,,9,4.8,7.2,Passed,8.6
FA2023,FA2023-class 4,35,1905AHDBJB,,7.5,6.2,6.9,Passed,7.1
FA2023,FA2023-class 5,1,1905AHCGAJ,,8.1,5,7.3,Passed,9.4
FA2023,FA2023-class 5,2,1905AHCBAH,,9,6.8,8,Passed,8.6
FA2023,FA2023-class 5,3,1905AFJIAF,,0,0,0,Attendance Fail,0
FA2023,FA2023-class 5,4,1905AFADGI,,0,0,0,Attendance Fail,0
FA2023,FA2023-class 5,5,1905AHBJBJ,,0,0,0,Attendance Fail,0
FA2023,FA2023-class 5,6,1905AHJJBB,,8.1,3,5.4,Not Passed,6
FA2023,FA2023-class 5,7,1905AGAJHB,,8,5,6.5,Passed,7.1
FA2023,FA2023-class 5,8,1905AHJDAH,,8.9,7.8,8.6,Passed,9.4
FA2023,FA2023-class 5,9,1905AHBJCF,,8.4,7.8,8.5,Passed,9.5
FA2023,FA2023-class 5,10,1905AHCBHI,,0,0,0,Attendance Fail,0
FA2023,FA2023-class 5,11,1905AHCDBG,,8.7,8.4,8.6,Passed,8.7
FA2023,FA2023-class 5,12,1905AGBIIA,,8.5,6.6,7.6,Passed,8.1
FA2023,FA2023-class 5,13,1905AGBFEH,,4.7,5.2,5.5,Passed,6.7
FA2023,FA2023-class 5,14,1905AHCJGA,,9,7.4,8.6,Passed,9.7
FA2023,FA2023-class 5,15,1905AHBDEG,,8.8,7.6,8.2,Passed,8.3
FA2023,FA2023-class 5,16,1905AHBDEA,,8.8,5.4,7.5,Passed,9.1
FA2023,FA2023-class 5,17,1905AHBCGA,,8.1,6.2,7.8,Passed,9.6
FA2023,FA2023-class 5,18,1905AGCEDB,,2.7,0,3.4,Attendance Fail,8.8
FA2023,FA2023-class 5,19,1905AHCDAD,,0,0,0,Attendance Fail,0
FA2023,FA2023-class 5,20,1905AHDGBF,,9,9.2,9.1,Passed,9.1
FA2023,FA2023-class 5,21,1905AGCEHJ,,8.8,5.2,7.5,Passed,9.1
FA2023,FA2023-class 5,22,1905AHDFGF,,9,9.2,9,Passed,8.9
FA2023,FA2023-class 5,23,1905AHJDGG,,8.9,8,8.7,Passed,9.5
FA2023,FA2023-class 5,24,1905AHDCBE,,0,0,0,Attendance Fail,0
FA2023,FA2023-class 5,25,1905AHBJDJ,,8.4,7,7.1,Passed,5.9
FA2023,FA2023-class 5,26,1905AHBJHD,,8.4,6.2,7.5,Passed,8.4
FA2023,FA2023-class 5,27,1905AGJBEB,,3.5,6.8,5.4,Passed,5.4
FA2023,FA2023-class 5,28,1905AGAAHG,,8.8,6.4,8,Passed,9.5
FA2023,FA2023-class 6,1,1905AGJACC,,7,6.8,7.4,Passed,8.5
FA2023,FA2023-class 6,2,1905AFJECJ,,7,6.4,7.2,Passed,8.5
FA2023,FA2023-class 6,3,1905AHCDIG,,0,0,0,Attendance Fail,0
FA2023,FA2023-class 6,4,1905AGJBFC,,8,8.2,8.2,Passed,8.5
FA2023,FA2023-class 6,5,1905AGAEBI,,7.5,7.8,7.9,Passed,8.5
FA2023,FA2023-class 6,6,1905AHJJBJ,,0,0,2.1,Attendance Fail,6.9
FA2023,FA2023-class 6,7,1905AHBFCA,,8.3,8,8,Passed,7.7
FA2023,FA2023-class 6,8,1905AGAEHJ,,8,7,7.9,Passed,8.9
FA2023,FA2023-class 6,9,1905AHAIAI,,8.5,7.2,8.2,Passed,9.4
FA2023,FA2023-class 6,10,0305AHADBJ,,8.5,6.2,7.8,Passed,9.2
FA2023,FA2023-class 6,11,1905AGABHE,,7,4.8,6.5,Passed,8.2
FA2023,FA2023-class 6,12,0405AHJGJD,,10,7.2,8.7,Passed,9.6
FA2023,FA2023-class 6,13,1905AFBAEI,,8.8,5,7.4,Passed,9.2
FA2023,FA2023-class 6,14,1905AGABBJ,,9.5,9,9.3,Passed,9.4
FA2023,FA2023-class 6,15,0819AHJDFA,,9,7.2,7.9,Passed,7.8
FA2023,FA2023-class 6,16,1905AHCGHF,,8.8,8.2,8.7,Passed,9.5
FA2023,FA2023-class 6,17,1705AHJAJG,,7.3,6.2,7.3,Passed,8.7
FA2023,FA2023-class 6,18,1905AHDBHA,,8,8.2,8.3,Passed,8.8
FA2023,FA2023-class 6,19,1905AGJJJI,,8.3,7.2,8.2,Passed,9.4
FA2023,FA2023-class 6,20,1905AHCEAF,,3.5,0,2.9,Attendance Fail,6.3
FA2023,FA2023-class 6,21,1905AFJFEB,,8,0,5,Not Passed,8.6
FA2023,FA2023-class 6,22,1905AGADAH,,0,0,0.7,Attendance Fail,2.4
FA2023,FA2023-class 6,23,1905AGBHCE,,7.8,6.2,7.5,Passed,9.1
FA2023,FA2023-class 6,24,1905AGBHGJ,,8.3,7,7.9,Passed,8.8
FA2023,FA2023-class 6,25,1905AGJBHF,,9,5.2,7,Passed,7.5
FA2023,FA2023-class 6,26,1905AHCEEG,,6,7.2,6.8,Passed,7.1
FA2023,FA2023-class 6,27,1905AFJIEB,,7.5,4.8,6.9,Passed,9.1
FA2023,FA2023-class 7,1,1905AGCBHA,,1.5,0,2.4,Attendance Fail,6.6
FA2023,FA2023-class 7,2,1905AGBFCE,,9,5.8,7.8,Passed,9.3
FA2023,FA2023-class 7,3,1905AGJCJH,,0,0,0,Attendance Fail,0
FA2023,FA2023-class 7,4,1905AGBAAB,,0,0,0,Attendance Fail,0
FA2023,FA2023-class 7,5,1905AHCIHA,,8.3,5.4,7.5,Passed,9.4
FA2023,FA2023-class 7,6,1905AGBABD,,8.8,6.2,7.7,Passed,8.8
FA2023,FA2023-class 7,7,1905AEJGEJ,,9,6.2,8,Passed,9.4
FA2023,FA2023-class 7,8,1905AGBCBD,,8.3,5.6,7.6,Passed,9.6
FA2023,FA2023-class 7,9,1905AFAGBG,,9,8.4,8.9,Passed,9.4
FA2023,FA2023-class 7,10,1905AHBEIA,,7.6,7.8,8.2,Passed,9.3
FA2023,FA2023-class 7,11,1905AGCCJJ,,9,3.6,7,Not Passed,9.6
FA2023,FA2023-class 7,12,1905AHJDBH,,7.7,4.4,6.9,Passed,9.5
FA2023,FA2023-class 7,13,1905AHDJGA,,7.2,4.4,6.7,Passed,9.4
FA2023,FA2023-class 7,14,1905AHCAHB,,8.4,0,4.6,Attendance Fail,6.9
FA2023,FA2023-class 7,15,1905AGBAFE,,8.8,3.2,6.7,Not Passed,9.4
FA2023,FA2023-class 7,16,1905AGBHIJ,,8,5.2,7.3,Passed,9.5
FA2023,FA2023-class 7,17,1905AHBIGG,,8.4,4.8,6.2,Passed,6.1
FA2023,FA2023-class 7,18,1905AHAGIH,,1.5,4.2,5,Passed,9.6
FA2023,FA2023-class 7,19,1905AHBEAE,,0,0,0,Attendance Fail,0
FA2023,FA2023-class 7,20,1905AGBBED,,9,7.4,8.6,Passed,9.8
FA2023,FA2023-class 7,21,1905AGAHBC,,8.5,6.8,7.8,Passed,8.6
FA2023,FA2023-class 7,22,1905AGBFEG,,6.8,6.2,7.3,Passed,9.4
FA2023,FA2023-class 7,23,1905AGAIFI,,4.9,0,3.5,Attendance Fail,6.9
FA2023,FA2023-class 7,24,1905AGAGHE,,4,3.8,4.7,Not Passed,6.6
FA2023,FA2023-class 7,25,1905AGBCBF,,8.1,5,7.3,Passed,9.5
FA2023,FA2023-class 7,26,1905AGBHFD,,9,5.2,7,Passed,7.5
FA2023,FA2023-class 7,27,1905AGBHJE,,8.2,5.2,7.5,Passed,9.8
FA2023,FA2023-class 7,28,1905AGAHCC,,8.3,5.6,7,Passed,7.8
FA2023,FA2023-class 7,29,1905ADJDDA,,7.7,5.6,7.2,Passed,8.8
FA2023,FA2023-class 7,30,1905AHBBFA,,0,0,0,Attendance Fail,0
FA2023,FA2023-class 8,1,1905AHJAAE,,9,6.4,8.1,Passed,9.5
FA2023,FA2023-class 8,2,1905AHJDDF,,9.1,7.8,8.7,Passed,9.5
FA2023,FA2023-class 8,3,1905AHCFAA,,8.2,6.2,7.8,Passed,9.5
FA2023,FA2023-class 8,4,1905AGBHAE,,9,6,6.5,Passed,4.8
FA2023,FA2023-class 8,5,1905AHJDBA,,8.4,7.2,8.3,Passed,9.6
FA2023,FA2023-class 8,6,1905AHJADF,,8.9,10,8.6,Passed,6.4
FA2023,FA2023-class 8,7,1905AHJAJH,,8.9,5,7.6,Passed,9.7
FA2023,FA2023-class 8,8,1905AHJADE,,8.4,3.8,6.9,Not Passed,9.5
FA2023,FA2023-class 8,9,1905AHJAIA,,8.9,6,7.7,Passed,8.9
FA2023,FA2023-class 8,10,1905AHJCFC,,8.1,5.6,7.5,Passed,9.5
FA2023,FA2023-class 8,11,1905AHJJEF,,9,7,8.4,Passed,9.7
FA2023,FA2023-class 8,12,1905AHJAIB,,9,6.2,8,Passed,9.5
FA2023,FA2023-class 8,13,1905AHJAEI,,8.8,8.4,8.8,Passed,9.2
FA2023,FA2023-class 8,14,1905AHJJEH,,8.8,6.6,8,Passed,9.2
FA2023,FA2023-class 8,15,1905AHJEAB,,8.9,5,7,Passed,7.8
FA2023,FA2023-class 8,16,1905AHJCIE,,9,8.2,8.8,Passed,9.4
FA2023,FA2023-class 8,17,1905AHDGGD,,7.7,7,7.9,Passed,9.4
FA2023,FA2023-class 8,18,1905AHJCGJ,,9,9.2,9.3,Passed,9.6
FA2023,FA2023-class 8,19,1905AGCGJI,,9.2,6,8.1,Passed,9.7
FA2023,FA2023-class 8,20,1905AHJDDB,,9.1,6.6,8.2,Passed,9.6
FA2023,FA2023-class 8,21,1905AHBBCG,,8.8,7.2,8.4,Passed,9.6
FA2023,FA2023-class 8,22,1905AHJBII,,8.6,7.4,8.4,Passed,9.6
FA2023,FA2023-class 8,23,1905AHCFJJ,,9,4.6,7.1,Passed,8.5
FA2023,FA2023-class 8,24,1905AGCFGH,,8.7,6.4,7.7,Passed,8.3
FA2023,FA2023-class 8,25,1905AHJJDA,,9,8.4,8.9,Passed,9.6
FA2023,FA2023-class 8,26,1905AHJDDE,,9,5.6,7.9,Passed,9.7
FA2023,FA2023-class 8,27,1905AHDFIE,,7.8,6.6,7.6,Passed,8.9
FA2023,FA2023-class 8,28,1905AGCDAG,,8.8,5.2,7.5,Passed,9.3
FA2023,FA2023-class 8,29,1905AHBJJE,,5.2,8.2,7.2,Passed,7.8
FA2023,FA2023-class 8,30,1905AHDHIG,,0,0,0,Attendance Fail,0
FA2023,FA2023-class 8,31,1905AHJDGC,,8.8,7.4,8.5,Passed,9.7
FA2023,FA2023-class 8,32,1905AHJJAJ,,8.6,8.8,9,Passed,9.7
FA2023,FA2023-class 8,33,1905AHJDJF,,0,0,0,Attendance Fail,0
FA2023,FA2023-class 8,34,1905AGJCEJ,,0,0,0,Attendance Fail,0
FA2023,FA2023-class 9,1,1905AHJGGI,,6,4.4,5.9,Passed,7.9
FA2023,FA2023-class 9,2,1905AHBJAI,,8.5,4,6.7,Passed,8.6
FA2023,FA2023-class 9,3,1905AHJGGD,,5.5,8,7.3,Passed,8
FA2023,FA2023-class 9,4,1905AHJFIA,,7.5,5.8,7.3,Passed,9
FA2023,FA2023-class 9,5,1905AHAHCA,,8.5,9,9,Passed,9.5
FA2023,FA2023-class 9,6,1905AGBEEJ,,5.5,4.6,5.6,Passed,7
FA2023,FA2023-class 9,7,1905AGCAFJ,,7.3,10,8.6,Passed,8.1
FA2023,FA2023-class 9,8,1905AHAGHG,,9,5.2,7.5,Passed,9.2
FA2023,FA2023-class 9,9,1905AHBJAJ,,5.3,8,7.3,Passed,8.4
FA2023,FA2023-class 9,10,1905AHJEIH,,6.8,6.4,7.2,Passed,8.8
FA2023,FA2023-class 9,11,1905AHAEBD,,8,5.4,6.9,Passed,7.8
FA2023,FA2023-class 9,12,1905AGCJDD,,5.8,5.2,6.2,Passed,8
FA2023,FA2023-class 9,13,1905AHBCHI,,8.8,9,8.9,Passed,8.8
FA2023,FA2023-class 9,14,1905AHJFGC,,8.5,5.6,7.4,Passed,8.8
FA2023,FA2023-class 9,15,1905AHAGBC,,8.8,7.6,8.5,Passed,9.5
FA2023,FA2023-class 9,16,1905AHJDIC,,4.5,7.6,6.9,Passed,8.4
FA2023,FA2023-class 9,17,1905AHBJJI,,9.3,6.6,8.2,Passed,9.4
FA2023,FA2023-class 9,18,1905AHAEAG,,8.5,7.2,8.2,Passed,9.3
FA2023,FA2023-class 9,19,1905AHJEAH,,8,6.8,7.9,Passed,9.2
FA2023,FA2023-class 9,20,1905AHBGCJ,,8.8,7.2,7.8,Passed,7.8
FA2023,FA2023-class 9,21,1905AHJGJD,,7,6.2,7,Passed,8.1
FA2023,FA2023-class 9,22,1905AHJGDC,,8,9,8.7,Passed,9
FA2023,FA2023-class 9,23,1905AHBAGA,,5.8,6.4,6.8,Passed,8.3
FA2023,FA2023-class 9,24,1905AGCAEJ,,0,0,1.7,Attendance Fail,5.7
FA2023,FA2023-class 9,25,1905AHJCEC,,8.8,5.8,7.6,Passed,8.9
FA2023,FA2023-class 9,26,1905AHBAJJ,,8,3.6,5.8,Not Passed,6.6
FA2023,FA2023-class 9,27,1905AHJFFA,,7,5.4,7,Passed,9
FA2023,FA2023-class 9,28,1905AGAGCE,,6,4,5.4,Passed,6.8
FA2023,FA2023-class 9,29,1905AHBJFF,,2.8,0,2.7,Attendance Fail,6.1
FA2023,FA2023-class 9,30,1905AHJFFG,,5.5,7.2,6.8,Passed,7.5
FA2023,FA2023-class 9,31,1905AEABJA,,6,5.2,6.2,Passed,7.8
FA2023,FA2023-class 9,32,1905AHJEDJ,,7.8,5.8,7.3,Passed,8.7
FA2023,FA2023-class 9,33,1905AHBAAE,,6.8,9.8,8.4,Passed,8.1
FA2023,FA2023-class 9,34,1905AHJGAB,,5.5,5.4,6.3,Passed,8.4
FA2023,FA2023-class 10,1,1905AHBGDF,,8.6,8.2,8.6,Passed,9.1
FA2023,FA2023-class 10,2,1905AGCEBH,,9.2,7.8,8.6,Passed,9.2
FA2023,FA2023-class 10,3,1905AHBDFJ,,9.3,7.8,8.7,Passed,9.2
FA2023,FA2023-class 10,4,1905AHBEHF,,5.4,5,5.7,Passed,6.8
FA2023,FA2023-class 10,5,1905AHBDFC,,9,5.2,7.5,Passed,9.2
FA2023,FA2023-class 10,6,1905AHBEGB,,7.2,0,3.4,Attendance Fail,4.3
FA2023,FA2023-class 10,7,1905AHDHBA,,9.3,8.8,9,Passed,9
FA2023,FA2023-class 10,8,1905AHBFBB,,6.6,6.6,7.2,Passed,8.6
FA2023,FA2023-class 10,9,1905AHDIFD,,0,0,0,Attendance Fail,0
FA2023,FA2023-class 10,10,1905AHBEGF,,0,0,0,Attendance Fail,0
FA2023,FA2023-class 10,11,1905AHBEHD,,7.6,5.8,5.8,Passed,3.9
FA2023,FA2023-class 10,12,1905AHBHAG,,9,5.4,7.7,Passed,9.5
FA2023,FA2023-class 10,13,1905AFAHHE,,6.2,9.4,8.1,Passed,8.3
FA2023,FA2023-class 10,14,1905AHBFBD,,9.1,6.8,8.2,Passed,9.3
FA2023,FA2023-class 10,15,1905AHBGFE,,8.8,6.8,7.4,Passed,6.7
FA2023,FA2023-class 10,16,1905AHBGDH,,9.3,7,8.3,Passed,9.1
FA2023,FA2023-class 10,17,1905AHBDGE,,9.5,7.8,8.8,Passed,9.5
FA2023,FA2023-class 10,18,1919AHABCB,,8.8,7.2,8.2,Passed,9
FA2023,FA2023-class 10,19,1919AHAJCJ,,9,6.8,8,Passed,8.5
FA2023,FA2023-class 10,20,1905AHBGIF,,8.4,6.4,7.7,Passed,8.8
FA2023,FA2023-class 10,21,1905AHBDCC,,9,5.4,7.5,Passed,8.7
FA2023,FA2023-class 10,22,1905AHBEAD,,7.5,0,3.6,Not Passed,4.6
FA2023,FA2023-class 10,23,1905AHBIIJ,,7.2,5.4,6.4,Passed,6.8
FA2023,FA2023-class 10,24,1905AHBGGE,,8,4.8,7,Passed,8.9
FA2023,FA2023-class 10,25,1905AHBBGF,,9.5,5.4,7.7,Passed,9
FA2023,FA2023-class 10,26,1905AHBFJF,,8.9,4.6,7,Passed,8.4
FA2023,FA2023-class 10,27,1905AHBGDG,,7.8,9.8,8.8,Passed,8.6
FA2023,FA2023-class 10,28,1905AHBBFJ,,7.8,5,7,Passed,8.8
FA2023,FA2023-class 10,29,1905AHBFEA,,8.5,5.8,7.2,Passed,7.9
FA2023,FA2023-class 10,30,1905AGCDID,,8,3.6,6.3,Not Passed,8.3
FA2023,FA2023-class 10,31,1905AHDECE,,8.8,0,5.3,Not Passed,8.7
FA2023,FA2023-class 10,32,1905AHBEEB,,9,5.4,7.4,Passed,8.6
FA2023,FA2023-class 11,1,1905AHCGBC,,2.5,5.8,5.4,Passed,7.8
FA2023,FA2023-class 11,2,1905AHDJIA,,2.5,8,6.7,Passed,9
FA2023,FA2023-class 11,3,1905AHCDDA,,2.5,7.4,6.4,Passed,9
FA2023,FA2023-class 11,4,1905AHBBEA,,2.5,0,2.8,Attendance Fail,6.8
FA2023,FA2023-class 11,5,1905AHCCHJ,,5,6.6,7,Passed,9.6
FA2023,FA2023-class 11,6,1905AGJEDF,,1.5,5.8,4,Not Passed,4.3
FA2023,FA2023-class 11,7,1905AHCFFG,,2.5,8.4,7,Passed,9.6
FA2023,FA2023-class 11,8,1905AHBCBB,,10,8.4,8.6,Passed,7.5
FA2023,FA2023-class 11,9,1905AHCJFD,,2.5,8,6.7,Passed,9.1
FA2023,FA2023-class 11,10,1905AHCDII,,3,6,5.4,Passed,6.9
FA2023,FA2023-class 11,11,1905AHCFEH,,2.5,7.8,6.7,Passed,9.5
FA2023,FA2023-class 11,12,1905AHCGJJ,,2.5,6.8,5,Passed,5.1
FA2023,FA2023-class 11,13,1905AHCBJB,,2.5,6.8,6.1,Passed,8.9
FA2023,FA2023-class 11,14,1905AHCFEC,,2.5,6.4,5.3,Passed,6.5
FA2023,FA2023-class 11,15,1905AGACFE,,0,0,0,Attendance Fail,0
FA2023,FA2023-class 11,16,1905AHDAEC,,0,0,0,Attendance Fail,0
FA2023,FA2023-class 11,17,1905AHCDDI,,6,9.2,8.1,Passed,8.9
FA2023,FA2023-class 11,18,1905AHBGAH,,5,3.6,4.8,Not Passed,6.3
FA2023,FA2023-class 11,19,1905AHCCEJ,,8,8.2,8.1,Passed,8
FA2023,FA2023-class 11,20,1905AHCADH,,5,6.6,6.1,Passed,6.4
FA2023,FA2023-class 11,21,1905AHCEDC,,2.5,8.4,7,Passed,9.6
FA2023,FA2023-class 11,22,1905AGCEBB,,10,6.2,8.4,Passed,9.8
FA2023,FA2023-class 11,23,1905AHCJFH,,6.5,8,7.9,Passed,9.1
FA2023,FA2023-class 11,24,1905AHCCEE,,2.5,6,5.9,Passed,9
FA2023,FA2023-class 11,25,1905AHCACB,,2.5,8.4,6.6,Passed,8.3
FA2023,FA2023-class 11,26,1905AHCAAC,,6.5,7.6,7.6,Passed,8.6
FA2023,FA2023-class 11,27,1905AHCAJI,,2.5,9.8,7.5,Passed,9.4
FA2023,FA2023-class 11,28,1905AHCJAB,,5.5,5.2,6.4,Passed,8.9
FA2023,FA2023-class 11,29,1905AHCDJF,,6.5,7,7.5,Passed,9
FA2023,FA2023-class 11,30,1905AHDFGJ,,2.5,4.8,5.3,Passed,8.8
FA2023,FA2023-class 11,31,1905AHDAHI,,5.5,7.2,7.5,Passed,9.8
FA2023,FA2023-class 12,1,1905AHDCJI,,7,6.4,7.5,Passed,9.6
FA2023,FA2023-class 12,2,1905AHCGBD,,6.8,4.6,6.4,Passed,8.6
FA2023,FA2023-class 12,3,1905AGBDIB,,3.8,5.2,6.1,Passed,9.6
FA2023,FA2023-class 12,4,1905AHDBFI,,8.7,6,7.7,Passed,8.9
FA2023,FA2023-class 12,5,1905AHDAGG,,7.8,6.8,7.9,Passed,9.3
FA2023,FA2023-class 12,6,1905AHCBGA,,8.6,7.6,8.4,Passed,9.3
FA2023,FA2023-class 12,7,1905AGBDGF,,6,7,7.4,Passed,9.5
FA2023,FA2023-class 12,8,1905AHCIJJ,,7.6,6.8,7.5,Passed,8.3
FA2023,FA2023-class 12,9,1905AGCDIF,,9,4.8,7.4,Passed,9.3
FA2023,FA2023-class 12,10,1905AHBHBC,,8.3,6.2,7.8,Passed,9.6
FA2023,FA2023-class 12,11,1905AHDBFA,,8.2,8.8,8.6,Passed,8.9
FA2023,FA2023-class 12,12,1905AHDBFJ,,7.1,6.4,7.5,Passed,9.6
FA2023,FA2023-class 12,13,1905AHCHEB,,7.9,8,8.4,Passed,9.4
FA2023,FA2023-class 12,14,1905AHCGIB,,7.1,5,7,Passed,9.6
FA2023,FA2023-class 12,15,1905AHCIAD,,6.5,0,4.8,Not Passed,9.6
FA2023,FA2023-class 12,16,1905AHCIEH,,5.3,7.2,7,Passed,8.5
FA2023,FA2023-class 12,17,1905AHDJCA,,7.8,7.4,8,Passed,9.2
FA2023,FA2023-class 12,18,1905AHAIID,,0,0,0,Attendance Fail,0
FA2023,FA2023-class 12,19,1919AEJCCA,,8.2,7.2,7.6,Passed,7.6
FA2023,FA2023-class 12,20,1905AHBDHG,,7.9,6.8,7.8,Passed,9.1
FA2023,FA2023-class 12,21,1905AGACHC,,8.9,8,8.7,Passed,9.4
FA2023,FA2023-class 12,22,1905AHDJFJ,,7,5.4,7,Passed,9
FA2023,FA2023-class 12,23,1905AHDDFA,,0,0,0,Attendance Fail,0
FA2023,FA2023-class 12,24,1905AHCHBF,,6.1,5.4,6.8,Passed,9.3
FA2023,FA2023-class 12,25,1905AHDJJJ,,8.1,5.8,7.5,Passed,9.3
FA2023,FA2023-class 12,26,1905AHDJBI,,7.4,6.4,7.3,Passed,8.4
FA2023,FA2023-class 12,27,1905AHDJEE,,7.9,7.6,8.1,Passed,9
FA2023,FA2023-class 12,28,1905AGBFHB,,0,0,0,Attendance Fail,0
FA2023,FA2023-class 12,29,1905AHDCJF,,9,6.2,7.9,Passed,9
FA2023,FA2023-class 12,30,1905AHCCJG,,8.8,8.2,8.6,Passed,8.9
FA2023,FA2023-class 12,31,1905AHJCFJ,,9.1,7.8,8.5,Passed,9
FA2023,FA2023-class 12,32,1905AHJEGH,,7,6.2,7.2,Passed,8.9
FA2023,FA2023-class 13,1,1905AHDEBD,,2.5,5.4,5,Passed,7
FA2023,FA2023-class 13,2,1905AHDDBI,,3,4.8,5.4,Passed,8.8
FA2023,FA2023-class 13,3,1905AHDHDJ,,7,7.6,7.9,Passed,9.1
FA2023,FA2023-class 13,4,1905AHDDFB,,3,6.4,5.9,Passed,8.3
FA2023,FA2023-class 13,5,1905AHDGDI,,3.5,4.4,4.9,Not Passed,7
FA2023,FA2023-class 13,6,1905AGADAG,,0,0,0,Attendance Fail,0
FA2023,FA2023-class 13,7,1905AGJBHH,,0,0,0,Attendance Fail,0
FA2023,FA2023-class 13,8,1905AHEJFG,,4,8.8,7.5,Passed,9.3
FA2023,FA2023-class 13,9,1905AHDGCD,,2,8,6.4,Passed,8.5
FA2023,FA2023-class 13,10,1905AHDCIE,,2.5,6.8,5.1,Passed,5.5
FA2023,FA2023-class 13,11,1905AHDHHD,,2.5,8.4,6.9,Passed,9.4
FA2023,FA2023-class 13,12,1905AHDFEG,,5,4.6,5.4,Passed,6.9
FA2023,FA2023-class 13,13,1905AHDFBH,,4.5,8.6,7.2,Passed,8
FA2023,FA2023-class 13,14,1905AHDCAH,,4.5,6.4,6.3,Passed,7.9
FA2023,FA2023-class 13,15,1905AHEJAH,,5,7.6,6.6,Passed,6.9
FA2023,FA2023-class 13,16,1905AGCDFJ,,2.5,0,1.5,Attendance Fail,2.5
FA2023,FA2023-class 13,17,1905AHDDIJ,,5.5,5.6,6.5,Passed,8.6
FA2023,FA2023-class 13,18,1905AHDEHA,,3,8.2,6.1,Passed,6.3
FA2023,FA2023-class 13,19,1905AHCGFD,,2.5,6.8,6.2,Passed,9.3
FA2023,FA2023-class 13,20,1905AHDHGD,,7.5,7.4,8,Passed,9.4
FA2023,FA2023-class 13,21,1905AHDHIB,,2.5,7.2,5.4,Passed,5.8
FA2023,FA2023-class 13,22,1905AHDGFG,,6,8.4,7.9,Passed,9.1
FA2023,FA2023-class 13,23,1905AHEJJE,,5.5,6,6.7,Passed,8.9
FA2023,FA2023-class 13,24,1905AHDIDC,,4.5,4.4,5.4,Passed,7.6
FA2023,FA2023-class 13,25,1905AHDICI,,5.5,0,2.6,Attendance Fail,3.1
FA2023,FA2023-class 13,26,1905AHEAJE,,10,9.2,9.3,Passed,8.9
FA2023,FA2023-class 13,27,1905AHBFAE,,5,8.2,7.1,Passed,7.8
FA2023,FA2023-class 13,28,1919AGJJDG,,7,9.8,8.8,Passed,9.1
FA2023,FA2023-class 13,29,1905AHDDHG,,0,0,0,Attendance Fail,0
FA2023,FA2023-class 13,30,1905AHEJFB,,5,7,7.2,Passed,9.8
FA2023,FA2023-class 13,31,1905AHAIFF,,7,6,7.3,Passed,9.3
FA2023,FA2023-class 13,32,1905AHDDJH,,0,0,0.9,Attendance Fail,3
FA2023,FA2023-class 13,33,1905AHBABH,,7,7.2,6.7,Passed,5.6
FA2024,FA2024-class 1,1,1905AHDJEJ,,9.2,5,7.7,Passed,10
FA2024,FA2024-class 1,2,1905AIFEJI,,8.4,7.8,8.3,Passed,8.8
FA2024,FA2024-class 1,3,1905AHBHAJ,,5.6,4.6,6.2,Passed,8.9
FA2024,FA2024-class 1,4,1905AIDGFB,,0,0,0.3,Attendance Fail,1.1
FA2024,FA2024-class 1,5,1905AIJCAF,,8.4,6.8,8.2,Passed,10
FA2024,FA2024-class 1,6,1905AIDDJE,,7.8,4.2,6.5,Passed,8.3
FA2024,FA2024-class 1,7,1905AHCJBB,,6.4,5.8,7.1,Passed,9.5
FA2024,FA2024-class 1,8,1905AIJBBA,,7.5,4.6,7,Passed,9.6
FA2024,FA2024-class 1,9,1905AHBEDE,,4.5,9.8,7.7,Passed,8.2
FA2024,FA2024-class 1,10,1905AIJJJH,,8.8,4,7.2,Passed,10
FA2024,FA2024-class 1,11,1919AGJADD,,0,0,0,Attendance Fail,0
FA2024,FA2024-class 1,12,1905AHAHBC,,8.3,6.4,7.8,Passed,9.2
FA2024,FA2024-class 1,13,1905AHJCDD,,5,9,8,Passed,9.6
FA2024,FA2024-class 1,14,1905AIJJGD,,8.7,7.4,8.6,Passed,10
FA2024,FA2024-class 1,15,1905AICHHJ,,0,0,0,Attendance Fail,0
FA2024,FA2024-class 1,16,1905AFAHIF,,0,0,0.3,Attendance Fail,1
FA2024,FA2024-class 1,17,1905AIBDAF,,8.3,5.8,7.8,Passed,10
FA2024,FA2024-class 1,18,1905AICDAE,,7.9,4,7,Passed,10
FA2024,FA2024-class 1,19,1905AHJCBF,,7.7,7.2,8.1,Passed,9.7
FA2024,FA2024-class 1,20,1905AGBHEA,,6.5,3,5.6,Not Passed,8.1
FA2024,FA2024-class 1,21,1905AIJBJJ,,8.7,6.8,8.3,Passed,10
FA2024,FA2024-class 1,22,1905AICFEJ,,0,0,0,Not Passed,0
FA2024,FA2024-class 1,23,1905AIJCDH,,8.1,6.8,8,Passed,9.5
FA2024,FA2024-class 1,24,1905AICDHH,,7.9,4.4,7.1,Passed,9.9
FA2024,FA2024-class 1,25,1905AHCIEE,,4,0,3.8,Attendance Fail,8.8
FA2024,FA2024-class 1,26,1905AGAFBC,,0,0,0.4,Attendance Fail,1.2
FA2024,FA2024-class 1,27,0305AHJDBD,,8,6.6,7.7,Passed,8.7
FA2024,FA2024-class 1,28,1905AHDIGG,,6,0,4.4,Attendance Fail,8.7
FA2024,FA2024-class 1,29,1905AICFII,,8,0,5.4,Not Passed,10
FA2024,FA2024-class 1,30,1905AHAGBB,,6.3,5.2,6.4,Passed,8.2
FA2024,FA2024-class 1,31,1905AHCAFF,,6.4,4.4,6.5,Passed,9.5
FA2024,FA2024-class 1,32,1905AHCABJ,,0,0,0,Attendance Fail,0
FA2024,FA2024-class 1,33,1905AHDGEI,,6,6.8,7.3,Passed,9.4
FA2024,FA2024-class 1,34,1905AIDHDE,,8.4,0,5.5,Not Passed,10
FA2024,FA2024-class 2,1,1905AIFDHB,,8.5,7.4,8.4,Passed,9.5
FA2024,FA2024-class 2,2,1905AHEAAC,,0,0,0.1,Attendance Fail,0.3
FA2024,FA2024-class 2,3,1905AIBECG,,6,3.6,5.3,Not Passed,6.8
FA2024,FA2024-class 2,4,1905AIJGEF,,5.6,4.4,6,Passed,8.7
FA2024,FA2024-class 2,5,1905AIBBGF,,8,8.6,8.6,Passed,9.4
FA2024,FA2024-class 2,6,1905AIBAAF,,6.4,4.2,5.9,Passed,7.7
FA2024,FA2024-class 2,7,1905AHBHEJ,,7.3,8,7.8,Passed,8
FA2024,FA2024-class 2,8,1905AHDIFD,,0,0,0,Attendance Fail,0
FA2024,FA2024-class 2,9,1905AIJFIG,,7.2,8,7.6,Passed,7.3
FA2024,FA2024-class 2,10,1905AIJEBG,,7.6,4.6,6.8,Passed,9.1
FA2024,FA2024-class 2,11,1905AIBIHA,,7,7.4,7.9,Passed,9.6
FA2024,FA2024-class 2,12,1905AICEBD,,0,0,0.6,Attendance Fail,2.1
FA2024,FA2024-class 2,13,1905AICCHJ,,7,5.2,6.2,Passed,6.6
FA2024,FA2024-class 2,14,1905AHBFED,,8.5,6.4,7.8,Passed,9.1
FA2024,FA2024-class 2,15,1905AIJFDJ,,8.7,4.4,6.6,Passed,7.3
FA2024,FA2024-class 2,16,1905AHBHII,,7.6,7.4,7.1,Passed,6.1
FA2024,FA2024-class 2,17,1905AICEGC,,5,6.2,6.8,Passed,9.5
FA2024,FA2024-class 2,18,1905AIBJJC,,9,6.4,8.1,Passed,9.6
FA2024,FA2024-class 2,19,1905AIJHGE,,9,6,7.7,Passed,8.8
FA2024,FA2024-class 2,20,1905AHDCJC,,8,0,4,Not Passed,5.4
FA2024,FA2024-class 2,21,1905AHDABC,,6.5,6,7,Passed,8.7
FA2024,FA2024-class 2,22,1905AIDEGC,,0.5,0,0.8,Attendance Fail,2
FA2024,FA2024-class 2,23,1905AICEEF,,4.5,4.6,6,Passed,9.3
FA2024,FA2024-class 2,24,1905AIDDDC,,4.5,4,5.2,Passed,7.4
FA2024,FA2024-class 2,25,1905AIJIDB,,8,7.8,8.4,Passed,9.7
FA2024,FA2024-class 2,26,1905AIJEGE,,8.5,6.8,7.9,Passed,8.9
FA2024,FA2024-class 2,27,1905AIJEJI,,8.7,6,7.3,Passed,7.5
FA2024,FA2024-class 2,28,1905AIJFDB,,7.6,5.4,6.7,Passed,7.5
FA2024,FA2024-class 2,29,1905AICBHI,,7.5,4.2,6.4,Passed,8.3
FA2024,FA2024-class 2,30,1905AIJHDJ,,8.7,7.2,8,Passed,8.5
FA2024,FA2024-class 3,1,1905AICIEF,,8.8,6,7.2,Passed,7.3
FA2024,FA2024-class 3,2,1905AICGCE,,2.2,5.8,5,Passed,6.9
FA2024,FA2024-class 3,3,1905AIDJFG,,6.3,4.2,6.6,Passed,10
FA2024,FA2024-class 3,4,1905AIDDGE,,9,4.4,7.1,Passed,8.7
FA2024,FA2024-class 3,5,1905AFJBEG,,0,0,0,Attendance Fail,0
FA2024,FA2024-class 3,6,1905AICECG,,9,7,8.3,Passed,9.4
FA2024,FA2024-class 3,7,1905AICJGF,,6.7,6.4,7.2,Passed,8.8
FA2024,FA2024-class 3,8,1905AIDDDH,,8.7,6.8,7.8,Passed,8.1
FA2024,FA2024-class 3,9,1905AIJFCA,,8.5,6,7.9,Passed,10
FA2024,FA2024-class 3,10,1905AIDHEI,,8.7,7,7.6,Passed,7.4
FA2024,FA2024-class 3,11,1905AIBBEF,,8.8,4.4,7.4,Passed,10
FA2024,FA2024-class 3,12,1905AICHJJ,,6.9,4.6,6,Passed,6.9
FA2024,FA2024-class 3,13,1905AIJEFC,,9.3,8.2,8.8,Passed,9.2
FA2024,FA2024-class 3,14,1905AICIGI,,6.6,4.8,6.5,Passed,8.7
FA2024,FA2024-class 3,15,1905AHJJJD,,9.3,7.8,8.9,Passed,10
FA2024,FA2024-class 3,16,1905AIFBFF,,5.9,4.4,5.2,Passed,5.7
FA2024,FA2024-class 3,17,1905AIDCDD,,6.1,5,6.8,Passed,10
FA2024,FA2024-class 3,18,1905AIDEBB,,7.9,7,7.6,Passed,8.1
FA2024,FA2024-class 3,19,1905AIBFAG,,9.2,8.6,9.2,Passed,10
FA2024,FA2024-class 3,20,1905AIBHGD,,7.7,7.8,7.9,Passed,8.1
FA2024,FA2024-class 3,21,1905AICHBI,,5.9,5.4,6.9,Passed,10
FA2024,FA2024-class 3,22,1905AICFGJ,,8,4,6.2,Passed,7.5
FA2024,FA2024-class 3,23,1905AICBDB,,9.1,5.2,7.6,Passed,9.4
FA2024,FA2024-class 3,24,1905AHCDCE,,6.5,5.8,6.6,Passed,7.7
FA2024,FA2024-class 3,25,1905AIJGCH,,9.6,8,9.1,Passed,10
FA2024,FA2024-class 3,26,1905AIBDEG,,9,7,8.5,Passed,10
FA2024,FA2024-class 3,27,1905AIJIII,,4.3,7.6,6.8,Passed,8.1
FA2024,FA2024-class 3,28,1905AICFGB,,9,0,5.5,Not Passed,9.3
FA2024,FA2024-class 3,29,1905AIBICE,,9.3,6.2,7.9,Passed,8.8
FA2024,FA2024-class 3,30,1905AICABC,,8.5,7,7.5,Passed,7.3
FA2024,FA2024-class 3,31,1905AIFDBI,,6.9,6.8,7.8,Passed,10
FA2024,FA2024-class 3,32,1905AIDBDD,,9.3,5,6.7,Passed,6.3
FA2024,FA2024-class 3,33,1905AICGAF,,8.3,9,8.9,Passed,9.4
FA2024,FA2024-class 3,34,1905AIBIBG,,8.4,4.4,6.9,Passed,8.8
FA2024,FA2024-class 3,35,1905AICGBH,,7.6,2.4,5.9,Not Passed,8.8
FA2024,FA2024-class 4,1,1905AIDEFE,,0,0,1,Attendance Fail,3.5
FA2024,FA2024-class 4,2,1905AIDGDE,,5.5,7,7.4,Passed,9.9
FA2024,FA2024-class 4,3,1905AIFBBG,,8.5,8.8,8.9,Passed,9.4
FA2024,FA2024-class 4,4,1905AICEAJ,,2.5,6.2,5.9,Passed,8.8
FA2024,FA2024-class 4,5,1905AIBCGA,,8,7.2,8,Passed,9
FA2024,FA2024-class 4,6,1905AIFDGG,,7,8.4,7.9,Passed,8.2
FA2024,FA2024-class 4,7,1905AIFDHC,,6,7.6,7.5,Passed,8.9
FA2024,FA2024-class 4,8,1905AGJEGD,,4.5,5.2,5.9,Passed,8.3
FA2024,FA2024-class 4,9,1905AIFBCE,,3.5,4.2,5,Passed,7.7
FA2024,FA2024-class 4,10,1905AIDHCH,,0,0,0,Attendance Fail,0
FA2024,FA2024-class 4,11,1905AIFEJJ,,6.5,4.8,5.5,Passed,5.5
FA2024,FA2024-class 4,12,1905AIDHEJ,,7.5,4.8,6.8,Passed,8.6
FA2024,FA2024-class 4,13,1905AIBHCA,,2,5,5.2,Passed,8.7
FA2024,FA2024-class 4,14,1905AIFDCE,,7,8.4,8.3,Passed,9.4
FA2024,FA2024-class 4,15,1905AICEBB,,8.5,8.6,8.6,Passed,8.6
FA2024,FA2024-class 4,16,1905AIFDEA,,3.5,6.2,5.3,Passed,5.9
FA2024,FA2024-class 4,17,1905AIFDAJ,,7.5,7.2,8,Passed,9.6
FA2024,FA2024-class 4,18,1905AGCEDB,,0,0,1.3,Attendance Fail,4.4
FA2024,FA2024-class 4,19,1905AIDHCC,,5.5,6,6.7,Passed,9
FA2024,FA2024-class 4,20,1905AIFBIB,,4,4.8,5.7,Passed,8.6
FA2024,FA2024-class 4,21,1905AIFFII,,3,7.8,6.5,Passed,8.1
FA2024,FA2024-class 4,22,1905AIAACJ,,2,0,2.6,Attendance Fail,6.7
FA2024,FA2024-class 4,23,1905AIDBFF,,6,4.4,6.4,Passed,9.3
FA2024,FA2024-class 4,24,1905AIJIAG,,5.5,3.8,4.5,Not Passed,4.5
FA2024,FA2024-class 4,25,1905AIFEAH,,5.5,8.4,7.9,Passed,9.7
FA2024,FA2024-class 4,26,1905AIFDAH,,6,9.2,8.2,Passed,9
FA2024,FA2024-class 4,27,1905AIFEJE,,6.5,7.8,7.7,Passed,8.7
FA2024,FA2024-class 4,28,1905AIFBBE,,3,0,3.2,Not Passed,7.6
FA2024,FA2024-class 5,1,1905AIJGHH,,9,5.8,7.3,Passed,7.6
FA2024,FA2024-class 5,2,1905AIBDHH,,8.5,4,6.6,Passed,8.1
FA2024,FA2024-class 5,3,1905AIDECC,,8,6.2,6.8,Passed,6.3
FA2024,FA2024-class 5,4,1905AHJFJD,,0,0,1.1,Attendance Fail,3.8
FA2024,FA2024-class 5,5,1905AICGIF,,8,5.2,6.8,Passed,7.9
FA2024,FA2024-class 5,6,1905AIBAJF,,8.5,8,8.5,Passed,9.3
FA2024,FA2024-class 5,7,1905AHJJFE,,6.8,8,8,Passed,9.4
FA2024,FA2024-class 5,8,1905AHCDIG,,6.8,5,6.4,Passed,8
FA2024,FA2024-class 5,9,1905AIBGJI,,7.5,7.6,8.1,Passed,9.3
FA2024,FA2024-class 5,10,1901AGJAIA,,0,0,1.1,Attendance Fail,3.7
FA2024,FA2024-class 5,11,1905AHAHEC,,5,6.6,6,Passed,6.3
FA2024,FA2024-class 5,12,1905AIBEIE,,4.5,4.2,5.4,Passed,7.9
FA2024,FA2024-class 5,13,1905AHBGAE,,7.5,7,7.5,Passed,8.2
FA2024,FA2024-class 5,14,0805AHJDCA,,0,0,0,Attendance Fail,0
FA2024,FA2024-class 5,15,1905AIDHJJ,,8.5,6,7.5,Passed,8.5
FA2024,FA2024-class 5,16,1905AGJABE,,7.8,5,7.1,Passed,9.2
FA2024,FA2024-class 5,17,1905AHBJGA,,8.5,5,7,Passed,8
FA2024,FA2024-class 5,18,1905AIBEHD,,6,7.4,7.6,Passed,9.5
FA2024,FA2024-class 5,19,1905AIDCAF,,8,8.2,8.6,Passed,9.7
FA2024,FA2024-class 5,20,1905AIDEGC,,8.3,4,6.5,Passed,8.1
FA2024,FA2024-class 5,21,1905AICBFI,,7.5,8,8.2,Passed,9.2
FA2024,FA2024-class 5,22,1905AGAGCH,,7.5,0,4.6,Not Passed,7.7
FA2024,FA2024-class 5,23,1905AIBGIF,,6,7.8,7.8,Passed,9.7
FA2024,FA2024-class 5,24,1905AICBIF,,7,7.2,7.4,Passed,7.9
FA2024,FA2024-class 5,25,1905AIDBDH,,8.3,7.8,8.1,Passed,8.3
FA2024,FA2024-class 5,26,1905AFJCID,,0,3.6,2.7,Not Passed,4.3
FA2024,FA2024-class 5,27,1905AGACEF,,6.8,4.8,6.1,Passed,7.1
FA2024,FA2024-class 5,28,1905AHJDJF,,0,0,0,Attendance Fail,0
FA2024,FA2024-class 6,1,1905AIBEFI,,8.1,7.2,7.9,Passed,8.6
FA2024,FA2024-class 6,2,1905AHCFCC,,8.6,0,3.7,Attendance Fail,3.7
FA2024,FA2024-class 6,3,1905AIDGIH,,8.1,6.4,7.1,Passed,7.1
FA2024,FA2024-class 6,4,1905AIJEJC,,8.1,7.4,7.8,Passed,8
FA2024,FA2024-class 6,5,1905AICFCE,,8.1,7.2,8,Passed,8.8
FA2024,FA2024-class 6,6,1905AIFGCA,,8.1,4.6,5.9,Passed,5.5
FA2024,FA2024-class 6,7,1905AICGFD,,8.1,6.8,7.6,Passed,8.2
FA2024,FA2024-class 6,8,1905AIFFGD,,8.2,2.8,6.1,Not Passed,8.6
FA2024,FA2024-class 6,9,1905AHDCEJ,,8.1,8.2,8.3,Passed,8.5
FA2024,FA2024-class 6,10,1905AIFFHA,,9.3,5.2,7.6,Passed,9
FA2024,FA2024-class 6,11,1905AIBFHE,,8.1,7.8,8.3,Passed,9.1
FA2024,FA2024-class 6,12,1905AIBDEB,,8.1,4,6.6,Passed,8.6
FA2024,FA2024-class 6,13,1905AIFCBD,,8.1,5.8,7.3,Passed,8.4
FA2024,FA2024-class 6,14,1905AHBHAF,,9.3,6.8,8.4,Passed,9.6
FA2024,FA2024-class 6,15,1905AICIDA,,8.1,3.6,6.2,Not Passed,7.9
FA2024,FA2024-class 6,16,1905AIFEBG,,8.2,5.8,7.6,Passed,9.4
FA2024,FA2024-class 6,17,1905AICHHA,,8.7,4.2,6.8,Passed,8.5
FA2024,FA2024-class 6,18,1905AIBAJB,,8.1,6.4,7.7,Passed,9.1
FA2024,FA2024-class 6,19,1905AIBAEF,,8.1,7.4,8,Passed,8.8
FA2024,FA2024-class 6,20,1905AIBHCC,,8.6,7.6,8.2,Passed,8.7
FA2024,FA2024-class 6,21,1905AICCIJ,,8.1,6.4,7.6,Passed,8.6
FA2024,FA2024-class 6,22,1905AIDEHH,,8.6,2,6,Not Passed,8.8
FA2024,FA2024-class 6,23,1905AICDCI,,8.1,0,5.1,Not Passed,8.8
FA2024,FA2024-class 6,24,1905AIBJCH,,8.1,7,7.9,Passed,8.9
FA2024,FA2024-class 6,25,1905AICCEI,,8.1,8.8,8.7,Passed,9
FA2024,FA2024-class 6,26,1905AIBIED,,8.1,4,7,Passed,9.8
FA2024,FA2024-class 6,27,1905AGJCFH,,8.6,3.8,6.6,Not Passed,8.3
FA2024,FA2024-class 6,28,1905AIJCDF,,8.1,6.4,7.4,Passed,7.9
FA2024,FA2024-class 6,29,1905AICHEH,,8.2,8.2,8.5,Passed,9.4
FA2024,FA2024-class 6,30,1905AIBFJF,,8.1,7.4,7.9,Passed,8.5
FA2024,FA2024-class 6,31,1905AIJCBE,,8.1,7.8,7.9,Passed,7.8
FA2024,FA2024-class 6,32,1905AIJCHJ,,8.6,6.2,8,Passed,9.8
FA2024,FA2024-class 6,33,1905AIJBBG,,8.1,4.6,6.9,Passed,8.9
FA2024,FA2024-class 6,34,1905AICAGE,,8.1,6.6,7.7,Passed,8.8
FA2024,FA2024-class 7,1,1905AGCDDH,,6.6,3.6,4.9,Not Passed,5.1
FA2024,FA2024-class 7,2,1905AHJBFH,,5.5,3.2,5.2,Not Passed,7.6
FA2024,FA2024-class 7,3,1905AGACEI,,4.6,3.2,5.2,Not Passed,8.7
FA2024,FA2024-class 7,4,1905AHJCEB,,8,6.8,7.9,Passed,9.2
FA2024,FA2024-class 7,5,1905AIDFDD,,0,0,0,Attendance Fail,0
FA2024,FA2024-class 7,6,1905AGAFDA,,6.5,4.2,6.1,Passed,8.1
FA2024,FA2024-class 7,7,1905AIDGDJ,,6.4,2.8,4.8,Not Passed,5.9
FA2024,FA2024-class 7,8,1905AIBGFB,,5.5,2.8,4.8,Not Passed,6.9
FA2024,FA2024-class 7,9,1905AHJDCI,,6.5,6.2,7.1,Passed,9
FA2024,FA2024-class 7,10,1901AIDJJD,,0,0,0.7,Attendance Fail,2.4
FA2024,FA2024-class 7,11,1905AGBHBF,,6.5,6.8,7.4,Passed,9.2
FA2024,FA2024-class 7,12,1905AIFBGF,,6.6,4,6.3,Passed,9.2
FA2024,FA2024-class 7,13,1905AHAEGB,,6,4.2,6.3,Passed,9.3
FA2024,FA2024-class 7,14,1705AIJAFE,,6.5,5,6.7,Passed,9.3
FA2024,FA2024-class 7,15,1905AIBHCB,,6.1,4,5.8,Passed,8.1
FA2024,FA2024-class 7,16,1905AIBFAB,,6.5,8,7.8,Passed,8.9
FA2024,FA2024-class 7,17,1905AHDGJB,,7.5,5.8,7.2,Passed,8.9
FA2024,FA2024-class 7,18,1905AHBGAH,,3,0,1.6,Attendance Fail,2.2
FA2024,FA2024-class 7,19,1905AIBIBC,,6,7.8,6.6,Passed,5.8
FA2024,FA2024-class 7,20,1905AHJBED,,6.2,2.8,4.9,Not Passed,6.4
FA2024,FA2024-class 7,21,1905AHBGBD,,0,0,0,Attendance Fail,0
FA2024,FA2024-class 7,22,1905AHCFID,,6,4.6,5.8,Passed,7.1
FA2024,FA2024-class 7,23,1905AIBGHF,,7.5,5.2,7,Passed,8.9
FA2024,FA2024-class 7,24,1905AIJFID,,8.5,5,6.7,Passed,7.1
FA2024,FA2024-class 7,25,1905AICFAD,,3.5,2.4,3.7,Not Passed,5.8
FA2024,FA2024-class 7,26,1905AIDDIH,,6.5,5,6.8,Passed,9.4
FA2024,FA2024-class 7,27,1905AHJDEC,,0,0,0,Attendance Fail,0
FA2024,FA2024-class 7,28,1905AIDFJG,,5.3,7,6.4,Passed,6.8
FA2024,FA2024-class 7,29,1905AGBDDG,,7,4.2,6.5,Passed,8.9
FA2024,FA2024-class 7,30,1905AGCFFH,,5.5,3,5.5,Not Passed,8.7
FA2024,FA2024-class 7,31,1905AIBHHH,,3.1,4.4,4.8,Not Passed,7.2
FA2024,FA2024-class 7,32,1905AIJEIF,,7.5,4.4,6,Passed,6.6
FA2024,FA2024-class 8,1,0805AIJAII,,8,0,4.6,Not Passed,7.3
FA2024,FA2024-class 8,2,1905AICAEI,,9.4,0,5.7,Is Susspended,9.6
FA2024,FA2024-class 8,3,1905AHJGFB,,7,4.8,6.6,Passed,8.6
FA2024,FA2024-class 8,4,1905AICHJB,,8.2,5.4,7.2,Passed,8.8
FA2024,FA2024-class 8,5,1905AIDGHC,,8.4,4.2,6.7,Passed,8.3
FA2024,FA2024-class 8,6,1905AHBEGD,,7.9,7.2,7.6,Passed,7.9
FA2024,FA2024-class 8,7,1905AIBJBC,,8,0,4.3,Not Passed,6.5
FA2024,FA2024-class 8,8,1905AHAGEA,,8.7,4.2,7.1,Passed,9.4
FA2024,FA2024-class 8,9,1905AHAIDF,,7.9,0,4.9,Not Passed,8.4
FA2024,FA2024-class 8,10,1705AIJJHC,,8.5,7.2,8.4,Passed,9.8
FA2024,FA2024-class 8,11,1905AGAFAD,,0,0,0,Attendance Fail,0
FA2024,FA2024-class 8,12,1719AIJJJA,,7.9,3.6,6.4,Not Passed,8.8
FA2024,FA2024-class 8,13,1905AHJBGE,,8,4.2,6.5,Passed,8.2
FA2024,FA2024-class 8,14,1905AHBFHJ,,7.9,0,4.7,Not Passed,7.8
FA2024,FA2024-class 8,15,1905AHCDHD,,8.3,9.2,8.7,Passed,8.4
FA2024,FA2024-class 8,16,1905AHCCIC,,8.5,0,4.8,Not Passed,7.4
FA2024,FA2024-class 8,17,1905AIBGGA,,7.5,4,6.1,Passed,7.6
FA2024,FA2024-class 8,18,0305AIJEHE,,9.2,8,8.6,Passed,8.9
FA2024,FA2024-class 8,19,1905AIBGCI,,4.4,0,1.3,Not Passed,0
FA2024,FA2024-class 8,20,1905AHBHJJ,,7.5,0,4.5,Not Passed,7.4
FA2024,FA2024-class 8,21,1905AIAJJE,,8.2,4,6.9,Passed,9.6
FA2024,FA2024-class 8,22,1905AIBIIE,,8.2,6,7.6,Passed,9.3
FA2024,FA2024-class 8,23,1905AHCAJG,,8,6.2,7.4,Passed,8.4
FA2024,FA2024-class 8,24,1905AIBAAE,,9,7.4,8.6,Passed,9.7
FA2024,FA2024-class 8,25,1905AHJBFJ,,8.2,9,8.6,Passed,8.7
FA2024,FA2024-class 8,26,1905AHJBJA,,8.5,5.6,7.6,Passed,9.5
FA2024,FA2024-class 8,27,1905AHAGIE,,9,7,8.5,Passed,9.9
FA2024,FA2024-class 8,28,1905AHBCJF,,7.7,7.2,8,Passed,9.5
FA2024,FA2024-class 8,29,1905AIFCAH,,8.3,4,6.9,Passed,9.3
FA2024,FA2024-class 8,30,1905AHBJBF,,8.9,6.4,8.1,Passed,9.8
FA2024,FA2024-class 9,1,1905AHBBJJ,,10,3.4,7.1,Not Passed,9.2
FA2024,FA2024-class 9,2,1905AHCGID,,10,4.2,7.2,Passed,8.4
FA2024,FA2024-class 9,3,1905AHJDCG,,0,0,0,Attendance Fail,0
FA2024,FA2024-class 9,4,1905AIJJAI,,0,0,0,Attendance Fail,0
FA2024,FA2024-class 9,5,1905AICEBC,,10,0,5.7,Is Susspended,9
FA2024,FA2024-class 9,6,1905AHDJAJ,,9.3,6.6,8,Passed,8.4
FA2024,FA2024-class 9,7,1905AHDDCB,,8.1,3.6,6.4,Not Passed,8.5
FA2024,FA2024-class 9,8,1905AIDHGJ,,0,0,0,Attendance Fail,0
FA2024,FA2024-class 9,9,1905AHEJCG,,8.6,3.2,6.5,Not Passed,9
FA2024,FA2024-class 9,10,1905AHDHIC,,0,0,0,Attendance Fail,0
FA2024,FA2024-class 9,11,1905AHDAIH,,9.3,4.6,7.2,Passed,8.7
FA2024,FA2024-class 9,12,1905AHDAAE,,6.4,7.2,7.2,Passed,8.2
FA2024,FA2024-class 9,13,1905AIJJGH,,9.3,6.4,7.9,Passed,8.5
FA2024,FA2024-class 9,14,1905AICCGA,,10,6.2,8.4,Passed,9.6
FA2024,FA2024-class 9,15,1905AIBHHC,,9.3,6.8,8,Passed,8.4
FA2024,FA2024-class 9,16,1905AHDJAA,,7.8,9.2,8.7,Passed,8.9
FA2024,FA2024-class 9,17,1905AHDFJC,,10,7.4,8.6,Passed,8.8
FA2024,FA2024-class 9,18,1905AHCIAC,,10,4,7.3,Passed,9.1
FA2024,FA2024-class 9,19,1905AHDJFD,,9.6,4.4,7.2,Passed,8.5
FA2024,FA2024-class 9,20,1905AHDGAI,,10,3.4,7,Not Passed,8.7
FA2024,FA2024-class 9,21,1905AHDHIG,,10,6,8,Passed,8.5
FA2024,FA2024-class 9,22,1905AHDIDG,,9.6,6.4,8.1,Passed,9
FA2024,FA2024-class 9,23,1905AHEJGF,,0,0,0.6,Attendance Fail,2.1
FA2024,FA2024-class 9,24,1905AFBAFB,,7.5,4.2,6.5,Passed,8.7
FA2024,FA2024-class 9,25,1905AIJJJG,,10,3.2,7.2,Not Passed,9.8
FA2024,FA2024-class 10,1,1905AIJAFB,,6.6,6.4,7.4,Passed,9.5
FA2024,FA2024-class 10,2,1905AIBHFA,,6.5,4.8,6.7,Passed,9.5
FA2024,FA2024-class 10,3,1905AIJJBB,,6.7,3.6,6,Not Passed,8.5
FA2024,FA2024-class 10,4,1905AIJFFH,,8,6,7.5,Passed,9.2
FA2024,FA2024-class 10,5,1905AIJJHE,,6.6,6.4,7.2,Passed,9
FA2024,FA2024-class 10,6,1905AHAFIH,,0,0,0.4,Attendance Fail,1.2
FA2024,FA2024-class 10,7,1905AIJGJF,,6.8,5.4,6.7,Passed,8.4
FA2024,FA2024-class 10,8,1905AIJCDG,,7.5,3,5.9,Not Passed,8.1
FA2024,FA2024-class 10,9,1905AIJIJC,,7.5,4.2,6.6,Passed,8.9
FA2024,FA2024-class 10,10,1905AIAJJB,,8,4.8,6.7,Passed,7.9
FA2024,FA2024-class 10,11,1905AIJJHI,,0,0,0,Attendance Fail,0
FA2024,FA2024-class 10,12,1905AIJJDB,,5.1,4.6,6,Passed,9
FA2024,FA2024-class 10,13,1905AIJHDD,,6.6,6.8,6.5,Passed,6.1
FA2024,FA2024-class 10,14,1905AIJABD,,7,7.2,7.9,Passed,9.6
FA2024,FA2024-class 10,15,1905AIJABJ,,7.5,6.6,7.6,Passed,9.1
FA2024,FA2024-class 10,16,1905AIBDBC,,8.5,6.2,7.8,Passed,9.3
FA2024,FA2024-class 10,17,1905AIJBJD,,6,4.6,6.1,Passed,8.3
FA2024,FA2024-class 10,18,1905AIJABB,,6.6,9.2,8.5,Passed,9.3
FA2024,FA2024-class 10,19,1905AHBHDF,,0,0,0.3,Attendance Fail,1
FA2024,FA2024-class 10,20,1905AIJIIG,,0,0,0,Attendance Fail,0
FA2024,FA2024-class 10,21,1905AIAJAH,,0,0,0.4,Attendance Fail,1.3
FA2024,FA2024-class 10,22,1905AIJGFI,,7,4.6,6.8,Passed,9.5
FA2024,FA2024-class 10,23,1905AIJDAC,,6.9,7.8,8.1,Passed,9.8
FA2024,FA2024-class 10,24,1905AIBCFH,,7,0,3.5,Attendance Fail,4.6
FA2024,FA2024-class 10,25,1905AIJGFF,,7.1,6.2,6.9,Passed,7.7
FA2024,FA2024-class 10,26,1905AIJJBD,,7.5,7.8,8.2,Passed,9.6
FA2024,FA2024-class 10,27,1905AIDFGG,,6.5,4.8,6.4,Passed,8.4
FA2024,FA2024-class 10,28,1905AHEJII,,0,0,0,Attendance Fail,0
FA2024,FA2024-class 10,29,1905AIAJEG,,6.7,6.8,7.4,Passed,9
FA2024,FA2024-class 10,30,1905AIJHDA,,7.4,6.6,7.7,Passed,9.4
FA2024,FA2024-class 10,31,1905AHJJHA,,8.2,1.8,5.7,Not Passed,8.6
FA2024,FA2024-class 11,1,1905AIBBCC,,6.8,8.8,8.2,Passed,8.9
FA2024,FA2024-class 11,2,1905AIBCBD,,7.6,4,6.3,Passed,8.1
FA2024,FA2024-class 11,3,1905AIBEHG,,7.5,3.8,6,Not Passed,7.4
FA2024,FA2024-class 11,4,1905AIBBEI,,6.8,3.2,5.9,Not Passed,8.6
FA2024,FA2024-class 11,5,1905AICJBC,,9,7.4,8.3,Passed,8.8
FA2024,FA2024-class 11,6,1905AICDGE,,7.9,7.6,7.7,Passed,7.6
FA2024,FA2024-class 11,7,1905AIDCGH,,7.4,4.4,6.4,Passed,7.9
FA2024,FA2024-class 11,8,1905AIBIDE,,7.1,7.4,7.3,Passed,7.5
FA2024,FA2024-class 11,9,1905AIBDJF,,0,0,0,Attendance Fail,0
FA2024,FA2024-class 11,10,1905AIBIDJ,,7.8,5.8,7.2,Passed,8.7
FA2024,FA2024-class 11,11,1905AHDBEE,,7,5,6.5,Passed,8.1
FA2024,FA2024-class 11,12,1905AIBJHD,,7.6,5.4,7,Passed,8.6
FA2024,FA2024-class 11,13,1905AIBGCJ,,8.3,6.8,7.6,Passed,8.1
FA2024,FA2024-class 11,14,1905AIBEJF,,7.4,5.8,7.1,Passed,8.5
FA2024,FA2024-class 11,15,1905AIBCCD,,7.7,8.2,8,Passed,8
FA2024,FA2024-class 11,16,1905AIBFBB,,7.5,7.2,7.5,Passed,7.9
FA2024,FA2024-class 11,17,1905AIBFIG,,7.5,7,7.5,Passed,8.3
FA2024,FA2024-class 11,18,1905AIBBAJ,,6.8,3.2,5.7,Not Passed,7.9
FA2024,FA2024-class 11,19,1905AIDAJG,,8.4,6.4,7.8,Passed,9.2
FA2024,FA2024-class 11,20,1905AIDFJD,,7.7,6.4,7.2,Passed,7.8
FA2024,FA2024-class 11,21,1905AIBIFF,,8.8,6.8,8,Passed,8.7
FA2024,FA2024-class 11,22,1905AIBGGH,,7.1,3.2,5.7,Not Passed,7.7
FA2024,FA2024-class 11,23,1905AHCJAG,,7.1,5,6.6,Passed,8.2
FA2024,FA2024-class 11,24,1905AHDBHD,,8,6.6,7.5,Passed,8.3
FA2024,FA2024-class 11,25,1905AIBEIF,,7.1,3.6,6,Not Passed,8.1
FA2024,FA2024-class 11,26,1905AIBDED,,7.1,3,5.5,Not Passed,7.1
FA2024,FA2024-class 11,27,1905AICCFC,,9.9,4.2,7.4,Passed,9.1
FA2024,FA2024-class 11,28,1905AIAACG,,7.2,4.6,6.5,Passed,8.3
FA2024,FA2024-class 11,29,1905AIBEBA,,6.8,3.6,5.9,Not Passed,8.1
FA2024,FA2024-class 11,30,1905AGJCEJ,,8.2,3.2,5.5,Not Passed,5.7
FA2024,FA2024-class 11,31,1905AICJCB,,7.9,4,6.3,Passed,7.9
FA2024,FA2024-class 11,32,1905AIBFCE,,7.4,5.6,6.7,Passed,7.6
FA2024,FA2024-class 12,1,1905AIDJEH,,9.1,6,7.8,Passed,8.8
FA2024,FA2024-class 12,2,1905AICEHG,,9.1,7.4,8.5,Passed,9.5
FA2024,FA2024-class 12,3,1905AIDBGF,,4.7,0,3.7,Is Susspended,7.7
FA2024,FA2024-class 12,4,1905AICEIJ,,8.5,4,6.8,Passed,8.8
FA2024,FA2024-class 12,5,1905AICGIF,,9.3,3.6,6.8,Not Passed,8.5
FA2024,FA2024-class 12,6,1905AICBAJ,,0,0,0,Attendance Fail,0
FA2024,FA2024-class 12,7,1905AICHGC,,9.3,4,7.3,Passed,9.7
FA2024,FA2024-class 12,8,1905AICCJG,,0,0,0,Attendance Fail,0
FA2024,FA2024-class 12,9,1905AICGID,,8.3,4,6.5,Passed,8.2
FA2024,FA2024-class 12,10,1905AICAFH,,9.2,6.4,8.3,Passed,9.8
FA2024,FA2024-class 12,11,1905AFJEHD,,6,2.8,5.4,Not Passed,8.5
FA2024,FA2024-class 12,12,1905AIBBFF,,6.7,5.4,6.6,Passed,8.1
FA2024,FA2024-class 12,13,1905AHJGFE,,8.8,8.8,9.1,Passed,9.8
FA2024,FA2024-class 12,14,1905AICCGG,,0,0,0,Attendance Fail,0
FA2024,FA2024-class 12,15,1905AICAJJ,,9.2,6,8.1,Passed,9.7
FA2024,FA2024-class 12,16,1905AIDEFI,,9.2,7,8,Passed,8.1
FA2024,FA2024-class 12,17,1905AICHFC,,9,1.8,5.9,Not Passed,8.4
FA2024,FA2024-class 12,18,1905AIDJHI,,9.1,7,8.3,Passed,9.3
FA2024,FA2024-class 12,19,1905AIJGGA,,9,4.4,7,Passed,8.7
FA2024,FA2024-class 12,20,1905AIDBBB,,8.7,4,6.6,Passed,8.1
FA2024,FA2024-class 12,21,1905AIBFJC,,9.2,4.8,7.3,Passed,8.7
FA2024,FA2024-class 12,22,1905AHCDFG,,9,4.8,7.1,Passed,8.2
FA2024,FA2024-class 12,23,1905AICHAI,,9.1,7.4,8,Passed,7.9
FA2024,FA2024-class 12,24,1905AICIJD,,7.7,3.6,6.1,Not Passed,7.7
FA2024,FA2024-class 12,25,1905AICIDG,,9.1,6.4,8.2,Passed,9.9
FA2024,FA2024-class 12,26,1905AIBIHG,,9.1,7.6,8.3,Passed,8.3
FA2024,FA2024-class 12,27,1905AICIED,,9.7,4.8,7.8,Passed,10
FA2024,FA2024-class 12,28,1919AEJAED,,6,3.8,5.6,Not Passed,7.8
FA2024,FA2024-class 12,29,1905AIBICB,,9.2,6,8.1,Passed,10
FA2024,FA2024-class 12,30,1905AHDBCE,,0,0,0,Attendance Fail,0
FA2024,FA2024-class 12,31,1905AIJABA,,9,5.2,7.8,Passed,10
FA2024,FA2024-class 12,32,1905AICAEH,,9.2,7.6,8.4,Passed,8.7
FA2024,FA2024-class 12,33,1905AIBCEA,,9.2,7.6,8.3,Passed,8.4
FA2024,FA2024-class 12,34,1905AIJEAD,,9,6.4,8.2,Passed,9.9
FA2024,FA2024-class 13,1,1905AIDEBG,,7.5,6.8,7.9,Passed,9.6
FA2024,FA2024-class 13,2,1905AICIHJ,,6.6,7.2,7.1,Passed,7.4
FA2024,FA2024-class 13,3,1905AIDGGF,,7.5,6.8,7.4,Passed,8.2
FA2024,FA2024-class 13,4,1905AHDHGI,,7.6,4,6.7,Passed,9.4
FA2024,FA2024-class 13,5,1905AIFFDE,,7,7.6,7.6,Passed,8.4
FA2024,FA2024-class 13,6,1905AIFBEH,,8,6,7.7,Passed,9.5
FA2024,FA2024-class 13,7,1905AIBHJG,,9,6,7.9,Passed,9.2
FA2024,FA2024-class 13,8,1905AIJFIJ,,6.5,6.2,7.1,Passed,8.8
FA2024,FA2024-class 13,9,1905AIDIJD,,3.5,3.6,4.9,Not Passed,8.1
FA2024,FA2024-class 13,10,1905AIJGJC,,7,6.8,7.6,Passed,9.2
FA2024,FA2024-class 13,11,1905AIDGGE,,7.6,4.8,6.7,Passed,8.5
FA2024,FA2024-class 13,12,1905AHJGCG,,4.1,7.4,7,Passed,9.4
FA2024,FA2024-class 13,13,1905AIBFJA,,9.1,4.8,7.2,Passed,8.5
FA2024,FA2024-class 13,14,1905AIFEID,,5.6,6.8,6.9,Passed,8.4
FA2024,FA2024-class 13,15,1905AIFGBG,,6,7.6,7.6,Passed,9.1
FA2024,FA2024-class 13,16,1905AIDFIH,,6.5,2.8,5.8,Not Passed,9.1
FA2024,FA2024-class 13,17,1905AIDCEG,,3.5,4.2,5.2,Passed,8.2
FA2024,FA2024-class 13,18,1905AIDHIE,,7.6,2.8,6,Not Passed,8.7
FA2024,FA2024-class 13,19,1905AIDGID,,0,0,0,Attendance Fail,0
FA2024,FA2024-class 13,20,1905AIBFCF,,9,4,7.2,Passed,9.6
FA2024,FA2024-class 13,21,1905AIBDDG,,9.5,6.6,8.4,Passed,9.8
FA2024,FA2024-class 13,22,1905AIBIJD,,7,8,7.9,Passed,8.6
FA2024,FA2024-class 13,23,1919AGJHAD,,5.4,7.2,6.7,Passed,7.2
FA2024,FA2024-class 13,24,1905AIDFGJ,,7,7.2,7.6,Passed,8.7
FA2024,FA2024-class 13,25,1905AIBFAF,,9,4.2,7.3,Passed,9.6
FA2024,FA2024-class 13,26,1905AIFEHI,,6.5,5.8,6.9,Passed,8.8
FA2024,FA2024-class 13,27,1905AIDHFI,,6.4,4.2,5.8,Passed,7.4
FA2024,FA2024-class 13,28,1905AICBED,,7,5.6,7,Passed,9
FA2024,FA2024-class 13,29,1905AIFGCF,,7.1,4.2,6.3,Passed,8.2
FA2024,FA2024-class 13,30,1905AIFBCD,,7.5,4.2,6.4,Passed,8.1
FA2024,FA2024-class 13,31,1905AIBGBI,,6.6,6.8,7,Passed,7.8
FA2024,FA2024-class 13,32,1905AIBDBF,,9.5,7.6,8.8,Passed,9.8
FA2024,FA2024-class 13,33,1905AIFBAG,,7,4,6.3,Passed,8.6
SP2017,SP2017-class 1,1,1905FCECC,,,,0,Not Passed,
SP2017,SP2017-class 1,2,1905FBCFD,,,,6.1,Passed,
SP2017,SP2017-class 1,3,1905FBIBH,,,,8.6,Passed,
SP2017,SP2017-class 1,4,1905FBFGE,,,,4.5,Not Passed,
SP2017,SP2017-class 1,5,1905FBHCB,,,,6.4,Passed,
SP2017,SP2017-class 1,6,1905FBHGJ,,,,7.5,Passed,
SP2017,SP2017-class 1,7,1905FBEEJ,,,,7.1,Passed,
SP2017,SP2017-class 1,8,1905FBIAH,,,,5.3,Passed,
SP2017,SP2017-class 1,9,1905FCJEI,,,,7.8,Passed,
SP2017,SP2017-class 1,10,1905FBHJG,,,,5.9,Passed,
SP2017,SP2017-class 1,11,1905FBCDB,,,,6.3,Passed,
SP2017,SP2017-class 1,12,1905FBCAI,,,,2.8,Not Passed,
SP2017,SP2017-class 1,13,1905FBFDH,,,,5.2,Passed,
SP2017,SP2017-class 1,14,1905FBFDI,,,,0.3,Not Passed,
SP2017,SP2017-class 1,15,1905FBFBC,,,,5.8,Passed,
SP2017,SP2017-class 1,16,1905FBDGE,,,,5.4,Passed,
SP2017,SP2017-class 1,17,1905FBBBH,,,,0,Not Passed,
SP2017,SP2017-class 1,18,1905FCEBH,,,,5.3,Passed,
SP2017,SP2017-class 1,19,1905FCCCC,,,,6.5,Passed,
SP2017,SP2017-class 1,20,1905FBJGF,,,,0,Not Passed,
SP2017,SP2017-class 1,21,1905FADDG,,,,0,Not Passed,
SP2017,SP2017-class 1,22,1905FBFJF,,,,5,Passed,
SP2017,SP2017-class 2,1,1905FBIJG,,,,8.7,Passed,
SP2017,SP2017-class 2,2,1905FCADG,,,,9.7,Passed,
SP2017,SP2017-class 2,3,1905FBDDE,,,,3.7,Not Passed,
SP2017,SP2017-class 2,4,1905FBHGF,,,,8.2,Passed,
SP2017,SP2017-class 2,5,1905FBIAA,,,,8.9,Passed,
SP2017,SP2017-class 2,6,1905FCBHF,,,,7.9,Passed,
SP2017,SP2017-class 2,7,1905FCDJF,,,,9.1,Passed,
SP2017,SP2017-class 2,8,1905FBICD,,,,7.6,Passed,
SP2017,SP2017-class 2,9,1905FCEBJ,,,,7.8,Passed,
SP2017,SP2017-class 2,10,1905FCJHA,,,,7.7,Passed,
SP2017,SP2017-class 2,11,1905FCEBI,,,,8.2,Passed,
SP2017,SP2017-class 2,12,1905FAHAB,,,,5.8,Passed,
SP2017,SP2017-class 2,13,1905FBGCJ,,,,5.2,Passed,
SP2017,SP2017-class 2,14,1905FAGHD,,,,7.5,Passed,
SP2017,SP2017-class 2,15,1905FCJFA,,,,9.1,Passed,
SP2017,SP2017-class 2,16,1905FBICF,,,,8.1,Passed,
SP2017,SP2017-class 2,17,1905FCDJH,,,,5.3,Passed,
SP2017,SP2017-class 2,18,1905FBGDB,,,,8.4,Passed,
SP2017,SP2017-class 2,19,1905FBHBD,,,,7.3,Passed,
SP2017,SP2017-class 2,20,1905FCAGD,,,,8.9,Passed,
SP2017,SP2017-class 2,21,1905FCBHA,,,,9.7,Passed,
SP2017,SP2017-class 2,22,1905FBCDD,,,,6.7,Passed,
SP2017,SP2017-class 2,23,1905FAFEA,,,,7,Passed,
SP2017,SP2017-class 2,24,1905FCJCC,,,,7.7,Passed,
SP2017,SP2017-class 2,25,1905FBGDI,,,,8.1,Passed,
SP2017,SP2017-class 3,1,1905FBBID,,,,0,Not Passed,
SP2017,SP2017-class 3,2,1905FBJDF,,,,5.4,Passed,
SP2017,SP2017-class 3,3,1905FBJFD,,,,0,Not Passed,
SP2017,SP2017-class 3,4,1905FAFAB,,,,6.1,Passed,
SP2017,SP2017-class 3,5,1905FBEFG,,,,7.1,Passed,
SP2017,SP2017-class 3,6,1905FBAJG,,,,5.7,Passed,
SP2017,SP2017-class 3,7,1905FBEJI,,,,6.2,Passed,
SP2017,SP2017-class 3,8,1905FBFGC,,,,5.4,Passed,
SP2017,SP2017-class 3,9,1905FBBEG,,,,6,Passed,
SP2017,SP2017-class 3,10,1905FADHI,,,,3.5,Not Passed,
SP2017,SP2017-class 3,11,1905FBCJF,,,,6.5,Passed,
SP2017,SP2017-class 3,12,1905FBCFA,,,,5.9,Passed,
SP2017,SP2017-class 3,13,1905FBDIG,,,,6.3,Passed,
SP2017,SP2017-class 3,14,1905FBGFG,,,,6.9,Passed,
SP2017,SP2017-class 3,15,1905FBDJJ,,,,6.1,Passed,
SP2017,SP2017-class 3,16,1905FAHBG,,,,7.9,Passed,
SP2017,SP2017-class 3,17,1905FBJIC,,,,5.6,Passed,
SP2017,SP2017-class 3,18,1905FAGBG,,,,6.4,Passed,
SP2017,SP2017-class 3,19,1905FBDHB,,,,5.2,Passed,
SP2017,SP2017-class 3,20,1905FBGBC,,,,7.3,Passed,
SP2017,SP2017-class 3,21,1905FBGCD,,,,5.6,Passed,
SP2017,SP2017-class 3,22,1905FBFGA,,,,5.6,Passed,
SP2017,SP2017-class 3,23,1905FBGAF,,,,7.8,Passed,
SP2017,SP2017-class 3,24,1905FBCHE,,,,6.7,Passed,
SP2017,SP2017-class 4,1,1905FBJCG,,,,7.1,Passed,
SP2017,SP2017-class 4,2,1905FBFJI,,,,8.4,Passed,
SP2017,SP2017-class 4,3,1905FBFID,,,,8.7,Passed,
SP2017,SP2017-class 4,4,1905FBEIA,,,,8.2,Passed,
SP2017,SP2017-class 4,5,1905FBDHJ,,,,0.3,Not Passed,
SP2017,SP2017-class 4,6,1905FAHCF,,,,6.1,Passed,
SP2017,SP2017-class 4,7,1905FBDAE,,,,5.9,Passed,
SP2017,SP2017-class 4,8,1905FBFDG,,,,7.7,Passed,
SP2017,SP2017-class 4,9,1905FBEID,,,,8.2,Passed,
SP2017,SP2017-class 4,10,1905FAFBI,,,,5.5,Passed,
SP2017,SP2017-class 4,11,1905FAHGE,,,,8.8,Passed,
SP2017,SP2017-class 4,12,1905FBEFE,,,,7.3,Passed,
SP2017,SP2017-class 4,13,1905FBJDD,,,,8.2,Passed,
SP2017,SP2017-class 4,14,1905FBCFF,,,,8,Passed,
SP2017,SP2017-class 4,15,1905FBEEG,,,,6.7,Passed,
SP2017,SP2017-class 4,16,1905FBFDB,,,,7.4,Passed,
SP2017,SP2017-class 4,17,1905FBGEF,,,,7.5,Passed,
SP2017,SP2017-class 4,18,1905FBEAF,,,,7.5,Passed,
SP2017,SP2017-class 4,19,1905FAHJI,,,,6.8,Passed,
SP2017,SP2017-class 4,20,1905FBGDH,,,,6.5,Passed,
SP2017,SP2017-class 4,21,1905FBFAG,,,,6.5,Passed,
SP2017,SP2017-class 4,22,1905FBDEF,,,,4.4,Not Passed,
SP2017,SP2017-class 4,23,1905FBAHD,,,,7.7,Passed,
SP2017,SP2017-class 4,24,1905FAEFF,,,,6.9,Passed,
SP2017,SP2017-class 4,25,1905FBDGC,,,,6.5,Passed,
SP2017,SP2017-class 4,26,1905FAIAH,,,,7.5,Passed,
SP2017,SP2017-class 5,1,1905FBHBG,,,,8.8,Passed,
SP2017,SP2017-class 5,2,1905FCDAH,,,,8.4,Passed,
SP2017,SP2017-class 5,3,1905FCAAD,,,,8.7,Passed,
SP2017,SP2017-class 5,4,1905FAGEG,,,,5.4,Passed,
SP2017,SP2017-class 5,5,1905FCJIC,,,,9.2,Passed,
SP2017,SP2017-class 5,6,1905FCDDD,,,,5.4,Passed,
SP2017,SP2017-class 5,7,1905FBHGA,,,,8.8,Passed,
SP2017,SP2017-class 5,8,1905FBHBF,,,,6.1,Passed,
SP2017,SP2017-class 5,9,1905FCJDG,,,,4.6,Not Passed,
SP2017,SP2017-class 5,10,1905FCCCB,,,,6.3,Passed,
SP2017,SP2017-class 5,11,1905FBGIG,,,,8.1,Passed,
SP2017,SP2017-class 5,12,1905FBGIJ,,,,7.2,Passed,
SP2017,SP2017-class 5,13,1905FBIIH,,,,0,Not Passed,
SP2017,SP2017-class 5,14,1905FCJGA,,,,5.5,Passed,
SP2017,SP2017-class 5,15,1905FBHAG,,,,7.8,Passed,
SP2017,SP2017-class 5,16,1905FCDFF,,,,7.3,Passed,
SP2017,SP2017-class 5,17,1905FBDHH,,,,4.7,Not Passed,
SP2017,SP2017-class 5,18,1905FBAJH,,,,7.8,Passed,
SP2017,SP2017-class 5,19,1905FCCDH,,,,8.3,Passed,
SP2017,SP2017-class 5,20,1905FCDBF,,,,0,Not Passed,
SP2017,SP2017-class 5,21,1905FCDFE,,,,2,Not Passed,
SP2017,SP2017-class 5,22,1905FBFED,,,,6.2,Passed,
SP2017,SP2017-class 5,23,1905FAAHJ,,,,0,Not Passed,
SP2017,SP2017-class 5,24,1905FBHEI,,,,6,Passed,
SP2017,SP2017-class 6,1,1905FCBCA,,,,7.3,Passed,
SP2017,SP2017-class 6,2,1905FCEED,,,,7.2,Passed,
SP2017,SP2017-class 6,3,1905FBBJC,,,,8.1,Passed,
SP2017,SP2017-class 6,4,1905FBHIH,,,,7,Passed,
SP2017,SP2017-class 6,5,1905FBECH,,,,2.6,Not Passed,
SP2017,SP2017-class 6,6,1905FBEAA,,,,0.2,Not Passed,
SP2017,SP2017-class 6,7,1905FBHHF,,,,8.1,Passed,
SP2017,SP2017-class 6,8,1905FBIDI,,,,8.8,Passed,
SP2017,SP2017-class 6,9,1905FCAJC,,,,8.7,Passed,
SP2017,SP2017-class 6,10,1905FBHDI,,,,8.8,Passed,
SP2017,SP2017-class 6,11,1905FCBGF,,,,6.5,Passed,
SP2017,SP2017-class 6,12,1905FBEAC,,,,7,Passed,
SP2017,SP2017-class 6,13,1905FBIBJ,,,,5.6,Passed,
SP2017,SP2017-class 6,14,1905FAGFJ,,,,6.4,Passed,
SP2017,SP2017-class 6,15,1905FCBAI,,,,6.7,Passed,
SP2017,SP2017-class 6,16,1905FCACJ,,,,7.3,Passed,
SP2017,SP2017-class 6,17,1905FAGCI,,,,7.7,Passed,
SP2017,SP2017-class 6,18,1905FCJAJ,,,,5.8,Passed,
SP2017,SP2017-class 6,19,1905FCDAF,,,,2.5,Not Passed,
SP2017,SP2017-class 6,20,1905FCBDH,,,,6,Passed,
SP2017,SP2017-class 6,21,1905FCJJF,,,,7.7,Passed,
SP2017,SP2017-class 6,22,1905FBGHJ,,,,8.9,Passed,
SP2017,SP2017-class 7,1,1905FBEJE,,,,6.3,Passed,
SP2017,SP2017-class 7,2,1905FBCDE,,,,6,Passed,
SP2017,SP2017-class 7,3,1905FCEJF,,,,5.9,Passed,
SP2017,SP2017-class 7,4,1905FBCDI,,,,3.4,Not Passed,
SP2017,SP2017-class 7,5,1905FBGGI,,,,6.5,Passed,
SP2017,SP2017-class 7,6,1905FBCHB,,,,6.8,Passed,
SP2017,SP2017-class 7,7,1905FBEDJ,,,,6.6,Passed,
SP2017,SP2017-class 7,8,1905FCEDD,,,,1.4,Not Passed,
SP2017,SP2017-class 7,9,1905FBFDJ,,,,6.2,Passed,
SP2017,SP2017-class 7,10,1905FBEHG,,,,8.8,Passed,
SP2017,SP2017-class 7,11,1905FCBCG,,,,6.4,Passed,
SP2017,SP2017-class 7,12,1905FBJDA,,,,6.7,Passed,
SP2017,SP2017-class 7,13,1905FBFEJ,,,,5.6,Passed,
SP2017,SP2017-class 7,14,1905FBIFE,,,,6.6,Passed,
SP2017,SP2017-class 7,15,1905FBGIC,,,,8.2,Passed,
SP2017,SP2017-class 7,16,1905FBIDD,,,,8.1,Passed,
SP2017,SP2017-class 7,17,1905FBHID,,,,0,Not Passed,
SP2018,SP2018-class 1,1,1905ACJDDF,,9,6.2,6.3,Passed,3.8
SP2018,SP2018-class 1,2,1905ACJFIJ,,8.5,7.2,6.9,Passed,5
SP2018,SP2018-class 1,3,1905ACJECA,,8,5,7.3,Passed,9.5
SP2018,SP2018-class 1,4,1905ACJBJA,,9.5,6.6,8.2,Passed,8.9
SP2018,SP2018-class 1,5,1905ACJBFG,,2.3,0,0.8,Not Passed,0.3
SP2018,SP2018-class 1,6,1905ACJAFC,,4.5,8.2,7.1,Passed,8.3
SP2018,SP2018-class 1,7,1905ACJDBE,,4,4.6,4.2,Not Passed,3.8
SP2018,SP2018-class 1,8,1905ACJJGD,,8,4.2,5.5,Passed,4.8
SP2018,SP2018-class 1,9,1905ACJAIF,,4.8,0,2.2,Not Passed,2.5
SP2018,SP2018-class 1,10,1905ACJCGE,,9,5.6,5.8,Passed,2.8
SP2018,SP2018-class 1,11,1905ACJADI,,9.5,5,7.1,Passed,7.5
SP2018,SP2018-class 1,12,1905ACJJIJ,,6.5,5.2,5.3,Passed,4.3
SP2018,SP2018-class 1,13,1905ACJDFD,,4.5,0,1.9,Not Passed,1.8
SP2018,SP2018-class 1,14,1905ACJDEH,,7,5.2,5.1,Passed,3
SP2018,SP2018-class 1,15,1905ACJEDA,,8,7,8.1,Passed,9.5
SP2018,SP2018-class 1,16,1905ACJBFC,,4.3,0,1.7,Not Passed,1.3
SP2018,SP2018-class 1,17,1905ACJBDD,,7.3,0,3,Not Passed,2.8
SP2018,SP2018-class 1,18,1905ACJGFA,,8.8,4.4,7.3,Passed,9.5
SP2018,SP2018-class 1,19,1905FCEBA,,0,0,0,Not Passed,0
SP2018,SP2018-class 1,20,1905ACJJAH,,6.5,5.4,5.2,Passed,3.5
SP2018,SP2018-class 1,21,1905ACJCGA,,7,2.8,5,Not Passed,6
SP2018,SP2018-class 1,22,1905ACJJCI,,8.8,5.8,6.4,Passed,4.8
SP2018,SP2018-class 1,23,1905ACJCGB,,7,4.8,5.4,Passed,4.5
SP2018,SP2018-class 1,24,1905ACJECD,,8.8,4.8,6.2,Passed,5.3
SP2018,SP2018-class 2,1,1905ACJDHJ,,0,0,1.5,Not Passed,4.9
SP2018,SP2018-class 2,2,1905ACJCAI,,10,4,6.8,Passed,7.2
SP2018,SP2018-class 2,3,1905ACJAGD,,10,4.8,6.8,Passed,6.2
SP2018,SP2018-class 2,4,1905ACJACA,,10,6.4,7.4,Passed,6.1
SP2018,SP2018-class 2,5,1905FCCCF,,0,0,0,Not Passed,0
SP2018,SP2018-class 2,6,1905ACJBDA,,10,4.4,6.7,Passed,6.3
SP2018,SP2018-class 2,7,1905ACJBFB,,10,4.4,7.3,Passed,8.4
SP2018,SP2018-class 2,8,1905FCDDI,,5.3,3.2,4.5,Not Passed,5.5
SP2018,SP2018-class 2,9,1905FCJIH,,10,2.8,5.5,Not Passed,4.7
SP2018,SP2018-class 2,10,1905ACJCJC,,0,0,0,Not Passed,0
SP2018,SP2018-class 2,11,1905ACJBED,,10,4.6,7.1,Passed,7.5
SP2018,SP2018-class 2,12,1905ACJCIA,,10,6.4,7.5,Passed,6.4
SP2018,SP2018-class 2,13,1905FCBGH,,0,0,0,Not Passed,0
SP2018,SP2018-class 2,14,1905ACJDED,,5.3,4.6,5.4,Passed,6.7
SP2018,SP2018-class 2,15,1905ADJJJE,,10,4.4,6.2,Passed,4.8
SP2018,SP2018-class 2,16,1905ACJAJD,,2.8,3.8,3.6,Not Passed,4
SP2018,SP2018-class 2,17,1905ACJJEJ,,0.5,0,1.4,Not Passed,4.2
SP2018,SP2018-class 2,18,1905ACJFGD,,0,0,1.4,Not Passed,4.7
SP2018,SP2018-class 2,19,1905ACJAJB,,10,5,7.1,Passed,7
SP2018,SP2018-class 2,20,1905ACJEAD,,6.5,4.6,5.4,Passed,5.4
SP2018,SP2018-class 2,21,1905ACJDJC,,10,4.2,6.9,Passed,7.5
SP2018,SP2018-class 2,22,1905ACJJAB,,10,4.8,7.1,Passed,7.4
SP2018,SP2018-class 3,1,1905FBIFJ,,6,3.2,5.2,Not Passed,7.1
SP2018,SP2018-class 3,2,1905FCCAE,,6,3.4,4.5,Not Passed,4.3
SP2018,SP2018-class 3,3,1905FCAFG,,0,0,0,Not Passed,0
SP2018,SP2018-class 3,4,1905ACJGBD,,6,6,6.5,Passed,7.7
SP2018,SP2018-class 3,5,1905ACJAFJ,,9,6,7.8,Passed,9
SP2018,SP2018-class 3,6,1905FCCGC,,5.5,0,2.9,Not Passed,4.1
SP2018,SP2018-class 3,7,1905ACJJEC,,5,4.6,5.6,Passed,7.6
SP2018,SP2018-class 3,8,1905ACJBAA,,5.5,0,3.6,Not Passed,6.5
SP2018,SP2018-class 3,9,1905ACJBAF,,0,0,0,Not Passed,0
SP2018,SP2018-class 3,10,1905ACJAHD,,8.5,4.4,6.9,Passed,8.6
SP2018,SP2018-class 3,11,1905ACJJHG,,4.5,5.6,5.7,Passed,7.1
SP2018,SP2018-class 3,12,1905ACJJII,,2,0,1.8,Not Passed,4
SP2018,SP2018-class 3,13,1905FAIHI,,4.5,3.2,4.3,Not Passed,5.6
SP2018,SP2018-class 3,14,1905ACJBBJ,,0,0,0.4,Not Passed,1.4
SP2018,SP2018-class 3,15,1905ACJJDE,,7.8,4.4,6.5,Passed,8
SP2018,SP2018-class 3,16,1905ACJJCG,,4.5,4.8,5.5,Passed,7.5
SP2018,SP2018-class 3,17,1905ACJJAG,,7,6,6.8,Passed,7.6
SP2018,SP2018-class 3,18,1905ACJJCC,,4.5,3.6,4.4,Not Passed,5.5
SP2018,SP2018-class 3,19,1905ACJFGF,,7,4.4,6.1,Passed,7.3
SP2018,SP2018-class 3,20,1905ACJJBE,,6,4.2,6,Passed,8.3
SP2018,SP2018-class 3,21,1905ACJCHC,,6,3.4,4.8,Not Passed,5.4
SP2018,SP2018-class 3,22,1905ACJDFH,,6.5,0,2.7,Not Passed,2.6
SP2018,SP2018-class 3,23,1905ACJJFC,,6,4.4,5.3,Passed,5.8
SP2018,SP2018-class 3,24,1905ACJJHC,,5.5,7.2,7.1,Passed,8.4
SP2018,SP2018-class 3,25,1905ACJJGC,,10,5.6,7.6,Passed,7.9
SP2018,SP2018-class 3,26,1905ACJECB,,0,0,0,Not Passed,0
SP2018,SP2018-class 3,27,1905ACJABJ,,5.5,6,6.6,Passed,8.6
SP2018,SP2018-class 3,28,1905ACJJID,,6.5,5.4,6.7,Passed,8.5
SP2018,SP2018-class 3,29,1905FBJCE,,3.5,0,1.8,Not Passed,2.6
SP2018,SP2018-class 4,1,1905FBAJB,,9,4.6,6.6,Passed,6.9
SP2018,SP2018-class 4,2,1905ACJFIE,,7.5,4.4,5.6,Passed,5.3
SP2018,SP2018-class 4,3,1905ACJJGB,,7.8,5.4,6.4,Passed,6.4
SP2018,SP2018-class 4,4,1905ACJFBA,,8.5,5,6.5,Passed,6.5
SP2018,SP2018-class 4,5,1905ACJACE,,7.5,6.2,6.5,Passed,5.8
SP2018,SP2018-class 4,6,1905ACJCDC,,7.5,5.8,6.4,Passed,6
SP2018,SP2018-class 4,7,1905ACJGGJ,,8,5.8,6.3,Passed,5.1
SP2018,SP2018-class 4,8,1905ACJJFI,,8.3,4.8,6.4,Passed,6.6
SP2018,SP2018-class 4,9,1905ACJJBH,,8.5,4.4,6.1,Passed,6
SP2018,SP2018-class 4,10,1905ACJJFG,,7,4,5.2,Passed,5
SP2018,SP2018-class 4,11,1905ACJABB,,8,5.6,6.2,Passed,5.3
SP2018,SP2018-class 4,12,1905ACJJDI,,9,6,7.3,Passed,7.4
SP2018,SP2018-class 4,13,1905ACJEHH,,8,4.4,5.9,Passed,5.9
SP2018,SP2018-class 4,14,1905ACJCEJ,,7.5,4.2,5,Passed,3.6
SP2018,SP2018-class 4,15,1905ACJGFB,,7.5,3.6,5.1,Not Passed,4.6
SP2018,SP2018-class 4,16,1905ACJGAB,,9,6.6,7.4,Passed,6.9
SP2018,SP2018-class 4,17,1905ACJABF,,8,5.2,6,Passed,5
SP2018,SP2018-class 4,18,1905ACJFIC,,8.5,4.8,6.1,Passed,5.3
SP2018,SP2018-class 4,19,1905ACJJEG,,8.3,3.2,5.3,Not Passed,5
SP2018,SP2018-class 4,20,1905FBIHA,,0,0,0,Not Passed,0
SP2018,SP2018-class 4,21,1905ACJJBF,,9,4.6,6.2,Passed,5.5
SP2018,SP2018-class 4,22,1905ACJJDA,,8.5,4.8,6.1,Passed,5.4
SP2018,SP2018-class 4,23,1905ACJFBF,,8.5,5.4,6.5,Passed,6.1
SP2018,SP2018-class 4,24,1905ACJABA,,7.8,4.6,5.8,Passed,5.3
SP2018,SP2018-class 4,25,1905ACJJDJ,,9,5.6,6.9,Passed,6.5
SP2018,SP2018-class 5,1,1905ACJCFE,,8,4.6,6.7,Passed,8.1
SP2018,SP2018-class 5,2,1905ACJBBB,,5,6.4,6.3,Passed,7.6
SP2018,SP2018-class 5,3,1905ACJCFG,,7.5,4,6.4,Passed,8.4
SP2018,SP2018-class 5,4,1905ACJCAH,,8,6.6,7.6,Passed,8.6
SP2018,SP2018-class 5,5,1905ACJBEF,,8,6.2,7.5,Passed,8.6
SP2018,SP2018-class 5,6,1905ACJBGA,,8,6.8,7.7,Passed,8.5
SP2018,SP2018-class 5,7,1905ACJADF,,5.5,4.4,5.7,Passed,7.6
SP2018,SP2018-class 5,8,1905ACJCJE,,7.5,3.2,5.9,Not Passed,7.8
SP2018,SP2018-class 5,9,1905ACJCCB,,9,6.2,7.9,Passed,9
SP2018,SP2018-class 5,10,1905ACJCDE,,6.5,4.6,6.4,Passed,8.7
SP2018,SP2018-class 5,11,1905ACJAIA,,5.5,5.4,6,Passed,7.3
SP2018,SP2018-class 5,12,1905ACJBBF,,10,6.6,8.3,Passed,8.9
SP2018,SP2018-class 5,13,1905ACJBIA,,7.5,5.8,7.2,Passed,8.9
SP2018,SP2018-class 5,14,1905ACJAFF,,7,5.2,6.3,Passed,7.2
SP2018,SP2018-class 5,15,1905ACJCFB,,5,4.8,5.6,Passed,7.2
SP2018,SP2018-class 5,16,1905ACJAHI,,5,5.2,5.9,Passed,7.8
SP2018,SP2018-class 5,17,1905ACJAFB,,8.5,6.4,7.8,Passed,9.1
SP2018,SP2018-class 5,18,1905ACJCFJ,,7.5,4.2,6.4,Passed,8.3
SP2018,SP2018-class 5,19,1905ACJACI,,7.5,7.8,8,Passed,8.8
SP2018,SP2018-class 5,20,1905ACJCFA,,8,4.8,6.8,Passed,8.4
SP2018,SP2018-class 5,21,1905ACJCEC,,7.5,4.4,5.8,Passed,5.8
SP2018,SP2018-class 5,22,1905ACJCCE,,7.5,5.2,6.4,Passed,7
SP2018,SP2018-class 5,23,1905FBIFF,,7,4.2,5.1,Passed,4.5
SP2018,SP2018-class 5,24,1905ACJCEA,,7.5,6,7.1,Passed,8
SP2018,SP2018-class 5,25,1905ACJAEB,,8,4.6,6.9,Passed,8.8
SP2018,SP2018-class 6,1,1905ACJFEB,,5,4.2,5.1,Passed,6.3
SP2018,SP2018-class 6,2,1905ACJEEC,,10,6.6,7.7,Passed,7
SP2018,SP2018-class 6,3,1905FBFGE,,4.3,2.6,4.1,Not Passed,5.9
SP2018,SP2018-class 6,4,1905ACJFBI,,0.5,6.4,4.3,Not Passed,5.3
SP2018,SP2018-class 6,5,1905ACJFAA,,10,6.8,7.8,Passed,6.8
SP2018,SP2018-class 6,6,1905ACJEEA,,6.3,5.8,6.3,Passed,7
SP2018,SP2018-class 6,7,1905ACJDCD,,4.3,6.2,6,Passed,7.3
SP2018,SP2018-class 6,8,1905ACJFDF,,10,4,6.7,Passed,7.1
SP2018,SP2018-class 6,9,1905ACJDHF,,10,5.8,7.5,Passed,7.3
SP2018,SP2018-class 6,10,1905ACJDGG,,6,4,5.5,Passed,6.9
SP2018,SP2018-class 6,11,1905ACJDIC,,7.8,6.2,7.2,Passed,7.8
SP2018,SP2018-class 6,12,1905ACJCIB,,5,6.8,6.3,Passed,6.8
SP2018,SP2018-class 6,13,1905ACJDEJ,,1.8,0,2.4,Not Passed,6.3
SP2018,SP2018-class 6,14,1905ACJCHF,,3,5.2,5.2,Passed,7.5
SP2018,SP2018-class 6,15,1905ACJGJB,,8.8,6.8,7.5,Passed,7.1
SP2018,SP2018-class 6,16,1905ACJGJF,,9.5,5.6,7.3,Passed,7.4
SP2018,SP2018-class 6,17,1905ACJDCF,,0.5,6.6,5.1,Passed,7.8
SP2018,SP2018-class 6,18,1905ACJCGG,,1,7.2,5.1,Passed,6.5
SP2018,SP2018-class 6,19,1905ACJGJG,,8.5,5.2,6.6,Passed,6.5
SP2018,SP2018-class 6,20,1905ACJDJE,,1,0,2.3,Not Passed,6.5
SP2018,SP2018-class 6,21,1905ACJEJJ,,2.5,0,2.4,Not Passed,5.4
SP2018,SP2018-class 6,22,1905ACJDGC,,3,0,2.8,Not Passed,6.3
SP2018,SP2018-class 6,23,1905ACJDJA,,5,4.4,5.2,Passed,6.5
SP2018,SP2018-class 6,24,1905ACJFDD,,5,6.4,5.7,Passed,5.4
SP2018,SP2018-class 6,25,1905ACJFJJ,,6.3,5.6,6.1,Passed,6.5
SP2018,SP2018-class 6,26,1905ACJFIG,,10,8.2,8.3,Passed,6.8
SP2018,SP2018-class 6,27,1905ACJEIG,,0.5,0,2.1,Not Passed,6.5
SP2018,SP2018-class 7,1,1905ACJJHH,,9.5,6.6,8,Passed,8.3
SP2018,SP2018-class 7,2,1905ACJJBD,,7.8,0,3.8,Not Passed,5
SP2018,SP2018-class 7,3,1905FBHFB,,0,0,0,Not Passed,0
SP2018,SP2018-class 7,4,1905ACJJJE,,7,4.6,5.1,Passed,3.8
SP2018,SP2018-class 7,5,1905ACJJHF,,9.3,6.8,7.9,Passed,7.8
SP2018,SP2018-class 7,6,1905ACJJIF,,9.3,4.8,6.5,Passed,6.1
SP2018,SP2018-class 7,7,1905ACJGEF,,9,6,7.4,Passed,7.6
SP2018,SP2018-class 7,8,1905ACJJBB,,8.8,5.8,6.7,Passed,5.8
SP2018,SP2018-class 7,9,1905ACJGBI,,6.5,0,2,Not Passed,0.3
SP2018,SP2018-class 7,10,1905ACJCCH,,0,0,0.8,Not Passed,2.5
SP2018,SP2018-class 7,11,1905ACJCGJ,,9,7.4,8.2,Passed,8.3
SP2018,SP2018-class 7,12,1905ACJGAJ,,9,6.4,7.7,Passed,8
SP2018,SP2018-class 7,13,1905ACJABD,,6.5,5.4,5.7,Passed,5.3
SP2018,SP2018-class 7,14,1905ACJJFF,,4.8,0,3,Not Passed,5.3
SP2018,SP2018-class 7,15,1905ACJDGH,,6.5,5.2,5.8,Passed,6
SP2018,SP2018-class 7,16,1905ACJJCA,,0,0,1.5,Not Passed,5
SP2018,SP2018-class 7,17,1905ACJGEG,,9,6.6,7,Passed,5.5
SP2018,SP2018-class 7,18,1905ACJJHD,,9,6.8,8.1,Passed,9
SP2018,SP2018-class 7,19,1905FBGCA,,0,0,0,Not Passed,0
SP2018,SP2018-class 7,20,1905ACJGDC,,8.5,6.2,6.9,Passed,6.3
SP2018,SP2018-class 7,21,1905ACJCGH,,8,5.4,5.9,Passed,4.3
SP2018,SP2018-class 7,22,1905ACJEDJ,,6.5,5.2,5.2,Passed,4
SP2018,SP2018-class 7,23,1905ACJGDE,,8.5,5,7,Passed,8
SP2018,SP2018-class 7,24,1905ACJDFB,,8,4.2,6.2,Passed,6.9
SP2018,SP2018-class 8,1,1905ACJDAI,,6,0,2.9,Not Passed,3.8
SP2018,SP2018-class 8,2,1905ACJBGE,,7,5,5.8,Passed,5.6
SP2018,SP2018-class 8,3,1905ACJAFA,,7.5,5.2,6.3,Passed,6.4
SP2018,SP2018-class 8,4,1905ACJCCA,,9,4.4,6.4,Passed,6.3
SP2018,SP2018-class 8,5,1905ACJBII,,6.5,4.4,5.3,Passed,5.4
SP2018,SP2018-class 8,6,1905ACJCDA,,8,5.6,6.6,Passed,6.5
SP2018,SP2018-class 8,7,1905FBDJB,,7.5,5,5.9,Passed,5.6
SP2018,SP2018-class 8,8,1905ACJBIC,,5.5,4.2,5.4,Passed,6.8
SP2018,SP2018-class 8,9,1905ACJBHG,,7,5.4,6.4,Passed,7.1
SP2018,SP2018-class 8,10,1905ACJAEE,,3.5,0,2.3,Not Passed,4
SP2018,SP2018-class 8,11,1905ACJAAI,,6.5,4.8,5.6,Passed,5.8
SP2018,SP2018-class 8,12,1905ACJCCF,,9,6.4,7.8,Passed,8.3
SP2018,SP2018-class 8,13,1905ACJBIF,,8.5,4,6.5,Passed,7.8
SP2018,SP2018-class 8,14,1905ACJAFE,,10,5.8,8,Passed,8.8
SP2018,SP2018-class 8,15,1905ACJADA,,9,5,7.1,Passed,8
SP2018,SP2018-class 8,16,1905ACJCAE,,7,4.2,5.8,Passed,6.8
SP2018,SP2018-class 8,17,1905ACJBIG,,6.5,5,5.4,Passed,4.9
SP2018,SP2018-class 8,18,1905ACJCBF,,6.5,5,5.3,Passed,4.4
SP2018,SP2018-class 8,19,1905ACJCAB,,7,5,6.1,Passed,6.5
SP2018,SP2018-class 8,20,1905ACJBFH,,7,5.6,5.7,Passed,4.6
SP2018,SP2018-class 8,21,1905ACJAHH,,7.5,2.4,4.7,Not Passed,4.8
SP2018,SP2018-class 8,22,1905ACJCFI,,7.5,5.2,6,Passed,5.4
SP2018,SP2018-class 8,23,1905ACJBGH,,8,6.4,7.2,Passed,7.6
SP2018,SP2018-class 8,24,1905ACJBFJ,,7,3.8,5.2,Not Passed,5.1
SP2018,SP2018-class 8,25,1905ACJBGG,,8,5.2,6.6,Passed,7
SP2018,SP2018-class 9,1,1905FCDDG,,7,3.6,4.8,Not Passed,4.3
SP2018,SP2018-class 9,2,1905ACJFJD,,7.3,6,7,Passed,7.9
SP2018,SP2018-class 9,3,1905ACJDIJ,,8,3.8,6,Not Passed,6.9
SP2018,SP2018-class 9,4,1905ACJFJA,,7.5,5.2,6.5,Passed,7.1
SP2018,SP2018-class 9,5,1905FCDBG,,5.5,0,2.6,Not Passed,3
SP2018,SP2018-class 9,6,1905ACJEIJ,,6.8,5.2,6.3,Passed,7.1
SP2018,SP2018-class 9,7,1905ACJEED,,6.3,5,5.7,Passed,6.1
SP2018,SP2018-class 9,8,1905ACJDHA,,6.8,4.8,5.9,Passed,6.5
SP2018,SP2018-class 9,9,1905ACJCHJ,,7.5,5.6,6.7,Passed,7.3
SP2018,SP2018-class 9,10,1905ACJEBG,,7,2.4,4.5,Not Passed,4.9
SP2018,SP2018-class 9,11,1905ACJEJI,,7.5,5.6,6.3,Passed,6
SP2018,SP2018-class 9,12,1905ACJEHE,,8,5.2,6.4,Passed,6.4
SP2018,SP2018-class 9,13,1905ACJEID,,7.5,7.6,7.7,Passed,7.9
SP2018,SP2018-class 9,14,1905ACJEFC,,8,5.4,6.5,Passed,6.5
SP2018,SP2018-class 9,15,1905ACJDCI,,7.8,4.4,5.5,Passed,4.5
SP2018,SP2018-class 9,16,1905ACJEAG,,8,5.4,6.2,Passed,5.4
SP2018,SP2018-class 9,17,1905ACJEGA,,8,7.2,7.3,Passed,6.6
SP2018,SP2018-class 9,18,1905ACJDCE,,7,5.6,6.3,Passed,6.4
SP2018,SP2018-class 9,19,1905ACJEAB,,7.3,6.2,6,Passed,4.5
SP2018,SP2018-class 9,20,1905ACJEJH,,7.8,4.4,6.2,Passed,7.1
SP2018,SP2018-class 9,21,1905ACJDDD,,9,0,4.3,Not Passed,5.3
SP2018,SP2018-class 9,22,1905ACJDDJ,,8,4,5.5,Passed,5
SP2018,SP2018-class 10,1,1905FBAJI,,8.5,7.6,7.2,Passed,5.5
SP2018,SP2018-class 10,2,1905ACJFDI,,5.5,6,5.4,Passed,4.6
SP2018,SP2018-class 10,3,1905ACJGAH,,7,4.8,6.5,Passed,8.3
SP2018,SP2018-class 10,4,1905ACJDGJ,,7,2.8,5.1,Not Passed,6.4
SP2018,SP2018-class 10,5,1905ACJFEH,,6.5,4.2,5.8,Passed,7.1
SP2018,SP2018-class 10,6,1905ACJFDB,,8,5.4,7.2,Passed,8.9
SP2018,SP2018-class 10,7,1905ACJFAF,,7,7.2,7.2,Passed,7.5
SP2018,SP2018-class 10,8,1905ACJECH,,8,4.6,6.9,Passed,9
SP2018,SP2018-class 10,9,1905ACJFAE,,8.5,8.2,8.7,Passed,9.5
SP2018,SP2018-class 10,10,1905ACJFFE,,8,5.2,7.2,Passed,9
SP2018,SP2018-class 10,11,1905ACJGCI,,8,4.2,6.6,Passed,8.3
SP2018,SP2018-class 10,12,1905ACJFHI,,8,2.8,5.5,Not Passed,6.7
SP2018,SP2018-class 10,13,1905ACJFJG,,9.5,6,7.9,Passed,8.7
SP2018,SP2018-class 10,14,1905FBGAA,,7,2,4.4,Not Passed,5
SP2018,SP2018-class 10,15,1905ACJFHF,,8,4.6,6.6,Passed,8
SP2018,SP2018-class 10,16,1905ACJGCB,,7,4.8,6.4,Passed,7.9
SP2018,SP2018-class 10,17,1905ACJGBE,,8,5,6.4,Passed,6.7
SP2018,SP2018-class 10,18,1905FCEEE,,0,0,0,Not Passed,0
SP2018,SP2018-class 10,19,1905ACJFHJ,,9,7.4,8.4,Passed,9.2
SP2018,SP2018-class 10,20,1905ACJGEC,,0,0,0,Not Passed,0
SP2018,SP2018-class 10,21,1905ACJDEC,,5.5,5,6.2,Passed,8.4
SP2018,SP2018-class 11,1,1905FAEEG,,5.5,3,4.8,Not Passed,6.5
SP2018,SP2018-class 11,2,1905ACJJAA,,8,3.4,6.1,Not Passed,7.9
SP2018,SP2018-class 11,3,1905ACJACF,,8,5.6,7,Passed,7.7
SP2018,SP2018-class 11,4,1905ACJDCB,,6,3.4,5,Not Passed,6
SP2018,SP2018-class 11,5,1905FBHFI,,8,8.2,8.1,Passed,8.2
SP2018,SP2018-class 11,6,1905ACJJJH,,8.5,5,7,Passed,8.2
SP2018,SP2018-class 11,7,1905ACJJJD,,6,4.8,5.6,Passed,6.1
SP2018,SP2018-class 11,8,1905ACJBIJ,,4.5,0,3.1,Not Passed,5.8
SP2018,SP2018-class 11,9,1905ACJBCB,,7.5,5.4,6.5,Passed,7
SP2018,SP2018-class 11,10,1905ACJJAJ,,9.5,4.4,6.8,Passed,7.3
SP2018,SP2018-class 11,11,1905FBHIC,,5.5,3.4,4.9,Not Passed,6.3
SP2018,SP2018-class 11,12,1905ACJBJC,,5,5,5.7,Passed,7.3
SP2018,SP2018-class 11,13,1905ACJBAC,,3.5,0,1.7,Not Passed,2
SP2018,SP2018-class 11,14,1905ACJAGC,,8.5,5,6.8,Passed,7.6
SP2018,SP2018-class 11,15,1905ACJAFI,,8.5,4.4,6.3,Passed,6.7
SP2018,SP2018-class 11,16,1905FCCHB,,8,5.2,6.7,Passed,7.4
SP2018,SP2018-class 11,17,1905ACJBBE,,5.5,4.8,5.8,Passed,7.3
SP2018,SP2018-class 12,1,1905ACJGAD,,6.5,5.2,6.4,Passed,8
SP2018,SP2018-class 12,2,1905ACJEHJ,,4.5,6.6,6.4,Passed,8
SP2018,SP2018-class 12,3,1905ACJCEG,,3.5,4,4.7,Not Passed,6.8
SP2018,SP2018-class 12,4,1905ACJFGI,,8.5,3.6,5.6,Not Passed,5.3
SP2018,SP2018-class 12,5,1905ACJGFG,,3,5.6,5.3,Passed,7.1
SP2018,SP2018-class 12,6,1905FCEFA,,3.3,0,1.9,Not Passed,2.9
SP2018,SP2018-class 12,7,1905ACJCEF,,6,4.6,5.8,Passed,7.2
SP2018,SP2018-class 12,8,1905ACJFDG,,2.5,3.6,4.3,Not Passed,7.1
SP2018,SP2018-class 12,9,1905ACJGCD,,8.8,5.2,7.2,Passed,8.1
SP2018,SP2018-class 12,10,1905ACJFFF,,5.3,5,5.4,Passed,6
SP2018,SP2018-class 12,11,1905ACJCBA,,7,4.6,6.3,Passed,8
SP2018,SP2018-class 12,12,1905ACJDEF,,10,4,7,Passed,8
SP2018,SP2018-class 12,13,1905FBABD,,10,4,6.9,Passed,7.8
SP2018,SP2018-class 12,14,1905ACJCBB,,7,5.4,6.6,Passed,7.9
SP2018,SP2018-class 12,15,1905ACJCCC,,6,4,5.5,Passed,7
SP2018,SP2018-class 12,16,1905ACJGDB,,9,5.2,6.9,Passed,6.9
SP2018,SP2018-class 12,17,1905ACJFHG,,9,3.8,5.7,Not Passed,4.8
SP2018,SP2018-class 12,18,1905ACJBCH,,0,0,2.2,Not Passed,7.3
SP2018,SP2018-class 12,19,1905ACJDDG,,10,6,7.8,Passed,8
SP2018,SP2018-class 12,20,1905ACJCJG,,7.8,2.6,5.5,Not Passed,7.1
SP2019,SP2019-class 1,1,1905ACJAJI,,6,3.8,5.4,Not Passed,7
SP2019,SP2019-class 1,2,1905ADJJCB,,8.8,4.8,7.1,Passed,8.5
SP2019,SP2019-class 1,3,1905ACJBEE,,8,5.4,6.2,Passed,5.6
SP2019,SP2019-class 1,4,1905FBFGE,,8.5,4.4,6.5,Passed,7.3
SP2019,SP2019-class 1,5,1905FCCCF,,5.5,0,3.1,Not Passed,4.8
SP2019,SP2019-class 1,6,1905ADJEDC,,8.8,6.6,7.7,Passed,8.1
SP2019,SP2019-class 1,7,1905ADJDJE,,8.8,5,7.2,Passed,8.5
SP2019,SP2019-class 1,8,1905ADJAEJ,,9,6,7.6,Passed,8.4
SP2019,SP2019-class 1,9,1905ACJBFG,,6,3.6,4.9,Not Passed,5.5
SP2019,SP2019-class 1,10,1905ACJEGF,,8,4.4,6.3,Passed,7
SP2019,SP2019-class 1,11,1905ACJJCD,,8.3,4.2,6.4,Passed,7.5
SP2019,SP2019-class 1,12,1905ACJEIA,,6.3,3.6,5.4,Not Passed,7
SP2019,SP2019-class 1,13,1905ACJJHB,,4.3,0,2.5,Not Passed,4
SP2019,SP2019-class 1,14,1905FCBGH,,6.5,4.6,5.8,Passed,6.8
SP2019,SP2019-class 1,15,1905ACJBDH,,0,0,0,Not Passed,0
SP2019,SP2019-class 1,16,1905ADJEGB,,8.8,5.2,7.1,Passed,7.8
SP2019,SP2019-class 1,17,1905FBIEI,,5,0,3,Not Passed,5.1
SP2019,SP2019-class 1,18,1905ACJCFF,,8,4.8,6.1,Passed,5.9
SP2019,SP2019-class 1,19,1905ACJAHB,,0,0,0,Not Passed,0
SP2019,SP2019-class 1,20,1905ADJICE,,8,5.8,6.9,Passed,7.3
SP2019,SP2019-class 1,21,1905ADJJBD,,8.8,4.8,7,Passed,8
SP2019,SP2019-class 1,22,1905ADJJIF,,7.8,7,7.6,Passed,8.3
SP2019,SP2019-class 2,1,1905ADJICG,,10,6.6,8.3,Passed,8.7
SP2019,SP2019-class 2,2,1905ACJAJF,,1.8,4.4,4.6,Not Passed,7.5
SP2019,SP2019-class 2,3,1905ACJFGI,,3.5,5,5.4,Passed,7.8
SP2019,SP2019-class 2,4,1905ADJDGI,,9,5.8,7.6,Passed,8.5
SP2019,SP2019-class 2,5,1905ACJGJJ,,4.3,3.6,5.3,Not Passed,8.4
SP2019,SP2019-class 2,6,1905ACJAGE,,0,0,1,Not Passed,3.4
SP2019,SP2019-class 2,7,1905FCDDI,,8.8,4,6.3,Passed,7
SP2019,SP2019-class 2,8,1905ADJIBD,,10,7,8.5,Passed,9.1
SP2019,SP2019-class 2,9,1905ACJBCA,,5.3,4.4,4.7,Not Passed,4.5
SP2019,SP2019-class 2,10,1905ADJBCE,,9.5,4.6,6.8,Passed,7.1
SP2019,SP2019-class 2,11,1905ADJAJJ,,10,6.4,8,Passed,8.2
SP2019,SP2019-class 2,12,1905ADJJGA,,5.3,5,5.9,Passed,7.6
SP2019,SP2019-class 2,13,1905ACJJIE,,3.5,2.6,4,Not Passed,6.5
SP2019,SP2019-class 2,14,1905ADJAJD,,9.5,6,7.8,Passed,8.6
SP2019,SP2019-class 3,1,1905ADAAGD,,,,,Is Exempt,
SP2019,SP2019-class 3,2,1905ADAAGE,,,,,Is Exempt,
SP2019,SP2019-class 3,3,1905ADAAEI,,,,,Is Exempt,
SP2019,SP2019-class 3,4,1905ADAAFB,,,,,Is Exempt,
SP2019,SP2019-class 3,5,1905ADAAFC,,,,,Is Exempt,
SP2019,SP2019-class 3,6,1905ADAAFA,,,,,Is Exempt,
SP2019,SP2019-class 3,7,1905ADAAFJ,,,,,Is Exempt,
SP2019,SP2019-class 3,8,1905ADAAFD,,,,,Is Exempt,
SP2019,SP2019-class 4,1,1905ADJAAA,,8.5,5.4,7.2,Passed,8.2
SP2019,SP2019-class 4,2,1905ADJBHI,,6,6,6.8,Passed,8.5
SP2019,SP2019-class 4,3,1905ADJBBB,,3.8,4.6,5.1,Passed,7.2
SP2019,SP2019-class 4,4,1905ADJDCB,,5.5,4.6,5.8,Passed,7.7
SP2019,SP2019-class 4,5,1905ADJJFA,,6.5,5.6,6.7,Passed,8.4
SP2019,SP2019-class 4,6,1905FBGDF,,10,5.8,7.8,Passed,8.1
SP2019,SP2019-class 4,7,1905ADJAAE,,8,5.4,6.8,Passed,7.5
SP2019,SP2019-class 4,8,1905ACJJII,,8.5,4.8,7,Passed,8.4
SP2019,SP2019-class 4,9,1905ADJCDH,,6,5.4,6.1,Passed,7
SP2019,SP2019-class 4,10,1905ADJACH,,8.8,6.2,7.5,Passed,7.9
SP2019,SP2019-class 4,11,1905ADJJAD,,8,3.2,5.5,Not Passed,6
SP2019,SP2019-class 4,12,1905ADJAEI,,8.5,6.4,7.8,Passed,8.8
SP2019,SP2019-class 4,13,1905ADJACG,,5,4.8,5.7,Passed,7.5
SP2019,SP2019-class 4,14,1905ADJBFA,,9,5.2,7.4,Passed,8.8
SP2019,SP2019-class 4,15,1905ADJBAA,,6.5,4.8,6.3,Passed,8
SP2019,SP2019-class 4,16,1905ADJJDE,,3.3,4.8,5.2,Passed,7.7
SP2019,SP2019-class 4,17,1905ADJCAI,,10,5.8,8.1,Passed,9.2
SP2019,SP2019-class 4,18,1905ADJDJD,,5.8,5,6.3,Passed,8.4
SP2019,SP2019-class 4,19,1905FBGAA,,9,6,6.4,Passed,4.2
SP2019,SP2019-class 4,20,1905ADJJHD,,2.5,0,3,Not Passed,7.6
SP2019,SP2019-class 4,21,1905ADJJEF,,8,6.8,7.7,Passed,8.5
SP2019,SP2019-class 4,22,1905ADJBGJ,,4.8,5,5.8,Passed,7.7
SP2019,SP2019-class 4,23,1905ADJJAG,,6,4.4,5.6,Passed,6.7
SP2019,SP2019-class 4,24,1905ADJEJE,,4.5,4,5.3,Passed,7.9
SP2019,SP2019-class 4,25,1905ADJBGA,,6.3,4.2,5.5,Passed,6.5
SP2019,SP2019-class 4,26,1905ADJACA,,5.8,5.2,6.4,Passed,8.6
SP2019,SP2019-class 4,27,1905ADJJGJ,,9,4.8,7.3,Passed,9
SP2019,SP2019-class 4,28,1905ADAAFE,,3,0,2.6,Not Passed,5.8
SP2019,SP2019-class 4,29,1905ADJCEE,,8.5,5.8,7.2,Passed,7.8
SP2019,SP2019-class 4,30,1905ADJJFE,,8,4.2,6.3,Passed,7.5
SP2019,SP2019-class 5,1,1905ACJDAI,,8.5,4,6.3,Passed,7
SP2019,SP2019-class 5,2,1905ACJCEG,,8.5,4.4,5.8,Passed,4.8
SP2019,SP2019-class 5,3,1905ACJDIB,,8.8,4.6,6.6,Passed,7
SP2019,SP2019-class 5,4,1905FCJDG,,8.5,6.8,6.3,Passed,3.4
SP2019,SP2019-class 5,5,1905ADJHDH,,8.5,6.2,6.6,Passed,5.3
SP2019,SP2019-class 5,6,1905ACJGAI,,8.5,4,6.6,Passed,8.1
SP2019,SP2019-class 5,7,1905ADJFHF,,8.5,3.8,6.3,Not Passed,7.5
SP2019,SP2019-class 5,8,1905ADJFJI,,8.8,7.8,8.3,Passed,8.4
SP2019,SP2019-class 5,9,1905ACJGBJ,,8.8,6,7.3,Passed,7.5
SP2019,SP2019-class 5,10,1905ACJFCI,,8.5,4.6,6.9,Passed,8.4
SP2019,SP2019-class 5,11,1905ACJFBC,,8.5,4.4,6.3,Passed,6.5
SP2019,SP2019-class 5,12,1905ACJEAF,,8.5,4,6.1,Passed,6.5
SP2019,SP2019-class 5,13,1905ADJIBF,,0,0,0.4,Not Passed,1.3
SP2019,SP2019-class 5,14,1905ACJFCE,,7,4.8,5.8,Passed,5.9
SP2019,SP2019-class 5,15,1905ACJAHF,,8.8,5.4,7.4,Passed,8.5
SP2019,SP2019-class 5,16,1905ACJEHB,,8.5,3.8,6.4,Not Passed,7.8
SP2019,SP2019-class 5,17,1905ACJDHH,,8.8,4,6.4,Passed,7.1
SP2019,SP2019-class 5,18,1905ADJHEG,,8.8,6.8,7.9,Passed,8.5
SP2019,SP2019-class 5,19,1905ADJFDD,,8.8,6.2,7.5,Passed,7.8
SP2019,SP2019-class 5,20,1905ADAAFH,,0,0,0.5,Not Passed,1.5
SP2019,SP2019-class 5,21,1905ADJHDF,,8.8,4.8,6.5,Passed,6.6
SP2019,SP2019-class 5,22,1905ADAAJI,,8.5,0,4.9,Not Passed,7.8
SP2019,SP2019-class 5,23,1905ADJIFD,,7,3.8,4.8,Not Passed,3.9
SP2019,SP2019-class 5,24,1905ACJFHH,,8.5,4,6.2,Passed,6.8
SP2019,SP2019-class 5,25,1905ADJGIF,,8.8,5.8,7.1,Passed,7.1
SP2019,SP2019-class 5,26,1905FCBEC,,0,0,0,Not Passed,0
SP2019,SP2019-class 6,1,1905ACJDCC,,8,4,6,Passed,6.8
SP2019,SP2019-class 6,2,1905ACJDBH,,7,0,3.9,Not Passed,5.9
SP2019,SP2019-class 6,3,1905FBCDI,,0,0,0,Not Passed,0
SP2019,SP2019-class 6,4,1905ACJEGG,,6.5,4,5.6,Passed,6.8
SP2019,SP2019-class 6,5,1905ACJFAJ,,0,0,0.4,Not Passed,1.3
SP2019,SP2019-class 6,6,1905ACJDEE,,7,4,5.5,Passed,6.1
SP2019,SP2019-class 6,7,1905ACJDGB,,7,3.4,5.5,Not Passed,6.8
SP2019,SP2019-class 6,8,1905FBHBJ,,0,0,0,Not Passed,0
SP2019,SP2019-class 6,9,1905ACJEDD,,8,4.6,6.8,Passed,8.4
SP2019,SP2019-class 6,10,1905ACJECE,,8.5,4.4,6.8,Passed,8.4
SP2019,SP2019-class 6,11,1905ACJGBA,,8,4.6,6.8,Passed,8.6
SP2019,SP2019-class 6,12,1905ACJDBD,,8.5,2.8,5.4,Not Passed,5.9
SP2019,SP2019-class 6,13,1905ACJAFG,,6.5,3.4,5.1,Not Passed,6
SP2019,SP2019-class 6,14,1905ACJDCA,,7,4.4,5.8,Passed,6.5
SP2019,SP2019-class 6,15,1905ACJFJB,,8,4,6.5,Passed,8.3
SP2019,SP2019-class 6,16,1905ACJAIJ,,6.5,4.2,5.4,Passed,5.9
SP2019,SP2019-class 6,17,1905ACJGCF,,8.5,4,6.5,Passed,7.9
SP2019,SP2019-class 6,18,1905ACJEJJ,,0,0,0,Not Passed,0
SP2019,SP2019-class 6,19,1905ACJCHB,,7.3,4.4,5.8,Passed,6
SP2019,SP2019-class 6,20,1905ACJFII,,8,4,6.1,Passed,7
SP2019,SP2019-class 6,21,1905ACJECJ,,8.5,4.4,6.4,Passed,7
SP2019,SP2019-class 6,22,1905ACJEBI,,8.5,3.6,6.7,Not Passed,9
SP2019,SP2019-class 7,1,1905ACJGAG,,8,0,3.3,Not Passed,3
SP2019,SP2019-class 7,2,1905ACJGBB,,0,0,0,Not Passed,0
SP2019,SP2019-class 7,3,1905ACJFHE,,7.5,4,5.2,Passed,4.4
SP2019,SP2019-class 7,4,1905ADJAHA,,8.5,4.4,6.1,Passed,6.1
SP2019,SP2019-class 7,5,1905ADJAJI,,9.3,6.6,7.6,Passed,7.1
SP2019,SP2019-class 7,6,1905ACJFDE,,8.5,4.4,5.8,Passed,5.1
SP2019,SP2019-class 7,7,1905ADJJJC,,8,6.4,6.6,Passed,5.3
SP2019,SP2019-class 7,8,1905ADJJFB,,8.5,6.4,7.3,Passed,7.4
SP2019,SP2019-class 7,9,1905ACJGJC,,7.5,4.8,5.6,Passed,4.8
SP2019,SP2019-class 7,10,1905ADJJHJ,,8.5,6,7,Passed,6.8
SP2019,SP2019-class 7,11,1905ADJDFC,,8.8,6.8,7.6,Passed,7.3
SP2019,SP2019-class 7,12,1905ADJGDA,,9,5.6,7.1,Passed,7.3
SP2019,SP2019-class 7,13,1905ADJJCH,,9,7.2,7.5,Passed,6.4
SP2019,SP2019-class 7,14,1905ADJACB,,8.5,4.4,6.1,Passed,6.1
SP2019,SP2019-class 7,15,1905ADJBJJ,,0,0,0.7,Not Passed,2.3
SP2019,SP2019-class 7,16,1905FBDDJ,,0,0,0,Not Passed,0
SP2019,SP2019-class 7,17,1905ACJGAF,,7.5,4.4,5.7,Passed,5.6
SP2019,SP2019-class 7,18,1905ACJDJE,,4.5,0,3,Not Passed,5.4
SP2019,SP2019-class 7,19,1905ADJEJI,,8.5,4.4,5.7,Passed,4.5
SP2019,SP2019-class 7,20,1905ADJDJC,,0,0,0.3,Not Passed,1
SP2019,SP2019-class 7,21,1905ADJABF,,8.5,7.2,6.9,Passed,4.8
SP2019,SP2019-class 7,22,1905ACJDAB,,8,3.6,5.2,Not Passed,4.6
SP2019,SP2019-class 7,23,1905ADJJJG,,8.8,6.8,7.3,Passed,6.4
SP2019,SP2019-class 7,24,1905ADJCBI,,8.5,6.6,7,Passed,6.1
SP2019,SP2019-class 7,25,1905ADJJID,,8.5,6.8,7.3,Passed,6.6
SP2019,SP2019-class 8,1,1905ACJGCA,,9,3.4,5.6,Not Passed,5.1
SP2019,SP2019-class 8,2,1905ACJCJJ,,7,0,3,Not Passed,3
SP2019,SP2019-class 8,3,1905ACJFBI,,7,5.4,5.6,Passed,4.5
SP2019,SP2019-class 8,4,1905FBDBG,,7,4.4,4.9,Not Passed,3.3
SP2019,SP2019-class 8,5,1905ACJFFA,,7,4.8,5.6,Passed,5.3
SP2019,SP2019-class 8,6,1905ACJFJH,,8.5,4.2,5.9,Passed,5.4
SP2019,SP2019-class 8,7,1905ACJCJH,,8,2.6,4.7,Not Passed,4.3
SP2019,SP2019-class 8,8,1905ACJDEA,,8.5,4,5.5,Passed,4.4
SP2019,SP2019-class 8,9,1905ADAADG,,0,0,0.7,Not Passed,2.3
SP2019,SP2019-class 8,10,1905ACJEAE,,8.5,4.8,6.4,Passed,6.3
SP2019,SP2019-class 8,11,1905ACJBCC,,8.8,4.2,5.4,Passed,3.6
SP2019,SP2019-class 8,12,1905ADJGGA,,7,4.6,5,Passed,3.6
SP2019,SP2019-class 8,13,1905ADJDFA,,7,3.2,5.3,Not Passed,6.3
SP2019,SP2019-class 8,14,1905ACJDAF,,5,3.6,4.1,Not Passed,4
SP2019,SP2019-class 8,15,1905ACJEDB,,8.5,5,5.5,Passed,3.3
SP2019,SP2019-class 8,16,1905ACJCII,,8.5,4.6,5.9,Passed,4.9
SP2019,SP2019-class 8,17,1905ADAJGE,,8.8,6,6.8,Passed,5.9
SP2019,SP2019-class 8,18,1905FCBCJ,,0,0,0.4,Not Passed,1.4
SP2019,SP2019-class 8,19,1905ACJFEI,,8.5,4.4,5.4,Passed,3.6
SP2019,SP2019-class 8,20,1905JEHCD,,7,3.4,4.6,Not Passed,3.8
SP2019,SP2019-class 8,21,1905FCEHI,,7,3.8,5.4,Not Passed,5.9
SP2019,SP2019-class 8,22,1905FCDCE,,0,0,0,Not Passed,0
SP2019,SP2019-class 8,23,1905FCDEB,,0,0,0,Not Passed,0
SP2019,SP2019-class 8,24,1905FBDEF,,2.5,0,1.8,Not Passed,3.4
SP2019,SP2019-class 8,25,1905ACJFBH,,8.5,4,5.4,Passed,4
SP2020,SP2020-class 1,1,1905AEACAF,,9,5.1,7.3,Passed,8.4
SP2020,SP2020-class 1,2,1905AEJFDF,,9,7.1,7.9,Passed,7.9
SP2020,SP2020-class 1,3,1905ADJAGH,,7.5,3,5.5,Not Passed,6.8
SP2020,SP2020-class 1,4,1905ACJDBH,,8.5,3.2,5.9,Not Passed,7
SP2020,SP2020-class 1,5,1905AEJFFI,,9,5.7,7.1,Passed,7
SP2020,SP2020-class 1,6,1905AEABHH,,10,8.4,8.9,Passed,8.6
SP2020,SP2020-class 1,7,1905AEJEGB,,7.5,4.7,6.5,Passed,7.8
SP2020,SP2020-class 1,8,1905AEJGAI,,9,5.3,7.1,Passed,7.8
SP2020,SP2020-class 1,9,1905AEJGAH,,9.5,4.1,7.2,Passed,9
SP2020,SP2020-class 1,10,1905FAHAH,,0,0,2.3,Not Passed,7.6
SP2020,SP2020-class 1,11,1905AEJCID,,9,5.1,6.9,Passed,7.1
SP2020,SP2020-class 1,12,1905AEJEDJ,,10,5.7,8.2,Passed,9.6
SP2020,SP2020-class 1,13,1905AEABCE,,9.5,7.6,8.4,Passed,8.4
SP2020,SP2020-class 1,14,1905AEJHAD,,9.5,3.2,6.2,Not Passed,6.8
SP2020,SP2020-class 1,15,1905AEJABA,,9.5,6.3,7.9,Passed,8.4
SP2020,SP2020-class 1,16,1905AEABBE,,9,6.5,7.6,Passed,7.8
SP2020,SP2020-class 1,17,1905AEACDH,,0,0,0,Attendance Fail,0
SP2020,SP2020-class 1,18,1905AEJJHE,,9.5,5.5,7.6,Passed,8.6
SP2020,SP2020-class 1,19,1905AEJHFE,,9.5,5.7,7.5,Passed,8
SP2020,SP2020-class 1,20,1905AEAEBC,,9,5.1,7.2,Passed,8.1
SP2020,SP2020-class 1,21,1905AEJEGF,,6.5,4.5,5.7,Passed,6.5
SP2020,SP2020-class 1,22,1905AEABAF,,10,5.3,7.6,Passed,8.4
SP2020,SP2020-class 1,23,1905AEJEFB,,10,5.1,7.7,Passed,8.8
SP2020,SP2020-class 1,24,1905AEACAG,,8.5,4.7,6.8,Passed,8
SP2020,SP2020-class 1,25,1905AEAJFB,,7.5,6.3,7.1,Passed,7.9
SP2020,SP2020-class 1,26,1905AEAJHI,,9,7.6,8.3,Passed,8.5
SP2020,SP2020-class 1,27,1905AEAJIH,,9,4.5,6.9,Passed,8
SP2020,SP2020-class 1,28,1905AEJEFH,,9,4.3,6.7,Passed,7.8
SP2020,SP2020-class 1,29,1905AEAAFC,,8.5,7.1,8.1,Passed,9
SP2020,SP2020-class 2,1,1905AEJFAI,,5.3,5.1,5.5,Passed,6.3
SP2020,SP2020-class 2,2,1905AEJFCF,,8,5.9,7,Passed,7.5
SP2020,SP2020-class 2,3,1905AEJFFA,,7.8,4.3,6,Passed,6.6
SP2020,SP2020-class 2,4,1905AEJFDI,,6.8,6.1,6.6,Passed,7
SP2020,SP2020-class 2,5,1905AEJFIC,,7,4.9,5.9,Passed,6
SP2020,SP2020-class 2,6,1905AEJFAD,,6,4.1,5.2,Passed,6
SP2020,SP2020-class 2,7,1905AEJGBI,,6.5,4,5.7,Passed,7.3
SP2020,SP2020-class 2,8,1905AEADEF,,8,4.1,5.9,Passed,6.3
SP2020,SP2020-class 2,9,1905AEABBH,,7.8,6.5,7.2,Passed,7.6
SP2020,SP2020-class 2,10,1905AEABAA,,8,5.5,6.7,Passed,6.9
SP2020,SP2020-class 2,11,1905AEJHED,,9.3,7.8,8.3,Passed,8
SP2020,SP2020-class 2,12,1905AEJHFJ,,6.8,5.1,6.3,Passed,7.4
SP2020,SP2020-class 2,13,1905AEACCF,,8.5,8.8,8.5,Passed,8.1
SP2020,SP2020-class 2,14,1905AEJCJJ,,7.5,5.5,6.6,Passed,7.3
SP2020,SP2020-class 2,15,1905AEJAEJ,,8.8,7.3,7.6,Passed,6.9
SP2020,SP2020-class 2,16,1905AEADAG,,8.3,4.1,6.1,Passed,6.8
SP2020,SP2020-class 2,17,1905AEAEJB,,6.8,3,5.2,Not Passed,6.6
SP2020,SP2020-class 2,18,1905AEACDE,,7.8,7.3,7.8,Passed,8.5
SP2020,SP2020-class 2,19,1905AEJIGI,,6.3,3.8,5.2,Not Passed,6.1
SP2020,SP2020-class 2,20,1905AEJBAD,,9.3,6.5,8,Passed,8.6
SP2020,SP2020-class 2,21,1905AEAJAA,,7.3,5.7,6.6,Passed,7.3
SP2020,SP2020-class 2,22,1905AEAJAE,,7,4.3,5.6,Passed,6
SP2020,SP2020-class 2,23,1905AEAJCE,,8.3,8,8,Passed,7.8
SP2020,SP2020-class 2,24,1905AEAJCI,,7.8,5.7,6.6,Passed,6.6
SP2020,SP2020-class 2,25,1905AEABDF,,5.8,3.2,4.8,Not Passed,6.1
SP2020,SP2020-class 2,26,1905AEAJGJ,,6.8,6.9,6.8,Passed,6.8
SP2020,SP2020-class 2,27,1905AEACCD,,8.3,3.4,6.1,Not Passed,7.6
SP2020,SP2020-class 2,28,1905AEACDC,,6,5.1,5.6,Passed,5.9
SP2020,SP2020-class 3,1,1905AEJFDE,,6,4.3,5.4,Passed,6.1
SP2020,SP2020-class 3,2,1905AEJFGF,,7.8,6.5,7.3,Passed,7.8
SP2020,SP2020-class 3,3,1905AEJACF,,7.5,5.5,6.4,Passed,6.6
SP2020,SP2020-class 3,4,1905AEJGJH,,6.5,5.4,5.7,Passed,5.3
SP2020,SP2020-class 3,5,1905AEJGBA,,3.8,6.1,5.6,Passed,6.9
SP2020,SP2020-class 3,6,1905AEJAJE,,8.5,5.1,7.1,Passed,8.5
SP2020,SP2020-class 3,7,1905AEJGHJ,,6.8,4.3,5.6,Passed,6.1
SP2020,SP2020-class 3,8,1905AEABCC,,8.5,5.9,7.5,Passed,8.5
SP2020,SP2020-class 3,9,1905AEJHEJ,,7.3,8,7.6,Passed,7.5
SP2020,SP2020-class 3,10,1905AEJBBJ,,4.5,4.6,5,Passed,6
SP2020,SP2020-class 3,11,1905ADJDHC,,6,0,3.9,Not Passed,7.1
SP2020,SP2020-class 3,12,1905ADJCFE,,6.8,3.8,4.9,Not Passed,4.4
SP2020,SP2020-class 3,13,1905AEJIJI,,7,5.9,6.6,Passed,7.3
SP2020,SP2020-class 3,14,1905AEJIJE,,9.8,6.5,8.3,Passed,9.3
SP2020,SP2020-class 3,15,1905AEJAFC,,7,5.9,6.8,Passed,7.8
SP2020,SP2020-class 3,16,1905AEJJJD,,9,7.8,8.4,Passed,8.6
SP2020,SP2020-class 3,17,1905AEJBDF,,8.5,5.3,7.3,Passed,8.6
SP2020,SP2020-class 3,18,1905AEJADD,,8.8,6.5,7.6,Passed,8
SP2020,SP2020-class 3,19,1905AEJIDD,,9.3,6.9,8.1,Passed,8.6
SP2020,SP2020-class 3,20,1905AEACAB,,7.8,5.3,6.7,Passed,7.4
SP2020,SP2020-class 3,21,1905AEJIIJ,,6.8,5.3,5.7,Passed,5.3
SP2020,SP2020-class 3,22,1905AEAJJB,,6,4.1,5.3,Passed,6.1
SP2020,SP2020-class 3,23,1905AEJJEE,,9.5,8,8.6,Passed,8.4
SP2020,SP2020-class 3,24,1905AEJJBA,,6.8,6.1,6.7,Passed,7.4
SP2020,SP2020-class 3,25,1905AEAJAG,,5.5,5.3,5.7,Passed,6.5
SP2020,SP2020-class 3,26,1905AEAJEE,,8,5.9,6.9,Passed,7.3
SP2020,SP2020-class 3,27,1905AEJJEJ,,9.5,6.5,8.1,Passed,9
SP2020,SP2020-class 3,28,1905AEJDFB,,6.5,4.9,6,Passed,7
SP2020,SP2020-class 3,29,1905ADJIJF,,9.3,4.3,7,Passed,8.4
SP2020,SP2020-class 3,30,1905AEAAEG,,6.5,4.7,6,Passed,7.3
SP2020,SP2020-class 4,1,1905ADAJHD,,0,0,1.2,Attendance Fail,4.1
SP2020,SP2020-class 4,2,1905ADJFFD,,5.5,4.2,5.7,Passed,7.8
SP2020,SP2020-class 4,3,1905ADJJGG,,7.5,4.6,6.1,Passed,6.8
SP2020,SP2020-class 4,4,1905ADAAGG,,8.8,5,7.3,Passed,8.9
SP2020,SP2020-class 4,5,1905ACJAHA,,8,3.2,6.1,Not Passed,7.9
SP2020,SP2020-class 4,6,1905ACJDJG,,9.5,7,8.4,Passed,9.1
SP2020,SP2020-class 4,7,1905ACJCJH,,3.5,0,3,Attendance Fail,6.6
SP2020,SP2020-class 4,8,1905ADJCFD,,7,6.2,6.5,Passed,6.4
SP2020,SP2020-class 4,9,1905ACJEIA,,8.3,4.2,6,Passed,6
SP2020,SP2020-class 4,10,1905ADJDGD,,7.5,6.8,7.8,Passed,9.4
SP2020,SP2020-class 4,11,1905ACJEBE,,0,0,0,Attendance Fail,0
SP2020,SP2020-class 4,12,1905ADJECA,,7.3,5.8,7.2,Passed,8.9
SP2020,SP2020-class 4,13,1905ACJBGC,,9,3,6.3,Not Passed,7.9
SP2020,SP2020-class 4,14,1905ACJGGA,,0,0,0,Attendance Fail,0
SP2020,SP2020-class 4,15,1905ADAJBB,,7.5,5,6.9,Passed,8.8
SP2020,SP2020-class 4,16,1905ADJEGA,,8.5,4.2,6.7,Passed,8.1
SP2020,SP2020-class 4,17,1905ADJCIG,,6,5,6.4,Passed,8.6
SP2020,SP2020-class 4,18,1905ADJBEG,,7,2.6,5.5,Not Passed,7.7
SP2020,SP2020-class 5,1,1905ADJFGJ,,8.3,0,4.2,Not Passed,5.8
SP2020,SP2020-class 5,2,1905AEJFCH,,5.3,4.6,5.1,Passed,5.5
SP2020,SP2020-class 5,3,1905ADJEAJ,,7.5,0,3.6,Not Passed,4.4
SP2020,SP2020-class 5,4,1905ADJGJB,,6,4.5,5,Passed,4.6
SP2020,SP2020-class 5,5,1905ADJIDD,,7.8,4.1,5.7,Passed,5.8
SP2020,SP2020-class 5,6,1905ACJCJE,,5.8,4.7,5.1,Passed,5
SP2020,SP2020-class 5,7,1905AEACFH,,0,0,0,Attendance Fail,0
SP2020,SP2020-class 5,8,1905ADJCAG,,7.5,3.2,5.3,Not Passed,5.8
SP2020,SP2020-class 5,9,1905ADJGIC,,6.8,4.4,5.6,Passed,6
SP2020,SP2020-class 5,10,1905ADJFEF,,7.8,0,4.1,Not Passed,6
SP2020,SP2020-class 5,11,1905ADJIDB,,0,0,1.1,Attendance Fail,3.8
SP2020,SP2020-class 5,12,1905ADJCIH,,4.5,0,2.3,Not Passed,3.3
SP2020,SP2020-class 5,13,1905ADJCDC,,6.8,3.6,5.4,Not Passed,6.4
SP2020,SP2020-class 5,14,1905ADJGHH,,8.3,3,5,Not Passed,4.4
SP2020,SP2020-class 5,15,1905AEJHHI,,8,6.7,7.4,Passed,7.9
SP2020,SP2020-class 5,16,1905ACJEBE,,0,0,0,Attendance Fail,0
SP2020,SP2020-class 5,17,1905AEJIIB,,8.3,5.7,6.7,Passed,6.6
SP2020,SP2020-class 5,18,1905FCBCJ,,0,0,0.6,Attendance Fail,2
SP2020,SP2020-class 5,19,1905ADJGGB,,6.8,3,4.1,Not Passed,2.8
SP2020,SP2020-class 5,20,1905AEABED,,7.3,6.5,7,Passed,7.4
SP2020,SP2020-class 5,21,1905ADAJAB,,7.8,4.8,6.5,Passed,7.5
SP2020,SP2020-class 5,22,1905ADJDGJ,,6.3,3.4,4.8,Not Passed,5.1
SP2020,SP2020-class 5,23,1905AEABHF,,3.8,0,2.3,Not Passed,3.9
SP2020,SP2020-class 5,24,1905ADJDHD,,0,0,0.8,Attendance Fail,2.6
SP2020,SP2020-class 5,25,1905ADJDBH,,0,0,0.1,Attendance Fail,0.4
SP2020,SP2020-class 6,1,1905ADAAAC,,0,0,0.6,Attendance Fail,2
SP2020,SP2020-class 6,2,1905ADJFDG,,9.5,6.1,7.7,Passed,8.1
SP2020,SP2020-class 6,3,1905ADAJGA,,10,5.5,7.5,Passed,7.6
SP2020,SP2020-class 6,4,1905ADAJBJ,,8.5,4.7,6.8,Passed,8
SP2020,SP2020-class 6,5,1905ADJHBF,,0,0,1.1,Attendance Fail,3.6
SP2020,SP2020-class 6,6,1905ADAJCI,,9.5,3.2,6.8,Not Passed,8.9
SP2020,SP2020-class 6,7,1905ADJHIF,,9.5,5.9,7.6,Passed,7.9
SP2020,SP2020-class 6,8,1905ADAJAD,,9.5,3,6.4,Not Passed,7.9
SP2020,SP2020-class 6,9,1905AEJHAE,,9,4.5,6.9,Passed,7.9
SP2020,SP2020-class 6,10,1905ADJGDI,,9,3.4,6.3,Not Passed,7.5
SP2020,SP2020-class 6,11,1905ADJHAE,,8,4.3,6.3,Passed,7.3
SP2020,SP2020-class 6,12,1905ADJHDE,,8.5,4.1,6.5,Passed,7.8
SP2020,SP2020-class 6,13,1905ADAJHA,,9,4.3,6.7,Passed,7.6
SP2020,SP2020-class 6,14,1905ADJBAJ,,7,2.2,5.2,Not Passed,7.4
SP2020,SP2020-class 6,15,1905ADJFHD,,0,0,0.6,Attendance Fail,2
SP2020,SP2020-class 6,16,1905ADJIHF,,6,3,5.7,Not Passed,8.9
SP2020,SP2020-class 6,17,1905ADJGFD,,8.5,4.4,6.8,Passed,8.3
SP2020,SP2020-class 6,18,1905ADAAAG,,0,0,0.5,Attendance Fail,1.6
SP2020,SP2020-class 6,19,1905ADJHHA,,9.5,4,6.6,Passed,7.3
SP2020,SP2020-class 6,20,1905ADJHIE,,9.5,4.2,6.9,Passed,7.8
SP2020,SP2020-class 6,21,1905ADJAAI,,9,5.1,6.8,Passed,6.8
SP2020,SP2020-class 6,22,1905ADJCGD,,7,0,4.7,Not Passed,8.8
SP2020,SP2020-class 6,23,1905ADJGJD,,7,4.3,6.1,Passed,7.5
SP2020,SP2020-class 7,1,1905ADJHCE,,6.3,4.3,5.6,Passed,6.6
SP2020,SP2020-class 7,2,1905ADJEAC,,3.3,0,1.5,Attendance Fail,1.6
SP2020,SP2020-class 7,3,1905ADAADI,,5.3,3.4,4.6,Not Passed,5.6
SP2020,SP2020-class 7,4,1905ADAACH,,7.3,3.8,5.5,Not Passed,6
SP2020,SP2020-class 7,5,1905ADJIIA,,7.3,3,5.2,Not Passed,6
SP2020,SP2020-class 7,6,1905ADJCEB,,6.3,4.3,5.8,Passed,7.5
SP2020,SP2020-class 7,7,1905ADJBCG,,6.5,3,4.6,Not Passed,4.9
SP2020,SP2020-class 7,8,1905ADJDGE,,6.3,2.2,4.6,Not Passed,6
SP2020,SP2020-class 7,9,1905ADJCBD,,7.3,4,5.7,Passed,6.4
SP2020,SP2020-class 7,10,1905ADAJEC,,6.3,1.8,4.2,Not Passed,5.3
SP2020,SP2020-class 7,11,1905ADJDEG,,7,3.6,5.1,Not Passed,5.1
SP2020,SP2020-class 7,12,1905ADJHFI,,8,3.2,5.3,Not Passed,5.5
SP2020,SP2020-class 7,13,1905ADJDGB,,5.8,3,4.7,Not Passed,6
SP2020,SP2020-class 7,14,1905ADJGCH,,7.5,4.3,5.8,Passed,6
SP2020,SP2020-class 7,15,1905ADJHCH,,6.3,4.3,5.5,Passed,6.5
SP2020,SP2020-class 7,16,1905ADJGJC,,6,4.5,5.5,Passed,6.4
SP2020,SP2020-class 7,17,1905ADJHEA,,7.3,3.6,5.6,Not Passed,6.6
SP2020,SP2020-class 7,18,1905ADJCID,,5.3,3,4.4,Not Passed,5.5
SP2020,SP2020-class 7,19,1905ADJHIH,,6.3,4,5.5,Passed,6.8
SP2020,SP2020-class 7,20,1905ADAJFA,,5.3,3.4,4.4,Not Passed,4.9
SP2020,SP2020-class 7,21,1905ADJAGJ,,4.5,0,2.9,Not Passed,5.3
SP2020,SP2020-class 7,22,1905AEAJCC,,6.5,5.3,5.9,Passed,6.3
SP2020,SP2020-class 7,23,1905ADJHEJ,,8,3.4,5.4,Not Passed,5.6
SP2020,SP2020-class 7,24,1905ADJJAE,,5.5,4.5,5.1,Passed,5.5
SP2020,SP2020-class 7,25,1905ADAAEE,,6.3,0,3.5,Not Passed,5.5
SP2020,SP2020-class 7,26,1905ADAJJA,,6.5,3,5.1,Not Passed,6.4
SP2020,SP2020-class 7,27,1905ADJBJA,,7.5,3,5.4,Not Passed,6.6
SP2020,SP2020-class 7,28,1905ADJCAC,,7.5,6.1,6.7,Passed,6.8
SP2020,SP2020-class 7,29,1905ADJDBF,,0,0,0.5,Attendance Fail,1.6
SP2020,SP2020-class 8,1,1905ADJCHD,,6.3,0,3.5,Attendance Fail,5.3
SP2020,SP2020-class 8,2,1905ACJJCB,,7.5,2.4,5,Not Passed,5.9
SP2020,SP2020-class 8,3,1905FCDBE,,6.8,0,3.8,Not Passed,5.9
SP2020,SP2020-class 8,4,1905ADJIJG,,6,4.1,5.3,Passed,6.1
SP2020,SP2020-class 8,5,1905ADAABF,,7.3,3.2,5.2,Not Passed,5.9
SP2020,SP2020-class 8,6,1905ADJIIH,,7.5,3.8,6,Not Passed,7.4
SP2020,SP2020-class 8,7,1905ADJDGH,,4.3,2.6,3.9,Not Passed,5.3
SP2020,SP2020-class 8,8,1905ADJBHH,,6.3,3,4.8,Not Passed,5.6
SP2020,SP2020-class 8,9,1905ADJFFB,,6.8,3.4,5.3,Not Passed,6.3
SP2020,SP2020-class 8,10,1905ADJICI,,6.5,4.2,5.5,Passed,6.3
SP2020,SP2020-class 8,11,1905ADJHBB,,7.8,4.8,5.9,Passed,5.6
SP2020,SP2020-class 8,12,1905ADJHHG,,7.5,3.2,5.5,Not Passed,6.5
SP2020,SP2020-class 8,13,1905ACJEBB,,5.3,2.4,4.4,Not Passed,6.1
SP2020,SP2020-class 8,14,1905ADJEAD,,7.8,3.2,5.6,Not Passed,6.6
SP2020,SP2020-class 8,15,1905ADAADA,,7.3,3.2,5.1,Not Passed,5.4
SP2020,SP2020-class 8,16,1905ADJAIB,,8,2.8,5.5,Not Passed,6.6
SP2020,SP2020-class 8,17,1905ADJCEF,,0,0,0.5,Attendance Fail,1.8
SP2020,SP2020-class 8,18,1905ADJEFG,,4.8,2.8,4.4,Not Passed,6.3
SP2020,SP2020-class 8,19,1905ADAJJD,,7.8,4,5.6,Passed,5.5
SP2020,SP2020-class 8,20,1905ADJDEB,,5.8,4.3,5.4,Passed,6.6
SP2020,SP2020-class 8,21,1905ADJEGI,,0,0,0.9,Attendance Fail,3.1
SP2020,SP2020-class 8,22,1905ADJFBA,,6.5,2.2,4.4,Not Passed,5.4
SP2020,SP2020-class 8,23,1905ADAJFE,,6.5,0,2.9,Attendance Fail,3.3
SP2020,SP2020-class 8,24,1905ADAJHI,,7.3,3.4,5.7,Not Passed,7.1
SP2020,SP2020-class 8,25,1905ADAJAG,,7.8,3,5.5,Not Passed,6.5
SP2020,SP2020-class 8,26,1905ADJHDA,,6.5,0,3.5,Not Passed,5.1
SP2020,SP2020-class 8,27,1905ADJABH,,8.3,4.5,6.2,Passed,6.5
SP2020,SP2020-class 8,28,1905ADJECI,,6.8,3,5.4,Not Passed,7.1
SP2020,SP2020-class 8,29,1905ADJEEJ,,7.3,2.8,4.9,Not Passed,5.5
SP2020,SP2020-class 9,1,1905ADJDDJ,,6,0,4.1,Not Passed,7.5
SP2020,SP2020-class 9,2,1905ADJEHF,,8.5,4.3,6.7,Passed,8.1
SP2020,SP2020-class 9,3,1905ADJHFB,,9.5,4.7,7.5,Passed,9.3
SP2020,SP2020-class 9,4,1905ADJEFJ,,8,4,6,Passed,6.6
SP2020,SP2020-class 9,5,1905ADJIAI,,10,3.2,6.9,Not Passed,8.8
SP2020,SP2020-class 9,6,1905ADJGGC,,10,6.3,8,Passed,8.4
SP2020,SP2020-class 9,7,1905ADJECC,,7,0,4.2,Not Passed,7
SP2020,SP2020-class 9,8,1905ADJHCG,,0,0,0.9,Attendance Fail,2.9
SP2020,SP2020-class 9,9,1905ADJCGG,,9.5,5.3,7.3,Passed,7.6
SP2020,SP2020-class 9,10,1905ADAJDH,,10,1.8,6.2,Not Passed,8.3
SP2020,SP2020-class 9,11,1905ADJHDB,,9.5,4.5,7.1,Passed,8
SP2020,SP2020-class 9,12,1905ADAJBA,,9,4.7,7.1,Passed,8.4
SP2020,SP2020-class 9,13,1905ADJIEB,,10,4.3,7.1,Passed,8
SP2020,SP2020-class 9,14,1905ADJCED,,9.5,4.1,6.8,Passed,7.8
SP2020,SP2020-class 9,15,1905ADJEDA,,9,2.6,6,Not Passed,7.4
SP2020,SP2020-class 9,16,1905ADJIFB,,10,3.2,6.8,Not Passed,8.5
SP2020,SP2020-class 9,17,1905ADJEHC,,0,0,0.7,Attendance Fail,2.4
SP2020,SP2020-class 9,18,1905ADJEDH,,9,5.9,7.5,Passed,8.1
SP2020,SP2020-class 9,19,1905ADAACA,,8,0,4.7,Not Passed,7.5
SP2020,SP2020-class 9,20,1905ADAACD,,9,5.5,7.4,Passed,8.5
SP2020,SP2020-class 9,21,1905ADJIJA,,9,3.4,6.5,Not Passed,8.1
SP2020,SP2020-class 9,22,1905ADAADJ,,9,4.7,7.1,Passed,8.3
SP2020,SP2020-class 9,23,1905FCBFE,,8,3.4,6.1,Not Passed,7.8
SP2020,SP2020-class 9,24,1905ADJDAA,,0,0,0.7,Attendance Fail,2.3
SP2020,SP2020-class 9,25,1905ADJAAD,,9.5,4.7,7.1,Passed,8
SP2020,SP2020-class 9,26,1905ADJDAC,,8,4.3,6,Passed,6.3
SP2020,SP2020-class 9,27,1905ADAJEB,,10,4.5,7.5,Passed,9
SP2020,SP2020-class 9,28,1905ADJHAI,,10,3.8,7.1,Not Passed,8.8
SP2020,SP2020-class 9,29,1905ADJEEF,,9,4.5,7.1,Passed,8.6
SP2020,SP2020-class 10,1,1905ADJHGC,,6,3.4,5.2,Not Passed,6.8
SP2020,SP2020-class 10,2,1905ADAABG,,6,5.4,6,Passed,6.8
SP2020,SP2020-class 10,3,1905ADJGEE,,4.8,3.2,4.7,Not Passed,6.8
SP2020,SP2020-class 10,4,1905ADJHEE,,6.3,4.1,5.4,Passed,6.4
SP2020,SP2020-class 10,5,1905ADJHFA,,5.5,3.4,5,Not Passed,6.6
SP2020,SP2020-class 10,6,1905AEJGGD,,8,7.8,8,Passed,8.4
SP2020,SP2020-class 10,7,1905ADJHGD,,6.8,4.7,6.2,Passed,7.6
SP2020,SP2020-class 10,8,1905ADJIAC,,5.8,2.6,4.9,Not Passed,7.1
SP2020,SP2020-class 10,9,1905ADAJDB,,6.5,3,5.7,Not Passed,8.4
SP2020,SP2020-class 10,10,1905ADJEJC,,6,2,4.3,Not Passed,5.6
SP2020,SP2020-class 10,11,1905ADJFAH,,5.5,4.7,5.4,Passed,6.4
SP2020,SP2020-class 10,12,1905ADJHAC,,5.8,4.7,5.7,Passed,7.1
SP2020,SP2020-class 10,13,1905FCJGB,,1.8,0,1.4,Attendance Fail,2.9
SP2020,SP2020-class 10,14,1905ADJIBI,,6.5,6.7,6.4,Passed,6
SP2020,SP2020-class 10,15,1905AEJHHE,,8.5,5.5,6.8,Passed,7
SP2020,SP2020-class 10,16,1905ADAJHF,,5.8,4.3,5.4,Passed,6.5
SP2020,SP2020-class 10,17,1905ACJBGC,,0,0,0,Attendance Fail,0
SP2020,SP2020-class 10,18,1905ADJBJC,,7.3,3.2,5.4,Not Passed,6.6
SP2020,SP2020-class 10,19,1905ADJHGG,,5.3,2.4,4.6,Not Passed,6.9
SP2020,SP2020-class 10,20,1905ADJACJ,,6.8,3.6,5.6,Not Passed,7.1
SP2020,SP2020-class 10,21,1905ADJIBC,,5,4.9,5.5,Passed,6.8
SP2020,SP2020-class 10,22,1905ADJBDD,,6.8,0,3.8,Not Passed,5.8
SP2020,SP2020-class 10,23,1905FCCIA,,5.5,4.5,5.1,Passed,5.4
SP2020,SP2020-class 10,24,1905ADAAEC,,6,3,5.1,Not Passed,6.9
SP2020,SP2020-class 10,25,1905AEAEBE,,5.8,4.1,5.6,Passed,7.4
SP2020,SP2020-class 11,1,1905ADJECE,,7.5,5.5,6.6,Passed,7.1
SP2020,SP2020-class 11,2,1905ADJIAH,,5,0,3.3,Not Passed,6
SP2020,SP2020-class 11,3,1905ADJFJG,,8.5,4.1,6.5,Passed,7.8
SP2020,SP2020-class 11,4,1905ADJBHF,,8,3.6,6.4,Not Passed,8.4
SP2020,SP2020-class 11,5,1905ADJIFJ,,8.5,0,4.6,Not Passed,6.8
SP2020,SP2020-class 11,6,1905ADJHDG,,8,4.7,6.3,Passed,6.8
SP2020,SP2020-class 11,7,1905ADAJJI,,9.5,5.1,7.4,Passed,8.4
SP2020,SP2020-class 11,8,1905ADAJCE,,9.5,4,6.7,Passed,7.5
SP2020,SP2020-class 11,9,1905ADAJJB,,8.5,3.2,6.2,Not Passed,7.9
SP2020,SP2020-class 11,10,1905ADJJAJ,,0,0,0,Attendance Fail,0
SP2020,SP2020-class 11,11,1905ADJCIB,,9.5,4,6.7,Passed,7.6
SP2020,SP2020-class 11,12,1905ADJEDI,,9,5.3,7,Passed,7.4
SP2020,SP2020-class 11,13,1905ADJCBE,,9.5,0,5.1,Not Passed,7.5
SP2020,SP2020-class 11,14,1905ADJHFF,,8.5,3.4,6.1,Not Passed,7.4
SP2020,SP2020-class 11,15,1905ADAJCG,,9.5,3,6.3,Not Passed,7.4
SP2020,SP2020-class 11,16,1905ADAABB,,9,4.1,6.6,Passed,7.6
SP2020,SP2020-class 11,17,1905ADJJFD,,9,2.2,5.7,Not Passed,6.9
SP2020,SP2020-class 11,18,1905ADJGFG,,9.5,0,5.1,Not Passed,7.5
SP2020,SP2020-class 11,19,1905ACJAHB,,5,0,3.3,Not Passed,6
SP2020,SP2020-class 11,20,1905ADJDFI,,9,5.1,6.9,Passed,7.1
SP2020,SP2020-class 11,21,1905ADJCAF,,9,2.6,6.1,Not Passed,8
SP2020,SP2020-class 11,22,1905ADJEID,,9.5,4.3,6.8,Passed,7.5
SP2020,SP2020-class 11,23,1905ADJBGG,,5,0,3.2,Not Passed,5.8
SP2020,SP2020-class 11,24,1905ADJCAD,,8.5,4.6,6.6,Passed,7.5
SP2020,SP2020-class 11,25,1905ACJEIB,,9.5,1.6,5.7,Not Passed,7.4
SP2020,SP2020-class 12,1,1905AEJFCG,,5.5,5.1,5.7,Passed,6.7
SP2020,SP2020-class 12,2,1905AEJFCC,,9,8.6,9.1,Passed,9.9
SP2020,SP2020-class 12,3,1905AEJFEG,,9,7.3,8.4,Passed,9.4
SP2020,SP2020-class 12,4,1905AEJFGG,,8,4.7,6.2,Passed,6.4
SP2020,SP2020-class 12,5,1905AEABDI,,7,6.1,7,Passed,8.3
SP2020,SP2020-class 12,6,1905AEADFC,,7,0,4.2,Attendance Fail,6.9
SP2020,SP2020-class 12,7,1905AEJGBE,,5,3,3.9,Not Passed,3.9
SP2020,SP2020-class 12,8,1905AEABGA,,7,5.5,6.6,Passed,7.8
SP2020,SP2020-class 12,9,1905AEJGCI,,7.5,4.1,6.1,Passed,7.3
SP2020,SP2020-class 12,10,1905AEJGDF,,9,6.1,7.8,Passed,8.8
SP2020,SP2020-class 12,11,1905AEACJA,,7,4.3,6.8,Passed,9.8
SP2020,SP2020-class 12,12,1905AEJGHC,,3,6.5,5.6,Passed,7
SP2020,SP2020-class 12,13,1905AEJHAB,,6.3,5.9,6.4,Passed,7.3
SP2020,SP2020-class 12,14,1905AEJHCF,,7,5.3,6.8,Passed,8.7
SP2020,SP2020-class 12,15,1905AEJEBI,,7,6.9,7.5,Passed,8.7
SP2020,SP2020-class 12,16,1905AEJIJD,,6.5,4.7,6.2,Passed,7.9
SP2020,SP2020-class 12,17,1905AEABGD,,9,6.5,8.1,Passed,9.4
SP2020,SP2020-class 12,18,1905AEJIDF,,6.5,4.7,5.5,Passed,5.6
SP2020,SP2020-class 12,19,1905AEACGB,,6.5,7.3,7.1,Passed,7.4
SP2020,SP2020-class 12,20,1905AEJIGD,,9,7.6,8.4,Passed,8.8
SP2020,SP2020-class 12,21,1905AEABFA,,9,5.9,7.8,Passed,9.2
SP2020,SP2020-class 12,22,1905AEJIHJ,,7,5.5,7,Passed,9.1
SP2020,SP2020-class 12,23,1905FBIEI,,0,0,0,Attendance Fail,0
SP2020,SP2020-class 12,24,1905AEAJEH,,7,4.7,5.6,Passed,5.5
SP2020,SP2020-class 12,25,1905AEADCC,,8.3,6.1,7.3,Passed,7.8
SP2020,SP2020-class 12,26,1905ACJCJG,,7,4.3,5.8,Passed,6.8
SP2020,SP2020-class 12,27,1905AEACDF,,4.5,4.7,5.5,Passed,7.7
SP2020,SP2020-class 12,28,1905AEAAEE,,7,7.6,7.8,Passed,8.9
SP2020,SP2020-class 12,29,1905AEAAHA,,7,5.1,6.4,Passed,7.5
SP2020,SP2020-class 12,30,1905AEABDA,,8.3,4.2,6.3,Passed,7.1
SP2020,SP2020-class 13,1,1905AEABGI,,6.3,5.5,5.9,Passed,6.3
SP2020,SP2020-class 13,2,1905AEJEJG,,8.3,6.1,7.1,Passed,7.4
SP2020,SP2020-class 13,3,1905AEJCGH,,9.3,4.5,6.9,Passed,7.8
SP2020,SP2020-class 13,4,1905AEJBFG,,9,5.9,7.5,Passed,8
SP2020,SP2020-class 13,5,1905AEJJFH,,9.3,8,8.2,Passed,7.4
SP2020,SP2020-class 13,6,1905AEJJCI,,8,5.5,6.8,Passed,7.4
SP2020,SP2020-class 13,7,1905AEJGDC,,8.5,4.1,6.5,Passed,7.8
SP2020,SP2020-class 13,8,1905AEJEBJ,,6,4.1,5.5,Passed,6.9
SP2020,SP2020-class 13,9,1905AEJJEF,,7.5,6.5,7.1,Passed,7.5
SP2020,SP2020-class 13,10,1905AEJBFB,,8.5,7.6,8,Passed,7.9
SP2020,SP2020-class 13,11,1905AEJHBB,,6.8,3.6,5.3,Not Passed,6.3
SP2020,SP2020-class 13,12,1905AEJCEB,,5.8,6.3,6.1,Passed,6.3
SP2020,SP2020-class 13,13,1905AEJBDC,,7.3,5.3,6.2,Passed,6.4
SP2020,SP2020-class 13,14,1905ADJGBC,,7.5,3,5.4,Not Passed,6.5
SP2020,SP2020-class 13,15,1905AEJHFG,,9,7.8,8.3,Passed,8.3
SP2020,SP2020-class 13,16,1905AEJCHA,,5.8,5.9,6.2,Passed,7.1
SP2020,SP2020-class 13,17,1905AEADHD,,7.8,4.1,6.1,Passed,7.3
SP2020,SP2020-class 13,18,1905ADJIJH,,6.3,4.9,5.7,Passed,6.3
SP2020,SP2020-class 13,19,1905AEJDII,,8,6.3,7.1,Passed,7.4
SP2020,SP2020-class 13,20,1905AEJBJD,,8.3,5.7,6.8,Passed,6.9
SP2020,SP2020-class 13,21,1905AEJHHC,,9.5,6.9,7.9,Passed,7.6
SP2020,SP2020-class 13,22,1905AEJCGC,,7.5,5.7,6.5,Passed,6.5
SP2020,SP2020-class 13,23,1905AEJIJC,,8.5,4.5,6.4,Passed,7
SP2020,SP2020-class 13,24,1905AEJCGA,,7.8,3.2,5.5,Not Passed,6.3
SP2020,SP2020-class 13,25,1905AEJACJ,,8.3,8.2,8,Passed,7.4
SP2020,SP2020-class 13,26,1905AEAJJD,,9.3,8.8,8.7,Passed,8
SP2020,SP2020-class 13,27,1905AEJJGJ,,9.3,7.6,8.1,Passed,7.8
SP2020,SP2020-class 13,28,1905AEJAIC,,8.8,7.8,8.3,Passed,8.5
SP2020,SP2020-class 13,29,1905AEABCF,,9,4.3,6.8,Passed,7.9
SP2021,SP2021-class 1,1,1905AEJCDG,,6.8,5.2,6.4,Passed,7.8
SP2021,SP2021-class 1,2,1905AEJAHJ,,7,7.2,6.9,Passed,6.5
SP2021,SP2021-class 1,3,1905AEJDIJ,,5.5,4.2,5.2,Passed,6.3
SP2021,SP2021-class 1,4,1905AEJDDJ,,7.8,8.4,8.1,Passed,8
SP2021,SP2021-class 1,5,1905AEJEEF,,7.3,9,8.1,Passed,7.8
SP2021,SP2021-class 1,6,1905AEJJDG,,7.8,6.6,7,Passed,6.8
SP2021,SP2021-class 1,7,1905AFJHIE,,6.8,9.6,7.9,Passed,6.8
SP2021,SP2021-class 1,8,1905ADJFHE,,0,0,0,Attendance Fail,0
SP2021,SP2021-class 1,9,1905AEJDJB,,7.8,8.2,7.9,Passed,7.8
SP2021,SP2021-class 1,10,1905AEJAJB,,8,7.6,7.8,Passed,7.8
SP2021,SP2021-class 1,11,1905AEJCBC,,7.5,4.6,6.1,Passed,6.8
SP2021,SP2021-class 1,12,1905AEJBCE,,7.3,6.6,6.8,Passed,6.8
SP2021,SP2021-class 1,13,1905AEJJDH,,6.8,7,6.9,Passed,7
SP2021,SP2021-class 1,14,1905AEJAGH,,6.8,3.6,5.4,Not Passed,6.5
SP2021,SP2021-class 1,15,1905AEJJDC,,7.8,0,4.4,Not Passed,6.8
SP2021,SP2021-class 1,16,1905AEJEGI,,7.3,8.6,7.9,Passed,7.5
SP2021,SP2021-class 1,17,1905AEJDJJ,,7.8,5,6.4,Passed,6.8
SP2021,SP2021-class 1,18,1905AEJEIE,,7.8,9,8.1,Passed,7.3
SP2021,SP2021-class 1,19,1905AEJAEC,,8.3,7.6,7.9,Passed,8
SP2021,SP2021-class 1,20,1905AEJIEC,,5,6.4,5.8,Passed,5.8
SP2021,SP2021-class 1,21,1905AEJJED,,6,6.6,6.4,Passed,6.5
SP2021,SP2021-class 1,22,1905AEJCHJ,,8.3,6.2,7,Passed,6.8
SP2021,SP2021-class 1,23,1905AEJJFD,,8.3,8,8,Passed,7.8
SP2021,SP2021-class 1,24,1905AEJBBH,,7.5,6.4,7,Passed,7.3
SP2021,SP2021-class 1,25,1905AEJAHA,,7.3,6.6,6.8,Passed,6.5
SP2021,SP2021-class 1,26,1905AEJDED,,6.5,7,6.7,Passed,6.5
SP2021,SP2021-class 1,27,1905AEJCCA,,7,7.8,7.2,Passed,6.5
SP2021,SP2021-class 1,28,1905AEJJDD,,7.3,8,7.4,Passed,6.8
SP2021,SP2021-class 1,29,1905AEJCJI,,7.8,5.6,6.7,Passed,7.3
SP2021,SP2021-class 2,1,1905AEJFBF,,6.8,8.6,7.6,Passed,7
SP2021,SP2021-class 2,2,1905AEADIG,,6.8,6.4,6.9,Passed,7.8
SP2021,SP2021-class 2,3,1905AEJFFJ,,7,6.2,7.3,Passed,8.9
SP2021,SP2021-class 2,4,1905AEJFFH,,6.5,6,6.5,Passed,7.1
SP2021,SP2021-class 2,5,1905AEJGJI,,7.5,6,7.3,Passed,8.9
SP2021,SP2021-class 2,6,1905AEJGJF,,6.5,5,6.3,Passed,7.9
SP2021,SP2021-class 2,7,1905AEABCI,,10,6.8,8.5,Passed,9.2
SP2021,SP2021-class 2,8,1905AEJEIF,,7.3,9.2,8,Passed,7.3
SP2021,SP2021-class 2,9,1905AEJGIJ,,9.3,7,8.3,Passed,9
SP2021,SP2021-class 2,10,1905AEJGIH,,7.8,8.2,8.2,Passed,8.8
SP2021,SP2021-class 2,11,1905AEJHJC,,6.5,5.4,6.7,Passed,8.5
SP2021,SP2021-class 2,12,1905AEJHDG,,8.8,8.4,8.6,Passed,8.9
SP2021,SP2021-class 2,13,1905AEABJH,,9.5,7,8.3,Passed,9
SP2021,SP2021-class 2,14,1905AEABCJ,,6.5,4.4,5.9,Passed,7.4
SP2021,SP2021-class 2,15,1905AEACIE,,8,7.4,8,Passed,8.8
SP2021,SP2021-class 2,16,1905AEJICD,,10,8.2,9,Passed,9.1
SP2021,SP2021-class 2,17,1905AEJIGA,,5.3,6,5.8,Passed,6.1
SP2021,SP2021-class 2,18,1905AEABEF,,7.3,7,7.7,Passed,9
SP2021,SP2021-class 2,19,1905AEJIGF,,6.8,7.2,7.2,Passed,7.8
SP2021,SP2021-class 2,20,1905AEJIHH,,7.8,8.6,8.2,Passed,8.2
SP2021,SP2021-class 2,21,1905AEAJBC,,10,9.6,9.8,Passed,10
SP2021,SP2021-class 2,22,1905AEAJBE,,7.5,7.4,8,Passed,9.4
SP2021,SP2021-class 2,23,1905ADJEAA,,6.8,6.4,6.7,Passed,6.9
SP2021,SP2021-class 2,24,1905AEAJGI,,5.8,5,6,Passed,7.5
SP2021,SP2021-class 2,25,1905AEAAJI,,6.5,5,6.7,Passed,9.1
SP2021,SP2021-class 2,26,1905AEAABF,,6,5.4,6.3,Passed,7.8
SP2021,SP2021-class 2,27,1905AEAADJ,,8,5.4,7.1,Passed,8.4
SP2021,SP2021-class 2,28,1905AEAACG,,6.8,7.2,7.3,Passed,7.9
SP2021,SP2021-class 2,29,1905AEAAHC,,6.8,4,5.9,Passed,7.5
SP2021,SP2021-class 3,1,1905AFJEDC,,10,7.8,8.6,Passed,8.3
SP2021,SP2021-class 3,2,1905AFJBII,,5,7.2,6.7,Passed,7.8
SP2021,SP2021-class 3,3,1905AFAHJJ,,10,8.4,8.8,Passed,8.1
SP2021,SP2021-class 3,4,1905AFJJGE,,3,5.4,5.3,Passed,7.4
SP2021,SP2021-class 3,5,1905AFJJJD,,0,0,0,Not Passed,0
SP2021,SP2021-class 3,6,1905AFJEAC,,10,7.4,8.4,Passed,8
SP2021,SP2021-class 3,7,1905AFJHHJ,,10,6.4,8.1,Passed,8.5
SP2021,SP2021-class 3,8,1905AFJBEC,,10,6.4,8,Passed,8.3
SP2021,SP2021-class 3,9,1905AFADGJ,,2,5.6,5.2,Passed,7.8
SP2021,SP2021-class 3,10,1905AFJABA,,2,6.2,5.3,Passed,7.5
SP2021,SP2021-class 3,11,1905AFJJEH,,8,8,8.2,Passed,8.5
SP2021,SP2021-class 3,12,1905AFJADH,,10,7.4,8.5,Passed,8.4
SP2021,SP2021-class 3,13,1905AFJDGB,,5,0,3.8,Not Passed,7.8
SP2021,SP2021-class 3,14,1905AFABFA,,10,9.2,9.2,Passed,8.3
SP2021,SP2021-class 3,15,1905AFJAIC,,10,8.2,8.8,Passed,8.4
SP2021,SP2021-class 3,16,1905AFJBBB,,5,4.6,5.7,Passed,7.9
SP2021,SP2021-class 3,17,1905AFABAA,,10,9.2,9.1,Passed,8.1
SP2021,SP2021-class 3,18,1905AFJGEH,,10,6.8,8.2,Passed,8.1
SP2021,SP2021-class 3,19,1905AFJGFA,,10,8.8,8.9,Passed,7.9
SP2021,SP2021-class 3,20,1905AFJBIE,,5,9.2,7.5,Passed,7.9
SP2021,SP2021-class 3,21,1905ADJJDD,,10,5.2,7.6,Passed,8.3
SP2021,SP2021-class 3,22,1905AFJADD,,10,4.8,7.4,Passed,8.1
SP2021,SP2021-class 3,23,1905AFJEDB,,10,6.2,8,Passed,8.4
SP2021,SP2021-class 3,24,1905AFJGIC,,3,7.6,6.3,Passed,7.8
SP2021,SP2021-class 3,25,1905AFJBEA,,10,9,9,Passed,8.1
SP2021,SP2021-class 3,26,1905AFJJCJ,,10,9,9.2,Passed,8.6
SP2021,SP2021-class 3,27,1905AFJDFF,,10,8.2,8.6,Passed,7.9
SP2021,SP2021-class 3,28,1905AFJGEC,,10,9.2,9.1,Passed,8.1
SP2021,SP2021-class 3,29,1905AFJGGC,,10,9.2,9.2,Passed,8.3
SP2021,SP2021-class 3,30,1905AFJJDH,,10,7,8.2,Passed,8.1
SP2021,SP2021-class 4,1,1905AFJGEG,,3,5.6,5.8,Passed,8.8
SP2021,SP2021-class 4,2,1905AFACJB,,10,8.6,9.3,Passed,9.5
SP2021,SP2021-class 4,3,1905AFAJFC,,3,5.4,5.7,Passed,8.8
SP2021,SP2021-class 4,4,1905AFAACA,,5,6.8,7,Passed,9.4
SP2021,SP2021-class 4,5,1905AFAAAI,,5,4.6,5.2,Passed,6.2
SP2021,SP2021-class 4,6,1905AFADAE,,10,9.2,9.2,Passed,8.3
SP2021,SP2021-class 4,7,1905ADJIDE,,0,0,0.6,Attendance Fail,1.9
SP2021,SP2021-class 4,8,1905AFADCI,,10,6.4,8.4,Passed,9.5
SP2021,SP2021-class 4,9,1905AFJAHE,,7.5,8,8.3,Passed,9.6
SP2021,SP2021-class 4,10,1905AFADGD,,5,8.6,7.4,Passed,8.1
SP2021,SP2021-class 4,11,1905AFJICI,,3,5.4,5.7,Passed,8.8
SP2021,SP2021-class 4,12,1905AFJICB,,7.5,7.2,8,Passed,9.4
SP2021,SP2021-class 4,13,1905AFABIE,,0,0,0,Attendance Fail,0
SP2021,SP2021-class 4,14,1905AFAFAB,,3,7,6.4,Passed,9.1
SP2021,SP2021-class 4,15,1905AFJCFF,,10,9.4,9.6,Passed,9.6
SP2021,SP2021-class 4,16,1905AEABCA,,0.5,0,2,Not Passed,6.1
SP2021,SP2021-class 4,17,1905AFADCD,,3,6.8,6.4,Passed,9.2
SP2021,SP2021-class 4,18,1905AFACHD,,10,9.8,9.9,Passed,9.9
SP2021,SP2021-class 4,19,1905AFAFCD,,3,5.2,5.1,Passed,7.2
SP2021,SP2021-class 4,20,1905AFAGJH,,0,0,2,Not Passed,6.7
SP2021,SP2021-class 4,21,1905AFAAFJ,,3,5.4,5.5,Passed,8
SP2021,SP2021-class 4,22,1905AFJGGE,,3,6,6,Passed,8.9
SP2021,SP2021-class 4,23,1905AFJIIG,,6.5,9.6,8.7,Passed,9.8
SP2021,SP2021-class 4,24,1905AFACBB,,10,8.6,9.3,Passed,9.7
SP2021,SP2021-class 4,25,1905AFADGH,,5,6.6,6.8,Passed,9
SP2021,SP2021-class 4,26,1905AFACHB,,4,4,5.3,Passed,8.3
SP2021,SP2021-class 4,27,1905AFAJFA,,6.5,5.4,6.6,Passed,8.4
SP2021,SP2021-class 4,28,1905AFJIFH,,10,6.8,8.3,Passed,8.5
SP2021,SP2021-class 5,1,1905AEJFIB,,7.5,8.4,7.8,Passed,7.4
SP2021,SP2021-class 5,2,1905AEJGJE,,9,9,8.8,Passed,8.3
SP2021,SP2021-class 5,3,1905AEJGBG,,9,7.2,8.1,Passed,8.4
SP2021,SP2021-class 5,4,1905AEJCIA,,7.5,7.4,7,Passed,6
SP2021,SP2021-class 5,5,1905AEJGEA,,7.5,8.2,7.6,Passed,6.8
SP2021,SP2021-class 5,6,1905AEJGEI,,9,5.6,7.3,Passed,7.9
SP2021,SP2021-class 5,7,1905AEJGFJ,,7,5.2,5.8,Passed,5.3
SP2021,SP2021-class 5,8,1905AEJGFB,,7,7.2,6.9,Passed,6.3
SP2021,SP2021-class 5,9,1905AEJBIC,,7,8.2,7.6,Passed,7.4
SP2021,SP2021-class 5,10,1905AEJDHI,,8,5,6.4,Passed,6.6
SP2021,SP2021-class 5,11,1905AEJGHH,,7.5,7.2,6.9,Passed,5.8
SP2021,SP2021-class 5,12,1905AEJJAB,,7.5,7,7.4,Passed,7.9
SP2021,SP2021-class 5,13,1905AEJHAF,,6.5,4.8,5,Passed,3.6
SP2021,SP2021-class 5,14,1905AEJHAA,,7,7,6.9,Passed,6.5
SP2021,SP2021-class 5,15,1905AEJHBJ,,8,5.2,6.7,Passed,7.3
SP2021,SP2021-class 5,16,1905AEJEAD,,8,4.8,6.4,Passed,6.9
SP2021,SP2021-class 5,17,1905AEJJHC,,5,6.4,6.3,Passed,7.4
SP2021,SP2021-class 5,18,1905AEABEJ,,9,9.2,8.9,Passed,8.3
SP2021,SP2021-class 5,19,1905AEJBDJ,,7.5,5.8,6.6,Passed,6.6
SP2021,SP2021-class 5,20,1905AEJBAB,,8,5,6.7,Passed,7.8
SP2021,SP2021-class 5,21,1901ADJBIB,,6,6.6,6.2,Passed,6
SP2021,SP2021-class 5,22,1905AEJAEH,,7.5,8,7.9,Passed,8
SP2021,SP2021-class 5,23,1905AEJJCG,,7.5,7,7,Passed,6.5
SP2021,SP2021-class 5,24,1905AEJCDJ,,9,6.8,8,Passed,8.5
SP2021,SP2021-class 5,25,1905AEJECI,,5,7.4,6.5,Passed,6.9
SP2021,SP2021-class 5,26,1905AEJCDA,,7,6.8,6.3,Passed,4.9
SP2021,SP2021-class 5,27,1905AEJFJD,,7.5,5,6.5,Passed,7.4
SP2021,SP2021-class 6,1,1905AEADCJ,,8,5.8,7.3,Passed,8.6
SP2021,SP2021-class 6,2,1905AEJGGJ,,0,0,2.4,Attendance Fail,8.1
SP2021,SP2021-class 6,3,1905AEJHBE,,7,5.4,7,Passed,9.3
SP2021,SP2021-class 6,4,1905AEJHCG,,0,0,0,Attendance Fail,0
SP2021,SP2021-class 6,5,1905AEJHID,,7,0,3.5,Attendance Fail,4.5
SP2021,SP2021-class 6,6,1905AEJHIC,,7,4,6.5,Passed,9.4
SP2021,SP2021-class 6,7,1905AEACFG,,7,5.6,6.9,Passed,8.6
SP2021,SP2021-class 6,8,1905AEACDG,,7.5,8.4,8.2,Passed,8.8
SP2021,SP2021-class 6,9,1905AEJIBC,,7,5.6,7,Passed,8.9
SP2021,SP2021-class 6,10,1905AEJICI,,8,4.6,7,Passed,9.1
SP2021,SP2021-class 6,11,1905AEJIDJ,,7.5,6.2,7.1,Passed,7.9
SP2021,SP2021-class 6,12,1905AEJIEA,,7.5,5.8,7.2,Passed,8.9
SP2021,SP2021-class 6,13,1905AEJIDI,,8.5,7.6,8.1,Passed,8.5
SP2021,SP2021-class 6,14,1905AEJIDG,,7,7.6,7.8,Passed,8.8
SP2021,SP2021-class 6,15,1905AEADJE,,7.5,5,6.7,Passed,8
SP2021,SP2021-class 6,16,1905AEJIEF,,7,8,8,Passed,9
SP2021,SP2021-class 6,17,1905AEADAF,,7,6.8,7.4,Passed,8.5
SP2021,SP2021-class 6,18,1905AEAAIB,,7.5,6.4,7.3,Passed,8.4
SP2021,SP2021-class 6,19,1905AEAJJG,,7,7,7.6,Passed,9
SP2021,SP2021-class 6,20,1905AEADJI,,7,4,6.2,Passed,8.3
SP2021,SP2021-class 6,21,1905AEAJDA,,8,6.8,7.7,Passed,8.6
SP2021,SP2021-class 6,22,1905AEAJDE,,7.5,7.2,7.7,Passed,8.5
SP2021,SP2021-class 6,23,1905AEAJEJ,,0,0,0.6,Attendance Fail,2.1
SP2021,SP2021-class 6,24,1905AEACEH,,7,6.8,7.2,Passed,8
SP2021,SP2021-class 6,25,1905AEAJIF,,7,0,2.8,Attendance Fail,2.4
SP2021,SP2021-class 6,26,1905AEADHG,,7,8.2,8,Passed,8.9
SP2021,SP2021-class 6,27,1905AEAABA,,7,8.6,8.2,Passed,8.8
SP2021,SP2021-class 6,28,1905AEAADA,,8,7.4,8.1,Passed,9.3
SP2021,SP2021-class 6,29,1905AEAAGE,,7,4.6,6.4,Passed,8.1
SP2021,SP2021-class 6,30,1905AEAAIA,,7.5,5.4,7,Passed,8.5
SP2021,SP2021-class 7,1,1905AEJJCB,,3,7.4,6,Passed,7
SP2021,SP2021-class 7,2,1905AEJJFB,,9,9.6,9.1,Passed,8.6
SP2021,SP2021-class 7,3,1905AEJJCA,,9,8.6,8.3,Passed,7.3
SP2021,SP2021-class 7,4,1905ADJEAC,,3,0,2.1,Not Passed,4.1
SP2021,SP2021-class 7,5,1905AEJJAA,,10,8.8,8.7,Passed,7.2
SP2021,SP2021-class 7,6,1905AEJJEH,,10,8.6,8.8,Passed,7.7
SP2021,SP2021-class 7,7,1905AEJJEA,,5,6.2,5.4,Passed,4.8
SP2021,SP2021-class 7,8,1905AEJJCH,,3,0,1.6,Attendance Fail,2.2
SP2021,SP2021-class 7,9,1905AEJJAD,,10,6.8,7.1,Passed,4.6
SP2021,SP2021-class 7,10,1905AFAGGI,,5,9,7.7,Passed,8.5
SP2021,SP2021-class 7,11,1905AEJJAJ,,10,9,9,Passed,8.1
SP2021,SP2021-class 7,12,1905AEADFD,,9,9,8.3,Passed,6.8
SP2021,SP2021-class 7,13,1905AEJJGA,,10,9,9,Passed,8
SP2021,SP2021-class 7,14,1905AEJAJC,,9,8.4,8.4,Passed,7.9
SP2021,SP2021-class 7,15,1905AFJGHE,,5,5.6,5.3,Passed,5.3
SP2021,SP2021-class 7,16,1905ADAAEB,,7,4.2,5.5,Passed,5.8
SP2021,SP2021-class 7,17,1905AEJJAG,,10,5.4,7.1,Passed,6.6
SP2021,SP2021-class 7,18,1905ADJHGE,,3,0,0.9,Attendance Fail,0
SP2021,SP2021-class 7,19,1905AEJJEG,,10,9.2,9.4,Passed,9.1
SP2021,SP2021-class 7,20,1905AEJJFJ,,8,7.6,8,Passed,8.6
SP2021,SP2021-class 7,21,1905AEJJBI,,9,7.4,7.7,Passed,6.7
SP2021,SP2021-class 7,22,1905ADJFEC,,9,6,7.1,Passed,6.7
SP2021,SP2021-class 7,23,1905AFJHJE,,9,7.4,7.7,Passed,6.7
SP2021,SP2021-class 7,24,1905ADAAAF,,3,6.6,5.4,Passed,6.3
SP2021,SP2021-class 7,25,1905AEJJAI,,9,9.2,7.9,Passed,5
SP2021,SP2021-class 7,26,1905AEAJEI,,8,6.8,7.3,Passed,7.2
SP2021,SP2021-class 7,27,1905AEJJBC,,9,6.2,7,Passed,6.1
SP2021,SP2021-class 7,28,1905AEJJEB,,9,9.8,9.3,Passed,9
SP2021,SP2021-class 7,29,1905AEJJCD,,10,7.2,8.4,Passed,8.3
SP2021,SP2021-class 7,30,1905AEJJDI,,9,6.8,7.7,Passed,7.6
SP2021,SP2021-class 8,1,1905AEJAFF,,9,7.2,8,Passed,8.2
SP2021,SP2021-class 8,2,1905AEJAJA,,6,6,6.8,Passed,8.5
SP2021,SP2021-class 8,3,1905AEJAJH,,8,7.8,8,Passed,8.2
SP2021,SP2021-class 8,4,1905AEJAFG,,7,9,8.2,Passed,8.3
SP2021,SP2021-class 8,5,1905AEADDE,,7,4,6.2,Passed,8.2
SP2021,SP2021-class 8,6,1905AEJJGI,,10,8,8.7,Passed,8.2
SP2021,SP2021-class 8,7,1905AEJJHJ,,7,8.8,8.2,Passed,8.7
SP2021,SP2021-class 8,8,1905AEJAEI,,10,6.6,8.4,Passed,9.3
SP2021,SP2021-class 8,9,1905AEJABF,,4,7.4,6.8,Passed,8.7
SP2021,SP2021-class 8,10,1905AEJABC,,9,8,8.7,Passed,9.3
SP2021,SP2021-class 8,11,1905AEJABE,,7,7.8,7.8,Passed,8.7
SP2021,SP2021-class 8,12,1905AEJJIC,,6,6.4,6.8,Passed,8.2
SP2021,SP2021-class 8,13,1905AEJCBD,,6,7.6,7.6,Passed,9.2
SP2021,SP2021-class 8,14,1905AEJAGC,,10,9,9.3,Passed,9
SP2021,SP2021-class 8,15,1905AEJADE,,7,6.8,7.2,Passed,7.8
SP2021,SP2021-class 8,16,1905AEJAGF,,8,6.4,6.7,Passed,5.7
SP2021,SP2021-class 8,17,1905AFAFHH,,8,6.4,7.3,Passed,7.7
SP2021,SP2021-class 8,18,1905AEJJGG,,8,7,7.7,Passed,8.3
SP2021,SP2021-class 8,19,1905AEJADJ,,6,4.6,5.9,Passed,7.7
SP2021,SP2021-class 8,20,1905AEJACE,,9,8,6.5,Passed,2
SP2021,SP2021-class 8,21,1905AEJACC,,10,8,8.6,Passed,8
SP2021,SP2021-class 8,22,1905AEJAFE,,8,7,6,Passed,2.7
SP2021,SP2021-class 8,23,1905AEJAGJ,,6,6.2,6.8,Passed,8.3
SP2021,SP2021-class 8,24,1905AEJJIG,,9,8.6,8.7,Passed,8.7
SP2021,SP2021-class 8,25,1905AEJACH,,7,8,6.9,Passed,5.3
SP2021,SP2021-class 8,26,1905AEJACG,,7,5.6,6.8,Passed,8.3
SP2021,SP2021-class 8,27,1905AEJAFH,,8,8,8.1,Passed,8.2
SP2021,SP2021-class 8,28,1905AEJAAF,,9,8.6,8.8,Passed,9
SP2021,SP2021-class 8,29,1905AEJAEA,,6,5.6,6.4,Passed,7.8
SP2021,SP2021-class 8,30,1905AEJACA,,9,5.2,6.8,Passed,6.8
SP2021,SP2021-class 9,1,1905AEJAIF,,7.3,6.6,7.2,Passed,8
SP2021,SP2021-class 9,2,1905AEJBHD,,0,0,0,Attendance Fail,0
SP2021,SP2021-class 9,3,1905AEJBHI,,7.5,8.4,7.8,Passed,7.3
SP2021,SP2021-class 9,4,1905AEJBFJ,,6,6.8,6.5,Passed,6.8
SP2021,SP2021-class 9,5,1905AEJAII,,8.3,6,6.8,Passed,6.5
SP2021,SP2021-class 9,6,1905AEJCJC,,9.3,6,7.9,Passed,9
SP2021,SP2021-class 9,7,1905AEJBCC,,7,6.8,7,Passed,7.3
SP2021,SP2021-class 9,8,1905AEJBDI,,8.8,7.8,8,Passed,7.5
SP2021,SP2021-class 9,9,1905AEJBAH,,9,7.2,7.8,Passed,7.3
SP2021,SP2021-class 9,10,1905AEJAIG,,7.8,8.2,7.7,Passed,7
SP2021,SP2021-class 9,11,1905AEJBGB,,7.3,7.4,7.1,Passed,6.5
SP2021,SP2021-class 9,12,1905AEJBEI,,0,0,0,Attendance Fail,0
SP2021,SP2021-class 9,13,1905AEJBBB,,7.3,7.8,7.5,Passed,7.3
SP2021,SP2021-class 9,14,1905AEJBGA,,6.3,6.8,6.7,Passed,7
SP2021,SP2021-class 9,15,1905AEJBID,,7.8,8.6,7.9,Passed,7
SP2021,SP2021-class 9,16,1905AEJBJB,,6.3,9,7.4,Passed,6.5
SP2021,SP2021-class 9,17,1905AEJBBF,,0,0,0,Attendance Fail,0
SP2021,SP2021-class 9,18,1905ADJCFE,,0,0,0,Attendance Fail,0
SP2021,SP2021-class 9,19,1905AEJBBA,,5.5,6.8,6.3,Passed,6.5
SP2021,SP2021-class 9,20,1905AEJBBI,,6.3,6.4,6.5,Passed,6.8
SP2021,SP2021-class 9,21,1905AEJBCA,,7.3,7.2,7.1,Passed,6.8
SP2021,SP2021-class 9,22,1905AEJEEB,,5.8,8.2,7,Passed,6.5
SP2021,SP2021-class 9,23,1905AEJBGF,,7.5,7.8,7.7,Passed,7.8
SP2021,SP2021-class 9,24,1905AEJBAA,,7.3,7,6.6,Passed,5.5
SP2021,SP2021-class 9,25,1905AEJBJH,,8.3,7.2,7.7,Passed,7.8
SP2021,SP2021-class 9,26,1905AEJAHG,,5.5,4.6,5,Passed,5
SP2021,SP2021-class 9,27,1905AEJBGJ,,5.8,4.6,5.6,Passed,6.8
SP2021,SP2021-class 9,28,1905AEJAHB,,7.3,6,6.5,Passed,6.3
SP2021,SP2021-class 9,29,1905AEJBGI,,0,0,0,Attendance Fail,0
SP2021,SP2021-class 9,30,1905AEJBHG,,6.3,4.2,5.7,Passed,7.3
SP2021,SP2021-class 10,1,1905AEJCJB,,6.5,7.6,7.2,Passed,7.3
SP2021,SP2021-class 10,2,1905AEJFCJ,,7.5,8.2,8.5,Passed,9.9
SP2021,SP2021-class 10,3,1905AEJBIE,,7,6,7.3,Passed,9.2
SP2021,SP2021-class 10,4,1905AEJJHG,,7,5.6,7.3,Passed,9.8
SP2021,SP2021-class 10,5,1905AEJCEG,,7,5.8,6.6,Passed,7.2
SP2021,SP2021-class 10,6,1905AEJGBE,,7,0,4.3,Not Passed,7.2
SP2021,SP2021-class 10,7,1905AEJCBF,,7,6.8,7.7,Passed,9.6
SP2021,SP2021-class 10,8,1905AEJCAF,,7.3,4.6,6.2,Passed,7.4
SP2021,SP2021-class 10,9,1905AEJCDF,,7,5.6,6.5,Passed,7.1
SP2021,SP2021-class 10,10,1905AEJCCH,,7.3,6.2,6.8,Passed,7.2
SP2021,SP2021-class 10,11,1905AEJCJE,,7,7,6.9,Passed,6.8
SP2021,SP2021-class 10,12,1905AEJCEE,,7.5,6.8,7.3,Passed,7.8
SP2021,SP2021-class 10,13,1905AEJCEH,,7.5,6.2,6.8,Passed,6.9
SP2021,SP2021-class 10,14,1905AEJCBI,,7.5,6.6,7,Passed,7.1
SP2021,SP2021-class 10,15,1905AEJCDD,,7,4.6,6.5,Passed,8.4
SP2021,SP2021-class 10,16,1905AEJCAH,,7,8,7.4,Passed,6.9
SP2021,SP2021-class 10,17,1905AEJCEA,,7.5,8.4,8.5,Passed,9.5
SP2021,SP2021-class 10,18,1905AEJCBJ,,7.3,7.2,8,Passed,9.8
SP2021,SP2021-class 10,19,1905AEJCAE,,6.5,7.6,7.8,Passed,9.3
SP2021,SP2021-class 10,20,1905AEJCJG,,7.3,6,7.3,Passed,9.2
SP2021,SP2021-class 10,21,1905AEJCAI,,7.5,5.6,7,Passed,8.4
SP2021,SP2021-class 10,22,1905AEJCCF,,7.5,7,7.1,Passed,7
SP2021,SP2021-class 10,23,1905AEJCCI,,7.5,5,6.4,Passed,7.2
SP2021,SP2021-class 10,24,1905AEJCDE,,6.5,7,6.9,Passed,7
SP2021,SP2021-class 10,25,1905AEJCBH,,7.5,7,7.8,Passed,9.3
SP2021,SP2021-class 10,26,1905AEJBIF,,6.5,7,7.6,Passed,9.5
SP2021,SP2021-class 10,27,1905AEJBEJ,,7,7.2,7,Passed,6.8
SP2021,SP2021-class 11,1,1905FBGHI,,10,7,8.7,Passed,9.8
SP2021,SP2021-class 11,2,1905AEJDAJ,,8.5,6,8,Passed,10
SP2021,SP2021-class 11,3,1905AEJDBE,,8,7,8.1,Passed,9.8
SP2021,SP2021-class 11,4,1905AEJCFH,,9,5.4,7.8,Passed,9.8
SP2021,SP2021-class 11,5,1905AEJCGF,,6,6.2,6.8,Passed,8.3
SP2021,SP2021-class 11,6,1905AEJDJD,,8,6.2,7.4,Passed,8.5
SP2021,SP2021-class 11,7,1905AEJDAD,,8.5,6,7.8,Passed,9.4
SP2021,SP2021-class 11,8,1905AEJDJI,,8,5,7,Passed,8.5
SP2021,SP2021-class 11,9,1905AEJDJE,,8,0,4.5,Not Passed,7
SP2021,SP2021-class 11,10,1905AFJHAI,,8.5,5.4,6.6,Passed,6.3
SP2021,SP2021-class 11,11,1905AEJCIG,,8,6.4,7.9,Passed,9.8
SP2021,SP2021-class 11,12,1905AEJCFJ,,10,5.6,8.2,Passed,10
SP2021,SP2021-class 11,13,1905AEJCFD,,9,5.8,7.6,Passed,8.8
SP2021,SP2021-class 11,14,1905AEJDAC,,10,4.4,7.8,Passed,10
SP2021,SP2021-class 11,15,1905AEJDJH,,8.5,5.4,6.6,Passed,6.3
SP2021,SP2021-class 11,16,1905AEJCHF,,9.5,7.8,9,Passed,10
SP2021,SP2021-class 11,17,1905AEJDJG,,8,5.4,7.6,Passed,10
SP2021,SP2021-class 11,18,1905AEJCJD,,9.5,4,7.5,Passed,10
SP2021,SP2021-class 11,19,1905AEJDBA,,8,5.4,7.4,Passed,9.5
SP2021,SP2021-class 11,20,1905AEJDAB,,8,4.8,7.3,Passed,10
SP2021,SP2021-class 11,21,1905AEJCGE,,8.5,6.8,7.7,Passed,8.3
SP2021,SP2021-class 11,22,1905AEJDBF,,8,0,3.2,Attendance Fail,2.5
SP2021,SP2021-class 11,23,1905AEJCGB,,8.5,7.2,8.4,Passed,10
SP2021,SP2021-class 11,24,1905AEJCHD,,0,0,0.4,Attendance Fail,1.3
SP2021,SP2021-class 11,25,1905AEJCHH,,9,8.8,9.2,Passed,10
SP2021,SP2021-class 12,1,1905AEJDGA,,9,5.6,7.1,Passed,7.1
SP2021,SP2021-class 12,2,1905AEJDHF,,8.5,7.2,7.9,Passed,8.3
SP2021,SP2021-class 12,3,1905AEJDDA,,9,6.2,7.4,Passed,7.4
SP2021,SP2021-class 12,4,1905AEJDEF,,9,5.8,6.6,Passed,5.1
SP2021,SP2021-class 12,5,1905AEJDCF,,8,6.2,7.2,Passed,7.8
SP2021,SP2021-class 12,6,1905AEADCE,,9,4.8,7.2,Passed,8.8
SP2021,SP2021-class 12,7,1905AEJDGG,,8,4.4,6.3,Passed,7.1
SP2021,SP2021-class 12,8,1905AEJDDF,,0,0,0.5,Attendance Fail,1.5
SP2021,SP2021-class 12,9,1905AEJDEA,,0,0,0,Attendance Fail,0
SP2021,SP2021-class 12,10,1905AEJDEC,,7.5,5.6,6.4,Passed,6.5
SP2021,SP2021-class 12,11,1905AEJDCE,,8,6.8,7.1,Passed,6.6
SP2021,SP2021-class 12,12,1905AEJDDB,,8,5.8,6.9,Passed,7.3
SP2021,SP2021-class 12,13,1905AEJDDH,,7.5,5.4,6.2,Passed,5.9
SP2021,SP2021-class 12,14,1905AEJDIB,,9,7.6,8.1,Passed,8
SP2021,SP2021-class 12,15,1905AEJDDE,,9,8,8.2,Passed,7.6
SP2021,SP2021-class 12,16,1905AFBJFD,,0,0,1.1,Attendance Fail,3.5
SP2021,SP2021-class 12,17,1905AEJDHG,,8.5,8.4,8.1,Passed,7.3
SP2021,SP2021-class 12,18,1905AEJDCC,,8.5,6.4,7.4,Passed,7.5
SP2021,SP2021-class 12,19,1905AEJDFF,,7,7.2,7,Passed,6.8
SP2021,SP2021-class 12,20,1905AEJDCG,,8.5,6.2,7.2,Passed,7.1
SP2021,SP2021-class 12,21,1905AEJDGF,,9,8,8.2,Passed,7.6
SP2021,SP2021-class 12,22,1905AEJDEG,,6.5,5.6,6.6,Passed,8
SP2021,SP2021-class 12,23,1905AEJDHE,,8,8,7.9,Passed,7.8
SP2021,SP2021-class 12,24,1905AEJDFA,,8.5,7.6,7.7,Passed,7.1
SP2021,SP2021-class 12,25,1905AEJDCA,,0,0,1.5,Attendance Fail,4.9
SP2021,SP2021-class 12,26,1905AEJDDI,,8,5.8,7.2,Passed,8.1
SP2021,SP2021-class 12,27,1905AEJDFH,,9,7,7.3,Passed,5.9
SP2021,SP2021-class 13,1,1905AEJEDB,,8.5,6.6,8.2,Passed,9.9
SP2021,SP2021-class 13,2,1905ACJCJJ,,0,0,0,Attendance Fail,0
SP2021,SP2021-class 13,3,1905AEJEJD,,7,0,5,Not Passed,9.8
SP2021,SP2021-class 13,4,1905AEJEEG,,8.5,6.8,8.2,Passed,9.9
SP2021,SP2021-class 13,5,1905ADJGJJ,,0,0,0.8,Attendance Fail,2.5
SP2021,SP2021-class 13,6,1905AEJEDI,,8,5,6.8,Passed,7.9
SP2021,SP2021-class 13,7,1905AEJEFC,,8,6,7.7,Passed,9.5
SP2021,SP2021-class 13,8,1905AEJEFD,,8,5.4,7.4,Passed,9.4
SP2021,SP2021-class 13,9,1905AEJEAB,,8.5,5.6,7.5,Passed,8.9
SP2021,SP2021-class 13,10,1905AEJEJI,,7,6.2,7.5,Passed,9.6
SP2021,SP2021-class 13,11,1905AEJDIC,,7.5,7,8,Passed,9.8
SP2021,SP2021-class 13,12,1905AEJEJH,,7.5,5,7.2,Passed,9.8
SP2021,SP2021-class 13,13,1905AEJECJ,,0,0,2.3,Attendance Fail,7.5
SP2021,SP2021-class 13,14,1905AEJDIF,,0,0,2.6,Attendance Fail,8.6
SP2021,SP2021-class 13,15,1905ADJCBE,,0,0,0,Attendance Fail,0
SP2021,SP2021-class 13,16,1905AEJECC,,8.5,5.8,7.8,Passed,9.6
SP2021,SP2021-class 13,17,1905AEJEEJ,,8.5,6,7.7,Passed,9.3
SP2021,SP2021-class 13,18,1905AEJEAH,,0,0,2.5,Attendance Fail,8.4
SP2021,SP2021-class 13,19,1905AEJEAF,,0,0,2.3,Attendance Fail,7.6
SP2021,SP2021-class 13,20,1905AEJEDD,,8.5,8.2,8.8,Passed,9.9
SP2021,SP2021-class 13,21,1905AEJEDF,,8.5,5.8,7.8,Passed,9.8
SP2021,SP2021-class 13,22,1905AEJEDC,,7.5,6,7.4,Passed,9.3
SP2021,SP2021-class 13,23,1905AEJEEC,,8.5,5.4,7.7,Passed,9.9
SP2021,SP2021-class 13,24,1905AEJEAA,,7,8.2,8,Passed,8.6
SP2021,SP2021-class 13,25,1905AEJEDE,,8.5,6.8,8.1,Passed,9.5
SP2021,SP2021-class 13,26,1905AEJBAI,,0,0,2.5,Attendance Fail,8.4
SP2021,SP2021-class 13,27,1905AEJEEA,,9,6.4,8.2,Passed,9.8
SP2021,SP2021-class 13,28,1905AEJEAJ,,8,6.8,7.7,Passed,8.6
SP2021,SP2021-class 13,29,1905AEJEJE,,8,7.2,8.2,Passed,9.8
SP2021,SP2021-class 13,30,1905AEJEBG,,7,0,4.8,Attendance Fail,9.1
SP2021,SP2021-class 14,1,1905AEJFBC,,3,5.2,5.1,Passed,7.1
SP2021,SP2021-class 14,2,1905AEJFDC,,0,0,0.6,Attendance Fail,2
SP2021,SP2021-class 14,3,1905AEJFBH,,10,7,8.7,Passed,9.8
SP2021,SP2021-class 14,4,1905AEJFBG,,8,4.4,7,Passed,9.3
SP2021,SP2021-class 14,5,1905AEJFDH,,3,8.8,7.3,Passed,9.6
SP2021,SP2021-class 14,6,1905AEJFEI,,10,8.2,9.1,Passed,9.4
SP2021,SP2021-class 14,7,1905AEJFEA,,3,7.6,5.9,Passed,6.5
SP2021,SP2021-class 14,8,1905AEJFEJ,,10,8.2,9.3,Passed,9.9
SP2021,SP2021-class 14,9,1905AEJFFG,,10,8.2,9.2,Passed,9.8
SP2021,SP2021-class 14,10,1905AEJFGJ,,0,0,0.5,Not Passed,1.8
SP2021,SP2021-class 14,11,1905AEJFGB,,3,7.2,6.3,Passed,8.5
SP2021,SP2021-class 14,12,1905AEJEGA,,5,5.8,6.6,Passed,9.2
SP2021,SP2021-class 14,13,1905AEJEFF,,3,7.8,6.9,Passed,9.5
SP2021,SP2021-class 14,14,1905AEJFJF,,3,4.6,5.5,Passed,9.1
SP2021,SP2021-class 14,15,1905ACJGBI,,6,4.6,6.1,Passed,8.1
SP2021,SP2021-class 14,16,1905AEJEGG,,3,8.4,7,Passed,9.2
SP2021,SP2021-class 14,17,1905AEJEIC,,3,7.8,6.7,Passed,9.1
SP2021,SP2021-class 14,18,1905ADJEFG,,0,0,0,Attendance Fail,0
SP2021,SP2021-class 14,19,1905AEJFJE,,3,7,6.5,Passed,9.3
SP2021,SP2021-class 14,20,1905AEJEIJ,,3,7.2,6.2,Passed,8.2
SP2021,SP2021-class 14,21,1905AEJEGE,,3,6.8,6.2,Passed,8.7
SP2021,SP2021-class 14,22,1905ACJADJ,,3,6.2,6,Passed,8.7
SP2021,SP2021-class 14,23,1905AEJFAA,,10,8.2,9.2,Passed,9.7
SP2021,SP2021-class 14,24,1905AEJEIA,,3,6.2,6.2,Passed,9.3
SP2021,SP2021-class 14,25,1905AEJEIH,,10,7.8,8.8,Passed,8.9
SP2021,SP2021-class 14,26,1905AEJEGC,,3,7,6.6,Passed,9.5
SP2021,SP2021-class 14,27,1905AEJEID,,3,7.2,6.6,Passed,9.5
SP2021,SP2021-class 14,28,1905AEJFJB,,3,5.4,6,Passed,9.6
SP2021,SP2021-class 14,29,1905AEJEGJ,,8,5,6.8,Passed,8.1
SP2021,SP2021-class 14,30,1905AEJEIG,,3,8.2,7,Passed,9.5
SP2021,SP2021-class 15,1,1905AEJFHJ,,0,0,0,Attendance Fail,0
SP2021,SP2021-class 15,2,1905AEJFGI,,5,6.6,6.9,Passed,9.3
SP2021,SP2021-class 15,3,1905AEJFGE,,6.5,6.8,7.2,Passed,8.6
SP2021,SP2021-class 15,4,1905AEJFGD,,6,5.2,6.5,Passed,8.8
SP2021,SP2021-class 15,5,1905AEJFHC,,9.5,8.4,8.9,Passed,9.1
SP2021,SP2021-class 15,6,1905AEJFHB,,4.8,6.4,6.3,Passed,7.7
SP2021,SP2021-class 15,7,1905AEJFIF,,4.5,5.8,6.2,Passed,8.5
SP2021,SP2021-class 15,8,1905AEJFID,,9,8.8,9,Passed,9.1
SP2021,SP2021-class 15,9,1905AEJFIJ,,4.3,5.2,5.9,Passed,8.6
SP2021,SP2021-class 15,10,1905AEJFHI,,7.3,6,7.1,Passed,8.3
SP2021,SP2021-class 15,11,1905AEJGJB,,4.3,5,5.9,Passed,8.8
SP2021,SP2021-class 15,12,1905AEJGAB,,4.3,8.4,7.3,Passed,8.8
SP2021,SP2021-class 15,13,1905AEJGBD,,4.8,6.2,6.2,Passed,7.8
SP2021,SP2021-class 15,14,1905AEJGBB,,6,7.2,7.2,Passed,8.4
SP2021,SP2021-class 15,15,1905AEJGDB,,6,8,7.7,Passed,8.9
SP2021,SP2021-class 15,16,1905AEJGDA,,6,7.2,7,Passed,7.8
SP2021,SP2021-class 15,17,1905AEJGDJ,,5.3,5.8,6.3,Passed,8.1
SP2021,SP2021-class 15,18,1905AEJGCF,,6.8,7.8,8,Passed,9.5
SP2021,SP2021-class 15,19,1905AEJGCE,,6.3,7.8,7.7,Passed,8.9
SP2021,SP2021-class 15,20,1905AEJGCD,,5,4.8,6.1,Passed,8.9
SP2021,SP2021-class 15,21,1905AEJGCC,,6,7.8,7.6,Passed,8.9
SP2021,SP2021-class 15,22,1905AEJGCJ,,6,7.4,7.1,Passed,7.7
SP2021,SP2021-class 15,23,1905AEJGDG,,10,8.8,9.4,Passed,9.8
SP2021,SP2021-class 15,24,1905AEJGDI,,2.8,0,3.5,Not Passed,9.1
SP2021,SP2021-class 15,25,1905AEJGED,,7,7,7.7,Passed,9.2
SP2021,SP2021-class 15,26,1905ADAABC,,6.5,5.6,6.9,Passed,8.9
SP2021,SP2021-class 15,27,1905AEJHAI,,9.5,9.4,9.3,Passed,8.9
SP2021,SP2021-class 15,28,1905AEJHJG,,9.5,6.8,8.3,Passed,9.1
SP2021,SP2021-class 15,29,1905AEJHBC,,5.8,6.6,7,Passed,8.8
SP2021,SP2021-class 15,30,1905AEAAHJ,,9.5,7.6,8.5,Passed,8.6
SP2021,SP2021-class 16,1,1905ADJFGI,,6.5,6.6,6.8,Passed,7.3
SP2021,SP2021-class 16,2,1905AEJFFF,,10,7.8,8.6,Passed,8.3
SP2021,SP2021-class 16,3,1905AEJFHH,,6,0,2.1,Attendance Fail,1
SP2021,SP2021-class 16,4,1905AEJGFD,,6.5,5.6,6.5,Passed,7.6
SP2021,SP2021-class 16,5,1905AEJGGB,,6.5,6.4,7,Passed,8.2
SP2021,SP2021-class 16,6,1905AEJGGA,,6.3,4,6,Passed,8.3
SP2021,SP2021-class 16,7,1905AEJGFI,,4,7.8,5.6,Passed,4.3
SP2021,SP2021-class 16,8,1905AEJGGE,,9.5,7.8,8.4,Passed,8.3
SP2021,SP2021-class 16,9,1905AEJGHE,,8.3,4.6,6.5,Passed,7.3
SP2021,SP2021-class 16,10,1905AEJGHG,,6,6.8,6.9,Passed,8
SP2021,SP2021-class 16,11,1905AEJGHD,,9.8,7.6,8.2,Passed,7.3
SP2021,SP2021-class 16,12,1905AEJGHB,,5.3,7.4,6.1,Passed,5.2
SP2021,SP2021-class 16,13,1905AEJGHA,,6.3,5.4,6.5,Passed,8.1
SP2021,SP2021-class 16,14,1905AEJGIF,,10,8.8,9.3,Passed,9.4
SP2021,SP2021-class 16,15,1905AEJHJJ,,8.3,8.8,7.8,Passed,6.2
SP2021,SP2021-class 16,16,1905AEJHAG,,3.5,0,2.8,Not Passed,5.8
SP2021,SP2021-class 16,17,1905AEJHAC,,6,4.8,5.8,Passed,7
SP2021,SP2021-class 16,18,1905AEJHJF,,0,0,0.5,Attendance Fail,1.6
SP2021,SP2021-class 16,19,1905AEJHCA,,8.8,6.8,7.5,Passed,7.2
SP2021,SP2021-class 16,20,1905AEJHCJ,,4.8,5.6,5.8,Passed,7
SP2021,SP2021-class 16,21,1905AEJHBF,,6.3,0,2.2,Not Passed,1.1
SP2021,SP2021-class 16,22,0819AEJGDJ,,1,0,0.8,Attendance Fail,1.6
SP2021,SP2021-class 16,23,1905AEJHCH,,5.3,6.6,6.4,Passed,7.2
SP2021,SP2021-class 16,24,1905AEJHCD,,6.5,6,6.7,Passed,7.8
SP2021,SP2021-class 16,25,1905AEJHDF,,6.3,7,7.2,Passed,8.5
SP2021,SP2021-class 16,26,1905AEJHDD,,5.3,5,5.5,Passed,6.5
SP2021,SP2021-class 16,27,1905AEJHDB,,6,5.4,6.2,Passed,7.4
SP2021,SP2021-class 16,28,1905AEJHDA,,6.5,4,5.7,Passed,7
SP2021,SP2021-class 16,29,1905AEJBCI,,5.3,7.6,7.2,Passed,8.6
SP2021,SP2021-class 16,30,0405AFJJAE,,7.3,5.2,5.5,Passed,4.2
SP2021,SP2021-class 17,1,1905AFJGIE,,2,0,0.8,Attendance Fail,0.8
SP2021,SP2021-class 17,2,1905AEJHDI,,10,5.2,7.6,Passed,8.3
SP2021,SP2021-class 17,3,1905AEJHDH,,10,9.2,9.3,Passed,8.7
SP2021,SP2021-class 17,4,1905AEJHEC,,10,7.8,8.3,Passed,7.3
SP2021,SP2021-class 17,5,1905AEJHFA,,3,0,1.4,Attendance Fail,1.7
SP2021,SP2021-class 17,6,1905AEJHFF,,6,4.6,5.3,Passed,5.7
SP2021,SP2021-class 17,7,1905AEJHGB,,3,6.8,5,Passed,4.7
SP2021,SP2021-class 17,8,1905AEJHGD,,10,5.8,7.3,Passed,6.7
SP2021,SP2021-class 17,9,1905AEJHGG,,10,8.4,8.8,Passed,8
SP2021,SP2021-class 17,10,1905AEJHGF,,3,0,2.1,Not Passed,4
SP2021,SP2021-class 17,11,1905AEJHIG,,10,0,4.9,Not Passed,6.3
SP2021,SP2021-class 17,12,1905AEJHIB,,6,7.8,6.8,Passed,6.3
SP2021,SP2021-class 17,13,1905AEJHHH,,9,9.2,9,Passed,8.7
SP2021,SP2021-class 17,14,1905AEJHHF,,9,6.2,7.2,Passed,6.7
SP2021,SP2021-class 17,15,1905AEJHHD,,4,5.4,5.3,Passed,6.3
SP2021,SP2021-class 17,16,1905AEJHII,,8,6.2,6.7,Passed,6
SP2021,SP2021-class 17,17,1905AEJIAC,,7,4,5,Passed,4.3
SP2021,SP2021-class 17,18,1905AEJIAJ,,9,6.4,7.3,Passed,6.7
SP2021,SP2021-class 17,19,1905AEJIJH,,10,5.8,6.7,Passed,4.7
SP2021,SP2021-class 17,20,1905AEJIBI,,10,8.6,8.8,Passed,8
SP2021,SP2021-class 17,21,1905AEJIBG,,10,8.6,8.8,Passed,8
SP2021,SP2021-class 17,22,1905AEJIBE,,3,8.4,6,Passed,5.7
SP2021,SP2021-class 17,23,1905AEJIBD,,7,5.4,5.9,Passed,5.3
SP2021,SP2021-class 17,24,1905AEJIBA,,10,8.8,8.9,Passed,8
SP2021,SP2021-class 17,25,1905AEJIAG,,8,4.6,6.1,Passed,6.3
SP2021,SP2021-class 17,26,1905AEJICC,,2,0,1,Attendance Fail,1.3
SP2021,SP2021-class 17,27,1905AEJICH,,10,7.6,7.5,Passed,5
SP2021,SP2021-class 17,28,1905AEJICG,,3,4.4,4.4,Not Passed,5.7
SP2021,SP2021-class 17,29,1905AEJIDB,,2,0,1.3,Not Passed,2.3
SP2021,SP2021-class 17,30,1905AEJIAI,,2,0,1.3,Attendance Fail,2.3
SP2021,SP2021-class 18,1,1905AFJHGC,,7,7.4,7.8,Passed,9
SP2021,SP2021-class 18,2,1905AEJCGG,,6.3,0,2.1,Attendance Fail,0.6
SP2021,SP2021-class 18,3,1919AEJCCA,,3.3,0,1.5,Not Passed,1.9
SP2021,SP2021-class 18,4,1919AEJEAA,,6.5,6,6.9,Passed,8.6
SP2021,SP2021-class 18,5,1905AEJIEB,,7.3,5.2,6.7,Passed,8.3
SP2021,SP2021-class 18,6,1905AEJIED,,6.8,4.6,6.1,Passed,7.6
SP2021,SP2021-class 18,7,1905AEJIFI,,6,6.2,6.6,Passed,7.7
SP2021,SP2021-class 18,8,1905AEJIFH,,8.3,8.4,8.3,Passed,8.1
SP2021,SP2021-class 18,9,1905AEJIGB,,7.8,8.6,8.1,Passed,7.7
SP2021,SP2021-class 18,10,1905ACJBDJ,,0,0,0,Attendance Fail,0
SP2021,SP2021-class 18,11,1905AEJIGC,,4.5,4.6,4,Not Passed,2.6
SP2021,SP2021-class 18,12,1905AEJIIA,,0,0,0.6,Attendance Fail,1.9
SP2021,SP2021-class 18,13,1905AFJAEI,,9.3,8.8,8.6,Passed,7.7
SP2021,SP2021-class 18,14,1905AEJIHI,,6.5,7.8,7.2,Passed,7.2
SP2021,SP2021-class 18,15,1905AEJIHF,,5.5,5.6,6.1,Passed,7.3
SP2021,SP2021-class 18,16,1905AEJIHC,,6.3,5,6.3,Passed,8
SP2021,SP2021-class 18,17,1905AEJIHA,,6,4.6,5,Passed,4.6
SP2021,SP2021-class 18,18,1905AEJIIC,,5.8,5.2,6.1,Passed,7.6
SP2021,SP2021-class 18,19,1905AEJIIG,,6.5,5,6.7,Passed,9.3
SP2021,SP2021-class 18,20,1905AEAJJA,,5.3,6.2,6.2,Passed,7
SP2021,SP2021-class 18,21,1905AEAJJJ,,6,6.4,6.8,Passed,8.1
SP2021,SP2021-class 18,22,1905AEAJAF,,6.8,5.6,6.3,Passed,6.7
SP2021,SP2021-class 18,23,1905AEAJAC,,6.8,5.2,6.7,Passed,8.5
SP2021,SP2021-class 18,24,1905AEAJAH,,6.8,6.2,6.3,Passed,5.9
SP2021,SP2021-class 18,25,1905AEJIGE,,5.8,5.8,5.5,Passed,4.8
SP2021,SP2021-class 18,26,1905AEAJBG,,6.5,4.6,5.7,Passed,6.4
SP2021,SP2021-class 18,27,1905AEAJBF,,7,8.4,7.8,Passed,7.8
SP2021,SP2021-class 18,28,1905AEAJBI,,7.3,7.6,7.2,Passed,6.8
SP2021,SP2021-class 18,29,1905AEAJCA,,0,0,0.4,Attendance Fail,1.5
SP2021,SP2021-class 18,30,1905AEAJCJ,,5.8,6.8,7,Passed,8.6
SP2021,SP2021-class 19,1,1905AEAAJB,,7.8,7.2,7.8,Passed,8.8
SP2021,SP2021-class 19,2,1905AEAJCB,,10,5.4,7.8,Passed,8.9
SP2021,SP2021-class 19,3,1905AEAJDC,,10,8,8.6,Passed,8.1
SP2021,SP2021-class 19,4,1905AEAJDB,,7.3,5.4,6.8,Passed,8.3
SP2021,SP2021-class 19,5,1905AEAJCH,,7,4.4,5.1,Passed,4
SP2021,SP2021-class 19,6,1905AEAJCF,,7.5,0,3.9,Not Passed,5.7
SP2021,SP2021-class 19,7,1905AEAJDF,,8.5,7.4,7.8,Passed,7.6
SP2021,SP2021-class 19,8,1905AEAJEF,,6.8,5.8,6.6,Passed,7.6
SP2021,SP2021-class 19,9,1905AEAJED,,7.5,8.2,8.1,Passed,8.4
SP2021,SP2021-class 19,10,1905AEAJEC,,9.5,6.8,8.2,Passed,8.6
SP2021,SP2021-class 19,11,1905AEAJEG,,9.3,4.2,6.4,Passed,6.5
SP2021,SP2021-class 19,12,1905AEAJFJ,,7.3,4.6,6.4,Passed,7.8
SP2021,SP2021-class 19,13,1905AEAJFE,,7.5,7.2,7.4,Passed,7.5
SP2021,SP2021-class 19,14,1905AEAJFD,,9.5,8,8.9,Passed,9.6
SP2021,SP2021-class 19,15,1905AEAJFH,,7.5,7,7.3,Passed,7.5
SP2021,SP2021-class 19,16,1905AEAJFF,,7.3,6,6.9,Passed,7.9
SP2021,SP2021-class 19,17,1905AEAJGC,,0,0,0.5,Attendance Fail,1.5
SP2021,SP2021-class 19,18,1905AEAJGB,,4.8,0,2.1,Attendance Fail,2.2
SP2021,SP2021-class 19,19,1905AEAJGA,,7.3,6.4,7.5,Passed,9.1
SP2021,SP2021-class 19,20,1905AEAJGD,,10,8.6,9.2,Passed,9.2
SP2021,SP2021-class 19,21,1905AEAJGE,,10,5.6,7.4,Passed,7.3
SP2021,SP2021-class 19,22,1905AEAJHH,,7.5,6.4,7.1,Passed,7.8
SP2021,SP2021-class 19,23,1905AEAJHG,,10,5,7.9,Passed,9.8
SP2021,SP2021-class 19,24,1905AEAJHF,,7.3,7.2,7.3,Passed,7.4
SP2021,SP2021-class 19,25,1905AEAJGH,,7,4.2,6.4,Passed,8.6
SP2021,SP2021-class 19,26,1905AEAJGG,,7.5,5.4,7.1,Passed,8.9
SP2021,SP2021-class 19,27,1905AEAAJA,,9,7.8,8.7,Passed,9.5
SP2021,SP2021-class 19,28,1905AEAAJH,,6.3,7.2,6.8,Passed,6.9
SP2021,SP2021-class 19,29,1905AEAAJF,,6.3,4.6,5.6,Passed,6.2
SP2021,SP2021-class 19,30,1905AEAAAI,,6.8,7,7,Passed,7.3
SP2021,SP2021-class 20,1,1905AEACIF,,10,8.4,8.8,Passed,8
SP2021,SP2021-class 20,2,1905AEJFGC,,6,6.4,5.7,Passed,4.4
SP2021,SP2021-class 20,3,1905AEAEJG,,9,7.4,8.1,Passed,8.1
SP2021,SP2021-class 20,4,1905AFAFIB,,5,8.4,6.8,Passed,6.3
SP2021,SP2021-class 20,5,1905AEAAAG,,10,6.8,7.3,Passed,5.3
SP2021,SP2021-class 20,6,1905AEAAAF,,7,6.8,6.4,Passed,5.1
SP2021,SP2021-class 20,7,1905AEAABE,,5,7,6.9,Passed,8.8
SP2021,SP2021-class 20,8,1905AEAABI,,7,7.6,6.7,Passed,5.3
SP2021,SP2021-class 20,9,1905AEAACF,,7,6.6,6.4,Passed,5.6
SP2021,SP2021-class 20,10,1905AEAACE,,3,5,4.8,Not Passed,6.4
SP2021,SP2021-class 20,11,1905AEAACA,,7,6.4,6.7,Passed,6.8
SP2021,SP2021-class 20,12,1905AEAADC,,7,7.6,6.9,Passed,6
SP2021,SP2021-class 20,13,1905AEAADB,,6,8.6,7.1,Passed,6.1
SP2021,SP2021-class 20,14,1905AEAADD,,8,4.6,5.9,Passed,5.6
SP2021,SP2021-class 20,15,1905AEAADI,,7,6.8,6.7,Passed,6.1
SP2021,SP2021-class 20,16,1905AEAADG,,5,4.8,5.5,Passed,7
SP2021,SP2021-class 20,17,1905AEAADE,,5,0,2.2,Attendance Fail,2.3
SP2021,SP2021-class 20,18,1905AEAAEC,,7,4.6,5.4,Passed,4.8
SP2021,SP2021-class 20,19,1905AEAAEB,,6,7.8,7,Passed,6.9
SP2021,SP2021-class 20,20,1905AEAAFJ,,6,8.8,7.1,Passed,5.9
SP2021,SP2021-class 20,21,1905AEAAEI,,6,6.4,6.3,Passed,6.3
SP2021,SP2021-class 20,22,1905AEAAEF,,6,7,6.4,Passed,6.1
SP2021,SP2021-class 20,23,1905AEAAFH,,7,6,6.3,Passed,6.1
SP2021,SP2021-class 20,24,1905AEAAFF,,5,5.6,6.2,Passed,8.2
SP2021,SP2021-class 20,25,1905AEAAFG,,8,8.6,8.1,Passed,7.6
SP2021,SP2021-class 20,26,1905AEAAGJ,,8,7,6.9,Passed,5.8
SP2021,SP2021-class 20,27,1905AEAAGC,,7,7.2,7,Passed,6.7
SP2021,SP2021-class 20,28,1905AEAAGG,,5,7.6,6.6,Passed,6.9
SP2021,SP2021-class 20,29,1905AEAAGI,,7,7.8,7.2,Passed,6.7
SP2021,SP2021-class 20,30,1905AEAAHD,,5,6,6.2,Passed,7.8
SP2021,SP2021-class 21,1,1905AEAEBB,,3,8.4,6.7,Passed,8
SP2021,SP2021-class 21,2,1905ACJGAG,,0,0,0,Attendance Fail,0
SP2021,SP2021-class 21,3,1919ADJCIH,,0,0,0,Attendance Fail,0
SP2021,SP2021-class 21,4,1905AEABHI,,8,5.6,7.1,Passed,8.4
SP2021,SP2021-class 21,5,1905AEABEA,,9,8.8,8.9,Passed,8.9
SP2021,SP2021-class 21,6,1905AEABJD,,3,8.2,6.5,Passed,7.7
SP2021,SP2021-class 21,7,1905AEABGJ,,3,6.2,6,Passed,8.7
SP2021,SP2021-class 21,8,1905AEABDG,,10,7.4,8.6,Passed,8.9
SP2021,SP2021-class 21,9,1905AEABAI,,3,7.2,6.3,Passed,8.4
SP2021,SP2021-class 21,10,1919AEJEGH,,0,0,0.8,Not Passed,2.8
SP2021,SP2021-class 21,11,1905AEABBD,,8,8.8,8.7,Passed,9.3
SP2021,SP2021-class 21,12,1905AEABFB,,10,7,8.3,Passed,8.2
SP2021,SP2021-class 21,13,1905AEABAB,,10,9.2,9.3,Passed,8.9
SP2021,SP2021-class 21,14,1905AEABGF,,8,6.6,7.4,Passed,7.7
SP2021,SP2021-class 21,15,1905AFAIDB,,10,9,9.4,Passed,9.2
SP2021,SP2021-class 21,16,1905AEABBG,,6,7.2,7.2,Passed,8.4
SP2021,SP2021-class 21,17,1905AEABFG,,10,8.2,8.1,Passed,6.2
SP2021,SP2021-class 21,18,1905AEABEB,,10,8.6,8.9,Passed,8.1
SP2021,SP2021-class 21,19,1905AEABBF,,10,7.6,8.7,Passed,8.8
SP2021,SP2021-class 21,20,1905AEABEH,,6,6.4,6.6,Passed,7.4
SP2021,SP2021-class 21,21,1905AEAAIE,,6,8.4,7.8,Passed,8.8
SP2021,SP2021-class 21,22,1905AEABGB,,10,8.2,9.2,Passed,9.6
SP2021,SP2021-class 21,23,1905AEABDH,,3,5.4,5.7,Passed,8.7
SP2021,SP2021-class 21,24,1905AEABDB,,3,4.4,5.2,Passed,8.3
SP2021,SP2021-class 21,25,1905AEABCB,,3,8,6.7,Passed,8.6
SP2021,SP2021-class 21,26,1905AEABBB,,5,6.6,6.3,Passed,7.1
SP2021,SP2021-class 21,27,1905AEAAHF,,3,8.2,6.5,Passed,7.6
SP2021,SP2021-class 21,28,1905AEAAHE,,6.5,5.8,6.6,Passed,7.7
SP2021,SP2021-class 21,29,1905AEABCD,,6,9.6,8.3,Passed,9
SP2021,SP2021-class 22,1,1905AEACCC,,8,8.4,8.5,Passed,9
SP2021,SP2021-class 22,2,1905AEACAJ,,0,0,0.3,Attendance Fail,1
SP2021,SP2021-class 22,3,1905AEACHB,,7,6.4,7.1,Passed,8.3
SP2021,SP2021-class 22,4,1905AEAEJH,,7.5,7,7.5,Passed,8.3
SP2021,SP2021-class 22,5,1905AEACHF,,7,4.2,5.9,Passed,7.1
SP2021,SP2021-class 22,6,1905AEACGA,,7,4,5.9,Passed,7.4
SP2021,SP2021-class 22,7,1905ADJEDD,,7.5,7.2,7.8,Passed,8.8
SP2021,SP2021-class 22,8,1905AFADHI,,7,8.4,7.7,Passed,7.6
SP2021,SP2021-class 22,9,1905AEACJB,,7.5,7,7.6,Passed,8.4
SP2021,SP2021-class 22,10,1905AEACHA,,7,5.6,6.9,Passed,8.4
SP2021,SP2021-class 22,11,1905AEACBC,,7.5,5.4,7,Passed,8.6
SP2021,SP2021-class 22,12,1905AEACBG,,7,5.2,6.5,Passed,7.8
SP2021,SP2021-class 22,13,1905AEACGI,,7,4.4,6.2,Passed,7.9
SP2021,SP2021-class 22,14,1905AEABIA,,7.5,5.6,7.2,Passed,8.9
SP2021,SP2021-class 22,15,1905AEACEE,,7,5.6,6.9,Passed,8.5
SP2021,SP2021-class 22,16,1905AEACFF,,7,5.6,6.6,Passed,7.6
SP2021,SP2021-class 22,17,1905ACJEBE,,0,0,0.6,Attendance Fail,2
SP2021,SP2021-class 22,18,1905AEACFB,,8,5,6.6,Passed,7.4
SP2021,SP2021-class 22,19,1905AEABIB,,7,5.8,6.9,Passed,8.1
SP2021,SP2021-class 22,20,1905AEACBF,,6.5,5,6.2,Passed,7.4
SP2021,SP2021-class 22,21,1905AEABIG,,8,8.6,8.2,Passed,7.8
SP2021,SP2021-class 22,22,1905AEACDA,,7.5,8.6,8,Passed,7.6
SP2021,SP2021-class 22,23,1905AEACCA,,7,4.6,6.4,Passed,8.3
SP2021,SP2021-class 22,24,1905AEACGJ,,7.5,6.4,7.3,Passed,8.3
SP2021,SP2021-class 22,25,1905AEACGE,,7.5,5.6,6.7,Passed,7.4
SP2021,SP2021-class 22,26,1905AEACJF,,7.5,8.4,8.2,Passed,8.6
SP2021,SP2021-class 22,27,1905AEACAH,,6.5,5.8,6,Passed,5.8
SP2021,SP2021-class 22,28,1905ADJBJA,,7,7.2,7.4,Passed,8
SP2021,SP2021-class 22,29,1905AEACGF,,7,5.2,6.6,Passed,8.1
SP2021,SP2021-class 22,30,1905AEACGG,,7,8.2,7.9,Passed,8.3
SP2021,SP2021-class 23,1,1905AEADDB,,7,7.2,7.4,Passed,8.2
SP2021,SP2021-class 23,2,1905AEADJB,,8.8,7.6,7.8,Passed,7
SP2021,SP2021-class 23,3,1905AEJJFC,,10,8.6,8.8,Passed,7.8
SP2021,SP2021-class 23,4,1905AEACIG,,7.5,6.8,7.3,Passed,7.9
SP2021,SP2021-class 23,5,1905AEACID,,8,5.6,7.2,Passed,8.5
SP2021,SP2021-class 23,6,1905AEADDG,,6.5,5.2,6.7,Passed,8.8
SP2021,SP2021-class 23,7,1905AEADBG,,6.8,4.4,6.2,Passed,8.2
SP2021,SP2021-class 23,8,1905AEADBB,,8.3,5,6.8,Passed,7.8
SP2021,SP2021-class 23,9,1905ACJCJH,,0,0,0,Attendance Fail,0
SP2021,SP2021-class 23,10,1905AEADBH,,7.8,4,6.4,Passed,8.3
SP2021,SP2021-class 23,11,1905AEADJJ,,8.8,7.6,8.1,Passed,8.1
SP2021,SP2021-class 23,12,1905AEADAH,,6.8,5.6,6.6,Passed,7.7
SP2021,SP2021-class 23,13,1905AEADBA,,0,0,0,Attendance Fail,0
SP2021,SP2021-class 23,14,1905AEADBI,,8.8,7,8,Passed,8.6
SP2021,SP2021-class 23,15,1905AEADBF,,6.8,8,7.6,Passed,7.9
SP2021,SP2021-class 23,16,1905AEADDA,,4.8,5.2,5.8,Passed,7.7
SP2021,SP2021-class 23,17,1905AFADDC,,8.5,9.6,9,Passed,8.6
SP2021,SP2021-class 23,18,1905AEADDF,,8,7.4,8,Passed,8.9
SP2021,SP2021-class 23,19,1905AEACIA,,9.5,8.2,8.5,Passed,8.1
SP2021,SP2021-class 23,20,1905AEADCD,,2.5,0,1,Not Passed,0.9
SP2021,SP2021-class 23,21,1905AEADCB,,7.8,5.2,6.9,Passed,8.2
SP2021,SP2021-class 23,22,1905AEADCF,,8.3,7,8.1,Passed,9.3
SP2021,SP2021-class 23,23,1905AEADCH,,7.5,4.6,6.5,Passed,8.1
SP2021,SP2021-class 23,24,1905AEADJH,,8.5,5.8,7.7,Passed,9.4
SP2021,SP2021-class 23,25,1905AEACHG,,6.3,7.8,7.6,Passed,8.7
SP2021,SP2021-class 23,26,1905AEACIJ,,8.3,7.8,8,Passed,8.1
SP2021,SP2021-class 23,27,1905AEADCG,,8,6.4,7.4,Passed,8
SP2021,SP2021-class 24,1,1905AEADIB,,8.5,8.4,7.7,Passed,6
SP2021,SP2021-class 24,2,1905AEADGD,,10,7.6,9,Passed,9.8
SP2021,SP2021-class 24,3,1905AEADIE,,8,8,8.2,Passed,8.8
SP2021,SP2021-class 24,4,1905AEABJE,,7,0,4,Not Passed,6.3
SP2021,SP2021-class 24,5,1905AEAEAG,,8,5,7.3,Passed,9.5
SP2021,SP2021-class 24,6,1905AEACHD,,10,4.6,5.2,Passed,1.3
SP2021,SP2021-class 24,7,1905AEADEE,,0,0,3,Not Passed,10
SP2021,SP2021-class 24,8,1905AEADGF,,9.5,6,7.4,Passed,7
SP2021,SP2021-class 24,9,1905AEAEAE,,9,5.6,7.5,Passed,8.5
SP2021,SP2021-class 24,10,1905AEADEI,,7,6.4,6.2,Passed,5
SP2021,SP2021-class 24,11,1905AEADID,,8.5,7.4,7.7,Passed,7.3
SP2021,SP2021-class 24,12,1905AEADFH,,8,6.2,7.9,Passed,10
SP2021,SP2021-class 24,13,1905AEADGI,,7,6.4,7.3,Passed,8.8
SP2021,SP2021-class 24,14,1905AEAEJE,,0,0,1.5,Attendance Fail,5
SP2021,SP2021-class 24,15,1905AEADFB,,5,3.8,5.3,Not Passed,7.5
SP2021,SP2021-class 24,16,1905AEAEAA,,8,4.6,5.7,Passed,4.8
SP2021,SP2021-class 24,17,1905AEADHE,,8,4,6.7,Passed,9
SP2021,SP2021-class 24,18,1905AFAEFG,,5,7.8,6.8,Passed,7.3
SP2021,SP2021-class 24,19,1905AEADFG,,8,4.4,5.9,Passed,5.8
SP2021,SP2021-class 24,20,1905AEAEJC,,8,4.8,6.1,Passed,6
SP2021,SP2021-class 24,21,1905AFAEJA,,9.5,6,7.8,Passed,8.5
SP2021,SP2021-class 24,22,1905AFJCGB,,7,8.2,7.8,Passed,8
SP2021,SP2021-class 24,23,1905AEAEJA,,8.5,5.2,7.6,Passed,9.8
SP2021,SP2021-class 24,24,1905AEADHJ,,8.5,8,8.8,Passed,10
SP2021,SP2021-class 24,25,1905AEADFJ,,7.5,5.2,7,Passed,8.8
SP2021,SP2021-class 24,26,1905AEADHA,,10,4.6,7.5,Passed,8.8
SP2021,SP2021-class 24,27,1905AEADGA,,5,4.8,5.2,Passed,6
SP2021,SP2021-class 24,28,1905AEADGJ,,7.5,4,6.4,Passed,8.5
SP2021,SP2021-class 24,29,1905AEAEAI,,10,8,8.8,Passed,8.5
SP2021,SP2021-class 24,30,1905AEADIC,,9,4.8,6.5,Passed,6.4
SP2021,SP2021-class 25,1,1905AFJADE,,10,8.8,9.3,Passed,9.4
SP2021,SP2021-class 25,2,1905AFJABG,,10,9.2,9.4,Passed,9
SP2021,SP2021-class 25,3,1905AFJAHF,,10,9.4,9.1,Passed,7.8
SP2021,SP2021-class 25,4,1905AFJAGE,,10,8.6,9.3,Passed,9.6
SP2021,SP2021-class 25,5,1905AFJJIH,,10,8.6,9.4,Passed,10
SP2021,SP2021-class 25,6,1905AFJABF,,5,9.2,8,Passed,9.4
SP2021,SP2021-class 25,7,1905AFJJEJ,,10,7.2,8.8,Passed,9.6
SP2021,SP2021-class 25,8,1905AFJAGD,,10,7,8.5,Passed,8.9
SP2021,SP2021-class 25,9,1905AFJJCD,,10,9,9.5,Passed,9.5
SP2021,SP2021-class 25,10,1905AFJJDF,,10,9.8,9.9,Passed,9.9
SP2021,SP2021-class 25,11,1905AFJJHI,,10,7.8,9,Passed,9.4
SP2021,SP2021-class 25,12,1905AFJAEA,,10,6.2,8.1,Passed,8.7
SP2021,SP2021-class 25,13,1905AFJAJH,,10,8.4,9.2,Passed,9.5
SP2021,SP2021-class 25,14,1905AFJJBF,,10,9.6,9.6,Passed,9.1
SP2021,SP2021-class 25,15,1905AFJAFI,,10,8.6,9.4,Passed,10
SP2021,SP2021-class 25,16,1905AEABHC,,5,6.4,6.7,Passed,8.8
SP2021,SP2021-class 25,17,1905AFJAGJ,,8,7,8,Passed,9.4
SP2021,SP2021-class 25,18,1905AFJABJ,,10,8.4,9.1,Passed,9
SP2021,SP2021-class 25,19,1905AFJAAH,,9,7.2,7.7,Passed,6.9
SP2021,SP2021-class 25,20,1905AFJAHB,,10,8.8,9.3,Passed,9.4
SP2021,SP2021-class 25,21,1905AFJJGI,,0,0,1.9,Not Passed,6.4
SP2021,SP2021-class 25,22,1905AFJACE,,8,5,7,Passed,8.6
SP2021,SP2021-class 25,23,1905AFJAGA,,10,9,9.4,Passed,9.4
SP2021,SP2021-class 25,24,1905AFJJCG,,10,8.8,9.3,Passed,9.3
SP2021,SP2021-class 25,25,1905AFJAFF,,10,7.8,9,Passed,9.7
SP2021,SP2021-class 25,26,1905AFJAAA,,3,7.8,6.6,Passed,8.6
SP2021,SP2021-class 25,27,1905AFJJGF,,7.5,9.2,8.7,Passed,9.3
SP2021,SP2021-class 25,28,1905AFJAHI,,10,8.4,9,Passed,8.8
SP2021,SP2021-class 25,29,1905AFJAFA,,10,8.4,9.1,Passed,9
SP2021,SP2021-class 25,30,1905AFJADF,,10,8.4,9.2,Passed,9.4
SP2021,SP2021-class 26,1,1905AFJBIF,,6.3,9.6,8.5,Passed,9.3
SP2021,SP2021-class 26,2,1905AFJCHC,,4.8,8.2,6.2,Passed,4.8
SP2021,SP2021-class 26,3,1905AFADDG,,8,8.2,7.1,Passed,4.6
SP2021,SP2021-class 26,4,1905AFJDCE,,8,7,7.4,Passed,7.5
SP2021,SP2021-class 26,5,1905AFJBBF,,5.3,5.8,5.4,Passed,5.1
SP2021,SP2021-class 26,6,1905AFJGFB,,2.8,6.8,4.8,Not Passed,4.1
SP2021,SP2021-class 26,7,1905AFJBBG,,8.8,8.6,8.8,Passed,9
SP2021,SP2021-class 26,8,1905AFJBGJ,,7.3,9.4,8.5,Passed,8.5
SP2021,SP2021-class 26,9,1905AFJBDF,,4.5,5.4,5.9,Passed,8
SP2021,SP2021-class 26,10,1905AFJGFI,,6,7.4,7.3,Passed,8.4
SP2021,SP2021-class 26,11,1905AFJBBA,,10,9.2,9.4,Passed,9
SP2021,SP2021-class 26,12,1905AFJAII,,10,9.4,9.5,Passed,9
SP2021,SP2021-class 26,13,1905AFJDEC,,8.8,5.8,7.1,Passed,7.3
SP2021,SP2021-class 26,14,1905ADJCIA,,5,5.8,5.2,Passed,4.8
SP2021,SP2021-class 26,15,1905AFJGFF,,6.8,0,3,Not Passed,3.4
SP2021,SP2021-class 26,16,1905AFJCGJ,,5.5,6.6,6,Passed,5.7
SP2021,SP2021-class 26,17,1905AFJBDI,,7.8,5.8,6.7,Passed,6.8
SP2021,SP2021-class 26,18,1905AFJDFG,,5,7.2,6.7,Passed,7.8
SP2021,SP2021-class 26,19,1905AFJEBA,,5.3,6,5.5,Passed,5
SP2021,SP2021-class 26,20,1905AFJDHF,,4.8,9,7.7,Passed,9
SP2021,SP2021-class 26,21,1905AFJDJD,,5.8,5.8,5.7,Passed,5.6
SP2021,SP2021-class 26,22,1905AFJCJB,,5.3,7.4,6.2,Passed,5.7
SP2021,SP2021-class 26,23,1905AFJBJH,,5,7.2,6.7,Passed,7.8
SP2021,SP2021-class 26,24,1905AFJCCE,,10,9.2,8.5,Passed,6.1
SP2021,SP2021-class 26,25,1905AFJBGH,,5,7.2,6.8,Passed,8.1
SP2021,SP2021-class 26,26,1905AFJBCB,,6.5,6.8,7,Passed,7.9
SP2021,SP2021-class 26,27,1905AFJFEJ,,8.8,7.6,8.5,Passed,9.4
SP2021,SP2021-class 26,28,1905AFAJGE,,7,6.4,7,Passed,7.8
SP2021,SP2021-class 26,29,1905AFJEAH,,5.8,9,7.9,Passed,8.7
SP2021,SP2021-class 26,30,1905AFJAIG,,9.3,8.8,9,Passed,8.9
SP2021,SP2021-class 27,1,1905AFJHBI,,7.5,0,3.4,Not Passed,3.8
SP2021,SP2021-class 27,2,1905AFJHDD,,7.3,6,6.7,Passed,7.1
SP2021,SP2021-class 27,3,1905AFJHCA,,9,5.8,7.2,Passed,7.2
SP2021,SP2021-class 27,4,1905AFJIAA,,7,6.2,6.6,Passed,6.9
SP2021,SP2021-class 27,5,1905AFJHCE,,10,6.2,7.6,Passed,7
SP2021,SP2021-class 27,6,1905AFJGHH,,0,0,0.4,Attendance Fail,1.3
SP2021,SP2021-class 27,7,1905ADAAEH,,6,5,5.6,Passed,6.1
SP2021,SP2021-class 27,8,1905AFADDA,,7,7.6,6.5,Passed,4.4
SP2021,SP2021-class 27,9,1905AFJHHC,,5.5,5,5.3,Passed,5.5
SP2021,SP2021-class 27,10,1905AFJIEC,,5.8,7,5.8,Passed,4.3
SP2021,SP2021-class 27,11,1905AFJHFG,,10,9,9.2,Passed,8.8
SP2021,SP2021-class 27,12,1905AFJGHI,,6.8,6.6,6.3,Passed,5.5
SP2021,SP2021-class 27,13,1905AFJHFA,,10,7.8,8.6,Passed,8.1
SP2021,SP2021-class 27,14,1905AFJHBC,,5.5,7.8,6.7,Passed,6.3
SP2021,SP2021-class 27,15,1905AFJIAC,,10,7.6,8.4,Passed,8
SP2021,SP2021-class 27,16,1905AFJHIF,,6.8,9.6,7.7,Passed,6.2
SP2021,SP2021-class 27,17,1905AFJIJI,,7.8,6.4,7.1,Passed,7.4
SP2021,SP2021-class 27,18,1905AFJHFE,,7.3,5,6.4,Passed,7.4
SP2021,SP2021-class 27,19,1905AFJIHE,,3.5,6,5.2,Passed,5.9
SP2021,SP2021-class 27,20,1905AFJHFF,,8.3,5.8,7,Passed,7.5
SP2021,SP2021-class 27,21,1905AFJGHG,,7.5,7,6.9,Passed,6.1
SP2021,SP2021-class 27,22,1905AFJGIG,,4.3,5.8,6.2,Passed,8.7
SP2021,SP2021-class 27,23,1905AFJHCH,,5.5,6.4,6.4,Passed,7.4
SP2021,SP2021-class 27,24,1905ADJHJG,,5.8,5.8,5,Passed,3.3
SP2021,SP2021-class 27,25,1905AFJGHF,,7,6.6,5.7,Passed,3.3
SP2021,SP2021-class 27,26,1905AFJIDG,,8.3,7.8,7.1,Passed,5.1
SP2021,SP2021-class 27,27,1905AFJHJH,,7.5,7.2,7.2,Passed,6.8
SP2021,SP2021-class 27,28,1905AFJIHA,,6.5,5.6,6.2,Passed,6.7
SP2021,SP2021-class 27,29,1905AFJICF,,6.8,5.8,6,Passed,5.4
SP2021,SP2021-class 27,30,1905AFJIBD,,8.8,8.6,8.5,Passed,8.3
SP2021,SP2021-class 28,1,1905AFAACH,,4,6.2,5.9,Passed,7.5
SP2021,SP2021-class 28,2,1905AFAJHI,,1,5.8,3.9,Not Passed,4.1
SP2021,SP2021-class 28,3,1905AFAAAE,,3,8.8,6.4,Passed,6.7
SP2021,SP2021-class 28,4,1905AFAJJB,,10,9.8,9.5,Passed,8.5
SP2021,SP2021-class 28,5,1905AFAJFB,,4,7.6,6.5,Passed,7.4
SP2021,SP2021-class 28,6,1905AFAABH,,3,6.2,5.7,Passed,7.9
SP2021,SP2021-class 28,7,1905AFAJBF,,6,8.6,7.6,Passed,7.7
SP2021,SP2021-class 28,8,1905AFAABC,,3,7,5.6,Passed,6.3
SP2021,SP2021-class 28,9,1905AFAJAD,,4,8.8,6.9,Passed,7.2
SP2021,SP2021-class 28,10,1905AFAJCJ,,10,7.2,8.2,Passed,7.7
SP2021,SP2021-class 28,11,1905AFAADA,,3,6.4,5.1,Passed,5.4
SP2021,SP2021-class 28,12,1905AFAAJB,,3,7.8,5.8,Passed,6
SP2021,SP2021-class 28,13,1905AFAABE,,2,8.2,5.7,Passed,5.9
SP2021,SP2021-class 28,14,1905AFAACF,,1,9.4,5.9,Passed,6
SP2021,SP2021-class 28,15,1905AFAACC,,4,5.8,5.2,Passed,5.6
SP2021,SP2021-class 28,16,1905AFAAJH,,3,8.6,6.6,Passed,7.4
SP2021,SP2021-class 28,17,1905AFJGIJ,,8,6.6,6.9,Passed,6.1
SP2021,SP2021-class 28,18,1905AFJIHG,,8,8.2,7.8,Passed,7.1
SP2021,SP2021-class 28,19,1905AFAABD,,3,6.6,5.4,Passed,6.1
SP2021,SP2021-class 28,20,1905AFAAAG,,4,5.8,5,Passed,4.9
SP2021,SP2021-class 28,21,1905AFAJEC,,3,8,5.8,Passed,5.7
SP2021,SP2021-class 28,22,1905AFJIHH,,4,6.6,5.7,Passed,6.1
SP2021,SP2021-class 28,23,1905AFAJBC,,5,6.6,5.9,Passed,5.8
SP2021,SP2021-class 28,24,1905AFAJHB,,1,8.6,5.7,Passed,6.5
SP2021,SP2021-class 28,25,1905AFAABG,,4,6.6,5.6,Passed,5.7
SP2021,SP2021-class 28,26,1905AFJIIB,,6,8.6,7.6,Passed,7.7
SP2021,SP2021-class 28,27,1905AFAAJF,,1,9,5.3,Passed,4.8
SP2021,SP2021-class 28,28,1905AFAJAI,,5,7.6,6,Passed,4.9
SP2021,SP2021-class 28,29,1905AFJIIA,,4,5.6,5.3,Passed,6.3
SP2021,SP2021-class 28,30,1905AFAACE,,3,9,6.4,Passed,6.5
SP2021,SP2021-class 29,1,1905AFAADD,,6,7.8,7.5,Passed,8.5
SP2021,SP2021-class 29,2,1905AFABHG,,2,0,2.8,Not Passed,7.3
SP2021,SP2021-class 29,3,1905AFABDB,,4,7.4,6.4,Passed,7.5
SP2021,SP2021-class 29,4,1905AFABGH,,7,5.8,6.7,Passed,7.6
SP2021,SP2021-class 29,5,1905AFABJH,,0,0,0,Not Passed,0
SP2021,SP2021-class 29,6,1905AFABID,,6,6.6,6.8,Passed,7.9
SP2021,SP2021-class 29,7,1905AEAEBD,,6,6.4,6.9,Passed,8.5
SP2021,SP2021-class 29,8,1905AFAAEB,,10,7.2,8.5,Passed,8.6
SP2021,SP2021-class 29,9,1905AFAAGC,,8,7.4,7.8,Passed,8.3
SP2021,SP2021-class 29,10,1905AFABBJ,,10,8.6,9,Passed,8.6
SP2021,SP2021-class 29,11,1905AFABHI,,9,6,7.8,Passed,9
SP2021,SP2021-class 29,12,1905AFAAGA,,8,8.6,8.4,Passed,8.5
SP2021,SP2021-class 29,13,1905AFAAGG,,2,6.6,5.5,Passed,7.4
SP2021,SP2021-class 29,14,1905AFABDI,,10,7.4,8.5,Passed,8.4
SP2021,SP2021-class 29,15,1905AFABAI,,4,5,5.6,Passed,7.9
SP2021,SP2021-class 29,16,1905AFABHC,,8,7,7.6,Passed,8.1
SP2021,SP2021-class 29,17,1905AFJIGD,,2,7.6,5.8,Passed,7.3
SP2021,SP2021-class 29,18,1905AFAAID,,10,6.6,8.3,Passed,8.9
SP2021,SP2021-class 29,19,1905AFAAHG,,10,8.8,9.1,Passed,8.8
SP2021,SP2021-class 29,20,1905AFABIC,,8,7.4,7.8,Passed,8
SP2021,SP2021-class 29,21,1905AFABFF,,6,8.2,7.4,Passed,7.9
SP2021,SP2021-class 29,22,1905AFAADE,,8,6.6,7.4,Passed,7.9
SP2021,SP2021-class 29,23,1905AFAADC,,8,9.4,8.7,Passed,8.6
SP2021,SP2021-class 29,24,1905AFABED,,8,7.6,8,Passed,8.4
SP2021,SP2021-class 29,25,1905AFABBD,,10,8,8.7,Passed,8.4
SP2021,SP2021-class 29,26,1905AFABJD,,10,8,8.8,Passed,8.8
SP2021,SP2021-class 29,27,1905AFABBB,,10,9,9.3,Passed,9
SP2021,SP2021-class 29,28,1905AFABEJ,,0,0,0,Not Passed,0
SP2021,SP2021-class 29,29,1905AFABAH,,10,6.8,8.3,Passed,8.5
SP2021,SP2021-class 30,1,1905AFADAB,,9.8,8.6,9.1,Passed,9.1
SP2021,SP2021-class 30,2,1905AFADAJ,,7.5,7.2,7.7,Passed,8.5
SP2021,SP2021-class 30,3,1905AFADJC,,7,6.8,7,Passed,7.3
SP2021,SP2021-class 30,4,1905AFADBI,,6.5,9,8.1,Passed,8.5
SP2021,SP2021-class 30,5,1905AFADDE,,6,9.2,7.8,Passed,7.7
SP2021,SP2021-class 30,6,1905AFACBD,,7,9.2,8.4,Passed,8.6
SP2021,SP2021-class 30,7,1905AFADEI,,5.8,7,6.9,Passed,7.8
SP2021,SP2021-class 30,8,1905AFADBB,,9.3,9.6,9.2,Passed,8.8
SP2021,SP2021-class 30,9,1905AFADAI,,8.3,8.2,8.3,Passed,8.5
SP2021,SP2021-class 30,10,1905AFACGE,,8,8,7.8,Passed,7.4
SP2021,SP2021-class 30,11,1905AFADGG,,5.5,6.4,6.4,Passed,7.2
SP2021,SP2021-class 30,12,1905AFADJB,,7.8,4,6.3,Passed,7.8
SP2021,SP2021-class 30,13,1905AFABIG,,7.5,8.6,8.2,Passed,8.4
SP2021,SP2021-class 30,14,1905AFACBC,,6.8,8,7.7,Passed,8.1
SP2021,SP2021-class 30,15,1905AFAAEF,,6.3,5.2,6.2,Passed,7.6
SP2021,SP2021-class 30,16,1905AFADJH,,0,0,0.6,Attendance Fail,1.9
SP2021,SP2021-class 30,17,1905AFADCG,,1,8,5.7,Passed,7.3
SP2021,SP2021-class 30,18,1905AFACAB,,5.5,6.4,6.7,Passed,8.4
SP2021,SP2021-class 30,19,1905AFADHJ,,5.5,5.8,6.4,Passed,8
SP2021,SP2021-class 30,20,1905AFACBJ,,7.8,7.2,7.5,Passed,7.7
SP2021,SP2021-class 30,21,1905AFAHHG,,9.3,6.6,8,Passed,8.5
SP2021,SP2021-class 30,22,1905AFACJG,,8.3,6.2,7.4,Passed,8.3
SP2021,SP2021-class 30,23,1905AFADBJ,,7.5,7.2,7.6,Passed,8.1
SP2021,SP2021-class 30,24,1905AFADEB,,3.3,5.8,5.5,Passed,7.3
SP2021,SP2021-class 30,25,1905AFACIG,,6.3,7.2,7.3,Passed,8.5
SP2021,SP2021-class 30,26,1905AFACBF,,10,8.4,9,Passed,8.9
SP2021,SP2021-class 30,27,1905AFACII,,5.5,5.2,6.2,Passed,8.1
SP2021,SP2021-class 30,28,1905AFACIF,,10,8.6,9.1,Passed,9
SP2021,SP2021-class 31,1,1905AFAFEJ,,0,0,0.6,Attendance Fail,2
SP2021,SP2021-class 31,2,1905AFAEED,,8,9,8.7,Passed,9.1
SP2021,SP2021-class 31,3,1905AFADIB,,8,7.4,7.8,Passed,8.1
SP2021,SP2021-class 31,4,1905AFADHD,,8,6.8,7.5,Passed,7.9
SP2021,SP2021-class 31,5,1905AFADHB,,3.5,0,1.1,Attendance Fail,0
SP2021,SP2021-class 31,6,1905AFAEFD,,8,7.6,7.8,Passed,8
SP2021,SP2021-class 31,7,1905AFAFJB,,7.5,0,4.4,Not Passed,7.3
SP2021,SP2021-class 31,8,1905AFAFHB,,7.5,6.2,7,Passed,7.5
SP2021,SP2021-class 31,9,1905AFAFAH,,7.5,4.2,6.3,Passed,7.9
SP2021,SP2021-class 31,10,1905AFAFJC,,8,7.2,7.7,Passed,8.1
SP2021,SP2021-class 31,11,1905AFADIG,,8,7.2,7.9,Passed,8.6
SP2021,SP2021-class 31,12,1905AFAFBH,,8,4.6,6.4,Passed,7.3
SP2021,SP2021-class 31,13,1905AFAEIH,,7.5,5.4,7,Passed,8.6
SP2021,SP2021-class 31,14,1905AFAEDE,,8,7.2,7.5,Passed,7.4
SP2021,SP2021-class 31,15,1905AFAFCE,,7,0,4.2,Not Passed,7
SP2021,SP2021-class 31,16,1905AFAEAD,,7.3,6.2,7.1,Passed,8
SP2021,SP2021-class 31,17,1905AFAEDB,,8,0,4.7,Not Passed,7.8
SP2021,SP2021-class 31,18,1905AFAFDB,,8,5.8,7,Passed,7.6
SP2021,SP2021-class 31,19,1905AFAEBI,,8,6.2,7.2,Passed,7.8
SP2021,SP2021-class 31,20,1905AFAEGD,,8,5.2,7.1,Passed,8.8
SP2021,SP2021-class 31,21,1905AFAEFJ,,7,6,6.9,Passed,8
SP2021,SP2021-class 31,22,1905AFAECI,,8,7.2,7.8,Passed,8.4
SP2021,SP2021-class 31,23,1905AFAEFI,,7.5,8.6,8.2,Passed,8.5
SP2021,SP2021-class 31,24,1905AFAFDF,,7.8,4.2,6.3,Passed,7.6
SP2021,SP2021-class 31,25,1905AFAEJB,,8,8.4,8.4,Passed,8.9
SP2021,SP2021-class 31,26,1905AFAECJ,,7,0,3.9,Not Passed,6
SP2021,SP2021-class 31,27,1905AFAFDD,,7.3,5.8,6.9,Passed,8.1
SP2021,SP2021-class 31,28,1905AFAFIE,,8,6,7.3,Passed,8.3
SP2021,SP2021-class 31,29,1905AFAEFC,,7.5,7.4,7.6,Passed,8.1
SP2021,SP2021-class 31,30,1905AEADGE,,0,0,0.7,Attendance Fail,2.4
SP2021,SP2021-class 32,1,1905AFAGDJ,,9,6,6.7,Passed,5.4
SP2021,SP2021-class 32,2,1905AFBJCC,,3,8,5.6,Passed,5.2
SP2021,SP2021-class 32,3,1905AFAGJG,,8,9,8.1,Passed,7.1
SP2021,SP2021-class 32,4,1905AFAHIE,,10,5.4,7.2,Passed,6.8
SP2021,SP2021-class 32,5,1905AFAGEH,,10,7,7.7,Passed,6.3
SP2021,SP2021-class 32,6,1905AFAIJA,,10,8.8,8.3,Passed,6
SP2021,SP2021-class 32,7,1905AFAGBE,,8,7.4,7.1,Passed,5.9
SP2021,SP2021-class 32,8,1905AFAHFF,,2,0,1.8,Attendance Fail,3.9
SP2021,SP2021-class 32,9,1905AFAHAC,,6,8.6,7.4,Passed,7.3
SP2021,SP2021-class 32,10,1905AFBABF,,0,0,0.5,Attendance Fail,1.8
SP2021,SP2021-class 32,11,1905AFAGEA,,10,8.4,8.4,Passed,6.8
SP2021,SP2021-class 32,12,1905AFAGJD,,6,5.4,4.8,Not Passed,2.8
SP2021,SP2021-class 32,13,1905AFAHAG,,8,8.8,8.3,Passed,8
SP2021,SP2021-class 32,14,1905AFAGHE,,7,8.2,7.4,Passed,6.9
SP2021,SP2021-class 32,15,1905AFAGDC,,10,0,3.6,Attendance Fail,2
SP2021,SP2021-class 32,16,1905AFAGHI,,9,0,3.9,Not Passed,4
SP2021,SP2021-class 32,17,1905AFAFIH,,6,7,6.1,Passed,5
SP2021,SP2021-class 32,18,1905AFBJFE,,4,5.8,5,Passed,4.9
SP2021,SP2021-class 32,19,1905AFBJBJ,,8,5.4,6.5,Passed,6.4
SP2021,SP2021-class 32,20,1905AFADFG,,0,0,0.3,Attendance Fail,1
SP2021,SP2021-class 32,21,1905AFAHIH,,8,8,7.9,Passed,7.6
SP2021,SP2021-class 32,22,1905AFAHBH,,4,0,2.8,Not Passed,5.2
SP2021,SP2021-class 32,23,1905AFAEGF,,4,5,4.5,Not Passed,4.4
SP2021,SP2021-class 32,24,1905AFAGAD,,10,6.8,7.3,Passed,5.3
SP2021,SP2021-class 32,25,1905AFAHFG,,7,6.6,6.5,Passed,5.9
SP2021,SP2021-class 32,26,1905AFAGJI,,5,0,2.8,Attendance Fail,4.3
SP2021,SP2021-class 32,27,1905AFAHID,,5,6.2,6,Passed,6.8
SP2022,SP2022-class 1,1,1905AEJAJF,,0,0,0.8,Attendance Fail,2.7
SP2022,SP2022-class 1,2,1905AFJHIA,,7.3,7.4,7,Passed,6.1
SP2022,SP2022-class 1,3,1905AFJAHG,,6.8,8.6,7.8,Passed,7.9
SP2022,SP2022-class 1,4,1905AFJDIA,,7.5,8,7.4,Passed,6.6
SP2022,SP2022-class 1,5,1905AFJDAJ,,0,0,0.2,Not Passed,0.8
SP2022,SP2022-class 1,6,1905AFJAFH,,7.5,7,7.2,Passed,7.1
SP2022,SP2022-class 1,7,1905AFJCFB,,6.8,6,6.2,Passed,5.8
SP2022,SP2022-class 1,8,1905AEJGEB,,0,0,0.2,Attendance Fail,0.5
SP2022,SP2022-class 1,9,1905AFJEDA,,5,0,3.2,Not Passed,5.6
SP2022,SP2022-class 1,10,1905AFJHHE,,6.8,5.8,6.5,Passed,7.2
SP2022,SP2022-class 1,11,1905AGAIIJ,,7.5,8.4,7.9,Passed,7.7
SP2022,SP2022-class 1,12,1905AFAJGG,,6.5,5.8,6.5,Passed,7.6
SP2022,SP2022-class 1,13,1905AFJJDA,,7.3,6.6,6.9,Passed,7
SP2022,SP2022-class 1,14,1905AGAGDH,,7.5,7.2,7.3,Passed,7.3
SP2022,SP2022-class 1,15,1905AFAJCD,,7.3,4.2,6.2,Passed,7.8
SP2022,SP2022-class 1,16,1905AFAJEH,,7,7.8,7.7,Passed,8.1
SP2022,SP2022-class 1,17,1905AFAJCF,,7.5,8.4,7.9,Passed,7.8
SP2022,SP2022-class 1,18,1905AFJDCD,,7.3,7.8,7.7,Passed,8.1
SP2022,SP2022-class 1,19,1905AFAGBI,,5.5,6.2,5.6,Passed,5.1
SP2022,SP2022-class 1,20,1905AFAJJE,,7.3,6.6,7,Passed,7.3
SP2022,SP2022-class 1,21,1905AFJIGB,,8,9,8.5,Passed,8.2
SP2022,SP2022-class 1,22,1905AFJDDI,,7.5,8.2,7.8,Passed,7.5
SP2022,SP2022-class 1,23,1905AFJJFI,,7.5,8.8,8.1,Passed,7.9
SP2022,SP2022-class 1,24,1905AFJECA,,7.5,7.2,7.4,Passed,7.5
SP2022,SP2022-class 1,25,1905AFJEED,,7,8.2,7.4,Passed,6.8
SP2022,SP2022-class 1,26,1905AFJICA,,7.3,9,7.7,Passed,6.4
SP2022,SP2022-class 1,27,1905AFJJED,,7.5,8.2,7.5,Passed,6.4
SP2022,SP2022-class 1,28,1905AFJDBH,,7.5,4.6,6.1,Passed,6.8
SP2022,SP2022-class 1,29,1905AGAGDG,,7.5,6.4,6.9,Passed,6.9
SP2022,SP2022-class 2,1,1905AGBCGB,,3,9.2,7.3,Passed,9
SP2022,SP2022-class 2,2,1905AFAFAE,,3,5.6,5.8,Passed,9
SP2022,SP2022-class 2,3,1905ADJGJJ,,3,4,5.2,Passed,9
SP2022,SP2022-class 2,4,1905AFAAHE,,3,8.8,7.1,Passed,9
SP2022,SP2022-class 2,5,1905AGJBGJ,,1.5,7.2,6,Passed,9
SP2022,SP2022-class 2,6,1905AGCFEA,,6.5,6.2,7.1,Passed,9
SP2022,SP2022-class 2,7,1905AGAJFB,,5.5,8.4,7.7,Passed,9
SP2022,SP2022-class 2,8,1905AFJEEF,,3,4.4,5.4,Passed,9
SP2022,SP2022-class 2,9,1905AFAIHH,,3.5,9.2,7.4,Passed,9
SP2022,SP2022-class 2,10,1905AFBJHJ,,3,9.2,7.3,Passed,9
SP2022,SP2022-class 2,11,1905AFACGG,,3,6.6,6.2,Passed,9
SP2022,SP2022-class 2,12,1905AFAEBE,,3,6.6,6.2,Passed,9
SP2022,SP2022-class 2,13,1905AFAFGB,,3,5,5.6,Passed,9
SP2022,SP2022-class 2,14,1905AGJCJG,,5,5.2,6.3,Passed,9
SP2022,SP2022-class 2,15,1905AGJBJI,,3,7.4,6.6,Passed,9
SP2022,SP2022-class 2,16,1905AFJAAD,,0,0,0,Attendance Fail,0
SP2022,SP2022-class 2,17,1905AFBAJD,,3,6.4,6.2,Passed,9
SP2022,SP2022-class 2,18,1905AFAAGI,,3,0,3.6,Not Passed,9
SP2022,SP2022-class 2,19,1905AGJJEF,,10,9,9.6,Passed,10
SP2022,SP2022-class 2,20,1905AGCBIJ,,3,8,6.8,Passed,9
SP2022,SP2022-class 2,21,1905AFJJHB,,6,9,8.1,Passed,9
SP2022,SP2022-class 2,22,1905AGJCEJ,,0,0,0,Not Passed,0
SP2022,SP2022-class 2,23,1905AGJEEG,,3,6.6,6.2,Passed,9
SP2022,SP2022-class 2,24,1905AGJDDE,,3,7.4,6.6,Passed,9
SP2022,SP2022-class 2,25,1905AGCFDG,,0,0,0,Not Passed,0
SP2022,SP2022-class 3,1,1905AFACGI,,8.5,5.8,7.3,Passed,8.2
SP2022,SP2022-class 3,2,1905AFAJIF,,8.5,7.8,8.3,Passed,8.9
SP2022,SP2022-class 3,3,1905AFAGEC,,8.5,8.2,8.5,Passed,8.8
SP2022,SP2022-class 3,4,1905AGJCHH,,8.5,8.6,8.7,Passed,9.2
SP2022,SP2022-class 3,5,1905AFBJBF,,8.5,7.8,8.4,Passed,9.1
SP2022,SP2022-class 3,6,1905AFAAEA,,8.5,4.8,7.1,Passed,8.8
SP2022,SP2022-class 3,7,1905AFBJIA,,8.5,6.2,7.8,Passed,9.2
SP2022,SP2022-class 3,8,1905AFBJIC,,8.5,8.6,8.7,Passed,9.1
SP2022,SP2022-class 3,9,1905AFAEEJ,,8.5,0,4.6,Not Passed,6.8
SP2022,SP2022-class 3,10,1905AFAHDI,,8.5,5.2,7.3,Passed,8.9
SP2022,SP2022-class 3,11,1905AFBAID,,8.5,6.4,7.8,Passed,9
SP2022,SP2022-class 3,12,1905AFABAD,,8.5,4.6,7,Passed,8.7
SP2022,SP2022-class 3,13,1905AGCCHB,,8.5,5.4,7.3,Passed,8.5
SP2022,SP2022-class 3,14,1905AFAAGD,,8.5,7.6,8.3,Passed,8.9
SP2022,SP2022-class 3,15,1905AFBAEH,,8.5,6.4,7.5,Passed,8.1
SP2022,SP2022-class 3,16,1905AFAAJA,,8.5,7.2,8,Passed,8.7
SP2022,SP2022-class 3,17,1905AEACBE,,8.5,5.8,7.2,Passed,7.9
SP2022,SP2022-class 3,18,1905AFAIFJ,,8.5,8.6,8.6,Passed,8.8
SP2022,SP2022-class 3,19,1905AFAAJC,,8.5,6.6,8,Passed,9.2
SP2022,SP2022-class 3,20,1905AFAHJI,,8.5,6.6,7.9,Passed,9.2
SP2022,SP2022-class 3,21,1905AFABCE,,8.5,8.6,8.6,Passed,8.8
SP2022,SP2022-class 3,22,1905AFADCB,,8.5,6.2,7.8,Passed,9.1
SP2022,SP2022-class 3,23,1905AFAEEH,,0,0,0.2,Attendance Fail,0.5
SP2022,SP2022-class 3,24,1905AFJJEE,,8.5,6.6,7.4,Passed,7.5
SP2022,SP2022-class 3,25,1905AFAFCF,,8.5,5.2,7.4,Passed,9.1
SP2022,SP2022-class 4,1,1905AGACHF,,8.5,9,8.9,Passed,9.1
SP2022,SP2022-class 4,2,1905AGABCJ,,8.3,8,8.3,Passed,8.9
SP2022,SP2022-class 4,3,1905AGABIB,,9,6.6,7.7,Passed,7.8
SP2022,SP2022-class 4,4,1905AGAAGG,,8.5,8.8,8.5,Passed,8.1
SP2022,SP2022-class 4,5,1905AGACDJ,,5.5,5.8,6.1,Passed,7.3
SP2022,SP2022-class 4,6,1905AGACCH,,8.3,8.4,8.2,Passed,7.8
SP2022,SP2022-class 4,7,1905AGAGGJ,,7.8,4.4,6.3,Passed,7.5
SP2022,SP2022-class 4,8,1905AGAJBF,,8.3,6.8,7.7,Passed,8.3
SP2022,SP2022-class 4,9,1905AGCDHG,,8,9.4,8.5,Passed,7.8
SP2022,SP2022-class 4,10,1905AGACGH,,5.5,4,5.2,Passed,6.4
SP2022,SP2022-class 4,11,1905AGAJHG,,8.5,9.4,8.9,Passed,8.8
SP2022,SP2022-class 4,12,1905AGAGJI,,9,6.8,7.7,Passed,7.8
SP2022,SP2022-class 4,13,1905AGAHAD,,8.8,8.6,8.2,Passed,7.3
SP2022,SP2022-class 4,14,1905AGAGJC,,8.8,8,8.1,Passed,7.5
SP2022,SP2022-class 4,15,1905AGACHG,,8.5,5.8,7.4,Passed,8.5
SP2022,SP2022-class 4,16,1905AGAJGJ,,8.5,5,6.8,Passed,7.4
SP2022,SP2022-class 4,17,1905AGAJBE,,8.3,8.6,8.2,Passed,7.6
SP2022,SP2022-class 4,18,1905AGADGF,,8.8,5.4,7.1,Passed,7.6
SP2022,SP2022-class 4,19,1905AGACHE,,8.5,8.6,8.2,Passed,7.5
SP2022,SP2022-class 4,20,1905AGAIAI,,9,5.8,7.3,Passed,7.8
SP2022,SP2022-class 4,21,1905AGAAIJ,,8.5,9,8.6,Passed,8.3
SP2022,SP2022-class 4,22,1905AFJCAC,,8,7.6,8.1,Passed,8.8
SP2022,SP2022-class 4,23,1905AGACGG,,0,0,1,Attendance Fail,3.3
SP2022,SP2022-class 4,24,1905AGAIEA,,8.5,5.2,7,Passed,7.8
SP2022,SP2022-class 4,25,1905AGACED,,8.3,9.2,9,Passed,9.5
SP2022,SP2022-class 4,26,1905ADJEFD,,8,6.6,7.4,Passed,7.9
SP2022,SP2022-class 4,27,1905AGAHFA,,8.3,5.4,6.8,Passed,7.3
SP2022,SP2022-class 4,28,1905AGABEG,,6,6.2,6.4,Passed,7
SP2022,SP2022-class 4,29,1905AGADDI,,6,6,6.2,Passed,6.6
SP2022,SP2022-class 4,30,1905AGAABE,,7.5,7.2,7.5,Passed,7.8
SP2022,SP2022-class 5,1,1905AGBIII,,9.3,9.4,9,Passed,8.3
SP2022,SP2022-class 5,2,1905AGBHAF,,8.8,6,7.5,Passed,8.3
SP2022,SP2022-class 5,3,1905AGCBEG,,7.3,0,3.7,Not Passed,5
SP2022,SP2022-class 5,4,1905AGCJGD,,9,6.4,7.7,Passed,8
SP2022,SP2022-class 5,5,1905AGCJEC,,9,6.6,7.8,Passed,8.3
SP2022,SP2022-class 5,6,1905AGBHGG,,8.8,9.2,8.7,Passed,8
SP2022,SP2022-class 5,7,1905AGBJDG,,9,5.8,7.3,Passed,7.5
SP2022,SP2022-class 5,8,1905AGBBCF,,8.8,8.2,8.3,Passed,8
SP2022,SP2022-class 5,9,1905AGBFDG,,9.5,8.4,8.6,Passed,8
SP2022,SP2022-class 5,10,1905AGAAHI,,8.3,5,6.9,Passed,8
SP2022,SP2022-class 5,11,1905AGCJHJ,,9,8.8,8.7,Passed,8.3
SP2022,SP2022-class 5,12,1905AGBCGJ,,9,6.2,7.4,Passed,7.5
SP2022,SP2022-class 5,13,1905AGCCCI,,8.8,4.8,7,Passed,8.3
SP2022,SP2022-class 5,14,1905AGCCEB,,8.5,6.2,7.2,Passed,7.3
SP2022,SP2022-class 5,15,1905AGBCBE,,9,6.8,7.7,Passed,7.5
SP2022,SP2022-class 5,16,1905AGBCDG,,9,9.4,8.8,Passed,7.8
SP2022,SP2022-class 5,17,1905AGBFBI,,8.8,5.2,7,Passed,7.5
SP2022,SP2022-class 5,18,1905AGBBBG,,9,6.4,7.7,Passed,8.3
SP2022,SP2022-class 5,19,1905AGBCFI,,9,5,7.2,Passed,8.3
SP2022,SP2022-class 5,20,1905AGBIDB,,9.5,9.6,9.2,Passed,8.5
SP2022,SP2022-class 5,21,1905AGBBFC,,9,4,6.8,Passed,8.3
SP2022,SP2022-class 5,22,1905AGBIFG,,9,8.8,8.5,Passed,7.5
SP2022,SP2022-class 5,23,1905AGCEJF,,9,7.6,8.2,Passed,8.3
SP2022,SP2022-class 5,24,1905AGCJAD,,8.8,5.4,7.2,Passed,8
SP2022,SP2022-class 5,25,1905AGBHDJ,,8.5,4,6.6,Passed,8.3
SP2022,SP2022-class 5,26,1905AGCEGG,,9.3,7,8.1,Passed,8.5
SP2022,SP2022-class 5,27,1905AGBDAG,,9,5.6,7.4,Passed,8.3
SP2022,SP2022-class 6,1,1905AGBBII,,9,8.8,8.9,Passed,9
SP2022,SP2022-class 6,2,1905AGJJCI,,7,5.8,6.5,Passed,7
SP2022,SP2022-class 6,3,1905AFJDBF,,9,6,7.8,Passed,9
SP2022,SP2022-class 6,4,1901ACJJEB,,9,6.4,8,Passed,9
SP2022,SP2022-class 6,5,1919AFJJFJ,,9,7.2,7.9,Passed,7.8
SP2022,SP2022-class 6,6,1919AEJECE,,9,4,7,Passed,9
SP2022,SP2022-class 6,7,1905AEADJD,,8,0,4.8,Not Passed,8
SP2022,SP2022-class 6,8,1919AFJCDG,,9,7.4,8,Passed,7.8
SP2022,SP2022-class 6,9,1919AFJCGF,,8,4.2,6.5,Passed,8
SP2022,SP2022-class 6,10,1905AGJEGI,,9,5,7.1,Passed,8
SP2022,SP2022-class 6,11,1919AGJDCH,,9,7,7.8,Passed,7.8
SP2022,SP2022-class 6,12,1905AEJIBJ,,9,6.8,7.8,Passed,8
SP2022,SP2022-class 6,13,1905AFAEFH,,8,6.4,7.4,Passed,8
SP2022,SP2022-class 6,14,1905AGAJHE,,9,7.6,8.4,Passed,9
SP2022,SP2022-class 6,15,1905AFAEHC,,9,7.6,8.4,Passed,9
SP2022,SP2022-class 6,16,1905AFJIDJ,,9,5.8,7.3,Passed,7.8
SP2022,SP2022-class 6,17,1905AGBDEG,,9,7,8.2,Passed,9
SP2022,SP2022-class 6,18,1905AFBAHI,,8,5.2,6.6,Passed,7
SP2022,SP2022-class 6,19,1919AFJFEC,,8,7.8,7.6,Passed,7
SP2022,SP2022-class 6,20,1905AFJCBJ,,9,9.2,9.1,Passed,9
SP2022,SP2022-class 6,21,1905AFAFFH,,9,6.2,7.6,Passed,8
SP2022,SP2022-class 6,22,1905AEAAAD,,8,4,6.4,Passed,8
SP2022,SP2022-class 6,23,1905AFBJED,,8,7.4,7.5,Passed,7
SP2022,SP2022-class 6,24,1905AGJACJ,,9,7.6,8.4,Passed,9
SP2022,SP2022-class 6,25,1901AFJADH,,9,6.4,7.7,Passed,8
SP2022,SP2022-class 6,26,1905AGCCHE,,9,7,7.8,Passed,7.8
SP2022,SP2022-class 6,27,1905ACJEGB,,8,6,7.2,Passed,8
SP2022,SP2022-class 6,28,1905AFJFCC,,9,6,7.8,Passed,9
SP2022,SP2022-class 6,29,1905FADCJ,,0,0,0,Attendance Fail,0
SP2022,SP2022-class 7,1,1905AGJEAA,,9,4.8,6.8,Passed,7.3
SP2022,SP2022-class 7,2,1905AFBJBB,,9,8,8,Passed,7
SP2022,SP2022-class 7,3,1905AGJDCI,,8,8.8,8.2,Passed,7.6
SP2022,SP2022-class 7,4,1905AGJDDG,,9,8.2,8.3,Passed,7.6
SP2022,SP2022-class 7,5,1905AGJJGJ,,8,6,6.7,Passed,6.4
SP2022,SP2022-class 7,6,1905AFAHDA,,9,6,7.3,Passed,7.3
SP2022,SP2022-class 7,7,1905AGAAAD,,9,9,8.6,Passed,7.5
SP2022,SP2022-class 7,8,1905AGJABB,,9,9.4,9,Passed,8.4
SP2022,SP2022-class 7,9,1905AGJEJD,,9,6.6,7.6,Passed,7.4
SP2022,SP2022-class 7,10,1905AFAJGI,,9,8.6,8.3,Passed,7.3
SP2022,SP2022-class 7,11,1905AFJACA,,9,5.8,6.4,Passed,4.8
SP2022,SP2022-class 7,12,1905AGAJFG,,9,7.8,8,Passed,7.4
SP2022,SP2022-class 7,13,1905AGJEGH,,9,7.4,7.8,Passed,7
SP2022,SP2022-class 7,14,1905AGJEJB,,7,6.8,7.2,Passed,7.9
SP2022,SP2022-class 7,15,1905AGJJHE,,5.5,6.2,6.5,Passed,7.8
SP2022,SP2022-class 7,16,1905AFJEEJ,,9,4.4,6.3,Passed,6.1
SP2022,SP2022-class 7,17,1905AGJDJJ,,9,7.6,8.2,Passed,8.3
SP2022,SP2022-class 7,18,1905AFJEHJ,,9,4,6.5,Passed,7.3
SP2022,SP2022-class 7,19,1905AFBJAF,,9,6.8,7.6,Passed,7.3
SP2022,SP2022-class 7,20,1905AGJJEG,,6.5,7.6,7.4,Passed,7.9
SP2022,SP2022-class 7,21,1905AGJAIF,,6.5,5.4,6.4,Passed,7.5
SP2022,SP2022-class 7,22,1905AFJFEB,,0,0,0.7,Attendance Fail,2.3
SP2022,SP2022-class 7,23,1905AFJEIJ,,9,6.8,7.4,Passed,6.8
SP2022,SP2022-class 7,24,1905AGJBGD,,9,6.4,7.5,Passed,7.4
SP2022,SP2022-class 7,25,1905AGJCFG,,7,5.6,6.6,Passed,7.6
SP2022,SP2022-class 7,26,1905AFBABI,,9,4.2,6.6,Passed,7.5
SP2022,SP2022-class 7,27,1905AGJEFB,,5,6,5.7,Passed,6
SP2022,SP2022-class 7,28,1905AFAIEJ,,9,5.4,7,Passed,7.1
SP2022,SP2022-class 8,1,1905AGAABG,,6,0,4.1,Not Passed,7.6
SP2022,SP2022-class 8,2,1905AGADIB,,8,4.2,6.6,Passed,8.4
SP2022,SP2022-class 8,3,1905AGABGD,,8.5,7,7.7,Passed,7.9
SP2022,SP2022-class 8,4,1905AGAHEI,,9,7,7.5,Passed,6.8
SP2022,SP2022-class 8,5,1905AGAECB,,8,5.2,6.6,Passed,7
SP2022,SP2022-class 8,6,1905AGABDG,,6,0,4.1,Not Passed,7.5
SP2022,SP2022-class 8,7,1905AGAACB,,7,5.6,6.4,Passed,7
SP2022,SP2022-class 8,8,1905AGACIF,,8.5,4.6,6.4,Passed,6.6
SP2022,SP2022-class 8,9,1905AGAECF,,6,7.4,6.9,Passed,7
SP2022,SP2022-class 8,10,1905AGACEA,,8.5,6.8,7.5,Passed,7.5
SP2022,SP2022-class 8,11,1905AGADBG,,8,8,8.2,Passed,8.5
SP2022,SP2022-class 8,12,1905AGABDH,,9,4.8,7.4,Passed,9.4
SP2022,SP2022-class 8,13,1905AGADIG,,8.5,5.8,7.3,Passed,8
SP2022,SP2022-class 8,14,1905AGAAID,,8,6.2,7,Passed,7
SP2022,SP2022-class 8,15,1905AGAAHH,,9,8,8.2,Passed,7.5
SP2022,SP2022-class 8,16,1905AGAIGD,,9,7.6,7.8,Passed,7
SP2022,SP2022-class 8,17,1905AGAAAH,,8,5.8,7,Passed,7.5
SP2022,SP2022-class 8,18,1905AGAAHJ,,0,0,0.6,Attendance Fail,2
SP2022,SP2022-class 8,19,1905AGAAIH,,9,9,8.7,Passed,8
SP2022,SP2022-class 8,20,1905AGAEEB,,8,5,6.8,Passed,7.9
SP2022,SP2022-class 8,21,1905AGADJB,,9,8,8.6,Passed,9.1
SP2022,SP2022-class 8,22,1905AGAFDC,,8,5.6,6.9,Passed,7.5
SP2022,SP2022-class 8,23,1905AGACJC,,8.5,7.6,7.8,Passed,7.3
SP2022,SP2022-class 8,24,1905AGABDB,,9,9.4,8.9,Passed,8
SP2022,SP2022-class 8,25,1905AGAGCG,,9.5,9.8,9.3,Passed,8.4
SP2022,SP2022-class 8,26,1905AGAAGD,,9,6.8,7.6,Passed,7.4
SP2022,SP2022-class 8,27,1905AGAEED,,8,6.6,7.1,Passed,7
SP2022,SP2022-class 8,28,1905AGACAF,,8,7,7.6,Passed,8
SP2022,SP2022-class 8,29,1905AGAAAF,,9,7.2,7.7,Passed,7.1
SP2022,SP2022-class 8,30,1905AGAAGB,,8.5,6.6,7.3,Passed,7
SP2022,SP2022-class 9,1,1905AGBDDH,,4,7,5.5,Passed,5
SP2022,SP2022-class 9,2,1905AGCDDJ,,8,8,7.1,Passed,5
SP2022,SP2022-class 9,3,1905AGBADF,,5,5.8,5.3,Passed,5
SP2022,SP2022-class 9,4,1905AGBIJI,,0,0,1.2,Not Passed,4
SP2022,SP2022-class 9,5,1905AGCBFJ,,8,8.2,7.2,Passed,5
SP2022,SP2022-class 9,6,1905AGBJGH,,6.5,8,6.4,Passed,4
SP2022,SP2022-class 9,7,1905AGBBEH,,6,8.2,6.6,Passed,5
SP2022,SP2022-class 9,8,1905AGCBJD,,10,7.6,7.5,Passed,5
SP2022,SP2022-class 9,9,1905AGCAJJ,,10,9.4,9.8,Passed,10
SP2022,SP2022-class 9,10,1905AGBCIC,,10,9.4,8.9,Passed,7
SP2022,SP2022-class 9,11,1905AGCEDH,,6,6.2,5.8,Passed,5
SP2022,SP2022-class 9,12,1905AGCFAD,,6.5,7.6,6.5,Passed,5
SP2022,SP2022-class 9,13,1905AGBADC,,7,8.4,6.7,Passed,4
SP2022,SP2022-class 9,14,1905AGBJJI,,9,4.8,6.1,Passed,5
SP2022,SP2022-class 9,15,1905AGCDEI,,7.5,5.8,6.7,Passed,7
SP2022,SP2022-class 9,16,1905AGBBHF,,7,7.4,6.9,Passed,6
SP2022,SP2022-class 9,17,1905AGCEJG,,7,4.8,5.8,Passed,6
SP2022,SP2022-class 9,18,1905AGBDJJ,,5.5,7.6,6.8,Passed,7
SP2022,SP2022-class 9,19,1905AGCACH,,3,7.2,5.6,Passed,6
SP2022,SP2022-class 9,20,1905AGBHIG,,6,5.4,6.1,Passed,7
SP2022,SP2022-class 9,21,1905AGBGFI,,6,5.6,5.2,Passed,4
SP2022,SP2022-class 9,22,1905AGCDDF,,8.5,9.4,7.5,Passed,4
SP2022,SP2022-class 9,23,1905AGCBFD,,10,7.8,7.9,Passed,6
SP2022,SP2022-class 9,24,1905AGBIBH,,4,7.8,5.8,Passed,5
SP2022,SP2022-class 9,25,1905AGBHFG,,7,8.6,7,Passed,5
SP2022,SP2022-class 9,26,1905AGBFBB,,7,8.2,7.8,Passed,8
SP2022,SP2022-class 9,27,1905AGBDFH,,4,6.8,5.4,Passed,5
SP2022,SP2022-class 9,28,1905AGBHFC,,7.5,8,7,Passed,5
SP2022,SP2022-class 9,29,1905AGBJIF,,7,4.6,5.1,Passed,4
SP2022,SP2022-class 9,30,1905AGCBHH,,4,6.6,5.3,Passed,5
SP2022,SP2022-class 10,1,1905AGAJAC,,9,5.4,7,Passed,7.3
SP2022,SP2022-class 10,2,1905AGBIAH,,9,0,4.7,Not Passed,6.8
SP2022,SP2022-class 10,3,1905AGCADG,,8,8.6,7.9,Passed,6.9
SP2022,SP2022-class 10,4,1905AGJJGE,,9,7,7.7,Passed,7.3
SP2022,SP2022-class 10,5,1905AGBJDI,,9,4.8,6.6,Passed,6.8
SP2022,SP2022-class 10,6,1905AGJEGJ,,8,8.4,7.8,Passed,6.8
SP2022,SP2022-class 10,7,1905AGAHJC,,9,5.6,7.1,Passed,7.1
SP2022,SP2022-class 10,8,1905AGBEEG,,9,6.8,7.6,Passed,7.4
SP2022,SP2022-class 10,9,1905AGAHDI,,9,5.8,7.3,Passed,7.6
SP2022,SP2022-class 10,10,1905AFJCCB,,9,5.6,6.8,Passed,6.3
SP2022,SP2022-class 10,11,1905AEJDBD,,0,0,0.4,Attendance Fail,1.4
SP2022,SP2022-class 10,12,1905AGAJBH,,9,9.4,9.1,Passed,8.9
SP2022,SP2022-class 10,13,1905AGAAAI,,9,6,7.3,Passed,7.4
SP2022,SP2022-class 10,14,1905AGBJFE,,5,7.6,6.9,Passed,7.8
SP2022,SP2022-class 10,15,1905AGJAFB,,8,7,7.5,Passed,7.5
SP2022,SP2022-class 10,16,1905AGCJHB,,9,8.8,8.2,Passed,6.6
SP2022,SP2022-class 10,17,1905AGACHH,,9,7.6,8.1,Passed,7.9
SP2022,SP2022-class 10,18,1905AGABJJ,,8,6,7.1,Passed,7.8
SP2022,SP2022-class 10,19,1905AGJDBC,,9,6,7.2,Passed,7
SP2022,SP2022-class 10,20,1905AGJJHG,,9,8.4,8.3,Passed,7.4
SP2022,SP2022-class 10,21,1905AGJBIC,,9,7.2,7.9,Passed,7.8
SP2022,SP2022-class 10,22,1905AGBIBB,,9,7.6,7.8,Passed,6.8
SP2022,SP2022-class 10,23,1905AGAAEB,,8,6.6,7.1,Passed,7
SP2022,SP2022-class 10,24,1905AGCFEH,,9,7,7,Passed,4.9
SP2022,SP2022-class 10,25,1905AGBJJG,,8,9,8.4,Passed,8.1
SP2022,SP2022-class 10,26,1905AGBJCF,,5,5.8,5.6,Passed,6
SP2022,SP2022-class 11,1,1905AFJHCC,,9.3,5.4,7.9,Passed,9.8
SP2022,SP2022-class 11,2,1905AFJDDG,,9,4.2,7.1,Passed,9
SP2022,SP2022-class 11,3,1905AFAJFF,,9,5.4,7,Passed,7.3
SP2022,SP2022-class 11,4,1905AFAJCE,,6,7.4,7.1,Passed,7.8
SP2022,SP2022-class 11,5,1905AFJJBE,,8,6.8,7.7,Passed,8.5
SP2022,SP2022-class 11,6,1905AFJDIH,,6,5.6,6.4,Passed,7.8
SP2022,SP2022-class 11,7,1905AFJHIG,,10,4.6,7.8,Passed,10
SP2022,SP2022-class 11,8,1905AFJBFB,,9,5.6,7.8,Passed,9.5
SP2022,SP2022-class 11,9,1905AFJAGG,,9,7.4,8.4,Passed,9
SP2022,SP2022-class 11,10,1905AFJIED,,7,7.8,7.7,Passed,8.3
SP2022,SP2022-class 11,11,1905AFJHAJ,,5,4.8,5.7,Passed,7.8
SP2022,SP2022-class 11,12,1905AFJCIC,,10,6.2,8.3,Passed,9.5
SP2022,SP2022-class 11,13,1905AFJJFC,,9,8,8.6,Passed,9
SP2022,SP2022-class 11,14,1905AFJCEB,,8.3,8.4,8.3,Passed,8.3
SP2022,SP2022-class 11,15,1905AFJCGA,,10,8.2,9.1,Passed,9.5
SP2022,SP2022-class 11,16,1905AFJDDA,,9,5.8,7.7,Passed,9
SP2022,SP2022-class 11,17,1905ADAAEC,,5,8.8,6.5,Passed,5
SP2022,SP2022-class 11,18,1905AFJFBF,,7,6.8,7.3,Passed,8.3
SP2022,SP2022-class 11,19,1905AFJAIF,,10,9.2,9.7,Passed,10
SP2022,SP2022-class 11,20,1905AFJJFF,,6,4.6,5.9,Passed,7.5
SP2022,SP2022-class 11,21,1905AFAAJJ,,8,5,6.9,Passed,8.3
SP2022,SP2022-class 11,22,1905AFJCFC,,10,6,8.3,Passed,9.5
SP2022,SP2022-class 11,23,1905AFJCCA,,9.5,8,8.8,Passed,9
SP2022,SP2022-class 11,24,1905AFJIFG,,10,5.2,7.9,Passed,9.5
SP2022,SP2022-class 12,1,1905AFAFHF,,5.5,0,3.4,Not Passed,5.8
SP2022,SP2022-class 12,2,1905AFAEJG,,8,4,6.3,Passed,7.5
SP2022,SP2022-class 12,3,1905AFAGFA,,9,7.2,7.9,Passed,7.9
SP2022,SP2022-class 12,4,1905AFADED,,10,8.2,8.8,Passed,8.4
SP2022,SP2022-class 12,5,1905AFAGEF,,9,7.8,8.2,Passed,7.9
SP2022,SP2022-class 12,6,1905AFAGIE,,9,8.4,8.5,Passed,8.1
SP2022,SP2022-class 12,7,1905AFAIGD,,8,5.4,6.9,Passed,7.8
SP2022,SP2022-class 12,8,1905AFAECA,,10,8.8,8.8,Passed,7.8
SP2022,SP2022-class 12,9,1905AFADGE,,8,0,4.8,Not Passed,8
SP2022,SP2022-class 12,10,1905AFAEEI,,0,0,2,Not Passed,6.5
SP2022,SP2022-class 12,11,1905AFAAII,,10,8.6,8.9,Passed,8.1
SP2022,SP2022-class 12,12,1905AGJDJH,,9,9.4,9.2,Passed,9
SP2022,SP2022-class 12,13,1905AFAGFC,,8.5,7,7.7,Passed,7.8
SP2022,SP2022-class 12,14,1905AFADGB,,8,5.8,6.9,Passed,7.1
SP2022,SP2022-class 12,15,1905AFBJFF,,9,7,8.1,Passed,8.5
SP2022,SP2022-class 12,16,1905AFAEEF,,7.5,4.2,6.6,Passed,8.8
SP2022,SP2022-class 12,17,1905AFABHH,,8,5.4,7,Passed,8.3
SP2022,SP2022-class 12,18,1905AFADJI,,9,6,7.5,Passed,8.1
SP2022,SP2022-class 12,19,1905AFAGDF,,8,5.6,7.1,Passed,8.1
SP2022,SP2022-class 12,20,1905AFBJEG,,9,7.8,8.4,Passed,8.8
SP2022,SP2022-class 12,21,1905AFAEDG,,9,6.2,7.8,Passed,8.6
SP2022,SP2022-class 12,22,1905AFBJFJ,,8,8,8.2,Passed,8.8
SP2022,SP2022-class 12,23,1905AFAGIG,,8.8,7.2,8,Passed,8.4
SP2022,SP2022-class 12,24,1905AFADID,,8,4.8,6.6,Passed,7.8
SP2022,SP2022-class 12,25,1905AFAFFA,,8,7.2,7.8,Passed,8.3
SP2022,SP2022-class 12,26,1905AFADHF,,0,0,0.5,Attendance Fail,1.8
SP2022,SP2022-class 12,27,1905AFAICA,,8,5,7,Passed,8.5
SP2022,SP2022-class 12,28,1905AFAEAH,,9,8.6,8.4,Passed,7.6
SP2022,SP2022-class 12,29,1905AFBJBH,,8,7.2,7.6,Passed,7.8
SP2022,SP2022-class 12,30,1905AFAIBC,,6.5,4.6,6.1,Passed,7.8
SP2022,SP2022-class 13,1,1905AGACJB,,7,4.6,6.5,Passed,8.4
SP2022,SP2022-class 13,2,1905AGAICI,,8.3,5.6,7,Passed,7.6
SP2022,SP2022-class 13,3,1905AGAFGH,,7,5.6,6.8,Passed,8.1
SP2022,SP2022-class 13,4,1905AGJBBE,,7,8.2,7.7,Passed,7.9
SP2022,SP2022-class 13,5,1905AGBDHG,,7,4.6,6.3,Passed,7.9
SP2022,SP2022-class 13,6,1905AGADEI,,7,7.2,7.4,Passed,8
SP2022,SP2022-class 13,7,1905AGAGFD,,7,5.8,7,Passed,8.5
SP2022,SP2022-class 13,8,1905AGJJBC,,7,6.4,6.9,Passed,7.5
SP2022,SP2022-class 13,9,1905AGCAHI,,3.5,0,2.7,Not Passed,5.5
SP2022,SP2022-class 13,10,1905AGAAJJ,,7.8,7.8,8,Passed,8.4
SP2022,SP2022-class 13,11,1905AGJJAE,,7,7.8,7.6,Passed,7.9
SP2022,SP2022-class 13,12,1905AGAEIB,,9,7.2,8.2,Passed,8.6
SP2022,SP2022-class 13,13,1905AGJAFE,,7,6.2,6.8,Passed,7.5
SP2022,SP2022-class 13,14,1905AGAFII,,8,9.2,8.5,Passed,8.1
SP2022,SP2022-class 13,15,1905AGAJCI,,7,7,7.4,Passed,8.3
SP2022,SP2022-class 13,16,1905AGBJCJ,,7,7.2,7.6,Passed,8.6
SP2022,SP2022-class 13,17,1905AGJJJC,,7,9.4,8.2,Passed,7.8
SP2022,SP2022-class 13,18,1905AGADBE,,0,0,0,Not Passed,0
SP2022,SP2022-class 13,19,1905AGBJIG,,7,7.6,7.7,Passed,8.6
SP2022,SP2022-class 13,20,1905AGAIEC,,7.8,7,7.6,Passed,8.4
SP2022,SP2022-class 13,21,1905AGAIBD,,7,6,7,Passed,8.3
SP2022,SP2022-class 13,22,1905AGBJGD,,7,6.2,7.1,Passed,8.3
SP2022,SP2022-class 13,23,1905AGAJJG,,7,7.8,7.7,Passed,8.4
SP2022,SP2022-class 13,24,1905AGBBEJ,,7,7.6,7.7,Passed,8.6
SP2022,SP2022-class 13,25,1905AGBBDA,,9.8,9,9.2,Passed,8.8
SP2022,SP2022-class 13,26,1905AGBGCG,,0,4.8,3.9,Not Passed,6.5
SP2022,SP2022-class 13,27,1905AGBICE,,7,8.4,8,Passed,8.5
SP2022,SP2022-class 13,28,1905AGAJFD,,7,8.8,7.5,Passed,6.4
SP2022,SP2022-class 13,29,1905AGBGEE,,7,6.8,7.1,Passed,7.6
SP2022,SP2022-class 14,1,1905AEJCHE,,5.5,0,3.7,Not Passed,6.8
SP2022,SP2022-class 14,2,1905AFJJBH,,9,7.8,8.6,Passed,9.1
SP2022,SP2022-class 14,3,1905AFJJAH,,9,6.6,8,Passed,8.9
SP2022,SP2022-class 14,4,1905AFJJAG,,9,7.2,8.2,Passed,8.8
SP2022,SP2022-class 14,5,1905AFJJBA,,9,8,8.6,Passed,8.9
SP2022,SP2022-class 14,6,1905AFJJEI,,9,7.8,8.5,Passed,8.9
SP2022,SP2022-class 14,7,1905AFJJGJ,,9,6.8,8.2,Passed,9.1
SP2022,SP2022-class 14,8,1905AFJJAC,,9.5,4.6,7.4,Passed,9
SP2022,SP2022-class 14,9,1905AEJGAF,,8,6,7.4,Passed,8.5
SP2022,SP2022-class 14,10,1905AFJJFA,,9,5.6,7.8,Passed,9.4
SP2022,SP2022-class 14,11,1905AFJJAB,,8,6.8,7.8,Passed,9
SP2022,SP2022-class 14,12,1905AFJJCA,,8,7.4,8.1,Passed,9.3
SP2022,SP2022-class 14,13,1905AFJJHA,,6,5.2,6.2,Passed,7.6
SP2022,SP2022-class 14,14,1905AFJJDJ,,9,6.4,7.7,Passed,8
SP2022,SP2022-class 14,15,1905AFADDB,,0,0,1.2,Attendance Fail,3.9
SP2022,SP2022-class 14,16,1905AFJJDD,,8,4.2,6.8,Passed,9
SP2022,SP2022-class 14,17,1905AFAHDH,,8,0,4.4,Not Passed,6.8
SP2022,SP2022-class 14,18,1905AFJJAJ,,9,8.8,9,Passed,9.1
SP2022,SP2022-class 14,19,1905AFABDF,,8,0,4.9,Not Passed,8.4
SP2022,SP2022-class 14,20,1905AFJJFB,,9.5,8.8,9.1,Passed,9.1
SP2022,SP2022-class 14,21,1905AFJBJE,,9.5,8.2,9,Passed,9.5
SP2022,SP2022-class 14,22,1905AEACFC,,0,0,1.7,Attendance Fail,5.8
SP2022,SP2022-class 14,23,1905AEJCAG,,8,6.2,7.4,Passed,8.3
SP2022,SP2022-class 14,24,1905AFJJAA,,8,6.6,7.4,Passed,8
SP2022,SP2022-class 14,25,1905AFJJAE,,9,8.4,8.5,Passed,8.3
SP2022,SP2022-class 14,26,1905AFJAFB,,9,7.8,8.6,Passed,9.3
SP2022,SP2022-class 14,27,1905AFJJDI,,8,6.6,7.8,Passed,9.3
SP2022,SP2022-class 14,28,1905AFJJGH,,9,6.8,8.1,Passed,9
SP2022,SP2022-class 14,29,1905AEJCFG,,8,5,7.1,Passed,8.9
SP2022,SP2022-class 14,30,1905AFAFJA,,8,5.8,7.2,Passed,8.4
SP2022,SP2022-class 15,1,1905AEJDAI,,0,0,0,Attendance Fail,0
SP2022,SP2022-class 15,2,1905AFJAED,,3,7.8,6.2,Passed,7.3
SP2022,SP2022-class 15,3,1905AFJBHA,,6,6.6,6.9,Passed,8.3
SP2022,SP2022-class 15,4,1905AFJBFE,,6,6.8,6.4,Passed,6.3
SP2022,SP2022-class 15,5,1905AFJBEG,,0,0,2,Not Passed,6.5
SP2022,SP2022-class 15,6,1905AFJBJJ,,7.5,0,3.8,Not Passed,5
SP2022,SP2022-class 15,7,1905ADJGEE,,7,8,6.2,Passed,3
SP2022,SP2022-class 15,8,1905ADJHFA,,7,6.6,6.1,Passed,4.5
SP2022,SP2022-class 15,9,1905AFJBDD,,6,8.4,7.6,Passed,8
SP2022,SP2022-class 15,10,1905ADJIAC,,8,7.8,6.5,Passed,3.3
SP2022,SP2022-class 15,11,1905AFJBBJ,,6.5,5.8,5.5,Passed,4.3
SP2022,SP2022-class 15,12,1905ACJAGE,,3,6.2,5,Passed,5.5
SP2022,SP2022-class 15,13,1905AFJAID,,7.5,7.6,8.1,Passed,9.3
SP2022,SP2022-class 15,14,1905AGCCIG,,6.5,5.4,6.7,Passed,8.5
SP2022,SP2022-class 15,15,1905AFJACD,,6.5,4.2,6,Passed,7.8
SP2022,SP2022-class 15,16,1905AFJBFA,,6.5,5,6.1,Passed,7
SP2022,SP2022-class 15,17,1905AFJBFG,,6,6.2,6.3,Passed,6.8
SP2022,SP2022-class 15,18,1905AEJBEF,,3,7.2,4.5,Not Passed,2.5
SP2022,SP2022-class 15,19,1905AFJBGA,,6.5,5.8,5.8,Passed,5.1
SP2022,SP2022-class 15,20,1905AFJBJF,,7.5,8.8,8.3,Passed,8.5
SP2022,SP2022-class 15,21,1905AFJAGB,,7,5.2,6.6,Passed,8
SP2022,SP2022-class 15,22,1905AFJBCG,,6.5,5.6,6.8,Passed,8.8
SP2022,SP2022-class 15,23,1905AFJBCA,,7.5,9.6,8.9,Passed,9.3
SP2022,SP2022-class 15,24,1905AFJBGI,,4.5,7.4,6.5,Passed,7.3
SP2022,SP2022-class 15,25,1905AFJBCC,,9,7.8,8.3,Passed,8.3
SP2022,SP2022-class 15,26,1905AFJBCI,,9.5,7.6,8.7,Passed,9.3
SP2022,SP2022-class 15,27,1905AFJBAG,,6.5,5,6.4,Passed,8.3
SP2022,SP2022-class 15,28,1905AFJEBB,,6,7.4,7.3,Passed,8.5
SP2022,SP2022-class 15,29,1905AFJBID,,6,4.4,5.7,Passed,7
SP2022,SP2022-class 15,30,1905AFJBFC,,5.5,5,6.1,Passed,8
SP2022,SP2022-class 16,1,1905AFJCEH,,9,7.4,7.8,Passed,7
SP2022,SP2022-class 16,2,1905AFJCDD,,5.5,0,3.3,Not Passed,5.4
SP2022,SP2022-class 16,3,1905AFJCBA,,7,6.2,6.3,Passed,5.6
SP2022,SP2022-class 16,4,1905AFJCCI,,0,0,1.5,Attendance Fail,4.9
SP2022,SP2022-class 16,5,1905AFAEEE,,7,7.2,7,Passed,6.9
SP2022,SP2022-class 16,6,1905AFJCFH,,8,4.4,6.2,Passed,6.8
SP2022,SP2022-class 16,7,1905AFJCFA,,9,7.4,7.9,Passed,7.5
SP2022,SP2022-class 16,8,1905AFJCFG,,9,9,8.6,Passed,7.8
SP2022,SP2022-class 16,9,1905AFJCJH,,5,5.6,5.9,Passed,7.3
SP2022,SP2022-class 16,10,1905AFJCJE,,7.5,7.6,7.5,Passed,7.4
SP2022,SP2022-class 16,11,1905AFJCAG,,5,7.4,6.6,Passed,7.3
SP2022,SP2022-class 16,12,1905AFJCGC,,6.5,6,6.3,Passed,6.5
SP2022,SP2022-class 16,13,1905AGADDA,,8,7.2,7.8,Passed,8.4
SP2022,SP2022-class 16,14,1905ADJCIH,,0,0,1,Attendance Fail,3.3
SP2022,SP2022-class 16,15,1905AFJCEC,,6.5,7.6,7.3,Passed,7.6
SP2022,SP2022-class 16,16,1905AFJCDG,,8,8,7.8,Passed,7.3
SP2022,SP2022-class 16,17,1905AFJCJC,,6,7.6,7.3,Passed,8.1
SP2022,SP2022-class 16,18,1905AFJCGG,,9,9.6,8.9,Passed,8
SP2022,SP2022-class 16,19,1905AFJCCJ,,7,7.6,7.4,Passed,7.5
SP2022,SP2022-class 16,20,1905AFAEGI,,7,7.4,7.1,Passed,6.8
SP2022,SP2022-class 16,21,1905AFJDBB,,8,8.2,7.8,Passed,7.1
SP2022,SP2022-class 16,22,1905AFJCBE,,7,6.6,7,Passed,7.4
SP2022,SP2022-class 16,23,1905AFJCBF,,8,4.8,6.6,Passed,7.6
SP2022,SP2022-class 16,24,1905AGJCDF,,7,6.6,7.1,Passed,7.9
SP2022,SP2022-class 16,25,1905AFJCCG,,8,7.8,7.8,Passed,7.8
SP2022,SP2022-class 16,26,1905AFJCDB,,8,5.8,6.9,Passed,7.4
SP2022,SP2022-class 16,27,1905AFJCDE,,8,6.8,7.3,Passed,7.1
SP2022,SP2022-class 16,28,1905AFJCAB,,7.5,6.6,7.2,Passed,7.8
SP2022,SP2022-class 16,29,1905AFJCAI,,7,5.8,6.7,Passed,7.6
SP2022,SP2022-class 16,30,1905AFJCFI,,7.5,8.4,7.9,Passed,7.5
SP2022,SP2022-class 17,1,1905AFJCGH,,9,5.4,6.7,Passed,6.3
SP2022,SP2022-class 17,2,1905AFJDJF,,9,7.2,7.6,Passed,6.9
SP2022,SP2022-class 17,3,1905AFJCGI,,9,5.4,6.2,Passed,4.6
SP2022,SP2022-class 17,4,1905AFJDCH,,0,0,1.8,Not Passed,5.9
SP2022,SP2022-class 17,5,1905AFJDFB,,5,0,3.4,Not Passed,6.4
SP2022,SP2022-class 17,6,1905AFJDCJ,,7,4,6,Passed,7.5
SP2022,SP2022-class 17,7,1905AFJDBC,,7,5.4,6.4,Passed,7.1
SP2022,SP2022-class 17,8,1905AFJDEI,,9,5,6.4,Passed,5.8
SP2022,SP2022-class 17,9,1905AFJDAE,,9,4.4,6.4,Passed,6.6
SP2022,SP2022-class 17,10,1905AFJDCI,,9,4.8,6.3,Passed,5.8
SP2022,SP2022-class 17,11,1905AFJDDB,,5,7.2,6.3,Passed,6.5
SP2022,SP2022-class 17,12,1905AFJDCB,,5,4.4,5.1,Passed,6.3
SP2022,SP2022-class 17,13,1905AFJDDC,,6,7.4,6.7,Passed,6.4
SP2022,SP2022-class 17,14,1905AFJCIA,,9,6.8,7.6,Passed,7.4
SP2022,SP2022-class 17,15,1905AFAAHH,,5,0,3.5,Not Passed,6.5
SP2022,SP2022-class 17,16,1905AFJCHF,,8.5,7,7.5,Passed,7
SP2022,SP2022-class 17,17,1905AFJCHG,,5,6,5.4,Passed,5.1
SP2022,SP2022-class 17,18,1905AFAAFA,,7,6.4,6.8,Passed,7
SP2022,SP2022-class 17,19,1905AFJCDJ,,9,8.2,8.2,Passed,7.3
SP2022,SP2022-class 17,20,1905AFJDJE,,9,8,7.9,Passed,6.5
SP2022,SP2022-class 17,21,1905AFJDDE,,9,5.6,7,Passed,6.8
SP2022,SP2022-class 17,22,1905AFJDDH,,9,6.6,6.8,Passed,5
SP2022,SP2022-class 17,23,1905AFJDJC,,9,7,7.5,Passed,6.6
SP2022,SP2022-class 17,24,1905AFJDDF,,7,4.4,5.7,Passed,6.3
SP2022,SP2022-class 17,25,1905AFJDEA,,9,5.4,6.9,Passed,6.8
SP2022,SP2022-class 17,26,1905AFJDCG,,9,4.6,5.8,Passed,4.1
SP2022,SP2022-class 17,27,1905AFJCIB,,9,6.4,7.4,Passed,7.1
SP2022,SP2022-class 17,28,1905AFJCID,,0,0,1.9,Not Passed,6.3
SP2022,SP2022-class 17,29,1905AFJDFC,,9,7.4,7.8,Passed,7.3
SP2022,SP2022-class 17,30,1905AFJCIE,,9,6.4,7.4,Passed,7
SP2022,SP2022-class 17,31,1905AFJDAH,,5,0,3.3,Not Passed,6.1
SP2022,SP2022-class 18,1,1905AFJEJB,,9.5,7.2,8.4,Passed,9
SP2022,SP2022-class 18,2,1905AFJDGH,,9.5,6,8,Passed,9
SP2022,SP2022-class 18,3,1905AFJEAA,,8.8,4.8,7.3,Passed,9.1
SP2022,SP2022-class 18,4,1905AFJDIF,,9.5,5.4,7.9,Passed,9.5
SP2022,SP2022-class 18,5,1905AFJDGI,,9.8,5.8,7.8,Passed,8.5
SP2022,SP2022-class 18,6,1905AFJEJC,,9.8,6.8,8.2,Passed,8.6
SP2022,SP2022-class 18,7,1905AFJEJI,,7.8,6.6,7.6,Passed,8.9
SP2022,SP2022-class 18,8,1905AFJEDH,,9.8,6.4,8.4,Passed,9.6
SP2022,SP2022-class 18,9,1905AFJEBI,,9,5,6.6,Passed,6.4
SP2022,SP2022-class 18,10,1905AFJEBD,,9.5,6.8,7.6,Passed,6.8
SP2022,SP2022-class 18,11,1905AFJDHI,,9.3,6,7.1,Passed,6.5
SP2022,SP2022-class 18,12,1905AFAEHH,,7,0,3.5,Not Passed,4.5
SP2022,SP2022-class 18,13,1905AFJEAB,,10,7.4,8.7,Passed,9.1
SP2022,SP2022-class 18,14,1905AFJEJJ,,7.8,4.4,6.9,Passed,9.4
SP2022,SP2022-class 18,15,1905AFJDHH,,7.8,5.6,7.2,Passed,8.9
SP2022,SP2022-class 18,16,1905AFJDGD,,0,0,1.4,Not Passed,4.8
SP2022,SP2022-class 18,17,1905AFJEBJ,,9.5,7.6,8.6,Passed,8.9
SP2022,SP2022-class 18,18,1905AFJDGE,,9.5,4.2,7.3,Passed,9.1
SP2022,SP2022-class 18,19,1905AFJECB,,10,5.2,7.5,Passed,8.1
SP2022,SP2022-class 18,20,1905AFJEBE,,7.5,4.6,6.6,Passed,8.3
SP2022,SP2022-class 18,21,1905AFJEJH,,7.8,7.4,8,Passed,9.1
SP2022,SP2022-class 18,22,1905AFJDHJ,,7.5,6.6,7.3,Passed,8
SP2022,SP2022-class 18,23,1905AFJEDI,,9.5,5.4,7.7,Passed,9.1
SP2022,SP2022-class 18,24,1905AFJDGA,,9.8,9.6,9.3,Passed,8.4
SP2022,SP2022-class 18,25,1905AFJDID,,9.5,7.4,8.5,Passed,9.1
SP2022,SP2022-class 18,26,1905AFJEJG,,7.8,6.4,7.7,Passed,9.3
SP2022,SP2022-class 18,27,1905AFJECD,,9.8,8.4,8.9,Passed,8.9
SP2022,SP2022-class 18,28,1905AFJEAD,,9.5,5.4,7.6,Passed,8.8
SP2022,SP2022-class 18,29,1905AFAIGH,,9.5,7.2,8.5,Passed,9.4
SP2022,SP2022-class 19,1,1905AFJEGB,,8,7.6,8.2,Passed,9.2
SP2022,SP2022-class 19,2,1905AFJEEI,,8,5.4,7.3,Passed,9.3
SP2022,SP2022-class 19,3,1905AFJFJF,,9,7,8.2,Passed,9.1
SP2022,SP2022-class 19,4,1905AFJEFE,,6.5,5.2,6.8,Passed,9.3
SP2022,SP2022-class 19,5,1905AFJEGJ,,8,5.4,7.4,Passed,9.3
SP2022,SP2022-class 19,6,1905AFJFAH,,8,4.2,6.8,Passed,9
SP2022,SP2022-class 19,7,1905AFJEFJ,,6.5,6.2,7.2,Passed,9.2
SP2022,SP2022-class 19,8,1905AFJEGG,,8,7.8,8.2,Passed,9.1
SP2022,SP2022-class 19,9,1905AFJFAI,,9,8,8.7,Passed,9.3
SP2022,SP2022-class 19,10,1905AFJCHA,,6.5,4.4,5.8,Passed,7
SP2022,SP2022-class 19,11,1905AFJFAA,,9,7,8.2,Passed,9.1
SP2022,SP2022-class 19,12,1905AFJEHA,,6.5,4.4,6.5,Passed,9.3
SP2022,SP2022-class 19,13,1905AFJEGA,,7.5,6.8,7.8,Passed,9.3
SP2022,SP2022-class 19,14,1905AFJFAC,,8,5.4,7.4,Passed,9.3
SP2022,SP2022-class 19,15,1905AFJFJH,,9,7.8,8.6,Passed,9.1
SP2022,SP2022-class 19,16,1905AFJEIA,,9,6.2,7.7,Passed,8.5
SP2022,SP2022-class 19,17,1905AFJEEG,,8,6.8,7.9,Passed,9.3
SP2022,SP2022-class 19,18,1905AFJEIH,,7,4.4,6.5,Passed,8.7
SP2022,SP2022-class 19,19,1905AFJEFG,,8,7.2,8.1,Passed,9.3
SP2022,SP2022-class 19,20,1905AFJFJJ,,7.5,5.2,7,Passed,8.8
SP2022,SP2022-class 19,21,1905AFJEFD,,9,5.4,7.6,Passed,9.2
SP2022,SP2022-class 19,22,1905AFJEGD,,7.5,7,7.8,Passed,9.3
SP2022,SP2022-class 19,23,1905AFJEHE,,9,6.4,7.4,Passed,7.3
SP2022,SP2022-class 19,24,1905AFJEIB,,9,7.6,8.2,Passed,8.2
SP2022,SP2022-class 19,25,1905AFJFAB,,9,7.2,8.3,Passed,9.1
SP2022,SP2022-class 19,26,1905AFJFJG,,10,8.4,9.1,Passed,9.2
SP2022,SP2022-class 19,27,1905AFJEFH,,8,6.4,7.8,Passed,9.3
SP2022,SP2022-class 19,28,1905AFJEIC,,9,5.4,7.4,Passed,8.6
SP2022,SP2022-class 19,29,1905AFJEII,,7,7.6,7.9,Passed,9.2
SP2022,SP2022-class 20,1,1905AFJGFE,,8.3,4.6,6.8,Passed,8.3
SP2022,SP2022-class 20,2,1905AFJFEE,,8.3,5,7,Passed,8.3
SP2022,SP2022-class 20,3,1905AFJHEA,,8.5,0,5.1,Not Passed,8.5
SP2022,SP2022-class 20,4,1905AFJHFC,,7.8,7,7.5,Passed,7.8
SP2022,SP2022-class 20,5,1905AFBJHD,,8.1,4.6,6.7,Passed,8.1
SP2022,SP2022-class 20,6,1905AFJFDI,,8.2,8.8,8.4,Passed,8.2
SP2022,SP2022-class 20,7,1905AFJGID,,7.7,7,7.4,Passed,7.7
SP2022,SP2022-class 20,8,1905AFJHAB,,7.5,4.4,6.3,Passed,7.5
SP2022,SP2022-class 20,9,1905AFJHCD,,8.8,6.4,7.8,Passed,8.8
SP2022,SP2022-class 20,10,1905AFJHAF,,3.8,0,2.3,Not Passed,3.8
SP2022,SP2022-class 20,11,1905AFJHDH,,7.7,7.4,7.6,Passed,7.7
SP2022,SP2022-class 20,12,1905AFJHBJ,,8.9,7.2,8.2,Passed,8.9
SP2022,SP2022-class 20,13,1905AFJFCB,,8.4,7.4,8,Passed,8.4
SP2022,SP2022-class 20,14,1905AFJFDG,,8.7,7.4,8.2,Passed,8.7
SP2022,SP2022-class 20,15,1905AFJHED,,8.3,6,7.4,Passed,8.3
SP2022,SP2022-class 20,16,1905AFJHDA,,7.8,4.4,6.4,Passed,7.8
SP2022,SP2022-class 20,17,1905AFJFDH,,3.5,0,2.1,Not Passed,3.5
SP2022,SP2022-class 20,18,1905AFJHFB,,8.4,8,8.2,Passed,8.4
SP2022,SP2022-class 20,19,1905AFJHGD,,9.1,6.2,7.9,Passed,9.1
SP2022,SP2022-class 20,20,1905AFJHFI,,8.6,7.4,8.1,Passed,8.6
SP2022,SP2022-class 20,21,1905AFJFDF,,8.2,6.2,7.4,Passed,8.2
SP2022,SP2022-class 20,22,1905AFJHEI,,7.8,0,4.7,Is Susspended,7.8
SP2022,SP2022-class 20,23,1905AFJFCJ,,8.8,6,7.7,Passed,8.8
SP2022,SP2022-class 20,24,1905AFJFBD,,8.8,6.8,8,Passed,8.8
SP2022,SP2022-class 20,25,1905AFAAEG,,7.4,4,6,Passed,7.4
SP2022,SP2022-class 20,26,1905AFJHCF,,8.4,7.6,8.1,Passed,8.4
SP2022,SP2022-class 21,1,1905AFJIEI,,9,7.6,8.5,Passed,9.1
SP2022,SP2022-class 21,2,1905AFAJBH,,6,0,3.8,Not Passed,6.5
SP2022,SP2022-class 21,3,1905AFJICJ,,8,4.4,6.7,Passed,8.4
SP2022,SP2022-class 21,4,1905AFJIJB,,8,0,5,Not Passed,8.6
SP2022,SP2022-class 21,5,1905AFJHHD,,8,5,6.7,Passed,7.6
SP2022,SP2022-class 21,6,1905AFJIBH,,8,6.4,7.1,Passed,7.3
SP2022,SP2022-class 21,7,1905AFJIIF,,7,4.6,6.4,Passed,8.1
SP2022,SP2022-class 21,8,1905AFJIDE,,9.5,7,8.2,Passed,8.6
SP2022,SP2022-class 21,9,1905AFJIGH,,9,6.4,7.5,Passed,7.6
SP2022,SP2022-class 21,10,1905AFJIEE,,9.5,6,7.9,Passed,8.8
SP2022,SP2022-class 21,11,1905AFJIIJ,,9,4.2,7,Passed,8.6
SP2022,SP2022-class 21,12,1905AFJHIB,,8,7.2,7.7,Passed,8
SP2022,SP2022-class 21,13,1905AFJHIC,,8,8.4,7.9,Passed,7.1
SP2022,SP2022-class 21,14,1905AFAJAC,,8.5,4.6,6.6,Passed,7.5
SP2022,SP2022-class 21,15,1905AFJIFI,,9,7,7.6,Passed,7.1
SP2022,SP2022-class 21,16,1905AFJIAD,,8,4.8,6.6,Passed,7.8
SP2022,SP2022-class 21,17,1905AFJIGA,,9,5.2,7.4,Passed,8.6
SP2022,SP2022-class 21,18,1905ADAJFA,,5.5,6.4,6.5,Passed,7.8
SP2022,SP2022-class 21,19,1905AFJIDH,,9,4.6,7.1,Passed,8.6
SP2022,SP2022-class 21,20,1905AFAJCH,,8,7.4,7.4,Passed,6.8
SP2022,SP2022-class 21,21,1905AFJIGC,,5.5,4.6,6,Passed,8.5
SP2022,SP2022-class 21,22,1905AFJICD,,9,4.2,6.7,Passed,7.8
SP2022,SP2022-class 21,23,1905AFJIEA,,9,5.6,7.6,Passed,9
SP2022,SP2022-class 21,24,1905AFAJAB,,8.5,7.2,7.7,Passed,7.5
SP2022,SP2022-class 21,25,1905AFJICE,,6,7.6,7.1,Passed,7.4
SP2022,SP2022-class 21,26,1905AFJIJG,,9,5.2,7.6,Passed,9.5
SP2022,SP2022-class 21,27,1905AFJIAI,,8,5.2,7,Passed,8.5
SP2022,SP2022-class 21,28,1905AFJIJC,,8,4.6,6.6,Passed,7.8
SP2022,SP2022-class 21,29,1905AFAJBI,,7,4.2,6.3,Passed,8.3
SP2022,SP2022-class 22,1,1905AFAAEH,,10,6.8,8.1,Passed,8
SP2022,SP2022-class 22,2,1905AFAAEE,,8,4.8,5.6,Passed,4.3
SP2022,SP2022-class 22,3,1905AFAJHJ,,10,7,8.4,Passed,8.6
SP2022,SP2022-class 22,4,1905AFAJDG,,10,8.6,9,Passed,8.6
SP2022,SP2022-class 22,5,1905AFAAEC,,10,7.6,8.5,Passed,8.2
SP2022,SP2022-class 22,6,1905AFAACD,,10,8.4,8.8,Passed,8.3
SP2022,SP2022-class 22,7,1905AFAJCI,,8,5.2,6.9,Passed,8
SP2022,SP2022-class 22,8,1905AFAAEI,,8,5.2,6.6,Passed,7
SP2022,SP2022-class 22,9,1905AFAABI,,8,4.6,6.4,Passed,7.3
SP2022,SP2022-class 22,10,1905AFAJED,,8,5.6,7,Passed,8
SP2022,SP2022-class 22,11,1905AFAJGF,,10,6.4,8.1,Passed,8.6
SP2022,SP2022-class 22,12,1905AFAJIJ,,10,6.8,7.7,Passed,6.8
SP2022,SP2022-class 22,13,1905AFAABB,,10,7,8.2,Passed,8.1
SP2022,SP2022-class 22,14,1905AFAJDF,,10,6.2,8.2,Passed,9
SP2022,SP2022-class 22,15,1905AFAJDD,,10,5.6,7.7,Passed,8.2
SP2022,SP2022-class 22,16,1905AFAAAA,,10,5.4,7.6,Passed,8
SP2022,SP2022-class 22,17,1905AFAAFB,,10,0,4.9,Not Passed,6.3
SP2022,SP2022-class 22,18,1905AFAJGC,,8,7.2,7.6,Passed,7.6
SP2022,SP2022-class 22,19,1905AFAACB,,8,5,6.7,Passed,7.7
SP2022,SP2022-class 22,20,1905AFAJDA,,10,5.6,7.8,Passed,8.4
SP2022,SP2022-class 22,21,1905AFAABF,,10,8,8.7,Passed,8.5
SP2022,SP2022-class 22,22,1905AFAJGA,,10,6.2,8.1,Passed,8.8
SP2022,SP2022-class 22,23,1905AFAJFE,,10,5.8,8,Passed,9
SP2022,SP2022-class 22,24,1905AFAJII,,10,8.2,8.8,Passed,8.4
SP2022,SP2022-class 22,25,1905AFAADB,,5,6.4,5.1,Passed,3.5
SP2022,SP2022-class 22,26,1905AFAAED,,10,7.8,8.7,Passed,8.5
SP2022,SP2022-class 22,27,1905AFAJGB,,8,4.4,6.1,Passed,6.4
SP2022,SP2022-class 22,28,1905AFAJDI,,10,6.8,8.3,Passed,8.6
SP2022,SP2022-class 23,1,1905AFABJE,,8.5,8.4,8.5,Passed,8.8
SP2022,SP2022-class 23,2,1905AFABEG,,7.5,5.6,7.1,Passed,8.8
SP2022,SP2022-class 23,3,1905AFAAHB,,6.5,0,4.6,Not Passed,8.8
SP2022,SP2022-class 23,4,1905AFACJA,,6.5,4.6,6.3,Passed,8.5
SP2022,SP2022-class 23,5,1905AFABFD,,5.5,6,6.6,Passed,8.5
SP2022,SP2022-class 23,6,1905AFABDE,,6.8,7.4,7.6,Passed,8.8
SP2022,SP2022-class 23,7,1905AFABCH,,6.5,5.2,6.6,Passed,8.5
SP2022,SP2022-class 23,8,1905AFABFC,,7.5,6.6,7.5,Passed,8.8
SP2022,SP2022-class 23,9,1905AFABDJ,,7.5,5,6.9,Passed,8.8
SP2022,SP2022-class 23,10,1905AFABIH,,4.8,5.2,6.1,Passed,8.5
SP2022,SP2022-class 23,11,1905AFACGF,,10,7.4,9,Passed,10
SP2022,SP2022-class 23,12,1905AFABCB,,5.8,6.6,6.9,Passed,8.5
SP2022,SP2022-class 23,13,1905AFACGA,,6.5,6.6,7.1,Passed,8.5
SP2022,SP2022-class 23,14,1905AFABDH,,4.5,6,6.3,Passed,8.5
SP2022,SP2022-class 23,15,1905AFABFE,,4.5,5.8,6.2,Passed,8.5
SP2022,SP2022-class 23,16,1905AFABFH,,10,7.2,8.9,Passed,10
SP2022,SP2022-class 23,17,1905AFABFJ,,4.5,7.8,7,Passed,8.5
SP2022,SP2022-class 23,18,1905AFAAHA,,7.5,6,7.3,Passed,8.8
SP2022,SP2022-class 23,19,1905ADJCBE,,9.5,5.2,7.9,Passed,10
SP2022,SP2022-class 23,20,1905AFABIF,,8.5,7.8,8.4,Passed,9
SP2022,SP2022-class 23,21,1905AFABBI,,4.5,5.6,6.1,Passed,8.5
SP2022,SP2022-class 23,22,1905AFABAJ,,6.8,4.4,6.4,Passed,8.8
SP2022,SP2022-class 23,23,1905AFABGB,,6.5,6.6,7.1,Passed,8.5
SP2022,SP2022-class 23,24,1905AFABHD,,9.5,8.2,9.1,Passed,10
SP2022,SP2022-class 23,25,1905AFABAC,,6.8,6.2,7.1,Passed,8.8
SP2022,SP2022-class 23,26,1905AFABGG,,7.8,7,7.8,Passed,8.8
SP2022,SP2022-class 23,27,1905AFACJF,,6.5,8.2,7.8,Passed,8.5
SP2022,SP2022-class 23,28,1905AFABGC,,5.5,6,6.6,Passed,8.5
SP2022,SP2022-class 23,29,1905AFABBF,,7.5,5.4,7,Passed,8.8
SP2022,SP2022-class 23,30,1905AFABJG,,6.8,7,7.5,Passed,8.8
SP2022,SP2022-class 23,31,1905AFABGJ,,4.5,6.4,6.5,Passed,8.5
SP2022,SP2022-class 24,1,1905AFADFA,,8,7.6,7.8,Passed,7.8
SP2022,SP2022-class 24,2,1905AFADDI,,6.5,5.6,6.6,Passed,7.9
SP2022,SP2022-class 24,3,1905AEJFFB,,6,9.2,7.8,Passed,7.8
SP2022,SP2022-class 24,4,1905AFAEAI,,7,0,4.5,Not Passed,8.1
SP2022,SP2022-class 24,5,1905AFADJG,,8.8,7.8,8.1,Passed,7.9
SP2022,SP2022-class 24,6,1905AFADIE,,5.5,6,6.4,Passed,7.9
SP2022,SP2022-class 24,7,1905AFAEJD,,7.8,7.2,7.6,Passed,8.1
SP2022,SP2022-class 24,8,1905AFADHH,,8,6.6,7.4,Passed,7.9
SP2022,SP2022-class 24,9,1905AFADAF,,7,5.2,6.6,Passed,8
SP2022,SP2022-class 24,10,1905AFAEAG,,8.3,5,7.1,Passed,8.8
SP2022,SP2022-class 24,11,1905AFACHJ,,9.5,8.4,8.6,Passed,8
SP2022,SP2022-class 24,12,1905AFADDF,,6.5,6,6.8,Passed,8
SP2022,SP2022-class 24,13,1905AFAGFD,,0,0,0,Attendance Fail,0
SP2022,SP2022-class 24,14,1905AFADFH,,8,5.6,7,Passed,7.8
SP2022,SP2022-class 24,15,1905AFADCF,,6.5,6.2,6.8,Passed,8
SP2022,SP2022-class 24,16,1905AFADBG,,5.5,4.4,5.7,Passed,7.5
SP2022,SP2022-class 24,17,1905AFADBA,,6,7.8,7.3,Passed,7.9
SP2022,SP2022-class 24,18,1905AFADFJ,,8,7.2,7.7,Passed,8
SP2022,SP2022-class 24,19,1905AFADJA,,9,6.6,7.9,Passed,8.4
SP2022,SP2022-class 24,20,1905AFAEAJ,,10,8,8.3,Passed,6.9
SP2022,SP2022-class 24,21,1905AFADFB,,10,8,8.8,Passed,8.8
SP2022,SP2022-class 24,22,1905AFAEBB,,9.5,5,7.2,Passed,7.9
SP2022,SP2022-class 24,23,1905AFADHC,,7,6,6.7,Passed,7.3
SP2022,SP2022-class 24,24,1905AFADHG,,8,7.2,7.6,Passed,7.6
SP2022,SP2022-class 24,25,1905AFADIF,,8,4.4,6.6,Passed,8.1
SP2022,SP2022-class 24,26,1905AFADBF,,7,3.8,6,Not Passed,8
SP2022,SP2022-class 24,27,1905AFADBD,,9,6.4,7.7,Passed,8
SP2022,SP2022-class 24,28,1905AFADAD,,8.5,8.2,8.2,Passed,8
SP2022,SP2022-class 24,29,1905AFAEBD,,0,0,0,Attendance Fail,0
SP2022,SP2022-class 24,30,1905AFADGA,,9.8,8.4,9,Passed,9.1
SP2022,SP2022-class 24,31,1905AFAEJI,,0,0,0.6,Attendance Fail,2
SP2022,SP2022-class 25,1,1905AFAEHI,,9,6.8,7.2,Passed,5.9
SP2022,SP2022-class 25,2,1905AFAECB,,7,8,7.5,Passed,7.4
SP2022,SP2022-class 25,3,1905AFAFJE,,9,5.2,5.9,Passed,3.8
SP2022,SP2022-class 25,4,1905AFAFFB,,9,6.2,7.1,Passed,6.5
SP2022,SP2022-class 25,5,1905AFAEEG,,7,9,7.8,Passed,7
SP2022,SP2022-class 25,6,1905AFAEIE,,9,5.8,6.9,Passed,6.1
SP2022,SP2022-class 25,7,1905AFAFJD,,0,0,1.5,Not Passed,5
SP2022,SP2022-class 25,8,1905AFAFEH,,9,8,7.9,Passed,6.6
SP2022,SP2022-class 25,9,1905ACJBDH,,8,6.4,7,Passed,6.9
SP2022,SP2022-class 25,10,1905AFAEGH,,6,5.8,5.8,Passed,5.8
SP2022,SP2022-class 25,11,1905AFAEID,,7,7.4,7,Passed,6.4
SP2022,SP2022-class 25,12,1905AFAFBI,,9,4.8,6.6,Passed,6.8
SP2022,SP2022-class 25,13,1905AFAEFF,,6.5,5.8,6.1,Passed,6.1
SP2022,SP2022-class 25,14,1905AFAFBF,,0,0,0.7,Attendance Fail,2.3
SP2022,SP2022-class 25,15,1905AFAEEC,,7,5.4,6.6,Passed,7.9
SP2022,SP2022-class 25,16,1905AFAFAD,,9,5.6,6.9,Passed,6.6
SP2022,SP2022-class 25,17,1905AFAEGA,,0,0,1.4,Not Passed,4.5
SP2022,SP2022-class 25,18,1905AFAFDG,,4.5,0,2.3,Not Passed,3
SP2022,SP2022-class 25,19,1905AFAFDA,,9,5.2,6.4,Passed,5.3
SP2022,SP2022-class 25,20,1905AFAEDD,,0,0,1,Attendance Fail,3.4
SP2022,SP2022-class 25,21,1905AFAFBJ,,5,5.4,5.5,Passed,6.3
SP2022,SP2022-class 25,22,1905AFAFBG,,5,0,2.7,Not Passed,4.1
SP2022,SP2022-class 25,23,1905AFAFBA,,0,0,1.8,Not Passed,5.9
SP2022,SP2022-class 25,24,1905AFAFEA,,7,4.6,5,Passed,3.4
SP2022,SP2022-class 25,25,1905ACJAHC,,9,0,4.6,Not Passed,6.4
SP2022,SP2022-class 25,26,1905AFAEDC,,6.5,4.8,5.6,Passed,5.8
SP2022,SP2022-class 25,27,1905AFAEIF,,9,8.4,8.1,Passed,6.9
SP2022,SP2022-class 26,1,1905AFAGFE,,7,6,7,Passed,8.3
SP2022,SP2022-class 26,2,1905AFAGCB,,7.5,7,6.8,Passed,5.8
SP2022,SP2022-class 26,3,1905AFAGJE,,0,0,0.8,Not Passed,2.8
SP2022,SP2022-class 26,4,1905AFAGFG,,4,6.6,6.2,Passed,7.9
SP2022,SP2022-class 26,5,1905AFAGIB,,4,6.8,6.4,Passed,8.1
SP2022,SP2022-class 26,6,1905AFAGBJ,,7.5,8.6,8,Passed,7.6
SP2022,SP2022-class 26,7,1905AFAGBB,,7.5,8.2,7.2,Passed,5.6
SP2022,SP2022-class 26,8,1905AFAGFF,,8.3,5.4,7,Passed,8
SP2022,SP2022-class 26,9,1905AFAGCD,,9.3,9.2,9,Passed,8.4
SP2022,SP2022-class 26,10,1905AFAGHA,,8,6.2,7.2,Passed,7.8
SP2022,SP2022-class 26,11,1905AFAGBH,,0,0,0.6,Not Passed,2
SP2022,SP2022-class 26,12,1905AFAGGG,,7,5,6.6,Passed,8.3
SP2022,SP2022-class 26,13,1905AFAGEJ,,7,7.4,7.4,Passed,7.9
SP2022,SP2022-class 26,14,1905AFAGHH,,7.5,8.4,8,Passed,8.1
SP2022,SP2022-class 26,15,1905AEJIEI,,0,0,0,Attendance Fail,0
SP2022,SP2022-class 26,16,1905AFAGDG,,7.5,7.6,7.6,Passed,7.8
SP2022,SP2022-class 26,17,1905AFAFHD,,7.5,5.6,7,Passed,8.3
SP2022,SP2022-class 26,18,1905AFAGEG,,0,0,0.6,Attendance Fail,2
SP2022,SP2022-class 26,19,1905AFAGED,,7.5,6.6,7.3,Passed,8
SP2022,SP2022-class 26,20,1905AFAGAJ,,7.5,5.8,6.9,Passed,7.8
SP2022,SP2022-class 26,21,1905AFAGGD,,8.3,5.6,7,Passed,7.6
SP2022,SP2022-class 26,22,1905AFAGHF,,7.5,7,7.3,Passed,7.5
SP2022,SP2022-class 26,23,1905AFAGJJ,,0,0,0.6,Not Passed,2
SP2022,SP2022-class 26,24,1905AFAGEB,,7.5,8.8,8.2,Passed,8
SP2022,SP2022-class 26,25,1905AFAFII,,0,0,1.2,Not Passed,4
SP2022,SP2022-class 26,26,1905AFAFGD,,8.5,7.2,7.7,Passed,7.5
SP2022,SP2022-class 26,27,1905AFAGDD,,0,0,0.6,Not Passed,2
SP2022,SP2022-class 27,1,1905AFAHFI,,9,9.2,9.1,Passed,9
SP2022,SP2022-class 27,2,1905AFAHEJ,,9,6.8,6.6,Passed,4
SP2022,SP2022-class 27,3,1905AFAHEG,,0,0,0.9,Not Passed,3
SP2022,SP2022-class 27,4,1905AFAHFD,,8,6.8,6.6,Passed,5
SP2022,SP2022-class 27,5,1905AFAHEI,,7,7.4,6.6,Passed,5
SP2022,SP2022-class 27,6,1905AFAHJH,,5.5,7,6.6,Passed,7
SP2022,SP2022-class 27,7,1905AFAHHJ,,0,0,1.2,Not Passed,4
SP2022,SP2022-class 27,8,1905AFAHDJ,,6,6.4,6.2,Passed,6
SP2022,SP2022-class 27,9,1905AFAHJC,,5,6.4,5.9,Passed,6
SP2022,SP2022-class 27,10,1905AFAHGI,,4,5,5.9,Passed,9
SP2022,SP2022-class 27,11,1905AFAHJD,,7,6.8,6.6,Passed,6
SP2022,SP2022-class 27,12,1905AFAHFC,,4,8.2,6,Passed,5
SP2022,SP2022-class 27,13,1905AFAHCH,,6.5,6.4,6.6,Passed,7
SP2022,SP2022-class 27,14,1905AFAHHF,,10,6.8,7.5,Passed,6
SP2022,SP2022-class 27,15,1905AFAHDG,,4,6.8,6,Passed,7
SP2022,SP2022-class 27,16,1905AFAHEA,,4,5.6,6.4,Passed,10
SP2022,SP2022-class 27,17,1905AFAHGA,,3,0,2.1,Not Passed,4
SP2022,SP2022-class 27,18,1905AFAHGH,,3,7.4,5.7,Passed,6
SP2022,SP2022-class 27,19,1905AFAHFE,,6.5,6,5.9,Passed,5
SP2022,SP2022-class 27,20,1905AFAHGG,,3,6.8,5.4,Passed,6
SP2022,SP2022-class 27,21,1905AFAHAH,,4,6.8,5.1,Passed,4
SP2022,SP2022-class 27,22,1905AFAHHB,,5.5,7.6,6.5,Passed,6
SP2022,SP2022-class 27,23,1905AFAHBE,,3,0,1.8,Not Passed,3
SP2022,SP2022-class 27,24,1905AFAHAF,,6,7.4,6.3,Passed,5
SP2022,SP2022-class 27,25,1905AFAHBC,,4,7,5.5,Passed,5
SP2022,SP2022-class 27,26,1905AFAHGC,,8,6.2,7.3,Passed,8
SP2022,SP2022-class 27,27,1905AFAHDC,,6,4.8,5.5,Passed,6
SP2022,SP2022-class 27,28,1905AFAHCE,,6,7.6,6.6,Passed,6
SP2022,SP2022-class 27,29,1905AFAHAE,,7,7,6.7,Passed,6
SP2022,SP2022-class 27,30,1905AFAHBB,,5,5.8,5,Passed,4
SP2022,SP2022-class 28,1,1905AFAIDA,,7.5,6.2,7.3,Passed,8.7
SP2022,SP2022-class 28,2,1905AFAIGC,,7,5.8,6.7,Passed,7.5
SP2022,SP2022-class 28,3,1905AFAIAC,,6.5,7.2,6.9,Passed,6.9
SP2022,SP2022-class 28,4,1905AFAIGB,,6,6,6.5,Passed,7.5
SP2022,SP2022-class 28,5,1905AFAIEE,,6.5,0,4.1,Not Passed,7.3
SP2022,SP2022-class 28,6,1905AFAIHC,,7.5,7.2,7.7,Passed,8.5
SP2022,SP2022-class 28,7,1905AFAIJC,,6,6.6,6.7,Passed,7.6
SP2022,SP2022-class 28,8,1905AFAICC,,6,6.6,6.6,Passed,7.3
SP2022,SP2022-class 28,9,1905ADJEJC,,6,5.8,6,Passed,6.4
SP2022,SP2022-class 28,10,1905AFAIAI,,6.5,4,5.5,Passed,6.4
SP2022,SP2022-class 28,11,1905AFAIJF,,6.5,5,5.6,Passed,5.6
SP2022,SP2022-class 28,12,1905AFAIFH,,8,6.2,7.2,Passed,7.6
SP2022,SP2022-class 28,13,1905AFAIJI,,6.5,5.6,6.6,Passed,8
SP2022,SP2022-class 28,14,1905AFAIGA,,7.5,5.8,6.6,Passed,6.6
SP2022,SP2022-class 28,15,1905AFAIGG,,6.5,6.8,6.7,Passed,6.7
SP2022,SP2022-class 28,16,1905AFAIDE,,6,7.8,7.2,Passed,7.5
SP2022,SP2022-class 28,17,1905AFAIHF,,6.5,8.6,7.6,Passed,7.3
SP2022,SP2022-class 28,18,1905ACJAIC,,7,6.8,7.1,Passed,7.5
SP2022,SP2022-class 28,19,1905AFAIEH,,6.5,5.4,6.7,Passed,8.6
SP2022,SP2022-class 28,20,1905AFAICI,,0,0,0,Attendance Fail,0
SP2022,SP2022-class 28,21,1905AFAIEC,,8.3,5,7.1,Passed,8.7
SP2022,SP2022-class 28,22,1905AFAIFC,,7.5,6.6,6.7,Passed,5.9
SP2022,SP2022-class 28,23,1905AFAIEF,,7.5,8,7.4,Passed,6.5
SP2022,SP2022-class 28,24,1905AFAICD,,7.5,5.4,6.7,Passed,7.5
SP2022,SP2022-class 28,25,1905AFAIFF,,6,7.4,6.8,Passed,6.8
SP2022,SP2022-class 28,26,1905AFAHIA,,7.5,7.6,7.5,Passed,7.2
SP2022,SP2022-class 28,27,1905AFAHIG,,6,4.2,5.4,Passed,6.3
SP2022,SP2022-class 28,28,1905AFAHIJ,,7,8.2,7.7,Passed,7.8
SP2022,SP2022-class 29,1,1905AFBJBD,,8,9,8.6,Passed,8.5
SP2022,SP2022-class 29,2,1905AFBJHI,,8,8,8,Passed,8
SP2022,SP2022-class 29,3,1905AFBJHG,,7.5,9.2,8.2,Passed,7.5
SP2022,SP2022-class 29,4,1905AFBJAG,,9.5,6,8.1,Passed,9.6
SP2022,SP2022-class 29,5,1905AFBJFB,,7.8,8.6,8.2,Passed,8.3
SP2022,SP2022-class 29,6,1905AFBJFI,,7.5,7.4,7.3,Passed,7
SP2022,SP2022-class 29,7,1905AFBJCE,,7,5.2,6.3,Passed,7
SP2022,SP2022-class 29,8,1905AFAIIG,,6.5,7.2,6.9,Passed,7
SP2022,SP2022-class 29,9,1905AFBJEF,,6.5,5.4,6.3,Passed,7.3
SP2022,SP2022-class 29,10,1905AFBJJF,,8.5,8,8.2,Passed,8.3
SP2022,SP2022-class 29,11,1905AFBJFC,,7,7,6.9,Passed,6.8
SP2022,SP2022-class 29,12,1905AFJBDC,,6.5,8,7.3,Passed,7
SP2022,SP2022-class 29,13,1905AFBJCH,,9.5,9.2,9.4,Passed,9.6
SP2022,SP2022-class 29,14,1905AFBJEH,,6.5,8,7.3,Passed,7.3
SP2022,SP2022-class 29,15,1905AFBJEI,,0,0,0.4,Not Passed,1.3
SP2022,SP2022-class 29,16,1905AFBJCG,,7.5,6.8,7.1,Passed,7.3
SP2022,SP2022-class 29,17,1905AFBJEC,,6.5,5.2,6.3,Passed,7.5
SP2022,SP2022-class 29,18,1905AFBJJE,,6.5,7.4,7,Passed,7
SP2022,SP2022-class 29,19,1905AFBJFH,,7.5,8.2,8,Passed,8.1
SP2022,SP2022-class 29,20,1905AFBJJH,,8.5,7,7.8,Passed,8.3
SP2022,SP2022-class 29,21,1905AFBJAB,,8.5,7.6,8.1,Passed,8.3
SP2022,SP2022-class 29,22,1905AFBJCB,,9,8.4,8.7,Passed,8.8
SP2022,SP2022-class 29,23,1905AFBJAD,,9.3,7.4,8.4,Passed,9
SP2022,SP2022-class 29,24,1905AFBJBI,,8,6.4,7.4,Passed,8.3
SP2022,SP2022-class 29,25,1905AFBJAJ,,8.8,8.2,8.6,Passed,8.9
SP2022,SP2022-class 29,26,1905AFBJDH,,7.5,5.2,6.6,Passed,7.5
SP2022,SP2022-class 30,1,1905AFBAJA,,4.9,6.4,6,Passed,6.5
SP2022,SP2022-class 30,2,1905AFBJIH,,5.4,4.4,5.8,Passed,8.1
SP2022,SP2022-class 30,3,1905AFBADI,,6.5,6.4,6.7,Passed,7.4
SP2022,SP2022-class 30,4,1905AGAEFD,,6.3,6.8,6.6,Passed,6.7
SP2022,SP2022-class 30,5,1905AFBAEA,,6.7,6,6.8,Passed,8.1
SP2022,SP2022-class 30,6,1905AFAIBA,,6.8,7.8,7.6,Passed,8.3
SP2022,SP2022-class 30,7,1905AFBAHF,,6.6,6.4,6.8,Passed,7.7
SP2022,SP2022-class 30,8,1905AFBAAG,,6.9,8.6,8.1,Passed,8.6
SP2022,SP2022-class 30,9,1905AFBAAD,,6.7,6.4,7,Passed,8.1
SP2022,SP2022-class 30,10,1905AFBAJJ,,6.4,6,6.5,Passed,7.2
SP2022,SP2022-class 30,11,1905AFBAJI,,6.4,8.2,7.3,Passed,7.1
SP2022,SP2022-class 30,12,1905AFBAHH,,4,5,5.6,Passed,8
SP2022,SP2022-class 30,13,1905AFBACA,,6.5,7.8,7.3,Passed,7.5
SP2022,SP2022-class 30,14,1905AFBAJG,,6.9,6.4,7.2,Passed,8.7
SP2022,SP2022-class 30,15,1905AFBAEB,,6.9,6.2,7.1,Passed,8.6
SP2022,SP2022-class 30,16,1905AFBABB,,7.3,9,8.2,Passed,7.9
SP2022,SP2022-class 30,17,1905AFBACI,,6.1,7.4,6.6,Passed,6.1
SP2022,SP2022-class 30,18,1905AFBADA,,6.3,5.6,6.2,Passed,6.9
SP2022,SP2022-class 30,19,1905AFBAAC,,6.7,6.6,7.1,Passed,8.1
SP2022,SP2022-class 30,20,1905AFBADH,,6.7,7.8,7.6,Passed,8.2
SP2022,SP2022-class 30,21,1905AFBJII,,6.6,6.6,6.9,Passed,7.7
SP2022,SP2022-class 30,22,1905AFBAFC,,6.7,8.4,7.7,Passed,7.9
SP2022,SP2022-class 30,23,1905AFBADE,,6.8,8.2,7.9,Passed,8.5
SP2022,SP2022-class 30,24,1905AFBAIB,,6.6,6.4,6.9,Passed,7.8
SP2022,SP2022-class 30,25,1905AFJDFD,,5.5,6.6,6.8,Passed,8.3
SP2022,SP2022-class 30,26,1905AFBAJF,,6.8,4.6,6.3,Passed,8.2
SP2022,SP2022-class 30,27,1905AFBADC,,6.8,6.6,7.2,Passed,8.4
SP2022,SP2022-class 30,28,1905AFBAAI,,6.5,7.4,7.1,Passed,7.4
SP2022,SP2022-class 31,1,1905AGJAJD,,8,5.4,7,Passed,8
SP2022,SP2022-class 31,2,1905AGJAGI,,8,6.8,7.5,Passed,8
SP2022,SP2022-class 31,3,1905AGJADG,,9,8.6,8.2,Passed,6.8
SP2022,SP2022-class 31,4,1905AGJCHF,,7,5,6.2,Passed,7
SP2022,SP2022-class 31,5,1905AGBAIA,,9,8.2,8.7,Passed,9
SP2022,SP2022-class 31,6,1905AGJAHG,,9,7.4,8.4,Passed,9
SP2022,SP2022-class 31,7,1905AGJBDE,,9,5.4,7.6,Passed,9
SP2022,SP2022-class 31,8,1905AGJJJB,,9,5.2,7.5,Passed,9
SP2022,SP2022-class 31,9,1905AGJJCF,,9,6,7.8,Passed,9
SP2022,SP2022-class 31,10,1905AGJJDC,,9,7.4,8.4,Passed,9
SP2022,SP2022-class 31,11,1905AGJJAG,,8.3,8.2,8,Passed,7.5
SP2022,SP2022-class 31,12,1905AGJCHC,,9,5,7.3,Passed,8.8
SP2022,SP2022-class 31,13,1905AGJAAC,,8,4.8,6.7,Passed,8
SP2022,SP2022-class 31,14,1905AGABDC,,9,8.8,8.9,Passed,9
SP2022,SP2022-class 31,15,1905AGJCAA,,9,6.2,7.9,Passed,9
SP2022,SP2022-class 31,16,1905AGJCAE,,8,7,7.6,Passed,8
SP2022,SP2022-class 31,17,1905AGJCBH,,0,0,0,Not Passed,0
SP2022,SP2022-class 31,18,1905AGJJDH,,9,6,7.8,Passed,9
SP2022,SP2022-class 31,19,1905AGJJDB,,8,5.6,7,Passed,8
SP2022,SP2022-class 31,20,1905AGJBFI,,9,4.8,7.3,Passed,9
SP2022,SP2022-class 31,21,1905AGJADI,,8,0,4.8,Not Passed,8
SP2022,SP2022-class 31,22,1905AGJBDB,,9,5.4,7.6,Passed,9
SP2022,SP2022-class 31,23,1905AGJBHG,,9,9.6,9.2,Passed,9
SP2022,SP2022-class 31,24,1905AGJJHJ,,9,8,8.6,Passed,9
SP2022,SP2022-class 31,25,1905AGJBDH,,8,7.4,7.8,Passed,8
SP2022,SP2022-class 31,26,1905AGJCBB,,7,5.2,6.6,Passed,8
SP2022,SP2022-class 31,27,1905AGAJCJ,,9,7.8,8.5,Passed,9
SP2022,SP2022-class 31,28,1905AGJBEC,,8,7.2,7.7,Passed,8
SP2022,SP2022-class 31,29,1905AGJCHJ,,8,8.8,8.3,Passed,8
SP2022,SP2022-class 31,30,1905AGJAFF,,0,0,0,Not Passed,0
SP2022,SP2022-class 31,31,1905AGJCII,,9,7.6,8.4,Passed,9
SP2022,SP2022-class 32,1,1905AGAJFH,,9.3,8.8,9.1,Passed,9.3
SP2022,SP2022-class 32,2,1905AGJDJB,,7.5,7.2,7.4,Passed,7.5
SP2022,SP2022-class 32,3,1905AGJDJC,,7.8,5,6.7,Passed,7.8
SP2022,SP2022-class 32,4,1905AGAJCE,,10,6.6,8.6,Passed,10
SP2022,SP2022-class 32,5,1905AGJDBF,,8.3,7.2,7.9,Passed,8.3
SP2022,SP2022-class 32,6,1905AGAABB,,8.2,4.8,6.8,Passed,8.2
SP2022,SP2022-class 32,7,1905AGAJDH,,8.5,6.8,7.8,Passed,8.5
SP2022,SP2022-class 32,8,1905AGAIED,,8.8,8,8.5,Passed,8.8
SP2022,SP2022-class 32,9,1905AGJDAG,,7.8,5.8,7,Passed,7.8
SP2022,SP2022-class 32,10,1905AGJEBH,,9.1,8.4,8.8,Passed,9.1
SP2022,SP2022-class 32,11,1905AGJDFH,,7,6.8,6.9,Passed,7
SP2022,SP2022-class 32,12,1905AGAAEA,,8.5,5.8,7.4,Passed,8.5
SP2022,SP2022-class 32,13,1905AGJDCA,,7.9,6.6,7.4,Passed,7.9
SP2022,SP2022-class 32,14,1905AGAADI,,8.9,8,8.5,Passed,8.9
SP2022,SP2022-class 32,15,1905AGAJGB,,8.8,9,8.9,Passed,8.8
SP2022,SP2022-class 32,16,1905AGABEB,,8.4,6,7.4,Passed,8.4
SP2022,SP2022-class 32,17,1905AGAJBD,,9.2,7.8,8.6,Passed,9.2
SP2022,SP2022-class 32,18,1905AGAACE,,9.1,5.8,7.8,Passed,9.1
SP2022,SP2022-class 32,19,1905AGAADC,,8.7,5.4,7.4,Passed,8.7
SP2022,SP2022-class 32,20,1905AGJECA,,5.6,6.8,6.1,Passed,5.6
SP2022,SP2022-class 32,21,1905AGAAJA,,9.1,8,8.7,Passed,9.1
SP2022,SP2022-class 32,22,1905AGJFJC,,7.1,5,6.3,Passed,7.1
SP2022,SP2022-class 32,23,1905AGJDDJ,,8.5,8.8,8.6,Passed,8.5
SP2022,SP2022-class 32,24,1905AGAJJI,,8.8,8.4,8.6,Passed,8.8
SP2022,SP2022-class 32,25,1905AGAJJA,,8.7,8,8.4,Passed,8.7
SP2022,SP2022-class 32,26,1905AGAFFA,,9,8,8.6,Passed,9
SP2022,SP2022-class 32,27,1905AGAADG,,8.5,7.6,8.1,Passed,8.5
SP2022,SP2022-class 32,28,1905AGJEAI,,8.5,6.4,7.7,Passed,8.5
SP2022,SP2022-class 32,29,1905AGAJGI,,8.3,6,7.4,Passed,8.3
SP2022,SP2022-class 32,30,1905AGJDEC,,8,6.6,7.4,Passed,8
SP2022,SP2022-class 32,31,1905AGJEDC,,8.8,6,7.7,Passed,8.8
SP2022,SP2022-class 33,1,1905AGACCE,,7.5,6,6.8,Passed,7.3
SP2022,SP2022-class 33,2,1905AGADAC,,5.5,6.4,6.6,Passed,7.9
SP2022,SP2022-class 33,3,1905AGABFC,,5,5,5.3,Passed,6.1
SP2022,SP2022-class 33,4,1905AGABCG,,6,8.2,7.1,Passed,6.8
SP2022,SP2022-class 33,5,1905AGABDA,,7.5,9.6,8.5,Passed,8.2
SP2022,SP2022-class 33,6,1905AGABGJ,,7.5,5,6.2,Passed,6.4
SP2022,SP2022-class 33,7,1905AGADFB,,7.5,6.4,7.2,Passed,7.9
SP2022,SP2022-class 33,8,1905AGACBA,,7.5,9.2,8.3,Passed,8
SP2022,SP2022-class 33,9,1905AGABIH,,6.8,7.2,7.1,Passed,7.4
SP2022,SP2022-class 33,10,1905AGACIB,,0,0,0.7,Attendance Fail,2.2
SP2022,SP2022-class 33,11,1905AGABCB,,7.5,8.8,8,Passed,7.6
SP2022,SP2022-class 33,12,1905AGACGB,,7.5,6.4,6.8,Passed,6.5
SP2022,SP2022-class 33,13,1905AGABHB,,7.5,6,6.8,Passed,7
SP2022,SP2022-class 33,14,1905AGACIC,,7.5,8.4,7.8,Passed,7.3
SP2022,SP2022-class 33,15,1905AGAAHC,,7.5,8.4,7.8,Passed,7.3
SP2022,SP2022-class 33,16,1905AGABGF,,5.5,7.8,6.7,Passed,6.5
SP2022,SP2022-class 33,17,1905AGADJC,,7,9.8,8.3,Passed,7.7
SP2022,SP2022-class 33,18,1905AGACEC,,7.5,7.6,7.6,Passed,7.6
SP2022,SP2022-class 33,19,1905AGACCC,,5.8,6.6,6.5,Passed,7.3
SP2022,SP2022-class 33,20,1905AGACJH,,6,0,3.6,Not Passed,6.1
SP2022,SP2022-class 33,21,1905AFAHEE,,7.3,5.4,6.4,Passed,6.8
SP2022,SP2022-class 33,22,1905AGADCA,,5.5,5,6.1,Passed,8
SP2022,SP2022-class 33,23,1905AGABHG,,7.5,8.6,8.1,Passed,7.9
SP2022,SP2022-class 33,24,1905AGACEB,,7,9.2,8.1,Passed,7.8
SP2022,SP2022-class 33,25,1905AGACIJ,,6.8,7.8,7.5,Passed,7.8
SP2022,SP2022-class 33,26,1905AGAAHA,,6.5,5,5.7,Passed,5.9
SP2022,SP2022-class 33,27,1905AGACFH,,6,8,6.8,Passed,6.1
SP2022,SP2022-class 33,28,1905AGABCA,,7,5.8,6.5,Passed,7
SP2022,SP2022-class 33,29,1905AGAAFE,,7.3,7,7.4,Passed,8.2
SP2022,SP2022-class 33,30,1905AGABCD,,7.3,5.8,6.4,Passed,6.5
SP2022,SP2022-class 34,1,1905AGAFIJ,,7,6.8,7.2,Passed,7.8
SP2022,SP2022-class 34,2,1905AGAEFJ,,7,5.6,6.7,Passed,7.8
SP2022,SP2022-class 34,3,1905AGAFIC,,6.5,6.4,6.9,Passed,7.8
SP2022,SP2022-class 34,4,1905AGADGC,,5,8,7.1,Passed,8
SP2022,SP2022-class 34,5,1905AGAEIA,,5.5,5,6.1,Passed,8.2
SP2022,SP2022-class 34,6,1905AGADHG,,7,7.4,7.2,Passed,7.2
SP2022,SP2022-class 34,7,1905AGADIJ,,7.3,8.2,7.8,Passed,8
SP2022,SP2022-class 34,8,1905AGAEHA,,7.5,8.8,8.1,Passed,7.8
SP2022,SP2022-class 34,9,1905AGADHI,,7.5,8.8,8.2,Passed,8.1
SP2022,SP2022-class 34,10,1905AGADGJ,,5,0,3.3,Not Passed,6
SP2022,SP2022-class 34,11,1905AGAEJC,,7.5,8.2,7.9,Passed,7.8
SP2022,SP2022-class 34,12,1905AGAFIB,,8,6.2,7.3,Passed,8
SP2022,SP2022-class 34,13,1905AGAFEB,,6.5,4.8,6.4,Passed,8.6
SP2022,SP2022-class 34,14,1905AGAEGG,,6.5,4.4,5.9,Passed,7.4
SP2022,SP2022-class 34,15,1905AGAEEG,,7.5,6.8,7.3,Passed,7.8
SP2022,SP2022-class 34,16,1905AGADID,,5,6,5.8,Passed,6.3
SP2022,SP2022-class 34,17,1905AGAEGF,,5.5,6.8,6.6,Passed,7.5
SP2022,SP2022-class 34,18,1905AGADHF,,6,9,7.8,Passed,8
SP2022,SP2022-class 34,19,1905AGAEGE,,7,5.8,6.7,Passed,7.8
SP2022,SP2022-class 34,20,1905AGAFDG,,8.8,7.8,8,Passed,7.6
SP2022,SP2022-class 34,21,1905AGADGB,,7,6.6,6.7,Passed,6.4
SP2022,SP2022-class 34,22,1905AGAEFE,,7,7,7.4,Passed,8.3
SP2022,SP2022-class 34,23,1905AGAEBD,,6,7.6,7.1,Passed,7.5
SP2022,SP2022-class 34,24,1905AGAECE,,8.8,9.6,9,Passed,8.4
SP2022,SP2022-class 34,25,1905AGAEBC,,8.3,5.8,6.9,Passed,7.1
SP2022,SP2022-class 34,26,1905AGAFHG,,5.8,9.2,7.5,Passed,6.9
SP2022,SP2022-class 34,27,1905AGAFFF,,7.5,7.6,7.9,Passed,8.6
SP2022,SP2022-class 34,28,1905AGAEBB,,7.5,6.4,7.3,Passed,8.4
SP2022,SP2022-class 35,1,1905AGBJDH,,6.3,6.2,6.8,Passed,8.1
SP2022,SP2022-class 35,2,1905AGAHCB,,0,0,1.5,Not Passed,5.1
SP2022,SP2022-class 35,3,1905AGBJBA,,7.5,4.6,5.4,Passed,4.3
SP2022,SP2022-class 35,4,1905AGAGJF,,7.5,6.2,7.4,Passed,8.8
SP2022,SP2022-class 35,5,1905AGAGII,,8.3,7.4,7.8,Passed,8
SP2022,SP2022-class 35,6,1905AGAFIG,,3.8,7,5.8,Passed,6.3
SP2022,SP2022-class 35,7,1905AGAICD,,7.5,5.8,7,Passed,8.1
SP2022,SP2022-class 35,8,1905AGAIEJ,,7.5,7.2,7.5,Passed,7.8
SP2022,SP2022-class 35,9,1905AGAIBE,,7.5,4.8,6.6,Passed,8.1
SP2022,SP2022-class 35,10,1905AGAGJG,,7.5,5,6.9,Passed,8.8
SP2022,SP2022-class 35,11,1905AGAIAH,,7.5,7.6,7.7,Passed,7.9
SP2022,SP2022-class 35,12,1905AGAGFI,,8.5,6.8,6.8,Passed,5
SP2022,SP2022-class 35,13,1905AGBJAD,,7,4.8,5.8,Passed,5.9
SP2022,SP2022-class 35,14,1905AGAJIH,,7.5,6.4,7.4,Passed,8.8
SP2022,SP2022-class 35,15,1905AGAIAD,,7.5,8,8.1,Passed,8.8
SP2022,SP2022-class 35,16,1905AGAHAI,,8.3,8,8,Passed,7.6
SP2022,SP2022-class 35,17,1905AGAGBD,,7.5,8.8,8.4,Passed,8.8
SP2022,SP2022-class 35,18,1905AGAGJE,,7.5,8,8.1,Passed,8.8
SP2022,SP2022-class 35,19,1905AGAHGB,,7.5,5.4,7,Passed,8.8
SP2022,SP2022-class 35,20,1905AGAIDF,,9,8,7.9,Passed,6.5
SP2022,SP2022-class 35,21,1905AGAIGC,,7,6.2,6.5,Passed,6.5
SP2022,SP2022-class 35,22,1905AGBJAA,,7.5,7,7.5,Passed,8.1
SP2022,SP2022-class 35,23,1905AGAHDE,,7.5,9.4,8.7,Passed,8.9
SP2022,SP2022-class 35,24,1905AGAIFE,,0,0,1.7,Not Passed,5.6
SP2022,SP2022-class 35,25,1905AGAIGI,,7.5,6.8,7.4,Passed,8.3
SP2022,SP2022-class 35,26,1905AGAHCD,,7.5,9.2,8.6,Passed,8.9
SP2022,SP2022-class 35,27,1905AGAGFH,,8.5,9.8,8.9,Passed,8.3
SP2022,SP2022-class 35,28,1905AGBJEA,,7.5,6.2,7.2,Passed,8.4
SP2022,SP2022-class 35,29,1905AGAGBF,,8.5,6.2,6.7,Passed,5.5
SP2022,SP2022-class 35,30,1905AGAIBJ,,7.5,6.4,6.6,Passed,5.9
SP2022,SP2022-class 35,31,1905AGBJGB,,7.5,5.8,7.1,Passed,8.4
SP2022,SP2022-class 36,1,1905AGBJIJ,,7.5,8.8,7.8,Passed,6.8
SP2022,SP2022-class 36,2,1905AGBBFF,,8,5.6,6.7,Passed,7
SP2022,SP2022-class 36,3,1905AGBJHB,,6,8.6,7.4,Passed,7.1
SP2022,SP2022-class 36,4,1905AGBCHG,,7,6.4,6.8,Passed,7.2
SP2022,SP2022-class 36,5,1905AGBBGJ,,8,7,7.6,Passed,7.9
SP2022,SP2022-class 36,6,1905AGBCHF,,6.3,6,6.2,Passed,6.5
SP2022,SP2022-class 36,7,1905AGBJHI,,7,0,4.3,Not Passed,7.3
SP2022,SP2022-class 36,8,1905AGBCCI,,5.5,7,6.7,Passed,7.6
SP2022,SP2022-class 36,9,1905AGBBGI,,7.8,6.8,7.3,Passed,7.6
SP2022,SP2022-class 36,10,1905AGBAGB,,7,4.2,5.5,Passed,5.8
SP2022,SP2022-class 36,11,1905AGBAJC,,7.5,9.6,8.4,Passed,7.6
SP2022,SP2022-class 36,12,1905AGBCDH,,5.5,5.4,5.6,Passed,5.8
SP2022,SP2022-class 36,13,1905AGBBBI,,7.5,4.8,6.3,Passed,7.2
SP2022,SP2022-class 36,14,1905AGBBBA,,7,9.4,8.2,Passed,7.8
SP2022,SP2022-class 36,15,1905AGBBCB,,7.5,0,4.4,Not Passed,7
SP2022,SP2022-class 36,16,1905AGBCAJ,,6.8,7,7.1,Passed,7.5
SP2022,SP2022-class 36,17,1905AGBAGI,,5,5,5.2,Passed,5.6
SP2022,SP2022-class 36,18,1905AGABBC,,6,6.8,6.6,Passed,6.8
SP2022,SP2022-class 36,19,1905AGBJGE,,5,6.4,6.1,Passed,6.8
SP2022,SP2022-class 36,20,1905AGBAEI,,7,7.8,7.5,Passed,7.7
SP2022,SP2022-class 36,21,1905AGBBDC,,7,6.6,7,Passed,7.5
SP2022,SP2022-class 36,22,1905AGBBCA,,7.8,6.4,7.3,Passed,8.1
SP2022,SP2022-class 36,23,1905AGBCJH,,7.5,7.2,7.2,Passed,7
SP2022,SP2022-class 36,24,1905AGBCGD,,6.8,7,7,Passed,7.3
SP2022,SP2022-class 36,25,1905AGBCJI,,7,6.8,7.1,Passed,7.7
SP2022,SP2022-class 36,26,1905AGBDJF,,7.3,7.4,7.4,Passed,7.7
SP2022,SP2022-class 36,27,1905AGBBBC,,7.5,8,7.6,Passed,7.2
SP2022,SP2022-class 36,28,1905AGBBHD,,7,5,6.4,Passed,7.5
SP2022,SP2022-class 36,29,1905AGBBAG,,7.8,8.6,8.1,Passed,7.8
SP2022,SP2022-class 36,30,1905AGBADH,,7.5,4.4,5.9,Passed,6.3
SP2022,SP2022-class 37,1,1905AGBJBJ,,7.5,8,7.9,Passed,8
SP2022,SP2022-class 37,2,1905AGBGID,,7,4.2,6.1,Passed,7.6
SP2022,SP2022-class 37,3,1905AGBHJC,,3.8,6.8,6.1,Passed,7.6
SP2022,SP2022-class 37,4,1905AGBEFD,,7.3,7.8,7.8,Passed,8.5
SP2022,SP2022-class 37,5,1905AGBGHH,,7.3,7.6,7.5,Passed,7.8
SP2022,SP2022-class 37,6,1905AGBDIH,,7.5,8,7.8,Passed,7.8
SP2022,SP2022-class 37,7,1905AGBGFG,,3.8,5.4,5.5,Passed,7.4
SP2022,SP2022-class 37,8,1905AGBICA,,7.5,7.8,7.8,Passed,8
SP2022,SP2022-class 37,9,1905AGBGEF,,7.5,8,7.9,Passed,8.3
SP2022,SP2022-class 37,10,1905AGBIJD,,7,6.6,7.1,Passed,7.8
SP2022,SP2022-class 37,11,1905AGBDGC,,6.5,6.2,6.5,Passed,7
SP2022,SP2022-class 37,12,1905AGBHHA,,0,0,0,Attendance Fail,0
SP2022,SP2022-class 37,13,1905AGBECI,,7.5,8.4,8.2,Passed,8.6
SP2022,SP2022-class 37,14,1905AGBHIE,,7,6.6,7.1,Passed,8
SP2022,SP2022-class 37,15,1905AGBGGJ,,4,6.4,6.2,Passed,8
SP2022,SP2022-class 37,16,1905AGBIBA,,7.3,4.2,6.3,Passed,8
SP2022,SP2022-class 37,17,1905AGBFJI,,7.3,7.2,7.5,Passed,8
SP2022,SP2022-class 37,18,1905AGBDEE,,7.5,7,7.3,Passed,7.5
SP2022,SP2022-class 37,19,1905AGBHCC,,7,7.8,7.3,Passed,7
SP2022,SP2022-class 37,20,1905AGBGEC,,4,5.4,5.2,Passed,6.1
SP2022,SP2022-class 37,21,1905AGBFHA,,7.3,9.8,8.5,Passed,8
SP2022,SP2022-class 37,22,1905AGBHGH,,7.3,6,6.3,Passed,5.8
SP2022,SP2022-class 37,23,1905AGBGBF,,7.3,8.6,7.8,Passed,7.4
SP2022,SP2022-class 37,24,1905AGBGHG,,7.3,5.2,6.7,Passed,8
SP2022,SP2022-class 37,25,1905AGBIJA,,7.5,6.8,7.3,Passed,7.8
SP2022,SP2022-class 37,26,1905AGBGDF,,7.5,0,4.5,Not Passed,7.6
SP2022,SP2022-class 37,27,1905AGBECF,,7.5,9,8.4,Passed,8.5
SP2022,SP2022-class 37,28,1905AGBEDB,,6.5,6.2,6.4,Passed,6.5
SP2022,SP2022-class 37,29,1905AGBFGH,,3.8,6.4,6,Passed,7.6
SP2022,SP2022-class 38,1,1905AGBIHI,,8,6.2,6.8,Passed,6.4
SP2022,SP2022-class 38,2,1905AGCJBD,,9,8.4,8.6,Passed,8.4
SP2022,SP2022-class 38,3,1905ACJCJJ,,0,0,0,Attendance Fail,0
SP2022,SP2022-class 38,4,1905AGCBCG,,9,6.8,7.9,Passed,8.3
SP2022,SP2022-class 38,5,1905AGCCJC,,8.8,7.4,8.1,Passed,8.4
SP2022,SP2022-class 38,6,1905AGCAFA,,9,8.2,8,Passed,6.6
SP2022,SP2022-class 38,7,1905AFJHBG,,6,7.4,6.7,Passed,6.6
SP2022,SP2022-class 38,8,1905AGCJDC,,9,7.4,8,Passed,7.9
SP2022,SP2022-class 38,9,1905AGBIDD,,9,9.4,8.7,Passed,7.6
SP2022,SP2022-class 38,10,1905AGCCJA,,8.5,6.8,7.7,Passed,8
SP2022,SP2022-class 38,11,1905AGBIBD,,8,5.8,7.1,Passed,7.9
SP2022,SP2022-class 38,12,1905AGCJBJ,,9,9.2,9.1,Passed,9
SP2022,SP2022-class 38,13,1905AGCJHH,,8,7.4,7.6,Passed,7.5
SP2022,SP2022-class 38,14,1905AGCBGB,,7.8,8.4,8.1,Passed,8
SP2022,SP2022-class 38,15,1905AGCBFA,,8,6.8,7.5,Passed,8
SP2022,SP2022-class 38,16,1905AGCBHJ,,9,7.6,8.2,Passed,8.1
SP2022,SP2022-class 38,17,1905AGBIGG,,8,7.2,7.6,Passed,7.8
SP2022,SP2022-class 38,18,1905AGBIDH,,9,6.6,7.2,Passed,6.1
SP2022,SP2022-class 38,19,1905AGCBCJ,,9.5,9.8,9.6,Passed,9.5
SP2022,SP2022-class 38,20,1905AGCBEB,,9,8.2,8.5,Passed,8.3
SP2022,SP2022-class 38,21,1905AGCJFC,,7,6.2,6.7,Passed,7.1
SP2022,SP2022-class 38,22,1905AGCJAB,,8,8.8,8.1,Passed,7.3
SP2022,SP2022-class 38,23,1905AGCJJC,,9,8.6,8.3,Passed,7.1
SP2022,SP2022-class 38,24,1905AGCJBF,,9,7.4,8,Passed,7.9
SP2022,SP2022-class 38,25,1905AGBIDC,,9,6.8,7.5,Passed,7
SP2022,SP2022-class 38,26,1905AGCJDE,,9,6.8,7.6,Passed,7.3
SP2022,SP2022-class 38,27,1905AGCJJB,,9,5.4,6.9,Passed,6.8
SP2022,SP2022-class 38,28,1905AGBIEB,,9,9.2,8.8,Passed,8
SP2022,SP2022-class 38,29,1905AGCBCC,,9,8.6,8.2,Passed,7
SP2022,SP2022-class 38,30,1905AGCJBI,,8,8.6,8,Passed,7.1
SP2022,SP2022-class 39,1,1905AGCEEB,,7.5,5.2,7.1,Passed,9.3
SP2022,SP2022-class 39,2,1905AGCCEC,,8.5,6,7.7,Passed,9
SP2022,SP2022-class 39,3,1905AGCEBA,,8.5,4.2,7,Passed,9.1
SP2022,SP2022-class 39,4,1905AGCEIH,,8.5,8.2,8.6,Passed,9.2
SP2022,SP2022-class 39,5,1905AGCDIG,,7.5,4.4,6.2,Passed,7.3
SP2022,SP2022-class 39,6,1905AGCEEE,,8.5,7.4,8.2,Passed,9.1
SP2022,SP2022-class 39,7,1905AGCCIB,,8.5,8.6,8.8,Passed,9.3
SP2022,SP2022-class 39,8,1905AGCEIB,,7.5,5.8,7.1,Passed,8.6
SP2022,SP2022-class 39,9,1905AGCCGI,,8.5,7.8,8.2,Passed,8.4
SP2022,SP2022-class 39,10,1905AGCFEB,,8,4.4,6.8,Passed,8.7
SP2022,SP2022-class 39,11,1905AGCCJG,,8.5,6,7.7,Passed,9.3
SP2022,SP2022-class 39,12,1905AGCDDI,,8.5,5.2,7.1,Passed,8.3
SP2022,SP2022-class 39,13,1905AGCDDC,,8.5,7.6,8.1,Passed,8.4
SP2022,SP2022-class 39,14,1905AGCDHH,,8.5,6.2,7.6,Passed,8.4
SP2022,SP2022-class 39,15,1905AGCEIC,,8,8,8.3,Passed,9.1
SP2022,SP2022-class 39,16,1905AGCEAC,,8.5,7,8,Passed,8.9
SP2022,SP2022-class 39,17,1905AGCCBH,,8.5,8,8.5,Passed,9
SP2022,SP2022-class 39,18,1905AGCEEH,,8.5,5.2,7.4,Passed,9.2
SP2022,SP2022-class 39,19,1905AGCCGG,,8.5,6.2,7.2,Passed,7.3
SP2022,SP2022-class 39,20,1905AGCDCH,,8.5,6,7.7,Passed,9
SP2022,SP2022-class 39,21,1905AGCFHC,,7.5,7,7.7,Passed,8.9
SP2022,SP2022-class 39,22,1905AGCEDD,,8.5,6.4,7.6,Passed,8.3
SP2022,SP2022-class 39,23,1905AFJHGH,,8.8,8.6,8.8,Passed,9.2
SP2022,SP2022-class 39,24,1905AGCDGI,,8.5,4.8,7,Passed,8.6
SP2022,SP2022-class 39,25,1905AGCCAD,,8.5,7.2,8,Passed,8.7
SP2022,SP2022-class 39,26,1905AGCDEE,,9,8.8,8.9,Passed,8.9
SP2022,SP2022-class 39,27,1905AGCEEA,,8.5,5.8,7.6,Passed,9.2
SP2022,SP2022-class 39,28,1905AGCFCC,,8.5,8.6,8.7,Passed,9
SP2022,SP2022-class 39,29,1905AGCCDC,,8.5,7.8,8.2,Passed,8.3
SP2022,SP2022-class 39,30,1905AGCFJF,,8.5,5.8,7.3,Passed,8.2
SP2023,SP2023-class 1,1,1905AGJAEF,,8.5,8.2,8,Passed,7.3
SP2023,SP2023-class 1,2,1919AGJCID,,8,6.8,7,Passed,6.1
SP2023,SP2023-class 1,3,1919AGJFDE,,9.5,7.2,8.1,Passed,7.8
SP2023,SP2023-class 1,4,1905AGADIC,,10,7.6,8.7,Passed,8.8
SP2023,SP2023-class 1,5,1905AGADGD,,9,5.6,7,Passed,7
SP2023,SP2023-class 1,6,1905AGBIHD,,9,8.4,8.7,Passed,8.8
SP2023,SP2023-class 1,7,1919AGJDIE,,7,4.6,6.3,Passed,8
SP2023,SP2023-class 1,8,1905AFAGJD,,0,0,0.5,Attendance Fail,1.8
SP2023,SP2023-class 1,9,1901AGJJHJ,,5.5,5,5.5,Passed,6.3
SP2023,SP2023-class 1,10,1905AHBHIA,,9.5,8.6,9,Passed,9
SP2023,SP2023-class 1,11,1901AGJBEH,,9.5,4.8,7.1,Passed,7.8
SP2023,SP2023-class 1,12,1905AGBDFG,,0,0,0.4,Attendance Fail,1.3
SP2023,SP2023-class 1,13,1905AFAFJG,,7,5.4,5.6,Passed,4.5
SP2023,SP2023-class 1,14,1905AGJEHG,,7,4.8,5.9,Passed,6.3
SP2023,SP2023-class 1,15,1919AEJAED,,0,0,0.5,Attendance Fail,1.8
SP2023,SP2023-class 1,16,1905AGJCJD,,0,0,0,Attendance Fail,0
SP2023,SP2023-class 1,17,1905AGCCHC,,8,6.8,7.4,Passed,7.8
SP2023,SP2023-class 1,18,1905AGJEHI,,7.5,7.4,7.7,Passed,8.3
SP2023,SP2023-class 1,19,1905AGJCJI,,6,6,6.2,Passed,6.8
SP2023,SP2023-class 1,20,1919AFJGCJ,,5.5,9.2,7.8,Passed,8.1
SP2023,SP2023-class 2,1,1905AGJEEJ,,9,6,7.6,Passed,8.4
SP2023,SP2023-class 2,2,1905AGJCGH,,10,8,8.8,Passed,8.8
SP2023,SP2023-class 2,3,1905AGJJCG,,7.5,6.4,7.4,Passed,8.5
SP2023,SP2023-class 2,4,1905AGJECE,,9,5.4,7.4,Passed,8.4
SP2023,SP2023-class 2,5,1905AGJDCG,,5,7.2,6.5,Passed,7.1
SP2023,SP2023-class 2,6,1905AGAABC,,0,0,0,Attendance Fail,0
SP2023,SP2023-class 2,7,1905AGJCHB,,0,0,0,Attendance Fail,0
SP2023,SP2023-class 2,8,1905AGAEBG,,10,7,8.1,Passed,7.8
SP2023,SP2023-class 2,9,1905AGAFCH,,10,8.2,8.6,Passed,7.8
SP2023,SP2023-class 2,10,1905AGJBHJ,,10,6.2,7.8,Passed,7.8
SP2023,SP2023-class 2,11,1905AGABGE,,5,6.6,6.3,Passed,7.1
SP2023,SP2023-class 2,12,1905AHDFBD,,7.5,9,8.4,Passed,8.5
SP2023,SP2023-class 2,13,1905AGACFG,,9.5,8,8.4,Passed,7.9
SP2023,SP2023-class 2,14,0405AFJEAH,,0,0,0,Attendance Fail,0
SP2023,SP2023-class 2,15,1905AFAAJE,,0,0,0,Attendance Fail,0
SP2023,SP2023-class 2,16,1905AGBHAH,,6,5.6,6.2,Passed,7.3
SP2023,SP2023-class 2,17,1905AGADIA,,7.5,4.4,6.6,Passed,8.5
SP2023,SP2023-class 2,18,1905AGJEDH,,6,6.4,6.5,Passed,7.3
SP2023,SP2023-class 2,19,1905AGACJD,,9.5,6.2,7.7,Passed,7.9
SP2023,SP2023-class 2,20,1905AGAFCE,,9,7.8,8.3,Passed,8.4
SP2023,SP2023-class 2,21,1905AGJEFF,,9,4.8,7.1,Passed,8.4
SP2023,SP2023-class 2,22,1905AGJCCB,,10,7.2,8.5,Passed,8.8
SP2023,SP2023-class 2,23,1905AGJCCF,,10,9,9.2,Passed,8.8
SP2023,SP2023-class 2,24,1905AGBGGB,,6,5.4,6.1,Passed,7.3
SP2023,SP2023-class 2,25,1905AGADFJ,,9.5,6.6,7.9,Passed,7.9
SP2023,SP2023-class 2,26,1905AGJJEH,,7.5,7,7.6,Passed,8.5
SP2023,SP2023-class 2,27,1905AGJDIH,,10,5.8,7.9,Passed,8.8
SP2023,SP2023-class 2,28,1905AGJCBI,,9.5,0,5.2,Attendance Fail,7.9
SP2023,SP2023-class 3,1,1905AGBAHH,,9.1,4.2,6.7,Passed,7.8
SP2023,SP2023-class 3,2,1905AGBBGC,,9.8,6.8,8,Passed,7.8
SP2023,SP2023-class 3,3,1905AGCACF,,9.5,6.6,8.5,Passed,9.9
SP2023,SP2023-class 3,4,1905AGJJIE,,9.5,9.6,9.6,Passed,9.8
SP2023,SP2023-class 3,5,1905AGBBGA,,7.5,7.4,7.5,Passed,7.5
SP2023,SP2023-class 3,6,1905AGAHJB,,8.2,6.4,8,Passed,9.9
SP2023,SP2023-class 3,7,1905AGBEBA,,9.2,9,9.2,Passed,9.6
SP2023,SP2023-class 3,8,1905AGBFID,,9.2,4.2,7.3,Passed,9.5
SP2023,SP2023-class 3,9,1905AGCJJG,,9.5,7,8.6,Passed,9.9
SP2023,SP2023-class 3,10,1905AGBFIJ,,7.2,0,5,Not Passed,9.6
SP2023,SP2023-class 3,11,1905AGCBDH,,9.2,6.2,8.2,Passed,10
SP2023,SP2023-class 3,12,1905AGAIHG,,9.4,6,8.2,Passed,9.9
SP2023,SP2023-class 3,13,1905AGBHHD,,8.4,6.4,7.4,Passed,7.8
SP2023,SP2023-class 3,14,1905AGBEFJ,,6.2,6.2,7.2,Passed,9.6
SP2023,SP2023-class 3,15,1905AGBJGA,,9.2,4.8,7.7,Passed,10
SP2023,SP2023-class 3,16,1905AGJCJB,,9.5,8,9,Passed,9.7
SP2023,SP2023-class 3,17,1905AGBDFA,,9.5,8.8,9.2,Passed,9.6
SP2023,SP2023-class 3,18,1905AGBDBJ,,0,0,0,Attendance Fail,0
SP2023,SP2023-class 3,19,1905AGBBIA,,8.9,6.2,7.5,Passed,7.8
SP2023,SP2023-class 3,20,1905AGBABI,,8.5,6.8,8.1,Passed,9.6
SP2023,SP2023-class 3,21,1905AGBECA,,9.5,7.4,8.7,Passed,9.7
SP2023,SP2023-class 3,22,1905AGBBDF,,7.2,6.4,7.7,Passed,10
SP2023,SP2023-class 3,23,1905AGCJGA,,8.8,7,8.2,Passed,9.1
SP2023,SP2023-class 3,24,1905AGCBGC,,9.5,5,7.7,Passed,9.7
SP2023,SP2023-class 3,25,1905AGBDJI,,8.5,6.8,8.2,Passed,9.7
SP2023,SP2023-class 3,26,1905AGBGHF,,9.5,6.4,8.3,Passed,9.7
SP2023,SP2023-class 3,27,1905AGBCBJ,,8.2,7,8.1,Passed,9.7
SP2023,SP2023-class 3,28,1905AGCJAE,,9.5,8.6,9.3,Passed,9.9
SP2023,SP2023-class 3,29,1905AGBHDF,,9.5,8.4,9.1,Passed,9.6
SP2023,SP2023-class 3,30,1905AGCJAA,,9,9.8,9.6,Passed,9.9
SP2023,SP2023-class 3,31,1905AGBFAB,,9.5,5.4,7.9,Passed,9.7
SP2023,SP2023-class 3,32,1905AGCBGD,,7.2,5.4,7.2,Passed,9.7
SP2023,SP2023-class 3,33,1905AGBDJC,,9.5,4.2,7.4,Passed,9.6
SP2023,SP2023-class 4,1,1905AHDJJD,,9.5,8,8.1,Passed,6.9
SP2023,SP2023-class 4,2,1905AHCAEJ,,8,8.4,7.6,Passed,6
SP2023,SP2023-class 4,3,1905AHDJHI,,9,5.8,6.8,Passed,6
SP2023,SP2023-class 4,4,1905AHBEEF,,8.5,4.4,5.5,Passed,4
SP2023,SP2023-class 4,5,1905AHJDFH,,8,6,7.2,Passed,8
SP2023,SP2023-class 4,6,1905AHDAAD,,7.5,0,3.5,Not Passed,4.3
SP2023,SP2023-class 4,7,1905AHCGJI,,9,6.8,6.4,Passed,3.3
SP2023,SP2023-class 4,8,1905AEJDAI,,0,0,0,Attendance Fail,0
SP2023,SP2023-class 4,9,1905AHCGBF,,7,7.6,6.9,Passed,5.8
SP2023,SP2023-class 4,10,1905AHCFJH,,10,8.6,8.5,Passed,6.8
SP2023,SP2023-class 4,11,1905AHCCBJ,,8,0,4.2,Not Passed,6
SP2023,SP2023-class 4,12,1905AGBJBF,,4.5,7.2,6.2,Passed,6.5
SP2023,SP2023-class 4,13,1905AHDFAA,,7,4.8,5.7,Passed,5.6
SP2023,SP2023-class 4,14,1905AHCAJB,,8.8,5.4,6.8,Passed,6.6
SP2023,SP2023-class 4,15,1905AHBBHH,,10,8.2,8.6,Passed,7.8
SP2023,SP2023-class 4,16,1905AHEAJC,,0,0,0,Attendance Fail,0
SP2023,SP2023-class 4,17,1905AHDFJI,,6.5,5.2,5.6,Passed,5.1
SP2023,SP2023-class 4,18,1905AHBABB,,7,5.6,5.3,Passed,3.3
SP2023,SP2023-class 4,19,1905AHEJGE,,10,8.2,8.8,Passed,8.5
SP2023,SP2023-class 4,20,1905AHDHCH,,4,5.8,5.5,Passed,6.8
SP2023,SP2023-class 4,21,1905AHCBJI,,9,9,7.5,Passed,4
SP2023,SP2023-class 4,22,1905AHDAFE,,9,4,6.1,Passed,6
SP2023,SP2023-class 4,23,1905AHBJGA,,3,3,3.6,Not Passed,5
SP2023,SP2023-class 4,24,1905AHCEDG,,8,7.6,7.4,Passed,6.4
SP2023,SP2023-class 4,25,1905AHAEFD,,2.5,9.6,5.8,Passed,3.9
SP2023,SP2023-class 4,26,1905AHCHGI,,9.5,6.4,7.4,Passed,6.8
SP2023,SP2023-class 4,27,1905AHJBCF,,5,6.6,5,Passed,2.8
SP2023,SP2023-class 4,28,1905AHBIFB,,7.5,8,7.2,Passed,5.8
SP2023,SP2023-class 4,29,1905AHBIID,,10,6.2,7.9,Passed,8
SP2023,SP2023-class 4,30,1905AHCCBG,,8.5,5.8,7,Passed,7
SP2023,SP2023-class 4,31,1905AHCBDJ,,10,8.2,8.8,Passed,8.5
SP2023,SP2023-class 5,1,1905AHJJAF,,8,6.4,7.5,Passed,8.6
SP2023,SP2023-class 5,2,1905AFAJJH,,0,0,0,Attendance Fail,0
SP2023,SP2023-class 5,3,1905AGCDJE,,9.5,5.8,7.7,Passed,8.5
SP2023,SP2023-class 5,4,1905AGBAIG,,9.5,8.4,8.8,Passed,8.6
SP2023,SP2023-class 5,5,0405AGJGIJ,,8,4,6.5,Passed,8.4
SP2023,SP2023-class 5,6,1905AFAHBG,,10,7,8.7,Passed,9.5
SP2023,SP2023-class 5,7,1905AEJFFE,,9,5.2,7.3,Passed,8.4
SP2023,SP2023-class 5,8,1905AGJJJE,,9.5,6.6,8.1,Passed,8.6
SP2023,SP2023-class 5,9,0405AGJAIJ,,0,0,0,Attendance Fail,0
SP2023,SP2023-class 5,10,1905AFJFBG,,8,4.4,6.9,Passed,9.1
SP2023,SP2023-class 5,11,1905AHCHHJ,,9,6.8,8,Passed,8.6
SP2023,SP2023-class 5,12,1905AHJGDJ,,10,9,9.3,Passed,9
SP2023,SP2023-class 5,13,1905AHBDFI,,9,7.2,8.2,Passed,8.9
SP2023,SP2023-class 5,14,1905AFJHGF,,10,9.2,9.3,Passed,8.9
SP2023,SP2023-class 5,15,1905AGJCEF,,10,8,9.2,Passed,9.9
SP2023,SP2023-class 5,16,1905AFACGC,,8,6.6,7.4,Passed,7.9
SP2023,SP2023-class 5,17,0405AGJFIC,,8,4,6.4,Passed,8
SP2023,SP2023-class 5,18,1905AEJDFE,,8,6.6,7.5,Passed,8.3
SP2023,SP2023-class 5,19,1905AHDGGA,,10,6.4,8.3,Passed,9.1
SP2023,SP2023-class 5,20,1905AHDIID,,9.5,7.6,8.3,Passed,8
SP2023,SP2023-class 6,1,1905AGJJEI,,8.3,6,6.6,Passed,5.9
SP2023,SP2023-class 6,2,1905AGBDIB,,8,2.8,6,Not Passed,8.4
SP2023,SP2023-class 6,3,1905AGJAAH,,7,7.2,7.4,Passed,8
SP2023,SP2023-class 6,4,1905AGJJHH,,7.8,6,7.1,Passed,7.8
SP2023,SP2023-class 6,5,1905AGJABC,,7.9,6.6,7.3,Passed,7.7
SP2023,SP2023-class 6,6,1905AGJJBA,,8.5,6,7.4,Passed,8.3
SP2023,SP2023-class 6,7,1905AGJJAC,,7.7,5.6,7,Passed,8.1
SP2023,SP2023-class 6,8,1905AGAGHF,,8.2,0,4.8,Not Passed,7.9
SP2023,SP2023-class 6,9,1905AGJAAG,,7.9,0,4.8,Is Susspended,8.2
SP2023,SP2023-class 6,10,1905AGJJAD,,8,9.2,7.9,Passed,6
SP2023,SP2023-class 6,11,1905AGJAJG,,8.3,6.6,7.4,Passed,7.8
SP2023,SP2023-class 6,12,1905AGJJDF,,8.2,6.2,7.4,Passed,8.2
SP2023,SP2023-class 6,13,1905AGJJFE,,8,7.6,7.9,Passed,8.1
SP2023,SP2023-class 6,14,1905AGJJGG,,8.2,6.2,7.3,Passed,8
SP2023,SP2023-class 6,15,1905AGBAHG,,8.5,6.6,7.6,Passed,8.1
SP2023,SP2023-class 6,16,1905AGJJAF,,8,6.6,7.6,Passed,8.4
SP2023,SP2023-class 6,17,1905AGJJFB,,7.7,5,6.7,Passed,8.1
SP2023,SP2023-class 6,18,1905AGABFB,,7,5.2,6.4,Passed,7.5
SP2023,SP2023-class 6,19,1905AGJAAE,,8.3,6.6,7.4,Passed,7.6
SP2023,SP2023-class 6,20,1905AGJJJG,,7.3,7,7.3,Passed,7.8
SP2023,SP2023-class 6,21,1905AGJJGC,,8.3,7.8,8.1,Passed,8.3
SP2023,SP2023-class 6,22,1905AGJJGF,,8.5,7.8,8.2,Passed,8.4
SP2023,SP2023-class 6,23,1905AGJABD,,7.8,5.8,6.5,Passed,6.1
SP2023,SP2023-class 6,24,1905AGJJDE,,7.5,0,3.9,Not Passed,5.6
SP2023,SP2023-class 6,25,1905AGBEDG,,7,4.4,6.2,Passed,7.9
SP2023,SP2023-class 6,26,1905AGJJDD,,7.9,7.2,7.6,Passed,8
SP2023,SP2023-class 6,27,1905AGJJHA,,8.3,9,8.6,Passed,8.4
SP2023,SP2023-class 6,28,1905AGJDCD,,8.5,4.2,6.7,Passed,8.4
SP2023,SP2023-class 6,29,1905AGJABA,,7.7,7.8,7.6,Passed,7.3
SP2023,SP2023-class 7,1,1905AFAFHF,,9,6.4,7.7,Passed,8.3
SP2023,SP2023-class 7,2,1905AGJAHD,,7,0,4.6,Not Passed,8.3
SP2023,SP2023-class 7,3,1905AHBGAD,,9,6.8,8.4,Passed,10
SP2023,SP2023-class 7,4,1905AGJAHC,,9,6.8,8.1,Passed,9
SP2023,SP2023-class 7,5,1905AGJBAJ,,2,3.8,4.4,Not Passed,7.5
SP2023,SP2023-class 7,6,1905AGJBBF,,10,7.2,8.9,Passed,10
SP2023,SP2023-class 7,7,1905AGJAEE,,3,8.2,6.8,Passed,8.8
SP2023,SP2023-class 7,8,1905AGJBJB,,7,8.4,8.3,Passed,9.5
SP2023,SP2023-class 7,9,1905AGJBJA,,2,7,6.3,Passed,9.5
SP2023,SP2023-class 7,10,1905AGJBAF,,7,8,8.2,Passed,9.5
SP2023,SP2023-class 7,11,1905AGJADJ,,9,5.4,7.5,Passed,8.8
SP2023,SP2023-class 7,12,1905AGJAGJ,,8,5.8,7.5,Passed,9.3
SP2023,SP2023-class 7,13,1905AGJBJE,,8,4.6,6.8,Passed,8.5
SP2023,SP2023-class 7,14,1905AGJADB,,2,6.2,5,Passed,6.5
SP2023,SP2023-class 7,15,1905AGJADC,,0,0,0,Attendance Fail,0
SP2023,SP2023-class 7,16,1905AGJACA,,3,7.4,5.8,Passed,6.5
SP2023,SP2023-class 7,17,1905AHBCFF,,7,6.2,7.4,Passed,9.3
SP2023,SP2023-class 7,18,1905AGJBCG,,10,6.8,8.6,Passed,9.8
SP2023,SP2023-class 7,19,1905AGJAGC,,8,8,8.2,Passed,8.8
SP2023,SP2023-class 7,20,1905AGJAGF,,5,4.4,5.7,Passed,8.3
SP2023,SP2023-class 7,21,1905AGJAGH,,8,6.2,7.9,Passed,10
SP2023,SP2023-class 7,22,1905AHBFAE,,5,0,3.8,Not Passed,7.5
SP2023,SP2023-class 7,23,1905AGJADD,,2,7.2,6.1,Passed,8.8
SP2023,SP2023-class 7,24,1905AHBDGF,,8,6.8,7.8,Passed,9
SP2023,SP2023-class 7,25,1905AGJBJD,,10,6.6,8.4,Passed,9.3
SP2023,SP2023-class 7,26,1905AGJAIG,,4.5,7,7,Passed,9.5
SP2023,SP2023-class 7,27,1905AGJADE,,6,6.2,6.9,Passed,8.8
SP2023,SP2023-class 7,28,1905AGJAFD,,8,7.8,8.3,Passed,9.3
SP2023,SP2023-class 7,29,1905AHBEDH,,5,4.8,5.7,Passed,7.5
SP2023,SP2023-class 7,30,1905AGJAID,,9,6.8,7.9,Passed,8.3
SP2023,SP2023-class 8,1,1905AGJBHB,,6,4.6,5.7,Passed,6.8
SP2023,SP2023-class 8,2,1905AGJBHC,,5.5,5.2,5.7,Passed,6.5
SP2023,SP2023-class 8,3,1905AGJCBG,,5.5,7.4,6.6,Passed,6.8
SP2023,SP2023-class 8,4,1905AGJBIG,,10,9.2,9.7,Passed,10
SP2023,SP2023-class 8,5,1905AGJBFF,,0,0,1.3,Attendance Fail,4.3
SP2023,SP2023-class 8,6,1905AGJCJH,,0,0,1.7,Attendance Fail,5.5
SP2023,SP2023-class 8,7,1905AGJAHJ,,6,5.2,6,Passed,7
SP2023,SP2023-class 8,8,1905AGBGGI,,5.5,5.4,5.7,Passed,6.3
SP2023,SP2023-class 8,9,1905AGJBDC,,8,9,8.7,Passed,9
SP2023,SP2023-class 8,10,1905AGJCBC,,7.5,4.2,6,Passed,7
SP2023,SP2023-class 8,11,1905AGJCBJ,,7,8,7.4,Passed,7
SP2023,SP2023-class 8,12,1905AHBCEB,,9.8,9.8,9.5,Passed,9
SP2023,SP2023-class 8,13,1905AGAADD,,2,8.6,5.6,Passed,5.3
SP2023,SP2023-class 8,14,1905AGJBEI,,7,9.4,8.3,Passed,8
SP2023,SP2023-class 8,15,1905AGADDJ,,3.5,6.2,5.3,Passed,5.8
SP2023,SP2023-class 8,16,1905AGJBDJ,,6,7.8,6.9,Passed,6.8
SP2023,SP2023-class 8,17,1905AGJBCI,,8,8.4,8.1,Passed,7.8
SP2023,SP2023-class 8,18,1905AGJBDF,,9.5,7.6,8.5,Passed,8.8
SP2023,SP2023-class 8,19,1905AGJCAB,,9,6.6,7.9,Passed,8.5
SP2023,SP2023-class 8,20,1905AGJBII,,6.5,6.8,6.7,Passed,6.8
SP2023,SP2023-class 8,21,1905AGJBEF,,7,8.6,7.5,Passed,6.5
SP2023,SP2023-class 8,22,1905AGJCAF,,9,7.6,8.1,Passed,8
SP2023,SP2023-class 8,23,1905AGJBIB,,9.3,9.2,9.1,Passed,8.8
SP2023,SP2023-class 8,24,1919AGJDCB,,5.5,7.2,6.9,Passed,8
SP2023,SP2023-class 8,25,1905AGJCBA,,6.5,5.8,6.8,Passed,8.5
SP2023,SP2023-class 8,26,1905AGJBIH,,5,6.4,5.9,Passed,6
SP2023,SP2023-class 8,27,1905AGJBFB,,5.5,8.6,7.3,Passed,7.5
SP2023,SP2023-class 8,28,1905AGJBEJ,,5,7.4,6.2,Passed,5.8
SP2023,SP2023-class 8,29,1905AGJBID,,5.5,9.4,7.6,Passed,7.3
SP2023,SP2023-class 8,30,1905AGJBIJ,,5.5,7,6.1,Passed,5.5
SP2023,SP2023-class 8,31,1905AGCAED,,7.5,8.2,7.4,Passed,6.3
SP2023,SP2023-class 8,32,1905AGJCJC,,5.5,6.6,6.1,Passed,6
SP2023,SP2023-class 8,33,1905AGJCJJ,,5,8.2,6.5,Passed,5.8
SP2023,SP2023-class 9,1,0805AGFFIJ,,7.3,9.2,8.7,Passed,9.4
SP2023,SP2023-class 9,2,1905AGJCCD,,2.1,0,1.4,Attendance Fail,2.5
SP2023,SP2023-class 9,3,1905AGJCCI,,3.8,0,3.2,Attendance Fail,6.8
SP2023,SP2023-class 9,4,1905AHCJGB,,8.8,5.6,7.4,Passed,8.3
SP2023,SP2023-class 9,5,1905AGJCHG,,5.8,6.2,6.4,Passed,7.3
SP2023,SP2023-class 9,6,1905AGJDJE,,7.8,4.8,6.3,Passed,6.8
SP2023,SP2023-class 9,7,1905AHCJHG,,8.8,8,8,Passed,7.3
SP2023,SP2023-class 9,8,1905AGJCCE,,3.2,4.6,4.5,Not Passed,5.8
SP2023,SP2023-class 9,9,1905AGABBI,,9,8.8,8.5,Passed,7.5
SP2023,SP2023-class 9,10,1905AGJCED,,6.3,5.6,5.9,Passed,6
SP2023,SP2023-class 9,11,1905AGJCCC,,6.6,6.6,6.3,Passed,5.5
SP2023,SP2023-class 9,12,1905AGJCIA,,6.3,6,6.4,Passed,7
SP2023,SP2023-class 9,13,1905AGJCIF,,8.5,5.6,6.7,Passed,6.3
SP2023,SP2023-class 9,14,1905AGJCCG,,0,0,0.4,Attendance Fail,1.3
SP2023,SP2023-class 9,15,1905AHBIHC,,8.9,8.6,8.2,Passed,7
SP2023,SP2023-class 9,16,1905AGJCDI,,6.8,6.6,6.3,Passed,5.5
SP2023,SP2023-class 9,17,1905AGJCIE,,3.8,7.8,5.7,Passed,5
SP2023,SP2023-class 9,18,1905AGJDAF,,7.9,6.6,7.1,Passed,7
SP2023,SP2023-class 9,19,1905AGJDAA,,8.4,7.6,8.4,Passed,9.5
SP2023,SP2023-class 9,20,1905AHJBAB,,6.8,5.2,5.5,Passed,4.8
SP2023,SP2023-class 9,21,1905AHAHBJ,,8.5,7.6,7.8,Passed,7.3
SP2023,SP2023-class 9,22,1905AGJCEG,,8.1,6,7.6,Passed,9.3
SP2023,SP2023-class 9,23,1905AGJDBA,,8.9,9,8,Passed,5.8
SP2023,SP2023-class 9,24,1905AGJAGE,,8.8,9,8.5,Passed,7.5
SP2023,SP2023-class 9,25,1905AGJDAE,,8.1,6.6,7.2,Passed,7.3
SP2023,SP2023-class 9,26,1905AGJDBD,,8.6,6.2,6.3,Passed,4.3
SP2023,SP2023-class 9,27,1905AGJBFJ,,0,0,0,Attendance Fail,0
SP2023,SP2023-class 9,28,1905AHBGBF,,3.3,7.2,6.1,Passed,7.5
SP2023,SP2023-class 9,29,1905AGJCCA,,7.3,6.6,7.8,Passed,9.8
SP2023,SP2023-class 9,30,1905AGJCDE,,6.3,7,6.7,Passed,6.8
SP2023,SP2023-class 9,31,1905AHBIFG,,8.5,6,7.1,Passed,7.3
SP2023,SP2023-class 9,32,1905AGJCFI,,7.9,8.8,8.1,Passed,7.3
SP2023,SP2023-class 9,33,1905AHCBEE,,8.6,7.6,8.4,Passed,9.4
SP2023,SP2023-class 9,34,1905AGJCGC,,7.5,5.2,7.3,Passed,9.8
SP2023,SP2023-class 10,1,1905AGJEJE,,7.5,7.4,6.8,Passed,5.4
SP2023,SP2023-class 10,2,1905AGJDGJ,,10,8.8,8.9,Passed,7.9
SP2023,SP2023-class 10,3,1905AGJDGF,,10,8.8,8.8,Passed,7.8
SP2023,SP2023-class 10,4,1905AGJDIG,,8.5,6.8,7.4,Passed,7.3
SP2023,SP2023-class 10,5,1905AGJDCC,,3.5,5.4,4.4,Not Passed,3.9
SP2023,SP2023-class 10,6,1905AGJDGC,,8,7.2,7.5,Passed,7.5
SP2023,SP2023-class 10,7,1905AGJDGI,,9,7.6,8,Passed,7.4
SP2023,SP2023-class 10,8,1905AGBJFA,,5.5,6.8,6.1,Passed,5.8
SP2023,SP2023-class 10,9,1905AGJDDI,,10,7.8,8.4,Passed,7.8
SP2023,SP2023-class 10,10,1905AGJDHB,,9,7.4,7.9,Passed,7.5
SP2023,SP2023-class 10,11,1905AGBBDJ,,1,10,5.6,Passed,4.3
SP2023,SP2023-class 10,12,1905AGJDCB,,9,6.6,7.7,Passed,8
SP2023,SP2023-class 10,13,1905AGBGCD,,4,6.8,6,Passed,6.9
SP2023,SP2023-class 10,14,1905AGJDFB,,10,6.8,8,Passed,7.5
SP2023,SP2023-class 10,15,1905AGJDHE,,1,7.4,5.1,Passed,6.3
SP2023,SP2023-class 10,16,1905AGJDHC,,1,6.8,4.2,Not Passed,4
SP2023,SP2023-class 10,17,1905AGJDDC,,4.5,0,2.3,Not Passed,3.3
SP2023,SP2023-class 10,18,1905AGJDIE,,8,8.8,8,Passed,7
SP2023,SP2023-class 10,19,1905AGJDGA,,8,5.6,6.6,Passed,6.6
SP2023,SP2023-class 10,20,1905AGJDGG,,10,9.4,9.2,Passed,8.3
SP2023,SP2023-class 10,21,1905AGBJEF,,5,7.4,6.3,Passed,6.3
SP2023,SP2023-class 10,22,1905AGJDHI,,10,4.2,7.2,Passed,8.4
SP2023,SP2023-class 10,23,1905AGJEAJ,,8,7.4,7.3,Passed,6.5
SP2023,SP2023-class 10,24,1905AGJDDF,,8.8,6.8,7.6,Passed,7.5
SP2023,SP2023-class 10,25,1905AGJDDH,,9,7,5.8,Passed,1
SP2023,SP2023-class 10,26,1905AGJEJF,,1,6.6,4.2,Not Passed,4.3
SP2023,SP2023-class 10,27,1905AGJDDD,,5,7.8,6.3,Passed,5.8
SP2023,SP2023-class 11,1,1905AGJEFJ,,7.4,6.2,7.6,Passed,9.9
SP2023,SP2023-class 11,2,1905AGBHAB,,6.7,0,4.9,Not Passed,9.6
SP2023,SP2023-class 11,3,1905AGJEDD,,7.2,7.8,7,Passed,5.8
SP2023,SP2023-class 11,4,1905AGJEIF,,8,7.2,7.4,Passed,7
SP2023,SP2023-class 11,5,1905AGJEFG,,8.2,8.2,8.6,Passed,9.5
SP2023,SP2023-class 11,6,1905AGJEIJ,,6.5,5.6,6.8,Passed,8.6
SP2023,SP2023-class 11,7,1905AGJEHJ,,3.4,6.6,6.3,Passed,8.8
SP2023,SP2023-class 11,8,1905AGJFJA,,6.9,5.4,6.7,Passed,8.3
SP2023,SP2023-class 11,9,1905AGJEEI,,6.6,5.6,6.9,Passed,9
SP2023,SP2023-class 11,10,1905AGAGIB,,6.7,7.4,7,Passed,6.6
SP2023,SP2023-class 11,11,1905AGJEHA,,7,6,5.9,Passed,4.5
SP2023,SP2023-class 11,12,1905AGJEAE,,7.5,7.6,8.3,Passed,9.9
SP2023,SP2023-class 11,13,1905AGJEDG,,7.3,8.8,8.5,Passed,9.4
SP2023,SP2023-class 11,14,1905AGJEAF,,7,9,7.9,Passed,7.3
SP2023,SP2023-class 11,15,1905AGJEIG,,5.4,6.4,7.1,Passed,9.9
SP2023,SP2023-class 11,16,1905AGJEEF,,5,6.4,6.1,Passed,6.8
SP2023,SP2023-class 11,17,1905AGCFAC,,6.6,6.6,6.9,Passed,7.5
SP2023,SP2023-class 11,18,1905AGJECJ,,6.9,7.2,7.7,Passed,9.3
SP2023,SP2023-class 11,19,1905AGJEAD,,6.8,9.8,8.9,Passed,9.9
SP2023,SP2023-class 11,20,1905AGJEFH,,6.3,7.8,7.9,Passed,9.8
SP2023,SP2023-class 11,21,1905AGCJCB,,6.9,9.6,8.9,Passed,10
SP2023,SP2023-class 11,22,1905AGJEGB,,6.6,6.8,7.2,Passed,8.3
SP2023,SP2023-class 11,23,1905AGJEDB,,6.8,6.4,7.5,Passed,9.9
SP2023,SP2023-class 11,24,1905AGJEEB,,7.5,9.6,9.1,Passed,9.9
SP2023,SP2023-class 11,25,1905AGCDFB,,6.5,6.2,7.3,Passed,9.6
SP2023,SP2023-class 11,26,1905AGJECC,,6.4,6,7,Passed,9
SP2023,SP2023-class 11,27,1905AGCFHJ,,6.4,6.8,7.5,Passed,9.6
SP2023,SP2023-class 11,28,1905AGJEGC,,8.7,8,8.6,Passed,9.5
SP2023,SP2023-class 11,29,1905AGJEIC,,6.9,7.8,8,Passed,9.4
SP2023,SP2023-class 11,30,1905AGJEEH,,0,0,0,Attendance Fail,0
SP2023,SP2023-class 11,31,1905AGJEAC,,3.6,7,6,Passed,7.1
SP2023,SP2023-class 12,1,1905AGAJHA,,7,7,7.3,Passed,7.9
SP2023,SP2023-class 12,2,1905AGABAG,,8.5,7.8,8.1,Passed,8.3
SP2023,SP2023-class 12,3,1905AGABJG,,10,8.8,8.8,Passed,7.8
SP2023,SP2023-class 12,4,1905AGAJCC,,10,9.6,9.7,Passed,9.5
SP2023,SP2023-class 12,5,1905AGAAGI,,10,7.8,8.3,Passed,7.3
SP2023,SP2023-class 12,6,1905AGABAA,,8.5,8,8.2,Passed,8.2
SP2023,SP2023-class 12,7,1905AGAABA,,8.5,7.6,8.3,Passed,8.9
SP2023,SP2023-class 12,8,1905AGAJAF,,8.5,0,5.1,Not Passed,8.6
SP2023,SP2023-class 12,9,1905AGCEJA,,10,7,8.4,Passed,8.8
SP2023,SP2023-class 12,10,1905AGAJBG,,7,0,4.5,Not Passed,8
SP2023,SP2023-class 12,11,1905AGAJIG,,10,8.8,9.3,Passed,9.1
SP2023,SP2023-class 12,12,1905AGABJD,,10,5.4,7.5,Passed,7.7
SP2023,SP2023-class 12,13,1905AGCGJA,,0,0,1.2,Not Passed,4
SP2023,SP2023-class 12,14,1905AGAAFG,,5,5,5.6,Passed,7
SP2023,SP2023-class 12,15,1905AGABJA,,10,8,8.4,Passed,7.4
SP2023,SP2023-class 12,16,1905AGAABI,,9,10,9.5,Passed,9.2
SP2023,SP2023-class 12,17,1905AGAJFI,,8.5,9.4,8.9,Passed,8.6
SP2023,SP2023-class 12,18,1905AGAAAE,,8.5,0,5.3,Not Passed,9.1
SP2023,SP2023-class 12,19,1905AGAAEF,,9,6.4,7.7,Passed,8.3
SP2023,SP2023-class 12,20,1905AGAAJG,,8.5,5.4,7.3,Passed,8.7
SP2023,SP2023-class 12,21,1905AGAJIJ,,9,8,8.4,Passed,8.3
SP2023,SP2023-class 12,22,1905AGAAJE,,5,5,5.5,Passed,6.7
SP2023,SP2023-class 12,23,1905AGAAHG,,0,0,0.6,Attendance Fail,2.1
SP2023,SP2023-class 12,24,1905AGAAEJ,,9,8.6,8.8,Passed,8.9
SP2023,SP2023-class 12,25,1905AGABJC,,0,0,0,Attendance Fail,0
SP2023,SP2023-class 13,1,1905AGJEGA,,7,8.2,7.8,Passed,8.2
SP2023,SP2023-class 13,2,1905AGABEI,,8.5,9.4,9,Passed,9.1
SP2023,SP2023-class 13,3,1905AGACBF,,7,8,7.5,Passed,7.3
SP2023,SP2023-class 13,4,1905AGABFE,,9,7.2,8.4,Passed,9.3
SP2023,SP2023-class 13,5,1905AGACEG,,0,0,0,Attendance Fail,0
SP2023,SP2023-class 13,6,1905AGACBE,,9,9.2,9.2,Passed,9.3
SP2023,SP2023-class 13,7,1905AGADBB,,8,6.8,7.7,Passed,8.6
SP2023,SP2023-class 13,8,1905AGABIC,,8.5,4.6,6.9,Passed,8.4
SP2023,SP2023-class 13,9,1905AGACCJ,,9,8.2,8.8,Passed,9.4
SP2023,SP2023-class 13,10,1905AGAAEH,,7.5,4.6,6.5,Passed,7.9
SP2023,SP2023-class 13,11,1905AGACBH,,9,9.2,9.1,Passed,9
SP2023,SP2023-class 13,12,1905AGBJAF,,7,7.4,7.5,Passed,8.2
SP2023,SP2023-class 13,13,1905AGCCBJ,,8,5.6,7.2,Passed,8.6
SP2023,SP2023-class 13,14,1905AGACHJ,,0,0,0.5,Attendance Fail,1.5
SP2023,SP2023-class 13,15,1905AGADAA,,7.5,10,8.7,Passed,8.3
SP2023,SP2023-class 13,16,1905AGABCF,,8,0,4.8,Not Passed,8.2
SP2023,SP2023-class 13,17,1905AGAAGA,,8.5,9.4,9,Passed,8.9
SP2023,SP2023-class 13,18,1905AGADJJ,,7,0,4.6,Not Passed,8.4
SP2023,SP2023-class 13,19,1905AGABCE,,0,0,0.7,Attendance Fail,2.2
SP2023,SP2023-class 13,20,1905AGABDD,,8,5,6.9,Passed,8.2
SP2023,SP2023-class 13,21,1905AGADJF,,8.5,4,6.7,Passed,8.4
SP2023,SP2023-class 13,22,1905AGCJEJ,,7,6.2,7,Passed,8
SP2023,SP2023-class 13,23,1905AGADAJ,,8,8.8,8.4,Passed,8.4
SP2023,SP2023-class 13,24,1905AGACDA,,8,8.6,8.4,Passed,8.5
SP2023,SP2023-class 13,25,1905AHBEHG,,8.5,5.2,7.4,Passed,9.1
SP2023,SP2023-class 13,26,1905AGABHF,,7.5,9.6,8.3,Passed,7.4
SP2023,SP2023-class 13,27,1905AGABFD,,8.5,8.4,8.6,Passed,9
SP2023,SP2023-class 13,28,1905AGACCA,,0,0,0.6,Attendance Fail,1.9
SP2023,SP2023-class 13,29,1905AGADBJ,,8,8.4,8.3,Passed,8.3
SP2023,SP2023-class 13,30,1905AGABFG,,7,8,7.8,Passed,8.4
SP2023,SP2023-class 14,1,1905AGADHC,,8,6.2,7.1,Passed,7.5
SP2023,SP2023-class 14,2,1905AGAEAJ,,0,0,0,Attendance Fail,0
SP2023,SP2023-class 14,3,1905AGAEIJ,,8.5,8.8,8.4,Passed,7.6
SP2023,SP2023-class 14,4,1905AGAEFF,,8.5,7.8,7.9,Passed,7.3
SP2023,SP2023-class 14,5,1905AGAECH,,0,0,0,Attendance Fail,0
SP2023,SP2023-class 14,6,1905AGADEC,,8,6.6,7.2,Passed,7.3
SP2023,SP2023-class 14,7,1905AHCAIJ,,8,8.6,8.5,Passed,9
SP2023,SP2023-class 14,8,1905AGADFG,,5,5.8,5.9,Passed,7
SP2023,SP2023-class 14,9,1905AGAEJE,,8.5,5.6,7.3,Passed,8.5
SP2023,SP2023-class 14,10,1905AGAEJA,,7,5.2,6.4,Passed,7.5
SP2023,SP2023-class 14,11,1905AGAEAB,,5,6.4,6.2,Passed,7
SP2023,SP2023-class 14,12,1905AGADFH,,5,6,6.2,Passed,7.5
SP2023,SP2023-class 14,13,1905AGAEAC,,9,7.8,8.2,Passed,7.8
SP2023,SP2023-class 14,14,1905AHBIEB,,6,6.6,6.5,Passed,7
SP2023,SP2023-class 14,15,1905AGAEAD,,5,5.4,5.8,Passed,7
SP2023,SP2023-class 14,16,1905AGADCC,,8,8.2,7.9,Passed,7.5
SP2023,SP2023-class 14,17,1905AGJCEI,,7,5,6.4,Passed,7.5
SP2023,SP2023-class 14,18,1905AGAEGH,,0,0,0,Attendance Fail,0
SP2023,SP2023-class 14,19,1905AGAFJD,,8,7.8,7.8,Passed,7.5
SP2023,SP2023-class 14,20,1905AGADDE,,8,8,7.9,Passed,7.5
SP2023,SP2023-class 14,21,1905AGAEHE,,8.5,6.4,7.4,Passed,7.5
SP2023,SP2023-class 14,22,1905AGAEGD,,7,7.8,7.5,Passed,7.5
SP2023,SP2023-class 14,23,1905AGAEEJ,,8.5,9,8.4,Passed,7.6
SP2023,SP2023-class 14,24,1905AGADIE,,8,7,7.6,Passed,8
SP2023,SP2023-class 14,25,1905AGADDD,,0,0,0,Attendance Fail,0
SP2023,SP2023-class 15,1,1905AGAGDA,,7,7.4,7.1,Passed,6.8
SP2023,SP2023-class 15,2,1905AGCCAE,,8,8.6,8.2,Passed,8
SP2023,SP2023-class 15,3,1905AGBHEE,,3.5,8.4,5.6,Passed,4
SP2023,SP2023-class 15,4,1905AGAFHA,,8,4.4,6.6,Passed,8
SP2023,SP2023-class 15,5,1905AGAFBB,,7,6,5.6,Passed,3.8
SP2023,SP2023-class 15,6,1905AHJCGA,,8,8.2,8.1,Passed,8
SP2023,SP2023-class 15,7,1905AGAFIE,,8,7.6,7.8,Passed,8
SP2023,SP2023-class 15,8,1905AGAGDD,,8,6.4,7.2,Passed,7.5
SP2023,SP2023-class 15,9,1905AGAGEE,,6,6.6,6.5,Passed,7
SP2023,SP2023-class 15,10,1905AGAFIH,,7,5.8,6.4,Passed,6.5
SP2023,SP2023-class 15,11,1905AGJDFF,,7,4,5.7,Passed,6.5
SP2023,SP2023-class 15,12,1905AGAGBA,,8,6.6,7.4,Passed,8
SP2023,SP2023-class 15,13,1905AGAGEH,,0,0,1.7,Attendance Fail,5.5
SP2023,SP2023-class 15,14,1905AGAFDI,,8,7.8,7.3,Passed,6
SP2023,SP2023-class 15,15,1905AGAGJJ,,7,5,6.4,Passed,7.8
SP2023,SP2023-class 15,16,1905AHAEJI,,7,8.6,7.6,Passed,7
SP2023,SP2023-class 15,17,1905AGJDBH,,6,8.4,6.4,Passed,4.3
SP2023,SP2023-class 15,18,1905AGBBCH,,0,0,0,Attendance Fail,0
SP2023,SP2023-class 15,19,1905AGAFBH,,0,0,0,Attendance Fail,0
SP2023,SP2023-class 15,20,1905AGAGGD,,7,7.4,7.2,Passed,7
SP2023,SP2023-class 15,21,1905AGAGJA,,8,7.2,7.7,Passed,8
SP2023,SP2023-class 15,22,1905AGAGHJ,,3,0,1.5,Not Passed,2
SP2023,SP2023-class 15,23,1905AGAFAA,,7,5.8,5.4,Passed,3.3
SP2023,SP2023-class 15,24,1905AGAGFC,,3.5,7.8,6.3,Passed,7
SP2023,SP2023-class 15,25,1905AGAGAI,,8,7.2,7.5,Passed,7.5
SP2023,SP2023-class 15,26,1905AGAGAF,,7,7,7.2,Passed,7.8
SP2023,SP2023-class 15,27,1905AGAFCJ,,6,0,2.4,Not Passed,2
SP2023,SP2023-class 15,28,1905AGAFDH,,6,8,7,Passed,6.5
SP2023,SP2023-class 15,29,1905AGAGDC,,6.5,4.4,5.3,Passed,5.3
SP2023,SP2023-class 15,30,1905AGAFGE,,8,7.2,7.7,Passed,8
SP2023,SP2023-class 15,31,1905AGAGDF,,8,9.4,8.2,Passed,6.8
SP2023,SP2023-class 15,32,1905AHAFHF,,0,0,1.6,Not Passed,5.3
SP2023,SP2023-class 15,33,1905AFBJGD,,6,7.6,6,Passed,4
SP2023,SP2023-class 16,1,1905AGAHBG,,8.5,5.6,7.5,Passed,9
SP2023,SP2023-class 16,2,1905AGAHII,,8.8,6.6,8.1,Passed,9.4
SP2023,SP2023-class 16,3,1905AGAHGC,,8.3,5.2,7.1,Passed,8.6
SP2023,SP2023-class 16,4,1905AGAHHH,,9,7.6,8.5,Passed,9.1
SP2023,SP2023-class 16,5,1905AGAHBH,,6.8,7.8,7.8,Passed,8.9
SP2023,SP2023-class 16,6,1905AGCEAH,,4.8,0,2.1,Attendance Fail,2.3
SP2023,SP2023-class 16,7,1905AGAHJJ,,9,7.2,8.3,Passed,9
SP2023,SP2023-class 16,8,1905AGAHCE,,9,7.6,8.5,Passed,9.1
SP2023,SP2023-class 16,9,1905AGAHBI,,8.8,4.6,7.2,Passed,9.1
SP2023,SP2023-class 16,10,1905AGAHHC,,9.3,4,7.1,Passed,9
SP2023,SP2023-class 16,11,1905AHJCGB,,4,6,6.1,Passed,8.4
SP2023,SP2023-class 16,12,1905AGBGED,,7.8,6,7.1,Passed,7.8
SP2023,SP2023-class 16,13,1905AGAHEG,,9.3,7.8,8.7,Passed,9.4
SP2023,SP2023-class 16,14,1905AGAGHD,,7.8,7.4,7.9,Passed,8.9
SP2023,SP2023-class 16,15,1905AGAGIF,,8.5,0,4.5,Not Passed,6.4
SP2023,SP2023-class 16,16,1905AGAHIH,,8,8,8.4,Passed,9.4
SP2023,SP2023-class 16,17,1905AGAHBF,,8.5,5.6,7.3,Passed,8.4
SP2023,SP2023-class 16,18,1905AGAHCJ,,8.8,7.2,8.2,Passed,9
SP2023,SP2023-class 16,19,1905AGCGAB,,9.5,9.8,9.5,Passed,9.3
SP2023,SP2023-class 16,20,1905AGAHBE,,8.5,8,8.5,Passed,9
SP2023,SP2023-class 16,21,1905AGAHCA,,9.5,6.4,8,Passed,8.8
SP2023,SP2023-class 16,22,1905AGAHCF,,8.3,7,7.7,Passed,8
SP2023,SP2023-class 16,23,1905AGAHIJ,,8.5,8.2,8.5,Passed,8.9
SP2023,SP2023-class 16,24,1905AGAHCG,,9,4,6.9,Passed,8.8
SP2023,SP2023-class 16,25,1905AGAHHF,,8.3,4.4,6.9,Passed,8.9
SP2023,SP2023-class 16,26,1905AGAHBJ,,9,8,8.5,Passed,8.8
SP2023,SP2023-class 16,27,1905AGAHED,,8.8,7.4,8.3,Passed,9.1
SP2023,SP2023-class 16,28,1905AGAHGI,,9,7.6,8.5,Passed,9.3
SP2023,SP2023-class 16,29,1905AGAHGF,,9.3,8.4,8.9,Passed,9.1
SP2023,SP2023-class 16,30,1905AGAGHG,,8.5,6.4,7.8,Passed,8.9
SP2023,SP2023-class 16,31,1905AGAHEB,,6.3,0,4.1,Not Passed,7.5
SP2023,SP2023-class 16,32,1905AGAIJD,,9.3,7.8,8.6,Passed,9.1
SP2023,SP2023-class 16,33,1905AGAHJA,,9.5,6,8,Passed,9.1
SP2023,SP2023-class 17,1,1905AGBJHH,,9.5,9.2,9.3,Passed,9.3
SP2023,SP2023-class 17,2,1905AGBAJA,,8,7.2,7.7,Passed,8
SP2023,SP2023-class 17,3,1905AGBJFF,,9,4.8,7.3,Passed,9
SP2023,SP2023-class 17,4,1905AGAIAF,,10,7.4,9,Passed,10
SP2023,SP2023-class 17,5,1905AGAIGJ,,8.5,5.6,7.7,Passed,9.8
SP2023,SP2023-class 17,6,1905AGAIIF,,9,7.2,8.1,Passed,8.4
SP2023,SP2023-class 17,7,1905AGBAJF,,8,4.8,7.2,Passed,9.6
SP2023,SP2023-class 17,8,1905AGBJDD,,8,0,4.4,Attendance Fail,6.6
SP2023,SP2023-class 17,9,1905AGBJDF,,9,7.2,8.5,Passed,9.9
SP2023,SP2023-class 17,10,1905AGBJJE,,9,5.4,7.6,Passed,9.1
SP2023,SP2023-class 17,11,1905AGAIEH,,8,4,6.7,Passed,9
SP2023,SP2023-class 17,12,1905AHCAII,,8,9.4,9.1,Passed,9.8
SP2023,SP2023-class 17,13,1905AHDJCH,,9.5,7,8.5,Passed,9.4
SP2023,SP2023-class 17,14,1905AGBJIA,,10,7.2,8.9,Passed,10
SP2023,SP2023-class 17,15,1905AGBJJD,,9,6.6,7.9,Passed,8.4
SP2023,SP2023-class 17,16,1905AHBIHF,,8,5.8,7.2,Passed,8.3
SP2023,SP2023-class 17,17,1905AGAIHF,,8,0,4.8,Not Passed,8
SP2023,SP2023-class 17,18,1905AGBJGI,,9,6.4,8,Passed,9.3
SP2023,SP2023-class 17,19,1905AHCGAE,,8,4.6,6.9,Passed,8.8
SP2023,SP2023-class 17,20,1905AGAIGB,,6.5,0,3.7,Attendance Fail,5.8
SP2023,SP2023-class 17,21,1905AGBAAJ,,9,5.8,7.6,Passed,8.5
SP2023,SP2023-class 17,22,1905AGBJAE,,9.5,7,8.1,Passed,8.3
SP2023,SP2023-class 17,23,1905AGBJAJ,,8.5,8.8,8.6,Passed,8.5
SP2023,SP2023-class 17,24,1905AGBJHA,,8,0,5,Not Passed,8.6
SP2023,SP2023-class 17,25,1905AGBJEG,,9,5.6,7.5,Passed,8.5
SP2023,SP2023-class 17,26,1905AGAIAJ,,8.8,7,8.3,Passed,9.5
SP2023,SP2023-class 17,27,1905AGBJBD,,8.5,5.6,7.5,Passed,9
SP2023,SP2023-class 17,28,1905AGBJCI,,9,7.2,8.3,Passed,9
SP2023,SP2023-class 17,29,1905AGBAAE,,8,0,4.8,Not Passed,8
SP2023,SP2023-class 17,30,1905AGAIGF,,8,4.6,6.8,Passed,8.5
SP2023,SP2023-class 17,31,1905AGAIDA,,8.8,7,8.1,Passed,9
SP2023,SP2023-class 17,32,1905AGBHAI,,9,9,8.8,Passed,8.3
SP2023,SP2023-class 17,33,1905AGBAJD,,9,8.6,9,Passed,9.5
SP2023,SP2023-class 18,1,1905AGBBEG,,8.5,6,7.8,Passed,9.4
SP2023,SP2023-class 18,2,1905AGCBDF,,4.5,0,2.6,Not Passed,4.3
SP2023,SP2023-class 18,3,1905AGBAFI,,8.5,9.2,9,Passed,9.1
SP2023,SP2023-class 18,4,1905AGBACG,,7.5,0,3.4,Not Passed,3.9
SP2023,SP2023-class 18,5,1905AHCHDA,,7.8,5.4,6.9,Passed,8
SP2023,SP2023-class 18,6,1905AGBGGE,,7.8,6.8,7.7,Passed,8.9
SP2023,SP2023-class 18,7,1905AGBACA,,8.3,6.2,7.7,Passed,9.3
SP2023,SP2023-class 18,8,1905AFAEEJ,,0,0,0,Attendance Fail,0
SP2023,SP2023-class 18,9,1905AGBAIF,,9,7,8.4,Passed,9.5
SP2023,SP2023-class 18,10,1905AHCBJF,,9,6.2,7.8,Passed,8.8
SP2023,SP2023-class 18,11,1905AGBAGG,,9,6,7.6,Passed,8.3
SP2023,SP2023-class 18,12,1905AHCAIB,,9,7.4,8.4,Passed,9
SP2023,SP2023-class 18,13,1905AGBBEI,,9,6.4,7.8,Passed,8.5
SP2023,SP2023-class 18,14,1905AGBBAD,,9,6.2,7.5,Passed,7.9
SP2023,SP2023-class 18,15,1905AGBAEC,,7.3,8.2,8,Passed,8.5
SP2023,SP2023-class 18,16,1905AGBAGA,,8.5,6.4,7.8,Passed,9.1
SP2023,SP2023-class 18,17,1905AGJFJG,,9.3,8.6,9.1,Passed,9.6
SP2023,SP2023-class 18,18,1905AGBBAF,,9,6.8,8.1,Passed,9
SP2023,SP2023-class 18,19,1905AGBACJ,,7.8,5.6,7.4,Passed,9.4
SP2023,SP2023-class 18,20,1905AGBBFG,,8,9.4,8.5,Passed,7.8
SP2023,SP2023-class 18,21,1905AGJEIH,,9.3,7.6,8.7,Passed,9.5
SP2023,SP2023-class 18,22,1905AGBAEE,,9.8,6.2,8.1,Passed,9.1
SP2023,SP2023-class 18,23,1905AGCEJD,,7,4.8,6.6,Passed,8.5
SP2023,SP2023-class 18,24,1905AGBAFC,,8.3,6.4,7.4,Passed,8
SP2023,SP2023-class 18,25,1905AGBBAC,,9.5,9.2,9.3,Passed,9.4
SP2023,SP2023-class 18,26,1905AGBAAH,,7.5,4.2,6.7,Passed,9.1
SP2023,SP2023-class 18,27,1905AGBABH,,6.8,4.6,6.6,Passed,9.1
SP2023,SP2023-class 18,28,1905AGCFAH,,9.5,8.8,9.2,Passed,9.5
SP2023,SP2023-class 18,29,1905AGJCGJ,,8.5,7.8,8.4,Passed,9.3
SP2023,SP2023-class 18,30,1905AGBBAB,,9,4.2,7,Passed,8.9
SP2023,SP2023-class 18,31,1905AGBADG,,4.3,0,1.3,Attendance Fail,0
SP2023,SP2023-class 18,32,1905AHCBIA,,8,7,8,Passed,9.4
SP2023,SP2023-class 18,33,1905AGBAGF,,7,7,7.6,Passed,9.1
SP2023,SP2023-class 19,1,1905AGBBIF,,9.5,8.6,9.3,Passed,10
SP2023,SP2023-class 19,2,1905AGBCDI,,7.4,8.2,8.5,Passed,10
SP2023,SP2023-class 19,3,1905AGBBIG,,7.2,7.6,7.9,Passed,9
SP2023,SP2023-class 19,4,1905AGBCCJ,,9.8,8.2,9.2,Passed,10
SP2023,SP2023-class 19,5,1905AGBCHJ,,9.5,7.8,9,Passed,10
SP2023,SP2023-class 19,6,1905AGJJHB,,9.2,4.2,7.4,Passed,10
SP2023,SP2023-class 19,7,1905AGBCDE,,9.4,7.2,8.7,Passed,10
SP2023,SP2023-class 19,8,1905AGBDAD,,5.8,5.8,7,Passed,9.7
SP2023,SP2023-class 19,9,1905AGBCEI,,9.5,7.8,9,Passed,10
SP2023,SP2023-class 19,10,1905AGBBHE,,9.3,4.6,7.6,Passed,10
SP2023,SP2023-class 19,11,1905AGBCDJ,,9.5,5.4,8,Passed,10
SP2023,SP2023-class 19,12,1905AGBCHH,,9.4,7.6,8.9,Passed,10
SP2023,SP2023-class 19,13,1905AGBCCB,,9.4,7.2,8.7,Passed,10
SP2023,SP2023-class 19,14,1905AGBBHC,,9.3,5.6,7.8,Passed,9.4
SP2023,SP2023-class 19,15,1905AGBCID,,9.3,6.2,8.3,Passed,10
SP2023,SP2023-class 19,16,1905AGBCCG,,0,0,0,Attendance Fail,0
SP2023,SP2023-class 19,17,1905AGBBIJ,,8.9,6.4,8.2,Passed,10
SP2023,SP2023-class 19,18,1905AGBCHD,,9.5,5.8,8.2,Passed,10
SP2023,SP2023-class 19,19,1905AGBCHA,,9.3,6,8.1,Passed,9.7
SP2023,SP2023-class 19,20,1905AGAJDC,,9.4,7.6,8.9,Passed,10
SP2023,SP2023-class 19,21,1905AGBCAC,,9.5,8.2,9.1,Passed,10
SP2023,SP2023-class 19,22,1905AGBCAG,,6.8,5.6,7.2,Passed,9.7
SP2023,SP2023-class 19,23,1905AGBCJF,,9.4,6.4,8.4,Passed,10
SP2023,SP2023-class 19,24,1905AGBIBI,,9.4,5.6,8,Passed,9.7
SP2023,SP2023-class 19,25,1905AGJEFE,,8.7,4.6,7.4,Passed,10
SP2023,SP2023-class 19,26,1905AGBCEJ,,9.5,9.8,9.8,Passed,10
SP2023,SP2023-class 19,27,1905AGJCEJ,,0,0,0,Attendance Fail,0
SP2023,SP2023-class 19,28,1905AGBCII,,7.2,9.2,8.7,Passed,9.7
SP2023,SP2023-class 19,29,1905AHJFEF,,9.4,5,7.8,Passed,10
SP2023,SP2023-class 19,30,1905AGBCIB,,9.4,7.6,8.9,Passed,10
SP2023,SP2023-class 20,1,1905AGBDIA,,8,5.2,6.8,Passed,7.7
SP2023,SP2023-class 20,2,1905AGBEDE,,7.9,6.2,7.3,Passed,8.1
SP2023,SP2023-class 20,3,1905AGBDFD,,8.1,7.4,7.6,Passed,7.6
SP2023,SP2023-class 20,4,1905AGBEJH,,7.9,8.4,8.1,Passed,7.8
SP2023,SP2023-class 20,5,1905AGBDHA,,8.1,8,7.9,Passed,7.5
SP2023,SP2023-class 20,6,1905AGBDGA,,7.9,6.4,7.2,Passed,7.6
SP2023,SP2023-class 20,7,1905AGBDGB,,7.9,6.4,7.3,Passed,7.9
SP2023,SP2023-class 20,8,1905AGBDHF,,8,7.4,7.4,Passed,7
SP2023,SP2023-class 20,9,1905AGBDFF,,8.1,7.8,7.8,Passed,7.5
SP2023,SP2023-class 20,10,1905AGBEJD,,8.1,7,7.5,Passed,7.5
SP2023,SP2023-class 20,11,1905AGBEDD,,8,6.4,7.1,Passed,7.2
SP2023,SP2023-class 20,12,1905AGBDHH,,8.1,6.8,7.5,Passed,8
SP2023,SP2023-class 20,13,1905AGBEDC,,8,6,7,Passed,7.3
SP2023,SP2023-class 20,14,1905AGBACE,,7.6,5.4,6.4,Passed,6.4
SP2023,SP2023-class 20,15,1905AGBEAE,,7.7,9,8.2,Passed,7.7
SP2023,SP2023-class 20,16,1905AGBDAB,,8,8.6,8.3,Passed,8.2
SP2023,SP2023-class 20,17,1905AGBDGJ,,7.6,6.4,7,Passed,7.3
SP2023,SP2023-class 20,18,1905AGBEJC,,8.1,8.8,8.1,Passed,7.3
SP2023,SP2023-class 20,19,1905AFAEAC,,6,0,3.8,Not Passed,6.8
SP2023,SP2023-class 20,20,1905AGAECD,,8.1,5.6,7,Passed,7.7
SP2023,SP2023-class 20,21,1905AGBDAA,,8,8,7.9,Passed,7.7
SP2023,SP2023-class 20,22,1905AGBEEI,,8,7,7.2,Passed,6.8
SP2023,SP2023-class 20,23,1905AGBDII,,8,7.8,7.8,Passed,7.7
SP2023,SP2023-class 20,24,1905AGBDCA,,8,7.4,7.5,Passed,7.2
SP2023,SP2023-class 20,25,1905AGBEAH,,8.1,5.6,6.9,Passed,7.4
SP2023,SP2023-class 20,26,1905AGBDCD,,8.1,7.6,7.8,Passed,7.9
SP2023,SP2023-class 20,27,1905AHAEDC,,8.1,7.8,8,Passed,8.3
SP2023,SP2023-class 20,28,1905AGBDFE,,7.9,4.2,6.2,Passed,7.2
SP2023,SP2023-class 21,1,1905AGBFBH,,0,0,0,Attendance Fail,0
SP2023,SP2023-class 21,2,1905AGBFAF,,8.5,6.4,7.5,Passed,8
SP2023,SP2023-class 21,3,1905AHBHHC,,4,7.4,5.5,Passed,4.5
SP2023,SP2023-class 21,4,1905AGBFDE,,8,9,8.1,Passed,7
SP2023,SP2023-class 21,5,1905AGBFBG,,7,6,6.6,Passed,7
SP2023,SP2023-class 21,6,1905AGBFEA,,9,8.4,8.4,Passed,7.8
SP2023,SP2023-class 21,7,1905AGAEHH,,7,6.2,6.2,Passed,5.5
SP2023,SP2023-class 21,8,1905AGBFGC,,6,6.8,6.5,Passed,6.8
SP2023,SP2023-class 21,9,1905AGCJIJ,,6,6.2,6.4,Passed,7
SP2023,SP2023-class 21,10,1905AGBEGC,,9,7.2,7.6,Passed,6.8
SP2023,SP2023-class 21,11,1905AGBEHJ,,5,6.8,6,Passed,6
SP2023,SP2023-class 21,12,1905AGCGJC,,5,8.4,6.6,Passed,5.8
SP2023,SP2023-class 21,13,1905AGBFJD,,5,6.8,5.9,Passed,5.8
SP2023,SP2023-class 21,14,1905AHBJIH,,4.5,7.8,6.4,Passed,6.5
SP2023,SP2023-class 21,15,1905AHBBEI,,4.5,8,6.5,Passed,6.5
SP2023,SP2023-class 21,16,1905AGBEIG,,6.5,8,7.6,Passed,8
SP2023,SP2023-class 21,17,1905AHAEBB,,5,8.4,7,Passed,7
SP2023,SP2023-class 21,18,1905AGBFED,,9,7.4,8.4,Passed,9
SP2023,SP2023-class 21,19,1905AHAGFH,,1,7,5.2,Passed,7
SP2023,SP2023-class 21,20,1905AGBEIJ,,5.5,9.4,7.5,Passed,7
SP2023,SP2023-class 21,21,1905AGBEGJ,,6,6,6.4,Passed,7.3
SP2023,SP2023-class 21,22,1905AGBEAF,,9,8.2,8.4,Passed,8
SP2023,SP2023-class 21,23,1905AGBFAD,,6,9,7.2,Passed,6
SP2023,SP2023-class 21,24,1905AHAEAD,,4.5,7.2,6,Passed,6
SP2023,SP2023-class 21,25,1905AHDCDH,,5,9.2,7.2,Passed,6.8
SP2023,SP2023-class 21,26,1905AGBEGE,,5,7,6,Passed,5.5
SP2023,SP2023-class 21,27,1905AGCCBD,,6,8.2,7.2,Passed,7
SP2023,SP2023-class 21,28,1905AGBFAJ,,6,8.8,7.1,Passed,6
SP2023,SP2023-class 21,29,1905AGBFEI,,8,7.2,7.3,Passed,6.8
SP2023,SP2023-class 21,30,1905AHDCHF,,7,7,7,Passed,7
SP2023,SP2023-class 21,31,1905AGBEEE,,7,6.6,6.9,Passed,7.3
SP2023,SP2023-class 21,32,1905AGBEII,,2,0,2,Not Passed,4.8
SP2023,SP2023-class 22,1,1905AGBGIC,,7,5.2,6.4,Passed,7.4
SP2023,SP2023-class 22,2,1905AGBGGD,,8.5,7.6,8.1,Passed,8.5
SP2023,SP2023-class 22,3,1905AGBGCB,,6.8,6.2,7,Passed,8.3
SP2023,SP2023-class 22,4,1905AGBGIJ,,7.5,6.8,7.6,Passed,8.8
SP2023,SP2023-class 22,5,1905AGBGFJ,,7.5,8,8.1,Passed,8.9
SP2023,SP2023-class 22,6,1905AGBGFB,,0.5,0,0.5,Attendance Fail,1
SP2023,SP2023-class 22,7,1905AGBHBB,,0.5,0,1.4,Attendance Fail,4.3
SP2023,SP2023-class 22,8,1905AGJJCJ,,7.3,8.8,8.2,Passed,8.3
SP2023,SP2023-class 22,9,1905AGBGAF,,4.5,0,3.6,Not Passed,7.4
SP2023,SP2023-class 22,10,1905AGBGAB,,7.5,5.4,7.1,Passed,8.9
SP2023,SP2023-class 22,11,1905AGJAFG,,7,6.2,7.1,Passed,8.5
SP2023,SP2023-class 22,12,1905AGCAJH,,7.3,0,4.5,Not Passed,7.6
SP2023,SP2023-class 22,13,1905AGCFFB,,7.8,6.6,7.7,Passed,9.3
SP2023,SP2023-class 22,14,1905AGBGAD,,0.5,0,0.5,Attendance Fail,1
SP2023,SP2023-class 22,15,1905AGBGBE,,8.3,9,8.9,Passed,9.4
SP2023,SP2023-class 22,16,1905AGBGAJ,,4.8,4.8,5.5,Passed,7.3
SP2023,SP2023-class 22,17,1905AGBGGG,,8.5,5.6,7.5,Passed,9.1
SP2023,SP2023-class 22,18,1905AGBHJJ,,7.5,4.8,6.5,Passed,7.9
SP2023,SP2023-class 22,19,1905AGBJIE,,8.8,7.6,8.3,Passed,8.8
SP2023,SP2023-class 22,20,1905AGBFHI,,7.8,6.4,7.5,Passed,8.9
SP2023,SP2023-class 22,21,1905AGBGBG,,7.8,0,5.1,Not Passed,9.3
SP2023,SP2023-class 22,22,1905AGBGCI,,8.5,0,5.3,Not Passed,9
SP2023,SP2023-class 23,1,1905AGBHEG,,8.3,6.4,7.1,Passed,6.9
SP2023,SP2023-class 23,2,1905AGBIJF,,8,6,6.9,Passed,6.9
SP2023,SP2023-class 23,3,1905AGBIAD,,7.5,6.6,7.5,Passed,8.6
SP2023,SP2023-class 23,4,1905AGBHEJ,,9.3,4.2,6.4,Passed,6.6
SP2023,SP2023-class 23,5,1905AGBIBG,,7,8.2,7.7,Passed,7.8
SP2023,SP2023-class 23,6,1905AGBHDD,,0,0,0,Attendance Fail,0
SP2023,SP2023-class 23,7,1905AFJDBI,,8.3,9.2,8.4,Passed,7.6
SP2023,SP2023-class 23,8,1905AGBIEI,,6,5,5.4,Passed,5.3
SP2023,SP2023-class 23,9,1905AGBHDE,,7.5,7,7.1,Passed,6.9
SP2023,SP2023-class 23,10,1905AGBIBF,,7.5,6,6.6,Passed,6.6
SP2023,SP2023-class 23,11,1905AGBHHC,,7,8.6,7.7,Passed,7.3
SP2023,SP2023-class 23,12,1905AGABAI,,8.3,8.2,7.8,Passed,6.8
SP2023,SP2023-class 23,13,1905AGBIJG,,7.5,6.4,7.3,Passed,8.4
SP2023,SP2023-class 23,14,1905AGBIJE,,7.5,8.4,7.9,Passed,7.8
SP2023,SP2023-class 23,15,1905AGBHHI,,7.5,6.4,7.1,Passed,7.6
SP2023,SP2023-class 23,16,1905AGBEBH,,8,9.6,8.7,Passed,8.3
SP2023,SP2023-class 23,17,1905AGBHCG,,6,7.6,6.8,Passed,6.5
SP2023,SP2023-class 23,18,1905AGBHID,,7.5,8,8,Passed,8.4
SP2023,SP2023-class 23,19,1905AGBJGC,,6,6,6.2,Passed,6.8
SP2023,SP2023-class 23,20,1905AHCEJB,,6,8.4,7.2,Passed,6.7
SP2023,SP2023-class 23,21,1905AGBHGC,,0,0,0,Attendance Fail,0
SP2023,SP2023-class 23,22,1905AGBHFE,,7,9.2,8,Passed,7.5
SP2023,SP2023-class 23,23,1905AGCBGG,,6,7.4,6.6,Passed,6.1
SP2023,SP2023-class 23,24,1905AGBIEA,,7.5,5.8,6.3,Passed,5.9
SP2023,SP2023-class 23,25,1905ADJBAJ,,6,6,6.1,Passed,6.5
SP2023,SP2023-class 23,26,1905AGBIHC,,0,0,0,Attendance Fail,0
SP2023,SP2023-class 23,27,1905AGBIAC,,7.5,8.4,7.9,Passed,7.6
SP2023,SP2023-class 23,28,1905AGBIGE,,7,4.6,5.6,Passed,5.5
SP2023,SP2023-class 23,29,1905AGBHCI,,8,6.4,7.4,Passed,8.1
SP2023,SP2023-class 23,30,1905AGBGFC,,9.3,6,7.5,Passed,7.6
SP2023,SP2023-class 23,31,1905AFAHBH,,0,0,0,Attendance Fail,0
SP2023,SP2023-class 23,32,1905AGCFIC,,6.5,6.6,6.7,Passed,6.9
SP2023,SP2023-class 23,33,1905AGAGBH,,7,8,7.3,Passed,6.7
SP2023,SP2023-class 24,1,1905AGCJCH,,4.5,6.4,6.3,Passed,8.1
SP2023,SP2023-class 24,2,1905AGCAJG,,5,8.6,7.1,Passed,7.2
SP2023,SP2023-class 24,3,1905AGCJIE,,5,5.4,6.1,Passed,8.1
SP2023,SP2023-class 24,4,1905AGCJHA,,9.5,9,9.2,Passed,9.3
SP2023,SP2023-class 24,5,1905AGCJFI,,5,7,6.5,Passed,7.3
SP2023,SP2023-class 24,6,1905AGCAJD,,6,6.8,7,Passed,8.2
SP2023,SP2023-class 24,7,1905AGCJCC,,5,8.8,6.7,Passed,5.7
SP2023,SP2023-class 24,8,1905AGCJFJ,,5,8.2,6.9,Passed,7
SP2023,SP2023-class 24,9,1905AGCABB,,5.5,7.6,7.1,Passed,8.2
SP2023,SP2023-class 24,10,1905AGCJFD,,5,5.6,5.7,Passed,6.7
SP2023,SP2023-class 24,11,1905AGCJDF,,5,8.4,7.7,Passed,9.6
SP2023,SP2023-class 24,12,1905AGCABJ,,2.5,8,5.5,Passed,5.1
SP2023,SP2023-class 24,13,1905AGCJDJ,,5,9.2,7.9,Passed,9.2
SP2023,SP2023-class 24,14,1905AGCAAJ,,2.5,6.6,5.6,Passed,7.5
SP2023,SP2023-class 24,15,1905AGCJHI,,5,8.6,7.4,Passed,8.2
SP2023,SP2023-class 24,16,1905AGCJGI,,8,8.8,8.5,Passed,8.6
SP2023,SP2023-class 24,17,1905AGCJBA,,5,5.8,6.2,Passed,7.9
SP2023,SP2023-class 24,18,1905AHJDDC,,0,0,0,Attendance Fail,0
SP2023,SP2023-class 24,19,1905AGBIDA,,5,7.2,6.8,Passed,8.1
SP2023,SP2023-class 24,20,1905AGCAJE,,0,0,2.6,Not Passed,8.6
SP2023,SP2023-class 24,21,1905AGCJBH,,2.5,10,7.6,Passed,9.5
SP2023,SP2023-class 24,22,1905AHJDCB,,7.5,9.8,8.9,Passed,9
SP2023,SP2023-class 24,23,1905AGCCAC,,5,7.8,7,Passed,8.1
SP2023,SP2023-class 24,24,1905AGCJAF,,5,8.4,7.6,Passed,9.3
SP2023,SP2023-class 24,25,1905AGCADA,,5,5.4,5.9,Passed,7.5
SP2023,SP2023-class 24,26,1905AGCJFG,,5,9.4,7.9,Passed,9
SP2023,SP2023-class 24,27,1905AGCABE,,9,8.4,8.4,Passed,7.9
SP2023,SP2023-class 24,28,1905AGCJCI,,10,9.6,9.8,Passed,9.8
SP2023,SP2023-class 24,29,1905AGCAJA,,5.5,5,6.2,Passed,8.6
SP2023,SP2023-class 25,1,1905AGCBJG,,8.3,7,8.3,Passed,10
SP2023,SP2023-class 25,2,1905AGCBAG,,9.4,5.6,7.7,Passed,9
SP2023,SP2023-class 25,3,1905AGCAID,,9.5,6.6,8.5,Passed,10
SP2023,SP2023-class 25,4,1905AGCAFJ,,0,0,0,Attendance Fail,0
SP2023,SP2023-class 25,5,1905AGCBBH,,9.5,5.2,7.9,Passed,9.8
SP2023,SP2023-class 25,6,1905AGCAGI,,9.4,8.6,9.3,Passed,10
SP2023,SP2023-class 25,7,1905AGCAEB,,9.5,6.8,8.6,Passed,10
SP2023,SP2023-class 25,8,1905AGCFCB,,8.9,7.6,8.4,Passed,9
SP2023,SP2023-class 25,9,1905AGCAFI,,8.9,6.4,8.2,Passed,10
SP2023,SP2023-class 25,10,1905AGCAIJ,,9.5,7.8,9,Passed,10
SP2023,SP2023-class 25,11,1905AGCAEE,,9.5,5.4,8,Passed,10
SP2023,SP2023-class 25,12,1905AGCBBD,,9.7,8,9.1,Passed,10
SP2023,SP2023-class 25,13,1905AGCAGC,,9.5,5.6,8,Passed,9.6
SP2023,SP2023-class 25,14,1905AGCBBJ,,7.7,6.2,7.5,Passed,9
SP2023,SP2023-class 25,15,1905AGCAGD,,8.4,5.6,7.8,Passed,10
SP2023,SP2023-class 25,16,1905AGCAHH,,8,0,2.4,Attendance Fail,0
SP2023,SP2023-class 25,17,1905AGBGJI,,0,0,0,Attendance Fail,0
SP2023,SP2023-class 25,18,1905AGCAGE,,9.5,9.8,9.6,Passed,9.6
SP2023,SP2023-class 25,19,1905AGCAFD,,9.5,5,7.8,Passed,10
SP2023,SP2023-class 25,20,1905AGCADB,,9.5,7,8.6,Passed,10
SP2023,SP2023-class 25,21,1905AGCBAE,,0,0,0,Attendance Fail,0
SP2023,SP2023-class 25,22,1905AGCAGA,,8.3,8.6,8.8,Passed,9.6
SP2023,SP2023-class 25,23,1905AGJCEA,,7,7.4,7.7,Passed,9
SP2023,SP2023-class 25,24,1905AGCAEJ,,0,0,0,Attendance Fail,0
SP2023,SP2023-class 25,25,1905AGCAIC,,9,7,8.4,Passed,9.6
SP2023,SP2023-class 25,26,1905AGCAIA,,9.5,8.8,9.1,Passed,9.3
SP2023,SP2023-class 25,27,1905AGCAEI,,9.5,6.2,7.8,Passed,8.3
SP2023,SP2023-class 25,28,1905AGCBBC,,9.5,6,8.1,Passed,9.6
SP2023,SP2023-class 25,29,1905AGCBFE,,7.4,0,5.2,Not Passed,9.8
SP2023,SP2023-class 25,30,1905AGBEHB,,0,0,0,Attendance Fail,0
SP2023,SP2023-class 26,1,1905AGCBIG,,9,7.6,8,Passed,7.4
SP2023,SP2023-class 26,2,1905AGCCGF,,5,6.6,6.3,Passed,7.3
SP2023,SP2023-class 26,3,1905AGCCDG,,9,5.6,7.5,Passed,8.6
SP2023,SP2023-class 26,4,1905AGCCFB,,10,8.8,8.8,Passed,7.8
SP2023,SP2023-class 26,5,1905AGCCDH,,8,9,8.5,Passed,8.4
SP2023,SP2023-class 26,6,1905AGCCDD,,9,6.8,7.6,Passed,7.4
SP2023,SP2023-class 26,7,1905AGCBGE,,7.5,6.6,7.5,Passed,8.6
SP2023,SP2023-class 26,8,1905AGCCJD,,9,4.4,6.7,Passed,7.4
SP2023,SP2023-class 26,9,1905AGCBHB,,10,7.4,8.3,Passed,7.8
SP2023,SP2023-class 26,10,1905AGCCDA,,5,5,5.7,Passed,7.3
SP2023,SP2023-class 26,11,1905AGCCGD,,8,4.4,5.8,Passed,5.4
SP2023,SP2023-class 26,12,1905AGCBFI,,7.5,5.2,6.9,Passed,8.6
SP2023,SP2023-class 26,13,1905AGCBHG,,8,8,8.1,Passed,8.4
SP2023,SP2023-class 26,14,1905AGCCDB,,8,4.2,6.1,Passed,6.9
SP2023,SP2023-class 26,15,1905AGCCFE,,10,7.8,8.4,Passed,7.8
SP2023,SP2023-class 26,16,1905AGCBHC,,8,5.6,7.2,Passed,8.4
SP2023,SP2023-class 26,17,1905AGCCEA,,8.5,7.8,7.9,Passed,7.5
SP2023,SP2023-class 26,18,1905AGCCDJ,,8,6.2,6.9,Passed,6.9
SP2023,SP2023-class 26,19,1905AGCCFI,,5,7,6.5,Passed,7.3
SP2023,SP2023-class 26,20,1905AGCCBC,,9,4.8,7.2,Passed,8.6
SP2023,SP2023-class 26,21,1905AGCCBE,,8.5,6.6,7.4,Passed,7.5
SP2023,SP2023-class 26,22,1905AGCBHD,,9,7.8,8.4,Passed,8.6
SP2023,SP2023-class 26,23,1905AGCCDE,,8.5,6,7.2,Passed,7.5
SP2023,SP2023-class 26,24,1905AGCCAH,,7.5,6,7.2,Passed,8.6
SP2023,SP2023-class 27,1,1905AGCDAB,,8,6.2,7.5,Passed,8.9
SP2023,SP2023-class 27,2,1905AGCDDD,,8.5,6,7.5,Passed,8.4
SP2023,SP2023-class 27,3,1905AGCDIF,,0.5,0,0.5,Attendance Fail,1
SP2023,SP2023-class 27,4,1905AGCDHD,,6.5,6.4,6.9,Passed,7.9
SP2023,SP2023-class 27,5,1905AGCDAI,,8,6.8,7.6,Passed,8.1
SP2023,SP2023-class 27,6,1905AGCDBA,,7.8,5.8,7,Passed,8
SP2023,SP2023-class 27,7,1905AGCEJI,,8,8.8,8.5,Passed,8.6
SP2023,SP2023-class 27,8,1905AGCDBJ,,7,6.2,7.1,Passed,8.4
SP2023,SP2023-class 27,9,1905AGCDEA,,8.3,7.2,7.8,Passed,8
SP2023,SP2023-class 27,10,1905AGCEAE,,7.5,8,7.9,Passed,8
SP2023,SP2023-class 27,11,1905AGCDFJ,,5,3.2,4.7,Not Passed,6.3
SP2023,SP2023-class 27,12,1905AGCDEB,,8,7.4,8.1,Passed,9
SP2023,SP2023-class 27,13,1905AGCDBC,,7.8,9.6,8.9,Passed,9
SP2023,SP2023-class 27,14,1905AGCDJG,,8,5.4,7.1,Passed,8.4
SP2023,SP2023-class 27,15,1905AGCDJC,,7.8,4.8,6.7,Passed,8.1
SP2023,SP2023-class 27,16,1905AGCEAD,,7.3,7.4,7.7,Passed,8.5
SP2023,SP2023-class 27,17,1905AGCDCG,,7.5,4.4,6.4,Passed,7.9
SP2023,SP2023-class 27,18,1905AGCEAI,,7.5,7.2,7.7,Passed,8.6
SP2023,SP2023-class 27,19,1905AGCDID,,8.3,3.8,6.4,Not Passed,8
SP2023,SP2023-class 27,20,1905AGCEAG,,8.8,6.6,7.7,Passed,8.1
SP2023,SP2023-class 27,21,1905AGCCIH,,7.5,6.2,7.1,Passed,7.9
SP2023,SP2023-class 27,22,1905AGCCGH,,8,5,6.8,Passed,8.1
SP2023,SP2023-class 27,23,1905AGCEJE,,7.5,5,6.6,Passed,7.9
SP2023,SP2023-class 27,24,1905AGCCHG,,7.5,6.8,7.3,Passed,7.9
SP2023,SP2023-class 27,25,1905AGCDBF,,7.8,4.6,6.6,Passed,8
SP2023,SP2023-class 27,26,1905AGCCID,,7.8,9,8.3,Passed,8
SP2023,SP2023-class 27,27,1905FADCJ,,7.3,8.6,8,Passed,7.9
SP2023,SP2023-class 27,28,1905AGCDBH,,7.8,6,7.1,Passed,7.8
SP2023,SP2023-class 27,29,1905AGCDAA,,8,6.8,7.9,Passed,9.1
SP2023,SP2023-class 28,1,1905AGCEBF,,6.5,6,6.7,Passed,7.8
SP2023,SP2023-class 28,2,1905AGCEDE,,5,7.2,5.9,Passed,5
SP2023,SP2023-class 28,3,1905AGCEGB,,6.5,7.4,7.2,Passed,7.8
SP2023,SP2023-class 28,4,1905AGCEFG,,7.5,9.2,8.6,Passed,8.8
SP2023,SP2023-class 28,5,1905AGCFCG,,5.5,7,6.1,Passed,5.4
SP2023,SP2023-class 28,6,1905AGCFJD,,6.5,4.6,5.4,Passed,5.5
SP2023,SP2023-class 28,7,1905AGCFBA,,6.5,6.8,6.3,Passed,5.5
SP2023,SP2023-class 28,8,1905AGCFFC,,5.5,9.6,7,Passed,5.1
SP2023,SP2023-class 28,9,1905AGCEBD,,7,6.8,7.5,Passed,8.9
SP2023,SP2023-class 28,10,1905AGCEBG,,8.8,8.6,8.9,Passed,9.4
SP2023,SP2023-class 28,11,1905AGCFGE,,6.5,7.2,6.8,Passed,6.6
SP2023,SP2023-class 28,12,1905AGCFFG,,7.5,7.8,7.8,Passed,8
SP2023,SP2023-class 28,13,1905AHCABI,,7.5,6,7.3,Passed,8.8
SP2023,SP2023-class 28,14,1905AGCFBG,,5,7.8,6.8,Passed,7.1
SP2023,SP2023-class 28,15,1905AGCEGJ,,7.5,6.2,7.1,Passed,8
SP2023,SP2023-class 28,16,1905AGCFDE,,5.5,4.4,5.2,Passed,5.9
SP2023,SP2023-class 28,17,1905AGCFAB,,8,9.6,8.8,Passed,8.7
SP2023,SP2023-class 28,18,1905AGCEDF,,7,9.2,8,Passed,7.3
SP2023,SP2023-class 28,19,1905AHJEDB,,9.7,10,9.7,Passed,9.3
SP2023,SP2023-class 28,20,1905AGCEEG,,6.5,5,6.4,Passed,8.3
SP2023,SP2023-class 28,21,1905AGCFFD,,8,8.2,7.8,Passed,6.9
SP2023,SP2023-class 28,22,1905AGCEFE,,8.9,5.4,7.2,Passed,7.8
SP2023,SP2023-class 28,23,1905AGCFHD,,7.5,4.2,6.2,Passed,7.7
SP2023,SP2023-class 28,24,1905AGCEFC,,7.5,8.6,8.1,Passed,8.1
SP2023,SP2023-class 28,25,1905AGABAH,,7,6.6,7,Passed,7.7
SP2023,SP2023-class 28,26,1905AGCEFF,,8.8,8.6,8.4,Passed,7.9
SP2023,SP2023-class 28,27,1905AGCEDG,,9.7,6.8,8.1,Passed,8.4
SP2023,SP2023-class 28,28,1905AGCFCE,,6,6.4,6.1,Passed,5.7
SP2023,SP2023-class 28,29,1905AGCEBC,,8,8,8.3,Passed,9.1
SP2023,SP2023-class 28,30,1905AHBIHB,,9.7,7.8,8.9,Passed,9.5
SP2023,SP2023-class 28,31,1905AGCEGC,,7.5,7,6.9,Passed,6.2
SP2023,SP2023-class 28,32,1905AGCFBJ,,6.5,6.2,6.4,Passed,6.4
SP2023,SP2023-class 28,33,1905AGCEFB,,6.5,7.8,6.7,Passed,5.5
SP2023,SP2023-class 29,1,1905AHJBCJ,,8.5,9.4,9,Passed,9
SP2023,SP2023-class 29,2,1905AHCDBE,,8,8.6,8.4,Passed,8.5
SP2023,SP2023-class 29,3,1905AHCGDA,,8,6.8,7.5,Passed,8
SP2023,SP2023-class 29,4,1905AHJDEH,,7.5,8.6,8.3,Passed,8.8
SP2023,SP2023-class 29,5,1905AHJAAG,,6.5,8.2,7.7,Passed,8.2
SP2023,SP2023-class 29,6,1905AHJCDF,,7.5,8.8,8.4,Passed,8.8
SP2023,SP2023-class 29,7,1905AHJJJC,,5,8.6,7.3,Passed,7.8
SP2023,SP2023-class 29,8,1905AHBGEA,,6.5,0,4.2,Not Passed,7.5
SP2023,SP2023-class 29,9,1905AHJJIF,,5,8,7,Passed,7.5
SP2023,SP2023-class 29,10,1905AHJJJH,,5,5.2,5.8,Passed,7.5
SP2023,SP2023-class 29,11,1905AHJBDG,,7.5,8,8.2,Passed,9.3
SP2023,SP2023-class 29,12,1905AHJJBE,,8.5,7.8,8.1,Passed,8
SP2023,SP2023-class 29,13,1905AHEJHC,,5,7.2,6.8,Passed,8
SP2023,SP2023-class 29,14,1905AHJAHH,,6.5,8.6,7.9,Passed,8.2
SP2023,SP2023-class 29,15,1905AHJBEF,,8,7.2,7.7,Passed,8
SP2023,SP2023-class 29,16,1905AHCDBI,,8,7,7.6,Passed,8
SP2023,SP2023-class 29,17,1905AHJCIH,,8,5.4,7,Passed,8
SP2023,SP2023-class 29,18,1905AHJCHH,,6.5,0,2,Attendance Fail,0
SP2023,SP2023-class 29,19,1905AHJBAH,,8.5,8.4,8.5,Passed,8.5
SP2023,SP2023-class 29,20,1905AHJDFD,,8.5,6.2,7.4,Passed,8
SP2023,SP2023-class 29,21,1905AHCFDG,,5,5.6,6.1,Passed,8
SP2023,SP2023-class 29,22,1905AHJCDA,,6.5,6.2,6.7,Passed,7.4
SP2023,SP2023-class 29,23,1905AHJJIH,,0,0,0,Attendance Fail,0
SP2023,SP2023-class 29,24,1905AHJCJE,,8.5,6.4,7.4,Passed,7.5
SP2023,SP2023-class 30,1,1905AHAHAH,,7.3,8.2,7.9,Passed,8.2
SP2023,SP2023-class 30,2,1905AHBJCJ,,8.4,7.4,8.3,Passed,9.4
SP2023,SP2023-class 30,3,1905AHAEJB,,9,5,7.5,Passed,9.4
SP2023,SP2023-class 30,4,1905AHAEDG,,9,8.6,8.7,Passed,8.7
SP2023,SP2023-class 30,5,1905AHAGFI,,9,6.8,8.3,Passed,9.6
SP2023,SP2023-class 30,6,1905AHDHAJ,,9.1,7.6,8.6,Passed,9.5
SP2023,SP2023-class 30,7,1905AHAEBE,,9,8.4,8.7,Passed,8.9
SP2023,SP2023-class 30,8,1905AHJECF,,8.2,8.2,8.3,Passed,8.6
SP2023,SP2023-class 30,9,1905AHJFHB,,5.2,6.4,6.1,Passed,6.5
SP2023,SP2023-class 30,10,1905AHAEDD,,9.2,8.6,8.9,Passed,8.9
SP2023,SP2023-class 30,11,1905AHJEHF,,8,6.2,7.7,Passed,9.5
SP2023,SP2023-class 30,12,1905AHBJCI,,8.8,5,6.9,Passed,7.5
SP2023,SP2023-class 30,13,1905AHAEAA,,9.4,7.2,8,Passed,7.6
SP2023,SP2023-class 30,14,1905AHJDCA,,5.4,6.6,6.9,Passed,9
SP2023,SP2023-class 30,15,1905AHJECB,,8.6,6,7.7,Passed,9.2
SP2023,SP2023-class 30,16,1905AHDFEF,,0,0,1.4,Attendance Fail,4.7
SP2023,SP2023-class 30,17,1905AHAEHI,,8.6,8.6,8.8,Passed,9.3
SP2023,SP2023-class 30,18,1905AHJEBE,,9,7,8.4,Passed,9.6
SP2023,SP2023-class 30,19,1905AHJEGC,,7.8,7,7.7,Passed,8.5
SP2023,SP2023-class 30,20,1905AHAGCC,,5.4,4.6,5.7,Passed,7.4
SP2023,SP2023-class 30,21,1905AHAEHJ,,8.5,5.8,7.7,Passed,9.3
SP2023,SP2023-class 30,22,1905AHJFFJ,,9.4,8.6,9.1,Passed,9.4
SP2023,SP2023-class 30,23,1905AHAIFJ,,9,6.4,7.5,Passed,7.6
SP2023,SP2023-class 30,24,1905AHAEBF,,9.4,8.4,9,Passed,9.5
SP2023,SP2023-class 30,25,1905AHBCBE,,5.6,4.4,5.4,Passed,6.4
SP2023,SP2023-class 30,26,1905AHBABI,,8.2,8.6,8.8,Passed,9.7
SP2023,SP2023-class 30,27,1905AHDFGJ,,0,0,0.7,Attendance Fail,2.3
SP2023,SP2023-class 31,1,1905AHBCHD,,6,6.8,6.1,Passed,5.3
SP2023,SP2023-class 31,2,1905AHBCCI,,8.5,4.8,6.8,Passed,7.8
SP2023,SP2023-class 31,3,1905AHBCIH,,7.5,6,6.9,Passed,7.4
SP2023,SP2023-class 31,4,1905AHBDJD,,6,6.4,6,Passed,5.6
SP2023,SP2023-class 31,5,1905AHBCBA,,6,6.2,6.5,Passed,7.3
SP2023,SP2023-class 31,6,1905AHBCAA,,8.5,8.2,8,Passed,7.4
SP2023,SP2023-class 31,7,1905AHBBGC,,6.5,5.8,6.3,Passed,6.6
SP2023,SP2023-class 31,8,1905AHBAGB,,8.5,7.4,7.6,Passed,7.1
SP2023,SP2023-class 31,9,1905AHBCHA,,6,9.2,7.3,Passed,6.1
SP2023,SP2023-class 31,10,1905AHBAGD,,8,6.8,7.4,Passed,7.8
SP2023,SP2023-class 31,11,1905AHBCHB,,7.5,4.6,6.3,Passed,7.5
SP2023,SP2023-class 31,12,1905AHBCJA,,9,6.8,7.5,Passed,7
SP2023,SP2023-class 31,13,1905AHBHBH,,8.5,9.4,8.6,Passed,7.5
SP2023,SP2023-class 31,14,1905AHBCID,,7.5,9.8,8.6,Passed,8.3
SP2023,SP2023-class 31,15,1905AHBAIE,,8.5,4.8,6,Passed,5.1
SP2023,SP2023-class 31,16,1905AHBCIB,,0,0,1.3,Attendance Fail,4.4
SP2023,SP2023-class 31,17,1905AHBDJJ,,7.5,7,7.4,Passed,7.9
SP2023,SP2023-class 31,18,1905AHBCFA,,6,4.8,5.9,Passed,7.4
SP2023,SP2023-class 31,19,1905AHBCDH,,9.5,6.2,7.4,Passed,6.8
SP2023,SP2023-class 31,20,1905AHDFEC,,9.5,7.4,7.3,Passed,5.1
SP2023,SP2023-class 31,21,1905AHBDED,,7.5,8,7.7,Passed,7.4
SP2023,SP2023-class 31,22,1905AHBCGC,,6,6.4,6.3,Passed,6.6
SP2023,SP2023-class 31,23,1905AHBCAE,,9,4.8,7.1,Passed,8.1
SP2023,SP2023-class 31,24,1905AHBBHC,,9,8,8.2,Passed,7.8
SP2023,SP2023-class 31,25,1905AHBBID,,9,5,6.7,Passed,6.6
SP2023,SP2023-class 31,26,1905AHBCEE,,8,7.4,7.4,Passed,6.9
SP2023,SP2023-class 31,27,1905ADJEGC,,7.5,5.8,6.9,Passed,7.6
SP2023,SP2023-class 31,28,1905AHBCBH,,9.5,9,8.7,Passed,7.6
SP2023,SP2023-class 31,29,1905AGBDAI,,7.5,8.4,7.1,Passed,4.9
SP2023,SP2023-class 31,30,1905AHBCCC,,9,6.6,7.6,Passed,7.4
SP2023,SP2023-class 31,31,1905AHBCIF,,6,6.4,6.5,Passed,7
SP2023,SP2023-class 31,32,1905AHBCGH,,6.5,9,7.7,Passed,7
SP2023,SP2023-class 31,33,1905AHBCCJ,,8.5,6,7.2,Passed,7.6
SP2023,SP2023-class 31,34,1905AHBDFG,,0,0,1.8,Attendance Fail,6
SP2023,SP2023-class 32,1,1905AHBDDI,,9.5,8.6,9.1,Passed,9.4
SP2023,SP2023-class 32,2,1905AHBEJI,,9.3,0,5.5,Not Passed,9
SP2023,SP2023-class 32,3,1905AHBEHI,,9.3,5.2,7.4,Passed,8.6
SP2023,SP2023-class 32,4,1905AHBDBG,,8.8,4.6,7.2,Passed,9.3
SP2023,SP2023-class 32,5,1905AHBDJG,,9.3,9.6,9.3,Passed,9
SP2023,SP2023-class 32,6,1905AHBDGG,,9,9.4,8.9,Passed,8.3
SP2023,SP2023-class 32,7,1905AHJEJD,,8.3,7,7.9,Passed,8.6
SP2023,SP2023-class 32,8,1905AHBDAC,,9.3,6.8,8.3,Passed,9.5
SP2023,SP2023-class 32,9,1905AHBDDA,,8.8,5.8,7.7,Passed,9.3
SP2023,SP2023-class 32,10,1905AHCCIA,,9.5,7.4,7.6,Passed,6
SP2023,SP2023-class 32,11,1905AHBEEA,,8.5,4.2,6.6,Passed,7.9
SP2023,SP2023-class 32,12,1905AHBDBJ,,9.5,9.6,9.5,Passed,9.3
SP2023,SP2023-class 32,13,1905AHBDHH,,9,5.2,6.1,Passed,4.5
SP2023,SP2023-class 32,14,1905AHBEEC,,8.3,6.4,7.8,Passed,9.4
SP2023,SP2023-class 32,15,1905AHBEIH,,9.3,5.8,7.8,Passed,9.1
SP2023,SP2023-class 32,16,1905AHBECJ,,9.3,6.6,8.2,Passed,9.3
SP2023,SP2023-class 32,17,1905AHBFAD,,8.8,4.2,6.7,Passed,8.1
SP2023,SP2023-class 32,18,1905AHBDGI,,9,5.6,7,Passed,7
SP2023,SP2023-class 32,19,1905AHBDIA,,9,7.2,8.3,Passed,9
SP2023,SP2023-class 32,20,1905AHBDHJ,,9.3,7,8.4,Passed,9.5
SP2023,SP2023-class 32,21,1905AHDAGJ,,8.5,4.4,6.9,Passed,8.6
SP2023,SP2023-class 32,22,1905AHBECI,,7.5,5.6,7.2,Passed,9.1
SP2023,SP2023-class 32,23,1905AHBFBH,,8.8,7.8,8.5,Passed,9.1
SP2023,SP2023-class 32,24,1905AHBEAE,,5.8,0,3.5,Not Passed,5.8
SP2023,SP2023-class 32,25,1905AHBEIE,,9.3,8.2,8.9,Passed,9.6
SP2023,SP2023-class 32,26,1905AHBFJG,,9,6.4,8,Passed,9.3
SP2023,SP2023-class 32,27,1905AHBDGJ,,9,8.2,8.4,Passed,8.1
SP2023,SP2023-class 32,28,1905AHBDJH,,9,5.8,7.8,Passed,9.1
SP2023,SP2023-class 32,29,1905AHBDDD,,9,4,7.1,Passed,9.3
SP2023,SP2023-class 32,30,1905AHBDIG,,9.5,7.2,8.4,Passed,8.8
SP2023,SP2023-class 32,31,1905AGJDED,,7.8,6.2,7.2,Passed,7.9
SP2023,SP2023-class 32,32,1905AHBEFB,,9,4.8,7.4,Passed,9.1
SP2023,SP2023-class 32,33,1905AHBDHB,,8.3,4.2,6.9,Passed,9.1
SP2023,SP2023-class 33,1,1905AHBGGI,,0,0,0,Not Passed,0
SP2023,SP2023-class 33,2,1905AHBHCC,,0,0,0,Not Passed,0
SP2023,SP2023-class 33,3,1905AHBGHD,,4,6.6,5,Passed,4
SP2023,SP2023-class 33,4,1905AHBFGH,,2.5,0,0.8,Not Passed,0
SP2023,SP2023-class 33,5,1905AHBHCB,,5,5,5.6,Passed,7
SP2023,SP2023-class 33,6,1905AHAGEI,,5,5.2,5.4,Passed,6
SP2023,SP2023-class 33,7,1905AHBFEC,,3.5,5.8,5.1,Passed,5.6
SP2023,SP2023-class 33,8,1905AHBHDE,,4.5,6.6,6.1,Passed,7.1
SP2023,SP2023-class 33,9,1905AHBFCI,,7,8.4,6.7,Passed,4
SP2023,SP2023-class 33,10,1905AHBHGE,,5.5,4.2,5.2,Passed,6.4
SP2023,SP2023-class 33,11,1905AHBFFE,,1,0,1.3,Attendance Fail,3.3
SP2023,SP2023-class 33,12,1919AGJHFH,,4,0,1.8,Not Passed,2
SP2023,SP2023-class 33,13,1905AHBHCD,,4,5.6,4.7,Not Passed,4.1
SP2023,SP2023-class 33,14,1905AHBHBG,,8.5,5.6,6.9,Passed,7
SP2023,SP2023-class 33,15,1905AHBIJG,,8.5,8.8,8.1,Passed,6.8
SP2023,SP2023-class 33,16,1905AHBHCJ,,3.5,4.2,5.1,Passed,7.8
SP2023,SP2023-class 33,17,1905AHBFGD,,5,6.8,6.3,Passed,7
SP2023,SP2023-class 33,18,1905AHBHHH,,8,7,7.7,Passed,8.3
SP2023,SP2023-class 33,19,1905AHBHJG,,2.5,0,2.4,Not Passed,5.5
SP2023,SP2023-class 33,20,1905AHBICJ,,7.5,5,5.2,Passed,3.3
SP2023,SP2023-class 33,21,1905AHBHEH,,5,6.4,5.1,Passed,3.4
SP2023,SP2023-class 33,22,1905AHBGBD,,3,0,3,Not Passed,7
SP2023,SP2023-class 33,23,1905AHBFFD,,5,8.2,5.8,Passed,3.3
SP2023,SP2023-class 33,24,1905AHBIJA,,9,7,7.2,Passed,5.8
SP2023,SP2023-class 33,25,1905AHBICA,,9,6.4,7.6,Passed,7.8
SP2023,SP2023-class 33,26,1905AHBIEC,,8.3,7.6,7.5,Passed,6.6
SP2023,SP2023-class 33,27,1905AHBIBI,,7.5,5.4,6.9,Passed,8.3
SP2023,SP2023-class 33,28,1905AHBGEF,,8,6.2,6,Passed,3.8
SP2023,SP2023-class 33,29,1905AHBIAA,,7.5,7,6.9,Passed,6
SP2023,SP2023-class 33,30,1905AHBHIF,,5.5,6.8,6.7,Passed,7.6
SP2023,SP2023-class 33,31,1905AHBFFG,,7.3,6,6.8,Passed,7.5
SP2023,SP2023-class 34,1,1905AHBIGB,,9,7.4,8.3,Passed,8.9
SP2023,SP2023-class 34,2,1905AHCBJH,,9,5.8,7.6,Passed,8.8
SP2023,SP2023-class 34,3,1905AHCAGE,,8.5,4.4,6.7,Passed,8.1
SP2023,SP2023-class 34,4,1905AHCJAE,,9.3,6.6,8.2,Passed,9.4
SP2023,SP2023-class 34,5,1905AHCAEF,,8.5,6,7.8,Passed,9.4
SP2023,SP2023-class 34,6,1905AHCAAB,,9.3,8.6,9,Passed,9.1
SP2023,SP2023-class 34,7,1905AHCABA,,9,7.4,7.9,Passed,7.5
SP2023,SP2023-class 34,8,1905AHCJBE,,9,8.4,8.8,Passed,9
SP2023,SP2023-class 34,9,1905AHCABC,,7.3,5.6,6.4,Passed,6.6
SP2023,SP2023-class 34,10,1905AHCABD,,9.5,8.4,9.1,Passed,9.5
SP2023,SP2023-class 34,11,1905AHBIGE,,9,4,6.9,Passed,8.8
SP2023,SP2023-class 34,12,1905AHCJGH,,9.3,6.8,8.3,Passed,9.4
SP2023,SP2023-class 34,13,1905AHBIGJ,,0,0,0,Attendance Fail,0
SP2023,SP2023-class 34,14,1905AGAFJH,,9.5,5.6,7.8,Passed,9.1
SP2023,SP2023-class 34,15,1905AHCAAJ,,9.5,5.6,7.9,Passed,9.3
SP2023,SP2023-class 34,16,1905AHCJHE,,9.3,5.4,7.8,Passed,9.6
SP2023,SP2023-class 34,17,1905AHCAIC,,8.8,7,7.9,Passed,8.4
SP2023,SP2023-class 34,18,1905AHCICF,,9.5,7.6,8.7,Passed,9.5
SP2023,SP2023-class 34,19,1905AHCJBJ,,9.5,4.2,7.1,Passed,8.6
SP2023,SP2023-class 34,20,1905AHCAFA,,7.8,7.2,7.2,Passed,6.6
SP2023,SP2023-class 34,21,1905AHCJBF,,8.8,8,8.3,Passed,8.4
SP2023,SP2023-class 34,22,1905AHCAHA,,8.8,7.6,8.4,Passed,9
SP2023,SP2023-class 34,23,1905AHCJJB,,9,5.6,7.7,Passed,9.1
SP2023,SP2023-class 34,24,1905AHCJHB,,9.3,5.6,7.9,Passed,9.5
SP2023,SP2023-class 34,25,1905AHCJHI,,9.3,5.4,7.4,Passed,8.3
SP2023,SP2023-class 34,26,1905AHJDBF,,8.5,8,8.3,Passed,8.4
SP2023,SP2023-class 34,27,1905AHBIIG,,8.3,4.8,7.2,Passed,9.3
SP2023,SP2023-class 34,28,1905AGAIDJ,,7,7.6,7.6,Passed,8.3
SP2023,SP2023-class 34,29,1905AHCJBA,,8.8,6.2,7.9,Passed,9.4
SP2023,SP2023-class 34,30,1905AHCBAC,,9.3,7.8,8.7,Passed,9.5
SP2023,SP2023-class 34,31,1905AHCABB,,9,8.4,8.8,Passed,9.3
SP2023,SP2023-class 34,32,1905AHCJCE,,8.8,6.4,8,Passed,9.3
SP2023,SP2023-class 34,33,1905AHCJED,,9,6,7.7,Passed,8.8
SP2023,SP2023-class 34,34,1905AHBCJD,,7.5,5.8,7.3,Passed,9.1
SP2023,SP2023-class 34,35,1905AHCAAG,,7.8,6.8,7.1,Passed,7
SP2023,SP2023-class 35,1,1905AHCCGG,,9,6.4,7.8,Passed,8.4
SP2023,SP2023-class 35,2,1905AHCCAB,,4.4,0,2.5,Not Passed,3.9
SP2023,SP2023-class 35,3,1905AHCBEG,,9.3,8.4,8.9,Passed,9.3
SP2023,SP2023-class 35,4,1905AHCCDH,,9,7.4,8.4,Passed,9
SP2023,SP2023-class 35,5,1905AHBCAG,,8.3,9,8.7,Passed,8.9
SP2023,SP2023-class 35,6,1905AHCCGB,,8.8,4.8,5.1,Passed,2
SP2023,SP2023-class 35,7,1905AHCCJI,,9.3,8.4,8.8,Passed,8.9
SP2023,SP2023-class 35,8,1905AHCBBH,,8.3,5,6.6,Passed,7
SP2023,SP2023-class 35,9,1905AHCCAA,,9.5,9.6,9.4,Passed,9.1
SP2023,SP2023-class 35,10,1905AHCCED,,8.8,6.8,8,Passed,8.9
SP2023,SP2023-class 35,11,1905AHCBFC,,9.3,9.4,9.3,Passed,9.1
SP2023,SP2023-class 35,12,1905AHCBBA,,8.8,7.8,8.5,Passed,9.3
SP2023,SP2023-class 35,13,1905AHCBFJ,,8.8,7.4,7.6,Passed,6.8
SP2023,SP2023-class 35,14,1905AHCBDE,,9.5,9,9.2,Passed,9.1
SP2023,SP2023-class 35,15,1905AHCCHE,,8.3,7.6,8.1,Passed,8.6
SP2023,SP2023-class 35,16,1905AHCJDI,,9,4.2,6.8,Passed,8
SP2023,SP2023-class 35,17,1905AHCEDD,,9,8.2,8.8,Passed,9.4
SP2023,SP2023-class 35,18,1905AHCCFJ,,8.8,7,8,Passed,8.5
SP2023,SP2023-class 35,19,1905AHCBCJ,,9.5,8.2,8.9,Passed,9.4
SP2023,SP2023-class 35,20,1905AHCCGD,,9.3,7.8,8.6,Passed,9.1
SP2023,SP2023-class 35,21,1905AHCBIH,,4.5,0,2,Attendance Fail,2
SP2023,SP2023-class 35,22,1905AHCCHH,,7.5,6.4,7,Passed,7.3
SP2023,SP2023-class 35,23,1905AHBEEJ,,9,8,8.7,Passed,9.4
SP2023,SP2023-class 35,24,1905AHCBDG,,8.5,6.4,7.1,Passed,6.5
SP2023,SP2023-class 35,25,1905AHCCJD,,9.5,9,9.2,Passed,9
SP2023,SP2023-class 35,26,1905AGAAFB,,8.3,4.6,6.7,Passed,8
SP2023,SP2023-class 35,27,1905AHBIII,,9.5,7.4,8.7,Passed,9.5
SP2023,SP2023-class 35,28,1905AHCCCE,,9.3,6.4,8.1,Passed,9.1
SP2023,SP2023-class 35,29,1905AHCCEG,,9.3,8.8,8.9,Passed,8.8
SP2023,SP2023-class 35,30,1905AHCCBB,,8.5,7.4,8.2,Passed,8.9
SP2023,SP2023-class 35,31,1905AHCCJE,,9.3,4.6,7.2,Passed,8.5
SP2023,SP2023-class 35,32,1905AHCCBH,,9.3,6.8,8.2,Passed,9
SP2023,SP2023-class 35,33,1905AHCCCH,,9.3,7.8,8.5,Passed,8.8
SP2023,SP2023-class 35,34,1905AHCDCI,,8.8,8.2,8.3,Passed,8.1
SP2023,SP2023-class 35,35,1905AHCAGH,,9.5,9.8,9.7,Passed,9.6
SP2023,SP2023-class 36,1,1905AHCEJH,,8.8,8.6,8.8,Passed,9.2
SP2023,SP2023-class 36,2,1905AHCEHF,,5.2,6.8,7,Passed,9.1
SP2023,SP2023-class 36,3,1905AHCGGH,,8.2,4.8,6.8,Passed,8.2
SP2023,SP2023-class 36,4,1905AHCFAA,,0,0,0,Attendance Fail,0
SP2023,SP2023-class 36,5,1905AHCDIF,,9.4,9,9.2,Passed,9.2
SP2023,SP2023-class 36,6,1905AHCFHC,,7.6,4.8,6.5,Passed,7.6
SP2023,SP2023-class 36,7,1905AHCDEA,,8.8,8.2,8.7,Passed,9.2
SP2023,SP2023-class 36,8,1905AHCFHB,,9,9.8,9.4,Passed,9.2
SP2023,SP2023-class 36,9,1905AHCEDI,,8.2,5.2,7.2,Passed,9
SP2023,SP2023-class 36,10,1905AHCECG,,5,5.8,6.3,Passed,8.4
SP2023,SP2023-class 36,11,1905AHCDEF,,7.8,6.6,7.5,Passed,8.3
SP2023,SP2023-class 36,12,1905AHCFBI,,8.8,9.6,9.2,Passed,9.1
SP2023,SP2023-class 36,13,1905AHCGBH,,8.6,8.2,8.5,Passed,8.9
SP2023,SP2023-class 36,14,1905AHCECF,,8.4,6.4,7.6,Passed,8.4
SP2023,SP2023-class 36,15,1905AHCEEI,,8.4,5.8,7.5,Passed,8.7
SP2023,SP2023-class 36,16,1905AHCECE,,7.4,6,7.1,Passed,8.3
SP2023,SP2023-class 36,17,1905AHCFFC,,9.2,6.6,8.3,Passed,9.6
SP2023,SP2023-class 36,18,1905AHCGAB,,8.2,5.4,7.1,Passed,8.3
SP2023,SP2023-class 36,19,1905AHCGCA,,9.2,7.6,8.6,Passed,9.3
SP2023,SP2023-class 36,20,1905AHCFAH,,8.4,7.8,7.8,Passed,7.2
SP2023,SP2023-class 36,21,1905AHCEHD,,9.2,5.6,7.7,Passed,9.1
SP2023,SP2023-class 36,22,1905AHCFCB,,8.2,8.4,8.4,Passed,8.6
SP2023,SP2023-class 36,23,1905AHCDAH,,8.6,8,8.6,Passed,9.5
SP2023,SP2023-class 36,24,1905AHCDCG,,8.6,7.2,8.1,Passed,8.7
SP2023,SP2023-class 36,25,1905AHCFJE,,7.8,5.8,7.1,Passed,8.1
SP2023,SP2023-class 36,26,1905AHCDHC,,5.2,8.6,7.7,Passed,8.9
SP2023,SP2023-class 36,27,1905AHDJFG,,8.4,6.2,7.6,Passed,8.7
SP2023,SP2023-class 36,28,1905AHCFAI,,7.6,6,7,Passed,7.8
SP2023,SP2023-class 36,29,1905AHCDIA,,8.6,8,8.3,Passed,8.3
SP2023,SP2023-class 36,30,1905AHCEFI,,6.4,4.8,5.5,Passed,5.4
SP2023,SP2023-class 36,31,1905AHCFDB,,8.6,7.4,7.7,Passed,7.1
SP2023,SP2023-class 36,32,1905AHCEAH,,7.8,7,7.7,Passed,8.6
SP2023,SP2023-class 37,1,1905AHDJHC,,7,4.8,6.2,Passed,7.3
SP2023,SP2023-class 37,2,1905AHCIHE,,7,6.6,6.7,Passed,6.5
SP2023,SP2023-class 37,3,1905AHCHBC,,6,6.6,6,Passed,5.3
SP2023,SP2023-class 37,4,1905AHCHAB,,6,9,7.4,Passed,6.5
SP2023,SP2023-class 37,5,1905AHCHEE,,4,8.2,6.2,Passed,5.8
SP2023,SP2023-class 37,6,1905AHDJAG,,7,7.2,7.6,Passed,8.8
SP2023,SP2023-class 37,7,1905AHCICJ,,3.5,7.2,4.5,Not Passed,1.8
SP2023,SP2023-class 37,8,1905AHDJJH,,5.5,6,6,Passed,6.5
SP2023,SP2023-class 37,9,1905AHCHDD,,8.5,9.6,8.6,Passed,7.5
SP2023,SP2023-class 37,10,1905AHCIHG,,7,9.6,8.3,Passed,7.8
SP2023,SP2023-class 37,11,1905AHCIIJ,,8,7.2,7.5,Passed,7.3
SP2023,SP2023-class 37,12,1905AHCHFB,,6.5,5,5.9,Passed,6.5
SP2023,SP2023-class 37,13,1905AHJDFE,,7,5.4,6.3,Passed,6.8
SP2023,SP2023-class 37,14,1905AHCIIG,,8.5,7.8,8,Passed,7.8
SP2023,SP2023-class 37,15,1905AHCHFG,,7,6.8,6.8,Passed,6.5
SP2023,SP2023-class 37,16,1905AHDJBB,,8,6.4,7.3,Passed,7.8
SP2023,SP2023-class 37,17,1905AHDJAC,,7,6,6.8,Passed,7.8
SP2023,SP2023-class 37,18,1905AHCGIJ,,7,5.4,6.5,Passed,7.5
SP2023,SP2023-class 37,19,1905AHDAJJ,,7,6.4,6.6,Passed,6.5
SP2023,SP2023-class 37,20,1905AHDJHD,,7,5,6.4,Passed,7.5
SP2023,SP2023-class 37,21,1905AHCHBG,,8,7,7.5,Passed,7.5
SP2023,SP2023-class 37,22,1905AHDJAD,,8,5.4,6.7,Passed,7
SP2023,SP2023-class 37,23,1905AHCHFE,,7,6.4,6.3,Passed,5.5
SP2023,SP2023-class 37,24,1905AHDJEI,,7,8.4,7.8,Passed,7.8
SP2023,SP2023-class 37,25,1905AHCIED,,6.5,6.6,5.5,Passed,3
SP2023,SP2023-class 37,26,1905AHDGJF,,7,7.8,7.4,Passed,7.3
SP2023,SP2023-class 37,27,1905AHCIEI,,8,8,8,Passed,8
SP2023,SP2023-class 37,28,1905AHCHGJ,,8,8.8,8.5,Passed,8.5
SP2023,SP2023-class 37,29,1905AHCIGJ,,7,6.8,6.5,Passed,5.5
SP2023,SP2023-class 37,30,1905AHCIGG,,8,8.8,8.3,Passed,8
SP2023,SP2023-class 37,31,1905AHCHJC,,7,6.6,6.2,Passed,5
SP2023,SP2023-class 37,32,1905AHCHEG,,7,5.2,5.9,Passed,5.8
SP2023,SP2023-class 37,33,1905AHCIFE,,3.5,7,5.6,Passed,5.8
SP2023,SP2023-class 37,34,1905AHCHBH,,7,6.8,6.8,Passed,6.5
SP2023,SP2023-class 38,1,1905AHDFGC,,8,6,7,Passed,7.4
SP2023,SP2023-class 38,2,1905AHDABF,,8.8,6,7.4,Passed,7.8
SP2023,SP2023-class 38,3,1905AHDAIC,,8.8,9.4,8.7,Passed,7.8
SP2023,SP2023-class 38,4,1905AHDAGB,,8.8,9.8,8.8,Passed,7.6
SP2023,SP2023-class 38,5,1905AHDEJG,,8,4.2,6.3,Passed,7.4
SP2023,SP2023-class 38,6,1905AHDEFA,,8,6.4,7.2,Passed,7.4
SP2023,SP2023-class 38,7,1905AHDBJC,,8.8,4.8,6.8,Passed,7.6
SP2023,SP2023-class 38,8,1905AHDEDI,,9.5,5.2,7.5,Passed,8.5
SP2023,SP2023-class 38,9,1905AHDFBF,,9,7.8,8.3,Passed,8.1
SP2023,SP2023-class 38,10,1905AHDFAH,,8,5.4,6.8,Passed,7.4
SP2023,SP2023-class 38,11,1905AHDDFJ,,9,6.8,8,Passed,8.5
SP2023,SP2023-class 38,12,1905AHDCCA,,9.5,3.6,6.8,Not Passed,8.5
SP2023,SP2023-class 38,13,1905AHDBBH,,9,8.8,8.8,Passed,8.5
SP2023,SP2023-class 38,14,1905AHDBGH,,10,8.6,9,Passed,8.6
SP2023,SP2023-class 38,15,1905AHDFAG,,0,0,2.4,Not Passed,8.1
SP2023,SP2023-class 38,16,1905AHDAEE,,8.8,6.2,7.4,Passed,7.8
SP2023,SP2023-class 38,17,1905AHDDJA,,7,6.2,6.8,Passed,7.5
SP2023,SP2023-class 38,18,1905AHDCHC,,9,8.2,8.5,Passed,8.5
SP2023,SP2023-class 38,19,1905AHDEDJ,,7,4.4,6.1,Passed,7.5
SP2023,SP2023-class 38,20,1905AHDAAI,,8.8,6.6,7.6,Passed,7.8
SP2023,SP2023-class 38,21,1905AHDBEC,,9,6.4,7.7,Passed,8.1
SP2023,SP2023-class 38,22,1905AHDEEC,,10,5.6,7.8,Passed,8.6
SP2023,SP2023-class 38,23,1905AHDAIA,,8.8,8,8.1,Passed,7.6
SP2023,SP2023-class 38,24,1905AHDFHH,,9,6.6,7.9,Passed,8.4
SP2023,SP2023-class 38,25,1905AHDCCI,,7,7.8,7.5,Passed,7.5
SP2023,SP2023-class 38,26,1905AHDDAB,,10,5.8,7.9,Passed,8.6
SP2023,SP2023-class 38,27,1905AHDCBC,,9,4.4,7,Passed,8.4
SP2023,SP2023-class 38,28,1905AHDBHG,,9.5,7,8.2,Passed,8.5
SP2023,SP2023-class 38,29,1905AHDFIA,,9,7.4,8.2,Passed,8.4
SP2023,SP2023-class 39,1,1905AHEJEG,,8.8,7.4,8.2,Passed,8.8
SP2023,SP2023-class 39,2,1905AHEAAH,,6.3,5.4,6.1,Passed,6.8
SP2023,SP2023-class 39,3,1905AHEJCF,,8,7,7.8,Passed,8.6
SP2023,SP2023-class 39,4,1905AHEJBJ,,9.3,0,4.7,Not Passed,6.4
SP2023,SP2023-class 39,5,1905AHEJFD,,4,0,1.2,Attendance Fail,0
SP2023,SP2023-class 39,6,1905AHBHDH,,7.5,7,7.8,Passed,9
SP2023,SP2023-class 39,7,1905AHEJFE,,8.5,5.2,7.4,Passed,9.1
SP2023,SP2023-class 39,8,1905AHDICB,,8.5,6.2,7.8,Passed,9.3
SP2023,SP2023-class 39,9,1905AHBFFA,,9.3,7.2,8.4,Passed,9
SP2023,SP2023-class 39,10,1905AHEJGA,,9.3,6.2,7.8,Passed,8.5
SP2023,SP2023-class 39,11,1905AHAGDG,,8.8,8,8.6,Passed,9.4
SP2023,SP2023-class 39,12,1905AHDHBJ,,5.5,4.2,5.7,Passed,7.8
SP2023,SP2023-class 39,13,1905AHDIBJ,,9.3,7,8.3,Passed,9
SP2023,SP2023-class 39,14,1905AHEJFC,,7,6.4,7.2,Passed,8.4
SP2023,SP2023-class 39,15,1905AHDIJJ,,9,6.2,7.8,Passed,8.9
SP2023,SP2023-class 39,16,1905AHEJJG,,9.3,7.8,8.6,Passed,8.9
SP2023,SP2023-class 39,17,1905AHDHFB,,9,5.2,7.4,Passed,8.8
SP2023,SP2023-class 39,18,1905AHBFJI,,9,6.6,8,Passed,9
SP2023,SP2023-class 39,19,1905AHDGHF,,9.3,7.4,8.5,Passed,9.3
SP2023,SP2023-class 39,20,1905AHDHID,,7,5.2,6.6,Passed,8
SP2023,SP2023-class 39,21,1905AHDHAF,,9.3,6.8,8.3,Passed,9.3
SP2023,SP2023-class 39,22,1905AHDGEF,,6,6.8,6.5,Passed,6.5
SP2023,SP2023-class 39,23,1905AHDGJG,,8.8,7.4,7.6,Passed,6.6
SP2023,SP2023-class 39,24,1905AHDGGC,,4.3,8.2,7.2,Passed,8.9
SP2023,SP2023-class 39,25,1905AHDGBG,,9.3,7.6,8.4,Passed,8.8
SP2023,SP2023-class 39,26,1905AHDHHH,,8.3,6.4,7.4,Passed,8
SP2023,SP2023-class 39,27,1905AHDGIE,,9,5.6,7.6,Passed,8.8
SP2023,SP2023-class 39,28,1905AHDGAD,,9.5,7.6,8.7,Passed,9.4
SP2023,SP2023-class 39,29,1905AHDHAA,,9.3,5.4,7.6,Passed,8.9
SP2023,SP2023-class 39,30,1905AHDGCF,,9.3,9.4,9.3,Passed,9.4
SP2023,SP2023-class 39,31,1905AHEJBE,,7.3,4.4,6.3,Passed,8
SP2023,SP2023-class 39,32,1905AHDICJ,,9.3,9.6,9.3,Passed,9
SP2023,SP2023-class 40,1,1905AHJFDC,,6.5,8,8,Passed,9.6
SP2023,SP2023-class 40,2,1905AHBCCF,,8.7,8.4,8.7,Passed,9.2
SP2023,SP2023-class 40,3,1905AHJABG,,0,0,0,Attendance Fail,0
SP2023,SP2023-class 40,4,1905AHAEIJ,,4,6.8,6.8,Passed,9.6
SP2023,SP2023-class 40,5,1905AHDDCG,,6.9,7.6,8,Passed,9.7
SP2023,SP2023-class 40,6,1905AHJCGG,,8,6.6,7.9,Passed,9.5
SP2023,SP2023-class 40,7,1905AHJBFB,,9.2,8.6,9.1,Passed,9.7
SP2023,SP2023-class 40,8,1905AHJABC,,9.4,7.6,8.7,Passed,9.6
SP2023,SP2023-class 40,9,1905AHJAAJ,,9.2,7.4,8.6,Passed,9.6
SP2023,SP2023-class 40,10,1905AHJAFC,,9.2,9.2,9.2,Passed,9.3
SP2023,SP2023-class 40,11,1905AHJDCD,,9.5,6.8,8.1,Passed,8.6
SP2023,SP2023-class 40,12,1905AHAHBD,,7.7,6.2,7.6,Passed,9.6
SP2023,SP2023-class 40,13,1905AHBJIC,,6.9,6.2,7.4,Passed,9.7
SP2023,SP2023-class 40,14,1905AHJCHF,,9.1,8,8.8,Passed,9.6
SP2023,SP2023-class 40,15,1905AHJABA,,9.2,8.6,8.6,Passed,8.2
SP2023,SP2023-class 40,16,1905AHAEFB,,9,9.2,9.3,Passed,9.8
SP2023,SP2023-class 40,17,1905AHAFFI,,8.5,6.6,8.2,Passed,9.9
SP2023,SP2023-class 40,18,1905AHJFED,,5,6.6,6.9,Passed,9.2
SP2023,SP2023-class 40,19,1905AHBCIA,,6.8,5.4,7.1,Passed,9.7
SP2023,SP2023-class 40,20,1905AHJGEI,,6.8,6.8,7.5,Passed,9.3
SP2023,SP2023-class 40,21,1905AHBDBH,,5.7,7.8,7.8,Passed,9.8
SP2023,SP2023-class 40,22,1905AHJJAI,,5.8,8.6,8.1,Passed,9.6
SP2023,SP2023-class 40,23,1905AHAEID,,6.9,9.2,8.4,Passed,9
SP2023,SP2023-class 40,24,1905AHAEED,,9.5,8.4,9,Passed,9.2
SP2023,SP2023-class 40,25,1905AHBBCF,,9.5,8.4,9,Passed,9.2
SP2023,SP2023-class 40,26,1905AHJBBE,,6,8.6,8.2,Passed,9.8
SP2023,SP2023-class 40,27,1905AHAHFH,,7.3,7.4,8.1,Passed,9.8
SP2023,SP2023-class 40,28,1905AHJBJB,,9.5,7.8,8.5,Passed,8.3
SP2023,SP2023-class 40,29,1905AHJBGG,,7.3,6.6,7.4,Passed,8.6
SP2023,SP2023-class 40,30,1905AHBCAH,,9.5,8.8,9.3,Passed,9.6
SP2023,SP2023-class 40,31,1905AHJDFG,,5.8,6.8,7.3,Passed,9.6
SP2023,SP2023-class 40,32,1905AHBCCH,,6.3,9,8.3,Passed,9.5
SP2023,SP2023-class 40,33,1905AHJGFI,,8.9,9,9.2,Passed,9.8
SP2023,SP2023-class 40,34,1905AHJDFC,,9.5,9.8,9.5,Passed,9.2
SP2023,SP2023-class 41,1,1905AHCFAJ,,7,9.4,8.2,Passed,7.8
SP2023,SP2023-class 41,2,1905AHBDFH,,8.5,8.4,8,Passed,7.1
SP2023,SP2023-class 41,3,1905AHCBBE,,9.5,9.4,9.3,Passed,8.9
SP2023,SP2023-class 41,4,1905AHBEFJ,,8.5,7.2,7.6,Passed,7.3
SP2023,SP2023-class 41,5,1905AHBFGE,,8,4.6,6.6,Passed,7.9
SP2023,SP2023-class 41,6,1905AHCFJD,,7,8.2,7.5,Passed,7.1
SP2023,SP2023-class 41,7,1905AHCBHD,,5.5,7.6,7.1,Passed,7.9
SP2023,SP2023-class 41,8,1905AHCAFB,,9,9.4,8.5,Passed,6.9
SP2023,SP2023-class 41,9,1905AHCBGJ,,8.5,5.8,6.7,Passed,6.3
SP2023,SP2023-class 41,10,1905AHBIEI,,6,8.2,7.4,Passed,7.8
SP2023,SP2023-class 41,11,1905AHBHHB,,5.5,6.2,6.3,Passed,7.3
SP2023,SP2023-class 41,12,1905AHCJIG,,8.5,7.2,7.9,Passed,8.4
SP2023,SP2023-class 41,13,1905AGCBIC,,6,7,6.6,Passed,6.6
SP2023,SP2023-class 41,14,1905AHBHIJ,,7,7.2,6.8,Passed,6
SP2023,SP2023-class 41,15,1905AHBIGA,,8.5,8.2,8,Passed,7.4
SP2023,SP2023-class 41,16,1905AHCEHB,,5.5,8,7.2,Passed,7.9
SP2023,SP2023-class 41,17,1905AHCEGF,,5.5,7,6.9,Passed,8.1
SP2023,SP2023-class 41,18,1905AHCJFC,,8,7,7.5,Passed,7.6
SP2023,SP2023-class 41,19,1905AHCJCI,,8.5,4.2,5.5,Passed,4.4
SP2023,SP2023-class 41,20,1905AHCCEC,,8.5,9.6,8.7,Passed,7.6
SP2023,SP2023-class 41,21,1905AHBDEE,,6,7.4,6.9,Passed,7.3
SP2023,SP2023-class 41,22,1905AHCFEB,,8.5,7,7.5,Passed,7.3
SP2023,SP2023-class 41,23,1905AHCJGI,,10,9,9,Passed,8
SP2023,SP2023-class 41,24,1905AHBIBJ,,6.5,7.4,6.9,Passed,6.6
SP2023,SP2023-class 41,25,1905AHBEEI,,6,7.4,6.5,Passed,5.8
SP2023,SP2023-class 41,26,1905AHCFCJ,,8.5,8.2,8,Passed,7.3
SP2023,SP2023-class 41,27,1905AFAADF,,6,6.8,6.6,Passed,6.9
SP2023,SP2023-class 41,28,1905AHCAEE,,7,5,5.7,Passed,5.4
SP2023,SP2023-class 41,29,1905AFADBF,,7,4.8,5.3,Passed,4.3
SP2023,SP2023-class 41,30,1905AHBIDI,,6,8.4,7.4,Passed,7.5
SP2023,SP2023-class 41,31,1905AHCBBD,,9,9.4,9,Passed,8.5
SP2023,SP2023-class 41,32,1905AHBIBF,,6,5.4,6.1,Passed,7.1
SP2023,SP2023-class 41,33,1905AHBHHF,,7,5.4,6.5,Passed,7.5
SP2023,SP2023-class 41,34,1905AHCDJA,,9.5,8,8,Passed,6.5
SP2023,SP2023-class 42,1,1905AHCIHC,,7.3,5.4,7.1,Passed,9.4
SP2023,SP2023-class 42,2,1905AHCIDC,,9.3,7.2,8.5,Passed,9.6
SP2023,SP2023-class 42,3,1905AHCIHH,,9.3,0,4.1,Attendance Fail,4.5
SP2023,SP2023-class 42,4,1905AHCGBA,,9.3,6,8.1,Passed,9.6
SP2023,SP2023-class 42,5,1905AHCIFA,,8.8,7.6,8.4,Passed,9.1
SP2023,SP2023-class 42,6,1905AHCFFJ,,8,6.6,7.6,Passed,8.6
SP2023,SP2023-class 42,7,1905AHCFFB,,9.3,7.8,8.5,Passed,8.6
SP2023,SP2023-class 42,8,1905AHDJIJ,,9,8,8.6,Passed,9
SP2023,SP2023-class 42,9,1905AHCFEI,,9.3,8.6,9,Passed,9.3
SP2023,SP2023-class 42,10,1905AHDJEC,,9.3,9.4,9.4,Passed,9.5
SP2023,SP2023-class 42,11,1905AHCHJJ,,8.3,7.4,8,Passed,8.6
SP2023,SP2023-class 42,12,1905AHDAHC,,8.5,8.6,8.8,Passed,9.3
SP2023,SP2023-class 42,13,1905AHCIJA,,8,4,6.7,Passed,9
SP2023,SP2023-class 42,14,1905AHCHGH,,8,7,7.8,Passed,8.6
SP2023,SP2023-class 42,15,1905AHCICB,,9,8.8,9.1,Passed,9.6
SP2023,SP2023-class 42,16,1905AHCHAH,,8.5,6.2,7.6,Passed,8.6
SP2023,SP2023-class 42,17,1905AHJCBJ,,8.5,5.8,7.5,Passed,8.9
SP2023,SP2023-class 42,18,1905AHCGBE,,9,9,9.1,Passed,9.4
SP2023,SP2023-class 42,19,1905AHDJDH,,6,4,6.1,Passed,8.9
SP2023,SP2023-class 42,20,1905AHCGCH,,9,7.6,8.4,Passed,8.9
SP2023,SP2023-class 42,21,1905AHCGGC,,9.3,8.6,9,Passed,9.3
SP2023,SP2023-class 42,22,1905AHCGGE,,9,6.8,8.1,Passed,8.9
SP2023,SP2023-class 42,23,1905AHDJHE,,8.8,5,7.4,Passed,9.1
SP2023,SP2023-class 42,24,1905AHBEDB,,9.5,7.6,8.7,Passed,9.5
SP2023,SP2023-class 42,25,1905AHJDJD,,8.8,7.4,8.2,Passed,8.8
SP2023,SP2023-class 42,26,1905AHCIHJ,,9,7.2,8.4,Passed,9.5
SP2023,SP2023-class 42,27,1905AHCIGF,,8.3,4.2,6.8,Passed,8.9
SP2023,SP2023-class 42,28,1905AHCHID,,7,5.8,6.6,Passed,7.4
SP2023,SP2023-class 42,29,1905AHDBBJ,,9,7.8,8.5,Passed,9
SP2023,SP2023-class 42,30,1905AGJDBI,,9.3,6.8,8.3,Passed,9.3
SP2023,SP2023-class 42,31,1905AHCGDC,,8.5,8.4,8.6,Passed,9.1
SP2023,SP2023-class 42,32,1905AHDHIG,,4.3,0,1.3,Not Passed,0
SP2023,SP2023-class 42,33,1905AHDJAB,,9.3,9,9.2,Passed,9.4
SP2023,SP2023-class 42,34,1905AHDAJA,,9.3,6.8,8.2,Passed,9
SP2023,SP2023-class 43,1,1905AHDEBE,,1.5,7.4,5.8,Passed,8
SP2023,SP2023-class 43,2,1905AHDDAC,,6.2,7.6,7.6,Passed,8.9
SP2023,SP2023-class 43,3,1905AHDIJE,,9,8.2,8.8,Passed,9.3
SP2023,SP2023-class 43,4,1905AHDBBI,,8.2,6,7,Passed,7.1
SP2023,SP2023-class 43,5,1905AHDCJE,,0,0,0,Attendance Fail,0
SP2023,SP2023-class 43,6,1905AHDEDC,,8.4,7.8,8.2,Passed,8.5
SP2023,SP2023-class 43,7,1905AHDBCI,,8.6,5.8,6.9,Passed,6.5
SP2023,SP2023-class 43,8,1905AHDGJD,,8.6,6.4,7.8,Passed,9
SP2023,SP2023-class 43,9,1905AHDEDE,,7.6,8,7.7,Passed,7.3
SP2023,SP2023-class 43,10,1905AHDIGH,,8.8,9,9,Passed,9.1
SP2023,SP2023-class 43,11,1905AHDAGC,,9,7.4,8.4,Passed,9.2
SP2023,SP2023-class 43,12,1905AHDCJG,,8.2,5.8,7.4,Passed,8.7
SP2023,SP2023-class 43,13,1905AHDHFD,,8.6,8.6,8.8,Passed,9.1
SP2023,SP2023-class 43,14,1905AHDIDJ,,8.4,5.6,7.4,Passed,8.8
SP2023,SP2023-class 43,15,1905AHDFFC,,9,7,8.4,Passed,9.6
SP2023,SP2023-class 43,16,1905AHDBDG,,8.2,8.4,8.4,Passed,8.5
SP2023,SP2023-class 43,17,1905AHDBFH,,7.2,7.4,7,Passed,6.1
SP2023,SP2023-class 43,18,1905AHBIDH,,8,8.2,8.4,Passed,9
SP2023,SP2023-class 43,19,1905AHDCBD,,8,5.6,7.4,Passed,9.3
SP2023,SP2023-class 43,20,1905AHDEAJ,,8.4,5,7.2,Passed,8.9
SP2023,SP2023-class 43,21,1905AHDBDB,,5.4,7.2,6.5,Passed,6.7
SP2023,SP2023-class 43,22,1905AHEJHB,,8.4,7.2,7.6,Passed,7.3
SP2023,SP2023-class 43,23,1905AHDDJG,,6.8,6.8,6.4,Passed,5.6
SP2023,SP2023-class 43,24,1905AHDBGE,,9.2,7.2,8.4,Passed,9.2
SP2023,SP2023-class 43,25,1905AHDFCJ,,8.2,8,8.2,Passed,8.6
SP2023,SP2023-class 43,26,1905AEJIAI,,0,0,0,Attendance Fail,0
SP2023,SP2023-class 43,27,1905AHDAFI,,8.8,4.8,7.2,Passed,8.8
SP2023,SP2023-class 43,28,1905AHDBCB,,9,7.4,8.3,Passed,8.9
SP2023,SP2023-class 43,29,1905AHDIHI,,8.8,9.6,9.1,Passed,8.8
SP2023,SP2023-class 43,30,1905AHDIHG,,5,7.4,7,Passed,8.5
SP2023,SP2023-class 43,31,1905AHDHJJ,,8.2,7.8,8,Passed,8
SP2023,SP2023-class 43,32,1905AHDBFG,,9.2,5.6,7.7,Passed,9.2
SP2023,SP2023-class 43,33,1905AHDEEA,,8.4,6.8,7.9,Passed,8.8
SP2024,SP2024-class 1,1,1905AHCCDA,,9,7,8.2,Passed,9
SP2024,SP2024-class 1,2,1905AHAGJJ,,9,9.2,9.1,Passed,9
SP2024,SP2024-class 1,3,1905AHCDDF,,9,4.6,5.1,Passed,1.8
SP2024,SP2024-class 1,4,1905AHCCJB,,0,0,0,Attendance Fail,0
SP2024,SP2024-class 1,5,1905AHCIAE,,9,6,7.8,Passed,9
SP2024,SP2024-class 1,6,1905AHCEFA,,9,9.4,6.5,Not Passed,0
SP2024,SP2024-class 1,7,1905AHBJBJ,,9,4.6,6.6,Passed,6.8
SP2024,SP2024-class 1,8,1905AIDDDG,,9,5.8,7.7,Passed,9
SP2024,SP2024-class 1,9,1905AHJJAA,,9,9.2,9.1,Passed,9
SP2024,SP2024-class 1,10,1905AIBCAJ,,9,5,6.3,Passed,5.3
SP2024,SP2024-class 1,11,1905AFJFDD,,8,5.6,7.3,Passed,9
SP2024,SP2024-class 1,12,1905AIBGHE,,9,6.6,8,Passed,9
SP2024,SP2024-class 1,13,1905AIBEBJ,,9,8.6,8.7,Passed,8.5
SP2024,SP2024-class 1,14,1905AHAEJF,,9,4.8,7.2,Passed,8.5
SP2024,SP2024-class 1,15,1905AGAJEA,,0,0,1.4,Not Passed,4.5
SP2024,SP2024-class 1,16,1905AHBEAE,,4.5,0,3.4,Attendance Fail,6.8
SP2024,SP2024-class 1,17,1905AHBEAG,,9,5.6,7.5,Passed,8.5
SP2024,SP2024-class 1,18,1905AIJEHG,,9,9,8.9,Passed,8.5
SP2024,SP2024-class 1,19,1905AIDBHF,,9,7.4,8.4,Passed,9
SP2024,SP2024-class 1,20,1905ADJGEB,,9,5.6,7.4,Passed,8.3
SP2024,SP2024-class 1,21,1905AHAFFG,,9,4.4,6.6,Passed,7
SP2024,SP2024-class 1,22,1905AIBCGD,,8,4.6,6.6,Passed,8
SP2024,SP2024-class 1,23,1905AHAHFE,,9,8.4,8.8,Passed,9
SP2024,SP2024-class 1,24,1905AHDDJH,,9,5.4,7.6,Passed,9
SP2024,SP2024-class 1,25,1905FAJFJ,,9,7.4,7.9,Passed,7.5
SP2024,SP2024-class 2,1,1905AIBAEH,,6,4.2,5.7,Passed,7.5
SP2024,SP2024-class 2,2,1905AHCGEJ,,7.8,7.2,7.5,Passed,7.8
SP2024,SP2024-class 2,3,1905AHAEIH,,8.5,9.2,8.9,Passed,9
SP2024,SP2024-class 2,4,1905AHCCAB,,5,5.8,6.1,Passed,7.8
SP2024,SP2024-class 2,5,1905AGBIBE,,0,0,0,Attendance Fail,0
SP2024,SP2024-class 2,6,1905AHJBCG,,5.3,7.8,7.1,Passed,8
SP2024,SP2024-class 2,7,1905AHDJGI,,6,7.4,7.2,Passed,8.3
SP2024,SP2024-class 2,8,1905AGJAIC,,7,5.6,6.8,Passed,8.3
SP2024,SP2024-class 2,9,1905AIDEFC,,6.5,9.6,8.2,Passed,8
SP2024,SP2024-class 2,10,1905AHAHAG,,9,7.2,7.4,Passed,6
SP2024,SP2024-class 2,11,1905AHJEII,,6,0,4.2,Is Susspended,8
SP2024,SP2024-class 2,12,1905AGCDFJ,,0,0,0,Attendance Fail,0
SP2024,SP2024-class 2,13,1905AHJACH,,8,8,8.3,Passed,9
SP2024,SP2024-class 2,14,1919AGJHAD,,0,0,0,Attendance Fail,0
SP2024,SP2024-class 2,15,1905AHJEAA,,9,9,9,Passed,9
SP2024,SP2024-class 2,16,1905AIDECE,,7,9,8.2,Passed,8.3
SP2024,SP2024-class 2,17,1905AHEJDF,,8,7.6,8.1,Passed,9
SP2024,SP2024-class 2,18,1905AHDAID,,0,0,0.5,Attendance Fail,1.8
SP2024,SP2024-class 2,19,1905AHJAHI,,8.5,5,7.3,Passed,9
SP2024,SP2024-class 2,20,1905AHJBCE,,9,7.2,8.3,Passed,9
SP2024,SP2024-class 2,21,1905AHAFIC,,8,8.2,8.4,Passed,9
SP2024,SP2024-class 2,22,1905AHDHAB,,8,5.8,7.3,Passed,8.5
SP2024,SP2024-class 2,23,1905AHEJCE,,8,5.2,7.2,Passed,9
SP2024,SP2024-class 2,24,1905AHAECD,,8.3,5.2,7.2,Passed,8.8
SP2024,SP2024-class 2,25,1905AHJDJE,,5,6.2,6.5,Passed,8.3
SP2024,SP2024-class 2,26,1905AHJGCA,,8.5,5.6,6.9,Passed,7
SP2024,SP2024-class 2,27,1905AHJJCE,,8.5,7.6,8.3,Passed,9
SP2024,SP2024-class 2,28,1905AHJFIC,,7.5,5.2,6.8,Passed,8.3
SP2024,SP2024-class 2,29,1905AHDGII,,8,8.2,8.2,Passed,8.5
SP2024,SP2024-class 2,30,1905AGAIFA,,7.8,4.8,5.7,Passed,5
SP2024,SP2024-class 3,1,1905AHCDBB,,7.5,6.6,7.1,Passed,7.3
SP2024,SP2024-class 3,2,1905AHCFBJ,,7.5,7,7.3,Passed,7.5
SP2024,SP2024-class 3,3,1905AHDCJD,,7.5,5,6.5,Passed,7.5
SP2024,SP2024-class 3,4,1905AHCFEA,,8.5,5.2,6.3,Passed,5.5
SP2024,SP2024-class 3,5,1905AHCHIG,,7.5,5.2,6.7,Passed,7.8
SP2024,SP2024-class 3,6,1905AHDBAJ,,8.5,0,4.3,Not Passed,5.8
SP2024,SP2024-class 3,7,1905AHDCJJ,,7,7,7.3,Passed,8
SP2024,SP2024-class 3,8,1905AHDCDJ,,8,6.4,7.5,Passed,8.5
SP2024,SP2024-class 3,9,1905AHDBCG,,8,7.8,7.8,Passed,7.5
SP2024,SP2024-class 3,10,1905AHCBCI,,7,8.8,7.9,Passed,7.8
SP2024,SP2024-class 3,11,1905AGBGFA,,8,7.2,6.9,Passed,5.5
SP2024,SP2024-class 3,12,1905AHCCBF,,4,0,3.5,Attendance Fail,7.8
SP2024,SP2024-class 3,13,1905AHCDAE,,7.5,9.2,8.2,Passed,7.5
SP2024,SP2024-class 3,14,1905AHDADE,,7.5,4.6,6.3,Passed,7.5
SP2024,SP2024-class 3,15,1905AHCDGE,,3.5,4.8,5.2,Passed,7.5
SP2024,SP2024-class 3,16,1905AHCCHG,,7.5,8.2,7.2,Passed,5.5
SP2024,SP2024-class 3,17,1905AHDBHH,,8.5,7.8,8.1,Passed,8.3
SP2024,SP2024-class 3,18,1905AHCBCA,,7,4.4,6.2,Passed,7.8
SP2024,SP2024-class 3,19,1919AICHCH,,7.5,7.4,7.5,Passed,7.8
SP2024,SP2024-class 3,20,1905AHCBHA,,7.5,6.2,7.1,Passed,7.8
SP2024,SP2024-class 3,21,1905AHDBJF,,3.5,7.4,5.8,Passed,6
SP2024,SP2024-class 3,22,1905AHCDJI,,4,7.2,6.5,Passed,8
SP2024,SP2024-class 3,23,1905AHCBID,,3.5,0,2.9,Attendance Fail,6
SP2024,SP2024-class 3,24,1905AHDCGC,,0,4.4,3.9,Not Passed,7.3
SP2024,SP2024-class 3,25,1905AHCBDD,,4.5,7.2,6.5,Passed,7.5
SP2024,SP2024-class 3,26,1905AHDAGD,,4.5,0,2,Attendance Fail,2
SP2024,SP2024-class 4,1,1905AIJBIA,,9,9.6,9.2,Passed,8.9
SP2024,SP2024-class 4,2,1905AIBGIB,,5,5.2,6,Passed,8
SP2024,SP2024-class 4,3,1905AHBFBF,,5.5,5.8,6.6,Passed,8.9
SP2024,SP2024-class 4,4,1905AHAIBH,,8.5,10,9.3,Passed,9
SP2024,SP2024-class 4,5,1905AIJEGH,,9,7.2,8.2,Passed,8.6
SP2024,SP2024-class 4,6,1905AIJHFE,,7.5,4.2,6.5,Passed,8.6
SP2024,SP2024-class 4,7,1905AIBJJH,,7.5,5.2,7,Passed,9
SP2024,SP2024-class 4,8,1905AIBAEE,,7,5.8,6.8,Passed,8
SP2024,SP2024-class 4,9,1905AIJEEJ,,8,5.2,7.1,Passed,8.9
SP2024,SP2024-class 4,10,1905AHDEBH,,8.5,7.4,8.2,Passed,9
SP2024,SP2024-class 4,11,1905AIBAJI,,7.5,7,7.6,Passed,8.5
SP2024,SP2024-class 4,12,1905AIBEDB,,6,8,7.4,Passed,8.1
SP2024,SP2024-class 4,13,1905AIJCAD,,6.3,6.4,7.1,Passed,9
SP2024,SP2024-class 4,14,1905AHDFBC,,7.5,7.8,8.1,Passed,9
SP2024,SP2024-class 4,15,1905AIJAAJ,,7.8,8.4,8.4,Passed,9
SP2024,SP2024-class 4,16,1905AHDGCH,,6.5,4.4,6.3,Passed,8.6
SP2024,SP2024-class 4,17,1905AHDFIH,,8.5,0,5.2,Not Passed,8.9
SP2024,SP2024-class 4,18,1905AIJGJI,,9,9.2,9.1,Passed,9
SP2024,SP2024-class 4,19,1905AHAGAH,,4,7.6,6.6,Passed,7.9
SP2024,SP2024-class 4,20,1905AIJGHE,,8,7.2,7.9,Passed,8.6
SP2024,SP2024-class 4,21,1905AHAGGJ,,3,5.4,5.5,Passed,8.3
SP2024,SP2024-class 4,22,1905AIJDJC,,7.8,7.8,8.1,Passed,9
SP2024,SP2024-class 4,23,1905AIBEII,,6,8.8,7.8,Passed,8.1
SP2024,SP2024-class 4,24,1905AIBJBI,,6,6.2,6.9,Passed,8.9
SP2024,SP2024-class 4,25,1905AIJEJE,,7.5,8,8.1,Passed,8.9
SP2024,SP2024-class 4,26,1905AIBEAH,,6,5.6,6.4,Passed,7.8
SP2024,SP2024-class 4,27,1905AHBCDB,,3.8,4.6,5.7,Passed,9
SP2024,SP2024-class 4,28,1905AHBBDH,,1,5.2,4.6,Not Passed,7.4
SP2024,SP2024-class 4,29,1905AIBJIG,,8.5,9.8,9.2,Passed,9
SP2024,SP2024-class 4,30,1905AHBBAE,,3,7.4,6.4,Passed,8.6
SP2024,SP2024-class 4,31,1905AIJCEC,,8,9.2,8.7,Passed,8.6
SP2024,SP2024-class 4,32,1905AIJAHJ,,8.5,10,9.2,Passed,8.8
SP2024,SP2024-class 4,33,1905AHBBAF,,6.8,7.2,7.3,Passed,8
SP2024,SP2024-class 5,1,1905AIDCJA,,5,5.4,6.3,Passed,8.8
SP2024,SP2024-class 5,2,1905AICAHE,,6.5,4.8,6.3,Passed,8.3
SP2024,SP2024-class 5,3,1905AHEJID,,8.5,7.6,8.2,Passed,8.8
SP2024,SP2024-class 5,4,1905AIDDEI,,7.5,6.6,7.6,Passed,9
SP2024,SP2024-class 5,5,1905AHBICH,,7.3,5.6,7,Passed,8.5
SP2024,SP2024-class 5,6,1905AIDJII,,8.3,7,7.8,Passed,8.5
SP2024,SP2024-class 5,7,1905AICHCF,,5,5.2,6.2,Passed,8.9
SP2024,SP2024-class 5,8,1905AIBHJB,,6,5.6,6.7,Passed,9
SP2024,SP2024-class 5,9,1905AIBHEE,,5.5,7.8,7.4,Passed,8.8
SP2024,SP2024-class 5,10,1905AIDACB,,7.8,6.8,7.7,Passed,9
SP2024,SP2024-class 5,11,1905AICICD,,5.5,5.8,6.6,Passed,8.8
SP2024,SP2024-class 5,12,1905AHJAGH,,6.5,4.6,6.3,Passed,8.5
SP2024,SP2024-class 5,13,1905AIDHDJ,,6.8,7.2,7.5,Passed,8.6
SP2024,SP2024-class 5,14,1905AIDADE,,8.3,7.8,8.2,Passed,8.6
SP2024,SP2024-class 5,15,1905AIDJGB,,8,8.8,8.3,Passed,8
SP2024,SP2024-class 5,16,1905AICIBE,,7,7.6,7.6,Passed,8.3
SP2024,SP2024-class 5,17,1905AIFDDC,,4,4.6,5.5,Passed,8.1
SP2024,SP2024-class 5,18,1905AICJHH,,6.3,6.8,7.3,Passed,9
SP2024,SP2024-class 5,19,1905AHCJEF,,7,6.4,7.4,Passed,9
SP2024,SP2024-class 5,20,1905AICHHD,,8,9.8,9,Passed,9
SP2024,SP2024-class 5,21,1905AICCFA,,6.5,4.6,6.5,Passed,9
SP2024,SP2024-class 5,22,1905AIDHAG,,6.3,5.8,6.8,Passed,8.8
SP2024,SP2024-class 5,23,1905AHBHBD,,7,6.4,7.3,Passed,8.8
SP2024,SP2024-class 5,24,1905AICBDG,,7.8,6.6,7.7,Passed,9
SP2024,SP2024-class 5,25,1905AIDACA,,6.5,6,7,Passed,8.8
SP2024,SP2024-class 5,26,1905AIDAJB,,5,6,6.6,Passed,8.9
SP2024,SP2024-class 5,27,1905AIBJDG,,6.5,5.4,6.3,Passed,7.4
SP2024,SP2024-class 5,28,1905AICJCG,,8.8,7.4,7.9,Passed,7.6
SP2024,SP2024-class 5,29,1905AIBHHJ,,0,4.2,2.4,Not Passed,2.3
SP2024,SP2024-class 5,30,1905AIDJIE,,6,7.8,7.6,Passed,9
SP2024,SP2024-class 5,31,1905AIDFEC,,6,6.6,7.1,Passed,9
SP2024,SP2024-class 5,32,1905AICFCF,,7.8,6.8,7.7,Passed,9
SP2024,SP2024-class 5,33,1905AHBGBE,,7,7.2,7.5,Passed,8.5
SP2024,SP2024-class 5,34,1905AIFHFJ,,7,5.6,7,Passed,8.8
SP2024,SP2024-class 5,35,1905AICGCB,,6,6,6.9,Passed,9
SP2024,SP2024-class 6,1,1905AHJJEE,,6.3,7.6,6.8,Passed,6.3
SP2024,SP2024-class 6,2,1905AIFDCF,,8.8,9,8.8,Passed,8.7
SP2024,SP2024-class 6,3,1905AHDGBI,,9.3,7.8,8,Passed,6.9
SP2024,SP2024-class 6,4,1905AHJDFF,,9.3,8.2,7.8,Passed,5.8
SP2024,SP2024-class 6,5,1905AHJFHD,,8.8,9.2,7.9,Passed,5.5
SP2024,SP2024-class 6,6,1905AHBFAH,,9.3,8,7.7,Passed,5.9
SP2024,SP2024-class 6,7,1905AIBAAD,,9.3,6.2,6.8,Passed,5.2
SP2024,SP2024-class 6,8,1905AHCJIE,,8.3,6.8,7.3,Passed,7.2
SP2024,SP2024-class 6,9,1905AHCFCI,,9.3,5,6.7,Passed,6.5
SP2024,SP2024-class 6,10,1905AHJEFE,,6.3,6.8,6.8,Passed,7.2
SP2024,SP2024-class 6,11,1905AICDGJ,,8.8,6,6.9,Passed,6.4
SP2024,SP2024-class 6,12,1905AHJBGE,,4.3,4.2,4.3,Not Passed,4.6
SP2024,SP2024-class 6,13,1905AHJABB,,6.3,8,7.2,Passed,7.1
SP2024,SP2024-class 6,14,1905AHJGJA,,8.8,5.4,7.1,Passed,7.8
SP2024,SP2024-class 6,15,1905AHDFHF,,6.3,7.8,7.1,Passed,6.9
SP2024,SP2024-class 6,16,1905AHAFFF,,6.3,10,7.9,Passed,6.8
SP2024,SP2024-class 6,17,1905AHDDBG,,1.3,5.6,4.3,Not Passed,5.7
SP2024,SP2024-class 6,18,1905AHDDFH,,9.3,5.6,7,Passed,6.5
SP2024,SP2024-class 6,19,1905AHBFHG,,6.3,6.8,6.9,Passed,7.7
SP2024,SP2024-class 6,20,1905AHAEGJ,,6.3,8,7.3,Passed,7.6
SP2024,SP2024-class 6,21,1905AHAFGF,,6.3,6,6.6,Passed,7.8
SP2024,SP2024-class 6,22,1905AHAGIB,,9.3,5.4,7,Passed,6.8
SP2024,SP2024-class 6,23,1905AHJGEE,,8.8,8.4,8.1,Passed,7.1
SP2024,SP2024-class 6,24,1905AHDGFH,,6.3,6.4,5.8,Passed,4.6
SP2024,SP2024-class 6,25,1905AHJEIE,,6.3,8.4,7.4,Passed,7.4
SP2024,SP2024-class 6,26,1905AIBBDA,,8.8,5.4,6.5,Passed,5.7
SP2024,SP2024-class 6,27,1905AHJFGA,,9.3,9,8.3,Passed,6.4
SP2024,SP2024-class 6,28,1905AHJFCD,,0,0,0.1,Attendance Fail,0.4
SP2024,SP2024-class 7,1,1905AIBGBJ,,7,0,4.3,Not Passed,7.3
SP2024,SP2024-class 7,2,1905AIBGEI,,7,6.2,6.8,Passed,7.5
SP2024,SP2024-class 7,3,1905AIBDBE,,8,7.6,7.7,Passed,7.5
SP2024,SP2024-class 7,4,1905AICHJC,,10,7.8,8.7,Passed,8.5
SP2024,SP2024-class 7,5,1905AIDFCD,,8.5,7.4,8.2,Passed,8.9
SP2024,SP2024-class 7,6,1905AIDIAJ,,9,5.6,7.4,Passed,8.3
SP2024,SP2024-class 7,7,1905AIBFGA,,10,8.8,8.9,Passed,8
SP2024,SP2024-class 7,8,1905AICJFC,,8,4.8,6.6,Passed,7.8
SP2024,SP2024-class 7,9,1905AIBEEF,,7,4.2,6.1,Passed,7.8
SP2024,SP2024-class 7,10,1905AIDBCH,,6,4.4,6.1,Passed,8.5
SP2024,SP2024-class 7,11,1905AIFBFG,,10,6.2,7.8,Passed,7.9
SP2024,SP2024-class 7,12,1905AIFDCH,,8.5,6.8,7.7,Passed,8
SP2024,SP2024-class 7,13,1905AGCJEH,,8,0,4.5,Not Passed,7.1
SP2024,SP2024-class 7,14,1905AIFCJC,,7,5.8,6.8,Passed,8
SP2024,SP2024-class 7,15,1905AIDFEJ,,9,6,7.8,Passed,9
SP2024,SP2024-class 7,16,1905AIBHDI,,9.5,5.4,7.4,Passed,8
SP2024,SP2024-class 7,17,1905AICCAE,,7.3,7,7.4,Passed,8
SP2024,SP2024-class 7,18,1905AIDCBH,,10,8,8.9,Passed,8.9
SP2024,SP2024-class 7,19,1905AHBCIC,,8,9,8.3,Passed,7.6
SP2024,SP2024-class 7,20,1905AIBCJA,,6,0,3.7,Not Passed,6.3
SP2024,SP2024-class 7,21,1905AIBAIC,,7.5,4.8,6.3,Passed,7.3
SP2024,SP2024-class 7,22,1905AIDFAI,,8.5,7.8,8.1,Passed,8
SP2024,SP2024-class 7,23,1905AHDCID,,7.5,6.4,7.2,Passed,7.9
SP2024,SP2024-class 7,24,1905AIBAIF,,9,4,6.4,Passed,7.1
SP2024,SP2024-class 7,25,1905AIJGFD,,8,6.4,7.3,Passed,7.8
SP2024,SP2024-class 7,26,1905AIFDDB,,9,6.8,7.8,Passed,8
SP2024,SP2024-class 7,27,1905AICECE,,10,9,9.1,Passed,8.3
SP2024,SP2024-class 7,28,1905AHBFBJ,,7.8,4.8,6.5,Passed,7.6
SP2024,SP2024-class 7,29,1905AICHFA,,10,6,7.6,Passed,7.3
SP2024,SP2024-class 7,30,1905AIJFHF,,7,8.8,7.7,Passed,7
SP2024,SP2024-class 7,31,1905AIBIEC,,8.5,6.8,7.6,Passed,7.6
SP2024,SP2024-class 7,32,1905AIBBFH,,9,8,8.4,Passed,8.3
SP2024,SP2024-class 7,33,1905AICGIG,,8,8.6,8.2,Passed,7.8
SP2024,SP2024-class 7,34,1905AHCHIH,,8,6.8,7.5,Passed,7.9
SP2024,SP2024-class 8,1,1905AHJBCD,,8.9,7.8,7.3,Passed,5
SP2024,SP2024-class 8,2,1905AHDBHJ,,8.1,7.8,7.7,Passed,7.3
SP2024,SP2024-class 8,3,1905AGJBGH,,6.3,4.4,3.8,Not Passed,0.5
SP2024,SP2024-class 8,4,1905AHBCEI,,8.2,7.6,8.3,Passed,9.3
SP2024,SP2024-class 8,5,1905AHAIEC,,9.1,6.8,8.2,Passed,9.4
SP2024,SP2024-class 8,6,1905AIDEJB,,9.1,6.4,8.1,Passed,9.4
SP2024,SP2024-class 8,7,1905AGBCCC,,5.9,0,3.5,Not Passed,5.9
SP2024,SP2024-class 8,8,1905AGJCFC,,7.9,4.4,6.2,Passed,6.9
SP2024,SP2024-class 8,9,1905AHJFHH,,8.6,7.8,8.1,Passed,8.1
SP2024,SP2024-class 8,10,1905AGBACI,,0,0,0.2,Attendance Fail,0.5
SP2024,SP2024-class 8,11,1905AGBDGE,,8.7,4,6.1,Passed,6.5
SP2024,SP2024-class 8,12,1905AGBADD,,0,0,0,Attendance Fail,0
SP2024,SP2024-class 8,13,1905AGBEBD,,3.6,7.2,5.9,Passed,6.6
SP2024,SP2024-class 8,14,1905AHCDGH,,6.2,6.4,6.4,Passed,6.5
SP2024,SP2024-class 8,15,1905AHBBDI,,8.4,6.6,7.3,Passed,7.1
SP2024,SP2024-class 8,16,1905AGAEIF,,8.1,5.2,6.1,Passed,5.3
SP2024,SP2024-class 8,17,1905AHBJDB,,7.7,5.4,6.9,Passed,8
SP2024,SP2024-class 8,18,1905AHAEGE,,8.4,4.8,6.9,Passed,8.1
SP2024,SP2024-class 8,19,1905AHDEEE,,9,6.8,7.7,Passed,7.5
SP2024,SP2024-class 8,20,1905AIBBFJ,,9.1,9,9.3,Passed,9.9
SP2024,SP2024-class 8,21,1905AIDCIC,,7.2,6.8,6.8,Passed,6.5
SP2024,SP2024-class 8,22,1905AGAFJA,,6,4.8,5.4,Passed,5.8
SP2024,SP2024-class 8,23,0805AHFEAE,,8.5,6.4,7.4,Passed,7.8
SP2024,SP2024-class 8,24,1905AGAFBC,,0,0,0.6,Attendance Fail,1.9
SP2024,SP2024-class 8,25,1905AGJDCJ,,1.5,6.4,3.9,Not Passed,3.1
SP2024,SP2024-class 8,26,1905AGJJIF,,8,4,5.5,Passed,5
SP2024,SP2024-class 8,27,1905AHJBBF,,4,5.8,4.7,Not Passed,4
SP2024,SP2024-class 8,28,1905AGAGAC,,6.4,7.6,7.9,Passed,9.8
SP2024,SP2024-class 8,29,1905AIDIDG,,5.6,4.8,5.2,Passed,5.2
SP2024,SP2024-class 8,30,1905AGBAGE,,1.7,9.4,6.2,Passed,6.5
SP2024,SP2024-class 8,31,1905AHAFEC,,6.1,6.6,6.2,Passed,5.6
SP2024,SP2024-class 8,32,1905AIDBEG,,5.6,6.8,7.4,Passed,10
SP2024,SP2024-class 8,33,1905AGABBB,,7.8,4.8,7.3,Passed,10
SP2024,SP2024-class 8,34,1905AIDCJB,,3.4,8.6,6.1,Passed,5.5
SP2024,SP2024-class 8,35,1905AGCEII,,6.6,5.8,6.6,Passed,7.6
SP2024,SP2024-class 9,1,1905AHJJED,,8,8.4,7.5,Passed,5.8
SP2024,SP2024-class 9,2,1905AHJJGF,,7,6.6,5.9,Passed,3.8
SP2024,SP2024-class 9,3,1905AHJJFF,,8,7.2,6.3,Passed,3.5
SP2024,SP2024-class 9,4,1905AGCDAF,,7,5.6,5.7,Passed,4.5
SP2024,SP2024-class 9,5,1905AHCJFB,,9,7.4,6.7,Passed,3.5
SP2024,SP2024-class 9,6,1905AHDCHH,,8,6.8,6.2,Passed,3.8
SP2024,SP2024-class 9,7,1905AHJJDD,,8.5,9.6,7.5,Passed,3.8
SP2024,SP2024-class 9,8,1905AHJJGA,,6.5,7.2,5.4,Passed,1.8
SP2024,SP2024-class 9,9,1905AHJCFA,,7,4.8,5.1,Passed,3.5
SP2024,SP2024-class 9,10,1905AHBHGH,,7,6,5.7,Passed,4
SP2024,SP2024-class 9,11,1905AHJJGI,,7.5,4.4,5.2,Passed,4
SP2024,SP2024-class 9,12,1905AGBIJC,,8,0,2.9,Not Passed,1.8
SP2024,SP2024-class 9,13,1905AHJJHB,,7,7.8,6.4,Passed,4
SP2024,SP2024-class 9,14,1905AHJJDG,,8.5,9.8,7.6,Passed,3.8
SP2024,SP2024-class 9,15,1905AHJJBC,,9,6.8,6.1,Passed,2.3
SP2024,SP2024-class 9,16,1905AHBFDE,,0,0,0.5,Attendance Fail,1.8
SP2024,SP2024-class 9,17,1905AGCEIF,,7,0,2.6,Is Susspended,1.8
SP2024,SP2024-class 9,18,1905AHJFII,,4,10,6.3,Passed,3.5
SP2024,SP2024-class 9,19,1905AHJJBI,,7.5,6.6,5.5,Passed,2
SP2024,SP2024-class 9,20,1905AHDFAF,,8,9.4,7.4,Passed,4
SP2024,SP2024-class 9,21,1905AHJJBH,,7.5,8.4,6.8,Passed,4
SP2024,SP2024-class 9,22,1905AGCJFB,,7.5,5.2,5.5,Passed,3.8
SP2024,SP2024-class 9,23,1905AHJJFD,,8,7.6,6,Passed,2
SP2024,SP2024-class 9,24,1905AHJJDH,,7,5.8,5.7,Passed,4.3
SP2024,SP2024-class 9,25,1905AHAIAC,,9,5.2,6.9,Passed,7
SP2024,SP2024-class 9,26,1905AGCEAA,,4.5,7,5.3,Passed,3.8
SP2024,SP2024-class 9,27,1905AHBDBB,,9,9,8.5,Passed,7.3
SP2024,SP2024-class 9,28,1905AHCCIF,,7.5,7.6,6.9,Passed,5.3
SP2024,SP2024-class 9,29,1905AHJJHH,,8,7.4,6.4,Passed,3.5
SP2024,SP2024-class 9,30,1905AHJJGG,,6.5,6,5.7,Passed,4.5
SP2024,SP2024-class 9,31,1905AHJJAB,,7,5.8,5.5,Passed,3.5
SP2024,SP2024-class 9,32,1905AHJJCA,,9,7.6,7.1,Passed,4.5
SP2024,SP2024-class 10,1,1905AHJAHA,,9.9,6.4,8,Passed,8.3
SP2024,SP2024-class 10,2,1905AHJAEC,,10,6.8,8.2,Passed,8.3
SP2024,SP2024-class 10,3,1905AHJAEH,,8,4.2,6.2,Passed,7
SP2024,SP2024-class 10,4,1905AHJADI,,8.4,8.2,8.2,Passed,8
SP2024,SP2024-class 10,5,1905AHCHCE,,4,5.8,5.7,Passed,7.1
SP2024,SP2024-class 10,6,1905AHCEAE,,10,6.8,8.2,Passed,8.3
SP2024,SP2024-class 10,7,1919AGJADJ,,10,5,7.1,Passed,7
SP2024,SP2024-class 10,8,1905AHJJIJ,,10,9.8,9,Passed,7
SP2024,SP2024-class 10,9,1905AHJAGG,,10,5.4,7.4,Passed,7.4
SP2024,SP2024-class 10,10,1905AHJADD,,9.5,6.6,7.9,Passed,8.1
SP2024,SP2024-class 10,11,1905AHJJIA,,10,8.6,8.6,Passed,7.1
SP2024,SP2024-class 10,12,1905AHJBJI,,10,7.6,8.5,Passed,8.3
SP2024,SP2024-class 10,13,1905AHJACB,,9.5,6.2,7.5,Passed,7.1
SP2024,SP2024-class 10,14,1905AIBDDD,,10,5.6,7.5,Passed,7.5
SP2024,SP2024-class 10,15,1905AHJAED,,9.5,9.6,9.2,Passed,8.3
SP2024,SP2024-class 10,16,1905AHCBFH,,10,9,9.1,Passed,8.2
SP2024,SP2024-class 10,17,1905AHJFFF,,1,10,5.9,Passed,5.2
SP2024,SP2024-class 10,18,1905AHCDJH,,9.5,7.8,8.2,Passed,7.4
SP2024,SP2024-class 10,19,1905AHJAJF,,10,9.8,9.4,Passed,8.2
SP2024,SP2024-class 10,20,1905AHJAIE,,10,7.8,8.6,Passed,8.2
SP2024,SP2024-class 10,21,1905AHJAFB,,9.7,5.8,7.6,Passed,8.1
SP2024,SP2024-class 10,22,1905AHJAGF,,10,5.4,7.3,Passed,7.2
SP2024,SP2024-class 10,23,1905AHJAJG,,10,9.4,9,Passed,7.6
SP2024,SP2024-class 10,24,1905AHJAEJ,,9.9,8,8.3,Passed,7
SP2024,SP2024-class 10,25,1905AHJAHE,,9.5,4,6.3,Passed,6.3
SP2024,SP2024-class 10,26,1905AHJAFE,,9.9,6.8,7.9,Passed,7.5
SP2024,SP2024-class 10,27,1905AIDHBA,,9.9,8.2,8.5,Passed,7.4
SP2024,SP2024-class 10,28,1905AHBACD,,10,6,8,Passed,8.5
SP2024,SP2024-class 10,29,1905AHJAIH,,10,8,8.6,Passed,8.1
SP2024,SP2024-class 10,30,1905AHDFFD,,8,5,6.5,Passed,7.1
SP2024,SP2024-class 10,31,1905AHJABF,,10,9.6,9.2,Passed,7.8
SP2024,SP2024-class 11,1,1905AHJBHH,,9.2,6.2,8,Passed,9.2
SP2024,SP2024-class 11,2,1905AHJBBJ,,9.7,9.2,9.5,Passed,9.8
SP2024,SP2024-class 11,3,1905AHJBIJ,,8.9,6.6,8,Passed,9.2
SP2024,SP2024-class 11,4,1905AHJBDB,,8.2,7.2,8.2,Passed,9.7
SP2024,SP2024-class 11,5,1905AHJFIE,,8.7,8.4,8.9,Passed,9.6
SP2024,SP2024-class 11,6,1905AHCBIB,,7.8,0,4.8,Not Passed,8.1
SP2024,SP2024-class 11,7,1901AHJBCA,,0,0,0,Not Passed,0
SP2024,SP2024-class 11,8,1919AHJJFI,,9.5,8.4,9,Passed,9.3
SP2024,SP2024-class 11,9,1905AHJBBH,,7.2,7.6,7.4,Passed,7.3
SP2024,SP2024-class 11,10,1905AHJBAA,,9.7,9.4,9.6,Passed,9.8
SP2024,SP2024-class 11,11,1905AHJBIA,,7.7,5.8,7.2,Passed,8.7
SP2024,SP2024-class 11,12,1905AHDFEJ,,9.4,5.6,7.8,Passed,9.1
SP2024,SP2024-class 11,13,1905AHJBDJ,,9.2,7.2,8.6,Passed,9.8
SP2024,SP2024-class 11,14,1905AHAIID,,6.7,6.2,7.1,Passed,8.8
SP2024,SP2024-class 11,15,0405AHAJJA,,8.8,6.6,7.9,Passed,8.8
SP2024,SP2024-class 11,16,1905AHBEGG,,9.2,9.8,9.5,Passed,9.3
SP2024,SP2024-class 11,17,1905AIBFGB,,9,9.8,9.1,Passed,8.1
SP2024,SP2024-class 11,18,1905AGBAFE,,0,0,0,Not Passed,0
SP2024,SP2024-class 11,19,0405AHJAIF,,7.3,6,7.1,Passed,8.5
SP2024,SP2024-class 11,20,1905AHJBEB,,9.2,7,8.3,Passed,9.2
SP2024,SP2024-class 11,21,1905AHJBED,,7.2,0,3.6,Not Passed,5
SP2024,SP2024-class 11,22,1905AHCICI,,10,6,8.2,Passed,9.3
SP2024,SP2024-class 11,23,1905AHJBHG,,9.2,8,8.8,Passed,9.5
SP2024,SP2024-class 11,24,1905AHJBCA,,7,8.6,7.9,Passed,7.8
SP2024,SP2024-class 11,25,1905AHJBAG,,8.9,6.6,8.2,Passed,9.7
SP2024,SP2024-class 11,26,1905AHJBDF,,9.5,7.8,8.9,Passed,9.7
SP2024,SP2024-class 11,27,1905AHJBEH,,8.4,8.8,8.7,Passed,9
SP2024,SP2024-class 11,28,1905AGCJAI,,9.2,6.2,7.7,Passed,8.1
SP2024,SP2024-class 11,29,1905AHBAEF,,9.7,6.4,8.3,Passed,9.3
SP2024,SP2024-class 11,30,1905AHJBGF,,9.4,6,7.9,Passed,9
SP2024,SP2024-class 11,31,1905AHJBDA,,9.3,8.6,9.1,Passed,9.6
SP2024,SP2024-class 12,1,1905AHJCEA,,9.3,7.8,8.7,Passed,9.2
SP2024,SP2024-class 12,2,1905AHJCJH,,6.6,8,7.8,Passed,8.8
SP2024,SP2024-class 12,3,1905AHJDIB,,7.4,7.2,6.9,Passed,6.1
SP2024,SP2024-class 12,4,1905AHJCJC,,6.2,0,2.9,Not Passed,3.4
SP2024,SP2024-class 12,5,1905AHBAJF,,4.1,6.6,5.2,Passed,4.5
SP2024,SP2024-class 12,6,1905AHJCGD,,6.4,5.8,5.9,Passed,5.6
SP2024,SP2024-class 12,7,1905AHJCAI,,5.1,8.8,7.4,Passed,7.7
SP2024,SP2024-class 12,8,1905AHJCHJ,,3.3,0,2.8,Not Passed,5.9
SP2024,SP2024-class 12,9,1905AHJCAE,,6.5,8.4,7.7,Passed,8
SP2024,SP2024-class 12,10,1905AHJCFI,,5.3,9,7.6,Passed,8
SP2024,SP2024-class 12,11,0405AIJJDD,,4.8,6.6,5.5,Passed,4.8
SP2024,SP2024-class 12,12,1905AHJCCB,,4.7,5,4.1,Not Passed,2.3
SP2024,SP2024-class 12,13,1905AHJCJI,,5.4,6,6,Passed,6.6
SP2024,SP2024-class 12,14,1905AHJCAH,,5.7,7.6,6.8,Passed,7
SP2024,SP2024-class 12,15,1905AIJGDH,,3.5,0,2.8,Attendance Fail,5.8
SP2024,SP2024-class 12,16,1905AHJBID,,1.3,4.4,3.2,Not Passed,3.4
SP2024,SP2024-class 12,17,1905AHJBIF,,7,7,6.9,Passed,6.5
SP2024,SP2024-class 12,18,1905AHJCDI,,9.1,9.2,9.4,Passed,10
SP2024,SP2024-class 12,19,1905AHJCCH,,1.7,9.4,6.4,Passed,7.2
SP2024,SP2024-class 12,20,1905AIBDIE,,7.3,7.6,8.1,Passed,9.4
SP2024,SP2024-class 12,21,1905AHJCAD,,9.1,9.8,9.7,Passed,10
SP2024,SP2024-class 12,22,1905AHJCDJ,,6.7,8.8,8,Passed,8.1
SP2024,SP2024-class 12,23,1905AHJCHD,,9.2,9.8,9.5,Passed,9.5
SP2024,SP2024-class 12,24,1905AHJCCA,,6.8,7.8,7.1,Passed,6.6
SP2024,SP2024-class 12,25,1905AHJCAF,,8,7.8,7.3,Passed,5.9
SP2024,SP2024-class 12,26,1905AHJBIG,,3.8,7.6,6.7,Passed,8.3
SP2024,SP2024-class 12,27,1905AHJCBE,,7.2,7.8,6.7,Passed,4.6
SP2024,SP2024-class 12,28,1905AHJEID,,6.1,10,7.8,Passed,6.5
SP2024,SP2024-class 12,29,1905AHDBDJ,,3.5,7.2,5.2,Passed,4.4
SP2024,SP2024-class 12,30,1905AGJEEH,,0,0,0,Attendance Fail,0
SP2024,SP2024-class 12,31,1905AHJCED,,8.7,7.8,8.7,Passed,10
SP2024,SP2024-class 12,32,1905AHJCCI,,6.9,8.4,7.9,Passed,8.3
SP2024,SP2024-class 13,1,1905AHJEAJ,,9,0,5.4,Not Passed,8.9
SP2024,SP2024-class 13,2,1905AHJDJJ,,9.2,0,5.4,Is Susspended,8.9
SP2024,SP2024-class 13,3,1905AHBJHG,,9,7.8,8.5,Passed,8.9
SP2024,SP2024-class 13,4,1905AHJDCC,,9.2,9.2,9.1,Passed,8.9
SP2024,SP2024-class 13,5,1905AHJDBB,,9,6.4,7.9,Passed,8.7
SP2024,SP2024-class 13,6,1905AHJEBB,,9.2,4.4,7.2,Passed,8.9
SP2024,SP2024-class 13,7,1905AHJDAE,,9,7,8.1,Passed,8.7
SP2024,SP2024-class 13,8,1905AHJDEI,,9,6.4,8,Passed,9
SP2024,SP2024-class 13,9,1905AHJDDC,,9,0,5.3,Not Passed,8.7
SP2024,SP2024-class 13,10,1905AHJDGJ,,9.2,6.4,8,Passed,8.9
SP2024,SP2024-class 13,11,1905AHJDEA,,9,4.4,7.2,Passed,9.3
SP2024,SP2024-class 13,12,1905AHJEAC,,9,7.4,8.4,Passed,9.3
SP2024,SP2024-class 13,13,1905AHBAEI,,9,4.6,7.1,Passed,8.7
SP2024,SP2024-class 13,14,1905AHJBGJ,,9,5,7.4,Passed,8.9
SP2024,SP2024-class 13,15,1905AHBADI,,9,4.2,7,Passed,8.7
SP2024,SP2024-class 13,16,1905AHJDBJ,,9,4.6,7.2,Passed,9
SP2024,SP2024-class 13,17,1905AHJDIE,,9,7,8.2,Passed,9
SP2024,SP2024-class 13,18,1905AHJDDA,,9.2,7.2,8.3,Passed,8.9
SP2024,SP2024-class 13,19,1905AHBAFD,,9,10,9.5,Passed,9.3
SP2024,SP2024-class 13,20,1905AHJEJG,,9.2,5.4,7.6,Passed,8.9
SP2024,SP2024-class 13,21,1905AHBBAB,,8.7,8,8.6,Passed,9.3
SP2024,SP2024-class 13,22,1905AHJDAJ,,9,9.8,9.4,Passed,9.3
SP2024,SP2024-class 13,23,1905AHJDDG,,9,7.8,8.5,Passed,9
SP2024,SP2024-class 13,24,1905AHJDEE,,9,8.4,8.8,Passed,9.3
SP2024,SP2024-class 13,25,1905AHJEJF,,9,4.6,7.3,Passed,9.3
SP2024,SP2024-class 13,26,1905AHBFBA,,9,5.4,7.6,Passed,9
SP2024,SP2024-class 13,27,1905AGCDID,,9,4.2,7,Passed,8.7
SP2024,SP2024-class 13,28,1905AHJDHJ,,9.2,6.8,8.2,Passed,8.9
SP2024,SP2024-class 13,29,1905AHJDGA,,9,6.8,8.2,Passed,9.3
SP2024,SP2024-class 13,30,1905AHJCII,,9,7.8,8.2,Passed,7.9
SP2024,SP2024-class 13,31,1905AHJDAC,,9.2,8.4,8.8,Passed,8.9
SP2024,SP2024-class 13,32,1905AHJDIJ,,9,7.4,8.3,Passed,8.7
SP2024,SP2024-class 13,33,1905AHDGHE,,9.2,6.2,7.9,Passed,8.9
SP2024,SP2024-class 13,34,1905AHJDFB,,9,8.2,8.8,Passed,9.3
SP2024,SP2024-class 13,35,1905AHJDGF,,9,10,9.4,Passed,8.9
SP2024,SP2024-class 14,1,1905AHJEDE,,6.3,6.4,6.9,Passed,8.4
SP2024,SP2024-class 14,2,1905AHJEIB,,6.5,6.4,6.9,Passed,8.1
SP2024,SP2024-class 14,3,1905AHJEFF,,8,8.4,8.4,Passed,8.8
SP2024,SP2024-class 14,4,1905AHJFJB,,8.5,5.6,7.3,Passed,8.5
SP2024,SP2024-class 14,5,1905AIDDAC,,5.3,0,3.7,Not Passed,7
SP2024,SP2024-class 14,6,1905AHJEIG,,6.8,7.6,7.4,Passed,7.8
SP2024,SP2024-class 14,7,1905AHJEEI,,6,7.8,7.2,Passed,7.6
SP2024,SP2024-class 14,8,1905AHJEFJ,,7.8,7.6,7.9,Passed,8.4
SP2024,SP2024-class 14,9,1905AHJEEG,,8.3,7.2,8.1,Passed,9.1
SP2024,SP2024-class 14,10,1905AHJJBJ,,8,8.2,8.2,Passed,8.5
SP2024,SP2024-class 14,11,1905AIDGFE,,3.5,0,1.7,Attendance Fail,2
SP2024,SP2024-class 14,12,1905AHJEHJ,,7,9.2,8.1,Passed,7.6
SP2024,SP2024-class 14,13,1905AHJEEF,,7.3,6,7.1,Passed,8.3
SP2024,SP2024-class 14,14,1905AHJEHI,,8,5,6.7,Passed,7.5
SP2024,SP2024-class 14,15,1905AHAICB,,7.8,7.4,7.7,Passed,8.1
SP2024,SP2024-class 14,16,1905AHJEHG,,7.8,8,8.1,Passed,8.6
SP2024,SP2024-class 14,17,1905AHDADD,,6.8,8.2,7.4,Passed,7.1
SP2024,SP2024-class 14,18,1905AHJECD,,6.5,8.2,7.6,Passed,7.8
SP2024,SP2024-class 14,19,1905AHJEED,,8.5,9.6,9.1,Passed,8.9
SP2024,SP2024-class 14,20,1905AHJEEE,,3.5,0,1.7,Attendance Fail,2
SP2024,SP2024-class 14,21,1905AHJEGE,,8.8,5,7.3,Passed,8.9
SP2024,SP2024-class 14,22,1905AHJEGA,,7,8,7.7,Passed,7.9
SP2024,SP2024-class 14,23,1905AHJEGI,,6.8,7,7,Passed,7.4
SP2024,SP2024-class 14,24,1905AHJECJ,,6.8,6.2,6.6,Passed,6.9
SP2024,SP2024-class 14,25,1905AHJEDF,,6.5,6,6.4,Passed,6.9
SP2024,SP2024-class 14,26,1905AHAFFJ,,7,10,8.5,Passed,8
SP2024,SP2024-class 14,27,1905AHJCHG,,7.8,7.6,8,Passed,8.9
SP2024,SP2024-class 14,28,1905AHJECI,,7.8,4.8,6.5,Passed,7.5
SP2024,SP2024-class 14,29,1905AHBGDE,,7,5.8,6.8,Passed,7.9
SP2024,SP2024-class 14,30,1905AHJEFA,,7.3,5.8,6.9,Passed,8.1
SP2024,SP2024-class 14,31,1905AHJEEH,,6.8,6.8,7,Passed,7.6
SP2024,SP2024-class 14,32,1905AHJEDH,,6.5,0,3.8,Not Passed,6.1
SP2024,SP2024-class 14,33,1905AHJEHC,,6.5,7.2,7.1,Passed,7.5
SP2024,SP2024-class 14,34,1905AGBDFJ,,8,6.2,7.2,Passed,7.6
SP2024,SP2024-class 14,35,1905AHJECG,,8,8.8,8.2,Passed,7.6
SP2024,SP2024-class 15,1,1905AHJFFC,,8.7,7.2,7.6,Passed,7
SP2024,SP2024-class 15,2,1905AHJFGJ,,6.1,8.6,7,Passed,5.7
SP2024,SP2024-class 15,3,1905AHJFBB,,6.3,8,7.5,Passed,8
SP2024,SP2024-class 15,4,1905AHJGJG,,5.4,6.8,5.9,Passed,5.2
SP2024,SP2024-class 15,5,1905AHCBCG,,8.4,7.8,8,Passed,7.8
SP2024,SP2024-class 15,6,1905AHJFDH,,6.3,7.4,6.9,Passed,6.9
SP2024,SP2024-class 15,7,1905AHDBGI,,8.2,8.6,8.5,Passed,8.8
SP2024,SP2024-class 15,8,1905AHJFEG,,7.2,7.6,8,Passed,9.3
SP2024,SP2024-class 15,9,1905AHJGAE,,8.9,7.4,8.6,Passed,10
SP2024,SP2024-class 15,10,1905AIJHDC,,6.2,9,8.4,Passed,9.7
SP2024,SP2024-class 15,11,1905AICEGG,,6.4,6,6.6,Passed,7.7
SP2024,SP2024-class 15,12,1905AHJFJF,,8.8,5.6,7.3,Passed,7.9
SP2024,SP2024-class 15,13,1905AIDDGJ,,6.2,8,7.7,Passed,8.9
SP2024,SP2024-class 15,14,1905AHJFHA,,8.7,8.2,8.8,Passed,9.8
SP2024,SP2024-class 15,15,1905AHJFGD,,3.5,9.8,6.8,Passed,6.3
SP2024,SP2024-class 15,16,1905AHJFDF,,8.5,6.4,7.4,Passed,7.5
SP2024,SP2024-class 15,17,1905AHJFCI,,8.7,7.6,8.3,Passed,8.7
SP2024,SP2024-class 15,18,1905AHJFHE,,4,9.4,7.3,Passed,7.9
SP2024,SP2024-class 15,19,1905AHBGJG,,9.2,9.2,9.4,Passed,9.9
SP2024,SP2024-class 15,20,1905AHJFAH,,8.9,7,8.5,Passed,10
SP2024,SP2024-class 15,21,1905AHJFFE,,8.5,5.2,7.3,Passed,8.9
SP2024,SP2024-class 15,22,1905AHJGAJ,,6.5,8.6,7.9,Passed,8.6
SP2024,SP2024-class 15,23,1905AHJFIH,,8.5,9.2,8.5,Passed,7.6
SP2024,SP2024-class 15,24,1905AHJFEA,,6.7,4.2,5,Passed,4.4
SP2024,SP2024-class 15,25,1905AHJGJF,,4.3,7.6,6.1,Passed,5.9
SP2024,SP2024-class 15,26,1905AHJFAD,,8.1,7.2,7.9,Passed,8.7
SP2024,SP2024-class 15,27,1905AHBFFF,,4.5,8.2,6.9,Passed,7.8
SP2024,SP2024-class 15,28,1905AHBBAC,,8.8,5.4,7.2,Passed,8.2
SP2024,SP2024-class 15,29,1905AHJFAC,,7.9,6.8,7.3,Passed,7.4
SP2024,SP2024-class 15,30,1905AHJFDE,,8.9,5.2,7.6,Passed,9.7
SP2024,SP2024-class 15,31,1905AHJFGI,,1.3,0,2.3,Attendance Fail,6.6
SP2024,SP2024-class 15,32,1905AHJGAF,,6.9,6.4,7.6,Passed,10
SP2024,SP2024-class 15,33,1905AHJFEB,,8.9,8,8.5,Passed,8.8
SP2024,SP2024-class 15,34,1905AHJEEA,,8.5,9.6,9.2,Passed,9.5
SP2024,SP2024-class 16,1,1905AHJGFH,,6.4,5.8,6.2,Passed,6.7
SP2024,SP2024-class 16,2,1905AHJGCI,,6.1,7.8,7.1,Passed,7
SP2024,SP2024-class 16,3,1905AHAEBA,,9,8.6,8.2,Passed,7.1
SP2024,SP2024-class 16,4,1905AHJGEJ,,5.1,6,5.9,Passed,6.7
SP2024,SP2024-class 16,5,1905AHJGGC,,8.8,8.8,8.7,Passed,8.3
SP2024,SP2024-class 16,6,1905AHJGHE,,6.9,5,6.1,Passed,6.7
SP2024,SP2024-class 16,7,1905AGAFJG,,0,0,0,Attendance Fail,0
SP2024,SP2024-class 16,8,1905AHJGBD,,9.1,7.6,8.2,Passed,8.1
SP2024,SP2024-class 16,9,1905AHJGCG,,0,0,0.9,Attendance Fail,3.1
SP2024,SP2024-class 16,10,0805AHFDED,,8.2,9.8,8.9,Passed,8.4
SP2024,SP2024-class 16,11,1905AHJGGE,,8.3,5.6,7.3,Passed,8.6
SP2024,SP2024-class 16,12,1905AHJGBB,,8.7,8.8,8.4,Passed,7.5
SP2024,SP2024-class 16,13,1905AHJGGF,,8.7,5.2,7.5,Passed,9.4
SP2024,SP2024-class 16,14,1905AHJGAI,,9,5.2,7.2,Passed,8.1
SP2024,SP2024-class 16,15,1905AHAEDB,,7.4,5.8,7.4,Passed,9.5
SP2024,SP2024-class 16,16,1905AHJGBH,,9.1,7.8,8.9,Passed,10
SP2024,SP2024-class 16,17,1905AHJGCB,,9.2,8.8,9.1,Passed,9.4
SP2024,SP2024-class 16,18,1905AHJGCC,,6.3,7,6.9,Passed,7.5
SP2024,SP2024-class 16,19,1905AICCDA,,4.6,8.2,6.5,Passed,6.3
SP2024,SP2024-class 16,20,1905AHAECG,,9,7.2,8,Passed,8
SP2024,SP2024-class 16,21,1905AHJGDF,,6.8,5.6,6.7,Passed,8
SP2024,SP2024-class 16,22,1905AICBEH,,8.8,9,9.1,Passed,9.4
SP2024,SP2024-class 16,23,1905AHJGBG,,8.7,6,7,Passed,6.7
SP2024,SP2024-class 16,24,1905AHJGCD,,3.4,9.8,6.4,Passed,4.9
SP2024,SP2024-class 16,25,1905AHJGBC,,8.8,6.8,7.5,Passed,7.1
SP2024,SP2024-class 16,26,1905AHAFHE,,8.8,9.6,9.3,Passed,9.4
SP2024,SP2024-class 16,27,1905AHCJEJ,,2.3,6.6,5.5,Passed,7.1
SP2024,SP2024-class 16,28,1905AHAEBH,,8.4,6.8,7.1,Passed,6.3
SP2024,SP2024-class 16,29,1905AHJGHC,,8.9,9,9,Passed,9.1
SP2024,SP2024-class 16,30,1905AHJGCJ,,8.5,9.8,9.3,Passed,9.4
SP2024,SP2024-class 16,31,1905AHAECF,,8.9,9.6,9.5,Passed,10
SP2024,SP2024-class 16,32,1905AHJGAH,,7.8,5.6,6.7,Passed,7
SP2024,SP2024-class 16,33,1905AHJGFD,,7.6,7.8,8.2,Passed,9.4
SP2024,SP2024-class 16,34,1905AHJGEA,,7.9,8.4,8.5,Passed,9.4
SP2024,SP2024-class 16,35,1905AHJGEF,,7.5,6.2,6.7,Passed,6.5
SP2024,SP2024-class 17,1,1905AHAFIA,,4,8,6.8,Passed,7.9
SP2024,SP2024-class 17,2,1905AHAFJC,,5,9,7.4,Passed,7.6
SP2024,SP2024-class 17,3,1905AHAFEB,,4,9.6,7.6,Passed,8.6
SP2024,SP2024-class 17,4,1905AHAEGI,,4.5,8.4,7.6,Passed,9.5
SP2024,SP2024-class 17,5,1905AHAGJI,,4.5,9.8,7.8,Passed,8.4
SP2024,SP2024-class 17,6,1905AHAGAB,,4,8.8,7.6,Passed,9.8
SP2024,SP2024-class 17,7,1905AIDJHC,,7.5,7,6.8,Passed,5.9
SP2024,SP2024-class 17,8,1905AHAFGE,,4,6,6.4,Passed,9.3
SP2024,SP2024-class 17,9,1905AHAFED,,4,9.6,8,Passed,9.8
SP2024,SP2024-class 17,10,1905AHAFJD,,6,9.8,8.7,Passed,9.9
SP2024,SP2024-class 17,11,1905AHAGJB,,8,6.4,7.9,Passed,9.9
SP2024,SP2024-class 17,12,1905AHAFEE,,5.5,6.6,6.7,Passed,8
SP2024,SP2024-class 17,13,1905AHCAHF,,4,9,6.5,Passed,5.8
SP2024,SP2024-class 17,14,1905AHEJIJ,,2,6.4,4.9,Not Passed,5.8
SP2024,SP2024-class 17,15,1905AHAEIC,,5.5,5.4,5.5,Passed,5.6
SP2024,SP2024-class 17,16,1905AHCEIB,,4,7.2,5.8,Passed,5.8
SP2024,SP2024-class 17,17,1919AHAJGD,,6.5,7.6,8,Passed,10
SP2024,SP2024-class 17,18,1905AHCFHD,,6,4.8,5.1,Passed,4.8
SP2024,SP2024-class 17,19,1905AHAFEF,,4.5,7,6.4,Passed,7.6
SP2024,SP2024-class 17,20,1905AHAEGH,,7.5,7.6,8.1,Passed,9.3
SP2024,SP2024-class 17,21,1905AHAFHD,,5.5,8.6,7.4,Passed,7.8
SP2024,SP2024-class 17,22,1905AHAFHB,,6,8.4,7.3,Passed,7.3
SP2024,SP2024-class 17,23,1905AHAEIF,,5,10,7.9,Passed,8.1
SP2024,SP2024-class 17,24,1905AHAFGI,,5.5,7.6,7.3,Passed,8.6
SP2024,SP2024-class 17,25,1905AHAEDH,,5.5,6.6,7,Passed,9.1
SP2024,SP2024-class 17,26,1905AHAGJC,,5.5,8.4,7.1,Passed,7.1
SP2024,SP2024-class 17,27,1905AHAEEH,,4,10,7.3,Passed,7.1
SP2024,SP2024-class 17,28,1905AHAFGG,,4,8.8,7.3,Passed,8.6
SP2024,SP2024-class 17,29,1905AGCBAE,,6,4.6,6.5,Passed,9.4
SP2024,SP2024-class 17,30,1905AHAEII,,4,8.8,7.5,Passed,9.3
SP2024,SP2024-class 17,31,1905AHAFFG,,0,5,4.3,Not Passed,7.6
SP2024,SP2024-class 17,32,1905AHAEFA,,4,6.2,6.3,Passed,8.9
SP2024,SP2024-class 17,33,1905AHAGAA,,4,10,8.1,Passed,9.6
SP2024,SP2024-class 17,34,1905AHDDHE,,5.5,5.2,5.7,Passed,6.6
SP2024,SP2024-class 18,1,1905AHAGCI,,5.8,4.8,5.2,Passed,5
SP2024,SP2024-class 18,2,1905AHAGIC,,6.1,6.8,6.9,Passed,7.9
SP2024,SP2024-class 18,3,1905AHAGGE,,5.4,5.4,6.3,Passed,8.3
SP2024,SP2024-class 18,4,1905AHAGGA,,6.3,7.4,6.6,Passed,5.8
SP2024,SP2024-class 18,5,1905AHAGHA,,7,7,7.1,Passed,7.4
SP2024,SP2024-class 18,6,1905AHAGAF,,8.8,0,4,Not Passed,4.6
SP2024,SP2024-class 18,7,1905AHAGEB,,7.2,5.2,6.9,Passed,8.8
SP2024,SP2024-class 18,8,1905AHAGJD,,3.3,4.2,4.5,Not Passed,6
SP2024,SP2024-class 18,9,1905AHAGDD,,7.1,8.2,8,Passed,8.6
SP2024,SP2024-class 18,10,1905AHAGEF,,5.2,7.4,6.2,Passed,5.6
SP2024,SP2024-class 18,11,1905AHAGEH,,3.9,5.6,5.8,Passed,7.8
SP2024,SP2024-class 18,12,1905AHBFFE,,2.1,5,4.2,Not Passed,5.2
SP2024,SP2024-class 18,13,1905AHAGBE,,4.7,0,2.4,Not Passed,3.5
SP2024,SP2024-class 18,14,1905AHAGBH,,7.5,4.4,5.7,Passed,5.6
SP2024,SP2024-class 18,15,1905AHJFBH,,6.9,7.4,6.8,Passed,6.1
SP2024,SP2024-class 18,16,1905AHAGFA,,6.6,5.2,5.7,Passed,5.4
SP2024,SP2024-class 18,17,1905AHAGII,,8.3,9,8.8,Passed,9
SP2024,SP2024-class 18,18,1905AHAGCG,,7.8,7.4,7.9,Passed,8.8
SP2024,SP2024-class 18,19,1905AHAGHJ,,6.3,7.2,6.3,Passed,5.2
SP2024,SP2024-class 18,20,1905AHAHJB,,7.5,9,7.7,Passed,6.1
SP2024,SP2024-class 18,21,1905AHBAAB,,3.4,5.6,5.1,Passed,6.2
SP2024,SP2024-class 18,22,1905AHAGIA,,3.9,7.4,5.7,Passed,5.2
SP2024,SP2024-class 18,23,1905AHAGBJ,,7.8,5.8,7,Passed,7.8
SP2024,SP2024-class 18,24,1905AHCHFJ,,8.3,5.6,7.5,Passed,9.3
SP2024,SP2024-class 18,25,1905AHAGBG,,6.7,7.2,5.9,Passed,3.4
SP2024,SP2024-class 18,26,1905AHAIII,,3.9,0,2.7,Attendance Fail,5.1
SP2024,SP2024-class 18,27,1905AHAGCA,,6.3,7.8,6.8,Passed,6.1
SP2024,SP2024-class 18,28,1905AHAGBB,,2,0,1.8,Attendance Fail,3.9
SP2024,SP2024-class 18,29,1905AHAGCF,,6.4,9,7.5,Passed,6.5
SP2024,SP2024-class 18,30,1905AHAGGF,,6.6,8.6,7.9,Passed,8.4
SP2024,SP2024-class 18,31,1905AHBJCD,,4.6,5.8,5.5,Passed,6.1
SP2024,SP2024-class 18,32,1905AHAGIG,,6.5,8,7.7,Passed,8.7
SP2024,SP2024-class 18,33,1705AHJBAC,,5.7,0,3.6,Not Passed,6.2
SP2024,SP2024-class 18,34,1905AHAHJA,,5.8,9.4,8.4,Passed,9.8
SP2024,SP2024-class 19,1,1905AICCCH,,8.5,8.6,8.1,Passed,7
SP2024,SP2024-class 19,2,1905AHAHFG,,8,6.8,7.1,Passed,6.5
SP2024,SP2024-class 19,3,1905AHAHCF,,9,7.6,7.6,Passed,6.3
SP2024,SP2024-class 19,4,1905AHAHDD,,5.5,5.8,5.8,Passed,6.3
SP2024,SP2024-class 19,5,1905AHAHJC,,8.5,6,7.7,Passed,9
SP2024,SP2024-class 19,6,1905AHAHFB,,7,6,6.4,Passed,6.3
SP2024,SP2024-class 19,7,1905AHAHED,,7,6.6,6.6,Passed,6.3
SP2024,SP2024-class 19,8,1905AHJEEB,,7.5,9.6,8,Passed,6.5
SP2024,SP2024-class 19,9,1905AHAHAI,,9,7.4,7.5,Passed,6
SP2024,SP2024-class 19,10,1905AHAHEE,,9,8,8.2,Passed,7.5
SP2024,SP2024-class 19,11,1905AHAIAB,,0,0,0,Attendance Fail,0
SP2024,SP2024-class 19,12,1905AHAHJG,,9,6.8,7.6,Passed,7.3
SP2024,SP2024-class 19,13,1905AHAHEB,,7.5,9.4,8,Passed,6.8
SP2024,SP2024-class 19,14,1905AHAHFD,,6.5,4,6,Passed,8
SP2024,SP2024-class 19,15,1905AHAHBG,,7.5,7.8,7.3,Passed,6.5
SP2024,SP2024-class 19,16,1905AHAHBH,,7.5,7.4,7.6,Passed,8
SP2024,SP2024-class 19,17,1905AHAHCI,,5.5,5.6,5,Passed,3.8
SP2024,SP2024-class 19,18,1905AHAIAH,,4.5,10,6.7,Passed,4.5
SP2024,SP2024-class 19,19,1905AHAIAD,,8,7.4,6.9,Passed,5
SP2024,SP2024-class 19,20,1905AHAHCD,,5.5,5.2,4.6,Not Passed,2.8
SP2024,SP2024-class 19,21,1905AHAIAE,,5.5,6.6,6.5,Passed,7.3
SP2024,SP2024-class 19,22,1905AHAHAJ,,8,7.8,7.2,Passed,5.8
SP2024,SP2024-class 19,23,1905AHAHGB,,8,5.4,6.9,Passed,7.8
SP2024,SP2024-class 19,24,1905AHAFFH,,8,7.8,6.9,Passed,4.5
SP2024,SP2024-class 19,25,1905AHAIAG,,7.5,7,7.3,Passed,7.5
SP2024,SP2024-class 19,26,1905AHAHJE,,8,9,8.1,Passed,7
SP2024,SP2024-class 19,27,1905AHBAJA,,7,8.6,7.8,Passed,7.5
SP2024,SP2024-class 19,28,1905AHAICA,,5.5,0,2.4,Attendance Fail,2.5
SP2024,SP2024-class 19,29,1905AHAHDH,,7.5,9.2,7.3,Passed,4.5
SP2024,SP2024-class 19,30,1905AHAHFC,,7,8,7,Passed,5.8
SP2024,SP2024-class 19,31,1905AHAGFJ,,7,6,6,Passed,5
SP2024,SP2024-class 19,32,1905AHAHEJ,,7,6.6,5.9,Passed,4
SP2024,SP2024-class 19,33,1905AHAHAD,,7,7.4,7.3,Passed,7.5
SP2024,SP2024-class 19,34,1905AHCJEA,,8,9.4,8.2,Passed,6.8
SP2024,SP2024-class 19,35,1905AHAFIE,,9,7.6,7.6,Passed,6.3
SP2024,SP2024-class 20,1,1905AHBJDA,,8.2,6.2,7.6,Passed,9.1
SP2024,SP2024-class 20,2,1905AHDHEE,,7.7,0,5,Not Passed,9.1
SP2024,SP2024-class 20,3,1905AHAIGB,,7.5,6,7.1,Passed,8.2
SP2024,SP2024-class 20,4,1905AHAIGH,,6.7,9.8,8.2,Passed,7.7
SP2024,SP2024-class 20,5,1905AHAIIA,,6.9,5.6,6.3,Passed,6.7
SP2024,SP2024-class 20,6,1905AHBJBD,,9.5,7,8.5,Passed,9.5
SP2024,SP2024-class 20,7,1905AHAIDE,,7,7.4,7.5,Passed,8.2
SP2024,SP2024-class 20,8,1905AHAIIG,,8.8,8.4,8.7,Passed,9.1
SP2024,SP2024-class 20,9,1905AHBJBB,,7.9,10,8.6,Passed,7.5
SP2024,SP2024-class 20,10,1905AHAIEA,,8.5,8.2,8.3,Passed,8.2
SP2024,SP2024-class 20,11,1905AHAICI,,9,0,4.8,Not Passed,7.1
SP2024,SP2024-class 20,12,1905AHAIEI,,8.9,4.8,7.1,Passed,8.6
SP2024,SP2024-class 20,13,1905AHAIFH,,9,7.4,8.2,Passed,8.5
SP2024,SP2024-class 20,14,1905AHAIEG,,9,8.2,8.6,Passed,8.8
SP2024,SP2024-class 20,15,1905AHAIHE,,9,6.6,7.9,Passed,8.4
SP2024,SP2024-class 20,16,1905AHBIED,,7.9,5.4,7.2,Passed,9
SP2024,SP2024-class 20,17,1905AHBJCH,,9.2,7,8.1,Passed,8.4
SP2024,SP2024-class 20,18,1905AHBJDD,,7.2,0,4,Not Passed,6.2
SP2024,SP2024-class 20,19,1905AHAIFB,,8.7,4.6,7.3,Passed,9.4
SP2024,SP2024-class 20,20,1905AHDADA,,7.9,4.6,6.6,Passed,8.2
SP2024,SP2024-class 20,21,1905AHCIJC,,6.7,5.4,6.5,Passed,7.8
SP2024,SP2024-class 20,22,1905AHAIIE,,7.2,9.2,8,Passed,7.4
SP2024,SP2024-class 20,23,1905AHBJAA,,8.8,6.2,7.9,Passed,9.2
SP2024,SP2024-class 20,24,1905AHDGDE,,7.9,7.4,7.6,Passed,7.7
SP2024,SP2024-class 20,25,1905AHAIDA,,8.2,5.2,7.2,Passed,9
SP2024,SP2024-class 20,26,1905AHAIHF,,9.1,9.8,9.4,Passed,9.3
SP2024,SP2024-class 20,27,1905AHBJDE,,8.2,5.2,7.2,Passed,8.8
SP2024,SP2024-class 20,28,1905AHAIEH,,9,8.4,8.7,Passed,8.9
SP2024,SP2024-class 20,29,1905AHBJJB,,8.2,5.4,7.1,Passed,8.4
SP2024,SP2024-class 20,30,1905AHJFGG,,8.7,7.8,8.2,Passed,8.4
SP2024,SP2024-class 20,31,1905AHAIGI,,8.7,8,8.5,Passed,9.1
SP2024,SP2024-class 20,32,1905AGCAGG,,7.2,6,6.6,Passed,7
SP2024,SP2024-class 20,33,1905AHBJAH,,8.5,9.8,8.8,Passed,7.9
SP2024,SP2024-class 20,34,1905AHAIED,,9,5.2,7.3,Passed,8.3
SP2024,SP2024-class 20,35,1905AHAIGJ,,8.4,9.8,9.2,Passed,9.3
SP2024,SP2024-class 21,1,1905AGCBHA,,9,4.6,7.2,Passed,9
SP2024,SP2024-class 21,2,1905AICGDD,,8.9,5.6,7.6,Passed,9.1
SP2024,SP2024-class 21,3,1905AHAIBF,,9,10,9.4,Passed,9.1
SP2024,SP2024-class 21,4,1905AHBABE,,9,6.8,8.1,Passed,9
SP2024,SP2024-class 21,5,1905AHBJFC,,9,9.8,9.3,Passed,8.9
SP2024,SP2024-class 21,6,1905AHEJHA,,9,9.2,9,Passed,8.9
SP2024,SP2024-class 21,7,1905AIJAJE,,9,6.6,8,Passed,8.9
SP2024,SP2024-class 21,8,1905AHBJGC,,9,9.4,9.1,Passed,8.9
SP2024,SP2024-class 21,9,1905AHBAAH,,8.9,7.2,8.3,Passed,9.1
SP2024,SP2024-class 21,10,1905AHJCBG,,8.9,7.8,8.5,Passed,9.1
SP2024,SP2024-class 21,11,1905AHBJFG,,9,6.4,7.9,Passed,8.9
SP2024,SP2024-class 21,12,1905AHBAJI,,9,7.4,8.4,Passed,9
SP2024,SP2024-class 21,13,1905AHBJHB,,8.9,7,8.2,Passed,9.1
SP2024,SP2024-class 21,14,1905AHBJHA,,9,4.2,7,Passed,8.8
SP2024,SP2024-class 21,15,1905AHBAJC,,9,8.6,8.9,Passed,9.1
SP2024,SP2024-class 21,16,1905AHJBGH,,9,5.2,7.5,Passed,9
SP2024,SP2024-class 21,17,1905AHAIHD,,9,10,9.3,Passed,8.8
SP2024,SP2024-class 21,18,1905AHBJHI,,9,8.6,8.8,Passed,9
SP2024,SP2024-class 21,19,1905AHBABJ,,9,4.2,7,Passed,8.9
SP2024,SP2024-class 21,20,1905AIBEJJ,,9,0,5.4,Not Passed,9
SP2024,SP2024-class 21,21,1905AIDCCC,,8.9,5,7.4,Passed,9.1
SP2024,SP2024-class 21,22,1905AHBJDH,,9,4.4,7.2,Passed,9
SP2024,SP2024-class 21,23,1905AHJFIG,,9,7.6,8.4,Passed,9
SP2024,SP2024-class 21,24,1905AHBJFB,,9,3.6,6.8,Not Passed,9
SP2024,SP2024-class 21,25,1905AHBJGJ,,9,6.2,7.9,Passed,9.1
SP2024,SP2024-class 21,26,1905AEADFI,,7.8,8.6,8.2,Passed,8.1
SP2024,SP2024-class 21,27,1905AHBAJG,,8.7,9.6,9.1,Passed,9
SP2024,SP2024-class 21,28,1905AGJJEE,,9,4.8,7.3,Passed,9
SP2024,SP2024-class 21,29,1905AHBJEG,,8.9,6.4,7.9,Passed,9.1
SP2024,SP2024-class 21,30,1905AHBABA,,8.9,9.4,9.1,Passed,9.1
SP2024,SP2024-class 21,31,1905AHBAAG,,8.9,8.8,8.9,Passed,9.1
SP2024,SP2024-class 21,32,1905AHBABD,,9,6.4,8,Passed,9
SP2024,SP2024-class 21,33,1905AIJFAB,,9,7.8,8.5,Passed,8.9
SP2024,SP2024-class 21,34,1905AHBJII,,9,8.2,8.7,Passed,9.1
SP2024,SP2024-class 22,1,1905AGCFJI,,5,2.4,3.6,Not Passed,3.8
SP2024,SP2024-class 22,2,1905AHBBAH,,7.5,6.4,6.5,Passed,5.8
SP2024,SP2024-class 22,3,1905AHBAEJ,,9,6.2,7.9,Passed,9
SP2024,SP2024-class 22,4,1905AHBAGH,,6.5,7.4,6.4,Passed,5
SP2024,SP2024-class 22,5,1905AHBADF,,7.5,4.8,6.4,Passed,7.5
SP2024,SP2024-class 22,6,1905AHBAGJ,,9,5.8,6.9,Passed,6.3
SP2024,SP2024-class 22,7,1905AHAGFC,,8.5,9.8,8.8,Passed,7.8
SP2024,SP2024-class 22,8,1905AHBAEC,,8,8.4,8.2,Passed,8.3
SP2024,SP2024-class 22,9,1905AHBAEA,,4.5,0,2.1,Is Susspended,2.5
SP2024,SP2024-class 22,10,1905AHBACA,,8,8.8,8.2,Passed,7.5
SP2024,SP2024-class 22,11,1905AHAIGE,,9,8.6,8.8,Passed,8.8
SP2024,SP2024-class 22,12,1905AHBJJC,,8,9.2,8.6,Passed,8.3
SP2024,SP2024-class 22,13,1905AHBADJ,,7,7.4,7.5,Passed,8
SP2024,SP2024-class 22,14,1905AHBAGC,,8.5,8.4,8.4,Passed,8.3
SP2024,SP2024-class 22,15,1905AHBAIF,,8,6.6,6.8,Passed,6
SP2024,SP2024-class 22,16,1905AHBACB,,9,5.4,7.4,Passed,8.5
SP2024,SP2024-class 22,17,1905AHBBBJ,,7.5,5.4,6.2,Passed,6
SP2024,SP2024-class 22,18,1905AHBBAA,,8.5,5.2,6.5,Passed,6.3
SP2024,SP2024-class 22,19,1905AHBACE,,6,4.8,5.7,Passed,6.8
SP2024,SP2024-class 22,20,1905AHBADA,,7.5,6,7,Passed,7.8
SP2024,SP2024-class 22,21,1905AHBAFC,,5.5,5.6,5.2,Passed,4.5
SP2024,SP2024-class 22,22,1905AHBBJG,,7,8.2,7,Passed,5.5
SP2024,SP2024-class 22,23,1905AHBAFI,,6.5,7.8,7,Passed,6.5
SP2024,SP2024-class 22,24,1905AHBBJC,,7.5,5.4,6.7,Passed,7.5
SP2024,SP2024-class 22,25,1905AHJEEJ,,7.5,6.6,6.8,Passed,6.3
SP2024,SP2024-class 23,1,1905AHBCJG,,9.4,5.6,7.6,Passed,8.5
SP2024,SP2024-class 23,2,1905AHBCGJ,,9.3,7.4,8.5,Passed,9.1
SP2024,SP2024-class 23,3,1905AHBCDJ,,9.4,6.6,7.9,Passed,8.1
SP2024,SP2024-class 23,4,1905AHBBCE,,10,6.2,8.1,Passed,8.7
SP2024,SP2024-class 23,5,1905AHBDBD,,10,9,9.3,Passed,8.9
SP2024,SP2024-class 23,6,1905AHBBGI,,9.4,6.4,8.2,Passed,9.4
SP2024,SP2024-class 23,7,1905AHBCHG,,10,6.4,8.1,Passed,8.5
SP2024,SP2024-class 23,8,1905AHBCGF,,9.3,5.6,7.7,Passed,8.9
SP2024,SP2024-class 23,9,1905AHBCJE,,9.3,7,8.1,Passed,8.5
SP2024,SP2024-class 23,10,1905AHBCFG,,10,6.4,8.4,Passed,9.4
SP2024,SP2024-class 23,11,1905AHAIFG,,9.4,10,9.3,Passed,8.2
SP2024,SP2024-class 23,12,1905AHBBIC,,9.3,8.2,8.6,Passed,8.4
SP2024,SP2024-class 23,13,1905AHBCEF,,10,7.4,8.8,Passed,9.3
SP2024,SP2024-class 23,14,1905AHBCIE,,9.3,8.6,8.9,Passed,9
SP2024,SP2024-class 23,15,1905AHBBCA,,9.4,4,7.1,Passed,8.8
SP2024,SP2024-class 23,16,1905AHBDBI,,10,7.8,8.9,Passed,9.3
SP2024,SP2024-class 23,17,1905AGAGFG,,9.4,5,7.3,Passed,8.3
SP2024,SP2024-class 23,18,1905AGAEBF,,9.4,4.6,7,Passed,8
SP2024,SP2024-class 23,19,1905AHJFJE,,9.3,6.8,8.4,Passed,9.5
SP2024,SP2024-class 23,20,1905AHBBIA,,9.4,6,8,Passed,9.3
SP2024,SP2024-class 23,21,1905AHBBHJ,,9.4,8.6,8.8,Passed,8.5
SP2024,SP2024-class 23,22,1905AHBCFI,,9.3,7,8.2,Passed,8.7
SP2024,SP2024-class 23,23,1905AHBDCD,,9.3,8.4,9,Passed,9.6
SP2024,SP2024-class 23,24,1905AHDFII,,9.4,6.8,8.2,Passed,9.1
SP2024,SP2024-class 23,25,1905AHBBEJ,,9.3,7,8.4,Passed,9.4
SP2024,SP2024-class 23,26,1905AHBBDJ,,10,9.6,9.6,Passed,9.3
SP2024,SP2024-class 23,27,1905AHBCAB,,9.4,6.4,8.1,Passed,8.9
SP2024,SP2024-class 23,28,1905AHCFCD,,9.4,7.4,8.6,Passed,9.4
SP2024,SP2024-class 23,29,1905AHJBGA,,9.3,8.8,9,Passed,9.2
SP2024,SP2024-class 23,30,1905AHBDBC,,10,6.2,8.3,Passed,9.6
SP2024,SP2024-class 23,31,1905AHBCBD,,10,7.2,8.4,Passed,8.4
SP2024,SP2024-class 23,32,1905AHJDJF,,9.4,0,2.8,Attendance Fail,0
SP2024,SP2024-class 23,33,1905AHBCGB,,9.4,7,8.1,Passed,8.3
SP2024,SP2024-class 23,34,1905AICJBJ,,10,8.2,9.1,Passed,9.3
SP2024,SP2024-class 24,1,1905AHBEBE,,8,6.6,7.4,Passed,7.8
SP2024,SP2024-class 24,2,1905AHBFCC,,7.5,6.6,7.1,Passed,7.5
SP2024,SP2024-class 24,3,1919AHAJAG,,7,8.6,8.1,Passed,8.5
SP2024,SP2024-class 24,4,1905AHDEAH,,7,9.4,8,Passed,7.3
SP2024,SP2024-class 24,5,1905AHBEAC,,7.5,8.8,7.9,Passed,7.3
SP2024,SP2024-class 24,6,1905AHBEJH,,4,4,4.5,Not Passed,5.8
SP2024,SP2024-class 24,7,1905AHBEII,,7,6.4,7.1,Passed,8
SP2024,SP2024-class 24,8,1905AHBFDB,,7,9,8,Passed,7.5
SP2024,SP2024-class 24,9,1905AHBDIH,,8,6.2,7.2,Passed,7.8
SP2024,SP2024-class 24,10,1905AHBDHF,,8,7.2,7.6,Passed,7.8
SP2024,SP2024-class 24,11,1905AHCCAC,,7,8.6,8.1,Passed,8.5
SP2024,SP2024-class 24,12,1905AHBEIB,,7,9.2,8,Passed,7.5
SP2024,SP2024-class 24,13,1905AHDBEH,,7.5,8,7.6,Passed,7.3
SP2024,SP2024-class 24,14,1905AHBJEE,,7,6,6.7,Passed,7.3
SP2024,SP2024-class 24,15,1905AGJDEB,,8,5.6,7,Passed,7.8
SP2024,SP2024-class 24,16,1905AHBEDC,,8,9,8.3,Passed,7.5
SP2024,SP2024-class 24,17,1905AHDDJJ,,8,6.2,7.1,Passed,7.3
SP2024,SP2024-class 24,18,1905AHBFJC,,8,6.6,7.4,Passed,7.8
SP2024,SP2024-class 24,19,1905AHBEFH,,0,0,2.3,Not Passed,7.5
SP2024,SP2024-class 24,20,1905AHBFDC,,7,7,7.5,Passed,8.5
SP2024,SP2024-class 24,21,1905AHBEBA,,3.5,4,5.2,Passed,8.5
SP2024,SP2024-class 24,22,1905AHBFCJ,,7,6,6.7,Passed,7.3
SP2024,SP2024-class 24,23,1905AHBEAJ,,8,6,7,Passed,7.3
SP2024,SP2024-class 24,24,1905AHJBEC,,4,0,1.2,Attendance Fail,0
SP2024,SP2024-class 24,25,1905AHBFJH,,8,8.2,8,Passed,7.8
SP2024,SP2024-class 24,26,1905AHJAJD,,8,5,6.7,Passed,7.8
SP2024,SP2024-class 24,27,1905AHBFCH,,7.5,6.4,7,Passed,7.3
SP2024,SP2024-class 24,28,1905AHBEGA,,8,6.2,7.2,Passed,7.8
SP2024,SP2024-class 24,29,1905AHBJJD,,8,6.8,7.3,Passed,7.3
SP2024,SP2024-class 24,30,1905AHBDCG,,4.5,5.6,5.2,Passed,5.5
SP2024,SP2024-class 24,31,1905AHJBDI,,8,6.2,7.2,Passed,7.8
SP2024,SP2024-class 24,32,1905AHBEDJ,,8,7.8,7.8,Passed,7.5
SP2024,SP2024-class 24,33,1905AHBEHH,,8,9.4,8.4,Passed,7.5
SP2024,SP2024-class 25,1,1905AHBFHF,,7.5,5.4,6.5,Passed,7.1
SP2024,SP2024-class 25,2,1905AHBGCC,,8.5,8.6,8.6,Passed,8.8
SP2024,SP2024-class 25,3,1905AHBFGC,,9,6.8,7.7,Passed,7.8
SP2024,SP2024-class 25,4,1905AHBFII,,8.5,5.6,7.2,Passed,8.1
SP2024,SP2024-class 25,5,1905AHBGAJ,,0,0,1.1,Attendance Fail,3.5
SP2024,SP2024-class 25,6,1905AICDHC,,10,5.8,7.8,Passed,8.3
SP2024,SP2024-class 25,7,1905AICJJB,,8,8,8.4,Passed,9.3
SP2024,SP2024-class 25,8,1905AHBFIH,,7.8,9.4,8.6,Passed,8.3
SP2024,SP2024-class 25,9,1905AHBGJC,,8,8.4,8.2,Passed,8
SP2024,SP2024-class 25,10,1905AHBGBC,,8,9.6,8.7,Passed,8.3
SP2024,SP2024-class 25,11,1905AICFCC,,8.5,4.8,7.1,Passed,8.8
SP2024,SP2024-class 25,12,1905AHBFHB,,8,5.2,6.7,Passed,7.4
SP2024,SP2024-class 25,13,1905AHBGAC,,8,7.6,8.1,Passed,9
SP2024,SP2024-class 25,14,1905AHBGJA,,7.8,5.6,6.8,Passed,7.5
SP2024,SP2024-class 25,15,1905AHDAEC,,7,4.8,6.6,Passed,8.5
SP2024,SP2024-class 25,16,1905AHBEAA,,8,6.4,7.5,Passed,8.5
SP2024,SP2024-class 25,17,1905AHBGJB,,8,5.8,7.1,Passed,8
SP2024,SP2024-class 25,18,1905AHBFFB,,8.5,8.8,8.7,Passed,8.8
SP2024,SP2024-class 25,19,1905AHBFIF,,7.8,7.8,8,Passed,8.5
SP2024,SP2024-class 25,20,1905AHBGCE,,8,5.8,7.2,Passed,8.3
SP2024,SP2024-class 25,21,1905AHBFEE,,8,8.4,8.1,Passed,7.8
SP2024,SP2024-class 25,22,1905AHBGBA,,8.5,7.2,7.9,Passed,8.1
SP2024,SP2024-class 25,23,1905AIDDFI,,9,6.2,8,Passed,9.5
SP2024,SP2024-class 25,24,1905AHBGBB,,9.5,7.4,8.1,Passed,7.6
SP2024,SP2024-class 25,25,1905AHBGDJ,,9,5.4,7.2,Passed,7.8
SP2024,SP2024-class 25,26,1905AHEJHJ,,9.5,4.2,6.9,Passed,7.9
SP2024,SP2024-class 25,27,1905AHBFFH,,8.5,6.4,7.4,Passed,7.8
SP2024,SP2024-class 25,28,1905AHBGCG,,8.5,6.8,7.9,Passed,8.8
SP2024,SP2024-class 25,29,1905AHBFHH,,8,6,7.1,Passed,7.8
SP2024,SP2024-class 25,30,1905AHBFHC,,7.5,5.4,6.5,Passed,7.1
SP2024,SP2024-class 25,31,1905AHBFGA,,8,6.8,7.5,Passed,8
SP2024,SP2024-class 25,32,1905AHBFIA,,7.5,5.8,6.8,Passed,7.5
SP2024,SP2024-class 25,33,1905AHBFGB,,9,7.4,8.3,Passed,8.8
SP2024,SP2024-class 25,34,1905AHBGCI,,0,0,1.7,Attendance Fail,5.5
SP2024,SP2024-class 26,1,1905AHBGHG,,4,7.2,6.3,Passed,7.4
SP2024,SP2024-class 26,2,1905AHBGDA,,6,4.6,6.2,Passed,8.6
SP2024,SP2024-class 26,3,1905AHBGGC,,2,8.8,6.3,Passed,7.4
SP2024,SP2024-class 26,4,1905AHBGGB,,4,4.4,4.3,Not Passed,4.6
SP2024,SP2024-class 26,5,1905AHBGFB,,4,7.2,5.8,Passed,5.6
SP2024,SP2024-class 26,6,1905AHBGFG,,5.5,7.2,6.2,Passed,5.6
SP2024,SP2024-class 26,7,1905AHBHAD,,4,7.4,6.1,Passed,6.6
SP2024,SP2024-class 26,8,1905AHBHFA,,0,0,0.9,Attendance Fail,3.1
SP2024,SP2024-class 26,9,1905AHBGGA,,4,9.6,7,Passed,6.4
SP2024,SP2024-class 26,10,1905AHBHJE,,0,0,1.2,Attendance Fail,3.9
SP2024,SP2024-class 26,11,1905AHBGFD,,4,7.4,6,Passed,6.1
SP2024,SP2024-class 26,12,1905AHBHEA,,5.5,7.6,7.2,Passed,8.4
SP2024,SP2024-class 26,13,1905AHBJDF,,5,8,7.4,Passed,9
SP2024,SP2024-class 26,14,1905AHBHJH,,4,8.4,7.2,Passed,8.8
SP2024,SP2024-class 26,15,1905AHBGED,,5,4.4,5,Passed,5.8
SP2024,SP2024-class 26,16,1905AHBGEB,,4,7.4,6.5,Passed,7.9
SP2024,SP2024-class 26,17,1905AHBGFI,,5.5,7.2,7.2,Passed,8.9
SP2024,SP2024-class 26,18,1905AHBGEE,,4,4.6,5.3,Passed,7.5
SP2024,SP2024-class 26,19,1905AHBGID,,4,5,5.4,Passed,7.3
SP2024,SP2024-class 26,20,1905AHBHDF,,0,0,1.3,Attendance Fail,4.3
SP2024,SP2024-class 26,21,1905AHBGDB,,7.5,9.2,8.9,Passed,10
SP2024,SP2024-class 26,22,1905AHBHJB,,4,8,6.6,Passed,7.4
SP2024,SP2024-class 26,23,1905AHAEGC,,4,8.6,7.1,Passed,8.1
SP2024,SP2024-class 26,24,1905AHAEGD,,2,8.8,6.8,Passed,9
SP2024,SP2024-class 26,25,1905AHBHAA,,2,9.6,6.9,Passed,8.1
SP2024,SP2024-class 26,26,1905AHBHED,,5.5,9.8,8.3,Passed,9
SP2024,SP2024-class 26,27,0405AHJEEC,,5,9,7.6,Passed,8.3
SP2024,SP2024-class 26,28,1905AHBGIB,,0,0,1,Attendance Fail,3.3
SP2024,SP2024-class 26,29,1905AHJDBE,,8,8,8,Passed,7.9
SP2024,SP2024-class 26,30,1905AHBHJF,,0,0,0,Attendance Fail,0
SP2024,SP2024-class 26,31,1905AHBHEC,,4,8.4,6.1,Passed,5.3
SP2024,SP2024-class 26,32,1905AHBHFC,,5,7.2,7.4,Passed,10
SP2024,SP2024-class 26,33,1905AHBGHH,,5,7.2,6.9,Passed,8.3
SP2024,SP2024-class 26,34,1905AHBHFF,,5,7.6,6,Passed,5
SP2024,SP2024-class 26,35,1905AHJBFF,,8,8.6,8.8,Passed,10
SP2024,SP2024-class 27,1,1905AHCAAD,,8,8,8.2,Passed,8.8
SP2024,SP2024-class 27,2,1905AHCAAF,,8,7.2,7.8,Passed,8.6
SP2024,SP2024-class 27,3,1905AHCJAA,,8.5,6.8,7.9,Passed,8.9
SP2024,SP2024-class 27,4,1905AHBIIC,,9,6,7.7,Passed,8.6
SP2024,SP2024-class 27,5,1905AHCJCF,,8,6.2,7.1,Passed,7.4
SP2024,SP2024-class 27,6,1905AHCJJI,,8,6.4,7.4,Passed,8.2
SP2024,SP2024-class 27,7,1905AHBICF,,7.8,5.2,6.8,Passed,8
SP2024,SP2024-class 27,8,1905AHCJBC,,8.5,7.6,8.2,Passed,8.7
SP2024,SP2024-class 27,9,1905AHJJFI,,7.5,7.2,7.8,Passed,8.9
SP2024,SP2024-class 27,10,1905AHBIAD,,7.5,7.6,7.8,Passed,8.5
SP2024,SP2024-class 27,11,1905AHCABE,,8.3,6,7.6,Passed,9
SP2024,SP2024-class 27,12,1905AHCJIC,,9,9,8.6,Passed,7.7
SP2024,SP2024-class 27,13,1905AHCJDF,,8,5.8,7,Passed,7.8
SP2024,SP2024-class 27,14,1905AHCABG,,8.8,5.4,7.4,Passed,8.8
SP2024,SP2024-class 27,15,1905AHDJAF,,10,7.4,8.8,Passed,9.5
SP2024,SP2024-class 27,16,1905AIJJDH,,8.3,7.6,8.1,Passed,8.7
SP2024,SP2024-class 27,17,1905AHBHGI,,8,6.4,7.6,Passed,8.8
SP2024,SP2024-class 27,18,1905AHCJGF,,8.5,6,7.6,Passed,8.8
SP2024,SP2024-class 27,19,1905AHCICH,,10,6.8,8.6,Passed,9.5
SP2024,SP2024-class 27,20,1905AHBBJH,,8,6,7.3,Passed,8.5
SP2024,SP2024-class 27,21,1905AHBICG,,7.8,0,4.6,Not Passed,7.6
SP2024,SP2024-class 27,22,1905AHBICD,,8.3,5.6,7.4,Passed,8.9
SP2024,SP2024-class 27,23,1905AHCJIH,,8.5,8.4,8.5,Passed,8.6
SP2024,SP2024-class 27,24,1905AHBIBB,,9,6.2,7.9,Passed,9
SP2024,SP2024-class 27,25,1905AHBIBH,,10,6.2,8,Passed,8.3
SP2024,SP2024-class 27,26,1905AHCJAD,,8,5.8,7.4,Passed,8.9
SP2024,SP2024-class 27,27,1905AHBHFG,,6.5,6,6.7,Passed,7.8
SP2024,SP2024-class 27,28,1905AHCAEB,,8.3,7.4,8,Passed,8.5
SP2024,SP2024-class 27,29,1905AHBIGI,,8.5,6,7.3,Passed,8
SP2024,SP2024-class 27,30,1905AHDFEE,,8.3,8.4,8.4,Passed,8.5
SP2024,SP2024-class 27,31,1905AHBEAI,,8,7.2,7.9,Passed,8.8
SP2024,SP2024-class 27,32,1905AHCJEH,,8.5,8,8.4,Passed,8.9
SP2024,SP2024-class 28,1,1905AHCBBJ,,8.7,6.2,7.9,Passed,9.3
SP2024,SP2024-class 28,2,1905AHCCCF,,9,5.6,7.2,Passed,7.6
SP2024,SP2024-class 28,3,1905AHCCBA,,9,8.6,8.9,Passed,9.4
SP2024,SP2024-class 28,4,1905AHCBDA,,7.2,9.8,8.4,Passed,7.9
SP2024,SP2024-class 28,5,1905AGJEDF,,6.4,4.8,5.7,Passed,6.2
SP2024,SP2024-class 28,6,1905AHCCGH,,7.4,6.8,7.2,Passed,7.4
SP2024,SP2024-class 28,7,1905AHCAHG,,7.2,6.8,7.1,Passed,7.5
SP2024,SP2024-class 28,8,1905AHCAEG,,8.2,7.6,8,Passed,8.4
SP2024,SP2024-class 28,9,1905AHCCFF,,8.4,8,8.5,Passed,9.3
SP2024,SP2024-class 28,10,1905AHCBGC,,8.9,0,4.5,Not Passed,6
SP2024,SP2024-class 28,11,1905AHCBIC,,8,5.6,7.4,Passed,9.3
SP2024,SP2024-class 28,12,1905AHCBAB,,8.2,7.4,8.3,Passed,9.5
SP2024,SP2024-class 28,13,1905AHCCBI,,7.2,0,3.9,Not Passed,6
SP2024,SP2024-class 28,14,1905AHCCBE,,7.9,6.6,7.7,Passed,9
SP2024,SP2024-class 28,15,1905AHCCFE,,7.5,7.8,7.7,Passed,7.8
SP2024,SP2024-class 28,16,1905AHCCGE,,6,5.2,5.7,Passed,6.1
SP2024,SP2024-class 28,17,1905AHCAFC,,9.3,7.6,8.3,Passed,8.1
SP2024,SP2024-class 28,18,1905AHCCJF,,9,6.8,7.7,Passed,7.8
SP2024,SP2024-class 28,19,1905AHCCAI,,7.9,7.8,7.8,Passed,7.8
SP2024,SP2024-class 28,20,1905AHCDCJ,,8.5,7.2,8.1,Passed,8.8
SP2024,SP2024-class 28,21,1905AHCBGG,,7.8,6.8,7.6,Passed,8.6
SP2024,SP2024-class 28,22,1905AHCAHI,,8.7,7.2,8.2,Passed,8.9
SP2024,SP2024-class 28,23,1905AHCCFC,,9,5.6,7.6,Passed,9
SP2024,SP2024-class 28,24,1905AHBDAA,,9.2,6.6,8,Passed,8.9
SP2024,SP2024-class 28,25,1905AHJBHJ,,8.7,6.2,7.9,Passed,9.5
SP2024,SP2024-class 28,26,1905AHCBGF,,8.3,9.8,9.2,Passed,9.3
SP2024,SP2024-class 28,27,1905AHCBJA,,8.8,6.2,7.5,Passed,8
SP2024,SP2024-class 28,28,1905AHBDEI,,6.2,0,3.6,Not Passed,6
SP2024,SP2024-class 28,29,1905AHCBFG,,4.4,0,1.3,Attendance Fail,0
SP2024,SP2024-class 28,30,1905AHCAIF,,7.2,4.2,5.8,Passed,6.7
SP2024,SP2024-class 28,31,1905AGBAAE,,8,5.2,6.6,Passed,7
SP2024,SP2024-class 28,32,1905AHJAHF,,9.5,9,8.9,Passed,8.1
SP2024,SP2024-class 28,33,1905AEABHE,,8.9,7.2,8,Passed,8.3
SP2024,SP2024-class 28,34,1905AHCDEG,,7.4,9.2,8.3,Passed,8
SP2024,SP2024-class 28,35,1905AHCCCD,,8,10,9.3,Passed,9.5
SP2024,SP2024-class 29,1,1905AHCCHC,,8.4,8.2,7.7,Passed,6.3
SP2024,SP2024-class 29,2,1905AHCDDF,,3.6,0,1.6,Not Passed,1.9
SP2024,SP2024-class 29,3,1905AHJAHB,,8,5.8,6.2,Passed,4.9
SP2024,SP2024-class 29,4,1905AHCEFA,,0,10,4.5,Not Passed,1.7
SP2024,SP2024-class 29,5,1905AHCEFB,,6.1,10,7.4,Passed,5.2
SP2024,SP2024-class 29,6,1905AHCDBA,,4.2,7,4.9,Not Passed,2.9
SP2024,SP2024-class 29,7,1905AHCEAB,,8.9,9.2,8.8,Passed,8.3
SP2024,SP2024-class 29,8,1905AHCDHA,,8.4,8.2,7.4,Passed,5.3
SP2024,SP2024-class 29,9,1905AHDBAB,,8.4,7.6,7.7,Passed,7.3
SP2024,SP2024-class 29,10,1905AHCECC,,5.5,7.2,7.3,Passed,9.3
SP2024,SP2024-class 29,11,1905AHCEBG,,6.4,4.2,6.3,Passed,9.1
SP2024,SP2024-class 29,12,1905AHCEDA,,4,7.2,5.3,Passed,4.1
SP2024,SP2024-class 29,13,1905AHCCHD,,8.9,5,6.8,Passed,7.1
SP2024,SP2024-class 29,14,1905AHCDDE,,3.9,6.8,5.5,Passed,5.3
SP2024,SP2024-class 29,15,1905AHCECH,,3.6,7.6,5.5,Passed,4.7
SP2024,SP2024-class 29,16,1905AHBAHJ,,8.2,7.2,7.2,Passed,6.3
SP2024,SP2024-class 29,17,1905AHJDJH,,5.5,4.6,5.1,Passed,5.4
SP2024,SP2024-class 29,18,1905AHBGBI,,8.5,8.4,7.4,Passed,5
SP2024,SP2024-class 29,19,1905AHCDCB,,7.8,5.4,5.9,Passed,4.8
SP2024,SP2024-class 29,20,1905AHCDIB,,6.4,4.6,5.6,Passed,6.3
SP2024,SP2024-class 29,21,1905AHCECI,,6.3,7.4,6.8,Passed,6.6
SP2024,SP2024-class 29,22,1905AHCEAG,,8.9,4.8,6.5,Passed,6.4
SP2024,SP2024-class 29,23,1905AHCEFJ,,9,7,8.3,Passed,9.3
SP2024,SP2024-class 29,24,1905AIBCJE,,7.8,4.2,6.3,Passed,7.8
SP2024,SP2024-class 29,25,1905AHCDGF,,8.7,7.2,7.6,Passed,7
SP2024,SP2024-class 29,26,1919AHAJFD,,8.8,5.4,6.3,Passed,5.1
SP2024,SP2024-class 29,27,1905AHCEAC,,9.1,6.8,7.1,Passed,5.4
SP2024,SP2024-class 29,28,1905AHCEGJ,,8.3,6.4,7.2,Passed,7.2
SP2024,SP2024-class 29,29,1905FAGAF,,6.4,7.2,6.1,Passed,4.4
SP2024,SP2024-class 29,30,1905AHCDHI,,3.1,0,2.1,Attendance Fail,4
SP2024,SP2024-class 29,31,1905AHCEGA,,8.2,7.4,7.2,Passed,6
SP2024,SP2024-class 30,1,1905AHCFBG,,4,0,2.7,Not Passed,5.1
SP2024,SP2024-class 30,2,1905AHCGIG,,4,6.2,6.5,Passed,9.5
SP2024,SP2024-class 30,3,1905AHCFHE,,4.8,9,7.8,Passed,9.3
SP2024,SP2024-class 30,4,1905AHCFDE,,4,9.6,7.8,Passed,9.1
SP2024,SP2024-class 30,5,1905AHCGJF,,4,5.6,5.9,Passed,8.1
SP2024,SP2024-class 30,6,1905AHCFGA,,4,9,7.3,Passed,8.3
SP2024,SP2024-class 30,7,1905AICGAC,,4.3,8.8,6.1,Passed,4.3
SP2024,SP2024-class 30,8,1905AHJCBI,,9.5,7.8,8.7,Passed,9.1
SP2024,SP2024-class 30,9,1905AHCGGI,,4,6.4,6.4,Passed,8.8
SP2024,SP2024-class 30,10,1905AHCAED,,2,7.8,6.6,Passed,9.6
SP2024,SP2024-class 30,11,1905AHCEII,,0,0,0,Attendance Fail,0
SP2024,SP2024-class 30,12,1905AHDDCI,,5,6.4,6.6,Passed,8.4
SP2024,SP2024-class 30,13,1905AHCDEI,,4,4,5.5,Passed,8.9
SP2024,SP2024-class 30,14,1905AHCEIJ,,5,7,7.1,Passed,9.4
SP2024,SP2024-class 30,15,1905AHCFDA,,4,6.8,6.7,Passed,9.1
SP2024,SP2024-class 30,16,1905AHCFGE,,4,8.8,7.1,Passed,8
SP2024,SP2024-class 30,17,1905AHCGJB,,4,6.2,6.4,Passed,9
SP2024,SP2024-class 30,18,1905AHCEHI,,4,5.6,6.2,Passed,9.3
SP2024,SP2024-class 30,19,1905AHCGHB,,5.5,8.6,8.1,Passed,9.9
SP2024,SP2024-class 30,20,1905AHCEID,,0,0,1.1,Attendance Fail,3.6
SP2024,SP2024-class 30,21,1905AIBABJ,,10,9.8,9.9,Passed,10
SP2024,SP2024-class 30,22,1905AHCGHC,,2,5,4,Not Passed,4.8
SP2024,SP2024-class 30,23,1905AGCFAF,,6,7.8,6.6,Passed,5.8
SP2024,SP2024-class 30,24,1905AHCFJA,,4,0,3,Attendance Fail,5.9
SP2024,SP2024-class 30,25,1905AHCGIH,,4,9.2,7.4,Passed,8.5
SP2024,SP2024-class 30,26,1905AHCFIJ,,4,8.4,7,Passed,8
SP2024,SP2024-class 30,27,1905AHCFAC,,4,8.2,6.8,Passed,7.9
SP2024,SP2024-class 30,28,1905AHCEIE,,4,9.8,7,Passed,6.1
SP2024,SP2024-class 30,29,1905AHCFBD,,2.5,5.6,5.1,Passed,7
SP2024,SP2024-class 30,30,1905AHCGEF,,0,0,1.3,Attendance Fail,4.3
SP2024,SP2024-class 30,31,1905AHCEHJ,,4,8.2,7.3,Passed,9.3
SP2024,SP2024-class 30,32,1905AHCGGD,,6.5,5.6,7.2,Passed,10
SP2024,SP2024-class 30,33,1905AHCFGI,,4,6,6.2,Passed,8.5
SP2024,SP2024-class 31,1,1905AHCIFB,,4,7,7,Passed,10
SP2024,SP2024-class 31,2,1905AHCHFF,,8,6.4,7.9,Passed,9.8
SP2024,SP2024-class 31,3,1905AHCIJB,,8,8,8.2,Passed,8.5
SP2024,SP2024-class 31,4,1905AHCHDI,,5.5,8.8,8.1,Passed,9.8
SP2024,SP2024-class 31,5,1905AHJJBF,,5.5,7.6,7.4,Passed,8.9
SP2024,SP2024-class 31,6,1905AHBFEF,,4,7.4,6.2,Passed,6.8
SP2024,SP2024-class 31,7,1905AHCIHD,,2,5.4,5,Passed,7.6
SP2024,SP2024-class 31,8,1905AHCHBE,,2.5,5.6,5.4,Passed,8
SP2024,SP2024-class 31,9,1905AHCIEG,,4,8,7.1,Passed,9
SP2024,SP2024-class 31,10,1905AHCHJG,,6,9.2,8.3,Passed,9.5
SP2024,SP2024-class 31,11,1905AHCHAF,,4.5,6.8,6.2,Passed,7.1
SP2024,SP2024-class 31,12,1905AHBCGE,,4,5.4,5.4,Passed,6.9
SP2024,SP2024-class 31,13,1905AHCIDD,,5.5,7.6,7.6,Passed,9.8
SP2024,SP2024-class 31,14,1905AHCIHI,,4,5.4,6.1,Passed,9.1
SP2024,SP2024-class 31,15,1905AHJJCG,,4,6,5.9,Passed,7.8
SP2024,SP2024-class 31,16,1905AHCIGI,,5.5,7.2,7.3,Passed,9.3
SP2024,SP2024-class 31,17,1905AHCAHB,,0,0,0.7,Attendance Fail,2.3
SP2024,SP2024-class 31,18,1905AHCHFD,,4.5,8.6,7.2,Passed,8.1
SP2024,SP2024-class 31,19,1905AHCIJH,,5.5,5.4,6.4,Passed,8.8
SP2024,SP2024-class 31,20,1905AHBHAB,,4,6.8,6.8,Passed,9.6
SP2024,SP2024-class 31,21,1905AFAIJD,,4,5.6,5.2,Passed,5.9
SP2024,SP2024-class 31,22,1905AHCHHC,,5.5,6.8,7.1,Passed,9.3
SP2024,SP2024-class 31,23,1905AHDJCC,,5.5,7,6.5,Passed,6.9
SP2024,SP2024-class 31,24,1905AHCIIB,,5.5,7,6.3,Passed,6
SP2024,SP2024-class 31,25,1905AHCICA,,5.5,0,4.1,Not Passed,8
SP2024,SP2024-class 31,26,1905AHDJJE,,3,9.2,5.9,Passed,4.4
SP2024,SP2024-class 31,27,1905AHDFFB,,5.5,5.6,6.8,Passed,9.6
SP2024,SP2024-class 31,28,1905AHBFEB,,4,9.6,6,Passed,3.3
SP2024,SP2024-class 31,29,1905AHDJBH,,6.5,7.4,7.6,Passed,9
SP2024,SP2024-class 31,30,1905AHCIGD,,4,6.6,5.6,Passed,5.8
SP2024,SP2024-class 31,31,1905AHCHEC,,6.5,9.6,8.7,Passed,9.8
SP2024,SP2024-class 31,32,1905AHCHAG,,9.5,9.6,9.7,Passed,9.9
SP2024,SP2024-class 32,1,1905AHDABE,,6.3,9.6,8.2,Passed,8.1
SP2024,SP2024-class 32,2,1905AHDABH,,5.5,6.4,6.6,Passed,8.1
SP2024,SP2024-class 32,3,1905AHDJDD,,6.5,6.8,7.2,Passed,8.5
SP2024,SP2024-class 32,4,1905AHDJID,,7.3,8.8,8,Passed,7.8
SP2024,SP2024-class 32,5,1905AHDJGE,,5.5,9.8,7.9,Passed,7.8
SP2024,SP2024-class 32,6,1905AHBFCF,,8.5,9.8,9.2,Passed,9
SP2024,SP2024-class 32,7,1905AHDJHF,,7.5,5.4,6.9,Passed,8.3
SP2024,SP2024-class 32,8,1905AHDACB,,8.5,7.8,8.3,Passed,8.8
SP2024,SP2024-class 32,9,1905AHDACF,,7.5,7,7.7,Passed,8.8
SP2024,SP2024-class 32,10,1905AHDJDA,,7,7.4,7.4,Passed,7.9
SP2024,SP2024-class 32,11,1905AHDAED,,8,8.4,8.4,Passed,8.8
SP2024,SP2024-class 32,12,1905AHBGEA,,0,0,0,Attendance Fail,0
SP2024,SP2024-class 32,13,1905AHDADH,,5.5,0,3.1,Not Passed,4.8
SP2024,SP2024-class 32,14,1905AHDJED,,8,6.8,7.6,Passed,8.4
SP2024,SP2024-class 32,15,1905AHDJGC,,8,5.2,7,Passed,8.5
SP2024,SP2024-class 32,16,1905AHDJFH,,5,5.6,5.7,Passed,6.5
SP2024,SP2024-class 32,17,1905AHDJHB,,7.5,10,8.5,Passed,7.5
SP2024,SP2024-class 32,18,1905AHDJCI,,6,6.2,6.8,Passed,8.5
SP2024,SP2024-class 32,19,1905AHDAJC,,5.5,9,7.4,Passed,7.3
SP2024,SP2024-class 32,20,1905AHBJHJ,,8,8.8,8.4,Passed,8.4
SP2024,SP2024-class 32,21,1905AHDACG,,8.3,9.4,8.9,Passed,9
SP2024,SP2024-class 32,22,1905AHDJDE,,7.5,8.6,8.1,Passed,8.1
SP2024,SP2024-class 32,23,1905AHDJDJ,,6,6,6.8,Passed,8.5
SP2024,SP2024-class 32,24,1905AHDJDC,,5.5,4,5.7,Passed,8.3
SP2024,SP2024-class 32,25,1905AHDJFD,,6,3.8,5,Not Passed,5.8
SP2024,SP2024-class 32,26,1905AHDJDI,,8,6,7.3,Passed,8.3
SP2024,SP2024-class 32,27,1905AHDABG,,0,0,2,Attendance Fail,6.8
SP2024,SP2024-class 32,28,1905AHDJDG,,6.5,6.8,7.1,Passed,8
SP2024,SP2024-class 32,29,1905AHDJHG,,8.5,4.8,6.5,Passed,6.9
SP2024,SP2024-class 32,30,1905AHDJIC,,7.5,7,7.3,Passed,7.5
SP2024,SP2024-class 32,31,1905AHBJFJ,,5,6.4,6,Passed,6.6
SP2024,SP2024-class 32,32,1905AGJCEJ,,0,0,1.1,Attendance Fail,3.8
SP2024,SP2024-class 32,33,1905AHDAJD,,8,8.8,8.2,Passed,7.8
SP2024,SP2024-class 32,34,1905AHDJGD,,6,7.8,7,Passed,7
SP2024,SP2024-class 33,1,1905AHBBBF,,9,7.8,8.3,Passed,8.1
SP2024,SP2024-class 33,2,1905AHDBBA,,8,5.4,7,Passed,8.1
SP2024,SP2024-class 33,3,1905AHDBBB,,7.5,8.2,7.9,Passed,7.8
SP2024,SP2024-class 33,4,1905AHDBBG,,10,9.2,9.3,Passed,8.9
SP2024,SP2024-class 33,5,1905AHCFGF,,0,0,0.6,Attendance Fail,2
SP2024,SP2024-class 33,6,1919AHABAI,,10,7.8,8.9,Passed,9.1
SP2024,SP2024-class 33,7,1905AHDBEG,,8.5,8.8,8.6,Passed,8.4
SP2024,SP2024-class 33,8,1905AIJFBA,,10,6.6,8.2,Passed,8.6
SP2024,SP2024-class 33,9,1905AHDBEB,,8,6.8,7.6,Passed,8.4
SP2024,SP2024-class 33,10,1905AHDBJH,,8,5.2,6.9,Passed,8.1
SP2024,SP2024-class 33,11,1905AHDAEH,,8,8,8,Passed,8.1
SP2024,SP2024-class 33,12,1905AHDBAI,,8,8,8.2,Passed,8.6
SP2024,SP2024-class 33,13,1905AHJDBI,,8.5,5.4,7.2,Passed,8.4
SP2024,SP2024-class 33,14,1905AHDBDH,,7.5,5.2,6.7,Passed,7.9
SP2024,SP2024-class 33,15,1905AHDAGF,,8.5,6,7.2,Passed,7.6
SP2024,SP2024-class 33,16,1905AHDAFC,,9,7.4,8,Passed,7.9
SP2024,SP2024-class 33,17,1905AHDAIG,,8.5,8.2,8.4,Passed,8.6
SP2024,SP2024-class 33,18,1905AHBIFH,,8,6.2,7.3,Passed,8
SP2024,SP2024-class 33,19,1905AHCCGJ,,8,6.6,7.5,Passed,8.3
SP2024,SP2024-class 33,20,1905AHDBAA,,8,6,7.4,Passed,8.6
SP2024,SP2024-class 33,21,1905AHDBBC,,7.5,8.2,8,Passed,8.3
SP2024,SP2024-class 33,22,1905AHDBAG,,10,9.6,9.2,Passed,7.8
SP2024,SP2024-class 33,23,1905AHDBDE,,8,6,7.2,Passed,7.9
SP2024,SP2024-class 33,24,1905AHDBFE,,7.5,5.2,6.5,Passed,7.4
SP2024,SP2024-class 33,25,1905AHDBDF,,7.5,6.6,7.4,Passed,8.4
SP2024,SP2024-class 33,26,1905AHCIEE,,0,0,0.5,Attendance Fail,1.8
SP2024,SP2024-class 33,27,1905AHDBAH,,7.5,7.4,7.6,Passed,8.1
SP2024,SP2024-class 33,28,1905AHDBIF,,8,5.4,7.3,Passed,9.1
SP2024,SP2024-class 33,29,1905AHDBCD,,9.5,9.4,9.3,Passed,9.1
SP2024,SP2024-class 33,30,1905AHDAII,,7.5,7.6,7.5,Passed,7.4
SP2024,SP2024-class 33,31,1905AHDBEA,,10,6.6,8.3,Passed,8.9
SP2024,SP2024-class 33,32,1905AHDAEI,,7.5,5.8,7.1,Passed,8.4
SP2024,SP2024-class 33,33,1905AHDAFD,,9.5,8.4,8.6,Passed,7.9
SP2024,SP2024-class 33,34,1905AHDBDI,,8,6.4,7.2,Passed,7.6
SP2024,SP2024-class 33,35,1905AHDBEJ,,8,7.8,8,Passed,8.4
SP2024,SP2024-class 34,1,1905AHDCJH,,7,8.4,7.7,Passed,7.5
SP2024,SP2024-class 34,2,1905AHDDCF,,7,8.2,7.1,Passed,5.8
SP2024,SP2024-class 34,3,1905AHCFDH,,5.5,9.6,7.6,Passed,7
SP2024,SP2024-class 34,4,1905AHJEGF,,8.5,0,4.3,Attendance Fail,5.8
SP2024,SP2024-class 34,5,1905AHDCCF,,8.5,5.6,7.1,Passed,7.8
SP2024,SP2024-class 34,6,1905AHDCEC,,7,4.4,5.5,Passed,5.5
SP2024,SP2024-class 34,7,1905AHDCBF,,7,6.4,6.3,Passed,5.5
SP2024,SP2024-class 34,8,1905AHDCEH,,7,7.8,7.5,Passed,7.8
SP2024,SP2024-class 34,9,1905AHDCHA,,8.5,5.4,6.6,Passed,6.3
SP2024,SP2024-class 34,10,1905AHDDJI,,7.5,6.8,7.7,Passed,9
SP2024,SP2024-class 34,11,1905AHDCFA,,7.5,9.8,7.8,Passed,5.5
SP2024,SP2024-class 34,12,1905AHDDAI,,8,4.8,6.6,Passed,7.5
SP2024,SP2024-class 34,13,1905AHCCDD,,1,0,0.3,Not Passed,0
SP2024,SP2024-class 34,14,1905AHDCCG,,8,7.8,7.8,Passed,7.8
SP2024,SP2024-class 34,15,1905AHDDBJ,,7.5,8.6,8.1,Passed,8
SP2024,SP2024-class 34,16,1905AHDCCD,,7,8.2,7.6,Passed,7.5
SP2024,SP2024-class 34,17,1905AHDDCE,,6,6.6,5.6,Passed,3.8
SP2024,SP2024-class 34,18,1905AHDCCB,,8,7.2,7.5,Passed,7.5
SP2024,SP2024-class 34,19,1905AHDBIG,,8,8.8,8.4,Passed,8.3
SP2024,SP2024-class 34,20,1905AHDCGI,,7.5,7,7.8,Passed,9
SP2024,SP2024-class 34,21,1905AHDDCJ,,8,5.4,6.1,Passed,5.3
SP2024,SP2024-class 34,22,1905AHDCAF,,8,9.2,8.8,Passed,9
SP2024,SP2024-class 34,23,1905AHDCEB,,7,3.6,3.5,Not Passed,0
SP2024,SP2024-class 34,24,1905AHJCGC,,4.5,4.6,3.7,Not Passed,1.8
SP2024,SP2024-class 34,25,1905AHDCEE,,7.5,8.6,7.6,Passed,6.3
SP2024,SP2024-class 34,26,1905AHDDAE,,3,8.2,6.6,Passed,8
SP2024,SP2024-class 34,27,1905AHDDBC,,8.5,8.8,8.3,Passed,7.5
SP2024,SP2024-class 34,28,1919AHAAEJ,,9,5.2,7,Passed,7.5
SP2024,SP2024-class 34,29,1905AHBJBE,,8.5,7.8,7.8,Passed,7.3
SP2024,SP2024-class 34,30,1905AHDCEA,,7,7,7.5,Passed,8.8
SP2024,SP2024-class 34,31,1905AHDCAB,,7,5.8,6.2,Passed,6
SP2024,SP2024-class 34,32,1905AHDCCJ,,7,6,5.6,Passed,3.8
SP2024,SP2024-class 35,1,1905AHDDDF,,3.5,7.4,6.3,Passed,7.8
SP2024,SP2024-class 35,2,1905AHDEDF,,4,8.8,6.8,Passed,7
SP2024,SP2024-class 35,3,1905AHDECH,,4,5.6,5.6,Passed,7.3
SP2024,SP2024-class 35,4,1905AHDDEJ,,7.5,7.8,7,Passed,5.5
SP2024,SP2024-class 35,5,1905AHDDFD,,7.5,9,8.2,Passed,7.8
SP2024,SP2024-class 35,6,1905AHDEBA,,3.5,0,2.6,Attendance Fail,5.3
SP2024,SP2024-class 35,7,1905AEJEHJ,,7.5,7,7.3,Passed,7.5
SP2024,SP2024-class 35,8,1905AHJECE,,8.5,7.8,7.8,Passed,7
SP2024,SP2024-class 35,9,1905AHDDIE,,4,5.8,5.8,Passed,7.8
SP2024,SP2024-class 35,10,1905AHDEJD,,8,5.4,6.9,Passed,7.8
SP2024,SP2024-class 35,11,1905AIJIEJ,,4,8,6.7,Passed,7.5
SP2024,SP2024-class 35,12,1905AHDEAA,,3.5,6,5.7,Passed,7.5
SP2024,SP2024-class 35,13,1905AHDDHC,,7,7.4,7.5,Passed,8.3
SP2024,SP2024-class 35,14,1905AHBDBE,,8,4.4,6.4,Passed,7.5
SP2024,SP2024-class 35,15,1905AHDDED,,7.5,6.8,7.1,Passed,7.3
SP2024,SP2024-class 35,16,1905AHDDID,,7.5,5,5.8,Passed,5.3
SP2024,SP2024-class 35,17,1905AHDDIA,,4,7.4,6.4,Passed,7.5
SP2024,SP2024-class 35,18,1905AIJJIJ,,8.5,9.6,8.5,Passed,7
SP2024,SP2024-class 35,19,1905AHDEAB,,7.5,5.6,6.8,Passed,7.8
SP2024,SP2024-class 35,20,1905AHBJCB,,7.5,0,4.4,Not Passed,7.3
SP2024,SP2024-class 35,21,1905AHJAIC,,8.5,6.2,7.1,Passed,7
SP2024,SP2024-class 35,22,1905AHDDEF,,3.5,9.8,6.8,Passed,6
SP2024,SP2024-class 35,23,1905AGCAEJ,,8,4,6.3,Passed,7.8
SP2024,SP2024-class 35,24,1905AHDEBG,,7.5,5,6.6,Passed,7.8
SP2024,SP2024-class 35,25,1905AHDDGA,,4,6,5.9,Passed,7.8
SP2024,SP2024-class 35,26,1905AHDEJI,,7.5,5,6.4,Passed,7.3
SP2024,SP2024-class 35,27,1905AHDEJJ,,3.5,5.2,5.2,Passed,7
SP2024,SP2024-class 35,28,1905AHDECF,,7.5,4.4,6.4,Passed,8
SP2024,SP2024-class 35,29,1905AHDDGH,,7,7,6.6,Passed,5.8
SP2024,SP2024-class 35,30,1905AHDDHJ,,7.5,5.4,6.2,Passed,6
SP2024,SP2024-class 35,31,1905AHDDIH,,4,8.4,6.7,Passed,7
SP2024,SP2024-class 35,32,1905AHJJHJ,,7,7.2,7.5,Passed,8.3
SP2024,SP2024-class 35,33,1905AHAHDG,,7.5,6.6,7.2,Passed,7.8
SP2024,SP2024-class 36,1,1905AHDEHB,,8.8,4.6,7.5,Passed,10
SP2024,SP2024-class 36,2,1905AIBHAC,,8.8,10,9.4,Passed,9.3
SP2024,SP2024-class 36,3,1905AHJDCG,,8.4,0,2.5,Attendance Fail,0
SP2024,SP2024-class 36,4,1905AHDFEB,,8.7,7.8,8.5,Passed,9.2
SP2024,SP2024-class 36,5,1905AHDEGG,,8.7,0,3.3,Attendance Fail,2.5
SP2024,SP2024-class 36,6,1905AHDFDC,,8.7,4.2,7.1,Passed,9.3
SP2024,SP2024-class 36,7,1905AHDFJH,,8.9,7.6,8.3,Passed,8.8
SP2024,SP2024-class 36,8,1905AHDEFH,,8.4,6,7.3,Passed,8.1
SP2024,SP2024-class 36,9,1905AHDEGC,,8.3,7.4,8.5,Passed,10
SP2024,SP2024-class 36,10,1905AHDFFA,,8.7,7.4,8.4,Passed,9.3
SP2024,SP2024-class 36,11,1905AHDEHD,,9.4,7.4,8.7,Passed,9.8
SP2024,SP2024-class 36,12,1905AHDFJD,,8,4.4,6.8,Passed,8.8
SP2024,SP2024-class 36,13,1905AHDEIE,,9.2,7,8.4,Passed,9.4
SP2024,SP2024-class 36,14,1905AHDCGA,,8.3,6.6,7.6,Passed,8.3
SP2024,SP2024-class 36,15,1905AHDEHJ,,9.2,5.8,7.9,Passed,9.6
SP2024,SP2024-class 36,16,1905AIJFAH,,7.4,9.6,8.8,Passed,9.2
SP2024,SP2024-class 36,17,1905AHDFJG,,9.7,6.4,8,Passed,8.4
SP2024,SP2024-class 36,18,1905AHDEFG,,9.4,7.8,8.7,Passed,9.4
SP2024,SP2024-class 36,19,1905AHDFFF,,8.4,7.8,8.3,Passed,8.9
SP2024,SP2024-class 36,20,1905AHDFAJ,,9.2,8.4,8.6,Passed,8.4
SP2024,SP2024-class 36,21,1905AHDFJF,,7.9,8,8,Passed,8.1
SP2024,SP2024-class 36,22,1905AHDFDB,,7.2,9.8,8.2,Passed,6.9
SP2024,SP2024-class 36,23,1905AHDEGA,,8.8,7.6,8.6,Passed,9.7
SP2024,SP2024-class 36,24,1905AHJCFH,,8.8,7.4,8.4,Passed,9.2
SP2024,SP2024-class 36,25,1905AHDEED,,8.9,4.6,7.1,Passed,8.8
SP2024,SP2024-class 36,26,1905AHDFCB,,9,7.8,8.6,Passed,9.2
SP2024,SP2024-class 36,27,1905AHDFAE,,8.9,7.2,8.2,Passed,8.8
SP2024,SP2024-class 36,28,1905AHDFJC,,9,0,2.7,Attendance Fail,0
SP2024,SP2024-class 36,29,1905AHJFIB,,9.2,8,8.6,Passed,8.8
SP2024,SP2024-class 36,30,1905AHDFAD,,8.7,7.6,8.4,Passed,9.2
SP2024,SP2024-class 36,31,1905AIAJDE,,9.7,6.6,8.4,Passed,9.4
SP2024,SP2024-class 36,32,1905AHJBCI,,7,0,4.7,Not Passed,8.8
SP2024,SP2024-class 36,33,1905AHDECE,,8.2,7.6,8.1,Passed,8.8
SP2024,SP2024-class 36,34,1905AHDFDA,,8.7,6.8,7.8,Passed,8.2
SP2024,SP2024-class 37,1,1905AHDEHB,,8.8,4.6,7.5,Passed,10
SP2024,SP2024-class 37,2,1905AIBHAC,,8.8,10,9.4,Passed,9.3
SP2024,SP2024-class 37,3,1905AHJDCG,,8.4,0,2.5,Attendance Fail,0
SP2024,SP2024-class 37,4,1905AHDFEB,,8.7,7.8,8.5,Passed,9.2
SP2024,SP2024-class 37,5,1905AHDEGG,,8.7,0,3.3,Attendance Fail,2.5
SP2024,SP2024-class 37,6,1905AHDFDC,,8.7,4.2,7.1,Passed,9.3
SP2024,SP2024-class 37,7,1905AHDFJH,,8.9,7.6,8.3,Passed,8.8
SP2024,SP2024-class 37,8,1905AHDEFH,,8.4,6,7.3,Passed,8.1
SP2024,SP2024-class 37,9,1905AHDEGC,,8.3,7.4,8.5,Passed,10
SP2024,SP2024-class 37,10,1905AHDFFA,,8.7,7.4,8.4,Passed,9.3
SP2024,SP2024-class 37,11,1905AHDEHD,,9.4,7.4,8.7,Passed,9.8
SP2024,SP2024-class 37,12,1905AHDFJD,,8,4.4,6.8,Passed,8.8
SP2024,SP2024-class 37,13,1905AHDEIE,,9.2,7,8.4,Passed,9.4
SP2024,SP2024-class 37,14,1905AHDCGA,,8.3,6.6,7.6,Passed,8.3
SP2024,SP2024-class 37,15,1905AHDEHJ,,9.2,5.8,7.9,Passed,9.6
SP2024,SP2024-class 37,16,1905AIJFAH,,7.4,9.6,8.8,Passed,9.2
SP2024,SP2024-class 37,17,1905AHDFJG,,9.7,6.4,8,Passed,8.4
SP2024,SP2024-class 37,18,1905AHDEFG,,9.4,7.8,8.7,Passed,9.4
SP2024,SP2024-class 37,19,1905AHDFFF,,8.4,7.8,8.3,Passed,8.9
SP2024,SP2024-class 37,20,1905AHDFAJ,,9.2,8.4,8.6,Passed,8.4
SP2024,SP2024-class 37,21,1905AHDFJF,,7.9,8,8,Passed,8.1
SP2024,SP2024-class 37,22,1905AHDFDB,,7.2,9.8,8.2,Passed,6.9
SP2024,SP2024-class 37,23,1905AHDEGA,,8.8,7.6,8.6,Passed,9.7
SP2024,SP2024-class 37,24,1905AHJCFH,,8.8,7.4,8.4,Passed,9.2
SP2024,SP2024-class 37,25,1905AHDEED,,8.9,4.6,7.1,Passed,8.8
SP2024,SP2024-class 37,26,1905AHDFCB,,9,7.8,8.6,Passed,9.2
SP2024,SP2024-class 37,27,1905AHDFAE,,8.9,7.2,8.2,Passed,8.8
SP2024,SP2024-class 37,28,1905AHDFJC,,9,0,2.7,Attendance Fail,0
SP2024,SP2024-class 37,29,1905AHJFIB,,9.2,8,8.6,Passed,8.8
SP2024,SP2024-class 37,30,1905AHDFAD,,8.7,7.6,8.4,Passed,9.2
SP2024,SP2024-class 37,31,1905AIAJDE,,9.7,6.6,8.4,Passed,9.4
SP2024,SP2024-class 37,32,1905AHJBCI,,7,0,4.7,Not Passed,8.8
SP2024,SP2024-class 37,33,1905AHDECE,,8.2,7.6,8.1,Passed,8.8
SP2024,SP2024-class 37,34,1905AHDFDA,,8.7,6.8,7.8,Passed,8.2
SP2024,SP2024-class 38,1,1905AIFHEE,,7.5,8,8,Passed,8.6
SP2024,SP2024-class 38,2,1905AHDGHC,,9.5,8.4,9.1,Passed,9.8
SP2024,SP2024-class 38,3,1905AHDGDC,,8.9,7,8.2,Passed,9.2
SP2024,SP2024-class 38,4,1905AHDFGE,,7.5,0,4.9,Not Passed,8.8
SP2024,SP2024-class 38,5,1905AHJEBJ,,0,0,0,Not Passed,0
SP2024,SP2024-class 38,6,1905AHJEBI,,9.2,8.8,9.1,Passed,9.6
SP2024,SP2024-class 38,7,1905AEJGEB,,7.2,7.6,7.5,Passed,7.7
SP2024,SP2024-class 38,8,1905AHDGDJ,,8.3,6.4,7.5,Passed,8.3
SP2024,SP2024-class 38,9,1905AHBHHA,,6.5,0,4,Not Passed,6.8
SP2024,SP2024-class 38,10,1905AHDGAB,,8.7,5.4,7.5,Passed,9
SP2024,SP2024-class 38,11,1919AHJEHA,,8.7,7.6,8.4,Passed,9.1
SP2024,SP2024-class 38,12,1905AHDGFB,,8.5,5.8,7.5,Passed,8.9
SP2024,SP2024-class 38,13,1905AHDGIC,,8.3,8,8.5,Passed,9.3
SP2024,SP2024-class 38,14,1905AHDGAJ,,9.2,4,7.1,Passed,9
SP2024,SP2024-class 38,15,1919AGJHFH,,9.4,7.2,8.4,Passed,8.9
SP2024,SP2024-class 38,16,1905AHBHCD,,9.4,6.8,8.5,Passed,9.8
SP2024,SP2024-class 38,17,1905AHDGHJ,,8.7,5.4,7.5,Passed,9.3
SP2024,SP2024-class 38,18,1905AHBHJG,,8.9,7.4,8.4,Passed,9.3
SP2024,SP2024-class 38,19,1905AHDFGH,,7.5,7.8,7.7,Passed,7.8
SP2024,SP2024-class 38,20,1905AIFBEC,,8.5,7.4,8.3,Passed,9.4
SP2024,SP2024-class 38,21,1905AHDGFA,,8.5,7.6,8.3,Passed,8.9
SP2024,SP2024-class 38,22,1905AHDGBD,,9.2,7.2,8.5,Passed,9.6
SP2024,SP2024-class 38,23,1905AHDFGD,,6.2,6.6,7.1,Passed,8.7
SP2024,SP2024-class 38,24,1905AHDGAE,,8.5,5.4,7.5,Passed,9.3
SP2024,SP2024-class 38,25,1905AHDGCI,,8.5,5.8,7.5,Passed,8.8
SP2024,SP2024-class 38,26,1905AHDFHC,,9.4,5.8,7.5,Passed,7.9
SP2024,SP2024-class 38,27,1905AHAGCH,,8.5,7.8,8.5,Passed,9.5
SP2024,SP2024-class 38,28,1905AHBGBJ,,9.2,8.4,9,Passed,9.7
SP2024,SP2024-class 38,29,1905AHDGGJ,,7.5,6.8,7.4,Passed,8.2
SP2024,SP2024-class 38,30,1905AHJGBE,,7.3,0,4.2,Not Passed,6.7
SP2024,SP2024-class 38,31,1905AHDGIH,,8.2,5.8,7.6,Passed,9.3
SP2024,SP2024-class 38,32,1905AHDGBB,,9.7,7,8.6,Passed,9.8
SP2024,SP2024-class 38,33,1905AHDFFH,,7.5,7.2,7.5,Passed,8
SP2024,SP2024-class 38,34,1905AHDHJH,,7.7,6.2,7.2,Passed,7.9
SP2024,SP2024-class 39,1,1905AHDHHI,,9,7.2,8.4,Passed,9.3
SP2024,SP2024-class 39,2,1905AHDHFA,,8.8,0,5.3,Not Passed,9
SP2024,SP2024-class 39,3,1905AHDIHA,,8.8,7.2,8.2,Passed,9
SP2024,SP2024-class 39,4,1905AHDIBC,,8.8,6.8,8,Passed,9
SP2024,SP2024-class 39,5,1905AHDIBG,,8.8,4.8,7.2,Passed,8.9
SP2024,SP2024-class 39,6,1905AHDIGJ,,8.8,5.6,7.6,Passed,8.9
SP2024,SP2024-class 39,7,1905AHDIIH,,8.8,0,5.3,Not Passed,9
SP2024,SP2024-class 39,8,1905AHAGAI,,8.8,8.6,8.8,Passed,8.9
SP2024,SP2024-class 39,9,1905AHJJEG,,9,4.4,7.2,Passed,9.3
SP2024,SP2024-class 39,10,1905AHDIAC,,8.8,8,8.5,Passed,8.9
SP2024,SP2024-class 39,11,1905AHDIFF,,8.8,10,9.3,Passed,8.9
SP2024,SP2024-class 39,12,1905AHDIFI,,9,6.6,8.1,Passed,9.3
SP2024,SP2024-class 39,13,1905AHDIJC,,8.8,8.8,8.8,Passed,9
SP2024,SP2024-class 39,14,1905AHDHFE,,8.8,6.8,8,Passed,8.9
SP2024,SP2024-class 39,15,1905AHDIAJ,,8.8,7.2,8.2,Passed,8.9
SP2024,SP2024-class 39,16,1905AHDIFC,,9,8.2,8.8,Passed,9.3
SP2024,SP2024-class 39,17,1905AHDIFH,,8.8,7,8.1,Passed,9
SP2024,SP2024-class 39,18,1905AHDIJH,,8.8,5.6,7.6,Passed,8.9
SP2024,SP2024-class 39,19,1905AHDIAF,,8.8,8.2,8.6,Passed,8.9
SP2024,SP2024-class 39,20,1905AHDHEH,,9,8.4,8.8,Passed,9.3
SP2024,SP2024-class 39,21,1905AHEJJI,,9,5.6,7.7,Passed,9.3
SP2024,SP2024-class 39,22,1905AHJAGE,,9,7,8.3,Passed,9.3
SP2024,SP2024-class 39,23,1905AHDHGG,,8.8,5.8,7.6,Passed,8.9
SP2024,SP2024-class 39,24,1905AHDIJF,,8.8,7.6,8.4,Passed,9
SP2024,SP2024-class 39,25,1905AHEJBH,,8.8,5.8,7.6,Passed,8.9
SP2024,SP2024-class 39,26,1905AHAHCE,,9,5.8,7.8,Passed,9.3
SP2024,SP2024-class 39,27,1905AHDIGE,,8.8,6,7.7,Passed,8.9
SP2024,SP2024-class 39,28,1905AHEJBB,,8.8,6.6,8,Passed,8.9
SP2024,SP2024-class 39,29,1905AIDBGI,,9,5.2,7.6,Passed,9.3
SP2024,SP2024-class 39,30,1905AHDHEI,,8.8,8.6,8.8,Passed,9
SP2024,SP2024-class 39,31,1905AHEJBI,,8.8,6.8,8,Passed,8.9
SP2024,SP2024-class 39,32,1905AHDHHA,,8.8,7.4,8.3,Passed,9
SP2024,SP2024-class 39,33,1905AHAHEA,,8.8,8.2,8.6,Passed,8.9
SP2024,SP2024-class 40,1,1905AIDEHJ,,8.5,6.8,8,Passed,9.2
SP2024,SP2024-class 40,2,1905AHCFGG,,6.6,8.6,8.1,Passed,9.1
SP2024,SP2024-class 40,3,1905AHDEHH,,7.9,8,8.2,Passed,8.6
SP2024,SP2024-class 40,4,1905AHEJGD,,3,6.2,5.1,Passed,5.6
SP2024,SP2024-class 40,5,1905AHCCIH,,9,9.4,9.4,Passed,9.9
SP2024,SP2024-class 40,6,1905AIJJHD,,9.5,9.8,9.7,Passed,9.7
SP2024,SP2024-class 40,7,1905AIJCGD,,8.2,6.4,7.8,Passed,9.4
SP2024,SP2024-class 40,8,1905AHJEHB,,8.4,8.2,8.6,Passed,9.3
SP2024,SP2024-class 40,9,1905AHEAJJ,,6.3,5,6.7,Passed,9.4
SP2024,SP2024-class 40,10,1905AIJBII,,7.3,6,7.3,Passed,9.1
SP2024,SP2024-class 40,11,1905AIJBIH,,6.1,5.8,6.9,Passed,9.1
SP2024,SP2024-class 40,12,1905AIBHBG,,5.4,4.4,6.1,Passed,9.2
SP2024,SP2024-class 40,13,1905AHEJAD,,6.7,7,7.3,Passed,8.3
SP2024,SP2024-class 40,14,1905AHDFID,,2.5,9,5.7,Passed,4.5
SP2024,SP2024-class 40,15,1905AHDEIB,,8.9,4.6,7.5,Passed,9.8
SP2024,SP2024-class 40,16,1905AHDHJE,,7.2,5,6.4,Passed,7.7
SP2024,SP2024-class 40,17,1905AHEJDG,,9.3,7,8.6,Passed,10
SP2024,SP2024-class 40,18,1905AIJCHH,,8.9,9.8,9.5,Passed,9.9
SP2024,SP2024-class 40,19,1905AHEJIB,,8.4,5.6,7.7,Passed,10
SP2024,SP2024-class 40,20,1905AIJADJ,,6.3,8.2,6.6,Passed,4.9
SP2024,SP2024-class 40,21,1905AHEJIE,,8.9,7.8,8.8,Passed,10
SP2024,SP2024-class 40,22,1905AHEJJH,,9.4,10,9.8,Passed,10
SP2024,SP2024-class 40,23,1905AIBBIB,,4.5,0,3.2,Not Passed,6.1
SP2024,SP2024-class 40,24,1905AHJBGI,,8.6,8.8,8.7,Passed,8.6
SP2024,SP2024-class 40,25,1905AHEJGB,,5.6,5.2,6,Passed,7.4
SP2024,SP2024-class 40,26,1905AHEJFF,,7,8.2,7.5,Passed,7.1
SP2024,SP2024-class 40,27,1905AHEJDI,,9,7.6,7.7,Passed,6.5
SP2024,SP2024-class 40,28,1905AIJFDF,,8,7.4,8.1,Passed,9.3
SP2024,SP2024-class 40,29,1905AHDBCF,,8.4,7.2,7.7,Passed,7.8
SP2024,SP2024-class 40,30,1905AHEJDE,,5.3,6.8,6.3,Passed,6.6
SP2024,SP2024-class 40,31,1905AHEAJB,,8.7,7.8,8.7,Passed,10
SP2024,SP2024-class 40,32,1905AIJACB,,8.5,9.2,8.1,Passed,6.4
SP2024,SP2024-class 40,33,1905AHBEDD,,8.9,7,7.9,Passed,8
SP2024,SP2024-class 41,1,1905AIJGDG,,8.9,6.6,7.9,Passed,8.7
SP2024,SP2024-class 41,2,1905AHDGAH,,9,0,5.4,Attendance Fail,8.9
SP2024,SP2024-class 41,3,1905AIJIJE,,8.9,6.6,7.9,Passed,8.7
SP2024,SP2024-class 41,4,1905AIJEHJ,,9.1,8.6,8.9,Passed,9.1
SP2024,SP2024-class 41,5,1905AIJFBB,,9.1,7.4,8.4,Passed,9.1
SP2024,SP2024-class 41,6,1905AIJFEI,,9.1,8.2,8.7,Passed,9.1
SP2024,SP2024-class 41,7,1905AHJBBC,,9.1,8,8.6,Passed,9.1
SP2024,SP2024-class 41,8,1905AIJGCD,,9,7.2,8.3,Passed,8.9
SP2024,SP2024-class 41,9,1905AIJGJD,,8.9,9.8,9.2,Passed,8.7
SP2024,SP2024-class 41,10,1905AIJHBA,,8.9,6.8,8,Passed,8.7
SP2024,SP2024-class 41,11,1905AIJFIB,,9.1,6.4,8,Passed,8.9
SP2024,SP2024-class 41,12,1905AIJGBC,,9.1,0,5.4,Not Passed,9.1
SP2024,SP2024-class 41,13,1905AIJGID,,8.8,8,8.5,Passed,8.7
SP2024,SP2024-class 41,14,1905AIJEEF,,9.1,7,8.2,Passed,9.1
SP2024,SP2024-class 41,15,1905AIJIBF,,9,7.2,8.3,Passed,8.9
SP2024,SP2024-class 41,16,1905AIJGFA,,8.9,0,5.3,Not Passed,8.7
SP2024,SP2024-class 41,17,1905AIJHEH,,8.9,7.6,8.3,Passed,8.7
SP2024,SP2024-class 41,18,1905AIJFEA,,8.9,5,7.3,Passed,8.7
SP2024,SP2024-class 41,19,1905AIJHCF,,8.8,8.4,8.6,Passed,8.7
SP2024,SP2024-class 41,20,1905AIJFJI,,9,8.2,8.7,Passed,8.9
SP2024,SP2024-class 41,21,1905AIJFHI,,9.1,6.6,8,Passed,8.8
SP2024,SP2024-class 41,22,1905AIJEAI,,9,5.4,7.5,Passed,8.9
SP2024,SP2024-class 41,23,1905AIJGDJ,,8.8,7.8,8.4,Passed,8.8
SP2024,SP2024-class 41,24,1905AIJFFF,,9,5.2,7.5,Passed,8.9
SP2024,SP2024-class 41,25,1905AHCDAF,,9,7.2,8.3,Passed,8.9
SP2024,SP2024-class 41,26,1905AIJHBJ,,9.1,9.2,9.1,Passed,9.1
SP2024,SP2024-class 41,27,1905AIJIDD,,8.8,5.6,7.5,Passed,8.8
SP2024,SP2024-class 41,28,1905AIJHCB,,8.9,5.8,7.6,Passed,8.9
SP2024,SP2024-class 41,29,1905AHDHIJ,,9,5.6,7.6,Passed,8.9
SP2024,SP2024-class 41,30,1905AIJECC,,9.1,6.8,8.2,Passed,9.1
SP2024,SP2024-class 41,31,1905AIJEAC,,8.8,0,5.3,Not Passed,8.7
SP2024,SP2024-class 41,32,1905AIJICB,,9,4,7,Passed,8.9
SP2024,SP2024-class 41,33,1905AIJGEJ,,9.1,5,7.4,Passed,9.1
SP2024,SP2024-class 41,34,1905AGAEIC,,8.8,0,5.3,Attendance Fail,8.8
SP2024,SP2024-class 41,35,1905AIJEAJ,,8.9,7.4,8.2,Passed,8.7
SP2024,SP2024-class 42,1,1905AIAJGI,,9,8.2,8.8,Passed,9.3
SP2024,SP2024-class 42,2,1905AIBAEA,,8,6.4,7.7,Passed,9.2
SP2024,SP2024-class 42,3,1905AIAADG,,9.7,9.4,9.5,Passed,9.6
SP2024,SP2024-class 42,4,1905AIBJHH,,9.4,5.4,7.8,Passed,9.6
SP2024,SP2024-class 42,5,1905AIBAJC,,7.7,8.2,8.4,Passed,9.4
SP2024,SP2024-class 42,6,1905AIBACA,,7.2,5.2,6.9,Passed,8.8
SP2024,SP2024-class 42,7,1905AIBJDD,,7.2,6.8,7.3,Passed,8.3
SP2024,SP2024-class 42,8,1905AIBJFF,,7.7,5.6,7.4,Passed,9.4
SP2024,SP2024-class 42,9,1905AIBJHC,,6.5,5,6.2,Passed,7.4
SP2024,SP2024-class 42,10,1905AIBABA,,7.7,4.6,7,Passed,9.6
SP2024,SP2024-class 42,11,1905AIBJEB,,9.2,8.6,9.1,Passed,9.7
SP2024,SP2024-class 42,12,1905AICGEI,,8.9,7.4,8.5,Passed,9.8
SP2024,SP2024-class 42,13,1905AIJIEA,,8.2,8,8.3,Passed,8.8
SP2024,SP2024-class 42,14,1905AIBJHI,,9.4,5.4,7.9,Passed,9.9
SP2024,SP2024-class 42,15,1905AIBJAI,,7.2,0,4.8,Not Passed,8.9
SP2024,SP2024-class 42,16,1905AIBJAE,,9.5,7.8,8.8,Passed,9.5
SP2024,SP2024-class 42,17,1905AIBJIH,,9.4,7.2,8.4,Passed,8.9
SP2024,SP2024-class 42,18,1905AIBJFG,,9.7,9.6,9.7,Passed,9.8
SP2024,SP2024-class 42,19,1905AIBJIF,,9.4,6.2,8.2,Passed,9.8
SP2024,SP2024-class 42,20,1905AIAJFC,,7.5,5.4,7.3,Passed,9.5
SP2024,SP2024-class 42,21,1905AIBADD,,9,5.4,7.5,Passed,8.8
SP2024,SP2024-class 42,22,1905AIBAJJ,,6.9,4.2,6.2,Passed,8.2
SP2024,SP2024-class 42,23,1905AIBJCF,,8.7,7.2,7.9,Passed,8.2
SP2024,SP2024-class 42,24,1905AIBAJG,,9.2,8.2,8.8,Passed,9.3
SP2024,SP2024-class 42,25,1905AIJIFI,,9.2,4.6,7.4,Passed,9.3
SP2024,SP2024-class 42,26,1905AEJIAI,,0,0,0,Not Passed,0
SP2024,SP2024-class 42,27,1905AIBJCI,,9.5,7.8,8.7,Passed,9.2
SP2024,SP2024-class 42,28,1905AIAABE,,9,6.6,8.2,Passed,9.6
SP2024,SP2024-class 42,29,1905AIJIIH,,9,7.4,8.5,Passed,9.5
SP2024,SP2024-class 42,30,1905AIBJEJ,,6.9,8,7.8,Passed,8.5
SP2024,SP2024-class 42,31,1905AIAJFA,,9.2,7.2,8.4,Passed,9.4
SP2024,SP2024-class 42,32,1905AHDHIG,,7.9,0,4.5,Not Passed,7.1
SP2024,SP2024-class 42,33,1905AIJEAG,,8.5,0,5.4,Not Passed,9.4
SP2024,SP2024-class 42,34,1905AIJGIG,,8.7,8.6,8.8,Passed,9.3
SP2024,SP2024-class 43,1,1905AIBBGJ,,7,8.2,7.5,Passed,7
SP2024,SP2024-class 43,2,1905AIBBID,,8.8,5.8,7.1,Passed,7.3
SP2024,SP2024-class 43,3,1905AIBCBJ,,8.3,5.2,6.4,Passed,6.3
SP2024,SP2024-class 43,4,1905AIBBCI,,2.8,6,4.4,Not Passed,3.9
SP2024,SP2024-class 43,5,1905AIBCAA,,7.3,7.6,7.4,Passed,7.3
SP2024,SP2024-class 43,6,1905AFJHID,,9,7.2,7.7,Passed,7
SP2024,SP2024-class 43,7,1905AHAGID,,7.8,5.6,6.3,Passed,5.6
SP2024,SP2024-class 43,8,1905AIBBFC,,8.5,6.6,7.3,Passed,7
SP2024,SP2024-class 43,9,1905AIBCHF,,0.5,0,1.7,Is Susspended,5.1
SP2024,SP2024-class 43,10,1905AIBBHG,,8,6,7.5,Passed,8.9
SP2024,SP2024-class 43,11,1905AIBAGE,,9.3,7.8,8,Passed,7
SP2024,SP2024-class 43,12,1905AIBBJC,,8.8,8.2,8.3,Passed,8.1
SP2024,SP2024-class 43,13,1905AIBAIG,,10,9.8,9.7,Passed,9.3
SP2024,SP2024-class 43,14,1905AHDECJ,,8.8,5.4,7,Passed,7.3
SP2024,SP2024-class 43,15,1905AIBCEG,,8.5,7.8,7.9,Passed,7.4
SP2024,SP2024-class 43,16,1905AIBBAF,,7.8,7.2,7.5,Passed,7.8
SP2024,SP2024-class 43,17,1905AIBBHJ,,8.5,8,7.9,Passed,7.1
SP2024,SP2024-class 43,18,1905AIBAHH,,8.3,7.2,7.8,Passed,8
SP2024,SP2024-class 43,19,1905AIBAIA,,7.8,9,8.4,Passed,8.1
SP2024,SP2024-class 43,20,1905AIBBAB,,7.8,5.6,6.7,Passed,7
SP2024,SP2024-class 43,21,1905AIBDAB,,7.5,6.2,6.2,Passed,4.9
SP2024,SP2024-class 43,22,1905AIBCFF,,0.5,0,1.7,Not Passed,5.3
SP2024,SP2024-class 43,23,1905AIBCDH,,2.8,6.2,5.5,Passed,7.4
SP2024,SP2024-class 43,24,1905AIBCAF,,0,0,1.4,Attendance Fail,4.6
SP2024,SP2024-class 43,25,1905AIBBEH,,7.5,8,8,Passed,8.4
SP2024,SP2024-class 43,26,1905AHDDHG,,0,0,0.5,Attendance Fail,1.8
SP2024,SP2024-class 43,27,1905AIBCGD,,1.8,6,4.7,Not Passed,5.9
SP2024,SP2024-class 43,28,1905AIBBJG,,7.5,6.4,7.1,Passed,7.6
SP2024,SP2024-class 43,29,1905AIBCHI,,2.3,5.4,5.2,Passed,7.8
SP2024,SP2024-class 43,30,1905AIBBCA,,10,9.6,9.2,Passed,7.9
SP2024,SP2024-class 43,31,1905AIBDJC,,6.5,10,6.9,Passed,3.3
SP2024,SP2024-class 43,32,1905AIBCIG,,9.3,8.4,8.4,Passed,7.5
SP2024,SP2024-class 43,33,1905AIBCBG,,8.5,8.8,7.7,Passed,5.4
SP2024,SP2024-class 43,34,1905AICEIH,,6.5,8.2,7.2,Passed,6.6
SP2024,SP2024-class 44,1,1905AIBDFD,,9,4,6.9,Passed,8.7
SP2024,SP2024-class 44,2,1905AIBDEI,,9.3,6,7.9,Passed,9
SP2024,SP2024-class 44,3,1905AFJIAF,,8.3,7.6,8.2,Passed,8.8
SP2024,SP2024-class 44,4,1905AIBEDE,,8.9,5.8,7.8,Passed,9.3
SP2024,SP2024-class 44,5,1905AIBEJG,,8.9,8.4,8.7,Passed,8.9
SP2024,SP2024-class 44,6,1905AIBEBG,,9.3,8.8,9,Passed,9.1
SP2024,SP2024-class 44,7,1905AIBFHB,,9.3,8.2,8.7,Passed,9
SP2024,SP2024-class 44,8,1905AIBFCH,,8.9,7,8.1,Passed,8.9
SP2024,SP2024-class 44,9,1905AIBFAC,,9.3,5.6,7.7,Passed,9
SP2024,SP2024-class 44,10,1905AIBFEG,,8.9,7.8,8.6,Passed,9.3
SP2024,SP2024-class 44,11,1905AIBDIA,,8.9,9.2,9,Passed,8.9
SP2024,SP2024-class 44,12,1905AIBEJH,,9,7.4,8.3,Passed,8.7
SP2024,SP2024-class 44,13,1905AIBFBH,,8.9,7.8,8.5,Passed,8.9
SP2024,SP2024-class 44,14,1905AIBFAE,,8.9,8.2,8.7,Passed,9.3
SP2024,SP2024-class 44,15,1905AIBDDI,,8.9,6.2,7.9,Passed,9.3
SP2024,SP2024-class 44,16,1905AICEHA,,9.3,0,5.5,Not Passed,9
SP2024,SP2024-class 44,17,1905AIBDFC,,9,5.2,7.5,Passed,9
SP2024,SP2024-class 44,18,1905AHBJGA,,9.3,0,5.5,Attendance Fail,9
SP2024,SP2024-class 44,19,1905AIBEAC,,9.3,7.4,8.4,Passed,9
SP2024,SP2024-class 44,20,1905AIBDGG,,8.8,7.6,8.4,Passed,9
SP2024,SP2024-class 44,21,1905AHBJFD,,9,0,5.3,Attendance Fail,8.7
SP2024,SP2024-class 44,22,1905AIBDBB,,9,6.8,8,Passed,8.7
SP2024,SP2024-class 44,23,1905AIBFGI,,9,6,7.7,Passed,8.8
SP2024,SP2024-class 44,24,1905AIBFBC,,8.9,7,8.1,Passed,8.9
SP2024,SP2024-class 44,25,1905AIBDDA,,8.9,9.8,9.4,Passed,9.3
SP2024,SP2024-class 44,26,1905AIBFDF,,8.9,7.4,8.4,Passed,9.3
SP2024,SP2024-class 44,27,1905AIBFBE,,9,5.6,7.5,Passed,8.7
SP2024,SP2024-class 44,28,1905AIBFFH,,8.9,0,5.4,Not Passed,9.1
SP2024,SP2024-class 44,29,1905AIBFDB,,8.9,6.4,8,Passed,9.3
SP2024,SP2024-class 44,30,1905AIBFDE,,8.6,10,9.3,Passed,8.9
SP2024,SP2024-class 44,31,1905AIBDBI,,9.3,10,9.5,Passed,9
SP2024,SP2024-class 44,32,1905AIBFGD,,8.6,6.8,8,Passed,8.9
SP2024,SP2024-class 44,33,1905AIBDIC,,8.9,10,9.3,Passed,8.9
SP2024,SP2024-class 44,34,1905AIBFEB,,9,5.8,7.6,Passed,8.8
SP2024,SP2024-class 45,1,1905AIBGAE,,8.3,8.8,8.9,Passed,9.6
SP2024,SP2024-class 45,2,1905AIBIGG,,7.9,6.8,8,Passed,9.6
SP2024,SP2024-class 45,3,1905AIBICG,,8,7.4,7.5,Passed,7.3
SP2024,SP2024-class 45,4,1905AIBGEG,,7.5,7.8,7.9,Passed,8.6
SP2024,SP2024-class 45,5,1905AIBIEH,,5.3,5.4,4.8,Not Passed,3.6
SP2024,SP2024-class 45,6,1905AICJAI,,7.1,6.4,5.8,Passed,3.6
SP2024,SP2024-class 45,7,1905AIBGED,,8.3,5.6,7.7,Passed,9.9
SP2024,SP2024-class 45,8,1905AIBICA,,8.6,8.4,8.2,Passed,7.5
SP2024,SP2024-class 45,9,1905AIBFIE,,8.6,9,7.9,Passed,5.7
SP2024,SP2024-class 45,10,1905AIBIHJ,,6.4,0,3,Not Passed,3.6
SP2024,SP2024-class 45,11,1905AIBGCG,,9.1,7,7.8,Passed,7.5
SP2024,SP2024-class 45,12,1905AIBGCI,,5.4,5,4.7,Not Passed,3.6
SP2024,SP2024-class 45,13,1905AIBHGI,,8.9,6.6,7.4,Passed,7.1
SP2024,SP2024-class 45,14,1905AIBHFB,,7.7,6.2,7.7,Passed,9.8
SP2024,SP2024-class 45,15,1905AIBGFI,,7.3,9.4,7.5,Passed,5.2
SP2024,SP2024-class 45,16,1905AIBIIE,,0,0,0,Attendance Fail,0
SP2024,SP2024-class 45,17,1905AIBIGJ,,6.2,7,6.5,Passed,6.1
SP2024,SP2024-class 45,18,1905AIBGJF,,9,7.4,8.6,Passed,9.8
SP2024,SP2024-class 45,19,1905AIBGEA,,8.3,7.2,8.3,Passed,9.7
SP2024,SP2024-class 45,20,1905AIBIHB,,3.9,6.8,5,Passed,3.6
SP2024,SP2024-class 45,21,1905AIBHHB,,6.3,6.6,6.3,Passed,6.1
SP2024,SP2024-class 45,22,1905AIBFHD,,8.2,8.4,8.1,Passed,7.5
SP2024,SP2024-class 45,23,1905AICJJD,,6.5,6.8,6.1,Passed,4.7
SP2024,SP2024-class 45,24,1905AIBHGE,,4.8,0,3.4,Not Passed,6.7
SP2024,SP2024-class 45,25,1905AIBIBF,,6.5,7.2,7,Passed,7.4
SP2024,SP2024-class 45,26,1905AICCAB,,4.4,6.2,5.4,Passed,5.2
SP2024,SP2024-class 45,27,1905AIBGBI,,0,0,0,Attendance Fail,0
SP2024,SP2024-class 45,28,1905AIBIFA,,8.2,8.4,8.7,Passed,9.6
SP2024,SP2024-class 45,29,1905AIBHBD,,7,7,6.6,Passed,5.7
SP2024,SP2024-class 45,30,1905AIBIBH,,5.6,6,5.2,Passed,3.6
SP2024,SP2024-class 45,31,1905AIBEGJ,,7,7.2,7.8,Passed,9.5
SP2024,SP2024-class 45,32,1905AIBGAJ,,3.9,0,2.3,Attendance Fail,3.8
SP2024,SP2024-class 46,1,1905AICBCJ,,3.9,4.8,4.8,Not Passed,5.6
SP2024,SP2024-class 46,2,1905AICAAD,,10,8.8,9.3,Passed,9.2
SP2024,SP2024-class 46,3,1905AIBCCE,,8,8.6,8.5,Passed,8.9
SP2024,SP2024-class 46,4,1905AIDFHC,,10,9,9.2,Passed,8.7
SP2024,SP2024-class 46,5,1905AICBAI,,4,7.6,6.6,Passed,8
SP2024,SP2024-class 46,6,1905AHJDHB,,0,0,0,Not Passed,0
SP2024,SP2024-class 46,7,1905AICBDA,,7.9,5.8,6.9,Passed,7.4
SP2024,SP2024-class 46,8,1905AICBAG,,8,8.6,8.2,Passed,7.9
SP2024,SP2024-class 46,9,1905AICCBD,,8.4,6.2,7.5,Passed,8.4
SP2024,SP2024-class 46,10,1905AICAEF,,7.5,8.2,8,Passed,8.1
SP2024,SP2024-class 46,11,1905AICCJD,,8.1,7.8,7.8,Passed,7.4
SP2024,SP2024-class 46,12,1905AIDBIC,,8,5.4,7,Passed,8
SP2024,SP2024-class 46,13,1905AICBJE,,7.4,4.6,6.5,Passed,8
SP2024,SP2024-class 46,14,1905AICAJE,,8.6,8.4,8.6,Passed,8.8
SP2024,SP2024-class 46,15,1905AICAID,,7.9,5,6.7,Passed,7.8
SP2024,SP2024-class 46,16,1905AICCFF,,8,6.4,7.6,Passed,8.7
SP2024,SP2024-class 46,17,1905AICCDB,,8.1,6.2,7.1,Passed,7.3
SP2024,SP2024-class 46,18,1905AICAGH,,7.9,9.2,8.4,Passed,7.8
SP2024,SP2024-class 46,19,1905AICCGF,,8.1,8,7.9,Passed,7.7
SP2024,SP2024-class 46,20,1905AICAIJ,,7.4,7,7.4,Passed,7.9
SP2024,SP2024-class 46,21,1905AICBCC,,8.4,6.2,7.2,Passed,7.2
SP2024,SP2024-class 46,22,1905AICCDF,,10,9,9.3,Passed,8.9
SP2024,SP2024-class 46,23,1905AICACJ,,10,7.2,8.6,Passed,8.9
SP2024,SP2024-class 46,24,1905AICCBC,,8.6,7.8,8.2,Passed,8.2
SP2024,SP2024-class 46,25,1905AICAAB,,10,9.2,9.4,Passed,8.9
SP2024,SP2024-class 46,26,1905AICCGJ,,6.9,5,6.3,Passed,7.5
SP2024,SP2024-class 46,27,1905AICJHC,,7.9,5.8,7,Passed,7.7
SP2024,SP2024-class 46,28,1905AIBGBE,,8,4.8,6.6,Passed,7.8
SP2024,SP2024-class 46,29,1905AICAJB,,6.1,9.4,8.1,Passed,8.3
SP2024,SP2024-class 46,30,1905AICBDJ,,7.9,4.8,6.6,Passed,7.8
SP2024,SP2024-class 46,31,1905AICJBD,,9,7,8,Passed,8.3
SP2024,SP2024-class 47,1,1905AICEAE,,7,6.6,7.3,Passed,8.4
SP2024,SP2024-class 47,2,1905AICEED,,5,5.2,5.8,Passed,7.3
SP2024,SP2024-class 47,3,1905AICDEF,,5,7.4,6.9,Passed,8
SP2024,SP2024-class 47,4,1905AICDAH,,7,9.2,8.5,Passed,9
SP2024,SP2024-class 47,5,1905AICCAG,,5.5,5.4,5.8,Passed,6.8
SP2024,SP2024-class 47,6,1905AICDEE,,4,7.6,6.8,Passed,8.5
SP2024,SP2024-class 47,7,1905AICEDA,,5.8,9.4,8.1,Passed,8.6
SP2024,SP2024-class 47,8,1905AHDBJE,,3,10,7.2,Passed,7.6
SP2024,SP2024-class 47,9,1905AICEDB,,5,7,6.4,Passed,7.1
SP2024,SP2024-class 47,10,1905AICFBF,,8,8.6,8.4,Passed,8.5
SP2024,SP2024-class 47,11,1905AICEFH,,9,9.4,9.2,Passed,9
SP2024,SP2024-class 47,12,1905AICDDI,,5,10,6.9,Passed,4.8
SP2024,SP2024-class 47,13,1905AICDFJ,,6.8,9.4,8.5,Passed,9
SP2024,SP2024-class 47,14,1905AICEDJ,,5,6.4,6.8,Passed,9
SP2024,SP2024-class 47,15,1905AICEGH,,6,5.2,5.7,Passed,6.1
SP2024,SP2024-class 47,16,1905AICDFD,,7,5.4,7,Passed,9
SP2024,SP2024-class 47,17,1905AHAFJB,,8.8,9.2,9,Passed,9
SP2024,SP2024-class 47,18,1905AICFAE,,3,6,5.2,Passed,6.4
SP2024,SP2024-class 47,19,1905AICEIE,,1,5.4,4.1,Not Passed,5.5
SP2024,SP2024-class 47,20,1905AICCIE,,0,0,1.2,Attendance Fail,3.9
SP2024,SP2024-class 47,21,1705AHJAGG,,9,9.8,9.3,Passed,9
SP2024,SP2024-class 47,22,1905AICDDC,,6.5,8,7.7,Passed,8.6
SP2024,SP2024-class 47,23,1905AICDIJ,,7,7.2,7.5,Passed,8.4
SP2024,SP2024-class 47,24,1905AICDDH,,7,8.4,8.2,Passed,9
SP2024,SP2024-class 47,25,1905AICDAI,,7,8.4,8.2,Passed,9
SP2024,SP2024-class 47,26,1905AICDJE,,5,6.2,5.7,Passed,5.8
SP2024,SP2024-class 47,27,1905AICFJH,,7,6.8,7.1,Passed,7.8
SP2024,SP2024-class 47,28,1905AICDGA,,5.5,5,6.4,Passed,9
SP2024,SP2024-class 47,29,1905AICFCB,,7.5,6.8,7.6,Passed,8.6
SP2024,SP2024-class 47,30,1905AICCHG,,8,6.6,7.7,Passed,8.8
SP2024,SP2024-class 47,31,1905AICDIE,,7.8,6.6,7.7,Passed,9
SP2024,SP2024-class 47,32,1905AIBABG,,8,5.6,7.2,Passed,8.5
SP2024,SP2024-class 47,33,1905AICDHE,,3.3,6.4,5,Passed,5
SP2024,SP2024-class 47,34,1905AHDCBE,,5,4.6,5.1,Passed,6
SP2024,SP2024-class 47,35,1905AICEBH,,6.5,5.8,6.7,Passed,8
SP2024,SP2024-class 48,1,1905AICHBB,,7.8,7.6,7.5,Passed,7.3
SP2024,SP2024-class 48,2,1905AICGDB,,7.8,5.8,7.2,Passed,8.5
SP2024,SP2024-class 48,3,1905AICHCI,,7.8,7.8,7.8,Passed,8
SP2024,SP2024-class 48,4,1905AICFIH,,7.8,8.8,8.5,Passed,8.8
SP2024,SP2024-class 48,5,1905AICFHA,,4.8,7,5.9,Passed,5.6
SP2024,SP2024-class 48,6,1905AICIAD,,7,9.6,8.5,Passed,8.5
SP2024,SP2024-class 48,7,1905AICFEA,,8.3,7.4,7.6,Passed,7.4
SP2024,SP2024-class 48,8,1905AICIJB,,7.3,8.4,8,Passed,8.3
SP2024,SP2024-class 48,9,1905AICFHJ,,9.3,9.6,9.4,Passed,9.1
SP2024,SP2024-class 48,10,1905AICHEB,,8.8,7.2,7.9,Passed,8.1
SP2024,SP2024-class 48,11,1905AICHIB,,6.3,6.2,6.5,Passed,7.1
SP2024,SP2024-class 48,12,1905AICHEC,,7,6.8,7.2,Passed,8
SP2024,SP2024-class 48,13,1905AICHHH,,6.5,0,3.9,Not Passed,6.5
SP2024,SP2024-class 48,14,1905AICHAB,,7.5,8.8,8.2,Passed,8.1
SP2024,SP2024-class 48,15,1905AICHGD,,8,9.4,8.6,Passed,8.3
SP2024,SP2024-class 48,16,1905AICHIG,,8.5,9,8.9,Passed,9.3
SP2024,SP2024-class 48,17,1905AICIBH,,8.3,7.4,8,Passed,8.6
SP2024,SP2024-class 48,18,1905AICGFA,,7.8,6,7.1,Passed,7.8
SP2024,SP2024-class 48,19,1905AICIBC,,4,0,2.8,Attendance Fail,5.3
SP2024,SP2024-class 48,20,1905AICIBA,,7.5,7,7.4,Passed,7.9
SP2024,SP2024-class 48,21,1905AICHAD,,7.3,5.6,6.2,Passed,6
SP2024,SP2024-class 48,22,1905AICGFJ,,8,7.6,8,Passed,8.6
SP2024,SP2024-class 48,23,1905AICIAA,,6.8,5.6,6.2,Passed,6.4
SP2024,SP2024-class 48,24,1905AICFHF,,6.3,0,3.9,Not Passed,6.6
SP2024,SP2024-class 48,25,1905AGBFHB,,1,0,0.6,Attendance Fail,1
SP2024,SP2024-class 48,26,1905AICIDH,,8,6.2,7.4,Passed,8.5
SP2024,SP2024-class 48,27,1905AICFFB,,8,7,7.8,Passed,8.6
SP2024,SP2024-class 48,28,1905AICHDH,,7.8,0,4.5,Attendance Fail,7.1
SP2024,SP2024-class 49,1,1905AIDJJE,,8.8,5.4,7.1,Passed,7.9
SP2024,SP2024-class 49,2,1905AIDBJD,,0,0,1.6,Attendance Fail,5.4
SP2024,SP2024-class 49,3,1905AIDACF,,9,7.8,8.4,Passed,8.6
SP2024,SP2024-class 49,4,1905AIDCDG,,9,5.8,7.9,Passed,9.5
SP2024,SP2024-class 49,5,1905AIDBIF,,8.9,6.2,7.5,Passed,8
SP2024,SP2024-class 49,6,1905AIDCJF,,0,0,1.6,Attendance Fail,5.4
SP2024,SP2024-class 49,7,1905AIDBFI,,8.8,8,8.7,Passed,9.5
SP2024,SP2024-class 49,8,1905AIDAHJ,,9,6.6,7.9,Passed,8.6
SP2024,SP2024-class 49,9,1905AIDCJE,,8.8,0,5,Not Passed,7.8
SP2024,SP2024-class 49,10,1905AIDJJI,,8.6,7,8.1,Passed,9
SP2024,SP2024-class 49,11,1905AGBAAB,,0,0,0.6,Attendance Fail,1.9
SP2024,SP2024-class 49,12,1905AIDJHG,,9.3,7.2,8.6,Passed,9.7
SP2024,SP2024-class 49,13,1905AIDCAI,,8.7,9.2,8.9,Passed,8.6
SP2024,SP2024-class 49,14,1905AIDJAG,,9,8.6,8.8,Passed,8.9
SP2024,SP2024-class 49,15,1905AICIDI,,8.9,6.4,7.6,Passed,8
SP2024,SP2024-class 49,16,1905AIDBDF,,9.2,7.8,8.8,Passed,9.7
SP2024,SP2024-class 49,17,1905AIDBDA,,8.9,7.8,8.3,Passed,8.3
SP2024,SP2024-class 49,18,1905AIDBJE,,9.4,8.4,8.8,Passed,8.8
SP2024,SP2024-class 49,19,1905AHAEJA,,9.8,9.8,9.7,Passed,9.4
SP2024,SP2024-class 49,20,1905AIDBDI,,9,7.4,8.5,Passed,9.4
SP2024,SP2024-class 49,21,1905AIDAHD,,9.1,8.4,8.9,Passed,9.4
SP2024,SP2024-class 49,22,1905AIDAAD,,9.1,4.4,6.8,Passed,7.8
SP2024,SP2024-class 49,23,1905AIDAJH,,9.1,8.2,8.5,Passed,8.5
SP2024,SP2024-class 49,24,1905AIDJBI,,9,4.8,7.4,Passed,9.1
SP2024,SP2024-class 49,25,1905AIDJDC,,9.2,5.8,7.7,Passed,8.9
SP2024,SP2024-class 49,26,1905AIDAGI,,9,9,9.1,Passed,9.3
SP2024,SP2024-class 49,27,1905AIDJDE,,8.9,0,5.3,Not Passed,8.8
SP2024,SP2024-class 49,28,1905AIDBBI,,9,5,7.2,Passed,8.3
SP2024,SP2024-class 49,29,1905AIDBFG,,8.6,6.8,7.7,Passed,7.9
SP2024,SP2024-class 49,30,1905AICIIH,,9.2,8.6,9.1,Passed,9.6
SP2024,SP2024-class 49,31,1905AHBBAG,,9.3,9.8,9.1,Passed,8
SP2024,SP2024-class 49,32,1905AIDJGJ,,8.2,6,7.3,Passed,8.1
SP2024,SP2024-class 49,33,1905AIDADF,,0,0,0.6,Attendance Fail,1.9
SP2024,SP2024-class 50,1,1905AIDFBB,,9,7.2,8.3,Passed,9
SP2024,SP2024-class 50,2,1905AIDEDD,,9,7.8,8.6,Passed,9.3
SP2024,SP2024-class 50,3,1905AIDGJD,,9,7.2,8.3,Passed,9
SP2024,SP2024-class 50,4,1905AIDDIG,,9,4,7,Passed,9
SP2024,SP2024-class 50,5,1905AIDFJE,,9,9,9,Passed,9.1
SP2024,SP2024-class 50,6,1905AIDECI,,9.2,5.8,7.8,Passed,9.1
SP2024,SP2024-class 50,7,1905AIDFHB,,9.2,6,7.9,Passed,9.1
SP2024,SP2024-class 50,8,1905AIDFBH,,8.4,5.2,7.4,Passed,9.3
SP2024,SP2024-class 50,9,1905AIDFJH,,8.4,8,8.5,Passed,9.3
SP2024,SP2024-class 50,10,1905AIDEFB,,9,0,5.4,Not Passed,9
SP2024,SP2024-class 50,11,1905AIDFGD,,9,5.2,7.5,Passed,9
SP2024,SP2024-class 50,12,1905AIDFAJ,,9,6.2,7.9,Passed,9.1
SP2024,SP2024-class 50,13,1905AHEJGJ,,8.4,9,8.9,Passed,9.3
SP2024,SP2024-class 50,14,1905AIDEGF,,9,9.2,9.1,Passed,9
SP2024,SP2024-class 50,15,1905AIDDFF,,8.4,6.6,7.9,Passed,9.3
SP2024,SP2024-class 50,16,1905AIDFJF,,8.4,8.2,8.6,Passed,9.3
SP2024,SP2024-class 50,17,1905AIDDCA,,9.2,9.4,9.2,Passed,9.1
SP2024,SP2024-class 50,18,1905AIDEGE,,9.2,5.6,7.7,Passed,9
SP2024,SP2024-class 50,19,1905AIDCIJ,,9.2,6.8,8.2,Passed,9
SP2024,SP2024-class 50,20,1905AIDFEG,,9,9.2,9.1,Passed,9.1
SP2024,SP2024-class 50,21,1905AIDEHC,,9,0,5.4,Not Passed,8.9
SP2024,SP2024-class 50,22,1905AIDEEB,,8.4,5.4,7.4,Passed,9.3
SP2024,SP2024-class 50,23,1905AIDFHD,,9.2,8.4,8.8,Passed,9
SP2024,SP2024-class 50,24,1905AIDCHH,,8.4,6.6,7.8,Passed,8.9
SP2024,SP2024-class 50,25,1905AIDFJB,,9.2,7.8,8.6,Passed,9.1
SP2024,SP2024-class 50,26,1905AIDDAE,,9,5.4,7.6,Passed,9
SP2024,SP2024-class 50,27,1905AIDECJ,,9,8.8,8.9,Passed,9.1
SP2024,SP2024-class 51,1,1905AIFBFJ,,9.8,9.2,9.3,Passed,8.9
SP2024,SP2024-class 51,2,1905AHJAGC,,6.5,8.6,8.1,Passed,9
SP2024,SP2024-class 51,3,1905AIDGFB,,6.5,0,4.3,Not Passed,8
SP2024,SP2024-class 51,4,1905AHBCGI,,6.5,0,2.7,Attendance Fail,2.5
SP2024,SP2024-class 51,5,1905AIDIDA,,10,6.8,8.5,Passed,9.3
SP2024,SP2024-class 51,6,1905AIFBFH,,0,0,0.7,Attendance Fail,2.5
SP2024,SP2024-class 51,7,1905AIDGHE,,6.5,7.2,6.8,Passed,6.5
SP2024,SP2024-class 51,8,1905AIDGDJ,,6.5,0,3.3,Not Passed,4.5
SP2024,SP2024-class 51,9,1905AIDGFJ,,8,7.6,8.2,Passed,9.3
SP2024,SP2024-class 51,10,1905AIFBAE,,8.3,8.8,8.7,Passed,8.9
SP2024,SP2024-class 51,11,1905AIFBEI,,8.8,7.2,8.3,Passed,9.2
SP2024,SP2024-class 51,12,1905AIFBJH,,8,6,7.5,Passed,8.9
SP2024,SP2024-class 51,13,1905AIDHEH,,7.6,4.6,6.4,Passed,7.6
SP2024,SP2024-class 51,14,1905AIDGIF,,6.7,6,6.9,Passed,8.3
SP2024,SP2024-class 51,15,1905AIDHGF,,8.8,8.6,8.5,Passed,8
SP2024,SP2024-class 51,16,1905AIDGEE,,7.6,7.8,7.9,Passed,8.5
SP2024,SP2024-class 51,17,1905AIDIJG,,7.5,9.6,8.6,Passed,8.3
SP2024,SP2024-class 51,18,1905AIFBAH,,9.4,5.2,7.8,Passed,9.7
SP2024,SP2024-class 51,19,1905AIFBCF,,8.9,6.2,7.8,Passed,8.8
SP2024,SP2024-class 51,20,1905AIDIBD,,7,4.8,6.9,Passed,9.5
SP2024,SP2024-class 51,21,1905AIDGHJ,,8.8,6.8,7.7,Passed,7.9
SP2024,SP2024-class 51,22,1905AIDHGC,,7.8,7.6,8.2,Passed,9.4
SP2024,SP2024-class 51,23,1905AIFBBJ,,6.3,6.2,7.1,Passed,9
SP2024,SP2024-class 51,24,1905AIDHFG,,10,5.8,8.2,Passed,9.5
SP2024,SP2024-class 51,25,1905ADJGEB,,2.5,0,1.9,Attendance Fail,4
SP2024,SP2024-class 51,26,1905AIFBJB,,8,7.2,8,Passed,9.1
SP2024,SP2024-class 51,27,1905AIFBDD,,8.8,6.6,7.5,Passed,7.3
SP2024,SP2024-class 51,28,1905AIFBAI,,8.4,6.6,7.9,Passed,9.2
SP2024,SP2024-class 51,29,1905AIDIAD,,6.5,5.2,6.2,Passed,7.4
SP2024,SP2024-class 51,30,1905AHJCGI,,6.9,5.8,7,Passed,8.7
SP2024,SP2024-class 51,31,1905AIDHHE,,6.4,0,4.2,Not Passed,7.6
SP2024,SP2024-class 51,32,1905AIDGIB,,6.9,6.8,7.3,Passed,8.5
SP2024,SP2024-class 51,33,1905AIDHAH,,8.8,7.6,8.2,Passed,8.6
SP2024,SP2024-class 52,1,1905AIFFHI,,6.3,8.6,8.3,Passed,9.9
SP2024,SP2024-class 52,2,1905AIFHEB,,8.3,7,7.2,Passed,6.5
SP2024,SP2024-class 52,3,1905AIFFFI,,7.6,7.4,8.2,Passed,10
SP2024,SP2024-class 52,4,1905AIFBHB,,3.4,5.2,5,Passed,6.2
SP2024,SP2024-class 52,5,1905AIFFBI,,0,0,0,Attendance Fail,0
SP2024,SP2024-class 52,6,1905AIFCBA,,8.8,8.8,9.2,Passed,10
SP2024,SP2024-class 52,7,1905AIFFEI,,7,7.6,8.1,Passed,10
SP2024,SP2024-class 52,8,1905AIFDIE,,8.5,8.2,8.4,Passed,8.5
SP2024,SP2024-class 52,9,1905AIFDHD,,8.4,9.6,9,Passed,8.8
SP2024,SP2024-class 52,10,1905AIFDAI,,8.9,7.6,8.7,Passed,9.8
SP2024,SP2024-class 52,11,1905AIFHED,,8.2,8.2,8.5,Passed,9.1
SP2024,SP2024-class 52,12,1905AIFDAB,,8.9,8.6,8.5,Passed,8.1
SP2024,SP2024-class 52,13,1905AIFCAJ,,9,5.6,7.9,Passed,10
SP2024,SP2024-class 52,14,1905AIFFJA,,4.6,7.6,7.2,Passed,9.4
SP2024,SP2024-class 52,15,1905AIFDJE,,8,6.8,8.1,Passed,10
SP2024,SP2024-class 52,16,1905AIFFJE,,7.5,8.6,8.7,Passed,10
SP2024,SP2024-class 52,17,1905AIFCBB,,7.9,7,8,Passed,9.4
SP2024,SP2024-class 52,18,1905AIFDHI,,7.6,6,7.4,Passed,9.2
SP2024,SP2024-class 52,19,1905AIFDJG,,7.6,5.4,7.1,Passed,9
SP2024,SP2024-class 52,20,1905AIFFHF,,8,9.2,9.1,Passed,10
SP2024,SP2024-class 52,21,1905AHBHHD,,7.7,8,8.5,Passed,9.9
SP2024,SP2024-class 52,22,1905AIFFFA,,4.6,5,6.4,Passed,10
SP2024,SP2024-class 52,23,1905AIFGCJ,,4.4,0,3.3,Not Passed,6.8
SP2024,SP2024-class 52,24,1905AIFFBA,,4.5,8.6,6.6,Passed,6.2
SP2024,SP2024-class 52,25,1905AIFEGG,,0,0,0,Attendance Fail,0
SP2024,SP2024-class 52,26,1905AIFCJB,,4.7,5.2,5.9,Passed,8.2
SP2024,SP2024-class 52,27,1905AIFCJI,,8.9,8.4,9,Passed,10
SP2024,SP2024-class 52,28,1905AIFDBA,,8.7,5.6,7.6,Passed,9.1
SP2024,SP2024-class 52,29,1905AIFGJH,,8,6.2,7.8,Passed,9.9
SP2024,SP2024-class 52,30,1905AIFFIH,,8.1,4.2,7.1,Passed,10
SP2024,SP2024-class 52,31,1905AIFDEI,,7.9,7.4,8.3,Passed,10
SP2024,SP2024-class 52,32,1905AIFFDI,,7.6,6,7.7,Passed,10
SP2024,SP2024-class 52,33,1905AIFBHD,,6.3,10,7.8,Passed,6.4
SP2024,SP2024-class 52,34,1905AIFDBB,,0,0,0,Attendance Fail,0
SP2024,SP2024-class 52,35,1905AIFCJF,,8.5,6.8,8.2,Passed,9.9
SP2025,SP2025-class 1,1,1905AIDBDJ,,6.7,4.8,6.3,Passed,7.9
SP2025,SP2025-class 1,2,1905AIDCBG,,4.9,6.4,6,Passed,6.5
SP2025,SP2025-class 1,3,1905BJAFJE,,6.8,8,8.2,Passed,9.9
SP2025,SP2025-class 1,4,1905AHJGHD,,9.4,8.2,9.1,Passed,10
SP2025,SP2025-class 1,5,1905AIFGAA,,5.7,2.8,5,Not Passed,7.3
SP2025,SP2025-class 1,6,1905BJCEBC,,6.6,4,5.7,Passed,7.1
SP2025,SP2025-class 1,7,1905AGBHGD,,5.3,5.4,5.9,Passed,7
SP2025,SP2025-class 1,8,1905AIFDDJ,,8.3,7.4,7.8,Passed,7.9
SP2025,SP2025-class 1,9,1905AIJAHF,,6.7,5.8,6.8,Passed,8.3
SP2025,SP2025-class 1,10,1905AHDHED,,0,0,0.3,Attendance Fail,1
SP2025,SP2025-class 1,11,1905AIBJAA,,6.4,8,7.4,Passed,7.5
SP2025,SP2025-class 1,12,1905AHJBFG,,4.1,4,4.2,Not Passed,4.5
SP2025,SP2025-class 1,13,1905AICHJG,,4.3,7,6.7,Passed,8.6
SP2025,SP2025-class 1,14,1905AIFDFI,,0,0,0,Attendance Fail,0
SP2025,SP2025-class 1,15,1905AIJAHI,,9.1,7,8,Passed,8.3
SP2025,SP2025-class 1,16,1905BJDEAC,,2.3,0,1.6,Attendance Fail,3.1
SP2025,SP2025-class 1,17,1905AHCAJC,,9.4,8.6,9.1,Passed,9.4
SP2025,SP2025-class 1,18,1905AIDCHD,,9.4,5,7.8,Passed,10
SP2025,SP2025-class 1,19,1905AHDDHF,,9.3,7.4,7.8,Passed,6.7
SP2025,SP2025-class 1,20,1905AIDGCE,,2,0,2.6,Not Passed,6.7
SP2025,SP2025-class 1,21,1905BJADCF,,9.2,9,9.4,Passed,10
SP2025,SP2025-class 1,22,1905AIFFFJ,,9.1,8.6,9.2,Passed,10
SP2025,SP2025-class 1,23,1905AHAICC,,9.2,4,6.3,Passed,6.4
SP2025,SP2025-class 1,24,1905AIFFDJ,,5.8,4.8,5.3,Passed,5.4
SP2025,SP2025-class 1,25,1905AICAJH,,9.1,5.4,7.9,Passed,10
SP2025,SP2025-class 1,26,1905AIFDEJ,,9.4,8,8.6,Passed,8.6
SP2025,SP2025-class 1,27,1905AIJBIG,,6.2,8,6.8,Passed,5.9
SP2025,SP2025-class 1,28,1905AICBCA,,9.5,7.4,8.3,Passed,8.4
SP2025,SP2025-class 1,29,1905BJDHFI,,8.9,8.2,9,Passed,10
SP2025,SP2025-class 2,1,1905AIBGIJ,,10,7,7.8,Passed,6.8
SP2025,SP2025-class 2,2,1905BJAFGF,,7.9,7.4,7.8,Passed,8.4
SP2025,SP2025-class 2,3,1905AICCHA,,7.7,7.4,7.5,Passed,7.3
SP2025,SP2025-class 2,4,1905AIJAGB,,9.8,6.6,8.3,Passed,9.2
SP2025,SP2025-class 2,5,1905AIDBJA,,6.8,6.8,6.8,Passed,6.8
SP2025,SP2025-class 2,6,1905AIJAJH,,5.9,4,5.2,Passed,6.2
SP2025,SP2025-class 2,7,1905AIFFGD,,5.9,5.4,5.9,Passed,6.7
SP2025,SP2025-class 2,8,1905AIAABB,,8.8,6.8,7.7,Passed,7.7
SP2025,SP2025-class 2,9,1905AIBBIB,,5.7,4,5,Passed,5.8
SP2025,SP2025-class 2,10,1905AIJAAG,,8.9,5.6,7.7,Passed,9.3
SP2025,SP2025-class 2,11,1905AHDCJC,,6,4.2,5.3,Passed,5.9
SP2025,SP2025-class 2,12,1905AHBGBD,,0.5,0,1.4,Not Passed,4.3
SP2025,SP2025-class 2,13,1905AICBCB,,6.4,4.4,5.6,Passed,6.3
SP2025,SP2025-class 2,14,1905AICCFD,,7.4,7.6,7.6,Passed,7.8
SP2025,SP2025-class 2,15,1905BJAHIE,,10,7.6,8.9,Passed,9.4
SP2025,SP2025-class 2,16,1905AFJCID,,5.9,5,5.6,Passed,6
SP2025,SP2025-class 2,17,1905AHEJII,,6.8,5.2,6.2,Passed,7.1
SP2025,SP2025-class 2,18,1905AIDEGH,,7.4,6,6.7,Passed,6.9
SP2025,SP2025-class 2,19,1905AIJJJG,,7.8,6,6.9,Passed,7.4
SP2025,SP2025-class 2,20,1905AIJBIB,,6.8,7.6,7.1,Passed,6.7
SP2025,SP2025-class 2,21,1905AGCCJE,,8.5,8,8.3,Passed,8.5
SP2025,SP2025-class 3,1,1905AIJCEB,,8.4,7.4,8,Passed,8.2
SP2025,SP2025-class 3,2,1905AIJFBC,,8.4,4.2,6.7,Passed,8.2
SP2025,SP2025-class 3,3,1905AIFEBD,,9.4,7.8,8.6,Passed,9
SP2025,SP2025-class 3,4,1905AIJCGH,,8.9,6.2,7.8,Passed,9
SP2025,SP2025-class 3,5,1905AIJGIC,,9,8,8.6,Passed,9
SP2025,SP2025-class 3,6,1905AHCEHE,,8.9,6.8,8.1,Passed,8.9
SP2025,SP2025-class 3,7,1905AIFBJC,,9.4,7.4,8.5,Passed,8.9
SP2025,SP2025-class 3,8,1905AIJJFC,,9.4,5.2,7.6,Passed,9
SP2025,SP2025-class 3,9,1905AIDFED,,9.5,8.2,9,Passed,9.5
SP2025,SP2025-class 3,10,1905AIFFBJ,,8.9,8.2,8.6,Passed,8.8
SP2025,SP2025-class 3,11,1905AIBCCI,,8.9,5.8,7.7,Passed,8.9
SP2025,SP2025-class 3,12,1905BJBJED,,8.9,5.4,7.5,Passed,8.9
SP2025,SP2025-class 3,13,1905AIJGDD,,8.9,8,8.5,Passed,8.8
SP2025,SP2025-class 3,14,1905AIJACH,,8.9,7.8,8.5,Passed,9
SP2025,SP2025-class 3,15,1905AIJHJI,,8.9,8.4,8.7,Passed,8.8
SP2025,SP2025-class 3,16,1905AIFGCE,,8.9,7,8.2,Passed,9
SP2025,SP2025-class 3,17,1905AIJFII,,8.9,6.8,8.1,Passed,8.9
SP2025,SP2025-class 3,18,1905AIDHDI,,9,9.2,9.1,Passed,9
SP2025,SP2025-class 3,19,1905AIAJAH,,8.4,4,6.6,Passed,8.1
SP2025,SP2025-class 3,20,1905BJDJBF,,8.9,4.8,7.3,Passed,8.9
SP2025,SP2025-class 3,21,1905AHDIFA,,8.9,8,8.6,Passed,9
SP2025,SP2025-class 3,22,1905AIFEHD,,9,8.2,8.7,Passed,9
SP2025,SP2025-class 3,23,1905AIJJHG,,8.9,8,8.5,Passed,8.9
SP2025,SP2025-class 3,24,1905BJCCBF,,9.4,7.8,8.6,Passed,9
SP2025,SP2025-class 3,25,1905AIFDEE,,8.9,8.2,8.6,Passed,8.8
SP2025,SP2025-class 3,26,1905AIJFDH,,8.9,0,5.3,Not Passed,8.8
SP2025,SP2025-class 3,27,1905AIFEHF,,8.9,6.2,7.8,Passed,9
SP2025,SP2025-class 3,28,1905AIJECD,,8.9,7.6,8.4,Passed,9
SP2025,SP2025-class 4,1,1905AIJBGE,,8.6,7.4,8,Passed,8.3
SP2025,SP2025-class 4,2,1905AIBBBF,,8,7,7.7,Passed,8.4
SP2025,SP2025-class 4,3,1905BJAEFD,,8.1,4.4,7,Passed,9.3
SP2025,SP2025-class 4,4,1905AIBDCF,,8,6.8,7.5,Passed,7.9
SP2025,SP2025-class 4,5,1905AIAJDA,,8.6,8,8.3,Passed,8.4
SP2025,SP2025-class 4,6,1905AICCDH,,8.5,5,7.4,Passed,9.4
SP2025,SP2025-class 4,7,1905AIJAFI,,9,5.8,7.5,Passed,8.1
SP2025,SP2025-class 4,8,1905AIAJJG,,8.9,6.2,7.9,Passed,9.3
SP2025,SP2025-class 4,9,1905AICADC,,8.9,6.6,8.1,Passed,9.5
SP2025,SP2025-class 4,10,1905AIBFDC,,9,6.8,8,Passed,8.6
SP2025,SP2025-class 4,11,1905BJJJFF,,8.3,4,7,Passed,9.6
SP2025,SP2025-class 4,12,1905AHJJFJ,,8.5,8.4,8.7,Passed,9.2
SP2025,SP2025-class 4,13,1905BJCBGG,,8.6,6.2,7.7,Passed,8.7
SP2025,SP2025-class 4,14,1905AHJDEJ,,8.4,0,4.9,Not Passed,7.9
SP2025,SP2025-class 4,15,1905AIAJHH,,8.5,4.6,6.9,Passed,8.4
SP2025,SP2025-class 4,16,1905AICEHJ,,8.6,6,7.6,Passed,8.7
SP2025,SP2025-class 4,17,1905AIBAGF,,8.4,4.2,6.7,Passed,8.3
SP2025,SP2025-class 4,18,1905AIAJGC,,8,9.8,9.1,Passed,9.2
SP2025,SP2025-class 4,19,1905BJCCBA,,8.6,6.4,7.8,Passed,8.9
SP2025,SP2025-class 4,20,1905AIBCFG,,8.9,6.6,7.8,Passed,8.5
SP2025,SP2025-class 4,21,1905AIBFAH,,8.4,6.6,7.5,Passed,7.9
SP2025,SP2025-class 4,22,1905AIBCJB,,8.5,3.2,6.3,Not Passed,8.1
SP2025,SP2025-class 4,23,1905AHDCFE,,8.5,2.4,6,Not Passed,8.3
SP2025,SP2025-class 4,24,1905BJDCFF,,9,5,7.4,Passed,9.1
SP2025,SP2025-class 4,25,1905AIBDII,,8.4,2.4,5.9,Not Passed,8.3
SP2025,SP2025-class 4,26,1905AIJIHI,,9,7.2,8.3,Passed,9.2
SP2025,SP2025-class 4,27,1905AIAJGH,,8,4,6.5,Passed,8.3
SP2025,SP2025-class 4,28,1905AIFBBE,,8.3,5.8,7.4,Passed,8.7
SP2025,SP2025-class 5,1,1905AICHJD,,7.5,8.4,7.9,Passed,7.6
SP2025,SP2025-class 5,2,1905AIDHDF,,7,6,6.9,Passed,8
SP2025,SP2025-class 5,3,1905AICIBF,,9,4.4,7.1,Passed,8.9
SP2025,SP2025-class 5,4,1905AIDDEB,,6.5,0,4.7,Not Passed,9
SP2025,SP2025-class 5,5,1905AIDCDI,,7.5,7.4,8,Passed,9.3
SP2025,SP2025-class 5,6,1905AIAACH,,7.5,4.4,6.7,Passed,9.1
SP2025,SP2025-class 5,7,1905AIDBCJ,,7.5,6.6,7.6,Passed,9.1
SP2025,SP2025-class 5,8,1905AIDDFE,,7,5.6,6.6,Passed,7.6
SP2025,SP2025-class 5,9,1905AIDHID,,8,8,8.3,Passed,9.1
SP2025,SP2025-class 5,10,1905BJCJAF,,7.5,3.8,6.1,Not Passed,7.9
SP2025,SP2025-class 5,11,1905AIDEJE,,6.5,7.2,7.3,Passed,8.1
SP2025,SP2025-class 5,12,1905AIDBGE,,7,7.6,7.9,Passed,9.1
SP2025,SP2025-class 5,13,1905AIDCCB,,8.5,6.8,8,Passed,9.1
SP2025,SP2025-class 5,14,1905AICIJC,,8.5,7.6,8.2,Passed,8.8
SP2025,SP2025-class 5,15,1905AIDHGH,,8,5.8,7.5,Passed,9.4
SP2025,SP2025-class 5,16,1905AIDCCJ,,7,7.4,7.7,Passed,8.8
SP2025,SP2025-class 5,17,1919AIJHDI,,9,7.2,8.4,Passed,9.3
SP2025,SP2025-class 5,18,1905AIDFDB,,0,0,1.4,Attendance Fail,4.6
SP2025,SP2025-class 5,19,1905AIJHHE,,6.5,4.4,6.3,Passed,8.8
SP2025,SP2025-class 5,20,1905AIDEHH,,8,4.4,6.9,Passed,9
SP2025,SP2025-class 5,21,1905AIDECD,,9,7.2,8.4,Passed,9.4
SP2025,SP2025-class 5,22,1905BJECEE,,8,5.2,6.7,Passed,7.4
SP2025,SP2025-class 5,23,1905BJCDHB,,8.5,8.6,8.8,Passed,9.4
SP2025,SP2025-class 5,24,1919AHABHH,,7,7.4,7.8,Passed,9.1
SP2025,SP2025-class 5,25,1905BJDIJC,,8,3.4,6.4,Not Passed,8.9
SP2025,SP2025-class 5,26,1905AICDBB,,6.5,5.6,6.8,Passed,8.6
SP2025,SP2025-class 5,27,0405AIJIFI,,7,6.8,7.4,Passed,8.6
SP2025,SP2025-class 5,28,1905AICIFG,,7.5,5.2,6.9,Passed,8.6
SP2025,SP2025-class 5,29,1905AIDBJF,,8.5,3.2,6.5,Not Passed,8.9
SP2025,SP2025-class 5,30,1905AHCDBC,,7,4.2,6.6,Passed,9.3
SP2025,SP2025-class 5,31,1905AICICE,,6.5,4.8,6.3,Passed,8.3
SP2025,SP2025-class 5,32,1905AIBACB,,6.5,8.6,8,Passed,8.6
SP2025,SP2025-class 5,33,1905AIFBDG,,7.5,6.4,7.4,Passed,8.6
SP2025,SP2025-class 6,1,1905BJCJAG,,5.5,8.2,7.6,Passed,8.9
SP2025,SP2025-class 6,2,1905BJJECF,,2,7.6,6.3,Passed,9
SP2025,SP2025-class 6,3,1905BJCBHB,,5,4.6,5.4,Passed,6.9
SP2025,SP2025-class 6,4,1905BJDHIA,,5.5,9.2,8.1,Passed,9.1
SP2025,SP2025-class 6,5,1905BJCBDF,,5,5.4,6.1,Passed,8.1
SP2025,SP2025-class 6,6,1905BJCJJI,,5.5,8,7.2,Passed,7.9
SP2025,SP2025-class 6,7,1905BJJFJF,,4.5,5.2,5.9,Passed,8.2
SP2025,SP2025-class 6,8,1905BJAHHJ,,4,9.4,7.5,Passed,8.4
SP2025,SP2025-class 6,9,1905AIJAED,,5.5,5.8,6.7,Passed,9.1
SP2025,SP2025-class 6,10,1905BJCJFF,,6,6,7,Passed,9.3
SP2025,SP2025-class 6,11,1905BJCAHG,,5.5,5.6,6.3,Passed,7.9
SP2025,SP2025-class 6,12,1905BJCAIB,,5.5,6.6,6.9,Passed,8.6
SP2025,SP2025-class 6,13,1905AGJBGA,,5,4.6,5.9,Passed,8.6
SP2025,SP2025-class 6,14,1905AIBHJI,,4,5.8,5.9,Passed,8.1
SP2025,SP2025-class 6,15,1905BJJEIB,,5.5,0,4.4,Not Passed,9
SP2025,SP2025-class 6,16,1905BJCAFH,,6.5,7,7.5,Passed,9.1
SP2025,SP2025-class 6,17,1905BJAIIG,,5,7.8,7.4,Passed,9.3
SP2025,SP2025-class 6,18,1905BJAFFA,,8,7.2,8.1,Passed,9.3
SP2025,SP2025-class 6,19,1905BJDBBE,,3,0,3,Attendance Fail,7.1
SP2025,SP2025-class 6,20,1905BJJEBH,,7.5,5.6,6.1,Passed,5.5
SP2025,SP2025-class 6,21,1905BJCHDJ,,4.5,5.2,5.6,Passed,7.3
SP2025,SP2025-class 6,22,1905BJCFHJ,,4.5,4,5.3,Passed,7.9
SP2025,SP2025-class 6,23,1905BJCBCF,,10,8,9,Passed,9.3
SP2025,SP2025-class 6,24,1905BJCGDC,,5.5,4.2,6,Passed,8.9
SP2025,SP2025-class 6,25,1905BJCCGJ,,9,8,8.5,Passed,8.8
SP2025,SP2025-class 6,26,1905BJCAFI,,9.5,8.2,9,Passed,9.7
SP2025,SP2025-class 6,27,1905AIBEFA,,7,7.2,7.5,Passed,8.6
SP2025,SP2025-class 6,28,1905BJAIAH,,5.5,7.6,7.5,Passed,9.2
SP2025,SP2025-class 6,29,1905BJAJCD,,2,7,6.2,Passed,9.2
SP2025,SP2025-class 6,30,1905BJJEHF,,1.5,5,5.1,Passed,8.7
SP2025,SP2025-class 6,31,1905BJCJCF,,5,4.8,5.9,Passed,8.4
SP2025,SP2025-class 6,32,1905BJCBCJ,,5.5,7.4,7.1,Passed,8.3
SP2025,SP2025-class 6,33,1905BJAFCF,,5.5,8,7.4,Passed,8.6
SP2025,SP2025-class 6,34,1905BJCDHI,,3.5,5,5.8,Passed,9.2
SP2025,SP2025-class 6,35,1905BJJIEI,,6,8.2,7.8,Passed,9.1
SP2025,SP2025-class 7,1,1905BJDAJB,,9,5.2,7.5,Passed,9
SP2025,SP2025-class 7,2,1905BJDDJC,,7.5,0,4.9,Not Passed,8.9
SP2025,SP2025-class 7,3,1905BJEJAJ,,7,4.2,6.1,Passed,7.9
SP2025,SP2025-class 7,4,1905BJCDAC,,9,6.2,8.1,Passed,9.6
SP2025,SP2025-class 7,5,1905BJDAJH,,8,7.4,8,Passed,8.8
SP2025,SP2025-class 7,6,1905BJDFGE,,8.5,6.2,7.4,Passed,7.8
SP2025,SP2025-class 7,7,1905AICECH,,7,4.2,6.2,Passed,8.1
SP2025,SP2025-class 7,8,1905BJDEGJ,,9,5.6,7.6,Passed,8.9
SP2025,SP2025-class 7,9,1905BJDFDF,,9,7,8,Passed,8.4
SP2025,SP2025-class 7,10,1905BJDIJD,,8.5,7.8,8.4,Passed,9.1
SP2025,SP2025-class 7,11,1905BJDDJG,,9,7,8,Passed,8.4
SP2025,SP2025-class 7,12,1905BJECAJ,,9,3,6.4,Not Passed,8.4
SP2025,SP2025-class 7,13,1905BJDFBF,,8,4,6.6,Passed,8.6
SP2025,SP2025-class 7,14,1905BJCIEE,,9,4.8,7.1,Passed,8.3
SP2025,SP2025-class 7,15,1905AIBAFH,,7.5,4,6.5,Passed,8.8
SP2025,SP2025-class 7,16,1905BJEJDF,,8.5,5.8,7.7,Passed,9.5
SP2025,SP2025-class 7,17,1905BJBJGB,,0,0,0,Attendance Fail,0
SP2025,SP2025-class 7,18,1905BJDJCF,,8,7,7.9,Passed,9.1
SP2025,SP2025-class 7,19,1905BJDIDH,,9,6.4,8.1,Passed,9.4
SP2025,SP2025-class 7,20,1905BJDGJH,,7.5,5.6,7,Passed,8.4
SP2025,SP2025-class 7,21,1905BJDBDD,,9,7.2,8.4,Passed,9.5
SP2025,SP2025-class 7,22,1905AIDDAH,,9,8.2,8.6,Passed,8.9
SP2025,SP2025-class 7,23,1905BJDCCA,,8.5,7,7.9,Passed,8.6
SP2025,SP2025-class 7,24,1905BJCHDD,,7,7,7.5,Passed,8.6
SP2025,SP2025-class 7,25,1905BJDDHA,,8,0,4.8,Not Passed,7.9
SP2025,SP2025-class 7,26,1905BJDHAH,,9,7.4,8.3,Passed,8.8
SP2025,SP2025-class 7,27,1905BJEAFF,,9,5.2,7.6,Passed,9.4
SP2025,SP2025-class 7,28,1905AHEJED,,7,0,4.5,Not Passed,8
SP2025,SP2025-class 7,29,1905AIJCCI,,7,5.6,6.7,Passed,7.8
SP2025,SP2025-class 7,30,1905BJCBHA,,7.5,5.8,7.3,Passed,9
SP2025,SP2025-class 7,31,1905BJDFFF,,8,6.2,7.6,Passed,9
SP2025,SP2025-class 7,32,1905BJCEAG,,9,4,6.9,Passed,8.8
SP2025,SP2025-class 8,1,1905BJCEAI,,9.5,9,9.3,Passed,9.6
SP2025,SP2025-class 8,2,1905BJCBAB,,7.9,4,6.3,Passed,7.9
SP2025,SP2025-class 8,3,1905BJAEGJ,,9,5.6,7.5,Passed,8.4
SP2025,SP2025-class 8,4,1905BJCBBF,,7.2,9.2,7.7,Passed,6.3
SP2025,SP2025-class 8,5,1905BJCBAH,,7.5,5.6,6.7,Passed,7.2
SP2025,SP2025-class 8,6,1905BJJEDH,,0.5,0,0.2,Attendance Fail,0
SP2025,SP2025-class 8,7,1905BJJIEH,,9.4,5.6,7.3,Passed,7.3
SP2025,SP2025-class 8,8,1905BJJEDJ,,8.4,5.6,7.2,Passed,8.1
SP2025,SP2025-class 8,9,1905BJJEFB,,8.5,7.4,8.2,Passed,9.1
SP2025,SP2025-class 8,10,1905BJCHGD,,7.9,8.6,8.4,Passed,8.5
SP2025,SP2025-class 8,11,1905BJAFBD,,9.9,8.4,9.2,Passed,9.4
SP2025,SP2025-class 8,12,1905BJCBCI,,7.5,5.2,6.5,Passed,7.3
SP2025,SP2025-class 8,13,1905BJAABA,,9.8,8.6,9.1,Passed,9.1
SP2025,SP2025-class 8,14,1905BJJICG,,7.8,9.2,8.1,Passed,6.9
SP2025,SP2025-class 8,15,1905BJAGFI,,8.6,8,8.2,Passed,8
SP2025,SP2025-class 8,16,1905BJCEAA,,9.6,6.2,8.2,Passed,9.3
SP2025,SP2025-class 8,17,1905BJCGJH,,7.9,6.6,7.4,Passed,7.9
SP2025,SP2025-class 8,18,1905BJCAGJ,,8,5,6.6,Passed,7.2
SP2025,SP2025-class 8,19,1905BJCBFA,,7.3,0,3.9,Not Passed,5.8
SP2025,SP2025-class 8,20,1905BJADFI,,8.6,4,7,Passed,9.3
SP2025,SP2025-class 8,21,1905BJCHJI,,8.1,5.2,7.2,Passed,9
SP2025,SP2025-class 8,22,1905BJAHHF,,8.1,5,6.7,Passed,7.5
SP2025,SP2025-class 8,23,1905BJCBJF,,9.4,8,8.6,Passed,8.8
SP2025,SP2025-class 8,24,1905BJCGDG,,7.9,7.6,7.5,Passed,6.9
SP2025,SP2025-class 8,25,1905BJAADB,,7.3,4,6,Passed,7.5
SP2025,SP2025-class 8,26,1905BJJFBH,,0.5,0,0.7,Attendance Fail,1.9
SP2025,SP2025-class 8,27,1905BJCEBB,,7.2,8.6,7.6,Passed,6.8
SP2025,SP2025-class 8,28,1905BJCGIH,,8.3,9.2,8.4,Passed,7.5
SP2025,SP2025-class 8,29,1905BJCGDD,,7.4,4.4,5.8,Passed,6.1
SP2025,SP2025-class 8,30,1905BJCBAI,,7.3,5,6,Passed,6.2
SP2025,SP2025-class 8,31,1905BJCBDJ,,7.4,6,6.9,Passed,7.4
SP2025,SP2025-class 8,32,1905BJCJBB,,8.3,5,6.5,Passed,6.6
SP2025,SP2025-class 8,33,1905BJJJJI,,7.7,8.8,8.5,Passed,9.1
SP2025,SP2025-class 8,34,1905BJCEFJ,,9.1,6.4,7.3,Passed,6.7
SP2025,SP2025-class 8,35,1905BJAGAB,,8.4,9.2,8.9,Passed,8.9
SP2025,SP2025-class 9,1,1905BJEJHA,,7.5,0,4.9,Not Passed,8.9
SP2025,SP2025-class 9,2,1905BJDDEJ,,5,6.6,6.1,Passed,6.5
SP2025,SP2025-class 9,3,1905BJDDEE,,10,6.6,8.4,Passed,9.1
SP2025,SP2025-class 9,4,1905BJDBJF,,8,5.4,7.3,Passed,9.2
SP2025,SP2025-class 9,5,1905BJEJFF,,8,3.8,6,Not Passed,6.8
SP2025,SP2025-class 9,6,1905BJDCAE,,8,4.6,6.9,Passed,9
SP2025,SP2025-class 9,7,1905BJDBDA,,9,5.6,7.1,Passed,7.3
SP2025,SP2025-class 9,8,1905BJDGBH,,8,4.6,6.2,Passed,6.6
SP2025,SP2025-class 9,9,1905BJDAJJ,,7.5,7.4,7.8,Passed,8.7
SP2025,SP2025-class 9,10,1905BJDHEI,,9.5,4,7.3,Passed,9.6
SP2025,SP2025-class 9,11,1905BJDIFE,,9.5,7.4,8.5,Passed,9
SP2025,SP2025-class 9,12,1905BJDEGH,,8.5,6.6,7.9,Passed,9.1
SP2025,SP2025-class 9,13,1905BJDHAE,,10,6.6,8.2,Passed,8.7
SP2025,SP2025-class 9,14,1905BJDEHF,,8.5,4.6,7,Passed,8.8
SP2025,SP2025-class 9,15,1905BJDACB,,10,4,7.3,Passed,9.1
SP2025,SP2025-class 9,16,1905BJEJCG,,10,4.6,7.5,Passed,8.8
SP2025,SP2025-class 9,17,1905BJDBCB,,10,4.6,7.6,Passed,9.1
SP2025,SP2025-class 9,18,1905BJDHHG,,10,0,5,Not Passed,6.7
SP2025,SP2025-class 9,19,1905BJDJCA,,8.5,4.4,7.1,Passed,9.2
SP2025,SP2025-class 9,20,1905BJDFBE,,0,4.4,4.4,Not Passed,8.7
SP2025,SP2025-class 9,21,1905BJDHGJ,,9,6.4,8,Passed,9
SP2025,SP2025-class 9,22,1905BJDCDJ,,8,4.4,7,Passed,9.3
SP2025,SP2025-class 9,23,1905BJDJIH,,8.5,5.6,7.4,Passed,8.7
SP2025,SP2025-class 9,24,1905BJDCBE,,8.5,6,7,Passed,6.7
SP2025,SP2025-class 9,25,1905BJDCJJ,,10,7,8.6,Passed,9.4
SP2025,SP2025-class 9,26,1905BJDEDJ,,10,4,7.3,Passed,8.9
SP2025,SP2025-class 9,27,1905BJDAEF,,9,7.4,8.2,Passed,8.5
SP2025,SP2025-class 9,28,1905BJEJIA,,0,4.6,3.7,Not Passed,6.3
SP2025,SP2025-class 9,29,1905BJDEAA,,8,4.8,6.7,Passed,8.1
SP2025,SP2025-class 9,30,1905AHCABJ,,0,0,0,Attendance Fail,0
SP2025,SP2025-class 9,31,1905BJDAFG,,10,6,8.3,Passed,9.8
SP2025,SP2025-class 9,32,1905BJDFJF,,9,5.8,7.8,Passed,9.1
SP2025,SP2025-class 10,1,1905AIDDFB,,2.2,0,1.8,Attendance Fail,3.8
SP2025,SP2025-class 10,2,1905AIBJFI,,6.1,6.6,6.4,Passed,6.5
SP2025,SP2025-class 10,3,0805AIDIHJ,,7.7,8,7.7,Passed,7.3
SP2025,SP2025-class 10,4,1905AHAFIH,,4,0,2.5,Attendance Fail,4.4
SP2025,SP2025-class 10,5,1905AHDDGD,,9,7.6,8.7,Passed,10
SP2025,SP2025-class 10,6,1905AHDEFF,,0,0,0.6,Attendance Fail,1.9
SP2025,SP2025-class 10,7,1905AIDDBH,,6.8,6.2,6.9,Passed,7.9
SP2025,SP2025-class 10,8,1905AICIAH,,9.1,8.6,9,Passed,9.4
SP2025,SP2025-class 10,9,1905AIJAIA,,6.9,7.2,7.8,Passed,9.4
SP2025,SP2025-class 10,10,1905AICGJH,,7.3,8,7.6,Passed,7.3
SP2025,SP2025-class 10,11,1905BJJJFJ,,8.9,7.8,8.8,Passed,10
SP2025,SP2025-class 10,12,1905AIJHHJ,,0,0,0,Attendance Fail,0
SP2025,SP2025-class 10,13,1905AIBBCG,,9.1,7.6,8.6,Passed,9.4
SP2025,SP2025-class 10,14,1905AICABB,,9.5,7.2,8.7,Passed,9.9
SP2025,SP2025-class 10,15,1905BJCFIB,,9.3,8,9,Passed,10
SP2025,SP2025-class 10,16,1905BJAHEI,,6.8,6.2,6.5,Passed,6.6
SP2025,SP2025-class 10,17,1905AIBBBH,,9.3,4.4,7.3,Passed,9.3
SP2025,SP2025-class 10,18,1905BJAJIJ,,6.3,7,7.4,Passed,8.9
SP2025,SP2025-class 10,19,1905AICAFD,,7.4,7,7.6,Passed,8.7
SP2025,SP2025-class 10,20,1905AIAJDG,,0,0,1.2,Attendance Fail,4.1
SP2025,SP2025-class 10,21,1905AIBBBG,,9.1,4.6,7.6,Passed,9.9
SP2025,SP2025-class 10,22,1905AIJHBC,,9.2,7.4,7.6,Passed,6.2
SP2025,SP2025-class 10,23,1905AIJJDE,,7.3,8.2,7.6,Passed,7.1
SP2025,SP2025-class 10,24,1905AIJEBF,,6.6,7.2,6.4,Passed,5.1
SP2025,SP2025-class 10,25,1905AIJBBD,,4.5,0,3,Not Passed,5.6
SP2025,SP2025-class 10,26,1905AIJIEH,,6.5,0,4.3,Not Passed,7.7
SP2025,SP2025-class 10,27,1905AIJFHE,,9.3,8,8.6,Passed,8.8
SP2025,SP2025-class 10,28,1905BJDJFF,,8.6,7,8.4,Passed,9.9
SP2025,SP2025-class 10,29,1905AIAJJA,,9.5,4.6,7.7,Passed,10
SP2025,SP2025-class 10,30,1905AIBDAI,,9.7,8,8.7,Passed,8.6
SP2025,SP2025-class 10,31,1905AICBFF,,9.1,5.8,8,Passed,9.9
SP2025,SP2025-class 10,32,1905AICJFH,,9.1,5.6,7.5,Passed,8.4
SP2025,SP2025-class 10,33,1905AIBIJH,,9.6,8,8.2,Passed,7.2
SP2025,SP2025-class 10,34,1905AICIHD,,0,4.8,4.4,Not Passed,8.1
SP2025,SP2025-class 10,35,1905BJDCGB,,7.8,4.6,5.7,Passed,5.2
SP2025,SP2025-class 11,1,1905AIDGCG,,1.5,0,1.7,Not Passed,4.2
SP2025,SP2025-class 11,2,1905BJDJFA,,5,7.8,7.6,Passed,10
SP2025,SP2025-class 11,3,1905BJDAGB,,0,0,0.5,Attendance Fail,1.8
SP2025,SP2025-class 11,4,1905BJCCED,,2,0,1.5,Attendance Fail,2.9
SP2025,SP2025-class 11,5,1905BJEJHF,,5,4.6,6,Passed,8.7
SP2025,SP2025-class 11,6,1905BJADDA,,5.5,4.6,6.1,Passed,8.8
SP2025,SP2025-class 11,7,1905BJCFGF,,7,7.2,7.7,Passed,8.9
SP2025,SP2025-class 11,8,1905BJEAAJ,,4.5,6.6,6.4,Passed,8.1
SP2025,SP2025-class 11,9,1905BJDIFH,,0,0,0.9,Attendance Fail,3.2
SP2025,SP2025-class 11,10,1905BJJFAD,,5.5,7.4,7.3,Passed,9.1
SP2025,SP2025-class 11,11,1905BJDJID,,0,0,0,Attendance Fail,0
SP2025,SP2025-class 11,12,1905BJJDIA,,5.5,8,7.6,Passed,9.1
SP2025,SP2025-class 11,13,1905BJDABH,,4.5,6.6,6.5,Passed,8.4
SP2025,SP2025-class 11,14,1905AIJAEJ,,5.5,8.4,7.8,Passed,9.4
SP2025,SP2025-class 11,15,1905AIFFCH,,3.5,5.2,5.7,Passed,8.6
SP2025,SP2025-class 11,16,1905BJCHGF,,3,6.6,6,Passed,8.3
SP2025,SP2025-class 11,17,1905BJEJCF,,6.5,3.6,5.6,Not Passed,7.3
SP2025,SP2025-class 11,18,1905BJCEFC,,6.5,7,7.5,Passed,9.2
SP2025,SP2025-class 11,19,1905BJCIJG,,6,4.2,5.3,Passed,5.9
SP2025,SP2025-class 11,20,1905BJAJBB,,5,8.4,7.5,Passed,8.9
SP2025,SP2025-class 11,21,1905BJCBEB,,5,8.8,7.8,Passed,9.3
SP2025,SP2025-class 11,22,1905BJEBBC,,4,0,3.1,Attendance Fail,6.4
SP2025,SP2025-class 11,23,1905BJCEDI,,4.5,4.8,5.8,Passed,8.4
SP2025,SP2025-class 11,24,1905BJCFHB,,8.5,8.4,8.8,Passed,9.6
SP2025,SP2025-class 11,25,1905BJCFIJ,,8.5,7,8,Passed,8.8
SP2025,SP2025-class 11,26,1905BJDIIF,,6,6.2,7,Passed,8.9
SP2025,SP2025-class 12,1,1905AIJEGJ,,10,6,8.2,Passed,9.3
SP2025,SP2025-class 12,2,1905AIBIAI,,9,0,4.3,Not Passed,5.3
SP2025,SP2025-class 12,3,1905AGAFAE,,9.8,8.8,9.2,Passed,9.1
SP2025,SP2025-class 12,4,1905AHAEIA,,8.9,6.8,8,Passed,8.9
SP2025,SP2025-class 12,5,1905BJDAHI,,9.3,5.4,7.5,Passed,8.7
SP2025,SP2025-class 12,6,1905AHJGED,,10,8.4,9.1,Passed,9
SP2025,SP2025-class 12,7,1905AHBAHG,,8.8,5,7.3,Passed,9
SP2025,SP2025-class 12,8,1905AIJHFH,,10,6.2,8.5,Passed,10
SP2025,SP2025-class 12,9,1905AHAHAA,,8.9,8,8.5,Passed,8.9
SP2025,SP2025-class 12,10,1905AICFJC,,8.6,6.4,7.3,Passed,7.4
SP2025,SP2025-class 12,11,1905AHBAHB,,7.4,0,2.2,Attendance Fail,0
SP2025,SP2025-class 12,12,1905AIJFHB,,10,6.8,8.6,Passed,9.8
SP2025,SP2025-class 12,13,1905AHJDEF,,9.5,8.2,9,Passed,9.4
SP2025,SP2025-class 12,14,1905BJAEEI,,9.5,8,8.8,Passed,9.3
SP2025,SP2025-class 12,15,1905AHJJBA,,10,9.2,9.5,Passed,9.3
SP2025,SP2025-class 12,16,1905AGBDED,,9.3,3,6.7,Not Passed,9.1
SP2025,SP2025-class 12,17,1905AICHEF,,8.5,9.4,9.1,Passed,9.3
SP2025,SP2025-class 12,18,1905BJCGGH,,8.7,5.2,7.2,Passed,8.3
SP2025,SP2025-class 12,19,1905AHAECE,,8.1,6.4,7.4,Passed,8.1
SP2025,SP2025-class 12,20,1905AIBABI,,9.2,7.6,8.5,Passed,8.9
SP2025,SP2025-class 12,21,1905BJJEGC,,9.3,6.8,8.2,Passed,8.9
SP2025,SP2025-class 12,22,1905BJDJBJ,,9.9,7.4,8.5,Passed,8.7
SP2025,SP2025-class 12,23,1901BJECFJ,,9.8,0,3.3,Attendance Fail,1.3
SP2025,SP2025-class 12,24,1905BJCJBD,,9.5,8.2,8.8,Passed,9.1
SP2025,SP2025-class 12,25,1905AHJDIF,,10,6,8.3,Passed,9.5
SP2025,SP2025-class 12,26,1905AIJABC,,9.9,7.6,8.7,Passed,9
SP2025,SP2025-class 12,27,1905AIFFHB,,9.9,4.2,7.4,Passed,9
SP2025,SP2025-class 12,28,1905AICHEI,,8.2,0,2.5,Attendance Fail,0
SP2025,SP2025-class 13,1,1905AHDCAE,,9,6.4,7.3,Passed,6.8
SP2025,SP2025-class 13,2,1905AIJJCD,,9,7.8,8.5,Passed,9
SP2025,SP2025-class 13,3,1905AIJJEC,,9,7,8.2,Passed,9
SP2025,SP2025-class 13,4,1905AIAJBD,,2,6.2,5.8,Passed,9
SP2025,SP2025-class 13,5,1905AIJJDF,,9,6.4,7.3,Passed,6.8
SP2025,SP2025-class 13,6,1905AHBFDH,,0,0,0,Not Passed,0
SP2025,SP2025-class 13,7,1905AIJJAH,,9,8.4,8.8,Passed,9
SP2025,SP2025-class 13,8,1905AIJJBI,,9,4.2,7.1,Passed,9
SP2025,SP2025-class 13,9,1905AIJJAI,,8.5,7.8,8.4,Passed,9
SP2025,SP2025-class 13,10,1905AHCIBH,,9,5.6,7.6,Passed,9
SP2025,SP2025-class 13,11,1905AHCAGC,,9,3,4.6,Not Passed,2.3
SP2025,SP2025-class 13,12,1905AHBBDE,,9,6.6,7.4,Passed,6.8
SP2025,SP2025-class 13,13,1905AIJJBJ,,7.5,7.8,8.1,Passed,9
SP2025,SP2025-class 13,14,1905AIBAEG,,9,6.2,7.9,Passed,9
SP2025,SP2025-class 13,15,1905AHJGDG,,2,6.8,5.3,Passed,6.8
SP2025,SP2025-class 13,16,1905AHBFEH,,8,7.4,7.4,Passed,6.8
SP2025,SP2025-class 13,17,1905AIFEAB,,9,8.2,8.7,Passed,9
SP2025,SP2025-class 13,18,1905AHDIBI,,9,7,7.5,Passed,6.5
SP2025,SP2025-class 13,19,1905AHDIGA,,2,0,2,Attendance Fail,4.5
SP2025,SP2025-class 13,20,1905AHDBII,,9,5.8,7.7,Passed,9
SP2025,SP2025-class 13,21,1905AHDDHA,,9,5,7,Passed,7.8
SP2025,SP2025-class 13,22,1905AIJJED,,7.5,7,7.8,Passed,9
SP2025,SP2025-class 13,23,1905AHDBCE,,2,0,1.3,Attendance Fail,2.3
SP2025,SP2025-class 13,24,1905BJDAEI,,9,4.8,7.3,Passed,9
SP2025,SP2025-class 13,25,1905AIJJAE,,8,8.2,8,Passed,7.8
SP2025,SP2025-class 14,1,1905AIJJGE,,9.3,6,8.2,Passed,10
SP2025,SP2025-class 14,2,1905AIJJID,,9.1,7.4,8.6,Passed,9.6
SP2025,SP2025-class 14,3,1905AIBJGG,,8.5,5.4,6.9,Passed,7.2
SP2025,SP2025-class 14,4,1905AIJAAI,,8.8,8.4,9,Passed,10
SP2025,SP2025-class 14,5,1905AIJJCJ,,6.6,6.4,6.3,Passed,5.9
SP2025,SP2025-class 14,6,1905AICGJG,,9.1,7.4,8.5,Passed,9.4
SP2025,SP2025-class 14,7,1905AIJAJH,,2.9,2.6,3.8,Not Passed,6.2
SP2025,SP2025-class 14,8,1905AICIII,,9,7.4,8.6,Passed,9.9
SP2025,SP2025-class 14,9,1905AIJJEF,,6.9,7.2,7.2,Passed,7.3
SP2025,SP2025-class 14,10,1905AICEAC,,7.3,8,8.4,Passed,10
SP2025,SP2025-class 14,11,1905AIJGBA,,9.4,7.4,8.6,Passed,9.4
SP2025,SP2025-class 14,12,1905AIJAAD,,7.1,6,7,Passed,8.1
SP2025,SP2025-class 14,13,1905AIJAGA,,2,0,2.7,Attendance Fail,6.9
SP2025,SP2025-class 14,14,1905AHDAGI,,8.6,7,8.1,Passed,9.1
SP2025,SP2025-class 14,15,1905AIJJIG,,8.7,7.6,8.5,Passed,9.4
SP2025,SP2025-class 14,16,1905AGCDFJ,,9.4,3,6.1,Not Passed,6.9
SP2025,SP2025-class 14,17,1905AIJAFG,,9.4,4.8,7.7,Passed,9.9
SP2025,SP2025-class 14,18,1905AIJJEI,,9.4,7.4,8.8,Passed,10
SP2025,SP2025-class 14,19,1905AIJAFC,,9.4,7.8,8.9,Passed,10
SP2025,SP2025-class 14,20,1905AEJIAI,,0,0,0,Attendance Fail,0
SP2025,SP2025-class 14,21,1905AIJFCH,,9,5.4,7.7,Passed,9.4
SP2025,SP2025-class 14,22,1905AIJAEF,,8.7,8,8.8,Passed,10
SP2025,SP2025-class 14,23,1905AIJJII,,9.3,7.8,8.9,Passed,10
SP2025,SP2025-class 14,24,1905AIJAAE,,9.5,8.6,9.3,Passed,10
SP2025,SP2025-class 14,25,1905AIJJGG,,6.7,6.8,7.5,Passed,9.4
SP2025,SP2025-class 14,26,1905AIJAJA,,9.4,7.4,8.6,Passed,9.4
SP2025,SP2025-class 14,27,1905AIJAJC,,7.6,4.4,5.8,Passed,5.8
SP2025,SP2025-class 14,28,1905AIJAJG,,4.2,0,2.9,Attendance Fail,5.6
SP2025,SP2025-class 14,29,1905AIJJEG,,8.4,6.4,7.7,Passed,8.8
SP2025,SP2025-class 14,30,1905AIJJGI,,9.3,5.4,7.6,Passed,8.8
SP2025,SP2025-class 14,31,1905AIJAGJ,,5.5,0,3.5,Not Passed,6.3
SP2025,SP2025-class 14,32,1905AIJACI,,8.4,6,7.9,Passed,10
SP2025,SP2025-class 14,33,1905AICEFG,,9.4,7.4,8.6,Passed,9.4
SP2025,SP2025-class 14,34,1905AHEJGF,,0,0,0,Attendance Fail,0
SP2025,SP2025-class 14,35,1905AIJJGF,,9.2,6.4,7.8,Passed,8.1
SP2025,SP2025-class 15,1,1905AIJCBI,,7.5,5,6.5,Passed,7.5
SP2025,SP2025-class 15,2,1905AIJCCF,,7.5,4.8,6.5,Passed,7.9
SP2025,SP2025-class 15,3,1905AIJAII,,6.8,7.2,7.5,Passed,8.5
SP2025,SP2025-class 15,4,1905BJDIHD,,6.3,6.2,6.8,Passed,8
SP2025,SP2025-class 15,5,1905AIJBDH,,7.5,4,6.4,Passed,8.6
SP2025,SP2025-class 15,6,1905AIJBCI,,6.5,5.4,6.3,Passed,7.3
SP2025,SP2025-class 15,7,1905AIJBJC,,7,6.4,7.1,Passed,8
SP2025,SP2025-class 15,8,1905AIJAIC,,9,8.2,8.7,Passed,9.1
SP2025,SP2025-class 15,9,1905BJAACB,,9,8.2,8.7,Passed,9
SP2025,SP2025-class 15,10,1905AIJBDJ,,7.5,6.4,7.2,Passed,7.9
SP2025,SP2025-class 15,11,1905AIBJDF,,0,0,0.7,Attendance Fail,2.4
SP2025,SP2025-class 15,12,1905AIJAIJ,,6.8,8.8,7.8,Passed,7.4
SP2025,SP2025-class 15,13,1905AIJBAE,,7,5.4,6.5,Passed,7.6
SP2025,SP2025-class 15,14,1905AIJCJH,,7.5,5.6,7.2,Passed,9
SP2025,SP2025-class 15,15,1905AIJBBJ,,7,4.4,6.3,Passed,8.1
SP2025,SP2025-class 15,16,1905AICHAJ,,9,8.2,8.7,Passed,9
SP2025,SP2025-class 15,17,1905AIJBBI,,8.5,6.8,7.6,Passed,7.8
SP2025,SP2025-class 15,18,1905AIJCBB,,9.5,8.6,9.2,Passed,9.8
SP2025,SP2025-class 15,19,1905AIJBDC,,6.5,7.6,7.3,Passed,7.6
SP2025,SP2025-class 15,20,1905AIJBCB,,9,8.4,8.8,Passed,9
SP2025,SP2025-class 15,21,1905AIJCCD,,7.5,6.6,7.4,Passed,8.5
SP2025,SP2025-class 15,22,1905AIJCCJ,,7.5,8.2,8.2,Passed,8.8
SP2025,SP2025-class 15,23,1905AIJCJE,,8,6.8,7.9,Passed,9.1
SP2025,SP2025-class 15,24,1905AIJBFB,,7,7.2,7.2,Passed,7.4
SP2025,SP2025-class 15,25,1905AIJBCD,,7,9.4,8.2,Passed,7.9
SP2025,SP2025-class 15,26,1905AIJCAC,,8.5,5.4,7.2,Passed,8.3
SP2025,SP2025-class 15,27,1905AIJBCE,,7.5,7.2,7.5,Passed,7.8
SP2025,SP2025-class 15,28,1905AIJAID,,7.5,4.6,6.6,Passed,8.4
SP2025,SP2025-class 15,29,1905AIJBHA,,7.8,7.6,8,Passed,8.8
SP2025,SP2025-class 16,1,1905AIJECH,,5.5,6.8,6.8,Passed,8.1
SP2025,SP2025-class 16,2,1905AIJCEE,,5.7,9,7.6,Passed,7.6
SP2025,SP2025-class 16,3,1905AIJCGJ,,8.5,5.8,7.1,Passed,7.4
SP2025,SP2025-class 16,4,1905AIJCEI,,0,0,0,Attendance Fail,0
SP2025,SP2025-class 16,5,1905AIAJDI,,9.5,8.2,8.5,Passed,7.8
SP2025,SP2025-class 16,6,1905AIJEHH,,9,8.2,8.1,Passed,7.2
SP2025,SP2025-class 16,7,1905AIJCGF,,9.5,0,4.9,Not Passed,6.7
SP2025,SP2025-class 16,8,1905AIJCHE,,10,7.2,8.2,Passed,7.6
SP2025,SP2025-class 16,9,1905AIBDIJ,,8.8,6.8,7.9,Passed,8.4
SP2025,SP2025-class 16,10,1905AIJDJG,,10,9.2,9,Passed,7.8
SP2025,SP2025-class 16,11,1905AIJFJE,,10,8,8.4,Passed,7.4
SP2025,SP2025-class 16,12,1905AIDIBA,,5.7,4.4,5.2,Passed,5.9
SP2025,SP2025-class 16,13,1905AIJCFB,,9,8,8.2,Passed,7.6
SP2025,SP2025-class 16,14,1905AIJBIJ,,7.5,6.6,7.1,Passed,7.4
SP2025,SP2025-class 16,15,1905AIJEJB,,8.5,8,8.2,Passed,8.2
SP2025,SP2025-class 16,16,1905AIJEAF,,5.5,3.8,5.6,Not Passed,8.1
SP2025,SP2025-class 16,17,1905AIJEJD,,8.2,7.2,7.8,Passed,8.1
SP2025,SP2025-class 16,18,1905AIJCEF,,9.6,6.8,8.2,Passed,8.6
SP2025,SP2025-class 16,19,1905AIDAGC,,7.6,6.6,7,Passed,7
SP2025,SP2025-class 16,20,1905AICAFG,,9.6,8.4,8.4,Passed,7.2
SP2025,SP2025-class 16,21,1905AIJDAI,,9,8.2,8.4,Passed,8.1
SP2025,SP2025-class 16,22,1905AIJEGI,,6.5,3.4,5.8,Not Passed,8.3
SP2025,SP2025-class 16,23,1905AIJEHI,,10,5,7.1,Passed,6.8
SP2025,SP2025-class 16,24,1905AIJEBH,,9.9,8.4,8.8,Passed,8.2
SP2025,SP2025-class 16,25,1905AIJCHC,,10,7.4,8.3,Passed,7.7
SP2025,SP2025-class 16,26,1905AIJCFD,,8.9,7.4,7.9,Passed,7.3
SP2025,SP2025-class 16,27,1905AIJEBI,,10,7.6,8.4,Passed,8
SP2025,SP2025-class 16,28,1905AIJEHC,,5.7,9.8,7.9,Passed,7.5
SP2025,SP2025-class 16,29,1905AIJCHG,,8.9,8.4,8.4,Passed,7.8
SP2025,SP2025-class 16,30,1905AIJCII,,10,7.2,8.4,Passed,8.3
SP2025,SP2025-class 16,31,1905AIJECE,,9.5,7.2,8.1,Passed,7.9
SP2025,SP2025-class 16,32,1905AIFDGI,,8,4.4,6.7,Passed,8.3
SP2025,SP2025-class 17,1,1905AIFDBD,,6,8.8,8.1,Passed,9.1
SP2025,SP2025-class 17,2,1905AIJFHH,,5,7.2,7,Passed,8.8
SP2025,SP2025-class 17,3,1905AIJFCJ,,6,6.8,7.2,Passed,8.8
SP2025,SP2025-class 17,4,1905AIJFGC,,2.5,7,6.1,Passed,8.6
SP2025,SP2025-class 17,5,1905AIJGAD,,4,8.2,7.1,Passed,8.9
SP2025,SP2025-class 17,6,1905AIJFGE,,5,8,7.1,Passed,7.8
SP2025,SP2025-class 17,7,1905AIJFHD,,2.5,7.2,6.3,Passed,8.8
SP2025,SP2025-class 17,8,1905AIJFDE,,4.5,5,5.9,Passed,8.6
SP2025,SP2025-class 17,9,1905AIJHHC,,4.5,7.4,6.9,Passed,8.7
SP2025,SP2025-class 17,10,1905AIJFIE,,4.5,7.8,7.1,Passed,8.7
SP2025,SP2025-class 17,11,1905AGJCHB,,4.5,8,6.7,Passed,7.1
SP2025,SP2025-class 17,12,1905AIJFCD,,4.5,2.8,4.8,Not Passed,7.8
SP2025,SP2025-class 17,13,1905AIJGCA,,9,9,9.2,Passed,9.8
SP2025,SP2025-class 17,14,1905AIJGGJ,,6,6,6.5,Passed,7.8
SP2025,SP2025-class 17,15,1919AIJCJG,,0,0,0.5,Attendance Fail,1.7
SP2025,SP2025-class 17,16,1905AIFGBJ,,6.5,7.6,7.6,Passed,8.9
SP2025,SP2025-class 17,17,1905AIJFCE,,6,7.4,7.2,Passed,8.1
SP2025,SP2025-class 17,18,1905AIJFGD,,2.5,0,1.9,Attendance Fail,3.8
SP2025,SP2025-class 17,19,1905AIJFBD,,4,6.6,6.5,Passed,8.9
SP2025,SP2025-class 17,20,1905AIJGFJ,,2.5,6.8,6.3,Passed,9.4
SP2025,SP2025-class 17,21,1905AIJFEG,,4.5,7,6.6,Passed,8.3
SP2025,SP2025-class 17,22,1905AICBFH,,2,0,1.8,Attendance Fail,4.1
SP2025,SP2025-class 17,23,1905AIDIAC,,5.5,4.2,6,Passed,8.9
SP2025,SP2025-class 17,24,1905AIJGED,,6.5,6.4,7,Passed,8.2
SP2025,SP2025-class 17,25,1905AIJGEA,,5,8.4,7.7,Passed,9.4
SP2025,SP2025-class 17,26,1905AIJGBB,,7,8,8,Passed,8.9
SP2025,SP2025-class 17,27,1905AIJGEE,,4.5,8.2,7.5,Passed,9.5
SP2025,SP2025-class 17,28,1905AIJFFB,,5,7,6.7,Passed,8.1
SP2025,SP2025-class 17,29,1905AIJGEG,,4.5,5,5.9,Passed,8.4
SP2025,SP2025-class 17,30,1905AIJFIF,,4,8,7,Passed,8.6
SP2025,SP2025-class 17,31,1905AIJFFI,,2,0,2.5,Not Passed,6.3
SP2025,SP2025-class 18,1,1905AHCFBB,,5.5,7.4,7.6,Passed,10
SP2025,SP2025-class 18,2,1905AIJEIC,,7.9,6,7.7,Passed,9.7
SP2025,SP2025-class 18,3,1905AIJGHF,,8.1,8,8.6,Passed,10
SP2025,SP2025-class 18,4,1905AIJHBB,,8.4,7.8,8.5,Passed,9.7
SP2025,SP2025-class 18,5,1905AIJHHB,,8.6,6.6,8.2,Passed,10
SP2025,SP2025-class 18,6,1905AIJHCJ,,8.3,8.6,8.9,Passed,10
SP2025,SP2025-class 18,7,1905AIJHIF,,8.4,6.6,7.5,Passed,7.9
SP2025,SP2025-class 18,8,1905AIJGHJ,,8.9,6.8,7.8,Passed,7.9
SP2025,SP2025-class 18,9,1905AIJHAJ,,6.6,9.4,8.1,Passed,8
SP2025,SP2025-class 18,10,1905AIJHHF,,8,8,8.5,Passed,9.6
SP2025,SP2025-class 18,11,1905AIJIAH,,0,0,0,Attendance Fail,0
SP2025,SP2025-class 18,12,1919AHJGIG,,7.5,4.6,6.5,Passed,7.9
SP2025,SP2025-class 18,13,1905AIJIAJ,,3,3.6,4.7,Not Passed,8
SP2025,SP2025-class 18,14,1905AIJHJH,,8.4,8,8.7,Passed,10
SP2025,SP2025-class 18,15,1905AIJHJD,,6.9,5.6,7.2,Passed,9.7
SP2025,SP2025-class 18,16,1905AIDJFF,,8.1,6.4,7.4,Passed,8
SP2025,SP2025-class 18,17,1905AIJGII,,8.3,7.8,8.5,Passed,9.7
SP2025,SP2025-class 18,18,1905BJEJFC,,8.6,4.8,7.5,Passed,10
SP2025,SP2025-class 18,19,1905AICDDD,,8.5,6,7.4,Passed,8
SP2025,SP2025-class 18,20,1905AIJHCC,,8.3,7.4,8.4,Passed,10
SP2025,SP2025-class 18,21,1905AIJIAF,,8.4,7.8,8.5,Passed,9.6
SP2025,SP2025-class 18,22,1905AIJIAD,,8.3,2.6,6.4,Not Passed,9.7
SP2025,SP2025-class 18,23,1905AGCEDB,,5.3,4.6,5.8,Passed,7.9
SP2025,SP2025-class 18,24,1905AIJHFG,,8.9,7.4,8,Passed,7.9
SP2025,SP2025-class 18,25,1905BJDGCG,,8.3,8,8.1,Passed,8
SP2025,SP2025-class 18,26,1905AIJHJJ,,9,4.2,6.8,Passed,7.9
SP2025,SP2025-class 18,27,1905AIJFDG,,6.4,3.6,5.7,Not Passed,7.9
SP2025,SP2025-class 18,28,1905AIJHJE,,6.4,2.8,5.9,Not Passed,9.7
SP2025,SP2025-class 18,29,1905AIJHFA,,9,6,8,Passed,9.6
SP2025,SP2025-class 18,30,1905AIJHGJ,,8.9,7.2,8.5,Passed,10
SP2025,SP2025-class 18,31,1905AIBFHG,,8.1,4.4,6.6,Passed,8
SP2025,SP2025-class 18,32,1905AIJHFD,,8.9,6.4,8.1,Passed,9.7
SP2025,SP2025-class 18,33,1905AIJHGC,,8.3,4.2,7.1,Passed,9.7
SP2025,SP2025-class 18,34,1905AGJCEJ,,0,0,0,Attendance Fail,0
SP2025,SP2025-class 18,35,1905AIJHDE,,8.3,7.4,7.8,Passed,7.9
SP2025,SP2025-class 19,1,1905AIJIFJ,,9,5.8,7.7,Passed,9
SP2025,SP2025-class 19,2,1905BJDEIA,,9,0,4.1,Not Passed,4.5
SP2025,SP2025-class 19,3,1905AIAJCE,,8.5,7.8,8.4,Passed,9
SP2025,SP2025-class 19,4,1905AIAJBF,,5.5,0,2.3,Not Passed,2.3
SP2025,SP2025-class 19,5,1905AIJIFD,,8.5,7,8.1,Passed,9
SP2025,SP2025-class 19,6,1905AIJICG,,9,6.8,8.1,Passed,9
SP2025,SP2025-class 19,7,1905AICCAF,,8,6.4,7.5,Passed,8.5
SP2025,SP2025-class 19,8,1905AIAJCA,,8.5,5.6,7.5,Passed,9
SP2025,SP2025-class 19,9,1905AIJIED,,9,6.6,8,Passed,9
SP2025,SP2025-class 19,10,1905AIAJCG,,8.5,5.8,6.2,Passed,4.5
SP2025,SP2025-class 19,11,1905AIAJAG,,5.5,6.4,5.6,Passed,4.5
SP2025,SP2025-class 19,12,1905AIAJIB,,9,7.6,8.4,Passed,9
SP2025,SP2025-class 19,13,1905AIJIDH,,9,7.8,8.5,Passed,9
SP2025,SP2025-class 19,14,1905AIDJAA,,8,6.4,7.7,Passed,9
SP2025,SP2025-class 19,15,1905AIFHEF,,4.5,7.2,6.3,Passed,6.8
SP2025,SP2025-class 19,16,1905AIAJJD,,8,8.8,7.3,Passed,4.5
SP2025,SP2025-class 19,17,1905AIJIFH,,8,7,6.9,Passed,5.8
SP2025,SP2025-class 19,18,1905AIAJHF,,2,0,2.6,Attendance Fail,6.8
SP2025,SP2025-class 19,19,1905AIJICF,,9,8.4,8.8,Passed,9
SP2025,SP2025-class 19,20,1905AICIJJ,,9,7.4,8.4,Passed,9
SP2025,SP2025-class 19,21,1905AIAJJC,,9,6,7.8,Passed,9
SP2025,SP2025-class 19,22,1905AIAJBA,,9,7.4,8.4,Passed,9
SP2025,SP2025-class 19,23,1905AIBAIB,,9,7,8.2,Passed,9
SP2025,SP2025-class 19,24,1905AIAJHJ,,9,7,8.2,Passed,9
SP2025,SP2025-class 19,25,1905AIJIEI,,8.5,6.8,8,Passed,9
SP2025,SP2025-class 19,26,1905AIJIBC,,9,6.6,8,Passed,9
SP2025,SP2025-class 19,27,1905AIJIDG,,5.5,0,3.7,Not Passed,6.8
SP2025,SP2025-class 19,28,1905AIAJAA,,9,6.6,8,Passed,9
SP2025,SP2025-class 19,29,1905AIAJGB,,9,7.2,8.3,Passed,9
SP2025,SP2025-class 20,1,1905AIAAJE,,7.5,7.6,8.1,Passed,9.5
SP2025,SP2025-class 20,2,1905AIBJED,,8.5,8.6,9,Passed,9.9
SP2025,SP2025-class 20,3,1905AICBCD,,7.5,7,7.6,Passed,8.6
SP2025,SP2025-class 20,4,1905AIAJIF,,7.5,8,8.3,Passed,9.4
SP2025,SP2025-class 20,5,1905AIAACE,,6,3.6,5.8,Not Passed,8.6
SP2025,SP2025-class 20,6,1905AIBADB,,6.3,6.4,7.2,Passed,9.3
SP2025,SP2025-class 20,7,1905AIBJIJ,,7.5,2.4,6.1,Not Passed,9.5
SP2025,SP2025-class 20,8,1905AGBCCC,,0,0,0,Attendance Fail,0
SP2025,SP2025-class 20,9,1905AIAABJ,,7.3,7,8,Passed,10
SP2025,SP2025-class 20,10,1905AIDJCJ,,8.5,7.2,8.4,Passed,9.8
SP2025,SP2025-class 20,11,1905AIBAAI,,7.5,6.4,7.6,Passed,9.4
SP2025,SP2025-class 20,12,1901AIDJJD,,0,0,0.7,Attendance Fail,2.4
SP2025,SP2025-class 20,13,1905AIAAAF,,8,7.4,8.2,Passed,9.5
SP2025,SP2025-class 20,14,1905AIBJDA,,6.8,6,7,Passed,8.5
SP2025,SP2025-class 20,15,1905AIBADF,,0,0,0,Attendance Fail,0
SP2025,SP2025-class 20,16,1905AIAAJG,,6.5,6.2,7.2,Passed,9.1
SP2025,SP2025-class 20,17,1905AIJIJG,,7,9.4,8.7,Passed,9.4
SP2025,SP2025-class 20,18,1905AIBJDE,,7.3,7.4,8.1,Passed,9.9
SP2025,SP2025-class 20,19,1905AIJFAI,,8,8.2,8.7,Passed,10
SP2025,SP2025-class 20,20,1905AIAAJB,,8,6.4,7.9,Passed,9.9
SP2025,SP2025-class 20,21,1905AIBJCJ,,6.8,5.4,7,Passed,9.4
SP2025,SP2025-class 20,22,1905AIBJJI,,8,8.2,8.6,Passed,9.6
SP2025,SP2025-class 20,23,1905AIBJBH,,6,7.4,7.6,Passed,9.4
SP2025,SP2025-class 20,24,1905AICBGA,,6.5,7.6,7.5,Passed,8.3
SP2025,SP2025-class 20,25,1905AIFCAI,,7.8,7.8,8.4,Passed,9.8
SP2025,SP2025-class 20,26,1905AIBJGA,,6.3,0,4.3,Attendance Fail,8
SP2025,SP2025-class 20,27,1905AIAABD,,6.5,7.4,7.8,Passed,9.8
SP2025,SP2025-class 20,28,1905AICECJ,,6.5,6.8,7.6,Passed,9.9
SP2025,SP2025-class 20,29,1905AIBJHB,,6.5,8.8,8.3,Passed,9.5
SP2025,SP2025-class 20,30,1905AIJCAI,,6.5,0,4.5,Attendance Fail,8.5
SP2025,SP2025-class 20,31,1905AIBJFD,,6.5,5.2,6.7,Passed,8.8
SP2025,SP2025-class 20,32,1905AIBJCD,,7.8,8.4,8.7,Passed,10
SP2025,SP2025-class 20,33,1905AIBCHC,,7,7,7.8,Passed,9.6
SP2025,SP2025-class 21,1,1905AIDBFH,,9.3,7.8,8.5,Passed,8.6
SP2025,SP2025-class 21,2,1905AIBCDJ,,6.6,7.4,7.7,Passed,9.2
SP2025,SP2025-class 21,3,1905AIBCDI,,9.4,5,6.5,Passed,5.6
SP2025,SP2025-class 21,4,1905AIBDJD,,8.3,6.8,8.2,Passed,9.9
SP2025,SP2025-class 21,5,1905AIBAFA,,7.9,8.2,8.2,Passed,8.6
SP2025,SP2025-class 21,6,1905AIBHJF,,6.5,5.4,7.1,Passed,10
SP2025,SP2025-class 21,7,1905AIJABH,,8.7,6,7.6,Passed,8.8
SP2025,SP2025-class 21,8,1905AIBDJA,,9.3,7.2,8.4,Passed,9.2
SP2025,SP2025-class 21,9,1905AICFDC,,9.1,7.6,8.6,Passed,9.4
SP2025,SP2025-class 21,10,1905AIBBHI,,7.9,4.2,6.5,Passed,8.1
SP2025,SP2025-class 21,11,1905AIFDCA,,5.7,6.2,6.8,Passed,8.9
SP2025,SP2025-class 21,12,1905AIBCFD,,7.8,5.4,6.9,Passed,7.9
SP2025,SP2025-class 21,13,1905AIBCGE,,8.6,7.2,7.9,Passed,8.1
SP2025,SP2025-class 21,14,1905AIBCBI,,2.1,0,2.5,Not Passed,6.3
SP2025,SP2025-class 21,15,1905AIBCFC,,6.8,7.6,7.6,Passed,8.4
SP2025,SP2025-class 21,16,1905AICFBJ,,1,0,1.8,Not Passed,5
SP2025,SP2025-class 21,17,1905AIDCIH,,9.1,7.6,8.8,Passed,10
SP2025,SP2025-class 21,18,1905AIBIEG,,9.4,7.8,8.8,Passed,9.4
SP2025,SP2025-class 21,19,1905AIBBGC,,9.4,6.6,7.4,Passed,6.4
SP2025,SP2025-class 21,20,1905AICCCE,,9.3,7,8.1,Passed,8.4
SP2025,SP2025-class 21,21,1905AIBCDA,,6.6,7,6.8,Passed,6.9
SP2025,SP2025-class 21,22,1905AIJIDJ,,6.7,4.8,6.1,Passed,7.3
SP2025,SP2025-class 21,23,1905BJJDFD,,8.6,8.6,9,Passed,9.9
SP2025,SP2025-class 21,24,0305AIJGED,,9.3,8.6,9.2,Passed,10
SP2025,SP2025-class 21,25,1905AIBCBF,,7.4,8.2,8.5,Passed,9.9
SP2025,SP2025-class 21,26,1905AIJBHG,,8.9,8.2,8.7,Passed,9.4
SP2025,SP2025-class 21,27,1905AIBCHD,,9.4,7.4,8.8,Passed,10
SP2025,SP2025-class 21,28,1905AIBBBE,,9,7.6,8.1,Passed,7.8
SP2025,SP2025-class 21,29,1905AIBCIA,,3.7,4.8,5.5,Passed,8.1
SP2025,SP2025-class 21,30,1905AIBDAD,,8.4,3.2,6.8,Not Passed,10
SP2025,SP2025-class 21,31,1905AIBBEC,,9.1,7.2,8.4,Passed,9.1
SP2025,SP2025-class 21,32,1905AIBBDI,,8.4,7.6,8.6,Passed,9.9
SP2025,SP2025-class 21,33,1905AICJAG,,9.4,8,9,Passed,9.8
SP2025,SP2025-class 21,34,1905AIJIBJ,,7.3,6.8,7.4,Passed,8.4
SP2025,SP2025-class 21,35,1905AICHDG,,8.7,8.4,8.7,Passed,9.1
SP2025,SP2025-class 22,1,1905AIDDFG,,8.1,7,7.4,Passed,7.3
SP2025,SP2025-class 22,2,1905AIBDDE,,1,6.2,5.5,Passed,8.9
SP2025,SP2025-class 22,3,1905AIBDDJ,,8.9,7.4,8.4,Passed,9.1
SP2025,SP2025-class 22,4,1905AIBDBA,,8.2,7.4,8.1,Passed,8.9
SP2025,SP2025-class 22,5,1905AIBEHB,,7,7.2,7.1,Passed,7.1
SP2025,SP2025-class 22,6,1905AIBEHA,,8.4,6.6,7.6,Passed,8.3
SP2025,SP2025-class 22,7,1905AIBFAD,,8,8,8.3,Passed,9.1
SP2025,SP2025-class 22,8,1905AIBDGD,,6.5,7.2,6.5,Passed,5.7
SP2025,SP2025-class 22,9,1905AIBDID,,10,7.6,8.1,Passed,6.9
SP2025,SP2025-class 22,10,1905AIDHFJ,,8,6.2,7.5,Passed,8.7
SP2025,SP2025-class 22,11,1905AIBEIG,,8,7.8,7.9,Passed,7.9
SP2025,SP2025-class 22,12,1905AICBEG,,8.1,4.2,6.4,Passed,7.7
SP2025,SP2025-class 22,13,1905AIBDIG,,8.8,5,7.2,Passed,8.5
SP2025,SP2025-class 22,14,1905AIBDBH,,4.8,8.2,6.8,Passed,6.9
SP2025,SP2025-class 22,15,1905AIBDGJ,,7.9,6.2,7.5,Passed,8.6
SP2025,SP2025-class 22,16,1905AIDEJF,,0,0,0,Attendance Fail,0
SP2025,SP2025-class 22,17,1905AIFGJB,,8.4,5.6,7.5,Passed,9.1
SP2025,SP2025-class 22,18,1905AIBEHE,,8.9,7.4,8.3,Passed,8.9
SP2025,SP2025-class 22,19,1905AIBDHB,,8.9,5.4,7.4,Passed,8.6
SP2025,SP2025-class 22,20,1905AIJIAC,,8,7.2,8.2,Passed,9.6
SP2025,SP2025-class 22,21,1905AIBFHJ,,7.6,7,7.5,Passed,8.2
SP2025,SP2025-class 22,22,1905AICIEA,,8.1,4.8,6.6,Passed,7.6
SP2025,SP2025-class 22,23,1905AIBFIC,,5.2,3.8,5.5,Not Passed,8
SP2025,SP2025-class 22,24,1905AIFFGF,,9.5,7,8.5,Passed,9.5
SP2025,SP2025-class 22,25,1905AIBFID,,8.5,0,3.9,Attendance Fail,4.6
SP2025,SP2025-class 22,26,1905AIBFHH,,8.1,6.6,7.3,Passed,7.4
SP2025,SP2025-class 22,27,1905AICBHB,,4.1,6.4,6.5,Passed,9.1
SP2025,SP2025-class 22,28,1905AIBFEA,,9.5,6.6,8.2,Passed,8.9
SP2025,SP2025-class 22,29,1905AIBEDA,,0,0,1.1,Attendance Fail,3.6
SP2025,SP2025-class 22,30,1905AIBDCD,,9.5,8.8,9,Passed,8.8
SP2025,SP2025-class 22,31,1905BJCAIH,,8.5,7,7.9,Passed,8.5
SP2025,SP2025-class 22,32,1905AIBFEI,,9.5,8.2,8,Passed,6.1
SP2025,SP2025-class 22,33,1905AIBEEJ,,4.5,0,3.3,Attendance Fail,6.6
SP2025,SP2025-class 22,34,1905AIBEBB,,9.4,8,8.7,Passed,8.8
SP2025,SP2025-class 23,1,1905AHJBFH,,0,0,0,Attendance Fail,0
SP2025,SP2025-class 23,2,1905AIBHBH,,9,5.4,7.6,Passed,9
SP2025,SP2025-class 23,3,1905AIBHDC,,9,7.2,8.3,Passed,9
SP2025,SP2025-class 23,4,1905AHJDCG,,0,0,0,Not Passed,0
SP2025,SP2025-class 23,5,1905AIBICD,,9,0,4.4,Attendance Fail,5.5
SP2025,SP2025-class 23,6,1905AIBHFE,,8.5,6.6,7.9,Passed,9
SP2025,SP2025-class 23,7,1905AIBHGC,,8.5,9,8.9,Passed,9
SP2025,SP2025-class 23,8,1905AIBGHH,,2,5.2,4.7,Not Passed,6.8
SP2025,SP2025-class 23,9,1905AIBIJG,,9,7.4,8,Passed,7.8
SP2025,SP2025-class 23,10,1905BJAIIJ,,0,6.6,2.6,Not Passed,0
SP2025,SP2025-class 23,11,1905AIBGFB,,9,5.6,7.3,Passed,7.8
SP2025,SP2025-class 23,12,1905AIBHBI,,9,8,8.6,Passed,9
SP2025,SP2025-class 23,13,1905AIBHEA,,9,7.8,7.2,Passed,4.5
SP2025,SP2025-class 23,14,1905AIBHHF,,9,6.8,7.7,Passed,7.8
SP2025,SP2025-class 23,15,1905AHCEII,,0,6.6,2.6,Not Passed,0
SP2025,SP2025-class 23,16,1905AHBFDJ,,2,0,0.6,Attendance Fail,0
SP2025,SP2025-class 23,17,1905AIBGJJ,,9,7.4,8.1,Passed,8.3
SP2025,SP2025-class 23,18,1905AIBGJH,,9,7.6,8.4,Passed,9
SP2025,SP2025-class 23,19,1905AIBIJB,,9,8.6,8.5,Passed,7.8
SP2025,SP2025-class 23,20,1905AIBHHI,,5.5,6.2,6.8,Passed,9
SP2025,SP2025-class 23,21,1905AIBIBB,,9,9.6,9.2,Passed,9
SP2025,SP2025-class 23,22,1905AIBIAG,,8.5,5.2,7.3,Passed,9
SP2025,SP2025-class 23,23,1905AIBHJJ,,9,7.6,8.4,Passed,9
SP2025,SP2025-class 23,24,1905AIBFGE,,9,4.6,7.2,Passed,9
SP2025,SP2025-class 23,25,1905AHJCGC,,9,6,7.1,Passed,6.8
SP2025,SP2025-class 23,26,1905AIBIDI,,0,0,0,Attendance Fail,0
SP2025,SP2025-class 23,27,1905AGAAHJ,,9,5.2,7.5,Passed,9
SP2025,SP2025-class 23,28,1905AIBHDD,,9,7.8,7.8,Passed,6.8
SP2025,SP2025-class 23,29,1905AIBGAB,,9,5.4,7.2,Passed,7.8
SP2025,SP2025-class 23,30,1905AIBIEA,,9,9.6,8.9,Passed,7.8
SP2025,SP2025-class 23,31,1905AIBHFI,,9,7.4,7,Passed,4.5
SP2025,SP2025-class 23,32,1905AIBGIC,,9,7.2,8.3,Passed,9
SP2025,SP2025-class 23,33,1905AIBHED,,9,8,8.6,Passed,9
SP2025,SP2025-class 23,34,1905AIBHHG,,9,7.2,6.3,Passed,2.3
SP2025,SP2025-class 24,1,1905AIBEHG,,7.6,7,7.7,Passed,8.7
SP2025,SP2025-class 24,2,1905AICJFF,,4,5.2,5,Passed,5.9
SP2025,SP2025-class 24,3,1905AICJDC,,0,0,0.2,Attendance Fail,0.6
SP2025,SP2025-class 24,4,1905AIJFFD,,3.7,0,2.7,Attendance Fail,5.2
SP2025,SP2025-class 24,5,1905AIBECD,,9.4,8,9,Passed,9.9
SP2025,SP2025-class 24,6,1905AHEAAC,,4.9,2.6,4.1,Not Passed,5.3
SP2025,SP2025-class 24,7,1905AIBIHD,,9.4,5.4,7.6,Passed,8.8
SP2025,SP2025-class 24,8,1905AIFFCF,,7.4,7.4,7.7,Passed,8.4
SP2025,SP2025-class 24,9,1905AICJHF,,9.3,5.8,7.9,Passed,9.4
SP2025,SP2025-class 24,10,1905AICJGJ,,7.8,7.2,8,Passed,9.3
SP2025,SP2025-class 24,11,1905AICAED,,9.1,5.4,7.5,Passed,8.8
SP2025,SP2025-class 24,12,1905AICABA,,8.4,8,8.7,Passed,10
SP2025,SP2025-class 24,13,1905AGCFBE,,4.5,4.2,4.2,Not Passed,3.8
SP2025,SP2025-class 24,14,1905AICJAH,,8.4,8,8.5,Passed,9.4
SP2025,SP2025-class 24,15,1905AICJCF,,9.4,4,7,Passed,8.6
SP2025,SP2025-class 24,16,1905AICAGI,,8.1,7,7,Passed,6
SP2025,SP2025-class 24,17,1905AIBIHH,,8.6,8.4,8.9,Passed,9.9
SP2025,SP2025-class 24,18,1905AIBIFE,,9.7,6.8,8.1,Passed,8.1
SP2025,SP2025-class 24,19,1905AICJFB,,8.8,6.6,8.3,Passed,10
SP2025,SP2025-class 24,20,1905AICJIE,,6.1,8.2,7.2,Passed,7.1
SP2025,SP2025-class 24,21,0405AGJEFB,,3.8,1.2,2.9,Not Passed,4.1
SP2025,SP2025-class 24,22,1905ACJGGA,,6.6,0,3.8,Not Passed,6.3
SP2025,SP2025-class 24,23,1905AIFBCA,,8.3,6,7.6,Passed,9.2
SP2025,SP2025-class 24,24,1905AICAJG,,8.9,8.4,9,Passed,10
SP2025,SP2025-class 24,25,1905AICJGB,,4.7,0,3.1,Attendance Fail,5.6
SP2025,SP2025-class 24,26,1905AICAAH,,9.4,8.2,9.1,Passed,10
SP2025,SP2025-class 24,27,1905AIJCGE,,6.7,6,6.5,Passed,7
SP2025,SP2025-class 24,28,1905AICJCJ,,6.2,6.6,6.1,Passed,5.2
SP2025,SP2025-class 24,29,1905AICAAG,,9.2,8,8.1,Passed,7
SP2025,SP2025-class 24,30,1905AHCBDF,,6.5,8.6,7.3,Passed,6.4
SP2025,SP2025-class 24,31,1905AICADD,,5.4,3.8,5.3,Not Passed,7.1
SP2025,SP2025-class 24,32,1905AIBIFC,,9.1,8,8.9,Passed,10
SP2025,SP2025-class 24,33,1905AHBAHF,,8.8,2.6,5.6,Not Passed,6.3
SP2025,SP2025-class 24,34,1905AICJEC,,9.2,6.8,8.2,Passed,8.9
SP2025,SP2025-class 25,1,1905AICCHD,,7.3,7.2,7.9,Passed,9.4
SP2025,SP2025-class 25,2,1905AICBHG,,6,3.2,5,Not Passed,6.5
SP2025,SP2025-class 25,3,1905AIBBAC,,7.5,9.2,8.6,Passed,8.9
SP2025,SP2025-class 25,4,1905AIDAAC,,0,0,0,Attendance Fail,0
SP2025,SP2025-class 25,5,1905AHBDDJ,,6.5,4.4,6.1,Passed,8
SP2025,SP2025-class 25,6,1905AICCED,,6.8,6.8,7.6,Passed,9.6
SP2025,SP2025-class 25,7,1905AICCJI,,6.8,5.6,6.6,Passed,7.6
SP2025,SP2025-class 25,8,1905AICBDI,,6.5,6.4,7.5,Passed,9.9
SP2025,SP2025-class 25,9,1905AHEJEB,,6.5,7,6.6,Passed,6.1
SP2025,SP2025-class 25,10,1905AICBEJ,,6,5.6,6.5,Passed,8.1
SP2025,SP2025-class 25,11,1905AHBIBD,,6,5.4,6.5,Passed,8.5
SP2025,SP2025-class 25,12,1905AICCEF,,6.8,1.6,4.9,Not Passed,7.4
SP2025,SP2025-class 25,13,1905AICCAA,,7.5,5,6.1,Passed,6.3
SP2025,SP2025-class 25,14,1905AHBJBI,,7.5,7.8,7.9,Passed,8.4
SP2025,SP2025-class 25,15,1905AICBHF,,7.5,8,8.1,Passed,8.9
SP2025,SP2025-class 25,16,1905AICCHI,,6,6.2,7.1,Passed,9.3
SP2025,SP2025-class 25,17,1905AICAHD,,6.3,7.8,7.8,Passed,9.4
SP2025,SP2025-class 25,18,1905AICBCB,,0,0,0.3,Attendance Fail,1.1
SP2025,SP2025-class 25,19,1905AICCFI,,6.3,5.4,6.4,Passed,7.8
SP2025,SP2025-class 25,20,1905AICBFE,,6.8,6,7.3,Passed,9.5
SP2025,SP2025-class 25,21,1905AGBIHC,,6.5,3.6,5.6,Not Passed,7.4
SP2025,SP2025-class 25,22,1905AICBEF,,6,7.2,7.5,Passed,9.4
SP2025,SP2025-class 25,23,1905AICAIG,,6,0,3.6,Attendance Fail,6.1
SP2025,SP2025-class 25,24,1905AICBGH,,6.8,7.4,7.7,Passed,9
SP2025,SP2025-class 25,25,1905AICCHE,,6.8,0,4.7,Not Passed,8.8
SP2025,SP2025-class 25,26,1905AHEJIG,,7,6.6,6.9,Passed,7.1
SP2025,SP2025-class 25,27,1905AICBIG,,7.5,8.4,8.2,Passed,8.6
SP2025,SP2025-class 25,28,1905AIDJBA,,7.5,6.6,7.7,Passed,9.5
SP2025,SP2025-class 25,29,1905AICDJH,,7,7.8,8.1,Passed,9.6
SP2025,SP2025-class 26,1,1905AICDCG,,9,7.8,8.8,Passed,9.9
SP2025,SP2025-class 26,2,1905AIFDFB,,8.1,4.6,6.7,Passed,8
SP2025,SP2025-class 26,3,1905AICDEJ,,7.8,3.6,6.5,Not Passed,9.1
SP2025,SP2025-class 26,4,1905AICEJJ,,8.1,5,7.4,Passed,9.8
SP2025,SP2025-class 26,5,1905AICEHI,,8.4,5.2,7.1,Passed,8.4
SP2025,SP2025-class 26,6,1905AICDBD,,0,0,0,Attendance Fail,0
SP2025,SP2025-class 26,7,1905AICEJF,,8.1,6.4,7.4,Passed,8
SP2025,SP2025-class 26,8,1905AICDFC,,8.1,5,7,Passed,8.6
SP2025,SP2025-class 26,9,1905AHJCGH,,8,6.8,7.7,Passed,8.5
SP2025,SP2025-class 26,10,1905AIAABH,,9.1,7.8,8.6,Passed,9.3
SP2025,SP2025-class 26,11,1905BJCIBB,,9.1,4.8,7.6,Passed,9.9
SP2025,SP2025-class 26,12,1905AICDBI,,8.2,4.2,6.8,Passed,8.9
SP2025,SP2025-class 26,13,1905AIDHCH,,8.1,0,4.8,Not Passed,7.9
SP2025,SP2025-class 26,14,1905BJECDH,,9.4,4.8,7.7,Passed,9.9
SP2025,SP2025-class 26,15,1905AICDGH,,8.3,6.8,7.7,Passed,8.3
SP2025,SP2025-class 26,16,1905AICEJE,,8.6,6.2,7.8,Passed,9
SP2025,SP2025-class 26,17,1905AICEJI,,3.2,0,0.9,Attendance Fail,0
SP2025,SP2025-class 26,18,1905AICDCB,,9.4,7.2,8.6,Passed,9.8
SP2025,SP2025-class 26,19,1905AIDBDG,,9.1,8,8.7,Passed,9.1
SP2025,SP2025-class 26,20,1905AIJIIG,,8,6.2,7.3,Passed,8
SP2025,SP2025-class 26,21,1905AIAJIC,,8.3,6.4,7.8,Passed,9.2
SP2025,SP2025-class 26,22,1905AICEDF,,8.4,7.4,8.1,Passed,8.7
SP2025,SP2025-class 26,23,1905AICEDI,,8.6,6.4,7.8,Passed,8.7
SP2025,SP2025-class 26,24,1905AICDIH,,8,0,4.7,Not Passed,7.7
SP2025,SP2025-class 26,25,1905AICECI,,8.8,4.6,7.3,Passed,9.4
SP2025,SP2025-class 26,26,1905AICDEI,,8.9,7.4,8.3,Passed,9.1
SP2025,SP2025-class 26,27,1905AIJIBB,,8.5,3.8,6.9,Not Passed,9.3
SP2025,SP2025-class 26,28,1905AICDEG,,9.4,8.8,9.1,Passed,9.3
SP2025,SP2025-class 26,29,1905AICECB,,8.8,4.4,6.9,Passed,8.5
SP2025,SP2025-class 26,30,1905AIBDCA,,8.4,5.2,7.1,Passed,8.3
SP2025,SP2025-class 26,31,1905AIDADF,,8.6,3.4,6.6,Not Passed,8.9
SP2025,SP2025-class 27,1,1905AICFDH,,9,8.2,9,Passed,9.9
SP2025,SP2025-class 27,2,1905AICHHB,,8.9,6.8,7.9,Passed,8.4
SP2025,SP2025-class 27,3,1905AICFDF,,5.5,2.2,5,Not Passed,8.3
SP2025,SP2025-class 27,4,1905AICFBB,,8.5,7.8,8.2,Passed,8.3
SP2025,SP2025-class 27,5,1905BJEJGJ,,7.7,6.2,7.3,Passed,8.4
SP2025,SP2025-class 27,6,1905AICFCG,,9,4.6,6.9,Passed,8
SP2025,SP2025-class 27,7,1905AICFEI,,8.5,8.2,8.3,Passed,8.3
SP2025,SP2025-class 27,8,1905AICFHB,,8.9,7.8,8.3,Passed,8.2
SP2025,SP2025-class 27,9,1905AICIAG,,8.5,6.4,7.6,Passed,8.4
SP2025,SP2025-class 27,10,1905AICFHH,,8.4,7.6,8,Passed,8.3
SP2025,SP2025-class 27,11,1905AICIAB,,9,7,8,Passed,8.4
SP2025,SP2025-class 27,12,1719AIJJJA,,6.6,4.6,6.3,Passed,8.4
SP2025,SP2025-class 27,13,1905AICHFD,,8.9,5.8,7.5,Passed,8.4
SP2025,SP2025-class 27,14,1905AIDJAJ,,5.9,3,5.5,Not Passed,8.4
SP2025,SP2025-class 27,15,1905AICEBJ,,8.6,5.6,7.3,Passed,8.3
SP2025,SP2025-class 27,16,1905AIDJJJ,,8.6,6.4,7.7,Passed,8.3
SP2025,SP2025-class 27,17,1905AICFHC,,0,0,0,Attendance Fail,0
SP2025,SP2025-class 27,18,1905AIJJIC,,6.8,8,8.2,Passed,10
SP2025,SP2025-class 27,19,1905AICGBD,,9,7,8.5,Passed,10
SP2025,SP2025-class 27,20,1905AICCBF,,8.9,0,5.2,Not Passed,8.4
SP2025,SP2025-class 27,21,1905AICIAC,,8.5,7.6,8.6,Passed,10
SP2025,SP2025-class 27,22,1905AICHJA,,9,0,5.7,Not Passed,10
SP2025,SP2025-class 27,23,1905AICGBJ,,9,5,7.2,Passed,8.3
SP2025,SP2025-class 27,24,1905AICGII,,9,5,7.7,Passed,9.9
SP2025,SP2025-class 27,25,1905AICFDE,,8.9,7.6,8.2,Passed,8.4
SP2025,SP2025-class 27,26,1905AICFIA,,8.5,5.8,7.4,Passed,8.4
SP2025,SP2025-class 27,27,1905AICGBE,,6.6,6.6,7.1,Passed,8.4
SP2025,SP2025-class 27,28,1905BJECEJ,,9,9.2,9.4,Passed,9.9
SP2025,SP2025-class 27,29,1919AIJEFF,,8.9,6,7.6,Passed,8.3
SP2025,SP2025-class 27,30,1905AICGAE,,8.9,8,8.8,Passed,9.9
SP2025,SP2025-class 27,31,1905AICGGF,,8.5,7.2,8.4,Passed,10
SP2025,SP2025-class 27,32,1905AICIJG,,8.9,4,6.8,Passed,8.4
SP2025,SP2025-class 27,33,1905AGJEJF,,8.9,6.2,7.7,Passed,8.3
SP2025,SP2025-class 27,34,1905AHJDJF,,0,0,0,Attendance Fail,0
SP2025,SP2025-class 27,35,1905AICFFA,,8.6,5.4,7.8,Passed,10
SP2025,SP2025-class 28,1,1905AICIBI,,10,7.4,8.2,Passed,7.4
SP2025,SP2025-class 28,2,1905AIJIAA,,7.5,8.2,7.8,Passed,7.5
SP2025,SP2025-class 28,3,1905AIBFAJ,,7.5,8,8.3,Passed,9.6
SP2025,SP2025-class 28,4,1905AIDFHA,,8,8.2,8.6,Passed,9.9
SP2025,SP2025-class 28,5,1905AIDAFH,,10,7.8,8.9,Passed,9.4
SP2025,SP2025-class 28,6,1905AIDJEE,,8,6.6,7.9,Passed,9.5
SP2025,SP2025-class 28,7,1905AICIIA,,7.5,6,7.5,Passed,9.4
SP2025,SP2025-class 28,8,1905AICHBH,,9.5,8.4,9.1,Passed,9.8
SP2025,SP2025-class 28,9,1901AGJAIA,,9.5,4,6.7,Passed,7.6
SP2025,SP2025-class 28,10,1905BJAJAA,,8,7.2,7.3,Passed,6.8
SP2025,SP2025-class 28,11,1905AICIDD,,7.8,7.2,8.1,Passed,9.8
SP2025,SP2025-class 28,12,1905AIDABH,,8.5,9.6,9.3,Passed,9.6
SP2025,SP2025-class 28,13,1905AIBCCC,,7.8,7,7.7,Passed,8.6
SP2025,SP2025-class 28,14,1905AIDJBJ,,8,4.8,6.5,Passed,7.1
SP2025,SP2025-class 28,15,1905AIDDJH,,7.5,6.8,7.7,Passed,9.3
SP2025,SP2025-class 28,16,1905AICJAJ,,7.5,7.2,8.1,Passed,9.8
SP2025,SP2025-class 28,17,1905AIDABI,,7.5,3,5.6,Not Passed,7
SP2025,SP2025-class 28,18,1905AICIHG,,8,7.2,7.6,Passed,7.9
SP2025,SP2025-class 28,19,1905AICBGC,,7.5,4.8,6,Passed,6.1
SP2025,SP2025-class 28,20,1905AIDAJA,,8,9.2,8.6,Passed,8.3
SP2025,SP2025-class 28,21,1905AICIID,,8,5.4,7.4,Passed,9.4
SP2025,SP2025-class 28,22,1905AIDJCF,,6,4.4,5.7,Passed,7
SP2025,SP2025-class 28,23,1919AICJBF,,6.5,9,8.1,Passed,8.6
SP2025,SP2025-class 28,24,1905AIDADD,,7.8,7.2,8.1,Passed,9.8
SP2025,SP2025-class 28,25,1905AICIHE,,7,5.2,6.5,Passed,7.6
SP2025,SP2025-class 28,26,1905AIDAFD,,6.8,7.6,7.9,Passed,9.4
SP2025,SP2025-class 28,27,1905AICICI,,8,4.6,6.3,Passed,6.8
SP2025,SP2025-class 28,28,1905AIJFAG,,7.8,9,8.8,Passed,9.6
SP2025,SP2025-class 28,29,1905AIBIIJ,,6.8,6.2,7.2,Passed,9.1
SP2025,SP2025-class 28,30,1905AIDJDG,,7.3,7.6,8,Passed,9.4
SP2025,SP2025-class 28,31,1905AHDABG,,7,8,7.4,Passed,7.1
SP2025,SP2025-class 28,32,1905AIDJCG,,7.3,8.2,8.4,Passed,9.9
SP2025,SP2025-class 28,33,0405AIAJJF,,7.5,7.2,7.6,Passed,8.4
SP2025,SP2025-class 29,1,1905AIDCGG,,9,7.4,8.6,Passed,9.7
SP2025,SP2025-class 29,2,1905AIDCFE,,5.8,6.8,6.9,Passed,8
SP2025,SP2025-class 29,3,1905AIDCGA,,8.9,8.2,9,Passed,10
SP2025,SP2025-class 29,4,1905AIDBCE,,8.9,7.4,8.6,Passed,9.8
SP2025,SP2025-class 29,5,1905AIDCBJ,,9,5.6,7.9,Passed,10
SP2025,SP2025-class 29,6,1905AHCFCC,,2.3,1.6,3.7,Not Passed,8.1
SP2025,SP2025-class 29,7,1905AIDAIA,,8.6,4.4,6.7,Passed,8.1
SP2025,SP2025-class 29,8,1905AIDCCG,,8.9,6.4,7.7,Passed,8
SP2025,SP2025-class 29,9,1905AIDBAE,,8.8,7.4,8,Passed,8.1
SP2025,SP2025-class 29,10,1905AIDBIB,,8.8,6,7.5,Passed,8.1
SP2025,SP2025-class 29,11,1905AIDAHH,,8.6,8,8.7,Passed,9.8
SP2025,SP2025-class 29,12,1905AIDEFG,,9,8.2,9,Passed,10
SP2025,SP2025-class 29,13,1905AIDDJI,,9,6.6,8.3,Passed,10
SP2025,SP2025-class 29,14,1905AICCGG,,0,0,0,Attendance Fail,0
SP2025,SP2025-class 29,15,1905AIDCJI,,8.5,6.8,8.2,Passed,9.7
SP2025,SP2025-class 29,16,1905AHCCDD,,0,0,0,Attendance Fail,0
SP2025,SP2025-class 29,17,1905AIDJAF,,8.9,7.4,8.5,Passed,9.7
SP2025,SP2025-class 29,18,1905AIDCDA,,9,6.8,7.8,Passed,8
SP2025,SP2025-class 29,19,1905BJDIGA,,8.9,7.6,8.6,Passed,9.7
SP2025,SP2025-class 29,20,1905AIDBCG,,9,5.4,7.2,Passed,7.9
SP2025,SP2025-class 29,21,1905AIDBCB,,9,6.4,7.7,Passed,8
SP2025,SP2025-class 29,22,1905AGBHGC,,8.9,6.6,8.2,Passed,9.8
SP2025,SP2025-class 29,23,1905AIBBAJ,,8.6,6.8,8.2,Passed,9.7
SP2025,SP2025-class 29,24,1905AIDBIA,,8.9,8.2,9,Passed,10
SP2025,SP2025-class 29,25,1905AIDAID,,0,0,0,Attendance Fail,0
SP2025,SP2025-class 29,26,1905AIDBGC,,9,7.4,8.1,Passed,8.1
SP2025,SP2025-class 29,27,1905AICDHB,,8.1,6.6,8,Passed,9.8
SP2025,SP2025-class 29,28,1905AIDBJH,,6.6,3,5.6,Not Passed,8
SP2025,SP2025-class 29,29,1905AIDCBD,,8.6,7.8,8.6,Passed,9.7
SP2025,SP2025-class 29,30,1905AIDCDJ,,8.8,8,8.8,Passed,10
SP2025,SP2025-class 29,31,1905AIDCHG,,8.8,6.4,7.6,Passed,7.9
SP2025,SP2025-class 29,32,1905AIDDAF,,8.6,5,7.5,Passed,9.7
SP2025,SP2025-class 29,33,1905AICEGF,,8.9,8.2,9,Passed,10
SP2025,SP2025-class 29,34,1905AIDCEH,,8.5,6.8,7.6,Passed,7.9
SP2025,SP2025-class 29,35,1905AIDBHC,,9,4.2,6.8,Passed,8.1
SP2025,SP2025-class 30,1,1905AIDEIA,,4.1,2.8,3.5,Not Passed,3.8
SP2025,SP2025-class 30,2,1905AIJHGA,,7.7,8.6,8.3,Passed,8.6
SP2025,SP2025-class 30,3,1905AIFFIB,,6.4,7.4,7.4,Passed,8.3
SP2025,SP2025-class 30,4,1905AICGGA,,8.3,6.8,7.3,Passed,6.8
SP2025,SP2025-class 30,5,1905AIDFCG,,8.6,8.6,9,Passed,9.9
SP2025,SP2025-class 30,6,1905AIDEHB,,7.3,5.6,7.1,Passed,9
SP2025,SP2025-class 30,7,1905AIDFFC,,8.4,6.2,7.7,Passed,9
SP2025,SP2025-class 30,8,1905AIDAAG,,6.8,8,7.5,Passed,7.5
SP2025,SP2025-class 30,9,1905AICEDD,,9.4,7.2,8.7,Passed,10
SP2025,SP2025-class 30,10,1905AIDGJF,,6.5,6.6,7,Passed,7.9
SP2025,SP2025-class 30,11,1905AICBJI,,6.1,7.6,6.9,Passed,6.9
SP2025,SP2025-class 30,12,1905AIDGCA,,7.9,6.8,7.9,Passed,9.4
SP2025,SP2025-class 30,13,1905AIDEBD,,8.6,7.2,8.2,Passed,9.1
SP2025,SP2025-class 30,14,1905AICJDF,,4,5.8,5.3,Passed,6.1
SP2025,SP2025-class 30,15,1905AICFBA,,8.6,6.4,6.6,Passed,4.9
SP2025,SP2025-class 30,16,1905AIDFCE,,7.1,5.4,6.9,Passed,8.7
SP2025,SP2025-class 30,17,1905AGAIHF,,7.5,6.6,7.5,Passed,8.6
SP2025,SP2025-class 30,18,1905AIDFEF,,4.8,7.2,6.4,Passed,7
SP2025,SP2025-class 30,19,1905AIDGBE,,6.8,6,6.7,Passed,7.5
SP2025,SP2025-class 30,20,1905AICBEE,,8.4,7.2,7.4,Passed,6.6
SP2025,SP2025-class 30,21,1905AIDFHF,,4.1,7.2,6.3,Passed,7.4
SP2025,SP2025-class 30,22,1905AIDDHF,,8.8,7.8,8.6,Passed,9.4
SP2025,SP2025-class 30,23,1905AIDEIF,,9.3,7.2,8.2,Passed,8.5
SP2025,SP2025-class 30,24,1905AIDFHE,,9,7.8,8.8,Passed,9.9
SP2025,SP2025-class 30,25,1905AIDEDJ,,9.1,8.6,9.2,Passed,10
SP2025,SP2025-class 30,26,1905AIDDCJ,,3.9,0,2.5,Attendance Fail,4.5
SP2025,SP2025-class 30,27,1905AIDGCD,,6.9,6.2,6.8,Passed,7.4
SP2025,SP2025-class 30,28,1905AHDGAI,,2,0,1.4,Attendance Fail,2.5
SP2025,SP2025-class 30,29,1905AIDEDA,,5.1,7.6,6.4,Passed,6.2
SP2025,SP2025-class 30,30,1905AHDGHD,,4.2,5.2,5.5,Passed,7.1
SP2025,SP2025-class 30,31,1905AIDGJA,,5.4,6.4,6.8,Passed,8.6
SP2025,SP2025-class 30,32,1905AIBGGE,,4.2,6,6.1,Passed,8.1
SP2025,SP2025-class 30,33,1905AIDHFH,,9.1,8.8,9.2,Passed,10
SP2025,SP2025-class 30,34,1905AHAFHF,,4.3,5.2,5.8,Passed,8.2
SP2025,SP2025-class 30,35,1905AIDDDB,,6.4,4.8,6,Passed,7.1
SP2025,SP2025-class 31,1,1905AIDHDA,,7.5,5.8,6.7,Passed,7.1
SP2025,SP2025-class 31,2,1905AIBEAF,,4.5,0,2.2,Attendance Fail,2.8
SP2025,SP2025-class 31,3,1905AHDEJH,,7.5,7.4,7.6,Passed,8
SP2025,SP2025-class 31,4,1905AIDIJA,,7,0,4.3,Not Passed,7.4
SP2025,SP2025-class 31,5,1905AICBHH,,8.5,7,7.8,Passed,8
SP2025,SP2025-class 31,6,1905AIFBEE,,8,7,7.6,Passed,8
SP2025,SP2025-class 31,7,1905AIFBED,,8.5,7.2,8.1,Passed,8.8
SP2025,SP2025-class 31,8,1905AIDHBH,,8,6.4,7.3,Passed,7.8
SP2025,SP2025-class 31,9,1905AIAJAF,,8,6.2,7.3,Passed,8
SP2025,SP2025-class 31,10,1905AICBHC,,7.5,4.6,6.3,Passed,7.3
SP2025,SP2025-class 31,11,1905AIDEHF,,7.5,6.6,7.1,Passed,7.5
SP2025,SP2025-class 31,12,1905AICCDD,,8,8.2,7.9,Passed,7.3
SP2025,SP2025-class 31,13,1905AIDIDI,,8.5,7,7.8,Passed,8.3
SP2025,SP2025-class 31,14,1905AIDHGJ,,1,0,0.6,Attendance Fail,1
SP2025,SP2025-class 31,15,1905AIDHHD,,8,7.4,7.8,Passed,8.3
SP2025,SP2025-class 31,16,1905AIDGCI,,7.5,4.4,5.9,Passed,6.3
SP2025,SP2025-class 31,17,1905AIBGDI,,7.5,5.8,6.9,Passed,7.8
SP2025,SP2025-class 31,18,1905AIDGAA,,8.5,6.8,7.6,Passed,7.8
SP2025,SP2025-class 31,19,1905AIFBAF,,7.5,7.4,7.5,Passed,7.5
SP2025,SP2025-class 31,20,1905AIJACA,,8.5,7.4,7.8,Passed,7.5
SP2025,SP2025-class 31,21,1905AIDGIA,,7,7,6.6,Passed,5.5
SP2025,SP2025-class 31,22,1905AIFBJI,,8,6,7.2,Passed,8
SP2025,SP2025-class 31,23,1905AIDHHF,,7.8,5.2,6.5,Passed,7.1
SP2025,SP2025-class 31,24,1905AIDHFB,,7.5,6.2,7,Passed,7.6
SP2025,SP2025-class 31,25,1905AIDHJC,,8.5,4.2,6.7,Passed,8.3
SP2025,SP2025-class 31,26,1905AIFBCC,,7.8,6.8,7.4,Passed,7.9
SP2025,SP2025-class 31,27,1905AIDGCH,,6.5,6.4,6.6,Passed,6.9
SP2025,SP2025-class 31,28,1905AICFIJ,,7.5,4.2,6.3,Passed,8
SP2025,SP2025-class 31,29,1919AIDICC,,8.5,0,5,Not Passed,8
SP2025,SP2025-class 31,30,1905AIFBID,,7.5,7.6,7.6,Passed,7.8
SP2025,SP2025-class 31,31,1905BJAFCG,,7.5,6.6,7,Passed,7
SP2025,SP2025-class 32,1,1905AIFDAC,,7.3,7,7.5,Passed,8.5
SP2025,SP2025-class 32,2,1905AIJEAE,,6,8.8,8.2,Passed,9.5
SP2025,SP2025-class 32,3,1905AIFDHF,,8.5,7.4,8.2,Passed,9
SP2025,SP2025-class 32,4,1905AIFEAG,,8,8,8.5,Passed,9.8
SP2025,SP2025-class 32,5,1905AIFDHG,,8,6.4,7.5,Passed,8.6
SP2025,SP2025-class 32,6,1905AIFDGC,,8,7.8,8.4,Passed,9.6
SP2025,SP2025-class 32,7,1905BJAGHH,,8.5,0,4.6,Attendance Fail,6.9
SP2025,SP2025-class 32,8,1905AIFDCC,,7,5.6,7.2,Passed,9.4
SP2025,SP2025-class 32,9,1905AIFDGJ,,8.5,4,7.1,Passed,9.8
SP2025,SP2025-class 32,10,1905AIFEAJ,,7.5,7.2,8,Passed,9.6
SP2025,SP2025-class 32,11,1905AIFEJG,,8,5.8,7.3,Passed,8.5
SP2025,SP2025-class 32,12,1905AIFEJH,,7.5,8.6,8.6,Passed,9.8
SP2025,SP2025-class 32,13,1905AIFDIA,,7.3,8.4,8.5,Passed,9.8
SP2025,SP2025-class 32,14,1905AIFDFD,,8,8,8.4,Passed,9.3
SP2025,SP2025-class 32,15,1905AIFEHC,,7.5,8.2,8.5,Passed,9.8
SP2025,SP2025-class 32,16,1905AICBIH,,7.5,6.8,7.3,Passed,7.8
SP2025,SP2025-class 32,17,1905BJCGDF,,8.3,6.8,7.9,Passed,9
SP2025,SP2025-class 32,18,1905AIFDAE,,8.5,7.8,8.6,Passed,9.8
SP2025,SP2025-class 32,19,1905BJCBCG,,9,8.2,8.9,Passed,9.6
SP2025,SP2025-class 32,20,1905AIFDJD,,7.8,8,8.4,Passed,9.5
SP2025,SP2025-class 32,21,1905AIFDII,,7.5,8.6,8.5,Passed,9.5
SP2025,SP2025-class 32,22,1905AICACE,,7.8,7,8,Passed,9.6
SP2025,SP2025-class 32,23,1905AIFEGF,,7.5,7.8,7.6,Passed,7.4
SP2025,SP2025-class 32,24,1905AIFEGA,,9.5,8.6,9.2,Passed,9.8
SP2025,SP2025-class 32,25,1905AIFDBE,,8,8.4,8.4,Passed,8.9
SP2025,SP2025-class 32,26,1905AIFDCI,,8.5,7.2,7.7,Passed,7.5
SP2025,SP2025-class 32,27,1905AIFEBF,,7.5,7,7.9,Passed,9.6
SP2025,SP2025-class 32,28,1905AIFDGE,,7.5,7.2,8.1,Passed,9.8
SP2025,SP2025-class 32,29,1905AIFDIC,,8.3,8.4,8.6,Passed,9.3
SP2025,SP2025-class 32,30,1905AIFEBB,,7.5,8.8,8.3,Passed,8.4
SP2025,SP2025-class 32,31,1905AIFDGF,,6,3.6,6.2,Not Passed,9.8
SP2025,SP2025-class 33,1,1905BJCBCB,,8.4,8.4,8.9,Passed,9.9
SP2025,SP2025-class 33,2,1905AIFFDC,,8.4,7.6,8.5,Passed,9.9
SP2025,SP2025-class 33,3,1905AIAJHE,,8.1,7.8,8.6,Passed,10
SP2025,SP2025-class 33,4,1905AIFFFH,,9,8.8,9.2,Passed,10
SP2025,SP2025-class 33,5,1905AIFFDG,,8.4,8.2,8.3,Passed,8.2
SP2025,SP2025-class 33,6,1905AIFBGH,,8.4,7.8,8.6,Passed,10
SP2025,SP2025-class 33,7,1905AGACEI,,0,0,0,Attendance Fail,0
SP2025,SP2025-class 33,8,1905AIFFCC,,8.4,6.6,7.4,Passed,7.4
SP2025,SP2025-class 33,9,1905AIDJAE,,0,0,0,Attendance Fail,0
SP2025,SP2025-class 33,10,1905AIJCIB,,9,5,7.7,Passed,10
SP2025,SP2025-class 33,11,1905AIFFHD,,7.6,8.4,8.1,Passed,8.2
SP2025,SP2025-class 33,12,1905AIFFIC,,8.4,4.4,6.8,Passed,8.3
SP2025,SP2025-class 33,13,1905BJDBJB,,7.9,6.8,8,Passed,9.8
SP2025,SP2025-class 33,14,1905AHBBIF,,8.1,5.8,7.2,Passed,8.2
SP2025,SP2025-class 33,15,1905AIDFCA,,6.9,8.6,8,Passed,8.2
SP2025,SP2025-class 33,16,1905AIFFCB,,7.7,7.4,7.6,Passed,7.9
SP2025,SP2025-class 33,17,1905AIFFJI,,8.9,7.6,7.8,Passed,7.1
SP2025,SP2025-class 33,18,1905AIJICE,,8.4,7.4,8.5,Passed,9.9
SP2025,SP2025-class 33,19,1905AIFFAF,,8.1,0,4.4,Not Passed,6.5
SP2025,SP2025-class 33,20,1905AIFFCA,,7.8,0,4.1,Attendance Fail,5.7
SP2025,SP2025-class 33,21,1905AIJBEF,,8.6,4.6,6.9,Passed,8.3
SP2025,SP2025-class 33,22,1905AHDIDD,,6.8,9,8.1,Passed,8.1
SP2025,SP2025-class 33,23,1905AIFGCD,,8.3,8,8.2,Passed,8.3
SP2025,SP2025-class 33,24,1905AIFFHG,,8.9,8.6,8.6,Passed,8.2
SP2025,SP2025-class 33,25,1905AICAFJ,,9,8.2,9,Passed,10
SP2025,SP2025-class 33,26,1905AIFFCG,,8.1,6.6,7.5,Passed,8.3
SP2025,SP2025-class 33,27,1905AIDEDE,,8.9,7.4,8,Passed,7.9
SP2025,SP2025-class 33,28,1905AIFGJC,,8.6,7.8,8.7,Passed,10
SP2025,SP2025-class 33,29,1905AICDAJ,,8.9,5.2,7.1,Passed,7.8
SP2025,SP2025-class 33,30,1905AIFDJB,,8.4,8.4,8.4,Passed,8.3
SP2025,SP2025-class 33,31,1905AGAFCJ,,5.9,4,5.1,Passed,5.7
SP2025,SP2025-class 33,32,1905AIDBFE,,6.9,5.8,6.9,Passed,8.2
SP2025,SP2025-class 33,33,1905AIFBFB,,6.8,8.4,7.9,Passed,8.3
SP2025,SP2025-class 33,34,1905AIFFFD,,8.4,8.2,8.8,Passed,9.9
SP2025,SP2025-class 34,1,1905BJAJBJ,,9,4.2,7.2,Passed,9.4
SP2025,SP2025-class 34,2,1905BJJDFH,,9.4,7.2,8.5,Passed,9.4
SP2025,SP2025-class 34,3,1905BJJJCA,,8.6,8.2,8.7,Passed,9.4
SP2025,SP2025-class 34,4,1905BJJJDG,,10,6.2,8.5,Passed,9.9
SP2025,SP2025-class 34,5,1905BJJICC,,9.4,5.2,7.7,Passed,9.3
SP2025,SP2025-class 34,6,1905BJJGCA,,8.4,6,7.5,Passed,8.6
SP2025,SP2025-class 34,7,1905BJJIJC,,9,6,7.7,Passed,8.6
SP2025,SP2025-class 34,8,1905BJAJBA,,9,6.6,8.3,Passed,9.8
SP2025,SP2025-class 34,9,1905BJJDCF,,9.5,5,7.6,Passed,9.3
SP2025,SP2025-class 34,10,1905BJJICF,,9,5,7.4,Passed,9.1
SP2025,SP2025-class 34,11,1905BJJIGB,,9.1,8.8,9.1,Passed,9.3
SP2025,SP2025-class 34,12,1905BJJDJA,,9,7.8,8.7,Passed,9.8
SP2025,SP2025-class 34,13,1905BJJJDJ,,9.4,6,8.1,Passed,9.7
SP2025,SP2025-class 34,14,1905BJJJDC,,8,6.4,7.7,Passed,9.1
SP2025,SP2025-class 34,15,1905BJJEEI,,8.9,7.6,8.4,Passed,9.1
SP2025,SP2025-class 34,16,1905BJJFBC,,7.5,6.6,7.6,Passed,9
SP2025,SP2025-class 34,17,1905BJJJEE,,10,8.4,9.4,Passed,10
SP2025,SP2025-class 34,18,1905BJJJAG,,9,7.4,8.4,Passed,9
SP2025,SP2025-class 34,19,1905BJJIGC,,9.6,7.6,8.7,Passed,9.1
SP2025,SP2025-class 34,20,1905BJAFBF,,9.5,8,8.8,Passed,9.3
SP2025,SP2025-class 34,21,1905BJJJAI,,9.1,6.6,8.2,Passed,9.5
SP2025,SP2025-class 34,22,1905BJAJAG,,10,8.6,9.4,Passed,9.8
SP2025,SP2025-class 34,23,1905BJJJBD,,9,5.6,7.8,Passed,9.5
SP2025,SP2025-class 34,24,1905BJJGHG,,9,7.2,8.2,Passed,8.8
SP2025,SP2025-class 34,25,1905BJJIDA,,9,4.4,7.1,Passed,8.7
SP2025,SP2025-class 34,26,1905BJJDGI,,9.7,7.6,8.9,Passed,9.7
SP2025,SP2025-class 34,27,1905BJJAJE,,9.5,4.2,6.9,Passed,7.8
SP2025,SP2025-class 34,28,1905BJJICA,,10,7.4,8.9,Passed,9.8
SP2025,SP2025-class 34,29,1905BJJJJF,,8.8,7.8,8.7,Passed,9.8
SP2025,SP2025-class 34,30,1905BJJJBC,,9.4,7.4,8.3,Passed,8.6
SP2025,SP2025-class 34,31,1905BJJJDF,,9.6,8.2,9,Passed,9.5
SP2025,SP2025-class 34,32,1905BJJDEH,,9.1,7.4,8.5,Passed,9.5
SP2025,SP2025-class 34,33,1905BJJIDB,,9.5,7.6,8.7,Passed,9.3
SP2025,SP2025-class 34,34,1905BJJIFB,,9.4,0,5.7,Not Passed,9.7
SP2025,SP2025-class 35,1,1905BJAAFI,,9,4.6,7.1,Passed,8.6
SP2025,SP2025-class 35,2,1905BJAHAA,,9.4,6,8,Passed,9.3
SP2025,SP2025-class 35,3,1905BJAHAB,,9.3,7,8.3,Passed,9
SP2025,SP2025-class 35,4,1905BJAEEG,,9.3,7,8.4,Passed,9.2
SP2025,SP2025-class 35,5,1905BJAGBC,,9.5,5.2,7.4,Passed,8.2
SP2025,SP2025-class 35,6,1905BJAFHC,,10,8.6,9.2,Passed,9.2
SP2025,SP2025-class 35,7,1905BJADIB,,10,6.6,8.4,Passed,9.3
SP2025,SP2025-class 35,8,1905BJADJD,,10,8.8,9.4,Passed,9.8
SP2025,SP2025-class 35,9,1905BJADHH,,10,6.8,8.5,Passed,9.4
SP2025,SP2025-class 35,10,1905BJADCJ,,9.9,5.4,7.9,Passed,9.2
SP2025,SP2025-class 35,11,1905BJAEJF,,9.6,7.4,8.5,Passed,9.1
SP2025,SP2025-class 35,12,1905BJAJHC,,9,5.4,7.4,Passed,8.6
SP2025,SP2025-class 35,13,1905BJAEDF,,10,8.8,9.3,Passed,9.2
SP2025,SP2025-class 35,14,1905BJAJHF,,9.3,4.2,7.2,Passed,9
SP2025,SP2025-class 35,15,1905BJAADA,,9.4,7.6,8.7,Passed,9.5
SP2025,SP2025-class 35,16,1905BJAHAC,,9,5.6,7.6,Passed,8.7
SP2025,SP2025-class 35,17,1905BJAHIG,,9.8,8.6,9.1,Passed,9.1
SP2025,SP2025-class 35,18,1905BJAHAI,,9.8,5.4,8,Passed,9.6
SP2025,SP2025-class 35,19,1905BJAHFG,,9.5,5.6,7.7,Passed,8.9
SP2025,SP2025-class 35,20,1905BJAAFJ,,9.5,6.2,8,Passed,8.8
SP2025,SP2025-class 35,21,1905BJAAGJ,,9.1,8,8.7,Passed,9.1
SP2025,SP2025-class 35,22,1905BJAGEI,,9.3,7.8,8.6,Passed,9.1
SP2025,SP2025-class 35,23,1905BJJJDH,,10,6.8,8.2,Passed,8.4
SP2025,SP2025-class 35,24,1905BJAAHD,,9.9,4.6,7.1,Passed,7.6
SP2025,SP2025-class 35,25,1905AIFFEG,,9,5.2,7.5,Passed,9
SP2025,SP2025-class 35,26,1905BJABAA,,9,4.4,7,Passed,8.6
SP2025,SP2025-class 35,27,1905BJADFF,,10,8,8.9,Passed,9.1
SP2025,SP2025-class 35,28,1905BJAGEC,,9.8,6.6,8.4,Passed,9.3
SP2025,SP2025-class 35,29,1905BJADAD,,10,8.2,9,Passed,9.2
SP2025,SP2025-class 35,30,1905BJAFED,,9.9,5.6,7.5,Passed,7.7
SP2025,SP2025-class 35,31,1905BJAEEE,,9.5,8.2,8.9,Passed,9.1
SP2025,SP2025-class 35,32,1905BJADBB,,9.6,5.4,7.6,Passed,8.4
SP2025,SP2025-class 36,1,1905BJCJDB,,8.5,7.4,7.8,Passed,7.7
SP2025,SP2025-class 36,2,1905BJCJIF,,10,5,7.6,Passed,8.6
SP2025,SP2025-class 36,3,1905AIBADH,,10,7.6,9,Passed,10
SP2025,SP2025-class 36,4,1905BJCBCA,,8.3,6,7,Passed,7.1
SP2025,SP2025-class 36,5,1905BJCCAC,,9.5,7.2,8,Passed,7.6
SP2025,SP2025-class 36,6,1905BJCADI,,9.8,8.2,8.9,Passed,8.9
SP2025,SP2025-class 36,7,1905BJCAAF,,8.3,7.8,7.9,Passed,7.8
SP2025,SP2025-class 36,8,1905BJCJJC,,8,5.8,7.1,Passed,7.8
SP2025,SP2025-class 36,9,1905BJCJFH,,9,6.8,7.8,Passed,8
SP2025,SP2025-class 36,10,1905BJCJGB,,10,3.8,7.1,Not Passed,8.5
SP2025,SP2025-class 36,11,1905BJCBBJ,,9,4.2,7.1,Passed,8.9
SP2025,SP2025-class 36,12,1905BJCBHF,,9.8,6.2,8.2,Passed,9.3
SP2025,SP2025-class 36,13,1905BJCAEF,,7.5,7.4,7.7,Passed,8.2
SP2025,SP2025-class 36,14,1905BJCJCI,,10,7.4,8.5,Passed,8.4
SP2025,SP2025-class 36,15,1905BJCJDA,,9,7.8,8.3,Passed,8.3
SP2025,SP2025-class 36,16,1905BJCCJB,,9,6.8,7.9,Passed,8.3
SP2025,SP2025-class 36,17,1905BJCACE,,9.5,7.2,8.2,Passed,8.1
SP2025,SP2025-class 36,18,1905BJCJEH,,9,7.8,8.4,Passed,8.5
SP2025,SP2025-class 36,19,1905BJCAEJ,,8,4.8,6.8,Passed,8.2
SP2025,SP2025-class 36,20,1905BJCBBG,,9.3,6.6,8.2,Passed,9.2
SP2025,SP2025-class 36,21,1905AHBFFE,,7.3,5.4,6.9,Passed,8.5
SP2025,SP2025-class 36,22,1905BJCAEG,,10,7.4,8.6,Passed,8.8
SP2025,SP2025-class 36,23,1905AHBGAH,,7.3,3,5.9,Not Passed,8.3
SP2025,SP2025-class 36,24,1905BJCCAJ,,10,5.8,8,Passed,8.8
SP2025,SP2025-class 36,25,1905BJCBDH,,8.8,6,7.2,Passed,7.4
SP2025,SP2025-class 36,26,1905BJCBEH,,10,5.2,7.7,Passed,8.6
SP2025,SP2025-class 36,27,1905BJCAFC,,8.5,7,7.8,Passed,8.3
SP2025,SP2025-class 36,28,1905BJCAEB,,9.3,7,8.1,Passed,8.3
SP2025,SP2025-class 36,29,1905BJCBHC,,10,6.4,8.4,Passed,9.5
SP2025,SP2025-class 36,30,1905BJCJIA,,10,6.8,8.2,Passed,8.4
SP2025,SP2025-class 36,31,1905BJCBII,,9.8,6.8,8.3,Passed,8.9
SP2025,SP2025-class 36,32,1905AIFDHJ,,10,7.4,8.9,Passed,9.8
SP2025,SP2025-class 36,33,1905BJCAID,,9.8,6.8,8.2,Passed,8.4
SP2025,SP2025-class 37,1,1905BJCDFA,,9.5,4.6,6.9,Passed,7.3
SP2025,SP2025-class 37,2,1905BJCEEG,,10,8.8,9.2,Passed,8.8
SP2025,SP2025-class 37,3,1905BJCCCD,,9.6,6.2,7.9,Passed,8.5
SP2025,SP2025-class 37,4,1905BJCDAI,,9.9,6,7.9,Passed,8.6
SP2025,SP2025-class 37,5,1905BJCCGB,,8.8,5.8,7,Passed,6.9
SP2025,SP2025-class 37,6,1905BJCFGG,,8.6,8.6,8.6,Passed,8.4
SP2025,SP2025-class 37,7,1905BJCDFJ,,5.8,4.2,5.5,Passed,6.9
SP2025,SP2025-class 37,8,1905BJCEGF,,9.4,6.6,7.9,Passed,8
SP2025,SP2025-class 37,9,1905BJCCEC,,4.9,4.8,5.4,Passed,6.8
SP2025,SP2025-class 37,10,1905BJCCHB,,9.5,4,6.9,Passed,8.1
SP2025,SP2025-class 37,11,1905BJCDBG,,8.6,8,8.3,Passed,8.4
SP2025,SP2025-class 37,12,1905BJCDIC,,6.2,3,5.2,Not Passed,7.3
SP2025,SP2025-class 37,13,1905BJCEDE,,9,4.6,6.5,Passed,6.7
SP2025,SP2025-class 37,14,1905BJCCHA,,0,0,0,Attendance Fail,0
SP2025,SP2025-class 37,15,1905BJCEBA,,9.1,5.6,7.5,Passed,8.3
SP2025,SP2025-class 37,16,1905BJCCGA,,5,0,2.8,Attendance Fail,4.3
SP2025,SP2025-class 37,17,1905BJCECA,,8.1,7.6,7.7,Passed,7.3
SP2025,SP2025-class 37,18,1905BJCEIF,,10,7.6,8.5,Passed,8.2
SP2025,SP2025-class 37,19,1905BJCEJA,,9.5,5,7.3,Passed,8.1
SP2025,SP2025-class 37,20,1905BJCDFB,,9.4,7.6,8.6,Passed,9
SP2025,SP2025-class 37,21,1905BJCFEC,,10,8.6,9,Passed,8.6
SP2025,SP2025-class 37,22,1905BJCCDD,,7.8,5.4,6.8,Passed,7.8
SP2025,SP2025-class 37,23,1905BJCFFJ,,8.7,5.4,7.1,Passed,7.9
SP2025,SP2025-class 37,24,1905BJCDBE,,9.5,5.8,7.7,Passed,8.6
SP2025,SP2025-class 37,25,1905BJCCDH,,9.5,7.6,8.2,Passed,7.8
SP2025,SP2025-class 37,26,1905AIBHHJ,,6.2,7.8,7.6,Passed,8.8
SP2025,SP2025-class 37,27,1905BJCDBD,,10,9,9.1,Passed,8.4
SP2025,SP2025-class 37,28,1905BJCDJC,,9.5,7,8.3,Passed,8.9
SP2025,SP2025-class 37,29,1905BJCDCE,,8.5,4,6,Passed,6.2
SP2025,SP2025-class 37,30,1905BJCFED,,9.3,7.4,8.3,Passed,8.4
SP2025,SP2025-class 37,31,1905BJCDAF,,7.2,4,6.3,Passed,8.4
SP2025,SP2025-class 37,32,1905BJCEFI,,9.5,7.4,8.1,Passed,7.7
SP2025,SP2025-class 37,33,1905BJCCHF,,4.5,0,2.6,Attendance Fail,4.1
SP2025,SP2025-class 37,34,1905BJCDEJ,,9.6,8.6,8.9,Passed,8.8
SP2025,SP2025-class 38,1,1905BJCIGB,,8.2,7,7.2,Passed,6.6
SP2025,SP2025-class 38,2,1905BJCGHB,,5.6,4.6,5.7,Passed,7.4
SP2025,SP2025-class 38,3,1905BJCHDE,,9,6.8,7.8,Passed,8
SP2025,SP2025-class 38,4,1905BJCHIJ,,9.6,6.2,7.7,Passed,7.8
SP2025,SP2025-class 38,5,1905BJCICF,,8.9,5.6,7.5,Passed,8.7
SP2025,SP2025-class 38,6,1905BJDJJC,,8.9,5.4,7.3,Passed,8.1
SP2025,SP2025-class 38,7,1905BJCGCJ,,8.9,8.2,8.4,Passed,8.3
SP2025,SP2025-class 38,8,1905BJCGAE,,9.6,5,7.2,Passed,7.8
SP2025,SP2025-class 38,9,1905BJCGHE,,8.4,5.2,7,Passed,8.1
SP2025,SP2025-class 38,10,1905BJCGFI,,8.5,7.4,7.2,Passed,5.5
SP2025,SP2025-class 38,11,1905BJCGDE,,9.5,8.4,8.5,Passed,7.6
SP2025,SP2025-class 38,12,1905BJCIJB,,8.4,7.2,8,Passed,8.8
SP2025,SP2025-class 38,13,1905BJCIJC,,9.3,4.8,6.7,Passed,6.6
SP2025,SP2025-class 38,14,1905BJCHIC,,6.8,5.2,6.4,Passed,7.5
SP2025,SP2025-class 38,15,1905BJCHCI,,9.9,6,7.7,Passed,7.8
SP2025,SP2025-class 38,16,1905BJCICD,,8.9,7.6,8.3,Passed,8.6
SP2025,SP2025-class 38,17,1905BJCIDC,,8,8,7.7,Passed,7.1
SP2025,SP2025-class 38,18,1905BJCGCD,,9.4,8.4,8.6,Passed,8.1
SP2025,SP2025-class 38,19,1905BJCHCC,,9.3,3.2,6.4,Not Passed,7.8
SP2025,SP2025-class 38,20,1905BJCIJH,,9.9,8.4,9.2,Passed,9.4
SP2025,SP2025-class 38,21,1905BJCGJG,,8.2,5.6,7.2,Passed,8.4
SP2025,SP2025-class 38,22,1905BJCIFG,,9.4,7.6,8.5,Passed,9
SP2025,SP2025-class 38,23,1905BJCHJC,,4.3,3.8,4.8,Not Passed,6.8
SP2025,SP2025-class 38,24,1905BJCHEI,,5.9,5.4,6.3,Passed,7.7
SP2025,SP2025-class 38,25,1905BJCIFD,,9.4,7.6,8.3,Passed,8
SP2025,SP2025-class 38,26,1905BJCGBI,,9.4,7.8,8.4,Passed,8.2
SP2025,SP2025-class 38,27,1905BJCGJI,,7.9,8.4,8.6,Passed,9.4
SP2025,SP2025-class 38,28,1905BJCIBF,,8.9,6,7.6,Passed,8.6
SP2025,SP2025-class 38,29,1905BJCGEH,,8.9,7.8,8.4,Passed,8.8
SP2025,SP2025-class 38,30,1905BJCIIF,,9.1,4.6,6.7,Passed,7.2
SP2025,SP2025-class 38,31,1905BJCIHH,,9.3,6.6,8,Passed,8.4
SP2025,SP2025-class 38,32,1905BJCGBH,,8.9,8.8,8.4,Passed,7.4
SP2025,SP2025-class 38,33,1905BJDJAB,,8.1,5.2,6.8,Passed,7.6
SP2025,SP2025-class 38,34,1905BJCHAA,,9.1,8.6,8.2,Passed,6.9
SP2025,SP2025-class 38,35,1905BJCIAE,,9.4,4.6,7.1,Passed,8.1
SP2025,SP2025-class 39,1,1905BJDBHG,,7.8,8.6,8.4,Passed,8.8
SP2025,SP2025-class 39,2,1905BJDCCC,,7.3,3.4,6.2,Not Passed,8.8
SP2025,SP2025-class 39,3,1905BJDACD,,8.3,4.8,6.8,Passed,8
SP2025,SP2025-class 39,4,1905BJDCJG,,7.8,7.8,8,Passed,8.5
SP2025,SP2025-class 39,5,1905BJDJGI,,7.3,4.4,5.4,Passed,5
SP2025,SP2025-class 39,6,1905BJDAEA,,8.3,5.4,7.1,Passed,8.4
SP2025,SP2025-class 39,7,1905BJDJHA,,7.8,6.4,7.2,Passed,7.9
SP2025,SP2025-class 39,8,1905AIDFDD,,1,0,0.6,Attendance Fail,1
SP2025,SP2025-class 39,9,1905BJDABE,,7.3,6.2,7,Passed,7.8
SP2025,SP2025-class 39,10,1905BJDACE,,7.5,7.4,7.6,Passed,8.1
SP2025,SP2025-class 39,11,1905BJDBGE,,7.3,4.4,6.4,Passed,8.4
SP2025,SP2025-class 39,12,1905BJDAJC,,7.8,6.4,7.2,Passed,7.8
SP2025,SP2025-class 39,13,1905BJDBHJ,,8,7.4,7.6,Passed,7.6
SP2025,SP2025-class 39,14,1905BJDAID,,7.3,6.6,7.1,Passed,7.8
SP2025,SP2025-class 39,15,1905BJDAEH,,7.3,4.4,6.1,Passed,7.4
SP2025,SP2025-class 39,16,1905BJDAHJ,,7.8,8.4,8.2,Passed,8.3
SP2025,SP2025-class 39,17,1905BJDBIH,,7.8,5.8,7.1,Passed,8.3
SP2025,SP2025-class 39,18,1905BJDAAE,,7.8,8.8,8.3,Passed,8.3
SP2025,SP2025-class 39,19,1905BJDBJI,,7.3,8.8,8.3,Passed,8.6
SP2025,SP2025-class 39,20,1905BJDAGG,,7.3,7,7.5,Passed,8.3
SP2025,SP2025-class 39,21,1905BJDBDF,,7.8,7.4,7.7,Passed,8
SP2025,SP2025-class 39,22,1905BJDCBF,,4.3,0,3.2,Not Passed,6.5
SP2025,SP2025-class 39,23,1905BJDCJB,,8.3,9.2,8.6,Passed,8
SP2025,SP2025-class 39,24,1905BJDABG,,6.8,8.2,7.7,Passed,7.9
SP2025,SP2025-class 39,25,1905BJDCJF,,8.3,5.6,7,Passed,7.8
SP2025,SP2025-class 39,26,1905BJDCBD,,8.8,8,7.9,Passed,7
SP2025,SP2025-class 39,27,1905BJDCAG,,8,5.2,6.9,Passed,8.1
SP2025,SP2025-class 39,28,1905BJDAHA,,8.8,9.2,8.9,Passed,8.8
SP2025,SP2025-class 39,29,1905BJDBAD,,7.8,7,7.8,Passed,8.8
SP2025,SP2025-class 39,30,1905BJDABB,,7.8,7.2,7.5,Passed,7.5
SP2025,SP2025-class 39,31,1905BJDCAB,,7.3,8.2,8.1,Passed,8.8
SP2025,SP2025-class 39,32,1905AICJHJ,,7.8,6.2,7.1,Passed,7.5
SP2025,SP2025-class 39,33,1905BJDAJI,,6.8,7.6,7.2,Passed,7.3
SP2025,SP2025-class 39,34,1905BJDBIB,,7.3,6.6,7.1,Passed,7.5
SP2025,SP2025-class 40,1,1905BJEJFJ,,9.1,7.6,8.7,Passed,9.9
SP2025,SP2025-class 40,2,1905BJDEFB,,8.6,5.2,7.3,Passed,8.8
SP2025,SP2025-class 40,3,1905BJDDID,,8.4,0,5.1,Not Passed,8.6
SP2025,SP2025-class 40,4,1905BJDDDH,,8.4,5.4,7.1,Passed,8.2
SP2025,SP2025-class 40,5,1905BJDHFB,,8.8,7,8,Passed,8.6
SP2025,SP2025-class 40,6,1905BJDFBH,,8.4,4.4,6.9,Passed,8.7
SP2025,SP2025-class 40,7,1905BJDEGD,,8.8,4.8,7.3,Passed,9.1
SP2025,SP2025-class 40,8,1905BJDDHE,,8.4,5.4,7.4,Passed,9.2
SP2025,SP2025-class 40,9,1905BJDHEE,,8.9,6.4,8.1,Passed,9.5
SP2025,SP2025-class 40,10,1905BJDGIB,,8.4,5,6.8,Passed,7.6
SP2025,SP2025-class 40,11,1905BJDHAA,,9,8.6,9,Passed,9.4
SP2025,SP2025-class 40,12,1905BJDFAJ,,9,5.4,7.6,Passed,9.1
SP2025,SP2025-class 40,13,1905BJDGHG,,8.1,0,4.8,Not Passed,7.9
SP2025,SP2025-class 40,14,1905BJDHHA,,9.1,8.2,9,Passed,9.9
SP2025,SP2025-class 40,15,1905BJDGDH,,9,4.6,7.2,Passed,9
SP2025,SP2025-class 40,16,1905BJCHGA,,8.6,6.8,8.2,Passed,9.6
SP2025,SP2025-class 40,17,1905BJDHGF,,8,4.4,6.9,Passed,9.1
SP2025,SP2025-class 40,18,1905BJDHAF,,8.9,6.8,8,Passed,8.8
SP2025,SP2025-class 40,19,1905BJDDCF,,0,0,0,Attendance Fail,0
SP2025,SP2025-class 40,20,1905BJDFIC,,8.6,6.8,8.2,Passed,9.6
SP2025,SP2025-class 40,21,1905BJDGBB,,9.4,5.8,7.8,Passed,8.8
SP2025,SP2025-class 40,22,1905BJDGDC,,8.4,4.2,6.6,Passed,8.1
SP2025,SP2025-class 40,23,1905BJDEAB,,9.1,6.2,7.9,Passed,8.9
SP2025,SP2025-class 40,24,1905BJDGGG,,8.8,4.2,6.8,Passed,8.4
SP2025,SP2025-class 40,25,1905AIFEGG,,0,0,0,Attendance Fail,0
SP2025,SP2025-class 40,26,1905BJDEEB,,8.4,5.8,7.3,Passed,8.2
SP2025,SP2025-class 40,27,1905BJDGBI,,8.5,7.2,8.1,Passed,8.8
SP2025,SP2025-class 40,28,1905BJDHDG,,8,6.6,7.6,Passed,8.7
SP2025,SP2025-class 40,29,1905BJDFJE,,8.8,7.6,8.4,Passed,9.1
SP2025,SP2025-class 40,30,1905BJDFJJ,,8.4,2.8,6.2,Not Passed,8.7
SP2025,SP2025-class 40,31,1905AHJJHA,,8,3.8,6.4,Not Passed,8.3
SP2025,SP2025-class 40,32,1905BJDHFG,,8,1.8,5.5,Not Passed,8
SP2025,SP2025-class 40,33,1905BJDDCC,,8.5,7.6,8.3,Passed,9.2
SP2025,SP2025-class 41,1,1905BJEACF,,9.1,8,8.7,Passed,9.3
SP2025,SP2025-class 41,2,1905BJEJDD,,8.4,4.2,6.7,Passed,8.5
SP2025,SP2025-class 41,3,1905AGBJJF,,9.4,9.8,9.5,Passed,9.2
SP2025,SP2025-class 41,4,1905BJEBBH,,8.4,4,6.5,Passed,7.9
SP2025,SP2025-class 41,5,1905BJEAJB,,8.4,7,7.7,Passed,8.1
SP2025,SP2025-class 41,6,1905BJEBJA,,9.4,6.6,8.3,Passed,9.7
SP2025,SP2025-class 41,7,1905BJEBIB,,8.6,3.6,6.4,Not Passed,7.8
SP2025,SP2025-class 41,8,1905BJEJHC,,8.8,4.6,7.3,Passed,9.4
SP2025,SP2025-class 41,9,1905BJECDA,,10,6.6,8.5,Passed,9.6
SP2025,SP2025-class 41,10,1905BJEABH,,9.6,8,9,Passed,9.5
SP2025,SP2025-class 41,11,1905BJEBHD,,10,4.8,7.7,Passed,9.3
SP2025,SP2025-class 41,12,1905BJEADF,,8,4,6.6,Passed,8.5
SP2025,SP2025-class 41,13,1905AICEBD,,8.7,4.8,6.9,Passed,7.8
SP2025,SP2025-class 41,14,1905BJDICB,,9.9,7.4,8.7,Passed,9.3
SP2025,SP2025-class 41,15,1905BJEAGE,,8.8,2.8,6.5,Not Passed,9
SP2025,SP2025-class 41,16,1905BJEAEB,,8,5,6.9,Passed,8.4
SP2025,SP2025-class 41,17,1905BJEBGC,,8,5.8,7.5,Passed,9.1
SP2025,SP2025-class 41,18,1905BJDIDJ,,8,6.6,7.8,Passed,9.3
SP2025,SP2025-class 41,19,1905BJDIHE,,8.4,0,5.1,Not Passed,8.5
SP2025,SP2025-class 41,20,1905BJDIFI,,9,8,8.8,Passed,9.8
SP2025,SP2025-class 41,21,1905BJEAIE,,9.5,5.6,7.8,Passed,8.9
SP2025,SP2025-class 41,22,1905BJEBEE,,8,2.6,5.8,Not Passed,8
SP2025,SP2025-class 41,23,1905BJEAIG,,8.9,6.2,7.9,Passed,9.4
SP2025,SP2025-class 41,24,1905BJECJH,,9.3,4.6,7.5,Passed,9.6
SP2025,SP2025-class 41,25,1905BJEBEF,,9,7.2,8.3,Passed,9.1
SP2025,SP2025-class 41,26,1905BJDIFF,,9.2,6.2,8.2,Passed,9.8
SP2025,SP2025-class 41,27,1905BJEAFE,,8.5,6.2,7.5,Passed,8.3
SP2025,SP2025-class 41,28,1905BJEBJB,,9.4,5.4,7.9,Passed,9.7
SP2025,SP2025-class 41,29,1905BJEJCE,,8,7.2,7.7,Passed,8.2
SP2025,SP2025-class 41,30,1905BJEJEA,,9.4,5.6,7.7,Passed,9
SP2025,SP2025-class 41,31,1905BJEAJI,,9.6,4.6,7.6,Passed,9.7
SP2025,SP2025-class 41,32,1905BJEBAD,,9.9,7,8.7,Passed,9.9
SP2025,SP2025-class 41,33,1905BJEBIF,,8.5,3.2,6.4,Not Passed,8.4
SU2017,SU2017-class 1,1,1905ADAAGA,,,,7.3,Passed,
SU2017,SU2017-class 1,2,1905ACJGFF,,,,7.8,Passed,
SU2017,SU2017-class 1,3,1902FAIDG,,,,3.6,Not Passed,
SU2017,SU2017-class 1,4,1905ADAAGC,,,,6.3,Passed,
SU2017,SU2017-class 2,1,1905FBGHI,,,,6.6,Passed,
SU2017,SU2017-class 2,2,1905FCJFC,,,,5.3,Passed,
SU2017,SU2017-class 2,3,1905FADHG,,,,5.2,Passed,
SU2017,SU2017-class 2,4,1905FCCCA,,,,5.3,Passed,
SU2017,SU2017-class 2,5,1905FCBCD,,,,5.4,Passed,
SU2017,SU2017-class 2,6,1905FBJJA,,,,0.8,Not Passed,
SU2017,SU2017-class 2,7,1905FCJDH,,,,5.6,Passed,
SU2017,SU2017-class 2,8,1905FCBDI,,,,0.8,Not Passed,
SU2017,SU2017-class 2,9,1905FCBAC,,,,5.9,Passed,
SU2017,SU2017-class 2,10,1905FCJJA,,,,5.2,Passed,
SU2017,SU2017-class 2,11,1905FCBGE,,,,5.3,Passed,
SU2017,SU2017-class 2,12,1905FBJCD,,,,5.3,Passed,
SU2017,SU2017-class 2,13,1905FCJDJ,,,,5.3,Passed,
SU2017,SU2017-class 2,14,1905FAFAF,,,,6,Passed,
SU2017,SU2017-class 2,15,1905FCBBH,,,,5.3,Passed,
SU2017,SU2017-class 2,16,1905FCBFI,,,,5.9,Passed,
SU2017,SU2017-class 2,17,1905FBIAF,,,,5.3,Passed,
SU2017,SU2017-class 2,18,1905FCBDE,,,,5.8,Passed,
SU2017,SU2017-class 2,19,1905FBIGD,,,,6,Passed,
SU2017,SU2017-class 2,20,1905FBIJH,,,,5.2,Passed,
SU2017,SU2017-class 2,21,1905FBIBA,,,,0.8,Not Passed,
SU2017,SU2017-class 2,22,1905FBHCD,,,,5.5,Passed,
SU2017,SU2017-class 2,23,1905FCCAA,,,,5.3,Passed,
SU2017,SU2017-class 2,24,1905FBIFG,,,,5.3,Passed,
SU2017,SU2017-class 2,25,1905FCACD,,,,0.8,Not Passed,
SU2017,SU2017-class 2,26,1905FBHID,,,,5,Passed,
SU2017,SU2017-class 3,1,1905FCDCG,,,,7,Passed,
SU2017,SU2017-class 3,2,1905FAFDF,,,,5.6,Passed,
SU2017,SU2017-class 3,3,1905FCJDI,,,,7.5,Passed,
SU2017,SU2017-class 3,4,1905FCDDF,,,,7.4,Passed,
SU2017,SU2017-class 3,5,1905FCJFJ,,,,9,Passed,
SU2017,SU2017-class 3,6,1905FCAFH,,,,8.1,Passed,
SU2017,SU2017-class 3,7,1905FCCAH,,,,4.5,Not Passed,
SU2017,SU2017-class 3,8,1905FCBEJ,,,,8.1,Passed,
SU2017,SU2017-class 3,9,1905FBIEH,,,,6.6,Passed,
SU2017,SU2017-class 3,10,1905FCADC,,,,6.9,Passed,
SU2017,SU2017-class 3,11,1905FAHAH,,,,1.4,Not Passed,
SU2017,SU2017-class 3,12,1905FAHDG,,,,7.2,Passed,
SU2017,SU2017-class 3,13,1905FCJAE,,,,5.2,Passed,
SU2017,SU2017-class 3,14,1905FCJEG,,,,6.2,Passed,
SU2017,SU2017-class 3,15,1905FCDJB,,,,7.4,Passed,
SU2017,SU2017-class 3,16,1905FCBJB,,,,8.3,Passed,
SU2017,SU2017-class 3,17,1905FBHAB,,,,6.4,Passed,
SU2017,SU2017-class 3,18,1905FCBCH,,,,1.2,Not Passed,
SU2017,SU2017-class 3,19,1905FCAID,,,,6.8,Passed,
SU2017,SU2017-class 3,20,1905FBIGB,,,,7.6,Passed,
SU2017,SU2017-class 3,21,1905FBEAA,,,,2.3,Not Passed,
SU2017,SU2017-class 3,22,1905FBHDH,,,,9.4,Passed,
SU2017,SU2017-class 3,23,1905FCJCF,,,,6.4,Passed,
SU2017,SU2017-class 3,24,1905FCBJA,,,,2.8,Not Passed,
SU2017,SU2017-class 3,25,1905FCCHI,,,,5.5,Passed,
SU2017,SU2017-class 3,26,1905FBHAF,,,,6.4,Passed,
SU2017,SU2017-class 3,27,1905FAHGC,,,,5.2,Passed,
SU2017,SU2017-class 3,28,1905FBHCI,,,,1.5,Not Passed,
SU2017,SU2017-class 3,29,1905FBJJI,,,,6,Passed,
SU2017,SU2017-class 3,30,1905FCBCI,,,,6.5,Passed,
SU2017,SU2017-class 4,1,1905FCCJG,,,,6.5,Passed,
SU2017,SU2017-class 4,2,1905FBICH,,,,7.4,Passed,
SU2017,SU2017-class 4,3,1905FCCEC,,,,8,Passed,
SU2017,SU2017-class 4,4,1905FCCGJ,,,,6.3,Passed,
SU2017,SU2017-class 4,5,1905FBHGH,,,,7.6,Passed,
SU2017,SU2017-class 4,6,1905FCBHD,,,,7.3,Passed,
SU2017,SU2017-class 4,7,1905FBHFG,,,,8.9,Passed,
SU2017,SU2017-class 4,8,1905FCCIH,,,,8.7,Passed,
SU2017,SU2017-class 4,9,1905FCJGH,,,,7.5,Passed,
SU2017,SU2017-class 4,10,1905FCBHH,,,,8.1,Passed,
SU2017,SU2017-class 4,11,1905FCCFI,,,,8.9,Passed,
SU2017,SU2017-class 4,12,1905FBGHF,,,,4.7,Not Passed,
SU2017,SU2017-class 4,13,1902FAIDH,,,,3,Not Passed,
SU2017,SU2017-class 4,14,1905FCDII,,,,3,Not Passed,
SU2017,SU2017-class 4,15,1905FBIJC,,,,9.8,Passed,
SU2017,SU2017-class 4,16,1905FCJGC,,,,9,Passed,
SU2017,SU2017-class 4,17,1905FCBJE,,,,7.7,Passed,
SU2017,SU2017-class 4,18,1905FCCHF,,,,6.2,Passed,
SU2017,SU2017-class 4,19,1905FCJGJ,,,,6.4,Passed,
SU2017,SU2017-class 4,20,1905FBIGH,,,,5.3,Passed,
SU2017,SU2017-class 4,21,1905FBHJA,,,,8.6,Passed,
SU2017,SU2017-class 4,22,1905FCBJJ,,,,7.6,Passed,
SU2017,SU2017-class 4,23,1905FCEJB,,,,7.9,Passed,
SU2017,SU2017-class 4,24,1905FCCFH,,,,6.6,Passed,
SU2017,SU2017-class 5,1,1905FBHDA,,,,8.6,Passed,
SU2017,SU2017-class 5,2,1905FCAED,,,,6,Passed,
SU2017,SU2017-class 5,3,1905FCACE,,,,5.1,Passed,
SU2017,SU2017-class 5,4,1905FCBCF,,,,7.1,Passed,
SU2017,SU2017-class 5,5,1905FBIIE,,,,6.4,Passed,
SU2017,SU2017-class 5,6,1905FCDAE,,,,5.3,Passed,
SU2017,SU2017-class 5,7,1905FCJCE,,,,5.2,Passed,
SU2017,SU2017-class 5,8,1905FBHIA,,,,5,Passed,
SU2017,SU2017-class 5,9,1905FCCDJ,,,,5.1,Passed,
SU2017,SU2017-class 5,10,1905FCBJH,,,,5.2,Passed,
SU2017,SU2017-class 5,11,1905FCCAD,,,,5.8,Passed,
SU2017,SU2017-class 5,12,1905FCBBJ,,,,5.9,Passed,
SU2017,SU2017-class 5,13,1905FCBFH,,,,6.1,Passed,
SU2017,SU2017-class 5,14,1905FCBED,,,,7.7,Passed,
SU2017,SU2017-class 5,15,1905FAJGC,,,,6.6,Passed,
SU2017,SU2017-class 5,16,1905FCAGA,,,,0,Not Passed,
SU2017,SU2017-class 5,17,1905FBHJB,,,,6.6,Passed,
SU2017,SU2017-class 5,18,1905FBHJC,,,,7,Passed,
SU2017,SU2017-class 5,19,1905FCAEJ,,,,5,Passed,
SU2017,SU2017-class 5,20,1905FBHDG,,,,6.2,Passed,
SU2017,SU2017-class 5,21,1905FBHHH,,,,6.6,Passed,
SU2017,SU2017-class 5,22,1905FCADF,,,,6,Passed,
SU2017,SU2017-class 5,23,1905FCAFB,,,,6,Passed,
SU2017,SU2017-class 5,24,1905FCAEE,,,,7.1,Passed,
SU2017,SU2017-class 5,25,1905FCEGB,,,,5.3,Passed,
SU2017,SU2017-class 5,26,1905FBICB,,,,0,Not Passed,
SU2017,SU2017-class 6,1,1905FBCFJ,,,,5.6,Passed,
SU2017,SU2017-class 6,2,1905FBEHD,,,,5.4,Passed,
SU2017,SU2017-class 6,3,1905FBDEC,,,,4.7,Not Passed,
SU2017,SU2017-class 6,4,1905FAIII,,,,5.8,Passed,
SU2017,SU2017-class 6,5,1905FCJHF,,,,5.5,Passed,
SU2017,SU2017-class 6,6,1905FCDEA,,,,0,Not Passed,
SU2017,SU2017-class 6,7,1905FBDHI,,,,2.9,Not Passed,
SU2017,SU2017-class 6,8,1905FBHCC,,,,5.9,Passed,
SU2017,SU2017-class 6,9,1905FCEBE,,,,5.6,Passed,
SU2017,SU2017-class 6,10,1905FBHEE,,,,8.5,Passed,
SU2017,SU2017-class 6,11,1905FCBDA,,,,6.3,Passed,
SU2017,SU2017-class 6,12,1905FCECE,,,,5.2,Passed,
SU2017,SU2017-class 6,13,1905FCJFI,,,,4.7,Not Passed,
SU2017,SU2017-class 6,14,1905FBHDD,,,,5.6,Passed,
SU2017,SU2017-class 6,15,1905FBFDA,,,,5.7,Passed,
SU2017,SU2017-class 6,16,1905FCDBF,,,,5.6,Passed,
SU2017,SU2017-class 6,17,1905FBGED,,,,5.5,Passed,
SU2017,SU2017-class 6,18,1905FCDJJ,,,,5.3,Passed,
SU2017,SU2017-class 6,19,1905FCEAH,,,,1.6,Not Passed,
SU2017,SU2017-class 6,20,1905FCEHI,,,,4.9,Not Passed,
SU2017,SU2017-class 6,21,1905FCEAC,,,,6.5,Passed,
SU2017,SU2017-class 6,22,1905FCAEB,,,,6.2,Passed,
SU2017,SU2017-class 6,23,1905FAIIF,,,,5.8,Passed,
SU2017,SU2017-class 6,24,1905FAFJH,,,,5.1,Passed,
SU2017,SU2017-class 6,25,1905FCJEE,,,,5,Passed,
SU2017,SU2017-class 6,26,1905FADBG,,,,5.9,Passed,
SU2017,SU2017-class 6,27,1905FBGDD,,,,0,Not Passed,
SU2017,SU2017-class 7,1,1905FBHJJ,,,,5.6,Passed,
SU2017,SU2017-class 7,2,1905FAGCC,,,,8.2,Passed,
SU2017,SU2017-class 7,3,1905FBIHB,,,,3.6,Not Passed,
SU2017,SU2017-class 7,4,1905FBIAC,,,,5.1,Passed,
SU2017,SU2017-class 7,5,1905FCJBG,,,,5.9,Passed,
SU2017,SU2017-class 7,6,1905FCACF,,,,5.8,Passed,
SU2017,SU2017-class 7,7,1905FCDJC,,,,6.3,Passed,
SU2017,SU2017-class 7,8,1905FCAEA,,,,6.5,Passed,
SU2017,SU2017-class 7,9,1905FCBAB,,,,5,Passed,
SU2017,SU2017-class 7,10,1905FCADI,,,,6.7,Passed,
SU2017,SU2017-class 7,11,1905FBGIB,,,,5.2,Passed,
SU2017,SU2017-class 7,12,1905FBIAB,,,,6.3,Passed,
SU2017,SU2017-class 7,13,1905FCCDC,,,,6,Passed,
SU2017,SU2017-class 7,14,1905FCJJI,,,,5.3,Passed,
SU2017,SU2017-class 7,15,1905FCBBG,,,,6.3,Passed,
SU2017,SU2017-class 7,16,1905FCJCJ,,,,7.7,Passed,
SU2017,SU2017-class 7,17,1905FCBEI,,,,5.3,Passed,
SU2017,SU2017-class 7,18,1905FCBFA,,,,5,Passed,
SU2017,SU2017-class 7,19,1905FCCCI,,,,6,Passed,
SU2017,SU2017-class 7,20,1905FCEAE,,,,0,Not Passed,
SU2017,SU2017-class 7,21,1905FBIEC,,,,5.6,Passed,
SU2017,SU2017-class 7,22,1905FBHIG,,,,6,Passed,
SU2017,SU2017-class 7,23,1905FCJEJ,,,,6.8,Passed,
SU2017,SU2017-class 7,24,1905FBIBF,,,,6.1,Passed,
SU2017,SU2017-class 7,25,1905FBIJA,,,,5.5,Passed,
SU2017,SU2017-class 8,1,1905FCJBE,,,,7,Passed,
SU2017,SU2017-class 8,2,1905FBHJH,,,,6.3,Passed,
SU2017,SU2017-class 8,3,1905FCJEA,,,,5.1,Passed,
SU2017,SU2017-class 8,4,1905FBIFJ,,,,2.5,Not Passed,
SU2017,SU2017-class 8,5,1905FBIIJ,,,,5.8,Passed,
SU2017,SU2017-class 8,6,1905FCABD,,,,5.8,Passed,
SU2017,SU2017-class 8,7,1905FBHBC,,,,8.5,Passed,
SU2017,SU2017-class 8,8,1905FBIDF,,,,6.7,Passed,
SU2017,SU2017-class 8,9,1905FCBBD,,,,6.5,Passed,
SU2017,SU2017-class 8,10,1905FCEAD,,,,5.4,Passed,
SU2017,SU2017-class 8,11,1905FCJEF,,,,7.4,Passed,
SU2017,SU2017-class 8,12,1905FCEEF,,,,7.4,Passed,
SU2017,SU2017-class 8,13,1905FCEAF,,,,8.5,Passed,
SU2017,SU2017-class 8,14,1905FCEJH,,,,7.2,Passed,
SU2017,SU2017-class 8,15,1905FBGAA,,,,4,Not Passed,
SU2017,SU2017-class 8,16,1905FCJBI,,,,6.9,Passed,
SU2017,SU2017-class 8,17,1905FBIAE,,,,8.1,Passed,
SU2017,SU2017-class 8,18,1905FBIFF,,,,4.7,Not Passed,
SU2017,SU2017-class 8,19,1905FBHJD,,,,7.6,Passed,
SU2017,SU2017-class 8,20,1905FAHBA,,,,1.3,Not Passed,
SU2017,SU2017-class 8,21,1905FBIII,,,,6,Passed,
SU2017,SU2017-class 8,22,1905FCEJI,,,,4.4,Not Passed,
SU2017,SU2017-class 8,23,1905FCAGJ,,,,5.4,Passed,
SU2017,SU2017-class 8,24,1905FCCJI,,,,3.7,Not Passed,
SU2017,SU2017-class 8,25,1905FCBAF,,,,6.5,Passed,
SU2017,SU2017-class 8,26,1905FCEEA,,,,8.3,Passed,
SU2017,SU2017-class 9,1,1905FBIBC,,,,7.4,Passed,
SU2017,SU2017-class 9,2,1905FCJFG,,,,8,Passed,
SU2017,SU2017-class 9,3,1905FBDHF,,,,7,Passed,
SU2017,SU2017-class 9,4,1905FBHFE,,,,8.8,Passed,
SU2017,SU2017-class 9,5,1905FCEDH,,,,1.3,Not Passed,
SU2017,SU2017-class 9,6,1905FBHEF,,,,8.8,Passed,
SU2017,SU2017-class 9,7,1905FBHHB,,,,8,Passed,
SU2017,SU2017-class 9,8,1905FCAFF,,,,7.7,Passed,
SU2017,SU2017-class 9,9,1905FCAEI,,,,7.7,Passed,
SU2017,SU2017-class 9,10,1905FBIAJ,,,,6.1,Passed,
SU2017,SU2017-class 9,11,1905FCCDD,,,,8.5,Passed,
SU2017,SU2017-class 9,12,1905FCDBB,,,,8.1,Passed,
SU2017,SU2017-class 9,13,1905FBHFC,,,,8.8,Passed,
SU2017,SU2017-class 9,14,1905FBHCF,,,,8.6,Passed,
SU2017,SU2017-class 9,15,1905FCEDA,,,,6.1,Passed,
SU2017,SU2017-class 9,16,1905FCDJD,,,,7.7,Passed,
SU2017,SU2017-class 9,17,1905FCEEI,,,,7.8,Passed,
SU2017,SU2017-class 9,18,1905FCAFE,,,,7.7,Passed,
SU2017,SU2017-class 9,19,1905FCDJI,,,,7.5,Passed,
SU2017,SU2017-class 9,20,1905FBHFJ,,,,7.6,Passed,
SU2017,SU2017-class 9,21,1905FBHHJ,,,,8.8,Passed,
SU2017,SU2017-class 9,22,1905FCDJE,,,,6.7,Passed,
SU2017,SU2017-class 9,23,1905FCDFH,,,,7,Passed,
SU2017,SU2017-class 9,24,1905FBIEA,,,,7.7,Passed,
SU2017,SU2017-class 9,25,1905FCJDA,,,,8.2,Passed,
SU2017,SU2017-class 10,1,1905FBHJE,,,,8.3,Passed,
SU2017,SU2017-class 10,2,1905FCBDF,,,,8.2,Passed,
SU2017,SU2017-class 10,3,1905FCBDB,,,,6.9,Passed,
SU2017,SU2017-class 10,4,1905FCACI,,,,7.3,Passed,
SU2017,SU2017-class 10,5,1905FCBGI,,,,8.2,Passed,
SU2017,SU2017-class 10,6,1905FCACC,,,,8.1,Passed,
SU2017,SU2017-class 10,7,1905FBIHC,,,,8,Passed,
SU2017,SU2017-class 10,8,1905FCADJ,,,,8.2,Passed,
SU2017,SU2017-class 10,9,1905FBICI,,,,7.7,Passed,
SU2017,SU2017-class 10,10,1905FBFJA,,,,0.8,Not Passed,
SU2017,SU2017-class 10,11,1905FBHCA,,,,8.3,Passed,
SU2017,SU2017-class 10,12,1905FADDD,,,,7.1,Passed,
SU2017,SU2017-class 10,13,1905FCDCD,,,,8.7,Passed,
SU2017,SU2017-class 10,14,1905FBDHJ,,,,0,Not Passed,
SU2017,SU2017-class 10,15,1905FBIFI,,,,8.1,Passed,
SU2017,SU2017-class 10,16,1905FBGHD,,,,8.4,Passed,
SU2017,SU2017-class 10,17,1905FCAJF,,,,8.6,Passed,
SU2017,SU2017-class 10,18,1905FCDDE,,,,8,Passed,
SU2017,SU2017-class 10,19,1905FCAAB,,,,7.6,Passed,
SU2017,SU2017-class 10,20,1905FBGIA,,,,0,Not Passed,
SU2017,SU2017-class 10,21,1905FCJHI,,,,7.7,Passed,
SU2017,SU2017-class 10,22,1905FCDCF,,,,7.9,Passed,
SU2017,SU2017-class 10,23,1905FCCDI,,,,7.8,Passed,
SU2017,SU2017-class 10,24,1905FCAIB,,,,8.3,Passed,
SU2017,SU2017-class 10,25,1905FCCIJ,,,,8.2,Passed,
SU2017,SU2017-class 10,26,1905FBJEB,,,,7.3,Passed,
SU2018,SU2018-class 1,1,1905ACJDDF,,9,6.2,6.3,Passed,3.8
SU2018,SU2018-class 1,2,1905ACJFIJ,,8.5,7.2,6.9,Passed,5
SU2018,SU2018-class 1,3,1905ACJECA,,8,5,7.3,Passed,9.5
SU2018,SU2018-class 1,4,1905ACJBJA,,9.5,6.6,8.2,Passed,8.9
SU2018,SU2018-class 1,5,1905ACJBFG,,2.3,0,0.8,Not Passed,0.3
SU2018,SU2018-class 1,6,1905ACJAFC,,4.5,8.2,7.1,Passed,8.3
SU2018,SU2018-class 1,7,1905ACJDBE,,4,4.6,4.2,Not Passed,3.8
SU2018,SU2018-class 1,8,1905ACJJGD,,8,4.2,5.5,Passed,4.8
SU2018,SU2018-class 1,9,1905ACJAIF,,4.8,0,2.2,Not Passed,2.5
SU2018,SU2018-class 1,10,1905ACJCGE,,9,5.6,5.8,Passed,2.8
SU2018,SU2018-class 1,11,1905ACJADI,,9.5,5,7.1,Passed,7.5
SU2018,SU2018-class 1,12,1905ACJJIJ,,6.5,5.2,5.3,Passed,4.3
SU2018,SU2018-class 1,13,1905ACJDFD,,4.5,0,1.9,Not Passed,1.8
SU2018,SU2018-class 1,14,1905ACJDEH,,7,5.2,5.1,Passed,3
SU2018,SU2018-class 1,15,1905ACJEDA,,8,7,8.1,Passed,9.5
SU2018,SU2018-class 1,16,1905ACJBFC,,4.3,0,1.7,Not Passed,1.3
SU2018,SU2018-class 1,17,1905ACJBDD,,7.3,0,3,Not Passed,2.8
SU2018,SU2018-class 1,18,1905ACJGFA,,8.8,4.4,7.3,Passed,9.5
SU2018,SU2018-class 1,19,1905FCEBA,,0,0,0,Not Passed,0
SU2018,SU2018-class 1,20,1905ACJJAH,,6.5,5.4,5.2,Passed,3.5
SU2018,SU2018-class 1,21,1905ACJCGA,,7,2.8,5,Not Passed,6
SU2018,SU2018-class 1,22,1905ACJJCI,,8.8,5.8,6.4,Passed,4.8
SU2018,SU2018-class 1,23,1905ACJCGB,,7,4.8,5.4,Passed,4.5
SU2018,SU2018-class 1,24,1905ACJECD,,8.8,4.8,6.2,Passed,5.3
SU2018,SU2018-class 2,1,1905ACJDHJ,,0,0,1.5,Not Passed,4.9
SU2018,SU2018-class 2,2,1905ACJCAI,,10,4,6.8,Passed,7.2
SU2018,SU2018-class 2,3,1905ACJAGD,,10,4.8,6.8,Passed,6.2
SU2018,SU2018-class 2,4,1905ACJACA,,10,6.4,7.4,Passed,6.1
SU2018,SU2018-class 2,5,1905FCCCF,,0,0,0,Not Passed,0
SU2018,SU2018-class 2,6,1905ACJBDA,,10,4.4,6.7,Passed,6.3
SU2018,SU2018-class 2,7,1905ACJBFB,,10,4.4,7.3,Passed,8.4
SU2018,SU2018-class 2,8,1905FCDDI,,5.3,3.2,4.5,Not Passed,5.5
SU2018,SU2018-class 2,9,1905FCJIH,,10,2.8,5.5,Not Passed,4.7
SU2018,SU2018-class 2,10,1905ACJCJC,,0,0,0,Not Passed,0
SU2018,SU2018-class 2,11,1905ACJBED,,10,4.6,7.1,Passed,7.5
SU2018,SU2018-class 2,12,1905ACJCIA,,10,6.4,7.5,Passed,6.4
SU2018,SU2018-class 2,13,1905FCBGH,,0,0,0,Not Passed,0
SU2018,SU2018-class 2,14,1905ACJDED,,5.3,4.6,5.4,Passed,6.7
SU2018,SU2018-class 2,15,1905ADJJJE,,10,4.4,6.2,Passed,4.8
SU2018,SU2018-class 2,16,1905ACJAJD,,2.8,3.8,3.6,Not Passed,4
SU2018,SU2018-class 2,17,1905ACJJEJ,,0.5,0,1.4,Not Passed,4.2
SU2018,SU2018-class 2,18,1905ACJFGD,,0,0,1.4,Not Passed,4.7
SU2018,SU2018-class 2,19,1905ACJAJB,,10,5,7.1,Passed,7
SU2018,SU2018-class 2,20,1905ACJEAD,,6.5,4.6,5.4,Passed,5.4
SU2018,SU2018-class 2,21,1905ACJDJC,,10,4.2,6.9,Passed,7.5
SU2018,SU2018-class 2,22,1905ACJJAB,,10,4.8,7.1,Passed,7.4
SU2018,SU2018-class 3,1,1905FBIFJ,,6,3.2,5.2,Not Passed,7.1
SU2018,SU2018-class 3,2,1905FCCAE,,6,3.4,4.5,Not Passed,4.3
SU2018,SU2018-class 3,3,1905FCAFG,,0,0,0,Not Passed,0
SU2018,SU2018-class 3,4,1905ACJGBD,,6,6,6.5,Passed,7.7
SU2018,SU2018-class 3,5,1905ACJAFJ,,9,6,7.8,Passed,9
SU2018,SU2018-class 3,6,1905FCCGC,,5.5,0,2.9,Not Passed,4.1
SU2018,SU2018-class 3,7,1905ACJJEC,,5,4.6,5.6,Passed,7.6
SU2018,SU2018-class 3,8,1905ACJBAA,,5.5,0,3.6,Not Passed,6.5
SU2018,SU2018-class 3,9,1905ACJBAF,,0,0,0,Not Passed,0
SU2018,SU2018-class 3,10,1905ACJAHD,,8.5,4.4,6.9,Passed,8.6
SU2018,SU2018-class 3,11,1905ACJJHG,,4.5,5.6,5.7,Passed,7.1
SU2018,SU2018-class 3,12,1905ACJJII,,2,0,1.8,Not Passed,4
SU2018,SU2018-class 3,13,1905FAIHI,,4.5,3.2,4.3,Not Passed,5.6
SU2018,SU2018-class 3,14,1905ACJBBJ,,0,0,0.4,Not Passed,1.4
SU2018,SU2018-class 3,15,1905ACJJDE,,7.8,4.4,6.5,Passed,8
SU2018,SU2018-class 3,16,1905ACJJCG,,4.5,4.8,5.5,Passed,7.5
SU2018,SU2018-class 3,17,1905ACJJAG,,7,6,6.8,Passed,7.6
SU2018,SU2018-class 3,18,1905ACJJCC,,4.5,3.6,4.4,Not Passed,5.5
SU2018,SU2018-class 3,19,1905ACJFGF,,7,4.4,6.1,Passed,7.3
SU2018,SU2018-class 3,20,1905ACJJBE,,6,4.2,6,Passed,8.3
SU2018,SU2018-class 3,21,1905ACJCHC,,6,3.4,4.8,Not Passed,5.4
SU2018,SU2018-class 3,22,1905ACJDFH,,6.5,0,2.7,Not Passed,2.6
SU2018,SU2018-class 3,23,1905ACJJFC,,6,4.4,5.3,Passed,5.8
SU2018,SU2018-class 3,24,1905ACJJHC,,5.5,7.2,7.1,Passed,8.4
SU2018,SU2018-class 3,25,1905ACJJGC,,10,5.6,7.6,Passed,7.9
SU2018,SU2018-class 3,26,1905ACJECB,,0,0,0,Not Passed,0
SU2018,SU2018-class 3,27,1905ACJABJ,,5.5,6,6.6,Passed,8.6
SU2018,SU2018-class 3,28,1905ACJJID,,6.5,5.4,6.7,Passed,8.5
SU2018,SU2018-class 3,29,1905FBJCE,,3.5,0,1.8,Not Passed,2.6
SU2018,SU2018-class 4,1,1905FBAJB,,9,4.6,6.6,Passed,6.9
SU2018,SU2018-class 4,2,1905ACJFIE,,7.5,4.4,5.6,Passed,5.3
SU2018,SU2018-class 4,3,1905ACJJGB,,7.8,5.4,6.4,Passed,6.4
SU2018,SU2018-class 4,4,1905ACJFBA,,8.5,5,6.5,Passed,6.5
SU2018,SU2018-class 4,5,1905ACJACE,,7.5,6.2,6.5,Passed,5.8
SU2018,SU2018-class 4,6,1905ACJCDC,,7.5,5.8,6.4,Passed,6
SU2018,SU2018-class 4,7,1905ACJGGJ,,8,5.8,6.3,Passed,5.1
SU2018,SU2018-class 4,8,1905ACJJFI,,8.3,4.8,6.4,Passed,6.6
SU2018,SU2018-class 4,9,1905ACJJBH,,8.5,4.4,6.1,Passed,6
SU2018,SU2018-class 4,10,1905ACJJFG,,7,4,5.2,Passed,5
SU2018,SU2018-class 4,11,1905ACJABB,,8,5.6,6.2,Passed,5.3
SU2018,SU2018-class 4,12,1905ACJJDI,,9,6,7.3,Passed,7.4
SU2018,SU2018-class 4,13,1905ACJEHH,,8,4.4,5.9,Passed,5.9
SU2018,SU2018-class 4,14,1905ACJCEJ,,7.5,4.2,5,Passed,3.6
SU2018,SU2018-class 4,15,1905ACJGFB,,7.5,3.6,5.1,Not Passed,4.6
SU2018,SU2018-class 4,16,1905ACJGAB,,9,6.6,7.4,Passed,6.9
SU2018,SU2018-class 4,17,1905ACJABF,,8,5.2,6,Passed,5
SU2018,SU2018-class 4,18,1905ACJFIC,,8.5,4.8,6.1,Passed,5.3
SU2018,SU2018-class 4,19,1905ACJJEG,,8.3,3.2,5.3,Not Passed,5
SU2018,SU2018-class 4,20,1905FBIHA,,0,0,0,Not Passed,0
SU2018,SU2018-class 4,21,1905ACJJBF,,9,4.6,6.2,Passed,5.5
SU2018,SU2018-class 4,22,1905ACJJDA,,8.5,4.8,6.1,Passed,5.4
SU2018,SU2018-class 4,23,1905ACJFBF,,8.5,5.4,6.5,Passed,6.1
SU2018,SU2018-class 4,24,1905ACJABA,,7.8,4.6,5.8,Passed,5.3
SU2018,SU2018-class 4,25,1905ACJJDJ,,9,5.6,6.9,Passed,6.5
SU2018,SU2018-class 5,1,1905ACJCFE,,8,4.6,6.7,Passed,8.1
SU2018,SU2018-class 5,2,1905ACJBBB,,5,6.4,6.3,Passed,7.6
SU2018,SU2018-class 5,3,1905ACJCFG,,7.5,4,6.4,Passed,8.4
SU2018,SU2018-class 5,4,1905ACJCAH,,8,6.6,7.6,Passed,8.6
SU2018,SU2018-class 5,5,1905ACJBEF,,8,6.2,7.5,Passed,8.6
SU2018,SU2018-class 5,6,1905ACJBGA,,8,6.8,7.7,Passed,8.5
SU2018,SU2018-class 5,7,1905ACJADF,,5.5,4.4,5.7,Passed,7.6
SU2018,SU2018-class 5,8,1905ACJCJE,,7.5,3.2,5.9,Not Passed,7.8
SU2018,SU2018-class 5,9,1905ACJCCB,,9,6.2,7.9,Passed,9
SU2018,SU2018-class 5,10,1905ACJCDE,,6.5,4.6,6.4,Passed,8.7
SU2018,SU2018-class 5,11,1905ACJAIA,,5.5,5.4,6,Passed,7.3
SU2018,SU2018-class 5,12,1905ACJBBF,,10,6.6,8.3,Passed,8.9
SU2018,SU2018-class 5,13,1905ACJBIA,,7.5,5.8,7.2,Passed,8.9
SU2018,SU2018-class 5,14,1905ACJAFF,,7,5.2,6.3,Passed,7.2
SU2018,SU2018-class 5,15,1905ACJCFB,,5,4.8,5.6,Passed,7.2
SU2018,SU2018-class 5,16,1905ACJAHI,,5,5.2,5.9,Passed,7.8
SU2018,SU2018-class 5,17,1905ACJAFB,,8.5,6.4,7.8,Passed,9.1
SU2018,SU2018-class 5,18,1905ACJCFJ,,7.5,4.2,6.4,Passed,8.3
SU2018,SU2018-class 5,19,1905ACJACI,,7.5,7.8,8,Passed,8.8
SU2018,SU2018-class 5,20,1905ACJCFA,,8,4.8,6.8,Passed,8.4
SU2018,SU2018-class 5,21,1905ACJCEC,,7.5,4.4,5.8,Passed,5.8
SU2018,SU2018-class 5,22,1905ACJCCE,,7.5,5.2,6.4,Passed,7
SU2018,SU2018-class 5,23,1905FBIFF,,7,4.2,5.1,Passed,4.5
SU2018,SU2018-class 5,24,1905ACJCEA,,7.5,6,7.1,Passed,8
SU2018,SU2018-class 5,25,1905ACJAEB,,8,4.6,6.9,Passed,8.8
SU2018,SU2018-class 6,1,1905ACJFEB,,5,4.2,5.1,Passed,6.3
SU2018,SU2018-class 6,2,1905ACJEEC,,10,6.6,7.7,Passed,7
SU2018,SU2018-class 6,3,1905FBFGE,,4.3,2.6,4.1,Not Passed,5.9
SU2018,SU2018-class 6,4,1905ACJFBI,,0.5,6.4,4.3,Not Passed,5.3
SU2018,SU2018-class 6,5,1905ACJFAA,,10,6.8,7.8,Passed,6.8
SU2018,SU2018-class 6,6,1905ACJEEA,,6.3,5.8,6.3,Passed,7
SU2018,SU2018-class 6,7,1905ACJDCD,,4.3,6.2,6,Passed,7.3
SU2018,SU2018-class 6,8,1905ACJFDF,,10,4,6.7,Passed,7.1
SU2018,SU2018-class 6,9,1905ACJDHF,,10,5.8,7.5,Passed,7.3
SU2018,SU2018-class 6,10,1905ACJDGG,,6,4,5.5,Passed,6.9
SU2018,SU2018-class 6,11,1905ACJDIC,,7.8,6.2,7.2,Passed,7.8
SU2018,SU2018-class 6,12,1905ACJCIB,,5,6.8,6.3,Passed,6.8
SU2018,SU2018-class 6,13,1905ACJDEJ,,1.8,0,2.4,Not Passed,6.3
SU2018,SU2018-class 6,14,1905ACJCHF,,3,5.2,5.2,Passed,7.5
SU2018,SU2018-class 6,15,1905ACJGJB,,8.8,6.8,7.5,Passed,7.1
SU2018,SU2018-class 6,16,1905ACJGJF,,9.5,5.6,7.3,Passed,7.4
SU2018,SU2018-class 6,17,1905ACJDCF,,0.5,6.6,5.1,Passed,7.8
SU2018,SU2018-class 6,18,1905ACJCGG,,1,7.2,5.1,Passed,6.5
SU2018,SU2018-class 6,19,1905ACJGJG,,8.5,5.2,6.6,Passed,6.5
SU2018,SU2018-class 6,20,1905ACJDJE,,1,0,2.3,Not Passed,6.5
SU2018,SU2018-class 6,21,1905ACJEJJ,,2.5,0,2.4,Not Passed,5.4
SU2018,SU2018-class 6,22,1905ACJDGC,,3,0,2.8,Not Passed,6.3
SU2018,SU2018-class 6,23,1905ACJDJA,,5,4.4,5.2,Passed,6.5
SU2018,SU2018-class 6,24,1905ACJFDD,,5,6.4,5.7,Passed,5.4
SU2018,SU2018-class 6,25,1905ACJFJJ,,6.3,5.6,6.1,Passed,6.5
SU2018,SU2018-class 6,26,1905ACJFIG,,10,8.2,8.3,Passed,6.8
SU2018,SU2018-class 6,27,1905ACJEIG,,0.5,0,2.1,Not Passed,6.5
SU2018,SU2018-class 7,1,1905ACJJHH,,9.5,6.6,8,Passed,8.3
SU2018,SU2018-class 7,2,1905ACJJBD,,7.8,0,3.8,Not Passed,5
SU2018,SU2018-class 7,3,1905FBHFB,,0,0,0,Not Passed,0
SU2018,SU2018-class 7,4,1905ACJJJE,,7,4.6,5.1,Passed,3.8
SU2018,SU2018-class 7,5,1905ACJJHF,,9.3,6.8,7.9,Passed,7.8
SU2018,SU2018-class 7,6,1905ACJJIF,,9.3,4.8,6.5,Passed,6.1
SU2018,SU2018-class 7,7,1905ACJGEF,,9,6,7.4,Passed,7.6
SU2018,SU2018-class 7,8,1905ACJJBB,,8.8,5.8,6.7,Passed,5.8
SU2018,SU2018-class 7,9,1905ACJGBI,,6.5,0,2,Not Passed,0.3
SU2018,SU2018-class 7,10,1905ACJCCH,,0,0,0.8,Not Passed,2.5
SU2018,SU2018-class 7,11,1905ACJCGJ,,9,7.4,8.2,Passed,8.3
SU2018,SU2018-class 7,12,1905ACJGAJ,,9,6.4,7.7,Passed,8
SU2018,SU2018-class 7,13,1905ACJABD,,6.5,5.4,5.7,Passed,5.3
SU2018,SU2018-class 7,14,1905ACJJFF,,4.8,0,3,Not Passed,5.3
SU2018,SU2018-class 7,15,1905ACJDGH,,6.5,5.2,5.8,Passed,6
SU2018,SU2018-class 7,16,1905ACJJCA,,0,0,1.5,Not Passed,5
SU2018,SU2018-class 7,17,1905ACJGEG,,9,6.6,7,Passed,5.5
SU2018,SU2018-class 7,18,1905ACJJHD,,9,6.8,8.1,Passed,9
SU2018,SU2018-class 7,19,1905FBGCA,,0,0,0,Not Passed,0
SU2018,SU2018-class 7,20,1905ACJGDC,,8.5,6.2,6.9,Passed,6.3
SU2018,SU2018-class 7,21,1905ACJCGH,,8,5.4,5.9,Passed,4.3
SU2018,SU2018-class 7,22,1905ACJEDJ,,6.5,5.2,5.2,Passed,4
SU2018,SU2018-class 7,23,1905ACJGDE,,8.5,5,7,Passed,8
SU2018,SU2018-class 7,24,1905ACJDFB,,8,4.2,6.2,Passed,6.9
SU2018,SU2018-class 8,1,1905ACJDAI,,6,0,2.9,Not Passed,3.8
SU2018,SU2018-class 8,2,1905ACJBGE,,7,5,5.8,Passed,5.6
SU2018,SU2018-class 8,3,1905ACJAFA,,7.5,5.2,6.3,Passed,6.4
SU2018,SU2018-class 8,4,1905ACJCCA,,9,4.4,6.4,Passed,6.3
SU2018,SU2018-class 8,5,1905ACJBII,,6.5,4.4,5.3,Passed,5.4
SU2018,SU2018-class 8,6,1905ACJCDA,,8,5.6,6.6,Passed,6.5
SU2018,SU2018-class 8,7,1905FBDJB,,7.5,5,5.9,Passed,5.6
SU2018,SU2018-class 8,8,1905ACJBIC,,5.5,4.2,5.4,Passed,6.8
SU2018,SU2018-class 8,9,1905ACJBHG,,7,5.4,6.4,Passed,7.1
SU2018,SU2018-class 8,10,1905ACJAEE,,3.5,0,2.3,Not Passed,4
SU2018,SU2018-class 8,11,1905ACJAAI,,6.5,4.8,5.6,Passed,5.8
SU2018,SU2018-class 8,12,1905ACJCCF,,9,6.4,7.8,Passed,8.3
SU2018,SU2018-class 8,13,1905ACJBIF,,8.5,4,6.5,Passed,7.8
SU2018,SU2018-class 8,14,1905ACJAFE,,10,5.8,8,Passed,8.8
SU2018,SU2018-class 8,15,1905ACJADA,,9,5,7.1,Passed,8
SU2018,SU2018-class 8,16,1905ACJCAE,,7,4.2,5.8,Passed,6.8
SU2018,SU2018-class 8,17,1905ACJBIG,,6.5,5,5.4,Passed,4.9
SU2018,SU2018-class 8,18,1905ACJCBF,,6.5,5,5.3,Passed,4.4
SU2018,SU2018-class 8,19,1905ACJCAB,,7,5,6.1,Passed,6.5
SU2018,SU2018-class 8,20,1905ACJBFH,,7,5.6,5.7,Passed,4.6
SU2018,SU2018-class 8,21,1905ACJAHH,,7.5,2.4,4.7,Not Passed,4.8
SU2018,SU2018-class 8,22,1905ACJCFI,,7.5,5.2,6,Passed,5.4
SU2018,SU2018-class 8,23,1905ACJBGH,,8,6.4,7.2,Passed,7.6
SU2018,SU2018-class 8,24,1905ACJBFJ,,7,3.8,5.2,Not Passed,5.1
SU2018,SU2018-class 8,25,1905ACJBGG,,8,5.2,6.6,Passed,7
SU2018,SU2018-class 9,1,1905FCDDG,,7,3.6,4.8,Not Passed,4.3
SU2018,SU2018-class 9,2,1905ACJFJD,,7.3,6,7,Passed,7.9
SU2018,SU2018-class 9,3,1905ACJDIJ,,8,3.8,6,Not Passed,6.9
SU2018,SU2018-class 9,4,1905ACJFJA,,7.5,5.2,6.5,Passed,7.1
SU2018,SU2018-class 9,5,1905FCDBG,,5.5,0,2.6,Not Passed,3
SU2018,SU2018-class 9,6,1905ACJEIJ,,6.8,5.2,6.3,Passed,7.1
SU2018,SU2018-class 9,7,1905ACJEED,,6.3,5,5.7,Passed,6.1
SU2018,SU2018-class 9,8,1905ACJDHA,,6.8,4.8,5.9,Passed,6.5
SU2018,SU2018-class 9,9,1905ACJCHJ,,7.5,5.6,6.7,Passed,7.3
SU2018,SU2018-class 9,10,1905ACJEBG,,7,2.4,4.5,Not Passed,4.9
SU2018,SU2018-class 9,11,1905ACJEJI,,7.5,5.6,6.3,Passed,6
SU2018,SU2018-class 9,12,1905ACJEHE,,8,5.2,6.4,Passed,6.4
SU2018,SU2018-class 9,13,1905ACJEID,,7.5,7.6,7.7,Passed,7.9
SU2018,SU2018-class 9,14,1905ACJEFC,,8,5.4,6.5,Passed,6.5
SU2018,SU2018-class 9,15,1905ACJDCI,,7.8,4.4,5.5,Passed,4.5
SU2018,SU2018-class 9,16,1905ACJEAG,,8,5.4,6.2,Passed,5.4
SU2018,SU2018-class 9,17,1905ACJEGA,,8,7.2,7.3,Passed,6.6
SU2018,SU2018-class 9,18,1905ACJDCE,,7,5.6,6.3,Passed,6.4
SU2018,SU2018-class 9,19,1905ACJEAB,,7.3,6.2,6,Passed,4.5
SU2018,SU2018-class 9,20,1905ACJEJH,,7.8,4.4,6.2,Passed,7.1
SU2018,SU2018-class 9,21,1905ACJDDD,,9,0,4.3,Not Passed,5.3
SU2018,SU2018-class 9,22,1905ACJDDJ,,8,4,5.5,Passed,5
SU2018,SU2018-class 10,1,1905FBAJI,,8.5,7.6,7.2,Passed,5.5
SU2018,SU2018-class 10,2,1905ACJFDI,,5.5,6,5.4,Passed,4.6
SU2018,SU2018-class 10,3,1905ACJGAH,,7,4.8,6.5,Passed,8.3
SU2018,SU2018-class 10,4,1905ACJDGJ,,7,2.8,5.1,Not Passed,6.4
SU2018,SU2018-class 10,5,1905ACJFEH,,6.5,4.2,5.8,Passed,7.1
SU2018,SU2018-class 10,6,1905ACJFDB,,8,5.4,7.2,Passed,8.9
SU2018,SU2018-class 10,7,1905ACJFAF,,7,7.2,7.2,Passed,7.5
SU2018,SU2018-class 10,8,1905ACJECH,,8,4.6,6.9,Passed,9
SU2018,SU2018-class 10,9,1905ACJFAE,,8.5,8.2,8.7,Passed,9.5
SU2018,SU2018-class 10,10,1905ACJFFE,,8,5.2,7.2,Passed,9
SU2018,SU2018-class 10,11,1905ACJGCI,,8,4.2,6.6,Passed,8.3
SU2018,SU2018-class 10,12,1905ACJFHI,,8,2.8,5.5,Not Passed,6.7
SU2018,SU2018-class 10,13,1905ACJFJG,,9.5,6,7.9,Passed,8.7
SU2018,SU2018-class 10,14,1905FBGAA,,7,2,4.4,Not Passed,5
SU2018,SU2018-class 10,15,1905ACJFHF,,8,4.6,6.6,Passed,8
SU2018,SU2018-class 10,16,1905ACJGCB,,7,4.8,6.4,Passed,7.9
SU2018,SU2018-class 10,17,1905ACJGBE,,8,5,6.4,Passed,6.7
SU2018,SU2018-class 10,18,1905FCEEE,,0,0,0,Not Passed,0
SU2018,SU2018-class 10,19,1905ACJFHJ,,9,7.4,8.4,Passed,9.2
SU2018,SU2018-class 10,20,1905ACJGEC,,0,0,0,Not Passed,0
SU2018,SU2018-class 10,21,1905ACJDEC,,5.5,5,6.2,Passed,8.4
SU2018,SU2018-class 11,1,1905FAEEG,,5.5,3,4.8,Not Passed,6.5
SU2018,SU2018-class 11,2,1905ACJJAA,,8,3.4,6.1,Not Passed,7.9
SU2018,SU2018-class 11,3,1905ACJACF,,8,5.6,7,Passed,7.7
SU2018,SU2018-class 11,4,1905ACJDCB,,6,3.4,5,Not Passed,6
SU2018,SU2018-class 11,5,1905FBHFI,,8,8.2,8.1,Passed,8.2
SU2018,SU2018-class 11,6,1905ACJJJH,,8.5,5,7,Passed,8.2
SU2018,SU2018-class 11,7,1905ACJJJD,,6,4.8,5.6,Passed,6.1
SU2018,SU2018-class 11,8,1905ACJBIJ,,4.5,0,3.1,Not Passed,5.8
SU2018,SU2018-class 11,9,1905ACJBCB,,7.5,5.4,6.5,Passed,7
SU2018,SU2018-class 11,10,1905ACJJAJ,,9.5,4.4,6.8,Passed,7.3
SU2018,SU2018-class 11,11,1905FBHIC,,5.5,3.4,4.9,Not Passed,6.3
SU2018,SU2018-class 11,12,1905ACJBJC,,5,5,5.7,Passed,7.3
SU2018,SU2018-class 11,13,1905ACJBAC,,3.5,0,1.7,Not Passed,2
SU2018,SU2018-class 11,14,1905ACJAGC,,8.5,5,6.8,Passed,7.6
SU2018,SU2018-class 11,15,1905ACJAFI,,8.5,4.4,6.3,Passed,6.7
SU2018,SU2018-class 11,16,1905FCCHB,,8,5.2,6.7,Passed,7.4
SU2018,SU2018-class 11,17,1905ACJBBE,,5.5,4.8,5.8,Passed,7.3
SU2018,SU2018-class 12,1,1905ACJGAD,,6.5,5.2,6.4,Passed,8
SU2018,SU2018-class 12,2,1905ACJEHJ,,4.5,6.6,6.4,Passed,8
SU2018,SU2018-class 12,3,1905ACJCEG,,3.5,4,4.7,Not Passed,6.8
SU2018,SU2018-class 12,4,1905ACJFGI,,8.5,3.6,5.6,Not Passed,5.3
SU2018,SU2018-class 12,5,1905ACJGFG,,3,5.6,5.3,Passed,7.1
SU2018,SU2018-class 12,6,1905FCEFA,,3.3,0,1.9,Not Passed,2.9
SU2018,SU2018-class 12,7,1905ACJCEF,,6,4.6,5.8,Passed,7.2
SU2018,SU2018-class 12,8,1905ACJFDG,,2.5,3.6,4.3,Not Passed,7.1
SU2018,SU2018-class 12,9,1905ACJGCD,,8.8,5.2,7.2,Passed,8.1
SU2018,SU2018-class 12,10,1905ACJFFF,,5.3,5,5.4,Passed,6
SU2018,SU2018-class 12,11,1905ACJCBA,,7,4.6,6.3,Passed,8
SU2018,SU2018-class 12,12,1905ACJDEF,,10,4,7,Passed,8
SU2018,SU2018-class 12,13,1905FBABD,,10,4,6.9,Passed,7.8
SU2018,SU2018-class 12,14,1905ACJCBB,,7,5.4,6.6,Passed,7.9
SU2018,SU2018-class 12,15,1905ACJCCC,,6,4,5.5,Passed,7
SU2018,SU2018-class 12,16,1905ACJGDB,,9,5.2,6.9,Passed,6.9
SU2018,SU2018-class 12,17,1905ACJFHG,,9,3.8,5.7,Not Passed,4.8
SU2018,SU2018-class 12,18,1905ACJBCH,,0,0,2.2,Not Passed,7.3
SU2018,SU2018-class 12,19,1905ACJDDG,,10,6,7.8,Passed,8
SU2018,SU2018-class 12,20,1905ACJCJG,,7.8,2.6,5.5,Not Passed,7.1
SU2019,SU2019-class 1,1,1905ACJBGJ,,4,3.6,4,Not Passed,4.5
SU2019,SU2019-class 1,2,1905ADJEIA,,8,5.2,6.1,Passed,5.5
SU2019,SU2019-class 1,3,1905ADJGJH,,8,3.8,4.7,Not Passed,2.6
SU2019,SU2019-class 1,4,1905ADAJFJ,,8.5,4,5.9,Passed,5.8
SU2019,SU2019-class 1,5,1905ADJFHA,,7,5.2,6.2,Passed,6.6
SU2019,SU2019-class 1,6,1905ADAJHE,,7,2,3.9,Not Passed,3.4
SU2019,SU2019-class 1,7,1905ADJGAF,,8.5,7,7.2,Passed,6
SU2019,SU2019-class 1,8,1905ADJIJI,,8.5,4.8,6.3,Passed,6.1
SU2019,SU2019-class 1,9,1905ADAJEI,,7.5,5.2,5.8,Passed,4.9
SU2019,SU2019-class 1,10,1905ADAJAA,,8,5.8,6.7,Passed,6.6
SU2019,SU2019-class 1,11,1905ADJFDC,,9,5.4,6.6,Passed,5.9
SU2019,SU2019-class 1,12,1905ADJEIC,,8.5,4.8,6.4,Passed,6.4
SU2019,SU2019-class 1,13,1905ACJBIH,,4,0,2.4,Not Passed,3.9
SU2019,SU2019-class 1,14,1905ADJGBE,,7,5.4,6.1,Passed,6.1
SU2019,SU2019-class 1,15,1905ADJAEC,,8.5,4.4,6.2,Passed,6.3
SU2019,SU2019-class 1,16,1905ACJBDG,,8,4.2,6.2,Passed,7
SU2019,SU2019-class 1,17,1905ADAJGI,,8.5,5.8,7,Passed,7.1
SU2019,SU2019-class 1,18,1905ADJGFB,,8.5,6.2,5.6,Passed,2
SU2019,SU2019-class 1,19,1905ADJEHE,,7.5,3.2,4.5,Not Passed,3.1
SU2019,SU2019-class 1,20,1905ACJBGC,,0,0,0.6,Not Passed,2.1
SU2019,SU2019-class 1,21,1905ADJADF,,9,5,6.5,Passed,5.9
SU2019,SU2019-class 1,22,1905ADJDBG,,8,4.8,5.9,Passed,5.1
SU2019,SU2019-class 1,23,1905ADJBEF,,8.5,5.2,6.5,Passed,6.1
SU2019,SU2019-class 1,24,1905ADJAHF,,7.5,4.6,4.4,Not Passed,0.9
SU2019,SU2019-class 1,25,1905ADJGEA,,8,5.2,5.5,Passed,3.3
SU2019,SU2019-class 1,26,1905ADJBEJ,,9,5.6,6.9,Passed,6.4
SU2019,SU2019-class 1,27,1905ADJBDB,,6,5,5.9,Passed,6.9
SU2019,SU2019-class 1,28,1905ADJFFH,,8,4.6,5.9,Passed,5.6
SU2019,SU2019-class 1,29,1905ADJGDH,,7.5,4.8,5.7,Passed,5.1
SU2019,SU2019-class 1,30,1905ACJBEC,,9,4.4,6.3,Passed,6.1
SU2019,SU2019-class 2,1,1905FBBID,,5,5.8,5.4,Passed,5.3
SU2019,SU2019-class 2,2,1905ACJGCA,,7.8,4.4,6,Passed,6.3
SU2019,SU2019-class 2,3,1905ACJCJJ,,7.3,0,4.2,Not Passed,6.6
SU2019,SU2019-class 2,4,1905ACJAJF,,8,4,5.9,Passed,6.4
SU2019,SU2019-class 2,5,1905ACJFAJ,,7.5,4.2,5.6,Passed,5.5
SU2019,SU2019-class 2,6,1905ACJBFG,,7.3,5.2,6.1,Passed,6.1
SU2019,SU2019-class 2,7,1905ACJDGB,,6.5,4.4,5.6,Passed,6.3
SU2019,SU2019-class 2,8,1905ACJDBE,,8,4,6.5,Passed,8.3
SU2019,SU2019-class 2,9,1905ACJEDC,,7.5,4,5.8,Passed,6.5
SU2019,SU2019-class 2,10,1905ACJGBI,,7.5,3.6,5.6,Not Passed,6.3
SU2019,SU2019-class 2,11,1905FCJEH,,8.5,5.2,6.8,Passed,7.3
SU2019,SU2019-class 2,12,1905ADJFHF,,7.5,0,4.3,Not Passed,6.8
SU2019,SU2019-class 2,13,1905ACJEIA,,8.5,3.2,5.7,Not Passed,6.1
SU2019,SU2019-class 2,14,1905ADJJAD,,7.3,4.2,5.6,Passed,5.9
SU2019,SU2019-class 2,15,1905ACJBAB,,7.5,4.2,6.2,Passed,7.4
SU2019,SU2019-class 2,16,1905ACJDBD,,8.5,4.8,6.3,Passed,6.1
SU2019,SU2019-class 2,17,1905ADJDFA,,7.3,5.2,6.4,Passed,7
SU2019,SU2019-class 2,18,1905FBFEB,,7.8,7,7.4,Passed,7.5
SU2019,SU2019-class 2,19,1905ACJDAF,,0,0,0.6,Not Passed,2
SU2019,SU2019-class 2,20,1905ACJEHB,,9.3,4.2,6.9,Passed,8.1
SU2019,SU2019-class 2,21,1905ACJCHC,,7.8,5.2,6.4,Passed,6.5
SU2019,SU2019-class 2,22,1905FBIEI,,0,0,0,Not Passed,0
SU2019,SU2019-class 2,23,1905FCBFE,,7.5,0,4.2,Not Passed,6.6
SU2019,SU2019-class 2,24,1905ACJJDB,,7.8,4,5.9,Passed,6.6
SU2019,SU2019-class 2,25,1905ACJJIE,,7.8,4,6,Passed,6.8
SU2019,SU2019-class 2,26,1905FCDCE,,7.5,3.6,5.4,Not Passed,5.8
SU2019,SU2019-class 2,27,1905ACJCGA,,8,6.8,7.2,Passed,6.8
SU2019,SU2019-class 2,28,1905ACJCJG,,7.8,3.6,5.7,Not Passed,6.4
SU2019,SU2019-class 3,1,1905FCCAE,,7.5,4.2,5.9,Passed,6.4
SU2019,SU2019-class 3,2,1905FAFBJ,,0,0,0,Not Passed,0
SU2019,SU2019-class 3,3,1905FBDFH,,0,0,0,Not Passed,0
SU2019,SU2019-class 3,4,1905FBDBG,,7.5,4.6,5.9,Passed,6.1
SU2019,SU2019-class 3,5,1905ACJACG,,8.3,4.6,6.1,Passed,5.8
SU2019,SU2019-class 3,6,1905FCJFF,,10,4.2,6.9,Passed,7.4
SU2019,SU2019-class 3,7,1905ACJBBJ,,8,4.6,6.4,Passed,7.3
SU2019,SU2019-class 3,8,1905FCJIH,,8.3,4.4,6.4,Passed,7.3
SU2019,SU2019-class 3,9,1905FBDHJ,,0,0,0,Not Passed,0
SU2019,SU2019-class 3,10,1905FBDHH,,8.5,4.4,6.4,Passed,6.8
SU2019,SU2019-class 3,11,1905FBDDJ,,7.8,4.4,6.1,Passed,6.6
SU2019,SU2019-class 3,12,1905FCDFI,,0,0,0,Not Passed,0
SU2019,SU2019-class 3,13,1905FBGCA,,6.8,6.8,6.8,Passed,6.8
SU2019,SU2019-class 3,14,1905ACJDJE,,0,3.8,2.8,Not Passed,4.1
SU2019,SU2019-class 3,15,1905FCDGJ,,8.8,6,7.4,Passed,7.9
SU2019,SU2019-class 3,16,1905ACJAHH,,7,0,3.9,Not Passed,6
SU2019,SU2019-class 3,17,1905ACJDAB,,0,0,0,Not Passed,0
SU2019,SU2019-class 3,18,1905ACJFHG,,8.5,4.2,6.4,Passed,7.1
SU2019,SU2019-class 3,19,1905FCEHI,,8,4,6.2,Passed,7.4
SU2019,SU2019-class 3,20,1905ADAAFE,,8.3,4.6,6.7,Passed,7.9
SU2019,SU2019-class 3,21,1905ACJBDF,,7.5,6.4,6.8,Passed,6.6
SU2019,SU2019-class 4,1,1905ACJAJI,,0,0,0,Not Passed,0
SU2019,SU2019-class 4,2,1905ADAAHA,,4.8,4,5.1,Passed,6.9
SU2019,SU2019-class 4,3,1905ADJFBI,,6.5,5.6,6.7,Passed,8.2
SU2019,SU2019-class 4,4,1905ADJGIE,,0,0,0.5,Not Passed,1.6
SU2019,SU2019-class 4,5,1905ADJICF,,10,4.2,7.5,Passed,9.5
SU2019,SU2019-class 4,6,1905ADJDGA,,0,0,0,Not Passed,0
SU2019,SU2019-class 4,7,1905ADJJDC,,6.5,5.6,6.7,Passed,8.3
SU2019,SU2019-class 4,8,1905ADJAGA,,5.5,4.6,5.8,Passed,7.7
SU2019,SU2019-class 4,9,1905ADJFDC,,6.3,2.8,5.2,Not Passed,7.2
SU2019,SU2019-class 4,10,1905ADJIDG,,10,4.6,7.4,Passed,8.5
SU2019,SU2019-class 4,11,1905ACJGEI,,4.8,4.6,4.8,Not Passed,5.1
SU2019,SU2019-class 4,12,1905ADJFHC,,10,3.2,6.8,Not Passed,8.4
SU2019,SU2019-class 4,13,1905ACJDJH,,4.8,0,2.8,Not Passed,4.4
SU2019,SU2019-class 4,14,1905ADJGHA,,8,7,8.1,Passed,9.7
SU2019,SU2019-class 4,15,1905ADJICD,,10,4.4,7.5,Passed,9.1
SU2019,SU2019-class 4,16,1905ADJGBG,,8,4.4,6.9,Passed,9.1
SU2019,SU2019-class 4,17,1905ADJGBD,,6.5,6.6,7.2,Passed,8.6
SU2019,SU2019-class 4,18,1905ADJBFI,,2.3,5,4.9,Not Passed,7.3
SU2019,SU2019-class 4,19,1905ADJAEB,,9.3,5,7.4,Passed,8.7
SU2019,SU2019-class 4,20,1905ACJDCH,,8.8,4.6,6.9,Passed,8
SU2019,SU2019-class 4,21,1905ADJADF,,7,3.6,6.1,Not Passed,8.4
SU2019,SU2019-class 4,22,1905ADJAGF,,9.8,5,7.5,Passed,8.6
SU2019,SU2019-class 4,23,1905ADJGCA,,8,5,7.1,Passed,8.9
SU2019,SU2019-class 4,24,1905ADJJAB,,8.8,4.8,7.2,Passed,8.9
SU2019,SU2019-class 4,25,1905JEHCD,,6.8,3.8,5.5,Not Passed,6.4
SU2019,SU2019-class 4,26,1905ADJBAG,,7.8,4.8,6.8,Passed,8.6
SU2019,SU2019-class 4,27,1905ACJJFE,,9.8,4.2,6.9,Passed,7.7
SU2019,SU2019-class 4,28,1905ACJEIG,,5.8,2.4,5.2,Not Passed,8.4
SU2019,SU2019-class 4,29,1905ADJDFG,,9,5.4,7.4,Passed,8.5
SU2019,SU2019-class 5,1,1905ADJFIH,,6,7.6,7.2,Passed,7.9
SU2019,SU2019-class 5,2,1905ADJJBC,,5.3,4.6,5.2,Passed,6
SU2019,SU2019-class 5,3,1905ACJBGJ,,2.5,0,0.8,Not Passed,0
SU2019,SU2019-class 5,4,1905ADJEEG,,3.5,4.8,5.4,Passed,8.1
SU2019,SU2019-class 5,5,1905ADJBAF,,6,4.8,6.6,Passed,9.5
SU2019,SU2019-class 5,6,1905ADAAEA,,8.5,5.8,7.3,Passed,8
SU2019,SU2019-class 5,7,1905ADJFAI,,6,4.4,6.1,Passed,8.3
SU2019,SU2019-class 5,8,1905ADJJEH,,3.5,4.2,5,Passed,7.5
SU2019,SU2019-class 5,9,1905ACJCGI,,4.5,4,5.7,Passed,9
SU2019,SU2019-class 5,10,1905ADAADF,,7,5.4,6.7,Passed,8.2
SU2019,SU2019-class 5,11,1905ADJIBE,,10,5.4,8.1,Passed,9.8
SU2019,SU2019-class 5,12,1905ADJJCJ,,6.5,6.6,7,Passed,7.9
SU2019,SU2019-class 5,13,1905ADJCIC,,10,6,8.3,Passed,9.6
SU2019,SU2019-class 5,14,1905ADJAFH,,3,4,3.4,Not Passed,3.1
SU2019,SU2019-class 5,15,1905ADJIDI,,10,4,7.2,Passed,8.6
SU2019,SU2019-class 5,16,1905ADJGBC,,6,3.4,5.8,Not Passed,8.7
SU2019,SU2019-class 5,17,1905ADJCJB,,2.8,5.2,4.7,Not Passed,5.8
SU2019,SU2019-class 5,18,1905ADJEII,,6.5,5,6.8,Passed,9.6
SU2019,SU2019-class 5,19,1905ADJGJA,,0,0,1.2,Not Passed,4
SU2019,SU2019-class 5,20,1905ACJBGC,,5,0,4,Not Passed,8.4
SU2019,SU2019-class 5,21,1905ADJICH,,5.5,4,6.2,Passed,9.8
SU2019,SU2019-class 5,22,1905ACJJDD,,8.5,4.6,7.2,Passed,9.2
SU2019,SU2019-class 5,23,1905ADJDCF,,4.5,6,6.4,Passed,8.7
SU2019,SU2019-class 5,24,1905ADJCHI,,8.5,4.8,7.4,Passed,9.6
SU2019,SU2019-class 5,25,1905ADJDGF,,9,5.2,7.3,Passed,8.3
SU2019,SU2019-class 5,26,1905ADJEGA,,2.8,3,3.4,Not Passed,4.6
SU2019,SU2019-class 5,27,1905ADJJHB,,4.5,4.6,5.9,Passed,9
SU2019,SU2019-class 5,28,1905ADJDAE,,5,4.6,5.5,Passed,7.3
SU2019,SU2019-class 5,29,1905ADJIDJ,,7.5,4.6,6.5,Passed,7.9
SU2019,SU2019-class 5,30,1905ADJGDD,,6,5.2,6.8,Passed,9.8
SU2019,SU2019-class 6,1,1905ADJBEA,,8,5.6,7,Passed,7.9
SU2019,SU2019-class 6,2,1905ADJJBB,,8,5.2,6.7,Passed,7.3
SU2019,SU2019-class 6,3,1905FBDEC,,7.5,4.4,5.8,Passed,5.8
SU2019,SU2019-class 6,4,1905ADJGFJ,,7.3,4,5.7,Passed,6.3
SU2019,SU2019-class 6,5,1905ADJJBG,,8,5.4,6.7,Passed,7
SU2019,SU2019-class 6,6,1905ADJJCI,,8,5.6,6.8,Passed,7.3
SU2019,SU2019-class 6,7,1905ADJBBI,,8,5.6,6.7,Passed,7
SU2019,SU2019-class 6,8,1905ADAAJC,,7.3,5.8,6.5,Passed,6.6
SU2019,SU2019-class 6,9,1905ADJGBH,,8.3,5.4,7.3,Passed,8.9
SU2019,SU2019-class 6,10,1905ADJJGF,,8,4.4,6.2,Passed,6.9
SU2019,SU2019-class 6,11,1905ADJJIG,,8,4.2,6.7,Passed,8.6
SU2019,SU2019-class 6,12,1905ADJJEC,,8,5.2,6.8,Passed,7.8
SU2019,SU2019-class 6,13,1905ADJBFH,,8,4.6,6.3,Passed,7
SU2019,SU2019-class 6,14,1905ADJJGD,,7.5,4.4,6,Passed,6.5
SU2019,SU2019-class 6,15,1905ACJDID,,7.5,4.4,5.8,Passed,6
SU2019,SU2019-class 6,16,1905ADJBDG,,8,5,7,Passed,8.6
SU2019,SU2019-class 6,17,1905ADJADJ,,8.3,5,6.6,Passed,7.1
SU2019,SU2019-class 6,18,1905ADJJAI,,8,4.8,6.7,Passed,7.8
SU2019,SU2019-class 6,19,1905ACJJCC,,7.5,4.6,5.4,Passed,4.4
SU2019,SU2019-class 6,20,1905ADJHCA,,8.3,4.6,6.7,Passed,7.8
SU2019,SU2019-class 6,21,1905ADJBEF,,8,3.2,5.5,Not Passed,6
SU2019,SU2019-class 6,22,1905ACJGFB,,7.5,5,6.4,Passed,7
SU2019,SU2019-class 6,23,1905ADJJBF,,8,5.2,6.4,Passed,6.3
SU2019,SU2019-class 6,24,1905ADJEGD,,7.3,0,4,Not Passed,6
SU2019,SU2019-class 6,25,1905ADJIHI,,7.5,5.6,6.3,Passed,5.9
SU2019,SU2019-class 6,26,1905ADJAIJ,,8,6.2,7.1,Passed,7.3
SU2019,SU2019-class 6,27,1905ADJBGD,,9,4.4,7,Passed,8.4
SU2019,SU2019-class 6,28,1905ADJGAC,,8,5.2,6.4,Passed,6.5
SU2019,SU2019-class 6,29,1905ADJIBG,,8,4.2,6.2,Passed,7
SU2019,SU2019-class 6,30,1905ADAJCB,,0,0,0,Not Passed,0
SU2019,SU2019-class 7,1,1905ADJGDF,,7.3,4.8,6.2,Passed,6.9
SU2019,SU2019-class 7,2,1905ADJFCI,,9.5,4.8,7.4,Passed,8.9
SU2019,SU2019-class 7,3,1905ADJGAF,,5.5,3,4.1,Not Passed,4.3
SU2019,SU2019-class 7,4,1905ADJFEA,,10,4.8,7.8,Passed,9.6
SU2019,SU2019-class 7,5,1905ADJFHB,,10,4.6,7.2,Passed,8
SU2019,SU2019-class 7,6,1905ADJDII,,4,5.4,5.2,Passed,6.2
SU2019,SU2019-class 7,7,1905ADJCHJ,,10,4.6,7.4,Passed,8.6
SU2019,SU2019-class 7,8,1905ADJBJF,,0,0,0.5,Not Passed,1.6
SU2019,SU2019-class 7,9,1905ADJDEE,,4.3,6.2,6.4,Passed,8.9
SU2019,SU2019-class 7,10,1905ACJJHB,,0,0,0,Not Passed,0
SU2019,SU2019-class 7,11,1905ADJGDE,,10,5.4,7.7,Passed,8.4
SU2019,SU2019-class 7,12,1905ADJFFA,,10,5.2,7.8,Passed,9
SU2019,SU2019-class 7,13,1905ADJGGE,,8.8,5.4,7.6,Passed,9.2
SU2019,SU2019-class 7,14,1905ACJAIB,,2.3,0,2,Not Passed,4.5
SU2019,SU2019-class 7,15,1905ADJGEH,,10,6,7.6,Passed,7.4
SU2019,SU2019-class 7,16,1905ADJEEI,,0,0,1.4,Not Passed,4.8
SU2019,SU2019-class 7,17,1905ADJBJB,,9.5,5.4,7.8,Passed,9.2
SU2019,SU2019-class 7,18,1905ADJEFI,,9.8,2.6,6.3,Not Passed,7.6
SU2019,SU2019-class 7,19,1905ADJFAE,,7,4,6.1,Passed,7.9
SU2019,SU2019-class 7,20,1905ADJEBD,,2.3,5.8,5.1,Passed,7
SU2019,SU2019-class 7,21,1905ADJFJA,,0,0,0.7,Not Passed,2.3
SU2019,SU2019-class 7,22,1905ADJDAD,,4.3,0,2.8,Not Passed,5
SU2019,SU2019-class 7,23,1905ADJEED,,6.5,4.6,6.3,Passed,8.2
SU2019,SU2019-class 7,24,1905ADJDDH,,6,4.2,5.7,Passed,7.5
SU2019,SU2019-class 7,25,1905ADJEIJ,,6.8,5.4,7,Passed,9.2
SU2019,SU2019-class 7,26,1905ACJEIF,,3.3,4.6,4.8,Not Passed,6.7
SU2019,SU2019-class 7,27,1905FCDEB,,0,0,0,Not Passed,0
SU2019,SU2019-class 7,28,1905ADJDEA,,0,0,1,Not Passed,3.4
SU2019,SU2019-class 7,29,1905ADJDIC,,1.8,2.8,3.4,Not Passed,5.8
SU2019,SU2019-class 8,1,1905ADAJAI,,9,4.4,6.7,Passed,7.5
SU2019,SU2019-class 8,2,1905FBIFJ,,9.3,3.6,6.8,Not Passed,8.6
SU2019,SU2019-class 8,3,1905ADAJHC,,8,5.2,6.5,Passed,6.7
SU2019,SU2019-class 8,4,1905ADJDDE,,7,4,6,Passed,7.7
SU2019,SU2019-class 8,5,1905ADJIGD,,7,7.2,7.3,Passed,7.7
SU2019,SU2019-class 8,6,1905ADJFBC,,6.3,4,5.9,Passed,7.9
SU2019,SU2019-class 8,7,1905ADJIIG,,8,5.4,6.9,Passed,7.7
SU2019,SU2019-class 8,8,1905ADJHHB,,8.3,5.2,7.2,Passed,8.6
SU2019,SU2019-class 8,9,1905ADJGGF,,0,0,0.4,Not Passed,1.4
SU2019,SU2019-class 8,10,1905ADJDJF,,4.5,4.8,5.2,Passed,6.5
SU2019,SU2019-class 8,11,1905ADJGGG,,7.3,5,6.4,Passed,7.2
SU2019,SU2019-class 8,12,1905ADJAAG,,10,6.8,8.5,Passed,9.3
SU2019,SU2019-class 8,13,1905ADJEAF,,0,0,0.5,Not Passed,1.8
SU2019,SU2019-class 8,14,1905ADJACF,,10,5.4,8,Passed,9.4
SU2019,SU2019-class 8,15,1905ADJIHC,,5.3,6,6.6,Passed,8.8
SU2019,SU2019-class 8,16,1905ADJIAJ,,3.8,4.4,5.7,Passed,9.2
SU2019,SU2019-class 8,17,1905ADJBCF,,7,5.4,5.9,Passed,5.5
SU2019,SU2019-class 8,18,1905ADJAEA,,6.3,4.4,5.9,Passed,7.5
SU2019,SU2019-class 8,19,1905ADAJFB,,1.5,5.6,5.2,Passed,8.4
SU2019,SU2019-class 8,20,1905ADJBDB,,2.5,3.2,3.5,Not Passed,4.9
SU2019,SU2019-class 8,21,1905ADJIGH,,9.8,5.2,7.2,Passed,7.4
SU2019,SU2019-class 8,22,1905ADJHGH,,8.3,4.4,6.8,Passed,8.4
SU2019,SU2019-class 8,23,1905ADJACI,,7.8,2.8,5.6,Not Passed,7.1
SU2019,SU2019-class 8,24,1905ADJBIG,,10,5.8,7.7,Passed,7.8
SU2019,SU2019-class 9,1,1905ACJFFB,,6.5,4,5.1,Passed,5.2
SU2019,SU2019-class 9,2,1905ACJJBI,,0,0,1.6,Not Passed,5.4
SU2019,SU2019-class 9,3,1905ADJJGE,,0,0,1.5,Not Passed,4.9
SU2019,SU2019-class 9,4,1905ADAJCH,,0.8,0,1.8,Not Passed,5.3
SU2019,SU2019-class 9,5,1905ADAACE,,9.8,5.8,8.1,Passed,9.6
SU2019,SU2019-class 9,6,1905ADAJDJ,,3.3,4.8,5.3,Passed,7.8
SU2019,SU2019-class 9,7,1905ADAAFI,,6,4,6.3,Passed,9.5
SU2019,SU2019-class 9,8,1905ADJHAH,,9.3,4,6.8,Passed,7.9
SU2019,SU2019-class 9,9,1905ADJDAJ,,0,0,0.6,Not Passed,2.1
SU2019,SU2019-class 9,10,1905ADJJAF,,6.3,4,6.4,Passed,9.7
SU2019,SU2019-class 9,11,1905ACJBDG,,7.3,3.8,6.1,Not Passed,8.1
SU2019,SU2019-class 9,12,1905ADJIEG,,9.8,4.6,7.4,Passed,8.6
SU2019,SU2019-class 9,13,1905ACJCJF,,4.5,3,5.1,Not Passed,8.5
SU2019,SU2019-class 9,14,1905ADJJFH,,7.8,5.2,7.2,Passed,9.3
SU2019,SU2019-class 9,15,1905ADJHAF,,9,4.2,6.9,Passed,8.5
SU2019,SU2019-class 9,16,1905ADAAEJ,,10,6.2,8.4,Passed,9.8
SU2019,SU2019-class 9,17,1905ADJIGI,,10,5.4,7.9,Passed,9.1
SU2019,SU2019-class 9,18,1905ACJBGD,,0,0,0.2,Not Passed,0.6
SU2019,SU2019-class 9,19,1905ADJEBE,,7.3,4.4,5.9,Passed,6.5
SU2019,SU2019-class 9,20,1905ACJEJC,,7.3,5.6,6.8,Passed,7.8
SU2019,SU2019-class 9,21,1905ADAAGH,,6.8,4,5.9,Passed,7.5
SU2019,SU2019-class 9,22,1905FCCIA,,0,0,0,Not Passed,0
SU2019,SU2019-class 9,23,1905ADJBGE,,8.5,7.4,8.3,Passed,9.3
SU2019,SU2019-class 9,24,1905ADAAGI,,8.3,4.6,6.3,Passed,6.5
SU2019,SU2019-class 9,25,1905ACJBEC,,8.3,3,6.2,Not Passed,8.3
SU2019,SU2019-class 10,1,1905ADJFGD,,4,5.4,5.4,Passed,6.7
SU2019,SU2019-class 10,2,1905ADJFFC,,0,3.8,3.6,Not Passed,6.9
SU2019,SU2019-class 10,3,1905ADJCHB,,5,3.8,4.5,Not Passed,5
SU2019,SU2019-class 10,4,1905ADAJIJ,,0,0,0,Not Passed,0
SU2019,SU2019-class 10,5,1905ADAJHE,,0,0,1.4,Not Passed,4.8
SU2019,SU2019-class 10,6,1905ADAJAE,,5,3.8,4.4,Not Passed,4.6
SU2019,SU2019-class 10,7,1905ADJHBI,,10,7.6,8.8,Passed,9.2
SU2019,SU2019-class 10,8,1905ADJIED,,10,6,7.2,Passed,6.1
SU2019,SU2019-class 10,9,1905ADJCDB,,4,4,5,Passed,7.2
SU2019,SU2019-class 10,10,1905ADJJHH,,4,5.4,5.4,Passed,6.9
SU2019,SU2019-class 10,11,1905ADJIIF,,10,5,7,Passed,6.6
SU2019,SU2019-class 10,12,1905ADJCDE,,0,0,0.9,Not Passed,3
SU2019,SU2019-class 10,13,1905ACJEJB,,4,4.2,5,Passed,7.1
SU2019,SU2019-class 10,14,1905ADJDCG,,0,0,2,Not Passed,6.6
SU2019,SU2019-class 10,15,1905ADJGFC,,3,0,2.2,Not Passed,4.2
SU2019,SU2019-class 10,16,1905ADJEEA,,0,0,0.5,Not Passed,1.6
SU2019,SU2019-class 10,17,1905ADJEJG,,0,3.2,3.2,Not Passed,6.3
SU2019,SU2019-class 10,18,1905ADJEDG,,7.5,5.4,6.6,Passed,7.4
SU2019,SU2019-class 10,19,1905ADJBHD,,5,4.8,5.6,Passed,7.4
SU2019,SU2019-class 10,20,1905ADAJHH,,4,3.2,4.1,Not Passed,5.4
SU2019,SU2019-class 10,21,1905ADJFCC,,5,6.2,6.2,Passed,7.3
SU2019,SU2019-class 10,22,1905FCBCJ,,0,0,1,Not Passed,3.2
SU2019,SU2019-class 10,23,1905ADAJAH,,7.5,5.4,6.1,Passed,5.7
SU2019,SU2019-class 10,24,1905ADJCEG,,7.5,5.6,6.8,Passed,7.7
SU2019,SU2019-class 10,25,1905ADJJGB,,5,4.4,5.5,Passed,7.5
SU2019,SU2019-class 11,1,1905ADJGDG,,7.5,4.6,6.1,Passed,6.8
SU2019,SU2019-class 11,2,1905ADJFFJ,,7,4.4,5.5,Passed,5.6
SU2019,SU2019-class 11,3,1905ADJFGI,,6.5,3.4,5.2,Not Passed,6.4
SU2019,SU2019-class 11,4,1905ADJGJH,,6,3.6,5.4,Not Passed,7.3
SU2019,SU2019-class 11,5,1905FBAHG,,9,4.4,6.9,Passed,8
SU2019,SU2019-class 11,6,1905ADJCJF,,7.8,6.8,7.6,Passed,8.6
SU2019,SU2019-class 11,7,1905ADJDJJ,,4,0,2.6,Not Passed,4.8
SU2019,SU2019-class 11,8,1905ADJFHA,,6.5,3.6,5.5,Not Passed,7
SU2019,SU2019-class 11,9,1905ADJGCB,,7.3,4.8,5.9,Passed,6
SU2019,SU2019-class 11,10,1905ADJGDB,,7.8,4.4,6.1,Passed,6.8
SU2019,SU2019-class 11,11,1905ADJHCB,,7.5,5,6.7,Passed,8.3
SU2019,SU2019-class 11,12,1905ADJFEI,,7.3,6.6,7,Passed,7.1
SU2019,SU2019-class 11,13,1905ADJJBH,,7.8,5,6.9,Passed,8.4
SU2019,SU2019-class 11,14,1905ADJFGF,,6.5,4.2,6,Passed,7.9
SU2019,SU2019-class 11,15,1905ADJFGE,,7.3,4.8,5.9,Passed,5.9
SU2019,SU2019-class 11,16,1905ADJFGC,,8.5,4.2,5.7,Passed,4.9
SU2019,SU2019-class 11,17,1905ADJCFH,,7,5,6.3,Passed,7.3
SU2019,SU2019-class 11,18,1905ADJIFG,,7.5,5,6.3,Passed,6.9
SU2019,SU2019-class 11,19,1905ADJEIH,,6.8,4.2,5.9,Passed,7.4
SU2019,SU2019-class 11,20,1905ADJCFB,,7.3,6,7,Passed,8.1
SU2019,SU2019-class 11,21,1905ADJIAG,,7.5,4,6.2,Passed,7.8
SU2019,SU2019-class 11,22,1905ADJGED,,7.5,4.2,5.9,Passed,6.6
SU2019,SU2019-class 11,23,1905ADJGCJ,,7.5,7,7.2,Passed,7
SU2019,SU2019-class 11,24,1905ADJJIJ,,7.8,4.8,6.8,Passed,8.3
SU2019,SU2019-class 11,25,1905ADJCGB,,8.5,5.6,7.2,Passed,7.9
SU2019,SU2019-class 11,26,1905ADJCII,,8,4,6.1,Passed,7
SU2019,SU2019-class 11,27,1905ADJGDC,,7.5,4.6,6.6,Passed,8.3
SU2019,SU2019-class 11,28,1905ADJJIB,,9,7,8.4,Passed,9.5
SU2019,SU2019-class 11,29,1905ADAAGB,,8.5,5.8,7.5,Passed,8.9
SU2019,SU2019-class 11,30,1905ADJCIF,,7.3,4.4,6.4,Passed,8.1
SU2019,SU2019-class 12,1,1905ADJEIA,,7.5,3.6,5.8,Not Passed,7.1
SU2019,SU2019-class 12,2,1905ADJIJI,,7.5,3,6.1,Not Passed,8.9
SU2019,SU2019-class 12,3,1905ADAJEI,,7.5,3.4,5.4,Not Passed,5.8
SU2019,SU2019-class 12,4,1905ADAJJC,,8,4.4,6.2,Passed,6.8
SU2019,SU2019-class 12,5,1905ADAJFC,,9,5.6,6.9,Passed,6.5
SU2019,SU2019-class 12,6,1905ADJDDG,,7.5,4,5.7,Passed,6.1
SU2019,SU2019-class 12,7,1905ADJEBH,,8,4.8,6.2,Passed,6.3
SU2019,SU2019-class 12,8,1905ADAJGI,,7.5,3.4,5.4,Not Passed,6.1
SU2019,SU2019-class 12,9,1905ACJDEJ,,6.5,3.6,4.9,Not Passed,5.1
SU2019,SU2019-class 12,10,1905ADJFAF,,7.5,4,5.5,Passed,5.6
SU2019,SU2019-class 12,11,1905ADJGBB,,0,0,0,Not Passed,0
SU2019,SU2019-class 12,12,1905ADJFGB,,8,4.2,6.4,Passed,7.8
SU2019,SU2019-class 12,13,1905ADJEHE,,7.5,2.2,5.1,Not Passed,6.5
SU2019,SU2019-class 12,14,1905ADAJFF,,8,4.8,6.2,Passed,6.3
SU2019,SU2019-class 12,15,1905ADJEHG,,8.5,4.2,6.5,Passed,7.6
SU2019,SU2019-class 12,16,1905ADJJFI,,7.5,6.4,6.8,Passed,6.5
SU2019,SU2019-class 12,17,1905ADJEIE,,7.8,4.4,6,Passed,6.3
SU2019,SU2019-class 12,18,1905ADJIFH,,9,5.8,7.8,Passed,9.3
SU2019,SU2019-class 12,19,1905ADAACJ,,8,5.6,6.9,Passed,7.6
SU2019,SU2019-class 12,20,1905ACJFBJ,,7.8,4.8,5.9,Passed,5.5
SU2019,SU2019-class 12,21,1905ADJIJD,,7.5,4.2,5.8,Passed,6.1
SU2019,SU2019-class 12,22,1905ADJFAC,,7.5,4.2,5.7,Passed,5.8
SU2019,SU2019-class 12,23,1905ADJABI,,8.5,6.4,7.7,Passed,8.6
SU2019,SU2019-class 12,24,1905ADJIFI,,7.5,5,6.1,Passed,6.3
SU2019,SU2019-class 12,25,1905ADJEBF,,7.5,4.2,5.5,Passed,5.3
SU2019,SU2019-class 12,26,1905ADJIAD,,7.5,4.4,6.1,Passed,6.8
SU2019,SU2019-class 12,27,1905ADJECB,,8,4.4,5.9,Passed,5.9
SU2019,SU2019-class 12,28,1905ACJDFG,,8,4.4,5.7,Passed,5
SU2019,SU2019-class 12,29,1905ADAAGF,,7.5,6,7.2,Passed,8.6
SU2019,SU2019-class 12,30,1905ADJFAD,,8,6,6.8,Passed,6.6
SU2019,SU2019-class 13,1,1905ADJJDH,,0,0,1,Not Passed,3.4
SU2019,SU2019-class 13,2,1905ADJAGD,,0,0,2.1,Not Passed,6.9
SU2019,SU2019-class 13,3,1905ADAJFJ,,3,4.8,4,Not Passed,3.9
SU2019,SU2019-class 13,4,1905ADJEIC,,6,3.8,4.8,Not Passed,4.8
SU2019,SU2019-class 13,5,1905ADJACC,,4.5,5.6,5.1,Passed,5.1
SU2019,SU2019-class 13,6,1905ADJAJH,,10,5.2,7.2,Passed,7.1
SU2019,SU2019-class 13,7,1905ADJGBE,,2.5,0,2.9,Not Passed,7.3
SU2019,SU2019-class 13,8,1905ADJHBE,,7.5,5.8,6.8,Passed,7.4
SU2019,SU2019-class 13,9,1905ADJAEC,,5.5,3.6,5.2,Not Passed,7.1
SU2019,SU2019-class 13,10,1905ADJAHH,,7,4.6,5.6,Passed,5.6
SU2019,SU2019-class 13,11,1905ADJGFB,,0,4.4,3.4,Not Passed,5.6
SU2019,SU2019-class 13,12,1905ADJJEG,,2,4.8,4.5,Not Passed,6.7
SU2019,SU2019-class 13,13,1905ADJAJB,,3,0,2.6,Not Passed,5.6
SU2019,SU2019-class 13,14,1905ADJDBG,,4,0,2.6,Not Passed,4.6
SU2019,SU2019-class 13,15,1905ADJAFA,,7.5,5,6.6,Passed,7.9
SU2019,SU2019-class 13,16,1905ADJAHF,,0,3,2.8,Not Passed,5.2
SU2019,SU2019-class 13,17,1905ACJFBE,,4.5,2.8,4.5,Not Passed,6.8
SU2019,SU2019-class 13,18,1905ADJECG,,0,0,0.1,Not Passed,0.4
SU2019,SU2019-class 13,19,1905ADJBEJ,,3,5,4.7,Not Passed,5.9
SU2019,SU2019-class 13,20,1905ADJJIH,,5,3.6,5,Not Passed,7
SU2019,SU2019-class 13,21,1905ADJFFH,,3,1.8,3,Not Passed,4.5
SU2019,SU2019-class 13,22,1905ADJDEC,,0,0,1.5,Not Passed,5
SU2019,SU2019-class 13,23,1905ADJGCG,,9,5.8,7.2,Passed,7.1
SU2019,SU2019-class 13,24,1905ADJEGJ,,3.5,5.4,5,Passed,5.9
SU2019,SU2019-class 14,1,1905ADJEJD,,8.3,4.4,6.6,Passed,7.8
SU2019,SU2019-class 14,2,1905ADAJJG,,8,5.2,6.8,Passed,7.8
SU2019,SU2019-class 14,3,1905ADAACB,,7.3,4,5.6,Passed,5.9
SU2019,SU2019-class 14,4,1905ACJEBF,,7.3,5.6,6,Passed,5.3
SU2019,SU2019-class 14,5,1905ADAJAA,,0,0,0.4,Not Passed,1.4
SU2019,SU2019-class 14,6,1905ADJFBJ,,7,4.6,5.7,Passed,6
SU2019,SU2019-class 14,7,1905ADJFDF,,8.3,5.6,7.1,Passed,8
SU2019,SU2019-class 14,8,1905FCBIE,,9,5.8,7.3,Passed,7.6
SU2019,SU2019-class 14,9,1905ADJEIF,,6.5,5,5.6,Passed,5.6
SU2019,SU2019-class 14,10,1905ADJIFA,,7.5,5.2,6.7,Passed,7.8
SU2019,SU2019-class 14,11,1905ACJEBE,,6.8,0,3.3,Not Passed,4.3
SU2019,SU2019-class 14,12,1905ACJBEJ,,7,4,5.2,Passed,5.1
SU2019,SU2019-class 14,13,1905FCBHI,,7.3,4,6.1,Passed,7.8
SU2019,SU2019-class 14,14,1905ADJBDC,,0,0,0,Not Passed,0
SU2019,SU2019-class 14,15,1905ACJBIB,,6.8,6,6.1,Passed,5.6
SU2019,SU2019-class 14,16,1905ACJDJI,,6.8,4.8,5.8,Passed,6
SU2019,SU2019-class 14,17,1905ADAJBD,,8,4.4,6.2,Passed,6.9
SU2019,SU2019-class 14,18,1905ADAJAC,,7.3,5.8,6.7,Passed,7.3
SU2019,SU2019-class 14,19,1905ADJJGC,,7.3,5.6,6.6,Passed,7.3
SU2019,SU2019-class 14,20,1905ADJIIE,,7.5,2.6,5.3,Not Passed,6.6
SU2019,SU2019-class 14,21,1905ADJCDD,,9,6,7.6,Passed,8.3
SU2019,SU2019-class 14,22,1905ACJBFA,,8.3,2.4,5.2,Not Passed,5.9
SU2019,SU2019-class 14,23,1905FCEEG,,7,4,5.4,Passed,5.8
SU2019,SU2019-class 14,24,1905ACJEDF,,7,4.4,5.6,Passed,5.8
SU2019,SU2019-class 14,25,1905ACJFEG,,7,3.2,5,Not Passed,5.4
SU2019,SU2019-class 14,26,1905ADJFBD,,8,4,5.8,Passed,5.9
SU2019,SU2019-class 14,27,1905ACJEBI,,8.3,4,6.2,Passed,7.1
SU2019,SU2019-class 15,1,1905ADJEBJ,,4.5,0,2.7,Not Passed,4.5
SU2019,SU2019-class 15,2,1905ADAJDC,,4,4.2,5,Passed,6.9
SU2019,SU2019-class 15,3,1905ADJBDI,,7,5.6,6.7,Passed,8
SU2019,SU2019-class 15,4,1905ADJGBA,,4.5,4.2,5.3,Passed,7.5
SU2019,SU2019-class 15,5,1905ADJBED,,6,3,5.4,Not Passed,8
SU2019,SU2019-class 15,6,1905ADAJJH,,7.3,4,6.2,Passed,7.9
SU2019,SU2019-class 15,7,1905ADJBDH,,4.5,4,5.4,Passed,8.2
SU2019,SU2019-class 15,8,1905ADJBGH,,6.8,4.6,6.2,Passed,7.8
SU2019,SU2019-class 15,9,1905ADJHCJ,,7,4.2,6.4,Passed,8.6
SU2019,SU2019-class 15,10,1905ACJFFG,,0,0,0,Not Passed,0
SU2019,SU2019-class 15,11,1905ADJADE,,4.3,2.4,4.7,Not Passed,8.3
SU2019,SU2019-class 15,12,1905ADJBBC,,8.3,4.6,6.7,Passed,8
SU2019,SU2019-class 15,13,1905ADAJGC,,0,0,1.6,Not Passed,5.4
SU2019,SU2019-class 15,14,1905ADJACE,,8.3,0,4.4,Not Passed,6.2
SU2019,SU2019-class 15,15,1905ADJEBB,,4.5,4,5.3,Passed,7.9
SU2019,SU2019-class 15,16,1905FCJGB,,5.8,3,5.5,Not Passed,8.5
SU2019,SU2019-class 15,17,1905ACJDFI,,5,3,4.8,Not Passed,7
SU2019,SU2019-class 15,18,1905ADJBAC,,7,4.6,6.3,Passed,7.9
SU2019,SU2019-class 15,19,1905ADAJBG,,9,4,6.8,Passed,8.3
SU2019,SU2019-class 15,20,1905FBHIC,,7.8,4.2,5.7,Passed,5.5
SU2019,SU2019-class 15,21,1905ADJGEA,,6.8,2.4,5.3,Not Passed,7.5
SU2019,SU2019-class 15,22,1905ADJHHF,,8.3,5,6.9,Passed,8
SU2019,SU2019-class 15,23,1905ADJHFH,,8.8,4.8,7.2,Passed,8.8
SU2019,SU2019-class 15,24,1905ADAJGH,,4.3,4.2,5.3,Passed,7.9
SU2019,SU2019-class 15,25,1905ACJGJD,,0,0,0,Not Passed,0
SU2019,SU2019-class 15,26,1905ADJGDH,,5.5,3.6,5.6,Not Passed,8.2
SU2019,SU2019-class 15,27,1905ADJBIB,,4.3,4,5.4,Passed,8.2
SU2019,SU2019-class 15,28,1905FCBEC,,9.8,3.8,7.4,Not Passed,9.9
SU2019,SU2019-class 15,29,1905ADJDHI,,5.8,4.4,5.9,Passed,8.1
SU2020,SU2020-class 1,1,1905ADJGAI,,7,0,3.5,Attendance Fail,4.8
SU2020,SU2020-class 1,2,1905ACJBGJ,,5,2.4,4.3,Not Passed,6.3
SU2020,SU2020-class 1,3,1905AEJFDD,,9,4.4,6.5,Passed,6.8
SU2020,SU2020-class 1,4,1905AEJGBE,,0,0,1.2,Attendance Fail,4
SU2020,SU2020-class 1,5,1905AEJJIE,,9,4.6,6.8,Passed,7.4
SU2020,SU2020-class 1,6,1905AEJJIJ,,9,2.8,5.6,Not Passed,6
SU2020,SU2020-class 1,7,1905AEJEFJ,,9,8,8.6,Passed,9
SU2020,SU2020-class 1,8,1905ACJBIH,,7,4,5.7,Passed,6.5
SU2020,SU2020-class 1,9,1905AEJHBI,,9,7.4,7.8,Passed,7.3
SU2020,SU2020-class 1,10,1905ADJBHF,,7.5,4.2,6.3,Passed,7.8
SU2020,SU2020-class 1,11,1905AEJAAH,,9,7.6,8.5,Passed,9.1
SU2020,SU2020-class 1,12,1905ADJFFB,,7.5,5,6,Passed,5.8
SU2020,SU2020-class 1,13,1905ADJDEG,,5,3.2,4.7,Not Passed,6.5
SU2020,SU2020-class 1,14,1905AEJBAE,,9,5.6,7.7,Passed,9.3
SU2020,SU2020-class 1,15,1905AEABCA,,0,0,0,Attendance Fail,0
SU2020,SU2020-class 1,16,1905AEJIAH,,9,4.4,6.2,Passed,5.9
SU2020,SU2020-class 1,17,1905ADJDGB,,7.5,4.8,5.8,Passed,5.5
SU2020,SU2020-class 1,18,1905AEJIEH,,9,2.8,5.2,Not Passed,4.6
SU2020,SU2020-class 1,19,1905AEJFJA,,5,5.2,5.6,Passed,6.8
SU2020,SU2020-class 1,20,1905AEABHJ,,0,0,0.6,Attendance Fail,1.9
SU2020,SU2020-class 1,21,1905ADAJCG,,9,4.2,5.9,Passed,5
SU2020,SU2020-class 1,22,1905AEJCJA,,9,4.4,6.7,Passed,7.5
SU2020,SU2020-class 1,23,1905ADJDHJ,,0,0,0.4,Attendance Fail,1.3
SU2020,SU2020-class 1,24,1905AEJECD,,8.5,4.2,6.3,Passed,6.8
SU2020,SU2020-class 1,25,1905AEJCEJ,,9,4.2,6.5,Passed,7.1
SU2020,SU2020-class 1,26,1905ACJAHB,,0,0,0,Attendance Fail,0
SU2020,SU2020-class 1,27,1905AEJDBB,,9,4,6.2,Passed,6.3
SU2020,SU2020-class 1,28,1905AEJEBD,,8.5,5,6.5,Passed,6.4
SU2020,SU2020-class 1,29,1905AEAAED,,5,4.4,5.1,Passed,6.1
SU2020,SU2020-class 1,30,1905AEJEFA,,9,7.4,8.2,Passed,8.5
SU2020,SU2020-class 2,1,1905ADJEAJ,,9,3,6.1,Not Passed,7.3
SU2020,SU2020-class 2,2,1905ACJBGJ,,0,0,0,Attendance Fail,0
SU2020,SU2020-class 2,3,1905ADJIAI,,9,5,7.5,Passed,9.3
SU2020,SU2020-class 2,4,1905FAHAH,,0,0,0,Attendance Fail,0
SU2020,SU2020-class 2,5,1905ADJBCJ,,0,0,1.1,Not Passed,3.5
SU2020,SU2020-class 2,6,1905AEJFAJ,,4.5,5,5.5,Passed,7
SU2020,SU2020-class 2,7,1905ACJGBI,,9,3.4,6.5,Not Passed,8.3
SU2020,SU2020-class 2,8,1905ADJCAG,,9,8.4,8.4,Passed,7.8
SU2020,SU2020-class 2,9,1905ADJIIH,,9,8,8.7,Passed,9.2
SU2020,SU2020-class 2,10,1905FCJGB,,0,0,0,Not Passed,0
SU2020,SU2020-class 2,11,1905ACJDEJ,,9,6,7.6,Passed,8.4
SU2020,SU2020-class 2,12,1905ADJCDC,,9,5.4,7.7,Passed,9.6
SU2020,SU2020-class 2,13,1905ADJFHG,,0,0,0,Attendance Fail,0
SU2020,SU2020-class 2,14,1905ADJCJB,,9,5,7.5,Passed,9.3
SU2020,SU2020-class 2,15,1905ADJGHH,,9,4.2,7.2,Passed,9.3
SU2020,SU2020-class 2,16,1905ADJJCA,,7,4,6.1,Passed,8
SU2020,SU2020-class 2,17,1905ADJEFF,,4.5,0,3.2,Not Passed,6.3
SU2020,SU2020-class 2,18,1905ACJBGC,,8,0,5,Not Passed,8.8
SU2020,SU2020-class 2,19,1905AEAEJB,,9,5,7.2,Passed,8.5
SU2020,SU2020-class 2,20,1905ACJGGA,,0,0,0,Attendance Fail,0
SU2020,SU2020-class 2,21,1905AEJIGI,,9,5.2,7.1,Passed,7.7
SU2020,SU2020-class 2,22,1905ADJFJE,,0,0,2.3,Not Passed,7.7
SU2020,SU2020-class 2,23,1905ADJEDA,,9,6.4,8.1,Passed,9.4
SU2020,SU2020-class 2,24,1905FBIEI,,9,3,6.5,Not Passed,8.8
SU2020,SU2020-class 2,25,1905ADJJDD,,9,3.6,6.6,Not Passed,8.4
SU2020,SU2020-class 2,26,1905ADJGFG,,9,4,6.9,Passed,8.8
SU2020,SU2020-class 2,27,1905ADJCAF,,0,0,0,Attendance Fail,0
SU2020,SU2020-class 2,28,1905ACJEIG,,7,4.4,6.7,Passed,9.6
SU2020,SU2020-class 2,29,1905ADJFII,,8,5.4,7.4,Passed,9.4
SU2020,SU2020-class 2,30,1905ADJBGG,,4.5,4.2,5.6,Passed,8.5
SU2020,SU2020-class 2,31,1905ADAACI,,9,3.8,6.4,Not Passed,7.3
SU2020,SU2020-class 3,1,1905ADJGAA,,0,0,1.2,Attendance Fail,4
SU2020,SU2020-class 3,2,1905ADJCJA,,5,1.6,4,Not Passed,6.3
SU2020,SU2020-class 3,3,1905AEABAH,,5,4.4,5.7,Passed,8.1
SU2020,SU2020-class 3,4,1905AEACJJ,,5,6.4,6.6,Passed,8.6
SU2020,SU2020-class 3,5,1905ADJDGE,,0,0,0,Attendance Fail,0
SU2020,SU2020-class 3,6,1905AEJGFG,,5,6.2,6.4,Passed,8.1
SU2020,SU2020-class 3,7,1905AEABAC,,5,5.2,5.7,Passed,6.9
SU2020,SU2020-class 3,8,1905AEJGGG,,5,6.2,6.4,Passed,8.1
SU2020,SU2020-class 3,9,1905ADAJAD,,0,0,0,Attendance Fail,0
SU2020,SU2020-class 3,10,1905AEJGIA,,5,6,5.9,Passed,6.8
SU2020,SU2020-class 3,11,1905AEJGID,,0,0,1.3,Attendance Fail,4.2
SU2020,SU2020-class 3,12,1905ADAJDH,,5,3.2,4.7,Not Passed,6.3
SU2020,SU2020-class 3,13,1905ADAJJE,,5,0,2.1,Attendance Fail,2
SU2020,SU2020-class 3,14,1905AEAECA,,8.5,6.8,7.7,Passed,8
SU2020,SU2020-class 3,15,1905AEJHIF,,5,6.8,6.8,Passed,8.5
SU2020,SU2020-class 3,16,1905ADJEEH,,5,0,3,Not Passed,5.1
SU2020,SU2020-class 3,17,1905AEJHIA,,5,4,5.2,Passed,7.1
SU2020,SU2020-class 3,18,1905AEABIC,,5,5.6,5.7,Passed,6.6
SU2020,SU2020-class 3,19,1905AEJDEJ,,5,4,5.3,Passed,7.3
SU2020,SU2020-class 3,20,1905AEABFI,,5,4.8,5.9,Passed,8.3
SU2020,SU2020-class 3,21,1905ADJBFG,,5,5.4,5.8,Passed,7
SU2020,SU2020-class 3,22,1905ACJFGH,,5,4.6,5.2,Passed,6.1
SU2020,SU2020-class 3,23,1905AEJIHG,,7,5.4,6.2,Passed,6.6
SU2020,SU2020-class 3,24,1905FCBCJ,,0,0,0,Attendance Fail,0
SU2020,SU2020-class 3,25,1905AEJCIC,,5,4.8,5.4,Passed,6.7
SU2020,SU2020-class 3,26,1905AEAECH,,6.5,4.8,6.4,Passed,8.4
SU2020,SU2020-class 3,27,1905AEADJA,,5,4,4.2,Not Passed,3.6
SU2020,SU2020-class 3,28,1905AEAJIJ,,5,4.2,5.6,Passed,8
SU2020,SU2020-class 3,29,1905AEAACJ,,5,4,5.3,Passed,7.2
SU2020,SU2020-class 3,30,1905ADJGCI,,5,2.4,4.3,Not Passed,6.3
SU2020,SU2020-class 4,1,1905ADJCGC,,0,0,0.4,Attendance Fail,1.4
SU2020,SU2020-class 4,2,1905ADAJEH,,9,0,4.7,Not Passed,6.5
SU2020,SU2020-class 4,3,1905AEAAID,,9,4.4,6.6,Passed,7
SU2020,SU2020-class 4,4,1905ADAACH,,5,6,5.6,Passed,5.8
SU2020,SU2020-class 4,5,1905ACJJCB,,8.5,6,6.9,Passed,6.4
SU2020,SU2020-class 4,6,1905ADAJCI,,9,4.2,6.3,Passed,6.3
SU2020,SU2020-class 4,7,1905ADJIIA,,5,4,5.1,Passed,6.5
SU2020,SU2020-class 4,8,1905ACJBGF,,9,3.2,5.8,Not Passed,6.1
SU2020,SU2020-class 4,9,1905ADJBCJ,,7,0,3.2,Not Passed,3.6
SU2020,SU2020-class 4,10,1905ADJAED,,0,0,0,Attendance Fail,0
SU2020,SU2020-class 4,11,1905ADJDDB,,9,4.6,5.9,Passed,4.6
SU2020,SU2020-class 4,12,1905ADAJJB,,0,0,1.3,Attendance Fail,4.4
SU2020,SU2020-class 4,13,1905ADJHHG,,9,4.8,6.6,Passed,6.6
SU2020,SU2020-class 4,14,1905ADJEFF,,0,0,1.4,Attendance Fail,4.8
SU2020,SU2020-class 4,15,1905AEAECF,,8.5,4.8,7,Passed,8.4
SU2020,SU2020-class 4,16,1905ADJAIB,,9,4.8,6.5,Passed,6.3
SU2020,SU2020-class 4,17,1905ADAJJJ,,9,2.8,5.5,Not Passed,5.8
SU2020,SU2020-class 4,18,1905ADJDCA,,0,0,0.7,Attendance Fail,2.4
SU2020,SU2020-class 4,19,1905ADJGHE,,7.5,3.4,5.5,Not Passed,6.3
SU2020,SU2020-class 4,20,1905ADJIFB,,7.5,4.6,6.2,Passed,6.9
SU2020,SU2020-class 4,21,1905ADAJAG,,9,4.8,6.5,Passed,6.3
SU2020,SU2020-class 4,22,1905ADJECD,,5,4.4,5,Passed,5.9
SU2020,SU2020-class 4,23,1905ADJIAB,,9,2.4,5.3,Not Passed,5.4
SU2020,SU2020-class 4,24,1905ADJFCD,,7,5.2,5.7,Passed,5.1
SU2020,SU2020-class 4,25,1905AEAECI,,9,7.4,8.2,Passed,8.5
SU2020,SU2020-class 4,26,1905ADAJJA,,9,4.6,5.7,Passed,4
SU2020,SU2020-class 4,27,1905ADJFIG,,7.5,3.2,5.3,Not Passed,5.8
SU2020,SU2020-class 4,28,1905ADJHAI,,7,6.4,6.8,Passed,7
SU2020,SU2020-class 4,29,1905ADAJDG,,9,4,6.1,Passed,6
SU2020,SU2020-class 5,1,1905ACJEBD,,7.5,3.2,5.4,Not Passed,6.1
SU2020,SU2020-class 5,2,1905ADJCCH,,0,0,1.1,Attendance Fail,3.6
SU2020,SU2020-class 5,3,1905ACJCFC,,8,4,5.7,Passed,5.6
SU2020,SU2020-class 5,4,1905ADJBEE,,7.5,4,5.8,Passed,6.5
SU2020,SU2020-class 5,5,1905ADJBID,,8,5.4,6.1,Passed,5.3
SU2020,SU2020-class 5,6,1905ADAJEE,,8.5,3.6,6.1,Not Passed,6.9
SU2020,SU2020-class 5,7,1905ADJAIF,,9,6,7.7,Passed,8.8
SU2020,SU2020-class 5,8,1905ACJFFH,,7,4.2,5.3,Passed,5.1
SU2020,SU2020-class 5,9,1905ADJCHH,,8.5,0,4.3,Not Passed,5.9
SU2020,SU2020-class 5,10,1905ADJAFC,,8,6,6.5,Passed,5.5
SU2020,SU2020-class 5,11,1905AEAECB,,7,6.2,6.9,Passed,7.9
SU2020,SU2020-class 5,12,1905ADAAFG,,9,3.6,6.2,Not Passed,7
SU2020,SU2020-class 5,13,1905ADJFHG,,0,0,0,Attendance Fail,0
SU2020,SU2020-class 5,14,1905ADJHGE,,8.5,0,4.6,Not Passed,6.8
SU2020,SU2020-class 5,15,1905ADJADG,,5,3,4.7,Not Passed,6.6
SU2020,SU2020-class 5,16,1905ADJIGF,,8,0,4,Not Passed,5.4
SU2020,SU2020-class 5,17,1905ADJHFI,,7,3,5.2,Not Passed,6.3
SU2020,SU2020-class 5,18,1905AEJJJI,,9,5.4,6.9,Passed,6.9
SU2020,SU2020-class 5,19,1905AEAECC,,9,4.2,6.2,Passed,6
SU2020,SU2020-class 5,20,1905ADJDJI,,9,5.2,6.8,Passed,6.8
SU2020,SU2020-class 5,21,1905ADJHDD,,8.5,4,6.1,Passed,6.5
SU2020,SU2020-class 5,22,1905ADAJHI,,9,4.2,6.6,Passed,7.3
SU2020,SU2020-class 5,23,1905ADJCAH,,8.5,5.2,6.8,Passed,7.3
SU2020,SU2020-class 5,24,1905ADAACA,,8,2.2,4.9,Not Passed,5.4
SU2020,SU2020-class 5,25,1905ADAAJA,,8.5,4.2,6.4,Passed,7.1
SU2020,SU2020-class 5,26,1905ACJAHC,,7.5,0,4.1,Attendance Fail,6
SU2020,SU2020-class 5,27,1905ADJGAD,,0,0,0,Attendance Fail,0
SU2020,SU2020-class 5,28,1905ADJCCB,,8,3.4,5.7,Not Passed,6.4
SU2020,SU2020-class 5,29,1905ADJFHH,,8.5,4,6,Passed,6.3
SU2020,SU2020-class 5,30,1905ADJECI,,9,4.2,6.2,Passed,6.1
SU2020,SU2020-class 6,1,1905AEJAHD,,7,5.6,6.4,Passed,6.8
SU2020,SU2020-class 6,2,1905AEJCGJ,,8.5,3.2,5.6,Not Passed,5.9
SU2020,SU2020-class 6,3,1905AEJJEI,,8.5,6.6,7.4,Passed,7.3
SU2020,SU2020-class 6,4,1905AEJJID,,8.5,8.6,8.6,Passed,8.8
SU2020,SU2020-class 6,5,1905AEJBBD,,8.5,5.8,7,Passed,7.1
SU2020,SU2020-class 6,6,1905AEJBCJ,,8.5,4,6.3,Passed,7
SU2020,SU2020-class 6,7,1905AEJCCB,,7,6.4,6.5,Passed,6
SU2020,SU2020-class 6,8,1905AEJBHF,,5,4.4,5.3,Passed,6.8
SU2020,SU2020-class 6,9,1905AEJBJE,,9,5.4,7.1,Passed,7.6
SU2020,SU2020-class 6,10,1905AEJAIH,,9,9.2,9.1,Passed,9
SU2020,SU2020-class 6,11,1905AEJCEF,,0,0,1.3,Attendance Fail,4.4
SU2020,SU2020-class 6,12,1905AEJBIA,,8.5,5.4,6.9,Passed,7.3
SU2020,SU2020-class 6,13,1905AEJAAB,,8.5,6.2,7.4,Passed,7.8
SU2020,SU2020-class 6,14,1905AEJCEC,,8,4,6.1,Passed,6.9
SU2020,SU2020-class 6,15,1905AEJJDF,,9,6.8,8,Passed,8.6
SU2020,SU2020-class 6,16,1905AEJBAC,,8,5.6,7.2,Passed,8.6
SU2020,SU2020-class 6,17,1905AEJBEF,,7.5,2.2,5.3,Not Passed,7.3
SU2020,SU2020-class 6,18,1905AEJJAF,,8.5,4.8,6.5,Passed,6.9
SU2020,SU2020-class 6,19,1905AEJADC,,8,4.2,6.2,Passed,7
SU2020,SU2020-class 6,20,1905AEJBFC,,7,4.4,5.6,Passed,5.9
SU2020,SU2020-class 6,21,1905AEJAID,,6.5,7.2,7.2,Passed,8
SU2020,SU2020-class 6,22,1905AEJAAE,,9,7.4,8.3,Passed,8.8
SU2020,SU2020-class 6,23,1905ADJIJA,,0,0,0.4,Attendance Fail,1.4
SU2020,SU2020-class 6,24,1905AEJJDA,,8,6,7.2,Passed,8.1
SU2020,SU2020-class 6,25,1905AEJJEC,,9,5.2,7.1,Passed,7.6
SU2020,SU2020-class 6,26,1905AEJABD,,9,4.2,6.7,Passed,7.9
SU2020,SU2020-class 6,27,1905AEJAIE,,6.5,6.8,7.1,Passed,8.3
SU2020,SU2020-class 6,28,1905AEJCAJ,,8.5,4,6.4,Passed,7.4
SU2020,SU2020-class 6,29,1905AEJCGD,,8.5,0,4.6,Not Passed,6.9
SU2020,SU2020-class 6,30,1905AEJCAA,,7.5,3.2,5.6,Not Passed,6.8
SU2020,SU2020-class 7,1,1905AEJFBB,,4.5,4.8,5.5,Passed,7.5
SU2020,SU2020-class 7,2,1905AEJFAH,,6,5,6,Passed,7.4
SU2020,SU2020-class 7,3,1905AEJFBD,,8.5,4.8,6.8,Passed,7.9
SU2020,SU2020-class 7,4,1905AEJFCD,,1,2.4,3.3,Not Passed,6.9
SU2020,SU2020-class 7,5,1905AEJFCA,,0.5,0,1.7,Not Passed,5.1
SU2020,SU2020-class 7,6,1905AEJFFB,,0.5,0,1.8,Not Passed,5.4
SU2020,SU2020-class 7,7,1905AEJFEE,,8.5,0,4.8,Not Passed,7.6
SU2020,SU2020-class 7,8,1905AEJFEC,,3,4,4.7,Not Passed,7.3
SU2020,SU2020-class 7,9,1905AEJFFD,,7,6.6,7.1,Passed,8
SU2020,SU2020-class 7,10,1905AEJFHA,,6.5,4.8,6.2,Passed,7.8
SU2020,SU2020-class 7,11,1905AEJFII,,7,5.4,6.7,Passed,8
SU2020,SU2020-class 7,12,1905AEJDHC,,6,4,5.7,Passed,7.6
SU2020,SU2020-class 7,13,1905AEJCIF,,5,4.2,5.5,Passed,7.8
SU2020,SU2020-class 7,14,1905AEJEHJ,,0.5,0,1.1,Not Passed,3.1
SU2020,SU2020-class 7,15,1905AEJEEE,,8.5,5.8,7.3,Passed,8
SU2020,SU2020-class 7,16,1905AEJEHD,,1,4,3.4,Not Passed,5.1
SU2020,SU2020-class 7,17,1905AEJFAJ,,0.5,0,1.2,Not Passed,3.5
SU2020,SU2020-class 7,18,1905AEJDBJ,,5,4,5.4,Passed,7.6
SU2020,SU2020-class 7,19,1905AEJDIH,,3.5,4.8,5.1,Passed,7.3
SU2020,SU2020-class 7,20,1905AEJDDC,,10,4.4,7.2,Passed,8
SU2020,SU2020-class 7,21,1905AEJDID,,4,3.6,4.8,Not Passed,7.3
SU2020,SU2020-class 7,22,1905AEJEFE,,4.5,5.6,5.8,Passed,7.5
SU2020,SU2020-class 7,23,1905AEJFIA,,8.5,4.4,6.7,Passed,8
SU2020,SU2020-class 7,24,1905AEJEGH,,5,5.2,5.9,Passed,7.6
SU2020,SU2020-class 7,25,1905AEJEBE,,6.5,7.4,7.2,Passed,7.5
SU2020,SU2020-class 7,26,1905AEJDHJ,,5,6.6,6.4,Passed,7.6
SU2020,SU2020-class 7,27,1905AEJEJJ,,10,7,8.1,Passed,7.5
SU2020,SU2020-class 7,28,1905AEJEDG,,10,7.2,8.3,Passed,8
SU2020,SU2020-class 7,29,1905AEJEJC,,1.5,4.2,4,Not Passed,6.3
SU2020,SU2020-class 7,30,1905AEJEDH,,6.5,6,6.6,Passed,7.6
SU2020,SU2020-class 8,1,1905AEJGAC,,8,4.8,6.8,Passed,8.3
SU2020,SU2020-class 8,2,1905ADJHFA,,5.5,3.4,5,Not Passed,6.6
SU2020,SU2020-class 8,3,1905AEJGEE,,5,6.6,6.5,Passed,8
SU2020,SU2020-class 8,4,1905AEJGFE,,5,5.2,5.4,Passed,6.1
SU2020,SU2020-class 8,5,1905AEJGIC,,7,4,6,Passed,7.6
SU2020,SU2020-class 8,6,1905AEJHAJ,,9,5.4,7.1,Passed,7.6
SU2020,SU2020-class 8,7,1905AEJHCB,,9,0,4.9,Not Passed,7.4
SU2020,SU2020-class 8,8,1905AEJHDJ,,9,5.4,7.4,Passed,8.4
SU2020,SU2020-class 8,9,1905AEJHEA,,9,4.2,6.7,Passed,7.9
SU2020,SU2020-class 8,10,1905AEJHEG,,8,4.8,6.6,Passed,7.6
SU2020,SU2020-class 8,11,1905AEJHEF,,5,4,5.4,Passed,7.5
SU2020,SU2020-class 8,12,1905AEJHFD,,9,7.8,8.6,Passed,9.3
SU2020,SU2020-class 8,13,1905AEJHIE,,6.5,4,5.9,Passed,7.9
SU2020,SU2020-class 8,14,1905AEJHIJ,,9,6.4,7.4,Passed,7.3
SU2020,SU2020-class 8,15,1905AEJHIH,,7.5,4,6,Passed,7.3
SU2020,SU2020-class 8,16,1905AEJIJJ,,0,0,0,Attendance Fail,0
SU2020,SU2020-class 8,17,1905AEJIJG,,9,5.4,6.9,Passed,6.9
SU2020,SU2020-class 8,18,1905AEJIBF,,5,6.6,6.5,Passed,8
SU2020,SU2020-class 8,19,1905AEJIBB,,7,5,6,Passed,6.4
SU2020,SU2020-class 8,20,1905AEJIHD,,9,4.8,7.3,Passed,9
SU2020,SU2020-class 8,21,1905AEJIID,,9,3.8,6.7,Not Passed,8.1
SU2020,SU2020-class 8,22,1905AEJIIH,,9,7.2,7.5,Passed,6.5
SU2020,SU2020-class 8,23,1905AEAJAB,,9,4.8,6.8,Passed,7.3
SU2020,SU2020-class 8,24,1905AEAJJI,,7.5,5.4,6.5,Passed,6.9
SU2020,SU2020-class 8,25,1905AEAJJE,,9,2.8,6,Not Passed,7.3
SU2020,SU2020-class 8,26,1905AEAJBH,,9,5.2,7.1,Passed,7.8
SU2020,SU2020-class 8,27,1905ADJHEJ,,7,3,5.2,Not Passed,6.3
SU2020,SU2020-class 8,28,1905AEAJCG,,9,5.8,7.3,Passed,7.5
SU2020,SU2020-class 8,29,1905ADJJFD,,0,0,1.6,Attendance Fail,5.3
SU2020,SU2020-class 8,30,1905AEAJFG,,9,5.4,7.1,Passed,7.6
SU2020,SU2020-class 9,1,1905AEABAJ,,5,3.6,4.9,Not Passed,6.4
SU2020,SU2020-class 9,2,1905AEABFD,,9,4.2,6.1,Passed,5.9
SU2020,SU2020-class 9,3,1905AEABCH,,9,5.2,6.6,Passed,6.1
SU2020,SU2020-class 9,4,1905AEABBA,,0,0,1.4,Attendance Fail,4.5
SU2020,SU2020-class 9,5,1905AEABEE,,0,0,1.7,Attendance Fail,5.8
SU2020,SU2020-class 9,6,1905AEABFJ,,7,5.6,6.1,Passed,5.9
SU2020,SU2020-class 9,7,1905AEAAIH,,8,4.2,6.1,Passed,6.8
SU2020,SU2020-class 9,8,1905AEAAII,,6.5,5.6,6.2,Passed,6.6
SU2020,SU2020-class 9,9,1905AEABAG,,8,4.4,6.4,Passed,7.4
SU2020,SU2020-class 9,10,1905AEABJJ,,8,4.2,6.2,Passed,7
SU2020,SU2020-class 9,11,1905AEABGC,,9,4.2,6.2,Passed,6.1
SU2020,SU2020-class 9,12,1905AEAAIF,,8,4.6,5.9,Passed,5.5
SU2020,SU2020-class 9,13,1905AEABAD,,5,3.2,4.8,Not Passed,6.9
SU2020,SU2020-class 9,14,1905AEABDD,,7,4.2,5.5,Passed,5.8
SU2020,SU2020-class 9,15,1905AEABFC,,9,4.6,6.4,Passed,6.3
SU2020,SU2020-class 9,16,1905AEABDE,,9,4,5.9,Passed,5.4
SU2020,SU2020-class 9,17,1905AEAJHB,,6.5,7,6.9,Passed,7.1
SU2020,SU2020-class 9,18,1905AEAJHA,,0,0,1.1,Attendance Fail,3.8
SU2020,SU2020-class 9,19,1905AEAJHJ,,6.5,7.2,6.9,Passed,6.9
SU2020,SU2020-class 9,20,1905AEAJIB,,6.5,3.8,5.4,Not Passed,6.5
SU2020,SU2020-class 9,21,1905AEAABD,,0,0,1.5,Attendance Fail,5
SU2020,SU2020-class 9,22,1905AEABDC,,0,0,1.4,Attendance Fail,4.8
SU2020,SU2020-class 9,23,1905AEAABH,,6.5,5.4,6.2,Passed,6.9
SU2020,SU2020-class 9,24,1905AEAABG,,8,5,7,Passed,8.5
SU2020,SU2020-class 9,25,1905AEABEG,,5,4.8,5.6,Passed,7.1
SU2020,SU2020-class 9,26,1905AEAACD,,9,5.2,6.8,Passed,6.9
SU2020,SU2020-class 9,27,1905AEAAFA,,5,3.4,4.5,Not Passed,5.4
SU2020,SU2020-class 9,28,1905AEABFF,,9,5,6.4,Passed,5.8
SU2020,SU2020-class 9,29,1905AEABJA,,5,3.6,4.4,Not Passed,4.8
SU2020,SU2020-class 9,30,1905AEABBB,,0,0,1.7,Not Passed,5.8
SU2020,SU2020-class 10,1,1905AEADIA,,0,0,1.1,Attendance Fail,3.5
SU2020,SU2020-class 10,2,1905AEACBH,,6.5,5.2,5.8,Passed,6
SU2020,SU2020-class 10,3,1905AEADDC,,8,4.2,6,Passed,6.4
SU2020,SU2020-class 10,4,1905AEADAI,,7.5,2.8,5.1,Not Passed,5.6
SU2020,SU2020-class 10,5,1905AEACHI,,7.5,4.4,5.8,Passed,6.1
SU2020,SU2020-class 10,6,1905AEACFD,,9,4.6,6.3,Passed,5.8
SU2020,SU2020-class 10,7,1905AEADHI,,0,0,0.9,Attendance Fail,3.1
SU2020,SU2020-class 10,8,1905AEACAC,,9,4.2,6.4,Passed,6.8
SU2020,SU2020-class 10,9,1905AEACAA,,9,6.4,7.5,Passed,7.6
SU2020,SU2020-class 10,10,1905AEJGAE,,9,3.8,6.1,Not Passed,6.4
SU2020,SU2020-class 10,11,1905ADJBCG,,5,3.2,4.1,Not Passed,4.5
SU2020,SU2020-class 10,12,1905AEACBI,,5,3.6,5,Not Passed,6.9
SU2020,SU2020-class 10,13,1905AEABIJ,,7,4.6,5.7,Passed,6
SU2020,SU2020-class 10,14,1905AEABID,,6,4,5.3,Passed,6.4
SU2020,SU2020-class 10,15,1905AEACJC,,7,5.2,6,Passed,6.1
SU2020,SU2020-class 10,16,1905AEACBD,,5,0,3.3,Not Passed,6
SU2020,SU2020-class 10,17,1905AEADHH,,6,5.2,5.7,Passed,6
SU2020,SU2020-class 10,18,1905AEADJG,,5,3.4,4.6,Not Passed,5.8
SU2020,SU2020-class 10,19,1905AEABIE,,5,5.2,5.6,Passed,6.8
SU2020,SU2020-class 10,20,1905AEABIH,,9,4.2,6.2,Passed,6
SU2020,SU2020-class 10,21,1905AEABHG,,0.5,0,2,Not Passed,6
SU2020,SU2020-class 10,22,1905AEACCI,,5,5.4,5.4,Passed,5.8
SU2020,SU2020-class 10,23,1905AEACJI,,6,5.8,5.4,Passed,4.3
SU2020,SU2020-class 10,24,1905AEACJH,,7.5,4.6,6.3,Passed,7.3
SU2020,SU2020-class 10,25,1905AEAEBJ,,9,4.4,6.3,Passed,6.1
SU2020,SU2020-class 10,26,1905AEADBE,,5,4.6,4.4,Not Passed,3.6
SU2020,SU2020-class 10,27,1905AEACEI,,9,7.4,7.7,Passed,6.9
SU2020,SU2020-class 10,28,1905AEADIH,,9,3.6,5.8,Not Passed,5.6
SU2020,SU2020-class 10,29,1905AEAEAH,,9,4.2,6.4,Passed,6.8
SU2020,SU2020-class 10,30,1905AEACDD,,8.5,5.4,6.6,Passed,6.3
SU2021,SU2021-class 1,1,1905AFABHJ,,6.3,7.8,7.1,Passed,
SU2021,SU2021-class 1,2,1905AFJBCD,,7.8,9,8.2,Passed,
SU2021,SU2021-class 1,3,1905AEJCCE,,6,7.2,6.6,Passed,
SU2021,SU2021-class 1,4,1905AFJHGB,,7.8,8.8,8.1,Passed,
SU2021,SU2021-class 1,5,1905AFJBBD,,6.8,4.8,5.7,Passed,
SU2021,SU2021-class 1,6,1905AFJHFH,,8.3,9.8,8.7,Passed,
SU2021,SU2021-class 1,7,1905AFJIDF,,6.8,6.8,6.6,Passed,
SU2021,SU2021-class 1,8,1905AFBJJG,,7.5,9,7.8,Passed,
SU2021,SU2021-class 1,9,1905AFAJEB,,5.5,6.4,6.3,Passed,
SU2021,SU2021-class 1,10,1905AFAAGJ,,6.5,8.8,7.5,Passed,
SU2021,SU2021-class 1,11,1905AEACGC,,6.3,8.6,7.4,Passed,
SU2021,SU2021-class 1,12,1905AEJICG,,6.8,4.4,5.7,Passed,
SU2021,SU2021-class 1,13,1905AFJJDC,,8,9.4,8.3,Passed,
SU2021,SU2021-class 1,14,1905AFAGDC,,7.3,7,7,Passed,
SU2021,SU2021-class 1,15,1905AFJJIA,,8.8,8,8,Passed,
SU2021,SU2021-class 1,16,1905AFAJHE,,6.8,6.6,6.7,Passed,
SU2021,SU2021-class 1,17,1905AFJADI,,7.3,4,5.8,Passed,
SU2021,SU2021-class 1,18,1905AFADFD,,6.5,8.6,7.5,Passed,
SU2021,SU2021-class 1,19,1905AEJFAC,,2.8,6,5.1,Passed,
SU2021,SU2021-class 1,20,1905AFAADH,,7.8,7.8,7.3,Passed,
SU2021,SU2021-class 1,21,1905AFJCEI,,6.5,7.4,6.9,Passed,
SU2021,SU2021-class 1,22,1905AFJDDD,,7.3,6,6.6,Passed,
SU2021,SU2021-class 1,23,1905AFAJIA,,5.8,7.2,6.2,Passed,
SU2021,SU2021-class 1,24,1905AFJJBB,,7,8,7.6,Passed,
SU2021,SU2021-class 1,25,1905AFJEFA,,8,9.4,8.5,Passed,
SU2021,SU2021-class 1,26,1905AFJGEI,,5.5,9,7.1,Passed,
SU2021,SU2021-class 1,27,1905AEJEAG,,5.8,5.8,6,Passed,
SU2021,SU2021-class 1,28,1905AFJEFB,,0,0,1.2,Attendance Fail,
SU2021,SU2021-class 1,29,1901AFJACB,,6.3,5.6,6.1,Passed,
SU2021,SU2021-class 2,1,1905ADJCHD,,6,5.2,5.7,Passed,
SU2021,SU2021-class 2,2,1905ADJEAJ,,6,7.3,6.4,Passed,
SU2021,SU2021-class 2,3,1905ADJEAC,,6.5,4.2,5.6,Passed,
SU2021,SU2021-class 2,4,1905ACJGAG,,5.5,6.3,5.1,Passed,
SU2021,SU2021-class 2,5,1905ACJCJJ,,0,0,0,Attendance Fail,
SU2021,SU2021-class 2,6,1905ADAJDB,,7.3,6.3,7.2,Passed,
SU2021,SU2021-class 2,7,1905ADAJAD,,6.8,6.3,6.4,Passed,
SU2021,SU2021-class 2,8,1905ADAJDH,,8,7,7.1,Passed,
SU2021,SU2021-class 2,9,0305ADJFFI,,6.3,6.7,6.6,Passed,
SU2021,SU2021-class 2,10,1905ADJEFG,,0,0,0,Attendance Fail,
SU2021,SU2021-class 2,11,1905AFAFCE,,4.8,0,3.2,Not Passed,
SU2021,SU2021-class 2,12,1905ADJIJA,,6.8,6.3,6.3,Passed,
SU2021,SU2021-class 2,13,1905ADJGGH,,8,6.8,7.4,Passed,
SU2021,SU2021-class 2,14,1905AFJECI,,7,4.7,6.1,Passed,
SU2021,SU2021-class 2,15,1905ADJFBF,,8,7.5,7.7,Passed,
SU2021,SU2021-class 2,16,1905ADAAJJ,,7.5,6.7,7,Passed,
SU2021,SU2021-class 2,17,1905ADJEEJ,,6,6.2,5.9,Passed,
SU2021,SU2021-class 3,1,1905AFABAG,,9,7.8,8.5,Passed,
SU2021,SU2021-class 3,2,1905AFBJEE,,1,0,2.7,Not Passed,
SU2021,SU2021-class 3,3,1905AFADJE,,0,0,0,Not Passed,
SU2021,SU2021-class 3,4,1905AFAFDH,,8.4,5.8,7.5,Passed,
SU2021,SU2021-class 3,5,1905AFBJHE,,7.9,6.2,7.2,Passed,
SU2021,SU2021-class 3,6,1905AFADDJ,,9.3,8.8,9.1,Passed,
SU2021,SU2021-class 3,7,1905AFBADG,,8.4,7.8,7.8,Passed,
SU2021,SU2021-class 3,8,1905AFJBDA,,9.1,5,7.6,Passed,
SU2021,SU2021-class 3,9,1905AFAEFE,,7.8,5.6,7,Passed,
SU2021,SU2021-class 3,10,1905AFAEAE,,7.8,6.8,7.1,Passed,
SU2021,SU2021-class 3,11,1905AFAGFB,,8.4,8,8.5,Passed,
SU2021,SU2021-class 3,12,1905AFAGJC,,8.4,9.4,8.5,Passed,
SU2021,SU2021-class 3,13,1905AFADEC,,9.3,6,7.9,Passed,
SU2021,SU2021-class 3,14,1905ACJAIB,,0,0,0,Not Passed,
SU2021,SU2021-class 3,15,1905AFBJIE,,8.9,7.6,8.4,Passed,
SU2021,SU2021-class 3,16,1905AFAGAC,,8.2,8.4,8.5,Passed,
SU2021,SU2021-class 3,17,1905AFAEGE,,8.3,7,7.9,Passed,
SU2021,SU2021-class 3,18,1905AFAEHB,,9.3,7.8,8.6,Passed,
SU2021,SU2021-class 3,19,1905AFABJJ,,9,4.8,7.4,Passed,
SU2021,SU2021-class 3,20,1905AFAHCD,,9.3,6,8,Passed,
SU2021,SU2021-class 3,21,1905AFADEG,,9.4,9.4,9.3,Passed,
SU2021,SU2021-class 3,22,1905AFAJJA,,8.6,5.2,7.5,Passed,
SU2021,SU2021-class 3,23,1905AFADFG,,0,0,0,Not Passed,
SU2021,SU2021-class 3,24,1905AFBAIF,,8.9,9.6,9.3,Passed,
SU2021,SU2021-class 3,25,1905AFBAEF,,8.9,6.2,7.9,Passed,
SU2021,SU2021-class 3,26,1905AFAFDI,,7.7,6.2,7.5,Passed,
SU2021,SU2021-class 3,27,1905AFAGAE,,8.4,7.2,8.1,Passed,
SU2021,SU2021-class 3,28,1905AFAHGF,,9.5,7.6,8.7,Passed,
SU2021,SU2021-class 3,29,1905AFAIAE,,9.3,6.4,8.2,Passed,
SU2021,SU2021-class 3,30,1905AEAADE,,0,0,0,Not Passed,
SU2021,SU2021-class 3,31,1905AFAIDC,,8.4,4.6,7,Passed,
SU2021,SU2021-class 4,1,1905AFJIFA,,7.6,8.4,8,Passed,
SU2021,SU2021-class 4,2,1905AEJFDC,,6.1,4.8,5.6,Passed,
SU2021,SU2021-class 4,3,1905AFJEGH,,8,6.4,7.7,Passed,
SU2021,SU2021-class 4,4,1905AFAFGH,,7.7,6.2,7.8,Passed,
SU2021,SU2021-class 4,5,1905AEJFHH,,5.6,7.6,6.2,Passed,
SU2021,SU2021-class 4,6,1905AEJGEH,,7.8,7.2,7,Passed,
SU2021,SU2021-class 4,7,1905AEJGIB,,7.2,9,7,Passed,
SU2021,SU2021-class 4,8,1905AEJECB,,8.1,9.2,9,Passed,
SU2021,SU2021-class 4,9,1905AEJDBD,,4.1,0,1.5,Not Passed,
SU2021,SU2021-class 4,10,1905AEJHFC,,6.8,7.2,6.4,Passed,
SU2021,SU2021-class 4,11,0805AFCBDH,,8,8.8,8.6,Passed,
SU2021,SU2021-class 4,12,1905ADJHGE,,0,0,0,Attendance Fail,
SU2021,SU2021-class 4,13,1905ADJCIJ,,7.4,4.8,6,Passed,
SU2021,SU2021-class 4,14,1905AFACAI,,4.5,0,2,Attendance Fail,
SU2021,SU2021-class 4,15,1905AFAAAF,,9.9,8.6,9.4,Passed,
SU2021,SU2021-class 4,16,1905AEJECG,,6.6,5.8,6.1,Passed,
SU2021,SU2021-class 4,17,1905AEJIDC,,3,0,0.9,Attendance Fail,
SU2021,SU2021-class 4,18,1905AEJIEI,,0,0,0,Attendance Fail,
SU2021,SU2021-class 4,19,1905AEJBEG,,8.9,6.6,8,Passed,
SU2021,SU2021-class 4,20,1905AEJIGC,,6.6,5,5.2,Passed,
SU2021,SU2021-class 4,21,1905AFAGAA,,8,9.4,8.9,Passed,
SU2021,SU2021-class 4,22,1905AFJCDC,,8.2,7.4,8.1,Passed,
SU2021,SU2021-class 4,23,1905AFACJD,,8.4,9.4,8.7,Passed,
SU2021,SU2021-class 4,24,1905AFAECJ,,5.7,5.6,5.2,Passed,
SU2021,SU2021-class 4,25,1905AEJDAH,,7.8,7.2,7,Passed,
SU2021,SU2021-class 4,26,1905AEAACE,,7.4,6.8,5.6,Passed,
SU2021,SU2021-class 4,27,1905ADJGGH,,8,3,5.4,Not Passed,
SU2021,SU2021-class 4,28,1905AEJEJF,,6.1,0,4.2,Not Passed,
SU2021,SU2021-class 4,29,1905FADCJ,,0,0,0,Attendance Fail,
SU2021,SU2021-class 4,30,1905AFJCFE,,7.1,7.2,7.4,Passed,
SU2021,SU2021-class 5,1,1905AFAFHJ,,10,7.8,8.8,Passed,
SU2021,SU2021-class 5,2,1905AEAEAB,,9,6.8,7.6,Passed,
SU2021,SU2021-class 5,3,1905ADJBBA,,9,4.6,7.1,Passed,
SU2021,SU2021-class 5,4,1905AFJAAI,,9,5.2,7.3,Passed,
SU2021,SU2021-class 5,5,1905AEABEI,,0,0,0,Attendance Fail,
SU2021,SU2021-class 5,6,1905AFJJJA,,10,6.6,8.5,Passed,
SU2021,SU2021-class 5,7,1905AFAGFD,,5,4,4.8,Not Passed,
SU2021,SU2021-class 5,8,1905AFJJCC,,10,9.2,9.4,Passed,
SU2021,SU2021-class 5,9,1905AFJJID,,9.5,7.6,8.6,Passed,
SU2021,SU2021-class 5,10,1905AFJAJC,,7.5,5.4,6.6,Passed,
SU2021,SU2021-class 5,11,1905AEADAA,,0,0,0,Attendance Fail,
SU2021,SU2021-class 5,12,1905AEABGE,,8,4.2,6.4,Passed,
SU2021,SU2021-class 5,13,1905AFAJJD,,8.5,7.6,8.1,Passed,
SU2021,SU2021-class 5,14,1905AFJJFD,,9,5.2,7.1,Passed,
SU2021,SU2021-class 5,15,1905AFJJFE,,10,9,9.3,Passed,
SU2021,SU2021-class 5,16,1905AEJDIF,,0,0,0.7,Attendance Fail,
SU2021,SU2021-class 5,17,1905AEJIGG,,8.5,6.8,8.1,Passed,
SU2021,SU2021-class 5,18,1905AFJJHF,,9,6.2,7.6,Passed,
SU2021,SU2021-class 5,19,1905AFADCA,,8,5.2,6.7,Passed,
SU2021,SU2021-class 5,20,1905AFJJEB,,10,9.2,9.3,Passed,
SU2021,SU2021-class 5,21,1905AFJJBG,,9.5,6.6,8,Passed,
SU2021,SU2021-class 5,22,1905AFJACF,,9,8,8.4,Passed,
SU2021,SU2021-class 5,23,1905AFJJII,,9,8.2,8.7,Passed,
SU2021,SU2021-class 5,24,1905AEAJIE,,9.5,4.2,7,Passed,
SU2021,SU2021-class 5,25,1905AFJIJJ,,8.5,6.6,7.5,Passed,
SU2021,SU2021-class 5,26,1905AFJAJE,,9.5,8,8.5,Passed,
SU2021,SU2021-class 5,27,1905AFAEGF,,7.5,7.6,7.8,Passed,
SU2021,SU2021-class 5,28,1905AEAAEJ,,8,9,8.6,Passed,
SU2021,SU2021-class 5,29,1905AEABEC,,7.5,4.4,5.8,Passed,
SU2021,SU2021-class 5,30,1905AFAJFD,,10,9,9.3,Passed,
SU2021,SU2021-class 6,1,1905AFJBJI,,9.5,9.2,8.9,Passed,
SU2021,SU2021-class 6,2,1905AFJCHE,,7,6,6.7,Passed,
SU2021,SU2021-class 6,3,1905ACJCJJ,,0,0,0,Attendance Fail,
SU2021,SU2021-class 6,4,1905AFJDJH,,6.3,7.4,6.8,Passed,
SU2021,SU2021-class 6,5,1905AFJCJF,,7.8,8.8,7.8,Passed,
SU2021,SU2021-class 6,6,1905AFJDJI,,6.5,6.2,6.5,Passed,
SU2021,SU2021-class 6,7,1905AFJBIC,,4,0,2.6,Not Passed,
SU2021,SU2021-class 6,8,1905AFJDJA,,5.5,6,5.9,Passed,
SU2021,SU2021-class 6,9,1905AFJAIE,,6.8,5.4,5.9,Passed,
SU2021,SU2021-class 6,10,1905ACJCJH,,6,7.8,6.1,Passed,
SU2021,SU2021-class 6,11,1905AFJCHA,,5.5,0,3,Not Passed,
SU2021,SU2021-class 6,12,1905AFJCGF,,7.3,6.6,6.7,Passed,
SU2021,SU2021-class 6,13,1905AFJDCA,,5,0,2.7,Not Passed,
SU2021,SU2021-class 6,14,1905AFJAIJ,,6.3,8.6,6.9,Passed,
SU2021,SU2021-class 6,15,1905AFJBDJ,,9,9.6,9.1,Passed,
SU2021,SU2021-class 6,16,1905AFJBJD,,9.3,7.2,7.8,Passed,
SU2021,SU2021-class 6,17,1905AFJDBA,,6,5.2,5.8,Passed,
SU2021,SU2021-class 6,18,1905AFJBGG,,8.5,9.4,8.6,Passed,
SU2021,SU2021-class 6,19,1905AFJADA,,8,9.6,8.5,Passed,
SU2021,SU2021-class 6,20,1905AFJDAD,,5.8,6.6,6.5,Passed,
SU2021,SU2021-class 6,21,1905AFJBFJ,,4.5,0,2.6,Not Passed,
SU2021,SU2021-class 6,22,1905AFJCIJ,,5.5,4.8,5,Passed,
SU2021,SU2021-class 6,23,1905AFJDAI,,5.3,7.2,6.5,Passed,
SU2021,SU2021-class 6,24,1905AFJDBE,,7,4.8,6.1,Passed,
SU2021,SU2021-class 6,25,1905AFJAEE,,9.3,9,8.8,Passed,
SU2021,SU2021-class 6,26,1905AFJCAA,,9.3,7.6,8.3,Passed,
SU2021,SU2021-class 6,27,1905AFJDAC,,8,5.6,6.7,Passed,
SU2021,SU2021-class 6,28,1905AFJADB,,5.8,7.2,6.3,Passed,
SU2021,SU2021-class 6,29,1905ACJFEG,,6,5.6,5.6,Passed,
SU2021,SU2021-class 6,30,1905ADJFCF,,7.5,5.6,6.4,Passed,
SU2021,SU2021-class 6,31,1905AFJHCJ,,5.5,7.4,6.1,Passed,
SU2021,SU2021-class 7,1,1905AFJEAG,,4,4.8,5.3,Passed,
SU2021,SU2021-class 7,2,1905AFJEIE,,8.3,8.6,8.1,Passed,
SU2021,SU2021-class 7,3,1905AFJEHF,,6.8,9.4,7.7,Passed,
SU2021,SU2021-class 7,4,1905AFJFJC,,6.8,9.4,7.6,Passed,
SU2021,SU2021-class 7,5,1905AFJFJA,,7,9,7.8,Passed,
SU2021,SU2021-class 7,6,1905AFJFBA,,7,7.6,7.3,Passed,
SU2021,SU2021-class 7,7,1905FCDBE,,4.5,0,2.1,Attendance Fail,
SU2021,SU2021-class 7,8,1905AFJFDE,,0,0,1,Not Passed,
SU2021,SU2021-class 7,9,1905AEADFB,,6,4.8,5.8,Passed,
SU2021,SU2021-class 7,10,1905AFJDDJ,,7.3,8.6,7.4,Passed,
SU2021,SU2021-class 7,11,1905AFJFAE,,8.5,6,6.9,Passed,
SU2021,SU2021-class 7,12,1905AFJEEH,,7,6,6.3,Passed,
SU2021,SU2021-class 7,13,1905AFAJDH,,6,7,6.2,Passed,
SU2021,SU2021-class 7,14,1905AFJFAD,,8.3,8.2,8.1,Passed,
SU2021,SU2021-class 7,15,1905AFJEHC,,8,9.4,8.3,Passed,
SU2021,SU2021-class 7,16,1905AFJEAJ,,5.8,5.2,5.6,Passed,
SU2021,SU2021-class 7,17,1905AFJGFG,,5.5,6.4,6,Passed,
SU2021,SU2021-class 7,18,1905AFJFCE,,6.8,5,5.9,Passed,
SU2021,SU2021-class 7,19,1905AFJEGE,,6.5,7.4,6.6,Passed,
SU2021,SU2021-class 7,20,1905AFJEAF,,5.8,6.8,6.4,Passed,
SU2021,SU2021-class 7,21,1905AFJFAJ,,5.8,7.2,6.1,Passed,
SU2021,SU2021-class 7,22,1905AFJFED,,6.8,8.2,7.3,Passed,
SU2021,SU2021-class 7,23,1905AFJGED,,4.8,6,5.3,Passed,
SU2021,SU2021-class 7,24,1905AFJFJD,,8.8,8.8,8.3,Passed,
SU2021,SU2021-class 7,25,1905AFJFDJ,,6.5,7,6.1,Passed,
SU2021,SU2021-class 7,26,1905AFJEIF,,7,6.4,6.8,Passed,
SU2021,SU2021-class 7,27,1905AFJFJE,,6.5,7.6,7,Passed,
SU2021,SU2021-class 7,28,1905AFJECI,,5,0,2.7,Not Passed,
SU2021,SU2021-class 7,29,1905AFJDCF,,3.3,7.2,5.9,Passed,
SU2021,SU2021-class 7,30,1905AFJEJE,,6.8,0,2.9,Not Passed,
SU2021,SU2021-class 8,1,1905AFJHDF,,5,8.4,7.7,Passed,
SU2021,SU2021-class 8,2,1905AFJHFJ,,5,6.4,6.8,Passed,
SU2021,SU2021-class 8,3,1905AFJHGE,,5,9.6,8.2,Passed,
SU2021,SU2021-class 8,4,1905AFJHBG,,0,0,0,Not Passed,
SU2021,SU2021-class 8,5,1905AFJHHG,,5,8.6,7.6,Passed,
SU2021,SU2021-class 8,6,1905AEJGBE,,0,0,0,Attendance Fail,
SU2021,SU2021-class 8,7,1905AFJHID,,0,0,0,Attendance Fail,
SU2021,SU2021-class 8,8,1905AFJGGA,,9.5,10,9,Passed,
SU2021,SU2021-class 8,9,1905AFJIDA,,10,9.4,9.6,Passed,
SU2021,SU2021-class 8,10,1905AFJIDC,,5,7.6,6.5,Passed,
SU2021,SU2021-class 8,11,1905AFJGGH,,5,4.2,5.6,Passed,
SU2021,SU2021-class 8,12,1905AFJIJD,,5,5,6.1,Passed,
SU2021,SU2021-class 8,13,1905AFJHIJ,,5,6.4,6.4,Passed,
SU2021,SU2021-class 8,14,1905AFJHFD,,5,7,7.1,Passed,
SU2021,SU2021-class 8,15,1905AFJHDE,,5,4.2,5.2,Passed,
SU2021,SU2021-class 8,16,1905AFJHEG,,5,9,7.4,Passed,
SU2021,SU2021-class 8,17,1905AFJHBH,,7.5,9.2,8.7,Passed,
SU2021,SU2021-class 8,18,1905AFJHBF,,5,4.4,6,Passed,
SU2021,SU2021-class 8,19,1905AFJGIH,,6,9.4,8.4,Passed,
SU2021,SU2021-class 8,20,1905AFJGGG,,5,5.8,6.6,Passed,
SU2021,SU2021-class 8,21,1905AFJHGG,,7.5,9.8,9.1,Passed,
SU2021,SU2021-class 8,22,1905AFJHCB,,5,5.4,6.4,Passed,
SU2021,SU2021-class 8,23,1905AFJBCJ,,5,8.6,5.9,Passed,
SU2021,SU2021-class 8,24,1905AFJIBJ,,5,7.6,6.9,Passed,
SU2021,SU2021-class 8,25,1905AFJIBB,,5,5.6,6.5,Passed,
SU2021,SU2021-class 8,26,1905ACJJEE,,0,0,2.7,Not Passed,
SU2021,SU2021-class 8,27,1905AFJJHE,,0.5,6.8,5,Passed,
SU2021,SU2021-class 8,28,1905AFJHBB,,5,8,7.5,Passed,
SU2021,SU2021-class 8,29,1905AFJHEJ,,5,8.4,7.7,Passed,
SU2021,SU2021-class 8,30,1905AFJHDB,,7.5,6.4,7.6,Passed,
SU2021,SU2021-class 8,31,1905AFJIAG,,5,9.2,7.9,Passed,
SU2021,SU2021-class 9,1,1905AFABBC,,10,9.2,9.4,Passed,
SU2021,SU2021-class 9,2,1905AFAAFD,,5,6.4,6.7,Passed,
SU2021,SU2021-class 9,3,1905AFAAFF,,5,9,7.8,Passed,
SU2021,SU2021-class 9,4,1905AFJIGF,,9.5,5,7.3,Passed,
SU2021,SU2021-class 9,5,1905AFAJGJ,,10,8.4,9,Passed,
SU2021,SU2021-class 9,6,1905AFABBG,,8.5,6.4,7.8,Passed,
SU2021,SU2021-class 9,7,1905AFJJFH,,10,9.2,9.5,Passed,
SU2021,SU2021-class 9,8,1905AFAJEG,,5,7,6.7,Passed,
SU2021,SU2021-class 9,9,1905AFAAJI,,9.8,8.6,9,Passed,
SU2021,SU2021-class 9,10,1905AFAJHA,,10,8.2,9,Passed,
SU2021,SU2021-class 9,11,1905AFAJBA,,9.5,4.6,7.2,Passed,
SU2021,SU2021-class 9,12,1905AFAJCC,,9.8,8.2,9,Passed,
SU2021,SU2021-class 9,13,1905AFAJCG,,9.5,5.4,7.6,Passed,
SU2021,SU2021-class 9,14,1905AFJIFE,,9.5,8.6,9,Passed,
SU2021,SU2021-class 9,15,1905AFAAJD,,9.5,4.6,7.5,Passed,
SU2021,SU2021-class 9,16,1905AFAJFH,,10,8.4,9.1,Passed,
SU2021,SU2021-class 9,17,1905AFAACG,,9.8,8.6,9.1,Passed,
SU2021,SU2021-class 9,18,1905AFAJGH,,9,8.8,8.7,Passed,
SU2021,SU2021-class 9,19,1905AFAJIG,,10,8.8,9.1,Passed,
SU2021,SU2021-class 9,20,1905AFABCI,,9,8,8.5,Passed,
SU2021,SU2021-class 9,21,1905AFAAAH,,10,5.4,8,Passed,
SU2021,SU2021-class 9,22,1905AFAAAB,,8,8,8.2,Passed,
SU2021,SU2021-class 9,23,1905AFAACI,,10,7.4,8.6,Passed,
SU2021,SU2021-class 9,24,1905AFAAGE,,9.5,8.2,9,Passed,
SU2021,SU2021-class 9,25,1905AFAAIC,,9.8,5.6,7.9,Passed,
SU2021,SU2021-class 9,26,1905ADJACJ,,9.8,8.4,8.9,Passed,
SU2021,SU2021-class 9,27,1905AFJIGJ,,10,9,9.4,Passed,
SU2021,SU2021-class 9,28,1905AFJIHB,,9.5,5.6,7.8,Passed,
SU2021,SU2021-class 9,29,1905AFAJBB,,9.8,7,8.4,Passed,
SU2021,SU2021-class 9,30,1905AFAJIE,,9.5,9.2,9.3,Passed,
SU2021,SU2021-class 10,1,1905AFACGJ,,7.8,8.2,7.8,Passed,
SU2021,SU2021-class 10,2,1905AFACHC,,6.3,6.2,6.2,Passed,
SU2021,SU2021-class 10,3,1905AFAJHH,,8.5,9.6,8.5,Passed,
SU2021,SU2021-class 10,4,1905FAHAH,,6.5,5.8,6.3,Passed,
SU2021,SU2021-class 10,5,1905AFABGA,,7,4.8,6.2,Passed,
SU2021,SU2021-class 10,6,1905AFACJH,,7.5,5.2,6,Passed,
SU2021,SU2021-class 10,7,1905AFADEJ,,8,5.6,6.6,Passed,
SU2021,SU2021-class 10,8,1905AFABGD,,5,7.4,6.4,Passed,
SU2021,SU2021-class 10,9,1905AFACHA,,6.5,9.8,7.9,Passed,
SU2021,SU2021-class 10,10,1905AFADJD,,6.8,8.6,7.6,Passed,
SU2021,SU2021-class 10,11,1905AFABDD,,6.3,8.6,7.3,Passed,
SU2021,SU2021-class 10,12,1905AFACGD,,5.3,9,7.2,Passed,
SU2021,SU2021-class 10,13,1905AFABFB,,8,6,6.9,Passed,
SU2021,SU2021-class 10,14,1905AFABGF,,5.8,5.2,5.2,Passed,
SU2021,SU2021-class 10,15,1905AFADCH,,0,0,1.1,Attendance Fail,
SU2021,SU2021-class 10,16,1905AFACJE,,6.8,7.6,7.1,Passed,
SU2021,SU2021-class 10,17,1905AFABGE,,8.5,9.6,8.7,Passed,
SU2021,SU2021-class 10,18,1905AFADDH,,6.3,9.6,7.9,Passed,
SU2021,SU2021-class 10,19,1905AFADBC,,5.3,9.2,7.2,Passed,
SU2021,SU2021-class 10,20,1905AFADJF,,7.3,4.8,6.2,Passed,
SU2021,SU2021-class 10,21,1905AFABIJ,,7.3,5.6,6.1,Passed,
SU2021,SU2021-class 10,22,1905AFABEF,,8,7.2,7.3,Passed,
SU2021,SU2021-class 10,23,1905AFACGH,,7.5,5.6,6.6,Passed,
SU2021,SU2021-class 10,24,1905AFABEC,,5.5,5.4,5.5,Passed,
SU2021,SU2021-class 10,25,1905AFADCE,,6.8,9.8,6.9,Passed,
SU2021,SU2021-class 10,26,1905AFADJJ,,4.5,7.6,5.8,Passed,
SU2021,SU2021-class 10,27,1905AFACBE,,7.8,8.2,7.9,Passed,
SU2021,SU2021-class 10,28,1905AFACIH,,7.5,7.8,6.9,Passed,
SU2021,SU2021-class 10,29,1905AFACJC,,6.5,9.2,7.3,Passed,
SU2021,SU2021-class 10,30,1905AFACBA,,7.3,8,7.2,Passed,
SU2021,SU2021-class 11,1,1905AFADFE,,7.5,7,7.3,Passed,
SU2021,SU2021-class 11,2,1905AFAEJJ,,6.5,9.6,7.9,Passed,
SU2021,SU2021-class 11,3,1905AFADGC,,6.5,8,7.3,Passed,
SU2021,SU2021-class 11,4,1905AFADHA,,6.5,5.6,6.2,Passed,
SU2021,SU2021-class 11,5,1905AFAEAA,,8.5,8,7.8,Passed,
SU2021,SU2021-class 11,6,1905AFADEF,,7.5,7.4,7.4,Passed,
SU2021,SU2021-class 11,7,1905AFADEH,,6.8,6,6.5,Passed,
SU2021,SU2021-class 11,8,1905AFAEBH,,7,7.2,6.9,Passed,
SU2021,SU2021-class 11,9,1905AFAEBF,,7,5.6,6.4,Passed,
SU2021,SU2021-class 11,10,1905AFAEDA,,7.8,7.4,7.4,Passed,
SU2021,SU2021-class 11,11,1905AFAEHF,,6.5,8.6,7.5,Passed,
SU2021,SU2021-class 11,12,1905AFAABJ,,5.5,7.2,6.5,Passed,
SU2021,SU2021-class 11,13,1905AFAEJH,,8.3,9.2,8.3,Passed,
SU2021,SU2021-class 11,14,1905AFAEDH,,7.8,9.2,7.7,Passed,
SU2021,SU2021-class 11,15,1905ACJEDH,,7,8.4,7.3,Passed,
SU2021,SU2021-class 11,16,1905AFAEDJ,,7.3,8.2,7.5,Passed,
SU2021,SU2021-class 11,17,1905AFADFC,,6.5,7.8,6.5,Passed,
SU2021,SU2021-class 11,18,1905AEADBA,,6.8,0,3.1,Not Passed,
SU2021,SU2021-class 11,19,1905AFAEBA,,8.8,6,7.2,Passed,
SU2021,SU2021-class 11,20,1905AFADAC,,8,8.6,8.1,Passed,
SU2021,SU2021-class 11,21,1905AFADIH,,9,9.6,8.9,Passed,
SU2021,SU2021-class 11,22,1901AEJJHJ,,6.5,4.2,5.8,Passed,
SU2021,SU2021-class 11,23,1905AFADFI,,8.5,7.4,7.8,Passed,
SU2021,SU2021-class 11,24,1905AFAEEB,,6.8,8.6,7.6,Passed,
SU2021,SU2021-class 11,25,1905AFAEJF,,8,7.8,7.6,Passed,
SU2021,SU2021-class 11,26,1905AFAEJE,,7.5,6.4,7,Passed,
SU2021,SU2021-class 11,27,1905AFAEAB,,8,7.8,7.4,Passed,
SU2021,SU2021-class 11,28,1905AFAEDF,,7,9,7.8,Passed,
SU2021,SU2021-class 11,29,1905AFAEHJ,,6.5,7.2,6.8,Passed,
SU2021,SU2021-class 11,30,1905AFADIJ,,6.5,9.2,7.5,Passed,
SU2021,SU2021-class 12,1,1905AFAFIF,,8.8,9.2,8.7,Passed,
SU2021,SU2021-class 12,2,1905AFAHIC,,6.5,9.2,7.7,Passed,
SU2021,SU2021-class 12,3,1905AFAGDI,,8,6.6,7.2,Passed,
SU2021,SU2021-class 12,4,1905AFAFHE,,6,6.8,5.8,Passed,
SU2021,SU2021-class 12,5,1905AFAHHD,,6.3,6.4,6,Passed,
SU2021,SU2021-class 12,6,1905AFAGJB,,8.3,6.8,7.4,Passed,
SU2021,SU2021-class 12,7,1905AFAHCC,,6.8,7.8,7.1,Passed,
SU2021,SU2021-class 12,8,1905AFAGIF,,8.5,7.4,7.8,Passed,
SU2021,SU2021-class 12,9,1905AFBAID,,0,0,0.8,Attendance Fail,
SU2021,SU2021-class 12,10,1905AFAGCJ,,6,6,5.8,Passed,
SU2021,SU2021-class 12,11,1905AFAHEH,,6,8.2,7,Passed,
SU2021,SU2021-class 12,12,1905AFAFEG,,0,0,0,Attendance Fail,
SU2021,SU2021-class 12,13,1905AFAICJ,,5.5,6.2,5.9,Passed,
SU2021,SU2021-class 12,14,1905AFAHBJ,,8.5,8.2,8.1,Passed,
SU2021,SU2021-class 12,15,1905AFAFGA,,7.8,6,6.8,Passed,
SU2021,SU2021-class 12,16,1905AFAGCA,,8.8,9.2,8.6,Passed,
SU2021,SU2021-class 12,17,1905AFAFDJ,,8,8.4,7.7,Passed,
SU2021,SU2021-class 12,18,1905AFAICB,,6.8,9.6,8.3,Passed,
SU2021,SU2021-class 12,19,1905AFAHBF,,9.3,9.8,9,Passed,
SU2021,SU2021-class 12,20,1905ADAJFE,,5.3,0,3.2,Not Passed,
SU2021,SU2021-class 12,21,1905AFAFIA,,9,8.2,8.3,Passed,
SU2021,SU2021-class 12,22,1905FCBFE,,5.3,4.8,5.2,Passed,
SU2021,SU2021-class 12,23,1905AFAFAA,,7.3,5.2,6.3,Passed,
SU2021,SU2021-class 12,24,1905AFAFCJ,,5.3,6.8,5.3,Passed,
SU2021,SU2021-class 12,25,1905AFAICF,,0,0,0.5,Attendance Fail,
SU2021,SU2021-class 12,26,1905AFAFBB,,9.5,9,8.5,Passed,
SU2021,SU2021-class 12,27,1905AFAGDH,,7.8,6.8,7.4,Passed,
SU2021,SU2021-class 12,28,1905AFAFCH,,6.3,8,7,Passed,
SU2021,SU2021-class 12,29,1905AFAGBC,,8.8,6.4,7.5,Passed,
SU2021,SU2021-class 13,1,1905AFBJAH,,5.3,5.6,5.7,Passed,
SU2021,SU2021-class 13,2,1905AFAIFE,,6.8,8.8,7.9,Passed,
SU2021,SU2021-class 13,3,1905AFAIDF,,6.8,0,4.2,Not Passed,
SU2021,SU2021-class 13,4,1905AFJACG,,6.3,8,7,Passed,
SU2021,SU2021-class 13,5,1905AFAIIH,,6,9.4,7.8,Passed,
SU2021,SU2021-class 13,6,1905AFBJDJ,,6,8.4,7.1,Passed,
SU2021,SU2021-class 13,7,1905AFAIFG,,7,8.2,7.5,Passed,
SU2021,SU2021-class 13,8,1905AFAIIA,,6,6.2,6.1,Passed,
SU2021,SU2021-class 13,9,1905AFBJAE,,7,8.2,7.4,Passed,
SU2021,SU2021-class 13,10,1905AFAIDG,,7,7,6.6,Passed,
SU2021,SU2021-class 13,11,1905AFAIHJ,,7.8,5.6,6.5,Passed,
SU2021,SU2021-class 13,12,1905AFAIHI,,8.3,8.2,8,Passed,
SU2021,SU2021-class 13,13,1905AFBJAI,,6.8,7.2,6.9,Passed,
SU2021,SU2021-class 13,14,1905ACJEBE,,4.5,4.2,4.1,Not Passed,
SU2021,SU2021-class 13,15,1905AFBJCD,,7,5,5.9,Passed,
SU2021,SU2021-class 13,16,1905AFBJCI,,6,4.4,5.3,Passed,
SU2021,SU2021-class 13,17,1905AFAIFD,,7,5.6,6.4,Passed,
SU2021,SU2021-class 13,18,1905AFBJJA,,6,4.6,5.5,Passed,
SU2021,SU2021-class 13,19,1905AFAIIC,,6,7.6,6.6,Passed,
SU2021,SU2021-class 13,20,1905AFAIEA,,6.5,4.6,5.4,Passed,
SU2021,SU2021-class 13,21,1905AFAIHG,,8,9.6,8.3,Passed,
SU2021,SU2021-class 13,22,1905AFAIHE,,7.8,6.6,7.3,Passed,
SU2021,SU2021-class 13,23,1905AFBJDA,,7.5,8,7.6,Passed,
SU2021,SU2021-class 13,24,1905AFBJJJ,,6,5,5.5,Passed,
SU2021,SU2021-class 13,25,1905AFBJAA,,6.3,6,6.3,Passed,
SU2021,SU2021-class 13,26,1905AFAIGF,,6.5,5.4,6,Passed,
SU2021,SU2021-class 13,27,1905AFAIIB,,4.8,6.6,5.8,Passed,
SU2021,SU2021-class 13,28,1905AFBJCA,,6.5,9.8,8,Passed,
SU2021,SU2021-class 13,29,1905AFAIHD,,6.3,5.4,5.9,Passed,
SU2021,SU2021-class 13,30,1905AFBJAC,,7.8,9.2,8,Passed,
SU2021,SU2021-class 13,31,1905AFBJJC,,7.8,6.6,7,Passed,
SU2021,SU2021-class 14,1,1905AFBACB,,6,7.2,7.5,Passed,
SU2021,SU2021-class 14,2,1905AFBJHB,,9.5,9,9.3,Passed,
SU2021,SU2021-class 14,3,1905AFBAJB,,5.3,6.4,6.8,Passed,
SU2021,SU2021-class 14,4,1905AFBJIB,,8.3,8.4,8.6,Passed,
SU2021,SU2021-class 14,5,1905AFBJDC,,3.7,6.8,6.6,Passed,
SU2021,SU2021-class 14,6,1905AFBACE,,7.8,7.8,8.2,Passed,
SU2021,SU2021-class 14,7,1905AFBJEJ,,8.6,9.4,9.1,Passed,
SU2021,SU2021-class 14,8,1905AFBJDB,,6,9.8,8.5,Passed,
SU2021,SU2021-class 14,9,1905AFAJJI,,7.9,6,7.5,Passed,
SU2021,SU2021-class 14,10,1905AFBJDE,,5.9,5.4,6.5,Passed,
SU2021,SU2021-class 14,11,1905AFJCJI,,7.9,9.2,8.9,Passed,
SU2021,SU2021-class 14,12,1905AFBACJ,,8,8.4,8.6,Passed,
SU2021,SU2021-class 14,13,1905AFBABG,,0,0,0,Attendance Fail,
SU2021,SU2021-class 14,14,1905AFBJGB,,9.3,9.2,9.2,Passed,
SU2021,SU2021-class 14,15,1905ACJCJF,,7.9,9,8.7,Passed,
SU2021,SU2021-class 14,16,1905AFBAFE,,7.7,9.2,8.9,Passed,
SU2021,SU2021-class 14,17,1905AFBJGI,,0,0,0,Attendance Fail,
SU2021,SU2021-class 14,18,1905AFBJHH,,8,9.6,8.4,Passed,
SU2021,SU2021-class 14,19,1905AFBAED,,4.2,0,4.1,Not Passed,
SU2021,SU2021-class 14,20,1905AFBADF,,7.9,6,7.3,Passed,
SU2021,SU2021-class 14,21,1905AFBJGA,,6,6,6.9,Passed,
SU2021,SU2021-class 14,22,1905ADJHEJ,,8.1,9.8,9.3,Passed,
SU2021,SU2021-class 14,23,1905AFBJDF,,5.7,7.8,6.9,Passed,
SU2021,SU2021-class 14,24,1905AFBABJ,,8.3,9.8,9.2,Passed,
SU2021,SU2021-class 14,25,1905AFBACD,,5.3,7.4,7.2,Passed,
SU2021,SU2021-class 14,26,1905AFBADB,,9.3,5,7.5,Passed,
SU2021,SU2021-class 14,27,1905ADJADH,,8.5,5.4,7.4,Passed,
SU2021,SU2021-class 14,28,1905AFBJHA,,8.3,7.2,8.2,Passed,
SU2021,SU2021-class 14,29,1905AFBJFG,,5,7.4,7.1,Passed,
SU2021,SU2021-class 14,30,1905AFBAEJ,,7.9,9.2,8.5,Passed,
SU2021,SU2021-class 14,31,1905AFBAFD,,6.2,5.6,6.8,Passed,
SU2022,SU2022-class 1,1,1905AGAACI,,8.7,7.4,8.5,Passed,9.7
SU2022,SU2022-class 1,2,1905AGAABF,,8.8,5.2,7.6,Passed,9.5
SU2022,SU2022-class 1,3,1905AGAJCG,,8.8,8.8,9,Passed,9.5
SU2022,SU2022-class 1,4,1905AGJJJD,,8.9,7.6,8.6,Passed,9.7
SU2022,SU2022-class 1,5,1905AGACJJ,,3.5,6.4,5.8,Passed,7.4
SU2022,SU2022-class 1,6,1905AGJBAB,,8.8,7.6,8.2,Passed,8.5
SU2022,SU2022-class 1,7,1905AGJJFD,,4.5,8,6.7,Passed,7.3
SU2022,SU2022-class 1,8,1905AGAJEG,,8.8,5,7.6,Passed,9.7
SU2022,SU2022-class 1,9,1905AGJAIA,,8.7,5.8,7.8,Passed,9.7
SU2022,SU2022-class 1,10,1905AEJHAD,,0,0,0.1,Attendance Fail,0.5
SU2022,SU2022-class 1,11,1905AGABGA,,3.4,5.2,6,Passed,9.6
SU2022,SU2022-class 1,12,1905AGAACA,,8.8,7.2,8.4,Passed,9.7
SU2022,SU2022-class 1,13,1905AGAACH,,8.7,9.2,9.2,Passed,9.7
SU2022,SU2022-class 1,14,1905AGAJJF,,8.8,9,9.1,Passed,9.7
SU2022,SU2022-class 1,15,1905AGJBJG,,9,6.2,8,Passed,9.4
SU2022,SU2022-class 1,16,1905AGBHCF,,8.7,6,7.5,Passed,8.3
SU2022,SU2022-class 1,17,1905AGABBA,,8.8,8.4,8.8,Passed,9.2
SU2022,SU2022-class 1,18,1905AGAFEE,,8.7,6.8,8.2,Passed,9.6
SU2022,SU2022-class 1,19,1905AGJDGB,,8.7,5.6,7.4,Passed,8.5
SU2022,SU2022-class 1,20,1905AGJBDI,,8.8,5.8,7.8,Passed,9.6
SU2022,SU2022-class 1,21,1905AGAABJ,,8.7,8,8.7,Passed,9.6
SU2022,SU2022-class 1,22,1905AGCBAF,,8.8,7.6,8.6,Passed,9.7
SU2022,SU2022-class 1,23,1905AGABGC,,8.8,4.8,6.9,Passed,7.9
SU2022,SU2022-class 1,24,1905AGJDII,,8.7,8.6,8.9,Passed,9.7
SU2022,SU2022-class 1,25,1905AGAJCH,,8.8,5.2,7.2,Passed,8.5
SU2022,SU2022-class 2,1,1905AGAIHC,,6.5,9.6,8.3,Passed,8.3
SU2022,SU2022-class 2,2,1905AGACDF,,5,6.8,7.1,Passed,9.5
SU2022,SU2022-class 2,3,1905AGAGFE,,8.5,7.2,8.1,Passed,8.9
SU2022,SU2022-class 2,4,1905AGACFD,,8,8,8.6,Passed,9.9
SU2022,SU2022-class 2,5,1905AGAFCA,,8,10,9.4,Passed,10
SU2022,SU2022-class 2,6,1905AFJBJJ,,9,4.2,6.8,Passed,7.9
SU2022,SU2022-class 2,7,1905AGADDG,,10,7.8,9.1,Passed,9.9
SU2022,SU2022-class 2,8,1905AGBBGD,,9,6.4,7.1,Passed,6
SU2022,SU2022-class 2,9,1905AGBAHD,,8,5.6,7.1,Passed,8.2
SU2022,SU2022-class 2,10,1905AGAFJF,,10,7.2,8.9,Passed,10
SU2022,SU2022-class 2,11,1905AGBFFJ,,8.5,6.4,7.7,Passed,8.6
SU2022,SU2022-class 2,12,1905AGBDDF,,7,4.4,5.4,Passed,5.3
SU2022,SU2022-class 2,13,1905AGBBDH,,8,7.4,7.5,Passed,7
SU2022,SU2022-class 2,14,1905AGBAIJ,,8,5,7,Passed,8.6
SU2022,SU2022-class 2,15,1905AGABCC,,0,0,0,Attendance Fail,0
SU2022,SU2022-class 2,16,1905ACJFDG,,7.5,5.2,7,Passed,8.9
SU2022,SU2022-class 2,17,1905AGAHHE,,7.5,7.8,8.2,Passed,9.4
SU2022,SU2022-class 2,18,1905AGAFBI,,8,7.8,8.3,Passed,9.4
SU2022,SU2022-class 2,19,1905AGBEDJ,,9.5,7,8.7,Passed,10
SU2022,SU2022-class 2,20,1905AGBFIG,,6.5,7.2,7.8,Passed,10
SU2022,SU2022-class 2,21,1905AGAFEH,,4.5,5.2,6.4,Passed,10
SU2022,SU2022-class 2,22,1905AFAHBE,,8,8.4,8.5,Passed,9.2
SU2022,SU2022-class 2,23,1905AGBGJA,,9.5,9.6,9.7,Passed,9.9
SU2022,SU2022-class 2,24,1905AGADJD,,8.5,6,6.2,Passed,4.2
SU2022,SU2022-class 2,25,1905AGADJH,,9.5,7.4,8.7,Passed,9.5
SU2022,SU2022-class 2,26,1905AGACBG,,9.5,9,8.5,Passed,6.8
SU2022,SU2022-class 2,27,1905AGACDE,,8,8,8.6,Passed,9.9
SU2022,SU2022-class 2,28,1905AGAJBB,,4.5,7.2,5.5,Passed,4.3
SU2022,SU2022-class 2,29,1905AGAFFH,,10,9.2,9.7,Passed,10
SU2022,SU2022-class 2,30,1905AGBJJC,,8.5,8.2,8.4,Passed,8.7
SU2022,SU2022-class 2,31,1905AGBCDD,,10,7.2,7.7,Passed,6.1
SU2022,SU2022-class 3,1,1905AGCCIE,,10,7.2,8.2,Passed,7.8
SU2022,SU2022-class 3,2,1905AGCDIH,,5,6.4,6.4,Passed,7.8
SU2022,SU2022-class 3,3,1905AGJAHA,,10,7,8.3,Passed,8.2
SU2022,SU2022-class 3,4,1905AGCBFB,,10,7.2,8.2,Passed,7.6
SU2022,SU2022-class 3,5,1905AFJABE,,0,0,0,Attendance Fail,0
SU2022,SU2022-class 3,6,1905AGCJJI,,9.5,7,8.3,Passed,8.8
SU2022,SU2022-class 3,7,1905AGCFEG,,5,7.2,6.7,Passed,7.7
SU2022,SU2022-class 3,8,1905AFBAAF,,5,4.6,5.2,Passed,6.1
SU2022,SU2022-class 3,9,1905AFJFCF,,7.5,4.8,6.4,Passed,7.4
SU2022,SU2022-class 3,10,1905AFJFDA,,9.5,4.2,6.4,Passed,6.3
SU2022,SU2022-class 3,11,1905AFJFCG,,9.5,4.8,7.4,Passed,8.6
SU2022,SU2022-class 3,12,1905AFJEJA,,9.5,5.6,7.4,Passed,7.7
SU2022,SU2022-class 3,13,1905AGCABI,,9.5,8.2,8.6,Passed,8.2
SU2022,SU2022-class 3,14,1905AFJFBJ,,9.5,7.2,7.8,Passed,7
SU2022,SU2022-class 3,15,1905AGCDEH,,10,6.2,7.7,Passed,7.4
SU2022,SU2022-class 3,16,1905AFJDIE,,9.5,8.6,8.5,Passed,7.5
SU2022,SU2022-class 3,17,1905AGAAIC,,0,0,2.2,Not Passed,7.4
SU2022,SU2022-class 3,18,1905AGACCD,,10,9.2,8.9,Passed,7.4
SU2022,SU2022-class 3,19,1905AGJCDB,,10,7,8.2,Passed,7.9
SU2022,SU2022-class 3,20,1905AGCFIH,,10,6.6,7.7,Passed,6.8
SU2022,SU2022-class 3,21,1905AGCCIC,,10,9.2,8.9,Passed,7.3
SU2022,SU2022-class 3,22,1905AGBGEI,,9.5,5.4,7.4,Passed,8
SU2022,SU2022-class 3,23,1905AGCFIE,,0,0,1.5,Not Passed,4.9
SU2022,SU2022-class 3,24,1905AGCEEC,,10,0,4.7,Attendance Fail,5.6
SU2022,SU2022-class 3,25,1905AGCCEH,,10,5.2,7.2,Passed,7
SU2022,SU2022-class 3,26,1905AGCBBE,,10,5.6,7,Passed,5.8
SU2022,SU2022-class 3,27,1905AGCJAH,,9.5,8,8.7,Passed,9
SU2022,SU2022-class 3,28,1905AFJHAC,,9.5,6,7.5,Passed,7.6
SU2022,SU2022-class 3,29,1905AFBACF,,10,8,8.8,Passed,8.7
SU2022,SU2022-class 3,30,1905AGCJEA,,9.5,0,5.5,Is Susspended,8.7
SU2022,SU2022-class 4,1,1905AGJCGA,,10,9.4,9.4,Passed,8.9
SU2022,SU2022-class 4,2,1905AGCACC,,9.5,6.6,8.1,Passed,8.9
SU2022,SU2022-class 4,3,1905AGJDJD,,7.3,8.2,7.9,Passed,8.1
SU2022,SU2022-class 4,4,1905AGBCHC,,9.5,7.6,8.3,Passed,7.9
SU2022,SU2022-class 4,5,1905AGAJAD,,9.5,6.6,7.9,Passed,8
SU2022,SU2022-class 4,6,1905AGJDBJ,,9.5,7.4,8.5,Passed,8.9
SU2022,SU2022-class 4,7,1705AGJJEG,,9.5,9.2,9.2,Passed,8.8
SU2022,SU2022-class 4,8,1905AGBDCI,,5,5,5,Passed,4.9
SU2022,SU2022-class 4,9,1905AGCJAC,,9.5,8,8.6,Passed,8.5
SU2022,SU2022-class 4,10,1905AGBEGI,,9.5,8,8.6,Passed,8.4
SU2022,SU2022-class 4,11,1905AGBEHG,,9.5,6.8,8,Passed,8.1
SU2022,SU2022-class 4,12,1905AGJECD,,4.5,5.6,5.7,Passed,7
SU2022,SU2022-class 4,13,1905AGAIDG,,0,0,0,Attendance Fail,0
SU2022,SU2022-class 4,14,1905AGBGIH,,0,0,1.7,Not Passed,5.6
SU2022,SU2022-class 4,15,1905AGBCBA,,4.8,0,2,Not Passed,1.8
SU2022,SU2022-class 4,16,1905AGADHB,,0,0,0.6,Attendance Fail,2.1
SU2022,SU2022-class 4,17,1905AGCEJJ,,9.5,4.8,7.2,Passed,8.2
SU2022,SU2022-class 4,18,1905AGBFFI,,9.5,7.4,8.1,Passed,7.7
SU2022,SU2022-class 4,19,1905AGBCHB,,3,5.8,5.7,Passed,8.3
SU2022,SU2022-class 4,20,1905AGCCHA,,9.5,6.8,8.3,Passed,9.1
SU2022,SU2022-class 4,21,1905AGCFJG,,9.5,7.4,8.1,Passed,7.6
SU2022,SU2022-class 4,22,1905AGJDJF,,2.3,0,2,Attendance Fail,4.3
SU2022,SU2022-class 4,23,1905AGCBJJ,,9.5,7.2,8,Passed,7.6
SU2022,SU2022-class 4,24,1905AGBCIA,,9.5,6.2,7.7,Passed,7.8
SU2022,SU2022-class 4,25,1905AEABHE,,0,0,0.5,Not Passed,1.8
SU2022,SU2022-class 4,26,1905AGJDHA,,9.5,6,7.8,Passed,8.5
SU2022,SU2022-class 4,27,1905AGCEGA,,9.5,5.8,7.4,Passed,7.3
SU2022,SU2022-class 4,28,1905AGJDEE,,9.5,7.6,8.4,Passed,8.5
SU2022,SU2022-class 5,1,1905AFJFDC,,9.5,7.6,8.6,Passed,9.2
SU2022,SU2022-class 5,2,1905AFJEHD,,0,0,1.9,Not Passed,6.3
SU2022,SU2022-class 5,3,0405AGJDIG,,0,0,0.7,Attendance Fail,2.3
SU2022,SU2022-class 5,4,1901AGJJIH,,9.5,7,8.3,Passed,8.8
SU2022,SU2022-class 5,5,1905AGBDHI,,8.5,4,6.9,Passed,9.2
SU2022,SU2022-class 5,6,1905AGACII,,3,5.8,5.8,Passed,8.7
SU2022,SU2022-class 5,7,1905AGAAHE,,7,7,7.6,Passed,9
SU2022,SU2022-class 5,8,1905AGBHCJ,,7,5.4,6.2,Passed,6.5
SU2022,SU2022-class 5,9,1919AFJACG,,7.5,8,7.6,Passed,7.2
SU2022,SU2022-class 5,10,0805AFAJFI,,9,4.6,7.2,Passed,8.9
SU2022,SU2022-class 5,11,1905AGBCGE,,6.5,4.2,5.6,Passed,6.5
SU2022,SU2022-class 5,12,1905AFAJDB,,8.5,4.8,7.2,Passed,9.2
SU2022,SU2022-class 5,13,1905AGAGJD,,8.5,7.4,8.3,Passed,9.3
SU2022,SU2022-class 5,14,1905AFJCAE,,9,7.4,8.4,Passed,9
SU2022,SU2022-class 5,15,1919AGACAE,,8.5,8.4,8.7,Passed,9.4
SU2022,SU2022-class 5,16,1905AFJHJC,,7.5,6.2,7.5,Passed,9.1
SU2022,SU2022-class 5,17,1905AFJHAG,,8.5,0,4.4,Not Passed,6.1
SU2022,SU2022-class 5,18,1905AFJDJB,,8.5,7.4,8.3,Passed,9.2
SU2022,SU2022-class 5,19,1905AGAGHB,,9.5,7.4,8.6,Passed,9.3
SU2022,SU2022-class 5,20,1905AGAGGA,,8,7.8,8.3,Passed,9.3
SU2022,SU2022-class 5,21,1905AGBJFD,,10,7,8.4,Passed,8.5
SU2022,SU2022-class 5,22,1905AFJCBG,,9,7.4,8.4,Passed,9.2
SU2022,SU2022-class 5,23,1905AGAIIB,,9,8,8.7,Passed,9.2
SU2022,SU2022-class 5,24,1905AEJCFA,,9.5,6.2,8.1,Passed,9.1
SU2022,SU2022-class 5,25,1905AFJBAJ,,7.5,5.6,6.8,Passed,7.6
SU2022,SU2022-class 5,26,1905AFJDAF,,9.5,4.8,6.8,Passed,6.8
SU2022,SU2022-class 5,27,1905ADJCCB,,0,0,0,Attendance Fail,0
SU2022,SU2022-class 5,28,1905AFJHEC,,7.5,6.4,7.4,Passed,8.7
SU2022,SU2022-class 5,29,1901AGJAEI,,7,6.4,7,Passed,7.8
SU2022,SU2022-class 5,30,1919AGJCHH,,7.5,8,8.2,Passed,9
SU2022,SU2022-class 6,1,1905AGAAEG,,10,8,8.8,Passed,8.5
SU2022,SU2022-class 6,2,1905AGAEFI,,7,7.4,7.7,Passed,8.8
SU2022,SU2022-class 6,3,1905AGJAFI,,9.5,5.4,7.8,Passed,9.3
SU2022,SU2022-class 6,4,1905AGAJHJ,,9.5,6.8,8.5,Passed,9.6
SU2022,SU2022-class 6,5,1905AGAHAA,,9,5.8,7.8,Passed,9.4
SU2022,SU2022-class 6,6,1905AGADCB,,8.5,8,8.3,Passed,8.6
SU2022,SU2022-class 6,7,1905AGABID,,9,5.8,7.8,Passed,9.2
SU2022,SU2022-class 6,8,1905AGAFEG,,5,0,2.9,Not Passed,4.5
SU2022,SU2022-class 6,9,1905AGBAHF,,9,5.4,7.6,Passed,9
SU2022,SU2022-class 6,10,1905AFJIIE,,8.5,7.6,8.2,Passed,8.9
SU2022,SU2022-class 6,11,1905AGAEEF,,7.5,5.6,6.5,Passed,6.6
SU2022,SU2022-class 6,12,1905AGJAGB,,7.5,7.8,8,Passed,8.9
SU2022,SU2022-class 6,13,1905AFAIEB,,7,7,7.6,Passed,9
SU2022,SU2022-class 6,14,1905AGAFGI,,8.5,7,8.1,Passed,9.3
SU2022,SU2022-class 6,15,1905AGAEEA,,8,9.6,8.9,Passed,9
SU2022,SU2022-class 6,16,1905AFAGBD,,7.5,6,7.4,Passed,9.1
SU2022,SU2022-class 6,17,1905AGAJII,,7.5,7.8,8.1,Passed,9.2
SU2022,SU2022-class 6,18,1905AGAAGE,,7,6.6,6.6,Passed,6.3
SU2022,SU2022-class 6,19,1905AGABFI,,7,4.6,6.7,Passed,9.1
SU2022,SU2022-class 6,20,1905AGJBGC,,7.5,6.4,7.5,Passed,9
SU2022,SU2022-class 6,21,1905AGAIFE,,7.5,6.6,6.9,Passed,6.8
SU2022,SU2022-class 6,22,1905AGAHAB,,7.5,6.4,7.5,Passed,9.1
SU2022,SU2022-class 6,23,1905AGAHBB,,7.5,6.6,7.6,Passed,9.2
SU2022,SU2022-class 6,24,1905AFJIAJ,,7,6.4,6.7,Passed,6.8
SU2022,SU2022-class 6,25,1905AFJHCG,,8,7.2,8,Passed,9.2
SU2022,SU2022-class 6,26,1905AFAIJB,,7.5,7.6,7.6,Passed,7.9
SU2022,SU2022-class 6,27,1905AGBJAG,,7.5,7.8,8.2,Passed,9.3
SU2022,SU2022-class 6,28,1905AFABCA,,7.5,6,7.4,Passed,9.3
SU2022,SU2022-class 6,29,1905AGAAEI,,7.5,8.4,8.4,Passed,9.3
SU2022,SU2022-class 6,30,1905AGABHJ,,7.5,0,3.5,Not Passed,4.3
SU2022,SU2022-class 6,31,1905AGACFC,,7.5,5.8,7.2,Passed,8.9
SU2022,SU2022-class 7,1,1905AGAJFE,,8.8,9,9.2,Passed,9.7
SU2022,SU2022-class 7,2,1905AGAJFF,,8.8,8.2,8.8,Passed,9.7
SU2022,SU2022-class 7,3,1905AGBIEC,,6.8,7.6,7.7,Passed,8.7
SU2022,SU2022-class 7,4,1905AGBEBB,,8.3,6.8,8,Passed,9.3
SU2022,SU2022-class 7,5,1905AGBEIA,,6.9,5.6,6.4,Passed,6.9
SU2022,SU2022-class 7,6,1905AGCABH,,6,5.6,5.5,Passed,4.7
SU2022,SU2022-class 7,7,1905AGCFCD,,5.8,7.2,6.9,Passed,7.5
SU2022,SU2022-class 7,8,1905AFJFBG,,0,0,1.3,Not Passed,4.3
SU2022,SU2022-class 7,9,1905AGBGAH,,0,0,0.6,Not Passed,2
SU2022,SU2022-class 7,10,1905AGBCAH,,8.2,7.2,7.8,Passed,8.2
SU2022,SU2022-class 7,11,1905AGBDBH,,9.2,6.6,8,Passed,8.6
SU2022,SU2022-class 7,12,1905AGBEAG,,8.8,7.6,8.6,Passed,9.6
SU2022,SU2022-class 7,13,1905AGCDHA,,8.7,7.6,8.2,Passed,8.6
SU2022,SU2022-class 7,14,1905AGCEIE,,7.2,6.6,6.9,Passed,7.1
SU2022,SU2022-class 7,15,1905AGCDDE,,8.1,7.6,8.3,Passed,9.3
SU2022,SU2022-class 7,16,1905AGCAHB,,7.1,5.4,7,Passed,9
SU2022,SU2022-class 7,17,1905AGBFDD,,6.8,6.4,7.5,Passed,9.7
SU2022,SU2022-class 7,18,1905AGBGDI,,6.4,0,4.8,Not Passed,9.6
SU2022,SU2022-class 7,19,1905AGBBDI,,6.7,6.8,7.6,Passed,9.7
SU2022,SU2022-class 7,20,1905AGCDHI,,8.9,8,8.8,Passed,9.7
SU2022,SU2022-class 7,21,1905AGCAJB,,6.5,6.6,7.5,Passed,9.7
SU2022,SU2022-class 7,22,1905AGBFCB,,4.5,5.4,5.2,Passed,5.5
SU2022,SU2022-class 7,23,1905AGBHFF,,6.5,6,7.2,Passed,9.6
SU2022,SU2022-class 7,24,1905AGBBBE,,8.8,6.6,8.2,Passed,9.7
SU2022,SU2022-class 8,1,1905AGCFDB,,9,5.8,7.7,Passed,9
SU2022,SU2022-class 8,2,1905AFAIFA,,6,5.4,5.9,Passed,6.5
SU2022,SU2022-class 8,3,1905AEJDAI,,0,0,0,Attendance Fail,0
SU2022,SU2022-class 8,4,1905AGBIHG,,8,5,7.2,Passed,9.3
SU2022,SU2022-class 8,5,1905AGADGH,,5,0,2.9,Not Passed,4.5
SU2022,SU2022-class 8,6,1905AGBFGA,,9,8.6,8.8,Passed,8.9
SU2022,SU2022-class 8,7,1905AFAICE,,6,7.4,6.9,Passed,7.1
SU2022,SU2022-class 8,8,1905AGAGFB,,6,5.8,6.9,Passed,9.2
SU2022,SU2022-class 8,9,1905AGBIHA,,8,5,7.1,Passed,9
SU2022,SU2022-class 8,10,1905AGADIF,,8.5,6.6,7.9,Passed,9
SU2022,SU2022-class 8,11,1905AFJEHH,,7.5,4.4,6.7,Passed,8.9
SU2022,SU2022-class 8,12,1905AGBFAG,,8,7,8.1,Passed,9.5
SU2022,SU2022-class 8,13,1905AGBGAC,,7.5,7,7.8,Passed,9.3
SU2022,SU2022-class 8,14,1905AFAAJE,,5,0,2.2,Not Passed,2.3
SU2022,SU2022-class 8,15,1905AFAJCA,,6,6.6,6.8,Passed,8
SU2022,SU2022-class 8,16,1905AFADIA,,8.5,5.4,7.3,Passed,8.6
SU2022,SU2022-class 8,17,1905AGACCG,,10,5.4,8,Passed,9.3
SU2022,SU2022-class 8,18,1905AGAIEG,,9,8.4,8.5,Passed,8.1
SU2022,SU2022-class 8,19,1905AGACBB,,8.5,6.6,7.9,Passed,8.9
SU2022,SU2022-class 8,20,1905AFJEGF,,8,4,5.9,Passed,6.4
SU2022,SU2022-class 8,21,1905AGBBJD,,8,9.4,8.9,Passed,9
SU2022,SU2022-class 8,22,1905AGCDFH,,6,5.6,6.6,Passed,8.7
SU2022,SU2022-class 8,23,1905AGJACG,,8.5,9.2,9.1,Passed,9.4
SU2022,SU2022-class 8,24,1905AGBAGJ,,8,6.2,7.7,Passed,9.4
SU2022,SU2022-class 8,25,1905AFAIEI,,5,5,4.9,Not Passed,4.5
SU2022,SU2022-class 8,26,1905AGJEBA,,8.5,5.6,7.5,Passed,9
SU2022,SU2022-class 8,27,1905AGCAFG,,4,6,5.6,Passed,6.8
SU2022,SU2022-class 8,28,1905AEJEHB,,9,7.4,8.3,Passed,8.8
SU2022,SU2022-class 8,29,1905AGBBAI,,8,7,7.9,Passed,8.9
SU2022,SU2022-class 8,30,1905AGACGI,,8,5.2,7.2,Passed,9
SU2022,SU2022-class 9,1,1905AGJJBI,,7.5,7,7.8,Passed,9.3
SU2022,SU2022-class 9,2,1905AGJJHD,,8,6,7.5,Passed,8.9
SU2022,SU2022-class 9,3,1905AFAGDE,,7,4.4,6.7,Passed,9.3
SU2022,SU2022-class 9,4,1905AGJABF,,8,5.2,7.3,Passed,9.4
SU2022,SU2022-class 9,5,1905AFABCG,,8,4.2,6.8,Passed,9
SU2022,SU2022-class 9,6,1905AGBDFC,,8,4.8,7,Passed,9.1
SU2022,SU2022-class 9,7,1905AGBGGC,,8,7,8,Passed,9.4
SU2022,SU2022-class 9,8,1905AFJEDG,,7,6.4,7.3,Passed,8.8
SU2022,SU2022-class 9,9,1905AFAHHI,,8,7.6,8.2,Passed,9.3
SU2022,SU2022-class 9,10,1905AFAFCB,,8,5.8,7.5,Passed,9.3
SU2022,SU2022-class 9,11,1905AFAFJD,,0,0,2.7,Not Passed,8.9
SU2022,SU2022-class 9,12,1905AGJJCB,,8,8.8,8.7,Passed,9.4
SU2022,SU2022-class 9,13,1905AGJBBG,,8,5,7.2,Passed,9.4
SU2022,SU2022-class 9,14,1905AGJAEB,,8,5.4,7.3,Passed,9.1
SU2022,SU2022-class 9,15,1905AGJJFC,,8,8.4,8.6,Passed,9.3
SU2022,SU2022-class 9,16,1905AGJAJE,,7.8,6.8,7.9,Passed,9.4
SU2022,SU2022-class 9,17,1905AGJJIJ,,8,5.4,7.4,Passed,9.4
SU2022,SU2022-class 9,18,1905AGJAJH,,8,7,8,Passed,9.2
SU2022,SU2022-class 9,19,1905AFAIHA,,8,8.8,8.7,Passed,9.2
SU2022,SU2022-class 9,20,1905AGJJGD,,8,9.4,9,Passed,9.3
SU2022,SU2022-class 9,21,1905AGBGFH,,7.8,5.6,7.4,Passed,9.4
SU2022,SU2022-class 9,22,1905AGJJFG,,8,8.2,8.5,Passed,9.4
SU2022,SU2022-class 9,23,1905AGJJDJ,,8,8.6,8.6,Passed,9.2
SU2022,SU2022-class 9,24,1905AGJAAI,,8.3,5,7.2,Passed,9.2
SU2022,SU2022-class 9,25,1905AGJAJC,,8,8.6,8.7,Passed,9.4
SU2022,SU2022-class 9,26,1905AGJAJF,,8,7.2,8.1,Passed,9.3
SU2022,SU2022-class 9,27,1905AGJABH,,8,7.4,8.2,Passed,9.4
SU2022,SU2022-class 10,1,1905AGJAII,,3.5,5.4,5.3,Passed,7
SU2022,SU2022-class 10,2,1905AFJDCH,,3.5,0,2.9,Attendance Fail,6.3
SU2022,SU2022-class 10,3,1905AGJBCC,,7,4.2,6.1,Passed,7.8
SU2022,SU2022-class 10,4,1905AGJAEG,,6.5,0,4,Not Passed,6.8
SU2022,SU2022-class 10,5,1905AGJAHI,,8,6.4,7.5,Passed,8.5
SU2022,SU2022-class 10,6,1905AGJCEE,,7,6,6.9,Passed,8
SU2022,SU2022-class 10,7,1905AGJBJC,,9,8,8.6,Passed,9
SU2022,SU2022-class 10,8,1905AGJBGI,,7,8,7.7,Passed,8
SU2022,SU2022-class 10,9,1905AGJAFJ,,6.5,5.6,6.1,Passed,6.3
SU2022,SU2022-class 10,10,1905AGJBJF,,3.5,5.8,5.5,Passed,7.3
SU2022,SU2022-class 10,11,1905AEJDBD,,7,0,4.2,Attendance Fail,7
SU2022,SU2022-class 10,12,1905AGJBHE,,7,8.4,7.9,Passed,8
SU2022,SU2022-class 10,13,1905AGJBJJ,,6.5,6,6.5,Passed,7
SU2022,SU2022-class 10,14,1905AGJBCF,,6.5,9.4,7.7,Passed,6.8
SU2022,SU2022-class 10,15,1905AGJBBH,,7,5.6,6.7,Passed,7.8
SU2022,SU2022-class 10,16,1905AGJBBC,,7,6.6,7.1,Passed,7.8
SU2022,SU2022-class 10,17,1905AGJBDD,,6.5,5.4,6.2,Passed,7
SU2022,SU2022-class 10,18,1905AGJAIH,,7.5,6.2,7.3,Passed,8.5
SU2022,SU2022-class 10,19,1905AGJAFH,,6.5,7.2,6.9,Passed,7
SU2022,SU2022-class 10,20,1905AGJBDA,,7,6.4,7,Passed,7.8
SU2022,SU2022-class 10,21,1905AGJAHB,,6.5,5.8,6.4,Passed,7
SU2022,SU2022-class 10,22,1905AGJBBA,,7,5.4,6.7,Passed,8
SU2022,SU2022-class 10,23,1905AGJBBI,,7,4.8,6.4,Passed,8
SU2022,SU2022-class 10,24,1905AGJBIA,,7,6.2,7,Passed,8
SU2022,SU2022-class 10,25,1905AGJAHE,,8,7,7.6,Passed,8
SU2022,SU2022-class 10,26,1905AGJBBD,,8,6.8,7.7,Passed,8.8
SU2022,SU2022-class 10,27,1905AGJBBB,,7.5,7.8,8.1,Passed,9
SU2022,SU2022-class 10,28,1905AGJBCE,,8,4.6,6.9,Passed,8.8
SU2022,SU2022-class 10,29,1905AGJAHF,,7.5,4.8,6.6,Passed,8
SU2022,SU2022-class 10,30,1905AGJAFC,,6.5,5.8,6.4,Passed,7
SU2022,SU2022-class 10,31,1905AGJBEE,,10,5.4,8.2,Passed,10
SU2022,SU2022-class 11,1,1905AGJDGH,,9,7,7.4,Passed,6.4
SU2022,SU2022-class 11,2,1905AGJDIF,,7.5,8.6,8.4,Passed,8.9
SU2022,SU2022-class 11,3,1905AGJCFF,,8.5,7.6,8.2,Passed,8.6
SU2022,SU2022-class 11,4,1905AGJEJH,,7.5,5.2,6.8,Passed,8.4
SU2022,SU2022-class 11,5,1905AGJDCE,,10,8.2,8.3,Passed,6.9
SU2022,SU2022-class 11,6,1905AFAIEE,,9.5,7.2,8,Passed,7.5
SU2022,SU2022-class 11,7,1905AGJDFD,,9.5,8,8.3,Passed,7.5
SU2022,SU2022-class 11,8,1905AGJCHE,,7.5,6,7,Passed,7.9
SU2022,SU2022-class 11,9,1905AGJDCF,,7.5,6,6.4,Passed,5.9
SU2022,SU2022-class 11,10,1905AGBDEC,,7.5,6.2,7.4,Passed,9
SU2022,SU2022-class 11,11,1905AGJDFI,,8.5,8.6,8.5,Passed,8.4
SU2022,SU2022-class 11,12,1905AGJCBE,,7,4.8,6,Passed,6.8
SU2022,SU2022-class 11,13,1905AGJCIC,,7,5,5.9,Passed,6
SU2022,SU2022-class 11,14,1905AGJCGD,,7.5,7.2,7,Passed,6.1
SU2022,SU2022-class 11,15,1905AGJBIF,,7,6.2,6.5,Passed,6.5
SU2022,SU2022-class 11,16,1905AGJDEI,,8.5,6.8,7.6,Passed,7.8
SU2022,SU2022-class 11,17,1905AGJDGD,,8.5,8.6,8.2,Passed,7.5
SU2022,SU2022-class 11,18,1905AGCBCF,,9.5,6.6,8.1,Passed,8.6
SU2022,SU2022-class 11,19,1905AGJDAB,,6.8,6,6.9,Passed,8.3
SU2022,SU2022-class 11,20,1905AGJDDA,,7,7,7.5,Passed,8.8
SU2022,SU2022-class 11,21,1905AGJDHH,,9.5,6.6,7.9,Passed,8
SU2022,SU2022-class 11,22,1905AGJCID,,7.5,4,6.4,Passed,8.5
SU2022,SU2022-class 11,23,1905AGJDAD,,8.5,6.8,7.6,Passed,7.9
SU2022,SU2022-class 11,24,1905AGBDDE,,10,8.8,9.3,Passed,9.1
SU2022,SU2022-class 11,25,1905AGJDFJ,,7,8,7.9,Passed,8.5
SU2022,SU2022-class 11,26,1905AGJEJA,,8.5,7.6,7.3,Passed,5.6
SU2022,SU2022-class 12,1,1905AGJFJH,,2,0,1.8,Not Passed,4
SU2022,SU2022-class 12,2,1905AGAHCB,,4,8,5.6,Passed,4
SU2022,SU2022-class 12,3,1905AGJEDA,,7,4.8,5.2,Passed,4
SU2022,SU2022-class 12,4,1905AGJEDJ,,9,6.8,7.8,Passed,8
SU2022,SU2022-class 12,5,1905AGAJHD,,6,6,5.7,Passed,5
SU2022,SU2022-class 12,6,1905AGJEHC,,2,6.8,5.4,Passed,7
SU2022,SU2022-class 12,7,1905AGAJGD,,3.5,6.2,5.9,Passed,8
SU2022,SU2022-class 12,8,1905AGJEBC,,3.5,8,6.4,Passed,7
SU2022,SU2022-class 12,9,1905AGJEBE,,3.5,6.6,5.2,Passed,5
SU2022,SU2022-class 12,10,1905AGJEID,,2,0,1.8,Not Passed,4
SU2022,SU2022-class 12,11,1905AGAJAH,,6,7,5.8,Passed,4
SU2022,SU2022-class 12,12,1905AGJEFI,,5,6.4,5.9,Passed,6
SU2022,SU2022-class 12,13,1905AGAJAG,,7,6.4,6.2,Passed,5
SU2022,SU2022-class 12,14,1905AGJEAB,,0,0,1.2,Not Passed,4
SU2022,SU2022-class 12,15,1905AGJEDE,,9,6.6,8.3,Passed,10
SU2022,SU2022-class 12,16,1905AGJFJE,,2,6.4,4.7,Not Passed,5
SU2022,SU2022-class 12,17,1905AGJEED,,9,9.2,9.1,Passed,9
SU2022,SU2022-class 12,18,1905AGAJAA,,7.5,6,7.4,Passed,9
SU2022,SU2022-class 12,19,1905AGJEAG,,3.5,8,5.8,Passed,5
SU2022,SU2022-class 12,20,1905AGJEHE,,7,6.2,7.3,Passed,9
SU2022,SU2022-class 12,21,1905AGAJAJ,,5,7,6.1,Passed,6
SU2022,SU2022-class 12,22,1905AGAJIE,,5,5.6,5.8,Passed,7
SU2022,SU2022-class 12,23,1905AFADBF,,1,0,1.2,Not Passed,3
SU2022,SU2022-class 12,24,1905AGAJFJ,,8,5,6.2,Passed,6
SU2022,SU2022-class 12,25,1905AGJEFC,,4,6.2,5.2,Passed,5
SU2022,SU2022-class 12,26,1905AGJEEE,,3.5,7,5.1,Passed,4
SU2022,SU2022-class 12,27,1905AGJECI,,9,7,7.6,Passed,7
SU2022,SU2022-class 13,1,1905AGAAGH,,4,0,3.5,Not Passed,7.8
SU2022,SU2022-class 13,2,1905ACJCJJ,,3.5,6.6,6.1,Passed,8
SU2022,SU2022-class 13,3,1905AGAAJC,,8,8.4,8.5,Passed,9
SU2022,SU2022-class 13,4,1905AGAGGH,,4,0,3.3,Not Passed,7
SU2022,SU2022-class 13,5,1905AGABAJ,,8.5,6.4,7.8,Passed,9
SU2022,SU2022-class 13,6,1905AGABGB,,3.5,5.2,5.5,Passed,8
SU2022,SU2022-class 13,7,1905AGAAEC,,8.5,7.8,8.4,Passed,9
SU2022,SU2022-class 13,8,1905AGAJIF,,8,8.2,8.4,Passed,9
SU2022,SU2022-class 13,9,1905AGJBAH,,8,9.2,8.8,Passed,9
SU2022,SU2022-class 13,10,1905AGAAFA,,7,5,6.5,Passed,8
SU2022,SU2022-class 13,11,1905AGAACF,,8.5,8.2,8.5,Passed,9
SU2022,SU2022-class 13,12,1905AGABED,,8,8.8,8.6,Passed,9
SU2022,SU2022-class 13,13,1901AGJAIF,,8,9.2,8.8,Passed,9
SU2022,SU2022-class 13,14,1905AFAFEF,,3.5,8,6.7,Passed,8
SU2022,SU2022-class 13,15,1905AGABJH,,8.5,6,7.7,Passed,9
SU2022,SU2022-class 13,16,1905AGABDE,,8,6.6,7.7,Passed,9
SU2022,SU2022-class 13,17,1905AGAADF,,8,7,7.9,Passed,9
SU2022,SU2022-class 13,18,1905AGABCI,,10,8.6,9.4,Passed,10
SU2022,SU2022-class 13,19,1905AGABAC,,10,9.6,9.8,Passed,10
SU2022,SU2022-class 13,20,1905AGAACC,,8,7.6,8.1,Passed,8.8
SU2022,SU2022-class 13,21,1905AGAAFC,,7.5,6.6,7.4,Passed,8.5
SU2022,SU2022-class 13,22,1905AGABJI,,8.5,5.4,7.4,Passed,9
SU2022,SU2022-class 13,23,1905AGAACJ,,7.5,5.6,7.2,Passed,9
SU2022,SU2022-class 13,24,1905ADAACI,,8,0,5.1,Attendance Fail,9
SU2022,SU2022-class 13,25,1905AGABBG,,10,8.6,9.4,Passed,10
SU2022,SU2022-class 13,26,1905AGAAIG,,4,0,3.9,Attendance Fail,9
SU2022,SU2022-class 13,27,1905AGJAFF,,7.5,5.6,7,Passed,8.5
SU2022,SU2022-class 14,1,1905AGACFI,,5.9,7.6,7,Passed,7.5
SU2022,SU2022-class 14,2,1905AGABBD,,3.7,8.4,6.6,Passed,7
SU2022,SU2022-class 14,3,1905AGACFB,,8.6,8.6,8.4,Passed,7.8
SU2022,SU2022-class 14,4,1905AGACEJ,,7.4,0,4,Not Passed,6
SU2022,SU2022-class 14,5,1905AGACAE,,7.6,5.8,6.6,Passed,6.8
SU2022,SU2022-class 14,6,1905AGACEH,,9.7,6.6,8.3,Passed,9.2
SU2022,SU2022-class 14,7,1905AGABIE,,7.6,7.2,7.2,Passed,6.7
SU2022,SU2022-class 14,8,1905AGACCF,,7.7,6.2,6.9,Passed,7
SU2022,SU2022-class 14,9,1905AGACDC,,9,8.2,8.1,Passed,7.1
SU2022,SU2022-class 14,10,1905AGADDH,,7.8,7.6,7.6,Passed,7.4
SU2022,SU2022-class 14,11,1905AGACDG,,8.7,5.8,6.7,Passed,6
SU2022,SU2022-class 14,12,1905AGACAA,,7.2,7.8,6.9,Passed,5.5
SU2022,SU2022-class 14,13,1905AGADCF,,7.9,8.4,8,Passed,7.6
SU2022,SU2022-class 14,14,1905AGADDB,,6.3,5.6,6.1,Passed,6.7
SU2022,SU2022-class 14,15,1905AGACDH,,3.7,7.2,6.1,Passed,7.1
SU2022,SU2022-class 14,16,1905AFABDF,,0,0,0,Attendance Fail,0
SU2022,SU2022-class 14,17,1905AGACAC,,8.5,6,7.1,Passed,7.3
SU2022,SU2022-class 14,18,1905AGACGA,,8.9,7.6,7.7,Passed,6.7
SU2022,SU2022-class 14,19,1905AGADBI,,8.7,7,7.2,Passed,6.1
SU2022,SU2022-class 14,20,1905AGACIA,,7,7.4,7.1,Passed,6.8
SU2022,SU2022-class 14,21,1905AGADDF,,9.5,6.2,7.9,Passed,8.6
SU2022,SU2022-class 14,22,1905AGACCI,,7,5.8,6.4,Passed,6.8
SU2022,SU2022-class 14,23,1905AGADDC,,6.6,6.2,6.2,Passed,5.8
SU2022,SU2022-class 14,24,1905AGACHB,,4.2,5.6,5.5,Passed,6.6
SU2022,SU2022-class 14,25,1905AGABIG,,7.5,6.8,6.9,Passed,6.3
SU2022,SU2022-class 14,26,1905AGACAJ,,8.6,7.8,8,Passed,7.7
SU2022,SU2022-class 15,1,1905AGADGE,,8.8,7.2,7.9,Passed,8
SU2022,SU2022-class 15,2,1905AGAEJG,,7.1,7,7.1,Passed,7.3
SU2022,SU2022-class 15,3,1905AGADBH,,8.7,8.8,8.6,Passed,8.2
SU2022,SU2022-class 15,4,1905AGBDJB,,6.4,5.6,7.1,Passed,9.7
SU2022,SU2022-class 15,5,1905AGADFD,,6.7,6,6.5,Passed,7.1
SU2022,SU2022-class 15,6,1905AGADAD,,8.7,5.4,7.1,Passed,7.9
SU2022,SU2022-class 15,7,1905AGAECC,,8,0,4.4,Not Passed,6.5
SU2022,SU2022-class 15,8,1905AGAEIE,,8.8,8.2,8.4,Passed,8.3
SU2022,SU2022-class 15,9,1905AGADEE,,8.4,6.8,7.3,Passed,6.8
SU2022,SU2022-class 15,10,1905AGADEA,,7.3,7.6,7.7,Passed,8.4
SU2022,SU2022-class 15,11,1905AGAEEC,,8.6,8.4,8.8,Passed,9.6
SU2022,SU2022-class 15,12,1905AGADEH,,8.8,5.4,7.5,Passed,8.9
SU2022,SU2022-class 15,13,1905AGAEFH,,6.4,8.4,8.2,Passed,9.7
SU2022,SU2022-class 15,14,1905AGAEBE,,8.5,6.6,7.1,Passed,6.5
SU2022,SU2022-class 15,15,1905AGAEBJ,,8,8.2,8.6,Passed,9.7
SU2022,SU2022-class 15,16,1905AGAEDA,,8.8,5.2,7,Passed,7.7
SU2022,SU2022-class 15,17,1905AGAEGC,,8.8,7.2,8.2,Passed,9.1
SU2022,SU2022-class 15,18,1905AGAECI,,7.9,5.8,6.9,Passed,7.3
SU2022,SU2022-class 15,19,1905AGAEHD,,8.9,6.2,8,Passed,9.4
SU2022,SU2022-class 15,20,1905AGADHE,,7.9,7.2,7.9,Passed,9
SU2022,SU2022-class 15,21,1905AGCFFF,,8,7,7.9,Passed,9.1
SU2022,SU2022-class 15,22,1905AGADEG,,9,5.2,7.6,Passed,9.4
SU2022,SU2022-class 15,23,1905AGADFF,,8.5,7.2,8.2,Passed,9.2
SU2022,SU2022-class 15,24,1905AGAEHI,,8,7.2,8.1,Passed,9.3
SU2022,SU2022-class 15,25,1905AGAEAH,,8.7,6.4,7.8,Passed,8.7
SU2022,SU2022-class 15,26,1905AGAFJI,,7.9,6,7.4,Passed,8.7
SU2022,SU2022-class 15,27,1905AGADAI,,8.9,6.8,7.8,Passed,8.1
SU2022,SU2022-class 15,28,1905AGAFJJ,,8.7,8.4,8.6,Passed,8.7
SU2022,SU2022-class 15,29,1905AGJDAJ,,8.5,4.4,6.6,Passed,7.8
SU2022,SU2022-class 15,30,1905AGAEJD,,8.2,6,7.2,Passed,7.8
SU2022,SU2022-class 16,1,1905AGAFHH,,7.3,6.8,7,Passed,7.1
SU2022,SU2022-class 16,2,1905AGAFAH,,6.5,7,6.2,Passed,4.8
SU2022,SU2022-class 16,3,1905AGAGBB,,7,7.4,7.5,Passed,8
SU2022,SU2022-class 16,4,1905AGAGEI,,0,0,0,Not Passed,0
SU2022,SU2022-class 16,5,1905AGAFDF,,7,5.4,6.7,Passed,8
SU2022,SU2022-class 16,6,1905AGAFCC,,7.3,7,7.1,Passed,7.1
SU2022,SU2022-class 16,7,1905AGAGEA,,7,7.4,7,Passed,6.5
SU2022,SU2022-class 16,8,1905AGAFBF,,6.5,6.4,6.1,Passed,5.3
SU2022,SU2022-class 16,9,1905AGAFFC,,7,6,6.7,Passed,7.3
SU2022,SU2022-class 16,10,1905AGAFCB,,6,6.6,6.2,Passed,6
SU2022,SU2022-class 16,11,1905AGAFBJ,,6.8,9,7.8,Passed,7.1
SU2022,SU2022-class 16,12,1905AGAFEA,,6.8,7,7,Passed,7.1
SU2022,SU2022-class 16,13,1905AGAGCB,,7,7.2,7.4,Passed,8
SU2022,SU2022-class 16,14,1905AGAGEC,,7,9,8.1,Passed,8
SU2022,SU2022-class 16,15,1905AGAFCG,,7,9.2,7.6,Passed,6
SU2022,SU2022-class 16,16,1905AGAFGD,,7,8,7.7,Passed,8
SU2022,SU2022-class 16,17,1905AGAGEJ,,7,8.2,7.5,Passed,7.1
SU2022,SU2022-class 16,18,1905AGAGCD,,7,8,7.7,Passed,8
SU2022,SU2022-class 16,19,1905AEJFJJ,,8,8.2,8.1,Passed,8
SU2022,SU2022-class 16,20,1905AGAFHF,,7,8,7.5,Passed,7.3
SU2022,SU2022-class 16,21,1905AGAGCH,,0,0,0.9,Not Passed,3
SU2022,SU2022-class 16,22,1905AGAGEG,,9,9.6,8.9,Passed,8
SU2022,SU2022-class 16,23,1905AGAFGA,,7.3,6.2,6.8,Passed,7.1
SU2022,SU2022-class 16,24,1905AGAFGF,,7,5.4,6.5,Passed,7.4
SU2022,SU2022-class 16,25,1905AGAGAB,,7.3,8,7.8,Passed,8
SU2022,SU2022-class 16,26,1905AGAGAA,,7,5,5.2,Passed,3.5
SU2022,SU2022-class 17,1,1905AGAHHI,,7.5,9.4,8.1,Passed,7.1
SU2022,SU2022-class 17,2,1905AGAGHH,,8,5,6.8,Passed,7.9
SU2022,SU2022-class 17,3,1905AGAHGD,,7.8,6.2,6.6,Passed,6
SU2022,SU2022-class 17,4,1905AGCEHA,,9,6,7.1,Passed,6.8
SU2022,SU2022-class 17,5,1905AFJHID,,6,0,2.7,Attendance Fail,3
SU2022,SU2022-class 17,6,1905AGAHEH,,7.8,8.4,7.9,Passed,7.3
SU2022,SU2022-class 17,7,1905AGAIJC,,9,6.8,7.6,Passed,7.3
SU2022,SU2022-class 17,8,1905AGAIJJ,,7.5,7.2,7.1,Passed,6.6
SU2022,SU2022-class 17,9,1905AGAHEJ,,9.5,8.2,8,Passed,6.4
SU2022,SU2022-class 17,10,1905AGAHAG,,6.8,5.8,6.7,Passed,7.8
SU2022,SU2022-class 17,11,1905AGBBEC,,9,5.6,7.2,Passed,7.6
SU2022,SU2022-class 17,12,1905AGAHGE,,9,8.6,8.6,Passed,8.3
SU2022,SU2022-class 17,13,1905AGAGID,,8.3,7.8,7.8,Passed,7.5
SU2022,SU2022-class 17,14,1905AGAHHJ,,7.8,6.6,7.2,Passed,7.4
SU2022,SU2022-class 17,15,1905AGAGIC,,8,6.8,7.2,Passed,7
SU2022,SU2022-class 17,16,1905AGAHFB,,6.8,7,6.9,Passed,6.8
SU2022,SU2022-class 17,17,1905AGCJDG,,9,6.4,7.2,Passed,6.5
SU2022,SU2022-class 17,18,1905AGAHDF,,7,8.6,8,Passed,8.1
SU2022,SU2022-class 17,19,1905AGAHFI,,9,8.2,8.6,Passed,8.8
SU2022,SU2022-class 17,20,1905AGAHFE,,7,5.8,6.5,Passed,6.9
SU2022,SU2022-class 17,21,1905AGAHDB,,8.3,7,7.5,Passed,7.4
SU2022,SU2022-class 17,22,1905AGAHIB,,0,0,0,Attendance Fail,0
SU2022,SU2022-class 17,23,1905AGAHFG,,9,8,8.4,Passed,8.3
SU2022,SU2022-class 17,24,1905AGAGIG,,8.3,7.8,7.8,Passed,7.4
SU2022,SU2022-class 17,25,1905AGAGIA,,8,8.4,8,Passed,7.5
SU2022,SU2022-class 17,26,1905AGAHGA,,7,7.8,7.6,Passed,8
SU2022,SU2022-class 17,27,1905AGAHEC,,8,8,7.9,Passed,7.6
SU2022,SU2022-class 17,28,1905AGAHJE,,8,7.2,6.4,Passed,3.9
SU2022,SU2022-class 17,29,1905AGAHGG,,8,4.6,6.5,Passed,7.4
SU2022,SU2022-class 17,30,1905AGAGHI,,8.8,7.2,7.8,Passed,7.6
SU2022,SU2022-class 18,1,1905AGBJCG,,6.5,6.4,7.1,Passed,8.6
SU2022,SU2022-class 18,2,1905AGBJJF,,6,3.6,5.9,Not Passed,9
SU2022,SU2022-class 18,3,1905AGBABA,,6.5,7.2,7.2,Passed,8
SU2022,SU2022-class 18,4,1905AGBJFH,,2.5,6.4,5.7,Passed,8
SU2022,SU2022-class 18,5,1905AGBABB,,6.5,7.4,7.4,Passed,8.4
SU2022,SU2022-class 18,6,1905AGBJHJ,,2.5,7.8,6.5,Passed,8.8
SU2022,SU2022-class 18,7,1905AGAIJF,,6.5,5.6,6.3,Passed,7
SU2022,SU2022-class 18,8,1905AGBJEB,,3,6.4,5.8,Passed,7.8
SU2022,SU2022-class 18,9,1905AGBAAA,,7,9,8.5,Passed,9.4
SU2022,SU2022-class 18,10,1905AGAIII,,6.5,7.4,7.2,Passed,7.6
SU2022,SU2022-class 18,11,1905AGBJGJ,,7.5,8.6,8.7,Passed,10
SU2022,SU2022-class 18,12,1905AGBJBG,,2,5.2,5.2,Passed,8.4
SU2022,SU2022-class 18,13,1905AGBJII,,2.5,6.4,5.6,Passed,7.5
SU2022,SU2022-class 18,14,1905AGBJIC,,7.5,7,7.9,Passed,9.4
SU2022,SU2022-class 18,15,1905AGBJIB,,3,7.8,6.7,Passed,9
SU2022,SU2022-class 18,16,1905AGBJEH,,4,0,3.6,Not Passed,8.1
SU2022,SU2022-class 18,17,1905AGBJJJ,,1.5,6.4,5.8,Passed,9.4
SU2022,SU2022-class 18,18,1905AGBABJ,,6.5,7.8,7.4,Passed,7.9
SU2022,SU2022-class 18,19,1905AGAIHD,,9,9,9.3,Passed,10
SU2022,SU2022-class 18,20,1905AGBJAH,,8.5,8.6,8.3,Passed,7.8
SU2022,SU2022-class 18,21,1905AGAIHA,,6.5,7.8,7.9,Passed,9.4
SU2022,SU2022-class 18,22,1905AGAICA,,4,6.4,5.8,Passed,6.9
SU2022,SU2022-class 18,23,1905AGBAAI,,3.5,5.6,5.8,Passed,8.4
SU2022,SU2022-class 18,24,1905AGAIGA,,6.5,5.8,6.8,Passed,8.5
SU2022,SU2022-class 18,25,1905AGBJDB,,7.5,9.4,8.8,Passed,9.4
SU2022,SU2022-class 18,26,1905AGBJHE,,3,7.8,7,Passed,9.9
SU2022,SU2022-class 19,1,1905AGBACF,,7.8,5.6,7.1,Passed,8.4
SU2022,SU2022-class 19,2,1905AGBBJJ,,6.9,8.2,7.6,Passed,7.6
SU2022,SU2022-class 19,3,1905AGBBHH,,8.7,6.4,7.7,Passed,8.5
SU2022,SU2022-class 19,4,1905AGBBJH,,0,0,0,Attendance Fail,0
SU2022,SU2022-class 19,5,1905AGBBAE,,6.8,7,7.3,Passed,8.3
SU2022,SU2022-class 19,6,1905AGBADI,,8.8,5.8,7.3,Passed,7.9
SU2022,SU2022-class 19,7,1905AGBAEG,,8.7,6.2,7.6,Passed,8.3
SU2022,SU2022-class 19,8,1905AGBACB,,8.2,7.4,8.3,Passed,9.6
SU2022,SU2022-class 19,9,1905AGBBGF,,8.8,7.4,8.5,Passed,9.7
SU2022,SU2022-class 19,10,1905AGBBGG,,8.9,6.8,8.3,Passed,9.7
SU2022,SU2022-class 19,11,1905AGBBJE,,8.4,6,7.8,Passed,9.7
SU2022,SU2022-class 19,12,1905AGBBCI,,8.7,7.4,8.5,Passed,9.7
SU2022,SU2022-class 19,13,1905AGBBHJ,,7.3,5.2,7.2,Passed,9.7
SU2022,SU2022-class 19,14,1905AGBAEB,,8.3,4.4,7.1,Passed,9.7
SU2022,SU2022-class 19,15,1905AGBBIE,,7.2,4.4,6.2,Passed,7.7
SU2022,SU2022-class 19,16,1905AGBBIB,,7.2,6,6.8,Passed,7.6
SU2022,SU2022-class 19,17,1905AGBCBH,,7.9,7,7.5,Passed,7.8
SU2022,SU2022-class 19,18,1905AGBCAE,,8.9,4.8,7.2,Passed,8.7
SU2022,SU2022-class 19,19,1905AGBCJC,,7.2,8.6,7.9,Passed,7.6
SU2022,SU2022-class 19,20,1905AFAEHH,,4.8,7.2,5.6,Passed,4.3
SU2022,SU2022-class 19,21,1905AGBAGC,,8.7,9.4,9,Passed,8.8
SU2022,SU2022-class 19,22,1905AFAIAA,,7.1,4.4,5.9,Passed,6.7
SU2022,SU2022-class 19,23,1905AGBAFD,,8.1,6.6,7.3,Passed,7.6
SU2022,SU2022-class 19,24,1905AGBAHE,,8.7,7.4,7.8,Passed,7.6
SU2022,SU2022-class 19,25,1905AGBCJG,,8.8,6.6,7.8,Passed,8.4
SU2022,SU2022-class 19,26,1905AFAEBD,,0,0,0,Attendance Fail,0
SU2022,SU2022-class 19,27,1905AGCCJI,,8.9,5.2,7,Passed,7.5
SU2022,SU2022-class 19,28,1905AGBAED,,8.8,6.8,7.5,Passed,7.2
SU2022,SU2022-class 19,29,1905AGBBAJ,,9,5.4,7.1,Passed,7.5
SU2022,SU2022-class 19,30,1905AGBBCC,,8.7,6.6,7.9,Passed,8.9
SU2022,SU2022-class 19,31,1905AGBBCJ,,8.8,6,7.6,Passed,8.5
SU2022,SU2022-class 20,1,1905AGBDDJ,,8,7,7.8,Passed,8.8
SU2022,SU2022-class 20,2,1905AGBCFB,,8.5,7.2,8.3,Passed,9.5
SU2022,SU2022-class 20,3,1905AGBEEB,,9,9.4,9,Passed,8.5
SU2022,SU2022-class 20,4,1905AGBCED,,8,6.6,7.6,Passed,8.5
SU2022,SU2022-class 20,5,1905AGBDHB,,9,9,9,Passed,8.9
SU2022,SU2022-class 20,6,1905AEABEI,,0,0,0,Attendance Fail,0
SU2022,SU2022-class 20,7,1905AGBEHF,,8,9.2,8.8,Passed,9
SU2022,SU2022-class 20,8,1905AGBCCD,,10,7.2,8.7,Passed,9.3
SU2022,SU2022-class 20,9,1905AGAJIC,,10,8.4,8.8,Passed,8.1
SU2022,SU2022-class 20,10,1905AGBDAH,,9,5.6,7.6,Passed,8.8
SU2022,SU2022-class 20,11,1905AGBCGA,,7,4.6,6.7,Passed,9.1
SU2022,SU2022-class 20,12,1905AGBEBJ,,9.5,8.2,9,Passed,9.5
SU2022,SU2022-class 20,13,1905AGBEGA,,10,8.6,9.1,Passed,8.9
SU2022,SU2022-class 20,14,1905AGBECC,,10,8.8,9,Passed,8.3
SU2022,SU2022-class 20,15,1905AGBEDF,,9,5.8,6.9,Passed,6.4
SU2022,SU2022-class 20,16,1905AGBCIJ,,8,5.8,7.5,Passed,9.1
SU2022,SU2022-class 20,17,1905AGBCCH,,10,7.2,8.5,Passed,8.8
SU2022,SU2022-class 20,18,1905AGBEDH,,9,7.8,7.8,Passed,6.8
SU2022,SU2022-class 20,19,1905AGBCCA,,7,6.2,6.8,Passed,7.4
SU2022,SU2022-class 20,20,1905AGBDDB,,8,6.2,7.7,Passed,9.3
SU2022,SU2022-class 20,21,1905AGBCGC,,7,5,6.8,Passed,9
SU2022,SU2022-class 20,22,1905AGBCFE,,8.5,6.6,8,Passed,9.5
SU2022,SU2022-class 20,23,1905AGBCDC,,10,5.6,7.8,Passed,8.6
SU2022,SU2022-class 20,24,1905AGBDAC,,8,5.6,7.4,Passed,9.1
SU2022,SU2022-class 20,25,1905AGAJJH,,8,6.4,7,Passed,6.9
SU2022,SU2022-class 20,26,1905AGBCDB,,8,8.4,8.2,Passed,8.3
SU2022,SU2022-class 20,27,1905AGBEFE,,7,6.8,7,Passed,7.4
SU2022,SU2022-class 20,28,1905AGBDJG,,7,4,5.8,Passed,6.9
SU2022,SU2022-class 20,29,1905AGBEAA,,7.5,5.8,7.3,Passed,9.1
SU2022,SU2022-class 21,1,1905AGBFFD,,8,8,8.4,Passed,9.4
SU2022,SU2022-class 21,2,1905AGBGDH,,8,6.6,7.9,Passed,9.4
SU2022,SU2022-class 21,3,1905AGBFFG,,8,6.6,7.9,Passed,9.4
SU2022,SU2022-class 21,4,1905AGAGFF,,8,6.6,7.9,Passed,9.4
SU2022,SU2022-class 21,5,1905AGBHFH,,8,5.4,7.4,Passed,9.4
SU2022,SU2022-class 21,6,1905AGBFGD,,8,7.2,8.1,Passed,9.4
SU2022,SU2022-class 21,7,1905AGBFDA,,8,4.2,6.9,Passed,9.4
SU2022,SU2022-class 21,8,1905AGBGCH,,8,4.6,7.1,Passed,9.5
SU2022,SU2022-class 21,9,1905AGBGDD,,8,7.2,8.1,Passed,9.4
SU2022,SU2022-class 21,10,1905AGBEGF,,8,8.6,8.7,Passed,9.4
SU2022,SU2022-class 21,11,1905AGBFCA,,8,6.6,7.9,Passed,9.4
SU2022,SU2022-class 21,12,1905AGBFGG,,8,6.8,7.9,Passed,9.4
SU2022,SU2022-class 21,13,1905AGBFHF,,6,0,4.6,Not Passed,9.4
SU2022,SU2022-class 21,14,1905AGBHEF,,8,8,8.4,Passed,9.4
SU2022,SU2022-class 21,15,1905AGBFBE,,8,6.6,7.9,Passed,9.4
SU2022,SU2022-class 21,16,1905AGAAAA,,8,8.8,8.7,Passed,9.4
SU2022,SU2022-class 21,17,1905AGBFJE,,8,5.2,7.3,Passed,9.4
SU2022,SU2022-class 21,18,1905AGBFJF,,7,0,4.7,Not Passed,8.6
SU2022,SU2022-class 21,19,1905AGBFBA,,8,7.8,8.3,Passed,9.4
SU2022,SU2022-class 21,20,1905AGBGEJ,,8,8,8.4,Passed,9.4
SU2022,SU2022-class 21,21,1905AGBFJG,,8,7.4,8.2,Passed,9.4
SU2022,SU2022-class 21,22,1905AGBEIB,,8,6.4,7.8,Passed,9.4
SU2022,SU2022-class 21,23,1905AGBFGI,,8,5.6,7.5,Passed,9.4
SU2022,SU2022-class 21,24,1905AGBFHJ,,8,8,8.4,Passed,9.4
SU2022,SU2022-class 21,25,1905AGBCFJ,,8,6.4,7.8,Passed,9.4
SU2022,SU2022-class 21,26,1905AGBFII,,8,7.2,8.1,Passed,9.4
SU2022,SU2022-class 21,27,1905AGBFCJ,,8,6.6,7.9,Passed,9.4
SU2022,SU2022-class 21,28,1905AGBGDA,,8,5.6,7.5,Passed,9.4
SU2022,SU2022-class 21,29,1905AGBGBD,,8,7,8,Passed,9.4
SU2022,SU2022-class 21,30,1905AGBEHH,,8,9,8.8,Passed,9.4
SU2022,SU2022-class 22,1,1905AGBHIH,,8,7.6,7.8,Passed,8
SU2022,SU2022-class 22,2,1905AGBICB,,8.5,6.2,7.3,Passed,7.4
SU2022,SU2022-class 22,3,1905AGBHED,,7,5.8,6.9,Passed,8.1
SU2022,SU2022-class 22,4,1905AGBICI,,8,5.8,7.6,Passed,9.7
SU2022,SU2022-class 22,5,1905AGBIJH,,8,8,8.3,Passed,9
SU2022,SU2022-class 22,6,1905AGBHIC,,0,0,0,Attendance Fail,0
SU2022,SU2022-class 22,7,1905AGBIAB,,7,7.6,7.4,Passed,7.6
SU2022,SU2022-class 22,8,1905AGBIDJ,,8.5,5.4,6.7,Passed,6.8
SU2022,SU2022-class 22,9,1905AGBHGI,,8,6.2,7.6,Passed,9.1
SU2022,SU2022-class 22,10,1905AGBIED,,7.5,7.2,7.5,Passed,7.8
SU2022,SU2022-class 22,11,1905AGBHGA,,7,7,6.7,Passed,6.2
SU2022,SU2022-class 22,12,1905AGBHCB,,6,6,6.4,Passed,7.3
SU2022,SU2022-class 22,13,1905AGBHJA,,8,7.2,8.2,Passed,9.8
SU2022,SU2022-class 22,14,1905AGBIEF,,8.5,4.8,6.3,Passed,6.2
SU2022,SU2022-class 22,15,1905AGBHAD,,8,5.8,7.4,Passed,8.9
SU2022,SU2022-class 22,16,1905AGBIAG,,9,7.4,8.4,Passed,9
SU2022,SU2022-class 22,17,1905AGBGHC,,9,6,7.6,Passed,8.2
SU2022,SU2022-class 22,18,1905AGBHIB,,8,7.2,8,Passed,9
SU2022,SU2022-class 22,19,1905AGBHHH,,7,6.6,7.3,Passed,8.4
SU2022,SU2022-class 22,20,1905AGBHGB,,9,8,8.6,Passed,8.9
SU2022,SU2022-class 22,21,1905AGBIEH,,9,6.2,8.1,Passed,9.6
SU2022,SU2022-class 22,22,1905AGBHEH,,8,5.6,6.8,Passed,7.1
SU2022,SU2022-class 22,23,1905AGBGIA,,6.5,7,6.9,Passed,7.2
SU2022,SU2022-class 22,24,1905AGBHHG,,0,0,0,Attendance Fail,0
SU2022,SU2022-class 22,25,1905AGBIDI,,0,0,0,Attendance Fail,0
SU2022,SU2022-class 22,26,1905AGBIFC,,0,0,0,Attendance Fail,0
SU2022,SU2022-class 23,1,1905AGCAEH,,7.3,5,6.2,Passed,6.9
SU2022,SU2022-class 23,2,1905AGCJHF,,7,5.8,6.4,Passed,6.8
SU2022,SU2022-class 23,3,1905AGCJEE,,7.8,4.2,6,Passed,6.8
SU2022,SU2022-class 23,4,1905AGBIIH,,7,7.6,7.5,Passed,7.9
SU2022,SU2022-class 23,5,1905AGAJDA,,7.5,8.8,8.3,Passed,8.5
SU2022,SU2022-class 23,6,1905AGBIIF,,0,0,0,Attendance Fail,0
SU2022,SU2022-class 23,7,1905AGBIIC,,0,0,0,Attendance Fail,0
SU2022,SU2022-class 23,8,1905AGCAAC,,7.3,6.8,7.1,Passed,7.5
SU2022,SU2022-class 23,9,1905AGCAAG,,6.5,6.8,6.8,Passed,7.3
SU2022,SU2022-class 23,10,1905AGCAFC,,6,5.2,5.9,Passed,6.6
SU2022,SU2022-class 23,11,1905AGCJJH,,7.5,7,7.3,Passed,7.4
SU2022,SU2022-class 23,12,1905AGCAJF,,8,5.4,6.6,Passed,6.8
SU2022,SU2022-class 23,13,1905AGCJHC,,8,6,6.9,Passed,7.1
SU2022,SU2022-class 23,14,1905AGCAAF,,7.3,0,4.4,Not Passed,7.3
SU2022,SU2022-class 23,15,1905AGCADD,,7.3,9.2,8,Passed,7
SU2022,SU2022-class 23,16,1905AGCAAI,,8.5,9.2,8.4,Passed,7.3
SU2022,SU2022-class 23,17,1905AGCJDI,,7.8,9,8.1,Passed,7.4
SU2022,SU2022-class 23,18,1905AGCAAB,,7,6.8,7,Passed,7.4
SU2022,SU2022-class 23,19,1905AGCACJ,,7,6.6,6.9,Passed,7.1
SU2022,SU2022-class 23,20,1905AGCAFE,,7,5.2,6.2,Passed,6.6
SU2022,SU2022-class 24,1,1905AGCBJI,,6,5,5,Passed,4
SU2022,SU2022-class 24,2,1905AGCCAI,,5,7.4,5.7,Passed,4
SU2022,SU2022-class 24,3,1905AGCCCJ,,4,5.4,4.3,Not Passed,3
SU2022,SU2022-class 24,4,1905AGCAGB,,8,6.6,6.5,Passed,5
SU2022,SU2022-class 24,5,1905AGCAIF,,7,7.4,6.9,Passed,6
SU2022,SU2022-class 24,6,1905AGCCDI,,0,0,0.9,Not Passed,3
SU2022,SU2022-class 24,7,1905AGCBEC,,6.5,6.6,6.4,Passed,6
SU2022,SU2022-class 24,8,1905AGCBDA,,9,9,8.7,Passed,8
SU2022,SU2022-class 24,9,1905AGCBAA,,4,6.2,5.2,Passed,5
SU2022,SU2022-class 24,10,1905AGCBCD,,0,0,1.5,Attendance Fail,5
SU2022,SU2022-class 24,11,1905AGCBBB,,9,8.8,9.2,Passed,10
SU2022,SU2022-class 24,12,1905AGCCBI,,5,6.6,5.3,Passed,4
SU2022,SU2022-class 24,13,1905AGCCBA,,3,0,2.4,Not Passed,5
SU2022,SU2022-class 24,14,1905AGCBDJ,,5,7.2,6.2,Passed,6
SU2022,SU2022-class 24,15,1905AGCBDI,,5,8.8,7.1,Passed,7
SU2022,SU2022-class 24,16,1905AGCBII,,9,8.6,8.5,Passed,8
SU2022,SU2022-class 24,17,1905AGCAHA,,6,5.6,6.4,Passed,8
SU2022,SU2022-class 24,18,1905AGCCAA,,3,6.4,5.9,Passed,8
SU2022,SU2022-class 24,19,1905AGCCAG,,6,6,5.4,Passed,4
SU2022,SU2022-class 24,20,1905AGCBEH,,8.5,8.6,8.4,Passed,8
SU2022,SU2022-class 24,21,1905AGCAIH,,7,6.4,5.9,Passed,4
SU2022,SU2022-class 24,22,1905AGCBCA,,5,6.4,5.9,Passed,6
SU2022,SU2022-class 24,23,1905AGCBFC,,4,6.8,5.4,Passed,5
SU2022,SU2022-class 24,24,1905AGCBDE,,5,7,5.8,Passed,5
SU2022,SU2022-class 24,25,1905AGCBIA,,5,4.6,5.1,Passed,6
SU2022,SU2022-class 24,26,1905AGCBJA,,7.5,6,7.1,Passed,8
SU2022,SU2022-class 24,27,1905AGCCJE,,5,6.4,5.9,Passed,6
SU2022,SU2022-class 25,1,1905AFAFHF,,6,0,2.4,Not Passed,2
SU2022,SU2022-class 25,2,1905AGCDCI,,0,0,0,Not Passed,0
SU2022,SU2022-class 25,3,1905AGCDEG,,7,6,6.6,Passed,7
SU2022,SU2022-class 25,4,1905AFAGJE,,5.5,7,6.6,Passed,7.3
SU2022,SU2022-class 25,5,1905AGCDAH,,9,8.2,8.4,Passed,8
SU2022,SU2022-class 25,6,1905AGCDJA,,8,7.6,7.7,Passed,7.5
SU2022,SU2022-class 25,7,1905AGCCIF,,8,5.8,6.8,Passed,7
SU2022,SU2022-class 25,8,1905AGCCEI,,7,7.4,7,Passed,6.5
SU2022,SU2022-class 25,9,1905AGCDDA,,8,7,6.9,Passed,5.8
SU2022,SU2022-class 25,10,1905AGCDGD,,8,6.8,7.1,Passed,6.8
SU2022,SU2022-class 25,11,1905AGCDAE,,7,5.8,6.5,Passed,6.9
SU2022,SU2022-class 25,12,1905AGCDGG,,8,7.8,7.8,Passed,7.5
SU2022,SU2022-class 25,13,1905AGCDFF,,9,7,7.8,Passed,7.5
SU2022,SU2022-class 25,14,1905AGCCDF,,7,7,7,Passed,7
SU2022,SU2022-class 25,15,1905AGCCCB,,6.5,4.2,5.7,Passed,7
SU2022,SU2022-class 25,16,1905AGCDHB,,7,5.2,6.3,Passed,7
SU2022,SU2022-class 25,17,1905AGCCCH,,9,5.8,7.4,Passed,8
SU2022,SU2022-class 25,18,1905AGCDJJ,,6.5,6.8,6.9,Passed,7.5
SU2022,SU2022-class 25,19,1905AGCDFE,,8,7.8,7.8,Passed,7.5
SU2022,SU2022-class 25,20,1905AGCDDB,,7,4,5.8,Passed,7
SU2022,SU2022-class 25,21,1905AGCDGE,,8,7,7.5,Passed,7.5
SU2022,SU2022-class 25,22,1905AGCDGB,,8,6.6,7.3,Passed,7.5
SU2022,SU2022-class 25,23,1905AGCDEC,,9,8.6,8.5,Passed,8
SU2022,SU2022-class 25,24,1905AGCDDG,,8,6.4,7.2,Passed,7.5
SU2022,SU2022-class 25,25,1905AGAGJH,,8,9.6,8.6,Passed,7.8
SU2022,SU2022-class 25,26,1905AGCCII,,9,7.6,8.1,Passed,8
SU2022,SU2022-class 25,27,1905AFAGJJ,,7,0,2.7,Not Passed,2
SU2022,SU2022-class 25,28,1905AGCCHC,,3.5,0,1.6,Not Passed,1.8
SU2022,SU2022-class 25,29,1905AFAFII,,7,9,7.9,Passed,7.3
SU2022,SU2022-class 25,30,1905AGCDHE,,8,6.2,7.1,Passed,7.5
SU2022,SU2022-class 25,31,1905AGAEAG,,7,8.8,7.8,Passed,7.3
SU2022,SU2022-class 25,32,1905AFAGDD,,7,4.8,6.2,Passed,7.3
SU2022,SU2022-class 26,1,1905AGCECF,,7.5,7.8,7.7,Passed,7.8
SU2022,SU2022-class 26,2,1905AGCEDI,,8,8,7.9,Passed,7.8
SU2022,SU2022-class 26,3,1905AGCECI,,8.8,7.8,8.1,Passed,7.8
SU2022,SU2022-class 26,4,1905AGCEDC,,6.3,7,7,Passed,7.8
SU2022,SU2022-class 26,5,1905AGCECA,,6.5,6,6.7,Passed,7.8
SU2022,SU2022-class 26,6,1905AGCECE,,7.3,7,6.6,Passed,5.3
SU2022,SU2022-class 26,7,1905AGCFAE,,8.3,6.4,7.2,Passed,7.3
SU2022,SU2022-class 26,8,1905AGCFBE,,0,0,1.1,Not Passed,3.8
SU2022,SU2022-class 26,9,1905AGCEEJ,,9,6,6.8,Passed,5.5
SU2022,SU2022-class 26,10,1905AGCECB,,7.8,5.8,7,Passed,7.8
SU2022,SU2022-class 26,11,1905AGCEAJ,,6.5,5.4,5.6,Passed,5
SU2022,SU2022-class 26,12,1905AGCEGF,,9,8.8,7.9,Passed,5.5
SU2022,SU2022-class 26,13,1905AGCEFA,,0,0,0,Attendance Fail,0
SU2022,SU2022-class 26,14,1905AGCEID,,8.5,7.2,7.6,Passed,7.3
SU2022,SU2022-class 26,15,1905AGCEHB,,8.3,5.8,7,Passed,7.3
SU2022,SU2022-class 26,16,1905AGCEJB,,3,8.2,5.2,Passed,3.5
SU2022,SU2022-class 26,17,1905AGCEJC,,6.5,6.2,6.5,Passed,7
SU2022,SU2022-class 26,18,1905AGCEFI,,6,6.2,6.6,Passed,7.8
SU2022,SU2022-class 26,19,1905AGCEGI,,8.5,9,8.4,Passed,7.5
SU2022,SU2022-class 26,20,1905AGCEAB,,7.8,5.8,6.8,Passed,7.3
SU2022,SU2022-class 26,21,1905AGCECD,,7,5,6.3,Passed,7.3
SU2022,SU2022-class 26,22,1905AGCFJB,,7.3,6.6,6.4,Passed,5.3
SU2022,SU2022-class 26,23,1905AGCDII,,4.5,7.6,6.2,Passed,6
SU2022,SU2022-class 26,24,1905AGCFAA,,6.5,8.2,7.4,Passed,7.3
SU2022,SU2022-class 27,1,1905AFJABD,,8,7.8,8.3,Passed,9.4
SU2022,SU2022-class 27,2,1905AGCFFA,,8,8,8.4,Passed,9.3
SU2022,SU2022-class 27,3,1905AEJDBG,,8,8.4,8.5,Passed,9.1
SU2022,SU2022-class 27,4,1905AGCFGB,,8.5,7.6,8.3,Passed,9.2
SU2022,SU2022-class 27,5,1905AGCFDJ,,8,8.4,8.5,Passed,9.2
SU2022,SU2022-class 27,6,1905AGCFGA,,8.5,8.2,8.6,Passed,9.3
SU2022,SU2022-class 27,7,1905AGCFDI,,8,7,8,Passed,9.3
SU2022,SU2022-class 27,8,1905AGCFHE,,8,9.2,8.8,Passed,9.2
SU2022,SU2022-class 27,9,1905AEACEB,,0,0,0,Attendance Fail,0
SU2022,SU2022-class 27,10,1905AGCFDA,,8,6.8,7.9,Passed,9.3
SU2022,SU2022-class 27,11,1905AGCFDC,,8.5,7.6,8.3,Passed,9.1
SU2022,SU2022-class 27,12,1905AGCFDF,,8,8,8.4,Passed,9.4
SU2022,SU2022-class 27,13,1905AGCDEJ,,8,6.4,7.7,Passed,9.2
SU2022,SU2022-class 27,14,1905AGCFDD,,8,6.8,7.9,Passed,9.3
SU2022,SU2022-class 27,15,1905AGCGAA,,8,9.6,9,Passed,9.2
SU2022,SU2022-class 27,16,1905AGCFGC,,8,4,6.8,Passed,9.4
SU2022,SU2022-class 27,17,1905AGCFHG,,8.5,4.8,7.3,Passed,9.3
SU2022,SU2022-class 27,18,1905AGCFII,,8.5,6.2,7.8,Passed,9.3
SU2022,SU2022-class 27,19,1905AGCFGJ,,8.5,7,8.1,Passed,9.2
SU2022,SU2022-class 27,20,1905AGCFHB,,8.5,7.6,8.4,Passed,9.3
SU2022,SU2022-class 27,21,1905AFJJEG,,8,4.4,6.9,Passed,9.2
SU2022,SU2022-class 27,22,1905AGCFGF,,8,7.8,8.3,Passed,9.3
SU2022,SU2022-class 27,23,1905AGCFEJ,,8,9.2,8.8,Passed,9.1
SU2022,SU2022-class 27,24,1905AGCAII,,8,8,8.4,Passed,9.3
SU2022,SU2022-class 27,25,1905AGCFCJ,,8,6.8,7.9,Passed,9.3
SU2022,SU2022-class 27,26,1905AGCGJE,,8,6.8,7.9,Passed,9.2
SU2022,SU2022-class 27,27,1905AGBICG,,8,7,8,Passed,9.3
SU2022,SU2022-class 27,28,1905AGCGAE,,8.5,0,5.3,Not Passed,9.2
SU2022,SU2022-class 27,29,1905AGCGJB,,8,7.2,8.1,Passed,9.3
SU2022,SU2022-class 27,30,1905AGCFIF,,8,7.8,8.3,Passed,9.2
SU2022,SU2022-class 28,1,1905AGJAAJ,,8,5.4,6.6,Passed,6.8
SU2022,SU2022-class 28,2,1905AGJCFB,,9,6.8,8.2,Passed,9.3
SU2022,SU2022-class 28,3,1905AGJJEB,,6,7,6.6,Passed,6.8
SU2022,SU2022-class 28,4,1905AGJEHD,,9.5,8.4,8.7,Passed,8.4
SU2022,SU2022-class 28,5,1905AGJAIE,,6,6.6,7.1,Passed,8.9
SU2022,SU2022-class 28,6,1905AGJDHD,,7.5,6.6,7.5,Passed,8.8
SU2022,SU2022-class 28,7,1905AGJDIJ,,9,6.8,8.1,Passed,9
SU2022,SU2022-class 28,8,1905AGJACI,,0,0,0.7,Not Passed,2.4
SU2022,SU2022-class 28,9,1905AGJAJI,,7.5,9.6,7.5,Passed,4.6
SU2022,SU2022-class 28,10,1905AGJDHJ,,8,5,7.2,Passed,9.3
SU2022,SU2022-class 28,11,1905AGJCAG,,8.5,5.6,7.5,Passed,9.2
SU2022,SU2022-class 28,12,1905AFADJH,,0,0,0,Attendance Fail,0
SU2022,SU2022-class 28,13,1905AGJAEA,,8,6,7.5,Passed,8.9
SU2022,SU2022-class 28,14,1905AGJJIG,,6,6.8,6.5,Passed,6.8
SU2022,SU2022-class 28,15,1905AGJEJJ,,8.5,5.8,7.5,Passed,8.9
SU2022,SU2022-class 28,16,1905AGJABE,,6,0,2.4,Not Passed,1.9
SU2022,SU2022-class 28,17,1905AFAEGC,,5,5.6,5.8,Passed,6.8
SU2022,SU2022-class 28,18,1905AGJBGF,,6,5.6,6.7,Passed,9
SU2022,SU2022-class 28,19,1905AGJACD,,6,5.2,6.6,Passed,9
SU2022,SU2022-class 28,20,1905AGJJFF,,7,5.2,6.9,Passed,9.1
SU2022,SU2022-class 28,21,1905AGJDHF,,8,7,7.8,Passed,8.7
SU2022,SU2022-class 28,22,1905AGJCJI,,0,0,0.6,Not Passed,2.1
SU2022,SU2022-class 28,23,1905AGJAAB,,8,8.4,8.6,Passed,9.6
SU2022,SU2022-class 28,24,1905AGJBAI,,9,9.4,9.2,Passed,9.2
SU2022,SU2022-class 28,25,1905AGJECF,,8.5,6.4,7.8,Passed,9.1
SU2022,SU2022-class 29,1,1905AFJAHH,,6,6.2,5.9,Passed,5.3
SU2022,SU2022-class 29,2,1905AGAJGA,,6,7.2,6.8,Passed,7
SU2022,SU2022-class 29,3,1905AFBJJB,,6,7,6.7,Passed,7
SU2022,SU2022-class 29,4,1905AGBIJI,,3,7.4,5.2,Passed,4.5
SU2022,SU2022-class 29,5,1905AGAABH,,5,6.8,6.3,Passed,7
SU2022,SU2022-class 29,6,1905AGAJIB,,8,7.8,7.8,Passed,7.5
SU2022,SU2022-class 29,7,1905AGAAEE,,6,6.8,6.6,Passed,7
SU2022,SU2022-class 29,8,1905AFBAIE,,0,0,0,Not Passed,0
SU2022,SU2022-class 29,9,1905AEJEBA,,5,4.8,5.5,Passed,7
SU2022,SU2022-class 29,10,1905AFJFBE,,6,4.2,5.6,Passed,7
SU2022,SU2022-class 29,11,1905AGABEE,,6,4.8,5.8,Passed,7
SU2022,SU2022-class 29,12,1905AGABHC,,6,5.6,6.1,Passed,7
SU2022,SU2022-class 29,13,1905AGAAFI,,4.5,5.2,4.6,Not Passed,3.8
SU2022,SU2022-class 29,14,1905AGABIF,,6,4,5.5,Passed,7
SU2022,SU2022-class 29,15,1905AGABDF,,8,8.8,7.9,Passed,6.5
SU2022,SU2022-class 29,16,1905AGADHH,,6,8,7.1,Passed,7
SU2022,SU2022-class 29,17,1905AGABGH,,6,4.6,5.7,Passed,7
SU2022,SU2022-class 29,18,1905AGACJA,,6,9,7.5,Passed,7
SU2022,SU2022-class 29,19,1905AEJBEF,,5,5.4,5.2,Passed,5.3
SU2022,SU2022-class 29,20,1905AGAAFJ,,6,9.2,7.6,Passed,7
SU2022,SU2022-class 29,21,1905AGABHD,,6,5.4,5.5,Passed,5.3
SU2022,SU2022-class 29,22,1905AGAJDI,,6,6.2,6.4,Passed,7
SU2022,SU2022-class 29,23,1905AGAAIA,,8,7,7.1,Passed,6.3
SU2022,SU2022-class 29,24,1905AGAAIF,,6,8.8,7.4,Passed,7
SU2022,SU2022-class 29,25,1905AGACAD,,6,7,6.7,Passed,7
SU2022,SU2022-class 29,26,1905AGAAAC,,3,7.8,5.7,Passed,5.5
SU2022,SU2022-class 29,27,1905AGCFBH,,6,7.6,6.9,Passed,7
SU2022,SU2022-class 29,28,1905AGAJGF,,6,5.4,5.9,Passed,6.5
SU2022,SU2022-class 30,1,1905AGAGGG,,8.5,8.2,8.3,Passed,8.3
SU2022,SU2022-class 30,2,1905AEJCHE,,0,0,0,Attendance Fail,0
SU2022,SU2022-class 30,3,1905AGAFHJ,,6.5,5.8,6.4,Passed,7.1
SU2022,SU2022-class 30,4,1905AGAFHB,,8.6,8.2,8.5,Passed,8.7
SU2022,SU2022-class 30,5,1905AGAGBE,,6.5,9.2,7.5,Passed,6.1
SU2022,SU2022-class 30,6,1905AGAEBA,,5.5,7.2,6.8,Passed,7.4
SU2022,SU2022-class 30,7,1905AGAFEI,,7,7.6,7.2,Passed,6.8
SU2022,SU2022-class 30,8,1905AGAGGB,,7,7.4,7.5,Passed,8.2
SU2022,SU2022-class 30,9,1905AGAEDD,,6.5,6.8,7,Passed,7.8
SU2022,SU2022-class 30,10,1905AGAEGB,,7.5,8.2,7.8,Passed,7.7
SU2022,SU2022-class 30,11,1905AGBBBD,,7,4.4,6.1,Passed,7.3
SU2022,SU2022-class 30,12,1905AGAFIF,,8.5,8.2,8.4,Passed,8.5
SU2022,SU2022-class 30,13,1905AGAGAJ,,7.5,9.6,8.6,Passed,8.5
SU2022,SU2022-class 30,14,1905AGAGGF,,7,7.4,7.4,Passed,8
SU2022,SU2022-class 30,15,1905AGAEJJ,,6,8.8,7.6,Passed,7.6
SU2022,SU2022-class 30,16,1905AGAFDJ,,7,9,8,Passed,7.6
SU2022,SU2022-class 30,17,1905AGAEAE,,7,5.8,6.9,Passed,8.2
SU2022,SU2022-class 30,18,1905AGAFJH,,0,0,0,Attendance Fail,0
SU2022,SU2022-class 30,19,1905AGAGJB,,8.3,7.8,8.1,Passed,8.3
SU2022,SU2022-class 30,20,1905AGBJCE,,7.5,5.4,6.6,Passed,7.2
SU2022,SU2022-class 30,21,1905AGABCH,,7,8.6,8,Passed,8.3
SU2022,SU2022-class 30,22,1905AGAFEF,,6,7.2,7.2,Passed,8.3
SU2022,SU2022-class 30,23,1905AGAFAG,,7.5,8,7.9,Passed,8.2
SU2022,SU2022-class 30,24,1905AGAFCI,,7,5,6.1,Passed,6.7
SU2022,SU2022-class 30,25,1905AGAEDB,,6.5,6.6,7,Passed,8
SU2022,SU2022-class 30,26,1905AGAECG,,7,9,8.3,Passed,8.8
SU2022,SU2022-class 30,27,1905AGAEDC,,7,5.6,6.7,Passed,7.9
SU2022,SU2022-class 31,1,1905AGAICF,,7.5,6.2,7.4,Passed,8.8
SU2022,SU2022-class 31,2,1905AFAIBG,,8,6.6,7.7,Passed,9
SU2022,SU2022-class 31,3,1905AGAHDH,,8,8.8,8.6,Passed,8.8
SU2022,SU2022-class 31,4,1905AGBBBJ,,8,7.8,8.2,Passed,9.1
SU2022,SU2022-class 31,5,1905AGAIAC,,8.5,5.6,7.4,Passed,8.6
SU2022,SU2022-class 31,6,1905AGBJHF,,8,8.6,8.5,Passed,8.9
SU2022,SU2022-class 31,7,1905AGAIBG,,7.5,7.4,7.8,Passed,8.8
SU2022,SU2022-class 31,8,1905AGBJAC,,8,8,8.4,Passed,9.2
SU2022,SU2022-class 31,9,1905AGAIAA,,8.3,5.8,7.5,Passed,8.9
SU2022,SU2022-class 31,10,1905AGAJHH,,8,8.2,8.4,Passed,9
SU2022,SU2022-class 31,11,1905AGBAIH,,8.3,9.2,8.9,Passed,9
SU2022,SU2022-class 31,12,1905AGBABE,,8.5,8.6,8.7,Passed,9
SU2022,SU2022-class 31,13,1905AGAIGH,,8,8,8.3,Passed,8.9
SU2022,SU2022-class 31,14,1905AGAGHC,,8,7,7.9,Passed,8.9
SU2022,SU2022-class 31,15,1905AGAHDA,,8,7.8,8.3,Passed,9.1
SU2022,SU2022-class 31,16,1905AGAICJ,,7,7.2,7.7,Passed,9
SU2022,SU2022-class 31,17,1905AGAIID,,8.5,8,8.4,Passed,9
SU2022,SU2022-class 31,18,1905AGAHCI,,8,6.8,7.8,Passed,8.9
SU2022,SU2022-class 31,19,1905AGAIJB,,0,0,2.7,Not Passed,9.1
SU2022,SU2022-class 31,20,1905AGBJCB,,8.5,7.4,8.2,Passed,8.8
SU2022,SU2022-class 31,21,1905AGAHGH,,8,6.4,7.6,Passed,8.9
SU2022,SU2022-class 31,22,1905AGBADE,,0,0,2.7,Not Passed,8.9
SU2022,SU2022-class 31,23,1905AGABFA,,8.5,9.8,9.2,Passed,9.1
SU2022,SU2022-class 31,24,1905AGBJJB,,7,0,4.7,Not Passed,8.6
SU2022,SU2022-class 31,25,1905AGBAID,,8.3,6.4,7.7,Passed,8.8
SU2022,SU2022-class 31,26,1905AGAICG,,0,0,2.6,Not Passed,8.8
SU2022,SU2022-class 31,27,1905AGBAJH,,8,7.2,7.9,Passed,8.8
SU2022,SU2022-class 31,28,1905AGAHEF,,8,7.2,7.9,Passed,8.7
SU2022,SU2022-class 31,29,1905AGBBDG,,8.5,6,7.5,Passed,8.5
SU2022,SU2022-class 31,30,1905AGBABC,,8,6.6,7.7,Passed,8.8
SU2022,SU2022-class 31,31,1905AGAHIC,,0,0,2.7,Not Passed,8.9
SU2022,SU2022-class 31,32,1905AFBJGD,,8,0,5,Not Passed,8.7
SU2022,SU2022-class 32,1,1905AGBEBG,,6.5,7.6,7.8,Passed,9.4
SU2022,SU2022-class 32,2,1905AGBCEB,,3.5,4.4,5.1,Passed,7.5
SU2022,SU2022-class 32,3,1905AGBEAD,,6.5,8.4,7.9,Passed,8.5
SU2022,SU2022-class 32,4,1905AGBBEF,,7,6.8,6.8,Passed,6.8
SU2022,SU2022-class 32,5,1905AFBJGE,,7,7.6,7.2,Passed,6.8
SU2022,SU2022-class 32,6,1905AFAEEJ,,0,0,0,Attendance Fail,0
SU2022,SU2022-class 32,7,1905AGBCBG,,2,6.8,5.6,Passed,7.8
SU2022,SU2022-class 32,8,1905AFAGGC,,3,7.2,6,Passed,7.3
SU2022,SU2022-class 32,9,1905AGBDGH,,8,8.8,8.2,Passed,7.8
SU2022,SU2022-class 32,10,1905AGBDIJ,,6,9,7.7,Passed,7.5
SU2022,SU2022-class 32,11,1905AGBDCH,,3.5,5,5.1,Passed,6.8
SU2022,SU2022-class 32,12,1905AGBDBA,,6.5,8.4,7.6,Passed,7.6
SU2022,SU2022-class 32,13,1905AGBEBE,,7,8.2,8.3,Passed,9.9
SU2022,SU2022-class 32,14,1905AGBDBI,,7,8,7.8,Passed,8.3
SU2022,SU2022-class 32,15,1905AGBCAD,,7,6,7,Passed,8.4
SU2022,SU2022-class 32,16,1905AFBAAE,,6.5,4.8,6.4,Passed,8.5
SU2022,SU2022-class 32,17,1905AGBBFA,,7,8.2,7.9,Passed,8.4
SU2022,SU2022-class 32,18,1905AGBBID,,7.5,6.2,7.7,Passed,9.8
SU2022,SU2022-class 32,19,1905AGBDIG,,6.5,5.6,6.5,Passed,7.6
SU2022,SU2022-class 32,20,1905AGBDGG,,3.5,9,6.4,Passed,5.9
SU2022,SU2022-class 32,21,1905AGBDBF,,8.5,7.4,8,Passed,8.4
SU2022,SU2022-class 32,22,1905AGBDBC,,5.5,7.2,7,Passed,8.3
SU2022,SU2022-class 32,23,1905AGBDDA,,3.5,8,7,Passed,9
SU2022,SU2022-class 32,24,1905AFAEGA,,7,6.6,7.4,Passed,8.8
SU2022,SU2022-class 32,25,1905AGBCEG,,6.5,7.6,7.2,Passed,7.3
SU2022,SU2022-class 32,26,1905AGBCJD,,0,0,0.7,Attendance Fail,2.4
SU2022,SU2022-class 32,27,1905AGBDCF,,7,9.6,8.9,Passed,9.8
SU2022,SU2022-class 32,28,1905AGBEJJ,,3.5,8,6.4,Passed,7.1
SU2022,SU2022-class 32,29,1905AGBDCJ,,7,5.2,6.9,Passed,9
SU2022,SU2022-class 32,30,1905FADCJ,,0,0,0,Attendance Fail,0
SU2022,SU2022-class 32,31,1905AGBDCG,,9,9.8,9.4,Passed,9.3
SU2022,SU2022-class 32,32,1905AGBDHE,,8.5,8.8,8.2,Passed,7.3
SU2022,SU2022-class 33,1,1905AGBHAE,,0,0,1.7,Not Passed,5.7
SU2022,SU2022-class 33,2,1905AGAAED,,10,8.6,9,Passed,8.5
SU2022,SU2022-class 33,3,1905AGBIBC,,10,6.8,8,Passed,7.6
SU2022,SU2022-class 33,4,1905AGBFFA,,2.5,7.6,5.5,Passed,5.8
SU2022,SU2022-class 33,5,1905AGBHAG,,5,0,2.7,Not Passed,3.9
SU2022,SU2022-class 33,6,1905AGBGAG,,8.5,5.4,7,Passed,7.6
SU2022,SU2022-class 33,7,1905AGBEFH,,10,8.8,9.2,Passed,9
SU2022,SU2022-class 33,8,1905AGBGHI,,5,6.6,6.3,Passed,7.2
SU2022,SU2022-class 33,9,1905AGBIDE,,7,4.6,6.3,Passed,7.8
SU2022,SU2022-class 33,10,1905AGAAFD,,10,8.4,8.9,Passed,8.5
SU2022,SU2022-class 33,11,1905AGBIHF,,7.5,7,7.3,Passed,7.4
SU2022,SU2022-class 33,12,1905AGBGEG,,5,8.4,7.1,Passed,7.5
SU2022,SU2022-class 33,13,1905AGCJJF,,10,7.6,8.8,Passed,9.1
SU2022,SU2022-class 33,14,1905AGBHDB,,5,8.8,7.3,Passed,7.5
SU2022,SU2022-class 33,15,1905AGBIHH,,10,8.2,8.9,Passed,8.9
SU2022,SU2022-class 33,16,1905AGBFJH,,0,0,0.4,Not Passed,1.2
SU2022,SU2022-class 33,17,1905AGBGJD,,5,7.2,6.8,Passed,8
SU2022,SU2022-class 33,18,1905AGBGFD,,5,0,2,Not Passed,1.8
SU2022,SU2022-class 33,19,1905AGBFAA,,10,9,9.1,Passed,8.4
SU2022,SU2022-class 33,20,1905AGBHHF,,7.5,7.6,7.5,Passed,7.4
SU2022,SU2022-class 33,21,1905AEACFC,,10,6.4,7.7,Passed,7.3
SU2022,SU2022-class 33,22,1901AGJAAI,,10,8,8.3,Passed,7.1
SU2022,SU2022-class 33,23,1905AGBGAE,,0,8,5.3,Not Passed,7.1
SU2022,SU2022-class 33,24,1905AGBHEC,,5,7,6.5,Passed,7.2
SU2022,SU2022-class 33,25,1905AGBIDG,,5,7.8,6.9,Passed,7.7
SU2022,SU2022-class 33,26,1905AGBEID,,10,8.4,8.8,Passed,8.3
SU2022,SU2022-class 33,27,1919AGJFCB,,0,0,2.4,Not Passed,8.1
SU2022,SU2022-class 33,28,1905AGBFAH,,0,7.8,4,Not Passed,2.8
SU2022,SU2022-class 33,29,1905AGBGJE,,5,5.2,5.9,Passed,7.7
SU2022,SU2022-class 33,30,1905AGBHGE,,5,5.8,6.2,Passed,7.9
SU2022,SU2022-class 34,1,1905AGCJIB,,6.5,0,3.6,Not Passed,5.6
SU2022,SU2022-class 34,2,1905AGAAGC,,7.3,7.2,7.2,Passed,7.3
SU2022,SU2022-class 34,3,1905AGCBHI,,7.3,8.8,7.9,Passed,7.5
SU2022,SU2022-class 34,4,1905AGCCCD,,6.3,7.6,6.6,Passed,5.8
SU2022,SU2022-class 34,5,1905AGCJBG,,6.8,7,7,Passed,7.3
SU2022,SU2022-class 34,6,1905AGCBHF,,8,7.4,7.6,Passed,7.6
SU2022,SU2022-class 34,7,1905AGJJCA,,6.5,4.6,5.8,Passed,6.8
SU2022,SU2022-class 34,8,1905AGCJFF,,7,8.2,7.1,Passed,5.8
SU2022,SU2022-class 34,9,1905AGCEFH,,6.8,8,7.5,Passed,7.5
SU2022,SU2022-class 34,10,1905AGCJCD,,7,5.4,6.4,Passed,7.1
SU2022,SU2022-class 34,11,1905AGCCAJ,,6.5,6.4,6.6,Passed,7
SU2022,SU2022-class 34,12,1905AGCCHJ,,0,0,1.3,Attendance Fail,4.4
SU2022,SU2022-class 34,13,1905AGCJID,,9.5,7.8,8.4,Passed,8.3
SU2022,SU2022-class 34,14,1905AGCJAG,,6.5,0,3.8,Not Passed,6
SU2022,SU2022-class 34,15,1905AGCBID,,6.5,4.6,5.9,Passed,6.9
SU2022,SU2022-class 34,16,1905AGCBFF,,6.8,7.4,7,Passed,6.8
SU2022,SU2022-class 34,17,1905AGCABF,,7.5,9.2,8.1,Passed,7.4
SU2022,SU2022-class 34,18,1905AGCBCB,,7,6,6.6,Passed,6.9
SU2022,SU2022-class 34,19,1905AGCJCF,,3.5,0,2.4,Not Passed,4.6
SU2022,SU2022-class 34,20,1905AGCJDA,,8,5.2,6.7,Passed,7.5
SU2022,SU2022-class 34,21,1905AGCJDB,,8,9.6,8.6,Passed,8
SU2022,SU2022-class 34,22,1905AGCBFH,,6.8,7.4,7.1,Passed,7.1
SU2022,SU2022-class 34,23,1905AGCBGJ,,7,6.4,6.7,Passed,6.8
SU2022,SU2022-class 34,24,1905AGCJEI,,6.5,5.2,6.1,Passed,6.9
SU2022,SU2022-class 34,25,1905AGCJHD,,6,7.2,6.7,Passed,6.9
SU2022,SU2022-class 34,26,1905AGCJEG,,7.3,5.4,6.5,Passed,7.1
SU2022,SU2022-class 34,27,1905AGBGGF,,7.5,5,6.4,Passed,7
SU2022,SU2022-class 34,28,1905AGCEHE,,5.5,8.6,7.5,Passed,8
SU2022,SU2022-class 34,29,1905AGCADJ,,7.3,7,7.3,Passed,7.6
SU2022,SU2022-class 34,30,1905AFBAAB,,6.3,5.2,5.7,Passed,5.9
SU2022,SU2022-class 34,31,1905AGCBBG,,6.5,7,6.8,Passed,6.9
SU2022,SU2022-class 34,32,1905AGCAEG,,5.5,7.4,6.2,Passed,5.4
SU2022,SU2022-class 35,1,1905AGCFCI,,9,5.2,7.2,Passed,8.1
SU2022,SU2022-class 35,2,1905AFBJHF,,7,8,7.6,Passed,7.8
SU2022,SU2022-class 35,3,1905AGCEFD,,8.3,7.2,7.9,Passed,8.5
SU2022,SU2022-class 35,4,1905AGCDFI,,9,8.8,8.8,Passed,8.6
SU2022,SU2022-class 35,5,1905AFADGE,,5,4.6,5.6,Passed,7.4
SU2022,SU2022-class 35,6,1905AGBICH,,8,8.6,8.4,Passed,8.6
SU2022,SU2022-class 35,7,1905AGCFJC,,9,7.4,8.2,Passed,8.5
SU2022,SU2022-class 35,8,1905AGBHDG,,9,7.2,8.1,Passed,8.4
SU2022,SU2022-class 35,9,1905AGCFDH,,6,5,6.1,Passed,7.5
SU2022,SU2022-class 35,10,1905AGCDIA,,9,6.8,7.9,Passed,8.3
SU2022,SU2022-class 35,11,1905AGCDGJ,,9,7.8,8.4,Passed,8.8
SU2022,SU2022-class 35,12,1905AGCFJE,,9,6.6,7.9,Passed,8.4
SU2022,SU2022-class 35,13,1905AGCEEI,,6,5.8,6.6,Passed,8.4
SU2022,SU2022-class 35,14,1905AGCEAF,,9,6,7.7,Passed,8.5
SU2022,SU2022-class 35,15,1905AGCCHF,,7,4.4,6.4,Passed,8.6
SU2022,SU2022-class 35,16,1905AGCEED,,9,8.2,8.5,Passed,8.5
SU2022,SU2022-class 35,17,1905AGCDGF,,9,8,8.5,Passed,8.5
SU2022,SU2022-class 35,18,1905AGCDIJ,,9,8.2,8.5,Passed,8.4
SU2022,SU2022-class 35,19,1905AGCEHI,,8,8.8,8.4,Passed,8.4
SU2022,SU2022-class 35,20,1905AGCEDA,,9,8,8.5,Passed,8.5
SU2022,SU2022-class 35,21,1905AFBJDD,,9,5,7.2,Passed,8.4
SU2022,SU2022-class 35,22,1905AGCEGH,,7,8,7.8,Passed,8.3
SU2022,SU2022-class 35,23,1905AGCFAG,,9,5.8,7.6,Passed,8.5
SU2022,SU2022-class 35,24,1905AGCFJJ,,9,5.2,7.3,Passed,8.3
SU2022,SU2022-class 35,25,1905AGCFJH,,7.5,6,7.1,Passed,8.3
SU2022,SU2022-class 35,26,1905AGCFBB,,8.5,8,8.2,Passed,8.3
SU2023,SU2023-class 1,1,1905AGADAE,,5.8,5.6,6,Passed,6.8
SU2023,SU2023-class 1,2,1905AHBHCC,,3.8,6.6,5.9,Passed,7.1
SU2023,SU2023-class 1,3,1905AGJCHD,,0,0,0,Attendance Fail,0
SU2023,SU2023-class 1,4,1905AEJDAI,,3.5,8.6,6.3,Passed,6.1
SU2023,SU2023-class 1,5,1905AGJEHH,,7,7.8,7.6,Passed,8
SU2023,SU2023-class 1,6,1905AHJJAH,,5.8,7.2,7.1,Passed,8.3
SU2023,SU2023-class 1,7,1905AHBDAI,,6.8,8.8,7.8,Passed,7.6
SU2023,SU2023-class 1,8,1905AGJEDF,,0,0,0,Attendance Fail,0
SU2023,SU2023-class 1,9,1905AGAJEB,,4.5,7.2,6.3,Passed,6.9
SU2023,SU2023-class 1,10,1905AGAIDD,,6,7.2,6.8,Passed,7.1
SU2023,SU2023-class 1,11,1905AGADJA,,6.3,9.2,7.8,Passed,7.5
SU2023,SU2023-class 1,12,1905AHBGAA,,6,7.4,7.4,Passed,8.8
SU2023,SU2023-class 1,13,1905AHBGDI,,4.5,4.2,5.2,Passed,7.3
SU2023,SU2023-class 1,14,1905AGAEFB,,6,6.4,6.6,Passed,7.6
SU2023,SU2023-class 1,15,1905AGCJDD,,5.5,4.2,4.9,Not Passed,5.3
SU2023,SU2023-class 1,16,1919AHJFJA,,6.5,8.6,7.7,Passed,7.6
SU2023,SU2023-class 1,17,1905AGACDB,,7,5.8,6.7,Passed,7.8
SU2023,SU2023-class 1,18,1905AHCCDE,,6.8,9.4,8.1,Passed,7.8
SU2023,SU2023-class 1,19,1905ADJHFI,,5.5,7.8,7.2,Passed,8
SU2023,SU2023-class 1,20,1905AGAFBH,,5.5,5.2,5.8,Passed,6.8
SU2023,SU2023-class 1,21,1905AGJEFD,,7,9.8,7.1,Passed,3.8
SU2023,SU2023-class 1,22,1905AHBJGA,,2.3,4,4,Not Passed,5.9
SU2023,SU2023-class 1,23,1919AHADGH,,3,8.6,5.8,Passed,5
SU2023,SU2023-class 1,24,1905AGJEBB,,7.5,7.6,7.5,Passed,7.5
SU2023,SU2023-class 1,25,1905AGBCBA,,4.5,5.4,5.2,Passed,5.8
SU2023,SU2023-class 1,26,1905AGAJEI,,7.3,9.4,8.4,Passed,8.1
SU2023,SU2023-class 1,27,1905AGJJEE,,2.3,5.2,4.6,Not Passed,6.3
SU2023,SU2023-class 1,28,1905AFAEAC,,4.8,7.4,5.2,Passed,2.8
SU2023,SU2023-class 1,29,1905AGABBF,,0,0,0,Attendance Fail,0
SU2023,SU2023-class 1,30,1905AGJEJI,,5.8,7.2,6.7,Passed,7.1
SU2023,SU2023-class 1,31,1905AGACJI,,5.3,6,6.2,Passed,7.3
SU2023,SU2023-class 1,32,1919AEJAED,,0,0,0,Attendance Fail,0
SU2023,SU2023-class 1,33,1905AGADCG,,5.8,8.8,7.2,Passed,6.6
SU2023,SU2023-class 1,34,1905AGBHGF,,3.3,5.8,5.4,Passed,6.9
SU2023,SU2023-class 1,35,1905AGAEJF,,5.5,4.2,5.5,Passed,7.4
SU2023,SU2023-class 2,1,1905AHBEFA,,7.8,7.4,7.6,Passed,7.6
SU2023,SU2023-class 2,2,1905AGAHFJ,,6,5.2,5.9,Passed,6.8
SU2023,SU2023-class 2,3,1905AHBGJJ,,7.8,7.6,7.6,Passed,7.4
SU2023,SU2023-class 2,4,1905AGBIGJ,,7.5,5.6,6.6,Passed,7
SU2023,SU2023-class 2,5,1905AGAIEB,,8,7.2,7.9,Passed,8.9
SU2023,SU2023-class 2,6,1905AGCECG,,6,5.8,6.8,Passed,8.9
SU2023,SU2023-class 2,7,1905AGBEFC,,9.5,9.2,9.3,Passed,9.1
SU2023,SU2023-class 2,8,1905AGCACB,,8,9.2,8.6,Passed,8.4
SU2023,SU2023-class 2,9,1905AGBEBI,,10,9,9.4,Passed,9.4
SU2023,SU2023-class 2,10,1905AGCFEF,,8,5.2,6.6,Passed,7.1
SU2023,SU2023-class 2,11,1905AGAEII,,9,5.6,7.8,Passed,9.4
SU2023,SU2023-class 2,12,1905AGCGAD,,7,0,4.2,Not Passed,7.1
SU2023,SU2023-class 2,13,1905AHBGJH,,8.8,9.6,8.9,Passed,8
SU2023,SU2023-class 2,14,1905AHDFAG,,7.5,4.6,6.3,Passed,7.3
SU2023,SU2023-class 2,15,1905AGAGGC,,10,7.6,8.7,Passed,8.9
SU2023,SU2023-class 2,16,1905AGCDCD,,6.5,4.2,5.8,Passed,7.1
SU2023,SU2023-class 2,17,1905AGBCEF,,9,6.6,7.4,Passed,6.9
SU2023,SU2023-class 2,18,1905AGAGCC,,8,7.8,8.1,Passed,8.6
SU2023,SU2023-class 2,19,1905AGCECH,,7.5,6.4,7.3,Passed,8.4
SU2023,SU2023-class 2,20,1905AGAFHC,,0,0,0,Attendance Fail,0
SU2023,SU2023-class 2,21,1905AGAEIG,,7.5,6.4,7.1,Passed,7.8
SU2023,SU2023-class 2,22,1905AHCHFI,,8,8.4,8,Passed,7.6
SU2023,SU2023-class 2,23,1905AGJAHH,,7.5,7.8,8,Passed,8.6
SU2023,SU2023-class 2,24,1905ADJBJC,,9,8,8.6,Passed,9.1
SU2023,SU2023-class 2,25,1905AGBAIE,,10,8.8,9.3,Passed,9.4
SU2023,SU2023-class 2,26,1905AHBGJE,,8,7,7.8,Passed,8.6
SU2023,SU2023-class 2,27,1905AGBEBC,,10,8.2,8.9,Passed,8.6
SU2023,SU2023-class 2,28,1905AGBABF,,8,8.6,8.5,Passed,8.9
SU2023,SU2023-class 2,29,1905AGAGBJ,,9,5.8,7.5,Passed,8.1
SU2023,SU2023-class 2,30,1905AGCDFD,,8.8,9.6,9.2,Passed,9.1
SU2023,SU2023-class 2,31,1905AGCBIE,,8,7.2,7.6,Passed,7.9
SU2023,SU2023-class 2,32,1905AGJBAC,,9,9,8.9,Passed,8.6
SU2023,SU2023-class 2,33,1905AGAEHC,,9,8.6,8.2,Passed,7
SU2023,SU2023-class 2,34,1905AGCEIA,,8,6.6,7.6,Passed,8.6
SU2023,SU2023-class 2,35,1905AGJCDJ,,8.5,8.8,8.7,Passed,8.6
SU2023,SU2023-class 3,1,1905AHJJHC,,8.9,8.2,8.7,Passed,9.3
SU2023,SU2023-class 3,2,1905AHAEDF,,7.2,6.6,7.2,Passed,8
SU2023,SU2023-class 3,3,1905AHBDID,,6.1,6.8,6.6,Passed,6.8
SU2023,SU2023-class 3,4,1905AHJJID,,8.8,8,7.9,Passed,6.8
SU2023,SU2023-class 3,5,1905AHJJCI,,8,7.8,8.4,Passed,9.6
SU2023,SU2023-class 3,6,1905AHCADF,,6.2,6.8,7,Passed,8
SU2023,SU2023-class 3,7,1905AHAEEE,,9.1,7.8,8.7,Passed,9.4
SU2023,SU2023-class 3,8,1905AHAEBG,,9.5,9.2,8.5,Passed,6.5
SU2023,SU2023-class 3,9,1905AFJBEG,,2,0,1.5,Attendance Fail,3
SU2023,SU2023-class 3,10,1905AHBFEJ,,7.4,5.6,6.8,Passed,7.8
SU2023,SU2023-class 3,11,1905AHJCAA,,8.3,6.4,7.7,Passed,8.9
SU2023,SU2023-class 3,12,1905AGAGAE,,3.7,8.4,7.3,Passed,9.4
SU2023,SU2023-class 3,13,1905AHAHDB,,8.9,8,8.3,Passed,8.1
SU2023,SU2023-class 3,14,1905AHAHCG,,8.7,8.6,8.9,Passed,9.5
SU2023,SU2023-class 3,15,1905AHJGCF,,8.9,7.6,8.4,Passed,9
SU2023,SU2023-class 3,16,1905AHBBHD,,4.1,7,6.7,Passed,8.9
SU2023,SU2023-class 3,17,1905AHJJHG,,8.9,7.2,8.2,Passed,8.9
SU2023,SU2023-class 3,18,1905AHAIHC,,6.6,7.8,7.4,Passed,7.8
SU2023,SU2023-class 3,19,1905AHAFHG,,9.2,8.8,9.1,Passed,9.5
SU2023,SU2023-class 3,20,1905AFAHJA,,4.1,5.6,6.1,Passed,8.8
SU2023,SU2023-class 3,21,1905AHBDJB,,6.3,5.2,6.5,Passed,8.5
SU2023,SU2023-class 3,22,1905AGAABD,,9.2,8,8.3,Passed,7.9
SU2023,SU2023-class 3,23,1905AHEAJI,,8.4,8.8,7.8,Passed,5.9
SU2023,SU2023-class 3,24,1905AHAFJA,,8.7,7,7.7,Passed,7.8
SU2023,SU2023-class 3,25,1905AHBDCF,,7.3,7.6,7.2,Passed,6.5
SU2023,SU2023-class 3,26,1905AHBBAI,,9.2,10,9.6,Passed,9.4
SU2023,SU2023-class 3,27,1905AHBDAG,,9.1,9,9.2,Passed,9.6
SU2023,SU2023-class 3,28,1905AGJBCJ,,2,0,2,Attendance Fail,4.6
SU2023,SU2023-class 3,29,1905AGJBFJ,,1.5,6.8,4.9,Not Passed,5.9
SU2023,SU2023-class 3,30,1905AHJBJC,,7.1,9.4,8.6,Passed,9
SU2023,SU2023-class 3,31,1905AHJJJB,,0,0,0.7,Attendance Fail,2.3
SU2023,SU2023-class 3,32,1905AGJACF,,9.3,9.6,9.4,Passed,9.3
SU2023,SU2023-class 3,33,1905AHBDAB,,7,7.2,7.6,Passed,8.8
SU2023,SU2023-class 3,34,1905AGJEEH,,0,0,0,Attendance Fail,0
SU2023,SU2023-class 4,1,1905AHCCJA,,5.3,8.4,7.5,Passed,8.4
SU2023,SU2023-class 4,2,1905AHCAFE,,5.7,7.4,6.7,Passed,6.8
SU2023,SU2023-class 4,3,1905AHCCJB,,5,0,3.6,Not Passed,7
SU2023,SU2023-class 4,4,1905AHCBAJ,,7.5,9.2,8.5,Passed,8.8
SU2023,SU2023-class 4,5,1905AHDCHI,,6.2,6.4,6.4,Passed,6.6
SU2023,SU2023-class 4,6,1905AHCEFG,,6.5,5.8,6.7,Passed,8
SU2023,SU2023-class 4,7,1905AHCJII,,7.4,9,8.5,Passed,9.1
SU2023,SU2023-class 4,8,1905AHCJJE,,8.5,8.2,8.8,Passed,9.9
SU2023,SU2023-class 4,9,1905AHCBHJ,,6.5,7,6.7,Passed,6.4
SU2023,SU2023-class 4,10,1905AHCCGC,,7.5,5.6,7.1,Passed,8.6
SU2023,SU2023-class 4,11,1905AHBHCG,,7.2,5,6.6,Passed,8
SU2023,SU2023-class 4,12,1919AFJBJG,,0.2,0,0.9,Attendance Fail,2.9
SU2023,SU2023-class 4,13,1905AHBIJE,,7.5,9.6,8.9,Passed,9.5
SU2023,SU2023-class 4,14,1905AHCJBH,,8.6,7.8,7.7,Passed,6.8
SU2023,SU2023-class 4,15,1905AFAGJD,,0.7,0,0.8,Attendance Fail,1.9
SU2023,SU2023-class 4,16,1905AHCCHF,,6.8,6.2,5.7,Passed,4
SU2023,SU2023-class 4,17,1901AGJAIE,,5.2,8,6.8,Passed,7
SU2023,SU2023-class 4,18,1905AHCDHF,,6,7,7.1,Passed,8.4
SU2023,SU2023-class 4,19,1905AHBHHG,,7.6,9.2,8.6,Passed,9
SU2023,SU2023-class 4,20,1905AHCBBI,,5.9,7.6,6.9,Passed,7
SU2023,SU2023-class 4,21,1905AHCCDB,,3.7,7,6.4,Passed,8.4
SU2023,SU2023-class 4,22,1905AHBCCG,,7.3,7.4,7.5,Passed,7.8
SU2023,SU2023-class 4,23,1905AHJJJG,,7.4,8.8,8.5,Passed,9.1
SU2023,SU2023-class 4,24,1919AGJAEB,,5.6,7.8,7,Passed,7.3
SU2023,SU2023-class 4,25,1905AHCCGI,,0,0,0,Attendance Fail,0
SU2023,SU2023-class 4,26,1905AHCAEI,,6.4,6.4,5.8,Passed,4.5
SU2023,SU2023-class 4,27,1905AHCAGJ,,6.7,8.8,8,Passed,8.1
SU2023,SU2023-class 4,28,1905AHCJIB,,7.4,9.6,8.8,Passed,9.3
SU2023,SU2023-class 4,29,1905AHCJDB,,4,7.4,7,Passed,9.4
SU2023,SU2023-class 4,30,1905AHDHIG,,0,0,0.5,Attendance Fail,1.8
SU2023,SU2023-class 4,31,1905AHCBDI,,5.2,8.4,7,Passed,6.9
SU2023,SU2023-class 5,1,1905AHBDGA,,9,8,8.7,Passed,9.4
SU2023,SU2023-class 5,2,1905AHEJCD,,5.3,7.8,6.2,Passed,5.1
SU2023,SU2023-class 5,3,1905AHDAAG,,6.3,8.6,6.5,Passed,3.9
SU2023,SU2023-class 5,4,1905AHBEFG,,9,7.6,7.7,Passed,6.5
SU2023,SU2023-class 5,5,1905AHCHEA,,0,0,0,Attendance Fail,0
SU2023,SU2023-class 5,6,1905AHCEEH,,7.7,7.6,7.3,Passed,6.5
SU2023,SU2023-class 5,7,1905AHCIGC,,4,7.8,6.7,Passed,8.1
SU2023,SU2023-class 5,8,1905AHDHHC,,9.2,8.6,8.8,Passed,8.8
SU2023,SU2023-class 5,9,1905AHCIIE,,9.3,9.8,9.5,Passed,9.4
SU2023,SU2023-class 5,10,1905AHCEGI,,8.3,6.2,6.8,Passed,6.1
SU2023,SU2023-class 5,11,1905AHDCJB,,7.6,7.2,6.8,Passed,5.6
SU2023,SU2023-class 5,12,1905AHCJJJ,,4.2,8.4,6.7,Passed,6.9
SU2023,SU2023-class 5,13,1905AGCJJE,,0,0,1.1,Attendance Fail,3.8
SU2023,SU2023-class 5,14,1905AHCJJA,,7.9,7,7.9,Passed,9
SU2023,SU2023-class 5,15,1905AHDJFC,,9.3,6.6,8.2,Passed,9.1
SU2023,SU2023-class 5,16,1905AHDAJB,,8.2,4.8,6.8,Passed,8
SU2023,SU2023-class 5,17,1905AHDAEC,,0,0,0,Attendance Fail,0
SU2023,SU2023-class 5,18,1905AHDHJI,,6.9,6,5.4,Passed,3
SU2023,SU2023-class 5,19,1905AHEABJ,,7.2,5.2,6.6,Passed,7.9
SU2023,SU2023-class 5,20,1905AHCIFI,,9.2,7,7.4,Passed,6.1
SU2023,SU2023-class 5,21,1905AHDHHB,,8.7,9,8.1,Passed,6.4
SU2023,SU2023-class 5,22,1905AHDHHF,,0,0,0,Attendance Fail,0
SU2023,SU2023-class 5,23,1905AHCBBB,,4.9,6,6,Passed,7
SU2023,SU2023-class 5,24,1905AHCHCD,,3.9,8.6,7.5,Passed,9.5
SU2023,SU2023-class 5,25,1905AHCFCA,,6.4,9.2,8.3,Passed,9
SU2023,SU2023-class 5,26,1905AHCGDF,,8.5,6.8,7.4,Passed,7
SU2023,SU2023-class 5,27,1905AHDFDE,,7.4,5.6,6.9,Passed,8.1
SU2023,SU2023-class 5,28,1905AHDHEF,,7.1,4.6,6.7,Passed,9.1
SU2023,SU2023-class 5,29,1905AGBJCD,,8.9,8.6,8.8,Passed,9
SU2023,SU2023-class 5,30,1905AHCICG,,8,7.6,8.1,Passed,9
SU2023,SU2023-class 5,31,1905AHCGFI,,9.3,7.2,8.3,Passed,8.8
SU2023,SU2023-class 6,1,1905AHJJEJ,,8,4.4,6.9,Passed,9.1
SU2023,SU2023-class 6,2,1905AGJBAJ,,8.5,6.8,7.7,Passed,8.1
SU2023,SU2023-class 6,3,1905AGAJHB,,0,0,0,Attendance Fail,0
SU2023,SU2023-class 6,4,1905AHJJJI,,8,5.2,7,Passed,8.5
SU2023,SU2023-class 6,5,1905AHJJCH,,9,6.4,8,Passed,9
SU2023,SU2023-class 6,6,1905AHJBHC,,9.5,6.6,8.1,Passed,8.6
SU2023,SU2023-class 6,7,1905AGBJHG,,8.3,4.4,6.7,Passed,8.3
SU2023,SU2023-class 6,8,1905AGBHBB,,0,0,0,Attendance Fail,0
SU2023,SU2023-class 6,9,1905AGAEHF,,7,0,4.2,Not Passed,7.1
SU2023,SU2023-class 6,10,1905AHJCJJ,,8.5,5.8,7.5,Passed,8.8
SU2023,SU2023-class 6,11,1905AGCBIF,,7.5,7.8,7.5,Passed,7.1
SU2023,SU2023-class 6,12,1905AHDADB,,8.3,6.2,7.3,Passed,7.9
SU2023,SU2023-class 6,13,1905AGAFGC,,8.8,5,7.1,Passed,8.1
SU2023,SU2023-class 6,14,1705AHJJFH,,10,8.6,9.3,Passed,9.5
SU2023,SU2023-class 6,15,1905AGJCDH,,8,5.8,7.2,Passed,8.3
SU2023,SU2023-class 6,16,1905AGCEHJ,,0,0,0,Attendance Fail,0
SU2023,SU2023-class 6,17,1905AGBHCA,,9,5.4,7.2,Passed,7.8
SU2023,SU2023-class 6,18,1905AGCADC,,8.5,5.4,7.3,Passed,8.5
SU2023,SU2023-class 6,19,1905AHJACF,,8.8,6,7.5,Passed,8.3
SU2023,SU2023-class 6,20,1905AGBHII,,8.3,5,7,Passed,8.4
SU2023,SU2023-class 6,21,1705AHJJFB,,9,7.4,8.6,Passed,9.8
SU2023,SU2023-class 6,22,1905AGBCGG,,8,5.2,7,Passed,8.3
SU2023,SU2023-class 6,23,1905AGCDJF,,8.8,8.8,8.7,Passed,8.4
SU2023,SU2023-class 7,1,1905AHAHGJ,,2,7.4,6.4,Passed,9.5
SU2023,SU2023-class 7,2,1905AHBCFJ,,4,4,5.3,Passed,8.3
SU2023,SU2023-class 7,3,1905AHJFDB,,9,6,8.1,Passed,10
SU2023,SU2023-class 7,4,1905AHJFJG,,3.5,5,5.5,Passed,8.3
SU2023,SU2023-class 7,5,1905AHAGJA,,4.5,7,6.6,Passed,8.3
SU2023,SU2023-class 7,6,1905AHBDDJ,,2,5.4,4.3,Not Passed,5.3
SU2023,SU2023-class 7,7,1905AHAGDC,,4,6,6.4,Passed,9.3
SU2023,SU2023-class 7,8,1905AHJEBH,,6,6,6.5,Passed,7.8
SU2023,SU2023-class 7,9,1905AHBGCF,,3.5,5.4,5.5,Passed,7.8
SU2023,SU2023-class 7,10,1905AFAHHE,,3.5,0,2.7,Attendance Fail,5.5
SU2023,SU2023-class 7,11,1905AHBEBG,,3.5,6.2,5.5,Passed,6.5
SU2023,SU2023-class 7,12,1905AHBDGC,,3.5,4.8,5.1,Passed,7
SU2023,SU2023-class 7,13,1905AHJGEG,,5.5,4.4,5.8,Passed,8
SU2023,SU2023-class 7,14,1905AHDADJ,,6,8.2,7.4,Passed,7.8
SU2023,SU2023-class 7,15,1905AHAFIB,,5,7.2,6.7,Passed,7.8
SU2023,SU2023-class 7,16,1905AHJGAD,,3.5,7,6.5,Passed,8.8
SU2023,SU2023-class 7,17,1905AFAIJD,,0,0,0.8,Attendance Fail,2.8
SU2023,SU2023-class 7,18,1905AHAEHF,,4.5,6.6,6.2,Passed,7.3
SU2023,SU2023-class 7,19,1905AHAFFE,,7.5,7.8,8.2,Passed,9.5
SU2023,SU2023-class 7,20,1905AHBBEG,,9,9,9.1,Passed,9.3
SU2023,SU2023-class 7,21,1905AHJCBB,,7,7,7.7,Passed,9.3
SU2023,SU2023-class 7,22,1905AHAHCH,,5,9.2,7.6,Passed,8
SU2023,SU2023-class 7,23,1905AFBJBC,,7,4.8,6.6,Passed,8.8
SU2023,SU2023-class 7,24,1905AHBBDD,,4,6.2,5.6,Passed,6.3
SU2023,SU2023-class 7,25,1905AHJCFD,,4,5.6,6,Passed,8.5
SU2023,SU2023-class 7,26,1905AHBECC,,3.5,5.8,6,Passed,8.8
SU2023,SU2023-class 7,27,1905AHAEDA,,3.5,5.8,6.3,Passed,9.8
SU2023,SU2023-class 8,1,1905AHCEHA,,8.9,6.4,7.9,Passed,8.9
SU2023,SU2023-class 8,2,1905AHJAFA,,8.9,8,8.5,Passed,8.8
SU2023,SU2023-class 8,3,1905AHCDJC,,8.9,5.8,7.6,Passed,8.7
SU2023,SU2023-class 8,4,1905AHBIFA,,8.9,5.2,7.4,Passed,8.9
SU2023,SU2023-class 8,5,1905AHCJDD,,8.9,6,7.7,Passed,8.9
SU2023,SU2023-class 8,6,1905AHCEFD,,8.9,7.6,8.4,Passed,8.9
SU2023,SU2023-class 8,7,1905AHBHHI,,8.9,7.2,8.2,Passed,8.9
SU2023,SU2023-class 8,8,1905AHCCHI,,8.9,5.6,7.6,Passed,8.9
SU2023,SU2023-class 8,9,1905AHCABH,,8.9,0,5.3,Not Passed,8.9
SU2023,SU2023-class 8,10,1905AHBGGF,,8.7,7.8,8.3,Passed,8.7
SU2023,SU2023-class 8,11,1905AHBHEG,,8.7,9,8.9,Passed,8.9
SU2023,SU2023-class 8,12,1905AHCJJC,,8.7,7,8,Passed,8.7
SU2023,SU2023-class 8,13,1905AHCFII,,8.9,9.8,9.3,Passed,8.9
SU2023,SU2023-class 8,14,1905AHCIDE,,8.9,7.4,8.3,Passed,8.9
SU2023,SU2023-class 8,15,1905AHBHEE,,8.9,0,5.3,Not Passed,8.9
SU2023,SU2023-class 8,16,1905AHCGEA,,8.7,6.6,7.9,Passed,8.7
SU2023,SU2023-class 8,17,1905AHJJDC,,8.7,5.8,7.5,Passed,8.7
SU2023,SU2023-class 8,18,1905AHCADI,,8.7,6,7.7,Passed,8.9
SU2023,SU2023-class 8,19,1905AHCFIE,,8.7,8,8.4,Passed,8.7
SU2023,SU2023-class 8,20,1905AHCAIE,,8.9,7,8.1,Passed,8.9
SU2023,SU2023-class 8,21,1905AHCJEC,,8.9,7.8,8.5,Passed,8.9
SU2023,SU2023-class 8,22,1919AHJHFH,,8.9,9.6,9.2,Passed,8.8
SU2023,SU2023-class 8,23,1905AHCFDI,,8.7,6,7.6,Passed,8.7
SU2023,SU2023-class 8,24,1905AHCIBE,,8.7,0,5.2,Not Passed,8.7
SU2023,SU2023-class 8,25,1905AHDBBD,,8.9,9,8.9,Passed,8.9
SU2023,SU2023-class 8,26,1905AHCFBE,,8.6,5.8,7.5,Passed,8.6
SU2023,SU2023-class 8,27,1705AHJJDF,,8.9,9.4,9.1,Passed,8.9
SU2023,SU2023-class 8,28,1905AHJEHH,,8.9,5.4,7.5,Passed,8.8
SU2023,SU2023-class 8,29,1905AHCJDA,,8.9,6.6,8,Passed,8.9
SU2023,SU2023-class 8,30,1905AHCIAF,,8.9,8,8.5,Passed,8.8
SU2023,SU2023-class 8,31,1905AHCDAC,,8.9,5.8,7.7,Passed,8.9
SU2023,SU2023-class 8,32,1905AHCGDD,,8.9,4.4,7.1,Passed,8.8
SU2023,SU2023-class 8,33,1905AHCEBI,,8.9,4.6,7.2,Passed,8.9
SU2023,SU2023-class 8,34,1905AHCGGF,,8.9,5.8,7.6,Passed,8.8
SU2023,SU2023-class 9,1,1905AHDIED,,7.2,8.8,7.4,Passed,5.8
SU2023,SU2023-class 9,2,1905AHEAAJ,,8.6,6,6.9,Passed,6.4
SU2023,SU2023-class 9,3,1905AHDFHE,,9.3,9.2,9,Passed,8.5
SU2023,SU2023-class 9,4,1905AHDBHE,,3.3,4.4,3.8,Not Passed,3.5
SU2023,SU2023-class 9,5,1905AHDHCJ,,8.5,7.2,7.2,Passed,5.9
SU2023,SU2023-class 9,6,1905AHEJCH,,7.4,9,8.2,Passed,8
SU2023,SU2023-class 9,7,1905AHDBDC,,7.5,6,7,Passed,7.8
SU2023,SU2023-class 9,8,1905AHDFCC,,8.9,5.2,7.2,Passed,8.1
SU2023,SU2023-class 9,9,1905AHDDJF,,8.7,7.6,8.1,Passed,8.3
SU2023,SU2023-class 9,10,1905AHDJBG,,6.8,5.6,6.7,Passed,8.1
SU2023,SU2023-class 9,11,1905AHDJBF,,6.8,6.2,6.9,Passed,8
SU2023,SU2023-class 9,12,1905AHCBGH,,9.1,7.2,8.1,Passed,8.3
SU2023,SU2023-class 9,13,1905AHDEEF,,8.3,9,8.5,Passed,8.1
SU2023,SU2023-class 9,14,1905AHBFIE,,9.2,0,5.1,Not Passed,8
SU2023,SU2023-class 9,15,1905AHDBIJ,,7.2,7.6,7.6,Passed,8
SU2023,SU2023-class 9,16,1905AHDFIJ,,7.4,5.4,6.5,Passed,7
SU2023,SU2023-class 9,17,1905AHDFCA,,0,0,1.2,Not Passed,3.9
SU2023,SU2023-class 9,18,1905AHDGEG,,2.2,0,1.5,Attendance Fail,3
SU2023,SU2023-class 9,19,1905AHDIAE,,6.5,8,7.5,Passed,7.9
SU2023,SU2023-class 9,20,1905AHDCCE,,9.2,6,7.1,Passed,6.4
SU2023,SU2023-class 9,21,1905AHEJCI,,5.3,5,4.8,Not Passed,4
SU2023,SU2023-class 9,22,1905AHBGBG,,7.9,9,8.4,Passed,8
SU2023,SU2023-class 9,23,1905AHDEGB,,7.3,6.6,7.2,Passed,8
SU2023,SU2023-class 9,24,1905AHDJBC,,7.6,6.2,7,Passed,7.5
SU2023,SU2023-class 9,25,1905AHDDJH,,2.1,0,1.2,Attendance Fail,1.9
SU2023,SU2023-class 9,26,1905AHDCBE,,0,0,0,Attendance Fail,0
SU2023,SU2023-class 9,27,1905AHDFGJ,,0,0,0,Attendance Fail,0
SU2023,SU2023-class 9,28,1905AHDGBH,,8.6,7,7.8,Passed,8
SU2023,SU2023-class 10,1,1905AGJECG,,5.9,5.4,6.8,Passed,9.4
SU2023,SU2023-class 10,2,1905AHBBEA,,6.7,0,4.9,Attendance Fail,9.5
SU2023,SU2023-class 10,3,1905AGJEAH,,9,5,7.6,Passed,9.8
SU2023,SU2023-class 10,4,1905AGJAEJ,,9.2,8.2,8.9,Passed,9.7
SU2023,SU2023-class 10,5,1905AGJCEH,,7.1,0,4.8,Attendance Fail,9.1
SU2023,SU2023-class 10,6,1905AGJJFA,,8.8,7.4,8.5,Passed,9.6
SU2023,SU2023-class 10,7,1905AGAGEH,,9,4.4,7.3,Passed,9.5
SU2023,SU2023-class 10,8,1905AGJDEF,,9.1,8.4,9,Passed,9.7
SU2023,SU2023-class 10,9,1905AGJBHD,,0,0,0,Attendance Fail,0
SU2023,SU2023-class 10,10,1905AGJBFD,,6.9,6.8,7.6,Passed,9.3
SU2023,SU2023-class 10,11,1905AGJDAI,,8.9,4.2,7.3,Passed,9.7
SU2023,SU2023-class 10,12,1905AHJEJC,,9,9,9.2,Passed,9.8
SU2023,SU2023-class 10,13,1905AGJDEA,,8.9,8.2,8.9,Passed,10
SU2023,SU2023-class 10,14,1905AGJEHF,,9,6.2,8.2,Passed,10
SU2023,SU2023-class 10,15,1905AHBEAE,,0,0,0,Attendance Fail,0
SU2023,SU2023-class 10,16,1905AHCEIA,,8.9,7.2,8.3,Passed,9.1
SU2023,SU2023-class 10,17,1905AGJBAG,,9.2,6,8.1,Passed,9.7
SU2023,SU2023-class 10,18,1905AGJBCH,,5,5.8,6.7,Passed,9.7
SU2023,SU2023-class 10,19,1905AHCFDF,,6.8,5.2,6.9,Passed,9.5
SU2023,SU2023-class 11,1,1905AGAJCD,,4,4.4,5.2,Passed,7.4
SU2023,SU2023-class 11,2,1905AGABDI,,3.8,8.2,6.5,Passed,7.1
SU2023,SU2023-class 11,3,1905AGADJE,,0,0,0,Attendance Fail,0
SU2023,SU2023-class 11,4,1905AGADFC,,3,9.2,6.2,Passed,5.5
SU2023,SU2023-class 11,5,1905AGACJF,,3.8,5,5.3,Passed,7.4
SU2023,SU2023-class 11,6,1905AGAFBD,,0,4.4,1.8,Not Passed,0
SU2023,SU2023-class 11,7,1905AGAFAD,,0,0,0,Attendance Fail,0
SU2023,SU2023-class 11,8,1905AHBGFE,,0,6.6,2.6,Not Passed,0
SU2023,SU2023-class 11,9,1905AGACFA,,8.5,5,7,Passed,8.1
SU2023,SU2023-class 11,10,1905AHBGCA,,2.5,7.2,5.2,Passed,5.3
SU2023,SU2023-class 11,11,1905AHBGDD,,7.5,6.6,7.1,Passed,7.5
SU2023,SU2023-class 11,12,1905AGAAHD,,4,7,5.5,Passed,5
SU2023,SU2023-class 11,13,1905AGAEID,,3.8,6.8,5.9,Passed,6.8
SU2023,SU2023-class 11,14,1905AGABHI,,7.5,3.2,5.8,Not Passed,7.6
SU2023,SU2023-class 11,15,1905AGJDDC,,3,6.2,5.3,Passed,6.4
SU2023,SU2023-class 11,16,1905AHBGEJ,,8,9.2,8.5,Passed,8
SU2023,SU2023-class 11,17,1905AHBGEC,,3.8,6.8,6.1,Passed,7.5
SU2023,SU2023-class 11,18,1905AGADFA,,8.5,6.4,7.5,Passed,8
SU2023,SU2023-class 11,19,1905AGAFAI,,8,4,6.1,Passed,7.2
SU2023,SU2023-class 11,20,1905AGJAAA,,8.5,8.8,8.6,Passed,8.4
SU2023,SU2023-class 11,21,1905AGAGCE,,0,0,0,Not Passed,0
SU2023,SU2023-class 11,22,1905AHCDHE,,3.8,7.2,6.1,Passed,7.1
SU2023,SU2023-class 11,23,1905AGACEE,,3.9,6.4,5.3,Passed,5.3
SU2023,SU2023-class 11,24,1905AGAEIC,,0,0,0,Not Passed,0
SU2023,SU2023-class 11,25,1905AHBIDE,,7.5,5.4,6.8,Passed,8.1
SU2023,SU2023-class 12,1,1905AGBCAB,,8,9.4,8.2,Passed,6.9
SU2023,SU2023-class 12,2,1905AGBCBB,,8,0,2.4,Not Passed,0
SU2023,SU2023-class 12,3,1905AGAHJF,,7.9,5.4,6.1,Passed,5.1
SU2023,SU2023-class 12,4,1905AGAAHF,,9,8.2,8.7,Passed,9.3
SU2023,SU2023-class 12,5,1905AGBBGE,,7.9,6.4,7,Passed,6.8
SU2023,SU2023-class 12,6,1905AEABEI,,0,0,0,Attendance Fail,0
SU2023,SU2023-class 12,7,1905AGBEEJ,,7.9,3.4,5.8,Not Passed,7.1
SU2023,SU2023-class 12,8,1905AGBDCE,,7.9,7.2,7.5,Passed,7.4
SU2023,SU2023-class 12,9,1905AHBBIB,,8.2,7.8,7.8,Passed,7.5
SU2023,SU2023-class 12,10,1905AGBJID,,7.9,4.2,6.2,Passed,7
SU2023,SU2023-class 12,11,1905AGBDFB,,8.2,4.2,6.6,Passed,8.2
SU2023,SU2023-class 12,12,1905AHCFCF,,8.2,6,7,Passed,7.3
SU2023,SU2023-class 12,13,1905AGBCAF,,7.9,6.6,6.8,Passed,6.1
SU2023,SU2023-class 12,14,1905AGBAJB,,7.9,5.2,7,Passed,8.6
SU2023,SU2023-class 12,15,1905AHJDGD,,9.4,8.2,8.9,Passed,9.3
SU2023,SU2023-class 12,16,1905AGAHJG,,8.9,7.6,8.4,Passed,9
SU2023,SU2023-class 12,17,1905AGBFIB,,8.2,5.8,7,Passed,7.5
SU2023,SU2023-class 12,18,1905AGBAFB,,7.9,5.2,6.5,Passed,6.9
SU2023,SU2023-class 12,19,1905AGBACC,,8.8,7,8.1,Passed,9
SU2023,SU2023-class 12,20,1905AGAGFA,,8.2,5,6.6,Passed,7.3
SU2023,SU2023-class 12,21,1905AGBBFB,,7.9,4.6,6.6,Passed,7.9
SU2023,SU2023-class 12,22,1905AGAGDB,,7.9,5.8,7.1,Passed,7.9
SU2023,SU2023-class 12,23,1905AGBJCH,,8,9.4,8.5,Passed,7.8
SU2023,SU2023-class 12,24,1905AGAAHB,,8,4.4,6.6,Passed,8.2
SU2023,SU2023-class 12,25,1905AGCJJJ,,8.9,6,7.6,Passed,8.5
SU2023,SU2023-class 13,1,1905AGBEFG,,5.8,5.4,6.1,Passed,7.4
SU2023,SU2023-class 13,2,1905AHDEFI,,7,5.4,6.4,Passed,7.3
SU2023,SU2023-class 13,3,1905AHCFFA,,7.3,8.2,8.1,Passed,8.8
SU2023,SU2023-class 13,4,1905AGBFDJ,,7.8,8,7.7,Passed,7.1
SU2023,SU2023-class 13,5,1905AGBGJF,,7,7.2,7.4,Passed,8
SU2023,SU2023-class 13,6,1905AGBGJG,,7.5,4.2,6.2,Passed,7.5
SU2023,SU2023-class 13,7,1905AHCFFE,,7.8,6.4,7.2,Passed,7.9
SU2023,SU2023-class 13,8,1905AGBGCF,,7.8,7.2,7.6,Passed,7.9
SU2023,SU2023-class 13,9,1905AGBFGB,,6.8,7,7.2,Passed,7.8
SU2023,SU2023-class 13,10,1905AGAIJE,,7.8,7.4,7.8,Passed,8.5
SU2023,SU2023-class 13,11,1905AGBJDA,,7.5,4.8,6.3,Passed,7.3
SU2023,SU2023-class 13,12,1905AHDHDA,,8.3,9.6,8.8,Passed,8.4
SU2023,SU2023-class 13,13,1905AHJAJE,,7.3,8.8,8.2,Passed,8.4
SU2023,SU2023-class 13,14,1905AHDFHB,,5.5,9.6,7.2,Passed,5.8
SU2023,SU2023-class 13,15,1905AHDHDI,,8.5,7.2,7.9,Passed,8.1
SU2023,SU2023-class 13,16,1905AGBDIC,,6.8,4.6,6.3,Passed,8.1
SU2023,SU2023-class 13,17,1905AHCGAC,,8.3,4.6,6.8,Passed,8.3
SU2023,SU2023-class 13,18,1905AGCBFG,,1,0,0.6,Attendance Fail,1
SU2023,SU2023-class 13,19,1905AGBDAF,,5.5,0,3,Attendance Fail,4.6
SU2023,SU2023-class 13,20,1905AGBFHG,,7.8,6,6.9,Passed,7.4
SU2023,SU2023-class 13,21,1905AGBCIE,,7.8,4.2,6.3,Passed,7.5
SU2023,SU2023-class 13,22,1905AGBCCE,,8,8.4,8.3,Passed,8.6
SU2023,SU2023-class 13,23,1905AHDJBA,,5.3,5,5.8,Passed,7.5
SU2023,SU2023-class 13,24,1905AGBBCG,,8.5,9.4,8.7,Passed,8.1
SU2023,SU2023-class 13,25,1905AHCJHC,,7.5,7.6,7.9,Passed,8.8
SU2023,SU2023-class 13,26,1905AGBEFI,,7.3,0,4.2,Not Passed,6.9
SU2023,SU2023-class 13,27,1905AGBGHE,,7,3.6,5.8,Not Passed,7.4
SU2023,SU2023-class 13,28,1905AGBFHB,,1,0,0.6,Attendance Fail,1
SU2023,SU2023-class 13,29,1905AGJCGF,,7.3,8.2,7.9,Passed,8.1
SU2023,SU2023-class 13,30,1905AFAFBE,,5.3,5.2,5.6,Passed,6.5
SU2023,SU2023-class 14,1,1905AGCJFA,,7.8,6.8,7.6,Passed,8.5
SU2023,SU2023-class 14,2,1905AGBFIE,,8,5.2,7.1,Passed,8.9
SU2023,SU2023-class 14,3,1905AGCABG,,7.5,0,4.7,Is Susspended,8.1
SU2023,SU2023-class 14,4,1905AGJCCE,,7.5,4.8,6.7,Passed,8.5
SU2023,SU2023-class 14,5,1905AGCDJB,,9.3,8.8,9,Passed,9.1
SU2023,SU2023-class 14,6,1905AGCBEJ,,7.8,9.6,8.6,Passed,8.1
SU2023,SU2023-class 14,7,1905AGCBBF,,9,4.4,7.2,Passed,9
SU2023,SU2023-class 14,8,1905AGCCFG,,7.8,6.8,7.6,Passed,8.5
SU2023,SU2023-class 14,9,1905AGCBAI,,9,6.4,7.8,Passed,8.4
SU2023,SU2023-class 14,10,1905AGCCIJ,,7.8,7,7.8,Passed,8.8
SU2023,SU2023-class 14,11,1905AGAEDI,,7.5,4.8,6.8,Passed,8.8
SU2023,SU2023-class 14,12,1905AGBCHE,,7.5,4.2,6.4,Passed,8.1
SU2023,SU2023-class 14,13,1905AHCHDG,,9,5.4,7.6,Passed,9
SU2023,SU2023-class 14,14,1905AGJCAJ,,8.3,9,8.7,Passed,8.8
SU2023,SU2023-class 14,15,1905AGBDFG,,7.5,4.4,6.5,Passed,8.3
SU2023,SU2023-class 14,16,1905AGCACA,,7.5,7,7.5,Passed,8.3
SU2023,SU2023-class 14,17,1905AGBEJF,,7.8,5.8,7.3,Passed,8.9
SU2023,SU2023-class 14,18,1905AGCDBE,,9.3,5.8,7.9,Passed,9.3
SU2023,SU2023-class 14,19,1905AHJFFI,,10,9.4,9.6,Passed,9.5
SU2023,SU2023-class 14,20,1905AGAHIB,,0,0,0,Attendance Fail,0
SU2023,SU2023-class 14,21,1905AGCAEF,,7.8,6.2,7.2,Passed,8
SU2023,SU2023-class 14,22,1905AGCCJH,,9.3,8.4,8.7,Passed,8.6
SU2023,SU2023-class 14,23,1905AGAIHH,,7.5,9.2,8.6,Passed,8.9
SU2023,SU2023-class 14,24,1905AGCFGI,,8.8,5.8,7.6,Passed,8.9
SU2023,SU2023-class 14,25,1905AGJFJB,,8.3,5,7.1,Passed,8.8
SU2023,SU2023-class 14,26,1905AGCAHJ,,8,7.4,8,Passed,8.9
SU2023,SU2023-class 14,27,1905AGBIGI,,8.3,8.6,8.5,Passed,8.5
SU2023,SU2023-class 14,28,1905AGCCEF,,8,5.8,7.2,Passed,8.1
SU2023,SU2023-class 14,29,1905AGCDGC,,7.8,7.8,7.9,Passed,8.1
SU2023,SU2023-class 15,1,1905AHJJGD,,8.5,8.8,8.7,Passed,8.9
SU2023,SU2023-class 15,2,1905AHBGAB,,9,9.2,9,Passed,8.8
SU2023,SU2023-class 15,3,1905AHJAFI,,7.9,5.6,7.3,Passed,9
SU2023,SU2023-class 15,4,1905AHJADH,,0,0,0,Attendance Fail,0
SU2023,SU2023-class 15,5,1905AHJJFB,,9.3,9.4,9.3,Passed,9
SU2023,SU2023-class 15,6,1905AHJJGB,,7.6,5.8,7.2,Passed,8.6
SU2023,SU2023-class 15,7,1905AHBAFF,,9,8.6,8.8,Passed,9
SU2023,SU2023-class 15,8,1905AHJACG,,7.3,4,5.8,Passed,6.6
SU2023,SU2023-class 15,9,1905AHJJDB,,7.6,6.4,7.4,Passed,8.6
SU2023,SU2023-class 15,10,1905AHJAAA,,9,8.4,8.7,Passed,8.9
SU2023,SU2023-class 15,11,1905AHJAFH,,6.5,8.2,7.8,Passed,8.5
SU2023,SU2023-class 15,12,1905AHJJDI,,9,8,8.5,Passed,8.6
SU2023,SU2023-class 15,13,1905AHJABD,,8,5,6.8,Passed,8
SU2023,SU2023-class 15,14,1905AHJAEB,,3.3,5.4,5.1,Passed,6.5
SU2023,SU2023-class 15,15,1905AHJJEC,,6,0,3.1,Not Passed,4.4
SU2023,SU2023-class 15,16,1905AHJJFG,,9.1,9.4,9.2,Passed,9
SU2023,SU2023-class 15,17,1905AHJJDF,,8.4,7,8,Passed,9
SU2023,SU2023-class 15,18,1905AHJBEI,,8.9,7,8.2,Passed,9
SU2023,SU2023-class 15,19,1905AHJJFC,,5.7,0,3.6,Not Passed,6.5
SU2023,SU2023-class 15,20,1905AHJJFH,,7.7,5.2,7.2,Passed,9.3
SU2023,SU2023-class 15,21,1905AHJACI,,8.6,7.6,7.6,Passed,6.8
SU2023,SU2023-class 15,22,1905AHJAJC,,8.8,7.6,8.2,Passed,8.5
SU2023,SU2023-class 15,23,1905AHJAFF,,8.1,8,8.2,Passed,8.5
SU2023,SU2023-class 15,24,1905AHJJCC,,8.6,5.2,6.6,Passed,6.6
SU2023,SU2023-class 15,25,1905AHJAJJ,,7.1,7.6,7.6,Passed,8
SU2023,SU2023-class 15,26,1905AHJABH,,8.6,7.6,8.2,Passed,8.6
SU2023,SU2023-class 15,27,1905AHJJGE,,7.7,8.2,8.3,Passed,9
SU2023,SU2023-class 15,28,1905AHJEFB,,7.7,9.2,8.7,Passed,9
SU2023,SU2023-class 15,29,1905AHJACC,,4.5,6.2,6.3,Passed,8.3
SU2023,SU2023-class 15,30,1905AGCGJG,,8.4,6.6,7.8,Passed,8.9
SU2023,SU2023-class 15,31,1905AFAHBH,,0,0,0,Attendance Fail,0
SU2023,SU2023-class 15,32,1905AHJJJE,,8.9,8.8,8.7,Passed,8.5
SU2023,SU2023-class 15,33,1905AHJACJ,,9,9.4,9.1,Passed,8.9
SU2023,SU2023-class 15,34,1905AHJAII,,8.7,8.2,8.6,Passed,9
SU2023,SU2023-class 16,1,1905AHJCEG,,6,5.6,6.4,Passed,7.8
SU2023,SU2023-class 16,2,1905AHJAIG,,8.8,6.4,7.8,Passed,8.6
SU2023,SU2023-class 16,3,1905AHJBHB,,7,5.8,7,Passed,8.5
SU2023,SU2023-class 16,4,1905AHJCDH,,7.5,7,7.5,Passed,8
SU2023,SU2023-class 16,5,1905AHJBBA,,8,6.4,7.4,Passed,8
SU2023,SU2023-class 16,6,1905AHJJII,,7.8,9.4,8.7,Passed,8.9
SU2023,SU2023-class 16,7,1905AHJCDC,,5,5.6,5.7,Passed,6.5
SU2023,SU2023-class 16,8,1905AHJBDE,,8,7,7.6,Passed,8
SU2023,SU2023-class 16,9,1905AHJBGD,,8.3,6.8,7.9,Passed,9.1
SU2023,SU2023-class 16,10,1905AHJBIC,,8.3,9.2,8.9,Passed,9.1
SU2023,SU2023-class 16,11,1905AGADGJ,,8.5,5.2,7.4,Passed,9.3
SU2023,SU2023-class 16,12,1905AHJBJG,,8.5,5,7.2,Passed,8.8
SU2023,SU2023-class 16,13,1905AHJCBD,,6.8,7.2,7.3,Passed,7.9
SU2023,SU2023-class 16,14,1905AHJCAC,,6.8,9.2,7.9,Passed,7.4
SU2023,SU2023-class 16,15,1905AHJCBA,,6.8,7.4,7.4,Passed,8.1
SU2023,SU2023-class 16,16,1905AHJCJF,,1,0,0.6,Attendance Fail,1
SU2023,SU2023-class 16,17,1905AHJAGJ,,5.5,5.6,5.9,Passed,6.8
SU2023,SU2023-class 16,18,1905AHJBGB,,8,5.8,7.4,Passed,9
SU2023,SU2023-class 16,19,1905AHJAID,,6.5,8.6,7.6,Passed,7.3
SU2023,SU2023-class 16,20,1905AHJCCF,,7,4.2,6.2,Passed,8
SU2023,SU2023-class 16,21,1905AHJBIH,,3,5.6,4.9,Not Passed,5.8
SU2023,SU2023-class 16,22,1905AGBBCH,,8.8,9.2,9,Passed,8.9
SU2023,SU2023-class 16,23,1905AHJCBH,,8.8,7.8,8.6,Passed,9.4
SU2023,SU2023-class 16,24,1905AHJBJH,,8.3,6.4,7.7,Passed,8.9
SU2023,SU2023-class 16,25,1905AHJCDE,,8.3,7.8,8.3,Passed,9.1
SU2023,SU2023-class 16,26,1905AHDHFC,,5,6.8,6.2,Passed,6.8
SU2023,SU2023-class 16,27,1905AHJCBC,,8.5,7.4,8.1,Passed,8.8
SU2023,SU2023-class 16,28,1905AHJBAC,,8.3,6.6,7.8,Passed,8.9
SU2023,SU2023-class 16,29,1905AHJAGA,,8.3,7.4,8.2,Passed,9.1
SU2023,SU2023-class 16,30,1905AHJBFA,,8.3,8.4,8.6,Passed,9.1
SU2023,SU2023-class 16,31,1905AHJCCC,,8.8,7,8.2,Passed,9.1
SU2023,SU2023-class 16,32,1905AHJBBD,,8.8,6.6,8.1,Passed,9.4
SU2023,SU2023-class 16,33,1905AHJBAE,,8.5,6.8,8,Passed,9.3
SU2023,SU2023-class 16,34,1905AGCAEJ,,3,0,1.5,Attendance Fail,2
SU2023,SU2023-class 16,35,1905AHCDEC,,5,7.6,6.6,Passed,7
SU2023,SU2023-class 17,1,1905AHJDGB,,6.6,5.2,6.5,Passed,8.3
SU2023,SU2023-class 17,2,1905AHJDAA,,7.7,6,5.9,Passed,4.1
SU2023,SU2023-class 17,3,1905AHBHBA,,3.8,9.4,6.6,Passed,5.8
SU2023,SU2023-class 17,4,1905AHJDCG,,0,6.2,3.5,Not Passed,3.3
SU2023,SU2023-class 17,5,1905AHJDDI,,9,9,8.9,Passed,8.8
SU2023,SU2023-class 17,6,1905AHJCHE,,4,6.2,5.1,Passed,4.6
SU2023,SU2023-class 17,7,1905AHJDDJ,,8.1,7.8,7.8,Passed,7.4
SU2023,SU2023-class 17,8,1905AHJDBD,,8.1,7.4,7.8,Passed,8.1
SU2023,SU2023-class 17,9,1905AHJDBC,,6,6.4,6.2,Passed,6.3
SU2023,SU2023-class 17,10,1905AHJDBG,,6.8,7.2,7.5,Passed,8.6
SU2023,SU2023-class 17,11,1905AGBAHA,,7.9,5.8,7.1,Passed,8
SU2023,SU2023-class 17,12,1905AHJDCH,,8.1,7.2,6.6,Passed,4.3
SU2023,SU2023-class 17,13,1905AHJDCE,,8.7,8.6,8.6,Passed,8.5
SU2023,SU2023-class 17,14,1905AHJCFF,,8.6,7,8.1,Passed,9.3
SU2023,SU2023-class 17,15,1905AHJCFB,,7.8,7.6,7.8,Passed,8
SU2023,SU2023-class 17,16,1905AHJDGH,,8.3,6.2,6.9,Passed,6.4
SU2023,SU2023-class 17,17,1905AHBHBJ,,7.4,6.8,7,Passed,6.8
SU2023,SU2023-class 17,18,1905AHJDBH,,0,0,0,Attendance Fail,0
SU2023,SU2023-class 17,19,1905AHBHAI,,5.2,4.4,5.7,Passed,8
SU2023,SU2023-class 17,20,1905AHJCHC,,4.2,0,3.1,Attendance Fail,6.1
SU2023,SU2023-class 17,21,1905AHJDDD,,5.3,5.6,6.3,Passed,8.4
SU2023,SU2023-class 17,22,1905AHJDFA,,7.9,7.2,7.8,Passed,8.4
SU2023,SU2023-class 17,23,1905AHJCGE,,3.6,7.6,6,Passed,6.3
SU2023,SU2023-class 17,24,1905AHBDBF,,6.8,7.4,6.3,Passed,4.4
SU2023,SU2023-class 17,25,1905AHJDCJ,,5.2,7.2,6.7,Passed,7.5
SU2023,SU2023-class 17,26,1905AHJDFJ,,8,5.6,6.5,Passed,6.3
SU2023,SU2023-class 17,27,1905AHJCIG,,8.5,6.4,7.8,Passed,9.1
SU2023,SU2023-class 17,28,1905AHJDCF,,5.3,4.8,5.8,Passed,7.8
SU2023,SU2023-class 17,29,1905AHJCFG,,7.5,7,7.5,Passed,8.1
SU2023,SU2023-class 17,30,1905AHJDAI,,3.6,6.2,6.1,Passed,8.4
SU2023,SU2023-class 17,31,1905AHJCEI,,6.6,5.8,5.7,Passed,4.8
SU2023,SU2023-class 17,32,1905AHJDHA,,8.4,6.8,7.3,Passed,6.8
SU2023,SU2023-class 17,33,1905AHJCIB,,8.7,7.2,8.2,Passed,8.9
SU2023,SU2023-class 18,1,1905AHJFCE,,8,6.2,7.3,Passed,8
SU2023,SU2023-class 18,2,1905AHJEBD,,8,7.8,7.9,Passed,7.8
SU2023,SU2023-class 18,3,1905AHDEFJ,,8,7.2,7.9,Passed,8.8
SU2023,SU2023-class 18,4,1905AHJEAF,,8,7.4,7.9,Passed,8.7
SU2023,SU2023-class 18,5,1905AHJECE,,8,0,4.1,Attendance Fail,5.8
SU2023,SU2023-class 18,6,1905AHJFCH,,8.1,10,8.9,Passed,8.3
SU2023,SU2023-class 18,7,1905AHJEIH,,8,0,2.4,Attendance Fail,0
SU2023,SU2023-class 18,8,1905AHJEDD,,7.7,7.4,7.9,Passed,8.9
SU2023,SU2023-class 18,9,1905AHJEDI,,8,5,6.6,Passed,7.5
SU2023,SU2023-class 18,10,1905AHJEAE,,8,4.8,6.9,Passed,8.6
SU2023,SU2023-class 18,11,1905AHJEIA,,8,7,7.3,Passed,7.2
SU2023,SU2023-class 18,12,1905AHJEBF,,8,5.2,6.6,Passed,7
SU2023,SU2023-class 18,13,1905AHJEJJ,,8,5.4,6.8,Passed,7.4
SU2023,SU2023-class 18,14,1905AHJDIC,,8,0,2.4,Attendance Fail,0
SU2023,SU2023-class 18,15,1905AHJFBI,,8,6,6.8,Passed,6.6
SU2023,SU2023-class 18,16,1905AHJFCA,,8,8.8,8.5,Passed,8.8
SU2023,SU2023-class 18,17,1905AHJFJC,,8,5.4,6.9,Passed,8
SU2023,SU2023-class 18,18,1905AHDEEG,,8.1,6.2,7.3,Passed,8.1
SU2023,SU2023-class 18,19,1905AHJDHC,,8,8,7.9,Passed,7.6
SU2023,SU2023-class 18,20,1905AHJDHF,,9.1,9.8,9.1,Passed,8.3
SU2023,SU2023-class 18,21,1905AHJEAD,,8,5.2,6.5,Passed,6.9
SU2023,SU2023-class 18,22,1905AHJEDC,,8,4,6.3,Passed,7.5
SU2023,SU2023-class 18,23,1905AHJEHA,,8,7.8,7.9,Passed,7.9
SU2023,SU2023-class 18,24,1905AHJDIG,,8,5.6,6.9,Passed,7.6
SU2023,SU2023-class 18,25,1905AHJFAI,,8.6,7.6,8.2,Passed,8.7
SU2023,SU2023-class 18,26,1905AHJFDD,,8,7.4,7.9,Passed,8.5
SU2023,SU2023-class 18,27,1905AHJECA,,8,7.2,7.6,Passed,7.7
SU2023,SU2023-class 18,28,1905AHJFFD,,8.1,9.6,8.9,Passed,8.7
SU2023,SU2023-class 18,29,1905AHJEFD,,8.6,4.8,7.2,Passed,9
SU2023,SU2023-class 18,30,1905AHJDHH,,8,4.6,6.3,Passed,7.1
SU2023,SU2023-class 18,31,1905AHJFJJ,,9.1,8,8.2,Passed,7.8
SU2023,SU2023-class 18,32,1905AHJFAF,,0,0,0,Attendance Fail,0
SU2023,SU2023-class 18,33,1905AHJEGH,,0,0,0,Attendance Fail,0
SU2023,SU2023-class 18,34,1905AHJDHE,,8,5.8,6.9,Passed,7.3
SU2023,SU2023-class 19,1,1905AHAEBJ,,8.8,8.2,8.9,Passed,10
SU2023,SU2023-class 19,2,1905AHDAHF,,8.8,7.8,8.6,Passed,9.4
SU2023,SU2023-class 19,3,1905AHJGDE,,9.2,7.6,8.7,Passed,9.8
SU2023,SU2023-class 19,4,1905AHAECB,,9,8.4,9,Passed,10
SU2023,SU2023-class 19,5,1905AHJFID,,9,5,7.5,Passed,9.3
SU2023,SU2023-class 19,6,1905AHJGHG,,9.1,8.2,8.9,Passed,9.8
SU2023,SU2023-class 19,7,1905AHAEAE,,8.3,9.6,9.3,Passed,10
SU2023,SU2023-class 19,8,1905AHCDGD,,8.6,9.8,9.4,Passed,9.8
SU2023,SU2023-class 19,9,1905AHAEAC,,9.3,8.8,9.3,Passed,10
SU2023,SU2023-class 19,10,1905AHAEJH,,9,8.6,9.1,Passed,10
SU2023,SU2023-class 19,11,1905AHJFIF,,5,5.6,6.5,Passed,9.1
SU2023,SU2023-class 19,12,1905AHJGAG,,5.1,6.6,7,Passed,9.6
SU2023,SU2023-class 19,13,1905AHJGEH,,8.9,7.4,8.4,Passed,9.3
SU2023,SU2023-class 19,14,1905AHJGGH,,8.8,5,7.3,Passed,9
SU2023,SU2023-class 19,15,1905AHAEFC,,9.1,5.8,7.8,Passed,9.4
SU2023,SU2023-class 19,16,1905AHAEAB,,9.2,8.8,9.2,Passed,9.8
SU2023,SU2023-class 19,17,1905AHAECH,,8.7,5.2,7.7,Passed,10
SU2023,SU2023-class 19,18,1905AHAHAB,,9.1,8.6,9,Passed,9.4
SU2023,SU2023-class 19,19,1905AHAEBC,,8.8,6.4,8,Passed,9.3
SU2023,SU2023-class 19,20,1905AHAEJC,,8.6,6.6,8.2,Passed,10
SU2023,SU2023-class 19,21,1905AHJGJE,,9,5.6,7.7,Passed,9.4
SU2023,SU2023-class 19,22,1905AHAEAF,,8.2,7.8,8.6,Passed,10
SU2023,SU2023-class 19,23,1905AHAEDI,,8.7,8.6,9,Passed,10
SU2023,SU2023-class 19,24,1905AHAEEF,,9,8.8,9.2,Passed,9.8
SU2023,SU2023-class 19,25,1905AHCGHE,,8.7,7.4,8.4,Passed,9.4
SU2023,SU2023-class 19,26,1905AHAGGJ,,8.9,0,5.6,Not Passed,9.7
SU2023,SU2023-class 19,27,1905AGJEJG,,8.9,10,9.5,Passed,9.6
SU2023,SU2023-class 19,28,1905AHJGFF,,8.7,7.4,8.5,Passed,9.9
SU2023,SU2023-class 19,29,1905AHAECA,,8.8,8.2,8.9,Passed,10
SU2023,SU2023-class 19,30,1905AHJGBJ,,9,5.2,7.4,Passed,8.8
SU2023,SU2023-class 19,31,1905AHAEEI,,9.5,7,8.6,Passed,10
SU2023,SU2023-class 19,32,1905AHAEJE,,8.5,8.4,8.9,Passed,10
SU2023,SU2023-class 19,33,1905AHJFGB,,9.2,8.2,9,Passed,10
SU2023,SU2023-class 19,34,1905AHAEEA,,9,6.8,8.4,Passed,10
SU2023,SU2023-class 20,1,1905AHAGAJ,,9.5,6.2,8,Passed,9
SU2023,SU2023-class 20,2,1905AHAEHA,,9.3,4.8,7.5,Passed,9.3
SU2023,SU2023-class 20,3,1905AHAFID,,9.3,9,9.2,Passed,9.4
SU2023,SU2023-class 20,4,1905AHAGBD,,8.5,8.4,8.6,Passed,9.1
SU2023,SU2023-class 20,5,1905AHBHDJ,,8.3,6.8,7.9,Passed,9.1
SU2023,SU2023-class 20,6,1905AHAFHJ,,8.5,5,7.3,Passed,9
SU2023,SU2023-class 20,7,1905AHAEFG,,8,0,4.7,Not Passed,7.8
SU2023,SU2023-class 20,8,1905AHAFIG,,9.3,7.2,8.4,Passed,9.3
SU2023,SU2023-class 20,9,1905AHAEHE,,8.5,7.2,8.2,Passed,9.3
SU2023,SU2023-class 20,10,1905AHJFJI,,8.5,7.2,8.3,Passed,9.5
SU2023,SU2023-class 20,11,1905AHAGCD,,8.3,6.6,7.9,Passed,9.1
SU2023,SU2023-class 20,12,1905AHAFIJ,,10,9.4,9.6,Passed,9.5
SU2023,SU2023-class 20,13,1905AHAGDB,,10,8.4,9.1,Passed,9.3
SU2023,SU2023-class 20,14,1905AHAGCJ,,8.3,5.6,7.5,Passed,9.4
SU2023,SU2023-class 20,15,1905AHAFHI,,9.8,5.8,8.1,Passed,9.4
SU2023,SU2023-class 20,16,1905AHAFGD,,9.8,8,8.9,Passed,9.3
SU2023,SU2023-class 20,17,1905AHAFFB,,9,7.8,8.5,Passed,9
SU2023,SU2023-class 20,18,1905AHAFGC,,9.8,8,8.9,Passed,9.3
SU2023,SU2023-class 20,19,1905AHAFGB,,9.8,8.8,9.1,Passed,8.8
SU2023,SU2023-class 20,20,1905AHAEFE,,9.3,8.4,8.9,Passed,9.4
SU2023,SU2023-class 20,21,1905AHAGJF,,8.5,6.8,8,Passed,9.1
SU2023,SU2023-class 20,22,1905AHAGBF,,8.5,5,7.1,Passed,8.6
SU2023,SU2023-class 20,23,1905AHAGFG,,9.5,8.4,9.1,Passed,9.5
SU2023,SU2023-class 20,24,1905AHAFHH,,9.5,8.8,9.1,Passed,9.3
SU2023,SU2023-class 20,25,1905AHAEHG,,9.8,5.6,7.9,Passed,9.3
SU2023,SU2023-class 20,26,1905AHAGAG,,8.3,4,6.7,Passed,8.8
SU2023,SU2023-class 20,27,1905AHAEFH,,8.3,9.8,9.2,Passed,9.5
SU2023,SU2023-class 20,28,1905AHAFFC,,9.5,6.6,8.2,Passed,9.1
SU2023,SU2023-class 20,29,1905AHBBHF,,8.8,7.4,8,Passed,8
SU2023,SU2023-class 20,30,1905AHAGBI,,9.3,7.4,8.6,Passed,9.6
SU2023,SU2023-class 20,31,1905AHAEIG,,9.3,6.4,8.1,Passed,9.3
SU2023,SU2023-class 20,32,1905AHAGCE,,8.3,8.8,8.8,Passed,9.3
SU2023,SU2023-class 20,33,1905AHAFII,,9,6,7.8,Passed,9.1
SU2023,SU2023-class 20,34,1905AHAGDJ,,10,9.6,9.6,Passed,9.3
SU2023,SU2023-class 21,1,1905AHBGDC,,9,6.6,7.8,Passed,8.3
SU2023,SU2023-class 21,2,1905AHAHGD,,3.8,6.2,6,Passed,7.8
SU2023,SU2023-class 21,3,1905AHAHCB,,3.5,6.2,5.9,Passed,7.8
SU2023,SU2023-class 21,4,1905AHAHBI,,9,9.8,9.3,Passed,8.9
SU2023,SU2023-class 21,5,1905AHAEIE,,3,5.8,5.7,Passed,8.2
SU2023,SU2023-class 21,6,1905AHAIDB,,3.5,7,6,Passed,7.1
SU2023,SU2023-class 21,7,1905AHAGIJ,,9,7,8.1,Passed,8.6
SU2023,SU2023-class 21,8,1905AGJECB,,3.5,7.8,6.4,Passed,7.4
SU2023,SU2023-class 21,9,1905AHBIHI,,9,9.4,9.1,Passed,8.8
SU2023,SU2023-class 21,10,1905AHAGDI,,4,5.4,5.6,Passed,7.6
SU2023,SU2023-class 21,11,1905AHAIBD,,9,9.2,9.1,Passed,9.1
SU2023,SU2023-class 21,12,1905AHAIDC,,3.5,6,5.7,Passed,7.4
SU2023,SU2023-class 21,13,1905AHAHAC,,3.8,6,5.9,Passed,7.8
SU2023,SU2023-class 21,14,1905AHAGFD,,3.8,8.4,6.8,Passed,7.7
SU2023,SU2023-class 21,15,1905AHAHEC,,3.8,3.4,4.1,Not Passed,5.4
SU2023,SU2023-class 21,16,1905AHAICD,,3.5,6.4,6,Passed,7.9
SU2023,SU2023-class 21,17,1905AHAIDH,,2.5,5.6,5.1,Passed,7
SU2023,SU2023-class 21,18,1905AHAHEH,,9,8.2,8.7,Passed,8.9
SU2023,SU2023-class 21,19,1905AHAHDC,,3.5,8,6.6,Passed,7.8
SU2023,SU2023-class 21,20,1905AHAGED,,3.5,9.6,7.1,Passed,7.3
SU2023,SU2023-class 21,21,1905AHBGFC,,3.5,5.2,5.3,Passed,7.3
SU2023,SU2023-class 21,22,1905AHAHFI,,3.8,7.4,5.8,Passed,5.8
SU2023,SU2023-class 21,23,1905AHAGGB,,6.5,6,6.6,Passed,7.6
SU2023,SU2023-class 21,24,1905AHAHAF,,8.3,7.4,7.8,Passed,8
SU2023,SU2023-class 21,25,1905AHAHAE,,3.5,8.2,6.6,Passed,7.5
SU2023,SU2023-class 21,26,1905AHAHDJ,,3.5,5,5.4,Passed,7.8
SU2023,SU2023-class 21,27,1905AHAIBC,,9,9.6,9,Passed,8.3
SU2023,SU2023-class 21,28,1905AHAGFF,,3.8,7.4,6.4,Passed,7.8
SU2023,SU2023-class 21,29,1905AHAGGD,,3.9,4.8,5.4,Passed,7.8
SU2023,SU2023-class 21,30,1905AHAGEE,,3.5,6.6,5.8,Passed,7.1
SU2023,SU2023-class 21,31,1905AHAIBE,,3.8,6,5.9,Passed,8
SU2023,SU2023-class 21,32,1905AHAIAC,,0,0,0,Attendance Fail,0
SU2023,SU2023-class 21,33,1905AHAGHC,,3.9,7.4,6.5,Passed,8
SU2023,SU2023-class 21,34,1905AHAGGC,,7,5.6,6.7,Passed,7.8
SU2023,SU2023-class 22,1,1905AHBACF,,2.5,7.8,6,Passed,7
SU2023,SU2023-class 22,2,1905AHBBJI,,5.5,0,4.6,Not Passed,9.8
SU2023,SU2023-class 22,3,1905AHAIFI,,7,6.2,7.1,Passed,8.5
SU2023,SU2023-class 22,4,1905AHAICG,,6,9.4,8.6,Passed,10
SU2023,SU2023-class 22,5,1905AHAIHI,,7,9,8.6,Passed,9.5
SU2023,SU2023-class 22,6,1905AHAIGA,,5,6.2,6.8,Passed,9.5
SU2023,SU2023-class 22,7,1905AHBACC,,5,7.6,6.3,Passed,5.8
SU2023,SU2023-class 22,8,1905AHBJBJ,,2.5,5.2,4.9,Not Passed,7
SU2023,SU2023-class 22,9,1905AHBAAA,,5.5,7.4,7.2,Passed,8.8
SU2023,SU2023-class 22,10,1905AHBJGE,,5.5,6.8,7.4,Passed,10
SU2023,SU2023-class 22,11,1905AHBABF,,2.5,7.2,6.6,Passed,10
SU2023,SU2023-class 22,12,1905AHAIID,,2.5,0,3.4,Not Passed,8.8
SU2023,SU2023-class 22,13,1905AHAIIF,,0,0,0,Attendance Fail,0
SU2023,SU2023-class 22,14,1905AHBFGG,,2.5,5,4.8,Not Passed,6.8
SU2023,SU2023-class 22,15,1905AHBJGF,,2.5,6.6,5.7,Passed,7.8
SU2023,SU2023-class 22,16,1905AHBJHH,,2.5,8.6,7.2,Passed,10
SU2023,SU2023-class 22,17,1905AHAIEF,,4.5,6.8,6.6,Passed,8.5
SU2023,SU2023-class 22,18,1905AHDJIF,,5,8,7.6,Passed,9.5
SU2023,SU2023-class 22,19,1905AHBJGI,,0,7.2,5.4,Not Passed,8.3
SU2023,SU2023-class 22,20,1905AHBJIE,,2.5,4.2,5.1,Passed,9
SU2023,SU2023-class 22,21,1905AHBAAC,,6,4.6,6,Passed,8
SU2023,SU2023-class 22,22,1905AHDBGG,,7,9.2,8.8,Passed,10
SU2023,SU2023-class 22,23,1905AHDAFG,,9,8,8.7,Passed,9.3
SU2023,SU2023-class 22,24,1905AHAIHJ,,0,0,1.5,Attendance Fail,5
SU2023,SU2023-class 22,25,1905AHBAAD,,4.5,7.4,6.8,Passed,8.3
SU2023,SU2023-class 22,26,1905AHAIEB,,5.5,7,7.5,Passed,10
SU2023,SU2023-class 22,27,1905AHBJCG,,4.5,6.2,6.2,Passed,7.8
SU2023,SU2023-class 22,28,1905AHBJHE,,3,5.2,5.2,Passed,7.3
SU2023,SU2023-class 22,29,1905AHBJJE,,0,0,1.9,Not Passed,6.3
SU2023,SU2023-class 22,30,1905AHBAAF,,7,8.2,8,Passed,8.8
SU2023,SU2023-class 22,31,1905AHBJDI,,5.5,6.4,7.1,Passed,9.5
SU2023,SU2023-class 22,32,1905AHBJBH,,7,6.4,7.6,Passed,9.8
SU2023,SU2023-class 22,33,1905AHBJBG,,3,7,6.7,Passed,10
SU2023,SU2023-class 22,34,1905AHBABH,,3,4.2,4.4,Not Passed,6
SU2023,SU2023-class 23,1,1905AHBACH,,8.8,7,8.1,Passed,9
SU2023,SU2023-class 23,2,1905AHBADC,,7.5,7.2,7.3,Passed,7.4
SU2023,SU2023-class 23,3,1905AHBBJD,,6.5,5.6,6.7,Passed,8.4
SU2023,SU2023-class 23,4,1905AHBAGI,,8,6.6,7,Passed,6.5
SU2023,SU2023-class 23,5,1905AGBDGF,,0,0,0,Not Passed,0
SU2023,SU2023-class 23,6,1905AHBBHB,,9,6.8,7.7,Passed,7.8
SU2023,SU2023-class 23,7,1905AHBBCJ,,8.5,6.4,8,Passed,9.5
SU2023,SU2023-class 23,8,1905AHBGFF,,8.8,4.6,7,Passed,8.4
SU2023,SU2023-class 23,9,1905AHBBBG,,7.5,7.4,8,Passed,9.3
SU2023,SU2023-class 23,10,1905AHBAHD,,8.3,6.6,7.8,Passed,8.9
SU2023,SU2023-class 23,11,1905AHBGHI,,8.3,7.8,8,Passed,8.1
SU2023,SU2023-class 23,12,1905AHBAEB,,9.3,6.6,8.2,Passed,9.4
SU2023,SU2023-class 23,13,1905AHBAHH,,8.3,8,8.4,Passed,9.1
SU2023,SU2023-class 23,14,1905AHBAII,,8.3,6.4,7.7,Passed,9
SU2023,SU2023-class 23,15,1905AHBBHA,,9,9,9,Passed,8.9
SU2023,SU2023-class 23,16,1905AHBACG,,9,0,4.9,Not Passed,7.3
SU2023,SU2023-class 23,17,1905AHBBGD,,9,7.2,8.4,Passed,9.5
SU2023,SU2023-class 23,18,1905AHBCJJ,,8,5.2,7.2,Passed,9
SU2023,SU2023-class 23,19,1905AHBADG,,8.8,7.6,8.5,Passed,9.5
SU2023,SU2023-class 23,20,1905AHBGGH,,8,5.4,6.9,Passed,7.8
SU2023,SU2023-class 23,21,1905AHBBBA,,8.8,7.6,8.4,Passed,9.3
SU2023,SU2023-class 23,22,1905AHBGGD,,6.5,6.4,6.9,Passed,8
SU2023,SU2023-class 23,23,1905AHBADB,,7.8,8.2,8.2,Passed,8.6
SU2023,SU2023-class 23,24,1905AHBBIG,,9.5,9.2,9.1,Passed,8.5
SU2023,SU2023-class 23,25,1905AHBACI,,9,7.6,8.5,Passed,9.3
SU2023,SU2023-class 23,26,1905AHBBGG,,8.5,9,8.7,Passed,8.4
SU2023,SU2023-class 23,27,1905AHAHCC,,9.5,7,8.5,Passed,9.5
SU2023,SU2023-class 23,28,1905AHBCJB,,8.5,0,3.9,Not Passed,4.4
SU2023,SU2023-class 23,29,1905AHBAFB,,8,4.2,6.7,Passed,8.6
SU2023,SU2023-class 23,30,1905AHBBEE,,7.8,5,7,Passed,9
SU2023,SU2023-class 23,31,1905AHBGHJ,,8.5,8.4,8.5,Passed,8.6
SU2023,SU2023-class 24,1,1905AHBCDG,,6.5,7.8,8,Passed,9.6
SU2023,SU2023-class 24,2,1905AHBCBF,,9.3,5.2,7.7,Passed,9.4
SU2023,SU2023-class 24,3,1905AHBDJA,,9.2,7,8.3,Passed,9.2
SU2023,SU2023-class 24,4,1905AHBCFB,,4.8,6.4,6.9,Passed,9.6
SU2023,SU2023-class 24,5,1905AHBCFE,,9.1,8.8,9.2,Passed,10
SU2023,SU2023-class 24,6,1905AHAEAI,,9.1,8.6,9.2,Passed,10
SU2023,SU2023-class 24,7,1905AHBDEC,,9.2,6.4,8.2,Passed,9.8
SU2023,SU2023-class 24,8,1905AHBCAD,,9.1,7.4,8.4,Passed,9.1
SU2023,SU2023-class 24,9,1905AHBDBA,,6,5.4,6.8,Passed,9.6
SU2023,SU2023-class 24,10,1905AHBCBC,,8.9,6.4,8.2,Passed,9.8
SU2023,SU2023-class 24,11,1905AEJGGJ,,8.9,6.2,7.9,Passed,9.1
SU2023,SU2023-class 24,12,1905AHBCJC,,4.9,6.4,6.9,Passed,9.5
SU2023,SU2023-class 24,13,1905AHBCCD,,8.7,5.4,7.5,Passed,9.3
SU2023,SU2023-class 24,14,1905AHBDDH,,2.7,6,6.1,Passed,9.8
SU2023,SU2023-class 24,15,1905AHBCGG,,9.1,6.8,8.4,Passed,9.9
SU2023,SU2023-class 24,16,1905AHBCCA,,8.9,8.4,8.8,Passed,9.3
SU2023,SU2023-class 24,17,1905AHBCEC,,9.1,6.4,8.2,Passed,9.8
SU2023,SU2023-class 24,18,1905AHBCHF,,9.1,6,8.1,Passed,9.9
SU2023,SU2023-class 24,19,1905AHEJFA,,4.9,8.4,7.8,Passed,9.8
SU2023,SU2023-class 24,20,1905AHBDCB,,9.3,6,8.1,Passed,9.9
SU2023,SU2023-class 24,21,1905AHBCAF,,9.1,8,8.9,Passed,9.8
SU2023,SU2023-class 24,22,1905AHBCBI,,9.1,8.4,8.9,Passed,9.3
SU2023,SU2023-class 24,23,1905AHBCFH,,9,7.6,8.7,Passed,10
SU2023,SU2023-class 24,24,1905AHBCEA,,9.2,7.6,8.5,Passed,9.1
SU2023,SU2023-class 24,25,1905AHBCEJ,,9.2,6,8.1,Passed,10
SU2023,SU2023-class 24,26,1905AHBCED,,4.8,0,4.2,Attendance Fail,9.1
SU2023,SU2023-class 24,27,1905AHBCHH,,9,3.4,6.9,Not Passed,9.3
SU2023,SU2023-class 24,28,1905AHBDAF,,8.7,8,8.8,Passed,10
SU2023,SU2023-class 24,29,1905AHBDAD,,8.9,6,8,Passed,9.8
SU2023,SU2023-class 24,30,1905AHBCIJ,,5,6.4,7,Passed,9.7
SU2023,SU2023-class 24,31,1905AHBCFC,,8.6,9.8,9.5,Passed,10
SU2023,SU2023-class 24,32,1905AHBCAI,,9.1,9.8,9.6,Passed,9.9
SU2023,SU2023-class 24,33,1905AHBDCA,,9.1,7,8.5,Passed,10
SU2023,SU2023-class 24,34,1905AHBDDG,,8.9,4.4,7.2,Passed,9.1
SU2023,SU2023-class 24,35,1905AHBDDE,,9,7.6,8.7,Passed,9.8
SU2023,SU2023-class 25,1,1905AHBECA,,8.3,5.2,6.9,Passed,8
SU2023,SU2023-class 25,2,1905AHBEJG,,5.6,7.4,6.2,Passed,5.3
SU2023,SU2023-class 25,3,1905AHBEBJ,,6.3,4,5.3,Passed,6.1
SU2023,SU2023-class 25,4,1905AHBEBF,,8.3,6.6,7.5,Passed,8
SU2023,SU2023-class 25,5,1905AHBEBB,,8.3,7.6,7.9,Passed,8
SU2023,SU2023-class 25,6,1905AHBEAB,,6.8,5.2,6.1,Passed,6.5
SU2023,SU2023-class 25,7,1905AHBEAF,,8.6,5.6,7.3,Passed,8.3
SU2023,SU2023-class 25,8,1905AHBEDG,,7.5,8.4,7.8,Passed,7.2
SU2023,SU2023-class 25,9,1905AHBDGH,,6.1,4.6,5.4,Passed,5.8
SU2023,SU2023-class 25,10,1905AHBECH,,8.4,8,8.1,Passed,8.1
SU2023,SU2023-class 25,11,1905AHBECE,,6.7,5.2,6,Passed,6.5
SU2023,SU2023-class 25,12,1905AHBEBI,,9,7.8,8.4,Passed,8.7
SU2023,SU2023-class 25,13,1905AHBEEE,,9,7.2,8.2,Passed,8.7
SU2023,SU2023-class 25,14,1905AHBEBH,,6.2,6,6,Passed,5.9
SU2023,SU2023-class 25,15,1905AHBEEG,,8.9,8.8,8.7,Passed,8.6
SU2023,SU2023-class 25,16,1905AHBEED,,7.8,8,7.8,Passed,7.5
SU2023,SU2023-class 25,17,1905AHBDIB,,9,8.4,8.6,Passed,8.7
SU2023,SU2023-class 25,18,1905AHBEBD,,9.4,10,9.5,Passed,9.1
SU2023,SU2023-class 25,19,1905AHCAEC,,7.2,5.6,6.4,Passed,6.9
SU2023,SU2023-class 25,20,1905AHBECF,,7.9,9,8.2,Passed,7.6
SU2023,SU2023-class 25,21,1905AHBEFC,,5.7,7.8,6.4,Passed,5.4
SU2023,SU2023-class 25,22,1905AHBEJF,,7.5,8.6,7.8,Passed,7.2
SU2023,SU2023-class 25,23,1905AHBDFB,,7.2,5.8,6.5,Passed,6.9
SU2023,SU2023-class 25,24,1905AHBEDA,,8.7,7.8,8.2,Passed,8.4
SU2023,SU2023-class 25,25,1905AHBEDI,,8,8.2,8,Passed,7.7
SU2023,SU2023-class 25,26,1905AHBDEI,,4.4,0,2.5,Not Passed,4.1
SU2023,SU2023-class 25,27,1905AHBEJE,,7.5,8.2,7.7,Passed,7.3
SU2023,SU2023-class 25,28,1905AHJDIA,,7.9,9,8.2,Passed,7.6
SU2023,SU2023-class 25,29,1905AHBDIJ,,8.5,9.4,8.8,Passed,8.3
SU2023,SU2023-class 25,30,1905AGAHHG,,8,6,7.1,Passed,7.7
SU2023,SU2023-class 26,1,1905AHCFAA,,0,0,0,Attendance Fail,0
SU2023,SU2023-class 26,2,1905AHBFCD,,7,8.6,7.6,Passed,6.8
SU2023,SU2023-class 26,3,1905AHBFJD,,6,6.6,5.8,Passed,4.4
SU2023,SU2023-class 26,4,1905AHCACD,,7,8.4,7.6,Passed,7.3
SU2023,SU2023-class 26,5,1905AHBFDF,,7,8.4,7,Passed,5
SU2023,SU2023-class 26,6,1905AHBEIA,,0,0,0,Attendance Fail,0
SU2023,SU2023-class 26,7,1905AHBFAB,,6,7.8,6.8,Passed,6.3
SU2023,SU2023-class 26,8,1905AHBEHB,,7,10,8.5,Passed,8
SU2023,SU2023-class 26,9,1905AHBFHA,,8,5,6.7,Passed,7.5
SU2023,SU2023-class 26,10,1905AHBFDD,,7,5.6,6.1,Passed,6
SU2023,SU2023-class 26,11,1905AHDBFF,,7,7.2,6.4,Passed,4.8
SU2023,SU2023-class 26,12,1905AHBEGH,,8,9.2,8.5,Passed,8
SU2023,SU2023-class 26,13,1905AHBFHI,,8,6.2,7.3,Passed,8
SU2023,SU2023-class 26,14,1905AHBFHD,,8,6.6,7.4,Passed,8
SU2023,SU2023-class 26,15,1905AHBFBI,,7,8.4,7.4,Passed,6.5
SU2023,SU2023-class 26,16,1905AHBFDI,,8,4.6,6,Passed,5.8
SU2023,SU2023-class 26,17,1905AHBFDG,,0,4.4,2.4,Not Passed,2
SU2023,SU2023-class 26,18,1905AHBEID,,7,7.8,7.2,Passed,6.5
SU2023,SU2023-class 26,19,1905AGBBGB,,7,6,5.5,Passed,3.3
SU2023,SU2023-class 26,20,1905AHBFDA,,7,5.6,6.4,Passed,6.8
SU2023,SU2023-class 26,21,1905AHDFIF,,8,8.6,8.2,Passed,8
SU2023,SU2023-class 26,22,1905AHBFFF,,0,0,0.5,Not Passed,1.8
SU2023,SU2023-class 26,23,1905AHBFBG,,7,8.6,7.7,Passed,7.3
SU2023,SU2023-class 26,24,1905AHBEGC,,0,0,0.9,Not Passed,3
SU2023,SU2023-class 26,25,1905AHDFCI,,8,8.2,8.1,Passed,8
SU2023,SU2023-class 26,26,1905AHBFBE,,8,6.4,7.4,Passed,8
SU2023,SU2023-class 26,27,1905AHBFHE,,7,0,3.9,Not Passed,6
SU2023,SU2023-class 26,28,1905AHCEJI,,7,7.2,7.3,Passed,7.8
SU2023,SU2023-class 26,29,1905AHBEGI,,7,7.8,7.2,Passed,6.8
SU2023,SU2023-class 26,30,1905AHBEHC,,7,7.2,6,Passed,3.5
SU2023,SU2023-class 26,31,1905AHCDAJ,,8,6.8,7.5,Passed,8
SU2023,SU2023-class 26,32,1905AHBFIB,,8,10,8.8,Passed,8
SU2023,SU2023-class 26,33,1905AHBFJB,,8.8,9.4,8.8,Passed,8
SU2023,SU2023-class 26,34,1905AHBEIG,,7,6.6,6.1,Passed,4.5
SU2023,SU2023-class 27,1,1905AHBHIC,,8,0,5,Not Passed,8.8
SU2023,SU2023-class 27,2,1905AHBHID,,7.9,8.4,8.2,Passed,8.3
SU2023,SU2023-class 27,3,1905AHJBDD,,8.8,7.4,8.1,Passed,8.4
SU2023,SU2023-class 27,4,1905AHBIEE,,9.2,8.8,9.1,Passed,9.3
SU2023,SU2023-class 27,5,1905AHBIBG,,7.2,0,4,Attendance Fail,6.2
SU2023,SU2023-class 27,6,1905AHBIDB,,7,9.2,7.8,Passed,6.8
SU2023,SU2023-class 27,7,1905AHBHGC,,8.8,6.2,7.6,Passed,8.4
SU2023,SU2023-class 27,8,1905AHBHCI,,7,0,4,Not Passed,6.3
SU2023,SU2023-class 27,9,1905AHBIEH,,8.8,4.2,7.1,Passed,9.3
SU2023,SU2023-class 27,10,1905AHBHFD,,8.4,4.2,6.5,Passed,7.7
SU2023,SU2023-class 27,11,1905AHBHCE,,8.6,7.2,8.1,Passed,8.7
SU2023,SU2023-class 27,12,1905AHBIFJ,,9.4,4.6,7.4,Passed,9.2
SU2023,SU2023-class 27,13,1905AHBIAB,,9,7.6,8.5,Passed,9.1
SU2023,SU2023-class 27,14,1905AHBHHE,,7.8,5.2,7.1,Passed,9
SU2023,SU2023-class 27,15,1905AHBICE,,8.8,8.2,8.7,Passed,9.2
SU2023,SU2023-class 27,16,1905AHBICI,,9.8,6.8,8.3,Passed,8.7
SU2023,SU2023-class 27,17,1905AHBIJF,,7.4,7.8,7.8,Passed,8.3
SU2023,SU2023-class 27,18,1905AHBHGA,,7.8,6.4,7.4,Passed,8.5
SU2023,SU2023-class 27,19,1905AHAGFE,,8.4,7.6,7.9,Passed,7.9
SU2023,SU2023-class 27,20,1905AHBIFE,,7.6,6,6.6,Passed,6.5
SU2023,SU2023-class 27,21,1905AHBIJH,,8.4,8.2,8.5,Passed,9.1
SU2023,SU2023-class 27,22,1905AHBICB,,9.2,6.4,8.1,Passed,9.4
SU2023,SU2023-class 27,23,1905AHBIAI,,4.4,0,2.5,Attendance Fail,4
SU2023,SU2023-class 27,24,1905AHBHIE,,8.4,8.8,8.8,Passed,9.3
SU2023,SU2023-class 27,25,1905AHBHFE,,7.2,8,7.9,Passed,8.6
SU2023,SU2023-class 27,26,1905AHBHIB,,8.2,7.4,7.9,Passed,8.3
SU2023,SU2023-class 27,27,1905AHBIAF,,8.2,7.4,7.9,Passed,8.3
SU2023,SU2023-class 27,28,1905AHBIJC,,8.5,7,7.9,Passed,8.7
SU2023,SU2023-class 27,29,1905AHBICC,,8.8,8.2,8.7,Passed,9.4
SU2023,SU2023-class 27,30,1905AHBHFI,,9.3,9.2,9.2,Passed,9.2
SU2023,SU2023-class 27,31,1905AHBHBI,,8.2,5.8,7.4,Passed,8.6
SU2023,SU2023-class 28,1,1905AHCGBC,,4.8,5.2,4.8,Not Passed,4.3
SU2023,SU2023-class 28,2,1905AHCJBD,,6.6,8.6,7.2,Passed,6.1
SU2023,SU2023-class 28,3,1905AHBIGH,,6.8,5,5.9,Passed,6.3
SU2023,SU2023-class 28,4,1905AHBIHG,,5.3,6.6,5.7,Passed,4.8
SU2023,SU2023-class 28,5,1905AHBIHD,,7.5,5.6,6.6,Passed,7.1
SU2023,SU2023-class 28,6,1905AHCJEI,,5.2,6.2,5.4,Passed,4.7
SU2023,SU2023-class 28,7,1905AHCJDC,,4.9,6.2,5.3,Passed,4.4
SU2023,SU2023-class 28,8,1905AHCJCG,,6.1,6.4,6.1,Passed,5.7
SU2023,SU2023-class 28,9,1905AHCJAJ,,5.5,6.4,5.7,Passed,5
SU2023,SU2023-class 28,10,1905AHCJFI,,6.3,8.2,6.9,Passed,5.8
SU2023,SU2023-class 28,11,1905AHBIIE,,8.6,9,8.6,Passed,8.1
SU2023,SU2023-class 28,12,1905AHCJFE,,6.6,8.2,7.1,Passed,6.2
SU2023,SU2023-class 28,13,1905AHCJJD,,8.6,8,8.2,Passed,8.1
SU2023,SU2023-class 28,14,1905AHBIGG,,0,0,0,Attendance Fail,0
SU2023,SU2023-class 28,15,1905AHCJAF,,6,5.6,5.7,Passed,5.5
SU2023,SU2023-class 28,16,1905AHCJIF,,8.1,9.4,8.5,Passed,7.6
SU2023,SU2023-class 28,17,1905AHBIHA,,8.9,8.8,8.7,Passed,8.4
SU2023,SU2023-class 28,18,1905AHCJHJ,,5.9,7.4,6.4,Passed,5.5
SU2023,SU2023-class 28,19,1905AHCJDJ,,3.4,0,1.9,Not Passed,2.9
SU2023,SU2023-class 28,20,1905AHCJAH,,7.4,5.4,6.4,Passed,6.9
SU2023,SU2023-class 28,21,1905AHCJCD,,6.4,6.8,6.4,Passed,6
SU2023,SU2023-class 28,22,1905AHCJJH,,8.2,7.6,7.8,Passed,7.8
SU2023,SU2023-class 28,23,1905AHCJDG,,4.9,6,5.2,Passed,4.4
SU2023,SU2023-class 28,24,1905AHCJDH,,8.1,5.4,6.9,Passed,7.6
SU2023,SU2023-class 28,25,1905AHCJGG,,6,5.8,5.8,Passed,5.5
SU2023,SU2023-class 28,26,1905AHBIIH,,6.5,5.6,6,Passed,6
SU2023,SU2023-class 28,27,1905AHBFJE,,7,4.6,5.9,Passed,6.5
SU2023,SU2023-class 28,28,1905AHBIFI,,8.7,6.6,7.7,Passed,8.2
SU2023,SU2023-class 28,29,1905AHCJCA,,6.5,8.4,7.1,Passed,6
SU2023,SU2023-class 28,30,1905AHCJCC,,7.4,7.8,7.4,Passed,6.9
SU2023,SU2023-class 28,31,1905AHBIGD,,5.7,7.6,6.3,Passed,5.2
SU2023,SU2023-class 28,32,1905AHBIHJ,,7.2,6.8,6.9,Passed,6.7
SU2023,SU2023-class 29,1,1905AHCBJJ,,9,7.8,8.5,Passed,8.9
SU2023,SU2023-class 29,2,1905AHCAJJ,,8.6,0,5.3,Not Passed,8.9
SU2023,SU2023-class 29,3,1905AHCAGB,,9,8.6,8.7,Passed,8.5
SU2023,SU2023-class 29,4,1905AHCAHE,,9.5,9,9,Passed,8.6
SU2023,SU2023-class 29,5,1905AHCADE,,9.5,8.8,9,Passed,8.8
SU2023,SU2023-class 29,6,1905AHCACH,,9.8,6.4,8.1,Passed,8.8
SU2023,SU2023-class 29,7,1905AHCBAG,,9.2,7.8,8.6,Passed,9.1
SU2023,SU2023-class 29,8,1905AHCDBD,,9.2,5,7.4,Passed,8.8
SU2023,SU2023-class 29,9,1905AHCBAD,,9,7.4,8.5,Passed,9.4
SU2023,SU2023-class 29,10,1905AHCAFD,,9.5,7.6,8.7,Passed,9.4
SU2023,SU2023-class 29,11,1905AHCAID,,9,8,8.7,Passed,9.3
SU2023,SU2023-class 29,12,1905AHCJID,,8.6,6.2,7.7,Passed,8.8
SU2023,SU2023-class 29,13,1905AHCAHB,,0,0,0,Attendance Fail,0
SU2023,SU2023-class 29,14,1905AHCAAA,,9.1,4.8,7.3,Passed,8.7
SU2023,SU2023-class 29,15,1905AHCACC,,8.8,5.8,7.7,Passed,9
SU2023,SU2023-class 29,16,1905AHCAIG,,8.6,4.4,7.2,Passed,9.4
SU2023,SU2023-class 29,17,1905AHCAAE,,9.2,6,7.9,Passed,9
SU2023,SU2023-class 29,18,1905AHCACJ,,8.8,6.8,8.1,Passed,9.1
SU2023,SU2023-class 29,19,1905AHBBIJ,,9,9.6,9.2,Passed,8.9
SU2023,SU2023-class 29,20,1905AHCJHH,,8.2,7,7.9,Passed,8.7
SU2023,SU2023-class 29,21,1905AHCAAI,,8.4,7.4,7.6,Passed,7
SU2023,SU2023-class 29,22,1905AHCJHF,,8.2,8,8,Passed,7.7
SU2023,SU2023-class 29,23,1905AHCAHH,,9.1,8.8,8.9,Passed,9
SU2023,SU2023-class 29,24,1905AHCBJE,,8.4,9.6,9,Passed,8.9
SU2023,SU2023-class 29,25,1905AHCAFH,,0,0,0,Attendance Fail,0
SU2023,SU2023-class 29,26,1905AHCADC,,9,7,8.2,Passed,8.9
SU2023,SU2023-class 29,27,1905AHCAGA,,9.1,8,8.6,Passed,8.8
SU2023,SU2023-class 29,28,1905AHCAJD,,9.1,8.6,8.8,Passed,8.8
SU2023,SU2023-class 29,29,1905AHCAGI,,9.1,7.4,8.4,Passed,9
SU2023,SU2023-class 29,30,1905AHCACA,,9,0,5.4,Not Passed,9.1
SU2023,SU2023-class 29,31,1905AHCHHH,,9.4,8,8.8,Passed,9.2
SU2023,SU2023-class 29,32,1905AHDBIC,,9.2,8,8.8,Passed,9.4
SU2023,SU2023-class 30,1,1905AHCBGB,,8.5,6.8,7.4,Passed,7
SU2023,SU2023-class 30,2,1905AHCBCC,,9.5,7.2,8.4,Passed,9
SU2023,SU2023-class 30,3,1905AHCBGE,,8.8,7,7.8,Passed,8
SU2023,SU2023-class 30,4,1905AHCBEH,,9,6.2,7.7,Passed,8.5
SU2023,SU2023-class 30,5,1905AHCCGF,,0,0,0,Attendance Fail,0
SU2023,SU2023-class 30,6,1905AHCBDH,,9.5,7,8.4,Passed,9
SU2023,SU2023-class 30,7,1905AHCCIB,,10,7.8,8.8,Passed,9
SU2023,SU2023-class 30,8,1905AGJJFJ,,8,6,7.4,Passed,8.8
SU2023,SU2023-class 30,9,1905AHCBFA,,9,7,8.1,Passed,8.5
SU2023,SU2023-class 30,10,1905AHCCBD,,8,4,6.6,Passed,8.8
SU2023,SU2023-class 30,11,1905AHCCJH,,9.5,9,9.2,Passed,9
SU2023,SU2023-class 30,12,1905AHCBFD,,10,6,7.5,Passed,7
SU2023,SU2023-class 30,13,1905AHCBHB,,8,6.6,7.6,Passed,8.5
SU2023,SU2023-class 30,14,1905AHDDFC,,9,6.2,7.8,Passed,8.8
SU2023,SU2023-class 30,15,1905AHCCCA,,9,6,7.7,Passed,8.8
SU2023,SU2023-class 30,16,1905AHCCEH,,10,9,9.3,Passed,9
SU2023,SU2023-class 30,17,1905AHCCIG,,10,9.6,9.5,Passed,9
SU2023,SU2023-class 30,18,1905AHCBBG,,8.8,5.2,6.9,Passed,7.3
SU2023,SU2023-class 30,19,1905AHCCCB,,8,5.6,7.3,Passed,8.8
SU2023,SU2023-class 30,20,1905AHCBIE,,9.5,8.2,8.5,Passed,8
SU2023,SU2023-class 30,21,1905AHCCAE,,8,6,7.4,Passed,8.8
SU2023,SU2023-class 30,22,1905AHCCBC,,8,4.6,6.9,Passed,9
SU2023,SU2023-class 30,23,1905AHCBDC,,10,8.8,9.2,Passed,9
SU2023,SU2023-class 30,24,1905AHCBHC,,10,4.8,7.5,Passed,8.8
SU2023,SU2023-class 30,25,1905AHCCIJ,,8,7,7.5,Passed,7.5
SU2023,SU2023-class 30,26,1905AHCBFI,,8,5.2,7,Passed,8.5
SU2023,SU2023-class 30,27,1905AHCCAD,,10,9,9.3,Passed,9
SU2023,SU2023-class 30,28,1905AHCBCB,,8,9.4,8.3,Passed,7
SU2023,SU2023-class 30,29,1905AHCBFB,,8.5,4.8,6.7,Passed,7.5
SU2023,SU2023-class 30,30,1905AHCDJJ,,8,4.2,6.6,Passed,8.5
SU2023,SU2023-class 30,31,1905AHCDJB,,10,8.4,9,Passed,8.8
SU2023,SU2023-class 30,32,1905AHCBEB,,9,5.6,7.1,Passed,7.3
SU2023,SU2023-class 30,33,1905AHCDJD,,8,7.2,7.8,Passed,8.3
SU2023,SU2023-class 30,34,1905AHCBCD,,8.8,9.4,8.8,Passed,8
SU2023,SU2023-class 31,1,1905AHCDCF,,7.5,6.2,7.2,Passed,8.4
SU2023,SU2023-class 31,2,1905AHEJFD,,4.3,0,2,Attendance Fail,2.5
SU2023,SU2023-class 31,3,1905AHCEJD,,8,8.2,8.3,Passed,8.9
SU2023,SU2023-class 31,4,1905AHAFHC,,7.3,7.2,7.6,Passed,8.4
SU2023,SU2023-class 31,5,1905AHCDEJ,,8,5.8,7.4,Passed,9
SU2023,SU2023-class 31,6,1905AHCDIG,,8,0,4.7,Not Passed,7.8
SU2023,SU2023-class 31,7,1905AHCABF,,7.5,6.4,7.2,Passed,8
SU2023,SU2023-class 31,8,1905AHCDBJ,,6,5.6,6,Passed,6.6
SU2023,SU2023-class 31,9,1905AHCDCC,,8.3,5.2,7.1,Passed,8.4
SU2023,SU2023-class 31,10,1905AHCDAG,,7.5,4.2,6.6,Passed,8.8
SU2023,SU2023-class 31,11,1905AHCDIH,,8.3,10,9.1,Passed,8.6
SU2023,SU2023-class 31,12,1905AHDJGG,,7,5,6.4,Passed,7.5
SU2023,SU2023-class 31,13,1905AHCDDB,,7.3,5.2,6.7,Passed,8
SU2023,SU2023-class 31,14,1905AHCDGJ,,1,0,0.6,Attendance Fail,1
SU2023,SU2023-class 31,15,1905AHCDGA,,7.5,8,7.9,Passed,8
SU2023,SU2023-class 31,16,1905AHCDBF,,7.8,5.6,7,Passed,8.1
SU2023,SU2023-class 31,17,1905AHCDIE,,7.5,5.2,6.7,Passed,7.9
SU2023,SU2023-class 31,18,1905AHCDGB,,7,7.2,7.4,Passed,8
SU2023,SU2023-class 31,19,1905AHCDFB,,5.5,4,5.5,Passed,7.4
SU2023,SU2023-class 31,20,1905AHCDFE,,8,6.6,7.6,Passed,8.5
SU2023,SU2023-class 31,21,1905AHCDDH,,7.5,7.8,7.5,Passed,7.1
SU2023,SU2023-class 31,22,1905AHCDHH,,8,8.2,8.2,Passed,8.4
SU2023,SU2023-class 31,23,1905AHAEFI,,5.3,6.6,5.9,Passed,5.8
SU2023,SU2023-class 31,24,1905AHCDDD,,8.3,8,8.3,Passed,8.9
SU2023,SU2023-class 31,25,1905AHCDGI,,7.5,6.4,7.4,Passed,8.5
SU2023,SU2023-class 31,26,1905AHCDFD,,7.5,7.2,7.8,Passed,9
SU2023,SU2023-class 31,27,1905AHCDID,,8,8.2,8.1,Passed,8.1
SU2023,SU2023-class 31,28,1905AHCDBH,,5.8,6.6,6.7,Passed,7.6
SU2023,SU2023-class 32,1,1905AHCEHC,,9,5.2,7.5,Passed,9
SU2023,SU2023-class 32,2,1905AHCFBB,,9,0,5.4,Not Passed,9
SU2023,SU2023-class 32,3,1905AHCEED,,9,8.2,8.7,Passed,9
SU2023,SU2023-class 32,4,1905AHDBGJ,,9,7,8.2,Passed,9
SU2023,SU2023-class 32,5,1905AHCEIC,,9,6.8,8.1,Passed,9
SU2023,SU2023-class 32,6,1905AHDEFE,,9,8.2,8.7,Passed,9
SU2023,SU2023-class 32,7,1905AHCFJI,,9,5.8,7.7,Passed,9
SU2023,SU2023-class 32,8,1905AHCEJF,,9,4.8,7.3,Passed,9
SU2023,SU2023-class 32,9,1905AHCEBA,,9,7.4,8.3,Passed,9
SU2023,SU2023-class 32,10,1905AHCEBF,,9,7.6,8.4,Passed,9
SU2023,SU2023-class 32,11,1905AHCECA,,9,5.2,7.5,Passed,9
SU2023,SU2023-class 32,12,1905AHCECJ,,9,4.6,7.2,Passed,9
SU2023,SU2023-class 32,13,1905AHCEDJ,,9,7.2,8.3,Passed,9
SU2023,SU2023-class 32,14,1905AHCEEJ,,9,6.4,8,Passed,9
SU2023,SU2023-class 32,15,1905AHCEBB,,9,6.8,8.1,Passed,9
SU2023,SU2023-class 32,16,1905AHCEBC,,9,5.4,7.5,Passed,9
SU2023,SU2023-class 32,17,1905AHCFAF,,9,6.8,8.1,Passed,9
SU2023,SU2023-class 32,18,1905AHCEAD,,9,5.8,7.7,Passed,9
SU2023,SU2023-class 32,19,1905AHCEIF,,9,8.8,8.9,Passed,9
SU2023,SU2023-class 32,20,1905AHCFJG,,9,6.4,8,Passed,9
SU2023,SU2023-class 32,21,1905AHCEIH,,9,7.8,8.5,Passed,9
SU2023,SU2023-class 32,22,1905AHCEFE,,9,4.4,7.1,Passed,9
SU2023,SU2023-class 32,23,1905AHCEBD,,8.9,7.2,8.2,Passed,9
SU2023,SU2023-class 32,24,1905AHCEGB,,9,8.8,8.9,Passed,9
SU2023,SU2023-class 32,25,1905AHDIHJ,,9,6.2,7.9,Passed,9
SU2023,SU2023-class 32,26,1905AHCFJB,,9,8,8.6,Passed,9
SU2023,SU2023-class 32,27,1905AHCECD,,9,7.8,8.5,Passed,9
SU2023,SU2023-class 32,28,1905AHCEDE,,9,6.2,7.9,Passed,9
SU2023,SU2023-class 32,29,1905AHDHAC,,9,6.6,8,Passed,9
SU2023,SU2023-class 32,30,1905AHCFCH,,9,8.4,8.7,Passed,9
SU2023,SU2023-class 32,31,1905AHCFJC,,9,6.6,8,Passed,9
SU2023,SU2023-class 32,32,1905AHCEFF,,9,6.2,7.9,Passed,9
SU2023,SU2023-class 32,33,1905AHCIGE,,9,5.8,7.7,Passed,9
SU2023,SU2023-class 33,1,1905AHCGBI,,7.3,5,6.2,Passed,6.9
SU2023,SU2023-class 33,2,1905AHCGBG,,7.5,8.2,7.8,Passed,7.5
SU2023,SU2023-class 33,3,1905AHCFGC,,8.5,6.8,7.7,Passed,8.1
SU2023,SU2023-class 33,4,1905AHCGJD,,7.8,6.6,7.2,Passed,7.5
SU2023,SU2023-class 33,5,1905AHCFIH,,7.8,8.8,8.2,Passed,7.8
SU2023,SU2023-class 33,6,1905AHBGCH,,8,7.6,8,Passed,8.5
SU2023,SU2023-class 33,7,1905AHCGAD,,7.8,6.6,7.4,Passed,8.1
SU2023,SU2023-class 33,8,1905AHCFEE,,7.5,8.4,8.1,Passed,8.4
SU2023,SU2023-class 33,9,1905AHCGAG,,8,7.6,7.7,Passed,7.6
SU2023,SU2023-class 33,10,1905AHBHJA,,7.5,5.8,6.7,Passed,7.1
SU2023,SU2023-class 33,11,1905AHCFHD,,1,0,0.6,Attendance Fail,1
SU2023,SU2023-class 33,12,1905AHCGCD,,7.8,7.8,7.7,Passed,7.6
SU2023,SU2023-class 33,13,1905AHCGCE,,7,6,6.5,Passed,6.5
SU2023,SU2023-class 33,14,1905AHDEBJ,,8,5.8,7.1,Passed,7.9
SU2023,SU2023-class 33,15,0805AGIJAE,,7.8,8.4,8.4,Passed,9.1
SU2023,SU2023-class 33,16,1905AHCGJH,,5.3,6.4,5.6,Passed,5
SU2023,SU2023-class 33,17,1905AHCGJE,,8,7.2,7.8,Passed,8.3
SU2023,SU2023-class 33,18,1905AHCGBB,,8.3,9,8.8,Passed,9.1
SU2023,SU2023-class 33,19,1905AHBHJC,,7.5,5.2,6.7,Passed,8
SU2023,SU2023-class 33,20,1905AHCFDJ,,7.8,6.2,7,Passed,7.4
SU2023,SU2023-class 33,21,1905AHCGCB,,7.8,8.2,8.1,Passed,8.3
SU2023,SU2023-class 33,22,1905AHCHBI,,8,9.8,8.9,Passed,8.5
SU2023,SU2023-class 33,23,1905AHCFIC,,8.5,6,7.8,Passed,9.4
SU2023,SU2023-class 33,24,1905AHCFGJ,,7.8,4.2,6.5,Passed,8.3
SU2023,SU2023-class 33,25,1905AHCFGB,,8,7.4,7.5,Passed,7.3
SU2023,SU2023-class 33,26,1905AHCGJC,,7.8,6.6,7.5,Passed,8.4
SU2023,SU2023-class 33,27,1905AHCGCJ,,7.8,7.6,7.7,Passed,7.8
SU2023,SU2023-class 33,28,1905AHCGJG,,8,5.8,7,Passed,7.8
SU2023,SU2023-class 33,29,1905AHCFIA,,7.8,7.8,7.6,Passed,7.3
SU2023,SU2023-class 33,30,1905AHCGAI,,1,0,0.6,Attendance Fail,1
SU2023,SU2023-class 33,31,1905AHBHAC,,7.3,4.4,6.3,Passed,8
SU2023,SU2023-class 33,32,1905AHCGDJ,,6.8,6,6.4,Passed,6.6
SU2023,SU2023-class 34,1,1905AHCHAE,,7.4,5.8,6.6,Passed,7
SU2023,SU2023-class 34,2,1905AHCGFB,,7.3,6.6,6.9,Passed,7
SU2023,SU2023-class 34,3,1905AHCHGD,,7.7,6,6.5,Passed,6
SU2023,SU2023-class 34,4,1905AHDHAH,,3.5,6,5.6,Passed,7.3
SU2023,SU2023-class 34,5,1905AHCHDC,,5.6,7.4,7,Passed,7.8
SU2023,SU2023-class 34,6,1905AHCGFG,,7.2,4.4,6,Passed,7
SU2023,SU2023-class 34,7,1905AHCGFE,,7.7,6.6,7,Passed,7
SU2023,SU2023-class 34,8,1905AHCGEI,,5.7,7.4,6.8,Passed,7.1
SU2023,SU2023-class 34,9,1905AHCHAA,,8.7,7.8,7.8,Passed,7
SU2023,SU2023-class 34,10,1905AHCHCB,,8.3,7.4,7.9,Passed,8
SU2023,SU2023-class 34,11,1905AHCHJF,,7.2,6.8,7,Passed,7
SU2023,SU2023-class 34,12,1905AHCGDB,,5.7,6,6.4,Passed,7.8
SU2023,SU2023-class 34,13,1905AHCHAJ,,3.5,7.2,6,Passed,7
SU2023,SU2023-class 34,14,1905AHCHDB,,8.4,5,6.2,Passed,5.5
SU2023,SU2023-class 34,15,1905AHCHDE,,8.6,6,7.4,Passed,8
SU2023,SU2023-class 34,16,1905AHCHGC,,7.8,8.2,7.9,Passed,7.5
SU2023,SU2023-class 34,17,1905AGBCEE,,0,0,0,Attendance Fail,0
SU2023,SU2023-class 34,18,1905AHCHJB,,5.6,7.6,7,Passed,7.8
SU2023,SU2023-class 34,19,1905AHCHJA,,7.4,6.2,6.8,Passed,7
SU2023,SU2023-class 34,20,1905AHCHCI,,2.9,5.6,5.2,Passed,7
SU2023,SU2023-class 34,21,1905AHCHJE,,8,5.2,6.6,Passed,7
SU2023,SU2023-class 34,22,1905AHCGDI,,7.4,8.4,8,Passed,8
SU2023,SU2023-class 34,23,1905AHCHDF,,5.5,4.8,5.9,Passed,7.8
SU2023,SU2023-class 34,24,1905AHDBAD,,7.7,8.4,7.8,Passed,7
SU2023,SU2023-class 34,25,1905AHCFHJ,,4.7,6.8,6.1,Passed,6.6
SU2023,SU2023-class 34,26,1905AHCGII,,7.3,9.8,8.2,Passed,7
SU2023,SU2023-class 34,27,1905AHCGEB,,5.3,6.6,6.3,Passed,7
SU2023,SU2023-class 34,28,1905AHCGEE,,8.8,9,8.3,Passed,7
SU2023,SU2023-class 34,29,1905AHCGFH,,7.3,7.2,7.2,Passed,7
SU2023,SU2023-class 34,30,1905AHBABC,,6.1,6.4,6.5,Passed,7
SU2023,SU2023-class 34,31,1905AHCGFA,,5.1,7.6,6.3,Passed,5.8
SU2023,SU2023-class 34,32,1905AHCHBJ,,6.6,5,6.1,Passed,7
SU2023,SU2023-class 34,33,1905AHCHCF,,8.8,9.2,8.6,Passed,7.8
SU2023,SU2023-class 35,1,1905AHCIEB,,4,7.4,6.5,Passed,7.9
SU2023,SU2023-class 35,2,1905AHCHFA,,4,7,6.4,Passed,7.9
SU2023,SU2023-class 35,3,1905AHCICE,,3.8,6.8,6.3,Passed,8.1
SU2023,SU2023-class 35,4,1905AHCIBA,,4,4,5.2,Passed,7.9
SU2023,SU2023-class 35,5,1705AHJAIF,,3.5,6.6,6,Passed,7.6
SU2023,SU2023-class 35,6,1905AHCIJF,,0,3.8,1.5,Not Passed,0
SU2023,SU2023-class 35,7,1905AHCHIA,,3.5,7.4,6.1,Passed,7.1
SU2023,SU2023-class 35,8,1905AHCIJD,,4,7.6,6.5,Passed,7.5
SU2023,SU2023-class 35,9,1905AHCICD,,3.8,4.8,5.3,Passed,7.6
SU2023,SU2023-class 35,10,1905AHCIAI,,4,5.4,5.8,Passed,8.1
SU2023,SU2023-class 35,11,1905AHCIAB,,4,9.2,7.2,Passed,7.8
SU2023,SU2023-class 35,12,1905AHCHED,,4,8,7,Passed,8.7
SU2023,SU2023-class 35,13,1905AHCIEA,,3.8,5.6,5.7,Passed,7.6
SU2023,SU2023-class 35,14,1905AHCHHF,,3.5,4.8,5.2,Passed,7.4
SU2023,SU2023-class 35,15,1905AHCHIC,,4,5,5.7,Passed,8.4
SU2023,SU2023-class 35,16,1905AHCIAH,,4,5.8,6.1,Passed,8.5
SU2023,SU2023-class 35,17,1905AHCHII,,4,8,6.8,Passed,7.9
SU2023,SU2023-class 35,18,1905AHCHGF,,3.8,7.2,6.2,Passed,7.2
SU2023,SU2023-class 35,19,1905AHCGIC,,3.8,5.2,5.5,Passed,7.8
SU2023,SU2023-class 35,20,1905AHCHEJ,,4,8.6,6.9,Passed,7.6
SU2023,SU2023-class 35,21,1705AHJAFC,,4,5.6,5.7,Passed,7.6
SU2023,SU2023-class 35,22,1905AHCIAA,,3.7,6.4,5.9,Passed,7.5
SU2023,SU2023-class 35,23,1905AHBDDC,,0,0,0,Attendance Fail,0
SU2023,SU2023-class 35,24,1905AHCHEI,,4,6.2,6.2,Passed,8.4
SU2023,SU2023-class 35,25,1905AHDGCB,,4,8,6.7,Passed,7.8
SU2023,SU2023-class 35,26,1705AHJABA,,4,5.6,5.5,Passed,7
SU2023,SU2023-class 35,27,1905AHDEHC,,4,6.8,6.2,Passed,7.8
SU2023,SU2023-class 35,28,1905AHCHFH,,4,6.4,6.2,Passed,8.3
SU2023,SU2023-class 35,29,1905AHCIBC,,7,6.4,7,Passed,7.9
SU2023,SU2023-class 35,30,1905AHCHIE,,4,6.8,6.2,Passed,7.8
SU2023,SU2023-class 35,31,1705AHJAGB,,4,7.8,6.5,Passed,7.4
SU2023,SU2023-class 35,32,1905AHCHIJ,,4,5,5.6,Passed,7.9
SU2023,SU2023-class 36,1,1905AHCIFC,,9,4.6,7.5,Passed,9.9
SU2023,SU2023-class 36,2,1905AHDJHJ,,9.2,7.2,8.2,Passed,8.6
SU2023,SU2023-class 36,3,1905AHCHHE,,9.1,7,8.2,Passed,9.1
SU2023,SU2023-class 36,4,1905AHCIFD,,9,5.2,7.7,Passed,9.9
SU2023,SU2023-class 36,5,1905AHDJGH,,9.2,8.4,8.9,Passed,9.3
SU2023,SU2023-class 36,6,1905AHDAJG,,9,9.2,9.1,Passed,9.2
SU2023,SU2023-class 36,7,1905AHDJCD,,9,6.2,7.6,Passed,8.3
SU2023,SU2023-class 36,8,1905AHCDJE,,5.1,5.8,6.5,Passed,8.8
SU2023,SU2023-class 36,9,1905AHDACA,,4.3,5.2,6,Passed,8.7
SU2023,SU2023-class 36,10,1905AHCHHI,,9.1,4.6,7.3,Passed,9
SU2023,SU2023-class 36,11,1905AHDJEF,,9.1,9.6,9.5,Passed,9.9
SU2023,SU2023-class 36,12,1905AHDAJH,,9,6.2,8.1,Passed,9.6
SU2023,SU2023-class 36,13,1905AHDAAC,,9.2,9,9.1,Passed,9.1
SU2023,SU2023-class 36,14,1905AHCIIA,,5.3,5.4,6.2,Passed,8.3
SU2023,SU2023-class 36,15,1905AHCIGH,,9.4,6.6,8.4,Passed,10
SU2023,SU2023-class 36,16,1905AHDJJA,,8.7,7.8,8.6,Passed,9.7
SU2023,SU2023-class 36,17,1905AHDJCJ,,9.6,9.4,9.5,Passed,9.7
SU2023,SU2023-class 36,18,1905AHDJBD,,8.8,9,8.9,Passed,8.9
SU2023,SU2023-class 36,19,1905AHDJFI,,9.2,7.6,8.8,Passed,10
SU2023,SU2023-class 36,20,1905AHCIFG,,5,6.2,6.9,Passed,9.8
SU2023,SU2023-class 36,21,1905AHDJII,,9.1,6.2,8.1,Passed,9.7
SU2023,SU2023-class 36,22,1905AHDJJG,,9.1,5.6,7.9,Passed,9.9
SU2023,SU2023-class 36,23,1905AHDAAF,,9.2,7,8.5,Passed,9.9
SU2023,SU2023-class 36,24,1905AHDAAA,,9,5.2,7.5,Passed,9.2
SU2023,SU2023-class 36,25,1905AHDJIG,,9.6,8.2,9.1,Passed,9.7
SU2023,SU2023-class 36,26,1905AHDJGF,,9,5.8,7.6,Passed,8.7
SU2023,SU2023-class 36,27,1905AHCIHB,,7.4,7.8,8,Passed,8.7
SU2023,SU2023-class 36,28,1905AHDJFF,,8.9,7.6,8.6,Passed,9.7
SU2023,SU2023-class 36,29,1905AHDACJ,,6.8,9.4,8.4,Passed,8.6
SU2023,SU2023-class 36,30,1905AHDJCB,,9.2,6.6,7.8,Passed,8.1
SU2023,SU2023-class 36,31,1905AHDABA,,9,5.2,7.1,Passed,7.9
SU2023,SU2023-class 36,32,1905AHBIEA,,8.8,8,8.5,Passed,9
SU2023,SU2023-class 36,33,1905AHDJBE,,8,5.8,7.6,Passed,9.7
SU2023,SU2023-class 37,1,1905AHDAEJ,,7.6,5.2,5.9,Passed,5
SU2023,SU2023-class 37,2,1905AHDBFD,,8.4,9,8.5,Passed,7.9
SU2023,SU2023-class 37,3,1905AHDAIE,,2.9,5.8,5.1,Passed,6.5
SU2023,SU2023-class 37,4,1905AHCIDF,,8.5,5.6,7,Passed,7.5
SU2023,SU2023-class 37,5,1905AHDBAE,,6.8,8.2,7.4,Passed,7
SU2023,SU2023-class 37,6,1905AHDAIB,,8.9,7,7.8,Passed,7.9
SU2023,SU2023-class 37,7,1905AHDADC,,3.7,6.2,5.9,Passed,7.9
SU2023,SU2023-class 37,8,1905AHDBEF,,8.2,6.8,7.2,Passed,6.8
SU2023,SU2023-class 37,9,1905AHDBEE,,0,4.8,2.8,Not Passed,3
SU2023,SU2023-class 37,10,1905AHDAFJ,,8.6,9,7.9,Passed,5.6
SU2023,SU2023-class 37,11,1905AHDBJI,,7.7,8.2,7.8,Passed,7.4
SU2023,SU2023-class 37,12,1905AHDBED,,7.4,6,6.1,Passed,5
SU2023,SU2023-class 37,13,1905AHDAHB,,7.5,5.4,6.5,Passed,7.1
SU2023,SU2023-class 37,14,1905AHDAFH,,6.7,6.8,6.9,Passed,7.1
SU2023,SU2023-class 37,15,1905AHDBBF,,5.2,6.6,5.7,Passed,5
SU2023,SU2023-class 37,16,1905AHDBDD,,3.7,8.4,6.6,Passed,7.3
SU2023,SU2023-class 37,17,1905AHCHBD,,2.2,0,2.8,Not Passed,7
SU2023,SU2023-class 37,18,1905AHDBBE,,6.9,6,6.6,Passed,7
SU2023,SU2023-class 37,19,1905AHDAHE,,6.7,4.8,6,Passed,7
SU2023,SU2023-class 37,20,1905AHCDCD,,8,9,8.3,Passed,7.5
SU2023,SU2023-class 37,21,1905AHDHAG,,5.8,5.8,6.2,Passed,7.1
SU2023,SU2023-class 37,22,1905AHDBFC,,7.8,6.2,7,Passed,7.4
SU2023,SU2023-class 37,23,1905AHDAIJ,,5.3,6.2,6.2,Passed,7.3
SU2023,SU2023-class 37,24,1905AHDJAH,,8.6,6.4,7.4,Passed,7.7
SU2023,SU2023-class 37,25,1905AHDBJJ,,0,0,1.2,Attendance Fail,4
SU2023,SU2023-class 37,26,1905AHDBCJ,,7.6,8.8,8,Passed,7.3
SU2023,SU2023-class 37,27,1905AHDAFA,,8.6,6.6,7.3,Passed,7
SU2023,SU2023-class 38,1,1905AHDBGF,,4,6,6.1,Passed,8.3
SU2023,SU2023-class 38,2,1905AHDCHJ,,4,4.8,4.8,Not Passed,5.8
SU2023,SU2023-class 38,3,1905AHDCBH,,4,4.6,5.4,Passed,7.8
SU2023,SU2023-class 38,4,1905AHDCDI,,5,9.4,8,Passed,9.3
SU2023,SU2023-class 38,5,1905AGJJCH,,2,8,6.3,Passed,8.3
SU2023,SU2023-class 38,6,1905AHDCGE,,3.5,4.2,5.7,Passed,10
SU2023,SU2023-class 38,7,1905AHDCAJ,,3.5,5.6,5.8,Passed,8.3
SU2023,SU2023-class 38,8,1905AHDCIB,,3.5,5.6,5.4,Passed,7
SU2023,SU2023-class 38,9,1905AHDCFH,,3,5.4,5.9,Passed,9.5
SU2023,SU2023-class 38,10,1905AHDBIE,,4,7.4,6.1,Passed,6.5
SU2023,SU2023-class 38,11,1905AHDCDE,,3.5,6,6.1,Passed,8.8
SU2023,SU2023-class 38,12,1905AHDCGF,,5,8.8,7.9,Passed,9.5
SU2023,SU2023-class 38,13,1905AHDGBA,,8,8,8.2,Passed,8.8
SU2023,SU2023-class 38,14,1905AHDCED,,4,9.2,7.9,Passed,10
SU2023,SU2023-class 38,15,1905AHDBGA,,5.5,6,6.5,Passed,8.3
SU2023,SU2023-class 38,16,1905AHDCHE,,3.5,4.4,5.4,Passed,8.5
SU2023,SU2023-class 38,17,1905AHDCEF,,4,6,5.9,Passed,7.8
SU2023,SU2023-class 38,18,1905AHBGBH,,8,6.4,7.9,Passed,9.8
SU2023,SU2023-class 38,19,1905AHDCBG,,2,7,5.9,Passed,8.3
SU2023,SU2023-class 38,20,1905AGJJBG,,4,4.2,5.4,Passed,8.3
SU2023,SU2023-class 38,21,1905AHDCCC,,8.5,9.4,8.9,Passed,8.8
SU2023,SU2023-class 38,22,1905AHDCAI,,2,6,5.4,Passed,8
SU2023,SU2023-class 38,23,1905AHDCEG,,6.5,8.2,8.1,Passed,9.5
SU2023,SU2023-class 38,24,1905AHDCFD,,1.5,6.8,6.2,Passed,10
SU2023,SU2023-class 38,25,1905AHBGJI,,4,7,6.9,Passed,9.5
SU2023,SU2023-class 38,26,1905AHDCJA,,4,7.6,5.7,Passed,4.8
SU2023,SU2023-class 38,27,1905AHDCIJ,,9,9.6,9.5,Passed,10
SU2023,SU2023-class 38,28,1905AFBAFB,,0,0,0.5,Attendance Fail,1.5
SU2023,SU2023-class 38,29,1905AHDCEI,,2,4.6,4.3,Not Passed,6.3
SU2023,SU2023-class 38,30,1905AHDCBB,,4,9.6,7.5,Passed,8.3
SU2023,SU2023-class 38,31,1905AHDCBI,,3,5.6,6,Passed,9.5
SU2023,SU2023-class 38,32,1905AHDCGJ,,3,7.2,6.7,Passed,9.8
SU2023,SU2023-class 39,1,1905AHDDBE,,9.5,5.6,7.7,Passed,8.8
SU2023,SU2023-class 39,2,1905AHDDAF,,8,5.6,6.9,Passed,7.6
SU2023,SU2023-class 39,3,1905AHDDJB,,8.4,5.2,7.1,Passed,8.4
SU2023,SU2023-class 39,4,1905AHDDEC,,7.7,7.2,7.7,Passed,8.5
SU2023,SU2023-class 39,5,1905AGJCGE,,8.4,10,9,Passed,8.1
SU2023,SU2023-class 39,6,1905AHDDEA,,7,9.8,8.6,Passed,8.8
SU2023,SU2023-class 39,7,1905AHDDJD,,8.5,5,6.7,Passed,7
SU2023,SU2023-class 39,8,1905AHDDDG,,7.8,8,8.3,Passed,9.4
SU2023,SU2023-class 39,9,1905AHDDDJ,,6.4,4,5.4,Passed,6.3
SU2023,SU2023-class 39,10,1905AHDEBF,,7.7,9.2,8.9,Passed,9.6
SU2023,SU2023-class 39,11,1905AHDDBF,,7.3,9.4,8.1,Passed,7.3
SU2023,SU2023-class 39,12,1905AHDDDC,,7.8,5,7,Passed,9
SU2023,SU2023-class 39,13,1905AHDCIH,,6.3,4.4,5.8,Passed,7.4
SU2023,SU2023-class 39,14,1905AHDDGB,,8.5,7,8.1,Passed,9.1
SU2023,SU2023-class 39,15,1905AHDDDB,,6.8,5.2,6.7,Passed,8.6
SU2023,SU2023-class 39,16,1905AHDCII,,8.8,5.4,7,Passed,7.3
SU2023,SU2023-class 39,17,1905AHDDHD,,7.1,5.2,6.8,Passed,8.5
SU2023,SU2023-class 39,18,1905AHDDBH,,9.5,7.8,8.6,Passed,8.8
SU2023,SU2023-class 39,19,1905AHDHBH,,8.5,5.8,7.2,Passed,7.9
SU2023,SU2023-class 39,20,1905AHDDDE,,7.2,7.4,7.7,Passed,8.6
SU2023,SU2023-class 39,21,1905AHDDDD,,6.9,5.8,6.9,Passed,8.5
SU2023,SU2023-class 39,22,1905AHDDCC,,4.1,6.6,6.5,Passed,8.6
SU2023,SU2023-class 39,23,1905AHDDCD,,7.9,7,7.6,Passed,8.2
SU2023,SU2023-class 39,24,1905AHDDCH,,6.9,6.2,7.3,Passed,9.1
SU2023,SU2023-class 39,25,1905AHDDGF,,7.3,4.6,6.6,Passed,8.7
SU2023,SU2023-class 39,26,1905AHDDDA,,5.2,5.8,5.9,Passed,6.6
SU2023,SU2023-class 39,27,1905AHDDEH,,7.6,6.2,7.1,Passed,7.9
SU2023,SU2023-class 39,28,1905AHDDHI,,7.9,5.2,6.7,Passed,7.4
SU2023,SU2023-class 39,29,1905AHDDIB,,7.9,4.8,6.7,Passed,8.2
SU2023,SU2023-class 39,30,1905AHDDHH,,7.8,6.2,7.5,Passed,9.1
SU2023,SU2023-class 39,31,1905AHDDAJ,,9.8,8,8.9,Passed,9.3
SU2023,SU2023-class 40,1,1905AHDEEB,,4.5,6.8,6.2,Passed,7
SU2023,SU2023-class 40,2,1905AHDEAD,,4.8,7.2,6.6,Passed,7.6
SU2023,SU2023-class 40,3,1905AHDEJB,,2,7.2,5.5,Passed,6.8
SU2023,SU2023-class 40,4,1905AGJCAC,,4.8,7,6.4,Passed,7.1
SU2023,SU2023-class 40,5,1905AHDFAB,,4,6.4,5.6,Passed,6
SU2023,SU2023-class 40,6,1905AHDFBB,,4.8,6.4,6,Passed,6.9
SU2023,SU2023-class 40,7,1905AHDFAC,,5,8.2,7,Passed,7.3
SU2023,SU2023-class 40,8,1905AHDFJE,,5,5.2,6.1,Passed,8.4
SU2023,SU2023-class 40,9,1905AHDEIF,,8,7,7.5,Passed,7.5
SU2023,SU2023-class 40,10,1905AHEJJF,,7.3,7,6.9,Passed,6.5
SU2023,SU2023-class 40,11,1905AHDECC,,4.5,6.4,5.4,Passed,5
SU2023,SU2023-class 40,12,1905AGJAAG,,4,8.2,6.1,Passed,5.4
SU2023,SU2023-class 40,13,1905AHDEAE,,4.8,7.6,6.6,Passed,7.3
SU2023,SU2023-class 40,14,1905AHDICA,,4.3,7.8,6.6,Passed,7.4
SU2023,SU2023-class 40,15,1905AHDEDD,,7.5,8,7.7,Passed,7.4
SU2023,SU2023-class 40,16,1905AHDEIG,,7,7.8,7.4,Passed,7.3
SU2023,SU2023-class 40,17,1905AHDEHF,,4.5,6.4,5.5,Passed,5.4
SU2023,SU2023-class 40,18,1905AGCAJE,,3.8,7.8,5.6,Passed,4.6
SU2023,SU2023-class 40,19,1905AHDCDC,,7.3,6.4,7.1,Passed,7.8
SU2023,SU2023-class 40,20,1905AHDEJE,,5.3,7.8,6.9,Passed,7.5
SU2023,SU2023-class 40,21,1905AHDEIC,,7.5,5.8,6.1,Passed,5.3
SU2023,SU2023-class 40,22,1905AHDEDB,,3.8,7.2,6.3,Passed,7.6
SU2023,SU2023-class 40,23,1905AHDEAC,,3.3,6.2,5.4,Passed,6.6
SU2023,SU2023-class 40,24,1905AHAIFD,,5,6.4,5.8,Passed,5.8
SU2023,SU2023-class 40,25,1905AHDECA,,4.3,7.6,6.4,Passed,7
SU2023,SU2023-class 40,26,1905AGJCDG,,7,7,6.9,Passed,6.6
SU2023,SU2023-class 40,27,1905AHDICI,,0,0,0.4,Attendance Fail,1.4
SU2023,SU2023-class 40,28,1905AHDDIF,,4.5,6.8,6.2,Passed,7
SU2023,SU2023-class 40,29,1905AHDFBJ,,4.8,6.2,5.5,Passed,5.4
SU2023,SU2023-class 40,30,1905AHDEJF,,5.3,6,5.6,Passed,5.3
SU2023,SU2023-class 40,31,1905AHDEAI,,5.3,7.8,6.9,Passed,7.3
SU2023,SU2023-class 40,32,1905AHDECB,,5,6.8,6.5,Passed,7.5
SU2023,SU2023-class 41,1,1905AHDGAH,,8.6,0,3.2,Attendance Fail,2.1
SU2023,SU2023-class 41,2,1905AHDFDH,,4.8,6.8,6.6,Passed,8.2
SU2023,SU2023-class 41,3,0305AHJFEE,,0,0,0,Attendance Fail,0
SU2023,SU2023-class 41,4,1905AHDFBG,,9.7,7.6,8.6,Passed,9
SU2023,SU2023-class 41,5,1905AHDGJA,,8.1,7.4,8.1,Passed,9
SU2023,SU2023-class 41,6,1905AHDFHD,,8.7,8.2,8.7,Passed,9.3
SU2023,SU2023-class 41,7,1905AHDFCE,,9.7,9.2,9.4,Passed,9.5
SU2023,SU2023-class 41,8,1905AHDGBE,,8.9,7.8,8.4,Passed,8.7
SU2023,SU2023-class 41,9,1905AHDFFE,,8.6,6,7.6,Passed,8.8
SU2023,SU2023-class 41,10,1905AGBFIJ,,4.2,5.2,5.6,Passed,7.7
SU2023,SU2023-class 41,11,1905AHDFHA,,9.3,7.8,8.7,Passed,9.3
SU2023,SU2023-class 41,12,1905AHDFCH,,9.6,8.8,9,Passed,8.8
SU2023,SU2023-class 41,13,1905AHDGCA,,9.6,8.8,9,Passed,8.8
SU2023,SU2023-class 41,14,1905AHDFED,,9.6,7.8,8.7,Passed,9
SU2023,SU2023-class 41,15,1905AGADHJ,,7.8,5.4,6.3,Passed,6.2
SU2023,SU2023-class 41,16,1905AHDGCJ,,9.5,5.6,7.3,Passed,7.5
SU2023,SU2023-class 41,17,1905AHDFGA,,8.8,6.4,8,Passed,9.2
SU2023,SU2023-class 41,18,1905AHDFEH,,7.7,5.4,7.1,Passed,8.9
SU2023,SU2023-class 41,19,1905AHDFDF,,9,6.8,8.1,Passed,8.9
SU2023,SU2023-class 41,20,1905AHDGAC,,9.6,7.2,8.5,Passed,9.1
SU2023,SU2023-class 41,21,1905AHDFBE,,7.4,4.2,6.1,Passed,7.4
SU2023,SU2023-class 41,22,1905AHDGBJ,,7.7,6.6,7.4,Passed,8.1
SU2023,SU2023-class 41,23,1905AHDFBI,,9.1,6.2,8,Passed,9.2
SU2023,SU2023-class 41,24,1905AHDFGB,,8.3,8.2,7.8,Passed,6.9
SU2023,SU2023-class 41,25,1905AHDFDD,,9.6,9.4,9.5,Passed,9.5
SU2023,SU2023-class 41,26,1905AHDFEI,,9.6,7.6,8.6,Passed,8.9
SU2023,SU2023-class 41,27,1905AHDGDF,,7.6,6,7,Passed,7.8
SU2023,SU2023-class 41,28,1905AHDFGG,,8.2,7,7.7,Passed,8.3
SU2023,SU2023-class 41,29,1905AHDFHG,,8.7,6.2,7.8,Passed,9
SU2023,SU2023-class 41,30,0305AHJFJB,,8.1,6.4,7.3,Passed,7.7
SU2023,SU2023-class 41,31,1905AHDGJE,,4.2,6.6,6.6,Passed,8.9
SU2023,SU2023-class 41,32,1905AHDFGI,,8.2,6.6,7.4,Passed,7.8
SU2023,SU2023-class 42,1,1905AHBGEI,,8.8,6.2,7.9,Passed,9.2
SU2023,SU2023-class 42,2,1905AHDHJB,,9.4,7,8.2,Passed,8.6
SU2023,SU2023-class 42,3,1905AHDGIB,,7.8,5.8,7.4,Passed,9
SU2023,SU2023-class 42,4,1905AHCEDB,,0,0,0,Attendance Fail,0
SU2023,SU2023-class 42,5,1905AHDGIJ,,9,6,7.9,Passed,9.2
SU2023,SU2023-class 42,6,1905AHDHJF,,9.4,0,4.1,Attendance Fail,4.4
SU2023,SU2023-class 42,7,1905AHDHII,,9,9.2,9.2,Passed,9.3
SU2023,SU2023-class 42,8,1905AHDHGJ,,9.8,9.2,9.3,Passed,9
SU2023,SU2023-class 42,9,0405AHJFHJ,,8.8,9.4,9,Passed,8.6
SU2023,SU2023-class 42,10,1905AHDHEC,,8.6,8.6,8.7,Passed,9.1
SU2023,SU2023-class 42,11,1905AHDHGA,,8.8,8,8.7,Passed,9.5
SU2023,SU2023-class 42,12,1905AHDHIC,,0,0,0,Attendance Fail,0
SU2023,SU2023-class 42,13,1905AHDGFJ,,8.4,6.6,7.6,Passed,8.3
SU2023,SU2023-class 42,14,1905AHDGIF,,7.8,4.4,6.7,Passed,8.8
SU2023,SU2023-class 42,15,1905AHDGID,,7.6,5.8,7.2,Passed,8.8
SU2023,SU2023-class 42,16,1905AHDGDG,,8.4,5.8,7.5,Passed,9
SU2023,SU2023-class 42,17,1905AHDHHG,,8.6,9,8.6,Passed,8.2
SU2023,SU2023-class 42,18,1905AHDHEG,,8,6,7.3,Passed,8.2
SU2023,SU2023-class 42,19,1905AHDHCA,,8.5,7,8.1,Passed,9
SU2023,SU2023-class 42,20,1905AHDGHH,,7,7.2,7.5,Passed,8.5
SU2023,SU2023-class 42,21,1905AHDGFC,,8.8,7.6,8.1,Passed,8.2
SU2023,SU2023-class 42,22,1905AHDGEH,,7.3,8.4,8.1,Passed,8.4
SU2023,SU2023-class 42,23,0405AHJGCB,,9.4,9.8,9.6,Passed,9.5
SU2023,SU2023-class 42,24,1905AHDHBF,,8.8,8.4,8.8,Passed,9.2
SU2023,SU2023-class 42,25,1905AHCFAD,,7.4,0,3.8,Not Passed,5.4
SU2023,SU2023-class 42,26,1905AHDHCB,,8.4,5,6.3,Passed,6
SU2023,SU2023-class 42,27,1905AHDGHI,,7.8,5.2,7.1,Passed,8.8
SU2023,SU2023-class 42,28,1905AHDHCD,,9.8,8.2,8.9,Passed,8.9
SU2023,SU2023-class 42,29,1905AHDGFD,,8.6,8.2,8.3,Passed,8.2
SU2023,SU2023-class 42,30,1905AHDHFH,,9.4,7.6,8.4,Passed,8.5
SU2023,SU2023-class 43,1,1905AHDIEB,,4,7,6.5,Passed,8.2
SU2023,SU2023-class 43,2,1905AHDBCA,,4,8.2,7,Passed,8.5
SU2023,SU2023-class 43,3,1905AHDIFG,,4,6.4,6,Passed,7.5
SU2023,SU2023-class 43,4,1905AHEJAF,,4,9,7.2,Passed,8.1
SU2023,SU2023-class 43,5,1905AHEJIC,,0,0,0,Not Passed,0
SU2023,SU2023-class 43,6,1905AFAGEE,,0,0,0.6,Attendance Fail,2.1
SU2023,SU2023-class 43,7,1905AHDIEA,,4,6.6,6.2,Passed,7.8
SU2023,SU2023-class 43,8,1905AHDIIG,,4,5.8,5.9,Passed,8.1
SU2023,SU2023-class 43,9,1905AHDIJD,,4,5.6,5.8,Passed,7.9
SU2023,SU2023-class 43,10,1905AHDICH,,4,5.8,5.9,Passed,8
SU2023,SU2023-class 43,11,1905AHEAJH,,4,8,6.7,Passed,7.8
SU2023,SU2023-class 43,12,1905AHDIFD,,0,0,0,Attendance Fail,0
SU2023,SU2023-class 43,13,1905AHEJJA,,4,5,5.6,Passed,8.1
SU2023,SU2023-class 43,14,1905AHEJAI,,4.3,7.2,6.4,Passed,7.4
SU2023,SU2023-class 43,15,1919AGJCAF,,4,5.4,5.7,Passed,7.8
SU2023,SU2023-class 43,16,1905AHEJFH,,4,6.6,6.2,Passed,7.8
SU2023,SU2023-class 43,17,1905AHDIHF,,4,4.2,5.2,Passed,7.9
SU2023,SU2023-class 43,18,1905AHDICE,,4,7.2,6.5,Passed,8
SU2023,SU2023-class 43,19,1905AHEJBC,,4,5.8,5.8,Passed,7.5
SU2023,SU2023-class 43,20,1905AHDIIC,,4,6,5.9,Passed,7.6
SU2023,SU2023-class 43,21,1905AHDDFA,,0,0,0,Attendance Fail,0
SU2023,SU2023-class 43,22,1905AHDEBB,,4,5.2,5.6,Passed,7.8
SU2023,SU2023-class 43,23,1905AHBCII,,4,8,6.8,Passed,8
SU2023,SU2023-class 43,24,1905AHDIEE,,4,6.6,6.1,Passed,7.7
SU2023,SU2023-class 43,25,1905AHDIJB,,4,6.6,6.1,Passed,7.6
SU2023,SU2023-class 43,26,1905AHDIDA,,4,8.8,7.1,Passed,8
SU2023,SU2023-class 43,27,1905AHEJIF,,4,4.2,5.2,Passed,7.6
SU2023,SU2023-class 43,28,1905AHDIIF,,4.3,7,6.3,Passed,7.5
SU2023,SU2023-class 43,29,1905AHEJHE,,4,7.4,6.5,Passed,7.9
SU2023,SU2023-class 43,30,1905AHEJDD,,3.5,7.6,6.4,Passed,7.8
SU2023,SU2023-class 43,31,1905AFAEGB,,3.8,5.4,5.6,Passed,7.8
SU2023,SU2023-class 43,32,1905AHEAAI,,4,6.4,6.1,Passed,7.8
SU2023,SU2023-class 43,33,1905AHDIHB,,4,6.4,6.3,Passed,8.6
SU2024,SU2024-class 1,1,1905AHCJJF,,6.5,4.3,6.6,Passed,9.7
SU2024,SU2024-class 1,2,1905AHJADB,,4,4.1,5.6,Passed,9.1
SU2024,SU2024-class 1,3,1905AIDGBF,,0,0,1.4,Attendance Fail,4.5
SU2024,SU2024-class 1,4,1905AHJFCJ,,4.3,4.7,6.1,Passed,9.7
SU2024,SU2024-class 1,5,1905AFABAB,,0,0,0,Attendance Fail,0
SU2024,SU2024-class 1,6,1905AICFJA,,4,3.6,5.5,Not Passed,9.4
SU2024,SU2024-class 1,7,1919AIDJIB,,6.3,3.2,5.9,Not Passed,9.1
SU2024,SU2024-class 1,8,1905AHJDHD,,10,5.1,8,Passed,10
SU2024,SU2024-class 1,9,1905AHJFJD,,4,3.1,4.5,Not Passed,6.8
SU2024,SU2024-class 1,10,1905AHAHBC,,4.5,3.6,4.5,Not Passed,5.7
SU2024,SU2024-class 1,11,1905AGBFDH,,3.5,8.8,7.3,Passed,9.2
SU2024,SU2024-class 1,12,1905AHBJIJ,,4.3,4.2,5.6,Passed,8.9
SU2024,SU2024-class 1,13,1905AHBBJB,,4,4.5,5.7,Passed,9.2
SU2024,SU2024-class 1,14,1905AHJJHF,,2.8,5.1,5.5,Passed,8.9
SU2024,SU2024-class 1,15,1905AIJFEE,,4,4.9,5.7,Passed,8.5
SU2024,SU2024-class 1,16,1905AHBBBH,,5.8,7.6,7,Passed,7.5
SU2024,SU2024-class 1,17,1905AIBBGD,,8.5,8.4,8.6,Passed,9.1
SU2024,SU2024-class 1,18,1905AIDHIG,,6.3,5.1,6.3,Passed,7.9
SU2024,SU2024-class 1,19,1905AHAEAH,,4.3,6.3,6.3,Passed,8.4
SU2024,SU2024-class 1,20,1905AGJBGA,,4,3,5,Not Passed,8.7
SU2024,SU2024-class 1,21,1905AIBJHD,,4.3,3.6,5.5,Not Passed,9.4
SU2024,SU2024-class 1,22,1905AHJDAF,,8,5.7,7.5,Passed,9.5
SU2024,SU2024-class 1,23,1905AHAIEJ,,5,4.5,5.6,Passed,7.7
SU2024,SU2024-class 1,24,1905AHJDDH,,4,4.7,6,Passed,9.6
SU2024,SU2024-class 1,25,1905AHBJAF,,3.5,4.3,5.2,Passed,8.1
SU2024,SU2024-class 1,26,1905AHAEGA,,7.3,4.1,6.6,Passed,9.4
SU2024,SU2024-class 1,27,1905AHJFEI,,5.3,5.7,6.5,Passed,8.9
SU2024,SU2024-class 1,28,1905AHAGGG,,4,4.8,5.7,Passed,8.8
SU2024,SU2024-class 1,29,1905AHBJIB,,6.5,4.9,6.8,Passed,9.6
SU2024,SU2024-class 1,30,1905AHJCFE,,4.8,5.2,6.2,Passed,8.9
SU2024,SU2024-class 1,31,1905AICDHB,,0,0,0.9,Attendance Fail,3.2
SU2024,SU2024-class 1,32,1905AIFDGD,,4,5,5.8,Passed,8.8
SU2024,SU2024-class 1,33,1905AHJJCF,,4.5,4.5,5.9,Passed,9.1
SU2024,SU2024-class 1,34,1905AICDEH,,2.5,8.8,7.2,Passed,9.6
SU2024,SU2024-class 1,35,1905AICDHF,,5.3,4.5,6.3,Passed,9.6
SU2024,SU2024-class 2,1,1905AICGHC,,9,4.9,7.2,Passed,8.5
SU2024,SU2024-class 2,2,1905AHBGHB,,8.5,5.1,6.9,Passed,7.8
SU2024,SU2024-class 2,3,1905AHCBCF,,8,4.2,6.7,Passed,8.8
SU2024,SU2024-class 2,4,1905AICGIH,,9,4.5,7,Passed,8.3
SU2024,SU2024-class 2,5,1905AHCCDJ,,9,3.6,6.7,Not Passed,8.5
SU2024,SU2024-class 2,6,1905AIBAFJ,,10,7.3,8.6,Passed,9
SU2024,SU2024-class 2,7,1905AHCFGD,,8,3.6,6.3,Not Passed,8.3
SU2024,SU2024-class 2,8,1905AHBBEB,,9,4.7,7.1,Passed,8.5
SU2024,SU2024-class 2,9,1905AHBFGJ,,10,6.2,8.1,Passed,8.8
SU2024,SU2024-class 2,10,1905AGCJEH,,0,0,0,Attendance Fail,0
SU2024,SU2024-class 2,11,1905AICFJJ,,9,4,6.9,Passed,8.5
SU2024,SU2024-class 2,12,1905AHBBIF,,8,3.8,6.5,Not Passed,8.8
SU2024,SU2024-class 2,13,1905AICHCA,,9,6.3,7.9,Passed,9
SU2024,SU2024-class 2,14,1905AIDAGG,,9,4.7,7.3,Passed,9
SU2024,SU2024-class 2,15,1905AHDGGE,,9,5.5,7.6,Passed,9
SU2024,SU2024-class 2,16,1905AHCDFJ,,9.5,5.1,7.5,Passed,8.8
SU2024,SU2024-class 2,17,1905AHCJGE,,9,3.6,6.9,Not Passed,9.1
SU2024,SU2024-class 2,18,1905AHCBIG,,9,8.4,8.8,Passed,9
SU2024,SU2024-class 2,19,1905AHBGAE,,8,3.6,6.5,Not Passed,9
SU2024,SU2024-class 2,20,1905AHCBAF,,9,4.3,7.2,Passed,9.1
SU2024,SU2024-class 2,21,1905AHBBHI,,9,3.2,6.5,Not Passed,8.5
SU2024,SU2024-class 2,22,1905AICGEB,,9,4.1,7,Passed,9
SU2024,SU2024-class 2,23,1905AHCEGE,,9,5.1,7.4,Passed,9
SU2024,SU2024-class 2,24,1905AHCFDD,,9,5.3,7.5,Passed,9
SU2024,SU2024-class 2,25,1905AIDJDB,,9,8,8.5,Passed,8.8
SU2024,SU2024-class 2,26,1905AHCJGC,,0,0,0,Attendance Fail,0
SU2024,SU2024-class 2,27,1905AICGHD,,9,5.1,7.3,Passed,8.5
SU2024,SU2024-class 2,28,1905AHBGIG,,9,5.1,7.4,Passed,8.8
SU2024,SU2024-class 2,29,1905AICGGI,,9,5.5,7.5,Passed,8.5
SU2024,SU2024-class 2,30,1905AHBHHJ,,9,9.2,8.9,Passed,8.5
SU2024,SU2024-class 2,31,1905AHBHGG,,9,5.3,7.6,Passed,9.1
SU2024,SU2024-class 2,32,1905AICACD,,9,5.9,7.8,Passed,9
SU2024,SU2024-class 2,33,1905AHCAJH,,8,4.4,6.6,Passed,8.3
SU2024,SU2024-class 2,34,1905AHBDEH,,8,3.4,6.2,Not Passed,8.3
SU2024,SU2024-class 2,35,1905AICHBE,,9,5.7,7.5,Passed,8.5
SU2024,SU2024-class 3,1,1905AIJGHH,,7.9,3,6,Not Passed,8.3
SU2024,SU2024-class 3,2,1905AIJEAB,,7.6,6.1,7.2,Passed,8.4
SU2024,SU2024-class 3,3,1905AIJGIF,,7,5.4,6.7,Passed,8.3
SU2024,SU2024-class 3,4,1905AHEJFJ,,6.8,9.2,7.9,Passed,7.4
SU2024,SU2024-class 3,5,1905AICDDG,,7,4.9,7,Passed,9.9
SU2024,SU2024-class 3,6,1905AIFCBG,,7.3,4.7,6.9,Passed,9.4
SU2024,SU2024-class 3,7,1905AHDCHD,,9.5,4.8,7.4,Passed,8.8
SU2024,SU2024-class 3,8,1905AHDBIB,,7.5,4.1,6.6,Passed,9.1
SU2024,SU2024-class 3,9,1905AIBJEI,,8.7,4.3,6.9,Passed,8.6
SU2024,SU2024-class 3,10,1905AHCDBA,,7,4.1,5.7,Passed,6.5
SU2024,SU2024-class 3,11,1905AIJFDI,,6.3,9.2,7.9,Passed,7.9
SU2024,SU2024-class 3,12,1905AHBHEJ,,2.3,0,2.5,Is Susspended,6.2
SU2024,SU2024-class 3,13,1905AHDFIC,,8.8,6.5,8.1,Passed,9.6
SU2024,SU2024-class 3,14,1905AIBHFG,,9.1,6.3,8,Passed,9.2
SU2024,SU2024-class 3,15,1905AIBJIC,,7.1,4.7,6.3,Passed,7.6
SU2024,SU2024-class 3,16,1905AHDFCD,,8.8,4.6,7.2,Passed,9.1
SU2024,SU2024-class 3,17,1905AIJGEB,,9.5,8.6,9.1,Passed,9.3
SU2024,SU2024-class 3,18,1905AICBFB,,9.7,6.3,8.4,Passed,9.8
SU2024,SU2024-class 3,19,1905AIBJFJ,,7.2,3.6,6.2,Not Passed,8.6
SU2024,SU2024-class 3,20,1905AHDEIH,,8.7,5.6,7.8,Passed,10
SU2024,SU2024-class 3,21,1919AGJIIH,,6.9,5.7,6.5,Passed,7.1
SU2024,SU2024-class 3,22,1905AIBABF,,7.6,5.9,6.3,Passed,5.4
SU2024,SU2024-class 3,23,1905AHEJJJ,,9.6,4.1,7.5,Passed,9.9
SU2024,SU2024-class 3,24,1905AIJBCF,,7.8,5.3,7.3,Passed,9.6
SU2024,SU2024-class 3,25,1905AHDGDD,,8.3,4.5,6.9,Passed,8.7
SU2024,SU2024-class 3,26,1905AHDIAD,,8.6,5,7.5,Passed,9.8
SU2024,SU2024-class 3,27,1905AIJGCE,,5.3,4.1,6.2,Passed,9.8
SU2024,SU2024-class 3,28,1905AHDBHC,,8.2,4.5,6.7,Passed,8.1
SU2024,SU2024-class 3,29,1905AICCEE,,6.9,4.3,6.7,Passed,9.7
SU2024,SU2024-class 3,30,1905AIBFHC,,6.7,4.7,6.1,Passed,7.3
SU2024,SU2024-class 3,31,1905AIJAFH,,6.5,6.3,7.2,Passed,9.2
SU2024,SU2024-class 3,32,1905AHEJDC,,9.8,5.8,8.2,Passed,9.9
SU2024,SU2024-class 3,33,1905AHDEFB,,8.6,4,7.1,Passed,9.8
SU2024,SU2024-class 3,34,1905AHDJHH,,3.2,3.4,4.6,Not Passed,7.8
SU2024,SU2024-class 3,35,1905AHDDGE,,7.2,3.2,6.3,Not Passed,9.7
SU2024,SU2024-class 4,1,1905AIBFBD,,9,4.5,6.9,Passed,7.9
SU2024,SU2024-class 4,2,1905AIBADI,,9.2,6.3,8.2,Passed,9.9
SU2024,SU2024-class 4,3,1905AIBBDC,,9.2,7.8,8.9,Passed,10
SU2024,SU2024-class 4,4,1905AIBEEI,,7.6,4.5,6.2,Passed,7
SU2024,SU2024-class 4,5,1905AICBGE,,9,6.5,8.3,Passed,10
SU2024,SU2024-class 4,6,1905AIBDHH,,8.6,3.8,6.1,Not Passed,6.8
SU2024,SU2024-class 4,7,1905AIBDDF,,5,0,3.5,Attendance Fail,6.8
SU2024,SU2024-class 4,8,1905AIBACG,,9.2,7.3,8.7,Passed,10
SU2024,SU2024-class 4,9,1905AIBEJA,,3.8,0,2.7,Attendance Fail,5.3
SU2024,SU2024-class 4,10,1905AIBGGG,,9.1,4.5,7.5,Passed,10
SU2024,SU2024-class 4,11,1905AIBFDI,,9.2,4.7,7.1,Passed,8.2
SU2024,SU2024-class 4,12,1905AIBGHB,,9,6.5,8.1,Passed,9.3
SU2024,SU2024-class 4,13,1905AIBEIE,,4.3,4.6,4.7,Not Passed,5.3
SU2024,SU2024-class 4,14,1905AIDHGJ,,7,3.5,5.7,Not Passed,7.5
SU2024,SU2024-class 4,15,1905AIBCIF,,7.9,4.7,6.5,Passed,7.6
SU2024,SU2024-class 4,16,1905AIBHCA,,7.2,3.6,5.9,Not Passed,7.5
SU2024,SU2024-class 4,17,1905AIBBJI,,9.3,4.9,7.7,Passed,9.9
SU2024,SU2024-class 4,18,1905AIBGDH,,9.1,6.7,8.4,Passed,10
SU2024,SU2024-class 4,19,1905AIBAFB,,8.2,7.6,8.5,Passed,10
SU2024,SU2024-class 4,20,1905AIBGJD,,6.5,4.9,5.7,Passed,6
SU2024,SU2024-class 4,21,1905AHJBIH,,0,0,0,Attendance Fail,0
SU2024,SU2024-class 4,22,1905AIBHFC,,9.3,4.5,7.4,Passed,9.5
SU2024,SU2024-class 4,23,1905AICBCG,,9.3,4.9,7.2,Passed,8.3
SU2024,SU2024-class 4,24,1905AIBHEF,,5.3,4.3,6.2,Passed,9.5
SU2024,SU2024-class 4,25,1905AIDGFH,,8.2,5.3,7.4,Passed,9.5
SU2024,SU2024-class 4,26,1905AIBDFJ,,6.1,4.4,5.6,Passed,6.8
SU2024,SU2024-class 4,27,1905AIBBDB,,9.2,5.5,7.9,Passed,10
SU2024,SU2024-class 4,28,1905AIBIAC,,9.1,7.6,8.6,Passed,9.5
SU2024,SU2024-class 4,29,1905AIBCJG,,9,5.1,6.9,Passed,7.3
SU2024,SU2024-class 4,30,1905AIBBBJ,,8.2,6.3,8,Passed,10
SU2024,SU2024-class 4,31,1905AIBEFG,,8.4,4.5,6.1,Passed,6
SU2024,SU2024-class 4,32,1905AIJBFF,,9.2,5.5,8,Passed,10
SU2024,SU2024-class 4,33,1905AHJEDA,,0,0,0,Attendance Fail,0
SU2024,SU2024-class 4,34,1905AIFBIH,,5,4,5.8,Passed,9
SU2024,SU2024-class 4,35,1905AIBBDD,,1.5,3.2,4,Not Passed,7.5
SU2024,SU2024-class 5,1,1905AIBEEE,,6.8,4.9,6.6,Passed,8.7
SU2024,SU2024-class 5,2,1905AICAGA,,7.4,4.9,7.2,Passed,10
SU2024,SU2024-class 5,3,1905AICGBF,,8.4,6.5,7.8,Passed,9.1
SU2024,SU2024-class 5,4,1905AICEJG,,7.5,4.3,6.9,Passed,10
SU2024,SU2024-class 5,5,1905AICHFH,,7.2,4.1,6.7,Passed,9.7
SU2024,SU2024-class 5,6,1905AIDJDF,,8,5.7,7.6,Passed,9.8
SU2024,SU2024-class 5,7,1905AIDAAI,,9.3,5.1,7.8,Passed,9.8
SU2024,SU2024-class 5,8,1905AIDJFJ,,8.1,5.3,7.1,Passed,8.4
SU2024,SU2024-class 5,9,1905AICFDB,,7.5,4.4,6.7,Passed,9.1
SU2024,SU2024-class 5,10,1905AICAHB,,7.6,5.3,7.4,Passed,10
SU2024,SU2024-class 5,11,1905AIDJDD,,9.3,6.3,8.3,Passed,9.9
SU2024,SU2024-class 5,12,1905AICCBI,,6.2,5.3,7,Passed,9.9
SU2024,SU2024-class 5,13,1905AICJIA,,7.3,3.8,6.3,Not Passed,8.7
SU2024,SU2024-class 5,14,1905AIDJEJ,,0,0,0,Attendance Fail,0
SU2024,SU2024-class 5,15,1905AICCHJ,,7.7,3,5.9,Not Passed,8.1
SU2024,SU2024-class 5,16,1905AICFDI,,9.1,5.6,7.7,Passed,9.3
SU2024,SU2024-class 5,17,1905AICFFF,,7.9,6.5,7.9,Passed,9.9
SU2024,SU2024-class 5,18,1905AICAII,,8.1,5.3,7.2,Passed,9
SU2024,SU2024-class 5,19,1905AICBDF,,9.2,5.9,8,Passed,9.8
SU2024,SU2024-class 5,20,1905AIJEAH,,9.6,7,8.7,Passed,10
SU2024,SU2024-class 5,21,1905AICJBH,,7.5,5.9,7.6,Passed,10
SU2024,SU2024-class 5,22,1905AICHDJ,,3.9,4.9,6,Passed,9.7
SU2024,SU2024-class 5,23,1905AICJFD,,9.5,4.8,7.7,Passed,9.9
SU2024,SU2024-class 5,24,1905AIDHJJ,,7.4,3.8,6.6,Not Passed,9.7
SU2024,SU2024-class 5,25,1905AICJFJ,,7.8,5.3,7.4,Passed,9.9
SU2024,SU2024-class 5,26,1905AICDHD,,9.2,5.3,7.9,Passed,10
SU2024,SU2024-class 5,27,1905AICHGB,,9.4,5.3,7.9,Passed,10
SU2024,SU2024-class 5,28,1905AHAHJH,,9.3,4.1,7.4,Passed,10
SU2024,SU2024-class 5,29,1905AIBIGC,,5.5,6.3,6.7,Passed,8.5
SU2024,SU2024-class 5,30,1905AIDIJJ,,7.1,4.7,6.8,Passed,9.4
SU2024,SU2024-class 5,31,1905AICHDB,,8.6,6.2,7.7,Passed,8.7
SU2024,SU2024-class 5,32,1905AICGBG,,9.1,6.1,7.9,Passed,9.1
SU2024,SU2024-class 5,33,1905AICCEJ,,6.9,4.7,6.5,Passed,8.5
SU2024,SU2024-class 5,34,1905AICDAD,,9.2,5.3,7.7,Passed,9.4
SU2024,SU2024-class 6,1,1905AICCJF,,5.5,4.5,5.6,Passed,7
SU2024,SU2024-class 6,2,1905AIDBGB,,4.6,4.3,6,Passed,9.6
SU2024,SU2024-class 6,3,1905AIFBCG,,1.3,8.8,5.9,Passed,6.7
SU2024,SU2024-class 6,4,1905AIDHGA,,4.6,4.3,5.4,Passed,7.6
SU2024,SU2024-class 6,5,1905AIDDJE,,2,3.2,4,Not Passed,7.1
SU2024,SU2024-class 6,6,1905AIDCBG,,4.4,3.2,4.9,Not Passed,7.8
SU2024,SU2024-class 6,7,1905AIFBHG,,5,4.8,6.3,Passed,9.6
SU2024,SU2024-class 6,8,1905AHCIDA,,3.9,8.8,6.8,Passed,7.1
SU2024,SU2024-class 6,9,1905AIFBFA,,4.5,5.9,6.5,Passed,9.2
SU2024,SU2024-class 6,10,1905AIDIDF,,2.2,7.3,6.2,Passed,8.9
SU2024,SU2024-class 6,11,1905AIDBAF,,4.3,4.7,5.7,Passed,8.3
SU2024,SU2024-class 6,12,1905AIDEEE,,4.1,5.1,5.5,Passed,7.6
SU2024,SU2024-class 6,13,1905AIAJIJ,,5.8,5,6.1,Passed,7.8
SU2024,SU2024-class 6,14,1905AIFHFB,,4.5,5.3,5.8,Passed,7.9
SU2024,SU2024-class 6,15,1905AIFCJE,,4.5,8.2,7.4,Passed,9.2
SU2024,SU2024-class 6,16,1905AIFEAE,,5.8,5.1,5.7,Passed,6.3
SU2024,SU2024-class 6,17,1905AIDHDC,,6.3,8.8,8.3,Passed,9.8
SU2024,SU2024-class 6,18,1905AIDEIB,,2.7,7.3,6.5,Passed,9.4
SU2024,SU2024-class 6,19,1905AIDICH,,2.4,4,4.5,Not Passed,7.5
SU2024,SU2024-class 6,20,1905AIFBAC,,6.6,5.9,6.8,Passed,8.2
SU2024,SU2024-class 6,21,1905AIBDEA,,6.9,4.1,5.8,Passed,7.1
SU2024,SU2024-class 6,22,1905AIFBIC,,4.8,7.8,7.4,Passed,9.5
SU2024,SU2024-class 6,23,1905AIDEFA,,8,5.3,7.1,Passed,8.8
SU2024,SU2024-class 6,24,1905AIDCDC,,4.2,4.1,5.2,Passed,7.5
SU2024,SU2024-class 6,25,1905AIFEIE,,9.2,5.5,7.9,Passed,9.8
SU2024,SU2024-class 6,26,1905AIFDDD,,4.7,6.1,6.2,Passed,7.8
SU2024,SU2024-class 6,27,1905AIDCDB,,4.7,4.7,6,Passed,9
SU2024,SU2024-class 6,28,1905AIDFEA,,4.9,6.5,5.9,Passed,6.2
SU2024,SU2024-class 6,29,1905AHJFBC,,7.6,5,7,Passed,9.3
SU2024,SU2024-class 6,30,1905AIFFIA,,4.4,6.5,5.9,Passed,6.5
SU2024,SU2024-class 6,31,1905AIAJDD,,4.9,4.6,6.1,Passed,9.3
SU2024,SU2024-class 6,32,1905AHDHIG,,0,0,1.2,Attendance Fail,3.9
SU2024,SU2024-class 6,33,1905AIDAIG,,4.7,5.3,6.1,Passed,8.4
SU2024,SU2024-class 6,34,1905AICIBG,,4.4,4.7,6,Passed,9.4
SU2024,SU2024-class 6,35,1905AIDAEH,,4.7,4.2,4.8,Not Passed,5.6
SU2024,SU2024-class 7,1,1905AIAJIH,,2.5,6,5.1,Passed,6.5
SU2024,SU2024-class 7,2,1905AIDDII,,10,5.4,7.9,Passed,9.1
SU2024,SU2024-class 7,3,1905AICHGE,,5,8.2,7,Passed,7.3
SU2024,SU2024-class 7,4,1905AICHJB,,5,3.6,5.2,Not Passed,7.6
SU2024,SU2024-class 7,5,1905AHDBHE,,8,4.2,6.5,Passed,8.1
SU2024,SU2024-class 7,6,1905AIBCGJ,,7.5,4.6,6.5,Passed,8
SU2024,SU2024-class 7,7,1905AHCHGG,,9,6,7.6,Passed,8.3
SU2024,SU2024-class 7,8,1905AIDABG,,9.5,6,7.8,Passed,8.6
SU2024,SU2024-class 7,9,1905AIDGFE,,8,4.2,6.5,Passed,8.1
SU2024,SU2024-class 7,10,1905AIDJAI,,7,6.8,7.1,Passed,7.6
SU2024,SU2024-class 7,11,1905AIFFEC,,6,4.2,5.7,Passed,7.4
SU2024,SU2024-class 7,12,1905AICJAJ,,0,0,0,Attendance Fail,0
SU2024,SU2024-class 7,13,1905AIJCCC,,10,4.4,6.7,Passed,6.6
SU2024,SU2024-class 7,14,1905AICAAJ,,7,4.6,6.3,Passed,7.8
SU2024,SU2024-class 7,15,1905AIDEBE,,9,5.8,7.5,Passed,8.4
SU2024,SU2024-class 7,16,1905AIDAIJ,,9,6.2,7.7,Passed,8.5
SU2024,SU2024-class 7,17,1905AHBJGA,,3.8,3.2,3.9,Not Passed,5
SU2024,SU2024-class 7,18,1905AIDFDE,,8,4.2,6.4,Passed,7.6
SU2024,SU2024-class 7,19,1905AHCCAF,,9.5,7.8,8.5,Passed,8.5
SU2024,SU2024-class 7,20,1905AIDDHD,,9,4.2,6.9,Passed,8.3
SU2024,SU2024-class 7,21,1905AIBHDG,,9,4,6.9,Passed,8.8
SU2024,SU2024-class 7,22,1905AIJDAJ,,10,7.2,8.7,Passed,9.4
SU2024,SU2024-class 7,23,1905AHCCGI,,9,4,6.7,Passed,8
SU2024,SU2024-class 7,24,1905AIBJGI,,9,5.8,7.5,Passed,8.4
SU2024,SU2024-class 7,25,1905AIBCAF,,9,5.4,7.5,Passed,8.8
SU2024,SU2024-class 7,26,1905AIBHHJ,,8.3,3,6,Not Passed,7.6
SU2024,SU2024-class 7,27,1905AHDAFF,,6,6.8,6.8,Passed,7.5
SU2024,SU2024-class 7,28,1905AIDBGA,,9.5,5.8,7.9,Passed,9
SU2024,SU2024-class 7,29,1905AHJFHC,,9.5,5.2,7.5,Passed,8.6
SU2024,SU2024-class 7,30,1905AIFGDD,,8.5,5.2,7.1,Passed,8.3
SU2024,SU2024-class 7,31,1905AHJDJF,,0,0,0,Attendance Fail,0
SU2024,SU2024-class 7,32,1905AIJJHC,,9,5.2,7.4,Passed,8.6
SU2024,SU2024-class 7,33,1905AHDCEI,,8,6.4,7.4,Passed,8
SU2024,SU2024-class 7,34,1905AIDBBE,,9.5,4.2,7.1,Passed,8.6
SU2024,SU2024-class 7,35,1705AHJBAC,,8.5,4.6,7,Passed,8.6
SU2024,SU2024-class 8,1,1905AHDHEJ,,0,0,0,Attendance Fail,0
SU2024,SU2024-class 8,2,1905AIJDJB,,8.8,4.4,7.4,Passed,10
SU2024,SU2024-class 8,3,1905AIJBFH,,7.9,4.6,7.1,Passed,9.8
SU2024,SU2024-class 8,4,1905AHBCHC,,7.3,9.2,8.9,Passed,10
SU2024,SU2024-class 8,5,1905AIFBFH,,7.5,5.3,6.2,Passed,6
SU2024,SU2024-class 8,6,1905AHCBEJ,,0,0,0,Attendance Fail,0
SU2024,SU2024-class 8,7,1905AIDDBH,,0,3.9,1.6,Not Passed,0
SU2024,SU2024-class 8,8,1905AHDIDH,,0,0,0,Attendance Fail,0
SU2024,SU2024-class 8,9,1905AIJHBI,,8.7,4.9,7.4,Passed,9.3
SU2024,SU2024-class 8,10,1905AHJJAG,,9,5.4,7.9,Passed,10
SU2024,SU2024-class 8,11,1905AIJAEC,,9.2,5,7.7,Passed,9.9
SU2024,SU2024-class 8,12,1905AHBCJH,,7.1,0,5.1,Attendance Fail,10
SU2024,SU2024-class 8,13,1905AHJBHD,,6,8.4,7.6,Passed,8.3
SU2024,SU2024-class 8,14,1905AIJFCF,,8.2,4.5,7.2,Passed,9.8
SU2024,SU2024-class 8,15,1905AIJJGD,,9.2,3.4,7.1,Not Passed,10
SU2024,SU2024-class 8,16,1905AIJGIB,,8.8,4.7,7.2,Passed,9.1
SU2024,SU2024-class 8,17,1905AIJGGA,,7.5,3.9,6.6,Not Passed,9.4
SU2024,SU2024-class 8,18,1905AIJAHB,,8.3,4.9,7.4,Passed,9.8
SU2024,SU2024-class 8,19,1905AHEJIH,,7.9,4.7,7.2,Passed,9.9
SU2024,SU2024-class 8,20,1905AIFGCG,,6.5,7.6,7.8,Passed,9.3
SU2024,SU2024-class 8,21,1905AHCFEJ,,9.1,4.6,7.2,Passed,8.8
SU2024,SU2024-class 8,22,1905AIJCCB,,7.9,5,7.4,Passed,10
SU2024,SU2024-class 8,23,1905AICJJE,,7.8,5.7,6.5,Passed,6.4
SU2024,SU2024-class 8,24,1905AIJGCI,,9.3,5.3,7.8,Passed,9.5
SU2024,SU2024-class 8,25,1905AHBHAF,,9.1,3.8,7.1,Not Passed,9.5
SU2024,SU2024-class 8,26,1905AGBCJB,,8.7,4,7,Passed,9.5
SU2024,SU2024-class 8,27,1905AGBIJC,,7,4,6.6,Passed,9.5
SU2024,SU2024-class 8,28,1905AIJBID,,8.4,4.1,7.2,Passed,10
SU2024,SU2024-class 8,29,1905AHDDFG,,8.6,9.2,9.3,Passed,10
SU2024,SU2024-class 8,30,1905AHJEGB,,7.4,6.6,7.4,Passed,8.5
SU2024,SU2024-class 8,31,1905AGAGHE,,6.8,1.8,5.7,Not Passed,10
SU2024,SU2024-class 8,32,1905AIDCAC,,9.1,4.1,7.2,Passed,9.3
SU2024,SU2024-class 8,33,1905AGBBJA,,9.2,4.1,7.4,Passed,10
SU2024,SU2024-class 8,34,1905AIDFFH,,8.5,5.3,7.5,Passed,9.5
SU2024,SU2024-class 8,35,1905AIFDJA,,8.1,5.3,7.2,Passed,8.9
SU2024,SU2024-class 9,1,1905AIDEFE,,0,0,0,Attendance Fail,0
SU2024,SU2024-class 9,2,1905AIDCHF,,4.5,4.7,5.3,Passed,7
SU2024,SU2024-class 9,3,1905AICBAD,,4,4,5.5,Passed,8.9
SU2024,SU2024-class 9,4,1905AIAJIH,,2,0,2.5,Attendance Fail,6.4
SU2024,SU2024-class 9,5,1905AIJIJB,,9.5,6.5,8.3,Passed,9.4
SU2024,SU2024-class 9,6,1905AIAJJH,,5,5.7,6,Passed,7.5
SU2024,SU2024-class 9,7,1905AIDECC,,6.8,5.9,6.4,Passed,6.6
SU2024,SU2024-class 9,8,1905AICFAH,,7.3,4.9,6.4,Passed,7.6
SU2024,SU2024-class 9,9,1905AIBAEI,,0,0,0,Attendance Fail,0
SU2024,SU2024-class 9,10,1905AICCHB,,4,4.3,5.3,Passed,7.9
SU2024,SU2024-class 9,11,1905AICFFE,,4.3,4.1,5.6,Passed,9
SU2024,SU2024-class 9,12,1905AIBIEI,,4.3,4.1,5.3,Passed,8.1
SU2024,SU2024-class 9,13,1905AIBGJI,,4.3,3.2,5.3,Not Passed,9.2
SU2024,SU2024-class 9,14,1905AIDGJG,,4,5.5,5.9,Passed,8.4
SU2024,SU2024-class 9,15,1905AICJGI,,3.5,4,5,Passed,7.8
SU2024,SU2024-class 9,16,1905AIBFGC,,4.5,4.5,5.5,Passed,7.8
SU2024,SU2024-class 9,17,1905AIBBFF,,2,3.6,4.3,Not Passed,7.7
SU2024,SU2024-class 9,18,1905AIFFGA,,2.8,4.8,5.1,Passed,7.9
SU2024,SU2024-class 9,19,1905AICFHE,,4.3,4.9,6,Passed,9.3
SU2024,SU2024-class 9,20,1905AICDCC,,4.3,4.9,5.8,Passed,8.5
SU2024,SU2024-class 9,21,1905AGBAFE,,4,2,3.8,Not Passed,6.1
SU2024,SU2024-class 9,22,1905AIBBIC,,8.5,5.7,7.7,Passed,9.6
SU2024,SU2024-class 9,23,1905AIJEGD,,4,8.6,6.5,Passed,6.2
SU2024,SU2024-class 9,24,1905AIAAAG,,6,5.4,5.7,Passed,5.8
SU2024,SU2024-class 9,25,1905AIDGCE,,4,3,3.7,Not Passed,4.3
SU2024,SU2024-class 9,26,1905AICAEG,,5.8,4.5,5.6,Passed,6.8
SU2024,SU2024-class 9,27,1905AIBDGB,,4,4.5,5.2,Passed,7.4
SU2024,SU2024-class 9,28,1905AIDFCC,,2.3,4.9,5.2,Passed,8.4
SU2024,SU2024-class 9,29,1905AIBCEH,,4,8,6.3,Passed,6.3
SU2024,SU2024-class 9,30,1905AIBIED,,4,2.4,4.9,Not Passed,9.1
SU2024,SU2024-class 9,31,1905AIBGIF,,4,2.2,4.9,Not Passed,9.5
SU2024,SU2024-class 9,32,1905AIBFDJ,,4.3,4.5,5.7,Passed,8.8
SU2024,SU2024-class 9,33,1905AIBAFI,,7.8,5.9,7.2,Passed,8.4
SU2024,SU2024-class 9,34,1905AIDHEE,,4,4.5,5.6,Passed,8.6
SU2024,SU2024-class 9,35,1905AICAEH,,4.3,3.2,5.3,Not Passed,9
SU2024,SU2024-class 10,1,1905AIFBAJ,,8.4,5.9,7.6,Passed,9.1
SU2024,SU2024-class 10,2,1905AIFBGG,,8.5,4.9,7.2,Passed,8.9
SU2024,SU2024-class 10,3,1905AIDHBI,,7.7,3.8,6.4,Not Passed,8.5
SU2024,SU2024-class 10,4,1905AIFDGH,,7.9,4.5,6.8,Passed,8.9
SU2024,SU2024-class 10,5,1905AIDJBC,,8.5,4.3,7,Passed,9.1
SU2024,SU2024-class 10,6,1905AICBFD,,8.2,4.6,7,Passed,9.1
SU2024,SU2024-class 10,7,1905AICHBG,,9,4.1,7.2,Passed,9.4
SU2024,SU2024-class 10,8,1905AIDDID,,8.9,4.1,7,Passed,9
SU2024,SU2024-class 10,9,1905AICIJI,,8.3,4.7,7,Passed,8.6
SU2024,SU2024-class 10,10,1905AHDHDG,,8.1,4.5,7,Passed,9.2
SU2024,SU2024-class 10,11,1905AIFBHJ,,9.8,4.9,7.7,Passed,9.5
SU2024,SU2024-class 10,12,1905AIDCEA,,8.5,5.3,7.2,Passed,8.5
SU2024,SU2024-class 10,13,1905AIDFAF,,7.9,4.8,6.9,Passed,8.6
SU2024,SU2024-class 10,14,1905AHJFAE,,8.5,0,5.2,Not Passed,8.9
SU2024,SU2024-class 10,15,1905AICIAE,,7.9,4.1,6.4,Passed,8
SU2024,SU2024-class 10,16,1905AIFFCJ,,8.9,4.1,7,Passed,9
SU2024,SU2024-class 10,17,1905AIFBGJ,,8.7,3.8,6.8,Not Passed,8.8
SU2024,SU2024-class 10,18,1905AICHFE,,9.2,5.4,7.6,Passed,8.9
SU2024,SU2024-class 10,19,1905AIDGEJ,,8.4,5.5,7.5,Passed,9.3
SU2024,SU2024-class 10,20,1905AIDJEA,,8.3,4.5,6.8,Passed,8.3
SU2024,SU2024-class 10,21,1905AIDGEG,,8,4.3,6.9,Passed,9.1
SU2024,SU2024-class 10,22,1905AIDDIA,,8,4.7,7,Passed,8.9
SU2024,SU2024-class 10,23,1905AIDJID,,8.7,5.3,7.2,Passed,8.4
SU2024,SU2024-class 10,24,1905AIDBHG,,6.8,5.1,6.7,Passed,8.6
SU2024,SU2024-class 10,25,1905AIJFJG,,8.9,5.5,7.6,Passed,9.2
SU2024,SU2024-class 10,26,1905AIDEIG,,8.1,4.1,6.7,Passed,9
SU2024,SU2024-class 10,27,1905AIFEJA,,8.4,4.5,7,Passed,9
SU2024,SU2024-class 10,28,1905AIDGHD,,8.5,7.3,7.6,Passed,7.3
SU2024,SU2024-class 10,29,1905AHDCGC,,7.1,8.2,7.9,Passed,8.2
SU2024,SU2024-class 10,30,1905AIDJIA,,8.7,4.1,6.8,Passed,8.6
SU2024,SU2024-class 10,31,0305AIAFHF,,8.7,4.9,7.3,Passed,9.2
SU2024,SU2024-class 10,32,1905AIFEGB,,8.9,4.5,6.7,Passed,7.5
SU2024,SU2024-class 10,33,1905AIDCCE,,8.1,4.7,7,Passed,9
SU2024,SU2024-class 10,34,1905AIFFJD,,8.9,4.7,7.3,Passed,9.2
SU2024,SU2024-class 11,1,1905AIJFBG,,4.3,5.5,6.3,Passed,9.5
SU2024,SU2024-class 11,2,1905AICGFG,,5.8,4.7,6.3,Passed,9
SU2024,SU2024-class 11,3,1905AICGDA,,5.5,6,6.7,Passed,9
SU2024,SU2024-class 11,4,1905AICGCD,,5.3,4.9,6,Passed,8.3
SU2024,SU2024-class 11,5,1905AIBAII,,4.3,4.5,5.9,Passed,9.5
SU2024,SU2024-class 11,6,1905AICGAA,,4,4.6,5.7,Passed,9
SU2024,SU2024-class 11,7,1905AICFAB,,4,4.9,6.1,Passed,9.7
SU2024,SU2024-class 11,8,1905AHDAAH,,4,4.3,5.7,Passed,9.4
SU2024,SU2024-class 11,9,1905AIDHJG,,3.5,0,3,Attendance Fail,6.6
SU2024,SU2024-class 11,10,1905AICCGI,,4,3.2,5.1,Not Passed,8.6
SU2024,SU2024-class 11,11,1905AIJABG,,6,5.1,6.2,Passed,7.9
SU2024,SU2024-class 11,12,1905AIBCGA,,6.8,3.8,6.4,Not Passed,9.4
SU2024,SU2024-class 11,13,1905AICGCH,,7.5,5.5,6.5,Passed,6.9
SU2024,SU2024-class 11,14,1905AIJCAG,,4.3,4.3,5.7,Passed,9
SU2024,SU2024-class 11,15,1905AICCBJ,,5.5,4.5,6,Passed,8.4
SU2024,SU2024-class 11,16,1905AIAAJC,,4,9.2,7.8,Passed,9.6
SU2024,SU2024-class 11,17,1905AICGCI,,4.8,3.9,5,Not Passed,6.6
SU2024,SU2024-class 11,18,1905AIDHFA,,4.5,5.5,6.4,Passed,9.6
SU2024,SU2024-class 11,19,1905AIBAHJ,,5,6.1,6.5,Passed,8.7
SU2024,SU2024-class 11,20,1905AIDAHI,,4.8,6.5,6.5,Passed,8.4
SU2024,SU2024-class 11,21,1905AICGJB,,9,6.1,7.9,Passed,9.4
SU2024,SU2024-class 11,22,1905AICGBA,,4.3,3.8,5.4,Not Passed,8.6
SU2024,SU2024-class 11,23,1905AIBCEI,,4.5,4.1,5.7,Passed,9
SU2024,SU2024-class 11,24,1905AICAHF,,5.3,2.7,5,Not Passed,8
SU2024,SU2024-class 11,25,1905AHCBFG,,3,0,2.4,Attendance Fail,4.9
SU2024,SU2024-class 11,26,1905AIBFCA,,4,4.7,5.9,Passed,9.3
SU2024,SU2024-class 11,27,1905AHCGHI,,4.5,9.2,7.9,Passed,9.6
SU2024,SU2024-class 11,28,1905AICGBB,,4.5,6.1,6.4,Passed,8.9
SU2024,SU2024-class 11,29,1905AIBEJB,,4.8,4.2,5.9,Passed,9.3
SU2024,SU2024-class 11,30,1905AHJCIJ,,4.3,4,5.6,Passed,9.2
SU2024,SU2024-class 11,31,1905AIJEAD,,6.3,3.8,6.2,Not Passed,9.4
SU2024,SU2024-class 12,1,1905AIJCDE,,5.8,5.4,6.5,Passed,8.9
SU2024,SU2024-class 12,2,1905AIDGGG,,4.8,4.7,6.2,Passed,9.6
SU2024,SU2024-class 12,3,1905AHJAHG,,4,3.2,4.9,Not Passed,8.2
SU2024,SU2024-class 12,4,1905AHJDCG,,4,3.8,5.5,Not Passed,9.1
SU2024,SU2024-class 12,5,1905AHJADH,,0,0,0.3,Attendance Fail,1.2
SU2024,SU2024-class 12,6,1905AIDGHC,,4.3,4.2,4.9,Not Passed,6.6
SU2024,SU2024-class 12,7,1905AHJJFE,,2.3,4,4.5,Not Passed,7.4
SU2024,SU2024-class 12,8,1905AHDIIH,,4,4.3,5,Passed,7
SU2024,SU2024-class 12,9,1905AIBDBG,,7.5,5.7,7.2,Passed,8.8
SU2024,SU2024-class 12,10,1905AFAADG,,4.3,4.5,5.5,Passed,8
SU2024,SU2024-class 12,11,1905AGJAIB,,2,0,2.4,Not Passed,5.9
SU2024,SU2024-class 12,12,1905AGBCDF,,4,0,2.3,Attendance Fail,3.8
SU2024,SU2024-class 12,13,1905AHAGHE,,4,8.4,7,Passed,8.2
SU2024,SU2024-class 12,14,1905AGBEGH,,4,9.2,7,Passed,7.2
SU2024,SU2024-class 12,15,1905AHCBGD,,8.5,4.4,6.7,Passed,7.9
SU2024,SU2024-class 12,16,1905AGJEGD,,0,0,0.6,Attendance Fail,2.1
SU2024,SU2024-class 12,17,1905AIDGHI,,3,5.9,5.4,Passed,7.1
SU2024,SU2024-class 12,18,1905AIDGEA,,4,5.2,5.2,Passed,6.3
SU2024,SU2024-class 12,19,1905AIJCEJ,,4.8,4.4,6,Passed,9.5
SU2024,SU2024-class 12,20,1905AHJADC,,4.3,4.2,5.4,Passed,8.2
SU2024,SU2024-class 12,21,1905AGBCFG,,0,0,0,Attendance Fail,0
SU2024,SU2024-class 12,22,1905AGBHHA,,6.5,5.9,7.2,Passed,9.6
SU2024,SU2024-class 12,23,1905AICBID,,4.5,4.8,5.8,Passed,8.5
SU2024,SU2024-class 12,24,1905AIDHJE,,3.5,4.9,5.4,Passed,7.9
SU2024,SU2024-class 12,25,1919AIFFEH,,6.5,5.5,6.7,Passed,8.6
SU2024,SU2024-class 12,26,1905AHAHDE,,5,7.6,5.9,Passed,4.5
SU2024,SU2024-class 12,27,1905AIAAAH,,4,5.2,5.2,Passed,6.4
SU2024,SU2024-class 12,28,1905AGAHDC,,4,8.4,6.8,Passed,7.4
SU2024,SU2024-class 12,29,1905AIDFBC,,4,4.3,5.4,Passed,8.3
SU2024,SU2024-class 12,30,1905AIFFAE,,7.3,5.5,7.3,Passed,9.8
SU2024,SU2024-class 12,31,1905AIDHJA,,6.5,5.5,7.1,Passed,9.7
SU2024,SU2024-class 12,32,1905AGAFBA,,0,0,0.6,Attendance Fail,2
SU2024,SU2024-class 12,33,1905AHCFJF,,4.5,5.6,6.2,Passed,8.6
SU2024,SU2024-class 12,34,1905AIDCDF,,4,5.5,6.1,Passed,9
SU2024,SU2024-class 13,1,1905AIDGFB,,6.5,0,2.9,Attendance Fail,3.3
SU2024,SU2024-class 13,2,1905AHBEJH,,7.8,4,5.7,Passed,5.9
SU2024,SU2024-class 13,3,1905AGCFJI,,7.5,4.3,6.1,Passed,7.3
SU2024,SU2024-class 13,4,1905AHJFJA,,7.3,4.2,6.2,Passed,7.8
SU2024,SU2024-class 13,5,1905AHDIDF,,7.8,7.6,7.5,Passed,7.3
SU2024,SU2024-class 13,6,1905AHJCEF,,7.5,3.6,6.1,Not Passed,8.1
SU2024,SU2024-class 13,7,1905AHJCGH,,7.5,3,5.9,Not Passed,8.3
SU2024,SU2024-class 13,8,1905AIFFBD,,7.8,5.5,6.8,Passed,7.5
SU2024,SU2024-class 13,9,1905AHJDAD,,7.8,4.5,6.7,Passed,8.6
SU2024,SU2024-class 13,10,1905AHJCJG,,7.8,4,6,Passed,7
SU2024,SU2024-class 13,11,1905AIFBAA,,7.5,4.9,6.6,Passed,7.9
SU2024,SU2024-class 13,12,1919AHADAI,,7.5,8.8,8.1,Passed,7.8
SU2024,SU2024-class 13,13,1905AIFCJG,,8.5,5.5,7.3,Passed,8.5
SU2024,SU2024-class 13,14,1905AHJEHD,,7.5,7.2,7.5,Passed,8
SU2024,SU2024-class 13,15,1905AHJCDB,,9,8.2,7.9,Passed,6.3
SU2024,SU2024-class 13,16,1905AHJBHE,,8.3,4.5,6.9,Passed,8.6
SU2024,SU2024-class 13,17,1905AIDGCJ,,7,0,3,Attendance Fail,3
SU2024,SU2024-class 13,18,1905AIBABD,,7.8,4.3,6.5,Passed,8.3
SU2024,SU2024-class 13,19,1919AGJHIJ,,7,4.6,6.4,Passed,8.3
SU2024,SU2024-class 13,20,1905AHAHDF,,7,6.1,6.1,Passed,5.1
SU2024,SU2024-class 13,21,1905AHAHGC,,7,0,4.4,Attendance Fail,7.6
SU2024,SU2024-class 13,22,1905AHJGEB,,7.3,4.6,6.2,Passed,7.4
SU2024,SU2024-class 13,23,1905AHJCJB,,7.8,8.4,8,Passed,7.6
SU2024,SU2024-class 13,24,1905AIDDHJ,,7.5,3,6,Not Passed,8.4
SU2024,SU2024-class 13,25,1905AICCFD,,6.8,3.2,5.7,Not Passed,7.9
SU2024,SU2024-class 13,26,1905AHAHJJ,,8,8.4,8.2,Passed,8.3
SU2024,SU2024-class 13,27,1905AHJBHI,,8.5,4.2,7,Passed,9.1
SU2024,SU2024-class 13,28,1905AHJAIF,,1,0,0.6,Attendance Fail,1
SU2024,SU2024-class 13,29,1905AHJEJB,,8,3,6,Not Passed,8
SU2024,SU2024-class 13,30,1905AHJBGC,,7.5,8.8,8.1,Passed,7.8
SU2024,SU2024-class 13,31,1905AHBGCI,,9,8.4,7.9,Passed,6.3
SU2024,SU2024-class 13,32,1901AIDBHB,,8.5,5.1,7.3,Passed,9.1
SU2024,SU2024-class 14,1,1905AHCAHC,,0,0,0,Attendance Fail,0
SU2024,SU2024-class 14,2,1905AHCHJD,,4,3.2,4.8,Not Passed,7.6
SU2024,SU2024-class 14,3,1905AHCIJI,,6.1,2.8,5.2,Not Passed,7.5
SU2024,SU2024-class 14,4,1905AHCDHB,,4.3,9.2,6.2,Passed,4.3
SU2024,SU2024-class 14,5,1905AHCJBB,,4.4,5,4.4,Not Passed,3.8
SU2024,SU2024-class 14,6,1905AICFBE,,6.9,5.3,7,Passed,9.3
SU2024,SU2024-class 14,7,1905AGBCCC,,0,0,0.5,Attendance Fail,1.7
SU2024,SU2024-class 14,8,1905AHDJJF,,3.7,7.3,5.9,Passed,6.2
SU2024,SU2024-class 14,9,1905AHJCHJ,,4,8.4,6.2,Passed,5.4
SU2024,SU2024-class 14,10,1919AGJDDJ,,7.2,4.7,6.4,Passed,7.8
SU2024,SU2024-class 14,11,1905AHCCDI,,6.9,9.2,7.1,Passed,4.7
SU2024,SU2024-class 14,12,1905AIDADH,,8.7,6.9,8.1,Passed,9.1
SU2024,SU2024-class 14,13,1905AICEIC,,7,4.9,5.8,Passed,6
SU2024,SU2024-class 14,14,1905AIJAGE,,7,4.5,6.1,Passed,7.3
SU2024,SU2024-class 14,15,1905AHBEAD,,7.3,0,5,Not Passed,9.3
SU2024,SU2024-class 14,16,1905AHJBED,,0,0,0,Attendance Fail,0
SU2024,SU2024-class 14,17,1905AHAHCD,,4,3.8,4.7,Not Passed,6.5
SU2024,SU2024-class 14,18,1905AHCIEE,,3.7,4,4,Not Passed,4.5
SU2024,SU2024-class 14,19,1905AHCJFA,,5.6,4.9,6.1,Passed,8.2
SU2024,SU2024-class 14,20,1905AHCCEI,,3.9,8.2,5.3,Passed,2.8
SU2024,SU2024-class 14,21,1905AHCDBC,,6.2,3.4,4.8,Not Passed,5.3
SU2024,SU2024-class 14,22,1905AHCEFC,,4.9,9.2,7.1,Passed,6.6
SU2024,SU2024-class 14,23,1905AICEJD,,3.2,5.1,4.8,Not Passed,6
SU2024,SU2024-class 14,24,1905AHCCFB,,2.4,0,1.2,Attendance Fail,1.5
SU2024,SU2024-class 14,25,1905AHCEBH,,4.4,4.7,5.3,Passed,7.1
SU2024,SU2024-class 14,26,1905AIDCFA,,7.9,5.7,7.3,Passed,8.8
SU2024,SU2024-class 14,27,1905AICHDH,,7,2.7,4.7,Not Passed,5
SU2024,SU2024-class 15,1,1905AIBAGB,,3.8,0,1.8,Attendance Fail,2.3
SU2024,SU2024-class 15,2,1905AHDHGI,,4.3,3.4,4.1,Not Passed,4.8
SU2024,SU2024-class 15,3,1905AHDABI,,6.5,4,5.7,Passed,7.1
SU2024,SU2024-class 15,4,1905AHDBEI,,6.8,4.1,5.8,Passed,7
SU2024,SU2024-class 15,5,1905AIBEHJ,,7.3,2.8,5.8,Not Passed,8.3
SU2024,SU2024-class 15,6,1905AHCJJG,,6.8,8,7.2,Passed,6.6
SU2024,SU2024-class 15,7,1905AHDDDH,,6.3,4,5.7,Passed,7.3
SU2024,SU2024-class 15,8,1905AICFBJ,,7,3.9,5.9,Not Passed,7.5
SU2024,SU2024-class 15,9,1905AIBECF,,7.5,5.7,7.2,Passed,8.8
SU2024,SU2024-class 15,10,1905AIBIHJ,,6.5,0,4,Not Passed,6.9
SU2024,SU2024-class 15,11,1905AHDDBA,,5,3.8,5,Not Passed,6.8
SU2024,SU2024-class 15,12,1905AICFGD,,7.5,4.9,6.6,Passed,8
SU2024,SU2024-class 15,13,1905AIJIBD,,7.3,8.6,7.9,Passed,7.6
SU2024,SU2024-class 15,14,1905AHDJEG,,4.8,4.3,5.2,Passed,6.8
SU2024,SU2024-class 15,15,1905AHDAAE,,7.5,0,4.4,Attendance Fail,7
SU2024,SU2024-class 15,16,1905AIJHEE,,7.3,5.4,6.7,Passed,7.8
SU2024,SU2024-class 15,17,1905AHBJGI,,6.8,4.1,6,Passed,7.6
SU2024,SU2024-class 15,18,1905AHDGAF,,6.8,4.1,6,Passed,7.9
SU2024,SU2024-class 15,19,1905AIDJIC,,7,5.1,6.7,Passed,8.5
SU2024,SU2024-class 15,20,1905AHDDII,,7.3,8.8,8.2,Passed,8.3
SU2024,SU2024-class 15,21,1905AHDIHC,,7.8,4.1,6.1,Passed,7.1
SU2024,SU2024-class 15,22,1905AGCEEC,,3.8,3.8,4.4,Not Passed,5.9
SU2024,SU2024-class 15,23,1905AHCEAF,,7,3.5,5.9,Not Passed,7.9
SU2024,SU2024-class 15,24,1905AIAJCD,,6,4.5,5.9,Passed,7.5
SU2024,SU2024-class 15,25,1905AHDHJC,,4.8,0,2.1,Attendance Fail,2.3
SU2024,SU2024-class 15,26,1905AHDEGI,,7.3,2,5.5,Not Passed,8.3
SU2024,SU2024-class 15,27,1905AHDIEI,,6.8,4.1,5.7,Passed,6.9
SU2024,SU2024-class 15,28,1905AHDICD,,6.5,8.4,7.7,Passed,8.1
SU2024,SU2024-class 15,29,1905AHDGHD,,5,3.6,4.9,Not Passed,6.5
SU2024,SU2024-class 15,30,1905AHBADH,,7.5,8.4,8,Passed,8
SU2024,SU2024-class 15,31,1905AIDFBE,,6.8,0,4.2,Attendance Fail,7.3
SU2024,SU2024-class 15,32,1905AHDBCE,,7,2.6,5.5,Not Passed,7.9
SU2024,SU2024-class 15,33,1905AHDFDJ,,6.5,4.6,5.9,Passed,7
SU2024,SU2024-class 15,34,1905AHDDGJ,,7.3,4.3,6.3,Passed,8
SU2024,SU2024-class 16,1,1905AIJAAA,,9,4.6,7.1,Passed,8.4
SU2024,SU2024-class 16,2,1905AIJADE,,7.5,5.7,6.3,Passed,6
SU2024,SU2024-class 16,3,1905AIJAJB,,9,4.7,7,Passed,8.1
SU2024,SU2024-class 16,4,1905AICJGC,,10,5.3,7.5,Passed,7.9
SU2024,SU2024-class 16,5,1905AIJBHC,,8.5,5.1,6.2,Passed,5.5
SU2024,SU2024-class 16,6,1905AIJJDG,,9,4.7,7.1,Passed,8.4
SU2024,SU2024-class 16,7,1905AIJAAB,,8,4.3,6.3,Passed,7.3
SU2024,SU2024-class 16,8,1905AIBIDG,,8,5.7,7,Passed,7.9
SU2024,SU2024-class 16,9,1905AIJJAA,,9,5.5,7.2,Passed,7.5
SU2024,SU2024-class 16,10,1905AIDCIG,,8.3,4.1,5.4,Passed,4.4
SU2024,SU2024-class 16,11,1905AICCJH,,8.5,4.1,6.1,Passed,6.4
SU2024,SU2024-class 16,12,1905AICGDC,,9,4.7,7,Passed,8
SU2024,SU2024-class 16,13,1905AIJJGJ,,9,6.1,7.5,Passed,8
SU2024,SU2024-class 16,14,1905AIJAEE,,8.5,7.2,8,Passed,8.5
SU2024,SU2024-class 16,15,1905AIJJJA,,9,5.7,7.3,Passed,7.9
SU2024,SU2024-class 16,16,1905AIJJCG,,9.8,5.9,7.3,Passed,6.9
SU2024,SU2024-class 16,17,1905AIJABF,,9,5.1,7,Passed,7.5
SU2024,SU2024-class 16,18,1905AIBHJD,,7.5,4.3,6.5,Passed,8.4
SU2024,SU2024-class 16,19,1905AIJAFE,,9,4.1,6.7,Passed,8
SU2024,SU2024-class 16,20,1905AIJAJD,,9,4.1,6.7,Passed,8
SU2024,SU2024-class 16,21,1905AHBHDF,,8.3,3.2,5.3,Not Passed,5.1
SU2024,SU2024-class 16,22,1905AIJJJE,,8,6.5,7.3,Passed,7.6
SU2024,SU2024-class 16,23,1905AIJJIH,,7,4.1,5.5,Passed,5.9
SU2024,SU2024-class 16,24,1905AIJJDD,,9,5.7,7.4,Passed,8.1
SU2024,SU2024-class 16,25,1905AIJJCE,,10,5.7,7.8,Passed,8.3
SU2024,SU2024-class 16,26,1905AGJBAA,,8.8,8.8,8.3,Passed,7.1
SU2024,SU2024-class 16,27,1905AHEJII,,0,0,0.9,Attendance Fail,3.1
SU2024,SU2024-class 16,28,1905AIJJHC,,0,0,1.5,Attendance Fail,5.1
SU2024,SU2024-class 16,29,1905AHJJHA,,8.8,2.9,5.9,Not Passed,7.1
SU2024,SU2024-class 16,30,1905AGJCEJ,,0,0,1.1,Attendance Fail,3.5
SU2024,SU2024-class 16,31,1905AGJEEH,,0,0,0,Attendance Fail,0
SU2024,SU2024-class 16,32,1905AIJIIA,,9,4.9,7.2,Passed,8.5
SU2024,SU2024-class 16,33,1905AIJAFD,,10,4.7,7.1,Passed,7.4
SU2024,SU2024-class 17,1,1905AIJAHE,,7,4.9,6.7,Passed,8.9
SU2024,SU2024-class 17,2,1905AIJCIC,,9.5,5.7,7.9,Passed,9.2
SU2024,SU2024-class 17,3,1905AIJBGD,,8,3.4,6.3,Not Passed,8.5
SU2024,SU2024-class 17,4,1905AICGAI,,10,5.2,7.9,Passed,9.5
SU2024,SU2024-class 17,5,1905AIJCJD,,8,4.3,6.3,Passed,7.3
SU2024,SU2024-class 17,6,1905AIJCEG,,7,0,3.4,Attendance Fail,4.3
SU2024,SU2024-class 17,7,1905AIJBEH,,9,5.7,7.6,Passed,8.7
SU2024,SU2024-class 17,8,1905AIJFGG,,9,4.3,7.2,Passed,9.4
SU2024,SU2024-class 17,9,1905AIJBAG,,7,5.3,6.8,Passed,8.6
SU2024,SU2024-class 17,10,1905AICFFD,,8,5.4,7.2,Passed,8.9
SU2024,SU2024-class 17,11,1905AIJCFE,,9.5,4.7,7.5,Passed,9.3
SU2024,SU2024-class 17,12,1905AIBEAD,,9.5,5.3,7.7,Passed,9.3
SU2024,SU2024-class 17,13,1905AIJFJH,,7,4.6,6.7,Passed,9.1
SU2024,SU2024-class 17,14,1905AIJBDG,,8.5,5.4,7.3,Passed,8.8
SU2024,SU2024-class 17,15,1905AIJCAA,,8,4.3,6.8,Passed,8.8
SU2024,SU2024-class 17,16,1905AIJCCC,,7,3.5,5.6,Not Passed,7.1
SU2024,SU2024-class 17,17,1905AICFGA,,8,3.4,6.4,Not Passed,8.8
SU2024,SU2024-class 17,18,1905AIJAIH,,9.5,7.6,8.6,Passed,8.9
SU2024,SU2024-class 17,19,1905AIJCGG,,9.5,6.3,8.1,Passed,9.1
SU2024,SU2024-class 17,20,1905AIJCHD,,9.5,5.6,7.8,Passed,9.1
SU2024,SU2024-class 17,21,1905AICGAB,,9.5,4.3,7,Passed,8.1
SU2024,SU2024-class 17,22,1905AIJCFF,,9.5,5.9,8,Passed,9.3
SU2024,SU2024-class 17,23,1905AIJAHG,,9.5,5.9,8,Passed,9.4
SU2024,SU2024-class 17,24,1905AIJCCE,,9.5,4.5,6.9,Passed,7.6
SU2024,SU2024-class 17,25,1905AIJCFJ,,9.5,6.9,8,Passed,8.1
SU2024,SU2024-class 17,26,1905AIJBCG,,8.5,3.6,6.7,Not Passed,9.2
SU2024,SU2024-class 17,27,1905AIJBCJ,,8,4.1,6.7,Passed,9
SU2024,SU2024-class 17,28,1905AICFIG,,8,4,6.1,Passed,7.1
SU2024,SU2024-class 17,29,1905AIBIIF,,8.5,4.2,6.9,Passed,8.8
SU2024,SU2024-class 17,30,1905AIJFEJ,,7,4.9,6.3,Passed,7.5
SU2024,SU2024-class 17,31,1905AHJCHH,,9.5,5.3,7.7,Passed,9.1
SU2024,SU2024-class 17,32,1905AIJBAH,,9.5,5.1,7.5,Passed,8.7
SU2024,SU2024-class 17,33,1905AHDIHH,,9,4.1,7.1,Passed,9.1
SU2024,SU2024-class 17,34,1905AIJBIE,,8,3.8,6.4,Not Passed,8.4
SU2024,SU2024-class 17,35,1905AICFHG,,10,5.5,8.1,Passed,9.7
SU2024,SU2024-class 18,1,1905AIJEGB,,9.2,4.5,7.2,Passed,8.8
SU2024,SU2024-class 18,2,1905AIJEJA,,9.5,4.1,7.2,Passed,9
SU2024,SU2024-class 18,3,1905AIJEAA,,9.2,6.3,8,Passed,9
SU2024,SU2024-class 18,4,1905AIJFEH,,9.5,6.1,8,Passed,9
SU2024,SU2024-class 18,5,1905AIJFBF,,9.2,5.6,7.7,Passed,9
SU2024,SU2024-class 18,6,1905AICHDC,,9.5,5.3,7.7,Passed,9
SU2024,SU2024-class 18,7,1905AIJEJC,,9.2,3.4,6.8,Not Passed,8.9
SU2024,SU2024-class 18,8,1905AIDDDJ,,9.1,5.5,7.6,Passed,9
SU2024,SU2024-class 18,9,1905AIJEGG,,9.2,3.8,7,Not Passed,9
SU2024,SU2024-class 18,10,1905AIJEGC,,9.2,5.6,7.7,Passed,8.9
SU2024,SU2024-class 18,11,1905AIJDJE,,9.2,4.3,7.1,Passed,8.8
SU2024,SU2024-class 18,12,1905AIJFDC,,9.1,3,6.6,Not Passed,9
SU2024,SU2024-class 18,13,1905AIJEEB,,9.1,4.6,7.3,Passed,9
SU2024,SU2024-class 18,14,1905AIJDAB,,9.1,8.8,9,Passed,9
SU2024,SU2024-class 18,15,1905AIJIEG,,9.2,3.6,6.8,Not Passed,8.8
SU2024,SU2024-class 18,16,1905AIJEHA,,9.5,4.3,7.3,Passed,9
SU2024,SU2024-class 18,17,1905AIJFBH,,9.5,5.5,7.8,Passed,9
SU2024,SU2024-class 18,18,1905AIJDBD,,9.1,3.1,6.7,Not Passed,9
SU2024,SU2024-class 18,19,1905AIJDJJ,,9.1,4.9,7.4,Passed,9
SU2024,SU2024-class 18,20,1905AIJEJG,,9.2,4.9,7.4,Passed,8.8
SU2024,SU2024-class 18,21,1905AIJEHF,,8.9,4.9,7.3,Passed,8.9
SU2024,SU2024-class 18,22,1905AIJFHJ,,9.2,6.3,8,Passed,9
SU2024,SU2024-class 18,23,1905AIJEHE,,9.2,4.5,7.2,Passed,8.9
SU2024,SU2024-class 18,24,1905AIJDAA,,9.5,4.9,7.5,Passed,9
SU2024,SU2024-class 18,25,1905AIJFID,,9.2,0,5.4,Not Passed,8.8
SU2024,SU2024-class 18,26,1905AIJFJD,,8.9,4.4,7,Passed,8.7
SU2024,SU2024-class 18,27,1905AIJEFJ,,9.2,4.1,7.1,Passed,9
SU2024,SU2024-class 18,28,1905AIJEEE,,9.5,4.8,7.5,Passed,9
SU2024,SU2024-class 18,29,1905AIAJBG,,9.1,0,5.4,Not Passed,9
SU2024,SU2024-class 18,30,1905AIJEIF,,9.5,3,6.7,Not Passed,9
SU2024,SU2024-class 18,31,1905AIBGAJ,,9.2,3.8,6.9,Not Passed,8.8
SU2024,SU2024-class 19,1,1905AIJGEI,,6.7,4.7,6.3,Passed,7.9
SU2024,SU2024-class 19,2,1905AHCICJ,,6.7,6.5,6.3,Passed,5.7
SU2024,SU2024-class 19,3,1905AIJHFB,,7.8,6.9,7.8,Passed,9.1
SU2024,SU2024-class 19,4,1905AIJGDE,,7.3,4.7,6.4,Passed,8
SU2024,SU2024-class 19,5,1905AIJHAB,,6.7,4.5,6.1,Passed,7.5
SU2024,SU2024-class 19,6,1905AGAEJH,,7.3,8.2,7.7,Passed,7.4
SU2024,SU2024-class 19,7,1905AIBIEH,,0,0,1.5,Attendance Fail,4.9
SU2024,SU2024-class 19,8,1905AIJIJJ,,8,6,7.2,Passed,8.1
SU2024,SU2024-class 19,9,1905AIJGFG,,1.5,0,1.8,Attendance Fail,4.4
SU2024,SU2024-class 19,10,1905AGBHBB,,7.7,4.3,6.2,Passed,7.2
SU2024,SU2024-class 19,11,1905AIJIFE,,0,0,0,Attendance Fail,0
SU2024,SU2024-class 19,12,1905AIJGJH,,7.5,5.5,6.7,Passed,7.4
SU2024,SU2024-class 19,13,1905AIJGAJ,,8.2,5.9,7.4,Passed,8.6
SU2024,SU2024-class 19,14,1905AIJGBE,,10,5.9,8.2,Passed,9.6
SU2024,SU2024-class 19,15,1905AIBHGF,,7.8,4.6,6.7,Passed,8.5
SU2024,SU2024-class 19,16,1905AIJECF,,7.5,5.5,6.6,Passed,7.2
SU2024,SU2024-class 19,17,1905AIJICJ,,7.9,6.1,7.2,Passed,8.2
SU2024,SU2024-class 19,18,1905AIJIFA,,7.1,2,5.1,Not Passed,7.3
SU2024,SU2024-class 19,19,1905AIJGAF,,7.3,5.1,6.7,Passed,8.4
SU2024,SU2024-class 19,20,1905AIJHGH,,7.1,5.2,6.5,Passed,7.8
SU2024,SU2024-class 19,21,1905AIJHCH,,9.5,5.9,8,Passed,9.3
SU2024,SU2024-class 19,22,1905AIJGDB,,8.7,6,7.7,Passed,9.2
SU2024,SU2024-class 19,23,1905AIJGDI,,7.6,4.4,6.3,Passed,7.6
SU2024,SU2024-class 19,24,1905AIJIAE,,7.8,4.6,6.5,Passed,7.8
SU2024,SU2024-class 19,25,1905AIJHII,,8.4,4.7,7,Passed,8.6
SU2024,SU2024-class 19,26,1905AIJIBI,,7.8,5.3,6.8,Passed,7.7
SU2024,SU2024-class 19,27,1905AIJIEE,,7.5,4.3,6.2,Passed,7.6
SU2024,SU2024-class 19,28,1905AIJGJG,,7.7,6.7,7.1,Passed,7.1
SU2024,SU2024-class 19,29,1905AIJHGI,,7.7,4.7,6.4,Passed,7.5
SU2024,SU2024-class 20,1,1905AIBBEG,,7.8,2.6,5.5,Not Passed,7.3
SU2024,SU2024-class 20,2,1905AIAJDC,,7,5.2,6.3,Passed,7.1
SU2024,SU2024-class 20,3,1905AIBGAF,,7.5,6.4,7.1,Passed,7.5
SU2024,SU2024-class 20,4,1905AIFDJC,,7.8,4.2,6.3,Passed,7.5
SU2024,SU2024-class 20,5,1905AICAJI,,7.5,4.5,6.5,Passed,8.1
SU2024,SU2024-class 20,6,1905AIAJFG,,6.8,6.3,6.9,Passed,8
SU2024,SU2024-class 20,7,1905AIAJHB,,6.3,4.7,5.8,Passed,6.9
SU2024,SU2024-class 20,8,1905AIDBBG,,8,0,4.7,Is Susspended,7.5
SU2024,SU2024-class 20,9,1905AIAJHD,,6.3,2.4,4.8,Not Passed,6.5
SU2024,SU2024-class 20,10,1905AIAJJI,,7.5,5.9,6.8,Passed,7.4
SU2024,SU2024-class 20,11,1905AIAAJD,,8,6.3,7.4,Passed,8.1
SU2024,SU2024-class 20,12,1905AICJBG,,7.5,3.8,5.9,Not Passed,7.1
SU2024,SU2024-class 20,13,1905AIFDAA,,8.3,5.2,7.1,Passed,8.4
SU2024,SU2024-class 20,14,1905AIAACD,,7,5.7,6.4,Passed,6.6
SU2024,SU2024-class 20,15,1905AHBJFB,,1,0,0.6,Attendance Fail,1
SU2024,SU2024-class 20,16,1905AIAJAC,,8,4,6.3,Passed,7.5
SU2024,SU2024-class 20,17,1905AHCADG,,8.3,4.4,6.6,Passed,7.8
SU2024,SU2024-class 20,18,1905AIAJEF,,8.8,5.1,7.3,Passed,8.9
SU2024,SU2024-class 20,19,1905AIAADB,,6.5,3,5.3,Not Passed,7.1
SU2024,SU2024-class 20,20,1905AICCGA,,2.5,0,1.3,Attendance Fail,1.8
SU2024,SU2024-class 20,21,1905AICGJI,,7,6.1,6.9,Passed,7.8
SU2024,SU2024-class 20,22,1905AIJJCA,,7.5,4.1,6.1,Passed,7.3
SU2024,SU2024-class 20,23,1905AIBFDA,,8.8,4.3,6.7,Passed,7.9
SU2024,SU2024-class 20,24,1905AIBFCG,,8,5.5,7,Passed,7.9
SU2024,SU2024-class 20,25,1905AIJCBJ,,7.3,8.8,7.8,Passed,7.1
SU2024,SU2024-class 20,26,1905AIBJJE,,6.3,5.1,5.9,Passed,6.6
SU2024,SU2024-class 20,27,1905AIJIIJ,,6.5,4.8,6.1,Passed,7.5
SU2024,SU2024-class 20,28,1905AIJIIB,,8.3,4.4,6.7,Passed,8.4
SU2024,SU2024-class 20,29,1905AIBHFF,,8.5,4.7,7,Passed,8.5
SU2024,SU2024-class 20,30,1905AIBHAF,,7,3.3,5.9,Not Passed,8.1
SU2024,SU2024-class 20,31,1905AFBAFB,,1,0,0.6,Attendance Fail,1
SU2024,SU2024-class 20,32,1905AIAJCH,,8,3.2,6,Not Passed,7.6
SU2024,SU2024-class 20,33,1905AIAJCC,,8.3,5.9,7.3,Passed,8.4
SU2024,SU2024-class 21,1,1905AIBJEG,,8.7,8.8,8.8,Passed,8.8
SU2024,SU2024-class 21,2,1905AIBAHD,,8.7,4.3,6.9,Passed,8.7
SU2024,SU2024-class 21,3,1905AIBAJF,,8.4,3.8,6.8,Not Passed,9.1
SU2024,SU2024-class 21,4,1905AHCACE,,9.8,4.1,7.3,Passed,9.1
SU2024,SU2024-class 21,5,1905AHAICH,,8.3,4,6.7,Passed,8.6
SU2024,SU2024-class 21,6,1905AIBAHG,,8.3,4.9,7.2,Passed,9.1
SU2024,SU2024-class 21,7,1905AIBJBC,,8.4,3.8,6.8,Not Passed,9.1
SU2024,SU2024-class 21,8,1905AIBADG,,8.8,4.2,7.1,Passed,9.4
SU2024,SU2024-class 21,9,1905AIBAIE,,8.5,6.3,7.8,Passed,9.1
SU2024,SU2024-class 21,10,1905AIBJDC,,8.9,8.2,8.7,Passed,9
SU2024,SU2024-class 21,11,1905AIBAID,,8.4,5.5,7.5,Passed,9.4
SU2024,SU2024-class 21,12,1905AIBBAA,,8.5,5.5,7.4,Passed,8.9
SU2024,SU2024-class 21,13,1905AIBJBJ,,8.2,4.9,7.2,Passed,9.3
SU2024,SU2024-class 21,14,1905AIBAJD,,8.9,5.3,7.4,Passed,8.6
SU2024,SU2024-class 21,15,1905AIBBJE,,8.1,4.3,6.8,Passed,8.8
SU2024,SU2024-class 21,16,1905AIDHCB,,8.4,4.3,6.8,Passed,8.6
SU2024,SU2024-class 21,17,1905AIBJCE,,8.8,8.4,8.7,Passed,8.9
SU2024,SU2024-class 21,18,1905AIBJCB,,10,4.3,7.5,Passed,9.4
SU2024,SU2024-class 21,19,1905AIBAFG,,7.5,0,5,Not Passed,9.1
SU2024,SU2024-class 21,20,1905AIBADA,,8.6,5,7.3,Passed,8.9
SU2024,SU2024-class 21,21,1905AIBJDI,,8.4,4.7,7.1,Passed,9.1
SU2024,SU2024-class 21,22,1905AIBAIJ,,8.6,4.3,7,Passed,9
SU2024,SU2024-class 21,23,1905AIBJFH,,8.4,4.8,7.1,Passed,9
SU2024,SU2024-class 21,24,1905AIBJBD,,8.1,5.5,7.4,Passed,9.2
SU2024,SU2024-class 21,25,1905AIDBCI,,8.2,3.6,6.6,Not Passed,9.2
SU2024,SU2024-class 21,26,1905AIBJEA,,7.6,5.1,6.8,Passed,8.4
SU2024,SU2024-class 21,27,1905AIBAAA,,8.2,4.3,6.9,Passed,9.1
SU2024,SU2024-class 21,28,1905AIBABE,,8.3,4.9,7.1,Passed,8.7
SU2024,SU2024-class 21,29,1905AIDJJA,,8.7,6.5,7.9,Passed,9.1
SU2024,SU2024-class 21,30,1905AIBJEH,,8.7,4.7,7.3,Passed,9.4
SU2024,SU2024-class 21,31,1905AIBABH,,7.5,4.6,6.7,Passed,8.8
SU2024,SU2024-class 21,32,1905AIDAFJ,,7.5,4.5,6.8,Passed,9.3
SU2024,SU2024-class 21,33,1905AIBCIE,,8.5,4.5,6.9,Passed,8.4
SU2024,SU2024-class 22,1,1905AIBCCB,,8,4.7,6.5,Passed,7.5
SU2024,SU2024-class 22,2,1905AIDGEF,,8.5,0,4.9,Not Passed,7.8
SU2024,SU2024-class 22,3,1905AIBCJF,,10,4.6,7.1,Passed,7.5
SU2024,SU2024-class 22,4,1905AIBCJI,,9,7.1,8,Passed,8.3
SU2024,SU2024-class 22,5,1905AHDGED,,9,4.1,6,Passed,5.5
SU2024,SU2024-class 22,6,1905AHDEBA,,0,0,0,Attendance Fail,0
SU2024,SU2024-class 22,7,1905AIBBEA,,8,5.2,7,Passed,8.5
SU2024,SU2024-class 22,8,1905AIBBDH,,8,5.5,7.1,Passed,8.3
SU2024,SU2024-class 22,9,1905AIBCHB,,7.5,4.8,5.6,Passed,4.9
SU2024,SU2024-class 22,10,1905AIBBIJ,,5.5,5.1,5.9,Passed,7.3
SU2024,SU2024-class 22,11,1905AIBBEJ,,9,4.7,6.9,Passed,7.9
SU2024,SU2024-class 22,12,1905AIFDIB,,8,4.9,6.8,Passed,8.1
SU2024,SU2024-class 22,13,1905AIBCBA,,9,4.7,6.8,Passed,7.3
SU2024,SU2024-class 22,14,1905AIJJEA,,9.5,6.3,7.8,Passed,8.3
SU2024,SU2024-class 22,15,1905AIBBAG,,8,6.1,7.2,Passed,7.8
SU2024,SU2024-class 22,16,1905AIBBCH,,9,4.9,6.9,Passed,7.5
SU2024,SU2024-class 22,17,1905AIBCJJ,,8,4.1,6.4,Passed,7.8
SU2024,SU2024-class 22,18,1905AIBBGA,,8.5,4.3,6.4,Passed,7
SU2024,SU2024-class 22,19,1905AIBCCF,,9,4.7,7,Passed,8.1
SU2024,SU2024-class 22,20,1905AIBCGG,,8,5.5,7,Passed,8
SU2024,SU2024-class 22,21,1905AIBBCF,,7,4.5,6.3,Passed,8.1
SU2024,SU2024-class 22,22,1905AIBCEC,,7.5,6.3,6.8,Passed,6.6
SU2024,SU2024-class 22,23,1905AIBGEE,,8,4.3,6.1,Passed,6.5
SU2024,SU2024-class 22,24,1905AIBCHH,,9,4.1,6,Passed,5.6
SU2024,SU2024-class 22,25,1905AIBCAG,,9,4.7,6.9,Passed,7.6
SU2024,SU2024-class 22,26,1905AICHCD,,8,5.3,7,Passed,8.4
SU2024,SU2024-class 22,27,1905AIBCDB,,8,4.2,6.4,Passed,7.8
SU2024,SU2024-class 22,28,1905AIBBFD,,8.5,4.7,6.9,Passed,8.3
SU2024,SU2024-class 22,29,1905AIBCIC,,9,5.2,7,Passed,7.3
SU2024,SU2024-class 22,30,1905AIBCEJ,,7,4.7,6,Passed,6.8
SU2024,SU2024-class 22,31,1905AIBCFJ,,5.5,4.9,5.8,Passed,7.4
SU2024,SU2024-class 22,32,1905AIBBDG,,9,5.5,6.9,Passed,6.8
SU2024,SU2024-class 22,33,1905AIBCEB,,9,7.6,8,Passed,7.4
SU2024,SU2024-class 23,1,1905AICBBB,,6.5,5,6.7,Passed,9.3
SU2024,SU2024-class 23,2,1905AIBDCH,,6.5,4.1,6.3,Passed,9
SU2024,SU2024-class 23,3,1905AICFEF,,6.5,4.3,6.3,Passed,8.8
SU2024,SU2024-class 23,4,1905AIBEGH,,6,4.4,6.2,Passed,8.8
SU2024,SU2024-class 23,5,1905AIBEEC,,6,5,6.4,Passed,8.8
SU2024,SU2024-class 23,6,1905AIBEEG,,6.5,6.7,7.4,Passed,9.3
SU2024,SU2024-class 23,7,1905AIBFJB,,5,5.3,6.2,Passed,8.5
SU2024,SU2024-class 23,8,1905AIBFJE,,5.5,4.9,6.2,Passed,8.8
SU2024,SU2024-class 23,9,1905AIBDAA,,2,8.4,6.7,Passed,9
SU2024,SU2024-class 23,10,1905AHCDIJ,,6,4.3,5.9,Passed,8
SU2024,SU2024-class 23,11,1905AIBDAC,,6,7.8,7.8,Passed,9.5
SU2024,SU2024-class 23,12,1905AIDGFI,,7,5.5,7.2,Passed,9.8
SU2024,SU2024-class 23,13,1905AICGGH,,6.5,5.1,6.6,Passed,8.8
SU2024,SU2024-class 23,14,1905AIBECA,,6,6.5,7.2,Passed,9.3
SU2024,SU2024-class 23,15,1905AICFGI,,5.5,5.9,6.6,Passed,8.8
SU2024,SU2024-class 23,16,1905AIBDAH,,6,5.3,6.4,Passed,8.3
SU2024,SU2024-class 23,17,1905AIBDGH,,6,9.2,8.3,Passed,9.3
SU2024,SU2024-class 23,18,1905AGJDHC,,5.5,8,7.9,Passed,10
SU2024,SU2024-class 23,19,1905AIDBHH,,6,4.3,6.1,Passed,8.5
SU2024,SU2024-class 23,20,1905AIDHGD,,6,1.8,5.1,Not Passed,8.5
SU2024,SU2024-class 23,21,1905AIBEAE,,5.5,3,5.3,Not Passed,8.3
SU2024,SU2024-class 23,22,1905AIBEFB,,2,0,3.2,Attendance Fail,8.5
SU2024,SU2024-class 23,23,1905AIBEEB,,5.5,4.9,6.2,Passed,8.5
SU2024,SU2024-class 23,24,1905AIBFJJ,,5.5,4,5.8,Passed,8.5
SU2024,SU2024-class 23,25,1905AIJIDF,,5.5,4.7,6.1,Passed,8.5
SU2024,SU2024-class 23,26,1905AIBDJJ,,5.5,4,5.7,Passed,8
SU2024,SU2024-class 23,27,1905AIDCAG,,6,0,4.3,Not Passed,8.3
SU2024,SU2024-class 23,28,1905AIBDAG,,6,4.2,6,Passe,8.5
SU2024,SU2024-class 24,1,1905AIBGAH,,9,4.5,7.1,Passed,8.5
SU2024,SU2024-class 24,2,1905AHBGIA,,7,3.8,5.7,Not Passed,6.9
SU2024,SU2024-class 24,3,1905AIBGJE,,0,0,0,Attendance Fail,0
SU2024,SU2024-class 24,4,1905AHBDDF,,9.7,5.3,7.8,Passed,9.4
SU2024,SU2024-class 24,5,1905AHAHFJ,,8.6,4.9,7,Passed,8.1
SU2024,SU2024-class 24,6,1905AHBFAI,,8.4,0,4.8,Not Passed,7.8
SU2024,SU2024-class 24,7,1905AHBCDF,,8.8,4.4,6.7,Passed,7.9
SU2024,SU2024-class 24,8,1905AIBBFG,,9.3,3.6,6.8,Not Passed,8.6
SU2024,SU2024-class 24,9,1905AHBEDE,,0,0,0,Attendance Fail,0
SU2024,SU2024-class 24,10,1905AIBFJH,,8.4,3.6,6.3,Not Passed,8
SU2024,SU2024-class 24,11,1905AIBGIE,,8,3.4,6.1,Not Passed,7.9
SU2024,SU2024-class 24,12,1905AIBGEB,,9,6.1,7.7,Passed,8.6
SU2024,SU2024-class 24,13,1905AIBFEJ,,8.5,5.3,7,Passed,7.6
SU2024,SU2024-class 24,14,1905AIBGFB,,0,0,0,Attendance Fail,0
SU2024,SU2024-class 24,15,1905AIBFDG,,9.1,4.3,7,Passed,8.6
SU2024,SU2024-class 24,16,1905AIBFCC,,9.1,5.1,7.3,Passed,8.6
SU2024,SU2024-class 24,17,1905AHBGCB,,8.1,4,6.5,Passed,8.1
SU2024,SU2024-class 24,18,1905AIBFGF,,8.9,4.4,6.9,Passed,8.1
SU2024,SU2024-class 24,19,1905AHBIBD,,7.3,3.2,5.5,Not Passed,6.9
SU2024,SU2024-class 24,20,1905AIBJCG,,3.3,3.8,4.7,Not Passed,7.4
SU2024,SU2024-class 24,21,1905AHBFJJ,,4.3,4.9,5.5,Passed,7.6
SU2024,SU2024-class 24,22,1905AIBFEE,,4.3,4.1,5.2,Passed,7.6
SU2024,SU2024-class 24,23,1905AIBFDD,,8.5,4,6.4,Passed,7.5
SU2024,SU2024-class 24,24,1905AIBFAI,,8.1,8.8,8.2,Passed,7.6
SU2024,SU2024-class 24,25,1905AIJCJB,,9,5.3,7.4,Passed,8.5
SU2024,SU2024-class 24,26,1905AIBFFE,,8.9,4.4,6.9,Passed,8.3
SU2024,SU2024-class 24,27,1905AHBHII,,8.5,3.8,6.5,Not Passed,8
SU2024,SU2024-class 24,28,1905AIBGBD,,8.8,4.9,7.1,Passed,8.3
SU2024,SU2024-class 24,29,1905AIBFEH,,8.5,4.5,6.7,Passed,7.9
SU2024,SU2024-class 24,30,1905AIBFCJ,,9,5.1,7.2,Passed,8.3
SU2024,SU2024-class 24,31,1905AIBFBA,,9,6.9,8,Passed,8.5
SU2024,SU2024-class 24,32,1905AIBGBF,,8.7,5.3,7.1,Passed,7.9
SU2024,SU2024-class 24,33,1905AIBGBH,,8.9,7.1,8,Passed,8.4
SU2024,SU2024-class 24,34,1905AHBGHF,,8.5,3,6,Not Passed,7.4
SU2024,SU2024-class 24,35,1905AIBGGI,,8.7,4.5,6.8,Passed,8.1
SU2024,SU2024-class 24,36,1905AIFDFG,,4.5,2.7,4.6,Not Passed,7.4
SU2024,SU2024-class 25,1,1905AIBIJC,,8.5,4.9,6.6,Passed,7.1
SU2024,SU2024-class 25,2,1905AIBIAJ,,9,5.3,7.3,Passed,8.3
SU2024,SU2024-class 25,3,1905AIBIAI,,0,0,0.3,Attendance Fail,1.1
SU2024,SU2024-class 25,4,1905AIBIFD,,8,4.5,6.6,Passed,7.9
SU2024,SU2024-class 25,5,1905AIBHEJ,,7.5,4.3,6.3,Passed,7.9
SU2024,SU2024-class 25,6,1905AICJJJ,,9,4.5,6.9,Passed,7.9
SU2024,SU2024-class 25,7,1905AHBJFI,,8,4.3,6.6,Passed,8.1
SU2024,SU2024-class 25,8,1905AIFEGE,,9,4.5,6.9,Passed,8
SU2024,SU2024-class 25,9,1905AIBHDE,,8.5,3.4,6,Not Passed,6.9
SU2024,SU2024-class 25,10,1905AIFBGB,,10,4.5,7.1,Passed,7.6
SU2024,SU2024-class 25,11,1905AIBIJI,,9,3.1,5,Not Passed,3.5
SU2024,SU2024-class 25,12,1905AIBIGF,,8.5,5.1,6.7,Passed,7.1
SU2024,SU2024-class 25,13,1905AHBCBJ,,7,4.2,6.2,Passed,8
SU2024,SU2024-class 25,14,1905AHBJEI,,7,4,6.2,Passed,8.3
SU2024,SU2024-class 25,15,1905AIBHCG,,8.5,5.3,6.8,Passed,7
SU2024,SU2024-class 25,16,1905AHBAED,,6.5,9,7.1,Passed,5.1
SU2024,SU2024-class 25,17,1905AIBBIG,,9,8.8,8.4,Passed,7.1
SU2024,SU2024-class 25,18,1905AIBIIC,,8,4.7,6.6,Passed,7.6
SU2024,SU2024-class 25,19,1905AIBIBC,,8.5,3.6,6,Not Passed,6.6
SU2024,SU2024-class 25,20,1905AIBIFB,,7,5.3,6.5,Passed,7.8
SU2024,SU2024-class 25,21,1905AIBHII,,0,0,0.6,Attendance Fail,1.9
SU2024,SU2024-class 25,22,1905AIDACD,,8,4.5,6.3,Passed,7.1
SU2024,SU2024-class 25,23,1905AIBHCD,,9.5,6.1,7.7,Passed,8
SU2024,SU2024-class 25,24,1905AIBIGH,,9,4.6,6.8,Passed,7.6
SU2024,SU2024-class 25,25,1905AIBIFI,,8.5,3.6,6.2,Not Passed,7.5
SU2024,SU2024-class 25,26,1905AICJJH,,10,6,7.9,Passed,8.3
SU2024,SU2024-class 25,27,1905AIBHIG,,6.5,5.5,6.5,Passed,7.9
SU2024,SU2024-class 25,28,1905AIBIIH,,8,4.7,6.8,Passed,8.3
SU2024,SU2024-class 25,29,1905AHAIII,,7.5,3.6,5.1,Not Passed,4.6
SU2024,SU2024-class 25,30,1905AIBIGI,,9,4.1,6.8,Passed,8.1
SU2024,SU2024-class 25,31,1905AIDCEB,,8.5,5.8,7.2,Passed,7.8
SU2024,SU2024-class 25,32,1905AIBIBE,,9,6.5,7.4,Passed,7.1
SU2024,SU2024-class 25,33,1905AHBAHF,,8.5,3.1,5.3,Not Passed,5
SU2024,SU2024-class 25,34,1905AIBHEG,,7,4.4,6.2,Passed,7.9
SU2024,SU2024-class 26,1,1905AICIJE,,7.5,5.7,7.2,Passed,8.8
SU2024,SU2024-class 26,2,1905AICAAI,,7.5,5.5,7,Passed,8.5
SU2024,SU2024-class 26,3,1905AIBBCI,,7.6,4.1,6.1,Passed,7.3
SU2024,SU2024-class 26,4,1905AHCCJB,,10,5.9,7.9,Passed,8.6
SU2024,SU2024-class 26,5,1905AICJGD,,7.7,4.4,6.3,Passed,7.5
SU2024,SU2024-class 26,6,1905AICBBD,,7.4,4.3,6.7,Passed,9.1
SU2024,SU2024-class 26,7,1905AICJEA,,7.7,4.1,6.2,Passed,7.6
SU2024,SU2024-class 26,8,1905AICJHE,,6.6,4.2,5.8,Passed,7.2
SU2024,SU2024-class 26,9,1905AIDHDH,,6.4,4.2,5.9,Passed,7.5
SU2024,SU2024-class 26,10,1905AICJIG,,7.5,4.1,6.6,Passed,9.1
SU2024,SU2024-class 26,11,1905AICABJ,,7.8,4.1,6.4,Passed,8.1
SU2024,SU2024-class 26,12,1905AICJDJ,,7.7,4.6,6.8,Passed,8.7
SU2024,SU2024-class 26,13,1905AICJAJ,,0,0,0,Attendance Fail,0
SU2024,SU2024-class 26,14,1905AICJDB,,7.7,4.3,6.2,Passed,7.3
SU2024,SU2024-class 26,15,1905AICJEJ,,7.6,4,6.3,Passed,8
SU2024,SU2024-class 26,16,1905AICJAC,,6.5,7.8,7.4,Passed,7.9
SU2024,SU2024-class 26,17,1905AIDHIB,,6.5,5.9,6.5,Passed,7.3
SU2024,SU2024-class 26,18,1905AICJIH,,7.7,4.7,7,Passed,9.4
SU2024,SU2024-class 26,19,1905AICJII,,6.5,4.5,6,Passed,7.6
SU2024,SU2024-class 26,20,1905AIDAFA,,6.4,6.9,6.9,Passed,7.3
SU2024,SU2024-class 26,21,1905AICAEE,,8,5.1,6.9,Passed,8.3
SU2024,SU2024-class 26,22,1905AICBAE,,7.4,4.5,6.3,Passed,7.7
SU2024,SU2024-class 26,23,1905AICADI,,7.7,5.1,6.9,Passed,8.4
SU2024,SU2024-class 26,24,1905AICAAF,,7.5,9,8,Passed,7.2
SU2024,SU2024-class 26,25,1905AICJCA,,7.5,0,2.3,Attendance Fail,0
SU2024,SU2024-class 26,26,1905AHEJCI,,6.6,6.3,6.8,Passed,7.8
SU2024,SU2024-class 26,27,1905AICJBE,,7.5,5.9,7,Passed,7.9
SU2024,SU2024-class 26,28,1905AIDGDH,,7.5,4.1,6.2,Passed,7.8
SU2024,SU2024-class 26,29,1905AICABI,,7.5,5.1,6.7,Passed,8
SU2024,SU2024-class 26,30,1905AICAIH,,8,0,4.8,Not Passed,8
SU2024,SU2024-class 26,31,1905AICJEI,,7.5,8.8,8.1,Passed,7.7
SU2024,SU2024-class 26,32,1905AICBBI,,7.4,5.1,6.8,Passed,8.5
SU2024,SU2024-class 27,1,1905AICCDG,,7.3,5.3,7.1,Passed,9.3
SU2024,SU2024-class 27,2,1905AICDFF,,6,4.3,5.7,Passed,7.4
SU2024,SU2024-class 27,3,1905AICDBC,,6.3,0,4,Not Passed,7
SU2024,SU2024-class 27,4,1905AICCCI,,0,0,0.5,Attendance Fail,1.6
SU2024,SU2024-class 27,5,1905AGADAG,,0,0,0,Attendance Fail,0
SU2024,SU2024-class 27,6,1905AICDAF,,7.3,4.5,6.5,Passed,8.4
SU2024,SU2024-class 27,7,1905AICCJJ,,7.3,5.5,6.5,Passed,7
SU2024,SU2024-class 27,8,1905AICBGD,,8.3,4.7,6.8,Passed,8.2
SU2024,SU2024-class 27,9,1905AICBHA,,9.3,4.7,7.6,Passed,9.7
SU2024,SU2024-class 27,10,1905AICCCF,,9.3,5.7,7.8,Passed,9.1
SU2024,SU2024-class 27,11,1905AICCIB,,8.3,3.8,6.9,Not Passed,9.7
SU2024,SU2024-class 27,12,1905AIDGFE,,0,0,0.6,Attendance Fail,1.9
SU2024,SU2024-class 27,13,1905AICBDD,,7.3,4,6.2,Passed,8
SU2024,SU2024-class 27,14,1905AICBIC,,9,5.9,7.6,Passed,8.7
SU2024,SU2024-class 27,15,1905AICCBA,,7.8,4.9,6.7,Passed,8.1
SU2024,SU2024-class 27,16,1905AICBFI,,7.3,2.4,5.6,Not Passed,8.3
SU2024,SU2024-class 27,17,1905AHJBBF,,8,4.1,6.2,Passed,7.4
SU2024,SU2024-class 27,18,1905AHBDEI,,0,0,0,Attendance Fail,0
SU2024,SU2024-class 27,19,1905AICBIF,,7.5,3.4,6,Not Passed,8
SU2024,SU2024-class 27,20,1905AIBAJA,,7.8,5.5,6.7,Passed,7.3
SU2024,SU2024-class 27,21,1905AICDDE,,7.3,5.3,7.1,Passed,9.3
SU2024,SU2024-class 27,22,1905AICDCJ,,8,4.3,6.9,Passed,9.4
SU2024,SU2024-class 27,23,1905AIBGBI,,0,0,0,Attendance Fail,0
SU2024,SU2024-class 27,24,1905AICDEB,,9.3,5.9,8,Passed,9.6
SU2024,SU2024-class 27,25,1905AICDJD,,7.8,3.9,6.6,Not Passed,9.2
SU2024,SU2024-class 28,1,1905AIDACE,,7,5.5,7.2,Passed,9.6
SU2024,SU2024-class 28,2,1905AICEAD,,5.5,4.4,5.8,Passed,8.1
SU2024,SU2024-class 28,3,1905AICEID,,3.5,4.5,5.5,Passed,9
SU2024,SU2024-class 28,4,1905AICEAB,,6.5,5.9,6.8,Passed,8.3
SU2024,SU2024-class 28,5,1905AIDDAC,,6.5,5.1,5.7,Passed,5.6
SU2024,SU2024-class 28,6,1905AICEIA,,3.5,5.1,5.8,Passed,9.1
SU2024,SU2024-class 28,7,1905AICEGB,,7,4.8,6.7,Passed,8.9
SU2024,SU2024-class 28,8,1905AICEEJ,,6.5,2.4,5.4,Not Passed,8.4
SU2024,SU2024-class 28,9,1905AICHAC,,6.5,8.8,8.4,Passed,9.6
SU2024,SU2024-class 28,10,1905AICFCH,,7.5,4.5,6.8,Passed,9.3
SU2024,SU2024-class 28,11,1905AICFBG,,7,4.7,6.3,Passed,7.9
SU2024,SU2024-class 28,12,1905AICEJH,,7,4.1,6.4,Passed,8.9
SU2024,SU2024-class 28,13,1905AIDDBG,,7,5.2,6.4,Passed,7.5
SU2024,SU2024-class 28,14,1905AICFAA,,3.5,4.6,5.2,Passed,7.6
SU2024,SU2024-class 28,15,1905AICDHI,,4,4.5,5.7,Passed,8.9
SU2024,SU2024-class 28,16,1905AIDJGI,,6.5,3.4,5.3,Not Passed,6.7
SU2024,SU2024-class 28,17,1905AICEEI,,7,4.7,6.9,Passed,9.6
SU2024,SU2024-class 28,18,1905AICFAG,,7,5.5,6.8,Passed,8.2
SU2024,SU2024-class 28,19,1905AICFAJ,,4,5,5.8,Passed,8.7
SU2024,SU2024-class 28,20,1905AIBEHD,,6.5,3.8,6.1,Not Passed,8.6
SU2024,SU2024-class 28,21,1905AIDHBD,,6.5,0,3,Attendance Fail,3.4
SU2024,SU2024-class 28,22,1905AIDEEI,,6.5,4.9,6.6,Passed,9
SU2024,SU2024-class 28,23,1905AFJIID,,8,8.4,8,Passed,7.6
SU2024,SU2024-class 28,24,1905AICFAD,,0,0,0,Attendance Fail,0
SU2024,SU2024-class 28,25,1905AICEEE,,7,5.5,7.1,Passed,9.5
SU2024,SU2024-class 28,26,1905AICEHF,,7,4.2,6.3,Passed,8.3
SU2024,SU2024-class 28,27,1905AICEFD,,3.5,4.9,5,Passed,6.6
SU2024,SU2024-class 28,28,1905AICEHH,,3.5,4.5,5.7,Passed,9.4
SU2024,SU2024-class 28,29,1905AICDHG,,7,5.7,6.9,Passed,8.5
SU2024,SU2024-class 28,30,1905AICEBI,,7.5,4.2,6.7,Passed,9.2
SU2024,SU2024-class 28,31,1905AICFJD,,3.5,4.4,5.5,Passed,9.1
SU2024,SU2024-class 29,1,1905AICHGJ,,6.1,4.3,5,Passed,5
SU2024,SU2024-class 29,2,1905AICIDC,,8.3,5,6.8,Passed,7.7
SU2024,SU2024-class 29,3,1905AICHGH,,9,3.8,5.7,Not Passed,5.1
SU2024,SU2024-class 29,4,1905AICICC,,6.9,4.7,6.2,Passed,7.7
SU2024,SU2024-class 29,5,1905AICHFI,,9.3,4.5,7.4,Passed,9.5
SU2024,SU2024-class 29,6,1905AICHDE,,7.8,6.5,7.2,Passed,7.5
SU2024,SU2024-class 29,7,1905AICIIG,,1.6,3.7,3.9,Not Passed,6.5
SU2024,SU2024-class 29,8,1905AHCJCH,,2.3,8.8,5.6,Passed,4.7
SU2024,SU2024-class 29,9,1905AIBGAI,,7.1,4.3,5.4,Passed,5.1
SU2024,SU2024-class 29,10,1905AICIJH,,6.6,4.6,5.3,Passed,4.9
SU2024,SU2024-class 29,11,1905AICHEJ,,9.1,4,6.3,Passed,6.7
SU2024,SU2024-class 29,12,1905AICICH,,5.5,4.1,5.6,Passed,7.8
SU2024,SU2024-class 29,13,1905AICIEG,,6,3.7,5.3,Not Passed,6.7
SU2024,SU2024-class 29,14,1905AIBJGH,,7.9,4.2,6.1,Passed,6.9
SU2024,SU2024-class 29,15,1905AICIGA,,1.9,0,2.9,Not Passed,7.8
SU2024,SU2024-class 29,16,1905AIDJCC,,7.1,5.5,6.4,Passed,7
SU2024,SU2024-class 29,17,1905AIBBDJ,,3.9,5.5,5.7,Passed,7.9
SU2024,SU2024-class 29,18,1905AICIHI,,8,4.1,6.4,Passed,7.8
SU2024,SU2024-class 29,19,1905AHBFCB,,7.1,4.6,6.8,Passed,9.3
SU2024,SU2024-class 29,20,1905AIJAJI,,5.2,5.3,6.4,Passed,8.9
SU2024,SU2024-class 29,21,1905AICIHF,,9,5.3,7.8,Passed,9.9
SU2024,SU2024-class 29,22,1905AIDJAJ,,0,0,0.4,Not Passed,1.4
SU2024,SU2024-class 29,23,1905AICIFJ,,3.7,4.7,5.3,Passed,7.7
SU2024,SU2024-class 29,24,1905AICIGH,,5.8,4,5.1,Passed,5.9
SU2024,SU2024-class 29,25,1905AIJEBE,,9.3,6.2,8.2,Passed,9.9
SU2024,SU2024-class 29,26,1905AICICF,,6.6,4.3,5.7,Passed,6.8
SU2024,SU2024-class 29,27,1905AIDJBD,,0,5.2,3.3,Not Passed,4
SU2024,SU2024-class 29,28,1905AICIHC,,9.2,5.7,7.8,Passed,9.2
SU2024,SU2024-class 29,29,1905AHBAJJ,,3.8,2.2,3.6,Not Passed,5.3
SU2024,SU2024-class 29,30,1905AICHCE,,5.7,4.7,5.5,Passed,6.3
SU2024,SU2024-class 29,31,1905AIBCID,,9.4,8.2,9.1,Passed,9.9
SU2024,SU2024-class 29,32,1905AIDJJG,,7.5,4,6,Passed,7.1
SU2024,SU2024-class 29,33,1905AHCABJ,,4.1,4,4.4,Not Passed,5.3
SU2024,SU2024-class 29,34,1905AICHEA,,5,4.3,5.9,Passed,9.1
SU2024,SU2024-class 29,35,1905AICIHD,,7.1,3.4,5.9,Not Passed,8.1
SU2024,SU2024-class 30,1,1905AIDJEB,,9.2,9.2,8.8,Passed,7.9
SU2024,SU2024-class 30,2,1905AIDJHJ,,8.6,5.5,7.7,Passed,9.9
SU2024,SU2024-class 30,3,1905AIDACH,,5.8,4.9,6.7,Passed,10
SU2024,SU2024-class 30,4,1905AHBCGD,,6.1,5.1,6.2,Passed,7.8
SU2024,SU2024-class 30,5,1905AICJFE,,9.4,7.1,8.3,Passed,8.8
SU2024,SU2024-class 30,6,1905AIDAAC,,8.2,3.8,5.9,Not Passed,6.4
SU2024,SU2024-class 30,7,1905AIDAJC,,7.8,6,7.7,Passed,10
SU2024,SU2024-class 30,8,1905AIBEBC,,8.8,6.5,8.2,Passed,10
SU2024,SU2024-class 30,9,1905AIDADG,,0,0,0,Attendance Fail,0
SU2024,SU2024-class 30,10,1905AIDJED,,0,0,0.6,Attendance Fail,1.9
SU2024,SU2024-class 30,11,1905AIDABF,,8.8,5.7,7.9,Passed,10
SU2024,SU2024-class 30,12,1905AIDADA,,8.9,4.4,6.8,Passed,7.8
SU2024,SU2024-class 30,13,1905AIDJFH,,9.4,4.7,7.5,Passed,9.4
SU2024,SU2024-class 30,14,1905AIDAJF,,9.3,5,7.4,Passed,8.6
SU2024,SU2024-class 30,15,1905AIDABE,,9.4,6.4,8.2,Passed,9.5
SU2024,SU2024-class 30,16,1905AIDJHB,,9.6,4.5,7.3,Passed,8.6
SU2024,SU2024-class 30,17,1905AIDJFB,,9.4,5.3,7.9,Passed,10
SU2024,SU2024-class 30,18,1905AGBGFD,,4.5,4.5,5.7,Passed,8.5
SU2024,SU2024-class 30,19,1905AIDAJG,,3.5,3.8,5.2,Not Passed,8.8
SU2024,SU2024-class 30,20,1905AIDDGF,,6.1,6.1,7.2,Passed,9.9
SU2024,SU2024-class 30,21,1905AIDJHD,,9.1,4.4,7.5,Passed,10
SU2024,SU2024-class 30,22,1905AIJCFA,,6.7,6.9,6.8,Passed,7
SU2024,SU2024-class 30,23,1905AIBDAJ,,9.3,4.9,7.7,Passed,9.9
SU2024,SU2024-class 30,24,1905AIDJGC,,9.2,5.1,7.7,Passed,9.7
SU2024,SU2024-class 30,25,1905AIDAJI,,8.2,4.7,6.3,Passed,6.5
SU2024,SU2024-class 30,26,1905AIDAEG,,5.6,4.8,6,Passed,8
SU2024,SU2024-class 30,27,1905AIBGJA,,8.2,5.8,7.7,Passed,9.9
SU2024,SU2024-class 30,28,1905AIBJCA,,9.5,5.2,7.9,Passed,10
SU2024,SU2024-class 30,29,1905AICGJC,,9.7,6.3,7.8,Passed,8
SU2024,SU2024-class 30,30,1905AICFDA,,9.7,6.1,8.3,Passed,10
SU2024,SU2024-class 30,31,1905AIDAEJ,,4.3,5.7,5.9,Passed,7.7
SU2024,SU2024-class 30,32,1905AIDJFD,,5.5,4.1,5.8,Passed,8.4
SU2024,SU2024-class 30,33,1905AIDADJ,,4.4,5.1,5.9,Passed,8.4
SU2024,SU2024-class 30,34,1905AIAJFE,,8.9,5.7,7.9,Passed,9.8
SU2024,SU2024-class 31,1,1905AIDAGD,,8.1,5.7,7.3,Passed,8.8
SU2024,SU2024-class 31,2,1905AIDBFD,,7.7,5.1,6.2,Passed,6.3
SU2024,SU2024-class 31,3,1905AIDBDE,,7.9,5.2,6.8,Passed,7.8
SU2024,SU2024-class 31,4,1905AIDBGG,,7.6,5.7,6.9,Passed,7.7
SU2024,SU2024-class 31,5,1905AIDBJC,,7.9,4.9,7,Passed,8.8
SU2024,SU2024-class 31,6,1905AIDAFI,,6.5,5.3,6.4,Passed,7.8
SU2024,SU2024-class 31,7,1905AIDAGA,,7.8,9.2,8.3,Passed,7.7
SU2024,SU2024-class 31,8,1905AIDAGF,,7.9,4.2,6.6,Passed,8.6
SU2024,SU2024-class 31,9,1905AIDAII,,0,0,0,Attendance Fail,0
SU2024,SU2024-class 31,10,1905AIDBBC,,7.9,4.3,6.4,Passed,7.9
SU2024,SU2024-class 31,11,1905AHCAHB,,7.6,4.9,6.4,Passed,7.3
SU2024,SU2024-class 31,12,1905AIDBCD,,7.6,4.3,6.1,Passed,7
SU2024,SU2024-class 31,13,1905AIDBCC,,8.5,6.3,7.6,Passed,8.5
SU2024,SU2024-class 31,14,1905AIBBJD,,8.1,7.6,7.9,Passed,8
SU2024,SU2024-class 31,15,1905AHDCDF,,7.6,3.4,5.9,Not Passed,7.4
SU2024,SU2024-class 31,16,1905AIDAFE,,6.3,4,5.9,Passed,8.1
SU2024,SU2024-class 31,17,1905AIDAFC,,7.4,3.8,6,Not Passed,7.4
SU2024,SU2024-class 31,18,1905AHCGHC,,7.5,4,6.2,Passed,7.8
SU2024,SU2024-class 31,19,1905AIDBEF,,7.9,3.4,6.1,Not Passed,8
SU2024,SU2024-class 31,20,1905AIDBHA,,7.5,4.1,6.5,Passed,8.6
SU2024,SU2024-class 31,21,1905AIDAHA,,7.9,9.2,8.5,Passed,8.2
SU2024,SU2024-class 31,22,1905AIDAHF,,7.9,5.6,7.2,Passed,8.6
SU2024,SU2024-class 31,23,1905AIDAFF,,8,8.4,8.4,Passed,8.9
SU2024,SU2024-class 31,24,1905AIDBCF,,7.9,4.7,6.8,Passed,8.4
SU2024,SU2024-class 31,25,1905AIDBFF,,6.5,3.7,5.5,Not Passed,6.9
SU2024,SU2024-class 31,26,1905AIDBHI,,8.2,4.3,6.5,Passed,7.8
SU2024,SU2024-class 31,27,1905AIDBJI,,0,0,0,Attendance Fail,0
SU2024,SU2024-class 31,28,1905AIDBAG,,7.6,4.6,6.5,Passed,8
SU2024,SU2024-class 31,29,1905AIDAEI,,7.9,5.3,6.7,Passed,7.4
SU2024,SU2024-class 31,30,1905AIDBBF,,7.2,5.1,6.3,Passed,7
SU2024,SU2024-class 31,31,1905AIDBFA,,7.9,5.5,7.1,Passed,8.4
SU2024,SU2024-class 32,1,1905AIDCBE,,8.5,5.1,7.4,Passed,9.3
SU2024,SU2024-class 32,2,1905AIJIAI,,6.5,4.2,6.4,Passed,9.1
SU2024,SU2024-class 32,3,1905AIJFAD,,6.7,4,6,Passed,7.9
SU2024,SU2024-class 32,4,1905AIDCFI,,7.6,6.7,7.2,Passed,7.6
SU2024,SU2024-class 32,5,1905AHEJEI,,6.7,5.6,7,Passed,9.3
SU2024,SU2024-class 32,6,1905AIDDJJ,,8,4.5,7,Passed,9.4
SU2024,SU2024-class 32,7,1905AIDCEI,,4,4.8,5.9,Passed,9.2
SU2024,SU2024-class 32,8,1905AIAJGE,,7.1,6.1,7.1,Passed,8.6
SU2024,SU2024-class 32,9,1905AIDDGH,,9.4,4.7,7.7,Passed,9.9
SU2024,SU2024-class 32,10,1905AIDDGB,,6,4.3,6.5,Passed,10
SU2024,SU2024-class 32,11,1905AIJIJA,,7.9,4.5,7.1,Passed,9.9
SU2024,SU2024-class 32,12,1905AHEJEB,,4.3,5.2,4.9,Not Passed,5
SU2024,SU2024-class 32,13,1905AHBDAH,,9.4,4,7.2,Passed,9.3
SU2024,SU2024-class 32,14,1905AIDCBA,,4.8,4.3,5.1,Passed,6.4
SU2024,SU2024-class 32,15,1905AIDDHE,,7,4.5,6.1,Passed,7.2
SU2024,SU2024-class 32,16,1905AIDCFD,,0,0,0.1,Attendance Fail,0.5
SU2024,SU2024-class 32,17,1905AIDDJB,,7.3,5.3,6.9,Passed,8.6
SU2024,SU2024-class 32,18,1905AIDCCI,,6.6,4.8,6.6,Passed,9
SU2024,SU2024-class 32,19,1905AIJHBE,,8.8,4.9,7.2,Passed,8.7
SU2024,SU2024-class 32,20,1905AIDDBD,,9.4,7.1,8.6,Passed,10
SU2024,SU2024-class 32,21,1905AIDCGC,,7.2,5.7,7.4,Passed,9.9
SU2024,SU2024-class 32,22,1905AIBJJF,,0,0,0.6,Attendance Fail,1.9
SU2024,SU2024-class 32,23,1905AIDCAF,,7.7,3.7,6.6,Not Passed,9.5
SU2024,SU2024-class 32,24,1905AIDDCG,,3.1,6.5,5.8,Passed,7.6
SU2024,SU2024-class 32,25,1905AIDDHC,,7.7,4.3,7,Passed,9.9
SU2024,SU2024-class 32,26,1905AIDDHH,,7.1,4,6.1,Passed,7.9
SU2024,SU2024-class 32,27,1905AIDDHB,,5,7.8,6.9,Passed,7.5
SU2024,SU2024-class 32,28,1905AICHAF,,7.8,5.5,7.4,Passed,9.6
SU2024,SU2024-class 32,29,1905AIJJFD,,8.4,4.3,7,Passed,9.3
SU2024,SU2024-class 33,1,1905AIDGAD,,9.4,5.3,7.7,Passed,9.3
SU2024,SU2024-class 33,2,1905AHAEJG,,2.6,9.4,6,Passed,4.8
SU2024,SU2024-class 33,3,1905AIDEJJ,,8.8,5.5,7.2,Passed,7.9
SU2024,SU2024-class 33,4,1905AIDFDD,,2.5,3.7,4,Not Passed,5.8
SU2024,SU2024-class 33,5,1905AIDFGC,,9.6,4.7,7.7,Passed,10
SU2024,SU2024-class 33,6,1905AIDFAA,,3.9,6,5.3,Passed,5.9
SU2024,SU2024-class 33,7,1905AIDFHH,,9.5,4.8,7.7,Passed,10
SU2024,SU2024-class 33,8,1905AIDFCH,,8.5,4.3,7,Passed,9
SU2024,SU2024-class 33,9,1905AIDEEG,,9.4,4.5,7.4,Passed,9.4
SU2024,SU2024-class 33,10,1905AIDEDB,,2.7,3.6,4,Not Passed,5.8
SU2024,SU2024-class 33,11,1905AIDCBB,,6,4.5,6.6,Passed,10
SU2024,SU2024-class 33,12,1905AIDFBD,,9.5,6.5,8.5,Passed,10
SU2024,SU2024-class 33,13,1905AHEJJC,,6.2,5.7,7.1,Passed,10
SU2024,SU2024-class 33,14,1905AIDFFB,,9.7,4.9,7.8,Passed,9.9
SU2024,SU2024-class 33,15,1905AIDEEC,,6.1,5.3,6,Passed,6.8
SU2024,SU2024-class 33,16,1905AIDEDG,,8.5,4.9,6.8,Passed,7.6
SU2024,SU2024-class 33,17,1905AIDGAG,,4.7,5.1,5.7,Passed,7.6
SU2024,SU2024-class 33,18,1905AIDEAI,,5.9,4.1,6.2,Passed,9.4
SU2024,SU2024-class 33,19,1905AIDFEB,,7.7,5.1,7,Passed,8.8
SU2024,SU2024-class 33,20,1905AIDGBB,,4.2,4.5,5.6,Passed,8.6
SU2024,SU2024-class 33,21,1905AIDEHI,,6.3,4.3,6.4,Passed,9.4
SU2024,SU2024-class 33,22,1905AIDFDG,,5.6,4.2,6.4,Passed,10
SU2024,SU2024-class 33,23,1905AIDEBF,,6.1,3.2,6.1,Not Passed,10
SU2024,SU2024-class 33,24,1905AIDEGC,,5.7,2.7,4.4,Not Passed,5.6
SU2024,SU2024-class 33,25,1905AHJGJJ,,4.9,2.8,5.2,Not Passed,8.7
SU2024,SU2024-class 33,26,1905AIDEFJ,,5.3,5.1,5.8,Passed,7.4
SU2024,SU2024-class 33,27,1905AHCFID,,7.8,3,6.2,Not Passed,8.8
SU2024,SU2024-class 33,28,1905AIDFID,,3.6,5.5,5.4,Passed,7.1
SU2024,SU2024-class 33,29,1905AIDFDC,,5.8,4.7,5.9,Passed,7.5
SU2024,SU2024-class 33,30,1905AIDEIH,,9.4,6.5,8,Passed,8.6
SU2024,SU2024-class 33,31,1905AIDGAC,,9.6,5,7.9,Passed,10
SU2024,SU2024-class 33,32,1905AIBHJE,,5.9,5.4,5.8,Passed,6.4
SU2024,SU2024-class 34,1,1905AIDIJB,,8.3,5.7,7.2,Passed,8
SU2024,SU2024-class 34,2,1905AIDIJI,,8.4,4.1,6.5,Passed,7.7
SU2024,SU2024-class 34,3,1905AIDHAF,,9.7,4.2,7.1,Passed,8.4
SU2024,SU2024-class 34,4,1905AIFDAD,,8.1,4.7,6.8,Passed,8.4
SU2024,SU2024-class 34,5,1905AIFCCJ,,9,5.9,7.7,Passed,8.8
SU2024,SU2024-class 34,6,1905AIDIDC,,7.4,4.2,6.5,Passed,8.8
SU2024,SU2024-class 34,7,1905AIFCBE,,9.5,4.6,7.1,Passed,7.9
SU2024,SU2024-class 34,8,1905AIFDBG,,9.4,5.9,7.8,Passed,8.6
SU2024,SU2024-class 34,9,1905AIDIAE,,9,5.1,7.2,Passed,8.2
SU2024,SU2024-class 34,10,1905AICDAB,,10,4.7,7.3,Passed,8.2
SU2024,SU2024-class 34,11,1905AIFBFI,,7.5,5.4,6.2,Passed,6
SU2024,SU2024-class 34,12,1905AIDHEF,,6.8,4.5,6.3,Passed,8.2
SU2024,SU2024-class 34,13,1905AIFBDC,,7.8,4.3,6.1,Passed,7
SU2024,SU2024-class 34,14,1905AIFBDJ,,9,4.9,7.3,Passed,8.8
SU2024,SU2024-class 34,15,1905AIFDCG,,9.5,4.7,7.4,Passed,9.1
SU2024,SU2024-class 34,16,1905AIDAIH,,7.4,4.5,6.3,Passed,7.8
SU2024,SU2024-class 34,17,1905AIDHCI,,6.7,4.5,6.1,Passed,7.5
SU2024,SU2024-class 34,18,1905AIFBEJ,,7.8,6.1,7,Passed,7.6
SU2024,SU2024-class 34,19,1905AIDHCF,,9.2,3.8,6.7,Not Passed,8.2
SU2024,SU2024-class 34,20,1905AIFCBD,,7.5,3.2,5.9,Not Passed,7.9
SU2024,SU2024-class 34,21,1905AIDHIH,,9.5,4.5,7.1,Passed,8
SU2024,SU2024-class 34,22,1905AIFCBC,,8,4.5,6.2,Passed,6.7
SU2024,SU2024-class 34,23,1905AIFDJF,,8.1,5.1,6.8,Passed,7.8
SU2024,SU2024-class 34,24,1905AIFBIF,,8,5.1,7.1,Passed,9
SU2024,SU2024-class 34,25,1905AIFBAD,,7.9,5,7,Passed,8.9
SU2024,SU2024-class 34,26,1905AICEAI,,10,7.8,8.9,Passed,9.1
SU2024,SU2024-class 34,27,1905AHCFED,,9.6,6.6,8,Passed,8.3
SU2024,SU2024-class 34,28,1905AIFDBJ,,8.3,5.1,6.9,Passed,7.8
SU2024,SU2024-class 34,29,1905AIFCAE,,9.3,4.4,6.9,Passed,7.8
SU2024,SU2024-class 34,30,1905AICEBG,,8.2,5.3,7.1,Passed,8.3
SU2024,SU2024-class 34,31,1905AIFDBH,,9.7,5,7.4,Passed,8.3
SU2024,SU2024-class 34,32,1905AIJFHA,,9.3,5.1,7.4,Passed,8.7
SU2024,SU2024-class 34,33,1905AIDIAH,,7.7,4.1,6.5,Passed,8.4
SU2024,SU2024-class 34,34,1905AIAJID,,7.7,4.6,6.4,Passed,7.4
SU2024,SU2024-class 35,1,1905AIFFED,,4,4.5,5.4,Passed,8
SU2024,SU2024-class 35,2,1905AIFFFF,,5,5.3,5.9,Passed,7.8
SU2024,SU2024-class 35,3,1905AIFEIH,,7.5,4.8,6.3,Passed,7.3
SU2024,SU2024-class 35,4,1905AHCGCI,,8.3,5.6,6.2,Passed,5
SU2024,SU2024-class 35,5,1905AIFFAC,,7.5,5.7,6.8,Passed,7.5
SU2024,SU2024-class 35,6,1905AIFDIH,,5.5,2.6,5.1,Not Passed,7.9
SU2024,SU2024-class 35,7,1905AIFEJD,,6,5.9,6.6,Passed,8.3
SU2024,SU2024-class 35,8,1905AIFFAJ,,6.5,5.5,6.7,Passed,8.4
SU2024,SU2024-class 35,9,1905AHAGJD,,5,2.8,4.2,Not Passed,5.4
SU2024,SU2024-class 35,10,1905AIFFJJ,,7,6.9,6.8,Passed,6.4
SU2024,SU2024-class 35,11,1905AIFFJB,,5.5,5.3,5.8,Passed,6.9
SU2024,SU2024-class 35,12,1905AIFEID,,2,3.6,3.7,Not Passed,5.6
SU2024,SU2024-class 35,13,1919AHJGIG,,5.5,4.4,4.5,Not Passed,3.8
SU2024,SU2024-class 35,14,1905AIFGBG,,2,5.4,4.7,Not Passed,6.6
SU2024,SU2024-class 35,15,1905AIFGCB,,7,4.8,6.6,Passed,8.6
SU2024,SU2024-class 35,16,1905AIFFGI,,4,5.1,5.6,Passed,7.8
SU2024,SU2024-class 35,17,1905AICIEB,,8.5,5.7,7.1,Passed,7.6
SU2024,SU2024-class 35,18,1905AIFDIF,,6,6.3,6.6,Passed,7.8
SU2024,SU2024-class 35,19,1905AGCDFJ,,6.3,0,2.4,Attendance Fail,1.6
SU2024,SU2024-class 35,20,1905AIFEIJ,,5.5,4.4,5,Passed,5.3
SU2024,SU2024-class 35,21,1905AIFEJF,,5.5,4.3,5.2,Passed,6
SU2024,SU2024-class 35,22,1905AIFFGC,,8.3,4,6.2,Passed,7
SU2024,SU2024-class 35,23,1905AIFGCJ,,7.5,4.7,6.5,Passed,7.8
SU2024,SU2024-class 35,24,1905AIFFEE,,4.5,5.3,5.9,Passed,8.3
SU2024,SU2024-class 35,25,1905AIFEAI,,9.3,4.5,6.9,Passed,7.9
SU2024,SU2024-class 35,26,1905AIFEHG,,7.5,4.8,6.7,Passed,8.4
SU2024,SU2024-class 35,27,1905AIFEJB,,5.5,6.5,6.5,Passed,7.6
SU2024,SU2024-class 35,28,1905AHJDJF,,0,0,0,Attendance Fail,0
SU2024,SU2024-class 35,29,1905AIFGDJ,,4,5.7,5.3,Passed,6.1
SU2024,SU2024-class 35,30,1905AIFFAA,,5.5,4.1,5.8,Passed,8.3
SU2024,SU2024-class 35,31,1905AIFHEC,,7.5,5.9,6.9,Passed,7.8
SU2024,SU2024-class 35,32,1905AIFFBE,,4,5.1,5.4,Passed,7.1
SU2025,SU2025-class 1,1,1905AIJGAH,,5.9,6.4,7.1,Passed,9.4
SU2025,SU2025-class 1,2,1905AIJGHG,,6.5,6.4,7.2,Passed,9.2
SU2025,SU2025-class 1,3,1905AIJGHI,,6.7,5.8,7.3,Passed,10
SU2025,SU2025-class 1,4,1905AIAJCB,,6.3,6.6,6.7,Passed,7.3
SU2025,SU2025-class 1,5,1905AFABAB,,0,0,0,Attendance Fail,0
SU2025,SU2025-class 1,6,1905AIDDEB,,5.7,3.4,5.4,Not Passed,7.9
SU2025,SU2025-class 1,7,1905AIJCAJ,,6.4,3.6,6.3,Not Passed,10
SU2025,SU2025-class 1,8,1905AIJFGB,,9.7,5.6,7.4,Passed,7.5
SU2025,SU2025-class 1,9,1905AIJBAB,,6.5,5.4,6.4,Passed,7.8
SU2025,SU2025-class 1,10,1905AIBDEH,,6.3,8.6,8.1,Passed,9.4
SU2025,SU2025-class 1,11,1905AIJAGG,,2.1,6.2,5.9,Passed,9.2
SU2025,SU2025-class 1,12,1905AIBIAF,,0,0,0.8,Attendance Fail,2.5
SU2025,SU2025-class 1,13,1905AIAJEA,,6.2,6.2,7.1,Passed,9.1
SU2025,SU2025-class 1,14,1905AIJJDA,,9.1,5.2,7.8,Passed,10
SU2025,SU2025-class 1,15,1905AIJBBB,,6.3,6,7,Passed,9.2
SU2025,SU2025-class 1,16,1905AIDCGB,,4.5,6.4,5.1,Passed,4
SU2025,SU2025-class 1,17,1905AIBCAE,,6.1,5.2,6.9,Passed,10
SU2025,SU2025-class 1,18,1905AIJACC,,5.9,6,6.7,Passed,8.5
SU2025,SU2025-class 1,19,1905BJAHFJ,,6.4,6.2,7.4,Passed,10
SU2025,SU2025-class 1,20,1905AIJJFJ,,6.5,6,7.4,Passed,10
SU2025,SU2025-class 1,21,1905AIDAII,,3.6,4.8,4.6,Not Passed,5.4
SU2025,SU2025-class 1,22,1905AIFDFC,,6.1,4.4,5.6,Passed,6.9
SU2025,SU2025-class 1,23,1905AIJEIE,,6.4,5,5.7,Passed,6.1
SU2025,SU2025-class 1,24,1905AIBJFE,,6.3,7.4,7.8,Passed,10
SU2025,SU2025-class 1,25,1905AIJJGB,,6.7,6.6,7.6,Passed,10
SU2025,SU2025-class 1,26,1905AIBCJC,,6.6,9,8.6,Passed,10
SU2025,SU2025-class 1,27,1905AIJJFB,,6.6,8.4,8.1,Passed,9.2
SU2025,SU2025-class 1,28,1905AIJBEJ,,6.4,7.2,7.8,Passed,10
SU2025,SU2025-class 1,29,1905AIJJAF,,6.4,6.2,7.4,Passed,10
SU2025,SU2025-class 1,30,1905AIDDCJ,,5.5,9.4,5.4,Not Passed,0
SU2025,SU2025-class 1,31,1905AICECF,,6.4,6.2,6.6,Passed,7.3
SU2025,SU2025-class 1,32,1905AIJAEG,,0,0,0.2,Attendance Fail,0.6
SU2025,SU2025-class 1,33,1905AIJIGJ,,6.6,6.4,7.5,Passed,10
SU2025,SU2025-class 1,34,1905AIAJFD,,6.5,6.2,7.2,Passed,9.2
SU2025,SU2025-class 1,35,1905BJCJBI,,6.5,7.2,7.6,Passed,9.4
SU2025,SU2025-class 2,1,1905BJDACJ,,5,7.4,7.2,Passed,9.2
SU2025,SU2025-class 2,2,1905AIDGFB,,6.5,3.8,5.8,Not Passed,7.7
SU2025,SU2025-class 2,3,1905AICDEA,,6.5,6.2,6.2,Passed,6
SU2025,SU2025-class 2,4,1905AIDCAH,,8.8,7.6,8.2,Passed,8.5
SU2025,SU2025-class 2,5,1905AIDDAB,,4,5.2,4.7,Not Passed,4.7
SU2025,SU2025-class 2,6,1905AIDCJE,,6.5,4.8,5.8,Passed,6.4
SU2025,SU2025-class 2,7,1905AIBHHD,,8,6.6,7.3,Passed,7.5
SU2025,SU2025-class 2,8,1905AICGEE,,0,0,0,Attendance Fail,0
SU2025,SU2025-class 2,9,1905BJAIIJ,,8.5,6.6,7.9,Passed,9.1
SU2025,SU2025-class 2,10,1905BJCJGB,,1,4.8,3.1,Not Passed,3
SU2025,SU2025-class 2,11,1905AICHGF,,8.8,5,7.2,Passed,8.7
SU2025,SU2025-class 2,12,1905AIDDGI,,4,0,3.6,Not Passed,8.1
SU2025,SU2025-class 2,13,1905AGCCJJ,,5,4.2,5,Passed,6.1
SU2025,SU2025-class 2,14,1905AGAFAD,,0,0,0,Attendance Fail,0
SU2025,SU2025-class 2,15,1905AIDJJC,,0,0,0,Attendance Fail,0
SU2025,SU2025-class 2,16,1905AIDADI,,6.5,3.4,5.7,Not Passed,8.1
SU2025,SU2025-class 2,17,1905AICIGJ,,6.5,5.6,6.4,Passed,7.3
SU2025,SU2025-class 2,18,1905BJAFAJ,,8.5,0,3.2,Attendance Fail,2.3
SU2025,SU2025-class 2,19,1905AICDII,,8.8,7.4,8.4,Passed,9.2
SU2025,SU2025-class 2,20,1905AICDGI,,8.8,5,7.3,Passed,8.9
SU2025,SU2025-class 2,21,1905BJCHCC,,2,4,3.9,Not Passed,5.8
SU2025,SU2025-class 2,22,1905AIBEFB,,6.5,5.8,5.8,Passed,5.2
SU2025,SU2025-class 2,23,1905AGCBHE,,8.5,6,7.1,Passed,7.1
SU2025,SU2025-class 2,24,1905AIDBAI,,6.5,4.4,5.9,Passed,7.3
SU2025,SU2025-class 2,25,1905AICGJF,,6.5,4,5.7,Passed,7.3
SU2025,SU2025-class 2,26,1905BJDIJC,,6.5,4.2,5.6,Passed,6.5
SU2025,SU2025-class 2,27,1905AICJCC,,6.5,5.4,6.1,Passed,6.6
SU2025,SU2025-class 2,28,1905AIBEHF,,6.5,8.4,7.8,Passed,8.4
SU2025,SU2025-class 2,29,1905AHCABJ,,0,0,0,Attendance Fail,0
SU2025,SU2025-class 2,30,1905AIFDGF,,0,0,0,Attendance Fail,0
SU2025,SU2025-class 2,31,1905AIBGGB,,8.5,6.2,7,Passed,6.7
SU2025,SU2025-class 3,1,1905BJJFBD,,8.8,4.6,6.3,Passed,6
SU2025,SU2025-class 3,2,1905BJCAJC,,8.5,5.4,7.3,Passed,8.8
SU2025,SU2025-class 3,3,1905BJAHBG,,7.3,8.2,8,Passed,8.6
SU2025,SU2025-class 3,4,1905AIBBCJ,,6.5,5.6,5.3,Passed,3.6
SU2025,SU2025-class 3,5,1905AICEEA,,7.3,5.2,6.6,Passed,7.8
SU2025,SU2025-class 3,6,1905BJAGGF,,7.3,4,6.4,Passed,8.6
SU2025,SU2025-class 3,7,1905BJCJGH,,7.3,4.4,6.4,Passed,8.3
SU2025,SU2025-class 3,8,1905BJJJDB,,7.3,3.6,6.1,Not Passed,8.4
SU2025,SU2025-class 3,9,1905BJAHCE,,7.3,6.8,7.3,Passed,8.1
SU2025,SU2025-class 3,10,0405AIJIGI,,7.8,4.8,6,Passed,5.8
SU2025,SU2025-class 3,11,1905BJCEFB,,7.5,6.8,7.3,Passed,7.9
SU2025,SU2025-class 3,12,1905BJCJEB,,8.5,7.4,8.1,Passed,8.6
SU2025,SU2025-class 3,13,1905AIFDFA,,9,6.6,8,Passed,8.8
SU2025,SU2025-class 3,14,1905BJJEIA,,8.3,4,6.6,Passed,8.5
SU2025,SU2025-class 3,15,1905AIBJFJ,,7.8,4.6,6.8,Passed,8.6
SU2025,SU2025-class 3,16,1905BJJGJB,,8.8,5.4,6.7,Passed,6.3
SU2025,SU2025-class 3,17,1905BJJIFA,,8.3,7,7.9,Passed,8.6
SU2025,SU2025-class 3,18,1905BJADBG,,3.5,0,1.1,Attendance Fail,0
SU2025,SU2025-class 3,19,1905BJADEA,,7.5,6,7,Passed,7.9
SU2025,SU2025-class 3,20,1905BJJEBF,,9.8,6.8,8.4,Passed,9.1
SU2025,SU2025-class 3,21,1905BJCJCB,,9,9.6,9.2,Passed,8.8
SU2025,SU2025-class 3,22,1905BJCHJC,,7.5,4.2,6.4,Passed,8.4
SU2025,SU2025-class 3,23,1905AIBIFJ,,7.8,4.8,5.7,Passed,4.9
SU2025,SU2025-class 3,24,1905BJADFE,,8.5,7.8,8.2,Passed,8.5
SU2025,SU2025-class 3,25,1905BJAJBC,,9.5,7.4,8.5,Passed,9.1
SU2025,SU2025-class 3,26,1905BJBJFF,,7.8,8.2,7.6,Passed,6.5
SU2025,SU2025-class 3,27,1905AHCJGC,,3,0,0.9,Attendance Fail,0
SU2025,SU2025-class 3,28,1905BJCJED,,9,7.6,8.4,Passed,9
SU2025,SU2025-class 3,29,1905BJAHGD,,8.5,7,7.6,Passed,7.5
SU2025,SU2025-class 3,30,1905AIBEIJ,,8.3,3.6,5.9,Not Passed,6.8
SU2025,SU2025-class 3,31,1905BJADAC,,7.8,5.6,7,Passed,8.3
SU2025,SU2025-class 3,32,1905BJJEEG,,6.5,4.6,5.4,Passed,5.4
SU2025,SU2025-class 3,33,1905BJJEFI,,8,0,3.6,Attendance Fail,4.1
SU2025,SU2025-class 3,34,1905AICDJD,,6.5,6.4,7,Passed,8.3
SU2025,SU2025-class 3,35,1905BJJJJC,,7.3,4.2,6.3,Passed,8.1
SU2025,SU2025-class 4,1,1905BJCIAA,,3.1,5.4,4.8,Not Passed,5.8
SU2025,SU2025-class 4,2,1905BJCDIE,,6.5,6.6,7.5,Passed,9.7
SU2025,SU2025-class 4,3,1905BJCAIJ,,7.6,6.6,7.1,Passed,7.3
SU2025,SU2025-class 4,4,1905BJCEEE,,7.3,8.2,8.5,Passed,10
SU2025,SU2025-class 4,5,1905AIDHBI,,6.6,4.6,6.4,Passed,8.8
SU2025,SU2025-class 4,6,1905BJCGBE,,4.5,6.2,5.9,Passed,6.9
SU2025,SU2025-class 4,7,1905BJCEHI,,6.7,7.4,7.6,Passed,8.8
SU2025,SU2025-class 4,8,1905AICCJG,,4.5,2,3.7,Not Passed,5.3
SU2025,SU2025-class 4,9,1905BJCEHC,,6.8,6.8,7.7,Passed,10
SU2025,SU2025-class 4,10,1905BJDEAI,,0,0,0,Attendance Fail,0
SU2025,SU2025-class 4,11,1905BJCCFC,,6.4,4.6,6.3,Passed,8.5
SU2025,SU2025-class 4,12,1905BJCAGB,,7.1,7,7.9,Passed,10
SU2025,SU2025-class 4,13,1905BJCIHI,,6.4,5.6,6.8,Passed,8.9
SU2025,SU2025-class 4,14,1905AHBFDJ,,4.7,4.4,4.5,Not Passed,4.4
SU2025,SU2025-class 4,15,1905BJCFIC,,6.1,6.2,6.8,Passed,8.3
SU2025,SU2025-class 4,16,1905BJCIEB,,6.6,6.2,7.4,Passed,10
SU2025,SU2025-class 4,17,1905BJCHEG,,4.2,7,5.2,Passed,3.7
SU2025,SU2025-class 4,18,1905BJDAJD,,6.6,5.8,6.3,Passed,6.8
SU2025,SU2025-class 4,19,1905BJCEGH,,8.2,5.4,6.7,Passed,7.1
SU2025,SU2025-class 4,20,1905BJCIHF,,0,0,0,Attendance Fail,0
SU2025,SU2025-class 4,21,1905BJCCEG,,3.8,2.8,4.5,Not Passed,7.3
SU2025,SU2025-class 4,22,1905BJCBHD,,6.8,7.4,7.6,Passed,8.8
SU2025,SU2025-class 4,23,1905BJCIJI,,6.8,8.6,8.5,Passed,10
SU2025,SU2025-class 4,24,1905BJCAAI,,6.4,5.8,6.1,Passed,6.2
SU2025,SU2025-class 4,25,1905BJCHGI,,6.4,6.6,7.1,Passed,8.6
SU2025,SU2025-class 4,26,1905BJCCJJ,,5,4.4,4.8,Not Passed,5.1
SU2025,SU2025-class 4,27,1905BJCEHJ,,5.8,7.6,7.5,Passed,9.2
SU2025,SU2025-class 4,28,1905BJCACJ,,4.4,6.4,6.7,Passed,9.4
SU2025,SU2025-class 4,29,1905BJDABJ,,6.8,6.8,7.7,Passed,10
SU2025,SU2025-class 4,30,1905BJCAIG,,6.7,5.8,7,Passed,9.1
SU2025,SU2025-class 4,31,1905BJCBHI,,6.2,8.4,8,Passed,9.1
SU2025,SU2025-class 4,32,1905BJCBJC,,7,7.4,8,Passed,10
SU2025,SU2025-class 4,33,1905BJCEID,,6.6,6.2,6,Passed,5.3
SU2025,SU2025-class 4,34,1905BJCEIE,,6.4,6.6,7.5,Passed,10
SU2025,SU2025-class 4,35,1905BJDJAJ,,2.5,0,1.9,Attendance Fail,3.8
SU2025,SU2025-class 5,1,1905BJDBAB,,7.8,4.6,6.6,Passed,8
SU2025,SU2025-class 5,2,1905BJDBAF,,8.5,5.4,7.2,Passed,8.4
SU2025,SU2025-class 5,3,1905BJDDJB,,8,7,7.8,Passed,8.6
SU2025,SU2025-class 5,4,1905BJEACB,,8.3,4.2,6.7,Passed,8.5
SU2025,SU2025-class 5,5,1905BJDIFD,,8,5.4,6.6,Passed,6.8
SU2025,SU2025-class 5,6,1905AHCBEJ,,7.8,4.8,5.3,Passed,3.4
SU2025,SU2025-class 5,7,1905BJDDJI,,7,3.8,5.6,Not Passed,6.6
SU2025,SU2025-class 5,8,1905BJDDIB,,9,5.4,7.5,Passed,8.9
SU2025,SU2025-class 5,9,1905BJDDFF,,8.5,7.4,8.2,Passed,9.1
SU2025,SU2025-class 5,10,1905BJDHFC,,9,8,8.2,Passed,7.5
SU2025,SU2025-class 5,11,1905BJDDBD,,8,6.8,7,Passed,6.4
SU2025,SU2025-class 5,12,1905BJDGJF,,8.3,4.2,6.7,Passed,8.4
SU2025,SU2025-class 5,13,1905BJDIAI,,9,6.2,7.7,Passed,8.5
SU2025,SU2025-class 5,14,1905AICGHJ,,8,5.4,6.5,Passed,6.5
SU2025,SU2025-class 5,15,1905BJEAIC,,7.8,4.4,6.2,Passed,7
SU2025,SU2025-class 5,16,1905BJEABB,,7,0,3.2,Attendance Fail,3.5
SU2025,SU2025-class 5,17,1905BJEADB,,7.8,6.2,7.4,Passed,8.5
SU2025,SU2025-class 5,18,1905BJEAIA,,8.3,7.2,7.9,Passed,8.5
SU2025,SU2025-class 5,19,1905BJDEAF,,8.3,7.2,7.9,Passed,8.6
SU2025,SU2025-class 5,20,1905BJDFIA,,8,7,7.7,Passed,8.3
SU2025,SU2025-class 5,21,1905BJDCAF,,8.5,6,7.5,Passed,8.6
SU2025,SU2025-class 5,22,1905BJDFDC,,7.8,7.2,6.6,Passed,4.5
SU2025,SU2025-class 5,23,1905AICGBA,,8,4.6,6.7,Passed,8.3
SU2025,SU2025-class 5,24,1905BJDGEA,,7.8,4,5.8,Passed,6.1
SU2025,SU2025-class 5,25,1905BJDGAJ,,8.3,4.8,6.8,Passed,8
SU2025,SU2025-class 5,26,1905AIJFAF,,9,8,7.8,Passed,6.4
SU2025,SU2025-class 5,27,1905BJEBJC,,8,5.6,7.1,Passed,8.3
SU2025,SU2025-class 5,28,1905BJDGHC,,8,6.4,6.8,Passed,6.1
SU2025,SU2025-class 5,29,1905BJDEHA,,7.8,5.4,7.1,Passed,8.6
SU2025,SU2025-class 5,30,1905BJDBDB,,8,6,7.4,Passed,8.6
SU2025,SU2025-class 5,31,1905BJEAIJ,,7.8,5.2,7,Passed,8.5
SU2025,SU2025-class 5,32,1905BJJIFJ,,7.8,5.4,6.8,Passed,7.9
SU2025,SU2025-class 5,33,1905AHJDJF,,8,4.2,6.6,Passed,8.5
SU2025,SU2025-class 5,34,1905BJEJFB,,8.3,5.2,7.2,Passed,8.8
SU2025,SU2025-class 5,35,1905AICIHD,,7.8,4.8,6.4,Passed,7.3
SU2025,SU2025-class 5,36,1905BJDIHI,,9,5.6,7.5,Passed,8.6
SU2025,SU2025-class 5,37,1905BJJIGG,,7.5,5.6,7,Passed,8.4
SU2025,SU2025-class 6,1,1905AIFBBH,,8.3,8,7.8,Passed,7
SU2025,SU2025-class 6,2,1905AIFDGA,,8.5,5.2,6.5,Passed,6.4
SU2025,SU2025-class 6,3,1905BJDAGD,,9.5,6.4,7,Passed,5.2
SU2025,SU2025-class 6,4,1905AHDBAF,,0,0,0.8,Attendance Fail,2.6
SU2025,SU2025-class 6,5,1905AIFDFJ,,8,3.4,4.9,Not Passed,3.9
SU2025,SU2025-class 6,6,1905AHJBFG,,2.5,4.4,4.6,Not Passed,7.1
SU2025,SU2025-class 6,7,1905BJECJE,,6.2,0,4,Not Passed,7.1
SU2025,SU2025-class 6,8,1905AIAJEJ,,9.4,4.2,6.4,Passed,6.4
SU2025,SU2025-class 6,9,1905AIJIAJ,,0,0,0.9,Attendance Fail,3
SU2025,SU2025-class 6,10,1905BJCHAC,,9.5,6.8,7.4,Passed,6.1
SU2025,SU2025-class 6,11,1905AIFDDF,,9.1,5,6,Passed,4.3
SU2025,SU2025-class 6,12,1905BJDABC,,8.7,5.4,6.5,Passed,5.7
SU2025,SU2025-class 6,13,1905AIFEJC,,9.5,6.4,7.4,Passed,6.7
SU2025,SU2025-class 6,14,1905AIFBHH,,3.7,4.6,5,Passed,6.8
SU2025,SU2025-class 6,15,1905AIAACI,,8.8,5.4,7,Passed,7.4
SU2025,SU2025-class 6,16,1905AIJJHA,,7.5,4.4,5.8,Passed,6
SU2025,SU2025-class 6,17,1905BJJJHF,,9.3,4.4,6.5,Passed,6.7
SU2025,SU2025-class 6,18,1905BJECBA,,9,8.8,8.5,Passed,7.8
SU2025,SU2025-class 6,19,1905AICHIA,,9.4,6.2,7.3,Passed,6.7
SU2025,SU2025-class 6,20,1905AIDGAB,,9.5,6,7.3,Passed,6.9
SU2025,SU2025-class 6,21,1905AIDGEB,,0,0,0.5,Attendance Fail,1.7
SU2025,SU2025-class 6,22,1905AIFDEG,,9.5,3.2,5.6,Not Passed,4.9
SU2025,SU2025-class 6,23,1905AIFDDA,,0,0,0,Attendance Fail,0
SU2025,SU2025-class 6,24,1905AIFFCD,,9.8,6.8,7.6,Passed,6.4
SU2025,SU2025-class 7,1,1905BJEAHH,,8,7,7.9,Passed,8.9
SU2025,SU2025-class 7,2,1905BJADJH,,8.5,6,7.7,Passed,9.3
SU2025,SU2025-class 7,3,1905BJCBEE,,7.5,6.2,7.3,Passed,8.6
SU2025,SU2025-class 7,4,1905BJAHIJ,,7.5,5,6.8,Passed,8.6
SU2025,SU2025-class 7,5,1905BJDHCC,,8,6.8,7.6,Passed,8.4
SU2025,SU2025-class 7,6,1905BJCJCH,,8.5,5.4,7.4,Passed,9
SU2025,SU2025-class 7,7,1905BJCEHH,,8.5,4.8,7.2,Passed,9.3
SU2025,SU2025-class 7,8,1905AHJBID,,7.5,3.6,6,Not Passed,7.8
SU2025,SU2025-class 7,9,1905BJDCDD,,7.5,2.2,5.5,Not Passed,7.8
SU2025,SU2025-class 7,10,1905BJDHFA,,8.5,5,7.3,Passed,9
SU2025,SU2025-class 7,11,1905BJDAEG,,9.5,6.2,8.2,Passed,9.5
SU2025,SU2025-class 7,12,1905BJDFCE,,8,5,7.1,Passed,9
SU2025,SU2025-class 7,13,1905BJADFD,,9.5,6.4,8.3,Passed,9.5
SU2025,SU2025-class 7,14,1905AIFGBI,,9.5,5,7.7,Passed,9.5
SU2025,SU2025-class 7,15,1905BJADGJ,,9,6.4,8.1,Passed,9.5
SU2025,SU2025-class 7,16,1905BJCHAE,,8,6.6,7.8,Passed,9.3
SU2025,SU2025-class 7,17,1905BJCADJ,,9,6.6,8.2,Passed,9.5
SU2025,SU2025-class 7,18,1905AICIFC,,8,5.8,7.3,Passed,8.8
SU2025,SU2025-class 7,19,1905BJCGHH,,8.5,3.4,6.7,Not Passed,9.3
SU2025,SU2025-class 7,20,1905BJDJDC,,7.5,5.2,6.8,Passed,8.1
SU2025,SU2025-class 7,21,1905BJDDGD,,9,5,7.6,Passed,9.5
SU2025,SU2025-class 7,22,1905BJDCIB,,8,5.8,7.4,Passed,8.9
SU2025,SU2025-class 7,23,1905BJECAG,,8,5.6,7.3,Passed,9
SU2025,SU2025-class 7,24,1905AIDBJF,,8,5,6.9,Passed,8.4
SU2025,SU2025-class 7,25,1905BJCBJI,,9,4.8,7.4,Passed,9.1
SU2025,SU2025-class 7,26,1905BJCIFF,,9,5.6,7.8,Passed,9.5
SU2025,SU2025-class 7,27,1905BJAEHJ,,8.5,5.8,7.6,Passed,9.3
SU2025,SU2025-class 7,28,1905BJJIJG,,8,6.8,7.7,Passed,8.6
SU2025,SU2025-class 7,29,1905BJAFJG,,8,5.2,7.2,Passed,9
SU2025,SU2025-class 7,30,1905BJEJHJ,,7.5,9,8.4,Passed,8.4
SU2025,SU2025-class 8,1,1905BJAGGE,,8,5,6.8,Passed,8
SU2025,SU2025-class 8,2,1905AIJFFD,,4.3,5.2,5.7,Passed,7.8
SU2025,SU2025-class 8,3,1905BJAFAC,,8.3,5.4,7.1,Passed,8.3
SU2025,SU2025-class 8,4,1905BJBJJI,,7.5,4.6,6.1,Passed,6.8
SU2025,SU2025-class 8,5,1905BJADEC,,7.3,0,4.5,Not Passed,7.6
SU2025,SU2025-class 8,6,1905BJADAE,,4.5,4.8,6,Passed,9
SU2025,SU2025-class 8,7,1905AICAJD,,4.3,4.6,5.2,Passed,6.9
SU2025,SU2025-class 8,8,1905BJDACI,,7.8,6.6,7.4,Passed,8.3
SU2025,SU2025-class 8,9,1905BJCCDB,,8,6,7.1,Passed,7.5
SU2025,SU2025-class 8,10,1905BJJJBJ,,8,4,6.4,Passed,7.9
SU2025,SU2025-class 8,11,1905BJADBD,,8.3,5.4,7.1,Passed,8.4
SU2025,SU2025-class 8,12,1905BJJDID,,8.3,9,8.5,Passed,8
SU2025,SU2025-class 8,13,1905BJAFAA,,7.8,9.2,8.7,Passed,8.9
SU2025,SU2025-class 8,14,1905BJADAB,,6.8,4.8,6.7,Passed,9.1
SU2025,SU2025-class 8,15,1905BJJEIG,,7.5,4,6.3,Passed,8
SU2025,SU2025-class 8,16,1905BJAJIE,,7.8,4.2,6.3,Passed,7.5
SU2025,SU2025-class 8,17,1905BJAJDC,,8,6.2,7.3,Passed,8
SU2025,SU2025-class 8,18,1905BJAEGC,,8.3,4.8,6.8,Passed,7.9
SU2025,SU2025-class 8,19,1905BJJEEH,,7.5,6,6.6,Passed,6.4
SU2025,SU2025-class 8,20,1905BJDBHC,,8,7.4,7.9,Passed,8.6
SU2025,SU2025-class 8,21,1905BJJDEA,,7.8,5.6,7.1,Passed,8.5
SU2025,SU2025-class 8,22,1905BJJGGH,,8.3,7.2,8.1,Passed,9
SU2025,SU2025-class 8,23,1905BJDBGC,,7.8,4.2,6.7,Passed,8.9
SU2025,SU2025-class 8,24,1905BJCADG,,4.5,0,1.7,Attendance Fail,1
SU2025,SU2025-class 8,25,1905BJJIHH,,8,7,7.7,Passed,8.3
SU2025,SU2025-class 8,26,1905BJADHC,,9,5.8,7.9,Passed,9.5
SU2025,SU2025-class 8,27,1905BJAFFD,,4.5,4.4,5.6,Passed,8.3
SU2025,SU2025-class 8,28,1905BJJEGA,,7.8,4.4,6.3,Passed,7.5
SU2025,SU2025-class 8,29,1905BJAGII,,8,4.4,6.9,Passed,9.1
SU2025,SU2025-class 8,30,1905BJAEEA,,4.5,0,1.7,Attendance Fail,1
SU2025,SU2025-class 8,31,1905BJAFCJ,,7.5,6.6,7.3,Passed,7.9
SU2025,SU2025-class 8,32,1905BJAGJJ,,7.8,6.2,7.3,Passed,8.3
SU2025,SU2025-class 8,33,1905BJBJAD,,8.3,5,7,Passed,8.4
SU2025,SU2025-class 8,34,1905AIFEBE,,8,5.4,7,Passed,8.3
SU2025,SU2025-class 8,35,1905BJAGCC,,8,4.2,6.4,Passed,7.8
SU2025,SU2025-class 9,1,1905BJCHFD,,8,3,5.5,Not Passed,6.3
SU2025,SU2025-class 9,2,1905BJDCFD,,8.5,5.2,7.1,Passed,8.4
SU2025,SU2025-class 9,3,1905BJCBAJ,,7.6,4,6.1,Passed,7.5
SU2025,SU2025-class 9,4,1905BJCBCH,,9,6.4,8,Passed,9.3
SU2025,SU2025-class 9,5,1905BJCIHE,,8.3,5.4,7.2,Passed,8.4
SU2025,SU2025-class 9,6,1905AHDEJC,,0,0,0,Attendance Fail,0
SU2025,SU2025-class 9,7,0305AGAFHG,,0,0,0,Attendance Fail,0
SU2025,SU2025-class 9,8,1905BJCCDG,,8.7,4,6.8,Passed,8.8
SU2025,SU2025-class 9,9,1905BJDCEB,,7.4,5.8,7,Passed,8.3
SU2025,SU2025-class 9,10,1905BJDADA,,0,0,0.6,Attendance Fail,2.1
SU2025,SU2025-class 9,11,1905BJCBIJ,,8.5,6.2,7.6,Passed,8.7
SU2025,SU2025-class 9,12,1905BJDBJG,,8.5,5.6,7.4,Passed,8.8
SU2025,SU2025-class 9,13,1905BJCEBI,,8.8,4,7.1,Passed,9.5
SU2025,SU2025-class 9,14,1905BJDJAD,,8.6,4.6,6.7,Passed,7.8
SU2025,SU2025-class 9,15,1905BJCAEE,,8.5,7.4,8.2,Passed,9
SU2025,SU2025-class 9,16,1905BJCJGJ,,8.2,5.6,7.3,Passed,8.9
SU2025,SU2025-class 9,17,1905AGBDED,,5.3,3.2,4.9,Not Passed,6.9
SU2025,SU2025-class 9,18,1905BJCACD,,9,5.6,7.4,Passed,8.3
SU2025,SU2025-class 9,19,1905BJCHEC,,7.9,4.8,6.7,Passed,8
SU2025,SU2025-class 9,20,1905BJDFBE,,8.7,4.2,6.6,Passed,7.6
SU2025,SU2025-class 9,21,1905BJCHBJ,,7.2,2.2,5.6,Not Passed,8.7
SU2025,SU2025-class 9,22,1905BJCCGC,,8.2,4.6,6.3,Passed,6.6
SU2025,SU2025-class 9,23,1905BJCGDJ,,8.4,6.4,7.7,Passed,8.6
SU2025,SU2025-class 9,24,1905BJCGFC,,8.2,4.4,6.5,Passed,7.6
SU2025,SU2025-class 9,25,1905BJCCDJ,,7.2,2.6,5.2,Not Passed,6.6
SU2025,SU2025-class 9,26,1905AIDHGE,,7.1,3.6,5.5,Not Passed,6.5
SU2025,SU2025-class 9,27,1905BJDCHC,,8.2,5.2,6.7,Passed,7.1
SU2025,SU2025-class 9,28,1905AIBHHH,,3.3,3.8,4.5,Not Passed,6.5
SU2025,SU2025-class 9,29,1905BJCDCG,,8.3,6,7.3,Passed,8
SU2025,SU2025-class 9,30,1905BJDAHF,,8.8,4,6.9,Passed,8.9
SU2025,SU2025-class 9,31,1905BJDCHF,,8.2,4.4,6.3,Passed,6.9
SU2025,SU2025-class 9,32,1905BJCCCI,,7.7,3.8,5.8,Not Passed,6.6
SU2025,SU2025-class 9,33,1905BJCJBF,,7.2,2.8,5.3,Not Passed,6.7
SU2025,SU2025-class 9,34,1905BJDBIJ,,7.9,7.6,8.3,Passed,9.8
SU2025,SU2025-class 9,35,1905AIBGAJ,,1.8,4.8,4,Not Passed,5.3
SU2025,SU2025-class 10,1,1905BJDDAE,,7.8,0,4.2,Not Passed,6.3
SU2025,SU2025-class 10,2,1905BJJGJG,,8.7,3.4,6.5,Not Passed,8.6
SU2025,SU2025-class 10,3,1905BJEACD,,7.2,4.2,6.3,Passed,8.3
SU2025,SU2025-class 10,4,1905BJDDDE,,9.3,5.8,7.6,Passed,8.3
SU2025,SU2025-class 10,5,1905BJEABA,,8.5,6.2,7.7,Passed,9
SU2025,SU2025-class 10,6,1905AIJGDE,,9.2,7.4,8.5,Passed,9.4
SU2025,SU2025-class 10,7,1905BJEAHJ,,8,4.4,6.8,Passed,8.9
SU2025,SU2025-class 10,8,1919BJDGGI,,9.3,4.2,6.7,Passed,7.5
SU2025,SU2025-class 10,9,1905BJGJJC,,7.7,6.4,7.3,Passed,8.2
SU2025,SU2025-class 10,10,1905BJDFHH,,8,8.8,8.3,Passed,7.9
SU2025,SU2025-class 10,11,1905BJECAJ,,8.3,3,5.4,Not Passed,5.8
SU2025,SU2025-class 10,12,1905BJEBJD,,8.4,4.6,6.7,Passed,7.7
SU2025,SU2025-class 10,13,1905BJEBII,,7.9,5.4,6.7,Passed,7.1
SU2025,SU2025-class 10,14,1905BJDCHI,,7.8,5.2,6.7,Passed,7.6
SU2025,SU2025-class 10,15,1905BJEJIF,,7.8,5.2,7,Passed,8.7
SU2025,SU2025-class 10,16,1905BJDJAF,,9.8,6,8.2,Passed,9.6
SU2025,SU2025-class 10,17,1905BJDEIG,,7.5,3.8,6.3,Not Passed,8.5
SU2025,SU2025-class 10,18,1905BJDFFD,,7.9,4.6,6.4,Passed,7.4
SU2025,SU2025-class 10,19,1905BJEBFG,,8.4,5.6,7.5,Passed,9.1
SU2025,SU2025-class 10,20,1905BJEBFA,,7.7,4.8,6.5,Passed,7.7
SU2025,SU2025-class 10,21,1905BJEAGD,,8.8,5.8,7.3,Passed,7.8
SU2025,SU2025-class 10,22,1919AIFFCE,,9.3,4.4,6.7,Passed,7.3
SU2025,SU2025-class 10,23,1905BJDDAG,,7.8,7.6,7.6,Passed,7.6
SU2025,SU2025-class 10,24,1905BJDHAC,,8,6.2,7.7,Passed,9.3
SU2025,SU2025-class 10,25,1905BJEJFH,,6.9,5.6,6.7,Passed,8.1
SU2025,SU2025-class 10,26,1905BJDHHF,,7.2,4.4,6.3,Passed,8
SU2025,SU2025-class 10,27,1905AHJEDA,,7.5,4,6.2,Passed,8
SU2025,SU2025-class 10,28,1905BJEBCE,,7.7,5,6.8,Passed,8.3
SU2025,SU2025-class 10,29,1905BJDEFI,,5,0,3.6,Attendance Fail,7
SU2025,SU2025-class 10,30,1905BJEJAI,,9.5,7.2,8.7,Passed,9.9
SU2025,SU2025-class 10,31,1905BJEJBD,,7.7,8.4,7.6,Passed,6.4
SU2025,SU2025-class 10,32,1905BJDIGG,,8,4.6,6.6,Passed,7.7
SU2025,SU2025-class 11,1,1905AICJEG,,0,0,0,Attendance Fail,0
SU2025,SU2025-class 11,2,1905BJCDCB,,7.9,8.8,8.5,Passed,8.6
SU2025,SU2025-class 11,3,1905BJBJCE,,7.9,5.6,7.4,Passed,9.3
SU2025,SU2025-class 11,4,1905AIAJEE,,8.1,4,6.7,Passed,8.8
SU2025,SU2025-class 11,5,1905BJCCED,,0,0,0,Attendance Fail,0
SU2025,SU2025-class 11,6,1905BJJEHG,,8.1,4.8,7.3,Passed,10
SU2025,SU2025-class 11,7,1905AHJAGB,,8.1,4.2,6.7,Passed,8.7
SU2025,SU2025-class 11,8,1905AIDCFF,,8.1,6.4,7.5,Passed,8.4
SU2025,SU2025-class 11,9,1905AIDBBJ,,8.1,5.4,7.5,Passed,9.9
SU2025,SU2025-class 11,10,1905AIJGCC,,8.1,0,4.8,Not Passed,8.1
SU2025,SU2025-class 11,11,1905AIJICC,,7.9,2.6,6,Not Passed,8.8
SU2025,SU2025-class 11,12,1905AHDIEG,,8.1,4.6,7,Passed,9.1
SU2025,SU2025-class 11,13,1905AIJHHJ,,8.1,3.2,6.1,Not Passed,8
SU2025,SU2025-class 11,14,1905AIFDGB,,8.1,6.4,7.8,Passed,9.4
SU2025,SU2025-class 11,15,1905BJAJBF,,8.6,7.6,8.6,Passed,10
SU2025,SU2025-class 11,16,1905BJJICE,,7.9,6,7.5,Passed,9.2
SU2025,SU2025-class 11,17,1905AIJBAI,,7.9,5,7,Passed,8.9
SU2025,SU2025-class 11,18,1905BJAEED,,8.1,8,8.5,Passed,9.5
SU2025,SU2025-class 11,19,1905BJCFHG,,8.1,0,5,Is Susspended,8.5
SU2025,SU2025-class 11,20,1905BJAHBA,,7.9,2.8,6,Not Passed,8.5
SU2025,SU2025-class 11,21,1905AICBJA,,8.1,5.2,7.4,Passed,9.7
SU2025,SU2025-class 11,22,1905BJDJFE,,7.9,4.8,7.1,Passed,9.4
SU2025,SU2025-class 11,23,1905AIJBHE,,7.9,9.2,8.6,Passed,8.7
SU2025,SU2025-class 11,24,1905BJDEAJ,,7.9,4.8,6.6,Passed,7.9
SU2025,SU2025-class 11,25,1905BJJIHI,,8.1,6.8,7.8,Passed,9
SU2025,SU2025-class 12,1,1905BJEAAF,,10,5.8,7.6,Passed,7.6
SU2025,SU2025-class 12,2,1905BJCIDH,,8.5,4.2,6.1,Passed,6.4
SU2025,SU2025-class 12,3,1905BJDAHC,,9.7,4.8,6.8,Passed,6.6
SU2025,SU2025-class 12,4,1905AIFGCH,,8.5,0,3.8,Attendance Fail,4.1
SU2025,SU2025-class 12,5,1905BJDDBC,,8.3,5.6,6.7,Passed,6.7
SU2025,SU2025-class 12,6,1905BJCJFJ,,8.5,6.4,7.3,Passed,7.2
SU2025,SU2025-class 12,7,1905BJEADA,,10,4.2,7,Passed,7.7
SU2025,SU2025-class 12,8,0305BJJAGH,,10,7.2,8.1,Passed,7.3
SU2025,SU2025-class 12,9,1905BJDDEH,,5.1,5.8,5.7,Passed,6.3
SU2025,SU2025-class 12,10,1905BJJIGH,,9,9,8.7,Passed,8
SU2025,SU2025-class 12,11,1905BJDFFJ,,7.5,5.4,6.4,Passed,6.7
SU2025,SU2025-class 12,12,1905BJDJDJ,,9.8,6,7.3,Passed,6.5
SU2025,SU2025-class 12,13,1905AIJGBH,,9.8,6.6,7,Passed,4.9
SU2025,SU2025-class 12,14,1905BJCGIE,,9.5,4.4,6.1,Passed,4.9
SU2025,SU2025-class 12,15,1905BJDCAJ,,10,4.6,6.9,Passed,6.7
SU2025,SU2025-class 12,16,1905AIAJIE,,2.5,0,1.1,Attendance Fail,1.3
SU2025,SU2025-class 12,17,1905BJCDDI,,10,8.4,8.6,Passed,7.4
SU2025,SU2025-class 12,18,1905BJDFHI,,10,6.2,7.9,Passed,8.1
SU2025,SU2025-class 12,19,1905BJEJAB,,10,5.8,7.2,Passed,6.4
SU2025,SU2025-class 12,20,1905BJDJEB,,10,5.8,7.7,Passed,8
SU2025,SU2025-class 12,21,1905BJCEGG,,10,7.6,8.3,Passed,7.7
SU2025,SU2025-class 12,22,1905BJJIGD,,10,8.2,8.5,Passed,7.5
SU2025,SU2025-class 12,23,1905BJCCFF,,10,6.6,7.7,Passed,6.7
SU2025,SU2025-class 12,24,1905BJDBID,,8.1,5,6.5,Passed,6.9
SU2025,SU2025-class 12,25,1905BJCAJJ,,10,6.2,7.7,Passed,7.4
SU2025,SU2025-class 13,1,1905AICJDC,,7.5,4.8,6.7,Passed,8.5
SU2025,SU2025-class 13,2,1905AIDJAC,,8,4.4,6.8,Passed,8.8
SU2025,SU2025-class 13,3,1905AHBAFA,,8,5,6.8,Passed,8
SU2025,SU2025-class 13,4,1905AIFCAD,,9.5,5.4,7.9,Passed,9.5
SU2025,SU2025-class 13,5,1905AICCJB,,9.5,3.4,6.8,Not Passed,8.8
SU2025,SU2025-class 13,6,1905AHDEFD,,7.5,3.2,5.9,Not Passed,8
SU2025,SU2025-class 13,7,1905AIBFIH,,8,4,6.6,Passed,8.5
SU2025,SU2025-class 13,8,1905AHDIFD,,7.5,3.2,5.9,Not Passed,7.9
SU2025,SU2025-class 13,9,1905AIDBEI,,7.5,4.2,6.2,Passed,7.6
SU2025,SU2025-class 13,10,1905AIFFGB,,8,2.4,5.9,Not Passed,8.6
SU2025,SU2025-class 13,11,1905BJDDHJ,,8,5.6,7.3,Passed,8.9
SU2025,SU2025-class 13,12,1905AHJAJA,,8,5.8,7.4,Passed,8.9
SU2025,SU2025-class 13,13,1905AHAGAC,,0,0,1.4,Attendance Fail,4.8
SU2025,SU2025-class 13,14,1905BJADFH,,8,9.2,8.7,Passed,8.9
SU2025,SU2025-class 13,15,1905AHDHHE,,0,0,0.7,Attendance Fail,2.4
SU2025,SU2025-class 13,16,1905AICEJI,,7.5,0,4.8,Not Passed,8.6
SU2025,SU2025-class 13,17,1905AHJBJJ,,7.5,3,5.9,Not Passed,8.3
SU2025,SU2025-class 13,18,0405AGJEFB,,7.5,4.2,6.3,Passed,7.8
SU2025,SU2025-class 13,19,1905BJAFDH,,9,5.4,7.7,Passed,9.4
SU2025,SU2025-class 13,20,1905AIAACC,,8,4.2,6.7,Passed,8.9
SU2025,SU2025-class 13,21,1905BJEBEE,,8,3,6,Not Passed,8.1
SU2025,SU2025-class 13,22,1905BJJEFH,,9.5,6.8,8.4,Passed,9.5
SU2025,SU2025-class 13,23,1905AHDBGB,,7.5,3.2,5.8,Not Passed,7.6
SU2025,SU2025-class 13,24,1905AICHFG,,8,7.2,7.8,Passed,8.5
SU2025,SU2025-class 13,25,1905BJJEJH,,9.5,6.6,8.3,Passed,9.5
SU2025,SU2025-class 13,26,1905AHCEGH,,8,5,6.7,Passed,7.6
SU2025,SU2025-class 13,27,1905AHBDEH,,7.5,5.6,7.1,Passed,8.6
SU2025,SU2025-class 13,28,1905AHBHAH,,8,3.4,6.2,Not Passed,8.3
SU2025,SU2025-class 13,29,1905BJCDCH,,9.5,5.8,8,Passed,9.5
SU2025,SU2025-class 13,30,1905BJCCHF,,7.5,5,6.9,Passed,8.8
SU2025,SU2025-class 13,31,1905AIDADF,,9,4.8,7.5,Passed,9.5
SU2025,SU2025-class 14,1,1905AIBEGA,,9.1,4.6,7.5,Passed,9.8
SU2025,SU2025-class 14,2,1905AIAJAI,,8.8,4.6,7.3,Passed,9.5
SU2025,SU2025-class 14,3,1905AIJHBD,,8.5,5.2,7.3,Passed,9
SU2025,SU2025-class 14,4,0405AIJDIF,,9.3,4.4,7.2,Passed,9
SU2025,SU2025-class 14,5,1905BJJIHD,,8.8,5.2,7.6,Passed,9.5
SU2025,SU2025-class 14,6,1905AIFGAA,,7.8,3.8,6.5,Not Passed,8.7
SU2025,SU2025-class 14,7,1905AIJBBH,,8.8,5,7.5,Passed,9.5
SU2025,SU2025-class 14,8,1905AIJCGA,,8.8,6.6,8,Passed,9
SU2025,SU2025-class 14,9,1905AHCAGC,,7.8,0,4.9,Attendance Fail,8.7
SU2025,SU2025-class 14,10,1905AIJFJA,,7.8,4.8,6.9,Passed,8.7
SU2025,SU2025-class 14,11,1905AIJJIE,,8.8,6.6,8,Passed,9
SU2025,SU2025-class 14,12,1905AIJIEF,,9.3,2.2,6.4,Not Passed,9.1
SU2025,SU2025-class 14,13,1905AIJGJJ,,8.8,8.8,8.8,Passed,9
SU2025,SU2025-class 14,14,1905AICJDA,,9.3,4.6,7.4,Passed,9.1
SU2025,SU2025-class 14,15,1905AIJDJD,,9.3,6.2,8,Passed,9.1
SU2025,SU2025-class 14,16,1905AIJAJF,,8.8,5.2,7.4,Passed,9
SU2025,SU2025-class 14,17,1905AIDHEG,,9.3,4,7.1,Passed,9.1
SU2025,SU2025-class 14,18,1905BJBJGB,,7.8,5.2,7,Passed,8.7
SU2025,SU2025-class 14,19,1905AIJIDI,,9.3,6,7.9,Passed,9.1
SU2025,SU2025-class 14,20,1905AIJDJI,,8.8,4.8,7.2,Passed,9
SU2025,SU2025-class 14,21,1905AIJBAD,,8.8,6.4,8.1,Passed,9.5
SU2025,SU2025-class 14,22,1905AIJAGJ,,8.8,6,7.9,Passed,9.5
SU2025,SU2025-class 14,23,1905AIFEBA,,8.8,9,8.9,Passed,9
SU2025,SU2025-class 14,24,1905AIJECG,,8.8,5.8,7.6,Passed,9
SU2025,SU2025-class 14,25,1905AIFFEB,,8.8,0,5.5,Not Passed,9.5
SU2025,SU2025-class 14,26,1905AIJHIG,,7.8,4.4,6.7,Passed,8.7
SU2025,SU2025-class 14,27,1905AIFDHE,,7.8,0,4.9,Attendance Fail,8.7
SU2025,SU2025-class 14,28,1905AIJIIF,,9.3,4.8,7.4,Passed,9.1
SU2025,SU2025-class 15,1,1905AIBAED,,8,5.2,6.7,Passed,7.6
SU2025,SU2025-class 15,2,1905AIBFGJ,,6.3,3.6,5.3,Not Passed,6.6
SU2025,SU2025-class 15,3,1905AIBEID,,9.8,6.2,7.5,Passed,7
SU2025,SU2025-class 15,4,1905AGBCCC,,0,0,0,Attendance Fail,0
SU2025,SU2025-class 15,5,1705AIJADH,,8.5,8.2,8.5,Passed,8.9
SU2025,SU2025-class 15,6,1905AICCGG,,0,0,0.5,Attendance Fail,1.8
SU2025,SU2025-class 15,7,1905AIBEGI,,0,0,1.1,Attendance Fail,3.7
SU2025,SU2025-class 15,8,1905AHDHDE,,0,0,0.9,Attendance Fail,3
SU2025,SU2025-class 15,9,1905AIBGJB,,9.9,6.4,8.1,Passed,8.4
SU2025,SU2025-class 15,10,1905AIBCFB,,0,0,0,Attendance Fail,0
SU2025,SU2025-class 15,11,1905BJAGFA,,8,5.8,7.1,Passed,8
SU2025,SU2025-class 15,12,1905AIBIJA,,10,6,7.7,Passed,7.7
SU2025,SU2025-class 15,13,1705BJJJBF,,10,5.4,6.9,Passed,5.9
SU2025,SU2025-class 15,14,1905AIBFJG,,0,0,0.5,Attendance Fail,1.8
SU2025,SU2025-class 15,15,1905AIBIAE,,9.5,5.4,6.9,Passed,6.4
SU2025,SU2025-class 15,16,1905AIBDHG,,6.5,4.6,6,Passed,7.5
SU2025,SU2025-class 15,17,1905AIDBCI,,9.4,7,7.8,Passed,7.2
SU2025,SU2025-class 15,18,1905AIBBBB,,10,6.8,8.4,Passed,9.1
SU2025,SU2025-class 15,19,1905AIBACD,,6,5.2,6.3,Passed,8
SU2025,SU2025-class 15,20,1905AIBJIE,,5.5,3.8,5.3,Not Passed,7.3
SU2025,SU2025-class 15,21,1905AIBAGI,,4.9,4.4,5,Passed,5.9
SU2025,SU2025-class 15,22,1905BJAHDI,,7.5,7.8,7.7,Passed,7.7
SU2025,SU2025-class 15,23,1905AIDGIG,,6,9.4,7.7,Passed,7.1
SU2025,SU2025-class 16,1,1905AICAJF,,4.8,4.4,5.2,Passed,6.9
SU2025,SU2025-class 16,2,1905AICDJJ,,8,5.4,6.6,Passed,6.8
SU2025,SU2025-class 16,3,1905AHCIJF,,1,0,0.6,Attendance Fail,1
SU2025,SU2025-class 16,4,1905AICGCA,,1,0,0.6,Attendance Fail,1
SU2025,SU2025-class 16,5,1905AIJCFC,,8,5,6.4,Passed,6.6
SU2025,SU2025-class 16,6,1905AIDJEI,,4,5.4,5.5,Passed,7.3
SU2025,SU2025-class 16,7,1905BJCDIC,,6.8,3.8,5.9,Not Passed,7.9
SU2025,SU2025-class 16,8,1905AICFCI,,8.3,6,6.9,Passed,6.8
SU2025,SU2025-class 16,9,1905AICBJD,,7.5,6,6.7,Passed,6.9
SU2025,SU2025-class 16,10,1905AIDBFB,,8,5.2,6.8,Passed,7.9
SU2025,SU2025-class 16,11,1905BJDFCH,,5.5,5.4,5.2,Passed,4.8
SU2025,SU2025-class 16,12,1905AICIEH,,8.3,3.6,6,Not Passed,6.9
SU2025,SU2025-class 16,13,1905AICIAJ,,5.5,4.2,5.5,Passed,7.3
SU2025,SU2025-class 16,14,1905AICGFB,,1,0,0.6,Attendance Fail,1
SU2025,SU2025-class 16,15,1905AIDACC,,1,0,0.6,Attendance Fail,1
SU2025,SU2025-class 16,16,1905AICJFA,,8.8,6.4,7.5,Passed,7.9
SU2025,SU2025-class 16,17,1905AICADJ,,8,5,6.7,Passed,7.8
SU2025,SU2025-class 16,18,1905AHBAHF,,7.5,3.2,4.7,Not Passed,3.9
SU2025,SU2025-class 16,19,1905AIDBJJ,,4.5,4.2,5.2,Passed,7.4
SU2025,SU2025-class 17,1,1905AIFDEF,,8.3,2,5.9,Not Passed,8.7
SU2025,SU2025-class 17,2,1905BJJIDF,,10,8.8,9.4,Passed,9.7
SU2025,SU2025-class 17,3,1905AIBBEI,,8.8,4.2,6.9,Passed,8.7
SU2025,SU2025-class 17,4,1905AIFGBA,,9.3,4.6,7.5,Passed,9.6
SU2025,SU2025-class 17,5,1905AIDEBA,,9.7,5.6,8.1,Passed,9.9
SU2025,SU2025-class 17,6,1905AIDFHG,,8.8,4.4,7.3,Passed,9.5
SU2025,SU2025-class 17,7,1905AIDEED,,2.7,0,0.8,Attendance Fail,0
SU2025,SU2025-class 17,8,1905AIDDCD,,9.7,5.4,8,Passed,9.8
SU2025,SU2025-class 17,9,1905AIDFIE,,9.2,4,7.1,Passed,9.1
SU2025,SU2025-class 17,10,1905AIFEAC,,9.9,4.6,7.3,Passed,8.4
SU2025,SU2025-class 17,11,1905BJAAHI,,8.7,4.2,6.9,Passed,8.7
SU2025,SU2025-class 17,12,1905AIJBBC,,9.7,5.4,8,Passed,9.9
SU2025,SU2025-class 17,13,1905AHBGAH,,8.1,2.4,6,Not Passed,8.7
SU2025,SU2025-class 17,14,1905BJDCII,,8.7,5,7.6,Passed,9.8
SU2025,SU2025-class 17,15,1905BJAEIA,,9.7,6.6,8.4,Passed,9.6
SU2025,SU2025-class 17,16,1905BJJJFI,,9.4,4.2,6.9,Passed,8.2
SU2025,SU2025-class 17,17,1905AGAGCH,,0,0,0,Attendance Fail,0
SU2025,SU2025-class 17,18,1919BJDJEJ,,8.9,6.8,7.8,Passed,8.2
SU2025,SU2025-class 17,19,1905BJDFEJ,,9.4,5.8,7.8,Passed,8.9
SU2025,SU2025-class 17,20,1905AFAFBA,,9.9,5.2,7.7,Passed,8.8
SU2025,SU2025-class 17,21,1905AIDHEB,,10,4.4,7.7,Passed,9.7
SU2025,SU2025-class 17,22,1905AHJJAD,,9.9,7,8.7,Passed,9.8
SU2025,SU2025-class 17,23,1905AIJEID,,0,0,0,Not Passed,0
SU2025,SU2025-class 17,24,1905BJDCAH,,9,5.4,7.6,Passed,9.1
SU2025,SU2025-class 17,25,1905AIBEEH,,8.1,6.2,7.5,Passed,8.6
SU2025,SU2025-class 17,26,1905AIFEHA,,0,0,0,Not Passed,0
SU2025,SU2025-class 17,27,1905AIFDDI,,8.3,4.8,7,Passed,8.7
SU2025,SU2025-class 17,28,1905AHDDGE,,8.3,6.2,7.6,Passed,8.9
SU2025,SU2025-class 17,29,1905AIDGAH,,7.7,3.6,6.3,Not Passed,8.4
SU2025,SU2025-class 17,30,1905AHJJHA,,8.3,4.6,7.1,Passed,9.3
SU2025,SU2025-class 17,31,1905BJCJHJ,,9.7,7.4,8.8,Passed,9.7
SU2025,SU2025-class 17,32,1905AIDAEH,,8.4,4.6,7.1,Passed,9.1
SU2025,SU2025-class 17,33,1905AIDDHI,,9.5,5.8,7.9,Passed,9.1
SU2025,SU2025-class 17,34,1905AIFDFH,,8.1,4.2,6.5,Passed,8
SU2025,SU2025-class 18,1,1905BJJEIH,,7,7.6,7.7,Passed,8.6
SU2025,SU2025-class 18,2,1905AGJDCC,,6.8,6.8,7.3,Passed,8.6
SU2025,SU2025-class 18,3,1905BJJDIG,,4.3,6,6.4,Passed,9.1
SU2025,SU2025-class 18,4,1905AIAJCI,,8.4,5.4,7.3,Passed,8.8
SU2025,SU2025-class 18,5,1905BJJEHI,,4.6,5.6,5.4,Passed,6.1
SU2025,SU2025-class 18,6,1905BJJDDJ,,6.4,8.6,7.6,Passed,7.5
SU2025,SU2025-class 18,7,1905BJDAAG,,4.5,5.2,5.8,Passed,7.8
SU2025,SU2025-class 18,8,1905BJJIEF,,8.4,6.8,7.4,Passed,7.3
SU2025,SU2025-class 18,9,1905BJJFCB,,6.8,6.4,7,Passed,7.9
SU2025,SU2025-class 18,10,1905BJJDHA,,6.9,8.6,8.2,Passed,9
SU2025,SU2025-class 18,11,1905BJJFJB,,3.6,0,2.5,Attendance Fail,4.7
SU2025,SU2025-class 18,12,1905BJJGCG,,2.3,6.6,5.3,Passed,6.5
SU2025,SU2025-class 18,13,1905BJJACI,,6.3,7.2,7.6,Passed,9.6
SU2025,SU2025-class 18,14,1905BJJGBA,,4.1,7.4,6.3,Passed,7.2
SU2025,SU2025-class 18,15,1905BJJDBI,,0,0,0.2,Attendance Fail,0.6
SU2025,SU2025-class 18,16,1905AHDDBG,,6.6,5.4,6,Passed,6.3
SU2025,SU2025-class 18,17,1905BJJGAD,,5.6,0,3.5,Not Passed,6.1
SU2025,SU2025-class 18,18,1905BJJFJH,,7.9,6.6,7.7,Passed,9.2
SU2025,SU2025-class 18,19,1905AHDAID,,0,0,0,Attendance Fail,0
SU2025,SU2025-class 18,20,1905BJJGEF,,0,0,1.3,Not Passed,4.4
SU2025,SU2025-class 18,21,1905BJJEIE,,8.8,7,8.4,Passed,9.9
SU2025,SU2025-class 18,22,1905BJJIGA,,8.4,6.4,7.6,Passed,8.3
SU2025,SU2025-class 18,23,1905BJJJBF,,8.3,7.4,8.4,Passed,9.8
SU2025,SU2025-class 18,24,1905BJJEDC,,4.7,5.2,5.9,Passed,7.9
SU2025,SU2025-class 18,25,1905AIFGDA,,0,0,0.6,Attendance Fail,1.9
SU2025,SU2025-class 18,26,1905BJJGCF,,4.1,6,5.8,Passed,7.3
SU2025,SU2025-class 18,27,1905BJJFBJ,,6.8,5.2,6.6,Passed,8.2
SU2025,SU2025-class 18,28,1905BJJFEC,,4.7,3.2,4.9,Not Passed,7.3
SU2025,SU2025-class 19,1,1905BJAEFF,,9.2,6.8,8.1,Passed,8.8
SU2025,SU2025-class 19,2,1905BJADJF,,9.2,6.8,7.8,Passed,7.7
SU2025,SU2025-class 19,3,1905BJAJGF,,7.3,5.6,6.6,Passed,7.3
SU2025,SU2025-class 19,4,1905AIDBGF,,8.2,4.8,6.4,Passed,6.8
SU2025,SU2025-class 19,5,1905BJAJID,,9.3,6.4,7.7,Passed,7.9
SU2025,SU2025-class 19,6,1905AIBGHH,,0,0,0.2,Attendance Fail,0.7
SU2025,SU2025-class 19,7,1905BJAABD,,8.8,6.6,7.7,Passed,8.3
SU2025,SU2025-class 19,8,1905BJAECH,,8.9,6.2,7.7,Passed,8.6
SU2025,SU2025-class 19,9,1905BJADGE,,8.8,8.6,8.9,Passed,9.5
SU2025,SU2025-class 19,10,1905BJADAA,,10,8.2,9.3,Passed,9.9
SU2025,SU2025-class 19,11,1905BJADII,,9.8,6,8,Passed,9.1
SU2025,SU2025-class 19,12,1905AIAJBF,,0,0,0,Attendance Fail,0
SU2025,SU2025-class 19,13,1905BJAEIG,,7.3,6.6,6.8,Passed,6.6
SU2025,SU2025-class 19,14,1905BJADIA,,10,8.2,9.2,Passed,9.8
SU2025,SU2025-class 19,15,1905BJAEBF,,6.9,6.6,6.6,Passed,6.3
SU2025,SU2025-class 19,16,1905BJAABF,,7.5,7.4,7.9,Passed,9
SU2025,SU2025-class 19,17,1905BJAFJJ,,9.3,7.8,8.4,Passed,8.4
SU2025,SU2025-class 19,18,1905BJAABI,,8.3,6.4,7.5,Passed,8.2
SU2025,SU2025-class 19,19,1905BJJIGE,,0,0,0.5,Attendance Fail,1.6
SU2025,SU2025-class 19,20,1905BJADDJ,,9.9,6.4,8,Passed,8.4
SU2025,SU2025-class 19,21,1905BJADJB,,8.8,7,8.1,Passed,8.8
SU2025,SU2025-class 19,22,1905BJAEAA,,10,8,9,Passed,9.2
SU2025,SU2025-class 19,23,1905BJAEFB,,8.7,8.6,8.7,Passed,8.8
SU2025,SU2025-class 19,24,1905BJADDD,,7.7,6,7,Passed,7.7
SU2025,SU2025-class 19,25,1905BJAEBC,,9.4,7.2,8.1,Passed,8
SU2025,SU2025-class 19,26,1905AGBIHC,,0,0,0,Attendance Fail,0
SU2025,SU2025-class 19,27,1905AHBDEI,,0,0,0.8,Attendance Fail,2.7
SU2025,SU2025-class 19,28,1905BJAJCF,,8.8,7.2,8,Passed,8.3
SU2025,SU2025-class 19,29,1905BJAJFI,,8.5,7,7.8,Passed,8.2
SU2025,SU2025-class 19,30,1905BJADIG,,9.9,7.2,8.4,Passed,8.5
SU2025,SU2025-class 19,31,1905BJADDH,,8.4,8,8.4,Passed,8.9
SU2025,SU2025-class 19,32,1905BJADHJ,,8.8,6.2,7.5,Passed,7.8
SU2025,SU2025-class 19,33,1905BJADGG,,9.2,8.6,8.6,Passed,8.1
SU2025,SU2025-class 19,34,1905BJDHFG,,7.4,3.2,5.4,Not Passed,6.4
SU2025,SU2025-class 20,1,1905BJDAAA,,2.3,4.6,3.9,Not Passed,4.7
SU2025,SU2025-class 20,2,1905BJAFII,,7.6,5.8,6.3,Passed,5.6
SU2025,SU2025-class 20,3,1905BJAFHB,,4.4,5.6,5.8,Passed,7.5
SU2025,SU2025-class 20,4,1905BJCJDE,,8.8,7.6,7.8,Passed,7.2
SU2025,SU2025-class 20,5,1905BJAGAE,,8.2,6,7.6,Passed,9.2
SU2025,SU2025-class 20,6,1905BJAFIG,,7.3,7,7.6,Passed,8.8
SU2025,SU2025-class 20,7,1905BJBJFB,,2.4,0,1.1,Attendance Fail,1.2
SU2025,SU2025-class 20,8,1905BJAIDG,,4.6,5,5.7,Passed,7.6
SU2025,SU2025-class 20,9,1905BJAFCE,,7.4,7,8,Passed,10
SU2025,SU2025-class 20,10,1905BJEAGE,,8,5.6,6.7,Passed,7
SU2025,SU2025-class 20,11,1905BJAFGE,,0,0,0,Attendance Fail,0
SU2025,SU2025-class 20,12,1905BJAFDC,,6.9,5.6,7.1,Passed,9.5
SU2025,SU2025-class 20,13,1905BJAIEF,,7.2,6.8,7.9,Passed,10
SU2025,SU2025-class 20,14,1905BJAFCA,,5.2,5.6,6.2,Passed,7.9
SU2025,SU2025-class 20,15,1905BJAIAB,,7.8,6.4,7.9,Passed,10
SU2025,SU2025-class 20,16,1905BJAIAC,,8,5,6.9,Passed,8.3
SU2025,SU2025-class 20,17,1905BJCJEA,,8.2,7.6,8.5,Passed,10
SU2025,SU2025-class 20,18,1905BJDJEE,,4.4,4.2,5.8,Passed,9.2
SU2025,SU2025-class 20,19,1905BJAIFG,,6.9,7.2,7,Passed,6.9
SU2025,SU2025-class 20,20,1905BJCJEE,,4.5,7.8,6,Passed,5
SU2025,SU2025-class 20,21,1905BJAHGE,,4.6,4.4,5.8,Passed,8.9
SU2025,SU2025-class 20,22,1905BJAGJD,,4.5,6.2,5.8,Passed,6.7
SU2025,SU2025-class 20,23,1905BJAGGG,,7.7,6.4,7.9,Passed,10
SU2025,SU2025-class 20,24,1905BJAGBG,,5.7,5,6.5,Passed,9.4
SU2025,SU2025-class 20,25,1905BJAIJF,,6.3,6,6.7,Passed,7.9
SU2025,SU2025-class 20,26,1905BJAHCA,,7,7.4,7,Passed,6.7
SU2025,SU2025-class 20,27,1905AIBDAD,,8.2,3.8,7,Not Passed,10
SU2025,SU2025-class 20,28,1905BJAIGG,,8.2,6.4,7.8,Passed,9.2
SU2025,SU2025-class 20,29,1905BJCJCE,,8.6,4.4,6.2,Passed,6.1
SU2025,SU2025-class 20,30,1905BJAFCB,,9.6,7,8.7,Passed,10
SU2025,SU2025-class 20,31,1905BJAGIH,,6.9,5,7.1,Passed,10
SU2025,SU2025-class 20,32,1905BJBJAB,,2,6,4.7,Not Passed,5.6
SU2025,SU2025-class 20,33,1905BJAIEE,,1.6,4.6,4.1,Not Passed,5.8
SU2025,SU2025-class 21,1,1905BJCCEJ,,8,7.4,8.1,Passed,9.1
SU2025,SU2025-class 21,2,1905BJCAAD,,8,6.2,7.3,Passed,8.2
SU2025,SU2025-class 21,3,1905BJCBAE,,5,6.4,5.8,Passed,5.8
SU2025,SU2025-class 21,4,1905BJCADA,,4,6.6,6.5,Passed,8.8
SU2025,SU2025-class 21,5,1905BJCJFG,,10,8.8,9.5,Passed,10
SU2025,SU2025-class 21,6,1905BJCBEG,,5,4,5,Passed,6.4
SU2025,SU2025-class 21,7,1905BJCCAG,,4.5,7,7,Passed,9.4
SU2025,SU2025-class 21,8,1905BJCCBG,,8.5,5.4,7.6,Passed,9.6
SU2025,SU2025-class 21,9,1905BJCJHA,,8,4.8,7.1,Passed,9.3
SU2025,SU2025-class 21,10,1905BJCBAD,,1.5,6.2,3.7,Not Passed,2.7
SU2025,SU2025-class 21,11,1905BJCAJG,,0,0,1.3,Attendance Fail,4.3
SU2025,SU2025-class 21,12,1905BJCBGA,,0,0,0.6,Attendance Fail,2.2
SU2025,SU2025-class 21,13,1905BJCJHD,,5.5,5.4,5.5,Passed,5.6
SU2025,SU2025-class 21,14,1905BJCJIB,,1.5,4,4.4,Not Passed,8
SU2025,SU2025-class 21,15,1905BJCCEB,,5,7.6,7.1,Passed,8.5
SU2025,SU2025-class 21,16,1905BJCAGG,,6.5,4,6.1,Passed,8.5
SU2025,SU2025-class 21,17,1905BJCBGI,,7,7.2,7.4,Passed,8
SU2025,SU2025-class 21,18,1905BJCBEF,,1.5,5.8,4.9,Not Passed,7.1
SU2025,SU2025-class 21,19,1905BJCCBB,,6,7.8,6.9,Passed,6.5
SU2025,SU2025-class 21,20,1905BJCAJB,,4.3,0,2,Attendance Fail,2.5
SU2025,SU2025-class 21,21,1905BJCBJA,,6.5,7,6.8,Passed,7
SU2025,SU2025-class 21,22,1905BJCBJB,,9,6.8,8.3,Passed,9.7
SU2025,SU2025-class 21,23,1905BJCAJF,,5.5,5.4,6.7,Passed,9.6
SU2025,SU2025-class 21,24,1905BJCJGC,,2.5,0,1.9,Attendance Fail,3.8
SU2025,SU2025-class 21,25,1905BJCBCC,,8.5,8,8.7,Passed,9.7
SU2025,SU2025-class 21,26,1905BJCAHI,,8,5.8,7.3,Passed,8.5
SU2025,SU2025-class 21,27,1905BJCJIH,,6.5,6.8,6.7,Passed,6.6
SU2025,SU2025-class 21,28,1905BJCACI,,5.5,4.4,5.2,Passed,6
SU2025,SU2025-class 21,29,1905BJCBFJ,,3.5,5.6,5.1,Passed,6.2
SU2025,SU2025-class 21,30,1905BJCBAF,,5,6.8,7,Passed,9.2
SU2025,SU2025-class 21,31,1905BJCAHC,,4,6.6,6.2,Passed,7.8
SU2025,SU2025-class 22,1,1905BJCFEH,,8.7,5.6,7.6,Passed,9
SU2025,SU2025-class 22,2,1905BJCFDE,,8.8,4.6,7.2,Passed,9
SU2025,SU2025-class 22,3,1905AHEJFD,,8.7,5.8,7.6,Passed,8.9
SU2025,SU2025-class 22,4,1905BJCFAC,,8.7,4.4,7.1,Passed,9
SU2025,SU2025-class 22,5,1905BJCDAD,,8.9,4.8,7.5,Passed,9.6
SU2025,SU2025-class 22,6,1905BJCEFH,,9,7.2,8.3,Passed,9.2
SU2025,SU2025-class 22,7,1905BJCDGH,,8.7,4,6.9,Passed,8.9
SU2025,SU2025-class 22,8,1905BJCEAD,,9,6.2,8,Passed,9.3
SU2025,SU2025-class 22,9,1905BJCDFE,,8.8,4.2,7,Passed,9
SU2025,SU2025-class 22,10,1905BJCDGB,,8.8,5.6,7.6,Passed,9
SU2025,SU2025-class 22,11,1905BJCEAH,,8.8,6.4,7.9,Passed,9
SU2025,SU2025-class 22,12,1905AIDEJF,,8.7,4.8,7.2,Passed,8.9
SU2025,SU2025-class 22,13,1905BJCDEA,,8.7,8,8.5,Passed,9
SU2025,SU2025-class 22,14,1905BJCFDG,,8.6,7.2,8.2,Passed,9.3
SU2025,SU2025-class 22,15,1905BJCEEB,,8.6,5.8,7.7,Passed,9.3
SU2025,SU2025-class 22,16,1905BJCDEH,,8.8,5.4,7.5,Passed,9
SU2025,SU2025-class 22,17,1905BJCDFC,,8.6,5.4,7.5,Passed,9.3
SU2025,SU2025-class 22,18,1905BJCEEF,,8.6,5.8,7.7,Passed,9.3
SU2025,SU2025-class 22,19,1905BJCFJJ,,8.7,7.2,8.1,Passed,8.9
SU2025,SU2025-class 22,20,1905BJCFEE,,8.7,4.2,6.9,Passed,8.9
SU2025,SU2025-class 22,21,1905BJCDHD,,8.7,5.6,7.6,Passed,9
SU2025,SU2025-class 22,22,1905BJCDJB,,9.1,5.6,7.8,Passed,9.3
SU2025,SU2025-class 22,23,1905AHAHCD,,8.8,4.4,7.1,Passed,9
SU2025,SU2025-class 22,24,1905BJCCGE,,8.7,7.6,8.4,Passed,9
SU2025,SU2025-class 22,25,1905BJCCFG,,8.6,5.6,7.6,Passed,9.3
SU2025,SU2025-class 22,26,1905BJCECE,,8.8,6.8,8.1,Passed,9
SU2025,SU2025-class 22,27,1905BJCFFI,,8.7,7.8,8.4,Passed,9
SU2025,SU2025-class 22,28,1905BJCFGD,,8.6,7.4,8.3,Passed,9.3
SU2025,SU2025-class 22,29,1905BJCEED,,8.7,5.4,7.5,Passed,9
SU2025,SU2025-class 22,30,1905BJCEAB,,8.7,4.4,7,Passed,8.9
SU2025,SU2025-class 22,31,1905AICEJD,,8.6,0,5.4,Not Passed,9.3
SU2025,SU2025-class 22,32,1905BJCEGJ,,8.7,6.2,7.7,Passed,8.9
SU2025,SU2025-class 22,33,1905BJCFEG,,8.6,7.6,8.4,Passed,9.3
SU2025,SU2025-class 22,34,1905BJCDGE,,8.7,4.8,7.2,Passed,9
SU2025,SU2025-class 22,35,1905BJCDBF,,8.8,0,5.3,Not Passed,9
SU2025,SU2025-class 23,1,1905BJCIBH,,8.8,5.2,7.3,Passed,8.8
SU2025,SU2025-class 23,2,1905BJDJBC,,8.8,6.4,7.8,Passed,8.6
SU2025,SU2025-class 23,3,1905BJCIGC,,8.5,4.2,6.9,Passed,8.8
SU2025,SU2025-class 23,4,1905BJCFIF,,8,6.4,7.6,Passed,8.8
SU2025,SU2025-class 23,5,1905BJCGJD,,8.5,3,6.4,Not Passed,8.9
SU2025,SU2025-class 23,6,1905BJCIBG,,9.5,9.6,9.2,Passed,8.5
SU2025,SU2025-class 23,7,1905BJCHIG,,8.5,7.4,8.1,Passed,8.5
SU2025,SU2025-class 23,8,1905BJCHJF,,8.3,4,6.6,Passed,8.3
SU2025,SU2025-class 23,9,1905BJCGAD,,9,5.6,7.4,Passed,8.3
SU2025,SU2025-class 23,10,1905BJCIEI,,9.3,6.6,7.3,Passed,6.3
SU2025,SU2025-class 23,11,1905AGBADD,,0,0,0,Attendance Fail,0
SU2025,SU2025-class 23,12,1905BJCICA,,8.5,4.6,7.1,Passed,8.9
SU2025,SU2025-class 23,13,1905BJECGA,,0,0,0,Attendance Fail,0
SU2025,SU2025-class 23,14,1905BJCHAF,,8.3,4,6.5,Passed,8.1
SU2025,SU2025-class 23,15,1905BJCHGB,,8.3,5.2,7.3,Passed,9
SU2025,SU2025-class 23,16,1905BJCGDA,,8.5,4.8,7,Passed,8.5
SU2025,SU2025-class 23,17,1905BJCGBB,,8.5,5.4,7.3,Passed,8.6
SU2025,SU2025-class 23,18,1905BJCGEG,,8,5,7.1,Passed,9
SU2025,SU2025-class 23,19,1905BJCGAI,,8.8,5.4,7.2,Passed,8.1
SU2025,SU2025-class 23,20,1905BJCHCH,,8.8,7.6,8.3,Passed,8.8
SU2025,SU2025-class 23,21,1905BJCICC,,9,4.8,7.2,Passed,8.5
SU2025,SU2025-class 23,22,1905BJJICH,,8.5,7.2,7.9,Passed,8.3
SU2025,SU2025-class 23,23,1905BJCGBC,,8.5,4.8,6.9,Passed,8.3
SU2025,SU2025-class 23,24,1905BJCIEF,,8.8,4.6,7.1,Passed,8.8
SU2025,SU2025-class 23,25,1905BJCGCC,,8.8,7.2,8.1,Passed,8.8
SU2025,SU2025-class 23,26,1905BJCIFC,,8.3,6,7.5,Passed,8.9
SU2025,SU2025-class 23,27,1905BJCGED,,8.3,3.8,5.9,Not Passed,6.5
SU2025,SU2025-class 23,28,1905BJCHJE,,9,7.2,8.2,Passed,8.6
SU2025,SU2025-class 23,29,1905BJCIJA,,8.5,5.4,7.3,Passed,8.6
SU2025,SU2025-class 23,30,1905BJAGGH,,8.3,6.2,7.6,Passed,8.9
SU2025,SU2025-class 23,31,1905BJCHFC,,8.5,4.6,7,Passed,8.8
SU2025,SU2025-class 23,32,1905BJCHDI,,8,6,7.5,Passed,8.9
SU2025,SU2025-class 23,33,1905BJCHBH,,9,6,7.4,Passed,7.8
SU2025,SU2025-class 23,34,1905BJCHJH,,8.8,6.2,7.7,Passed,8.6
SU2025,SU2025-class 24,1,1905BJDDCD,,4.7,6.6,6.5,Passed,8.3
SU2025,SU2025-class 24,2,1905BJDAAB,,6.6,5.6,7.2,Passed,9.9
SU2025,SU2025-class 24,3,1905BJDBFI,,4.2,3.4,4.8,Not Passed,7.2
SU2025,SU2025-class 24,4,1905BJDCID,,4.1,3.8,5.5,Not Passed,9.1
SU2025,SU2025-class 24,5,1905BJDDAC,,0,0,1.9,Not Passed,6.2
SU2025,SU2025-class 24,6,1905BJDAGF,,5.3,5.4,5.7,Passed,6.5
SU2025,SU2025-class 24,7,1905BJDAEC,,3.3,4.8,5.1,Passed,7.2
SU2025,SU2025-class 24,8,1905BJDBJJ,,5.2,5.2,6.6,Passed,10
SU2025,SU2025-class 24,9,1905BJDAEJ,,7.5,6.6,7.6,Passed,9
SU2025,SU2025-class 24,10,1905BJDIFH,,1.8,0,1.4,Attendance Fail,2.8
SU2025,SU2025-class 24,11,1905BJDAIF,,4.9,6.6,6.8,Passed,9
SU2025,SU2025-class 24,12,1905BJDAGH,,0,0,0,Not Passed,0
SU2025,SU2025-class 24,13,1905AHDDCB,,4.6,5.4,5.8,Passed,7.4
SU2025,SU2025-class 24,14,1905BJDAFB,,6.2,5,6.7,Passed,9.6
SU2025,SU2025-class 24,15,1905BJDBFA,,6.9,7,7.9,Passed,10
SU2025,SU2025-class 24,16,1905BJDEJG,,2.1,5.4,4.6,Not Passed,6.1
SU2025,SU2025-class 24,17,1905BJDBCI,,2.3,9.2,6.4,Passed,6.9
SU2025,SU2025-class 24,18,1905BJDCJI,,2.2,0,2.2,Attendance Fail,5
SU2025,SU2025-class 24,19,1905BJDBIE,,6.6,6.6,6.9,Passed,7.5
SU2025,SU2025-class 24,20,1905BJDBAG,,6.5,7.2,7.6,Passed,9.4
SU2025,SU2025-class 24,21,1905BJDBFB,,6.4,5,6.7,Passed,9.2
SU2025,SU2025-class 24,22,1905AIJIEH,,4.6,5.2,5.7,Passed,7.6
SU2025,SU2025-class 24,23,1905BJDJIG,,7,6.4,7.7,Passed,10
SU2025,SU2025-class 24,24,1905BJDBCH,,5.5,5.4,6.6,Passed,9.3
SU2025,SU2025-class 24,25,1905BJDCDG,,4.5,4.6,5.9,Passed,9.2
SU2025,SU2025-class 24,26,1905BJDBHA,,7.9,4.6,7.2,Passed,10
SU2025,SU2025-class 24,27,1905BJDECJ,,4.6,6.6,6.4,Passed,8.1
SU2025,SU2025-class 24,28,1905BJDBDE,,5.2,6.6,6.9,Passed,9.2
SU2025,SU2025-class 24,29,1905BJDEBA,,2.2,6.2,6.1,Passed,9.7
SU2025,SU2025-class 24,30,1905BJDDCH,,3.8,4.2,4.4,Not Passed,5.4
SU2025,SU2025-class 24,31,1905AIBDII,,0.7,2.8,4.2,Not Passed,9.6
SU2025,SU2025-class 24,32,1905BJDBFJ,,6.3,5.6,7.1,Passed,10
SU2025,SU2025-class 25,1,1905BJDICH,,7.8,3.6,6.4,Not Passed,8.8
SU2025,SU2025-class 25,2,1905BJDGGA,,8.3,6.2,7.5,Passed,8.4
SU2025,SU2025-class 25,3,1905BJDFIJ,,8.3,2.6,6,Not Passed,8.3
SU2025,SU2025-class 25,4,1905BJDHFJ,,8.3,4.4,6.8,Passed,8.5
SU2025,SU2025-class 25,5,1905BJDIII,,8.5,6,7.7,Passed,9.1
SU2025,SU2025-class 25,6,1905BJDIIB,,6.8,5,6.6,Passed,8.6
SU2025,SU2025-class 25,7,1905BJDEGG,,7.8,6,7.4,Passed,8.9
SU2025,SU2025-class 25,8,1905BJEJJH,,5.8,3.2,4.7,Not Passed,5.8
SU2025,SU2025-class 25,9,1905BJDHHH,,5.8,4.6,5.6,Passed,6.8
SU2025,SU2025-class 25,10,1905BJDEDI,,7.8,1.4,5.4,Not Passed,8.5
SU2025,SU2025-class 25,11,1905BJDFFE,,8,4.4,6.7,Passed,8.6
SU2025,SU2025-class 25,12,1905BJDIEB,,8,7,7.8,Passed,8.6
SU2025,SU2025-class 25,13,1905BJDFHD,,7.8,5.6,6.9,Passed,7.8
SU2025,SU2025-class 25,14,1905BJDGHA,,7,4.8,6.5,Passed,8.4
SU2025,SU2025-class 25,15,1905BJDEFA,,7,4.2,6.4,Passed,8.6
SU2025,SU2025-class 25,16,1905AIJGCB,,9,4.4,7,Passed,8.4
SU2025,SU2025-class 25,17,1905BJDGAC,,7.3,5.8,6.9,Passed,8
SU2025,SU2025-class 25,18,1905BJDHII,,8.3,6,7.4,Passed,8.5
SU2025,SU2025-class 25,19,1905BJDGCH,,8.3,5.2,7.1,Passed,8.5
SU2025,SU2025-class 25,20,1905AIJIFA,,8,4,5.8,Passed,6.1
SU2025,SU2025-class 25,21,1905AHDCEB,,7,3.4,5.3,Not Passed,6.3
SU2025,SU2025-class 25,22,1905BJDFCB,,7.8,4.8,6.7,Passed,8.3
SU2025,SU2025-class 25,23,1905BJDEIF,,7,4.8,6.6,Passed,8.5
SU2025,SU2025-class 25,24,1905AIDEHC,,7,7.4,6.9,Passed,6.3
SU2025,SU2025-class 25,25,1905BJDIDE,,7,0,3.8,Attendance Fail,5.5
SU2025,SU2025-class 25,26,1905BJDGDA,,5.8,3.2,5,Not Passed,6.5
SU2025,SU2025-class 25,27,1905BJJIJA,,9,7.8,8.7,Passed,9.5
SU2025,SU2025-class 25,28,1905BJDFCF,,7.8,6,7.2,Passed,8.1
SU2025,SU2025-class 25,29,1905BJDFGG,,7,4.4,6.3,Passed,8.3
SU2025,SU2025-class 25,30,1905BJDIEH,,8,4.8,7,Passed,8.9
SU2025,SU2025-class 25,31,1905BJDHDJ,,8,5.2,7.1,Passed,8.8
SU2025,SU2025-class 25,32,1905BJDHGI,,9.3,3.6,6.2,Not Passed,6.5
SU2025,SU2025-class 25,33,1905BJDHBB,,5.8,4.8,5.6,Passed,6.4
SU2025,SU2025-class 25,34,1905BJDGFH,,0,0,0,Attendance Fail,0
SU2025,SU2025-class 25,35,1905BJDEED,,7,6.2,7.2,Passed,8.8
SU2025,SU2025-class 25,36,1905BJDEIH,,8,7.2,8,Passed,9
SU2025,SU2025-class 26,1,1905BJECCE,,8.1,6.4,6.5,Passed,5.1
SU2025,SU2025-class 26,2,1905BJDIEG,,9.5,7.6,7.9,Passed,6.6
SU2025,SU2025-class 26,3,1905BJEBEI,,8.5,4,6.1,Passed,6.4
SU2025,SU2025-class 26,4,1905BJEJEE,,5.3,5.2,5.6,Passed,6.4
SU2025,SU2025-class 26,5,1905BJEBCJ,,9.5,6.4,7.3,Passed,6.3
SU2025,SU2025-class 26,6,1905BJECAF,,10,8,8.4,Passed,7.3
SU2025,SU2025-class 26,7,1905BJEBAB,,8.8,4.8,6,Passed,5
SU2025,SU2025-class 26,8,1905BJEAJG,,1,0,0.8,Attendance Fail,1.7
SU2025,SU2025-class 26,9,1905BJECAA,,8,5.8,5.8,Passed,3.6
SU2025,SU2025-class 26,10,1905BJEJEG,,8,7,7.2,Passed,6.5
SU2025,SU2025-class 26,11,1905BJEBCA,,4.6,1.4,4,Not Passed,6.8
SU2025,SU2025-class 26,12,1905BJEJBE,,7,0,3.5,Attendance Fail,4.7
SU2025,SU2025-class 26,13,1905BJEAHD,,9.5,4.4,6.3,Passed,5.8
SU2025,SU2025-class 26,14,1905BJECBB,,9.5,6,6.8,Passed,5.3
SU2025,SU2025-class 26,15,1905BJECBC,,6.2,4.8,5.6,Passed,6.3
SU2025,SU2025-class 26,16,1905BJEADC,,8.3,4.4,6.1,Passed,6.3
SU2025,SU2025-class 26,17,1905AIDGCF,,6,6.2,5.8,Passed,5.1
SU2025,SU2025-class 26,18,1905BJEJAF,,9.5,6.6,7.8,Passed,7.6
SU2025,SU2025-class 26,19,1905BJECJB,,9,9.2,8,Passed,5.5
SU2025,SU2025-class 26,20,1905BJEBHA,,9.5,6.8,7.5,Passed,6.6
SU2025,SU2025-class 26,21,1905BJECEB,,8.5,4.6,5.7,Passed,4.3
SU2025,SU2025-class 26,22,1905BJEABJ,,9,4.6,6.2,Passed,5.7
SU2025,SU2025-class 26,23,1905BJEBDJ,,4.6,6.2,5.8,Passed,6.4
SU2025,SU2025-class 26,24,1905BJEACI,,0,0,0.3,Attendance Fail,1.1
SU2025,SU2025-class 26,25,1905BJECCH,,8.1,4.2,5.7,Passed,5.3
SU2025,SU2025-class 26,26,1905BJEAJC,,10,6.2,7.6,Passed,7
SU2025,SU2025-class 26,27,1905BJECBG,,8.3,6,6.2,Passed,4.3
SU2025,SU2025-class 26,28,1905BJEAFA,,8.8,4.6,6.4,Passed,6.6
SU2025,SU2025-class 26,29,1905BJEBHG,,9.5,5.6,7,Passed,6.2
SU2025,SU2025-class 26,30,1905BJECCA,,7.8,4.6,5.8,Passed,5.4
SU2025,SU2025-class 26,31,1905BJEAGI,,8.6,5.4,6.5,Passed,6
SU2025,SU2025-class 26,32,1905BJEAJJ,,7,5.2,5.7,Passed,5.2
SU2025,SU2025-class 27,1,1905AFBJAH,,9.4,6.4,7.9,Passed,8.3
SU2025,SU2025-class 27,2,1905BJCIAA,,7.4,5.6,6.9,Passed,8.2
SU2025,SU2025-class 27,3,1905AHBFDH,,9,5.8,6.8,Passed,6
SU2025,SU2025-class 27,4,1905BJCJAF,,0,0,0,Attendance Fail,0
SU2025,SU2025-class 27,5,1905AGBADD,,9.4,4,7,Passed,8.5
SU2025,SU2025-class 27,6,1905AGBCDF,,8.7,8.8,8.5,Passed,7.9
SU2025,SU2025-class 27,7,1905AEJAGH,,9.5,9.8,9.2,Passed,8
SU2025,SU2025-class 27,8,1905AHCCDD,,9.4,2.8,6.3,Not Passed,7.9
SU2025,SU2025-class 27,9,1905BJCBAD,,8.9,7.2,7.9,Passed,7.9
SU2025,SU2025-class 27,10,1905BJCCEG,,8.9,5.8,7.2,Passed,7.6
SU2025,SU2025-class 27,11,1905BJAJBH,,10,8.4,8.6,Passed,7.4
SU2025,SU2025-class 27,12,1905AHDAID,,0,0,0,Attendance Fail,0
SU2025,SU2025-class 27,13,1905AIJFDG,,9.9,6.2,7.7,Passed,7.4
SU2025,SU2025-class 27,14,1905AGAGCH,,7.4,4.2,6.1,Passed,7.5
SU2025,SU2025-class 27,15,1905AIJHJE,,9.9,7.8,8.3,Passed,7.5
SU2025,SU2025-class 27,16,1905BJCFHG,,6.7,5.8,6.6,Passed,7.7
SU2025,SU2025-class 27,17,1905BJCCDJ,,9.4,3,6.1,Not Passed,7
SU2025,SU2025-class 27,18,1905AIFDDA,,10,5.8,7.6,Passed,7.6
SU2025,SU2025-class 27,19,1919AEJAED,,8,4.8,6.6,Passed,7.7
SU2025,SU2025-class 27,20,1905AIBEIJ,,5.4,6.8,6.6,Passed,7.7
SU2025,SU2025-class 27,21,1905AIDEGH,,10,7.6,8.4,Passed,7.8
SU2025,SU2025-class 27,22,1905BJBJAB,,0,0,0.9,Attendance Fail,2.9
