Mã học kỳ,Mã lớp,NO.,CODE,QUIZ-20,ASSIGNMENTS-20,PRACTICAL EXAM-30,FINAL EXAM-30,TOTAL,STATUS,PROGRESS TESTS-20
FA2017,FA2017-class 1,1,1905FACGB,8.4,7,3,4.9,5.5,Passed,
FA2017,FA2017-class 1,2,1905FBBCH,9,9,3,4.1,5.7,Passed,
FA2017,FA2017-class 1,3,1905FAHHH,8.7,7.5,3,4,5.3,Passed,
FA2017,FA2017-class 1,4,1905FAGEG,8.7,8.5,3,3.7,5.5,Not Passed,
FA2017,FA2017-class 1,5,1905FAGGC,7.7,7.5,3,4.2,5.2,Passed,
FA2017,FA2017-class 1,6,1905FAGHC,7,7.5,3,3.9,5,Not Passed,
FA2017,FA2017-class 1,7,1905FBAHJ,1.4,0,0,0,0.3,Not Passed,
FA2017,FA2017-class 1,8,1905FBBEG,7.8,7.5,3,4.6,5.3,Passed,
FA2017,FA2017-class 1,9,1905FAIGD,8,7.5,3,4.8,5.4,Passed,
FA2017,FA2017-class 1,10,1905FAEJI,7.4,7.5,5,4.8,5.9,Passed,
FA2017,FA2017-class 1,11,1905FBDJJ,6.9,7.5,2,3.6,4.6,Not Passed,
FA2017,FA2017-class 1,12,1905FADEC,7.7,7.5,3,4.3,5.2,Passed,
FA2017,FA2017-class 1,13,1905FAFDE,8.4,8,4,4.6,5.9,Passed,
FA2017,FA2017-class 1,14,1905FBFHF,8,8,3,4.6,5.5,Passed,
FA2017,FA2017-class 1,15,1905FADAB,7.3,8,8,5.1,7,Passed,
FA2017,FA2017-class 1,16,1905FADBI,8,8.5,6,5,6.6,Passed,
FA2017,FA2017-class 1,17,1905FACDA,7.4,9,4,5.8,6.2,Passed,
FA2017,FA2017-class 1,18,1905FBCCA,6,9,3,5.1,5.4,Passed,
FA2017,FA2017-class 1,19,1905FAFHF,7,7.5,3,4.7,5.2,Passed,
FA2017,FA2017-class 2,1,1905FBCFD,6.3,2.5,1,3,3,Not Passed,
FA2017,FA2017-class 2,2,1905FBJIF,6.2,6,4,7.4,5.9,Passed,
FA2017,FA2017-class 2,3,1905FBIBH,6,8.5,5,8.4,6.9,Passed,
FA2017,FA2017-class 2,4,1905FBAHJ,2.4,0,0,0,0.5,Not Passed,
FA2017,FA2017-class 2,5,1905FBHCB,6.7,7,4,8.2,6.4,Passed,
FA2017,FA2017-class 2,6,1905FBHGJ,6,7,6,8.2,6.9,Passed,
FA2017,FA2017-class 2,7,1905FBEEJ,7,7.5,4,8.4,6.6,Passed,
FA2017,FA2017-class 2,8,1905FBIAH,5.7,6,1,5,4.1,Not Passed,
FA2017,FA2017-class 2,9,1905FCJEI,7,2.5,1,0,2.2,Not Passed,
FA2017,FA2017-class 2,10,1905FBHJG,6.4,2.5,1,0,2.1,Not Passed,
FA2017,FA2017-class 2,11,1905FBCDB,7.4,2.5,1,0,2.3,Not Passed,
FA2017,FA2017-class 2,12,1905FBFBC,7.4,5,3,7.4,5.6,Passed,
FA2017,FA2017-class 2,13,1905FBDGE,6,5,2,8.2,5.3,Passed,
FA2017,FA2017-class 2,14,1905FBFCH,5.4,5.5,2,7.4,5,Passed,
FA2017,FA2017-class 2,15,1905FCEBH,6.7,4,1,0,2.4,Not Passed,
FA2017,FA2017-class 2,16,1905FCCCC,6,5.5,5,5.6,5.5,Passed,
FA2017,FA2017-class 2,17,1905FBGAF,6.4,8.5,7,8.8,7.7,Passed,
FA2017,FA2017-class 2,18,1905FBFJF,6.7,5,2,8.2,5.4,Passed,
FA2017,FA2017-class 3,1,1905FBIJG,9.6,9.5,8.5,9.2,9.1,Passed,
FA2017,FA2017-class 3,2,1905FCADG,10,10,10,9.8,9.9,Passed,
FA2017,FA2017-class 3,3,1905FBJDF,5.4,2.8,4,5.4,4.5,Not Passed,
FA2017,FA2017-class 3,4,1905FAHHC,5.1,5.8,4.5,6.2,5.4,Passed,
FA2017,FA2017-class 3,5,1905FBHGF,8.7,9.8,8,6.6,8.1,Passed,
FA2017,FA2017-class 3,6,1905FBIAA,7.7,10,8,8.4,8.5,Passed,
FA2017,FA2017-class 3,7,1905FCDJF,8.6,10,6,9.2,8.3,Passed,
FA2017,FA2017-class 3,8,1905FAHCG,1.7,0,0,0,0.3,Not Passed,
FA2017,FA2017-class 3,9,1905FCEBJ,5.1,9.8,5.5,8.4,7.2,Passed,
FA2017,FA2017-class 3,10,1905FCEBI,1.6,3.5,5.5,8.8,5.3,Passed,
FA2017,FA2017-class 3,11,1905FAHBI,4.7,6.5,7,5.2,5.9,Passed,
FA2017,FA2017-class 3,12,1905FAFDE,2.1,3,4.5,6.4,4.3,Not Passed,
FA2017,FA2017-class 3,13,1905FBGJG,5.4,5.5,4,6,5.2,Passed,
FA2017,FA2017-class 3,14,1905FBBGD,6.8,9.8,6,7,7.2,Passed,
FA2017,FA2017-class 3,15,1905FBEAE,9.4,9.8,8,9.2,9,Passed,
FA2017,FA2017-class 3,16,1905FCJFA,7.7,9.5,10,8.8,9.1,Passed,
FA2017,FA2017-class 3,17,1905FBGDB,7.6,3.8,5,8.2,6.2,Passed,
FA2017,FA2017-class 3,18,1905FAHFD,3.9,4,2,3.6,3.3,Not Passed,
FA2017,FA2017-class 3,19,1905FBHBD,5.9,3.5,5.5,5.6,5.2,Passed,
FA2017,FA2017-class 3,20,1905FCAGD,7.3,9,7,7.8,7.7,Passed,
FA2017,FA2017-class 3,21,1905FCBHA,9,10,6.5,9.4,8.6,Passed,
FA2017,FA2017-class 3,22,1905FCJCC,7.5,7.5,6,8.6,7.4,Passed,
FA2017,FA2017-class 3,23,1905FBGDI,8.2,9,6.5,7.6,7.7,Passed,
FA2017,FA2017-class 4,1,1905FBEFG,6.5,6,2,8,5.5,Passed,
FA2017,FA2017-class 4,2,1905FBEJI,7.3,6.5,5.5,7.8,6.8,Passed,
FA2017,FA2017-class 4,3,1905FBFGC,8,5.3,5.5,7.4,6.5,Passed,
FA2017,FA2017-class 4,4,1905FBBEG,5.5,5.5,2,0,2.8,Not Passed,
FA2017,FA2017-class 4,5,1905FBCJF,7.8,6,5,7.8,6.6,Passed,
FA2017,FA2017-class 4,6,1905FADBJ,0,0,0,0,0,Not Passed,
FA2017,FA2017-class 4,7,1905FBCIG,0,0,0,0,0,Not Passed,
FA2017,FA2017-class 4,8,1905FBCFA,5.8,3.5,3,2,3.4,Not Passed,
FA2017,FA2017-class 4,9,1905FBDIG,6.8,5.5,5.5,8.4,6.6,Passed,
FA2017,FA2017-class 4,10,1905FBGFG,8,7.3,2,8.2,6.1,Passed,
FA2017,FA2017-class 4,11,1905FBDJJ,7.3,3.8,3,3.2,4.1,Not Passed,
FA2017,FA2017-class 4,12,1905FBJIC,7,6.3,3,7.8,5.9,Passed,
FA2017,FA2017-class 4,13,1905FAGBG,7.3,6.8,3,7.8,6.1,Passed,
FA2017,FA2017-class 4,14,1905FBDHB,6.8,5.3,6.5,8.4,6.9,Passed,
FA2017,FA2017-class 4,15,1905FBCBA,5.8,5.5,4.5,5.2,5.2,Passed,
FA2017,FA2017-class 4,16,1905FAFAG,4.3,5.5,6.5,9.6,6.8,Passed,
FA2017,FA2017-class 4,17,1905FBGBC,8,6.5,7.5,7.4,7.4,Passed,
FA2017,FA2017-class 4,18,1905FBGCD,7.3,9,8.5,8.2,8.3,Passed,
FA2017,FA2017-class 4,19,1905FBFGA,6.5,8,5,8.2,6.9,Passed,
FA2017,FA2017-class 4,20,1905FBCEA,3.8,6.8,3.5,3.8,4.3,Not Passed,
FA2017,FA2017-class 4,21,1905FBCHE,7.3,7.3,6.5,8,7.3,Passed,
FA2017,FA2017-class 5,1,1905FAIDI,4,1.5,0,0,1.1,Not Passed,
FA2017,FA2017-class 5,2,1905FBFJI,8.4,5.5,1,7.4,5.3,Passed,
FA2017,FA2017-class 5,3,1905FBFID,8.4,8,3,8.4,6.7,Passed,
FA2017,FA2017-class 5,4,1905FBEIA,6.7,6,3,8.8,6.1,Passed,
FA2017,FA2017-class 5,5,1905FCEGE,8.7,9.5,10,7.4,8.9,Passed,
FA2017,FA2017-class 5,6,1905FCEAA,7,2.5,4,3.6,4.2,Not Passed,
FA2017,FA2017-class 5,7,1905FBFDG,8.7,3.5,7,7.2,6.7,Passed,
FA2017,FA2017-class 5,8,1905FBEID,8.4,4.5,1,8.8,5.5,Passed,
FA2017,FA2017-class 5,9,1905FBEFE,8,5.5,1,7,5.1,Passed,
FA2017,FA2017-class 5,10,1905FBCFF,8.4,8,6,6.2,6.9,Passed,
FA2017,FA2017-class 5,11,1905FBEEG,7.4,5,1,2.8,3.6,Not Passed,
FA2017,FA2017-class 5,12,1905FBFDB,8.7,5.5,3,8,6.1,Passed,
FA2017,FA2017-class 5,13,1905FBGEF,8.7,5,3,7.2,5.8,Passed,
FA2017,FA2017-class 5,14,1905FBEAF,4,0,0,0,0.8,Not Passed,
FA2017,FA2017-class 5,15,1905FBFAG,8.7,4.5,3,8,5.9,Passed,
FA2017,FA2017-class 5,16,1905FBAHD,8.4,6,3,7.4,6,Passed,
FA2017,FA2017-class 5,17,1905FAICG,8,4.5,3,7.8,5.7,Passed,
FA2017,FA2017-class 5,18,1905FAEFF,8.7,7,1,2.6,4.2,Not Passed,
FA2017,FA2017-class 5,19,1905FBDGC,9,6,3,6.2,5.8,Passed,
FA2017,FA2017-class 6,1,1905FBHBG,6.3,8,7,9.6,7.8,Passed,
FA2017,FA2017-class 6,2,1905FCDAH,5.5,8.5,4,7.6,6.3,Passed,
FA2017,FA2017-class 6,3,1905FCAAD,9,9.5,9,8.6,9,Passed,
FA2017,FA2017-class 6,4,1905FAHBD,7.8,4.5,7.5,6.8,6.8,Passed,
FA2017,FA2017-class 6,5,1905FCJIC,7.8,9.3,5,9.8,7.9,Passed,
FA2017,FA2017-class 6,6,1905FCDDD,7,6.8,5,7.8,6.6,Passed,
FA2017,FA2017-class 6,7,1905FBHGA,7,9.5,6,9.4,7.9,Passed,
FA2017,FA2017-class 6,8,1905FBHBF,6.3,7,3,9,6.3,Passed,
FA2017,FA2017-class 6,9,1905FCCCB,6.5,7.8,7,8.6,7.5,Passed,
FA2017,FA2017-class 6,10,1905FBGIG,5.5,8,5,7.6,6.5,Passed,
FA2017,FA2017-class 6,11,1905FAIFD,0,0,0,0,0,Not Passed,
FA2017,FA2017-class 6,12,1905FBGIJ,7.3,8,7,9,7.9,Passed,
FA2017,FA2017-class 6,13,1905FBIIH,0,4.5,2,0,1.5,Not Passed,
FA2017,FA2017-class 6,14,1905FCJGA,6.3,6.8,6,5.2,6,Passed,
FA2017,FA2017-class 6,15,1905FBHAG,5.5,6.8,3,9.2,6.1,Passed,
FA2017,FA2017-class 6,16,1905FCDFF,7,6.3,5,9.6,7,Passed,
FA2017,FA2017-class 6,17,1905FBDHH,8,4.5,4,5.4,5.3,Passed,
FA2017,FA2017-class 6,18,1905FCCDH,8.8,9,6.5,9.6,8.4,Passed,
FA2017,FA2017-class 6,19,1905FAHEG,8,7.8,4,6.6,6.3,Passed,
FA2017,FA2017-class 6,20,1905FACDA,3.8,4,0,0,1.6,Not Passed,
FA2017,FA2017-class 6,21,1905FBFED,8.5,6.3,3,6.8,5.9,Passed,
FA2017,FA2017-class 7,1,1905FCEED,4.9,6.5,4,8.2,5.9,Passed,
FA2017,FA2017-class 7,2,1905FAGEG,4.4,2,1,0,1.6,Not Passed,
FA2017,FA2017-class 7,3,1905FBBJC,7,7.5,10,8.6,8.5,Passed,
FA2017,FA2017-class 7,4,1905FBFHH,4,0,0,0,0.8,Not Passed,
FA2017,FA2017-class 7,5,1905FAIGD,7.5,5.5,1,5.8,4.6,Not Passed,
FA2017,FA2017-class 7,6,1905FBHIH,0,0,0,0,0,Not Passed,
FA2017,FA2017-class 7,7,1905FBHHF,7,9.3,5,8.8,7.4,Passed,
FA2017,FA2017-class 7,8,1905FAEGF,0,0,0,0,0,Not Passed,
FA2017,FA2017-class 7,9,1905FCAJC,9,10,7,9.4,8.7,Passed,
FA2017,FA2017-class 7,10,1905FBHDI,7.7,10,10,8.8,9.2,Passed,
FA2017,FA2017-class 7,11,1905FADAB,4.2,0,0,0,0.8,Not Passed,
FA2017,FA2017-class 7,12,1905FCBGF,6.7,0,1,0,1.6,Not Passed,
FA2017,FA2017-class 7,13,1905FBEAC,7.7,6,5,7.6,6.5,Passed,
FA2017,FA2017-class 7,14,1905FBIBJ,6,2.5,2,0,2.3,Not Passed,
FA2017,FA2017-class 7,15,1905FCBAI,5.7,3.5,1,0,2.1,Not Passed,
FA2017,FA2017-class 7,16,1905FCACJ,6.7,7.5,5,9.2,7.1,Passed,
FA2017,FA2017-class 7,17,1905FCJAJ,3.4,0,1,0,1,Not Passed,
FA2017,FA2017-class 7,18,1905FCJJF,7.5,5.8,9,8.8,8,Passed,
FA2017,FA2017-class 7,19,1905FAFEA,0,0,0,0,0,Not Passed,
FA2017,FA2017-class 7,20,1905FBGHJ,8.4,9.8,10,8.8,9.3,Passed,
FA2017,FA2017-class 8,1,1905FAEEG,3.8,4.3,3,0,2.5,Not Passed,
FA2017,FA2017-class 8,2,1905FBDDI,7.3,9.5,8,8.4,8.3,Passed,
FA2017,FA2017-class 8,3,1905FBHGG,8.5,9,5,8.4,7.5,Passed,
FA2017,FA2017-class 8,4,1905FBCDE,5.8,7.5,3,7,5.7,Passed,
FA2017,FA2017-class 8,5,1905FCEJF,6.3,8.5,7,7.2,7.2,Passed,
FA2017,FA2017-class 8,6,1905FBCHB,5.8,7.5,4,8.4,6.4,Passed,
FA2017,FA2017-class 8,7,1905FBEDJ,6.5,7.8,6,7.6,6.9,Passed,
FA2017,FA2017-class 8,8,1905FBFJJ,5.5,8,5,5.8,5.9,Passed,
FA2017,FA2017-class 8,9,1905FBEHG,7,8.5,8,8.4,8,Passed,
FA2017,FA2017-class 8,10,1905FCBCG,6.3,3.8,4,5.2,4.8,Not Passed,
FA2017,FA2017-class 8,11,1905FBBDG,7,9,5,8.6,7.3,Passed,
FA2017,FA2017-class 8,12,1905FBFII,7.8,3.5,4,6.6,5.4,Passed,
FA2017,FA2017-class 8,13,1905FBIFE,6.3,8,4,6,5.9,Passed,
FA2017,FA2017-class 8,14,1905FAGGE,8.5,8.3,8,8.2,8.2,Passed,
FA2017,FA2017-class 8,15,1905FBGIC,6.3,8.3,4,8.4,6.6,Passed,
FA2017,FA2017-class 8,16,1905FBIDD,7.8,8.3,4,6.4,6.3,Passed,
FA2017,FA2017-class 8,17,1905FBJJI,8,9,6,8.4,7.7,Passed,
FA2017,FA2017-class 8,18,1905FBFHC,2.8,3,3,0,2.1,Not Passed,
FA2017,FA2017-class 8,19,1905FBEHC,7.3,5,4,5.8,5.4,Passed,
FA2017,FA2017-class 8,20,1905FBGAG,6.8,7,6,7.6,6.8,Passed,
FA2017,FA2017-class 8,21,1905FAGBH,6,4,8,5.6,6.1,Passed,
FA2017,FA2017-class 8,22,1905FADCJ,0,0,0,0,0,Not Passed,
FA2018,FA2018-class 1,1,1905FBFGE,,,4,5.6,6.3,Passed,9.4
FA2018,FA2018-class 1,2,1905FCBDF,,,3,2.3,4.6,Not Passed,8.8
FA2018,FA2018-class 1,3,1905FAGEG,,,1,5.7,5,Passed,8.8
FA2018,FA2018-class 1,4,1905FCJDG,,,4.5,4.4,5.3,Passed,7.8
FA2018,FA2018-class 1,5,1905FCBFJ,,,1,3.6,4.4,Not Passed,9.1
FA2018,FA2018-class 1,6,1905FBFDJ,,,0,0,0,Not Passed,0
FA2018,FA2018-class 1,7,1905FCEEF,,,4,5.3,5.9,Passed,9.5
FA2018,FA2018-class 1,8,1905FCJIH,,,0,0,0,Not Passed,0
FA2018,FA2018-class 1,9,1905FCJHA,,,1,3.8,4.5,Not Passed,9.4
FA2018,FA2018-class 1,10,1905FCAGC,,,4,4.8,5.7,Passed,9.1
FA2018,FA2018-class 1,11,1905FCEAA,,,1,0,3,Not Passed,7.3
FA2018,FA2018-class 1,12,1905FADBJ,,,4,5.6,5.6,Passed,7.5
FA2018,FA2018-class 1,13,1905FBIJB,,,5,6.2,6.5,Passed,9.7
FA2018,FA2018-class 1,14,1905FAHGD,,,4,5.2,5.1,Passed,9.7
FA2018,FA2018-class 1,15,1905FCBGF,,,0,0,0,Not Passed,0
FA2018,FA2018-class 1,16,1905FCBFI,,,1,5.8,5.1,Passed,9.4
FA2018,FA2018-class 1,17,1905FCBDD,,,1,5.5,4.9,Not Passed,9.5
FA2018,FA2018-class 1,18,1905FBFBB,,,1,3.2,4.3,Not Passed,9.2
FA2018,FA2018-class 1,19,1905FBIBJ,,,5,6,6.1,Passed,8.1
FA2018,FA2018-class 1,20,1905FCAGG,,,5,6.1,6.4,Passed,9.1
FA2018,FA2018-class 1,21,1905FCBDE,,,1,5.6,4.8,Not Passed,9.1
FA2018,FA2018-class 1,22,1905FAIGI,,,5,5.1,6.2,Passed,8.5
FA2018,FA2018-class 1,23,1905FCEHI,,,1,5.4,4.8,Not Passed,8.3
FA2018,FA2018-class 1,24,1905FBHCD,,,7,4.8,6.7,Passed,10
FA2018,FA2018-class 1,25,1905FCCIJ,,,4,2.6,4.4,Not Passed,5.9
FA2018,FA2018-class 1,26,1905FADBG,,,5,5.4,6,Passed,8.3
FA2018,FA2018-class 2,1,1905ACJFFI,,,8,7.3,7.6,Passed,7.3
FA2018,FA2018-class 2,2,1905ACJJGG,,,8,4.9,7.3,Passed,9
FA2018,FA2018-class 2,3,1905ACJJIA,,,7.5,5.3,6.9,Passed,7.5
FA2018,FA2018-class 2,4,1905ACJJIC,,,7,5.5,6.8,Passed,8
FA2018,FA2018-class 2,5,1905ACJECF,,,6.5,5.4,6.4,Passed,7
FA2018,FA2018-class 2,6,1905ACJJFA,,,7,5.6,7.3,Passed,8.8
FA2018,FA2018-class 2,7,1905ACJJGI,,,7,4.6,6.6,Passed,7
FA2018,FA2018-class 2,8,1905FCJEH,,,7.5,4.5,7.1,Passed,8.5
FA2018,FA2018-class 2,9,1905ACJAEH,,,7.5,5.2,6.8,Passed,7.8
FA2018,FA2018-class 2,10,1905ACJFEC,,,8,5.9,7,Passed,7
FA2018,FA2018-class 2,11,1905ACJDGE,,,8,5.4,6.8,Passed,6
FA2018,FA2018-class 2,12,1905ACJADB,,,8,5.8,7.3,Passed,8
FA2018,FA2018-class 2,13,1905ACJEFB,,,7.5,5.1,6.5,Passed,6.8
FA2018,FA2018-class 2,14,1905ACJBHC,,,7,4.1,6.7,Passed,9
FA2018,FA2018-class 2,15,1905FBCDB,,,6,3.8,5.7,Not Passed,7.3
FA2018,FA2018-class 2,16,1905FCBGG,,,6.5,4.4,5.8,Passed,5.8
FA2018,FA2018-class 2,17,1905FCDGJ,,,7,6.1,6.9,Passed,8.5
FA2018,FA2018-class 2,18,1905ACJDDC,,,8,6.6,7.6,Passed,7.8
FA2018,FA2018-class 2,19,1905FCEEG,,,7,5.3,6.4,Passed,7.5
FA2018,FA2018-class 2,20,1905ACJJFJ,,,7.5,4.4,6.7,Passed,7.5
FA2018,FA2018-class 2,21,1905FCEJG,,,8,5.2,6.7,Passed,6.3
FA2018,FA2018-class 2,22,1905FBCEJ,,,5,4.9,6.2,Passed,8
FA2018,FA2018-class 2,23,1905FCBEC,,,6.5,0,4.7,Not Passed,7.5
FA2018,FA2018-class 2,24,1905FBBEB,,,0,0,0,Not Passed,0
FA2018,FA2018-class 3,1,1905ACJDJJ,,,9,6,7.5,Passed,7.4
FA2018,FA2018-class 3,2,1905ACJADE,,,9,5,7.2,Passed,7.7
FA2018,FA2018-class 3,3,1905FCCCG,,,7,4,6.5,Passed,6.6
FA2018,FA2018-class 3,4,1905FBGGI,,,7,5.2,7,Passed,9.1
FA2018,FA2018-class 3,5,1905FBDJC,,,7,3.2,6.3,Not Passed,8.2
FA2018,FA2018-class 3,6,1905FCACB,,,1,0,2,Not Passed,5.3
FA2018,FA2018-class 3,7,1905ACJAAC,,,9,3.5,6.8,Not Passed,7.5
FA2018,FA2018-class 3,8,1905ACJJBJ,,,9,7.7,7.9,Passed,7.9
FA2018,FA2018-class 3,9,1905FCJFF,,,9,4.4,7.1,Passed,6.2
FA2018,FA2018-class 3,10,1905FCBIE,,,9,5.9,8.1,Passed,9.2
FA2018,FA2018-class 3,11,1905FCBFD,,,6,2.8,5.6,Not Passed,8.6
FA2018,FA2018-class 3,12,1905FBFGH,,,0,0,0.6,Not Passed,2.3
FA2018,FA2018-class 3,13,1905FCAHH,,,8,4,6.6,Passed,8.2
FA2018,FA2018-class 3,14,1905FBGHA,,,7,4.9,5.7,Passed,8
FA2018,FA2018-class 3,15,1905FBIDH,,,7,0,4.7,Not Passed,7.9
FA2018,FA2018-class 3,16,1905FBAGC,,,0,0,0.7,Not Passed,0
FA2018,FA2018-class 3,17,1905FBGCB,,,7,2.8,6,Not Passed,7.6
FA2018,FA2018-class 3,18,1905FBIAI,,,7,4,6.4,Passed,7.8
FA2018,FA2018-class 3,19,1905FCBHI,,,8,4.3,7.2,Passed,8.8
FA2018,FA2018-class 3,20,1905FCEHA,,,9,6.3,8.1,Passed,9
FA2018,FA2018-class 3,21,1905ACJDHG,,,9,5,7.5,Passed,8.3
FA2018,FA2018-class 3,22,1905FCDCH,,,8,5.2,7.2,Passed,7.4
FA2018,FA2018-class 3,23,1905ACJAAD,,,8,4.9,7.2,Passed,8.7
FA2018,FA2018-class 3,24,1905ACJJIG,,,9,5.4,7.9,Passed,8.4
FA2018,FA2018-class 3,25,1905FBIGF,,,6,2.8,6.1,Not Passed,9.2
FA2018,FA2018-class 4,1,1905ACJBFF,,,9.6,4.3,7.3,Passed,7
FA2018,FA2018-class 4,2,1905ACJJEH,,,10,6.3,8.3,Passed,7.8
FA2018,FA2018-class 4,3,1905ACJFIA,,,10,6,8.7,Passed,9.4
FA2018,FA2018-class 4,4,1905FAEJC,,,7.4,4.1,6.7,Passed,8.2
FA2018,FA2018-class 4,5,1905ACJCBJ,,,10,4.6,7.8,Passed,7.6
FA2018,FA2018-class 4,6,1905ACJCBE,,,7.8,5.2,6.8,Passed,6
FA2018,FA2018-class 4,7,1905FBDJB,,,9.6,4.5,6.4,Passed,5.7
FA2018,FA2018-class 4,8,1905ACJJED,,,9.6,5.5,7.2,Passed,5
FA2018,FA2018-class 4,9,1905ACJADH,,,10,6.6,8.8,Passed,9.1
FA2018,FA2018-class 4,10,1905FBIAH,,,7.7,4.4,6.3,Passed,4.7
FA2018,FA2018-class 4,11,1905FAEEJ,,,5,3.1,5.7,Not Passed,7.9
FA2018,FA2018-class 4,12,1905ACJAED,,,10,6.1,8,Passed,6.5
FA2018,FA2018-class 4,13,1905ACJDBI,,,9.2,5.7,7.4,Passed,6.4
FA2018,FA2018-class 4,14,1905FBHDD,,,7.7,5.3,5.7,Passed,2.9
FA2018,FA2018-class 4,15,1905ACJDIF,,,9.9,4.4,7.4,Passed,6.3
FA2018,FA2018-class 4,16,1905ACJEAA,,,3.7,4.5,5.6,Passed,8.5
FA2018,FA2018-class 4,17,1905ACJJAI,,,10,4.9,8.1,Passed,8.5
FA2018,FA2018-class 4,18,1905ACJAAE,,,10,4.7,7,Passed,4.2
FA2018,FA2018-class 4,19,1905ACJDGA,,,6.7,2.7,5.6,Not Passed,6.5
FA2018,FA2018-class 4,20,1905ACJJCH,,,10,6.4,8.4,Passed,8.1
FA2018,FA2018-class 4,21,1905FCBDH,,,6,4.3,5.8,Passed,6.9
FA2018,FA2018-class 4,22,1905FCEJI,,,4.7,3.3,4,Not Passed,3.7
FA2018,FA2018-class 4,23,1905ACJJEA,,,7.5,5.4,6.5,Passed,4.8
FA2018,FA2018-class 4,24,1905ACJJEF,,,9.6,6,8.3,Passed,8.7
FA2018,FA2018-class 4,25,1905FAGAF,,,10,4.5,8,Passed,8.5
FA2018,FA2018-class 5,1,1905ACJFED,,,9,4.5,7.6,Passed,8.1
FA2018,FA2018-class 5,2,1905ACJJAE,,,7.5,4.9,7,Passed,7.4
FA2018,FA2018-class 5,3,1905FCEGA,,,8,4.3,7.1,Passed,7.8
FA2018,FA2018-class 5,4,1905ACJCHA,,,7,0,4.1,Not Passed,6.5
FA2018,FA2018-class 5,5,1905ACJEFJ,,,8,6.2,7.7,Passed,7.6
FA2018,FA2018-class 5,6,1905FBFDJ,,,5,0,3.9,Not Passed,6.5
FA2018,FA2018-class 5,7,1905ACJCHI,,,9,5.3,7.7,Passed,7.4
FA2018,FA2018-class 5,8,1905ACJFGE,,,9,6.5,8.2,Passed,7.9
FA2018,FA2018-class 5,9,1905ACJJAD,,,9,6.9,8.2,Passed,8
FA2018,FA2018-class 5,10,1905ACJCBC,,,6,5.4,6.6,Passed,7.6
FA2018,FA2018-class 5,11,1905ACJJDF,,,8,5.2,7.4,Passed,8.1
FA2018,FA2018-class 5,12,1905FBGEG,,,3,0,3.1,Not Passed,5.4
FA2018,FA2018-class 5,13,1905ACJJDG,,,7,6.1,7.3,Passed,7.4
FA2018,FA2018-class 5,14,1905ACJABH,,,9,3.9,6.8,Not Passed,7.4
FA2018,FA2018-class 5,15,1905FBCIG,,,2,0,2.6,Not Passed,8.3
FA2018,FA2018-class 5,16,1905ACJBCJ,,,6,4.8,6.9,Passed,8.9
FA2018,FA2018-class 5,17,1905ACJJBA,,,7,4.7,6.8,Passed,7.3
FA2018,FA2018-class 5,18,1905ACJJAC,,,7,4.8,6.8,Passed,8.2
FA2018,FA2018-class 5,19,1905ACJFEA,,,9,6.5,8.4,Passed,8.8
FA2018,FA2018-class 5,20,1905ACJCDD,,,7,4.1,6.7,Passed,7.5
FA2018,FA2018-class 5,21,1905ACJGFJ,,,8,4,6.7,Passed,7.6
FA2018,FA2018-class 5,22,1905FAEFF,,,7,0,4.3,Not Passed,4
FA2018,FA2018-class 6,1,1905FBCFD,,,4.3,5.7,5.5,Passed,6.1
FA2018,FA2018-class 6,2,1905ACJFHA,,,8,6.6,8.1,Passed,9.6
FA2018,FA2018-class 6,3,1905ACJABE,,,2.2,0,0.7,Not Passed,0
FA2018,FA2018-class 6,4,1905ACJAAH,,,7.3,6.7,7.9,Passed,8.6
FA2018,FA2018-class 6,5,1905FCAHA,,,0,0,0,Not Passed,0
FA2018,FA2018-class 6,6,1905ACJAGJ,,,5.6,5.6,5.7,Passed,7.9
FA2018,FA2018-class 6,7,1905ACJAGH,,,6.7,5.8,7.6,Passed,9.4
FA2018,FA2018-class 6,8,1905FAHCG,,,3.9,4.5,5.7,Passed,7.1
FA2018,FA2018-class 6,9,1905FCJHA,,,2.5,0,0.8,Not Passed,0
FA2018,FA2018-class 6,10,1905FBIAG,,,0,0,0,Not Passed,0
FA2018,FA2018-class 6,11,1905ACJJHA,,,6.7,5.7,7.2,Passed,9
FA2018,FA2018-class 6,12,1905ACJAJJ,,,6.2,5.9,5.7,Passed,8.4
FA2018,FA2018-class 6,13,1905ACJBCE,,,6.9,4.8,7.1,Passed,8.9
FA2018,FA2018-class 6,14,1905ACJACC,,,6.8,6.3,7.7,Passed,8.7
FA2018,FA2018-class 6,15,1905ACJCBD,,,7.8,5.9,6.8,Passed,5.9
FA2018,FA2018-class 6,16,1905ACJAEA,,,7.3,4.6,7.3,Passed,9
FA2018,FA2018-class 6,17,1905FBGAA,,,4.1,0,1.2,Not Passed,0
FA2018,FA2018-class 6,18,1905FBFCG,,,0,0,0,Not Passed,0
FA2018,FA2018-class 6,19,1905FBEEG,,,4.9,4.1,5.1,Passed,8.3
FA2018,FA2018-class 6,20,1905FBGCF,,,5.7,2.1,5.1,Not Passed,6.8
FA2018,FA2018-class 6,21,1905ACJADC,,,7.9,6.6,8.1,Passed,8.8
FA2018,FA2018-class 6,22,1905FCCDF,,,0,0,0,Not Passed,0
FA2018,FA2018-class 6,23,1905FAHGI,,,5.2,2.4,5.3,Not Passed,6.5
FA2018,FA2018-class 6,24,1905ACJAEC,,,7.4,6.8,8.1,Passed,9.2
FA2018,FA2018-class 6,25,1905FBGDC,,,4.9,4.4,5.6,Passed,7.2
FA2018,FA2018-class 6,26,1905ACJJGE,,,6.1,6.2,6.9,Passed,8.6
FA2018,FA2018-class 6,27,1905ACJGJA,,,7,6.7,7.9,Passed,8.7
FA2018,FA2018-class 6,28,1905ACJJGF,,,7.9,6.7,8.3,Passed,9.4
FA2018,FA2018-class 6,29,1905FBJEB,,,0,0,0,Not Passed,0
FA2018,FA2018-class 6,30,1905FCEEA,,,8.4,6.6,8.4,Passed,9.4
FA2018,FA2018-class 7,1,1905ACJCDH,,,9,6.5,7.7,Passed,6.3
FA2018,FA2018-class 7,2,1905ACJDDB,,,5,5.9,6.5,Passed,7.6
FA2018,FA2018-class 7,3,1905ACJBHD,,,0,0,1.1,Not Passed,3.6
FA2018,FA2018-class 7,4,1905FAHAH,,,7,4,6.2,Passed,7.5
FA2018,FA2018-class 7,5,1905FBAIH,,,6,0,3.5,Not Passed,4.8
FA2018,FA2018-class 7,6,1905FBBHC,,,7,5.6,6.6,Passed,7.9
FA2018,FA2018-class 7,7,1905ACJFIH,,,8,6.2,7.2,Passed,8.1
FA2018,FA2018-class 7,8,1905ACJEEE,,,7,5.4,7.3,Passed,8.9
FA2018,FA2018-class 7,9,1905ACJBEH,,,6,2.3,5.1,Not Passed,6.6
FA2018,FA2018-class 7,10,1905ACJGDD,,,0,0,1.3,Not Passed,4.4
FA2018,FA2018-class 7,11,1905ACJBID,,,6,3.4,5.3,Not Passed,6.3
FA2018,FA2018-class 7,12,1905FCBAD,,,6.5,3.1,5.7,Not Passed,6.7
FA2018,FA2018-class 7,13,1905ACJCCG,,,7,5.3,7.2,Passed,8.7
FA2018,FA2018-class 7,14,1905FCBAB,,,7,2.5,5.3,Not Passed,5.2
FA2018,FA2018-class 7,15,1905FBBHD,,,7,3.1,5.8,Not Passed,7.3
FA2018,FA2018-class 7,16,1905ACJBHA,,,8,5.6,7.6,Passed,8.8
FA2018,FA2018-class 7,17,1905ACJEHA,,,7,5.2,6.3,Passed,7.6
FA2018,FA2018-class 7,18,1905ACJCCD,,,8,5.6,7.4,Passed,8.9
FA2018,FA2018-class 7,19,1905ACJDAE,,,0,0,1.7,Not Passed,4.8
FA2018,FA2018-class 7,20,1905FBGCJ,,,7,3.8,6.1,Not Passed,7.9
FA2018,FA2018-class 7,21,1905ACJAII,,,7,4.8,6.4,Passed,6.3
FA2018,FA2018-class 7,22,1905ACJBHF,,,8,5.6,7.3,Passed,7.3
FA2018,FA2018-class 7,23,1905FBDAH,,,6,4.2,5.9,Passed,6.8
FA2018,FA2018-class 7,24,1905ACJGDI,,,7,4.5,6.1,Passed,7.1
FA2018,FA2018-class 7,25,1905ACJCEE,,,7,4.3,6.5,Passed,6.9
FA2018,FA2018-class 7,26,1905ACJCDJ,,,8,5.1,6.8,Passed,5.6
FA2018,FA2018-class 8,1,1905FBIBC,,,7.5,3.1,6.3,Not Passed,8.5
FA2018,FA2018-class 8,2,1905FCJII,,,5,4.8,5.9,Passed,8.5
FA2018,FA2018-class 8,3,1905ACJJDC,,,7,5.9,6.5,Passed,7.5
FA2018,FA2018-class 8,4,1905FCBBA,,,7.5,4.5,6.6,Passed,6.8
FA2018,FA2018-class 8,5,1905ACJDGD,,,7.5,6.2,7.2,Passed,7.3
FA2018,FA2018-class 8,6,1905FBDFG,,,0,0,1.2,Not Passed,2.5
FA2018,FA2018-class 8,7,1905ACJCIC,,,7,5.3,6.8,Passed,7
FA2018,FA2018-class 8,8,1905ACJDIA,,,8,6.2,7.1,Passed,9.3
FA2018,FA2018-class 8,9,1905ACJDFJ,,,8,4.8,6,Passed,5
FA2018,FA2018-class 8,10,1905ACJCIH,,,8,6.4,7.3,Passed,8
FA2018,FA2018-class 8,11,1905ACJDJG,,,7,6.4,7.7,Passed,9.5
FA2018,FA2018-class 8,12,1905FCEEJ,,,7,6.5,7.1,Passed,8
FA2018,FA2018-class 8,13,1905ACJEFG,,,7,5.5,7,Passed,8.5
FA2018,FA2018-class 8,14,1905ACJDEB,,,6,3.7,5.9,Not Passed,6.5
FA2018,FA2018-class 8,15,1905FCCBI,,,7.5,4.3,5.8,Passed,5.5
FA2018,FA2018-class 8,16,1905ACJJHJ,,,7.5,4.5,6.3,Passed,5.8
FA2018,FA2018-class 8,17,1905ACJCHH,,,8,6.3,7.6,Passed,7.8
FA2018,FA2018-class 8,18,1905FBAFI,,,0,0,0,Not Passed,0
FA2018,FA2018-class 8,19,1905FBDFF,,,0,0,1.4,Not Passed,4
FA2018,FA2018-class 8,20,1905ACJCIF,,,8,5.7,7.3,Passed,7.8
FA2018,FA2018-class 8,21,1905ACJCGH,,,7,5.6,6.6,Passed,7.8
FA2018,FA2018-class 8,22,1905ACJCEI,,,7,5.3,6.8,Passed,7.3
FA2018,FA2018-class 8,23,1905ACJEDJ,,,7,4.1,6.4,Passed,7
FA2018,FA2018-class 8,24,1905ACJDJD,,,6.5,6.1,7.3,Passed,9.3
FA2018,FA2018-class 8,25,1905FCJIE,,,7,2.7,5.8,Not Passed,8.5
FA2019,FA2019-class 1,1,1905ACJDAI,,,3,4.6,5.5,Passed,8.8
FA2019,FA2019-class 1,2,1905ACJFHE,,,3,5.5,5.6,Passed,8.5
FA2019,FA2019-class 1,3,1905FCAJI,,,3,5.3,6.1,Passed,8.8
FA2019,FA2019-class 1,4,1905ACJBGF,,,3,4.8,5.6,Passed,8.8
FA2019,FA2019-class 1,5,1905ACJJII,,,6.5,8.6,8.1,Passed,9.6
FA2019,FA2019-class 1,6,1905ACJDEA,,,3,4.9,5.3,Passed,6.9
FA2019,FA2019-class 1,7,1905ACJFCC,,,2,0,3.2,Not Passed,6.4
FA2019,FA2019-class 1,8,1905ACJECG,,,3,5.7,5.6,Passed,7.3
FA2019,FA2019-class 1,9,1905ACJEDD,,,3,4.9,5.6,Passed,8.1
FA2019,FA2019-class 1,10,1905ACJFCI,,,5,6.3,6.8,Passed,8.5
FA2019,FA2019-class 1,11,1905FCEEB,,,3,6.7,5.6,Passed,7.7
FA2019,FA2019-class 1,12,1905FBEIH,,,3,4.5,5.3,Passed,7.7
FA2019,FA2019-class 1,13,1905ACJEAF,,,3,4.5,5.6,Passed,8.2
FA2019,FA2019-class 1,14,1905FAHCA,,,0,0,0.9,Not Passed,4.4
FA2019,FA2019-class 1,15,1905FBBHD,,,0,0,0.4,Not Passed,2.2
FA2019,FA2019-class 1,16,1905ACJEHB,,,3,5.7,5.9,Passed,8.5
FA2019,FA2019-class 1,17,1905ACJDCA,,,5,4.5,6.3,Passed,9
FA2019,FA2019-class 1,18,1905FCEEC,,,0,0,0.5,Not Passed,2.7
FA2019,FA2019-class 1,19,1905ACJCHE,,,0,5.5,2.8,Not Passed,5.6
FA2019,FA2019-class 1,20,1905ACJFEI,,,3,5.8,5.4,Passed,8
FA2019,FA2019-class 1,21,1905ADAAHI,,,3,5.7,5.5,Passed,7.1
FA2019,FA2019-class 1,22,1905ACJJEE,,,0,0,0,Not Passed,0
FA2019,FA2019-class 1,23,1905ACJFHH,,,9,5.3,7.8,Passed,9.4
FA2019,FA2019-class 1,24,1905FCEJI,,,0,0,0,Not Passed,0
FA2019,FA2019-class 1,25,1905ACJEIG,,,0,0,1.3,Not Passed,6.7
FA2019,FA2019-class 1,26,1905FBJCE,,,0,0,1.3,Not Passed,6.7
FA2019,FA2019-class 1,27,1905ADJCEE,,,3,8.6,6.3,Passed,6.6
FA2019,FA2019-class 1,28,1905ACJEBI,,,3,5.1,5.8,Passed,8.6
FA2019,FA2019-class 1,29,1905ACJFBH,,,3,4.1,5.5,Passed,8.4
FA2019,FA2019-class 2,1,1905ADJJCB,,,3,4.9,5.6,Passed,8
FA2019,FA2019-class 2,2,1905ACJBEE,,,3,4.4,4.4,Not Passed,4.3
FA2019,FA2019-class 2,3,1905ADJICG,,,9.5,6.9,8.5,Passed,8.5
FA2019,FA2019-class 2,4,1905ADJEDC,,,5,5.3,6.2,Passed,8
FA2019,FA2019-class 2,5,1905ADJDGI,,,5,8.2,7.3,Passed,7
FA2019,FA2019-class 2,6,1905ACJGJJ,,,3,6.3,5.7,Passed,6
FA2019,FA2019-class 2,7,1905ACJFEE,,,4,6.1,5.2,Passed,5
FA2019,FA2019-class 2,8,1905ACJJCD,,,3,4.2,4.7,Not Passed,7.5
FA2019,FA2019-class 2,9,1905ACJDFI,,,3,0,3.2,Not Passed,7
FA2019,FA2019-class 2,10,1905ADJIBD,,,8.5,8.4,8.2,Passed,6.8
FA2019,FA2019-class 2,11,1905ADJGDA,,,8,9,8,Passed,6.3
FA2019,FA2019-class 2,12,1905ACJDID,,,0,0,0,Not Passed,0
FA2019,FA2019-class 2,13,1905ACJBHJ,,,0,0,0,Not Passed,0
FA2019,FA2019-class 2,14,1905ADJJAD,,,3,3.4,4.2,Not Passed,5.8
FA2019,FA2019-class 2,15,1905ACJBIF,,,0,0,0,Not Passed,0
FA2019,FA2019-class 2,16,1905ADJBCE,,,5.5,8,7.1,Passed,7.5
FA2019,FA2019-class 2,17,1905ADJAJJ,,,8,7.3,7.9,Passed,7.5
FA2019,FA2019-class 2,18,1905FBFFB,,,0,0,0,Not Passed,0
FA2019,FA2019-class 2,19,1905ADJEGB,,,4,5.5,5.6,Passed,7
FA2019,FA2019-class 2,20,1905ACJGCF,,,3,4.1,5.1,Passed,7.3
FA2019,FA2019-class 2,21,1905ADJJEF,,,3,6.9,6.1,Passed,8.3
FA2019,FA2019-class 2,22,1905ADJJGA,,,5,4.1,5.1,Passed,5.5
FA2019,FA2019-class 2,23,1905ACJBHH,,,3,3.8,4.4,Not Passed,4.8
FA2019,FA2019-class 2,24,1905FCCGF,,,3,5.4,5.6,Passed,7.5
FA2019,FA2019-class 2,25,1905ADJJGJ,,,4,5.5,5.7,Passed,7.3
FA2019,FA2019-class 2,26,1905ADJICE,,,8,7.8,7.7,Passed,6.3
FA2019,FA2019-class 2,27,1905ADJJBD,,,3,6.7,5.5,Passed,6.8
FA2019,FA2019-class 3,1,1905ADJBBB,,,0,0,0.7,Not Passed,3.7
FA2019,FA2019-class 3,2,1905ACJFIE,,,7,4.6,6.3,Passed,7.9
FA2019,FA2019-class 3,3,1905ADJDCB,,,1,5.8,4.9,Not Passed,7.9
FA2019,FA2019-class 3,4,1905ADJJFA,,,0.5,0,2.3,Not Passed,6.1
FA2019,FA2019-class 3,5,1905ADJAJI,,,8,4.2,6.9,Passed,7.4
FA2019,FA2019-class 3,6,1905ACJFJC,,,0.5,0,1.1,Not Passed,4.9
FA2019,FA2019-class 3,7,1905ADJJFB,,,7,7,7.6,Passed,8.3
FA2019,FA2019-class 3,8,1905ACJFGJ,,,3,5.4,5.2,Passed,8.3
FA2019,FA2019-class 3,9,1905FCDEJ,,,1.5,5.6,5,Passed,8.4
FA2019,FA2019-class 3,10,1905ACJGBA,,,8,6.2,7.5,Passed,9.3
FA2019,FA2019-class 3,11,1905ACJEGE,,,0,0,0.9,Not Passed,4.5
FA2019,FA2019-class 3,12,1905ACJFBC,,,5,4.6,5.8,Passed,8.2
FA2019,FA2019-class 3,13,1905ACJBAB,,,7,3.8,5.8,Not Passed,8.5
FA2019,FA2019-class 3,14,1905FCBEI,,,4,4.4,5.2,Passed,6.6
FA2019,FA2019-class 3,15,1905ADJCAI,,,10,5.6,8.2,Passed,8.1
FA2019,FA2019-class 3,16,1905ACJDHH,,,10,6.4,8.7,Passed,9.5
FA2019,FA2019-class 3,17,1905FCDAI,,,0,0,0,Not Passed,0
FA2019,FA2019-class 3,18,1905ADAJGE,,,7.5,5.8,7.2,Passed,7.4
FA2019,FA2019-class 3,19,1905ADJDJD,,,8,6.8,7.4,Passed,6.5
FA2019,FA2019-class 3,20,1905ADJHDF,,,3,6.4,5.7,Passed,9.7
FA2019,FA2019-class 3,21,1905ACJGAF,,,7,4.6,6.4,Passed,8.4
FA2019,FA2019-class 3,22,1905ADJBGJ,,,4,5.2,5.9,Passed,8.8
FA2019,FA2019-class 3,23,1905JEHCD,,,3,5.2,4.6,Not Passed,5.4
FA2019,FA2019-class 3,24,1905ADJACA,,,7,8,7.1,Passed,6.3
FA2019,FA2019-class 3,25,1905ACJAFI,,,9,0,2.7,Not Passed,0
FA2019,FA2019-class 3,26,1905ADJABF,,,10,6.4,7.2,Passed,7
FA2019,FA2019-class 3,27,1905ACJJDB,,,0,0,0,Not Passed,0
FA2019,FA2019-class 3,28,1905ADJJJG,,,10,6,7.7,Passed,7.3
FA2019,FA2019-class 3,29,1905ACJFII,,,9,6.4,8.3,Passed,9.8
FA2019,FA2019-class 3,30,1905FCAEF,,,0.5,0,0.2,Not Passed,0
FA2019,FA2019-class 4,1,1905ADJAAA,,,5,6.2,7,Passed,9
FA2019,FA2019-class 4,2,1905ACJGAG,,,3,0,3.6,Not Passed,7.1
FA2019,FA2019-class 4,3,1905FCECI,,,2,0,0.9,Not Passed,1.6
FA2019,FA2019-class 4,4,1905ACJJJE,,,3,0,3.4,Not Passed,7.2
FA2019,FA2019-class 4,5,1905ADJAAE,,,10,7,8.8,Passed,9.4
FA2019,FA2019-class 4,6,1905ADJJJC,,,3,0,1.8,Not Passed,4.3
FA2019,FA2019-class 4,7,1905FBDFD,,,3,0,1.2,Not Passed,1.6
FA2019,FA2019-class 4,8,1905ACJGJC,,,3,2.6,4,Not Passed,7.1
FA2019,FA2019-class 4,9,1905FCBFD,,,2.5,0,2.5,Not Passed,5.6
FA2019,FA2019-class 4,10,1905ACJBCA,,,0,0,0,Not Passed,0
FA2019,FA2019-class 4,11,1905ADJJCH,,,7,4.8,7,Passed,7.7
FA2019,FA2019-class 4,12,1905ACJGBJ,,,4,5.4,6.4,Passed,9.6
FA2019,FA2019-class 4,13,1905ACJJJD,,,2,0,1.4,Not Passed,1.5
FA2019,FA2019-class 4,14,1905ACJEAE,,,10,6.2,8.9,Passed,10
FA2019,FA2019-class 4,15,1905FCBGH,,,2,0,2.1,Not Passed,6.4
FA2019,FA2019-class 4,16,1905ACJDFF,,,2.5,8,6.2,Passed,9.4
FA2019,FA2019-class 4,17,1905ADJAEI,,,3.5,7,6.7,Passed,9.3
FA2019,FA2019-class 4,18,1905FBIDH,,,2,5.8,4.6,Not Passed,8.4
FA2019,FA2019-class 4,19,1905ADJJDE,,,3,4.2,5.3,Passed,8.4
FA2019,FA2019-class 4,20,1905ADJHEG,,,5.5,8.2,8,Passed,9.9
FA2019,FA2019-class 4,21,1905ADJFDD,,,3.5,4.8,5.8,Passed,9.7
FA2019,FA2019-class 4,22,1905ACJCCC,,,0,0,0,Not Passed,0
FA2019,FA2019-class 4,23,1905FBGAA,,,2,0,0.9,Not Passed,1.6
FA2019,FA2019-class 4,24,1905ADJJAG,,,2,3.6,4.5,Not Passed,9.7
FA2019,FA2019-class 4,25,1905ADJEJI,,,2.5,2.8,3.2,Not Passed,8
FA2019,FA2019-class 4,26,1905ACJAAF,,,3,4.6,3.5,Not Passed,6.1
FA2019,FA2019-class 4,27,1905ACJJFD,,,0,0,0,Not Passed,0
FA2019,FA2019-class 4,28,1905ADJJID,,,2.5,7.2,5.7,Passed,7.6
FA2019,FA2019-class 4,29,1905ADJJFE,,,4,5.2,6.5,Passed,9.1
FA2019,FA2019-class 5,1,1905ADJBHI,,,10,6,7.8,Passed,7
FA2019,FA2019-class 5,2,1905FBIFJ,,,7,4.2,6.6,Passed,8
FA2019,FA2019-class 5,3,1905FCCAE,,,6,4,5.1,Passed,4.2
FA2019,FA2019-class 5,4,1905ACJGCA,,,10,4.6,8.4,Passed,9.9
FA2019,FA2019-class 5,5,1905ACJFAD,,,10,5,7.9,Passed,8.1
FA2019,FA2019-class 5,6,1905FCDDG,,,7,4,6.2,Passed,7.4
FA2019,FA2019-class 5,7,1905FCCAG,,,6,3.8,5.5,Not Passed,8.2
FA2019,FA2019-class 5,8,1905ACJBCD,,,10,0,6.1,Not Passed,7.4
FA2019,FA2019-class 5,9,1905ACJFDE,,,1,0,2.6,Not Passed,3.7
FA2019,FA2019-class 5,10,1905FCCHD,,,0,0,0,Not Passed,0
FA2019,FA2019-class 5,11,1905ACJFFA,,,8,4.8,7.3,Passed,8.1
FA2019,FA2019-class 5,12,1905ADJHDH,,,10,5.6,7.8,Passed,6.4
FA2019,FA2019-class 5,13,1905ACJFJH,,,10,4.2,7.5,Passed,8.2
FA2019,FA2019-class 5,14,1905ACJGAI,,,10,4.2,8,Passed,9.7
FA2019,FA2019-class 5,15,1905ADJCDH,,,7,5.8,7.1,Passed,7.5
FA2019,FA2019-class 5,16,1905ACJGJE,,,7,4,6.5,Passed,7.8
FA2019,FA2019-class 5,17,1905ADJJHJ,,,10,5.6,8.5,Passed,9.3
FA2019,FA2019-class 5,18,1905ADJFJI,,,10,8.4,9.4,Passed,9.4
FA2019,FA2019-class 5,19,1905ADJACH,,,10,4.8,8,Passed,8.2
FA2019,FA2019-class 5,20,1905FCABE,,,6,3.8,4.9,Not Passed,3.4
FA2019,FA2019-class 5,21,1905ADJBFA,,,9,6.6,6.9,Passed,5.7
FA2019,FA2019-class 5,22,1905ACJFCE,,,8,4,7.1,Passed,8.7
FA2019,FA2019-class 5,23,1905ACJAHF,,,10,5,8.2,Passed,9.7
FA2019,FA2019-class 5,24,1905FBBHD,,,3,4.4,5.1,Passed,7.5
FA2019,FA2019-class 5,25,1905ACJFJB,,,6,4.2,6.5,Passed,8
FA2019,FA2019-class 5,26,1905ADJEJE,,,7,5.2,6.9,Passed,7.7
FA2019,FA2019-class 5,27,1905ADJBGA,,,10,4.8,7.6,Passed,8.1
FA2019,FA2019-class 5,28,1905FBGCG,,,0,0,0.4,Not Passed,0
FA2019,FA2019-class 5,29,1905ADJCBI,,,10,5.8,7.7,Passed,6.1
FA2019,FA2019-class 6,1,1905ACJGAD,,,10,6.3,8.7,Passed,9.7
FA2019,FA2019-class 6,2,1905ACJFHB,,,10,4.1,5.6,Passed,2.2
FA2019,FA2019-class 6,3,1905ACJBIE,,,10,4.3,7.4,Passed,6.5
FA2019,FA2019-class 6,4,1905ACJAIH,,,10,6.3,8.2,Passed,7.2
FA2019,FA2019-class 6,5,1905ACJCAC,,,1,0,1.9,Not Passed,1.3
FA2019,FA2019-class 6,6,1905ACJABE,,,5,6.3,7.1,Passed,8.7
FA2019,FA2019-class 6,7,1905ACJFCA,,,10,5.5,7.9,Passed,7.8
FA2019,FA2019-class 6,8,1905ACJBBJ,,,10,7.3,7.7,Passed,6.6
FA2019,FA2019-class 6,9,1905ACJAAI,,,10,4.5,7,Passed,4.3
FA2019,FA2019-class 6,10,1905FCBAA,,,10,5.3,7.3,Passed,5.2
FA2019,FA2019-class 6,11,1905FBIAC,,,10,4.6,7.4,Passed,6
FA2019,FA2019-class 6,12,1905ACJEIA,,,10,5.3,7.8,Passed,7.3
FA2019,FA2019-class 6,13,1905ACJEBG,,,9,4.5,7,Passed,5.9
FA2019,FA2019-class 6,14,1905FBFGH,,,10,6.1,7.3,Passed,6.3
FA2019,FA2019-class 6,15,1905FBIAG,,,10,6.9,8.3,Passed,7.9
FA2019,FA2019-class 6,16,1905FBGEG,,,10,6.1,8.5,Passed,8.4
FA2019,FA2019-class 6,17,1905ACJCFB,,,10,5.3,7.9,Passed,9.7
FA2019,FA2019-class 6,18,1905ACJEDE,,,10,5.3,8.4,Passed,9.2
FA2019,FA2019-class 6,19,1905FCBFA,,,10,4.9,7.7,Passed,7.3
FA2019,FA2019-class 6,20,1905FCBCB,,,2,3.4,4,Not Passed,6.3
FA2019,FA2019-class 6,21,1905ACJGFB,,,10,7.1,7.5,Passed,5.9
FA2019,FA2019-class 6,22,1905ACJBBA,,,10,6.1,7.3,Passed,6.5
FA2019,FA2019-class 6,23,1905ACJCFF,,,7,5.1,5,Passed,2.2
FA2019,FA2019-class 6,24,1905ACJAEJ,,,10,5.1,7.6,Passed,6.9
FA2019,FA2019-class 6,25,1905ACJEGH,,,10,7.1,8.9,Passed,9.2
FA2019,FA2019-class 6,26,1905FCDFH,,,10,6.1,7.6,Passed,5.1
FA2019,FA2019-class 6,27,1905FCAFI,,,10,6.4,8.2,Passed,7.6
FA2019,FA2019-class 6,28,1905ACJAHE,,,10,4.9,7.6,Passed,6.8
FA2019,FA2019-class 6,29,1905ACJBFE,,,10,4.5,8.2,Passed,9.5
FA2019,FA2019-class 6,30,1905FBHEI,,,10,4.7,7.4,Passed,7.4
FA2020,FA2020-class 1,1,1905ADJCCI,,,8.6,5,7,Passed,8.1
FA2020,FA2020-class 1,2,1905AEJFDF,,,9.3,8.2,8.6,Passed,8.6
FA2020,FA2020-class 1,3,1905AEJFFI,,,6.4,5.4,6.3,Passed,7.5
FA2020,FA2020-class 1,4,1905ADAJGA,,,8.7,4.2,6.8,Passed,7.9
FA2020,FA2020-class 1,5,1905AEJBFG,,,9.8,8.4,9.3,Passed,9.5
FA2020,FA2020-class 1,6,1905ADJFBH,,,6.7,5,6.5,Passed,8.3
FA2020,FA2020-class 1,7,1905AEJGAI,,,8.9,6.6,7.6,Passed,7.7
FA2020,FA2020-class 1,8,1905AEJGAH,,,8.4,7.2,8.1,Passed,8.9
FA2020,FA2020-class 1,9,1905ADAJEF,,,9.1,5.6,7.6,Passed,8.4
FA2020,FA2020-class 1,10,1905AEJGGD,,,9.9,8.2,9.2,Passed,9.3
FA2020,FA2020-class 1,11,1905AEJCID,,,0,0,0.1,Attendance Fail,0
FA2020,FA2020-class 1,12,1905AEJABA,,,9.7,8.6,9.2,Passed,9.1
FA2020,FA2020-class 1,13,1905AEABBE,,,8.9,6.4,8.3,Passed,9
FA2020,FA2020-class 1,14,1905AEJJHE,,,9.6,6,7.4,Passed,4.8
FA2020,FA2020-class 1,15,1905AEJCJJ,,,7.7,4.6,7.4,Passed,9.1
FA2020,FA2020-class 1,16,1905AEJAEJ,,,9.5,7.8,8.8,Passed,9.1
FA2020,FA2020-class 1,17,1905AEJHHI,,,9.3,6.4,8,Passed,8.3
FA2020,FA2020-class 1,18,1905AEJHHE,,,9,6.4,7.7,Passed,8
FA2020,FA2020-class 1,19,1905AEJJJD,,,9.7,9.4,9.3,Passed,8.8
FA2020,FA2020-class 1,20,1905AEAEDJ,,,9.5,7.2,8.5,Passed,9
FA2020,FA2020-class 1,21,1905AEJEGF,,,1.5,0,2.7,Not Passed,7.7
FA2020,FA2020-class 1,22,1905AEJIIB,,,8.6,5.4,7.3,Passed,9.1
FA2020,FA2020-class 1,23,1905AEJBAD,,,9.9,8.4,9.3,Passed,9.4
FA2020,FA2020-class 1,24,1905AEABAF,,,9.6,5.2,8.1,Passed,9.3
FA2020,FA2020-class 1,25,1905AEAJCC,,,7.9,8.4,7.7,Passed,4.3
FA2020,FA2020-class 1,26,1905ADJCBC,,,9.3,7.8,8.2,Passed,7
FA2020,FA2020-class 1,27,1905AEAJHI,,,9.7,8.8,9.3,Passed,9.4
FA2020,FA2020-class 1,28,1905ADJCEJ,,,8.3,5.2,7,Passed,8.8
FA2020,FA2020-class 1,29,1905AEAEBE,,,9.3,6.4,7.2,Passed,4.1
FA2020,FA2020-class 1,30,1905AEAAFC,,,9.7,8.4,8.9,Passed,8.1
FA2020,FA2020-class 2,1,1905AEACHI,,,7,6.8,7.5,Passed,9.9
FA2020,FA2020-class 2,2,1905ADAJFJ,,,0,0,0,Attendance Fail,0
FA2020,FA2020-class 2,3,1905FCCAG,,,0,0,0,Attendance Fail,0
FA2020,FA2020-class 2,4,1905ADAJAA,,,4.5,4.4,5.3,Passed,8.5
FA2020,FA2020-class 2,5,1905ADJBEC,,,5,4.8,5.8,Passed,9.5
FA2020,FA2020-class 2,6,1905ACJCHF,,,6,5.2,6.4,Passed,9.3
FA2020,FA2020-class 2,7,1905FCBGH,,,5,3.4,5.4,Not Passed,9.4
FA2020,FA2020-class 2,8,1905ACJBCC,,,7,5,6.8,Passed,8.6
FA2020,FA2020-class 2,9,1905AEJCGA,,,5,3.2,5.3,Not Passed,8.9
FA2020,FA2020-class 2,10,1905ADJCED,,,6,7,7,Passed,9.3
FA2020,FA2020-class 2,11,1905FCJHI,,,0,0,0,Attendance Fail,0
FA2020,FA2020-class 2,12,1905AEJECD,,,4.5,6.8,6.3,Passed,9.6
FA2020,FA2020-class 2,13,1905ADJJDD,,,5,2.8,5.2,Not Passed,8.7
FA2020,FA2020-class 2,14,1905AEADJA,,,5,5.6,6.1,Passed,9.6
FA2020,FA2020-class 2,15,1905ADJJIC,,,5,5.6,6.1,Passed,9.4
FA2020,FA2020-class 2,16,1905ACJEDF,,,5,4,5.5,Passed,9
FA2020,FA2020-class 2,17,1905ACJFEG,,,5,3.6,5.4,Not Passed,9
FA2020,FA2020-class 3,1,1905ADJFDG,,,4,4.2,5.7,Passed,9.1
FA2020,FA2020-class 3,2,1905ADAJAA,,,0,0,0,Attendance Fail,0
FA2020,FA2020-class 3,3,1905ADJHIF,,,8,7.6,8.2,Passed,9.1
FA2020,FA2020-class 3,4,1905ADJJJC,,,0,0,0.5,Not Passed,2.5
FA2020,FA2020-class 3,5,1905ADJGCE,,,4,6,6.3,Passed,8.9
FA2020,FA2020-class 3,6,1905ADJEJC,,,0,0,0.4,Attendance Fail,2.1
FA2020,FA2020-class 3,7,1905AEJBFB,,,0,0,0.6,Not Passed,2.8
FA2020,FA2020-class 3,8,1905ADAADC,,,5,7,6.5,Passed,7.9
FA2020,FA2020-class 3,9,1905ADJAGI,,,3,5.8,5.4,Passed,7.7
FA2020,FA2020-class 3,10,1905ADJHDE,,,1,0,1.5,Not Passed,5.8
FA2020,FA2020-class 3,11,1905ADAJHA,,,8,6.4,7.8,Passed,9.2
FA2020,FA2020-class 3,12,1905ADJHIB,,,4,5.6,6.1,Passed,9.6
FA2020,FA2020-class 3,13,1905ADJHHA,,,0,0,0.5,Not Passed,2.4
FA2020,FA2020-class 3,14,1905ADJHIE,,,4,5.8,6,Passed,9
FA2020,FA2020-class 3,15,1905ACJEDF,,,0,0,0.3,Attendance Fail,1.4
FA2020,FA2020-class 3,16,1905ADJIJF,,,6,4.4,6.3,Passed,9.5
FA2020,FA2020-class 3,17,1905ACJFEG,,,0,0,0.3,Attendance Fail,1.3
FA2020,FA2020-class 3,18,1905AEABDA,,,0,0,0,Attendance Fail,0
FA2020,FA2020-class 4,1,1905ADJHCE,,,2.9,0,1.4,Attendance Fail,0
FA2020,FA2020-class 4,2,1905AEJFCC,,,9.8,7.4,9,Passed,9.5
FA2020,FA2020-class 4,3,1905ADJBBB,,,2.9,2.6,3.2,Not Passed,4
FA2020,FA2020-class 4,4,1905ACJEHJ,,,8.3,5.8,7.1,Passed,6.7
FA2020,FA2020-class 4,5,1905ADAACH,,,9,6,7.7,Passed,8.4
FA2020,FA2020-class 4,6,1905ADJIIA,,,9,4.4,7.2,Passed,8.4
FA2020,FA2020-class 4,7,1905ADJCEB,,,9.3,6.4,8,Passed,8.4
FA2020,FA2020-class 4,8,1905ADJBIH,,,9.2,4.4,7.4,Passed,8.7
FA2020,FA2020-class 4,9,1905ADJCFD,,,8.9,4.2,7.1,Passed,8.6
FA2020,FA2020-class 4,10,1905ADJGFC,,,2,0,2.2,Attendance Fail,2.9
FA2020,FA2020-class 4,11,1905ADJFGA,,,9,5,7.3,Passed,7.8
FA2020,FA2020-class 4,12,1905ADJEDI,,,9.8,6,8.3,Passed,8.1
FA2020,FA2020-class 4,13,1905ADJDGB,,,9,5,7.3,Passed,8.1
FA2020,FA2020-class 4,14,1905ADJGCH,,,9,4.8,7.4,Passed,8.8
FA2020,FA2020-class 4,15,1905ADJHCH,,,9.5,4.4,7.6,Passed,8.6
FA2020,FA2020-class 4,16,1905ADJGJC,,,5.6,6,6,Passed,4.7
FA2020,FA2020-class 4,17,1905AEJIGD,,,9.5,9,9.1,Passed,8.9
FA2020,FA2020-class 4,18,1905ADJHDI,,,9.2,5.2,7.5,Passed,8.1
FA2020,FA2020-class 4,19,1905AEJIHJ,,,9.6,7.8,8.8,Passed,9
FA2020,FA2020-class 4,20,1905ADJFJE,,,0.4,0,0.3,Attendance Fail,0
FA2020,FA2020-class 4,21,1905FCAFJ,,,6,5,5,Passed,4.4
FA2020,FA2020-class 4,22,1905ADJEDA,,,9.2,5.4,7.8,Passed,8.9
FA2020,FA2020-class 4,23,1905ADJDCI,,,8.5,6.8,7.9,Passed,8.2
FA2020,FA2020-class 4,24,1905ADJCGA,,,9.2,6.4,8.1,Passed,8.9
FA2020,FA2020-class 4,25,1905ADJHEJ,,,9.4,6.6,8.1,Passed,8.3
FA2020,FA2020-class 4,26,1905ADJEAA,,,8.8,4,6.9,Passed,8.1
FA2020,FA2020-class 4,27,1905ADJJAE,,,9.3,5.6,7.8,Passed,8.5
FA2020,FA2020-class 4,28,1905ADJEID,,,9.3,4.6,7.6,Passed,8.8
FA2020,FA2020-class 4,29,1905ADJBCH,,,8.9,5.6,7.4,Passed,7.9
FA2020,FA2020-class 4,30,1905ADJCAC,,,9.4,7.2,8.5,Passed,9.3
FA2020,FA2020-class 5,1,1905ACJFFB,,,0,0,0,Attendance Fail,0
FA2020,FA2020-class 5,2,1905ADJECE,,,4,5.8,6,Passed,7.3
FA2020,FA2020-class 5,3,1905FBGHI,,,8,6.6,8,Passed,8.9
FA2020,FA2020-class 5,4,1905FBIIJ,,,0,0,0,Attendance Fail,0
FA2020,FA2020-class 5,5,1905ACJBGI,,,1,5.2,4.4,Not Passed,8.6
FA2020,FA2020-class 5,6,1905ADJJBA,,,0,0,0,Attendance Fail,0
FA2020,FA2020-class 5,7,1905ADJGGC,,,6,6.2,7,Passed,7.9
FA2020,FA2020-class 5,8,1905ACJJCB,,,6,5,6.7,Passed,8
FA2020,FA2020-class 5,9,1905ADJBHE,,,2,4.6,5.3,Passed,8.3
FA2020,FA2020-class 5,10,1905FCCHD,,,0,0,0,Attendance Fail,0
FA2020,FA2020-class 5,11,1905ADJIJG,,,8,6.2,7.7,Passed,8.4
FA2020,FA2020-class 5,12,1905ADAABF,,,4,5.4,6.4,Passed,8.3
FA2020,FA2020-class 5,13,1905ADAJAD,,,1,5,5.2,Passed,7.6
FA2020,FA2020-class 5,14,1905ADJJEI,,,10,6.4,8.4,Passed,8.3
FA2020,FA2020-class 5,15,1905ADJHBB,,,4,4.6,5.9,Passed,8
FA2020,FA2020-class 5,16,1905ADJJFJ,,,10,6,8.2,Passed,8.4
FA2020,FA2020-class 5,17,1905ADJDBG,,,6,3.6,5.9,Not Passed,7.4
FA2020,FA2020-class 5,18,1905FCJFI,,,1,4.8,5,Passed,7.9
FA2020,FA2020-class 5,19,1905ADJEAD,,,1,4.4,5.1,Passed,8.1
FA2020,FA2020-class 5,20,1905ACJAHI,,,1,3.2,4.7,Not Passed,8.7
FA2020,FA2020-class 5,21,1905ADJAIB,,,6,4.4,6.5,Passed,7.8
FA2020,FA2020-class 5,22,1905ADJJFI,,,10,4.8,7.4,Passed,7.8
FA2020,FA2020-class 5,23,1905ADJDEB,,,6,4.8,6.6,Passed,7.9
FA2020,FA2020-class 5,24,1905ACJAIJ,,,6,4.8,6.8,Passed,8.6
FA2020,FA2020-class 5,25,1905ADAJHI,,,4,5.6,6.4,Passed,8.6
FA2020,FA2020-class 5,26,1905ACJABF,,,4,6,6.2,Passed,7.4
FA2020,FA2020-class 5,27,1905JDBEG,,,0,0,1.7,Attendance Fail,4.6
FA2020,FA2020-class 5,28,1905ADJIJA,,,1,0,3.2,Not Passed,6.8
FA2020,FA2020-class 5,29,1905ACJEIG,,,1,3.2,4.7,Not Passed,8.4
FA2020,FA2020-class 5,30,1905ADJEEJ,,,6,4.6,6.3,Passed,7.3
FA2020,FA2020-class 6,1,1905ADJJGG,,,3,5,5.5,Passed,7.4
FA2020,FA2020-class 6,2,1905ADJGDF,,,0,0,0,Attendance Fail,0
FA2020,FA2020-class 6,3,1905ADJIEJ,,,0,0,0,Not Passed,0
FA2020,FA2020-class 6,4,1905ADJCGG,,,0,4,2.7,Not Passed,7.6
FA2020,FA2020-class 6,5,1905ADAJDH,,,3,4.8,5.4,Passed,9.3
FA2020,FA2020-class 6,6,1905ADJHDB,,,2,5.2,4.8,Not Passed,8.9
FA2020,FA2020-class 6,7,1905ADJGHH,,,0.5,0,1.9,Not Passed,8.7
FA2020,FA2020-class 6,8,1905ADJIBI,,,0,0,1.7,Not Passed,8.6
FA2020,FA2020-class 6,9,1905FCBCB,,,0,0,0,Attendance Fail,0
FA2020,FA2020-class 6,10,1905ADJCED,,,1,5.2,4.6,Not Passed,8.8
FA2020,FA2020-class 6,11,1905ADAJGF,,,0,0,0.6,Not Passed,2.9
FA2020,FA2020-class 6,12,1905ADJHHE,,,7,6.6,7.6,Passed,9.1
FA2020,FA2020-class 6,13,1905ADJIFB,,,3,6,5.3,Passed,9.1
FA2020,FA2020-class 6,14,1905ADJIID,,,0,0,0,Attendance Fail,0
FA2020,FA2020-class 6,15,1905ADAADJ,,,3,6.8,5.9,Passed,9.5
FA2020,FA2020-class 6,16,1905ADJDGJ,,,1,0,2,Not Passed,8.6
FA2020,FA2020-class 6,17,1905ADJAAD,,,5,5.8,6.3,Passed,8.4
FA2020,FA2020-class 6,18,1905ADAJEB,,,3,7,6.5,Passed,9.1
FA2020,FA2020-class 6,19,1905ADJIFC,,,0,0,0,Attendance Fail,0
FA2020,FA2020-class 7,1,1905ADJJGG,,,3,5,5.5,Passed,7.4
FA2020,FA2020-class 7,2,1905ADJGDF,,,0,0,0,Attendance Fail,0
FA2020,FA2020-class 7,3,1905ADJIEJ,,,0,0,0,Not Passed,0
FA2020,FA2020-class 7,4,1905ADJCGG,,,0,4,2.7,Not Passed,7.6
FA2020,FA2020-class 7,5,1905ADAJDH,,,3,4.8,5.4,Passed,9.3
FA2020,FA2020-class 7,6,1905ADJHDB,,,2,5.2,4.8,Not Passed,8.9
FA2020,FA2020-class 7,7,1905ADJGHH,,,0.5,0,1.9,Not Passed,8.7
FA2020,FA2020-class 7,8,1905ADJIBI,,,0,0,1.7,Not Passed,8.6
FA2020,FA2020-class 7,9,1905FCBCB,,,0,0,0,Attendance Fail,0
FA2020,FA2020-class 7,10,1905ADJCED,,,1,5.2,4.6,Not Passed,8.8
FA2020,FA2020-class 7,11,1905ADAJGF,,,0,0,0.6,Not Passed,2.9
FA2020,FA2020-class 7,12,1905ADJHHE,,,7,6.6,7.6,Passed,9.1
FA2020,FA2020-class 7,13,1905ADJIFB,,,3,6,5.3,Passed,9.1
FA2020,FA2020-class 7,14,1905ADJIID,,,0,0,0,Attendance Fail,0
FA2020,FA2020-class 7,15,1905ADAADJ,,,3,6.8,5.9,Passed,9.5
FA2020,FA2020-class 7,16,1905ADJDGJ,,,1,0,2,Not Passed,8.6
FA2020,FA2020-class 7,17,1905ADJAAD,,,5,5.8,6.3,Passed,8.4
FA2020,FA2020-class 7,18,1905ADAJEB,,,3,7,6.5,Passed,9.1
FA2020,FA2020-class 7,19,1905ADJIFC,,,0,0,0,Attendance Fail,0
FA2020,FA2020-class 8,1,1905ADJCCC,,,8.8,5,7.2,Passed,8.1
FA2020,FA2020-class 8,2,1905ADJIDD,,,8.4,6.2,7.2,Passed,8.1
FA2020,FA2020-class 8,3,1905ADJEHF,,,7.3,5.8,6.9,Passed,8.4
FA2020,FA2020-class 8,4,1905ADJDCB,,,7.8,4.6,7,Passed,8.9
FA2020,FA2020-class 8,5,1905ADJIAI,,,5.1,4.6,5.7,Passed,7.1
FA2020,FA2020-class 8,6,1905ADJHGF,,,6.5,5.4,6.7,Passed,8.9
FA2020,FA2020-class 8,7,1905ADJFHA,,,0,0,0.2,Attendance Fail,0
FA2020,FA2020-class 8,8,1905ACJBCD,,,6.8,0,4.8,Not Passed,8.1
FA2020,FA2020-class 8,9,1905ADJCGF,,,8.4,5,6.9,Passed,8.5
FA2020,FA2020-class 8,10,1905ACJBIC,,,7.5,4.4,6.3,Passed,8.1
FA2020,FA2020-class 8,11,1905ADAJJC,,,6.8,4,6.4,Passed,8.7
FA2020,FA2020-class 8,12,1905ADJAHD,,,8.6,4.8,7.2,Passed,9.1
FA2020,FA2020-class 8,13,1905ADJJAH,,,9,6.4,7.8,Passed,8.4
FA2020,FA2020-class 8,14,1905ADJEGE,,,7.5,3.6,6.3,Not Passed,8.1
FA2020,FA2020-class 8,15,1905ADJIIH,,,8.8,4.4,7.1,Passed,8.4
FA2020,FA2020-class 8,16,1905ADJBHF,,,7.5,5.4,7.2,Passed,9.1
FA2020,FA2020-class 8,17,1905ADJEEC,,,6.9,4,6.1,Passed,9.1
FA2020,FA2020-class 8,18,1905ADAJJI,,,8,5.2,6.9,Passed,7.6
FA2020,FA2020-class 8,19,1905ADJFFG,,,8.9,4.4,7.1,Passed,8.4
FA2020,FA2020-class 8,20,1905ADJBFI,,,8.3,4.6,6.7,Passed,8.4
FA2020,FA2020-class 8,21,1905ACJABH,,,7.9,6.6,7.3,Passed,8.1
FA2020,FA2020-class 8,22,1905ADJHFF,,,0,0,0.2,Attendance Fail,0
FA2020,FA2020-class 8,23,1905ADAAHH,,,4.3,4.4,5.5,Passed,8.8
FA2020,FA2020-class 8,24,1905ADJDFI,,,7.9,0,5.4,Is Susspended,8.4
FA2020,FA2020-class 8,25,1905ADJAIH,,,8.9,4.6,7.4,Passed,9.6
FA2020,FA2020-class 8,26,1905ADJIHH,,,6.6,5.4,6.3,Passed,8.8
FA2020,FA2020-class 8,27,1905ADJHEI,,,4.2,4.2,5.7,Passed,9.7
FA2020,FA2020-class 8,28,1905ADJCAD,,,6.6,4.2,6.3,Passed,8.9
FA2020,FA2020-class 8,29,1905ADJHAI,,,9,5,7.6,Passed,9.4
FA2020,FA2020-class 8,30,1905ADJECI,,,8.8,5.2,7.2,Passed,8
FA2020,FA2020-class 9,1,1905AEJFAI,,,7,4.4,6.5,Passed,7.5
FA2020,FA2020-class 9,2,1905AEJFCF,,,7.5,0,4,Attendance Fail,8.5
FA2020,FA2020-class 9,3,1905AEJFFA,,,7,6.4,6.9,Passed,7.5
FA2020,FA2020-class 9,4,1905AEJFDI,,,8.5,7.6,7.8,Passed,7
FA2020,FA2020-class 9,5,1905AEJFIC,,,7.5,4.8,6.8,Passed,8.5
FA2020,FA2020-class 9,6,1905AEJGJH,,,7,5.6,6.7,Passed,7.5
FA2020,FA2020-class 9,7,1905AEJEGB,,,8.5,5,6.9,Passed,7.3
FA2020,FA2020-class 9,8,1905AEJGBI,,,7.5,0,5.2,Not Passed,6.8
FA2020,FA2020-class 9,9,1905AEABCE,,,9,8,8.7,Passed,8
FA2020,FA2020-class 9,10,1905AEADEF,,,8,4.6,6.8,Passed,8.3
FA2020,FA2020-class 9,11,1905AEABBH,,,9,6.8,8.1,Passed,7.8
FA2020,FA2020-class 9,12,1905AEABAA,,,8.5,4,7.1,Passed,8.8
FA2020,FA2020-class 9,13,1905AEJHED,,,9,8.2,8.8,Passed,8.3
FA2020,FA2020-class 9,14,1905AEJHFJ,,,8,5,7.1,Passed,7.8
FA2020,FA2020-class 9,15,1905AEJHFE,,,8,7.2,8,Passed,8.3
FA2020,FA2020-class 9,16,1905AEACCF,,,9,8.8,9.1,Passed,9
FA2020,FA2020-class 9,17,1905AEADAG,,,8.5,5.4,7.3,Passed,7.8
FA2020,FA2020-class 9,18,1905AEAEJB,,,8,4.6,6.7,Passed,7.5
FA2020,FA2020-class 9,19,1905AEACDE,,,7,7,7.7,Passed,8.3
FA2020,FA2020-class 9,20,1905AEJIDD,,,8,6.6,7.8,Passed,8.3
FA2020,FA2020-class 9,21,1905AEACAB,,,8,6.8,7.5,Passed,7.5
FA2020,FA2020-class 9,22,1905AEJIGI,,,7,4.2,6.1,Passed,6.5
FA2020,FA2020-class 9,23,1905AEAJAA,,,8,4,6.5,Passed,7
FA2020,FA2020-class 9,24,1905AEAJAE,,,8,5,6.7,Passed,7
FA2020,FA2020-class 9,25,1905AEAJCE,,,7,6.8,7.3,Passed,7.8
FA2020,FA2020-class 9,26,1905AEAJCI,,,7.5,6.2,7.1,Passed,7.8
FA2020,FA2020-class 9,27,1905AEABED,,,8,8,8.2,Passed,9
FA2020,FA2020-class 9,28,1905AEAJGJ,,,8.5,5.4,7.5,Passed,8.5
FA2020,FA2020-class 9,29,1905AEJEFH,,,8.5,7.6,8.4,Passed,8
FA2020,FA2020-class 9,30,1905AEACDC,,,7,5.2,6.6,Passed,7.8
FA2020,FA2020-class 10,1,1905AEACAF,,,1,7.4,5.3,Passed,7.7
FA2020,FA2020-class 10,2,1905AEJFDE,,,0.5,3.8,4.2,Not Passed,8.1
FA2020,FA2020-class 10,3,1905AEABHH,,,9,9.4,9.1,Passed,9.6
FA2020,FA2020-class 10,4,1905AEJFGF,,,6.5,7.4,7.4,Passed,8.4
FA2020,FA2020-class 10,5,1905AEJACF,,,7,5.8,7.4,Passed,9.4
FA2020,FA2020-class 10,6,1905AEJGBA,,,7,6.6,7.4,Passed,8.6
FA2020,FA2020-class 10,7,1905AEJAJE,,,5,6,6.1,Passed,6.2
FA2020,FA2020-class 10,8,1905AEJGHJ,,,7,6,7.4,Passed,9.1
FA2020,FA2020-class 10,9,1905AEABCC,,,6,6.6,7.2,Passed,9.1
FA2020,FA2020-class 10,10,1905ADJAGB,,,8.5,4.8,7.2,Passed,9.3
FA2020,FA2020-class 10,11,1905AEJHEJ,,,7.5,9,8.5,Passed,8.9
FA2020,FA2020-class 10,12,1905AEJIJI,,,6.5,6,6.6,Passed,8.2
FA2020,FA2020-class 10,13,1905AEJIJE,,,5,8.2,6.9,Passed,7.1
FA2020,FA2020-class 10,14,1905AEJAFC,,,4,7.6,6.9,Passed,9.3
FA2020,FA2020-class 10,15,1905AEJBDF,,,4,6,6.2,Passed,8.8
FA2020,FA2020-class 10,16,1905AEJADD,,,8,9,9,Passed,9.9
FA2020,FA2020-class 10,17,1905AEJIIJ,,,7,7,7.2,Passed,8.4
FA2020,FA2020-class 10,18,1905AEAJJB,,,0,0,0,Attendance Fail,0
FA2020,FA2020-class 10,19,1905AEJJEE,,,8,8,8,Passed,9.4
FA2020,FA2020-class 10,20,1905AEJEFB,,,4,7.6,6.6,Passed,8.8
FA2020,FA2020-class 10,21,1905AEJJBA,,,3,7,6.3,Passed,8.4
FA2020,FA2020-class 10,22,1905AEAJAG,,,7.5,7,7.4,Passed,9.1
FA2020,FA2020-class 10,23,1905AEACAG,,,0.5,6.8,5.6,Passed,8.9
FA2020,FA2020-class 10,24,1905ADJCII,,,0,0,0.2,Attendance Fail,1.1
FA2020,FA2020-class 10,25,1905AEAJEE,,,7,6.4,7.2,Passed,8.8
FA2020,FA2020-class 10,26,1905AEJDFB,,,6,5.6,6.5,Passed,7.2
FA2020,FA2020-class 10,27,1905ACJCHB,,,0,0,0,Attendance Fail,0
FA2020,FA2020-class 10,28,1905AEAJIH,,,3,6.4,6.2,Passed,8.3
FA2020,FA2020-class 10,29,1905FBGDH,,,0,0,0,Attendance Fail,0
FA2020,FA2020-class 10,30,1905AEAAEG,,,1,0,3.5,Not Passed,8.8
FA2020,FA2020-class 11,1,1905AEJFCG,,,5,6.2,6.4,Passed,9.1
FA2020,FA2020-class 11,2,1905AEJFEG,,,10,9,9.4,Passed,9.4
FA2020,FA2020-class 11,3,1905AEJFGG,,,3,5.8,5.5,Passed,8
FA2020,FA2020-class 11,4,1905AEABDI,,,7,7.6,8.1,Passed,9
FA2020,FA2020-class 11,5,1905ADJGAF,,,3,0,3,Not Passed,5.2
FA2020,FA2020-class 11,6,1905AEABGA,,,7,7.4,7.8,Passed,9.2
FA2020,FA2020-class 11,7,1905AEJGCI,,,3,4,5,Passed,8.6
FA2020,FA2020-class 11,8,1905AEJGDF,,,10,6.6,8.4,Passed,8.6
FA2020,FA2020-class 11,9,1905AEACJA,,,2,0,3.1,Not Passed,9.1
FA2020,FA2020-class 11,10,1905ADAAEH,,,5,5.6,6.2,Passed,8
FA2020,FA2020-class 11,11,1905AEJGHC,,,3,6.6,5.7,Passed,7.4
FA2020,FA2020-class 11,12,1905AEJHAE,,,0.5,5.8,5.1,Passed,8.9
FA2020,FA2020-class 11,13,1905AEJHAB,,,3,8.4,6.5,Passed,9.1
FA2020,FA2020-class 11,14,1905AEJHCF,,,2,0,3.6,Not Passed,7.9
FA2020,FA2020-class 11,15,1905ADJGBI,,,0,0,0,Attendance Fail,0
FA2020,FA2020-class 11,16,1905AEJEBI,,,3,5.4,5.4,Passed,8.2
FA2020,FA2020-class 11,17,1905ADJCAJ,,,0,0,0,Attendance Fail,0
FA2020,FA2020-class 11,18,1905AEJIJD,,,3,6,5.5,Passed,7.7
FA2020,FA2020-class 11,19,1905AEABGD,,,8,7.8,8.2,Passed,9.1
FA2020,FA2020-class 11,20,1905AEACGB,,,7,6.8,6.9,Passed,7.3
FA2020,FA2020-class 11,21,1905AEABFA,,,5,6.6,6.5,Passed,7.9
FA2020,FA2020-class 11,22,1905AEAEBC,,,9,8.4,8.7,Passed,8.9
FA2020,FA2020-class 11,23,1905AEAJEH,,,3,3.6,4.8,Not Passed,7.8
FA2020,FA2020-class 11,24,1905AEAJFB,,,7,8.6,8.1,Passed,9.1
FA2020,FA2020-class 11,25,1905AEADCC,,,3,4.4,5.4,Passed,8.8
FA2020,FA2020-class 11,26,1905AEACDF,,,8,6.6,7.8,Passed,9.2
FA2020,FA2020-class 11,27,1905AEAAEE,,,9,7.4,8.4,Passed,8.4
FA2020,FA2020-class 11,28,1905AEAAHA,,,3,4.6,5.3,Passed,7.6
FA2020,FA2020-class 12,1,1905AEABGI,,,5,4.6,5.1,Passed,7.4
FA2020,FA2020-class 12,2,1905AEJEJG,,,6,8.6,7.7,Passed,9.4
FA2020,FA2020-class 12,3,1905AEJCGH,,,3,7.8,6.5,Passed,9.3
FA2020,FA2020-class 12,4,1905ADJDIJ,,,2,6.6,5.7,Passed,9.1
FA2020,FA2020-class 12,5,1905AEJJFH,,,10,9.4,9.6,Passed,9
FA2020,FA2020-class 12,6,1905AEJJCI,,,8,8,7.8,Passed,6.2
FA2020,FA2020-class 12,7,1905AEJGDC,,,7,5,6.6,Passed,8.8
FA2020,FA2020-class 12,8,1905AEJEBJ,,,1,5,4.7,Not Passed,8.4
FA2020,FA2020-class 12,9,1905AEJJEF,,,4,8.2,7,Passed,9.4
FA2020,FA2020-class 12,10,1905ADJBIF,,,2,6.4,5.5,Passed,8.8
FA2020,FA2020-class 12,11,1905AEJHBB,,,0,0,1.3,Attendance Fail,6.6
FA2020,FA2020-class 12,12,1905ACJACD,,,0,0,0,Attendance Fail,0
FA2020,FA2020-class 12,13,1905AEJCEB,,,2,5.2,5.2,Passed,8.6
FA2020,FA2020-class 12,14,1905AEJBDC,,,1,0,3.5,Not Passed,8.9
FA2020,FA2020-class 12,15,1905AEJHFG,,,6,8.2,7.6,Passed,8.7
FA2020,FA2020-class 12,16,1905AEJCHA,,,2,7.6,6.1,Passed,8.6
FA2020,FA2020-class 12,17,1905AEADHD,,,4,3.4,5.1,Not Passed,9.1
FA2020,FA2020-class 12,18,1905AEJDII,,,1,8.6,6.4,Passed,9
FA2020,FA2020-class 12,19,1905AEJBJD,,,8,8,8.2,Passed,7.9
FA2020,FA2020-class 12,20,1905AEJHHC,,,0.5,7.4,5.6,Passed,8.9
FA2020,FA2020-class 12,21,1905AEJCGC,,,4,7.6,6.6,Passed,8.1
FA2020,FA2020-class 12,22,1905AEJIJC,,,7,6,7.2,Passed,8.6
FA2020,FA2020-class 12,23,1905AEJCGA,,,0.5,0,2.5,Not Passed,4.5
FA2020,FA2020-class 12,24,1905AEJACJ,,,4,8.4,7.1,Passed,8.9
FA2020,FA2020-class 12,25,1905AEAJJD,,,3,9.6,7,Passed,9.1
FA2020,FA2020-class 12,26,1905AEJJGJ,,,5,8,7.3,Passed,9
FA2020,FA2020-class 12,27,1905AEJAIC,,,7,9.6,8.5,Passed,9.8
FA2020,FA2020-class 12,28,1905AEJJEJ,,,5,8.4,7.6,Passed,9.7
FA2020,FA2020-class 12,29,1905AEABCF,,,1,6.6,5.4,Passed,8.9
FA2020,FA2020-class 12,30,1905FBFHA,,,0,0,0.5,Attendance Fail,2.3
FA2021,FA2021-class 1,1,1905AEJCDG,,,5,5.8,6,Passed,
FA2021,FA2021-class 1,2,1905AEJAHJ,,,9.5,8.6,9.2,Passed,
FA2021,FA2021-class 1,3,1905AEJDIJ,,,3,4.6,4.9,Not Passed,
FA2021,FA2021-class 1,4,1905AEJDDJ,,,5,8.2,7.2,Passed,
FA2021,FA2021-class 1,5,1905AEJEEF,,,8.5,8.4,8.4,Passed,
FA2021,FA2021-class 1,6,1905AEJGDH,,,2,0,2.6,Not Passed,
FA2021,FA2021-class 1,7,0805AECBJE,,,4.5,8,7,Passed,
FA2021,FA2021-class 1,8,1905AEJCBC,,,5,6.4,6.3,Passed,
FA2021,FA2021-class 1,9,1905AEJBCE,,,7.5,4.4,6.9,Passed,
FA2021,FA2021-class 1,10,1905AFJAJH,,,6.5,6.8,7.3,Passed,
FA2021,FA2021-class 1,11,1905AEJEGI,,,5,7.6,7.3,Passed,
FA2021,FA2021-class 1,12,1905AEJDJJ,,,5,5.4,6,Passed,
FA2021,FA2021-class 1,13,1919AEJEAA,,,0,0,0,Attendance Fail,
FA2021,FA2021-class 1,14,1905AEJCJE,,,5,5,6,Passed,
FA2021,FA2021-class 1,15,1905AEJEIE,,,8,8.2,8.1,Passed,
FA2021,FA2021-class 1,16,1905AEJAEC,,,9,8,8.8,Passed,
FA2021,FA2021-class 1,17,1905ACJEJC,,,0,0,0,Attendance Fail,
FA2021,FA2021-class 1,18,1905AFJCGB,,,5,8.4,7.3,Passed,
FA2021,FA2021-class 1,19,1905AFJBIE,,,5,9,7.8,Passed,
FA2021,FA2021-class 1,20,1905AEJCHJ,,,7.5,4.4,6.6,Passed,
FA2021,FA2021-class 1,21,1905AEJJFD,,,8,5.6,7.4,Passed,
FA2021,FA2021-class 1,22,1905AEJBBH,,,8,6.2,7.4,Passed,
FA2021,FA2021-class 1,23,1905AEJAHA,,,10,9.2,9.6,Passed,
FA2021,FA2021-class 1,24,1905ADJDFI,,,0,0,0,Not Passed,
FA2021,FA2021-class 1,25,1905ACJDGA,,,5,4.8,5.1,Passed,
FA2021,FA2021-class 1,26,1905AEJDED,,,4.5,5,5.8,Passed,
FA2021,FA2021-class 1,27,0405AFJJAE,,,3,5.8,5.7,Passed,
FA2021,FA2021-class 1,28,1905AEJCCA,,,5,8,7.3,Passed,
FA2021,FA2021-class 1,29,1905AEJCJI,,,5,5,6.3,Passed,
FA2021,FA2021-class 2,1,1905AEACIF,,,10,8.6,9.5,Passed,
FA2021,FA2021-class 2,2,1905AEJJCB,,,5.9,5,6,Passed,
FA2021,FA2021-class 2,3,1905AEAEBB,,,7.9,6.2,7.8,Passed,
FA2021,FA2021-class 2,4,1905AEJFBF,,,9.3,7.2,8.6,Passed,
FA2021,FA2021-class 2,5,1905AEJFFJ,,,9.3,6.8,8.7,Passed,
FA2021,FA2021-class 2,6,1905AEJFHC,,,10,9.2,9.5,Passed,
FA2021,FA2021-class 2,7,1905AEJFIB,,,8.6,8.4,8.4,Passed,
FA2021,FA2021-class 2,8,1905AEABJD,,,9.9,7,8.9,Passed,
FA2021,FA2021-class 2,9,1905AEJGCF,,,9.4,6.4,8.4,Passed,
FA2021,FA2021-class 2,10,1905AFJJIH,,,9.4,8.2,9.1,Passed,
FA2021,FA2021-class 2,11,1905AEABAI,,,8.3,8.6,8.3,Passed,
FA2021,FA2021-class 2,12,1905AEABCI,,,10,9.4,9.7,Passed,
FA2021,FA2021-class 2,13,1905AEJEIF,,,8.9,8,8.4,Passed,
FA2021,FA2021-class 2,14,1905AEJGIJ,,,10,8.6,9.4,Passed,
FA2021,FA2021-class 2,15,1905AFJJEH,,,9.9,9.2,9.5,Passed,
FA2021,FA2021-class 2,16,1905AFJJBF,,,9.3,8.4,9.1,Passed,
FA2021,FA2021-class 2,17,1905AEABJH,,,9.8,7.4,9,Passed,
FA2021,FA2021-class 2,18,1905AEACIE,,,9.2,5.6,8.2,Passed,
FA2021,FA2021-class 2,19,1905AEJICD,,,9.9,8.4,9.3,Passed,
FA2021,FA2021-class 2,20,1905AFABFA,,,10,9.2,9.6,Passed,
FA2021,FA2021-class 2,21,1901ADJBIB,,,9,4.2,7.3,Passed,
FA2021,FA2021-class 2,22,1905AEABEF,,,9.8,7,8.9,Passed,
FA2021,FA2021-class 2,23,1905AFJAAH,,,7.1,0,4.1,Not Passed,
FA2021,FA2021-class 2,24,1905AEJIHH,,,9.8,4.2,7.9,Passed,
FA2021,FA2021-class 2,25,1905AEAJBE,,,5.8,0,3.6,Not Passed,
FA2021,FA2021-class 2,26,1905AEJBGF,,,10,6.8,8.8,Passed,
FA2021,FA2021-class 2,27,1905AEAAJI,,,9.6,6,8.4,Passed,
FA2021,FA2021-class 2,28,1905AEAACG,,,7.9,4.8,7.1,Passed,
FA2021,FA2021-class 2,29,1905AEABCB,,,9.4,6.2,8.4,Passed,
FA2021,FA2021-class 2,30,1905AEAAHC,,,7.8,4.2,7.1,Passed,
FA2021,FA2021-class 3,1,1905AEJAFF,,,9,7,7.9,Passed,
FA2021,FA2021-class 3,2,1905AEJFBI,,,9,7.6,7.9,Passed,
FA2021,FA2021-class 3,3,1905AEJAFG,,,9.5,5.4,7.8,Passed,
FA2021,FA2021-class 3,4,1905AFAGGI,,,10,8,8.9,Passed,
FA2021,FA2021-class 3,5,1905AEJBIC,,,9,6.2,8.3,Passed,
FA2021,FA2021-class 3,6,1905AFJBII,,,10,6,8.3,Passed,
FA2021,FA2021-class 3,7,1905AFAHJJ,,,8,7.2,8.2,Passed,
FA2021,FA2021-class 3,8,1905AFJJGE,,,8,0,4.6,Not Passed,
FA2021,FA2021-class 3,9,1905AEADCE,,,9,4.4,7.5,Passed,
FA2021,FA2021-class 3,10,1905AFJEAC,,,9,6.6,8.2,Passed,
FA2021,FA2021-class 3,11,1905AFJHHJ,,,10,5.4,8,Passed,
FA2021,FA2021-class 3,12,1905AFJBEC,,,8,5.4,7.3,Passed,
FA2021,FA2021-class 3,13,1905AFJABA,,,10,8.4,9.3,Passed,
FA2021,FA2021-class 3,14,1905AFJADH,,,10,6.4,8.6,Passed,
FA2021,FA2021-class 3,15,1905ADJFEC,,,9,7.2,8.3,Passed,
FA2021,FA2021-class 3,16,1905AFJAIC,,,8,7.8,8.4,Passed,
FA2021,FA2021-class 3,17,1905AFJGEH,,,10,6.8,8.4,Passed,
FA2021,FA2021-class 3,18,1905AFJGFA,,,10,7,8.8,Passed,
FA2021,FA2021-class 3,19,1905AEAJDF,,,8,5,7.4,Passed,
FA2021,FA2021-class 3,20,1905AEADJH,,,6,5.4,6.6,Passed,
FA2021,FA2021-class 3,21,1905AFJADD,,,9,6.4,8.1,Passed,
FA2021,FA2021-class 3,22,1905AFJGIC,,,9,6.8,8.4,Passed,
FA2021,FA2021-class 3,23,1905AEADHG,,,9,4.8,7.6,Passed,
FA2021,FA2021-class 3,24,1905AEJDGF,,,10,8.4,9.2,Passed,
FA2021,FA2021-class 3,25,1905AEJAEA,,,7.3,5.6,7.5,Passed,
FA2021,FA2021-class 3,26,1905AFJBEA,,,9,6.8,8.3,Passed,
FA2021,FA2021-class 3,27,1905AFJJCJ,,,10,8.2,9.3,Passed,
FA2021,FA2021-class 3,28,1905ADJCCD,,,7.3,4,6,Passed,
FA2021,FA2021-class 3,29,1905AFJDFF,,,10,9,9.3,Passed,
FA2021,FA2021-class 3,30,1905AFJJDH,,,8,7.6,8.4,Passed,
FA2021,FA2021-class 4,1,1905AFACJB,,,10,8.8,9.5,Passed,
FA2021,FA2021-class 4,2,1905AFAJFC,,,9.9,6,8.5,Passed,
FA2021,FA2021-class 4,3,1905AFAACA,,,9.3,6.8,8.6,Passed,
FA2021,FA2021-class 4,4,1905AEJJHG,,,10,7.6,9.2,Passed,
FA2021,FA2021-class 4,5,1905AFAAAI,,,8.4,5.2,7,Passed,
FA2021,FA2021-class 4,6,1905AFADAE,,,7.8,7.4,7.4,Passed,
FA2021,FA2021-class 4,7,1905AFADCI,,,9.9,6.6,8.8,Passed,
FA2021,FA2021-class 4,8,1905AEJJDG,,,9.9,8.2,9.3,Passed,
FA2021,FA2021-class 4,9,1905AEJCGF,,,9.4,7.2,8.9,Passed,
FA2021,FA2021-class 4,10,1905AEJDJB,,,8.6,7.4,8.3,Passed,
FA2021,FA2021-class 4,11,1905AEJAJB,,,9.9,7.8,9.1,Passed,
FA2021,FA2021-class 4,12,1905AFJICI,,,9.4,5.2,7.6,Passed,
FA2021,FA2021-class 4,13,1905AEJDJD,,,9.2,5.4,7.9,Passed,
FA2021,FA2021-class 4,14,1905AFJICB,,,9.8,6.6,8.5,Passed,
FA2021,FA2021-class 4,15,1905AEJJDH,,,10,7.4,9.1,Passed,
FA2021,FA2021-class 4,16,1905AFJHAI,,,9.9,5,8.1,Passed,
FA2021,FA2021-class 4,17,1905AFABHI,,,7.5,7.6,8.3,Passed,
FA2021,FA2021-class 4,18,1905ACJJJB,,,8.1,5.2,7.4,Passed,
FA2021,FA2021-class 4,19,1905AEADDA,,,4.9,4.4,4.7,Not Passed,
FA2021,FA2021-class 4,20,1905AFADCD,,,9.9,6.6,8.8,Passed,
FA2021,FA2021-class 4,21,1905AEJDAC,,,9.5,6.8,8.8,Passed,
FA2021,FA2021-class 4,22,1905AFABAA,,,6.1,5.2,7,Passed,
FA2021,FA2021-class 4,23,1905AFJJCG,,,9.9,9.4,9.5,Passed,
FA2021,FA2021-class 4,24,1905AFACHD,,,10,9.2,9.7,Passed,
FA2021,FA2021-class 4,25,1905AFJAAA,,,9.8,6.4,8.1,Passed,
FA2021,FA2021-class 4,26,1905AFAFCD,,,4.1,0,1.9,Not Passed,
FA2021,FA2021-class 4,27,1905AFAAFJ,,,9.4,7.4,8.5,Passed,
FA2021,FA2021-class 4,28,1905AFADGH,,,9.8,7.4,8.8,Passed,
FA2021,FA2021-class 4,29,1905AFAJFA,,,9.9,5.4,8.3,Passed,
FA2021,FA2021-class 4,30,1905AFJIFH,,,10,7.4,8.8,Passed,
FA2021,FA2021-class 5,1,1905ADJCCE,,,9,4.8,7.1,Passed,
FA2021,FA2021-class 5,2,1905AEADIG,,,9,5.2,7.7,Passed,
FA2021,FA2021-class 5,3,1905ACJDEE,,,7.5,4.6,7,Passed,
FA2021,FA2021-class 5,4,0805AECEEB,,,7.5,5,7,Passed,
FA2021,FA2021-class 5,5,1905AEJCGA,,,8,4.2,6.8,Passed,
FA2021,FA2021-class 5,6,1905AFJGIG,,,0,0,0,Attendance Fail,
FA2021,FA2021-class 5,7,1905ADAAAF,,,9.5,6.4,8.2,Passed,
FA2021,FA2021-class 5,8,1905AEAJEH,,,9,5.8,7.8,Passed,
FA2021,FA2021-class 5,9,1905ADAAEC,,,8,4.4,7,Passed,
FA2021,FA2021-class 5,10,1905ADJDFI,,,9,6.8,8,Passed,
FA2021,FA2021-class 5,11,1905AFJGGE,,,8,5.4,7.3,Passed,
FA2021,FA2021-class 5,12,1905AEAAEB,,,7.5,4,6.7,Passed,
FA2021,FA2021-class 6,1,1905AEJJFB,,,7,8.8,8.3,Passed,
FA2021,FA2021-class 6,2,1905AEJJEH,,,7,8.6,8.2,Passed,
FA2021,FA2021-class 6,3,1905AEJJGI,,,9,8,7.4,Passed,
FA2021,FA2021-class 6,4,1905AEJGBG,,,7,8.8,8.1,Passed,
FA2021,FA2021-class 6,5,1905AEJGEA,,,6,5,6.1,Passed,
FA2021,FA2021-class 6,6,1905AEJABE,,,8,6.4,6.5,Passed,
FA2021,FA2021-class 6,7,1905AEJHAA,,,5,4.8,5.4,Passed,
FA2021,FA2021-class 6,8,1905AEJAGC,,,9,9.4,8.6,Passed,
FA2021,FA2021-class 6,9,1905AEJJGA,,,7,8.8,8.2,Passed,
FA2021,FA2021-class 6,10,1905AFJGIJ,,,6,7.6,7.2,Passed,
FA2021,FA2021-class 6,11,1905AEJJEG,,,7,9.2,8.5,Passed,
FA2021,FA2021-class 6,12,1905AEJJFJ,,,6,6.6,7.3,Passed,
FA2021,FA2021-class 6,13,1905AEABEJ,,,6,5.2,6.5,Passed,
FA2021,FA2021-class 6,14,1905AEJJGG,,,7.5,4.4,5.8,Passed,
FA2021,FA2021-class 6,15,1905AEACDG,,,7,6,6.6,Passed,
FA2021,FA2021-class 6,16,1905AEJICI,,,6,7.2,6.5,Passed,
FA2021,FA2021-class 6,17,1905AEJIDJ,,,6,5.6,6.4,Passed,
FA2021,FA2021-class 6,18,1905AEADJE,,,0,5.6,4.3,Not Passed,
FA2021,FA2021-class 6,19,1905AEJAEH,,,7,4.8,6.8,Passed,
FA2021,FA2021-class 6,20,1905AEJACC,,,8.5,8,7.3,Passed,
FA2021,FA2021-class 6,21,1905AEAAIB,,,0,0,2.2,Attendance Fail,
FA2021,FA2021-class 6,22,1905AEAJJG,,,6,4.8,5.6,Passed,
FA2021,FA2021-class 6,23,1905AEAJDE,,,7,5.4,6.3,Passed,
FA2021,FA2021-class 6,24,1905AEJJEB,,,7,8.8,7.6,Passed,
FA2021,FA2021-class 6,25,1905AEAABA,,,7,8.4,8,Passed,
FA2021,FA2021-class 6,26,1905AEAADA,,,6,4.6,6,Passed,
FA2021,FA2021-class 6,27,1905AFJGGE,,,1,7,4.9,Not Passed,
FA2021,FA2021-class 6,28,1905AFJGEC,,,9.5,8.4,8.7,Passed,
FA2021,FA2021-class 6,29,1905AFJIIG,,,7.5,9,7.9,Passed,
FA2021,FA2021-class 6,30,1905AFJGGC,,,8.5,8.4,8,Passed,
FA2021,FA2021-class 7,1,1905AEJAJA,,,4.5,6.2,7,Passed,
FA2021,FA2021-class 7,2,1905AEJAJH,,,0,0,0,Attendance Fail,
FA2021,FA2021-class 7,3,1905AEJJAA,,,5,6,6.7,Passed,
FA2021,FA2021-class 7,4,1905AEJJHJ,,,10,8.8,9.4,Passed,
FA2021,FA2021-class 7,5,1905AEJJEA,,,4,7.8,5.2,Passed,
FA2021,FA2021-class 7,6,1905AEJJAD,,,4,5.6,6,Passed,
FA2021,FA2021-class 7,7,1905AEJGFB,,,5,6.4,6.6,Passed,
FA2021,FA2021-class 7,8,1905AEJDHI,,,5,6,6.2,Passed,
FA2021,FA2021-class 7,9,1905AEJGHH,,,4,4.2,5.1,Passed,
FA2021,FA2021-class 7,10,1905AEJJAB,,,4.5,6.6,7.2,Passed,
FA2021,FA2021-class 7,11,1905AEJABF,,,6.5,5.6,6.9,Passed,
FA2021,FA2021-class 7,12,1905AEJJIC,,,7.6,9,7.9,Passed,
FA2021,FA2021-class 7,13,1905AEJHBJ,,,2,5.2,5.5,Passed,
FA2021,FA2021-class 7,14,1905AFJJHI,,,8,5.8,7.4,Passed,
FA2021,FA2021-class 7,15,1905AEJJHC,,,6,4.4,6.2,Passed,
FA2021,FA2021-class 7,16,1905AEJJBI,,,7.5,5,7,Passed,
FA2021,FA2021-class 7,17,1905AEJADJ,,,8.5,7.6,8,Passed,
FA2021,FA2021-class 7,18,1905AEJBAB,,,5,6.8,7.1,Passed,
FA2021,FA2021-class 7,19,1905ADJEGI,,,5,6.4,6.9,Passed,
FA2021,FA2021-class 7,20,1905AEJJAI,,,6.5,4.4,6.4,Passed,
FA2021,FA2021-class 7,21,1905AEJJIG,,,7.5,8.4,8.4,Passed,
FA2021,FA2021-class 7,22,1905AEJACH,,,4,5.2,5.7,Passed,
FA2021,FA2021-class 7,23,1905AEJACG,,,9,6.6,7.4,Passed,
FA2021,FA2021-class 7,24,1905AEJJCG,,,4.5,6.8,7.2,Passed,
FA2021,FA2021-class 7,25,1905AEJECI,,,0,0,0,Attendance Fail,
FA2021,FA2021-class 7,26,1905AEJCDA,,,5.5,7,7.3,Passed,
FA2021,FA2021-class 7,27,1905AEJJDI,,,6.5,7.8,7.1,Passed,
FA2021,FA2021-class 7,28,1905AEJACA,,,6,6.8,6.7,Passed,
FA2021,FA2021-class 7,29,1905AEJFJD,,,2.5,5.6,5.4,Passed,
FA2021,FA2021-class 8,1,1905AEJAIF,,,9.9,8.2,9.3,Passed,
FA2021,FA2021-class 8,2,1905AEJBHI,,,9.2,7.4,8.7,Passed,
FA2021,FA2021-class 8,3,1905AEJBIE,,,8.4,5,7.7,Passed,
FA2021,FA2021-class 8,4,1905AEJBFJ,,,9.6,8.6,9.2,Passed,
FA2021,FA2021-class 8,5,1905AEJAII,,,9.1,7.6,8.4,Passed,
FA2021,FA2021-class 8,6,1905AEJBCC,,,9.7,5.8,8.3,Passed,
FA2021,FA2021-class 8,7,1905AEJAEI,,,9.8,8.4,9.3,Passed,
FA2021,FA2021-class 8,8,1905AEJBDI,,,8.8,8.8,8.9,Passed,
FA2021,FA2021-class 8,9,1905AEJBAH,,,9.9,8.2,9.2,Passed,
FA2021,FA2021-class 8,10,1905AEJAIG,,,8.8,6.2,8.1,Passed,
FA2021,FA2021-class 8,11,1905AEJGHD,,,9.9,6.4,8.7,Passed,
FA2021,FA2021-class 8,12,1905AEJBGB,,,9.8,6.2,8.5,Passed,
FA2021,FA2021-class 8,13,1905AEJBBB,,,9.9,8,9.1,Passed,
FA2021,FA2021-class 8,14,1905AEJBGA,,,9.5,8.2,8.9,Passed,
FA2021,FA2021-class 8,15,1905AEJBID,,,10,8,9.3,Passed,
FA2021,FA2021-class 8,16,1905AEJBJB,,,6.9,4.2,5.2,Passed,
FA2021,FA2021-class 8,17,1905AEJAGF,,,8.5,4.8,7.7,Passed,
FA2021,FA2021-class 8,18,1905AEJBBF,,,6.5,4.2,6.6,Passed,
FA2021,FA2021-class 8,19,1905AEJBBA,,,9.9,5.8,8.6,Passed,
FA2021,FA2021-class 8,20,1905AEJBBI,,,8.6,6.4,8.1,Passed,
FA2021,FA2021-class 8,21,1905AEJBCA,,,9.9,8.8,9.2,Passed,
FA2021,FA2021-class 8,22,1905AEJBAA,,,8.2,5.6,7.8,Passed,
FA2021,FA2021-class 8,23,1905AEJBJH,,,9.4,9.2,9.3,Passed,
FA2021,FA2021-class 8,24,1905AEAJHG,,,9.1,6.6,8.5,Passed,
FA2021,FA2021-class 8,25,1905AEJAFH,,,9.4,6.6,8.7,Passed,
FA2021,FA2021-class 8,26,1905AEJAAF,,,10,8.8,9.6,Passed,
FA2021,FA2021-class 8,27,1905AEJBGJ,,,9.1,7.8,8.7,Passed,
FA2021,FA2021-class 8,28,1905AEJCDJ,,,9.2,5.8,8,Passed,
FA2021,FA2021-class 8,29,1905AEJAHB,,,9.3,7,8.5,Passed,
FA2021,FA2021-class 8,30,1905AEJCHH,,,9.6,8.8,9.1,Passed,
FA2021,FA2021-class 9,1,1905AEJCJB,,,8.4,5.6,7.6,Passed,
FA2021,FA2021-class 9,2,1905AEJCJC,,,10,8.8,9.5,Passed,
FA2021,FA2021-class 9,3,1905AEJCEG,,,8.9,4.8,7.6,Passed,
FA2021,FA2021-class 9,4,1905AEJCFH,,,8.6,6.4,8.2,Passed,
FA2021,FA2021-class 9,5,1905AEJCBF,,,9.2,5.2,7.9,Passed,
FA2021,FA2021-class 9,6,1905AEJCAF,,,7.9,4.8,7.1,Passed,
FA2021,FA2021-class 9,7,1905AEJCBD,,,10,7.4,9,Passed,
FA2021,FA2021-class 9,8,1905AEJCDF,,,4.1,7,5,Passed,
FA2021,FA2021-class 9,9,1905AEJADE,,,9.9,5.4,8.4,Passed,
FA2021,FA2021-class 9,10,1905AEJCFJ,,,8.5,4.4,7.4,Passed,
FA2021,FA2021-class 9,11,1905AEJCCH,,,8.6,5.4,7.6,Passed,
FA2021,FA2021-class 9,12,1905AEJCEE,,,8.4,5.2,7.4,Passed,
FA2021,FA2021-class 9,13,1905AEJCEH,,,8.1,4.2,6.9,Passed,
FA2021,FA2021-class 9,14,1905ACJAHI,,,6.9,4.2,6.5,Passed,
FA2021,FA2021-class 9,15,1905AEJCBI,,,8.7,4.4,7.4,Passed,
FA2021,FA2021-class 9,16,1905AEJCAH,,,8.5,4.4,7.4,Passed,
FA2021,FA2021-class 9,17,1905AEJAFE,,,9,7.8,8.7,Passed,
FA2021,FA2021-class 9,18,1905AEJCJD,,,9.1,7,8.5,Passed,
FA2021,FA2021-class 9,19,1905AEJCEA,,,9.8,8.2,9.1,Passed,
FA2021,FA2021-class 9,20,1905AEJCBJ,,,9.7,4,7.8,Passed,
FA2021,FA2021-class 9,21,1905AEJCAE,,,9.8,8.4,9.1,Passed,
FA2021,FA2021-class 9,22,1905AEJCJG,,,8.6,5,7.4,Passed,
FA2021,FA2021-class 9,23,1905AEJCAI,,,9.6,4.8,7.8,Passed,
FA2021,FA2021-class 9,24,1905AEJCCF,,,8.6,5.2,7.5,Passed,
FA2021,FA2021-class 9,25,1905AEJCCI,,,8.6,8.2,8.5,Passed,
FA2021,FA2021-class 9,26,1905AEJCDE,,,7.3,5,6.7,Passed,
FA2021,FA2021-class 9,27,1905ACJFEG,,,5.9,5,6.5,Passed,
FA2021,FA2021-class 9,28,1905ADJIFC,,,7.3,5.4,6.1,Passed,
FA2021,FA2021-class 9,29,1905AEJBIF,,,9.5,7,8.4,Passed,
FA2021,FA2021-class 9,30,1905AEJBEJ,,,8.6,4.6,7.4,Passed,
FA2021,FA2021-class 10,1,1905AEJDDA,,,9,6.6,7.9,Passed,
FA2021,FA2021-class 10,2,1905AEJDAJ,,,8,7.4,7.7,Passed,
FA2021,FA2021-class 10,3,1905AEJDEF,,,7,6.4,7,Passed,
FA2021,FA2021-class 10,4,1905AEJEGA,,,9,6,7.7,Passed,
FA2021,FA2021-class 10,5,1905AEJDBE,,,9,5.8,7.4,Passed,
FA2021,FA2021-class 10,6,1905AEJDCF,,,8,6.4,7.4,Passed,
FA2021,FA2021-class 10,7,1905AEJDGG,,,9,5.2,7.2,Passed,
FA2021,FA2021-class 10,8,1905AEJDAD,,,9,4.8,5.9,Passed,
FA2021,FA2021-class 10,9,1905AEJDJI,,,9,4.4,7.1,Passed,
FA2021,FA2021-class 10,10,1905AEJCIG,,,9,6.2,7.6,Passed,
FA2021,FA2021-class 10,11,1905AEJDEC,,,9,5.6,6.7,Passed,
FA2021,FA2021-class 10,12,1905AEJDCE,,,9,6,7.5,Passed,
FA2021,FA2021-class 10,13,1905AEJCFD,,,8,6.4,7.3,Passed,
FA2021,FA2021-class 10,14,1905AEJDDB,,,9,4.6,7.1,Passed,
FA2021,FA2021-class 10,15,1905AEJDDH,,,9,6.2,7.7,Passed,
FA2021,FA2021-class 10,16,1905AEJDIB,,,9,5.6,7.4,Passed,
FA2021,FA2021-class 10,17,1905AEJDJH,,,8.5,4.8,6.4,Passed,
FA2021,FA2021-class 10,18,1905AEJCHF,,,8,5.6,7.3,Passed,
FA2021,FA2021-class 10,19,1905AEJDDE,,,9,6.4,7.6,Passed,
FA2021,FA2021-class 10,20,1905AEJDJG,,,9,5.2,7.2,Passed,
FA2021,FA2021-class 10,21,1905AEJDCC,,,7.5,6.4,7.1,Passed,
FA2021,FA2021-class 10,22,1905AEJDBA,,,9,4.4,6.9,Passed,
FA2021,FA2021-class 10,23,1905AEJDCG,,,7,6.4,7.1,Passed,
FA2021,FA2021-class 10,24,1905AEJDAB,,,9,5,7,Passed,
FA2021,FA2021-class 10,25,1905AEJCGE,,,9,5.6,7,Passed,
FA2021,FA2021-class 10,26,1905AEJDEG,,,8,6.2,7.4,Passed,
FA2021,FA2021-class 10,27,1905AEJDFA,,,8,6,6.6,Passed,
FA2021,FA2021-class 10,28,1905AEJDDI,,,9,5.6,7.4,Passed,
FA2021,FA2021-class 10,29,1905AEJDFH,,,5,7,6.9,Passed,
FA2021,FA2021-class 10,30,1905ADAJCB,,,0,0,0.3,Not Passed,
FA2021,FA2021-class 11,1,1905AFAJJB,,,10,8,9.3,Passed,
FA2021,FA2021-class 11,2,1905AEJDHF,,,9.5,5.8,7.2,Passed,
FA2021,FA2021-class 11,3,1905AEJFFF,,,9.7,9,9.3,Passed,
FA2021,FA2021-class 11,4,1905AEJEEG,,,9.5,8.4,9.2,Passed,
FA2021,FA2021-class 11,5,1905AEJEDI,,,10,5,8.2,Passed,
FA2021,FA2021-class 11,6,1905AEJEFC,,,8.8,7.4,8.4,Passed,
FA2021,FA2021-class 11,7,1905AEJEFD,,,8.8,4.8,7.6,Passed,
FA2021,FA2021-class 11,8,1905AFJJCD,,,10,8.6,9.4,Passed,
FA2021,FA2021-class 11,9,1905AEJABC,,,9.9,7.6,9.1,Passed,
FA2021,FA2021-class 11,10,1905AEJEAB,,,7.7,5.6,7.2,Passed,
FA2021,FA2021-class 11,11,1905AEJEJI,,,8.4,5.2,7.2,Passed,
FA2021,FA2021-class 11,12,1905AEJDIC,,,8.6,4.8,7.7,Passed,
FA2021,FA2021-class 11,13,1905AEADBI,,,9.2,5.6,8,Passed,
FA2021,FA2021-class 11,14,1905AEJEJH,,,9.4,5.6,8.1,Passed,
FA2021,FA2021-class 11,15,1905AEJHIC,,,8.1,4.4,7.2,Passed,
FA2021,FA2021-class 11,16,1905ADJHHD,,,9.7,4.8,7.9,Passed,
FA2021,FA2021-class 11,17,1905AFJAFI,,,10,8,9.2,Passed,
FA2021,FA2021-class 11,18,1905AEJECC,,,7.9,7.6,8.3,Passed,
FA2021,FA2021-class 11,19,1905AEJEGE,,,9.6,6,8.4,Passed,
FA2021,FA2021-class 11,20,1905AEJEEJ,,,9.9,5,8.3,Passed,
FA2021,FA2021-class 11,21,1905AEJDHG,,,5.3,0,3.4,Not Passed,
FA2021,FA2021-class 11,22,1905AEJEDD,,,10,7.6,9.2,Passed,
FA2021,FA2021-class 11,23,1905AEJEGC,,,10,6.6,8.8,Passed,
FA2021,FA2021-class 11,24,1905AEJEEC,,,9.4,6.6,8.6,Passed,
FA2021,FA2021-class 11,25,1905AEJEAA,,,9.6,6.8,8.6,Passed,
FA2021,FA2021-class 11,26,1905AEJDHE,,,9.8,5.6,8.4,Passed,
FA2021,FA2021-class 11,27,1905AEJEDE,,,8.6,7.8,8.4,Passed,
FA2021,FA2021-class 11,28,1905AEAAEF,,,9.1,7.2,8.4,Passed,
FA2021,FA2021-class 11,29,1905AEJEEA,,,9.1,5.6,7.7,Passed,
FA2021,FA2021-class 11,30,1905AEJEAJ,,,8.9,4.4,7.4,Passed,
FA2021,FA2021-class 12,1,1905AEJFBC,,,8.5,5.4,7.6,Passed,
FA2021,FA2021-class 12,2,1905AEJFBH,,,9,5.2,7.6,Passed,
FA2021,FA2021-class 12,3,1905AEJFBG,,,8.5,5.8,7.5,Passed,
FA2021,FA2021-class 12,4,1905AEJFDH,,,8.5,7.2,7.9,Passed,
FA2021,FA2021-class 12,5,1905AEJFEA,,,6,5,6.3,Passed,
FA2021,FA2021-class 12,6,1905AEJFEJ,,,9,6.6,8.1,Passed,
FA2021,FA2021-class 12,7,1905AEJFFG,,,9,7.2,8.4,Passed,
FA2021,FA2021-class 12,8,1905AEJFGB,,,9,4.8,7.4,Passed,
FA2021,FA2021-class 12,9,1905AEJFGI,,,8,5.8,7.4,Passed,
FA2021,FA2021-class 12,10,1905AEJFGD,,,8,8.8,8.2,Passed,
FA2021,FA2021-class 12,11,1905AEJGJE,,,9,7.8,8.5,Passed,
FA2021,FA2021-class 12,12,1905AEJGBB,,,9,6.6,8.1,Passed,
FA2021,FA2021-class 12,13,1905AEJGCC,,,10,6.8,8.6,Passed,
FA2021,FA2021-class 12,14,1905AEJFJF,,,8,5.8,7,Passed,
FA2021,FA2021-class 12,15,1905AFJJEJ,,,9,6.2,8.1,Passed,
FA2021,FA2021-class 12,16,1905AFJJDF,,,10,7.4,8.9,Passed,
FA2021,FA2021-class 12,17,1905AEJHBC,,,9,6,8,Passed,
FA2021,FA2021-class 12,18,1905AEJEGG,,,9,5.8,7.8,Passed,
FA2021,FA2021-class 12,19,1905AEJHGD,,,8,4.4,6.8,Passed,
FA2021,FA2021-class 12,20,1905AEJEIC,,,8.5,6.6,7.8,Passed,
FA2021,FA2021-class 12,21,1901AEJJHJ,,,9,4.4,7.1,Passed,
FA2021,FA2021-class 12,22,1905AEABHC,,,9.5,5.6,7.6,Passed,
FA2021,FA2021-class 12,23,1905AFJABJ,,,10,8.6,9.2,Passed,
FA2021,FA2021-class 12,24,1905AEJFJE,,,9,4.8,7.5,Passed,
FA2021,FA2021-class 12,25,1905AEJEIJ,,,8,5.4,7.2,Passed,
FA2021,FA2021-class 12,26,1905AEJFAA,,,9.5,9,9.1,Passed,
FA2021,FA2021-class 12,27,1905AEJEIH,,,9.5,7.6,8.6,Passed,
FA2021,FA2021-class 12,28,1905AEJEID,,,8,5,6.8,Passed,
FA2021,FA2021-class 12,29,1905AEJEIG,,,9,5.6,7.5,Passed,
FA2021,FA2021-class 13,1,1905AEJFGE,,,2.9,7.4,5.3,Passed,
FA2021,FA2021-class 13,2,1905AEJFID,,,10,8.2,9.3,Passed,
FA2021,FA2021-class 13,3,1905AEJGAB,,,6.8,6.2,6.4,Passed,
FA2021,FA2021-class 13,4,1905AEJGBD,,,1.4,0,1.8,Not Passed,
FA2021,FA2021-class 13,5,1905ADJFBC,,,1,0,1.5,Not Passed,
FA2021,FA2021-class 13,6,1905AFAJCJ,,,9.5,7,8.7,Passed,
FA2021,FA2021-class 13,7,1905AEJGDB,,,0,0,2,Not Passed,
FA2021,FA2021-class 13,8,1905AEJGDA,,,5,4.4,6.2,Passed,
FA2021,FA2021-class 13,9,1905AEJGDJ,,,8.6,4.8,7.3,Passed,
FA2021,FA2021-class 13,10,1905AFJAHF,,,10,8.8,9.5,Passed,
FA2021,FA2021-class 13,11,1905AEJGCD,,,1.1,4.4,3.9,Not Passed,
FA2021,FA2021-class 13,12,1905AEJEBJ,,,10,5.4,7.1,Passed,
FA2021,FA2021-class 13,13,1905AEJGCJ,,,2.9,5.6,5.5,Passed,
FA2021,FA2021-class 13,14,1905AEJGED,,,8.6,8.2,8.8,Passed,
FA2021,FA2021-class 13,15,1905AEJGFD,,,1,0,2.4,Not Passed,
FA2021,FA2021-class 13,16,1905AEJGGB,,,9,7.4,8.5,Passed,
FA2021,FA2021-class 13,17,1905AEJGGE,,,7.9,6.6,7.6,Passed,
FA2021,FA2021-class 13,18,1905AEJGHE,,,2.9,4.8,5.8,Passed,
FA2021,FA2021-class 13,19,1905AEJGHG,,,8.6,6,8,Passed,
FA2021,FA2021-class 13,20,1905AEJGHB,,,2.9,6.2,5.5,Passed,
FA2021,FA2021-class 13,21,1905AEJGHA,,,5.7,5.8,6.7,Passed,
FA2021,FA2021-class 13,22,1905AEJHJJ,,,7.9,8.4,8.6,Passed,
FA2021,FA2021-class 13,23,1905ADJJFG,,,2.9,7,5.2,Passed,
FA2021,FA2021-class 13,24,1905AEJEGJ,,,7.9,7.2,8.2,Passed,
FA2021,FA2021-class 13,25,1905AEABBB,,,5,6.2,6,Passed,
FA2021,FA2021-class 14,1,1905AEAEJH,,,9,8.6,8.5,Passed,
FA2021,FA2021-class 14,2,1905AFJAHE,,,9,8.6,8.4,Passed,
FA2021,FA2021-class 14,3,1905ADJDII,,,3,0,1.9,Not Passed,
FA2021,FA2021-class 14,4,1905ADJCGG,,,7,0,3.6,Not Passed,
FA2021,FA2021-class 14,5,1905AFJCFF,,,9,7.6,7.9,Passed,
FA2021,FA2021-class 14,6,1905AEJICH,,,9,4.6,7,Passed,
FA2021,FA2021-class 14,7,1905AEJIEB,,,7,4,5.7,Passed,
FA2021,FA2021-class 14,8,1905AEJIED,,,9,6,7.8,Passed,
FA2021,FA2021-class 14,9,1905AEJIEC,,,9,5,7.2,Passed,
FA2021,FA2021-class 14,10,1905AEJIFI,,,7,0,3.8,Not Passed,
FA2021,FA2021-class 14,11,1905FCBCB,,,0,0,1.1,Not Passed,
FA2021,FA2021-class 14,12,1905AEJIGC,,,0,0,1.3,Not Passed,
FA2021,FA2021-class 14,13,1905AEJIHI,,,9,5.4,7.3,Passed,
FA2021,FA2021-class 14,14,1905AEJIHF,,,7,7.4,7.6,Passed,
FA2021,FA2021-class 14,15,1905AEJIHC,,,9,6,6.7,Passed,
FA2021,FA2021-class 14,16,1905AEJIIC,,,0,0,1.5,Not Passed,
FA2021,FA2021-class 14,17,1905AEAJJA,,,7,8,7.3,Passed,
FA2021,FA2021-class 14,18,1905AEAJJJ,,,9,5.8,7,Passed,
FA2021,FA2021-class 14,19,1905AEAJAC,,,9,5.2,7.2,Passed,
FA2021,FA2021-class 14,20,1905AEAJAH,,,9,4,6.3,Passed,
FA2021,FA2021-class 14,21,1905AEJIGE,,,9,5.8,6.9,Passed,
FA2021,FA2021-class 14,22,1905AEAJBG,,,9,6.4,6.4,Passed,
FA2021,FA2021-class 14,23,1905AEAJBI,,,7,5.2,6.7,Passed,
FA2021,FA2021-class 14,24,1905AEAJCB,,,7,5.8,6.8,Passed,
FA2021,FA2021-class 14,25,1905AEAJCJ,,,9,5.8,7.7,Passed,
FA2021,FA2021-class 14,26,1905AEAJCH,,,9,4.8,7.2,Passed,
FA2021,FA2021-class 14,27,1905AEAJEC,,,9,5.8,7.5,Passed,
FA2021,FA2021-class 15,1,1905AFJHGC,,,9,7.6,8.3,Passed,
FA2021,FA2021-class 15,2,1905AEJFCA,,,4,0,3.6,Not Passed,
FA2021,FA2021-class 15,3,1905AEJFCJ,,,10,7,8.7,Passed,
FA2021,FA2021-class 15,4,1905AEJJFC,,,10,8.8,9.2,Passed,
FA2021,FA2021-class 15,5,1905AEAAJB,,,7.5,6.4,7.6,Passed,
FA2021,FA2021-class 15,6,1905AEJHDH,,,10,8.8,9.3,Passed,
FA2021,FA2021-class 15,7,1905AEJHGG,,,9,8.4,8.7,Passed,
FA2021,FA2021-class 15,8,1905AEJIBI,,,9.5,7.8,8.8,Passed,
FA2021,FA2021-class 15,9,1905AEJIBA,,,10,7,8.6,Passed,
FA2021,FA2021-class 15,10,1905AEJIFH,,,9.5,8.4,8.9,Passed,
FA2021,FA2021-class 15,11,1905AEAJDC,,,8.5,7.8,8.4,Passed,
FA2021,FA2021-class 15,12,1905AEAJEF,,,9,5.2,7.8,Passed,
FA2021,FA2021-class 15,13,1905AEAJED,,,10,6.8,8.6,Passed,
FA2021,FA2021-class 15,14,1905AEAJEG,,,0,6.2,3.5,Not Passed,
FA2021,FA2021-class 15,15,1905AEAJFJ,,,8,5.2,7.2,Passed,
FA2021,FA2021-class 15,16,1905AEAJFF,,,9,6.4,8.1,Passed,
FA2021,FA2021-class 15,17,1905AEAJGD,,,9,8.2,8.7,Passed,
FA2021,FA2021-class 15,18,1905AEAJGE,,,8.5,4.4,7.2,Passed,
FA2021,FA2021-class 15,19,1905AEAJHF,,,8,5.2,7.5,Passed,
FA2021,FA2021-class 15,20,1905AEAJGH,,,8.5,6,7.9,Passed,
FA2021,FA2021-class 15,21,1905AEAAJA,,,9,5,7.7,Passed,
FA2021,FA2021-class 15,22,1905AEAAJH,,,0,0,0,Attendance Fail,
FA2021,FA2021-class 15,23,1905AEAAAG,,,8,4.2,6.9,Passed,
FA2021,FA2021-class 15,24,1905AFAFIE,,,8.5,6,7.6,Passed,
FA2021,FA2021-class 15,25,1905AEAABE,,,8,6,7.5,Passed,
FA2021,FA2021-class 15,26,1905AEAACF,,,9,4.6,7.5,Passed,
FA2021,FA2021-class 15,27,1905AEAACA,,,9,5.4,7.7,Passed,
FA2021,FA2021-class 15,28,1905AEAADC,,,8,4.4,7,Passed,
FA2021,FA2021-class 15,29,1905AEAADB,,,9.5,7.8,8.5,Passed,
FA2021,FA2021-class 15,30,1905AFACIF,,,9,8.2,8.8,Passed,
FA2021,FA2021-class 16,1,1905AEABEA,,,9,7.6,8.3,Passed,
FA2021,FA2021-class 16,2,1905AFADHI,,,8,5.8,7.3,Passed,
FA2021,FA2021-class 16,3,1905AEABDG,,,8,5.8,7.5,Passed,
FA2021,FA2021-class 16,4,1905AEJGEI,,,8.5,7,7.7,Passed,
FA2021,FA2021-class 16,5,1905AEABBD,,,9,7.6,8.4,Passed,
FA2021,FA2021-class 16,6,1905AEJHBE,,,8,4.6,6.8,Passed,
FA2021,FA2021-class 16,7,1905AEAEJG,,,9.5,6.4,7.7,Passed,
FA2021,FA2021-class 16,8,1905AEABAB,,,9,8,8.6,Passed,
FA2021,FA2021-class 16,9,1905AEJBDJ,,,9,4.8,7.2,Passed,
FA2021,FA2021-class 16,10,1905AEJIBC,,,8,5.2,7.1,Passed,
FA2021,FA2021-class 16,11,1905AEABBG,,,8.5,6.6,7.7,Passed,
FA2021,FA2021-class 16,12,1905AEADAF,,,8,4.6,6.8,Passed,
FA2021,FA2021-class 16,13,1905AEABBF,,,9,7.2,7.8,Passed,
FA2021,FA2021-class 16,14,1905AEAAIE,,,8,5.4,7.3,Passed,
FA2021,FA2021-class 16,15,1905AEABDH,,,8,4.6,6.7,Passed,
FA2021,FA2021-class 16,16,1905AFAJGE,,,9,5.6,7.2,Passed,
FA2021,FA2021-class 16,17,1905AEAADI,,,8.5,5.6,7.1,Passed,
FA2021,FA2021-class 16,18,1905AEAAEC,,,9,5.6,7.4,Passed,
FA2021,FA2021-class 16,19,1905AEAAEB,,,1,0,2.6,Not Passed,
FA2021,FA2021-class 16,20,1905AEAAFJ,,,8,4,6.6,Passed,
FA2021,FA2021-class 16,21,1905AEAAEI,,,8,5.6,6.9,Passed,
FA2021,FA2021-class 16,22,1905AEAAFH,,,8,6.6,7.5,Passed,
FA2021,FA2021-class 16,23,1905AEAAFF,,,9,6.4,7.5,Passed,
FA2021,FA2021-class 16,24,1905AEAAFG,,,9.5,7.8,8.5,Passed,
FA2021,FA2021-class 16,25,1905AEAAGJ,,,9,7,8.1,Passed,
FA2021,FA2021-class 16,26,1905AEAAGG,,,9,5.4,7.3,Passed,
FA2021,FA2021-class 16,27,1905AEAAHJ,,,10,6.2,7.9,Passed,
FA2021,FA2021-class 16,28,1905AEAAGI,,,8,6.4,7.3,Passed,
FA2021,FA2021-class 16,29,1905AEAAHD,,,9,6,7.4,Passed,
FA2021,FA2021-class 16,30,1905AEABCD,,,9,7.8,8.4,Passed,
FA2021,FA2021-class 17,1,1905AEACCC,,,8,6.2,8,Passed,
FA2021,FA2021-class 17,2,1905AEJEDB,,,9,5.6,8.2,Passed,
FA2021,FA2021-class 17,3,1905AEACGA,,,6,4.4,4.2,Not Passed,
FA2021,FA2021-class 17,4,1905ADJEFJ,,,6,6,5.3,Passed,
FA2021,FA2021-class 17,5,1905AEABHI,,,9,5,7.3,Passed,
FA2021,FA2021-class 17,6,1905AEACJB,,,7,5.6,6.9,Passed,
FA2021,FA2021-class 17,7,1905ACJAHA,,,7,4.2,5.9,Passed,
FA2021,FA2021-class 17,8,1905AEACBC,,,9,7.8,8.7,Passed,
FA2021,FA2021-class 17,9,1905AEABFB,,,9,8.4,8.7,Passed,
FA2021,FA2021-class 17,10,1905AEACBG,,,8,5.4,7.2,Passed,
FA2021,FA2021-class 17,11,1905AEABIA,,,9,7.4,8.6,Passed,
FA2021,FA2021-class 17,12,1905AEACEE,,,9,6.4,7.9,Passed,
FA2021,FA2021-class 17,13,1905AEACFF,,,8,4.6,7.3,Passed,
FA2021,FA2021-class 17,14,1905AEABGF,,,7,5.8,6.7,Passed,
FA2021,FA2021-class 17,15,1905AEACFB,,,8,4.4,6.7,Passed,
FA2021,FA2021-class 17,16,1905AEABFG,,,9,7,8.2,Passed,
FA2021,FA2021-class 17,17,1905AEABIG,,,8,6.4,7.4,Passed,
FA2021,FA2021-class 17,18,1905AEABEB,,,8,7.4,8.2,Passed,
FA2021,FA2021-class 17,19,1905AEACDA,,,9,4,7.4,Passed,
FA2021,FA2021-class 17,20,1905AEACCA,,,9,8,8.7,Passed,
FA2021,FA2021-class 17,21,1905AEACGJ,,,8,4.8,7.3,Passed,
FA2021,FA2021-class 17,22,1905AEABGB,,,10,9,9.5,Passed,
FA2021,FA2021-class 17,23,1905AEACGE,,,9,5.6,7.2,Passed,
FA2021,FA2021-class 17,24,1905AEACJF,,,9,9,9.1,Passed,
FA2021,FA2021-class 17,25,1905AEACGG,,,9,4.6,7.3,Passed,
FA2021,FA2021-class 17,26,1905ADJEGJ,,,6,0,3.8,Not Passed,
FA2021,FA2021-class 18,1,1905AEADDB,,,8,7.2,7.8,Passed,
FA2021,FA2021-class 18,2,1905AEADJB,,,8,5.8,6.7,Passed,
FA2021,FA2021-class 18,3,1905AEACHD,,,6,5.4,5.7,Passed,
FA2021,FA2021-class 18,4,1905AEADDG,,,7,4.2,6.5,Passed,
FA2021,FA2021-class 18,5,1905AEADEI,,,8,4.6,7,Passed,
FA2021,FA2021-class 18,6,1905AEADBB,,,8,4.8,6.9,Passed,
FA2021,FA2021-class 18,7,1905AEADJJ,,,8,8.2,8.3,Passed,
FA2021,FA2021-class 18,8,1905AEJHCH,,,8,6,7.3,Passed,
FA2021,FA2021-class 18,9,1905AEJHCD,,,8,4.8,6.2,Passed,
FA2021,FA2021-class 18,10,1905AEJHDI,,,7,7.2,7.7,Passed,
FA2021,FA2021-class 18,11,1905AEJHEC,,,8,8.6,8.5,Passed,
FA2021,FA2021-class 18,12,1905AEADAH,,,7,5,7,Passed,
FA2021,FA2021-class 18,13,1905AEJHHH,,,8,7.8,8.4,Passed,
FA2021,FA2021-class 18,14,1905AEJHHF,,,8,5.8,6.8,Passed,
FA2021,FA2021-class 18,15,1905AEJIAJ,,,9,4.4,6.8,Passed,
FA2021,FA2021-class 18,16,1905AEJIBG,,,8,7.4,8.1,Passed,
FA2021,FA2021-class 18,17,1905AEJIBE,,,8,6.6,7.6,Passed,
FA2021,FA2021-class 18,18,1905AEJIAG,,,9,5,7.4,Passed,
FA2021,FA2021-class 18,19,1905AEADDF,,,8,6.6,7.7,Passed,
FA2021,FA2021-class 18,20,1905AFJHFE,,,6,5.2,5.4,Passed,
FA2021,FA2021-class 18,21,1905AFJHFF,,,8,4.6,7.1,Passed,
FA2021,FA2021-class 18,22,1905AEACIA,,,8,7.6,8.2,Passed,
FA2021,FA2021-class 18,23,1905AEADCB,,,9,4.6,7.6,Passed,
FA2021,FA2021-class 18,24,1905AEADCF,,,9,4.6,6.9,Passed,
FA2021,FA2021-class 18,25,1905AEADCH,,,7,5.6,6.8,Passed,
FA2021,FA2021-class 18,26,1905AEAJEI,,,8,8,7.7,Passed,
FA2021,FA2021-class 18,27,1905AEACHG,,,6,7,7.3,Passed,
FA2021,FA2021-class 18,28,1905AEACIJ,,,7,6,6.9,Passed,
FA2021,FA2021-class 18,29,1905AEAABI,,,8,6.6,7.2,Passed,
FA2021,FA2021-class 18,30,1905AEADCG,,,9,5.2,7.4,Passed,
FA2021,FA2021-class 19,1,1905AEJJCA,,,5.5,6,6.9,Passed,
FA2021,FA2021-class 19,2,1905AEADIG,,,0,0,0,Attendance Fail,
FA2021,FA2021-class 19,3,1905AEADIE,,,5,7,7.1,Passed,
FA2021,FA2021-class 19,4,1905AEAEAG,,,5,4.6,5.7,Passed,
FA2021,FA2021-class 19,5,1905AEAEAE,,,5,5,6.3,Passed,
FA2021,FA2021-class 19,6,1905AEJJAJ,,,10,8.6,9.5,Passed,
FA2021,FA2021-class 19,7,1905AEADID,,,5,4.8,6.3,Passed,
FA2021,FA2021-class 19,8,1905AEADFH,,,0,0,0,Attendance Fail,
FA2021,FA2021-class 19,9,1905AEADFD,,,6,8.6,8.3,Passed,
FA2021,FA2021-class 19,10,1905AEJAJC,,,8.5,5.4,7.8,Passed,
FA2021,FA2021-class 19,11,1905AEADHE,,,5,4.6,5.1,Passed,
FA2021,FA2021-class 19,12,1905AFJHJE,,,0,0,0,Attendance Fail,
FA2021,FA2021-class 19,13,1905ADJCFG,,,0,0,0,Attendance Fail,
FA2021,FA2021-class 19,14,1905ADAAAF,,,3.5,0,2.8,Not Passed,
FA2021,FA2021-class 19,15,1905AEAEJA,,,5,6.8,6.5,Passed,
FA2021,FA2021-class 19,16,1905AEJJBC,,,5.5,4.4,6.4,Passed,
FA2021,FA2021-class 19,17,1905AFJEDB,,,6.5,8.8,8,Passed,
FA2021,FA2021-class 19,18,1905AFJJGF,,,5,7.2,7.3,Passed,
FA2021,FA2021-class 19,19,1905AEJEDC,,,3.5,5.4,5.8,Passed,
FA2021,FA2021-class 19,20,1905AEADHJ,,,5,8,7.1,Passed,
FA2021,FA2021-class 19,21,1905AEADFJ,,,5,5.6,6.3,Passed,
FA2021,FA2021-class 19,22,1905AEADHA,,,6,4.8,5.2,Passed,
FA2021,FA2021-class 19,23,1905AEADGA,,,5.5,5.8,6.7,Passed,
FA2021,FA2021-class 19,24,1905AEJJCD,,,5.5,5.2,6.6,Passed,
FA2021,FA2021-class 19,25,1905AEADGJ,,,6,6.6,7.4,Passed,
FA2021,FA2021-class 20,1,1905AFJBIF,,,9.5,9,9.5,Passed,
FA2021,FA2021-class 20,2,1905AFJADE,,,5.5,8,7.7,Passed,
FA2021,FA2021-class 20,3,1905AFJABG,,,5,8,7.2,Passed,
FA2021,FA2021-class 20,4,1905AFJBBF,,,0,0,1.2,Attendance Fail,
FA2021,FA2021-class 20,5,1905AFJABF,,,5,7.8,7,Passed,
FA2021,FA2021-class 20,6,1905AFJBBG,,,0,0,2.4,Attendance Fail,
FA2021,FA2021-class 20,7,1905AFJAGD,,,5,5.4,6.1,Passed,
FA2021,FA2021-class 20,8,1905AFJBGJ,,,3.5,0,2.7,Attendance Fail,
FA2021,FA2021-class 20,9,1905AFJAEA,,,4.5,6,6.4,Passed,
FA2021,FA2021-class 20,10,1905AFJBBA,,,10,9.2,9.8,Passed,
FA2021,FA2021-class 20,11,1905AFJAII,,,8.5,9.4,9.4,Passed,
FA2021,FA2021-class 20,12,1905AFJBDI,,,0,0,1.6,Not Passed,
FA2021,FA2021-class 20,13,1905AFJAGJ,,,4,7.6,6.6,Passed,
FA2021,FA2021-class 20,14,1905AFJAEI,,,3,7.6,6.5,Passed,
FA2021,FA2021-class 20,15,1905AFJAHB,,,8,9.4,8.9,Passed,
FA2021,FA2021-class 20,16,1905AFJACE,,,4.5,6,6.1,Passed,
FA2021,FA2021-class 20,17,1905AFJAGA,,,8,9.4,8.8,Passed,
FA2021,FA2021-class 20,18,1905AFJAFF,,,5,6.4,6.8,Passed,
FA2021,FA2021-class 20,19,1905ACJJEE,,,0,0,0,Attendance Fail,
FA2021,FA2021-class 20,20,1905AFJCJB,,,0,0,1,Attendance Fail,
FA2021,FA2021-class 20,21,1905AFJBGH,,,0,0,1.6,Attendance Fail,
FA2021,FA2021-class 20,22,1905AFJBCB,,,5.5,5,6.3,Passed,
FA2021,FA2021-class 20,23,1905AFJAHI,,,4,8.4,7.4,Passed,
FA2021,FA2021-class 20,24,1905AFJAFA,,,5,7.6,7.1,Passed,
FA2021,FA2021-class 20,25,1905AFJADF,,,4.5,7.6,7.1,Passed,
FA2021,FA2021-class 21,1,1905AFJDCE,,,9,6.2,7.9,Passed,
FA2021,FA2021-class 21,2,1905AFJHCA,,,9,7.2,8,Passed,
FA2021,FA2021-class 21,3,1905AEJGCE,,,10,7.4,8.7,Passed,
FA2021,FA2021-class 21,4,1905AFJHIE,,,10,9.4,9.6,Passed,
FA2021,FA2021-class 21,5,1905AEJGDG,,,10,8.4,9,Passed,
FA2021,FA2021-class 21,6,1905AFJGFB,,,8,4.4,6.8,Passed,
FA2021,FA2021-class 21,7,1905AFJIAA,,,8.5,7.4,8.1,Passed,
FA2021,FA2021-class 21,8,1905AEJHAI,,,10,9.2,9.4,Passed,
FA2021,FA2021-class 21,9,1905AEJHJG,,,9,8.4,8.5,Passed,
FA2021,FA2021-class 21,10,1905AFJGFI,,,8,7.2,7.9,Passed,
FA2021,FA2021-class 21,11,1905AFJHFG,,,10,9.2,9.4,Passed,
FA2021,FA2021-class 21,12,1905AFJGHI,,,8,5,7,Passed,
FA2021,FA2021-class 21,13,1905AFJDEC,,,8,3.6,6.7,Not Passed,
FA2021,FA2021-class 21,14,1905AFJHFA,,,10,7.6,8.9,Passed,
FA2021,FA2021-class 21,15,1905AFJHBC,,,8,7.6,7.8,Passed,
FA2021,FA2021-class 21,16,1905AFJHIF,,,10,8.4,9.2,Passed,
FA2021,FA2021-class 21,17,1905AFJGHG,,,9.5,6,8.2,Passed,
FA2021,FA2021-class 21,18,1905AFJDFG,,,8.5,7.8,8.2,Passed,
FA2021,FA2021-class 21,19,1905AFAEAD,,,9,6,7.8,Passed,
FA2021,FA2021-class 21,20,1905AFJGIG,,,4,0,3.9,Not Passed,
FA2021,FA2021-class 21,21,1905AFJEBA,,,8,5.6,7.3,Passed,
FA2021,FA2021-class 21,22,1905AFAEBI,,,9,6.2,7.9,Passed,
FA2021,FA2021-class 21,23,1905AFJHCH,,,0,0,1.7,Not Passed,
FA2021,FA2021-class 21,24,1905AFJDHF,,,9.5,8.2,8.7,Passed,
FA2021,FA2021-class 21,25,1905AFJDJD,,,9,6.6,8.1,Passed,
FA2021,FA2021-class 21,26,1905AEJFJB,,,8,4.6,6.8,Passed,
FA2021,FA2021-class 21,27,1905AFJFEJ,,,7.5,6.2,7.4,Passed,
FA2021,FA2021-class 21,28,1905AFJEAH,,,8.5,7.6,8.1,Passed,
FA2021,FA2021-class 21,29,1905AFJHJH,,,9,6.4,7.9,Passed,
FA2021,FA2021-class 21,30,1905AFJAIG,,,10,8.2,9.1,Passed,
FA2021,FA2021-class 22,1,1905AFAAAE,,,7.5,5.4,6.8,Passed,
FA2021,FA2021-class 22,2,1905AFAJFB,,,6,5.4,6.4,Passed,
FA2021,FA2021-class 22,3,1905ADAJDJ,,,6,4.6,5.9,Passed,
FA2021,FA2021-class 22,4,1905AFAJBF,,,9,8.2,8.6,Passed,
FA2021,FA2021-class 22,5,1905AFADIB,,,4,5.2,5.7,Passed,
FA2021,FA2021-class 22,6,1905AFAJAD,,,6.5,6.8,6.8,Passed,
FA2021,FA2021-class 22,7,1905AFAAJB,,,5,6.2,6.1,Passed,
FA2021,FA2021-class 22,8,1905AFAABE,,,4,4.8,5.1,Passed,
FA2021,FA2021-class 22,9,1905AFAAJH,,,5,5.6,6.2,Passed,
FA2021,FA2021-class 22,10,1905AFJIEC,,,7,4.2,6.1,Passed,
FA2021,FA2021-class 22,11,1905AFJIHG,,,7.5,8.4,8.6,Passed,
FA2021,FA2021-class 22,12,1905AFJIAC,,,7,6,7.6,Passed,
FA2021,FA2021-class 22,13,1905AEABIB,,,5,6.8,6.9,Passed,
FA2021,FA2021-class 22,14,1905AFAABD,,,8,5.2,6.6,Passed,
FA2021,FA2021-class 22,15,1905AFJIHH,,,5.5,6,6.3,Passed,
FA2021,FA2021-class 22,16,1905AFAJBC,,,7.5,4.6,6.4,Passed,
FA2021,FA2021-class 22,17,1905AEJEEB,,,3,5.8,5.9,Passed,
FA2021,FA2021-class 22,18,1905AFAJHB,,,8,6,6.6,Passed,
FA2021,FA2021-class 22,19,1905AFAABG,,,4,4.8,5.5,Passed,
FA2021,FA2021-class 22,20,1905AFJIIB,,,9,6,7.6,Passed,
FA2021,FA2021-class 22,21,1905AFAAJF,,,9.5,7.8,7.9,Passed,
FA2021,FA2021-class 22,22,1905AFAJAI,,,2,0,3.1,Not Passed,
FA2021,FA2021-class 22,23,1905AFJIDG,,,6.5,6.2,6.7,Passed,
FA2021,FA2021-class 22,24,1905AFJIHA,,,2,5.8,5.4,Passed,
FA2021,FA2021-class 22,25,1905ADJCIF,,,7.5,5.4,6.6,Passed,
FA2021,FA2021-class 22,26,1905AFJIIA,,,5,4.8,5.2,Passed,
FA2021,FA2021-class 22,27,1905AFJIBD,,,8,8.4,8.4,Passed,
FA2021,FA2021-class 23,1,1905AFAACH,,,9.8,7.8,9.1,Passed,
FA2021,FA2021-class 23,2,1905AFAADD,,,9.6,6.6,8.4,Passed,
FA2021,FA2021-class 23,3,1905AFABDB,,,9.6,5.2,8,Passed,
FA2021,FA2021-class 23,4,1905AFAABH,,,9.6,6.2,8.4,Passed,
FA2021,FA2021-class 23,5,1905AFABGH,,,5.7,4.6,6.5,Passed,
FA2021,FA2021-class 23,6,1905AFAADA,,,7.9,4.8,7,Passed,
FA2021,FA2021-class 23,7,1905AFAAEB,,,10,8.4,9.3,Passed,
FA2021,FA2021-class 23,8,1905AFAACF,,,7.5,4,6.1,Passed,
FA2021,FA2021-class 23,9,1905AFAACC,,,5.6,4.2,6.3,Passed,
FA2021,FA2021-class 23,10,1905AFAAEF,,,9.6,5.6,8.2,Passed,
FA2021,FA2021-class 23,11,1905AFAAGC,,,9.1,5.6,7.9,Passed,
FA2021,FA2021-class 23,12,1905AFABBJ,,,9.8,5.4,8.3,Passed,
FA2021,FA2021-class 23,13,1905AFAAGA,,,9.8,8.2,9.1,Passed,
FA2021,FA2021-class 23,14,1905AFAAGG,,,9.2,5.2,8.1,Passed,
FA2021,FA2021-class 23,15,1905AFABDI,,,9.7,4.6,7.8,Passed,
FA2021,FA2021-class 23,16,1905AFABAI,,,7.5,5,7.1,Passed,
FA2021,FA2021-class 23,17,1905AFABHC,,,9.2,6.2,8.3,Passed,
FA2021,FA2021-class 23,18,1905AFAAID,,,4.1,5.4,5.3,Passed,
FA2021,FA2021-class 23,19,1905AFAAHG,,,9.6,8.6,9.1,Passed,
FA2021,FA2021-class 23,20,1905AFAECI,,,9.9,7.6,9,Passed,
FA2021,FA2021-class 23,21,1905AFABIC,,,9.3,7,8.4,Passed,
FA2021,FA2021-class 23,22,1905AFABFF,,,9.5,7.2,8.4,Passed,
FA2021,FA2021-class 23,23,1905AFAADC,,,9.7,8.2,9.1,Passed,
FA2021,FA2021-class 23,24,1905AFABED,,,9.7,5.2,8.1,Passed,
FA2021,FA2021-class 23,25,1905AFABBD,,,9,6.8,8.2,Passed,
FA2021,FA2021-class 23,26,1905AFABJD,,,9.8,8.8,9.3,Passed,
FA2021,FA2021-class 23,27,1905AFABBB,,,10,8.6,9.3,Passed,
FA2021,FA2021-class 23,28,1905AFABAH,,,9.7,6.8,8.5,Passed,
FA2021,FA2021-class 23,29,1905AEJJDD,,,9.2,6.8,8.3,Passed,
FA2021,FA2021-class 23,30,1905AFAACE,,,9.6,9,9.3,Passed,
FA2021,FA2021-class 24,1,1905AFADAB,,,9,7.4,8.5,Passed,
FA2021,FA2021-class 24,2,1905AFADAJ,,,5,7.6,7.2,Passed,
FA2021,FA2021-class 24,3,1905AFADJC,,,0,0,0,Attendance Fail,
FA2021,FA2021-class 24,4,1905AFADBI,,,9,8.6,8.7,Passed,
FA2021,FA2021-class 24,5,1905AFADDE,,,9,7.8,8.4,Passed,
FA2021,FA2021-class 24,6,1905AFACBD,,,9,7.2,8.2,Passed,
FA2021,FA2021-class 24,7,1905AFADEI,,,9,5.6,7.4,Passed,
FA2021,FA2021-class 24,8,1905AFABID,,,9,8,8.1,Passed,
FA2021,FA2021-class 24,9,1905AFADBB,,,9,9,8.7,Passed,
FA2021,FA2021-class 24,10,1905AFADAI,,,9,5.8,7.8,Passed,
FA2021,FA2021-class 24,11,1905AFACGE,,,8,4.6,6.3,Passed,
FA2021,FA2021-class 24,12,1905AFADGG,,,9,7.6,8.2,Passed,
FA2021,FA2021-class 24,13,1905AFADJB,,,9,5.2,7.3,Passed,
FA2021,FA2021-class 24,14,1905AEJGIF,,,7,8.6,8.1,Passed,
FA2021,FA2021-class 24,15,1905AFABIG,,,9,6.8,7.7,Passed,
FA2021,FA2021-class 24,16,1905AFACBC,,,8.5,5.4,6.9,Passed,
FA2021,FA2021-class 24,17,1905FCJDH,,,9,7.8,8.5,Passed,
FA2021,FA2021-class 24,18,1905AEJBBJ,,,0,0,0.7,Not Passed,
FA2021,FA2021-class 24,19,1905AFACAB,,,8.5,4,7,Passed,
FA2021,FA2021-class 24,20,1905AFADHJ,,,7.5,7,7.5,Passed,
FA2021,FA2021-class 24,21,1905AFACBJ,,,8,8,8,Passed,
FA2021,FA2021-class 24,22,1905AFAHHG,,,9,5,7.2,Passed,
FA2021,FA2021-class 24,23,1905ADJDHG,,,5,5.4,5.7,Passed,
FA2021,FA2021-class 24,24,1905AEJAGJ,,,9,7.6,8,Passed,
FA2021,FA2021-class 24,25,1905AFACJG,,,9,8.2,8.2,Passed,
FA2021,FA2021-class 24,26,1905ADJDHF,,,6,5,5.8,Passed,
FA2021,FA2021-class 24,27,1905AFADBJ,,,9,5.4,7.3,Passed,
FA2021,FA2021-class 24,28,1905AFACIG,,,9,8,8.3,Passed,
FA2021,FA2021-class 24,29,1905AFACBF,,,9,5.4,7.6,Passed,
FA2021,FA2021-class 24,30,1905AFACII,,,9,4,6.4,Passed,
FA2021,FA2021-class 25,1,1905AFAGDJ,,,1,6,5.5,Passed,
FA2021,FA2021-class 25,2,1905AFAEED,,,9.5,8.8,9.2,Passed,
FA2021,FA2021-class 25,3,1905AFAGJG,,,7,8.6,7.8,Passed,
FA2021,FA2021-class 25,4,1905AFADDA,,,8,5,7,Passed,
FA2021,FA2021-class 25,5,1905AFAEFD,,,1,7.4,5.9,Passed,
FA2021,FA2021-class 25,6,1905AFAIJA,,,3,7,6.2,Passed,
FA2021,FA2021-class 25,7,1905AFAGBE,,,3,6.6,5.2,Passed,
FA2021,FA2021-class 25,8,1905AFAHAC,,,9.5,8.2,8.5,Passed,
FA2021,FA2021-class 25,9,1905AFAGEA,,,8,7,7.2,Passed,
FA2021,FA2021-class 25,10,1905AFADGJ,,,8,4.6,6.6,Passed,
FA2021,FA2021-class 25,11,1905AFAFJC,,,4,6.6,6.1,Passed,
FA2021,FA2021-class 25,12,1905AFAFHH,,,8,5.6,7.2,Passed,
FA2021,FA2021-class 25,13,1905AFADIG,,,8,6.6,7.1,Passed,
FA2021,FA2021-class 25,14,1905AFAHAG,,,9.5,5.8,7,Passed,
FA2021,FA2021-class 25,15,1905AFAFBH,,,9,4.6,6.3,Passed,
FA2021,FA2021-class 25,16,1905AFAEIH,,,9.5,4.8,7.4,Passed,
FA2021,FA2021-class 25,17,1905AFADDC,,,1,5.8,5.3,Passed,
FA2021,FA2021-class 25,18,1905AFAIDB,,,4,7.2,6.9,Passed,
FA2021,FA2021-class 25,19,1905AFAGHE,,,9,8.8,8.4,Passed,
FA2021,FA2021-class 25,20,1905AFAEGD,,,5,4,6,Passed,
FA2021,FA2021-class 25,21,1905AFAFIB,,,5,6.8,6.5,Passed,
FA2021,FA2021-class 25,22,1905AEAJBF,,,0,0,0,Attendance Fail,
FA2021,FA2021-class 25,23,1905AFAEJA,,,4,8,6.8,Passed,
FA2021,FA2021-class 25,24,1905AFAEFI,,,1,8.2,5.8,Passed,
FA2021,FA2021-class 25,25,1905AFAFIH,,,6,4.6,5,Passed,
FA2021,FA2021-class 25,26,1905AFBJBJ,,,8,7.8,6.5,Passed,
FA2021,FA2021-class 25,27,1905AFAEJB,,,6,7.8,7.4,Passed,
FA2021,FA2021-class 25,28,1905AFAEFC,,,8,4.4,6.2,Passed,
FA2021,FA2021-class 25,29,1905AFAGAD,,,3,8.4,6.6,Passed,
FA2022,FA2022-class 1,1,1905AEADAI,,,3,0,4.4,Not Passed,
FA2022,FA2022-class 1,2,1905AFBJFI,,,9,6.4,8,Passed,
FA2022,FA2022-class 1,3,1905AFJBDD,,,9,6.6,8.6,Passed,
FA2022,FA2022-class 1,4,1905AFAJHJ,,,9,5.2,8,Passed,
FA2022,FA2022-class 1,5,1905AGCEDH,,,6,7.2,7.4,Passed,
FA2022,FA2022-class 1,6,1905AGAGFI,,,4,8,7,Passed,
FA2022,FA2022-class 1,7,1905AFAHGB,,,1,4.6,5.2,Passed,
FA2022,FA2022-class 1,8,1905AFJBFB,,,7,6,7.3,Passed,
FA2022,FA2022-class 1,9,1905AEJEAD,,,8,9.4,8.8,Passed,
FA2022,FA2022-class 1,10,1905AFAJGI,,,9,9.2,9.1,Passed,
FA2022,FA2022-class 1,11,1905ADJCIA,,,8,5.6,7.5,Passed,
FA2022,FA2022-class 1,12,1905AFAGEJ,,,9,6.6,8.3,Passed,
FA2022,FA2022-class 1,13,1905AFJFDG,,,9,7.8,8.7,Passed,
FA2022,FA2022-class 1,14,1905AFJFAC,,,3,5,5.9,Passed,
FA2022,FA2022-class 1,15,1905AFAIDE,,,10,7,8.7,Passed,
FA2022,FA2022-class 1,16,1905AFABCI,,,4,6.8,6.9,Passed,
FA2022,FA2022-class 1,17,1905AFJIJI,,,0,0,3.4,Not Passed,
FA2022,FA2022-class 1,18,1905AGCCGG,,,7,6.4,7.6,Passed,
FA2022,FA2022-class 1,19,1905AFBJAF,,,10,7.4,9,Passed,
FA2022,FA2022-class 1,20,0301AFJHII,,,8,4.6,7,Passed,
FA2022,FA2022-class 1,21,1905AFJBJE,,,10,8.4,9.4,Passed,
FA2022,FA2022-class 1,22,1905AFJHCB,,,1,4.4,5,Passed,
FA2022,FA2022-class 1,23,1905AFBJJH,,,10,5.2,7.9,Passed,
FA2022,FA2022-class 1,24,1905AFAEGG,,,10,7.4,8.4,Passed,
FA2022,FA2022-class 1,25,1905AFACGH,,,6,8.2,8,Passed,
FA2022,FA2022-class 1,26,1905AFBJAB,,,8,6.4,7.8,Passed,
FA2022,FA2022-class 1,27,1905AFJCDE,,,8,5.6,7.5,Passed,
FA2022,FA2022-class 1,28,1905AEAJGI,,,1,7.8,6.2,Passed,
FA2022,FA2022-class 1,29,1905AFADBE,,,4,8.8,6.8,Passed,
FA2022,FA2022-class 1,30,1905AFAFCD,,,0,0,2.8,Not Passed,
FA2022,FA2022-class 1,31,1905AFBJED,,,8,8.4,8.2,Passed,
FA2022,FA2022-class 1,32,1905AFJFDF,,,0,0,3.3,Not Passed,
FA2022,FA2022-class 1,33,1905AGCJBI,,,10,8.2,9.1,Passed,
FA2022,FA2022-class 1,34,1905AGCBIJ,,,10,7.2,8.8,Passed,
FA2022,FA2022-class 1,35,1905ACJDDJ,,,0,0,3.7,Not Passed,
FA2022,FA2022-class 2,1,1905AFAAEH,,,10,8.2,9,Passed,
FA2022,FA2022-class 2,2,1905AGAHHI,,,10,8.2,9.1,Passed,
FA2022,FA2022-class 2,3,1905AFBJHD,,,10,7.6,8.6,Passed,
FA2022,FA2022-class 2,4,1905AFJDBC,,,0,4,4.5,Not Passed,
FA2022,FA2022-class 2,5,1905AFADAH,,,9,7,8.3,Passed,
FA2022,FA2022-class 2,6,1905AGBGHH,,,6,8,7.8,Passed,
FA2022,FA2022-class 2,7,1905AGJJBC,,,2,6,6,Passed,
FA2022,FA2022-class 2,8,1905AGBEIA,,,10,6.6,8.2,Passed,
FA2022,FA2022-class 2,9,1905AGADIF,,,9,6.2,8.1,Passed,
FA2022,FA2022-class 2,10,1905AGAHEJ,,,10,9,9.5,Passed,
FA2022,FA2022-class 2,11,1905AFBAJJ,,,4,6.2,6.5,Passed,
FA2022,FA2022-class 2,12,1905AGJDCA,,,7,7.2,7.7,Passed,
FA2022,FA2022-class 2,13,1905AGAEEC,,,5,8.2,7.6,Passed,
FA2022,FA2022-class 2,14,1905ADJGFB,,,0,0,3.3,Not Passed,
FA2022,FA2022-class 2,15,1905AEJHGB,,,2,5.8,5.4,Passed,
FA2022,FA2022-class 2,16,1905AFJIED,,,9,6.6,8.1,Passed,
FA2022,FA2022-class 2,17,1905AGAHGE,,,10,6.8,8.7,Passed,
FA2022,FA2022-class 2,18,1905AGADIG,,,8,4,7.3,Passed,
FA2022,FA2022-class 2,19,1905AFAGHA,,,8,6,7.7,Passed,
FA2022,FA2022-class 2,20,1905AEJIBD,,,3,5.2,5.9,Passed,
FA2022,FA2022-class 2,21,1905AFJJBJ,,,2,7.8,6.9,Passed,
FA2022,FA2022-class 2,22,1905AFAIEH,,,10,6.4,8.7,Passed,
FA2022,FA2022-class 2,23,1905AFJHDA,,,8,5.8,7.7,Passed,
FA2022,FA2022-class 2,24,1905AFJDDH,,,10,7.2,8.8,Passed,
FA2022,FA2022-class 2,25,1905AGAHFI,,,10,7.2,9.1,Passed,
FA2022,FA2022-class 2,26,1905AGAHFE,,,8,7,8.2,Passed,
FA2022,FA2022-class 2,27,1905AFAJGA,,,10,5.4,8.1,Passed,
FA2022,FA2022-class 2,28,1905AGAHFG,,,10,8.6,9.4,Passed,
FA2022,FA2022-class 2,29,1905AFJIJG,,,9,6,8.2,Passed,
FA2022,FA2022-class 2,30,1905AFJEJH,,,10,8.2,8.9,Passed,
FA2022,FA2022-class 2,31,1905AFAEAH,,,6,5,6.7,Passed,
FA2022,FA2022-class 2,32,1905AFJECI,,,3,5,6,Passed,
FA2022,FA2022-class 2,33,1905AGAJFD,,,9,8.4,9.2,Passed,
FA2022,FA2022-class 2,34,1905AGAHEC,,,10,6.2,8.5,Passed,
FA2022,FA2022-class 2,35,1905AGAGHI,,,9,7.2,8.6,Passed,
FA2022,FA2022-class 3,1,1905AFJHCC,,,2,6.6,6.2,Passed,
FA2022,FA2022-class 3,2,1905AFADED,,,4,6.8,7.1,Passed,
FA2022,FA2022-class 3,3,1905AFJDCJ,,,1,0,2.9,Not Passed,
FA2022,FA2022-class 3,4,1905AEJCIA,,,6,6.2,6.7,Passed,
FA2022,FA2022-class 3,5,1905AFAAHE,,,0,0,3.4,Not Passed,
FA2022,FA2022-class 3,6,1905AFAECA,,,1,8.6,6.3,Passed,
FA2022,FA2022-class 3,7,1905AEADGF,,,0,0,3.4,Not Passed,
FA2022,FA2022-class 3,8,1905AFAJCE,,,1,6.8,5.7,Passed,
FA2022,FA2022-class 3,9,1905AFJHIG,,,0,0,3.3,Not Passed,
FA2022,FA2022-class 3,10,1905AFAAII,,,9,8,8.5,Passed,
FA2022,FA2022-class 3,11,1905AFJBFB,,,0,0,3.4,Not Passed,
FA2022,FA2022-class 3,12,1905AEJEAD,,,0,0,3.5,Not Passed,
FA2022,FA2022-class 3,13,1905AFJAGG,,,6,8,7.6,Passed,
FA2022,FA2022-class 3,14,1905AFAAGD,,,6,6.4,7.2,Passed,
FA2022,FA2022-class 3,15,1905AFJIED,,,0,8,6,Not Passed,
FA2022,FA2022-class 3,16,1905AGAGDH,,,0,0,3.5,Not Passed,
FA2022,FA2022-class 3,17,1905AFJCIC,,,2,5.8,6,Passed,
FA2022,FA2022-class 3,18,1905AFAEDG,,,1,7.4,6.2,Passed,
FA2022,FA2022-class 3,19,1905AFJJFC,,,1,7.8,6.3,Passed,
FA2022,FA2022-class 3,20,1905AFAFFA,,,1,6.8,5.7,Passed,
FA2022,FA2022-class 3,21,1905AFJCEB,,,0,0,3.4,Not Passed,
FA2022,FA2022-class 3,22,1905AFJFBF,,,3,4.2,5.5,Passed,
FA2022,FA2022-class 3,23,1905AFBJED,,,0,0,3.1,Not Passed,
FA2022,FA2022-class 3,24,1905AFJAIF,,,5,8,7.8,Passed,
FA2022,FA2022-class 3,25,1905AFJCCA,,,4,8.4,7.3,Passed,
FA2022,FA2022-class 3,26,1905AGAGDG,,,0,0,3.5,Not Passed,
FA2022,FA2022-class 3,27,1905AFJIFG,,,0,0,3.2,Not Passe,
FA2022,FA2022-class 4,1,1905AGAICI,,,5,7.6,5.8,Passed,
FA2022,FA2022-class 4,2,1905AFAJDE,,,6,6.2,6.4,Passed,
FA2022,FA2022-class 4,3,1905AFAGEC,,,3,7.4,6,Passed,
FA2022,FA2022-class 4,4,1905AFJEDC,,,0,0,0.6,Is Susspended,
FA2022,FA2022-class 4,5,0805AECBFF,,,7,7,7.4,Passed,
FA2022,FA2022-class 4,6,1905AGAGFD,,,0,0,3,Not Passed,
FA2022,FA2022-class 4,7,1905AEJGFE,,,10,7.8,8.8,Passed,
FA2022,FA2022-class 4,8,1905AGCFEA,,,0,0,2.3,Not Passed,
FA2022,FA2022-class 4,9,1905AFBAID,,,0,0,1.2,Not Passed,
FA2022,FA2022-class 4,10,1905AEAEAA,,,7,4.6,5.7,Passed,
FA2022,FA2022-class 4,11,1905AFAGFF,,,3,6.4,5,Passed,
FA2022,FA2022-class 4,12,1905AEJHFC,,,0,0,1.1,Attendance Fail,
FA2022,FA2022-class 4,13,1905AGAEIB,,,0,0,2.2,Not Passed,
FA2022,FA2022-class 4,14,1905AFBJFF,,,2,6.6,5.9,Passed,
FA2022,FA2022-class 4,15,1905AGAGJE,,,10,7.6,8.7,Passed,
FA2022,FA2022-class 4,16,1905AGAIDF,,,10,7.4,8.8,Passed,
FA2022,FA2022-class 4,17,1905AGBJCJ,,,0,0,2.7,Not Passed,
FA2022,FA2022-class 4,18,1905AFAAIG,,,5,8.4,6,Passed,
FA2022,FA2022-class 4,19,1905AFBJEG,,,0,0,2.9,Not Passed,
FA2022,FA2022-class 4,20,1905AFBJFJ,,,1,7.6,5.4,Passed,
FA2022,FA2022-class 4,21,1905AGBJIG,,,1,7.4,5.2,Passed,
FA2022,FA2022-class 4,22,1905AFJIGI,,,2,0,1.5,Attendance Fail,
FA2022,FA2022-class 4,23,1905AFAEGG,,,0,0,2.5,Not Passed,
FA2022,FA2022-class 4,24,1905AFAEJC,,,7,4.6,5.7,Passed,
FA2022,FA2022-class 4,25,1905AGAIBD,,,0,0,2.2,Not Passed,
FA2022,FA2022-class 4,26,1905AFJIBG,,,5,4.6,5,Passed,
FA2022,FA2022-class 4,27,1905AGBBEJ,,,10,7.8,8.7,Passed,
FA2022,FA2022-class 4,28,1905AGBICE,,,5,6.8,6.4,Passed,
FA2022,FA2022-class 4,29,1905AGCBIJ,,,1,0,2.3,Not Passed,
FA2022,FA2022-class 5,1,1905AGJAJD,,,1,7.6,5.8,Passed,
FA2022,FA2022-class 5,2,1905AGJAGI,,,8,6.2,8.3,Passed,
FA2022,FA2022-class 5,3,1905AGJADG,,,4,6.6,6.5,Passed,
FA2022,FA2022-class 5,4,1905AGJJGJ,,,2,6.4,5.4,Passed,
FA2022,FA2022-class 5,5,1905AGJBBE,,,10,6.8,8.6,Passed,
FA2022,FA2022-class 5,6,1905AGJAHG,,,1,7.8,5.7,Passed,
FA2022,FA2022-class 5,7,1905AFAEBF,,,10,5.6,8,Passed,
FA2022,FA2022-class 5,8,1905AGJBDE,,,0,0,3.1,Not Passed,
FA2022,FA2022-class 5,9,1905AEADBH,,,0,0,2.9,Not Passed,
FA2022,FA2022-class 5,10,1905AGJABB,,,10,8,9.4,Passed,
FA2022,FA2022-class 5,11,1905AGJJDC,,,7,7.8,8.3,Passed,
FA2022,FA2022-class 5,12,1905AGJJAG,,,9,8.2,9,Passed,
FA2022,FA2022-class 5,13,1905AGJAAC,,,8,4,6.7,Passed,
FA2022,FA2022-class 5,14,1905AGJJHE,,,5,7.6,7.5,Passed,
FA2022,FA2022-class 5,15,1905AGJCAA,,,1,8.4,6,Passed,
FA2022,FA2022-class 5,16,1905AGJCAE,,,0,0,3.2,Not Passed,
FA2022,FA2022-class 5,17,1905AGJJDH,,,10,6.8,8.4,Passed,
FA2022,FA2022-class 5,18,1905AFAEFG,,,0,0,3.5,Not Passed,
FA2022,FA2022-class 5,19,1905AGJJDB,,,9,6.6,8.4,Passed,
FA2022,FA2022-class 5,20,1905AGJBFI,,,3,5,5.1,Passed,
FA2022,FA2022-class 5,21,1905AGJJEG,,,7,7.8,8.1,Passed,
FA2022,FA2022-class 5,22,1905AGJAIF,,,5,6.4,6.5,Passed,
FA2022,FA2022-class 5,23,1905AGJBHG,,,10,8.6,9.6,Passed,
FA2022,FA2022-class 5,24,1905AGJJHJ,,,5,7.6,7.3,Passed,
FA2022,FA2022-class 5,25,1905AGJCDF,,,0,0,0,Attendance Fail,
FA2022,FA2022-class 5,26,1905AGJCBB,,,0,0,1.8,Attendance Fail,
FA2022,FA2022-class 5,27,1905AFJBCC,,,9,7.2,8.5,Passed,
FA2022,FA2022-class 5,28,1905AGAEBC,,,1,7.6,5.4,Passed,
FA2022,FA2022-class 5,29,1905AFJHDB,,,2,7.4,5.2,Passed,
FA2022,FA2022-class 5,30,1905AGJBGD,,,7,8.4,8.2,Passed,
FA2022,FA2022-class 5,31,1905AGJCHJ,,,3,8.6,6.8,Passed,
FA2022,FA2022-class 5,32,1905ADJGJD,,,0,0,0,Attendance Fail,
FA2022,FA2022-class 6,1,1905AGJDCI,,,5,4,5.1,Passed,
FA2022,FA2022-class 6,2,1905ADJEAC,,,0,0,1,Not Passed,
FA2022,FA2022-class 6,3,1905AGJDJB,,,10,8.6,9.5,Passed,
FA2022,FA2022-class 6,4,1905AGJDDG,,,0,8.4,5.6,Not Passed,
FA2022,FA2022-class 6,5,1905AGAJFB,,,6,7.4,7.8,Passed,
FA2022,FA2022-class 6,6,1905AFAGCJ,,,0,0,0,Attendance Fail,
FA2022,FA2022-class 6,7,1905AEJGIB,,,0,0,0.3,Attendance Fail,
FA2022,FA2022-class 6,8,1905AEJHAD,,,0,0,1.2,Attendance Fail,
FA2022,FA2022-class 6,9,1905AGJDAG,,,4,5.8,5.8,Passed,
FA2022,FA2022-class 6,10,1905AGAJIH,,,6,7.6,6.7,Passed,
FA2022,FA2022-class 6,11,1905AGJDCA,,,0,6,5.5,Not Passed,
FA2022,FA2022-class 6,12,1905AGJEJD,,,0,0,1,Not Passed,
FA2022,FA2022-class 6,13,1905AEJBBJ,,,0,0,0,Attendance Fail,
FA2022,FA2022-class 6,14,1905AGAJFG,,,3,6.6,6.2,Passed,
FA2022,FA2022-class 6,15,1905AGABDC,,,6,8.6,8.1,Passed,
FA2022,FA2022-class 6,16,1905AGJEGH,,,3,5.6,6.6,Passed,
FA2022,FA2022-class 6,17,1905AGJEJB,,,0,0,1.7,Is Susspended,
FA2022,FA2022-class 6,18,1905ADJCIA,,,0,0,1.5,Not Passed,
FA2022,FA2022-class 6,19,1905AGADIG,,,0,0,2.6,Not Passed,
FA2022,FA2022-class 6,20,1905AFADEC,,,0,0,0.7,Attendance Fail,
FA2022,FA2022-class 6,21,1905AGJDJJ,,,4,8.6,7.8,Passed,
FA2022,FA2022-class 6,22,1905AGAAJA,,,2,8.2,6.4,Passed,
FA2022,FA2022-class 6,23,1905AGJFJC,,,8,7.4,8,Passed,
FA2022,FA2022-class 6,24,1905AGJDDJ,,,9,8.4,8.8,Passed,
FA2022,FA2022-class 6,25,1905AGAJJI,,,10,7.8,9.3,Passed,
FA2022,FA2022-class 6,26,1905ACJBFH,,,0,0,0.4,Attendance Fail,
FA2022,FA2022-class 6,27,1905AFJCGA,,,10,7.4,8.5,Passed,
FA2022,FA2022-class 6,28,1905ACJJEE,,,0,0,0.9,Attendance Fail,
FA2022,FA2022-class 6,29,1905AGAADG,,,6,8.2,8,Passed,
FA2022,FA2022-class 6,30,1905AGJEAI,,,0,4.6,4,Not Passed,
FA2022,FA2022-class 6,31,1905AFJDAB,,,2,7.2,5.7,Passed,
FA2022,FA2022-class 6,32,1905AGJCII,,,3,5,5.1,Passed,
FA2022,FA2022-class 7,1,1905AGABGD,,,3,7.8,6.5,Passed,
FA2022,FA2022-class 7,2,1905AGADEI,,,1,7.6,5.6,Passed,
FA2022,FA2022-class 7,3,1905AGABDA,,,8,6.8,7.9,Passed,
FA2022,FA2022-class 7,4,1905AGABGJ,,,1,5.2,5.3,Passed,
FA2022,FA2022-class 7,5,1905AGACIF,,,3,4.6,5.4,Passed,
FA2022,FA2022-class 7,6,1905AGJJBC,,,0,0,3.4,Not Passed,
FA2022,FA2022-class 7,7,1905AGAAAD,,,9,8.2,9.2,Passed,
FA2022,FA2022-class 7,8,1905AGABIH,,,1,5.4,4.9,Not Passed,
FA2022,FA2022-class 7,9,1905ACJGBI,,,10,4,7.3,Passed,
FA2022,FA2022-class 7,10,1905AGJDFH,,,0,0,3.3,Not Passed,
FA2022,FA2022-class 7,11,1905AGAAJJ,,,4,7.6,7.3,Passed,
FA2022,FA2022-class 7,12,1905AGJJAE,,,2,7.6,6.1,Passed,
FA2022,FA2022-class 7,13,1905AGABHB,,,2,6.2,5.8,Passed,
FA2022,FA2022-class 7,14,1905AGACEA,,,0,6.4,5,Not Passed,
FA2022,FA2022-class 7,15,1905AGABDH,,,8,7.4,7.9,Passed,
FA2022,FA2022-class 7,16,1905AGABGF,,,0,0,2.9,Not Passed,
FA2022,FA2022-class 7,17,1905AGJAFE,,,0,0,3.2,Not Passed,
FA2022,FA2022-class 7,18,1905AGAAHH,,,2,7.4,5.9,Passed,
FA2022,FA2022-class 7,19,1905AFABDC,,,1,8,5.6,Passed,
FA2022,FA2022-class 7,20,1905AGAAIH,,,10,8.4,9.3,Passed,
FA2022,FA2022-class 7,21,1905AEADJI,,,0,0,2.7,Not Passed,
FA2022,FA2022-class 7,22,1905AGACJC,,,3,5.2,5.5,Passed,
FA2022,FA2022-class 7,23,1905AGABDB,,,10,8.8,9.6,Passed,
FA2022,FA2022-class 7,24,1905AGAJJG,,,8,7,8.2,Passed,
FA2022,FA2022-class 7,25,1905AGAAGD,,,2,6.6,5.7,Passed,
FA2022,FA2022-class 7,26,1905AGACAF,,,0,0,3.5,Not Passed,
FA2022,FA2022-class 7,27,1905AFAIAE,,,1,7.2,5.8,Passed,
FA2022,FA2022-class 7,28,1905AGAAAF,,,5,6.8,6.9,Passed,
FA2022,FA2022-class 7,29,1905AGAJFD,,,0,0,4,Not Passed,
FA2022,FA2022-class 7,30,1905AGABCD,,,8,7.6,7.3,Passed,
FA2022,FA2022-class 8,1,1905AGACCE,,,0,0,2.8,Not Passed,
FA2022,FA2022-class 8,2,1905AGAFIJ,,,10,6.2,7.7,Passed,
FA2022,FA2022-class 8,3,1905AGAEFJ,,,10,5.2,7.5,Passed,
FA2022,FA2022-class 8,4,1905AGADAC,,,4,5.4,6,Passed,
FA2022,FA2022-class 8,5,1905AGADHG,,,4,6.4,6,Passed,
FA2022,FA2022-class 8,6,1905AGADIJ,,,10,6.6,7.8,Passed,
FA2022,FA2022-class 8,7,1905AGAECB,,,6,4.6,6,Passed,
FA2022,FA2022-class 8,8,1905AGADHI,,,9,7,8,Passed,
FA2022,FA2022-class 8,9,1905AGADFB,,,1,5.4,5.1,Passed,
FA2022,FA2022-class 8,10,1905AGACBA,,,6,8.2,7.6,Passed,
FA2022,FA2022-class 8,11,1905AGAEJC,,,5,7.8,7.4,Passed,
FA2022,FA2022-class 8,12,1905AGAFIB,,,10,7.4,8.5,Passed,
FA2022,FA2022-class 8,13,1905AGAEEG,,,10,5.8,7.7,Passed,
FA2022,FA2022-class 8,14,1905AGADID,,,0,0,2.9,Not Passed,
FA2022,FA2022-class 8,15,1905AGACGB,,,9,7.6,7.9,Passed,
FA2022,FA2022-class 8,16,1905AGADDA,,,8,6.8,7.5,Passed,
FA2022,FA2022-class 8,17,1905AGADBG,,,0,0,1.4,Is Susspended,
FA2022,FA2022-class 8,18,1905AGAEGF,,,4,5,5.6,Passed,
FA2022,FA2022-class 8,19,1905AGADJC,,,9,9,8.9,Passed,
FA2022,FA2022-class 8,20,1905AGACEC,,,2,9.2,6.8,Passed,
FA2022,FA2022-class 8,21,1905AGADHF,,,10,7.8,8.7,Passed,
FA2022,FA2022-class 8,22,1905AGAEGE,,,10,7.8,8.4,Passed,
FA2022,FA2022-class 8,23,1905AGACCC,,,0,0,2.6,Not Passed,
FA2022,FA2022-class 8,24,1905AGAFDG,,,10,7,8.3,Passed,
FA2022,FA2022-class 8,25,1905AGADGB,,,0,0,2.6,Not Passed,
FA2022,FA2022-class 8,26,1905AGADCA,,,10,4.4,7.2,Passed,
FA2022,FA2022-class 8,27,1905AGAEEB,,,6,7.8,7.2,Passed,
FA2022,FA2022-class 8,28,1905AGAEFE,,,10,8,8.3,Passed,
FA2022,FA2022-class 8,29,1905AGAEBD,,,8,7.8,8.1,Passed,
FA2022,FA2022-class 8,30,1905AGADJB,,,10,9,8.9,Passed,
FA2022,FA2022-class 8,31,1905AGAECE,,,0,0,2.8,Not Passed,
FA2022,FA2022-class 8,32,1905AGACEB,,,4,9.4,7.2,Passed,
FA2022,FA2022-class 8,33,1905AGACIJ,,,9,7,8,Passed,
FA2022,FA2022-class 8,34,1905AGACFH,,,6,5.4,6.5,Passed,
FA2022,FA2022-class 8,35,1905AGAEBB,,,10,7.2,8.1,Passed,
FA2022,FA2022-class 9,1,1905AGAGJF,,,3,7.2,6.5,Passed,
FA2022,FA2022-class 9,2,1905AGAGII,,,1,6.4,5.6,Passed,
FA2022,FA2022-class 9,3,1905AGAFGH,,,1,7.4,5.7,Passed,
FA2022,FA2022-class 9,4,1905AGAFIC,,,1,5.4,5.3,Passed,
FA2022,FA2022-class 9,5,1905AGAICD,,,1,7.2,6,Passed,
FA2022,FA2022-class 9,6,1905AGAEFD,,,0,0,1.7,Not Passed,
FA2022,FA2022-class 9,7,1905AGAIEJ,,,5,8,7.4,Passed,
FA2022,FA2022-class 9,8,1905AGAEHA,,,10,8,8.9,Passed,
FA2022,FA2022-class 9,9,1905AGAGJG,,,0,0,3.1,Not Passed,
FA2022,FA2022-class 9,10,1905AGAGFI,,,0,0,3.3,Not Passed,
FA2022,FA2022-class 9,11,1905AGAFEB,,,0,0,3.3,Not Passed,
FA2022,FA2022-class 9,12,1905AGAEGG,,,0,0,1.7,Not Passed,
FA2022,FA2022-class 9,13,1905AGAIAD,,,1,6.2,5.5,Passed,
FA2022,FA2022-class 9,14,1905AGAADI,,,10,8.8,9.2,Passed,
FA2022,FA2022-class 9,15,1905AGAHAI,,,0,0,3.2,Not Passed,
FA2022,FA2022-class 9,16,1905AGAGBD,,,3,8.4,7,Passed,
FA2022,FA2022-class 9,17,1905AFBABB,,,6,7.4,7.6,Passed,
FA2022,FA2022-class 9,18,1905AGAHDE,,,0,4.8,4.8,Not Passed,
FA2022,FA2022-class 9,19,1905AGAIGD,,,1,8,5.9,Passed,
FA2022,FA2022-class 9,20,1905AGAHCD,,,2,7.8,6.3,Passed,
FA2022,FA2022-class 9,21,1905AGAFDC,,,2,5.2,5.5,Passed,
FA2022,FA2022-class 9,22,1905AGAGFH,,,2,8.4,6.7,Passed,
FA2022,FA2022-class 9,23,1905AGAFFA,,,10,7.8,8.9,Passed,
FA2022,FA2022-class 9,24,1905AGAJCJ,,,10,9.2,9.3,Passed,
FA2022,FA2022-class 9,25,1905AGAGCG,,,9,7,8.1,Passed,
FA2022,FA2022-class 9,26,1905AGAGBF,,,2,4.8,5.4,Passed,
FA2022,FA2022-class 9,27,1905AGAFFF,,,0,0,3.3,Not Passed,
FA2022,FA2022-class 10,1,1905AFABJE,,,9,6,8,Passed,
FA2022,FA2022-class 10,2,1905AGBJDH,,,6,5,6.3,Passed,
FA2022,FA2022-class 10,3,1905AGAHCB,,,0,0,3.3,Not Passed,
FA2022,FA2022-class 10,4,1905AFBJBD,,,9,8,8.8,Passed,
FA2022,FA2022-class 10,5,1905AGBJIJ,,,4,7.2,6.7,Passed,
FA2022,FA2022-class 10,6,1905AGBJBJ,,,4,6.2,5.9,Passed,
FA2022,FA2022-class 10,7,1905AGBJBA,,,0,0,3.3,Not Passed,
FA2022,FA2022-class 10,8,1905AGBJHB,,,8,5.2,6.9,Passed,
FA2022,FA2022-class 10,9,1905AGBADF,,,0,9,5.8,Not Passed,
FA2022,FA2022-class 10,10,1905AFAEEE,,,1,7.8,5.8,Passed,
FA2022,FA2022-class 10,11,1905AGBJGH,,,9,7.4,7.7,Passed,
FA2022,FA2022-class 10,12,1905AGBAIA,,,9,8,8.6,Passed,
FA2022,FA2022-class 10,13,1905AGAHEI,,,0,6.4,5,Not Passed,
FA2022,FA2022-class 10,14,1905AEJGFD,,,2,7.6,6.4,Passed,
FA2022,FA2022-class 10,15,1905AGAIIJ,,,10,8.8,9.4,Passed,
FA2022,FA2022-class 10,16,1905AGBAJC,,,10,8,8.6,Passed,
FA2022,FA2022-class 10,17,1905ADJGFB,,,0,0,2.6,Not Passed,
FA2022,FA2022-class 10,18,1905AGBBBA,,,10,8.6,8.9,Passed,
FA2022,FA2022-class 10,19,1905AEJIAC,,,1,6.6,5.6,Passed,
FA2022,FA2022-class 10,20,1905AGAHGB,,,10,7,8.7,Passed,
FA2022,FA2022-class 10,21,1905AGBAGI,,,0,0,2.7,Not Passed,
FA2022,FA2022-class 10,22,1905AGBAEI,,,8,5.8,7.4,Passed,
FA2022,FA2022-class 10,23,1905AGBJAA,,,8,5.8,7.3,Passed,
FA2022,FA2022-class 10,24,1905AGBBDC,,,6,6.2,6.9,Passed,
FA2022,FA2022-class 10,25,1905AGAIGI,,,10,7,8.6,Passed,
FA2022,FA2022-class 10,26,1905AGBDEG,,,6,8.6,7.7,Passed,
FA2022,FA2022-class 10,27,1905AFADCE,,,6,5,6.7,Passed,
FA2022,FA2022-class 10,28,1905AGBJEA,,,10,7.4,8.5,Passed,
FA2022,FA2022-class 10,29,1905AGBBBC,,,10,8.4,9,Passed,
FA2022,FA2022-class 10,30,1905AGBBHD,,,0,0,3.3,Not Passed,
FA2022,FA2022-class 10,31,1905AGBBAG,,,9,6.8,8.3,Passed,
FA2022,FA2022-class 10,32,1905AFJJEE,,,0,0,2.6,Not Passed,
FA2022,FA2022-class 10,33,1905AGBADH,,,8,4.4,7.1,Passed,
FA2022,FA2022-class 10,34,1905AGBJGB,,,6,4,6.3,Passed,
FA2022,FA2022-class 11,1,1905AGAJFH,,,6,7.8,7.5,Passed,
FA2022,FA2022-class 11,2,1905AGBDDH,,,0,0,2.9,Not Passed,
FA2022,FA2022-class 11,3,1905AGBBFF,,,3,7.2,6.4,Passed,
FA2022,FA2022-class 11,4,1905AGABCG,,,9,9,8.9,Passed,
FA2022,FA2022-class 11,5,1905AGAJCE,,,8,6.4,7.7,Passed,
FA2022,FA2022-class 11,6,1905AGJDBF,,,4,6.4,6.5,Passed,
FA2022,FA2022-class 11,7,1905AGBCHG,,,0,0,3.2,Not Passed,
FA2022,FA2022-class 11,8,1905AGBBEH,,,4,6.6,6.6,Passed,
FA2022,FA2022-class 11,9,1905AGAJDH,,,3,5.4,6.1,Passed,
FA2022,FA2022-class 11,10,1905AGBGHH,,,0,0,3.2,Not Passed,
FA2022,FA2022-class 11,11,1905AGBCIC,,,1,7.8,6,Passed,
FA2022,FA2022-class 11,12,1905AGBBGJ,,,1,7.6,6,Passed,
FA2022,FA2022-class 11,13,1905AGBCHF,,,2,6.8,6,Passed,
FA2022,FA2022-class 11,14,1905AGBCCI,,,0,0,3.1,Not Passed,
FA2022,FA2022-class 11,15,1905AGBBGI,,,7,6.4,7.3,Passed,
FA2022,FA2022-class 11,16,1905AGABCB,,,2,7.4,6.3,Passed,
FA2022,FA2022-class 11,17,1905AGACIC,,,7,6.2,7.3,Passed,
FA2022,FA2022-class 11,18,1905AGAAHC,,,3,7.4,6.4,Passed,
FA2022,FA2022-class 11,19,1905AGBCAJ,,,1,6.4,5.3,Passed,
FA2022,FA2022-class 11,20,1905AGBDJJ,,,3,8.6,6.8,Passed,
FA2022,FA2022-class 11,21,1905AGAADC,,,3,6.2,6.4,Passed,
FA2022,FA2022-class 11,22,1905AGBECI,,,3,9,7,Passed,
FA2022,FA2022-class 11,23,1905AGABBC,,,0,0,3.4,Not Passed,
FA2022,FA2022-class 11,24,1905AGBCJH,,,5,6.6,6.8,Passed,
FA2022,FA2022-class 11,25,1905AGBDEE,,,0,0,3.4,Not Passed,
FA2022,FA2022-class 11,26,1905AGBFBB,,,7,8.6,8.1,Passed,
FA2022,FA2022-class 11,27,1905AGAJJA,,,7,5.8,7.2,Passed,
FA2022,FA2022-class 11,28,1905AFAHCD,,,0,0,0,Attendance Fail,
FA2022,FA2022-class 11,29,1905AGBDFH,,,0,0,3,Not Passed,
FA2022,FA2022-class 11,30,1905AGBCGD,,,4,7.8,6.8,Passed,
FA2022,FA2022-class 11,31,1905AGBCJI,,,4,7.2,6.5,Passed,
FA2022,FA2022-class 11,32,1905AGBDJF,,,0,0,2.9,Not Passed,
FA2022,FA2022-class 11,33,1905AGBECF,,,8,9.2,8.6,Passed,
FA2022,FA2022-class 11,34,1905AGBEDB,,,1,6.8,5.7,Passed,
FA2022,FA2022-class 11,35,1905AGJEDC,,,1,8.4,6.1,Passed,
FA2022,FA2022-class 12,1,1905AGBIHI,,,4,6.4,6.9,Passed,
FA2022,FA2022-class 12,2,1905AGBGID,,,0,0,3.1,Is Susspended,
FA2022,FA2022-class 12,3,1905AGBEFD,,,6,7.2,7.9,Passed,
FA2022,FA2022-class 12,4,1905AGBIDD,,,7,5.6,7.8,Passed,
FA2022,FA2022-class 12,5,1905AGBDIH,,,0,0,3.5,Not Passed,
FA2022,FA2022-class 12,6,1905AGBICA,,,4,6.8,7.2,Passed,
FA2022,FA2022-class 12,7,1905AGBIGG,,,10,6,8.6,Passed,
FA2022,FA2022-class 12,8,1905AGBIDH,,,6,5.2,7.3,Passed,
FA2022,FA2022-class 12,9,1905AGBIJD,,,5,4.8,6.6,Passed,
FA2022,FA2022-class 12,10,1905AGBDGC,,,1,6,5.9,Passed,
FA2022,FA2022-class 12,11,1905AGBHIG,,,5,6.2,6.5,Passed,
FA2022,FA2022-class 12,12,1905AGBHIE,,,5,5.2,6.6,Passed,
FA2022,FA2022-class 12,13,1905AGBGGJ,,,6,7.4,8,Passed,
FA2022,FA2022-class 12,14,1905AGBIBA,,,8,8.2,8.5,Passed,
FA2022,FA2022-class 12,15,1905AGBFJI,,,9,6.4,8,Passed,
FA2022,FA2022-class 12,16,1905AEJJED,,,6,4.6,5.8,Passed,
FA2022,FA2022-class 12,17,1905AGBHCC,,,9,6.2,8.1,Passed,
FA2022,FA2022-class 12,18,1905AGBIBH,,,5,4.4,6.6,Passed,
FA2022,FA2022-class 12,19,1905AGBGEC,,,0,5.6,4.4,Not Passed,
FA2022,FA2022-class 12,20,1905AGCJJB,,,8,7,8.3,Passed,
FA2022,FA2022-class 12,21,1905AGBIEB,,,5,5.8,7.2,Passed,
FA2022,FA2022-class 12,22,1905AGBFHA,,,9,7.6,8.8,Passed,
FA2022,FA2022-class 12,23,1905AGBHFC,,,3,5.2,6,Passed,
FA2022,FA2022-class 12,24,1905AFJHFI,,,10,8.2,9.1,Passed,
FA2022,FA2022-class 12,25,1905AGBHGH,,,0,0,3.5,Not Passed,
FA2022,FA2022-class 12,26,1905AGBGBF,,,0,0,3.9,Not Passed,
FA2022,FA2022-class 12,27,1905AGBGHG,,,4,4.4,5.9,Passed,
FA2022,FA2022-class 12,28,1905AGBIJA,,,4,6.8,6.8,Passed,
FA2022,FA2022-class 12,29,1905AGBFGH,,,0,0,0,Attendance Fail,
FA2022,FA2022-class 13,1,1905AGCDDJ,,,10,6.4,8.4,Passed,
FA2022,FA2022-class 13,2,1905AGCBCG,,,1,5,5.1,Passed,
FA2022,FA2022-class 13,3,1905AGCCJC,,,2,5.6,5.6,Passed,
FA2022,FA2022-class 13,4,1905AGCBFJ,,,3,7,6.5,Passed,
FA2022,FA2022-class 13,5,1905AGCJDC,,,6,8,7.7,Passed,
FA2022,FA2022-class 13,6,1905AGCCGI,,,0,0,3.2,Not Passed,
FA2022,FA2022-class 13,7,1905AGCAJJ,,,2,8.4,6.6,Passed,
FA2022,FA2022-class 13,8,1905AGCCJG,,,3,6.2,6.2,Passed,
FA2022,FA2022-class 13,9,1905AGCJHH,,,0,0,3.4,Not Passed,
FA2022,FA2022-class 13,10,1905AGCCIG,,,1,7,5.9,Passed,
FA2022,FA2022-class 13,11,1905AGCBGB,,,5,5.6,6.5,Passed,
FA2022,FA2022-class 13,12,1905AGCBFA,,,2,6.4,6.1,Passed,
FA2022,FA2022-class 13,13,1905AGCBHJ,,,6,8.6,7.8,Passed,
FA2022,FA2022-class 13,14,1905AGCCBH,,,1,7.4,5.8,Passed,
FA2022,FA2022-class 13,15,1905AGCBCJ,,,9,9.2,9.1,Passed,
FA2022,FA2022-class 13,16,1905AGCBEB,,,1,9.6,6.6,Passed,
FA2022,FA2022-class 13,17,1905AGCJFC,,,1,6.4,5.7,Passed,
FA2022,FA2022-class 13,18,1905AGCCGG,,,1,0,3.5,Not Passed,
FA2022,FA2022-class 13,19,1905AGCDDF,,,6,6.4,7.1,Passed,
FA2022,FA2022-class 13,20,1905AGCBFD,,,2,8.2,6.6,Passed,
FA2022,FA2022-class 13,21,1905AGCJDE,,,4,5.8,6,Passed,
FA2022,FA2022-class 13,22,1905AGCCAD,,,6,7.4,7.4,Passed,
FA2022,FA2022-class 13,23,1905AGCBCC,,,3,7,6.2,Passed,
FA2022,FA2022-class 13,24,1905AGCCDC,,,5,5,6.4,Passed,
FA2022,FA2022-class 13,25,1905AGCJBI,,,0,0,3.4,Not Passed,
FA2022,FA2022-class 14,1,1905AGCEEB,,,1,6.2,5.7,Passed,
FA2022,FA2022-class 14,2,1905AGCCEC,,,0,0,3.6,Not Passed,
FA2022,FA2022-class 14,3,1905AGCEBA,,,0,0,3.1,Not Passed,
FA2022,FA2022-class 14,4,1905AGCEIH,,,0,0,3.6,Not Passed,
FA2022,FA2022-class 14,5,1905AGCDIG,,,6,6,7.3,Passed,
FA2022,FA2022-class 14,6,1905AGCEEE,,,4,5.6,6.4,Passed,
FA2022,FA2022-class 14,7,1905AGCCIB,,,3,7.4,6.7,Passed,
FA2022,FA2022-class 14,8,1905AGCEIB,,,8,8,8.5,Passed,
FA2022,FA2022-class 14,9,1905AGCFEB,,,2,7.2,6.2,Passed,
FA2022,FA2022-class 14,10,1905AFAHCC,,,0,0,3.4,Not Passed,
FA2022,FA2022-class 14,11,1905AGCEDH,,,0,0,3.5,Not Passed,
FA2022,FA2022-class 14,12,1905AGCFAD,,,2,7.2,6.4,Passed,
FA2022,FA2022-class 14,13,1905AFAFDC,,,1,5.8,5.7,Passed,
FA2022,FA2022-class 14,14,1905AGCDHH,,,2,4,4.8,Not Passed,
FA2022,FA2022-class 14,15,1905AGCEIC,,,3,6.8,5.8,Passed,
FA2022,FA2022-class 14,16,1905AGCDEI,,,2,5,5.7,Passed,
FA2022,FA2022-class 14,17,1905AGCEAC,,,6,8,7.8,Passed,
FA2022,FA2022-class 14,18,1905AGCEJG,,,3,6.4,6.3,Passed,
FA2022,FA2022-class 14,19,1905AGAFII,,,1,7.6,5.8,Passed,
FA2022,FA2022-class 14,20,1905AGCEEH,,,2,6.6,5.5,Passed,
FA2022,FA2022-class 14,21,1905AFAAIE,,,0,0,3,Not Passed,
FA2022,FA2022-class 14,22,1905AFAFDJ,,,0,0,0.4,Attendance Fail,
FA2022,FA2022-class 14,23,1905AGCDCH,,,9,7.6,8.6,Passed,
FA2022,FA2022-class 14,24,1905AFJDBB,,,3,8,6.3,Passed,
FA2022,FA2022-class 14,25,1905AGCFHC,,,6,6.8,7.5,Passed,
FA2022,FA2022-class 14,26,1905AGCEDD,,,0,0,3.7,Not Passed,
FA2022,FA2022-class 14,27,1905AFAHHB,,,0,0,3.2,Not Passed,
FA2022,FA2022-class 14,28,1905AGCDGI,,,0,0,2.9,Is Susspended,
FA2022,FA2022-class 14,29,1905AGCDEE,,,1,7.8,6,Passed,
FA2022,FA2022-class 14,30,1905AGCEEA,,,6,8.2,6.6,Passed,
FA2022,FA2022-class 14,31,1905AGCFCC,,,8,8.2,8.6,Passed,
FA2022,FA2022-class 14,32,1905AGCFJF,,,0,0,3.7,Not Passed,
FA2022,FA2022-class 14,33,1905AFAEIJ,,,1,5.6,5.1,Passed,
FA2022,FA2022-class 14,34,1905AGBBDA,,,2,8,6.1,Passed,
FA2022,FA2022-class 14,35,1905ADJEAE,,,1,0,3,Not Passed,
FA2022,FA2022-class 15,1,1905AGBBII,,,10,9.2,9.2,Passed,
FA2022,FA2022-class 15,2,1905AGBCGB,,,5,7.8,6.6,Passed,
FA2022,FA2022-class 15,3,1905AGCJBD,,,10,8.4,8.8,Passed,
FA2022,FA2022-class 15,4,1905AFJJBH,,,1,8,5.9,Passed,
FA2022,FA2022-class 15,5,1905AFJJAH,,,5,6,6.6,Passed,
FA2022,FA2022-class 15,6,1905AFJJEI,,,0,0,2,Not Passed,
FA2022,FA2022-class 15,7,1905AFJJGJ,,,6,4.6,5.8,Passed,
FA2022,FA2022-class 15,8,1905AFJJAC,,,2,6.6,5.6,Passed,
FA2022,FA2022-class 15,9,1905AFJJFA,,,0,0,2.6,Not Passed,
FA2022,FA2022-class 15,10,1905AFJJBE,,,2,7.6,5.6,Passed,
FA2022,FA2022-class 15,11,1905AGAIED,,,10,7,8.3,Passed,
FA2022,FA2022-class 15,12,1905AGCJBJ,,,3,8.2,6.7,Passed,
FA2022,FA2022-class 15,13,1905AFJJAB,,,0,0,1.9,Not Passed,
FA2022,FA2022-class 15,14,1905AFJJCA,,,1,8,5.7,Passed,
FA2022,FA2022-class 15,15,1905AEACGI,,,0,0,3.3,Not Passed,
FA2022,FA2022-class 15,16,1905AFJACD,,,0,3.4,2.7,Is Susspended,
FA2022,FA2022-class 15,17,1905AFJJDD,,,1,6.4,5.1,Passed,
FA2022,FA2022-class 15,18,1905AFJJBJ,,,0,0,1.7,Not Passed,
FA2022,FA2022-class 15,19,1905AGCJAB,,,0,0,2.8,Not Passed,
FA2022,FA2022-class 15,20,1905AFJJFB,,,3,6.6,6,Passed,
FA2022,FA2022-class 15,21,1905AFJBJF,,,1,6.8,5.5,Passed,
FA2022,FA2022-class 15,22,1905AFJBCG,,,1,7.4,5.5,Passed,
FA2022,FA2022-class 15,23,1905AFJJAE,,,6,5.6,6.3,Passed,
FA2022,FA2022-class 15,24,1905AFJJDI,,,1,6.8,5,Passed,
FA2022,FA2022-class 15,25,1905AFJJHB,,,10,7.6,8.2,Passed,
FA2022,FA2022-class 16,1,1905AFJCEH,,,10,6.2,7.5,Passed,
FA2022,FA2022-class 16,2,1905AFJCBA,,,6,4.4,5.6,Passed,
FA2022,FA2022-class 16,3,1905AFJCGI,,,0,0,0,Attendance Fail,
FA2022,FA2022-class 16,4,1905AFJJBA,,,10,6.6,7.9,Passed,
FA2022,FA2022-class 16,5,1905AFJBHA,,,0,0,2.4,Not Passed,
FA2022,FA2022-class 16,6,1905AFJBFE,,,8,5.8,6.8,Passed,
FA2022,FA2022-class 16,7,1905AFJCFA,,,10,6.4,8,Passed,
FA2022,FA2022-class 16,8,1905AFJCFG,,,10,8,8.9,Passed,
FA2022,FA2022-class 16,9,1905AFJCJE,,,7,7.4,7.4,Passed,
FA2022,FA2022-class 16,10,0805AECGEB,,,0,0,2.7,Not Passed,
FA2022,FA2022-class 16,11,1905AFJBDD,,,0,0,3.3,Not Passed,
FA2022,FA2022-class 16,12,1905AFJCAG,,,8,7.6,7.5,Passed,
FA2022,FA2022-class 16,13,1905AFJCEC,,,8,7.6,7,Passed,
FA2022,FA2022-class 16,14,1905AFJBFA,,,6,3.8,5,Not Passed,
FA2022,FA2022-class 16,15,1905AFJCDG,,,7,5.6,5.8,Passed,
FA2022,FA2022-class 16,16,1905AFJCJC,,,9,5.8,6.8,Passed,
FA2022,FA2022-class 16,17,1905AFJCDJ,,,0,0,0,Attendance Fail,
FA2022,FA2022-class 16,18,1905AFJCGG,,,10,8.6,9.5,Passed,
FA2022,FA2022-class 16,19,1905AFJBFG,,,8,5.6,6.8,Passed,
FA2022,FA2022-class 16,20,1905AFJCCJ,,,10,8,7.7,Passed,
FA2022,FA2022-class 16,21,1905AFJJAJ,,,10,8.8,8.6,Passed,
FA2022,FA2022-class 16,22,1905AFAEGI,,,1,7.8,5.2,Passed,
FA2022,FA2022-class 16,23,1905AFJBGA,,,4,6,6.1,Passed,
FA2022,FA2022-class 16,24,1905AFJCAC,,,8,6.6,6.9,Passed,
FA2022,FA2022-class 16,25,1905AFJCBJ,,,4,8,6.4,Passed,
FA2022,FA2022-class 16,26,1905AFJCCG,,,9,8,7.7,Passed,
FA2022,FA2022-class 16,27,1905AFJCDB,,,0,0,0,Attendance Fail,
FA2022,FA2022-class 16,28,1905AFJBGI,,,6,4.2,5.7,Passed,
FA2022,FA2022-class 16,29,1905AFJCAB,,,6,5.6,6.2,Passed,
FA2022,FA2022-class 16,30,1905AFJCAI,,,6,6.4,6.1,Passed,
FA2022,FA2022-class 16,31,1905AFJCFI,,,4,6.8,5.4,Passed,
FA2022,FA2022-class 16,32,1905AFJBID,,,6,6,5.6,Passed,
FA2022,FA2022-class 16,33,1905AEACGF,,,0,0,0,Attendance Fail,
FA2022,FA2022-class 16,34,1905AFJBFC,,,9,4.6,6.7,Passed,
FA2022,FA2022-class 16,35,1905AFAIEJ,,,0,0,0,Attendance Fail,
FA2022,FA2022-class 17,1,1905AFJDJF,,,0,0,2.9,Not Passed,
FA2022,FA2022-class 17,2,1905AFJEJB,,,2,9,5.9,Passed,
FA2022,FA2022-class 17,3,1905AFJDBC,,,0,0,2.5,Not Passed,
FA2022,FA2022-class 17,4,1905AFJDEI,,,2,5,4.9,Not Passed,
FA2022,FA2022-class 17,5,1905AEJDGC,,,6,8.4,5.3,Passed,
FA2022,FA2022-class 17,6,1905AFJDGI,,,4,7.6,6.7,Passed,
FA2022,FA2022-class 17,7,1905AFJDDB,,,0,0,1.1,Attendance Fail,
FA2022,FA2022-class 17,8,1905AFJEJC,,,0,0,2.8,Not Passed,
FA2022,FA2022-class 17,9,1905AFJCIA,,,1,5,5,Passed,
FA2022,FA2022-class 17,10,1905AFJCHF,,,3,7.2,5.7,Passed,
FA2022,FA2022-class 17,11,1905AFJDJE,,,6,7.2,7,Passed,
FA2022,FA2022-class 17,12,1905AFJDDE,,,4,6.4,5.9,Passed,
FA2022,FA2022-class 17,13,1905ADJFJE,,,0,0,2.4,Not Passed,
FA2022,FA2022-class 17,14,1905AFJDDH,,,0,0,2.8,Not Passed,
FA2022,FA2022-class 17,15,1905AFJEJH,,,0,0,3,Not Passed,
FA2022,FA2022-class 17,16,1905AFJDEA,,,1,8.2,5.5,Passed,
FA2022,FA2022-class 17,17,1905AFJCIB,,,1,8.4,5.7,Passed,
FA2022,FA2022-class 17,18,1905AFJCID,,,3,4.8,5.2,Passed,
FA2022,FA2022-class 17,19,1905AFJDFC,,,2,6.8,5.8,Passed,
FA2022,FA2022-class 17,20,1905AFJDFD,,,2,8,5.9,Passed,
FA2022,FA2022-class 17,21,1905AFJDHJ,,,1,8.8,5.3,Passed,
FA2022,FA2022-class 17,22,1905AFJDGA,,,1,6.4,5.1,Passed,
FA2022,FA2022-class 18,1,1905AFJEGB,,,8,6,7.9,Passed,
FA2022,FA2022-class 18,2,1905AFJEEI,,,6,4.8,6.6,Passed,
FA2022,FA2022-class 18,3,1905AFJEFE,,,6,5,7,Passed,
FA2022,FA2022-class 18,4,1905AFJEGJ,,,8,7,8.1,Passed,
FA2022,FA2022-class 18,5,1905AFBJDC,,,2,6.2,5.7,Passed,
FA2022,FA2022-class 18,6,1905AFJEAA,,,7,6.6,7.5,Passed,
FA2022,FA2022-class 18,7,1905AFJEGG,,,10,7.2,8.9,Passed,
FA2022,FA2022-class 18,8,1905AFJEEF,,,8,4.8,7,Passed,
FA2022,FA2022-class 18,9,1905AFJEDH,,,6,4.6,5.4,Passed,
FA2022,FA2022-class 18,10,1905AFJEAB,,,7,6.2,7.5,Passed,
FA2022,FA2022-class 18,11,1905AFJEHA,,,6,4.4,6.6,Passed,
FA2022,FA2022-class 18,12,1905AFJEHJ,,,4,3.6,4.9,Not Passed,
FA2022,FA2022-class 18,13,1905AFBJJA,,,6,6,6.4,Passed,
FA2022,FA2022-class 18,14,1905AFJEIA,,,6,6.2,7.3,Passed,
FA2022,FA2022-class 18,15,1905AFJDHH,,,6,4.8,6.6,Passed,
FA2022,FA2022-class 18,16,1905AFADBC,,,6,7,7,Passed,
FA2022,FA2022-class 18,17,1905AFJEEG,,,5,4.8,6.5,Passed,
FA2022,FA2022-class 18,18,1905AFJEFG,,,2,6.6,6.2,Passed,
FA2022,FA2022-class 18,19,1905AFJEBJ,,,8,6.2,7.9,Passed,
FA2022,FA2022-class 18,20,1905AFJECB,,,0,0,3.5,Not Passed,
FA2022,FA2022-class 18,21,1905AFJEGD,,,9,6.6,7.9,Passed,
FA2022,FA2022-class 18,22,1905AFJEBB,,,8,4.4,7.1,Passed,
FA2022,FA2022-class 18,23,1905AFJCFC,,,1,0,3.1,Not Passed,
FA2022,FA2022-class 18,24,1905AFJEHE,,,6,7,6.5,Passed,
FA2022,FA2022-class 18,25,1905AFJEDI,,,2,4.6,4,Not Passed,
FA2022,FA2022-class 18,26,1905AFJECD,,,4,6.2,6.6,Passed,
FA2022,FA2022-class 18,27,1905AFJEAD,,,0,3.4,4.7,Is Susspended,
FA2022,FA2022-class 18,28,1905AFJEFH,,,6,6.6,6.4,Passed,
FA2022,FA2022-class 19,1,1905AEJFBJ,,,0,0,1.5,Not Passed,
FA2022,FA2022-class 19,2,1905AFJFJF,,,1,7.6,5.8,Passed,
FA2022,FA2022-class 19,3,1905AFJHFC,,,1,6.8,5.6,Passed,
FA2022,FA2022-class 19,4,1905AFJICJ,,,1,3.6,4.7,Not Passed,
FA2022,FA2022-class 19,5,1905AFJFDI,,,6,8.2,7.6,Passed,
FA2022,FA2022-class 19,6,1905AFJFAI,,,0,0,3.2,Not Passed,
FA2022,FA2022-class 19,7,1905ADJCGG,,,4,4.4,5.5,Passed,
FA2022,FA2022-class 19,8,1905AFJHCD,,,1,6,5.2,Passed,
FA2022,FA2022-class 19,9,1905AFJIBH,,,2,7.4,6,Passed,
FA2022,FA2022-class 19,10,1905AFJHDH,,,1,6.4,5.7,Passed,
FA2022,FA2022-class 19,11,1905AFJHIB,,,3,8,6.2,Passed,
FA2022,FA2022-class 19,12,1905AFJHIC,,,1,7.2,5.8,Passed,
FA2022,FA2022-class 19,13,1905AFJFAA,,,1,6.6,5.6,Passed,
FA2022,FA2022-class 19,14,1905AFJHBJ,,,7,9.8,8.7,Passed,
FA2022,FA2022-class 19,15,1905AFJFCB,,,2,7.8,6.4,Passed,
FA2022,FA2022-class 19,16,1905AFJFDG,,,0,0,3.3,Not Passed,
FA2022,FA2022-class 19,17,1905AFJFAC,,,0,0,3.3,Not Passed,
FA2022,FA2022-class 19,18,1905AFJHED,,,1,7.4,6,Passed,
FA2022,FA2022-class 19,19,1905AFJHGH,,,6,8,8,Passed,
FA2022,FA2022-class 19,20,1905AFJHDA,,,0,0,3.2,Not Passed,
FA2022,FA2022-class 19,21,1905AFJHFB,,,4,8,7.4,Passed,
FA2022,FA2022-class 19,22,1905AFJFJJ,,,1,5.6,5.3,Passed,
FA2022,FA2022-class 19,23,1905AFJHGD,,,4,8,6.7,Passed,
FA2022,FA2022-class 19,24,1905AFJIJG,,,0,0,3.7,Not Passed,
FA2022,FA2022-class 19,25,1905AFJFDF,,,0,0,3,Not Passed,
FA2022,FA2022-class 19,26,1905AFJFCJ,,,2,6.2,5.5,Passed,
FA2022,FA2022-class 19,27,1905AFJFBD,,,1,7.6,6.1,Passed,
FA2022,FA2022-class 19,28,1905AFJEIB,,,2,8.2,6.5,Passed,
FA2022,FA2022-class 19,29,1905AFJFAB,,,3,5.8,5.7,Passed,
FA2022,FA2022-class 19,30,1905AFJFJG,,,2,6.6,5.7,Passed,
FA2022,FA2022-class 19,31,1905AFJHCF,,,1,6.2,5.3,Passed,
FA2022,FA2022-class 19,32,1905AFJFCC,,,5,6,6.7,Passed,
FA2022,FA2022-class 19,33,1905AFJEIC,,,1,7.6,5.6,Passed,
FA2022,FA2022-class 19,34,1905AFJEII,,,0,0,3.1,Not Passed,
FA2022,FA2022-class 20,1,1905AEJFCE,,,6,6.6,4.9,Not Passed,
FA2022,FA2022-class 20,2,1905AFAAEH,,,0,0,2.4,Not Passed,
FA2022,FA2022-class 20,3,1905ADJEJF,,,5,5,5.4,Passed,
FA2022,FA2022-class 20,4,1905AFJIEI,,,1,6.4,5,Passed,
FA2022,FA2022-class 20,5,1905AFAJHJ,,,2,0,4.1,Not Passed,
FA2022,FA2022-class 20,6,1905AFAJDG,,,1,8,6.2,Passed,
FA2022,FA2022-class 20,7,1905AFAAEC,,,0,0,1.5,Not Passed,
FA2022,FA2022-class 20,8,1905AFAACD,,,6,9.2,7.4,Passed,
FA2022,FA2022-class 20,9,1905AFJIDE,,,2,8.6,5.9,Passed,
FA2022,FA2022-class 20,10,1905AFJIGH,,,3,4.6,5.2,Passed,
FA2022,FA2022-class 20,11,1905AFAJGF,,,1,7.2,5.1,Passed,
FA2022,FA2022-class 20,12,1905AFJIEE,,,5,7,6.3,Passed,
FA2022,FA2022-class 20,13,1905AFAJGI,,,0,0,3.6,Not Passed,
FA2022,FA2022-class 20,14,1905AEJHGB,,,1,0,2.4,Not Passed,
FA2022,FA2022-class 20,15,1905AFAJIJ,,,0,0,2.6,Not Passed,
FA2022,FA2022-class 20,16,1905AFAABB,,,1,8.2,6.1,Passed,
FA2022,FA2022-class 20,17,1905AFAEID,,,0,0,2.7,Not Passed,
FA2022,FA2022-class 20,18,1905AFAJDF,,,2,7.4,6.5,Passed,
FA2022,FA2022-class 20,19,1905AFJIFI,,,1,7.2,5.2,Passed,
FA2022,FA2022-class 20,20,1905AFAJDD,,,1,0,1.7,Not Passed,
FA2022,FA2022-class 20,21,1905AFAAAA,,,1,6.6,5,Passed,
FA2022,FA2022-class 20,22,1905AFJGIG,,,0,0,0,Attendance Fail,
FA2022,FA2022-class 20,23,1905AEJFAC,,,2,8.6,5.7,Passed,
FA2022,FA2022-class 20,24,1905AFJIDH,,,5,6.6,5.9,Passed,
FA2022,FA2022-class 20,25,1905AFAJCH,,,3,6,6.2,Passed,
FA2022,FA2022-class 20,26,1905AFAABF,,,2,7,6.3,Passed,
FA2022,FA2022-class 20,27,1905AFAJGA,,,1,0,1.8,Not Passed,
FA2022,FA2022-class 20,28,1905AFJIEA,,,3,6.4,5.6,Passed,
FA2022,FA2022-class 20,29,1905AEAJGI,,,0,0,2.2,Not Passed,
FA2022,FA2022-class 20,30,1905AFAJII,,,10,7.8,9.1,Passed,
FA2022,FA2022-class 20,31,1905AFAAED,,,0,0,1.3,Not Passed,
FA2022,FA2022-class 20,32,1905AFAFJA,,,0,0,3.3,Not Passed,
FA2022,FA2022-class 20,33,1905AFJECI,,,0,0,3,Not Passed,
FA2022,FA2022-class 20,34,1905AEJDCH,,,6,6,7.1,Passed,
FA2022,FA2022-class 20,35,1905AFAJDI,,,1,7.2,5.4,Passed,
FA2022,FA2022-class 21,1,1905AFABFD,,,6,5.2,6.5,Passed,
FA2022,FA2022-class 21,2,1905AFABCH,,,0,0,2.1,Not Passed,
FA2022,FA2022-class 21,3,1905AFACHJ,,,2,8.4,6.7,Passed,
FA2022,FA2022-class 21,4,1905AFACGA,,,1,6.8,5.4,Passed,
FA2022,FA2022-class 21,5,1905AFABDH,,,0,0,3,Not Passed,
FA2022,FA2022-class 21,6,1905AFABFE,,,1,6.8,5.2,Passed,
FA2022,FA2022-class 21,7,1905AFAHHF,,,10,9.2,9.4,Passed,
FA2022,FA2022-class 21,8,1905AFAAFA,,,3,6,5.8,Passed,
FA2022,FA2022-class 21,9,1905AFABFH,,,0,4,4.3,Is Susspended,
FA2022,FA2022-class 21,10,1905AFABFJ,,,1,6.2,5.3,Passed,
FA2022,FA2022-class 21,11,1905AFAAHA,,,4,5,5.6,Passed,
FA2022,FA2022-class 21,12,1905AFABIF,,,1,8.4,6.4,Passed,
FA2022,FA2022-class 21,13,1905AFABBI,,,0,0,3.1,Not Passed,
FA2022,FA2022-class 21,14,1905AFABGB,,,1,7.2,5.9,Passed,
FA2022,FA2022-class 21,15,1905AEJBCI,,,0,0,0,Attendance Fail,
FA2022,FA2022-class 21,16,1905AEJEGF,,,0,0,0,Attendance Fail,
FA2022,FA2022-class 21,17,1905AFABHD,,,2,8.4,6.8,Passed,
FA2022,FA2022-class 21,18,1905AFABAC,,,0,0,2.2,Not Passed,
FA2022,FA2022-class 21,19,1905AFABGG,,,1,7.6,5.8,Passed,
FA2022,FA2022-class 21,20,1905AFJCBF,,,1,0,3.3,Is Susspended,
FA2022,FA2022-class 21,21,1905AFACJF,,,3,8.2,6.7,Passed,
FA2022,FA2022-class 21,22,1905AFABGC,,,1,6.6,5.3,Passed,
FA2022,FA2022-class 21,23,1905AFABJG,,,1,8.6,5.9,Passed,
FA2022,FA2022-class 21,24,1905AFABGJ,,,6,8.8,7.8,Passed,
FA2022,FA2022-class 22,1,1905AFADFA,,,8,7.6,7.7,Passed,
FA2022,FA2022-class 22,2,1905AFADDI,,,6,5.4,5.7,Passed,
FA2022,FA2022-class 22,3,1905AFABEG,,,10,7.6,8.1,Passed,
FA2022,FA2022-class 22,4,1905AFADJG,,,1,5.2,4.3,Not Passed,
FA2022,FA2022-class 22,5,1905AFAGEF,,,0,0,2.1,Not Passed,
FA2022,FA2022-class 22,6,1905AFAEJD,,,6,5.4,5.8,Passed,
FA2022,FA2022-class 22,7,1905AFAECB,,,9,8.4,8.2,Passed,
FA2022,FA2022-class 22,8,1905AFADHH,,,9,5.8,6.9,Passed,
FA2022,FA2022-class 22,9,1905AFABFC,,,8,6.4,6.7,Passed,
FA2022,FA2022-class 22,10,1905AFACGF,,,8,7.4,7.8,Passed,
FA2022,FA2022-class 22,11,1905AFADDF,,,8,4.4,6,Passed,
FA2022,FA2022-class 22,12,1905AFADFH,,,6,5.8,6.3,Passed,
FA2022,FA2022-class 22,13,1905AEJEHD,,,8,5,6.5,Passed,
FA2022,FA2022-class 22,14,1905AFJAID,,,5,6.8,6.4,Passed,
FA2022,FA2022-class 22,15,1905AFADCF,,,0,0,2.5,Not Passed,
FA2022,FA2022-class 22,16,1905AFADBA,,,0,0,2.3,Not Passed,
FA2022,FA2022-class 22,17,1905AFADFJ,,,6,5.6,6,Passed,
FA2022,FA2022-class 22,18,1905AFAFEH,,,9,9.2,8.7,Passed,
FA2022,FA2022-class 22,19,1905AFADJA,,,0,0,1.2,Attendance Fail,
FA2022,FA2022-class 22,20,1905AFAEAJ,,,0,0,2.8,Not Passed,
FA2022,FA2022-class 22,21,1905AFAGFC,,,0,0,1,Not Passed,
FA2022,FA2022-class 22,22,1905AFADFB,,,6,8.6,7.2,Passed,
FA2022,FA2022-class 22,23,1905AFAEBB,,,10,8.6,8.3,Passed,
FA2022,FA2022-class 22,24,1905AGJJJC,,,2,8.8,5.4,Passed,
FA2022,FA2022-class 22,25,1905AFADHG,,,9,7,7.8,Passed,
FA2022,FA2022-class 22,26,1905AFACGG,,,6,4,5.7,Passed,
FA2022,FA2022-class 22,27,1905AFADIF,,,4,5.2,5.1,Passed,
FA2022,FA2022-class 22,28,1905AFAEBE,,,9,7,7.9,Passed,
FA2022,FA2022-class 22,29,1905AFADAD,,,6,5,5.6,Passed,
FA2022,FA2022-class 22,30,1905AFAJAB,,,2,7.4,5,Passed,
FA2022,FA2022-class 22,31,1905AFADGA,,,6,8.8,7.4,Passed,
FA2022,FA2022-class 22,32,1905AFAEDC,,,0,0,2.5,Is Susspende,
FA2022,FA2022-class 23,1,1905AFAGCB,,,0,0,3.7,Not Passed,
FA2022,FA2022-class 23,2,1905AFAFAE,,,2,5.2,5.5,Passed,
FA2022,FA2022-class 23,3,1905AFAGBJ,,,1,7.6,6.3,Passed,
FA2022,FA2022-class 23,4,1905AFAFJE,,,2,5.4,5.5,Passed,
FA2022,FA2022-class 23,5,1905AGAIAH,,,8,7.8,8.2,Passed,
FA2022,FA2022-class 23,6,1905AFAFFB,,,0,0,2.8,Not Passed,
FA2022,FA2022-class 23,7,1905AFAEEG,,,6,7.6,7.9,Passed,
FA2022,FA2022-class 23,8,1905AFADHD,,,2,5.8,5.3,Passed,
FA2022,FA2022-class 23,9,1905AGJDJH,,,9,7.4,8.7,Passed,
FA2022,FA2022-class 23,10,1905AFAGCD,,,10,8.8,9.1,Passed,
FA2022,FA2022-class 23,11,1905AFAFBI,,,0,0,3,Not Passed,
FA2022,FA2022-class 23,12,1905AFAEFF,,,1,7.8,5.9,Passed,
FA2022,FA2022-class 23,13,1905AFAGDC,,,3,6.6,6.3,Passed,
FA2022,FA2022-class 23,14,1905AFAFHD,,,0,0,3.7,Not Passed,
FA2022,FA2022-class 23,15,1905AFAEHC,,,6,7.8,7.7,Passed,
FA2022,FA2022-class 23,16,1905AFAEEC,,,0,0,3.5,Not Passed,
FA2022,FA2022-class 23,17,1905AFAFAD,,,1,7.2,5.9,Passed,
FA2022,FA2022-class 23,18,1905AFAGAJ,,,0,0,3.6,Not Passed,
FA2022,FA2022-class 23,19,1905AFAFDA,,,3,5.6,5.8,Passed,
FA2022,FA2022-class 23,20,1905AFAFFH,,,4,7.2,6.5,Passed,
FA2022,FA2022-class 23,21,1905AFAFBJ,,,5,5.2,6,Passed,
FA2022,FA2022-class 23,22,1905AGJACJ,,,9,7.4,8.7,Passed,
FA2022,FA2022-class 23,23,1905AFAEIF,,,1,0,1.2,Not Passed,
FA2022,FA2022-class 23,24,1905ADJBEI,,,1,5.8,5.3,Passed,
FA2022,FA2022-class 24,1,1905AFAGFE,,,8,7.2,8.2,Passed,
FA2022,FA2022-class 24,2,1905AFAHFI,,,10,9.2,9.5,Passed,
FA2022,FA2022-class 24,3,1905AFAHEJ,,,8,7.8,7.8,Passed,
FA2022,FA2022-class 24,4,1905AFAHFD,,,8,7.2,8,Passed,
FA2022,FA2022-class 24,5,1905AFAGFG,,,10,7.4,8.9,Passed,
FA2022,FA2022-class 24,6,1905AFAHDA,,,0,0,1.9,Not Passed,
FA2022,FA2022-class 24,7,1905AFAGIE,,,9,7.4,8.6,Passed,
FA2022,FA2022-class 24,8,1905AFAHEI,,,3,6.2,5.9,Passed,
FA2022,FA2022-class 24,9,1905AFAHJH,,,6,6.8,7.1,Passed,
FA2022,FA2022-class 24,10,1905AFAHDJ,,,8,5,7.2,Passed,
FA2022,FA2022-class 24,11,1905AFAHGI,,,9,4.4,7.2,Passed,
FA2022,FA2022-class 24,12,1905AFAHJD,,,6,7.2,7.4,Passed,
FA2022,FA2022-class 24,13,1905AFAHCH,,,7,7.2,7.6,Passed,
FA2022,FA2022-class 24,14,1905AFAHDG,,,9,5.4,7.8,Passed,
FA2022,FA2022-class 24,15,1905AFAHEA,,,8,4.8,7.4,Passed,
FA2022,FA2022-class 24,16,1905AFAGHA,,,0,5,4.9,Is Susspended,
FA2022,FA2022-class 24,17,1905AFADHC,,,9,7.8,8.6,Passed,
FA2022,FA2022-class 24,18,1905AFAGDF,,,8,4.4,6.9,Passed,
FA2022,FA2022-class 24,19,1905AFAGGG,,,8,4.2,6.2,Passed,
FA2022,FA2022-class 24,20,1905AFAGEJ,,,0,0,2.6,Not Passed,
FA2022,FA2022-class 24,21,1905AFAGHH,,,7,7.6,7.9,Passed,
FA2022,FA2022-class 24,22,1905AFAHFE,,,0,0,3.3,Not Passed,
FA2022,FA2022-class 24,23,1905AFAGIG,,,10,8,9,Passed,
FA2022,FA2022-class 24,24,1905AFAGDG,,,10,6,8.1,Passed,
FA2022,FA2022-class 24,25,1905AFAGED,,,9,7.6,8.6,Passed,
FA2022,FA2022-class 24,26,1905AFAHAF,,,10,8.8,9.2,Passed,
FA2022,FA2022-class 24,27,1905AFAHBC,,,6,4.2,6.4,Passed,
FA2022,FA2022-class 24,28,1905AFAHGC,,,10,7.6,8.7,Passed,
FA2022,FA2022-class 24,29,1905AFAGGD,,,8,8.4,8.3,Passed,
FA2022,FA2022-class 24,30,1905AFAGHF,,,10,5.6,8.3,Passed,
FA2022,FA2022-class 24,31,1905AFAHDC,,,8,4,7,Passed,
FA2022,FA2022-class 24,32,1905AFAHAE,,,10,7.2,8.4,Passed,
FA2022,FA2022-class 24,33,1905AFAGEB,,,10,8.4,8.9,Passed,
FA2022,FA2022-class 24,34,1905AFAHBB,,,6,0,5.1,Not Passed,
FA2022,FA2022-class 24,35,1905AFAAEG,,,1,5.8,4.1,Not Passed,
FA2022,FA2022-class 25,1,1905AFAIDA,,,2,8.2,6.6,Passed,
FA2022,FA2022-class 25,2,1905AFAIGC,,,1,5.6,5.3,Passed,
FA2022,FA2022-class 25,3,1905AFAIBA,,,1,6,5.6,Passed,
FA2022,FA2022-class 25,4,1905AFJBJJ,,,5,4.4,6.4,Passed,
FA2022,FA2022-class 25,5,1905AFAIAC,,,3,6.8,6.5,Passed,
FA2022,FA2022-class 25,6,1905AFAIGB,,,1,8,6.3,Passed,
FA2022,FA2022-class 25,7,1905AFAIEE,,,4,6.8,6.7,Passed,
FA2022,FA2022-class 25,8,1905AFAIHC,,,1,7.2,5.9,Passed,
FA2022,FA2022-class 25,9,1905AFJBBJ,,,1,7.8,6,Passed,
FA2022,FA2022-class 25,10,1905AFAIAI,,,0,0,3.3,Not Passed,
FA2022,FA2022-class 25,11,1905AFAIHH,,,4,7.4,6.9,Passed,
FA2022,FA2022-class 25,12,1905AGAJGB,,,10,8.4,9.4,Passed,
FA2022,FA2022-class 25,13,1905AFAIFH,,,1,8,6.2,Passed,
FA2022,FA2022-class 25,14,1905AFAIGA,,,1,7,6,Passed,
FA2022,FA2022-class 25,15,1905AFAIGG,,,1,4.2,4.8,Not Passed,
FA2022,FA2022-class 25,16,1905AFAIDE,,,0,0,3.4,Not Passed,
FA2022,FA2022-class 25,17,1905AFAIHF,,,4,4.8,6.2,Passed,
FA2022,FA2022-class 25,18,1905AFAIEH,,,0,0,3.7,Not Passed,
FA2022,FA2022-class 25,19,1905AFJBJE,,,0,0,3.6,Not Passed,
FA2022,FA2022-class 25,20,1905AFJBCA,,,10,9.6,9.7,Passed,
FA2022,FA2022-class 25,21,1905AFJAFB,,,10,9.2,9.6,Passed,
FA2022,FA2022-class 25,22,1905AFJBCI,,,4,7.8,7.2,Passed,
FA2022,FA2022-class 25,23,1905AFAIFC,,,2,5.2,5.4,Passed,
FA2022,FA2022-class 25,24,1905AFJJGH,,,3,7.8,6.9,Passed,
FA2022,FA2022-class 25,25,1905AFAIEF,,,2,8,6.6,Passed,
FA2022,FA2022-class 25,26,1905AFAIFF,,,1,7,5.9,Passed,
FA2022,FA2022-class 25,27,1905AFBJBI,,,2,4.8,5.6,Passed,
FA2022,FA2022-class 25,28,1905AFAHIA,,,2,8.2,6.8,Passed,
FA2022,FA2022-class 25,29,1905AFAHIG,,,1,6.2,5.6,Passed,
FA2022,FA2022-class 25,30,1905AFADEE,,,6,6.4,6.8,Passed,
FA2022,FA2022-class 26,1,1905AFBJBB,,,3,6.2,5.8,Passed,
FA2022,FA2022-class 26,2,1905AFBJIH,,,0,0,3.4,Not Passed,
FA2022,FA2022-class 26,3,1905AFBJHI,,,1,7,6.1,Passed,
FA2022,FA2022-class 26,4,1905AFBJHG,,,1,8,6.3,Passed,
FA2022,FA2022-class 26,5,1905AFBJHD,,,0,0,3.2,Not Passed,
FA2022,FA2022-class 26,6,1905AFBJAG,,,1,4.6,5.3,Passed,
FA2022,FA2022-class 26,7,1905AFBJFB,,,1,7.6,6.2,Passed,
FA2022,FA2022-class 26,8,1905AFBJFI,,,0,0,3.4,Not Passed,
FA2022,FA2022-class 26,9,1905AFBJCE,,,1,5.2,5.4,Passed,
FA2022,FA2022-class 26,10,1905AFAIIG,,,0,0,3.4,Not Passed,
FA2022,FA2022-class 26,11,1905AFBJIC,,,1,7,5.9,Passed,
FA2022,FA2022-class 26,12,1905AFBJEF,,,4,7.2,7.1,Passed,
FA2022,FA2022-class 26,13,1905AFBAJJ,,,0,0,3.2,Not Passed,
FA2022,FA2022-class 26,14,1905AFBJHJ,,,5,7.6,7.4,Passed,
FA2022,FA2022-class 26,15,1905AFBJJF,,,1,8,6.2,Passed,
FA2022,FA2022-class 26,16,1905AFBJFC,,,3,5.6,5.1,Passed,
FA2022,FA2022-class 26,17,1905AFBJCH,,,4,7.6,7.1,Passed,
FA2022,FA2022-class 26,18,1905AFBJEH,,,4,6,6.6,Passed,
FA2022,FA2022-class 26,19,1905AFBAJG,,,1,8.4,6.3,Passed,
FA2022,FA2022-class 26,20,1905AFBJAF,,,0,0,3.5,Not Passed,
FA2022,FA2022-class 26,21,1905AFBJCG,,,1,5,5.4,Passed,
FA2022,FA2022-class 26,22,1905AFBJEC,,,5,4.4,6.1,Passed,
FA2022,FA2022-class 26,23,1905AFBJJE,,,1,6.8,6.1,Passed,
FA2022,FA2022-class 26,24,1905AFBJFH,,,1,8.4,6,Passed,
FA2022,FA2022-class 26,25,1905AFBAAC,,,1,6.6,5.7,Passed,
FA2022,FA2022-class 26,26,1905AFBAHI,,,8,6.4,7.8,Passed,
FA2022,FA2022-class 26,27,1905AFBJJH,,,0,0,3.6,Not Passed,
FA2022,FA2022-class 26,28,1919AFJFEC,,,8,7.2,8,Passed,
FA2022,FA2022-class 26,29,1905AFBJAB,,,0,0,3.6,Not Passed,
FA2022,FA2022-class 26,30,1905AFBJCB,,,3,8,6.8,Passed,
FA2022,FA2022-class 26,31,1905AFBJII,,,3,8.6,7.1,Passed,
FA2022,FA2022-class 26,32,1905AFBJAD,,,0,0,3.6,Not Passed,
FA2022,FA2022-class 26,33,1905AFBAJF,,,0,0,3.5,Not Passed,
FA2022,FA2022-class 26,34,1905AFBJAJ,,,1,6.4,5.6,Passed,
FA2022,FA2022-class 27,1,1905AEJFDB,,,1,5.8,5.3,Passed,
FA2022,FA2022-class 27,2,1905AFBADI,,,6,7.6,8.1,Passed,
FA2022,FA2022-class 27,3,1919AFJJFJ,,,5,6.8,7,Passed,
FA2022,FA2022-class 27,4,1905AEJCIB,,,3,9.2,7.1,Passed,
FA2022,FA2022-class 27,5,1905AFBAEA,,,2,4.8,5.3,Passed,
FA2022,FA2022-class 27,6,1905AFBAHF,,,8,6.2,7.8,Passed,
FA2022,FA2022-class 27,7,1905ADAAJD,,,0,0,0,Attendance Fail,
FA2022,FA2022-class 27,8,1905AFBAAG,,,6,8.6,8.3,Passed,
FA2022,FA2022-class 27,9,1905AFBAAD,,,9,7,8.7,Passed,
FA2022,FA2022-class 27,10,1919AFJCDG,,,0,0,3.3,Not Passed,
FA2022,FA2022-class 27,11,1919AFJCGF,,,1,0,3.6,Attendance Fail,
FA2022,FA2022-class 27,12,1905AFBAJI,,,3,8.2,6.9,Passed,
FA2022,FA2022-class 27,13,1905AFBAHH,,,4,7,7,Passed,
FA2022,FA2022-class 27,14,1905AFBACA,,,1,6.8,5.6,Passed,
FA2022,FA2022-class 27,15,1905ADJCIB,,,0,0,3.4,Not Passed,
FA2022,FA2022-class 27,16,1919AGJDCH,,,2,7.4,6.7,Passed,
FA2022,FA2022-class 27,17,1905AFAJAC,,,0,0,3,Not Passed,
FA2022,FA2022-class 27,18,1905AFBAEB,,,8,6.8,8.1,Passed,
FA2022,FA2022-class 27,19,1905AFBACI,,,6,6.2,7.3,Passed,
FA2022,FA2022-class 27,20,1905AFJFJH,,,7,7.8,8.3,Passed,
FA2022,FA2022-class 27,21,0405AFJABD,,,0,0,0,Attendance Fail,
FA2022,FA2022-class 27,22,1905AEAEJC,,,4,6,6.3,Passed,
FA2022,FA2022-class 27,23,1905AFJIDJ,,,1,6.2,6,Passed,
FA2022,FA2022-class 27,24,1905AFBADH,,,8,6.8,8.2,Passed,
FA2022,FA2022-class 27,25,1905AFJJAA,,,10,4.6,7.4,Passed,
FA2022,FA2022-class 27,26,1905AFAHCE,,,10,7.2,9.2,Passed,
FA2022,FA2022-class 27,27,1905AFBAFC,,,10,8.4,9.4,Passed,
FA2022,FA2022-class 27,28,1905AFBADE,,,10,7.2,8.9,Passed,
FA2022,FA2022-class 27,29,1901AFJADH,,,3,6.8,6.5,Passed,
FA2022,FA2022-class 27,30,1905AFBAIB,,,8,6.6,7.8,Passed,
FA2022,FA2022-class 27,31,1905AEJCFG,,,0,0,2.4,Attendance Fail,
FA2022,FA2022-class 27,32,1905AFBADC,,,9,8.4,9.1,Passed,
FA2022,FA2022-class 27,33,1905AFAHIJ,,,9,7.8,9,Passed,
FA2022,FA2022-class 27,34,1905AFBAAI,,,8,7.2,8.3,Passed,
FA2023,FA2023-class 1,1,1905AGBHEG,,,1,0,2.1,Not Passed,
FA2023,FA2023-class 1,2,1905AGBJFH,,,2,6.8,4.2,Not Passed,
FA2023,FA2023-class 1,3,1905AGAGDD,,,8,8,7.1,Passed,
FA2023,FA2023-class 1,4,1905AFJFCF,,,7,5.2,7,Passed,
FA2023,FA2023-class 1,5,1905AGBDAH,,,3,8.4,5.7,Passed,
FA2023,FA2023-class 1,6,1905AGABAE,,,0,0,0,Attendance Fail,
FA2023,FA2023-class 1,7,1905AGBJJI,,,5,9.8,6.6,Passed,
FA2023,FA2023-class 1,8,1905AFAEGH,,,2,8.6,5.1,Passed,
FA2023,FA2023-class 1,9,1905AHEJHC,,,5,6.6,7.1,Passed,
FA2023,FA2023-class 1,10,1905AEJIJH,,,2,7.2,5.1,Passed,
FA2023,FA2023-class 1,11,1905ADJCBE,,,0,0,2.3,Not Passed,
FA2023,FA2023-class 1,12,1905AGBGFH,,,3,1.8,3.2,Not Passed,
FA2023,FA2023-class 1,13,1905AGBCFJ,,,6,4.2,6.4,Passed,
FA2023,FA2023-class 1,14,1905AEJEGF,,,1,5,3.7,Not Passed,
FA2023,FA2023-class 1,15,1905AGAHDF,,,3,9.8,5.3,Passed,
FA2023,FA2023-class 1,16,1905AEAJEG,,,0,3.2,1.9,Not Passed,
FA2023,FA2023-class 1,17,1905ADJFDB,,,0,3.8,4,Not Passed,
FA2023,FA2023-class 1,18,1905ACJJEE,,,0,0,0,Attendance Fail,
FA2023,FA2023-class 1,19,1905AFAIBD,,,0,0,0,Attendance Fail,
FA2023,FA2023-class 1,20,1905AEJDFE,,,5,6.2,7,Passed,
FA2023,FA2023-class 1,21,1905AGBHAI,,,1,6.6,4.2,Not Passed,
FA2023,FA2023-class 1,22,1905AGCBBG,,,5,6.4,6.3,Passed,
FA2023,FA2023-class 1,23,1905AGJEFB,,,0,0,0,Attendance Fail,
FA2023,FA2023-class 1,24,1905AGBGEE,,,8,9,6.4,Passed,
FA2023,FA2023-class 1,25,1905AHCDCI,,,6,7.6,6.3,Passed,
FA2023,FA2023-class 1,26,1905AEAAHI,,,0,0,0,Attendance Fail,
FA2023,FA2023-class 2,1,1905AGBAFI,,,8,8.6,8.8,Passed,
FA2023,FA2023-class 2,2,1905AGCDDD,,,6,9.2,8.3,Passed,
FA2023,FA2023-class 2,3,1905AFJFAH,,,4,6.4,6.6,Passed,
FA2023,FA2023-class 2,4,1905AGCCCD,,,4,6.8,6.7,Passed,
FA2023,FA2023-class 2,5,1905AGCJFI,,,8,6.2,8,Passed,
FA2023,FA2023-class 2,6,1905AGCFHE,,,9,9.4,9.3,Passed,
FA2023,FA2023-class 2,7,1905AGJJAC,,,3,5.2,6.1,Passed,
FA2023,FA2023-class 2,8,1905AGCJFJ,,,5,7,7.5,Passed,
FA2023,FA2023-class 2,9,1905AGABFE,,,4,7.6,7.4,Passed,
FA2023,FA2023-class 2,10,1901AGJJIH,,,6,5.8,7.1,Passed,
FA2023,FA2023-class 2,11,1905AGBAGG,,,5,8.4,7.7,Passed,
FA2023,FA2023-class 2,12,1905AGBFJD,,,0,0,0,Attendance Fail,
FA2023,FA2023-class 2,13,1905AHAEAA,,,6,8.4,7.8,Passed,
FA2023,FA2023-class 2,14,1905AGCAJE,,,3,7.4,6.7,Passed,
FA2023,FA2023-class 2,15,1905AGJEGI,,,5,5.4,6.8,Passed,
FA2023,FA2023-class 2,16,1905AGCFHG,,,8,8.2,8.6,Passed,
FA2023,FA2023-class 2,17,1905AFABHH,,,2,4.4,5.5,Passed,
FA2023,FA2023-class 2,18,1905AGJDHE,,,5,7.8,7.3,Passed,
FA2023,FA2023-class 2,19,1905AHBHIA,,,8,9,9,Passed,
FA2023,FA2023-class 2,20,1905AGJDHC,,,4,7,6.9,Passed,
FA2023,FA2023-class 2,21,1905AGBDEF,,,4,4.8,6.1,Passed,
FA2023,FA2023-class 2,22,1905AGCCAC,,,6,7.4,7.7,Passed,
FA2023,FA2023-class 2,23,1905AGBFGI,,,2,6,6,Passed,
FA2023,FA2023-class 2,24,1905AGBHHF,,,8,5.8,7.7,Passed,
FA2023,FA2023-class 2,25,1905AGACBB,,,5,4,6.3,Passed,
FA2023,FA2023-class 2,26,1905AFAHBE,,,4,4.4,6,Passed,
FA2023,FA2023-class 2,27,1905AHJBGG,,,4,8,7.2,Passed,
FA2023,FA2023-class 2,28,1905AGCJAI,,,4,6.4,6.6,Passed,
FA2023,FA2023-class 2,29,1905AGJCEA,,,6,7.4,7.6,Passed,
FA2023,FA2023-class 2,30,1905AGAFCI,,,9,5.8,7.9,Passed,
FA2023,FA2023-class 2,31,1905AGACHB,,,5,6.4,6.9,Passed,
FA2023,FA2023-class 2,32,1905AGBFHI,,,5,4.6,6.6,Passed,
FA2023,FA2023-class 2,33,1905AGCAIA,,,8,9.2,9,Passed,
FA2023,FA2023-class 2,34,1905AFAAEG,,,6,7.8,7.8,Passed,
FA2023,FA2023-class 2,35,1905AGACFC,,,6,6.4,7.4,Passed,
FA2023,FA2023-class 3,1,1905AFJIFC,,,8,9.4,8.6,Passed,
FA2023,FA2023-class 3,2,1905AGCBIG,,,0,0,3.7,Not Passed,
FA2023,FA2023-class 3,3,1905AGCCGF,,,2,5.2,5.9,Passed,
FA2023,FA2023-class 3,4,1905AHCAEJ,,,7,4.6,7,Passed,
FA2023,FA2023-class 3,5,1905AHJDFH,,,1,7,6,Passed,
FA2023,FA2023-class 3,6,0805AGCCJA,,,6,6.2,7,Passed,
FA2023,FA2023-class 3,7,1905AFAHHD,,,1,6.4,5,Passed,
FA2023,FA2023-class 3,8,1905AGAGGB,,,1,6.6,6.1,Passed,
FA2023,FA2023-class 3,9,1905AGCCFB,,,5,6.8,7.3,Passed,
FA2023,FA2023-class 3,10,1905AGCCDD,,,0,0,3.5,Not Passed,
FA2023,FA2023-class 3,11,1905AHBIGA,,,1,7.2,5.7,Passed,
FA2023,FA2023-class 3,12,1905AGBGDD,,,7,4,6.7,Passed,
FA2023,FA2023-class 3,13,1905AGCBHB,,,6,9.2,8.3,Passed,
FA2023,FA2023-class 3,14,1905AEJHAD,,,0,0,3,Not Passed,
FA2023,FA2023-class 3,15,1905AHDJCH,,,4,7.6,7,Passed,
FA2023,FA2023-class 3,16,1905AFADJH,,,3,5.4,5.7,Passed,
FA2023,FA2023-class 3,17,1905AHBBEI,,,7,9,8.3,Passed,
FA2023,FA2023-class 3,18,1905AHCJGI,,,9,8.6,9.1,Passed,
FA2023,FA2023-class 3,19,1905AHDAFE,,,0,3.2,3.6,Not Passed,
FA2023,FA2023-class 3,20,1905ADJGCC,,,4,6,6.4,Passed,
FA2023,FA2023-class 3,21,1905AGCADE,,,1,5,5.3,Passed,
FA2023,FA2023-class 3,22,1905AHBIEB,,,8,5.8,7.7,Passed,
FA2023,FA2023-class 3,23,0805AGCJBE,,,7,5.6,7.2,Passed,
FA2023,FA2023-class 3,24,1905AFAADF,,,4,5.2,6.3,Passed,
FA2023,FA2023-class 3,25,1905AHCAHA,,,6,6.6,7.6,Passed,
FA2023,FA2023-class 3,26,1905AGCCFI,,,6,8,8,Passed,
FA2023,FA2023-class 3,27,1905AFJHHA,,,3,6.2,6.4,Passed,
FA2023,FA2023-class 3,28,1905AGCGAB,,,8,7.6,8.4,Passed,
FA2023,FA2023-class 3,29,1905AHCCBG,,,3,5.4,6.1,Passed,
FA2023,FA2023-class 3,30,1905AFACGC,,,2,7.4,5.4,Passed,
FA2023,FA2023-class 3,31,1905AFBJFE,,,0,0,3.2,Not Passed,
FA2023,FA2023-class 3,32,1905AGAEHE,,,1,8.6,6.5,Passed,
FA2023,FA2023-class 3,33,1905AFAJBJ,,,1,8,6.1,Passed,
FA2023,FA2023-class 3,34,1905AFJBAJ,,,2,6.8,5.8,Passed,
FA2023,FA2023-class 3,35,1905AHCBEE,,,7,7.6,8,Passed,
FA2023,FA2023-class 4,1,1905AGJEEJ,,,5,4.6,6.2,Passed,
FA2023,FA2023-class 4,2,1905AEADAI,,,5,4.8,5.5,Passed,
FA2023,FA2023-class 4,3,1905AEJFCE,,,0,0,0,Attendance Fail,
FA2023,FA2023-class 4,4,1905AFAHBG,,,10,7,8.6,Passed,
FA2023,FA2023-class 4,5,1905AGJECE,,,6,4.8,6.2,Passed,
FA2023,FA2023-class 4,6,1905AEABGJ,,,4,6.2,5.9,Passed,
FA2023,FA2023-class 4,7,1905AFAIIG,,,5,7.8,6.8,Passed,
FA2023,FA2023-class 4,8,1905AHDFAA,,,4,5.4,5.9,Passed,
FA2023,FA2023-class 4,9,1905AHCICB,,,10,10,9.4,Passed,
FA2023,FA2023-class 4,10,1905AHJCHF,,,9,8.2,7.8,Passed,
FA2023,FA2023-class 4,11,1905AGBDAD,,,4,8.6,7.2,Passed,
FA2023,FA2023-class 4,12,1905AHBDBH,,,1,6.2,5,Passed,
FA2023,FA2023-class 4,13,1905AHEJHB,,,7,8.8,8.1,Passed,
FA2023,FA2023-class 4,14,1905AGBECA,,,8,8.4,8,Passed,
FA2023,FA2023-class 4,15,1905AHDHFB,,,3,6.8,5.9,Passed,
FA2023,FA2023-class 4,16,1905AHAEED,,,7,6.2,7,Passed,
FA2023,FA2023-class 4,17,1905AGBDAB,,,5,9.2,7.4,Passed,
FA2023,FA2023-class 4,18,1905AHBBCF,,,5,9.2,7.5,Passed,
FA2023,FA2023-class 4,19,1905AHCHGI,,,5,8,7.2,Passed,
FA2023,FA2023-class 4,20,1905AHJBCF,,,9,7,8.3,Passed,
FA2023,FA2023-class 4,21,1905AHCIHJ,,,4,7,6.5,Passed,
FA2023,FA2023-class 4,22,1905AGBDBF,,,8,7.8,8.1,Passed,
FA2023,FA2023-class 4,23,1905ACJEJC,,,0,0,2.6,Not Passed,
FA2023,FA2023-class 4,24,1905AGBDBC,,,0,0,2,Attendance Fail,
FA2023,FA2023-class 4,25,1905AFAHBE,,,0,0,0,Attendance Fail,
FA2023,FA2023-class 4,26,1905AGBDAA,,,7,5.8,7.2,Passed,
FA2023,FA2023-class 4,27,1905AGBCHA,,,3,8.2,6.7,Passed,
FA2023,FA2023-class 4,28,1905AGCFJB,,,6,5.8,6.6,Passed,
FA2023,FA2023-class 4,29,1905AGBCAG,,,4,5,5.7,Passed,
FA2023,FA2023-class 4,30,1905AGBDII,,,9,9.6,9.1,Passed,
FA2023,FA2023-class 4,31,1905AGJDED,,,4,4.4,5.7,Passed,
FA2023,FA2023-class 4,32,1905ADJGJD,,,5,7.2,7.1,Passed,
FA2023,FA2023-class 4,33,1905AEABDB,,,2,4.6,4.5,Not Passed,
FA2023,FA2023-class 4,34,1905AGBCII,,,6,7.8,7.4,Passed,
FA2023,FA2023-class 4,35,1905AGCBCH,,,10,5.8,8.1,Passed,
FA2023,FA2023-class 5,1,1905AGJBHC,,,2,4,5.2,Passed,
FA2023,FA2023-class 5,2,1905AGJBIG,,,10,7.6,9.1,Passed,
FA2023,FA2023-class 5,3,1905AGJAHC,,,2,4,5.8,Passed,
FA2023,FA2023-class 5,4,1905AGJJBA,,,0,0,3.4,Not Passed,
FA2023,FA2023-class 5,5,1905AGJAEF,,,4,7.4,7.2,Passed,
FA2023,FA2023-class 5,6,1905AGJBBF,,,1,4.8,5.7,Passed,
FA2023,FA2023-class 5,7,1905AGJBJB,,,5,6,7,Passed,
FA2023,FA2023-class 5,8,1905AGJBJA,,,4,4.6,5.7,Passed,
FA2023,FA2023-class 5,9,1905AGJJCJ,,,4,8.6,7.6,Passed,
FA2023,FA2023-class 5,10,1905AGJBAF,,,8,6,8.1,Passed,
FA2023,FA2023-class 5,11,1905AGJJDF,,,0,0,3.8,Not Passed,
FA2023,FA2023-class 5,12,1905AGJAFG,,,5,6.6,7.5,Passed,
FA2023,FA2023-class 5,13,1905AGJAGJ,,,5,8.6,8,Passed,
FA2023,FA2023-class 5,14,1905AGJBJE,,,3,5.4,6.3,Passed,
FA2023,FA2023-class 5,15,1905AGJJGG,,,1,8.4,6.6,Passed,
FA2023,FA2023-class 5,16,1905AGJBCG,,,0,0,3.5,Not Passed,
FA2023,FA2023-class 5,17,1905AGJBEI,,,6,9,8.3,Passed,
FA2023,FA2023-class 5,18,1905AGJAGC,,,4,8.8,7.2,Passed,
FA2023,FA2023-class 5,19,1905AGJAGF,,,8,5.2,7.3,Passed,
FA2023,FA2023-class 5,20,1905AGJBDJ,,,3,6.2,6.5,Passed,
FA2023,FA2023-class 5,21,1905AGJBDF,,,2,7.8,6.9,Passed,
FA2023,FA2023-class 5,22,1905AGJAGH,,,8,8.2,8.8,Passed,
FA2023,FA2023-class 5,23,1905AGJBII,,,8,6.6,8.2,Passed,
FA2023,FA2023-class 5,24,1905AGJBEF,,,5,9.2,7.4,Passed,
FA2023,FA2023-class 5,25,1905AGJAGE,,,8,8.4,8.9,Passed,
FA2023,FA2023-class 5,26,1905AGJBIB,,,9,8.2,9.2,Passed,
FA2023,FA2023-class 5,27,1905AGJCBA,,,1,4.4,5,Passed,
FA2023,FA2023-class 5,28,1905AGJCEA,,,0,6.8,5.8,Not Passed,
FA2023,FA2023-class 5,29,1905AGJJGF,,,10,5.8,8.7,Passed,
FA2023,FA2023-class 5,30,1905AGJBJD,,,9,6.2,8.5,Passed,
FA2023,FA2023-class 5,31,1905AGJAIG,,,2,4.6,5.1,Passed,
FA2023,FA2023-class 5,32,1905AGJADE,,,4,6.2,6.4,Passed,
FA2023,FA2023-class 5,33,1905AGJBID,,,10,5.8,7.5,Passed,
FA2023,FA2023-class 5,34,1905AGJAFD,,,8,7.4,8.4,Passed,
FA2023,FA2023-class 5,35,1905AGJAID,,,2,8.8,6.8,Passed,
FA2023,FA2023-class 6,1,1905AHJJAF,,,0,0,2.2,Not Passed,
FA2023,FA2023-class 6,2,1905AHBIGB,,,7,7.2,8.3,Passed,
FA2023,FA2023-class 6,3,1905AGJFJH,,,5,4,6.4,Passed,
FA2023,FA2023-class 6,4,1905AGJCBG,,,3,5.8,4.5,Not Passed,
FA2023,FA2023-class 6,5,1905AHCBBE,,,10,9.6,9.9,Passed,
FA2023,FA2023-class 6,6,1905AGJCHG,,,0,0,0.9,Not Passed,
FA2023,FA2023-class 6,7,1905AGBHEE,,,3,6.6,5.8,Passed,
FA2023,FA2023-class 6,8,1905AHCGBF,,,8,7.2,8.6,Passed,
FA2023,FA2023-class 6,9,1905AFAEHI,,,0,0,0,Attendance Fail,
FA2023,FA2023-class 6,10,1905AGBIBC,,,2,0,1.8,Not Passed,
FA2023,FA2023-class 6,11,1905AGJCED,,,0,0,1.4,Not Passed,
FA2023,FA2023-class 6,12,1905AFAEAG,,,0,0,0,Attendance Fail,
FA2023,FA2023-class 6,13,1905AGJCCC,,,6,7.6,7.8,Passed,
FA2023,FA2023-class 6,14,1905AGJCIF,,,3,8.4,7.4,Passed,
FA2023,FA2023-class 6,15,1905AGJCBC,,,1,8.4,5.6,Passed,
FA2023,FA2023-class 6,16,1905AGJCBJ,,,8,6.8,8.4,Passed,
FA2023,FA2023-class 6,17,1905AHBCEB,,,10,9.6,9.9,Passed,
FA2023,FA2023-class 6,18,1905AHCJCI,,,6,6.4,7.2,Passed,
FA2023,FA2023-class 6,19,1905AGJCIE,,,2,7.6,5.4,Passed,
FA2023,FA2023-class 6,20,1905AGJCJB,,,8,8.4,8,Passed,
FA2023,FA2023-class 6,21,1905AGJDAF,,,8,5,6.4,Passed,
FA2023,FA2023-class 6,22,1905AHCGAE,,,3,8,6.3,Passed,
FA2023,FA2023-class 6,23,1905AGJDAA,,,1,7,5.2,Passed,
FA2023,FA2023-class 6,24,1905AHAHBJ,,,8,7.4,8.3,Passed,
FA2023,FA2023-class 6,25,1905AGJCEF,,,5,8.4,5.9,Passed,
FA2023,FA2023-class 6,26,1905AGCAJF,,,0,0,0,Not Passed,
FA2023,FA2023-class 6,27,1905AGJDAE,,,3,6.6,5.6,Passed,
FA2023,FA2023-class 6,28,1905AGCEJD,,,7,5.8,7,Passed,
FA2023,FA2023-class 6,29,1905AGJBIH,,,3,0,1.3,Not Passed,
FA2023,FA2023-class 6,30,1905AGJCCA,,,6,6.6,7.1,Passed,
FA2023,FA2023-class 6,31,1905AGJCDE,,,8,8,8.4,Passed,
FA2023,FA2023-class 6,32,1905AHCBBD,,,9,8.6,9.3,Passed,
FA2023,FA2023-class 6,33,1905AHBIFG,,,3,6.6,6.6,Passed,
FA2023,FA2023-class 6,34,1905AGJCGC,,,3,3.6,4.3,Not Passed,
FA2023,FA2023-class 6,35,1905AGJCJJ,,,2,8,5.4,Passed,
FA2023,FA2023-class 7,1,1905AGJDGJ,,,10,9.8,9.6,Passed,
FA2023,FA2023-class 7,2,1905AHCFHC,,,2,4.4,5,Passed,
FA2023,FA2023-class 7,3,1905AGCDJE,,,4,6.8,6.6,Passed,
FA2023,FA2023-class 7,4,1905AGJDIG,,,4,6.2,6.7,Passed,
FA2023,FA2023-class 7,5,1905AGJEFG,,,9,7.6,8.7,Passed,
FA2023,FA2023-class 7,6,1905AGJDGC,,,1,8.8,6.3,Passed,
FA2023,FA2023-class 7,7,1905AGAGJG,,,1,6.6,5.5,Passed,
FA2023,FA2023-class 7,8,1905AGJDGI,,,6,6.2,7.3,Passed,
FA2023,FA2023-class 7,9,1905AGJDDI,,,5,7.2,7.1,Passed,
FA2023,FA2023-class 7,10,1905AGJDHB,,,6,7,7.6,Passed,
FA2023,FA2023-class 7,11,1905AGJEAE,,,0,0,3.4,Not Passed,
FA2023,FA2023-class 7,12,1905AGJEDG,,,8,8,8.2,Passed,
FA2023,FA2023-class 7,13,1905AGJEAF,,,4,9.4,7.7,Passed,
FA2023,FA2023-class 7,14,1905AHDCBD,,,4,7.6,6.6,Passed,
FA2023,FA2023-class 7,15,1905AGJDCB,,,3,6.8,6.5,Passed,
FA2023,FA2023-class 7,16,1905AGJDFB,,,6,5.8,7,Passed,
FA2023,FA2023-class 7,17,1905AGJECJ,,,6,9.6,8.4,Passed,
FA2023,FA2023-class 7,18,1905AGAAEH,,,3,8.8,6.7,Passed,
FA2023,FA2023-class 7,19,1905AGJEAD,,,9,7.4,8.6,Passed,
FA2023,FA2023-class 7,20,1905AGJEFH,,,9,7,8.5,Passed,
FA2023,FA2023-class 7,21,1905AGJDHE,,,0,0,3.4,Not Passed,
FA2023,FA2023-class 7,22,1905AGJDHC,,,0,0,3.4,Not Passed,
FA2023,FA2023-class 7,23,1905AFAGBD,,,7,8,8,Passed,
FA2023,FA2023-class 7,24,1905AHDHID,,,5,5.8,6.6,Passed,
FA2023,FA2023-class 7,25,1905AGAAGA,,,2,6,6,Passed,
FA2023,FA2023-class 7,26,1905AGABDD,,,5,4.6,6.5,Passed,
FA2023,FA2023-class 7,27,1905AGJDGA,,,4,6.8,6.2,Passed,
FA2023,FA2023-class 7,28,1905AGJDHI,,,1,5.6,5.6,Passed,
FA2023,FA2023-class 7,29,1905AGJEAJ,,,4,6.8,6.8,Passed,
FA2023,FA2023-class 7,30,1905AGJEDB,,,8,9.2,8.8,Passed,
FA2023,FA2023-class 7,31,1905AGABHF,,,8,5.6,7.7,Passed,
FA2023,FA2023-class 7,32,1905AGJDDF,,,7,6.4,7.4,Passed,
FA2023,FA2023-class 7,33,1905AGJEEB,,,9,10,9.4,Passed,
FA2023,FA2023-class 7,34,1905AGJECC,,,3,7.6,6.9,Passed,
FA2023,FA2023-class 7,35,1905AGAFHG,,,9,6.8,8.3,Passed,
FA2023,FA2023-class 8,1,1905AGAJCC,,,8,8.4,8.3,Passed,
FA2023,FA2023-class 8,2,1905AGCJIE,,,8,7,7.6,Passed,
FA2023,FA2023-class 8,3,1905AHDABF,,,2,6.8,5.6,Passed,
FA2023,FA2023-class 8,4,1905AGAABA,,,6,6.8,7.2,Passed,
FA2023,FA2023-class 8,5,1905AHDAIC,,,8,8,8.3,Passed,
FA2023,FA2023-class 8,6,1905AGBEAD,,,3,5.2,5.5,Passed,
FA2023,FA2023-class 8,7,1905AHJAAJ,,,10,8.2,8.9,Passed,
FA2023,FA2023-class 8,8,1905AGJEIJ,,,3,8.8,6.8,Passed,
FA2023,FA2023-class 8,9,1905AHJAAG,,,2,5.8,5.3,Passed,
FA2023,FA2023-class 8,10,1905AGJFJA,,,1,7,5.4,Passed,
FA2023,FA2023-class 8,11,1905AGJEEI,,,3,6.8,5.9,Passed,
FA2023,FA2023-class 8,12,1905AFJFCG,,,1,4.4,4.4,Not Passed,
FA2023,FA2023-class 8,13,1905AGCCCF,,,8,6.4,7.6,Passed,
FA2023,FA2023-class 8,14,1905AGAJIG,,,10,9.4,9.5,Passed,
FA2023,FA2023-class 8,15,1905AFABCB,,,8,6.6,7,Passed,
FA2023,FA2023-class 8,16,1905AGJEIG,,,10,8.4,8.7,Passed,
FA2023,FA2023-class 8,17,1905AGBJGC,,,2,6.8,5.4,Passed,
FA2023,FA2023-class 8,18,1905AFAIEB,,,4,4.2,5.5,Passed,
FA2023,FA2023-class 8,19,1905AHJJBE,,,0,0,2.7,Not Passed,
FA2023,FA2023-class 8,20,1905AGAJFI,,,9,9.6,8.6,Passed,
FA2023,FA2023-class 8,21,1905AGJEIH,,,9,8.2,8.7,Passed,
FA2023,FA2023-class 8,22,1905AGAAJG,,,6,6.4,6.9,Passed,
FA2023,FA2023-class 8,23,1905AGAJIJ,,,4,8.6,7.3,Passed,
FA2023,FA2023-class 8,24,1905AGJEHG,,,3,8.4,6.8,Passed,
FA2023,FA2023-class 8,25,1905AGJEGB,,,4,7.8,6.6,Passed,
FA2023,FA2023-class 8,26,1905AGCEDG,,,8,6,7.6,Passed,
FA2023,FA2023-class 8,27,1905AGADDC,,,8,6.6,7,Passed,
FA2023,FA2023-class 8,28,1905AGJEGC,,,8,6.6,7.7,Passed,
FA2023,FA2023-class 8,29,1905AGBEJJ,,,6,5.6,6.6,Passed,
FA2023,FA2023-class 8,30,1905AHCCJE,,,8,7.4,8,Passed,
FA2023,FA2023-class 8,31,1905AGJEHI,,,8,6,7.2,Passed,
FA2023,FA2023-class 8,32,1905AGJEIC,,,4,9.2,7.2,Passed,
FA2023,FA2023-class 8,33,1905AGBDCD,,,8,6.4,7.2,Passed,
FA2023,FA2023-class 8,34,1919AFJGCJ,,,8,8.4,8,Passed,
FA2023,FA2023-class 8,35,1905AGCAJA,,,3,6.4,6,Passed,
FA2023,FA2023-class 9,1,1905AHJBCJ,,,10,7.4,9.2,Passed,
FA2023,FA2023-class 9,2,1905AGABAG,,,7,7.2,8.1,Passed,
FA2023,FA2023-class 9,3,1905AGABJG,,,2,8.8,7,Passed,
FA2023,FA2023-class 9,4,1905AGAAGI,,,0,0,3.8,Attendance Fail,
FA2023,FA2023-class 9,5,1905AGABAA,,,5,7.2,7.5,Passed,
FA2023,FA2023-class 9,6,1905AGABEI,,,8,7.6,8.2,Passed,
FA2023,FA2023-class 9,7,1905AHJAFC,,,9,8.8,9.3,Passed,
FA2023,FA2023-class 9,8,1905AGADEC,,,3,5.8,6.3,Passed,
FA2023,FA2023-class 9,9,1905AGJCCE,,,2,5,5.7,Passed,
FA2023,FA2023-class 9,10,1905AGABFE,,,0,7.2,6,Not Passed,
FA2023,FA2023-class 9,11,1905AGABJD,,,1,6,5.8,Passed,
FA2023,FA2023-class 9,12,1905AGACBE,,,10,8.4,9.3,Passed,
FA2023,FA2023-class 9,13,1905AGADBB,,,8,9,9.1,Passed,
FA2023,FA2023-class 9,14,1905AHJABA,,,4,9,7.5,Passed,
FA2023,FA2023-class 9,15,1905AGACCJ,,,8,8.4,8.6,Passed,
FA2023,FA2023-class 9,16,1905AGCGAA,,,7,7,8,Passed,
FA2023,FA2023-class 9,17,1905AGABJA,,,2,9.2,6.9,Passed,
FA2023,FA2023-class 9,18,1905AGACBH,,,8,8.6,8.8,Passed,
FA2023,FA2023-class 9,19,1905AHJBDG,,,7,6.8,7.8,Passed,
FA2023,FA2023-class 9,20,1905AHJAHH,,,9,8.2,9,Passed,
FA2023,FA2023-class 9,21,1905AGADAA,,,8,4.8,7.5,Passed,
FA2023,FA2023-class 9,22,1905AGAAEF,,,1,3.2,5.1,Not Passed,
FA2023,FA2023-class 9,23,1905AGADCC,,,9,7.8,8.8,Passed,
FA2023,FA2023-class 9,24,1905AFAEAC,,,0,0,3.7,Not Passed,
FA2023,FA2023-class 9,25,1905AGABAH,,,1,4.4,5.4,Passed,
FA2023,FA2023-class 9,26,1905AHJBAH,,,8,7.4,8.3,Passed,
FA2023,FA2023-class 9,27,1905AGADDE,,,5,8.6,7.9,Passed,
FA2023,FA2023-class 9,28,1905AHJBJB,,,1,6.8,6.1,Passed,
FA2023,FA2023-class 9,29,1905AGCJEG,,,1,4.6,5.4,Passed,
FA2023,FA2023-class 9,30,1905AGACDA,,,7,9.4,8.5,Passed,
FA2023,FA2023-class 9,31,1905AGAJHI,,,6,7.8,7.7,Passed,
FA2023,FA2023-class 9,32,1905AGABFD,,,8,7.8,8.5,Passed,
FA2023,FA2023-class 9,33,1905AGBICG,,,0,0,3.6,Attendance Fail,
FA2023,FA2023-class 9,34,1905AFAAJJ,,,1,5.2,5.4,Passed,
FA2023,FA2023-class 9,35,1905AGAGDF,,,10,9.8,9.6,Passed,
FA2023,FA2023-class 10,1,1905AEJFBJ,,,3,4.6,5,Passed,
FA2023,FA2023-class 10,2,0405AHJBGB,,,6,6.8,6.9,Passed,
FA2023,FA2023-class 10,3,1905AGAGDA,,,2,6.8,5.8,Passed,
FA2023,FA2023-class 10,4,1905AGBBGC,,,4,4.8,5.7,Passed,
FA2023,FA2023-class 10,5,1905AGAHGC,,,2,8.4,6.1,Passed,
FA2023,FA2023-class 10,6,1905AGBBGA,,,3,8.4,6.3,Passed,
FA2023,FA2023-class 10,7,1905AGAGBA,,,6,6,6.9,Passed,
FA2023,FA2023-class 10,8,1905AGAHBH,,,9,9,9,Passed,
FA2023,FA2023-class 10,9,1905AGJDCG,,,5,6.8,6.6,Passed,
FA2023,FA2023-class 10,10,1905AGAHJJ,,,7,6.8,7.2,Passed,
FA2023,FA2023-class 10,11,1905AGBJHJ,,,2,5.8,5.7,Passed,
FA2023,FA2023-class 10,12,1905AGBCGA,,,5,8.6,7.1,Passed,
FA2023,FA2023-class 10,13,1905AGAGJJ,,,1,8.2,6.1,Passed,
FA2023,FA2023-class 10,14,1905AGAHEG,,,4,8,7,Passed,
FA2023,FA2023-class 10,15,1905AFBJCI,,,1,5.8,5,Passed,
FA2023,FA2023-class 10,16,1905AGAGHD,,,5,6.8,6.5,Passed,
FA2023,FA2023-class 10,17,1905AFJHGF,,,9,8.6,8.8,Passed,
FA2023,FA2023-class 10,18,1905AGCAIH,,,5,4.4,5.9,Passed,
FA2023,FA2023-class 10,19,1905AGAHBF,,,5,5.8,6.2,Passed,
FA2023,FA2023-class 10,20,1905AGAHCJ,,,2,7.6,5.9,Passed,
FA2023,FA2023-class 10,21,1905AGAGGD,,,7,6.2,7.1,Passed,
FA2023,FA2023-class 10,22,1905AGAHBE,,,3,6,5.7,Passed,
FA2023,FA2023-class 10,23,1905AGJEDH,,,8,6.6,7.3,Passed,
FA2023,FA2023-class 10,24,1905AGAHCA,,,5,7.4,6.8,Passed,
FA2023,FA2023-class 10,25,1905AGAHCF,,,5,8.4,7.6,Passed,
FA2023,FA2023-class 10,26,1905AGAHCG,,,0,0,0,Attendance Fail,
FA2023,FA2023-class 10,27,1905AGAGFC,,,5,6,6.5,Passed,
FA2023,FA2023-class 10,28,1905AGAHBJ,,,1,8.8,5.9,Passed,
FA2023,FA2023-class 10,29,1905AGAHED,,,10,8.6,8.7,Passed,
FA2023,FA2023-class 10,30,1905AGAGAI,,,6,4.6,6.1,Passed,
FA2023,FA2023-class 10,31,1905AGAHGI,,,2,8.6,6.1,Passed,
FA2023,FA2023-class 10,32,1905AGAGHG,,,4,8.6,6.8,Passed,
FA2023,FA2023-class 10,33,1905AGBDJC,,,8,9.6,7.7,Passed,
FA2023,FA2023-class 10,34,1905AGAGDC,,,1,7.4,5.6,Passed,
FA2023,FA2023-class 10,35,1905AGAGBH,,,7,9,7.9,Passed,
FA2023,FA2023-class 11,1,1905AGJDGF,,,10,9.4,9.1,Passed,
FA2023,FA2023-class 11,2,1905AHCDBE,,,10,8.8,9.2,Passed,
FA2023,FA2023-class 11,3,1905AHEAAH,,,8,8.4,8.6,Passed,
FA2023,FA2023-class 11,4,1905AHDIJE,,,7,9.2,8.3,Passed,
FA2023,FA2023-class 11,5,1905AGBJHH,,,9,8,8.8,Passed,
FA2023,FA2023-class 11,6,1905AGAHII,,,0,0,0,Attendance Fail,
FA2023,FA2023-class 11,7,1905AHAEDG,,,4,5.6,6.3,Passed,
FA2023,FA2023-class 11,8,1905AGBIAF,,,8,8,8.2,Passed,
FA2023,FA2023-class 11,9,1905AGAHHH,,,5,8.6,7.7,Passed,
FA2023,FA2023-class 11,10,1905AGAIAF,,,4,6,6.7,Passed,
FA2023,FA2023-class 11,11,1905AGAIGJ,,,8,4.6,6.2,Passed,
FA2023,FA2023-class 11,12,1905AGCEJA,,,10,7.6,8.9,Passed,
FA2023,FA2023-class 11,13,1905AGAIIF,,,5,6,5.2,Passed,
FA2023,FA2023-class 11,14,1905AHJDFE,,,3,9.6,7.5,Passed,
FA2023,FA2023-class 11,15,1905AGCJFF,,,4,8.2,7.1,Passed,
FA2023,FA2023-class 11,16,1905AGAIEH,,,0,3.2,4.3,Not Passed,
FA2023,FA2023-class 11,17,1905AGBJGI,,,2,5,5.7,Passed,
FA2023,FA2023-class 11,18,1905AGJEGI,,,0,4.4,4,Not Passed,
FA2023,FA2023-class 11,19,1905AHJEDB,,,6,9.8,8.5,Passed,
FA2023,FA2023-class 11,20,1905AGBJAE,,,5,7.8,5.7,Passed,
FA2023,FA2023-class 11,21,1905AGBHDA,,,3,5.2,5.9,Passed,
FA2023,FA2023-class 11,22,1905AGJJFB,,,9,6.4,7.8,Passed,
FA2023,FA2023-class 11,23,1905AGAHIH,,,1,6.8,5.9,Passed,
FA2023,FA2023-class 11,24,1905AGJDIE,,,0,0,2.8,Not Passed,
FA2023,FA2023-class 11,25,1905AGBJEG,,,4,5,6,Passed,
FA2023,FA2023-class 11,26,1905AGAIAJ,,,6,9,8.1,Passed,
FA2023,FA2023-class 11,27,1905AHJDBF,,,7,7.4,7.1,Passed,
FA2023,FA2023-class 11,28,1905AGBJBD,,,7,7.4,7.6,Passed,
FA2023,FA2023-class 11,29,1905AGBJCI,,,4,7.2,6.7,Passed,
FA2023,FA2023-class 11,30,1905AGAHHF,,,7,6.6,7,Passed,
FA2023,FA2023-class 11,31,1905AGBIIJ,,,8,5,7.3,Passed,
FA2023,FA2023-class 11,32,1905AGAHGF,,,6,6.8,7.5,Passed,
FA2023,FA2023-class 11,33,1905AGAIGF,,,0,4.6,4.7,Not Passed,
FA2023,FA2023-class 11,34,1905AGAIDA,,,1,6.4,5.5,Passed,
FA2023,FA2023-class 11,35,1905AGCJCI,,,10,9.6,9.6,Passed,
FA2023,FA2023-class 12,1,1905AGBBEG,,,1,9.4,5.7,Passed,
FA2023,FA2023-class 12,2,1905AGBAFI,,,2,0,2.6,Not Passed,
FA2023,FA2023-class 12,3,1905AGBAIG,,,8,7,7.6,Passed,
FA2023,FA2023-class 12,4,1905AHBAGB,,,3,8.6,5.3,Passed,
FA2023,FA2023-class 12,5,1905AGCEFD,,,3,7.6,5.5,Passed,
FA2023,FA2023-class 12,6,1905AGBACA,,,8,7.6,8.1,Passed,
FA2023,FA2023-class 12,7,1905AGCBIC,,,2,7.2,5.3,Passed,
FA2023,FA2023-class 12,8,1905AGBAJF,,,3,9.2,6.8,Passed,
FA2023,FA2023-class 12,9,1905AGBAIF,,,7,8.4,8.4,Passed,
FA2023,FA2023-class 12,10,1905AGBJDF,,,6,7.6,7.7,Passed,
FA2023,FA2023-class 12,11,1905AGABAI,,,8,6.2,7.1,Passed,
FA2023,FA2023-class 12,12,1905AGBAGG,,,0,0,2.2,Not Passed,
FA2023,FA2023-class 12,13,1905AGBJIA,,,4,9,7.1,Passed,
FA2023,FA2023-class 12,14,1905AHCBJI,,,7,5.4,6.3,Passed,
FA2023,FA2023-class 12,15,1905AGBBEI,,,2,7.6,4.9,Not Passed,
FA2023,FA2023-class 12,16,1905AHDIJJ,,,4,6,6.2,Passed,
FA2023,FA2023-class 12,17,1905AGBAGA,,,6,6.4,6.4,Passed,
FA2023,FA2023-class 12,18,1905AGJFJG,,,6,6.8,7.1,Passed,
FA2023,FA2023-class 12,19,1905AGBBAF,,,4,5.8,5.2,Passed,
FA2023,FA2023-class 12,20,1905AGBACJ,,,5,7.2,6.8,Passed,
FA2023,FA2023-class 12,21,1905AGBBFG,,,4,9.4,7.5,Passed,
FA2023,FA2023-class 12,22,1905AGBAEE,,,4,8.2,7,Passed,
FA2023,FA2023-class 12,23,1905AGCBGG,,,5,6.6,6.9,Passed,
FA2023,FA2023-class 12,24,1905AGBBHC,,,7,5.4,5.7,Passed,
FA2023,FA2023-class 12,25,1905AGBBIJ,,,4,7.8,6.6,Passed,
FA2023,FA2023-class 12,26,1905AHBIIG,,,0,0,1.6,Not Passed,
FA2023,FA2023-class 12,27,1905AGBAFC,,,2,7.4,5.3,Passed,
FA2023,FA2023-class 12,28,1905AGBBAC,,,10,10,10,Passed,
FA2023,FA2023-class 12,29,1905AGBJIE,,,4,7.8,6.4,Passed,
FA2023,FA2023-class 12,30,1905AGCFAH,,,6,6.4,6.8,Passed,
FA2023,FA2023-class 12,31,1905AGJCGJ,,,1,8.8,6.5,Passed,
FA2023,FA2023-class 12,32,1905AGABCA,,,4,6.6,6,Passed,
FA2023,FA2023-class 12,33,1905AGBAJD,,,10,8.2,9.1,Passed,
FA2023,FA2023-class 12,34,1905AHBCCJ,,,0,0,0.7,Not Passed,
FA2023,FA2023-class 12,35,1905AGBAGF,,,7,5.8,6.1,Passed,
FA2023,FA2023-class 13,1,1905AGBDFD,,,6,6.6,7.2,Passed,
FA2023,FA2023-class 13,2,1905AGCCAE,,,9,8,8.6,Passed,
FA2023,FA2023-class 13,3,1905AGBCDI,,,8,6.6,7.3,Passed,
FA2023,FA2023-class 13,4,1905AHCFJH,,,8,8.4,8.4,Passed,
FA2023,FA2023-class 13,5,1905AGBDGA,,,0,0,2.2,Not Passed,
FA2023,FA2023-class 13,6,1905AGBDGB,,,2,5.4,5.3,Passed,
FA2023,FA2023-class 13,7,1905AGBDHF,,,4,5,5.8,Passed,
FA2023,FA2023-class 13,8,1905AGADIC,,,7,7.2,7.6,Passed,
FA2023,FA2023-class 13,9,1905AHCJBE,,,5,5.8,6.2,Passed,
FA2023,FA2023-class 13,10,1905AGBBIG,,,6,7.4,6.9,Passed,
FA2023,FA2023-class 13,11,1905AGBCCJ,,,0,0,2.6,Not Passed,
FA2023,FA2023-class 13,12,1905AGBDFF,,,4,7.4,6.2,Passed,
FA2023,FA2023-class 13,13,1905AGAIHG,,,2,6.2,5.4,Passed,
FA2023,FA2023-class 13,14,1905AHDFJI,,,6,4.2,6.4,Passed,
FA2023,FA2023-class 13,15,1905AHEJGE,,,8,8.8,8.3,Passed,
FA2023,FA2023-class 13,16,1905AHBIDH,,,8,8,8.1,Passed,
FA2023,FA2023-class 13,17,1905AGBCDE,,,2,5.2,5.3,Passed,
FA2023,FA2023-class 13,18,1905AGBCEI,,,7,6.6,7.4,Passed,
FA2023,FA2023-class 13,19,1905AGBCDJ,,,3,5,5.6,Passed,
FA2023,FA2023-class 13,20,1905AGBCHH,,,2,7.2,5.5,Passed,
FA2023,FA2023-class 13,21,1905AGCCFE,,,5,5.2,6.3,Passed,
FA2023,FA2023-class 13,22,1905AGBCCB,,,10,9.4,9,Passed,
FA2023,FA2023-class 13,23,1905AFAEFJ,,,1,5.8,4.8,Not Passed,
FA2023,FA2023-class 13,24,1905AGBCID,,,6,6.8,7.2,Passed,
FA2023,FA2023-class 13,25,1905AHBIID,,,7,6.8,7.5,Passed,
FA2023,FA2023-class 13,26,1905AGBCHD,,,1,7,5.4,Passed,
FA2023,FA2023-class 13,27,1905AGBDAI,,,1,7.4,5,Passed,
FA2023,FA2023-class 13,28,1905AHCBDJ,,,10,8.2,8.9,Passed,
FA2023,FA2023-class 13,29,1905AGAEHI,,,5,0,3.8,Not Passed,
FA2023,FA2023-class 13,30,1905AGBDCA,,,6,6.8,6.9,Passed,
FA2023,FA2023-class 13,31,1905AGBDFE,,,0,0,2.2,Not Passed,
FA2023,FA2023-class 13,32,1905AGBCEJ,,,8,8.4,7.9,Passed,
FA2023,FA2023-class 13,33,1905AGBCIB,,,3,9,6.9,Passed,
FA2023,FA2023-class 13,34,1905AHDICJ,,,7,5.6,7.1,Passed,
FA2023,FA2023-class 13,35,1905AGJABA,,,5,7.8,7,Passed,
FA2023,FA2023-class 14,1,1905AGBDIA,,,1,8,5.8,Passed,
FA2023,FA2023-class 14,2,1905AGBFAF,,,8,6.6,7.5,Passed,
FA2023,FA2023-class 14,3,1905ADJEAC,,,7,4,5.4,Passed,
FA2023,FA2023-class 14,4,1905AGBFDE,,,4,7.6,6.5,Passed,
FA2023,FA2023-class 14,5,1905AGBEJH,,,8,8.2,8.2,Passed,
FA2023,FA2023-class 14,6,1905AGBFEA,,,8,7.8,7.6,Passed,
FA2023,FA2023-class 14,7,1905AGBCHG,,,2,8.2,5.3,Passed,
FA2023,FA2023-class 14,8,1905AGAHJB,,,8,5,6.9,Passed,
FA2023,FA2023-class 14,9,1905AGBDHA,,,3,8.4,6.5,Passed,
FA2023,FA2023-class 14,10,1905AGCBDH,,,7,4.2,6.6,Passed,
FA2023,FA2023-class 14,11,1905AGCFCB,,,5,8,6.3,Passed,
FA2023,FA2023-class 14,12,1905AGAFCH,,,4,5.8,6,Passed,
FA2023,FA2023-class 14,13,1905AGJBHJ,,,4,7.8,6.7,Passed,
FA2023,FA2023-class 14,14,1905AGBEHJ,,,1,6.4,5.5,Passed,
FA2023,FA2023-class 14,15,1905AGBEJD,,,2,8.6,6.4,Passed,
FA2023,FA2023-class 14,16,1905AHJCBJ,,,2,6.8,4.8,Not Passed,
FA2023,FA2023-class 14,17,1905AGCBHG,,,6,5.8,7,Passed,
FA2023,FA2023-class 14,18,1905AGBEIG,,,4,8.8,6.9,Passed,
FA2023,FA2023-class 14,19,1905AGBFED,,,8,7,7.7,Passed,
FA2023,FA2023-class 14,20,1905AGJCAB,,,9,8.4,8.4,Passed,
FA2023,FA2023-class 14,21,1905AGBEIJ,,,7,8,7.6,Passed,
FA2023,FA2023-class 14,22,1905AGBEGJ,,,7,9,7.6,Passed,
FA2023,FA2023-class 14,23,1905AGBFAD,,,8,9.6,8.6,Passed,
FA2023,FA2023-class 14,24,1905AGBEJC,,,8,8.4,8.1,Passed,
FA2023,FA2023-class 14,25,1905AGAHFB,,,1,8.4,5.2,Passed,
FA2023,FA2023-class 14,26,1905AGJCAF,,,9,7,7.9,Passed,
FA2023,FA2023-class 14,27,1905AGAFCE,,,7,9.8,7.7,Passed,
FA2023,FA2023-class 14,28,1905AGJCCB,,,2,7,5.8,Passed,
FA2023,FA2023-class 14,29,1905AGBEGE,,,9,4.4,6.6,Passed,
FA2023,FA2023-class 14,30,1905AGBFAJ,,,8,9.6,8.4,Passed,
FA2023,FA2023-class 14,31,1905AGBFEI,,,3,5.8,5.7,Passed,
FA2023,FA2023-class 14,32,1905AGBEAH,,,10,5.4,7.5,Passed,
FA2023,FA2023-class 14,33,1905AGJJEH,,,1,9.2,6,Passed,
FA2023,FA2023-class 14,34,1905AGBEEE,,,9,7,8.2,Passed,
FA2023,FA2023-class 14,35,0405AGJFCD,,,6,4.4,5.5,Passed,
FA2023,FA2023-class 15,1,1905AGBIAD,,,2,7.2,5.4,Passed,
FA2023,FA2023-class 15,2,1905AGBGGD,,,5,9,7.4,Passed,
FA2023,FA2023-class 15,3,1905AGBGCB,,,3,7,6.6,Passed,
FA2023,FA2023-class 15,4,1905AGBGIJ,,,8,5.6,7.9,Passed,
FA2023,FA2023-class 15,5,1905AGBGFJ,,,2,6.2,5.8,Passed,
FA2023,FA2023-class 15,6,1905AGCJBG,,,8,6.4,6.7,Passed,
FA2023,FA2023-class 15,7,1905AGCDHD,,,6,5.2,5.6,Passed,
FA2023,FA2023-class 15,8,1905AGBFGC,,,2,8,5,Passed,
FA2023,FA2023-class 15,9,1905AGBHDE,,,4,6,6.1,Passed,
FA2023,FA2023-class 15,10,1905AGBIBF,,,4,8,6.6,Passed,
FA2023,FA2023-class 15,11,1905AGBHHC,,,9,8,9.1,Passed,
FA2023,FA2023-class 15,12,1905AGBIJG,,,8,7.8,8.4,Passed,
FA2023,FA2023-class 15,13,1905AGBIJE,,,10,9,9.7,Passed,
FA2023,FA2023-class 15,14,1905AFJGID,,,4,0,1.6,Not Passed,
FA2023,FA2023-class 15,15,1905AGBHHI,,,6,5,5.5,Passed,
FA2023,FA2023-class 15,16,1905AGBGAB,,,8,9,7.5,Passed,
FA2023,FA2023-class 15,17,1905AGBEBH,,,3,8.4,6.2,Passed,
FA2023,FA2023-class 15,18,1905AGBHID,,,1,2.8,1.5,Not Passed,
FA2023,FA2023-class 15,19,1905AGBGBE,,,8,6.8,7.2,Passed,
FA2023,FA2023-class 15,20,1905AGAECI,,,1,6.4,3.6,Not Passed,
FA2023,FA2023-class 15,21,1905AHBCEE,,,8,6.6,7.8,Passed,
FA2023,FA2023-class 15,22,1905AGBHFE,,,9,8.6,9,Passed,
FA2023,FA2023-class 15,23,1905AGBDGJ,,,2,7.8,5.8,Passed,
FA2023,FA2023-class 15,24,1905AGBGGG,,,1,7.8,5.2,Passed,
FA2023,FA2023-class 15,25,1905AGCAIG,,,7,7.8,8.4,Passed,
FA2023,FA2023-class 15,26,1905AGCDJG,,,4,8.6,7.7,Passed,
FA2023,FA2023-class 15,27,1905AFJDBE,,,2,5.4,5.1,Passed,
FA2023,FA2023-class 15,28,1905AGBIAC,,,3,6,5.6,Passed,
FA2023,FA2023-class 15,29,1905ACJBFH,,,0,0,0,Attendance Fail,
FA2023,FA2023-class 15,30,1905AGBHCI,,,1,4.6,5.4,Passed,
FA2023,FA2023-class 15,31,1905AGCBJH,,,4,4.2,5,Passed,
FA2023,FA2023-class 15,32,1905AGBFHI,,,0,3.2,3.9,Not Passed,
FA2023,FA2023-class 15,33,1905AGBGFC,,,6,5.6,5.5,Passed,
FA2023,FA2023-class 15,34,1905AEAEAH,,,1,5.2,5.4,Passed,
FA2023,FA2023-class 15,35,1905AGCEGC,,,8,7.6,8.1,Passed,
FA2023,FA2023-class 16,1,1905AGCJCH,,,3,5.2,5.2,Passed,
FA2023,FA2023-class 16,2,1905AFBACB,,,7,7.4,6.6,Passed,
FA2023,FA2023-class 16,3,1905AGBIBG,,,3,5.6,5.4,Passed,
FA2023,FA2023-class 16,4,1905AHJABC,,,10,7.6,8.2,Passed,
FA2023,FA2023-class 16,5,1905AGBGGE,,,2,6.2,4.7,Not Passed,
FA2023,FA2023-class 16,6,1905AGCJJG,,,8,6,7.5,Passed,
FA2023,FA2023-class 16,7,1905AGJAAF,,,0,0,2.8,Not Passed,
FA2023,FA2023-class 16,8,1905AGCJCC,,,4,6.2,5.9,Passed,
FA2023,FA2023-class 16,9,1905AGCJFJ,,,0,0,1.5,Attendance Fail,
FA2023,FA2023-class 16,10,1905AGCJIJ,,,4,6,5.9,Passed,
FA2023,FA2023-class 16,11,1905AGJECH,,,6,5,6,Passed,
FA2023,FA2023-class 16,12,1905AGCJDF,,,5,6.6,6.5,Passed,
FA2023,FA2023-class 16,13,1905AGCJDJ,,,6,8.2,7.9,Passed,
FA2023,FA2023-class 16,14,1905AGCJHI,,,4,5.6,5.7,Passed,
FA2023,FA2023-class 16,15,1905AGCJGI,,,8,6.4,7.3,Passed,
FA2023,FA2023-class 16,16,1905AGCJBA,,,9,6,7.4,Passed,
FA2023,FA2023-class 16,17,1905AFAJED,,,0,0,0.5,Attendance Fail,
FA2023,FA2023-class 16,18,1905AGJJHF,,,4,8.4,6.3,Passed,
FA2023,FA2023-class 16,19,1905AGBIHD,,,10,7.8,8.6,Passed,
FA2023,FA2023-class 16,20,1905AGBIDA,,,7,5,6.4,Passed,
FA2023,FA2023-class 16,21,1905AGCCDF,,,2,6.2,5.2,Passed,
FA2023,FA2023-class 16,22,1905AGCCCB,,,2,6.6,5.5,Passed,
FA2023,FA2023-class 16,23,1905AHCCFJ,,,2,6.4,5.8,Passed,
FA2023,FA2023-class 16,24,1905AFAGBH,,,0,0,0,Attendance Fail,
FA2023,FA2023-class 16,25,1905AGCJBH,,,0,0,0.7,Is Susspended,
FA2023,FA2023-class 16,26,1905AHJDCB,,,9,7.6,8.4,Passed,
FA2023,FA2023-class 16,27,1905AHCCHH,,,2,5.4,5.2,Passed,
FA2023,FA2023-class 16,28,1905AHCJBF,,,7,6.4,7.3,Passed,
FA2023,FA2023-class 16,29,1905AHJBBE,,,8,9.4,8.8,Passed,
FA2023,FA2023-class 16,30,1905AGCJAF,,,7,6.4,6.7,Passed,
FA2023,FA2023-class 16,31,1905AGCJFG,,,1,0,1,Attendance Fail,
FA2023,FA2023-class 16,32,1905AGCJAE,,,8,7.4,7.9,Passed,
FA2023,FA2023-class 16,33,1905AGCJAA,,,9,7.8,8.6,Passed,
FA2023,FA2023-class 16,34,1905AGAIIB,,,6,7,6.6,Passed,
FA2023,FA2023-class 16,35,1905AGBIBI,,,2,7.8,5.4,Passed,
FA2023,FA2023-class 17,1,0805AGFFIJ,,,7,7.2,7.8,Passed,
FA2023,FA2023-class 17,2,1905AGCBJG,,,4,4.4,6.3,Passed,
FA2023,FA2023-class 17,3,1905AGAHBG,,,2,9.2,6.7,Passed,
FA2023,FA2023-class 17,4,1905AGCACF,,,1,7.6,6.1,Passed,
FA2023,FA2023-class 17,5,1905AGCAID,,,8,6.4,7.9,Passed,
FA2023,FA2023-class 17,6,1905AFJDHE,,,2,7.6,5.7,Passed,
FA2023,FA2023-class 17,7,1905AGCBBH,,,4,7.2,7,Passed,
FA2023,FA2023-class 17,8,1905AGCAGI,,,2,8.4,6.5,Passed,
FA2023,FA2023-class 17,9,1905AGCAEB,,,7,4.8,6.7,Passed,
FA2023,FA2023-class 17,10,1905AGCJFD,,,1,9.6,6.3,Passed,
FA2023,FA2023-class 17,11,1905AGCABJ,,,1,5.8,5.6,Passed,
FA2023,FA2023-class 17,12,1905AGCAFI,,,3,9.4,7.5,Passed,
FA2023,FA2023-class 17,13,1905AGCAIJ,,,9,9.8,9.1,Passed,
FA2023,FA2023-class 17,14,1905AGCAEE,,,8,5.8,7.3,Passed,
FA2023,FA2023-class 17,15,1905AGCAAJ,,,0,3.4,4.1,Not Passed,
FA2023,FA2023-class 17,16,1905AGCBFI,,,0,5.4,4.8,Not Passed,
FA2023,FA2023-class 17,17,1905AGCBBD,,,6,8,7.6,Passed,
FA2023,FA2023-class 17,18,1905AHBIHC,,,7,9.4,8.5,Passed,
FA2023,FA2023-class 17,19,1905AGCAGC,,,5,5.4,6.4,Passed,
FA2023,FA2023-class 17,20,1905AGCBBJ,,,2,7.4,5.9,Passed,
FA2023,FA2023-class 17,21,1905AGBGFD,,,2,4.6,5,Passed,
FA2023,FA2023-class 17,22,1905AGCBHC,,,2,7.6,6.2,Passed,
FA2023,FA2023-class 17,23,1905AGJDBA,,,6,8.4,7.5,Passed,
FA2023,FA2023-class 17,24,1905AGCAGE,,,6,9.4,8.2,Passed,
FA2023,FA2023-class 17,25,1905AGCAFD,,,6,8.4,7.9,Passed,
FA2023,FA2023-class 17,26,1905AGCADA,,,3,8.2,6.6,Passed,
FA2023,FA2023-class 17,27,1905AGAJDI,,,1,6.2,5.6,Passed,
FA2023,FA2023-class 17,28,1905AGCAGA,,,8,9,8.8,Passed,
FA2023,FA2023-class 17,29,1905AGJJDD,,,2,7,5.7,Passed,
FA2023,FA2023-class 17,30,1905AGCBHD,,,5,7.6,7.3,Passed,
FA2023,FA2023-class 17,31,1905AGCAIA,,,0,0,3.6,Not Passed,
FA2023,FA2023-class 17,32,1905AGCAEI,,,3,5.6,5.5,Passed,
FA2023,FA2023-class 17,33,1905AGCABE,,,7,8,7.7,Passed,
FA2023,FA2023-class 17,34,1905AGCBBC,,,0,6.6,4.6,Not Passed,
FA2023,FA2023-class 17,35,1905AGJDCD,,,7,6,7.2,Passed,
FA2023,FA2023-class 18,1,0805AHJIJE,,,5,8.6,7.9,Passed,
FA2023,FA2023-class 18,2,1905AGCDAB,,,6,7.8,7.7,Passed,
FA2023,FA2023-class 18,3,1905AGCAJG,,,6,4.6,5.6,Passed,
FA2023,FA2023-class 18,4,1905AGBACF,,,6,6.8,7,Passed,
FA2023,FA2023-class 18,5,1905AGJJEI,,,5,5,5.2,Passed,
FA2023,FA2023-class 18,6,1905AGCAJD,,,5,6.4,6.4,Passed,
FA2023,FA2023-class 18,7,1905AGBFHD,,,0,0,0,Attendance Fail,
FA2023,FA2023-class 18,8,1905AGCFGE,,,9,8.8,7.9,Passed,
FA2023,FA2023-class 18,9,1905AGCFFG,,,5,6,5.5,Passed,
FA2023,FA2023-class 18,10,1905AGCABB,,,2,5.6,5,Passed,
FA2023,FA2023-class 18,11,1905AGCCGD,,,4,7.8,5.5,Passed,
FA2023,FA2023-class 18,12,1905AFADGB,,,0,4.2,3.1,Not Passed,
FA2023,FA2023-class 18,13,1905AGCDBJ,,,6,4.4,5.3,Passed,
FA2023,FA2023-class 18,14,1905AGCFFB,,,2,7.2,4.5,Not Passed,
FA2023,FA2023-class 18,15,1905AGCDEB,,,1,6.2,5,Passed,
FA2023,FA2023-class 18,16,1705AGJBDD,,,8,6.6,7.6,Passed,
FA2023,FA2023-class 18,17,1905AHBBHC,,,0,0,0,Attendance Fail,
FA2023,FA2023-class 18,18,1905AGCDBC,,,7,9.4,8.9,Passed,
FA2023,FA2023-class 18,19,1905AGCFFD,,,7,9.2,7.7,Passed,
FA2023,FA2023-class 18,20,1905AGCCAC,,,1,0,1.3,Not Passed,
FA2023,FA2023-class 18,21,1905AGJBGF,,,1,4.6,5.3,Passed,
FA2023,FA2023-class 18,22,1905AGCCEA,,,3,7.8,5.4,Passed,
FA2023,FA2023-class 18,23,1905AGABJJ,,,4,8.2,7,Passed,
FA2023,FA2023-class 18,24,1905AGCFHD,,,4,8.2,6.6,Passed,
FA2023,FA2023-class 18,25,1905AHBCBH,,,6,9.2,8.6,Passed,
FA2023,FA2023-class 18,26,1905AGBDAC,,,7,8.4,7.1,Passed,
FA2023,FA2023-class 18,27,1905AGCCIH,,,6,9.2,7.6,Passed,
FA2023,FA2023-class 18,28,0305AHAABA,,,2,8,5,Passed,
FA2023,FA2023-class 18,29,1905AGCCDE,,,1,6.8,4.6,Not Passed,
FA2023,FA2023-class 18,30,1905AGCCHG,,,8,7,7.6,Passed,
FA2023,FA2023-class 18,31,1905AGCCID,,,8,6.8,8.2,Passed,
FA2023,FA2023-class 18,32,1905AGBEAJ,,,3,6,6.3,Passed,
FA2023,FA2023-class 18,33,1905AGCCAH,,,0,3.2,3.7,Not Passed,
FA2023,FA2023-class 18,34,1905AGADBD,,,9,7.8,6.2,Passed,
FA2023,FA2023-class 18,35,1905AGCDAA,,,8,7.2,8.1,Passed,
FA2023,FA2023-class 19,1,1905AGCEBF,,,1,9.4,6.5,Passed,
FA2023,FA2023-class 19,2,1905AGCEDE,,,2,6.8,5.7,Passed,
FA2023,FA2023-class 19,3,1905AGCEGB,,,6,5.8,6.7,Passed,
FA2023,FA2023-class 19,4,1905AGCEFG,,,6,6.6,7.1,Passed,
FA2023,FA2023-class 19,5,1905AGBBIF,,,10,5,7.8,Passed,
FA2023,FA2023-class 19,6,1905AGAEFF,,,4,5.8,6.2,Passed,
FA2023,FA2023-class 19,7,1905AGAEHH,,,1,8.2,6.2,Passed,
FA2023,FA2023-class 19,8,1905AGCEBD,,,9,6.2,8,Passed,
FA2023,FA2023-class 19,9,1905AGCDAI,,,2,8.4,6.5,Passed,
FA2023,FA2023-class 19,10,1905AGCDBA,,,4,4,5.3,Passed,
FA2023,FA2023-class 19,11,1905AGBJJE,,,9,7.6,8.1,Passed,
FA2023,FA2023-class 19,12,1905AGCEJI,,,6,8.2,7.6,Passed,
FA2023,FA2023-class 19,13,1905AGJJFC,,,0,5,4.5,Not Passed,
FA2023,FA2023-class 19,14,1905AGCEGJ,,,1,6,5.6,Passed,
FA2023,FA2023-class 19,15,1905AHBDFI,,,4,5.8,6.1,Passed,
FA2023,FA2023-class 19,16,1905AGCEDF,,,9,7.6,8.7,Passed,
FA2023,FA2023-class 19,17,1905AGCEAE,,,3,8,6.7,Passed,
FA2023,FA2023-class 19,18,1905AGADFH,,,5,5.2,6.3,Passed,
FA2023,FA2023-class 19,19,1905AGCEEG,,,3,4.8,5.7,Passed,
FA2023,FA2023-class 19,20,1905AGCEAD,,,4,9.8,7.6,Passed,
FA2023,FA2023-class 19,21,1905AGCEFE,,,6,6,6.7,Passed,
FA2023,FA2023-class 19,22,1905AGCDCG,,,1,4.8,4.6,Not Passed,
FA2023,FA2023-class 19,23,1905AGAFJD,,,6,5,6.6,Passed,
FA2023,FA2023-class 19,24,1905AGCEFC,,,10,9.8,9.5,Passed,
FA2023,FA2023-class 19,25,1905AGAIDJ,,,8,7.4,7.5,Passed,
FA2023,FA2023-class 19,26,1905AGCEAI,,,4,7.6,6.8,Passed,
FA2023,FA2023-class 19,27,1905AGCEAG,,,3,6.6,6.4,Passed,
FA2023,FA2023-class 19,28,1905AGAEGD,,,10,9.6,9.9,Passed,
FA2023,FA2023-class 19,29,1905AGAEEJ,,,7,7,8.2,Passed,
FA2023,FA2023-class 19,30,1905AGCEFF,,,5,8.6,7.3,Passed,
FA2023,FA2023-class 19,31,1905AGCEBC,,,3,5.4,6.4,Passed,
FA2023,FA2023-class 19,32,1905AGCDBF,,,5,5.2,5.9,Passed,
FA2023,FA2023-class 19,33,1905AGCDBH,,,2,7,5.8,Passed,
FA2023,FA2023-class 19,34,1905AGCEFB,,,3,6.8,6.2,Passed,
FA2023,FA2023-class 20,1,1905AHJFDC,,,9,8.2,8.1,Passed,
FA2023,FA2023-class 20,2,1905AHDEBE,,,8,9.4,8.6,Passed,
FA2023,FA2023-class 20,3,1905AHJCGG,,,10,8.8,8.7,Passed,
FA2023,FA2023-class 20,4,1905AHJBFB,,,9,6.8,7.9,Passed,
FA2023,FA2023-class 20,5,1905AHJDEH,,,8,9,8.2,Passed,
FA2023,FA2023-class 20,6,1905AHJCGA,,,7,8.2,7.5,Passed,
FA2023,FA2023-class 20,7,1905AHDEDC,,,4,9.4,7.3,Passed,
FA2023,FA2023-class 20,8,1905AHJECF,,,3,5.4,5.4,Passed,
FA2023,FA2023-class 20,9,1905AHJEJD,,,5,8,6.6,Passed,
FA2023,FA2023-class 20,10,1905AHJDCD,,,9,8.2,8.6,Passed,
FA2023,FA2023-class 20,11,1905AHCBJF,,,8,6.4,7,Passed,
FA2023,FA2023-class 20,12,1905AHJCDF,,,5,9.2,7.1,Passed,
FA2023,FA2023-class 20,13,1905AHJEHF,,,9,8.6,8.6,Passed,
FA2023,FA2023-class 20,14,1905AHJFED,,,2,7.2,5.9,Passed,
FA2023,FA2023-class 20,15,1905AHJECB,,,6,8.4,7.2,Passed,
FA2023,FA2023-class 20,16,1905AHJCGB,,,3,7.6,5.8,Passed,
FA2023,FA2023-class 20,17,1905AHJGDJ,,,9,8.8,8.5,Passed,
FA2023,FA2023-class 20,18,1905AHBFBH,,,2,8.2,6.3,Passed,
FA2023,FA2023-class 20,19,1905AHJBEF,,,5,7.2,6.4,Passed,
FA2023,FA2023-class 20,20,1905AHJEBE,,,8,7.4,8.1,Passed,
FA2023,FA2023-class 20,21,1905AHDFCJ,,,4,6.2,6.6,Passed,
FA2023,FA2023-class 20,22,1905AHJDJD,,,1,8.6,5.9,Passed,
FA2023,FA2023-class 20,23,1905AHJEGC,,,9,0,2.7,Attendance Fail,
FA2023,FA2023-class 20,24,1905AHJCIH,,,1,5.8,5,Passed,
FA2023,FA2023-class 20,25,1905AGCFJA,,,4,7,6.3,Passed,
FA2023,FA2023-class 20,26,1905AGCDEE,,,6,7.2,7.4,Passed,
FA2023,FA2023-class 20,27,1705AHJJIB,,,8,9.4,8.7,Passed,
FA2023,FA2023-class 20,28,1905AHJCHH,,,0,0,0,Attendance Fail,
FA2023,FA2023-class 20,29,1905AHBCAH,,,7,6.2,7.2,Passed,
FA2023,FA2023-class 20,30,1905AHJDFG,,,4,6.6,6.2,Passed,
FA2023,FA2023-class 20,31,1905AFADEB,,,2,4.6,4.7,Not Passed,
FA2023,FA2023-class 20,32,1905AHJGFI,,,10,9.4,9,Passed,
FA2023,FA2023-class 20,33,1905AHJCDA,,,4,5.6,5.2,Passed,
FA2023,FA2023-class 20,34,1905AHJDFC,,,6,9.8,7.7,Passed,
FA2023,FA2023-class 20,35,1905AHJCJE,,,4,7.8,6,Passed,
FA2023,FA2023-class 21,1,1905AHAHAH,,,8,8.8,9,Passed,
FA2023,FA2023-class 21,2,1905AHBJCJ,,,9,7.2,8.8,Passed,
FA2023,FA2023-class 21,3,1905AHAEJB,,,2,5.4,6,Passed,
FA2023,FA2023-class 21,4,1905ACJCJJ,,,10,6.2,7.4,Passed,
FA2023,FA2023-class 21,5,1905AHAGFI,,,10,9.2,9.7,Passed,
FA2023,FA2023-class 21,6,1905AHAEBE,,,8,9.4,8.8,Passed,
FA2023,FA2023-class 21,7,1905AGACCF,,,6,6.2,7.6,Passed,
FA2023,FA2023-class 21,8,1905AHAEDD,,,8,9,8.9,Passed,
FA2023,FA2023-class 21,9,1905AGCFCD,,,1,4.8,5.7,Passed,
FA2023,FA2023-class 21,10,1905AHBJIC,,,0,0,3.4,Attendance Fail,
FA2023,FA2023-class 21,11,1905AHCBBA,,,3,6.2,6.3,Passed,
FA2023,FA2023-class 21,12,1905AHAEFB,,,8,6.8,8.4,Passed,
FA2023,FA2023-class 21,13,1905AHBJIH,,,7,6.2,7.5,Passed,
FA2023,FA2023-class 21,14,1905AHBJCI,,,5,7,7.4,Passed,
FA2023,FA2023-class 21,15,1905AFAFAH,,,6,5.6,6.6,Passed,
FA2023,FA2023-class 21,16,1905AHAEAA,,,0,6.4,5.7,Not Passed,
FA2023,FA2023-class 21,17,1905AHAEHI,,,5,5.6,6.7,Passed,
FA2023,FA2023-class 21,18,1905AGADDJ,,,0,0,2.8,Attendance Fail,
FA2023,FA2023-class 21,19,1905AHAEBB,,,3,9.2,7.4,Passed,
FA2023,FA2023-class 21,20,1905AHAGFH,,,4,7.2,6.7,Passed,
FA2023,FA2023-class 21,21,1905AGABFB,,,8,5,7.9,Passed,
FA2023,FA2023-class 21,22,1905AHAEAD,,,8,5.4,8,Passed,
FA2023,FA2023-class 21,23,1905AFJDBG,,,1,5.6,5.9,Passed,
FA2023,FA2023-class 21,24,1905AHAGCC,,,2,5.4,5.8,Passed,
FA2023,FA2023-class 21,25,1905AHAEHJ,,,6,9,8.1,Passed,
FA2023,FA2023-class 21,26,1905AHJFFJ,,,8,6.2,8.2,Passed,
FA2023,FA2023-class 21,27,1905AHAHFH,,,8,5.4,8,Passed,
FA2023,FA2023-class 21,28,1905AGBADE,,,5,5.6,6.6,Passed,
FA2023,FA2023-class 21,29,1905AHAIFJ,,,1,0,3.9,Not Passed,
FA2023,FA2023-class 21,30,1905AHAEBF,,,10,9,9.7,Passed,
FA2023,FA2023-class 21,31,1905AGABIG,,,5,4.8,6.9,Passed,
FA2023,FA2023-class 21,32,1905AHBCCH,,,10,8,9.4,Passed,
FA2023,FA2023-class 21,33,1905AHAEDC,,,5,5,7,Passed,
FA2023,FA2023-class 21,34,1905AHBABI,,,7,8.6,8.6,Passed,
FA2023,FA2023-class 21,35,1905AHCAGH,,,10,7.8,9.3,Passed,
FA2023,FA2023-class 22,1,1905AHBCHD,,,0,0,0.4,Attendance Fail,
FA2023,FA2023-class 22,2,1905AHBCCF,,,10,7.8,9.3,Passed,
FA2023,FA2023-class 22,3,1905AHBCIH,,,1,5,5.3,Passed,
FA2023,FA2023-class 22,4,1905AHBDJD,,,0,0,3,Attendance Fail,
FA2023,FA2023-class 22,5,1905AHCCGG,,,8,6.8,8.4,Passed,
FA2023,FA2023-class 22,6,1905AHBCBA,,,4,5.2,6.6,Passed,
FA2023,FA2023-class 22,7,1905AHBCAA,,,6,6.8,7.2,Passed,
FA2023,FA2023-class 22,8,1905AGAEBA,,,0,0,3,Attendance Fail,
FA2023,FA2023-class 22,9,1905AHBCHA,,,8,9.4,8.8,Passed,
FA2023,FA2023-class 22,10,1905AHBCHB,,,0,0,3.8,Not Passed,
FA2023,FA2023-class 22,11,1905AHBCJA,,,8,4,7.6,Passed,
FA2023,FA2023-class 22,12,1905AFJEJC,,,2,5.6,5.9,Passed,
FA2023,FA2023-class 22,13,1905AFABDH,,,7,5.8,7.6,Passed,
FA2023,FA2023-class 22,14,1905AHBCID,,,10,9,9.6,Passed,
FA2023,FA2023-class 22,15,1905AHBDJJ,,,3,6.6,6.9,Passed,
FA2023,FA2023-class 22,16,1905AHBIHF,,,7,5.4,6.8,Passed,
FA2023,FA2023-class 22,17,1905AGAEIB,,,5,6.4,7.2,Passed,
FA2023,FA2023-class 22,18,1905AGBDEI,,,5,4.4,6.2,Passed,
FA2023,FA2023-class 22,19,1905AHBCGC,,,0,0,0.2,Attendance Fail,
FA2023,FA2023-class 22,20,1905AHBCAE,,,5,7.4,7.5,Passed,
FA2023,FA2023-class 22,21,1905AFAIGG,,,3,5,5.8,Passed,
FA2023,FA2023-class 22,22,1905AGACGE,,,7,8.6,8.1,Passed,
FA2023,FA2023-class 22,23,1905AHBBID,,,2,6,6.3,Passed,
FA2023,FA2023-class 22,24,1905AGJAAE,,,8,7.2,8.6,Passed,
FA2023,FA2023-class 22,25,1905AGBEEH,,,8,4.4,7.6,Passed,
FA2023,FA2023-class 22,26,1905AFJIAD,,,4,8.6,7.8,Passed,
FA2023,FA2023-class 22,27,1905AGJJGC,,,8,8.4,8.9,Passed,
FA2023,FA2023-class 22,28,1905AHBCCC,,,6,4.4,7.1,Passed,
FA2023,FA2023-class 22,29,1905AGAFCI,,,0,0,2.6,Not Passed,
FA2023,FA2023-class 22,30,1905AHBCIF,,,0,0,0.4,Attendance Fail,
FA2023,FA2023-class 22,31,1905AFJEIJ,,,5,4.6,6.9,Passed,
FA2023,FA2023-class 22,32,1905AEABHE,,,0,0,1.1,Attendance Fail,
FA2023,FA2023-class 22,33,1905AHBCJD,,,0,0,0.7,Attendance Fail,
FA2023,FA2023-class 22,34,1905AHBIHB,,,8,7.6,8.7,Passed,
FA2023,FA2023-class 22,35,1905AGACHI,,,8,6.8,8.3,Passed,
FA2023,FA2023-class 23,1,1905AHBDDI,,,8,6.2,7.8,Passed,
FA2023,FA2023-class 23,2,1905AHBDFH,,,5,6.2,6.5,Passed,
FA2023,FA2023-class 23,3,1905AHBEHI,,,5,6.4,6.7,Passed,
FA2023,FA2023-class 23,4,1905AHBEFJ,,,8,5.2,7,Passed,
FA2023,FA2023-class 23,5,1905AHBDBG,,,10,7,8.4,Passed,
FA2023,FA2023-class 23,6,1905AHBGAD,,,8,8.2,8.9,Passed,
FA2023,FA2023-class 23,7,1905AGCBAG,,,0,2.8,3.9,Not Passed,
FA2023,FA2023-class 23,8,1905AFAEBG,,,1,2.6,4.1,Not Passed,
FA2023,FA2023-class 23,9,1905AHBDGG,,,6,8.8,8,Passed,
FA2023,FA2023-class 23,10,1905AGBCHJ,,,1,5.6,5.3,Passed,
FA2023,FA2023-class 23,11,1905AHBDDA,,,3,8.2,6.6,Passed,
FA2023,FA2023-class 23,12,1905AFJCGC,,,0,0,0,Attendance Fail,
FA2023,FA2023-class 23,13,1905AGCGJC,,,0,0,0,Attendance Fail,
FA2023,FA2023-class 23,14,1905AHBEEC,,,3,5.6,6,Passed,
FA2023,FA2023-class 23,15,1905AHBEIH,,,3,4.4,5.7,Passed,
FA2023,FA2023-class 23,16,1905AHBDEE,,,3,5.8,5.7,Passed,
FA2023,FA2023-class 23,17,1905AHBECJ,,,3,5.8,6.1,Passed,
FA2023,FA2023-class 23,18,1905AHBCFF,,,10,7,8.5,Passed,
FA2023,FA2023-class 23,19,1905AHBDED,,,2,9,6.3,Passed,
FA2023,FA2023-class 23,20,1905AHBDIA,,,8,4.8,6.9,Passed,
FA2023,FA2023-class 23,21,1905AHBDHJ,,,4,8.6,6.9,Passed,
FA2023,FA2023-class 23,22,1905AHBECI,,,2,6.4,5.6,Passed,
FA2023,FA2023-class 23,23,1905AHBEIE,,,8,7.2,8.6,Passed,
FA2023,FA2023-class 23,24,1905AGBGFI,,,6,4.4,6.1,Passed,
FA2023,FA2023-class 23,25,1905AFAHFE,,,0,0,0,Attendance Fail,
FA2023,FA2023-class 23,26,1905AGAGJD,,,0,0,0,Attendance Fail,
FA2023,FA2023-class 23,27,1905AHBFJG,,,5,6.4,7.4,Passed,
FA2023,FA2023-class 23,28,1905AHBDGJ,,,6,5.6,6.8,Passed,
FA2023,FA2023-class 23,29,1905ADJFJE,,,0,0,0,Attendance Fail,
FA2023,FA2023-class 23,30,1905AGCDGI,,,1,0,3.3,Not Passed,
FA2023,FA2023-class 23,31,1905AFJEFD,,,9,7.2,7.7,Passed,
FA2023,FA2023-class 23,32,1905AHBDGF,,,1,5.6,5.3,Passed,
FA2023,FA2023-class 23,33,1905AHBEHG,,,3,8,6.6,Passed,
FA2023,FA2023-class 23,34,1905AHBDIG,,,9,8.6,9.3,Passed,
FA2023,FA2023-class 23,35,1905AHBEDH,,,0,0,1.5,Not Passed,
FA2023,FA2023-class 24,1,1905AHBHHC,,,7,6.6,7.3,Passed,
FA2023,FA2023-class 24,2,1905AHBBGC,,,5,7.2,5.2,Passed,
FA2023,FA2023-class 24,3,1905AHBGHD,,,4,4.2,5.6,Passed,
FA2023,FA2023-class 24,4,1905AHBAGD,,,9,9.4,8.4,Passed,
FA2023,FA2023-class 24,5,1905AHBFFA,,,4,7.6,6.5,Passed,
FA2023,FA2023-class 24,6,1905AHBCAG,,,9,7.8,8,Passed,
FA2023,FA2023-class 24,7,1905AHCCJI,,,8,7,8.1,Passed,
FA2023,FA2023-class 24,8,1905AHCCAA,,,9,10,9.6,Passed,
FA2023,FA2023-class 24,9,1905AHBHBH,,,3,8.2,6.4,Passed,
FA2023,FA2023-class 24,10,1905AHCAII,,,10,6.2,8,Passed,
FA2023,FA2023-class 24,11,1905AHCCEC,,,10,6.2,8.1,Passed,
FA2023,FA2023-class 24,12,1905AHCHAH,,,3,7,6.2,Passed,
FA2023,FA2023-class 24,13,1905AHBFEC,,,7,4.6,6.4,Passed,
FA2023,FA2023-class 24,14,1905AHJJIF,,,7,4.2,6,Passed,
FA2023,FA2023-class 24,15,1905AHCEJB,,,2,7.8,5,Passed,
FA2023,FA2023-class 24,16,1905AFJHDE,,,0,0,0,Attendance Fail,
FA2023,FA2023-class 24,17,1905AHBFCI,,,10,9,9.1,Passed,
FA2023,FA2023-class 24,18,1905AGBABI,,,7,5.6,5.8,Passed,
FA2023,FA2023-class 24,19,1905AGACFG,,,3,6.2,6.1,Passed,
FA2023,FA2023-class 24,20,1905AHBFJI,,,6,5.2,6.7,Passed,
FA2023,FA2023-class 24,21,1905AHCICF,,,10,6.6,8.2,Passed,
FA2023,FA2023-class 24,22,1905AHDGJF,,,9,7.8,7.7,Passed,
FA2023,FA2023-class 24,23,1905AHBHCJ,,,9,4.4,6.8,Passed,
FA2023,FA2023-class 24,24,1905AHBFGD,,,7,6.8,6.4,Passed,
FA2023,FA2023-class 24,25,1905AHBFFD,,,0,0,1.1,Not Passed,
FA2023,FA2023-class 24,26,1905AGJDBD,,,5,4.6,6.1,Passed,
FA2023,FA2023-class 24,27,1905AGACJD,,,0,0,0.6,Attendance Fail,
FA2023,FA2023-class 24,28,1905AHCCJD,,,9,9.2,9.2,Passed,
FA2023,FA2023-class 24,29,1905AHBGBF,,,2,7.4,5.6,Passed,
FA2023,FA2023-class 24,30,1905AHBGEF,,,4,7.6,6.5,Passed,
FA2023,FA2023-class 24,31,1905AHCBAC,,,10,8,8.5,Passed,
FA2023,FA2023-class 24,32,1905AGJCFI,,,10,6.8,8.1,Passed,
FA2023,FA2023-class 24,33,1905AHBCGH,,,9,6.8,7.7,Passed,
FA2023,FA2023-class 24,34,1905AGJDIH,,,2,8.8,5.6,Passed,
FA2023,FA2023-class 24,35,1905AGJAFC,,,1,7.8,5.5,Passed,
FA2023,FA2023-class 25,1,1905AGJEJE,,,5,7.6,7.5,Passed,
FA2023,FA2023-class 25,2,1905AGJEGA,,,6,9.6,8.4,Passed,
FA2023,FA2023-class 25,3,1905AHCJGB,,,1,4,4.2,Not Passed,
FA2023,FA2023-class 25,4,1905AGCDDD,,,1,3.8,4.2,Not Passed,
FA2023,FA2023-class 25,5,1905AHBIEI,,,6,8.2,7.5,Passed,
FA2023,FA2023-class 25,6,1905AHBHIJ,,,9,9,8.9,Passed,
FA2023,FA2023-class 25,7,1905AGAGED,,,1,6.2,5.8,Passed,
FA2023,FA2023-class 25,8,1905AHCFEI,,,9,9.6,9.2,Passed,
FA2023,FA2023-class 25,9,1905AGAHDG,,,1,9.2,5.3,Passed,
FA2023,FA2023-class 25,10,1905AGABIC,,,8,5.8,7.7,Passed,
FA2023,FA2023-class 25,11,1905AHCJFC,,,3,7.2,5.7,Passed,
FA2023,FA2023-class 25,12,1905AGBDIJ,,,3,6.6,6.1,Passed,
FA2023,FA2023-class 25,13,1905AGAACA,,,8,6.6,8,Passed,
FA2023,FA2023-class 25,14,1905AGAABI,,,10,8.2,9.2,Passed,
FA2023,FA2023-class 25,15,1905AGCDEA,,,9,9,9.2,Passed,
FA2023,FA2023-class 25,16,1905AHBHBG,,,4,5.4,6.3,Passed,
FA2023,FA2023-class 25,17,1905AHBIJG,,,10,9.4,9.5,Passed,
FA2023,FA2023-class 25,18,1905AHBHHH,,,4,7,6.9,Passed,
FA2023,FA2023-class 25,19,1905AHBIFB,,,9,7.6,8.5,Passed,
FA2023,FA2023-class 25,20,1905AHBICJ,,,5,6.4,7.1,Passed,
FA2023,FA2023-class 25,21,1905AHBHEH,,,0,0,0.1,Not Passed,
FA2023,FA2023-class 25,22,1905AGCDJC,,,10,6.4,8.5,Passed,
FA2023,FA2023-class 25,23,1905AGAFAC,,,2,5.2,5.7,Passed,
FA2023,FA2023-class 25,24,1905AHBIJA,,,6,6,6.8,Passed,
FA2023,FA2023-class 25,25,1905AHCJJB,,,2,0,3,Attendance Fail,
FA2023,FA2023-class 25,26,1905AHBIDI,,,8,8,8.2,Passed,
FA2023,FA2023-class 25,27,1905AHBICA,,,10,8.4,9.2,Passed,
FA2023,FA2023-class 25,28,1905AGAHIJ,,,8,7.4,8.1,Passed,
FA2023,FA2023-class 25,29,1905AHCJBA,,,5,8.6,7.8,Passed,
FA2023,FA2023-class 25,30,1905AHBIEC,,,2,7.8,6.4,Passed,
FA2023,FA2023-class 25,31,1905AHBIBI,,,8,4.8,7.4,Passed,
FA2023,FA2023-class 25,32,1905AGBCAC,,,7,6.8,7.7,Passed,
FA2023,FA2023-class 25,33,1905AHBHIF,,,0,0,3.3,Not Passed,
FA2023,FA2023-class 25,34,1905AGCCGH,,,7,5.4,7.4,Passed,
FA2023,FA2023-class 25,35,1905AGBCJF,,,3,6.8,6.6,Passed,
FA2023,FA2023-class 26,1,1905AHCBJH,,,1,4.8,5.4,Passed,
FA2023,FA2023-class 26,2,1905AHCDEA,,,8,8.8,8.9,Passed,
FA2023,FA2023-class 26,3,1905AHCJAE,,,10,8,9.2,Passed,
FA2023,FA2023-class 26,4,1905AHCBHD,,,7,9.2,8.7,Passed,
FA2023,FA2023-class 26,5,1905AHCAFB,,,6,8.2,8.1,Passed,
FA2023,FA2023-class 26,6,1905AHCHDA,,,4,7.8,7.4,Passed,
FA2023,FA2023-class 26,7,1905AHCAEF,,,4,5.6,6.6,Passed,
FA2023,FA2023-class 26,8,1905AHCAAB,,,7,4.6,7.2,Passed,
FA2023,FA2023-class 26,9,1905AHCABA,,,5,8.4,7.7,Passed,
FA2023,FA2023-class 26,10,1905AHCJIG,,,7,7.4,8,Passed,
FA2023,FA2023-class 26,11,1905AHCJHG,,,6,7.6,7.7,Passed,
FA2023,FA2023-class 26,12,1905AHCECG,,,7,9,8.5,Passed,
FA2023,FA2023-class 26,13,1905AHCBEG,,,8,9.2,9.1,Passed,
FA2023,FA2023-class 26,14,1905AHCBBH,,,3,5.4,6.2,Passed,
FA2023,FA2023-class 26,15,1905AHCABC,,,7,7,7.9,Passed,
FA2023,FA2023-class 26,16,1905AHCABD,,,9,10,9.6,Passed,
FA2023,FA2023-class 26,17,1905AHCJGH,,,8,6.6,8.1,Passed,
FA2023,FA2023-class 26,18,1905AGBEGC,,,8,7.8,8.5,Passed,
FA2023,FA2023-class 26,19,1905AHCAIB,,,7,6.8,8,Passed,
FA2023,FA2023-class 26,20,1905AHCBDE,,,5,5.8,6.9,Passed,
FA2023,FA2023-class 26,21,1905AHCAAJ,,,7,5.2,7.3,Passed,
FA2023,FA2023-class 26,22,1905AHCJHE,,,5,5.8,6.9,Passed,
FA2023,FA2023-class 26,23,1905AHCDAH,,,8,8.6,8.8,Passed,
FA2023,FA2023-class 26,24,1905AHCBCJ,,,3,4.6,6,Passed,
FA2023,FA2023-class 26,25,1905AGBEAF,,,8,9.4,8.9,Passed,
FA2023,FA2023-class 26,26,1905AFJCBE,,,2,3,5.2,Not Passed,
FA2023,FA2023-class 26,27,1905AHCJHB,,,9,8.6,9,Passed,
FA2023,FA2023-class 26,28,1905AHCAEE,,,1,5.4,5.6,Passed,
FA2023,FA2023-class 26,29,1905AHCJHI,,,3,7.4,6.9,Passed,
FA2023,FA2023-class 26,30,1905AHCBDG,,,6,7.2,7.7,Passed,
FA2023,FA2023-class 26,31,1905AGJDGG,,,10,7.8,9.1,Passed,
FA2023,FA2023-class 26,32,1905AHCABB,,,10,8.6,9.5,Passed,
FA2023,FA2023-class 26,33,1905AHCJED,,,5,4.2,6.4,Passed,
FA2023,FA2023-class 26,34,1905AHCAAG,,,9,4.8,7.8,Passed,
FA2023,FA2023-class 26,35,1905AHCBIA,,,6,9.8,8.5,Passed,
FA2023,FA2023-class 27,1,1905AHCEJH,,,8,9.4,8.5,Passed,
FA2023,FA2023-class 27,2,1905AHCDIF,,,8,8.4,8,Passed,
FA2023,FA2023-class 27,3,1905AGJAAH,,,8,9.2,8.6,Passed,
FA2023,FA2023-class 27,4,1905AGJJHH,,,0,0,1,Attendance Fail,
FA2023,FA2023-class 27,5,1905AFJJEI,,,4,9.4,7.3,Passed,
FA2023,FA2023-class 27,6,1905AFJDAE,,,0,0,0.5,Attendance Fail,
FA2023,FA2023-class 27,7,1905AHCFBI,,,8,7.6,8.3,Passed,
FA2023,FA2023-class 27,8,1905AHCCDH,,,9,7,7.8,Passed,
FA2023,FA2023-class 27,9,1905AHCECF,,,1,7.2,5.3,Passed,
FA2023,FA2023-class 27,10,1905AGJAEE,,,1,8,5.6,Passed,
FA2023,FA2023-class 27,11,1905AHDHFD,,,1,6,4.8,Not Passed,
FA2023,FA2023-class 27,12,1905AGJAAG,,,5,9.4,8,Passed,
FA2023,FA2023-class 27,13,1905AHCCED,,,3,5.2,5.8,Passed,
FA2023,FA2023-class 27,14,1905AGJAJG,,,9,9.2,9.1,Passed,
FA2023,FA2023-class 27,15,1905AHCBFC,,,8,9.2,8.6,Passed,
FA2023,FA2023-class 27,16,1905AGADEA,,,0,0,0,Attendance Fail,
FA2023,FA2023-class 27,17,1905AHCBFJ,,,4,7.6,6.6,Passed,
FA2023,FA2023-class 27,18,1905AHCCHE,,,7,8,8,Passed,
FA2023,FA2023-class 27,19,1905AGCAJE,,,0,0,3,Not Passed,
FA2023,FA2023-class 27,20,1905AHCGCA,,,2,9.4,6.3,Passed,
FA2023,FA2023-class 27,21,1905AGAFGI,,,7,5.4,7.1,Passed,
FA2023,FA2023-class 27,22,1905AHCDCG,,,2,8.2,6.1,Passed,
FA2023,FA2023-class 27,23,1905AHCDBI,,,5,10,8.2,Passed,
FA2023,FA2023-class 27,24,1905AHCCGD,,,5,5.6,6.6,Passed,
FA2023,FA2023-class 27,25,1905AHCDHC,,,7,7.8,7.6,Passed,
FA2023,FA2023-class 27,26,1905AHCDIA,,,10,9,8.9,Passed,
FA2023,FA2023-class 27,27,1905AGJADD,,,2,7.2,5.5,Passed,
FA2023,FA2023-class 27,28,1905AGAICG,,,4,5.2,5.7,Passed,
FA2023,FA2023-class 27,29,1905AHCCBB,,,3,9.2,6.8,Passed,
FA2023,FA2023-class 27,30,1905AGCFIC,,,8,4.4,6.1,Passed,
FA2023,FA2023-class 27,31,1905AGJJHA,,,5,7.8,7.6,Passed,
FA2023,FA2023-class 27,32,1905AGADAI,,,7,7.8,7.5,Passed,
FA2023,FA2023-class 27,33,1905AHCCBH,,,3,7.2,6.6,Passed,
FA2023,FA2023-class 27,34,1905AHCCCH,,,4,8,7.2,Passed,
FA2023,FA2023-class 28,1,1905AHCFAJ,,,10,8.8,9.4,Passed,
FA2023,FA2023-class 28,2,1905AHCEHF,,,4,6.2,6.9,Passed,
FA2023,FA2023-class 28,3,1905AHCHEE,,,4,9.4,7.4,Passed,
FA2023,FA2023-class 28,4,1905AHCGBA,,,6,7.8,7.9,Passed,
FA2023,FA2023-class 28,5,1905AHCFHB,,,9,8.6,9.3,Passed,
FA2023,FA2023-class 28,6,1905AHCFJD,,,0,3,4.5,Not Passed,
FA2023,FA2023-class 28,7,1905AGAEIJ,,,3,9.4,7.7,Passed,
FA2023,FA2023-class 28,8,1905AGAFBB,,,6,6.2,7.2,Passed,
FA2023,FA2023-class 28,9,1905AGAFIE,,,6,5.6,7.3,Passed,
FA2023,FA2023-class 28,10,1905AHCFFJ,,,10,7.2,8.5,Passed,
FA2023,FA2023-class 28,11,1905AHCGBH,,,8,5.6,7.9,Passed,
FA2023,FA2023-class 28,12,1905AHCFFB,,,8,8.6,9,Passed,
FA2023,FA2023-class 28,13,1905AGJBDC,,,9,9.6,9.3,Passed,
FA2023,FA2023-class 28,14,1905AGAFDI,,,1,8.8,6.7,Passed,
FA2023,FA2023-class 28,15,1905AHCEEI,,,6,4.6,7.2,Passed,
FA2023,FA2023-class 28,16,1905AHCHJJ,,,6,7.6,7.2,Passed,
FA2023,FA2023-class 28,17,1905AHCEHB,,,4,7.4,7,Passed,
FA2023,FA2023-class 28,18,1905AHCGBE,,,6,7.4,7.5,Passed,
FA2023,FA2023-class 28,19,1905AGADFG,,,1,6,6.1,Passed,
FA2023,FA2023-class 28,20,1905AHCGAB,,,2,5,6.1,Passed,
FA2023,FA2023-class 28,21,1905AHCGCH,,,7,7,8.2,Passed,
FA2023,FA2023-class 28,22,1905AHCGGC,,,9,7.2,8.9,Passed,
FA2023,FA2023-class 28,23,1905AHCGGE,,,3,9.2,7.4,Passed,
FA2023,FA2023-class 28,24,1905AHCFCB,,,4,5.6,6.9,Passed,
FA2023,FA2023-class 28,25,1905AHCFCJ,,,4,9.4,8,Passed,
FA2023,FA2023-class 28,26,1905AGAEAD,,,2,9.6,6.5,Passed,
FA2023,FA2023-class 28,27,1905AHCHJC,,,3,6.8,6.4,Passed,
FA2023,FA2023-class 28,28,1905AHDJFG,,,2,9.2,7.4,Passed,
FA2023,FA2023-class 28,29,1905AHBEEJ,,,8,7.6,8.5,Passed,
FA2023,FA2023-class 28,30,1905AHCGDC,,,8,9.4,9.2,Passed,
FA2023,FA2023-class 28,31,1905AHCFDB,,,10,5.2,8.6,Passed,
FA2023,FA2023-class 28,32,1905AGCAED,,,6,4.4,6.7,Passed,
FA2023,FA2023-class 28,33,1905AHCFDG,,,4,7.2,7.3,Passed,
FA2023,FA2023-class 28,34,1905AGAFGE,,,6,6.2,7,Passed,
FA2023,FA2023-class 28,35,1905AGCACI,,,7,8.2,7.8,Passed,
FA2023,FA2023-class 28,36,1905AHDAJA,,,5,7.4,7.6,Passed,
FA2023,FA2023-class 29,1,1905AHCIHE,,,4,6.6,6.4,Passed,
FA2023,FA2023-class 29,2,1905AHCHBC,,,1,7,5.1,Passed,
FA2023,FA2023-class 29,3,1905AHCHAB,,,6,8.6,7.9,Passed,
FA2023,FA2023-class 29,4,1905AGBJBA,,,8,3.6,6.4,Not Passed,
FA2023,FA2023-class 29,5,1905ACJEBD,,,0,0,0,Attendance Fail,
FA2023,FA2023-class 29,6,1905AHCHDD,,,4,9.6,7.8,Passed,
FA2023,FA2023-class 29,7,1905AGJJIE,,,9,8.4,7.5,Passed,
FA2023,FA2023-class 29,8,1905AGCJHA,,,8,10,9.2,Passed,
FA2023,FA2023-class 29,9,1905AGCJFI,,,0,0,3.6,Not Passed,
FA2023,FA2023-class 29,10,1905AGACDJ,,,8,9.6,8.4,Passed,
FA2023,FA2023-class 29,11,1905AGABBI,,,10,9.8,9.8,Passed,
FA2023,FA2023-class 29,12,1905AFJDBI,,,0,0,3.7,Not Passed,
FA2023,FA2023-class 29,13,1905AFJEJA,,,4,6.4,5.8,Passed,
FA2023,FA2023-class 29,14,1905AGADGD,,,1,6.4,5.5,Passed,
FA2023,FA2023-class 29,15,1905AHCIIG,,,2,8.6,6.6,Passed,
FA2023,FA2023-class 29,16,1905AHCHFG,,,9,9,9.1,Passed,
FA2023,FA2023-class 29,17,1905AFAABJ,,,1,0,3.8,Not Passed,
FA2023,FA2023-class 29,18,1905AHDAJJ,,,1,8.6,6.6,Passed,
FA2023,FA2023-class 29,19,1905AHCHBG,,,3,4.4,5.4,Passed,
FA2023,FA2023-class 29,20,1905AHDJHE,,,9,8.6,8.5,Passed,
FA2023,FA2023-class 29,21,1905AGBAHG,,,8,5.8,7.6,Passed,
FA2023,FA2023-class 29,22,1905AHCIED,,,6,5.4,6.2,Passed,
FA2023,FA2023-class 29,23,1905AHBHIA,,,0,8,6,Not Passed,
FA2023,FA2023-class 29,24,1905AGJEJJ,,,4,5.4,6.3,Passed,
FA2023,FA2023-class 29,25,1905AHCIEI,,,10,9,9.1,Passed,
FA2023,FA2023-class 29,26,1905AHCHGJ,,,8,6.4,8.1,Passed,
FA2023,FA2023-class 29,27,1905AHBEDB,,,8,9,8.4,Passed,
FA2023,FA2023-class 29,28,1905AFJHAG,,,0,0,1.1,Attendance Fail,
FA2023,FA2023-class 29,29,1905AGCCFF,,,2,6.8,5.2,Passed,
FA2023,FA2023-class 29,30,1905AEJCFA,,,0,0,2,Not Passed,
FA2023,FA2023-class 29,31,1905AGAAAC,,,8,6.6,7.9,Passed,
FA2023,FA2023-class 29,32,1905AHCHBH,,,0,0,0.5,Is Susspended,
FA2023,FA2023-class 29,33,1905AFAADB,,,8,4.8,5.9,Passed,
FA2023,FA2023-class 29,34,1905AGJDHF,,,2,4.2,5.5,Passed,
FA2023,FA2023-class 29,35,1905AGAEJD,,,2,5.6,4.8,Not Passed,
FA2023,FA2023-class 30,1,1905AHDJJD,,,8,7,7.9,Passed,
FA2023,FA2023-class 30,2,1905AHDJHI,,,3,7.4,5.3,Passed,
FA2023,FA2023-class 30,3,1905AHDBBI,,,7,5.4,6.6,Passed,
FA2023,FA2023-class 30,4,1905AHDAGB,,,9,8.2,9.1,Passed,
FA2023,FA2023-class 30,5,1905AHCIHG,,,5,8.8,7.2,Passed,
FA2023,FA2023-class 30,6,1905AHCIIJ,,,6,7.4,6.8,Passed,
FA2023,FA2023-class 30,7,1905AHDBCI,,,1,5.6,4.2,Not Passed,
FA2023,FA2023-class 30,8,1905AHDAGC,,,2,7.8,5.8,Passed,
FA2023,FA2023-class 30,9,1905AGAFDF,,,0,0,1.1,Attendance Fail,
FA2023,FA2023-class 30,10,1905AHCABI,,,7,7,7.2,Passed,
FA2023,FA2023-class 30,11,1905AHAGDG,,,9,7.8,8.7,Passed,
FA2023,FA2023-class 30,12,1905AHDJBB,,,9,8.6,8.5,Passed,
FA2023,FA2023-class 30,13,1905AHDAHC,,,4,8.2,6.7,Passed,
FA2023,FA2023-class 30,14,1905AHDJAC,,,1,6.6,5,Passed,
FA2023,FA2023-class 30,15,1905AHCHGH,,,1,7.8,5.1,Passed,
FA2023,FA2023-class 30,16,1905AHDBDG,,,8,8.4,7.8,Passed,
FA2023,FA2023-class 30,17,1905AHCHHJ,,,9,7,7.6,Passed,
FA2023,FA2023-class 30,18,1905AHDJHD,,,6,5.4,6.6,Passed,
FA2023,FA2023-class 30,19,1905AHDJAD,,,6,7,6.9,Passed,
FA2023,FA2023-class 30,20,1905AHCHFE,,,7,5.6,5.5,Passed,
FA2023,FA2023-class 30,21,1905AHDJEI,,,10,5.2,7.6,Passed,
FA2023,FA2023-class 30,22,1905AHDBBH,,,7,8.8,7.3,Passed,
FA2023,FA2023-class 30,23,1905AHDBGE,,,8,6.2,7.5,Passed,
FA2023,FA2023-class 30,24,1905AHDBGH,,,4,8.2,7.2,Passed,
FA2023,FA2023-class 30,25,1905AHCIGJ,,,5,5.6,6,Passed,
FA2023,FA2023-class 30,26,1905ACJGGA,,,0,0,1.3,Attendance Fail,
FA2023,FA2023-class 30,27,1905AHCIGG,,,6,9,7.7,Passed,
FA2023,FA2023-class 30,28,1905AHDBEC,,,0,0,1.3,Attendance Fail,
FA2023,FA2023-class 30,29,1905AHDAFI,,,2,6.4,5.5,Passed,
FA2023,FA2023-class 30,30,1905AHCIFE,,,4,6.4,6.1,Passed,
FA2023,FA2023-class 30,31,1905AHDBCB,,,3,6,5.9,Passed,
FA2023,FA2023-class 30,32,1905AHBIII,,,2,5.8,5.1,Passed,
FA2023,FA2023-class 30,33,1905AHBIAA,,,7,6.4,7.1,Passed,
FA2023,FA2023-class 30,34,1905AHDBFG,,,3,5,5.6,Passed,
FA2023,FA2023-class 30,35,1905AHDBHG,,,2,9.2,5.1,Passed,
FA2023,FA2023-class 31,1,1905AHDFGC,,,8,5.8,6,Passed,
FA2023,FA2023-class 31,2,1905AHDDAC,,,10,9,8.7,Passed,
FA2023,FA2023-class 31,3,1905AGCFFA,,,3,4.6,5.3,Passed,
FA2023,FA2023-class 31,4,1905AHDDCG,,,7,6.4,6.9,Passed,
FA2023,FA2023-class 31,5,1905AHDEFA,,,3,5.2,4.2,Not Passed,
FA2023,FA2023-class 31,6,1905AHDEDI,,,4,6.4,5.9,Passed,
FA2023,FA2023-class 31,7,1905AGBEBA,,,4,8.8,6.9,Passed,
FA2023,FA2023-class 31,8,1905AHDGJD,,,10,6.2,8.5,Passed,
FA2023,FA2023-class 31,9,1905AHDEDE,,,7,8.8,7.6,Passed,
FA2023,FA2023-class 31,10,1905AFJHHD,,,0,0,2.8,Not Passed,
FA2023,FA2023-class 31,11,1905AHDFBF,,,3,0,2.4,Not Passed,
FA2023,FA2023-class 31,12,1905AHDFAH,,,7,5.6,7,Passed,
FA2023,FA2023-class 31,13,1905AHBBHH,,,8,8.4,7.9,Passed,
FA2023,FA2023-class 31,14,1905AGBEFJ,,,8,9.2,8.4,Passed,
FA2023,FA2023-class 31,15,1905AHAEJI,,,9,8.8,8.3,Passed,
FA2023,FA2023-class 31,16,1905AHDFEC,,,6,8.2,4.7,Not Passed,
FA2023,FA2023-class 31,17,1905AGBDFA,,,5,8.8,7.2,Passed,
FA2023,FA2023-class 31,18,1905AEJICG,,,1,6.2,4.8,Not Passed,
FA2023,FA2023-class 31,19,1905AGJDEH,,,3,4.6,5.2,Passed,
FA2023,FA2023-class 31,20,1905AGCJGA,,,8,6,7.5,Passed,
FA2023,FA2023-class 31,21,1905AGCBAJ,,,7,7,6.7,Passed,
FA2023,FA2023-class 31,22,1905AHDGJG,,,0,0,2.6,Not Passed,
FA2023,FA2023-class 31,23,1905AHDEEC,,,1,0,1.8,Not Passed,
FA2023,FA2023-class 31,24,1905AGJDBI,,,3,8.8,6.6,Passed,
FA2023,FA2023-class 31,25,1905AGBHDF,,,8,6.8,7.6,Passed,
FA2023,FA2023-class 31,26,1905AHCCCE,,,8,9.6,8.3,Passed,
FA2023,FA2023-class 31,27,1905AHDCCI,,,4,8.4,6.2,Passed,
FA2023,FA2023-class 31,28,1905AGBDCJ,,,10,5.4,6.7,Passed,
FA2023,FA2023-class 31,29,1905AGJBIJ,,,7,8.4,8,Passed,
FA2023,FA2023-class 31,30,1905AGJCJC,,,6,8.2,7.9,Passed,
FA2023,FA2023-class 31,31,1905AHDCHF,,,7,8.8,7.7,Passed,
FA2023,FA2023-class 31,32,1905AGCFBJ,,,3,8,5.2,Passed,
FA2023,FA2023-class 31,33,1905AHDEEA,,,8,6.2,5.8,Passed,
FA2023,FA2023-class 31,34,1905AGBEAA,,,4,7.6,7.1,Passed,
FA2023,FA2023-class 31,35,1905AHDFIA,,,9,7.4,7.5,Passed,
FA2023,FA2023-class 32,1,1905AGACCE,,,2,9.2,6.2,Passed,
FA2023,FA2023-class 32,2,1905AHEJEG,,,4,7.6,6.5,Passed,
FA2023,FA2023-class 32,3,1905AGADHC,,,0,3.8,4,Not Passed,
FA2023,FA2023-class 32,4,1905AHCIHC,,,5,7.8,6.9,Passed,
FA2023,FA2023-class 32,5,1905AGCFCG,,,6,8.4,7.7,Passed,
FA2023,FA2023-class 32,6,1905AHEJCF,,,7,7,7.2,Passed,
FA2023,FA2023-class 32,7,1905AGCFBA,,,2,6.6,5.8,Passed,
FA2023,FA2023-class 32,8,1905AHEJFE,,,5,8.2,6.9,Passed,
FA2023,FA2023-class 32,9,1905AHDIGH,,,9,9,8.6,Passed,
FA2023,FA2023-class 32,10,1905AGBJFG,,,8,6.6,7.7,Passed,
FA2023,FA2023-class 32,11,1905AHBDJG,,,10,9.8,9.6,Passed,
FA2023,FA2023-class 32,12,1905AHEJGA,,,7,7.6,7.7,Passed,
FA2023,FA2023-class 32,13,1905AHDIDJ,,,6,6.6,7,Passed,
FA2023,FA2023-class 32,14,1905AGBCCF,,,4,4.6,5.4,Passed,
FA2023,FA2023-class 32,15,1905AGCFBG,,,3,7.2,6.1,Passed,
FA2023,FA2023-class 32,16,1905AHBDBJ,,,9,9.8,9.4,Passed,
FA2023,FA2023-class 32,17,1905AGCFAB,,,7,9.4,8.2,Passed,
FA2023,FA2023-class 32,18,1905AHEJJG,,,2,7.2,6.1,Passed,
FA2023,FA2023-class 32,19,1905AGAEAC,,,8,7.8,7.8,Passed,
FA2023,FA2023-class 32,20,1905AGJCAE,,,4,5.8,5.8,Passed,
FA2023,FA2023-class 32,21,1905AHCIGF,,,4,4.2,4.9,Not Passed,
FA2023,FA2023-class 32,22,1905AHDBBJ,,,7,7.2,7.7,Passed,
FA2023,FA2023-class 32,23,1905AGACBJ,,,4,7.4,6.1,Passed,
FA2023,FA2023-class 32,24,1905AHDGBG,,,4,6.4,6.3,Passed,
FA2023,FA2023-class 32,25,1905AHDHHH,,,5,6.2,6.6,Passed,
FA2023,FA2023-class 32,26,1905AHDIHI,,,8,6.6,7.7,Passed,
FA2023,FA2023-class 32,27,1905AHDGIE,,,2,0,3.6,Not Passed,
FA2023,FA2023-class 32,28,1905AHDGAD,,,8,7.2,8,Passed,
FA2023,FA2023-class 32,29,1905AGCFCE,,,3,5.8,5.9,Passed,
FA2023,FA2023-class 32,30,1905AGAEDC,,,7,6,7,Passed,
FA2023,FA2023-class 32,31,1905AGADIE,,,4,5.8,5.9,Passed,
FA2023,FA2023-class 32,32,1905AHDHAA,,,7,6.6,7.2,Passed,
FA2023,FA2023-class 32,33,1905AHDGCF,,,9,8,8.6,Passed,
FA2023,FA2023-class 32,34,1905AGAAEJ,,,4,7.8,6.9,Passed,
FA2023,FA2023-class 32,35,1905AHEJBE,,,1,5.2,4.9,Not Passed,
FA2023,FA2023-class 32,36,1905AHDIID,,,0,3.2,3.9,Not Passed,
FA2024,FA2024-class 1,1,1905AHBFCC,,,0,8.6,6.4,Not Passed,
FA2024,FA2024-class 1,2,1905AIBDBE,,,0,6.8,5.6,Not Passed,
FA2024,FA2024-class 1,3,1905AIJIJB,,,10,9.2,9.5,Passed,
FA2024,FA2024-class 1,4,1905AIBEEG,,,10,8.2,9.3,Passed,
FA2024,FA2024-class 1,5,1905AHCBEH,,,0,6,5.4,Not Passed,
FA2024,FA2024-class 1,6,1905AHBICH,,,2.5,4,5.8,Passed,
FA2024,FA2024-class 1,7,1905AIBJFF,,,0,7.8,6.1,Not Passed,
FA2024,FA2024-class 1,8,1905AHBJHG,,,10,7.6,9.1,Passed,
FA2024,FA2024-class 1,9,1905AHAGHA,,,0,7.6,5.9,Not Passed,
FA2024,FA2024-class 1,10,1905AFAAHE,,,5,6.2,6.7,Passed,
FA2024,FA2024-class 1,11,1905AGACJF,,,2.5,6.4,6.6,Passed,
FA2024,FA2024-class 1,12,1905AIBEEF,,,10,5.8,8.2,Passed,
FA2024,FA2024-class 1,13,1905AEACEB,,,0,0,3.6,Attendance Fail,
FA2024,FA2024-class 1,14,1905AFBJIA,,,0,0,3.2,Attendance Fail,
FA2024,FA2024-class 1,15,1905AIBFGC,,,10,8,9.2,Passed,
FA2024,FA2024-class 1,16,1905AGADGJ,,,0,3.4,4.9,Not Passed,
FA2024,FA2024-class 1,17,1905AIFDCH,,,0,6,5.2,Not Passed,
FA2024,FA2024-class 1,18,1905AHCDAG,,,0,4.6,4.7,Not Passed,
FA2024,FA2024-class 1,19,1905AFJHIG,,,0,0,3.4,Attendance Fail,
FA2024,FA2024-class 1,20,1905AHCBAB,,,10,8,8.7,Passed,
FA2024,FA2024-class 1,21,1905AHDGFB,,,10,7.6,9.1,Passed,
FA2024,FA2024-class 1,22,1905AHJFGC,,,2.5,7.4,6.3,Passed,
FA2024,FA2024-class 1,23,1905AHDDJJ,,,10,10,10,Passed,
FA2024,FA2024-class 1,24,1905AIDBDF,,,7.5,8.8,8.7,Passed,
FA2024,FA2024-class 1,25,1905AGCJBH,,,7.5,8.4,8.4,Passed,
FA2024,FA2024-class 1,26,1905AHBHEH,,,10,5.2,8.2,Passed,
FA2024,FA2024-class 1,27,1905AHJFDD,,,0,0,1,Attendance Fail,
FA2024,FA2024-class 1,28,1905AIDBBI,,,2.5,6.8,6.5,Passed,
FA2024,FA2024-class 1,29,1905AHCFID,,,2.5,7.6,6.8,Passed,
FA2024,FA2024-class 1,30,1905AHDFII,,,7.5,8.6,8.4,Passed,
FA2024,FA2024-class 1,31,1905AHBJHE,,,0,4.4,5.1,Not Passed,
FA2024,FA2024-class 1,32,1905AGJDHG,,,0,4.4,4.6,Not Passed,
FA2024,FA2024-class 1,33,1905AHAIEH,,,10,9.2,9.8,Passed,
FA2024,FA2024-class 1,34,1905AHJEFA,,,7.5,6,7.6,Passed,
FA2024,FA2024-class 1,35,1905AHCBEB,,,5,6.2,7.3,Passed,
FA2024,FA2024-class 1,36,1905AFJIFG,,,2.5,7.6,6.6,Passed,
FA2024,FA2024-class 2,1,1905AHCIFB,,,10,6.2,8.4,Passed,
FA2024,FA2024-class 2,2,1905AGJEDA,,,10,10,9.6,Passed,
FA2024,FA2024-class 2,3,1905AHJAHA,,,0,5.4,5.6,Not Passed,
FA2024,FA2024-class 2,4,1905AIAJIH,,,0,0,3.7,Not Passed,
FA2024,FA2024-class 2,5,1905AGJCHG,,,0,4.4,4.8,Not Passed,
FA2024,FA2024-class 2,6,1905AHDBHJ,,,10,5.4,8,Passed,
FA2024,FA2024-class 2,7,1905AGJEAH,,,10,10,9.5,Passed,
FA2024,FA2024-class 2,8,1905AGBGGE,,,0,6,5.4,Not Passed,
FA2024,FA2024-class 2,9,1905AIBEJG,,,10,7.6,9.1,Passed,
FA2024,FA2024-class 2,10,1905AHDGIJ,,,10,4.8,7.9,Passed,
FA2024,FA2024-class 2,11,1905AGBEGH,,,0,0,1.9,Attendance Fail,
FA2024,FA2024-class 2,12,1905AHJCAC,,,10,10,9.7,Passed,
FA2024,FA2024-class 2,13,1905AGCGJC,,,2.5,6.2,6.4,Passed,
FA2024,FA2024-class 2,14,1905AGBDEC,,,0,5.8,5.5,Not Passed,
FA2024,FA2024-class 2,15,1905AHBJEI,,,10,7,8.6,Passed,
FA2024,FA2024-class 2,16,1905AHJCAH,,,7.5,9,8.7,Passed,
FA2024,FA2024-class 2,17,1905AHJJAI,,,0,5,5.3,Not Passed,
FA2024,FA2024-class 2,18,1905AHDAFH,,,0,4.6,4.9,Not Passed,
FA2024,FA2024-class 2,19,1905AHDCAF,,,10,9.6,9.7,Passed,
FA2024,FA2024-class 2,20,1905AHBFHG,,,2.5,8.2,6.9,Passed,
FA2024,FA2024-class 2,21,1905AIBFGI,,,7.5,6,8.1,Passed,
FA2024,FA2024-class 2,22,1905AHJGJF,,,0,8.2,6.3,Not Passed,
FA2024,FA2024-class 2,23,1905AHBIIG,,,10,6,8.8,Passed,
FA2024,FA2024-class 2,24,1905AHDJDJ,,,10,8.8,9.4,Passed,
FA2024,FA2024-class 2,25,1905AIBJEJ,,,10,8.4,9.5,Passed,
FA2024,FA2024-class 2,26,1905AHJAFB,,,0,4.8,5.3,Not Passed,
FA2024,FA2024-class 2,27,1905AGCAHB,,,2.5,7.6,6.5,Passed,
FA2024,FA2024-class 2,28,0405AHJEEC,,,0,9.6,6.6,Not Passed,
FA2024,FA2024-class 2,29,1905AHAGCH,,,0,7.6,6.2,Not Passed,
FA2024,FA2024-class 2,30,1905AHAGCF,,,0,8.4,6.4,Not Passed,
FA2024,FA2024-class 2,31,1905AHJAFE,,,0,6.2,5.7,Not Passed,
FA2024,FA2024-class 2,32,1905AGBJCH,,,2.5,6.8,6.4,Passed,
FA2024,FA2024-class 2,33,1905AHJFDE,,,10,6.2,8.8,Passed,
FA2024,FA2024-class 2,34,1905AHCGJG,,,0,6.4,5.7,Not Passed,
FA2024,FA2024-class 2,35,1905AHCEGA,,,2.5,7.6,6.6,Passed,
FA2024,FA2024-class 3,1,1905AHAFIA,,,2.5,7.2,6.4,Passed,
FA2024,FA2024-class 3,2,1905AHJAEC,,,2.5,8.4,6.9,Passed,
FA2024,FA2024-class 3,3,1905AHJJED,,,10,9.2,9.5,Passed,
FA2024,FA2024-class 3,4,1905AHCGIG,,,0,6.6,5.9,Not Passed,
FA2024,FA2024-class 3,5,1919AHABAI,,,10,8.6,9.2,Passed,
FA2024,FA2024-class 3,6,1905AHJJBF,,,10,8.6,9.6,Passed,
FA2024,FA2024-class 3,7,1905AHAGAB,,,7.5,7.2,8.2,Passed,
FA2024,FA2024-class 3,8,1905AHBFII,,,10,7.4,8.8,Passed,
FA2024,FA2024-class 3,9,1905AHDDJI,,,0,7.4,5.8,Not Passed,
FA2024,FA2024-class 3,10,1905AHAGCD,,,10,9,9.4,Passed,
FA2024,FA2024-class 3,11,1905AHDBAB,,,0,4.4,4.8,Not Passed,
FA2024,FA2024-class 3,12,1905AHCDCC,,,0,7.6,5.9,Not Passed,
FA2024,FA2024-class 3,13,1905AHDGAB,,,7.5,5.6,7.4,Passed,
FA2024,FA2024-class 3,14,1905AHCECC,,,5,7.6,7.4,Passed,
FA2024,FA2024-class 3,15,1905AHAHAI,,,0,7.4,5.8,Not Passed,
FA2024,FA2024-class 3,16,1919AHJEHA,,,2.5,6,6.1,Passed,
FA2024,FA2024-class 3,17,1905AHCIDD,,,10,8.8,9.2,Passed,
FA2024,FA2024-class 3,18,1905AHAEDB,,,2.5,5.8,6.5,Passed,
FA2024,FA2024-class 3,19,1905AHCCHD,,,5,5.6,6.8,Passed,
FA2024,FA2024-class 3,20,1905AHDDBJ,,,7.5,9,8.5,Passed,
FA2024,FA2024-class 3,21,1905AHJCJI,,,10,9.6,9.9,Passed,
FA2024,FA2024-class 3,22,1905AHAHEB,,,10,8.2,9.3,Passed,
FA2024,FA2024-class 3,23,1905AHJJDD,,,10,8.4,9,Passed,
FA2024,FA2024-class 3,24,1905AIBHGI,,,7.5,8,8.7,Passed,
FA2024,FA2024-class 3,25,1905AHDGHJ,,,7.5,7.6,8.5,Passed,
FA2024,FA2024-class 3,26,1905AHBFDC,,,10,7.6,8.8,Passed,
FA2024,FA2024-class 3,27,1905AHCBGG,,,0,5.6,5.2,Not Passed,
FA2024,FA2024-class 3,28,1905AHDGBD,,,7.5,6.8,7.8,Passed,
FA2024,FA2024-class 3,29,1905AHJAGE,,,10,6,8.5,Passed,
FA2024,FA2024-class 3,30,1905AHCEGJ,,,7.5,8.2,8.5,Passed,
FA2024,FA2024-class 3,31,1905AHEJBB,,,0,8,6.1,Not Passed,
FA2024,FA2024-class 3,32,1905AHAECF,,,10,10,9.9,Passed,
FA2024,FA2024-class 3,33,1905AHAGFJ,,,0,7.4,6.2,Not Passed,
FA2024,FA2024-class 3,34,1905AHBFIA,,,10,6.2,8.4,Passed,
FA2024,FA2024-class 3,35,1905AHAHAD,,,10,8.4,9.4,Passed,
FA2024,FA2024-class 3,36,1905AHJEDJ,,,7.5,10,8.9,Passed,
FA2024,FA2024-class 3,37,1905AHJAIH,,,0,7.6,5.9,Not Passed,
FA2024,FA2024-class 4,1,1905AHBFEF,,,5,5.4,6.6,Passed,
FA2024,FA2024-class 4,2,1905AHJBCG,,,5,9.6,7.8,Passed,
FA2024,FA2024-class 4,3,1905AHJFHD,,,10,9,9.7,Passed,
FA2024,FA2024-class 4,4,1905AIBJHC,,,10,5.8,8.3,Passed,
FA2024,FA2024-class 4,5,1905AFAIGD,,,2.5,4,5,Passed,
FA2024,FA2024-class 4,6,1919AGJCID,,,2.5,6.2,5.9,Passed,
FA2024,FA2024-class 4,7,1905AGAHCE,,,10,8.4,9,Passed,
FA2024,FA2024-class 4,8,1905AHBCGE,,,0,0,2.9,Not Passed,
FA2024,FA2024-class 4,9,1905AGJAIC,,,5,8.2,7.7,Passed,
FA2024,FA2024-class 4,10,1905AHBCFA,,,0,0,0,Attendance Fail,
FA2024,FA2024-class 4,11,1905AHAIFG,,,0,0,3.1,Is Susspended,
FA2024,FA2024-class 4,12,1905AEJIDG,,,0,0,3.1,Not Passed,
FA2024,FA2024-class 4,13,1905AHJJGI,,,2.5,6.8,5.7,Passed,
FA2024,FA2024-class 4,14,1905AHBHAB,,,10,6.8,8.2,Passed,
FA2024,FA2024-class 4,15,1905AHJAHI,,,2.5,7.4,6.7,Passed,
FA2024,FA2024-class 4,16,1905AHAFIC,,,0,6.6,5.3,Not Passed,
FA2024,FA2024-class 4,17,1905AHJJBH,,,2.5,7.4,6.2,Passed,
FA2024,FA2024-class 4,18,1905AGCJEJ,,,0,0,2.7,Not Passed,
FA2024,FA2024-class 4,19,1905AGAAFB,,,0,0,3.1,Not Passed,
FA2024,FA2024-class 4,20,1905AHAIII,,,0,0,2.4,Not Passed,
FA2024,FA2024-class 4,21,1905AFJDDA,,,2.5,6.2,5.7,Passed,
FA2024,FA2024-class 4,22,1905AHBGBJ,,,2.5,6,6.2,Passed,
FA2024,FA2024-class 4,23,1905AHDFHG,,,2.5,7.2,5.7,Passed,
FA2024,FA2024-class 4,24,1905AEAAAI,,,0,0,0,Attendance Fail,
FA2024,FA2024-class 4,25,1905AHCEHJ,,,2.5,7.4,6.7,Passed,
FA2024,FA2024-class 4,26,1905AHAHEA,,,5,8.4,7.6,Passed,
FA2024,FA2024-class 5,1,1905AHCFBJ,,,2.5,7.2,6.4,Passed,
FA2024,FA2024-class 5,2,1905AFADHA,,,0,0,2.5,Not Passed,
FA2024,FA2024-class 5,3,1905AGJECG,,,0,0,0.8,Attendance Fail,
FA2024,FA2024-class 5,4,1905AHBJHG,,,0,0,3.5,Not Passed,
FA2024,FA2024-class 5,5,1905AHBFCF,,,5,9.6,7.8,Passed,
FA2024,FA2024-class 5,6,1905AIFHED,,,5,6.2,6.2,Passed,
FA2024,FA2024-class 5,7,1905AHCJJI,,,10,4.8,7.5,Passed,
FA2024,FA2024-class 5,8,1905AIBAAD,,,10,7.4,7.5,Passed,
FA2024,FA2024-class 5,9,1905AHJAIB,,,2.5,7.6,6.2,Passed,
FA2024,FA2024-class 5,10,1905AICJJB,,,10,6.6,8.1,Passed,
FA2024,FA2024-class 5,11,1905AHJJBJ,,,2.5,7.2,5.8,Passed,
FA2024,FA2024-class 5,12,1905AIBEDB,,,0,0,3.2,Not Passed,
FA2024,FA2024-class 5,13,1905AHJJEH,,,0,0,2.9,Not Passed,
FA2024,FA2024-class 5,14,1905AICFCC,,,10,7.8,8.3,Passed,
FA2024,FA2024-class 5,15,1905AHDECJ,,,2.5,4.4,5.1,Passed,
FA2024,FA2024-class 5,16,1919AHAJGD,,,2.5,8.8,6.2,Passed,
FA2024,FA2024-class 5,17,1905AHAIGE,,,10,9,9.1,Passed,
FA2024,FA2024-class 5,18,1905AHEJJH,,,5,9.4,7.8,Passed,
FA2024,FA2024-class 5,19,1905AGCEAJ,,,10,7.2,7.6,Passed,
FA2024,FA2024-class 5,20,1905AHBJJC,,,5,10,7.3,Passed,
FA2024,FA2024-class 5,21,1905AGJJIJ,,,0,0,2.3,Not Passed,
FA2024,FA2024-class 5,22,1905AIBFGB,,,10,8.8,8.7,Passed,
FA2024,FA2024-class 5,23,1905AHJDBJ,,,7.5,7.6,7.7,Passed,
FA2024,FA2024-class 5,24,1905AGAFBH,,,0,0,0,Attendance Fail,
FA2024,FA2024-class 5,25,1905AHBHGH,,,0,0,2.7,Not Passed,
FA2024,FA2024-class 5,26,1905AHCJEF,,,2.5,5.4,5.4,Passed,
FA2024,FA2024-class 5,27,1905AHDFDF,,,0,0,0,Attendance Fail,
FA2024,FA2024-class 5,28,1905AHDEEE,,,0,0,3.3,Not Passed,
FA2024,FA2024-class 5,29,1905AIBGEA,,,2.5,5.8,5.7,Passed,
FA2024,FA2024-class 5,30,1905AHAEDH,,,0,8.8,5.6,Not Passed,
FA2024,FA2024-class 5,31,1905AIBIFA,,,5,6.6,6.6,Passed,
FA2024,FA2024-class 5,32,1905AIBABG,,,0,0,2.9,Not Passed,
FA2024,FA2024-class 5,33,1905AFADIJ,,,0,0,2.3,Not Passed,
FA2024,FA2024-class 5,34,1905AIBCBG,,,10,7.4,8.4,Passed,
FA2024,FA2024-class 5,35,1905AHBABH,,,0,0,2.1,Not Passed,
FA2024,FA2024-class 6,1,1905AGCBHA,,,0,0,3.3,Not Passed,
FA2024,FA2024-class 6,2,1905AHBADC,,,5,8.4,7.6,Passed,
FA2024,FA2024-class 6,3,1905AIDDEI,,,2.5,4.4,5.5,Passed,
FA2024,FA2024-class 6,4,1905AHJBHB,,,0,0,3.3,Not Passed,
FA2024,FA2024-class 6,5,1905AHCHIG,,,5,7.2,7.4,Passed,
FA2024,FA2024-class 6,6,1905AIJEGH,,,0,0,3,Not Passed,
FA2024,FA2024-class 6,7,1905AHCIJD,,,0,0,3,Not Passed,
FA2024,FA2024-class 6,8,1905AIJHFE,,,2.5,5.8,6,Passed,
FA2024,FA2024-class 6,9,1905AHAGCD,,,0,0,3.5,Not Passed,
FA2024,FA2024-class 6,10,1905AIDACB,,,0,0,3.2,Not Passed,
FA2024,FA2024-class 6,11,1905AGABGB,,,0,0,3.2,Not Passed,
FA2024,FA2024-class 6,12,1905AHDHFD,,,0,0,0,Attendance Fail,
FA2024,FA2024-class 6,13,1905AHJEIH,,,0,0,1.4,Attendance Fail,
FA2024,FA2024-class 6,14,1905AHDADE,,,10,6.8,7.9,Passed,
FA2024,FA2024-class 6,15,1905AIJAAJ,,,0,0,3.7,Not Passed,
FA2024,FA2024-class 6,16,1905AIDADE,,,0,0,3.5,Not Passed,
FA2024,FA2024-class 6,17,1905AGJDAI,,,5,6,7,Passed,
FA2024,FA2024-class 6,18,1905AGBCAF,,,0,0,1.8,Attendance Fail,
FA2024,FA2024-class 6,19,1905AICIBE,,,0,0,3.2,Not Passed,
FA2024,FA2024-class 6,20,1905AHAHDC,,,5,7.6,7.5,Passed,
FA2024,FA2024-class 6,21,1905AICHHD,,,10,9,9.2,Passed,
FA2024,FA2024-class 6,22,1905AIJGHE,,,0,0,0,Attendance Fail,
FA2024,FA2024-class 6,23,1905AIDAJB,,,0,0,3.3,Not Passed,
FA2024,FA2024-class 6,24,1905AGBAFD,,,0,4.6,4.5,Not Passed,
FA2024,FA2024-class 6,25,1905AHBGEC,,,2.5,7.8,5.8,Passed,
FA2024,FA2024-class 6,26,1905AHCHID,,,5,5.8,6.4,Passed,
FA2024,FA2024-class 6,27,1905AGJDCJ,,,0,0,3.6,Not Passed,
FA2024,FA2024-class 6,28,1905AIJEJE,,,2.5,8,6.7,Passed,
FA2024,FA2024-class 6,29,1905AGBCIE,,,0,0,1,Not Passed,
FA2024,FA2024-class 6,30,0305AHAHDF,,,0,0,1.5,Attendance Fail,
FA2024,FA2024-class 6,31,1905AHDECE,,,7.5,5.4,7.1,Passed,
FA2024,FA2024-class 6,32,1905AICFCF,,,2.5,7.2,6.4,Passed,
FA2024,FA2024-class 6,33,1905AGCAEC,,,10,10,8.7,Passed,
FA2024,FA2024-class 6,34,1905AHCHIJ,,,0,0,3,Not Passed,
FA2024,FA2024-class 7,1,1905AHDBBA,,,10,6.8,8.4,Passed,
FA2024,FA2024-class 7,2,1905AHDEHH,,,0,0,3.4,Not Passed,
FA2024,FA2024-class 7,3,1905AHBHDJ,,,5,6.6,6.8,Passed,
FA2024,FA2024-class 7,4,1905AICAHE,,,0,4.2,4.5,Not Passed,
FA2024,FA2024-class 7,5,1905AHAFHC,,,2.5,8,6.7,Passed,
FA2024,FA2024-class 7,6,1905AGBDGF,,,0,3.8,4.3,Not Passed,
FA2024,FA2024-class 7,7,1905AICHCF,,,2.5,5.6,6,Passed,
FA2024,FA2024-class 7,8,1905AHBBBG,,,0,0,3.5,Not Passed,
FA2024,FA2024-class 7,9,1905AHDBJE,,,0,0,0.5,Not Passed,
FA2024,FA2024-class 7,10,1905AIBFCH,,,2.5,8.2,6.4,Passed,
FA2024,FA2024-class 7,11,1905AHCCAC,,,5,9,7.4,Passed,
FA2024,FA2024-class 7,12,1905AICICD,,,2.5,5.8,5.8,Passed,
FA2024,FA2024-class 7,13,1905AHCJFB,,,2.5,7.2,6.5,Passed,
FA2024,FA2024-class 7,14,1905AIDHDJ,,,0,0,3.3,Not Passed,
FA2024,FA2024-class 7,15,1905AIDJGB,,,10,7.6,8.6,Passed,
FA2024,FA2024-class 7,16,1905AIBFIE,,,0,7.6,6,Not Passed,
FA2024,FA2024-class 7,17,1905AHDCHH,,,0,4.2,4.7,Not Passed,
FA2024,FA2024-class 7,18,1919AGJHFH,,,0,0,3.2,Not Passed,
FA2024,FA2024-class 7,19,1905AHBHCD,,,0,0,3.3,Not Passed,
FA2024,FA2024-class 7,20,1905AIFDDC,,,0,0,3.5,Not Passed,
FA2024,FA2024-class 7,21,1905AHCCGJ,,,2.5,6.2,6,Passed,
FA2024,FA2024-class 7,22,1905AIDECE,,,2.5,5.2,5.5,Passed,
FA2024,FA2024-class 7,23,1905AIFFFA,,,0,3.2,4.3,Not Passed,
FA2024,FA2024-class 7,24,1905AHBIED,,,0,0,3.2,Not Passed,
FA2024,FA2024-class 7,25,1905AGAIFE,,,10,4.4,7.5,Passed,
FA2024,FA2024-class 7,26,1905AIBEII,,,2.5,9.6,7,Passed,
FA2024,FA2024-class 7,27,1905AHJAJD,,,10,10,9.2,Passed,
FA2024,FA2024-class 7,28,1905AICJCG,,,2.5,7.2,6.4,Passed,
FA2024,FA2024-class 7,29,1905AHDGCI,,,10,4.4,7.7,Passed,
FA2024,FA2024-class 7,30,1905AHBEDJ,,,10,10,9.2,Passed,
FA2024,FA2024-class 7,31,1905AICGCB,,,2.5,7.2,6.1,Passed,
FA2024,FA2024-class 7,32,1905AGCFJH,,,10,5,7.7,Passed,
FA2024,FA2024-class 8,1,1905AHJJEE,,,2.5,8.8,6.9,Passed,
FA2024,FA2024-class 8,2,1905AHDGBI,,,7.5,8.8,8.4,Passed,
FA2024,FA2024-class 8,3,1905AHCBCG,,,2.5,8.6,6.2,Passed,
FA2024,FA2024-class 8,4,1905AIDGFJ,,,0,0,2.2,Not Passed,
FA2024,FA2024-class 8,5,1905AHAFED,,,10,9,7.8,Passed,
FA2024,FA2024-class 8,6,1905AHAFJD,,,2.5,6.4,5.4,Passed,
FA2024,FA2024-class 8,7,1905AHJJJI,,,0,0,1.4,Attendance Fail,
FA2024,FA2024-class 8,8,1905AHJAGG,,,0,0,1.6,Not Passed,
FA2024,FA2024-class 8,9,1905AGBBGG,,,2.5,7.6,6.1,Passed,
FA2024,FA2024-class 8,10,1905AHBCFG,,,5,7.6,6.2,Passed,
FA2024,FA2024-class 8,11,1905AHJABB,,,0,0,2.2,Attendance Fail,
FA2024,FA2024-class 8,12,1905AHDADD,,,0,0,3,Not Passed,
FA2024,FA2024-class 8,13,1905AHJDDB,,,10,5.4,7.9,Passed,
FA2024,FA2024-class 8,14,1905AHDEDJ,,,2.5,0,2.9,Not Passed,
FA2024,FA2024-class 8,15,1905AHJEGI,,,5,8,7.1,Passed,
FA2024,FA2024-class 8,16,1905AHAEGJ,,,10,6.8,8.1,Passed,
FA2024,FA2024-class 8,17,1905AHAFGG,,,7.5,5.8,6.3,Passed,
FA2024,FA2024-class 8,18,1905AGCBAE,,,0,0,1.9,Is Susspended,
FA2024,FA2024-class 8,19,1905AGJDAB,,,10,5.4,6.7,Passed,
FA2024,FA2024-class 8,20,1905AHJFEB,,,2.5,6.8,5.4,Passed,
FA2024,FA2024-class 8,21,1905AHJEEA,,,5,7.8,6.8,Passed,
FA2024,FA2024-class 8,22,1905AHDJBE,,,0,0,2.9,Not Passed,
FA2024,FA2024-class 9,1,1905AIBDBE,,,0,0,3.3,Not Passed,
FA2024,FA2024-class 9,2,1905AICHJC,,,5,9,8,Passed,
FA2024,FA2024-class 9,3,1905AIDIAJ,,,2.5,7.8,5.3,Passed,
FA2024,FA2024-class 9,4,1905AICAAD,,,10,8.2,9.3,Passed,
FA2024,FA2024-class 9,5,1905AIFCBA,,,10,9.2,9.7,Passed,
FA2024,FA2024-class 9,6,1905AIBFGA,,,2.5,9.4,6.8,Passed,
FA2024,FA2024-class 9,7,1905AIFDAI,,,2.5,8.4,6.7,Passed,
FA2024,FA2024-class 9,8,1905AHJDCC,,,2.5,8.6,7.1,Passed,
FA2024,FA2024-class 9,9,1905AICDHC,,,0,0,3.4,Not Passed,
FA2024,FA2024-class 9,10,1919AGJADJ,,,0,7.8,5.2,Not Passed,
FA2024,FA2024-class 9,11,1905AHJDBB,,,2.5,6.2,5.8,Passed,
FA2024,FA2024-class 9,12,1905AIFBFG,,,0,6,4.2,Not Passed,
FA2024,FA2024-class 9,13,1905AIDFEJ,,,0,4,3.7,Not Passed,
FA2024,FA2024-class 9,14,1905AIBHDI,,,2.5,7.2,6.1,Passed,
FA2024,FA2024-class 9,15,1905AICCAE,,,0,0,2.3,Attendance Fail,
FA2024,FA2024-class 9,16,1905AIDCBH,,,0,0,2.1,Not Passed,
FA2024,FA2024-class 9,17,1905AHJJCG,,,2.5,0,3.1,Attendance Fail,
FA2024,FA2024-class 9,18,1905AHDFHF,,,0,0,3.8,Not Passed,
FA2024,FA2024-class 9,19,1905AIBBIB,,,0,0,1.7,Attendance Fail,
FA2024,FA2024-class 9,20,1905AIDFAI,,,2.5,7.6,5.3,Passed,
FA2024,FA2024-class 9,21,1905AHAGAH,,,2.5,4.6,5,Passed,
FA2024,FA2024-class 9,22,1905AHCHHC,,,7.5,5.8,7.7,Passed,
FA2024,FA2024-class 9,23,1905AHDJJG,,,2.5,6,5.9,Passed,
FA2024,FA2024-class 9,24,1905AHAIIE,,,10,10,9.6,Passed,
FA2024,FA2024-class 9,25,1905AICECE,,,10,8.4,9.4,Passed,
FA2024,FA2024-class 9,26,1905AHJDEE,,,5,8.2,7.4,Passed,
FA2024,FA2024-class 9,27,1905AHDHAB,,,2.5,7.8,6.6,Passed,
FA2024,FA2024-class 9,28,1905AIFCJI,,,5,9,8.2,Passed,
FA2024,FA2024-class 9,29,1905AICHFA,,,10,7.2,8.4,Passed,
FA2024,FA2024-class 9,30,1905AHJDJE,,,0,0,3.5,Not Passed,
FA2024,FA2024-class 9,31,1905AIBIEC,,,5,8,7.5,Passed,
FA2024,FA2024-class 9,32,1905AHDGII,,,2.5,8.8,6.9,Passed,
FA2024,FA2024-class 9,33,1905AHJGEE,,,10,8.2,9.1,Passed,
FA2024,FA2024-class 9,34,1905AICGIG,,,5,7.4,7,Passed,
FA2024,FA2024-class 9,35,1905AICJBJ,,,2.5,9,7.1,Passed,
FA2024,FA2024-class 10,1,1905AHJCJH,,,5,7.4,7,Passed,
FA2024,FA2024-class 10,2,1905AHJDIB,,,2.5,8.2,6.6,Passed,
FA2024,FA2024-class 10,3,1905AHJJBF,,,0,8,6,Not Passed,
FA2024,FA2024-class 10,4,1905AHBAJF,,,2.5,7.8,6,Passed,
FA2024,FA2024-class 10,5,1905AGBDGA,,,0,0,0.2,Not Passed,
FA2024,FA2024-class 10,6,1905AHBFGH,,,0,0,0.2,Not Passed,
FA2024,FA2024-class 10,7,1905AGCAFJ,,,0,0,0,Not Passed,
FA2024,FA2024-class 10,8,1905AHDEIB,,,10,6.4,6.3,Passed,
FA2024,FA2024-class 10,9,1905AHJECE,,,0,0,0.2,Not Passed,
FA2024,FA2024-class 10,10,1905AGBFGB,,,0,0,0,Not Passed,
FA2024,FA2024-class 10,11,1905AHAIEA,,,2.5,9.4,7.6,Passed,
FA2024,FA2024-class 10,12,1905AGBEBD,,,5,9.2,8.2,Passed,
FA2024,FA2024-class 10,13,1905AHBGFG,,,2.5,6.2,6,Passed,
FA2024,FA2024-class 10,14,0805AHFDED,,,7.5,7.8,7.1,Passed,
FA2024,FA2024-class 10,15,1905AHBDIH,,,0,0,0.7,Not Passed,
FA2024,FA2024-class 10,16,1905AHDGAB,,,2.5,0,2.2,Not Passed,
FA2024,FA2024-class 10,17,1919AHJEHA,,,0,0,0.2,Not Passed,
FA2024,FA2024-class 10,18,1905AHBDBE,,,5,4.2,5.1,Passed,
FA2024,FA2024-class 10,19,0405AIJJDD,,,5,9.2,7.8,Passed,
FA2024,FA2024-class 10,20,1705AIJJIH,,,0,0,2.2,Not Passed,
FA2024,FA2024-class 10,21,0405AHJAIF,,,0,7.2,5.8,Not Passed,
FA2024,FA2024-class 10,22,1905AHBGDB,,,10,6.4,8.9,Passed,
FA2024,FA2024-class 10,23,1905AHCCAI,,,2.5,8.8,6.8,Passed,
FA2024,FA2024-class 10,24,1905AHDDFH,,,2.5,6.4,6.3,Passed,
FA2024,FA2024-class 10,25,1905AIFBEC,,,0,0,2.7,Not Passed,
FA2024,FA2024-class 10,26,1905AHBEAJ,,,0,0,0.4,Not Passed,
FA2024,FA2024-class 10,27,1905AGCJFB,,,10,4.2,6.6,Passed,
FA2024,FA2024-class 10,28,1905AHCEFJ,,,0,0,0.4,Not Passed,
FA2024,FA2024-class 10,29,1905AGAGAC,,,2.5,9.4,7.1,Passed,
FA2024,FA2024-class 10,30,1905AHAEFA,,,5,6.6,6.9,Passed,
FA2024,FA2024-class 10,31,0405AHJEEC,,,0,9.8,5.5,Not Passed,
FA2024,FA2024-class 10,32,1905AHAGCH,,,0,0,0.6,Not Passed,
FA2024,FA2024-class 10,33,1905AGABBB,,,2.5,6.8,5,Passed,
FA2024,FA2024-class 11,1,1905AFJCDD,,,0,0,0.1,Attendance Fail,
FA2024,FA2024-class 11,2,1905AHCAGE,,,0,0,2.4,Not Passed,
FA2024,FA2024-class 11,3,1905AHJFCE,,,7.5,7.4,6.6,Passed,
FA2024,FA2024-class 11,4,1905AGBFHD,,,2.5,5.6,5.7,Passed,
FA2024,FA2024-class 11,5,1905AGCFGA,,,0,0,2.8,Not Passed,
FA2024,FA2024-class 11,6,1905AHJJFF,,,0,0,3.2,Not Passed,
FA2024,FA2024-class 11,7,1905AGBGCF,,,2.5,4.2,5.1,Passed,
FA2024,FA2024-class 11,8,1905AGAACB,,,0,4,3.7,Not Passed,
FA2024,FA2024-class 11,9,1905AGBJHG,,,10,8.8,8,Passed,
FA2024,FA2024-class 11,10,1905AHJJIJ,,,7.5,8.8,7.2,Passed,
FA2024,FA2024-class 11,11,1905AGBBJE,,,10,10,8,Passed,
FA2024,FA2024-class 11,12,1905AHJDCA,,,0,0,0.1,Attendance Fail,
FA2024,FA2024-class 11,13,1905AHJGEI,,,0,0,0.4,Attendance Fail,
FA2024,FA2024-class 11,14,1905AHCHFD,,,5,7.6,6.7,Passed,
FA2024,FA2024-class 11,15,1905AGABGE,,,2.5,7.2,5.1,Passed,
FA2024,FA2024-class 11,16,1905AGJAFE,,,7.5,9,8,Passed,
FA2024,FA2024-class 11,17,1905AHJJDD,,,0,0,3.1,Not Passed,
FA2024,FA2024-class 11,18,1905AGABEB,,,0,0,2.2,Not Passed,
FA2024,FA2024-class 11,19,1905AHDCAH,,,10,4.6,6.5,Passed,
FA2024,FA2024-class 11,20,1905AHJJGA,,,2.5,6.4,5.2,Passed,
FA2024,FA2024-class 11,21,1905AHDEIC,,,2.5,5,5.2,Passed,
FA2024,FA2024-class 11,22,1905AFJIHE,,,0,0,2.9,Not Passed,
FA2024,FA2024-class 11,23,1905AHBIFE,,,0,0,2.1,Not Passed,
FA2024,FA2024-class 11,24,1905AHJJDG,,,2.5,8,6.1,Passed,
FA2024,FA2024-class 11,25,1905AIJEAI,,,10,8.8,7.6,Passed,
FA2024,FA2024-class 11,26,1905AGADIH,,,2.5,6.2,5,Passed,
FA2024,FA2024-class 11,27,1905AHJJBI,,,0,0,2,Not Passed,
FA2024,FA2024-class 11,28,1905AHCDAF,,,0,0,1.7,Attendance Fail,
FA2024,FA2024-class 11,29,1905AHJJFD,,,5,8.2,7,Passed,
FA2024,FA2024-class 11,30,1905AHCHEG,,,0,3.4,4.2,Not Passed,
FA2024,FA2024-class 11,31,1905AHJJDH,,,10,6,7.5,Passed,
FA2024,FA2024-class 11,32,1905AHDHJJ,,,0,0,3.1,Not Passed,
FA2024,FA2024-class 11,33,0805AHJAIE,,,0,0,2.1,Not Passed,
FA2024,FA2024-class 11,34,1905AHCCIF,,,5,8.4,6.2,Passed,
FA2024,FA2024-class 11,35,1905AGBCGG,,,0,0,2.5,Not Passed,
FA2024,FA2024-class 12,1,1905AHJBHH,,,10,8.2,8.8,Passed,
FA2024,FA2024-class 12,2,1905AHJAHA,,,0,4.4,4.1,Not Passed,
FA2024,FA2024-class 12,3,1905AHJBCD,,,10,7.8,9.1,Passed,
FA2024,FA2024-class 12,4,1905AHJBBJ,,,10,9.8,9.9,Passed,
FA2024,FA2024-class 12,5,1905AHBHDH,,,2.5,7.6,5.8,Passed,
FA2024,FA2024-class 12,6,1905AHJBBC,,,7.5,6.6,7.8,Passed,
FA2024,FA2024-class 12,7,1905AHDCDJ,,,5,7.8,7,Passed,
FA2024,FA2024-class 12,8,1905AHCHJG,,,5,6.2,7,Passed,
FA2024,FA2024-class 12,9,1905AHJBJI,,,2.5,6,5.6,Passed,
FA2024,FA2024-class 12,10,1905AHJBBH,,,7.5,10,8.5,Passed,
FA2024,FA2024-class 12,11,1905AHJBAA,,,2.5,9.4,7.6,Passed,
FA2024,FA2024-class 12,12,1905AHAHEE,,,5,9.6,8.3,Passed,
FA2024,FA2024-class 12,13,1905AHJAGH,,,2.5,7,5.9,Passed,
FA2024,FA2024-class 12,14,1905AHJCJI,,,0,0,2.8,Not Passed,
FA2024,FA2024-class 12,15,1905AHJBDJ,,,0,0,3.7,Not Passed,
FA2024,FA2024-class 12,16,1905AHBEGG,,,0,0,3.5,Not Passed,
FA2024,FA2024-class 12,17,1905AHDBHH,,,2.5,8,6.3,Passed,
FA2024,FA2024-class 12,18,1905AHDAJC,,,2.5,8.6,7.3,Passed,
FA2024,FA2024-class 12,19,1905AHJBGI,,,5,8.4,7.8,Passed,
FA2024,FA2024-class 12,20,1905AIBDIE,,,5,8,7.6,Passed,
FA2024,FA2024-class 12,21,1905AHJBEB,,,2.5,7.2,6.7,Passed,
FA2024,FA2024-class 12,22,1905AHJBHG,,,10,9.4,9.4,Passed,
FA2024,FA2024-class 12,23,1905AHJBAG,,,10,5.6,7.7,Passed,
FA2024,FA2024-class 12,24,1905AHJAIE,,,5,8.4,7.8,Passed,
FA2024,FA2024-class 12,25,1905AHJAFB,,,0,2.6,4.2,Not Passed,
FA2024,FA2024-class 12,26,1905AHJBEH,,,10,8.2,9,Passed,
FA2024,FA2024-class 12,27,1905AHJBIG,,,5,9.4,7.7,Passed,
FA2024,FA2024-class 12,28,1905AHJDBE,,,0,7.2,5.7,Not Passed,
FA2024,FA2024-class 12,29,1905AHJAFE,,,0,3.6,4.5,Not Passed,
FA2024,FA2024-class 12,30,1905AHJBGF,,,2.5,5.6,5.6,Passed,
FA2024,FA2024-class 12,31,1905AHJBFF,,,10,7.6,9,Passed,
FA2024,FA2024-class 12,32,1905AHJAIH,,,0,4.6,4.6,Not Passed,
FA2024,FA2024-class 12,33,1905AHDAJD,,,0,0,2.7,Not Passed,
FA2024,FA2024-class 12,34,1905AHJCED,,,5,9.6,8.1,Passed,
FA2024,FA2024-class 12,35,1905AHJECG,,,2.5,8.4,6.7,Passed,
FA2024,FA2024-class 13,1,1905AHCGBI,,,2.5,7.8,5.6,Passed,
FA2024,FA2024-class 13,2,1905AHDAIE,,,0,0,1,Attendance Fail,
FA2024,FA2024-class 13,3,1905AHDIGJ,,,0,0,3.2,Not Passed,
FA2024,FA2024-class 13,4,1905AHAGGA,,,0,6.6,4.9,Not Passed,
FA2024,FA2024-class 13,5,1905AHAGDA,,,0,6.8,4.6,Not Passed,
FA2024,FA2024-class 13,6,1905AHJCGD,,,0,0,2.7,Not Passed,
FA2024,FA2024-class 13,7,1905AHEJIB,,,0,0,3.3,Not Passed,
FA2024,FA2024-class 13,8,1905AHJCAI,,,10,8.8,8.5,Passed,
FA2024,FA2024-class 13,9,1905AHJCAE,,,0,8.4,5.6,Not Passed,
FA2024,FA2024-class 13,10,1905AFJCGC,,,0,0,0.7,Attendance Fail,
FA2024,FA2024-class 13,11,1905AHJCFI,,,5,7.6,6.7,Passed,
FA2024,FA2024-class 13,12,1905AHJGJA,,,0,0,2.9,Not Passed,
FA2024,FA2024-class 13,13,1905AFAFAB,,,2.5,6.4,5.5,Passed,
FA2024,FA2024-class 13,14,1905AHDEIG,,,0,0,1.2,Attendance Fail,
FA2024,FA2024-class 13,15,1905AHBEED,,,2.5,5.6,5.5,Passed,
FA2024,FA2024-class 13,16,1905AHJCAH,,,0,0,3,Not Passed,
FA2024,FA2024-class 13,17,1905AGJCGD,,,0,4.8,4.1,Not Passed,
FA2024,FA2024-class 13,18,1905AHBFFB,,,2.5,8.6,6.6,Passed,
FA2024,FA2024-class 13,19,1905AHCIAA,,,0,0,3.1,Not Passed,
FA2024,FA2024-class 13,20,1905AHJCDJ,,,7.5,6.4,7.7,Passed,
FA2024,FA2024-class 13,21,1905AHBHJB,,,2.5,9,6.5,Passed,
FA2024,FA2024-class 13,22,1905AHBFEA,,,0,0,1.4,Attendance Fail,
FA2024,FA2024-class 13,23,1905AHJDDG,,,0,0,3.5,Not Passed,
FA2024,FA2024-class 13,24,1905AHJCHD,,,10,9.2,9.4,Passed,
FA2024,FA2024-class 13,25,1905AHJCCA,,,10,7.4,8.2,Passed,
FA2024,FA2024-class 13,26,1905AGBCCE,,,2.5,6.2,5.8,Passed,
FA2024,FA2024-class 13,27,1905AHCHDF,,,0,0,2,Not Passed,
FA2024,FA2024-class 13,28,1905AFJDIC,,,2.5,4.2,5.1,Passed,
FA2024,FA2024-class 13,29,1905AHJCAF,,,5,6.2,6.2,Passed,
FA2024,FA2024-class 13,30,1905AHJCII,,,2.5,7,6.3,Passed,
FA2024,FA2024-class 13,31,1905AHJCGI,,,10,9,8.6,Passed,
FA2024,FA2024-class 13,32,1905AGCBBC,,,0,0,3,Not Passed,
FA2024,FA2024-class 13,33,1905AHJDAC,,,10,8.8,9.1,Passed,
FA2024,FA2024-class 13,34,1905AFADEB,,,2.5,5.2,5.2,Passed,
FA2024,FA2024-class 13,35,1905AGBDJG,,,0,0,2.6,Not Passed,
FA2024,FA2024-class 14,1,1905AHJAEC,,,0,0,4,Not Passed,
FA2024,FA2024-class 14,2,1905AHJEDE,,,2.5,8.4,6.9,Passed,
FA2024,FA2024-class 14,3,1905AHJDFF,,,2.5,8.4,6.3,Passed,
FA2024,FA2024-class 14,4,1905AHEJHA,,,2.5,7.6,6.8,Passed,
FA2024,FA2024-class 14,5,1905AGJDJE,,,0,0,2.4,Not Passed,
FA2024,FA2024-class 14,6,1905AHJEBI,,,2.5,9,7,Passed,
FA2024,FA2024-class 14,7,1905AHJEEI,,,2.5,9.6,7.2,Passed,
FA2024,FA2024-class 14,8,1905AGCBGE,,,2.5,0,4,Not Passed,
FA2024,FA2024-class 14,9,1905AHJEEB,,,0,0,3.4,Not Passed,
FA2024,FA2024-class 14,10,1905AHJJFI,,,2.5,5.6,6,Passed,
FA2024,FA2024-class 14,11,1905AHJEFJ,,,5,8.4,7.3,Passed,
FA2024,FA2024-class 14,12,1905AHJEEG,,,5,8.8,8.1,Passed,
FA2024,FA2024-class 14,13,1905AHJEBB,,,0,0,3.2,Not Passed,
FA2024,FA2024-class 14,14,1905AHJDAE,,,0,0,3.1,Not Passed,
FA2024,FA2024-class 14,15,1905AHJACB,,,7.5,6.2,7.7,Passed,
FA2024,FA2024-class 14,16,1905AHJDEI,,,2.5,8.2,5.7,Passed,
FA2024,FA2024-class 14,17,1905AHJEEF,,,2.5,9.4,7.2,Passed,
FA2024,FA2024-class 14,18,1905AHBHFD,,,2.5,5.6,5.2,Passed,
FA2024,FA2024-class 14,19,1905AHCHHI,,,0,0,3.3,Not Passed,
FA2024,FA2024-class 14,20,1905AHJDGJ,,,0,0,3.3,Not Passed,
FA2024,FA2024-class 14,21,1905AHJEAC,,,2.5,6.2,6.4,Passed,
FA2024,FA2024-class 14,22,1905AHJDIE,,,0,0,3.2,Not Passed,
FA2024,FA2024-class 14,23,1905AHJDDA,,,10,4.4,7.7,Passed,
FA2024,FA2024-class 14,24,1905AHBHBD,,,2.5,4.8,5.5,Passed,
FA2024,FA2024-class 14,25,1905AGCAFB,,,2.5,5.6,5.1,Passed,
FA2024,FA2024-class 14,26,1905AHJEGA,,,0,0,0,Attendance Fail,
FA2024,FA2024-class 14,27,1905AHJBHJ,,,2.5,8.4,6.8,Passed,
FA2024,FA2024-class 14,28,1905AHJEJF,,,0,4.2,4.9,Not Passed,
FA2024,FA2024-class 14,29,1905AHJDHJ,,,0,0,0,Attendance Fail,
FA2024,FA2024-class 14,30,1905AHJEEH,,,2.5,7.8,6.7,Passed,
FA2024,FA2024-class 14,31,1905AHJDFB,,,0,0,2.8,Not Passed,
FA2024,FA2024-class 14,32,1905AIBEGJ,,,10,6.6,8.4,Passed,
FA2024,FA2024-class 14,33,1905AHJDGF,,,10,10,9.1,Passed,
FA2024,FA2024-class 14,34,1905AHBBAF,,,7.5,7.4,7.8,Passed,
FA2024,FA2024-class 15,1,1905AHJFFC,,,5,7.4,7.1,Passed,
FA2024,FA2024-class 15,2,1905AIDEHJ,,,10,4.6,7.9,Passed,
FA2024,FA2024-class 15,3,1905AHJFGJ,,,0,0,3.2,Not Passed,
FA2024,FA2024-class 15,4,1919AHAJAG,,,5,7.6,7.5,Passed,
FA2024,FA2024-class 15,5,1905AHJFBB,,,0,0,2.9,Not Passed,
FA2024,FA2024-class 15,6,1905AHJGJG,,,2.5,7.2,6.5,Passed,
FA2024,FA2024-class 15,7,1905AHJEIB,,,0,0,3.5,Not Passed,
FA2024,FA2024-class 15,8,1905AHJFJB,,,0,0,3.6,Not Passed,
FA2024,FA2024-class 15,9,1905AHJFDH,,,2.5,7,6.3,Passed,
FA2024,FA2024-class 15,10,1905AHBGGF,,,2.5,4.8,4.6,Not Passed,
FA2024,FA2024-class 15,11,1905AHJFEG,,,2.5,6,6,Passed,
FA2024,FA2024-class 15,12,1905AHJEIG,,,5,6.4,6.8,Passed,
FA2024,FA2024-class 15,13,1905AHJFJF,,,10,7.4,8.6,Passed,
FA2024,FA2024-class 15,14,1905AHDIFF,,,5,4.4,6.3,Passed,
FA2024,FA2024-class 15,15,1905AHJEHJ,,,10,9.8,9.8,Passed,
FA2024,FA2024-class 15,16,1905AHJEHG,,,2.5,8.4,6.7,Passed,
FA2024,FA2024-class 15,17,1905AHDBEH,,,7.5,8.4,8.7,Passed,
FA2024,FA2024-class 15,18,1905AHJFGD,,,0,0,3.2,Not Passed,
FA2024,FA2024-class 15,19,1905AHJFDF,,,10,8.6,9,Passed,
FA2024,FA2024-class 15,20,1905AHJFCI,,,2.5,4.8,5.9,Passed,
FA2024,FA2024-class 15,21,1905AHJFHE,,,10,4,7,Passed,
FA2024,FA2024-class 15,22,1905AHJFIG,,,0,0,0,Attendance Fail,
FA2024,FA2024-class 15,23,1905AHJFAH,,,2.5,8.8,7.2,Passed,
FA2024,FA2024-class 15,24,1905AHJGAJ,,,10,9.4,9.3,Passed,
FA2024,FA2024-class 15,25,1905AHJFIH,,,2.5,9.4,6.7,Passed,
FA2024,FA2024-class 15,26,1905AHBBGF,,,0,0,3.8,Not Passed,
FA2024,FA2024-class 15,27,1905AHJGJF,,,0,0,3.4,Not Passed,
FA2024,FA2024-class 15,28,1905AHJBDF,,,10,9,9.1,Passed,
FA2024,FA2024-class 15,29,1905AHJFAD,,,2.5,6.4,5.7,Passed,
FA2024,FA2024-class 15,30,1905AHJDHH,,,2.5,5,5.7,Passed,
FA2024,FA2024-class 15,31,1905AHJEID,,,2.5,9,7.1,Passed,
FA2024,FA2024-class 15,32,1905AHJFDE,,,0,0,3.8,Not Passed,
FA2024,FA2024-class 15,33,1905AHJFGA,,,5,7.4,6.9,Passed,
FA2024,FA2024-class 15,34,1905AFBJGD,,,0,0,2.2,Not Passed,
FA2024,FA2024-class 15,35,1905AHJBDA,,,10,9.8,9.5,Passed,
FA2024,FA2024-class 16,1,1905AHJGFH,,,0,0,2.5,Not Passed,
FA2024,FA2024-class 16,2,1905AHJGCI,,,0,0,3.3,Not Passed,
FA2024,FA2024-class 16,3,1905AHAFEB,,,10,8.6,9.2,Passed,
FA2024,FA2024-class 16,4,1905AHAEBA,,,10,9.6,9.6,Passed,
FA2024,FA2024-class 16,5,1905AHJGGC,,,0,0,3.4,Not Passed,
FA2024,FA2024-class 16,6,1905AHJGBD,,,0,0,3.7,Not Passed,
FA2024,FA2024-class 16,7,1905AHJGGE,,,0,0,2.8,Not Passed,
FA2024,FA2024-class 16,8,1905AHJGBB,,,5,8.6,7.8,Passed,
FA2024,FA2024-class 16,9,1905AICHIG,,,5,8.6,7.6,Passed,
FA2024,FA2024-class 16,10,1905AHJGGF,,,2.5,5.6,6,Passed,
FA2024,FA2024-class 16,11,1905AHJGAI,,,5,8.6,7.5,Passed,
FA2024,FA2024-class 16,12,1905AHAEDB,,,0,5.6,4.7,Not Passed,
FA2024,FA2024-class 16,13,1905AHBJDF,,,0,0,3.3,Not Passed,
FA2024,FA2024-class 16,14,1905AHBGED,,,2.5,6,6,Passed,
FA2024,FA2024-class 16,15,1905AHJGBH,,,5,9,7.8,Passed,
FA2024,FA2024-class 16,16,1905AHJGCB,,,5,10,8.1,Passed,
FA2024,FA2024-class 16,17,1905AHJGCC,,,5,7.2,7.1,Passed,
FA2024,FA2024-class 16,18,1905AHAECG,,,10,6.8,7.8,Passed,
FA2024,FA2024-class 16,19,1905AHJGDF,,,2.5,8,6.5,Passed,
FA2024,FA2024-class 16,20,1905AHJGBG,,,10,7.6,8.5,Passed,
FA2024,FA2024-class 16,21,1905AHAGCG,,,0,0,3.6,Not Passed,
FA2024,FA2024-class 16,22,1905AHJGCD,,,10,6.2,8.3,Passed,
FA2024,FA2024-class 16,23,1905AHAEGC,,,5,7.8,7.4,Passed,
FA2024,FA2024-class 16,24,1905AHJGBC,,,2.5,6.2,5.9,Passed,
FA2024,FA2024-class 16,25,1905AHAEGD,,,2.5,6.2,6.3,Passed,
FA2024,FA2024-class 16,26,1905AHBBDJ,,,2.5,9.6,7.4,Passed,
FA2024,FA2024-class 16,27,1905AHAEBH,,,0,5,4.5,Not Passed,
FA2024,FA2024-class 16,28,1905AHJGHC,,,0,0,3.5,Not Passed,
FA2024,FA2024-class 16,29,1905AHJGCJ,,,10,9.6,9.7,Passed,
FA2024,FA2024-class 16,30,1905AHAECF,,,0,0,3.7,Not Passed,
FA2024,FA2024-class 16,31,1905AHJGAH,,,0,0,3.3,Not Passed,
FA2024,FA2024-class 16,32,1905AHJGFD,,,10,6.2,8.2,Passed,
FA2024,FA2024-class 16,33,1905AHJGEA,,,5,8.8,7.7,Passed,
FA2024,FA2024-class 16,34,1905AHJGEF,,,0,0,3.6,Not Passed,
FA2024,FA2024-class 16,35,1905AHJGAF,,,10,4.8,8.1,Passed,
FA2024,FA2024-class 17,1,1905AHDJHC,,,0,0,1.5,Attendance Fail,
FA2024,FA2024-class 17,2,1905AHAGJI,,,2.5,7,6.2,Passed,
FA2024,FA2024-class 17,3,1905AHAGAB,,,0,0,3.4,Not Passed,
FA2024,FA2024-class 17,4,1905AIBEBG,,,0,6.8,5.3,Not Passed,
FA2024,FA2024-class 17,5,1905AGBIIA,,,10,10,9.2,Passed,
FA2024,FA2024-class 17,6,1905AEACGI,,,0,0,0,Attendance Fail,
FA2024,FA2024-class 17,7,1905AHEJFC,,,2.5,7.8,6.3,Passed,
FA2024,FA2024-class 17,8,1905AHAHEB,,,0,0,3.2,Not Passed,
FA2024,FA2024-class 17,9,1905AGCFFB,,,0,0,2.4,Not Passed,
FA2024,FA2024-class 17,10,1905AHAGBH,,,0,0,3.1,Not Passed,
FA2024,FA2024-class 17,11,1905AHAEGH,,,2.5,9,7.1,Passed,
FA2024,FA2024-class 17,12,1901AGJJHJ,,,0,0,2,Not Passed,
FA2024,FA2024-class 17,13,1905AHDDIJ,,,2.5,7.6,5.7,Passed,
FA2024,FA2024-class 17,14,1905AHJDIG,,,0,4,3.8,Not Passed,
FA2024,FA2024-class 17,15,1905AHAEEH,,,2.5,7.2,6.5,Passed,
FA2024,FA2024-class 17,16,1905AHAGBJ,,,5,6.8,7.1,Passed,
FA2024,FA2024-class 17,17,1905AHDJJE,,,0,0,2.6,Not Passed,
FA2024,FA2024-class 17,18,1905AHAEII,,,0,0,3.5,Not Passed,
FA2024,FA2024-class 17,19,1905AHAGCA,,,2.5,8.8,6.3,Passed,
FA2024,FA2024-class 17,20,1905AGAIHH,,,0,0,0.8,Attendance Fail,
FA2024,FA2024-class 17,21,1905AGCCHC,,,0,0,2.5,Not Passed,
FA2024,FA2024-class 17,22,1905AHAGCF,,,0,0,3.1,Not Passed,
FA2024,FA2024-class 17,23,1905AHAGAA,,,2.5,8.6,6.4,Passed,
FA2024,FA2024-class 17,24,1905AHBAFI,,,0,0,2.6,Not Passed,
FA2024,FA2024-class 17,25,1905AHJEEJ,,,0,0,2.8,Not Passed,
FA2024,FA2024-class 17,26,1905AHEJBE,,,2.5,5.8,5.5,Passed,
FA2024,FA2024-class 18,1,1905AHAGIC,,,7.5,8.4,8.6,Passed,
FA2024,FA2024-class 18,2,1905AHAGGE,,,2.5,8,6.8,Passed,
FA2024,FA2024-class 18,3,1905AGBBAE,,,0,0,3.3,Not Passed,
FA2024,FA2024-class 18,4,1905AHAHDD,,,5,8.8,7.8,Passed,
FA2024,FA2024-class 18,5,1905AHAGID,,,2.5,7.2,5.7,Passed,
FA2024,FA2024-class 18,6,1905AIDJII,,,5,6.2,6.9,Passed,
FA2024,FA2024-class 18,7,1905AHBDBD,,,5,8,7.8,Passed,
FA2024,FA2024-class 18,8,1905AHAHJC,,,5,9,7.8,Passed,
FA2024,FA2024-class 18,9,1905AHDBGI,,,2.5,7.4,6.8,Passed,
FA2024,FA2024-class 18,10,1905AHAGEB,,,2.5,8.2,6.7,Passed,
FA2024,FA2024-class 18,11,1905AHAGDD,,,2.5,7.8,6.7,Passed,
FA2024,FA2024-class 18,12,1905AHAHAI,,,0,0,3.7,Not Passed,
FA2024,FA2024-class 18,13,1905AHAHJG,,,10,8.4,8.3,Passed,
FA2024,FA2024-class 18,14,1905AHBCEF,,,10,10,9.8,Passed,
FA2024,FA2024-class 18,15,1905AHAGEF,,,2.5,6.8,6.2,Passed,
FA2024,FA2024-class 18,16,1905AHAHBG,,,10,9.2,9.6,Passed,
FA2024,FA2024-class 18,17,1905AICDDH,,,5,7.8,7.2,Passed,
FA2024,FA2024-class 18,18,1905AHAHCI,,,10,10,9.5,Passed,
FA2024,FA2024-class 18,19,1905AHAGII,,,10,7,8.5,Passed,
FA2024,FA2024-class 18,20,1905AHBBIA,,,2.5,9.8,7.5,Passed,
FA2024,FA2024-class 18,21,1905AICBDG,,,0,0,3.1,Not Passed,
FA2024,FA2024-class 18,22,1905AHAHCD,,,2.5,5.6,5.9,Passed,
FA2024,FA2024-class 18,23,1905AHAGHJ,,,7.5,6.2,7.2,Passed,
FA2024,FA2024-class 18,24,1905AHAHAJ,,,10,6.8,8.5,Passed,
FA2024,FA2024-class 18,25,1905AHAGIB,,,5,8.8,7.5,Passed,
FA2024,FA2024-class 18,26,1905AHAHJE,,,2.5,9.2,7.3,Passed,
FA2024,FA2024-class 18,27,1905AHJECI,,,0,0,2.8,Not Passed,
FA2024,FA2024-class 18,28,1905AHAGGF,,,2.5,8.8,7,Passed,
FA2024,FA2024-class 18,29,1905AHBCBD,,,5,7.8,7.1,Passed,
FA2024,FA2024-class 18,30,1905AHAGFJ,,,0,0,3.5,Not Passed,
FA2024,FA2024-class 18,31,1905AHAGIG,,,0,0,3.5,Not Passed,
FA2024,FA2024-class 18,32,1905AHAHAD,,,0,0,3.4,Not Passed,
FA2024,FA2024-class 18,33,1905AHAHDG,,,5,8.4,7.2,Passed,
FA2024,FA2024-class 18,34,1905AHAHJA,,,5,8.4,7.8,Passed,
FA2024,FA2024-class 18,35,1905AHDJGD,,,2.5,6.6,5.7,Passed,
FA2024,FA2024-class 19,1,1905AHDDAF,,,0,0,0,Attendance Fail,
FA2024,FA2024-class 19,2,1905AGBHAE,,,2.5,10,6.3,Passed,
FA2024,FA2024-class 19,3,1905AHAHFG,,,10,9.6,9.7,Passed,
FA2024,FA2024-class 19,4,1905AHAIBH,,,7.5,7.2,7.7,Passed,
FA2024,FA2024-class 19,5,1905AFAECD,,,10,9,8.7,Passed,
FA2024,FA2024-class 19,6,1905AHAIIG,,,2.5,7,6.1,Passed,
FA2024,FA2024-class 19,7,1905AHBHAG,,,0,0,0,Attendance Fail,
FA2024,FA2024-class 19,8,1905AHAHFD,,,10,7.4,9.1,Passed,
FA2024,FA2024-class 19,9,1905AHDDJJ,,,0,0,3.8,Not Passed,
FA2024,FA2024-class 19,10,1905AGBBHE,,,10,10,8.5,Passed,
FA2024,FA2024-class 19,11,1905AHAIHE,,,2.5,8,6.4,Passed,
FA2024,FA2024-class 19,12,1905AHAIAH,,,0,0,1,Attendance Fail,
FA2024,FA2024-class 19,13,1905AHAHGB,,,5,6.6,7,Passed,
FA2024,FA2024-class 19,14,1905AHCFJJ,,,0,0,0,Attendance Fail,
FA2024,FA2024-class 19,15,1905AIDEEB,,,0,0,2.8,Not Passed,
FA2024,FA2024-class 19,16,1905AFBJFE,,,0,0,2.5,Not Passed,
FA2024,FA2024-class 19,17,1905AHBJJD,,,2.5,7.6,6.6,Passed,
FA2024,FA2024-class 19,18,1905AHBJJE,,,0,0,2.1,Attendance Fail,
FA2024,FA2024-class 19,19,1905AGJBCH,,,0,0,1.2,Not Passed,
FA2024,FA2024-class 19,20,1905AHAIEH,,,0,0,3.3,Not Passed,
FA2024,FA2024-class 19,21,1905AHBJJB,,,2.5,5,5.5,Passed,
FA2024,FA2024-class 19,22,1905AICJHC,,,7.5,5.6,7,Passed,
FA2024,FA2024-class 19,23,1905AHCEEG,,,0,0,0.1,Attendance Fail,
FA2024,FA2024-class 19,24,1905AIBFEB,,,0,0,2.9,Not Passed,
FA2024,FA2024-class 19,25,1905AHAIGJ,,,0,0,2.5,Not Passed,
FA2024,FA2024-class 20,1,1905AHDHHI,,,2.5,6.4,6.5,Passed,
FA2024,FA2024-class 20,2,1905AHBJDA,,,0,5.2,4.5,Not Passed,
FA2024,FA2024-class 20,3,1905AHBFBF,,,0,0,3,Not Passed,
FA2024,FA2024-class 20,4,1905AHJJGF,,,2.5,4.4,5.1,Passed,
FA2024,FA2024-class 20,5,1905AHBAEJ,,,5,6,6.8,Passed,
FA2024,FA2024-class 20,6,1905AHAGAI,,,10,7,9,Passed,
FA2024,FA2024-class 20,7,1905AHCGGI,,,2.5,7.2,6.3,Passed,
FA2024,FA2024-class 20,8,1905AHBAAH,,,0,0,3.6,Not Passed,
FA2024,FA2024-class 20,9,1905AIJFBA,,,2.5,8,6.8,Passed,
FA2024,FA2024-class 20,10,1905AHBJBB,,,7.5,4.2,6.6,Passed,
FA2024,FA2024-class 20,11,1905AHDEBH,,,2.5,7.2,6.6,Passed,
FA2024,FA2024-class 20,12,1905AHBJHB,,,2.5,7,6.1,Passed,
FA2024,FA2024-class 20,13,1905AHBAJC,,,2.5,8.8,7.2,Passed,
FA2024,FA2024-class 20,14,1905AHBACA,,,2.5,6.6,6.7,Passed,
FA2024,FA2024-class 20,15,1905AHBABJ,,,2.5,8.4,6.4,Passed,
FA2024,FA2024-class 20,16,1905AHBACB,,,0,0,2.7,Not Passed,
FA2024,FA2024-class 20,17,1905AHJJHB,,,0,3,4.4,Not Passed,
FA2024,FA2024-class 20,18,1905AHAIFB,,,10,4.8,7.4,Passed,
FA2024,FA2024-class 20,19,1905AHBBAB,,,0,0,2.3,Not Passed,
FA2024,FA2024-class 20,20,1905AHJAGE,,,0,0,3.6,Not Passed,
FA2024,FA2024-class 20,21,1905AHJDAJ,,,0,6.8,5.4,Not Passed,
FA2024,FA2024-class 20,22,1905AHCBGF,,,2.5,9.2,7,Passed,
FA2024,FA2024-class 20,23,1905AHBJEG,,,0,0,3.1,Not Passed,
FA2024,FA2024-class 20,24,1905AHAGBG,,,0,0,2.7,Not Passed,
FA2024,FA2024-class 20,25,1905AHBABA,,,10,9,9.3,Passed,
FA2024,FA2024-class 20,26,1905AHBCIJ,,,0,0,2.8,Not Passed,
FA2024,FA2024-class 20,27,1905AIDJIE,,,0,5.4,4.4,Not Passed,
FA2024,FA2024-class 20,28,1905AIDFEC,,,2.5,6.4,6,Passed,
FA2024,FA2024-class 20,29,1905AHDJBH,,,2.5,6,6.3,Passed,
FA2024,FA2024-class 20,30,1905AHBBAE,,,0,0,2.9,Not Passed,
FA2024,FA2024-class 20,31,1905AHJGBJ,,,0,0,1.6,Attendance Fail,
FA2024,FA2024-class 20,32,1905AHCGDD,,,2.5,6.6,5.6,Passed,
FA2024,FA2024-class 20,33,1905AHBGBE,,,0,0,3.1,Not Passed,
FA2024,FA2024-class 20,34,1905AHBFGB,,,5,8,7.8,Passed,
FA2024,FA2024-class 20,35,1905AHBJII,,,10,8.2,9.5,Passed,
FA2024,FA2024-class 21,1,1905AHCAAD,,,5,7.4,7.1,Passed,
FA2024,FA2024-class 21,2,1905AHBCEI,,,2.5,8,6.5,Passed,
FA2024,FA2024-class 21,3,1905AHBCDJ,,,10,6.4,8.3,Passed,
FA2024,FA2024-class 21,4,1905AHBBAH,,,0,0,3.1,Not Passed,
FA2024,FA2024-class 21,5,1905AHBAGH,,,5,6.4,7.3,Passed,
FA2024,FA2024-class 21,6,1905AHBADF,,,5,4.4,6.7,Passed,
FA2024,FA2024-class 21,7,1905AHJFHH,,,0,0,3.6,Not Passed,
FA2024,FA2024-class 21,8,1905AHBBGI,,,2.5,6.4,5.9,Passed,
FA2024,FA2024-class 21,9,1905AHBAGJ,,,0,0,3.8,Not Passed,
FA2024,FA2024-class 21,10,1905AHBAJI,,,0,0,3.4,Not Passed,
FA2024,FA2024-class 21,11,1905AHBDAC,,,2.5,8,6.1,Passed,
FA2024,FA2024-class 21,12,1905AHBIHD,,,2.5,6.4,5,Passed,
FA2024,FA2024-class 21,13,1905AHBAEC,,,0,0,3.8,Not Passed,
FA2024,FA2024-class 21,14,1905AHCJEI,,,0,0,3.2,Not Passed,
FA2024,FA2024-class 21,15,1905AGCCBI,,,2.5,4.2,5.3,Passed,
FA2024,FA2024-class 21,16,1905AIJJDH,,,2.5,6,5.6,Passed,
FA2024,FA2024-class 21,17,1905AHBCJE,,,0,0,3.1,Not Passed,
FA2024,FA2024-class 21,18,1905AHBBDI,,,10,6,8.1,Passed,
FA2024,FA2024-class 21,19,1905AHBAEA,,,10,6.2,8.1,Passed,
FA2024,FA2024-class 21,20,1905AHDEAJ,,,5,6.8,6.6,Passed,
FA2024,FA2024-class 21,21,1905AHBBJH,,,0,0,3.3,Not Passed,
FA2024,FA2024-class 21,22,1905AHBAGC,,,2.5,4.6,6,Passed,
FA2024,FA2024-class 21,23,1905AHBAIF,,,0,0,3.1,Not Passed,
FA2024,FA2024-class 21,24,1905AHBBHJ,,,5,6.4,6.7,Passed,
FA2024,FA2024-class 21,25,1905AFAEGA,,,0,0,3,Not Passed,
FA2024,FA2024-class 21,26,1905AHBBAA,,,7.5,8,8.6,Passed,
FA2024,FA2024-class 21,27,1905AHBFAE,,,10,7.4,8.3,Passed,
FA2024,FA2024-class 21,28,1905AHBADA,,,7.5,6.8,7.7,Passed,
FA2024,FA2024-class 21,29,1905AHEJFB,,,2.5,8.2,7,Passed,
FA2024,FA2024-class 21,30,1905AHCCEE,,,2.5,8.2,7,Passed,
FA2024,FA2024-class 21,31,1905AHBAFC,,,0,0,0,Attendance Fail,
FA2024,FA2024-class 21,32,1905AHBBJG,,,0,0,3.6,Not Passed,
FA2024,FA2024-class 21,33,1905AHAHFC,,,5,9.2,7.3,Passed,
FA2024,FA2024-class 21,34,1905AHBBJC,,,2.5,8.2,7.1,Passed,
FA2024,FA2024-class 21,35,1905AHBJAH,,,2.5,8.4,6.3,Passed,
FA2024,FA2024-class 22,1,1905AHBEBE,,,0,0,3.6,Not Passed,
FA2024,FA2024-class 22,2,1905AHAFIA,,,0,0,3.6,Not Passed,
FA2024,FA2024-class 22,3,1905AHAFJC,,,2.5,9,6.9,Passed,
FA2024,FA2024-class 22,4,1905AHBFCC,,,0,0,3.9,Not Passed,
FA2024,FA2024-class 22,5,1905AGABDI,,,10,5.6,7.6,Passed,
FA2024,FA2024-class 22,6,1905AHBEAC,,,5,8.2,7.5,Passed,
FA2024,FA2024-class 22,7,1905AHBCGJ,,,5,8.2,7,Passed,
FA2024,FA2024-class 22,8,1905AHAEGI,,,10,9.8,9.8,Passed,
FA2024,FA2024-class 22,9,1905AHJAEH,,,0,0,0,Attendance Fail,
FA2024,FA2024-class 22,10,1905AHBBCE,,,0,0,3,Not Passed,
FA2024,FA2024-class 22,11,1905AHBCHG,,,2.5,5.4,5.6,Passed,
FA2024,FA2024-class 22,12,1905AHJGAE,,,2.5,8.6,6.9,Passed,
FA2024,FA2024-class 22,13,1905AHBCGF,,,2.5,5.8,5.5,Passed,
FA2024,FA2024-class 22,14,1905AHDJAF,,,5,8.6,7.6,Passed,
FA2024,FA2024-class 22,15,1905AHCAHF,,,2.5,0,4.4,Not Passed,
FA2024,FA2024-class 22,16,1905AHBEIB,,,2.5,9.6,7.1,Passed,
FA2024,FA2024-class 22,17,1905AHBCIE,,,0,0,2.4,Not Passed,
FA2024,FA2024-class 22,18,1905AHBEAA,,,2.5,5.6,6,Passed,
FA2024,FA2024-class 22,19,1905AHBEDC,,,2.5,8.6,7.1,Passed,
FA2024,FA2024-class 22,20,1905AHBFJC,,,2.5,7.2,5.9,Passed,
FA2024,FA2024-class 22,21,1905AHBDBI,,,2.5,7.6,5.9,Passed,
FA2024,FA2024-class 22,22,1919AHABCB,,,0,4.8,4.7,Not Passed,
FA2024,FA2024-class 22,23,1905AICBEH,,,5,9,7.8,Passed,
FA2024,FA2024-class 22,24,1905AHBFCJ,,,5,4.8,6.1,Passed,
FA2024,FA2024-class 22,25,1905AHBFJH,,,2.5,9.2,6.2,Passed,
FA2024,FA2024-class 22,26,1905AHBFCH,,,2.5,9.4,6.9,Passed,
FA2024,FA2024-class 22,27,1905AHBCFI,,,0,0,3.2,Not Passed,
FA2024,FA2024-class 22,28,1905AHDJBI,,,2.5,6,5.4,Passed,
FA2024,FA2024-class 22,29,1905AHJAIC,,,0,5.4,5.1,Not Passed,
FA2024,FA2024-class 22,30,1905AGCAEF,,,10,0,6.2,Is Susspended,
FA2024,FA2024-class 22,31,1905AIBJIG,,,10,9.8,9.9,Passed,
FA2024,FA2024-class 22,32,1905AHBFHH,,,5,7.2,7,Passed,
FA2024,FA2024-class 22,33,1905AHBEHH,,,10,8.2,8.8,Passed,
FA2024,FA2024-class 22,34,1905AHBCGB,,,0,0,2.6,Not Passed,
FA2024,FA2024-class 22,35,1905AHJABF,,,2.5,6,6.3,Passed,
FA2024,FA2024-class 23,1,1905AIBIGG,,,5,9.6,7.5,Passed,
FA2024,FA2024-class 23,2,1905AHBFGC,,,5,9.4,7.6,Passed,
FA2024,FA2024-class 23,3,1905AHBFII,,,0,0,2.9,Not Passed,
FA2024,FA2024-class 23,4,1905AEADBH,,,5,6.2,5.8,Passed,
FA2024,FA2024-class 23,5,1905AHBFIH,,,0,4.2,4.4,Not Passed,
FA2024,FA2024-class 23,6,1905AHBGBC,,,10,8.2,8.7,Passed,
FA2024,FA2024-class 23,7,1905AHBGAC,,,5,8.4,7.3,Passed,
FA2024,FA2024-class 23,8,1905AHCEDA,,,2.5,8.4,6.2,Passed,
FA2024,FA2024-class 23,9,1905AHBGJA,,,0,0,1.6,Attendance Fail,
FA2024,FA2024-class 23,10,1905AHBGJB,,,2.5,4.8,5.2,Passed,
FA2024,FA2024-class 23,11,1905AHBGEB,,,2.5,5.2,5.2,Passed,
FA2024,FA2024-class 23,12,1905AHBGBI,,,7.5,7,7.5,Passed,
FA2024,FA2024-class 23,13,1905AHBFIF,,,5,8.4,7.6,Passed,
FA2024,FA2024-class 23,14,1905AHBGJG,,,10,9.6,9.5,Passed,
FA2024,FA2024-class 23,15,1905AHJFFE,,,2.5,8.4,5.6,Passed,
FA2024,FA2024-class 23,16,1905AHBFDC,,,0,0,3.3,Not Passed,
FA2024,FA2024-class 23,17,1905AGBCGE,,,0,0,0.1,Attendance Fail,
FA2024,FA2024-class 23,18,1905AEJIEI,,,0,0,0.7,Attendance Fail,
FA2024,FA2024-class 23,19,1905AHBGCE,,,2.5,4.4,5.2,Passed,
FA2024,FA2024-class 23,20,1905AHBGBA,,,7.5,5,6.9,Passed,
FA2024,FA2024-class 23,21,1905AICCDF,,,10,9.4,9.3,Passed,
FA2024,FA2024-class 23,22,1905AHBFEB,,,0,0,2.7,Not Passed,
FA2024,FA2024-class 23,23,1905AHBGBB,,,5,7.2,6.9,Passed,
FA2024,FA2024-class 23,24,1905AHBFFH,,,2.5,4.2,5.4,Passed,
FA2024,FA2024-class 23,25,1905AHBGCG,,,2.5,8.8,6.3,Passed,
FA2024,FA2024-class 23,26,1905AGJEFB,,,2.5,8,6,Passed,
FA2024,FA2024-class 23,27,1905AHBFGA,,,2.5,7.2,6.2,Passed,
FA2024,FA2024-class 23,28,1905AHBFIA,,,0,0,3.2,Not Passed,
FA2024,FA2024-class 24,1,1905AHAEIE,,,0,0,0.9,Attendance Fail,
FA2024,FA2024-class 24,2,1905AHBGGC,,,0,0,2.2,Not Passed,
FA2024,FA2024-class 24,3,1905AHBHAD,,,0,0,3.1,Not Passed,
FA2024,FA2024-class 24,4,1905AGAEBI,,,2.5,8,5,Passed,
FA2024,FA2024-class 24,5,1905AHBGFD,,,2.5,8,5.4,Passed,
FA2024,FA2024-class 24,6,1905AGBJGA,,,0,0,2.5,Not Passed,
FA2024,FA2024-class 24,7,1905AHBHEA,,,0,0,1.7,Not Passed,
FA2024,FA2024-class 24,8,1905AHBFHB,,,0,0,2.5,Not Passed,
FA2024,FA2024-class 24,9,1905AHCCHD,,,0,0,2.6,Not Passed,
FA2024,FA2024-class 24,10,1905AHBHJH,,,2.5,9,6.5,Passed,
FA2024,FA2024-class 24,11,1905AHCCHG,,,0,0,2.9,Not Passed,
FA2024,FA2024-class 24,12,1905AHBGEE,,,0,0,2.6,Not Passed,
FA2024,FA2024-class 24,13,1905AHBGID,,,2.5,8,5.5,Passed,
FA2024,FA2024-class 24,14,1905AHBIFH,,,0,5,4.1,Not Passed,
FA2024,FA2024-class 24,15,1905AHDBFE,,,2.5,6.8,5,Passed,
FA2024,FA2024-class 24,16,1905AHDCBG,,,2.5,7.2,5.1,Passed,
FA2024,FA2024-class 24,17,1905AHBHED,,,10,9.8,9.4,Passed,
FA2024,FA2024-class 24,18,1905AHBHHF,,,0,0,1.3,Attendance Fail,
FA2024,FA2024-class 24,19,1905AGJBFB,,,10,6.8,7.5,Passed,
FA2024,FA2024-class 24,20,1905AGBHGJ,,,10,7.4,7.4,Passed,
FA2024,FA2024-class 24,21,1905AHCABJ,,,0,0,1.3,Attendance Fail,
FA2024,FA2024-class 24,22,1905AHBJCD,,,0,0,2.5,Not Passed,
FA2024,FA2024-class 24,23,1905AHBGHH,,,5,9.4,7.4,Passed,
FA2024,FA2024-class 25,1,1905AHCBBJ,,,2.5,6.2,6.1,Passed,
FA2024,FA2024-class 25,2,1905AICGDD,,,0,0,3.8,Not Passed,
FA2024,FA2024-class 25,3,1905AHCCCF,,,0,0,3,Not Passed,
FA2024,FA2024-class 25,4,1905AHCCBA,,,2.5,6.8,6.3,Passed,
FA2024,FA2024-class 25,5,1905AHAGBD,,,0,0,3.6,Not Passed,
FA2024,FA2024-class 25,6,1905AIDFHC,,,10,7.8,9.1,Passed,
FA2024,FA2024-class 25,7,1905AHDFID,,,0,0,3.4,Not Passed,
FA2024,FA2024-class 25,8,1905AFAEAG,,,0,0,0,Attendance Fail,
FA2024,FA2024-class 25,9,1905AHCJIE,,,2.5,4.8,5.9,Passed,
FA2024,FA2024-class 25,10,1905AHCABG,,,10,5.6,8.2,Passed,
FA2024,FA2024-class 25,11,1905AHDAED,,,10,8.4,9,Passed,
FA2024,FA2024-class 25,12,1905AHCBAB,,,0,0,3.4,Not Passed,
FA2024,FA2024-class 25,13,1905AIDJAG,,,10,6.6,8.2,Passed,
FA2024,FA2024-class 25,14,1905AHCCBE,,,0,3.2,4.3,Not Passed,
FA2024,FA2024-class 25,15,1905AHJCIE,,,7.5,7.4,7.9,Passed,
FA2024,FA2024-class 25,16,1905AGJEHF,,,0,0,2,Attendance Fail,
FA2024,FA2024-class 25,17,1905AHCCFE,,,2.5,8.4,6.6,Passed,
FA2024,FA2024-class 25,18,1905AHBHHD,,,2.5,4.8,6,Passed,
FA2024,FA2024-class 25,19,1905AIJGJI,,,5,9.2,7.9,Passed,
FA2024,FA2024-class 25,20,1905AHJEAA,,,2.5,7.8,6.6,Passed,
FA2024,FA2024-class 25,21,1905AHCAFC,,,0,0,3.5,Not Passed,
FA2024,FA2024-class 25,22,1905AHCCJF,,,2.5,5,5.7,Passed,
FA2024,FA2024-class 25,23,1905AHCBHA,,,2.5,6.6,6.2,Passed,
FA2024,FA2024-class 25,24,1905AHCICI,,,2.5,6,5.5,Passed,
FA2024,FA2024-class 25,25,1905AHCCFC,,,7.5,5.2,6.9,Passed,
FA2024,FA2024-class 25,26,1905AHCIIB,,,0,0,2.9,Not Passed,
FA2024,FA2024-class 25,27,1905AHCBJA,,,0,0,2.9,Not Passed,
FA2024,FA2024-class 25,28,1905AHCAEB,,,5,5,6.4,Passed,
FA2024,FA2024-class 25,29,1905AHBAEF,,,2.5,7,5.8,Passed,
FA2024,FA2024-class 25,30,1905AHJAHF,,,2.5,9.6,6.9,Passed,
FA2024,FA2024-class 25,31,1905AHDGBB,,,2.5,6.6,6,Passed,
FA2024,FA2024-class 25,32,1905AHJEDJ,,,0,0,3.6,Not Passed,
FA2024,FA2024-class 25,33,1905AIDECJ,,,5,9.6,8.1,Passed,
FA2024,FA2024-class 25,34,1905AHCCCD,,,10,9,9.1,Passed,
FA2024,FA2024-class 25,35,1905AHCJEA,,,2.5,6.8,6.3,Passed,
FA2024,FA2024-class 26,1,1905AHDDCF,,,2.5,8.4,6,Passed,
FA2024,FA2024-class 26,2,1905AHJJED,,,0,0,2.8,Not Passed,
FA2024,FA2024-class 26,3,1905AHCBDA,,,2.5,8,5.1,Passed,
FA2024,FA2024-class 26,4,1905AIDFJE,,,0,0,3.1,Not Passed,
FA2024,FA2024-class 26,5,1905AGBDCE,,,2.5,9.4,5.9,Passed,
FA2024,FA2024-class 26,6,1905AHCEAB,,,2.5,8,5.6,Passed,
FA2024,FA2024-class 26,7,1905AHCDHA,,,2.5,6.6,5.3,Passed,
FA2024,FA2024-class 26,8,1905AIBDDD,,,7.5,9,7.1,Passed,
FA2024,FA2024-class 26,9,1905AHJBIA,,,0,0,2.3,Not Passed,
FA2024,FA2024-class 26,10,1905AHCECC,,,0,6.8,5.1,Not Passed,
FA2024,FA2024-class 26,11,1905AHCEBG,,,2.5,5.4,5.3,Passed,
FA2024,FA2024-class 26,12,1905AHCDDE,,,5,8.8,7,Passed,
FA2024,FA2024-class 26,13,1905AHCEHI,,,0,0,0.9,Not Passed,
FA2024,FA2024-class 26,14,1905AGCDHB,,,0,0,3,Not Passed,
FA2024,FA2024-class 26,15,1905AHCDCB,,,2.5,6.8,4.7,Not Passed,
FA2024,FA2024-class 26,16,1905AGAEID,,,10,9,7.8,Passed,
FA2024,FA2024-class 26,17,1905AHCDIB,,,0,0,0.8,Attendance Fail,
FA2024,FA2024-class 26,18,1905AHDDFC,,,10,8,8.2,Passed,
FA2024,FA2024-class 26,19,1905AHDDCH,,,2.5,8,5.6,Passed,
FA2024,FA2024-class 26,20,1905AHAFFJ,,,10,9.4,8,Passed,
FA2024,FA2024-class 26,21,1905AHCDGF,,,2.5,8.4,6.2,Passed,
FA2024,FA2024-class 26,22,1905AHCEGJ,,,0,0,3.3,Not Passed,
FA2024,FA2024-class 26,23,1905AHCDEG,,,5,6.4,5.1,Passed,
FA2024,FA2024-class 26,24,1905AHCBCD,,,2.5,9.2,6.4,Passed,
FA2024,FA2024-class 27,1,1905AHCFGG,,,2.5,9.4,6.6,Passed,
FA2024,FA2024-class 27,2,1905AHJCEA,,,5,9.6,7.8,Passed,
FA2024,FA2024-class 27,3,1905AHCHFF,,,2.5,6.8,5.9,Passed,
FA2024,FA2024-class 27,4,1905AHCGIG,,,0,0,2.5,Not Passed,
FA2024,FA2024-class 27,5,1905AHCGEJ,,,2.5,7.2,5.9,Passed,
FA2024,FA2024-class 27,6,1905AHCFHE,,,5,9.4,8,Passed,
FA2024,FA2024-class 27,7,1905AHCFDE,,,10,9,8.8,Passed,
FA2024,FA2024-class 27,8,1905AHCFGA,,,5,9.4,7.5,Passed,
FA2024,FA2024-class 27,9,1905AHCHDI,,,2.5,9,6.6,Passed,
FA2024,FA2024-class 27,10,1905AHCAHG,,,0,0,2.7,Not Passed,
FA2024,FA2024-class 27,11,1905AHDJGI,,,0,0,3.1,Not Passed,
FA2024,FA2024-class 27,12,1905AGBFCI,,,7.5,4.6,5.1,Passed,
FA2024,FA2024-class 27,13,1905AHCIEG,,,10,10,9.4,Passed,
FA2024,FA2024-class 27,14,1905AHDACB,,,0,0,3.6,Not Passed,
FA2024,FA2024-class 27,15,1905AHCDEI,,,0,6,4.1,Not Passed,
FA2024,FA2024-class 27,16,1905AHCFDA,,,2.5,7.8,6.3,Passed,
FA2024,FA2024-class 27,17,1905AHCFGE,,,5,7.8,6.8,Passed,
FA2024,FA2024-class 27,18,1905AHCGJB,,,2.5,7.8,5.9,Passed,
FA2024,FA2024-class 27,19,1905AHCGHB,,,0,0,2.5,Not Passed,
FA2024,FA2024-class 27,20,1905AHDJGC,,,2.5,8.8,6.1,Passed,
FA2024,FA2024-class 27,21,1905AHJCDI,,,10,8.6,9.2,Passed,
FA2024,FA2024-class 27,22,1905AHCGHC,,,0,0,1.6,Not Passed,
FA2024,FA2024-class 27,23,1905AHJCAD,,,10,9.4,9.6,Passed,
FA2024,FA2024-class 27,24,1905AHCGIH,,,0,0,3.1,Not Passed,
FA2024,FA2024-class 27,25,1905AHCJHJ,,,0,0,2.1,Not Passed,
FA2024,FA2024-class 27,26,1905AHCFIJ,,,0,0,1.2,Not Passed,
FA2024,FA2024-class 27,27,1905AHCFAC,,,2.5,7.8,6.2,Passed,
FA2024,FA2024-class 27,28,1905AHCHFJ,,,2.5,8.2,6.4,Passed,
FA2024,FA2024-class 27,29,1905AHEJHJ,,,0,0,3.3,Not Passed,
FA2024,FA2024-class 27,30,1905AGBAGE,,,10,6.6,6.4,Passed,
FA2024,FA2024-class 27,31,1905AGAFCJ,,,0,0,0,Attendance Fail,
FA2024,FA2024-class 27,32,1905AHCHEC,,,10,9.2,9.7,Passed,
FA2024,FA2024-class 27,33,1905AHCHAG,,,7.5,9.8,8.2,Passed,
FA2024,FA2024-class 27,34,1905AHCGGD,,,7.5,8.6,7.6,Passed,
FA2024,FA2024-class 27,35,1905AHCFGI,,,0,0,2,Not Passed,
FA2024,FA2024-class 28,1,1905AHDABE,,,0,6.2,4.7,Not Passed,
FA2024,FA2024-class 28,2,1905AHDHDJ,,,2.5,6.4,5.8,Passed,
FA2024,FA2024-class 28,3,1905AHDJDD,,,2.5,8.8,5.3,Passed,
FA2024,FA2024-class 28,4,1905AHDJID,,,10,6.8,7.1,Passed,
FA2024,FA2024-class 28,5,1905AHDJHF,,,2.5,10,6.2,Passed,
FA2024,FA2024-class 28,6,1905AHDBAB,,,0,0,0.6,Not Passed,
FA2024,FA2024-class 28,7,1905AHAGJB,,,2.5,8.6,6.6,Passed,
FA2024,FA2024-class 28,8,1905AHAFEE,,,2.5,7.6,5.5,Passed,
FA2024,FA2024-class 28,9,1905AICEGG,,,10,6.4,7.3,Passed,
FA2024,FA2024-class 28,10,1905AHCHEB,,,7.5,8,7.7,Passed,
FA2024,FA2024-class 28,11,1905AHJJIA,,,0,4.8,3.8,Not Passed,
FA2024,FA2024-class 28,12,1905AHAEBD,,,0,0,0,Not Passed,
FA2024,FA2024-class 28,13,1905AICHGD,,,0,6.8,4.6,Not Passed,
FA2024,FA2024-class 28,14,1905AFJCHG,,,0,0,0,Not Passed,
FA2024,FA2024-class 28,15,1905AIBAIG,,,10,9.2,9.8,Passed,
FA2024,FA2024-class 28,16,1905AHAFEF,,,7.5,8,7.5,Passed,
FA2024,FA2024-class 28,17,1905AICIDI,,,2.5,7.8,5.6,Passed,
FA2024,FA2024-class 28,18,1905AHCIGI,,,0,7.6,5.2,Not Passed,
FA2024,FA2024-class 28,19,1905AHDJED,,,10,5.8,7,Passed,
FA2024,FA2024-class 28,20,1905AGJEJB,,,0,0,0.2,Not Passed,
FA2024,FA2024-class 28,21,1905AHDJFH,,,0,0,2.1,Not Passed,
FA2024,FA2024-class 28,22,1905AHDJHB,,,10,10,8,Passed,
FA2024,FA2024-class 28,23,1905AICJHH,,,0,0,2.8,Not Passed,
FA2024,FA2024-class 28,24,1905AIDHAG,,,0,0,1.6,Not Passed,
FA2024,FA2024-class 28,25,1905AHDAAB,,,2.5,7.2,6.4,Passed,
FA2024,FA2024-class 28,26,1905AHDACG,,,10,10,10,Passed,
FA2024,FA2024-class 28,27,1905AHDJDE,,,0,0,1.9,Not Passed,
FA2024,FA2024-class 28,28,1905AHAFGF,,,2.5,3,3.8,Not Passed,
FA2024,FA2024-class 28,29,1905AHDJDJ,,,0,0,2.5,Not Passed,
FA2024,FA2024-class 28,30,1905AGBCBJ,,,0,0,0,Not Passed,
FA2024,FA2024-class 28,31,1905AHDJDG,,,2.5,8.8,5.7,Passed,
FA2024,FA2024-class 28,32,1905AHJACF,,,0,0,2.5,Not Passed,
FA2024,FA2024-class 28,33,1905AHDJHG,,,0,0,0.4,Not Passed,
FA2024,FA2024-class 28,34,1905AHDJIC,,,10,9.2,7.6,Passed,
FA2024,FA2024-class 28,35,1905AGBFGH,,,0,0,0,Not Passed,
FA2024,FA2024-class 29,1,1905AHBBBF,,,5,6.4,6.6,Passed,
FA2024,FA2024-class 29,2,1905AHDCJH,,,2.5,9.4,6.9,Passed,
FA2024,FA2024-class 29,3,1905AHDBBG,,,10,8.2,9.5,Passed,
FA2024,FA2024-class 29,4,1905AHCCHC,,,2.5,9,6.7,Passed,
FA2024,FA2024-class 29,5,1919AHABAI,,,0,0,0.2,Not Passed,
FA2024,FA2024-class 29,6,1905AHJCEG,,,0,0,0.4,Not Passed,
FA2024,FA2024-class 29,7,1905AHBIAD,,,2.5,7,6.5,Passed,
FA2024,FA2024-class 29,8,1905AHDAEH,,,10,6.8,6.8,Passed,
FA2024,FA2024-class 29,9,1905AHDBAI,,,10,7.2,7.1,Passed,
FA2024,FA2024-class 29,10,1905AHCCBD,,,10,5.6,6,Passed,
FA2024,FA2024-class 29,11,1905AHDBDH,,,10,4.2,5.3,Passed,
FA2024,FA2024-class 29,12,1905AHCJGF,,,10,6.4,8.9,Passed,
FA2024,FA2024-class 29,13,1905AHBCIC,,,2.5,8,6.2,Passed,
FA2024,FA2024-class 29,14,1905AHBAHJ,,,2.5,8.8,6.5,Passed,
FA2024,FA2024-class 29,15,1905AHAFFB,,,0,0,0.2,Not Passed,
FA2024,FA2024-class 29,16,1905AHAHAG,,,10,9.6,9.5,Passed,
FA2024,FA2024-class 29,17,1905AHDBIG,,,2.5,7,5.8,Passed,
FA2024,FA2024-class 29,18,1905AHAFHD,,,10,8.4,7.1,Passed,
FA2024,FA2024-class 29,19,1905AHDBAA,,,10,5.6,6.9,Passed,
FA2024,FA2024-class 29,20,1905AHDCAF,,,0,0,2,Not Passed,
FA2024,FA2024-class 29,21,1905AHAFHB,,,7.5,7.4,6.1,Passed,
FA2024,FA2024-class 29,22,1905AHDBBC,,,2.5,8,7,Passed,
FA2024,FA2024-class 29,23,1905AHEJDF,,,10,0,6.6,Not Passed,
FA2024,FA2024-class 29,24,1905AHDBAG,,,2.5,8.8,6.3,Passed,
FA2024,FA2024-class 29,25,1905AIBDDA,,,10,10,10,Passed,
FA2024,FA2024-class 29,26,1905AHDBAH,,,7.5,6.8,7,Passed,
FA2024,FA2024-class 29,27,1905AHDBCD,,,7.5,9.2,8.9,Passed,
FA2024,FA2024-class 29,28,1905AHDAII,,,0,0,0,Not Passed,
FA2024,FA2024-class 29,29,1905AHDBEA,,,2.5,6.6,5.5,Passed,
FA2024,FA2024-class 29,30,1905AHDBCF,,,0,0,0.8,Not Passed,
FA2024,FA2024-class 29,31,1905AHDAFD,,,2.5,0,0.8,Not Passed,
FA2024,FA2024-class 29,32,1905AHAFEC,,,0,0,1,Not Passed,
FA2024,FA2024-class 29,33,1905AGACEF,,,0,0,1.3,Not Passed,
FA2024,FA2024-class 29,34,1905AHDBDI,,,0,0,0.4,Not Passed,
FA2024,FA2024-class 29,35,1905AHDBEJ,,,10,7.2,6.2,Passed,
FA2024,FA2024-class 30,1,1905AHDDEJ,,,2.5,7.6,6.3,Passed,
FA2024,FA2024-class 30,2,1905AHDCEC,,,2.5,7,5.2,Passed,
FA2024,FA2024-class 30,3,1905AHDCBF,,,2.5,6.8,5,Passed,
FA2024,FA2024-class 30,4,1905AHDCEH,,,10,9.8,9.3,Passed,
FA2024,FA2024-class 30,5,1905AHDDFD,,,2.5,8,6.3,Passed,
FA2024,FA2024-class 30,6,1905AHDDJI,,,0,0,3.5,Not Passed,
FA2024,FA2024-class 30,7,1905AHDEHD,,,2.5,6.8,5.6,Passed,
FA2024,FA2024-class 30,8,1905AHDDCI,,,10,6.6,7.9,Passed,
FA2024,FA2024-class 30,9,1905AHDEIE,,,0,0,1.2,Attendance Fail,
FA2024,FA2024-class 30,10,1905AIJFAH,,,10,8.8,9,Passed,
FA2024,FA2024-class 30,11,1905AHCIDD,,,0,8,5.8,Not Passed,
FA2024,FA2024-class 30,12,1905AHDCCG,,,0,0,2.9,Not Passed,
FA2024,FA2024-class 30,13,1905AHDCCD,,,2.5,9.6,6.8,Passed,
FA2024,FA2024-class 30,14,1905AHDEFG,,,2.5,6,5.5,Passed,
FA2024,FA2024-class 30,15,1905AHCIHI,,,0,4.6,4.4,Not Passed,
FA2024,FA2024-class 30,16,1905AHDDED,,,5,5.4,6.4,Passed,
FA2024,FA2024-class 30,17,1905AHJBIF,,,0,0,2.7,Not Passed,
FA2024,FA2024-class 30,18,1905AHBGFI,,,0,0,2.3,Not Passed,
FA2024,FA2024-class 30,19,1905AHDCCB,,,2.5,8.4,6.5,Passed,
FA2024,FA2024-class 30,20,1905AHDCGI,,,2.5,9,6.9,Passed,
FA2024,FA2024-class 30,21,1905AHDDCJ,,,7.5,4,5.6,Passed,
FA2024,FA2024-class 30,22,1905AHDEGA,,,2.5,7.8,5.7,Passed,
FA2024,FA2024-class 30,23,1905AEADFI,,,2.5,8,5.2,Passed,
FA2024,FA2024-class 30,24,1905AHDDBG,,,2.5,7.2,6,Passed,
FA2024,FA2024-class 30,25,1905AHJCFH,,,2.5,6,5.6,Passed,
FA2024,FA2024-class 30,26,0805AHFEAE,,,7.5,6.4,7.1,Passed,
FA2024,FA2024-class 30,27,1905AHDCEE,,,5,7.4,6.7,Passed,
FA2024,FA2024-class 30,28,1905AHAFFH,,,2.5,6.4,5.8,Passed,
FA2024,FA2024-class 30,29,1905AHDDBC,,,7.5,6.6,6.6,Passed,
FA2024,FA2024-class 30,30,1905AHDDEF,,,5,8.4,6.5,Passed,
FA2024,FA2024-class 30,31,1905AGCEAA,,,0,0,1.6,Attendance Fail,
FA2024,FA2024-class 30,32,1905AHDDGA,,,0,0,2,Not Passed,
FA2024,FA2024-class 30,33,1905AHDCEA,,,2.5,5,5.5,Passed,
FA2024,FA2024-class 30,34,1905AHJBGA,,,2.5,8.6,6.6,Passed,
FA2024,FA2024-class 30,35,1905AHDDHE,,,2.5,5.4,5.1,Passed,
FA2024,FA2024-class 31,1,1905AHDEHB,,,0,4.2,4.2,Not Passed,
FA2024,FA2024-class 31,2,1905AHDDDF,,,10,7.2,8.4,Passed,
FA2024,FA2024-class 31,3,1905AHDEDF,,,5,8.8,7.4,Passed,
FA2024,FA2024-class 31,4,1905AHDECH,,,0,0,3.1,Not Passed,
FA2024,FA2024-class 31,5,1905AHDFJH,,,2.5,7,6.1,Passed,
FA2024,FA2024-class 31,6,1905AHAHED,,,10,8,8.8,Passed,
FA2024,FA2024-class 31,7,1905AHDEFH,,,0,0,0.3,Attendance Fail,
FA2024,FA2024-class 31,8,1905AHDEGC,,,2.5,9,6.8,Passed,
FA2024,FA2024-class 31,9,1905AHDDIE,,,0,0,3.3,Not Passed,
FA2024,FA2024-class 31,10,1905AHDEJD,,,2.5,6.6,6.1,Passed,
FA2024,FA2024-class 31,11,1905AHAGFC,,,10,9.4,9.5,Passed,
FA2024,FA2024-class 31,12,1905AGAEGG,,,0,0,0,Attendance Fail,
FA2024,FA2024-class 31,13,1905AHDEAA,,,2.5,6.4,6.1,Passed,
FA2024,FA2024-class 31,14,1905AHDEHJ,,,2.5,6.4,6.1,Passed,
FA2024,FA2024-class 31,15,1905AHDDHC,,,2.5,7,6.2,Passed,
FA2024,FA2024-class 31,16,1905AHDFJG,,,2.5,6,6.1,Passed,
FA2024,FA2024-class 31,17,1905AHDFAJ,,,5,7.6,7.4,Passed,
FA2024,FA2024-class 31,18,1905AHDFJF,,,2.5,5,5.4,Passed,
FA2024,FA2024-class 31,19,1905AHDDIA,,,2.5,8,6.3,Passed,
FA2024,FA2024-class 31,20,1905AHDEAB,,,5,7,7.1,Passed,
FA2024,FA2024-class 31,21,1905AHCBGG,,,0,0,3,Not Passed,
FA2024,FA2024-class 31,22,1905AHDFCB,,,5,6.6,6.7,Passed,
FA2024,FA2024-class 31,23,1905AHDFAE,,,5,7,7,Passed,
FA2024,FA2024-class 31,24,1905AHDFAF,,,5,7.6,7.1,Passed,
FA2024,FA2024-class 31,25,1905AGCDCG,,,2.5,5.6,5.8,Passed,
FA2024,FA2024-class 31,26,1905AHAIAG,,,5,7.2,7.1,Passed,
FA2024,FA2024-class 31,27,1905AHDEBG,,,0,0,2.6,Not Passed,
FA2024,FA2024-class 31,28,1905AHDEJI,,,2.5,6.4,5.8,Passed,
FA2024,FA2024-class 31,29,1905AHBGDE,,,0,0,2.3,Attendance Fail,
FA2024,FA2024-class 31,30,1905AHDFAD,,,2.5,7.6,6.1,Passed,
FA2024,FA2024-class 31,31,1905AHJFGG,,,0,0,3.4,Not Passed,
FA2024,FA2024-class 31,32,1905AHDECF,,,2.5,7,6.1,Passed,
FA2024,FA2024-class 31,33,1905AHAHEJ,,,2.5,8.2,6.4,Passed,
FA2024,FA2024-class 31,34,1905AHDDIH,,,2.5,7.4,6.3,Passed,
FA2024,FA2024-class 31,35,1905AHJJAB,,,0,0,2.7,Not Passed,
FA2024,FA2024-class 32,1,1905AHDGHC,,,2.5,7.2,6.5,Passed,
FA2024,FA2024-class 32,2,1905AHDGDC,,,2.5,5.8,5.2,Passed,
FA2024,FA2024-class 32,3,1905AHDEAH,,,7.5,9.8,8.6,Passed,
FA2024,FA2024-class 32,4,1905AHDFEB,,,0,0,3.2,Not Passed,
FA2024,FA2024-class 32,5,1905AHBJGC,,,2.5,9.2,7.2,Passed,
FA2024,FA2024-class 32,6,1905AHDFFA,,,0,0,2.8,Not Passed,
FA2024,FA2024-class 32,7,1905AHDGDJ,,,7.5,5.4,6.4,Passed,
FA2024,FA2024-class 32,8,1905AHBJHI,,,2.5,0,1.6,Not Passed,
FA2024,FA2024-class 32,9,1905AHDFEJ,,,7.5,7.2,8.4,Passed,
FA2024,FA2024-class 32,10,1905AHDGFB,,,0,6.8,5.5,Not Passed,
FA2024,FA2024-class 32,11,1905AHBJEE,,,10,9,9.5,Passed,
FA2024,FA2024-class 32,12,1905AHDFFF,,,2.5,5.4,5.4,Passed,
FA2024,FA2024-class 32,13,1905AHAIFH,,,2.5,8.4,6.9,Passed,
FA2024,FA2024-class 32,14,1905AHDGHJ,,,0,0,3.1,Not Passed,
FA2024,FA2024-class 32,15,1905AHBJCH,,,0,5,4.8,Not Passed,
FA2024,FA2024-class 32,16,1905AHBAJG,,,2.5,9.4,7.6,Passed,
FA2024,FA2024-class 32,17,1905AHDFGH,,,5,8.4,7.3,Passed,
FA2024,FA2024-class 32,18,1905AHDHEH,,,5,9.8,7.4,Passed,
FA2024,FA2024-class 32,19,1905AHDADA,,,2.5,7.6,5.9,Passed,
FA2024,FA2024-class 32,20,1905AHDGBD,,,0,5.2,4.1,Not Passed,
FA2024,FA2024-class 32,21,1905AIFDDB,,,0,0,3.3,Not Passed,
FA2024,FA2024-class 32,22,1905AHDFFB,,,0,0,0,Not Passed,
FA2024,FA2024-class 32,23,1905AHDFGD,,,0,0,3.2,Not Passed,
FA2024,FA2024-class 32,24,1905AHBDCD,,,0,8,6.4,Not Passed,
FA2024,FA2024-class 32,25,1905AHDFII,,,0,0,4,Not Passed,
FA2024,FA2024-class 32,26,1905AHDGAE,,,0,0,2.5,Not Passed,
FA2024,FA2024-class 32,27,1905AHDGDE,,,2.5,8.4,6.6,Passed,
FA2024,FA2024-class 32,28,1905AHDFHC,,,0,8.8,6.1,Not Passed,
FA2024,FA2024-class 32,29,1905AHDGGJ,,,5,5.6,6.7,Passed,
FA2024,FA2024-class 32,30,1905AHDFEE,,,0,7,5.2,Not Passed,
FA2024,FA2024-class 32,31,1905AHDHEI,,,10,9.6,9.3,Passed,
FA2024,FA2024-class 32,32,1905AHBACD,,,2.5,5.6,6.4,Passed,
FA2024,FA2024-class 32,33,1905AHDFFH,,,2.5,0,3.9,Not Passed,
FA2024,FA2024-class 32,34,1905AHDFFD,,,0,0,2.6,Not Passed,
FA2024,FA2024-class 32,35,1905AHDHJH,,,0,0,3.3,Not Passed,
FA2024,FA2024-class 33,1,1905AHDIHA,,,2.5,7.8,5.3,Passed,
FA2024,FA2024-class 33,2,1905AHDIBC,,,0,0,1.8,Not Passed,
FA2024,FA2024-class 33,3,1905AHCICE,,,0,0,0.9,Attendance Fail,
FA2024,FA2024-class 33,4,1905AGBGGE,,,2.5,0,2.9,Attendance Fail,
FA2024,FA2024-class 33,5,1905AGJAAF,,,10,5.4,6.7,Passed,
FA2024,FA2024-class 33,6,1905AHEJDG,,,10,8,8.7,Passed,
FA2024,FA2024-class 33,7,1905AHDIFI,,,2.5,8,5.9,Passed,
FA2024,FA2024-class 33,8,1905AGBJAD,,,0,0,0.6,Attendance Fail,
FA2024,FA2024-class 33,9,1905AHAIHD,,,10,5.6,7.5,Passed,
FA2024,FA2024-class 33,10,1905AHDDAI,,,0,0,2,Not Passed,
FA2024,FA2024-class 33,11,1905AHDHFE,,,0,0,1.5,Attendance Fail,
FA2024,FA2024-class 33,12,1905AHDBFF,,,2.5,9.4,5.6,Passed,
FA2024,FA2024-class 33,13,1905AHEJIE,,,0,0,2.5,Not Passed,
FA2024,FA2024-class 33,14,1905AGBAJB,,,0,0,2.8,Not Passed,
FA2024,FA2024-class 33,15,1905AGJBDD,,,0,0,2.3,Attendance Fail,
FA2024,FA2024-class 33,16,1905AGAHJG,,,2.5,8,6,Passed,
FA2024,FA2024-class 33,17,1905AHDIJH,,,0,0,1.3,Attendance Fail,
FA2024,FA2024-class 33,18,1905AGABHD,,,0,0,0.7,Attendance Fail,
FA2024,FA2024-class 33,19,0805AGIJAC,,,5,3.2,5,Not Passed,
FA2024,FA2024-class 33,20,1905AHDHGG,,,0,0,1.5,Not Passed,
FA2024,FA2024-class 33,21,1905AGCDID,,,2.5,10,5.6,Passed,
FA2024,FA2024-class 33,22,1905AFAJAI,,,0,0,1.5,Attendance Fail,
FA2024,FA2024-class 33,23,1905AHBDDD,,,0,0,1.7,Attendance Fail,
FA2024,FA2024-class 33,24,1905AHEJBB,,,2.5,7.8,4.7,Not Passed,
FA2024,FA2024-class 33,25,1905AGJBCE,,,0,0,1.4,Not Passed,
FA2024,FA2024-class 33,26,1905AHEJDE,,,0,0,2.2,Not Passed,
FA2024,FA2024-class 33,27,1905AEAACE,,,0,5,4,Not Passed,
FA2024,FA2024-class 33,28,1905AHEAJB,,,2.5,8.6,6.5,Passed,
FA2024,FA2024-class 33,29,1905AHBCJD,,,0,0,0.4,Attendance Fail,
FA2024,FA2024-class 33,30,1905AHEJBI,,,2.5,9.4,5.9,Passed,
FA2024,FA2024-class 33,31,1905AGJCGC,,,2.5,8.8,5.5,Passed,
FA2024,FA2024-class 33,32,1905AHDHHA,,,0,0,0.7,Attendance Fail,
FA2024,FA2024-class 33,33,1905AHCGFA,,,10,8.2,9.3,Passed,
FA2024,FA2024-class 33,34,1905AEAAHI,,,0,0,0,Attendance Fail,
FA2024,FA2024-class 33,35,1905AGCJJJ,,,0,0,2.5,Not Passed,
FA2024,FA2024-class 34,1,1905AIJBIA,,,10,9.4,9.5,Passed,
FA2024,FA2024-class 34,2,1905AHJDBA,,,2.5,8.4,6.2,Passed,
FA2024,FA2024-class 34,3,1905AIJJHD,,,5,10,7.9,Passed,
FA2024,FA2024-class 34,4,1905AIJCGD,,,2.5,8.2,6.3,Passed,
FA2024,FA2024-class 34,5,1905AIJEHJ,,,0,0,0.7,Attendance Fail,
FA2024,FA2024-class 34,6,1905AGAGBE,,,10,5.6,7,Passed,
FA2024,FA2024-class 34,7,1905AIJFBB,,,0,0,3,Not Passed,
FA2024,FA2024-class 34,8,1905AHBFDB,,,10,8.4,8.7,Passed,
FA2024,FA2024-class 34,9,1905AIJBIH,,,0,0,2.6,Not Passed,
FA2024,FA2024-class 34,10,1905AIJFEI,,,5,8.8,7.5,Passed,
FA2024,FA2024-class 34,11,1905AHJADI,,,2.5,8.8,7.1,Passed,
FA2024,FA2024-class 34,12,1905AIJCHH,,,2.5,7.8,6.4,Passed,
FA2024,FA2024-class 34,13,1905AIJADJ,,,2.5,8,5.9,Passed,
FA2024,FA2024-class 34,14,1905AHJADD,,,10,10,9.3,Passed,
FA2024,FA2024-class 34,15,1905AGAIEH,,,0,0,2.5,Not Passed,
FA2024,FA2024-class 34,16,1905AIJEEF,,,5,8.6,7.5,Passed,
FA2024,FA2024-class 34,17,1905AHCEIJ,,,0,0,3.1,Not Passed,
FA2024,FA2024-class 34,18,1905AHJAED,,,10,9.8,9.7,Passed,
FA2024,FA2024-class 34,19,1905AGBJJD,,,0,7.2,4.8,Not Passed,
FA2024,FA2024-class 34,20,1905AGBHID,,,10,7.6,8.2,Passed,
FA2024,FA2024-class 34,21,1905AIJJIJ,,,7.5,9.8,8.5,Passed,
FA2024,FA2024-class 34,22,1905AHCDJH,,,2.5,8.4,6.5,Passed,
FA2024,FA2024-class 34,23,1905AIJFJI,,,0,4.8,5.1,Not Passed,
FA2024,FA2024-class 34,24,1905AIJFFF,,,2.5,4.6,5.2,Passed,
FA2024,FA2024-class 34,25,1905AIJFDF,,,0,0,3.4,Is Susspended,
FA2024,FA2024-class 34,26,1905AHJAGF,,,2.5,7.2,6.1,Passed,
FA2024,FA2024-class 34,27,1905AGCBGD,,,0,0,0,Attendance Fail,
FA2024,FA2024-class 34,28,1905AFAFCJ,,,0,0,0,Attendance Fail,
FA2024,FA2024-class 34,29,1905AIJECC,,,0,0,3.2,Not Passed,
FA2024,FA2024-class 34,30,1905AGBEEI,,,0,0,0.3,Attendance Fail,
FA2024,FA2024-class 34,31,1905AIJCEC,,,0,8.6,6,Not Passed,
FA2024,FA2024-class 34,32,1905AIJACB,,,2.5,8.6,6.2,Passed,
FA2024,FA2024-class 34,33,1905AIJEAJ,,,10,8.6,8.8,Passed,
FA2024,FA2024-class 34,34,1905AIJFAB,,,5,9.2,7.6,Passed,
FA2024,FA2024-class 34,35,1905AIJAHJ,,,10,9,8.9,Passed,
FA2024,FA2024-class 35,1,1905AIJGDG,,,2.5,7,6.7,Passed,
FA2024,FA2024-class 35,2,1905AIAJGI,,,2.5,8.2,7,Passed,
FA2024,FA2024-class 35,3,1905AIAADG,,,5,9.6,7.8,Passed,
FA2024,FA2024-class 35,4,1905AIJIJE,,,0,0,2.8,Not Passed,
FA2024,FA2024-class 35,5,1905AIBJDD,,,5,7.2,7.4,Passed,
FA2024,FA2024-class 35,6,1905AIJGCD,,,2.5,7.2,6.1,Passed,
FA2024,FA2024-class 35,7,1905AIJGJD,,,10,9.4,9.5,Passed,
FA2024,FA2024-class 35,8,1905AHJBDB,,,10,9.4,9.6,Passed,
FA2024,FA2024-class 35,9,1905AHCJBC,,,5,8.6,7.5,Passed,
FA2024,FA2024-class 35,10,1905AIJHDC,,,10,7.6,9.1,Passed,
FA2024,FA2024-class 35,11,1905AIJHBA,,,10,7.6,9.1,Passed,
FA2024,FA2024-class 35,12,1905AIBJEB,,,2.5,8,6.7,Passed,
FA2024,FA2024-class 35,13,1905AIJGID,,,10,8.2,9.5,Passed,
FA2024,FA2024-class 35,14,1905AIJIBF,,,2.5,5.2,5.6,Passed,
FA2024,FA2024-class 35,15,1905AIJIEA,,,10,8.2,9,Passed,
FA2024,FA2024-class 35,16,1905AHEJGJ,,,0,0,0.4,Not Passed,
FA2024,FA2024-class 35,17,1905AIBJAE,,,10,8.6,9.1,Passed,
FA2024,FA2024-class 35,18,1905AIJHEH,,,0,0,3.5,Not Passed,
FA2024,FA2024-class 35,19,1905AIBJCF,,,0,0,2.6,Not Passed,
FA2024,FA2024-class 35,20,1905AIJIFI,,,5,8.2,6.6,Passed,
FA2024,FA2024-class 35,21,1905AIJHCF,,,10,7.8,9.1,Passed,
FA2024,FA2024-class 35,22,1905AIJFHI,,,0,0,3.3,Not Passed,
FA2024,FA2024-class 35,23,1905AICAIJ,,,0,0,0.4,Not Passed,
FA2024,FA2024-class 35,24,1905AIJGDJ,,,10,9.8,9.9,Passed,
FA2024,FA2024-class 35,25,1905AIBJDG,,,5,5.2,5.1,Passed,
FA2024,FA2024-class 35,26,1905AIJHBJ,,,0,8.4,6.5,Not Passed,
FA2024,FA2024-class 35,27,1905AIAABE,,,0,0,0.4,Not Passed,
FA2024,FA2024-class 35,28,1905AIJIIH,,,2.5,9.4,6.7,Passed,
FA2024,FA2024-class 35,29,1905AIBJEJ,,,0,0,4,Not Passed,
FA2024,FA2024-class 35,30,1905AHBEAI,,,2.5,5.8,5.8,Passed,
FA2024,FA2024-class 35,31,1905AHCJEH,,,0,3.8,4.3,Not Passed,
FA2024,FA2024-class 35,32,1905AIJICB,,,5,7.8,7.2,Passed,
FA2024,FA2024-class 35,33,1905AIAJDE,,,10,8,8.9,Passed,
FA2024,FA2024-class 35,34,1905AIBFDE,,,10,10,10,Passed,
FA2024,FA2024-class 35,35,1905AIJGIG,,,2.5,7.2,6.6,Passed,
FA2024,FA2024-class 36,1,1905AHBGHG,,,10,4.2,7.9,Passed,
FA2024,FA2024-class 36,2,1905AIBBGJ,,,2.5,7.2,6.6,Passed,
FA2024,FA2024-class 36,3,1905AIBAEA,,,2.5,0,3.7,Attendance Fail,
FA2024,FA2024-class 36,4,1905AIBAJC,,,0,0,1.7,Attendance Fail,
FA2024,FA2024-class 36,5,1905AHCAAF,,,2.5,5.8,6.3,Passed,
FA2024,FA2024-class 36,6,1905AHCJAA,,,2.5,6.4,6.2,Passed,
FA2024,FA2024-class 36,7,1905AHCCHI,,,2.5,7.8,6.4,Passed,
FA2024,FA2024-class 36,8,1905AIBCAA,,,0,0,2.5,Not Passed,
FA2024,FA2024-class 36,9,1905AHBICH,,,0,4.4,4.8,Not Passed,
FA2024,FA2024-class 36,10,1905AHBIIC,,,2.5,4.4,5.6,Passed,
FA2024,FA2024-class 36,11,1905AHCABE,,,2.5,4.6,5.7,Passed,
FA2024,FA2024-class 36,12,1905AIBAGE,,,0,5.6,5.2,Not Passed,
FA2024,FA2024-class 36,13,1905AHCJIC,,,0,0,3.4,Not Passed,
FA2024,FA2024-class 36,14,1905AHDJDA,,,0,0,2.7,Not Passed,
FA2024,FA2024-class 36,15,1905AIBBJC,,,2.5,8,6.6,Passed,
FA2024,FA2024-class 36,16,1905AIBJIH,,,0,0,3,Not Passed,
FA2024,FA2024-class 36,17,1905AIBBAF,,,0,4,4.3,Not Passed,
FA2024,FA2024-class 36,18,1905AIBJFG,,,10,8.8,9.5,Passed,
FA2024,FA2024-class 36,19,1905AIBJIF,,,2.5,4.8,5.9,Passed,
FA2024,FA2024-class 36,20,1905AHAFFF,,,5,7.8,7.2,Passed,
FA2024,FA2024-class 36,21,1905AIBAJG,,,5,9,7.9,Passed,
FA2024,FA2024-class 36,22,1905AHBICD,,,2.5,8,6.6,Passed,
FA2024,FA2024-class 36,23,1905AIBAHH,,,0,0,3.5,Not Passed,
FA2024,FA2024-class 36,24,1905AIBAIA,,,10,6.4,8.2,Passed,
FA2024,FA2024-class 36,25,1905AIBABJ,,,10,8.6,9.3,Passed,
FA2024,FA2024-class 36,26,1905AHCJIH,,,2.5,7.6,6.6,Passed,
FA2024,FA2024-class 36,27,1905AHBIBB,,,2.5,8.4,7.1,Passed,
FA2024,FA2024-class 36,28,1905AHBIBH,,,0,0,3.4,Not Passed,
FA2024,FA2024-class 36,29,1905AHCDJI,,,2.5,7.2,6.4,Passed,
FA2024,FA2024-class 36,30,1905AHBIGI,,,0,0,3,Not Passed,
FA2024,FA2024-class 36,31,1905AIBBEH,,,0,6.8,5.8,Not Passed,
FA2024,FA2024-class 36,32,1905AHJDGA,,,2.5,6.4,6,Passed,
FA2024,FA2024-class 36,33,1905AIBBJG,,,0,7.8,5.9,Not Passed,
FA2024,FA2024-class 36,34,1905AIBBCA,,,10,9.4,9.5,Passed,
FA2024,FA2024-class 36,35,1905AHBJFJ,,,2.5,4.4,5.6,Passed,
FA2024,FA2024-class 37,1,1905AHCJGB,,,2.5,5.6,5,Passed,
FA2024,FA2024-class 37,2,1905AICGDB,,,0,0,1.3,Attendance Fail,
FA2024,FA2024-class 37,3,1905AHEAAJ,,,5,7.8,7.2,Passed,
FA2024,FA2024-class 37,4,1905AHJAIA,,,0,0,0.6,Attendance Fail,
FA2024,FA2024-class 37,5,1905AIBJFF,,,0,0,3.3,Not Passed,
FA2024,FA2024-class 37,6,1905AIBEJG,,,0,0,3.5,Not Passed,
FA2024,FA2024-class 37,7,1905AICCAG,,,0,0,0.6,Not Passed,
FA2024,FA2024-class 37,8,1905AHEJAD,,,5,7.2,6.8,Passed,
FA2024,FA2024-class 37,9,1905AIBCHF,,,0,0,2,Not Passed,
FA2024,FA2024-class 37,10,1905AHDIAC,,,10,9.2,9.4,Passed,
FA2024,FA2024-class 37,11,1905AHCEAE,,,2.5,8.8,6.3,Passed,
FA2024,FA2024-class 37,12,1905AIBABA,,,0,0,3.5,Not Passed,
FA2024,FA2024-class 37,13,1905AGCGJC,,,0,2.4,3.6,Not Passed,
FA2024,FA2024-class 37,14,1905AIBJHI,,,2.5,10,6.6,Passed,
FA2024,FA2024-class 37,15,1905AHDIJC,,,0,0,1.7,Attendance Fail,
FA2024,FA2024-class 37,16,1905AIBCEG,,,0,5.4,3.9,Not Passed,
FA2024,FA2024-class 37,17,1905AHDIAJ,,,7.5,8.8,8.2,Passed,
FA2024,FA2024-class 37,18,1905AHCBFH,,,5,7.6,6.7,Passed,
FA2024,FA2024-class 37,19,1905AIBFBH,,,0,0,3.4,Not Passed,
FA2024,FA2024-class 37,20,1905AIBFAE,,,2.5,7.6,6.1,Passed,
FA2024,FA2024-class 37,21,1905AIBDDI,,,2.5,8.2,5.6,Passed,
FA2024,FA2024-class 37,22,1905AHBFGG,,,0,5.2,3.8,Not Passed,
FA2024,FA2024-class 37,23,1905AHJFJE,,,0,0,2.8,Not Passed,
FA2024,FA2024-class 37,24,1905AHDIAF,,,0,0,1.6,Attendance Fail,
FA2024,FA2024-class 37,25,1905AIBFBC,,,0,0,2.8,Not Passed,
FA2024,FA2024-class 37,26,1905AHDBHA,,,0,0,0.7,Attendance Fail,
FA2024,FA2024-class 37,27,1905AHDIJF,,,7.5,9.4,8.4,Passed,
FA2024,FA2024-class 37,28,1905AHJFFI,,,0,0,0.6,Attendance Fail,
FA2024,FA2024-class 37,29,1905AIBFBE,,,0,4.6,2,Not Passed,
FA2024,FA2024-class 37,30,1905AIBFDB,,,5,4.6,5.8,Passed,
FA2024,FA2024-class 37,31,1905AGAIGF,,,2.5,8.8,6.2,Passed,
FA2024,FA2024-class 37,32,1905AIBDBI,,,10,10,8.6,Passed,
FA2024,FA2024-class 37,33,1905AHBDBC,,,0,0,3.1,Not Passed,
FA2024,FA2024-class 37,34,1905AIBFGD,,,0,0,3,Not Passed,
FA2024,FA2024-class 37,35,1905AIBCIG,,,2.5,6.6,5.5,Passed,
FA2024,FA2024-class 38,1,1905AHBCCI,,,2.5,0,2.5,Not Passed,
FA2024,FA2024-class 38,2,1905AIBICG,,,5,8,7.6,Passed,
FA2024,FA2024-class 38,3,1905AIBGEG,,,0,0,2.7,Not Passed,
FA2024,FA2024-class 38,4,1905AIBFHB,,,0,3.6,4.8,Not Passed,
FA2024,FA2024-class 38,5,1905AIBGED,,,10,6.2,8,Passed,
FA2024,FA2024-class 38,6,1905AGBCCJ,,,0,0,3.2,Not Passed,
FA2024,FA2024-class 38,7,1905AHCDAE,,,7.5,9,8.1,Passed,
FA2024,FA2024-class 38,8,1905AIBFEG,,,0,0,2.8,Attendance Fail,
FA2024,FA2024-class 38,9,1905AGCDHH,,,0,0,3.4,Not Passed,
FA2024,FA2024-class 38,10,1905AIBICA,,,10,9.6,9.7,Passed,
FA2024,FA2024-class 38,11,1905AIBGCG,,,2.5,7.8,6.7,Passed,
FA2024,FA2024-class 38,12,1905AIBHGI,,,0,7.4,5.9,Not Passed,
FA2024,FA2024-class 38,13,1905AIBGFI,,,0,0,2.7,Attendance Fail,
FA2024,FA2024-class 38,14,1905AIBIGJ,,,0,10,6.1,Not Passed,
FA2024,FA2024-class 38,15,1905AIBGJF,,,0,4.4,4.6,Not Passed,
FA2024,FA2024-class 38,16,1905AIBHHB,,,5,7,7.1,Passed,
FA2024,FA2024-class 38,17,1905AIBFHD,,,0,0,3.6,Not Passed,
FA2024,FA2024-class 38,18,1905AICJJD,,,0,5.6,5,Not Passed,
FA2024,FA2024-class 38,19,1905AIBIBF,,,5,7.8,7.1,Passed,
FA2024,FA2024-class 38,20,1905AIBCAF,,,0,0,3.6,Not Passed,
FA2024,FA2024-class 38,21,1905AHJJGG,,,0,0,3.1,Not Passed,
FA2024,FA2024-class 38,22,1905AIBHBD,,,5,6.6,7,Passed,
FA2024,FA2024-class 38,23,1905AHBEDD,,,0,0,3.6,Not Passed,
FA2024,FA2024-class 39,1,1905AICCCH,,,7.5,8.4,8.5,Passed,
FA2024,FA2024-class 39,2,1905AHJEHB,,,5,7.6,7.1,Passed,
FA2024,FA2024-class 39,3,1905AICDAH,,,2.5,8.4,7,Passed,
FA2024,FA2024-class 39,4,1905AHAHCF,,,10,9.6,9.7,Passed,
FA2024,FA2024-class 39,5,1905AHBABE,,,0,4.8,4.9,Not Passed,
FA2024,FA2024-class 39,6,1905AHJEFF,,,0,0,3.7,Not Passed,
FA2024,FA2024-class 39,7,1905AIBCCE,,,5,9.8,8.2,Passed,
FA2024,FA2024-class 39,8,1905AICBAI,,,2.5,8.4,6.7,Passed,
FA2024,FA2024-class 39,9,1905AHDBCI,,,5,6.4,7,Passed,
FA2024,FA2024-class 39,10,1905AHJCBG,,,10,8,8.9,Passed,
FA2024,FA2024-class 39,11,1905AICAEF,,,2.5,7.6,6.7,Passed,
FA2024,FA2024-class 39,12,1905AICCJD,,,5,7.4,7.4,Passed,
FA2024,FA2024-class 39,13,1905AHDFBC,,,5,9,7.8,Passed,
FA2024,FA2024-class 39,14,1905AHAICB,,,5,8.8,7.9,Passed,
FA2024,FA2024-class 39,15,1905AIDBIC,,,2.5,7.4,6.6,Passed,
FA2024,FA2024-class 39,16,1905AICAJE,,,10,9.8,9.8,Passed,
FA2024,FA2024-class 39,17,1905AICAID,,,0,0,2.6,Not Passed,
FA2024,FA2024-class 39,18,1905AICDDC,,,10,7.4,8.6,Passed,
FA2024,FA2024-class 39,19,1905AICCFF,,,10,7.6,8.9,Passed,
FA2024,FA2024-class 39,20,1919AFJACG,,,2.5,7.4,6.6,Passed,
FA2024,FA2024-class 39,21,1905AICAGH,,,0,5.4,4.7,Not Passed,
FA2024,FA2024-class 39,22,1905AHJEED,,,10,10,9.7,Passed,
FA2024,FA2024-class 39,23,1905ADAJIB,,,5,7.2,7,Passed,
FA2024,FA2024-class 39,24,1905AICCGF,,,0,0,3.6,Not Passed,
FA2024,FA2024-class 39,25,1905AHEJFF,,,5,7.2,7.3,Passed,
FA2024,FA2024-class 39,26,1905AHDHIB,,,0,5,4.7,Not Passed,
FA2024,FA2024-class 39,27,1905AHJJBC,,,2.5,4.6,5.4,Passed,
FA2024,FA2024-class 39,28,1905AEJEGF,,,0,0,2.5,Not Passed,
FA2024,FA2024-class 39,29,1905AICCBC,,,0,0,3.6,Not Passed,
FA2024,FA2024-class 39,30,1905AICAAB,,,2.5,7.4,6.4,Passed,
FA2024,FA2024-class 39,31,1905AHBFFG,,,2.5,6.8,6.2,Passed,
FA2024,FA2024-class 39,32,1905AHJJCA,,,2.5,6.6,6.2,Passed,
FA2024,FA2024-class 39,33,1905AICJBD,,,2.5,7,5.9,Passed,
FA2024,FA2024-class 39,34,1905AGAAHB,,,5,3.8,5.6,Not Passed,
FA2024,FA2024-class 39,35,1905AHAFIE,,,0,0,3.7,Not Passed,
FA2024,FA2024-class 40,1,0405AHJGAC,,,10,8,9.2,Passed,
FA2024,FA2024-class 40,2,1905AICFIH,,,5,8,7.2,Passed,
FA2024,FA2024-class 40,3,1905AHBEAB,,,0,0,0.3,Attendance Fail,
FA2024,FA2024-class 40,4,1905AICGAC,,,2.5,7,6.4,Passed,
FA2024,FA2024-class 40,5,1905AHDEFA,,,0,0,3.3,Not Passed,
FA2024,FA2024-class 40,6,1905AICDEE,,,0,0,3,Not Passed,
FA2024,FA2024-class 40,7,1905AICFEA,,,2.5,7,6.4,Passed,
FA2024,FA2024-class 40,8,1905AICEDB,,,2.5,6,5,Passed,
FA2024,FA2024-class 40,9,1905AICFBF,,,10,9.6,9.8,Passed,
FA2024,FA2024-class 40,10,1905AICFHJ,,,2.5,8.8,7.2,Passed,
FA2024,FA2024-class 40,11,1905AICEFH,,,10,9,9.4,Passed,
FA2024,FA2024-class 40,12,1905AICDFJ,,,0,7.6,5.7,Not Passed,
FA2024,FA2024-class 40,13,1905AICGEI,,,10,6.6,8.6,Passed,
FA2024,FA2024-class 40,14,1905AICEDJ,,,0,0,1.9,Attendance Fail,
FA2024,FA2024-class 40,15,1905AICDGJ,,,0,0,2.3,Not Passed,
FA2024,FA2024-class 40,16,1905AIFFJE,,,10,9.4,9.7,Passed,
FA2024,FA2024-class 40,17,1905AICDFD,,,0,0,2.6,Not Passed,
FA2024,FA2024-class 40,18,1905AGCDAE,,,0,0,1.8,Attendance Fail,
FA2024,FA2024-class 40,19,1905AICFAE,,,0,0,1.9,Attendance Fail,
FA2024,FA2024-class 40,20,1905AIBDIA,,,10,9.6,9.7,Passed,
FA2024,FA2024-class 40,21,1905AIJJEA,,,2.5,7.4,6.9,Passed,
FA2024,FA2024-class 40,22,1905AICDIJ,,,5,9,7.5,Passed,
FA2024,FA2024-class 40,23,1905AHBCGC,,,2.5,7.8,6.7,Passed,
FA2024,FA2024-class 40,24,1905AIFFHF,,,5,9.8,8.3,Passed,
FA2024,FA2024-class 40,25,1905AICGFJ,,,5,7.4,7.5,Passed,
FA2024,FA2024-class 40,26,1905AFJHAG,,,0,0,0,Attendance Fail,
FA2024,FA2024-class 40,27,1905AICDGA,,,0,6.6,5.3,Not Passed,
FA2024,FA2024-class 40,28,1905AHBJAA,,,2.5,8.4,7,Passed,
FA2024,FA2024-class 40,29,1905AHDGDF,,,2.5,6,6.1,Passed,
FA2024,FA2024-class 40,30,1905AICFCB,,,5,8.2,7.4,Passed,
FA2024,FA2024-class 40,31,1905AHBAJA,,,5,9.2,8,Passed,
FA2024,FA2024-class 40,32,1905AICDIE,,,5,5.8,6.8,Passed,
FA2024,FA2024-class 40,33,1905AHBHFC,,,5,8.6,7.9,Passed,
FA2024,FA2024-class 40,34,1905AICDHE,,,0,0,2.5,Not Passed,
FA2024,FA2024-class 40,35,1905AHDGJE,,,0,0,3.1,Not Passed,
FA2024,FA2024-class 41,1,1905AICHCI,,,2.5,9,6.9,Passed,
FA2024,FA2024-class 41,2,1905AHBIFA,,,0,0,2.1,Not Passed,
FA2024,FA2024-class 41,3,1905AIDACF,,,0,0,2.1,Not Passed,
FA2024,FA2024-class 41,4,1905AIDJHC,,,0,0,2.2,Not Passed,
FA2024,FA2024-class 41,5,1905AIDJJI,,,0,0,3.2,Not Passed,
FA2024,FA2024-class 41,6,1905AICIAD,,,10,10,9.6,Passed,
FA2024,FA2024-class 41,7,1905AICIJB,,,2.5,6.6,5.4,Passed,
FA2024,FA2024-class 41,8,1905AIDJHG,,,2.5,8.6,6.5,Passed,
FA2024,FA2024-class 41,9,1905AICHEB,,,2.5,8,6.5,Passed,
FA2024,FA2024-class 41,10,1905AICHIB,,,5,5.4,5.8,Passed,
FA2024,FA2024-class 41,11,1905AICHAB,,,2.5,7.4,5.8,Passed,
FA2024,FA2024-class 41,12,1905AICIBH,,,2.5,7.4,6.6,Passed,
FA2024,FA2024-class 41,13,1905AIDBDF,,,0,7.6,5.7,Not Passed,
FA2024,FA2024-class 41,14,1905AEABCJ,,,0,0,2.3,Not Passed,
FA2024,FA2024-class 41,15,1905AIDAHD,,,0,0,3.3,Not Passed,
FA2024,FA2024-class 41,16,1905AIDAJH,,,0,0,2.4,Not Passed,
FA2024,FA2024-class 41,17,1905AICIBA,,,0,9.8,6.4,Not Passed,
FA2024,FA2024-class 41,18,1905AIDJDC,,,2.5,6.2,4.5,Not Passed,
FA2024,FA2024-class 41,19,1905AIDAGI,,,2.5,7.6,5.5,Passed,
FA2024,FA2024-class 41,20,1905AIDBGI,,,5,6.4,6.8,Passed,
FA2024,FA2024-class 41,21,1905AICIIH,,,2.5,6,6,Passed,
FA2024,FA2024-class 41,22,1905AICIDH,,,0,0,1.7,Not Passed,
FA2024,FA2024-class 41,23,1905AIDJGJ,,,5,8.2,6.7,Passed,
FA2024,FA2024-class 42,1,1905AHCIFB,,,0,0,3.5,Not Passed,
FA2024,FA2024-class 42,2,1905AHJAAE,,,2.5,7.8,6.7,Passed,
FA2024,FA2024-class 42,3,1905AHAIBF,,,10,9,9,Passed,
FA2024,FA2024-class 42,4,1905AIDDIG,,,10,6.2,8.3,Passed,
FA2024,FA2024-class 42,5,1905AIDEJB,,,0,0,3.6,Not Passed,
FA2024,FA2024-class 42,6,1905AIDFJH,,,2.5,6.8,5.6,Passed,
FA2024,FA2024-class 42,7,1905AFJFAF,,,0,2.4,4.2,Not Passed,
FA2024,FA2024-class 42,8,1905AHBJFG,,,0,3.4,4.5,Not Passed,
FA2024,FA2024-class 42,9,1905AHCDBA,,,7.5,6.4,7.4,Passed,
FA2024,FA2024-class 42,10,1905AHCFJI,,,10,4.8,7.7,Passed,
FA2024,FA2024-class 42,11,1905AIDCAI,,,5,8.2,7.3,Passed,
FA2024,FA2024-class 42,12,1905AHCFFC,,,2.5,7,6.2,Passed,
FA2024,FA2024-class 42,13,1905AIDEGF,,,2.5,9,7.2,Passed,
FA2024,FA2024-class 42,14,1905AICBJE,,,2.5,5.6,5.9,Passed,
FA2024,FA2024-class 42,15,1905AIDFJF,,,5,7.4,7.1,Passed,
FA2024,FA2024-class 42,16,1905AHJFHA,,,7.5,9.2,8.1,Passed,
FA2024,FA2024-class 42,17,1905AIDEFC,,,0,0,2.5,Attendance Fail,
FA2024,FA2024-class 42,18,1905AIDDCA,,,0,0,3.6,Not Passed,
FA2024,FA2024-class 42,19,1905AHDJGA,,,0,0,2.9,Not Passed,
FA2024,FA2024-class 42,20,1905AIDBDA,,,2.5,6.6,6.1,Passed,
FA2024,FA2024-class 42,21,1905AIDBJE,,,10,7.6,8.7,Passed,
FA2024,FA2024-class 42,22,1905AIDBDI,,,0,0,2.8,Not Passed,
FA2024,FA2024-class 42,23,1905AHJCFA,,,10,7.4,8.2,Passed,
FA2024,FA2024-class 42,24,1905AHBJGJ,,,10,4.4,7.3,Passed,
FA2024,FA2024-class 42,25,1905AHBJIE,,,10,0,5.5,Not Passed,
FA2024,FA2024-class 42,26,1905AIDCIC,,,2.5,9,7,Passed,
FA2024,FA2024-class 42,27,1905AIDFEG,,,2.5,7.8,6.3,Passed,
FA2024,FA2024-class 42,28,1905AHCDCJ,,,2.5,6.8,6.1,Passed,
FA2024,FA2024-class 42,29,1905AHDJCC,,,10,7.2,8.5,Passed,
FA2024,FA2024-class 42,30,1905AHBAAG,,,5,9.2,7.8,Passed,
FA2024,FA2024-class 42,31,1905AHAIHF,,,2.5,8.2,6.9,Passed,
FA2024,FA2024-class 42,32,1905AHBDBB,,,2.5,7.6,6.6,Passed,
FA2024,FA2024-class 42,33,1905AHAIGI,,,2.5,5.8,5.9,Passed,
FA2024,FA2024-class 42,34,1905AIDFJB,,,10,9,9,Passed,
FA2024,FA2024-class 42,35,1905AIDCJB,,,0,0,1.2,Attendance Fail,
FA2024,FA2024-class 43,1,1905AHCCIH,,,10,9.8,9.6,Passed,
FA2024,FA2024-class 43,2,1905AHJDJJ,,,0,0,0.6,Not Passed,
FA2024,FA2024-class 43,3,1905AIDFHB,,,7.5,6.4,7.1,Passed,
FA2024,FA2024-class 43,4,1905AIBEDE,,,2.5,5.6,4.5,Not Passed,
FA2024,FA2024-class 43,5,1905AGAFIH,,,2.5,6.4,5.5,Passed,
FA2024,FA2024-class 43,6,1905AIFBAE,,,10,9.2,9.6,Passed,
FA2024,FA2024-class 43,7,1905AIBAEE,,,0,0,1.1,Not Passed,
FA2024,FA2024-class 43,8,1905AFJFBJ,,,0,0,0,Not Passed,
FA2024,FA2024-class 43,9,1905AHCDCC,,,2.5,0,0.8,Not Passed,
FA2024,FA2024-class 43,10,1905AIFBJH,,,0,0,3.3,Not Passed,
FA2024,FA2024-class 43,11,1905AIFCJC,,,2.5,7,5.7,Passed,
FA2024,FA2024-class 43,12,1905AIBAJI,,,0,0,0.4,Not Passed,
FA2024,FA2024-class 43,13,1905AHJEDI,,,0,0,0.2,Not Passed,
FA2024,FA2024-class 43,14,1905AIDFAJ,,,0,0,0.9,Not Passed,
FA2024,FA2024-class 43,15,1905AHCDBD,,,2.5,7.4,6.1,Passed,
FA2024,FA2024-class 43,16,1905AHCICH,,,2.5,7.2,6.1,Passed,
FA2024,FA2024-class 43,17,1905AGBCIJ,,,0,0,0,Not Passed,
FA2024,FA2024-class 43,18,1905AIDIJG,,,0,0,3.2,Not Passed,
FA2024,FA2024-class 43,19,1905AIFBAH,,,0,0,4,Not Passed,
FA2024,FA2024-class 43,20,1905AIFBCF,,,0,0,0.6,Not Passed,
FA2024,FA2024-class 43,21,1905AHJAJF,,,5,9.2,8,Passed,
FA2024,FA2024-class 43,22,1905AGCJIC,,,0,0,0,Not Passed,
FA2024,FA2024-class 43,23,1905AHAIAD,,,0,0,0,Not Passed,
FA2024,FA2024-class 43,24,1905AIFBBJ,,,2.5,0,2.5,Not Passed,
FA2024,FA2024-class 43,25,1905AIDHFG,,,2.5,7.4,5.9,Passed,
FA2024,FA2024-class 43,26,1905AIFBJB,,,0,0,3.3,Not Passed,
FA2024,FA2024-class 43,27,1905AHJAJG,,,0,0,3.5,Not Passed,
FA2024,FA2024-class 43,28,1905AIFBDD,,,10,9.2,9.3,Passed,
FA2024,FA2024-class 43,29,1905AHJAEJ,,,0,0,3,Not Passed,
FA2024,FA2024-class 43,30,1905AGCBJC,,,7.5,9.8,7.7,Passed,
FA2024,FA2024-class 43,31,1905AHDFIE,,,0,0,0.2,Not Passed,
FA2024,FA2024-class 43,32,1905AHBJBE,,,2.5,7.6,5.8,Passed,
FA2024,FA2024-class 43,33,1905AIDFHD,,,2.5,9,7.1,Passed,
FA2024,FA2024-class 44,1,1905AIFBFJ,,,10,9.4,8.8,Passed,
FA2024,FA2024-class 44,2,1905AIFFHI,,,10,8.6,9.1,Passed,
FA2024,FA2024-class 44,3,1905AIFHEB,,,5,7.6,6.6,Passed,
FA2024,FA2024-class 44,4,1905AIFFFI,,,5,8.2,7.6,Passed,
FA2024,FA2024-class 44,5,1905AIDIDA,,,2.5,6.2,5.1,Passed,
FA2024,FA2024-class 44,6,1905AIFBHB,,,0,0,2.8,Not Passed,
FA2024,FA2024-class 44,7,1905AIFFEI,,,2.5,6.6,6.4,Passed,
FA2024,FA2024-class 44,8,1905AIFDIE,,,0,0,3.4,Not Passed,
FA2024,FA2024-class 44,9,1905AIFDHD,,,10,9,9.7,Passed,
FA2024,FA2024-class 44,10,1905AIFDAB,,,10,8.4,9.3,Passed,
FA2024,FA2024-class 44,11,1905AIBHEE,,,2.5,8.4,6.9,Passed,
FA2024,FA2024-class 44,12,1905AIFCAJ,,,10,9.6,9.6,Passed,
FA2024,FA2024-class 44,13,1905AIFBEI,,,0,0,3.2,Not Passed,
FA2024,FA2024-class 44,14,1905AIFFJA,,,2.5,7.6,5.6,Passed,
FA2024,FA2024-class 44,15,1905AFAJED,,,0,0,0.6,Attendance Fail,
FA2024,FA2024-class 44,16,1905AHBJHA,,,2.5,5,5.3,Passed,
FA2024,FA2024-class 44,17,1905AIDHEH,,,2.5,4.6,5.3,Passed,
FA2024,FA2024-class 44,18,1905AIFDJE,,,2.5,7.2,6.3,Passed,
FA2024,FA2024-class 44,19,1905AIFCBB,,,2.5,7,6.1,Passed,
FA2024,FA2024-class 44,20,1905AHDDBJ,,,0,0,3.5,Not Passed,
FA2024,FA2024-class 44,21,1905AIFDJG,,,0,0,2.9,Not Passed,
FA2024,FA2024-class 44,22,1905AHCHDB,,,0,0,3.3,Not Passed,
FA2024,FA2024-class 44,23,1905AICACJ,,,2.5,4.8,5.5,Passed,
FA2024,FA2024-class 44,24,1905AIFFBA,,,10,6.4,8.4,Passed,
FA2024,FA2024-class 44,25,1905AGCADB,,,0,0,3.8,Not Passed,
FA2024,FA2024-class 44,26,1905AGADFA,,,0,3,3.6,Not Passed,
FA2024,FA2024-class 44,27,1905AGCGJD,,,0,0,3.2,Not Passed,
FA2024,FA2024-class 44,28,1905AIFDBA,,,5,8,7.2,Passed,
FA2024,FA2024-class 44,29,1905AIFGJH,,,5,8.6,7.8,Passed,
FA2024,FA2024-class 44,30,1905AHBIFI,,,2.5,5.4,5.7,Passed,
FA2024,FA2024-class 44,31,1905AIFDEI,,,2.5,9.6,7.2,Passed,
FA2024,FA2024-class 44,32,1905AIFFDI,,,2.5,6.8,5.7,Passed,
FA2024,FA2024-class 44,33,1905AIFBHD,,,10,9.6,9.1,Passed,
FA2024,FA2024-class 44,34,1905AIFCJF,,,2.5,8,6.6,Passed,
SP2017,SP2017-class 1,1,1905FBDGF,,,,,6.1,Passed,
SP2017,SP2017-class 1,2,1905FAGJJ,,,,,7.1,Passed,
SP2017,SP2017-class 1,3,1905FBJJD,,,,,6.5,Passed,
SP2017,SP2017-class 1,4,1905FAIIC,,,,,5.6,Passed,
SP2017,SP2017-class 1,5,1905FBAJH,,,,,6,Passed,
SP2017,SP2017-class 1,6,1905FBCGG,,,,,6.8,Passed,
SP2017,SP2017-class 1,7,1905FAEIF,,,,,5.7,Passed,
SP2017,SP2017-class 1,8,1905FADDA,,,,,7.8,Passed,
SP2017,SP2017-class 1,9,1905FBACC,,,,,5.8,Passed,
SP2017,SP2017-class 1,10,1905FAHBA,,,,,5.5,Passed,
SP2017,SP2017-class 1,11,1905FAHGC,,,,,6.1,Passed,
SP2017,SP2017-class 1,12,1905FAFHB,,,,,7.1,Passed,
SP2017,SP2017-class 1,13,1905FAHCB,,,,,5.5,Passed,
SP2017,SP2017-class 2,1,1905FBFCD,,,,,0.3,Not Passed,
SP2017,SP2017-class 2,2,1905FBDGF,,,,,4.9,Not Passed,
SP2017,SP2017-class 2,3,1905FBEII,,,,,5.5,Passed,
SP2017,SP2017-class 2,4,1905FBFDF,,,,,0,Not Passed,
SP2017,SP2017-class 2,5,1905FBDIE,,,,,5.6,Passed,
SP2017,SP2017-class 2,6,1905FBEBF,,,,,7.5,Passed,
SP2017,SP2017-class 2,7,1905FBBCD,,,,,5.6,Passed,
SP2017,SP2017-class 2,8,1905FBFBE,,,,,6.1,Passed,
SP2017,SP2017-class 2,9,1905FBDCA,,,,,7.2,Passed,
SP2017,SP2017-class 2,10,1905FBECF,,,,,8.9,Passed,
SP2017,SP2017-class 2,11,1905FAHCJ,,,,,5.4,Passed,
SP2017,SP2017-class 2,12,1905FAIJA,,,,,5,Passed,
SP2017,SP2017-class 2,13,1905FBJAF,,,,,5.4,Passed,
SP2017,SP2017-class 2,14,1905FBFEE,,,,,5.6,Passed,
SP2017,SP2017-class 2,15,1905FBCAG,,,,,5,Passed,
SP2017,SP2017-class 2,16,1905FBBIF,,,,,8.8,Passed,
SP2017,SP2017-class 2,17,1905FAGDD,,,,,6.5,Passed,
SP2017,SP2017-class 3,1,1905FBBCH,,,,,3.4,Not Passed,
SP2017,SP2017-class 3,2,1905FBBGA,,,,,6.9,Passed,
SP2017,SP2017-class 3,3,1905FBCGH,,,,,3.2,Not Passed,
SP2017,SP2017-class 3,4,1905FBBHG,,,,,5.7,Passed,
SP2017,SP2017-class 3,5,1905FBBJH,,,,,5.8,Passed,
SP2017,SP2017-class 3,6,1905FBCBJ,,,,,8.5,Passed,
SP2017,SP2017-class 3,7,1905FBCGG,,,,,4.6,Not Passed,
SP2017,SP2017-class 3,8,1905FBDDC,,,,,1.8,Not Passed,
SP2017,SP2017-class 3,9,1905FBBCG,,,,,5.3,Passed,
SP2017,SP2017-class 3,10,1905FBDID,,,,,7.7,Passed,
SP2017,SP2017-class 3,11,1905FBFHF,,,,,3.6,Not Passed,
SP2017,SP2017-class 3,12,1905FBCCB,,,,,4.3,Not Passed,
SP2017,SP2017-class 3,13,1905FBCCH,,,,,0.8,Not Passed,
SP2017,SP2017-class 3,14,1905FBBIJ,,,,,7.4,Passed,
SP2017,SP2017-class 3,15,1905FBCHC,,,,,1.4,Not Passed,
SP2017,SP2017-class 4,1,1905FBABI,,,,,6.5,Passed,
SP2017,SP2017-class 4,2,1905FBDEG,,,,,6.9,Passed,
SP2017,SP2017-class 4,3,1905FAHHH,,,,,0.4,Not Passed,
SP2017,SP2017-class 4,4,1905FBFFH,,,,,0,Not Passed,
SP2017,SP2017-class 4,5,1905FBAJD,,,,,5.2,Passed,
SP2017,SP2017-class 4,6,1905FBFDE,,,,,5,Passed,
SP2017,SP2017-class 4,7,1905FAGCE,,,,,0,Not Passed,
SP2017,SP2017-class 4,8,1905FBDFH,,,,,0,Not Passed,
SP2017,SP2017-class 4,9,1905FBGDF,,,,,8.3,Passed,
SP2017,SP2017-class 4,10,1905FJFIE,,,,,5.8,Passed,
SP2017,SP2017-class 4,11,1905FAIFI,,,,,5.6,Passed,
SP2017,SP2017-class 4,12,1905FBFCA,,,,,5.4,Passed,
SP2017,SP2017-class 4,13,1905FBCHG,,,,,4.3,Not Passed,
SP2017,SP2017-class 4,14,1905FBGJE,,,,,6.8,Passed,
SP2017,SP2017-class 4,15,1905FAGFD,,,,,5.2,Passed,
SP2017,SP2017-class 4,16,1905FBAFJ,,,,,7,Passed,
SP2017,SP2017-class 4,17,1905FBBEC,,,,,6.3,Passed,
SP2017,SP2017-class 4,18,1905FBDCI,,,,,4.7,Not Passed,
SP2017,SP2017-class 4,19,1905FBDDJ,,,,,0,Not Passed,
SP2017,SP2017-class 4,20,1905FBBFI,,,,,5.8,Passed,
SP2017,SP2017-class 4,21,1905FBCID,,,,,8.5,Passed,
SP2017,SP2017-class 4,22,1905FBEGI,,,,,6.3,Passed,
SP2017,SP2017-class 4,23,1905FAGFE,,,,,6.6,Passed,
SP2017,SP2017-class 4,24,1905FBGGE,,,,,8,Passed,
SP2017,SP2017-class 4,25,1905FABJJ,,,,,5.9,Passed,
SP2017,SP2017-class 5,1,1905FBAEA,,,,,2.7,Not Passed,
SP2017,SP2017-class 5,2,1905FBJIA,,,,,5.9,Passed,
SP2017,SP2017-class 5,3,1905FAIDA,,,,,7.8,Passed,
SP2017,SP2017-class 5,4,1905FBBEF,,,,,6.4,Passed,
SP2017,SP2017-class 5,5,1905FBCBD,,,,,7.2,Passed,
SP2017,SP2017-class 5,6,1905FBEEI,,,,,6.3,Passed,
SP2017,SP2017-class 5,7,1905FBAFA,,,,,5.2,Passed,
SP2017,SP2017-class 5,8,1905FBBFJ,,,,,7.4,Passed,
SP2017,SP2017-class 5,9,1905FBBGI,,,,,9.1,Passed,
SP2017,SP2017-class 5,10,1905FBBBE,,,,,6.5,Passed,
SP2017,SP2017-class 5,11,1905FAHBH,,,,,7.8,Passed,
SP2017,SP2017-class 5,12,1905FBAEI,,,,,5.2,Not Passed,
SP2017,SP2017-class 5,13,1905FAEJI,,,,,0,Not Passed,
SP2017,SP2017-class 5,14,1905FBBAJ,,,,,9.1,Passed,
SP2017,SP2017-class 5,15,1905FAHGE,,,,,5.2,Passed,
SP2017,SP2017-class 5,16,1905FBBBI,,,,,6.1,Passed,
SP2017,SP2017-class 5,17,1905FAIGA,,,,,2.5,Not Passed,
SP2017,SP2017-class 5,18,1905FAFBC,,,,,5.5,Passed,
SP2017,SP2017-class 5,19,1905FAHGI,,,,,4.3,Not Passed,
SP2017,SP2017-class 5,20,1905FAIFE,,,,,1.4,Not Passed,
SP2017,SP2017-class 5,21,1905FBAEG,,,,,5.8,Passed,
SP2017,SP2017-class 5,22,1905FBBEE,,,,,7.1,Passed,
SP2017,SP2017-class 5,23,1905FBBFG,,,,,9.3,Passed,
SP2017,SP2017-class 6,1,1905FBBJA,,,,,6.5,Passed,
SP2017,SP2017-class 6,2,1905FBAIJ,,,,,6.5,Passed,
SP2017,SP2017-class 6,3,1905FAFEC,,,,,3.5,Not Passed,
SP2017,SP2017-class 6,4,1905FAEHG,,,,,5.1,Passed,
SP2017,SP2017-class 6,5,1905FBGCI,,,,,9,Passed,
SP2017,SP2017-class 6,6,1905FBAIF,,,,,0,Not Passed,
SP2017,SP2017-class 6,7,1905FBBCB,,,,,6.8,Passed,
SP2017,SP2017-class 6,8,1905FBBBF,,,,,7,Passed,
SP2017,SP2017-class 6,9,1905FBFDC,,,,,6.2,Passed,
SP2017,SP2017-class 6,10,1905FADBI,,,,,0,Not Passed,
SP2017,SP2017-class 6,11,1905FBBDI,,,,,6.6,Passed,
SP2017,SP2017-class 6,12,1905FADDA,,,,,1.4,Not Passed,
SP2017,SP2017-class 6,13,1905FBBGD,,,,,0.8,Not Passed,
SP2017,SP2017-class 6,14,1905FBAIB,,,,,9.2,Passed,
SP2017,SP2017-class 6,15,1905FBBFD,,,,,7.1,Passed,
SP2017,SP2017-class 6,16,1905FBBCC,,,,,8.1,Passed,
SP2017,SP2017-class 6,17,1905FBBFA,,,,,5.8,Passed,
SP2017,SP2017-class 6,18,1905FBBDD,,,,,7.3,Passed,
SP2017,SP2017-class 6,19,1905FBFFG,,,,,1.3,Not Passed,
SP2017,SP2017-class 6,20,1905FJIAI,,,,,1.7,Not Passed,
SP2017,SP2017-class 6,21,1905FBBDJ,,,,,0,Not Passed,
SP2017,SP2017-class 6,22,1905FBBDC,,,,,7.3,Passed,
SP2017,SP2017-class 7,1,1905FBCIB,,,,,7.3,Passed,
SP2017,SP2017-class 7,2,1905FBCEI,,,,,5.8,Passed,
SP2017,SP2017-class 7,3,1905FBCEG,,,,,5.8,Passed,
SP2017,SP2017-class 7,4,1905FBCHI,,,,,5.5,Passed,
SP2017,SP2017-class 7,5,1905FBBHH,,,,,5.2,Passed,
SP2017,SP2017-class 7,6,1905FBCFH,,,,,5.3,Passed,
SP2017,SP2017-class 7,7,1905FABCD,,,,,5.6,Passed,
SP2017,SP2017-class 7,8,1905FBCHF,,,,,8.9,Passed,
SP2017,SP2017-class 7,9,1905FBBIE,,,,,5.3,Passed,
SP2017,SP2017-class 7,10,1905FBCBG,,,,,6.8,Passed,
SP2017,SP2017-class 7,11,1905FBBHF,,,,,5.2,Passed,
SP2017,SP2017-class 7,12,1905FBCEB,,,,,8,Passed,
SP2017,SP2017-class 7,13,1905FBAFI,,,,,0,Not Passed,
SP2017,SP2017-class 7,14,1905FBDAD,,,,,5.2,Passed,
SP2017,SP2017-class 7,15,1905FBCJD,,,,,7.3,Passed,
SP2017,SP2017-class 7,16,1905FBDCJ,,,,,6.1,Passed,
SP2017,SP2017-class 7,17,1905FBDJA,,,,,5.8,Passed,
SP2017,SP2017-class 7,18,1905FBCFI,,,,,5.8,Passed,
SP2017,SP2017-class 7,19,1905FBBHI,,,,,6.2,Passed,
SP2017,SP2017-class 7,20,1905FBBHB,,,,,5,Passed,
SP2017,SP2017-class 7,21,1905FBCAJ,,,,,8.7,Passed,
SP2017,SP2017-class 7,22,1905FBCDG,,,,,8.7,Passed,
SP2017,SP2017-class 7,23,1905FBCAE,,,,,7.9,Passed,
SP2017,SP2017-class 7,24,1905FABHD,,,,,6.3,Passed,
SP2017,SP2017-class 8,1,1905FACFH,,,,,6,Passed,
SP2017,SP2017-class 8,2,1905FBEGC,,,,,6.5,Passed,
SP2017,SP2017-class 8,3,1905FBDEE,,,,,7.3,Passed,
SP2017,SP2017-class 8,4,1905FBDHA,,,,,8.1,Passed,
SP2017,SP2017-class 8,5,1905FBEAD,,,,,6,Passed,
SP2017,SP2017-class 8,6,1905FAEID,,,,,1.9,Not Passed,
SP2017,SP2017-class 8,7,1905FAGAA,,,,,5,Passed,
SP2017,SP2017-class 8,8,1905FBDED,,,,,3.5,Not Passed,
SP2017,SP2017-class 8,9,1905FBDGA,,,,,7,Passed,
SP2017,SP2017-class 8,10,1905FBDIC,,,,,6.5,Passed,
SP2017,SP2017-class 8,11,1905FBEEF,,,,,4,Not Passed,
SP2017,SP2017-class 8,12,1905FBDDD,,,,,4.4,Not Passed,
SP2017,SP2017-class 8,13,1905FBEBJ,,,,,7.8,Passed,
SP2017,SP2017-class 8,14,1905FBEFA,,,,,2.7,Not Passed,
SP2017,SP2017-class 8,15,1905FBEDE,,,,,7.8,Passed,
SP2017,SP2017-class 8,16,1905FBDIA,,,,,5.9,Passed,
SP2017,SP2017-class 8,17,1905FBAAB,,,,,1.9,Not Passed,
SP2017,SP2017-class 8,18,1905FBDGD,,,,,5.6,Passed,
SP2017,SP2017-class 8,19,1905FBEJC,,,,,6.4,Passed,
SP2017,SP2017-class 8,20,1905FBEBH,,,,,5,Passed,
SP2017,SP2017-class 8,21,1905FBEDH,,,,,8.4,Passed,
SP2017,SP2017-class 8,22,1905FBEDI,,,,,9,Passed,
SP2017,SP2017-class 8,23,1905FBECA,,,,,5,Passed,
SP2017,SP2017-class 8,24,1905FBDGI,,,,,7.1,Passed,
SP2017,SP2017-class 9,1,1905FAGJJ,,,,,4.6,Not Passed,
SP2017,SP2017-class 9,2,1905FBEHF,,,,,7.7,Passed,
SP2017,SP2017-class 9,3,1905FBEGF,,,,,5.3,Passed,
SP2017,SP2017-class 9,4,1905FBDBD,,,,,6.7,Passed,
SP2017,SP2017-class 9,5,1905FBAJG,,,,,5.2,Passed,
SP2017,SP2017-class 9,6,1905FBFGI,,,,,4.8,Not Passed,
SP2017,SP2017-class 9,7,1905FBEJA,,,,,4.5,Not Passed,
SP2017,SP2017-class 9,8,1905FBFIF,,,,,6.6,Passed,
SP2017,SP2017-class 9,9,1905FBDEH,,,,,2.6,Not Passed,
SP2017,SP2017-class 9,10,1905FBGGH,,,,,5.7,Passed,
SP2017,SP2017-class 9,11,1905FBGJF,,,,,0,Not Passed,
SP2017,SP2017-class 9,12,1905FAEED,,,,,5.1,Passed,
SP2017,SP2017-class 9,13,1905FAHBG,,,,,6.8,Passed,
SP2017,SP2017-class 9,14,1905FBGAH,,,,,1.9,Not Passed,
SP2017,SP2017-class 9,15,1905FBFJH,,,,,6.9,Passed,
SP2017,SP2017-class 9,16,1905FBJDG,,,,,1.9,Not Passed,
SP2017,SP2017-class 9,17,1905FBGEB,,,,,5,Passed,
SP2017,SP2017-class 9,18,1905FBEIC,,,,,5.5,Passed,
SP2017,SP2017-class 9,19,1905FBEHI,,,,,6,Passed,
SP2017,SP2017-class 9,20,1905FBJFB,,,,,2.5,Not Passed,
SP2017,SP2017-class 9,21,1905FBGFH,,,,,6.2,Passed,
SP2017,SP2017-class 9,22,1905FBEIJ,,,,,5.7,Passed,
SP2018,SP2018-class 1,1,1905FCJAD,,,7,5.4,7.2,Passed,8.7
SP2018,SP2018-class 1,2,1905FCBEJ,,,8,4.6,7,Passed,8.6
SP2018,SP2018-class 1,3,1905FAGHC,,,7,4,6.8,Passed,8.4
SP2018,SP2018-class 1,4,1905FBHGI,,,6,4.2,6.7,Passed,8.9
SP2018,SP2018-class 1,5,1905FCCBG,,,5,3.4,5.7,Not Passed,8
SP2018,SP2018-class 1,6,1905FBICI,,,8.5,6,7.7,Passed,8.6
SP2018,SP2018-class 1,7,1905FBAIH,,,1,0,3.1,Not Passed,5.3
SP2018,SP2018-class 1,8,1905FBEHH,,,8,4.4,6.7,Passed,8.7
SP2018,SP2018-class 1,9,1905FCBGC,,,5,4.2,6,Passed,7.3
SP2018,SP2018-class 1,10,1905FCDCB,,,5,4.8,6.6,Passed,8.4
SP2018,SP2018-class 1,11,1905FAGIF,,,5,0,3.7,Not Passed,4.5
SP2018,SP2018-class 1,12,1905FBCJG,,,8,3.8,7.1,Not Passed,8.9
SP2018,SP2018-class 1,13,1905FCEFH,,,5,4.4,6.3,Passed,8.5
SP2018,SP2018-class 1,14,1905FBFGH,,,1,0,2.5,Not Passed,4.1
SP2018,SP2018-class 1,15,1905FCDBD,,,7,5.2,6.9,Passed,7.4
SP2018,SP2018-class 1,16,1905FBCIG,,,7,0,5.2,Not Passed,8.3
SP2018,SP2018-class 1,17,1905FBGHA,,,8,3.6,6.5,Not Passed,7.6
SP2018,SP2018-class 1,18,1905FBGCB,,,6,3.6,6,Not Passed,7.9
SP2018,SP2018-class 1,19,1905FBGAH,,,8,3.2,6.7,Not Passed,8.6
SP2018,SP2018-class 1,20,1905FAJCF,,,1,0,2.9,Not Passed,5
SP2018,SP2018-class 1,21,1905FBGED,,,7,4.2,6.3,Passed,8.5
SP2018,SP2018-class 1,22,1905FBGCA,,,5,0,3.8,Not Passed,4.9
SP2018,SP2018-class 1,23,1905FCBDD,,,8,3,6.8,Not Passed,9.1
SP2018,SP2018-class 1,24,1905FBFBB,,,7,3.2,6.5,Not Passed,8.6
SP2018,SP2018-class 1,25,1905FCAGG,,,6,3.4,6.4,Not Passed,8.3
SP2018,SP2018-class 1,26,1905FCJHD,,,5,4.4,5.7,Passed,8.1
SP2018,SP2018-class 1,27,1905FAHGI,,,1,0,2.7,Not Passed,4.4
SP2018,SP2018-class 1,28,1905FBFFG,,,9,3.8,7.5,Not Passed,9.6
SP2018,SP2018-class 1,29,1905FCCGE,,,7,5.4,7.4,Passed,8.8
SP2018,SP2018-class 1,30,1905FADCJ,,,0,0,0,Not Passed,0
SP2018,SP2018-class 2,1,1905FBFGE,,,3,2.8,4.4,Not Passed,6.8
SP2018,SP2018-class 2,2,1905FCEDG,,,8,4.4,6.9,Passed,7.5
SP2018,SP2018-class 2,3,1905FCBEA,,,0,0,0,Not Passed,0
SP2018,SP2018-class 2,4,1905JECDD,,,10,7.6,8.9,Passed,8.8
SP2018,SP2018-class 2,5,1905FCJBB,,,0,0,0,Not Passed,0
SP2018,SP2018-class 2,6,1905FCEBC,,,5,5.8,6.6,Passed,9
SP2018,SP2018-class 2,7,1905JFJII,,,0,0,0,Not Passed,0
SP2018,SP2018-class 2,8,1905FBDBJ,,,9,5.2,7.2,Passed,7
SP2018,SP2018-class 2,9,1905FCCFB,,,7,6.8,7.4,Passed,7.5
SP2018,SP2018-class 2,10,1905FCAEH,,,7,6.2,7,Passed,8.3
SP2018,SP2018-class 2,11,1905FCACF,,,1,3.6,3.9,Not Passed,5.8
SP2018,SP2018-class 2,12,1905FCBAJ,,,0,0,0,Not Passed,0
SP2018,SP2018-class 2,13,1905FCCEE,,,4,4.2,5.4,Passed,8.3
SP2018,SP2018-class 2,14,1905FCADE,,,7,4,6.3,Passed,8.3
SP2018,SP2018-class 2,15,1905FCCJF,,,1,2.6,4.1,Not Passed,9
SP2018,SP2018-class 2,16,1905FCDEI,,,2.5,3,4.9,Not Passed,8.5
SP2018,SP2018-class 2,17,1905FCEEC,,,1,2.2,4.1,Not Passed,9
SP2018,SP2018-class 2,18,1905FCEFC,,,6,6,6.8,Passed,8.3
SP2018,SP2018-class 2,19,1905FCCFF,,,7,4.8,6.6,Passed,9
SP2018,SP2018-class 2,20,1905FCCJA,,,0,0,0,Not Passed,0
SP2018,SP2018-class 2,21,1905FCCDF,,,0,0,0,Not Passed,0
SP2018,SP2018-class 2,22,1905FBHHD,,,7,6.2,7.3,Passed,9.3
SP2018,SP2018-class 2,23,1905FBIJH,,,4,4.6,5,Passed,6.8
SP2018,SP2018-class 2,24,1905FBCEJ,,,1,4,4.6,Not Passed,8.8
SP2018,SP2018-class 2,25,1905FBIGE,,,2.5,4.8,5.2,Passed,8
SP2018,SP2018-class 3,1,1905FAEEG,,,6,4,6.2,Passed,8.8
SP2018,SP2018-class 3,2,1905FCAJA,,,7,5.6,7.1,Passed,9
SP2018,SP2018-class 3,3,1905FCCFE,,,7,5.2,7,Passed,7.5
SP2018,SP2018-class 3,4,1905FCEGC,,,6,4.8,5.1,Passed,3
SP2018,SP2018-class 3,5,1905FAGIA,,,10,5.6,7.6,Passed,7.8
SP2018,SP2018-class 3,6,1905JFJJJ,,,6,4.4,6.4,Passed,9.3
SP2018,SP2018-class 3,7,1905FCJDG,,,4,5.6,4.8,Not Passed,4
SP2018,SP2018-class 3,8,1905FCBJC,,,6,5.4,7,Passed,9
SP2018,SP2018-class 3,9,1905FCDEC,,,7,5.2,6.4,Passed,6.8
SP2018,SP2018-class 3,10,1905FAHAH,,,0,0,0,Not Passed,0
SP2018,SP2018-class 3,11,1905FCEAB,,,4,6.2,6.1,Passed,8.8
SP2018,SP2018-class 3,12,1905FBDJG,,,0,0,0,Not Passed,0
SP2018,SP2018-class 3,13,1905FCAGF,,,7,5,6.6,Passed,8.3
SP2018,SP2018-class 3,14,1905FCEHE,,,4,4,5.5,Passed,8.5
SP2018,SP2018-class 3,15,1905FBEFA,,,5,4.8,5.8,Passed,8.8
SP2018,SP2018-class 3,16,1905FCAJB,,,7,4.8,6.1,Passed,6.5
SP2018,SP2018-class 3,17,1905FCJDB,,,4,5,5.6,Passed,7.8
SP2018,SP2018-class 3,18,1905FAHGD,,,3,0,3.4,Not Passed,4.8
SP2018,SP2018-class 3,19,1905FBADE,,,0,0,0,Not Passed,0
SP2018,SP2018-class 3,20,1905FCBCB,,,0,0,0,Not Passed,0
SP2018,SP2018-class 3,21,1905FCBHB,,,9.5,4.8,7.8,Passed,8.5
SP2018,SP2018-class 3,22,1905FCAGH,,,7,4,6.3,Passed,8
SP2018,SP2018-class 3,23,1905FCEJJ,,,7,5.2,7.2,Passed,8.5
SP2018,SP2018-class 3,24,1905FCDAD,,,7,6,7.4,Passed,9
SP2018,SP2018-class 3,25,1905FCDJA,,,4,3.2,5.5,Not Passed,8.8
SP2018,SP2018-class 3,26,1905FCCAF,,,7,4.4,6.3,Passed,6.5
SP2018,SP2018-class 3,27,1905FCBAH,,,7,4.2,6.2,Passed,7.5
SP2018,SP2018-class 3,28,1905FCCEB,,,7,4.4,6.5,Passed,8
SP2018,SP2018-class 3,29,1905FCDFG,,,4,3.4,5.2,Not Passed,8.3
SP2018,SP2018-class 3,30,1905FBHGE,,,10,8.4,9,Passed,8
SP2018,SP2018-class 4,1,1905FADHH,,,0,0,0,Not Passed,0
SP2018,SP2018-class 4,2,1905FCEGF,,,2,4.2,5.1,Passed,7.7
SP2018,SP2018-class 4,3,1905FBHBE,,,3,4.6,5.7,Passed,7.2
SP2018,SP2018-class 4,4,1905FCCIG,,,8,5.6,7.4,Passed,7.4
SP2018,SP2018-class 4,5,1905FAEFH,,,4,5.4,5.7,Passed,8.2
SP2018,SP2018-class 4,6,1905FCAHA,,,0,0,0,Not Passed,0
SP2018,SP2018-class 4,7,1905FBDBG,,,0,0,0.8,Not Passed,3.9
SP2018,SP2018-class 4,8,1905FCJJG,,,2,5.2,5.5,Passed,6.5
SP2018,SP2018-class 4,9,1905FAHCG,,,2,0,2.5,Not Passed,7
SP2018,SP2018-class 4,10,1905FCABC,,,7,5.4,7,Passed,7.9
SP2018,SP2018-class 4,11,1905FCDEJ,,,2,4,4.5,Not Passed,5.9
SP2018,SP2018-class 4,12,1905FCDFC,,,4,8.2,6.8,Passed,6.5
SP2018,SP2018-class 4,13,1905FCAHE,,,5,7,7,Passed,8
SP2018,SP2018-class 4,14,1905FCJHG,,,6,5.2,5.9,Passed,7.5
SP2018,SP2018-class 4,15,1905FBHFF,,,2,5.6,5.5,Passed,7.2
SP2018,SP2018-class 4,16,1905FBAFI,,,0,0,0,Not Passed,0
SP2018,SP2018-class 4,17,1905FCAIE,,,5,4.6,6.3,Passed,7
SP2018,SP2018-class 4,18,1905FBIHI,,,0,0,0,Not Passed,0
SP2018,SP2018-class 4,19,1905FCAHB,,,3,4.6,5.5,Passed,7.2
SP2018,SP2018-class 4,20,1905FBCEA,,,0,0,1.2,Not Passed,3.9
SP2018,SP2018-class 4,21,1905FCEJD,,,2,6.2,5.1,Passed,7
SP2018,SP2018-class 4,22,1905FCBIB,,,2,3,4,Not Passed,7.5
SP2018,SP2018-class 4,23,1905FCCFH,,,0,0,0,Not Passed,0
SP2018,SP2018-class 5,1,1905FCACA,,,4.5,5,5.9,Passed,7.5
SP2018,SP2018-class 5,2,1905FBJDF,,,3,3.8,4.6,Not Passed,7.8
SP2018,SP2018-class 5,3,1905FBCDI,,,0,0,0,Not Passed,0
SP2018,SP2018-class 5,4,1905FBDFG,,,1.5,3.8,4.6,Not Passed,7.8
SP2018,SP2018-class 5,5,1905FBIHC,,,2,3.8,4.9,Not Passed,6.5
SP2018,SP2018-class 5,6,1905FAEID,,,5,5.4,6.5,Passed,7.5
SP2018,SP2018-class 5,7,1905FBICC,,,8.5,4.4,7.5,Passed,8.5
SP2018,SP2018-class 5,8,1905FCAHG,,,6.5,4.8,7.2,Passed,8.8
SP2018,SP2018-class 5,9,1905FBDJB,,,0,0,2.2,Not Passed,7.5
SP2018,SP2018-class 5,10,1905FCJFE,,,5.5,4,6.1,Passed,7.5
SP2018,SP2018-class 5,11,1905FCEJC,,,9.5,6,8.4,Passed,8.8
SP2018,SP2018-class 5,12,1905FBIIG,,,3,5.6,6.3,Passed,8.8
SP2018,SP2018-class 5,13,1905FCCFJ,,,4.5,4.4,5.6,Passed,6.5
SP2018,SP2018-class 5,14,1905FBHHG,,,6,5.4,6.9,Passed,8.3
SP2018,SP2018-class 5,15,1905FBIDH,,,1,3.4,2.6,Not Passed,4
SP2018,SP2018-class 5,16,1905FBGIE,,,3.5,4.6,5.2,Passed,5.5
SP2018,SP2018-class 5,17,1905FCJCF,,,0,0,0.8,Not Passed,1.5
SP2018,SP2018-class 5,18,1905FBDCI,,,2,4,5.1,Passed,8.8
SP2018,SP2018-class 5,19,1905FBIFC,,,0,0,0,Not Passed,0
SP2018,SP2018-class 5,20,1905FCJHI,,,1,0,2,Not Passed,3.8
SP2018,SP2018-class 5,21,1905FCCEF,,,3.5,5,6.2,Passed,8
SP2018,SP2018-class 5,22,1905JEFIF,,,0,0,1.7,Not Passed,3
SP2018,SP2018-class 5,23,1905FCBHE,,,10,4.8,8.4,Passed,10
SP2018,SP2018-class 5,24,1905FCBDH,,,1,0,1.6,Not Passed,5.8
SP2018,SP2018-class 5,25,1905FCCHG,,,8,5.6,7.7,Passed,8
SP2018,SP2018-class 5,26,1905FCJEE,,,3,4.8,5.4,Passed,7.8
SP2018,SP2018-class 5,27,1905FCBAF,,,3.5,4.4,5.5,Passed,6
SP2018,SP2018-class 5,28,1905FCJGE,,,6,5.8,7.3,Passed,8.8
SP2018,SP2018-class 5,29,1905FAFEA,,,0,0,2.9,Not Passed,8.5
SP2018,SP2018-class 5,30,1905FCJIE,,,4,3,5.5,Not Passed,8.8
SP2018,SP2018-class 6,1,1905FCJEA,,,0,0,0,Not Passed,0
SP2018,SP2018-class 6,2,1905FCACH,,,4,4.4,5.6,Passed,8.5
SP2018,SP2018-class 6,3,1905FCBBA,,,1,3.4,3.8,Not Passed,8.5
SP2018,SP2018-class 6,4,1905FCBDB,,,0,0,0,Not Passed,0
SP2018,SP2018-class 6,5,1905FCABD,,,1,0,0.3,Not Passed,0
SP2018,SP2018-class 6,6,1905FBHHA,,,3,4.6,5.6,Passed,9.1
SP2018,SP2018-class 6,7,1905FCBFJ,,,0,0,0.6,Not Passed,0
SP2018,SP2018-class 6,8,1905FBHAJ,,,5,5.4,6.3,Passed,7.5
SP2018,SP2018-class 6,9,1905FBFDJ,,,0,0,0,Not Passed,0
SP2018,SP2018-class 6,10,1905FADHG,,,0,0,0,Not Passed,0
SP2018,SP2018-class 6,11,1905FCCGI,,,5,5.8,6.4,Passed,8.8
SP2018,SP2018-class 6,12,1905FBIDJ,,,4,5,6,Passed,8.8
SP2018,SP2018-class 6,13,1905FBIBI,,,3,4.8,5.7,Passed,8.2
SP2018,SP2018-class 6,14,1905FCAGC,,,0,0,0,Not Passed,0
SP2018,SP2018-class 6,15,1905FCBDA,,,8,8,8.2,Passed,7.8
SP2018,SP2018-class 6,16,1905FBFEJ,,,0,0,0,Not Passed,0
SP2018,SP2018-class 6,17,1905FBIJB,,,0,0,0.6,Not Passed,0
SP2018,SP2018-class 6,18,1905FCAII,,,0,0,0,Not Passed,0
SP2018,SP2018-class 6,19,1905FCJED,,,3,5.4,5.9,Passed,9.4
SP2018,SP2018-class 6,20,1905FCBJG,,,4,6.4,6.6,Passed,8.7
SP2018,SP2018-class 6,21,1905FBFHA,,,3,3.4,4.4,Not Passed,8.8
SP2018,SP2018-class 6,22,1905FBHCD,,,1,4.4,4.8,Not Passed,8.2
SP2018,SP2018-class 6,23,1905FCAEF,,,3,2.6,4.2,Not Passed,8.7
SP2019,SP2019-class 1,1,1905FBGHI,,,3.5,5.6,6.2,Passed,9.1
SP2019,SP2019-class 1,2,1905FCBDF,,,2.5,4.9,5.1,Passed,9.1
SP2019,SP2019-class 1,3,1905FBIIJ,,,2.5,4.4,4.8,Not Passed,8.8
SP2019,SP2019-class 1,4,1905FCAHA,,,2,3.6,4.3,Not Passed,8.3
SP2019,SP2019-class 1,5,1905FBDBG,,,3.5,5.2,5,Passed,6.6
SP2019,SP2019-class 1,6,1905FCCBG,,,3.5,5.7,5.6,Passed,9
SP2019,SP2019-class 1,7,1905ACJAAC,,,3.5,5.2,5.3,Passed,7.4
SP2019,SP2019-class 1,8,1905FBDFD,,,0,0,0.3,Not Passed,1.4
SP2019,SP2019-class 1,9,1905FACCG,,,0,0,0,Not Passed,0
SP2019,SP2019-class 1,10,1905FCJJI,,,5.5,4.6,5.9,Passed,8.1
SP2019,SP2019-class 1,11,1905FBAID,,,9,6.3,7.5,Passed,8
SP2019,SP2019-class 1,12,1905FBGAA,,,0,0,0.3,Not Passed,1.4
SP2019,SP2019-class 1,13,1905FBFBB,,,3,5.2,5.3,Passed,8.9
SP2019,SP2019-class 1,14,1905FBCCH,,,3.5,5.2,5.6,Passed,8.7
SP2019,SP2019-class 1,15,1905FBGCG,,,0,0,0.2,Not Passed,0.8
SP2019,SP2019-class 1,16,1905FCCIJ,,,0,0,0.6,Not Passed,3
SP2019,SP2019-class 1,17,1905FCJEB,,,1,0,3.1,Not Passed,9
SP2019,SP2019-class 1,18,1905FBBEB,,,3,0,3.4,Not Passed,7.4
SP2019,SP2019-class 2,1,1905ACJDDF,,,10,5.4,7.3,Passed,6
SP2019,SP2019-class 2,2,1905ACJFIJ,,,10,7.2,7.7,Passed,6.6
SP2019,SP2019-class 2,3,1905ACJECA,,,10,6.4,8.1,Passed,6.4
SP2019,SP2019-class 2,4,1905ACJBJA,,,10,6.6,7.9,Passed,7.6
SP2019,SP2019-class 2,5,1905ACJAFC,,,10,8,9,Passed,8.3
SP2019,SP2019-class 2,6,1905ACJDBE,,,10,4.6,7.7,Passed,8.7
SP2019,SP2019-class 2,7,1905ACJCGE,,,10,6.6,7.8,Passed,7.5
SP2019,SP2019-class 2,8,1905ACJADI,,,10,7.2,8.5,Passed,8.9
SP2019,SP2019-class 2,9,1905ACJJIJ,,,7,5.4,6.5,Passed,6.2
SP2019,SP2019-class 2,10,1905FCJDJ,,,7,5.2,6.5,Passed,7.3
SP2019,SP2019-class 2,11,1905FBGCJ,,,9,5.4,6.1,Passed,5.8
SP2019,SP2019-class 2,12,1905ACJDEH,,,10,6.6,8.1,Passed,7.1
SP2019,SP2019-class 2,13,1905FBGCF,,,7,5.4,6,Passed,6.5
SP2019,SP2019-class 2,14,1905ACJEDA,,,10,7.2,8.3,Passed,6.2
SP2019,SP2019-class 2,15,1905ACJGFA,,,10,7,8.1,Passed,5.3
SP2019,SP2019-class 2,16,1905ACJJAH,,,7,7,7.2,Passed,7.4
SP2019,SP2019-class 2,17,1905ACJCGA,,,7,5.6,6.9,Passed,7.9
SP2019,SP2019-class 2,18,1905ACJJCI,,,10,6.4,7.3,Passed,3.2
SP2019,SP2019-class 2,19,1905ACJCGB,,,10,6,8,Passed,8.7
SP2019,SP2019-class 2,20,1905FCJCH,,,0,0,0,Not Passed,0
SP2019,SP2019-class 2,21,1905FAEFF,,,0,0,0,Not Passed,0
SP2019,SP2019-class 2,22,1905ACJECD,,,10,6.4,8.1,Passed,7
SP2019,SP2019-class 3,1,1905FAGHI,,,10,6.2,8.2,Passed,7.2
SP2019,SP2019-class 3,2,1905ACJCAI,,,10,5.6,7.9,Passed,7.2
SP2019,SP2019-class 3,3,1905ACJAGD,,,8.5,6,7.2,Passed,7.2
SP2019,SP2019-class 3,4,1905ACJACA,,,10,6.6,8.4,Passed,7.5
SP2019,SP2019-class 3,5,1905ACJBGB,,,10,7.8,7.5,Passed,5.1
SP2019,SP2019-class 3,6,1905FCJHF,,,10,6.6,7.6,Passed,6.6
SP2019,SP2019-class 3,7,1905ACJBDA,,,7,5.6,7,Passed,6.4
SP2019,SP2019-class 3,8,1905ACJBFB,,,10,7,8.3,Passed,6.5
SP2019,SP2019-class 3,9,1905FBCJG,,,0,0,0.9,Not Passed,4.3
SP2019,SP2019-class 3,10,1905ACJBED,,,10,5,7.6,Passed,6.8
SP2019,SP2019-class 3,11,1905ACJCIA,,,10,6.8,7.5,Passed,4.9
SP2019,SP2019-class 3,12,1905FCEAA,,,7,5.4,6.2,Passed,5.1
SP2019,SP2019-class 3,13,1905FCCDC,,,8,3.4,5.1,Not Passed,5.2
SP2019,SP2019-class 3,14,1905FBGBD,,,9,4,6.2,Passed,6.1
SP2019,SP2019-class 3,15,1905FBAGC,,,8,4.8,6,Passed,5.8
SP2019,SP2019-class 3,16,1905ACJDED,,,8,5.8,6.1,Passed,3.5
SP2019,SP2019-class 3,17,1905ADJJJE,,,9,6.4,6.4,Passed,3.9
SP2019,SP2019-class 3,18,1905FBCDB,,,8,6,7.2,Passed,6.4
SP2019,SP2019-class 3,19,1905ACJDAE,,,9,7.6,7.9,Passed,8.1
SP2019,SP2019-class 3,20,1905FBHIG,,,9,6.2,7.4,Passed,7.1
SP2019,SP2019-class 3,21,1905ACJAJB,,,10,6.6,8.6,Passed,8.6
SP2019,SP2019-class 3,22,1905FCBDE,,,7,4.8,6.6,Passed,6.8
SP2019,SP2019-class 3,23,1905FBBBD,,,7,6,7.2,Passed,7
SP2019,SP2019-class 3,24,1905FBFFG,,,7,6.2,6.2,Passed,6.1
SP2019,SP2019-class 3,25,1905ACJEAD,,,10,7,7.5,Passed,4.9
SP2019,SP2019-class 3,26,1905ACJBDF,,,9,6,6.4,Passed,3.9
SP2019,SP2019-class 3,27,1905FBCEA,,,7,5.8,6.4,Passed,6.7
SP2019,SP2019-class 3,28,1905ACJJAB,,,10,6.2,8,Passed,6.9
SP2019,SP2019-class 3,29,1905FCCFH,,,8,5.6,6.9,Passed,7.8
SP2019,SP2019-class 4,1,1905FBJFJ,,,0,0,0,Not Passed,0
SP2019,SP2019-class 4,2,1905ACJGBD,,,5,7.2,6.1,Passed,7.2
SP2019,SP2019-class 4,3,1905ACJAFJ,,,8,7.2,7.7,Passed,7.6
SP2019,SP2019-class 4,4,1905ACJJEC,,,8,5.8,6.5,Passed,7
SP2019,SP2019-class 4,5,1905ACJJBG,,,1,0,0.8,Not Passed,2.3
SP2019,SP2019-class 4,6,1905FCACB,,,2,3.9,3.8,Not Passed,4.8
SP2019,SP2019-class 4,7,1905ACJAHD,,,6,6,6.5,Passed,7.3
SP2019,SP2019-class 4,8,1905FCCHD,,,1,0,0.5,Not Passed,1.2
SP2019,SP2019-class 4,9,1905ACJJHG,,,6,6,6.3,Passed,7.6
SP2019,SP2019-class 4,10,1905FBAIH,,,0,0,0,Not Passed,0
SP2019,SP2019-class 4,11,1905ACJJDE,,,7,5.8,6.7,Passed,7.6
SP2019,SP2019-class 4,12,1905FBBBA,,,2,0,2.6,Not Passed,6.9
SP2019,SP2019-class 4,13,1905ACJJCG,,,0,5.4,2.6,Not Passed,0
SP2019,SP2019-class 4,14,1905ACJJAG,,,2,6.1,4.9,Not Passed,6.2
SP2019,SP2019-class 4,15,1905ACJJCC,,,1,0,0.8,Not Passed,2.5
SP2019,SP2019-class 4,16,1905ACJFGF,,,6,5,5.7,Passed,7
SP2019,SP2019-class 4,17,1905ACJBEG,,,5,5.4,5.5,Passed,6.5
SP2019,SP2019-class 4,18,1905FBDJJ,,,6,5.6,6,Passed,6.5
SP2019,SP2019-class 4,19,1905ACJJBE,,,7,5.4,5.9,Passed,7.1
SP2019,SP2019-class 4,20,1905ACJJFC,,,6,5.4,6.5,Passed,7.8
SP2019,SP2019-class 4,21,1905ACJJHC,,,7,6.6,6.8,Passed,6.7
SP2019,SP2019-class 4,22,1905ACJJGC,,,8,7.6,7.7,Passed,8
SP2019,SP2019-class 4,23,1905ACJABJ,,,7,8.4,7.4,Passed,6
SP2019,SP2019-class 4,24,1905ACJJID,,,7,7,7,Passed,5.5
SP2019,SP2019-class 5,1,1905ACJFGI,,,7,5.8,5.9,Passed,6.8
SP2019,SP2019-class 5,2,1905ACJJGB,,,7,7.8,7.4,Passed,7.5
SP2019,SP2019-class 5,3,1905ACJFBA,,,7,6,6.5,Passed,7
SP2019,SP2019-class 5,4,1905ACJACE,,,8.5,6.4,7.6,Passed,7
SP2019,SP2019-class 5,5,1905ACJCDC,,,7,5.8,6.5,Passed,6.3
SP2019,SP2019-class 5,6,1905ACJJFI,,,6,7.2,6.8,Passed,7.3
SP2019,SP2019-class 5,7,1905ACJJBH,,,5,6,6,Passed,7
SP2019,SP2019-class 5,8,1905ACJJFG,,,7,5,6.2,Passed,6.8
SP2019,SP2019-class 5,9,1905ACJABB,,,7,6.4,6.9,Passed,8
SP2019,SP2019-class 5,10,1905ACJJDI,,,7,6,6.7,Passed,6.8
SP2019,SP2019-class 5,11,1905ACJEHH,,,6,5.8,6.4,Passed,6.8
SP2019,SP2019-class 5,12,1905FBGCB,,,4,5,5.1,Passed,6.8
SP2019,SP2019-class 5,13,1905ACJGFB,,,0,0,1.4,Not Passed,3
SP2019,SP2019-class 5,14,1905ACJBBA,,,0,0,1.1,Not Passed,2.5
SP2019,SP2019-class 5,15,1905ACJFIC,,,7,6.6,6.6,Passed,6.8
SP2019,SP2019-class 5,16,1905ACJJEG,,,4,5.4,5.5,Passed,7
SP2019,SP2019-class 5,17,1905FAJFJ,,,7,6.4,6.7,Passed,7
SP2019,SP2019-class 5,18,1905ACJJDA,,,4,5.2,5.3,Passed,7.3
SP2019,SP2019-class 5,19,1905ACJFBF,,,4,4.2,5.3,Passed,7.3
SP2019,SP2019-class 6,1,1905FCCEC,,,0,0,0,Not Passed,0
SP2019,SP2019-class 6,2,1905ACJCFE,,,3,6.4,5.6,Passed,6
SP2019,SP2019-class 6,3,1905ACJBBB,,,1,2.7,3.4,Not Passed,6.6
SP2019,SP2019-class 6,4,1905ACJCFG,,,5,5.2,5.8,Passed,5.8
SP2019,SP2019-class 6,5,1905ACJCAH,,,8,7.6,8.1,Passed,7.3
SP2019,SP2019-class 6,6,1905ACJBEF,,,4,6.2,6.2,Passed,7.4
SP2019,SP2019-class 6,7,1905ACJBGA,,,4,7.6,6.7,Passed,7.8
SP2019,SP2019-class 6,8,1905ACJADF,,,2,6.2,5,Passed,6
SP2019,SP2019-class 6,9,1905ACJCJE,,,2,6.4,5.4,Passed,7.2
SP2019,SP2019-class 6,10,1905ACJCCB,,,10,6.8,8.3,Passed,7.4
SP2019,SP2019-class 6,11,1905ACJCDE,,,2.5,6.6,5.4,Passed,5.5
SP2019,SP2019-class 6,12,1905ACJAIA,,,8.5,7.8,7.8,Passed,6
SP2019,SP2019-class 6,13,1905ACJBBF,,,8.3,7.2,8,Passed,7.7
SP2019,SP2019-class 6,14,1905ACJBIA,,,4,6,6.1,Passed,7.3
SP2019,SP2019-class 6,15,1905ACJAFF,,,2,0,2.7,Not Passed,4.7
SP2019,SP2019-class 6,16,1905ACJAHI,,,1,4,4.2,Not Passed,7.3
SP2019,SP2019-class 6,17,1905ACJAFB,,,7.5,6.8,7.2,Passed,6.6
SP2019,SP2019-class 6,18,1905ACJACI,,,10,8.2,8.8,Passed,6.9
SP2019,SP2019-class 6,19,1905ACJCFA,,,4,7,6.3,Passed,6.2
SP2019,SP2019-class 6,20,1905ACJCCE,,,5,4.4,5.7,Passed,6.6
SP2019,SP2019-class 6,21,1905ACJCEA,,,4,7,5.7,Passed,6.2
SP2019,SP2019-class 6,22,1905ACJAEB,,,3.5,7.2,6,Passed,6.9
SP2019,SP2019-class 6,23,1905FCBJE,,,3,5,5.2,Passed,6.9
SP2019,SP2019-class 7,1,1905ACJEEC,,,8,6.6,7.6,Passed,7.2
SP2019,SP2019-class 7,2,1905FCDDG,,,0,0,0.4,Not Passed,1.9
SP2019,SP2019-class 7,3,1905ACJFBI,,,5.5,6.8,6.2,Passed,6.5
SP2019,SP2019-class 7,4,1905ACJEHJ,,,0,0,0,Not Passed,0
SP2019,SP2019-class 7,5,1905ACJFAA,,,7,7.8,7.7,Passed,7.2
SP2019,SP2019-class 7,6,1905ACJEEA,,,4,5.2,6,Passed,7.6
SP2019,SP2019-class 7,7,1905ACJDCD,,,2,4.8,5,Passed,5.7
SP2019,SP2019-class 7,8,1905ACJGFG,,,5,6.6,5.9,Passed,6.9
SP2019,SP2019-class 7,9,1905ACJGFC,,,1,0,0.9,Not Passed,3.1
SP2019,SP2019-class 7,10,1905ACJDHF,,,4.5,7,6.7,Passed,7.7
SP2019,SP2019-class 7,11,1905ACJDGG,,,2,7,5.7,Passed,7
SP2019,SP2019-class 7,12,1905ACJDIC,,,2,6,5.5,Passed,7.1
SP2019,SP2019-class 7,13,1905ACJCIB,,,4,6,6,Passed,6
SP2019,SP2019-class 7,14,1905FBFGH,,,0,0,0.5,Not Passed,2.3
SP2019,SP2019-class 7,15,1905ACJCHF,,,2,4.4,4.6,Not Passed,6.6
SP2019,SP2019-class 7,16,1905ACJGCD,,,1,0,0.8,Not Passed,2.5
SP2019,SP2019-class 7,17,1905ACJGJB,,,9,8.2,8.8,Passed,8.8
SP2019,SP2019-class 7,18,1905ACJGJF,,,8,6.6,7.8,Passed,8.4
SP2019,SP2019-class 7,19,1905ACJCBA,,,1,0,1,Not Passed,3.3
SP2019,SP2019-class 7,20,1905ACJCGG,,,2,8.2,5.4,Passed,6.2
SP2019,SP2019-class 7,21,1905ACJCBB,,,2,0,1.1,Not Passed,2.6
SP2019,SP2019-class 7,22,1905FBADE,,,0,0,0,Not Passed,0
SP2019,SP2019-class 7,23,1905ACJGJG,,,6.5,6.4,6.6,Passed,7.2
SP2019,SP2019-class 7,24,1905ACJGDB,,,2,0,1.3,Not Passed,3.7
SP2019,SP2019-class 7,25,1905FCEHI,,,4,4,5,Passed,6.2
SP2019,SP2019-class 7,26,1905ACJDJA,,,2,7.4,5.2,Passed,5.7
SP2019,SP2019-class 7,27,1905ACJFDD,,,2.5,6.4,5.3,Passed,7.2
SP2019,SP2019-class 7,28,1905ACJFJJ,,,3.5,7.2,5.9,Passed,7.2
SP2019,SP2019-class 7,29,1905ACJFIG,,,8,8,8.2,Passed,8.2
SP2019,SP2019-class 8,1,1905ACJJHH,,,6,6.8,6.9,Passed,8.5
SP2019,SP2019-class 8,2,1905FCECI,,,0,0,0,Not Passed,0
SP2019,SP2019-class 8,3,1905ACJFEJ,,,4.5,0,2.3,Not Passed,4.5
SP2019,SP2019-class 8,4,1905ACJAFD,,,6,7.4,6.8,Passed,6.5
SP2019,SP2019-class 8,5,1905ACJJHF,,,6,7,7,Passed,8.3
SP2019,SP2019-class 8,6,1905ACJJIF,,,6,6.2,6.4,Passed,7
SP2019,SP2019-class 8,7,1905ACJGEF,,,8.5,7.4,8,Passed,8.3
SP2019,SP2019-class 8,8,1905ACJJBB,,,6,6.2,6.5,Passed,7.5
SP2019,SP2019-class 8,9,1905FBFDJ,,,2.5,0,0.8,Not Passed,0
SP2019,SP2019-class 8,10,1905ACJGBI,,,0,0,0.7,Not Passed,3.3
SP2019,SP2019-class 8,11,1905ACJCGJ,,,6,6.4,6.5,Passed,7
SP2019,SP2019-class 8,12,1905FCJHA,,,4,4.2,4.9,Not Passed,7.8
SP2019,SP2019-class 8,13,1905FAFHJ,,,0,0,0,Not Passed,0
SP2019,SP2019-class 8,14,1905ACJABD,,,6,5.6,6.6,Passed,8.5
SP2019,SP2019-class 8,15,1905ACJDGH,,,7,6.6,7.1,Passed,7
SP2019,SP2019-class 8,16,1905FBGAA,,,1,0,1.1,Not Passed,3.8
SP2019,SP2019-class 8,17,1905ACJGEG,,,10,7.8,8.4,Passed,9
SP2019,SP2019-class 8,18,1905ACJJHD,,,6,6.8,7.1,Passed,9
SP2019,SP2019-class 8,19,1905JDBEG,,,0,0,0,Not Passed,0
SP2019,SP2019-class 8,20,1905ACJGDC,,,5,7.6,6.8,Passed,7.5
SP2019,SP2019-class 8,21,1905ACJGDE,,,0,0,0,Not Passed,0
SP2019,SP2019-class 8,22,1905FCDFH,,,0,0,1,Not Passed,3.5
SP2019,SP2019-class 8,23,1905ACJDFB,,,3,5.6,5.6,Passed,7.5
SP2019,SP2019-class 9,1,1905ACJBGE,,,2.3,5.8,5.1,Passed,6.3
SP2019,SP2019-class 9,2,1905FCBEA,,,0,0,0,Not Passed,0
SP2019,SP2019-class 9,3,1905FCACI,,,3.5,5.4,5.3,Passed,6.3
SP2019,SP2019-class 9,4,1905FBIIJ,,,2,0,2.4,Not Passed,6.1
SP2019,SP2019-class 9,5,1905FBDFG,,,3.5,7,5.6,Passed,6.5
SP2019,SP2019-class 9,6,1905ACJAFA,,,6.5,6,7.2,Passed,7.9
SP2019,SP2019-class 9,7,1905ACJCCA,,,4,5.8,5.5,Passed,7.5
SP2019,SP2019-class 9,8,1905ACJBII,,,5,7,6.3,Passed,8
SP2019,SP2019-class 9,9,1905ACJCDA,,,9,6.4,7.8,Passed,7.9
SP2019,SP2019-class 9,10,1905ACJBHG,,,9.3,7.2,7.8,Passed,7.8
SP2019,SP2019-class 9,11,1905ACJCCF,,,9.5,6.6,8.4,Passed,7.9
SP2019,SP2019-class 9,12,1905FCEBE,,,4,6,5.5,Passed,6.3
SP2019,SP2019-class 9,13,1905ACJAFE,,,10,7.6,8.7,Passed,7.8
SP2019,SP2019-class 9,14,1905ACJADA,,,6.5,7.8,7.3,Passed,7.8
SP2019,SP2019-class 9,15,1905FCECE,,,4,6.4,5.3,Passed,5.5
SP2019,SP2019-class 9,16,1905FBIEC,,,3.5,6.2,5.4,Passed,6.4
SP2019,SP2019-class 9,17,1905FCBGF,,,3,3.1,4.1,Not Passed,5.7
SP2019,SP2019-class 9,18,1905ACJCAB,,,4.3,5.4,5.4,Passed,7.2
SP2019,SP2019-class 9,19,1905ACJCFI,,,8.5,5,7.2,Passed,6.8
SP2019,SP2019-class 9,20,1905ACJBGH,,,9.3,6.4,7.8,Passed,7.5
SP2019,SP2019-class 9,21,1905ACJBGG,,,6.8,5,6.6,Passed,8.4
SP2019,SP2019-class 9,22,1905ACJJDJ,,,9.3,8,8,Passed,6.5
SP2019,SP2019-class 10,1,1905ACJFJD,,,9,7,8.2,Passed,8.4
SP2019,SP2019-class 10,2,1905ACJDIJ,,,2,5.1,4.5,Not Passed,7.2
SP2019,SP2019-class 10,3,1905ACJFJA,,,4,6.2,6.2,Passed,7
SP2019,SP2019-class 10,4,1905ACJDHA,,,1,4.5,4.1,Not Passed,6.9
SP2019,SP2019-class 10,5,1905FBDJG,,,0,0,0,Not Passed,0
SP2019,SP2019-class 10,6,1905ACJCHJ,,,5,6,5.6,Passed,7.2
SP2019,SP2019-class 10,7,1905ACJEJI,,,4.5,6.6,6.2,Passed,7.2
SP2019,SP2019-class 10,8,1905ACJEHE,,,10,6.6,7.7,Passed,7.5
SP2019,SP2019-class 10,9,1905ACJEID,,,9,7.4,8.3,Passed,7.9
SP2019,SP2019-class 10,10,1905FBIAG,,,0,0,0,Not Passed,0
SP2019,SP2019-class 10,11,1905ACJEFC,,,6,8.2,7.1,Passed,7.5
SP2019,SP2019-class 10,12,1905ACJEGA,,,7,7,7.3,Passed,8
SP2019,SP2019-class 10,13,1905ACJDCE,,,1,0,0.8,Not Passed,2.3
SP2019,SP2019-class 10,14,1905ACJEAB,,,0,0,0.4,Not Passed,2.2
SP2019,SP2019-class 10,15,1905ACJEJH,,,6,5.2,5.8,Passed,7.2
SP2019,SP2019-class 10,16,1905FCBAI,,,0,0,0.4,Not Passed,2
SP2019,SP2019-class 10,17,1905FBIAF,,,1,0,2.1,Not Passed,6
SP2019,SP2019-class 10,18,1905FCJAJ,,,0,0,0.5,Not Passed,2.5
SP2019,SP2019-class 10,19,1905ACJCJG,,,2,6.2,5.8,Passed,7.8
SP2019,SP2019-class 10,20,1905FCCAA,,,4.5,5.6,5.7,Passed,6.6
SP2019,SP2019-class 11,1,1905ACJFDI,,,5,5.4,5.1,Passed,5.8
SP2019,SP2019-class 11,2,1905FBHJH,,,3,6,5.4,Passed,7
SP2019,SP2019-class 11,3,1905FBBID,,,0,0,0,Not Passed,0
SP2019,SP2019-class 11,4,1905ACJGAH,,,9,5.2,7.2,Passed,6.8
SP2019,SP2019-class 11,5,1905FBCDI,,,0,0,0,Not Passed,0
SP2019,SP2019-class 11,6,1905ACJFEH,,,4,4.2,5.1,Passed,6.3
SP2019,SP2019-class 11,7,1905ACJFDB,,,10,6.4,8,Passed,8.1
SP2019,SP2019-class 11,8,1905FBIHC,,,1,0,2.3,Not Passed,6.9
SP2019,SP2019-class 11,9,1905ACJFAF,,,7.5,6,6.7,Passed,6.9
SP2019,SP2019-class 11,10,1905ACJECH,,,7.5,6.2,7.1,Passed,7.7
SP2019,SP2019-class 11,11,1905ACJFAE,,,9.5,8,8.7,Passed,8.3
SP2019,SP2019-class 11,12,1905ACJFFE,,,2,5,5.6,Passed,7.8
SP2019,SP2019-class 11,13,1905ACJGCI,,,9,5.2,7.1,Passed,6.4
SP2019,SP2019-class 11,14,1905FCJJI,,,1,0,1.6,Not Passed,6.7
SP2019,SP2019-class 11,15,1905FCJFI,,,0,0,0,Not Passed,0
SP2019,SP2019-class 11,16,1905ACJFHI,,,7.5,5.2,6.5,Passed,6.9
SP2019,SP2019-class 11,17,1905ACJFJG,,,3,5.4,5.4,Passed,6.7
SP2019,SP2019-class 11,18,1905FCCCI,,,0,0,0.1,Not Passed,0
SP2019,SP2019-class 11,19,1905FBIAJ,,,0,0,0,Not Passed,0
SP2019,SP2019-class 11,20,1905FBAFI,,,0,0,0.5,Not Passed,2.3
SP2019,SP2019-class 11,21,1905FCAFJ,,,0,0,0.6,Not Passed,3.1
SP2019,SP2019-class 11,22,1905ACJFHF,,,6,6,6.6,Passed,7.4
SP2019,SP2019-class 11,23,1905FCCHA,,,1,0,0.5,Not Passed,1.1
SP2019,SP2019-class 11,24,1905ACJGCB,,,7,5.6,7.2,Passed,8.1
SP2019,SP2019-class 11,25,1905ACJGBE,,,7.5,5,5.8,Passed,5.3
SP2019,SP2019-class 11,26,1905ACJFHJ,,,9.5,8,8.5,Passed,8.3
SP2019,SP2019-class 12,1,1905ACJACF,,,10,8,9.4,Passed,10
SP2019,SP2019-class 12,2,1905FCCAG,,,2.3,5.5,4.7,Not Passed,9.4
SP2019,SP2019-class 12,3,1905FCCHJ,,,4,5.4,5.8,Passed,8.1
SP2019,SP2019-class 12,4,1905FBFGD,,,0,0,0,Not Passed,0
SP2019,SP2019-class 12,5,1905FBHFI,,,6,6.6,7.3,Passed,9.3
SP2019,SP2019-class 12,6,1905FBDFD,,,0,0,0,Not Passed,0
SP2019,SP2019-class 12,7,1905ACJJJH,,,9.3,8.2,8.8,Passed,9.5
SP2019,SP2019-class 12,8,1905FCAIG,,,0,0,0,Not Passed,0
SP2019,SP2019-class 12,9,1905ACJBCB,,,3.5,5,5.8,Passed,10
SP2019,SP2019-class 12,10,1905ACJFJE,,,2.3,0,3.1,Not Passed,6
SP2019,SP2019-class 12,11,1905ACJJAJ,,,7.5,5.8,7.3,Passed,9.4
SP2019,SP2019-class 12,12,1905FCJCF,,,0.5,5.8,5,Passed,8.3
SP2019,SP2019-class 12,13,1905ACJCIG,,,1,3.5,3.8,Not Passed,9
SP2019,SP2019-class 12,14,1905ACJAGC,,,5,5.4,6.2,Passed,9.4
SP2019,SP2019-class 12,15,1905FCJBI,,,2.3,5.6,5.6,Passed,10
SP2019,SP2019-class 12,16,1905FCAHD,,,5,4.8,6.2,Passed,10
SP2019,SP2019-class 12,17,1905ACJGFD,,,3,5.4,4.7,Not Passed,7.3
SP2019,SP2019-class 12,18,1905ACJAFI,,,2.5,0,1.1,Not Passed,1.5
SP2019,SP2019-class 12,19,1905FCCHB,,,3.5,4.8,5.9,Passed,10
SP2019,SP2019-class 12,20,1905ACJBBE,,,7.8,6.5,7.5,Passed,10
SP2020,SP2020-class 1,1,1905ACJAJI,,,9.5,5.4,7.4,Passed,6.2
SP2020,SP2020-class 1,2,1905ACJDCJ,,,9.3,5,7.6,Passed,8
SP2020,SP2020-class 1,3,1905ADJFBI,,,9.5,5.8,7.8,Passed,7.7
SP2020,SP2020-class 1,4,1905ADJICF,,,10,6.4,8.4,Passed,7.7
SP2020,SP2020-class 1,5,1905ADJAGA,,,9.8,5.6,7.7,Passed,7.6
SP2020,SP2020-class 1,6,1905ADJFDC,,,8.2,5.2,7.1,Passed,7.7
SP2020,SP2020-class 1,7,1905ADJIDG,,,10,5.2,8.1,Passed,8.4
SP2020,SP2020-class 1,8,1905ACJAIF,,,9.5,4.4,6.6,Passed,6.8
SP2020,SP2020-class 1,9,1905ADJGHA,,,10,8.8,9.3,Passed,8.3
SP2020,SP2020-class 1,10,1905ADJICD,,,10,8.6,9.1,Passed,7.8
SP2020,SP2020-class 1,11,1905ADJGBG,,,10,4.4,7.7,Passed,7.7
SP2020,SP2020-class 1,12,1905ADJGBD,,,6.5,4,6.2,Passed,8.4
SP2020,SP2020-class 1,13,1905ADJAEB,,,9.5,4.6,7.3,Passed,7.3
SP2020,SP2020-class 1,14,1905ACJDCH,,,8.5,4.4,7,Passed,7.9
SP2020,SP2020-class 1,15,1905FBHJG,,,6.3,6.4,6,Passed,7.6
SP2020,SP2020-class 1,16,1905ADJADF,,,9.5,6,7.9,Passed,7.8
SP2020,SP2020-class 1,17,1905ACJJDD,,,9.2,4.4,7.1,Passed,8.6
SP2020,SP2020-class 1,18,1905ACJDCF,,,0,0,1.7,Attendance Fail,3.7
SP2020,SP2020-class 1,19,1905ADJAGF,,,9.5,4.6,7.3,Passed,6.9
SP2020,SP2020-class 1,20,1905ADJGCA,,,9.7,4.2,7.5,Passed,7.9
SP2020,SP2020-class 1,21,1905ADJJAB,,,8.7,6.4,7.7,Passed,7
SP2020,SP2020-class 1,22,1905ACJAFI,,,9.5,7.4,7.1,Passed,3.7
SP2020,SP2020-class 1,23,1905ADJAJD,,,10,9.4,9.3,Passed,8
SP2020,SP2020-class 1,24,1905FBGCG,,,7.3,5.8,5.4,Passed,5.2
SP2020,SP2020-class 1,25,1905ACJAEI,,,9.5,5,6.9,Passed,7.4
SP2020,SP2020-class 1,26,1905FCEJI,,,8.7,5.4,6.3,Passed,5.1
SP2020,SP2020-class 1,27,1905ADJDFG,,,9.7,6.2,8.1,Passed,7.7
SP2020,SP2020-class 2,1,1905ADJFIH,,,7.5,7.2,8,Passed,9
SP2020,SP2020-class 2,2,1905ADJEEG,,,9.2,4,7.4,Passed,8.6
SP2020,SP2020-class 2,3,1905ADJBAF,,,9.8,8,9,Passed,8.8
SP2020,SP2020-class 2,4,1905ACJCEG,,,6.7,4.2,5.5,Passed,6.9
SP2020,SP2020-class 2,5,1905ADJFAI,,,9.7,4.6,7.5,Passed,8.5
SP2020,SP2020-class 2,6,1905ADJJEH,,,8.8,4.2,7.2,Passed,8.2
SP2020,SP2020-class 2,7,1905FCAHA,,,6.7,4.2,6.2,Passed,6.6
SP2020,SP2020-class 2,8,1905ACJBFG,,,9.5,4,7,Passed,7
SP2020,SP2020-class 2,9,1905ADAADF,,,9.8,6.2,8.2,Passed,7.8
SP2020,SP2020-class 2,10,1905ACJDCG,,,0,0,1.6,Attendance Fail,3.3
SP2020,SP2020-class 2,11,1905ADJIBE,,,10,7.2,8.5,Passed,9.3
SP2020,SP2020-class 2,12,1905ADJJCJ,,,10,7.6,8.8,Passed,7.8
SP2020,SP2020-class 2,13,1905ADJCIC,,,9.7,6.8,8.2,Passed,7.3
SP2020,SP2020-class 2,14,1905ADJAFH,,,0,0,0.4,Attendance Fail,0
SP2020,SP2020-class 2,15,1905FCBFD,,,9,4.2,6.8,Passed,5.9
SP2020,SP2020-class 2,16,1905ADJIDI,,,9.3,6,7.3,Passed,4
SP2020,SP2020-class 2,17,1905ADJCJB,,,9.8,4.4,7.7,Passed,8.6
SP2020,SP2020-class 2,18,1905ADJEII,,,9.8,4.8,7.6,Passed,7.3
SP2020,SP2020-class 2,19,1905ADJICH,,,9.7,4,7.5,Passed,7.8
SP2020,SP2020-class 2,20,1905ADJDCF,,,7.5,6.2,7.3,Passed,7.2
SP2020,SP2020-class 2,21,1905ADJCHI,,,9.8,5,7.9,Passed,7.9
SP2020,SP2020-class 2,22,1905ACJJJF,,,9.3,4.2,7,Passed,7.1
SP2020,SP2020-class 2,23,1905ACJJIE,,,9.5,3.4,6.6,Not Passed,7.1
SP2020,SP2020-class 2,24,1905ADJJHB,,,9.2,5.6,7.8,Passed,7.8
SP2020,SP2020-class 2,25,1905FCAEF,,,7.2,4.8,5.8,Passed,4.4
SP2020,SP2020-class 2,26,1905ADJDAE,,,9.7,4.6,7.7,Passed,8.9
SP2020,SP2020-class 2,27,1905ADJIDJ,,,9.8,8,8.9,Passed,8.4
SP2020,SP2020-class 2,28,1905ADJGDD,,,9.8,5.6,7.9,Passed,7.8
SP2020,SP2020-class 3,1,1905ADJBEA,,,6.5,6.6,7.4,Passed,8.8
SP2020,SP2020-class 3,2,1905ADJJBB,,,5.5,6.8,6.6,Passed,7.3
SP2020,SP2020-class 3,3,1905ACJBEE,,,7.5,5,6.5,Passed,6.5
SP2020,SP2020-class 3,4,1905ACJGAG,,,6.5,4.2,5.5,Passed,6
SP2020,SP2020-class 3,5,1905FCCHE,,,6.5,4,5.1,Passed,7
SP2020,SP2020-class 3,6,1905ADJGFJ,,,0,0,0,Not Passed,0
SP2020,SP2020-class 3,7,1905ADJJBG,,,7,7.2,8,Passed,9
SP2020,SP2020-class 3,8,1905ADJJCI,,,5.5,5.6,7,Passed,9
SP2020,SP2020-class 3,9,1905ADJGBH,,,6.5,8.4,8.1,Passed,9
SP2020,SP2020-class 3,10,1905ADJJGF,,,6.5,4.4,6.3,Passed,7
SP2020,SP2020-class 3,11,1905ADJJIG,,,8,8.4,8.6,Passed,9
SP2020,SP2020-class 3,12,1905ADJJEC,,,6.5,8.4,7.8,Passed,8.3
SP2020,SP2020-class 3,13,1905ADJBFH,,,5.5,5.6,6.7,Passed,8.5
SP2020,SP2020-class 3,14,1905ADJJGD,,,6.5,5.4,6.9,Passed,9
SP2020,SP2020-class 3,15,1905ADJBDG,,,7.5,7.8,7.8,Passed,7.8
SP2020,SP2020-class 3,16,1905ADJADJ,,,7,8.2,8.1,Passed,9
SP2020,SP2020-class 3,17,1905ACJEGE,,,0,0,0,Attendance Fail,0
SP2020,SP2020-class 3,18,1905ADJJAI,,,5.5,6.6,6.8,Passed,8.5
SP2020,SP2020-class 3,19,1905ADJBEF,,,5.5,4.2,6.2,Passed,9
SP2020,SP2020-class 3,20,1905ADJJBF,,,6.5,5.6,7.1,Passed,9
SP2020,SP2020-class 3,21,1905ADJIHI,,,3.5,4.6,5,Passed,9
SP2020,SP2020-class 3,22,1905ADJAIJ,,,7,9,8.1,Passed,8
SP2020,SP2020-class 3,23,1905ADJBGD,,,7.5,6.6,7.7,Passed,8.5
SP2020,SP2020-class 3,24,1905ADJGAC,,,8.5,6.8,7.7,Passed,7.8
SP2020,SP2020-class 3,25,1905ADJIBG,,,7,6.6,7.4,Passed,8.5
SP2020,SP2020-class 3,26,1905ADJBIG,,,7.5,7,7.6,Passed,7.8
SP2020,SP2020-class 4,1,1905ADJFCI,,,10,7.2,9,Passed,9.5
SP2020,SP2020-class 4,2,1905ADJFEA,,,9.5,7.8,9.1,Passed,10
SP2020,SP2020-class 4,3,1905ADJFHB,,,6,6.2,6.7,Passed,8.5
SP2020,SP2020-class 4,4,1905ADJCHJ,,,6,5.6,6.5,Passed,7
SP2020,SP2020-class 4,5,1905ADJDEE,,,6.5,4.4,6.4,Passed,8.5
SP2020,SP2020-class 4,6,1905ADJGDE,,,8,7,7.9,Passed,8.8
SP2020,SP2020-class 4,7,1905ADJFFA,,,10,6.4,8.9,Passed,10
SP2020,SP2020-class 4,8,1905ADJGGE,,,6,6,6.4,Passed,7.5
SP2020,SP2020-class 4,9,1905ADJIFG,,,5.5,4.6,5.8,Passed,7.5
SP2020,SP2020-class 4,10,1905ADJDFA,,,3,5.4,4.4,Not Passed,8
SP2020,SP2020-class 4,11,1905FBFEB,,,0,0,0,Attendance Fail,0
SP2020,SP2020-class 4,12,1905ADJGEH,,,6,5.2,6.3,Passed,9
SP2020,SP2020-class 4,13,1905ADJBJB,,,7.5,7.8,8.2,Passed,9.5
SP2020,SP2020-class 4,14,1905FBGAA,,,0,0,0,Attendance Fail,0
SP2020,SP2020-class 4,15,1905ADJEFI,,,6,4.4,5.9,Passed,7.8
SP2020,SP2020-class 4,16,1905FCAFJ,,,0,0,0,Attendance Fail,0
SP2020,SP2020-class 4,17,1905ADJEBD,,,0,0,0,Attendance Fail,0
SP2020,SP2020-class 4,18,1905JDBEG,,,0,0,0,Attendance Fail,0
SP2020,SP2020-class 4,19,1905ACJBFH,,,0,0,0,Attendance Fail,0
SP2020,SP2020-class 4,20,1905ACJAEG,,,0,0,0,Attendance Fail,0
SP2020,SP2020-class 4,21,1905ADJEED,,,0,0,0,Attendance Fail,0
SP2020,SP2020-class 4,22,1905ADJDDH,,,7,6.4,7.2,Passed,8.5
SP2020,SP2020-class 4,23,1905ADJEIJ,,,7,7,7.5,Passed,9
SP2020,SP2020-class 5,1,1905ADAJAI,,,10,9,9.2,Passed,7.6
SP2020,SP2020-class 5,2,1905ADAJHC,,,10,7.8,8.9,Passed,7.9
SP2020,SP2020-class 5,3,1905ADAAEA,,,10,4.8,6.7,Passed,2.8
SP2020,SP2020-class 5,4,1905ADJDDE,,,10,4.6,7.8,Passed,7.3
SP2020,SP2020-class 5,5,1905ADJIIG,,,5.7,4.8,5.6,Passed,7.8
SP2020,SP2020-class 5,6,1905ADJAJH,,,10,7.8,9,Passed,8.4
SP2020,SP2020-class 5,7,1905ADJHHB,,,10,7.8,8.9,Passed,8.2
SP2020,SP2020-class 5,8,1905ADJAAG,,,10,9.2,9.3,Passed,8
SP2020,SP2020-class 5,9,1905ADJACF,,,10,5.2,8.1,Passed,8.1
SP2020,SP2020-class 5,10,1905ADJFGB,,,10,6,8.3,Passed,7.8
SP2020,SP2020-class 5,11,1905ADJIHC,,,10,5.8,8.3,Passed,7.9
SP2020,SP2020-class 5,12,1905ADJEIE,,,10,6.2,8.3,Passed,7.7
SP2020,SP2020-class 5,13,1905ADJIAJ,,,10,7.4,8.8,Passed,8.6
SP2020,SP2020-class 5,14,1905ADJBCF,,,0,0,0.5,Attendance Fail,0
SP2020,SP2020-class 5,15,1905ADJAEA,,,10,6,8.3,Passed,7.8
SP2020,SP2020-class 5,16,1905ADAJFB,,,10,4.8,7.5,Passed,5.7
SP2020,SP2020-class 5,17,1905ADJBDB,,,0,0,0.1,Attendance Fail,0
SP2020,SP2020-class 5,18,1905ADJABI,,,10,7.6,8.8,Passed,8
SP2020,SP2020-class 5,19,1905ADJHGH,,,10,5,7.8,Passed,8.1
SP2020,SP2020-class 5,20,1905FCJIE,,,9,4,6.7,Passed,8.3
SP2020,SP2020-class 6,1,1905ADAACE,,,10,8.4,9.3,Passed,9
SP2020,SP2020-class 6,2,1905ADAJDJ,,,0,0,0,Attendance Fail,0
SP2020,SP2020-class 6,3,1905ACJDAG,,,0,0,0.3,Not Passed,1.6
SP2020,SP2020-class 6,4,1905ADJHAH,,,4,0,4.3,Not Passed,8.4
SP2020,SP2020-class 6,5,1905ADJJAF,,,4,6,5.6,Passed,7.8
SP2020,SP2020-class 6,6,1905ADJEBB,,,6,5.4,6.3,Passed,7.3
SP2020,SP2020-class 6,7,1905ACJBDG,,,4,4.2,5.1,Passed,8.2
SP2020,SP2020-class 6,8,1905ACJBHJ,,,0,0,0.9,Attendance Fail,4.4
SP2020,SP2020-class 6,9,1905ACJJJD,,,6,5.6,6.5,Passed,8.3
SP2020,SP2020-class 6,10,1905ADJIEG,,,10,7.6,9,Passed,8.5
SP2020,SP2020-class 6,11,1905ACJCJF,,,3,4,4.6,Not Passed,7.4
SP2020,SP2020-class 6,12,1905ADJJFH,,,0,0,1.3,Attendance Fail,6.6
SP2020,SP2020-class 6,13,1905ADJAJB,,,0,0,0.9,Attendance Fail,4.6
SP2020,SP2020-class 6,14,1905ADJHAF,,,9,4,7.4,Passed,8.5
SP2020,SP2020-class 6,15,1905ADAAEJ,,,10,8.6,9.5,Passed,9.6
SP2020,SP2020-class 6,16,1905ADJIGI,,,10,8.8,9.3,Passed,8.3
SP2020,SP2020-class 6,17,1905ADJJAG,,,4,5.8,5.8,Passed,9.4
SP2020,SP2020-class 6,18,1905ADJCDD,,,10,6.4,8,Passed,5.5
SP2020,SP2020-class 6,19,1905ADJBGE,,,10,7.4,8.8,Passed,7.8
SP2020,SP2020-class 6,20,1905ADJGCG,,,10,9,9.4,Passed,8.5
SP2020,SP2020-class 6,21,1905ACJBEC,,,4,4.8,5.2,Passed,7.8
SP2020,SP2020-class 6,22,1905ADJDHI,,,8,5.4,7.1,Passed,7.4
SP2020,SP2020-class 7,1,1905ADJEJD,,,8,8.2,8.1,Passed,8.4
SP2020,SP2020-class 7,2,1905ADJCHB,,,4,5,5.4,Passed,7.8
SP2020,SP2020-class 7,3,1905FCCAG,,,0,0,0,Attendance Fail,0
SP2020,SP2020-class 7,4,1905ADJGBA,,,5,6.4,5.4,Passed,6.8
SP2020,SP2020-class 7,5,1905ADJIED,,,8,7.6,7.7,Passed,7.1
SP2020,SP2020-class 7,6,1905ADJBDH,,,5,5,6,Passed,7.8
SP2020,SP2020-class 7,7,1905ADJCDB,,,0,0,0.8,Attendance Fail,4.1
SP2020,SP2020-class 7,8,1905ADJJHH,,,9,6.4,7.9,Passed,7.6
SP2020,SP2020-class 7,9,1905FBDFD,,,0,0,0,Attendance Fail,0
SP2020,SP2020-class 7,10,1905ADJIIF,,,8,8,8.2,Passed,8.8
SP2020,SP2020-class 7,11,1905ADJADE,,,0,0,0,Attendance Fail,0
SP2020,SP2020-class 7,12,1905ADJBBC,,,5,5.4,6,Passed,7.3
SP2020,SP2020-class 7,13,1905ADJBAC,,,5,5.2,6,Passed,7.6
SP2020,SP2020-class 7,14,1905ADAJBG,,,5,4.6,6.1,Passed,9.1
SP2020,SP2020-class 7,15,1905FBIDH,,,8,5.8,7.2,Passed,7.2
SP2020,SP2020-class 7,16,1905ADJBHD,,,9,6.6,7.9,Passed,7.3
SP2020,SP2020-class 7,17,1905ADJGEA,,,4,4.8,5,Passed,7.7
SP2020,SP2020-class 7,18,1905ADAJAH,,,8,4.4,6.9,Passed,8.1
SP2020,SP2020-class 7,19,1905ADJHFH,,,5,5.4,6.1,Passed,7.9
SP2020,SP2020-class 7,20,1905ADAJGH,,,0,0,0.8,Attendance Fail,4.1
SP2020,SP2020-class 7,21,1905ADJCEG,,,7,6,6.8,Passed,7.5
SP2020,SP2020-class 7,22,1905ADJJGB,,,5,7,6.4,Passed,7.3
SP2020,SP2020-class 8,1,1905ADJFGD,,,3,5,5,Passed,7.9
SP2020,SP2020-class 8,2,1905ADJFGI,,,5,5.4,5.9,Passed,8
SP2020,SP2020-class 8,3,1905ADJGCB,,,5,7.2,6.5,Passed,8.3
SP2020,SP2020-class 8,4,1905ADAJAE,,,5,5.4,5.9,Passed,7.7
SP2020,SP2020-class 8,5,1905ADJHBI,,,9,8.2,8.5,Passed,7.6
SP2020,SP2020-class 8,6,1905ADJGDB,,,5,6,6.1,Passed,8.3
SP2020,SP2020-class 8,7,1905ADJHCB,,,4,7.6,6.2,Passed,7.8
SP2020,SP2020-class 8,8,1905ACJDDE,,,5,5.8,5.1,Passed,3.3
SP2020,SP2020-class 8,9,1905ADJHCJ,,,6,8.6,7.2,Passed,7.8
SP2020,SP2020-class 8,10,1905ADJFEI,,,5,6,5.9,Passed,7.7
SP2020,SP2020-class 8,11,1905ADJJBH,,,5,8.6,7,Passed,8.8
SP2020,SP2020-class 8,12,1905ADJFGF,,,5,5.6,5.9,Passed,8.1
SP2020,SP2020-class 8,13,1905ADJFGE,,,5,6.8,6.3,Passed,7.8
SP2020,SP2020-class 8,14,1905ACJAGB,,,4,4.8,5.3,Passed,7.3
SP2020,SP2020-class 8,15,1905ACJBIF,,,5,5.8,6,Passed,8.6
SP2020,SP2020-class 8,16,1905ADJHCA,,,4,8,6.5,Passed,8.4
SP2020,SP2020-class 8,17,1905ADJEDG,,,6,8,7.4,Passed,8.9
SP2020,SP2020-class 8,18,1905ADJFCC,,,8,7.2,7.7,Passed,8.4
SP2020,SP2020-class 8,19,1905ADJGCJ,,,5,7.2,6.2,Passed,6.7
SP2020,SP2020-class 8,20,1905ACJAJE,,,4,4.8,5.4,Passed,8.9
SP2020,SP2020-class 8,21,1905ACJCBF,,,0,0,1.5,Not Passed,4.4
SP2020,SP2020-class 8,22,1905ADJGDC,,,4,7.4,6.2,Passed,8.6
SP2020,SP2020-class 8,23,1905ADAAGB,,,5,8.2,6.8,Passed,8.4
SP2020,SP2020-class 9,1,1905ADJCJF,,,4,5.2,5.1,Passed,7.6
SP2020,SP2020-class 9,2,1905ADAJEI,,,0,0,1.6,Attendance Fail,8.1
SP2020,SP2020-class 9,3,1905ADAJJC,,,0,0,1.6,Not Passed,4.1
SP2020,SP2020-class 9,4,1905ADJDDG,,,5,5,5.9,Passed,7.6
SP2020,SP2020-class 9,5,1905ADJEBH,,,5,0,4.1,Not Passed,6.8
SP2020,SP2020-class 9,6,1905ADJCFH,,,9,5.8,7.7,Passed,7.3
SP2020,SP2020-class 9,7,1905ACJAFF,,,8,4.8,6.7,Passed,7.7
SP2020,SP2020-class 9,8,1905ADJCFB,,,5,7.2,6.5,Passed,8
SP2020,SP2020-class 9,9,1905ADAJFF,,,5,7.2,5.5,Passed,6.1
SP2020,SP2020-class 9,10,1905ACJAHI,,,0,0,2.4,Attendance Fail,8.6
SP2020,SP2020-class 9,11,1905ADJGED,,,5,4.6,4.7,Not Passed,6.9
SP2020,SP2020-class 9,12,1905ADJIFH,,,9,8.4,8.5,Passed,7.2
SP2020,SP2020-class 9,13,1905ADJJIJ,,,5,5,6,Passed,7.8
SP2020,SP2020-class 9,14,1905ADJCGB,,,4,5,5.3,Passed,7.2
SP2020,SP2020-class 9,15,1905ADAACJ,,,5,7.8,6.5,Passed,7.5
SP2020,SP2020-class 9,16,1905ADJIJD,,,5,6,6.2,Passed,8.3
SP2020,SP2020-class 9,17,1905ADJJIB,,,5,8.6,6.8,Passed,7.7
SP2020,SP2020-class 9,18,1905ADJIFI,,,0,0,0.6,Not Passed,3.1
SP2020,SP2020-class 9,19,1905ADJEBF,,,5,4,4.8,Not Passed,7.4
SP2020,SP2020-class 9,20,1905ADJECB,,,0,0,0.9,Attendance Fail,4.6
SP2020,SP2020-class 9,21,1905ADJFAD,,,8,4.2,6.7,Passed,7.3
SP2020,SP2020-class 9,22,1905FAIAH,,,0,0,0.8,Attendance Fail,4
SP2020,SP2020-class 10,1,1905ADJEIA,,,5,0,4.8,Not Passed,9
SP2020,SP2020-class 10,2,1905ADAJFJ,,,3,6.4,4.9,Not Passed,6
SP2020,SP2020-class 10,3,1905ADJEIC,,,9.5,5.8,8.5,Passed,10
SP2020,SP2020-class 10,4,1905ADJACC,,,6,6.8,6.4,Passed,6.5
SP2020,SP2020-class 10,5,1905ACJBJH,,,5,4.6,5.9,Passed,8
SP2020,SP2020-class 10,6,1905ADJHBE,,,7.5,7.4,7.6,Passed,9
SP2020,SP2020-class 10,7,1905ADAJFC,,,10,5.8,8.6,Passed,9.5
SP2020,SP2020-class 10,8,1905ADJAEC,,,5.5,4,5.8,Passed,8.5
SP2020,SP2020-class 10,9,1905ADJGFB,,,3,0,3.8,Attendance Fail,8
SP2020,SP2020-class 10,10,1905ADJFAF,,,6,4.8,6.3,Passed,7.3
SP2020,SP2020-class 10,11,1905ADJJEG,,,6,6.8,6.6,Passed,7.8
SP2020,SP2020-class 10,12,1905ADJEHG,,,6,6,6.4,Passed,7.5
SP2020,SP2020-class 10,13,1905ADJAFA,,,8.5,6.2,7.9,Passed,8.5
SP2020,SP2020-class 10,14,1905ADJAHF,,,0,0,0,Attendance Fail,0
SP2020,SP2020-class 10,15,1905ACJDCE,,,3,5,5.3,Passed,7.5
SP2020,SP2020-class 10,16,1905ADJFAE,,,6,5.4,6.3,Passed,8
SP2020,SP2020-class 10,17,1905ACJCHE,,,3,6.4,5.7,Passed,8
SP2020,SP2020-class 10,18,1905ADJBEJ,,,7,6.6,7.6,Passed,9
SP2020,SP2020-class 10,19,1905ADJJIH,,,6,6,5.8,Passed,7.5
SP2020,SP2020-class 10,20,1905ADJFAC,,,5,5.8,6.2,Passed,7.8
SP2020,SP2020-class 10,21,1905ADJFFH,,,4.5,5.2,5.9,Passed,8
SP2020,SP2020-class 11,1,1905ACJDCC,,,5,4,5.2,Passed,6.1
SP2020,SP2020-class 11,2,1905ADAJJG,,,4,4.2,5.2,Passed,7.6
SP2020,SP2020-class 11,3,1905ADAACB,,,5,4,5.6,Passed,8.3
SP2020,SP2020-class 11,4,1905ACJEBF,,,7,5,5.9,Passed,8.1
SP2020,SP2020-class 11,5,1905ADJFBJ,,,6,4.6,6.2,Passed,8.2
SP2020,SP2020-class 11,6,1905ADJFDF,,,5,4,5.6,Passed,8
SP2020,SP2020-class 11,7,1905ACJFCC,,,5,5.4,5.9,Passed,7.7
SP2020,SP2020-class 11,8,1905ADJEIF,,,0,0,0,Attendance Fail,0
SP2020,SP2020-class 11,9,1905ACJDID,,,2,7,5.9,Passed,9.6
SP2020,SP2020-class 11,10,1905ADJGGG,,,5,4.8,5.9,Passed,8.3
SP2020,SP2020-class 11,11,1905ADJIFA,,,7,6.4,6.9,Passed,8.1
SP2020,SP2020-class 11,12,1905ACJBEJ,,,0,0,0,Attendance Fail,0
SP2020,SP2020-class 11,13,1905ADAJBD,,,0,0,0,Attendance Fail,0
SP2020,SP2020-class 11,14,1905ADAJAC,,,5,5.6,5.9,Passed,7.3
SP2020,SP2020-class 11,15,1905ADJJGC,,,0,0,0,Attendance Fail,0
SP2020,SP2020-class 11,16,1905ADJIIE,,,5,6.4,6,Passed,7
SP2020,SP2020-class 11,17,1905ACJBFA,,,0,0,0,Attendance Fail,0
SP2020,SP2020-class 11,18,1905FBJEB,,,0,0,0,Attendance Fail,0
SP2020,SP2020-class 11,19,1905ACJDFG,,,5,5.2,5,Passed,6.1
SP2020,SP2020-class 11,20,1905ADJEGJ,,,0,0,0.6,Not Passed,2.8
SP2020,SP2020-class 11,21,1905ADJFBD,,,5,4.4,5.6,Passed,7.9
SP2021,SP2021-class 1,1,1905AEABAJ,,,7.5,4.6,6.6,Passed,8
SP2021,SP2021-class 1,2,1905ACJDAG,,,7.5,4,6.1,Passed,6
SP2021,SP2021-class 1,3,1905ACJAGE,,,0,0,0,Attendance Fail,0
SP2021,SP2021-class 1,4,1905ADJCDJ,,,7.5,4.4,5.8,Passed,4
SP2021,SP2021-class 1,5,1905AEJGIC,,,8,5,7.1,Passed,8.5
SP2021,SP2021-class 1,6,1905ACJDEJ,,,0,0,1.4,Attendance Fail,0
SP2021,SP2021-class 1,7,1905ADJHDE,,,8,4.6,6.8,Passed,7.5
SP2021,SP2021-class 1,8,1905ADJGHH,,,7,5,6.4,Passed,7
SP2021,SP2021-class 1,9,1905ACJFAI,,,8,4.8,7.1,Passed,8.5
SP2021,SP2021-class 1,10,1905ACJEJC,,,0,0,1.4,Not Passed,7
SP2021,SP2021-class 1,11,1905ADJHFF,,,7,4,6.1,Passed,7
SP2021,SP2021-class 1,12,1905ADJCII,,,7.5,4.6,6.2,Passed,5
SP2021,SP2021-class 1,13,1905ADJIID,,,8,5,7.1,Passed,8
SP2021,SP2021-class 1,14,1905FBIFF,,,0,0,0,Attendance Fail,0
SP2021,SP2021-class 1,15,1905ADJDGJ,,,7,5.6,6.9,Passed,8
SP2021,SP2021-class 1,16,1905ADJIFI,,,7.5,4.2,6.4,Passed,7.5
SP2021,SP2021-class 1,17,1905ADJCIF,,,8,3.6,6.6,Not Passed,7.5
SP2021,SP2021-class 1,18,1905ADJGFE,,,9,5.6,7.4,Passed,7
SP2021,SP2021-class 2,1,1905ADJJFA,,,8,8.2,8.3,Passed,8.1
SP2021,SP2021-class 2,2,1905ADJGDF,,,0,0,0,Attendance Fail,0
SP2021,SP2021-class 2,3,1905ACJBCD,,,7,6,6.7,Passed,8.4
SP2021,SP2021-class 2,4,1905ADJFBE,,,8,4.4,6.6,Passed,8.6
SP2021,SP2021-class 2,5,1905ADJGFJ,,,7,5.2,6.5,Passed,7.7
SP2021,SP2021-class 2,6,1905ACJEBH,,,8,7.8,7.6,Passed,7.5
SP2021,SP2021-class 2,7,1905ACJAGE,,,7,4.2,6,Passed,7.4
SP2021,SP2021-class 2,8,1905AEJFIA,,,8,3.6,6.5,Not Passed,8.9
SP2021,SP2021-class 2,9,1905ACJAHI,,,0,0,0,Attendance Fail,0
SP2021,SP2021-class 2,10,1905JDBEG,,,8,4,6.8,Passed,8.3
SP2021,SP2021-class 2,11,1905ADJJDD,,,7,4.2,6.1,Passed,8
SP2021,SP2021-class 2,12,1905ACJBFA,,,8,5,6.8,Passed,8.4
SP2021,SP2021-class 2,13,1905ACJJIE,,,7,4.6,6.3,Passed,8.1
SP2021,SP2021-class 2,14,1905ACJEIG,,,8,5.8,7.1,Passed,9.4
SP2021,SP2021-class 2,15,1905ADAAHB,,,10,7.8,9,Passed,9.6
SP2021,SP2021-class 2,16,1905ADJGCI,,,7,7.4,7.5,Passed,8.3
SP2021,SP2021-class 3,1,1905AEJFAH,,,10,5,7.8,Passed,8.6
SP2021,SP2021-class 3,2,1905AEACBH,,,10,4.2,7.6,Passed,8.2
SP2021,SP2021-class 3,3,1905AEJFFD,,,10,6.4,8.4,Passed,9.4
SP2021,SP2021-class 3,4,1905FBIIJ,,,0,0,0,Attendance Fail,0
SP2021,SP2021-class 3,5,1905AEABAH,,,10,4,7.6,Passed,8.9
SP2021,SP2021-class 3,6,1905AEACJJ,,,10,6.8,8.5,Passed,8.4
SP2021,SP2021-class 3,7,1905AEJGFG,,,10,4,7.5,Passed,8.6
SP2021,SP2021-class 3,8,1905AEABAC,,,10,6.2,8.3,Passed,8.9
SP2021,SP2021-class 3,9,1905AEJGGG,,,10,4.8,8,Passed,8.9
SP2021,SP2021-class 3,10,1905AEJGIA,,,10,5.4,8,Passed,8.6
SP2021,SP2021-class 3,11,1905ADJJAC,,,8,7,7.7,Passed,8.7
SP2021,SP2021-class 3,12,1905ADJADG,,,8,4.2,6.5,Passed,9.1
SP2021,SP2021-class 3,13,1905AEJHIF,,,10,4,7.7,Passed,9.3
SP2021,SP2021-class 3,14,1905AEJHIA,,,10,5.2,7.8,Passed,9
SP2021,SP2021-class 3,15,1905AEADHD,,,10,4.2,7.3,Passed,9.1
SP2021,SP2021-class 3,16,1905AEABIC,,,0,0,0,Attendance Fail,0
SP2021,SP2021-class 3,17,1905AEJDEJ,,,6,4,6.3,Passed,9.1
SP2021,SP2021-class 3,18,1905AEABFI,,,10,6.8,8.5,Passed,8.4
SP2021,SP2021-class 3,19,1905ACJAHI,,,0,0,0,Attendance Fail,0
SP2021,SP2021-class 3,20,1905AEAECC,,,10,5.8,8,Passed,9.1
SP2021,SP2021-class 3,21,1905AEJIHG,,,10,5.2,7.8,Passed,7.9
SP2021,SP2021-class 3,22,1905AEJFJA,,,10,8.4,9.4,Passed,9.4
SP2021,SP2021-class 3,23,1905AEJCJA,,,10,6.8,8.8,Passed,9.3
SP2021,SP2021-class 3,24,1905AEJCIC,,,6,6.6,6.9,Passed,8.9
SP2021,SP2021-class 3,25,1905FCADA,,,0,0,0,Attendance Fail,0
SP2021,SP2021-class 3,26,1905AEAJIJ,,,10,4.6,7.7,Passed,8.9
SP2021,SP2021-class 3,27,1905ADJDED,,,8,4.6,6.1,Passed,7.3
SP2021,SP2021-class 3,28,1905AEAACJ,,,10,6.8,8.4,Passed,9.1
SP2021,SP2021-class 3,29,1905AEAECI,,,10,8,9.2,Passed,8.9
SP2021,SP2021-class 3,30,1905ADJFHH,,,8,5.4,6.8,Passed,8.6
SP2021,SP2021-class 4,1,1905ACJFFB,,,0,0,0.5,Attendance Fail,0
SP2021,SP2021-class 4,2,1905ADJAGH,,,5.8,4.6,6,Passed,8.9
SP2021,SP2021-class 4,3,1905ADJGEE,,,9.4,5.4,7.8,Passed,9.1
SP2021,SP2021-class 4,4,1905ADJHFA,,,9.3,5,7.5,Passed,8.4
SP2021,SP2021-class 4,5,1905ADJIAC,,,9.3,4.6,7.4,Passed,8.4
SP2021,SP2021-class 4,6,1905ADJEJC,,,7.6,4.2,6.3,Passed,7.3
SP2021,SP2021-class 4,7,1905ACJEDH,,,0,0,0.1,Attendance Fail,0
SP2021,SP2021-class 4,8,1905ADJCDC,,,8.9,4.8,7.3,Passed,8.8
SP2021,SP2021-class 4,9,1905ADJCGH,,,7.7,4,5.7,Passed,4.7
SP2021,SP2021-class 4,10,1905ADJIBI,,,4.9,5.4,6.1,Passed,8.6
SP2021,SP2021-class 4,11,1905ADJHFI,,,8.9,4.8,6.3,Passed,4.4
SP2021,SP2021-class 4,12,1905ADJCAJ,,,9.2,6,7.8,Passed,8.9
SP2021,SP2021-class 4,13,1905ADJHEA,,,7.6,5,5.9,Passed,3.8
SP2021,SP2021-class 4,14,1905ACJCCC,,,9.3,4.6,7.4,Passed,8.6
SP2021,SP2021-class 4,15,1905ADJBJC,,,9.2,5,7.5,Passed,8.9
SP2021,SP2021-class 4,16,1905ADAACA,,,8.1,0,5.4,Not Passed,9.5
SP2021,SP2021-class 4,17,1905ADJAAI,,,8.1,6,7.3,Passed,8.8
SP2021,SP2021-class 4,18,0405AFJJJC,,,8.1,4.6,7.1,Passed,9.1
SP2021,SP2021-class 4,19,1905ADJECB,,,9.3,5,7.3,Passed,7.8
SP2021,SP2021-class 4,20,1905ACJGDF,,,0,0,0,Attendance Fail,0
SP2021,SP2021-class 5,1,1905AEJAHD,,,9.5,6.4,8.2,Passed,8.8
SP2021,SP2021-class 5,2,1905AEJJEI,,,9.8,8.2,9.1,Passed,8.9
SP2021,SP2021-class 5,3,1905AEJJID,,,9.9,8.4,9.2,Passed,9.1
SP2021,SP2021-class 5,4,1905AEJBBD,,,9.1,7.6,8.3,Passed,9.5
SP2021,SP2021-class 5,5,1905AEABIJ,,,9.8,7,8.8,Passed,9.6
SP2021,SP2021-class 5,6,1905AEJBCJ,,,9.8,5.2,8.3,Passed,9.4
SP2021,SP2021-class 5,7,1905AEJBHF,,,4.4,4.2,5.9,Passed,8.4
SP2021,SP2021-class 5,8,1905AEJBJE,,,9.8,6,8.5,Passed,9.4
SP2021,SP2021-class 5,9,1905AEJAIH,,,9.7,8.2,9.1,Passed,9.5
SP2021,SP2021-class 5,10,1905ADAAFG,,,6.6,4.4,6.9,Passed,9.1
SP2021,SP2021-class 5,11,1905AEAECA,,,9.6,6.4,8,Passed,7.7
SP2021,SP2021-class 5,12,1905AEJBIA,,,9.8,5.6,8.2,Passed,8.9
SP2021,SP2021-class 5,13,1905AEJAAB,,,9.9,8,9.2,Passed,9.2
SP2021,SP2021-class 5,14,1905AEJJDF,,,9.9,7.8,9.1,Passed,9.3
SP2021,SP2021-class 5,15,1905AEJBAC,,,10,7,9,Passed,9.5
SP2021,SP2021-class 5,16,1905AEABIE,,,9.8,8,9.1,Passed,9.4
SP2021,SP2021-class 5,17,1905AEJBEF,,,8.7,5.4,6.4,Passed,3.9
SP2021,SP2021-class 5,18,1905AEJJAF,,,8.1,5.8,7.6,Passed,8.9
SP2021,SP2021-class 5,19,1905ADAJCG,,,9.4,4,7.4,Passed,8.6
SP2021,SP2021-class 5,20,1905AEJADC,,,9,5.2,7.4,Passed,8.6
SP2021,SP2021-class 5,21,1905AEJBFC,,,4,4,5.5,Passed,9.1
SP2021,SP2021-class 5,22,1905AEJAID,,,9,5.8,7.1,Passed,6.9
SP2021,SP2021-class 5,23,1905AEJAAE,,,9.9,8.4,9.4,Passed,9.5
SP2021,SP2021-class 5,24,1905AEJJDA,,,7.4,7.8,7.8,Passed,7.8
SP2021,SP2021-class 5,25,1905AEJJEC,,,9.9,6.8,8.8,Passed,9.3
SP2021,SP2021-class 5,26,1905AEJABD,,,8.8,6.2,7.5,Passed,9.1
SP2021,SP2021-class 5,27,1905AEJAIE,,,8.1,5.6,7.4,Passed,8.9
SP2021,SP2021-class 5,28,1905ADJHHA,,,9.5,6.2,7.3,Passed,4.6
SP2021,SP2021-class 5,29,1905AEJCAJ,,,9.9,6,8.5,Passed,9.3
SP2021,SP2021-class 5,30,1905AEJCAA,,,7.5,4.8,7.3,Passed,9.3
SP2021,SP2021-class 6,1,1905ADJEIA,,,8.9,4.4,7,Passed,8.7
SP2021,SP2021-class 6,2,1905ACJEBD,,,1.4,4.4,4.5,Not Passed,8.9
SP2021,SP2021-class 6,3,1905ACJCFC,,,8.3,5,6.9,Passed,7.9
SP2021,SP2021-class 6,4,1905ADJBEE,,,8.5,4.4,7,Passed,7.8
SP2021,SP2021-class 6,5,1905ADJBID,,,6.3,5.4,6.7,Passed,8.9
SP2021,SP2021-class 6,6,1905ADAJEE,,,8.7,5.8,7.9,Passed,9.4
SP2021,SP2021-class 6,7,1905AEJJIE,,,0,0,0,Attendance Fail,0
SP2021,SP2021-class 6,8,1905AEJFAD,,,8.9,4.8,7.1,Passed,8.6
SP2021,SP2021-class 6,9,1905ADJAIF,,,9.2,8,8.4,Passed,9.1
SP2021,SP2021-class 6,10,1905AEJJIJ,,,9.3,4,7.4,Passed,9.3
SP2021,SP2021-class 6,11,1905FCCHD,,,0,0,0,Attendance Fail,0
SP2021,SP2021-class 6,12,1905AEJEFJ,,,9.9,9.8,9.7,Passed,9.6
SP2021,SP2021-class 6,13,1905AEJHBI,,,9.6,8.4,8.9,Passed,9
SP2021,SP2021-class 6,14,1905AEJAAH,,,9.9,9,9.5,Passed,9.7
SP2021,SP2021-class 6,15,1905ADJAFC,,,8.3,6.6,7.1,Passed,8.8
SP2021,SP2021-class 6,16,1905ADJDDB,,,7.8,5.6,6.9,Passed,8.9
SP2021,SP2021-class 6,17,1905ADJIGC,,,8.2,5,7.1,Passed,8.9
SP2021,SP2021-class 6,18,1905AEJBAE,,,9.6,8.2,8.9,Passed,9.5
SP2021,SP2021-class 6,19,1905ADJBAA,,,7.7,4.4,6.2,Passed,7.9
SP2021,SP2021-class 6,20,1905ADJHDD,,,5.6,5,4.8,Not Passed,3.2
SP2021,SP2021-class 6,21,1905AEJCEJ,,,7.2,5.6,6.6,Passed,8.8
SP2021,SP2021-class 6,22,1905ADJBAG,,,8,5.4,7.1,Passed,9.3
SP2021,SP2021-class 6,23,1905ADJECD,,,7.2,5.4,5.4,Passed,4.9
SP2021,SP2021-class 6,24,1905ADJJGI,,,7.8,4.2,6,Passed,7.8
SP2021,SP2021-class 6,25,1905ADAAJA,,,8.6,4,7,Passed,7.9
SP2021,SP2021-class 6,26,1905ADJGFG,,,0,0,0,Attendance Fail,0
SP2021,SP2021-class 6,27,1905AEJDBB,,,7.3,5,6.2,Passed,9
SP2021,SP2021-class 6,28,1905ADJFCD,,,1.4,0,3,Not Passed,7.9
SP2021,SP2021-class 6,29,1905AEJEFA,,,9.9,9,9.5,Passed,9.6
SP2021,SP2021-class 6,30,1905ADAJDG,,,8.5,4.2,7.3,Passed,9.7
SP2021,SP2021-class 7,1,1905ADJJDH,,,9.2,7.6,8.1,Passed,6.8
SP2021,SP2021-class 7,2,1905ADJCHD,,,7,4.4,6.4,Passed,7.9
SP2021,SP2021-class 7,3,1905AEABFJ,,,9.4,5.2,7.5,Passed,8
SP2021,SP2021-class 7,4,1905ADJGDF,,,0,0,0,Attendance Fail,0
SP2021,SP2021-class 7,5,1905ACJBGI,,,5.6,3.8,5.4,Not Passed,7.8
SP2021,SP2021-class 7,6,1905ADAJBJ,,,8.6,6,7.7,Passed,8.7
SP2021,SP2021-class 7,7,1905ADAAJD,,,4.6,5.4,4.8,Not Passed,3.5
SP2021,SP2021-class 7,8,1905ADJJJC,,,9.4,6,8,Passed,9.1
SP2021,SP2021-class 7,9,1905AEACJA,,,9.6,6.2,8.2,Passed,8.9
SP2021,SP2021-class 7,10,1905ACJCJH,,,7.6,5,7,Passed,9.2
SP2021,SP2021-class 7,11,1905ADJGIC,,,7.7,4.6,6.4,Passed,7.7
SP2021,SP2021-class 7,12,1905ACJBCA,,,8.1,4.8,7.1,Passed,8.9
SP2021,SP2021-class 7,13,1905ADAJEC,,,5.4,4.8,6,Passed,9.3
SP2021,SP2021-class 7,14,1905ADJGBI,,,4.3,5.4,6.3,Passed,8.8
SP2021,SP2021-class 7,15,1905ADJGFC,,,4.6,5.2,4.2,Not Passed,0
SP2021,SP2021-class 7,16,1905ADJHDB,,,9,4.4,7.4,Passed,8.2
SP2021,SP2021-class 7,17,1905ADAJBA,,,8.2,6.8,7.9,Passed,9.4
SP2021,SP2021-class 7,18,1905AEJIIH,,,9.5,6.6,8.2,Passed,8.6
SP2021,SP2021-class 7,19,1905ADJBCF,,,8.3,7,7.1,Passed,4.4
SP2021,SP2021-class 7,20,1905ADJHIH,,,8,6,7.3,Passed,8.6
SP2021,SP2021-class 7,21,1905JDBEG,,,8,0,3.8,Not Passed,0
SP2021,SP2021-class 7,22,1905ADJIBC,,,9.4,5.4,7.8,Passed,8.8
SP2021,SP2021-class 7,23,1905ADJIJA,,,8.8,6,7.2,Passed,7
SP2021,SP2021-class 7,24,1905ADAAFE,,,7.4,4.4,6.9,Passed,8.6
SP2021,SP2021-class 7,25,1905FBFHA,,,2,0,0.8,Attendance Fail,0
SP2021,SP2021-class 7,26,1905AEAABH,,,4.6,0,3.9,Not Passed,6.5
SP2021,SP2021-class 7,27,1905ADJJEJ,,,8.6,4.2,7.1,Passed,8.1
SP2021,SP2021-class 7,28,1905ADAJJA,,,0,0,0,Attendance Fail,0
SP2021,SP2021-class 7,29,1905ADJBJA,,,8.6,5.4,7.5,Passed,8.3
SP2021,SP2021-class 8,1,1905AEJFBB,,,9.3,6.2,7.9,Passed,8.3
SP2021,SP2021-class 8,2,1905AEJFBD,,,9.5,6,8.1,Passed,9.1
SP2021,SP2021-class 8,3,1905AEJFCD,,,8,5,6.8,Passed,8.7
SP2021,SP2021-class 8,4,1905AEJFFB,,,9.2,4.6,7.2,Passed,8.1
SP2021,SP2021-class 8,5,1905AEJFEC,,,8.3,6.6,7.6,Passed,8.8
SP2021,SP2021-class 8,6,1905AEJCGJ,,,3,0,1.6,Attendance Fail,0
SP2021,SP2021-class 8,7,1905ACJJBG,,,7.6,4.6,6.2,Passed,8.1
SP2021,SP2021-class 8,8,1905AEJDHC,,,9.2,6.6,8,Passed,9.3
SP2021,SP2021-class 8,9,1905AEJCIF,,,9.3,7.8,8.5,Passed,9.4
SP2021,SP2021-class 8,10,1905AEJEEE,,,7,4.2,5.6,Passed,3.5
SP2021,SP2021-class 8,11,1905ADJGIA,,,7.4,5,7,Passed,8.9
SP2021,SP2021-class 8,12,1905AEJCCB,,,8.7,7,8.1,Passed,8.6
SP2021,SP2021-class 8,13,1905AEJDBJ,,,9.2,4.2,7.3,Passed,9.4
SP2021,SP2021-class 8,14,1905AEJDIH,,,9.3,6.8,8.2,Passed,9.1
SP2021,SP2021-class 8,15,1905AEJDDC,,,9.4,7,8,Passed,7.8
SP2021,SP2021-class 8,16,1905AEJDID,,,9.2,5,7.5,Passed,8.9
SP2021,SP2021-class 8,17,1905AEJFIA,,,8.5,3.8,7,Not Passed,8.6
SP2021,SP2021-class 8,18,1905AEJEGH,,,9.2,5.4,7.8,Passed,8.9
SP2021,SP2021-class 8,19,1905AEJEBE,,,9.2,4.6,7.6,Passed,9.1
SP2021,SP2021-class 8,20,1905AEJDHJ,,,9.4,5.6,7.8,Passed,8.9
SP2021,SP2021-class 8,21,1905AEJCEC,,,8.1,6.2,7.3,Passed,8.8
SP2021,SP2021-class 8,22,1905ADJGHE,,,7.3,6,6.8,Passed,8.6
SP2021,SP2021-class 8,23,1905AEABFC,,,9.6,7.6,8.7,Passed,9.3
SP2021,SP2021-class 8,24,1905AEJEJJ,,,9.5,8.2,8.8,Passed,9.4
SP2021,SP2021-class 8,25,1905ADJCAH,,,8.4,4.4,6.3,Passed,7.9
SP2021,SP2021-class 8,26,1905ADJGFD,,,8.2,4.2,6.6,Passed,7.8
SP2021,SP2021-class 8,27,1905AEJEDG,,,9.7,9.6,9.5,Passed,9.6
SP2021,SP2021-class 8,28,1905AEJEJC,,,9.2,6.8,8.1,Passed,9.4
SP2021,SP2021-class 8,29,1905AEJEDH,,,9.4,5.8,7.9,Passed,8.8
SP2021,SP2021-class 9,1,1905ADJEAJ,,,8.4,4.4,7.1,Passed,8.6
SP2021,SP2021-class 9,2,1905AEJFDD,,,9.7,5.2,8.1,Passed,9.2
SP2021,SP2021-class 9,3,1905AEJFHA,,,9.5,5.4,8,Passed,9.1
SP2021,SP2021-class 9,4,1905AEJFII,,,9.8,5.8,8.2,Passed,8.2
SP2021,SP2021-class 9,5,1905AEJGAE,,,9.9,6.8,8.8,Passed,9.4
SP2021,SP2021-class 9,6,1905AEJGEE,,,9.7,5.6,7.8,Passed,7.1
SP2021,SP2021-class 9,7,1905AEACJC,,,8.6,5.8,7.7,Passed,8.8
SP2021,SP2021-class 9,8,1905AEJHDJ,,,9.7,8,8.8,Passed,8.5
SP2021,SP2021-class 9,9,1905AEJHEA,,,6.4,5.2,5.8,Passed,4.3
SP2021,SP2021-class 9,10,1905AEJHEG,,,9.1,5,7.4,Passed,8.9
SP2021,SP2021-class 9,11,1905AEJHEF,,,8.5,4.2,6.9,Passed,7.6
SP2021,SP2021-class 9,12,1905AEJHFD,,,10,8.4,9.4,Passed,9.4
SP2021,SP2021-class 9,13,1905AEJHIE,,,6.6,6.2,7.2,Passed,8.5
SP2021,SP2021-class 9,14,1905AEJHIJ,,,9.7,6.8,7.6,Passed,4.5
SP2021,SP2021-class 9,15,1905AEJIJG,,,8.7,5,7.7,Passed,9.1
SP2021,SP2021-class 9,16,1905AEAECF,,,9.6,6.6,8.4,Passed,9.3
SP2021,SP2021-class 9,17,1905AEJIBB,,,7.7,5.2,7,Passed,8.3
SP2021,SP2021-class 9,18,1905AEJIAH,,,8.5,5.2,7.3,Passed,8.2
SP2021,SP2021-class 9,19,1905AEJIEH,,,8.8,6,8.1,Passed,9.4
SP2021,SP2021-class 9,20,1905AEJIHD,,,9.6,7,8.4,Passed,8.8
SP2021,SP2021-class 9,21,1905AEJIID,,,8.7,5,6.6,Passed,4.8
SP2021,SP2021-class 9,22,1905AEAJAB,,,9.5,4.8,7.7,Passed,8.9
SP2021,SP2021-class 9,23,1905AEAJJI,,,9.6,6.6,8.4,Passed,8.9
SP2021,SP2021-class 9,24,1905AEAJJE,,,8.6,4,7.2,Passed,8.9
SP2021,SP2021-class 9,25,1905AEABDE,,,9,6.2,7.6,Passed,9.1
SP2021,SP2021-class 9,26,1905AEAJBH,,,9.9,7,7.9,Passed,4.6
SP2021,SP2021-class 9,27,1905AEAJCG,,,9.3,6.2,8,Passed,8.8
SP2021,SP2021-class 9,28,1905AEAJFG,,,9.8,7,8.5,Passed,8.3
SP2021,SP2021-class 9,29,1905AEACEI,,,10,8.6,9.4,Passed,9.3
SP2021,SP2021-class 9,30,1905AEABFF,,,8.8,4.8,7.7,Passed,9.5
SP2021,SP2021-class 10,1,1905AEABFD,,,7,7.8,7.4,Passed,8.4
SP2021,SP2021-class 10,2,1905AEABCH,,,0,0,0.9,Not Passed,2.3
SP2021,SP2021-class 10,3,1905AEJGAC,,,8,6.8,7.9,Passed,9.1
SP2021,SP2021-class 10,4,1905AEAAIH,,,8,8.2,7.8,Passed,7.7
SP2021,SP2021-class 10,5,1905AEAAID,,,2,7,5.3,Passed,7.7
SP2021,SP2021-class 10,6,1905AEABID,,,5,6.2,6,Passed,7.5
SP2021,SP2021-class 10,7,1905AEAAII,,,5,5.8,6,Passed,8.4
SP2021,SP2021-class 10,8,1905AEABAG,,,2,7.2,5.3,Passed,7.9
SP2021,SP2021-class 10,9,1905AEABJJ,,,3,7,5.8,Passed,9.1
SP2021,SP2021-class 10,10,1905AEABIH,,,2,6.2,5.1,Passed,8.2
SP2021,SP2021-class 10,11,1905AEABGC,,,4,7.4,6,Passed,7.8
SP2021,SP2021-class 10,12,1905AEAAIF,,,6,5,5.9,Passed,6.9
SP2021,SP2021-class 10,13,1905AEABAD,,,2,6,5.2,Passed,8.8
SP2021,SP2021-class 10,14,1905AEABDD,,,5,5.4,6,Passed,9.1
SP2021,SP2021-class 10,15,1905AEACJH,,,8,6,7.4,Passed,9.1
SP2021,SP2021-class 10,16,1905ADJEED,,,0,0,0.3,Not Passed,1.5
SP2021,SP2021-class 10,17,1905AEAJHB,,,9,7.2,8,Passed,8.8
SP2021,SP2021-class 10,18,1905AEAJHJ,,,7,7.4,7.3,Passed,8.3
SP2021,SP2021-class 10,19,1905AEAJIB,,,2,6.6,5.1,Passed,7.3
SP2021,SP2021-class 10,20,1905AEAABG,,,8,8.6,8.2,Passed,8.9
SP2021,SP2021-class 10,21,1905AEABEG,,,0,0,0.8,Not Passed,2
SP2021,SP2021-class 10,22,1905AEAACD,,,7,8.2,7.3,Passed,7.8
SP2021,SP2021-class 10,23,1905AEAAFA,,,4,4,5.2,Passed,8.8
SP2021,SP2021-class 10,24,1905ADJGCI,,,2,4.4,4.6,Not Passed,8.1
SP2021,SP2021-class 11,1,1905AEADDC,,,5,4.6,5.2,Passed,4.5
SP2021,SP2021-class 11,2,1905AEADAI,,,0,0,0,Attendance Fail,0
SP2021,SP2021-class 11,3,1905AEACFD,,,5,5.4,5.9,Passed,7.5
SP2021,SP2021-class 11,4,1905ADJFHA,,,0,0,0,Attendance Fail,0
SP2021,SP2021-class 11,5,1905AEACAA,,,7,5.6,7,Passed,8.5
SP2021,SP2021-class 11,6,1905AEACBI,,,4,5.6,5.6,Passed,6.5
SP2021,SP2021-class 11,7,1905AEJEDJ,,,7,7.8,8,Passed,9.5
SP2021,SP2021-class 11,8,1905ADJEGE,,,6,3.6,5.4,Not Passed,8.5
SP2021,SP2021-class 11,9,1905AEAECB,,,0,0,0,Attendance Fail,0
SP2021,SP2021-class 11,10,0305ADJFFI,,,2,5,4.1,Not Passed,5.5
SP2021,SP2021-class 11,11,1905AEADHH,,,8.5,6.8,8.2,Passed,9.5
SP2021,SP2021-class 11,12,1905AEADJG,,,3,4.2,5.1,Passed,7.5
SP2021,SP2021-class 11,13,1905AEACCI,,,4,5.2,5.9,Passed,8.3
SP2021,SP2021-class 11,14,1905AEACJI,,,7,4.8,6.6,Passed,8
SP2021,SP2021-class 11,15,1905AEAECH,,,8.5,7.2,8.5,Passed,9.3
SP2021,SP2021-class 11,16,1905AEAEBJ,,,6,5.8,6.3,Passed,7.3
SP2021,SP2021-class 11,17,1905AEACCD,,,4,4,5.4,Passed,8
SP2021,SP2021-class 11,18,1905AEADIH,,,4,4.6,5.7,Passed,8
SP2021,SP2021-class 11,19,1905ADJBGG,,,2,4.2,3.8,Not Passed,7.5
SP2021,SP2021-class 11,20,1905AEAEAH,,,0,0,0,Attendance Fail,0
SP2021,SP2021-class 11,21,1905AEACDD,,,5.5,6.4,6.9,Passed,9
SP2022,SP2022-class 1,1,1905AEJDGA,,,3,7.4,5.9,Passed,
SP2022,SP2022-class 1,2,1905AFABHJ,,,7,7.4,8,Passed,
SP2022,SP2022-class 1,3,1905AFJHFJ,,,6,8.4,8,Passed,
SP2022,SP2022-class 1,4,1905AEACHF,,,0,0,0.7,Not Passed,
SP2022,SP2022-class 1,5,1905AEJGJI,,,3,4.8,6,Passed,
SP2022,SP2022-class 1,6,1905AEJGJF,,,7,6.2,7.7,Passed,
SP2022,SP2022-class 1,7,1905AEJGEH,,,7,5,7.2,Passed,
SP2022,SP2022-class 1,8,1905AFJBBD,,,0,0,0.7,Not Passed,
SP2022,SP2022-class 1,9,1905ACJGBI,,,0,0,3.4,Not Passed,
SP2022,SP2022-class 1,10,1905AEJHAD,,,0,0,1.7,Not Passed,
SP2022,SP2022-class 1,11,1905AEJECB,,,8,8.6,8.7,Passed,
SP2022,SP2022-class 1,12,1905AFJHIJ,,,3,5.4,6.1,Passed,
SP2022,SP2022-class 1,13,1905AFJDBA,,,3,6.6,5.5,Passed,
SP2022,SP2022-class 1,14,1905AFJJDC,,,10,9.4,9.6,Passed,
SP2022,SP2022-class 1,15,1905AFJJIA,,,3,8.8,7.3,Passed,
SP2022,SP2022-class 1,16,1905AFJHCB,,,0,0,3.6,Not Passed,
SP2022,SP2022-class 1,17,1905AEJFAC,,,1,0,3.7,Not Passed,
SP2022,SP2022-class 1,18,1905AFAAGE,,,2,8,5.9,Passed,
SP2022,SP2022-class 1,19,1905AFJCEI,,,6,6.6,7.5,Passed,
SP2022,SP2022-class 1,20,1905AFJIBB,,,7,4.4,7.2,Passed,
SP2022,SP2022-class 1,21,1905AFAAIC,,,1,8,6.3,Passed,
SP2022,SP2022-class 1,22,1905AEJDFF,,,1,6.8,6,Passed,
SP2022,SP2022-class 1,23,1905AFJDDD,,,7,7.6,8.1,Passed,
SP2022,SP2022-class 1,24,1905AFAHIH,,,3,6.2,6.4,Passed,
SP2022,SP2022-class 1,25,1905AEJDAH,,,10,7.4,8.9,Passed,
SP2022,SP2022-class 1,26,1905AFJJBB,,,0,0,3.2,Not Passed,
SP2022,SP2022-class 1,27,1905AFJIAG,,,6,8,7.9,Passed,
SP2022,SP2022-class 1,28,1905AFJGEI,,,1,7.2,6,Passed,
SP2022,SP2022-class 2,1,1905AFABAG,,,1,5.4,5.6,Passed,
SP2022,SP2022-class 2,2,1905ACJFFB,,,0,0,0.3,Not Passed,
SP2022,SP2022-class 2,3,1905AFAFHJ,,,2,6,6.1,Passed,
SP2022,SP2022-class 2,4,1905AFAHIE,,,0,0,0.4,Not Passed,
SP2022,SP2022-class 2,5,1905AFJHGB,,,9,9.2,9.3,Passed,
SP2022,SP2022-class 2,6,1905AFJHFH,,,10,8,9,Passed,
SP2022,SP2022-class 2,7,1905AFJIDF,,,0,0,3.6,Not Passed,
SP2022,SP2022-class 2,8,1905AFBJJG,,,5,8,7.6,Passed,
SP2022,SP2022-class 2,9,1905AFAJEB,,,0,0,2.8,Not Passed,
SP2022,SP2022-class 2,10,1905AFAAGJ,,,4,8,7.2,Passed,
SP2022,SP2022-class 2,11,1905AFAEJH,,,9,8.4,9.1,Passed,
SP2022,SP2022-class 2,12,1905AEJHJC,,,0,0,3.6,Not Passed,
SP2022,SP2022-class 2,13,1905AFAJCC,,,8,8.4,8.7,Passed,
SP2022,SP2022-class 2,14,1905ADJCIA,,,1,3.8,3.4,Not Passed,
SP2022,SP2022-class 2,15,1905AFAGJC,,,1,6,5.1,Passed,
SP2022,SP2022-class 2,16,1905AFADEC,,,0,6.4,5.4,Not Passed,
SP2022,SP2022-class 2,17,1905AFAAAF,,,10,9,9.6,Passed,
SP2022,SP2022-class 2,18,1905AFAJIG,,,6,9,8.3,Passed,
SP2022,SP2022-class 2,19,1905AFAJHE,,,2,6.4,5.2,Passed,
SP2022,SP2022-class 2,20,1905AEJIGB,,,8,8.8,8.8,Passed,
SP2022,SP2022-class 2,21,1905AFADFD,,,8,7.6,8.5,Passed,
SP2022,SP2022-class 2,22,1905ACJEJC,,,0,0,2.9,Not Passed,
SP2022,SP2022-class 2,23,1905AEJIIG,,,6,8.2,8.1,Passed,
SP2022,SP2022-class 2,24,1905AEAJBC,,,8,9.4,8.9,Passed,
SP2022,SP2022-class 2,25,1905AEAJDB,,,3,6,6.3,Passed,
SP2022,SP2022-class 2,26,1905AFACJD,,,10,9.6,9.5,Passed,
SP2022,SP2022-class 2,27,1905AFJIGJ,,,7,7.6,8.2,Passed,
SP2022,SP2022-class 2,28,1905AFJIHB,,,3,5,6.2,Passed,
SP2022,SP2022-class 2,29,1905AFAHGF,,,7,8.6,8.5,Passed,
SP2022,SP2022-class 2,30,1905AFJEFA,,,2,7.8,6.8,Passed,
SP2022,SP2022-class 2,31,1905AFACHB,,,3,7.6,7,Passed,
SP2022,SP2022-class 3,1,1905ADAJFJ,,,6,6,6.9,Passed,
SP2022,SP2022-class 3,2,1905AFBJHE,,,4,4.4,5.6,Passed,
SP2022,SP2022-class 3,3,1905AFBAJB,,,2,4.8,5.3,Passed,
SP2022,SP2022-class 3,4,1905AFJBBF,,,3,4.4,5.2,Passed,
SP2022,SP2022-class 3,5,1905AFJIDF,,,5,7.8,7.3,Passed,
SP2022,SP2022-class 3,6,1905AEJHGC,,,8,4,7,Passed,
SP2022,SP2022-class 3,7,1905AEJHHD,,,6,5.4,6.6,Passed,
SP2022,SP2022-class 3,8,1905AFJCJB,,,6,4.6,6.4,Passed,
SP2022,SP2022-class 3,9,1905AFBJCA,,,10,5.2,8,Passed,
SP2022,SP2022-class 3,10,1905AFJBGH,,,3,6.8,6.1,Passed,
SP2022,SP2022-class 3,11,1905AFACBA,,,9,5,7.8,Passed,
SP2022,SP2022-class 4,1,1905AFAFDH,,,3,7.4,5.6,Passed,
SP2022,SP2022-class 4,2,1905AFJEGH,,,7,6.2,7,Passed,
SP2022,SP2022-class 4,3,1905AFBJHE,,,2,5.6,3.7,Not Passed,
SP2022,SP2022-class 4,4,1905AFBADG,,,4,7.8,6.8,Passed,
SP2022,SP2022-class 4,5,1905AFADGD,,,2,6.8,5.3,Passed,
SP2022,SP2022-class 4,6,1905AFAEFE,,,3,0,3.1,Not Passed,
SP2022,SP2022-class 4,7,1905AFAEAE,,,0,0,0.7,Not Passed,
SP2022,SP2022-class 4,8,1905AFAGFB,,,7,6.8,7.4,Passed,
SP2022,SP2022-class 4,9,0405AFJJBF,,,0,0,1.4,Attendance Fail,
SP2022,SP2022-class 4,10,1905AFAEGE,,,6,5,6.4,Passed,
SP2022,SP2022-class 4,11,1905AFAEHB,,,8,7.6,6.3,Passed,
SP2022,SP2022-class 4,12,1905AFABJJ,,,1,9.2,5.6,Passed,
SP2022,SP2022-class 4,13,1905AFAADH,,,2,7.4,5.4,Passed,
SP2022,SP2022-class 4,14,1905AFADEG,,,7,8.4,8.1,Passed,
SP2022,SP2022-class 4,15,1905AFBAIF,,,10,8.8,8.9,Passed,
SP2022,SP2022-class 4,16,1905AFBAEF,,,1,0,2.5,Not Passed,
SP2022,SP2022-class 4,17,1905AFAFDI,,,4,4.6,5.3,Passed,
SP2022,SP2022-class 4,18,1905AEACGF,,,0,0,2.5,Not Passed,
SP2022,SP2022-class 4,19,1905AFAIDC,,,0,2.8,2.6,Not Passed,
SP2022,SP2022-class 4,20,1905AFJCFE,,,3,6.8,5.4,Passed,
SP2022,SP2022-class 4,21,1905AFJHCJ,,,3,5.4,5.3,Passed,
SP2022,SP2022-class 5,1,1905AFBJAH,,,5,8.6,5.8,Passed,
SP2022,SP2022-class 5,2,1905AFBJHB,,,3,6.4,6.6,Passed,
SP2022,SP2022-class 5,3,1905ADAJFJ,,,0,0,0.4,Not Passed,
SP2022,SP2022-class 5,4,1905AFBAJB,,,0,0,2.4,Not Passed,
SP2022,SP2022-class 5,5,1905AFBJIB,,,0,0,2.2,Not Passed,
SP2022,SP2022-class 5,6,1905AFBJDC,,,0,0,3,Not Passed,
SP2022,SP2022-class 5,7,1905AFJBCD,,,7,8,8.2,Passed,
SP2022,SP2022-class 5,8,1905AFAIIH,,,5,8.6,7.6,Passed,
SP2022,SP2022-class 5,9,1905AFBJDJ,,,3,6.2,6.3,Passed,
SP2022,SP2022-class 5,10,1905AFAIIA,,,3,5.2,6.1,Passed,
SP2022,SP2022-class 5,11,1905AFBJEJ,,,8,7,8.2,Passed,
SP2022,SP2022-class 5,12,1905AFBJAE,,,0,8.2,6,Not Passed,
SP2022,SP2022-class 5,13,1905AFBJDB,,,7,6.2,7.5,Passed,
SP2022,SP2022-class 5,14,1905AEJHDG,,,3,8.2,7.2,Passed,
SP2022,SP2022-class 5,15,1905AFBJAI,,,0,0,3.6,Not Passed,
SP2022,SP2022-class 5,16,1905AEJHIB,,,4,8.8,7.7,Passed,
SP2022,SP2022-class 5,17,1905AFBJGB,,,4,6.4,6.7,Passed,
SP2022,SP2022-class 5,18,1905AFBJHH,,,3,6.6,6.4,Passed,
SP2022,SP2022-class 5,19,1905AFAIIC,,,5,5,6.8,Passed,
SP2022,SP2022-class 5,20,1905AFBJGA,,,2,4.8,5.4,Passed,
SP2022,SP2022-class 5,21,1905AFBJDF,,,5,5.6,6.8,Passed,
SP2022,SP2022-class 5,22,1905AFBABJ,,,1,6.4,5.8,Passed,
SP2022,SP2022-class 5,23,1905AFBJDA,,,7,8,8.1,Passed,
SP2022,SP2022-class 5,24,1905AFBJJJ,,,4,4,5.7,Passed,
SP2022,SP2022-class 5,25,1905AFBJAA,,,7,6.8,8,Passed,
SP2022,SP2022-class 5,26,1905AFBJHA,,,0,0,3.5,Not Passed,
SP2022,SP2022-class 5,27,1905AFBJCA,,,0,0,3.7,Not Passed,
SP2022,SP2022-class 5,28,1905AEJEJE,,,0,0,3.7,Not Passed,
SP2022,SP2022-class 5,29,1905AFBJAC,,,9,8.4,9.1,Passed,
SP2022,SP2022-class 6,1,1905AFAFIF,,,8,7,8.2,Passed,
SP2022,SP2022-class 6,2,1905AFBACB,,,0,0,3.7,Not Passed,
SP2022,SP2022-class 6,3,1905AFAHIC,,,6,4,6.5,Passed,
SP2022,SP2022-class 6,4,1905AFAGDI,,,4,7.4,7.2,Passed,
SP2022,SP2022-class 6,5,1905ADJEDD,,,1,6.4,5.5,Passed,
SP2022,SP2022-class 6,6,1905AFAGJB,,,7,5.8,7.4,Passed,
SP2022,SP2022-class 6,7,1905AFAIFG,,,7,8,8.2,Passed,
SP2022,SP2022-class 6,8,1905AFAIHJ,,,0,0,2.1,Not Passed,
SP2022,SP2022-class 6,9,1905AFAIHI,,,10,8.6,9.5,Passed,
SP2022,SP2022-class 6,10,1905ACJACD,,,0,0,0,Attendance Fail,
SP2022,SP2022-class 6,11,1905AFBACJ,,,6,5,6.9,Passed,
SP2022,SP2022-class 6,12,1905AFJHBH,,,0,0,0.7,Not Passed,
SP2022,SP2022-class 6,13,1905AFAIFD,,,0,6.6,5.6,Not Passed,
SP2022,SP2022-class 6,14,1905AFAHBJ,,,4,7.6,7.3,Passed,
SP2022,SP2022-class 6,15,1905AFAFGA,,,0,0,3.1,Not Passed,
SP2022,SP2022-class 6,16,1905AEJBEG,,,5,7.2,7.4,Passed,
SP2022,SP2022-class 6,17,1905AFAGCA,,,5,4,6.4,Passed,
SP2022,SP2022-class 6,18,1905AFAICB,,,6,7.6,7.8,Passed,
SP2022,SP2022-class 6,19,1905AFAGAA,,,5,9,7.8,Passed,
SP2022,SP2022-class 6,20,1905AFAHBF,,,9,8.4,9,Passed,
SP2022,SP2022-class 6,21,1905AFAIHG,,,9,8.8,9.1,Passed,
SP2022,SP2022-class 6,22,1905AFAFIA,,,2,8.4,6.8,Passed,
SP2022,SP2022-class 6,23,1905ACJJEE,,,0,0,0.3,Not Passed,
SP2022,SP2022-class 6,24,1905AFAIGF,,,0,0,3.4,Not Passed,
SP2022,SP2022-class 6,25,1905ACJJFD,,,1,6,5.5,Passed,
SP2022,SP2022-class 6,26,1905AFAGDH,,,6,7.6,7.6,Passed,
SP2022,SP2022-class 6,27,1905AFAIHD,,,5,6.4,6.9,Passed,
SP2022,SP2022-class 6,28,1905AEAABF,,,2,6,5.3,Passed,
SP2022,SP2022-class 6,29,1905AFAGBC,,,4,4.4,6.2,Passed,
SP2022,SP2022-class 6,30,1905AFBJJC,,,6,4.8,6.5,Passed,
SP2022,SP2022-class 7,1,1905AFAEJJ,,,3,4.8,6,Passed,
SP2022,SP2022-class 7,2,1905AFADGC,,,3,4.2,5.7,Passed,
SP2022,SP2022-class 7,3,1905AFADHA,,,0,0,1.5,Not Passed,
SP2022,SP2022-class 7,4,1905AFAEAA,,,7,8.2,8.2,Passed,
SP2022,SP2022-class 7,5,1905AEJFHI,,,0,6.8,5.5,Not Passed,
SP2022,SP2022-class 7,6,1905AFAEBH,,,0,0,3.3,Not Passed,
SP2022,SP2022-class 7,7,1905AFAEBF,,,0,0,1.9,Not Passed,
SP2022,SP2022-class 7,8,1905AFAEDA,,,4,7,7,Passed,
SP2022,SP2022-class 7,9,1905AFJIDA,,,6,9.2,8.2,Passed,
SP2022,SP2022-class 7,10,1905AFAEHF,,,3,7.8,6.3,Passed,
SP2022,SP2022-class 7,11,1905AFAEDH,,,8,7.4,8.4,Passed,
SP2022,SP2022-class 7,12,1905AFAEDJ,,,1,6.2,5.6,Passed,
SP2022,SP2022-class 7,13,1905AFADFC,,,1,0,3.3,Not Passed,
SP2022,SP2022-class 7,14,1905AFAEBA,,,0,0,3.4,Not Passed,
SP2022,SP2022-class 7,15,1905AFADIH,,,8,9,9,Passed,
SP2022,SP2022-class 7,16,1905AFADFI,,,10,8.4,8.4,Passed,
SP2022,SP2022-class 7,17,1905AFAEEB,,,8,6.4,8.1,Passed,
SP2022,SP2022-class 7,18,1905AFBADF,,,1,7.4,6,Passed,
SP2022,SP2022-class 7,19,1905AFAEJF,,,2,6,5.9,Passed,
SP2022,SP2022-class 7,20,1905AFAEJE,,,2,7.8,6.4,Passed,
SP2022,SP2022-class 7,21,1905ACJBFH,,,0,0,1.3,Not Passed,
SP2022,SP2022-class 7,22,1905AFAEAB,,,4,7.8,7.1,Passed,
SP2022,SP2022-class 7,23,1905AFAFAA,,,2,4.6,5.7,Passed,
SP2022,SP2022-class 7,24,1905AFBACD,,,6,4.8,6.9,Passed,
SP2022,SP2022-class 7,25,1905AFAFCJ,,,0,0,1.6,Not Passed,
SP2022,SP2022-class 7,26,1905AFAEDF,,,2,5.4,5.7,Passed,
SP2022,SP2022-class 7,27,1905AFBAEJ,,,7,8.8,8.1,Passed,
SP2022,SP2022-class 7,28,1905AFJBJH,,,7,9.8,8.7,Passed,
SP2022,SP2022-class 7,29,1905AFAFCH,,,2,5.8,5.7,Passed,
SP2022,SP2022-class 7,30,1905AFADIJ,,,0,0,1.8,Not Passed,
SP2022,SP2022-class 7,31,1905ADJEGJ,,,0,0,1.4,Not Passed,
SP2022,SP2022-class 8,1,1905AFACGJ,,,7,8.6,8.2,Passed,
SP2022,SP2022-class 8,2,1905AFACHC,,,1,5.6,5.7,Passed,
SP2022,SP2022-class 8,3,1905AFADEH,,,4,4,5.8,Passed,
SP2022,SP2022-class 8,4,1905AFABBG,,,0,5,5.2,Not Passed,
SP2022,SP2022-class 8,5,1905ADJFBC,,,0,0,3.1,Not Passed,
SP2022,SP2022-class 8,6,1905AFABGA,,,3,4.4,5.5,Passed,
SP2022,SP2022-class 8,7,1905AFACJH,,,3,6.4,6.4,Passed,
SP2022,SP2022-class 8,8,1905AFADEJ,,,1,5.2,5.2,Passed,
SP2022,SP2022-class 8,9,1905AFACHA,,,1,6.6,5.8,Passed,
SP2022,SP2022-class 8,10,1905AFADJD,,,5,6.2,6.5,Passed,
SP2022,SP2022-class 8,11,1905AFABDD,,,7,6,7.5,Passed,
SP2022,SP2022-class 8,12,1905ADJCIB,,,0,0,2.9,Not Passed,
SP2022,SP2022-class 8,13,1905AFACGD,,,1,5.6,5.6,Passed,
SP2022,SP2022-class 8,14,1905AFABFB,,,1,5.8,5.4,Passed,
SP2022,SP2022-class 8,15,1905AFJJFE,,,10,7.2,8.5,Passed,
SP2022,SP2022-class 8,16,1905AFABGF,,,4,6,6.5,Passed,
SP2022,SP2022-class 8,17,1905AFABCI,,,0,5.2,5.2,Not Passed,
SP2022,SP2022-class 8,18,1905AEJIEF,,,1,5.8,5.2,Passed,
SP2022,SP2022-class 8,19,1905AFABGE,,,8,8.8,8.7,Passed,
SP2022,SP2022-class 8,20,1905AFADDH,,,0,0,3.1,Not Passed,
SP2022,SP2022-class 8,21,1905AFADBC,,,0,0,1.6,Attendance Fail,
SP2022,SP2022-class 8,22,1905AFADJF,,,0,0,3.5,Not Passed,
SP2022,SP2022-class 8,23,1905AFABIJ,,,2,7.2,6.1,Passed,
SP2022,SP2022-class 8,24,1905AFABEF,,,5,5.2,6.6,Passed,
SP2022,SP2022-class 8,25,1905AEAJDA,,,2,6.2,5.5,Passed,
SP2022,SP2022-class 8,26,1905AFACGH,,,0,0,3.4,Not Passed,
SP2022,SP2022-class 8,27,1905AFACBE,,,4,6.8,6.8,Passed,
SP2022,SP2022-class 8,28,1905AFAEGF,,,0,0,3.3,Not Passed,
SP2022,SP2022-class 8,29,1905AFACIH,,,0,0,3.5,Not Passed,
SP2022,SP2022-class 8,30,1905AFACJC,,,0,0,0,Attendance Fail,
SP2022,SP2022-class 8,31,1905AFACBA,,,0,0,3.8,Not Passed,
SP2022,SP2022-class 9,1,1905AFABBC,,,9,7.2,7.9,Passed,
SP2022,SP2022-class 9,2,1905AFAAFD,,,2,5.4,5.2,Passed,
SP2022,SP2022-class 9,3,1905AFBACE,,,0,0,2.7,Not Passed,
SP2022,SP2022-class 9,4,1905AFAJEG,,,7,6.2,6.2,Passed,
SP2022,SP2022-class 9,5,1905AFAAJI,,,1,6.2,5.1,Passed,
SP2022,SP2022-class 9,6,1905ADJDII,,,0,0,0,Attendance Fail,
SP2022,SP2022-class 9,7,1905AFAJHA,,,7,6.6,7,Passed,
SP2022,SP2022-class 9,8,1905AFABGD,,,7,7.2,7.2,Passed,
SP2022,SP2022-class 9,9,1905AEJAGH,,,9,4.6,7,Passed,
SP2022,SP2022-class 9,10,1905AFAFAB,,,0,0,2.7,Not Passed,
SP2022,SP2022-class 9,11,1905ADJGFB,,,2,4.8,4.5,Not Passed,
SP2022,SP2022-class 9,12,1905AFAAJD,,,3,5.2,5.2,Passed,
SP2022,SP2022-class 9,13,1905AEJBBJ,,,0,0,1,Not Passed,
SP2022,SP2022-class 9,14,1905AFJDEC,,,0,0,2.6,Not Passed,
SP2022,SP2022-class 9,15,1905AFAJFH,,,6,6.8,7.1,Passed,
SP2022,SP2022-class 9,16,1905AFAACG,,,9,7.6,8,Passed,
SP2022,SP2022-class 9,17,1905AFAJGH,,,9,6.8,7.8,Passed,
SP2022,SP2022-class 9,18,1905ADJDDI,,,6,8,7.4,Passed,
SP2022,SP2022-class 9,19,1905AFAAAB,,,6,7.4,7.1,Passed,
SP2022,SP2022-class 9,20,1905AFAACI,,,4,6.8,6.1,Passed,
SP2022,SP2022-class 9,21,1905ADJFJE,,,0,0,0,Attendance Fail,
SP2022,SP2022-class 9,22,1905AEJDHG,,,7,8.4,7.2,Passed,
SP2022,SP2022-class 9,23,1905AFAFCD,,,0,0,1.5,Attendance Fail,
SP2022,SP2022-class 9,24,1905AFAJIA,,,8,7.6,7.7,Passed,
SP2022,SP2022-class 9,25,1905AFAJBB,,,6,4.8,5.7,Passed,
SP2022,SP2022-class 9,26,1905AEJECI,,,0,0,0,Attendance Fail,
SP2022,SP2022-class 10,1,1905AEADIB,,,2,5.8,5,Passed,
SP2022,SP2022-class 10,2,1905AEJFFH,,,0,0,1,Attendance Fail,
SP2022,SP2022-class 10,3,1905AEADGD,,,6,7.4,7,Passed,
SP2022,SP2022-class 10,4,1905AFJEIE,,,7,9.2,8.2,Passed,
SP2022,SP2022-class 10,5,1905AEJEFF,,,0,0,3,Not Passed,
SP2022,SP2022-class 10,6,1905AEACIG,,,4,5.8,6.1,Passed,
SP2022,SP2022-class 10,7,1905AEACID,,,5,5.8,6.3,Passed,
SP2022,SP2022-class 10,8,1905AFJFJA,,,2,8.8,6.7,Passed,
SP2022,SP2022-class 10,9,1905AEADBH,,,0,0,3.2,Is Susspended,
SP2022,SP2022-class 10,10,1905AEACGI,,,0,0,2.6,Not Passed,
SP2022,SP2022-class 10,11,1905AEJHDB,,,3,5.4,5.6,Passed,
SP2022,SP2022-class 10,12,1905AEADBF,,,4,4.8,5.6,Passed,
SP2022,SP2022-class 10,13,1905AFAJJD,,,4,6.6,6,Passed,
SP2022,SP2022-class 10,14,0805AFCCFD,,,6,8,7.1,Passed,
SP2022,SP2022-class 10,15,1905AFAGAC,,,9,5.2,7.5,Passed,
SP2022,SP2022-class 10,16,0305AFJCJB,,,0,0,2.1,Not Passed,
SP2022,SP2022-class 10,17,1905AEAJGI,,,0,0,2.6,Not Passed,
SP2022,SP2022-class 10,18,1905AEJEDF,,,6,6.8,6.9,Passed,
SP2022,SP2022-class 10,19,1905AFAGAE,,,8,4.8,6.9,Passed,
SP2022,SP2022-class 10,20,1905AEAAGC,,,4,6.4,6.4,Passed,
SP2022,SP2022-class 10,21,1905AEAEAI,,,7,6,7.1,Passed,
SP2022,SP2022-class 11,1,1905AFAJHH,,,3,7.8,7,Passed,
SP2022,SP2022-class 11,2,1905AFAABC,,,5,7,5.6,Passed,
SP2022,SP2022-class 11,3,1905AEAEBD,,,0,0,0.8,Not Passed,
SP2022,SP2022-class 11,4,1905AFJHHG,,,3,9,7.4,Passed,
SP2022,SP2022-class 11,5,1905AEJCCE,,,6,8,7.6,Passed,
SP2022,SP2022-class 11,6,1905AFJJFH,,,4,9.4,7.9,Passed,
SP2022,SP2022-class 11,7,1905AFJACG,,,1,6.2,5.5,Passed,
SP2022,SP2022-class 11,8,1905AFJBDA,,,0,0,3.6,Not Passed,
SP2022,SP2022-class 11,9,1905AFJBBG,,,0,0,0.5,Not Passed,
SP2022,SP2022-class 11,10,1905AEADFH,,,6,4.8,6.9,Passed,
SP2022,SP2022-class 11,11,1905AEADGI,,,6,6.6,7.1,Passed,
SP2022,SP2022-class 11,12,1905AEJGIH,,,8,6.6,8,Passed,
SP2022,SP2022-class 11,13,1905AFJHEG,,,9,7.2,8.4,Passed,
SP2022,SP2022-class 11,14,1905AFJCJI,,,0,0,0,Not Passed,
SP2022,SP2022-class 11,15,1905AFAJDH,,,0,0,2.4,Not Passed,
SP2022,SP2022-class 11,16,1905AEJHHD,,,0,4.8,3.7,Not Passed,
SP2022,SP2022-class 11,17,1905AFBAFE,,,0,0,3.4,Not Passed,
SP2022,SP2022-class 11,18,1905AEJACE,,,4,5.2,6.2,Passed,
SP2022,SP2022-class 11,19,1905AEADJE,,,0,0,1.7,Not Passed,
SP2022,SP2022-class 11,20,1905AFAGDC,,,0,0,1.7,Not Passed,
SP2022,SP2022-class 11,21,1905AFJADI,,,0,0,2.2,Not Passed,
SP2022,SP2022-class 11,22,1905AFAAAH,,,1,4.8,4.8,Not Passed,
SP2022,SP2022-class 11,23,1905ADJHFE,,,6,4.2,6.8,Passed,
SP2022,SP2022-class 11,24,1905AEJBCI,,,0,0,0.4,Not Passed,
SP2022,SP2022-class 11,25,1905AEAJFH,,,7,9,8.3,Passed,
SP2022,SP2022-class 11,26,1905AEAJGA,,,7,7.2,8.1,Passed,
SP2022,SP2022-class 11,27,1905AEAJGG,,,8,7.4,8.3,Passed,
SP2022,SP2022-class 11,28,1905AFBAFD,,,1,4.6,5.1,Passed,
SP2022,SP2022-class 11,29,1905AEAADJ,,,8,6.8,8.2,Passed,
SP2022,SP2022-class 11,30,1905AFAJIE,,,7,7.4,8,Passed,
SP2022,SP2022-class 11,31,1905AFAJFD,,,3,7.8,6.7,Passed,
SP2022,SP2022-class 12,1,1905AEJDIJ,,,1,5.2,5,Passed,
SP2022,SP2022-class 12,2,1905AEAEAB,,,1,6.2,5,Passed,
SP2022,SP2022-class 12,3,1905AFJHGE,,,10,9,9.4,Passed,
SP2022,SP2022-class 12,4,1905AFJAAI,,,6,7.2,7.1,Passed,
SP2022,SP2022-class 12,5,1905AFJJJA,,,10,9.4,9.7,Passed,
SP2022,SP2022-class 12,6,1905AFJJCC,,,10,9.2,9.8,Passed,
SP2022,SP2022-class 12,7,1905AFJJID,,,10,8.4,8.9,Passed,
SP2022,SP2022-class 12,8,1905AFJAJC,,,1,6.8,5.3,Passed,
SP2022,SP2022-class 12,9,1905AFJAIJ,,,2,7.2,5.8,Passed,
SP2022,SP2022-class 12,10,1905AFJADA,,,9,8.8,9.1,Passed,
SP2022,SP2022-class 12,11,1905AFJHGG,,,10,9.2,9.7,Passed,
SP2022,SP2022-class 12,12,1905AFJJHF,,,0,0,0.8,Attendance Fail,
SP2022,SP2022-class 12,13,1905AFJJEB,,,9,9,9.3,Passed,
SP2022,SP2022-class 12,14,1905AFJAEE,,,10,9.2,9.5,Passed,
SP2022,SP2022-class 12,15,1905AFJGFG,,,10,7,8.5,Passed,
SP2022,SP2022-class 12,16,1905AFJJBG,,,6,8.2,7.8,Passed,
SP2022,SP2022-class 12,17,1905AFJACF,,,6,8,7.5,Passed,
SP2022,SP2022-class 12,18,1905AFJADB,,,10,8.2,9.2,Passed,
SP2022,SP2022-class 12,19,1905AFJJII,,,0,0,1.5,Attendance Fail,
SP2022,SP2022-class 12,20,1905AFJAJE,,,9,5.4,7.2,Passed,
SP2022,SP2022-class 12,21,1905AEAAEJ,,,9,8.4,8.9,Passed,
SP2022,SP2022-class 13,1,1905AFJEAG,,,0,0,1.9,Not Passed,
SP2022,SP2022-class 13,2,1905AFJBJI,,,0,0,0,Not Passed,
SP2022,SP2022-class 13,3,1905AFJCHE,,,4,6,6.3,Passed,
SP2022,SP2022-class 13,4,1905AFJDJH,,,3,7.4,6.7,Passed,
SP2022,SP2022-class 13,5,1905AEJFIF,,,0,0,3.2,Not Passed,
SP2022,SP2022-class 13,6,1905AFJCJF,,,5,7.8,7.4,Passed,
SP2022,SP2022-class 13,7,1905AFJDJI,,,1,4,5.4,Passed,
SP2022,SP2022-class 13,8,1905AFJDJA,,,4,5.6,6.3,Passed,
SP2022,SP2022-class 13,9,1905AFJAIE,,,4,8,6.9,Passed,
SP2022,SP2022-class 13,10,1905AEJGIB,,,0,0,0.2,Not Passed,
SP2022,SP2022-class 13,11,1905AFJCGF,,,9,9,8.6,Passed,
SP2022,SP2022-class 13,12,1905AFJDDJ,,,10,6.4,7.7,Passed,
SP2022,SP2022-class 13,13,1905AFJBDJ,,,10,9.4,9.7,Passed,
SP2022,SP2022-class 13,14,1905AFJEEH,,,0,0,2.5,Not Passed,
SP2022,SP2022-class 13,15,1905AFJBJD,,,0,0,0.6,Not Passed,
SP2022,SP2022-class 13,16,1905AFJBGG,,,7,6.8,6.6,Passed,
SP2022,SP2022-class 13,17,1905AFJEHC,,,5,8,7.7,Passed,
SP2022,SP2022-class 13,18,1905AFJDAD,,,0,4.2,4.8,Not Passed,
SP2022,SP2022-class 13,19,1905AEJIGG,,,4,4.8,5.9,Passed,
SP2022,SP2022-class 13,20,1905AFJDAI,,,1,5.8,5.5,Passed,
SP2022,SP2022-class 13,21,1905AFJDBE,,,0,0,2.8,Not Passed,
SP2022,SP2022-class 13,22,1905AFJCAA,,,6,9.6,8.6,Passed,
SP2022,SP2022-class 13,23,1905AFJCDC,,,1,7.6,6,Passed,
SP2022,SP2022-class 13,24,1905AFJEAF,,,5,5.4,6.6,Passed,
SP2022,SP2022-class 13,25,1905AEJEIA,,,1,5.6,5.7,Passed,
SP2022,SP2022-class 13,26,1905AFJDAC,,,4,7,6,Passed,
SP2022,SP2022-class 13,27,1905AEAJIE,,,0,0,3.7,Not Passed,
SP2022,SP2022-class 13,28,1905AFJFJD,,,10,8.8,9.5,Passed,
SP2022,SP2022-class 13,29,1905AEJEAG,,,0,0,2.8,Not Passed,
SP2022,SP2022-class 13,30,1905AEJCBH,,,4,5.4,6.4,Passed,
SP2022,SP2022-class 13,31,1905ADAJCB,,,4,7.2,7,Passed,
SP2022,SP2022-class 14,1,1905AFJHDF,,,5,8.2,7.4,Passed,
SP2022,SP2022-class 14,2,1905AEJFHB,,,7,5.4,6,Passed,
SP2022,SP2022-class 14,3,1905AFJEHF,,,8,4,6.5,Passed,
SP2022,SP2022-class 14,4,1905AFJFJC,,,1,5.8,5,Passed,
SP2022,SP2022-class 14,5,1905AFJGGA,,,5,8.8,7.7,Passed,
SP2022,SP2022-class 14,6,1905AFJAGE,,,6,7.4,7.5,Passed,
SP2022,SP2022-class 14,7,1905AFJFBA,,,9,6,7.7,Passed,
SP2022,SP2022-class 14,8,1905ADJCGG,,,2,0,2,Not Passed,
SP2022,SP2022-class 14,9,1905AFJFAE,,,8,8.2,8.1,Passed,
SP2022,SP2022-class 14,10,1905AFJFAD,,,4,8,6.6,Passed,
SP2022,SP2022-class 14,11,1905AFJHBF,,,2,4.4,5,Passed,
SP2022,SP2022-class 14,12,1905AFJCGJ,,,4,8,6.7,Passed,
SP2022,SP2022-class 14,13,1905AFJGIH,,,9,8.4,8.3,Passed,
SP2022,SP2022-class 14,14,1905AEJCDD,,,3,3,4.2,Not Passed,
SP2022,SP2022-class 14,15,1905AFJFAJ,,,3,7.8,5.5,Passed,
SP2022,SP2022-class 14,16,1905AFJFED,,,9,8.2,8.6,Passed,
SP2022,SP2022-class 14,17,1905AFJHBB,,,6,4.4,5.4,Passed,
SP2022,SP2022-class 14,18,1905AFJHEJ,,,5,7.8,7.6,Passed,
SP2022,SP2022-class 14,19,1905AFJHDB,,,0,0,0,Attendance Fail,
SP2022,SP2022-class 14,20,1905AFJFDJ,,,7,5,5.5,Passed,
SP2022,SP2022-class 14,21,1905AFJEIF,,,8,7.2,7.8,Passed,
SP2022,SP2022-class 14,22,1905AFJFJE,,,9,7.6,8.1,Passed,
SP2022,SP2022-class 14,23,1905AFJCCE,,,4,9.2,6.7,Passed,
SP2023,SP2023-class 1,1,1905AFAGCB,,,4,8,6.5,Passed,
SP2023,SP2023-class 1,2,1905AGJEDJ,,,4,5.8,6.1,Passed,
SP2023,SP2023-class 1,3,1905AFJDJF,,,4,7.6,6.6,Passed,
SP2023,SP2023-class 1,4,1905ADJEAC,,,0,0,2.8,Not Passed,
SP2023,SP2023-class 1,5,1905AFBJIH,,,2,4.6,5.1,Passed,
SP2023,SP2023-class 1,6,1905AGBADF,,,0,0,3.4,Not Passed,
SP2023,SP2023-class 1,7,1905AGCEBA,,,8,6.4,7.6,Passed,
SP2023,SP2023-class 1,8,1905AFABIH,,,0,0,3.1,Not Passed,
SP2023,SP2023-class 1,9,1905AFAFFB,,,3,5,5.4,Passed,
SP2023,SP2023-class 1,10,1905AFABCB,,,0,0,3.2,Not Passed,
SP2023,SP2023-class 1,11,1905AFJFAI,,,9,7.4,7.9,Passed,
SP2023,SP2023-class 1,12,1905AFABDH,,,0,0,3.2,Not Passed,
SP2023,SP2023-class 1,13,1905AGAEGG,,,0,0,0,Attendance Fail,
SP2023,SP2023-class 1,14,1905AGCJHH,,,6,5.6,6.7,Passed,
SP2023,SP2023-class 1,15,1905AFAEAJ,,,0,0,3.3,Not Passed,
SP2023,SP2023-class 1,16,1905AGJBCF,,,0,0,3,Not Passed,
SP2023,SP2023-class 1,17,1905AFABFH,,,10,7.4,8.4,Passed,
SP2023,SP2023-class 1,18,1905AGCEGF,,,7,6.2,7.1,Passed,
SP2023,SP2023-class 1,19,1905AFJBFA,,,4,4.4,5.4,Passed,
SP2023,SP2023-class 1,20,1905AFJEGA,,,2,5.2,5.2,Passed,
SP2023,SP2023-class 1,21,1905AGBJCJ,,,9,6.4,7.7,Passed,
SP2023,SP2023-class 1,22,1905AFABBI,,,3,8,6.4,Passed,
SP2023,SP2023-class 1,23,1905AFAFHD,,,2,7,6,Passed,
SP2023,SP2023-class 1,24,1905AGCEDD,,,9,7.6,8,Passed,
SP2023,SP2023-class 1,25,1905AGCDGI,,,0,0,3.2,Not Passed,
SP2023,SP2023-class 1,26,1905AFAHCD,,,4,6.8,6.4,Passed,
SP2023,SP2023-class 1,27,1905AFAGAJ,,,6,7.8,7.3,Passed,
SP2023,SP2023-class 1,28,1905AGBHGH,,,2,5.2,5.2,Passed,
SP2023,SP2023-class 1,29,1905AFJFDF,,,2,6.6,5.6,Passed,
SP2023,SP2023-class 1,30,1905AFAEDC,,,1,9.4,6,Passed,
SP2023,SP2023-class 1,31,1905AFBJAD,,,3,8.8,6.8,Passed,
SP2023,SP2023-class 1,32,1905AGBBHD,,,9,8,8.7,Passed,
SP2023,SP2023-class 1,33,1905AFJJEE,,,1,7.6,5,Passed,
SP2023,SP2023-class 1,34,1905AFBAJF,,,1,6.4,5.3,Passed,
SP2023,SP2023-class 1,35,1905AFAIEJ,,,9,8.4,8.9,Passed,
SP2023,SP2023-class 2,1,1905AGBJCG,,,8,6.6,7.4,Passed,
SP2023,SP2023-class 2,2,1905AGAJHD,,,5,5.8,6.4,Passed,
SP2023,SP2023-class 2,3,1905AGCAIF,,,9,6.4,7.5,Passed,
SP2023,SP2023-class 2,4,1905AGAHGD,,,7,5.4,6.7,Passed,
SP2023,SP2023-class 2,5,1905AGJDCE,,,9,7.6,8.2,Passed,
SP2023,SP2023-class 2,6,1905AGJBDE,,,4,4.6,5.5,Passed,
SP2023,SP2023-class 2,7,1905AGJDCF,,,8,6.8,7.4,Passed,
SP2023,SP2023-class 2,8,1905AGADEH,,,5,5,6,Passed,
SP2023,SP2023-class 2,9,1905AFJDAD,,,7,7.4,7.5,Passed,
SP2023,SP2023-class 2,10,1905AGCFHB,,,2,7.6,5.8,Passed,
SP2023,SP2023-class 2,11,1905AGBHFG,,,5,8.4,6.9,Passed,
SP2023,SP2023-class 2,12,1905AGBHIB,,,8,9,8,Passed,
SP2023,SP2023-class 2,13,1905AGADFF,,,1,7.2,5.8,Passed,
SP2023,SP2023-class 2,14,1905AGCFJF,,,4,4.4,5.1,Passed,
SP2023,SP2023-class 2,15,1905AGAJGF,,,6,8,7,Passed,
SP2023,SP2023-class 2,16,1905AGJEAI,,,1,8.2,5.8,Passed,
SP2023,SP2023-class 2,17,1905ADJEAE,,,4,7.6,6.4,Passed,
SP2023,SP2023-class 3,1,1905AGAGGG,,,2,9.2,6.7,Passed,
SP2023,SP2023-class 3,2,1905AFADHA,,,0,0,0,Attendance Fail,
SP2023,SP2023-class 3,3,1905AGADBH,,,0.5,6.4,5.4,Passed,
SP2023,SP2023-class 3,4,1905AGAFHB,,,6,8.2,8.1,Passed,
SP2023,SP2023-class 3,5,1905AGAJHJ,,,1,9.6,6.5,Passed,
SP2023,SP2023-class 3,6,1905AGBBBD,,,7,7.6,7.5,Passed,
SP2023,SP2023-class 3,7,1905AGAGAJ,,,10,10,10,Passed,
SP2023,SP2023-class 3,8,1905AGAGGF,,,3,8,7,Passed,
SP2023,SP2023-class 3,9,1905AGAHAA,,,1,8.4,6.1,Passed,
SP2023,SP2023-class 3,10,1905AGAGFB,,,0.5,6.4,5.5,Passed,
SP2023,SP2023-class 3,11,1905AGABID,,,0,0,3,Not Passed,
SP2023,SP2023-class 3,12,1905AGAEEF,,,2,5.8,5.4,Passed,
SP2023,SP2023-class 3,13,1905AGAGJB,,,5,8,7.9,Passed,
SP2023,SP2023-class 3,14,1905AGAEEA,,,5,9,7.5,Passed,
SP2023,SP2023-class 3,15,1905AFJIIJ,,,1,8.4,5.8,Passed,
SP2023,SP2023-class 3,16,1905AGAGJD,,,0,0,0.7,Not Passed,
SP2023,SP2023-class 3,17,1905AGACCG,,,6,7.2,7.8,Passed,
SP2023,SP2023-class 3,18,1905AGAHCI,,,9,8.8,9.3,Passed,
SP2023,SP2023-class 3,19,1905AFAEEC,,,2,4.4,5.6,Passed,
SP2023,SP2023-class 3,20,1905AGAGHB,,,10,9.8,9.8,Passed,
SP2023,SP2023-class 3,21,1905AGAGJH,,,10,10,10,Passed,
SP2023,SP2023-class 3,22,1905AFADIJ,,,0,0,0,Attendance Fail,
SP2023,SP2023-class 3,23,1905AGJEFB,,,0,0,0.9,Not Passed,
SP2023,SP2023-class 3,24,1905AGJDHA,,,1,7.8,6.1,Passed,
SP2023,SP2023-class 3,25,1905AFAAEG,,,0,0,2.6,Not Passed,
SP2023,SP2023-class 3,26,1905AGAEAG,,,10,9.4,9.8,Passed,
SP2023,SP2023-class 3,27,1905AGACGI,,,2,6.8,6.2,Passed,
SP2023,SP2023-class 4,1,1905AEJFBJ,,,2,4.2,4.5,Not Passed,
SP2023,SP2023-class 4,2,1905AFJICJ,,,0,0,3.1,Not Passed,
SP2023,SP2023-class 4,3,1905AGJAFI,,,1,8.2,5.6,Passed,
SP2023,SP2023-class 4,4,1905AFAHDA,,,0,0,2.3,Not Passed,
SP2023,SP2023-class 4,5,1905AFJEFJ,,,0,0,2.5,Not Passed,
SP2023,SP2023-class 4,6,1905AFJDIF,,,0,0,3.2,Not Passed,
SP2023,SP2023-class 4,7,1905AGBBBJ,,,9,9.2,9,Passed,
SP2023,SP2023-class 4,8,1905AFJFCF,,,0,0,2.7,Not Passed,
SP2023,SP2023-class 4,9,1905AGAJAH,,,2,8,6.2,Passed,
SP2023,SP2023-class 4,10,1905AFJEJI,,,4,7.2,6.5,Passed,
SP2023,SP2023-class 4,11,1905AFAHHI,,,0,0,2.9,Not Passed,
SP2023,SP2023-class 4,12,1905AFJJAB,,,4,9.2,7,Passed,
SP2023,SP2023-class 4,13,1905AFJDIE,,,0,0,2.9,Not Passed,
SP2023,SP2023-class 4,14,1905AFABEB,,,2,5.2,5,Passed,
SP2023,SP2023-class 4,15,1905AGCDDC,,,1,6.4,5.3,Passed,
SP2023,SP2023-class 4,16,1905AFJACD,,,0,0,0,Attendance Fail,
SP2023,SP2023-class 4,17,1905AGBAIH,,,8,9.4,8.6,Passed,
SP2023,SP2023-class 4,18,1905AGAJCI,,,2,6,5,Passed,
SP2023,SP2023-class 4,19,1905AGAAAA,,,9,8.8,8.3,Passed,
SP2023,SP2023-class 4,20,1905AGAJAJ,,,7,8,7.7,Passed,
SP2023,SP2023-class 4,21,1905AFJBBB,,,2,0,3.1,Not Passed,
SP2023,SP2023-class 4,22,1905AFJBCJ,,,0.5,8,5.4,Passed,
SP2023,SP2023-class 4,23,1905AFJCBF,,,4,7,6.2,Passed,
SP2023,SP2023-class 4,24,1905AFAJFE,,,1,0,2.8,Not Passed,
SP2023,SP2023-class 4,25,1905AGBAJH,,,2,8,6.6,Passed,
SP2023,SP2023-class 4,26,1905AFABCA,,,3,8.4,6.6,Passed,
SP2023,SP2023-class 4,27,1905AFJDID,,,6,5,6.4,Passed,
SP2023,SP2023-class 4,28,1905AFJEII,,,3,7.4,6,Passed,
SP2023,SP2023-class 4,29,1905AGCBHH,,,2,7.6,6.1,Passed,
SP2023,SP2023-class 5,1,1705AGJBDH,,,0,0,3.6,Not Passed,
SP2023,SP2023-class 5,2,1905AGBGID,,,1,5.4,5.7,Passed,
SP2023,SP2023-class 5,3,1905AGJDDG,,,7,8,8.3,Passed,
SP2023,SP2023-class 5,4,1905AFJDCJ,,,5,6.6,6.8,Passed,
SP2023,SP2023-class 5,5,1905AFJFDC,,,7,8.8,8.2,Passed,
SP2023,SP2023-class 5,6,1905AFJFBE,,,0,0,3.2,Is Susspended,
SP2023,SP2023-class 5,7,1905AGADEE,,,2,8.8,6.8,Passed,
SP2023,SP2023-class 5,8,1905AFJDIH,,,1,7,5.8,Passed,
SP2023,SP2023-class 5,9,1905AGBJHF,,,3,5.8,6,Passed,
SP2023,SP2023-class 5,10,1905AGJJCB,,,1,7,6.1,Passed,
SP2023,SP2023-class 5,11,1919AFJCDG,,,1,7.6,5.9,Passed,
SP2023,SP2023-class 5,12,1919AFJCGF,,,1,6,5.6,Passed,
SP2023,SP2023-class 5,13,1905AGADID,,,1,8.6,6.7,Passed,
SP2023,SP2023-class 5,14,1905AGBHGA,,,0,0,3,Attendance Fail,
SP2023,SP2023-class 5,15,1905AGABDF,,,7,7.6,8.2,Passed,
SP2023,SP2023-class 5,16,1905AFAEGH,,,0,0,3.3,Attendance Fail,
SP2023,SP2023-class 5,17,1905AFAJAC,,,3,5.2,5.9,Passed,
SP2023,SP2023-class 5,18,1905AGBCGE,,,0,0,3,Attendance Fail,
SP2023,SP2023-class 5,19,1905AFAJDB,,,3,6.4,6.5,Passed,
SP2023,SP2023-class 5,20,1905AFJCAE,,,0,0,3.2,Not Passed,
SP2023,SP2023-class 5,21,1905AFAAAG,,,3,5.8,6.2,Passed,
SP2023,SP2023-class 5,22,1705AGJBCA,,,1,8.6,6.2,Passed,
SP2023,SP2023-class 5,23,1905ACJJEE,,,0,0,0.9,Attendance Fail,
SP2023,SP2023-class 5,24,1905AFAIEC,,,0,0,3.6,Not Passed,
SP2023,SP2023-class 5,25,1905AFABBF,,,0,0,0,Attendance Fail,
SP2023,SP2023-class 5,26,1905AGBGDF,,,0,0,3.2,Attendance Fail,
SP2023,SP2023-class 5,27,1905AFJDAF,,,4,5.6,6.3,Passed,
SP2023,SP2023-class 5,28,1905AFAIJB,,,7,6.6,8,Passed,
SP2023,SP2023-class 5,29,1905AEACGF,,,6,6.4,7.1,Passed,
SP2023,SP2023-class 5,30,1905ACJDHD,,,1,4.8,5,Passed,
SP2023,SP2023-class 5,31,1905AEJEHB,,,1,5,5.3,Passed,
SP2023,SP2023-class 6,1,1905AGJJBI,,,0,0,1,Attendance Fail,
SP2023,SP2023-class 6,2,1905AGCFDB,,,5,7.6,7.3,Passed,
SP2023,SP2023-class 6,3,1905AFBJJB,,,0,0,3.7,Not Passed,
SP2023,SP2023-class 6,4,1905AGAEFD,,,6,7,5.8,Passed,
SP2023,SP2023-class 6,5,1905AGJABF,,,8,8,8.7,Passed,
SP2023,SP2023-class 6,6,1905AFBJGE,,,0,0,3.6,Not Passed,
SP2023,SP2023-class 6,7,1905AGJEDE,,,0,0,3.6,Not Passed,
SP2023,SP2023-class 6,8,1905AGBCAH,,,4,7.2,7,Passed,
SP2023,SP2023-class 6,9,1905AGCJJF,,,3,8.2,7.2,Passed,
SP2023,SP2023-class 6,10,1905AGBABE,,,9,9.2,9.2,Passed,
SP2023,SP2023-class 6,11,1905AGBFAG,,,6,5.8,7.1,Passed,
SP2023,SP2023-class 6,12,1905AGJJGD,,,0,0,1,Attendance Fail,
SP2023,SP2023-class 6,13,1905AGJEED,,,8,7.4,8.3,Passed,
SP2023,SP2023-class 6,14,1905AFAIGG,,,1,4.6,4.3,Not Passed,
SP2023,SP2023-class 6,15,1905AFJIJI,,,2,5.6,5.8,Passed,
SP2023,SP2023-class 6,16,1905AGJJFG,,,2,8.6,6.1,Passed,
SP2023,SP2023-class 6,17,1905AGJJDJ,,,0,0,1,Attendance Fail,
SP2023,SP2023-class 6,18,1905AGBHFG,,,0,0,2.6,Not Passed,
SP2023,SP2023-class 6,19,1905AGCDHA,,,2,5.2,5.7,Passed,
SP2023,SP2023-class 6,20,1905AGBFDD,,,3,7.2,6.5,Passed,
SP2023,SP2023-class 6,21,1905AGJAJC,,,0,0,3.9,Not Passed,
SP2023,SP2023-class 6,22,1905AFAFCD,,,0,0,2.6,Not Passed,
SP2023,SP2023-class 6,23,1905AGCDHI,,,2,8.6,6.7,Passed,
SP2023,SP2023-class 6,24,1905AGCAJB,,,0,0,2.6,Not Passed,
SP2023,SP2023-class 6,25,1905AGJAAB,,,0,0,3.9,Not Passed,
SP2023,SP2023-class 6,26,1905AGBAGJ,,,6,4.8,6.9,Passed,
SP2023,SP2023-class 6,27,1905AGJABH,,,5,9.4,8.2,Passed,
SP2023,SP2023-class 6,28,1905AGBHFF,,,2,4.8,5.5,Passed,
SP2023,SP2023-class 7,1,1905AGJAII,,,0,0,2.8,Not Passed,
SP2023,SP2023-class 7,2,1905AFJIFC,,,0,0,0.3,Attendance Fail,
SP2023,SP2023-class 7,3,1905AGJBCC,,,3,8.6,6.9,Passed,
SP2023,SP2023-class 7,4,1905AGABBD,,,0,0,2.8,Not Passed,
SP2023,SP2023-class 7,5,1905AFAICE,,,7,7,7.2,Passed,
SP2023,SP2023-class 7,6,1905AFBJHF,,,5,7.8,7.2,Passed,
SP2023,SP2023-class 7,7,1905AGJAHI,,,0,0,3.8,Not Passed,
SP2023,SP2023-class 7,8,1905AGJCEE,,,2,7.2,6.1,Passed,
SP2023,SP2023-class 7,9,1905AFJHHD,,,0,0,0,Attendance Fail,
SP2023,SP2023-class 7,10,1905AGJBJC,,,0,0,3.2,Not Passed,
SP2023,SP2023-class 7,11,1905AGJBGI,,,1,7.8,6,Passed,
SP2023,SP2023-class 7,12,1905AFJGID,,,0,0,0,Not Passed,
SP2023,SP2023-class 7,13,1905AGJBAH,,,7,8.4,8.3,Passed,
SP2023,SP2023-class 7,14,1905AFAHJC,,,7,8.8,8.5,Passed,
SP2023,SP2023-class 7,15,1905AGJBBG,,,1,7.8,5.9,Passed,
SP2023,SP2023-class 7,16,1905AGJBHE,,,5,9,7.8,Passed,
SP2023,SP2023-class 7,17,1905AGJBBH,,,0,0,2.7,Not Passed,
SP2023,SP2023-class 7,18,1905AGJBBC,,,0,7.8,6,Not Passed,
SP2023,SP2023-class 7,19,1905AFAIHA,,,2,8.8,6.5,Passed,
SP2023,SP2023-class 7,20,1905AGJAIH,,,0,0,2.5,Not Passed,
SP2023,SP2023-class 7,21,1905AGJAFH,,,1,7.6,5.3,Passed,
SP2023,SP2023-class 7,22,1905AGJBDA,,,0,0,2.3,Not Passed,
SP2023,SP2023-class 7,23,1905AFAJDD,,,1,5,5.4,Passed,
SP2023,SP2023-class 7,24,1905AGJBBA,,,0,0,3.4,Not Passed,
SP2023,SP2023-class 7,25,1905AGJBBI,,,2,7.8,5.8,Passed,
SP2023,SP2023-class 7,26,1905ADJFJE,,,0,0,2.6,Is Susspended,
SP2023,SP2023-class 7,27,1905AGJAHE,,,2,8.6,6.5,Passed,
SP2023,SP2023-class 7,28,1905AGJBBD,,,9,9.2,9.3,Passed,
SP2023,SP2023-class 7,29,1905AGJBBB,,,2,9,7,Passed,
SP2023,SP2023-class 7,30,1905ADJGJD,,,0,0,0,Attendance Fail,
SP2023,SP2023-class 7,31,1905AGJAHF,,,1,6.6,5.6,Passed,
SP2023,SP2023-class 7,32,1905AGJBAI,,,3,9.2,7.1,Passed,
SP2023,SP2023-class 7,33,1905AGJBEE,,,3,8,6.3,Passed,
SP2023,SP2023-class 8,1,1905AGJDGH,,,2,7.2,5.3,Passed,
SP2023,SP2023-class 8,2,1905AGJDIF,,,6,9.6,8.1,Passed,
SP2023,SP2023-class 8,3,1905AGJDJD,,,5,9,6.9,Passed,
SP2023,SP2023-class 8,4,1905AGJCFF,,,1,6.6,4.6,Not Passed,
SP2023,SP2023-class 8,5,1905AGJDIJ,,,6,8.6,7,Passed,
SP2023,SP2023-class 8,6,1905AGJEBC,,,0,0,3.2,Not Passed,
SP2023,SP2023-class 8,7,1905AFABBG,,,0,0,1,Attendance Fail,
SP2023,SP2023-class 8,8,1905AGJDCE,,,0,0,2.8,Not Passed,
SP2023,SP2023-class 8,9,1905AGJDCF,,,0,0,2.6,Not Passed,
SP2023,SP2023-class 8,10,1905AGJDHJ,,,0,0,1.1,Attendance Fail,
SP2023,SP2023-class 8,11,1905AGJEAB,,,3,6.6,5.6,Passed,
SP2023,SP2023-class 8,12,1905AFJEHH,,,3,7.6,5.7,Passed,
SP2023,SP2023-class 8,13,1905AGJDFI,,,4,8.6,7,Passed,
SP2023,SP2023-class 8,14,1905ADJGFB,,,0,0,0.5,Attendance Fail,
SP2023,SP2023-class 8,15,1905AGJCBE,,,0,0,0,Attendance Fail,
SP2023,SP2023-class 8,16,1905AGJEAG,,,0,0,2.2,Not Passed,
SP2023,SP2023-class 8,17,1905AGAGID,,,1,7.4,5.1,Passed,
SP2023,SP2023-class 8,18,1905AGJEJJ,,,0,0,1.3,Not Passed,
SP2023,SP2023-class 8,19,1905FCBHH,,,0,0,0,Attendance Fail,
SP2023,SP2023-class 8,20,1905AGAHDE,,,0,0,2.5,Not Passed,
SP2023,SP2023-class 8,21,1905AGJDEI,,,2,0,3.1,Not Passed,
SP2023,SP2023-class 8,22,1905AGJDGD,,,7,9,7.7,Passed,
SP2023,SP2023-class 8,23,1905AGJDDA,,,3,6,5.6,Passed,
SP2023,SP2023-class 8,24,1905AGJDHH,,,0,0,0,Attendance Fail,
SP2023,SP2023-class 8,25,1905AGJCID,,,1,8.4,5,Passed,
SP2023,SP2023-class 8,26,1905AGJDHF,,,0,0,2.4,Not Passed,
SP2023,SP2023-class 8,27,1905AGJDAD,,,2,6.6,5.6,Passed,
SP2023,SP2023-class 8,28,1905AGBFGH,,,0,0,0,Attendance Fail,
SP2023,SP2023-class 8,29,1905AGJDFJ,,,5,9.8,7.7,Passed,
SP2023,SP2023-class 9,1,1905AGJEDA,,,4,0,3.3,Not Passed,
SP2023,SP2023-class 9,2,1905AGJEHD,,,1,7.6,6.1,Passed,
SP2023,SP2023-class 9,3,1905AGAJFE,,,1,8.6,6.5,Passed,
SP2023,SP2023-class 9,4,1905AGAJGA,,,1,8,6.2,Passed,
SP2023,SP2023-class 9,5,1905AGAJFF,,,8,9,8.8,Passed,
SP2023,SP2023-class 9,6,1905AGCEDI,,,10,8.8,9.3,Passed,
SP2023,SP2023-class 9,7,1905AGAJIB,,,5,8.8,7.7,Passed,
SP2023,SP2023-class 9,8,1905AGAJGD,,,0,0,3.6,Not Passed,
SP2023,SP2023-class 9,9,1905AGAFIF,,,7,9.2,8.6,Passed,
SP2023,SP2023-class 9,10,1905AGBHJC,,,0,0,0.7,Attendance Fail,
SP2023,SP2023-class 9,11,1905AGJEBE,,,0,0,3.7,Not Passed,
SP2023,SP2023-class 9,12,1905AGABEE,,,1,8,5.1,Passed,
SP2023,SP2023-class 9,13,1905AGCECA,,,10,9,9,Passed,
SP2023,SP2023-class 9,14,1905AGJEFI,,,0,0,2.4,Not Passed,
SP2023,SP2023-class 9,15,1905AGAJAG,,,1,5.2,5,Passed,
SP2023,SP2023-class 9,16,1905AGJFJE,,,4,7.4,5.8,Passed,
SP2023,SP2023-class 9,17,1905AGCDGG,,,9,9.2,9.2,Passed,
SP2023,SP2023-class 9,18,1905AFJHFD,,,0,0,2.6,Not Passed,
SP2023,SP2023-class 9,19,1905AGAJAA,,,1,7.2,6.1,Passed,
SP2023,SP2023-class 9,20,1905AFAEID,,,0,0,3.7,Not Passed,
SP2023,SP2023-class 9,21,1905AGJEHE,,,1,8.8,6.5,Passed,
SP2023,SP2023-class 9,22,1905AGCEJC,,,0,0,3.5,Not Passed,
SP2023,SP2023-class 9,23,1905AGCBFH,,,7,7.8,7.9,Passed,
SP2023,SP2023-class 9,24,1905AGAFAG,,,5,8.2,7.3,Passed,
SP2023,SP2023-class 9,25,1905AGAJFJ,,,2,8.6,6.4,Passed,
SP2023,SP2023-class 9,26,1905AGJEFC,,,0,0,2.8,Not Passed,
SP2023,SP2023-class 9,27,1905AFJCEB,,,1,5.8,5.6,Passed,
SP2023,SP2023-class 9,28,1905AGCECD,,,1,7.2,5.8,Passed,
SP2023,SP2023-class 9,29,1905AGJECI,,,1,7.2,5.3,Passed,
SP2023,SP2023-class 9,30,1905AGAJGF,,,0,0,3.5,Not Passed,
SP2023,SP2023-class 9,31,1905AFJIJJ,,,0,0,0,Attendance Fail,
SP2023,SP2023-class 9,32,1905AGJEJA,,,3,7.4,6.2,Passed,
SP2023,SP2023-class 9,33,1905AGJECF,,,3,8.2,6.7,Passed,
SP2023,SP2023-class 10,1,1905AFJGFE,,,0,0,3,Not Passed,
SP2023,SP2023-class 10,2,1905AGAJHD,,,0,0,2.9,Not Passed,
SP2023,SP2023-class 10,3,1905AGAAEG,,,8,8.4,8.3,Passed,
SP2023,SP2023-class 10,4,1905AGCBHI,,,3,9.4,7.4,Passed,
SP2023,SP2023-class 10,5,1905AGAAJC,,,4,8.8,6.9,Passed,
SP2023,SP2023-class 10,6,1905ADJFBC,,,0,0,2.5,Is Susspended,
SP2023,SP2023-class 10,7,1905AGAAEE,,,1,6.8,5.3,Passed,
SP2023,SP2023-class 10,8,1905AGAACB,,,0,0,2.4,Attendance Fail,
SP2023,SP2023-class 10,9,1905AGAAEC,,,1,8,5.3,Passed,
SP2023,SP2023-class 10,10,1905AGAJIF,,,1,1.8,3.5,Not Passed,
SP2023,SP2023-class 10,11,1905AGAACF,,,3,8.8,6.8,Passed,
SP2023,SP2023-class 10,12,1905AGABED,,,2,9,6.4,Passed,
SP2023,SP2023-class 10,13,1905AGADHH,,,0,0,2.9,Not Passed,
SP2023,SP2023-class 10,14,1905AGAJBD,,,4,9.6,7.2,Passed,
SP2023,SP2023-class 10,15,1905AGABJH,,,1,8.4,6,Passed,
SP2023,SP2023-class 10,16,1905AGABDE,,,1,6.8,5.3,Passed,
SP2023,SP2023-class 10,17,1905AGAAFJ,,,9,9.2,8.8,Passed,
SP2023,SP2023-class 10,18,1905AGAADF,,,4,7.6,6.5,Passed,
SP2023,SP2023-class 10,19,1905AGABCI,,,0,0,3.3,Not Passed,
SP2023,SP2023-class 10,20,1905AGAFEE,,,1,8.4,6.1,Passed,
SP2023,SP2023-class 10,21,1905AGAJIE,,,4,7.4,6.7,Passed,
SP2023,SP2023-class 10,22,1905AFAHBE,,,0,0,0,Attendance Fail,
SP2023,SP2023-class 10,23,1905AGJBDB,,,1,7.8,5.7,Passed,
SP2023,SP2023-class 10,24,1905AGABAC,,,4,9.4,7.6,Passed,
SP2023,SP2023-class 10,25,1905AGAAIA,,,0,0,3.2,Not Passed,
SP2023,SP2023-class 10,26,1905AGAACC,,,0,0,3,Not Passed,
SP2023,SP2023-class 10,27,1905AGAAIF,,,7,8.8,7.8,Passed,
SP2023,SP2023-class 10,28,1905AGABJI,,,0,0,2.7,Attendance Fail,
SP2023,SP2023-class 10,29,1905AFJDJG,,,0,0,2.9,Not Passed,
SP2023,SP2023-class 10,30,1905AGABBG,,,8,9.6,8.7,Passed,
SP2023,SP2023-class 11,1,1905AGACFI,,,0,0,0,Attendance Fail,
SP2023,SP2023-class 11,2,1905AGACFB,,,8,9.2,8.9,Passed,
SP2023,SP2023-class 11,3,1905AGACEH,,,6,8.4,8.1,Passed,
SP2023,SP2023-class 11,4,1905AGABIE,,,0,0,3.6,Not Passed,
SP2023,SP2023-class 11,5,1905AGACDC,,,1,8,6.4,Passed,
SP2023,SP2023-class 11,6,1905AEADFB,,,0,0,0,Attendance Fail,
SP2023,SP2023-class 11,7,1905AGABHC,,,3,5,5.4,Passed,
SP2023,SP2023-class 11,8,1905AGACDG,,,1,8,6.1,Passed,
SP2023,SP2023-class 11,9,1905AGACAA,,,0,0,3.5,Not Passed,
SP2023,SP2023-class 11,10,1905AGADCF,,,4,9.2,7.7,Passed,
SP2023,SP2023-class 11,11,1905AGADDB,,,0,0,3.7,Not Passed,
SP2023,SP2023-class 11,12,1905AGAGHC,,,2,7,6.1,Passed,
SP2023,SP2023-class 11,13,1905AFAAIE,,,0,0,3.6,Not Passed,
SP2023,SP2023-class 11,14,1905AGACJA,,,2,9,7.1,Passed,
SP2023,SP2023-class 11,15,1905AGACGA,,,5,8.2,7.4,Passed,
SP2023,SP2023-class 11,16,1905AGADBI,,,4,7.8,7.2,Passed,
SP2023,SP2023-class 11,17,1905AEJEGF,,,0,0,0,Attendance Fail,
SP2023,SP2023-class 11,18,1905AFAHEE,,,1,4.8,5.3,Passed,
SP2023,SP2023-class 11,19,1905AGACIA,,,5,8,7.7,Passed,
SP2023,SP2023-class 11,20,1905AGACCI,,,0,2.8,4.2,Not Passed,
SP2023,SP2023-class 11,21,1905AFAJAI,,,0,0,0.7,Attendance Fail,
SP2023,SP2023-class 11,22,1905AGABIG,,,0,0,3.3,Not Passed,
SP2023,SP2023-class 11,23,1905AFAFJA,,,2,5.2,5.8,Passed,
SP2023,SP2023-class 11,24,1905ACJDDJ,,,6,8.2,8.2,Passed,
SP2023,SP2023-class 11,25,1905AFJEDI,,,1,9.6,6.6,Passed,
SP2023,SP2023-class 11,26,1905AFBJBH,,,1,0,3.7,Attendance Fail,
SP2023,SP2023-class 11,27,1905AEAAHI,,,0,0,3.4,Attendance Fail,
SP2023,SP2023-class 11,28,1905AGACAJ,,,0,5.2,5,Not Passed,
SP2023,SP2023-class 12,1,1905AGADGE,,,1,6.2,5.2,Passed,
SP2023,SP2023-class 12,2,1905AGAEJG,,,0,0,3.5,Not Passed,
SP2023,SP2023-class 12,3,1905AGBDDH,,,3,5.8,6.2,Passed,
SP2023,SP2023-class 12,4,1905AGADAD,,,0,0,2.8,Attendance Fail,
SP2023,SP2023-class 12,5,1905AGADDH,,,3,7.2,6.7,Passed,
SP2023,SP2023-class 12,6,1905AGAHAI,,,3,7.6,6.6,Passed,
SP2023,SP2023-class 12,7,1905AFJDHC,,,3,4,5.9,Passed,
SP2023,SP2023-class 12,8,1905AGAEFH,,,2,5,5.4,Passed,
SP2023,SP2023-class 12,9,1905AGAJHH,,,9,8.8,9.3,Passed,
SP2023,SP2023-class 12,10,1905AGBJGJ,,,9,8.8,9,Passed,
SP2023,SP2023-class 12,11,1905AGBJCE,,,1,5.4,5.8,Passed,
SP2023,SP2023-class 12,12,1905AGCJJC,,,7,9.4,8.8,Passed,
SP2023,SP2023-class 12,13,1905AGADGB,,,5,7.4,7,Passed,
SP2023,SP2023-class 12,14,1905AGCFFF,,,0,0,3.6,Not Passed,
SP2023,SP2023-class 12,15,1905AGADDF,,,2,6.2,5.9,Passed,
SP2023,SP2023-class 12,16,1905AGBDFH,,,2,5.4,5.2,Passed,
SP2023,SP2023-class 12,17,1905AEAJEG,,,0,4.6,3.8,Is Susspended,
SP2023,SP2023-class 12,18,1905AGCDDE,,,4,7.6,7.2,Passed,
SP2023,SP2023-class 12,19,1905AGBJFD,,,6,6.8,7.7,Passed,
SP2023,SP2023-class 12,20,1905AFAJJA,,,1,5.8,5.2,Passed,
SP2023,SP2023-class 12,21,1905AGABFA,,,9,8.4,9.1,Passed,
SP2023,SP2023-class 12,22,1905AGAECE,,,6,7,7.4,Passed,
SP2023,SP2023-class 12,23,1905AGBAID,,,1,5.6,5.2,Passed,
SP2023,SP2023-class 12,24,1905AFAEIF,,,1,7.4,6,Passed,
SP2023,SP2023-class 12,25,1905AGAEAH,,,2,7,6.1,Passed,
SP2023,SP2023-class 12,26,1905AGAAEI,,,7,8,8.4,Passed,
SP2023,SP2023-class 13,1,1905AEADAI,,,0,0,0,Attendance Fail,
SP2023,SP2023-class 13,2,1905AFJDDG,,,6,4.6,6.5,Passed,
SP2023,SP2023-class 13,3,1905AGAFHJ,,,3,4.2,5.8,Passed,
SP2023,SP2023-class 13,4,1905AGAEGB,,,3,7.4,7,Passed,
SP2023,SP2023-class 13,5,1905AGAFHH,,,1,5.6,6,Passed,
SP2023,SP2023-class 13,6,1905AEADGF,,,1,5.2,5.3,Passed,
SP2023,SP2023-class 13,7,1905AGAGFD,,,4,8.6,7.3,Passed,
SP2023,SP2023-class 13,8,1905AEJGIB,,,0,0,3.4,Not Passed,
SP2023,SP2023-class 13,9,1905AGBDIH,,,3,6.6,6.6,Passed,
SP2023,SP2023-class 13,10,1905AGAFBF,,,3,8.4,7.4,Passed,
SP2023,SP2023-class 13,11,1905AGAFDJ,,,3,8,7,Passed,
SP2023,SP2023-class 13,12,1905AGAFCB,,,1,6.8,5.9,Passed,
SP2023,SP2023-class 13,13,1905AEJHFC,,,4,5.8,6.4,Passed,
SP2023,SP2023-class 13,14,1905AGACEA,,,1,6.2,5.8,Passed,
SP2023,SP2023-class 13,15,1905AFBJAI,,,2,5.6,5.5,Passed,
SP2023,SP2023-class 13,16,1905AFJHAJ,,,6,4.6,6.4,Passed,
SP2023,SP2023-class 13,17,1905AGAGCB,,,5,5,7,Passed,
SP2023,SP2023-class 13,18,1905AGAAGE,,,0,0,2.7,Attendance Fail,
SP2023,SP2023-class 13,19,1905AGAFCG,,,10,8.8,9.6,Passed,
SP2023,SP2023-class 13,20,1905AGAFGD,,,10,9,9.7,Passed,
SP2023,SP2023-class 13,21,1905AFAFDJ,,,0,0,0,Attendance Fail,
SP2023,SP2023-class 13,22,1905AGAFEF,,,4,6.8,7,Passed,
SP2023,SP2023-class 13,23,0405AGJFHI,,,4,6.8,6.7,Passed,
SP2023,SP2023-class 13,24,1905AGAFHF,,,9,8,9,Passed,
SP2023,SP2023-class 13,25,1905AGAFGA,,,2,7.2,6.7,Passed,
SP2023,SP2023-class 13,26,1905AGAFGF,,,3,6.6,6.7,Passed,
SP2023,SP2023-class 13,27,1905AGBBDG,,,2,4.6,5.8,Passed,
SP2023,SP2023-class 13,28,1905AGAGAB,,,5,8.2,8,Passed,
SP2023,SP2023-class 13,29,1905AFACJC,,,4,5.4,6.2,Passed,
SP2023,SP2023-class 13,30,1905AGBJIF,,,0,0,1,Attendance Fail,
SP2023,SP2023-class 13,31,1905AGAFFF,,,5,7.8,7.4,Passed,
SP2023,SP2023-class 13,32,1905AGJEBA,,,0,0,3.4,Not Passed,
SP2023,SP2023-class 13,33,1905AEAAHE,,,1,4,5,Passed,
SP2023,SP2023-class 14,1,1905AGAGFF,,,7,8.6,7.8,Passed,
SP2023,SP2023-class 14,2,1905AGAHGD,,,0,0,3.2,Not Passed,
SP2023,SP2023-class 14,3,1905AGAHEH,,,6,7,7.7,Passed,
SP2023,SP2023-class 14,4,1905AGJJCA,,,5,4.6,6.6,Passed,
SP2023,SP2023-class 14,5,1905AGAGEA,,,0,0,1.9,Is Susspended,
SP2023,SP2023-class 14,6,1905AGAHAG,,,2,8.2,6.6,Passed,
SP2023,SP2023-class 14,7,1905AGADEH,,,0,0,3.3,Not Passed,
SP2023,SP2023-class 14,8,1905AFJBJD,,,1,6,5.3,Passed,
SP2023,SP2023-class 14,9,1905AGCEID,,,0,0,2.7,Not Passed,
SP2023,SP2023-class 14,10,1905AGAGDH,,,7,8.8,8.5,Passed,
SP2023,SP2023-class 14,11,1901AGJAIF,,,1,6.4,5.8,Passed,
SP2023,SP2023-class 14,12,1905AGAGEC,,,8,7.4,8.1,Passed,
SP2023,SP2023-class 14,13,1905AGAGEJ,,,0,0,2.4,Not Passed,
SP2023,SP2023-class 14,14,1905AGAGCD,,,6,9,8,Passed,
SP2023,SP2023-class 14,15,1905AGAGIC,,,0,0,3.4,Not Passed,
SP2023,SP2023-class 14,16,1905AGAHFB,,,0,0,2.5,Not Passed,
SP2023,SP2023-class 14,17,1905AGBHIB,,,0,0,3.3,Not Passed,
SP2023,SP2023-class 14,18,1905AGAHDF,,,0,0,3.4,Not Passed,
SP2023,SP2023-class 14,19,1905AGJCDF,,,4,7.6,6.1,Passed,
SP2023,SP2023-class 14,20,1905AGAHDB,,,0,0,3.2,Not Passed,
SP2023,SP2023-class 14,21,1905AGAGEG,,,4,9.2,7.2,Passed,
SP2023,SP2023-class 14,22,1905AGCEIE,,,0,0,2.3,Not Passed,
SP2023,SP2023-class 14,23,1905AGAGGA,,,0,0,2.6,Not Passed,
SP2023,SP2023-class 14,24,1905AGADFF,,,0,0,3.5,Not Passed,
SP2023,SP2023-class 14,25,1905AGJACG,,,4,6.2,6.1,Passed,
SP2023,SP2023-class 14,26,1905AGAGIG,,,1,7.8,6.2,Passed,
SP2023,SP2023-class 14,27,1905AGAGIA,,,0,5,4.6,Not Passed,
SP2023,SP2023-class 14,28,1905AFAFDF,,,1,4.2,5.1,Passed,
SP2023,SP2023-class 14,29,1905AGBGGF,,,0,0,2.9,Not Passed,
SP2023,SP2023-class 14,30,1905AGAHGA,,,3,5.8,5,Passed,
SP2023,SP2023-class 14,31,1905AGAHEF,,,1,5.8,5.5,Passed,
SP2023,SP2023-class 14,32,1905AEJEAG,,,1,5,5.1,Passed,
SP2023,SP2023-class 14,33,1905AGAGDG,,,4,8.2,7.5,Passed,
SP2023,SP2023-class 14,34,1905AFJEAD,,,4,6.4,6.7,Passed,
SP2023,SP2023-class 14,35,1905AGAHJE,,,3,7,6.1,Passed,
SP2023,SP2023-class 15,1,1905AGBJCG,,,0,0,3.5,Not Passed,
SP2023,SP2023-class 15,2,1905AGAICF,,,1,6.4,5.4,Passed,
SP2023,SP2023-class 15,3,1905AGAHDH,,,1,8.8,6.4,Passed,
SP2023,SP2023-class 15,4,1905AGCFGB,,,1,8.8,6.8,Passed,
SP2023,SP2023-class 15,5,1905AFJAED,,,0,0,3.1,Attendance Fail,
SP2023,SP2023-class 15,6,1905AGBEBB,,,0,0,3.4,Not Passed,
SP2023,SP2023-class 15,7,1905AFAHHD,,,0,5.4,4.6,Is Susspended,
SP2023,SP2023-class 15,8,1905AFAEBH,,,0,0,3.1,Is Susspended,
SP2023,SP2023-class 15,9,1905AFJHCE,,,2,5.2,5.7,Passed,
SP2023,SP2023-class 15,10,1905AEADBG,,,0,0,2.7,Not Passed,
SP2023,SP2023-class 15,11,1905AFAAEC,,,1,7.8,5.6,Passed,
SP2023,SP2023-class 15,12,1905AGAIBG,,,1,4.8,5,Passed,
SP2023,SP2023-class 15,13,1905AGBJAC,,,6,7.4,7.6,Passed,
SP2023,SP2023-class 15,14,1905AGAIAA,,,6,5.4,6.7,Passed,
SP2023,SP2023-class 15,15,1905AGCFDD,,,2,7.8,6.4,Passed,
SP2023,SP2023-class 15,16,1905AGAIII,,,0,0,3,Attendance Fail,
SP2023,SP2023-class 15,17,1905AGAIGH,,,0,0,3.6,Not Passed,
SP2023,SP2023-class 15,18,1905AGBEAG,,,5,7.8,7.4,Passed,
SP2023,SP2023-class 15,19,1905AGABBC,,,7,7.8,8.1,Passed,
SP2023,SP2023-class 15,20,1905AGAHHJ,,,0,0,3.6,Not Passed,
SP2023,SP2023-class 15,21,1905AGAIID,,,1,7,5.7,Passed,
SP2023,SP2023-class 15,22,1905AEJBCI,,,0,0,0.6,Attendance Fail,
SP2023,SP2023-class 15,23,1905AEJFJJ,,,4,4.8,6.2,Passed,
SP2023,SP2023-class 15,24,1905AGAIEG,,,10,8,9.1,Passed,
SP2023,SP2023-class 15,25,1905AGBJCB,,,0.5,7.2,5.8,Passed,
SP2023,SP2023-class 15,26,1905AGBGEC,,,0,0,3.2,Not Passed,
SP2023,SP2023-class 15,27,1905AFAHCD,,,0,0,0.7,Attendance Fail,
SP2023,SP2023-class 15,28,1905AGAHGH,,,0,0,0.7,Attendance Fail,
SP2023,SP2023-class 15,29,1905AGBJAH,,,0.5,7.6,6.2,Passed,
SP2023,SP2023-class 15,30,1905AGAIHA,,,2,6.4,6.1,Passed,
SP2023,SP2023-class 15,31,1905AFAAED,,,0,0,2.8,Attendance Fail,
SP2023,SP2023-class 15,32,1905AGAIGA,,,2,6.8,5.7,Passed,
SP2023,SP2023-class 15,33,1905AFAIEJ,,,0,0,3.1,Attendance Fail,
SP2023,SP2023-class 15,34,1905AFBJDH,,,0,0,0,Attendance Fail,
SP2023,SP2023-class 16,1,1905AGBJJF,,,1,8.2,6.8,Passed,
SP2023,SP2023-class 16,2,1905AGBBAE,,,0,0,3.3,Attendance Fail,
SP2023,SP2023-class 16,3,1905AGBABA,,,6,8,7.9,Passed,
SP2023,SP2023-class 16,4,1905AGBAEG,,,0,0,3.8,Not Passed,
SP2023,SP2023-class 16,5,1905AGBABB,,,5,9,8.2,Passed,
SP2023,SP2023-class 16,6,1905AGBACB,,,2,7.8,6.5,Passed,
SP2023,SP2023-class 16,7,1905AGCBJD,,,6,9,8.3,Passed,
SP2023,SP2023-class 16,8,1905AFJJFA,,,1,5,5.1,Passed,
SP2023,SP2023-class 16,9,1905AGBCCI,,,5,7.4,7.4,Passed,
SP2023,SP2023-class 16,10,1905AGBAEB,,,0,2.6,3.7,Not Passed,
SP2023,SP2023-class 16,11,1905AGBAAA,,,4,7.2,7.4,Passed,
SP2023,SP2023-class 16,12,1905AGBGEF,,,5,5.8,6.9,Passed,
SP2023,SP2023-class 16,13,1905AGBJII,,,6,8.4,8.3,Passed,
SP2023,SP2023-class 16,14,1905AGBAHE,,,0,6,5.1,Not Passed,
SP2023,SP2023-class 16,15,1905AGBDEE,,,7,6.4,8,Passed,
SP2023,SP2023-class 16,16,1905AGBJIC,,,4,8,7.6,Passed,
SP2023,SP2023-class 16,17,1905AFAHHB,,,4,7.4,6.6,Passed,
SP2023,SP2023-class 16,18,1905AGBJIB,,,4,8.8,7.8,Passed,
SP2023,SP2023-class 16,19,1905AFJIGI,,,4,4.4,5.8,Passed,
SP2023,SP2023-class 16,20,1905AGBJJJ,,,3,7.2,7.1,Passed,
SP2023,SP2023-class 16,21,1905AGAIBD,,,0,0,3.3,Not Passed,
SP2023,SP2023-class 16,22,1905AGAIHD,,,4,9,7.9,Passed,
SP2023,SP2023-class 16,23,1905AGBAED,,,0,0,3.8,Not Passed,
SP2023,SP2023-class 16,24,1905AGBDJF,,,1,4.6,5.2,Passed,
SP2023,SP2023-class 16,25,1905AGACAF,,,0,0,3.6,Not Passed,
SP2023,SP2023-class 16,26,1905AGBJAG,,,4,4.6,6.6,Passed,
SP2023,SP2023-class 16,27,1905AGBBCC,,,0,0,1.7,Attendance Fail,
SP2023,SP2023-class 16,28,1905ADJEAE,,,0,0,3.2,Not Passed,
SP2023,SP2023-class 16,29,1905AGBBCJ,,,1,4.6,5.3,Passed,
SP2023,SP2023-class 16,30,1905AGBJDB,,,10,9.4,9.8,Passed,
SP2023,SP2023-class 16,31,1905AGBJHE,,,2,8,7,Passed,
SP2023,SP2023-class 16,32,1905AGBBAI,,,0,0,3.4,Not Passed,
SP2023,SP2023-class 17,1,1905AGJJEB,,,4,5.8,5,Passed,
SP2023,SP2023-class 17,2,1905AGBCED,,,1,7.4,5.6,Passed,
SP2023,SP2023-class 17,3,1905AGBBHH,,,0,0,2.6,Not Passed,
SP2023,SP2023-class 17,4,1905AGCAFA,,,0,0,2,Not Passed,
SP2023,SP2023-class 17,5,1905AFJCJH,,,3,7.2,5.6,Passed,
SP2023,SP2023-class 17,6,1905AGBBGF,,,2,7.4,5.6,Passed,
SP2023,SP2023-class 17,7,1905AGBCCD,,,0,0,2.1,Not Passed,
SP2023,SP2023-class 17,8,1905AGBBGG,,,0,0,2.5,Not Passed,
SP2023,SP2023-class 17,9,1905AEJHAD,,,1,0,1.3,Attendance Fail,
SP2023,SP2023-class 17,10,1905AGAFEB,,,2,6.8,5.4,Passed,
SP2023,SP2023-class 17,11,1905AGJCAG,,,4,7.6,5.9,Passed,
SP2023,SP2023-class 17,12,1905AGBBCI,,,0,0,1.6,Not Passed,
SP2023,SP2023-class 17,13,1905AGBEBE,,,9,8.8,8.1,Passed,
SP2023,SP2023-class 17,14,1905AGBBIE,,,0,0,2.4,Not Passed,
SP2023,SP2023-class 17,15,1905AGBBIB,,,1,7.8,5.4,Passed,
SP2023,SP2023-class 17,16,1905AGBCBH,,,0,0,2.1,Not Passed,
SP2023,SP2023-class 17,17,1905AGBCAE,,,2,7.2,5.2,Passed,
SP2023,SP2023-class 17,18,1905AGBCJC,,,1,8.4,5.5,Passed,
SP2023,SP2023-class 17,19,1905AGBCCH,,,1,7.2,5.1,Passed,
SP2023,SP2023-class 17,20,1905AGBBID,,,2,8.6,5.4,Passed,
SP2023,SP2023-class 17,21,1905AFAJGC,,,0,0,2.7,Not Passed,
SP2023,SP2023-class 17,22,1905AGBCJG,,,0,0,3.2,Not Passed,
SP2023,SP2023-class 17,23,1905AGBCEG,,,2,8.4,5.2,Passed,
SP2023,SP2023-class 17,24,1905AGBCDC,,,0,0,2.7,Not Passed,
SP2023,SP2023-class 17,25,1905AGBDAC,,,0,0,0,Attendance Fail,
SP2023,SP2023-class 17,26,1905AFJDDA,,,0,0,2.1,Not Passed,
SP2023,SP2023-class 17,27,1905AFAIDC,,,0,2.6,3.1,Not Passed,
SP2023,SP2023-class 18,1,1905AGBEEB,,,3,8,7.1,Passed,
SP2023,SP2023-class 18,2,1905AGAAGC,,,1,9,6.9,Passed,
SP2023,SP2023-class 18,3,1905AGBDJB,,,2,3.8,5.1,Not Passed,
SP2023,SP2023-class 18,4,1905AGBDHB,,,2,8.4,6.7,Passed,
SP2023,SP2023-class 18,5,1905AGAFAH,,,1,8.4,6.1,Passed,
SP2023,SP2023-class 18,6,1905AGBEHF,,,3,8.6,7.4,Passed,
SP2023,SP2023-class 18,7,1905AGBEFH,,,6,10,8.7,Passed,
SP2023,SP2023-class 18,8,1905AGBDFC,,,2,4.8,5.5,Passed,
SP2023,SP2023-class 18,9,1905AGBEGF,,,6,8.6,8.3,Passed,
SP2023,SP2023-class 18,10,1905AFAEAE,,,3,5.8,5.1,Passed,
SP2023,SP2023-class 18,11,1905AGBDHI,,,0,0,3.4,Not Passed,
SP2023,SP2023-class 18,12,1905AGBEBJ,,,8,9,9,Passed,
SP2023,SP2023-class 18,13,1905AGCCAJ,,,7,9.4,8.7,Passed,
SP2023,SP2023-class 18,14,1905AGBEGA,,,0.5,7.6,5.9,Passed,
SP2023,SP2023-class 18,15,1905AGBDGH,,,5,8.2,7.5,Passed,
SP2023,SP2023-class 18,16,1905AGAAFD,,,6,9.8,8.7,Passed,
SP2023,SP2023-class 18,17,1905AGBECC,,,3,9,7.4,Passed,
SP2023,SP2023-class 18,18,1905AGBDBA,,,0,0,2.8,Attendance Fail,
SP2023,SP2023-class 18,19,1905AGCBFF,,,6,7.8,7.9,Passed,
SP2023,SP2023-class 18,20,1905AGAFBJ,,,7,9.4,8.8,Passed,
SP2023,SP2023-class 18,21,1905AGBBFA,,,4,8,7,Passed,
SP2023,SP2023-class 18,22,1905AGBAGC,,,10,10,9.8,Passed,
SP2023,SP2023-class 18,23,1905AGAAID,,,4,9.4,7.8,Passed,
SP2023,SP2023-class 18,24,1905AGAFEA,,,8,9,8.8,Passed,
SP2023,SP2023-class 18,25,1905AGBDIG,,,2,4.2,5.6,Passed,
SP2023,SP2023-class 18,26,1905AGBFAA,,,2,6.2,6,Passed,
SP2023,SP2023-class 18,27,1905AGBDGG,,,2,7.2,6.1,Passed,
SP2023,SP2023-class 18,28,1905AGBCFE,,,1,5.6,5.9,Passed,
SP2023,SP2023-class 18,29,1905ACJBFH,,,0,0,2.9,Attendance Fail,
SP2023,SP2023-class 18,30,1905AGBDCF,,,10,8.8,9.4,Passed,
SP2023,SP2023-class 18,31,1905AEJCFG,,,1,7,5.4,Passed,
SP2023,SP2023-class 18,32,1905AGBDDE,,,9,9.6,9.4,Passed,
SP2023,SP2023-class 18,33,1905AGBDCG,,,5,8.2,7.6,Passed,
SP2023,SP2023-class 18,34,1905AGBBBE,,,5,7,7.3,Passed,
SP2023,SP2023-class 18,35,1905AGBDHE,,,0,0,3.7,Attendance Fail,
SP2023,SP2023-class 19,1,1905AGBFFD,,,0,0,3.5,Not Passed,
SP2023,SP2023-class 19,2,1905AGBGDH,,,0,0,3.2,Not Passed,
SP2023,SP2023-class 19,3,1905AGAAED,,,9,9.8,9.6,Passed,
SP2023,SP2023-class 19,4,1905AGAHEI,,,0,0,0.7,Attendance Fail,
SP2023,SP2023-class 19,5,1905AGBHFH,,,0,0,3.5,Not Passed,
SP2023,SP2023-class 19,6,1905AGBFGD,,,1,9,6.4,Passed,
SP2023,SP2023-class 19,7,1905AGBFDA,,,1,6.6,5.7,Passed,
SP2023,SP2023-class 19,8,1905AGBGCH,,,0,0,3.2,Not Passed,
SP2023,SP2023-class 19,9,1905AGBGDD,,,0,0,3.4,Attendance Fail,
SP2023,SP2023-class 19,10,1905AGAEIE,,,7,9.2,8.6,Passed,
SP2023,SP2023-class 19,11,1905AGBFCA,,,0,0,3.6,Not Passed,
SP2023,SP2023-class 19,12,1905AGBFGG,,,3,8.2,6.8,Passed,
SP2023,SP2023-class 19,13,1905AGBHEF,,,3,7.8,6.4,Passed,
SP2023,SP2023-class 19,14,1905AGBFBE,,,0,0,3.4,Not Passed,
SP2023,SP2023-class 19,15,1905AGBJJI,,,0,0,3.1,Not Passed,
SP2023,SP2023-class 19,16,1905AGBGJD,,,4,8.2,7.5,Passed,
SP2023,SP2023-class 19,17,1905AGAEBJ,,,0,8.6,6.4,Not Passed,
SP2023,SP2023-class 19,18,1905AGCACH,,,2,7.6,6.3,Passed,
SP2023,SP2023-class 19,19,1905AEJECG,,,0,0,3.1,Not Passed,
SP2023,SP2023-class 19,20,1905AFJEHJ,,,1,0,3.4,Not Passed,
SP2023,SP2023-class 19,21,1905AGBFBA,,,3,6.6,6.2,Passed,
SP2023,SP2023-class 19,22,1905AGAEGC,,,0,8.4,6.2,Not Passed,
SP2023,SP2023-class 19,23,1905AGCJAB,,,2,6.6,6.5,Passed,
SP2023,SP2023-class 19,24,1905AGBGEJ,,,2,5.6,5.5,Passed,
SP2023,SP2023-class 19,25,1905AGBFGI,,,0,0,3.7,Not Passed,
SP2023,SP2023-class 19,26,1905AGBFHJ,,,2,8.6,6.6,Passed,
SP2023,SP2023-class 19,27,1905AGBFII,,,1,7.8,5.9,Passed,
SP2023,SP2023-class 19,28,1905AGBFCJ,,,2,7.6,6.1,Passed,
SP2023,SP2023-class 19,29,1905AGBEID,,,1,9.2,6.9,Passed,
SP2023,SP2023-class 19,30,1905AGAFJJ,,,7,8.4,8.4,Passed,
SP2023,SP2023-class 19,31,1905AGBGBD,,,0,0,3.3,Not Passed,
SP2023,SP2023-class 19,32,1905AGBEHH,,,3,9.4,7.7,Passed,
SP2023,SP2023-class 20,1,1905AGJAAJ,,,2,5.6,5.7,Passed,
SP2023,SP2023-class 20,2,1905AFADDG,,,0,0,2.9,Attendance Fail,
SP2023,SP2023-class 20,3,1905AGBHIH,,,2,6.6,6.3,Passed,
SP2023,SP2023-class 20,4,1905AFADJG,,,0,0,3.5,Not Passed,
SP2023,SP2023-class 20,5,1905AGBICB,,,0,0,3.6,Not Passed,
SP2023,SP2023-class 20,6,1905AFJBHA,,,0,0,0,Attendance Fail,
SP2023,SP2023-class 20,7,1905AGAFEI,,,3,8.6,7.2,Passed,
SP2023,SP2023-class 20,8,1905AGBHED,,,0,0,3.5,Not Passed,
SP2023,SP2023-class 20,9,1905AGBICI,,,1,4.2,5.4,Passed,
SP2023,SP2023-class 20,10,1905AGBIJH,,,4,8.4,7.5,Passed,
SP2023,SP2023-class 20,11,0805AECGEB,,,7,9.6,8.4,Passed,
SP2023,SP2023-class 20,12,1905AGJAJI,,,4,4.8,6,Passed,
SP2023,SP2023-class 20,13,1905AGBGHI,,,2,7.2,6.3,Passed,
SP2023,SP2023-class 20,14,1905AFJDDB,,,1,6.8,5.7,Passed,
SP2023,SP2023-class 20,15,1905AFAJJI,,,0,0,3.6,Not Passed,
SP2023,SP2023-class 20,16,1905AGBIAB,,,0,0,3.7,Not Passed,
SP2023,SP2023-class 20,17,1905AGBHGI,,,0,0,3.7,Not Passed,
SP2023,SP2023-class 20,18,1905AGBHDG,,,0,0,3.7,Not Passed,
SP2023,SP2023-class 20,19,1905AGBHJA,,,3,7.4,7.1,Passed,
SP2023,SP2023-class 20,20,1905AGJAEA,,,5,6.6,7.3,Passed,
SP2023,SP2023-class 20,21,1905AGBHAD,,,1,5.6,5.6,Passed,
SP2023,SP2023-class 20,22,1905AGBIHH,,,5,8.6,7.5,Passed,
SP2023,SP2023-class 20,23,1905AGBIAG,,,5,8.2,7.9,Passed,
SP2023,SP2023-class 20,24,1905AGBGHC,,,2,7.8,6.5,Passed,
SP2023,SP2023-class 20,25,1905AFADDH,,,4,8,7.3,Passed,
SP2023,SP2023-class 20,26,1905AGBHHF,,,0,0,3.5,Not Passed,
SP2023,SP2023-class 20,27,1905AGBHGB,,,0,0,3.6,Not Passed,
SP2023,SP2023-class 20,28,1905AGBHEH,,,1,7.2,5.8,Passed,
SP2023,SP2023-class 20,29,1905AGBGBF,,,6,9,8.1,Passed,
SP2023,SP2023-class 20,30,1905AGBGIA,,,2,5,5.5,Passed,
SP2023,SP2023-class 21,1,1905AGCBJI,,,10,8.4,9.1,Passed,
SP2023,SP2023-class 21,2,1905AGCAEH,,,2,7.8,5.6,Passed,
SP2023,SP2023-class 21,3,1905AFJCGH,,,0,0,2.9,Attendance Fail,
SP2023,SP2023-class 21,4,1905AGCCCD,,,0,0,2.9,Not Passed,
SP2023,SP2023-class 21,5,1905AGCAIF,,,0,0,3.3,Not Passed,
SP2023,SP2023-class 21,6,1905AFJDAE,,,0,0,3.2,Not Passed,
SP2023,SP2023-class 21,7,1905AGCBDA,,,4,7.8,7.3,Passed,
SP2023,SP2023-class 21,8,1905AGCBHF,,,2,8.4,6.6,Passed,
SP2023,SP2023-class 21,9,1905AGBIHA,,,2,4.8,5.5,Passed,
SP2023,SP2023-class 21,10,1905AFADCF,,,1,5,5,Passed,
SP2023,SP2023-class 21,11,1905AGCBBB,,,10,9.4,9.6,Passed,
SP2023,SP2023-class 21,12,1905AGCBDJ,,,0,0,3.8,Not Passed,
SP2023,SP2023-class 21,13,1905AFADJA,,,4,5.4,6,Passed,
SP2023,SP2023-class 21,14,1905AGCBDI,,,8,7.6,8.5,Passed,
SP2023,SP2023-class 21,15,1905AGCBII,,,8,9.4,9,Passed,
SP2023,SP2023-class 21,16,1905AGCAHA,,,5,6.8,7,Passed,
SP2023,SP2023-class 21,17,1905AGBGAC,,,3,5.8,5.9,Passed,
SP2023,SP2023-class 21,18,1905AFAJCA,,,1,6.2,5,Passed,
SP2023,SP2023-class 21,19,1905AGCBEH,,,6,8.2,8,Passed,
SP2023,SP2023-class 21,20,1905AFBJEG,,,4,7.8,7.4,Passed,
SP2023,SP2023-class 21,21,1905AGCBCA,,,6,7.6,7.6,Passed,
SP2023,SP2023-class 21,22,1905AGCBFC,,,5,7,7.2,Passed,
SP2023,SP2023-class 21,23,1905AGCBCF,,,3,6.4,6.3,Passed,
SP2023,SP2023-class 21,24,1905AGCDFH,,,2,6.8,5.5,Passed,
SP2023,SP2023-class 21,25,1905AFJDJC,,,0,0,2.8,Attendance Fail,
SP2023,SP2023-class 21,26,1905AGCAII,,,1,7.4,6.2,Passed,
SP2023,SP2023-class 21,27,1905AGCAHB,,,0,0,3.4,Attendance Fail,
SP2023,SP2023-class 21,28,1905AGCBDE,,,2,7.4,6.6,Passed,
SP2023,SP2023-class 21,29,1905AFJBAG,,,2,4.4,5.3,Passed,
SP2023,SP2023-class 21,30,1905AGCBIA,,,0,0,3.6,Not Passed,
SP2023,SP2023-class 21,31,1905FADCJ,,,1,6.8,5.5,Passed,
SP2023,SP2023-class 22,1,1905AGCCAI,,,2,7.4,5.9,Passed,
SP2023,SP2023-class 22,2,1905AGCDAH,,,2,8.6,6.2,Passed,
SP2023,SP2023-class 22,3,1905AGJCHF,,,1,7.6,5.5,Passed,
SP2023,SP2023-class 22,4,1905AGCDFI,,,6,6.4,6.4,Passed,
SP2023,SP2023-class 22,5,1905AGCDJA,,,2,7.6,5.2,Passed,
SP2023,SP2023-class 22,6,1905AGCCIF,,,2,7.8,5.4,Passed,
SP2023,SP2023-class 22,7,1905AGCDDA,,,0,0,2.9,Not Passed,
SP2023,SP2023-class 22,8,1905AGCDGD,,,1,6,5.1,Passed,
SP2023,SP2023-class 22,9,1905AGCDHB,,,0,0,2,Not Passed,
SP2023,SP2023-class 22,10,1905AGCCAA,,,3,6.4,6,Passed,
SP2023,SP2023-class 22,11,1905AGCDGJ,,,8,6.8,7.6,Passed,
SP2023,SP2023-class 22,12,1905AGCCCH,,,2,7.2,5.6,Passed,
SP2023,SP2023-class 22,13,1905AGCCAG,,,3,6.8,5.8,Passed,
SP2023,SP2023-class 22,14,1905AGCDJJ,,,6,9.6,7.4,Passed,
SP2023,SP2023-class 22,15,1905AFAFBI,,,0,0,2.8,Not Passed,
SP2023,SP2023-class 22,16,1905AGCDFE,,,1,9.4,6.3,Passed,
SP2023,SP2023-class 22,17,1905AGCDGE,,,0,0,3.2,Not Passed,
SP2023,SP2023-class 22,18,1905AGCDGB,,,3,7.6,6.1,Passed,
SP2023,SP2023-class 22,19,1905AGCDEC,,,9,10,9.1,Passed,
SP2023,SP2023-class 22,20,1905AGCDGF,,,8,9,8.3,Passed,
SP2023,SP2023-class 22,21,1905AGCDDG,,,0,0,2.3,Not Passed,
SP2023,SP2023-class 22,22,1905AGCCII,,,7,9.4,7.9,Passed,
SP2023,SP2023-class 22,23,1905AGAECG,,,8,8.6,8.2,Passed,
SP2023,SP2023-class 22,24,1905AGCDHE,,,0,0,2.5,Not Passed,
SP2023,SP2023-class 23,1,1905AGCECF,,,4,8.6,7.3,Passed,
SP2023,SP2023-class 23,2,1905AGBIHG,,,0,0,3.6,Not Passed,
SP2023,SP2023-class 23,3,1905AGCECI,,,2,7.2,6.3,Passed,
SP2023,SP2023-class 23,4,1905AGCEDC,,,0,0,3.3,Not Passed,
SP2023,SP2023-class 23,5,1905AGCEFH,,,0,0,2.9,Attendance Fail,
SP2023,SP2023-class 23,6,1905AGCECE,,,2,6.6,5.7,Passed,
SP2023,SP2023-class 23,7,1905AGAEGG,,,0,0,3,Attendance Fail,
SP2023,SP2023-class 23,8,1905AGCEEJ,,,3,7.2,6.2,Passed,
SP2023,SP2023-class 23,9,1905AGCFJC,,,1,9.4,6.6,Passed,
SP2023,SP2023-class 23,10,1905AGCDIA,,,1,0,3.3,Attendance Fail,
SP2023,SP2023-class 23,11,1905AGAAHI,,,0,0,3.2,Not Passed,
SP2023,SP2023-class 23,12,1905AGCFJE,,,2,5.8,5.6,Passed,
SP2023,SP2023-class 23,13,1905AGCEHB,,,0,0,3.7,Not Passed,
SP2023,SP2023-class 23,14,1905AGCEJB,,,0,6,5.2,Is Susspended,
SP2023,SP2023-class 23,15,1905AGACCC,,,1,5.8,5.2,Passed,
SP2023,SP2023-class 23,16,1905AGCEFI,,,0,0,3.7,Not Passed,
SP2023,SP2023-class 23,17,1905AGCEGI,,,6,10,8.7,Passed,
SP2023,SP2023-class 23,18,1905AGCEAB,,,8,7,8.2,Passed,
SP2023,SP2023-class 23,19,1905AGCDIJ,,,1,6,5.3,Passed,
SP2023,SP2023-class 23,20,1905AGCEHI,,,2,9.2,6.6,Passed,
SP2023,SP2023-class 23,21,1905AFJECB,,,0,0,3,Attendance Fail,
SP2023,SP2023-class 23,22,1905AGCEDA,,,1,0,3.5,Attendance Fail,
SP2023,SP2023-class 23,23,1905AGCDII,,,0,0,3,Not Passed,
SP2023,SP2023-class 23,24,1905AGCEHE,,,7,4.6,6.3,Passed,
SP2023,SP2023-class 23,25,1905AGCEGH,,,2,6,5.6,Passed,
SP2023,SP2023-class 23,26,1905AFJCFC,,,0,0,3,Attendance Fail,
SP2023,SP2023-class 23,27,1905AGCFJJ,,,7,8.8,8,Passed,
SP2023,SP2023-class 24,1,1905AEABII,,,0,0,2.2,Not Passed,
SP2023,SP2023-class 24,2,1905AGCFFA,,,0,0,2.6,Not Passed,
SP2023,SP2023-class 24,3,1905AGCFDJ,,,0,0,2.6,Not Passed,
SP2023,SP2023-class 24,4,1905AGCFGA,,,0,0,1.7,Not Passed,
SP2023,SP2023-class 24,5,1905AGCFDI,,,1,7.6,4.8,Not Passed,
SP2023,SP2023-class 24,6,1905AGCFHE,,,0,0,2.4,Not Passed,
SP2023,SP2023-class 24,7,1905AGCFEA,,,1,8,5.2,Passed,
SP2023,SP2023-class 24,8,1905AGBCBG,,,0,0,1.9,Not Passed,
SP2023,SP2023-class 24,9,1905AGCFDC,,,10,8.6,8.9,Passed,
SP2023,SP2023-class 24,10,1905AGCFAE,,,2,7.8,5.5,Passed,
SP2023,SP2023-class 24,11,1905AGCFDF,,,0,0,2.9,Not Passed,
SP2023,SP2023-class 24,12,1905AGJAGB,,,3,5.8,5,Passed,
SP2023,SP2023-class 24,13,1905AGCFHG,,,0,0,3,Not Passed,
SP2023,SP2023-class 24,14,1905AGBAGI,,,0,0,2.2,Not Passed,
SP2023,SP2023-class 24,15,1905AGCFGJ,,,0,0,3,Not Passed,
SP2023,SP2023-class 24,16,1905AGCFHB,,,0,0,2.8,Not Passed,
SP2023,SP2023-class 24,17,1919AGACAE,,,6,9,8,Passed,
SP2023,SP2023-class 24,18,1905AGCFGF,,,1,8,5.4,Passed,
SP2023,SP2023-class 24,19,1905AGCFEJ,,,2,8.6,6.1,Passed,
SP2023,SP2023-class 24,20,1905AGCFCJ,,,4,7.8,6,Passed,
SP2023,SP2023-class 24,21,1905AGCGJE,,,10,8,8.6,Passed,
SP2023,SP2023-class 24,22,1905AGCGJB,,,0,0,2.8,Not Passed,
SP2023,SP2023-class 24,23,1905AGCFBB,,,1,7.2,5.4,Passed,
SP2023,SP2023-class 24,24,1919AGJCHH,,,0,0,2.6,Not Passed,
SP2023,SP2023-class 24,25,1905AGCFIF,,,0,0,2.1,Not Passed,
SP2024,SP2024-class 1,1,1905AEJFCE,,,0,0,0,Not Passed,
SP2024,SP2024-class 1,2,1905AHAIGA,,,10,5.2,7.8,Passed,
SP2024,SP2024-class 1,3,1905AGJEHJ,,,2,6.8,5.6,Passed,
SP2024,SP2024-class 1,4,1905AGJDHD,,,0,0,0.1,Not Passed,
SP2024,SP2024-class 1,5,1905AGAFIH,,,1,7.2,4.4,Not Passed,
SP2024,SP2024-class 1,6,1905AHCFIH,,,6,8,7.2,Passed,
SP2024,SP2024-class 1,7,1905AFJFCG,,,2,5.8,4.7,Not Passed,
SP2024,SP2024-class 1,8,1905AHBIHG,,,4,6.4,6.5,Passed,
SP2024,SP2024-class 1,9,1905AGBCCJ,,,3,5.6,4.3,Not Passed,
SP2024,SP2024-class 1,10,1905AHDADC,,,4,6,6.6,Passed,
SP2024,SP2024-class 1,11,1905AHBJGE,,,6,6,7,Passed,
SP2024,SP2024-class 1,12,1905AHBABB,,,4,6,5.5,Passed,
SP2024,SP2024-class 1,13,1905AHJABD,,,9,9.6,8.5,Passed,
SP2024,SP2024-class 1,14,1905AGBFBE,,,10,4.8,5.8,Passed,
SP2024,SP2024-class 1,15,1905AFJHFD,,,5,9.4,5.9,Passed,
SP2024,SP2024-class 1,16,1905AGBBEI,,,3,6.4,6.2,Passed,
SP2024,SP2024-class 1,17,1905AHDEBJ,,,4,6.8,6.6,Passed,
SP2024,SP2024-class 1,18,1905AGAAEF,,,10,9.8,7.7,Passed,
SP2024,SP2024-class 1,19,1905AHCGJE,,,4,6,5.9,Passed,
SP2024,SP2024-class 1,20,1905AGBDBC,,,7,8.2,8,Passed,
SP2024,SP2024-class 1,21,1905AFJCBE,,,0,0,2.1,Not Passed,
SP2024,SP2024-class 1,22,1905AHDGEF,,,5,6,6.7,Passed,
SP2024,SP2024-class 1,23,1905AHCJHF,,,6,7.2,7.4,Passed,
SP2024,SP2024-class 1,24,1905AGCDCG,,,2,6.2,3.9,Not Passed,
SP2024,SP2024-class 1,25,1905AGAIEC,,,3,3,1.9,Not Passed,
SP2024,SP2024-class 1,26,1905AGCBJC,,,0,0,2.8,Is Susspended,
SP2024,SP2024-class 1,27,1905AHAIBE,,,5,7.6,7.1,Passed,
SP2024,SP2024-class 1,28,1905AGAGAF,,,3,9.2,5.6,Passed,
SP2024,SP2024-class 1,29,1905AHCHBH,,,2,8.2,5.1,Passed,
SP2024,SP2024-class 1,30,1905AGJCGC,,,0,0,1.3,Is Susspended,
SP2024,SP2024-class 1,31,1905AGJEFB,,,0,4.8,1.8,Not Passed,
SP2024,SP2024-class 1,32,1905AGCCAH,,,6,5.6,6.2,Passed,
SP2024,SP2024-class 1,33,1905AHDCEI,,,7,5.8,7.5,Passed,
SP2024,SP2024-class 1,34,1905AFAIDC,,,2,8.8,5.3,Passed,
SP2024,SP2024-class 1,35,1905AHBEIG,,,6,7.2,6.5,Passed,
SP2024,SP2024-class 2,1,1905AGJBHB,,,10,5.4,7.2,Passed,
SP2024,SP2024-class 2,2,1905AHJJAF,,,4,7.2,7.2,Passed,
SP2024,SP2024-class 2,3,1905AHDAHF,,,5,6.6,6.9,Passed,
SP2024,SP2024-class 2,4,1905AHDDBE,,,3,5,6,Passed,
SP2024,SP2024-class 2,5,1905AHBHBA,,,8,7.2,7.4,Passed,
SP2024,SP2024-class 2,6,1905AHAIFI,,,9,8,8.5,Passed,
SP2024,SP2024-class 2,7,1905AHDEJB,,,4,8,6.6,Passed,
SP2024,SP2024-class 2,8,1905AGCBAG,,,10,6.6,7.9,Passed,
SP2024,SP2024-class 2,9,1905AGAABB,,,10,4,7.2,Passed,
SP2024,SP2024-class 2,10,1905AGJJBA,,,6,8,7.1,Passed,
SP2024,SP2024-class 2,11,1905AGBJFH,,,6,5.6,6.7,Passed,
SP2024,SP2024-class 2,12,1905AEJGAF,,,6,5,6,Passed,
SP2024,SP2024-class 2,13,1905AGJEAE,,,7,7.6,7.1,Passed,
SP2024,SP2024-class 2,14,1905AGCBFI,,,9,7.6,8.5,Passed,
SP2024,SP2024-class 2,15,1905AHCGIJ,,,3,7.2,6.1,Passed,
SP2024,SP2024-class 2,16,1905AGBFJD,,,5,4.6,6.1,Passed,
SP2024,SP2024-class 2,17,1905AHBGFE,,,5,6.4,6.5,Passed,
SP2024,SP2024-class 2,18,1905AHCEEJ,,,10,8.4,8.5,Passed,
SP2024,SP2024-class 2,19,1905AHJCBJ,,,6,7.2,7.7,Passed,
SP2024,SP2024-class 2,20,1905AHJGEG,,,4,8,6.7,Passed,
SP2024,SP2024-class 2,21,1905AHBCBI,,,10,9.6,9.9,Passed,
SP2024,SP2024-class 2,22,1905AHBEID,,,10,7,8,Passed,
SP2024,SP2024-class 2,23,1905AHBCEJ,,,9,8.6,8.6,Passed,
SP2024,SP2024-class 2,24,1905AGCBCB,,,3,4.6,4.9,Not Passed,
SP2024,SP2024-class 2,25,1905AGBGFH,,,8,6.6,7.9,Passed,
SP2024,SP2024-class 2,26,1905AGCAJF,,,4,5.8,6.3,Passed,
SP2024,SP2024-class 2,27,1905AHDCEF,,,8,6.8,7.9,Passed,
SP2024,SP2024-class 2,28,1905AHBFFD,,,10,8,8.7,Passed,
SP2024,SP2024-class 2,29,1905AGJDIE,,,5,6.6,6.9,Passed,
SP2024,SP2024-class 2,30,1905AGJEFC,,,3,5.4,5.1,Passed,
SP2024,SP2024-class 2,31,1905AGJDDH,,,3,8.6,6.3,Passed,
SP2024,SP2024-class 2,32,1905AGBHAI,,,5,7,7.2,Passed,
SP2024,SP2024-class 2,33,1905AEAADE,,,7,3,5.5,Not Passed,
SP2024,SP2024-class 2,34,1905AHDBIC,,,8,7.8,8,Passed,
SP2024,SP2024-class 2,35,1905AHJFEF,,,5,8.6,7.2,Passed,
SP2024,SP2024-class 3,1,1905AHDJHC,,,0,0,1.4,Attendance Fail,
SP2024,SP2024-class 3,2,1905AGBHEG,,,5,6.6,6.7,Passed,
SP2024,SP2024-class 3,3,1905AGBIJF,,,1,6.2,4.9,Not Passed,
SP2024,SP2024-class 3,4,1905AGAJHA,,,1,4.2,5.6,Passed,
SP2024,SP2024-class 3,5,1905AGJCBG,,,2,6.4,6.5,Passed,
SP2024,SP2024-class 3,6,1905AGAAHF,,,8,8.4,8.6,Passed,
SP2024,SP2024-class 3,7,1905AEACFI,,,2,6.8,5.7,Passed,
SP2024,SP2024-class 3,8,1905AHBHHI,,,7,9,8.8,Passed,
SP2024,SP2024-class 3,9,1905AGBGGE,,,0,0,2.5,Attendance Fail,
SP2024,SP2024-class 3,10,1905AFJCGC,,,7,0,4.2,Attendance Fail,
SP2024,SP2024-class 3,11,1905AGJJDF,,,5,7,7.4,Passed,
SP2024,SP2024-class 3,12,1905AHBHEG,,,10,9,9.7,Passed,
SP2024,SP2024-class 3,13,1905AGBGCD,,,1,5.6,6,Passed,
SP2024,SP2024-class 3,14,1905AGAGDE,,,8,5.6,8.1,Passed,
SP2024,SP2024-class 3,15,1905AEJFIA,,,9,7.8,9,Passed,
SP2024,SP2024-class 3,16,1905AFADGB,,,2,5,4.1,Not Passed,
SP2024,SP2024-class 3,17,1905AFAICJ,,,2,5.6,6.3,Passed,
SP2024,SP2024-class 3,18,1905AFADEC,,,3,7,7,Passed,
SP2024,SP2024-class 3,19,1905AGAGAD,,,10,4.6,8.4,Passed,
SP2024,SP2024-class 3,20,1905AEJIBJ,,,8,7.2,7.9,Passed,
SP2024,SP2024-class 3,21,1905AEJICG,,,4,6.6,7.2,Passed,
SP2024,SP2024-class 3,22,1905AGJECA,,,3,6.8,5.9,Passed,
SP2024,SP2024-class 3,23,1905AGAJII,,,5,6.8,7.3,Passed,
SP2024,SP2024-class 3,24,1905AFAFBI,,,6,5.6,7,Passed,
SP2024,SP2024-class 3,25,1905AHAFFE,,,10,9.2,9.8,Passed,
SP2024,SP2024-class 3,26,1905ACJEJC,,,7,4.4,7,Passed,
SP2024,SP2024-class 3,27,1905AFADBF,,,10,9.6,8.8,Passed,
SP2024,SP2024-class 3,28,1905AHDJBA,,,3,6.4,6.8,Passed,
SP2024,SP2024-class 3,29,1905AFAFII,,,7,6.4,6.8,Passed,
SP2024,SP2024-class 3,30,1905AGJEJF,,,1,4,5,Passed,
SP2024,SP2024-class 3,31,1905AEABHE,,,4,5.6,6.9,Passed,
SP2024,SP2024-class 3,32,1905AGJBAC,,,6,7.2,7.2,Passed,
SP2024,SP2024-class 3,33,0405AHJCBG,,,3,7.8,7,Passed,
SP2024,SP2024-class 4,1,1905AHAHGJ,,,1,7.6,5.4,Passed,
SP2024,SP2024-class 4,2,1905AHCDCF,,,5,6,6.3,Passed,
SP2024,SP2024-class 4,3,1905AEJFCE,,,0,0,0.2,Attendance Fail,
SP2024,SP2024-class 4,4,1905AHCDJC,,,5,7.6,6.2,Passed,
SP2024,SP2024-class 4,5,1905AHAICG,,,10,9.6,8.7,Passed,
SP2024,SP2024-class 4,6,1905AHCEFD,,,5,9.4,7.6,Passed,
SP2024,SP2024-class 4,7,1905AHDFHE,,,10,9.6,9.2,Passed,
SP2024,SP2024-class 4,8,1905AEJGFJ,,,0,0,1.7,Attendance Fail,
SP2024,SP2024-class 4,9,1905AHDDJF,,,3,6.6,6.4,Passed,
SP2024,SP2024-class 4,10,1905AGCBAA,,,5,4.4,5.7,Passed,
SP2024,SP2024-class 4,11,1905AHAGDC,,,3,6,5.6,Passed,
SP2024,SP2024-class 4,12,1905AHCIDE,,,5,5,6.5,Passed,
SP2024,SP2024-class 4,13,1905AHBDGC,,,2,0,3.2,Not Passed,
SP2024,SP2024-class 4,14,1905AFJHDE,,,6,6,6.1,Passed,
SP2024,SP2024-class 4,15,1905AGABGF,,,4,8.6,6.6,Passed,
SP2024,SP2024-class 4,16,1905AHAFIB,,,6,6.8,7.2,Passed,
SP2024,SP2024-class 4,17,1905AGBCBH,,,2,4.6,4.5,Not Passed,
SP2024,SP2024-class 4,18,1905AHCGEA,,,6,7,6.9,Passed,
SP2024,SP2024-class 4,19,1905AHCFIE,,,3,8.2,6.6,Passed,
SP2024,SP2024-class 4,20,1905AHCAIE,,,4,7.8,6,Passed,
SP2024,SP2024-class 4,21,1905AHCJEC,,,3,7.6,5.7,Passed,
SP2024,SP2024-class 4,22,1905AHBBEG,,,4,8.8,6.9,Passed,
SP2024,SP2024-class 4,23,1905AHJCBB,,,4,7.2,6.3,Passed,
SP2024,SP2024-class 4,24,1905AHJBAC,,,3,9.4,6.6,Passed,
SP2024,SP2024-class 4,25,1905AHCFDI,,,2,8,6.2,Passed,
SP2024,SP2024-class 4,26,1905AHDBBD,,,6,9.6,8.3,Passed,
SP2024,SP2024-class 4,27,1905AHDCCE,,,4,6.2,6.4,Passed,
SP2024,SP2024-class 4,28,1905AHAHCH,,,10,7.4,7.7,Passed,
SP2024,SP2024-class 4,29,1905AGJJBG,,,6,6.4,6,Passed,
SP2024,SP2024-class 4,30,1905AHBBDD,,,0,0,1.9,Attendance Fail,
SP2024,SP2024-class 4,31,1905AHDJBC,,,3,7.8,6,Passed,
SP2024,SP2024-class 4,32,1905AHCIAF,,,5,8.2,7.2,Passed,
SP2024,SP2024-class 4,33,1905AHCDAC,,,5,6.8,6.6,Passed,
SP2024,SP2024-class 4,34,1905AHCGGF,,,7,7.2,7.2,Passed,
SP2024,SP2024-class 5,1,1905AHCGBC,,,2,6.6,4.7,Not Passed,
SP2024,SP2024-class 5,2,1905AHJAFA,,,6,9.2,7,Passed,
SP2024,SP2024-class 5,3,1905AHBEFA,,,2,7.8,4.8,Not Passed,
SP2024,SP2024-class 5,4,1905AHJFDB,,,0,0,1.2,Not Passed,
SP2024,SP2024-class 5,5,1905AHDHAH,,,0,0,0.5,Attendance Fail,
SP2024,SP2024-class 5,6,1905AGJAEJ,,,5,8.2,7.2,Passed,
SP2024,SP2024-class 5,7,1905AHJFJG,,,0,0,1.3,Attendance Fail,
SP2024,SP2024-class 5,8,1905AHEJJF,,,6,6,5.3,Passed,
SP2024,SP2024-class 5,9,1905AGJAHJ,,,9,6.4,7.2,Passed,
SP2024,SP2024-class 5,10,1905AHJBHC,,,1,0,1.6,Not Passed,
SP2024,SP2024-class 5,11,1905AGBBDJ,,,10,5.6,6.5,Passed,
SP2024,SP2024-class 5,12,1905AHCEJF,,,4,0,2.5,Attendance Fail,
SP2024,SP2024-class 5,13,1905AHJCJJ,,,3,0,2.9,Not Passed,
SP2024,SP2024-class 5,14,1905AHDHBH,,,9,8.4,7.9,Passed,
SP2024,SP2024-class 5,15,1905AHJGEG,,,2,6.6,4.9,Not Passed,
SP2024,SP2024-class 5,16,1905AHDFHB,,,3,8.8,5.6,Passed,
SP2024,SP2024-class 5,17,1905AHCFAH,,,3,9,5.5,Passed,
SP2024,SP2024-class 5,18,1905AHDGBA,,,5,6.8,6,Passed,
SP2024,SP2024-class 5,19,1901AGJBEH,,,4,7.6,5.7,Passed,
SP2024,SP2024-class 5,20,1905AHCJBJ,,,0,0,0.4,Attendance Fail,
SP2024,SP2024-class 5,21,1905AFJHEH,,,3,6,4.4,Not Passed,
SP2024,SP2024-class 5,22,1905AHJGAD,,,5,6.2,5.4,Passed,
SP2024,SP2024-class 5,23,1905AHDEBJ,,,2,6.2,4.7,Not Passed,
SP2024,SP2024-class 5,24,1905AHAEHF,,,0,0,0.6,Attendance Fail,
SP2024,SP2024-class 5,25,1905AHBCCG,,,3,6.6,5.1,Passed,
SP2024,SP2024-class 5,26,1905AHDEHC,,,8,9.2,7.9,Passed,
SP2024,SP2024-class 5,27,1905AHDCDH,,,8,9.8,8.3,Passed,
SP2024,SP2024-class 5,28,1905AHJEHH,,,0,0,1.9,Attendance Fail,
SP2024,SP2024-class 5,29,1905AFJCBG,,,4,7.6,5.8,Passed,
SP2024,SP2024-class 5,30,1905AGJABD,,,2,9.6,5,Passed,
SP2024,SP2024-class 5,31,1905AHBEJE,,,8,8,7.6,Passed,
SP2024,SP2024-class 5,32,1905AHEAAI,,,5,6.6,6.1,Passed,
SP2024,SP2024-class 5,33,1905AHJACF,,,1,0,2.2,Not Passed,
SP2024,SP2024-class 5,34,1905AHDBIC,,,1,8,4.8,Not Passed,
SP2024,SP2024-class 5,35,1905AHCHCF,,,3,9.4,5.9,Passed,
SP2024,SP2024-class 6,1,1905AHJJGD,,,6,8.8,7.4,Passed,
SP2024,SP2024-class 6,2,1905AHJDDI,,,10,9.8,9.5,Passed,
SP2024,SP2024-class 6,3,1905AGJJJE,,,2,7.6,6.5,Passed,
SP2024,SP2024-class 6,4,1905AGJECB,,,6,8.2,7.2,Passed,
SP2024,SP2024-class 6,5,1905AGBIBC,,,10,4,7.8,Passed,
SP2024,SP2024-class 6,6,1905AHJJFB,,,10,9.8,9.5,Passed,
SP2024,SP2024-class 6,7,1905AHJJII,,,9,9.4,9.1,Passed,
SP2024,SP2024-class 6,8,1905AHJDDJ,,,3,8,6.6,Passed,
SP2024,SP2024-class 6,9,1905AFJHHD,,,0,0,2.2,Attendance Fail,
SP2024,SP2024-class 6,10,1905AHJJGB,,,5,6.6,6.9,Passed,
SP2024,SP2024-class 6,11,1905AHDFBF,,,3,4,5.6,Passed,
SP2024,SP2024-class 6,12,1905AHJDCE,,,10,8.8,9.2,Passed,
SP2024,SP2024-class 6,13,1905AHJJDB,,,4,7,6.7,Passed,
SP2024,SP2024-class 6,14,1905AHJAAA,,,8,8.4,8.3,Passed,
SP2024,SP2024-class 6,15,1905AHJAJE,,,10,9.6,9.5,Passed,
SP2024,SP2024-class 6,16,1905AHJJDI,,,6,9.6,8.3,Passed,
SP2024,SP2024-class 6,17,1905AHJJFG,,,7,9.8,8.6,Passed,
SP2024,SP2024-class 6,18,1905AGAEJE,,,0,0,3.4,Not Passed,
SP2024,SP2024-class 6,19,1905AHJJDF,,,10,8.2,8.6,Passed,
SP2024,SP2024-class 6,20,1905AHJJFH,,,7,9.4,8,Passed,
SP2024,SP2024-class 6,21,1905AHDFIF,,,4,9.8,7.9,Passed,
SP2024,SP2024-class 6,22,1905AHJAJC,,,0,0,3.1,Attendance Fail,
SP2024,SP2024-class 6,23,1905AHJCBC,,,9,8.6,9,Passed,
SP2024,SP2024-class 6,24,1905AHCGHE,,,1,7.4,6,Passed,
SP2024,SP2024-class 6,25,1905AHJAJJ,,,2,7.4,6.1,Passed,
SP2024,SP2024-class 6,26,1905AGCDBE,,,5,4.4,5.6,Passed,
SP2024,SP2024-class 6,27,1905AHDFCI,,,9,9.4,9.3,Passed,
SP2024,SP2024-class 6,28,1905AHJEFB,,,6,8.4,7.8,Passed,
SP2024,SP2024-class 6,29,1905AGACAD,,,1,6.6,5.6,Passed,
SP2024,SP2024-class 6,30,1905AHCEJI,,,7,9.2,8.6,Passed,
SP2024,SP2024-class 6,31,1905AEAAAI,,,0,0,1.9,Attendance Fail,
SP2024,SP2024-class 6,32,1905AHJJJE,,,3,8.4,6.9,Passed,
SP2024,SP2024-class 6,33,1905AGJDDD,,,0,0,1.6,Attendance Fail,
SP2024,SP2024-class 6,34,1905AGCDGC,,,4,7.4,6.8,Passed,
SP2024,SP2024-class 7,1,1905AHAFID,,,6,8.8,7.6,Passed,
SP2024,SP2024-class 7,2,1905AHJAFI,,,3,8,6.9,Passed,
SP2024,SP2024-class 7,3,1905AHJAIG,,,5,8.4,7.7,Passed,
SP2024,SP2024-class 7,4,1905AHJBDE,,,6,6,6.4,Passed,
SP2024,SP2024-class 7,5,1905AHJBIC,,,10,9.2,9.4,Passed,
SP2024,SP2024-class 7,6,1905AHJCBD,,,9,8,8.3,Passed,
SP2024,SP2024-class 7,7,1905AHJACG,,,0,0,2.5,Not Passed,
SP2024,SP2024-class 7,8,1905AHJCAC,,,0,0,0,Attendance Fail,
SP2024,SP2024-class 7,9,1905AHJCBA,,,8,9.4,8.4,Passed,
SP2024,SP2024-class 7,10,1905AHJAGJ,,,3,5,5.8,Passed,
SP2024,SP2024-class 7,11,1905AHJAFH,,,3,8,6.4,Passed,
SP2024,SP2024-class 7,12,1905AHJBGB,,,8,8.6,8.3,Passed,
SP2024,SP2024-class 7,13,1905AHJAID,,,4,8,7,Passed,
SP2024,SP2024-class 7,14,1905AHJABD,,,0,9.2,5.7,Not Passed,
SP2024,SP2024-class 7,15,1905AGBBAD,,,1,8.2,6,Passed,
SP2024,SP2024-class 7,16,1905AHCHII,,,6,8.2,7.9,Passed,
SP2024,SP2024-class 7,17,1905AHJBEI,,,10,8.8,9,Passed,
SP2024,SP2024-class 7,18,1905AHJCBH,,,6,6.4,7.1,Passed,
SP2024,SP2024-class 7,19,1905AHJBJH,,,10,8.2,9,Passed,
SP2024,SP2024-class 7,20,1905AHJAFF,,,10,9,8.9,Passed,
SP2024,SP2024-class 7,21,1905AHJAGA,,,10,9,9.3,Passed,
SP2024,SP2024-class 7,22,1905AHJBFA,,,10,8.8,9.3,Passed,
SP2024,SP2024-class 7,23,1905AGJBFJ,,,4,4.4,5.7,Passed,
SP2024,SP2024-class 7,24,1905AHJBBD,,,5,7.6,6.9,Passed,
SP2024,SP2024-class 7,25,1905AHCHIE,,,6,6.6,7.1,Passed,
SP2024,SP2024-class 7,26,1905AHJABH,,,6,6.6,7.4,Passed,
SP2024,SP2024-class 7,27,1905AHJBAE,,,8,7.6,8.3,Passed,
SP2024,SP2024-class 7,28,1905AGACCI,,,0,0,0,Attendance Fail,
SP2024,SP2024-class 7,29,1905AHCEAH,,,3,6.2,6.2,Passed,
SP2024,SP2024-class 7,30,1905AHJACC,,,5,6.6,6.8,Passed,
SP2024,SP2024-class 7,31,1905AGJCGF,,,5,8,7.3,Passed,
SP2024,SP2024-class 7,32,1905AGCBED,,,8,6.4,7.6,Passed,
SP2024,SP2024-class 7,33,1905AHDHAC,,,4,6.4,6.3,Passed,
SP2024,SP2024-class 7,34,1905AHJACJ,,,10,9.4,9.5,Passed,
SP2024,SP2024-class 7,35,1905AHJAII,,,6,9.4,8.1,Passed,
SP2024,SP2024-class 8,1,1905AHCJGB,,,2,4.2,3.6,Not Passed,
SP2024,SP2024-class 8,2,1905AFJEAG,,,4,7.6,5.3,Passed,
SP2024,SP2024-class 8,3,1905AHBHBA,,,0,0,2.2,Attendance Fail,
SP2024,SP2024-class 8,4,1905AGJEHC,,,1,9.6,5.5,Passed,
SP2024,SP2024-class 8,5,1905AGADAD,,,2,5.8,4.8,Not Passed,
SP2024,SP2024-class 8,6,1905AHDEFE,,,4,6.6,5,Passed,
SP2024,SP2024-class 8,7,1905AGJAAF,,,1,0,1,Not Passed,
SP2024,SP2024-class 8,8,1905AGACJF,,,1,6.8,4.8,Not Passed,
SP2024,SP2024-class 8,9,1905AEJGGJ,,,8,9.6,7.6,Passed,
SP2024,SP2024-class 8,10,1905AGJEAE,,,0,0,1.5,Attendance Fail,
SP2024,SP2024-class 8,11,1905AHDDFJ,,,1,7,5.2,Passed,
SP2024,SP2024-class 8,12,1905AHJGAG,,,2,6.6,5.3,Passed,
SP2024,SP2024-class 8,13,1905AGBJAD,,,10,2.4,5.7,Not Passed,
SP2024,SP2024-class 8,14,1905AGBIHF,,,8,9.6,8,Passed,
SP2024,SP2024-class 8,15,1905AGJBJJ,,,5,4.8,5.4,Passed,
SP2024,SP2024-class 8,16,1905AHCBFD,,,2,9,6,Passed,
SP2024,SP2024-class 8,17,1905AHBFAD,,,4,6.8,5.8,Passed,
SP2024,SP2024-class 8,18,1905AHCEHD,,,4,7.6,6.1,Passed,
SP2024,SP2024-class 8,19,1905AHBCEJ,,,0,0,2.2,Not Passed,
SP2024,SP2024-class 8,20,1905AGBCGE,,,0,0,0,Attendance Fail,
SP2024,SP2024-class 8,21,1905AGAECI,,,3,9,5.8,Passed,
SP2024,SP2024-class 8,22,1905AEACEJ,,,1,7.6,5.2,Passed,
SP2024,SP2024-class 8,23,1905AFJJEG,,,6,4.8,5.9,Passed,
SP2024,SP2024-class 8,24,1905AHBAAD,,,2,4.6,4.4,Not Passed,
SP2024,SP2024-class 8,25,1905ACJJEE,,,0,0,0,Attendance Fail,
SP2024,SP2024-class 8,26,1905AHDGIE,,,5,6,5.4,Passed,
SP2024,SP2024-class 8,27,1905AGBHCA,,,4,4.8,5.1,Passed,
SP2024,SP2024-class 9,1,1905AGBCAB,,,8,9.4,7,Passed,
SP2024,SP2024-class 9,2,1905AHJGDE,,,2,9.2,6.8,Passed,
SP2024,SP2024-class 9,3,1905AHJEBD,,,6,6.8,7.6,Passed,
SP2024,SP2024-class 9,4,1905AHDEFJ,,,5,6.6,7.3,Passed,
SP2024,SP2024-class 9,5,1905AHJFJI,,,3,8,6.9,Passed,
SP2024,SP2024-class 9,6,1905AGBAHA,,,3,8.6,6.3,Passed,
SP2024,SP2024-class 9,7,1905AHJEAF,,,1,0,2,Not Passed,
SP2024,SP2024-class 9,8,1905AHDJIJ,,,9,8,8.8,Passed,
SP2024,SP2024-class 9,9,1905AGBDCE,,,4,0,1.6,Not Passed,
SP2024,SP2024-class 9,10,1905AHJFCH,,,10,8.8,9.5,Passed,
SP2024,SP2024-class 9,11,1905AHCCIA,,,10,4.4,4.9,Not Passed,
SP2024,SP2024-class 9,12,1905AHJEDD,,,4,8.8,6.4,Passed,
SP2024,SP2024-class 9,13,1905AHJGEH,,,5,8.6,7.1,Passed,
SP2024,SP2024-class 9,14,1905AHDEEF,,,9,7.4,8.6,Passed,
SP2024,SP2024-class 9,15,1905AGBJID,,,0,0,0.4,Not Passed,
SP2024,SP2024-class 9,16,1905AHJEIA,,,0,0,1.9,Not Passed,
SP2024,SP2024-class 9,17,1905AHJEJJ,,,4,6.8,5.6,Passed,
SP2024,SP2024-class 9,18,1905AHJGJE,,,10,7.2,9.2,Passed,
SP2024,SP2024-class 9,19,1905AHJFBI,,,2,8,5.1,Passed,
SP2024,SP2024-class 9,20,1905AHJFCA,,,10,9.6,9.9,Passed,
SP2024,SP2024-class 9,21,1905AGBAFB,,,10,9.2,6.6,Passed,
SP2024,SP2024-class 9,22,1905AHJDHF,,,7,9,8.7,Passed,
SP2024,SP2024-class 9,23,1905AGBACC,,,0,0,0.1,Not Passed,
SP2024,SP2024-class 9,24,1905AHJEDC,,,5,6.8,6.9,Passed,
SP2024,SP2024-class 9,25,1905AHJEHA,,,9,9.8,9.5,Passed,
SP2024,SP2024-class 9,26,1905AHJFAI,,,3,7.4,5.9,Passed,
SP2024,SP2024-class 9,27,1905AHJFFI,,,0,0,0.1,Not Passed,
SP2024,SP2024-class 9,28,1905AHJFFD,,,10,8.2,8.1,Passed,
SP2024,SP2024-class 9,29,1905AHJEFD,,,5,9.2,7.7,Passed,
SP2024,SP2024-class 9,30,1905AGBIGE,,,0,0,0.2,Not Passed,
SP2024,SP2024-class 9,31,1905AHCHBI,,,9,9.4,9.4,Passed,
SP2024,SP2024-class 9,32,1905AHJGFF,,,0,0,0.5,Not Passed,
SP2024,SP2024-class 9,33,1905AGAGDB,,,0,0,0.4,Not Passed,
SP2024,SP2024-class 9,34,1905AHJFJJ,,,9,7.4,8.9,Passed,
SP2024,SP2024-class 9,35,1905AHJFGB,,,6,8.8,7.1,Passed,
SP2024,SP2024-class 10,1,1905AHAEBJ,,,7,9.2,8.7,Passed,
SP2024,SP2024-class 10,2,1905AHDBCA,,,4,8.8,7.4,Passed,
SP2024,SP2024-class 10,3,1905AHAEHA,,,4,7,7.1,Passed,
SP2024,SP2024-class 10,4,1905AHAECB,,,9,9.4,9.3,Passed,
SP2024,SP2024-class 10,5,1905AGAFHA,,,0,0,3.6,Attendance Fail,
SP2024,SP2024-class 10,6,1905AHAEAI,,,10,8.8,9.6,Passed,
SP2024,SP2024-class 10,7,1905AHAEAE,,,7,8,8.2,Passed,
SP2024,SP2024-class 10,8,1705AGJAIB,,,2,6.6,6.2,Passed,
SP2024,SP2024-class 10,9,1905AHDEBF,,,6,9,8.1,Passed,
SP2024,SP2024-class 10,10,1905AHAEHE,,,10,8,9,Passed,
SP2024,SP2024-class 10,11,1905AHAEAC,,,7,8.2,8.4,Passed,
SP2024,SP2024-class 10,12,1905AHAEJH,,,4,8.4,7.4,Passed,
SP2024,SP2024-class 10,13,1905AGBIDE,,,8,6.6,8,Passed,
SP2024,SP2024-class 10,14,1905AGACGJ,,,6,7.2,7.8,Passed,
SP2024,SP2024-class 10,15,1905AHAFGD,,,10,9.2,9.5,Passed,
SP2024,SP2024-class 10,16,1905AHAEBC,,,9,7.4,8.7,Passed,
SP2024,SP2024-class 10,17,1905AHAFGC,,,10,9.8,9.6,Passed,
SP2024,SP2024-class 10,18,1905AHAFGB,,,10,8,9,Passed,
SP2024,SP2024-class 10,19,1905AHAEDI,,,6,9,8.3,Passed,
SP2024,SP2024-class 10,20,1905AHAEEF,,,10,9.6,9.8,Passed,
SP2024,SP2024-class 10,21,1905AHAEFE,,,4,7.4,7.2,Passed,
SP2024,SP2024-class 10,22,1905AGBEAE,,,2,7.6,6.5,Passed,
SP2024,SP2024-class 10,23,1905AGAHHJ,,,1,9.2,6.9,Passed,
SP2024,SP2024-class 10,24,1905AHDBBE,,,4,4.4,6.1,Passed,
SP2024,SP2024-class 10,25,1905AHAEHG,,,5,7,7.3,Passed,
SP2024,SP2024-class 10,26,1905AHJJGE,,,3,8.6,7.1,Passed,
SP2024,SP2024-class 10,27,1905AGJBIH,,,0,0,3.7,Not Passed,
SP2024,SP2024-class 10,28,1905AHAEFH,,,10,9.4,9.5,Passed,
SP2024,SP2024-class 10,29,1905AHAECA,,,9,8,8.7,Passed,
SP2024,SP2024-class 10,30,1905AHAFFC,,,9,7.4,8.7,Passed,
SP2024,SP2024-class 10,31,1905AHAEIG,,,9,8.4,8.9,Passed,
SP2024,SP2024-class 10,32,1905AHAEEI,,,9,9.6,9.2,Passed,
SP2024,SP2024-class 10,33,1905AHAEJE,,,10,8.4,9.5,Passed,
SP2024,SP2024-class 10,34,1905AHDGGA,,,10,7.8,8.9,Passed,
SP2024,SP2024-class 10,35,1905AHAEEA,,,1,5.6,5.8,Passed,
SP2024,SP2024-class 11,1,1905AHAGAJ,,,4,6.8,6.9,Passed,
SP2024,SP2024-class 11,2,1905AHAHCB,,,2,6.6,6.5,Passed,
SP2024,SP2024-class 11,3,1905AHAIDB,,,8,9.4,9,Passed,
SP2024,SP2024-class 11,4,1905AHAGBD,,,0,0,3.5,Is Susspended,
SP2024,SP2024-class 11,5,1905AHAGIJ,,,8,9,8.9,Passed,
SP2024,SP2024-class 11,6,1905AGJEHA,,,4,7,7.1,Passed,
SP2024,SP2024-class 11,7,1905AHAHAC,,,3,4.8,5.7,Passed,
SP2024,SP2024-class 11,8,1905AHAFIJ,,,6,9,8.4,Passed,
SP2024,SP2024-class 11,9,1905AHAGFD,,,6,7.4,7.7,Passed,
SP2024,SP2024-class 11,10,1905AHAGCJ,,,7,8.4,7.6,Passed,
SP2024,SP2024-class 11,11,1905AHAFHI,,,4,9.4,7.9,Passed,
SP2024,SP2024-class 11,12,1905AHAGED,,,8,9.6,9.1,Passed,
SP2024,SP2024-class 11,13,1905AHBFDA,,,6,8.6,7.9,Passed,
SP2024,SP2024-class 11,14,1905AHAGGB,,,3,8,7.3,Passed,
SP2024,SP2024-class 11,15,1905AGJBCI,,,10,9.2,9.5,Passed,
SP2024,SP2024-class 11,16,1905AHAHAF,,,2,7,6.6,Passed,
SP2024,SP2024-class 11,17,1905AHAGFE,,,5,8.6,7.7,Passed,
SP2024,SP2024-class 11,18,1905AHAGJF,,,4,7.4,6.9,Passed,
SP2024,SP2024-class 11,19,1905AHDCHC,,,6,8,8,Passed,
SP2024,SP2024-class 11,20,1905AHAIBC,,,8,9.6,9.3,Passed,
SP2024,SP2024-class 11,21,1905AHAGFG,,,3,5.2,6.2,Passed,
SP2024,SP2024-class 11,22,1905AHAGGJ,,,5,7.8,7.7,Passed,
SP2024,SP2024-class 11,23,1905AHAGFF,,,4,5.6,6.6,Passed,
SP2024,SP2024-class 11,24,1905AGCDGI,,,1,4.8,5.3,Passed,
SP2024,SP2024-class 11,25,1905AHAGAG,,,1,7,6.2,Passed,
SP2024,SP2024-class 11,26,1905AGAFAA,,,5,6.4,7,Passed,
SP2024,SP2024-class 11,27,1905AHBFBE,,,9,8.8,9.3,Passed,
SP2024,SP2024-class 11,28,1905AFJDIC,,,0,0,0.9,Attendance Fail,
SP2024,SP2024-class 11,29,1905AHAGEE,,,10,9.6,9.9,Passed,
SP2024,SP2024-class 11,30,1905AHBJCG,,,6,8.8,8.2,Passed,
SP2024,SP2024-class 11,31,1905AHAGHC,,,1,8,6.4,Passed,
SP2024,SP2024-class 11,32,1905AHAGGC,,,6,9,8.4,Passed,
SP2024,SP2024-class 11,33,1905AHAGBI,,,9,9.8,9.5,Passed,
SP2024,SP2024-class 11,34,1905AHAGCE,,,10,7.8,9,Passed,
SP2024,SP2024-class 11,35,1905AHAFII,,,3,7.4,5.8,Passed,
SP2024,SP2024-class 12,1,1905AHEJAF,,,5,7.6,7.4,Passed,
SP2024,SP2024-class 12,2,1905AHAHBI,,,2,8.4,7.1,Passed,
SP2024,SP2024-class 12,3,1905AHCHGD,,,1,4.8,5,Passed,
SP2024,SP2024-class 12,4,1905AHAIHI,,,8,9.2,9.2,Passed,
SP2024,SP2024-class 12,5,1905AHBHDH,,,1,7,5.5,Passed,
SP2024,SP2024-class 12,6,1905AHAIGA,,,0,5.6,5.7,Not Passed,
SP2024,SP2024-class 12,7,1905AHDIIG,,,4,4.4,5.5,Passed,
SP2024,SP2024-class 12,8,1905AHBAAA,,,9,5.2,7.8,Passed,
SP2024,SP2024-class 12,9,1905AHAIDC,,,2,8.8,6.4,Passed,
SP2024,SP2024-class 12,10,1905AFAJCI,,,10,2,5.9,Not Passed,
SP2024,SP2024-class 12,11,1905AHBJGE,,,0,0,3.2,Not Passed,
SP2024,SP2024-class 12,12,1905AHAICD,,,4,6.2,5,Passed,
SP2024,SP2024-class 12,13,1905AGJJFC,,,10,9.6,8.4,Passed,
SP2024,SP2024-class 12,14,1905AHAHAB,,,10,9.2,9.8,Passed,
SP2024,SP2024-class 12,15,1905AHAHEH,,,10,9.6,9.9,Passed,
SP2024,SP2024-class 12,16,1905AHAHDC,,,0,0,1.1,Attendance Fail,
SP2024,SP2024-class 12,17,1905AHAEAF,,,5,9.6,7.6,Passed,
SP2024,SP2024-class 12,18,1905AHAHFI,,,5,4.8,5.1,Passed,
SP2024,SP2024-class 12,19,1905AHBJGF,,,4,5.2,6.4,Passed,
SP2024,SP2024-class 12,20,1905AHBJHH,,,4,8,6.1,Passed,
SP2024,SP2024-class 12,21,1905AHAHAE,,,1,7.6,5.5,Passed,
SP2024,SP2024-class 12,22,1905AHDIIC,,,2,5,4.7,Not Passed,
SP2024,SP2024-class 12,23,1919AHADGH,,,4,9.6,7.4,Passed,
SP2024,SP2024-class 12,24,1705AHJJDF,,,10,9.8,9.9,Passed,
SP2024,SP2024-class 12,25,1905AGAIEC,,,0,0,1.8,Not Passed,
SP2024,SP2024-class 12,26,1905AHAIBE,,,0,0,1.9,Not Passed,
SP2024,SP2024-class 12,27,1905AHBJHE,,,0,0,2.2,Not Passed,
SP2024,SP2024-class 12,28,1905AGBEDG,,,1,5.6,4.6,Not Passed,
SP2024,SP2024-class 12,29,1905AFAEGB,,,10,9.4,9.2,Passed,
SP2024,SP2024-class 12,30,1905AHBAAF,,,6,7.8,8.1,Passed,
SP2024,SP2024-class 12,31,1905AHBJDI,,,7,4.8,7.3,Passed,
SP2024,SP2024-class 12,32,1905AGCEJE,,,2,8,5.1,Passed,
SP2024,SP2024-class 12,33,1905AHBJBG,,,4,4.8,6.3,Passed,
SP2024,SP2024-class 12,34,1905AHCDJA,,,4,8.4,7.1,Passed,
SP2024,SP2024-class 12,35,1905AFJDCF,,,2,0,1.4,Attendance Fail,
SP2024,SP2024-class 13,1,1905AHDAHF,,,0,6.8,5.4,Not Passed,
SP2024,SP2024-class 13,2,1905AHBACF,,,10,8.8,9.1,Passed,
SP2024,SP2024-class 13,3,1905AHBACH,,,3,7,6.2,Passed,
SP2024,SP2024-class 13,4,1905AHBACC,,,9,9.4,9.2,Passed,
SP2024,SP2024-class 13,5,1905AHBAGI,,,3,7,5.2,Passed,
SP2024,SP2024-class 13,6,1905AFJDBC,,,8,6,7,Passed,
SP2024,SP2024-class 13,7,1905AGCCDH,,,8,9.6,8.3,Passed,
SP2024,SP2024-class 13,8,1905AHBBHB,,,0,0,0.1,Attendance Fail,
SP2024,SP2024-class 13,9,1905AHBCAD,,,10,8.4,9.3,Passed,
SP2024,SP2024-class 13,10,1905AHBBCJ,,,2,7.8,6.4,Passed,
SP2024,SP2024-class 13,11,1905AFJDBI,,,7,9.2,8.7,Passed,
SP2024,SP2024-class 13,12,1905AHBAHD,,,9,7.8,8.4,Passed,
SP2024,SP2024-class 13,13,1905AHBCBB,,,6,9.6,8.5,Passed,
SP2024,SP2024-class 13,14,1905AGJJFJ,,,1,5.8,5.8,Passed,
SP2024,SP2024-class 13,15,1905AHCAIJ,,,10,7.8,8.2,Passed,
SP2024,SP2024-class 13,16,1905AHBBIB,,,9,6.8,8.3,Passed,
SP2024,SP2024-class 13,17,1905AGJJCH,,,0,0,2.1,Attendance Fail,
SP2024,SP2024-class 13,18,1905AGBDHI,,,6,6.2,7.2,Passed,
SP2024,SP2024-class 13,19,1905AHBABF,,,5,0,2.4,Attendance Fail,
SP2024,SP2024-class 13,20,1905AHBEBI,,,4,8.6,7.5,Passed,
SP2024,SP2024-class 13,21,1905AHBAHH,,,10,8.2,8.8,Passed,
SP2024,SP2024-class 13,22,1905AHBCAF,,,0,0,0.1,Attendance Fail,
SP2024,SP2024-class 13,23,1905AHBCBI,,,0,0,2.6,Not Passed,
SP2024,SP2024-class 13,24,1905AHBBHA,,,6,8,7.6,Passed,
SP2024,SP2024-class 13,25,1905AHBBGD,,,9,9.6,9.2,Passed,
SP2024,SP2024-class 13,26,1905AHDJJA,,,6,6.8,7.1,Passed,
SP2024,SP2024-class 13,27,1905AHBBBA,,,10,8.4,8.4,Passed,
SP2024,SP2024-class 13,28,1905AHAFHH,,,3,7.2,5.8,Passed,
SP2024,SP2024-class 13,29,1905AHBBIG,,,10,9,9.4,Passed,
SP2024,SP2024-class 13,30,1905AHBACI,,,0,0,0.1,Attendance Fail,
SP2024,SP2024-class 13,31,1905AHBBGG,,,9,8.8,9.1,Passed,
SP2024,SP2024-class 13,32,1905AGJAAA,,,6,5.2,7.2,Passed,
SP2024,SP2024-class 13,33,1905AGJBCH,,,0,0,1.4,Attendance Fail,
SP2024,SP2024-class 13,34,1905AHBCAI,,,10,7.2,8.2,Passed,
SP2024,SP2024-class 13,35,1905AHBBEE,,,3,4.8,5.4,Passed,
SP2024,SP2024-class 14,1,1905AHBCDG,,,7,7.2,7.4,Passed,
SP2024,SP2024-class 14,2,1905AHBDJA,,,4,8.6,6.1,Passed,
SP2024,SP2024-class 14,3,1905AHAHGD,,,7,8,8.2,Passed,
SP2024,SP2024-class 14,4,1905AHBEJG,,,2,6.8,5.2,Passed,
SP2024,SP2024-class 14,5,1905AHBCFB,,,8,9.6,7.4,Passed,
SP2024,SP2024-class 14,6,1905AHCFJD,,,6,8.8,8.1,Passed,
SP2024,SP2024-class 14,7,1905AHBCFE,,,10,9,9.4,Passed,
SP2024,SP2024-class 14,8,1905AHBEAB,,,2,4,3.9,Not Passed,
SP2024,SP2024-class 14,9,1905AHBDAI,,,8,9.6,9.3,Passed,
SP2024,SP2024-class 14,10,1905AHBDEC,,,8,7,8.1,Passed,
SP2024,SP2024-class 14,11,1905AHEAJH,,,2,7.4,5.3,Passed,
SP2024,SP2024-class 14,12,1905AHBDDH,,,5,7.6,7.8,Passed,
SP2024,SP2024-class 14,13,1905AHBCGG,,,4,7,6.4,Passed,
SP2024,SP2024-class 14,14,1905AGADEA,,,0,0,0,Attendance Fail,
SP2024,SP2024-class 14,15,1905AHBCCA,,,0,0,0.2,Not Passed,
SP2024,SP2024-class 14,16,1905AHBCEC,,,4,5.4,6.1,Passed,
SP2024,SP2024-class 14,17,1919AHJFJA,,,6,8.8,8.3,Passed,
SP2024,SP2024-class 14,18,1905AHBDIB,,,3,8.2,6.3,Passed,
SP2024,SP2024-class 14,19,1905AHBCHF,,,5,5.4,6.4,Passed,
SP2024,SP2024-class 14,20,1905AHEJFA,,,4,8.8,7,Passed,
SP2024,SP2024-class 14,21,1905AHBDCB,,,4,6.8,6.4,Passed,
SP2024,SP2024-class 14,22,1905AHEJFH,,,3,9.6,5.9,Passed,
SP2024,SP2024-class 14,23,1905AHBEBD,,,9,9.4,9.5,Passed,
SP2024,SP2024-class 14,24,1905AHBCFH,,,6,8.6,8.3,Passed,
SP2024,SP2024-class 14,25,1905AHBCEA,,,6,8.8,6.7,Passed,
SP2024,SP2024-class 14,26,1905AHBEFC,,,10,8.6,8.7,Passed,
SP2024,SP2024-class 14,27,1905AHBEJF,,,6,9.2,6.1,Passed,
SP2024,SP2024-class 14,28,1905AEACBE,,,0,0,0,Attendance Fail,
SP2024,SP2024-class 14,29,1905AHBDAF,,,5,9,7.9,Passed,
SP2024,SP2024-class 14,30,1905AHDAHE,,,10,6.6,8,Passed,
SP2024,SP2024-class 14,31,1905AHBCIJ,,,0,0,0,Attendance Fail,
SP2024,SP2024-class 14,32,1905AHBCFC,,,10,9.8,9.9,Passed,
SP2024,SP2024-class 14,33,1905AHBDCA,,,0,0,0.2,Not Passed,
SP2024,SP2024-class 14,34,1905AHBDIJ,,,8,7.4,8.6,Passed,
SP2024,SP2024-class 14,35,1905AHBDDE,,,10,8.6,9.6,Passed,
SP2024,SP2024-class 15,1,1905AGADHC,,,0,0,0.4,Not Passed,
SP2024,SP2024-class 15,2,1905AHBHDJ,,,7,7.4,4.7,Not Passed,
SP2024,SP2024-class 15,3,1905AHBEBF,,,9,8.4,8.4,Passed,
SP2024,SP2024-class 15,4,1905AHBEBB,,,4,8.6,6.3,Passed,
SP2024,SP2024-class 15,5,1905AHAFIG,,,9,8,8.8,Passed,
SP2024,SP2024-class 15,6,1905AGAEDD,,,0,0,1.2,Not Passed,
SP2024,SP2024-class 15,7,1905AHBEDG,,,6,7.4,6.8,Passed,
SP2024,SP2024-class 15,8,1905AGCDJB,,,10,7.8,7.9,Passed,
SP2024,SP2024-class 15,9,1905AHBFDF,,,2,7.4,5.3,Passed,
SP2024,SP2024-class 15,10,1905AHBFAB,,,7,7,8,Passed,
SP2024,SP2024-class 15,11,1905AHBECE,,,2,8,5.2,Passed,
SP2024,SP2024-class 15,12,1905AGCCIJ,,,8,8.6,7.1,Passed,
SP2024,SP2024-class 15,13,1905AHBFDD,,,7,6.2,6.7,Passed,
SP2024,SP2024-class 15,14,1905AHCDBF,,,1,4.8,2.1,Not Passed,
SP2024,SP2024-class 15,15,1905AHBEEE,,,4,8.4,6.6,Passed,
SP2024,SP2024-class 15,16,1905AHBEGH,,,0,0,0.3,Not Passed,
SP2024,SP2024-class 15,17,1905AHBEEG,,,8,9.2,7.7,Passed,
SP2024,SP2024-class 15,18,1905AHBEED,,,1,6,2.5,Not Passed,
SP2024,SP2024-class 15,19,1919AEJCCA,,,3,5.6,4.5,Not Passed,
SP2024,SP2024-class 15,20,1905AHBEID,,,0,0,2.3,Not Passed,
SP2024,SP2024-class 15,21,1905AHBFGG,,,1,0,0.7,Not Passed,
SP2024,SP2024-class 15,22,1905AHBECF,,,9,9.2,9.3,Passed,
SP2024,SP2024-class 15,23,1905AFAEAC,,,2,5.6,5,Passed,
SP2024,SP2024-class 15,24,1905AHBEDA,,,2,7,5.5,Passed,
SP2024,SP2024-class 15,25,1905AHBFBG,,,7,9,7.5,Passed,
SP2024,SP2024-class 15,26,1905AHBEDI,,,6,9.6,8.7,Passed,
SP2024,SP2024-class 15,27,1905AGAFAI,,,8,8.6,7.2,Passed,
SP2024,SP2024-class 15,28,1905AGCCJH,,,5,9.6,7.4,Passed,
SP2024,SP2024-class 15,29,1905AGCCBD,,,2,8.8,5.9,Passed,
SP2024,SP2024-class 15,30,1905AHBEGI,,,6,7.2,7,Passed,
SP2024,SP2024-class 15,31,1905AGAIFD,,,0,0,0,Not Passed,
SP2024,SP2024-class 15,32,1905AGBIGI,,,8,9.2,7.4,Passed,
SP2024,SP2024-class 15,33,1905AHBFJB,,,10,9.4,9.7,Passed,
SP2024,SP2024-class 15,34,1905AHBEIG,,,0,6.6,5.2,Not Passed,
SP2024,SP2024-class 15,35,1905AGACAJ,,,6,8.6,7.4,Passed,
SP2024,SP2024-class 16,1,1905AHBFCD,,,8,7.8,7.6,Passed,
SP2024,SP2024-class 16,2,1905ACJEBD,,,0,0,0.7,Attendance Fail,
SP2024,SP2024-class 16,3,1905AHBGEI,,,8,7.8,7.6,Passed,
SP2024,SP2024-class 16,4,1905AHDHCJ,,,4,4.6,4.3,Not Passed,
SP2024,SP2024-class 16,5,1905AEADBG,,,8,4.8,6.1,Passed,
SP2024,SP2024-class 16,6,1905AHBEHB,,,10,9.8,9,Passed,
SP2024,SP2024-class 16,7,1905AHBGHI,,,0,9,5.5,Not Passed,
SP2024,SP2024-class 16,8,1905AHBFHA,,,2,7.6,5.4,Passed,
SP2024,SP2024-class 16,9,1905AGAAFI,,,2,6.6,5.4,Passed,
SP2024,SP2024-class 16,10,1905AHBGFE,,,0,6.6,4.4,Not Passed,
SP2024,SP2024-class 16,11,1905AGACFA,,,7,8.8,7.3,Passed,
SP2024,SP2024-class 16,12,1905AHBHBJ,,,2,6.8,5.5,Passed,
SP2024,SP2024-class 16,13,1905AGCFDE,,,0,0,2.5,Not Passed,
SP2024,SP2024-class 16,14,1905AHBFHI,,,6,8.6,7,Passed,
SP2024,SP2024-class 16,15,1905AGJAJE,,,6,8.2,6.5,Passed,
SP2024,SP2024-class 16,16,1905AHBFHD,,,8,8.8,7.9,Passed,
SP2024,SP2024-class 16,17,1905AHBFBI,,,9,9.6,8.8,Passed,
SP2024,SP2024-class 16,18,1905AHBGJH,,,10,4,6.1,Passed,
SP2024,SP2024-class 16,19,1905AHCAEC,,,3,7.8,6.2,Passed,
SP2024,SP2024-class 16,20,1905AGJDDC,,,5,8.4,5.9,Passed,
SP2024,SP2024-class 16,21,1905AGCEJC,,,5,6,6.3,Passed,
SP2024,SP2024-class 16,22,1905AHBGEJ,,,10,9.4,9.4,Passed,
SP2024,SP2024-class 16,23,1905AHBGBH,,,5,7.2,6.4,Passed,
SP2024,SP2024-class 16,24,1905AHBGGD,,,4,6.6,5.6,Passed,
SP2024,SP2024-class 16,25,1905ADJFJE,,,0,0,1.2,Attendance Fail,
SP2024,SP2024-class 16,26,1905AGJCDG,,,3,6.2,5.6,Passed,
SP2024,SP2024-class 16,27,1905AHBGBG,,,9,8.8,7.8,Passed,
SP2024,SP2024-class 16,28,1905AEAJEG,,,0,0,1.2,Attendance Fail,
SP2024,SP2024-class 16,29,0405AHJGCB,,,9,9,8.8,Passed,
SP2024,SP2024-class 16,30,1905AHBHBI,,,3,7,5.7,Passed,
SP2024,SP2024-class 16,31,1905AHBHAC,,,4,5.4,5.4,Passed,
SP2024,SP2024-class 16,32,1905AHBFIB,,,7,9.4,7.9,Passed,
SP2024,SP2024-class 16,33,1905AHBGHJ,,,5,7.8,6.3,Passed,
SP2024,SP2024-class 16,34,1905AHDGBH,,,8,7.4,7.5,Passed,
SP2024,SP2024-class 17,1,1905AHBHID,,,8,8.2,8.9,Passed,
SP2024,SP2024-class 17,2,1905AHBIEE,,,5,8.8,8.1,Passed,
SP2024,SP2024-class 17,3,1905AGAHII,,,1,5.6,4.5,Not Passed,
SP2024,SP2024-class 17,4,1905AGBGHD,,,0,0,1.6,Attendance Fail,
SP2024,SP2024-class 17,5,1905AHBIHI,,,9,9.6,9.6,Passed,
SP2024,SP2024-class 17,6,1905AHJCDH,,,4,8.6,7.8,Passed,
SP2024,SP2024-class 17,7,1905AHBIDB,,,5,9,8.2,Passed,
SP2024,SP2024-class 17,8,1905AHJDBD,,,3,9.4,7.7,Passed,
SP2024,SP2024-class 17,9,1905AHBHGC,,,3,4.8,4.7,Not Passed,
SP2024,SP2024-class 17,10,1905AHJDBG,,,3,8.6,7.5,Passed,
SP2024,SP2024-class 17,11,1905AGCAAJ,,,1,7.4,5.5,Passed,
SP2024,SP2024-class 17,12,1905AHJCFF,,,10,9.4,9.8,Passed,
SP2024,SP2024-class 17,13,1905AHJCFB,,,2,7,6.7,Passed,
SP2024,SP2024-class 17,14,1905AHBIEH,,,5,6.6,7.5,Passed,
SP2024,SP2024-class 17,15,1905AHBIAB,,,3,9.6,7.3,Passed,
SP2024,SP2024-class 17,16,1905AHBIIE,,,9,8.8,9.3,Passed,
SP2024,SP2024-class 17,17,1905AHBICE,,,2,7.8,6.5,Passed,
SP2024,SP2024-class 17,18,1905AHBHGA,,,8,9.6,9.1,Passed,
SP2024,SP2024-class 17,19,1905AHCIGH,,,1,5.6,5.8,Passed,
SP2024,SP2024-class 17,20,1905AHJCDE,,,6,9.2,8.6,Passed,
SP2024,SP2024-class 17,21,1905AHBIJH,,,2,7.6,6.9,Passed,
SP2024,SP2024-class 17,22,1905AHBICB,,,6,6.8,7.6,Passed,
SP2024,SP2024-class 17,23,1905AHBHIE,,,6,9.2,8.6,Passed,
SP2024,SP2024-class 17,24,1905AHJCIG,,,2,8.4,7.1,Passed,
SP2024,SP2024-class 17,25,1905AHJCCC,,,9,9.2,9.5,Passed,
SP2024,SP2024-class 17,26,1905AHJDAI,,,5,4,5.2,Passed,
SP2024,SP2024-class 17,27,1905AHJCEI,,,3,5.8,5,Passed,
SP2024,SP2024-class 17,28,1905AHBHIB,,,4,8.6,7.8,Passed,
SP2024,SP2024-class 17,29,1905AHBIAF,,,4,5.8,6.7,Passed,
SP2024,SP2024-class 17,30,1905AHBIJC,,,5,9,8.2,Passed,
SP2024,SP2024-class 17,31,1905AHJCIB,,,10,9.2,9.8,Passed,
SP2024,SP2024-class 17,32,1905AHBICC,,,7,9,8.8,Passed,
SP2024,SP2024-class 17,33,1905AHBIDE,,,1,6.8,6.3,Passed,
SP2024,SP2024-class 17,34,1905AHBHFI,,,7,9.2,8.9,Passed,
SP2024,SP2024-class 17,35,1905AHAGDJ,,,9,9.8,9.6,Passed,
SP2024,SP2024-class 18,1,1905AHCJBD,,,6,8.8,8,Passed,
SP2024,SP2024-class 18,2,1905AHCABF,,,3,7.6,6.1,Passed,
SP2024,SP2024-class 18,3,1905AHCJDC,,,2,4.4,5.1,Passed,
SP2024,SP2024-class 18,4,1905AHAFFI,,,0,0,0,Attendance Fail,
SP2024,SP2024-class 18,5,1905AHCJCG,,,5,9.4,7.6,Passed,
SP2024,SP2024-class 18,6,1905AHCJFE,,,10,9.8,9.5,Passed,
SP2024,SP2024-class 18,7,1905AHCAAA,,,2,7.6,6.3,Passed,
SP2024,SP2024-class 18,8,1905AGJBCG,,,6,7.6,7.4,Passed,
SP2024,SP2024-class 18,9,1905AHBIJF,,,9,9.2,8.6,Passed,
SP2024,SP2024-class 18,10,1905AHCJJD,,,10,9,9.2,Passed,
SP2024,SP2024-class 18,11,1905AHDGIF,,,6,5.6,7,Passed,
SP2024,SP2024-class 18,12,1905AHCAAE,,,7,8.2,8.2,Passed,
SP2024,SP2024-class 18,13,1905AHCJIF,,,10,9.8,9.8,Passed,
SP2024,SP2024-class 18,14,1905AHBIHA,,,10,9,9.2,Passed,
SP2024,SP2024-class 18,15,1905AHBBIJ,,,10,9.6,9.8,Passed,
SP2024,SP2024-class 18,16,1905AHCJHH,,,8,8.8,8.8,Passed,
SP2024,SP2024-class 18,17,1905AEJIEI,,,0,0,0,Attendance Fail,
SP2024,SP2024-class 18,18,1905AHCAAI,,,0,3.8,3.6,Not Passed,
SP2024,SP2024-class 18,19,1905AHCJHF,,,0,0,2.9,Not Passed,
SP2024,SP2024-class 18,20,1905AHCJCD,,,9,8.4,7.8,Passed,
SP2024,SP2024-class 18,21,1905AHCJJH,,,10,9.2,9.4,Passed,
SP2024,SP2024-class 18,22,1905AHCDCD,,,9,9.6,9.1,Passed,
SP2024,SP2024-class 18,23,1905AHCJDH,,,3,6.4,6.1,Passed,
SP2024,SP2024-class 18,24,1905AHCJGG,,,1,9.6,6,Passed,
SP2024,SP2024-class 18,25,1905AHCJDB,,,9,8.8,8.6,Passed,
SP2024,SP2024-class 18,26,1905AHCJHC,,,7,8.6,8.5,Passed,
SP2024,SP2024-class 18,27,1919AEJAED,,,0,0,2.5,Not Passed,
SP2024,SP2024-class 18,28,1905AHBHIF,,,4,5.6,6.2,Passed,
SP2024,SP2024-class 18,29,1905AHBHFE,,,10,7.8,8.5,Passed,
SP2024,SP2024-class 18,30,1905AHCAJD,,,10,9.6,9.5,Passed,
SP2024,SP2024-class 18,31,1905AHCJCA,,,5,9.4,7.9,Passed,
SP2024,SP2024-class 18,32,1905AHCJCC,,,9,8.8,8.7,Passed,
SP2024,SP2024-class 18,33,1705AHJAHE,,,10,9,9.1,Passed,
SP2024,SP2024-class 18,34,1905AGACEF,,,0,0,2.2,Not Passed,
SP2024,SP2024-class 18,35,1905AHDGHI,,,5,6.8,6.6,Passed,
SP2024,SP2024-class 19,1,1905AHCIEB,,,3,6.4,6.1,Passed,
SP2024,SP2024-class 19,2,1905AHCIFC,,,4,8.4,7.1,Passed,
SP2024,SP2024-class 19,3,1905AHCBCC,,,4,7.6,7.1,Passed,
SP2024,SP2024-class 19,4,1905AHCBGE,,,10,7,8.7,Passed,
SP2024,SP2024-class 19,5,1905AHCAGB,,,10,9,9.2,Passed,
SP2024,SP2024-class 19,6,1905AHCDEF,,,4,6.4,6.3,Passed,
SP2024,SP2024-class 19,7,1905AHCBDH,,,3,8,6.8,Passed,
SP2024,SP2024-class 19,8,1905AHCAHE,,,10,9.6,9.3,Passed,
SP2024,SP2024-class 19,9,1905AHCADE,,,5,7.8,7.2,Passed,
SP2024,SP2024-class 19,10,1905AHCACH,,,6,8.2,7.8,Passed,
SP2024,SP2024-class 19,11,1905AHCBAG,,,4,8,6.9,Passed,
SP2024,SP2024-class 19,12,1905AHDACA,,,5,5.4,6.4,Passed,
SP2024,SP2024-class 19,13,1905AHCIEA,,,4,5,6,Passed,
SP2024,SP2024-class 19,14,1905AHCBFA,,,2,6.2,5.9,Passed,
SP2024,SP2024-class 19,15,1905AHCGAG,,,2,9,6.8,Passed,
SP2024,SP2024-class 19,16,1905AHBGDI,,,9,4.6,7.4,Passed,
SP2024,SP2024-class 19,17,1905AHCBAD,,,6,9.2,8,Passed,
SP2024,SP2024-class 19,18,1905AHCAFD,,,10,8.8,9.2,Passed,
SP2024,SP2024-class 19,19,1905AHCAIG,,,5,8.6,7.5,Passed,
SP2024,SP2024-class 19,20,1905AGBEDC,,,3,6,5.8,Passed,
SP2024,SP2024-class 19,21,1905AHCBHB,,,4,9.6,7.1,Passed,
SP2024,SP2024-class 19,22,1905AHDHAF,,,3,6.8,6.1,Passed,
SP2024,SP2024-class 19,23,1905AHCBBG,,,5,9,7.5,Passed,
SP2024,SP2024-class 19,24,1905AHDEEC,,,1,6.2,5.9,Passed,
SP2024,SP2024-class 19,25,1905AHCAHH,,,4,6.8,6.6,Passed,
SP2024,SP2024-class 19,26,1905AGJEFF,,,9,5,7.6,Passed,
SP2024,SP2024-class 19,27,1905AHCIBC,,,6,7.4,7.7,Passed,
SP2024,SP2024-class 19,28,1905AFAFCJ,,,0,0,0,Attendance Fail,
SP2024,SP2024-class 19,29,1905AHCIHB,,,9,8.6,8.7,Passed,
SP2024,SP2024-class 19,30,1905AHCAGA,,,7,8.4,8.2,Passed,
SP2024,SP2024-class 19,31,1905AHCBDC,,,10,8,9.3,Passed,
SP2024,SP2024-class 19,32,1905AGCACD,,,10,9.6,9.6,Passed,
SP2024,SP2024-class 19,33,1905AHCBHC,,,2,6.2,6,Passed,
SP2024,SP2024-class 19,34,1905AHCAGI,,,10,9.2,9.2,Passed,
SP2024,SP2024-class 19,35,1905AHCBFB,,,9,9.6,8.6,Passed,
SP2024,SP2024-class 20,1,1905AHCEJD,,,10,8.4,9,Passed,
SP2024,SP2024-class 20,2,1905AGJJCG,,,5,7.8,7.2,Passed,
SP2024,SP2024-class 20,3,1905AHCDEJ,,,8,7.4,8.2,Passed,
SP2024,SP2024-class 20,4,1905AHCCIB,,,7,9.4,8.4,Passed,
SP2024,SP2024-class 20,5,1905AHCDGD,,,10,9.6,9.5,Passed,
SP2024,SP2024-class 20,6,1905AHCDAG,,,0,0,3.1,Not Passed,
SP2024,SP2024-class 20,7,1905AHCDIH,,,10,9.2,9.6,Passed,
SP2024,SP2024-class 20,8,1905AHCDDB,,,5,8,6.7,Passed,
SP2024,SP2024-class 20,9,1905AGJCDI,,,2,5.4,5.1,Passed,
SP2024,SP2024-class 20,10,1905AHDDBH,,,10,7.8,9.2,Passed,
SP2024,SP2024-class 20,11,1905AHCCJH,,,7,9.4,8.5,Passed,
SP2024,SP2024-class 20,12,1905AHCAID,,,5,8.4,7.1,Passed,
SP2024,SP2024-class 20,13,1905AHCDGB,,,5,8.2,7.4,Passed,
SP2024,SP2024-class 20,14,1905AHCCCA,,,7,8.6,8.1,Passed,
SP2024,SP2024-class 20,15,1905AHCCEH,,,10,9.8,9.5,Passed,
SP2024,SP2024-class 20,16,1905AHDHFC,,,8,8,8.7,Passed,
SP2024,SP2024-class 20,17,1905AHCHJB,,,6,7.4,7.2,Passed,
SP2024,SP2024-class 20,18,1905AHCDFE,,,7,9.4,8.4,Passed,
SP2024,SP2024-class 20,19,1905AHCCIG,,,10,9.4,9.4,Passed,
SP2024,SP2024-class 20,20,1905AHCDDH,,,1,7.8,5.4,Passed,
SP2024,SP2024-class 20,21,1905AHCCCB,,,6,5.6,7,Passed,
SP2024,SP2024-class 20,22,1905AHCBIE,,,8,8.2,8.2,Passed,
SP2024,SP2024-class 20,23,1905AHCCBC,,,7,8,8,Passed,
SP2024,SP2024-class 20,24,1905AGJBIA,,,6,4.2,5.9,Passed,
SP2024,SP2024-class 20,25,1905AHCDDD,,,2,9,7.2,Passed,
SP2024,SP2024-class 20,26,1905AHCDGI,,,1,7.2,5.7,Passed,
SP2024,SP2024-class 20,27,1905AHCDHE,,,3,8.6,7.1,Passed,
SP2024,SP2024-class 20,28,1905AHCDFD,,,4,8.2,7.5,Passed,
SP2024,SP2024-class 20,29,1905AHCCIJ,,,0,0,0,Attendance Fail,
SP2024,SP2024-class 20,30,1905AHCDBH,,,5,9.4,7.5,Passed,
SP2024,SP2024-class 20,31,1905AHCCAD,,,6,8,7.7,Passed,
SP2024,SP2024-class 20,32,1905AHCDJJ,,,7,7.2,7.6,Passed,
SP2024,SP2024-class 20,33,1905AHCDJB,,,4,6.6,6.8,Passed,
SP2024,SP2024-class 20,34,1905AHCDJD,,,2,5.2,5.7,Passed,
SP2024,SP2024-class 20,35,1905AHCDEC,,,9,10,9.6,Passed,
SP2024,SP2024-class 21,1,1905AHCEHC,,,5,8,7,Passed,
SP2024,SP2024-class 21,2,1905AGADFC,,,0,0,0.1,Attendance Fail,
SP2024,SP2024-class 21,3,1905AHCEED,,,6,9.4,7.5,Passed,
SP2024,SP2024-class 21,4,1905AHDBGJ,,,9,8.4,9.2,Passed,
SP2024,SP2024-class 21,5,1905AHCEIC,,,3,6.4,5.8,Passed,
SP2024,SP2024-class 21,6,1905AFAEAG,,,0,0,0.1,Attendance Fail,
SP2024,SP2024-class 21,7,1905AHCFJI,,,8,3.4,5.7,Not Passed,
SP2024,SP2024-class 21,8,1905AHCEBA,,,9,8.2,7.9,Passed,
SP2024,SP2024-class 21,9,1905AHCEBF,,,1,0,0.7,Not Passed,
SP2024,SP2024-class 21,10,1905AHCECA,,,1,0,0.7,Not Passed,
SP2024,SP2024-class 21,11,1905AHCECJ,,,2,5.2,4.8,Not Passed,
SP2024,SP2024-class 21,12,1905AHCEDJ,,,3,8.2,5.9,Passed,
SP2024,SP2024-class 21,13,1905AGAEGG,,,0,0,0.1,Not Passed,
SP2024,SP2024-class 21,14,1905AHCEEJ,,,0,0,0.4,Not Passed,
SP2024,SP2024-class 21,15,1905AHCEBB,,,4,7,6.5,Passed,
SP2024,SP2024-class 21,16,1905AHCEBC,,,7,7.2,6.9,Passed,
SP2024,SP2024-class 21,17,1905AHCDIE,,,4,8.6,6.2,Passed,
SP2024,SP2024-class 21,18,1905AHCFAF,,,10,8.2,9.5,Passed,
SP2024,SP2024-class 21,19,1905AHCEIF,,,5,7.8,6.3,Passed,
SP2024,SP2024-class 21,20,1905AHCFJG,,,10,8.8,8.8,Passed,
SP2024,SP2024-class 21,21,1905AHCEIH,,,10,8.2,9.5,Passed,
SP2024,SP2024-class 21,22,1905AHCEFE,,,4,8.6,6,Passed,
SP2024,SP2024-class 21,23,1905AHCEIA,,,7,7.6,6.8,Passed,
SP2024,SP2024-class 21,24,1905AHCEBD,,,2,5.8,5.1,Passed,
SP2024,SP2024-class 21,25,1905AHCEGB,,,3,9.4,6.7,Passed,
SP2024,SP2024-class 21,26,1905AFADCA,,,4,8.2,7.1,Passed,
SP2024,SP2024-class 21,27,1905AGJEFC,,,0,0,0.2,Not Passed,
SP2024,SP2024-class 21,28,1905AHCDHH,,,1,8.8,5.3,Passed,
SP2024,SP2024-class 21,29,1905AHCFJB,,,10,8.8,9.3,Passed,
SP2024,SP2024-class 21,30,1905AHCECD,,,7,9.4,7.7,Passed,
SP2024,SP2024-class 21,31,1905AHCEDE,,,7,6.6,7.6,Passed,
SP2024,SP2024-class 21,32,1905AHCFGJ,,,2,6.2,5.2,Passed,
SP2024,SP2024-class 21,33,1905AHCDID,,,8,8.6,8.2,Passed,
SP2024,SP2024-class 21,34,1905AHCFJC,,,9,7.6,8.2,Passed,
SP2024,SP2024-class 21,35,1905AHCEFF,,,2,7,6.2,Passed,
SP2024,SP2024-class 22,1,1905AHCGDA,,,9,9.2,9,Passed,
SP2024,SP2024-class 22,2,1905AHCFFA,,,9,9,8.6,Passed,
SP2024,SP2024-class 22,3,1905AHDGIB,,,4,7,6.8,Passed,
SP2024,SP2024-class 22,4,1705AHJADJ,,,9,9.8,9.1,Passed,
SP2024,SP2024-class 22,5,1905AHDFCE,,,9,9.6,9.3,Passed,
SP2024,SP2024-class 22,6,1905AHCGBG,,,4,7.8,6.4,Passed,
SP2024,SP2024-class 22,7,1905AHCFGC,,,3,8,6.4,Passed,
SP2024,SP2024-class 22,8,1905AHCFIH,,,0,6.6,5.2,Not Passed,
SP2024,SP2024-class 22,9,1905AHCFFE,,,6,8.4,7.7,Passed,
SP2024,SP2024-class 22,10,1905AHBGCH,,,1,7,5.7,Passed,
SP2024,SP2024-class 22,11,1905AHCGAD,,,5,6.2,6.4,Passed,
SP2024,SP2024-class 22,12,1905AHCFEE,,,9,9.2,8.9,Passed,
SP2024,SP2024-class 22,13,1905AHDJGG,,,7,7.2,7.6,Passed,
SP2024,SP2024-class 22,14,1905AHDCIB,,,6,4.4,6.5,Passed,
SP2024,SP2024-class 22,15,1905AHCGCE,,,3,6.8,5.4,Passed,
SP2024,SP2024-class 22,16,1905AHDJCJ,,,7,9,8.4,Passed,
SP2024,SP2024-class 22,17,1905AHDJBD,,,9,9,9,Passed,
SP2024,SP2024-class 22,18,1905AHDJIF,,,5,6.2,7,Passed,
SP2024,SP2024-class 22,19,1905AHCGAC,,,6,9,7.5,Passed,
SP2024,SP2024-class 22,20,1905AHCEDG,,,8,4.2,7.3,Passed,
SP2024,SP2024-class 22,21,0805AGIJAE,,,8,8.6,8.5,Passed,
SP2024,SP2024-class 22,22,1905AHCGJE,,,0,0,2.3,Attendance Fail,
SP2024,SP2024-class 22,23,1905AHCGBB,,,9,9.8,9.2,Passed,
SP2024,SP2024-class 22,24,1905AHCGDI,,,4,7,6.3,Passed,
SP2024,SP2024-class 22,25,1905AHCGCB,,,8,8.4,8,Passed,
SP2024,SP2024-class 22,26,1905AHCFHJ,,,6,9.6,8.1,Passed,
SP2024,SP2024-class 22,27,1905AHCFIC,,,0,0,3,Not Passed,
SP2024,SP2024-class 22,28,1905AHCFGB,,,3,3,4.5,Not Passed,
SP2024,SP2024-class 22,29,1905AHCGJC,,,4,7,6.5,Passed,
SP2024,SP2024-class 22,30,1905AHCGCJ,,,10,7,8.3,Passed,
SP2024,SP2024-class 22,31,1905AHCFDF,,,2,8.2,6.5,Passed,
SP2024,SP2024-class 22,32,1905AHCFCH,,,8,7.8,8.1,Passed,
SP2024,SP2024-class 22,33,1905AHDCIJ,,,10,9.6,9.3,Passed,
SP2024,SP2024-class 22,34,1905AHCFIA,,,6,6.4,7,Passed,
SP2024,SP2024-class 22,35,1905AHCIGE,,,10,9.2,9.2,Passed,
SP2024,SP2024-class 23,1,1905AHCHFA,,,5,8.6,7.9,Passed,
SP2024,SP2024-class 23,2,1905AHCHAE,,,5,6.4,7.1,Passed,
SP2024,SP2024-class 23,3,1905AGADAE,,,0,0,3.5,Attendance Fail,
SP2024,SP2024-class 23,4,1905AGBFIE,,,2,0,4.1,Not Passed,
SP2024,SP2024-class 23,5,1905AGCABG,,,7,7.8,8.2,Passed,
SP2024,SP2024-class 23,6,1905AHCHDC,,,0,0,3.8,Not Passed,
SP2024,SP2024-class 23,7,1905AHCGFE,,,5,6.6,7.2,Passed,
SP2024,SP2024-class 23,8,1905AGBGJF,,,10,6,8.5,Passed,
SP2024,SP2024-class 23,9,1905AHBCBC,,,3,7,6.7,Passed,
SP2024,SP2024-class 23,10,1905AGAIAC,,,0,0,3.5,Attendance Fail,
SP2024,SP2024-class 23,11,1905AGCCFG,,,10,4.6,8.1,Passed,
SP2024,SP2024-class 23,12,1905AHCHED,,,6,9.4,8.5,Passed,
SP2024,SP2024-class 23,13,1905AHCHAA,,,6,8.8,8.1,Passed,
SP2024,SP2024-class 23,14,1905AHCHCB,,,6,7,7.6,Passed,
SP2024,SP2024-class 23,15,1905AHCHJF,,,9,9.2,9.2,Passed,
SP2024,SP2024-class 23,16,1905AHCHHF,,,8,8.4,8.7,Passed,
SP2024,SP2024-class 23,17,1905AHCHAJ,,,5,7,7.3,Passed,
SP2024,SP2024-class 23,18,1905AHCIAH,,,8,7.2,8.4,Passed,
SP2024,SP2024-class 23,19,1905AGBDIC,,,9,8.6,8.9,Passed,
SP2024,SP2024-class 23,20,1905AGJCAJ,,,10,4.8,8.1,Passed,
SP2024,SP2024-class 23,21,1905AHCHDE,,,4,7.6,7.1,Passed,
SP2024,SP2024-class 23,22,1905AGJJAF,,,2,8.2,6.9,Passed,
SP2024,SP2024-class 23,23,1905AHCHEJ,,,5,9,8,Passed,
SP2024,SP2024-class 23,24,1905AGCACA,,,6,4.2,6.8,Passed,
SP2024,SP2024-class 23,25,1905AHCHJA,,,10,7,8.8,Passed,
SP2024,SP2024-class 23,26,1905AHDGCB,,,5,9.4,8.1,Passed,
SP2024,SP2024-class 23,27,1905AHCHFH,,,9,8.6,9.1,Passed,
SP2024,SP2024-class 23,28,1905AGBEJF,,,7,6.6,7.7,Passed,
SP2024,SP2024-class 23,29,1905AGJDDH,,,0,0,3.5,Attendance Fail,
SP2024,SP2024-class 23,30,1905AGJFJB,,,10,5.8,8.4,Passed,
SP2024,SP2024-class 23,31,1905AHCGII,,,9,9.4,9.2,Passed,
SP2024,SP2024-class 23,32,1905AHDJAH,,,1,7,6.1,Passed,
SP2024,SP2024-class 23,33,1905AHCGEE,,,9,9.6,9.3,Passed,
SP2024,SP2024-class 23,34,1905AHCGFH,,,6,6.8,7.5,Passed,
SP2024,SP2024-class 23,35,1905AGCAHJ,,,5,6.8,7.2,Passed,
SP2024,SP2024-class 24,1,1905AHBGDC,,,8,8.6,9,Passed,
SP2024,SP2024-class 24,2,1705AGJBDH,,,4,8,7.2,Passed,
SP2024,SP2024-class 24,3,0305AGJIGD,,,4,5.6,6.1,Passed,
SP2024,SP2024-class 24,4,1905AFAGJE,,,5,5.4,6.5,Passed,
SP2024,SP2024-class 24,5,1905AHBGAB,,,3,9.4,7.7,Passed,
SP2024,SP2024-class 24,6,1905AHBGJJ,,,6,8,8,Passed,
SP2024,SP2024-class 24,7,1905AFJBHA,,,0,0,1.4,Attendance Fail,
SP2024,SP2024-class 24,8,1905AGJAIE,,,0,0,1,Attendance Fail,
SP2024,SP2024-class 24,9,1905AGACAE,,,0,0,3.3,Attendance Fail,
SP2024,SP2024-class 24,10,1905AFJDAE,,,5,5.8,5.5,Passed,
SP2024,SP2024-class 24,11,1905AHDJEC,,,9,8.8,9.2,Passed,
SP2024,SP2024-class 24,12,1905AGAECF,,,4,5.2,6.2,Passed,
SP2024,SP2024-class 24,13,1905AFJDCB,,,0,0,1.6,Attendance Fail,
SP2024,SP2024-class 24,14,1905AFJGID,,,6,6.8,5.8,Passed,
SP2024,SP2024-class 24,15,1905AGCDAE,,,0,0,1.8,Attendance Fail,
SP2024,SP2024-class 24,16,1905AHCGCD,,,5,8,7.1,Passed,
SP2024,SP2024-class 24,17,1905AFAJIJ,,,1,5.6,5.5,Passed,
SP2024,SP2024-class 24,18,1905AGAAHD,,,3,7.6,6,Passed,
SP2024,SP2024-class 24,19,1905AFAGBH,,,5,6.8,7.3,Passed,
SP2024,SP2024-class 24,20,1905AFJEHJ,,,2,7.6,6.6,Passed,
SP2024,SP2024-class 24,21,1905ADJCBE,,,2,5.6,5.6,Passed,
SP2024,SP2024-class 24,22,1905AHDAAI,,,5,5.4,6.2,Passed,
SP2024,SP2024-class 24,23,1905AGAGJD,,,0,0,3,Attendance Fail,
SP2024,SP2024-class 24,24,1905AHJEGC,,,10,8,9.1,Passed,
SP2024,SP2024-class 24,25,1705AHJABA,,,4,9.4,7.8,Passed,
SP2024,SP2024-class 24,26,1905AFAEFJ,,,2,7.2,5.3,Passed,
SP2024,SP2024-class 24,27,1905AFJHAG,,,0,0,2.5,Attendance Fail,
SP2024,SP2024-class 24,28,1905AHDDIF,,,7,5.6,7.3,Passed,
SP2024,SP2024-class 24,29,1905AHBGJI,,,5,7.4,7.7,Passed,
SP2024,SP2024-class 24,30,1905AEJCFA,,,6,6.4,7.3,Passed,
SP2024,SP2024-class 24,31,1905AGCCBE,,,3,7.2,6.9,Passed,
SP2024,SP2024-class 24,32,1905AHDACJ,,,8,7.4,8.1,Passed,
SP2024,SP2024-class 24,33,1905AHBABC,,,0,0,2,Attendance Fail,
SP2024,SP2024-class 24,34,1905AHCDAJ,,,3,6.4,6.7,Passed,
SP2024,SP2024-class 24,35,1905AHBEDH,,,6,4.6,6.9,Passed,
SP2024,SP2024-class 25,1,1905AHDJHJ,,,4,8.6,6.4,Passed,
SP2024,SP2024-class 25,2,1905AHDAIE,,,0,0,0,Attendance Fail,
SP2024,SP2024-class 25,3,1905AGJEDD,,,1,0,2.2,Not Passed,
SP2024,SP2024-class 25,4,1905AHDBAE,,,7,8.2,8.3,Passed,
SP2024,SP2024-class 25,5,1905AHDAIB,,,6,6.4,7.3,Passed,
SP2024,SP2024-class 25,6,1905AHCHHE,,,6,7.2,7.9,Passed,
SP2024,SP2024-class 25,7,1905AHDJGH,,,9,9.6,9,Passed,
SP2024,SP2024-class 25,8,1905AHBECH,,,6,8.6,7.7,Passed,
SP2024,SP2024-class 25,9,1905AHDCJG,,,2,7.2,5.8,Passed,
SP2024,SP2024-class 25,10,1905AHDADC,,,0,7,2.5,Not Passed,
SP2024,SP2024-class 25,11,1905AHDAFJ,,,10,8.6,9.6,Passed,
SP2024,SP2024-class 25,12,1905AHDBJI,,,7,8.4,8.2,Passed,
SP2024,SP2024-class 25,13,1905AHDJEF,,,10,8,9.3,Passed,
SP2024,SP2024-class 25,14,1919AGJCAF,,,0,0,0,Attendance Fail,
SP2024,SP2024-class 25,15,1905AHDAJH,,,3,6.6,6.3,Passed,
SP2024,SP2024-class 25,16,1905AHCEAD,,,5,6.4,5.9,Passed,
SP2024,SP2024-class 25,17,1905AHDADJ,,,10,8.4,9.4,Passed,
SP2024,SP2024-class 25,18,1905AHDAAC,,,6,8.8,8.4,Passed,
SP2024,SP2024-class 25,19,1905AHCHGF,,,9,9,9.2,Passed,
SP2024,SP2024-class 25,20,1905AHDJFI,,,10,9.8,9.8,Passed,
SP2024,SP2024-class 25,21,1905AHDBBF,,,6,8.6,7.1,Passed,
SP2024,SP2024-class 25,22,1905AFAEGC,,,5,6.6,5.4,Passed,
SP2024,SP2024-class 25,23,1905AHDJII,,,7,8.6,7.5,Passed,
SP2024,SP2024-class 25,24,1905AHDAAF,,,2,8.4,6.1,Passed,
SP2024,SP2024-class 25,25,1905AHDAAA,,,10,9.6,6.6,Passed,
SP2024,SP2024-class 25,26,1905AHDJIG,,,8,9.6,9.3,Passed,
SP2024,SP2024-class 25,27,1905AHDHAG,,,3,5.6,5.5,Passed,
SP2024,SP2024-class 25,28,1905AHDJGF,,,2,7.4,5.5,Passed,
SP2024,SP2024-class 25,29,1905AHDBAD,,,8,9.2,8.1,Passed,
SP2024,SP2024-class 25,30,1905AHDJFF,,,5,9.4,6.9,Passed,
SP2024,SP2024-class 25,31,1905AHDAIJ,,,7,6.6,7.4,Passed,
SP2024,SP2024-class 25,32,1705AHJAGB,,,10,9.6,9.9,Passed,
SP2024,SP2024-class 25,33,1905AHDBCJ,,,2,6.8,6.2,Passed,
SP2024,SP2024-class 25,34,1905AHCHHH,,,6,9.6,8.5,Passed,
SP2024,SP2024-class 25,35,1905AHDAFA,,,10,7.8,9.3,Passed,
SP2024,SP2024-class 26,1,1905AHDBGF,,,10,5.4,7,Passed,
SP2024,SP2024-class 26,2,1905AHDBFD,,,2,6.6,4.7,Not Passed,
SP2024,SP2024-class 26,3,1905AHCIDF,,,2,5.4,5.3,Passed,
SP2024,SP2024-class 26,4,1905AHDCBH,,,5,7.4,7.5,Passed,
SP2024,SP2024-class 26,5,1905AGJCED,,,0,0,0.2,Not Passed,
SP2024,SP2024-class 26,6,1905AGJAHI,,,8,8.6,6.3,Passed,
SP2024,SP2024-class 26,7,1905AHDAJG,,,8,9.8,9.3,Passed,
SP2024,SP2024-class 26,8,1905AHDCDI,,,9,8.6,9.1,Passed,
SP2024,SP2024-class 26,9,1905AHDBEF,,,1,7.8,4.6,Not Passed,
SP2024,SP2024-class 26,10,1905AHDCGE,,,0,0,0.2,Not Passed,
SP2024,SP2024-class 26,11,1905AGCBFI,,,3,0,1,Not Passed,
SP2024,SP2024-class 26,12,1905AHDCAJ,,,5,8.8,6.3,Passed,
SP2024,SP2024-class 26,13,1905AHCHHI,,,4,6.2,4.9,Not Passed,
SP2024,SP2024-class 26,14,1905AHDCFH,,,6,7.2,6.4,Passed,
SP2024,SP2024-class 26,15,1905AHDEIG,,,0,0,0.1,Not Passed,
SP2024,SP2024-class 26,16,1905AFJACA,,,3,0,1.8,Not Passed,
SP2024,SP2024-class 26,17,1905AHDBIE,,,2,8,5.3,Passed,
SP2024,SP2024-class 26,18,1905AHDCGF,,,5,8.4,7.7,Passed,
SP2024,SP2024-class 26,19,1905AEJCDI,,,0,0,0,Attendance Fail,
SP2024,SP2024-class 26,20,1905AHDCDC,,,10,6,7.1,Passed,
SP2024,SP2024-class 26,21,1905AHDCED,,,7,7.8,8.4,Passed,
SP2024,SP2024-class 26,22,1905AHDBGA,,,6,9.4,6.9,Passed,
SP2024,SP2024-class 26,23,1905AHDBDD,,,6,7.8,7.8,Passed,
SP2024,SP2024-class 26,24,1905AHCAFA,,,8,9,7,Passed,
SP2024,SP2024-class 26,25,1905AHDCEF,,,0,0,0.2,Not Passed,
SP2024,SP2024-class 26,26,1905AHDCCC,,,8,8.8,8.7,Passed,
SP2024,SP2024-class 26,27,1905AHDCAI,,,5,5.8,5.4,Passed,
SP2024,SP2024-class 26,28,1905AHDCEG,,,4,7.8,7.5,Passed,
SP2024,SP2024-class 26,29,1905AHDCFD,,,6,9.6,7.4,Passed,
SP2024,SP2024-class 26,30,1905AHDCJA,,,7,7.8,8.4,Passed,
SP2024,SP2024-class 26,31,1905AHBIEA,,,9,8.8,9,Passed,
SP2024,SP2024-class 26,32,1905AHDCEI,,,0,4.8,1.6,Not Passed,
SP2024,SP2024-class 26,33,1905AHDCBB,,,2,8.2,5.6,Passed,
SP2024,SP2024-class 26,34,1905AEABEC,,,0,3.4,1.2,Not Passed,
SP2024,SP2024-class 26,35,1905AFAGDD,,,0,0,0.2,Not Passed,
SP2024,SP2024-class 27,1,1905AHDDBE,,,0,0,2.1,Attendance Fail,
SP2024,SP2024-class 27,2,1905AHDDAF,,,0,0,1.4,Attendance Fail,
SP2024,SP2024-class 27,3,1905AHAIFI,,,0,0,3.1,Not Passed,
SP2024,SP2024-class 27,4,1905AGBDJB,,,3,4.8,4.7,Not Passed,
SP2024,SP2024-class 27,5,1905AHDDJB,,,9,5.8,7.2,Passed,
SP2024,SP2024-class 27,6,1905AHDDEC,,,3,6.4,5.6,Passed,
SP2024,SP2024-class 27,7,1905AHDDEA,,,10,9.8,9.1,Passed,
SP2024,SP2024-class 27,8,1905AHDBJC,,,0,0,1.7,Attendance Fail,
SP2024,SP2024-class 27,9,1905AHDDJD,,,1,7.8,5.3,Passed,
SP2024,SP2024-class 27,10,1905AHDDDG,,,2,7.2,5.7,Passed,
SP2024,SP2024-class 27,11,1905AHDGIJ,,,0,3.6,3.8,Not Passed,
SP2024,SP2024-class 27,12,1905AHDCHI,,,6,8.4,7.4,Passed,
SP2024,SP2024-class 27,13,1905AHDDBF,,,8,9.6,7.8,Passed,
SP2024,SP2024-class 27,14,1905AHDDDC,,,3,6.2,5.5,Passed,
SP2024,SP2024-class 27,15,1905AHCDJE,,,4,5.8,6.2,Passed,
SP2024,SP2024-class 27,16,1905AGCJCD,,,7,5,6.3,Passed,
SP2024,SP2024-class 27,17,1905AHDDGB,,,1,8.6,5.8,Passed,
SP2024,SP2024-class 27,18,0405AHJFHJ,,,5,7.8,6.4,Passed,
SP2024,SP2024-class 27,19,1905AGABAE,,,5,7.2,5.7,Passed,
SP2024,SP2024-class 27,20,1905AHDDDD,,,4,7.8,6.3,Passed,
SP2024,SP2024-class 27,21,1905AGJDEA,,,7,5.8,7.1,Passed,
SP2024,SP2024-class 27,22,1905AHDGID,,,5,6.6,6.6,Passed,
SP2024,SP2024-class 27,23,1905AHDEJE,,,8,7.8,8,Passed,
SP2024,SP2024-class 27,24,1905AHDDCD,,,4,6.2,6.2,Passed,
SP2024,SP2024-class 27,25,1905AHAIEF,,,8,9.6,8.5,Passed,
SP2024,SP2024-class 27,26,1905AHDDCH,,,0,0,2.8,Not Passed,
SP2024,SP2024-class 27,27,1705AHJAFC,,,4,5.6,6,Passed,
SP2024,SP2024-class 27,28,1905AHDBGG,,,10,7.4,8.6,Passed,
SP2024,SP2024-class 27,29,1905AHCHJE,,,2,7.4,5.6,Passed,
SP2024,SP2024-class 27,30,1905AHCFBE,,,2,6.4,5,Passed,
SP2024,SP2024-class 27,31,1905AHDDEH,,,2,6.8,5.5,Passed,
SP2024,SP2024-class 27,32,1905AHAIEB,,,10,9.4,9.3,Passed,
SP2024,SP2024-class 27,33,1905AHDDHH,,,2,5.2,5.3,Passed,
SP2024,SP2024-class 27,34,1905AHDDAJ,,,10,8.6,8.4,Passed,
SP2024,SP2024-class 27,35,1905AEAAHI,,,0,0,1.8,Attendance Fail,
SP2024,SP2024-class 28,1,1905AHDFDH,,,2,7.4,5.6,Passed,
SP2024,SP2024-class 28,2,1905AHDEFI,,,5,7.8,7.1,Passed,
SP2024,SP2024-class 28,3,1905AFAIFA,,,3,6.4,5,Passed,
SP2024,SP2024-class 28,4,1905AHDEAD,,,1,7.6,6.2,Passed,
SP2024,SP2024-class 28,5,1905AHDEJB,,,0,0,3.8,Not Passed,
SP2024,SP2024-class 28,6,1905AHDFBB,,,10,6.8,9,Passed,
SP2024,SP2024-class 28,7,1905AHDFJE,,,3,7.6,7.2,Passed,
SP2024,SP2024-class 28,8,1905AHDEIF,,,9,8.8,9.3,Passed,
SP2024,SP2024-class 28,9,1905AHCACD,,,4,9.2,8,Passed,
SP2024,SP2024-class 28,10,1905AHDECC,,,5,8.6,8.1,Passed,
SP2024,SP2024-class 28,11,1905AHDEAE,,,6,8.2,8.3,Passed,
SP2024,SP2024-class 28,12,1905AEADBH,,,3,0,2.5,Not Passed,
SP2024,SP2024-class 28,13,1905AHDICA,,,4,9,7.9,Passed,
SP2024,SP2024-class 28,14,1905AHDFCH,,,6,8.6,8.4,Passed,
SP2024,SP2024-class 28,15,1905AHDEDD,,,5,6,7.3,Passed,
SP2024,SP2024-class 28,16,1905AHCFHD,,,1,6.4,4.3,Not Passed,
SP2024,SP2024-class 28,17,1905AHDEHF,,,10,9.8,9.9,Passed,
SP2024,SP2024-class 28,18,1905AHDFED,,,6,9.2,8.6,Passed,
SP2024,SP2024-class 28,19,1905AGBEDD,,,5,6.2,6.3,Passed,
SP2024,SP2024-class 28,20,1919AGJDIE,,,0,0,3.6,Not Passed,
SP2024,SP2024-class 28,21,1905AHDEEG,,,4,8.6,7.8,Passed,
SP2024,SP2024-class 28,22,1905AHDEDB,,,5,8.2,8,Passed,
SP2024,SP2024-class 28,23,1905AHBADG,,,7,6.6,8.1,Passed,
SP2024,SP2024-class 28,24,1905AHDIEE,,,3,7.6,7.2,Passed,
SP2024,SP2024-class 28,25,1905AHDFBI,,,8,7.6,8.7,Passed,
SP2024,SP2024-class 28,26,1905AGCEFI,,,5,8.4,7.8,Passed,
SP2024,SP2024-class 28,27,1905AHDFDD,,,7,8,8.5,Passed,
SP2024,SP2024-class 28,28,1905AHDECA,,,4,5.2,6.8,Passed,
SP2024,SP2024-class 28,29,1905AHCJJB,,,0,0,0.7,Attendance Fail,
SP2024,SP2024-class 28,30,1705AHJJFH,,,9,9.6,9.6,Passed,
SP2024,SP2024-class 28,31,1905AHCADC,,,10,9.2,9.8,Passed,
SP2024,SP2024-class 28,32,1905AHDDIB,,,2,7.6,6.7,Passed,
SP2024,SP2024-class 28,33,1905AHEJDD,,,2,8.4,7.1,Passed,
SP2024,SP2024-class 28,34,1905AHDEAI,,,7,8.8,8.7,Passed,
SP2024,SP2024-class 28,35,1905AHDECB,,,9,5.6,8.4,Passed,
SP2024,SP2024-class 29,1,1705AHJAIF,,,5,7.8,7.3,Passed,
SP2024,SP2024-class 29,2,1905AHDHJB,,,9,8.6,8.7,Passed,
SP2024,SP2024-class 29,3,1905AHDFHD,,,2,7.6,6.4,Passed,
SP2024,SP2024-class 29,4,1905AHDGBE,,,5,8.4,7.3,Passed,
SP2024,SP2024-class 29,5,1905AHDFFE,,,8,6.8,7.8,Passed,
SP2024,SP2024-class 29,6,1905AGCBBF,,,9,9.4,8.8,Passed,
SP2024,SP2024-class 29,7,1905AHDFHA,,,10,8.6,9.2,Passed,
SP2024,SP2024-class 29,8,0405AHJIAH,,,7,8.2,7.9,Passed,
SP2024,SP2024-class 29,9,1905AHDGCA,,,10,9.2,9.1,Passed,
SP2024,SP2024-class 29,10,1905AHDHDI,,,6,7.2,7.4,Passed,
SP2024,SP2024-class 29,11,1905AHDGCJ,,,9,6.2,7.9,Passed,
SP2024,SP2024-class 29,12,1905AHDGFJ,,,4,7.2,6.4,Passed,
SP2024,SP2024-class 29,13,1905AHDGDG,,,6,8.4,7.6,Passed,
SP2024,SP2024-class 29,14,1901AGJAIE,,,10,5.2,8,Passed,
SP2024,SP2024-class 29,15,1905AGJEFD,,,9,5.6,7.5,Passed,
SP2024,SP2024-class 29,16,1905AHDGAC,,,5,8.2,7.5,Passed,
SP2024,SP2024-class 29,17,1905AHDGBJ,,,3,7,6.6,Passed,
SP2024,SP2024-class 29,18,1905AHDFGB,,,10,7.4,8.5,Passed,
SP2024,SP2024-class 29,19,1905AFAIEA,,,5,4.8,6.4,Passed,
SP2024,SP2024-class 29,20,1905AHDHCA,,,5,9,7.8,Passed,
SP2024,SP2024-class 29,21,1905AHDGHH,,,6,6.8,7.3,Passed,
SP2024,SP2024-class 29,22,1905AHDGFC,,,4,8,7.2,Passed,
SP2024,SP2024-class 29,23,1905AHDFEI,,,6,8.2,7.6,Passed,
SP2024,SP2024-class 29,24,1905AHJCHH,,,2,6.2,6.1,Passed,
SP2024,SP2024-class 29,25,1905AHDGEH,,,1,6.4,5.8,Passed,
SP2024,SP2024-class 29,26,1905AHDFGG,,,4,8.4,7.2,Passed,
SP2024,SP2024-class 29,27,1905AGAEHI,,,6,4.4,6.6,Passed,
SP2024,SP2024-class 29,28,1905AHDHBF,,,10,9,9.4,Passed,
SP2024,SP2024-class 29,29,1905AHBBHF,,,1,7,6,Passed,
SP2024,SP2024-class 29,30,1905AHJDIA,,,5,6.4,6.5,Passed,
SP2024,SP2024-class 29,31,1905AHCEBI,,,0,0,3.3,Attendance Fail,
SP2024,SP2024-class 29,32,1905AHDFGI,,,1,6.8,5.8,Passed,
SP2024,SP2024-class 29,33,1905AHDGFD,,,2,7,6.3,Passed,
SP2024,SP2024-class 29,34,1905AHDCGJ,,,3,7,6.3,Passed,
SP2024,SP2024-class 29,35,1905AHDHFH,,,6,8,7.6,Passed,
SP2024,SP2024-class 30,1,1905AHDIFG,,,0,0,3.4,Not Passed,
SP2024,SP2024-class 30,2,1905AHAIBD,,,8,9.6,8.6,Passed,
SP2024,SP2024-class 30,3,1905AHCHIA,,,7,8.6,8,Passed,
SP2024,SP2024-class 30,4,1905AGCEBG,,,8,9.4,8.8,Passed,
SP2024,SP2024-class 30,5,1905AGACBF,,,2,7.4,6.1,Passed,
SP2024,SP2024-class 30,6,1905AHDIJD,,,1,7.4,5.5,Passed,
SP2024,SP2024-class 30,7,1905AHDHII,,,9,9.4,9.2,Passed,
SP2024,SP2024-class 30,8,1905AHDICH,,,7,8,7.7,Passed,
SP2024,SP2024-class 30,9,1905AHJBGD,,,8,8.4,8.3,Passed,
SP2024,SP2024-class 30,10,1905AHJFHB,,,7,7.6,7.6,Passed,
SP2024,SP2024-class 30,11,1905AGJADJ,,,0,0,2.3,Not Passed,
SP2024,SP2024-class 30,12,1905AHAGDB,,,10,9.6,9.2,Passed,
SP2024,SP2024-class 30,13,1905AHDHDA,,,10,8.4,9,Passed,
SP2024,SP2024-class 30,14,1905AHDHGJ,,,9,9.4,8.7,Passed,
SP2024,SP2024-class 30,15,1905AHJDGH,,,9,7.8,8.5,Passed,
SP2024,SP2024-class 30,16,1905AHDHEC,,,2,6.4,5.3,Passed,
SP2024,SP2024-class 30,17,1905AHDHGA,,,9,9.4,9.1,Passed,
SP2024,SP2024-class 30,18,1905AGCAGD,,,6,7,7.1,Passed,
SP2024,SP2024-class 30,19,1905AHDICE,,,0,0,2.2,Not Passed,
SP2024,SP2024-class 30,20,1905AHJDGD,,,6,8.4,8.1,Passed,
SP2024,SP2024-class 30,21,1905AHJDFA,,,7,7.4,7.8,Passed,
SP2024,SP2024-class 30,22,1905AHJDHC,,,7,8,7.8,Passed,
SP2024,SP2024-class 30,23,1905ACJGGA,,,6,5.8,6.3,Passed,
SP2024,SP2024-class 30,24,1905AHBCII,,,5,6.4,6.8,Passed,
SP2024,SP2024-class 30,25,1905AHDIJB,,,3,7.6,6.5,Passed,
SP2024,SP2024-class 30,26,1905AHDIDA,,,8,7,8.3,Passed,
SP2024,SP2024-class 30,27,1905AHDHEG,,,2,5,5.3,Passed,
SP2024,SP2024-class 30,28,1905AGBGAE,,,4,6.4,6.6,Passed,
SP2024,SP2024-class 30,29,1905AEADJI,,,7,4.4,6.5,Passed,
SP2024,SP2024-class 30,30,1905AHJDHA,,,10,9.2,9.2,Passed,
SP2024,SP2024-class 30,31,1905AHBJBH,,,8,8.6,8.3,Passed,
SP2024,SP2024-class 30,32,1905AHDHCD,,,8,9,8.6,Passed,
SP2024,SP2024-class 30,33,1905AHJDHE,,,1,7.6,5.2,Passed,
SP2024,SP2024-class 30,34,1905AHCHIJ,,,0,0,0,Attendance Fail,
SP2024,SP2024-class 30,35,1905AGAEJD,,,1,5.2,5,Passed,
SP2025,SP2025-class 1,1,1905AHBFCC,,,10,7.6,8.9,Passed,
SP2025,SP2025-class 1,2,1905AICJGC,,,5,5.4,6.5,Passed,
SP2025,SP2025-class 1,3,1905AHCGIG,,,2.5,7.4,6.9,Passed,
SP2025,SP2025-class 1,4,1905AGBBHH,,,2.5,7.2,6.5,Passed,
SP2025,SP2025-class 1,5,1905AIFEJD,,,10,9,9.7,Passed,
SP2025,SP2025-class 1,6,1905AIDACB,,,2.5,7.6,6.7,Passed,
SP2025,SP2025-class 1,7,1905AIBBDH,,,2.5,8.8,7.3,Passed,
SP2025,SP2025-class 1,8,1905AHBFIH,,,2.5,8,6.6,Passed,
SP2025,SP2025-class 1,9,1905AHBHEA,,,2.5,7.8,6.8,Passed,
SP2025,SP2025-class 1,10,1905AICCAE,,,2.5,9,7.3,Passed,
SP2025,SP2025-class 1,11,1905AIBAID,,,2.5,8.6,7.1,Passed,
SP2025,SP2025-class 1,12,1905AIDADE,,,2.5,9,7.5,Passed,
SP2025,SP2025-class 1,13,1905AFAEAJ,,,10,8.4,8.7,Passed,
SP2025,SP2025-class 1,14,1905AIJBDG,,,5,8.2,7,Passed,
SP2025,SP2025-class 1,15,1905AHJBDJ,,,2.5,8,6.8,Passed,
SP2025,SP2025-class 1,16,1905AHCGHB,,,2.5,6.4,6.3,Passed,
SP2025,SP2025-class 1,17,1905AICIBE,,,2.5,8.4,6.5,Passed,
SP2025,SP2025-class 1,18,1905AIBHJD,,,10,7.6,9.3,Passed,
SP2025,SP2025-class 1,19,1905AICDHI,,,2.5,5.8,5.8,Passed,
SP2025,SP2025-class 1,20,1905AIDGEG,,,2.5,8.6,7.1,Passed,
SP2025,SP2025-class 1,21,1905AHCGIH,,,2.5,7.4,6.6,Passed,
SP2025,SP2025-class 1,22,1905AHEJDF,,,2.5,8.2,7.2,Passed,
SP2025,SP2025-class 1,23,1905AICBDG,,,2.5,7,6.8,Passed,
SP2025,SP2025-class 1,24,1905AHCFIJ,,,10,7.8,9,Passed,
SP2025,SP2025-class 1,25,1905AIDAJB,,,2.5,5,6.2,Passed,
SP2025,SP2025-class 1,26,1905AIBGEE,,,2.5,8,7.2,Passed,
SP2025,SP2025-class 1,27,1905AIBIIH,,,2.5,8.4,7.1,Passed,
SP2025,SP2025-class 1,28,1905AHJAIC,,,2.5,7.8,6.6,Passed,
SP2025,SP2025-class 1,29,1905AICHCD,,,5,8.2,7.9,Passed,
SP2025,SP2025-class 1,30,1905AIBBFD,,,2.5,6.6,6.3,Passed,
SP2025,SP2025-class 1,31,1905AHCJEH,,,2.5,6.4,6,Passed,
SP2025,SP2025-class 1,32,1905AIJCEC,,,7.5,9,8.5,Passed,
SP2025,SP2025-class 1,33,1905AICJEI,,,10,6.4,8.6,Passed,
SP2025,SP2025-class 1,34,1905AIJJHC,,,10,9,9.6,Passed,
SP2025,SP2025-class 1,35,1905AICDHG,,,2.5,7.4,6.8,Passed,
SP2025,SP2025-class 1,36,1905AFAGDD,,,10,4.8,7.3,Passed,
SP2025,SP2025-class 1,37,1905AICFJD,,,2.5,8.4,7.3,Passed,
SP2025,SP2025-class 2,1,1905AHDEHB,,,2.5,7,5.3,Passed,
SP2025,SP2025-class 2,2,1905AIDEDD,,,2.5,7.2,5.9,Passed,
SP2025,SP2025-class 2,3,1905AHDEHH,,,10,9.4,9.3,Passed,
SP2025,SP2025-class 2,4,1905AGBFFG,,,10,8,9,Passed,
SP2025,SP2025-class 2,5,1905AIJEHJ,,,2.5,8.6,6.6,Passed,
SP2025,SP2025-class 2,6,1905AIDFJE,,,10,9.4,9.1,Passed,
SP2025,SP2025-class 2,7,1905AHDIGJ,,,2.5,8.2,5.8,Passed,
SP2025,SP2025-class 2,8,1905AHCGJD,,,2.5,7.8,5.7,Passed,
SP2025,SP2025-class 2,9,1905AHAGHA,,,2.5,8.4,6.3,Passed,
SP2025,SP2025-class 2,10,1905AGJBAJ,,,0,0,0,Not Passed,
SP2025,SP2025-class 2,11,1905AHJCFC,,,0,7.8,4.3,Not Passed,
SP2025,SP2025-class 2,12,1905AHDDJI,,,7.5,7.6,7,Passed,
SP2025,SP2025-class 2,13,1905AFJHHD,,,10,7.8,7.4,Passed,
SP2025,SP2025-class 2,14,1905AFBJIA,,,2.5,7.8,5.1,Passed,
SP2025,SP2025-class 2,15,1905AICDFJ,,,2.5,9,7.5,Passed,
SP2025,SP2025-class 2,16,1905AFJHIG,,,0,5.8,4.4,Not Passed,
SP2025,SP2025-class 2,17,1905AGJADB,,,0,0,0,Not Passed,
SP2025,SP2025-class 2,18,1905AHEJGJ,,,2.5,9.6,6.8,Passed,
SP2025,SP2025-class 2,19,1905AHCCHG,,,2.5,9,6.3,Passed,
SP2025,SP2025-class 2,20,1905AHDCHH,,,10,8.6,8.5,Passed,
SP2025,SP2025-class 2,21,1905AIBBIB,,,2.5,6.4,5,Passed,
SP2025,SP2025-class 2,22,1905AHBIFH,,,2.5,6.8,6.3,Passed,
SP2025,SP2025-class 2,23,1905AHJDIE,,,2.5,8.4,6.1,Passed,
SP2025,SP2025-class 2,24,1905AHEJBC,,,2.5,4.6,5.2,Passed,
SP2025,SP2025-class 2,25,1905AHAEDH,,,10,9,9,Passed,
SP2025,SP2025-class 2,26,1905AHAFIC,,,2.5,8.2,6,Passed,
SP2025,SP2025-class 2,27,1905AGAGGA,,,10,8.4,8.9,Passed,
SP2025,SP2025-class 2,28,1905AHAGCH,,,2.5,8.2,5.7,Passed,
SP2025,SP2025-class 2,29,1905AIJECC,,,10,8.6,9.6,Passed,
SP2025,SP2025-class 2,30,1905AHDEBG,,,10,8.4,7.8,Passed,
SP2025,SP2025-class 2,31,1905AHAGCF,,,2.5,7,6.8,Passed,
SP2025,SP2025-class 2,32,1905AHEJBB,,,2.5,8.8,5.4,Passed,
SP2025,SP2025-class 2,33,1905AHBJCD,,,2.5,7.2,5.6,Passed,
SP2025,SP2025-class 2,34,1905AHAGFJ,,,5,8.6,8,Passed,
SP2025,SP2025-class 2,35,1905AHDBDI,,,10,7.4,7,Passed,
SP2025,SP2025-class 2,36,1905AHCGJG,,,7.5,8,6.9,Passed,
SP2025,SP2025-class 3,1,1905AIJCDE,,,7.5,6.8,8,Passed,
SP2025,SP2025-class 3,2,1905AHJFGJ,,,10,9.4,8.9,Passed,
SP2025,SP2025-class 3,3,1905AIBDBE,,,2.5,8,6.5,Passed,
SP2025,SP2025-class 3,4,1905AICGDB,,,5,7,6.9,Passed,
SP2025,SP2025-class 3,5,1905AFJFBJ,,,0,0,0.1,Not Passed,
SP2025,SP2025-class 3,6,1905AIDAJC,,,10,8.8,8.9,Passed,
SP2025,SP2025-class 3,7,1905AIBEBG,,,10,8,8.7,Passed,
SP2025,SP2025-class 3,8,1905AIFDCH,,,2.5,6.8,5.8,Passed,
SP2025,SP2025-class 3,9,1905AHJGGE,,,0,0,0.4,Not Passed,
SP2025,SP2025-class 3,10,1905AGAIEH,,,2.5,6.6,4.9,Not Passed,
SP2025,SP2025-class 3,11,1905AHCEFG,,,2.5,8.2,5.7,Passed,
SP2025,SP2025-class 3,12,1905AGJEFI,,,0,5.6,4.8,Not Passed,
SP2025,SP2025-class 3,13,1905AGCAAC,,,2.5,8.8,5.5,Passed,
SP2025,SP2025-class 3,14,1905AICDFD,,,10,5.8,8.1,Passed,
SP2025,SP2025-class 3,15,1905AGBJEB,,,2.5,6.8,5.4,Passed,
SP2025,SP2025-class 3,16,1905AIJCEJ,,,0,5.4,4.9,Not Passed,
SP2025,SP2025-class 3,17,1905AGJBDD,,,0,0,0,Not Passed,
SP2025,SP2025-class 3,18,1905AHBFGG,,,2.5,7.2,6.2,Passed,
SP2025,SP2025-class 3,19,1905AIBGFI,,,10,7.6,8.6,Passed,
SP2025,SP2025-class 3,20,1905AHBGGE,,,0,3.8,4,Not Passed,
SP2025,SP2025-class 3,21,1905AHCHEI,,,10,6.2,6.3,Passed,
SP2025,SP2025-class 3,22,1905AHJGJF,,,2.5,8,5.5,Passed,
SP2025,SP2025-class 3,23,1905AIJHBJ,,,10,9,9.4,Passed,
SP2025,SP2025-class 3,24,1905AHJDAJ,,,2.5,9.4,6.7,Passed,
SP2025,SP2025-class 3,25,1905AGAAIA,,,10,9.4,7.9,Passed,
SP2025,SP2025-class 3,26,1905AHDAII,,,2.5,7,5.7,Passed,
SP2025,SP2025-class 3,27,1905AIJFDF,,,10,8.6,9.1,Passed,
SP2025,SP2025-class 3,28,1905AHAEII,,,10,7.2,7.8,Passed,
SP2025,SP2025-class 3,29,1905AIBCAF,,,5,8,7.2,Passed,
SP2025,SP2025-class 3,30,0405AHJEEC,,,10,9.4,9.6,Passed,
SP2025,SP2025-class 3,31,1905AHBAFI,,,2.5,8,6,Passed,
SP2025,SP2025-class 3,32,1905AHDIHB,,,2.5,7.6,6,Passed,
SP2025,SP2025-class 3,33,1905AHCHIJ,,,0,0,0,Not Passed,
SP2025,SP2025-class 3,34,1905AHDJBE,,,2.5,6.2,6,Passed,
SP2025,SP2025-class 3,35,1905AHAIED,,,0,8.2,5.5,Not Passed,
SP2025,SP2025-class 4,1,1905AHDJHC,,,0,0,0,Attendance Fail,
SP2025,SP2025-class 4,2,1905AHAEIE,,,2.5,8.6,6.6,Passed,
SP2025,SP2025-class 4,3,1905AGBEFG,,,10,7.8,8.7,Passed,
SP2025,SP2025-class 4,4,1905AICAHE,,,2.5,6,5.9,Passed,
SP2025,SP2025-class 4,5,1905AGBBAE,,,2.5,6.8,6.3,Passed,
SP2025,SP2025-class 4,6,1905AHCBEH,,,2.5,6.6,6.1,Passed,
SP2025,SP2025-class 4,7,1905AGJDJE,,,7.5,4.2,6.7,Passed,
SP2025,SP2025-class 4,8,1905AHCIJJ,,,10,8,8.5,Passed,
SP2025,SP2025-class 4,9,1705AGJAGI,,,2.5,7.4,5.3,Passed,
SP2025,SP2025-class 4,10,1905AHJFHH,,,2.5,7.6,6.5,Passed,
SP2025,SP2025-class 4,11,1905AIBHJB,,,2.5,6.2,6,Passed,
SP2025,SP2025-class 4,12,1905AHJCGD,,,10,5.2,8.1,Passed,
SP2025,SP2025-class 4,13,1905AHDBEB,,,10,5.2,8.1,Passed,
SP2025,SP2025-class 4,14,1905AHCGIB,,,0,6.2,5.1,Not Passed,
SP2025,SP2025-class 4,15,1905AFJCGC,,,10,7.2,8.6,Passed,
SP2025,SP2025-class 4,16,1905AHCGJJ,,,0,6,5,Not Passed,
SP2025,SP2025-class 4,17,1905AHCFEC,,,0,6,4.9,Not Passed,
SP2025,SP2025-class 4,18,1905AICFAE,,,2.5,7.8,6.2,Passed,
SP2025,SP2025-class 4,19,1905AHBDGC,,,2.5,8.2,6.4,Passed,
SP2025,SP2025-class 4,20,1905AHAFFB,,,2.5,5,5.7,Passed,
SP2025,SP2025-class 4,21,1905AGBCAF,,,2.5,7.2,6.3,Passed,
SP2025,SP2025-class 4,22,1905AHJECD,,,2.5,5.6,6,Passed,
SP2025,SP2025-class 4,23,1905AIDBDI,,,2.5,7.4,6.5,Passed,
SP2025,SP2025-class 4,24,0405AHJAIF,,,10,9,9.3,Passed,
SP2025,SP2025-class 4,25,1905AICAIJ,,,7.5,4.4,6.9,Passed,
SP2025,SP2025-class 4,26,1905AGBACC,,,2.5,8.8,7,Passed,
SP2025,SP2025-class 4,27,1905AIFBEC,,,10,9.8,9.9,Passed,
SP2025,SP2025-class 4,28,1905AFBJBC,,,5,6.8,7.2,Passed,
SP2025,SP2025-class 4,29,1905AIBBEH,,,2.5,8.8,6.9,Passed,
SP2025,SP2025-class 4,30,1905AFBJFE,,,0,7.2,5.4,Not Passed,
SP2025,SP2025-class 4,31,1905AHCFGB,,,2.5,6.6,5.8,Passed,
SP2025,SP2025-class 4,32,1905AHJFGG,,,2.5,7.6,6.4,Passed,
SP2025,SP2025-class 4,33,1905AHDJHG,,,0,0,0,Attendance Fail,
SP2025,SP2025-class 4,34,1905AEABEC,,,2.5,6.4,5.5,Passed,
SP2025,SP2025-class 4,35,1905AIFFJD,,,2.5,7.6,6.7,Passed,
SP2025,SP2025-class 5,1,1905AIDIJI,,,2.5,6.8,6,Passed,
SP2025,SP2025-class 5,2,1905AIDGAD,,,10,9,9.3,Passed,
SP2025,SP2025-class 5,3,1905AHBABE,,,10,9.4,9.1,Passed,
SP2025,SP2025-class 5,4,1905AIFDIH,,,2.5,6,5.6,Passed,
SP2025,SP2025-class 5,5,1905AHBJBD,,,2.5,9.2,6.9,Passed,
SP2025,SP2025-class 5,6,1905AIJBEH,,,10,9.8,9.4,Passed,
SP2025,SP2025-class 5,7,1905AGBDGE,,,10,7.6,8.6,Passed,
SP2025,SP2025-class 5,8,1905AIFBDJ,,,10,8.4,8.9,Passed,
SP2025,SP2025-class 5,9,1905AIBABA,,,2.5,5.6,5.7,Passed,
SP2025,SP2025-class 5,10,1905AHCAHF,,,5,9.2,7.3,Passed,
SP2025,SP2025-class 5,11,1905AHDDAI,,,10,6.8,7.9,Passed,
SP2025,SP2025-class 5,12,1905AHCEIB,,,0,5.8,4.6,Not Passed,
SP2025,SP2025-class 5,13,1905AIFBEJ,,,2.5,8.4,6.4,Passed,
SP2025,SP2025-class 5,14,1905AIDBBC,,,2.5,7.8,6.3,Passed,
SP2025,SP2025-class 5,15,1905AIDFBD,,,10,9.2,9.4,Passed,
SP2025,SP2025-class 5,16,1905AHJJCG,,,10,5.8,7.7,Passed,
SP2025,SP2025-class 5,17,1905AIBBAG,,,2.5,7.4,5.8,Passed,
SP2025,SP2025-class 5,18,1905AHBBJH,,,2.5,4.4,5.6,Passed,
SP2025,SP2025-class 5,19,1905AHAIEG,,,2.5,7.4,6.4,Passed,
SP2025,SP2025-class 5,20,1905AIJEGD,,,2.5,7.8,6.3,Passed,
SP2025,SP2025-class 5,21,1905AIDAHD,,,2.5,6.2,5.4,Passed,
SP2025,SP2025-class 5,22,1905AIBCJJ,,,2.5,7.6,5.8,Passed,
SP2025,SP2025-class 5,23,1905AHJJHB,,,2.5,8,6.5,Passed,
SP2025,SP2025-class 5,24,1905AHJJBI,,,2.5,6,5.5,Passed,
SP2025,SP2025-class 5,25,1905AHDBCF,,,10,7.2,8.7,Passed,
SP2025,SP2025-class 5,26,1905AHBACE,,,0,7.2,5.7,Not Passed,
SP2025,SP2025-class 5,27,1905AIBAAA,,,2.5,8.2,6.5,Passed,
SP2025,SP2025-class 5,28,1905AGJBCE,,,0,5.8,4.7,Not Passed,
SP2025,SP2025-class 5,29,1905AHJDJE,,,10,6.6,8.1,Passed,
SP2025,SP2025-class 5,30,1905AIFEJB,,,2.5,5.4,5.5,Passed,
SP2025,SP2025-class 5,31,1905AIDJJG,,,10,6,8,Passed,
SP2025,SP2025-class 5,32,1905AIDGAC,,,10,5,8.1,Passed,
SP2025,SP2025-class 5,33,1905AHBEDD,,,2.5,8.4,6.4,Passed,
SP2025,SP2025-class 5,34,1905AIDIAH,,,2.5,6.8,5.9,Passed,
SP2025,SP2025-class 5,35,1905AIFDJA,,,10,7.8,8.6,Passed,
SP2025,SP2025-class 6,1,1905AICIJE,,,2.5,9.6,7.5,Passed,
SP2025,SP2025-class 6,2,1905AHJGCI,,,0,0,3.1,Not Passed,
SP2025,SP2025-class 6,3,1905AICGAA,,,0,0,1.6,Not Passed,
SP2025,SP2025-class 6,4,1905AIDHBI,,,2.5,6.8,5.3,Passed,
SP2025,SP2025-class 6,5,1905AHBEJH,,,0,0,2.9,Not Passed,
SP2025,SP2025-class 6,6,1905AHEJID,,,2.5,6,4.4,Not Passed,
SP2025,SP2025-class 6,7,1905AGBDGF,,,0,0,1.4,Not Passed,
SP2025,SP2025-class 6,8,1905AIFEGE,,,10,9.2,9.1,Passed,
SP2025,SP2025-class 6,9,1905AHJJFF,,,2.5,8.4,6.4,Passed,
SP2025,SP2025-class 6,10,1905AIJFGG,,,2.5,8,5.5,Passed,
SP2025,SP2025-class 6,11,1905AIBHJB,,,0,5.4,4.1,Not Passed,
SP2025,SP2025-class 6,12,1905AICEDA,,,0,0,3.1,Not Passed,
SP2025,SP2025-class 6,13,1905AICIJI,,,0,0,2.9,Not Passed,
SP2025,SP2025-class 6,14,1905AHJJAG,,,0,0,2.3,Not Passed,
SP2025,SP2025-class 6,15,1905AIJAEC,,,5,6.4,5.2,Passed,
SP2025,SP2025-class 6,16,1905AIDFAF,,,0,0,1.5,Attendance Fail,
SP2025,SP2025-class 6,17,1905AIBCEG,,,0,6.4,5.3,Not Passed,
SP2025,SP2025-class 6,18,0405AHAJJA,,,0,0,1.5,Not Passed,
SP2025,SP2025-class 6,19,1905AICIFJ,,,2.5,7.6,5.5,Passed,
SP2025,SP2025-class 6,20,1905AHBHAF,,,10,4.4,6.7,Passed,
SP2025,SP2025-class 6,21,1901AGJJHJ,,,0,4,3.4,Not Passed,
SP2025,SP2025-class 6,22,1905AICJHH,,,2.5,9.2,6.4,Passed,
SP2025,SP2025-class 6,23,1905AHBACB,,,2.5,6.4,5.6,Passed,
SP2025,SP2025-class 6,24,1905AHDDFG,,,5,8.4,6.1,Passed,
SP2025,SP2025-class 6,25,1905AHDIHC,,,0,0,1.6,Not Passed,
SP2025,SP2025-class 6,26,1905AICBFI,,,0,0,1.2,Not Passed,
SP2025,SP2025-class 6,27,1905AHAHDE,,,5,8.2,7,Passed,
SP2025,SP2025-class 6,28,1905AHEJBH,,,0,0,2.6,Not Passed,
SP2025,SP2025-class 6,29,1905AHCFCD,,,0,0,2.5,Not Passed,
SP2025,SP2025-class 6,30,1905AHBBAC,,,0,0,2.1,Not Passed,
SP2025,SP2025-class 6,31,1905AHBHEC,,,5,8.4,6.7,Passed,
SP2025,SP2025-class 6,32,1905AHJJGG,,,2.5,7.2,5.4,Passed,
SP2025,SP2025-class 6,33,1905AIJFHA,,,2.5,7,5.1,Passed,
SP2025,SP2025-class 6,34,1905AHBGCI,,,0,0,2.9,Not Passed,
SP2025,SP2025-class 6,35,1905AHDHJH,,,5,7.8,6.3,Passed,
SP2025,SP2025-class 7,1,1905AIJCDE,,,0,0,3.3,Not Passed,
SP2025,SP2025-class 7,2,1905AIJDJB,,,7.5,9.2,7.6,Passed,
SP2025,SP2025-class 7,3,1905AIJBFH,,,5,6.6,6,Passed,
SP2025,SP2025-class 7,4,1905AICGDD,,,5,5,5.3,Passed,
SP2025,SP2025-class 7,5,1905AIJIAI,,,0,0,2,Attendance Fail,
SP2025,SP2025-class 7,6,1905AIAJJH,,,0,0,1,Attendance Fail,
SP2025,SP2025-class 7,7,1905AIDJBC,,,0,0,0,Attendance Fail,
SP2025,SP2025-class 7,8,1905AICFFE,,,2.5,7.6,6.5,Passed,
SP2025,SP2025-class 7,9,1905AIBGJI,,,0,0,2.8,Not Passed,
SP2025,SP2025-class 7,10,1905AIJHBI,,,2.5,4.4,3.5,Not Passed,
SP2025,SP2025-class 7,11,1905AGAGEH,,,0,0,1.3,Attendance Fail,
SP2025,SP2025-class 7,12,1905AEJGIB,,,0,0,2.4,Not Passed,
SP2025,SP2025-class 7,13,1905AIJFCF,,,10,8,8.6,Passed,
SP2025,SP2025-class 7,14,1905AIJFEE,,,2.5,0,3.3,Not Passed,
SP2025,SP2025-class 7,15,1905AIBBAF,,,2.5,8.8,5.6,Passed,
SP2025,SP2025-class 7,16,1905AIBJHD,,,0,6.6,5,Not Passed,
SP2025,SP2025-class 7,17,1905AIJCEJ,,,0,0,2.9,Not Passed,
SP2025,SP2025-class 7,18,1905AIJGCI,,,10,9.6,9.4,Passed,
SP2025,SP2025-class 7,19,1905AIBBIC,,,2.5,5.2,5.7,Passed,
SP2025,SP2025-class 7,20,1905AIAAAG,,,0,0,2.1,Attendance Fail,
SP2025,SP2025-class 7,21,1905AGCDFJ,,,0,0,1.1,Attendance Fail,
SP2025,SP2025-class 7,22,1905AICBCG,,,2.5,7,5.2,Passed,
SP2025,SP2025-class 7,23,1905AIJBID,,,7.5,6.6,6.5,Passed,
SP2025,SP2025-class 7,24,1905AIBDGB,,,5,9.6,7.3,Passed,
SP2025,SP2025-class 7,25,1905AIJCFA,,,2.5,7.8,6.1,Passed,
SP2025,SP2025-class 7,26,1905AHCCGI,,,0,0,0,Attendance Fail,
SP2025,SP2025-class 7,27,1905AIBGIF,,,0,0,3.2,Not Passed,
SP2025,SP2025-class 7,28,1905AICCFD,,,5,7.8,6.9,Passed,
SP2025,SP2025-class 7,29,1905AICHCD,,,0,0,3.1,Not Passed,
SP2025,SP2025-class 7,30,1905AIBAFI,,,2.5,7.4,6.3,Passed,
SP2025,SP2025-class 7,31,1905AIBBJG,,,10,6.8,6.9,Passed,
SP2025,SP2025-class 7,32,1905AIBJEH,,,0,0,3.1,Not Passed,
SP2025,SP2025-class 7,33,1905AICHEA,,,0,7,5.2,Not Passed,
SP2025,SP2025-class 7,34,1905AICAEH,,,0,0,3.1,Not Passed,
SP2025,SP2025-class 8,1,1905AIFBAJ,,,2.5,8.8,7.3,Passed,
SP2025,SP2025-class 8,2,1905AIFFED,,,2.5,7.6,6.2,Passed,
SP2025,SP2025-class 8,3,1905AHCFDH,,,0,0,3.1,Not Passed,
SP2025,SP2025-class 8,4,1905AIFDIE,,,10,9.8,9,Passed,
SP2025,SP2025-class 8,5,1905AICBFD,,,2.5,8.2,6.7,Passed,
SP2025,SP2025-class 8,6,1905AICHBG,,,0,0,3.6,Not Passed,
SP2025,SP2025-class 8,7,1905AIDDID,,,2.5,9,7.3,Passed,
SP2025,SP2025-class 8,8,1905AGAACB,,,0,0,0,Attendance Fail,
SP2025,SP2025-class 8,9,1905AGAIAC,,,0,6.4,4.3,Not Passed,
SP2025,SP2025-class 8,10,1905AHJEBB,,,0,0,3.2,Not Passed,
SP2025,SP2025-class 8,11,1905AIDHIG,,,2.5,7.8,6.4,Passed,
SP2025,SP2025-class 8,12,1905AIJAHB,,,5,8,7.7,Passed,
SP2025,SP2025-class 8,13,1905AHJDGJ,,,5,4.4,6.7,Passed,
SP2025,SP2025-class 8,14,1905AIFDIB,,,5,9,7.8,Passed,
SP2025,SP2025-class 8,15,1905AIDDFF,,,2.5,6.6,6.4,Passed,
SP2025,SP2025-class 8,16,1905AHJBIF,,,5,6.2,6,Passed,
SP2025,SP2025-class 8,17,1905AGCFDH,,,0,0,3,Not Passed,
SP2025,SP2025-class 8,18,1905AICHFE,,,2.5,7.4,6.7,Passed,
SP2025,SP2025-class 8,19,1905AHCHGC,,,0,0,2.3,Not Passed,
SP2025,SP2025-class 8,20,1905AFJIHE,,,0,0,3.5,Not Passed,
SP2025,SP2025-class 8,21,1905AHBDFB,,,0,0,0,Attendance Fail,
SP2025,SP2025-class 8,22,1905AHDIAE,,,0,6.6,5.9,Not Passed,
SP2025,SP2025-class 8,23,1905AHEJIF,,,0,0,2.3,Not Passed,
SP2025,SP2025-class 8,24,1919AIFFEH,,,10,9.4,9.6,Passed,
SP2025,SP2025-class 8,25,1905AIDDIA,,,2.5,6.8,6.4,Passed,
SP2025,SP2025-class 8,26,1905AHJEJF,,,2.5,4.8,6,Passed,
SP2025,SP2025-class 8,27,1905AIBCHH,,,10,8.2,9,Passed,
SP2025,SP2025-class 8,28,1905AFAICA,,,0,0,0,Attendance Fail,
SP2025,SP2025-class 8,29,1905AIFEJA,,,2.5,9,7.1,Passed,
SP2025,SP2025-class 8,30,1905AIBFDJ,,,5,8.2,8,Passed,
SP2025,SP2025-class 8,31,1905AIDJIA,,,2.5,7,6.5,Passed,
SP2025,SP2025-class 8,32,1905AIFBIH,,,2.5,5.8,5.6,Passed,
SP2025,SP2025-class 8,33,1905AIFEGB,,,5,9.4,7.5,Passed,
SP2025,SP2025-class 8,34,1905AICIBG,,,2.5,6.8,6.7,Passed,
SP2025,SP2025-class 8,35,1905AIFFJD,,,0,0,3.8,Not Passed,
SP2025,SP2025-class 9,1,1905AIJFBG,,,2.5,7.6,6.7,Passed,
SP2025,SP2025-class 9,2,1905AICGFG,,,2.5,7.8,6.5,Passed,
SP2025,SP2025-class 9,3,1905AIBAII,,,2.5,6.6,6.2,Passed,
SP2025,SP2025-class 9,4,1905AICFAB,,,2.5,7,6.3,Passed,
SP2025,SP2025-class 9,5,1905AHDAAH,,,5,8.4,7.6,Passed,
SP2025,SP2025-class 9,6,1905AICFBE,,,5,9.4,8.1,Passed,
SP2025,SP2025-class 9,7,1905AGBBGE,,,0,0,3.6,Not Passed,
SP2025,SP2025-class 9,8,1905AIJABG,,,2.5,7.2,6.4,Passed,
SP2025,SP2025-class 9,9,1905AIBGAI,,,10,8.8,9.1,Passed,
SP2025,SP2025-class 9,10,1905AIBCGA,,,10,8.4,9.2,Passed,
SP2025,SP2025-class 9,11,1905AIAJIJ,,,10,9.4,9.5,Passed,
SP2025,SP2025-class 9,12,1919AGJADJ,,,0,0,0,Attendance Fail,
SP2025,SP2025-class 9,13,1905AIJCAG,,,2.5,7.8,6.6,Passed,
SP2025,SP2025-class 9,14,1905AICCBJ,,,2.5,6.2,5.5,Passed,
SP2025,SP2025-class 9,15,1905AHBFJJ,,,0,0,3.2,Not Passed,
SP2025,SP2025-class 9,16,1905AGCDAE,,,2.5,3.6,4.8,Not Passed,
SP2025,SP2025-class 9,17,1905AHEJJC,,,5,9,7.7,Passed,
SP2025,SP2025-class 9,18,1905AIBECF,,,5,8.2,7.5,Passed,
SP2025,SP2025-class 9,19,1905AIBAHJ,,,2.5,6.8,6,Passed,
SP2025,SP2025-class 9,20,1905AIDAHI,,,2.5,8.2,6.5,Passed,
SP2025,SP2025-class 9,21,1905AIDHAG,,,2.5,7.6,6.5,Passed,
SP2025,SP2025-class 9,22,1905AICGJB,,,5,8.2,7.6,Passed,
SP2025,SP2025-class 9,23,1905AIDACA,,,2.5,4.8,5.4,Passed,
SP2025,SP2025-class 9,24,1905AIDHGC,,,2.5,7.8,6.5,Passed,
SP2025,SP2025-class 9,25,1905AIDFCC,,,2.5,5.4,5.7,Passed,
SP2025,SP2025-class 9,26,1905AICGBA,,,0,0,3.5,Not Passed,
SP2025,SP2025-class 9,27,1905AIBCEI,,,2.5,8.2,7,Passed,
SP2025,SP2025-class 9,28,1905AIBAJA,,,10,9.4,9,Passed,
SP2025,SP2025-class 9,29,1905AIBFCA,,,2.5,6,6.1,Passed,
SP2025,SP2025-class 9,30,1905AHCGHI,,,2.5,7.8,6.7,Passed,
SP2025,SP2025-class 9,31,0305AIAFHF,,,10,8.8,9.3,Passed,
SP2025,SP2025-class 9,32,1905AICHAF,,,10,9.6,9,Passed,
SP2025,SP2025-class 9,33,1905AIBEJB,,,2.5,8.4,6.8,Passed,
SP2025,SP2025-class 9,34,1905AHJCIJ,,,2.5,7.2,6.7,Passed,
SP2025,SP2025-class 9,35,1905AIJEAD,,,2.5,7.8,6.6,Passed,
SP2025,SP2025-class 10,1,1905AIDACE,,,0,0,1.6,Attendance Fail,
SP2025,SP2025-class 10,2,1905AHAHFJ,,,5,9.6,8.1,Passed,
SP2025,SP2025-class 10,3,1905AICHDC,,,0,0,2.7,Attendance Fail,
SP2025,SP2025-class 10,4,1905AHCIJD,,,2.5,8.6,7,Passed,
SP2025,SP2025-class 10,5,1905AIBBEA,,,2.5,8.6,7.2,Passed,
SP2025,SP2025-class 10,6,1905AIBBDH,,,0,0,3.8,Not Passed,
SP2025,SP2025-class 10,7,1905AIBJGH,,,5,6.6,6.7,Passed,
SP2025,SP2025-class 10,8,1905AIBBIJ,,,2.5,8,6.3,Passed,
SP2025,SP2025-class 10,9,1905AIBBEJ,,,10,8.6,9.2,Passed,
SP2025,SP2025-class 10,10,1905AHDIJC,,,2.5,8.2,6.3,Passed,
SP2025,SP2025-class 10,11,1905AHAIEI,,,0,0,3.5,Not Passed,
SP2025,SP2025-class 10,12,1905AIBJIH,,,2.5,7.4,6.2,Passed,
SP2025,SP2025-class 10,13,1905AICJDJ,,,2.5,9.2,6.9,Passed,
SP2025,SP2025-class 10,14,1905AHBJDF,,,2.5,6.8,6.4,Passed,
SP2025,SP2025-class 10,15,1905AHJDCA,,,0,0,0.5,Attendance Fail,
SP2025,SP2025-class 10,16,1905AICJAC,,,2.5,6.8,6,Passed,
SP2025,SP2025-class 10,17,1905AGJDEB,,,0,0,1.4,Attendance Fail,
SP2025,SP2025-class 10,18,1905AHJBGJ,,,0,0,3,Not Passed,
SP2025,SP2025-class 10,19,1905AHJDJH,,,2.5,5.2,5.4,Passed,
SP2025,SP2025-class 10,20,1905AHCACC,,,0,0,3.4,Not Passed,
SP2025,SP2025-class 10,21,1905AIBBGA,,,0,6.8,5.7,Not Passed,
SP2025,SP2025-class 10,22,1905AHDIAF,,,5,8.4,7.3,Passed,
SP2025,SP2025-class 10,23,1905AHDEEE,,,10,6,8.3,Passed,
SP2025,SP2025-class 10,24,1905AIDJIC,,,10,9,9.2,Passed,
SP2025,SP2025-class 10,25,1905AHJBCA,,,0,0,2.4,Not Passed,
SP2025,SP2025-class 10,26,1905AHAGBG,,,2.5,7.2,6.2,Passed,
SP2025,SP2025-class 10,27,1905AICJBE,,,2.5,8.8,6.7,Passed,
SP2025,SP2025-class 10,28,1905AICABI,,,5,9.4,7.8,Passed,
SP2025,SP2025-class 10,29,1905AIBBFD,,,0,0,3.4,Not Passed,
SP2025,SP2025-class 10,30,1905AGCADC,,,0,0,2.5,Not Passed,
SP2025,SP2025-class 10,31,1905AHAHDH,,,0,0,2.9,Not Passed,
SP2025,SP2025-class 10,32,1905AIFDGD,,,5,8.6,7.7,Passed,
SP2025,SP2025-class 10,33,1905AHEJDE,,,10,7,8.3,Passed,
SP2025,SP2025-class 10,34,1905AICJEI,,,0,0,3,Not Passed,
SP2025,SP2025-class 10,35,1905AIBBDG,,,0,0,2.8,Not Passed,
SP2025,SP2025-class 11,1,1905AIDGGG,,,2.5,8.4,6.7,Passed,
SP2025,SP2025-class 11,2,1905AHJAGC,,,5,8.4,7.4,Passed,
SP2025,SP2025-class 11,3,1905AIDJHJ,,,2.5,7.6,6.4,Passed,
SP2025,SP2025-class 11,4,1905AHAEJG,,,5,8.6,7.8,Passed,
SP2025,SP2025-class 11,5,1905AIBBFG,,,2.5,6,6,Passed,
SP2025,SP2025-class 11,6,1905AHJEIB,,,2.5,7.2,6.8,Passed,
SP2025,SP2025-class 11,7,1905AHJJFE,,,0,0,3.3,Not Passed,
SP2025,SP2025-class 11,8,1905AHJFJB,,,5,8.4,7.9,Passed,
SP2025,SP2025-class 11,9,1905AFAADG,,,0,0,3.3,Not Passed,
SP2025,SP2025-class 11,10,1905AICCJH,,,2.5,8.2,6.5,Passed,
SP2025,SP2025-class 11,11,1919AHJJFI,,,10,6.6,8.9,Passed,
SP2025,SP2025-class 11,12,1905AHAGHE,,,0,0,3.4,Not Passed,
SP2025,SP2025-class 11,13,1905AHJDAD,,,2.5,8.6,6.7,Passed,
SP2025,SP2025-class 11,14,1905AFJCGC,,,0,0,2,Not Passed,
SP2025,SP2025-class 11,15,1905AIBJBJ,,,2.5,4.8,5.4,Passed,
SP2025,SP2025-class 11,16,1905AHJEHD,,,10,7,8,Passed,
SP2025,SP2025-class 11,17,1905AHJBHE,,,0,0,0,Attendance Fail,
SP2025,SP2025-class 11,18,1905AIBJCE,,,2.5,5,5.5,Passed,
SP2025,SP2025-class 11,19,1905AICIGH,,,2.5,7.2,6.4,Passed,
SP2025,SP2025-class 11,20,1905AHJGEB,,,10,5.2,7.7,Passed,
SP2025,SP2025-class 11,21,1905AIDGFH,,,2.5,8.8,6.9,Passed,
SP2025,SP2025-class 11,22,1905AHEJDI,,,2.5,4.6,5,Passed,
SP2025,SP2025-class 11,23,1905ADJFJE,,,0,0,0,Attendance Fail,
SP2025,SP2025-class 11,24,1905AIBJBD,,,10,7.2,8.8,Passed,
SP2025,SP2025-class 11,25,1905AIFDBJ,,,2.5,6.2,5.9,Passed,
SP2025,SP2025-class 11,26,1905AIBJCA,,,2.5,8.8,6.8,Passed,
SP2025,SP2025-class 11,27,1905AIBJJE,,,0,0,0,Attendance Fail,
SP2025,SP2025-class 11,28,1905AHJBHI,,,0,0,3.3,Not Passed,
SP2025,SP2025-class 11,29,1905AHJECI,,,0,0,2.9,Not Passed,
SP2025,SP2025-class 11,30,1905AHBHHF,,,0,0,0,Attendance Fail,
SP2025,SP2025-class 11,31,1905AGBDJG,,,5,5.8,5.6,Passed,
SP2025,SP2025-class 11,32,1905AHJBGC,,,2.5,7.8,6.3,Passed,
SP2025,SP2025-class 11,33,1905AHCFGI,,,2.5,7.2,6.4,Passed,
SP2025,SP2025-class 11,34,1905AHJDFB,,,5,7.6,6.6,Passed,
SP2025,SP2025-class 11,35,1905AHDAJD,,,2.5,6,6.4,Passed,
SP2025,SP2025-class 11,36,1901AGJAEI,,,5,8.8,7.3,Passed,
SP2025,SP2025-class 12,1,1905AHBGIA,,,0,0,3.9,Not Passed,
SP2025,SP2025-class 12,2,1905AHBDDF,,,10,9.4,9.8,Passed,
SP2025,SP2025-class 12,3,1905AIFCBG,,,10,7.4,9,Passed,
SP2025,SP2025-class 12,4,1905AICJGC,,,0,0,3.9,Not Passed,
SP2025,SP2025-class 12,5,1905AHJAHG,,,5,5.6,5.3,Passed,
SP2025,SP2025-class 12,6,1905AHBCDF,,,2.5,7.4,6.3,Passed,
SP2025,SP2025-class 12,7,1905AHCGCI,,,2.5,6.8,6.7,Passed,
SP2025,SP2025-class 12,8,1905AHCIHD,,,0,0,1.6,Not Passed,
SP2025,SP2025-class 12,9,1905AIBAFJ,,,10,9.6,9.9,Passed,
SP2025,SP2025-class 12,10,1905AHBJFI,,,2.5,9.2,7.4,Passed,
SP2025,SP2025-class 12,11,1905AIBDBG,,,10,9.2,9.8,Passed,
SP2025,SP2025-class 12,12,1905AICJHE,,,5,6.2,6.3,Passed,
SP2025,SP2025-class 12,13,1905AIFDCG,,,10,8.4,9.5,Passed,
SP2025,SP2025-class 12,14,1905AHCBGD,,,10,7,9,Passed,
SP2025,SP2025-class 12,15,1905AIDAGG,,,2.5,8.6,7,Passed,
SP2025,SP2025-class 12,16,1905AHBDAH,,,0,0,2.9,Not Passed,
SP2025,SP2025-class 12,17,1905AHBCBJ,,,0,0,2.5,Not Passed,
SP2025,SP2025-class 12,18,1905AIBBDJ,,,2.5,7.4,6.9,Passed,
SP2025,SP2025-class 12,19,1905AHBJHI,,,10,7.2,7.5,Passed,
SP2025,SP2025-class 12,20,1905AIBEAD,,,2.5,8,6,Passed,
SP2025,SP2025-class 12,21,1905AICIEB,,,5,9.6,8.3,Passed,
SP2025,SP2025-class 12,22,1905AICJII,,,0,0,2.7,Not Passed,
SP2025,SP2025-class 12,23,1905AICBAE,,,0,0,2.7,Not Passed,
SP2025,SP2025-class 12,24,1905AHEJBC,,,0,0,2.1,Not Passed,
SP2025,SP2025-class 12,25,1905AIFBIF,,,2.5,5,5.8,Passed,
SP2025,SP2025-class 12,26,1905AIBEAE,,,2.5,9.4,6.6,Passed,
SP2025,SP2025-class 12,27,1905AHBJCH,,,0,0,3.5,Not Passed,
SP2025,SP2025-class 12,28,1905AHCAHI,,,5,7.8,7.6,Passed,
SP2025,SP2025-class 12,29,1905AIDCAF,,,0,0,1.3,Not Passed,
SP2025,SP2025-class 12,30,1905AICEAI,,,10,9.4,9.7,Passed,
SP2025,SP2025-class 12,31,1905AHBDCD,,,5,9.2,7.8,Passed,
SP2025,SP2025-class 12,32,1905AHCJFA,,,2.5,6.8,6.3,Passed,
SP2025,SP2025-class 12,33,1905AIFCJB,,,0,0,1,Attendance Fail,
SP2025,SP2025-class 12,34,1905AHCFJF,,,0,3.6,4,Not Passed,
SP2025,SP2025-class 12,35,1905AICEFD,,,5,6.8,7.3,Passed,
SP2025,SP2025-class 12,36,1905AIFHEC,,,5,8,7.7,Passed,
SP2025,SP2025-class 13,1,1905AIDACF,,,2.5,6.6,5.9,Passed,
SP2025,SP2025-class 13,2,1905AGJECG,,,0,0,1.7,Attendance Fail,
SP2025,SP2025-class 13,3,1905AHCCCF,,,0,0,3,Not Passed,
SP2025,SP2025-class 13,4,1905AHDECH,,,2.5,6.4,6.2,Passed,
SP2025,SP2025-class 13,5,1905AHBFJD,,,0,0,0.9,Attendance Fail,
SP2025,SP2025-class 13,6,1905AIDEJJ,,,10,5.4,6.6,Passed,
SP2025,SP2025-class 13,7,1905AHEJEI,,,2.5,8.2,6.3,Passed,
SP2025,SP2025-class 13,8,1905AFAGDE,,,5,4.2,5.6,Passed,
SP2025,SP2025-class 13,9,1905AHDFFA,,,0,0,3.3,Not Passed,
SP2025,SP2025-class 13,10,1905AHEJIB,,,2.5,9,6.8,Passed,
SP2025,SP2025-class 13,11,1905AGCDGA,,,5,7,6,Passed,
SP2025,SP2025-class 13,12,1905AHDDDH,,,0,0,2.8,Not Passed,
SP2025,SP2025-class 13,13,1905AHCEIB,,,0,0,2,Attendance Fail,
SP2025,SP2025-class 13,14,1905AHCCBE,,,2.5,5,4.5,Not Passed,
SP2025,SP2025-class 13,15,1905AHCIGI,,,2.5,7.8,6,Passed,
SP2025,SP2025-class 13,16,1905AHJJBE,,,2.5,4,5,Passed,
SP2025,SP2025-class 13,17,1905AHDDBA,,,5,3.6,5.1,Not Passed,
SP2025,SP2025-class 13,18,1905AICCDB,,,2.5,4.8,4.6,Not Passed,
SP2025,SP2025-class 13,19,1905AHCGHC,,,5,4.8,5,Passed,
SP2025,SP2025-class 13,20,1905AIBGJF,,,2.5,6,5.8,Passed,
SP2025,SP2025-class 13,21,1905AHBEBA,,,2.5,4.6,5.4,Passed,
SP2025,SP2025-class 13,22,1905AHCEAG,,,5,6.8,6.3,Passed,
SP2025,SP2025-class 13,23,1905AIDJDC,,,2.5,4.8,5.1,Passed,
SP2025,SP2025-class 13,24,1905AIBFHD,,,2.5,8.8,6.8,Passed,
SP2025,SP2025-class 13,25,1905AHCAAI,,,2.5,4.6,5.5,Passed,
SP2025,SP2025-class 13,26,1905AICDGA,,,2.5,6,5.7,Passed,
SP2025,SP2025-class 13,27,1905AHCBJA,,,0,0,3.1,Not Passed,
SP2025,SP2025-class 13,28,1905AIJJCA,,,2.5,6.2,5.9,Passed,
SP2025,SP2025-class 13,29,1905AIBBEH,,,0,0,2.6,Not Passed,
SP2025,SP2025-class 13,30,1905AHJCEC,,,0,0,2.9,Not Passed,
SP2025,SP2025-class 13,31,1905AHDFEE,,,2.5,6.6,5.9,Passed,
SP2025,SP2025-class 13,32,1905AIDIJJ,,,2.5,7,6.1,Passed,
SP2025,SP2025-class 13,33,1905AHDICD,,,0,0,2.9,Not Passed,
SP2025,SP2025-class 13,34,1905AHDDGJ,,,5,8.4,7,Passed,
SP2025,SP2025-class 13,35,1905AIJJFD,,,0,0,3,Not Passed,
SP2025,SP2025-class 14,1,1905AIJAHE,,,0,0,3.6,Not Passed,
SP2025,SP2025-class 14,2,1905AIDGAD,,,0,7.2,5.9,Not Passed,
SP2025,SP2025-class 14,3,1905AIDBIF,,,0,0,2.5,Not Passed,
SP2025,SP2025-class 14,4,1905AIJBHC,,,5,7.2,7.3,Passed,
SP2025,SP2025-class 14,5,1905AHCFEA,,,0,0,3.7,Not Passed,
SP2025,SP2025-class 14,6,1905AIDFGC,,,5,6.2,7.2,Passed,
SP2025,SP2025-class 14,7,1905AIJBEH,,,0,0,3.7,Not Passed,
SP2025,SP2025-class 14,8,1905AIJBAG,,,5,9,7.9,Passed,
SP2025,SP2025-class 14,9,1905AIJCFE,,,2.5,9.4,7.3,Passed,
SP2025,SP2025-class 14,10,1905AIJDJE,,,10,8.6,9,Passed,
SP2025,SP2025-class 14,11,1705AIJJJI,,,10,9,9.5,Passed,
SP2025,SP2025-class 14,12,1905AIJAJI,,,0,0,0,Attendance Fail,
SP2025,SP2025-class 14,13,1905AIJBDG,,,0,0,2.1,Is Susspended,
SP2025,SP2025-class 14,14,1905AIJCAA,,,2.5,4.8,6,Passed,
SP2025,SP2025-class 14,15,1905AIJJCG,,,10,9.2,9,Passed,
SP2025,SP2025-class 14,16,1905AIJABF,,,2.5,6.8,6.2,Passed,
SP2025,SP2025-class 14,17,1905AHDDCE,,,2.5,7.6,6.8,Passed,
SP2025,SP2025-class 14,18,1905AIDFBD,,,0,8.2,6.2,Not Passed,
SP2025,SP2025-class 14,19,1905AIDDCA,,,2.5,7.2,5.9,Passed,
SP2025,SP2025-class 14,20,1905AIJAIH,,,5,8.8,7.9,Passed,
SP2025,SP2025-class 14,21,1905AIJCGG,,,7.5,9.2,8.8,Passed,
SP2025,SP2025-class 14,22,1905AIJCHD,,,2.5,8.8,6.8,Passed,
SP2025,SP2025-class 14,23,1905AIJDJJ,,,0,0,3.7,Not Passed,
SP2025,SP2025-class 14,24,1905AIJCFF,,,10,8.4,9.1,Passed,
SP2025,SP2025-class 14,25,1905AIJAHG,,,10,7.2,8.8,Passed,
SP2025,SP2025-class 14,26,1905AIJCFJ,,,0,0,3.2,Not Passed,
SP2025,SP2025-class 14,27,1905AIJFHI,,,2.5,5.6,5.9,Passed,
SP2025,SP2025-class 14,28,1905AIJAGE,,,5,8.4,7.6,Passed,
SP2025,SP2025-class 14,29,1905AIDEEI,,,5,6.6,7.2,Passed,
SP2025,SP2025-class 14,30,1905AIJBCJ,,,5,6.4,6.9,Passed,
SP2025,SP2025-class 14,31,1905AIJDAA,,,0,0,3.3,Not Passed,
SP2025,SP2025-class 14,32,1905AIJCBJ,,,0,0,3.4,Not Passed,
SP2025,SP2025-class 14,33,1905AIJBAH,,,2.5,8.6,7,Passed,
SP2025,SP2025-class 14,34,1905AHAEBH,,,2.5,4.8,5.6,Passed,
SP2025,SP2025-class 14,35,1905AHJGHC,,,10,5.4,8.4,Passed,
SP2025,SP2025-class 14,36,1905AIJJHC,,,0,6.8,5.5,Not Passed,
SP2025,SP2025-class 15,1,1905AIJGIF,,,0,0,3.4,Not Passed,
SP2025,SP2025-class 15,2,1905AIJEGB,,,7.5,7.2,7.7,Passed,
SP2025,SP2025-class 15,3,1905AIJEJA,,,0,2.8,3.8,Not Passed,
SP2025,SP2025-class 15,4,1905AIJEAA,,,10,9.2,9.4,Passed,
SP2025,SP2025-class 15,5,1905AIJEJC,,,10,7.2,8.4,Passed,
SP2025,SP2025-class 15,6,1905AIJIJJ,,,2.5,7.4,6.3,Passed,
SP2025,SP2025-class 15,7,1905AHJCEF,,,0,0,2,Attendance Fail,
SP2025,SP2025-class 15,8,1905AIJEGG,,,2.5,7.6,6.1,Passed,
SP2025,SP2025-class 15,9,1905AIJGJH,,,2.5,6.4,4.8,Not Passed,
SP2025,SP2025-class 15,10,1905AIJEGC,,,10,9.4,9.2,Passed,
SP2025,SP2025-class 15,11,1905AIJGAJ,,,5,9.6,8.1,Passed,
SP2025,SP2025-class 15,12,1905AIDCBB,,,2.5,7.2,5.5,Passed,
SP2025,SP2025-class 15,13,1905AIJGBE,,,0,0,2.9,Not Passed,
SP2025,SP2025-class 15,14,1905AIDDHE,,,2.5,7.8,5.8,Passed,
SP2025,SP2025-class 15,15,1905AIJFJH,,,2.5,8.4,5.4,Passed,
SP2025,SP2025-class 15,16,1905AIJDAB,,,2.5,5.4,5.1,Passed,
SP2025,SP2025-class 15,17,1905AIJEHA,,,10,9.4,9.3,Passed,
SP2025,SP2025-class 15,18,1905AIJECF,,,2.5,8,6.7,Passed,
SP2025,SP2025-class 15,19,1905AIJEJG,,,7.5,9.2,8.4,Passed,
SP2025,SP2025-class 15,20,1905AIJEHF,,,5,9.2,7.4,Passed,
SP2025,SP2025-class 15,21,1905AIJGAF,,,5,8.8,6.9,Passed,
SP2025,SP2025-class 15,22,1905AIDBEF,,,2.5,7.8,6.1,Passed,
SP2025,SP2025-class 15,23,1905AIJHBE,,,7.5,8.8,8.4,Passed,
SP2025,SP2025-class 15,24,1905AIJHCH,,,2.5,8.4,6.7,Passed,
SP2025,SP2025-class 15,25,1905AIJEHE,,,10,4.6,7.9,Passed,
SP2025,SP2025-class 15,26,1905AHCIIB,,,5,5.4,6.1,Passed,
SP2025,SP2025-class 15,27,1905AHDGFA,,,0,0,2.9,Not Passed,
SP2025,SP2025-class 15,28,1905AIJGDB,,,2.5,7.6,6.5,Passed,
SP2025,SP2025-class 15,29,1905AIJHII,,,10,7,8.3,Passed,
SP2025,SP2025-class 15,30,1905AHBCIJ,,,2.5,5.8,5.3,Passed,
SP2025,SP2025-class 15,31,1905AIJFJD,,,2.5,7,5.5,Passed,
SP2025,SP2025-class 15,32,1905AIDHJA,,,2.5,9.6,6.9,Passed,
SP2025,SP2025-class 15,33,1905AGBICG,,,10,4.6,7.5,Passed,
SP2025,SP2025-class 15,34,1905AIJGJG,,,10,7.6,8.6,Passed,
SP2025,SP2025-class 15,35,1905AIJIIA,,,10,8.8,9.3,Passed,
SP2025,SP2025-class 16,1,1905AIAJDC,,,0,0,1.6,Attendance Fail,
SP2025,SP2025-class 16,2,1905AIJCIC,,,5,7.6,7.1,Passed,
SP2025,SP2025-class 16,3,1905AIJAAA,,,0,0,3.7,Not Passed,
SP2025,SP2025-class 16,4,1905AIJADE,,,5,7.4,7.3,Passed,
SP2025,SP2025-class 16,5,1905AIJJDG,,,10,8.8,9.3,Passed,
SP2025,SP2025-class 16,6,1905AIJHFB,,,10,9.6,9.7,Passed,
SP2025,SP2025-class 16,7,1905AIAJGE,,,0,0,3.2,Not Passed,
SP2025,SP2025-class 16,8,1905AHDFID,,,5,6,6.2,Passed,
SP2025,SP2025-class 16,9,1905AIAJJI,,,10,8,9,Passed,
SP2025,SP2025-class 16,10,1905AIJIJA,,,10,7.8,8.8,Passed,
SP2025,SP2025-class 16,11,1905AGAEBG,,,2.5,8,6.3,Passed,
SP2025,SP2025-class 16,12,1905AHCIAB,,,2.5,6,6,Passed,
SP2025,SP2025-class 16,13,1905AHJFIF,,,0,0,2.2,Not Passed,
SP2025,SP2025-class 16,14,1905AHCEFG,,,0,0,3.7,Not Passed,
SP2025,SP2025-class 16,15,1905AHJEHI,,,0,0,0,Attendance Fail,
SP2025,SP2025-class 16,16,1905AIJCCB,,,2.5,8,6.5,Passed,
SP2025,SP2025-class 16,17,1905AHDADD,,,5,7.4,7.1,Passed,
SP2025,SP2025-class 16,18,1905AHCJID,,,0,0,0,Attendance Fail,
SP2025,SP2025-class 16,19,1905AHCDCB,,,2.5,5.8,5.8,Passed,
SP2025,SP2025-class 16,20,1905AIJICJ,,,10,7.2,8.5,Passed,
SP2025,SP2025-class 16,21,1905AHBHGH,,,0,9.2,6.2,Not Passed,
SP2025,SP2025-class 16,22,1905AIJHEE,,,0,0,3.1,Not Passed,
SP2025,SP2025-class 16,23,1905AIJAFE,,,0,0,3.3,Not Passed,
SP2025,SP2025-class 16,24,1905AIJHGH,,,2.5,7.8,6.3,Passed,
SP2025,SP2025-class 16,25,1905AIBFBC,,,2.5,6.6,5.7,Passed,
SP2025,SP2025-class 16,26,1905AIJJIH,,,0,6.4,5,Not Passed,
SP2025,SP2025-class 16,27,1905AIJJDD,,,0,0,3.4,Not Passed,
SP2025,SP2025-class 16,28,1905AHAECD,,,0,0,3.2,Not Passed,
SP2025,SP2025-class 16,29,1905AIJIDF,,,2.5,6.4,6.3,Passed,
SP2025,SP2025-class 16,30,1905AIAAAH,,,2.5,6.8,5.9,Passed,
SP2025,SP2025-class 16,31,1905AIJJCE,,,10,9.6,9.5,Passed,
SP2025,SP2025-class 16,32,1905AIJIEE,,,2.5,9,7.2,Passed,
SP2025,SP2025-class 16,33,1905AHBCJD,,,0,0,0,Attendance Fail,
SP2025,SP2025-class 16,34,1905AHJJAB,,,2.5,4.8,5.9,Passed,
SP2025,SP2025-class 16,35,1905AIAJID,,,0,0,1.1,Attendance Fail,
SP2025,SP2025-class 17,1,1905AIBJEG,,,0,0,1,Attendance Fail,
SP2025,SP2025-class 17,2,1905AHDGJA,,,0,0,2.9,Not Passed,
SP2025,SP2025-class 17,3,1905AIBAHD,,,0,0,1.3,Attendance Fail,
SP2025,SP2025-class 17,4,1905AIBAJF,,,2.5,7.8,7.1,Passed,
SP2025,SP2025-class 17,5,1905AIBAHG,,,2.5,8.6,7.3,Passed,
SP2025,SP2025-class 17,6,1905AHJCGD,,,0,0,1,Attendance Fail,
SP2025,SP2025-class 17,7,1905AFJFBJ,,,0,0,0,Attendance Fail,
SP2025,SP2025-class 17,8,1905AHBAEC,,,0,0,2.5,Not Passed,
SP2025,SP2025-class 17,9,1905AIBAGE,,,10,7.8,9.3,Passed,
SP2025,SP2025-class 17,10,1905AIBADG,,,0,0,2.8,Not Passed,
SP2025,SP2025-class 17,11,1905AIBAIE,,,5,6.6,7.5,Passed,
SP2025,SP2025-class 17,12,1905AIBJDC,,,2.5,8.6,7,Passed,
SP2025,SP2025-class 17,13,1905AIBAID,,,0,0,3.5,Not Passed,
SP2025,SP2025-class 17,14,1905AIBAJD,,,0,6.8,4.4,Not Passed,
SP2025,SP2025-class 17,15,1905AIBBAG,,,0,0,2.2,Not Passed,
SP2025,SP2025-class 17,16,1905AIBBCH,,,7.5,5,7.6,Passed,
SP2025,SP2025-class 17,17,1905AHDJEG,,,10,5.2,7,Passed,
SP2025,SP2025-class 17,18,1905AIBAHH,,,2.5,5.4,4.9,Not Passed,
SP2025,SP2025-class 17,19,1905AICCGF,,,2.5,8.6,5.9,Passed,
SP2025,SP2025-class 17,20,1905AICJCA,,,0,0,2.5,Not Passed,
SP2025,SP2025-class 17,21,1905AIBJDI,,,5,8.6,7.4,Passed,
SP2025,SP2025-class 17,22,1905AHJFII,,,10,4.6,6.4,Passed,
SP2025,SP2025-class 17,23,1905AIBBCF,,,2.5,7.6,6.6,Passed,
SP2025,SP2025-class 17,24,1905AGCADB,,,2.5,7,5.7,Passed,
SP2025,SP2025-class 17,25,1905AFAEGA,,,2.5,7,5.3,Passed,
SP2025,SP2025-class 17,26,1905AFJICD,,,5,7.6,6.2,Passed,
SP2025,SP2025-class 17,27,1905AICCBC,,,5,6.6,6.7,Passed,
SP2025,SP2025-class 17,28,1905AIBAAA,,,0,0,3.9,Not Passed,
SP2025,SP2025-class 17,29,1905AIBABE,,,2.5,7.4,6,Passed,
SP2025,SP2025-class 17,30,1905AIDJJA,,,10,7.6,8.4,Passed,
SP2025,SP2025-class 17,31,1905AHDFIE,,,0,0,2.4,Not Passed,
SP2025,SP2025-class 17,32,1905AGCDAG,,,0,0,0,Attendance Fail,
SP2025,SP2025-class 17,33,1905AHJGBJ,,,0,0,1,Attendance Fail,
SP2025,SP2025-class 17,34,1905AHBADH,,,10,8,7.8,Passed,
SP2025,SP2025-class 17,35,1905AIBABH,,,2.5,6.6,5.6,Passed,
SP2025,SP2025-class 18,1,1905AHJGFH,,,2.5,8,6.3,Passed,
SP2025,SP2025-class 18,2,1905AIBCCB,,,0,0,3.8,Not Passed,
SP2025,SP2025-class 18,3,1905AIJAJB,,,2.5,8.4,7.2,Passed,
SP2025,SP2025-class 18,4,1905AHCIFA,,,2.5,7.8,6.9,Passed,
SP2025,SP2025-class 18,5,1905AICDAF,,,5,6.4,7.2,Passed,
SP2025,SP2025-class 18,6,1905AIBCJF,,,2.5,6.8,6.4,Passed,
SP2025,SP2025-class 18,7,1905AIDBFD,,,2.5,5.2,6.2,Passed,
SP2025,SP2025-class 18,8,1905AIBCJI,,,10,9,9.6,Passed,
SP2025,SP2025-class 18,9,1905AIBDAA,,,5,8,7.8,Passed,
SP2025,SP2025-class 18,10,1905AICGDC,,,2.5,8.8,7.3,Passed,
SP2025,SP2025-class 18,11,1905AIJJGJ,,,5,9.4,8.2,Passed,
SP2025,SP2025-class 18,12,1905AIJAEE,,,5,8.4,7.6,Passed,
SP2025,SP2025-class 18,13,1905AIBEBC,,,10,9.8,9.8,Passed,
SP2025,SP2025-class 18,14,1905AIJJJA,,,5,8,7.8,Passed,
SP2025,SP2025-class 18,15,1905AIBCHB,,,5,8,7.7,Passed,
SP2025,SP2025-class 18,16,1905AIFEID,,,2.5,5.6,6.1,Passed,
SP2025,SP2025-class 18,17,1905AHDHFE,,,0,0,3.9,Attendance Fail,
SP2025,SP2025-class 18,18,1905AIBCBA,,,10,7.2,9.2,Passed,
SP2025,SP2025-class 18,19,1905AIBDAH,,,2.5,5.4,5.9,Passed,
SP2025,SP2025-class 18,20,1905AIBCJJ,,,0,0,3.7,Not Passed,
SP2025,SP2025-class 18,21,1905AIBCCF,,,2.5,6.4,6.5,Passed,
SP2025,SP2025-class 18,22,1905AIJAJD,,,2.5,8,6.9,Passed,
SP2025,SP2025-class 18,23,1905AIBEHD,,,2.5,9.4,7.4,Passed,
SP2025,SP2025-class 18,24,1905AIBCGG,,,2.5,4.8,5.9,Passed,
SP2025,SP2025-class 18,25,1905AICCBA,,,0,0,3.9,Not Passed,
SP2025,SP2025-class 18,26,1905AIBCEC,,,0,5.2,5.3,Not Passed,
SP2025,SP2025-class 18,27,1905AIBDAJ,,,10,9.8,9.9,Passed,
SP2025,SP2025-class 18,28,1905AIBCAG,,,2.5,7.6,6.8,Passed,
SP2025,SP2025-class 18,29,1905AIBCDB,,,2.5,6.8,6.5,Passed,
SP2025,SP2025-class 18,30,1905AHBJDE,,,2.5,6.4,6.4,Passed,
SP2025,SP2025-class 18,31,1905AIBCEJ,,,5,6.6,7.2,Passed,
SP2025,SP2025-class 18,32,1905AIBCID,,,5,5.2,6.9,Passed,
SP2025,SP2025-class 18,33,1905AIBCFJ,,,5,5.6,6.8,Passed,
SP2025,SP2025-class 18,34,1905AIBCEB,,,10,7.2,9,Passed,
SP2025,SP2025-class 18,35,1905AIJAFD,,,5,8.8,8.1,Passed,
SP2025,SP2025-class 19,1,1905AHBEBE,,,5,9.2,7.8,Passed,
SP2025,SP2025-class 19,2,1905AIBEEE,,,0,0,2.9,Not Passed,
SP2025,SP2025-class 19,3,1905AIBGAH,,,5,5.6,6.9,Passed,
SP2025,SP2025-class 19,4,1905AICCJF,,,10,7,9,Passed,
SP2025,SP2025-class 19,5,1905AIBGAF,,,5,6.4,7.2,Passed,
SP2025,SP2025-class 19,6,1905AIBEEC,,,2.5,8.2,7,Passed,
SP2025,SP2025-class 19,7,1905AIDGFJ,,,2.5,6.2,6.3,Passed,
SP2025,SP2025-class 19,8,1905AIBFJE,,,10,8.4,9.4,Passed,
SP2025,SP2025-class 19,9,1905AHBGGF,,,2.5,4.6,5.1,Passed,
SP2025,SP2025-class 19,10,1905AIBFEJ,,,5,9,7.9,Passed,
SP2025,SP2025-class 19,11,1905AIBCHF,,,0,4.2,4.5,Not Passed,
SP2025,SP2025-class 19,12,1905AIBFDG,,,5,8.8,7.9,Passed,
SP2025,SP2025-class 19,13,1905AHBFAH,,,5,5,6.6,Passed,
SP2025,SP2025-class 19,14,1905AIBFGF,,,2.5,8.2,7.1,Passed,
SP2025,SP2025-class 19,15,1905AHBGJC,,,5,6.8,7.3,Passed,
SP2025,SP2025-class 19,16,1905AIBIGF,,,5,6.6,7.3,Passed,
SP2025,SP2025-class 19,17,1905AIBBAA,,,5,7.2,7.3,Passed,
SP2025,SP2025-class 19,18,1905AIDHCB,,,2.5,6.6,6.3,Passed,
SP2025,SP2025-class 19,19,1905AIBECA,,,10,9.6,9.7,Passed,
SP2025,SP2025-class 19,20,1905AIFBAH,,,10,6.8,8.7,Passed,
SP2025,SP2025-class 19,21,1905AHDDCC,,,0,2.2,3.7,Not Passed,
SP2025,SP2025-class 19,22,1905AIBFFE,,,2.5,5.4,6.1,Passed,
SP2025,SP2025-class 19,23,1905AHDFEH,,,2.5,6,6.1,Passed,
SP2025,SP2025-class 19,24,1905AHDFDB,,,5,6,6.6,Passed,
SP2025,SP2025-class 19,25,1905AIBEEB,,,0,0,3.7,Not Passed,
SP2025,SP2025-class 19,26,1905AIBFEH,,,2.5,5.6,6.3,Passed,
SP2025,SP2025-class 19,27,1905AHBEAJ,,,2.5,6,6.1,Passed,
SP2025,SP2025-class 19,28,1905AIBFCJ,,,2.5,7.2,6.8,Passed,
SP2025,SP2025-class 19,29,1905AIBGEE,,,0,6.8,5.5,Not Passed,
SP2025,SP2025-class 19,30,1905AIBJFH,,,5,9,7.9,Passed,
SP2025,SP2025-class 19,31,1905AIBGBH,,,10,9.6,9.6,Passed,
SP2025,SP2025-class 19,32,1905AIFBAI,,,0,0,3.7,Not Passed,
SP2025,SP2025-class 19,33,1905AIBFCG,,,10,6.8,8.5,Passed,
SP2025,SP2025-class 19,34,1905AFAHFG,,,0,2.8,3.9,Not Passed,
SP2025,SP2025-class 19,35,1905AIBHJE,,,0,0,3.4,Not Passed,
SP2025,SP2025-class 20,1,1905AIBIAJ,,,10,8.2,9.3,Passed,
SP2025,SP2025-class 20,2,1905AGBAHH,,,5,5.6,6,Passed,
SP2025,SP2025-class 20,3,1905AGAEFI,,,0,0,2.3,Not Passed,
SP2025,SP2025-class 20,4,1905AIBIFD,,,2.5,6.2,6.6,Passed,
SP2025,SP2025-class 20,5,1905AIBHEJ,,,0,0,3.4,Not Passed,
SP2025,SP2025-class 20,6,1905AIDDJJ,,,0,0,2.8,Not Passed,
SP2025,SP2025-class 20,7,1905AICJJJ,,,10,8.6,8.7,Passed,
SP2025,SP2025-class 20,8,1905AICBHA,,,5,9.4,8.3,Passed,
SP2025,SP2025-class 20,9,1905AHCIJJ,,,0,0,2.8,Not Passed,
SP2025,SP2025-class 20,10,1905AICCAG,,,0,0,2.8,Not Passed,
SP2025,SP2025-class 20,11,1905AIFBGB,,,0,0,2.5,Not Passed,
SP2025,SP2025-class 20,12,1905AIBHFG,,,5,8.6,7.5,Passed,
SP2025,SP2025-class 20,13,1905AIBHCG,,,2.5,7.2,6.4,Passed,
SP2025,SP2025-class 20,14,1905AGJCGD,,,0,4.8,3.9,Not Passed,
SP2025,SP2025-class 20,15,1905AHAGBH,,,10,7.4,7.9,Passed,
SP2025,SP2025-class 20,16,1905AIBIIC,,,0,0,2.9,Not Passed,
SP2025,SP2025-class 20,17,1905AIBIFB,,,10,7.8,8.3,Passed,
SP2025,SP2025-class 20,18,1905AGCEAF,,,2.5,7.2,5.8,Passed,
SP2025,SP2025-class 20,19,1905AIBHCD,,,10,6.2,8.6,Passed,
SP2025,SP2025-class 20,20,1905AIBIGH,,,2.5,8.4,7.1,Passed,
SP2025,SP2025-class 20,21,1905AHAGCG,,,5,9,7.2,Passed,
SP2025,SP2025-class 20,22,1905AIFGCJ,,,2.5,8.6,5.8,Passed,
SP2025,SP2025-class 20,23,1905AICJJH,,,10,9.6,9.9,Passed,
SP2025,SP2025-class 20,24,1905AIBIIF,,,0,0,3.5,Not Passed,
SP2025,SP2025-class 20,25,1905AIFBBJ,,,0,0,0.3,Attendance Fail,
SP2025,SP2025-class 20,26,1905AIAABE,,,0,0,0.7,Attendance Fail,
SP2025,SP2025-class 20,27,1905AIBIIH,,,0,0,3.3,Not Passed,
SP2025,SP2025-class 20,28,1905AIAJDD,,,2.5,7.6,5.7,Passed,
SP2025,SP2025-class 20,29,1905AIBIGI,,,7.5,8.8,8.6,Passed,
SP2025,SP2025-class 20,30,1905AIAJCD,,,2.5,8.8,6,Passed,
SP2025,SP2025-class 20,31,1905AICFDA,,,5,8.2,7.8,Passed,
SP2025,SP2025-class 20,32,1905AIBIBE,,,5,7.2,7.3,Passed,
SP2025,SP2025-class 20,33,1905AICDEB,,,10,9.6,9.9,Passed,
SP2025,SP2025-class 20,34,1905AHAGIG,,,2.5,9,6,Passed,
SP2025,SP2025-class 20,35,1905AIAJFE,,,2.5,8.8,6.5,Passed,
SP2025,SP2025-class 20,36,1905AHBABH,,,2.5,8.2,5.7,Passed,
SP2025,SP2025-class 21,1,1905AFJCDD,,,0,0,0,Attendance Fail,
SP2025,SP2025-class 21,2,1905AIFBGG,,,2.5,8.6,6.7,Passed,
SP2025,SP2025-class 21,3,1905AICAAI,,,10,8.4,9.2,Passed,
SP2025,SP2025-class 21,4,1905AIDFCD,,,5,7.4,6.2,Passed,
SP2025,SP2025-class 21,5,1905AHCICJ,,,10,5.4,6.7,Passed,
SP2025,SP2025-class 21,6,1905AICAJI,,,2.5,8.4,6.9,Passed,
SP2025,SP2025-class 21,7,1905AICCJJ,,,2.5,5.4,5.1,Passed,
SP2025,SP2025-class 21,8,1905AICBGD,,,2.5,9,7.2,Passed,
SP2025,SP2025-class 21,9,1905AHBGGC,,,0,0,0,Attendance Fail,
SP2025,SP2025-class 21,10,1905AHBJBD,,,0,0,3.3,Not Passed,
SP2025,SP2025-class 21,11,1905AHJGBD,,,2.5,6.6,6.5,Passed,
SP2025,SP2025-class 21,12,1905AIBFHB,,,2.5,6.6,6,Passed,
SP2025,SP2025-class 21,13,1905AIFBHJ,,,10,9.2,8.8,Passed,
SP2025,SP2025-class 21,14,1905AHBDIH,,,2.5,6.6,6,Passed,
SP2025,SP2025-class 21,15,1905AHJGEI,,,2.5,5,4.2,Not Passed,
SP2025,SP2025-class 21,16,1905AGJJIJ,,,0,0,2.4,Not Passed,
SP2025,SP2025-class 21,17,1905AIDIJG,,,5,7.4,7.1,Passed,
SP2025,SP2025-class 21,18,1905AGABEB,,,2.5,8.4,6.6,Passed,
SP2025,SP2025-class 21,19,1905AICBDD,,,5,6.6,6.5,Passed,
SP2025,SP2025-class 21,20,1905AHDJFH,,,2.5,7,6.4,Passed,
SP2025,SP2025-class 21,21,1905AHJACH,,,10,9.4,9.1,Passed,
SP2025,SP2025-class 21,22,1905AIFBGJ,,,0,0,3.1,Not Passed,
SP2025,SP2025-class 21,23,1905AICBID,,,2.5,7,6.2,Passed,
SP2025,SP2025-class 21,24,1905AHBJHJ,,,10,8.8,8.8,Passed,
SP2025,SP2025-class 21,25,1905AICIBA,,,10,9,9.3,Passed,
SP2025,SP2025-class 21,26,1905AHBBGF,,,2.5,5.8,5.8,Passed,
SP2025,SP2025-class 21,27,1905AHDHGG,,,2.5,6.8,5.7,Passed,
SP2025,SP2025-class 21,28,1905AICBIF,,,0,0,3.1,Not Passed,
SP2025,SP2025-class 21,29,1905AIDJID,,,0,0,2.8,Not Passed,
SP2025,SP2025-class 21,30,1905AHDFHC,,,5,8,7.4,Passed,
SP2025,SP2025-class 21,31,1905AICCEE,,,2.5,8.2,6.8,Passed,
SP2025,SP2025-class 21,32,1905AHDJDI,,,5,6.4,6.7,Passed,
SP2025,SP2025-class 21,33,1905AEAACE,,,2.5,5.6,5,Passed,
SP2025,SP2025-class 21,34,1905AHJAIH,,,2.5,7.4,6.3,Passed,
SP2025,SP2025-class 21,35,1905AGCJJJ,,,2.5,6.2,5.5,Passed,
SP2025,SP2025-class 22,1,1905AHAFHJ,,,0,0,0,Attendance Fail,
SP2025,SP2025-class 22,2,1905AIBIDG,,,5,7.4,7.3,Passed,
SP2025,SP2025-class 22,3,1905AICEAB,,,2.5,4.6,5.3,Passed,
SP2025,SP2025-class 22,4,1905AICEIA,,,2.5,9,7.2,Passed,
SP2025,SP2025-class 22,5,1905AIJAJE,,,0,0,0,Attendance Fail,
SP2025,SP2025-class 22,6,1905AIDCIG,,,5,7.8,6.5,Passed,
SP2025,SP2025-class 22,7,1905AHDBDC,,,2.5,5.2,5.4,Passed,
SP2025,SP2025-class 22,8,1905AIDAJC,,,0,0,3.8,Not Passed,
SP2025,SP2025-class 22,9,1905AHCBCI,,,5,8.2,7.6,Passed,
SP2025,SP2025-class 22,10,1905AHDHBJ,,,0,3,4.2,Not Passed,
SP2025,SP2025-class 22,11,1905AIDAFI,,,0,0,3.7,Not Passed,
SP2025,SP2025-class 22,12,1905AICFBG,,,5,9.4,7.9,Passed,
SP2025,SP2025-class 22,13,1905AGCDHB,,,0,0,3.1,Not Passed,
SP2025,SP2025-class 22,14,1905AIBHJD,,,0,0,3.7,Not Passed,
SP2025,SP2025-class 22,15,1905AHBGFI,,,10,7.4,8.9,Passed,
SP2025,SP2025-class 22,16,1905AICDHI,,,0,0,3.3,Not Passed,
SP2025,SP2025-class 22,17,1905AHCAIC,,,2.5,6,5.9,Passed,
SP2025,SP2025-class 22,18,1905AICEEI,,,0,9,6.2,Not Passed,
SP2025,SP2025-class 22,19,1905AICFAG,,,5,9.4,8.1,Passed,
SP2025,SP2025-class 22,20,1905AIDBHA,,,5,9.2,8.1,Passed,
SP2025,SP2025-class 22,21,1905AHCEBJ,,,2.5,6.6,6.1,Passed,
SP2025,SP2025-class 22,22,1905AIDDGF,,,7.5,8,8.4,Passed,
SP2025,SP2025-class 22,23,1919AGJDCB,,,0,3.2,2.5,Not Passed,
SP2025,SP2025-class 22,24,1905AIFBJB,,,2.5,6.4,6.1,Passed,
SP2025,SP2025-class 22,25,1905AICDDE,,,0,0,3.2,Not Passed,
SP2025,SP2025-class 22,26,1905AICEEE,,,2.5,8.4,6.7,Passed,
SP2025,SP2025-class 22,27,1905AICCHG,,,0,0,0,Attendance Fail,
SP2025,SP2025-class 22,28,1905AIBHFF,,,0,0,3.7,Not Passed,
SP2025,SP2025-class 22,29,1905AHCBDD,,,0,0,3.7,Not Passed,
SP2025,SP2025-class 22,30,1905AICBBI,,,2.5,7.8,6.5,Passed,
SP2025,SP2025-class 22,31,1905AICEHH,,,0,0,3.6,Not Passed,
SP2025,SP2025-class 22,32,1905AICDHG,,,0,0,3.4,Not Passed,
SP2025,SP2025-class 22,33,1905AICFJD,,,0,0,3.8,Not Passed,
SP2025,SP2025-class 22,34,1905AICDHF,,,2.5,8.8,7.1,Passed,
SP2025,SP2025-class 23,1,1905AICGHC,,,2.5,8.2,6.2,Passed,
SP2025,SP2025-class 23,2,1905AIJIJE,,,10,4.8,8.1,Passed,
SP2025,SP2025-class 23,3,1905AICFEF,,,10,8,9,Passed,
SP2025,SP2025-class 23,4,1905AICGDA,,,5,7.2,7.2,Passed,
SP2025,SP2025-class 23,5,1905AICGCD,,,5,8,7.2,Passed,
SP2025,SP2025-class 23,6,1905AHAGBD,,,5,5.2,5.7,Passed,
SP2025,SP2025-class 23,7,1905AICGAI,,,2.5,8.6,6.8,Passed,
SP2025,SP2025-class 23,8,1905AICHDE,,,0,0,3.2,Not Passed,
SP2025,SP2025-class 23,9,1905AIBGEB,,,10,8.6,9.3,Passed,
SP2025,SP2025-class 23,10,1905AHAFGE,,,0,0,2.8,Not Passed,
SP2025,SP2025-class 23,11,1905AGCFGA,,,0,0,3.1,Not Passed,
SP2025,SP2025-class 23,12,1905AICGCH,,,5,6.2,6.8,Passed,
SP2025,SP2025-class 23,13,1905AICICH,,,0,0,3.4,Not Passed,
SP2025,SP2025-class 23,14,1905AGBCCJ,,,5,5.4,6.2,Passed,
SP2025,SP2025-class 23,15,1905AICFCH,,,7.5,8.2,8.1,Passed,
SP2025,SP2025-class 23,16,1905AICHCA,,,7.5,9.2,8.8,Passed,
SP2025,SP2025-class 23,17,1919AGJDDJ,,,0,0,3.4,Not Passed,
SP2025,SP2025-class 23,18,1905AHJABB,,,2.5,6.6,5.5,Passed,
SP2025,SP2025-class 23,19,1705AIJAEC,,,0,5.4,4.5,Not Passed,
SP2025,SP2025-class 23,20,1905AGBJJD,,,5,6.8,6.1,Passed,
SP2025,SP2025-class 23,21,1905AICFHE,,,2.5,8.6,6.9,Passed,
SP2025,SP2025-class 23,22,1905AHDFHF,,,2.5,8.6,6.6,Passed,
SP2025,SP2025-class 23,23,1905AICGGH,,,10,8.4,9.1,Passed,
SP2025,SP2025-class 23,24,1905AICGEB,,,2.5,7,6.4,Passed,
SP2025,SP2025-class 23,25,1905AICFGI,,,10,8.6,9.2,Passed,
SP2025,SP2025-class 23,26,1905AIJHEH,,,5,8.6,7.9,Passed,
SP2025,SP2025-class 23,27,1919AGJHFH,,,0,0,2.7,Not Passed,
SP2025,SP2025-class 23,28,1905AIJCJB,,,10,9.4,9.4,Passed,
SP2025,SP2025-class 23,29,1905AHBHCD,,,2.5,7.2,5.3,Passed,
SP2025,SP2025-class 23,30,1905AIJEGD,,,0,0,3.4,Not Passed,
SP2025,SP2025-class 23,31,1905AIFBCF,,,0,0,1.6,Not Passed,
SP2025,SP2025-class 23,32,1905AIJFJG,,,5,9,7.9,Passed,
SP2025,SP2025-class 23,33,1905AHDAFD,,,5,8.8,6.9,Passed,
SP2025,SP2025-class 23,34,1905AIDFBC,,,0,0,2.6,Not Passed,
SP2025,SP2025-class 23,35,1905AICFHG,,,10,8,8.9,Passed,
SP2025,SP2025-class 23,36,1905AICHBE,,,0,6.8,5.2,Not Passed,
SP2025,SP2025-class 24,1,1905AICIIG,,,2.5,5.4,5.2,Passed,
SP2025,SP2025-class 24,2,1905AICGIH,,,2.5,7.8,6.4,Passed,
SP2025,SP2025-class 24,3,1905AIJAAB,,,2.5,8.4,6.5,Passed,
SP2025,SP2025-class 24,4,1905AICBBD,,,2.5,6.6,6.2,Passed,
SP2025,SP2025-class 24,5,1905AHDBFJ,,,0,0,3.4,Not Passed,
SP2025,SP2025-class 24,6,1905AIJJAA,,,5,9,7.7,Passed,
SP2025,SP2025-class 24,7,1905AICHEJ,,,2.5,7.6,6.4,Passed,
SP2025,SP2025-class 24,8,1905AICCCF,,,2.5,8.8,6.8,Passed,
SP2025,SP2025-class 24,9,1905AICCIB,,,2.5,8.2,6.7,Passed,
SP2025,SP2025-class 24,10,1905AIDJDD,,,2.5,9.6,7.4,Passed,
SP2025,SP2025-class 24,11,1905AIDJCC,,,2.5,5.6,5.2,Passed,
SP2025,SP2025-class 24,12,1905AICIHI,,,2.5,6.4,5.1,Passed,
SP2025,SP2025-class 24,13,1905AICIHF,,,2.5,8,6.3,Passed,
SP2025,SP2025-class 24,14,1905AICJDB,,,2.5,7.6,6.4,Passed,
SP2025,SP2025-class 24,15,1905AIDADH,,,5,8.4,7.5,Passed,
SP2025,SP2025-class 24,16,1905AICJIH,,,2.5,7,6.2,Passed,
SP2025,SP2025-class 24,17,1905AIDJFH,,,10,9.4,9.5,Passed,
SP2025,SP2025-class 24,18,1905AIDJGI,,,0,0,0,Attendance Fail,
SP2025,SP2025-class 24,19,1905AICBIC,,,2.5,6.4,5.5,Passed,
SP2025,SP2025-class 24,20,1905AICAEE,,,2.5,9.4,7.1,Passed,
SP2025,SP2025-class 24,21,1905AHAHDF,,,5,6.6,7,Passed,
SP2025,SP2025-class 24,22,1905AIDJEA,,,2.5,4.6,5.1,Passed,
SP2025,SP2025-class 24,23,1905AICADI,,,2.5,7.2,6.4,Passed,
SP2025,SP2025-class 24,24,1905AIDJDB,,,2.5,6.6,6.2,Passed,
SP2025,SP2025-class 24,25,1905AIJJJE,,,10,9,9.2,Passed,
SP2025,SP2025-class 24,26,1905AHBGGE,,,0,2.6,4.2,Not Passed,
SP2025,SP2025-class 24,27,1905AFJIID,,,0,0,0,Attendance Fail,
SP2025,SP2025-class 24,28,1905AIDJBD,,,2.5,4.4,5,Passed,
SP2025,SP2025-class 24,29,1905AIDJGC,,,2.5,6,6,Passed,
SP2025,SP2025-class 24,30,1905AICGHD,,,2.5,5.2,5.3,Passed,
SP2025,SP2025-class 24,31,1905AICIHC,,,10,7.2,7.9,Passed,
SP2025,SP2025-class 24,32,1905AICGGI,,,2.5,8.4,6.7,Passed,
SP2025,SP2025-class 24,33,1905AHCAAC,,,0,0,2.7,Not Passed,
SP2025,SP2025-class 24,34,1905AIDJJG,,,0,0,3.3,Not Passed,
SP2025,SP2025-class 24,35,1905AHDIHH,,,7.5,7.4,7.8,Passed,
SP2025,SP2025-class 24,36,1905AIDADJ,,,0,0,0,Attendance Fail,
SP2025,SP2025-class 25,1,1905AIDJEB,,,0,0,3.4,Not Passed,
SP2025,SP2025-class 25,2,1905AIDACH,,,2.5,7.2,6.7,Passed,
SP2025,SP2025-class 25,3,1905AIDAGD,,,2.5,9.4,7.1,Passed,
SP2025,SP2025-class 25,4,1905AHDCHA,,,0,0,0.8,Attendance Fail,
SP2025,SP2025-class 25,5,1905AHJFHH,,,0,0,3.7,Not Passed,
SP2025,SP2025-class 25,6,1905AIDBDE,,,2.5,8.6,6.9,Passed,
SP2025,SP2025-class 25,7,1905AIDBJC,,,2.5,8.8,7.1,Passed,
SP2025,SP2025-class 25,8,1905AIDAIH,,,2.5,6.6,6.5,Passed,
SP2025,SP2025-class 25,9,1905AIDAGA,,,2.5,6.6,5.9,Passed,
SP2025,SP2025-class 25,10,1905AIDAGF,,,2.5,8.2,6.8,Passed,
SP2025,SP2025-class 25,11,1905AICBFB,,,5,8.2,7.8,Passed,
SP2025,SP2025-class 25,12,1905AIDABF,,,0,0,3.8,Not Passed,
SP2025,SP2025-class 25,13,1905AIDBBC,,,0,0,3.6,Not Passed,
SP2025,SP2025-class 25,14,1905AGJEJB,,,10,7.4,9,Passed,
SP2025,SP2025-class 25,15,1905AIDBCD,,,2.5,4.6,5.9,Passed,
SP2025,SP2025-class 25,16,1905AIDAFA,,,10,7.4,9.1,Passed,
SP2025,SP2025-class 25,17,1905AIDBCC,,,10,9,9.5,Passed,
SP2025,SP2025-class 25,18,1905AIDJHB,,,0,0,3.8,Not Passed,
SP2025,SP2025-class 25,19,1905AHJFJE,,,2.5,5.2,5.9,Passed,
SP2025,SP2025-class 25,20,1905AIDAFC,,,2.5,7.6,6.8,Passed,
SP2025,SP2025-class 25,21,1905AHDEDJ,,,2.5,4.4,5.4,Passed,
SP2025,SP2025-class 25,22,1905AHCFJE,,,2.5,5.8,6,Passed,
SP2025,SP2025-class 25,23,1905AIDAHA,,,0,0,3.8,Not Passed,
SP2025,SP2025-class 25,24,1905AIDAHF,,,2.5,8.6,7,Passed,
SP2025,SP2025-class 25,25,1905AIDJHD,,,2.5,5.8,6.3,Passed,
SP2025,SP2025-class 25,26,1905AIDAFF,,,2.5,5.2,5.9,Passed,
SP2025,SP2025-class 25,27,1905AIDBCF,,,0,0,3.6,Not Passed,
SP2025,SP2025-class 25,28,1905AIDAEJ,,,0,0,3.1,Not Passed,
SP2025,SP2025-class 25,29,1905AIJIIB,,,2.5,9.6,7.4,Passed,
SP2025,SP2025-class 25,30,1905AHBCAB,,,2.5,5.8,6.1,Passed,
SP2025,SP2025-class 25,31,1905AIDBHI,,,2.5,6.4,6.2,Passed,
SP2025,SP2025-class 25,32,1905AHDDGH,,,0,0,0,Attendance Fail,
SP2025,SP2025-class 25,33,1905AHBDBC,,,10,6,8.6,Passed,
SP2025,SP2025-class 25,34,1905AGCCDE,,,2.5,5,5.5,Passed,
SP2025,SP2025-class 25,35,1905AIDAEI,,,10,7,8.7,Passed,
SP2025,SP2025-class 26,1,1905AIDCBE,,,0,0,2.7,Not Passed,
SP2025,SP2025-class 26,2,1905AIDCFI,,,2.5,8.2,6.6,Passed,
SP2025,SP2025-class 26,3,1905AIDCEI,,,5,7.8,7,Passed,
SP2025,SP2025-class 26,4,1705AGJAGI,,,0,0,0,Attendance Fail,
SP2025,SP2025-class 26,5,1905AHAIDE,,,5,7,6.4,Passed,
SP2025,SP2025-class 26,6,1905AIDDDJ,,,2.5,6.6,5.7,Passed,
SP2025,SP2025-class 26,7,1905AGBGGI,,,0,0,0,Attendance Fail,
SP2025,SP2025-class 26,8,1905AGADGJ,,,0,0,0,Attendance Fail,
SP2025,SP2025-class 26,9,1905AIDBGG,,,0,0,2.6,Not Passed,
SP2025,SP2025-class 26,10,1905AICCBD,,,2.5,9.4,7.4,Passed,
SP2025,SP2025-class 26,11,1905AHJEDI,,,0,0,3.2,Not Passed,
SP2025,SP2025-class 26,12,1905AHJJEH,,,5,8,7.2,Passed,
SP2025,SP2025-class 26,13,1905AIJCAD,,,0,0,3.5,Not Passed,
SP2025,SP2025-class 26,14,1705AIJJIH,,,2.5,6,5.4,Passed,
SP2025,SP2025-class 26,15,1905AHCIHI,,,5,8.4,7.5,Passed,
SP2025,SP2025-class 26,16,1905AFJEBD,,,0,0,2.1,Not Passed,
SP2025,SP2025-class 26,17,1905AIDBHH,,,0,0,0,Attendance Fail,
SP2025,SP2025-class 26,18,1905AGCCHF,,,2.5,8.4,6.6,Passed,
SP2025,SP2025-class 26,19,1905AICDAI,,,2.5,4.8,5.4,Passed,
SP2025,SP2025-class 26,20,1905AIDCCI,,,0,0,3.4,Not Passed,
SP2025,SP2025-class 26,21,1905AHCIAA,,,2.5,8,5.8,Passed,
SP2025,SP2025-class 26,22,1905AIDDBD,,,2.5,6.6,6.3,Passed,
SP2025,SP2025-class 26,23,1905AHDJDE,,,10,6.8,7.7,Passed,
SP2025,SP2025-class 26,24,1905AHCFJJ,,,0,0,0,Attendance Fail,
SP2025,SP2025-class 26,25,1905AIDDHC,,,2.5,8.2,6.8,Passed,
SP2025,SP2025-class 26,26,1905AGAAFB,,,2.5,5.2,5.6,Passed,
SP2025,SP2025-class 26,27,1905AICCGJ,,,0,0,0,Attendance Fail,
SP2025,SP2025-class 26,28,1905AHBGDE,,,2.5,6,5.4,Passed,
SP2025,SP2025-class 26,29,1905AIDCDF,,,0,0,0,Attendance Fail,
SP2025,SP2025-class 26,30,1905AIBIBH,,,0,0,2.7,Not Passed,
SP2025,SP2025-class 26,31,1905AIDCFA,,,0,0,2.7,Not Passed,
SP2025,SP2025-class 26,32,1905AIBDIC,,,0,0,0,Attendance Fail,
SP2025,SP2025-class 26,33,1905AFBJGD,,,0,0,3.3,Not Passed,
SP2025,SP2025-class 26,34,1905AICEBH,,,2.5,7.6,5.9,Passed,
SP2025,SP2025-class 26,35,1905AIDBFA,,,10,9.4,9.4,Passed,
SP2025,SP2025-class 27,1,1905AHJDJJ,,,2.5,8.6,6.4,Passed,
SP2025,SP2025-class 27,2,1905AIDECC,,,2.5,7.4,6.5,Passed,
SP2025,SP2025-class 27,3,1905AIDECI,,,2.5,4.6,5.7,Passed,
SP2025,SP2025-class 27,4,1905AGJBAJ,,,0,0,1.6,Attendance Fail,
SP2025,SP2025-class 27,5,1905AGCDAF,,,0,0,0,Attendance Fail,
SP2025,SP2025-class 27,6,1905AGCCDA,,,2.5,6,6.1,Passed,
SP2025,SP2025-class 27,7,1905AIDFCH,,,7.5,7.8,8.1,Passed,
SP2025,SP2025-class 27,8,1905AHJJJC,,,2.5,8.6,6.9,Passed,
SP2025,SP2025-class 27,9,1905AIDEEG,,,10,8,9,Passed,
SP2025,SP2025-class 27,10,1905AIDGFI,,,10,8.2,8.6,Passed,
SP2025,SP2025-class 27,11,1905AIDGHI,,,5,8.6,7.8,Passed,
SP2025,SP2025-class 27,12,1905AIDGEA,,,5,7.8,7,Passed,
SP2025,SP2025-class 27,13,1905AIDDBG,,,2.5,6.6,6,Passed,
SP2025,SP2025-class 27,14,1905AIDFFB,,,2.5,8.4,6.9,Passed,
SP2025,SP2025-class 27,15,1905AIDEEC,,,2.5,7.4,6.5,Passed,
SP2025,SP2025-class 27,16,1905AIDEDG,,,2.5,7.2,6.5,Passed,
SP2025,SP2025-class 27,17,1905AIDGAG,,,0,3.6,4.4,Not Passed,
SP2025,SP2025-class 27,18,1905AIDHJJ,,,10,8.2,9.1,Passed,
SP2025,SP2025-class 27,19,1905AIDGEJ,,,0,0,3.3,Attendance Fail,
SP2025,SP2025-class 27,20,1905AIJFJI,,,2.5,6.2,6.2,Passed,
SP2025,SP2025-class 27,21,1905AIDGEG,,,0,0,3,Not Passed,
SP2025,SP2025-class 27,22,1905AEJEGF,,,2.5,5.2,5.6,Passed,
SP2025,SP2025-class 27,23,1905AHDBEC,,,0,0,0,Attendance Fail,
SP2025,SP2025-class 27,24,1905AIDEFJ,,,0,0,3.4,Not Passed,
SP2025,SP2025-class 27,25,1905AHDJJE,,,5,5.2,6.5,Passed,
SP2025,SP2025-class 27,26,1905AHBCFI,,,0,0,2.5,Attendance Fail,
SP2025,SP2025-class 27,27,1905AHJBBF,,,2.5,4.6,5.6,Passed,
SP2025,SP2025-class 27,28,1905AHJAJG,,,10,8.6,9.4,Passed,
SP2025,SP2025-class 27,29,1905AICIAA,,,0,0,3.3,Not Passed,
SP2025,SP2025-class 27,30,1905AHAHJH,,,10,9.4,9.2,Passed,
SP2025,SP2025-class 27,31,1905AIDFDC,,,0,0,3.8,Not Passed,
SP2025,SP2025-class 27,32,1905AIDEIH,,,10,10,9.6,Passed,
SP2025,SP2025-class 27,33,1905AIDGAC,,,0,0,3.6,Not Passed,
SP2025,SP2025-class 27,34,1905AHAFIE,,,2.5,7.2,6.4,Passed,
SP2025,SP2025-class 27,35,1905AIDBBF,,,5,6.4,7.1,Passed,
SP2025,SP2025-class 28,1,1905AICBBB,,,0,0,2.4,Not Passed,
SP2025,SP2025-class 28,2,1905AIDIJB,,,2.5,6,5.8,Passed,
SP2025,SP2025-class 28,3,1905AIDIJI,,,0,0,2.2,Not Passed,
SP2025,SP2025-class 28,4,1905AIDIDC,,,0,0,2.7,Not Passed,
SP2025,SP2025-class 28,5,1905AIBFJB,,,0,0,2.9,Not Passed,
SP2025,SP2025-class 28,6,1905AIFCBE,,,7.5,8.8,7.9,Passed,
SP2025,SP2025-class 28,7,1905AIDIAE,,,2.5,7,6.3,Passed,
SP2025,SP2025-class 28,8,1905AIDDGB,,,2.5,8.4,6.6,Passed,
SP2025,SP2025-class 28,9,1905AIFBFI,,,5,6.6,6.6,Passed,
SP2025,SP2025-class 28,10,1905AIFFBD,,,2.5,8,6.7,Passed,
SP2025,SP2025-class 28,11,1905AIFBDC,,,5,7.2,7.1,Passed,
SP2025,SP2025-class 28,12,1905AIFBDJ,,,0,0,3.4,Not Passed,
SP2025,SP2025-class 28,13,1905AIDFHH,,,2.5,7.4,6.3,Passed,
SP2025,SP2025-class 28,14,1905AFJIIE,,,0,0,3.2,Not Passed,
SP2025,SP2025-class 28,15,1905AIFBAA,,,0,0,3.3,Not Passed,
SP2025,SP2025-class 28,16,1905AHBFCB,,,2.5,8,6.3,Passed,
SP2025,SP2025-class 28,17,1905AIFBEJ,,,0,0,3.1,Not Passed,
SP2025,SP2025-class 28,18,1905AIFCJG,,,2.5,7.4,5.5,Passed,
SP2025,SP2025-class 28,19,1905AHBEGG,,,0,9,5.8,Not Passed,
SP2025,SP2025-class 28,20,1905AIDHIH,,,2.5,8.2,5.8,Passed,
SP2025,SP2025-class 28,21,1905AIFCBC,,,2.5,6.4,6.1,Passed,
SP2025,SP2025-class 28,22,1905AIDGHJ,,,0,0,2.5,Not Passed,
SP2025,SP2025-class 28,23,1905AICJJD,,,5,6.4,6.3,Passed,
SP2025,SP2025-class 28,24,1905AIFBAD,,,2.5,6.6,6.1,Passed,
SP2025,SP2025-class 28,25,1905AFJHAG,,,0,0,0,Attendance Fail,
SP2025,SP2025-class 28,26,1905AIBFBA,,,5,7.8,6.8,Passed,
SP2025,SP2025-class 28,27,1905AICGJC,,,0,0,2.4,Not Passed,
SP2025,SP2025-class 28,28,1905AIFCAE,,,0,0,3.3,Not Passed,
SP2025,SP2025-class 28,29,1905AHBFJE,,,0,0,2.4,Not Passed,
SP2025,SP2025-class 28,30,0305AIJEHI,,,2.5,8.2,6.2,Passed,
SP2025,SP2025-class 28,31,1905AICDEH,,,0,0,3.4,Not Passed,
SP2025,SP2025-class 28,32,1905AIDHEE,,,0,0,3.3,Not Passed,
SP2025,SP2025-class 28,33,1905AIDIAH,,,0,0,3.3,Not Passed,
SP2025,SP2025-class 28,34,1905AIFDJA,,,0,0,3.6,Not Passed,
SP2025,SP2025-class 28,35,1901AIDBHB,,,2.5,9,6.6,Passed,
SP2025,SP2025-class 29,1,1905AIFDAD,,,10,8,8.7,Passed,
SP2025,SP2025-class 29,2,1905AIFCCJ,,,5,9.6,7.8,Passed,
SP2025,SP2025-class 29,3,1905AIFDJC,,,10,8.6,8.2,Passed,
SP2025,SP2025-class 29,4,1905AHJEFF,,,2.5,7.8,6.3,Passed,
SP2025,SP2025-class 29,5,1905AIFDIH,,,0,0,3.2,Not Passed,
SP2025,SP2025-class 29,6,1905AIFDBG,,,0,0,3.5,Not Passed,
SP2025,SP2025-class 29,7,1905AHBFGH,,,0,0,1.2,Attendance Fail,
SP2025,SP2025-class 29,8,1905AIFEJD,,,0,0,3.4,Not Passed,
SP2025,SP2025-class 29,9,1905AIFFAJ,,,0,0,3.5,Not Passed,
SP2025,SP2025-class 29,10,1905AIFFJJ,,,10,5.2,7.4,Passed,
SP2025,SP2025-class 29,11,1905AICHGD,,,10,10,8.4,Passed,
SP2025,SP2025-class 29,12,1919AHADAI,,,0,0,1.1,Attendance Fail,
SP2025,SP2025-class 29,13,1905AIFDAA,,,2.5,8.4,6.1,Passed,
SP2025,SP2025-class 29,14,1905AIFGBG,,,0,0,2.7,Not Passed,
SP2025,SP2025-class 29,15,1905AIDEAI,,,2.5,8.4,6.2,Passed,
SP2025,SP2025-class 29,16,1905AIFDIF,,,5,9.6,7.8,Passed,
SP2025,SP2025-class 29,17,1905AIFFCJ,,,5,7,6.1,Passed,
SP2025,SP2025-class 29,18,1905AIFDJF,,,2.5,9.6,7.1,Passed,
SP2025,SP2025-class 29,19,1905AHCADG,,,2.5,4.8,5.3,Passed,
SP2025,SP2025-class 29,20,1905AIFEIJ,,,2.5,7.4,6.1,Passed,
SP2025,SP2025-class 29,21,1905AIBIFI,,,2.5,6.8,5.2,Passed,
SP2025,SP2025-class 29,22,1905AIFEJF,,,2.5,5,5.3,Passed,
SP2025,SP2025-class 29,23,1905AIDHJE,,,2.5,0,3,Not Passed,
SP2025,SP2025-class 29,24,1905AHJEDF,,,5,5.6,6.4,Passed,
SP2025,SP2025-class 29,25,1905AHDAIA,,,2.5,4,5.2,Passed,
SP2025,SP2025-class 29,26,1905AIFFEE,,,0,0,2.1,Not Passed,
SP2025,SP2025-class 29,27,1905AIBCIC,,,0,0,2.7,Not Passed,
SP2025,SP2025-class 29,28,1905AIFEAI,,,5,7.8,6.8,Passed,
SP2025,SP2025-class 29,29,1905AIFEHG,,,2.5,8.8,6.4,Passed,
SP2025,SP2025-class 29,30,1905AIFEJB,,,0,0,2.8,Not Passed,
SP2025,SP2025-class 29,31,1905AIFDBH,,,2.5,9.2,6.6,Passed,
SP2025,SP2025-class 29,32,1905AFBABI,,,0,0,3.2,Not Passed,
SP2025,SP2025-class 29,33,1905AIBFGD,,,5,6,5.4,Passed,
SP2025,SP2025-class 29,34,1905AIFFAA,,,2.5,5.6,5.8,Passed,
SP2025,SP2025-class 29,35,1905AIJBIE,,,0,0,1.8,Attendance Fail,
SP2025,SP2025-class 29,36,1905AIBFEB,,,0,0,1.4,Attendance Fail,
SU2017,SU2017-class 1,1,1905FBDEB,,,,,5.9,Passed,
SU2017,SU2017-class 1,2,1905FBFIJ,,,,,7.5,Passed,
SU2017,SU2017-class 1,3,1905FBCIC,,,,,7.3,Passed,
SU2017,SU2017-class 1,4,1905FBEHE,,,,,5.5,Passed,
SU2017,SU2017-class 1,5,1905FBDFB,,,,,5.4,Passed,
SU2017,SU2017-class 1,6,1905FBEHH,,,,,0,Not Passed,
SU2017,SU2017-class 1,7,1905FBFAI,,,,,0,Not Passed,
SU2017,SU2017-class 1,8,1905FBAII,,,,,0,Not Passed,
SU2017,SU2017-class 1,9,1905FBDBF,,,,,5.7,Passed,
SU2017,SU2017-class 1,10,1905FBCBE,,,,,5.3,Passed,
SU2017,SU2017-class 1,11,1905FBBCI,,,,,6,Passed,
SU2017,SU2017-class 2,1,1905FBDBH,,,,,5.1,Passed,
SU2017,SU2017-class 2,2,1905FBCIE,,,,,2.8,Not Passed,
SU2017,SU2017-class 2,3,1905FBFJG,,,,,5.8,Passed,
SU2017,SU2017-class 2,4,1905FBFDD,,,,,6.5,Passed,
SU2017,SU2017-class 2,5,1905FBEJB,,,,,5.4,Passed,
SU2017,SU2017-class 2,6,1905FBDJF,,,,,5.6,Passed,
SU2017,SU2017-class 2,7,1905FBCII,,,,,6.3,Passed,
SU2017,SU2017-class 2,8,1905JDBDF,,,,,8.2,Passed,
SU2017,SU2017-class 2,9,1905FBFFI,,,,,5.4,Passed,
SU2017,SU2017-class 2,10,1905FBBAF,,,,,5.3,Passed,
SU2017,SU2017-class 2,11,1905FBBIA,,,,,6.3,Passed,
SU2017,SU2017-class 2,12,1905FBDBI,,,,,2.5,Not Passed,
SU2017,SU2017-class 2,13,1905FBFAE,,,,,7.6,Passed,
SU2017,SU2017-class 2,14,1905FAJEE,,,,,2.4,Not Passed,
SU2017,SU2017-class 2,15,1905FAGGE,,,,,0,Not Passed,
SU2017,SU2017-class 2,16,1905FACDA,,,,,4.9,Not Passed,
SU2017,SU2017-class 2,17,1905FBCIF,,,,,5.5,Passed,
SU2017,SU2017-class 2,18,1905FBDCH,,,,,6,Passed,
SU2017,SU2017-class 2,19,1905FBFFG,,,,,0,Not Passed,
SU2017,SU2017-class 3,1,1905FBEIG,,,,,6.8,Passed,
SU2017,SU2017-class 3,2,1905FBEED,,,,,7.8,Passed,
SU2017,SU2017-class 3,3,1905FBEBB,,,,,8.3,Passed,
SU2017,SU2017-class 3,4,1905FBEGA,,,,,6.7,Passed,
SU2017,SU2017-class 3,5,1905FAGIF,,,,,0,Not Passed,
SU2017,SU2017-class 3,6,1905FBEEH,,,,,7.1,Passed,
SU2017,SU2017-class 3,7,1905FBEAI,,,,,7.3,Passed,
SU2017,SU2017-class 3,8,1905FBEIB,,,,,8.6,Passed,
SU2017,SU2017-class 3,9,1905FADGA,,,,,6.9,Passed,
SU2017,SU2017-class 3,10,1905FACCG,,,,,1.2,Not Passed,
SU2017,SU2017-class 3,11,1905FACDF,,,,,9.1,Passed,
SU2017,SU2017-class 3,12,1905FAEGH,,,,,4.8,Not Passed,
SU2017,SU2017-class 3,13,1905FAHIF,,,,,6.6,Passed,
SU2017,SU2017-class 3,14,1905FAEGF,,,,,0.7,Not Passed,
SU2017,SU2017-class 3,15,1905FBEHJ,,,,,6.2,Passed,
SU2017,SU2017-class 3,16,1905FBGJF,,,,,0.6,Not Passed,
SU2017,SU2017-class 3,17,1905FAHEG,,,,,4,Not Passed,
SU2017,SU2017-class 4,1,1905FAIIA,,,,,5.2,Passed,
SU2017,SU2017-class 4,2,1905FBEFC,,,,,5.7,Passed,
SU2017,SU2017-class 4,3,1905FBEDD,,,,,7.4,Passed,
SU2017,SU2017-class 4,4,1905FBJCD,,,,,5.5,Passed,
SU2017,SU2017-class 4,5,1905FBBED,,,,,4.9,Not Passed,
SU2017,SU2017-class 4,6,1905FBGEG,,,,,4.4,Not Passed,
SU2017,SU2017-class 4,7,1905FBGAJ,,,,,5.1,Passed,
SU2017,SU2017-class 4,8,1905FBFIH,,,,,6.1,Passed,
SU2017,SU2017-class 4,9,1905FBCEH,,,,,3.4,Not Passed,
SU2017,SU2017-class 4,10,1905FBJEJ,,,,,5.1,Passed,
SU2017,SU2017-class 4,11,1905FBEBE,,,,,6,Passed,
SU2017,SU2017-class 4,12,1905FAJGC,,,,,8.1,Passed,
SU2017,SU2017-class 4,13,1905FBGBI,,,,,5,Passed,
SU2017,SU2017-class 4,14,1905FBGJD,,,,,5,Passed,
SU2017,SU2017-class 4,15,1905FBEFB,,,,,5.9,Passed,
SU2017,SU2017-class 4,16,1905FADDF,,,,,5.6,Passed,
SU2017,SU2017-class 4,17,1905FAIIE,,,,,5,Passed,
SU2017,SU2017-class 4,18,1905FADCJ,,,,,0,Not Passed,
SU2017,SU2017-class 5,1,1905FAFGC,,,,,6.7,Passed,
SU2017,SU2017-class 5,2,1905FBFFH,,,,,0,Not Passed,
SU2017,SU2017-class 5,3,1905FBGFC,,,,,5.6,Passed,
SU2017,SU2017-class 5,4,1905FAIAI,,,,,6.8,Passed,
SU2017,SU2017-class 5,5,1905FBBEH,,,,,1.8,Not Passed,
SU2017,SU2017-class 5,6,1905FAGCE,,,,,7.4,Passed,
SU2017,SU2017-class 5,7,1905FBFJB,,,,,7.9,Passed,
SU2017,SU2017-class 5,8,1905FBGFD,,,,,6.5,Passed,
SU2017,SU2017-class 5,9,1905FBDGJ,,,,,6.8,Passed,
SU2017,SU2017-class 5,10,1905FAIGE,,,,,6.8,Passed,
SU2017,SU2017-class 5,11,1905FAHHE,,,,,5.8,Passed,
SU2017,SU2017-class 5,12,1905FBFHG,,,,,6.9,Passed,
SU2017,SU2017-class 5,13,1905FAHJC,,,,,7.4,Passed,
SU2017,SU2017-class 5,14,1905FBBGC,,,,,8.3,Passed,
SU2017,SU2017-class 5,15,1905FBCEC,,,,,7.7,Passed,
SU2017,SU2017-class 5,16,1905FBGBH,,,,,7.8,Passed,
SU2017,SU2017-class 5,17,1905FBGGD,,,,,5.8,Passed,
SU2017,SU2017-class 5,18,1905FBBIB,,,,,9,Passed,
SU2017,SU2017-class 5,19,1905FBEDC,,,,,7.4,Passed,
SU2017,SU2017-class 5,20,1905FBBIC,,,,,7.6,Passed,
SU2017,SU2017-class 5,21,1905FBEEE,,,,,8.2,Passed,
SU2017,SU2017-class 5,22,1905FBEFJ,,,,,5.8,Passed,
SU2017,SU2017-class 5,23,1905FBGEI,,,,,0.6,Not Passed,
SU2017,SU2017-class 5,24,1905FBDCD,,,,,8.3,Passed,
SU2017,SU2017-class 6,1,1905FBDGG,,,,,6.5,Passed,
SU2017,SU2017-class 6,2,1905FBAFC,,,,,8,Passed,
SU2017,SU2017-class 6,3,1905FBAHG,,,,,6.3,Passed,
SU2017,SU2017-class 6,4,1905FBGJA,,,,,5.6,Passed,
SU2017,SU2017-class 6,5,1905FBEBI,,,,,8.6,Passed,
SU2017,SU2017-class 6,6,1905FBFCF,,,,,5,Passed,
SU2017,SU2017-class 6,7,1905FBEEB,,,,,6.2,Passed,
SU2017,SU2017-class 6,8,1905FBBFF,,,,,6.4,Passed,
SU2017,SU2017-class 6,9,1905FBGGJ,,,,,7.9,Passed,
SU2017,SU2017-class 6,10,1905FBEAB,,,,,5.6,Passed,
SU2017,SU2017-class 6,11,1905FBAGC,,,,,0,Not Passed,
SU2017,SU2017-class 6,12,1905FBFFF,,,,,5.7,Passed,
SU2017,SU2017-class 6,13,1905FBJCI,,,,,6.3,Passed,
SU2017,SU2017-class 6,14,1905FBGBE,,,,,6.2,Passed,
SU2017,SU2017-class 6,15,1905FBBEB,,,,,0,Not Passed,
SU2017,SU2017-class 7,1,1905FBEAH,,,,,5.7,Passed,
SU2017,SU2017-class 7,2,1905FBFAJ,,,,,8.1,Passed,
SU2017,SU2017-class 7,3,1905FAGGC,,,,,0,Not Passed,
SU2017,SU2017-class 7,4,1905FBAIH,,,,,0.7,Not Passed,
SU2017,SU2017-class 7,5,1905FBDJB,,,,,0.9,Not Passed,
SU2017,SU2017-class 7,6,1905FBGFI,,,,,8.5,Passed,
SU2017,SU2017-class 7,7,1905FBDFE,,,,,5.1,Passed,
SU2017,SU2017-class 7,8,1905FBFAD,,,,,8.6,Passed,
SU2017,SU2017-class 7,9,1905FBFCE,,,,,5.8,Passed,
SU2017,SU2017-class 7,10,1905FBCCC,,,,,5.9,Passed,
SU2017,SU2017-class 7,11,1905FBFIG,,,,,5.5,Passed,
SU2017,SU2017-class 7,12,1905FBCCF,,,,,6.4,Passed,
SU2017,SU2017-class 7,13,1905FBJFB,,,,,0,Not Passed,
SU2017,SU2017-class 7,14,1905FBBGB,,,,,6,Passed,
SU2017,SU2017-class 7,15,1905FBBGE,,,,,8,Passed,
SU2017,SU2017-class 8,1,1905FBDJI,,,,,6.6,Passed,
SU2017,SU2017-class 8,2,1905FAIEE,,,,,7.3,Passed,
SU2017,SU2017-class 8,3,1905FBDIJ,,,,,6.3,Passed,
SU2017,SU2017-class 8,4,1905FBCGH,,,,,6.4,Passed,
SU2017,SU2017-class 8,5,1905FBACB,,,,,5.5,Passed,
SU2017,SU2017-class 8,6,1905FAFEC,,,,,5.8,Passed,
SU2017,SU2017-class 8,7,1905FABID,,,,,5.8,Passed,
SU2017,SU2017-class 8,8,1905FBDBC,,,,,5.9,Passed,
SU2017,SU2017-class 8,9,1905FBADA,,,,,6.6,Passed,
SU2017,SU2017-class 8,10,1905FJHDG,,,,,6.4,Passed,
SU2017,SU2017-class 8,11,1905FAIDH,,,,,6,Passed,
SU2017,SU2017-class 8,12,1905FACCG,,,,,0,Not Passed,
SU2017,SU2017-class 8,13,1905FAIEI,,,,,5.8,Passed,
SU2017,SU2017-class 8,14,1905FAEGH,,,,,6.5,Passed,
SU2017,SU2017-class 8,15,1905FBCEH,,,,,6.3,Passed,
SU2017,SU2017-class 8,16,1905FBGHA,,,,,5.1,Not Passed,
SU2017,SU2017-class 8,17,1905FAJEE,,,,,5.8,Passed,
SU2017,SU2017-class 8,18,1905FBDDC,,,,,6.7,Passed,
SU2017,SU2017-class 8,19,1905FAFDE,,,,,3.6,Not Passed,
SU2017,SU2017-class 8,20,1905FAHFF,,,,,6.5,Passed,
SU2017,SU2017-class 8,21,1905FACHC,,,,,5.6,Passed,
SU2017,SU2017-class 8,22,1905FBCCB,,,,,6.4,Passed,
SU2017,SU2017-class 8,23,1905FBCHC,,,,,6.2,Passed,
SU2017,SU2017-class 9,1,1905FBBAE,,,,,7.3,Passed,
SU2017,SU2017-class 9,2,1905FAIJB,,,,,5.9,Passed,
SU2017,SU2017-class 9,3,1905FBEBA,,,,,5.8,Passed,
SU2017,SU2017-class 9,4,1905FBCCJ,,,,,8.6,Passed,
SU2017,SU2017-class 9,5,1905FBDBG,,,,,4.3,Not Passed,
SU2017,SU2017-class 9,6,1905FBAGF,,,,,6.7,Passed,
SU2017,SU2017-class 9,7,1905FBBJB,,,,,0.9,Not Passed,
SU2017,SU2017-class 9,8,1905FBAIG,,,,,5.6,Passed,
SU2017,SU2017-class 9,9,1905FBAFG,,,,,5.8,Passed,
SU2017,SU2017-class 9,10,1905FBCFE,,,,,6.3,Passed,
SU2017,SU2017-class 9,11,1905FBCGB,,,,,7.1,Passed,
SU2017,SU2017-class 9,12,1905FBEDF,,,,,5.3,Passed,
SU2017,SU2017-class 9,13,1905FBECE,,,,,6,Passed,
SU2017,SU2017-class 9,14,1905FBAGB,,,,,9.9,Passed,
SU2017,SU2017-class 9,15,1905FBCGI,,,,,6.2,Passed,
SU2017,SU2017-class 9,16,1905FAIBH,,,,,5.2,Passed,
SU2017,SU2017-class 9,17,1905FBAGI,,,,,5.7,Passed,
SU2017,SU2017-class 9,18,1905FBCEJ,,,,,4,Not Passed,
SU2017,SU2017-class 9,19,1905FBCCE,,,,,5,Passed,
SU2018,SU2018-class 1,1,1905FBCFJ,,,10,4.9,7.8,Passed,8.2
SU2018,SU2018-class 1,2,1905FADHH,,,10,4.8,5.6,Passed,2.5
SU2018,SU2018-class 1,3,1905FBJDF,,,10,4.4,7.3,Passed,5.4
SU2018,SU2018-class 1,4,1905FCABD,,,10,5.4,6.6,Passed,4.2
SU2018,SU2018-class 1,5,1905FBCDI,,,0,0,0.1,Not Passed,0
SU2018,SU2018-class 1,6,1905FAFBJ,,,5,4.2,5.6,Passed,8.3
SU2018,SU2018-class 1,7,1905FCBBD,,,10,5.8,8.1,Passed,7.7
SU2018,SU2018-class 1,8,1905FAEJD,,,7,4.3,5.6,Passed,5.8
SU2018,SU2018-class 1,9,1905FAIED,,,10,5.2,7.2,Passed,6.2
SU2018,SU2018-class 1,10,1905FCJEI,,,10,4.2,7,Passed,6.1
SU2018,SU2018-class 1,11,1905FBDEH,,,10,5.5,7.4,Passed,5.9
SU2018,SU2018-class 1,12,1905FCEAA,,,2,3.4,4.8,Not Passed,8.1
SU2018,SU2018-class 1,13,1905FBIAB,,,0,0,0.8,Not Passed,0
SU2018,SU2018-class 1,14,1905FAHGD,,,4,4.6,4.8,Not Passed,5.7
SU2018,SU2018-class 1,15,1905FBFDA,,,10,6.5,8.4,Passed,8.5
SU2018,SU2018-class 1,16,1905FBGCA,,,10,5.4,7.3,Passed,6.8
SU2018,SU2018-class 1,17,1905FBCCH,,,10,3.2,7.1,Not Passed,8
SU2018,SU2018-class 1,18,1905FCEAC,,,10,7.3,8.4,Passed,7.6
SU2018,SU2018-class 1,19,1905FAIIF,,,10,5.6,7.9,Passed,7.6
SU2018,SU2018-class 2,1,1905FCJAD,,,7,5.4,7.2,Passed,8.7
SU2018,SU2018-class 2,2,1905FCBEJ,,,8,4.6,7,Passed,8.6
SU2018,SU2018-class 2,3,1905FAGHC,,,7,4,6.8,Passed,8.4
SU2018,SU2018-class 2,4,1905FBHGI,,,6,4.2,6.7,Passed,8.9
SU2018,SU2018-class 2,5,1905FCCBG,,,5,3.4,5.7,Not Passed,8
SU2018,SU2018-class 2,6,1905FBICI,,,8.5,6,7.7,Passed,8.6
SU2018,SU2018-class 2,7,1905FBAIH,,,1,0,3.1,Not Passed,5.3
SU2018,SU2018-class 2,8,1905FBEHH,,,8,4.4,6.7,Passed,8.7
SU2018,SU2018-class 2,9,1905FCBGC,,,5,4.2,6,Passed,7.3
SU2018,SU2018-class 2,10,1905FCDCB,,,5,4.8,6.6,Passed,8.4
SU2018,SU2018-class 2,11,1905FAGIF,,,5,0,3.7,Not Passed,4.5
SU2018,SU2018-class 2,12,1905FBCJG,,,8,3.8,7.1,Not Passed,8.9
SU2018,SU2018-class 2,13,1905FCEFH,,,5,4.4,6.3,Passed,8.5
SU2018,SU2018-class 2,14,1905FBFGH,,,1,0,2.5,Not Passed,4.1
SU2018,SU2018-class 2,15,1905FCDBD,,,7,5.2,6.9,Passed,7.4
SU2018,SU2018-class 2,16,1905FBCIG,,,7,0,5.2,Not Passed,8.3
SU2018,SU2018-class 2,17,1905FBGHA,,,8,3.6,6.5,Not Passed,7.6
SU2018,SU2018-class 2,18,1905FBGCB,,,6,3.6,6,Not Passed,7.9
SU2018,SU2018-class 2,19,1905FBGAH,,,8,3.2,6.7,Not Passed,8.6
SU2018,SU2018-class 2,20,1905FAJCF,,,1,0,2.9,Not Passed,5
SU2018,SU2018-class 2,21,1905FBGED,,,7,4.2,6.3,Passed,8.5
SU2018,SU2018-class 2,22,1905FBGCA,,,5,0,3.8,Not Passed,4.9
SU2018,SU2018-class 2,23,1905FCBDD,,,8,3,6.8,Not Passed,9.1
SU2018,SU2018-class 2,24,1905FBFBB,,,7,3.2,6.5,Not Passed,8.6
SU2018,SU2018-class 2,25,1905FCAGG,,,6,3.4,6.4,Not Passed,8.3
SU2018,SU2018-class 2,26,1905FCJHD,,,5,4.4,5.7,Passed,8.1
SU2018,SU2018-class 2,27,1905FAHGI,,,1,0,2.7,Not Passed,4.4
SU2018,SU2018-class 2,28,1905FBFFG,,,9,3.8,7.5,Not Passed,9.6
SU2018,SU2018-class 2,29,1905FCCGE,,,7,5.4,7.4,Passed,8.8
SU2018,SU2018-class 2,30,1905FADCJ,,,0,0,0,Not Passed,0
SU2018,SU2018-class 3,1,1905FBFGE,,,3,2.8,4.4,Not Passed,6.8
SU2018,SU2018-class 3,2,1905FCEDG,,,8,4.4,6.9,Passed,7.5
SU2018,SU2018-class 3,3,1905FCBEA,,,0,0,0,Not Passed,0
SU2018,SU2018-class 3,4,1905JECDD,,,10,7.6,8.9,Passed,8.8
SU2018,SU2018-class 3,5,1905FCJBB,,,0,0,0,Not Passed,0
SU2018,SU2018-class 3,6,1905FCEBC,,,5,5.8,6.6,Passed,9
SU2018,SU2018-class 3,7,1905JFJII,,,0,0,0,Not Passed,0
SU2018,SU2018-class 3,8,1905FBDBJ,,,9,5.2,7.2,Passed,7
SU2018,SU2018-class 3,9,1905FCCFB,,,7,6.8,7.4,Passed,7.5
SU2018,SU2018-class 3,10,1905FCAEH,,,7,6.2,7,Passed,8.3
SU2018,SU2018-class 3,11,1905FCACF,,,1,3.6,3.9,Not Passed,5.8
SU2018,SU2018-class 3,12,1905FCBAJ,,,0,0,0,Not Passed,0
SU2018,SU2018-class 3,13,1905FCCEE,,,4,4.2,5.4,Passed,8.3
SU2018,SU2018-class 3,14,1905FCADE,,,7,4,6.3,Passed,8.3
SU2018,SU2018-class 3,15,1905FCCJF,,,1,2.6,4.1,Not Passed,9
SU2018,SU2018-class 3,16,1905FCDEI,,,2.5,3,4.9,Not Passed,8.5
SU2018,SU2018-class 3,17,1905FCEEC,,,1,2.2,4.1,Not Passed,9
SU2018,SU2018-class 3,18,1905FCEFC,,,6,6,6.8,Passed,8.3
SU2018,SU2018-class 3,19,1905FCCFF,,,7,4.8,6.6,Passed,9
SU2018,SU2018-class 3,20,1905FCCJA,,,0,0,0,Not Passed,0
SU2018,SU2018-class 3,21,1905FCCDF,,,0,0,0,Not Passed,0
SU2018,SU2018-class 3,22,1905FBHHD,,,7,6.2,7.3,Passed,9.3
SU2018,SU2018-class 3,23,1905FBIJH,,,4,4.6,5,Passed,6.8
SU2018,SU2018-class 3,24,1905FBCEJ,,,1,4,4.6,Not Passed,8.8
SU2018,SU2018-class 3,25,1905FBIGE,,,2.5,4.8,5.2,Passed,8
SU2018,SU2018-class 4,1,1905FAEEG,,,6,4,6.2,Passed,8.8
SU2018,SU2018-class 4,2,1905FCAJA,,,7,5.6,7.1,Passed,9
SU2018,SU2018-class 4,3,1905FCCFE,,,7,5.2,7,Passed,7.5
SU2018,SU2018-class 4,4,1905FCEGC,,,6,4.8,5.1,Passed,3
SU2018,SU2018-class 4,5,1905FAGIA,,,10,5.6,7.6,Passed,7.8
SU2018,SU2018-class 4,6,1905JFJJJ,,,6,4.4,6.4,Passed,9.3
SU2018,SU2018-class 4,7,1905FCJDG,,,4,5.6,4.8,Not Passed,4
SU2018,SU2018-class 4,8,1905FCBJC,,,6,5.4,7,Passed,9
SU2018,SU2018-class 4,9,1905FCDEC,,,7,5.2,6.4,Passed,6.8
SU2018,SU2018-class 4,10,1905FAHAH,,,0,0,0,Not Passed,0
SU2018,SU2018-class 4,11,1905FCEAB,,,4,6.2,6.1,Passed,8.8
SU2018,SU2018-class 4,12,1905FBDJG,,,0,0,0,Not Passed,0
SU2018,SU2018-class 4,13,1905FCAGF,,,7,5,6.6,Passed,8.3
SU2018,SU2018-class 4,14,1905FCEHE,,,4,4,5.5,Passed,8.5
SU2018,SU2018-class 4,15,1905FBEFA,,,5,4.8,5.8,Passed,8.8
SU2018,SU2018-class 4,16,1905FCAJB,,,7,4.8,6.1,Passed,6.5
SU2018,SU2018-class 4,17,1905FCJDB,,,4,5,5.6,Passed,7.8
SU2018,SU2018-class 4,18,1905FAHGD,,,3,0,3.4,Not Passed,4.8
SU2018,SU2018-class 4,19,1905FBADE,,,0,0,0,Not Passed,0
SU2018,SU2018-class 4,20,1905FCBCB,,,0,0,0,Not Passed,0
SU2018,SU2018-class 4,21,1905FCBHB,,,9.5,4.8,7.8,Passed,8.5
SU2018,SU2018-class 4,22,1905FCAGH,,,7,4,6.3,Passed,8
SU2018,SU2018-class 4,23,1905FCEJJ,,,7,5.2,7.2,Passed,8.5
SU2018,SU2018-class 4,24,1905FCDAD,,,7,6,7.4,Passed,9
SU2018,SU2018-class 4,25,1905FCDJA,,,4,3.2,5.5,Not Passed,8.8
SU2018,SU2018-class 4,26,1905FCCAF,,,7,4.4,6.3,Passed,6.5
SU2018,SU2018-class 4,27,1905FCBAH,,,7,4.2,6.2,Passed,7.5
SU2018,SU2018-class 4,28,1905FCCEB,,,7,4.4,6.5,Passed,8
SU2018,SU2018-class 4,29,1905FCDFG,,,4,3.4,5.2,Not Passed,8.3
SU2018,SU2018-class 4,30,1905FBHGE,,,10,8.4,9,Passed,8
SU2018,SU2018-class 5,1,1905FADHH,,,0,0,0,Not Passed,0
SU2018,SU2018-class 5,2,1905FCEGF,,,2,4.2,5.1,Passed,7.7
SU2018,SU2018-class 5,3,1905FBHBE,,,3,4.6,5.7,Passed,7.2
SU2018,SU2018-class 5,4,1905FCCIG,,,8,5.6,7.4,Passed,7.4
SU2018,SU2018-class 5,5,1905FAEFH,,,4,5.4,5.7,Passed,8.2
SU2018,SU2018-class 5,6,1905FCAHA,,,0,0,0,Not Passed,0
SU2018,SU2018-class 5,7,1905FBDBG,,,0,0,0.8,Not Passed,3.9
SU2018,SU2018-class 5,8,1905FCJJG,,,2,5.2,5.5,Passed,6.5
SU2018,SU2018-class 5,9,1905FAHCG,,,2,0,2.5,Not Passed,7
SU2018,SU2018-class 5,10,1905FCABC,,,7,5.4,7,Passed,7.9
SU2018,SU2018-class 5,11,1905FCDEJ,,,2,4,4.5,Not Passed,5.9
SU2018,SU2018-class 5,12,1905FCDFC,,,4,8.2,6.8,Passed,6.5
SU2018,SU2018-class 5,13,1905FCAHE,,,5,7,7,Passed,8
SU2018,SU2018-class 5,14,1905FCJHG,,,6,5.2,5.9,Passed,7.5
SU2018,SU2018-class 5,15,1905FBHFF,,,2,5.6,5.5,Passed,7.2
SU2018,SU2018-class 5,16,1905FBAFI,,,0,0,0,Not Passed,0
SU2018,SU2018-class 5,17,1905FCAIE,,,5,4.6,6.3,Passed,7
SU2018,SU2018-class 5,18,1905FBIHI,,,0,0,0,Not Passed,0
SU2018,SU2018-class 5,19,1905FCAHB,,,3,4.6,5.5,Passed,7.2
SU2018,SU2018-class 5,20,1905FBCEA,,,0,0,1.2,Not Passed,3.9
SU2018,SU2018-class 5,21,1905FCEJD,,,2,6.2,5.1,Passed,7
SU2018,SU2018-class 5,22,1905FCBIB,,,2,3,4,Not Passed,7.5
SU2018,SU2018-class 5,23,1905FCCFH,,,0,0,0,Not Passed,0
SU2018,SU2018-class 6,1,1905FCACA,,,4.5,5,5.9,Passed,7.5
SU2018,SU2018-class 6,2,1905FBJDF,,,3,3.8,4.6,Not Passed,7.8
SU2018,SU2018-class 6,3,1905FBCDI,,,0,0,0,Not Passed,0
SU2018,SU2018-class 6,4,1905FBDFG,,,1.5,3.8,4.6,Not Passed,7.8
SU2018,SU2018-class 6,5,1905FBIHC,,,2,3.8,4.9,Not Passed,6.5
SU2018,SU2018-class 6,6,1905FAEID,,,5,5.4,6.5,Passed,7.5
SU2018,SU2018-class 6,7,1905FBICC,,,8.5,4.4,7.5,Passed,8.5
SU2018,SU2018-class 6,8,1905FCAHG,,,6.5,4.8,7.2,Passed,8.8
SU2018,SU2018-class 6,9,1905FBDJB,,,0,0,2.2,Not Passed,7.5
SU2018,SU2018-class 6,10,1905FCJFE,,,5.5,4,6.1,Passed,7.5
SU2018,SU2018-class 6,11,1905FCEJC,,,9.5,6,8.4,Passed,8.8
SU2018,SU2018-class 6,12,1905FBIIG,,,3,5.6,6.3,Passed,8.8
SU2018,SU2018-class 6,13,1905FCCFJ,,,4.5,4.4,5.6,Passed,6.5
SU2018,SU2018-class 6,14,1905FBHHG,,,6,5.4,6.9,Passed,8.3
SU2018,SU2018-class 6,15,1905FBIDH,,,1,3.4,2.6,Not Passed,4
SU2018,SU2018-class 6,16,1905FBGIE,,,3.5,4.6,5.2,Passed,5.5
SU2018,SU2018-class 6,17,1905FCJCF,,,0,0,0.8,Not Passed,1.5
SU2018,SU2018-class 6,18,1905FBDCI,,,2,4,5.1,Passed,8.8
SU2018,SU2018-class 6,19,1905FBIFC,,,0,0,0,Not Passed,0
SU2018,SU2018-class 6,20,1905FCJHI,,,1,0,2,Not Passed,3.8
SU2018,SU2018-class 6,21,1905FCCEF,,,3.5,5,6.2,Passed,8
SU2018,SU2018-class 6,22,1905JEFIF,,,0,0,1.7,Not Passed,3
SU2018,SU2018-class 6,23,1905FCBHE,,,10,4.8,8.4,Passed,10
SU2018,SU2018-class 6,24,1905FCBDH,,,1,0,1.6,Not Passed,5.8
SU2018,SU2018-class 6,25,1905FCCHG,,,8,5.6,7.7,Passed,8
SU2018,SU2018-class 6,26,1905FCJEE,,,3,4.8,5.4,Passed,7.8
SU2018,SU2018-class 6,27,1905FCBAF,,,3.5,4.4,5.5,Passed,6
SU2018,SU2018-class 6,28,1905FCJGE,,,6,5.8,7.3,Passed,8.8
SU2018,SU2018-class 6,29,1905FAFEA,,,0,0,2.9,Not Passed,8.5
SU2018,SU2018-class 6,30,1905FCJIE,,,4,3,5.5,Not Passed,8.8
SU2018,SU2018-class 7,1,1905FCJEA,,,0,0,0,Not Passed,0
SU2018,SU2018-class 7,2,1905FCACH,,,4,4.4,5.6,Passed,8.5
SU2018,SU2018-class 7,3,1905FCBBA,,,1,3.4,3.8,Not Passed,8.5
SU2018,SU2018-class 7,4,1905FCBDB,,,0,0,0,Not Passed,0
SU2018,SU2018-class 7,5,1905FCABD,,,1,0,0.3,Not Passed,0
SU2018,SU2018-class 7,6,1905FBHHA,,,3,4.6,5.6,Passed,9.1
SU2018,SU2018-class 7,7,1905FCBFJ,,,0,0,0.6,Not Passed,0
SU2018,SU2018-class 7,8,1905FBHAJ,,,5,5.4,6.3,Passed,7.5
SU2018,SU2018-class 7,9,1905FBFDJ,,,0,0,0,Not Passed,0
SU2018,SU2018-class 7,10,1905FADHG,,,0,0,0,Not Passed,0
SU2018,SU2018-class 7,11,1905FCCGI,,,5,5.8,6.4,Passed,8.8
SU2018,SU2018-class 7,12,1905FBIDJ,,,4,5,6,Passed,8.8
SU2018,SU2018-class 7,13,1905FBIBI,,,3,4.8,5.7,Passed,8.2
SU2018,SU2018-class 7,14,1905FCAGC,,,0,0,0,Not Passed,0
SU2018,SU2018-class 7,15,1905FCBDA,,,8,8,8.2,Passed,7.8
SU2018,SU2018-class 7,16,1905FBFEJ,,,0,0,0,Not Passed,0
SU2018,SU2018-class 7,17,1905FBIJB,,,0,0,0.6,Not Passed,0
SU2018,SU2018-class 7,18,1905FCAII,,,0,0,0,Not Passed,0
SU2018,SU2018-class 7,19,1905FCJED,,,3,5.4,5.9,Passed,9.4
SU2018,SU2018-class 7,20,1905FCBJG,,,4,6.4,6.6,Passed,8.7
SU2018,SU2018-class 7,21,1905FBFHA,,,3,3.4,4.4,Not Passed,8.8
SU2018,SU2018-class 7,22,1905FBHCD,,,1,4.4,4.8,Not Passed,8.2
SU2018,SU2018-class 7,23,1905FCAEF,,,3,2.6,4.2,Not Passed,8.7
SU2019,SU2019-class 1,1,1905FCJEA,,,6,3.6,5.3,Not Passed,7
SU2019,SU2019-class 1,2,1905FBFGD,,,5,5.4,5.3,Passed,6
SU2019,SU2019-class 1,3,1905ACJDIJ,,,7,4.6,5.9,Passed,6
SU2019,SU2019-class 1,4,1905FBIHC,,,5,4.4,5.1,Passed,6.5
SU2019,SU2019-class 1,5,1905ACJDHA,,,8,6.4,6.8,Passed,6.5
SU2019,SU2019-class 1,6,1905ACJJAG,,,7,6.6,6.5,Passed,5.5
SU2019,SU2019-class 1,7,1905FCCCI,,,8,6.4,6.9,Passed,7.5
SU2019,SU2019-class 1,8,1905ACJGGE,,,5,5,5.1,Passed,4.5
SU2019,SU2019-class 1,9,1905FCDAI,,,0,0,0,Not Passed,0
SU2019,SU2019-class 1,10,1905FBAFI,,,0,0,0,Not Passed,0
SU2019,SU2019-class 1,11,1905FCJHI,,,0,0,0,Not Passed,0
SU2019,SU2019-class 1,12,1905ACJGDB,,,8,7,7,Passed,5
SU2019,SU2019-class 1,13,1905FCDJA,,,7,4.8,6.1,Passed,6
SU2019,SU2019-class 1,14,1905FCEBH,,,6,4.6,6.1,Passed,7.5
SU2019,SU2019-class 1,15,1905FBGCG,,,5,5.1,4.8,Not Passed,5
SU2019,SU2019-class 1,16,1905FBIGF,,,6,5.2,5.1,Passed,4.5
SU2019,SU2019-class 1,17,1905ACJDJC,,,9,5.2,7.2,Passed,6.5
SU2019,SU2019-class 1,18,1905FCBIB,,,6,5.2,5.8,Passed,7
SU2019,SU2019-class 2,1,1905FBIBC,,,9,4.8,7.4,Passed,8.5
SU2019,SU2019-class 2,2,1905FBFCD,,,0,0,0,Not Passed,0
SU2019,SU2019-class 2,3,1905FCBEA,,,0,0,0,Not Passed,0
SU2019,SU2019-class 2,4,1905ACJBBB,,,0,0,0,Not Passed,0
SU2019,SU2019-class 2,5,1905FBBEH,,,8,3.8,6.2,Not Passed,8
SU2019,SU2019-class 2,6,1905FCACB,,,5,5.4,5.1,Passed,5
SU2019,SU2019-class 2,7,1905FCJIH,,,7,4.8,6,Passed,7
SU2019,SU2019-class 2,8,1905ACJBEH,,,6,4.8,5.4,Passed,5.5
SU2019,SU2019-class 2,9,1905FCACF,,,8,5.4,6.6,Passed,7
SU2019,SU2019-class 2,10,1905FBFGI,,,9,6,7.5,Passed,7.5
SU2019,SU2019-class 2,11,1905ACJGCD,,,9,6,8.1,Passed,9
SU2019,SU2019-class 2,12,1905FAFHJ,,,6,5.4,5.3,Passed,4.5
SU2019,SU2019-class 2,13,1905FBIDH,,,4,5.2,4.9,Not Passed,6.5
SU2019,SU2019-class 2,14,1905FBFEJ,,,6,5,5.5,Passed,7
SU2019,SU2019-class 2,15,1905FBIHI,,,0,0,0,Not Passed,0
SU2019,SU2019-class 2,16,1905ADAAHJ,,,0,0,0,Not Passed,0
SU2019,SU2019-class 2,17,1905FCAEF,,,4,3.4,4.4,Not Passed,7
SU2019,SU2019-class 2,18,1905FCJEB,,,6,6.2,5.9,Passed,4.5
SU2019,SU2019-class 2,19,1905FCDFG,,,8,4.4,6.2,Passed,6.5
SU2019,SU2019-class 3,1,1905ACJFIE,,,1,0,2.2,Not Passed,7.7
SU2019,SU2019-class 3,2,1905ACJDHI,,,8,6.8,7.6,Passed,9.1
SU2019,SU2019-class 3,3,1905ACJCEH,,,7,7.4,7.6,Passed,8
SU2019,SU2019-class 3,4,1905ACJGJI,,,6,6.2,6.8,Passed,8.9
SU2019,SU2019-class 3,5,1905FCDDI,,,0,0,1.4,Not Passed,6.8
SU2019,SU2019-class 3,6,1905ACJECC,,,9,6.2,8.1,Passed,9
SU2019,SU2019-class 3,7,1905FBBJB,,,0,0,0,Not Passed,0
SU2019,SU2019-class 3,8,1905ADJJJI,,,5,8.2,7.1,Passed,9.1
SU2019,SU2019-class 3,9,1905ACJBJI,,,5,5.8,5.4,Passed,8.8
SU2019,SU2019-class 3,10,1905FBBED,,,5,6.4,6,Passed,8
SU2019,SU2019-class 3,11,1905FBGEG,,,0,0,2,Not Passed,7.6
SU2019,SU2019-class 3,12,1905ACJBAB,,,0,0,1.7,Not Passed,8.4
SU2019,SU2019-class 3,13,1905ACJCGD,,,1,0,2.4,Not Passed,8.6
SU2019,SU2019-class 3,14,1905ACJCBA,,,5,6.2,6.2,Passed,6.6
SU2019,SU2019-class 3,15,1905ACJGBF,,,8,6.4,7.9,Passed,9.4
SU2019,SU2019-class 3,16,1905FCDEI,,,4,4.6,4.7,Not Passed,8.2
SU2019,SU2019-class 3,17,1905ACJABF,,,0,0,1.4,Not Passed,6.8
SU2019,SU2019-class 3,18,1905ACJCFD,,,5,5.6,5.3,Passed,8.4
SU2019,SU2019-class 3,19,1905ACJAIE,,,7,6,7.1,Passed,8.6
SU2019,SU2019-class 3,20,1905ACJJDB,,,5,3.8,4.6,Not Passed,8.4
SU2019,SU2019-class 3,21,1905FCDFH,,,0,0,0.5,Not Passed,2.5
SU2019,SU2019-class 3,22,1905FCAFI,,,2,0,2.2,Not Passed,6.5
SU2019,SU2019-class 3,23,1905FCJCH,,,0,0,0,Not Passed,0
SU2019,SU2019-class 3,24,1905ACJDJC,,,0,0,1.9,Not Passed,8.6
SU2019,SU2019-class 4,1,1905ACJDDI,,,8,7,8,Passed,9
SU2019,SU2019-class 4,2,1905ACJAGA,,,0,0,1.7,Not Passed,8.3
SU2019,SU2019-class 4,3,1905ACJBJH,,,0,0,1.1,Not Passed,5.7
SU2019,SU2019-class 4,4,1905ACJJFH,,,0,0,1.8,Not Passed,9.1
SU2019,SU2019-class 4,5,1905ACJEIA,,,2,3,3.7,Not Passed,8.9
SU2019,SU2019-class 4,6,1905ACJBHE,,,0,0,0.6,Not Passed,2.9
SU2019,SU2019-class 4,7,1905ACJEGE,,,0,0,0.6,Not Passed,3.2
SU2019,SU2019-class 4,8,1905ACJBFD,,,7,6,7.5,Passed,9.4
SU2019,SU2019-class 4,9,1905ACJCDB,,,4,4.3,5.1,Passed,9
SU2019,SU2019-class 4,10,1905ACJGGC,,,6,4.4,5.9,Passed,8.6
SU2019,SU2019-class 4,11,1905ACJBCI,,,4,5.6,5.1,Passed,8.8
SU2019,SU2019-class 4,12,1905ACJDDH,,,7,7.2,7.7,Passed,9
SU2019,SU2019-class 4,13,1905ACJADJ,,,0,0,1.3,Not Passed,6.5
SU2019,SU2019-class 4,14,1905ACJEFF,,,6,7.4,7.4,Passed,8.8
SU2019,SU2019-class 4,15,1905ACJAFI,,,0,0,1.4,Not Passed,7
SU2019,SU2019-class 4,16,1905ACJEEJ,,,8,7,7.7,Passed,8.4
SU2019,SU2019-class 4,17,1905ACJBJD,,,9,7,8.3,Passed,9.2
SU2019,SU2019-class 4,18,1905ACJBBC,,,6,6.4,6.3,Passed,7.9
SU2019,SU2019-class 4,19,1905ACJACH,,,6,7.6,7.2,Passed,7.9
SU2019,SU2019-class 4,20,1905ACJEGB,,,4,6,5,Passed,7.9
SU2019,SU2019-class 5,1,1905FBAEA,,,5.5,4.2,5,Passed,5.1
SU2019,SU2019-class 5,2,1905ACJFBB,,,5,6,6.5,Passed,8.3
SU2019,SU2019-class 5,3,1905ACJCEB,,,5.5,6.2,6.2,Passed,7.9
SU2019,SU2019-class 5,4,1905ACJBEI,,,8,7,7.6,Passed,7.4
SU2019,SU2019-class 5,5,1905ACJGJH,,,9.5,6.2,7.9,Passed,6.1
SU2019,SU2019-class 5,6,1905ACJFCF,,,7,5.8,7.2,Passed,7.7
SU2019,SU2019-class 5,7,1905ACJEII,,,8,6.6,7.6,Passed,7.9
SU2019,SU2019-class 5,8,1905ACJFEE,,,7,0,4.3,Not Passed,5.7
SU2019,SU2019-class 5,9,1905ACJGAC,,,10,7.6,8.5,Passed,6.1
SU2019,SU2019-class 5,10,1905ACJBBJ,,,0,0,0,Not Passed,0
SU2019,SU2019-class 5,11,1905FBJJA,,,5,4,5.4,Passed,8.3
SU2019,SU2019-class 5,12,1905ACJBBD,,,5.5,5.6,6.3,Passed,7.9
SU2019,SU2019-class 5,13,1905FBCIG,,,5,0,3.9,Not Passed,6.4
SU2019,SU2019-class 5,14,1905ACJCJB,,,5.5,4.8,5.3,Passed,5.9
SU2019,SU2019-class 5,15,1905ACJFGH,,,5.5,5.4,5.6,Passed,6.2
SU2019,SU2019-class 5,16,1905ACJBBA,,,0,0,0.3,Not Passed,1.5
SU2019,SU2019-class 5,17,1905ACJFCG,,,7,4.7,6.3,Passed,7.3
SU2019,SU2019-class 5,18,1905ACJDDG,,,9.5,7,8.4,Passed,8
SU2019,SU2019-class 5,19,1905ACJABA,,,0,0,0,Not Passed,0
SU2019,SU2019-class 5,20,1905FCCIJ,,,5.5,6.8,6.1,Passed,6
SU2019,SU2019-class 5,21,1905FCEEE,,,0,0,0,Not Passed,0
SU2019,SU2019-class 5,22,1905ACJFDJ,,,5.5,5.4,6.1,Passed,8.4
SU2019,SU2019-class 5,23,1905ACJJIB,,,9,5.6,7.5,Passed,6
SU2019,SU2019-class 6,1,1905ACJBIE,,,0,0,1.8,Not Passed,8
SU2019,SU2019-class 6,2,1905ACJACJ,,,0,0,1.7,Not Passed,8.3
SU2019,SU2019-class 6,3,1905ACJACB,,,5,7,6.9,Passed,8.1
SU2019,SU2019-class 6,4,1905ACJACG,,,6,5.2,6.2,Passed,8.2
SU2019,SU2019-class 6,5,1905ACJDIG,,,4,7.4,6.2,Passed,7.5
SU2019,SU2019-class 6,6,1905FBFDJ,,,2,4.8,3.9,Not Passed,7.9
SU2019,SU2019-class 6,7,1905ACJBIC,,,0,0,1.8,Not Passed,9
SU2019,SU2019-class 6,8,1905FBDFD,,,2,4,3.8,Not Passed,7.8
SU2019,SU2019-class 6,9,1905ACJJGD,,,7,6.2,7.2,Passed,9
SU2019,SU2019-class 6,10,1905ACJDBB,,,6,6.6,6.2,Passed,7.2
SU2019,SU2019-class 6,11,1905FCAIG,,,5,5.8,5.4,Passed,6.7
SU2019,SU2019-class 6,12,1905FCDEJ,,,0,0,0.3,Not Passed,1.3
SU2019,SU2019-class 6,13,1905ACJBCA,,,0,0,1.7,Not Passed,8.2
SU2019,SU2019-class 6,14,1905ACJAGB,,,4,5.1,4.7,Not Passed,7.5
SU2019,SU2019-class 6,15,1905ACJDFF,,,0,4.2,3.1,Not Passed,8.2
SU2019,SU2019-class 6,16,1905FBIAB,,,0,0,0,Not Passed,0
SU2019,SU2019-class 6,17,1905ACJFDA,,,7,6.4,6.9,Passed,8.1
SU2019,SU2019-class 6,18,1905ACJCBB,,,5.5,6.2,6.4,Passed,7.9
SU2019,SU2019-class 6,19,1905ACJGFB,,,0,0,1.7,Not Passed,8.5
SU2019,SU2019-class 6,20,1905ACJFAC,,,3,5.4,5,Passed,7.6
SU2019,SU2019-class 6,21,1905FBGAA,,,2,4.1,3.9,Not Passed,8.4
SU2019,SU2019-class 6,22,1905ACJCDF,,,7,7.2,7.6,Passed,7.9
SU2019,SU2019-class 6,23,1905ACJFHG,,,0,0,0.2,Not Passed,1
SU2019,SU2019-class 6,24,1905FBFHA,,,0,0,0,Not Passed,0
SU2019,SU2019-class 6,25,1905ACJEGH,,,0,0,0.3,Not Passed,1.5
SU2019,SU2019-class 7,1,1905ACJEIE,,,8,7,7.2,Passed,7.5
SU2019,SU2019-class 7,2,1905ACJDIH,,,6,5,5.6,Passed,8
SU2019,SU2019-class 7,3,1905ACJFAD,,,0,0,1.7,Not Passed,8.6
SU2019,SU2019-class 7,4,1905ACJJBG,,,0,0,0.4,Not Passed,1.9
SU2019,SU2019-class 7,5,1905ACJEGG,,,0,0,0.5,Not Passed,2.5
SU2019,SU2019-class 7,6,1905ACJEGF,,,0,0,2.3,Not Passed,9.4
SU2019,SU2019-class 7,7,1905ACJBJE,,,8,7.2,7.4,Passed,8.4
SU2019,SU2019-class 7,8,1905ACJGFC,,,0,0,0,Not Passed,0
SU2019,SU2019-class 7,9,1905ACJEDC,,,4,5.4,5.2,Passed,8.7
SU2019,SU2019-class 7,10,1905ACJAJH,,,4,5.6,5.2,Passed,7.9
SU2019,SU2019-class 7,11,1905FBFGH,,,0,0,0.2,Not Passed,1.1
SU2019,SU2019-class 7,12,1905ACJEAJ,,,5,5,5.4,Passed,8.9
SU2019,SU2019-class 7,13,1905FCJHA,,,4,4.4,5.3,Passed,8.7
SU2019,SU2019-class 7,14,1905ACJEJF,,,8,8.4,8.4,Passed,9.5
SU2019,SU2019-class 7,15,1905ACJDEG,,,4,5.4,5,Passed,7.4
SU2019,SU2019-class 7,16,1905FBBHD,,,0,0,1.5,Not Passed,7.5
SU2019,SU2019-class 7,17,1905FCBEI,,,0,0,0.7,Not Passed,3.6
SU2019,SU2019-class 7,18,1905ACJGAB,,,0,0,0,Not Passed,0
SU2019,SU2019-class 7,19,1905ACJFEF,,,7,6.6,6.6,Passed,9.2
SU2019,SU2019-class 7,20,1905FBAFI,,,0,0,0.4,Not Passed,2.2
SU2019,SU2019-class 7,21,1905JDBEG,,,0,0,0,Not Passed,0
SU2019,SU2019-class 7,22,1905ACJAHH,,,0,0,1.4,Not Passed,6.8
SU2019,SU2019-class 7,23,1905FBIAF,,,4,5.8,5.1,Passed,8.2
SU2019,SU2019-class 7,24,1905ACJGDA,,,5,6.6,6.1,Passed,7.5
SU2019,SU2019-class 7,25,1905ACJDHC,,,4,6.4,6.1,Passed,9
SU2019,SU2019-class 8,1,1905FBBII,,,5,4.6,6.1,Passed,8.1
SU2019,SU2019-class 8,2,1905FCBDB,,,8,6.6,7.4,Passed,7.5
SU2019,SU2019-class 8,3,1905FBDEC,,,10,4.6,6.6,Passed,4.5
SU2019,SU2019-class 8,4,1905ACJDCB,,,7,6.8,7,Passed,7.2
SU2019,SU2019-class 8,5,1905ACJGDJ,,,8,6.4,7.5,Passed,8.6
SU2019,SU2019-class 8,6,1905ACJGEA,,,10,6.4,8.4,Passed,8
SU2019,SU2019-class 8,7,1905FCCHD,,,0,0,0,Not Passed,0
SU2019,SU2019-class 8,8,1905FBAIH,,,5,5,5.3,Passed,7.8
SU2019,SU2019-class 8,9,1905FBFAI,,,10,6.6,8.4,Passed,8.6
SU2019,SU2019-class 8,10,1905ACJCEF,,,10,6.4,7.8,Passed,7.3
SU2019,SU2019-class 8,11,1905FCDJC,,,8,5.6,6.7,Passed,6.3
SU2019,SU2019-class 8,12,1905ACJAJA,,,9,7.6,8.6,Passed,8.7
SU2019,SU2019-class 8,13,1905FCCDC,,,7,5.2,5.7,Passed,2.7
SU2019,SU2019-class 8,14,1905ACJCCC,,,0,0,1.8,Not Passed,3.5
SU2019,SU2019-class 8,15,1905ACJBJC,,,10,6,8.4,Passed,8.9
SU2019,SU2019-class 8,16,1905ACJCIG,,,7,5.6,7.1,Passed,7.6
SU2019,SU2019-class 8,17,1905FBFCC,,,7,4.8,6.6,Passed,7.4
SU2019,SU2019-class 8,18,1905ACJJHE,,,10,7.4,8.7,Passed,8.5
SU2019,SU2019-class 8,19,1905ACJFGG,,,9,7.4,8.5,Passed,8.7
SU2019,SU2019-class 8,20,1905FCBAI,,,10,4.8,7.5,Passed,7.4
SU2019,SU2019-class 8,21,1905ACJEJA,,,7,6,7.3,Passed,8.2
SU2019,SU2019-class 8,22,1905ACJFID,,,10,7.2,8.5,Passed,7.3
SU2019,SU2019-class 8,23,1905ACJDBJ,,,10,8.2,8.9,Passed,8
SU2019,SU2019-class 8,24,1905FCJAJ,,,10,7,8.6,Passed,8.5
SU2019,SU2019-class 8,25,1905FCBEC,,,0,0,0,Not Passed,0
SU2019,SU2019-class 8,26,1905ACJCJA,,,7,4.8,6.2,Passed,6.1
SU2019,SU2019-class 9,1,1905ACJGBG,,,7,6,7.1,Passed,8.2
SU2019,SU2019-class 9,2,1905ACJAJF,,,6,5.4,6,Passed,7.6
SU2019,SU2019-class 9,3,1905FCDDG,,,0,0,0.2,Not Passed,1.2
SU2019,SU2019-class 9,4,1905ACJAAA,,,7,5,6.7,Passed,7.4
SU2019,SU2019-class 9,5,1905ACJAAJ,,,6,4.8,5.7,Passed,5.8
SU2019,SU2019-class 9,6,1905ACJBIH,,,6,6.2,6.2,Passed,7.6
SU2019,SU2019-class 9,7,1905ACJBGF,,,6,3.6,5.7,Not Passed,8.1
SU2019,SU2019-class 9,8,1905ACJDJF,,,6,5.4,5.9,Passed,7.2
SU2019,SU2019-class 9,9,1905ACJEGI,,,9,5.8,7.9,Passed,7.9
SU2019,SU2019-class 9,10,1905FBBBA,,,5.5,5.6,5.7,Passed,6.3
SU2019,SU2019-class 9,11,1905ACJBJB,,,6.5,5.8,6.9,Passed,9
SU2019,SU2019-class 9,12,1905ACJJEI,,,6,5.8,6.4,Passed,8.2
SU2019,SU2019-class 9,13,1905ACJCFB,,,5.5,2.7,5.4,Not Passed,9.5
SU2019,SU2019-class 9,14,1905ACJCHC,,,6,5.2,6.3,Passed,8.4
SU2019,SU2019-class 9,15,1905ACJBIG,,,6,5,6.2,Passed,8.1
SU2019,SU2019-class 9,16,1905ACJEEF,,,6,5.2,6.4,Passed,8.9
SU2019,SU2019-class 9,17,1905FCBDD,,,6,4,6.2,Passed,9.4
SU2019,SU2019-class 9,18,1905ACJDFC,,,9,6,7.6,Passed,5.9
SU2019,SU2019-class 10,1,1905FBIFJ,,,1,0,2,Not Passed,6.7
SU2019,SU2019-class 10,2,1905ACJECI,,,4,5.6,5.1,Passed,9.1
SU2019,SU2019-class 10,3,1905ACJAIH,,,4,3.6,4.1,Not Passed,5.9
SU2019,SU2019-class 10,4,1905ACJCEG,,,0,0,0,Not Passed,0
SU2019,SU2019-class 10,5,1905ACJFCA,,,1,0,2.4,Not Passed,8.4
SU2019,SU2019-class 10,6,1905ACJEEG,,,7,8,8,Passed,8.5
SU2019,SU2019-class 10,7,1905ACJGGJ,,,4,7.2,5.6,Passed,7.4
SU2019,SU2019-class 10,8,1905ACJECG,,,1,0,2.4,Not Passed,8.4
SU2019,SU2019-class 10,9,1905ACJJCC,,,0,0,1.3,Not Passed,6.5
SU2019,SU2019-class 10,10,1905ACJEDE,,,1,0,2.7,Not Passed,8.7
SU2019,SU2019-class 10,11,1905ACJGGE,,,1,0,2.4,Not Passed,8.6
SU2019,SU2019-class 10,12,1905FCDAI,,,0,0,0,Not Passed,0
SU2019,SU2019-class 10,13,1905ACJAJE,,,1,0,2.4,Not Passed,8.3
SU2019,SU2019-class 10,14,1905ACJEHC,,,4,7.4,5.4,Passed,8
SU2019,SU2019-class 10,15,1905FCAFJ,,,0,0,0.8,Not Passed,4
SU2019,SU2019-class 10,16,1905ACJDHE,,,9,7.8,8.3,Passed,7.7
SU2019,SU2019-class 10,17,1905ACJEJD,,,5,7,6.1,Passed,8.3
SU2019,SU2019-class 10,18,1905ACJAEJ,,,1,4,3.7,Not Passed,8.8
SU2019,SU2019-class 10,19,1905ACJDBF,,,7,5.6,7,Passed,8.1
SU2019,SU2019-class 10,20,1905ACJAHE,,,1,0,2.3,Not Passed,8.2
SU2019,SU2019-class 10,21,1905FBFEG,,,9,7.4,8.6,Passed,8.7
SU2019,SU2019-class 10,22,1905FCDAB,,,1,0,2.4,Not Passed,8.5
SU2019,SU2019-class 10,23,1905ACJDEC,,,0,0,0,Not Passed,0
SU2019,SU2019-class 10,24,1905ADJJJH,,,3,6.2,5,Passed,7
SU2020,SU2020-class 1,1,1905ADJAHJ,,,5.5,4.4,5.6,Passed,5.4
SU2020,SU2020-class 1,2,1905FCCEC,,,10,5.2,7.8,Passed,7.9
SU2020,SU2020-class 1,3,1905FCECI,,,8.3,4.6,6.5,Passed,5.2
SU2020,SU2020-class 1,4,1905ACJBBB,,,0,0,0,Attendance Fail,0
SU2020,SU2020-class 1,5,1905ADAJFJ,,,0,0,0,Attendance Fail,0
SU2020,SU2020-class 1,6,1905FCCAG,,,5,3.8,5,Not Passed,4.6
SU2020,SU2020-class 1,7,1905ACJCGI,,,10,5.2,7.8,Passed,8.7
SU2020,SU2020-class 1,8,1905ADJGFJ,,,3,0,1.5,Attendance Fail,2
SU2020,SU2020-class 1,9,1905ADJHII,,,7.5,4.6,7,Passed,8.4
SU2020,SU2020-class 1,10,1905ADJJDJ,,,8.5,5.8,7.5,Passed,7.5
SU2020,SU2020-class 1,11,1905FBDFD,,,5,5,5.8,Passed,6
SU2020,SU2020-class 1,12,1905ADJADE,,,5.5,4.4,5.8,Passed,7.4
SU2020,SU2020-class 1,13,1905ACJJCD,,,9.8,4,7.6,Passed,9
SU2020,SU2020-class 1,14,1905ACJDEB,,,9,5.8,7.3,Passed,4.7
SU2020,SU2020-class 1,15,1905ADJEBH,,,9.5,6,7.1,Passed,2.8
SU2020,SU2020-class 1,16,1905FCBCB,,,0.5,0,3.4,Not Passed,8.8
SU2020,SU2020-class 1,17,1905FBGAA,,,7.5,4.8,6.8,Passed,7.9
SU2020,SU2020-class 1,18,1905ACJAEG,,,10,8,9,Passed,8.1
SU2020,SU2020-class 1,19,1905ACJJIE,,,5,3.8,5.5,Not Passed,8.7
SU2020,SU2020-class 1,20,1905ADJJDF,,,10,5.8,8,Passed,7.3
SU2020,SU2020-class 1,21,1905ADJBEG,,,8.3,4.6,7,Passed,7.9
SU2020,SU2020-class 2,1,1905ADJJBC,,,4.1,5.6,5.4,Passed,7.3
SU2020,SU2020-class 2,2,1905ADJGHC,,,9.8,6.6,8.6,Passed,9.1
SU2020,SU2020-class 2,3,1905ADJFGG,,,6.2,6.4,6.6,Passed,8.4
SU2020,SU2020-class 2,4,1905ADJEHH,,,8.1,4.8,6.6,Passed,7.8
SU2020,SU2020-class 2,5,1905ADJIDE,,,1.5,6.6,5.2,Passed,7.3
SU2020,SU2020-class 2,6,1905ACJJJE,,,9.1,4.6,7.1,Passed,8.1
SU2020,SU2020-class 2,7,1905ACJAGA,,,8.5,5.8,7.4,Passed,8.6
SU2020,SU2020-class 2,8,1905ADJGHG,,,9.6,7.4,8.3,Passed,7.8
SU2020,SU2020-class 2,9,1905ACJDCG,,,7.4,4.6,6.4,Passed,7.8
SU2020,SU2020-class 2,10,1905ADJGBE,,,6.2,4.6,5.9,Passed,7.9
SU2020,SU2020-class 2,11,1905ADJIDF,,,8.7,8,8.2,Passed,8.3
SU2020,SU2020-class 2,12,1905ADJCGJ,,,1.6,7.4,5.7,Passed,8.4
SU2020,SU2020-class 2,13,1905ADJAHG,,,9.5,6.8,8.3,Passed,9
SU2020,SU2020-class 2,14,1905ADJDEH,,,9,6.8,7.5,Passed,7.3
SU2020,SU2020-class 2,15,1905ADJAHH,,,6.6,5.4,6.4,Passed,6.7
SU2020,SU2020-class 2,16,1905ADJCAB,,,8.8,5.8,7.5,Passed,7.6
SU2020,SU2020-class 2,17,1905ADJGBC,,,7.7,5.6,6.6,Passed,8.7
SU2020,SU2020-class 2,18,1905ACJEAG,,,9,6,7.1,Passed,7.1
SU2020,SU2020-class 2,19,1905FBADE,,,6,5,5.9,Passed,8.4
SU2020,SU2020-class 2,20,1905ACJBDJ,,,8.6,4.2,6.3,Passed,7.8
SU2020,SU2020-class 2,21,1905ACJAID,,,6.2,4.6,6.1,Passed,8.7
SU2020,SU2020-class 2,22,1905ACJFHG,,,5.9,6.2,6.3,Passed,7.7
SU2020,SU2020-class 2,23,1905ACJJDB,,,6.2,4.2,5.7,Passed,7.6
SU2020,SU2020-class 2,24,1905ADJGGI,,,9.7,8.6,9,Passed,8.6
SU2020,SU2020-class 3,1,1905ADJJDC,,,9.4,6.8,7.8,Passed,6.5
SU2020,SU2020-class 3,2,1905ADJCBF,,,9.3,8,8.2,Passed,7.3
SU2020,SU2020-class 3,3,1905ACJCHA,,,9.3,5.8,7.8,Passed,8.7
SU2020,SU2020-class 3,4,1905ADJIDH,,,7.7,5.4,7,Passed,8.3
SU2020,SU2020-class 3,5,1905ACJFDE,,,6.2,5.4,5.8,Passed,6.1
SU2020,SU2020-class 3,6,1905ACJEGF,,,9.3,4.8,6.9,Passed,6
SU2020,SU2020-class 3,7,1905ADJCEA,,,9.3,7.8,8.1,Passed,7.4
SU2020,SU2020-class 3,8,1905FCDDI,,,6.2,4.8,6,Passed,7.5
SU2020,SU2020-class 3,9,1905ACJCHJ,,,9,8.6,8,Passed,7.7
SU2020,SU2020-class 3,10,1905ADJGHF,,,9.4,6.4,8.1,Passed,8.8
SU2020,SU2020-class 3,11,1905ADJDDC,,,7.8,7.8,7.6,Passed,7.3
SU2020,SU2020-class 3,12,1905ADJDEI,,,6.2,6.4,6.3,Passed,6.9
SU2020,SU2020-class 3,13,1905ACJBAB,,,6.3,5.2,5.7,Passed,8.3
SU2020,SU2020-class 3,14,1905ADJAAB,,,8.2,7.6,8.3,Passed,9.1
SU2020,SU2020-class 3,15,1905ACJDCF,,,7,5.6,6.6,Passed,8.3
SU2020,SU2020-class 3,16,1905ADJBBG,,,7.1,5.8,6.6,Passed,7.1
SU2020,SU2020-class 3,17,1905ADJFAG,,,7.8,7.2,7.5,Passed,7.7
SU2020,SU2020-class 3,18,1905ADJEGA,,,9,5,7.1,Passed,8.4
SU2020,SU2020-class 3,19,1905FCDCE,,,0,0,0,Attendance Fail,0
SU2020,SU2020-class 3,20,1905ADJGGH,,,7,5.8,7,Passed,8.8
SU2020,SU2020-class 3,21,1905ADJFBF,,,7.8,7,7.7,Passed,8.9
SU2020,SU2020-class 4,1,1905ADJGEC,,,5,6.8,6,Passed,7.8
SU2020,SU2020-class 4,2,1905ADJBAE,,,5,5.4,5.8,Passed,7.3
SU2020,SU2020-class 4,3,1905ADAAGG,,,0,0,0.3,Attendance Fail,1.5
SU2020,SU2020-class 4,4,1905ADJHJE,,,7,5,6.8,Passed,8.6
SU2020,SU2020-class 4,5,1905ACJCJH,,,0,0,0,Attendance Fail,0
SU2020,SU2020-class 4,6,1905ADJCHC,,,5,7.2,6.7,Passed,7.3
SU2020,SU2020-class 4,7,1905ADJJHE,,,3,6.2,6,Passed,9
SU2020,SU2020-class 4,8,1905FCJBG,,,7,7.8,7.5,Passed,8
SU2020,SU2020-class 4,9,1905ADAJIF,,,5,5.2,6.3,Passed,8.3
SU2020,SU2020-class 4,10,1905ADAABJ,,,8,7.4,8.2,Passed,8.7
SU2020,SU2020-class 4,11,1905ADAJCA,,,8,4.8,7.4,Passed,8.9
SU2020,SU2020-class 4,12,1905ADAAEF,,,8,7.8,8.2,Passed,8.5
SU2020,SU2020-class 4,13,1905ADJIIJ,,,4,0,2.7,Not Passed,3
SU2020,SU2020-class 4,14,1905ADJEAG,,,6,6,6.5,Passed,8.4
SU2020,SU2020-class 4,15,1905ADJGFI,,,0,0,0.4,Attendance Fail,2.2
SU2020,SU2020-class 4,16,1905ADAJDD,,,3,6.6,5.6,Passed,8.4
SU2020,SU2020-class 4,17,1905ADJEBD,,,5,7,6.6,Passed,8.1
SU2020,SU2020-class 4,18,1905ADJHJC,,,8,8.2,8.5,Passed,9.4
SU2020,SU2020-class 4,19,1905ACJEIG,,,0,0,0.3,Attendance Fail,1.5
SU2020,SU2020-class 4,20,1905ADAJII,,,5,8.6,7.8,Passed,9.9
SU2020,SU2020-class 4,21,1905ADAABE,,,10,8.8,9.6,Passed,10
SU2020,SU2020-class 5,1,1905ADAJCJ,,,6.6,5.2,6.2,Passed,7.7
SU2020,SU2020-class 5,2,1905ADJJGH,,,9.3,6.2,7.9,Passed,8.9
SU2020,SU2020-class 5,3,1905ADJAAC,,,2.1,5.6,5.5,Passed,7.5
SU2020,SU2020-class 5,4,1905ADJIBJ,,,9.7,8.4,8.7,Passed,7.4
SU2020,SU2020-class 5,5,1905ADJCDF,,,9.1,5.8,8.1,Passed,8.6
SU2020,SU2020-class 5,6,1905ADAJJC,,,0.8,0,1.9,Not Passed,4.5
SU2020,SU2020-class 5,7,1905ADJFJB,,,9.8,6.4,8.1,Passed,7.1
SU2020,SU2020-class 5,8,1905ADAAIJ,,,8.5,5.4,6.5,Passed,7.2
SU2020,SU2020-class 5,9,1905ADJBHA,,,9.8,4.8,8,Passed,8.8
SU2020,SU2020-class 5,10,1905FCABE,,,1.7,5.4,3.6,Not Passed,0.3
SU2020,SU2020-class 5,11,1905ADJIGJ,,,9.8,8.8,9.2,Passed,8.8
SU2020,SU2020-class 5,12,1905ADAJIC,,,9.8,8,8.9,Passed,8.4
SU2020,SU2020-class 5,13,1905ACJAIB,,,1,0,2.7,Not Passed,7.8
SU2020,SU2020-class 5,14,1905ADAADB,,,9.3,5.6,7.7,Passed,8.5
SU2020,SU2020-class 5,15,1905ADJDHA,,,2,4.4,5.3,Passed,8.7
SU2020,SU2020-class 5,16,1905ADJFCG,,,9.9,8.2,9,Passed,8.3
SU2020,SU2020-class 5,17,1905FCAFJ,,,0.8,0,1.7,Not Passed,4.3
SU2020,SU2020-class 5,18,1905FCJHI,,,0,0,0,Attendance Fail,0
SU2020,SU2020-class 5,19,1905ADAAJG,,,9.8,7,8.4,Passed,7.5
SU2020,SU2020-class 5,20,1905ADAJIH,,,9.8,5.8,8.1,Passed,8.1
SU2020,SU2020-class 5,21,1905ADJGDH,,,8.4,6.2,7.6,Passed,7.7
SU2020,SU2020-class 5,22,1905ADJBDJ,,,9.3,7,7.9,Passed,7.4
SU2020,SU2020-class 5,23,1905ADJBJH,,,8.5,7.6,8,Passed,8.3
SU2020,SU2020-class 6,1,1905ADJDCD,,,7.7,4.8,6.7,Passed,8.5
SU2020,SU2020-class 6,2,1905ADJCCC,,,0,0,0,Attendance Fail,0
SU2020,SU2020-class 6,3,1905ADJBFD,,,7.7,6.2,6.4,Passed,6.2
SU2020,SU2020-class 6,4,1905ADJJDB,,,10,7,8.1,Passed,8.3
SU2020,SU2020-class 6,5,1905ADJBFC,,,7.7,6.2,6.9,Passed,7.5
SU2020,SU2020-class 6,6,1905ADJDBD,,,10,6.6,7.7,Passed,6.8
SU2020,SU2020-class 6,7,1905ADJJEE,,,7.7,6.2,7.3,Passed,6.8
SU2020,SU2020-class 6,8,1905ADJBHB,,,7.7,8.4,8.4,Passed,7.8
SU2020,SU2020-class 6,9,1905ADAJBF,,,10,8.2,8.7,Passed,6.4
SU2020,SU2020-class 6,10,1905ADAJEJ,,,6.6,5.4,5.6,Passed,4.3
SU2020,SU2020-class 6,11,1905ADJJED,,,7.7,8,8.2,Passed,7.3
SU2020,SU2020-class 6,12,1905ADAJID,,,7.7,4.8,6.3,Passed,7
SU2020,SU2020-class 6,13,1905ADJBHG,,,0,0,0,Attendance Fail,0
SU2020,SU2020-class 6,14,1905ADJIEI,,,8,7.2,7.8,Passed,8.2
SU2020,SU2020-class 6,15,1905ADJAEE,,,0,0,0,Attendance Fail,0
SU2020,SU2020-class 6,16,1905ACJAEG,,,0,0,0,Attendance Fail,0
SU2020,SU2020-class 6,17,1905ADJIFE,,,10,6,7.7,Passed,7.9
SU2020,SU2020-class 6,18,1905ADJBGI,,,6.6,6.2,6.5,Passed,6.3
SU2020,SU2020-class 6,19,1905ADJBCD,,,5,8,5.9,Passed,3.5
SU2020,SU2020-class 6,20,1905ADJDBJ,,,7.7,4.6,5.9,Passed,6.3
SU2020,SU2020-class 6,21,1905ADJIFC,,,0,0,0,Attendance Fail,0
SU2020,SU2020-class 7,1,1905ADJEDB,,,3,5.6,5.1,Passed,8.6
SU2020,SU2020-class 7,2,1905ADJJCC,,,5,6.2,6.5,Passed,9.5
SU2020,SU2020-class 7,3,1905ADJIII,,,3,6.2,5.2,Passed,8.9
SU2020,SU2020-class 7,4,1905ADAJBE,,,7,7.6,7.9,Passed,9.6
SU2020,SU2020-class 7,5,1905ADJGFJ,,,0,0,0.5,Not Passed,2.4
SU2020,SU2020-class 7,6,1905ADJEJJ,,,3,6.4,6.1,Passed,8.3
SU2020,SU2020-class 7,7,1905ADAJHJ,,,6,7.6,6.8,Passed,8.4
SU2020,SU2020-class 7,8,1905ADJJBI,,,3,5,5,Passed,9.1
SU2020,SU2020-class 7,9,1905ADJAFD,,,4,5.8,6.1,Passed,9.5
SU2020,SU2020-class 7,10,1905ADJGEJ,,,3,5.8,5.1,Passed,8.1
SU2020,SU2020-class 7,11,1905ADJJHI,,,5,7.6,7.1,Passed,8.6
SU2020,SU2020-class 7,12,1905ADJEDJ,,,4,6.2,5.8,Passed,8.5
SU2020,SU2020-class 7,13,1905ADJBAD,,,5,5.8,6.7,Passed,9.4
SU2020,SU2020-class 7,14,1905ADAJFI,,,4,5.2,5.3,Passed,6.5
SU2020,SU2020-class 7,15,1905ADJDDF,,,3,7.4,5.2,Passed,7.1
SU2020,SU2020-class 7,16,1905ACJAHI,,,0,0,0,Attendance Fail,0
SU2020,SU2020-class 7,17,1905ADJAFE,,,5,7,6.5,Passed,7.5
SU2020,SU2020-class 7,18,1905ADAJGB,,,6,7.6,7.5,Passed,8.9
SU2020,SU2020-class 7,19,1905ADJHFE,,,0,0,0.7,Not Passed,3.5
SU2020,SU2020-class 7,20,1905ADJECH,,,3,5,5.3,Passed,8.9
SU2020,SU2020-class 7,21,1905ADJJCF,,,5,6.6,7,Passed,9.5
SU2020,SU2020-class 7,22,1905ADJJIC,,,0,0,0.7,Not Passed,2.5
SU2020,SU2020-class 7,23,1905ACJEIF,,,5,8.2,6.6,Passed,8
SU2020,SU2020-class 7,24,1905ADJIHA,,,5,5.2,6.1,Passed,8.6
SU2020,SU2020-class 7,25,1905ADJJCG,,,6,8,7.9,Passed,9.5
SU2020,SU2020-class 7,26,1905ADJBAI,,,6,8.6,7.9,Passed,8.9
SU2020,SU2020-class 7,27,1905ACJECJ,,,3,6.8,5.5,Passed,7.8
SU2020,SU2020-class 7,28,1905ADJEFB,,,4,7.2,6.3,Passed,8.7
SU2020,SU2020-class 7,29,1905ADJIHD,,,5,7,6.7,Passed,9.6
SU2020,SU2020-class 8,1,1905ADJGDG,,,8.5,6.4,7.4,Passed,7
SU2020,SU2020-class 8,2,1905ADJHBD,,,8.5,6.6,8,Passed,9.5
SU2020,SU2020-class 8,3,1905ACJDBH,,,8,4.4,6.7,Passed,7
SU2020,SU2020-class 8,4,1905ADJIIC,,,9,5.8,7.8,Passed,9
SU2020,SU2020-class 8,5,1905ADJEBC,,,8,6,7.5,Passed,8
SU2020,SU2020-class 8,6,1905ADJEEB,,,9,7.4,8.1,Passed,7.5
SU2020,SU2020-class 8,7,1905ADJHJI,,,9,8.4,8.6,Passed,9
SU2020,SU2020-class 8,8,1905ADJFFE,,,9,6,7.7,Passed,8
SU2020,SU2020-class 8,9,1905ACJGFC,,,7,5.8,7.1,Passed,8.5
SU2020,SU2020-class 8,10,1905ADAAAJ,,,8,5.8,7.4,Passed,8.5
SU2020,SU2020-class 8,11,1905ADJFED,,,8,4.4,6.7,Passed,7.5
SU2020,SU2020-class 8,12,1905ADJHGA,,,9,8,8.4,Passed,8.5
SU2020,SU2020-class 8,13,1905FCBAD,,,8,4.2,6.1,Passed,4
SU2020,SU2020-class 8,14,1905ADJHAD,,,9,7,8,Passed,8
SU2020,SU2020-class 8,15,1905ADJHAA,,,9,6.4,7.8,Passed,8
SU2020,SU2020-class 8,16,1905ADJCJH,,,8,6,7.3,Passed,8
SU2020,SU2020-class 8,17,1905ADJECF,,,8.5,4.6,7.1,Passed,7.5
SU2020,SU2020-class 8,18,1905ADJCJD,,,8,7.8,7.7,Passed,7
SU2020,SU2020-class 8,19,1905ADAAJB,,,9,6.4,8,Passed,9
SU2020,SU2020-class 8,20,1905ADJEBI,,,8,7,7.4,Passed,7
SU2020,SU2020-class 8,21,1905ADJHDJ,,,8,6.4,7.5,Passed,8
SU2020,SU2020-class 8,22,1905ADJGED,,,8,6,7.2,Passed,7.5
SU2020,SU2020-class 8,23,1905ADJEEE,,,9,8.2,8.5,Passed,8
SU2020,SU2020-class 8,24,1905ADJDAH,,,8,7,7.9,Passed,8.5
SU2020,SU2020-class 8,25,1905ADJFIE,,,8,5.4,6.5,Passed,5
SU2020,SU2020-class 8,26,1905ADJEFD,,,8,7.6,7.7,Passed,7.5
SU2020,SU2020-class 8,27,1905ADAJGH,,,8.5,5,7.5,Passed,8
SU2020,SU2020-class 8,28,1905ADJCJI,,,8,7.6,8,Passed,8
SU2020,SU2020-class 9,1,1905ADJDJG,,,9.1,7.6,8.1,Passed,8.9
SU2020,SU2020-class 9,2,1905ADJAIG,,,9.7,6.4,8.4,Passed,8.8
SU2020,SU2020-class 9,3,1905ADJDBA,,,9.6,4,7.5,Passed,8.6
SU2020,SU2020-class 9,4,1905ADJDAB,,,1.4,8,5.8,Passed,8.8
SU2020,SU2020-class 9,5,1905ADJEAB,,,9.1,6.4,7.6,Passed,7.8
SU2020,SU2020-class 9,6,1905FBDFD,,,0.3,0,0.5,Attendance Fail,0.7
SU2020,SU2020-class 9,7,1905ADJDFH,,,8.7,5.8,6.9,Passed,7.6
SU2020,SU2020-class 9,8,1905ADJDBB,,,9.1,6,7.6,Passed,8.3
SU2020,SU2020-class 9,9,1905ADJCJC,,,9.8,7.2,8.7,Passed,8.6
SU2020,SU2020-class 9,10,1905ADJDGD,,,8.3,4.2,6.7,Passed,8.1
SU2020,SU2020-class 9,11,1905ADJAGE,,,8.8,7,7.1,Passed,6
SU2020,SU2020-class 9,12,1905ADAABH,,,9.7,7.8,8.7,Passed,8.1
SU2020,SU2020-class 9,13,1905ADJHGB,,,9.3,7.2,8.1,Passed,8.3
SU2020,SU2020-class 9,14,1905ACJCBF,,,9,5.8,7.4,Passed,8.6
SU2020,SU2020-class 9,15,1905ADJHFG,,,9.5,7.8,8.7,Passed,9.1
SU2020,SU2020-class 9,16,1905ADJCIG,,,1.9,0,3,Not Passed,4.3
SU2020,SU2020-class 9,17,1905ADJIIB,,,2,5.8,5.5,Passed,7.6
SU2020,SU2020-class 9,18,1905ADJHID,,,1.7,7,5.7,Passed,8.3
SU2020,SU2020-class 9,19,1905ADJDCH,,,1.5,6,5.1,Passed,8.4
SU2020,SU2020-class 9,20,1905ADJAEG,,,9.1,8.6,8.4,Passed,8.6
SU2020,SU2020-class 10,1,1905ADJFFD,,,0,0,0,Attendance Fail,0
SU2020,SU2020-class 10,2,1905ADJFEE,,,7.7,6.6,7.6,Passed,7.2
SU2020,SU2020-class 10,3,1905ADJBGH,,,7.7,5.8,6.2,Passed,7.4
SU2020,SU2020-class 10,4,1905ADJBIC,,,6.6,5.8,5.3,Passed,6.9
SU2020,SU2020-class 10,5,1905ADJFIB,,,7.7,7.2,7.3,Passed,6.1
SU2020,SU2020-class 10,6,1905ADJBHJ,,,5.1,4.4,5.1,Passed,7.5
SU2020,SU2020-class 10,7,1905ADJCGE,,,6.6,4.2,5.4,Passed,7.9
SU2020,SU2020-class 10,8,1905ADAJDE,,,7.7,5.6,6.3,Passed,7.1
SU2020,SU2020-class 10,9,1905ADJCFC,,,6.6,4.2,5.4,Passed,7.6
SU2020,SU2020-class 10,10,1905ADAJIE,,,7.7,8,7.3,Passed,6.7
SU2020,SU2020-class 10,11,1905ACJBCC,,,0,0,0,Attendance Fail,0
SU2020,SU2020-class 10,12,1905ADJDHB,,,6.6,5.6,6,Passed,8.1
SU2020,SU2020-class 10,13,1905ADJDAG,,,6.6,4.8,5.2,Passed,6.9
SU2020,SU2020-class 10,14,1905ADJECA,,,6.6,4.6,5.5,Passed,6.9
SU2020,SU2020-class 10,15,1905ADJHCD,,,10,8.4,7.6,Passed,5.7
SU2020,SU2020-class 10,16,1905FCBCB,,,0,0,0,Attendance Fail,0
SU2020,SU2020-class 10,17,1905ADAACC,,,7.7,9.2,8.5,Passed,8
SU2020,SU2020-class 10,18,1905ACJEJC,,,0,0,0,Attendance Fail,0
SU2020,SU2020-class 10,19,1905FCBGF,,,0,0,0,Attendance Fail,0
SU2020,SU2020-class 10,20,1905ADJCFG,,,0,0,0,Attendance Fail,0
SU2020,SU2020-class 10,21,1905FCEEC,,,7.7,5.6,6.2,Passed,5.1
SU2020,SU2020-class 10,22,1905ADJBGF,,,6.6,6,5.8,Passed,6.8
SU2020,SU2020-class 10,23,1905ADJBHC,,,6.6,6,6.1,Passed,8.1
SU2020,SU2020-class 10,24,1905ADJHCC,,,6.6,4.8,5.2,Passed,6.8
SU2020,SU2020-class 10,25,1905ADJBIJ,,,7.7,5,6.6,Passed,8.1
SU2020,SU2020-class 10,26,1905ADJDED,,,4,4.2,4.5,Not Passed,8
SU2020,SU2020-class 10,27,1905ADJCFI,,,6.6,6,5.7,Passed,6.8
SU2020,SU2020-class 10,28,1905ADAJAF,,,7.7,5.4,6.2,Passed,7.9
SU2020,SU2020-class 10,29,1905ADJEHB,,,7.7,4.8,5.4,Passed,6.1
SU2020,SU2020-class 10,30,1905ADJCGI,,,6.6,4.4,5.8,Passed,6.4
SU2020,SU2020-class 11,1,1905ADJFDE,,,5,7,7,Passed,9.1
SU2020,SU2020-class 11,2,1905ADJBFJ,,,8,7.8,8.5,Passed,9.8
SU2020,SU2020-class 11,3,1905ADJHIJ,,,4,5.4,6,Passed,8.1
SU2020,SU2020-class 11,4,1905ADAJIG,,,3,5,5.2,Passed,8.3
SU2020,SU2020-class 11,5,1905ADJGIG,,,3,4.6,5.6,Passed,9.6
SU2020,SU2020-class 11,6,1905ADJABE,,,5,8.2,7.5,Passed,9.4
SU2020,SU2020-class 11,7,1905ADAJBH,,,5,8,7.1,Passed,8.9
SU2020,SU2020-class 11,8,1905ADJFBB,,,5,7.4,7,Passed,8.3
SU2020,SU2020-class 11,9,1905ADAJEF,,,0,0,1,Attendance Fail,2.3
SU2020,SU2020-class 11,10,1905FCCHD,,,0,0,0.5,Attendance Fail,2.7
SU2020,SU2020-class 11,11,1905ADJAIC,,,3,6,5.4,Passed,8.3
SU2020,SU2020-class 11,12,1905ADJGJG,,,3,6.6,6.1,Passed,8.8
SU2020,SU2020-class 11,13,1905ACJCGD,,,4,5.2,5.4,Passed,7.2
SU2020,SU2020-class 11,14,1905ADJCCG,,,5,5.8,6.7,Passed,9.5
SU2020,SU2020-class 11,15,1905ADJHBC,,,9,7.8,8.8,Passed,9.6
SU2020,SU2020-class 11,16,1905ADJGHD,,,3,6.8,6.3,Passed,9.6
SU2020,SU2020-class 11,17,1905ADJHHH,,,3,5,5.1,Passed,9.1
SU2020,SU2020-class 11,18,1905ADJGJF,,,6,6.6,7.5,Passed,9.4
SU2020,SU2020-class 11,19,1905ADJHBH,,,3,5.2,5.3,Passed,9.4
SU2020,SU2020-class 11,20,1905ADJHHJ,,,3,4.8,5.5,Passed,8.6
SU2020,SU2020-class 11,21,1905ADJHEF,,,5,8,7.4,Passed,9.7
SU2020,SU2020-class 11,22,1905ADJEGF,,,3,4.6,5,Passed,9.6
SU2020,SU2020-class 11,23,1905ADJFII,,,5,6.2,6.8,Passed,9.4
SU2020,SU2020-class 11,24,1905ADJABG,,,4,5.4,6.2,Passed,8.8
SU2020,SU2020-class 11,25,1905ADAAJJ,,,3,6.8,5.6,Passed,8.4
SU2020,SU2020-class 11,26,1905ADJJFF,,,4,5,5.6,Passed,8.6
SU2020,SU2020-class 11,27,1905ADJFHJ,,,7,8,7.9,Passed,8.6
SU2020,SU2020-class 12,1,1905ADJGBJ,,,3,6.8,5.3,Passed,7.9
SU2020,SU2020-class 12,2,1905ADJADB,,,4,7.2,6.7,Passed,9.6
SU2020,SU2020-class 12,3,1905ADJHGF,,,3,5.2,4.9,Not Passed,8.1
SU2020,SU2020-class 12,4,1905ADAJEI,,,0,0,1.5,Not Passed,2.5
SU2020,SU2020-class 12,5,1905ADJHJJ,,,3,6.2,5.9,Passed,8.6
SU2020,SU2020-class 12,6,1905ADJIHE,,,3,4.8,5,Passed,8.7
SU2020,SU2020-class 12,7,1905ADJFBE,,,0,0,0,Attendance Fail,0
SU2020,SU2020-class 12,8,1905ADJHJF,,,3,7.2,5.7,Passed,8.8
SU2020,SU2020-class 12,9,1905ADJEIB,,,0,0,0,Attendance Fail,0
SU2020,SU2020-class 12,10,1905ADJEDE,,,9,7.8,8.4,Passed,8.9
SU2020,SU2020-class 12,11,1905ADJHJD,,,3,6.2,5.2,Passed,8.1
SU2020,SU2020-class 12,12,1905ADJADC,,,5,9,7.3,Passed,9.8
SU2020,SU2020-class 12,13,1905ADJFCJ,,,4,8.6,7.3,Passed,9.6
SU2020,SU2020-class 12,14,1905ADJHJH,,,3,5.4,5,Passed,8.6
SU2020,SU2020-class 12,15,1905ACJABF,,,0,0,0.3,Attendance Fail,1.5
SU2020,SU2020-class 12,16,1905ADJFAJ,,,5,7.4,7,Passed,8.6
SU2020,SU2020-class 12,17,1905ADJEDF,,,6,6.6,6.5,Passed,8.8
SU2020,SU2020-class 12,18,1905ADJHJG,,,3,7.8,5.6,Passed,7.9
SU2020,SU2020-class 12,19,1905ADAJBB,,,3,5.2,4.9,Not Passed,8.6
SU2020,SU2020-class 12,20,1905ADJIEE,,,3,6.2,5.4,Passed,9.1
SU2020,SU2020-class 12,21,1905ADJIEH,,,3,4.6,5,Passed,9.6
SU2020,SU2020-class 12,22,1905ADJJHG,,,8,9.2,8.8,Passed,9.1
SU2020,SU2020-class 12,23,1905FBJEB,,,5,4,5.4,Passed,8.4
SU2020,SU2020-class 12,24,1905ADJEGJ,,,0,0,0.3,Attendance Fail,1.3
SU2020,SU2020-class 12,25,1905ADJBEG,,,3,0,2.8,Not Passed,7.9
SU2020,SU2020-class 13,1,1905ADJIAF,,,9.8,7.4,8.8,Passed,9.1
SU2020,SU2020-class 13,2,1905ADAAID,,,9.7,5.2,8.1,Passed,9.1
SU2020,SU2020-class 13,3,1905ADAAAH,,,9.4,4,7.3,Passed,8.5
SU2020,SU2020-class 13,4,1905ADJFHA,,,0,0,0,Attendance Fail,0
SU2020,SU2020-class 13,5,1905ADAABI,,,9.3,6.2,7.8,Passed,8.3
SU2020,SU2020-class 13,6,1905ADJHIC,,,9.8,5.8,8.3,Passed,8.9
SU2020,SU2020-class 13,7,1905ADJIGA,,,9.6,7.8,8.8,Passed,9.1
SU2020,SU2020-class 13,8,1905ADJIHJ,,,9.8,7.6,8.9,Passed,9.2
SU2020,SU2020-class 13,9,1905ADAABC,,,9.4,5,7.6,Passed,8.4
SU2020,SU2020-class 13,10,1905ADJHAG,,,9.2,7.6,7.9,Passed,7.5
SU2020,SU2020-class 13,11,1905ACJFGJ,,,7.4,7.8,7.2,Passed,5.8
SU2020,SU2020-class 13,12,1905ADJBJE,,,9.8,7.8,8.9,Passed,9
SU2020,SU2020-class 13,13,1905ADJAHC,,,7.7,5.2,7,Passed,8.5
SU2020,SU2020-class 13,14,1905ADJIGG,,,9.9,7,8.8,Passed,9.1
SU2020,SU2020-class 13,15,1905ADJJFC,,,9.2,8,8.4,Passed,8.9
SU2020,SU2020-class 13,16,1905ADJDEF,,,9.2,5.6,7.6,Passed,8.5
SU2020,SU2020-class 13,17,1905ADJIJH,,,5.8,6.2,6.9,Passed,8.1
SU2020,SU2020-class 13,18,1905ACJJCC,,,8.7,4,5.6,Passed,3.5
SU2020,SU2020-class 13,19,1905ADJDFA,,,7.4,5.2,6.2,Passed,6.2
SU2020,SU2020-class 13,20,1905ADJFIJ,,,9.3,6.4,7.8,Passed,8.2
SU2020,SU2020-class 13,21,1905ADJHEB,,,9.3,4.4,7.3,Passed,8.4
SU2020,SU2020-class 13,22,1905ADJBJI,,,9.7,7,8.7,Passed,9.3
SU2020,SU2020-class 13,23,1905ADJAFJ,,,9.3,7.2,8,Passed,7.4
SU2020,SU2020-class 13,24,1905ADJIGB,,,7.4,8.2,8.2,Passed,9.1
SU2020,SU2020-class 13,25,1905FBJCE,,,0,0,0.2,Attendance Fail,0
SU2020,SU2020-class 13,26,1905ADAABD,,,9.8,6.6,8.6,Passed,8.9
SU2020,SU2020-class 13,27,1905ADJIJB,,,9.9,5.4,8.2,Passed,8.8
SU2020,SU2020-class 13,28,1905ADAJEG,,,2.2,6.8,6.1,Passed,8.5
SU2020,SU2020-class 13,29,1905ADAABA,,,9.3,5.4,6.8,Passed,4.2
SU2020,SU2020-class 14,1,1905ADJHJB,,,9.6,5.6,8.1,Passed,8.8
SU2020,SU2020-class 14,2,1905ADAAJE,,,9.7,6.4,8.5,Passed,9.4
SU2020,SU2020-class 14,3,1905ADJFCE,,,9.6,4.2,7.6,Passed,8.9
SU2020,SU2020-class 14,4,1905ADJEHJ,,,9.6,6,7.6,Passed,5.8
SU2020,SU2020-class 14,5,1905ADJGIH,,,9.6,7.8,8.8,Passed,9.4
SU2020,SU2020-class 14,6,1905ADJAJG,,,9.5,6.2,8,Passed,8.5
SU2020,SU2020-class 14,7,1905ADAAJH,,,9.4,4.8,7.5,Passed,8
SU2020,SU2020-class 14,8,1905ADJCDA,,,9.6,5.8,8.1,Passed,8.6
SU2020,SU2020-class 14,9,1905ADJFCH,,,9.6,6.4,8,Passed,7.9
SU2020,SU2020-class 14,10,1905ADJDGC,,,9.6,5.4,8,Passed,9
SU2020,SU2020-class 14,11,1905ADJCEC,,,9.6,4.8,7.6,Passed,7.9
SU2020,SU2020-class 14,12,1905ADJFDJ,,,9.6,5.4,8,Passed,8.9
SU2020,SU2020-class 14,13,1905ADJFEG,,,3.2,5,5.7,Passed,8
SU2020,SU2020-class 14,14,1905ADJJEB,,,9.6,5.4,8,Passed,8.7
SU2020,SU2020-class 14,15,1905ADJCCA,,,9.6,6.4,8.2,Passed,8.3
SU2020,SU2020-class 14,16,1905ADJJBE,,,9.5,4.8,7.7,Passed,8.9
SU2020,SU2020-class 14,17,1905FBGAA,,,2.2,0,3,Attendance Fail,7.8
SU2020,SU2020-class 14,18,1905ADAJBD,,,1.6,0,2.5,Not Passed,3.8
SU2020,SU2020-class 14,19,1905ADJFJJ,,,8.7,5.2,7.4,Passed,8.1
SU2020,SU2020-class 14,20,1905ADJJGC,,,8.5,6.4,7.3,Passed,7.3
SU2020,SU2020-class 14,21,1905ADJHHF,,,9.6,6.4,8.1,Passed,7.6
SU2020,SU2020-class 14,22,1905ADJADH,,,8.8,5,7.2,Passed,7.3
SU2020,SU2020-class 14,23,1905ADJIJC,,,9.7,6.2,8.2,Passed,8.4
SU2020,SU2020-class 14,24,1905ADJFCF,,,3.3,4.4,5.7,Passed,8.4
SU2020,SU2020-class 14,25,1905ADJHDC,,,9.4,5.6,7.4,Passed,6.4
SU2020,SU2020-class 15,1,1905ADJCCE,,,3,0,3.2,Not Passed,7.3
SU2020,SU2020-class 15,2,1905ADJAHJ,,,3,0,1.7,Not Passed,3.8
SU2020,SU2020-class 15,3,1905ADJDIH,,,4,7.2,6.8,Passed,9
SU2020,SU2020-class 15,4,1905ADAJGJ,,,4,4.6,5.5,Passed,8.4
SU2020,SU2020-class 15,5,1905ADJHGJ,,,5,7,6.6,Passed,9.1
SU2020,SU2020-class 15,6,1905ADJEJA,,,3,7,5.6,Passed,8.8
SU2020,SU2020-class 15,7,1905ADJIEJ,,,3,5.4,4.2,Not Passed,8.6
SU2020,SU2020-class 15,8,1905ADJFIC,,,6,6.8,7.3,Passed,9.5
SU2020,SU2020-class 15,9,1905ADJCFJ,,,5,6,6.3,Passed,9
SU2020,SU2020-class 15,10,1905ADJFEB,,,5,6.6,6.8,Passed,9.4
SU2020,SU2020-class 15,11,1905ADJDCC,,,5,6.4,6.2,Passed,7.7
SU2020,SU2020-class 15,12,1905ADJCBJ,,,5,5.4,6.1,Passed,7.1
SU2020,SU2020-class 15,13,1905ADAJGG,,,3,5.2,5.9,Passed,9.1
SU2020,SU2020-class 15,14,1905ADJFCA,,,3,0,3.3,Not Passed,8.4
SU2020,SU2020-class 15,15,1905ADJEGC,,,4,4.2,5.4,Passed,8.5
SU2020,SU2020-class 15,16,1905ADAADE,,,7,7.4,8,Passed,9.5
SU2020,SU2020-class 15,17,1905ADJAAF,,,5,7,6.5,Passed,9.4
SU2020,SU2020-class 15,18,1905ADJIEA,,,3,5.2,5.4,Passed,8.6
SU2020,SU2020-class 15,19,1905ADAJBC,,,8,8,8.5,Passed,9.4
SU2020,SU2020-class 15,20,1905ADJDID,,,4,6.6,6.7,Passed,8.6
SU2020,SU2020-class 15,21,1905ADAAGF,,,7,6.2,7.5,Passed,9.7
SU2021,SU2021-class 1,1,1905AEJFAG,,8.8,8.8,4.8,7.7,Passed,9.3
SU2021,SU2021-class 1,2,1905AEJEAE,,9.9,10,8.4,9.2,Passed,8.6
SU2021,SU2021-class 1,3,1905AEJFHD,,8.1,8.2,6.8,7.7,Passed,8.1
SU2021,SU2021-class 1,4,0405AEJDJF,,8.4,8.5,4.2,7.3,Passed,8.9
SU2021,SU2021-class 1,5,1905AEJGCB,,8.8,8.8,8.6,8.6,Passed,8.1
SU2021,SU2021-class 1,6,1905ADJBCG,,2.7,2.7,0,1.3,Not Passed,0
SU2021,SU2021-class 1,7,1905AEJGGC,,7.9,7.9,5,7.2,Passed,8.6
SU2021,SU2021-class 1,8,1905AEJFAJ,,0,0,0,0,Attendance Fail,0
SU2021,SU2021-class 1,9,1905AEJHAJ,,8.8,8.8,4,7.4,Passed,8.8
SU2021,SU2021-class 1,10,1905AEJJGD,,8.8,8.8,5.2,7.7,Passed,8.6
SU2021,SU2021-class 1,11,1905ADJCBD,,7.6,7.6,5.2,7,Passed,8.4
SU2021,SU2021-class 1,12,1905AEJAEF,,8.1,8.1,7.2,8.1,Passed,9.3
SU2021,SU2021-class 1,13,1905ADJDEG,,8.1,8.1,4.6,7.3,Passed,9.3
SU2021,SU2021-class 1,14,1905AEJEFE,,7.9,8,6,7.6,Passed,9.1
SU2021,SU2021-class 1,15,1905ADJDFD,,6.8,6.8,4.4,6.5,Passed,8.7
SU2021,SU2021-class 1,16,1905AEACDJ,,8.6,8.6,8.6,8.7,Passed,8.9
SU2021,SU2021-class 1,17,1905ADAJCE,,8.4,8.4,4.6,7.4,Passed,8.9
SU2021,SU2021-class 1,18,1905AEJIJF,,6.8,6.9,4.6,6.6,Passed,8.8
SU2021,SU2021-class 1,19,1905AEJAAD,,9.6,9.7,7.8,9,Passed,8.9
SU2021,SU2021-class 1,20,1905AEJICA,,8.4,8.4,6.4,7.8,Passed,8.6
SU2021,SU2021-class 1,21,1905AEJBJG,,8.1,8.1,5.6,7.3,Passed,8
SU2021,SU2021-class 1,22,1905ADAAAD,,7.6,7.6,4.8,7.1,Passed,9.1
SU2021,SU2021-class 1,23,1905AEACCE,,7.8,7.9,7.6,7.7,Passed,7.6
SU2021,SU2021-class 1,24,1905AEJABI,,8.4,8.4,4.4,7.3,Passed,8.9
SU2021,SU2021-class 1,25,1905ACJCDI,,7.3,7.3,4.6,5.9,Passed,4.4
SU2021,SU2021-class 1,26,1905FBIFF,,7.9,7.9,0,5.2,Not Passed,6.1
SU2021,SU2021-class 1,27,1905AEJAEE,,8.8,8.8,7.8,8.6,Passed,9.4
SU2021,SU2021-class 1,28,1905AEJDHH,,8.1,8.2,4,7,Passed,8.7
SU2021,SU2021-class 1,29,1905ADAJJA,,5.3,5.4,4.6,5,Passed,4.6
SU2021,SU2021-class 1,30,1905ADJHAJ,,6.4,6.4,5.4,6.6,Passed,8.8
SU2021,SU2021-class 2,1,1905AEJFBJ,,7,7,3.4,6.3,Not Passed,9
SU2021,SU2021-class 2,2,1905AEJFDJ,,8,9.5,7.6,8.4,Passed,8.5
SU2021,SU2021-class 2,3,1905ACJFFB,,7,5,0,3.9,Not Passed,5
SU2021,SU2021-class 2,4,1905ADJBBB,,7,7,4.6,6.4,Passed,7.5
SU2021,SU2021-class 2,5,1905AEJFEB,,8,9,5.4,7.7,Passed,9
SU2021,SU2021-class 2,6,1905ADJHIG,,7,8.5,4.6,7,Passed,8.5
SU2021,SU2021-class 2,7,1905ADJFHA,,7,8.5,5.6,7.5,Passed,9.5
SU2021,SU2021-class 2,8,1905AEJGJG,,7,8.5,5,7.2,Passed,8.5
SU2021,SU2021-class 2,9,1905ACJDEE,,7,8,3.6,6.5,Not Passed,8
SU2021,SU2021-class 2,10,1905ADJFHE,,7,7.5,6.6,6.6,Passed,5
SU2021,SU2021-class 2,11,1905AEJGFC,,8,9.5,8,8.8,Passed,9.5
SU2021,SU2021-class 2,12,1905ADJIEJ,,7,7.5,4.4,6.4,Passed,7
SU2021,SU2021-class 2,13,1905ADJEGE,,7.5,9.5,4.6,7.5,Passed,9
SU2021,SU2021-class 2,14,1905ADJGFC,,7,8,5.2,7,Passed,8
SU2021,SU2021-class 2,15,0305ADJFFI,,7,9,5.6,7.4,Passed,8
SU2021,SU2021-class 2,16,1905AEJHHB,,8,9,4,7.3,Passed,9
SU2021,SU2021-class 2,17,1905ADJDJI,,8,9.5,7.6,8.5,Passed,9
SU2021,SU2021-class 2,18,1905AEJIGH,,8,9,5.2,7.8,Passed,9.5
SU2021,SU2021-class 2,19,1905AEACHH,,7,8,5.8,7.4,Passed,9.5
SU2021,SU2021-class 2,20,1905ADJEED,,5,7,6,6.5,Passed,8
SU2021,SU2021-class 2,21,1905ACJJEE,,0,0,0,0,Attendance Fail,0
SU2021,SU2021-class 2,22,1905FBFHA,,7,5,0,3.9,Not Passed,5
SU2021,SU2021-class 3,1,1905AEABGH,,9,9,7.2,8.5,Passed,9.1
SU2021,SU2021-class 3,2,1905ACJBBB,,7.1,7.1,4.6,6.7,Passed,8.7
SU2021,SU2021-class 3,3,1905AEADDD,,9.6,9.6,8,9,Passed,8.9
SU2021,SU2021-class 3,4,1905ADAJEI,,4.9,4.9,4.2,5.3,Passed,7.8
SU2021,SU2021-class 3,5,0405AEJBDC,,8.1,8.2,4.8,7.3,Passed,8.8
SU2021,SU2021-class 3,6,1905AEJHJB,,8.3,8.3,4,7,Passed,8.4
SU2021,SU2021-class 3,7,1905AEACCG,,6.3,6.4,4.6,6.1,Passed,7.8
SU2021,SU2021-class 3,8,1905AEABHA,,6.9,6.9,6.8,7.2,Passed,8.6
SU2021,SU2021-class 3,9,1905ADJCIJ,,8.2,8.2,5,7.2,Passed,8.2
SU2021,SU2021-class 3,10,1905AEADEG,,9,9,4.8,7.8,Passed,9.1
SU2021,SU2021-class 3,11,1905ACJCJF,,8.1,8.2,4,7.2,Passed,9.3
SU2021,SU2021-class 3,12,1905AEJIAA,,9.4,9.4,7.4,8.7,Passed,9
SU2021,SU2021-class 3,13,1905ACJAIB,,4.7,4.7,6.4,6.1,Passed,9.1
SU2021,SU2021-class 3,14,1905AEABBI,,8.8,8.8,7,8,Passed,7.7
SU2021,SU2021-class 3,15,1905ACJEJC,,5.2,5.2,3.8,5.6,Not Passed,9.1
SU2021,SU2021-class 3,16,1905AEJIII,,9.4,9.5,5.8,8.3,Passed,9.2
SU2021,SU2021-class 3,17,1905FCDEI,,6.9,7,6,7,Passed,8.4
SU2021,SU2021-class 3,18,1905AEAJJH,,9.9,10,8,9.3,Passed,9.5
SU2021,SU2021-class 3,19,1905AEAJDD,,8.4,8.4,4,7.1,Passed,8.4
SU2021,SU2021-class 3,20,1905AEADGH,,9.6,9.7,4.6,8.1,Passed,9.5
SU2021,SU2021-class 3,21,1905AEAAJD,,9.4,9.4,4.4,7.8,Passed,9.1
SU2021,SU2021-class 3,22,0405AEJCIF,,5.8,5.9,6.2,6.5,Passed,8.4
SU2021,SU2021-class 3,23,1905AEAABH,,0,0,0,0,Attendance Fail,0
SU2021,SU2021-class 3,24,1905AEAACH,,8.4,8.4,5.4,7.7,Passed,9.5
SU2021,SU2021-class 3,25,1905ADJEBF,,7.1,7.1,4.2,6.4,Passed,7.9
SU2021,SU2021-class 3,26,1905AEAACB,,8.9,9,4,7.4,Passed,8.6
SU2021,SU2021-class 3,27,1905AEACIH,,7.5,7.5,0,4.5,Not Passed,3.9
SU2021,SU2021-class 4,1,1905ADAJHE,,5,5,5.6,5,Passed,4.2
SU2021,SU2021-class 4,2,1905ADJGAF,,4.5,4.5,4.8,5.3,Passed,7.9
SU2021,SU2021-class 4,3,1905ADJDJA,,7.7,7.7,4.2,6.7,Passed,8.1
SU2021,SU2021-class 4,4,1905ADJCAG,,7.4,7.4,4.4,5.8,Passed,4
SU2021,SU2021-class 4,5,1905ACJEDH,,4.9,4.9,4.6,5.6,Passed,8.8
SU2021,SU2021-class 4,6,1905FCBGH,,5.1,5.1,5.4,6.1,Passed,9.4
SU2021,SU2021-class 4,7,1905ACJBDH,,7,7,4,6.5,Passed,9
SU2021,SU2021-class 4,8,1905ACJAHI,,6.8,6.8,3.4,6.2,Not Passed,9
SU2021,SU2021-class 4,9,1905AEJIDF,,7.2,7.2,6.4,7.1,Passed,8.1
SU2021,SU2021-class 4,10,1905ADJBHG,,5.8,5.8,6.4,6.5,Passed,8.3
SU2021,SU2021-class 4,11,1905ADAACA,,6.8,6.9,0,5.3,Not Passed,9.1
SU2021,SU2021-class 4,12,1905FCCIA,,5.7,5.7,5.2,6.3,Passed,9.5
SU2021,SU2021-class 4,13,1905ADJGFG,,5.8,5.8,6.2,6.5,Passed,8.5
SU2021,SU2021-class 4,14,1905ADJDAC,,8.5,8.5,6.2,7.8,Passed,8.3
SU2021,SU2021-class 4,15,1905AEAAEG,,8.9,8.9,5.8,7.8,Passed,8
SU2022,SU2022-class 1,1,1905AFJIFA,,,6,6.6,7.5,Passed,
SU2022,SU2022-class 1,2,1905AFADDG,,,0,4,3.1,Not Passed,
SU2022,SU2022-class 1,3,1905AFAJHD,,,6,8,7.8,Passed,
SU2022,SU2022-class 1,4,1905AFJDAG,,,5,6,6.5,Passed,
SU2022,SU2022-class 1,5,1905AFAFGI,,,8,9,8.7,Passed,
SU2022,SU2022-class 1,6,1905AFJGHB,,,6,4.8,6.9,Passed,
SU2022,SU2022-class 1,7,1905AFABDA,,,5,5.8,6.6,Passed,
SU2022,SU2022-class 1,8,1905AFAAGH,,,5,7,7,Passed,
SU2022,SU2022-class 1,9,1905AFABEI,,,4,8,6.8,Passed,
SU2022,SU2022-class 1,10,1905AFJDGG,,,9,9.6,9.4,Passed,
SU2022,SU2022-class 1,11,1905AFJBEF,,,1,8.6,6.5,Passed,
SU2022,SU2022-class 1,12,1905AFJIFE,,,7,8.2,8.4,Passed,
SU2022,SU2022-class 1,13,1905AFBJAI,,,0,3.6,4.4,Is Susspended,
SU2022,SU2022-class 1,14,1905AFAJDH,,,5,5.4,5.9,Passed,
SU2022,SU2022-class 1,15,1905AFJIBI,,,4,4.6,6.4,Passed,
SU2022,SU2022-class 1,16,1905AFAIAG,,,7,8.4,7.5,Passed,
SU2022,SU2022-class 1,17,1905AFAIFD,,,5,5.2,6.6,Passed,
SU2022,SU2022-class 1,18,1905AFJBED,,,5,6.4,7.3,Passed,
SU2022,SU2022-class 1,19,1905AFJCAH,,,7,8.8,8.5,Passed,
SU2022,SU2022-class 1,20,1905AFJGHA,,,7,8.4,8.4,Passed,
SU2022,SU2022-class 1,21,1905AFABDC,,,0,7.4,5.8,Is Susspended,
SU2022,SU2022-class 1,22,1905AFJIBJ,,,5,8.2,7.6,Passed,
SU2022,SU2022-class 1,23,1905AFAJJF,,,4,6.6,6.9,Passed,
SU2022,SU2022-class 1,24,1905AFAJHG,,,6,6.6,7.5,Passed,
SU2022,SU2022-class 1,25,1905AFAEGG,,,0,7.4,5.9,Is Susspended,
SU2022,SU2022-class 1,26,1905AEAJGI,,,5,2,4.9,Not Passed,
SU2022,SU2022-class 1,27,1905AFJIFB,,,2,7.6,6.7,Passed,
SU2022,SU2022-class 1,28,1905AFBJGH,,,6,5.4,7,Passed,
SU2022,SU2022-class 1,29,1905AFAACJ,,,8,8.8,8.9,Passed,
SU2022,SU2022-class 1,30,1905AFJHEE,,,5,7,7.3,Passed,
SU2022,SU2022-class 1,31,1905AFJBEH,,,5,7.2,7.5,Passed,
SU2022,SU2022-class 2,1,1905AFJDEB,,,7,6.8,7.9,Passed,
SU2022,SU2022-class 2,2,1905AFAJAE,,,4,4.2,6.1,Passed,
SU2022,SU2022-class 2,3,1905AEJFIF,,,1,5.8,5.3,Passed,
SU2022,SU2022-class 2,4,1905AFJBDE,,,7,9,8.1,Passed,
SU2022,SU2022-class 2,5,1905AEJGJB,,,6,9,8.4,Passed,
SU2022,SU2022-class 2,6,1905AFJIDD,,,2,4.6,5.3,Passed,
SU2022,SU2022-class 2,7,1905AFJBBC,,,7,8,8.1,Passed,
SU2022,SU2022-class 2,8,1905AEJGDH,,,5,4.4,5.9,Passed,
SU2022,SU2022-class 2,9,0805AECGEB,,,0,0,3.3,Not Passed,
SU2022,SU2022-class 2,10,1905AEJDGC,,,0,0,2.8,Attendance Fail,
SU2022,SU2022-class 2,11,1905AEJEHD,,,0,0,3.1,Not Passed,
SU2022,SU2022-class 2,12,1905AEJHAD,,,0,0,2.9,Attendance Fail,
SU2022,SU2022-class 2,13,1905AEJHCA,,,7,8.6,8.3,Passed,
SU2022,SU2022-class 2,14,1905AFABBA,,,6,4.6,6.3,Passed,
SU2022,SU2022-class 2,15,1905AEJCFE,,,6,4,6.1,Passed,
SU2022,SU2022-class 2,16,1905AEJHDD,,,6,5,6.9,Passed,
SU2022,SU2022-class 2,17,1905AEJHEE,,,6,4.6,6.9,Passed,
SU2022,SU2022-class 2,18,1905AEACGC,,,6,5.8,7,Passed,
SU2022,SU2022-class 2,19,1905AFJBAH,,,4,6,6.7,Passed,
SU2022,SU2022-class 2,20,1905AEJJDJ,,,6,6.6,7.4,Passed,
SU2022,SU2022-class 2,21,1905AFBJJI,,,8,7.4,8.3,Passed,
SU2022,SU2022-class 2,22,1905AFJGIB,,,5,7.6,7.4,Passed,
SU2022,SU2022-class 2,23,1905AFAFAF,,,4,5.6,6.4,Passed,
SU2022,SU2022-class 2,24,1905AFJCGD,,,8,8.6,8.7,Passed,
SU2022,SU2022-class 2,25,1905AFADBC,,,0,0,2.9,Attendance Fail,
SU2022,SU2022-class 2,26,1905ACJBFH,,,0,0,0,Attendance Fail,
SU2022,SU2022-class 2,27,1905AFJHJJ,,,7,6.2,7.2,Passed,
SU2022,SU2022-class 2,28,1905AEJDFC,,,6,6.8,7.5,Passed,
SU2022,SU2022-class 2,29,1905AEJEBD,,,4,5.6,6.2,Passed,
SU2022,SU2022-class 2,30,1905AFAIDC,,,1,2.6,4.2,Not Passed,
SU2022,SU2022-class 3,1,1905AFADFE,,,0,0,3.3,Attendance Fail,
SU2022,SU2022-class 3,2,1905AFAIFE,,,6,7.8,7.5,Passed,
SU2022,SU2022-class 3,3,1905AFADEF,,,3,6.2,6.3,Passed,
SU2022,SU2022-class 3,4,1905AEJGCD,,,2,4.8,5.3,Passed,
SU2022,SU2022-class 3,5,1905AFJBGJ,,,7,6.8,7.8,Passed,
SU2022,SU2022-class 3,6,1905AFAGCJ,,,2,2.8,4.9,Not Passed,
SU2022,SU2022-class 3,7,1905AFAHEH,,,8,9,8.6,Passed,
SU2022,SU2022-class 3,8,1905ACJACD,,,0,0,0,Attendance Fail,
SU2022,SU2022-class 3,9,1905AFBJDE,,,6,7.4,7.3,Passed,
SU2022,SU2022-class 3,10,1905ADJCIA,,,4,3.6,5.5,Not Passed,
SU2022,SU2022-class 3,11,1905AFJBAF,,,6,7.6,7.3,Passed,
SU2022,SU2022-class 3,12,1905AEJIEA,,,6,4,6.4,Passed,
SU2022,SU2022-class 3,13,1905FCBHH,,,0,0,2.7,Attendance Fail,
SU2022,SU2022-class 3,14,1905AFAFGA,,,2,6.4,5.6,Passed,
SU2022,SU2022-class 3,15,1905AFADJF,,,2,5.4,5.5,Passed,
SU2022,SU2022-class 3,16,1905AFAJEA,,,7,8.2,8.2,Passed,
SU2022,SU2022-class 3,17,1905AFBADB,,,4,5,5.5,Passed,
SU2022,SU2022-class 3,18,1905AFAIHE,,,8,6,7.7,Passed,
SU2022,SU2022-class 3,19,1905ACJJEE,,,0,0,3.4,Not Passed,
SU2022,SU2022-class 3,20,1905AFJGED,,,2,6.6,5.9,Passed,
SU2022,SU2022-class 3,21,1905AFBJFG,,,3,5.2,5.6,Passed,
SU2022,SU2022-class 3,22,1905AFAFBB,,,6,7.4,7.7,Passed,
SU2022,SU2022-class 3,23,1905AFAEHJ,,,8,9,8.7,Passed,
SU2022,SU2022-class 3,24,1905AFAJGD,,,5,7,7.1,Passed,
SU2022,SU2022-class 3,25,1905ACJDDJ,,,0,0,0,Attendance Fail,
SU2022,SU2022-class 3,26,1905ADJEAE,,,0,0,2.9,Not Passed,
SU2022,SU2022-class 4,1,1905AFJADC,,,5,7.8,7.6,Passed,
SU2022,SU2022-class 4,2,1905AFAJIC,,,7,9.4,8.8,Passed,
SU2022,SU2022-class 4,3,1905AFAECE,,,10,9.6,9.5,Passed,
SU2022,SU2022-class 4,4,1905AEACGA,,,0,0,1.4,Attendance Fail,
SU2022,SU2022-class 4,5,1905AFJAJD,,,9,9,9.2,Passed,
SU2022,SU2022-class 4,6,1905ADAAJD,,,0,3.4,4,Is Susspended,
SU2022,SU2022-class 4,7,1905AFJBDH,,,4,6.2,6.8,Passed,
SU2022,SU2022-class 4,8,1905AFJJFJ,,,10,9.4,9.7,Passed,
SU2022,SU2022-class 4,9,1905ACJGBI,,,0,0,3.3,Not Passed,
SU2022,SU2022-class 4,10,1905AFAEAE,,,3,0,3.7,Not Passed,
SU2022,SU2022-class 4,11,1905AFJBDB,,,8,8.4,8.6,Passed,
SU2022,SU2022-class 4,12,1905AFABHB,,,8,9.4,9.1,Passed,
SU2022,SU2022-class 4,13,1905AFABBH,,,7,7.4,8,Passed,
SU2022,SU2022-class 4,14,1905AFJBFD,,,9,9.2,9,Passed,
SU2022,SU2022-class 4,15,1905AFJJCH,,,4,9,7.7,Passed,
SU2022,SU2022-class 4,16,1905AFJBGE,,,10,9.4,9.5,Passed,
SU2022,SU2022-class 4,17,1905AFJDGC,,,5,6.4,6.7,Passed,
SU2022,SU2022-class 4,18,1905AFAAHJ,,,9,8.2,9,Passed,
SU2022,SU2022-class 4,19,1905AFBJIE,,,3,5.6,6,Passed,
SU2022,SU2022-class 4,20,1905AEJCDD,,,0,0,0.7,Attendance Fail,
SU2022,SU2022-class 4,21,1905AFAHCD,,,0,0,0.6,Attendance Fail,
SU2022,SU2022-class 4,22,1905AFJAAG,,,8,9.6,9.1,Passed,
SU2022,SU2022-class 4,23,1905AFABHF,,,4,8,6.9,Passed,
SU2022,SU2022-class 4,24,1905AFAAFG,,,5,5.4,6.8,Passed,
SU2022,SU2022-class 4,25,1905AFJAEJ,,,3,5.6,5.8,Passed,
SU2022,SU2022-class 4,26,1905AFABBE,,,6,8.6,8.2,Passed,
SU2022,SU2022-class 4,27,1905AEJECI,,,2,7.2,4.9,Not Passed,
SU2022,SU2022-class 5,1,1905AFAJAJ,,,4,4.4,5.4,Passed,
SU2022,SU2022-class 5,2,1905AFJECH,,,4,7,6.7,Passed,
SU2022,SU2022-class 5,3,1905AFAJGJ,,,5,5.2,5.9,Passed,
SU2022,SU2022-class 5,4,1905AFJHBA,,,6,6.8,7.6,Passed,
SU2022,SU2022-class 5,5,1905AFAJAG,,,5,5.2,6.1,Passed,
SU2022,SU2022-class 5,6,1905ADJDII,,,4,5.4,5.9,Passed,
SU2022,SU2022-class 5,7,1905AFAJEB,,,8,6,7.6,Passed,
SU2022,SU2022-class 5,8,1905AEJHJC,,,5,5.4,6.4,Passed,
SU2022,SU2022-class 5,9,1905AFJGEA,,,4,7.2,6.8,Passed,
SU2022,SU2022-class 5,10,1905AFJDEC,,,0,0,0,Attendance Fail,
SU2022,SU2022-class 5,11,1905AFJECG,,,6,6.8,7.5,Passed,
SU2022,SU2022-class 5,12,1905AFAJJJ,,,5,5.6,6.4,Passed,
SU2022,SU2022-class 5,13,1905AFJIHC,,,4,4.2,5.5,Passed,
SU2022,SU2022-class 5,14,1905AFJHJF,,,4,0,4.4,Is Susspended,
SU2022,SU2022-class 5,15,1905AFAJJG,,,5,6.2,6.5,Passed,
SU2022,SU2022-class 5,16,1905AFJIBA,,,4,4,5.6,Passed,
SU2022,SU2022-class 5,17,1905AFJDJG,,,0,4.4,4.2,Is Susspended,
SU2022,SU2022-class 5,18,1905AFJDEG,,,6,8.4,7.9,Passed,
SU2022,SU2022-class 5,19,1905AFJECF,,,3,5,5.4,Passed,
SU2022,SU2022-class 5,20,1905AFJGHF,,,8,6.2,6.9,Passed,
SU2022,SU2022-class 5,21,1905AFACIH,,,5,5.2,6,Passed,
SU2022,SU2022-class 5,22,1905AFJCFD,,,4,4.6,5.8,Passed,
SU2022,SU2022-class 5,23,1905AFJIEF,,,7,8.2,8,Passed,
SU2022,SU2022-class 6,1,1905AEJFCE,,,0,0,0,Attendance Fail,
SU2022,SU2022-class 6,2,1905AFADDD,,,7,8.8,8,Passed,
SU2022,SU2022-class 6,3,1905AFBACE,,,6,4,6,Passed,
SU2022,SU2022-class 6,4,1905AFAEBG,,,4,3.2,5.8,Not Passed,
SU2022,SU2022-class 6,5,1905AFAEBF,,,0,5,4.5,Is Susspended,
SU2022,SU2022-class 6,6,1905AFADAH,,,0,6.8,5.7,Is Susspended,
SU2022,SU2022-class 6,7,1905AFABDG,,,4,5.2,5.7,Passed,
SU2022,SU2022-class 6,8,1905AEADFA,,,0,4.4,4.2,Is Susspended,
SU2022,SU2022-class 6,9,1905AFADHE,,,5,6.2,6.7,Passed,
SU2022,SU2022-class 6,10,1905AEJGIB,,,0,0,0,Attendance Fail,
SU2022,SU2022-class 6,11,1905AEJBFB,,,5,0,3.9,Not Passed,
SU2022,SU2022-class 6,12,1905AEADFB,,,0,3.4,3.4,Is Susspended,
SU2022,SU2022-class 6,13,1905AFADII,,,6,6.8,7.3,Passed,
SU2022,SU2022-class 6,14,1905AFBJCD,,,6,4,6.2,Passed,
SU2022,SU2022-class 6,15,1905AEJIAB,,,4,4.2,5.4,Passed,
SU2022,SU2022-class 6,16,1905AEADDA,,,3,5,5.6,Passed,
SU2022,SU2022-class 6,17,1905AFADEC,,,0,5.2,4.6,Is Susspended,
SU2022,SU2022-class 6,18,1905AFAAIG,,,0,3,4.1,Is Susspended,
SU2022,SU2022-class 6,19,1905AFJIJI,,,0,0,1.8,Attendance Fail,
SU2022,SU2022-class 6,20,1905ADAJFA,,,1,5.4,5.2,Passed,
SU2022,SU2022-class 6,21,1905ADJFJE,,,1,4.8,3.9,Not Passed,
SU2022,SU2022-class 6,22,1905AFJFBB,,,6,6,6.4,Passed,
SU2022,SU2022-class 6,23,1905AFJJII,,,6,6.8,7.3,Passed,
SU2022,SU2022-class 6,24,1905AFADBE,,,0,3.2,4.2,Is Susspended,
SU2022,SU2022-class 6,25,1905AFAIGF,,,5,4.2,6.4,Passed,
SU2022,SU2022-class 6,26,1905AFBJHA,,,0,0,0.2,Attendance Fail,
SU2022,SU2022-class 6,27,1905AFJAGI,,,4,6,6.3,Passed,
SU2022,SU2022-class 6,28,1905ADJBGG,,,3,5.2,5.2,Passed,
SU2022,SU2022-class 6,29,1905ADJGJD,,,0,5.4,5.2,Is Susspended,
SU2022,SU2022-class 6,30,1905ADJEGJ,,,7,5,6.9,Passed,
SU2022,SU2022-class 6,31,1905AFJBFF,,,4,6.2,6.6,Passed,
SU2022,SU2022-class 7,1,1905AFBJCC,,,3,7.4,6.3,Passed,
SU2022,SU2022-class 7,2,1905AFAGHB,,,6,5.2,6.3,Passed,
SU2022,SU2022-class 7,3,1905AEJEFF,,,2,0,3.6,Not Passed,
SU2022,SU2022-class 7,4,1905AFAFCG,,,6,7.6,7.6,Passed,
SU2022,SU2022-class 7,5,1905AFJEDC,,,0,0,0.3,Not Passed,
SU2022,SU2022-class 7,6,1905AFAGIF,,,4,5.8,6.6,Passed,
SU2022,SU2022-class 7,7,1905ADJCGG,,,0,0,0.8,Attendance Fail,
SU2022,SU2022-class 7,8,1905AFAFEB,,,6,5.6,6.5,Passed,
SU2022,SU2022-class 7,9,1905AFAHGB,,,0,4.6,4.6,Is Susspended,
SU2022,SU2022-class 7,10,1905AFADFC,,,3,4.2,5.6,Passed,
SU2022,SU2022-class 7,11,1905AFAFCA,,,0,5.6,4.2,Is Susspended,
SU2022,SU2022-class 7,12,1905AFAECG,,,4,8.2,7.3,Passed,
SU2022,SU2022-class 7,13,1905AFAGIC,,,7,6,7.4,Passed,
SU2022,SU2022-class 7,14,1905ADJCIB,,,0,0,2.9,Not Passed,
SU2022,SU2022-class 7,15,1905AFADAC,,,7,8.4,8.4,Passed,
SU2022,SU2022-class 7,16,1905AFAGFJ,,,7,6.6,7.2,Passed,
SU2022,SU2022-class 7,17,1905AFAEHD,,,9,8.8,9.1,Passed,
SU2022,SU2022-class 7,18,1905ADJDBG,,,3,4,5.1,Passed,
SU2022,SU2022-class 7,19,1905AFAECH,,,4,5.4,6.4,Passed,
SU2022,SU2022-class 7,20,1905AFAFAC,,,4,5.6,6.4,Passed,
SU2022,SU2022-class 7,21,1905AFAGIJ,,,6,6.2,7,Passed,
SU2022,SU2022-class 7,22,1905AFAGJF,,,4,5.2,6,Passed,
SU2022,SU2022-class 7,23,1905AFAAAH,,,5,5.4,5.9,Passed,
SU2022,SU2022-class 7,24,1905AFAFJF,,,5,5.6,6.6,Passed,
SU2022,SU2022-class 7,25,1905AEAJBE,,,0,0,2.4,Not Passed,
SU2022,SU2022-class 7,26,1905AFAEEA,,,3,5,5.3,Passed,
SU2022,SU2022-class 7,27,1905AFBJGC,,,6,5.2,6.2,Passed,
SU2022,SU2022-class 7,28,1905AFBJHC,,,6,8.2,7.7,Passed,
SU2022,SU2022-class 7,29,1905AFJAIA,,,6,8.4,8,Passed,
SU2022,SU2022-class 7,30,1905AEJEJE,,,5,7.2,7.4,Passed,
SU2022,SU2022-class 7,31,1905AFAHAJ,,,9,8.2,8.7,Passed,
SU2023,SU2023-class 1,1,1905AGJJBI,,,3,6.2,6.2,Passed,
SU2023,SU2023-class 1,2,1905AGBDDJ,,,1,4.6,4.5,Not Passed,
SU2023,SU2023-class 1,3,1905AFBJJB,,,5,7.8,7.4,Passed,
SU2023,SU2023-class 1,4,1905AGBIHG,,,8,6.8,7.4,Passed,
SU2023,SU2023-class 1,5,1905AGBEBB,,,8,8.4,8.9,Passed,
SU2023,SU2023-class 1,6,1905AGAJGD,,,6,7.6,8.1,Passed,
SU2023,SU2023-class 1,7,1905AGJEBE,,,6,8.4,8.3,Passed,
SU2023,SU2023-class 1,8,1905AGADCB,,,8,6.6,7.9,Passed,
SU2023,SU2023-class 1,9,1905AFAHHI,,,8,6.8,7.4,Passed,
SU2023,SU2023-class 1,10,1905AGAGEA,,,6,4.8,6.6,Passed,
SU2023,SU2023-class 1,11,1905AGBHGI,,,5,7.2,7.3,Passed,
SU2023,SU2023-class 1,12,1905AGCDDA,,,7,7,7.9,Passed,
SU2023,SU2023-class 1,13,1905AGJEDE,,,8,7.2,8.6,Passed,
SU2023,SU2023-class 1,14,1905AGJCHC,,,2,5.2,5.7,Passed,
SU2023,SU2023-class 1,15,1905AGJBBH,,,2,6,5.9,Passed,
SU2023,SU2023-class 1,16,1905AGADHH,,,5,7.2,7.7,Passed,
SU2023,SU2023-class 1,17,1905AFABHH,,,1,3.4,5,Not Passed,
SU2023,SU2023-class 1,18,1905AFBAFE,,,4,7.8,7.3,Passed,
SU2023,SU2023-class 1,19,1905AGBIEF,,,2,8.4,6.7,Passed,
SU2023,SU2023-class 1,20,1905AGJJGD,,,2,6.6,6,Passed,
SU2023,SU2023-class 1,21,1905AGADDB,,,1,5.2,5.5,Passed,
SU2023,SU2023-class 1,22,1905AFADJI,,,7,6.4,7.8,Passed,
SU2023,SU2023-class 1,23,1905AGAGEJ,,,8,4.4,7.3,Passed,
SU2023,SU2023-class 1,24,1905AGBHHF,,,0,0,0,Attendance Fail,
SU2023,SU2023-class 1,25,1905AEJEGF,,,0,0,0,Attendance Fail,
SU2023,SU2023-class 1,26,1905AGABCI,,,10,8.8,9.2,Passed,
SU2023,SU2023-class 1,27,1905AGJJDJ,,,5,5.8,6.6,Passed,
SU2023,SU2023-class 1,28,1905AFAJGC,,,7,6.4,7.3,Passed,
SU2023,SU2023-class 1,29,1905AGBCDC,,,4,7.6,7,Passed,
SU2023,SU2023-class 1,30,1905AGAACC,,,4,6.4,7.1,Passed,
SU2023,SU2023-class 1,31,1905AGAGIA,,,9,6.2,8.2,Passed,
SU2023,SU2023-class 1,32,1905AGACHB,,,3,3.8,5.7,Not Passed,
SU2023,SU2023-class 1,33,1905AGAAFE,,,6,6,7.2,Passed,
SU2023,SU2023-class 1,34,1905AGJEBA,,,4,7.2,6.9,Passed,
SU2023,SU2023-class 1,35,1905AGJAFF,,,7,4.2,6.4,Passed,
SU2023,SU2023-class 2,1,1905AFJGFE,,,3,6.6,5.9,Passed,
SU2023,SU2023-class 2,2,1905AEABII,,,4,7.6,5.5,Passed,
SU2023,SU2023-class 2,3,1905AGAFIG,,,7,5.2,6.7,Passed,
SU2023,SU2023-class 2,4,1905AGBADF,,,1,4.8,5.3,Passed,
SU2023,SU2023-class 2,5,1905AFADJG,,,2,6.4,5.7,Passed,
SU2023,SU2023-class 2,6,1905AGBICB,,,9,7.6,8.6,Passed,
SU2023,SU2023-class 2,7,1905AGCFDJ,,,5,8.2,7.8,Passed,
SU2023,SU2023-class 2,8,1905AFADAF,,,0.5,6,5.3,Passed,
SU2023,SU2023-class 2,9,1905AGJAHI,,,0,0,3.5,Not Passed,
SU2023,SU2023-class 2,10,1905AGBGGC,,,9,8.6,8.8,Passed,
SU2023,SU2023-class 2,11,1905AGBCBG,,,0.5,7.4,5.4,Passed,
SU2023,SU2023-class 2,12,1905AGCEDC,,,4,6.8,6.7,Passed,
SU2023,SU2023-class 2,13,1905AGBIAB,,,8,8,8.3,Passed,
SU2023,SU2023-class 2,14,1905AGCFDF,,,8,7.4,8,Passed,
SU2023,SU2023-class 2,15,1905AGJBCF,,,4,6.8,6,Passed,
SU2023,SU2023-class 2,16,1905AFAEBA,,,8,6.8,7.9,Passed,
SU2023,SU2023-class 2,17,1905AGCFHG,,,0,7,5,Not Passed,
SU2023,SU2023-class 2,18,1905AGAIII,,,6,7.2,7.4,Passed,
SU2023,SU2023-class 2,19,1905AGAAHI,,,2,6,5.2,Passed,
SU2023,SU2023-class 2,20,1905AGCCGJ,,,8,7.2,8.1,Passed,
SU2023,SU2023-class 2,21,1905AGCEJB,,,7,6.4,6,Passed,
SU2023,SU2023-class 2,22,1905AGAICJ,,,7,8.4,8,Passed,
SU2023,SU2023-class 2,23,1905AFJBBB,,,1,5.4,5.3,Passed,
SU2023,SU2023-class 2,24,1905AGCFGJ,,,4,6.2,6.6,Passed,
SU2023,SU2023-class 2,25,1905AGBFGI,,,0,6.6,5.6,Not Passed,
SU2023,SU2023-class 2,26,1905AGCADD,,,3,4.8,5.5,Passed,
SU2023,SU2023-class 2,27,1905AGCFFF,,,2,7.6,6.4,Passed,
SU2023,SU2023-class 2,28,1905AEAJBE,,,9,4.6,7.6,Passed,
SU2023,SU2023-class 2,29,1905AGBHHH,,,0.5,6.2,5.4,Passed,
SU2023,SU2023-class 2,30,1905AGJAJC,,,8,8.6,8.6,Passed,
SU2023,SU2023-class 2,31,1905AGBAED,,,8,7.4,7.4,Passed,
SU2023,SU2023-class 2,32,1905AGCAFF,,,3,7,5.8,Passed,
SU2023,SU2023-class 2,33,1905AFBAAB,,,1,6,5.1,Passed,
SU2023,SU2023-class 2,34,1905AGCAJB,,,3,7.6,6,Passed,
SU2023,SU2023-class 2,35,1905AGJAAB,,,7,9.2,8.9,Passed,
SU2023,SU2023-class 2,36,1905AGCGJB,,,8,6.2,7.7,Passed,
SU2023,SU2023-class 3,1,1905AGBFFD,,,6,8.4,7.9,Passed,
SU2023,SU2023-class 3,2,1905AFJCFH,,,0,3.6,3.9,Not Passed,
SU2023,SU2023-class 3,3,1905AFAHDA,,,9,6.6,8.2,Passed,
SU2023,SU2023-class 3,4,1905AGBHJC,,,0,0,3.6,Not Passed,
SU2023,SU2023-class 3,5,1905AGBHFH,,,3,5.8,5.7,Passed,
SU2023,SU2023-class 3,6,1905AFABIH,,,1,5.8,5,Passed,
SU2023,SU2023-class 3,7,1905AGCCFC,,,4,4.6,6.1,Passed,
SU2023,SU2023-class 3,8,1905AGJDFH,,,4,6,6.3,Passed,
SU2023,SU2023-class 3,9,1905AGBBCI,,,1,7,5.7,Passed,
SU2023,SU2023-class 3,10,1905AGCDIA,,,0.5,8,5.3,Passed,
SU2023,SU2023-class 3,11,1905AFAHGH,,,8,5.6,7.7,Passed,
SU2023,SU2023-class 3,12,1905AGJAIH,,,8,7.2,8.4,Passed,
SU2023,SU2023-class 3,13,1905AGBDEF,,,1,4.8,4.9,Not Passed,
SU2023,SU2023-class 3,14,1905AGBEHE,,,2,6.2,6.4,Passed,
SU2023,SU2023-class 3,15,1905AFJDGD,,,1,4.6,5.1,Passed,
SU2023,SU2023-class 3,16,1905AGCEIE,,,4,6,6.7,Passed,
SU2023,SU2023-class 3,17,1905AGCEDA,,,3,4.6,5.5,Passed,
SU2023,SU2023-class 3,18,1905AGCDHE,,,7,7.4,7.4,Passed,
SU2023,SU2023-class 3,19,1905AFBJBH,,,7,6.4,7,Passed,
SU2023,SU2023-class 3,20,1905AFBJDH,,,2,6.2,5.2,Passed,
SU2023,SU2023-class 4,1,1905AGJAII,,,0,6.2,2.1,Not Passed,
SU2023,SU2023-class 4,2,1905AGCEEF,,,1,3,4.7,Not Passed,
SU2023,SU2023-class 4,3,0805AGAIGB,,,1,7.6,6,Passed,
SU2023,SU2023-class 4,4,1905AFAHHD,,,0,0,1.7,Not Passed,
SU2023,SU2023-class 4,5,1905AGBIHE,,,4,7.4,6.9,Passed,
SU2023,SU2023-class 4,6,1905AGAABH,,,8,4.6,6.5,Passed,
SU2023,SU2023-class 4,7,1905AFAABJ,,,1,4.8,4.8,Not Passed,
SU2023,SU2023-class 4,8,1905AGJCIH,,,1,7,6.1,Passed,
SU2023,SU2023-class 4,9,1905AGJDHJ,,,1,7.6,6.4,Passed,
SU2023,SU2023-class 4,10,1905AGCBDJ,,,7,6.2,7.7,Passed,
SU2023,SU2023-class 4,11,1905AGAIJF,,,6,6.2,6.5,Passed,
SU2023,SU2023-class 4,12,1905AGCECB,,,1,6,5.9,Passed,
SU2023,SU2023-class 4,13,1905AGBICH,,,9,7.4,8.4,Passed,
SU2023,SU2023-class 4,14,1905AFJHFD,,,0,0,0.5,Attendance Fail,
SU2023,SU2023-class 4,15,1905AGBEGB,,,8,4.4,6.7,Passed,
SU2023,SU2023-class 4,16,1905AFADGB,,,1,2.6,3.9,Not Passed,
SU2023,SU2023-class 4,17,1905AGJEJJ,,,0,0,3.8,Not Passed,
SU2023,SU2023-class 4,18,1905AGBDEF,,,0,3.6,4.2,Not Passed,
SU2023,SU2023-class 4,19,1905AGAHDA,,,10,8.8,9.4,Passed,
SU2023,SU2023-class 4,20,1905AGAICJ,,,0,0,3.3,Not Passed,
SU2023,SU2023-class 4,21,1905AGBCGC,,,3,4.4,5.2,Passed,
SU2023,SU2023-class 4,22,1905AFADIA,,,2,8.8,6.3,Passed,
SU2023,SU2023-class 4,23,1905AGBGJC,,,2,6,5.9,Passed,
SU2023,SU2023-class 4,24,1705AGJBAD,,,3,8.2,7.2,Passed,
SU2023,SU2023-class 4,25,1905AGBBDI,,,0,3.2,4.4,Not Passed,
SU2023,SU2023-class 4,26,1905AGJDHF,,,0,0,3.6,Not Passed,
SU2023,SU2023-class 4,27,1905AGAIIA,,,8,4,6.9,Passed,
SU2023,SU2023-class 4,28,1905AFADEB,,,0,3.8,3.2,Not Passed,
SU2023,SU2023-class 4,29,1905ADJGJD,,,0,0,3.2,Not Passed,
SU2023,SU2023-class 4,30,1905AGJEFB,,,0,0,0.8,Attendance Fail,
SU2023,SU2023-class 4,31,1905AGCBIB,,,6,6,7.2,Passed,
SU2023,SU2023-class 4,32,1905AGBDHD,,,5,7.2,7.2,Passed,
SU2023,SU2023-class 4,33,1905AGJDAJ,,,5,8,7.5,Passed,
SU2023,SU2023-class 4,34,1919AGJCHH,,,3,6.2,6.5,Passed,
SU2023,SU2023-class 5,1,1905AGJJHD,,,2,5,5.2,Passed,
SU2023,SU2023-class 5,2,1905AFAGEF,,,0,0,2.1,Not Passed,
SU2023,SU2023-class 5,3,1905AGAEBA,,,0,0,2,Not Passed,
SU2023,SU2023-class 5,4,1905AFJBHA,,,0,0,0.7,Attendance Fail,
SU2023,SU2023-class 5,5,1905AFAEBH,,,7,6.2,6.6,Passed,
SU2023,SU2023-class 5,6,1905AGCEHC,,,8,7.8,6.3,Passed,
SU2023,SU2023-class 5,7,1905AGJEBC,,,3,6.4,6,Passed,
SU2023,SU2023-class 5,8,1905AFADAF,,,0,0,2.2,Attendance Fail,
SU2023,SU2023-class 5,9,1905AFJDIF,,,2,6.2,5.5,Passed,
SU2023,SU2023-class 5,10,1905AGJBJC,,,10,9,9.1,Passed,
SU2023,SU2023-class 5,11,1905AGACCF,,,0,0,1.2,Attendance Fail,
SU2023,SU2023-class 5,12,1905AFBAID,,,6,5.8,6.1,Passed,
SU2023,SU2023-class 5,13,1905AFJFBE,,,5,7.6,6.5,Passed,
SU2023,SU2023-class 5,14,1905AFAIHJ,,,2,7.2,5.2,Passed,
SU2023,SU2023-class 5,15,1905AFJDIE,,,4,7,6.1,Passed,
SU2023,SU2023-class 5,16,1905AFJACD,,,1,0,2.6,Is Susspended,
SU2023,SU2023-class 5,17,1905AGADBG,,,6,5,5.4,Passed,
SU2023,SU2023-class 5,18,1905AGAACA,,,0,0,1.8,Attendance Fail,
SU2023,SU2023-class 5,19,1905AGJEAG,,,6,7.6,7.4,Passed,
SU2023,SU2023-class 5,20,1905AEJIBJ,,,0,0,1.4,Attendance Fail,
SU2023,SU2023-class 5,21,1905AGCJDB,,,9,9.2,8.1,Passed,
SU2023,SU2023-class 5,22,1905AFJEJJ,,,7,5.8,6.7,Passed,
SU2023,SU2023-class 5,23,1905AGAHAB,,,8,9.2,7.8,Passed,
SU2023,SU2023-class 5,24,1905ADJFJE,,,0,0,1.7,Attendance Fail,
SU2023,SU2023-class 5,25,1905AFJDJB,,,1,8,5.3,Passed,
SU2023,SU2023-class 5,26,1905AGCJHD,,,1,7.8,6.1,Passed,
SU2023,SU2023-class 5,27,1905AGBDAC,,,0,0,1.2,Attendance Fail,
SU2023,SU2023-class 5,28,1905AFBJHA,,,9,8.4,8.5,Passed,
SU2023,SU2023-class 5,29,1905AGACHB,,,0,0,1.2,Attendance Fail,
SU2023,SU2023-class 5,30,1905AGAACJ,,,7,5.6,6.1,Passed,
SU2023,SU2023-class 5,31,1905AEAADF,,,7,6.2,6.4,Passed,
SU2023,SU2023-class 5,32,1905AFBABI,,,0,0,0.6,Attendance Fail,
SU2023,SU2023-class 5,33,1905AFJHEC,,,5,4.8,5.3,Passed,
SU2023,SU2023-class 5,34,1905AFBABH,,,0,0,0.6,Attendance Fail,
SU2023,SU2023-class 6,1,1905AGBGDH,,,4,5.8,6.4,Passed,
SU2023,SU2023-class 6,2,1905AGCBHI,,,10,9.6,9.3,Passed,
SU2023,SU2023-class 6,3,0805AGBFCE,,,1,7.6,5.9,Passed,
SU2023,SU2023-class 6,4,1905AGJEJH,,,1,4,4.6,Not Passed,
SU2023,SU2023-class 6,5,1905AGADFD,,,1,7,5.7,Passed,
SU2023,SU2023-class 6,6,1905AFJEFJ,,,6,4.2,6.3,Passed,
SU2023,SU2023-class 6,7,1905AFJDAE,,,0,0,0.8,Attendance Fail,
SU2023,SU2023-class 6,8,1905AGBGCH,,,4,4.8,5.8,Passed,
SU2023,SU2023-class 6,9,1905AGABIE,,,3,8.2,6.8,Passed,
SU2023,SU2023-class 6,10,1905AGJDFD,,,6,8,7.7,Passed,
SU2023,SU2023-class 6,11,1905AGABID,,,3,4,5.6,Passed,
SU2023,SU2023-class 6,12,1905AGAEJJ,,,8,9,8.6,Passed,
SU2023,SU2023-class 6,13,1905AGJCHE,,,6,4.6,6.4,Passed,
SU2023,SU2023-class 6,14,1705AGJBJE,,,3,7.8,6.7,Passed,
SU2023,SU2023-class 6,15,1905AGJAFJ,,,2,7.4,6.3,Passed,
SU2023,SU2023-class 6,16,1905AFAIJF,,,2,6.6,5.8,Passed,
SU2023,SU2023-class 6,17,1905AGJCBE,,,4,8,6.9,Passed,
SU2023,SU2023-class 6,18,1905AGBBCI,,,0,0,3.4,Not Passed,
SU2023,SU2023-class 6,19,1905ADJCIB,,,2,4.6,5.3,Passed,
SU2023,SU2023-class 6,20,1905AGAEBJ,,,3,8.2,6.8,Passed,
SU2023,SU2023-class 6,21,1905AFAAIE,,,6,6.2,7,Passed,
SU2023,SU2023-class 6,22,1905AGAEGC,,,2,7.2,6.1,Passed,
SU2023,SU2023-class 6,23,1905AGAAGE,,,3,7.2,6.4,Passed,
SU2023,SU2023-class 6,24,1905AEJEGF,,,0,0,3,Not Passed,
SU2023,SU2023-class 6,25,1905AGACBB,,,0,0,3,Not Passed,
SU2023,SU2023-class 6,26,1905AGAEHD,,,1,7.6,5.8,Passed,
SU2023,SU2023-class 6,27,1905AFJIGC,,,1,4.4,5.1,Passed,
SU2023,SU2023-class 6,28,1905AFJDJC,,,1,9.2,6.1,Passed,
SU2023,SU2023-class 6,29,1905AFJIAI,,,0,0,3.1,Not Passed,
SU2023,SU2023-class 6,30,1905AGABJI,,,1,5.2,5.2,Passed,
SU2023,SU2023-class 6,31,1905AGAFJI,,,1,6,5.4,Passed,
SU2023,SU2023-class 6,32,1905AGJCJI,,,0,0,2.9,Is Susspended,
SU2023,SU2023-class 6,33,1905AFAIDC,,,0,3.2,4.1,Not Passed,
SU2023,SU2023-class 6,34,1905AGBGBD,,,1,6.6,5.7,Passed,
SU2023,SU2023-class 6,35,1905AGACFC,,,1,0,3.4,Not Passed,
SU2023,SU2023-class 7,1,1905AEJFCE,,,0,0,1.8,Not Passed,
SU2023,SU2023-class 7,2,1905AGBBJJ,,,1,7.4,6.1,Passed,
SU2023,SU2023-class 7,3,0405AGJFCH,,,8,7.4,8.2,Passed,
SU2023,SU2023-class 7,4,1905AFJJAG,,,1,5.4,5.5,Passed,
SU2023,SU2023-class 7,5,1905AFJAED,,,0,0,2.4,Not Passed,
SU2023,SU2023-class 7,6,1905AGCBEE,,,10,9.2,9.4,Passed,
SU2023,SU2023-class 7,7,1905AFAEBG,,,1,3.4,4.9,Not Passed,
SU2023,SU2023-class 7,8,1905AFAGHC,,,1,5.4,5.4,Passed,
SU2023,SU2023-class 7,9,1905AGBBEF,,,4,9.2,7.5,Passed,
SU2023,SU2023-class 7,10,1905AFABCG,,,8,6.6,7.9,Passed,
SU2023,SU2023-class 7,11,1905AGCEFH,,,2,5.2,5.8,Passed,
SU2023,SU2023-class 7,12,1905AFAFAH,,,0,0,1.8,Attendance Fail,
SU2023,SU2023-class 7,13,1905AGBGEG,,,3,7,6.6,Passed,
SU2023,SU2023-class 7,14,1905AGCFGC,,,8,6.4,7.9,Passed,
SU2023,SU2023-class 7,15,1905AGCEHB,,,4,6.4,6.7,Passed,
SU2023,SU2023-class 7,16,1905AEJECG,,,1,6.2,5.7,Passed,
SU2023,SU2023-class 7,17,1905AGBFJE,,,0,0,3.4,Not Passed,
SU2023,SU2023-class 7,18,1905AFAIDJ,,,0,0,3.6,Not Passed,
SU2023,SU2023-class 7,19,1905AGBFJG,,,0,0,3.4,Not Passed,
SU2023,SU2023-class 7,20,1905AGAGJD,,,0,0,1.8,Not Passed,
SU2023,SU2023-class 7,21,1905AFJHHA,,,0,0,3.4,Not Passed,
SU2023,SU2023-class 7,22,1905AGAHIE,,,4,6.6,6.7,Passed,
SU2023,SU2023-class 7,23,1905AGCBGJ,,,2,5,5.7,Passed,
SU2023,SU2023-class 7,24,1905AGCEIE,,,0,0,3.6,Not Passed,
SU2023,SU2023-class 7,25,1905AGAIIB,,,0,0,1.8,Not Passed,
SU2023,SU2023-class 7,26,1905AGBGGF,,,1,5.2,5.4,Passed,
SU2023,SU2023-class 7,27,1905AFJHEI,,,6,6.2,7,Passed,
SU2023,SU2023-class 7,28,1905AGBGJE,,,0,0,2.6,Not Passed,
SU2023,SU2023-class 7,29,1905AFJIJJ,,,1,6.6,5.9,Passed,
SU2023,SU2023-class 7,30,1905AGBEFE,,,1,9.8,6.4,Passed,
SU2023,SU2023-class 7,31,1905AFAJBI,,,8,5.8,7.6,Passed,
SU2023,SU2023-class 7,32,1905AGCBIA,,,0,0,1.8,Attendance Fail,
SU2023,SU2023-class 7,33,1905AGBJIF,,,3,5.4,6.1,Passed,
SU2023,SU2023-class 7,34,1905AFAEJI,,,1,6.4,5.8,Passed,
SU2023,SU2023-class 7,35,1905AEAAHI,,,0,0,2.4,Attendance Fail,
SU2023,SU2023-class 8,1,1905AGBFFD,,,0,0,3.6,Not Passed,
SU2023,SU2023-class 8,2,1905AGAEJG,,,3,6.4,6.3,Passed,
SU2023,SU2023-class 8,3,1905AGJFJH,,,0,0,3.3,Not Passed,
SU2023,SU2023-class 8,4,1705AGJBDH,,,0,0,3.4,Not Passed,
SU2023,SU2023-class 8,5,1905AGBEBG,,,6,4.6,6.7,Passed,
SU2023,SU2023-class 8,6,1905AGBBAE,,,0,0,3.2,Not Passed,
SU2023,SU2023-class 8,7,1901AEJABG,,,0,0,3.3,Not Passed,
SU2023,SU2023-class 8,8,1905AFJBEB,,,1,6.2,5.6,Passed,
SU2023,SU2023-class 8,9,1905AGCFHE,,,0,8.2,5.8,Not Passed,
SU2023,SU2023-class 8,10,1905AFAJJI,,,2,4.4,5.2,Passed,
SU2023,SU2023-class 8,11,1905AGBFCA,,,3,7.8,6.8,Passed,
SU2023,SU2023-class 8,12,1905AGAEGG,,,1,3.8,4.9,Not Passed,
SU2023,SU2023-class 8,13,1905AGCDDA,,,0,0,3.5,Not Passed,
SU2023,SU2023-class 8,14,1905AGACAA,,,4,7.8,7,Passed,
SU2023,SU2023-class 8,15,1905AGABGF,,,0,4.2,4.7,Not Passed,
SU2023,SU2023-class 8,16,1905AGADDB,,,0,0,3.4,Not Passed,
SU2023,SU2023-class 8,17,1905AGCFII,,,4,6.4,6.4,Passed,
SU2023,SU2023-class 8,18,1905AGAHDE,,,2,5.6,5.6,Passed,
SU2023,SU2023-class 8,19,1905AFJCAE,,,6,7.2,7.2,Passed,
SU2023,SU2023-class 8,20,1905AFAACB,,,10,6,8,Passed,
SU2023,SU2023-class 8,21,1905AGJJEC,,,10,8.2,9.1,Passed,
SU2023,SU2023-class 8,22,1905AFJCBD,,,2,7.6,6.4,Passed,
SU2023,SU2023-class 8,23,1905AEAJEG,,,1,2.2,4.5,Not Passed,
SU2023,SU2023-class 8,24,1905AGCCJI,,,3,4.4,5.7,Passed,
SU2023,SU2023-class 8,25,1905AGAIBD,,,2,5.6,5.7,Passed,
SU2023,SU2023-class 8,26,1905AGCFBH,,,2,6.2,5.8,Passed,
SU2023,SU2023-class 8,27,1905AGBIHJ,,,7,8.4,8,Passed,
SU2023,SU2023-class 8,28,1905AFAIBD,,,1,0,3.6,Not Passed,
SU2023,SU2023-class 8,29,1905AGACAF,,,2,5.6,5.7,Passed,
SU2023,SU2023-class 8,30,1905AEJCII,,,1,6.4,5.3,Passed,
SU2023,SU2023-class 8,31,1905AGBBCC,,,1,4.8,5.1,Passed,
SU2023,SU2023-class 8,32,1905AGBAFF,,,7,7,7.7,Passed,
SU2023,SU2023-class 8,33,1905AGCCJE,,,1,7.2,6,Passed,
SU2023,SU2023-class 8,34,1905AGBDHE,,,5,7.4,7.1,Passed,
SU2023,SU2023-class 8,35,1905AGBBAI,,,2,7.8,6.1,Passed,
SU2023,SU2023-class 9,1,1905AGCFCI,,,4,5.8,6.6,Passed,
SU2023,SU2023-class 9,2,1905AFJCGH,,,3,6.2,6.1,Passed,
SU2023,SU2023-class 9,3,1905AGJEBI,,,1,8.2,6.3,Passed,
SU2023,SU2023-class 9,4,1905AGCAFA,,,9,6,8.2,Passed,
SU2023,SU2023-class 9,5,1905AGAFHE,,,7,8.4,8.5,Passed,
SU2023,SU2023-class 9,6,1905AFJICJ,,,1,4.6,5,Passed,
SU2023,SU2023-class 9,7,1905AGACCB,,,5,8,7.8,Passed,
SU2023,SU2023-class 9,8,1905AFJFDA,,,3,6.2,6.2,Passed,
SU2023,SU2023-class 9,9,1905AGJECH,,,0,3,4.3,Not Passed,
SU2023,SU2023-class 9,10,1905AGAGCJ,,,7,8.4,8.4,Passed,
SU2023,SU2023-class 9,11,1905AFAICC,,,3,8.4,7.2,Passed,
SU2023,SU2023-class 9,12,1905AGCFED,,,4,7,7,Passed,
SU2023,SU2023-class 9,13,1905AFJFDD,,,1,6.4,5.8,Passed,
SU2023,SU2023-class 9,14,1905AGABFH,,,0,0,3.5,Not Passed,
SU2023,SU2023-class 9,15,1905AGBBJC,,,1,7.8,6.3,Passed,
SU2023,SU2023-class 9,16,1905AGABAE,,,0,0,3,Attendance Fail,
SU2023,SU2023-class 9,17,1905AGJJIB,,,3,8.4,7.1,Passed,
SU2023,SU2023-class 9,18,1905AGCDFF,,,8,7.6,8.4,Passed,
SU2023,SU2023-class 9,19,1905AGBAEB,,,2,6.4,6.4,Passed,
SU2023,SU2023-class 9,20,1905AGJBBC,,,9,7.8,8.5,Passed,
SU2023,SU2023-class 9,21,1905AGJCFE,,,8,8.6,8.9,Passed,
SU2023,SU2023-class 9,22,1905AEJIJH,,,0,2.2,4.1,Not Passed,
SU2023,SU2023-class 9,23,1905AFAEID,,,9,6.6,8.6,Passed,
SU2023,SU2023-class 9,24,1905AGACGE,,,0,2.4,3.8,Not Passed,
SU2023,SU2023-class 9,25,1905AGBBEB,,,3,4.4,5.9,Passed,
SU2023,SU2023-class 9,26,1905AGBEHG,,,6,8,8.1,Passed,
SU2023,SU2023-class 9,27,1905AGAAAG,,,0,0,3.7,Not Passed,
SU2023,SU2023-class 9,28,1905AGABEC,,,2,7.6,6.6,Passed,
SU2023,SU2023-class 9,29,1905AGCAJF,,,0,0,3.3,Not Passed,
SU2023,SU2023-class 9,30,1905AGBAHE,,,2,7.2,6.2,Passed,
SU2023,SU2023-class 9,31,1905AGAACD,,,1,6.8,6.2,Passed,
SU2023,SU2023-class 9,32,1905AGJBCA,,,2,8.2,6.6,Passed,
SU2023,SU2023-class 9,33,1905ADJDHH,,,6,6,6.9,Passed,
SU2023,SU2023-class 9,34,1905AGJEBF,,,3,8.2,7.1,Passed,
SU2023,SU2023-class 9,35,1905AGJBIE,,,4,7.2,7.2,Passed,
SU2023,SU2023-class 10,1,1905AEJFBJ,,,1,4.8,4.8,Not Passed,
SU2023,SU2023-class 10,2,1905AGBFCD,,,4,6.6,5.7,Passed,
SU2023,SU2023-class 10,3,1905AGBFJJ,,,5,8.4,7.1,Passed,
SU2023,SU2023-class 10,4,1905AGBBFD,,,2,9,6.4,Passed,
SU2023,SU2023-class 10,5,1905AGBDJD,,,2,8.4,6.3,Passed,
SU2023,SU2023-class 10,6,1905AGBEAD,,,0,0,2.1,Not Passed,
SU2023,SU2023-class 10,7,1905AGBABG,,,2,8.8,6.2,Passed,
SU2023,SU2023-class 10,8,1905AGBECD,,,5,7,6.9,Passed,
SU2023,SU2023-class 10,9,1905AGAHFH,,,1,7.4,5.7,Passed,
SU2023,SU2023-class 10,10,1905AGBJEI,,,0,0,2.1,Attendance Fail,
SU2023,SU2023-class 10,11,1905AGBAAF,,,2,5.8,5.5,Passed,
SU2023,SU2023-class 10,12,1905AGBDGD,,,8,8.8,8,Passed,
SU2023,SU2023-class 10,13,1905AGJJAA,,,4,6.8,5.8,Passed,
SU2023,SU2023-class 10,14,1905AGABIH,,,1,6.4,5.2,Passed,
SU2023,SU2023-class 10,15,1905AEJHAD,,,0,0,0,Attendance Fail,
SU2023,SU2023-class 10,16,1905AEADFB,,,3,6.4,5.8,Passed,
SU2023,SU2023-class 10,17,1905AFADBA,,,1,8.2,5.4,Passed,
SU2023,SU2023-class 10,18,1905AGAIHI,,,9,9,9.1,Passed,
SU2023,SU2023-class 10,19,1905AGBHDG,,,6,8,6.9,Passed,
SU2023,SU2023-class 10,20,1905AFAEGH,,,0,0,1.3,Attendance Fail,
SU2023,SU2023-class 10,21,1905AGBCDA,,,10,9.2,8.8,Passed,
SU2023,SU2023-class 10,22,1905ADJGCC,,,0,0,2,Attendance Fail,
SU2023,SU2023-class 10,23,1905AGBAJE,,,8,4.8,6.8,Passed,
SU2023,SU2023-class 10,24,1905AGAIGC,,,3,5,5.3,Passed,
SU2023,SU2023-class 10,25,1905AGBCAI,,,1,7.2,5.1,Passed,
SU2023,SU2023-class 10,26,1905AGBEHE,,,0,0,0.8,Attendance Fail,
SU2023,SU2023-class 10,27,1905AGAGIC,,,2,4.4,4.5,Not Passed,
SU2023,SU2023-class 10,28,1905AEACFC,,,1,5,4.3,Not Passed,
SU2023,SU2023-class 10,29,1905ACJJEE,,,0,0,0,Attendance Fail,
SU2023,SU2023-class 10,30,1905AFAIIB,,,1,8,5.6,Passed,
SU2023,SU2023-class 10,31,1905AGBEFB,,,2,8.2,6.6,Passed,
SU2023,SU2023-class 10,32,1905AFAJBJ,,,0,0,2,Attendance Fail,
SU2023,SU2023-class 10,33,1905AGBEJJ,,,0,0,1.9,Not Passed,
SU2023,SU2023-class 10,34,1905AGCFAG,,,2,5.8,5.1,Passed,
SU2023,SU2023-class 10,35,1905AGBFCG,,,4,5.4,6.1,Passed,
SU2023,SU2023-class 11,1,1905AGBGHD,,,0,0,3.2,Not Passed,
SU2023,SU2023-class 11,2,1905AGJCCJ,,,5,8.4,7.4,Passed,
SU2023,SU2023-class 11,3,1905AGBAEG,,,4,5.6,6.2,Passed,
SU2023,SU2023-class 11,4,1905AGAHEI,,,6,6.6,6.3,Passed,
SU2023,SU2023-class 11,5,1905AGBHJI,,,2,8.4,6,Passed,
SU2023,SU2023-class 11,6,1905AGJJDA,,,3,8.6,6.4,Passed,
SU2023,SU2023-class 11,7,1905AGCJIH,,,10,8.4,8.2,Passed,
SU2023,SU2023-class 11,8,1905AGBAHF,,,1,7.2,5.4,Passed,
SU2023,SU2023-class 11,9,1905AGBIIE,,,0,0,2.2,Not Passed,
SU2023,SU2023-class 11,10,1905AGCJGJ,,,7,8.6,8.2,Passed,
SU2023,SU2023-class 11,11,0305AGADIF,,,0,0,2.2,Not Passed,
SU2023,SU2023-class 11,12,1905AGBHJF,,,4,8.6,6.6,Passed,
SU2023,SU2023-class 11,13,1905AGAIGH,,,1,7.8,5.8,Passed,
SU2023,SU2023-class 11,14,1905AGCAGH,,,6,9,7.8,Passed,
SU2023,SU2023-class 11,15,1905AGJEHB,,,1,7,5,Passed,
SU2023,SU2023-class 11,16,1905AGCJED,,,2,5.8,5,Passed,
SU2023,SU2023-class 11,17,1905AGJDEH,,,0,2.6,3.3,Not Passed,
SU2023,SU2023-class 11,18,1905AGCBJB,,,6,8.6,7.1,Passed,
SU2023,SU2023-class 11,19,1905AGCAFB,,,0,0,2.6,Not Passed,
SU2023,SU2023-class 11,20,1905AGBHAJ,,,2,8,6,Passed,
SU2023,SU2023-class 11,21,1905AGJBBA,,,7,8,7.8,Passed,
SU2023,SU2023-class 11,22,1905AGCAIG,,,4,7.8,6.5,Passed,
SU2023,SU2023-class 11,23,1905AGCJBE,,,4,8.8,6.4,Passed,
SU2023,SU2023-class 11,24,1905AGCBAJ,,,0,6.2,4.9,Not Passed,
SU2023,SU2023-class 11,25,1905AGBIEJ,,,1,8.8,5.9,Passed,
SU2023,SU2023-class 11,26,1905AGCAJI,,,5,8.2,7,Passed,
SU2023,SU2023-class 11,27,1905AGBHGB,,,5,7.6,6.9,Passed,
SU2023,SU2023-class 11,28,1905AFJDDA,,,0,0,2.2,Not Passed,
SU2023,SU2023-class 11,29,1905AGAHBB,,,8,9.2,8.2,Passed,
SU2023,SU2023-class 11,30,1905AGCBJH,,,0,2,3.5,Not Passed,
SU2023,SU2023-class 11,31,1905AGBGJJ,,,10,9.4,8.8,Passed,
SU2023,SU2023-class 11,32,1905AGCAFF,,,0,3.8,3.4,Not Passed,
SU2023,SU2023-class 11,33,1905AGCACD,,,0,0,2.7,Not Passed,
SU2023,SU2023-class 11,34,1905AGCAAA,,,6,6.6,6.8,Passed,
SU2023,SU2023-class 11,35,1905AGBEFA,,,1,7,5.2,Passed,
SU2023,SU2023-class 11,36,1905AGJBCD,,,1,8.4,5,Passed,
SU2023,SU2023-class 12,1,1905AGCDCE,,,2,7,6.1,Passed,
SU2023,SU2023-class 12,2,1905AGCFID,,,6,7.6,7.3,Passed,
SU2023,SU2023-class 12,3,1905AGCEHH,,,0,3.8,4.6,Not Passed,
SU2023,SU2023-class 12,4,1905AGCDEF,,,4,7.8,6.8,Passed,
SU2023,SU2023-class 12,5,1919AFJCDA,,,2,5.6,5.6,Passed,
SU2023,SU2023-class 12,6,1905AGCFDI,,,2,5.6,5.4,Passed,
SU2023,SU2023-class 12,7,1905AGCEBJ,,,1,5.8,5.3,Passed,
SU2023,SU2023-class 12,8,1905AGCFEC,,,8,7.2,7.9,Passed,
SU2023,SU2023-class 12,9,1919AGABDC,,,9,8.6,8.7,Passed,
SU2023,SU2023-class 12,10,1905AGBGGC,,,0,0,3.3,Not Passed,
SU2023,SU2023-class 12,11,1905AGCEHF,,,9,8,8.5,Passed,
SU2023,SU2023-class 12,12,1905AGCCFC,,,0,4.4,4.6,Not Passed,
SU2023,SU2023-class 12,13,1905AGCJCD,,,1,4,4.8,Not Passed,
SU2023,SU2023-class 12,14,1905AFJHDE,,,0,0,0,Attendance Fail,
SU2023,SU2023-class 12,15,1905AGBDBA,,,1,9.2,6.3,Passed,
SU2023,SU2023-class 12,16,1905AGBDEI,,,0,0,2.6,Not Passed,
SU2023,SU2023-class 12,17,1905AGCEID,,,2,8.2,6.4,Passed,
SU2023,SU2023-class 12,18,1905AGCBDD,,,5,6.8,6.8,Passed,
SU2023,SU2023-class 12,19,1905AGCCGJ,,,0,5,4.9,Not Passed,
SU2023,SU2023-class 12,20,1905AFAHGH,,,0,0,3.1,Not Passed,
SU2023,SU2023-class 12,21,1905FCBHH,,,0,0,0,Attendance Fail,
SU2023,SU2023-class 12,22,1905AGBGFI,,,0,2.4,4,Not Passed,
SU2023,SU2023-class 12,23,1905AGCFHF,,,2,7.6,6.1,Passed,
SU2023,SU2023-class 12,24,1905AFJDGD,,,0,0,3.2,Not Passed,
SU2023,SU2023-class 12,25,1905ACJBFH,,,0,0,2.3,Not Passed,
SU2023,SU2023-class 12,26,1905AGCGJD,,,0,0,3.5,Not Passed,
SU2023,SU2023-class 12,27,1905AGCAGJ,,,5,7.2,6.9,Passed,
SU2023,SU2023-class 12,28,1905AGJDHH,,,2,4.4,5.2,Passed,
SU2023,SU2023-class 12,29,1905AGABIG,,,0,0,3.3,Not Passed,
SU2023,SU2023-class 12,30,1905AGCFHA,,,1,7.2,5.9,Passed,
SU2023,SU2023-class 12,31,1905AGCCHD,,,1,6.6,5.5,Passed,
SU2023,SU2023-class 12,32,1905AGCDBB,,,5,8.6,7.5,Passed,
SU2023,SU2023-class 12,33,1905AGBAII,,,2,6,5.6,Passed,
SU2023,SU2023-class 12,34,1905AGCDHF,,,3,8.2,6.7,Passed,
SU2023,SU2023-class 12,35,1905AGCDIB,,,2,8.2,6.3,Passed,
SU2024,SU2024-class 1,1,1905AGBDDJ,,,7,6.4,7.2,Passed,
SU2024,SU2024-class 1,2,1905AGBEFG,,,10,0,6.5,Is Susspended,
SU2024,SU2024-class 1,3,1905AHCBAH,,,9,8.6,9.1,Passed,
SU2024,SU2024-class 1,4,1905AHCCHJ,,,7,5.6,7.3,Passed,
SU2024,SU2024-class 1,5,1905AGJCFF,,,4,7,6,Passed,
SU2024,SU2024-class 1,6,1905AGJEJH,,,3,6.4,5.9,Passed,
SU2024,SU2024-class 1,7,1905AHCHDC,,,6,7.4,7.6,Passed,
SU2024,SU2024-class 1,8,1905AHJDAH,,,5,8,7.7,Passed,
SU2024,SU2024-class 1,9,1905AHCIAI,,,5,4.8,6.6,Passed,
SU2024,SU2024-class 1,10,1905AFBJAE,,,5,7.6,7.2,Passed,
SU2024,SU2024-class 1,11,1905AHCCIA,,,10,6.4,8.8,Passed,
SU2024,SU2024-class 1,12,1905AHAEFC,,,9,6,8.2,Passed,
SU2024,SU2024-class 1,13,1905AGBHCJ,,,4,5.4,6,Passed,
SU2024,SU2024-class 1,14,1905AHCFHD,,,3,7.2,6.6,Passed,
SU2024,SU2024-class 1,15,1905AHJEIA,,,8,6.2,7.2,Passed,
SU2024,SU2024-class 1,16,1905AHDHHD,,,10,7.4,8.4,Passed,
SU2024,SU2024-class 1,17,1905AGBBHF,,,8,7.4,8.1,Passed,
SU2024,SU2024-class 1,18,1905AHCFEB,,,6,7,7.1,Passed,
SU2024,SU2024-class 1,19,1905AHDGGD,,,10,9.6,9.5,Passed,
SU2024,SU2024-class 1,20,1905AHJJDC,,,2,5,5.6,Passed,
SU2024,SU2024-class 1,21,1905AGBFJE,,,5,5.6,6.7,Passed,
SU2024,SU2024-class 1,22,1905AGJBIF,,,1,9.6,6.9,Passed,
SU2024,SU2024-class 1,23,1905AGAAAG,,,6,5.8,7.1,Passed,
SU2024,SU2024-class 1,24,1905AGABBJ,,,8,8.2,8.7,Passed,
SU2024,SU2024-class 1,25,1905AHBDEA,,,5,5.8,7.1,Passed,
SU2024,SU2024-class 1,26,0819AHJDFA,,,10,7.8,9.2,Passed,
SU2024,SU2024-class 1,27,1905AGCDGE,,,10,9.6,9.7,Passed,
SU2024,SU2024-class 1,28,1905AIDBBI,,,0,6.2,4.4,Not Passed,
SU2024,SU2024-class 1,29,1905AHCACB,,,5,9,7.3,Passed,
SU2024,SU2024-class 1,30,1905AGBICG,,,0,0,0,Attendance Fail,
SU2024,SU2024-class 1,31,1905AEAADE,,,5,5,6.4,Passed,
SU2024,SU2024-class 1,32,1905AHBJDJ,,,10,7.6,9.1,Passed,
SU2024,SU2024-class 1,33,1905AHBJHD,,,4,6.6,6.9,Passed,
SU2024,SU2024-class 1,34,1905AHBDHB,,,2,6.8,6.5,Passed,
SU2024,SU2024-class 2,1,1905AHJBDD,,,2,5.4,5.3,Passed,
SU2024,SU2024-class 2,2,1905AGADHC,,,10,9.8,8.7,Passed,
SU2024,SU2024-class 2,3,1905AHCBGB,,,6,6,6.7,Passed,
SU2024,SU2024-class 2,4,1905AIBHBG,,,2,7.2,6.3,Passed,
SU2024,SU2024-class 2,5,1905AGJCED,,,3,6.6,5.9,Passed,
SU2024,SU2024-class 2,6,1905AHBDBA,,,6,6.8,7.3,Passed,
SU2024,SU2024-class 2,7,1905AGADEA,,,2,5,5.3,Passed,
SU2024,SU2024-class 2,8,1905AIDHGF,,,9,8.2,8.7,Passed,
SU2024,SU2024-class 2,9,1905AHCJAJ,,,2,5.8,5.4,Passed,
SU2024,SU2024-class 2,10,1905AHBBIC,,,6,7.4,7.4,Passed,
SU2024,SU2024-class 2,11,1905AGJDFE,,,2,4.8,5.3,Passed,
SU2024,SU2024-class 2,12,1905AHDAFC,,,2,6.8,6,Passed,
SU2024,SU2024-class 2,13,1905AHDCDE,,,0,0,0,Attendance Fail,
SU2024,SU2024-class 2,14,1905AHBICI,,,1,4.6,5.2,Passed,
SU2024,SU2024-class 2,15,1905AHDAIG,,,8,7,8,Passed,
SU2024,SU2024-class 2,16,1905AIJFEA,,,1,6.4,5.5,Passed,
SU2024,SU2024-class 2,17,1905AGJABE,,,3,8.8,6.4,Passed,
SU2024,SU2024-class 2,18,1905AHAFGI,,,5,4.6,6.4,Passed,
SU2024,SU2024-class 2,19,1905AFJCBE,,,2,4.4,4.6,Not Passed,
SU2024,SU2024-class 2,20,1905AHCGHF,,,7,8.6,8.2,Passed,
SU2024,SU2024-class 2,21,1905AGABHA,,,0,5,4.9,Not Passed,
SU2024,SU2024-class 2,22,1905AHDEGB,,,1,6,5.6,Passed,
SU2024,SU2024-class 2,23,1905AHJDCF,,,9,7.6,8.1,Passed,
SU2024,SU2024-class 2,24,1905AGAHDB,,,4,7.6,6.8,Passed,
SU2024,SU2024-class 2,25,1905AGJBIH,,,2,5.8,5.6,Passed,
SU2024,SU2024-class 2,26,1905AHBACI,,,0,0,3,Not Passed,
SU2024,SU2024-class 2,27,1905AHCJDA,,,5,5.8,6.5,Passed,
SU2024,SU2024-class 2,28,1905AHCFIC,,,2,6,5.8,Passed,
SU2024,SU2024-class 2,29,1905AIBCHI,,,4,5.8,6,Passed,
SU2024,SU2024-class 2,30,1905AGBJCH,,,0,0,3.2,Not Passed,
SU2024,SU2024-class 2,31,1905AGAIFD,,,10,7.6,8.5,Passed,
SU2024,SU2024-class 2,32,1905AGJCGI,,,10,5.6,8,Passed,
SU2024,SU2024-class 2,33,1905AICEIH,,,7,8.8,7.9,Passed,
SU2024,SU2024-class 2,34,1905AEABEC,,,1,5.2,4.7,Not Passed,
SU2024,SU2024-class 2,35,1905AFAGDD,,,0,0,2.8,Not Passed,
SU2024,SU2024-class 3,1,1905AHBEFA,,,2,8.2,6.8,Passed,
SU2024,SU2024-class 3,2,1905AHJABG,,,10,9.2,8.7,Passed,
SU2024,SU2024-class 3,3,1905AHDBFD,,,0,0,0.8,Attendance Fail,
SU2024,SU2024-class 3,4,1905AHBEEF,,,4,5.6,6,Passed,
SU2024,SU2024-class 3,5,1905AHCBAH,,,4,6.8,6.5,Passed,
SU2024,SU2024-class 3,6,1905AFJIAF,,,0,0,3.1,Not Passed,
SU2024,SU2024-class 3,7,1905AGADAD,,,3,5.4,5.8,Passed,
SU2024,SU2024-class 3,8,1905AGAJHB,,,10,6,7.8,Passed,
SU2024,SU2024-class 3,9,1705AHJAEI,,,3,8.6,6.7,Passed,
SU2024,SU2024-class 3,10,1905AHJDAH,,,0,0,3.1,Not Passed,
SU2024,SU2024-class 3,11,1905AEJEHJ,,,1,8.6,6.5,Passed,
SU2024,SU2024-class 3,12,1905AHBJCF,,,10,7,8.2,Passed,
SU2024,SU2024-class 3,13,1905AGAIJE,,,2,6.4,5.7,Passed,
SU2024,SU2024-class 3,14,1905AGBHHD,,,10,5,7.6,Passed,
SU2024,SU2024-class 3,15,0305AHADBJ,,,10,6.6,8,Passed,
SU2024,SU2024-class 3,16,1905AHCFII,,,8,9.4,8.4,Passed,
SU2024,SU2024-class 3,17,1905AGJDAI,,,0,5.6,4.7,Not Passed,
SU2024,SU2024-class 3,18,1919AGJDIE,,,10,4.6,7.5,Passed,
SU2024,SU2024-class 3,19,1905AHBDEG,,,9,9.4,8.9,Passed,
SU2024,SU2024-class 3,20,1905AHBDEA,,,0,0,3.3,Not Passed,
SU2024,SU2024-class 3,21,1905AHBCGA,,,6,9.2,7.5,Passed,
SU2024,SU2024-class 3,22,1905AHDGBF,,,0,0,3.4,Not Passed,
SU2024,SU2024-class 3,23,0819AHJDFA,,,0,0,2.3,Not Passed,
SU2024,SU2024-class 3,24,1905AGJJJI,,,10,6.4,8,Passed,
SU2024,SU2024-class 3,25,1905AGCEHJ,,,3,5,5.5,Passed,
SU2024,SU2024-class 3,26,1905AHDFGF,,,4,5.2,6.3,Passed,
SU2024,SU2024-class 3,27,1905AHJDGG,,,3,7.8,6.2,Passed,
SU2024,SU2024-class 3,28,1905AGADFJ,,,0.5,7,6,Passed,
SU2024,SU2024-class 3,29,1905AFJIEB,,,10,4.6,7.8,Passed,
SU2024,SU2024-class 3,30,1905AGBHII,,,10,9.2,8.8,Passed,
SU2024,SU2024-class 3,31,1905AHBJDJ,,,5,0,4.7,Not Passed,
SU2024,SU2024-class 3,32,1905AHBJHD,,,0,0,3,Not Passed,
SU2024,SU2024-class 3,33,1905AGCAEC,,,0,0,3,Not Passed,
SU2024,SU2024-class 3,34,1905AGCDJF,,,1,7.8,6.2,Passed,
SU2024,SU2024-class 3,35,1905AHCHIJ,,,0,0,0.8,Attendance Fail,
SU2024,SU2024-class 4,1,1905AGCBIG,,,6,7.6,7,Passed,
SU2024,SU2024-class 4,2,1905AFADDG,,,3,5.2,5.3,Passed,
SU2024,SU2024-class 4,3,1905AHCFBB,,,1,6,5.4,Passed,
SU2024,SU2024-class 4,4,1905AGJEFJ,,,1,7.2,6.4,Passed,
SU2024,SU2024-class 4,5,1905AHJCHE,,,0,0,2.8,Not Passed,
SU2024,SU2024-class 4,6,1905AGJDJE,,,1,4.2,4.8,Not Passed,
SU2024,SU2024-class 4,7,1905AEJEEH,,,5,6.8,6.6,Passed,
SU2024,SU2024-class 4,8,1905AGCEIJ,,,10,6.2,7.1,Passed,
SU2024,SU2024-class 4,9,1905AHDFAC,,,4,5.8,6.7,Passed,
SU2024,SU2024-class 4,10,1905AGCCDD,,,3,6.6,5.3,Passed,
SU2024,SU2024-class 4,11,1905AGAHJI,,,7,8.8,7.7,Passed,
SU2024,SU2024-class 4,12,1905AHCHFB,,,3,6,5.9,Passed,
SU2024,SU2024-class 4,13,1905AHJEAF,,,4,6.8,6.3,Passed,
SU2024,SU2024-class 4,14,1905AHBIHD,,,0,0,2,Not Passed,
SU2024,SU2024-class 4,15,1905AHCJEI,,,0,0,3.1,Not Passed,
SU2024,SU2024-class 4,16,1905AGCCEI,,,3,5.6,5.4,Passed,
SU2024,SU2024-class 4,17,1905AGJADB,,,0,0,0,Attendance Fail,
SU2024,SU2024-class 4,18,1905AGBEDF,,,2,5.4,5.2,Passed,
SU2024,SU2024-class 4,19,1905ADJIIJ,,,9,7,8.5,Passed,
SU2024,SU2024-class 4,20,1919AFJACG,,,0,0,2.8,Not Passed,
SU2024,SU2024-class 4,21,1905AGCJBH,,,2,4.8,4,Not Passed,
SU2024,SU2024-class 4,22,1905AGBFJE,,,0,0,1.3,Attendance Fail,
SU2024,SU2024-class 4,23,1905AEJIEI,,,0,0,0,Attendance Fail,
SU2024,SU2024-class 4,24,1905AHBIFE,,,0,0,0,Attendance Fail,
SU2024,SU2024-class 4,25,1905AGBFJG,,,2,6.2,5.4,Passed,
SU2024,SU2024-class 4,26,1905AGCAFB,,,0,3.4,3.8,Not Passed,
SU2024,SU2024-class 4,27,1905AHCJDG,,,2,7.4,5.7,Passed,
SU2024,SU2024-class 4,28,1905AGJBIH,,,0,0,3.1,Not Passed,
SU2024,SU2024-class 4,29,1905AGCDID,,,0,0,2.4,Not Passed,
SU2024,SU2024-class 4,30,1905AHDIHG,,,10,9,9.5,Passed,
SU2024,SU2024-class 4,31,1905AFAJAI,,,0,0,0,Attendance Fail,
SU2024,SU2024-class 4,32,1905AGAGDB,,,10,6.2,7.6,Passed,
SU2024,SU2024-class 4,33,1905AGAAJE,,,10,5.2,7.3,Passed,
SU2024,SU2024-class 4,34,1905AHBEFB,,,10,4.6,6.8,Passed,
SU2024,SU2024-class 4,35,1905AHBDHB,,,0,0,2.1,Is Susspended,
SU2024,SU2024-class 5,1,1905AHCBGB,,,2,0,0.8,Not Passed,
SU2024,SU2024-class 5,2,1905AGJECG,,,0,0,0,Attendance Fail,
SU2024,SU2024-class 5,3,1905AHCGJI,,,8,6.2,8.2,Passed,
SU2024,SU2024-class 5,4,1905AGCEHH,,,5,5.8,6.6,Passed,
SU2024,SU2024-class 5,5,1905AHBHBC,,,9,7.4,8.8,Passed,
SU2024,SU2024-class 5,6,1905AHDGIJ,,,0,4,3.3,Not Passed,
SU2024,SU2024-class 5,7,1905AHJJCH,,,5,7.2,6.5,Passed,
SU2024,SU2024-class 5,8,1905AGBDCE,,,0,0,0,Attendance Fail,
SU2024,SU2024-class 5,9,1905AHBDBA,,,0,0,0.1,Not Passed,
SU2024,SU2024-class 5,10,1905AHAHBD,,,0,0,0,Attendance Fail,
SU2024,SU2024-class 5,11,1905AFAHHE,,,0,0,0.2,Attendance Fail,
SU2024,SU2024-class 5,12,1905AHDDDB,,,9,9.2,8.4,Passed,
SU2024,SU2024-class 5,13,1905AGAAEA,,,10,0,5.5,Is Susspended,
SU2024,SU2024-class 5,14,1905AEACGI,,,0,0,0.1,Attendance Fail,
SU2024,SU2024-class 5,15,1905AHDEAJ,,,1,6.2,4.8,Not Passed,
SU2024,SU2024-class 5,16,1905AHDFEC,,,7,0,2.3,Not Passed,
SU2024,SU2024-class 5,17,1905AHCJFI,,,0,0,0.2,Attendance Fail,
SU2024,SU2024-class 5,18,1905AFADGB,,,1,0,0.5,Attendance Fail,
SU2024,SU2024-class 5,19,1905AHCJGA,,,10,7.8,9.2,Passed,
SU2024,SU2024-class 5,20,1905AHDCAH,,,0,0,0,Attendance Fail,
SU2024,SU2024-class 5,21,1905AGCBIF,,,0,0,0.1,Attendance Fail,
SU2024,SU2024-class 5,22,1905AHDDIJ,,,3,0,2.5,Not Passed,
SU2024,SU2024-class 5,23,1905AHCFJE,,,0,0,0,Not Passed,
SU2024,SU2024-class 5,24,1905AGCAFH,,,0,0,0,Attendance Fail,
SU2024,SU2024-class 5,25,1905AHAEHF,,,0,0,0,Attendance Fail,
SU2024,SU2024-class 5,26,1905AHDGJG,,,0,0,0.1,Attendance Fail,
SU2024,SU2024-class 5,27,1919AGJAEB,,,1,7.2,5.1,Passed,
SU2024,SU2024-class 5,28,1905AGBCBJ,,,0,0,0,Attendance Fail,
SU2024,SU2024-class 5,29,1905AHBFAE,,,4,7.4,6.8,Passed,
SU2024,SU2024-class 5,30,1905AFJDDA,,,0,0,0,Attendance Fail,
SU2024,SU2024-class 5,31,1905AFJDIC,,,0,0,0,Attendance Fail,
SU2024,SU2024-class 5,32,1905AGBABJ,,,0,0,0,Attendance Fail,
SU2024,SU2024-class 5,33,1919AEJAED,,,2,6.4,6,Passed,
SU2024,SU2024-class 5,34,1905AHJACF,,,0,0,3.5,Not Passed,
SU2024,SU2024-class 5,35,1905AGJCGI,,,10,3.8,4.2,Not Passed,
SU2024,SU2024-class 6,1,1905AHDJHC,,,0,0,0.1,Attendance Fail,
SU2024,SU2024-class 6,2,1905AGBIJF,,,0,0,0.4,Attendance Fail,
SU2024,SU2024-class 6,3,1905AHDAEJ,,,0,0,1.9,Not Passed,
SU2024,SU2024-class 6,4,1905AGCEBH,,,10,7.8,6.7,Passed,
SU2024,SU2024-class 6,5,1905AHDHDJ,,,0,0,4,Not Passed,
SU2024,SU2024-class 6,6,1905AHDDFB,,,2,5.6,5.1,Passed,
SU2024,SU2024-class 6,7,1905AHJFID,,,2,7.6,5.2,Passed,
SU2024,SU2024-class 6,8,1905AGCAGB,,,10,9.6,7.6,Passed,
SU2024,SU2024-class 6,9,1905AGBIEC,,,1,8,6,Passed,
SU2024,SU2024-class 6,10,1905AGBDGF,,,0,0,1.5,Attendance Fail,
SU2024,SU2024-class 6,11,1905AHBEAF,,,2,9.6,5.7,Passed,
SU2024,SU2024-class 6,12,1905AHCGFG,,,3,7.6,5.3,Passed,
SU2024,SU2024-class 6,13,1905AGAEJH,,,10,5.4,6.1,Passed,
SU2024,SU2024-class 6,14,1905AHJBHC,,,2,7.6,6.9,Passed,
SU2024,SU2024-class 6,15,1905AGAACB,,,0,0,0.4,Attendance Fail,
SU2024,SU2024-class 6,16,1905AGBHBB,,,10,4.4,5.8,Passed,
SU2024,SU2024-class 6,17,1905AGBFGB,,,0,0,0.1,Attendance Fail,
SU2024,SU2024-class 6,18,1905AHCHEB,,,0,0,3.6,Not Passed,
SU2024,SU2024-class 6,19,1905AEADBH,,,2,0,2.4,Attendance Fail,
SU2024,SU2024-class 6,20,1905AGBJID,,,0,0,0.6,Attendance Fail,
SU2024,SU2024-class 6,21,1905AHJCJJ,,,2,5.8,6.3,Passed,
SU2024,SU2024-class 6,22,1905AHJFGC,,,0,0,1.8,Not Passed,
SU2024,SU2024-class 6,23,1905AGABEB,,,0,0,2.5,Not Passed,
SU2024,SU2024-class 6,24,1905AGJBDD,,,0,0,0.4,Not Passed,
SU2024,SU2024-class 6,25,1905AEADJE,,,2,6,5.1,Passed,
SU2024,SU2024-class 6,26,1905AEACBE,,,0,0,0.9,Attendance Fail,
SU2024,SU2024-class 6,27,1905AHDAAB,,,0,0,4,Not Passed,
SU2024,SU2024-class 6,28,1905AHJCFD,,,3,8.6,5.3,Passed,
SU2024,SU2024-class 6,29,1905AHJEHH,,,10,6.4,8.9,Passed,
SU2024,SU2024-class 6,30,1905AHJCEC,,,0,0,0.5,Not Passed,
SU2024,SU2024-class 6,31,1905AHBJJE,,,0,0,0,Attendance Fail,
SU2024,SU2024-class 6,32,1905AHBHHF,,,0,0,0.9,Attendance Fail,
SU2024,SU2024-class 6,33,1905AGJBCE,,,0,0,0.6,Not Passed,
SU2024,SU2024-class 6,34,1905AHCBCB,,,10,7,6.6,Passed,
SU2024,SU2024-class 6,35,1905AEADIC,,,10,7.8,7.2,Passed,
SU2024,SU2024-class 7,1,1905AHCGBC,,,2,8,6.2,Passed,
SU2024,SU2024-class 7,2,1905AGABDI,,,10,2.8,7.1,Not Passed,
SU2024,SU2024-class 7,3,1905AHBCBF,,,3,4.8,5.2,Passed,
SU2024,SU2024-class 7,4,1905AGADFC,,,6,5.8,6.6,Passed,
SU2024,SU2024-class 7,5,1905AHJFDB,,,3,7.6,6.6,Passed,
SU2024,SU2024-class 7,6,1905AGJEDD,,,7,6.8,7.2,Passed,
SU2024,SU2024-class 7,7,1905AHDEEB,,,3,6.8,6,Passed,
SU2024,SU2024-class 7,8,1905AHCHDC,,,0,0,3,Not Passed,
SU2024,SU2024-class 7,9,1905AHDIEA,,,3,5.8,5.2,Passed,
SU2024,SU2024-class 7,10,1905AGBFCI,,,0,0,3.4,Not Passed,
SU2024,SU2024-class 7,11,1905AHCIFD,,,2,5,5.1,Passed,
SU2024,SU2024-class 7,12,1905AFAGBG,,,10,9.4,9.3,Passed,
SU2024,SU2024-class 7,13,1905AHDCJB,,,7,8.8,8,Passed,
SU2024,SU2024-class 7,14,1905AFAEFE,,,3,6.4,6.2,Passed,
SU2024,SU2024-class 7,15,1905AHCEBF,,,3,8.2,6.7,Passed,
SU2024,SU2024-class 7,16,1905AEJHAD,,,0,0,0,Attendance Fail,
SU2024,SU2024-class 7,17,1905AHCECA,,,3,4.2,5.5,Passed,
SU2024,SU2024-class 7,18,1905AHCFEH,,,10,7.2,8.9,Passed,
SU2024,SU2024-class 7,19,1905AHCHHI,,,0,0,3,Not Passed,
SU2024,SU2024-class 7,20,1905AFJACD,,,3,8.8,6.1,Passed,
SU2024,SU2024-class 7,21,1905AHCHIC,,,0,0,2.2,Not Passed,
SU2024,SU2024-class 7,22,1905AHDDDE,,,1,6,5,Passed,
SU2024,SU2024-class 7,23,1905AHDICE,,,2,7.4,5.7,Passed,
SU2024,SU2024-class 7,24,1901AHJJAC,,,10,9.4,9.8,Passed,
SU2024,SU2024-class 7,25,1905AHCGFD,,,3,6.4,5.5,Passed,
SU2024,SU2024-class 7,26,1905AHDDFC,,,0,0,2.6,Not Passed,
SU2024,SU2024-class 7,27,1905AHDIIC,,,4,4.8,5.6,Passed,
SU2024,SU2024-class 7,28,1905AHJDFJ,,,8,6.4,7.4,Passed,
SU2024,SU2024-class 7,29,1905AGBIGE,,,10,9.4,8,Passed,
SU2024,SU2024-class 7,30,1905AGBHCE,,,1,9.4,5.8,Passed,
SU2024,SU2024-class 7,31,1905AGBJJB,,,10,6,8.4,Passed,
SU2024,SU2024-class 7,32,1905AHCGEB,,,3,4.6,6,Passed,
SU2024,SU2024-class 7,33,1905AFAEGF,,,3,5.2,6.3,Passed,
SU2024,SU2024-class 7,34,1905AHCBCD,,,0,0,2.9,Not Passed,
SU2024,SU2024-class 7,35,1905AEAAHI,,,0,0,0,Attendance Fail,
SU2024,SU2024-class 8,1,1905AHBJAI,,,1,7.8,6.2,Passed,
SU2024,SU2024-class 8,2,1905AGJACC,,,10,6.4,8.1,Passed,
SU2024,SU2024-class 8,3,1905AFADIE,,,3,8.2,6.9,Passed,
SU2024,SU2024-class 8,4,1905AHBIGH,,,2,5.6,5.5,Passed,
SU2024,SU2024-class 8,5,1905AHDHBA,,,10,7.8,8.8,Passed,
SU2024,SU2024-class 8,6,1905AFJHHD,,,0,0,3.5,Not Passed,
SU2024,SU2024-class 8,7,1905AGBFIJ,,,10,6.6,7.8,Passed,
SU2024,SU2024-class 8,8,1905AHCIAI,,,0,0,3,Not Passed,
SU2024,SU2024-class 8,9,1905AHAGHG,,,1,7.8,6.2,Passed,
SU2024,SU2024-class 8,10,1905AGJBFC,,,1,6.8,5.9,Passed,
SU2024,SU2024-class 8,11,1905AHJAIB,,,0,0,3.1,Not Passed,
SU2024,SU2024-class 8,12,1905AGAEBI,,,0,0,3.1,Not Passed,
SU2024,SU2024-class 8,13,1905AFJCGC,,,0,0,2,Attendance Fail,
SU2024,SU2024-class 8,14,1905AGBADC,,,5,7.8,6.8,Passed,
SU2024,SU2024-class 8,15,1905AGCGJC,,,0,0,2.9,Not Passed,
SU2024,SU2024-class 8,16,1905AHJJEH,,,0,0,3.1,Not Passed,
SU2024,SU2024-class 8,17,1905AHBIFJ,,,3,7.8,6.4,Passed,
SU2024,SU2024-class 8,18,1905AGBIIE,,,5,8,6.8,Passed,
SU2024,SU2024-class 8,19,1905AGBDFB,,,5,4,5.7,Passed,
SU2024,SU2024-class 8,20,1905AGACHC,,,6,9.6,7.8,Passed,
SU2024,SU2024-class 8,21,1905AHCHDB,,,0,0,2.9,Not Passed,
SU2024,SU2024-class 8,22,1905AGCGJI,,,5,5.6,6.8,Passed,
SU2024,SU2024-class 8,23,1905AFAEFG,,,3,8.2,6.9,Passed,
SU2024,SU2024-class 8,24,1905AGAHBC,,,10,9.4,8.9,Passed,
SU2024,SU2024-class 8,25,1905AHDBHA,,,0,0,3.3,Not Passed,
SU2024,SU2024-class 8,26,1905AGCFGH,,,9,7.4,7.8,Passed,
SU2024,SU2024-class 8,27,1905AHJGFF,,,1,7,5.3,Passed,
SU2024,SU2024-class 8,28,1905AGAHCC,,,10,9.4,8.7,Passed,
SU2024,SU2024-class 8,29,1905AGCDAG,,,0,0,2.2,Attendance Fail,
SU2024,SU2024-class 8,30,1905AHBIFI,,,0,0,3.1,Not Passed,
SU2024,SU2024-class 8,31,1905AGBHGJ,,,0,0,3.2,Not Passed,
SU2024,SU2024-class 8,32,1905AHBCJD,,,0,0,1.5,Attendance Fail,
SU2024,SU2024-class 8,33,1905AHBABC,,,0,0,1,Attendance Fail,
SU2024,SU2024-class 8,34,1905AHBAAE,,,6,8.6,7.3,Passed,
SU2024,SU2024-class 8,35,1905AGBEHB,,,5,5.2,6.2,Passed,
SU2024,SU2024-class 9,1,1905AHJDDF,,,2,8,5.5,Passed,
SU2024,SU2024-class 9,2,1905AFADHA,,,0,0,2.2,Attendance Fail,
SU2024,SU2024-class 9,3,1905AHJDBA,,,0,0,2.8,Not Passed,
SU2024,SU2024-class 9,4,1905AHJADF,,,0,0,0,Attendance Fail,
SU2024,SU2024-class 9,5,1905AHBEAB,,,0,0,2.1,Not Passed,
SU2024,SU2024-class 9,6,1905AHAHCA,,,9,9,8.3,Passed,
SU2024,SU2024-class 9,7,1905AHDBCI,,,0,0,1.4,Not Passed,
SU2024,SU2024-class 9,8,1905AHEJCH,,,10,8.4,8.5,Passed,
SU2024,SU2024-class 9,9,1905AFAEAG,,,0,0,0,Attendance Fail,
SU2024,SU2024-class 9,10,1905AHAGDA,,,2,6.6,4.9,Not Passed,
SU2024,SU2024-class 9,11,1905AFAJCI,,,0,0,1.8,Is Susspended,
SU2024,SU2024-class 9,12,1905AHJAEI,,,9,8.8,7.2,Passed,
SU2024,SU2024-class 9,13,1905AHAEBD,,,0,0,2.6,Not Passed,
SU2024,SU2024-class 9,14,1905AHBGHI,,,9,7.6,7.3,Passed,
SU2024,SU2024-class 9,15,1905AGAEGG,,,0,3.6,3.5,Not Passed,
SU2024,SU2024-class 9,16,1905AGCDHH,,,0,0,2,Attendance Fail,
SU2024,SU2024-class 9,17,1905AGBHCG,,,1,9,5.1,Passed,
SU2024,SU2024-class 9,18,1905AHDEIG,,,0,0,0.9,Attendance Fail,
SU2024,SU2024-class 9,19,1905AHJEAB,,,2,9.6,5.4,Passed,
SU2024,SU2024-class 9,20,1919AEJCCA,,,9,6,7.1,Passed,
SU2024,SU2024-class 9,21,1905AHAGBC,,,8,8,7.5,Passed,
SU2024,SU2024-class 9,22,1905AHDFBD,,,5,8.6,6.3,Passed,
SU2024,SU2024-class 9,23,1905AGJEHF,,,0,0,2.3,Not Passed,
SU2024,SU2024-class 9,24,1905AGBCBH,,,0,0,1,Attendance Fail,
SU2024,SU2024-class 9,25,1905AHAEAG,,,3,7.4,5.6,Passed,
SU2024,SU2024-class 9,26,1905AGBCGE,,,0,0,0,Attendance Fail,
SU2024,SU2024-class 9,27,1905AHAHDJ,,,10,9.2,8.4,Passed,
SU2024,SU2024-class 9,28,1905AEJEGF,,,0,0,0,Attendance Fail,
SU2024,SU2024-class 9,29,1905AHJFFI,,,0,0,2.6,Not Passed,
SU2024,SU2024-class 9,30,1905AGJDHG,,,0,0,1.3,Attendance Fail,
SU2024,SU2024-class 9,31,1905AGJACD,,,3,5.6,5.5,Passed,
SU2024,SU2024-class 9,32,1905AHDCJF,,,1,7.2,5.2,Passed,
SU2024,SU2024-class 9,33,1905AHJDGC,,,1,9.2,5.7,Passed,
SU2024,SU2024-class 9,34,1905AGAEED,,,10,6.6,7.1,Passed,
SU2024,SU2024-class 9,35,1905AFADIJ,,,0,0,0.8,Attendance Fail,
SU2024,SU2024-class 9,36,1905AHJCFJ,,,2,6.2,5.1,Passed,
SU2024,SU2024-class 10,1,1905AHDJIA,,,5,8,6.8,Passed,
SU2024,SU2024-class 10,2,1905AHBDFJ,,,3,7.4,6.6,Passed,
SU2024,SU2024-class 10,3,1905AHBDFC,,,4,7.6,6.6,Passed,
SU2024,SU2024-class 10,4,1905AHJAJH,,,2,6.6,5.9,Passed,
SU2024,SU2024-class 10,5,1905AGJABC,,,2,7.4,5.6,Passed,
SU2024,SU2024-class 10,6,1905AFJBDA,,,3,8.4,7.4,Passed,
SU2024,SU2024-class 10,7,1905AHBFBB,,,8,6.6,7.3,Passed,
SU2024,SU2024-class 10,8,1905AHJJEF,,,5,8.4,7.5,Passed,
SU2024,SU2024-class 10,9,1905AHCJFD,,,4,9,7.5,Passed,
SU2024,SU2024-class 10,10,1905AGJCHB,,,3,8,6.6,Passed,
SU2024,SU2024-class 10,11,1905AHBJAJ,,,8,6,7.3,Passed,
SU2024,SU2024-class 10,12,1905AGCBAI,,,1,7.6,5.9,Passed,
SU2024,SU2024-class 10,13,1905AHDCGE,,,5,5.2,6,Passed,
SU2024,SU2024-class 10,14,1905AHCJJC,,,0,0,2.8,Not Passed,
SU2024,SU2024-class 10,15,1905AHBEBG,,,0,0,0,Attendance Fail,
SU2024,SU2024-class 10,16,1905AHCBJB,,,4,8.2,7,Passed,
SU2024,SU2024-class 10,17,1905AHBGDH,,,5,6.4,6.6,Passed,
SU2024,SU2024-class 10,18,1905AHBHDE,,,9,7.4,8.6,Passed,
SU2024,SU2024-class 10,19,1905AHBCHI,,,9,7.8,8.6,Passed,
SU2024,SU2024-class 10,20,1905AGBDBH,,,2,6.6,6,Passed,
SU2024,SU2024-class 10,21,1905AHBJJI,,,4,8.2,7.1,Passed,
SU2024,SU2024-class 10,22,1905AHCACJ,,,0,2.8,3.7,Not Passed,
SU2024,SU2024-class 10,23,1905AHBGCJ,,,5,8.6,7.3,Passed,
SU2024,SU2024-class 10,24,1905AHBDCC,,,1,7,5.9,Passed,
SU2024,SU2024-class 10,25,1905AHCCEJ,,,4,8.8,7.4,Passed,
SU2024,SU2024-class 10,26,1905AHJGDC,,,4,8.8,7,Passed,
SU2024,SU2024-class 10,27,1905AHCHID,,,0,0,2.4,Not Passed,
SU2024,SU2024-class 10,28,1905AGAFFE,,,10,9.4,8.6,Passed,
SU2024,SU2024-class 10,29,1905AHCJFH,,,4,8.6,7.6,Passed,
SU2024,SU2024-class 10,30,1905AGAHDB,,,0,7.4,5.5,Not Passed,
SU2024,SU2024-class 10,31,1919AGJJDG,,,10,9.4,9.6,Passed,
SU2024,SU2024-class 10,32,1905AHBJHE,,,0,0,2.7,Not Passed,
SU2024,SU2024-class 10,33,1905AHAIFF,,,2,8.2,5.9,Passed,
SU2024,SU2024-class 10,34,1905AFAHBB,,,2,6.8,5.5,Passed,
SU2024,SU2024-class 10,35,1905AGBFGH,,,0,0,0,Attendance Fail,
SU2024,SU2024-class 11,1,1905AHCBGA,,,6,8.4,7.3,Passed,
SU2024,SU2024-class 11,2,1905AHCCHJ,,,0,0,2.6,Not Passed,
SU2024,SU2024-class 11,3,1905AHDBJC,,,2,6.8,5.6,Passed,
SU2024,SU2024-class 11,4,1905AHCFFG,,,0,0,0,Not Passed,
SU2024,SU2024-class 11,5,1905AHDBFA,,,4,7.8,7.5,Passed,
SU2024,SU2024-class 11,6,1905AHJBJG,,,2,8.4,5.9,Passed,
SU2024,SU2024-class 11,7,1905AHCAHJ,,,10,8.4,9.5,Passed,
SU2024,SU2024-class 11,8,1905AHCECE,,,1,7.4,4.6,Not Passed,
SU2024,SU2024-class 11,9,1905AHAIAI,,,2,6.6,5.2,Passed,
SU2024,SU2024-class 11,10,1905AHDJCA,,,10,7,9.1,Passed,
SU2024,SU2024-class 11,11,1905AGCFDE,,,0,0,0,Not Passed,
SU2024,SU2024-class 11,12,1905AGBBHE,,,0,0,0,Not Passed,
SU2024,SU2024-class 11,13,1905AHJCGJ,,,5,8.8,7.5,Passed,
SU2024,SU2024-class 11,14,1905AHJDDB,,,3,0,0.9,Not Passed,
SU2024,SU2024-class 11,15,1905AHCJBJ,,,0,0,0,Attendance Fail,
SU2024,SU2024-class 11,16,1905AHBBCG,,,4,8.4,6.2,Passed,
SU2024,SU2024-class 11,17,1905AHDJJJ,,,9,7.8,7.2,Passed,
SU2024,SU2024-class 11,18,1905AHCEBJ,,,0,0,3.3,Not Passed,
SU2024,SU2024-class 11,19,1905AGABBJ,,,0,0,3.8,Not Passed,
SU2024,SU2024-class 11,20,1905AHCJHJ,,,10,0,3,Not Passed,
SU2024,SU2024-class 11,21,1905AHDHGD,,,1,8.4,6.2,Passed,
SU2024,SU2024-class 11,22,1905AHCEDC,,,4,8,6.4,Passed,
SU2024,SU2024-class 11,23,1905AHCGHF,,,1,0,0.3,Not Passed,
SU2024,SU2024-class 11,24,1905AHCFJJ,,,0,0,0,Attendance Fail,
SU2024,SU2024-class 11,25,1905AHJJDA,,,2,9,5.6,Passed,
SU2024,SU2024-class 11,26,1905AHDJEE,,,10,6,8.3,Passed,
SU2024,SU2024-class 11,27,1905AHJDDE,,,7,8.6,7.6,Passed,
SU2024,SU2024-class 11,28,1905AHCJDA,,,0,0,1.1,Not Passed,
SU2024,SU2024-class 11,29,1905AHCACB,,,0,0,2.8,Not Passed,
SU2024,SU2024-class 11,30,1905AHCAJI,,,9,8,8.7,Passed,
SU2024,SU2024-class 11,31,1905AHCABJ,,,2,0,0.6,Not Passed,
SU2024,SU2024-class 11,32,1905AHCDJF,,,5,9,7.8,Passed,
SU2024,SU2024-class 11,33,1905AHJJAJ,,,9,8.4,8.1,Passed,
SU2024,SU2024-class 11,34,1905AHCCJG,,,4,5.4,6.3,Passed,
SU2024,SU2024-class 11,35,1905AHDAHI,,,7,7,7,Passed,
SU2024,SU2024-class 12,1,1905AHDEBD,,,1,6.4,5.3,Passed,
SU2024,SU2024-class 12,2,1905AHBGDF,,,7,7.4,7,Passed,
SU2024,SU2024-class 12,3,1905AHDDBI,,,10,6.4,7.6,Passed,
SU2024,SU2024-class 12,4,1905AHCJDD,,,5,6.8,6.6,Passed,
SU2024,SU2024-class 12,5,1905AHDAGG,,,5,6.6,6.6,Passed,
SU2024,SU2024-class 12,6,1905AHCDDA,,,0,0,2.8,Not Passed,
SU2024,SU2024-class 12,7,1905AGBDJB,,,3,5.4,5.5,Passed,
SU2024,SU2024-class 12,8,1905AGJCAC,,,2,7.8,6.4,Passed,
SU2024,SU2024-class 12,9,1905AHJFCE,,,0,0,0,Attendance Fail,
SU2024,SU2024-class 12,10,1905AGBFDJ,,,10,6.4,7.7,Passed,
SU2024,SU2024-class 12,11,1905AHEJFG,,,2,8.4,6.1,Passed,
SU2024,SU2024-class 12,12,1905AHDFCC,,,1,6.2,5.7,Passed,
SU2024,SU2024-class 12,13,1905AGCBGE,,,0,0,3.5,Not Passed,
SU2024,SU2024-class 12,14,1905AGAIAC,,,0,0,2.5,Attendance Fail,
SU2024,SU2024-class 12,15,1905AHDGCD,,,1,6.2,5.5,Passed,
SU2024,SU2024-class 12,16,1905AFAFCB,,,4,6.4,6.2,Passed,
SU2024,SU2024-class 12,17,1905AHJDCA,,,0,0,0,Attendance Fail,
SU2024,SU2024-class 12,18,1905AHDHHD,,,0,0,3.7,Not Passed,
SU2024,SU2024-class 12,19,1905AHDFBH,,,4,8.6,7.2,Passed,
SU2024,SU2024-class 12,20,1901AGJJHJ,,,0,3.2,3.1,Not Passed,
SU2024,SU2024-class 12,21,1905AGADDJ,,,3,5,5.1,Passed,
SU2024,SU2024-class 12,22,1905AHEJAH,,,1,7.4,5.8,Passed,
SU2024,SU2024-class 12,23,1905AHDGGD,,,0,0,3.2,Not Passed,
SU2024,SU2024-class 12,24,1905AHCDDI,,,10,5.4,7.6,Passed,
SU2024,SU2024-class 12,25,0405AHJGJD,,,1,8.4,6.6,Passed,
SU2024,SU2024-class 12,26,1905AHDEHA,,,2,8,6.8,Passed,
SU2024,SU2024-class 12,27,1905AHDHIB,,,0,0,2.8,Not Passed,
SU2024,SU2024-class 12,28,1905AHDGFG,,,3,7.2,6.4,Passed,
SU2024,SU2024-class 12,29,1905AHBGDG,,,10,5.2,7.7,Passed,
SU2024,SU2024-class 12,30,1905AHEJJE,,,1,9.6,5.7,Passed,
SU2024,SU2024-class 12,31,1905AHCJJB,,,3,0,2.7,Attendance Fail,
SU2024,SU2024-class 12,32,1905AHDIDC,,,0,0,2.9,Not Passed,
SU2024,SU2024-class 12,33,1905AHEAJE,,,4,8.4,7.4,Passed,
SU2024,SU2024-class 12,34,1905AGCGJG,,,10,5,7.8,Passed,
SU2024,SU2024-class 12,35,1905AGJBEB,,,1,5.8,5,Passed,
SU2025,SU2025-class 1,1,1905AHBEAB,,,0,0,2.8,Attendance Fail,
SU2025,SU2025-class 1,2,1905AHJFJG,,,2.5,4.6,5.9,Passed,
SU2025,SU2025-class 1,3,1905AIBFJB,,,0,0,3.6,Not Passed,
SU2025,SU2025-class 1,4,1905AFJIIE,,,0,0,3.3,Attendance Fail,
SU2025,SU2025-class 1,5,1905AIFGBG,,,0,0,2.9,Attendance Fail,
SU2025,SU2025-class 1,6,1905AGCDAE,,,0,0,3.1,Attendance Fail,
SU2025,SU2025-class 1,7,1905AHJBHE,,,0,0,3.4,Attendance Fail,
SU2025,SU2025-class 1,8,1905AICFAA,,,0,0,3.6,Attendance Fail,
SU2025,SU2025-class 1,9,1905AHCHIC,,,2.5,6.8,6,Passed,
SU2025,SU2025-class 1,10,1905AHBHAI,,,10,0,5.9,Attendance Fail,
SU2025,SU2025-class 1,11,1905AHCACC,,,2.5,7.6,6.4,Passed,
SU2025,SU2025-class 1,12,1905AGBBEC,,,0,0,3.2,Attendance Fail,
SU2025,SU2025-class 1,13,1905AHCADI,,,0,3.4,4.5,Not Passed,
SU2025,SU2025-class 1,14,1905AGCJIC,,,0,0,3.4,Attendance Fail,
SU2025,SU2025-class 1,15,1905AHJEGA,,,5,8,7.8,Passed,
SU2025,SU2025-class 1,16,1905AHDGFA,,,2.5,0,4.1,Attendance Fail,
SU2025,SU2025-class 1,17,0805AGIJAC,,,0,0,3.2,Attendance Fail,
SU2025,SU2025-class 1,18,1905AHCHEG,,,0,0,2.5,Not Passed,
SU2025,SU2025-class 1,19,1905AHCCGI,,,0,0,3.6,Attendance Fail,
SU2025,SU2025-class 1,20,1905AIDIDG,,,2.5,4.8,5.2,Passed,
SU2025,SU2025-class 1,21,1905AGCAAI,,,7.5,8,7.7,Passed,
SU2025,SU2025-class 1,22,1905AIJCBJ,,,10,6.2,7.9,Passed,
SU2025,SU2025-class 1,23,1905AFAIEC,,,0,0,2.9,Attendance Fail,
SU2025,SU2025-class 1,24,1905AGAIHH,,,0,0,3.4,Attendance Fail,
SU2025,SU2025-class 1,25,1905AHJGBJ,,,0,0,3.3,Attendance Fail,
SU2025,SU2025-class 1,26,1905AHCAAC,,,0,0,3.8,Attendance Fail,
SU2025,SU2025-class 1,27,1905AHCFCD,,,0,7.4,5.8,Not Passed,
SU2025,SU2025-class 1,28,1905AHBBAC,,,0,0,3.5,Attendance Fail,
SU2025,SU2025-class 1,29,1905AHDHJJ,,,2.5,8.4,6.7,Passed,
SU2025,SU2025-class 1,30,1905AHBDDG,,,2.5,4.2,5.6,Passed,
SU2025,SU2025-class 1,31,1905AHCBFI,,,0,0,3.1,Attendance Fail,
SU2025,SU2025-class 1,32,1905AHJEIE,,,0,0,3,Not Passed,
SU2025,SU2025-class 1,33,1905AIDHEE,,,0,0,3,Attendance Fail,
SU2025,SU2025-class 1,34,1905AGCAFE,,,0,0,3.4,Not Passed,
SU2025,SU2025-class 1,35,1905AHBCGB,,,0,0,0,Attendance Fail,
SU2025,SU2025-class 1,36,1905AIBFEB,,,0,0,3.5,Attendance Fail,
SU2025,SU2025-class 2,1,1905AFJCDD,,,0,0,1.8,Not Passed,
SU2025,SU2025-class 2,2,1905AGBJBA,,,0,0,2,Not Passed,
SU2025,SU2025-class 2,3,1905AHDGJA,,,2.5,5.4,5.8,Passed,
SU2025,SU2025-class 2,4,1905AHBFHF,,,0,0,0,Attendance Fail,
SU2025,SU2025-class 2,5,1905AFAGEF,,,10,7.6,8.9,Passed,
SU2025,SU2025-class 2,6,1905AIJBII,,,2.5,6,5.6,Passed,
SU2025,SU2025-class 2,7,1905AHBCGD,,,10,9,9.1,Passed,
SU2025,SU2025-class 2,8,1905AGAEIA,,,10,6,8,Passed,
SU2025,SU2025-class 2,9,1905AHCCGH,,,0,0,2.5,Not Passed,
SU2025,SU2025-class 2,10,1905AHCJCF,,,0,0,2.6,Not Passed,
SU2025,SU2025-class 2,11,1905AGBHED,,,2.5,8.6,6.7,Passed,
SU2025,SU2025-class 2,12,1905AICCHB,,,2.5,7.2,5.9,Passed,
SU2025,SU2025-class 2,13,1905AHCJDF,,,0,0,2.1,Not Passed,
SU2025,SU2025-class 2,14,1905AHBGGA,,,0,0,2.2,Not Passed,
SU2025,SU2025-class 2,15,1905AHJEDI,,,10,8,8.5,Passed,
SU2025,SU2025-class 2,16,1905AFJHIG,,,10,4.8,7.5,Passed,
SU2025,SU2025-class 2,17,1905AHCGJJ,,,2.5,6.8,6.1,Passed,
SU2025,SU2025-class 2,18,1905AGAFJH,,,0,0,2.3,Not Passed,
SU2025,SU2025-class 2,19,1905AIBDGH,,,10,5,7.9,Passed,
SU2025,SU2025-class 2,20,1905AHDDCC,,,0,3.8,3.9,Not Passed,
SU2025,SU2025-class 2,21,1905AHJFJC,,,0,0,2.5,Not Passed,
SU2025,SU2025-class 2,22,1905AHCECI,,,2.5,8.4,6.4,Passed,
SU2025,SU2025-class 2,23,1905AHBGGE,,,5,5.2,6.3,Passed,
SU2025,SU2025-class 2,24,1905AHBHFG,,,0,0,1.7,Not Passed,
SU2025,SU2025-class 2,25,1905AHDFGD,,,0,0,2.4,Attendance Fail,
SU2025,SU2025-class 2,26,1905AHDIIF,,,0,0,2.6,Not Passed,
SU2025,SU2025-class 2,27,1905AHBCDB,,,0,0,2.7,Not Passed,
SU2025,SU2025-class 2,28,1905AHCEAC,,,0,0,2.7,Not Passed,
SU2025,SU2025-class 2,29,1905AFJEBE,,,0,0,3,Not Passed,
SU2025,SU2025-class 2,30,1905AIDBFF,,,0,0,3,Not Passed,
SU2025,SU2025-class 2,31,1905AHDICD,,,10,8.8,9.5,Passed,
SU2025,SU2025-class 2,32,1905AIDAFJ,,,0,0,3.1,Not Passed,
SU2025,SU2025-class 2,33,1905AGAIFA,,,0,0,2.6,Not Passed,
SU2025,SU2025-class 2,34,1905AFAFGD,,,0,0,2.8,Not Passed,
SU2025,SU2025-class 2,35,1905AGBDFE,,,0,0,3.5,Not Passed,
SU2025,SU2025-class 3,1,1905AICCDG,,,2.5,4.6,5.4,Passed,
SU2025,SU2025-class 3,2,1905AIDHAF,,,0,0,2.7,Not Passed,
SU2025,SU2025-class 3,3,1905AIBGEI,,,0,0,1.1,Attendance Fail,
SU2025,SU2025-class 3,4,1905AIAJJH,,,2.5,7.2,5.3,Passed,
SU2025,SU2025-class 3,5,1905AHAEIH,,,2.5,9.4,7,Passed,
SU2025,SU2025-class 3,6,1905AIFDGH,,,5,8.2,6.8,Passed,
SU2025,SU2025-class 3,7,1905AGJEDF,,,10,8,7.6,Passed,
SU2025,SU2025-class 3,8,1905AHAGDA,,,2.5,7.4,6.1,Passed,
SU2025,SU2025-class 3,9,1905AICJGI,,,0,0,0,Attendance Fail,
SU2025,SU2025-class 3,10,1905BJJJDC,,,10,7.4,8.8,Passed,
SU2025,SU2025-class 3,11,1905AHDCEJ,,,0,0,2.8,Not Passed,
SU2025,SU2025-class 3,12,1905AHEJIH,,,0,0,0,Attendance Fail,
SU2025,SU2025-class 3,13,1905AIBFJC,,,7.5,9,8.2,Passed,
SU2025,SU2025-class 3,14,1905AGBDBI,,,2.5,0,3,Attendance Fail,
SU2025,SU2025-class 3,15,1905AICDAE,,,7.5,8.8,8.1,Passed,
SU2025,SU2025-class 3,16,1905AIBAJB,,,2.5,8.8,6.9,Passed,
SU2025,SU2025-class 3,17,1905AIBAEF,,,5,9,7.2,Passed,
SU2025,SU2025-class 3,18,1905AIBEEB,,,2.5,7,5.9,Passed,
SU2025,SU2025-class 3,19,1905AIBHCC,,,2.5,8.6,6.5,Passed,
SU2025,SU2025-class 3,20,1905AIDHJE,,,2.5,8.6,6.7,Passed,
SU2025,SU2025-class 3,21,1905AICGBA,,,2.5,6.4,5.9,Passed,
SU2025,SU2025-class 3,22,1905AIBCEH,,,10,5.8,7.5,Passed,
SU2025,SU2025-class 3,23,1905AIDDDC,,,0,0,2.4,Not Passed,
SU2025,SU2025-class 3,24,1905AIJCDF,,,10,8.2,8.7,Passed,
SU2025,SU2025-class 3,25,1905AHCHDF,,,0,0,0,Attendance Fail,
SU2025,SU2025-class 3,26,1905AICGJC,,,10,8.2,9.1,Passed,
SU2025,SU2025-class 3,27,1905AFAJAI,,,0,0,1.7,Attendance Fail,
SU2025,SU2025-class 3,28,1905AICCGJ,,,0,0,0,Attendance Fail,
SU2025,SU2025-class 3,29,1905AHJBHI,,,10,5.4,8,Passed,
SU2025,SU2025-class 3,30,1905AIBFJF,,,0,0,2.6,Not Passed,
SU2025,SU2025-class 3,31,1905AHJJCE,,,2.5,9.6,7.3,Passed,
SU2025,SU2025-class 3,32,1905AIJBBG,,,0,0,3.4,Not Passed,
SU2025,SU2025-class 3,33,1905AFADIJ,,,0,0,0,Attendance Fail,
SU2025,SU2025-class 3,34,1905AGBCGG,,,10,5,7.3,Passed,
SU2025,SU2025-class 3,35,1905AIBCEA,,,7.5,9.2,8.5,Passed,
SU2025,SU2025-class 4,1,1905AIBBCC,,,10,6,8.1,Passed,
SU2025,SU2025-class 4,2,1905AIJAFB,,,2.5,8,6.5,Passed,
SU2025,SU2025-class 4,3,1905AIJFFH,,,2.5,7,6.8,Passed,
SU2025,SU2025-class 4,4,1905AIJIAI,,,2.5,5.2,5.6,Passed,
SU2025,SU2025-class 4,5,1905AGJBAJ,,,2.5,5.4,6,Passed,
SU2025,SU2025-class 4,6,1905AGAGBB,,,2.5,8.2,7.1,Passed,
SU2025,SU2025-class 4,7,1905AHDCHA,,,0,0,2.7,Attendance Fail,
SU2025,SU2025-class 4,8,1905AIJGJC,,,2.5,9,7.3,Passed,
SU2025,SU2025-class 4,9,1905AIFBJH,,,2.5,8,6.8,Passed,
SU2025,SU2025-class 4,10,1905AHCGEI,,,10,4.4,7.3,Passed,
SU2025,SU2025-class 4,11,1905AICAJJ,,,0,0,3.6,Not Passed,
SU2025,SU2025-class 4,12,1905AHCEIJ,,,2.5,5.4,6.1,Passed,
SU2025,SU2025-class 4,13,1905AHBABF,,,7.5,7.8,7.9,Passed,
SU2025,SU2025-class 4,14,1905AGAFFC,,,2.5,7.2,6.8,Passed,
SU2025,SU2025-class 4,15,1905AHJEAE,,,0,0,3,Not Passed,
SU2025,SU2025-class 4,16,1905AICJJE,,,0,0,3,Attendance Fail,
SU2025,SU2025-class 4,17,1905AIDHIB,,,0,0,2.7,Attendance Fail,
SU2025,SU2025-class 4,18,1905AGJEHF,,,0,0,2.9,Attendance Fail,
SU2025,SU2025-class 4,19,1905AIDABE,,,0,0,2.9,Not Passed,
SU2025,SU2025-class 4,20,1905AIDFGJ,,,7.5,8.8,8.5,Passed,
SU2025,SU2025-class 4,21,1905AIBABD,,,2.5,6.8,5.7,Passed,
SU2025,SU2025-class 4,22,1905AHDAHB,,,0,0,3.3,Attendance Fail,
SU2025,SU2025-class 4,23,1905AICHAI,,,0,0,3.7,Attendance Fail,
SU2025,SU2025-class 4,24,1905AHAIAD,,,0,0,3.2,Not Passed,
SU2025,SU2025-class 4,25,1905AHJBCE,,,0,0,3.3,Not Passed,
SU2025,SU2025-class 4,26,1905AHJDCJ,,,0,0,3.4,Not Passed,
SU2025,SU2025-class 4,27,1905AIFDDB,,,2.5,7.8,6.9,Passed,
SU2025,SU2025-class 4,28,1905AHJECA,,,0,0,3,Not Passed,
SU2025,SU2025-class 4,29,1905AHAECD,,,10,5.2,7.9,Passed,
SU2025,SU2025-class 4,30,1905AICBED,,,10,7.8,9.2,Passed,
SU2025,SU2025-class 4,31,1919AHAJFD,,,0,0,2.9,Attendance Fail,
SU2025,SU2025-class 4,32,1905AIFDBI,,,2.5,8,7,Passed,
SU2025,SU2025-class 4,33,1905AHDCBI,,,7.5,6.4,7.7,Passed,
SU2025,SU2025-class 4,34,1905AIAJID,,,0,0,2.8,Not Passed,
SU2025,SU2025-class 4,35,1905AIBDAG,,,0,0,2.4,Attendance Fail,
SU2025,SU2025-class 5,1,1905AHDIED,,,2.5,7.8,6.1,Passed,
SU2025,SU2025-class 5,2,1905AHCDDA,,,0,0,0.6,Attendance Fail,
SU2025,SU2025-class 5,3,1905AIBAHD,,,2.5,8.6,5.1,Passed,
SU2025,SU2025-class 5,4,1905AHAGJA,,,0,0,2.7,Not Passed,
SU2025,SU2025-class 5,5,1905AHCFEA,,,0,0,1.1,Attendance Fail,
SU2025,SU2025-class 5,6,1905AIDJJI,,,10,6.2,7.7,Passed,
SU2025,SU2025-class 5,7,1905AHBFGH,,,0,0,0.2,Attendance Fail,
SU2025,SU2025-class 5,8,1905AICEDA,,,5,6.8,7.5,Passed,
SU2025,SU2025-class 5,9,1905AIBADG,,,0,0,2.5,Not Passed,
SU2025,SU2025-class 5,10,1905AHJCAE,,,2.5,5.6,6,Passed,
SU2025,SU2025-class 5,11,1905AHBCBJ,,,0,0,0,Attendance Fail,
SU2025,SU2025-class 5,12,1905AGJEJD,,,0,0,0.2,Attendance Fail,
SU2025,SU2025-class 5,13,1905AHDDID,,,0,0,0.2,Attendance Fail,
SU2025,SU2025-class 5,14,1905AIDJHB,,,0,0,3.2,Not Passed,
SU2025,SU2025-class 5,15,1919AGJHAD,,,0,0,0,Attendance Fail,
SU2025,SU2025-class 5,16,1905AEJIEI,,,0,0,0,Attendance Fail,
SU2025,SU2025-class 5,17,1905AIBAIJ,,,0,0,2.9,Not Passed,
SU2025,SU2025-class 5,18,1905AHDCHE,,,0,0,0.5,Not Passed,
SU2025,SU2025-class 5,19,1905AHCDAF,,,10,8,6.6,Passed,
SU2025,SU2025-class 5,20,1905AHJEGB,,,10,7.6,8.1,Passed,
SU2025,SU2025-class 5,21,1905AIBFJJ,,,0,0,0.4,Attendance Fail,
SU2025,SU2025-class 5,22,1905AHJFIB,,,0,0,3.1,Not Passed,
SU2025,SU2025-class 5,23,1905AGBCJG,,,5,6.8,7.5,Passed,
SU2025,SU2025-class 5,24,1905AHEJBH,,,2.5,7.6,6.7,Passed,
SU2025,SU2025-class 5,25,1905AIJEEE,,,2.5,5.2,5.4,Passed,
SU2025,SU2025-class 5,26,1905AHBAJJ,,,0,0,0.1,Attendance Fail,
SU2025,SU2025-class 5,27,1905AHBJJE,,,0,0,0.2,Attendance Fail,
SU2025,SU2025-class 5,28,1905AHCFJF,,,0,0,3.6,Not Passed,
SU2025,SU2025-class 5,29,1905AHAGBB,,,10,7.2,8,Passed,
SU2025,SU2025-class 5,30,1905AGBGBB,,,0,0,0,Attendance Fail,
SU2025,SU2025-class 5,31,1905AFBABI,,,0,0,0.4,Attendance Fail,
SU2025,SU2025-class 5,32,1905AIDCFA,,,0,3.6,1.9,Not Passed,
SU2025,SU2025-class 5,33,1905AHJDIJ,,,0,0,0,Attendance Fail,
SU2025,SU2025-class 5,34,1905AHDFDA,,,0,0,0.2,Attendance Fail,
SU2025,SU2025-class 5,35,1905AICIDH,,,0,5,4.4,Not Passed,
SU2025,SU2025-class 6,1,1905AIBBEG,,,0,0,3.2,Attendance Fail,
SU2025,SU2025-class 6,2,1905AHBGDA,,,0,0,2.5,Attendance Fail,
SU2025,SU2025-class 6,3,1905AICBBB,,,2.5,8.6,6.6,Passed,
SU2025,SU2025-class 6,4,1905AICEHG,,,2.5,6.4,5.4,Passed,
SU2025,SU2025-class 6,5,1905AICBAD,,,0,0,2,Attendance Fail,
SU2025,SU2025-class 6,6,1905AHAEIJ,,,0,0,1.9,Attendance Fail,
SU2025,SU2025-class 6,7,1905AGABFC,,,0,0,2,Attendance Fail,
SU2025,SU2025-class 6,8,1905AHBFJD,,,0,0,2,Attendance Fail,
SU2025,SU2025-class 6,9,1905AHDJJF,,,0,0,2.6,Attendance Fail,
SU2025,SU2025-class 6,10,1905AICDAB,,,10,8.6,9.2,Passed,
SU2025,SU2025-class 6,11,1905AHCCFF,,,10,7.8,8,Passed,
SU2025,SU2025-class 6,12,1905AIBJJH,,,0,0,2.5,Not Passed,
SU2025,SU2025-class 6,13,1905AEJGIB,,,0,0,3.1,Not Passed,
SU2025,SU2025-class 6,14,1905AHAHBD,,,7.5,7.2,7.2,Passed,
SU2025,SU2025-class 6,15,1905AIBAJI,,,2.5,7.2,5.7,Passed,
SU2025,SU2025-class 6,16,1905AIBIDJ,,,7.5,9,8.5,Passed,
SU2025,SU2025-class 6,17,1905AIJFEE,,,2.5,8,6.4,Passed,
SU2025,SU2025-class 6,18,1905AHDHFE,,,2.5,7.4,6.5,Passed,
SU2025,SU2025-class 6,19,1905AIBCEG,,,2.5,6.8,6.4,Passed,
SU2025,SU2025-class 6,20,1905AIBGGA,,,0,0,2.8,Not Passed,
SU2025,SU2025-class 6,21,1905AIBHCB,,,0,0,1.7,Attendance Fail,
SU2025,SU2025-class 6,22,1905AIJHEE,,,0,0,3.2,Not Passed,
SU2025,SU2025-class 6,23,1905AIJCCE,,,2.5,3.6,5.2,Not Passed,
SU2025,SU2025-class 6,24,1905AICCBA,,,0,0,3.2,Not Passed,
SU2025,SU2025-class 6,25,1905AIBIHG,,,2.5,0,2.6,Attendance Fail,
SU2025,SU2025-class 6,26,1905AIDHFI,,,2.5,5.6,5.8,Passed,
SU2025,SU2025-class 6,27,1905AGJCFH,,,2.5,7.8,6.3,Passed,
SU2025,SU2025-class 6,28,1905AGBCIE,,,0,0,0,Attendance Fail,
SU2025,SU2025-class 6,29,1905AICIAA,,,0,0,2.2,Attendance Fail,
SU2025,SU2025-class 6,30,1905AIFBAI,,,2.5,4.8,5,Passed,
SU2025,SU2025-class 6,31,1905AFJJHE,,,0,0,3.5,Not Passed,
SU2025,SU2025-class 6,32,1905AHJFFA,,,10,5.2,7.4,Passed,
SU2025,SU2025-class 6,33,1905AGJBAA,,,10,8,7.8,Passed,
SU2025,SU2025-class 6,34,1905AHCBDD,,,10,8.4,8.8,Passed,
SU2025,SU2025-class 6,35,1905AHJGAB,,,0,0,3.5,Not Passed,
SU2025,SU2025-class 7,1,1905AIJAHE,,,2.5,6.8,6.5,Passed,
SU2025,SU2025-class 7,2,1905AICIHJ,,,0,0,3.8,Not Passed,
SU2025,SU2025-class 7,3,1905AGCCEC,,,0,0,3.7,Not Passed,
SU2025,SU2025-class 7,4,1905AIBGIB,,,0,0,3.6,Not Passed,
SU2025,SU2025-class 7,5,1905AGCEIH,,,2.5,7.8,6.8,Passed,
SU2025,SU2025-class 7,6,1905AGBDGF,,,0,0,3.8,Attendance Fail,
SU2025,SU2025-class 7,7,1905AHJCEB,,,10,8.6,9.2,Passed,
SU2025,SU2025-class 7,8,1905AHBGGC,,,0,0,3.8,Attendance Fail,
SU2025,SU2025-class 7,9,1905AGAFDA,,,0,0,3.4,Not Passed,
SU2025,SU2025-class 7,10,1905AGCFGA,,,0,0,0,Attendance Fail,
SU2025,SU2025-class 7,11,1905AHDGED,,,2.5,8.6,6.9,Passed,
SU2025,SU2025-class 7,12,1905AICEGB,,,0,0,3.8,Not Passed,
SU2025,SU2025-class 7,13,1905AGBCBD,,,0,0,3.9,Not Passed,
SU2025,SU2025-class 7,14,1905AHJDCI,,,0,0,3.7,Not Passed,
SU2025,SU2025-class 7,15,1705AIJJHC,,,0,0,3.3,Not Passed,
SU2025,SU2025-class 7,16,1905AGBHBF,,,0,0,3.1,Attendance Fail,
SU2025,SU2025-class 7,17,1905AHAGHE,,,10,7.6,8.8,Passed,
SU2025,SU2025-class 7,18,1905AHJCHJ,,,0,0,0,Attendance Fail,
SU2025,SU2025-class 7,19,1905AIDEFI,,,10,9.4,9.7,Passed,
SU2025,SU2025-class 7,20,1905AHJCJG,,,10,8,9,Passed,
SU2025,SU2025-class 7,21,1905AGBJGA,,,10,8.8,9.4,Passed,
SU2025,SU2025-class 7,22,1919AHJGIG,,,0,0,3.5,Not Passed,
SU2025,SU2025-class 7,23,1705AIJAFE,,,2.5,6.8,6.2,Passed,
SU2025,SU2025-class 7,24,1905AHJDCA,,,0,0,0,Attendance Fail,
SU2025,SU2025-class 7,25,1905AHDCDE,,,7.5,5.8,7.1,Passed,
SU2025,SU2025-class 7,26,1905AGCDHB,,,2.5,4.8,5.7,Passed,
SU2025,SU2025-class 7,27,0305AIJEHE,,,10,9.2,9.5,Passed,
SU2025,SU2025-class 7,28,1905AIBBGA,,,0,5.8,5.1,Not Passed,
SU2025,SU2025-class 7,29,1905AHBCFI,,,2.5,4,5.6,Passed,
SU2025,SU2025-class 7,30,1905AHJBFJ,,,0,0,3.6,Not Passed,
SU2025,SU2025-class 7,31,1905AHAHJJ,,,0,0,3.4,Not Passed,
SU2025,SU2025-class 7,32,1905AIDDIH,,,5,8.8,7.7,Passed,
SU2025,SU2025-class 7,33,1905AGCADC,,,10,5.6,7.8,Passed,
SU2025,SU2025-class 7,34,1905AHBCJF,,,5,8.8,7.8,Passed,
SU2025,SU2025-class 7,35,1905AICCFC,,,0,0,3.8,Not Passed,
SU2025,SU2025-class 7,36,1905AIDFFH,,,2.5,4.6,5.4,Passed,
SU2025,SU2025-class 8,1,1905AIBHFA,,,0,0,1.5,Not Passed,
SU2025,SU2025-class 8,2,1905AHBEJH,,,10,5.4,7.6,Passed,
SU2025,SU2025-class 8,3,1905AHJCHE,,,0,0,3,Not Passed,
SU2025,SU2025-class 8,4,1905AIJFIJ,,,10,9.6,9.7,Passed,
SU2025,SU2025-class 8,5,1905AIBHEJ,,,5,7.8,7.7,Passed,
SU2025,SU2025-class 8,6,1905AHJJAG,,,10,6.4,7.8,Passed,
SU2025,SU2025-class 8,7,1905AHJGFE,,,2.5,9.8,7.2,Passed,
SU2025,SU2025-class 8,8,1905AHDJAJ,,,0,0,1,Attendance Fail,
SU2025,SU2025-class 8,9,1905AIBBEF,,,7.5,8.2,8.4,Passed,
SU2025,SU2025-class 8,10,1905AGAEGG,,,0,0,0,Attendance Fail,
SU2025,SU2025-class 8,11,1905AIJJDB,,,7.5,4.6,7.3,Passed,
SU2025,SU2025-class 8,12,1905AIJABD,,,2.5,9,6.9,Passed,
SU2025,SU2025-class 8,13,1905AIBFAB,,,0,0,3.7,Not Passed,
SU2025,SU2025-class 8,14,1905AIJABJ,,,0,0,3.7,Not Passed,
SU2025,SU2025-class 8,15,1905AHCDFG,,,7.5,7.6,7.9,Passed,
SU2025,SU2025-class 8,16,1905AHDGJB,,,2.5,7.6,6.5,Passed,
SU2025,SU2025-class 8,17,1905AIJJGH,,,7.5,6,7.7,Passed,
SU2025,SU2025-class 8,18,1905AHCAJG,,,0,0,2,Not Passed,
SU2025,SU2025-class 8,19,1905AIBBAJ,,,2.5,6.2,6.4,Passed,
SU2025,SU2025-class 8,20,1905AIJGFI,,,10,8,8.8,Passed,
SU2025,SU2025-class 8,21,1905AGABHD,,,10,4.4,8,Passed,
SU2025,SU2025-class 8,22,1905AIJDAC,,,10,9.4,9.7,Passed,
SU2025,SU2025-class 8,23,1905AIJJBD,,,10,8.2,8.9,Passed,
SU2025,SU2025-class 8,24,1905AHCDCE,,,10,4.4,7.7,Passed,
SU2025,SU2025-class 8,25,1905AHCIAC,,,0,0,3.2,Not Passed,
SU2025,SU2025-class 8,26,1905AHEJHE,,,0,3.4,3.5,Not Passed,
SU2025,SU2025-class 8,27,1905AIBICE,,,0,0,3.6,Not Passed,
SU2025,SU2025-class 8,28,1905AIJCBE,,,0,0,3.4,Not Passed,
SU2025,SU2025-class 8,29,1905AHBJBF,,,0,0,2,Not Passed,
SU2025,SU2025-class 8,30,1905AHDIDG,,,10,7,8.2,Passed,
SU2025,SU2025-class 8,31,1905AIJABA,,,5,9.2,8,Passed,
SU2025,SU2025-class 8,32,1905AIJJJG,,,0,0,2.6,Not Passed,
SU2025,SU2025-class 8,33,1905AHBGCI,,,10,4.6,7.3,Passed,
SU2025,SU2025-class 8,34,1905AICJCB,,,0,0,3.7,Not Passed,
SU2025,SU2025-class 8,35,1905AIDCCE,,,0,0,1.6,Attendance Fai,
SU2025,SU2025-class 9,1,1905AIDEBG,,,10,9,9.4,Passed,
SU2025,SU2025-class 9,2,1905AIBCBD,,,0,0,2.9,Not Passed,
SU2025,SU2025-class 9,3,1905AGCBHA,,,0,0,2.9,Attendance Fail,
SU2025,SU2025-class 9,4,1905AHBIFA,,,0,0,2.5,Attendance Fail,
SU2025,SU2025-class 9,5,1905AIBEHG,,,0,0,3.2,Not Passed,
SU2025,SU2025-class 9,6,1905AIFBEH,,,0,0,2.7,Not Passed,
SU2025,SU2025-class 9,7,1905AHJJFE,,,10,7.4,8.9,Passed,
SU2025,SU2025-class 9,8,1905AICJGD,,,0,0,2.7,Attendance Fail,
SU2025,SU2025-class 9,9,1905AFAADG,,,10,6.4,8.7,Passed,
SU2025,SU2025-class 9,10,1905AHDHFD,,,0,0,1.8,Attendance Fail,
SU2025,SU2025-class 9,11,1905AIAJJB,,,10,7.6,9.1,Passed,
SU2025,SU2025-class 9,12,1905AIBIHA,,,2.5,8.2,7,Passed,
SU2025,SU2025-class 9,13,1905AHJDBI,,,0,0,2.8,Attendance Fail,
SU2025,SU2025-class 9,14,1905AIDJHI,,,10,8.8,9.4,Passed,
SU2025,SU2025-class 9,15,1905AHCJJC,,,0,0,2.5,Attendance Fail,
SU2025,SU2025-class 9,16,1905AHDCII,,,5,7.2,6.4,Passed,
SU2025,SU2025-class 9,17,1705AIJAEC,,,2.5,9,7.1,Passed,
SU2025,SU2025-class 9,18,1905AIBGCJ,,,2.5,9,7.1,Passed,
SU2025,SU2025-class 9,19,1905AIBEJF,,,2.5,7.4,6.8,Passed,
SU2025,SU2025-class 9,20,1905AIBDEB,,,0,0,2.8,Attendance Fail,
SU2025,SU2025-class 9,21,1905AIBFBB,,,2.5,7.8,6.8,Passed,
SU2025,SU2025-class 9,22,1905AICFGA,,,0,0,2.6,Attendance Fail,
SU2025,SU2025-class 9,23,1905AHAGFA,,,0,0,2.7,Attendance Fail,
SU2025,SU2025-class 9,24,1905AIDCGC,,,2.5,8.2,7,Passed,
SU2025,SU2025-class 9,25,1905AIDFJD,,,0,0,2,Not Passed,
SU2025,SU2025-class 9,26,1905AHAGJC,,,0,0,2.8,Attendance Fail,
SU2025,SU2025-class 9,27,1905AIBIFF,,,10,9.6,9.5,Passed,
SU2025,SU2025-class 9,28,1919AGJDCB,,,0,3.2,3.2,Not Passed,
SU2025,SU2025-class 9,29,1905AIBGHF,,,0,0,3.7,Not Passed,
SU2025,SU2025-class 9,30,1905AHBBDD,,,2.5,8,6.5,Passed,
SU2025,SU2025-class 9,31,1905AFJECB,,,0,0,2.1,Attendance Fail,
SU2025,SU2025-class 9,32,1905AHDJFD,,,0,0,1,Attendance Fail,
SU2025,SU2025-class 9,33,1905AIFFAE,,,7.5,8.6,8.7,Passed,
SU2025,SU2025-class 9,34,1905AIAACG,,,2.5,6.2,6.3,Passed,
SU2025,SU2025-class 9,35,1905AIFBAG,,,0,0,2.7,Attendance Fail,
SU2025,SU2025-class 9,36,1905AHJEHC,,,0,0,1.5,Attendance Fail,
SU2025,SU2025-class 9,37,1905AIBFCE,,,7.5,9.6,8.8,Passed,
SU2025,SU2025-class 10,1,1905AIDJEH,,,0,0,2.8,Not Passed,
SU2025,SU2025-class 10,2,1905AIDGGF,,,2.5,7.8,5.9,Passed,
SU2025,SU2025-class 10,3,1905AIDCDG,,,0,0,3.3,Not Passed,
SU2025,SU2025-class 10,4,1905AGAEFI,,,10,9,8.9,Passed,
SU2025,SU2025-class 10,5,1905AIBBEI,,,0,0,2.7,Not Passed,
SU2025,SU2025-class 10,6,1905AIFFDE,,,2.5,9.4,6.7,Passed,
SU2025,SU2025-class 10,7,1905AICGIF,,,0,0,2.4,Attendance Fail,
SU2025,SU2025-class 10,8,1905AICHGC,,,0,0,2.2,Attendance Fail,
SU2025,SU2025-class 10,9,1905AHDFAB,,,2.5,7.4,6.2,Passed,
SU2025,SU2025-class 10,10,1905AIAJHB,,,0,0,1.7,Attendance Fail,
SU2025,SU2025-class 10,11,1905AICGID,,,0,0,2.2,Attendance Fail,
SU2025,SU2025-class 10,12,1905AICAFH,,,0,6,4.7,Not Passed,
SU2025,SU2025-class 10,13,1905AIDBGG,,,5,7.8,7,Passed,
SU2025,SU2025-class 10,14,1905AIFFJB,,,0,0,1.7,Attendance Fail,
SU2025,SU2025-class 10,15,1905AIFBGF,,,0,0,3,Not Passed,
SU2025,SU2025-class 10,16,1905AICHFC,,,0,0,2,Attendance Fail,
SU2025,SU2025-class 10,17,1905AHBHGI,,,0,0,3.2,Not Passed,
SU2025,SU2025-class 10,18,1905AIDCEG,,,0,0,2.1,Attendance Fail,
SU2025,SU2025-class 10,19,1905AIDBBB,,,0,0,1.8,Not Passed,
SU2025,SU2025-class 10,20,1905AHBDGE,,,10,7.4,8.5,Passed,
SU2025,SU2025-class 10,21,1905AHJDIC,,,0,0,1.4,Attendance Fail,
SU2025,SU2025-class 10,22,1905AIBIJD,,,0,0,2.8,Not Passed,
SU2025,SU2025-class 10,23,1905AHCIIA,,,0,0,1.9,Attendance Fail,
SU2025,SU2025-class 10,24,1905AHCDFB,,,0,0,1.8,Not Passed,
SU2025,SU2025-class 10,25,1905AIBAHH,,,0,0,2.3,Attendance Fail,
SU2025,SU2025-class 10,26,1905AIBHHC,,,2.5,9,6,Passed,
SU2025,SU2025-class 10,27,1905AHBHJG,,,2.5,8.2,6.4,Passed,
SU2025,SU2025-class 10,28,1905AICIDG,,,0,0,2.5,Not Passed,
SU2025,SU2025-class 10,29,1905AGCBGC,,,10,8.2,7.1,Passed,
SU2025,SU2025-class 10,30,1905AIFBCD,,,0,0,2.3,Attendance Fail,
SU2025,SU2025-class 10,31,1905AIJEFJ,,,0,0,2.3,Attendance Fail,
SU2025,SU2025-class 10,32,1905AGJDHG,,,10,6.2,7.4,Passed,
SU2025,SU2025-class 10,33,1905AGJBCE,,,0,4.8,4.8,Not Passed,
SU2025,SU2025-class 10,34,1905AHBJJB,,,10,4.2,6.6,Passed,
SU2025,SU2025-class 10,35,1905AIBICB,,,2.5,7,5.8,Passed,
SU2025,SU2025-class 10,36,1905AHAIGJ,,,0,0,1.7,Attendance Fail,
SU2025,SU2025-class 11,1,1905AIDCHF,,,0,0,0.6,Attendance Fail,
SU2025,SU2025-class 11,2,1905AHCAGE,,,0,0,3.2,Not Passed,
SU2025,SU2025-class 11,3,1905AHCGFB,,,0,0,1.7,Attendance Fail,
SU2025,SU2025-class 11,4,1905AGAFHA,,,2.5,3.8,4.4,Not Passed,
SU2025,SU2025-class 11,5,1905AHJAHB,,,0,0,1.6,Attendance Fail,
SU2025,SU2025-class 11,6,1905AIFFAC,,,7.5,8.8,8.3,Passed,
SU2025,SU2025-class 11,7,1905AIJBIH,,,0,0,1.8,Attendance Fail,
SU2025,SU2025-class 11,8,1905AIDJFJ,,,5,7.4,7.3,Passed,
SU2025,SU2025-class 11,9,1905AHBAAH,,,10,7.6,8.7,Passed,
SU2025,SU2025-class 11,10,1905AIDDGH,,,10,5.8,8,Passed,
SU2025,SU2025-class 11,11,1905AHBFBD,,,10,6.4,8.2,Passed,
SU2025,SU2025-class 11,12,1905AIFBAA,,,2.5,6.8,6.5,Passed,
SU2025,SU2025-class 11,13,1905AIJFDC,,,0,0,1.3,Attendance Fail,
SU2025,SU2025-class 11,14,1905AIFFHA,,,0,0,1.6,Not Passed,
SU2025,SU2025-class 11,15,1905AIJEEB,,,2.5,0,2.4,Attendance Fail,
SU2025,SU2025-class 11,16,1905AHBFJJ,,,2.5,8.6,6.9,Passed,
SU2025,SU2025-class 11,17,1905AHDEIG,,,0,0,1.8,Attendance Fail,
SU2025,SU2025-class 11,18,1905AHJCDB,,,10,7.8,8.3,Passed,
SU2025,SU2025-class 11,19,1905AIBFIE,,,2.5,9.6,7.3,Passed,
SU2025,SU2025-class 11,20,1905AGBCIJ,,,0,0,1.5,Attendance Fail,
SU2025,SU2025-class 11,21,1905AIBHGF,,,0,0,1.5,Attendance Fail,
SU2025,SU2025-class 11,22,1905AGCAFC,,,7.5,7.2,8,Passed,
SU2025,SU2025-class 11,23,1905AIBIIC,,,0,0,1.7,Attendance Fail,
SU2025,SU2025-class 11,24,1905AICHHA,,,2.5,6,6,Passed,
SU2025,SU2025-class 11,25,1905AHAEFD,,,10,9.4,9.2,Passed,
SU2025,SU2025-class 11,26,1905AICBCC,,,0,0,1.5,Attendance Fail,
SU2025,SU2025-class 11,27,1905AHBBFJ,,,10,8.2,8.7,Passed,
SU2025,SU2025-class 11,28,1905AHJCJB,,,10,8,7.7,Passed,
SU2025,SU2025-class 11,29,1905AHCJAG,,,0,0,1.7,Attendance Fail,
SU2025,SU2025-class 11,30,1905AIAJFA,,,7.5,9.6,8.8,Passed,
SU2025,SU2025-class 11,31,1905AHDGHD,,,0,5.8,5.1,Not Passed,
SU2025,SU2025-class 11,32,1905AHDGIH,,,0,0,1.7,Attendance Fail,
SU2025,SU2025-class 11,33,1905AIBDJJ,,,0,0,1.5,Attendance Fail,
SU2025,SU2025-class 11,34,1905AICFFB,,,0,0,0,Attendance Fail,
SU2025,SU2025-class 11,35,1905AFJDCF,,,0,0,1.7,Attendance Fail,
SU2025,SU2025-class 12,1,1905AIBEEE,,,0,7.2,5.6,Is Susspended,
SU2025,SU2025-class 12,2,1905AIFDBD,,,0,8,5.9,Not Passed,
SU2025,SU2025-class 12,3,1905AIJGIF,,,0,7.4,5.8,Is Susspended,
SU2025,SU2025-class 12,4,1905AGBJBA,,,10,4.2,7.5,Passed,
SU2025,SU2025-class 12,5,1905AHCAGE,,,0,7,5.4,Not Passed,
SU2025,SU2025-class 12,6,1905AIJEJA,,,0,6.4,5.4,Not Passed,
SU2025,SU2025-class 12,7,1905AHEJID,,,0,7.4,5.5,Not Passed,
SU2025,SU2025-class 12,8,1905AIBIFD,,,0,5.4,5.4,Is Susspended,
SU2025,SU2025-class 12,9,1905AIDCDI,,,0,3,4.1,Not Passed,
SU2025,SU2025-class 12,10,1905AFBJGE,,,0,5.2,4.9,Not Passed,
SU2025,SU2025-class 12,11,1905AFJIIE,,,0,7,5.7,Not Passed,
SU2025,SU2025-class 12,12,1905AIDBGE,,,0,0,3.3,Not Passed,
SU2025,SU2025-class 12,13,1905AHCJJC,,,0,0,0,Attendance Fail,
SU2025,SU2025-class 12,14,1905AHCCBE,,,0,7.6,5.4,Not Passed,
SU2025,SU2025-class 12,15,0405AHAJJA,,,10,5.2,7.7,Passed,
SU2025,SU2025-class 12,16,1905AHBIFE,,,0,4.2,4.6,Not Passed,
SU2025,SU2025-class 12,17,1905AHJEAD,,,0,6,5.2,Not Passed,
SU2025,SU2025-class 12,18,1905AHCBGG,,,0,4.4,4.3,Not Passed,
SU2025,SU2025-class 12,19,1905AHDBJF,,,0,7.2,5.5,Not Passed,
SU2025,SU2025-class 12,20,1905AHJFDD,,,0,7.6,5.7,Not Passed,
SU2025,SU2025-class 12,21,1905AICBIF,,,0,7.8,5.8,Not Passed,
SU2025,SU2025-class 12,22,1905AFAICA,,,0,4.8,4.7,Not Passed,
SU2025,SU2025-class 12,23,1905BJAGEC,,,7,8.2,8,Passed,
SU2025,SU2025-class 12,24,1905AHCIAC,,,0,7,5.6,Not Passed,
SU2025,SU2025-class 12,25,1905AFBJFE,,,0,7,5.1,Not Passed,
SU2025,SU2025-class 12,26,1905AIJGEA,,,10,9.8,9.7,Passed,
SU2025,SU2025-class 12,27,1905AFJJHE,,,5,8.2,7.5,Passed,
SU2025,SU2025-class 12,28,1905AGJBCH,,,10,9.8,9.2,Passed,
SU2025,SU2025-class 12,29,1905AHAHDH,,,10,8.8,9.1,Passed,
SU2025,SU2025-class 12,30,1905AHBJBF,,,0,10,6.7,Not Passed,
SU2025,SU2025-class 12,31,1905AIBJEH,,,0,6,5.6,Not Passed,
SU2025,SU2025-class 12,32,1905AGACEF,,,0,4.4,4.6,Not Passed,
SU2025,SU2025-class 12,33,1905AICHEA,,,0,6.6,5.1,Not Passed,
SU2025,SU2025-class 12,34,1905AICDHE,,,0,5.6,4.8,Not Passed,
SU2025,SU2025-class 12,35,1905AHJEIE,,,0,0,3.9,Not Passed,
SU2025,SU2025-class 13,1,1905AHCFDH,,,10,6.2,8.2,Passed,
SU2025,SU2025-class 13,2,0305AEJAHG,,,10,6.4,8.5,Passed,
SU2025,SU2025-class 13,3,1905AHCIJB,,,0,0,3.5,Not Passed,
SU2025,SU2025-class 13,4,1905AIFBEH,,,0,5.4,5.5,Not Passed,
SU2025,SU2025-class 13,5,1905AHBGGC,,,10,5.4,8.1,Passed,
SU2025,SU2025-class 13,6,1905AIBAFA,,,10,7.4,9,Passed,
SU2025,SU2025-class 13,7,1905AHDFFA,,,10,7.6,9,Passed,
SU2025,SU2025-class 13,8,1905AHDHBJ,,,0,0,3.7,Not Passed,
SU2025,SU2025-class 13,9,1905AHBAEC,,,0,6.6,5.4,Not Passed,
SU2025,SU2025-class 13,10,1905AICHFC,,,0,7.4,5.5,Not Passed,
SU2025,SU2025-class 13,11,1905AIBCFD,,,0,6,5.6,Not Passed,
SU2025,SU2025-class 13,12,1905AHJDBI,,,0,4.2,4.9,Not Passed,
SU2025,SU2025-class 13,13,1905AHCIJA,,,0,4,4.8,Not Passed,
SU2025,SU2025-class 13,14,1905AGJEFI,,,0,5.4,5,Not Passed,
SU2025,SU2025-class 13,15,1905AIBJHD,,,0,5.4,5,Not Passed,
SU2025,SU2025-class 13,16,1905AFJEBD,,,0,7,5.3,Not Passed,
SU2025,SU2025-class 13,17,1905AFADGB,,,0,6,5.3,Not Passed,
SU2025,SU2025-class 13,18,1905AGJCGD,,,0,5.4,5.3,Not Passed,
SU2025,SU2025-class 13,19,1905AIBHCB,,,0,7.2,5.9,Not Passed,
SU2025,SU2025-class 13,20,1905AGBBIE,,,0,5.6,5.4,Not Passed,
SU2025,SU2025-class 13,21,1905AHBGEE,,,10,6.6,8.6,Passed,
SU2025,SU2025-class 13,22,1905AHBHGH,,,10,8.2,9,Passed,
SU2025,SU2025-class 13,23,1905AIBAHH,,,0,6.4,5.3,Not Passed,
SU2025,SU2025-class 13,24,1905AHEJDF,,,10,9.6,9.6,Passed,
SU2025,SU2025-class 13,25,1905AHDHIB,,,10,5.4,8.1,Passed,
SU2025,SU2025-class 13,26,1905AIBIHG,,,0,5,5.3,Not Passed,
SU2025,SU2025-class 13,27,1905AHAIDA,,,0,7.6,5.8,Not Passed,
SU2025,SU2025-class 13,28,1905AFAFCJ,,,0,0,1.7,Attendance Fail,
SU2025,SU2025-class 13,29,1905AHEJHJ,,,0,0,3.7,Not Passed,
SU2025,SU2025-class 13,30,1905AIJCBE,,,0,5,4.9,Not Passed,
SU2025,SU2025-class 13,31,1905AIFBAG,,,0,5.8,5.4,Not Passed,
SU2025,SU2025-class 13,32,1905AIBDIC,,,10,9.4,9.2,Passed,
SU2025,SU2025-class 13,33,1905AICAEH,,,0,6.8,5.8,Not Passed,
SU2025,SU2025-class 13,34,1905AHJGAB,,,0,4.2,4.6,Not Passed,
SU2025,SU2025-class 13,35,1905AFJDCF,,,5,6.2,6.9,Passed,
SU2025,SU2025-class 14,1,1905AHDDAF,,,0,5.2,4.9,Not Passed,
SU2025,SU2025-class 14,2,1905AIJAAA,,,0,6.8,5,Not Passed,
SU2025,SU2025-class 14,3,1905AIDCDG,,,0,0,3.1,Not Passed,
SU2025,SU2025-class 14,4,1905AHBFHF,,,5,8.4,6.4,Passed,
SU2025,SU2025-class 14,5,1905AHAGGA,,,0,8.2,5.6,Not Passed,
SU2025,SU2025-class 14,6,1905AHAIGB,,,0,7,5.1,Not Passed,
SU2025,SU2025-class 14,7,1905AICAFH,,,0,7.8,5.6,Not Passed,
SU2025,SU2025-class 14,8,1905AGBJEI,,,3,5,5.7,Passed,
SU2025,SU2025-class 14,9,1905AHBAGJ,,,10,6.4,8.5,Passed,
SU2025,SU2025-class 14,10,1905AICICH,,,5,8.6,7.3,Passed,
SU2025,SU2025-class 14,11,1905AFJFBJ,,,0,6,4.9,Not Passed,
SU2025,SU2025-class 14,12,1905AICJIG,,,0,5.6,4.7,Not Passed,
SU2025,SU2025-class 14,13,1905AHBCGE,,,0,0,3,Is Susspended,
SU2025,SU2025-class 14,14,1905AHDCEJ,,,0,9.4,6.2,Not Passed,
SU2025,SU2025-class 14,15,1905AIBAJD,,,0,7.4,5,Not Passed,
SU2025,SU2025-class 14,16,1905AIBGGA,,,0,8.8,5.3,Not Passed,
SU2025,SU2025-class 14,17,1905AHBEGG,,,10,6.4,8.1,Passed,
SU2025,SU2025-class 14,18,1905AIBIJD,,,0,8.2,5.6,Not Passed,
SU2025,SU2025-class 14,19,1905AICEEI,,,0,7.2,5.8,Not Passed,
SU2025,SU2025-class 14,20,1905AIBBGA,,,0,7.2,5.2,Not Passed,
SU2025,SU2025-class 14,21,1905AIJAFE,,,0,8.2,5.5,Not Passed,
SU2025,SU2025-class 14,22,1905AGBBDF,,,0,5.8,4.2,Not Passed,
SU2025,SU2025-class 14,23,1905AICHAI,,,0,3.2,3.8,Is Susspended,
SU2025,SU2025-class 14,24,1905AIDAHA,,,10,7,8.2,Passed,
SU2025,SU2025-class 14,25,1905AICIDG,,,0,5,4.7,Not Passed,
SU2025,SU2025-class 14,26,1905AICCBA,,,0,7.4,5.5,Not Passed,
SU2025,SU2025-class 14,27,1905AIBJCI,,,10,4.4,7.6,Passed,
SU2025,SU2025-class 14,28,1905AIAABE,,,0,5.2,4.7,Not Passed,
SU2025,SU2025-class 14,29,1905AIJJDD,,,0,8.4,5.6,Not Passed,
SU2025,SU2025-class 14,30,1905AICDDE,,,0,5,4.6,Not Passed,
SU2025,SU2025-class 14,31,1905AHBACE,,,0,8.4,5.6,Not Passed,
SU2025,SU2025-class 14,32,1905AIBJEA,,,0,5.8,4.3,Not Passed,
SU2025,SU2025-class 14,33,1905AIBHFF,,,5,9.4,7.6,Passed,
SU2025,SU2025-class 14,34,1905AICEHH,,,0,6.4,5.2,Not Passed,
SU2025,SU2025-class 14,35,1905AHDGHE,,,10,7,8.2,Passed,
SU2025,SU2025-class 15,1,1905AHDJHC,,,0,0,0,Attendance Fail,
SU2025,SU2025-class 15,2,1905AGBIJF,,,0,3.4,4.7,Not Passed,
SU2025,SU2025-class 15,3,1905AHBGIA,,,0,5,5.2,Not Passed,
SU2025,SU2025-class 15,4,1905AGCCEC,,,0,5.4,4.6,Not Passed,
SU2025,SU2025-class 15,5,1905AHBBCE,,,0,4.8,4.3,Is Susspended,
SU2025,SU2025-class 15,6,1905AFJFAF,,,0,6,4.8,Not Passed,
SU2025,SU2025-class 15,7,1905AICIJI,,,0,5,4.9,Not Passed,
SU2025,SU2025-class 15,8,1905AIDGCA,,,0,5,5.4,Not Passed,
SU2025,SU2025-class 15,9,1905AHBEIA,,,0,6,5,Not Passed,
SU2025,SU2025-class 15,10,1905BJDHIA,,,5,8.4,7.9,Passed,
SU2025,SU2025-class 15,11,1905AIDFEJ,,,10,6.2,8.6,Passed,
SU2025,SU2025-class 15,12,1905AHBCBJ,,,10,8.6,8.9,Passed,
SU2025,SU2025-class 15,13,1905AIFFHA,,,0,6.4,5.6,Not Passed,
SU2025,SU2025-class 15,14,1905AIFGCB,,,0,3,4,Not Passed,
SU2025,SU2025-class 15,15,1905AIDCEG,,,0,5.4,5,Not Passed,
SU2025,SU2025-class 15,16,1905AGAFJH,,,0,7.6,5.5,Not Passed,
SU2025,SU2025-class 15,17,1905AIDBBB,,,0,4.4,4.8,Not Passed,
SU2025,SU2025-class 15,18,1905AGBCIJ,,,0,0,3.2,Attendance Fail,
SU2025,SU2025-class 15,19,1919AGJHFH,,,5,4.4,5.9,Passed,
SU2025,SU2025-class 15,20,1905AGJBDD,,,0,4.8,4.4,Not Passed,
SU2025,SU2025-class 15,21,1905AHCHDB,,,10,5.8,8,Passed,
SU2025,SU2025-class 15,22,1905AGCBCB,,,0,5.2,5.4,Not Passed,
SU2025,SU2025-class 15,23,1905AHCCGE,,,0,0,3.3,Not Passed,
SU2025,SU2025-class 15,24,1905AGCJIC,,,0,3.4,4.6,Not Passed,
SU2025,SU2025-class 15,25,1905AHJCEC,,,0,5.8,5.3,Not Passed,
SU2025,SU2025-class 15,26,1905AICCFC,,,0,7.8,6.2,Not Passed,
SU2025,SU2025-class 15,27,1905AHJGBJ,,,10,6.2,8.6,Passed,
SU2025,SU2025-class 15,28,1905AGJBCE,,,0,7.4,5.5,Not Passed,
SU2025,SU2025-class 15,29,1905AHDIID,,,0,0,0,Attendance Fail,
SU2025,SU2025-class 16,1,1905AIBCBD,,,0,9,6,Not Passed,
SU2025,SU2025-class 16,2,1905AGJDCC,,,5,7.6,7.5,Passed,
SU2025,SU2025-class 16,3,1905AICDEF,,,0,4.8,5,Not Passed,
SU2025,SU2025-class 16,4,1905AGBDGF,,,10,5.2,8.1,Passed,
SU2025,SU2025-class 16,5,1905AIJFBB,,,0,6.6,5.4,Not Passed,
SU2025,SU2025-class 16,6,1905AGJDHD,,,0,0,0,Attendance Fail,
SU2025,SU2025-class 16,7,1905AIFDBG,,,0,8.6,6.2,Not Passed,
SU2025,SU2025-class 16,8,1905AIFFAJ,,,0,7.2,5.6,Not Passed,
SU2025,SU2025-class 16,9,1905AGBCBD,,,0,5.6,5.6,Not Passed,
SU2025,SU2025-class 16,10,1905AGAACB,,,0,3.4,4.7,Not Passed,
SU2025,SU2025-class 16,11,1905AHAGEI,,,0,5.2,4.8,Not Passed,
SU2025,SU2025-class 16,12,1919AGJADJ,,,10,6.2,7.8,Passed,
SU2025,SU2025-class 16,13,1905AICFAA,,,0,5.8,5.2,Not Passed,
SU2025,SU2025-class 16,14,1905AIBFAB,,,0,8,5.9,Not Passed,
SU2025,SU2025-class 16,15,1905AGBBEC,,,0,4.6,5.2,Not Passed,
SU2025,SU2025-class 16,16,1905AHCADI,,,0,0,3.7,Not Passed,
SU2025,SU2025-class 16,17,1905AHJEAH,,,10,8.2,9.2,Passed,
SU2025,SU2025-class 16,18,1905AHDGAF,,,0,5.2,4.8,Not Passed,
SU2025,SU2025-class 16,19,1905AGJBGC,,,0,5.4,5.4,Not Passed,
SU2025,SU2025-class 16,20,1905AHDGFA,,,0,4.6,5,Not Passed,
SU2025,SU2025-class 16,21,1905AFJCBE,,,0,7.4,5.8,Not Passed,
SU2025,SU2025-class 16,22,1905AHJDCJ,,,0,7,5.3,Not Passed,
SU2025,SU2025-class 16,23,1905AHCCGI,,,0,8.8,5.9,Not Passed,
SU2025,SU2025-class 16,24,1905AHCHDF,,,0,5,5.2,Not Passed,
SU2025,SU2025-class 16,25,1905AGCDII,,,0,7.4,5.6,Not Passed,
SU2025,SU2025-class 16,26,1905AHBBJG,,,10,6,8.1,Passed,
SU2025,SU2025-class 16,27,1905AIBICE,,,0,8.2,5.9,Not Passed,
SU2025,SU2025-class 16,28,1905AHBBAC,,,0,4.8,5,Not Passed,
SU2025,SU2025-class 16,29,1905AHDGHD,,,0,5.8,4.8,Not Passed,
SU2025,SU2025-class 16,30,1905AHJFFG,,,0,0,3.3,Not Passed,
SU2025,SU2025-class 16,31,1905AHDDHJ,,,0,7.2,5.3,Not Passed,
SU2025,SU2025-class 16,32,1905AIJBIE,,,0,0,3.2,Not Passed,
SU2025,SU2025-class 16,33,1905AHDFDJ,,,0,5.2,4.9,Not Passed,
SU2025,SU2025-class 16,34,1905AICIDH,,,0,4.6,5.1,Not Passed,
SU2025,SU2025-class 16,35,1905AICJCB,,,0,5,4.8,Not Passed,
SU2025,SU2025-class 17,1,1905AHDEJH,,,0,7,5.8,Not Passed,
SU2025,SU2025-class 17,2,1905AIBAEA,,,0,5.8,4.5,Not Passed,
SU2025,SU2025-class 17,3,1905AHCCCF,,,10,6.6,7.6,Passed,
SU2025,SU2025-class 17,4,1905AICGAA,,,0,3.4,4.3,Not Passed,
SU2025,SU2025-class 17,5,1905AHAGJA,,,0,0,3.4,Not Passed,
SU2025,SU2025-class 17,6,1905AHCIHD,,,0,3,3.4,Not Passed,
SU2025,SU2025-class 17,7,1905AIBGJI,,,0,7.8,6.2,Not Passed,
SU2025,SU2025-class 17,8,1905AHBAJI,,,0,6.2,5.3,Not Passed,
SU2025,SU2025-class 17,9,1905AHDBCG,,,0,7,5.7,Not Passed,
SU2025,SU2025-class 17,10,1705AIJJHC,,,0,8.2,6.5,Not Passed,
SU2025,SU2025-class 17,11,1905AFAABJ,,,0,4.2,3.7,Not Passed,
SU2025,SU2025-class 17,12,1905AIDAFI,,,0,9,6.3,Not Passed,
SU2025,SU2025-class 17,13,1905BJAEDF,,,0,9.6,6.8,Not Passed,
SU2025,SU2025-class 17,14,1905AHCEIB,,,0,4.2,3.9,Not Passed,
SU2025,SU2025-class 17,15,1905AIJGBE,,,0,7.6,6.3,Not Passed,
SU2025,SU2025-class 17,16,1905BJAHIG,,,0,9.4,6.8,Not Passed,
SU2025,SU2025-class 17,17,1905AICCHI,,,0,7.6,5.9,Not Passed,
SU2025,SU2025-class 17,18,1905AIDJGI,,,0,3.2,4.6,Not Passed,
SU2025,SU2025-class 17,19,1901AGJJHJ,,,0,3.4,3.2,Not Passed,
SU2025,SU2025-class 17,20,1905BJAHFG,,,0,8.4,6.4,Not Passed,
SU2025,SU2025-class 17,21,1905AIDAJH,,,0,7.6,5.7,Not Passed,
SU2025,SU2025-class 17,22,1905AIDACD,,,0,3.6,4.9,Not Passed,
SU2025,SU2025-class 17,23,1905AHCGJH,,,0,0,0,Not Passed,
SU2025,SU2025-class 17,24,1905AHDBII,,,0,0,3.8,Not Passed,
SU2025,SU2025-class 17,25,1905AHDIDC,,,0,0,1.2,Not Passed,
SU2025,SU2025-class 17,26,1905AIBIIF,,,0,0,4,Is Susspended,
SU2025,SU2025-class 17,27,1905AHAGGD,,,0,6.6,4.8,Not Passed,
SU2025,SU2025-class 17,28,1905AIBGIF,,,10,9,9.5,Passed,
SU2025,SU2025-class 17,29,1905AIBGHF,,,10,8.2,9,Passed,
SU2025,SU2025-class 17,30,1905AIJIIJ,,,0,0,3.9,Is Susspended,
SU2025,SU2025-class 17,31,1905AGBEEI,,,10,9.4,8.2,Passed,
SU2025,SU2025-class 17,32,1905AIFDBI,,,0,9.4,6.8,Not Passed,
SU2025,SU2025-class 17,33,1905AIBIBH,,,10,8.4,7.2,Passed,
SU2025,SU2025-class 17,34,1905AGAIFA,,,0,0,0,Not Passed,
SU2025,SU2025-class 17,35,1905AHCHIJ,,,0,0,0,Not Passed,
