Mã học kỳ,Mã lớp,NO.,CODE,QUIZ-10,LABS-15,ASSIGNMENTS-20,PRACTICAL EXAM-25,FINAL EXAM-30,TOTAL,STATUS,PROGRESS TESTS-10,LABS-10,PRACTICAL EXAM-30
FA2017,FA2017-class 1,1,1905FBCDI,6.5,8,8,6,6,6.8,Passed,,,
FA2017,FA2017-class 1,2,1905FBGGI,6.2,8.1,8,6,6.1,6.8,Passed,,,
FA2017,FA2017-class 1,3,1905FAFBJ,6.3,6.5,7.5,9,4.7,6.8,Passed,,,
FA2017,FA2017-class 1,4,1905JDBDF,6.3,8.4,9,10,6.4,8.1,Passed,,,
FA2017,FA2017-class 1,5,1905FBBEG,8,6.2,6.5,7,4,6,Passed,,,
FA2017,FA2017-class 1,6,1905FAHGB,6.3,5.8,8.3,5,5.8,6.2,Passed,,,
FA2017,FA2017-class 1,7,1905FBCJG,4.7,7.9,8,5,4.6,5.9,Passed,,,
FA2017,FA2017-class 1,8,1905FAHCF,8,8.6,8.5,8,6,7.6,Passed,,,
FA2017,FA2017-class 1,9,1905FAEJI,6,8.3,8,5.5,5.3,6.4,Passed,,,
FA2017,FA2017-class 1,10,1905FBAGC,7.2,8.2,8,7,4.6,6.7,Passed,,,
FA2017,FA2017-class 1,11,1905FBDJJ,6.1,8.5,9,9,4.4,7.3,Passed,,,
FA2017,FA2017-class 1,12,1905FBFCG,4,7.8,7.5,5,4.7,5.7,Passed,,,
FA2017,FA2017-class 1,13,1905FBCBA,6.3,5.8,7.8,6,4,5.8,Passed,,,
FA2017,FA2017-class 1,14,1905FBCCH,5,6.2,7.5,7,5.1,6.2,Passed,,,
FA2017,FA2017-class 1,15,1905FBBIJ,6.5,4.8,7.8,6,5.5,6.1,Passed,,,
FA2017,FA2017-class 2,1,1905FBCIH,0,0,0,0,0,0,Not Passed,,,
FA2017,FA2017-class 2,2,1905FBGHI,3.5,8.2,7.5,6,6.8,6.6,Passed,,,
FA2017,FA2017-class 2,3,1905FCJFC,8.1,8.9,8,4,5.8,6.5,Passed,,,
FA2017,FA2017-class 2,4,1905FBEJJ,0,0,0,0,0,0,Not Passed,,,
FA2017,FA2017-class 2,5,1905FAHCG,6.9,8.2,8,3,4,5.5,Passed,,,
FA2017,FA2017-class 2,6,1905FCCCA,8.7,9,8,2,5.7,6,Passed,,,
FA2017,FA2017-class 2,7,1905FBCGJ,7.9,9.6,8,3,6,6.4,Passed,,,
FA2017,FA2017-class 2,8,1905FCJDH,7.2,8.9,8,7.5,7,7.6,Passed,,,
FA2017,FA2017-class 2,9,1905FCBAC,7.5,8.9,8,3,6.5,6.4,Passed,,,
FA2017,FA2017-class 2,10,1905FCJJA,6.5,8.8,8,6.5,5.3,6.8,Passed,,,
FA2017,FA2017-class 2,11,1905FCBGE,7.5,8.6,8,2,4.3,5.4,Passed,,,
FA2017,FA2017-class 2,12,1905FCJDJ,6.2,8.1,6.5,3,5.5,5.5,Passed,,,
FA2017,FA2017-class 2,13,1905FBADC,0,0,0,0,0,0,Not Passed,,,
FA2017,FA2017-class 2,14,1905FCBBH,6.9,7.9,6.5,3,5,5.4,Passed,,,
FA2017,FA2017-class 2,15,1905FCBFI,3.3,8.4,8.5,4,6,6.1,Passed,,,
FA2017,FA2017-class 2,16,1905FBIAF,6.1,7.8,7.5,4.5,6.5,6.4,Passed,,,
FA2017,FA2017-class 2,17,1905FCBDE,6.3,8.4,8.5,6.5,7,7.3,Passed,,,
FA2017,FA2017-class 2,18,1905FBIGD,6.4,8.2,7.5,2,8.7,6.5,Passed,,,
FA2017,FA2017-class 2,19,1905FBIJH,5.8,8.2,6.5,3,4,5.1,Passed,,,
FA2017,FA2017-class 2,20,1905FAECD,7.8,8.3,8,3.5,4.3,5.8,Passed,,,
FA2017,FA2017-class 2,21,1905FBHCD,0,0,0,0,0,0,Not Passed,,,
FA2017,FA2017-class 2,22,1905FCCAA,2,8.2,5,1,4.8,4.1,Not Passed,,,
FA2017,FA2017-class 2,23,1905FBIFG,0,0,0,0,0,0,Not Passed,,,
FA2017,FA2017-class 3,1,1905FCDCG,5.2,7.5,8.1,5,4.8,6,Passed,,,
FA2017,FA2017-class 3,2,1905FCJDI,5,8.5,7.1,7,7.2,7.1,Passed,,,
FA2017,FA2017-class 3,3,1905FCDDF,6.2,8.8,7.1,9,5.5,7.3,Passed,,,
FA2017,FA2017-class 3,4,1905FCJFJ,7.3,9,8.8,9,7.5,8.3,Passed,,,
FA2017,FA2017-class 3,5,1905FCAFH,4.6,8.2,7.1,7.5,7,7.1,Passed,,,
FA2017,FA2017-class 3,6,1905FCBEJ,5.7,6.1,4.2,6.5,4.7,5.4,Passed,,,
FA2017,FA2017-class 3,7,1905FBIEH,5.3,7.5,6.4,6,6.8,6.5,Passed,,,
FA2017,FA2017-class 3,8,1905FCADC,4.3,8.8,7.6,7,6.7,7,Passed,,,
FA2017,FA2017-class 3,9,1905FCJAE,3.3,8.1,4.7,5.5,6.3,5.8,Passed,,,
FA2017,FA2017-class 3,10,1905FCJEG,4.9,8.1,4.7,5,7.2,6.1,Passed,,,
FA2017,FA2017-class 3,11,1905FCBCD,4.9,8.2,7.6,7.5,6.3,7,Passed,,,
FA2017,FA2017-class 3,12,1905FCDJB,3.5,4.4,1.4,0,0,1.3,Not Passed,,,
FA2017,FA2017-class 3,13,1905FCBJB,6.5,9.6,7.4,10,8.8,8.7,Passed,,,
FA2017,FA2017-class 3,14,1905FBHAB,4.8,7.4,7.4,4.5,6.2,6.1,Passed,,,
FA2017,FA2017-class 3,15,1905FCAID,6.8,9.1,8.8,9,7.7,8.4,Passed,,,
FA2017,FA2017-class 3,16,1905FBIGB,6.7,8.4,7.6,9,6.2,7.6,Passed,,,
FA2017,FA2017-class 3,17,1905FBHDH,5.6,9.7,9.5,10,8.7,9,Passed,,,
FA2017,FA2017-class 3,18,1905FCJCF,5,4.3,5.5,0,0,2.2,Not Passed,,,
FA2017,FA2017-class 3,19,1905FCCHI,6.4,7.9,6.4,4,4.5,5.5,Passed,,,
FA2017,FA2017-class 3,20,1905FBHAF,4.4,5.8,6.7,5,5.5,5.6,Passed,,,
FA2017,FA2017-class 3,21,1905FCBCI,6.1,6.2,8,9,7.7,7.7,Passed,,,
FA2017,FA2017-class 4,1,1905FCBCA,5.4,4.8,0,1,0,1.5,Not Passed,,,
FA2017,FA2017-class 4,2,1905FCCJG,7.3,3.2,7.5,1,7.3,5.2,Passed,,,
FA2017,FA2017-class 4,3,1905FBICH,5.9,6.4,8,1,7.7,5.7,Passed,,,
FA2017,FA2017-class 4,4,1905FCCEC,6.7,3,7.5,1,7.5,5.1,Passed,,,
FA2017,FA2017-class 4,5,1905FCCGJ,5.8,0,7.5,1,0,2.3,Not Passed,,,
FA2017,FA2017-class 4,6,1905FBHGH,3.5,4.8,5,7.5,8,6.3,Passed,,,
FA2017,FA2017-class 4,7,1905FBCDI,5.4,0,7.5,3,5.5,4.4,Not Passed,,,
FA2017,FA2017-class 4,8,1905FCBHD,6.7,7.4,8,4,6.7,6.4,Passed,,,
FA2017,FA2017-class 4,9,1905FBHFG,7.2,7.5,8,8.5,8,8,Passed,,,
FA2017,FA2017-class 4,10,1905FBFDJ,8,0,0,2,0,1.3,Not Passed,,,
FA2017,FA2017-class 4,11,1905FBBJB,3.8,0,0,0,0,0.4,Not Passed,,,
FA2017,FA2017-class 4,12,1905FCCIH,6.7,7.5,7.5,5,7.3,6.7,Passed,,,
FA2017,FA2017-class 4,13,1905FCJGH,7,4.8,8,1,9,6,Passed,,,
FA2017,FA2017-class 4,14,1905FCBHH,5.9,0,0,1,0,0.8,Not Passed,,,
FA2017,FA2017-class 4,15,1905FCCFI,7.9,5.6,8,8,6.8,7.3,Passed,,,
FA2017,FA2017-class 4,16,1905FBIJC,8.1,9,8,8.5,9.2,8.6,Passed,,,
FA2017,FA2017-class 4,17,1905FCJGC,7,3.2,7.5,1,8.7,5.5,Passed,,,
FA2017,FA2017-class 4,18,1905FCBJE,7.3,0,7.5,1,0,2.5,Not Passed,,,
FA2017,FA2017-class 4,19,1905FBGDH,2.3,2.7,0,0,0,0.6,Not Passed,,,
FA2017,FA2017-class 4,20,1905FCAIB,6.8,7.6,8,7,8.3,7.7,Passed,,,
FA2017,FA2017-class 4,21,1905FCJGJ,4.8,4.9,7.5,6,7.3,6.4,Passed,,,
FA2017,FA2017-class 4,22,1905FBIGH,6.1,2.6,7.5,1,5.3,4.3,Not Passed,,,
FA2017,FA2017-class 4,23,1905FBHJA,6.3,4.3,7.5,1,7,5.1,Passed,,,
FA2017,FA2017-class 4,24,1905FCBJJ,6.8,5.3,7.5,7,7.3,6.9,Passed,,,
FA2017,FA2017-class 4,25,1905FCCFH,3.5,2.6,7.5,1,3.7,3.6,Not Passed,,,
FA2017,FA2017-class 5,1,1905FBHDA,6.3,8.8,8.3,10,8.5,8.7,Passed,,,
FA2017,FA2017-class 5,2,1905FBBAG,0,0,0,0,0,0,Not Passed,,,
FA2017,FA2017-class 5,3,1905FCAED,5.9,8.3,7.5,9.5,7.2,7.9,Passed,,,
FA2017,FA2017-class 5,4,1905FCACE,5,6.6,7.6,6.5,7,6.7,Passed,,,
FA2017,FA2017-class 5,5,1905FCBCF,7,8.8,7.7,10,5.7,7.8,Passed,,,
FA2017,FA2017-class 5,6,1905FBIIE,4.4,8.2,7.9,8.5,5.7,7.1,Passed,,,
FA2017,FA2017-class 5,7,1905FCDAE,4.2,8.4,8.3,9,5.7,7.3,Passed,,,
FA2017,FA2017-class 5,8,1905FCJCE,2.2,2.8,7.2,8,6.8,6.1,Passed,,,
FA2017,FA2017-class 5,9,1905FBHIA,6.8,8.2,7.1,7,7.3,7.3,Passed,,,
FA2017,FA2017-class 5,10,1905FCCDJ,3.9,5.7,7.1,7,5,5.9,Passed,,,
FA2017,FA2017-class 5,11,1905FCBJH,4.9,8.4,8,9,6.8,7.6,Passed,,,
FA2017,FA2017-class 5,12,1905FCCAD,4.3,7.1,7,8,7.3,7.1,Passed,,,
FA2017,FA2017-class 5,13,1905FCBBJ,4.5,7.4,7,7,6.2,6.6,Passed,,,
FA2017,FA2017-class 5,14,1905FCBFH,5.8,8.2,8,10,6,7.7,Passed,,,
FA2017,FA2017-class 5,15,1905FCBED,6.1,8.7,7.9,9,7.5,8,Passed,,,
FA2017,FA2017-class 5,16,1905FBHJB,6,8.6,8.7,9.5,8,8.4,Passed,,,
FA2017,FA2017-class 5,17,1905FBHJC,6.7,8.5,8.7,9.5,7.8,8.4,Passed,,,
FA2017,FA2017-class 5,18,1905FCAEJ,4.2,8.1,7.5,7,7,7,Passed,,,
FA2017,FA2017-class 5,19,1905FBHDG,5.8,8.4,7.7,9.5,8,8.2,Passed,,,
FA2017,FA2017-class 5,20,1905FBHHH,6.6,8.6,7.1,10,7.7,8.2,Passed,,,
FA2017,FA2017-class 5,21,1905FCADF,7.3,8.5,7.1,10,6.3,7.8,Passed,,,
FA2017,FA2017-class 5,22,1905FCAFB,0,1.7,0.8,0,0,0.4,Not Passed,,,
FA2017,FA2017-class 5,23,1905FCAEE,6.4,8.5,7.6,10,8.3,8.4,Passed,,,
FA2017,FA2017-class 5,24,1905FBAGD,5,7.9,5.5,6,5.8,6,Passed,,,
FA2017,FA2017-class 5,25,1905FBBEB,5,5.8,5.5,6.5,8.2,6.6,Passed,,,
FA2017,FA2017-class 6,1,1905FBCFJ,8.3,2.7,8,2,8.7,5.9,Passed,,,
FA2017,FA2017-class 6,2,1905FBEHD,6.7,1.1,7.5,4,6.3,5.2,Passed,,,
FA2017,FA2017-class 6,3,1905FBDEC,2.9,3.3,7.5,5,6.3,5.4,Passed,,,
FA2017,FA2017-class 6,4,1905FCJHF,7.4,3.5,8.5,5.5,6,6.1,Passed,,,
FA2017,FA2017-class 6,5,1905FAGIF,0,0,0,0,0,0,Not Passed,,,
FA2017,FA2017-class 6,6,1905FCEBE,5.8,5.8,7.5,5,6.2,6.1,Passed,,,
FA2017,FA2017-class 6,7,1905FBHEE,7.7,8.8,7.5,7.5,8.7,8.1,Passed,,,
FA2017,FA2017-class 6,8,1905FBJAA,7.5,4.8,7.5,4,4.8,5.4,Passed,,,
FA2017,FA2017-class 6,9,1905FCECE,5.1,5.4,7.5,6,4.5,5.7,Passed,,,
FA2017,FA2017-class 6,10,1905FCJFI,3.4,0,0,0,0,0.3,Not Passed,,,
FA2017,FA2017-class 6,11,1905FBFEJ,3.8,0,0,0,0,0.4,Not Passed,,,
FA2017,FA2017-class 6,12,1905FBHDD,6,4.6,7.5,5,6,5.8,Passed,,,
FA2017,FA2017-class 6,13,1905FBFDA,6.3,4.7,8,5,5.7,5.9,Passed,,,
FA2017,FA2017-class 6,14,1905FCDBF,6.9,4.2,7.5,4,5.2,5.4,Passed,,,
FA2017,FA2017-class 6,15,1905FBFCC,6.2,4.3,7.5,5,4.7,5.4,Passed,,,
FA2017,FA2017-class 6,16,1905FBGED,0,0,0,0,0,0,Not Passed,,,
FA2017,FA2017-class 6,17,1905FAIDF,0,0,0,0,0,0,Not Passed,,,
FA2017,FA2017-class 6,18,1905FCDJJ,0,0,0,0,0,0,Not Passed,,,
FA2017,FA2017-class 6,19,1905FAHGI,0,0,0,0,0,0,Not Passed,,,
FA2017,FA2017-class 6,20,1905FCEHI,4.9,5.3,7.5,6,6.3,6.2,Passed,,,
FA2017,FA2017-class 6,21,1905FCEAC,5,7.5,7.5,6.5,7,6.9,Passed,,,
FA2017,FA2017-class 6,22,1905FCAEB,4.9,7.4,7.5,6,7.2,6.8,Passed,,,
FA2017,FA2017-class 6,23,1905FAIIF,7.9,4.8,8,2,7.8,6,Passed,,,
FA2017,FA2017-class 6,24,1905FAFJH,3.3,3.4,7.5,5,5.5,5.2,Passed,,,
FA2017,FA2017-class 6,25,1905FCJEE,5.6,4.8,7.5,7.5,4.8,6.1,Passed,,,
FA2017,FA2017-class 7,1,1905FBHJJ,5.5,7.2,7.7,8.5,7.2,7.5,Passed,,,
FA2017,FA2017-class 7,2,1905FBIAC,4.4,4.9,4.5,6,5.2,5.1,Passed,,,
FA2017,FA2017-class 7,3,1905FCJBG,5.5,4.9,5.7,6,5.5,5.6,Passed,,,
FA2017,FA2017-class 7,4,1905FCACF,5.4,6.2,7,8.5,6,6.8,Passed,,,
FA2017,FA2017-class 7,5,1905FCDJC,4.8,7.6,6.9,6,6.3,6.4,Passed,,,
FA2017,FA2017-class 7,6,1905FCAEA,7,5.8,7.3,9,5.2,6.8,Passed,,,
FA2017,FA2017-class 7,7,1905FCBAB,1.9,6,5.9,8,4.5,5.6,Passed,,,
FA2017,FA2017-class 7,8,1905FCADI,7.4,8,8.2,9,5.5,7.5,Passed,,,
FA2017,FA2017-class 7,9,1905FBGIB,3.7,6.4,5.7,6,5.7,5.7,Passed,,,
FA2017,FA2017-class 7,10,1905FBIAB,4.4,5.5,6.4,6,6,5.8,Passed,,,
FA2017,FA2017-class 7,11,1905FCCDC,3.3,5.7,5.6,5,6.2,5.4,Passed,,,
FA2017,FA2017-class 7,12,1905FBADD,6.3,7.3,7.7,9,6.5,7.5,Passed,,,
FA2017,FA2017-class 7,13,1905FAFHJ,5.6,5.3,4.5,5,4.2,4.8,Not Passed,,,
FA2017,FA2017-class 7,14,1905FCJJI,4,5.7,7,7.5,5.3,6.1,Passed,,,
FA2017,FA2017-class 7,15,1905FCBBG,4.6,5.3,6.8,7,5.2,5.9,Passed,,,
FA2017,FA2017-class 7,16,1905FBIFE,6.3,5.8,6.5,9,6.3,6.9,Passed,,,
FA2017,FA2017-class 7,17,1905FCJCJ,7.3,8.2,7.7,8,5.5,7.2,Passed,,,
FA2017,FA2017-class 7,18,1905FCBEI,5.2,5.1,6.4,6,4.7,5.5,Passed,,,
FA2017,FA2017-class 7,19,1905FCBFA,5.3,5.3,5.9,8,4.5,5.9,Passed,,,
FA2017,FA2017-class 7,20,1905FCCCI,5.3,4.4,5.7,3,8.8,5.7,Passed,,,
FA2017,FA2017-class 7,21,1905FBIEC,5.6,5,7.1,6.5,5.5,6,Passed,,,
FA2017,FA2017-class 7,22,1905FBHIG,6,8.4,6.9,7,5.3,6.6,Passed,,,
FA2017,FA2017-class 7,23,1905FCJEJ,7.3,7.8,9.7,9,7.2,8.3,Passed,,,
FA2017,FA2017-class 7,24,1905FBIBF,0,0,0,0,0,0,Not Passed,,,
FA2017,FA2017-class 7,25,1905FBHID,6.5,5.6,4.9,7,7.3,6.4,Passed,,,
FA2017,FA2017-class 8,1,1905FAEEG,7,7.5,6.3,5,6.2,6.2,Passed,,,
FA2017,FA2017-class 8,2,1905FCJBE,5.8,6.6,5.6,7,4.8,5.9,Passed,,,
FA2017,FA2017-class 8,3,1905FBHJH,5.3,8,5.6,5,5.3,5.7,Passed,,,
FA2017,FA2017-class 8,4,1905FCJEA,3.5,5.2,4.3,4,0,3,Not Passed,,,
FA2017,FA2017-class 8,5,1905FBFCD,0,3.3,0.5,0,0,0.6,Not Passed,,,
FA2017,FA2017-class 8,6,1905FBIFJ,5.2,7.7,5,5,7.8,6.3,Passed,,,
FA2017,FA2017-class 8,7,1905FBIIJ,5.4,3.3,5.6,5,4.7,4.8,Not Passed,,,
FA2017,FA2017-class 8,8,1905FBHBC,7.1,9.7,10,10,8.7,9.3,Passed,,,
FA2017,FA2017-class 8,9,1905FBIDF,6.8,8.5,9.3,7,6.8,7.6,Passed,,,
FA2017,FA2017-class 8,10,1905FCBBD,7.8,6.9,6.1,4,5.5,5.7,Passed,,,
FA2017,FA2017-class 8,11,1905FCEAD,5.9,7.1,5.4,5,5,5.5,Passed,,,
FA2017,FA2017-class 8,12,1905FCJEF,6.7,8.3,7,8,6.7,7.3,Passed,,,
FA2017,FA2017-class 8,13,1905FCEEF,7.3,6.4,3.6,5.5,5,5.3,Passed,,,
FA2017,FA2017-class 8,14,1905FBDJH,0,0,0,0,0,0,Not Passed,,,
FA2017,FA2017-class 8,15,1905FCEAF,6.8,7.1,9.6,9,7.7,8.2,Passed,,,
FA2017,FA2017-class 8,16,1905FBBHD,6.8,3.4,6,6,4.3,5.2,Passed,,,
FA2017,FA2017-class 8,17,1905FCEJH,6.8,8.6,6.4,6,5.7,6.5,Passed,,,
FA2017,FA2017-class 8,18,1905FBGAA,7.8,6.1,6.1,2,6,5.2,Passed,,,
FA2017,FA2017-class 8,19,1905FCJBI,6.2,7.8,9.3,5,5.5,6.6,Passed,,,
FA2017,FA2017-class 8,20,1905FBIAE,6.9,9.3,10,10,7.3,8.8,Passed,,,
FA2017,FA2017-class 8,21,1905FBIFF,3.4,7.7,7.4,3,4.3,5,Passed,,,
FA2017,FA2017-class 8,22,1905FBHJD,6.8,8.6,7,6,7,7,Passed,,,
FA2017,FA2017-class 8,23,1905FBIII,6.5,8.4,5,4,5.8,5.7,Passed,,,
FA2017,FA2017-class 8,24,1905FCEJI,6.5,7.5,4,4,5.3,5.2,Passed,,,
FA2017,FA2017-class 8,25,1905FCAGJ,6.1,8.6,9.6,5,5.5,6.7,Passed,,,
FA2017,FA2017-class 8,26,1905FCCJI,1.5,5.4,0.7,3.5,0,2,Not Passed,,,
FA2017,FA2017-class 8,27,1905FADBG,5.3,7.9,6.1,3,6,5.5,Passed,,,
FA2017,FA2017-class 8,28,1905FCBAF,5,6.1,7.4,5,7.5,6.4,Passed,,,
FA2017,FA2017-class 8,29,1905FCEEA,6.9,9.7,10,8,7.5,8.4,Passed,,,
FA2017,FA2017-class 9,1,1905FBIBC,5.1,6.5,4,6,4.3,5.1,Passed,,,
FA2017,FA2017-class 9,2,1905FCJFG,6.2,6.8,9,4.5,5.3,6.2,Passed,,,
FA2017,FA2017-class 9,3,1905FBDHF,6.4,7.8,8.5,8.5,4.5,7,Passed,,,
FA2017,FA2017-class 9,4,1905FBHFE,7.5,8,5,6.5,7.8,6.9,Passed,,,
FA2017,FA2017-class 9,5,1905FCJDG,6.1,6.8,6,6,5,5.8,Passed,,,
FA2017,FA2017-class 9,6,1905FAEHI,6.3,5.9,8.5,8.5,4,6.5,Passed,,,
FA2017,FA2017-class 9,7,1905FBHEF,7.1,8.3,5,6.5,6.8,6.6,Passed,,,
FA2017,FA2017-class 9,8,1905FBHHB,5.5,7.5,8.5,6.5,6.7,7,Passed,,,
FA2017,FA2017-class 9,9,1905FCAFF,6.5,9,8,8.5,6.5,7.7,Passed,,,
FA2017,FA2017-class 9,10,1905FCAEI,7.5,8.3,8,7,9,8,Passed,,,
FA2017,FA2017-class 9,11,1905FBIAJ,2.5,3.6,8.5,6.5,5.2,5.7,Passed,,,
FA2017,FA2017-class 9,12,1905FCCDD,7.7,7.8,4,4.5,7.3,6.1,Passed,,,
FA2017,FA2017-class 9,13,1905FCDBB,6.8,7.3,4,4.5,6.7,5.7,Passed,,,
FA2017,FA2017-class 9,14,1905FBHFC,7.4,8.3,9,8.5,7,8,Passed,,,
FA2017,FA2017-class 9,15,1905FBHCF,7.2,7.8,8,7,7.8,7.6,Passed,,,
FA2017,FA2017-class 9,16,1905FCEDA,3.7,8,8,4.5,4.3,5.6,Passed,,,
FA2017,FA2017-class 9,17,1905FCDJD,6.5,7.5,8,4.5,6.5,6.5,Passed,,,
FA2017,FA2017-class 9,18,1905FCEEI,6.8,7.8,8.5,6.5,7.7,7.5,Passed,,,
FA2017,FA2017-class 9,19,1905FCAFE,5.9,6.8,8,4.5,6.7,6.3,Passed,,,
FA2017,FA2017-class 9,20,1905FBJFB,0,0,0,0,0,0,Not Passed,,,
FA2017,FA2017-class 9,21,1905FCDJI,6.9,7.8,8.5,7,4.5,6.7,Passed,,,
FA2017,FA2017-class 9,22,1905FBHFJ,5.8,7.5,8.5,8.5,5.5,7.2,Passed,,,
FA2017,FA2017-class 9,23,1905FBHHJ,7.2,8.5,8.5,6.5,6.7,7.3,Passed,,,
FA2017,FA2017-class 9,24,1905FBFHA,6.3,5,8.5,5,5,5.8,Passed,,,
FA2017,FA2017-class 9,25,1905FCDJE,6.6,7.8,6,6.5,5.8,6.4,Passed,,,
FA2017,FA2017-class 9,26,1905FCDFH,6.3,3.9,1,4.5,5.7,4.3,Not Passed,,,
FA2017,FA2017-class 9,27,1905FBIEA,8.8,7.3,4,5,5.5,5.7,Passed,,,
FA2017,FA2017-class 9,28,1905FCJDA,4.6,7.5,9,6.5,6.3,6.9,Passed,,,
FA2017,FA2017-class 10,1,1905FBHJE,5.8,8.2,7.3,8,7.8,7.6,Passed,,,
FA2017,FA2017-class 10,2,1905FCBDF,7.3,8.4,8.2,6,5.5,6.8,Passed,,,
FA2017,FA2017-class 10,3,1905FCBDB,6.3,6.8,7.3,6,6.7,6.6,Passed,,,
FA2017,FA2017-class 10,4,1905FCACI,6.8,8.3,7.4,7,4.2,6.4,Passed,,,
FA2017,FA2017-class 10,5,1905FAGCE,7.5,7,7.6,7.5,5.3,6.8,Passed,,,
FA2017,FA2017-class 10,6,1905FAIII,6.7,5.8,6.9,7,4.2,5.9,Passed,,,
FA2017,FA2017-class 10,7,1905FAIIA,7.6,8.4,7.1,8,5.7,7.2,Passed,,,
FA2017,FA2017-class 10,8,1905FCBGI,6.2,8.6,8.2,5,6.5,6.8,Passed,,,
FA2017,FA2017-class 10,9,1905FCACC,5,9.2,7.4,8.5,6.7,7.5,Passed,,,
FA2017,FA2017-class 10,10,1905FBIHC,4.8,8.3,7.4,6,6.5,6.7,Passed,,,
FA2017,FA2017-class 10,11,1905FCADJ,6.1,8.7,8.5,8,6.2,7.5,Passed,,,
FA2017,FA2017-class 10,12,1905FBICI,6.3,6.2,6.9,3,5.3,5.3,Passed,,,
FA2017,FA2017-class 10,13,1905FBHCA,5.7,9,7.3,8.5,6,7.3,Passed,,,
FA2017,FA2017-class 10,14,1905FCDCD,6.3,8.7,8.5,9,5.7,7.6,Passed,,,
FA2017,FA2017-class 10,15,1905FAHCA,7.5,6.2,6.4,4,5.3,5.6,Passed,,,
FA2017,FA2017-class 10,16,1905FBGHD,5.6,9.2,6.6,8,6,7.1,Passed,,,
FA2017,FA2017-class 10,17,1905FCAJF,7.2,8.7,8.5,7,7.7,7.8,Passed,,,
FA2017,FA2017-class 10,18,1905FCDDE,5.4,9.4,8.5,8,6.5,7.6,Passed,,,
FA2017,FA2017-class 10,19,1905FCAAB,5.6,8.8,6.6,8,7.8,7.5,Passed,,,
FA2017,FA2017-class 10,20,1905FCJHI,5.2,7.7,6.2,6,5,5.9,Passed,,,
FA2017,FA2017-class 10,21,1905FCDCF,6.2,9.5,8.7,7.5,8.7,8.3,Passed,,,
FA2017,FA2017-class 10,22,1905FCCDI,6.8,9,8.1,6.5,5.2,6.8,Passed,,,
FA2017,FA2017-class 10,23,1905FCCIJ,6.4,7,8.1,6.5,6.8,7,Passed,,,
FA2017,FA2017-class 10,24,1905FBADJ,8.5,8,6.1,9,6.8,7.6,Passed,,,
FA2017,FA2017-class 10,25,1905FBJEB,0,3,0,0,0,0.5,Not Passed,,,
FA2018,FA2018-class 1,1,1905ACJFDI,,8.4,9,8,5.1,7.1,Passed,4.6,,
FA2018,FA2018-class 1,2,1905FBBII,,6.9,5,4.5,4.4,5.1,Passed,5.7,,
FA2018,FA2018-class 1,3,1905ACJJDC,,6.4,9,8,6.8,7.4,Passed,6,,
FA2018,FA2018-class 1,4,1905FCECI,,5.6,1,1,0,1.8,Not Passed,5.2,,
FA2018,FA2018-class 1,5,1905FCABD,,6.9,8.5,8,5.2,7,Passed,7.4,,
FA2018,FA2018-class 1,6,1905FBFDJ,,0,0,0,0,0,Not Passed,0,,
FA2018,FA2018-class 1,7,1905FBDFD,,5.5,3,3,0,2.7,Not Passed,4.8,,
FA2018,FA2018-class 1,8,1905ACJBBJ,,6.8,0,0,0,1.7,Not Passed,6.8,,
FA2018,FA2018-class 1,9,1905FCJGB,,4,0,0,0,1.2,Not Passed,5.8,,
FA2018,FA2018-class 1,10,1905FBIAG,,7.8,8,5.5,5.9,6.4,Passed,5,,
FA2018,FA2018-class 1,11,1905FCABE,,1.4,0,2,0,1.2,Not Passed,4.5,,
FA2018,FA2018-class 1,12,1905FCAHH,,7.2,7,6,4.5,5.9,Passed,5.4,,
FA2018,FA2018-class 1,13,1905ACJEAG,,0,0,0,0,0,Not Passed,0,,
FA2018,FA2018-class 1,14,1905FBFEB,,5.9,2,3,0,2.6,Not Passed,5.5,,
FA2018,FA2018-class 1,15,1905FCJFI,,5.2,7,8,3.7,6,Not Passed,6.8,,
FA2018,FA2018-class 1,16,1905ACJAJJ,,9.2,7,10,6.6,8,Passed,7.2,,
FA2018,FA2018-class 1,17,1905FAIAG,,0,0,0,0,0,Not Passed,0,,
FA2018,FA2018-class 1,18,1905ACJGFB,,8.2,8,8.5,5.4,7.2,Passed,6.5,,
FA2018,FA2018-class 1,19,1905ACJCBD,,8.9,9,6.5,4.9,6.8,Passed,5.3,,
FA2018,FA2018-class 1,20,1905ACJBBA,,8.4,8.5,8,5.5,7.2,Passed,6,,
FA2018,FA2018-class 1,21,1905FBJEB,,3.1,0,0,0,0.5,Not Passed,0,,
FA2018,FA2018-class 1,22,1905FBIGH,,4.3,7.5,8,5.3,6.2,Passed,4.3,,
FA2018,FA2018-class 1,23,1905FBCDD,,4.4,0,0,0,0.7,Not Passed,0,,
FA2018,FA2018-class 2,1,1905ACJDDF,,6.5,6.5,3,6.1,5.2,Passed,3.9,,
FA2018,FA2018-class 2,2,1905FCAJI,,7,7,8.5,6.4,7,Passed,5,,
FA2018,FA2018-class 2,3,1905ACJFIJ,,6.2,7,6,5.8,6.3,Passed,7,,
FA2018,FA2018-class 2,4,1905ACJECA,,8.5,9,8.5,5.3,7.4,Passed,6.3,,
FA2018,FA2018-class 2,5,1905FBHFA,,5.6,0,0,0,1.1,Not Passed,2.8,,
FA2018,FA2018-class 2,6,1905FBFGD,,5.8,5,4,6,5.1,Passed,4.3,,
FA2018,FA2018-class 2,7,1905FCDBG,,4.2,0,0,0,1.3,Not Passed,6.2,,
FA2018,FA2018-class 2,8,1905ACJAFC,,7.3,7,7,8.7,7.7,Passed,8.5,,
FA2018,FA2018-class 2,9,1905ACJDBE,,7.7,6,2.5,4.9,5,Passed,5.8,,
FA2018,FA2018-class 2,10,1905FBDFD,,4,0,0,0,0.7,Not Passed,1,,
FA2018,FA2018-class 2,11,1905ACJJGD,,8.5,7.5,3,4.2,5.3,Passed,4.8,,
FA2018,FA2018-class 2,12,1905ACJAIF,,5.6,6.5,2,2.3,3.8,Not Passed,4.5,,
FA2018,FA2018-class 2,13,1905ACJCGE,,6.2,6.5,2,0,3.2,Not Passed,5.1,,
FA2018,FA2018-class 2,14,1905ACJADI,,7.3,7,6.5,5.9,6.6,Passed,6.8,,
FA2018,FA2018-class 2,15,1905ACJJIJ,,5.6,6.5,5.5,5.4,5.7,Passed,5.4,,
FA2018,FA2018-class 2,16,1905FCJCF,,6,3,5,0,3.3,Not Passed,5.3,,
FA2018,FA2018-class 2,17,1905ACJDFD,,5.2,0,0,0,1.1,Not Passed,3,,
FA2018,FA2018-class 2,18,1905ACJDEH,,5.2,4,1.5,0,2.5,Not Passed,5.1,,
FA2018,FA2018-class 2,19,1905JDBEG,,5,7,3.5,4.9,5,Passed,5.1,,
FA2018,FA2018-class 2,20,1905FCAHD,,8.4,7.5,5,5.8,6.3,Passed,5.6,,
FA2018,FA2018-class 2,21,1905ACJEDA,,8.4,9,8,7.4,7.9,Passed,6.5,,
FA2018,FA2018-class 2,22,1905FCBFE,,5.2,0,2.5,0,1.6,Not Passed,1.9,,
FA2018,FA2018-class 2,23,1905ACJGFA,,8.4,9,5.5,7.1,7,Passed,4.8,,
FA2018,FA2018-class 2,24,1905FCEBA,,0,0,0,0,0,Not Passed,0,,
FA2018,FA2018-class 2,25,1905ACJJAH,,5.9,6.5,6.5,5.5,6,Passed,5.7,,
FA2018,FA2018-class 2,26,1905ACJCGA,,6.8,6,2.5,5.7,5.2,Passed,6.3,,
FA2018,FA2018-class 2,27,1905ACJJCI,,6.6,7.5,4.5,5.3,5.7,Passed,4.8,,
FA2018,FA2018-class 2,28,1905ACJCGB,,6.8,6,5,4.6,5.4,Passed,5.4,,
FA2018,FA2018-class 2,29,1905FBJEB,,6.6,0,1,0,1.5,Not Passed,2.5,,
FA2018,FA2018-class 2,30,1905ACJECD,,8.6,7.5,8.5,5.1,7,Passed,5.9,,
FA2018,FA2018-class 3,1,1905FBCIH,,0,0,0,0,0,Not Passed,0,,
FA2018,FA2018-class 3,2,1905FBFCD,,0,0,0,0,0,Not Passed,0,,
FA2018,FA2018-class 3,3,1905ACJDHJ,,0,0,0,0,0,Not Passed,0,,
FA2018,FA2018-class 3,4,1905ACJCAI,,5.2,7,7,3.7,5.6,Not Passed,5.9,,
FA2018,FA2018-class 3,5,1905ACJAGD,,5,7.5,7,5,6.1,Passed,5.9,,
FA2018,FA2018-class 3,6,1905ACJACA,,7.3,7,7,4.6,6.1,Passed,4.8,,
FA2018,FA2018-class 3,7,1905FCCCF,,4.8,6.5,0,0,2.4,Not Passed,3.9,,
FA2018,FA2018-class 3,8,1905ACJBDA,,7.3,7,5.5,4.7,5.9,Passed,6.2,,
FA2018,FA2018-class 3,9,1905FCBEH,,3.4,0,0,0,1,Not Passed,5.2,,
FA2018,FA2018-class 3,10,1905ACJBFB,,7.3,8,7,5.8,6.7,Passed,5.1,,
FA2018,FA2018-class 3,11,1905ACJFCC,,6.8,7.5,10,5.5,7,Passed,3.5,,
FA2018,FA2018-class 3,12,1905FCDDI,,6,6.5,3,3.8,4.6,Not Passed,5,,
FA2018,FA2018-class 3,13,1905FBEGH,,1,0,0,0,0.2,Not Passed,0,,
FA2018,FA2018-class 3,14,1905ACJBJJ,,3.4,0,0,0,0.8,Not Passed,2.8,,
FA2018,FA2018-class 3,15,1905ACJBED,,7.3,6,5,4.3,5.5,Passed,6.4,,
FA2018,FA2018-class 3,16,1905ACJCIA,,5,7,7,5.1,5.9,Passed,4.9,,
FA2018,FA2018-class 3,17,1905FCBGH,,2,0,0,0,0.6,Not Passed,2.5,,
FA2018,FA2018-class 3,18,1905ACJDED,,5.6,7.5,7,5.2,6.2,Passed,5.2,,
FA2018,FA2018-class 3,19,1905ADJJJE,,5.7,8,10,6.2,7.4,Passed,6,,
FA2018,FA2018-class 3,20,1905ACJJEJ,,2.6,6,4,3.3,4.1,Not Passed,5,,
FA2018,FA2018-class 3,21,1905FAIDF,,0,0,0,0,0,Not Passed,0,,
FA2018,FA2018-class 3,22,1905ACJAJB,,8.4,8,7,6,6.9,Passed,5.3,,
FA2018,FA2018-class 3,23,1905ACJEAD,,8.4,7,5.5,5.4,6.3,Passed,6.2,,
FA2018,FA2018-class 3,24,1905ACJJAB,,7.3,6.5,7,4.2,6,Passed,5.8,,
FA2018,FA2018-class 4,1,1905FCCAE,,3,4,0,0,1.5,Not Passed,2.3,,
FA2018,FA2018-class 4,2,1905ACJGBD,,8.5,7,7.5,5.9,6.7,Passed,3.8,,
FA2018,FA2018-class 4,3,1905ACJAFJ,,9,7.9,9,7.5,8.2,Passed,7.6,,
FA2018,FA2018-class 4,4,1905ACJJEC,,8.4,5.3,6,4.6,5.9,Passed,6.8,,
FA2018,FA2018-class 4,5,1905FCCAG,,8.8,4.5,6,3,5.4,Not Passed,7.5,,
FA2018,FA2018-class 4,6,1905FCCHJ,,8.4,6.8,7,4.3,6.4,Passed,7.2,,
FA2018,FA2018-class 4,7,1905ACJAHD,,8.9,6.1,9,6.2,7.3,Passed,5.9,,
FA2018,FA2018-class 4,8,1905FCCHD,,6.8,7.9,7.5,4.7,6.5,Passed,6,,
FA2018,FA2018-class 4,9,1905ACJJHG,,9,7,5.8,4.9,6.4,Passed,7.5,,
FA2018,FA2018-class 4,10,1905ACJJDE,,8.8,7.9,8.3,6.7,7.7,Passed,6.9,,
FA2018,FA2018-class 4,11,1905ACJJCG,,8.3,7,8,4.4,6.7,Passed,7.8,,
FA2018,FA2018-class 4,12,1905ACJFJE,,7.8,5.6,5.5,4.9,5.7,Passed,5.4,,
FA2018,FA2018-class 4,13,1905ACJJAG,,9.1,6.1,8.5,5.5,7,Passed,6,,
FA2018,FA2018-class 4,14,1905ACJJCC,,8.2,7.9,6.5,5.8,6.7,Passed,4.8,,
FA2018,FA2018-class 4,15,1905ACJFGF,,9,7,6.5,5.5,6.8,Passed,7.5,,
FA2018,FA2018-class 4,16,1905ACJBCJ,,8.7,9,6,6.2,6.8,Passed,3.2,,
FA2018,FA2018-class 4,17,1905ACJJBE,,9,9,9,5.3,7.7,Passed,7.3,,
FA2018,FA2018-class 4,18,1905ACJJFC,,8.4,6.1,7.5,5.3,6.6,Passed,6.9,,
FA2018,FA2018-class 4,19,1905ACJJHC,,8.8,7,7.5,8.1,7.7,Passed,7.1,,
FA2018,FA2018-class 4,20,1905ACJGDB,,4.7,4,3.5,6.7,5,Passed,6,,
FA2018,FA2018-class 4,21,1905ACJJGC,,9,7.9,9,7.7,8.2,Passed,7,,
FA2018,FA2018-class 4,22,1905FBBBD,,6,9,6,4.5,6,Passed,4.7,,
FA2018,FA2018-class 4,23,1905ACJABJ,,8.5,8,9,7.5,8.2,Passed,7.8,,
FA2018,FA2018-class 4,24,1905ACJJID,,9.2,7,8,7.6,7.7,Passed,6.1,,
FA2018,FA2018-class 4,25,1905FCBDH,,7.5,7,7,5.3,6.7,Passed,7.9,,
FA2018,FA2018-class 5,1,1905ACJFIE,,6,3,5.5,5.3,4.9,Not Passed,4.8,,
FA2018,FA2018-class 5,2,1905ACJJBG,,2.5,0,0,0,0.4,Not Passed,0,,
FA2018,FA2018-class 5,3,1905ACJJGB,,7.6,7.5,8,7.2,7.3,Passed,5.3,,
FA2018,FA2018-class 5,4,1905ACJFBA,,6.3,7.5,4,4.7,5.4,Passed,5.9,,
FA2018,FA2018-class 5,5,1905ACJGFC,,7.2,8,9,4.5,6.6,Passed,3.2,,
FA2018,FA2018-class 5,6,1905ACJACE,,7,7.5,10,7.9,8.1,Passed,6.3,,
FA2018,FA2018-class 5,7,1905ACJCDC,,5.5,4,6,5.4,5.2,Passed,4.1,,
FA2018,FA2018-class 5,8,1905ACJGGJ,,6.5,5.5,4,5,5.1,Passed,5.3,,
FA2018,FA2018-class 5,9,1905FCBAA,,3.4,3,3,3.5,3.4,Not Passed,4.8,,
FA2018,FA2018-class 5,10,1905FBJJA,,5.6,5,2.5,2.7,3.8,Not Passed,5.6,,
FA2018,FA2018-class 5,11,1905FBBBA,,3.7,6.5,7,5.5,5.7,Passed,4.8,,
FA2018,FA2018-class 5,12,1905ACJJFI,,7.4,6.5,9,6.7,7.3,Passed,5.8,,
FA2018,FA2018-class 5,13,1905ACJJBH,,5.9,6.5,6.5,6.2,6.3,Passed,6,,
FA2018,FA2018-class 5,14,1905ACJJFG,,6.6,4,6,5.4,5.4,Passed,4.7,,
FA2018,FA2018-class 5,15,1905ACJABB,,6.9,6.5,5.5,6.7,6.3,Passed,5.5,,
FA2018,FA2018-class 5,16,1905ACJJDI,,8.7,7,9,5.1,7,Passed,5.4,,
FA2018,FA2018-class 5,17,1905FBFEJ,,2.4,4,5.5,4,4.4,Not Passed,6.8,,
FA2018,FA2018-class 5,18,1905ACJEHH,,6.5,5.5,5.5,6.1,5.8,Passed,5.5,,
FA2018,FA2018-class 5,19,1905FCBHH,,0,0,0,0,0,Not Passed,0,,
FA2018,FA2018-class 5,20,1905ACJCEJ,,3.6,0,1.5,0,1.3,Not Passed,3.9,,
FA2018,FA2018-class 5,21,1905ACJGFB,,4.5,0,0,0,0.9,Not Passed,1.8,,
FA2018,FA2018-class 5,22,1905ACJABF,,6.2,3,6,5,5,Passed,4.9,,
FA2018,FA2018-class 5,23,1905ACJFIC,,0,0,0,0,0.2,Not Passed,2,,
FA2018,FA2018-class 5,24,1905ACJJEG,,6.4,4,6,6,5.6,Passed,5.2,,
FA2018,FA2018-class 5,25,1905ACJJDA,,6.2,3.5,6.5,4.8,5.2,Passed,5.3,,
FA2018,FA2018-class 5,26,1905ACJFBF,,6.3,4,6,4.1,5,Passed,5.2,,
FA2018,FA2018-class 5,27,1905ACJABA,,0,0,0,0,0,Not Passed,0,,
FA2018,FA2018-class 5,28,1905FCCJI,,0,0,0,0,0,Not Passed,0,,
FA2018,FA2018-class 5,29,1905ACJJDJ,,9,7.5,9,7.5,8,Passed,6.4,,
FA2018,FA2018-class 6,1,1905FBHHE,,3.6,0,0,0,0.5,Not Passed,0,,
FA2018,FA2018-class 6,2,1905ACJCFE,,6.4,6.5,4.5,5.6,5.6,Passed,5.3,,
FA2018,FA2018-class 6,3,1905ACJBBB,,3.7,0,0,0,0.9,Not Passed,3.5,,
FA2018,FA2018-class 6,4,1905ACJCFG,,5.9,7,5,4.4,5.5,Passed,6.3,,
FA2018,FA2018-class 6,5,1905ACJCAH,,7.6,7.5,8,7.3,7.5,Passed,6.2,,
FA2018,FA2018-class 6,6,1905ACJBEF,,7,7,9,5.4,7,Passed,6.3,,
FA2018,FA2018-class 6,7,1905ACJBGA,,6.6,8,4.5,6.8,6.4,Passed,6.1,,
FA2018,FA2018-class 6,8,1905FBDFH,,0,0,0,0,0,Not Passed,0,,
FA2018,FA2018-class 6,9,1905ACJADF,,6.8,7,4,5.5,5.5,Passed,4.2,,
FA2018,FA2018-class 6,10,1905ACJCJE,,7.1,5,4,5.3,5.2,Passed,5.3,,
FA2018,FA2018-class 6,11,1905ACJCCB,,8,8,8,8.4,7.8,Passed,4.4,,
FA2018,FA2018-class 6,12,1905ACJCDE,,6.4,5,4.5,5.2,5.2,Passed,5.3,,
FA2018,FA2018-class 6,13,1905FCCAC,,1.5,0,0,0,0.2,Not Passed,0,,
FA2018,FA2018-class 6,14,1905ACJEFH,,0,0,0,0,0,Not Passed,0,,
FA2018,FA2018-class 6,15,1905ACJAIA,,3.6,7,4.5,5.8,5.4,Passed,5.7,,
FA2018,FA2018-class 6,16,1905ACJBBF,,7.5,8,8.5,6.9,7.5,Passed,6.2,,
FA2018,FA2018-class 6,17,1905ACJBIA,,6.5,6,9,6.1,6.8,Passed,5.7,,
FA2018,FA2018-class 6,18,1905ACJAFF,,6.8,5,4,5.7,5.1,Passed,3.8,,
FA2018,FA2018-class 6,19,1905ACJCFB,,5.9,7,5,5.5,5.6,Passed,4.3,,
FA2018,FA2018-class 6,20,1905FCJFI,,0,0,0,0,0,Not Passed,0,,
FA2018,FA2018-class 6,21,1905ACJAHI,,6.6,5,2.5,4.3,4.4,Not Passed,5.1,,
FA2018,FA2018-class 6,22,1905ACJAFB,,7.4,8,6.5,6.3,6.8,Passed,5.8,,
FA2018,FA2018-class 6,23,1905FBDFI,,0,0,0,0,0,Not Passed,0,,
FA2018,FA2018-class 6,24,1905ACJACI,,8.6,10,8,7.6,8.2,Passed,5.9,,
FA2018,FA2018-class 6,25,1905ACJCFA,,6.7,8.5,7,5.2,6.5,Passed,5,,
FA2018,FA2018-class 6,26,1905ACJCCE,,6.2,6,5,5.1,5.4,Passed,4.8,,
FA2018,FA2018-class 6,27,1905ACJCEA,,5.6,5,4,5.7,5.1,Passed,5.8,,
FA2018,FA2018-class 6,28,1905FBJJB,,0,0,0,0,0,Not Passed,0,,
FA2018,FA2018-class 6,29,1905ACJAEB,,7.6,7,7.5,5.2,6.6,Passed,5.8,,
FA2018,FA2018-class 7,1,1905ACJFEB,,5.4,2.5,5,0,2.8,Not Passed,2.1,,
FA2018,FA2018-class 7,2,1905ACJEEC,,8.5,9,10,8.6,8.8,Passed,6.2,,
FA2018,FA2018-class 7,3,1905ACJFBI,,7.8,7,6.5,5.3,6.3,Passed,5.2,,
FA2018,FA2018-class 7,4,1905ACJFAA,,9,5.3,9.5,7,7.6,Passed,7.3,,
FA2018,FA2018-class 7,5,1905ACJEEA,,8.2,7.9,6.5,7,7.2,Passed,6.8,,
FA2018,FA2018-class 7,6,1905ACJCIH,,8.3,8.3,7.5,5.9,7.1,Passed,5.2,,
FA2018,FA2018-class 7,7,1905ACJDCD,,4.9,7,6.5,4.5,5.6,Passed,4.9,,
FA2018,FA2018-class 7,8,1905ACJFDF,,6.8,3.8,6.5,4.9,5.3,Passed,4.1,,
FA2018,FA2018-class 7,9,1905ACJDHF,,8.5,4.7,8.5,7.3,7.1,Passed,5.9,,
FA2018,FA2018-class 7,10,1905ACJDEB,,7.3,7,7.5,5.3,6.6,Passed,6.4,,
FA2018,FA2018-class 7,11,1905ACJDGG,,7.2,4.7,8,5,6.1,Passed,6,,
FA2018,FA2018-class 7,12,1905ACJDIC,,8.2,6.6,9,5.7,6.9,Passed,3.8,,
FA2018,FA2018-class 7,13,1905ACJCIB,,8,7,6,6,6.4,Passed,5.2,,
FA2018,FA2018-class 7,14,1905ACJEDH,,4.8,0,0,0,1,Not Passed,3.1,,
FA2018,FA2018-class 7,15,1905ACJDEJ,,2.5,7,3,0,2.8,Not Passed,3,,
FA2018,FA2018-class 7,16,1905ACJCHF,,7.9,7,6,5.2,6.1,Passed,4.4,,
FA2018,FA2018-class 7,17,1905FBIAG,,0,0,0,0,0,Not Passed,0,,
FA2018,FA2018-class 7,18,1905ACJGJB,,9.4,8,9,8.6,8.5,Passed,7,,
FA2018,FA2018-class 7,19,1905ACJGJF,,9.2,8,6,7,7.3,Passed,7,,
FA2018,FA2018-class 7,20,1905ACJDCF,,6.3,5,2.5,0,2.9,Not Passed,3.4,,
FA2018,FA2018-class 7,21,1905ACJCGG,,8.5,7,7.8,7,7.4,Passed,6.3,,
FA2018,FA2018-class 7,22,1905ACJEJJ,,3.4,0,0,0,0.8,Not Passed,2.7,,
FA2018,FA2018-class 7,23,1905ACJCGH,,7.8,9.5,7.5,5.3,7.1,Passed,6.1,,
FA2018,FA2018-class 7,24,1905FCBJE,,7.4,7,7.5,7.3,7.2,Passed,6.3,,
FA2018,FA2018-class 7,25,1905ACJEDJ,,8.3,7.1,5.8,5.5,6.2,Passed,3.9,,
FA2018,FA2018-class 7,26,1905ACJDJA,,7.1,7,6.3,5.1,6.1,Passed,5.5,,
FA2018,FA2018-class 7,27,1905ACJFDD,,7.2,3.8,6.3,5.7,5.7,Passed,5.6,,
FA2018,FA2018-class 7,28,1905ACJFJJ,,8.2,4.4,6.5,5.5,5.9,Passed,5.1,,
FA2018,FA2018-class 7,29,1905ACJFIG,,9,8,10,7.7,8.4,Passed,6.2,,
FA2018,FA2018-class 8,1,1905FCDAG,,4.5,0,0,0,0.7,Not Passed,0,,
FA2018,FA2018-class 8,2,1905ACJGAD,,8.4,4,8,6.5,6.6,Passed,6,,
FA2018,FA2018-class 8,3,1905ACJJHH,,8.5,9.5,8,7.6,8.2,Passed,7.3,,
FA2018,FA2018-class 8,4,1905ACJJJE,,7,1,4.5,4.3,3.9,Not Passed,2.5,,
FA2018,FA2018-class 8,5,1905ACJJHF,,8.2,6.5,6,7.5,6.9,Passed,6.5,,
FA2018,FA2018-class 8,6,1905ACJJIF,,6.4,6.5,4,4.9,5.3,Passed,5.3,,
FA2018,FA2018-class 8,7,1905ACJGEF,,7.9,4,5,6.7,5.7,Passed,4.8,,
FA2018,FA2018-class 8,8,1905ACJJBB,,7.1,5,4,6.9,5.7,Passed,5.8,,
FA2018,FA2018-class 8,9,1905FBHFI,,7,5,6,7.5,6.4,Passed,5.8,,
FA2018,FA2018-class 8,10,1905ACJGBI,,7,4,4,4.7,4.8,Not Passed,5,,
FA2018,FA2018-class 8,11,1905ACJCGJ,,5.6,8,4,7.3,6.1,Passed,4.5,,
FA2018,FA2018-class 8,12,1905ACJAAI,,6.4,5,6,5.1,5.4,Passed,4,,
FA2018,FA2018-class 8,13,1905ACJGAJ,,7.8,5.5,4.5,0,3.8,Not Passed,4.3,,
FA2018,FA2018-class 8,14,1905FBCCG,,0,0,0,0,0,Not Passed,0,,
FA2018,FA2018-class 8,15,1905ACJABD,,7.2,6.5,4.5,6.3,6,Passed,5.8,,
FA2018,FA2018-class 8,16,1905ACJDGH,,7.8,6,5.5,6.9,6.5,Passed,6.8,,
FA2018,FA2018-class 8,17,1905FCDAI,,5.3,7,8,6,6.5,Passed,4.8,,
FA2018,FA2018-class 8,18,1905ACJGAB,,7.3,9.5,6,6.9,7.1,Passed,5.8,,
FA2018,FA2018-class 8,19,1905ACJCIG,,7.3,2,5,4.5,4.5,Not Passed,4.3,,
FA2018,FA2018-class 8,20,1905ACJGJG,,7.1,5,5,5.8,5.7,Passed,6,,
FA2018,FA2018-class 8,21,1905FBGED,,6.4,4.5,5,2.5,4.5,Not Passed,6,,
FA2018,FA2018-class 8,22,1905ACJGEG,,7.9,6.5,5,6.6,6.2,Passed,5,,
FA2018,FA2018-class 8,23,1905ACJJHD,,8.8,7,9,7.7,7.8,Passed,5.3,,
FA2018,FA2018-class 8,24,1905ACJGDC,,7.5,6.5,6,7.1,6.7,Passed,6,,
FA2018,FA2018-class 8,25,1905FAHGI,,6.4,4,5,4.2,4.7,Not Passed,4.3,,
FA2018,FA2018-class 8,26,1905ACJGDE,,5.4,6,6,5.3,5.7,Passed,5.8,,
FA2018,FA2018-class 8,27,1905FBGDH,,0,0,0,0,0,Not Passed,0,,
FA2018,FA2018-class 8,28,1905ACJDFB,,7.6,8,6,6.4,6.7,Passed,5,,
FA2018,FA2018-class 9,1,1905ACJDAI,,8.1,4.4,6,2.3,4.8,Not Passed,5.5,,
FA2018,FA2018-class 9,2,1905ACJBGE,,9,8,5.5,4.3,6.2,Passed,5.9,,
FA2018,FA2018-class 9,3,1905ACJBGB,,9.2,6.1,8,6,7,Passed,6.2,,
FA2018,FA2018-class 9,4,1905ACJAFA,,8.5,6.1,7,5.3,6.3,Passed,4.7,,
FA2018,FA2018-class 9,5,1905ACJCCA,,7.5,7.9,8,6.9,7.4,Passed,5.8,,
FA2018,FA2018-class 9,6,1905ACJBII,,8.1,4.4,8,6.2,6.6,Passed,6.4,,
FA2018,FA2018-class 9,7,1905ACJCDA,,8.6,7.9,7.5,5.3,7,Passed,6.7,,
FA2018,FA2018-class 9,8,1905ACJBIC,,9,6.1,7,5.6,6.7,Passed,6.7,,
FA2018,FA2018-class 9,9,1905ACJBHG,,9.2,5.3,9,6.4,7.2,Passed,5.9,,
FA2018,FA2018-class 9,10,1905ACJAEE,,3.9,0,0,0,0.8,Not Passed,2,,
FA2018,FA2018-class 9,11,1905ACJCCF,,9.2,9,9,7,8.2,Passed,6.5,,
FA2018,FA2018-class 9,12,1905ACJBIF,,8.2,9,7.5,5.8,7.2,Passed,5.8,,
FA2018,FA2018-class 9,13,1905ACJAFE,,9.2,9,10,7.1,8.4,Passed,6.1,,
FA2018,FA2018-class 9,14,1905ACJJHJ,,7.9,7,5.3,4.9,5.9,Passed,5.6,,
FA2018,FA2018-class 9,15,1905ACJADA,,9.2,9,9,7.8,8.6,Passed,8.2,,
FA2018,FA2018-class 9,16,1905ACJBDC,,8,7,7,3.8,5.7,Not Passed,2,,
FA2018,FA2018-class 9,17,1905ACJBEG,,9.2,7,8,6.6,7.4,Passed,6,,
FA2018,FA2018-class 9,18,1905FBHIC,,7.9,5.3,7,4.5,5.9,Passed,5.9,,
FA2018,FA2018-class 9,19,1905ACJCAE,,0,0,0,0,0.2,Not Passed,1.8,,
FA2018,FA2018-class 9,20,1905ACJEHC,,9.1,5.3,8.3,6.9,7.2,Passed,6.3,,
FA2018,FA2018-class 9,21,1905ACJBIG,,8.1,7,3.8,4.9,5.5,Passed,4.5,,
FA2018,FA2018-class 9,22,1905ACJCBF,,8.3,7,5,5,6.1,Passed,6.8,,
FA2018,FA2018-class 9,23,1905ACJCAB,,8.7,4.4,5.5,5.8,5.9,Passed,6.4,,
FA2018,FA2018-class 9,24,1905ACJBFH,,8.5,8,7,6.5,7.1,Passed,5.2,,
FA2018,FA2018-class 9,25,1905ACJAHH,,7.7,5.3,3,3,4.4,Not Passed,5.2,,
FA2018,FA2018-class 9,26,1905ACJCFI,,8.4,8,9.8,5.8,7.6,Passed,5.4,,
FA2018,FA2018-class 9,27,1905ACJBGH,,9.2,6.1,8.5,7.3,7.6,Passed,6.5,,
FA2018,FA2018-class 9,28,1905ACJBFJ,,7.7,5.3,5,5.6,5.6,Passed,4.3,,
FA2018,FA2018-class 9,29,1905ACJCDD,,9.1,7,9,4.5,7,Passed,5.9,,
FA2018,FA2018-class 9,30,1905ACJBGG,,9.1,5.3,6.5,6.5,6.7,Passed,6.9,,
FA2018,FA2018-class 10,1,1905FCJII,,0,0,2,0,0.5,Not Passed,0,,
FA2018,FA2018-class 10,2,1905ACJACF,,8.6,9,9,8.4,8.6,Passed,6.9,,
FA2018,FA2018-class 10,3,1905ACJFJD,,9,9,9,6.1,7.9,Passed,6.4,,
FA2018,FA2018-class 10,4,1905ACJDIJ,,5.7,6,6,5.1,5.5,Passed,4.5,,
FA2018,FA2018-class 10,5,1905ACJFJA,,7.6,6,7,6.5,6.5,Passed,4.5,,
FA2018,FA2018-class 10,6,1905ACJEIJ,,5.6,0,0,6.2,3.3,Not Passed,5.5,,
FA2018,FA2018-class 10,7,1905ACJEED,,2.2,0,0,0,0.8,Not Passed,4.3,,
FA2018,FA2018-class 10,8,1905FCBBI,,5.6,0,0,0,0.8,Not Passed,0,,
FA2018,FA2018-class 10,9,1905FAGIF,,6.8,2,1.5,0,2.3,Not Passed,4.8,,
FA2018,FA2018-class 10,10,1905ACJDHA,,5.4,6,7,6.9,6.5,Passed,6.5,,
FA2018,FA2018-class 10,11,1905ACJCHJ,,5.3,5,4,5.8,5,Passed,4.8,,
FA2018,FA2018-class 10,12,1905ACJEBG,,5.2,5,6.5,4.8,5.2,Passed,3.9,,
FA2018,FA2018-class 10,13,1905ACJEJI,,5.4,6,4.5,6.8,5.7,Passed,5,,
FA2018,FA2018-class 10,14,1905ACJEHE,,7.1,7.5,7.5,7,7.1,Passed,5.7,,
FA2018,FA2018-class 10,15,1905ACJEID,,8.3,9.5,8.5,7.8,8.3,Passed,6.4,,
FA2018,FA2018-class 10,16,1905ACJEFC,,8.5,9,8.5,8.2,8.2,Passed,5.5,,
FA2018,FA2018-class 10,17,1905ACJDCI,,2.5,0,0,0,0.4,Not Passed,0,,
FA2018,FA2018-class 10,18,1905ACJEAG,,5.3,0,0,0,1.2,Not Passed,4.5,,
FA2018,FA2018-class 10,19,1905FBJEJ,,7.7,3.5,4.5,5.7,5.2,Passed,5.5,,
FA2018,FA2018-class 10,20,1905ACJEGA,,8.8,9,7.5,7.4,7.9,Passed,7.2,,
FA2018,FA2018-class 10,21,1905ACJDCE,,5.8,6,6.5,6,6.1,Passed,6,,
FA2018,FA2018-class 10,22,1905ACJEAB,,6,6,6,5.9,5.9,Passed,4.8,,
FA2018,FA2018-class 10,23,1905ACJEJH,,5.8,6,5.5,5.3,5.6,Passed,5.7,,
FA2018,FA2018-class 10,24,1905FBDGD,,4.9,0,0,0,1.4,Not Passed,6.3,,
FA2018,FA2018-class 10,25,1905FCCHB,,6,5,6,5.9,5.9,Passed,7,,
FA2018,FA2018-class 10,26,1905ACJBBE,,6.5,6,7,6.3,6.3,Passed,5,,
FA2018,FA2018-class 10,27,1905ACJCJG,,5.6,5.5,4,4.9,5,Passed,5.5,,
FA2018,FA2018-class 10,28,1905ACJDDJ,,5.3,0,0,0,1.3,Not Passed,5.3,,
FA2018,FA2018-class 10,29,1905FBHEI,,0,0,0,0,0,Not Passed,0,,
FA2018,FA2018-class 11,1,1905ACJFDI,,6.2,0,0,3.9,2.1,Not Passed,0,,
FA2018,FA2018-class 11,2,1905ACJGAH,,6,6,7.5,4.8,6,Passed,5.9,,
FA2018,FA2018-class 11,3,1905ACJDGJ,,6.7,0,0,3.8,2.6,Not Passed,4.7,,
FA2018,FA2018-class 11,4,1905FCABD,,0,0,0,0,0,Not Passed,0,,
FA2018,FA2018-class 11,5,1905ACJFEH,,6.4,4,5,3.7,4.7,Not Passed,6,,
FA2018,FA2018-class 11,6,1905ACJFDB,,7.6,6,7,6.3,6.6,Passed,6.3,,
FA2018,FA2018-class 11,7,1905ACJFAF,,6.2,4,4,5.4,5,Passed,6.2,,
FA2018,FA2018-class 11,8,1905ACJECH,,7.4,6,6,6.4,6.2,Passed,4.7,,
FA2018,FA2018-class 11,9,1905ACJFAE,,7.7,6,8,9.5,7.9,Passed,6.7,,
FA2018,FA2018-class 11,10,1905ACJJJH,,8.1,6,8,5,6.3,Passed,4.2,,
FA2018,FA2018-class 11,11,1905ACJBBJ,,3.5,0,0,0,0.5,Not Passed,0,,
FA2018,FA2018-class 11,12,1905ACJFFE,,7,6,7.5,5.5,6.6,Passed,7.8,,
FA2018,FA2018-class 11,13,1905ACJGCI,,8,6.5,6.5,4.8,6.1,Passed,5.4,,
FA2018,FA2018-class 11,14,1905ACJBCB,,6.7,4,3.5,6.2,5.1,Passed,5.9,,
FA2018,FA2018-class 11,15,1905ACJJAJ,,7.5,5,9,5.5,6.6,Passed,5.5,,
FA2018,FA2018-class 11,16,1905FBGCB,,7.6,5.5,3,6.2,5.4,Passed,5.5,,
FA2018,FA2018-class 11,17,1905ACJFHI,,6.7,1,4,2.8,3.3,Not Passed,2.8,,
FA2018,FA2018-class 11,18,1905ACJFJG,,7,6,6.5,6.7,6.3,Passed,4.1,,
FA2018,FA2018-class 11,19,1905FCAFJ,,6.6,6,7,6,6.4,Passed,7,,
FA2018,FA2018-class 11,20,1905ACJAGC,,6.9,5.5,8,6.5,6.5,Passed,4.2,,
FA2018,FA2018-class 11,21,1905ACJFHF,,7.4,6,6,5.3,6.1,Passed,6.8,,
FA2018,FA2018-class 11,22,1905ACJAFI,,6.6,4,5,6,5.2,Passed,4,,
FA2018,FA2018-class 11,23,1905FCDCE,,4,0,0,0,0.6,Not Passed,0,,
FA2018,FA2018-class 11,24,1905ACJGCB,,7.6,5,5,6.2,5.9,Passed,6.4,,
FA2018,FA2018-class 11,25,1905ACJGBE,,5,4.5,5.5,5.3,5.1,Passed,5,,
FA2018,FA2018-class 11,26,1905ACJBDF,,5.8,3,6,5.1,5.1,Passed,5.8,,
FA2018,FA2018-class 11,27,1905ACJFHJ,,8.3,6,9.5,8.9,8.1,Passed,6,,
FA2018,FA2018-class 11,28,1905ACJDEC,,6.6,3,4,3.3,3.9,Not Passed,3,,
FA2018,FA2018-class 12,1,1905ACJJAA,,5.2,6,2,0,3,Not Passed,4.8,,
FA2018,FA2018-class 12,2,1905FCECI,,0,0,0,0,0,Not Passed,0,,
FA2018,FA2018-class 12,3,1905ACJEHJ,,3.4,0,0,0,0.7,Not Passed,1.5,,
FA2018,FA2018-class 12,4,1905ACJCEG,,5.2,5.5,3,3.5,4.2,Not Passed,5,,
FA2018,FA2018-class 12,5,1905ACJFGI,,5.8,1,5.5,5,4.5,Not Passed,5.5,,
FA2018,FA2018-class 12,6,1905ACJGFG,,6.2,6,3.5,6.1,5.4,Passed,5.8,,
FA2018,FA2018-class 12,7,1905ACJBEH,,7.1,5,2.5,3.2,4.2,Not Passed,5.4,,
FA2018,FA2018-class 12,8,1905ACJCEF,,4,5.5,4,3.5,4.3,Not Passed,5.8,,
FA2018,FA2018-class 12,9,1905ACJFDG,,4.4,5,4,0,3.2,Not Passed,4.9,,
FA2018,FA2018-class 12,10,1905ACJJJD,,4.2,4.5,2,0,2.5,Not Passed,4.6,,
FA2018,FA2018-class 12,11,1905ACJGCD,,6,3,6.5,6,5.4,Passed,4.4,,
FA2018,FA2018-class 12,12,1905ACJFFF,,5,1,2.5,0,2,Not Passed,4.5,,
FA2018,FA2018-class 12,13,1905ACJCBA,,4.8,4.5,4.5,4.8,4.8,Not Passed,6.1,,
FA2018,FA2018-class 12,14,1905FBGBD,,5.8,5,5,3.7,4.5,Not Passed,3,,
FA2018,FA2018-class 12,15,1905ACJDEF,,5.4,0,2.5,0,1.7,Not Passed,2.5,,
FA2018,FA2018-class 12,16,1905ACJCBB,,5.6,4.5,6,5,5.3,Passed,5.3,,
FA2018,FA2018-class 12,17,1905ACJCHC,,3.8,0,1.5,0,1.3,Not Passed,3.2,,
FA2018,FA2018-class 12,18,1905ACJCCC,,4,5.5,2.5,0,2.4,Not Passed,1,,
FA2018,FA2018-class 12,19,1905ACJBJC,,5.4,3,4,1,3.4,Not Passed,7.2,,
FA2018,FA2018-class 12,20,1905ACJFHG,,5.4,0,2,0,1.6,Not Passed,2.5,,
FA2018,FA2018-class 12,21,1905ACJDDG,,5.2,0,2,0,1.6,Not Passed,3.2,,
FA2019,FA2019-class 1,1,1905ADJFIH,,8.8,9,7.5,7.3,7.9,Passed,6.9,,
FA2019,FA2019-class 1,2,1905ADJJBB,,8.6,9,9,6.5,7.9,Passed,6.3,,
FA2019,FA2019-class 1,3,1905ADJCHB,,4.4,2,5.5,4.8,4.5,Not Passed,6.5,,
FA2019,FA2019-class 1,4,1905ADJGDF,,3,0,0,0,0.5,Not Passed,0,,
FA2019,FA2019-class 1,5,1905ACJCGI,,9,3,1,0,2.9,Not Passed,7.4,,
FA2019,FA2019-class 1,6,1905ADJJBG,,8.8,9,9.5,5.3,7.7,Passed,5.9,,
FA2019,FA2019-class 1,7,1905ADJBBI,,8.3,8,8.5,5,7.2,Passed,7.3,,
FA2019,FA2019-class 1,8,1905ADJJBH,,7.2,10,10,6.3,8.3,Passed,7.9,,
FA2019,FA2019-class 1,9,1905ACJEJB,,8,9,1,4.2,5.3,Passed,7.4,,
FA2019,FA2019-class 1,10,1905ADJFGC,,7.2,4,0.5,0,2.7,Not Passed,7,,
FA2019,FA2019-class 1,11,1905ADJFAF,,8.4,7,7.5,4,6.4,Passed,6.5,,
FA2019,FA2019-class 1,12,1905ADJIFA,,8.1,8,1,5.5,5.5,Passed,8,,
FA2019,FA2019-class 1,13,1905ADJJEG,,8,8,10,4.8,7.3,Passed,6,,
FA2019,FA2019-class 1,14,1905ADJJAI,,8.2,9,10,6,7.9,Passed,5.8,,
FA2019,FA2019-class 1,15,1905ADJJFH,,7.4,8,9.5,5.2,7.4,Passed,7.1,,
FA2019,FA2019-class 1,16,1905ACJBEJ,,8.4,10,6,0,5.5,Not Passed,7.5,,
FA2019,FA2019-class 1,17,1905ADJCFB,,6.8,7.5,8.5,5.7,7.2,Passed,8,,
FA2019,FA2019-class 1,18,1905ADAJFF,,7.5,8.5,1,4.8,5.2,Passed,7,,
FA2019,FA2019-class 1,19,1905ADJDCF,,7.5,5,5,5.7,5.7,Passed,6.2,,
FA2019,FA2019-class 1,20,1905ADJJFI,,7.8,8,5,4.7,6,Passed,5.9,,
FA2019,FA2019-class 1,21,1905ACJBIB,,7.6,0,0,0,1.1,Not Passed,0,,
FA2019,FA2019-class 1,22,1905ADJJBF,,8,2,6.5,4.7,5.3,Passed,6.7,,
FA2019,FA2019-class 1,23,1905ACJDJE,,6.7,9,4,0,4.4,Not Passed,6,,
FA2019,FA2019-class 1,24,1905ACJFBJ,,6.2,5.5,5.5,5.5,5.8,Passed,7.4,,
FA2019,FA2019-class 1,25,1905ACJJFE,,8.2,9,7.5,0,5.4,Not Passed,4.6,,
FA2019,FA2019-class 1,26,1905ADJIHI,,5.8,5.5,6.5,5,5.7,Passed,6.5,,
FA2019,FA2019-class 1,27,1905ACJEDF,,7.8,6,4,3.2,5.1,Not Passed,7.5,,
FA2019,FA2019-class 1,28,1905ADJGAC,,7.7,9,8.5,5.3,7.3,Passed,6.7,,
FA2019,FA2019-class 1,29,1905ADJDIC,,4.4,0,0,0,0.7,Not Passed,0,,
FA2019,FA2019-class 2,1,1905ACJFFB,,0,0,0,0,0,Not Passed,0,,
FA2019,FA2019-class 2,2,1905ADJGCB,,6.6,4.5,1.5,5.8,4.8,Not Passed,8.2,,
FA2019,FA2019-class 2,3,1905ADJGDB,,7.1,4.5,3.5,5,5.1,Passed,7.1,,
FA2019,FA2019-class 2,4,1905ADJHCB,,7.9,8,8,6,7.2,Passed,6.3,,
FA2019,FA2019-class 2,5,1905ADJJCJ,,7.8,7,5,4.2,5.3,Passed,2.5,,
FA2019,FA2019-class 2,6,1905ADJHAH,,9,3,2,7.3,5.5,Passed,8.5,,
FA2019,FA2019-class 2,7,1905ADJHBE,,4.4,0,0,0,0.7,Not Passed,0,,
FA2019,FA2019-class 2,8,1905ADJCDE,,4,1,0,3.7,1.9,Not Passed,0,,
FA2019,FA2019-class 2,9,1905ADJFGE,,7.4,4.5,3.5,5.8,5.4,Passed,7.9,,
FA2019,FA2019-class 2,10,1905ADJDDG,,7.6,5,6,4.2,5.5,Passed,6.4,,
FA2019,FA2019-class 2,11,1905ADAAIJ,,4.8,0,0,3,1.6,Not Passed,0,,
FA2019,FA2019-class 2,12,1905ADJGFC,,1.4,0,0,0,0.2,Not Passed,0,,
FA2019,FA2019-class 2,13,1905ADJIFG,,5.6,0,2,0,1.6,Not Passed,2.5,,
FA2019,FA2019-class 2,14,1905ADJHAF,,7.4,3,2,5.7,4.7,Not Passed,7.5,,
FA2019,FA2019-class 2,15,1905ADJGEA,,2.6,0,0.5,0,0.5,Not Passed,0,,
FA2019,FA2019-class 2,16,1905ADJEBD,,0,0,0,0,0,Not Passed,0,,
FA2019,FA2019-class 2,17,1905ADJGDC,,6.6,3,3,6.5,4.9,Not Passed,6.3,,
FA2019,FA2019-class 2,18,1905ADJDDH,,3,5,1,0,2.1,Not Passed,4,,
FA2019,FA2019-class 2,19,1905ADJBDB,,3.2,0,0,0,0.5,Not Passed,0,,
FA2019,FA2019-class 2,20,1905ADJBGE,,7.8,8.5,9,7,7.9,Passed,6.9,,
FA2019,FA2019-class 2,21,1905ADJABI,,7.8,5.5,6.5,6.7,6.7,Passed,7.7,,
FA2019,FA2019-class 2,22,1905ADJFFH,,7.2,4,3,3.3,4,Not Passed,4,,
FA2019,FA2019-class 2,23,1905ADJGCG,,9,8,8.5,6.3,7.6,Passed,6.7,,
FA2019,FA2019-class 2,24,1905ADJHFH,,8.4,7,6.5,5.8,6.4,Passed,3.9,,
FA2019,FA2019-class 2,25,1905ADJEBF,,6,0,2,0,1.4,Not Passed,0,,
FA2019,FA2019-class 2,26,1905ACJDFG,,6.6,4,2,5,4.4,Not Passed,6.5,,
FA2019,FA2019-class 2,27,1905ADJDHI,,8.2,7,4.5,5,6,Passed,7.4,,
FA2019,FA2019-class 2,28,1905ADAJCB,,3.2,0,0,3,1.4,Not Passed,0,,
FA2019,FA2019-class 3,1,1905ADJBEA,,9.2,9.5,10,5.5,8,Passed,6,,
FA2019,FA2019-class 3,2,1905ADAJIJ,,0,0,0,0,0,Not Passed,0,,
FA2019,FA2019-class 3,3,1905ACJEBF,,5.4,6.5,4.5,4.3,5.3,Passed,7.3,,
FA2019,FA2019-class 3,4,1905ADJAGA,,8.1,7.5,8.5,5,6.9,Passed,5.3,,
FA2019,FA2019-class 3,5,1905ADJIIG,,8.2,9,8.5,5.5,7.4,Passed,6.4,,
FA2019,FA2019-class 3,6,1905ADJFDC,,8.6,8,8.5,5.2,7.1,Passed,5,,
FA2019,FA2019-class 3,7,1905ADJHBI,,9.3,8.5,10,7,8.4,Passed,6.8,,
FA2019,FA2019-class 3,8,1905ADJEIC,,7.3,9.5,10,4.7,7.6,Passed,7.3,,
FA2019,FA2019-class 3,9,1905ADJACC,,7.7,7,8,4.5,6.5,Passed,5.7,,
FA2019,FA2019-class 3,10,1905ADJAJH,,8.7,9.5,10,4.8,7.8,Passed,6.5,,
FA2019,FA2019-class 3,11,1905ADJHHB,,9.3,9,8.5,5.7,7.7,Passed,6.2,,
FA2019,FA2019-class 3,12,1905ADJHCJ,,9.3,9,10,5,7.6,Passed,4.3,,
FA2019,FA2019-class 3,13,1905ADJGBE,,7,6.5,8.5,4.8,6.4,Passed,5.3,,
FA2019,FA2019-class 3,14,1905ADJCIC,,9,8,7.5,6.3,7.3,Passed,6.3,,
FA2019,FA2019-class 3,15,1905ADJBFH,,8.9,9,8.5,5.3,7.5,Passed,6.5,,
FA2019,FA2019-class 3,16,1905ADAJGI,,0,0,0,0,0,Not Passed,0,,
FA2019,FA2019-class 3,17,1905ADJGFB,,6.1,5,4.5,4.7,4.9,Not Passed,4,,
FA2019,FA2019-class 3,18,1905ADJADJ,,8.5,8,8.5,5.7,7.3,Passed,6.3,,
FA2019,FA2019-class 3,19,1905ADJEII,,8.5,7.5,7.5,5.2,6.9,Passed,6.7,,
FA2019,FA2019-class 3,20,1905ACJDCH,,7.1,7,5,4.5,5.8,Passed,7,,
FA2019,FA2019-class 3,21,1905ACJBGC,,5.4,6.5,4.5,0,3.9,Not Passed,6.8,,
FA2019,FA2019-class 3,22,1905ADJHCA,,9.3,8.5,9,5.5,7.5,Passed,5.3,,
FA2019,FA2019-class 3,23,1905ADJGED,,6.2,5,3.5,3.5,4.6,Not Passed,7.8,,
FA2019,FA2019-class 3,24,1905ACJJJF,,5.9,5,3.5,3.2,4.5,Not Passed,7.3,,
FA2019,FA2019-class 3,25,1905ACJFBE,,2.6,5.5,3.5,0,2.9,Not Passed,4.9,,
FA2019,FA2019-class 3,26,1905ADJACI,,0,0,0,0,0,Not Passed,0,,
FA2019,FA2019-class 3,27,1905FCDEB,,0,0,0,0,0,Not Passed,0,,
FA2019,FA2019-class 3,28,1905ADJGDH,,6.8,5,6,4.3,5.3,Passed,4.8,,
FA2019,FA2019-class 3,29,1905ADJJGB,,8.8,9.5,8,5,7.2,Passed,4.5,,
FA2019,FA2019-class 3,30,1905ACJGDF,,4.8,6,4.5,0,3.7,Not Passed,6.5,,
FA2019,FA2019-class 4,1,1905ADJFFC,,3,0,0,0,0.5,Not Passed,0,,
FA2019,FA2019-class 4,2,1905ADJEIA,,5.5,5,6,3.7,5.1,Not Passed,6.7,,
FA2019,FA2019-class 4,3,1905ADJGJH,,6.2,0,3,0,2.1,Not Passed,4,,
FA2019,FA2019-class 4,4,1905ADJGBA,,7.4,6,5,4,5.4,Passed,6.7,,
FA2019,FA2019-class 4,5,1905ADAACB,,7.6,4,7,5,5.8,Passed,6.3,,
FA2019,FA2019-class 4,6,1905ADJFHA,,5.5,3,5,5.5,4.9,Not Passed,5.3,,
FA2019,FA2019-class 4,7,1905ADJGFJ,,2.2,0,2,0,1.3,Not Passed,5,,
FA2019,FA2019-class 4,8,1905ADJFEA,,8.6,9,10,5.8,8.2,Passed,8.9,,
FA2019,FA2019-class 4,9,1905ACJDGB,,0,0,0,0,0,Not Passed,0,,
FA2019,FA2019-class 4,10,1905ADJCDB,,7.4,5,7,5,5.9,Passed,5.2,,
FA2019,FA2019-class 4,11,1905ADJJHH,,8.4,7,10,5.5,7.5,Passed,7.1,,
FA2019,FA2019-class 4,12,1905ADJDEE,,7.7,2,4,6.2,5,Passed,5.7,,
FA2019,FA2019-class 4,13,1905ADJGGG,,6.8,6,5,6.3,6.1,Passed,7.4,,
FA2019,FA2019-class 4,14,1905ADJFGB,,6.5,7.5,5.5,6.2,6.4,Passed,6.7,,
FA2019,FA2019-class 4,15,1905ACJJDD,,7.4,3,3,0,3,Not Passed,5.3,,
FA2019,FA2019-class 4,16,1905ADJDBG,,5.4,3,5,5.2,4.8,Not Passed,6,,
FA2019,FA2019-class 4,17,1905ADJAFA,,7.8,6,5,5.2,5.6,Passed,4,,
FA2019,FA2019-class 4,18,1905ADJBEF,,6.8,5,5,4.2,5.1,Passed,5.5,,
FA2019,FA2019-class 4,19,1905ACJCHC,,2.4,0,0,0,0.4,Not Passed,0,,
FA2019,FA2019-class 4,20,1905ADJEBE,,4.2,0,3,0,1.9,Not Passed,5.2,,
FA2019,FA2019-class 4,21,1905ACJEJC,,6.2,1,5,0,3,Not Passed,6.5,,
FA2019,FA2019-class 4,22,1905ADJEFI,,6.4,5.5,5,4.7,5,Passed,2.8,,
FA2019,FA2019-class 4,23,1905ADJCGB,,7.2,6.5,5,5.2,5.6,Passed,4.4,,
FA2019,FA2019-class 4,24,1905ADAJAC,,7.6,8,8,4.7,6.7,Passed,5.5,,
FA2019,FA2019-class 4,25,1905ADJECG,,4.2,0,0,0,0.6,Not Passed,0,,
FA2019,FA2019-class 4,26,1905ADJCII,,5.6,0,1,0,1.5,Not Passed,4.5,,
FA2019,FA2019-class 4,27,1905ADJCDD,,8,7.5,9,5.8,7.4,Passed,6.8,,
FA2019,FA2019-class 4,28,1905ADJHGH,,5.2,5,4,4.5,4.7,Not Passed,5.6,,
FA2019,FA2019-class 4,29,1905ADJAIJ,,8.6,9,10,7,8.5,Passed,8.3,,
FA2019,FA2019-class 4,30,1905ACJBEC,,7,5,5,4,5.3,Passed,7.7,,
FA2019,FA2019-class 5,1,1905ACJCJJ,,1.4,1.8,0,0,0.6,Not Passed,0,,
FA2019,FA2019-class 5,2,1905FBHFA,,0,0,0,0,0,Not Passed,0,,
FA2019,FA2019-class 5,3,1905ADJDDE,,6.2,7.2,7,5.5,6.3,Passed,5.3,,
FA2019,FA2019-class 5,4,1905ADJJEH,,4,1.2,1,4.7,3,Not Passed,4.8,,
FA2019,FA2019-class 5,5,1905ADJFBC,,8.2,3.2,5,0,3.5,Not Passed,3.3,,
FA2019,FA2019-class 5,6,1905ADAAJC,,2.4,0.8,4,0,1.5,Not Passed,0,,
FA2019,FA2019-class 5,7,1905ADJAEC,,8,4.8,5,4.8,5.3,Passed,4.8,,
FA2019,FA2019-class 5,8,1905ADJGBH,,8.8,8.7,9,7.2,8.2,Passed,6.8,,
FA2019,FA2019-class 5,9,1905ADAJGC,,3.6,1.1,6,0,2.6,Not Passed,3.7,,
FA2019,FA2019-class 5,10,1905ADJJIG,,9,8.7,9,6.3,7.8,Passed,6,,
FA2019,FA2019-class 5,11,1905ADJJEC,,9.2,8.2,9,7.3,8.1,Passed,6,,
FA2019,FA2019-class 5,12,1905ACJACD,,5.6,7.4,5,5.5,5.8,Passed,5.9,,
FA2019,FA2019-class 5,13,1905ACJBDG,,7.8,7.7,5,4,5.7,Passed,5.8,,
FA2019,FA2019-class 5,14,1905ADJCFH,,8.8,7.6,7,4.7,6.8,Passed,7.8,,
FA2019,FA2019-class 5,15,1905ADJAAG,,8.8,8.5,10,8.3,8.6,Passed,6,,
FA2019,FA2019-class 5,16,1905ADJACF,,8.4,7.9,6,5.5,6.6,Passed,5.8,,
FA2019,FA2019-class 5,17,1905ACJCJF,,7.2,3.9,5,3.8,4.8,Not Passed,5.8,,
FA2019,FA2019-class 5,18,1905ADJADF,,5,6.2,7,5.3,5.9,Passed,5.8,,
FA2019,FA2019-class 5,19,1905ADJEDG,,8.2,8.9,7,6.2,7.4,Passed,7.3,,
FA2019,FA2019-class 5,20,1905ADJIGI,,7.4,6.8,9,7.2,7.6,Passed,7.3,,
FA2019,FA2019-class 5,21,1905ADJIFH,,8.6,8.6,6,6.2,7,Passed,6.2,,
FA2019,FA2019-class 5,22,1905ADJJGC,,6.4,6.9,7,5.5,6.4,Passed,6.5,,
FA2019,FA2019-class 5,23,1905ADJAEA,,9,7.7,8,4.3,6.7,Passed,4.8,,
FA2019,FA2019-class 5,24,1905ADJBEJ,,7.6,6.3,7,4.5,6,Passed,5.3,,
FA2019,FA2019-class 5,25,1905ADJJIE,,5.4,6.3,6,4,5.5,Passed,7.5,,
FA2019,FA2019-class 5,26,1905ACJBFA,,7.4,5.9,5,3.8,5.5,Not Passed,7.7,,
FA2019,FA2019-class 5,27,1905ADAAGB,,9.2,8.9,9,6.8,8.3,Passed,8.6,,
FA2019,FA2019-class 5,28,1905ADJIGH,,8.4,7.1,8,7.2,7.4,Passed,5.9,,
FA2019,FA2019-class 5,29,1905ADAAGF,,7,7.6,7,4.5,6.2,Passed,5.1,,
FA2019,FA2019-class 6,1,1905ADAJHC,,8.2,7,8.5,6.5,7.3,Passed,5.5,,
FA2019,FA2019-class 6,2,1905ADJBAF,,8.8,7,9.5,5.8,7.5,Passed,7.1,,
FA2019,FA2019-class 6,3,1905ADAJFJ,,6.4,6,6,4.5,5.5,Passed,5,,
FA2019,FA2019-class 6,4,1905ACJEGG,,0,4,0,0,0.9,Not Passed,1.4,,
FA2019,FA2019-class 6,5,1905ADJBED,,8.4,7,8,4.5,6.5,Passed,5.2,,
FA2019,FA2019-class 6,6,1905ADJFAI,,7.2,4,4.3,5,5,Passed,5.9,,
FA2019,FA2019-class 6,7,1905ADAJAE,,6.1,1,6.8,4.8,4.9,Not Passed,6,,
FA2019,FA2019-class 6,8,1905ACJDEE,,3,1,3.5,0,2.1,Not Passed,6,,
FA2019,FA2019-class 6,9,1905ACJCJH,,4.6,1,4.8,0,2.5,Not Passed,4.5,,
FA2019,FA2019-class 6,10,1905ACJJJI,,0,0,0,0,0.1,Not Passed,0.7,,
FA2019,FA2019-class 6,11,1905ADJADE,,5.4,5,6.3,4.8,5.4,Passed,5.6,,
FA2019,FA2019-class 6,12,1905ACJDID,,8.2,9,7.8,5.2,7.3,Passed,7.1,,
FA2019,FA2019-class 6,13,1905FAIIJ,,9.8,7,9,7.2,8,Passed,7,,
FA2019,FA2019-class 6,14,1905ADJGGE,,6.8,8,6,5,6.1,Passed,5.1,,
FA2019,FA2019-class 6,15,1905ADJBFI,,0,0,0,0,0.4,Not Passed,4.1,,
FA2019,FA2019-class 6,16,1905ADAAEJ,,9.6,9,10,9,9.4,Passed,9.3,,
FA2019,FA2019-class 6,17,1905ADJCHI,,9.4,7,8.5,5.8,7.3,Passed,6.3,,
FA2019,FA2019-class 6,18,1905ADJBHD,,7.4,1,7.5,5.7,5.5,Passed,5.6,,
FA2019,FA2019-class 6,19,1905ADJJIJ,,8.6,9,8,5.2,7.3,Passed,6,,
FA2019,FA2019-class 6,20,1905ADJFAE,,8.6,8,6.5,6,7,Passed,6.9,,
FA2019,FA2019-class 6,21,1905ADAJBD,,8.8,8,6,4.3,6.3,Passed,5.9,,
FA2019,FA2019-class 6,22,1905ADAACJ,,8.8,9,5.3,7.2,7.3,Passed,6.9,,
FA2019,FA2019-class 6,23,1905ADJJIH,,5.8,7,6,4.8,5.8,Passed,6.1,,
FA2019,FA2019-class 6,24,1905ADJJHB,,9.4,4,6,4,5.6,Passed,6.6,,
FA2019,FA2019-class 6,25,1905ADAJGH,,9,8,7.5,5.2,7,Passed,6.6,,
FA2019,FA2019-class 6,26,1905ADJDAE,,8.2,9,6.8,5.7,7.1,Passed,6.9,,
FA2019,FA2019-class 6,27,1905FBGDH,,0,0,0,0,0.3,Not Passed,2.5,,
FA2019,FA2019-class 6,28,1905ADJCEG,,6,1,6.5,6.8,5.4,Passed,6.5,,
FA2019,FA2019-class 6,29,1905ACJFEG,,5,9,7.5,5.2,6.3,Passed,3.5,,
FA2019,FA2019-class 6,30,1905FBCDD,,0,0,0,0,0,Not Passed,0,,
FA2019,FA2019-class 7,1,1905ADAAHA,,0.5,0,0,0,0.1,Not Passed,0,,
FA2019,FA2019-class 7,2,1905ADJFBI,,6.5,5,5.5,5.5,5.7,Passed,7.2,,
FA2019,FA2019-class 7,3,1905ADJICF,,7.5,7,7,7.3,7.4,Passed,9,,
FA2019,FA2019-class 7,4,1905ADJEEG,,7.3,4,4.5,4.3,5,Passed,7,,
FA2019,FA2019-class 7,5,1905ADAADF,,9.3,8,9.5,7.3,8.5,Passed,9,,
FA2019,FA2019-class 7,6,1905ADJIDG,,7.2,7,9,6.5,7.4,Passed,6.9,,
FA2019,FA2019-class 7,7,1905ADJIBE,,8.9,4.5,6,7.2,6.7,Passed,8,,
FA2019,FA2019-class 7,8,1905ACJAGE,,3.4,0,0,2.3,1.2,Not Passed,0,,
FA2019,FA2019-class 7,9,1905ADJAFH,,4.9,1,2.5,0,2.1,Not Passed,5,,
FA2019,FA2019-class 7,10,1905ADJGHA,,9.1,4.5,4,7.5,6.3,Passed,7.5,,
FA2019,FA2019-class 7,11,1905ACJEDD,,7.2,7,8,3.7,6.2,Not Passed,6.5,,
FA2019,FA2019-class 7,12,1905ADJICD,,9.5,8,9,8,8.6,Passed,9,,
FA2019,FA2019-class 7,13,1905ADJIDI,,8.4,4.5,5,5,5.6,Passed,7.3,,
FA2019,FA2019-class 7,14,1905ADJGBG,,9.2,5,5,4.8,5.9,Passed,8.3,,
FA2019,FA2019-class 7,15,1905ADJGBC,,4.5,0,0,0,0.7,Not Passed,0,,
FA2019,FA2019-class 7,16,1905ADJCJB,,8.8,3.5,3,5.2,4.7,Not Passed,3.7,,
FA2019,FA2019-class 7,17,1905ADJGBD,,7.2,4,3,7.2,5.5,Passed,7.5,,
FA2019,FA2019-class 7,18,1905ADJAEB,,7.1,6,8.5,4.2,6.3,Passed,6.4,,
FA2019,FA2019-class 7,19,1905ADJICH,,8.6,6,6,4.7,6.1,Passed,7.2,,
FA2019,FA2019-class 7,20,1905ADJAGF,,7.2,7,8,5.8,7,Passed,8.3,,
FA2019,FA2019-class 7,21,1905ADJGCA,,8.8,5,2.5,5.8,5.5,Passed,8,,
FA2019,FA2019-class 7,22,1905ADJJAB,,9.2,8,8,6,7.4,Passed,6.5,,
FA2019,FA2019-class 7,23,1905ADJBAG,,6.8,4,2,4.8,4.5,Not Passed,7,,
FA2019,FA2019-class 7,24,1905ACJBDD,,0,0,0,0,0,Not Passed,0,,
FA2019,FA2019-class 7,25,1905ADJEGA,,4.8,0,0.1,0,0.8,Not Passed,0,,
FA2019,FA2019-class 7,26,1905ADJIDJ,,8.3,4.5,5,7.5,6.4,Passed,7.8,,
FA2019,FA2019-class 7,27,1905ADJGDD,,7.2,3.5,3,6.5,5.3,Passed,8.3,,
FA2019,FA2019-class 7,28,1905ADJDFG,,6.6,5,3,6.2,5.3,Passed,7,,
FA2019,FA2019-class 8,1,1905FBFCD,,0,0,0,0,0,Not Passed,0,,
FA2019,FA2019-class 8,2,1905ACJDBH,,7.3,5,0,3.2,3.4,Not Passed,3.8,,
FA2019,FA2019-class 8,3,1905FCECI,,4.9,5,4,0,3.3,Not Passed,5.5,,
FA2019,FA2019-class 8,4,1905ACJBGI,,6.3,0,3.5,3.2,2.8,Not Passed,0,,
FA2019,FA2019-class 8,5,1905FBHFB,,6.6,0,0,0,1,Not Passed,0,,
FA2019,FA2019-class 8,6,1905ACJEGG,,0,0,0,0,0,Not Passed,0,,
FA2019,FA2019-class 8,7,1905ACJFAJ,,5,5,5.5,3.8,5,Not Passed,7.8,,
FA2019,FA2019-class 8,8,1905ACJDGB,,1.7,0,0,0,0.3,Not Passed,0,,
FA2019,FA2019-class 8,9,1905FCBAA,,7.4,5,7.5,4.7,6,Passed,5.9,,
FA2019,FA2019-class 8,10,1905ACJBEH,,2.2,5,5,4.3,4.4,Not Passed,4.9,,
FA2019,FA2019-class 8,11,1905FCJGB,,4.6,5,3,0,2.9,Not Passed,4.8,,
FA2019,FA2019-class 8,12,1905ADJDFA,,7.4,5,5,4,5.1,Passed,5.3,,
FA2019,FA2019-class 8,13,1905FBCFA,,6.3,5,4,3,4.4,Not Passed,5.7,,
FA2019,FA2019-class 8,14,1905ACJAFG,,3,0,0,0,0.5,Not Passed,0,,
FA2019,FA2019-class 8,15,1905ACJFAI,,1.2,0,0,0,0.2,Not Passed,0,,
FA2019,FA2019-class 8,16,1905ACJAIJ,,7,0,4,3.5,3.1,Not Passed,0,,
FA2019,FA2019-class 8,17,1905FCEDE,,0,0,0,0,0,Not Passed,0,,
FA2019,FA2019-class 8,18,1905ACJCHB,,6.8,5,5.5,5,5.7,Passed,7.5,,
FA2019,FA2019-class 8,19,1905FBGDH,,0,0,0,0,0,Not Passed,0,,
FA2019,FA2019-class 8,20,1905FBCDD,,0,0,0,0,0,Not Passed,0,,
FA2019,FA2019-class 9,1,1905ADJEJD,,9.9,8,10,8.8,9.2,Passed,9.5,,
FA2019,FA2019-class 9,2,1905ADJCJF,,7.5,2.5,2,5.7,4.5,Not Passed,6.3,,
FA2019,FA2019-class 9,3,1905ADAAEA,,7.3,2,2,7,5,Passed,8.6,,
FA2019,FA2019-class 9,4,1905ADAAFI,,3.1,0,0,0,0.5,Not Passed,0,,
FA2019,FA2019-class 9,5,1905ADJFBJ,,9.4,6,4,4.8,5.8,Passed,7.7,,
FA2019,FA2019-class 9,6,1905ADJBDH,,8.8,3.5,1,0,3.2,Not Passed,8.8,,
FA2019,FA2019-class 9,7,1905ADJDII,,5.2,0,0,0,0.8,Not Passed,0,,
FA2019,FA2019-class 9,8,1905ACJBBJ,,2.9,0,0,0,0.4,Not Passed,0,,
FA2019,FA2019-class 9,9,1905ADJBBC,,7.9,4,2,5.7,5,Passed,8.5,,
FA2019,FA2019-class 9,10,1905ACJGJC,,6.9,3,5.5,3.3,4.7,Not Passed,6.5,,
FA2019,FA2019-class 9,11,1905ADJEBB,,9,3.5,1,4.5,4.5,Not Passed,8.5,,
FA2019,FA2019-class 9,12,1905ADJAHH,,6.7,0,1.5,5.7,3.5,Not Passed,3.8,,
FA2019,FA2019-class 9,13,1905ADJBDG,,7.6,4,4.5,7.2,6,Passed,7.9,,
FA2019,FA2019-class 9,14,1905ADJEIH,,2,0,0,0,0.3,Not Passed,0,,
FA2019,FA2019-class 9,15,1905ADJAJB,,7.7,9,5.5,6.5,7.1,Passed,7.8,,
FA2019,FA2019-class 9,16,1905ADJGEH,,5.3,4.5,7,6,5.9,Passed,6.8,,
FA2019,FA2019-class 9,17,1905ADJAHF,,2,0,0,3.8,1.4,Not Passed,0,,
FA2019,FA2019-class 9,18,1905ADJBJB,,9.7,8,9.5,7.8,8.7,Passed,9.8,,
FA2019,FA2019-class 9,19,1905ADAAGH,,5,0,0,0,0.7,Not Passed,0,,
FA2019,FA2019-class 9,20,1905ADJEGD,,2,0,0,0,0.3,Not Passed,0,,
FA2019,FA2019-class 9,21,1905ADJHHF,,7.8,2,1,5.7,4.4,Not Passed,8.8,,
FA2019,FA2019-class 9,22,1905ADJEED,,6.8,0,1,0,1.7,Not Passed,4,,
FA2019,FA2019-class 9,23,1905ADJEIJ,,9.1,7,5,7.2,6.9,Passed,7.5,,
FA2019,FA2019-class 9,24,1905ADJJIB,,9.7,9,10,7.8,8.9,Passed,8,,
FA2019,FA2019-class 9,25,1905ADAAGI,,7.3,0,2,0,2.1,Not Passed,5,,
FA2019,FA2019-class 9,26,1905ADAAFE,,6.4,0,0,0,1.3,Not Passed,3.5,,
FA2019,FA2019-class 9,27,1905ADJECB,,6.8,9,5,4.8,6.3,Passed,7.8,,
FA2019,FA2019-class 9,28,1905ADJCIF,,4.1,0,0,0,0.6,Not Passed,0,,
FA2019,FA2019-class 9,29,1905ADJBIG,,9.6,9,9.5,8.5,9,Passed,8,,
FA2019,FA2019-class 9,30,1905ADJJJH,,9.3,4,6.5,5.5,6.1,Passed,6.5,,
FA2019,FA2019-class 10,1,1905ADJFGD,,6.7,2,1.5,4,3.8,Not Passed,7.8,,
FA2019,FA2019-class 10,2,1905ADAJAI,,8.4,7,9,7.7,8,Passed,7.8,,
FA2019,FA2019-class 10,3,1905ADJGAF,,7.4,3,7,4.3,5.2,Passed,4.3,,
FA2019,FA2019-class 10,4,1905ADAJAA,,0,0,0,0,0,Not Passed,0,,
FA2019,FA2019-class 10,5,1905ACJFDE,,6.4,5.5,4.5,5.8,5.5,Passed,5.4,,
FA2019,FA2019-class 10,6,1905ADJFDF,,7.8,5,5,5.2,5.6,Passed,6,,
FA2019,FA2019-class 10,7,1905ADJBGH,,6.4,0,0,0,1,Not Passed,0,,
FA2019,FA2019-class 10,8,1905ADJFEI,,7.8,1,4,7,5.2,Passed,7.8,,
FA2019,FA2019-class 10,9,1905ADAJJC,,6.7,5,6,5.2,5.6,Passed,5.5,,
FA2019,FA2019-class 10,10,1905ADJIIF,,8.9,8,10,7.3,8.4,Passed,7.3,,
FA2019,FA2019-class 10,11,1905ADJCHJ,,8.4,5.5,6.5,5.7,6.3,Passed,6.3,,
FA2019,FA2019-class 10,12,1905ADJFGF,,5.6,2,3,0,2.5,Not Passed,5,,
FA2019,FA2019-class 10,13,1905ADJJAF,,6.8,5,5.5,5.5,5.9,Passed,8.4,,
FA2019,FA2019-class 10,14,1905ADJEIF,,5.9,2.5,3,4.7,4.1,Not Passed,5.8,,
FA2019,FA2019-class 10,15,1905ADJEBH,,7.5,3,5,3.8,4.7,Not Passed,6.2,,
FA2019,FA2019-class 10,16,1905ACJEIA,,8.4,5.5,3,3,4.7,Not Passed,6.8,,
FA2019,FA2019-class 10,17,1905ADJEHE,,0,0,0,0,0,Not Passed,0,,
FA2019,FA2019-class 10,18,1905ADJEHG,,5.6,7,8.5,4.8,6.3,Passed,5.3,,
FA2019,FA2019-class 10,19,1905ADAJHH,,8.4,1,3,4.2,4.2,Not Passed,7,,
FA2019,FA2019-class 10,20,1905ADJEIE,,8.2,8,5.5,6.2,6.6,Passed,5,,
FA2019,FA2019-class 10,21,1905ADJFCC,,8.4,6.5,7.5,7,7.2,Passed,6.5,,
FA2019,FA2019-class 10,22,1905ADJIIE,,7,4,7,5,5.8,Passed,7.4,,
FA2019,FA2019-class 10,23,1905ACJJDB,,7.8,5,4.5,3.3,4.9,Not Passed,6,,
FA2019,FA2019-class 10,24,1905ADJFAC,,7.4,5.5,7.5,5,6.1,Passed,5.3,,
FA2019,FA2019-class 10,25,1905ADJIFI,,6.8,3,1,0,2.5,Not Passed,6.5,,
FA2019,FA2019-class 10,26,1905ADAJAH,,8.2,3,4,5.2,5.1,Passed,6.9,,
FA2019,FA2019-class 10,27,1905ADJEGJ,,8.4,5,3,4.5,5.1,Passed,7.2,,
FA2019,FA2019-class 10,28,1905ADJFAD,,7,7,1,0,3.2,Not Passed,5.3,,
FA2019,FA2019-class 10,29,1905ADJFBD,,6.8,2.5,3,3.5,3.8,Not Passed,5.3,,
FA2019,FA2019-class 11,1,1905ADJGDG,,7,5,4,4.3,5,Passed,6.5,,
FA2019,FA2019-class 11,2,1905ADJFGI,,9,6,4,4.2,5.5,Passed,7,,
FA2019,FA2019-class 11,3,1905ADAJDJ,,0,0,0,0,0,Not Passed,0,,
FA2019,FA2019-class 11,4,1905ADAJJG,,8.5,7.5,6,4.3,6.2,Passed,6.4,,
FA2019,FA2019-class 11,5,1905ADAJDC,,6,0,1,0,1.2,Not Passed,0,,
FA2019,FA2019-class 11,6,1905ADAJHE,,8,4,1,0,2.9,Not Passed,6.6,,
FA2019,FA2019-class 11,7,1905ADJIJI,,0,0,0,0,0,Not Passed,0,,
FA2019,FA2019-class 11,8,1905ADAJEI,,8,6.5,5,5.2,5.8,Passed,5.1,,
FA2019,FA2019-class 11,9,1905ADAJJH,,0,0,0,0,0,Not Passed,0,,
FA2019,FA2019-class 11,10,1905ADJIED,,9,9,8.5,6.5,7.9,Passed,6.5,,
FA2019,FA2019-class 11,11,1905ADJJCI,,8,7,5.5,7.2,6.9,Passed,7.9,,
FA2019,FA2019-class 11,12,1905ADAJFC,,9,8,7.5,6.2,7.3,Passed,6.5,,
FA2019,FA2019-class 11,13,1905ADJFHB,,9,7.5,6.5,6.3,7,Passed,6.8,,
FA2019,FA2019-class 11,14,1905ADJJGF,,8,7.5,8,4.7,6.9,Passed,7.5,,
FA2019,FA2019-class 11,15,1905ADJJGD,,8,7,8,5.3,7,Passed,8,,
FA2019,FA2019-class 11,16,1905ADJIEG,,9.5,10,8,7.7,8.5,Passed,7.3,,
FA2019,FA2019-class 11,17,1905ADJFFA,,10,10,8.5,6.3,8.2,Passed,6.9,,
FA2019,FA2019-class 11,18,1905ADAJBG,,8,7,6.5,4.7,6.3,Passed,7,,
FA2019,FA2019-class 11,19,1905ACJDBD,,4,6.5,3,0,2.9,Not Passed,2.8,,
FA2019,FA2019-class 11,20,1905ADJIHC,,9,8,6.5,7,7.4,Passed,7.7,,
FA2019,FA2019-class 11,21,1905ADJGCJ,,8,7,6.5,7.2,7,Passed,6.3,,
FA2019,FA2019-class 11,22,1905ADJIAJ,,9,8,7.5,7.5,7.9,Passed,8.2,,
FA2019,FA2019-class 11,23,1905ACJDJI,,0,0,0,0,0,Not Passed,0,,
FA2019,FA2019-class 11,24,1905ADJBCF,,9,7,7,6.5,7,Passed,5.5,,
FA2019,FA2019-class 11,25,1905ADAJFB,,8.5,7.5,5.5,5.3,6.4,Passed,6.5,,
FA2019,FA2019-class 11,26,1905ADJIJD,,7,7,6,5.3,6,Passed,4.9,,
FA2019,FA2019-class 11,27,1905ADJBGD,,9,7,6,6.2,7,Passed,9,,
FA2019,FA2019-class 11,28,1905ADJIAD,,0,0,0,0,0,Not Passed,0,,
FA2019,FA2019-class 11,29,1905ADJIBG,,8.5,7.5,9.5,7,8.1,Passed,8.5,,
FA2019,FA2019-class 11,30,1905ADJBIB,,0,0,0,0,0,Not Passed,0,,
FA2019,FA2019-class 12,1,1905ACJAJI,,7.3,4,8,4.5,5.9,Passed,6.7,,
FA2019,FA2019-class 12,2,1905ACJDAI,,7.7,4,4,3.5,4.7,Not Passed,7.4,,
FA2019,FA2019-class 12,3,1905FCCAE,,7,4,4,4.5,4.7,Not Passed,5.3,,
FA2019,FA2019-class 12,4,1905ADAACE,,7.8,9,9,7.3,8.3,Passed,8.9,,
FA2019,FA2019-class 12,5,1905FBIIJ,,7.7,6,5,4.8,5.5,Passed,4.5,,
FA2019,FA2019-class 12,6,1905FCCAG,,6.4,7,8.5,0,5.1,Not Passed,6.5,,
FA2019,FA2019-class 12,7,1905ADJFCI,,8.6,9,7.5,5.7,7.3,Passed,6.5,,
FA2019,FA2019-class 12,8,1905ADJIGD,,6.6,0,0,0,1,Not Passed,0,,
FA2019,FA2019-class 12,9,1905FCBEH,,7,6,5,0,3.9,Not Passed,4.2,,
FA2019,FA2019-class 12,10,1905ACJBFG,,7.1,4,4,4.3,4.7,Not Passed,5.8,,
FA2019,FA2019-class 12,11,1905ACJEFH,,0,0,0,0,0,Not Passed,0,,
FA2019,FA2019-class 12,12,1905ACJAIF,,7.6,4,5.5,4.2,5.4,Passed,7.8,,
FA2019,FA2019-class 12,13,1905ACJEDH,,5.4,9,7.5,4.8,6.6,Passed,6.3,,
FA2019,FA2019-class 12,14,1905FCBAD,,7,6,4,5.5,5.3,Passed,4,,
FA2019,FA2019-class 12,15,1905ADJBAC,,7.5,9,7.5,4.2,6.5,Passed,4.8,,
FA2019,FA2019-class 12,16,1905ADJGGA,,6.4,6,4,2.8,4.6,Not Passed,5.5,,
FA2019,FA2019-class 12,17,1905ADJGDE,,7.8,9,7.5,6.7,7.7,Passed,8.3,,
FA2019,FA2019-class 12,18,1905ACJAFG,,1.9,0,0,0,0.3,Not Passed,0,,
FA2019,FA2019-class 12,19,1905FCBHH,,5.2,6,5,4.5,5.2,Passed,6,,
FA2019,FA2019-class 12,20,1905ACJBDJ,,7.2,9,6,0,5,Not Passed,6,,
FA2019,FA2019-class 12,21,1905FCBGG,,7,4,5,4.3,4.9,Not Passed,5.3,,
FA2019,FA2019-class 12,22,1905FBGED,,6.3,6,4,0,3.7,Not Passed,5.3,,
FA2019,FA2019-class 12,23,1905ACJADJ,,8.1,6.5,5.5,3.7,5.6,Not Passed,6,,
FA2019,FA2019-class 12,24,1905ACJCFF,,5.9,6,5,5,5.4,Passed,5.3,,
FA2019,FA2019-class 12,25,1905FCBFE,,0,0,0,0,0,Not Passed,0,,
FA2019,FA2019-class 12,26,1905ACJJIE,,5.6,2,5,4.3,4.4,Not Passed,6.5,,
FA2019,FA2019-class 12,27,1905ACJEGB,,8.7,4,7,4.5,5.7,Passed,4.8,,
FA2019,FA2019-class 12,28,1905ADJJBD,,7.4,4,5.5,4.3,5.3,Passed,7.5,,
FA2019,FA2019-class 12,29,1905FCDAB,,0,0,0,0,0,Not Passed,0,,
FA2019,FA2019-class 12,30,1905ACJBAD,,7.1,4,4,4.5,4.7,Not Passed,5.3,,
FA2020,FA2020-class 1,1,1905AEJFCH,,0,0,0,0,0,Attendance Fail,0,,
FA2020,FA2020-class 1,2,1905AEJFDF,,8.7,9.3,8,7,8.1,Passed,8.5,,
FA2020,FA2020-class 1,3,1905AEJFFI,,7.7,7,4.5,6.5,6.2,Passed,5.8,,
FA2020,FA2020-class 1,4,1905ADAJGA,,8.5,9.3,6.5,6.7,7.6,Passed,8.5,,
FA2020,FA2020-class 1,5,1905AEJFAD,,7.3,8.7,6.5,6.2,7.1,Passed,7.4,,
FA2020,FA2020-class 1,6,1905AEJGAI,,7.8,9.3,9.5,7,8.2,Passed,7,,
FA2020,FA2020-class 1,7,1905AEJGAH,,9.1,8.7,8,7.5,8.3,Passed,9,,
FA2020,FA2020-class 1,8,1905ADJIHG,,7.9,8,8,4.2,6.8,Passed,7.3,,
FA2020,FA2020-class 1,9,1905ADAAJD,,7.5,7,4.5,0,4.4,Not Passed,7.3,,
FA2020,FA2020-class 1,10,1905AEJGGD,,8.9,8.7,8,9,8.4,Passed,6.6,,
FA2020,FA2020-class 1,11,1905AEJCID,,0,0,0,0,0,Attendance Fail,0,,
FA2020,FA2020-class 1,12,1905AEJABA,,9.1,9.3,7,7.7,8.2,Passed,9,,
FA2020,FA2020-class 1,13,1905AEABBE,,8.9,8,6.5,7.8,7.7,Passed,7.8,,
FA2020,FA2020-class 1,14,1905AEJJHE,,9.5,7,6.5,6.2,7,Passed,7.3,,
FA2020,FA2020-class 1,15,1905AEJCJJ,,8.3,9.3,6.5,6.7,7.6,Passed,9,,
FA2020,FA2020-class 1,16,1905AEJAEJ,,8.6,9.3,8.5,7.5,8.3,Passed,8,,
FA2020,FA2020-class 1,17,1905AEJHHI,,9.2,8.7,10,7.7,8.8,Passed,8.8,,
FA2020,FA2020-class 1,18,1905AEJHHE,,8.3,7,9.5,6.7,7.7,Passed,6.4,,
FA2020,FA2020-class 1,19,1905AEJJJD,,9.8,9.3,8.5,8.3,8.8,Passed,9,,
FA2020,FA2020-class 1,20,1905AEAEDJ,,8.6,10,8,7.5,8.2,Passed,6.9,,
FA2020,FA2020-class 1,21,1905AEJEGF,,5.2,9.3,0,0,2.6,Not Passed,0,,
FA2020,FA2020-class 1,22,1905AEJIIB,,8,6.7,10,5.5,7.4,Passed,6.8,,
FA2020,FA2020-class 1,23,1905AEJBAD,,9.1,10,10,9,9.4,Passed,8.5,,
FA2020,FA2020-class 1,24,1905AEABAF,,9.4,10,10,7.3,9,Passed,9,,
FA2020,FA2020-class 1,25,1905AEAJCC,,6.5,9.3,10,8.5,8.7,Passed,8,,
FA2020,FA2020-class 1,26,1905ADJCBC,,9,9.3,8.5,8.2,8.6,Passed,8.5,,
FA2020,FA2020-class 1,27,1905AEAJHI,,8.9,9.3,10,9,9.3,Passed,9,,
FA2020,FA2020-class 1,28,1905AEAEBE,,8.4,9.3,6.5,7.2,7.6,Passed,7.2,,
FA2020,FA2020-class 1,29,1905AEAAFC,,8.7,9.3,8.8,7.7,8.4,Passed,7,,
FA2020,FA2020-class 1,30,1905ADAJCB,,0,0,4,0,1,Not Passed,0,,
FA2020,FA2020-class 2,1,1905AEABGI,,6.5,5,5,7.2,6.1,Passed,7.5,,
FA2020,FA2020-class 2,2,1905ADJAGH,,1.8,0,0,0,0.3,Attendance Fail,0,,
FA2020,FA2020-class 2,3,1905ADJHGC,,3.8,5,5,5.7,5.4,Passed,8.3,,
FA2020,FA2020-class 2,4,1905ACJDEE,,0,0,0,0,0,Attendance Fail,0,,
FA2020,FA2020-class 2,5,1905ACJDGB,,0,0,0,0,0,Attendance Fail,0,,
FA2020,FA2020-class 2,6,1905ACJAGE,,6.5,6,5.5,4.8,5.9,Passed,9.5,,
FA2020,FA2020-class 2,7,1905ADJFGC,,7.3,8,8.5,4.7,7,Passed,8,,
FA2020,FA2020-class 2,8,1905ADJHDE,,6.6,7,6,4.3,6,Passed,8.5,,
FA2020,FA2020-class 2,9,1905AEADHD,,6.8,5.5,6.5,4.3,6,Passed,9.8,,
FA2020,FA2020-class 2,10,1905ACJAHI,,0,0,0,0,0,Attendance Fail,0,,
FA2020,FA2020-class 2,11,1905AEJIDF,,7.9,6,6.5,7.8,7.3,Passed,9,,
FA2020,FA2020-class 2,12,1905ACJFHI,,6.8,5,5.5,4.3,5.6,Passed,8.8,,
FA2020,FA2020-class 2,13,1905FBIEI,,2,0,0,0,0.3,Not Passed,0,,
FA2020,FA2020-class 2,14,1905ACJADJ,,7,5,5.5,4.8,5.6,Passed,7,,
FA2020,FA2020-class 2,15,1905ACJJEE,,1,0,0,0,0.2,Not Passed,0,,
FA2020,FA2020-class 2,16,1905ADJDAF,,4.2,5,5,0,3.7,Not Passed,8,,
FA2020,FA2020-class 2,17,1905ADJDFE,,3.2,0,0,0,0.5,Not Passed,0,,
FA2020,FA2020-class 2,18,1905ADJEHB,,7.5,8,8.5,4.8,7,Passed,7,,
FA2020,FA2020-class 2,19,1905ADJIAD,,3.1,0,0,0,0.5,Attendance Fail,0,,
FA2020,FA2020-class 2,20,1905FCCJI,,0,0,0,0,0,Attendance Fail,0,,
FA2020,FA2020-class 2,21,1905FBCDD,,0,0,0,0,0,Attendance Fail,0,,
FA2020,FA2020-class 2,22,1905FADCJ,,2,0,0,0,0.3,Not Passed,0,,
FA2020,FA2020-class 2,23,1905AEABDA,,0,0,0,0,0,Attendance Fail,0,,
FA2020,FA2020-class 3,1,1905ADJCHD,,6.8,5,6,4.2,5.7,Passed,9.5,,
FA2020,FA2020-class 3,2,1905AEACHI,,8.4,9,9,8.5,8.9,Passed,10,,
FA2020,FA2020-class 3,3,1905AEJFFA,,5.4,6,5,7.2,6.4,Passed,10,,
FA2020,FA2020-class 3,4,1905ADJHEE,,6,6.5,6,4.2,5.9,Passed,9.5,,
FA2020,FA2020-class 3,5,1905ACJBFG,,6.4,7,6,6.2,6.7,Passed,9.5,,
FA2020,FA2020-class 3,6,1905ACJGEI,,0,0,0,0,0,Attendance Fail,0,,
FA2020,FA2020-class 3,7,1905ADJEBH,,6.8,6,8,4.5,6.5,Passed,9.8,,
FA2020,FA2020-class 3,8,1905FCJBG,,8,9,9,6.7,8.3,Passed,10,,
FA2020,FA2020-class 3,9,1905ADJCJB,,4.9,6,6.5,5.2,6,Passed,9,,
FA2020,FA2020-class 3,10,1905ADJCJH,,7.2,9,8,6.5,7.7,Passed,9,,
FA2020,FA2020-class 3,11,1905AEADAG,,7.7,6,6.5,6.8,6.9,Passed,8.5,,
FA2020,FA2020-class 3,12,1905AEAEJB,,4.2,7,5.5,4.3,5.7,Passed,10,,
FA2020,FA2020-class 3,13,1905ACJAHI,,7,7,6.5,4.7,6.3,Passed,8.5,,
FA2020,FA2020-class 3,14,1905AEJIGI,,5.4,4,5,4.5,5,Passed,8,,
FA2020,FA2020-class 3,15,1905FBIEI,,3.7,0,0,0,0.6,Attendance Fail,0,,
FA2020,FA2020-class 3,16,1905ADJDHG,,5.4,6,7,5.5,6.4,Passed,9.5,,
FA2020,FA2020-class 3,17,1905AEAJCI,,4.2,6,7,6.5,6.5,Passed,10,,
FA2020,FA2020-class 3,18,1905ADJIBC,,6.6,8.5,8.5,5,7.3,Passed,9.5,,
FA2020,FA2020-class 3,19,1905AEJECD,,7.9,8,9,8.3,8.5,Passed,9.8,,
FA2020,FA2020-class 3,20,1905ADAABB,,7.1,5.5,6,6.2,6.5,Passed,9.8,,
FA2020,FA2020-class 3,21,1905ACJJEE,,0,0,0,0,0,Attendance Fail,0,,
FA2020,FA2020-class 3,22,1905ACJBFA,,6.5,6,6.5,6.2,6.5,Passed,8.5,,
FA2020,FA2020-class 3,23,1905ACJJIE,,6.9,6,5,6.2,6.3,Passed,9.5,,
FA2020,FA2020-class 3,24,1905ACJJFD,,7.2,7,5,6.8,6.7,Passed,9.8,,
FA2020,FA2020-class 3,25,1905AEACEI,,7.3,9,9,9,8.8,Passed,9.5,,
FA2020,FA2020-class 3,26,1905ADJEBF,,5.2,5.5,6.5,6.2,6.3,Passed,9.8,,
FA2020,FA2020-class 3,27,1905ADJBGG,,6.5,5,5,5.5,5.9,Passed,10,,
FA2020,FA2020-class 3,28,1905FBCDD,,0,0,0,0,0,Attendance Fail,0,,
FA2020,FA2020-class 4,1,1905AEJFAI,,5,5,4,6.2,5.3,Passed,6.5,,
FA2020,FA2020-class 4,2,1905AEJFCF,,7.1,7.1,7,6,7,Passed,9.5,,
FA2020,FA2020-class 4,3,1905AEJFFA,,2.3,2.3,1,0,1.8,Not Passed,8,,
FA2020,FA2020-class 4,4,1905AEJFDI,,3.3,3.3,6,8,5.8,Passed,8,,
FA2020,FA2020-class 4,5,1905AEJFIC,,5.5,5.5,7,6.2,6.2,Passed,7,,
FA2020,FA2020-class 4,6,1905AEJGJH,,6,6,3,5.7,5.4,Passed,8,,
FA2020,FA2020-class 4,7,1905AEJEGB,,5.4,5.4,3,5.5,5,Passed,7.5,,
FA2020,FA2020-class 4,8,1905AEJGBI,,5.3,5.3,2,0,3,Not Passed,7,,
FA2020,FA2020-class 4,9,1905AEABCE,,8.3,8.3,7,6.8,7.3,Passed,6.5,,
FA2020,FA2020-class 4,10,1905AEADEF,,2,2,1.5,0,1.9,Not Passed,8,,
FA2020,FA2020-class 4,11,1905AEABBH,,7.5,7.5,4,6.8,6.2,Passed,5,,
FA2020,FA2020-class 4,12,1905AEABAA,,7.5,7.5,1,6.3,5.5,Passed,7.3,,
FA2020,FA2020-class 4,13,1905AEJHED,,7.9,7.6,7,9,8,Passed,8,,
FA2020,FA2020-class 4,14,1905AEJHFJ,,5.9,5.9,4,7.5,6.1,Passed,8,,
FA2020,FA2020-class 4,15,1905AEJHFE,,6.9,6.9,8,8.5,7.8,Passed,8,,
FA2020,FA2020-class 4,16,1905AEACCF,,8,8,9,9.7,8.8,Passed,8.5,,
FA2020,FA2020-class 4,17,1905AEADAG,,3.3,3.3,0,0,1.8,Not Passed,6.5,,
FA2020,FA2020-class 4,18,1905AEAEJB,,4.8,4.8,2,6.2,4.8,Not Passed,8,,
FA2020,FA2020-class 4,19,1905AEACDE,,7.5,7.5,7,8.3,7.5,Passed,6.5,,
FA2020,FA2020-class 4,20,1905AEJIDD,,6.6,6.6,7,7,7,Passed,8,,
FA2020,FA2020-class 4,21,1905AEACAB,,8.4,8.4,8,5.7,7.4,Passed,8,,
FA2020,FA2020-class 4,22,1905AEJIGI,,2.3,2.3,1,0,1.6,Not Passed,6,,
FA2020,FA2020-class 4,23,1905AEAJAA,,6.6,6.6,6,6,6.3,Passed,6.5,,
FA2020,FA2020-class 4,24,1905AEAJAE,,8,8,1,4.2,5.1,Passed,8,,
FA2020,FA2020-class 4,25,1905AEAJCE,,6.9,6.9,3,7,6,Passed,7,,
FA2020,FA2020-class 4,26,1905AEAJCI,,5.3,5.3,2,6.3,4.9,Not Passed,6.5,,
FA2020,FA2020-class 4,27,1905AEABED,,7.8,7.8,7,8.7,7.7,Passed,6,,
FA2020,FA2020-class 4,28,1905AEAJGJ,,7,7,5,7.3,6.6,Passed,7.3,,
FA2020,FA2020-class 4,29,1905AEJEFH,,8.8,8.8,7.5,8.5,8.1,Passed,6,,
FA2020,FA2020-class 4,30,1905AEACDC,,5.8,5.8,1,6.2,4.7,Not Passed,5.5,,
FA2020,FA2020-class 5,1,1905AEACAF,,7.2,8.5,8.5,5.2,7.3,Passed,8.5,,
FA2020,FA2020-class 5,2,1905AEJFDE,,5.8,6,5.5,4.8,5.7,Passed,8.5,,
FA2020,FA2020-class 5,3,1905FBGHI,,8.6,6,7.5,6.7,7.4,Passed,9.8,,
FA2020,FA2020-class 5,4,1905AEABHH,,9.4,8.5,8.5,9.5,9.1,Passed,9.8,,
FA2020,FA2020-class 5,5,1905AEJFGF,,7.9,6.5,9.5,6.5,7.7,Passed,8.4,,
FA2020,FA2020-class 5,6,1905FCBEJ,,6.4,6,5.5,5.3,6,Passed,8.9,,
FA2020,FA2020-class 5,7,1905AEJACF,,7,7.5,5,7.7,7.1,Passed,10,,
FA2020,FA2020-class 5,8,1905AEJGBA,,5.6,7,7,7.7,7,Passed,7,,
FA2020,FA2020-class 5,9,1905AEJAJE,,5.6,7,6.5,7.2,6.8,Passed,7.8,,
FA2020,FA2020-class 5,10,1905AEJGHJ,,6.4,7,7,5,6.4,Passed,8,,
FA2020,FA2020-class 5,11,1905AEABCC,,7.9,7,7.5,6.7,7.4,Passed,9.5,,
FA2020,FA2020-class 5,12,1905AEJHEJ,,6.8,7,7,8.3,7.6,Passed,9.5,,
FA2020,FA2020-class 5,13,1905AEJBBJ,,0,0,0,0,0,Not Passed,0,,
FA2020,FA2020-class 5,14,1905AEJIJI,,6.4,6,5,5.5,5.8,Passed,7.8,,
FA2020,FA2020-class 5,15,1905AEJIJE,,6.8,6.5,6,6.8,6.8,Passed,9,,
FA2020,FA2020-class 5,16,1905AEJAFC,,8.6,8.5,9,8.3,8.7,Passed,9.9,,
FA2020,FA2020-class 5,17,1905AEJBDF,,6.8,6.5,8,8,7.7,Passed,9.5,,
FA2020,FA2020-class 5,18,1905AEJADD,,8.6,7,9,8.7,8.6,Passed,10,,
FA2020,FA2020-class 5,19,1905AEJIIJ,,6.1,6,5,4.7,5.6,Passed,8.8,,
FA2020,FA2020-class 5,20,1905AEAJJB,,1.6,0,0,0,0.2,Not Passed,0,,
FA2020,FA2020-class 5,21,1905AEJJEE,,7.7,7.5,8.5,7.3,7.9,Passed,9.8,,
FA2020,FA2020-class 5,22,1905AEJEFB,,6,6.5,8.5,5.7,6.9,Passed,9,,
FA2020,FA2020-class 5,23,1905AEJJBA,,8.1,8.5,6,6.5,7.3,Passed,9.5,,
FA2020,FA2020-class 5,24,1905AEAJAG,,8.5,7,8.5,6.7,7.5,Passed,7,,
FA2020,FA2020-class 5,25,1905ADAJCG,,8.2,6.5,5,4,5.9,Passed,8.8,,
FA2020,FA2020-class 5,26,1905AEACAG,,8.4,7,8,5,7.1,Passed,9.1,,
FA2020,FA2020-class 5,27,1905AEAJEE,,7.8,6.5,7,7.2,7.3,Passed,9,,
FA2020,FA2020-class 5,28,1905AEJDFB,,8,7,7,6,7.1,Passed,9.3,,
FA2020,FA2020-class 5,29,1905AEAJIH,,8.5,7,7.5,6.5,7.4,Passed,9.5,,
FA2020,FA2020-class 5,30,1905AEAAEG,,8.6,6.5,7,6,7,Passed,9,,
FA2020,FA2020-class 6,1,1905AEJFCG,,8.8,10,8,0,5.7,Not Passed,3.5,,
FA2020,FA2020-class 6,2,1905AEJFCC,,9.4,9.3,9,8.5,9,Passed,9.1,,
FA2020,FA2020-class 6,3,1905AEJFEG,,8.7,9,10,8.7,8.9,Passed,7.4,,
FA2020,FA2020-class 6,4,1905AEJFGG,,8.6,8.7,10,5.8,8.2,Passed,9.1,,
FA2020,FA2020-class 6,5,1905AEABDI,,7.4,9.3,10,6.8,8.2,Passed,6.9,,
FA2020,FA2020-class 6,6,1905AEABGA,,7.6,9.3,9,7.7,7.9,Passed,3.5,,
FA2020,FA2020-class 6,7,1905AEJGCI,,6.7,6,6.5,4.8,6,Passed,7.2,,
FA2020,FA2020-class 6,8,1905AEJGDF,,9.2,7.5,7.5,6.7,7.5,Passed,7.4,,
FA2020,FA2020-class 6,9,1905AEACJA,,8.2,9.3,8,6,7.6,Passed,6.8,,
FA2020,FA2020-class 6,10,1905AEJGHC,,8,7,8,7.5,7.6,Passed,7.4,,
FA2020,FA2020-class 6,11,1905AEJBFB,,0,0,8,0,2,Attendance Fail,0,,
FA2020,FA2020-class 6,12,1905AEJHAE,,8.1,8,6.5,7.3,7.3,Passed,6.4,,
FA2020,FA2020-class 6,13,1905AEJHAD,,0,0,0,0,0,Attendance Fail,0,,
FA2020,FA2020-class 6,14,1905AEJHAB,,7.4,9.3,6.5,8.2,7.8,Passed,6.9,,
FA2020,FA2020-class 6,15,1905AEJHCF,,7.8,8.7,8,5.3,7.2,Passed,6.8,,
FA2020,FA2020-class 6,16,1905AEJEBI,,6.6,9.3,9.5,6.8,8,Passed,7.4,,
FA2020,FA2020-class 6,17,1905ADJIBI,,7.5,9.3,4,6.5,6.6,Passed,6.9,,
FA2020,FA2020-class 6,18,1905AEJIJD,,8,8,6.5,6.2,7,Passed,6.8,,
FA2020,FA2020-class 6,19,1905AEABGD,,7.3,8.7,10,7.8,8.4,Passed,6.9,,
FA2020,FA2020-class 6,20,1905AEACGB,,8.2,8.7,6.5,6.8,7.4,Passed,7.7,,
FA2020,FA2020-class 6,21,1905AEJIGD,,8.8,9.3,10,8.5,8.9,Passed,6.7,,
FA2020,FA2020-class 6,22,1905AEABFA,,8,6.5,6.5,5.8,6.5,Passed,6.8,,
FA2020,FA2020-class 6,23,1905AEJIHJ,,8.1,8.7,9,8,8.3,Passed,6.9,,
FA2020,FA2020-class 6,24,1905AEAEBC,,7.7,10,10,7.7,8.6,Passed,6.8,,
FA2020,FA2020-class 6,25,1905AEAJEH,,5.9,8.7,5,4.7,6,Passed,6.9,,
FA2020,FA2020-class 6,26,1905AEAJFB,,7.1,8.7,10,7.7,8.3,Passed,7.1,,
FA2020,FA2020-class 6,27,1905AEADCC,,8,8.7,8,5.8,7.4,Passed,6.9,,
FA2020,FA2020-class 6,28,1905AEACDF,,7.1,9.3,7.5,6.7,7.6,Passed,7.7,,
FA2020,FA2020-class 6,29,1905AEAAEE,,7.9,8.7,8,8.3,8.1,Passed,6.9,,
FA2020,FA2020-class 6,30,1905AEAAHA,,7.9,8.7,9,7.2,7.7,Passed,3.5,,
FA2020,FA2020-class 7,1,1905ADAJHD,,0,0,0,0,0.1,Attendance Fail,1.4,,
FA2020,FA2020-class 7,2,1905AEJEJG,,9.2,8,10,8,8.6,Passed,7.3,,
FA2020,FA2020-class 7,3,1905AEJCGH,,9.6,9,10,7.5,8.7,Passed,7.5,,
FA2020,FA2020-class 7,4,1905AEJBFG,,8.6,8,10,8.2,8.8,Passed,9.1,,
FA2020,FA2020-class 7,5,1905AEJJFH,,8.6,9,10,9.5,9.1,Passed,7,,
FA2020,FA2020-class 7,6,1905AEJJCI,,8.4,9,10,7.7,8.7,Passed,8.4,,
FA2020,FA2020-class 7,7,1905AEJGDC,,7.4,9,7.5,6.8,7.4,Passed,5.9,,
FA2020,FA2020-class 7,8,1905AEJEBJ,,4.2,8,10,0,5.3,Not Passed,5.3,,
FA2020,FA2020-class 7,9,1905AEJJEF,,7.6,9,7.5,8.2,7.8,Passed,5.7,,
FA2020,FA2020-class 7,10,1905AEJHBB,,3.4,0,0,0,0.8,Attendance Fail,2.5,,
FA2020,FA2020-class 7,11,1905AEJCEB,,7.4,7,8.5,5,6.8,Passed,6.7,,
FA2020,FA2020-class 7,12,1905AEJBDC,,8.2,9,8.8,5.7,7.6,Passed,6.8,,
FA2020,FA2020-class 7,13,1905AEJHFG,,9,9,10,8,8.8,Passed,7.2,,
FA2020,FA2020-class 7,14,1905AEJCHA,,9.6,7,8.8,7.3,7.9,Passed,6.5,,
FA2020,FA2020-class 7,15,1905AEJDII,,9,7,10,7.2,8.2,Passed,8.1,,
FA2020,FA2020-class 7,16,1905AEJBJD,,8.8,9,10,6.2,8.2,Passed,7.3,,
FA2020,FA2020-class 7,17,1905AEJHHC,,7.8,9,9,7.5,8.2,Passed,7.1,,
FA2020,FA2020-class 7,18,1905ACJEBB,,0,0,0,0,0.2,Attendance Fail,1.9,,
FA2020,FA2020-class 7,19,1905AEJCGC,,9.2,7,8,8,7.9,Passed,6.8,,
FA2020,FA2020-class 7,20,1905AEJIJC,,7.2,8,9.8,7.8,8.2,Passed,6.9,,
FA2020,FA2020-class 7,21,1905AEJCGA,,7.8,7,6,8.8,7.4,Passed,6.4,,
FA2020,FA2020-class 7,22,1905AEJACJ,,8.2,7,9,9.2,8.3,Passed,6.9,,
FA2020,FA2020-class 7,23,1905ADJDBE,,0,0,0,0,0.4,Not Passed,3.7,,
FA2020,FA2020-class 7,24,1905AEAJJD,,9.2,9,9,9,8.9,Passed,7.8,,
FA2020,FA2020-class 7,25,1905AEJJGJ,,7.8,9,10,7.7,8.6,Passed,8,,
FA2020,FA2020-class 7,26,1905ADAJFA,,0,0,0,0,0.2,Attendance Fail,2.3,,
FA2020,FA2020-class 7,27,1905AEJAIC,,8.6,9,10,9,9.2,Passed,9.2,,
FA2020,FA2020-class 7,28,1905AEJJEJ,,9.4,9,10,8.7,9.2,Passed,8.6,,
FA2020,FA2020-class 7,29,1905AEABCF,,3,9,7.5,7.5,7.1,Passed,7.1,,
FA2020,FA2020-class 7,30,1905ADJGFG,,0,0,0,0,0.1,Attendance Fail,0.6,,
FA2020,FA2020-class 8,1,1905ACJCJJ,,0,0,0,0,0,Not Passed,0,,
FA2020,FA2020-class 8,2,1905ADJEFJ,,1.4,0,0,0,0.2,Not Passed,0,,
FA2020,FA2020-class 8,3,1905FCBEH,,0,0,0,0,0,Not Passed,0,,
FA2020,FA2020-class 8,4,1905ADJBCG,,7.6,6.5,4.5,4.5,5.8,Passed,9,,
FA2020,FA2020-class 8,5,1905ADJHGD,,7.2,3.5,2,6.5,5.1,Passed,8.9,,
FA2020,FA2020-class 8,6,1905ADJDJA,,7.5,5.5,5.5,5.7,5.8,Passed,5,,
FA2020,FA2020-class 8,7,1905ADJDEG,,7.5,6.5,4,5.2,5.9,Passed,9,,
FA2020,FA2020-class 8,8,1905ADJCDC,,7.6,8,8.5,5.3,7.4,Passed,9.5,,
FA2020,FA2020-class 8,9,1905ADJGHH,,7.6,3.5,5,4,5.2,Passed,8.8,,
FA2020,FA2020-class 8,10,1905ADJJFG,,1.3,0,0,0,0.2,Not Passed,0,,
FA2020,FA2020-class 8,11,1905ADAJBA,,7.9,8.5,6,6.7,7.3,Passed,8.9,,
FA2020,FA2020-class 8,12,1905ADJJCA,,0,0,0,0,0,Not Passed,0,,
FA2020,FA2020-class 8,13,1905ADJGCC,,0,0,0,0,0,Not Passed,0,,
FA2020,FA2020-class 8,14,1905ADJBAA,,6.5,3.5,6.5,4.2,5.5,Passed,9.5,,
FA2020,FA2020-class 8,15,1905ADJJDE,,6.7,3.5,5.5,6,5.9,Passed,10,,
FA2020,FA2020-class 8,16,1905ACJCHC,,1.4,0,0,0,0.2,Not Passed,0,,
FA2020,FA2020-class 8,17,1905ADJDEB,,7.7,6,5,6.7,6.5,Passed,8.5,,
FA2020,FA2020-class 8,18,1905ADJHIH,,7.2,5,6,0,4.4,Not Passed,8,,
FA2020,FA2020-class 8,19,1905ADAJFE,,0,0,0,0,0,Not Passed,0,,
FA2020,FA2020-class 8,20,1905ADJGEA,,7.6,3.5,6.5,5.8,6.1,Passed,9,,
FA2020,FA2020-class 8,21,1905ADAACA,,7.7,6,2,4.7,5.1,Passed,8.8,,
FA2020,FA2020-class 8,22,1905ADJJAG,,6.6,3.5,5.5,6.8,6.1,Passed,10,,
FA2020,FA2020-class 8,23,1905ADJIBC,,5,1,4,0,2.4,Not Passed,4.3,,
FA2020,FA2020-class 8,24,1905FCCIA,,0,0,0,0,0,Not Passed,0,,
FA2020,FA2020-class 8,25,1905ADAAEC,,6.6,1,3,0,2.9,Not Passed,9.6,,
FA2020,FA2020-class 8,26,1905ADJIEA,,7.4,6,8,0,5.2,Is Susspended,8.8,,
FA2020,FA2020-class 8,27,1905ADAAFE,,6.3,6,3,6,5.4,Passed,6.8,,
FA2020,FA2020-class 8,28,1905ADJAAI,,6.4,6,5,5.2,5.8,Passed,8,,
FA2020,FA2020-class 8,29,1905ADJCCD,,1.3,0,0,0,0.2,Not Passed,0,,
FA2020,FA2020-class 8,30,1905ADJBGG,,5.4,0,0,0,1.2,Not Passed,4,,
FA2020,FA2020-class 8,31,1905ACJDHD,,7.4,7,5.5,3.8,5.9,Not Passed,9.1,,
FA2021,FA2021-class 1,1,1905AEJCDG,,,7,,6.4,6.6,Passed,9.8,9.4,4.5
FA2021,FA2021-class 1,2,1905AEJFCA,,,0,,0,0.7,Not Passed,4.7,1.9,0
FA2021,FA2021-class 1,3,1905AEJAHJ,,,8,,8.4,8.1,Passed,9.9,9.9,6.5
FA2021,FA2021-class 1,4,1905AEJDIJ,,,7,,6.2,5.7,Passed,9.4,9.3,2
FA2021,FA2021-class 1,5,1905AFAJJB,,,10,,9,9.5,Passed,9.4,9.8,9.5
FA2021,FA2021-class 1,6,1905AEJDDJ,,,7,,7.4,7.3,Passed,8.6,9.8,6
FA2021,FA2021-class 1,7,1905AEJFFF,,,10,,8.8,9.5,Passed,9.9,9.9,9.5
FA2021,FA2021-class 1,8,1905AEJEEF,,,7,,9,8.2,Passed,10,9.9,7
FA2021,FA2021-class 1,9,1905AEJJDG,,,7.5,,7.2,8.2,Passed,9.9,9.9,8.5
FA2021,FA2021-class 1,10,1905AEJAJB,,,7.5,,9,8.9,Passed,9.8,9.9,9
FA2021,FA2021-class 1,11,1905AEJCBC,,,7,,7.4,7.1,Passed,9.9,9.6,5
FA2021,FA2021-class 1,12,1905AFJJCD,,,10,,7.6,8.4,Passed,8.9,9.8,7.5
FA2021,FA2021-class 1,13,1905AEJBCE,,,7,,6.6,6.1,Passed,9.6,9.8,2.5
FA2021,FA2021-class 1,14,1905AEJJDH,,,7.5,,8.4,7.4,Passed,10,9.9,4.5
FA2021,FA2021-class 1,15,1905AFJAJH,,,6.5,,7.4,7.4,Passed,9.4,9.5,6.5
FA2021,FA2021-class 1,16,1905AFAHAC,,,10,,8.2,9.3,Passed,10,9.8,9.5
FA2021,FA2021-class 1,17,1905AFJJBF,,,10,,9,9.3,Passed,9.4,9.8,9
FA2021,FA2021-class 1,18,1905AEJEGI,,,7,,7.4,7.4,Passed,8.5,9.4,6.5
FA2021,FA2021-class 1,19,1905AEJDJJ,,,6.5,,4.2,5,Passed,9.4,9.5,2
FA2021,FA2021-class 1,20,1919AEJEAA,,,0,,0,0,Not Passed,0,0,0
FA2021,FA2021-class 1,21,1905AEJCJE,,,6.5,,8,6.5,Passed,9,9.9,3
FA2021,FA2021-class 1,22,1905AEJEIE,,,10,,8.8,9.3,Passed,9.9,9.8,9
FA2021,FA2021-class 1,23,1905AEJAEC,,,7.5,,8.6,7.7,Passed,9.9,9.9,5.5
FA2021,FA2021-class 1,24,1905AEJCHJ,,,7,,7.4,6.4,Passed,9.1,9.7,3
FA2021,FA2021-class 1,25,1905AEJJFD,,,7,,7.6,6.5,Passed,9.8,9.7,3
FA2021,FA2021-class 1,26,1905AEJBBH,,,7,,6,7.3,Passed,8.6,9.5,7.5
FA2021,FA2021-class 1,27,1905AEJAHA,,,8,,8,8.7,Passed,9.7,9.8,9
FA2021,FA2021-class 1,28,1905AEJDED,,,5,,7.8,6.7,Passed,8.9,9.8,5
FA2021,FA2021-class 1,29,1905AEJCCA,,,8,,6,6.2,Passed,9.1,9.5,3
FA2021,FA2021-class 1,30,1905AEJCJI,,,7,,6.2,5.8,Passed,9.4,9.6,2
FA2021,FA2021-class 2,1,1905AEJFBF,,,8.1,,8.2,7.4,Passed,6.8,8.2,6
FA2021,FA2021-class 2,2,1905AEJFFJ,,,7.4,,8,6.3,Passed,4.9,7.4,4
FA2021,FA2021-class 2,3,1905ADJECE,,,1.5,,0,0.4,Attendance Fail,0,1.2,0
FA2021,FA2021-class 2,4,1905AEJFIB,,,7.8,,8.8,7.4,Passed,5.9,8.2,6
FA2021,FA2021-class 2,5,1905AEJCGF,,,8.6,,8.2,7.7,Passed,8.6,8.7,6
FA2021,FA2021-class 2,6,1905AFAGGI,,,8.9,,8.4,8.1,Passed,7.4,9.1,7
FA2021,FA2021-class 2,7,1905AEABCI,,,8.5,,8.6,7.7,Passed,7.2,8.6,6
FA2021,FA2021-class 2,8,1905AEJEIF,,,8.3,,7.4,7,Passed,6.8,8.1,5.5
FA2021,FA2021-class 2,9,1905AEJGHD,,,6.5,,6.8,7.1,Passed,7.1,6.9,8
FA2021,FA2021-class 2,10,1905AEJGIJ,,,8.6,,8.4,8,Passed,7.7,8.7,7
FA2021,FA2021-class 2,11,1905FCJGB,,,7,,7,5.8,Passed,3.2,7.4,4
FA2021,FA2021-class 2,12,1905AFABHI,,,8.3,,8.6,8.5,Passed,8.4,8.8,8.5
FA2021,FA2021-class 2,13,1905AEABJH,,,8.9,,8.2,8.2,Passed,7.7,9.2,7.5
FA2021,FA2021-class 2,14,1905AEABCJ,,,1.3,,0,0.4,Attendance Fail,0,1,0
FA2021,FA2021-class 2,15,1905ADJGCC,,,5.1,,4.2,5.2,Passed,4.9,6.3,6
FA2021,FA2021-class 2,16,1905AEACIE,,,7.1,,7.8,6.8,Passed,5.8,6.8,6
FA2021,FA2021-class 2,17,1905AEJICD,,,7.9,,8.4,8.3,Passed,7.1,8.4,9
FA2021,FA2021-class 2,18,1905AFABFA,,,9,,8.6,8.9,Passed,9.1,9.3,9
FA2021,FA2021-class 2,19,1901ADJBIB,,,6,,7,6.4,Passed,6.4,6.1,6
FA2021,FA2021-class 2,20,1905AEJIGA,,,1.5,,0,0.6,Attendance Fail,1.6,1.2,0
FA2021,FA2021-class 2,21,1905AEABEF,,,8.5,,8.8,7.8,Passed,7.3,9,6
FA2021,FA2021-class 2,22,1905AFJAAH,,,7.5,,0,3,Not Passed,0,5.8,3
FA2021,FA2021-class 2,23,1905AEJIHH,,,6,,6.2,5.9,Passed,7.6,6,5
FA2021,FA2021-class 2,24,1905AEAJBE,,,1.8,,0,0.5,Attendance Fail,0,1.4,0
FA2021,FA2021-class 2,25,1905AEAJHG,,,7.6,,6.6,7.2,Passed,7.2,7.7,7.5
FA2021,FA2021-class 2,26,1905ADJGFG,,,1.6,,0,0.5,Attendance Fail,0,1.3,0
FA2021,FA2021-class 2,27,1905AEAAJI,,,7.6,,7.4,7.4,Passed,7.4,8.3,7
FA2021,FA2021-class 2,28,1905AEAACG,,,4.9,,8.2,5.9,Passed,7.1,5.7,4
FA2021,FA2021-class 2,29,1905AEAAHJ,,,7.6,,5.8,6.4,Passed,5.8,7.5,6
FA2021,FA2021-class 2,30,1905AEAAHC,,,6.8,,5.2,5.9,Passed,5.1,6.2,6
FA2021,FA2021-class 3,1,1905AEJJHG,,,9,,8.6,8.5,Passed,9.1,8.1,8
FA2021,FA2021-class 3,2,1905AEJGCF,,,8,,7,7.8,Passed,9.5,7.6,8
FA2021,FA2021-class 3,3,1905AEJBDI,,,9,,8,8.2,Passed,8.3,8.1,8
FA2021,FA2021-class 3,4,1905AEJAIG,,,8,,6.2,7.6,Passed,9.7,7.6,8
FA2021,FA2021-class 3,5,1905AEJBIC,,,8,,7.6,7.9,Passed,9,7.6,8
FA2021,FA2021-class 3,6,1905AEJABC,,,8,,7.8,8.1,Passed,9.7,7.6,8
FA2021,FA2021-class 3,7,1905AEJABE,,,8,,5.4,7.3,Passed,9.5,7.6,8
FA2021,FA2021-class 3,8,1905AFJBII,,,8,,7,7.7,Passed,8.6,7.7,8
FA2021,FA2021-class 3,9,1905AFAHJJ,,,8,,7.4,7.9,Passed,9.5,7.6,8
FA2021,FA2021-class 3,10,1905AFJJGE,,,8,,6,7.3,Passed,8.8,6.6,8
FA2021,FA2021-class 3,11,1905AFJJJD,,,0,,0,0.5,Not Passed,4.7,0,0
FA2021,FA2021-class 3,12,1905AEADCE,,,8,,7.2,7.9,Passed,9.5,7.6,8
FA2021,FA2021-class 3,13,1905AFJEAC,,,8,,7.6,8,Passed,9.4,7.6,8
FA2021,FA2021-class 3,14,1905AFJHHJ,,,8,,8.6,8.3,Passed,9.1,7.6,8
FA2021,FA2021-class 3,15,1905AFJABA,,,8,,8.6,8.3,Passed,9.4,7.6,8
FA2021,FA2021-class 3,16,1905AFJAIC,,,8,,7.8,8,Passed,9.4,7.6,8
FA2021,FA2021-class 3,17,1905AFJBBB,,,7,,5.2,6.8,Passed,9.1,5.4,8
FA2021,FA2021-class 3,18,1905AEJJAI,,,8,,7.8,8,Passed,9.1,7.6,8
FA2021,FA2021-class 3,19,1905AFJGFA,,,8,,8.4,8.2,Passed,9.4,7.6,8
FA2021,FA2021-class 3,20,1905AEJBJH,,,8,,8.4,8.2,Passed,8.9,7.6,8
FA2021,FA2021-class 3,21,1905AEJACH,,,8,,7.6,7.9,Passed,8.9,7.6,8
FA2021,FA2021-class 3,22,1905AFJADD,,,8,,7.8,8,Passed,9.4,7.6,8
FA2021,FA2021-class 3,23,1905AFJGIC,,,8,,8,8.1,Passed,9.1,7.6,8
FA2021,FA2021-class 3,24,1905AFJBEA,,,8,,7.6,7.9,Passed,9,7.6,8
FA2021,FA2021-class 3,25,1905AFJDFF,,,8,,8.4,8.2,Passed,9.4,7.6,8
FA2021,FA2021-class 3,26,1905AFJGEC,,,8,,8.8,8.3,Passed,9.4,7.6,8
FA2021,FA2021-class 3,27,1905AFJIIG,,,8,,8.8,8.3,Passed,9.1,7.6,8
FA2021,FA2021-class 3,28,1905AFJGGC,,,8,,9.2,8.5,Passed,9.4,7.6,8
FA2021,FA2021-class 3,29,1905AFJJDH,,,8,,8.6,8.3,Passed,9.4,7.6,8
FA2021,FA2021-class 4,1,1905AFACJB,,,10,,9.4,9.1,Passed,9.7,9.2,8
FA2021,FA2021-class 4,2,1905AEJFEA,,,7,,8.8,6.7,Passed,7.4,6.1,4.5
FA2021,FA2021-class 4,3,1905AFAJFC,,,6,,7,8,Passed,8.9,7.7,10
FA2021,FA2021-class 4,4,1905AFAACA,,,9,,7.6,7,Passed,9.4,6.7,4.5
FA2021,FA2021-class 4,5,1905AEJFGE,,,6,,8.6,6.3,Passed,7.6,6,4
FA2021,FA2021-class 4,6,1905AFAAAI,,,9,,5,5.9,Passed,6.7,6.9,4
FA2021,FA2021-class 4,7,1905AFADAE,,,7.5,,8,8.2,Passed,9,7.3,9
FA2021,FA2021-class 4,8,1905AFADCI,,,6,,6.8,7.9,Passed,8.7,8.2,10
FA2021,FA2021-class 4,9,1905AFJAHE,,,10,,8.6,8.6,Passed,9.6,8.3,7.5
FA2021,FA2021-class 4,10,1905AFJICI,,,9,,5,5.9,Passed,6.4,7.7,4
FA2021,FA2021-class 4,11,1905AFJICB,,,7,,8.4,7.6,Passed,8.1,8.8,6.5
FA2021,FA2021-class 4,12,1905AEJEHD,,,5,,4.6,5.5,Passed,7.3,5.5,6
FA2021,FA2021-class 4,13,1905AEJBGA,,,6,,7,7.6,Passed,8.3,7.9,9
FA2021,FA2021-class 4,14,1905AEJHGD,,,7,,6.2,7,Passed,7.4,7.6,7.5
FA2021,FA2021-class 4,15,1905AFJCFF,,,7,,9,8,Passed,9.1,7.2,7.5
FA2021,FA2021-class 4,16,1905AFADCD,,,6,,6.8,7.7,Passed,8.9,8.8,9
FA2021,FA2021-class 4,17,1905AEJBGF,,,8,,6.8,8.1,Passed,9.4,8.6,9
FA2021,FA2021-class 4,18,1905AFJJCG,,,10,,9.4,9.3,Passed,9.6,8.5,9
FA2021,FA2021-class 4,19,1905AFACHD,,,10,,10,10,Passed,10,10,10
FA2021,FA2021-class 4,20,1905AFJAAA,,,0,,0,1,Attendance Fail,4.2,5.7,0
FA2021,FA2021-class 4,21,1905AFAFCD,,,5,,0,1.9,Not Passed,4.7,4.1,0
FA2021,FA2021-class 4,22,1905AFAAFJ,,,8,,5,5.8,Passed,8.2,6.8,4
FA2021,FA2021-class 4,23,1905AFADGH,,,9,,8,8,Passed,8.9,8.1,7
FA2021,FA2021-class 4,24,1905AFAJFA,,,9,,7,7.6,Passed,8.3,7.6,7
FA2021,FA2021-class 4,25,1905AFJIFH,,,6,,6.4,7.3,Passed,7.4,7.1,9
FA2021,FA2021-class 5,1,1905ADJAGH,,,4.2,,0,1.2,Attendance Fail,0,3.3,0
FA2021,FA2021-class 5,2,1905ADJECE,,,0,,0,0,Attendance Fail,0,0,0
FA2021,FA2021-class 5,3,1905ADAJHE,,,6.3,,6.4,6.1,Passed,5,6.6,6
FA2021,FA2021-class 5,4,1905AFAAJB,,,8,,7.8,7.9,Passed,7.8,8.1,8
FA2021,FA2021-class 5,5,1905ACJDEE,,,6.9,,5.6,5.6,Passed,6.3,6.9,4
FA2021,FA2021-class 5,6,1905AEJGCD,,,8,,6.8,7.7,Passed,9,8,8
FA2021,FA2021-class 5,7,1905ADJFHE,,,6.9,,7.2,6.2,Passed,4.5,7.5,5
FA2021,FA2021-class 5,8,1905AEADEI,,,8.1,,8.2,7.7,Passed,4.3,8,8
FA2021,FA2021-class 5,9,1905ADJEGE,,,7.4,,7,6.8,Passed,6.8,7.6,6
FA2021,FA2021-class 5,10,1905AFAAJH,,,8.5,,9.2,8.7,Passed,7.8,8.9,8.5
FA2021,FA2021-class 5,11,1905AEJBHF,,,5.9,,4.6,5,Passed,6.8,5.4,4
FA2021,FA2021-class 5,12,1905AFJIEC,,,1.2,,0,1.1,Not Passed,6.8,1.5,0
FA2021,FA2021-class 5,13,1905ADJJFG,,,7.5,,6.4,6.1,Passed,4,7.8,5
FA2021,FA2021-class 5,14,1905ADJCFE,,,0,,0,0,Attendance Fail,0,0,0
FA2021,FA2021-class 5,15,1905ACJAIB,,,0,,0,0,Attendance Fail,0,0,0
FA2021,FA2021-class 5,16,1905AFAEFG,,,1.5,,0,0.5,Attendance Fail,0,1.9,0
FA2021,FA2021-class 5,17,1905ADJBJC,,,8.7,,7.4,7.2,Passed,8.5,8.9,5
FA2021,FA2021-class 5,18,1905AFJGIG,,,2.8,,0,0.7,Attendance Fail,0,1.9,0
FA2021,FA2021-class 5,19,1905ACJJJF,,,7.6,,6.6,6.9,Passed,5.3,8,7
FA2021,FA2021-class 5,20,1905FBIEI,,,0,,0,0,Attendance Fail,0,0,0
FA2021,FA2021-class 5,21,1905AFJAAA,,,7.9,,6.6,7.5,Passed,7.3,8.1,8
FA2021,FA2021-class 5,22,1905ADJGFG,,,8.3,,6.8,7.5,Passed,5.8,8.3,8
FA2021,FA2021-class 5,23,1905ADJCCD,,,7.8,,6.6,7.3,Passed,7,8,7.5
FA2021,FA2021-class 5,24,1905FADCJ,,,0,,0,0,Attendance Fail,0,0,0
FA2021,FA2021-class 6,1,1905AEJJCB,,,7,,6.6,7.5,Passed,7.7,9.8,8
FA2021,FA2021-class 6,2,1905AFADDG,,,1,,0,1.3,Not Passed,8,3.4,0
FA2021,FA2021-class 6,3,1905AEJGDH,,,5,,4.6,5,Passed,8.7,5.7,4
FA2021,FA2021-class 6,4,0805AECBJE,,,7,,7.8,7.3,Passed,7.6,8.4,6.5
FA2021,FA2021-class 6,5,1905AFADDA,,,6,,7.6,6.6,Passed,7.7,7.1,5.5
FA2021,FA2021-class 6,6,1905AEAAJB,,,8,,8,7.6,Passed,9.1,7.7,6.5
FA2021,FA2021-class 6,7,1905AFJGIJ,,,10,,8,8.5,Passed,8.6,8.4,8
FA2021,FA2021-class 6,8,1905AFADGJ,,,5,,5.6,5.5,Passed,8.9,7.2,4
FA2021,FA2021-class 6,9,1905AFJHAI,,,7,,8,8,Passed,8.6,9.1,8
FA2021,FA2021-class 6,10,1905AFAFHH,,,6,,7.6,6.7,Passed,7.5,7.9,5.5
FA2021,FA2021-class 6,11,1905AFADDC,,,5,,8.2,7.8,Passed,8.4,7.6,9
FA2021,FA2021-class 6,12,1905AFAIDB,,,7,,7.2,7.3,Passed,9.1,8.8,6.5
FA2021,FA2021-class 6,13,1905AFAEFG,,,1,,7.6,4.2,Not Passed,7.1,4.5,2
FA2021,FA2021-class 6,14,1905AFAFIB,,,6,,8.6,7.2,Passed,7.1,7.7,6.5
FA2021,FA2021-class 6,15,1905AFAEJA,,,7,,7.6,7,Passed,8.1,8.2,5.5
FA2021,FA2021-class 6,16,1905AFJCGB,,,7,,7.6,7.5,Passed,7.9,9.2,7
FA2021,FA2021-class 6,17,1905AEAJDC,,,6,,8,8.4,Passed,9.2,8.7,10
FA2021,FA2021-class 6,18,1905AEAJDF,,,10,,7.6,8.4,Passed,9.4,9,7.5
FA2021,FA2021-class 6,19,1905AEAJEF,,,7,,7.6,8.5,Passed,9.2,8.8,10
FA2021,FA2021-class 6,20,1905AEAJFF,,,6,,7,7.7,Passed,9.2,8,9
FA2021,FA2021-class 6,21,1905AEAJGD,,,10,,8.2,9,Passed,10,10,8.5
FA2021,FA2021-class 6,22,1905AEAJHF,,,5,,8,7.2,Passed,9.6,8.8,6.5
FA2021,FA2021-class 6,23,1905AEAJGH,,,7.5,,5.8,7.9,Passed,8.7,7.7,10
FA2021,FA2021-class 6,24,1905AEAAJA,,,7,,8.2,8.8,Passed,9.8,10,10
FA2021,FA2021-class 6,25,1905AEAAJH,,,0,,0,0.7,Attendance Fail,3.8,3.3,0
FA2021,FA2021-class 6,26,1905AFAHBH,,,0,,0,0.4,Not Passed,0,4.4,0
FA2021,FA2021-class 6,27,1905AFJGGE,,,10,,6.2,7.1,Passed,7.8,8.2,5.5
FA2021,FA2021-class 6,28,1905AFAEGF,,,6,,7.2,6.4,Passed,8.1,8.3,4.5
FA2021,FA2021-class 6,29,0405AFJJAE,,,6,,8,6.4,Passed,6.2,6.9,5
FA2021,FA2021-class 7,1,1905AEJAII,,,7,,7.4,7.5,Passed,7.9,8.6,7.3
FA2021,FA2021-class 7,2,1905AEJGJE,,,9,,8.2,8.2,Passed,8.9,9.5,7
FA2021,FA2021-class 7,3,1905AEJJGI,,,9,,7.6,8.8,Passed,9.5,9.3,9.5
FA2021,FA2021-class 7,4,1905AEJAEI,,,10,,8.8,8.9,Passed,9,9.9,8
FA2021,FA2021-class 7,5,1905AEJEHJ,,,8,,4.8,6.1,Passed,4.9,4.9,7
FA2021,FA2021-class 7,6,1905AEJHAF,,,0,,0,0.5,Attendance Fail,3,1.8,0
FA2021,FA2021-class 7,7,1905AEJHAA,,,5,,5.2,5.3,Passed,7.3,8.3,4
FA2021,FA2021-class 7,8,1905AEJAGC,,,9,,8.6,8.5,Passed,9.6,9.2,7.5
FA2021,FA2021-class 7,9,1905AEJHBE,,,6,,7.2,6.1,Passed,5.2,7.4,4.8
FA2021,FA2021-class 7,10,1905AEJBDJ,,,6,,6.8,5.9,Passed,6.7,6.9,4.5
FA2021,FA2021-class 7,11,1905AEJJGG,,,6,,7.2,6.3,Passed,8.1,7.3,4.5
FA2021,FA2021-class 7,12,1905AEACDG,,,7,,8.8,7.6,Passed,8.1,7.8,6.5
FA2021,FA2021-class 7,13,1905AEJIBC,,,7,,7.8,6.2,Passed,7.8,7.7,3
FA2021,FA2021-class 7,14,1905AEJICI,,,8,,6.4,7,Passed,8,8.2,6.3
FA2021,FA2021-class 7,15,1905AEJIDJ,,,10,,7.2,7.6,Passed,8.1,7.8,6.3
FA2021,FA2021-class 7,16,1905AEADJE,,,6,,7.8,5.9,Passed,7.2,6.9,3
FA2021,FA2021-class 7,17,1905AFJIJI,,,10,,7.6,7.6,Passed,8.1,8.4,5.5
FA2021,FA2021-class 7,18,1905AFJHFE,,,10,,7.4,7.9,Passed,8.2,8.8,6.5
FA2021,FA2021-class 7,19,1905AFJHFF,,,10,,5.8,7.1,Passed,8.1,7.5,6
FA2021,FA2021-class 7,20,1905AEADAF,,,6,,5.2,5,Passed,5.8,7.9,3
FA2021,FA2021-class 7,21,1905AEJACC,,,6,,7,6.3,Passed,8.6,8.2,4.5
FA2021,FA2021-class 7,22,1905AEAAIB,,,0,,0,0.6,Attendance Fail,2.8,3.4,0
FA2021,FA2021-class 7,23,1905AEAJJG,,,9.5,,7,7.4,Passed,6.4,7.9,6.5
FA2021,FA2021-class 7,24,1905AEAJDE,,,8,,6.6,6.9,Passed,8.4,5.7,6.5
FA2021,FA2021-class 7,25,1905AEACEH,,,4,,0,2.5,Not Passed,8.1,2.6,2
FA2021,FA2021-class 7,26,1905AEJAAF,,,10,,9.6,9.6,Passed,9.6,9.5,9.5
FA2021,FA2021-class 7,27,1905AEADHG,,,6,,6.8,5.6,Passed,6.8,8.2,3
FA2021,FA2021-class 7,28,1905AEAABA,,,10,,9.4,9.1,Passed,9.1,9.9,8
FA2021,FA2021-class 7,29,1905AEAADA,,,9.5,,5.8,6.7,Passed,6.9,8,5.3
FA2021,FA2021-class 7,30,1905AFJIBD,,,10,,7.2,7.8,Passed,7.7,9.7,6.5
FA2021,FA2021-class 8,1,1905AFJHGC,,,8,,8,8.1,Passed,8.4,8.8,8
FA2021,FA2021-class 8,2,1905AEJFCJ,,,6,,9,7.3,Passed,8.8,7.3,6
FA2021,FA2021-class 8,3,1905AEJJAA,,,9,,7.4,8.2,Passed,6.8,8,9
FA2021,FA2021-class 8,4,1905AEABJD,,,8,,7.4,7.7,Passed,7.8,7,8
FA2021,FA2021-class 8,5,1905AEJCIA,,,5,,6.4,5.6,Passed,7.8,4,5
FA2021,FA2021-class 8,6,1905AEJJEA,,,2,,0,1.5,Not Passed,4.2,1,2
FA2021,FA2021-class 8,7,1905AEJJAD,,,6.5,,8,7,Passed,6.2,7.5,6.5
FA2021,FA2021-class 8,8,1905AEABAI,,,6,,8,6.8,Passed,7.8,6.5,6
FA2021,FA2021-class 8,9,1905AEJGEA,,,2,,0,1.8,Not Passed,6.2,2,2
FA2021,FA2021-class 8,10,1905AEJGFB,,,9,,7,8.2,Passed,7.6,8,9
FA2021,FA2021-class 8,11,1905AEJDHI,,,5,,7.8,6.1,Passed,5.6,6.5,5
FA2021,FA2021-class 8,12,1905AEJGHH,,,2,,0,1.8,Not Passed,5.4,3,2
FA2021,FA2021-class 8,13,1905AEJJAB,,,7,,8,7.3,Passed,6.4,8,7
FA2021,FA2021-class 8,14,1905AEJHBJ,,,2,,0,1.6,Not Passed,4,2,2
FA2021,FA2021-class 8,15,1905AFJJHI,,,6,,6.8,5.8,Passed,1,7,6
FA2021,FA2021-class 8,16,1905AEJEAD,,,0,,0,0,Not Passed,0,0,0
FA2021,FA2021-class 8,17,1905AFJJEH,,,7,,8.2,7.7,Passed,8.2,9,7
FA2021,FA2021-class 8,18,1905AEJJHC,,,5,,8,6.3,Passed,7,7,5
FA2021,FA2021-class 8,19,1905AEJJBI,,,6,,4.4,5.6,Passed,6,6.5,6
FA2021,FA2021-class 8,20,1905AEJBBI,,,7,,6.4,7,Passed,6.6,9,7
FA2021,FA2021-class 8,21,1905AEJIBA,,,7,,7.8,7.5,Passed,8.2,8,7
FA2021,FA2021-class 8,22,1905AEJBAB,,,8,,5.6,7.3,Passed,7,9,8
FA2021,FA2021-class 8,23,1905AEJIFH,,,9,,8,8.6,Passed,8.2,9,9
FA2021,FA2021-class 8,24,1905AEAJED,,,8,,7.4,7.9,Passed,7.8,8.5,8
FA2021,FA2021-class 8,25,1905AEJJCG,,,8,,8,7.9,Passed,6.4,8.5,8
FA2021,FA2021-class 8,26,1905AFJJCJ,,,9,,8.6,8.8,Passed,7.8,9,9
FA2021,FA2021-class 8,27,1905AEJECI,,,0,,0,0,Not Passed,0,0,0
FA2021,FA2021-class 8,28,1905AEJCDA,,,5,,8.6,6.3,Passed,6.4,6,5
FA2021,FA2021-class 8,29,1905AEJJDI,,,6.5,,8,7.1,Passed,8.2,6.5,6.5
FA2021,FA2021-class 8,30,1905AEJFJD,,,7,,6.8,6.8,Passed,5,8,7
FA2021,FA2021-class 9,1,1905AEJAJA,,,9,,7.6,8.5,Passed,6.9,8.8,9.5
FA2021,FA2021-class 9,2,1905AEJJFB,,,8,,8.2,8.7,Passed,9.9,8,9.5
FA2021,FA2021-class 9,3,1905AEJFBI,,,7,,5.2,5.3,Passed,5.7,6,4
FA2021,FA2021-class 9,4,1905AEJAJH,,,0,,0,0,Attendance Fail,0,0,0
FA2021,FA2021-class 9,5,1905AEJAFG,,,8,,6.8,8.2,Passed,9.6,7.7,9.5
FA2021,FA2021-class 9,6,1905AEJJEH,,,9,,8.2,8.9,Passed,10,8.9,9
FA2021,FA2021-class 9,7,1905AEJJHJ,,,9,,8.2,8.9,Passed,10,9.3,9
FA2021,FA2021-class 9,8,1905AEJGHE,,,7.5,,7.8,7.5,Passed,7.9,7.4,7
FA2021,FA2021-class 9,9,1905AEJABF,,,8,,8.4,8.5,Passed,7.9,7.8,9.5
FA2021,FA2021-class 9,10,1905AEJGIF,,,8.5,,7.8,8.5,Passed,9.5,8.3,9
FA2021,FA2021-class 9,11,1905AEJJIC,,,8,,8.6,8.7,Passed,9.9,7.8,9
FA2021,FA2021-class 9,12,1905AEJJGA,,,8.5,,8.6,8.9,Passed,10,9,9
FA2021,FA2021-class 9,13,1905AEJJEG,,,8.5,,8.8,9.1,Passed,10,9.1,9.5
FA2021,FA2021-class 9,14,1905AEJJFJ,,,8.5,,7.8,8.3,Passed,9.9,8.2,8
FA2021,FA2021-class 9,15,1905AEJADJ,,,8,,5.6,7.7,Passed,8.3,7.9,9.5
FA2021,FA2021-class 9,16,1905AFABAA,,,8,,5.4,6.7,Passed,6.3,8,7
FA2021,FA2021-class 9,17,1905AEJAFE,,,8,,7,8,Passed,8,7.7,9
FA2021,FA2021-class 9,18,1905FBIEI,,,0,,0,0,Attendance Fail,0,0,0
FA2021,FA2021-class 9,19,1905AEJAGJ,,,8,,5.8,7.9,Passed,9.5,7.7,9.5
FA2021,FA2021-class 9,20,1905AEJJIG,,,8,,7.6,8.5,Passed,9.4,8.6,9.5
FA2021,FA2021-class 9,21,1905AEJACG,,,7.5,,5.8,7.7,Passed,9.3,8,9
FA2021,FA2021-class 9,22,1905AEJJEB,,,8.5,,8.8,8.6,Passed,9,8,8.5
FA2021,FA2021-class 9,23,1905AEJAEA,,,8,,7,8.1,Passed,8.6,7.9,9
FA2021,FA2021-class 9,24,1905AEJACA,,,8,,6.2,8,Passed,9.5,8.4,9
FA2021,FA2021-class 10,1,1905AEJBHI,,,8,,6.8,6.8,Passed,9.3,7.2,5
FA2021,FA2021-class 10,2,1905AEJBIE,,,8,,5.4,6.3,Passed,7.8,7.8,5
FA2021,FA2021-class 10,3,1905AEJBFJ,,,8,,7.2,7.5,Passed,9.8,8.2,6.5
FA2021,FA2021-class 10,4,1905AEJCJC,,,5,,9,6.9,Passed,8.5,8.7,5
FA2021,FA2021-class 10,5,1905AEJBCC,,,8,,6.8,7.3,Passed,9.3,8.2,6.5
FA2021,FA2021-class 10,6,1905AEJBAH,,,5,,7.8,7.2,Passed,8.8,8.4,7
FA2021,FA2021-class 10,7,1905AEJBGB,,,8,,7.6,7.5,Passed,8.5,8,6.5
FA2021,FA2021-class 10,8,1905AEJBBB,,,8,,8,8.1,Passed,9,8.4,8
FA2021,FA2021-class 10,9,1905AEJBID,,,5,,9.6,7.7,Passed,8.8,8.8,7
FA2021,FA2021-class 10,10,1905AEJBJB,,,8,,6.4,6.8,Passed,8.5,4.8,6.5
FA2021,FA2021-class 10,11,1905AEJAJC,,,5,,7.8,7.2,Passed,9,8.8,7
FA2021,FA2021-class 10,12,1905AEJAGF,,,8,,8.2,6.9,Passed,7.8,7.6,4.5
FA2021,FA2021-class 10,13,1905AEJBBF,,,8,,6.8,5.2,Passed,8.8,5.6,0.5
FA2021,FA2021-class 10,14,1905AEJBBA,,,5,,6.8,6.2,Passed,8.5,5,6
FA2021,FA2021-class 10,15,1905AEJBCA,,,5,,7,6.6,Passed,8.5,8.6,6
FA2021,FA2021-class 10,16,1905ACJEJC,,,5,,6.2,5.4,Passed,9,7,3
FA2021,FA2021-class 10,17,1905AFJGEH,,,7,,7.4,6.7,Passed,8.8,7.2,5
FA2021,FA2021-class 10,18,1905AEJBAA,,,8,,7.2,7,Passed,9.3,7.8,5
FA2021,FA2021-class 10,19,1905AEJAFH,,,7,,7.4,6.9,Passed,9,7.6,5.5
FA2021,FA2021-class 10,20,1905AEJBGJ,,,8,,8.2,7.7,Passed,8.8,8.2,6.5
FA2021,FA2021-class 10,21,1905ADJDFE,,,0,,0,0,Attendance Fail,0,0,0
FA2021,FA2021-class 10,22,1905ADJEAE,,,7,,5,5.7,Passed,8.5,5.6,4.5
FA2021,FA2021-class 10,23,1905FCCJI,,,7,,5.8,5.8,Passed,7.5,4.1,5
FA2021,FA2021-class 11,1,1905AEJCJB,,,5,,6.8,7.5,Passed,9.8,8.3,9
FA2021,FA2021-class 11,2,1905AEJCEG,,,5,,6.6,7.1,Passed,9.4,8,8
FA2021,FA2021-class 11,3,1905AEJCFH,,,7,,7.6,7.6,Passed,7.5,7.4,8
FA2021,FA2021-class 11,4,1905AEJCBF,,,7.5,,7.2,8.1,Passed,9.4,8.1,9
FA2021,FA2021-class 11,5,1905AEJCAF,,,5,,6.8,6.8,Passed,9.1,7.4,7
FA2021,FA2021-class 11,6,1905AEJCBD,,,8.5,,7,8.4,Passed,9,8.8,9.5
FA2021,FA2021-class 11,7,1905AEJCDF,,,5,,7.6,7.4,Passed,9,7.9,8
FA2021,FA2021-class 11,8,1905AEJADE,,,9,,8.2,8.8,Passed,8.3,9,9.5
FA2021,FA2021-class 11,9,1905AEJCFJ,,,8,,6,6.3,Passed,6,8.2,5
FA2021,FA2021-class 11,10,1905AEJCCH,,,5,,8.2,7.6,Passed,9.3,8.1,8
FA2021,FA2021-class 11,11,1905AEJCFD,,,8,,7.2,7.9,Passed,9.1,8.2,8
FA2021,FA2021-class 11,12,1905AEJCEE,,,8,,8.4,8.6,Passed,8.5,8.1,9.5
FA2021,FA2021-class 11,13,1905AEJCEH,,,5,,8.4,7.4,Passed,6.8,7.9,8
FA2021,FA2021-class 11,14,1905AEJCBI,,,5,,6.4,6.5,Passed,9.9,7.6,6
FA2021,FA2021-class 11,15,1905AEJCHF,,,7,,6.8,7.4,Passed,8.3,7.6,8
FA2021,FA2021-class 11,16,1905AEJCAH,,,5,,6.6,7,Passed,8.1,7.7,8
FA2021,FA2021-class 11,17,1905AEJCJD,,,5,,7.2,7.5,Passed,9.9,8.1,8.5
FA2021,FA2021-class 11,18,1905AEJCEA,,,7.5,,8.4,8.7,Passed,9.9,8.6,9.5
FA2021,FA2021-class 11,19,1905AEJCBJ,,,5,,6.6,7,Passed,8.5,8,8
FA2021,FA2021-class 11,20,1905AEJCAE,,,8,,7.8,8.1,Passed,9.1,8,8
FA2021,FA2021-class 11,21,1905AEJCJG,,,8,,8.2,8.5,Passed,9.5,8.1,9
FA2021,FA2021-class 11,22,1905AEJCAI,,,8,,8.4,8.6,Passed,9.9,8.2,9
FA2021,FA2021-class 11,23,1905AEJCCF,,,5,,4.6,5.9,Passed,9.5,8.1,6
FA2021,FA2021-class 11,24,1905AEJCGE,,,7,,6.8,7,Passed,7.2,7.4,7
FA2021,FA2021-class 11,25,1905AEJCCI,,,5,,6.8,6.7,Passed,8.5,7.4,7
FA2021,FA2021-class 11,26,1905AEJCDE,,,7,,5.4,6.9,Passed,9.1,7.4,7.5
FA2021,FA2021-class 11,27,1905AEJBIF,,,5,,6.4,7.5,Passed,9.1,8.2,9.5
FA2021,FA2021-class 11,28,1905AEJBEJ,,,5,,8,6.9,Passed,9.3,8,6
FA2021,FA2021-class 12,1,1905AEJDDA,,,10,,8,7.7,Passed,8.5,7.6,5.5
FA2021,FA2021-class 12,2,1905AEJDAJ,,,7,,6.8,6.6,Passed,7.8,7.8,5.5
FA2021,FA2021-class 12,3,1905AEJDEF,,,8,,7.6,6.6,Passed,8.5,8.2,3.5
FA2021,FA2021-class 12,4,1905AEJDBE,,,8,,9,7.9,Passed,8.8,7.8,6.5
FA2021,FA2021-class 12,5,1905AEJDJD,,,8,,7.8,7.2,Passed,8,6.8,6
FA2021,FA2021-class 12,6,1905AEJDCF,,,8,,7.6,7.5,Passed,8.5,8.2,6.5
FA2021,FA2021-class 12,7,1905AEJDGG,,,7,,5.2,5.9,Passed,8,8,4.5
FA2021,FA2021-class 12,8,1905AEJDAD,,,7,,7,6.8,Passed,6.8,8.2,6
FA2021,FA2021-class 12,9,1905AEJDJI,,,7,,6,6.6,Passed,7,7.2,6.5
FA2021,FA2021-class 12,10,1905AEJCIG,,,9,,7.8,7.8,Passed,8.8,8.4,6.5
FA2021,FA2021-class 12,11,1905AEJDEC,,,7,,6.2,6.7,Passed,8.3,7.8,6
FA2021,FA2021-class 12,12,1905AEJDCE,,,7,,7,6.8,Passed,9,4.4,6.5
FA2021,FA2021-class 12,13,1905AEJDDB,,,7,,6.4,6.9,Passed,8.3,8,6.5
FA2021,FA2021-class 12,14,1905AEJDAC,,,8,,7.2,7.3,Passed,7.5,8.4,6.5
FA2021,FA2021-class 12,15,1905AEJDDH,,,7,,7.2,6.9,Passed,7.5,7.8,6
FA2021,FA2021-class 12,16,1905AEJDJH,,,7,,7.6,7.3,Passed,7.5,7.8,7
FA2021,FA2021-class 12,17,1905AEJDDE,,,9,,7.2,7.5,Passed,9.3,6.6,6.5
FA2021,FA2021-class 12,18,1905AEJDJG,,,8,,7.2,6.6,Passed,8.5,7.6,4
FA2021,FA2021-class 12,19,1905AEJDCC,,,8,,8,7.4,Passed,8.5,8.6,5.5
FA2021,FA2021-class 12,20,1905AEJDBA,,,7,,8.2,7.2,Passed,7.5,8,6
FA2021,FA2021-class 12,21,1905AEJDCG,,,7,,9.6,7.9,Passed,8.3,8.6,6.5
FA2021,FA2021-class 12,22,1905AEJDAB,,,8,,7.4,7.3,Passed,8.5,7.8,6
FA2021,FA2021-class 12,23,1905ADJIEA,,,8,,6.6,6.8,Passed,7.3,8.2,5.5
FA2021,FA2021-class 12,24,1905AEJDBB,,,7,,7.8,7.1,Passed,8,7.6,6
FA2021,FA2021-class 12,25,1905AEJDGF,,,9,,8.4,8.2,Passed,9,8.4,7
FA2021,FA2021-class 12,26,1905AEJDEG,,,7,,5.6,6.6,Passed,7.8,8,6.5
FA2021,FA2021-class 12,27,1905AEJDHE,,,9,,7.4,7.5,Passed,9,6.4,6.5
FA2021,FA2021-class 12,28,1905AEJDFA,,,8,,7.6,7.2,Passed,7.3,8,6
FA2021,FA2021-class 12,29,1905AEJDDI,,,7,,6.2,6.7,Passed,8.5,6,6.5
FA2021,FA2021-class 12,30,1905AEJDFH,,,7,,7,7.2,Passed,7.8,8,7
FA2021,FA2021-class 13,1,1905ADAJCJ,,,8,,6.4,5.7,Passed,9.5,6.6,2
FA2021,FA2021-class 13,2,1905AEJEEG,,,7,,8.4,8,Passed,8.5,8.4,8
FA2021,FA2021-class 13,3,1905AEJGBI,,,0,,0,0,Attendance Fail,0,0,0
FA2021,FA2021-class 13,4,1905AEJEDI,,,8,,7.2,6.8,Passed,7,8.8,5
FA2021,FA2021-class 13,5,1905AEJEBJ,,,7,,8.8,8.2,Passed,9,9,8
FA2021,FA2021-class 13,6,1905AEJEFC,,,7,,8,7.8,Passed,8.8,8.4,7.5
FA2021,FA2021-class 13,7,1905AEJEFD,,,7,,7.2,6.1,Passed,8,8,3
FA2021,FA2021-class 13,8,1905AEJEAB,,,7,,7.8,7,Passed,8.3,8,5.5
FA2021,FA2021-class 13,9,1905AEJEJI,,,8,,5.6,6.7,Passed,7.5,8.6,6
FA2021,FA2021-class 13,10,1905AEJDIC,,,8,,7.6,6.8,Passed,7.8,8,4.5
FA2021,FA2021-class 13,11,1905ADJICI,,,0,,0,0.8,Attendance Fail,4.5,3.1,0
FA2021,FA2021-class 13,12,1905AEJEJH,,,7,,8,7.5,Passed,8.3,9,6.5
FA2021,FA2021-class 13,13,1905ACJEBE,,,0,,0,0.7,Not Passed,2.3,4.4,0
FA2021,FA2021-class 13,14,1905ADAJHF,,,6,,6.6,5.6,Passed,7.8,7.4,3
FA2021,FA2021-class 13,15,1905AEJECC,,,7,,7.8,6.9,Passed,7.3,8.2,5.5
FA2021,FA2021-class 13,16,1905AEJEGE,,,7,,6.8,6.6,Passed,8.3,8,5
FA2021,FA2021-class 13,17,1905AEJEEJ,,,7,,6.6,7,Passed,8.8,8.4,6.5
FA2021,FA2021-class 13,18,1905AEJDHG,,,8,,7.6,7.3,Passed,7.5,8.4,6
FA2021,FA2021-class 13,19,1905AEJCJA,,,7,,8.2,8.3,Passed,9.5,9,8.5
FA2021,FA2021-class 13,20,1905AEJEDD,,,7,,8.4,6.4,Passed,8.8,9,2.5
FA2021,FA2021-class 13,21,1905AEJEGC,,,8,,7,6.9,Passed,8.8,8.4,5
FA2021,FA2021-class 13,22,1905AEJEDC,,,6,,7.6,5.8,Passed,7.3,8.6,2.5
FA2021,FA2021-class 13,23,1905AEJEEC,,,7,,7.8,6.2,Passed,7.8,8.2,3
FA2021,FA2021-class 13,24,1905AEJEAA,,,8,,7,7.5,Passed,7.3,8.4,7.5
FA2021,FA2021-class 13,25,1905AEJEDE,,,7,,6.6,7,Passed,8,8.4,6.5
FA2021,FA2021-class 13,26,1905AEJEEA,,,8,,6.4,6.2,Passed,6.8,8.2,4
FA2021,FA2021-class 13,27,1905AEJEAJ,,,8,,6.4,6.4,Passed,8.3,8.2,4
FA2021,FA2021-class 13,28,1905AEJEJE,,,8,,7.8,7.4,Passed,7.8,8.6,6
FA2021,FA2021-class 14,1,1905AEJFBC,,,9,,6.8,8,Passed,10,7.4,8
FA2021,FA2021-class 14,2,1905AEJFBH,,,9,,6.4,8.6,Passed,10,8.8,10
FA2021,FA2021-class 14,3,1905AEJFBG,,,9,,5.2,8.2,Passed,9.5,8.4,10
FA2021,FA2021-class 14,4,1905AEJFDH,,,9,,8.2,9.1,Passed,9.5,8.9,10
FA2021,FA2021-class 14,5,1905AEJFEJ,,,10,,8.4,9.1,Passed,9.6,9,9
FA2021,FA2021-class 14,6,1905AEJFFG,,,9,,8.6,9.3,Passed,9.9,9.1,10
FA2021,FA2021-class 14,7,1905AEJFGB,,,8,,7.6,8.4,Passed,10,8.1,9
FA2021,FA2021-class 14,8,1905AEJFGI,,,8,,6.4,7.7,Passed,9.8,8.3,8
FA2021,FA2021-class 14,9,1905AEAEJH,,,10,,7.6,8.8,Passed,9.5,9,9
FA2021,FA2021-class 14,10,1905AEJFGD,,,9,,7.2,8.1,Passed,10,7.8,8
FA2021,FA2021-class 14,11,1905AEJEGA,,,9,,7,8.3,Passed,8.6,8.1,9
FA2021,FA2021-class 14,12,1905AEJGBB,,,9,,8.4,9.2,Passed,9.9,8.7,10
FA2021,FA2021-class 14,13,1905AEJGCC,,,9,,8.2,9.1,Passed,9.9,8.9,10
FA2021,FA2021-class 14,14,1905AEJFJF,,,9,,5.4,7.6,Passed,7.5,7.6,9
FA2021,FA2021-class 14,15,1905AFJJEJ,,,9,,7.2,8.5,Passed,9.8,8.7,9
FA2021,FA2021-class 14,16,1919AEJFDJ,,,0,,0,0.3,Attendance Fail,3,0,0
FA2021,FA2021-class 14,17,1905AFJJDF,,,10,,8,9.3,Passed,10,9.4,10
FA2021,FA2021-class 14,18,1905AEJEGG,,,9,,7.8,8.9,Passed,9.5,8.2,10
FA2021,FA2021-class 14,19,1905ADJGGA,,,0,,2.4,1,Not Passed,2.5,0,0
FA2021,FA2021-class 14,20,1905AEJEIC,,,9,,7.8,8.9,Passed,10,7.6,10
FA2021,FA2021-class 14,21,1905AFABDI,,,9,,7,8.6,Passed,8.3,8.5,10
FA2021,FA2021-class 14,22,1901AEJJHJ,,,9,,5.8,8.1,Passed,9.8,8.7,9
FA2021,FA2021-class 14,23,1905AEABHC,,,9,,6,7.9,Passed,7.7,8.6,9
FA2021,FA2021-class 14,24,1905AFJABJ,,,9,,8.8,9,Passed,10,9,9
FA2021,FA2021-class 14,25,1905AEJFJE,,,8,,8.6,8.6,Passed,10,7.5,9
FA2021,FA2021-class 14,26,1905AEJEIJ,,,8,,8.4,8.6,Passed,10,7.3,9
FA2021,FA2021-class 14,27,1905AEJFAA,,,10,,8.8,9.5,Passed,9.6,9.1,10
FA2021,FA2021-class 14,28,1905AEJEIH,,,9,,8,9,Passed,10,7.9,10
FA2021,FA2021-class 14,29,1905AEJEID,,,9,,7,8.4,Passed,9.1,8.4,9
FA2021,FA2021-class 14,30,1905AEJEIG,,,9,,5.6,7.9,Passed,9,7.7,9
FA2021,FA2021-class 15,1,1905AEJFID,,,7.9,,8.2,7.4,Passed,7.7,7.5,6
FA2021,FA2021-class 15,2,1905AEJFIJ,,,7,,5.6,6,Passed,5.3,7.2,5.5
FA2021,FA2021-class 15,3,1905AEJGAB,,,7.3,,7.6,6.7,Passed,6.2,7,5.5
FA2021,FA2021-class 15,4,1905AEJGBD,,,7,,0,1.8,Attendance Fail,0,4,0
FA2021,FA2021-class 15,5,1905AEJGDB,,,6.3,,0,2.5,Not Passed,3.5,6.4,1
FA2021,FA2021-class 15,6,1905AEJGDA,,,6.6,,6.4,5.1,Passed,5.8,6.6,2
FA2021,FA2021-class 15,7,1905AEJGDJ,,,6.8,,6.6,6.1,Passed,5.6,7,5
FA2021,FA2021-class 15,8,1905AEJGCD,,,6,,4.8,4.4,Not Passed,3.8,6,2.5
FA2021,FA2021-class 15,9,1905AEJGCJ,,,5.5,,7.8,5.9,Passed,6.1,6.2,4
FA2021,FA2021-class 15,10,1905AEJGED,,,8.1,,7.8,7.8,Passed,8.4,8.6,7
FA2021,FA2021-class 15,11,1905AEJGFD,,,7.6,,7.2,5.4,Passed,4.2,4.5,3
FA2021,FA2021-class 15,12,1905AEJGGB,,,7.1,,5.4,6.5,Passed,6.5,6.9,7
FA2021,FA2021-class 15,13,1905AEJGHG,,,7.1,,7,7,Passed,6.3,7.8,7
FA2021,FA2021-class 15,14,1905AEJGHB,,,6.3,,6.4,5,Passed,4.2,6.8,2.5
FA2021,FA2021-class 15,15,1905AEJGHA,,,5.4,,7,5.1,Passed,4.8,5.3,3
FA2021,FA2021-class 15,16,1905AEJHJJ,,,8.1,,8.2,7.8,Passed,7.5,7.4,7.5
FA2021,FA2021-class 15,17,1905AEJHIC,,,0,,0,0,Attendance Fail,0,0,0
FA2021,FA2021-class 15,18,1905AEJDIB,,,3.8,,8.4,6.3,Passed,7.6,5,6
FA2021,FA2021-class 15,19,1905ADJEBG,,,1.8,,0,1.5,Not Passed,3.5,1.5,2
FA2021,FA2021-class 15,20,1905ACJEDF,,,0,,0,0,Attendance Fail,0,0,0
FA2021,FA2021-class 15,21,1905AEJEGJ,,,7.8,,6.8,6.4,Passed,5.3,7.6,5
FA2021,FA2021-class 15,22,1905AFJIHA,,,5.9,,8.6,5.3,Passed,5.7,3.4,2
FA2021,FA2021-class 15,23,1905AEJJDD,,,7.5,,7.8,7.1,Passed,8.3,7.6,5.5
FA2021,FA2021-class 15,24,1905AEABBB,,,7.6,,7.4,6.4,Passed,6.7,8.1,4
FA2021,FA2021-class 16,1,1905ADJFGD,,,5,,5.2,5,Passed,5.5,7,4
FA2021,FA2021-class 16,2,1905AEJEDB,,,7,,7.8,7.2,Passed,8,8.6,6
FA2021,FA2021-class 16,3,1905AEJGBG,,,8,,7.8,7.8,Passed,8.5,7.8,7.5
FA2021,FA2021-class 16,4,1905ADJGEE,,,6.5,,7.4,6.2,Passed,7.3,7.2,4
FA2021,FA2021-class 16,5,1905ADJHFA,,,6.5,,7.8,6.2,Passed,7.5,6,4
FA2021,FA2021-class 16,6,1905ADAABF,,,6.5,,7,6.1,Passed,7.5,7.2,4
FA2021,FA2021-class 16,7,1905AEJHAC,,,7,,4.8,6.2,Passed,8,6.2,6.5
FA2021,FA2021-class 16,8,1905AEJHCH,,,7,,7.6,6.4,Passed,8,5.8,4.5
FA2021,FA2021-class 16,9,1905AEJHCD,,,7,,6.2,6.3,Passed,8.3,6,5.5
FA2021,FA2021-class 16,10,1905AEJHDI,,,7,,8.4,8,Passed,8.8,8.4,8
FA2021,FA2021-class 16,11,1905AEJHEC,,,7,,8.4,8,Passed,8.8,8.2,8
FA2021,FA2021-class 16,12,1905AEJHFF,,,5,,6.8,5.4,Passed,5.5,5.8,4
FA2021,FA2021-class 16,13,1905AEJHGB,,,7,,6,6.1,Passed,7,5,5.5
FA2021,FA2021-class 16,14,1905AEABEJ,,,8,,8,7.9,Passed,9,7.8,7.5
FA2021,FA2021-class 16,15,1905AEJHHH,,,8,,8.6,7.5,Passed,9,7.4,5.5
FA2021,FA2021-class 16,16,1905AEJHHF,,,5,,6.6,5.8,Passed,7,8,4.5
FA2021,FA2021-class 16,17,1905AEJIAC,,,5,,6.8,5.6,Passed,7.3,6.4,4
FA2021,FA2021-class 16,18,1905AEJIAJ,,,7,,5.8,7.3,Passed,8.5,7.6,8.5
FA2021,FA2021-class 16,19,1905AEJIJH,,,5,,6.4,5.2,Passed,5.5,3.8,4.5
FA2021,FA2021-class 16,20,1905AEJIBG,,,8,,7.6,7.1,Passed,8.3,7.4,5.5
FA2021,FA2021-class 16,21,1905AEJIBE,,,8,,8.4,7.4,Passed,8.5,7.4,5.5
FA2021,FA2021-class 16,22,1905AEJIBD,,,7,,4.8,6.8,Passed,8,7.2,8
FA2021,FA2021-class 16,23,1905AEJIAG,,,8,,7.4,7.1,Passed,8,7.2,6
FA2021,FA2021-class 16,24,1905ACJGGA,,,0,,0,1,Not Passed,2.8,6.8,0
FA2021,FA2021-class 16,25,1905AEJAEH,,,8,,7.2,7.7,Passed,8.8,8.4,7.5
FA2021,FA2021-class 16,26,1905AEAJEI,,,5,,6.2,5.6,Passed,7.8,7.4,4
FA2021,FA2021-class 16,27,1905AEJEHB,,,5,,6.6,5.9,Passed,7.8,8.4,4.5
FA2021,FA2021-class 16,28,1905ADJEEJ,,,5,,5.2,5.5,Passed,6.5,7.6,5
FA2021,FA2021-class 17,1,1905AEAEBB,,,2,,0,1.9,Not Passed,5,4,2
FA2021,FA2021-class 17,2,1905AFJJIH,,,10,,8.4,9.4,Passed,8.4,10,10
FA2021,FA2021-class 17,3,1905AEJHDH,,,9,,9.2,9.1,Passed,8.8,10,9
FA2021,FA2021-class 17,4,1905AEJHGG,,,8.5,,7.6,8.4,Passed,8.4,10,8.5
FA2021,FA2021-class 17,5,1905ADJFEC,,,7,,8.8,7.7,Passed,7.4,8,7
FA2021,FA2021-class 17,6,1905AEJIBI,,,9,,8,8.7,Passed,8.6,9,9
FA2021,FA2021-class 17,7,1905AEJICH,,,6,,7.4,6.5,Passed,7.4,5,6
FA2021,FA2021-class 17,8,1905AEJIDB,,,0,,0,0.1,Not Passed,1,0,0
FA2021,FA2021-class 17,9,1905AEJIEB,,,3.5,,7.2,5.1,Passed,6.6,5,3.5
FA2021,FA2021-class 17,10,1905AEJIED,,,8,,7.4,7.8,Passed,6.8,8.5,8
FA2021,FA2021-class 17,11,1905AEJIEC,,,3.5,,9.2,5.1,Passed,1,5,3.5
FA2021,FA2021-class 17,12,1905AEJIFI,,,5,,0,3.7,Not Passed,7.6,4,5
FA2021,FA2021-class 17,13,1905AEJIGC,,,0,,0,0.5,Not Passed,4.8,0,0
FA2021,FA2021-class 17,14,1905AEJIHI,,,5,,6,5.7,Passed,8.4,5.5,5
FA2021,FA2021-class 17,15,1905AEJIHF,,,5,,7.4,5.9,Passed,6.8,5,5
FA2021,FA2021-class 17,16,1905AEJIHC,,,5,,7.2,5.8,Passed,6.4,5,5
FA2021,FA2021-class 17,17,1905AEJIIC,,,0,,0,0.8,Not Passed,7.6,0,0
FA2021,FA2021-class 17,18,1905AEAJJA,,,5,,7.4,6.2,Passed,7.8,6.5,5
FA2021,FA2021-class 17,19,1905AEAJJJ,,,5,,7.6,6,Passed,6.8,5,5
FA2021,FA2021-class 17,20,1905AEAJAF,,,0,,0,0.1,Not Passed,1,0,0
FA2021,FA2021-class 17,21,1905AEAJAC,,,5,,7.8,5.9,Passed,7,4,5
FA2021,FA2021-class 17,22,1905AEAJAH,,,8,,5.6,7.1,Passed,6.2,7.5,8
FA2021,FA2021-class 17,23,1905AEJIGE,,,5,,7.2,6,Passed,8.4,5,5
FA2021,FA2021-class 17,24,1905AEAJBG,,,1,,0,1.3,Not Passed,7,1,1
FA2021,FA2021-class 17,25,1905AEAJBI,,,6,,7,6.5,Passed,7.2,6.5,6
FA2021,FA2021-class 17,26,1905AEAJCB,,,4,,8.2,5.7,Passed,6.2,6,4
FA2021,FA2021-class 17,27,1905AEAJCJ,,,5.5,,6,5.9,Passed,7.8,6,5.5
FA2021,FA2021-class 17,28,1905AEAJCH,,,0,,0,0.1,Not Passed,1,0,0
FA2021,FA2021-class 17,29,1905AEAJEC,,,4,,7.6,5.4,Passed,7.6,4,4
FA2021,FA2021-class 17,30,1905AEAABI,,,3,,8.8,5.1,Passed,5.4,4,3
FA2021,FA2021-class 18,1,1905AFAEAD,,,5.5,,6.2,6.9,Passed,6.7,7.6,8.5
FA2021,FA2021-class 18,2,1905AEJIAI,,,0,,0,0,Attendance Fail,0,0,0
FA2021,FA2021-class 18,3,1905AFAEBI,,,8,,5.6,7.3,Passed,6.7,8,8.5
FA2021,FA2021-class 18,4,1905AEAJEG,,,0,,0,0,Attendance Fail,0,0,0
FA2021,FA2021-class 18,5,1905AEAJFJ,,,6.3,,7,7.3,Passed,6.8,7.3,8.5
FA2021,FA2021-class 18,6,1905AEAJGE,,,7.5,,6.2,7.3,Passed,6.8,6.8,8.5
FA2021,FA2021-class 18,7,1905ACJJEE,,,6.5,,5.4,7.3,Passed,8.8,8.8,8.8
FA2021,FA2021-class 18,8,1905AEAAJF,,,7.5,,5.4,5.8,Passed,8.3,6.3,4
FA2021,FA2021-class 18,9,1905AEAAAG,,,8,,6.2,7,Passed,6.8,7.3,7
FA2021,FA2021-class 18,10,1905AEAABE,,,7,,7,7.6,Passed,8.1,8.4,8.3
FA2021,FA2021-class 18,11,1905AEJCDJ,,,8,,7.4,8.2,Passed,8.3,8.2,9
FA2021,FA2021-class 18,12,1905AEJAHB,,,8,,7.4,8.4,Passed,8.8,7.1,10
FA2021,FA2021-class 18,13,1905AEAACF,,,7,,6.4,7.5,Passed,7.8,8.9,8.5
FA2021,FA2021-class 18,14,1905AEAACE,,,6,,5,5.2,Passed,6.7,6.7,4
FA2021,FA2021-class 18,15,1905AEAACA,,,5.5,,5.8,7,Passed,7.8,8.7,8.5
FA2021,FA2021-class 18,16,1905AEAADC,,,7,,6,7.3,Passed,7.8,7.7,8.5
FA2021,FA2021-class 18,17,1905AEAADB,,,7.8,,6.8,7.8,Passed,8.3,8.4,8.5
FA2021,FA2021-class 19,1,1905AEABEA,,,8.4,,8,7.8,Passed,8.6,7.5,7
FA2021,FA2021-class 19,2,1905AEJDJB,,,7,,8.8,7.1,Passed,5.5,7.5,6
FA2021,FA2021-class 19,3,1905AEABDG,,,7.8,,7.6,6.8,Passed,7.8,7.2,5
FA2021,FA2021-class 19,4,1905AEJGEI,,,7.8,,5.2,7.5,Passed,7.9,8.5,9
FA2021,FA2021-class 19,5,1905AEABBD,,,8.1,,7.4,7.7,Passed,8.9,8.4,7
FA2021,FA2021-class 19,6,1905AEJHBC,,,7.5,,7.6,7.8,Passed,7.5,8.4,8
FA2021,FA2021-class 19,7,1905AEAEJG,,,7.3,,6.8,7.8,Passed,9.1,8.2,8.5
FA2021,FA2021-class 19,8,1905AEABAB,,,8.4,,8.2,7.9,Passed,8.7,8.9,6.5
FA2021,FA2021-class 19,9,1905AEABBG,,,7.4,,6.8,6.7,Passed,7.9,7.5,5.5
FA2021,FA2021-class 19,10,1905ADJHFE,,,5.9,,7.4,4.8,Not Passed,5.5,5.7,1
FA2021,FA2021-class 19,11,1905FCBFE,,,0,,0,0,Attendance Fail,0,0,0
FA2021,FA2021-class 19,12,1905AEABBF,,,7.3,,5.8,6.4,Passed,7.6,7.8,5.5
FA2021,FA2021-class 19,13,1905AEAAIE,,,8,,7.6,7.2,Passed,7.3,7.5,6
FA2021,FA2021-class 19,14,1905AEABDH,,,7.6,,7.2,6.7,Passed,7.5,7.3,5
FA2021,FA2021-class 19,15,1905ADJCCD,,,4.6,,0,1.2,Attendance Fail,0,2.3,0
FA2021,FA2021-class 19,16,1905AEAADI,,,6.6,,6.8,6.4,Passed,7.7,6.6,5.5
FA2021,FA2021-class 19,17,1905AEAAEC,,,7.4,,6.8,6.5,Passed,7.2,7.6,5
FA2021,FA2021-class 19,18,1905AEAAEB,,,6.3,,5.2,5.7,Passed,5.4,4.9,6
FA2021,FA2021-class 19,19,1905AEAAFJ,,,6,,7,5.8,Passed,6.6,5,4.5
FA2021,FA2021-class 19,20,1905AEAAEI,,,5.5,,7.2,6.1,Passed,7.8,5.6,5
FA2021,FA2021-class 19,21,1905AEABDB,,,4.9,,6.4,5.2,Passed,6.9,4.1,4
FA2021,FA2021-class 19,22,1905AEAAFH,,,7,,7.8,6.5,Passed,8.3,7.5,4
FA2021,FA2021-class 19,23,1905AEAAFF,,,7.1,,6.6,6.8,Passed,7.3,7.2,6.5
FA2021,FA2021-class 19,24,1905AEAAFG,,,7.5,,7.8,8,Passed,9.4,8.1,8
FA2021,FA2021-class 19,25,1905AEAAGJ,,,7.3,,7.4,7.3,Passed,8.6,7,7
FA2021,FA2021-class 19,26,1905AEAAGG,,,6.6,,7.8,5.6,Passed,7.7,7.6,1.5
FA2021,FA2021-class 19,27,1905AEAAGI,,,6.9,,7.2,6.9,Passed,9.1,6.5,6
FA2021,FA2021-class 19,28,1905AEAAHF,,,4.6,,6,5.4,Passed,6.3,3.9,5.5
FA2021,FA2021-class 19,29,1905AEAAHD,,,7,,6.6,7.1,Passed,7.6,7.6,7.5
FA2021,FA2021-class 19,30,1905AEABCD,,,7.9,,8.2,7.8,Passed,8.8,7.5,7
FA2021,FA2021-class 20,1,1905AEACCC,,,10,,7.2,8.2,Passed,8.1,9.4,7.5
FA2021,FA2021-class 20,2,1905AEJJFC,,,8,,9.4,9.2,Passed,8.5,9.4,10
FA2021,FA2021-class 20,3,1905AEACGA,,,8,,6.2,6,Passed,7,6.8,4
FA2021,FA2021-class 20,4,1905AEABHI,,,7,,6.4,7.6,Passed,6.7,8.6,9
FA2021,FA2021-class 20,5,1905AEACJB,,,7,,6.2,6.2,Passed,8,9,4
FA2021,FA2021-class 20,6,1905AEABGJ,,,8,,7.2,7.1,Passed,7.8,9.4,5.5
FA2021,FA2021-class 20,7,1905AEACBC,,,10,,5.6,7.7,Passed,7.5,8.8,8
FA2021,FA2021-class 20,8,1905AEABFB,,,10,,6.6,8.7,Passed,7.8,9.6,10
FA2021,FA2021-class 20,9,1905AEACBG,,,8,,5.6,6.2,Passed,7.8,9.4,4
FA2021,FA2021-class 20,10,1905AEABIA,,,9,,7.2,7.9,Passed,8,10,7
FA2021,FA2021-class 20,11,1905AEACEE,,,8,,8,7.3,Passed,8,9.8,5
FA2021,FA2021-class 20,12,1905AEACFF,,,8,,6,7.4,Passed,8.1,9,7.5
FA2021,FA2021-class 20,13,1905ADJJCA,,,6,,5.8,5.2,Passed,5.3,8.2,3
FA2021,FA2021-class 20,14,1905AEABGF,,,7,,7,7.6,Passed,7.5,9,8
FA2021,FA2021-class 20,15,1905AEACFB,,,7,,5,6.1,Passed,7.5,9.2,5
FA2021,FA2021-class 20,16,1905AEABIB,,,8,,7,7.3,Passed,8.3,8.4,6.5
FA2021,FA2021-class 20,17,1905ADJFJE,,,6,,8.6,8.1,Passed,8.8,7.6,9
FA2021,FA2021-class 20,18,1905AEACBF,,,6,,6,5.1,Passed,6.8,8,2
FA2021,FA2021-class 20,19,1905AEABFG,,,7,,7,7.5,Passed,7.3,8.2,8
FA2021,FA2021-class 20,20,1905AEABIG,,,7,,8.2,7,Passed,7.7,9,5
FA2021,FA2021-class 20,21,1905AEABEB,,,10,,6.6,8.5,Passed,7.7,8,10
FA2021,FA2021-class 20,22,1905AEACDA,,,8,,7,6.1,Passed,8.1,4.2,4
FA2021,FA2021-class 20,23,1905AEACCA,,,9,,7.4,7.6,Passed,8.4,9.6,6
FA2021,FA2021-class 20,24,1905AEACGJ,,,9,,6.8,7.4,Passed,7.7,9.6,6
FA2021,FA2021-class 20,25,1905AEABGB,,,10,,8.6,9.4,Passed,9.1,9.4,10
FA2021,FA2021-class 20,26,1905AEJFJB,,,10,,6.8,7.8,Passed,7.5,9.2,7
FA2021,FA2021-class 20,27,1905AEACGE,,,8,,5.8,6.6,Passed,7.5,9.6,5
FA2021,FA2021-class 20,28,1905AEACJF,,,8,,8.2,8.6,Passed,8.1,9.8,9
FA2021,FA2021-class 20,29,1905AEACGF,,,8,,6.2,6.1,Passed,7,8.4,3.5
FA2021,FA2021-class 20,30,1905AEACGG,,,8,,6,6.6,Passed,7.8,9.4,5
FA2021,FA2021-class 21,1,1905AEADDB,,,8,,7.2,8.1,Passed,7.5,7.4,9.5
FA2021,FA2021-class 21,2,1905AEADJB,,,7,,5.8,7.5,Passed,6.5,8.6,9.5
FA2021,FA2021-class 21,3,1905AEACHD,,,7,,4.4,6.2,Passed,6,6.1,7.5
FA2021,FA2021-class 21,4,1905AEADDG,,,4,,6.8,7.2,Passed,7,8.2,9.5
FA2021,FA2021-class 21,5,1905AEJGFI,,,0,,0,0,Attendance Fail,0,0,0
FA2021,FA2021-class 21,6,1905AEADEI,,,0,,0,4.1,Not Passed,7.5,8.4,8.5
FA2021,FA2021-class 21,7,1905AEADBB,,,8.5,,4.8,7.7,Passed,7.5,8.3,10
FA2021,FA2021-class 21,8,1905AEADJJ,,,8.5,,7.6,8.4,Passed,8,8,9.5
FA2021,FA2021-class 21,9,1905AFJBEC,,,7,,7.2,7.2,Passed,7.5,6.2,7.5
FA2021,FA2021-class 21,10,1905AEADAH,,,7,,7.6,7.5,Passed,5,5.1,9.5
FA2021,FA2021-class 21,11,1905AEADBI,,,8,,8,8.4,Passed,7,8.7,9.5
FA2021,FA2021-class 21,12,1905AEADDA,,,0,,0,3.9,Not Passed,7,7.6,8
FA2021,FA2021-class 21,13,1905AEADDF,,,9,,7.6,8.5,Passed,7.5,8.3,9.5
FA2021,FA2021-class 21,14,1905AEACIA,,,9,,7.8,8.7,Passed,8,9.4,9.5
FA2021,FA2021-class 21,15,1905AFJHJE,,,0,,0,0,Attendance Fail,0,0,0
FA2021,FA2021-class 21,16,1905AEADCB,,,7,,4.8,7.3,Passed,7,8.7,9.5
FA2021,FA2021-class 21,17,1905AEADCF,,,7,,6.6,7.6,Passed,6.5,8.3,9
FA2021,FA2021-class 21,18,1905AEADCH,,,7,,6,7.6,Passed,7.5,7.9,9.5
FA2021,FA2021-class 21,19,1905AEADJH,,,7.5,,6.4,7.8,Passed,7.5,8.1,9.5
FA2021,FA2021-class 21,20,1905AEACHG,,,8.5,,7.4,8.3,Passed,7.5,8.2,9.5
FA2021,FA2021-class 21,21,1905AEACIJ,,,8,,7.8,8.4,Passed,7,8.6,9.5
FA2021,FA2021-class 21,22,1905AEADCG,,,8,,5.4,7.6,Passed,8,7.2,9.5
FA2021,FA2021-class 21,23,1905AEAAEF,,,8,,6.4,7.9,Passed,7,8,9.5
FA2021,FA2021-class 22,1,1905AEJJCA,,,8,,7.2,6.6,Passed,9,7.8,4
FA2021,FA2021-class 22,2,1905AEADIG,,,7,,6.8,6,Passed,8.8,7.6,3
FA2021,FA2021-class 22,3,1905AEADIE,,,5,,6.6,5.8,Passed,9,7.4,4
FA2021,FA2021-class 22,4,1905AEAEAG,,,8,,4,5.5,Passed,7.5,7.8,4
FA2021,FA2021-class 22,5,1905AEAEAE,,,5,,6.8,5.5,Passed,5,7.4,4
FA2021,FA2021-class 22,6,1905AEJJAJ,,,9,,8.4,7.3,Passed,9.8,7.8,4
FA2021,FA2021-class 22,7,1905AEADID,,,5,,4.6,5.1,Passed,9,6,4
FA2021,FA2021-class 22,8,1905AEADFH,,,8,,6.8,7.5,Passed,8.5,6.2,8
FA2021,FA2021-class 22,9,1905AEADFD,,,8,,7.8,6.9,Passed,9.8,8,4
FA2021,FA2021-class 22,10,1905AEADHE,,,8,,6.8,5.8,Passed,8.5,6,2.5
FA2021,FA2021-class 22,11,1905ADAAAF,,,7,,7,5.9,Passed,9.3,5.8,3
FA2021,FA2021-class 22,12,1905AEAEJA,,,8,,7,6.6,Passed,8.8,7.8,4
FA2021,FA2021-class 22,13,1905AEJJBC,,,8,,7.4,6.6,Passed,9.8,7.4,3.5
FA2021,FA2021-class 22,14,1905AFJEDB,,,9,,8,7.1,Passed,9,6.2,4.5
FA2021,FA2021-class 22,15,1905AFJJGF,,,9,,7.4,7.1,Passed,9.8,7.8,4.5
FA2021,FA2021-class 22,16,1905AEADHJ,,,5,,7.2,6,Passed,8.5,7.6,4
FA2021,FA2021-class 22,17,1905AEADFJ,,,5,,5.8,5.6,Passed,9.5,6.6,4
FA2021,FA2021-class 22,18,1905AEADHA,,,8,,5.8,5.2,Passed,8.5,7.4,1
FA2021,FA2021-class 22,19,1905AEADGA,,,9,,6.4,6.7,Passed,8,7.8,4.5
FA2021,FA2021-class 22,20,1905AEJJCD,,,8,,7,6.4,Passed,9.3,7.6,3.5
FA2021,FA2021-class 22,21,1905AEADGJ,,,5,,6.2,5.7,Passed,9,7.8,4
FA2021,FA2021-class 23,1,1905AFJBIF,,,9.1,,7.8,8.9,Passed,9.3,9.1,9.5
FA2021,FA2021-class 23,2,1905AFJADE,,,9.1,,8,8.1,Passed,9,9.1,7
FA2021,FA2021-class 23,3,1905AFJABG,,,9.1,,8,8.3,Passed,9.2,9.1,7.5
FA2021,FA2021-class 23,4,1905AFAJCJ,,,7.6,,7,8.2,Passed,8.6,7.6,9.8
FA2021,FA2021-class 23,5,1905AFJBBF,,,8.3,,5.8,6.6,Passed,8.8,8.3,5
FA2021,FA2021-class 23,6,1905AFJAHF,,,8.3,,6.6,7.3,Passed,7.3,8.3,7
FA2021,FA2021-class 23,7,1905AFJHIE,,,8.3,,9.6,9.3,Passed,9.7,8.3,10
FA2021,FA2021-class 23,8,1905AFJABF,,,9.1,,7.2,8.7,Passed,9.1,9.1,9.5
FA2021,FA2021-class 23,9,1905AFJBBG,,,9.1,,7.8,8.5,Passed,7.1,9.1,9
FA2021,FA2021-class 23,10,1905AFJAGD,,,9.1,,7.2,8.6,Passed,9.1,9.1,9.5
FA2021,FA2021-class 23,11,1905AFJBGJ,,,9.1,,8.2,8.7,Passed,8.4,9.1,9
FA2021,FA2021-class 23,12,1905AFJAEA,,,8.5,,8.2,8,Passed,7.8,8.5,7.5
FA2021,FA2021-class 23,13,1905AFJBBA,,,7.5,,8,8.6,Passed,9.6,7.5,9.8
FA2021,FA2021-class 23,14,1905AFJAII,,,9.1,,8.8,9.3,Passed,9.7,9.1,10
FA2021,FA2021-class 23,15,1905AFJAFI,,,8.3,,9,8.4,Passed,8.2,8.3,8
FA2021,FA2021-class 23,16,1905AFJBDI,,,0,,0,0.7,Not Passed,3.2,3.6,0
FA2021,FA2021-class 23,17,1905AFJAGJ,,,0,,0,0.2,Not Passed,0,1.8,0
FA2021,FA2021-class 23,18,1905AFJAEI,,,8.5,,7.4,8.1,Passed,7.8,8.5,8.5
FA2021,FA2021-class 23,19,1905AFJAHB,,,8.3,,8.8,9,Passed,9,8.3,10
FA2021,FA2021-class 23,20,1905AFJAGA,,,9.1,,8.4,9.1,Passed,8.8,9.1,10
FA2021,FA2021-class 23,21,1905AFJAFF,,,8.3,,8,7.9,Passed,8.6,8.3,7
FA2021,FA2021-class 23,22,1905AFJCJB,,,8.3,,6.6,6.9,Passed,9.6,8.3,5
FA2021,FA2021-class 23,23,1905AFJBGH,,,0,,0,0.3,Attendance Fail,0,2.8,0
FA2021,FA2021-class 23,24,1905AFJBCB,,,9.1,,6,8,Passed,7.3,9.1,9
FA2021,FA2021-class 23,25,1905AFJAHI,,,9.1,,8,8.9,Passed,9.6,9.1,9.5
FA2021,FA2021-class 23,26,1905AEJCHH,,,9.1,,7.4,8.6,Passed,7.7,9.1,9.5
FA2021,FA2021-class 23,27,1905AFJAFA,,,8.3,,7.6,8.3,Passed,7.2,8.3,9.5
FA2021,FA2021-class 23,28,1905AFJAIG,,,9.1,,8,9.1,Passed,9.6,9.1,10
FA2021,FA2021-class 23,29,1905AFJADF,,,8.3,,7.4,8.1,Passed,8.8,8.3,8.5
FA2021,FA2021-class 24,1,1905AEJFHC,,,10,,8.2,8.5,Passed,8,9.6,7.5
FA2021,FA2021-class 24,2,1905AFJDCE,,,8,,7.2,6.7,Passed,7.7,9.2,4
FA2021,FA2021-class 24,3,1905AFJHCA,,,10,,7.8,8.3,Passed,9.1,9.2,7
FA2021,FA2021-class 24,4,1905AEJGCE,,,10,,7.2,8.4,Passed,8.8,9.6,8
FA2021,FA2021-class 24,5,1905AEJGDG,,,10,,8,9,Passed,8.6,10,9
FA2021,FA2021-class 24,6,1905AFJGFB,,,10,,4.4,5.9,Passed,8.6,8,3
FA2021,FA2021-class 24,7,1905AFJIAA,,,8,,7.6,7.5,Passed,7.5,8,7
FA2021,FA2021-class 24,8,1905AFJGHH,,,0,,0,0,Attendance Fail,0,0,0
FA2021,FA2021-class 24,9,1905AFJHHC,,,8,,0,2.9,Not Passed,9,3.8,0
FA2021,FA2021-class 24,10,1905AEJHAI,,,10,,8.4,8.3,Passed,8.3,9.6,6.5
FA2021,FA2021-class 24,11,1905AEJHJG,,,10,,9.4,8.8,Passed,8.1,9.4,7.5
FA2021,FA2021-class 24,12,1905AFJGFI,,,10,,7.2,7.5,Passed,9.2,9,5
FA2021,FA2021-class 24,13,1905AFJHFG,,,10,,8.4,9.4,Passed,9.1,9.6,10
FA2021,FA2021-class 24,14,1905AFJGHI,,,8,,6.2,5.9,Passed,6.7,8.8,3
FA2021,FA2021-class 24,15,1905AFJDEC,,,8,,4.6,6.2,Passed,6.7,8,6
FA2021,FA2021-class 24,16,1905AFJHFA,,,10,,7.4,9,Passed,8,10,10
FA2021,FA2021-class 24,17,1905AFJHBC,,,10,,7,8.1,Passed,7.7,8.6,8
FA2021,FA2021-class 24,18,1905AFJHIF,,,10,,9,9,Passed,9.1,9.6,8
FA2021,FA2021-class 24,19,1905AFJGHG,,,10,,8,7.9,Passed,9,9,5.5
FA2021,FA2021-class 24,20,1905AFJDFG,,,8,,7.8,7.8,Passed,7.7,9.6,7
FA2021,FA2021-class 24,21,1905AFJGIG,,,10,,0,3.5,Not Passed,7,8,0
FA2021,FA2021-class 24,22,1905AFJEBA,,,8,,6.8,6.7,Passed,7.8,7.6,5
FA2021,FA2021-class 24,23,1905AFJHCH,,,8,,0,2.3,Attendance Fail,0,6.8,0
FA2021,FA2021-class 24,24,1905ADJCFG,,,0,,0,0,Attendance Fail,0,0,0
FA2021,FA2021-class 24,25,1905AFJDHF,,,8,,8.4,7.4,Passed,8.6,9.4,5
FA2021,FA2021-class 24,26,1905AFJDJD,,,8,,6.2,6.5,Passed,7.8,7.6,5
FA2021,FA2021-class 24,27,1905AFJGHF,,,8,,6.4,6.2,Passed,7.2,7.4,4
FA2021,FA2021-class 24,28,1905AFJFEJ,,,8,,7.4,6.8,Passed,9,8.8,4
FA2021,FA2021-class 24,29,1905AFJEAH,,,8,,7.6,7.2,Passed,8.5,9.8,5
FA2021,FA2021-class 24,30,1905AFJHJH,,,10,,7.4,8.4,Passed,8.7,8.6,8
FA2021,FA2021-class 25,1,1905AEJAIF,,,8,,9,8.2,Passed,7,8,8
FA2021,FA2021-class 25,2,1905AEACIF,,,10,,8.8,9.3,Passed,6.8,10,10
FA2021,FA2021-class 25,3,1905AFAJHI,,,1,,0,1.2,Not Passed,6,1,1
FA2021,FA2021-class 25,4,1905AFAAAE,,,8,,7.8,7.5,Passed,3,9,8
FA2021,FA2021-class 25,5,1905AFAJFB,,,6,,7.2,6.7,Passed,7.8,7.5,6
FA2021,FA2021-class 25,6,1905AEJDHF,,,5,,8.2,6.4,Passed,7.6,7,5
FA2021,FA2021-class 25,7,1905AFAJBF,,,6,,8.4,7.1,Passed,8.2,7.5,6
FA2021,FA2021-class 25,8,1905AFADIB,,,2,,0,1.7,Not Passed,5.2,2,2
FA2021,FA2021-class 25,9,1905AFAJAD,,,6,,7.2,6.6,Passed,7.2,7.5,6
FA2021,FA2021-class 25,10,1905AFAAJB,,,2,,6.6,4,Not Passed,5.2,5,2
FA2021,FA2021-class 25,11,1905AFAABE,,,0,,0,0.6,Not Passed,6.4,0,0
FA2021,FA2021-class 25,12,1905AFAAJH,,,2,,9.2,4.9,Not Passed,6.4,5,2
FA2021,FA2021-class 25,13,1905AFJIEC,,,0,,0,0.5,Not Passed,5.2,0,0
FA2021,FA2021-class 25,14,1905ADJJFG,,,2,,0,2,Not Passed,6.4,4,2
FA2021,FA2021-class 25,15,1905AFJIHG,,,10,,7.6,9,Passed,7.6,10,10
FA2021,FA2021-class 25,16,1905AFJIAC,,,8,,7.6,7.9,Passed,7.4,9,8
FA2021,FA2021-class 25,17,1905AFJIHE,,,0,,0,0.5,Not Passed,4.8,0,0
FA2021,FA2021-class 25,18,1905AFAABD,,,5,,5.4,5.5,Passed,7.2,7,5
FA2021,FA2021-class 25,19,1905AFAAAG,,,6.5,,6,6.5,Passed,7.2,7.5,6.5
FA2021,FA2021-class 25,20,1905AFJIHH,,,2,,9,4.7,Not Passed,6.2,4,2
FA2021,FA2021-class 25,21,1905AFAJBC,,,5,,7,6.1,Passed,7,7.5,5
FA2021,FA2021-class 25,22,1905AEJEEB,,,10,,8,9.1,Passed,7,10,10
FA2021,FA2021-class 25,23,1905AFAJHB,,,5,,6.8,5.8,Passed,7.2,5,5
FA2021,FA2021-class 25,24,1905AFAABG,,,0,,0,0.1,Not Passed,1,0,0
FA2021,FA2021-class 25,25,1905AFJIIB,,,5,,7.2,6.1,Passed,8.8,6,5
FA2021,FA2021-class 25,26,1905AFAAJF,,,5,,7,5.8,Passed,5.4,7,5
FA2021,FA2021-class 25,27,1905AFAJAI,,,0,,0,0.5,Not Passed,5.4,0,0
FA2021,FA2021-class 25,28,1905AFJIDG,,,6.5,,7.6,7.1,Passed,7,8.5,6.5
FA2021,FA2021-class 25,29,1905AEABCB,,,6,,7.4,6.7,Passed,7.8,7,6
FA2021,FA2021-class 25,30,1905AFJIIA,,,6,,5.2,5.9,Passed,6.8,7,6
FA2021,FA2021-class 26,1,1905AFAACH,,,9.3,,8.4,8.7,Passed,8.6,9.1,8.5
FA2021,FA2021-class 26,2,1905AFAADD,,,7,,7,7.8,Passed,8.6,9,8.5
FA2021,FA2021-class 26,3,1905AFABDB,,,7,,6.2,7.6,Passed,8.6,9.1,8.5
FA2021,FA2021-class 26,4,1905AFAABH,,,8,,6.8,7.9,Passed,8.6,8.7,8.5
FA2021,FA2021-class 26,5,1905AFABGH,,,8.3,,7.2,8.2,Passed,8.8,8.9,8.8
FA2021,FA2021-class 26,6,1905AFADHI,,,8,,6.2,7.5,Passed,8.6,8.1,8
FA2021,FA2021-class 26,7,1905AFAADA,,,8,,6.4,7.7,Passed,8.8,7.4,8.5
FA2021,FA2021-class 26,8,1905AFAAEB,,,9.8,,8.2,9.3,Passed,9.1,9.9,10
FA2021,FA2021-class 26,9,1905AFAACF,,,8,,6,7.5,Passed,8.8,8.7,8
FA2021,FA2021-class 26,10,1905AFAACC,,,8,,5.8,6.8,Passed,8.6,8.1,6
FA2021,FA2021-class 26,11,1905AFAAEF,,,9,,6.4,8.5,Passed,8,9.7,10
FA2021,FA2021-class 26,12,1905AFAAGC,,,8,,7,8,Passed,8.6,8.8,8.5
FA2021,FA2021-class 26,13,1905AFABBJ,,,8.3,,7.2,8.1,Passed,8.6,8.5,8.5
FA2021,FA2021-class 26,14,1905AFAAGA,,,9,,8,9,Passed,8.6,9.2,10
FA2021,FA2021-class 26,15,1905AFAAGG,,,8,,5.8,6.9,Passed,8.6,7.7,6.5
FA2021,FA2021-class 26,16,1905AFABAI,,,7,,4.6,7.1,Passed,8.6,9.1,8.5
FA2021,FA2021-class 26,17,1905AFABHC,,,7.8,,7.2,8,Passed,8.9,8.5,8.5
FA2021,FA2021-class 26,18,1905AFAAID,,,8,,6.2,6,Passed,8.4,6.8,3.5
FA2021,FA2021-class 26,19,1905AFAAHG,,,10,,7.4,9,Passed,8.6,9.2,10
FA2021,FA2021-class 26,20,1905AFAECI,,,10,,7.6,9.1,Passed,8.6,9.7,10
FA2021,FA2021-class 26,21,1905AFABIC,,,10,,6.8,8.7,Passed,8.4,8.3,10
FA2021,FA2021-class 26,22,1905AFABFF,,,8.3,,5.8,7.5,Passed,8,7.3,8.5
FA2021,FA2021-class 26,23,1905AFAADC,,,10,,8.2,9.2,Passed,8,8.9,10
FA2021,FA2021-class 26,24,1905AFABED,,,8,,7.8,8.3,Passed,8.9,8.9,8.5
FA2021,FA2021-class 26,25,1905AFABBD,,,7,,8.4,8.6,Passed,8.5,9.2,9.8
FA2021,FA2021-class 26,26,1905AFABJD,,,10,,8.6,9.5,Passed,8.8,10,10
FA2021,FA2021-class 26,27,1905AFABBB,,,10,,7.6,9.2,Passed,9.6,10,10
FA2021,FA2021-class 26,28,1905AFAJGE,,,7.5,,6.2,7.9,Passed,8.5,8.1,9.5
FA2021,FA2021-class 26,29,1905AFABAH,,,8,,6.6,8.2,Passed,8.6,8.8,9.5
FA2021,FA2021-class 26,30,1905AFAACE,,,9.3,,8.4,9.1,Passed,8.6,8.4,10
FA2021,FA2021-class 27,1,1905AFADAB,,,9,,7.2,8.8,Passed,9.9,8.5,10
FA2021,FA2021-class 27,2,1905AFADAJ,,,10,,6.4,8.7,Passed,9.8,8.2,10
FA2021,FA2021-class 27,3,1905AFADJC,,,0,,0,0.7,Attendance Fail,5,1.6,0
FA2021,FA2021-class 27,4,1905AFADBI,,,9,,8.4,9.1,Passed,9,8.5,10
FA2021,FA2021-class 27,5,1905AFADDE,,,9,,8.2,9.1,Passed,9.8,8.5,10
FA2021,FA2021-class 27,6,1905AFACBD,,,9,,7.8,8.6,Passed,9.3,8.4,9
FA2021,FA2021-class 27,7,1905AFADEI,,,9,,6.6,8.5,Passed,9,7.9,10
FA2021,FA2021-class 27,8,1905AFABID,,,9,,6.2,8.2,Passed,9.9,8.1,9
FA2021,FA2021-class 27,9,1905AFADBB,,,9,,7.8,9,Passed,9.8,9.1,10
FA2021,FA2021-class 27,10,1905AFADAI,,,10,,7.6,8.7,Passed,9.8,7.5,9
FA2021,FA2021-class 27,11,1905AFACGE,,,8,,5.8,7.8,Passed,9.5,8.3,9
FA2021,FA2021-class 27,12,1905AEJGGE,,,8,,6.8,7.4,Passed,8.3,8.8,7
FA2021,FA2021-class 27,13,1905AFADHD,,,8,,4.8,6.5,Passed,8,8.2,6
FA2021,FA2021-class 27,14,1905AFADGG,,,9,,7.4,8.8,Passed,8.5,9.1,10
FA2021,FA2021-class 27,15,1905AFADJB,,,9,,7.6,8.5,Passed,9.9,7.6,9
FA2021,FA2021-class 27,16,1905AFABIG,,,9,,6.6,8.3,Passed,9.8,8.5,9
FA2021,FA2021-class 27,17,1905AFACBC,,,10,,6.4,8.4,Passed,9.9,8.2,9
FA2021,FA2021-class 27,18,1905AFADJH,,,0,,0,0,Attendance Fail,0,0,0
FA2021,FA2021-class 27,19,1905AFACAB,,,9,,4.8,7.7,Passed,10,7.2,9
FA2021,FA2021-class 27,20,1905AFADHJ,,,9,,6.4,8.2,Passed,9.8,7.8,9
FA2021,FA2021-class 27,21,1905AFACBJ,,,10,,7,8.6,Passed,9.5,8.8,9
FA2021,FA2021-class 27,22,1905AFAHHG,,,9,,6,8.4,Passed,10,7.8,10
FA2021,FA2021-class 27,23,1905AFACJG,,,9,,6,8.3,Passed,10,7.4,10
FA2021,FA2021-class 27,24,1905AFAFIE,,,9,,6.4,8.6,Passed,10,8.8,10
FA2021,FA2021-class 27,25,1905AFADBJ,,,10,,6.8,8.8,Passed,9.8,8.2,10
FA2021,FA2021-class 27,26,1905AFADEB,,,8,,5.6,7.6,Passed,8.3,8.2,9
FA2021,FA2021-class 27,27,1905AFACIG,,,9,,6.4,8.5,Passed,10,8,10
FA2021,FA2021-class 27,28,1905AFACBF,,,9,,7.6,9,Passed,10,9.4,10
FA2021,FA2021-class 27,29,1905AFACII,,,9,,4.8,6.5,Passed,9.5,8,5
FA2021,FA2021-class 27,30,1905AFACIF,,,10,,8.2,9.4,Passed,10,9.8,10
FA2021,FA2021-class 28,1,1905AFAGDJ,,,7.5,,6.8,7.7,Passed,6.9,7.9,9
FA2021,FA2021-class 28,2,1905AFBJCC,,,5,,7.6,7.1,Passed,7.9,6.3,8
FA2021,FA2021-class 28,3,1905AFAEED,,,8,,8.8,8.7,Passed,9,8.5,9
FA2021,FA2021-class 28,4,1905AFAGJG,,,8,,7.2,8.1,Passed,7.9,8.1,9
FA2021,FA2021-class 28,5,1905ADJFBC,,,7,,4.2,5.9,Passed,6.9,7.6,6
FA2021,FA2021-class 28,6,1905AFAEFD,,,7.5,,7.6,8.1,Passed,7.4,8.5,9
FA2021,FA2021-class 28,7,1905AFAIJA,,,8,,7.8,8.2,Passed,7.7,7.8,9
FA2021,FA2021-class 28,8,1905AFAGBE,,,7.5,,7,7.2,Passed,8.1,7.3,7
FA2021,FA2021-class 28,9,1905AFAGEA,,,8,,7,7.6,Passed,7.4,7.6,8
FA2021,FA2021-class 28,10,1905AFAFJC,,,6.5,,6.2,7.2,Passed,8.8,7.3,8
FA2021,FA2021-class 28,11,1905AFADIG,,,8,,6.4,7.8,Passed,8.4,7.6,9
FA2021,FA2021-class 28,12,1905AFAHAG,,,7.5,,7.8,7.9,Passed,8.3,8,8
FA2021,FA2021-class 28,13,1905AFAFBH,,,5,,6.2,6.9,Passed,7.5,7.4,8.5
FA2021,FA2021-class 28,14,1905AFAEIH,,,7,,5.2,7.2,Passed,8.1,7.5,9
FA2021,FA2021-class 28,15,1905AFAGHE,,,8,,8,8.3,Passed,8.1,7.8,9
FA2021,FA2021-class 28,16,1905AFAEGD,,,4,,6.8,5.7,Passed,3.8,4.2,7
FA2021,FA2021-class 28,17,1905AEAJBF,,,0,,0,0,Attendance Fail,0,0,0
FA2021,FA2021-class 28,18,1905AFAEFI,,,5,,7.4,7.6,Passed,8.3,8.7,9
FA2021,FA2021-class 28,19,1905AFAFIH,,,6,,6.6,6.4,Passed,5.8,5.7,7
FA2021,FA2021-class 28,20,1905AFBJFE,,,4,,5.4,4.7,Not Passed,4.5,3,5
FA2021,FA2021-class 28,21,1905AFBJBJ,,,8,,6.6,7.9,Passed,8.5,7.7,9
FA2021,FA2021-class 28,22,1905AFAFDF,,,7,,4.2,5.9,Passed,7.3,7,6
FA2021,FA2021-class 28,23,1905AFAEJB,,,5,,8.4,7.6,Passed,7.7,6,9
FA2021,FA2021-class 28,24,1905AFAFDD,,,5,,5.2,5,Passed,8.1,7.4,3
FA2021,FA2021-class 28,25,1905AFAHIH,,,7.5,,7,7.4,Passed,7.2,7.1,8
FA2021,FA2021-class 28,26,1905AFAEFC,,,6,,5.2,7.1,Passed,8.4,7.5,9
FA2021,FA2021-class 28,27,1905AFAGAD,,,7.5,,7.6,8.1,Passed,7.9,8,9
FA2021,FA2021-class 28,28,1905AFAHFG,,,7.5,,6.2,5.8,Passed,6.4,5.7,4
FA2022,FA2022-class 1,1,1905AGAACI,,,8,,7,6.6,Passed,9.4,7.2,4
FA2022,FA2022-class 1,2,1905AGAABF,,,4,,0,2.5,Not Passed,8.4,5.8,1
FA2022,FA2022-class 1,3,1905AGJCGA,,,8,,9.2,7.9,Passed,10,8.2,5.8
FA2022,FA2022-class 1,4,1905AEJDBG,,,8,,6.8,7.2,Passed,7.7,6.8,7
FA2022,FA2022-class 1,5,1905AGAJCG,,,7,,8,7.2,Passed,8.2,7.6,6
FA2022,FA2022-class 1,6,1905AGJJJD,,,7,,6.6,5.4,Passed,6.3,5.6,2.8
FA2022,FA2022-class 1,7,1905AGJBAB,,,7,,6.8,7.3,Passed,8.5,7.2,7.7
FA2022,FA2022-class 1,8,1905AGJJFD,,,7,,6.6,5.9,Passed,5.5,6.6,4.5
FA2022,FA2022-class 1,9,1905AFJJBA,,,7,,8.2,7.3,Passed,8.8,8,6
FA2022,FA2022-class 1,10,1905AGCACC,,,8,,8,8,Passed,10,8.2,7.4
FA2022,FA2022-class 1,11,1905AGAJEG,,,8,,7,6.4,Passed,5.8,6.8,4.8
FA2022,FA2022-class 1,12,1905AGAJAD,,,8,,6.6,6.7,Passed,6.3,7,5.8
FA2022,FA2022-class 1,13,1905AFBAAF,,,7,,5.6,5,Passed,6.9,6,2
FA2022,FA2022-class 1,14,1905AGJAIA,,,8,,8.2,7.9,Passed,9.9,7.4,6.9
FA2022,FA2022-class 1,15,1905AGJDBJ,,,7,,0,3.3,Not Passed,9.9,9,0
FA2022,FA2022-class 1,16,1905AGAACH,,,8,,8.6,7,Passed,7.5,6.4,4.7
FA2022,FA2022-class 1,17,1905AGADIG,,,7,,7.4,5.7,Passed,7.7,7.2,2.1
FA2022,FA2022-class 1,18,1905AGAJJF,,,7,,8.4,7.8,Passed,8.5,7.4,7.5
FA2022,FA2022-class 1,19,1905AGJBJG,,,7,,7.2,5.7,Passed,8.8,5.8,2.2
FA2022,FA2022-class 1,20,1905AGJECD,,,6.5,,7,5.5,Passed,6.5,8.6,1.8
FA2022,FA2022-class 1,21,1905AGABBA,,,7,,7.6,7,Passed,9.2,6.6,5.8
FA2022,FA2022-class 1,22,1905AGABCH,,,6.5,,5,5,Passed,6.5,6.2,3
FA2022,FA2022-class 1,23,1905AFJJAJ,,,6.5,,8.4,7.8,Passed,9.2,8.6,7.3
FA2022,FA2022-class 1,24,1901AGJAAI,,,6.5,,6.4,6.2,Passed,7.7,6.6,5.1
FA2022,FA2022-class 1,25,1905AGJDGB,,,6.5,,6.8,7.5,Passed,9.5,6.4,8.6
FA2022,FA2022-class 1,26,1905AGJBDI,,,6.5,,6.6,6.3,Passed,9.9,8.6,3.8
FA2022,FA2022-class 1,27,1905AGAJJH,,,7.5,,6.2,6.5,Passed,7.5,7.2,5.5
FA2022,FA2022-class 1,28,1905AGAABJ,,,7.5,,7.2,7.7,Passed,8.7,7.8,7.9
FA2022,FA2022-class 1,29,1905AGABGC,,,7.5,,6.2,5.3,Passed,7,5.8,2.2
FA2022,FA2022-class 1,30,1905AGJDII,,,7.5,,9,8.2,Passed,10,7.6,7.3
FA2022,FA2022-class 1,31,1905AGAJCH,,,0,,0,0.3,Not Passed,0,3,0
FA2022,FA2022-class 1,32,1905AFBACF,,,7,,8.4,8.1,Passed,8.8,7,8.5
FA2022,FA2022-class 1,33,1905AGJDEE,,,8,,7.8,8.1,Passed,10,8,7.8
FA2022,FA2022-class 2,1,1905AGBCFB,,,6,,7.8,6.4,Passed,8.3,8.1,4
FA2022,FA2022-class 2,2,1905AGAIHC,,,7,,9,6.8,Passed,8.8,7.3,3.5
FA2022,FA2022-class 2,3,1905AGACDF,,,7,,7.2,6,Passed,7,5.4,3.9
FA2022,FA2022-class 2,4,1905AGAGFE,,,5,,7.8,5.8,Passed,8,8.2,2.8
FA2022,FA2022-class 2,5,1905AGACFD,,,7,,7.6,6.3,Passed,8.5,6.5,3.6
FA2022,FA2022-class 2,6,1905AGBCHC,,,7,,6.4,6,Passed,8,8.3,3.4
FA2022,FA2022-class 2,7,1905AGAFCA,,,7,,7.2,6.7,Passed,8.8,7.7,4.9
FA2022,FA2022-class 2,8,1905AGADDG,,,7,,6.8,7.1,Passed,9.3,8,6.3
FA2022,FA2022-class 2,9,1905AGBBGD,,,5,,5.8,5.5,Passed,9.5,6.6,3.8
FA2022,FA2022-class 2,10,1905AGAFJF,,,7,,7.4,6.7,Passed,8.3,8.3,4.8
FA2022,FA2022-class 2,11,1905AGBFFJ,,,7,,6,5.3,Passed,7.3,7.7,2
FA2022,FA2022-class 2,12,1905AGBDDF,,,6,,0,2.2,Not Passed,3.8,6.5,0
FA2022,FA2022-class 2,13,1905AGBBDH,,,5,,7.4,6.1,Passed,9,8.4,3.7
FA2022,FA2022-class 2,14,1905AGBAIJ,,,6,,5.4,5.5,Passed,7.5,7.2,4
FA2022,FA2022-class 2,15,1905AGAHHE,,,5,,8,5.5,Passed,7,7.5,2
FA2022,FA2022-class 2,16,1905AGAFBI,,,8,,6.2,6.4,Passed,8,6.4,5
FA2022,FA2022-class 2,17,1905AGBEGI,,,8,,7.8,8.3,Passed,8,7.3,9.5
FA2022,FA2022-class 2,18,1905AGBEDJ,,,7,,7.2,7,Passed,7.3,7.7,6.4
FA2022,FA2022-class 2,19,1905AGBGEI,,,7,,6.4,5.1,Passed,7,7.7,1
FA2022,FA2022-class 2,20,1905AGBFIG,,,7,,6.4,5.4,Passed,8.3,6.2,2
FA2022,FA2022-class 2,21,1905AGAFEH,,,7,,4,4.2,Not Passed,6.8,5.9,1
FA2022,FA2022-class 2,22,1905AGBGJA,,,8,,7.6,7.4,Passed,9,7.9,6.2
FA2022,FA2022-class 2,23,1905AGADJD,,,8,,6.2,6.3,Passed,8.5,7.8,4
FA2022,FA2022-class 2,24,1905AGADHB,,,0,,0,0.4,Attendance Fail,3,1,0
FA2022,FA2022-class 2,25,1905AGADJH,,,5,,8.2,6.4,Passed,8.5,8.5,4
FA2022,FA2022-class 2,26,1905AGBFFI,,,7,,8.4,5.6,Passed,8.3,7.4,0.5
FA2022,FA2022-class 2,27,1905AGACDE,,,7,,5.6,5.9,Passed,8,7.8,4
FA2022,FA2022-class 2,28,1905AGAJBB,,,7,,6.8,5.7,Passed,8.8,8,2
FA2022,FA2022-class 2,29,1905AGAFFH,,,7,,7.2,7.3,Passed,8.5,7.6,7
FA2022,FA2022-class 2,30,1905AGBCHB,,,7,,6.4,5.2,Passed,7.8,8.2,1
FA2022,FA2022-class 2,31,1905AGBJJC,,,6,,0,3.2,Not Passed,7.8,6.1,2
FA2022,FA2022-class 2,32,1905AGCFJG,,,7,,6.6,5.8,Passed,7.8,8,2.9
FA2022,FA2022-class 2,33,1905AGBCIA,,,6,,0,2.4,Not Passed,4.3,7.3,0
FA2022,FA2022-class 2,34,1905AGBBHD,,,7,,6,7.1,Passed,9,5.5,8.3
FA2022,FA2022-class 2,35,1905AGBCDD,,,5,,7.2,7.7,Passed,9,6.7,10
FA2022,FA2022-class 3,1,1905AGBIAH,,,0,,0,0.1,Attendance Fail,0.5,0,0
FA2022,FA2022-class 3,2,1905AGCCIE,,,4,,6.8,5.2,Passed,7.8,7.9,2.5
FA2022,FA2022-class 3,3,1905AFAGEC,,,4,,8,5.8,Passed,7.2,7.8,3.5
FA2022,FA2022-class 3,4,1905AGCDIH,,,0.5,,7.4,4.9,Not Passed,7.2,7,4
FA2022,FA2022-class 3,5,1905AGJAHA,,,1,,0,1.6,Not Passed,7.4,7,0
FA2022,FA2022-class 3,6,1905AEJCIB,,,7,,8.6,7.1,Passed,7.6,9,5
FA2022,FA2022-class 3,7,1905AGCBFB,,,1,,0,2.1,Not Passed,7,6,2
FA2022,FA2022-class 3,8,1905AFJCFB,,,0.1,,0,0.1,Not Passed,0.5,0.1,0
FA2022,FA2022-class 3,9,1905AGCJJI,,,6.5,,6.8,5.5,Passed,6.8,4.5,3.5
FA2022,FA2022-class 3,10,1905AGCFEG,,,3,,6,5.5,Passed,7.2,7,5.7
FA2022,FA2022-class 3,11,1905AGCABI,,,8,,6.2,5.1,Passed,6.2,4.5,2
FA2022,FA2022-class 3,12,1905AGCDEH,,,4,,4.6,3.7,Not Passed,7.6,0.5,2.5
FA2022,FA2022-class 3,13,1905AFAGFF,,,5.5,,8.6,5.1,Passed,6.8,0.5,2.4
FA2022,FA2022-class 3,14,1905AGCDEJ,,,2,,7,5.5,Passed,7,7.6,5.2
FA2022,FA2022-class 3,15,1905AGACCD,,,4,,7.6,5,Passed,6.8,6.7,2
FA2022,FA2022-class 3,16,1905AGJCDB,,,2,,0,2.1,Not Passed,7.2,0.5,3
FA2022,FA2022-class 3,17,1705AGJAGF,,,2,,0,2,Not Passed,4,7,1.8
FA2022,FA2022-class 3,18,1905AGCJAC,,,3,,0,2.4,Not Passed,7.4,7.8,1
FA2022,FA2022-class 3,19,1905AGCFIH,,,5,,0,2.3,Not Passed,5.2,7.6,0
FA2022,FA2022-class 3,20,1905AGCCIC,,,3,,8,5,Passed,6.6,5.7,2.6
FA2022,FA2022-class 3,21,0805AGAAFF,,,5,,6.8,6.1,Passed,7.4,6.7,5.4
FA2022,FA2022-class 3,22,1905AGCFIE,,,0.5,,7,4.3,Not Passed,5.6,7,2.8
FA2022,FA2022-class 3,23,1905AGCCEH,,,3,,0,2.2,Not Passed,6.4,5,1.5
FA2022,FA2022-class 3,24,1905AGCBBE,,,1,,0,1.8,Not Passed,7.4,6,1
FA2022,FA2022-class 3,25,1919AGJFCB,,,0.5,,0,1.5,Not Passed,7.2,6.6,0
FA2022,FA2022-class 3,26,1905AGCEJJ,,,5,,0,2.5,Not Passed,7.4,7.5,0
FA2022,FA2022-class 3,27,1905AGAAEB,,,6,,0,2.7,Not Passed,5.8,4.8,1.3
FA2022,FA2022-class 3,28,1905AGCJAH,,,8,,8,8.8,Passed,7.8,10,10
FA2022,FA2022-class 3,29,1905AGCCHA,,,8,,8.2,7.8,Passed,8,7,7.3
FA2022,FA2022-class 3,30,1905AGCBJJ,,,3,,8.2,4.9,Not Passed,6.6,6,1.8
FA2022,FA2022-class 3,31,1905AGCBAF,,,5,,8.2,5.5,Passed,7,7.6,2
FA2022,FA2022-class 3,32,1905AGCJEA,,,8,,9,7.6,Passed,8.2,10,5
FA2022,FA2022-class 4,1,1905AFAGCB,,,7,,7.2,7.2,Passed,8.7,7.5,6.6
FA2022,FA2022-class 4,2,1905AFJDJF,,,6.5,,8.6,5.6,Passed,7.3,7.2,1
FA2022,FA2022-class 4,3,1905ADJAGH,,,6.5,,4.6,6.7,Passed,7.6,7.4,8.5
FA2022,FA2022-class 4,4,1905AFBJFB,,,8.5,,7.8,6.2,Passed,8.5,8.5,1.4
FA2022,FA2022-class 4,5,1905AFJDIF,,,8,,8.2,6.8,Passed,8.2,8.2,3.6
FA2022,FA2022-class 4,6,1905AGAGGJ,,,7.5,,6,5.4,Passed,7.6,7.6,1.8
FA2022,FA2022-class 4,7,1905AFJHHD,,,7,,5.2,5.8,Passed,8.3,7.2,4.2
FA2022,FA2022-class 4,8,1905AGJDBJ,,,8.5,,9.6,8.7,Passed,9,8.7,7.9
FA2022,FA2022-class 4,9,1905AGBJDG,,,7.5,,7.2,6.8,Passed,7.6,7.6,5.5
FA2022,FA2022-class 4,10,1905AGBDEC,,,8.5,,0,3.4,Not Passed,8.7,8.5,0
FA2022,FA2022-class 4,11,1905AGJJAG,,,8,,9.2,8.7,Passed,9,7.9,9
FA2022,FA2022-class 4,12,1905AGCDGG,,,8.5,,9.2,8.9,Passed,9.2,8.5,9
FA2022,FA2022-class 4,13,1905AGCDFF,,,8.5,,6.4,7.2,Passed,8.9,8.5,6.2
FA2022,FA2022-class 4,14,1905AFAAHA,,,5,,7.4,6.5,Passed,8,7,6
FA2022,FA2022-class 4,15,1905AEADJG,,,7,,7.2,6,Passed,7.6,7.9,3
FA2022,FA2022-class 4,16,1905AFJFAC,,,7.5,,5.8,7.1,Passed,9.1,7.4,7.5
FA2022,FA2022-class 4,17,0301AFJHII,,,7.5,,8.8,7.1,Passed,7.2,7.6,5
FA2022,FA2022-class 4,18,1905AGBFAA,,,8,,8,7.4,Passed,7.9,8.2,6.1
FA2022,FA2022-class 4,19,1905ADJDHH,,,7,,5,5.7,Passed,8,7,4.5
FA2022,FA2022-class 4,20,1905AFAGED,,,7,,7.8,7.5,Passed,3.6,8,8.5
FA2022,FA2022-class 4,21,1905AGBHFC,,,5,,5.6,5.5,Passed,8.4,7,4.4
FA2022,FA2022-class 4,22,1905AFAFBJ,,,7,,8,5.5,Not Passed,8.9,8,0
FA2022,FA2022-class 4,23,1905AFJCDE,,,7.5,,5.2,6.6,Passed,8.2,7.6,6.5
FA2022,FA2022-class 4,24,1905AGAHFA,,,7.5,,7.6,5.8,Passed,8.8,7.6,1.4
FA2022,FA2022-class 4,25,1905AFJIJJ,,,8,,7.6,6.1,Passed,7.9,8.2,2
FA2022,FA2022-class 4,26,1905ADJGGH,,,5,,7,7.3,Passed,8,7,9
FA2022,FA2022-class 4,27,1905AFJDBH,,,6.5,,6.2,5.6,Passed,7,7.4,3.4
FA2022,FA2022-class 4,28,1905AFJDID,,,8,,7.6,6.4,Passed,8.3,8.2,3
FA2022,FA2022-class 4,29,1905AEABEC,,,5,,6.4,5.4,Passed,6.5,7,3.7
FA2022,FA2022-class 5,1,1905AGCEDI,,,6,,7.4,8,Passed,8,9.2,9.4
FA2022,FA2022-class 5,2,1905AFAECB,,,6,,8.2,7.2,Passed,8,8,6.4
FA2022,FA2022-class 5,3,1905AGCBFB,,,5,,8.8,6.9,Passed,7.5,8.4,5.5
FA2022,FA2022-class 5,4,1905AGCFDA,,,6,,0,2.6,Not Passed,7,7.4,0
FA2022,FA2022-class 5,5,1905AGCEDH,,,7,,8.4,6.2,Passed,4,8.8,3.4
FA2022,FA2022-class 5,6,1905AGCECA,,,6,,7.2,7.2,Passed,8.5,9,6.9
FA2022,FA2022-class 5,7,1905AGAGFI,,,6,,7.6,7.5,Passed,7.8,7.8,8.1
FA2022,FA2022-class 5,8,1905AFAHGB,,,6,,7.8,5.5,Passed,7,7.3,1.6
FA2022,FA2022-class 5,9,1905AFAGFC,,,6,,6.6,5.4,Passed,5.8,7,3
FA2022,FA2022-class 5,10,1905AFABFH,,,5,,9.6,8.3,Passed,7,8.2,9.5
FA2022,FA2022-class 5,11,1905AFBJJF,,,6,,8.4,6.2,Passed,6.5,6,4
FA2022,FA2022-class 5,12,1919AGJDCH,,,6,,8.2,7.1,Passed,8,8.4,5.9
FA2022,FA2022-class 5,13,1905AGCEID,,,7,,8,7.6,Passed,8.5,8.8,6.9
FA2022,FA2022-class 5,14,1905AFBJCI,,,6,,6.8,5.1,Passed,7,5.6,2
FA2022,FA2022-class 5,15,1905AFAGEJ,,,5,,5.6,6.2,Passed,7.5,9,6.3
FA2022,FA2022-class 5,16,1905AGCCGG,,,6,,5.8,6,Passed,6.5,7.2,5.6
FA2022,FA2022-class 5,17,1905AGCEJC,,,6,,0,2.6,Not Passed,4.8,9,0
FA2022,FA2022-class 5,18,1905AFJFJJ,,,5,,8.4,5.2,Passed,5.3,9,1
FA2022,FA2022-class 5,19,1905AGAHCD,,,6,,8.6,7.4,Passed,8.3,8.6,6.5
FA2022,FA2022-class 5,20,1905AFJCEB,,,6,,4.4,5,Passed,6.5,9,3
FA2022,FA2022-class 5,21,1905AGCEIE,,,6,,6.8,6.1,Passed,7,8.8,4.4
FA2022,FA2022-class 5,22,1905AGCECD,,,6,,6,5.6,Passed,3.5,9,4.4
FA2022,FA2022-class 5,23,1905AFJBGH,,,6,,7.2,7.7,Passed,7.8,8.8,8.9
FA2022,FA2022-class 5,24,1905AEAADF,,,6,,8,5.1,Passed,3.8,6.8,1.4
FA2022,FA2022-class 5,25,1905AEADGJ,,,7,,8,5.7,Passed,5.5,8.9,1.4
FA2022,FA2022-class 6,1,1905AFJHCC,,,8,,6.8,6,Passed,9,8,2.2
FA2022,FA2022-class 6,2,1905AFJDDG,,,7,,6.2,4.7,Not Passed,8.1,4.8,0.6
FA2022,FA2022-class 6,3,1905AGACJJ,,,7,,0,2.8,Not Passed,8.4,5.3,0
FA2022,FA2022-class 6,4,1905AFADED,,,7,,7.4,5.9,Passed,8.9,7.5,2
FA2022,FA2022-class 6,5,1905AFJDCJ,,,6,,0,2.6,Not Passed,0,5.3,3
FA2022,FA2022-class 6,6,1905AFAAHE,,,7,,7,6,Passed,8.7,7.2,2.9
FA2022,FA2022-class 6,7,1905AFAECA,,,7,,6,6.1,Passed,8.2,7.6,4.4
FA2022,FA2022-class 6,8,1905AFAJCE,,,7,,8.2,7.3,Passed,8.9,7.6,5.9
FA2022,FA2022-class 6,9,1905AFBJIA,,,7,,0,3,Not Passed,8.4,7.2,0
FA2022,FA2022-class 6,10,1905AFJHIG,,,7,,5.8,6.1,Passed,8.3,7.5,4.5
FA2022,FA2022-class 6,11,1905AFAAII,,,7,,8.2,7.5,Passed,7,7.5,7.3
FA2022,FA2022-class 6,12,1905AFJBFB,,,7,,5.4,5.4,Passed,9,7.6,2.5
FA2022,FA2022-class 6,13,1905AEJEAD,,,7,,7.6,7.1,Passed,8.5,7.8,6
FA2022,FA2022-class 6,14,1905AFJAGG,,,7,,6.6,5.6,Passed,7.2,7.6,2.5
FA2022,FA2022-class 6,15,1905AFAAGD,,,7,,8,6.5,Passed,8.3,7.6,3.7
FA2022,FA2022-class 6,16,1905AFJIED,,,8,,8,7.5,Passed,9,8,6
FA2022,FA2022-class 6,17,1905AFJHAJ,,,5,,0,2.2,Not Passed,8.2,3.8,0
FA2022,FA2022-class 6,18,1905AFADJI,,,7,,7.8,5.6,Passed,8.3,7.7,0.9
FA2022,FA2022-class 6,19,1905AFAHGH,,,7,,7.8,5.6,Passed,8.9,7,1
FA2022,FA2022-class 6,20,1905AFJCIC,,,7,,6.2,6.7,Passed,9.2,7.4,6.1
FA2022,FA2022-class 6,21,1905AFAEDG,,,8,,8.4,6.3,Passed,8.3,7.4,2
FA2022,FA2022-class 6,22,1905AFJJFC,,,7,,7.8,7.2,Passed,8.7,7.7,6
FA2022,FA2022-class 6,23,1905AFAFFA,,,7,,7.8,6.2,Passed,7.9,7.3,3
FA2022,FA2022-class 6,24,1905AFJCEB,,,7,,0,3,Not Passed,8.7,7.7,0
FA2022,FA2022-class 6,25,1905FCBFE,,,0,,0,0,Attendance Fail,0,0,0
FA2022,FA2022-class 6,26,1905AFJDDA,,,7,,5.6,5.6,Passed,8.4,5.5,3.9
FA2022,FA2022-class 6,27,1905AGACBG,,,8,,7.6,7.3,Passed,8.5,7.3,6.2
FA2022,FA2022-class 6,28,1905AFJFBF,,,7,,5.6,5.3,Passed,9,7.3,2.1
FA2022,FA2022-class 6,29,1905AFJAIF,,,8,,8.6,8.8,Passed,9.2,8.2,9.5
FA2022,FA2022-class 6,30,1905AFAEAH,,,7,,6,5.6,Passed,8.2,7.2,2.7
FA2022,FA2022-class 6,31,1905AFJCCA,,,8.5,,9.2,9.1,Passed,8.9,8.7,9.5
FA2022,FA2022-class 6,32,1905AFJIFG,,,7,,7.2,6.1,Passed,8.7,7.3,3.1
FA2022,FA2022-class 7,1,1905AEJFBJ,,,0,,0,0.3,Attendance Fail,0,3,0
FA2022,FA2022-class 7,2,1905AFJABD,,,6,,6.8,6.1,Passed,6.5,6.6,5.3
FA2022,FA2022-class 7,3,1905AFAFHE,,,6,,0,2.2,Not Passed,3.9,5.8,0.2
FA2022,FA2022-class 7,4,1905AGADEI,,,6.5,,8.6,7.4,Passed,8.5,7.4,6.5
FA2022,FA2022-class 7,5,1905AFAIGD,,,6,,5.8,5.8,Passed,7.9,5.6,5
FA2022,FA2022-class 7,6,1905AGACGH,,,6,,4.8,4.2,Not Passed,7.2,5.6,1
FA2022,FA2022-class 7,7,1905AGJJBC,,,6,,7.8,5.5,Passed,6,6.4,2.4
FA2022,FA2022-class 7,8,1905AEJGIB,,,0,,0,0,Attendance Fail,0,0,0
FA2022,FA2022-class 7,9,1905AEADEF,,,0,,0,0.2,Not Passed,0,2,0
FA2022,FA2022-class 7,10,1905AGAAJJ,,,8.5,,8.8,7.3,Passed,8.3,9.4,4.1
FA2022,FA2022-class 7,11,1905AEACGI,,,0,,0,0.1,Is Susspended,0,0.8,0
FA2022,FA2022-class 7,12,1905AFAFAH,,,8.5,,6.2,6.7,Passed,6,7,6
FA2022,FA2022-class 7,13,1905AGJJAE,,,8.5,,8,6.9,Passed,7.2,8.8,4
FA2022,FA2022-class 7,14,1905ADJICI,,,0,,0,0,Attendance Fail,0,0,0
FA2022,FA2022-class 7,15,1905AGJAFE,,,7,,8.6,6.8,Passed,7.8,8.2,3.9
FA2022,FA2022-class 7,16,1905ADJADA,,,5,,0,1.8,Attendance Fail,0,5,1
FA2022,FA2022-class 7,17,1905AEJIDG,,,5,,6.4,5.3,Passed,6.9,5,4.1
FA2022,FA2022-class 7,18,1905AFJCBE,,,6.5,,6.8,5.2,Passed,7,5.6,2
FA2022,FA2022-class 7,19,1905AFAEFJ,,,0,,0,0.2,Attendance Fail,0,2.4,0
FA2022,FA2022-class 7,20,1905AFJJGI,,,6.5,,5.8,5.7,Passed,6.8,5.6,4.7
FA2022,FA2022-class 7,21,1905AGAJJG,,,7,,6.8,6.8,Passed,8.2,8.4,5.8
FA2022,FA2022-class 7,22,1905AFJBGH,,,6,,0,2.8,Not Passed,8.4,7.6,0
FA2022,FA2022-class 7,23,1905AFAIAE,,,6,,7.6,6.5,Passed,7.5,7,5.2
FA2022,FA2022-class 7,24,1905AGAJFD,,,6,,8,7.4,Passed,8,7.2,7.5
FA2022,FA2022-class 8,1,1905AGAICI,,,7.5,,0,2.2,Not Passed,0,7.3,0
FA2022,FA2022-class 8,2,1905AGAEFJ,,,8,,4.8,5.5,Passed,6.8,7.8,3.5
FA2022,FA2022-class 8,3,1905ACJCJJ,,,0,,0,0.2,Not Passed,1.5,0,0
FA2022,FA2022-class 8,4,1905AGBDHG,,,0,,0,0.4,Attendance Fail,3.8,0,0
FA2022,FA2022-class 8,5,0805AECBFF,,,8,,5.2,6.8,Passed,6.8,7.8,7.2
FA2022,FA2022-class 8,6,1905AGAGFD,,,7.5,,8.2,6.9,Passed,7.3,7.5,5
FA2022,FA2022-class 8,7,1905AEADCJ,,,0,,0,0.3,Attendance Fail,2.8,0,0
FA2022,FA2022-class 8,8,1905AGCFEA,,,7,,0,3,Not Passed,6.5,6.8,1
FA2022,FA2022-class 8,9,1905AGAEEG,,,7.5,,7.2,7.1,Passed,6.8,7.4,6.7
FA2022,FA2022-class 8,10,1905AGCAHI,,,0,,0,0,Attendance Fail,0,0,0
FA2022,FA2022-class 8,11,1905AEJHFC,,,8.5,,6.2,6,Passed,7.5,8.1,2.9
FA2022,FA2022-class 8,12,1905AGAEIB,,,7,,6.8,7.1,Passed,6.5,7.1,7.6
FA2022,FA2022-class 8,13,1905AFBJFF,,,8.5,,8,6.9,Passed,8.3,8.3,3.8
FA2022,FA2022-class 8,14,1919AGJDCH,,,6.5,,0,2.7,Not Passed,7.8,6.5,0
FA2022,FA2022-class 8,15,1905AGAGJE,,,8,,7.4,7.4,Passed,7.5,7.4,7.1
FA2022,FA2022-class 8,16,1905AGAIDF,,,8,,8.8,8,Passed,7,7.6,7.5
FA2022,FA2022-class 8,17,1905AGBJCJ,,,6.5,,6.4,5.3,Passed,7,6.5,2.5
FA2022,FA2022-class 8,18,1905AFBJEG,,,9,,7.6,7.5,Passed,7.8,8.3,6
FA2022,FA2022-class 8,19,1905AFBJFJ,,,9,,8.2,7.9,Passed,6.5,8.2,7.3
FA2022,FA2022-class 8,20,1905AGAFDG,,,8,,7,7.7,Passed,6.8,7.3,8.8
FA2022,FA2022-class 8,21,1905AGBJIG,,,7,,5.8,6.9,Passed,6.5,7.2,7.8
FA2022,FA2022-class 8,22,1905AFJIDJ,,,7.5,,8,6,Passed,4.5,7.5,2.9
FA2022,FA2022-class 8,23,1905AGAIEC,,,7.5,,6.2,5,Passed,5.8,7.4,1
FA2022,FA2022-class 8,24,1905AGAIBD,,,8.5,,7.6,7.3,Passed,8,7.7,5.7
FA2022,FA2022-class 8,25,1905AGBBEJ,,,8.5,,8.2,8.3,Passed,8.8,8.2,8
FA2022,FA2022-class 8,26,1905AGBICE,,,8,,8.4,6.6,Passed,7.8,7.9,3.2
FA2022,FA2022-class 8,27,1905AGCBIJ,,,7.5,,7.6,7.1,Passed,7.3,7.4,6.3
FA2022,FA2022-class 8,28,1905AFAEEH,,,0,,0,0,Attendance Fail,0,0,0
FA2022,FA2022-class 8,29,1905AFAAEG,,,7,,6.4,5.4,Passed,7.3,7.4,2
FA2022,FA2022-class 9,1,1905AGJAJD,,,6.5,,7,6,Passed,8.9,7.6,3.2
FA2022,FA2022-class 9,2,1905AGJAGI,,,8.5,,6.8,6.1,Passed,8.8,8.6,2.2
FA2022,FA2022-class 9,3,1905AGJADG,,,8,,6.8,6.1,Passed,6,7.6,3.5
FA2022,FA2022-class 9,4,1905AGJJGJ,,,8.5,,5.8,6.2,Passed,9.4,8.4,3.1
FA2022,FA2022-class 9,5,1905AGJBBE,,,6.5,,8.2,8.3,Passed,9.2,8.1,9.5
FA2022,FA2022-class 9,6,1905AGJAHG,,,6.5,,7.6,5.5,Passed,8.9,7.7,1
FA2022,FA2022-class 9,7,1905AGJBDE,,,6,,0,2.8,Attendance Fail,7,5.7,1
FA2022,FA2022-class 9,8,1905AGJABB,,,7,,9.6,8.6,Passed,9.3,8.2,8.5
FA2022,FA2022-class 9,9,1905AGJJDC,,,7,,8.6,6.8,Passed,9.5,8.4,3.5
FA2022,FA2022-class 9,10,1905AGJJAG,,,6.5,,8.2,6.9,Passed,9.5,7.8,4.7
FA2022,FA2022-class 9,11,1905AGJCHC,,,6,,5.8,4.6,Not Passed,6.9,7.1,1
FA2022,FA2022-class 9,12,1905AGJAAC,,,8,,7.6,5.9,Passed,9.2,8.1,1
FA2022,FA2022-class 9,13,1905AGJJHE,,,8,,8.6,8.5,Passed,9.6,8.6,8.2
FA2022,FA2022-class 9,14,1905AGJCAA,,,8,,7,6.1,Passed,9.2,8.5,2
FA2022,FA2022-class 9,15,1905AGJCAE,,,6.5,,5.8,5.6,Passed,9.3,8,2.9
FA2022,FA2022-class 9,16,1905AFAEFG,,,6,,7.6,5.6,Passed,6.2,6.1,3
FA2022,FA2022-class 9,17,1905AGJJDB,,,6.5,,7.6,7.6,Passed,9.1,7.7,7.8
FA2022,FA2022-class 9,18,1905AGJBFI,,,7.5,,6,5.6,Passed,8.8,7.7,2
FA2022,FA2022-class 9,19,1905AGJJEG,,,8.5,,9,7,Passed,9.1,8.5,2.8
FA2022,FA2022-class 9,20,1905AGJAIF,,,7.5,,7,6.2,Passed,8.6,8.2,3
FA2022,FA2022-class 9,21,1905AGJBDB,,,6,,6.4,5.4,Passed,9.2,8.1,1.8
FA2022,FA2022-class 9,22,1905AGJBHG,,,7,,8,8,Passed,8.3,6.6,9
FA2022,FA2022-class 9,23,1905AGJJHJ,,,8,,7.4,7.3,Passed,9.4,8.5,5.5
FA2022,FA2022-class 9,24,1905AGJCDF,,,6.5,,5.2,5.7,Passed,9.1,5.3,4.8
FA2022,FA2022-class 9,25,1905AGJCBB,,,5,,0,1.5,Attendance Fail,0,4.8,0
FA2022,FA2022-class 9,26,1905AGAEBC,,,7,,4.4,5.1,Passed,9,8.4,2.1
FA2022,FA2022-class 9,27,1905AGJBGD,,,7,,7.6,7.7,Passed,9.1,8.6,7.6
FA2022,FA2022-class 9,28,1905AGJCHJ,,,8.5,,8,7.7,Passed,9.2,8.6,6
FA2022,FA2022-class 9,29,1905AGJAFF,,,7,,5.2,4.6,Not Passed,6.5,6.9,1
FA2022,FA2022-class 10,1,1905AGAJFH,,,9,,9,7.6,Passed,9.5,9,4.1
FA2022,FA2022-class 10,2,1905AGJDCI,,,3.5,,0,2.5,Not Passed,5.3,6.8,2
FA2022,FA2022-class 10,3,1905AGJDJB,,,7,,7,6.1,Passed,8.8,8.4,2.9
FA2022,FA2022-class 10,4,1905AFAEEE,,,5.5,,7,6.7,Passed,7.3,7,6.8
FA2022,FA2022-class 10,5,1905AGAJCE,,,9.5,,6.8,7.6,Passed,8,8,6.7
FA2022,FA2022-class 10,6,1905AGJDBF,,,8.5,,7.2,5.8,Passed,8.3,8.3,1.1
FA2022,FA2022-class 10,7,1905AGAJDH,,,8.5,,7,6.5,Passed,8.8,8.3,3.2
FA2022,FA2022-class 10,8,1905AGAJFB,,,8.5,,7.8,7,Passed,8.8,8.1,4.1
FA2022,FA2022-class 10,9,1905AFAIHJ,,,8.5,,7.6,7.7,Passed,8.8,8.3,6.8
FA2022,FA2022-class 10,10,1905AGJDAG,,,5,,7.8,5.1,Passed,7.3,7.4,1
FA2022,FA2022-class 10,11,1905AGJDCA,,,6.5,,8.2,7.1,Passed,8.3,8,5.7
FA2022,FA2022-class 10,12,1905AGJEJD,,,6.5,,0,2.9,Not Passed,8.5,7.5,0
FA2022,FA2022-class 10,13,1905AFAGFC,,,1,,0,0.5,Attendance Fail,1,2.2,0
FA2022,FA2022-class 10,14,1905AGJEGI,,,5.5,,6.4,5.1,Passed,8,7.5,1.7
FA2022,FA2022-class 10,15,1905AGAJFG,,,8,,6.8,6.1,Passed,7,7.8,3.2
FA2022,FA2022-class 10,16,1905AGJEGH,,,4,,0,2.4,Not Passed,5.8,4.4,2
FA2022,FA2022-class 10,17,1905AGJEJB,,,6,,0,3.1,Not Passed,8.3,7.7,1
FA2022,FA2022-class 10,18,1905AGAADC,,,9.5,,6.6,6.8,Passed,9.3,8.9,3.6
FA2022,FA2022-class 10,19,1905AGJDJJ,,,8.5,,7.4,7.4,Passed,8.8,7.8,6
FA2022,FA2022-class 10,20,1905AEJICG,,,5.5,,4,4,Not Passed,8.3,8.4,0
FA2022,FA2022-class 10,21,1905AGJECA,,,1,,0,0.5,Attendance Fail,1,2.2,0
FA2022,FA2022-class 10,22,1905AGAAJA,,,8.5,,7.6,7,Passed,7.3,7.8,5
FA2022,FA2022-class 10,23,1905AGJFJC,,,6,,7.8,6.6,Passed,7,7.2,5.4
FA2022,FA2022-class 10,24,1905AGAJJI,,,4,,7.4,5.8,Passed,6.5,5.2,5.3
FA2022,FA2022-class 10,25,1905AGAJJA,,,8,,7.2,7.1,Passed,8,7.8,5.8
FA2022,FA2022-class 10,26,1905AGAADG,,,7.5,,8.2,7.1,Passed,8.3,7.7,5
FA2022,FA2022-class 10,27,1905AFAJAB,,,6,,6.8,7.3,Passed,6.5,7.2,9
FA2022,FA2022-class 10,28,1905AGJEAI,,,4,,0,1.7,Not Passed,4.3,4.9,0
FA2022,FA2022-class 10,29,1905AEADGJ,,,4.5,,0,1.9,Not Passed,4,5.5,0
FA2022,FA2022-class 10,30,1905AGJCII,,,5,,7.2,5.1,Passed,7,7.5,1.5
FA2022,FA2022-class 10,31,1905AGJEDC,,,9,,6.6,7,Passed,8.5,8.6,5
FA2022,FA2022-class 11,1,1905AGABCG,,,5,,8.8,8.1,Passed,8.7,9,9
FA2022,FA2022-class 11,2,1905AGABGD,,,4,,7.4,5.7,Passed,9.2,8.7,3.1
FA2022,FA2022-class 11,3,1905AGAABB,,,3,,6.4,4.1,Is Susspended,7.7,8.1,0
FA2022,FA2022-class 11,4,1905AGABDA,,,5,,7.6,5.5,Passed,8.5,7.7,2
FA2022,FA2022-class 11,5,1905AGABGJ,,,3.5,,6.6,5.3,Passed,8.9,7.2,3.2
FA2022,FA2022-class 11,6,1905AGACIF,,,3,,6.8,5.2,Passed,9.6,7.6,2.8
FA2022,FA2022-class 11,7,1905AGAAAD,,,6,,8.6,7.6,Passed,8.8,8.9,7
FA2022,FA2022-class 11,8,1905AGABIH,,,4,,6,4.9,Not Passed,8.1,7.8,2.4
FA2022,FA2022-class 11,9,1905AGJDFH,,,0,,0,2.9,Not Passed,9.5,6.2,4.5
FA2022,FA2022-class 11,10,1905AGAAEA,,,3,,0,1.9,Not Passed,4.7,7.9,0
FA2022,FA2022-class 11,11,1905AGABCB,,,5,,7.2,6.9,Passed,9.1,9.1,6.5
FA2022,FA2022-class 11,12,1905AGABHB,,,3.5,,7.4,4.7,Not Passed,8.8,6.9,0.7
FA2022,FA2022-class 11,13,1905AGACEA,,,3,,6.2,5.1,Passed,9.4,8.3,3
FA2022,FA2022-class 11,14,1905AGABDH,,,4,,6.6,6.4,Passed,9.3,9,6
FA2022,FA2022-class 11,15,1905AGAAHC,,,6,,8.4,7.9,Passed,9.3,8.8,8
FA2022,FA2022-class 11,16,1905AGABGF,,,5,,5,5.5,Passed,8.4,8.3,4.5
FA2022,FA2022-class 11,17,1905AGAAHI,,,2,,0,2.2,Not Passed,8.8,6.2,1
FA2022,FA2022-class 11,18,1905AEJCDI,,,0,,0,0,Attendance Fail,0,0,0
FA2022,FA2022-class 11,19,1905AEADJG,,,2.5,,0,2.4,Not Passed,9.2,3.4,2
FA2022,FA2022-class 11,20,1905AGAAHH,,,6,,8,6.4,Passed,8.6,8.6,3.6
FA2022,FA2022-class 11,21,1905AGAAIH,,,6,,9.6,6.9,Passed,9.1,9.1,3.5
FA2022,FA2022-class 11,22,1905AGACJC,,,3,,8,5.6,Passed,9.1,7.2,3.2
FA2022,FA2022-class 11,23,1905AGABDB,,,4,,9.6,7.8,Passed,9.3,8.8,7.7
FA2022,FA2022-class 11,24,1905AGAAGD,,,3,,9.4,5.5,Passed,9.6,8.2,0.9
FA2022,FA2022-class 11,25,1905AGACAF,,,4,,0,2.6,Not Passed,9.3,8.9,0
FA2022,FA2022-class 11,26,1905AGAAAF,,,6,,7.2,5.3,Passed,8.6,8.8,0.6
FA2022,FA2022-class 11,27,1905AGAAFE,,,3,,5,5.2,Passed,8.4,8.2,4.8
FA2022,FA2022-class 11,28,1905AGABCD,,,3.5,,8.2,5.5,Passed,9.7,7.9,2
FA2022,FA2022-class 11,29,1905AFAIEJ,,,0,,0,2,Not Passed,9,4.9,2
FA2022,FA2022-class 12,1,1905AGACCE,,,8.3,,5.2,5.6,Passed,7.9,6.8,3.2
FA2022,FA2022-class 12,2,1905AGAFIJ,,,8,,8,8,Passed,8.1,8,8
FA2022,FA2022-class 12,3,1905AGADAC,,,8.1,,6.8,6.5,Passed,7.8,8.4,4
FA2022,FA2022-class 12,4,1905AGADHG,,,7.5,,7.2,5.8,Passed,8.5,6.9,1.9
FA2022,FA2022-class 12,5,1905AGADIJ,,,8,,0,3.2,Not Passed,9.1,7,0
FA2022,FA2022-class 12,6,1905AGAECB,,,8.5,,6.2,6.1,Passed,8.3,8.3,3
FA2022,FA2022-class 12,7,1905AGADHI,,,8.1,,8,8.3,Passed,9.8,8.2,8.3
FA2022,FA2022-class 12,8,1905AGADFB,,,8.5,,6.6,6.5,Passed,8.5,8.2,3.7
FA2022,FA2022-class 12,9,1905AGACBA,,,8.5,,7.8,8,Passed,8.3,7.8,7.7
FA2022,FA2022-class 12,10,1905AGAECF,,,0,,0,0,Attendance Fail,0,0,0
FA2022,FA2022-class 12,11,1905AGAEJC,,,9,,8.8,8.7,Passed,9.6,9.5,7.7
FA2022,FA2022-class 12,12,1905AGAFIB,,,8.5,,7.2,7.6,Passed,8.1,8.3,7
FA2022,FA2022-class 12,13,1905AGADID,,,5,,6,4.2,Is Susspended,7.7,6.8,0
FA2022,FA2022-class 12,14,1905AGACGB,,,7,,8.6,7.9,Passed,9.6,9.1,6.9
FA2022,FA2022-class 12,15,1905AGADDA,,,8.5,,6.8,7.8,Passed,8.8,8.3,7.7
FA2022,FA2022-class 12,16,1905AGACIC,,,8.8,,6.6,6.5,Passed,9.5,9.1,3
FA2022,FA2022-class 12,17,1905AGADBG,,,7.5,,0,3.1,Not Passed,7.6,8,0
FA2022,FA2022-class 12,18,1905AGABEB,,,0,,0,1.6,Not Passed,4,6.2,1.8
FA2022,FA2022-class 12,19,1905AGAEGF,,,8.1,,0,3.2,Not Passed,8.6,6.9,0
FA2022,FA2022-class 12,20,1905AGADJC,,,9.8,,9.4,8.8,Passed,9.8,9.9,6.8
FA2022,FA2022-class 12,21,1905AGACEC,,,8.8,,9.2,8.3,Passed,9,9.5,6.5
FA2022,FA2022-class 12,22,1905AGADHF,,,7.5,,7.8,8.5,Passed,8.9,8.2,9.8
FA2022,FA2022-class 12,23,1905AGAEGE,,,8.5,,9,8.4,Passed,9.5,8.4,7.3
FA2022,FA2022-class 12,24,1905AGACCC,,,8,,7.8,5.7,Passed,8.1,6.5,1
FA2022,FA2022-class 12,25,1905AGADGB,,,8.1,,6.8,5.6,Passed,8.7,7.4,1
FA2022,FA2022-class 12,26,1905AGADCA,,,8.3,,6.4,7.4,Passed,9.5,8.6,6.7
FA2022,FA2022-class 12,27,1905AGAEEB,,,9.1,,6,7.7,Passed,8.6,8.7,7.9
FA2022,FA2022-class 12,28,1905AGAEFE,,,8.3,,8.4,8.3,Passed,9.7,7.9,7.9
FA2022,FA2022-class 12,29,1905AGAEBD,,,8.5,,8.4,7.9,Passed,9.2,8.5,6.5
FA2022,FA2022-class 12,30,1905AGADJB,,,8.5,,8.8,8,Passed,9.4,9,6
FA2022,FA2022-class 12,31,1905AGAECE,,,8.1,,7.8,6,Passed,9.1,8.2,1
FA2022,FA2022-class 12,32,1905AGACEB,,,9,,8.6,8,Passed,9.6,9.6,5.7
FA2022,FA2022-class 12,33,1905AGACIJ,,,8.8,,7,7.7,Passed,9,9.1,6.8
FA2022,FA2022-class 12,34,1905AGACFH,,,8,,8.8,5.8,Is Susspended,8,7.7,0
FA2022,FA2022-class 12,35,1905AGAEBB,,,6,,6.6,7.1,Passed,9.4,8.3,7.3
FA2022,FA2022-class 13,1,1905AGAHCB,,,1,,0,2.5,Not Passed,8,3.2,3.8
FA2022,FA2022-class 13,2,1905AGAGJF,,,6.5,,8,5.7,Passed,9.5,4.6,1.9
FA2022,FA2022-class 13,3,1905AGAGII,,,7.5,,8,6,Passed,9,6.4,2
FA2022,FA2022-class 13,4,1905AGAFIG,,,7,,7.8,5.7,Passed,10,3.3,2
FA2022,FA2022-class 13,5,1905AFAAEE,,,0,,0,0.4,Attendance Fail,3,1,0
FA2022,FA2022-class 13,6,1905AGAFGH,,,6.5,,0,3.1,Attendance Fail,4.5,3.8,3.2
FA2022,FA2022-class 13,7,1905AGAFIC,,,5,,8,5.5,Passed,9,5.2,2.4
FA2022,FA2022-class 13,8,1905AGAICD,,,7,,7,6.3,Passed,8.5,6.1,4.6
FA2022,FA2022-class 13,9,1905AGAEFD,,,1,,5.8,4.2,Not Passed,7,4.7,3.6
FA2022,FA2022-class 13,10,1905AGAIEJ,,,9.5,,7.8,8,Passed,10,8.7,6.2
FA2022,FA2022-class 13,11,1905AGAEHA,,,6,,8.4,7.4,Passed,8,5.9,7.7
FA2022,FA2022-class 13,12,1905AGAGJG,,,6.5,,7.8,6.1,Passed,8.5,6.7,3
FA2022,FA2022-class 13,13,1905AGAGFI,,,3,,0,1.7,Not Passed,4.5,6,0
FA2022,FA2022-class 13,14,1905AGAFEB,,,5,,6.8,5.1,Passed,9.5,6.1,1.7
FA2022,FA2022-class 13,15,1905AGAEGG,,,0,,0,0.9,Attendance Fail,4,4.8,0
FA2022,FA2022-class 13,16,1905AGAIAD,,,7.5,,6.4,6.2,Passed,7.5,7.4,4.3
FA2022,FA2022-class 13,17,1905AGAADI,,,8,,8.8,8.6,Passed,9.5,8.2,8.5
FA2022,FA2022-class 13,18,1905AGAHAI,,,7.5,,5.6,5.6,Passed,9,5.7,3
FA2022,FA2022-class 13,19,1905AGAGBD,,,10,,8,7.3,Passed,10,8.1,3.5
FA2022,FA2022-class 13,20,1905AFAIDJ,,,5,,5,5,Passed,8,2.4,4.7
FA2022,FA2022-class 13,21,1905AFBABB,,,9,,7.4,8.1,Passed,8,8,8.3
FA2022,FA2022-class 13,22,1905AGAHDE,,,3,,6,4.2,Not Passed,8.5,6,1.2
FA2022,FA2022-class 13,23,1905ACJCHC,,,5,,6,5.1,Passed,7.5,5.4,3.5
FA2022,FA2022-class 13,24,1905AGAIGD,,,6.5,,7.8,5.6,Passed,7.5,6.4,2
FA2022,FA2022-class 13,25,1905ADJDHH,,,7,,0,2.7,Not Passed,8,4.6,0
FA2022,FA2022-class 13,26,1905AGAHCD,,,9,,0,3.3,Not Passed,10,5.4,0
FA2022,FA2022-class 13,27,1905AGAFDC,,,5,,6.2,5,Passed,4,4.9,4
FA2022,FA2022-class 13,28,1905AGAGFH,,,7,,8.8,7.3,Passed,10,7.3,5
FA2022,FA2022-class 13,29,1905AGAFFA,,,8.5,,8.6,8.6,Passed,9.5,8.6,8.5
FA2022,FA2022-class 13,30,1905AGAGCG,,,8,,9.2,8.3,Passed,9,8.1,7.5
FA2022,FA2022-class 13,31,1905AGAFHG,,,6.5,,7.4,6.3,Passed,9,5.3,4.6
FA2022,FA2022-class 13,32,1905AGAEED,,,3,,3.8,3.3,Not Passed,7.5,4.8,1
FA2022,FA2022-class 13,33,1905AGAGBF,,,5,,6.2,4.9,Not Passed,9,5.1,2
FA2022,FA2022-class 13,34,1905AGAFFF,,,5,,7.4,5.5,Passed,9.5,6.6,2.1
FA2022,FA2022-class 13,35,1905AGBGEE,,,5,,0,2.2,Not Passed,4,4.4,1.1
FA2022,FA2022-class 14,1,1905AGBJDH,,,8,,7.2,7.4,Passed,6.3,9.4,6.9
FA2022,FA2022-class 14,2,1905AGBBII,,,9,,9,9.3,Passed,8.5,9.8,9.8
FA2022,FA2022-class 14,3,1905AGBJIJ,,,9.5,,8,7,Passed,7.9,9.8,3
FA2022,FA2022-class 14,4,1905AGBJBJ,,,7,,8.2,7.9,Passed,6.7,7.4,8.8
FA2022,FA2022-class 14,5,1905AGBJBA,,,8.5,,5,7,Passed,7,9,7.2
FA2022,FA2022-class 14,6,1905AGBJHB,,,8,,6.8,6.9,Passed,6.3,9,5.7
FA2022,FA2022-class 14,7,1905AGBADF,,,9.5,,5.8,5.6,Passed,7.1,9.6,1
FA2022,FA2022-class 14,8,1905AGBJGH,,,7,,6.4,6.9,Passed,6.4,8.4,7
FA2022,FA2022-class 14,9,1905AGBAIA,,,7,,8.8,8.2,Passed,8.5,8.6,8.3
FA2022,FA2022-class 14,10,1905AGAHEI,,,7,,0,3.2,Attendance Fail,6.5,8.2,1.2
FA2022,FA2022-class 14,11,1905AFAECD,,,0,,0,0,Attendance Fail,0,0,0
FA2022,FA2022-class 14,12,1905AGAIBE,,,0,,0,0.3,Attendance Fail,3.4,0,0
FA2022,FA2022-class 14,13,1905AGAIAH,,,9,,8.6,8.2,Passed,7.3,9.8,7
FA2022,FA2022-class 14,14,1905AGBJAD,,,5,,0,2.5,Attendance Fail,7.1,7.4,0
FA2022,FA2022-class 14,15,1905AGAIIJ,,,9,,8.6,8.9,Passed,8,9.8,9
FA2022,FA2022-class 14,16,1905AGBAJC,,,8,,8.8,8.6,Passed,7.7,9.4,8.8
FA2022,FA2022-class 14,17,1905AGBJJI,,,8,,5.2,5.6,Passed,8.8,9.2,2
FA2022,FA2022-class 14,18,1905AGAJGB,,,9,,9,8.9,Passed,7.7,9.4,9
FA2022,FA2022-class 14,19,1905AGBBBA,,,9,,8.8,9,Passed,8.1,9.6,9.4
FA2022,FA2022-class 14,20,1905AGAHGB,,,8,,6.8,7.6,Passed,7.7,9.6,7.3
FA2022,FA2022-class 14,21,1905AGBAGI,,,8,,4.4,4.5,Not Passed,5.1,7.2,1
FA2022,FA2022-class 14,22,1905AGBJGE,,,7,,5.4,5.2,Passed,5,8,2.8
FA2022,FA2022-class 14,23,1905AGBAEI,,,9,,7.2,7.9,Passed,7.7,9.6,7.2
FA2022,FA2022-class 14,24,1905AGAIGC,,,7,,6,5.3,Passed,7.1,8.2,2
FA2022,FA2022-class 14,25,1905AGBJAA,,,9,,6.4,6.2,Passed,7.4,9.8,2.5
FA2022,FA2022-class 14,26,1905AGBBDC,,,7,,7.6,7,Passed,7.1,9.6,5.4
FA2022,FA2022-class 14,27,1905AGAIGI,,,8,,8,8.5,Passed,9,9.8,8.8
FA2022,FA2022-class 14,28,1905AGBDEG,,,8,,8.2,7.2,Passed,7.8,9.2,4.9
FA2022,FA2022-class 14,29,1905AGBJEA,,,7,,6.8,7.5,Passed,7.3,8.8,8.3
FA2022,FA2022-class 14,30,1905AGJACJ,,,8.5,,7.6,7.9,Passed,8.1,9.8,7
FA2022,FA2022-class 14,31,1905AGBBBC,,,8,,8.4,8.4,Passed,7.6,9.8,8.5
FA2022,FA2022-class 14,32,1905AGBBAG,,,7,,9,7.5,Passed,7.9,8.8,5.9
FA2022,FA2022-class 14,33,1905AGAIBJ,,,6,,0,2.4,Not Passed,5.7,6.2,0
FA2022,FA2022-class 14,34,1905AGBADH,,,8,,6.2,5.8,Passed,7.8,9.2,2.2
FA2022,FA2022-class 14,35,1905AGBJGB,,,7,,6.2,6.9,Passed,7.3,9.4,6.5
FA2022,FA2022-class 15,1,1905AGBDDH,,,3.5,,7,5.2,Passed,7.5,5,3.9
FA2022,FA2022-class 15,2,1905AGBBFF,,,7.5,,7,7,Passed,9.5,5.9,6.3
FA2022,FA2022-class 15,3,1905AGBCHG,,,7,,6.2,5.6,Passed,8.5,5.6,3.2
FA2022,FA2022-class 15,4,1905AGBBEH,,,7.5,,7.6,6.9,Passed,9,6.3,5.3
FA2022,FA2022-class 15,5,1905AFJBJJ,,,7.5,,6.4,6.6,Passed,8,6.7,5.7
FA2022,FA2022-class 15,6,1905AGBGHH,,,8,,8.2,6.5,Passed,8,6.1,3.4
FA2022,FA2022-class 15,7,1905AGAJIC,,,7.5,,8.6,7.9,Passed,10,8.5,6.5
FA2022,FA2022-class 15,8,1905AFJBBJ,,,5.5,,7.2,5.5,Passed,8,7.3,2.2
FA2022,FA2022-class 15,9,1905AGBCIC,,,7,,8,6.9,Passed,9.5,7.1,4.7
FA2022,FA2022-class 15,10,1905AGBBGJ,,,7.5,,8.2,6.4,Passed,8.5,6.5,3
FA2022,FA2022-class 15,11,1905AGBCHF,,,6.5,,7.4,5.5,Passed,8.5,4.1,2.5
FA2022,FA2022-class 15,12,1905AGBCCI,,,7.5,,7.8,6.8,Passed,8,5.7,5.2
FA2022,FA2022-class 15,13,1905AGBBGI,,,6.5,,6.2,6,Passed,4,5.2,6.5
FA2022,FA2022-class 15,14,1905AFAHHF,,,7.5,,7.8,7.2,Passed,9,7.5,5.7
FA2022,FA2022-class 15,15,1905AGBBHF,,,6.5,,6.4,6.1,Passed,8.5,6.9,4.3
FA2022,FA2022-class 15,16,1905AGBCAJ,,,6,,7.4,5.6,Passed,8.5,5.5,2.7
FA2022,FA2022-class 15,17,1905AGBDJJ,,,9,,8.4,8.1,Passed,9.5,8.6,6.5
FA2022,FA2022-class 15,18,1905AGBECI,,,8,,8.6,7,Passed,8.5,8.7,3.8
FA2022,FA2022-class 15,19,1905AGABBC,,,5,,8.2,6.8,Passed,8.5,6.4,6
FA2022,FA2022-class 15,20,1905AGBHCF,,,7,,8.6,7.8,Passed,9,3.5,8.6
FA2022,FA2022-class 15,21,1905AGBCJH,,,7,,8.2,7.5,Passed,9,6.7,7
FA2022,FA2022-class 15,22,1905AGBDEE,,,7,,7.6,5.7,Passed,8.5,5.6,2
FA2022,FA2022-class 15,23,1905AFJBJE,,,7.5,,6.4,6.1,Passed,8,8.6,3.4
FA2022,FA2022-class 15,24,1905AGBFBB,,,8,,8.8,8,Passed,8.5,7.2,7.3
FA2022,FA2022-class 15,25,1905AGBDFH,,,5,,6.8,5.3,Passed,8,3,3.8
FA2022,FA2022-class 15,26,1905AFJBCA,,,10,,9.6,9.7,Passed,8.5,10,10
FA2022,FA2022-class 15,27,1905AFJAFB,,,10,,9.4,9.6,Passed,8.5,10,9.8
FA2022,FA2022-class 15,28,1905AFJBCI,,,9,,8.6,8.4,Passed,8.5,9.4,7.5
FA2022,FA2022-class 15,29,1905AGBCGD,,,7.5,,7.6,6.6,Passed,8,7.1,4.2
FA2022,FA2022-class 15,30,1905AGBCJI,,,6.5,,7.8,6.5,Passed,8.5,6.8,4.3
FA2022,FA2022-class 15,31,1905AGBDJF,,,5.5,,6.6,5.8,Passed,8.5,5.6,4.3
FA2022,FA2022-class 15,32,1905AGBECF,,,10,,9,8.9,Passed,9.5,9.3,7.8
FA2022,FA2022-class 15,33,1905AGBEDB,,,7.5,,7.2,5.8,Passed,7.5,6.3,2.5
FA2022,FA2022-class 15,34,1905AFJCFD,,,8.5,,0,4.2,Not Passed,9.5,6.9,2.8
FA2022,FA2022-class 16,1,1905AGBIHI,,,6.5,,6.8,6,Passed,8.3,7.9,3.5
FA2022,FA2022-class 16,2,1905AGBGID,,,6,,6.4,6.3,Passed,9,6.5,5.4
FA2022,FA2022-class 16,3,1905AFADAF,,,7,,5.6,6.5,Passed,7.2,7.1,6.5
FA2022,FA2022-class 16,4,1905AGBEFD,,,8.5,,7.8,6.8,Passed,8.9,8.4,3.4
FA2022,FA2022-class 16,5,1905AGBIDD,,,8,,8.4,7.8,Passed,9.4,8.1,6.6
FA2022,FA2022-class 16,6,1905AGBDIH,,,6,,6.6,5.4,Passed,8.7,6.5,2.2
FA2022,FA2022-class 16,7,1905AGBICA,,,8.5,,7.6,7.7,Passed,8.9,8.4,6.7
FA2022,FA2022-class 16,8,1905AGBIGG,,,6.5,,9,6.1,Passed,7.6,7.9,2
FA2022,FA2022-class 16,9,1905AGBIDH,,,6.5,,6,6.6,Passed,9,7.9,5.9
FA2022,FA2022-class 16,10,1905AGBIJD,,,6,,7.4,5.6,Passed,9.4,7.7,1.7
FA2022,FA2022-class 16,11,1905AGBDGC,,,7.5,,7.6,7.7,Passed,9.6,7.7,7.4
FA2022,FA2022-class 16,12,1905AGBHIG,,,6,,7.2,6.2,Passed,9.2,7.7,3.8
FA2022,FA2022-class 16,13,1905AGBHIE,,,8.5,,6.6,7.2,Passed,8.9,8.4,5.9
FA2022,FA2022-class 16,14,1905AGBGGJ,,,7,,7.4,7.6,Passed,9,7.6,7.8
FA2022,FA2022-class 16,15,1905AGBIBA,,,7.5,,7.2,7.1,Passed,8.9,7.7,5.9
FA2022,FA2022-class 16,16,1905AGCJAB,,,7,,7.2,6.6,Passed,8.8,7.1,4.9
FA2022,FA2022-class 16,17,1905AGJJJC,,,7,,8.8,7.3,Passed,8.1,5.5,6.5
FA2022,FA2022-class 16,18,1905AGCJJC,,,7,,8.6,7.5,Passed,9.4,7.1,6.4
FA2022,FA2022-class 16,19,1905AGBFJI,,,7.5,,7.2,7.4,Passed,8.5,7.7,7
FA2022,FA2022-class 16,20,1905AGBHCC,,,6,,7.4,6.4,Passed,8.3,7.1,4.9
FA2022,FA2022-class 16,21,1905AGCJDE,,,7,,6.6,6.7,Passed,8.5,4.3,6.8
FA2022,FA2022-class 16,22,1905AGBIBH,,,6,,6.4,6.4,Passed,8.8,7.7,5.6
FA2022,FA2022-class 16,23,1905AGBGEC,,,7,,5.8,4.9,Not Passed,7.1,7.6,1
FA2022,FA2022-class 16,24,1905AGCJJB,,,6.5,,7,6.6,Passed,8.9,7.9,5.1
FA2022,FA2022-class 16,25,1905AGBIEB,,,6.5,,7.2,5.5,Passed,9,7.9,1.3
FA2022,FA2022-class 16,26,1905AGBFHA,,,8.5,,7.8,8.3,Passed,9.1,8.4,8.4
FA2022,FA2022-class 16,27,1905AEAJCH,,,0,,0,0.5,Attendance Fail,4.7,0,0
FA2022,FA2022-class 16,28,1905AGBHFC,,,6,,6,4.6,Is Susspended,8.6,7.7,0
FA2022,FA2022-class 16,29,1905AFADCE,,,7,,5.6,6.6,Passed,8.1,7.1,6.8
FA2022,FA2022-class 16,30,1905AGBHGH,,,7,,5.8,5.2,Passed,9.5,7.6,1
FA2022,FA2022-class 16,31,1905AGBGBF,,,7,,9.2,7.1,Passed,8.8,7.6,4.5
FA2022,FA2022-class 16,32,1905AGBGHG,,,7,,5.6,6.7,Passed,9.3,7.6,6.3
FA2022,FA2022-class 16,33,1905AGBIJA,,,8.5,,7.2,8.1,Passed,9,8.4,8.2
FA2022,FA2022-class 16,34,1905AGBFGH,,,0,,0,0.5,Attendance Fail,4.9,0,0
FA2022,FA2022-class 17,1,1905AGCDDJ,,,7.5,,7.8,6.5,Passed,9.5,8.4,3
FA2022,FA2022-class 17,2,1905AGCJBD,,,8.5,,8.2,8.4,Passed,10,8.3,8.1
FA2022,FA2022-class 17,3,1905AGCBCG,,,8,,5.8,5.6,Passed,9,8.4,1.8
FA2022,FA2022-class 17,4,1905AGCCJC,,,8,,6.8,6.8,Passed,10,8.4,4.5
FA2022,FA2022-class 17,5,1905AGCAFA,,,8,,6.6,6.7,Passed,9.5,8.3,4.5
FA2022,FA2022-class 17,6,1905AGCBFJ,,,7.5,,6.6,6.5,Passed,9.8,8.4,4
FA2022,FA2022-class 17,7,1905AGCJDC,,,7.5,,8.6,7.1,Passed,10,8.3,4
FA2022,FA2022-class 17,8,1905AGCCGI,,,8,,7.6,6.2,Passed,9.8,7.7,1.8
FA2022,FA2022-class 17,9,1905AGCBJD,,,8,,8.4,8.3,Passed,9,8.1,8.1
FA2022,FA2022-class 17,10,1905AGCAJJ,,,7.5,,9,7.4,Passed,9.5,8.3,4.7
FA2022,FA2022-class 17,11,1905AGCCJG,,,8,,7,6.8,Passed,10,7.8,4.5
FA2022,FA2022-class 17,12,1905AGAIED,,,8.5,,8,8.3,Passed,10,8.5,7.8
FA2022,FA2022-class 17,13,1905AGCJBJ,,,8.5,,8.6,8.1,Passed,10,8.5,6.7
FA2022,FA2022-class 17,14,1905AGCJHH,,,8,,7.2,6.5,Passed,9.8,8.2,3
FA2022,FA2022-class 17,15,1905AGCCIG,,,7.5,,6.8,5.9,Passed,9.8,8.3,2
FA2022,FA2022-class 17,16,1905AGCBGB,,,9,,7.6,7,Passed,10,9.2,3.4
FA2022,FA2022-class 17,17,1905AGCBFA,,,9,,8.4,6.5,Passed,10,9.2,1
FA2022,FA2022-class 17,18,1905AGCBHJ,,,9,,7.4,7.1,Passed,10,9.2,4
FA2022,FA2022-class 17,19,1905AGCCBH,,,8.5,,7,5.9,Passed,10,8.1,1
FA2022,FA2022-class 17,20,1905AGCBCJ,,,9,,9.6,9.6,Passed,10,9.4,10
FA2022,FA2022-class 17,21,1905AGCACH,,,7.5,,4.6,5.1,Passed,8.3,8,2
FA2022,FA2022-class 17,22,1905AGCBEB,,,9,,6,6.4,Passed,10,9.2,3
FA2022,FA2022-class 17,23,1905AGCJFC,,,8.5,,7.2,7.3,Passed,10,8.3,5.2
FA2022,FA2022-class 17,24,1905AGCCGG,,,7.5,,0,3.2,Not Passed,8.5,8.3,0
FA2022,FA2022-class 17,25,1905AGCDDF,,,7.5,,8.6,6.4,Passed,9.5,8.2,2
FA2022,FA2022-class 17,26,1905AEJIGA,,,0,,0,0,Attendance Fail,0,0,0
FA2022,FA2022-class 17,27,1905AGCBFD,,,7.5,,8.6,7.7,Passed,9.8,8.4,5.9
FA2022,FA2022-class 17,28,1905AEJFJJ,,,8,,8.4,7.7,Passed,9.8,8.3,6
FA2022,FA2022-class 17,29,1905AGCCAD,,,7.5,,7.8,6.3,Passed,9.8,8.3,2.1
FA2022,FA2022-class 17,30,1905AGCBCC,,,8,,7.8,6.7,Passed,9,7.9,3.6
FA2022,FA2022-class 17,31,1905AGCCDC,,,8,,5.8,5.7,Passed,10,8.2,1.8
FA2022,FA2022-class 17,32,1905AGCJBI,,,7.5,,8.8,7.3,Passed,9.8,7.9,4.7
FA2022,FA2022-class 18,1,1905AGCEEB,,,9,,7,7.1,Passed,8.5,8.1,5
FA2022,FA2022-class 18,2,1905AGCCEC,,,7.5,,7,6.9,Passed,7.5,7.2,6
FA2022,FA2022-class 18,3,1901ACJJEB,,,0,,0,0.3,Attendance Fail,0,0,1
FA2022,FA2022-class 18,4,1905AGCEBA,,,8,,6.2,7.4,Passed,8,7.6,8
FA2022,FA2022-class 18,5,1905AGCEIH,,,8,,8,6.5,Passed,8,7.9,3
FA2022,FA2022-class 18,6,1905AGCDIG,,,7.5,,5.4,5.3,Passed,7.3,7.2,2.3
FA2022,FA2022-class 18,7,1905AGCEEE,,,7.5,,7.8,7.4,Passed,7.8,7.3,7
FA2022,FA2022-class 18,8,1905AGCCIB,,,7,,8.4,7.6,Passed,8.5,7.4,6.8
FA2022,FA2022-class 18,9,1905AEJGAF,,,6,,6.8,6.5,Passed,8.3,6.1,6
FA2022,FA2022-class 18,10,1905AGCEIB,,,9,,9,8.8,Passed,8,8.2,8.8
FA2022,FA2022-class 18,11,1905AGCFEB,,,6.5,,9.4,5.6,Passed,6.5,6.4,0.5
FA2022,FA2022-class 18,12,1905AFAHCC,,,8.5,,5.8,6.3,Passed,7.8,8.2,4.2
FA2022,FA2022-class 18,13,1905AGCEDH,,,0,,0,1.5,Not Passed,4.5,0,3.5
FA2022,FA2022-class 18,14,1905AGCFAD,,,8,,7,7.9,Passed,8,8,8.6
FA2022,FA2022-class 18,15,1905AFAFDC,,,8,,7,5.9,Passed,8.3,7.9,2.1
FA2022,FA2022-class 18,16,1905AGCDHH,,,8,,4.4,6.2,Passed,7.8,7.5,5.8
FA2022,FA2022-class 18,17,1905AGCEIC,,,7.5,,7.6,7.4,Passed,7.8,7.4,7
FA2022,FA2022-class 18,18,1905AGCDEI,,,8,,6.6,5.4,Passed,4.3,7.9,2
FA2022,FA2022-class 18,19,1905AGCEAC,,,8,,8.8,8.6,Passed,8.8,8.1,8.9
FA2022,FA2022-class 18,20,1905AGCEJG,,,9,,8.4,7.5,Passed,4.5,8.4,6.3
FA2022,FA2022-class 18,21,1905AFAEID,,,8.5,,5.6,7.2,Passed,7,8.2,7.5
FA2022,FA2022-class 18,22,1905AGCEEH,,,8.5,,7.4,7.2,Passed,7.3,8.3,5.8
FA2022,FA2022-class 18,23,1905AFAAIE,,,8.5,,4.6,6.3,Passed,8,8,5.5
FA2022,FA2022-class 18,24,1905AFAFDJ,,,0,,0,0,Attendance Fail,0,0,0
FA2022,FA2022-class 18,25,1905AGCDCH,,,9,,8,8.5,Passed,8.8,8.7,8.5
FA2022,FA2022-class 18,26,1905AGCFHC,,,7,,6.4,7,Passed,8,7.2,7.3
FA2022,FA2022-class 18,27,1905AGCEDD,,,7.5,,5.8,6.8,Passed,7.5,7.6,6.8
FA2022,FA2022-class 18,28,1905AGCDGI,,,8,,0,3.1,Not Passed,8,7.3,0
FA2022,FA2022-class 18,29,1905AGCDEE,,,9,,8.8,6.9,Passed,8,8.8,2.7
FA2022,FA2022-class 18,30,1905AGCEEA,,,7.5,,7.2,7.5,Passed,8.5,7.7,7.3
FA2022,FA2022-class 18,31,1905AGCFCC,,,9,,8.2,8.8,Passed,8.8,8.3,9.4
FA2022,FA2022-class 18,32,1905AGCFJF,,,7.5,,5.8,6.1,Passed,7.8,7.3,4.5
FA2022,FA2022-class 18,33,1905AFJJGH,,,9,,7.4,6.8,Passed,8,8.3,3.9
FA2022,FA2022-class 19,1,1905AGBCGB,,,6.5,,8.4,7.2,Passed,9,8.1,5.7
FA2022,FA2022-class 19,2,1905AFJJBH,,,7.5,,7.8,7.4,Passed,9.1,8.2,6.2
FA2022,FA2022-class 19,3,1905AFJJAH,,,7.5,,7.2,7.6,Passed,7.8,8.2,7.8
FA2022,FA2022-class 19,4,1905AFJJAG,,,7,,7.6,6.6,Passed,9.5,7.8,4.1
FA2022,FA2022-class 19,5,1905AFJJEI,,,8.5,,8.6,8.6,Passed,9.4,8,8.5
FA2022,FA2022-class 19,6,1905AFJJGJ,,,7,,5.6,5.3,Passed,8.6,7.8,1.8
FA2022,FA2022-class 19,7,1905AFJJAC,,,7.5,,5.4,6.1,Passed,9.2,8.3,4
FA2022,FA2022-class 19,8,1905AGJBGJ,,,6.4,,0,2.9,Not Passed,7.7,8.1,0
FA2022,FA2022-class 19,9,1905AFJJFA,,,7,,6.2,6.4,Passed,9.3,7.8,4.9
FA2022,FA2022-class 19,10,1905AFJJBE,,,7.5,,7,7.5,Passed,9.3,8.2,7.1
FA2022,FA2022-class 19,11,1905AFJAID,,,6.5,,7.6,6.4,Passed,9.5,8.1,3.7
FA2022,FA2022-class 19,12,1905AFJJAB,,,8.5,,8.6,8.1,Passed,9.4,8,7
FA2022,FA2022-class 19,13,1905AFJJCA,,,8.5,,8.2,7.1,Passed,9,8,4
FA2022,FA2022-class 19,14,1905AFJACD,,,6,,0,2.2,Is Susspended,2.9,7.3,0
FA2022,FA2022-class 19,15,1905AFJJDD,,,6.5,,6.2,5.8,Passed,9,8.1,3
FA2022,FA2022-class 19,16,1905AFJJBJ,,,8.5,,7.8,8,Passed,9.4,8,7.5
FA2022,FA2022-class 19,17,1905AFJJFB,,,7.5,,7,6.8,Passed,9.4,8.2,4.7
FA2022,FA2022-class 19,18,1905AEJFAC,,,7,,7.6,5.5,Passed,5,7.8,1.7
FA2022,FA2022-class 19,19,1905AFJBJF,,,6,,8.4,7,Passed,9.3,7.3,5.3
FA2022,FA2022-class 19,20,1905AFJBCG,,,6,,5.8,6.9,Passed,8.6,7.3,8
FA2022,FA2022-class 19,21,1905AFJBCC,,,6,,4.8,5.9,Passed,9.2,7.3,5.5
FA2022,FA2022-class 19,22,1905AFJJAE,,,7.5,,6.6,6.7,Passed,6.4,8.3,5.8
FA2022,FA2022-class 19,23,1905AFJJDI,,,8.5,,6.6,6.4,Passed,9.2,8,3.3
FA2022,FA2022-class 19,24,1905AFJBAG,,,6,,0,3.6,Not Passed,4.9,7.3,3.8
FA2022,FA2022-class 19,25,1905AFJJHB,,,6.5,,7.4,6.3,Passed,7.9,8.1,4
FA2022,FA2022-class 20,1,1905AFJCEH,,,7,,8.8,7,Passed,9,8.7,4
FA2022,FA2022-class 20,2,1905AFJCBA,,,4,,0,3.8,Is Susspended,6.8,5.2,6
FA2022,FA2022-class 20,3,1905AFJCGI,,,0,,0,0.8,Attendance Fail,4.3,4,0
FA2022,FA2022-class 20,4,1905AFJBHA,,,5,,5.2,5.1,Passed,6.8,6.4,4
FA2022,FA2022-class 20,5,1905AFJBFE,,,5,,7,6.7,Passed,7.8,6.7,7.3
FA2022,FA2022-class 20,6,1905AFJCFA,,,9,,7.2,6,Passed,8,7.7,1.7
FA2022,FA2022-class 20,7,1905AFJCFG,,,10,,8.8,9,Passed,9.5,9,8.3
FA2022,FA2022-class 20,8,1905AFJCJH,,,6,,6.2,6.3,Passed,6.8,7.6,6
FA2022,FA2022-class 20,9,1905AFJCJE,,,4,,7.4,6.5,Passed,7,7.4,6.8
FA2022,FA2022-class 20,10,1905AFJBDD,,,5,,7.2,7.2,Passed,7.8,8.8,7.8
FA2022,FA2022-class 20,11,1905AFJCAG,,,6,,7.2,5.9,Passed,8.5,7.8,3
FA2022,FA2022-class 20,12,1905AFJCGC,,,8,,5,5.2,Passed,7.3,8.1,1.9
FA2022,FA2022-class 20,13,1905AFJCEC,,,7.5,,8.2,6.4,Passed,8.8,6.2,3.1
FA2022,FA2022-class 20,14,1905AFJBFA,,,5,,5.4,5.4,Passed,7.3,6.7,4.5
FA2022,FA2022-class 20,15,1905AFJCDG,,,7,,7,6.1,Passed,8,7.4,3.4
FA2022,FA2022-class 20,16,1905AFJCJC,,,6,,6.8,5.4,Passed,7,8.6,2
FA2022,FA2022-class 20,17,1905AFJCDJ,,,0,,0,1,Attendance Fail,4.3,6.2,0
FA2022,FA2022-class 20,18,1905AFJCGG,,,9,,9.6,9.3,Passed,9,9,9.3
FA2022,FA2022-class 20,19,1905AFJBFG,,,7,,8.4,7.8,Passed,7.3,8.6,7.5
FA2022,FA2022-class 20,20,1905AFJCCJ,,,7,,8,7.1,Passed,7.3,7.9,5.8
FA2022,FA2022-class 20,21,1905AFAEGI,,,5,,8.4,6.9,Passed,8.5,5.8,6.4
FA2022,FA2022-class 20,22,1905AFABFG,,,6,,0,2.6,Attendance Fail,6.8,7.4,0
FA2022,FA2022-class 20,23,1905AFJBGA,,,5,,7.2,6.7,Passed,7,6.2,7.4
FA2022,FA2022-class 20,24,1905AFJCAC,,,4,,0,3.7,Not Passed,0,8.4,6.8
FA2022,FA2022-class 20,25,1905AFJCGA,,,9,,8.6,8.2,Passed,7.8,9,7
FA2022,FA2022-class 20,26,1905AFJCBJ,,,4,,7.4,6.7,Passed,8.3,8.6,6.8
FA2022,FA2022-class 20,27,1905AFJCCG,,,8.5,,8.4,7.2,Passed,8.3,7.6,4.7
FA2022,FA2022-class 20,28,1905AFJCDB,,,0,,0,0.8,Attendance Fail,4.8,3,0
FA2022,FA2022-class 20,29,1905AFJCDE,,,7.5,,0,3,Not Passed,7.5,7.2,0
FA2022,FA2022-class 20,30,1905AFJBGI,,,6,,5.2,6.4,Passed,7.5,8,6.8
FA2022,FA2022-class 20,31,1905AFJCAB,,,4,,6.6,5.7,Passed,7.3,5.8,5.5
FA2022,FA2022-class 20,32,1905AFJCAI,,,4,,6.4,6.7,Passed,8.3,7,8.3
FA2022,FA2022-class 20,33,1905AFJCFI,,,9,,8.8,7.2,Passed,8.3,8.4,3.5
FA2022,FA2022-class 20,34,1905AFJBID,,,6,,5.8,6.7,Passed,7.3,8,7.3
FA2022,FA2022-class 20,35,1905AFJBFC,,,7,,5.2,6.1,Passed,4,8.3,6.5
FA2022,FA2022-class 21,1,1905AFJDJF,,,8.5,,0,3.4,Not Passed,9,8.4,0
FA2022,FA2022-class 21,2,1905AFJEJB,,,7.5,,7.6,6.9,Passed,8.7,7.8,5
FA2022,FA2022-class 21,3,1905AFJDBC,,,6,,5.2,5.2,Passed,8.9,7.7,2.7
FA2022,FA2022-class 21,4,1905AFJDEI,,,7,,7.2,6.9,Passed,9,7.6,5.5
FA2022,FA2022-class 21,5,1905AFJHBA,,,8,,7.2,6,Passed,9.6,7,2
FA2022,FA2022-class 21,6,1905AFABGA,,,8.5,,0,3.5,Not Passed,9.3,8.6,0
FA2022,FA2022-class 21,7,1905AEJDGC,,,6.5,,7.6,5.4,Passed,8.8,6.5,1
FA2022,FA2022-class 21,8,1905AFJDGI,,,8.5,,8,7.7,Passed,9.5,8.5,6.1
FA2022,FA2022-class 21,9,1905AFJDDB,,,7.5,,8,5.8,Passed,9.1,6.6,1
FA2022,FA2022-class 21,10,1905AFJEJC,,,7,,7.6,6,Passed,9,7.8,2
FA2022,FA2022-class 21,11,1905AFJCIA,,,8.5,,7.6,6.4,Passed,9.1,7.8,2.5
FA2022,FA2022-class 21,12,1905AFJCHF,,,7,,8.2,6.7,Passed,9.4,7.8,3.7
FA2022,FA2022-class 21,13,1905AFJCHG,,,7,,7.2,5.6,Passed,9.5,8,1
FA2022,FA2022-class 21,14,1905AFJHBJ,,,8,,9.2,8.2,Passed,9.4,8.7,6.7
FA2022,FA2022-class 21,15,1905AFJDJE,,,8.5,,8.4,6.2,Passed,9.1,8,1
FA2022,FA2022-class 21,16,1905AFJDDE,,,6.5,,6.8,6,Passed,9.2,8.2,3
FA2022,FA2022-class 21,17,1905AFJDDH,,,7.5,,6.6,6.3,Passed,8.4,7.9,4
FA2022,FA2022-class 21,18,1905FBIEI,,,0,,0,0,Attendance Fail,0,0,0
FA2022,FA2022-class 21,19,1905AFJEJH,,,7,,8.4,7.3,Passed,8.9,7.7,5.7
FA2022,FA2022-class 21,20,1905AFJDEA,,,8.5,,7.2,6.1,Passed,9.3,8.6,1.4
FA2022,FA2022-class 21,21,1905AFJCIB,,,7.5,,8.2,6.3,Passed,9.4,8.3,2
FA2022,FA2022-class 21,22,1905AFJCID,,,7.5,,4.8,5.7,Passed,8.9,7.8,3.7
FA2022,FA2022-class 21,23,1905AFJDFC,,,7,,6.8,6.8,Passed,9.3,7.8,5.5
FA2022,FA2022-class 21,24,1905AFJDFD,,,8.5,,8.8,7.5,Passed,9.5,8.5,4.6
FA2022,FA2022-class 21,25,1905AFJDHJ,,,6,,7.2,5.9,Passed,6.9,7,3.7
FA2022,FA2022-class 21,26,1905AFJDGA,,,8,,7.6,6.5,Passed,9.1,8.4,3
FA2022,FA2022-class 22,1,1905AFJEGB,,,10,,8.8,7.9,Passed,8,10,4.9
FA2022,FA2022-class 22,2,1905AFJEEI,,,7,,6.8,6.6,Passed,7.9,8,5.1
FA2022,FA2022-class 22,3,1905AFJEFE,,,10,,6.8,6.8,Passed,8.7,10,3.1
FA2022,FA2022-class 22,4,1905AFJEGJ,,,10,,7,8.1,Passed,8.6,10,7
FA2022,FA2022-class 22,5,1905AFJEAA,,,7,,5,7,Passed,8.2,8,8.3
FA2022,FA2022-class 22,6,1905AFJEGG,,,10,,7,7.3,Passed,8.5,10,4.6
FA2022,FA2022-class 22,7,1905AFJEEF,,,4,,5.4,5.9,Passed,7.4,5,7.3
FA2022,FA2022-class 22,8,1905AFAGCJ,,,1,,0,0.4,Attendance Fail,0,2,0
FA2022,FA2022-class 22,9,1905AFJEDH,,,10,,6.6,7.8,Passed,6.8,10,7.2
FA2022,FA2022-class 22,10,1905AFJEBD,,,1,,0,0.7,Attendance Fail,3.5,2,0
FA2022,FA2022-class 22,11,1905AFJEAB,,,7.5,,8.4,7.2,Passed,7.3,8.5,5.5
FA2022,FA2022-class 22,12,1905AFJEHA,,,8,,6.2,6.8,Passed,6.8,9,6
FA2022,FA2022-class 22,13,1905AFJEGA,,,4,,7,5.7,Passed,9.1,5,4.8
FA2022,FA2022-class 22,14,1905AGJJDH,,,10,,6.8,7.7,Passed,9,10,5.9
FA2022,FA2022-class 22,15,1905AFJEHJ,,,1,,0,1.5,Not Passed,7.9,2,1
FA2022,FA2022-class 22,16,1905ACJBFI,,,1,,0,1.2,Not Passed,7.6,2,0
FA2022,FA2022-class 22,17,1905AGJDDJ,,,10,,9.2,9.1,Passed,9.5,10,7.9
FA2022,FA2022-class 22,18,1905AFJEIA,,,9,,6.4,6.6,Passed,6.7,10,4
FA2022,FA2022-class 22,19,1905AFJDHH,,,4,,7.2,5.1,Passed,7.2,5,3
FA2022,FA2022-class 22,20,1905AFJEEG,,,9,,7.8,7.5,Passed,8.4,10,4.9
FA2022,FA2022-class 22,21,1905AFJEFG,,,9,,8.2,7.2,Passed,8.7,10,3.5
FA2022,FA2022-class 22,22,1905AFJEBJ,,,10,,8.2,6.9,Passed,8.3,10,2.2
FA2022,FA2022-class 22,23,1905AFJEFD,,,10,,5.2,6.1,Passed,8.2,10,2.5
FA2022,FA2022-class 22,24,1905AFJECB,,,4,,7.8,5.1,Passed,8.4,5,2.1
FA2022,FA2022-class 22,25,1905AFJEIJ,,,5,,6,5.4,Passed,7.5,6,4
FA2022,FA2022-class 22,26,1905AFJEGD,,,10,,6.4,7.8,Passed,7,10,7.3
FA2022,FA2022-class 22,27,1905AFJEBB,,,5,,7.8,4.9,Not Passed,3.4,6,2
FA2022,FA2022-class 22,28,1905AFJCFC,,,6,,0,3.3,Not Passed,6.3,7,2.5
FA2022,FA2022-class 22,29,1905AFJEHE,,,9.5,,7.6,7.1,Passed,7.5,10,3.9
FA2022,FA2022-class 22,30,1905AFJEDI,,,8,,5.2,6.9,Passed,7.2,9,6.9
FA2022,FA2022-class 22,31,1905AFJECD,,,10,,6,7.1,Passed,7.8,10,5
FA2022,FA2022-class 22,32,1905AFJEAD,,,9.5,,6.6,8,Passed,8.1,10,7.8
FA2022,FA2022-class 22,33,1905AFJEFH,,,8,,6.4,6.1,Passed,8.3,9,3
FA2022,FA2022-class 23,1,1905AFJFJF,,,7,,7.8,6.3,Passed,8,5.3,4.2
FA2022,FA2022-class 23,2,1905AFJHFC,,,7,,7.8,5.6,Passed,7,7.5,1.5
FA2022,FA2022-class 23,3,1905AFJFAH,,,8,,4.6,4.6,Not Passed,8.3,8.1,0
FA2022,FA2022-class 23,4,1905AFJICJ,,,7,,4.4,4.9,Not Passed,7.8,7.6,2.3
FA2022,FA2022-class 23,5,1905AFJFDI,,,7,,7,6.5,Passed,8.3,8.1,4.5
FA2022,FA2022-class 23,6,1905AFJFAI,,,7,,8.8,5.7,Passed,7.5,5.9,1
FA2022,FA2022-class 23,7,1905AFJGID,,,7,,5.6,5.1,Passed,6.8,7.1,2
FA2022,FA2022-class 23,8,1905AFJHAB,,,9,,0,3.1,Not Passed,7.8,5.2,0
FA2022,FA2022-class 23,9,1905AFJHCD,,,8,,6.8,6.2,Passed,8.8,8.2,3
FA2022,FA2022-class 23,10,1905AFJIBH,,,7,,8,5.7,Passed,8.3,8,1
FA2022,FA2022-class 23,11,1905AFJHDH,,,7,,7,5.7,Passed,8.3,8,2
FA2022,FA2022-class 23,12,1905AFJHIB,,,7,,8.6,6.5,Passed,7.5,7.5,3.5
FA2022,FA2022-class 23,13,1905AFJHIC,,,7,,7.2,5.9,Passed,7.8,6.4,3
FA2022,FA2022-class 23,14,1905AFJFAA,,,9,,8.2,7.2,Passed,8.8,8.3,4
FA2022,FA2022-class 23,15,1905AFJFCB,,,8,,8.8,7.1,Passed,8.8,8.3,4
FA2022,FA2022-class 23,16,1905AFJFDG,,,7,,7.4,5.7,Passed,7.8,7.6,1.7
FA2022,FA2022-class 23,17,1905AFJFAC,,,6,,0,2.7,Not Passed,7.8,7.7,0
FA2022,FA2022-class 23,18,1905AFJHED,,,7,,7,5.8,Passed,8.3,7.9,2.4
FA2022,FA2022-class 23,19,1905AFJHGH,,,7,,7.8,6.6,Passed,8.3,8,4
FA2022,FA2022-class 23,20,1905AFJHDA,,,7,,5.8,5,Passed,7.5,7.8,1
FA2022,FA2022-class 23,21,1905AFJHFB,,,7,,8.4,6.9,Passed,8.3,8,4.5
FA2022,FA2022-class 23,22,1905AFJFJJ,,,8,,0,3.2,Not Passed,8.5,7.8,0
FA2022,FA2022-class 23,23,1905AFJHGD,,,7,,7.8,6.1,Passed,7.5,7.3,3
FA2022,FA2022-class 23,24,1905AFJIJG,,,8,,6.2,6.1,Passed,8.5,7.7,3.5
FA2022,FA2022-class 23,25,1905AFJFDF,,,5,,6,4.4,Not Passed,6.5,6.8,1
FA2022,FA2022-class 23,26,1905AFJFCJ,,,4,,7.6,5.7,Passed,6.8,6.7,4.1
FA2022,FA2022-class 23,27,1905AFJFBD,,,8,,8.4,6.7,Passed,8.8,8.2,2.9
FA2022,FA2022-class 23,28,1905AFJEIB,,,10,,7.6,6.9,Passed,9.3,8.6,2.7
FA2022,FA2022-class 23,29,1905AFJFAB,,,7,,6,5.7,Passed,8.3,8,3
FA2022,FA2022-class 23,30,1905AFJFJG,,,8,,8,7,Passed,8.8,8.7,4.2
FA2022,FA2022-class 23,31,1905AFJHCF,,,8,,6.8,6.6,Passed,9,8.3,4.2
FA2022,FA2022-class 23,32,1905AFJFCC,,,7,,7.2,5.8,Passed,8.3,8,2
FA2022,FA2022-class 23,33,1905AFJEIC,,,7,,8,6.1,Passed,8.3,7.9,2.2
FA2022,FA2022-class 23,34,1905AFJEII,,,7,,8.4,6,Passed,7.5,7.7,2
FA2022,FA2022-class 24,1,1905AFAAEH,,,7,,7.6,7.2,Passed,6,8,7.2
FA2022,FA2022-class 24,2,1905AFJIEI,,,6.5,,7.6,7.3,Passed,7.7,7.8,7.3
FA2022,FA2022-class 24,3,1905AFAJHJ,,,7,,7.4,7.5,Passed,7.9,8.6,7.5
FA2022,FA2022-class 24,4,1905AFAJDG,,,7,,8.4,7.5,Passed,7.7,7.4,7
FA2022,FA2022-class 24,5,1905AFAACD,,,7,,9.8,8.3,Passed,8,8.9,7.6
FA2022,FA2022-class 24,6,1905AFAJCI,,,0,,0,0.5,Not Passed,0,5.4,0
FA2022,FA2022-class 24,7,1905AEADBH,,,7,,6.8,5.3,Passed,7.7,7.6,1
FA2022,FA2022-class 24,8,1905AFAJED,,,6.5,,4.6,5,Passed,6.7,6.2,3.5
FA2022,FA2022-class 24,9,1905AFJIDE,,,7.5,,8.2,7,Passed,7.8,7.2,5
FA2022,FA2022-class 24,10,1905AFJIGH,,,6.5,,5.8,5.4,Passed,7.8,6.4,3
FA2022,FA2022-class 24,11,1905AFAJGF,,,6.5,,6.6,6.7,Passed,7.2,7.6,6.4
FA2022,FA2022-class 24,12,1905AFAAFA,,,6.5,,8.4,6.3,Passed,6.5,7.4,3.5
FA2022,FA2022-class 24,13,1905AFJIEE,,,7.5,,7.2,7.5,Passed,7.7,7.8,7.5
FA2022,FA2022-class 24,14,1905AFAJGI,,,7.5,,8.6,8.5,Passed,8.2,9.3,8.8
FA2022,FA2022-class 24,15,1905AFAJIJ,,,7.5,,6.8,5.8,Passed,4.9,7.6,3.4
FA2022,FA2022-class 24,16,1905AFAJAC,,,6.5,,6.2,5.7,Passed,7.9,9,3
FA2022,FA2022-class 24,17,1905AFAABB,,,6.5,,7.6,7.3,Passed,7.2,7.6,7.5
FA2022,FA2022-class 24,18,1905AFAJDF,,,6.5,,8,8.1,Passed,7.9,7.6,9.6
FA2022,FA2022-class 24,19,1905AFJIFI,,,6.5,,7,5.1,Passed,7.5,6,1
FA2022,FA2022-class 24,20,1905AFAJDD,,,7,,6.8,6,Passed,6.2,6.8,4.2
FA2022,FA2022-class 24,21,1905AFAAAA,,,7,,7.4,7.8,Passed,7.2,8.8,8.7
FA2022,FA2022-class 24,22,1905AFADBC,,,7,,7.6,7.3,Passed,7.7,7.6,7
FA2022,FA2022-class 24,23,1905AFAJGC,,,7,,8.6,6,Passed,6.8,7.6,1.8
FA2022,FA2022-class 24,24,1905AFJIGA,,,6.5,,0,2.7,Not Passed,7.5,6.4,0
FA2022,FA2022-class 24,25,1905AFJIDH,,,6.5,,6.8,7.4,Passed,7.7,8.2,8.1
FA2022,FA2022-class 24,26,1905AFAJCH,,,6.5,,8,7.1,Passed,7.8,7.2,6.4
FA2022,FA2022-class 24,27,1905AFAABF,,,6.5,,8,7.9,Passed,6.7,8.4,9
FA2022,FA2022-class 24,28,1905AFAJGA,,,6.5,,8.2,6.4,Passed,7.4,8.2,3.5
FA2022,FA2022-class 24,29,1905AFJICD,,,6.5,,0,2.7,Not Passed,6.7,7,0
FA2022,FA2022-class 24,30,1905AFJIEA,,,6.5,,6,6.2,Passed,7.7,7.8,5.1
FA2022,FA2022-class 24,31,1905AFAJII,,,6.5,,8.2,8,Passed,8.2,8.4,8.5
FA2022,FA2022-class 24,32,1905AFAAJJ,,,6.5,,6.6,5.3,Passed,5.5,7.4,2.4
FA2022,FA2022-class 24,33,1905AFAJGB,,,0,,0,0.2,Attendance Fail,0,2,0
FA2022,FA2022-class 24,34,1905AFAFJA,,,6.5,,6.8,7.1,Passed,7.4,7.2,7.6
FA2022,FA2022-class 24,35,1905AFAJDI,,,7.5,,7,7,Passed,7.4,5.6,7.1
FA2022,FA2022-class 25,1,1905AFABJE,,,8.5,,8.4,8,Passed,9.3,8.4,6.7
FA2022,FA2022-class 25,2,1905AFBJBD,,,8,,6.8,7.4,Passed,9,8.5,6.7
FA2022,FA2022-class 25,3,1905AFABFD,,,8.5,,5.2,6.3,Passed,9.5,7.8,4.5
FA2022,FA2022-class 25,4,1905AFABCH,,,8,,0,3.2,Not Passed,8.9,6.7,0
FA2022,FA2022-class 25,5,1905AFJHHD,,,6,,0,2.5,Not Passed,8.6,4,0
FA2022,FA2022-class 25,6,1905AFACHJ,,,7,,8.2,7.1,Passed,9,8.6,4.8
FA2022,FA2022-class 25,7,1905AFAAEC,,,8.5,,7.6,6.8,Passed,9.6,8.5,3.4
FA2022,FA2022-class 25,8,1905AFABCB,,,8.5,,4.4,5.4,Passed,9,8.4,2
FA2022,FA2022-class 25,9,1905AFACGA,,,8.5,,5.4,5.8,Passed,6.4,7.6,3.7
FA2022,FA2022-class 25,10,1905AFABDH,,,8.5,,7.8,7.6,Passed,9.3,8.6,5.8
FA2022,FA2022-class 25,11,1905AFABFE,,,8.5,,8.4,6.3,Passed,8.7,6.7,1.8
FA2022,FA2022-class 25,12,1905AFAABI,,,7.5,,7.8,5.6,Passed,8.2,6.5,0.9
FA2022,FA2022-class 25,13,1905AFABFH,,,7,,7.2,5.2,Is Susspended,9.5,6.7,0
FA2022,FA2022-class 25,14,1905AGABDC,,,8.5,,9.4,8,Passed,9.4,8.7,5.4
FA2022,FA2022-class 25,15,1905AFABFJ,,,8.5,,7,7.3,Passed,9.5,8.5,5.5
FA2022,FA2022-class 25,16,1905AGAFII,,,7,,7.4,6.7,Passed,8.9,8.3,4.5
FA2022,FA2022-class 25,17,1905AFAAHA,,,8,,0,3.2,Not Passed,8.1,8,0
FA2022,FA2022-class 25,18,1905AFABIF,,,8.5,,9.4,7.2,Passed,9.5,8.6,3
FA2022,FA2022-class 25,19,1905AFABBI,,,8.5,,8,6.2,Passed,9.5,8.4,1
FA2022,FA2022-class 25,20,1905AFABGB,,,6,,8.6,6.3,Passed,9.4,7.7,2.6
FA2022,FA2022-class 25,21,1905AFADDH,,,6,,7.8,8,Passed,9,8.2,9
FA2022,FA2022-class 25,22,1905AFABHD,,,8.5,,9.4,8.2,Passed,9.7,8.6,6
FA2022,FA2022-class 25,23,1905AFABAC,,,8,,0,3.4,Not Passed,8.7,6.7,1
FA2022,FA2022-class 25,24,1905AFABGG,,,6,,7.8,5.9,Passed,9.3,7.8,2
FA2022,FA2022-class 25,25,1905AFJCBF,,,8.5,,6.6,6.4,Passed,9.2,8.2,3.1
FA2022,FA2022-class 25,26,1905AFAACB,,,7.5,,6.4,5.6,Passed,8.1,6.5,2.5
FA2022,FA2022-class 25,27,1905AFACJF,,,6.5,,9.2,6.7,Passed,9.1,7.9,3
FA2022,FA2022-class 25,28,1905AFABGC,,,8.5,,6.8,5.8,Passed,9,8.2,1
FA2022,FA2022-class 25,29,1905AFAADB,,,8.5,,6.2,5.6,Passed,9.2,8.5,1
FA2022,FA2022-class 25,30,1905AGBBDA,,,7,,8.6,8.1,Passed,9,8.3,8
FA2022,FA2022-class 25,31,1905AFAAED,,,8.5,,6.8,6.2,Passed,8.2,8,2.8
FA2022,FA2022-class 25,32,1905AFJJEE,,,7,,3.6,5.5,Not Passed,8.4,4.7,5.8
FA2022,FA2022-class 25,33,1905AFABJG,,,8.5,,8.4,7.6,Passed,8.6,8.4,5.5
FA2022,FA2022-class 25,34,1905AFABGJ,,,8.5,,7.8,7.9,Passed,9.5,8.6,6.8
FA2022,FA2022-class 26,1,1905AFADFA,,,7.5,,8.8,7.8,Passed,8.5,7.8,6.6
FA2022,FA2022-class 26,2,1905AFADDI,,,5.5,,7.2,6.8,Passed,6.7,5.1,7.8
FA2022,FA2022-class 26,3,1905AFABEG,,,7.8,,7.8,7.7,Passed,8.5,7.5,7.4
FA2022,FA2022-class 26,4,1905AFADJG,,,5,,6.2,5.8,Passed,6.7,4.8,6.1
FA2022,FA2022-class 26,5,1905AFAGEF,,,5.3,,5.2,6.5,Passed,7.2,6.4,8.3
FA2022,FA2022-class 26,6,1905AFAEJD,,,7,,7.6,6.1,Passed,7.5,7.3,3.1
FA2022,FA2022-class 26,7,1905AFAECB,,,6.5,,9.4,5.7,Is Susspended,8.4,7.7,0
FA2022,FA2022-class 26,8,1905AFADHH,,,7.8,,6,6.1,Passed,8.6,7.1,4
FA2022,FA2022-class 26,9,1905AFABFC,,,7.8,,6.8,8.1,Passed,9.2,7.7,9.5
FA2022,FA2022-class 26,10,1905AFABIH,,,6.5,,0,2.9,Is Susspended,8.6,6.9,0
FA2022,FA2022-class 26,11,1905AFACGF,,,8,,9,8.2,Passed,8.9,7.8,7.4
FA2022,FA2022-class 26,12,1905AFAEAG,,,7.3,,6.4,5.4,Passed,7.2,6.7,2
FA2022,FA2022-class 26,13,1905AFADDF,,,6.3,,4.2,6.1,Passed,4.5,6,8.3
FA2022,FA2022-class 26,14,1905AFADFH,,,6.5,,8.2,6.3,Passed,8.6,7,3.2
FA2022,FA2022-class 26,15,1905AFADCF,,,5.5,,7.8,5,Passed,5.1,5.5,1.6
FA2022,FA2022-class 26,16,1905AGAJIH,,,8,,6.2,7.5,Passed,9.6,9,7.2
FA2022,FA2022-class 26,17,1905AFADBA,,,6.5,,7,7.1,Passed,8.3,6.9,7.3
FA2022,FA2022-class 26,18,1905AFADFJ,,,8,,8.6,7.9,Passed,8.9,7.2,7
FA2022,FA2022-class 26,19,1905AFAFEH,,,7.5,,8.2,7.7,Passed,9,7.4,6.9
FA2022,FA2022-class 26,20,1905AFADJA,,,4,,0,2.6,Not Passed,7.1,5.8,1.6
FA2022,FA2022-class 26,21,1905AFAEAJ,,,5,,7.4,6.5,Passed,7.7,6.8,6
FA2022,FA2022-class 26,22,1905AFADFB,,,8,,8.8,6.9,Passed,8.9,7.8,3.3
FA2022,FA2022-class 26,23,1905AFAEBB,,,7.5,,8,7.3,Passed,8.5,7.1,6
FA2022,FA2022-class 26,24,1905AFADHG,,,9,,7.6,8.3,Passed,8.7,8.8,8.4
FA2022,FA2022-class 26,25,1905AFACGG,,,4,,8.8,5.2,Passed,7.8,6.9,1
FA2022,FA2022-class 26,26,1905AFADIF,,,5,,6.4,4.3,Not Passed,7.4,6.5,0.1
FA2022,FA2022-class 26,27,1905AFAEBE,,,7.8,,8.4,7,Passed,8.5,7.3,4.4
FA2022,FA2022-class 26,28,1905AFADBF,,,0,,0,0.3,Not Passed,0,0,1
FA2022,FA2022-class 26,29,1905AFADBD,,,3.8,,0,2.5,Not Passed,7.1,4.7,2
FA2022,FA2022-class 26,30,1905AFADAD,,,5,,7.8,5.1,Passed,7.4,5.3,1.5
FA2022,FA2022-class 26,31,1905AFAIIB,,,0,,0,0,Attendance Fail,0,0,0
FA2022,FA2022-class 26,32,1905AGAJCJ,,,9.8,,9.6,9.5,Passed,9.9,10,9
FA2022,FA2022-class 26,33,1905AFADGA,,,9.8,,8.6,9,Passed,10,9.9,8.2
FA2022,FA2022-class 26,34,1905AFAEDC,,,7,,9.4,5.9,Passed,7.5,5.6,1.3
FA2022,FA2022-class 27,1,1905AFAGCB,,,6,,0,2.8,Not Passed,7.5,8.1,0
FA2022,FA2022-class 27,2,1905AFJHIA,,,6,,7.2,5.5,Passed,4.3,8.3,3
FA2022,FA2022-class 27,3,1905AFAFAE,,,6,,6,6.2,Passed,8.5,5.6,5.8
FA2022,FA2022-class 27,4,1905AFAEHI,,,6,,0,2.4,Attendance Fail,6.3,5.8,0
FA2022,FA2022-class 27,5,1905AFAGBJ,,,6,,8.8,6.2,Passed,9,8,2.2
FA2022,FA2022-class 27,6,1905AFAFJE,,,7,,6.8,7.1,Passed,7.3,7.2,7.3
FA2022,FA2022-class 27,7,1905AFAGBB,,,6,,0,2.7,Not Passed,7.8,7.4,0
FA2022,FA2022-class 27,8,1905AFAFFB,,,6,,5.6,5,Passed,7.5,7.8,2
FA2022,FA2022-class 27,9,1905AFAEEG,,,7,,7.2,7.4,Passed,8.5,7,7.5
FA2022,FA2022-class 27,10,1905AFAIDG,,,5,,8.2,5.4,Passed,7.3,6,2
FA2022,FA2022-class 27,11,1905AEJHBJ,,,1,,0,2,Not Passed,3.8,3.8,3.6
FA2022,FA2022-class 27,12,1905AFJHHE,,,6,,8.2,5.3,Passed,3.8,7,2
FA2022,FA2022-class 27,13,1905ADJCJJ,,,5,,7.6,5.1,Passed,5,4.6,3
FA2022,FA2022-class 27,14,1905AGJDJH,,,6,,8.2,8.5,Passed,9.5,8.4,10
FA2022,FA2022-class 27,15,1905AFAGCD,,,6,,8.8,8,Passed,9,8,8.2
FA2022,FA2022-class 27,16,1905AFAGBH,,,6,,0,2.8,Not Passed,6,7,1
FA2022,FA2022-class 27,17,1905AFAEFH,,,6,,0,2.7,Is Susspended,8.5,6.2,0
FA2022,FA2022-class 27,18,1905AFAFBI,,,6,,0,3.4,Not Passed,7.8,3.8,3.5
FA2022,FA2022-class 27,19,1905AFAEFF,,,8,,7.2,7.7,Passed,8.5,7,7.9
FA2022,FA2022-class 27,20,1905AFAFHD,,,6,,6.4,5.2,Passed,5.3,7.9,2.5
FA2022,FA2022-class 27,21,1905AFAEHC,,,7,,8.8,7.2,Passed,9,7.8,5
FA2022,FA2022-class 27,22,1905AFAEEC,,,7,,6.8,6.7,Passed,9.8,5.8,5.8
FA2022,FA2022-class 27,23,1905AFAFAD,,,7,,7.6,7.4,Passed,8.5,7.2,7.1
FA2022,FA2022-class 27,24,1905AFAGAJ,,,6,,8.2,5.6,Passed,8.8,8,0.9
FA2022,FA2022-class 27,25,1905AFAFDA,,,6,,5.4,6.3,Passed,3.3,6.6,8.3
FA2022,FA2022-class 27,26,1905AFAFFH,,,6,,5.4,6.5,Passed,7.3,6.6,7.8
FA2022,FA2022-class 27,27,1905AFAFBJ,,,6,,0,2.9,Not Passed,9,7.6,0
FA2022,FA2022-class 27,28,1905AFAFEA,,,0,,0,0,Attendance Fail,0,0,0
FA2022,FA2022-class 27,29,1905AFAEIF,,,5,,7.2,5,Passed,8.3,6,1.5
FA2022,FA2022-class 27,30,1905AFAFGD,,,6,,6.8,6.7,Passed,9,7.4,6
FA2022,FA2022-class 27,31,1905AFAIDC,,,6,,5.4,5.5,Passed,7,7.4,4.1
FA2022,FA2022-class 27,32,1905ADJBEI,,,6,,5.2,5.3,Passed,3.5,7.2,5
FA2022,FA2022-class 28,1,1905AFAGFE,,,7.5,,7.2,6,Passed,9.4,7.9,2.1
FA2022,FA2022-class 28,2,1905AFAHFI,,,8,,9.4,8.7,Passed,9.6,8.3,8.3
FA2022,FA2022-class 28,3,1905AFAHEJ,,,6,,8.6,7.4,Passed,9.7,7.8,6.2
FA2022,FA2022-class 28,4,1905AFAHFD,,,6,,8,6.7,Passed,9.2,8.2,4.7
FA2022,FA2022-class 28,5,1905AFAGFG,,,7.5,,8.2,8,Passed,9.3,8.1,7.7
FA2022,FA2022-class 28,6,1905AFAGIE,,,8,,7.4,7.6,Passed,9.5,8.1,6.7
FA2022,FA2022-class 28,7,1905AFAHEI,,,7,,5.2,5.7,Passed,8.3,7.9,3.8
FA2022,FA2022-class 28,8,1905AFAHJH,,,6.5,,6.6,5.8,Passed,9,7.4,2.8
FA2022,FA2022-class 28,9,1905AFAHDJ,,,6.5,,8.2,7.9,Passed,9.3,7.1,8.5
FA2022,FA2022-class 28,10,1905AFAHGI,,,6,,5.2,6.4,Passed,9.1,8,6.3
FA2022,FA2022-class 28,11,1905AFAHJD,,,6.5,,7.8,7.1,Passed,9,7.4,6.2
FA2022,FA2022-class 28,12,1905AFAHFC,,,8,,7.2,5.4,Passed,9,4.4,1
FA2022,FA2022-class 28,13,1905AFAHCH,,,8,,7,7.4,Passed,9.2,8.4,6.5
FA2022,FA2022-class 28,14,1905AFAHDG,,,6,,4.2,5.9,Passed,8.9,7.8,5.8
FA2022,FA2022-class 28,15,1905AFAHEA,,,8,,4.8,6.4,Passed,8.4,8.2,5.5
FA2022,FA2022-class 28,16,1905AFAGHA,,,8,,6.6,6.6,Passed,8.4,8.1,4.7
FA2022,FA2022-class 28,17,1905AFADHC,,,7,,7.2,7.1,Passed,8.7,7.4,6.3
FA2022,FA2022-class 28,18,1905AFAGDF,,,7.5,,5,7.1,Passed,8.5,7.9,8.3
FA2022,FA2022-class 28,19,1905AFAGGG,,,8,,5.8,7.3,Passed,8.8,8.1,7.5
FA2022,FA2022-class 28,20,1905AFAGEJ,,,7,,0,3,Not Passed,8.6,7.4,0
FA2022,FA2022-class 28,21,1905AFAGHH,,,7,,8.6,7.8,Passed,8.6,7.6,7.5
FA2022,FA2022-class 28,22,1905AFAHFE,,,6,,7.4,7.2,Passed,9.3,8,6.8
FA2022,FA2022-class 28,23,1905AFAGIG,,,8,,6.8,7.9,Passed,9.6,8.4,8.3
FA2022,FA2022-class 28,24,1905AFAGDG,,,7.5,,5.8,6.2,Passed,8.7,8,4.4
FA2022,FA2022-class 28,25,1905AFAGED,,,7,,0,3,Not Passed,8.6,7.6,0
FA2022,FA2022-class 28,26,1905AFAHAF,,,6.5,,9.4,8.4,Passed,9.8,7.3,8.4
FA2022,FA2022-class 28,27,1905AFAHBC,,,6.5,,6.2,6.1,Passed,8.4,7.3,4.7
FA2022,FA2022-class 28,28,1905AFAHGC,,,8,,8.2,8,Passed,8.8,8.2,7.3
FA2022,FA2022-class 28,29,1905AFAGGD,,,8,,7.8,6.9,Passed,9.1,8.1,4.2
FA2022,FA2022-class 28,30,1905AFAGHF,,,8,,8.2,6.7,Passed,8.9,8.1,3.1
FA2022,FA2022-class 28,31,1905AFAHDC,,,7,,4.4,6.1,Passed,9.3,7.4,5.8
FA2022,FA2022-class 28,32,1905AFAHAE,,,8,,6.6,7.3,Passed,7,8.4,7.4
FA2022,FA2022-class 28,33,1905AFAGEB,,,7.5,,9,7.7,Passed,8.9,8.1,6.1
FA2022,FA2022-class 28,34,1905AFAHBB,,,6.5,,6,6.2,Passed,8.8,7.3,5
FA2022,FA2022-class 29,1,1905AFAIDA,,,8.8,,9,9,Passed,10,8.8,8.8
FA2022,FA2022-class 29,2,1905ACJEBD,,,0,,0,0.3,Not Passed,0,3,0
FA2022,FA2022-class 29,3,1905AGJDDG,,,5.8,,6.2,6.9,Passed,10,8,7
FA2022,FA2022-class 29,4,1905AFAIGC,,,8.8,,5,7.3,Passed,9,9,7.6
FA2022,FA2022-class 29,5,1905AFAIBA,,,8.8,,8,8.2,Passed,9.3,9,7.5
FA2022,FA2022-class 29,6,1905AFAHDA,,,5.8,,5.4,5.2,Passed,10,8,2
FA2022,FA2022-class 29,7,1905AFAIAC,,,8.8,,6.8,6.6,Passed,9.3,8.6,3.5
FA2022,FA2022-class 29,8,1905AFAIGB,,,8.8,,8.2,7.2,Passed,9.3,8.8,3.9
FA2022,FA2022-class 29,9,1905AFAIEE,,,8.8,,6.8,7,Passed,10,8.8,4.3
FA2022,FA2022-class 29,10,1905AFAIHC,,,8.8,,8.2,7.4,Passed,10,8.3,4.5
FA2022,FA2022-class 29,11,1905AFAIJC,,,5.8,,8,5.5,Passed,10,6.8,0.9
FA2022,FA2022-class 29,12,1905AFAICC,,,5.8,,6.4,6.6,Passed,10,7.8,5.9
FA2022,FA2022-class 29,13,1905AFAIAI,,,0.8,,0,2.4,Not Passed,0,3.2,6.3
FA2022,FA2022-class 29,14,1905AEJHAD,,,0,,0,0.6,Attendance Fail,0,3,1
FA2022,FA2022-class 29,15,1905AFAIJF,,,5.8,,6.8,5.4,Passed,8.3,8,1.8
FA2022,FA2022-class 29,16,1905AFAIHH,,,5.8,,9.2,6.5,Passed,10,7.8,2.7
FA2022,FA2022-class 29,17,1905AFAIFH,,,8.8,,7.6,8.1,Passed,9.3,8.6,7.5
FA2022,FA2022-class 29,18,1905AFAIGA,,,8.8,,6.8,6.3,Passed,10,8.8,2.1
FA2022,FA2022-class 29,19,1905AFAIGG,,,5.8,,5.6,5.3,Passed,9.8,7.8,2.4
FA2022,FA2022-class 29,20,1905AFAIDE,,,8.8,,5.6,7,Passed,10,8.6,5.7
FA2022,FA2022-class 29,21,1905AFAIHF,,,5.8,,7.6,6.1,Passed,10,7.8,3
FA2022,FA2022-class 29,22,1905AFAHGG,,,5.8,,6.2,5.5,Passed,10,8.6,2
FA2022,FA2022-class 29,23,1905AEJBCI,,,0,,0,0,Attendance Fail,0,0,0
FA2022,FA2022-class 29,24,1905AFAIEH,,,8.8,,7.8,7.5,Passed,10,8.8,5.1
FA2022,FA2022-class 29,25,1905AFAHHB,,,7.8,,6.8,7.2,Passed,9.8,8.8,5.8
FA2022,FA2022-class 29,26,1905AFAIFC,,,8.8,,5.4,6.4,Passed,9.8,8.2,4
FA2022,FA2022-class 29,27,1905AFAIEF,,,8.8,,6.8,8,Passed,10,8.8,7.7
FA2022,FA2022-class 29,28,1905AFAIFF,,,8.8,,6.6,8.2,Passed,10,8.4,8.7
FA2022,FA2022-class 29,29,1905AFBJBI,,,8.8,,6,6.9,Passed,9.3,7.9,5.5
FA2022,FA2022-class 29,30,1905AFAHIA,,,8.8,,9.2,8.4,Passed,9.8,8.8,6.9
FA2022,FA2022-class 29,31,1905AFAHIG,,,5.8,,7,5.9,Passed,10,7.6,3
FA2022,FA2022-class 30,1,1905AFBJBB,,,3,,6.2,5.4,Passed,9.5,6.6,4.5
FA2022,FA2022-class 30,2,1905AFBJIH,,,4,,6.2,5,Passed,9.2,6.6,2.5
FA2022,FA2022-class 30,3,1905AFBJHI,,,5,,6.4,7.1,Passed,9.7,8.9,7.9
FA2022,FA2022-class 30,4,1905AFBJHG,,,3,,8.6,7,Passed,9.8,8.5,6.8
FA2022,FA2022-class 30,5,1905AFBJHD,,,5,,7.6,6.8,Passed,9.4,9,5.5
FA2022,FA2022-class 30,6,1905AFBJAG,,,5,,7.2,6.2,Passed,9.3,8.7,4.1
FA2022,FA2022-class 30,7,1905AFBJFB,,,6,,0,2.9,Not Passed,8.8,8.4,0
FA2022,FA2022-class 30,8,1905AFBJFI,,,5,,6,6.8,Passed,9.5,8.5,7.3
FA2022,FA2022-class 30,9,1905AFBJCE,,,3,,6.2,5.8,Passed,9.4,6.9,5.8
FA2022,FA2022-class 30,10,1905AFAIIG,,,3,,5.4,6.3,Passed,9.3,6.5,8.3
FA2022,FA2022-class 30,11,1905AFBJIC,,,3,,7.8,6.8,Passed,8.2,6.6,7.8
FA2022,FA2022-class 30,12,1905AFBJEF,,,5,,8.8,7.7,Passed,9.7,9.2,7.3
FA2022,FA2022-class 30,13,1905AFBAJJ,,,4,,5.4,6.2,Passed,9.7,7,7.1
FA2022,FA2022-class 30,14,1905AFBJHJ,,,7,,7.8,7.4,Passed,9.2,8.9,6.3
FA2022,FA2022-class 30,15,1905AFBJJF,,,5,,0,2.7,Is Susspended,9.6,7.4,0
FA2022,FA2022-class 30,16,1905AFBJFC,,,3,,7,6.3,Passed,9.5,6.5,6.5
FA2022,FA2022-class 30,17,1905AFBJCH,,,6,,6.8,7.1,Passed,9.6,8.3,6.8
FA2022,FA2022-class 30,18,1905AFBJEH,,,3,,8,5.7,Passed,9.4,8.7,2.9
FA2022,FA2022-class 30,19,1905AFBAJG,,,3,,8.6,7.2,Passed,9.4,7.4,7.9
FA2022,FA2022-class 30,20,1905AFBJAF,,,6,,8,7.4,Passed,9.4,8.7,6.7
FA2022,FA2022-class 30,21,1905AFBJCG,,,5,,7.6,6.5,Passed,9.8,8.5,4.8
FA2022,FA2022-class 30,22,1905AFBJEC,,,3,,4.2,5.1,Passed,9.5,6.5,5.5
FA2022,FA2022-class 30,23,1905AFBJJE,,,6,,6.4,5.8,Passed,9.6,8.5,3
FA2022,FA2022-class 30,24,1905AFBJFH,,,3,,6.8,6,Passed,9.4,7.9,5.5
FA2022,FA2022-class 30,25,1905AFBAAC,,,3,,8.2,5.5,Passed,9.7,7.4,2.3
FA2022,FA2022-class 30,26,1905AFBAHI,,,4,,6.4,6.4,Passed,9.9,7.3,6.4
FA2022,FA2022-class 30,27,1905AFBJJH,,,5,,6.6,6.7,Passed,9.6,7.9,6.7
FA2022,FA2022-class 30,28,1919AFJFEC,,,3,,5.8,6.7,Passed,9.9,7.5,8.8
FA2022,FA2022-class 30,29,1905AFBJAB,,,5,,7,7.4,Passed,9.8,7.9,8.3
FA2022,FA2022-class 30,30,1905AFBJCB,,,5,,8.6,6.2,Passed,9.7,7.3,3
FA2022,FA2022-class 30,31,1905AFBJII,,,7,,8.4,8.1,Passed,9.9,9.3,7.4
FA2022,FA2022-class 30,32,1905AFBJAD,,,5,,8,7.6,Passed,9.9,8.5,7.8
FA2022,FA2022-class 30,33,1905AFBAJF,,,3,,5.4,5.5,Passed,9.5,7,5.3
FA2022,FA2022-class 30,34,1905AFBJAJ,,,5,,6.6,5.6,Passed,9.4,8.4,2.7
FA2022,FA2022-class 31,1,1905AFBADI,,,7,,6.6,6.4,Passed,9.6,8.2,4.3
FA2022,FA2022-class 31,2,1905ADJDGA,,,0,,0,0,Attendance Fail,0,0,0
FA2022,FA2022-class 31,3,1919AFJJFJ,,,6.5,,8.8,6.5,Passed,8.9,7.7,3
FA2022,FA2022-class 31,4,1905AFBAEA,,,7,,7,5.4,Passed,9,7.2,1
FA2022,FA2022-class 31,5,1905AFBAHF,,,7.5,,6.6,7,Passed,8.9,7.2,6.5
FA2022,FA2022-class 31,6,1905AFBAAG,,,8,,8.8,8.7,Passed,9.3,8,9.2
FA2022,FA2022-class 31,7,1905ADJBCJ,,,0,,0,0,Attendance Fail,0,0,0
FA2022,FA2022-class 31,8,1905AFBAAD,,,6,,4.6,6.3,Passed,8.8,6.9,7
FA2022,FA2022-class 31,9,1919AFJCDG,,,6.5,,0,3,Not Passed,3.7,7.5,2
FA2022,FA2022-class 31,10,1905AFJIEC,,,7,,6.6,5.3,Passed,7.4,5.4,2
FA2022,FA2022-class 31,11,1905ACJCHJ,,,7,,5.6,5.9,Passed,8.4,8.2,3.7
FA2022,FA2022-class 31,12,1919AFJCGF,,,6.5,,0,2.6,Not Passed,3.7,5.9,1
FA2022,FA2022-class 31,13,1905AFBAJI,,,8,,7.6,7.4,Passed,8.9,7.6,6.2
FA2022,FA2022-class 31,14,1905AFBAHH,,,8,,6.2,6,Passed,7.9,8.2,3.1
FA2022,FA2022-class 31,15,1905AFBACA,,,7.5,,7.8,7.6,Passed,8.9,7,7.3
FA2022,FA2022-class 31,16,1905AFBJCI,,,6,,0,2.2,Not Passed,7.2,2.4,0
FA2022,FA2022-class 31,17,1905AFBAEB,,,7.5,,6.8,7.7,Passed,9.5,7.2,8.3
FA2022,FA2022-class 31,18,1905ACJAIB,,,0,,0,0,Attendance Fail,0,0,0
FA2022,FA2022-class 31,19,1905AFBACI,,,7.5,,7.8,7.4,Passed,7.3,6.8,7.1
FA2022,FA2022-class 31,20,1905AFJFJH,,,7.5,,7.6,8.1,Passed,9.3,8.3,8.6
FA2022,FA2022-class 31,21,1905AFADCA,,,7,,0,3.3,Not Passed,8.7,7,1.1
FA2022,FA2022-class 31,22,1905AFJDBB,,,7,,6.8,6.2,Passed,9,6.8,3.8
FA2022,FA2022-class 31,23,0405AFJABD,,,0,,0,0,Attendance Fail,0,0,0
FA2022,FA2022-class 31,24,1905AFBADH,,,7,,8.2,7.9,Passed,8.9,8.4,7.7
FA2022,FA2022-class 31,25,1905AFJHFI,,,7,,8,8,Passed,9,7,8.6
FA2022,FA2022-class 31,26,1905AFJJAA,,,8,,4,6.5,Passed,7.5,8,7.3
FA2022,FA2022-class 31,27,1905AFAHCE,,,7,,8.2,7.9,Passed,9.6,8.6,7.5
FA2022,FA2022-class 31,28,1905AFBAFC,,,8,,8.4,8.8,Passed,9.7,8.1,9.7
FA2022,FA2022-class 31,29,1905AFBADE,,,7,,7.6,7.7,Passed,9.4,8.2,7.7
FA2022,FA2022-class 31,30,1901AFJADH,,,8,,6,5.5,Passed,6.6,8.1,2
FA2022,FA2022-class 31,31,1905AFBAIB,,,7.5,,8.6,6.8,Passed,9.3,7.2,3.5
FA2022,FA2022-class 31,32,1905AFBADC,,,7,,8,8,Passed,9,8.4,8.3
FA2022,FA2022-class 31,33,1905AFAHIJ,,,7,,8.2,8.2,Passed,9.1,8.3,8.6
FA2022,FA2022-class 31,34,1905AFBAAI,,,8,,7.8,7.8,Passed,8.6,8,7.3
FA2022,FA2022-class 32,1,1905AFAJDE,,,8,,7,5.4,Passed,3,5.6,2.9
FA2022,FA2022-class 32,2,1905AFJHBG,,,0,,0,0.6,Attendance Fail,3.3,2.4,0
FA2022,FA2022-class 32,3,1905AFBJDC,,,8,,7.8,6.4,Passed,6.8,5.8,4.1
FA2022,FA2022-class 32,4,1905AEJGFE,,,9,,7.4,8.4,Passed,8,8.4,9
FA2022,FA2022-class 32,5,1905AFJIDC,,,0,,0,0.3,Attendance Fail,2.8,0,0
FA2022,FA2022-class 32,6,1905AFBAID,,,8,,5.4,5,Passed,6.8,3.2,2.7
FA2022,FA2022-class 32,7,1905AEAEAA,,,7,,0,2.9,Not Passed,7.8,1.2,2
FA2022,FA2022-class 32,8,1905AEACCG,,,8,,0,3,Is Susspended,6.8,7.2,0
FA2022,FA2022-class 32,9,1905AFADJD,,,9,,9,8.6,Passed,9,8.3,7.8
FA2022,FA2022-class 32,10,1905AEJHDD,,,5,,7,6.1,Passed,6,7,5.5
FA2022,FA2022-class 32,11,1905AEJHIC,,,0,,0,1.3,Attendance Fail,7.3,5.8,0
FA2022,FA2022-class 32,12,1905ACJEBE,,,0,,0,0.8,Attendance Fail,3.3,4.6,0
FA2022,FA2022-class 32,13,1905AGAGDH,,,8,,7,7.2,Passed,8.3,8.6,6
FA2022,FA2022-class 32,14,1905AEACBE,,,0,,0,1.4,Attendance Fail,8,2.6,1
FA2022,FA2022-class 32,15,1905AFACGB,,,0,,0,0.6,Attendance Fail,3.8,2.4,0
FA2022,FA2022-class 32,16,1905AFJGIG,,,0,,0,0.2,Attendance Fail,0,2,0
FA2022,FA2022-class 32,17,1905AFJIGI,,,0,,0,1.4,Attendance Fail,7.3,6.6,0
FA2022,FA2022-class 32,18,1905AFAEJC,,,7,,5.2,6.1,Passed,7.5,4.8,6.2
FA2022,FA2022-class 32,19,1905AFJIBG,,,5,,7,5,Passed,7.3,6.4,1.9
FA2022,FA2022-class 32,20,1905AFBJFG,,,8,,6,7,Passed,7,4.8,8
FA2022,FA2022-class 32,21,1905AEAAAD,,,0,,0,1,Is Susspended,4.5,5.8,0
FA2022,FA2022-class 32,22,1905AFBJED,,,8,,9,7.4,Passed,6.5,7.2,5.7
FA2022,FA2022-class 32,23,1905ADJDFE,,,0,,0,0,Attendance Fail,0,0,0
FA2022,FA2022-class 32,24,1905AEJCFG,,,8,,0,3.3,Not Passed,6,5.2,2
FA2022,FA2022-class 32,25,1905AGAGDG,,,7,,5.6,6.4,Passed,8.3,8.6,5.5
FA2023,FA2023-class 1,1,1905AGBHEG,,,8,,8,6.2,Passed,7.8,7.9,2
FA2023,FA2023-class 1,2,1905AHJAAC,,,8,,8.4,7.5,Passed,7.6,8.3,5.9
FA2023,FA2023-class 1,3,1905AGJJJF,,,7.8,,7.4,6,Passed,7.2,8.3,2.3
FA2023,FA2023-class 1,4,1905AHCAEJ,,,0,,0,0.5,Attendance Fail,5.3,0,0
FA2023,FA2023-class 1,5,1905AGBBIF,,,8.5,,8.6,7.7,Passed,6.9,7.9,6.6
FA2023,FA2023-class 1,6,1905AGJCGH,,,8,,6.8,6.1,Passed,7.8,7.7,3
FA2023,FA2023-class 1,7,1905AFAFHE,,,0,,0,0.8,Attendance Fail,6,0,0.5
FA2023,FA2023-class 1,8,1905AGAGDD,,,8.5,,9,7.7,Passed,6.3,7.6,6.5
FA2023,FA2023-class 1,9,1905AGAFJG,,,7.5,,6.2,5.5,Passed,6.7,7.3,2.6
FA2023,FA2023-class 1,10,1905AGBJJE,,,8,,8,6.7,Passed,7.8,7.7,3.8
FA2023,FA2023-class 1,11,1905AGCDJH,,,7.8,,5.8,6.1,Passed,7.8,8.1,4
FA2023,FA2023-class 1,12,1905AHAEAB,,,8.5,,9,8.5,Passed,7.8,9,8.1
FA2023,FA2023-class 1,13,1905AHJAAD,,,7.8,,6.4,5.5,Passed,7.4,7.5,1.7
FA2023,FA2023-class 1,14,1905AHJJEI,,,7,,8.4,7.3,Passed,5.8,9.3,6.1
FA2023,FA2023-class 1,15,1905AHJCHI,,,0,,6.8,3.6,Not Passed,6.3,0,3.2
FA2023,FA2023-class 1,16,1905AGBBFI,,,9.5,,9.2,7.6,Passed,9.1,9.5,3.5
FA2023,FA2023-class 1,17,1905AEADDA,,,7.5,,6.6,6.1,Passed,6.5,7.5,3.9
FA2023,FA2023-class 1,18,1905AHJCJD,,,0,,0,0.8,Not Passed,6.3,0,0.5
FA2023,FA2023-class 1,19,1905AGJEGE,,,7.8,,5.8,5.7,Passed,6.8,7.9,3
FA2023,FA2023-class 1,20,1905AHJCJA,,,0,,2,1.9,Not Passed,6.3,4.1,1
FA2023,FA2023-class 1,21,1905AEACBE,,,7.8,,5,5.6,Passed,6.8,7.4,3.6
FA2023,FA2023-class 1,22,1905AHJCID,,,8,,7.2,7.1,Passed,7.3,7.9,6.1
FA2023,FA2023-class 1,23,1905AGCEDB,,,0,,0,0,Attendance Fail,0,0,0
FA2023,FA2023-class 1,24,1905AHDCJC,,,0,,0,0,Attendance Fail,0,0,0
FA2023,FA2023-class 1,25,1905AFADBD,,,0,,0,0,Attendance Fail,0,0,0
FA2023,FA2023-class 1,26,1905AGAIDJ,,,7.8,,9.2,7,Passed,6.8,7.6,4.1
FA2023,FA2023-class 1,27,1919AGJFCB,,,7.5,,6.4,5.5,Passed,6.3,6.8,2.5
FA2023,FA2023-class 1,28,1905AHJAFJ,,,7.5,,5.6,4.5,Not Passed,6.3,7.3,0
FA2023,FA2023-class 1,29,1905AHJEDA,,,0,,0,0,Attendance Fail,0,0,0
FA2023,FA2023-class 1,30,1905AHJCEE,,,7.8,,7.2,6.7,Passed,7.2,7.7,5.1
FA2023,FA2023-class 1,31,1905AGBHAI,,,8,,6.4,6,Passed,7.3,8,3
FA2023,FA2023-class 1,32,1905AHJAHJ,,,7.8,,5,5.4,Passed,6.3,8.8,2.8
FA2023,FA2023-class 1,33,1905AGBAAG,,,9.3,,9,8.5,Passed,8.3,8.7,7.6
FA2023,FA2023-class 2,1,1905AHAFEA,,,8,,0,5.6,Attendance Fail,7.8,8.1,8
FA2023,FA2023-class 2,2,1905AHBABG,,,7,,7.6,6.6,Passed,8.8,7.4,4.5
FA2023,FA2023-class 2,3,1905AHJFDI,,,7,,7.6,5.3,Passed,6,5.6,1.4
FA2023,FA2023-class 2,4,1905AHCJHD,,,9.4,,8.2,8.1,Passed,9,8.7,6.5
FA2023,FA2023-class 2,5,1905AHBBBC,,,9.2,,7.6,7.1,Passed,8.5,8.6,4.2
FA2023,FA2023-class 2,6,1905AHBAHI,,,9,,8.4,8.7,Passed,8,8.4,9.1
FA2023,FA2023-class 2,7,1905AHBCFD,,,0,,0,0.9,Attendance Fail,8.8,0,0
FA2023,FA2023-class 2,8,1905AHAHBA,,,8,,5.8,5.1,Passed,8.5,7.7,0.6
FA2023,FA2023-class 2,9,1905AHAGDG,,,8,,7.6,8.2,Passed,8.3,8,9.1
FA2023,FA2023-class 2,10,1905AHAEHB,,,9,,7.4,6.5,Passed,7,8.3,3
FA2023,FA2023-class 2,11,1905AHBDJI,,,9.4,,8,7.1,Passed,7.8,8.7,3.8
FA2023,FA2023-class 2,12,1905AHAEEB,,,8,,7.6,6.1,Passed,8.3,8.1,2.1
FA2023,FA2023-class 2,13,1905AHJFDJ,,,0,,0,0.9,Attendance Fail,8.5,0,0
FA2023,FA2023-class 2,14,1905AHCBDE,,,8,,7.6,6.8,Passed,8.3,7.5,4.6
FA2023,FA2023-class 2,15,1905AHBDAJ,,,9.5,,8,8.4,Passed,8.5,8.5,8.1
FA2023,FA2023-class 2,16,1905AHBJEJ,,,0,,0,0.3,Attendance Fail,3.3,0,0
FA2023,FA2023-class 2,17,1905AHAGDH,,,9,,7.2,7.4,Passed,8,8.1,6.1
FA2023,FA2023-class 2,18,1905AHBCDE,,,9.4,,6,7.3,Passed,7,8.7,6.8
FA2023,FA2023-class 2,19,1905AHBDFI,,,8,,7.6,6.7,Passed,7.8,7.5,4.2
FA2023,FA2023-class 2,20,1905AHAGIH,,,0,,0,0.7,Attendance Fail,6.8,0,0
FA2023,FA2023-class 2,21,1905AHBCJI,,,9.5,,7,7.1,Passed,8,9,4.6
FA2023,FA2023-class 2,22,1905AHBCHJ,,,8,,8.2,6.2,Passed,4,6.1,3.6
FA2023,FA2023-class 2,23,1905AHAIBG,,,8,,8.2,5.7,Passed,7,7.7,0.4
FA2023,FA2023-class 2,24,1905AHBDCI,,,8.5,,6.4,6.2,Passed,8.3,8,3.3
FA2023,FA2023-class 2,25,1905AHAIFE,,,6,,7.2,7.1,Passed,7.8,5.8,8
FA2023,FA2023-class 2,26,1905AHBJJA,,,9,,7.6,6.8,Passed,8.3,8.5,3.6
FA2023,FA2023-class 2,27,1905AHBDBF,,,9.5,,7.4,7.2,Passed,8.5,8.6,4.5
FA2023,FA2023-class 2,28,1905AHAHBB,,,8,,8,5.8,Passed,3,8.3,2.2
FA2023,FA2023-class 2,29,1905AHBAIG,,,8.5,,7,6.5,Passed,8.8,8.1,3.5
FA2023,FA2023-class 2,30,1905AHBCEG,,,9.2,,7,7.8,Passed,7.3,8.4,7.5
FA2023,FA2023-class 2,31,0405AHJGCI,,,9,,8.8,8,Passed,8.5,8.4,6.1
FA2023,FA2023-class 2,32,1905AGJCCF,,,8.5,,8.4,7.5,Passed,7.8,8.3,5.6
FA2023,FA2023-class 2,33,1905AHBDJF,,,9.5,,8.4,7.6,Passed,8.3,8.7,5
FA2023,FA2023-class 2,34,1905AHAFEH,,,9.2,,7.8,8,Passed,9,8.9,6.6
FA2023,FA2023-class 2,35,1905AHBAHE,,,9,,8.2,7.9,Passed,9.3,8.3,6.4
FA2023,FA2023-class 3,1,1905AHCADA,,,2.5,,5.6,4.1,Not Passed,8.4,8.4,0.8
FA2023,FA2023-class 3,2,1905AGCDJE,,,4.5,,0,2.5,Not Passed,9.3,7.2,0
FA2023,FA2023-class 3,3,1905AHCBCE,,,1.5,,8,5.2,Passed,8.8,6.8,3
FA2023,FA2023-class 3,4,1905AHCDAA,,,4,,0,2.6,Not Passed,9.4,8.6,0
FA2023,FA2023-class 3,5,1905AHBHCF,,,4,,4.4,4.3,Not Passed,9.6,8.9,1
FA2023,FA2023-class 3,6,1905AHBFAF,,,4.5,,8,6.1,Passed,9.7,8.7,3.1
FA2023,FA2023-class 3,7,1905AGBFGC,,,2.5,,7.2,4.7,Not Passed,9.5,8,1
FA2023,FA2023-class 3,8,1905AHBFGF,,,4.5,,7.2,5.9,Passed,9.9,9.2,3.1
FA2023,FA2023-class 3,9,1905AHCCJC,,,2.5,,7.6,5.5,Passed,9.5,8.8,3
FA2023,FA2023-class 3,10,1905AHCJIA,,,4.5,,5.2,4.4,Not Passed,10,9.6,0
FA2023,FA2023-class 3,11,1905AHCJIJ,,,5.5,,7.4,5.1,Not Passed,8.5,8.9,0
FA2023,FA2023-class 3,12,1905AHBGJF,,,4,,6.4,6.4,Passed,10,9.8,5.6
FA2023,FA2023-class 3,13,1905AGJBJF,,,0,,0,0.9,Attendance Fail,4.4,4.2,0
FA2023,FA2023-class 3,14,1905AHCCAJ,,,2.5,,3,3.3,Not Passed,9.5,9.2,0
FA2023,FA2023-class 3,15,1905AHCHAH,,,4,,0,2.6,Not Passed,9.4,9,0
FA2023,FA2023-class 3,16,1905AGABAE,,,0,,0,1,Attendance Fail,4.5,5.8,0
FA2023,FA2023-class 3,17,1905AHBIDH,,,4.5,,8.2,7.7,Passed,9.8,9.2,8
FA2023,FA2023-class 3,18,1905AHCAFI,,,5,,8.4,7.4,Passed,9.6,9.4,6.6
FA2023,FA2023-class 3,19,1905AHCCIE,,,3,,8.8,5.3,Passed,9.3,7.8,1
FA2023,FA2023-class 3,20,1905AHBGEG,,,4.5,,7.6,7.2,Passed,9.6,9.6,7.1
FA2023,FA2023-class 3,21,1905AHEJHC,,,3.5,,8.6,6.8,Passed,8.6,8.7,5.8
FA2023,FA2023-class 3,22,1905AEACFG,,,4.5,,4.6,4.1,Not Passed,9.3,8.4,0
FA2023,FA2023-class 3,23,1905AHCEGD,,,3,,0,2.2,Not Passed,8.7,7,0
FA2023,FA2023-class 3,24,1905AHCEJG,,,2.5,,7.6,7,Passed,9.6,7.6,8.5
FA2023,FA2023-class 3,25,1905AHCAGF,,,4,,7.8,5.8,Passed,7.4,8.4,3.6
FA2023,FA2023-class 3,26,1905AFAFDJ,,,0,,0,0.7,Attendance Fail,3.4,3.2,0
FA2023,FA2023-class 3,27,1905AFAJJJ,,,4.5,,6,6.1,Passed,8.9,8.2,5.7
FA2023,FA2023-class 3,28,1905AHBIAG,,,0,,0,1.2,Not Passed,4.7,7.6,0
FA2023,FA2023-class 3,29,1905AHCGGG,,,4.5,,8.2,6.9,Passed,9.3,9.2,5.7
FA2023,FA2023-class 3,30,1905AGACJD,,,0,,0,0.6,Attendance Fail,3.5,2.8,0
FA2023,FA2023-class 3,31,1905AHBIAJ,,,4.5,,6.6,6.3,Passed,9.3,9.5,5
FA2023,FA2023-class 3,32,1905AHCBEF,,,4,,4.8,5.2,Passed,9.9,10,3.3
FA2023,FA2023-class 3,33,1905AHBGHE,,,4,,0,2.7,Not Passed,9.8,8.8,0
FA2023,FA2023-class 3,34,1905AHCBJC,,,4,,7.4,5.5,Passed,9.6,9,2
FA2023,FA2023-class 3,35,1905AGJDIH,,,4,,7.8,5.6,Passed,8.9,8,2.6
FA2023,FA2023-class 4,1,1905AHDFCG,,,7,,5.6,4.2,Not Passed,5.2,4.8,0.5
FA2023,FA2023-class 4,2,1905AHDGGG,,,5,,0,1.8,Attendance Fail,3.4,4.5,0
FA2023,FA2023-class 4,3,1905AHCHHD,,,6.5,,6.2,5.2,Passed,4,4.5,4
FA2023,FA2023-class 4,4,1905AHCGAH,,,4,,6.8,5,Passed,5.8,6.6,3
FA2023,FA2023-class 4,5,1905AHCGCG,,,2,,6,3.4,Not Passed,5.8,3.5,1
FA2023,FA2023-class 4,6,1905AHDECI,,,5.5,,7,5.6,Passed,4.7,7,4.2
FA2023,FA2023-class 4,7,1905AHCGHG,,,6.5,,6.6,5.7,Passed,5,5.3,4.5
FA2023,FA2023-class 4,8,1905AHCFFF,,,5.5,,6.8,6.2,Passed,5.9,6.9,6
FA2023,FA2023-class 4,9,1905AGBEGC,,,8,,7.8,8.4,Passed,7.9,8.5,9.5
FA2023,FA2023-class 4,10,1905AHCHDH,,,4,,6.2,5.3,Passed,4.5,5.9,5.5
FA2023,FA2023-class 4,11,1905AHCGDG,,,5.5,,8.6,5.6,Passed,5.9,7.6,2
FA2023,FA2023-class 4,12,1905AHDHDF,,,7,,7,5.5,Passed,7.5,6.9,2
FA2023,FA2023-class 4,13,1905AHDIJJ,,,8,,7,6,Passed,6.7,6.6,3.4
FA2023,FA2023-class 4,14,1905AHDHCI,,,7,,5.6,6.2,Passed,7.8,7.8,5.2
FA2023,FA2023-class 4,15,1905AHBJDB,,,5.5,,6,5.7,Passed,6.3,6.9,4.8
FA2023,FA2023-class 4,16,1905AGJFJG,,,8,,6.2,6.9,Passed,6.9,7.1,6.8
FA2023,FA2023-class 4,17,1905AHDCBA,,,5.5,,5.4,4.1,Not Passed,4,6.4,1
FA2023,FA2023-class 4,18,1905AGBBFG,,,8,,7.8,6.9,Passed,5.2,7.3,5.7
FA2023,FA2023-class 4,19,1905AGJEIH,,,8,,9.2,8.8,Passed,8.7,9,9
FA2023,FA2023-class 4,20,1905AHDDIG,,,5,,0,1.6,Attendance Fail,1,4.8,0
FA2023,FA2023-class 4,21,1905AHEJBD,,,7,,7,5.6,Passed,4.4,6.5,3.5
FA2023,FA2023-class 4,22,1905AGBEAF,,,8,,8.2,7.7,Passed,7.9,8.5,6.5
FA2023,FA2023-class 4,23,1905AHDEDA,,,8,,7.6,6.6,Passed,7.9,7.4,3.9
FA2023,FA2023-class 4,24,1905AHDGCG,,,6,,9.6,7.2,Passed,6.8,7.3,5.8
FA2023,FA2023-class 4,25,1905AHCDGG,,,4,,7.2,5.1,Passed,6,6.9,3
FA2023,FA2023-class 4,26,1905AHDCGD,,,6,,7.4,7.2,Passed,6.3,6.9,8.1
FA2023,FA2023-class 4,27,1905AHCIBG,,,8.5,,8.2,7.1,Passed,6.3,7.8,5
FA2023,FA2023-class 4,28,1905AHDBJD,,,5.5,,8.8,6.8,Passed,5.4,7.3,6
FA2023,FA2023-class 4,29,1905AHDGAG,,,6,,8.8,7.4,Passed,6.1,8.6,6.8
FA2023,FA2023-class 4,30,1905AHDEAF,,,6,,8,7.6,Passed,6.8,7,8.6
FA2023,FA2023-class 4,31,1905AHDFIB,,,7,,6.4,5.4,Passed,5.8,7,2.8
FA2023,FA2023-class 4,32,1905AGCFAH,,,8,,8,5.9,Passed,5.9,8.5,1.5
FA2023,FA2023-class 4,33,1905AGJCGJ,,,8,,6.6,7.1,Passed,6.5,7.9,7.1
FA2023,FA2023-class 4,34,1905AHDFDI,,,6,,3.4,3,Not Passed,4.1,3.5,0
FA2023,FA2023-class 4,35,1905AHDBJB,,,5.5,,7.6,4.9,Not Passed,4.7,7.6,1
FA2023,FA2023-class 5,1,1905AHAFEA,,,7,,7.8,7.3,Passed,4.7,9.5,7
FA2023,FA2023-class 5,2,1905AGJCHG,,,6.5,,8,6.6,Passed,4.9,8.9,5
FA2023,FA2023-class 5,3,1905AGCDDD,,,6.5,,6.8,6.3,Passed,5.8,7.9,5.4
FA2023,FA2023-class 5,4,1905AGAEFI,,,7,,6.6,6.4,Passed,4.3,6,6.5
FA2023,FA2023-class 5,5,1905AFAFHE,,,0,,0,0.4,Attendance Fail,2,2.2,0
FA2023,FA2023-class 5,6,1905AEJGEB,,,5,,4.8,5.4,Passed,6,5.8,6
FA2023,FA2023-class 5,7,1905AHBCFD,,,7,,7.2,6.7,Passed,6,8.3,5.8
FA2023,FA2023-class 5,8,1905AGBDHF,,,5,,5.4,5.8,Passed,5,7.9,6.2
FA2023,FA2023-class 5,9,1905AHCJIA,,,9,,6.4,6.6,Passed,5.2,8.8,5
FA2023,FA2023-class 5,10,1905AHCJIJ,,,9,,7.6,7.4,Passed,4.9,8.1,6.7
FA2023,FA2023-class 5,11,1905AGABJD,,,3,,8.2,4.7,Not Passed,5,6.8,1.5
FA2023,FA2023-class 5,12,1905AGBGAB,,,0,,0,0.1,Attendance Fail,0,1,0
FA2023,FA2023-class 5,13,1905AGBJAD,,,7,,5.6,5.5,Passed,5,5.9,4.4
FA2023,FA2023-class 5,14,1919AFJCDG,,,3,,8,5.5,Passed,5.9,6.8,4
FA2023,FA2023-class 5,15,1905AHCHAH,,,9,,8.4,7.9,Passed,6.3,10,6.5
FA2023,FA2023-class 5,16,1905AGJDCB,,,6.5,,6.8,6.7,Passed,4.2,8.3,7
FA2023,FA2023-class 5,17,1905AGJEJD,,,3,,3.8,3.1,Not Passed,4.4,6.1,1
FA2023,FA2023-class 5,18,1905AGCAJE,,,5,,6,5.5,Passed,4.3,4.3,6.3
FA2023,FA2023-class 5,19,1905AGAEFH,,,3,,7.2,6.5,Passed,4.6,9.8,7.8
FA2023,FA2023-class 5,20,1905AHBECJ,,,7,,7.8,7.5,Passed,6.3,7.5,8
FA2023,FA2023-class 5,21,1905AGBDBH,,,5,,7.8,6.7,Passed,6.9,8.3,6.2
FA2023,FA2023-class 5,22,1905AHDAFE,,,3,,0,1.6,Not Passed,4.5,5.9,0
FA2023,FA2023-class 5,23,1905AFJIHE,,,5,,4.6,4.4,Not Passed,4.5,6.5,3
FA2023,FA2023-class 5,24,1905AGBGFH,,,5,,7.8,5.1,Passed,4.2,7.3,2
FA2023,FA2023-class 5,25,1905AEJJED,,,5,,6.4,5.1,Passed,5.7,5.5,3.7
FA2023,FA2023-class 5,26,1905AGAEAD,,,3,,8.8,5.1,Passed,4,6.3,2.7
FA2023,FA2023-class 5,27,1905AGAHIH,,,7,,7.4,7.8,Passed,5.7,9,9.1
FA2023,FA2023-class 5,28,1905AGCDDB,,,5,,4.8,4,Not Passed,4,5.8,2
FA2023,FA2023-class 5,29,1905AGJDAB,,,6.5,,7,4.4,Not Passed,4.4,5.3,0
FA2023,FA2023-class 5,30,1905AGBJCI,,,7,,7.6,7.3,Passed,5.1,9,7.3
FA2023,FA2023-class 5,31,1905AGCEDG,,,6.5,,7,7.4,Passed,5.6,8.1,8.7
FA2023,FA2023-class 5,32,1905AHJAFJ,,,7,,6.4,7.1,Passed,6.8,6.8,8
FA2023,FA2023-class 5,33,1905AHBGHE,,,9,,6.2,7.4,Passed,5.9,8.8,7.5
FA2023,FA2023-class 5,34,1905AHDFDI,,,3,,3.8,3.8,Not Passed,5.3,6.3,3
FA2023,FA2023-class 5,35,1905AGJCGC,,,6.5,,5.6,5.8,Passed,4.4,8.5,5
FA2023,FA2023-class 6,1,1905AHDFCG,,,9,,7,5.6,Passed,5.1,9.4,1
FA2023,FA2023-class 6,2,1905AHCGGH,,,0,,0,0,Attendance Fail,0,0,0
FA2023,FA2023-class 6,3,1905AHCFHC,,,9,,7.2,7.1,Passed,5.5,8.6,5.6
FA2023,FA2023-class 6,4,1905AGABFC,,,3,,7,5.3,Passed,5,6.4,4.8
FA2023,FA2023-class 6,5,1905AGAHFJ,,,6,,5.6,6.2,Passed,3.9,4.1,8.3
FA2023,FA2023-class 6,6,1905AGJCCE,,,2,,7.6,5,Passed,4.4,8.9,3.3
FA2023,FA2023-class 6,7,1905AGBDGB,,,7,,6.8,6.6,Passed,5.3,7.8,6.2
FA2023,FA2023-class 6,8,1905AFJDBI,,,7,,8.4,7.8,Passed,6.2,9.3,7.7
FA2023,FA2023-class 6,9,1905AGBDFF,,,3,,8,4.2,Not Passed,5.7,6.6,0
FA2023,FA2023-class 6,10,1905AHBABB,,,2,,7,5.1,Passed,3.2,6.9,5.2
FA2023,FA2023-class 6,11,1905AGAGJJ,,,6,,7,6.7,Passed,4.8,6.9,7.3
FA2023,FA2023-class 6,12,1905AGBJGA,,,7,,7.4,5.6,Passed,4.4,5,3.5
FA2023,FA2023-class 6,13,1905AHBJCI,,,2,,4.8,3.1,Not Passed,4.2,8.5,0
FA2023,FA2023-class 6,14,1905AGCDAE,,,3,,6.4,4.6,Not Passed,5.1,6.5,2.9
FA2023,FA2023-class 6,15,1905AEJHIC,,,3,,8.2,6.3,Passed,6,5,7
FA2023,FA2023-class 6,16,1905AGBCHH,,,3,,7.8,5.1,Passed,6.1,6.4,3
FA2023,FA2023-class 6,17,1905AHDJHE,,,9,,7.8,8,Passed,5.1,10,8
FA2023,FA2023-class 6,18,1905AGJAGF,,,2,,9,5.9,Passed,4.1,6.3,6
FA2023,FA2023-class 6,19,1905AHJCJA,,,3,,6.6,5.9,Passed,5.8,7.4,6.8
FA2023,FA2023-class 6,20,1905AHBEDB,,,9,,8,8.1,Passed,5.8,9.1,8
FA2023,FA2023-class 6,21,1905AHDDIG,,,3,,5.2,3,Not Passed,4,4.8,0
FA2023,FA2023-class 6,22,1905AGBDAI,,,3,,6,5.2,Passed,6,7.1,5.1
FA2023,FA2023-class 6,23,1905AFAIBD,,,0,,0,0,Attendance Fail,0,0,0
FA2023,FA2023-class 6,24,1905AGAGDC,,,6,,6,5.8,Passed,4.2,8.3,5.3
FA2023,FA2023-class 6,25,1905AGJEFE,,,6,,8.2,7.3,Passed,5.1,6.8,8.2
FA2023,FA2023-class 7,1,1905AHJFDC,,,6,,6.4,6.2,Passed,8.8,3.6,6
FA2023,FA2023-class 7,2,1905AFACJJ,,,0,,0,0,Attendance Fail,0,0,0
FA2023,FA2023-class 7,3,1905AHCFJH,,,9,,7.8,7.9,Passed,8,8.1,7
FA2023,FA2023-class 7,4,1905AHJBFB,,,6,,8.4,8.2,Passed,8.5,8.5,9.1
FA2023,FA2023-class 7,5,1905AGJJCG,,,6,,7.8,6.5,Passed,8,7.6,4.6
FA2023,FA2023-class 7,6,1905AGAHJB,,,6.5,,7.2,6.6,Passed,8,8.2,5
FA2023,FA2023-class 7,7,1905AGBAHD,,,5.5,,4.8,4.9,Not Passed,7.3,5.2,3.6
FA2023,FA2023-class 7,8,1905AGADIC,,,9,,8,7.3,Passed,9.5,6.3,5
FA2023,FA2023-class 7,9,1905AGAEBG,,,6,,6.8,4.8,Not Passed,4.8,7.4,1
FA2023,FA2023-class 7,10,1905AGAFCH,,,6,,8.6,7.5,Passed,9,8.2,6.6
FA2023,FA2023-class 7,11,1905AGAIHG,,,7.5,,5.8,5.4,Passed,8.3,8,1.9
FA2023,FA2023-class 7,12,1905AGJBHJ,,,6.5,,8.4,7.7,Passed,9.5,8.1,7
FA2023,FA2023-class 7,13,1905AHDFJI,,,8,,7.8,7.2,Passed,9.5,8.2,5
FA2023,FA2023-class 7,14,1905AHEJGE,,,8,,8.4,7.3,Passed,9,8.6,4.6
FA2023,FA2023-class 7,15,1905AHCCEC,,,6.5,,9,8.6,Passed,8.5,8.3,9.6
FA2023,FA2023-class 7,16,1905AHCBJI,,,8,,6.8,7.6,Passed,8,7.8,8
FA2023,FA2023-class 7,17,1905AHDAEC,,,0,,0,0,Attendance Fail,0,0,0
FA2023,FA2023-class 7,18,1905AGABGE,,,0,,0,0,Attendance Fail,0,0,0
FA2023,FA2023-class 7,19,1905AGBABI,,,6.5,,8,6.3,Passed,7.8,8.2,3.5
FA2023,FA2023-class 7,20,1905AHCHGJ,,,7,,6.8,6.3,Passed,9.5,7.4,3.8
FA2023,FA2023-class 7,21,1905AFJIHE,,,6,,0,1.8,Not Passed,4,2,0
FA2023,FA2023-class 7,22,1905AHBIID,,,8,,7.2,7.4,Passed,9,6.8,7
FA2023,FA2023-class 7,23,1905AHBIIG,,,6,,4.8,4.3,Not Passed,8,7.8,0.1
FA2023,FA2023-class 7,24,1905AGCEJD,,,6,,4.8,4.4,Not Passed,8.5,5.7,1
FA2023,FA2023-class 7,25,1905AGAFCE,,,6.5,,9.2,6.8,Passed,4.5,3.4,6.6
FA2023,FA2023-class 7,26,1905AGAFAA,,,6.5,,6.6,5.6,Passed,7.3,7,3
FA2023,FA2023-class 7,27,1905AFBJFE,,,5.5,,5.6,5.7,Passed,4.5,2.6,7.5
FA2023,FA2023-class 7,28,1905AGJCCB,,,6,,9,7.3,Passed,9.5,8,5.6
FA2023,FA2023-class 7,29,1905AHCBDJ,,,9,,8.8,8.6,Passed,9,8.6,8
FA2023,FA2023-class 7,30,1905AGABHF,,,6.5,,7.2,6.2,Passed,7.5,5,5.1
FA2023,FA2023-class 7,31,1905AGJJEH,,,6.5,,9.6,7,Passed,7.5,8.2,4.2
FA2023,FA2023-class 7,32,0405AGJFCD,,,5,,5.4,4.2,Not Passed,9,6.8,0
FA2023,FA2023-class 8,1,1905AHCBBE,,,9,,9.8,9.2,Passed,9.5,9,8.7
FA2023,FA2023-class 8,2,0405AHJBGB,,,7,,8.8,5.9,Passed,7.8,7.7,1.1
FA2023,FA2023-class 8,3,1905AGBAHH,,,6,,5.4,5.6,Passed,7.3,5.7,5
FA2023,FA2023-class 8,4,1905AGBBGC,,,6,,7.6,6.5,Passed,8,7.9,4.7
FA2023,FA2023-class 8,5,1905AGBBGA,,,6,,6.8,6.3,Passed,7,7.2,5.6
FA2023,FA2023-class 8,6,1905AGBEBA,,,6,,8.8,7.5,Passed,7.5,8.3,6.9
FA2023,FA2023-class 8,7,1905AGACBF,,,7,,8.4,5.7,Passed,8,7,1
FA2023,FA2023-class 8,8,1905AGCBDH,,,7,,6.6,6.9,Passed,7.8,7.4,6.7
FA2023,FA2023-class 8,9,1905AHBCEB,,,9,,9,9.1,Passed,9,8.9,9.3
FA2023,FA2023-class 8,10,1905AGBHHD,,,6,,7.2,7.3,Passed,8.8,7.1,8
FA2023,FA2023-class 8,11,1905AHJCHF,,,8,,7.6,7.5,Passed,8.5,8.8,6.2
FA2023,FA2023-class 8,12,1905AGBEFJ,,,6,,7.2,6.8,Passed,9,8,5.8
FA2023,FA2023-class 8,13,1905AGBJGA,,,6,,0,2.7,Not Passed,7.3,7.6,0
FA2023,FA2023-class 8,14,1905AHCJCI,,,8.5,,7,6.8,Passed,7.8,6.1,5.4
FA2023,FA2023-class 8,15,1905AGBDFA,,,6,,8.6,7.1,Passed,8,8.4,5.6
FA2023,FA2023-class 8,16,1905AHCGAE,,,8.5,,7.2,6,Passed,8.8,6.8,2
FA2023,FA2023-class 8,17,1905AGBBIA,,,6,,6.6,5.5,Passed,8.3,7.1,2.6
FA2023,FA2023-class 8,18,1905AHBDBH,,,8,,7.8,7.2,Passed,8.5,6.2,5.8
FA2023,FA2023-class 8,19,1905AFAEEF,,,7.5,,0,2.9,Not Passed,7,7.3,0
FA2023,FA2023-class 8,20,1905AHAHBJ,,,8,,8,7.1,Passed,8.5,8.2,4.6
FA2023,FA2023-class 8,21,1905AHAEED,,,8,,7.8,6.1,Passed,8.3,6.6,2.4
FA2023,FA2023-class 8,22,1905AGBBDF,,,6,,6.4,5.1,Passed,8.5,6,1.6
FA2023,FA2023-class 8,23,1905AHBBCF,,,8,,8.6,7.2,Passed,9,7.8,4.6
FA2023,FA2023-class 8,24,1905AGCJGA,,,6,,5.6,6.1,Passed,8.3,7.9,5.3
FA2023,FA2023-class 8,25,1905AGCBGC,,,0,,0,0.1,Attendance Fail,0,1,0
FA2023,FA2023-class 8,26,1905AGBCBJ,,,7,,6.4,5.6,Passed,6.5,8,2.6
FA2023,FA2023-class 8,27,1905AGBHDF,,,6,,8.2,7,Passed,9.3,7.7,5.5
FA2023,FA2023-class 8,28,1905AGBFAB,,,6,,8.8,5.3,Passed,6.3,6.9,0.5
FA2023,FA2023-class 8,29,1905AGCBGD,,,8,,8,7.1,Passed,6.8,7.6,5.6
FA2023,FA2023-class 8,30,1905AHCBBD,,,8,,9,8.9,Passed,9.5,9,9
FA2023,FA2023-class 8,31,1905AHBIFG,,,8,,8,6.6,Passed,9,8.2,3
FA2023,FA2023-class 8,32,1905AHCCCE,,,8,,7.8,8.4,Passed,7.8,8.1,9.6
FA2023,FA2023-class 8,33,1905AGBDJC,,,7.5,,9.2,5.8,Passed,6,7.9,0.5
FA2023,FA2023-class 8,34,1905AGCCBD,,,7,,8,6.6,Passed,9,7.2,3.9
FA2023,FA2023-class 8,35,1905AGJEFB,,,0,,0,0.4,Attendance Fail,4.3,0,0
FA2023,FA2023-class 9,1,1905AGJEJE,,,9,,6.8,7.6,Passed,9.5,8.5,6.6
FA2023,FA2023-class 9,2,1905AGCBIG,,,6.5,,7.6,6.2,Passed,9.6,7.3,3
FA2023,FA2023-class 9,3,1905AGCCGF,,,6.5,,8.8,7.3,Passed,9.6,7.3,5.6
FA2023,FA2023-class 9,4,1905ACJEBD,,,6,,5.4,5.1,Passed,9.4,7.5,1.9
FA2023,FA2023-class 9,5,1905AFAHBG,,,9,,6.2,7.8,Passed,9.8,8.5,7.7
FA2023,FA2023-class 9,6,1905AGAGGB,,,6.5,,7.6,7,Passed,9.3,7.3,6
FA2023,FA2023-class 9,7,1905AGJEDF,,,8,,5.4,5,Passed,7.8,6.7,1
FA2023,FA2023-class 9,8,1905AGCCFB,,,9,,8.8,8.4,Passed,9.7,8.7,7.2
FA2023,FA2023-class 9,9,1905AFJDAE,,,6,,7.4,6.9,Passed,5.2,6,8
FA2023,FA2023-class 9,10,1905AGCCDD,,,6.5,,6.4,5.9,Passed,9.5,7.3,3.5
FA2023,FA2023-class 9,11,1905AHDFAA,,,9,,7.2,7.5,Passed,9.8,8.7,5.6
FA2023,FA2023-class 9,12,1905AGCBHB,,,6.5,,7.4,6.5,Passed,9.8,7.3,4.4
FA2023,FA2023-class 9,13,1905AFJDCB,,,6,,7.6,6.8,Passed,5.9,6.2,7
FA2023,FA2023-class 9,14,1905AGBBDJ,,,6,,8.2,7.6,Passed,9,6.4,8
FA2023,FA2023-class 9,15,1905AGBDCI,,,8,,0,3.3,Not Passed,9.6,7.5,0
FA2023,FA2023-class 9,16,1905AHDIJI,,,9,,7.8,8.1,Passed,9.1,8.3,7.4
FA2023,FA2023-class 9,17,1905AGBDAD,,,8,,7,6.6,Passed,9.4,7.8,4
FA2023,FA2023-class 9,18,1905AHBBEI,,,9,,8.2,8.3,Passed,9.5,8.3,7.5
FA2023,FA2023-class 9,19,1905AGJDBH,,,9,,9,6.6,Passed,9.6,8.5,1
FA2023,FA2023-class 9,20,1905AHEJHB,,,8,,7.6,6.9,Passed,9.3,7.8,4.4
FA2023,FA2023-class 9,21,1905ACJBFI,,,0,,0,0,Attendance Fail,0,0,0
FA2023,FA2023-class 9,22,1905AGBDAB,,,7,,8.4,6.8,Passed,9.1,7.3,4
FA2023,FA2023-class 9,23,1905AHCHGI,,,8,,7.8,8.2,Passed,8.2,7.5,9.1
FA2023,FA2023-class 9,24,1905AGBDBF,,,9,,8.4,8.3,Passed,9.5,8.5,7.2
FA2023,FA2023-class 9,25,1905AGCCFI,,,6.5,,8.2,6.9,Passed,9.5,7.3,5
FA2023,FA2023-class 9,26,1905AGBDAA,,,7,,8.6,7,Passed,9.4,7.3,4.4
FA2023,FA2023-class 9,27,1905AGBCHA,,,8,,6.4,6.4,Passed,9.5,7.8,4
FA2023,FA2023-class 9,28,1905AGBCAG,,,6,,5,5.8,Passed,9.6,6.4,5
FA2023,FA2023-class 9,29,1905AGBDII,,,7,,9.6,8.2,Passed,9.3,7.4,7.6
FA2023,FA2023-class 9,30,1905AGJDED,,,7,,8.4,5.9,Passed,8.9,7.4,1
FA2023,FA2023-class 9,31,1905AGBCII,,,7,,7.8,7.5,Passed,8.7,7.4,7
FA2023,FA2023-class 9,32,1905AHCDCI,,,8,,7.8,7.2,Passed,8.6,7.6,5.6
FA2023,FA2023-class 10,1,0805AGFFIJ,,,7.8,,8,6.8,Passed,7,9.4,4
FA2023,FA2023-class 10,2,1905AGJAAH,,,8.5,,8,8.3,Passed,7.9,8,8.6
FA2023,FA2023-class 10,3,1905AGJJHH,,,0,,0,0,Not Passed,0,0,0
FA2023,FA2023-class 10,4,1905AGJABC,,,7.3,,6.6,5.6,Passed,7.9,7.1,2.3
FA2023,FA2023-class 10,5,1905AGJJBA,,,7.9,,5.6,6.2,Passed,7.4,7.4,5
FA2023,FA2023-class 10,6,1905AHBAGD,,,8.6,,9.4,7.8,Passed,6,8.3,6.1
FA2023,FA2023-class 10,7,1905AGJAEE,,,7.5,,8.4,6.2,Passed,7.3,7.1,2.6
FA2023,FA2023-class 10,8,1905AGJBDC,,,9.3,,8.8,9.2,Passed,8.7,9.4,9.6
FA2023,FA2023-class 10,9,1905AGJAAG,,,8.5,,9.6,8,Passed,6.5,8,6.7
FA2023,FA2023-class 10,10,1905AGJJCJ,,,7.8,,8.6,7.6,Passed,7.4,7.3,6.5
FA2023,FA2023-class 10,11,1905AGJAJG,,,8.8,,8.8,8.8,Passed,8.3,9.3,8.9
FA2023,FA2023-class 10,12,1905AGJADJ,,,0,,0,0.8,Not Passed,7.9,0,0
FA2023,FA2023-class 10,13,1905AGJJDF,,,8.5,,7,6.6,Passed,8,8.3,4
FA2023,FA2023-class 10,14,1905AGJJFE,,,7,,5,4.8,Not Passed,7.3,7,1.7
FA2023,FA2023-class 10,15,1905AGJADB,,,7,,7.6,6,Passed,6.3,6.6,3.6
FA2023,FA2023-class 10,16,1905AHBIHC,,,8.5,,8,7.6,Passed,7.3,8.1,6.5
FA2023,FA2023-class 10,17,1905AGCAJE,,,0,,0,0.7,Not Passed,6.5,0,0
FA2023,FA2023-class 10,18,1905AGJACA,,,0,,7.6,3,Not Passed,0,0,2.3
FA2023,FA2023-class 10,19,1905AGJJGG,,,8,,6.4,6.5,Passed,7.9,7.9,4.6
FA2023,FA2023-class 10,20,1905AGJJIJ,,,7,,6.2,6,Passed,6.7,6.7,4.6
FA2023,FA2023-class 10,21,1905AGCEED,,,7.5,,6.4,5.3,Passed,6.9,7.2,1.7
FA2023,FA2023-class 10,22,1905AHJAJI,,,7.8,,7.6,6.6,Passed,7,7.7,4.2
FA2023,FA2023-class 10,23,1905AGJDBA,,,8,,9.2,7,Passed,7,8.4,3.6
FA2023,FA2023-class 10,24,1905AGCDDB,,,0,,0,0,Attendance Fail,0,0,0
FA2023,FA2023-class 10,25,1905AFAADF,,,7.5,,7,5.9,Passed,7.2,7.2,3
FA2023,FA2023-class 10,26,1905AGJDGG,,,9.8,,9.6,9.6,Passed,9.4,9.7,9.5
FA2023,FA2023-class 10,27,1905AGJJJG,,,0,,0,0.7,Not Passed,7.3,0,0
FA2023,FA2023-class 10,28,1905AFACGC,,,0,,0,0,Not Passed,0,0,0
FA2023,FA2023-class 10,29,1905AGJADD,,,7.8,,8.4,6.8,Passed,7.8,7.7,4
FA2023,FA2023-class 10,30,1905AGJJGF,,,8.6,,8.8,7.4,Passed,7.7,7.9,5.1
FA2023,FA2023-class 10,31,1905AGAAAC,,,8,,7.8,7.4,Passed,7.8,7.5,6.4
FA2023,FA2023-class 10,32,1905AGCAED,,,7.3,,8.6,5.8,Passed,7.2,7.3,1.1
FA2023,FA2023-class 10,33,1905AGJJHA,,,9.3,,8,7.8,Passed,8.7,9.1,5.9
FA2023,FA2023-class 10,34,1905AHDICJ,,,8.5,,7.8,7.8,Passed,8,8.8,7.1
FA2023,FA2023-class 11,1,1905AGJBHB,,,3,,8.2,4.6,Not Passed,9.2,3,1.2
FA2023,FA2023-class 11,2,1905AGJBHC,,,2,,3.4,2.8,Not Passed,8.4,2,1
FA2023,FA2023-class 11,3,1905AGJBIG,,,9.3,,9,8.3,Passed,8.7,9.3,6.6
FA2023,FA2023-class 11,4,1905AGJAHC,,,6.6,,7.4,5.5,Passed,9.8,6.6,1
FA2023,FA2023-class 11,5,1905AGJBAJ,,,0,,0,0.9,Attendance Fail,9.2,0,0
FA2023,FA2023-class 11,6,1905AGJAEF,,,8.5,,7.8,7.2,Passed,9.4,8.5,4.6
FA2023,FA2023-class 11,7,1905AGJBBF,,,8.5,,6.6,6.3,Passed,9.5,8.5,2.8
FA2023,FA2023-class 11,8,1905AGJBJB,,,7,,8.4,5.8,Passed,8.9,7,1
FA2023,FA2023-class 11,9,1905AGJBJA,,,7.9,,5.2,5.1,Passed,8.8,7.9,1
FA2023,FA2023-class 11,10,1905AGJBAF,,,7,,6.8,6.4,Passed,8.9,7,4.5
FA2023,FA2023-class 11,11,1905AGJAFG,,,5.1,,8.4,5.2,Passed,8.7,5.1,1
FA2023,FA2023-class 11,12,1905AGJAGJ,,,9.9,,8,8,Passed,8.8,9.9,5.8
FA2023,FA2023-class 11,13,1905AGJBJE,,,6.4,,6.2,5.3,Passed,9.3,6.4,2
FA2023,FA2023-class 11,14,1905AGJBCG,,,0,,0,0.8,Not Passed,8.3,0,0
FA2023,FA2023-class 11,15,1905AGJBEI,,,9.1,,9,8.5,Passed,9.3,9.1,7.2
FA2023,FA2023-class 11,16,1905AGJAGC,,,6.6,,8.8,6.4,Passed,9.1,6.6,3
FA2023,FA2023-class 11,17,1905AGJAGF,,,0,,0,0.4,Not Passed,3.9,0,0
FA2023,FA2023-class 11,18,1905AGJBDJ,,,9.1,,7.2,7.1,Passed,8.2,9.1,4.5
FA2023,FA2023-class 11,19,1905AGJBDF,,,8.5,,7.2,7.2,Passed,8.1,8.5,5.6
FA2023,FA2023-class 11,20,1905AHBIBJ,,,1.9,,5.6,3.4,Not Passed,8.3,1.9,1
FA2023,FA2023-class 11,21,1905AGJAGH,,,8.5,,7.4,7.5,Passed,9.6,8.5,6
FA2023,FA2023-class 11,22,1905AGJBII,,,9.7,,9,8.2,Passed,8.3,9.7,5.7
FA2023,FA2023-class 11,23,1905AGJBEF,,,9.3,,9.4,8.7,Passed,9.5,9.3,7
FA2023,FA2023-class 11,24,1905AGJBIB,,,10,,9,8.7,Passed,9.3,10,6.9
FA2023,FA2023-class 11,25,1905AGJCBA,,,10,,6.6,7,Passed,9,10,3.8
FA2023,FA2023-class 11,26,1905AGJCEA,,,6.4,,8.2,6,Passed,8.9,6.4,2.3
FA2023,FA2023-class 11,27,1905AGBABJ,,,0,,0,0.8,Attendance Fail,8.3,0,0
FA2023,FA2023-class 11,28,1905AGJBJD,,,9.3,,7.8,6.6,Passed,9.2,9.3,1.8
FA2023,FA2023-class 11,29,1905AGJBFB,,,7.9,,8,6.6,Passed,7.2,7.9,3.7
FA2023,FA2023-class 11,30,1905AGJAIG,,,8.5,,6.2,5.6,Passed,9.2,8.5,1
FA2023,FA2023-class 11,31,1905AGJADE,,,8.5,,8.2,6.2,Passed,8.8,8.5,1
FA2023,FA2023-class 11,32,1905AGJBID,,,5.2,,7,6.2,Passed,7.8,5.2,5.8
FA2023,FA2023-class 11,33,1905AGJAFD,,,9.3,,7.2,7,Passed,8.8,9.3,4
FA2023,FA2023-class 11,34,1905AGJAJF,,,1,,5.2,5.4,Passed,8,1,9
FA2023,FA2023-class 11,35,1905AGJAID,,,8.6,,8.4,7.7,Passed,9.1,8.6,5.8
FA2023,FA2023-class 12,1,1905AGJCBG,,,4.5,,6.4,5.2,Passed,0.5,7.2,5.2
FA2023,FA2023-class 12,2,1905AGJCHG,,,4.5,,0,2.2,Not Passed,6.6,6.6,0
FA2023,FA2023-class 12,3,1905AGBHEE,,,4,,7.8,5.6,Passed,6.8,6.4,3.9
FA2023,FA2023-class 12,4,1905AHCEDI,,,0,,0,0,Attendance Fail,0,0,0
FA2023,FA2023-class 12,5,1905AGJCED,,,4,,0,2.1,Not Passed,7.4,5.6,0
FA2023,FA2023-class 12,6,1905AGJCCC,,,4,,8.8,7.7,Passed,6.8,8.4,9.1
FA2023,FA2023-class 12,7,1905AGJCIF,,,6,,8.2,6.5,Passed,7,6.4,5
FA2023,FA2023-class 12,8,1905AGJCBC,,,4,,8.2,5.2,Passed,6.6,4.7,2.8
FA2023,FA2023-class 12,9,1905AGJCBJ,,,6,,8,6.3,Passed,7.4,5.8,4.5
FA2023,FA2023-class 12,10,1905AGJCIE,,,6,,6.4,6.1,Passed,7.6,6.9,5.1
FA2023,FA2023-class 12,11,1905AGJCJB,,,4,,8.4,8.1,Passed,8.8,8.5,10
FA2023,FA2023-class 12,12,1905AGJDAF,,,4.5,,8.6,4.8,Not Passed,6.2,3.8,0.9
FA2023,FA2023-class 12,13,1905AGJDAA,,,6,,8.4,5.2,Passed,4,7.7,1
FA2023,FA2023-class 12,14,1905AGJCEF,,,6,,8.8,8.3,Passed,8,6.7,10
FA2023,FA2023-class 12,15,1905AGJDAE,,,6,,7.8,5.3,Passed,8,6.4,1
FA2023,FA2023-class 12,16,1905AGJCEI,,,4,,4,3.3,Not Passed,6.6,3.4,1
FA2023,FA2023-class 12,17,1905AGJDBI,,,6,,7.8,6.2,Passed,7.2,6.8,4.3
FA2023,FA2023-class 12,18,1905AGJBIH,,,4,,6.4,4.8,Not Passed,8.8,7.7,1.5
FA2023,FA2023-class 12,19,1905AGJCCA,,,4,,7.6,6.6,Passed,7.6,7.1,6.7
FA2023,FA2023-class 12,20,1905AGJCDE,,,6,,9.4,8.2,Passed,8.4,5.3,9.5
FA2023,FA2023-class 12,21,1905AHJDIA,,,4.5,,6,6,Passed,7,6.8,6.5
FA2023,FA2023-class 12,22,1905AGJCGC,,,6,,0,2.8,Not Passed,6.8,6.6,1
FA2023,FA2023-class 12,23,1905AGJCJJ,,,4,,8.6,5.7,Passed,8.8,6.2,2.6
FA2023,FA2023-class 13,1,1905AGJDGJ,,,8,,9.2,8.4,Passed,8.6,8.4,7.8
FA2023,FA2023-class 13,2,1905AGJDGF,,,6.5,,9.2,8.8,Passed,8.9,8.1,10
FA2023,FA2023-class 13,3,1905AGJDIG,,,6.5,,9,7.4,Passed,8.9,8.3,5.6
FA2023,FA2023-class 13,4,1905AGJDCC,,,4,,9,5.8,Passed,6.1,7.7,3
FA2023,FA2023-class 13,5,1905AGJEFG,,,10,,9.2,9.1,Passed,7.9,8.1,9.2
FA2023,FA2023-class 13,6,1905AGBCEB,,,4,,0,2.4,Not Passed,5.6,7.8,1
FA2023,FA2023-class 13,7,1905AGJDGC,,,8,,7,6.1,Passed,8.1,7.1,2.8
FA2023,FA2023-class 13,8,1905AFAEBG,,,4,,0,1.8,Not Passed,3.9,5.8,0
FA2023,FA2023-class 13,9,1905AGJJAC,,,4,,8.2,5.1,Passed,4.7,7.8,2
FA2023,FA2023-class 13,10,1905AGJDGI,,,6.5,,8.2,6.3,Passed,7,8,3.6
FA2023,FA2023-class 13,11,1905AGJDDI,,,4,,7.2,5.6,Passed,7.8,7.1,3.7
FA2023,FA2023-class 13,12,1905AGJDHB,,,4,,8.4,6.6,Passed,7.2,7.1,6.2
FA2023,FA2023-class 13,13,1905AGJEAE,,,4,,8.8,5.6,Passed,5,7.9,2.8
FA2023,FA2023-class 13,14,1905AGJEDG,,,4,,7.8,6.7,Passed,8,7.4,6.9
FA2023,FA2023-class 13,15,1905AGJEAF,,,6,,9.2,8.1,Passed,7.2,8,8.6
FA2023,FA2023-class 13,16,1905AGBJAD,,,4,,0,1.9,Attendance Fail,4.6,6.3,0
FA2023,FA2023-class 13,17,1905AGJDCB,,,4,,0,2.1,Not Passed,5.5,7.7,0
FA2023,FA2023-class 13,18,1905AGJEJD,,,4,,0,2,Not Passed,4.6,7.6,0
FA2023,FA2023-class 13,19,1905AGJDFB,,,4,,5.6,5.2,Passed,7.7,7.1,4
FA2023,FA2023-class 13,20,1905AGJECJ,,,6,,8.6,7.6,Passed,7.4,7.8,7.6
FA2023,FA2023-class 13,21,1905AGJEAD,,,10,,9,8.9,Passed,7.8,8,8.8
FA2023,FA2023-class 13,22,1905AGJEFH,,,10,,8,8.8,Passed,7.6,7.7,9.6
FA2023,FA2023-class 13,23,1905AGCFDH,,,4,,8,5.8,Passed,5,7.8,4.5
FA2023,FA2023-class 13,24,1905AGJDHE,,,5,,6.8,5.8,Passed,7.3,7.9,4.3
FA2023,FA2023-class 13,25,1905AGJDHC,,,5,,8.2,5.3,Passed,7,8,1.2
FA2023,FA2023-class 13,26,1905AHDHID,,,4,,7.4,6,Passed,5.3,7.6,5.5
FA2023,FA2023-class 13,27,1905AGJDIE,,,4,,9.2,5.3,Passed,6.5,4.5,2
FA2023,FA2023-class 13,28,1905AGJDGA,,,8,,7.6,6.4,Passed,8.2,7.3,3.4
FA2023,FA2023-class 13,29,1905AGJDHI,,,6.5,,6.8,6.3,Passed,8,7.8,4.6
FA2023,FA2023-class 13,30,1905AGJEAJ,,,6,,8.4,5.9,Passed,7.6,7.6,2.2
FA2023,FA2023-class 13,31,1905AGJEDB,,,6,,6.8,7,Passed,7.3,8.1,7.3
FA2023,FA2023-class 13,32,1905AGJDDF,,,8,,7,5.6,Passed,6.8,8.1,1.5
FA2023,FA2023-class 13,33,1905AGJEEB,,,10,,9,8.9,Passed,8,8.4,8.6
FA2023,FA2023-class 13,34,1905AGJECC,,,6,,8.6,7.8,Passed,6.9,8,8.6
FA2023,FA2023-class 13,35,1905AGJEJF,,,5,,5,5.6,Passed,5.9,7.4,6
FA2023,FA2023-class 14,1,1905AGAJHA,,,8.5,,4.8,6.4,Passed,8.7,7.9,5.5
FA2023,FA2023-class 14,2,1905AHCDJC,,,7.8,,5.6,5.7,Passed,7.3,7.8,3.3
FA2023,FA2023-class 14,3,1905AGAJCC,,,9.6,,9.6,8.1,Passed,9.2,9.6,4.7
FA2023,FA2023-class 14,4,1905AHDABF,,,7.5,,4.6,5.4,Passed,7.4,7.1,3.6
FA2023,FA2023-class 14,5,1905AGJEDD,,,9.7,,8.8,7.8,Passed,9.4,9.5,4.4
FA2023,FA2023-class 14,6,1905AHDAIC,,,8,,9.6,8.4,Passed,8.7,7.5,7.7
FA2023,FA2023-class 14,7,1905AGJEIJ,,,8.5,,8,6.3,Passed,7.7,8.3,2
FA2023,FA2023-class 14,8,1905AGJEHJ,,,8,,6.6,6.7,Passed,7.1,7.5,5.6
FA2023,FA2023-class 14,9,1905AGJFJA,,,8.8,,4.4,5.1,Passed,8.6,8.4,1
FA2023,FA2023-class 14,10,1905AGBGJF,,,7.8,,6.2,6,Passed,7.4,7.9,3.5
FA2023,FA2023-class 14,11,1905AGJEEI,,,9,,5.2,5.9,Passed,8.7,8.5,2.6
FA2023,FA2023-class 14,12,1905AGJEIG,,,9.5,,7.4,7.9,Passed,9.2,9.4,6.5
FA2023,FA2023-class 14,13,1905AHCFAF,,,9.5,,8.8,8.9,Passed,8.2,8.5,9.1
FA2023,FA2023-class 14,14,1905AGAAEH,,,7.5,,6.4,5.1,Passed,6.9,7.3,1
FA2023,FA2023-class 14,15,1905AHJJBE,,,7.8,,7.6,6.2,Passed,6.9,7.6,3
FA2023,FA2023-class 14,16,1905AGAJFI,,,9.7,,9.4,9.1,Passed,9.4,9.7,8
FA2023,FA2023-class 14,17,1901AGJBEH,,,7.8,,7.8,6.2,Passed,7.4,7.2,2.9
FA2023,FA2023-class 14,18,1905AHBCEE,,,8.5,,7.2,7.5,Passed,8.7,7.9,6.5
FA2023,FA2023-class 14,19,1905AGAAJG,,,7.8,,8.2,6.7,Passed,6.9,7.5,4.3
FA2023,FA2023-class 14,20,1905AGJEFF,,,8,,9,6,Passed,8.6,7.4,0.4
FA2023,FA2023-class 14,21,1905AGJEHG,,,7.8,,7.2,6.7,Passed,7.4,7.5,5
FA2023,FA2023-class 14,22,1905AGJEGB,,,7.8,,7.6,6.4,Passed,6.9,7.7,3.6
FA2023,FA2023-class 14,23,1905AFJIAJ,,,0,,0,0.7,Attendance Fail,6.7,0,0
FA2023,FA2023-class 14,24,1905AGBBAJ,,,0,,0,0.9,Not Passed,8.8,0,0
FA2023,FA2023-class 14,25,1905AGJEGC,,,9,,7.8,7,Passed,9.3,8.8,3.6
FA2023,FA2023-class 14,26,1905AGBIBI,,,7,,8.4,5.6,Passed,8.6,7.2,0.3
FA2023,FA2023-class 14,27,1905AHCCJE,,,9,,6.2,7.2,Passed,8.8,9,6
FA2023,FA2023-class 14,28,1905AGJEHI,,,7.8,,7.2,6,Passed,6.9,7.3,3
FA2023,FA2023-class 14,29,1905AGJEIC,,,9,,8,7.6,Passed,8.6,8.3,5.7
FA2023,FA2023-class 15,1,1905AGABAG,,,9.3,,7.4,6.5,Passed,8.7,9.3,2
FA2023,FA2023-class 15,2,1905AHBCIH,,,4.8,,6.6,4.5,Not Passed,4.6,4.8,2.2
FA2023,FA2023-class 15,3,1905AGABJG,,,7.8,,8,7.3,Passed,9.1,7.8,5.6
FA2023,FA2023-class 15,4,1905AGAAGI,,,0,,0,0,Attendance Fail,0,0,0
FA2023,FA2023-class 15,5,1905AGABAA,,,9.3,,6.4,7.5,Passed,8,9.3,6.7
FA2023,FA2023-class 15,6,1905AGAABA,,,8.5,,8.6,8,Passed,9.3,8.5,6.5
FA2023,FA2023-class 15,7,1905AGABEI,,,8.8,,8.2,9,Passed,9.1,8.8,10
FA2023,FA2023-class 15,8,1905AGJCCE,,,1,,5,3.7,Not Passed,7.9,1,3.7
FA2023,FA2023-class 15,9,1905AGABFE,,,6.9,,8.8,6.7,Passed,8.8,6.9,3.6
FA2023,FA2023-class 15,10,1905AGABJD,,,5.8,,4.4,3.9,Not Passed,8.2,5.8,0
FA2023,FA2023-class 15,11,1905AGACBE,,,10,,9.4,9.4,Passed,8.8,10,9
FA2023,FA2023-class 15,12,1905AGBCCJ,,,6.3,,7.4,5.4,Passed,9.6,6.3,1
FA2023,FA2023-class 15,13,1905AGADBB,,,10,,8.4,8.1,Passed,9,10,5.7
FA2023,FA2023-class 15,14,1905AHCBBA,,,5.5,,6.8,5.8,Passed,9.5,5.5,4
FA2023,FA2023-class 15,15,1905AGAAFG,,,0,,4.4,2.1,Not Passed,8,0,0
FA2023,FA2023-class 15,16,1905AGACCJ,,,10,,8.6,8.2,Passed,8.9,10,5.7
FA2023,FA2023-class 15,17,1905AGBEDF,,,4.6,,8.6,5.4,Passed,8.3,4.6,1.9
FA2023,FA2023-class 15,18,1905AGABJA,,,9.1,,9,7.5,Passed,9.1,9.1,4
FA2023,FA2023-class 15,19,1905AGACBH,,,10,,7.4,8.7,Passed,8.6,10,8.6
FA2023,FA2023-class 15,20,1905AGADAA,,,9.1,,9.2,7.6,Passed,8,9.1,4.5
FA2023,FA2023-class 15,21,1905AGAAEF,,,9.9,,9.4,7,Passed,8.9,9.9,1
FA2023,FA2023-class 15,22,1905AGADCC,,,10,,9.2,9.6,Passed,9.3,10,9.6
FA2023,FA2023-class 15,23,1905AGBCID,,,10,,9.6,8.9,Passed,9.6,10,6.8
FA2023,FA2023-class 15,24,1905AFAGBI,,,0,,0,0.8,Attendance Fail,8.3,0,0
FA2023,FA2023-class 15,25,1905AGABAH,,,4.8,,8,5.4,Passed,7.7,4.8,2.7
FA2023,FA2023-class 15,26,1905AGADDE,,,8.4,,8.2,7.6,Passed,9,8.4,5.6
FA2023,FA2023-class 15,27,1905AHJCFG,,,8.2,,8.6,7.9,Passed,8.4,8.2,6.8
FA2023,FA2023-class 15,28,1905AGACDA,,,9.7,,9.2,8.6,Passed,9.3,9.7,6.6
FA2023,FA2023-class 15,29,1905AGBCAC,,,9.3,,9.4,9.1,Passed,8.4,9.3,8.7
FA2023,FA2023-class 15,30,1905AGABFD,,,9.3,,9,7.9,Passed,9.4,9.3,5
FA2023,FA2023-class 15,31,1905AGBCJF,,,7.8,,7.4,5.9,Passed,7.5,7.8,1.8
FA2023,FA2023-class 15,32,1905AGAGDF,,,10,,9.4,9.8,Passed,9.5,10,10
FA2023,FA2023-class 15,33,1905AGAAEJ,,,9.3,,9.2,8,Passed,9.1,9.3,5
FA2023,FA2023-class 15,34,1905AHCAGH,,,9.3,,9.2,8.7,Passed,9.3,9.3,7.5
FA2023,FA2023-class 15,35,1905AGJABA,,,7.8,,6.4,7,Passed,9.1,7.8,6
FA2023,FA2023-class 16,1,1905AGADHC,,,8,,4,3.6,Not Passed,0,8,0
FA2023,FA2023-class 16,2,1905AGAEIJ,,,8,,9.4,8.3,Passed,8,9.8,7
FA2023,FA2023-class 16,3,1905AGAEFF,,,8,,7.2,7,Passed,9,9.8,4.5
FA2023,FA2023-class 16,4,1905AGAEHH,,,8.5,,8.4,6.5,Passed,7,9.6,2
FA2023,FA2023-class 16,5,1905AGAFBB,,,9,,4.6,5.8,Passed,6,7.9,4
FA2023,FA2023-class 16,6,1905AGAFIE,,,8,,7.6,7,Passed,8,9.1,4.6
FA2023,FA2023-class 16,7,1905AGADEC,,,6,,7,5.8,Passed,6,9.8,3
FA2023,FA2023-class 16,8,1905AGAEJH,,,0,,0,0.4,Attendance Fail,0,3.9,0
FA2023,FA2023-class 16,9,1905AGAFIH,,,8,,6.4,5.4,Passed,6.5,5.9,2
FA2023,FA2023-class 16,10,1905AGAFDI,,,5,,8.4,5.4,Passed,8.5,7.3,1
FA2023,FA2023-class 16,11,1905AGADFG,,,10,,5.2,6.6,Passed,7.5,9.2,4.6
FA2023,FA2023-class 16,12,1905AGADDJ,,,7.5,,0,1.9,Attendance Fail,0,4.2,0
FA2023,FA2023-class 16,13,1905AGAEAB,,,8.5,,7.4,7.1,Passed,8.5,9.4,4.6
FA2023,FA2023-class 16,14,1905AHBHIA,,,9.5,,8.6,7.8,Passed,8,7.6,5.8
FA2023,FA2023-class 16,15,1905AGADFH,,,7,,7.8,7.9,Passed,8,10,8
FA2023,FA2023-class 16,16,1905AGAEAC,,,10,,8.4,6.8,Passed,8,10,1.6
FA2023,FA2023-class 16,17,1905AGJJFB,,,9,,5.4,6.2,Passed,7,10,3.5
FA2023,FA2023-class 16,18,1905AGAEAD,,,9.5,,0,2.2,Attendance Fail,0,3.4,0
FA2023,FA2023-class 16,19,1905AGADIH,,,7,,6.2,5.3,Passed,6.5,8.3,2
FA2023,FA2023-class 16,20,1905AHBEEJ,,,8.5,,8.4,8.8,Passed,9,8,9.6
FA2023,FA2023-class 16,21,1905AGABDD,,,7,,0,1.8,Attendance Fail,0,4.4,0
FA2023,FA2023-class 16,22,1905AGCDGI,,,9,,6,5.9,Passed,8,5.8,3.1
FA2023,FA2023-class 16,23,1905AGAFJD,,,8,,8.4,6.4,Passed,7.5,9.4,2
FA2023,FA2023-class 16,24,1905AFAFCJ,,,8.5,,5.8,6.1,Passed,7,5.6,4.6
FA2023,FA2023-class 16,25,1905AGBADE,,,9,,7.2,6.2,Passed,8,5.4,3
FA2023,FA2023-class 16,26,1905AGAEGD,,,9.5,,7.8,8.3,Passed,8,9.6,7.8
FA2023,FA2023-class 16,27,1905AGAEEJ,,,10,,8.6,7.7,Passed,8,10,4.5
FA2023,FA2023-class 16,28,0305AHAABA,,,6,,7.4,5.6,Passed,8.5,7.7,2
FA2023,FA2023-class 16,29,1905AHBDDD,,,8.5,,8,6.3,Passed,6,9,2.2
FA2023,FA2023-class 16,30,1905AGBEEI,,,7,,8.6,5.7,Passed,6,4.1,2.2
FA2023,FA2023-class 16,31,1905AGADIE,,,7.5,,6.2,5.6,Passed,7.5,9.8,1.6
FA2023,FA2023-class 16,32,1905AFJCFC,,,6.5,,5.8,5,Passed,8.5,7.8,1.2
FA2023,FA2023-class 16,33,1905AGAFCJ,,,8,,4.6,4.8,Not Passed,6.5,8.4,1.1
FA2023,FA2023-class 16,34,1905AGAFGE,,,9,,8,6.7,Passed,6.5,7.9,3.5
FA2023,FA2023-class 17,1,1905AGAGDA,,,5,,8.4,7,Passed,5.1,7.3,7.5
FA2023,FA2023-class 17,2,1905AHBBGC,,,7,,7.6,7.3,Passed,5.9,7.5,7.7
FA2023,FA2023-class 17,3,1905AGAHGC,,,3,,6.8,5.5,Passed,5.6,5.9,5.6
FA2023,FA2023-class 17,4,1905AGBGGE,,,6.5,,7.6,6.9,Passed,4.7,7.7,7
FA2023,FA2023-class 17,5,1905AGAGBA,,,7,,7.4,7.1,Passed,6,7.5,7
FA2023,FA2023-class 17,6,1905AGAHBH,,,10,,8.6,9,Passed,7.5,7.6,9.6
FA2023,FA2023-class 17,7,1905AEACEB,,,0,,0,0,Attendance Fail,0,0,0
FA2023,FA2023-class 17,8,1905AGAHJJ,,,6.5,,7.8,6.1,Passed,5.3,7.8,4
FA2023,FA2023-class 17,9,1905AGAHBI,,,3,,4.4,3.4,Not Passed,3.2,7,1.6
FA2023,FA2023-class 17,10,1905AGAGJJ,,,7,,7.2,4.7,Not Passed,4.8,6.3,0
FA2023,FA2023-class 17,11,1905AGBGCD,,,6.5,,8.2,5.3,Passed,5.6,7.9,0.5
FA2023,FA2023-class 17,12,1919AEJCCA,,,3,,5.4,5.1,Passed,6.6,8.2,4.8
FA2023,FA2023-class 17,13,1905AHBCGC,,,0,,0,0.6,Attendance Fail,0,6,0
FA2023,FA2023-class 17,14,1905AGAHEG,,,3,,7.8,5.7,Passed,7.6,7.5,4.2
FA2023,FA2023-class 17,15,1905AGAGHD,,,6.5,,7.4,5.9,Passed,5,8.2,3.6
FA2023,FA2023-class 17,16,1905AEACEJ,,,5,,7.8,5.8,Passed,4.2,6.6,4.5
FA2023,FA2023-class 17,17,1905AGAHBF,,,6,,6.4,5.7,Passed,5.6,8.1,3.9
FA2023,FA2023-class 17,18,1905AGAHCJ,,,6,,7.8,6.6,Passed,4.9,8.2,5.9
FA2023,FA2023-class 17,19,1905AGAGGD,,,6,,6.6,6.8,Passed,6.6,6.5,7.6
FA2023,FA2023-class 17,20,1905AGAGJA,,,6.5,,2.8,3.3,Not Passed,3,6.8,0.6
FA2023,FA2023-class 17,21,1905AGAHBE,,,10,,8,6.2,Passed,7.6,7,1.3
FA2023,FA2023-class 17,22,1905AGAHCF,,,10,,9,8.8,Passed,7.6,8.1,8.4
FA2023,FA2023-class 17,23,1905AGAHCG,,,0,,0,1,Attendance Fail,2.5,7.3,0
FA2023,FA2023-class 17,24,1905AGAGFC,,,6,,6.6,6.1,Passed,7.5,8.3,4.5
FA2023,FA2023-class 17,25,1905AGBDAI,,,6,,0,2.6,Not Passed,6.8,7.5,0
FA2023,FA2023-class 17,26,1905AGAHBJ,,,6,,9,7.8,Passed,6.5,8.2,8.2
FA2023,FA2023-class 17,27,1905AGAHED,,,6.5,,8.2,7.8,Passed,5,8.2,9.1
FA2023,FA2023-class 17,28,1905AGAGAI,,,7,,6.4,5.1,Passed,5,7.9,1.6
FA2023,FA2023-class 17,29,1905AGAHGI,,,6.5,,8.2,6,Passed,5.1,8,3
FA2023,FA2023-class 17,30,1905AHBCIF,,,1,,0,1.3,Attendance Fail,3,8.1,0
FA2023,FA2023-class 17,31,1905AGAGHG,,,6,,8.2,5.8,Passed,3.3,8.2,3.2
FA2023,FA2023-class 17,32,1905AGAGAF,,,6.5,,8.2,6.3,Passed,4.8,7.9,4.3
FA2023,FA2023-class 17,33,1905AGAGDC,,,7,,0,2.6,Not Passed,5.5,7,0
FA2023,FA2023-class 17,34,1905AGCFBJ,,,7,,7.8,6.1,Passed,6.2,8,3
FA2023,FA2023-class 17,35,1905AGAGBH,,,5,,8.6,6.7,Passed,5.9,7.5,6
FA2023,FA2023-class 18,1,1905AGAHII,,,1,,0,0.8,Attendance Fail,1,4.7,0
FA2023,FA2023-class 18,2,1905AGBJFF,,,8,,0,3.2,Not Passed,8.5,7.8,0
FA2023,FA2023-class 18,3,1905AGBIAF,,,7,,9.2,7.4,Passed,8.3,7.1,5.6
FA2023,FA2023-class 18,4,1905AGAHHH,,,7,,8,8.2,Passed,9.3,7.4,9.1
FA2023,FA2023-class 18,5,1905AGAIAF,,,8,,8.4,6.9,Passed,8.8,7.8,3.9
FA2023,FA2023-class 18,6,1905AGAIGJ,,,3,,4.6,5.6,Passed,5.5,6.5,8
FA2023,FA2023-class 18,7,1905AGAIIF,,,7,,5,5.2,Passed,8,7.2,2.6
FA2023,FA2023-class 18,8,1905AGAIEH,,,7,,4.6,4.3,Not Passed,8.3,6.6,0
FA2023,FA2023-class 18,9,1905AGACFA,,,8,,5.4,4.8,Not Passed,8.8,5.8,0.5
FA2023,FA2023-class 18,10,1905AGBJJD,,,5,,6.8,5.1,Passed,8.3,6.5,2
FA2023,FA2023-class 18,11,1905ACJFDG,,,1,,0,0.4,Attendance Fail,1,1,0
FA2023,FA2023-class 18,12,1905AGBJGI,,,8,,7,6.1,Passed,9.2,6,2.9
FA2023,FA2023-class 18,13,1905AGBJAE,,,7,,8.6,6.6,Passed,7.8,7.6,3.5
FA2023,FA2023-class 18,14,1905AGBHDA,,,8,,8,5.9,Passed,8.5,7,1
FA2023,FA2023-class 18,15,1919AHJHFH,,,1,,0,0.4,Attendance Fail,1,1,0
FA2023,FA2023-class 18,16,1905AGAHIH,,,8.5,,7.2,5.5,Not Passed,8.8,7.6,0
FA2023,FA2023-class 18,17,1905AGBJEG,,,7,,5.4,5.4,Passed,7.8,6.8,3
FA2023,FA2023-class 18,18,1905AGBGEC,,,1,,0,0.6,Attendance Fail,1,2.7,0
FA2023,FA2023-class 18,19,1905AGBJBD,,,7,,6.4,5.7,Passed,8.3,6.8,2.9
FA2023,FA2023-class 18,20,1905AGBJCI,,,7,,5.4,4.4,Not Passed,7.5,6.4,0
FA2023,FA2023-class 18,21,1905AGAHGF,,,8,,8.4,6.9,Passed,9.3,8,3.4
FA2023,FA2023-class 18,22,1905AGCCBE,,,7,,7.6,6.3,Passed,8,7,3.6
FA2023,FA2023-class 18,23,1905AGAIGF,,,7,,5.4,4.5,Not Passed,8.3,6.5,0
FA2023,FA2023-class 18,24,1905AGAIDA,,,5,,7.6,5.9,Passed,8,7.2,3.7
FA2023,FA2023-class 18,25,1905AGBGDF,,,7,,6,5.2,Passed,7.3,6.9,2
FA2023,FA2023-class 18,26,1905AHJBDI,,,8,,7.8,7.1,Passed,8,7.2,5.6
FA2023,FA2023-class 18,27,1905AHBFIB,,,8,,8,8,Passed,8.8,6.9,8.1
FA2023,FA2023-class 19,1,1905AGBAFI,,,7.5,,8.6,7.5,Passed,8.7,9.2,5.3
FA2023,FA2023-class 19,2,1905AGBAIG,,,8.5,,7.8,7.4,Passed,7,8.6,6.1
FA2023,FA2023-class 19,3,1905AGABFC,,,8.5,,0,3.1,Not Passed,7.3,6.8,0
FA2023,FA2023-class 19,4,1905AGBACA,,,7.5,,8,7.2,Passed,6.9,9.2,5.6
FA2023,FA2023-class 19,5,1905AGBAJF,,,7.5,,7.4,6.5,Passed,7,9.2,4
FA2023,FA2023-class 19,6,1905AGBAIF,,,8.5,,7,7.5,Passed,9,9,6.4
FA2023,FA2023-class 19,7,1905AGBJDF,,,9,,8.2,8.7,Passed,7.9,9.3,9
FA2023,FA2023-class 19,8,1905AGABAI,,,7.5,,7.4,7.5,Passed,8.2,6.3,7.6
FA2023,FA2023-class 19,9,1905AGBAGG,,,7.5,,6.2,6.4,Passed,8,8.4,4.5
FA2023,FA2023-class 19,10,1905AGBJIA,,,8.3,,8.4,7.9,Passed,8.6,8.8,6.6
FA2023,FA2023-class 19,11,1905AGBBEI,,,7.5,,6,5.7,Passed,7.6,7.2,3
FA2023,FA2023-class 19,12,1905AGBBAD,,,7,,7.4,6.9,Passed,8.8,8,5.2
FA2023,FA2023-class 19,13,1905AGBAEC,,,7.5,,7.6,6.7,Passed,5.6,6.8,5.6
FA2023,FA2023-class 19,14,1905AGBAGA,,,7.5,,6.8,6.2,Passed,8.5,7.5,3.6
FA2023,FA2023-class 19,15,1905AGBBAF,,,7,,7.8,6.4,Passed,7.3,8.4,3.6
FA2023,FA2023-class 19,16,1905AHBDHG,,,9,,8.4,9,Passed,8.3,9.4,9.6
FA2023,FA2023-class 19,17,1905AGBAAJ,,,7.5,,0,2.8,Not Passed,6.6,6.3,0
FA2023,FA2023-class 19,18,1905AGBACJ,,,7.5,,6.8,6.3,Passed,7.5,8.6,4
FA2023,FA2023-class 19,19,1905AGJECA,,,3.5,,7.8,5.8,Passed,6.4,6.8,4.8
FA2023,FA2023-class 19,20,1905AGAAGA,,,8.5,,7.8,6.5,Passed,8.4,7,3
FA2023,FA2023-class 19,21,1905AGBAEE,,,8.5,,7.4,6.7,Passed,8.8,8.6,3.5
FA2023,FA2023-class 19,22,1905AGCBGG,,,8.5,,5.6,6.1,Passed,8.3,6.4,4.3
FA2023,FA2023-class 19,23,1905AGBBHC,,,7.5,,7.8,6.5,Passed,7.1,7.6,4
FA2023,FA2023-class 19,24,1905AFADCA,,,7,,7.8,6.5,Passed,7.1,8.2,4.2
FA2023,FA2023-class 19,25,1905AGBBIJ,,,8.5,,7.4,6.2,Passed,8.6,6.8,2.4
FA2023,FA2023-class 19,26,1905AGBAFC,,,7,,8.2,6,Passed,7.4,5.9,2.6
FA2023,FA2023-class 19,27,1905AGBBAC,,,9,,9.2,9.1,Passed,9.5,9.8,8.8
FA2023,FA2023-class 19,28,1905AGBJIE,,,8.3,,8.8,7.7,Passed,8,9.1,5.5
FA2023,FA2023-class 19,29,1905AGBAAE,,,0,,0,0.9,Attendance Fail,6.7,1.8,0
FA2023,FA2023-class 19,30,1905AGABCA,,,7.5,,7.8,6.6,Passed,8.4,8.8,3.5
FA2023,FA2023-class 19,31,1905AGBBAB,,,7.5,,5.8,6,Passed,8.2,8.2,3.6
FA2023,FA2023-class 19,32,1905AGBAJD,,,9,,8.6,8.7,Passed,8.7,9.4,8.5
FA2023,FA2023-class 19,33,1905AFAFBE,,,2,,0,2.1,Attendance Fail,8.3,8.2,0
FA2023,FA2023-class 19,34,1905AGBAGF,,,7,,8.4,6.1,Passed,8.4,7.6,2
FA2023,FA2023-class 20,1,1905AHBCCI,,,5,,5.4,3.5,Not Passed,0.5,5.6,1
FA2023,FA2023-class 20,2,1905AGBDFD,,,4,,7.6,5.5,Passed,7.6,6.7,3.4
FA2023,FA2023-class 20,3,1905AHBDJD,,,7,,5.6,5,Passed,7.4,3,2.8
FA2023,FA2023-class 20,4,1905AHBCAA,,,5,,7.4,5.9,Passed,0.5,8,6
FA2023,FA2023-class 20,5,1905AGBIJI,,,0.5,,0,0.6,Attendance Fail,0.5,4.4,0
FA2023,FA2023-class 20,6,1905AGBCDI,,,4,,7.4,6.8,Passed,7.4,7.4,7.5
FA2023,FA2023-class 20,7,1905AHBCHA,,,7,,8.8,7.3,Passed,7.4,7,6.2
FA2023,FA2023-class 20,8,1905AGAEIA,,,0.5,,0,0.3,Not Passed,0.5,1,0
FA2023,FA2023-class 20,9,1905AGBDGA,,,5,,7.2,6.3,Passed,8,3.3,6.8
FA2023,FA2023-class 20,10,1905AHBCHB,,,5,,6,5.7,Passed,7.2,5,5.5
FA2023,FA2023-class 20,11,1905AGBDGB,,,5,,7.6,4.7,Not Passed,6.2,5,1
FA2023,FA2023-class 20,12,1905AGBBIG,,,4,,7.2,6.2,Passed,7,6.8,6.2
FA2023,FA2023-class 20,13,1905AGBDFF,,,3,,7.6,4.5,Not Passed,0.5,6.6,3
FA2023,FA2023-class 20,14,1905AHBDJJ,,,7,,6.4,5,Passed,7.6,4.6,1.5
FA2023,FA2023-class 20,15,1905AGBCDE,,,5,,6.6,5.4,Passed,4.8,7.8,3.8
FA2023,FA2023-class 20,16,1905AGBCEI,,,6,,8.8,7.3,Passed,9,8.4,5.6
FA2023,FA2023-class 20,17,1905AGJCIC,,,0.5,,0,0.4,Attendance Fail,0.5,2.8,0
FA2023,FA2023-class 20,18,1905AGBCDJ,,,5,,6.8,5.4,Passed,6.8,7.6,3.2
FA2023,FA2023-class 20,19,1905AGBCHH,,,4,,0,2.2,Not Passed,6.4,7.2,0
FA2023,FA2023-class 20,20,1905AHBBID,,,5,,6.8,4,Not Passed,0.5,6.4,1
FA2023,FA2023-class 20,21,1905AGBCHD,,,4,,5.4,5.3,Passed,6.6,6.8,5.1
FA2023,FA2023-class 20,22,1905AEAJCH,,,0.5,,0,0.5,Attendance Fail,0.5,3,0
FA2023,FA2023-class 20,23,1905AHBCCC,,,5,,8.6,5.1,Passed,0.5,7.6,2.5
FA2023,FA2023-class 20,24,1905AGBDCA,,,4,,7.2,5.3,Passed,7,7.5,2.8
FA2023,FA2023-class 20,25,1905AHBCJD,,,0.5,,5.8,2.8,Not Passed,0.5,5,1.4
FA2023,FA2023-class 20,26,1905AGBDFE,,,5,,0,1.4,Attendance Fail,0.5,3.4,0
FA2023,FA2023-class 20,27,1905AGBCEJ,,,5,,8.6,7.2,Passed,7.2,7.4,7.1
FA2023,FA2023-class 20,28,1905AGBCIB,,,6,,8.4,6.7,Passed,8,8.2,4.6
FA2023,FA2023-class 21,1,1905AGBDIA,,,6,,0,2.5,Not Passed,5.2,8,0
FA2023,FA2023-class 21,2,1905AHBCCF,,,7,,8.4,8.3,Passed,9.4,8.3,8.8
FA2023,FA2023-class 21,3,1905AGBFAF,,,8,,8.4,7.3,Passed,6.9,8.1,5.5
FA2023,FA2023-class 21,4,1905AGBFDE,,,7,,6.4,7.3,Passed,7.7,7.9,8
FA2023,FA2023-class 21,5,1905AGBEJH,,,6.5,,9.4,7.6,Passed,7.4,7.9,6.5
FA2023,FA2023-class 21,6,1905AGBFEA,,,8,,8,7.5,Passed,7.3,8.2,6.5
FA2023,FA2023-class 21,7,1905AHJABC,,,7,,8.8,7.2,Passed,9.1,8.3,4.7
FA2023,FA2023-class 21,8,1905AGBDHA,,,6,,6.8,6.3,Passed,6.2,7.9,5.4
FA2023,FA2023-class 21,9,1905AHCJHG,,,6.5,,8.6,7.3,Passed,5.2,8,7.1
FA2023,FA2023-class 21,10,1905AFJDBI,,,6.5,,0,4.8,Attendance Fail,8.1,5.5,7.2
FA2023,FA2023-class 21,11,1905AHBCAG,,,7,,7.4,6.9,Passed,6.4,6.2,6.7
FA2023,FA2023-class 21,12,1905AGBEHJ,,,7,,7.4,5.5,Passed,7.6,7.8,1.1
FA2023,FA2023-class 21,13,1905AGBEJD,,,6.5,,7.8,7.3,Passed,6.1,7.8,7.6
FA2023,FA2023-class 21,14,1905AGBFJD,,,6,,8,5.1,Passed,6.9,6,0.8
FA2023,FA2023-class 21,15,1905AHBJCI,,,0,,0,0.4,Attendance Fail,0,4,0
FA2023,FA2023-class 21,16,1905AGBEDD,,,7,,6,5.9,Passed,5.3,7.9,4.6
FA2023,FA2023-class 21,17,1905AGCBHG,,,7,,5.6,5.2,Passed,8.3,8.2,1.6
FA2023,FA2023-class 21,18,1905AGBEIG,,,8,,8.4,7.3,Passed,7.1,8.2,5.6
FA2023,FA2023-class 21,19,1905AGBEDC,,,7,,6.6,5.9,Passed,3.9,7.3,4.6
FA2023,FA2023-class 21,20,1905AGBEAE,,,7,,8.4,6.6,Passed,4.6,7.2,5.1
FA2023,FA2023-class 21,21,1905AGBFED,,,8,,8.6,7.6,Passed,7.1,8,6.5
FA2023,FA2023-class 21,22,1905AGBEIJ,,,8,,8.6,7.8,Passed,6.8,8,7.1
FA2023,FA2023-class 21,23,1905AGBEGJ,,,6,,8.4,6.4,Passed,6.1,7.2,4.4
FA2023,FA2023-class 21,24,1905AGBFAD,,,7,,9.2,8.1,Passed,6.9,8,8
FA2023,FA2023-class 21,25,1905AGBEJC,,,6.5,,9.6,7,Passed,6.7,7.3,4.6
FA2023,FA2023-class 21,26,1905AHJBBE,,,7,,9.4,7.9,Passed,8.6,8.4,6.7
FA2023,FA2023-class 21,27,1905AFJIAD,,,6.5,,7.2,5.6,Passed,5.4,7.3,2.8
FA2023,FA2023-class 21,28,1905AGJCAF,,,7,,7.4,6.2,Passed,5.6,6,4.6
FA2023,FA2023-class 21,29,1905AEJCAG,,,1,,0,1.2,Attendance Fail,3.5,6.2,0
FA2023,FA2023-class 21,30,1905AGCEDG,,,1,,0,1.3,Is Susspended,4,7,0
FA2023,FA2023-class 21,31,1905AGBEGE,,,6,,5.8,6.7,Passed,7.6,6.2,7.8
FA2023,FA2023-class 21,32,1905AGAEAH,,,6.5,,8.4,6.6,Passed,5.2,8.2,4.9
FA2023,FA2023-class 21,33,1905AGBFAJ,,,7,,8,7.2,Passed,6.7,7.3,6.8
FA2023,FA2023-class 21,34,1905AGBEAH,,,7,,6.4,6.1,Passed,7.5,8,4
FA2023,FA2023-class 21,35,1905AGJEFE,,,4.5,,0,2.3,Not Passed,6.6,7.8,0
FA2023,FA2023-class 22,1,1905AGBIJF,,,7.5,,8.2,5.9,Passed,7.5,8.4,1
FA2023,FA2023-class 22,2,1905AGBIAD,,,6,,7.4,6.4,Passed,7.8,8,4.7
FA2023,FA2023-class 22,3,1905AFJCDD,,,8,,5.8,5,Passed,7,6.4,1
FA2023,FA2023-class 22,4,1905AGAHBG,,,7.5,,7.6,6.2,Passed,8,6.6,3.2
FA2023,FA2023-class 22,5,1905AGBGGD,,,7,,7,6.1,Passed,8,7.9,3.3
FA2023,FA2023-class 22,6,1905AGBGCB,,,7,,5.8,5.3,Passed,7.3,8.1,2.1
FA2023,FA2023-class 22,7,1905AGBIBG,,,8,,9.2,7.7,Passed,8.3,7.2,6
FA2023,FA2023-class 22,8,1905AGBGIJ,,,8,,7.2,6.9,Passed,3.8,7,6.8
FA2023,FA2023-class 22,9,1905AGBGFJ,,,7,,7.4,7.1,Passed,7.5,7.9,6.3
FA2023,FA2023-class 22,10,1905AGCDHD,,,7.5,,7.8,6.5,Passed,9,8.4,3.2
FA2023,FA2023-class 22,11,1905AGJDFF,,,6,,0,2.4,Is Susspended,3.8,7.8,0
FA2023,FA2023-class 22,12,1919AGJCID,,,7.5,,7.2,6.1,Passed,7.8,8.3,2.9
FA2023,FA2023-class 22,13,1905AGCJFD,,,8,,5.6,5.5,Passed,8,8.4,2
FA2023,FA2023-class 22,14,1905AGBHDE,,,8,,8,7,Passed,7.5,8,4.9
FA2023,FA2023-class 22,15,1905AGBIBF,,,6,,7.4,6.5,Passed,9.3,7.6,4.6
FA2023,FA2023-class 22,16,1905AGBHHC,,,8,,9.2,8.9,Passed,8,8.6,9.6
FA2023,FA2023-class 22,17,1905AGBIJE,,,8.5,,8.2,8.3,Passed,7,8.1,8.6
FA2023,FA2023-class 22,18,1905AGBHHI,,,6,,9,6.2,Passed,7.8,8.2,2.5
FA2023,FA2023-class 22,19,1905AGBGAB,,,7,,0,2.2,Not Passed,3.8,3.9,0
FA2023,FA2023-class 22,20,1905AHCICB,,,6,,9,8.5,Passed,8.8,8.2,9.6
FA2023,FA2023-class 22,21,1905AGAAFI,,,6,,6.4,5.7,Passed,8.3,7.3,3.4
FA2023,FA2023-class 22,22,1905AGBEBH,,,7.5,,9,7.1,Passed,7.5,8.4,4.5
FA2023,FA2023-class 22,23,1905AGBHID,,,6,,5,5.6,Passed,6.8,5.4,5.5
FA2023,FA2023-class 22,24,1905AGACDB,,,6,,6,5.2,Passed,8.3,7.6,2
FA2023,FA2023-class 22,25,1905AGBGBE,,,6,,9.6,7.2,Passed,9,8.2,4.6
FA2023,FA2023-class 22,26,1905AGBHFE,,,9,,8.8,8.9,Passed,9,8.7,8.8
FA2023,FA2023-class 22,27,1905AGBGGG,,,7,,7.2,5.5,Passed,8.5,7.5,1
FA2023,FA2023-class 22,28,1905AHCIHJ,,,6,,8.6,5.2,Passed,4,6.6,1.1
FA2023,FA2023-class 22,29,1905AGBIAC,,,6,,6.6,6.2,Passed,8.3,8,4.8
FA2023,FA2023-class 22,30,1905AGBHCI,,,8,,7,6.4,Passed,9,7.6,3.5
FA2023,FA2023-class 22,31,1905AGBFHI,,,6,,5,6.3,Passed,8,8.2,6.6
FA2023,FA2023-class 22,32,1905AGBGFC,,,7,,8.8,5.6,Passed,7,4,1.5
FA2023,FA2023-class 22,33,1905AFAIBD,,,0,,0,0,Attendance Fail,0,0,0
FA2023,FA2023-class 22,34,1905AGCEGC,,,7.5,,9,7.1,Passed,8.8,8.3,4
FA2023,FA2023-class 23,1,1905AGCJCH,,,8.5,,7,6.4,Passed,8.9,6.2,3.5
FA2023,FA2023-class 23,2,1905AGCAJG,,,8,,6.8,6.1,Passed,9.6,7,2.5
FA2023,FA2023-class 23,3,1905AGCJIE,,,8,,8.2,7.2,Passed,8.2,8.4,5
FA2023,FA2023-class 23,4,1905AGCJFI,,,7,,7.6,6.2,Passed,8.7,8.6,2.6
FA2023,FA2023-class 23,5,1905AGCAJD,,,8,,6.8,6.3,Passed,9.5,7.8,3
FA2023,FA2023-class 23,6,1905AGCJJG,,,9.3,,8.2,8,Passed,7.5,9,6.8
FA2023,FA2023-class 23,7,1905AGCJCC,,,8.5,,7.6,6.9,Passed,8.3,7.4,4.5
FA2023,FA2023-class 23,8,1905AGCJFJ,,,8.8,,8.4,6.8,Passed,8.3,7.4,3
FA2023,FA2023-class 23,9,1905AGCABB,,,8,,8.6,6.1,Passed,8.5,7.4,1
FA2023,FA2023-class 23,10,1905AGAGED,,,7.3,,7.4,6.5,Passed,9,7.6,4
FA2023,FA2023-class 23,11,1905AGCJIJ,,,8.3,,6,6.9,Passed,8.4,8.4,6
FA2023,FA2023-class 23,12,1905AGCJDF,,,7,,7.8,7.6,Passed,9,8.8,7
FA2023,FA2023-class 23,13,1905AGCJDJ,,,8.8,,8.4,8.6,Passed,9.3,8,8.7
FA2023,FA2023-class 23,14,1905AGCJHI,,,8.3,,8.2,7.1,Passed,7.4,7.2,5.1
FA2023,FA2023-class 23,15,1905AGCJGI,,,8.8,,8,7.3,Passed,8.4,7.6,5
FA2023,FA2023-class 23,16,1905AGCJBA,,,8.5,,6.6,6.8,Passed,9.2,8.5,4.5
FA2023,FA2023-class 23,17,1905AHBEEA,,,0,,0,0,Attendance Fail,0,0,0
FA2023,FA2023-class 23,18,1905AHDJCH,,,8.5,,7.6,7.2,Passed,8.8,9,4.8
FA2023,FA2023-class 23,19,1905AGBIHD,,,8.5,,9,8,Passed,7.8,7.4,7
FA2023,FA2023-class 23,20,1905AGBIDA,,,7,,7,6.6,Passed,9.1,8.2,4.6
FA2023,FA2023-class 23,21,1905AGCJBH,,,8.3,,9.8,6.5,Passed,8.7,7.4,1
FA2023,FA2023-class 23,22,1905AHJDCB,,,8.8,,9.2,8.4,Passed,9.6,8.6,7
FA2023,FA2023-class 23,23,1905AGCCAC,,,8.5,,8.6,7.5,Passed,8,7.5,5.5
FA2023,FA2023-class 23,24,1905AGBIEA,,,1,,5.8,3.3,Not Passed,7.3,5.8,0
FA2023,FA2023-class 23,25,1905AGAFAC,,,7.3,,5.6,5.1,Passed,7.8,7.2,1.4
FA2023,FA2023-class 23,26,1905AGCJAF,,,7,,9.4,6.4,Passed,9.3,7.4,1.6
FA2023,FA2023-class 23,27,1905AGCJFG,,,7,,0,3,Attendance Fail,8.3,7.2,0
FA2023,FA2023-class 23,28,1905AHCCBG,,,8.5,,6.6,6.4,Passed,7.5,8,4
FA2023,FA2023-class 23,29,1905AGAGCH,,,0,,0,0,Attendance Fail,0,0,0
FA2023,FA2023-class 23,30,1905AGCJAE,,,9.3,,7.6,7.9,Passed,8.6,8.8,6.8
FA2023,FA2023-class 23,31,1905AGCJAA,,,9.3,,8.4,8.5,Passed,8.7,9,7.8
FA2023,FA2023-class 23,32,1905AFAJAI,,,0,,0,0.3,Attendance Fail,3.2,0,0
FA2023,FA2023-class 23,33,1905AGCAJA,,,8,,6.8,6.4,Passed,8.3,8,3.6
FA2023,FA2023-class 24,1,1905AHCHEE,,,7.8,,0,5.3,Attendance Fail,8.8,7.8,7
FA2023,FA2023-class 24,2,1905AGCBJG,,,7.8,,6.4,5.8,Passed,9.3,7.8,2
FA2023,FA2023-class 24,3,1905AGCACF,,,7.8,,0,4.7,Attendance Fail,9.6,7.8,4.6
FA2023,FA2023-class 24,4,1905AGBFBG,,,6,,8,5.7,Passed,9.3,6,2
FA2023,FA2023-class 24,5,1905AGCAID,,,9,,9,8.3,Passed,9.4,9,6.6
FA2023,FA2023-class 24,6,1905AGCBBH,,,7.6,,7.8,6.1,Passed,8.4,7.6,2
FA2023,FA2023-class 24,7,1905AGCAGI,,,7.5,,8,7.3,Passed,9.1,7.5,5.8
FA2023,FA2023-class 24,8,1905AGCAEB,,,7.5,,6.6,6.5,Passed,8.6,7.5,4.6
FA2023,FA2023-class 24,9,1905AGCBGE,,,0,,0,0.9,Not Passed,8.9,0,0
FA2023,FA2023-class 24,10,1905AGCFCB,,,5.7,,7.8,6.1,Passed,8.3,5.7,4
FA2023,FA2023-class 24,11,1905AGCABJ,,,3.9,,8.6,4.9,Not Passed,8.3,3.9,1
FA2023,FA2023-class 24,12,1905AGCAFI,,,10,,8.4,8.3,Passed,9.5,10,6
FA2023,FA2023-class 24,13,1905AGCAIJ,,,10,,9.4,9.2,Passed,9.3,10,8.2
FA2023,FA2023-class 24,14,1905AGCAEE,,,8.7,,7,8.1,Passed,9.6,8.7,8
FA2023,FA2023-class 24,15,1905AGCAAJ,,,3.9,,8.2,4.9,Not Passed,8.5,3.9,1.5
FA2023,FA2023-class 24,16,1905AHAHBD,,,8.5,,6.4,6.8,Passed,9.1,8.5,4.6
FA2023,FA2023-class 24,17,1905AGCBFI,,,6.9,,5.6,5.4,Passed,9,6.9,2.4
FA2023,FA2023-class 24,18,1905AGCBBD,,,9.3,,9.2,9.2,Passed,9,9.3,9
FA2023,FA2023-class 24,19,1905AGCAGC,,,8.1,,5,6.9,Passed,8.8,8.1,7.1
FA2023,FA2023-class 24,20,1905AGCBBJ,,,4.8,,3.8,3.5,Not Passed,9.2,4.8,0
FA2023,FA2023-class 24,21,1905AGBCCB,,,10,,7.8,8.8,Passed,9,10,8.6
FA2023,FA2023-class 24,22,1905AGCBHC,,,8.4,,7.6,7.3,Passed,9.8,8.4,5.2
FA2023,FA2023-class 24,23,1905AGCAGE,,,8.5,,9,8.8,Passed,9.5,8.5,8.5
FA2023,FA2023-class 24,24,1905AGCAFD,,,8.5,,6.4,6.4,Passed,8.2,8.5,3.8
FA2023,FA2023-class 24,25,1905AGCADA,,,7.2,,7.4,6.3,Passed,8.3,7.2,3.6
FA2023,FA2023-class 24,26,1905AGCADB,,,5.8,,6.6,5.4,Passed,9.2,5.8,2.6
FA2023,FA2023-class 24,27,1905AHAEHJ,,,9.9,,8.2,7,Passed,9,9.9,2.2
FA2023,FA2023-class 24,28,1905AGCBAE,,,6.3,,6.4,5.2,Passed,8.1,6.3,1.9
FA2023,FA2023-class 24,29,1905AGCAGA,,,9.3,,7.8,8.6,Passed,9.5,9.3,8.4
FA2023,FA2023-class 24,30,1905AGJJDD,,,1.9,,8.4,6,Passed,7.9,1.9,7
FA2023,FA2023-class 24,31,1905AGCBHD,,,10,,7.2,6.9,Passed,9.4,10,2.7
FA2023,FA2023-class 24,32,1905AGCAIA,,,8.5,,8.6,6.9,Passed,8.2,8.5,3.2
FA2023,FA2023-class 24,33,1905AGCAEI,,,3.9,,7.8,4.7,Not Passed,8.8,3.9,1
FA2023,FA2023-class 24,34,1905AGCABE,,,9.3,,8.6,7.2,Passed,9,9.3,3.2
FA2023,FA2023-class 24,35,1905AGCBBC,,,9.3,,7,6.6,Passed,9.3,9.3,2.6
FA2023,FA2023-class 24,36,1905AGJDCD,,,1,,9,6.1,Passed,8.3,1,7.5
FA2023,FA2023-class 25,1,1905AGBBEG,,,9,,7.4,6.9,Passed,9.2,8.9,3.6
FA2023,FA2023-class 25,2,0805AHJIJE,,,8,,7.6,7,Passed,7.8,8.3,5
FA2023,FA2023-class 25,3,1905AGCDAB,,,8,,7,6.4,Passed,7.9,8.1,3.8
FA2023,FA2023-class 25,4,1905AGJEGA,,,9,,9.4,8.8,Passed,9.7,9.2,7.6
FA2023,FA2023-class 25,5,1905AGBACF,,,7.5,,7.8,7.7,Passed,6,6.7,8.5
FA2023,FA2023-class 25,6,1905AGCDDD,,,8,,0,3.8,Not Passed,8.9,8.6,1.5
FA2023,FA2023-class 25,7,1905AHDIJE,,,10,,8.8,8.1,Passed,8.6,9.2,5.5
FA2023,FA2023-class 25,8,1905AGCCDG,,,0,,0,0,Attendance Fail,0,0,0
FA2023,FA2023-class 25,9,1905AGABBI,,,9.5,,9.4,8.6,Passed,9.5,9.6,6.6
FA2023,FA2023-class 25,10,1905AGCBIC,,,9,,7.2,6.8,Passed,9,9,3.6
FA2023,FA2023-class 25,11,1905AHBFFA,,,9,,8,7.4,Passed,9.2,9.3,4.5
FA2023,FA2023-class 25,12,1905AGADGD,,,8,,6.2,5.6,Passed,7.9,7.3,2
FA2023,FA2023-class 25,13,1905AGCCGD,,,9,,4.8,5.5,Passed,8.5,8.8,1.8
FA2023,FA2023-class 25,14,1905AGABIC,,,8,,8.2,7,Passed,6.9,7.2,5.1
FA2023,FA2023-class 25,15,1905AGCDBJ,,,7.5,,7,5.4,Passed,7.7,8.2,0.8
FA2023,FA2023-class 25,16,1905AGCDEA,,,8,,8.6,8.3,Passed,9,9.1,7.7
FA2023,FA2023-class 25,17,1905AGCCBJ,,,8.5,,0,3.2,Not Passed,7.8,7.4,0
FA2023,FA2023-class 25,18,1905AGCDEB,,,10,,8.4,8.1,Passed,9.4,9.4,5.8
FA2023,FA2023-class 25,19,1905AHBFJI,,,9,,7,7.3,Passed,8.9,9,5.4
FA2023,FA2023-class 25,20,1905AGCDBC,,,10,,9.2,8.2,Passed,9.2,9.2,5.2
FA2023,FA2023-class 25,21,1905AHJDJD,,,7.5,,8.6,6,Passed,8.3,8.3,1
FA2023,FA2023-class 25,22,1905AGCCEA,,,9,,5.2,5.6,Passed,8.7,8.9,1.6
FA2023,FA2023-class 25,23,1905AGCDJC,,,9,,6.8,7.6,Passed,7.4,8.5,7.4
FA2023,FA2023-class 25,24,1905AGJAGE,,,10,,9,8.4,Passed,9.5,9.6,6
FA2023,FA2023-class 25,25,1705AHJJIB,,,9,,8.4,8.6,Passed,9.5,9.4,7.8
FA2023,FA2023-class 25,26,1905AGAHIJ,,,8.5,,7.8,8.2,Passed,8.2,9,8
FA2023,FA2023-class 25,27,1905AGAHHF,,,8,,8.4,8.3,Passed,9,9.2,8
FA2023,FA2023-class 25,28,1905AGCCIH,,,8,,6.8,5.9,Passed,8.4,9.1,1.6
FA2023,FA2023-class 25,29,1905AHBCGH,,,9,,7.8,7.7,Passed,9,9.2,5.7
FA2023,FA2023-class 25,30,1905AGCCDE,,,9,,5.6,6,Passed,8.8,9,2.5
FA2023,FA2023-class 25,31,1905AGCCHG,,,10,,7.8,7.6,Passed,9.2,9.4,4.6
FA2023,FA2023-class 25,32,1905AGCCID,,,10,,7.4,7.4,Passed,9.4,9.5,4.3
FA2023,FA2023-class 25,33,1905AGCCAH,,,9,,5.8,4.9,Not Passed,5.3,7.9,0
FA2023,FA2023-class 25,34,1905AGCDAA,,,10,,7.8,7.6,Passed,8,8.9,5.3
FA2023,FA2023-class 26,1,1905AGCEBF,,,5,,6.4,5.3,Passed,7.6,7.4,3
FA2023,FA2023-class 26,2,1905AGCEDE,,,5,,5.2,5,Passed,7.6,4.6,4
FA2023,FA2023-class 26,3,1905AGCEGB,,,3,,7.2,5.7,Passed,6.6,6,5.5
FA2023,FA2023-class 26,4,1905AGCEFG,,,6,,9.4,7.1,Passed,7.2,6.5,5.6
FA2023,FA2023-class 26,5,1905AHEAAH,,,6,,7.6,7.2,Passed,8.6,7.8,6.8
FA2023,FA2023-class 26,6,1905AGCFJD,,,0,,0,0.1,Not Passed,0,1.2,0
FA2023,FA2023-class 26,7,1905AGCEBD,,,5,,7.4,5.1,Passed,7.6,7.8,1
FA2023,FA2023-class 26,8,1905AGCEJA,,,6,,8,8.1,Passed,6.8,8.2,10
FA2023,FA2023-class 26,9,1905AHBDJG,,,7,,9,8.4,Passed,7.8,8,9
FA2023,FA2023-class 26,10,1905AHJDFE,,,7,,7.8,5.7,Passed,0.5,7.8,3.6
FA2023,FA2023-class 26,11,1905AGCDAI,,,5,,7.4,6.1,Passed,8.2,6.9,4.7
FA2023,FA2023-class 26,12,1905AGCDBA,,,3,,8,5.1,Passed,7,6.4,2.4
FA2023,FA2023-class 26,13,1905AGCEJI,,,3,,8.4,6.4,Passed,9,6.8,5.5
FA2023,FA2023-class 26,14,1905AHAEJI,,,7,,8.4,8.5,Passed,8.8,8.6,9.6
FA2023,FA2023-class 26,15,1905AHBDBJ,,,7,,9.2,8.6,Passed,9,8,9
FA2023,FA2023-class 26,16,1905AGCEGJ,,,5,,8.6,6,Passed,1.8,7.5,5
FA2023,FA2023-class 26,17,1905AGCEDF,,,6,,8.4,7.2,Passed,8,7.6,6.4
FA2023,FA2023-class 26,18,1905AGCEAE,,,3,,8.8,6.3,Passed,8.4,3.9,6
FA2023,FA2023-class 26,19,1905AGBECA,,,6,,9.8,8.1,Passed,8.8,3.8,9
FA2023,FA2023-class 26,20,1905AHJEDB,,,6,,9.8,8.3,Passed,9,8.2,8
FA2023,FA2023-class 26,21,1905AGCEEG,,,6,,8.4,6.3,Passed,7.6,5.8,4
FA2023,FA2023-class 26,22,1905AGCEAD,,,3,,7.6,7,Passed,8,6.3,8.8
FA2023,FA2023-class 26,23,1905AGCEFE,,,5,,7.8,5.7,Passed,7,7.1,3
FA2023,FA2023-class 26,24,1905AGCDCG,,,0,,4.4,2.1,Not Passed,0,1.6,2
FA2023,FA2023-class 26,25,1905AGCEFC,,,5,,8.4,7.3,Passed,8.4,8,7
FA2023,FA2023-class 26,26,1905AGCEAI,,,3,,8,5.4,Passed,6,7.8,3.5
FA2023,FA2023-class 26,27,1905AGCEAG,,,3,,7,6.3,Passed,7.2,5.2,8
FA2023,FA2023-class 26,28,1905AGCEFF,,,5,,7.6,5.9,Passed,7.4,7.2,3.8
FA2023,FA2023-class 26,29,1905AGCEBC,,,3,,7.2,5.4,Passed,7,7.4,4.1
FA2023,FA2023-class 26,30,1905AGBFEI,,,6,,7.8,5.2,Passed,6.6,4.2,1.8
FA2023,FA2023-class 26,31,1905AGCDBF,,,3,,5.6,4.4,Not Passed,5.8,6,3
FA2023,FA2023-class 26,32,1905AGCDBH,,,3,,7.6,5.5,Passed,6,6.4,4.6
FA2023,FA2023-class 26,33,1905AGCEFB,,,6,,7.8,6.3,Passed,6.4,5.6,5.3
FA2023,FA2023-class 27,1,1905AFJCBA,,,7,,9.2,5.7,Passed,8.3,6.3,0.2
FA2023,FA2023-class 27,2,1905AGCFCG,,,6,,7.6,6.7,Passed,7.5,8,5.5
FA2023,FA2023-class 27,3,1905AHCCGG,,,6,,8.2,7.9,Passed,7.5,7.8,9
FA2023,FA2023-class 27,4,1905AGCFBA,,,6,,6.6,5,Passed,7.5,5.9,1.6
FA2023,FA2023-class 27,5,1905AGCFGE,,,6,,7.4,6.7,Passed,8.5,7.2,5.7
FA2023,FA2023-class 27,6,1905AGCFFG,,,8,,8.6,6.7,Passed,7.8,8.2,3
FA2023,FA2023-class 27,7,1905AGJDCG,,,7,,7,6,Passed,8,5.7,3.6
FA2023,FA2023-class 27,8,1905AGCFDA,,,0.5,,0,1.7,Not Passed,7.8,5.6,1
FA2023,FA2023-class 27,9,1905AGJECH,,,8,,5.2,6.5,Passed,8.8,8,5.4
FA2023,FA2023-class 27,10,1905AGBCCF,,,6,,7.4,5.3,Passed,3.8,5,3.5
FA2023,FA2023-class 27,11,1905AHCCIA,,,6,,7.4,7.1,Passed,6.8,5.6,8
FA2023,FA2023-class 27,12,1905AGAJDA,,,0,,0,0,Attendance Fail,0,0,0
FA2023,FA2023-class 27,13,1905AGCFBG,,,6,,8,6,Passed,7,8,3
FA2023,FA2023-class 27,14,1905AGJJHF,,,8,,7.4,7.1,Passed,9,8.4,5
FA2023,FA2023-class 27,15,1905AFAFCA,,,6,,0,2.3,Not Passed,4.5,6.6,0
FA2023,FA2023-class 27,16,1905AGACFE,,,0,,0,0.1,Attendance Fail,0,1,0
FA2023,FA2023-class 27,17,1905AGJDFE,,,7,,6,5.1,Passed,7.3,6.2,2
FA2023,FA2023-class 27,18,1905AGBDEI,,,6,,7.2,5.1,Passed,6,5.4,2
FA2023,FA2023-class 27,19,1905AGCFFB,,,8,,6,5.5,Passed,6.5,6.3,2.6
FA2023,FA2023-class 27,20,1905AGCFAB,,,9,,9.4,8.7,Passed,7.8,8.6,8.1
FA2023,FA2023-class 27,21,1901AGJJHJ,,,0,,0,0,Attendance Fail,0,0,0
FA2023,FA2023-class 27,22,1705AGJBDD,,,7,,7.6,6.2,Passed,7.8,7.3,3.4
FA2023,FA2023-class 27,23,1905AGCFFD,,,9,,8.2,7.7,Passed,9,8.5,5.6
FA2023,FA2023-class 27,24,1905AGABFB,,,8,,9,7.2,Passed,6.8,7,5
FA2023,FA2023-class 27,25,1905AHCCHH,,,6,,7.8,5.3,Passed,6.8,8.2,1
FA2023,FA2023-class 27,26,1905AGCAJF,,,6,,6.8,5.3,Passed,7.5,7.9,1.7
FA2023,FA2023-class 27,27,1905AGCFHD,,,6,,8,6.6,Passed,8.3,8,4.6
FA2023,FA2023-class 27,28,1905AGJEDH,,,8,,8.8,8.3,Passed,8.5,7.7,8
FA2023,FA2023-class 27,29,1905AGCJAI,,,6,,8,5.4,Passed,4.3,6.1,2.6
FA2023,FA2023-class 27,30,1905AHBJHE,,,6,,6.6,4.6,Not Passed,3.8,5.9,1.6
FA2023,FA2023-class 27,31,1905AGBHBE,,,6,,0,2.1,Attendance Fail,3,6.3,0
FA2023,FA2023-class 27,32,1905AHBCBE,,,6,,5.4,4.8,Not Passed,7.3,6.5,2
FA2023,FA2023-class 27,33,1905AGCFCE,,,6,,8.2,6.7,Passed,7,8,5
FA2023,FA2023-class 27,34,1905AFAGDD,,,6,,6.2,6.5,Passed,7.3,7.1,6.6
FA2023,FA2023-class 28,1,1905ADAAHA,,,4,,5.4,4.4,Not Passed,8.2,5.7,2.1
FA2023,FA2023-class 28,2,1905AHDEBE,,,5,,8.2,5.7,Passed,7.2,6.6,3
FA2023,FA2023-class 28,3,1905AHJCGG,,,7,,6.8,7.1,Passed,6.8,6.2,7.9
FA2023,FA2023-class 28,4,1905AHAEDG,,,5,,8.2,5.3,Passed,7.6,6.4,1.4
FA2023,FA2023-class 28,5,1905AHJDEH,,,7,,8.4,8.1,Passed,8.4,5.9,9.1
FA2023,FA2023-class 28,6,1905AGJJIE,,,4,,9.8,8.2,Passed,8.6,6.4,10
FA2023,FA2023-class 28,7,1905AHJCGA,,,6.5,,7.6,6.9,Passed,6.4,6.6,6.8
FA2023,FA2023-class 28,8,1905AHDEDC,,,5,,8.8,7,Passed,7.8,6,6.6
FA2023,FA2023-class 28,9,1905AGBDHF,,,0.5,,0,2,Not Passed,7,5.6,2
FA2023,FA2023-class 28,10,1905AHJECF,,,5.5,,7.6,6,Passed,7.2,5,4.6
FA2023,FA2023-class 28,11,1905AHJEJD,,,7,,8,6.5,Passed,7.2,6.2,4.6
FA2023,FA2023-class 28,12,1905AHJDCD,,,7,,8,5.6,Passed,7.6,7.2,1
FA2023,FA2023-class 28,13,1905AHJEHF,,,5.5,,9.4,7.6,Passed,8.2,5.2,7.9
FA2023,FA2023-class 28,14,1905AHCDBG,,,5,,9,7.4,Passed,7.4,6.9,7.6
FA2023,FA2023-class 28,15,1905AHJDCA,,,6,,6.4,5.9,Passed,7,4.6,5.5
FA2023,FA2023-class 28,16,1905AHJECB,,,5.5,,7.8,6.6,Passed,8,5.4,6
FA2023,FA2023-class 28,17,1905AHJGDJ,,,5.5,,8,7.9,Passed,7.8,7.2,9.6
FA2023,FA2023-class 28,18,1905AHBFBH,,,5,,7.8,5.2,Passed,6.8,5.4,2.2
FA2023,FA2023-class 28,19,1905AHJEBE,,,5,,6.4,6.7,Passed,7.6,7.5,7.5
FA2023,FA2023-class 28,20,1905AHBIEB,,,6.5,,5.8,4.3,Not Passed,6.4,6.4,0
FA2023,FA2023-class 28,21,1905AHDFCJ,,,6.5,,6.8,6.6,Passed,7.2,6.9,6.1
FA2023,FA2023-class 28,22,1905AHJBCF,,,6.5,,8.4,7.3,Passed,7.8,4.8,7.5
FA2023,FA2023-class 28,23,1905AHJEGC,,,6,,6.8,6.5,Passed,7.6,2.8,7.3
FA2023,FA2023-class 28,24,1905AHCAHA,,,6.5,,8,5.6,Passed,7.2,8,1.1
FA2023,FA2023-class 28,25,1905AHJCIH,,,0.5,,5.4,3.3,Not Passed,6.6,5.8,1
FA2023,FA2023-class 28,26,1905AGCGAB,,,5,,8.6,6.9,Passed,8.4,8.2,5.5
FA2023,FA2023-class 28,27,1905AHJDBF,,,6,,8.6,8.3,Passed,7.8,8.4,9.5
FA2023,FA2023-class 28,28,1905AHJCHH,,,0,,0,0,Attendance Fail,0,0,0
FA2023,FA2023-class 28,29,1905AHJBGG,,,4,,4.6,5,Passed,8.2,6.4,4.6
FA2023,FA2023-class 28,30,1905AGAEHE,,,5,,8.6,6.8,Passed,7.4,6.6,6.2
FA2023,FA2023-class 28,31,1905AHJDFG,,,6.5,,5.6,5.7,Passed,7.2,5.8,4.7
FA2023,FA2023-class 28,32,1905AEJDFE,,,4,,7.8,5.2,Passed,7.6,3.8,3
FA2023,FA2023-class 28,33,1905AHJCDA,,,6.5,,6.8,5,Passed,7.6,3,2
FA2023,FA2023-class 28,34,1905AHJDFC,,,6.5,,9.6,8.3,Passed,8.6,7.7,8.3
FA2023,FA2023-class 28,35,1905AHJCJE,,,0.5,,8.2,5.3,Passed,6.4,3,5.9
FA2023,FA2023-class 29,1,1905AHBJCJ,,,7.5,,8.6,7.8,Passed,9.7,8,6.6
FA2023,FA2023-class 29,2,1905AHAEJB,,,7,,6.8,6.3,Passed,9.5,7,4
FA2023,FA2023-class 29,3,1905AEACFI,,,9,,5.6,5.5,Passed,5,7.1,2.6
FA2023,FA2023-class 29,4,1905AGJAHA,,,8.5,,7.4,6.3,Passed,9.6,6.4,2.6
FA2023,FA2023-class 29,5,1905AFJFAF,,,9,,7.4,5.9,Passed,5.4,7.2,2
FA2023,FA2023-class 29,6,1905AHAEBE,,,7.5,,9,8.3,Passed,9.7,8,7.7
FA2023,FA2023-class 29,7,1905AHAGEI,,,8,,6.8,5.7,Passed,9.6,7.7,1
FA2023,FA2023-class 29,8,1905AHAEDD,,,7.5,,9.2,8.7,Passed,9.5,7.8,9.1
FA2023,FA2023-class 29,9,1905AHBJIC,,,0,,0,0.6,Attendance Fail,3.4,2.6,0
FA2023,FA2023-class 29,10,1905AHAEFB,,,8,,8.6,7.8,Passed,9.2,8,6.2
FA2023,FA2023-class 29,11,1905AGAEGG,,,8.5,,6.8,6.4,Passed,7.3,7.5,4
FA2023,FA2023-class 29,12,1905AHBJIH,,,8,,7.2,6.8,Passed,9.5,8,4.2
FA2023,FA2023-class 29,13,1905AHAEAA,,,8,,6.4,7.2,Passed,9.6,8.1,6.5
FA2023,FA2023-class 29,14,1905AHAEHI,,,7,,7.6,5.7,Passed,4.5,7.1,3
FA2023,FA2023-class 29,15,1905AHAEBB,,,8,,7.4,7.1,Passed,9.6,8,5.2
FA2023,FA2023-class 29,16,1905AHAGFH,,,8,,5.2,6.4,Passed,9.3,7.5,5.2
FA2023,FA2023-class 29,17,1905AHAEAD,,,8,,8.8,8,Passed,9.4,8,6.6
FA2023,FA2023-class 29,18,1905AEAJAJ,,,0,,0,0.1,Attendance Fail,0,1.3,0
FA2023,FA2023-class 29,19,1905AFJDBG,,,7,,0,2.4,Not Passed,4.6,5.3,0
FA2023,FA2023-class 29,20,1905AHAGCC,,,7.5,,6,5.9,Passed,9.6,7.9,2.8
FA2023,FA2023-class 29,21,1905AHJFFJ,,,8,,7.6,7,Passed,9.6,8.1,4.5
FA2023,FA2023-class 29,22,1905AHAHFH,,,7,,8.2,7.3,Passed,8.9,7,6.1
FA2023,FA2023-class 29,23,1905AHAIFJ,,,7,,0,4.3,Not Passed,9.5,7.7,4
FA2023,FA2023-class 29,24,1905AHAEBF,,,7.5,,9.4,8.5,Passed,9.6,7.8,8.1
FA2023,FA2023-class 29,25,1905AGBDCD,,,8.5,,6.6,6.4,Passed,9.1,8,3.5
FA2023,FA2023-class 29,26,1905AHAEDC,,,9,,7.4,7.4,Passed,7.5,7.4,6.2
FA2023,FA2023-class 29,27,1905AHBABI,,,7,,8,7.2,Passed,8.3,7,6.2
FA2023,FA2023-class 29,28,1905AHAFHF,,,0,,0,0,Attendance Fail,0,0,0
FA2023,FA2023-class 30,1,1905AHBDDI,,,7.5,,7.8,7.3,Passed,5.4,7.3,7.4
FA2023,FA2023-class 30,2,1905AHBDFH,,,4,,7,6.3,Passed,5.4,7,7.3
FA2023,FA2023-class 30,3,1905AHBEHI,,,8.5,,7.6,7.1,Passed,6.4,6.4,6.3
FA2023,FA2023-class 30,4,1905AHBEFJ,,,5.5,,7.4,5.1,Passed,5.2,6.5,2.1
FA2023,FA2023-class 30,5,1905AHBDBG,,,7.5,,8.2,7.1,Passed,5.8,7.9,5.8
FA2023,FA2023-class 30,6,1905AHBGAD,,,6.5,,7.8,7.3,Passed,5.4,8.3,7.5
FA2023,FA2023-class 30,7,1905AHBDGG,,,7,,9,8.1,Passed,6.3,6.1,9.2
FA2023,FA2023-class 30,8,1905AHBHCB,,,6.5,,3.2,3.3,Not Passed,4.6,6,0
FA2023,FA2023-class 30,9,1905AEJGFJ,,,4,,6.2,5.4,Passed,5.2,6.8,5
FA2023,FA2023-class 30,10,1905AHBDDA,,,8,,8.2,6,Passed,6,8.6,1.6
FA2023,FA2023-class 30,11,1905AHBCID,,,6,,9.4,8.1,Passed,6.3,8.7,8.6
FA2023,FA2023-class 30,12,1905AGBHCG,,,8,,8.8,5.8,Passed,6.1,5.8,1.1
FA2023,FA2023-class 30,13,1905AHBEEC,,,4,,7.2,5.3,Passed,5.8,7.5,3.5
FA2023,FA2023-class 30,14,1905AHBEIH,,,6.5,,8.2,6,Passed,6.4,7.5,3
FA2023,FA2023-class 30,15,1905AHBDEE,,,4,,6.4,5.2,Passed,4.9,5.8,4.8
FA2023,FA2023-class 30,16,1905AHBECJ,,,6.5,,6.6,4.6,Not Passed,5.1,8.5,0
FA2023,FA2023-class 30,17,1905AHBCFF,,,8,,8,7.1,Passed,6.6,8.3,5.5
FA2023,FA2023-class 30,18,1905AHBDED,,,6,,9,6.6,Passed,5.6,7.3,4.7
FA2023,FA2023-class 30,19,1905AHBDGI,,,7,,6.8,4.6,Not Passed,4.5,5.5,0.4
FA2023,FA2023-class 30,20,1905AHBDIA,,,7.5,,7.8,5.2,Passed,5.3,5.5,1
FA2023,FA2023-class 30,21,1905AHBCAE,,,5.5,,8,7,Passed,5.7,8.5,6.8
FA2023,FA2023-class 30,22,1905AHBDHJ,,,7,,7.6,6.9,Passed,6.6,7.9,6
FA2023,FA2023-class 30,23,1905AHBECI,,,8.5,,5.8,5.7,Passed,4.3,5.5,4.2
FA2023,FA2023-class 30,24,1905AHCICF,,,6,,8.4,7.3,Passed,6.4,8.6,6.9
FA2023,FA2023-class 30,25,1905AHBEIE,,,9,,8.6,8.4,Passed,5.9,8.4,8.6
FA2023,FA2023-class 30,26,1905AGJCAB,,,8,,8.4,7.5,Passed,5.1,7.4,7.2
FA2023,FA2023-class 30,27,1905AHBFJG,,,6.5,,6.4,6.7,Passed,7.4,7.3,6.8
FA2023,FA2023-class 30,28,1905AHBDGJ,,,7.5,,5.8,6.5,Passed,6.3,8.3,6.1
FA2023,FA2023-class 30,29,1905AHBDJH,,,8,,6.6,4.8,Not Passed,3.9,5.3,1
FA2023,FA2023-class 30,30,1905AHBDGF,,,4,,6.8,6,Passed,5.3,8,6
FA2023,FA2023-class 30,31,1905AHBEHG,,,6.5,,6.4,6.2,Passed,6.1,7.6,5.5
FA2023,FA2023-class 30,32,1905AHCBAC,,,6,,9,8.2,Passed,7,7.6,9.6
FA2023,FA2023-class 30,33,1905AHBDIG,,,6.5,,7.4,7.7,Passed,7.4,8.5,8.6
FA2023,FA2023-class 30,34,1905AHBEFB,,,7,,6.6,5.2,Passed,2.9,5.9,3
FA2023,FA2023-class 30,35,1905AHBDHB,,,6.5,,7.4,5.7,Passed,6.9,7.5,2.5
FA2023,FA2023-class 30,36,1905AHBEDH,,,0,,0,0.6,Is Susspended,1.8,4,0
FA2023,FA2023-class 31,1,1905AHBGGI,,,0,,0,0,Attendance Fail,0,0,0
FA2023,FA2023-class 31,2,1905AHBIGB,,,8.5,,7,6.5,Passed,5.6,8.1,4.5
FA2023,FA2023-class 31,3,1905AHBHCC,,,0,,0,0.7,Attendance Fail,2.9,4.2,0
FA2023,FA2023-class 31,4,1905AGBJHH,,,9.5,,9.2,9.2,Passed,7.8,8.5,9.6
FA2023,FA2023-class 31,5,1905AHBAGB,,,9.5,,8,7.2,Passed,7.1,8.5,4.5
FA2023,FA2023-class 31,6,1905AHBGHD,,,6,,6.2,5.3,Passed,5.3,5.5,3.9
FA2023,FA2023-class 31,7,1905AHCJBE,,,8.5,,9.2,7.3,Passed,5.5,7,5.2
FA2023,FA2023-class 31,8,1905AHBHBH,,,9.5,,8.4,8.5,Passed,7.4,8,8.4
FA2023,FA2023-class 31,9,1905AHCAII,,,7.5,,7.6,7.7,Passed,5.5,7.7,8.8
FA2023,FA2023-class 31,10,1905AGJDFH,,,4,,5.6,5.3,Passed,5.7,6.8,5.1
FA2023,FA2023-class 31,11,1905AHBFEC,,,5,,7.8,5.6,Passed,5.8,7.8,3
FA2023,FA2023-class 31,12,1905AHBIHF,,,8.5,,7.8,7.1,Passed,5.9,7.8,5.5
FA2023,FA2023-class 31,13,1905AHJJIF,,,6,,7.6,6.6,Passed,4,5.8,7
FA2023,FA2023-class 31,14,1905AHCEJB,,,4,,8,4.7,Not Passed,3.7,6.9,1.6
FA2023,FA2023-class 31,15,1905AHBFAD,,,5,,7,5.4,Passed,3.7,4.5,5
FA2023,FA2023-class 31,16,1905AHBFCI,,,5,,8.2,7.7,Passed,5.9,8.5,9.4
FA2023,FA2023-class 31,17,1905AHCFEB,,,4,,5.8,5.5,Passed,6,7.8,5.2
FA2023,FA2023-class 31,18,1905AHBFFE,,,3,,2.8,2.5,Not Passed,4.7,5.8,0
FA2023,FA2023-class 31,19,1919AGJHFH,,,5,,6.4,4.6,Not Passed,6.4,7.5,1
FA2023,FA2023-class 31,20,1905AHBHCD,,,3,,8.2,5.3,Passed,5.5,8.1,3
FA2023,FA2023-class 31,21,1905AHBHCJ,,,5,,7.4,5.6,Passed,5.9,6,3.9
FA2023,FA2023-class 31,22,1905AFAEFH,,,0,,0,0,Attendance Fail,0,0,0
FA2023,FA2023-class 31,23,1905AHBFGD,,,5,,8.6,5.2,Passed,4.7,8,1.1
FA2023,FA2023-class 31,24,1905AHBHJG,,,1,,0,1.3,Attendance Fail,3,8.2,0
FA2023,FA2023-class 31,25,1905AHBGBD,,,0,,0,0,Attendance Fail,0,0,0
FA2023,FA2023-class 31,26,1905AHBFFD,,,4.5,,8.4,6.1,Passed,6.8,7.6,4.1
FA2023,FA2023-class 31,27,1905AFAEAC,,,7.5,,6.4,5.8,Passed,5.5,8.3,3.2
FA2023,FA2023-class 31,28,1905AGJDBD,,,7.5,,7,7.1,Passed,7,8,6.7
FA2023,FA2023-class 31,29,1905AHBGBF,,,7.5,,6.4,5.5,Passed,7,6.1,2.5
FA2023,FA2023-class 31,30,1905AEAJEG,,,5,,4.6,3.3,Not Passed,3.2,5.8,0
FA2023,FA2023-class 31,31,1905AHBGEF,,,3,,8.6,5.5,Passed,6.7,5.9,3.6
FA2023,FA2023-class 31,32,1905AGJCFI,,,7.5,,7.4,7.5,Passed,7.5,8.5,7.3
FA2023,FA2023-class 31,33,1905AHBHHF,,,4,,7.8,5.8,Passed,5.8,7.3,4.5
FA2023,FA2023-class 31,34,1905AHBFFG,,,3,,7.4,5.2,Passed,6.4,8,3
FA2023,FA2023-class 31,35,1905AHBIHB,,,9,,8.8,8.5,Passed,6.6,8.3,8.7
FA2023,FA2023-class 32,1,1905AHCJGB,,,8,,3.6,4.9,Not Passed,8.8,7.7,2
FA2023,FA2023-class 32,2,1905AGJJEI,,,8,,7.6,6.5,Passed,7.5,2.6,5.5
FA2023,FA2023-class 32,3,1905AHJDFH,,,8,,6.6,6.6,Passed,9.5,8.3,4
FA2023,FA2023-class 32,4,1905AHCGJI,,,7,,9,7.1,Passed,7.8,5.7,5.5
FA2023,FA2023-class 32,5,1905AHBIEI,,,5,,7.6,6.6,Passed,9,8.2,5.3
FA2023,FA2023-class 32,6,1905AGBFFA,,,5,,0,2,Not Passed,5.8,1,1
FA2023,FA2023-class 32,7,1905AHBHIJ,,,7,,9,8.4,Passed,9.3,8.2,8.5
FA2023,FA2023-class 32,8,1905AHBIGA,,,7,,6.6,5.9,Passed,7.8,8.3,3
FA2023,FA2023-class 32,9,1905AGBCHJ,,,5,,6.8,5.8,Passed,8.3,8.3,3.8
FA2023,FA2023-class 32,10,1905AHBABB,,,8,,0,2.7,Not Passed,3.8,7.7,0
FA2023,FA2023-class 32,11,1905AEACCG,,,0,,0,0.1,Attendance Fail,0,1,0
FA2023,FA2023-class 32,12,1905AHCJFC,,,8,,6.4,6.7,Passed,8,8.2,5.2
FA2023,FA2023-class 32,13,1905AHDHCH,,,8,,0,2.8,Not Passed,4.8,7.2,0
FA2023,FA2023-class 32,14,1905AHDCBD,,,7,,6,6.1,Passed,7.8,8.2,4.5
FA2023,FA2023-class 32,15,1905AHBHDE,,,7,,6.6,6.2,Passed,8.5,8.4,3.6
FA2023,FA2023-class 32,16,1905AHCJGI,,,9,,9,8.4,Passed,9.5,8.6,6.9
FA2023,FA2023-class 32,17,1905AHDAFE,,,7,,4.6,4.3,Not Passed,7.5,7.4,0
FA2023,FA2023-class 32,18,1905AHBHBG,,,7,,5.2,6.3,Passed,9.8,8.3,5
FA2023,FA2023-class 32,19,1905AHBIJG,,,7,,9.6,8.9,Passed,9.3,8.2,9.5
FA2023,FA2023-class 32,20,1905AHBHHH,,,8,,7.6,7.3,Passed,9.5,8.4,5.5
FA2023,FA2023-class 32,21,1905AHAEFD,,,8,,7.6,7.5,Passed,9.8,6.5,6.6
FA2023,FA2023-class 32,22,1905AHBIFB,,,7,,7.8,7.9,Passed,8.3,7.5,8.5
FA2023,FA2023-class 32,23,1905AHBICJ,,,7,,7.8,7,Passed,8.5,7.2,5.6
FA2023,FA2023-class 32,24,1905AHBHEH,,,7,,7.2,5.7,Passed,8.5,3,3.2
FA2023,FA2023-class 32,25,1905AHBIJA,,,5,,8.2,6.3,Passed,8,8,4
FA2023,FA2023-class 32,26,1905AHCJJB,,,7,,0,2.7,Attendance Fail,3.8,5.8,1
FA2023,FA2023-class 32,27,1905AHBIDI,,,5,,9.2,6.7,Passed,9.3,8.2,4
FA2023,FA2023-class 32,28,1905FBIEI,,,7,,0,2.4,Attendance Fail,3.8,6.3,0
FA2023,FA2023-class 32,29,1905AHBICA,,,8,,7.2,8.3,Passed,8.8,8.1,9.6
FA2023,FA2023-class 32,30,1905AHCJBA,,,7,,8,6.8,Passed,9.3,8.3,4.3
FA2023,FA2023-class 32,31,1905AHBIEC,,,7,,6.2,6,Passed,7.5,8.1,3.8
FA2023,FA2023-class 32,32,1905AHBIBI,,,7,,7,6.5,Passed,8.5,7.7,4.6
FA2023,FA2023-class 32,33,1905AHBHIF,,,7,,5.6,5,Passed,8,8.3,1
FA2023,FA2023-class 32,34,1905ADJDFE,,,0,,0,0,Attendance Fail,0,0,0
FA2023,FA2023-class 32,35,1905AHCJCE,,,7,,0,1.6,Attendance Fail,0,1.6,0
FA2023,FA2023-class 33,1,1905AHBCHD,,,0,,0,0,Attendance Fail,0,0,0
FA2023,FA2023-class 33,2,1905AHCBJH,,,6.5,,6.2,5.5,Passed,9.2,8.8,1.9
FA2023,FA2023-class 33,3,1905AHCAGE,,,2,,8.2,5.1,Passed,9.1,8.6,1.7
FA2023,FA2023-class 33,4,1905AHCJAE,,,6.5,,8.2,6.4,Passed,7.8,8.1,3.6
FA2023,FA2023-class 33,5,1905AGCCAE,,,7.5,,8.4,7.7,Passed,8.4,7.8,6.8
FA2023,FA2023-class 33,6,1905AHCBHD,,,3.5,,9,7.9,Passed,8.9,8.9,9.2
FA2023,FA2023-class 33,7,1905AHBCBA,,,6.5,,7.8,7.1,Passed,9.1,8.7,5.6
FA2023,FA2023-class 33,8,1905AHCAFB,,,6.5,,8.2,7.2,Passed,9.2,8.7,5.6
FA2023,FA2023-class 33,9,1905AHCHDA,,,3,,7.8,5.8,Passed,8.3,8.2,3.9
FA2023,FA2023-class 33,10,1905AHCAEF,,,0,,0,1,Attendance Fail,4.7,5.4,0
FA2023,FA2023-class 33,11,1905AGCBAG,,,3,,3.6,4.9,Not Passed,4.8,3.4,8
FA2023,FA2023-class 33,12,1905AHCAAB,,,1,,9,5.3,Passed,9.4,7.1,2.6
FA2023,FA2023-class 33,13,1905AHCABA,,,2.5,,7.6,5.4,Passed,9.8,7.3,3
FA2023,FA2023-class 33,14,1905AHCJIG,,,3.5,,7.8,7,Passed,8,8.8,7.5
FA2023,FA2023-class 33,15,1905AHCBEG,,,6.5,,8.6,8.2,Passed,9.2,9.2,8.1
FA2023,FA2023-class 33,16,1905AHCBBH,,,3,,5.4,4.3,Not Passed,8.6,6.5,2
FA2023,FA2023-class 33,17,1905AHDHFD,,,3,,7.2,5.3,Passed,4.6,8.7,4
FA2023,FA2023-class 33,18,1905AHCABC,,,3,,6,6,Passed,9.2,7,6.6
FA2023,FA2023-class 33,19,1905AHCEGF,,,6.5,,7,6,Passed,8.8,9.2,2.7
FA2023,FA2023-class 33,20,1905AHCJGH,,,7,,9,8,Passed,9.6,9.4,6.8
FA2023,FA2023-class 33,21,1905AGCGJC,,,0,,0,0.6,Attendance Fail,4.7,1.8,0
FA2023,FA2023-class 33,22,1905AHCAIB,,,3.5,,8.4,6.6,Passed,9.6,8.8,5
FA2023,FA2023-class 33,23,1905AGJFJE,,,2.5,,6.6,5.7,Passed,8.8,4.9,6.2
FA2023,FA2023-class 33,24,1905AHCAAJ,,,3.5,,6.2,5.3,Passed,9.8,8.5,3
FA2023,FA2023-class 33,25,1905AHCJHE,,,2.5,,6.8,5.4,Passed,8.5,8.6,3.8
FA2023,FA2023-class 33,26,1905AGCCFE,,,7,,7,6.2,Passed,8.2,7.8,3.7
FA2023,FA2023-class 33,27,1905AHCBCJ,,,6.5,,6.8,5.9,Passed,9.1,8.5,2.6
FA2023,FA2023-class 33,28,1905AHCAFA,,,3,,8.6,6.4,Passed,7.6,7.5,5.6
FA2023,FA2023-class 33,29,1905AHCJHB,,,3,,9.2,5.5,Passed,9.3,8.3,1.2
FA2023,FA2023-class 33,30,1905AHCAEE,,,0,,0,1,Attendance Fail,4.7,5.4,0
FA2023,FA2023-class 33,31,1905AHCJHI,,,2.5,,6.6,5.2,Passed,8,8.3,3.8
FA2023,FA2023-class 33,32,1905AHCBDG,,,3,,6.6,6.1,Passed,9.1,6.7,6.6
FA2023,FA2023-class 33,33,1905AGBECE,,,2.5,,0,1.5,Not Passed,3.4,6.3,0
FA2023,FA2023-class 33,34,1905AHCJED,,,6.5,,6.4,5.2,Passed,8.5,7.9,1
FA2023,FA2023-class 33,35,1905AHCBIA,,,3,,9,7.9,Passed,9.7,8.8,9.1
FA2023,FA2023-class 34,1,1905AHCEJH,,,10,,9.2,8.5,Passed,8.5,8.6,6.7
FA2023,FA2023-class 34,2,1905AGJEEJ,,,6,,6,5.6,Passed,9,8.2,3
FA2023,FA2023-class 34,3,1905AHCDIF,,,10,,9.2,9.3,Passed,8.5,8.5,9.5
FA2023,FA2023-class 34,4,1905AHCDEA,,,9,,9.2,9,Passed,9,6.8,9.6
FA2023,FA2023-class 34,5,1905AHBFEJ,,,6,,5.8,5,Passed,7,5.2,2.7
FA2023,FA2023-class 34,6,1905AGJECE,,,6,,5.8,5.9,Passed,6.8,7.6,5
FA2023,FA2023-class 34,7,1905AHCECG,,,8,,8.2,7.3,Passed,7.8,6.3,6.2
FA2023,FA2023-class 34,8,1905AHCDEF,,,9,,7.2,7.2,Passed,8,6.4,6
FA2023,FA2023-class 34,9,1905AHCFBI,,,8,,9.6,8.8,Passed,8.8,7.3,9
FA2023,FA2023-class 34,10,1905AHCCDH,,,9,,8.6,8.7,Passed,8.3,8.2,9
FA2023,FA2023-class 34,11,1905AHCECF,,,6,,7.6,6.6,Passed,8,7.8,5
FA2023,FA2023-class 34,12,1905AHCCED,,,8,,6,6.4,Passed,8.3,8,4.6
FA2023,FA2023-class 34,13,1905AHCBFC,,,8,,7.8,7.9,Passed,8.3,6.9,8
FA2023,FA2023-class 34,14,1905AEJHAD,,,6,,7.4,5.9,Passed,7,6.2,3.7
FA2023,FA2023-class 34,15,1905AHCBFJ,,,8,,7.2,6.2,Passed,8,6.3,3.2
FA2023,FA2023-class 34,16,1905AHCCHE,,,6,,8,7.8,Passed,8.3,7.8,8.5
FA2023,FA2023-class 34,17,1905AHCGCA,,,9,,8.8,7.4,Passed,9,8.6,4
FA2023,FA2023-class 34,18,1905AHCEHD,,,6,,7.4,6.4,Passed,8.5,7.7,4.6
FA2023,FA2023-class 34,19,1905AHDHFB,,,6,,6.2,4.5,Not Passed,7.5,5.5,0.4
FA2023,FA2023-class 34,20,1905AHCDAH,,,8,,7.8,7.2,Passed,8,6.7,6
FA2023,FA2023-class 34,21,1905AHCDCG,,,8,,7.6,6.1,Passed,8.3,7.9,2
FA2023,FA2023-class 34,22,1905AHCFJE,,,8,,4.8,5.2,Passed,7,5.4,3.2
FA2023,FA2023-class 34,23,1905AHCDBI,,,8,,8.6,8.2,Passed,8.8,8.3,7.8
FA2023,FA2023-class 34,24,1905AGBCBA,,,0,,0,0.4,Attendance Fail,0,4,0
FA2023,FA2023-class 34,25,1905AHCDHC,,,9,,9.2,7.9,Passed,8.5,8.3,5.6
FA2023,FA2023-class 34,26,1905AFADBF,,,6,,0,2.8,Not Passed,8,4.8,1
FA2023,FA2023-class 34,27,1905AHCDIA,,,8,,8.2,7.3,Passed,8.5,8.6,5.1
FA2023,FA2023-class 34,28,1905AHCEAH,,,6,,8.8,5.6,Passed,7.8,7.9,0.8
FA2023,FA2023-class 34,29,1905AHCCBB,,,8,,8.4,7.3,Passed,8,6.5,5.6
FA2023,FA2023-class 34,30,1905AGCFIC,,,6,,5.6,5.8,Passed,7.8,6,5.3
FA2023,FA2023-class 34,31,1905AHCBEE,,,8,,8,6.4,Passed,8.5,8,2.5
FA2023,FA2023-class 34,32,1905AHCCBH,,,8,,6.8,6,Passed,7.5,7.8,2.6
FA2023,FA2023-class 34,33,1905AFBJDH,,,6,,4.2,4.2,Not Passed,7.5,4,2
FA2023,FA2023-class 34,34,1905AHCCCH,,,8,,8.8,7.9,Passed,8,7.4,7.1
FA2023,FA2023-class 35,1,1905AHCFAJ,,,8,,9.4,9,Passed,9,8,9.5
FA2023,FA2023-class 35,2,1905AHCEHF,,,8,,8,5.9,Passed,7.8,8.1,1
FA2023,FA2023-class 35,3,1905AHCGGH,,,2,,0,0.6,Not Passed,0,0,0.8
FA2023,FA2023-class 35,4,1905AHCGBA,,,7.5,,6.6,6.3,Passed,8.3,7.4,4.3
FA2023,FA2023-class 35,5,1905AHCFHB,,,7.8,,9.6,8.7,Passed,8.5,7.3,8.8
FA2023,FA2023-class 35,6,1905AHCFJD,,,8,,7.6,7.3,Passed,8,7.9,6
FA2023,FA2023-class 35,7,1905AHDADF,,,8,,8,7.8,Passed,8.5,8.2,7
FA2023,FA2023-class 35,8,1905AHCFFJ,,,8.5,,7.6,7.2,Passed,7.8,8,5.6
FA2023,FA2023-class 35,9,1905AHCGBH,,,7.9,,6.2,6.4,Passed,8.3,7.9,4.6
FA2023,FA2023-class 35,10,1905AHCFFB,,,7.8,,8,8.2,Passed,7.8,7.5,9.1
FA2023,FA2023-class 35,11,1905AGBJHJ,,,8,,9.2,7.8,Passed,8.8,8.1,6
FA2023,FA2023-class 35,12,1905AHCFEI,,,9.6,,9,9.3,Passed,9,9.2,9.6
FA2023,FA2023-class 35,13,1905AHCEEI,,,7,,6.2,5.7,Passed,8.5,7.6,2.6
FA2023,FA2023-class 35,14,1905AHCHJJ,,,7.5,,5.2,4.5,Not Passed,7.8,7,0
FA2023,FA2023-class 35,15,1905AHCEHB,,,7.5,,8.4,6.1,Passed,7.8,7.4,2
FA2023,FA2023-class 35,16,1905AHBJAD,,,8.5,,8.4,7.2,Passed,9.3,8.3,4
FA2023,FA2023-class 35,17,1905AFJCHA,,,0,,0,0.4,Attendance Fail,3.8,0,0
FA2023,FA2023-class 35,18,1905AHCGIJ,,,7,,6.8,6.2,Passed,7.3,7.3,4.5
FA2023,FA2023-class 35,19,1905AHCGBE,,,7,,8.4,8.1,Passed,8.5,7.4,8.5
FA2023,FA2023-class 35,20,1905AHCGAB,,,7,,5.6,5.7,Passed,8,7.6,3.6
FA2023,FA2023-class 35,21,1905AHCGCH,,,7.8,,7.8,6.9,Passed,8.3,7.7,4.8
FA2023,FA2023-class 35,22,1905AHCFAH,,,6,,6.4,6,Passed,7.8,6.8,4.6
FA2023,FA2023-class 35,23,1905AHCGGC,,,7.5,,8.6,6.9,Passed,8,7.4,4.3
FA2023,FA2023-class 35,24,1905AHCGGE,,,8,,8,7.5,Passed,8.8,7.9,6
FA2023,FA2023-class 35,25,1905AHCFCB,,,8,,7.4,6.3,Passed,8.3,8.1,2.8
FA2023,FA2023-class 35,26,1905AHCFCJ,,,7.8,,8.6,7.1,Passed,8.8,7.5,4.6
FA2023,FA2023-class 35,27,1905AGAEIG,,,0,,0,0,Attendance Fail,0,0,0
FA2023,FA2023-class 35,28,1905AHCHJC,,,7.8,,6.4,6.4,Passed,8,7.6,4.6
FA2023,FA2023-class 35,29,1905AHDJFG,,,7,,7.8,7.5,Passed,8.3,7.3,7.5
FA2023,FA2023-class 35,30,1905AHJFFI,,,8,,7.8,6.7,Passed,8.5,7.8,3.6
FA2023,FA2023-class 35,31,1905AHCGDC,,,8,,7.4,7.2,Passed,8.8,8.2,5.7
FA2023,FA2023-class 35,32,1905AHCFDB,,,7.5,,8.4,8.4,Passed,7.5,7.3,9.6
FA2023,FA2023-class 35,33,1905AEJCFG,,,5,,7.4,5.7,Passed,6.8,6.9,3.6
FA2023,FA2023-class 35,34,1905AHCFDG,,,8,,7.2,6.4,Passed,7.8,7.7,3.6
FA2023,FA2023-class 35,35,1905AHDAJA,,,8,,7.8,7.1,Passed,7.8,7.8,5.2
FA2023,FA2023-class 36,1,1905AHCIHE,,,5,,6.6,5.6,Passed,7.8,6.1,4
FA2023,FA2023-class 36,2,1905AHBIDG,,,8,,7.8,7.5,Passed,8.5,6.3,7
FA2023,FA2023-class 36,3,1905AHDJJD,,,6,,9,7.7,Passed,7,6.9,7.9
FA2023,FA2023-class 36,4,1905AHCIHC,,,5,,6.8,6.1,Passed,7.8,7,5.4
FA2023,FA2023-class 36,5,1905AHDJHI,,,5.5,,7,5.1,Passed,6,6.8,2
FA2023,FA2023-class 36,6,1905AHBEEF,,,9,,4.4,5.2,Passed,8,7.5,1.9
FA2023,FA2023-class 36,7,1905AHCIFA,,,8,,5.2,5.4,Passed,8.5,8,2
FA2023,FA2023-class 36,8,1905AHCICJ,,,4,,5.4,4,Not Passed,6,4,2
FA2023,FA2023-class 36,9,1905AHCHDD,,,7,,9,7.9,Passed,8.8,7.8,7.3
FA2023,FA2023-class 36,10,1905AGBIGJ,,,6,,6.2,4.7,Not Passed,7.8,5.1,1.1
FA2023,FA2023-class 36,11,1905AHCIHG,,,7,,7.4,6.6,Passed,8.5,7,4.6
FA2023,FA2023-class 36,12,1905AGBJFG,,,5,,7.6,5.7,Passed,6.8,6.9,3.5
FA2023,FA2023-class 36,13,1905AHCHFB,,,8,,6.4,5.6,Passed,7.3,6.1,2.5
FA2023,FA2023-class 36,14,1905AHCBEA,,,8,,8.4,7,Passed,7.8,7.1,4.8
FA2023,FA2023-class 36,15,1905AHCIIG,,,6,,8,6.6,Passed,8.8,7.7,4.6
FA2023,FA2023-class 36,16,1905AHBDAC,,,6,,6.4,5.6,Passed,6.5,6.8,3.8
FA2023,FA2023-class 36,17,1905AHCHFG,,,8,,7.8,7.7,Passed,7.3,6.5,8
FA2023,FA2023-class 36,18,1905AHBBHH,,,9,,9,8.5,Passed,8.5,9,7.5
FA2023,FA2023-class 36,19,1905AHDJAC,,,7,,7.2,6.2,Passed,7.8,6.6,4
FA2023,FA2023-class 36,20,1905AHCIJA,,,8,,6,5.1,Passed,8,6.3,1
FA2023,FA2023-class 36,21,1905AHCHGH,,,7,,6.6,6.1,Passed,8.8,7,3.7
FA2023,FA2023-class 36,22,1905AHCHHJ,,,7,,7.2,6.5,Passed,7.8,7.9,4.5
FA2023,FA2023-class 36,23,1905AHDAJJ,,,7,,8,7.7,Passed,7,7.6,8.1
FA2023,FA2023-class 36,24,1905AHCHBG,,,6,,6.6,5,Passed,7.8,7,1
FA2023,FA2023-class 36,25,1905AHDJAD,,,7,,8.2,6.9,Passed,8.5,5.5,5.5
FA2023,FA2023-class 36,26,1905AHCIED,,,7,,6.4,6.4,Passed,7.5,6.7,5.6
FA2023,FA2023-class 36,27,1905AHCIEI,,,6,,8.2,6.8,Passed,8.3,6.2,5.6
FA2023,FA2023-class 36,28,1905AHCIGG,,,7,,8,7.9,Passed,9,7.5,8.1
FA2023,FA2023-class 36,29,1905AEJIGA,,,6,,0,2.2,Not Passed,5.3,4.6,0
FA2023,FA2023-class 36,30,1905AHCJBF,,,6,,8.4,7.5,Passed,8.3,4.6,8.3
FA2023,FA2023-class 36,31,1905AHCIGF,,,6,,3.4,3.4,Not Passed,5,6.5,0
FA2023,FA2023-class 36,32,1905AHCHID,,,4,,8.2,5,Passed,5.5,4.8,2.4
FA2023,FA2023-class 36,33,1905AHCHEG,,,6,,0,2.7,Not Passed,7.8,7.1,0
FA2023,FA2023-class 36,34,1905AHDBBJ,,,7,,7.8,6.6,Passed,7.3,3.8,6
FA2023,FA2023-class 36,35,1905AHCHBH,,,8,,5,5,Passed,7.5,5.2,2
FA2023,FA2023-class 37,1,1905AHDJHC,,,6.5,,6.2,6,Passed,5.9,7.9,5
FA2023,FA2023-class 37,2,1905AHCHAB,,,8,,8,6.3,Passed,7.7,8,2.5
FA2023,FA2023-class 37,3,1905AHDBBI,,,6.5,,7.6,7.2,Passed,4.7,8,7.7
FA2023,FA2023-class 37,4,1905AGADGC,,,0,,0,0,Attendance Fail,0,0,0
FA2023,FA2023-class 37,5,1905AHDAGB,,,10,,9.8,9.6,Passed,8.6,8.2,10
FA2023,FA2023-class 37,6,1905AHCIIJ,,,4,,7.6,6.1,Passed,5.8,7.7,5.6
FA2023,FA2023-class 37,7,1905AHDBJC,,,10,,8,7.7,Passed,6.9,7.5,6.1
FA2023,FA2023-class 37,8,1905AHDBCI,,,7,,5.8,5,Passed,6,7,2
FA2023,FA2023-class 37,9,1905AHDAGC,,,6.5,,6.4,6,Passed,5.6,7.9,4.8
FA2023,FA2023-class 37,10,1905AHDJBB,,,4,,7.8,7.4,Passed,6.9,7.7,9.2
FA2023,FA2023-class 37,11,1905AHDAHC,,,8,,8.4,7.1,Passed,6.5,8.1,5
FA2023,FA2023-class 37,12,1905AHDBDG,,,7,,7.8,6.5,Passed,5.4,8.1,4.8
FA2023,FA2023-class 37,13,1905AHDBFH,,,8,,5.8,4.5,Not Passed,6.7,5,0
FA2023,FA2023-class 37,14,1905AHDJHD,,,10,,5.6,7.3,Passed,7.4,7,7.2
FA2023,FA2023-class 37,15,1905AHCHFE,,,4,,6.8,5.6,Passed,6.4,7.1,4.6
FA2023,FA2023-class 37,16,1905AHDJEI,,,6.5,,7.8,6.1,Passed,7.8,7.7,3.2
FA2023,FA2023-class 37,17,1905AHDBBH,,,6.5,,8.2,7.2,Passed,8,7,6.5
FA2023,FA2023-class 37,18,1905AHCCFJ,,,7,,7,7.1,Passed,7,5.8,7.6
FA2023,FA2023-class 37,19,1905AHDBGE,,,7,,8.8,8.1,Passed,5.9,7.9,9
FA2023,FA2023-class 37,20,1905AHDBGH,,,6.5,,7.6,6.6,Passed,8.1,7.5,4.9
FA2023,FA2023-class 37,21,1905AHDAEE,,,0,,0,0,Attendance Fail,0,0,0
FA2023,FA2023-class 37,22,1905AHCIGJ,,,4,,8.6,5.2,Passed,6.1,7.1,1.8
FA2023,FA2023-class 37,23,1905AHDAAI,,,5,,8.4,5.6,Passed,7.1,4.5,3.2
FA2023,FA2023-class 37,24,1905AHDBEC,,,1,,0,1.3,Attendance Fail,3.9,7.2,0
FA2023,FA2023-class 37,25,1905AGAIAJ,,,8,,8,8,Passed,5.5,8.7,8.6
FA2023,FA2023-class 37,26,1905AHDAIA,,,5,,8.6,5.4,Passed,7.7,6.4,1.5
FA2023,FA2023-class 37,27,1905AHDAFI,,,6.5,,6.8,5.5,Passed,5.6,8,2.7
FA2023,FA2023-class 37,28,1905AGCEBB,,,8,,7,6.8,Passed,4.5,8.1,6
FA2023,FA2023-class 37,29,1905AHCIFE,,,4,,7.8,4.8,Not Passed,6.2,5.2,1.6
FA2023,FA2023-class 37,30,1905AHDBCB,,,6.5,,5.6,4.8,Not Passed,5.7,7.9,1.4
FA2023,FA2023-class 37,31,1905AHBIII,,,6.5,,8.6,7.6,Passed,7.9,7.6,7.2
FA2023,FA2023-class 37,32,1905AHBIAA,,,6.5,,8.2,6.5,Passed,7.5,8.2,3.9
FA2023,FA2023-class 37,33,1905AHDACJ,,,10,,8.6,8.1,Passed,7.6,8.2,6.5
FA2023,FA2023-class 37,34,1905AHDBFG,,,7,,6.6,5.2,Passed,5.8,6.5,1.9
FA2023,FA2023-class 37,35,1905AHDBHG,,,8,,7.2,5.6,Passed,6,7.2,1.6
FA2023,FA2023-class 38,1,1905AHDFGC,,,8,,8.2,6.3,Passed,8.3,7.3,2.4
FA2023,FA2023-class 38,2,1905AHJJAF,,,8,,8.4,5.7,Passed,7.5,7.1,0.3
FA2023,FA2023-class 38,3,1905AHDDAC,,,7,,8.4,6.9,Passed,8,6.7,5
FA2023,FA2023-class 38,4,1905AHDDCG,,,5,,7.6,7.2,Passed,5,6.8,9.2
FA2023,FA2023-class 38,5,1905AHDEFA,,,7,,8.2,5.5,Passed,6.8,6.3,1
FA2023,FA2023-class 38,6,1905AHDEDI,,,7,,7.4,5.9,Passed,8,6.7,2.6
FA2023,FA2023-class 38,7,1905AFAGDE,,,1,,5.6,4.4,Not Passed,7.3,5.8,4
FA2023,FA2023-class 38,8,1905AHDEDE,,,8,,8.2,8.3,Passed,8.3,6.9,9.1
FA2023,FA2023-class 38,9,1905AHBCJA,,,4,,5.6,5,Passed,6.8,6.1,4
FA2023,FA2023-class 38,10,1905AHDCJG,,,5,,7.2,6.5,Passed,8,5.8,6.6
FA2023,FA2023-class 38,11,1905AHDFBF,,,6,,5.8,5.1,Passed,7.8,8,2
FA2023,FA2023-class 38,12,1905AHDFAH,,,7,,7.2,6.6,Passed,7.5,6.1,5.5
FA2023,FA2023-class 38,13,1905AHDDFJ,,,5,,6.4,5.4,Passed,7.3,5.2,4.2
FA2023,FA2023-class 38,14,1905AHDCCA,,,1,,0,0.4,Attendance Fail,1,1,0
FA2023,FA2023-class 38,15,1905AHJCBJ,,,9,,7.6,7.3,Passed,7.5,6.9,6
FA2023,FA2023-class 38,16,1905AGBIHF,,,5,,6.4,6.9,Passed,8.3,7.5,8
FA2023,FA2023-class 38,17,1905AHDEAJ,,,6,,6.6,5.2,Passed,7.8,6.2,2.2
FA2023,FA2023-class 38,18,1905AHDFEC,,,5,,8.2,5,Passed,6,3.6,2
FA2023,FA2023-class 38,19,1905AHDDJG,,,1,,0,0.4,Attendance Fail,1,1,0
FA2023,FA2023-class 38,20,1905AGBAHG,,,6,,7.6,6.7,Passed,6.5,6.4,6.5
FA2023,FA2023-class 38,21,1905AFJHGF,,,9,,8.6,8.1,Passed,7.8,7.2,7.5
FA2023,FA2023-class 38,22,1905AHDCHC,,,1,,9,5.6,Passed,7.3,7.6,4
FA2023,FA2023-class 38,23,1905AHDGJG,,,6,,0,3.3,Not Passed,7,5.8,2.6
FA2023,FA2023-class 38,24,1905AHDEEC,,,4,,0,2.2,Not Passed,7.3,6.6,0
FA2023,FA2023-class 38,25,1905AHDCCI,,,5,,8.2,5.9,Passed,7.8,7.5,3
FA2023,FA2023-class 38,26,1905AFAFCD,,,5,,5.6,4.4,Not Passed,7.3,4.6,1.7
FA2023,FA2023-class 38,27,1905AHDDAB,,,3,,3.6,3.1,Not Passed,6.5,5.3,0.8
FA2023,FA2023-class 38,28,1905AGJBIJ,,,9,,8.6,7.3,Passed,7.5,7.1,5
FA2023,FA2023-class 38,29,1905AHBCCJ,,,1,,0,1.3,Attendance Fail,6.8,4.5,0
FA2023,FA2023-class 38,30,1905AEAADE,,,7,,4.6,6.3,Passed,7.3,5.4,7.5
FA2023,FA2023-class 38,31,1905AGJCJC,,,9,,7.6,6.7,Passed,7.5,7.4,3.6
FA2023,FA2023-class 38,32,1905AHDCHF,,,6,,7.8,6.8,Passed,4.8,6.6,7
FA2023,FA2023-class 38,33,1905AHDEEA,,,5,,5.8,6.4,Passed,8.5,6.6,7.1
FA2023,FA2023-class 38,34,1905AHDFIA,,,6,,7.2,6.3,Passed,8,7,4.7
FA2023,FA2023-class 39,1,1905AHEJEG,,,7.5,,6,5.9,Passed,5.8,6.5,4.6
FA2023,FA2023-class 39,2,1905AHBHHC,,,10,,8.2,8.9,Passed,8.2,8.6,9.2
FA2023,FA2023-class 39,3,1905AHEJCF,,,2,,6,5.5,Passed,5,8.1,6.5
FA2023,FA2023-class 39,4,1905AHEJFD,,,8,,0,1.8,Attendance Fail,2.1,0,0
FA2023,FA2023-class 39,5,1905AHEJFE,,,2,,8.8,6.7,Passed,5.8,8.3,7.5
FA2023,FA2023-class 39,6,1905AHDICB,,,6.5,,0,2.5,Attendance Fail,4.6,7,0
FA2023,FA2023-class 39,7,1905AHDIGH,,,6.5,,8,7.4,Passed,6.5,7.9,7.6
FA2023,FA2023-class 39,8,1905AFJFBJ,,,0,,0,0.2,Attendance Fail,1.7,0,0
FA2023,FA2023-class 39,9,1905AHEJGA,,,2,,8,6.1,Passed,6.9,7.5,6.1
FA2023,FA2023-class 39,10,1905AHDIDJ,,,6.5,,0,2.2,Not Passed,3.2,6,0
FA2023,FA2023-class 39,11,1905AGBIJG,,,7,,8.4,7.5,Passed,5.9,8.3,7.1
FA2023,FA2023-class 39,12,1905AHDIBJ,,,7.5,,0,2.7,Not Passed,5,6.5,0
FA2023,FA2023-class 39,13,1905AHEJFC,,,6.5,,8.2,5.6,Passed,6,6,2
FA2023,FA2023-class 39,14,1905AHEJJG,,,6.5,,8.8,5.3,Passed,4.6,5.8,1
FA2023,FA2023-class 39,15,1905AHBBHC,,,0,,0,0,Attendance Fail,0,0,0
FA2023,FA2023-class 39,16,1905AGBDGJ,,,7,,8.2,6.1,Passed,5.6,8.1,3
FA2023,FA2023-class 39,17,1905AHDHAF,,,7.5,,6,6.6,Passed,5.5,6.8,7
FA2023,FA2023-class 39,18,1905AGJAHB,,,0,,0,0.2,Attendance Fail,1.7,0,0
FA2023,FA2023-class 39,19,1905AGJBGF,,,9,,5,5.1,Passed,3.9,8.1,2
FA2023,FA2023-class 39,20,1905AGCDJG,,,7,,9.2,6.7,Passed,6,8.2,3.6
FA2023,FA2023-class 39,21,1905AHDGEF,,,6.5,,7.6,7,Passed,5.6,7.2,7
FA2023,FA2023-class 39,22,1905AFJHAG,,,0,,0,0,Attendance Fail,0,0,0
FA2023,FA2023-class 39,23,1905AHBCBH,,,9,,9.6,8.7,Passed,5.9,8.3,8.6
FA2023,FA2023-class 39,24,1905AHDGBG,,,6.5,,6.8,6.4,Passed,6.2,6.2,6.2
FA2023,FA2023-class 39,25,1905AHDHHH,,,10,,7.4,6.5,Passed,9.1,7.5,2
FA2023,FA2023-class 39,26,1905AHDIHI,,,7,,7.6,7.2,Passed,6.1,7.1,7.5
FA2023,FA2023-class 39,27,1905AHDGIE,,,7.5,,7.4,5.3,Passed,5.3,6,1.6
FA2023,FA2023-class 39,28,1905AHDGAD,,,6.5,,8.8,7.9,Passed,8.7,7.8,7.7
FA2023,FA2023-class 39,29,1905AHDHJJ,,,6.5,,8.4,7.4,Passed,5.7,8.1,7.2
FA2023,FA2023-class 39,30,1905AHDHAA,,,10,,9,8.5,Passed,6,8.2,7.9
FA2023,FA2023-class 39,31,1905AEJCII,,,0,,0,0.2,Attendance Fail,0,1.8,0
FA2023,FA2023-class 39,32,1905AHDGCF,,,6.5,,9,8.5,Passed,8.6,7.8,9.5
FA2023,FA2023-class 39,33,1905AGBEAJ,,,6.5,,7.6,7.5,Passed,5.3,7.8,8.6
FA2023,FA2023-class 39,34,1905AHEJBE,,,2,,6.4,4.7,Not Passed,5.2,7.9,3.6
FA2023,FA2023-class 39,35,1905AHDIID,,,10,,6.6,6.2,Passed,6.7,7,2.8
FA2023,FA2023-class 40,1,1905AHJBCJ,,,9.6,,8.6,8.7,Passed,8.8,9,8.1
FA2023,FA2023-class 40,2,1905AFAFHF,,,0,,0,0,Attendance Fail,0,0,0
FA2023,FA2023-class 40,3,1905AGJAII,,,0,,0,0.4,Attendance Fail,4.3,0,0
FA2023,FA2023-class 40,4,1905AHAEIJ,,,0,,0,0,Attendance Fail,0,0,0
FA2023,FA2023-class 40,5,1905AHJAAJ,,,9,,8,8.7,Passed,9.3,8,9.1
FA2023,FA2023-class 40,6,1905AHJAAG,,,7,,6.6,6.2,Passed,6.5,6.7,5
FA2023,FA2023-class 40,7,1905AHCCJI,,,9.4,,9.4,8.9,Passed,8.5,8.7,8.1
FA2023,FA2023-class 40,8,1905AGAJIG,,,9.5,,9.4,9.2,Passed,9.3,8.7,8.8
FA2023,FA2023-class 40,9,1905AHCCAA,,,9.4,,9.8,9.4,Passed,8.3,8.3,9.6
FA2023,FA2023-class 40,10,1905AGAHCE,,,0,,0,1.1,Attendance Fail,4.8,0,2
FA2023,FA2023-class 40,11,1905AHCBJF,,,5,,5,5,Passed,8,6.5,3.6
FA2023,FA2023-class 40,12,1905AHJCDF,,,8,,9.2,7.7,Passed,7.5,8,6
FA2023,FA2023-class 40,13,1905AHJJJC,,,0,,0,0.7,Attendance Fail,7,0,0
FA2023,FA2023-class 40,14,1905AHJABA,,,8,,8.8,8.3,Passed,8.3,8,8.1
FA2023,FA2023-class 40,15,1905AGJCDI,,,0,,0,0.8,Attendance Fail,7.8,0,0
FA2023,FA2023-class 40,16,1905AHJFED,,,7,,6.2,5.1,Passed,8,5.8,1.5
FA2023,FA2023-class 40,17,1905AGBJGC,,,7,,3.8,3.7,Not Passed,3.8,5.5,0.7
FA2023,FA2023-class 40,18,1905AHJCGB,,,4,,8.4,5.1,Passed,7.5,6.3,1.2
FA2023,FA2023-class 40,19,1905AHJBDG,,,7.5,,5.8,6.3,Passed,7.3,2.8,6.8
FA2023,FA2023-class 40,20,1905AHJJAI,,,8,,6.6,6.4,Passed,8.5,7.8,4
FA2023,FA2023-class 40,21,1905AHJAHH,,,9,,8.6,8.9,Passed,9,8.6,9.1
FA2023,FA2023-class 40,22,1905AHJBEF,,,5,,8.6,5.7,Passed,8.5,6.6,2
FA2023,FA2023-class 40,23,1905AHCCGD,,,8,,7.8,6.1,Passed,9,7.8,1.6
FA2023,FA2023-class 40,24,1905AGCFJA,,,6,,5.2,6.2,Passed,7.5,6.7,6.7
FA2023,FA2023-class 40,25,1905AGBGHF,,,8,,6,5.7,Passed,7.3,8.1,2.6
FA2023,FA2023-class 40,26,1905AGAJIJ,,,9,,8.2,7.8,Passed,8.5,8.8,6.1
FA2023,FA2023-class 40,27,1905AHCCJD,,,9.4,,9.6,7.9,Passed,9,8.5,4.5
FA2023,FA2023-class 40,28,1905AHJBAH,,,9.6,,9,9.1,Passed,9,8.7,9.1
FA2023,FA2023-class 40,29,1905AHJBJB,,,7.5,,4.4,5.5,Passed,9,7.2,3.4
FA2023,FA2023-class 40,30,1905AHBCAH,,,9.2,,9,7.8,Passed,7.5,8.7,5.6
FA2023,FA2023-class 40,31,1905AHJDFD,,,0,,0,0.7,Attendance Fail,7.3,0,0
FA2023,FA2023-class 40,32,1905AGCCGH,,,7.8,,7.2,7.3,Passed,7.5,7.7,7
FA2023,FA2023-class 40,33,1905AGJJFF,,,0,,0,0.3,Attendance Fail,3.3,0,0
FA2023,FA2023-class 40,34,1905AHJGFI,,,9.6,,8.6,8.4,Passed,9,8.8,7.2
FA2023,FA2023-class 40,35,1905AHJFEF,,,8,,7.4,6.9,Passed,6.5,7.8,5.6
FA2024,FA2024-class 1,1,1905AIFDHB,,,8,,8.6,9,Passed,8.6,9.6,9.9
FA2024,FA2024-class 1,2,1905AHJGGI,,,6,,9.6,7.4,Passed,7.4,4.9,7
FA2024,FA2024-class 1,3,1905AHDJEJ,,,6,,5.3,5,Passed,1.5,8,4.3
FA2024,FA2024-class 1,4,1905AHBHAJ,,,7,,0,3.3,Not Passed,7.9,6.5,1.5
FA2024,FA2024-class 1,5,1905AGJECG,,,0,,0,0,Attendance Fail,0,0,0
FA2024,FA2024-class 1,6,1905AIJCAF,,,7,,7.6,8.3,Passed,8.1,8.2,10
FA2024,FA2024-class 1,7,1905AHAHCF,,,10,,9.2,9.3,Passed,9.4,9.4,8.9
FA2024,FA2024-class 1,8,1905AIJBBA,,,10,,5.5,7.1,Passed,7.9,9.3,5.8
FA2024,FA2024-class 1,9,1905AIJJJH,,,8,,6.2,7.3,Passed,9.5,9.3,6.5
FA2024,FA2024-class 1,10,1919AGJADD,,,0,,0,0.8,Attendance Fail,4.1,3.5,0
FA2024,FA2024-class 1,11,1905AHCHGG,,,10,,6.8,6.9,Passed,8.7,9,3.5
FA2024,FA2024-class 1,12,1905AHAGJD,,,6,,4.6,3.6,Not Passed,2.6,2.1,1.8
FA2024,FA2024-class 1,13,1905AHBBJB,,,10,,7.6,7.4,Passed,4.9,9.3,5.8
FA2024,FA2024-class 1,14,1905AHJCDD,,,0,,8.6,6.4,Not Passed,4.1,7.1,9
FA2024,FA2024-class 1,15,1905AHDGGE,,,10,,6.2,7.6,Passed,8.3,9.2,6.6
FA2024,FA2024-class 1,16,1905AICHHJ,,,8,,0,2.8,Not Passed,5.9,4.6,0.5
FA2024,FA2024-class 1,17,1905AHJCBF,,,9,,7.3,6.4,Passed,4.7,7.2,4.2
FA2024,FA2024-class 1,18,1905AGBHEA,,,6,,0,2.1,Not Passed,3.7,5.6,0
FA2024,FA2024-class 1,19,1905AIJBJJ,,,6,,6.7,5.6,Passed,8.7,9,2
FA2024,FA2024-class 1,20,1905AHDAJC,,,10,,8.2,8.9,Passed,8.7,9,8.8
FA2024,FA2024-class 1,21,1905AICFEJ,,,0,,3.3,2.8,Not Passed,4,5.1,3
FA2024,FA2024-class 1,22,1905AHCCAF,,,6,,6.1,6.8,Passed,8,8.5,7
FA2024,FA2024-class 1,23,1905AHEJFF,,,10,,6.8,7.6,Passed,8.9,9.2,6
FA2024,FA2024-class 1,24,1905AIJCDH,,,10,,7.3,8.3,Passed,8.7,9.3,7.8
FA2024,FA2024-class 1,25,1905AHJFBC,,,6,,7,5.5,Passed,8.8,9.1,1.5
FA2024,FA2024-class 1,26,1905AIJIIH,,,9,,8.4,8.4,Passed,8.4,9.1,7.9
FA2024,FA2024-class 1,27,0305AHJDBD,,,9,,7.2,5.7,Passed,7.8,4.9,1.7
FA2024,FA2024-class 1,28,1905AHDIGG,,,0,,0,1,Attendance Fail,5.6,4.7,0
FA2024,FA2024-class 1,29,1905AHDFIE,,,0,,0,0.2,Attendance Fail,0,2.2,0
FA2024,FA2024-class 1,30,1905AHDAFF,,,10,,6,6.3,Passed,8.6,9,2.4
FA2024,FA2024-class 1,31,1905AHCAFF,,,6,,5.7,5.8,Passed,3.8,5.1,6.8
FA2024,FA2024-class 1,32,1905AHDJIC,,,9,,9.4,8.2,Passed,7.8,6.6,7
FA2024,FA2024-class 1,33,1905AHDGEI,,,6,,4.9,5.6,Passed,8,9.4,4
FA2024,FA2024-class 1,34,1905AHDAJD,,,10,,7.6,6.9,Passed,9,9.1,2.8
FA2024,FA2024-class 1,35,1905AHAFIE,,,10,,6.6,7.3,Passed,8.1,9.4,5.1
FA2024,FA2024-class 2,1,1905AHBBBF,,,10,,7.6,7.5,Passed,9.2,8.9,4.6
FA2024,FA2024-class 2,2,1905AIBCGJ,,,7,,5.9,6.2,Passed,8.2,9.2,4.3
FA2024,FA2024-class 2,3,1905AIFHED,,,10,,7.1,6.6,Passed,7,9.3,2.8
FA2024,FA2024-class 2,4,1905AHCJJI,,,10,,7.8,7.2,Passed,8,6.9,4.5
FA2024,FA2024-class 2,5,1905AIJGEF,,,6,,6.6,5.8,Passed,6,8.9,3.8
FA2024,FA2024-class 2,6,1905AIBBGF,,,7,,8.2,8,Passed,8.4,9.2,8
FA2024,FA2024-class 2,7,1905AICFBF,,,10,,8.8,8.3,Passed,9.3,9.6,5.8
FA2024,FA2024-class 2,8,1905AIJFIG,,,10,,5.9,7.3,Passed,8.8,8.8,5.8
FA2024,FA2024-class 2,9,1905AIJEBG,,,0,,0,2.8,Not Passed,8.5,7.3,4
FA2024,FA2024-class 2,10,1905AIJJDH,,,8,,7.3,5.7,Passed,4.5,6.4,2.6
FA2024,FA2024-class 2,11,1905AHJDBI,,,3,,5.5,5,Passed,8,9.1,3.6
FA2024,FA2024-class 2,12,1905AIFBCE,,,3.5,,2.4,3.9,Not Passed,8,5.7,3.8
FA2024,FA2024-class 2,13,1905AIJFAH,,,10,,7.4,8.9,Passed,9.3,7.6,10
FA2024,FA2024-class 2,14,1905AIBBGD,,,10,,7.3,8.7,Passed,9.2,9.3,9
FA2024,FA2024-class 2,15,1905AIBFHE,,,4,,7.8,5.5,Passed,7.9,9.6,2
FA2024,FA2024-class 2,16,1905AIBDIA,,,10,,8.6,8.5,Passed,8.4,9.4,7.3
FA2024,FA2024-class 2,17,1905AIFBFF,,,1,,0,1.7,Not Passed,8,6.6,0
FA2024,FA2024-class 2,18,1905AIBDDG,,,10,,6.9,8.5,Passed,9,9.3,8.8
FA2024,FA2024-class 2,19,1905AICFGD,,,10,,8.2,8.7,Passed,9.4,7.9,8.5
FA2024,FA2024-class 2,20,1905AIJFDJ,,,9,,5.1,6.8,Passed,7.5,9.2,6
FA2024,FA2024-class 2,21,1905AIFEBG,,,1,,2.9,4.9,Not Passed,8.9,5.7,7.8
FA2024,FA2024-class 2,22,1905AHCJEF,,,10,,5.3,6.6,Passed,9,7.1,4.6
FA2024,FA2024-class 2,23,1905AIBJJC,,,10,,6.5,8.3,Passed,9,9.7,8.3
FA2024,FA2024-class 2,24,1905AHJJHB,,,10,,5.5,6.7,Passed,9.2,9,4
FA2024,FA2024-class 2,25,1905AIJHGE,,,10,,8,8,Passed,8.9,9.3,6
FA2024,FA2024-class 2,26,1905AICECE,,,10,,8.8,9.5,Passed,9.8,9.2,9.8
FA2024,FA2024-class 2,27,1905AHDBCD,,,10,,7.6,8.2,Passed,9.5,9.4,6.8
FA2024,FA2024-class 2,28,1905AIDIDG,,,0,,0,2.4,Attendance Fail,8.2,6.7,3
FA2024,FA2024-class 2,29,1905AIBJGI,,,7,,5.5,5.7,Passed,7.6,7,4
FA2024,FA2024-class 2,30,1905AIJIDB,,,10,,6.9,8,Passed,8.8,9.1,7
FA2024,FA2024-class 2,31,1905AICHEH,,,6,,6.2,6.4,Passed,8,7,6
FA2024,FA2024-class 2,32,1905AIJEJI,,,7,,6.7,6.9,Passed,7.7,9.2,6.1
FA2024,FA2024-class 2,33,1905AIBIEC,,,10,,6.1,7.2,Passed,7.2,8.9,5.8
FA2024,FA2024-class 2,34,1905AIAJDE,,,10,,6.5,6.9,Passed,9.3,7,4.5
FA2024,FA2024-class 2,35,1905AIJFDB,,,10,,5.1,6.4,Passed,6.7,6.5,5.1
FA2024,FA2024-class 3,1,1905AIBEFI,,,9,,7.3,7.2,Passed,8.4,9,4.8
FA2024,FA2024-class 3,2,1905AICAEI,,,5,,5.1,5.8,Passed,9.2,8.2,5
FA2024,FA2024-class 3,3,1905AIBHJG,,,9,,6.8,6.9,Passed,8.7,9,4.3
FA2024,FA2024-class 3,4,1905AHDCJE,,,0,,0,0,Attendance Fail,0,0,0
FA2024,FA2024-class 3,5,1905AIDGIH,,,9,,6.1,6.5,Passed,8.9,8.2,4
FA2024,FA2024-class 3,6,1905AICEAJ,,,9.5,,8.8,8.6,Passed,8.7,9,7.6
FA2024,FA2024-class 3,7,1905AHCHCE,,,9,,5.8,7.7,Passed,8.9,5.4,9
FA2024,FA2024-class 3,8,1905AICFCE,,,8,,6.3,5.1,Passed,9.2,5.4,0.5
FA2024,FA2024-class 3,9,1905AIBFJA,,,9,,0,3.6,Not Passed,9,1.8,2.3
FA2024,FA2024-class 3,10,1905AICEBD,,,1,,0,0.2,Attendance Fail,0,0,0
FA2024,FA2024-class 3,11,1905AIBFCF,,,8,,8.4,8.3,Passed,9.2,9,7.8
FA2024,FA2024-class 3,12,1905AGBHIJ,,,1,,0,0.7,Attendance Fail,4.5,0,0
FA2024,FA2024-class 3,13,1905AHCEGD,,,1,,0,0.7,Attendance Fail,4.5,0,0
FA2024,FA2024-class 3,14,1905AIBFAF,,,9,,8,8.7,Passed,8.5,9,9
FA2024,FA2024-class 3,15,1905AICCIJ,,,9,,6.7,6.6,Passed,9.2,8.4,3.5
FA2024,FA2024-class 3,16,1905AGCEDB,,,1,,0,1,Attendance Fail,4.5,3.6,0
FA2024,FA2024-class 3,17,1905AIBEII,,,9,,8.6,8.9,Passed,8.9,9,9
FA2024,FA2024-class 3,18,1905AHDIHJ,,,1,,0,1,Attendance Fail,4.5,3.6,0
FA2024,FA2024-class 3,19,1905AHCFJJ,,,1,,0,0.8,Attendance Fail,5,1.4,0
FA2024,FA2024-class 3,20,1905AICEEF,,,1,,6.8,5.3,Passed,8.8,7.2,5
FA2024,FA2024-class 3,21,1905AHCBJE,,,9,,9.2,9.2,Passed,9.7,7.2,9.8
FA2024,FA2024-class 3,22,1905AFAICA,,,5,,7.1,6,Passed,8.9,7.2,4.1
FA2024,FA2024-class 3,23,1905AIBDBF,,,8,,8.2,8.6,Passed,8.9,9,9
FA2024,FA2024-class 3,24,1905AHAEBH,,,1,,6.4,3.7,Not Passed,3.5,4.4,2.6
FA2024,FA2024-class 3,25,1905AHDFDI,,,1,,9.2,5.2,Passed,7.9,8,2
FA2024,FA2024-class 3,26,1905AHBIGD,,,1,,0,3.1,Not Passed,8.4,7.2,4.5
FA2024,FA2024-class 3,27,1905AIJIAG,,,1,,0,1.1,Not Passed,4,5,0
FA2024,FA2024-class 3,28,1905AHBJHD,,,9,,8,8.6,Passed,9,9,8.7
FA2024,FA2024-class 3,29,1905AHJEGH,,,3,,7.6,7,Passed,8.8,5.4,9
FA2024,FA2024-class 3,30,1905AGBCGG,,,4,,8.4,7.1,Passed,8.3,5.4,7.9
FA2024,FA2024-class 3,31,1905AICAGE,,,8,,5.9,5.6,Passed,8.9,9,1.5
FA2024,FA2024-class 3,32,1905AIDCCE,,,8,,8,8.1,Passed,8.4,7.4,8.5
FA2024,FA2024-class 4,1,1905AICIEF,,,8.7,,7.8,7.4,Passed,7.3,8.6,5.9
FA2024,FA2024-class 4,2,1905AGBDIB,,,0,,0,0.5,Attendance Fail,2,3,0
FA2024,FA2024-class 4,3,1905AIDDII,,,5.7,,5.9,6.1,Passed,8.1,8.8,5
FA2024,FA2024-class 4,4,1905AICGCE,,,1,,5,3.2,Not Passed,6.5,4.6,1.3
FA2024,FA2024-class 4,5,1905AIDJFG,,,5,,6.1,6.5,Passed,8,8.7,6.8
FA2024,FA2024-class 4,6,1905AIDDGE,,,8.7,,7.3,5.6,Passed,7.3,8.3,0.5
FA2024,FA2024-class 4,7,1905AICHJB,,,5,,7.6,5.1,Passed,6.5,7.1,1.5
FA2024,FA2024-class 4,8,1905AICECG,,,6.7,,7.3,7.7,Passed,8.3,9,8.1
FA2024,FA2024-class 4,9,1905AIDABG,,,8.7,,5.9,7,Passed,5.5,8.6,7
FA2024,FA2024-class 4,10,1905AIDDDH,,,8.7,,7.1,6.4,Passed,7.9,8.5,3
FA2024,FA2024-class 4,11,1905AIBEDB,,,7,,6.8,5.7,Passed,7.3,6.6,3
FA2024,FA2024-class 4,12,1905AIDHEI,,,8.7,,8,6,Passed,7.2,8.4,1
FA2024,FA2024-class 4,13,1905AICHJJ,,,7.7,,6.5,6.8,Passed,5.9,6.4,6.8
FA2024,FA2024-class 4,14,1905AICIGI,,,6,,0,3,Not Passed,7.3,7,1.1
FA2024,FA2024-class 4,15,1905AIDCDD,,,8,,5.8,5.9,Passed,8,8.7,3
FA2024,FA2024-class 4,16,1905AIBFGB,,,7.7,,7.8,8.5,Passed,8.5,8.6,9.8
FA2024,FA2024-class 4,17,1905AIDEBE,,,6,,0,2.7,Not Passed,7.7,7,0
FA2024,FA2024-class 4,18,1905AIDAIJ,,,7,,6.1,6.7,Passed,8.4,8.8,5.9
FA2024,FA2024-class 4,19,1905AIDEBB,,,4.7,,6.8,6.1,Passed,8.5,9,4.5
FA2024,FA2024-class 4,20,1905AIBGEA,,,5.7,,5.8,5.6,Passed,7.6,8.2,3.7
FA2024,FA2024-class 4,21,1905AEJIEI,,,0,,0,0.2,Attendance Fail,0,1.6,0
FA2024,FA2024-class 4,22,1905AIBFAG,,,7.3,,8.6,8,Passed,9.2,8.3,7.3
FA2024,FA2024-class 4,23,1905AIDDHD,,,9,,4.3,6.2,Passed,4.7,7.2,6.3
FA2024,FA2024-class 4,24,1905AIBHGD,,,6.3,,8.4,8.3,Passed,9.1,8.1,9.3
FA2024,FA2024-class 4,25,1905AICHBI,,,8,,6.4,6.4,Passed,6.6,4.1,5.9
FA2024,FA2024-class 4,26,1905AHBFEA,,,0,,0,1.2,Attendance Fail,1.5,7.8,0.9
FA2024,FA2024-class 4,27,1905AICFGJ,,,7.3,,6.1,5.6,Passed,7.3,8,2.5
FA2024,FA2024-class 4,28,1905AIJGCH,,,8.7,,8.4,8.6,Passed,8.3,8.7,8.9
FA2024,FA2024-class 4,29,1905AIBIFA,,,5,,7.3,7.2,Passed,6,8.6,8.5
FA2024,FA2024-class 4,30,1905AIDBDD,,,9.7,,6.9,6.7,Passed,7.4,8.6,3.5
FA2024,FA2024-class 4,31,1905AICGAF,,,7.7,,8,8.3,Passed,9.4,8.9,8.3
FA2024,FA2024-class 4,32,1905AIBIBG,,,7.7,,5.3,5.8,Passed,8.4,8.9,3.3
FA2024,FA2024-class 4,33,1905AICGBH,,,7.7,,4.2,6.6,Passed,7.6,9.1,7
FA2024,FA2024-class 4,34,1905AIBCBG,,,9.7,,6.2,7.8,Passed,6.2,8.4,8.5
FA2024,FA2024-class 4,35,1905AIDBBE,,,9.3,,4.2,5.9,Passed,8.9,7.2,3.8
FA2024,FA2024-class 5,1,1905AHCEHA,,,9,,7.2,6.8,Passed,7.3,6.9,4.6
FA2024,FA2024-class 5,2,1905AIDGDE,,,0.5,,8.4,5.9,Passed,7.8,6.9,6
FA2024,FA2024-class 5,3,1905AHDGDI,,,0,,0,0.1,Attendance Fail,0.5,0.2,0
FA2024,FA2024-class 5,4,1905AGBIGJ,,,7,,6.8,5.7,Passed,6.8,7.4,2.8
FA2024,FA2024-class 5,5,1905AHJFJD,,,8,,6.1,6.1,Passed,7.3,6.4,4.3
FA2024,FA2024-class 5,6,1905AHBAAH,,,9,,7.6,6.4,Passed,8.5,8.7,2
FA2024,FA2024-class 5,7,1905AIBEEF,,,8,,9,8.3,Passed,5,5.1,9.8
FA2024,FA2024-class 5,8,1905AHDCDJ,,,6,,8,7,Passed,7.5,6.3,6.6
FA2024,FA2024-class 5,9,1905AIFDHC,,,0,,0,1.8,Attendance Fail,3.8,3.5,3.5
FA2024,FA2024-class 5,10,1905AIFEJJ,,,9,,6.6,5.6,Passed,8.3,8,0.5
FA2024,FA2024-class 5,11,1905AIDHEJ,,,7,,7.1,6.3,Passed,8,8.5,3.7
FA2024,FA2024-class 5,12,1905AHBCFA,,,7,,6.8,6.9,Passed,7.3,6.8,7
FA2024,FA2024-class 5,13,1905AIFFEC,,,9,,7.3,5.6,Passed,6,7,1
FA2024,FA2024-class 5,14,1905AIDJGB,,,0,,0,0.1,Attendance Fail,0.5,0.2,0
FA2024,FA2024-class 5,15,1905AIFDCE,,,9,,7.8,7.8,Passed,5.3,7.7,7.9
FA2024,FA2024-class 5,16,1905AHBDGI,,,7,,7.8,7.1,Passed,7.5,6.8,6.5
FA2024,FA2024-class 5,17,1905AHDBHH,,,4,,7.4,6,Passed,6.3,5.5,6
FA2024,FA2024-class 5,18,1905AIFDEA,,,9,,5.5,6.6,Passed,7.5,6.4,5.8
FA2024,FA2024-class 5,19,1905AHDFDB,,,8,,9.2,8.9,Passed,7.8,7.8,9.8
FA2024,FA2024-class 5,20,1905AIDECE,,,9,,7.6,7.4,Passed,7.5,5.4,6.8
FA2024,FA2024-class 5,21,1905AHAGAH,,,9,,6.6,5.3,Not Passed,7.3,7.7,0
FA2024,FA2024-class 5,22,1905AIFDAJ,,,9,,6.8,7.7,Passed,8.3,6.9,7.8
FA2024,FA2024-class 5,23,1905AIFBIB,,,9,,5,5.4,Passed,6,6.4,2.7
FA2024,FA2024-class 5,24,1905AGBIHC,,,0,,0,0.1,Attendance Fail,0.5,0.2,0
FA2024,FA2024-class 5,25,1905AHAGBG,,,8,,7.8,6.3,Passed,6.5,5.5,3.9
FA2024,FA2024-class 5,26,1905AIFFII,,,0,,0,1.3,Attendance Fail,8,3.7,0.5
FA2024,FA2024-class 5,27,1905AIBHHJ,,,0,,0,0.7,Attendance Fail,3.5,3,0
FA2024,FA2024-class 5,28,1905AIFEAH,,,9,,8.8,9,Passed,9.3,8.9,9
FA2024,FA2024-class 5,29,1905AHCEHJ,,,8,,6.9,6.7,Passed,7.3,5.8,5.8
FA2024,FA2024-class 5,30,1905AGJEFB,,,8,,4.4,6.1,Passed,7.3,7,6
FA2024,FA2024-class 5,31,1905AIFEJE,,,8,,7.4,7.1,Passed,7.8,8.9,5.3
FA2024,FA2024-class 5,32,1905AICGCB,,,9,,8,7.5,Passed,8.5,6.8,6
FA2024,FA2024-class 5,33,1905AIFBBE,,,9,,0,3.1,Not Passed,7.8,4.9,0
FA2024,FA2024-class 6,1,1905AIFBAJ,,,10,,7.2,8.5,Passed,9.8,9.6,8
FA2024,FA2024-class 6,2,1905AIBAFJ,,,10,,8.8,9.5,Passed,8.8,10,10
FA2024,FA2024-class 6,3,1905AIJAAB,,,7.7,,7.8,7.1,Passed,9.5,8,5
FA2024,FA2024-class 6,4,1905AICBHA,,,10,,9,8.1,Passed,9.3,9.8,5
FA2024,FA2024-class 6,5,1905AIBDBG,,,9,,8.6,8.7,Passed,9.9,10,7.7
FA2024,FA2024-class 6,6,1905AIDDID,,,10,,7.4,8.4,Passed,10,9.7,7.2
FA2024,FA2024-class 6,7,1905AHCBGD,,,9,,8,8.8,Passed,9.3,9.5,9
FA2024,FA2024-class 6,8,1905AFAHHE,,,0,,0,0,Attendance Fail,0,0,0
FA2024,FA2024-class 6,9,1905AHCAHF,,,10,,7.2,7.8,Passed,9,5,7.5
FA2024,FA2024-class 6,10,1905AHBAEA,,,2.7,,8.8,7,Passed,8.7,6,8
FA2024,FA2024-class 6,11,1905AIBBHJ,,,9.7,,6.6,7.5,Passed,9.5,8.8,5.7
FA2024,FA2024-class 6,12,1905AGJDAF,,,6.3,,5.6,6.8,Passed,8.3,6.3,8
FA2024,FA2024-class 6,13,1905AFJEBD,,,4.3,,4.2,4.3,Not Passed,7.9,6.2,2.7
FA2024,FA2024-class 6,14,1905AICIEB,,,9,,8.4,7.9,Passed,9.4,9.8,5.7
FA2024,FA2024-class 6,15,1905AIBBCH,,,6,,5.4,5.7,Passed,8.9,7.5,4
FA2024,FA2024-class 6,16,1905AIBDGH,,,8.3,,0,3.4,Not Passed,8.5,8.9,0
FA2024,FA2024-class 6,17,1905AHBAIF,,,8,,8.2,7.1,Passed,8.5,8,4.5
FA2024,FA2024-class 6,18,1905AHJCJD,,,0,,0,0.2,Attendance Fail,0,1.8,0
FA2024,FA2024-class 6,19,1905AIJHEE,,,8,,7.6,7.5,Passed,8.4,9.3,6.2
FA2024,FA2024-class 6,20,1905AHAEGA,,,8,,5.2,6.9,Passed,9.4,8.3,6.6
FA2024,FA2024-class 6,21,1905AIBBGA,,,6,,5,5.3,Passed,9.4,9.5,2.2
FA2024,FA2024-class 6,22,1905AIJJJE,,,9.7,,8.2,8.9,Passed,8.5,9.3,9
FA2024,FA2024-class 6,23,1905AIDAHF,,,10,,8.2,7.8,Passed,9.5,9.1,5
FA2024,FA2024-class 6,24,1905AHDBHC,,,10,,5.8,6.8,Passed,8.9,8.3,4.5
FA2024,FA2024-class 6,25,1905AHBFCH,,,8,,8,7.1,Passed,8.7,9,4.5
FA2024,FA2024-class 6,26,1905AGJBIH,,,6,,7.8,7,Passed,7.8,6.8,6.7
FA2024,FA2024-class 6,27,1905AGCAEF,,,5.3,,0,2.8,Not Passed,9,8,0
FA2024,FA2024-class 6,28,1905AICIHC,,,9,,6.2,7.9,Passed,8.3,9.6,8
FA2024,FA2024-class 6,29,1905AICFDA,,,10,,7.6,8.5,Passed,8.7,9.8,8
FA2024,FA2024-class 6,30,1905AIBFDJ,,,7,,5.6,6.8,Passed,9.4,9.4,6
FA2024,FA2024-class 6,31,1905AIDBGA,,,6,,4.8,5.3,Passed,7.3,7,4
FA2024,FA2024-class 6,32,1905AICDEB,,,10,,8.6,9.3,Passed,9.9,10,9
FA2024,FA2024-class 6,33,1905AIFHEC,,,10,,8.4,8.3,Passed,9.2,9,6.6
FA2024,FA2024-class 6,34,1905AHDGHE,,,8,,6.4,6,Passed,8.8,9.2,2.4
FA2024,FA2024-class 6,35,1905AHAHDG,,,9,,7.2,6.5,Passed,9.6,6.8,3
FA2024,FA2024-class 7,1,1905AICHBB,,,6,,5.2,5.2,Passed,6.3,5.4,4.2
FA2024,FA2024-class 7,2,1905AIFBGG,,,8,,7.6,6.8,Passed,7.7,6.6,4.9
FA2024,FA2024-class 7,3,1905AIDGGG,,,10,,8.4,8.2,Passed,8.2,7.9,7
FA2024,FA2024-class 7,4,1905AHBBAH,,,8,,5,6,Passed,5.6,5.9,5.9
FA2024,FA2024-class 7,5,1905AIDDJJ,,,9,,8,7.5,Passed,8.3,8.2,5.5
FA2024,FA2024-class 7,6,1905AICBBD,,,10,,7.6,8.2,Passed,7.9,7.2,8
FA2024,FA2024-class 7,7,1905AHBBGI,,,9,,5.4,6.7,Passed,7.3,7.6,6
FA2024,FA2024-class 7,8,1905AHBAGJ,,,8,,8,7,Passed,7.4,7.6,5
FA2024,FA2024-class 7,9,1905AIFBGB,,,7,,6.6,6,Passed,7.9,7.2,3.7
FA2024,FA2024-class 7,10,1905AIFDHC,,,9,,4.8,6,Passed,7,7.6,4.5
FA2024,FA2024-class 7,11,1905AIJEBG,,,9,,6,6.5,Passed,7.7,6.7,4.7
FA2024,FA2024-class 7,12,1905AIFBCE,,,7,,7,5.3,Passed,8.7,6,1.1
FA2024,FA2024-class 7,13,1905AHJABB,,,9,,7.4,7.2,Passed,7.4,6.5,5.9
FA2024,FA2024-class 7,14,1905AIFGCB,,,7,,7,5.7,Passed,7,7.4,2.5
FA2024,FA2024-class 7,15,1905AIJDAB,,,6,,0,2.7,Not Passed,8.7,6.7,0
FA2024,FA2024-class 7,16,1905AIFEBG,,,9,,7,7.3,Passed,9,7.2,6
FA2024,FA2024-class 7,17,1905AGAFBH,,,8,,8.6,7.8,Passed,9,6.2,7
FA2024,FA2024-class 7,18,1905AHDJEG,,,10,,4.8,5.9,Passed,7.9,6.6,3.5
FA2024,FA2024-class 7,19,1905AHJCFA,,,9,,4.8,6.3,Passed,8.9,7.8,4.7
FA2024,FA2024-class 7,20,1905AIFBGJ,,,5,,7.4,5.7,Passed,7.9,6.6,3.3
FA2024,FA2024-class 7,21,1905AICIGH,,,10,,7,8.5,Passed,9,8,9
FA2024,FA2024-class 7,22,1905AHCJBJ,,,9,,7.4,6,Passed,5.8,6.7,2.4
FA2024,FA2024-class 7,23,1905AIDGFH,,,10,,7.6,8.4,Passed,9.2,7.9,8.2
FA2024,FA2024-class 7,24,1905AHJEGE,,,6,,5.6,5,Passed,7.5,7,2.3
FA2024,FA2024-class 7,25,1905AHDDII,,,8,,8.2,7.8,Passed,7.6,6.2,8
FA2024,FA2024-class 7,26,1905AIDDIA,,,8,,8,6.2,Passed,7.1,7.2,2.7
FA2024,FA2024-class 7,27,1905AHCFID,,,9,,6.2,6.3,Passed,6.2,6.2,4.7
FA2024,FA2024-class 7,28,1905AIDJID,,,7,,7.8,6.3,Passed,6.7,7,4
FA2024,FA2024-class 7,29,1905AHDEBG,,,6,,8.6,6.3,Passed,7.7,7.4,3.3
FA2024,FA2024-class 7,30,1905AIJCHJ,,,8,,5.8,5.9,Passed,8.6,7.3,3.2
FA2024,FA2024-class 7,31,1905AHBADH,,,8,,8.4,7.7,Passed,8.6,7.2,6.7
FA2024,FA2024-class 7,32,1905AIDBBF,,,10,,6,7.1,Passed,8.3,7.2,5.7
FA2024,FA2024-class 7,33,1905AIFFJD,,,8,,8.2,7.4,Passed,7.3,6.6,6.4
FA2024,FA2024-class 8,1,1905AGAFGG,,,3,,4.2,4.9,Not Passed,6.9,6.4,5.7
FA2024,FA2024-class 8,2,1905AHDFEB,,,5.5,,3.2,3.6,Not Passed,7.6,6.5,0.4
FA2024,FA2024-class 8,3,1905AHJFBB,,,6.5,,6.4,7.3,Passed,8.1,8.8,8
FA2024,FA2024-class 8,4,1905AHJAJH,,,5,,7.8,6,Passed,8.1,6.8,3.9
FA2024,FA2024-class 8,5,1905AHJEIB,,,3,,6.8,6.6,Passed,8,8,7.9
FA2024,FA2024-class 8,6,1905AHCIJJ,,,7,,7.8,6.2,Passed,7.1,6.6,3.5
FA2024,FA2024-class 8,7,1905AHBGGF,,,6.5,,6.8,4.9,Not Passed,6.6,5.5,1.2
FA2024,FA2024-class 8,8,1905AGCCJJ,,,5.5,,6,4,Not Passed,5.7,5,0
FA2024,FA2024-class 8,9,1905AIDDFF,,,6.5,,7,6.6,Passed,6.6,8.9,5.5
FA2024,FA2024-class 8,10,1905AIFBFF,,,3,,3,3.7,Not Passed,5.3,5.5,3.7
FA2024,FA2024-class 8,11,1905AHCJID,,,7,,0,3,Not Passed,7.7,8.5,0
FA2024,FA2024-class 8,12,1905AHBFDG,,,6.5,,4.8,4.5,Not Passed,7.9,6.4,1
FA2024,FA2024-class 8,13,1905AIBECA,,,0,,0,0.4,Attendance Fail,0,3.6,0
FA2024,FA2024-class 8,14,1905AHJDJH,,,5,,3.6,3.6,Not Passed,6,6.4,1
FA2024,FA2024-class 8,15,1905AHDCBA,,,6.5,,6,6,Passed,6.6,7.8,4.8
FA2024,FA2024-class 8,16,1905AIDAFA,,,6.5,,5,7.1,Passed,6.1,8,9.7
FA2024,FA2024-class 8,17,1905AHAHFI,,,5,,7.2,6.6,Passed,8.4,6.6,6.5
FA2024,FA2024-class 8,18,1905AGBBED,,,0,,0,0.7,Attendance Fail,2.2,4.5,0
FA2024,FA2024-class 8,19,1905AHDIAE,,,6.5,,7,7.3,Passed,6.6,8.1,8
FA2024,FA2024-class 8,20,1905AHBGGE,,,6.5,,8.4,8.1,Passed,8.7,6.6,9
FA2024,FA2024-class 8,21,1905AIBCGG,,,6,,8.2,7.2,Passed,7.8,8,6.5
FA2024,FA2024-class 8,22,1905AIBJDG,,,7,,6.2,6.6,Passed,8.1,6.4,6.4
FA2024,FA2024-class 8,23,1905AHDFGD,,,6.5,,6,6.2,Passed,7.4,8.9,4.9
FA2024,FA2024-class 8,24,1905AIDAEJ,,,5.5,,6.4,5.4,Passed,7.3,6.3,3.4
FA2024,FA2024-class 8,25,1905AHJCEI,,,3,,0,1.7,Attendance Fail,4.3,6.5,0
FA2024,FA2024-class 8,26,1905AHJCBE,,,5,,6.8,5.7,Passed,8,6.3,4
FA2024,FA2024-class 8,27,1905AGCCHC,,,5.5,,0,2.7,Not Passed,7,8.8,0
FA2024,FA2024-class 8,28,1905AHAEBH,,,5.5,,5.6,5.4,Passed,6.2,8.1,4
FA2024,FA2024-class 8,29,1905AICABC,,,7,,0,2.9,Not Passed,7.3,7.5,0
FA2024,FA2024-class 8,30,1905AGJBHF,,,3,,4.2,3.7,Not Passed,8.2,5,1.7
FA2024,FA2024-class 8,31,1901AIDBHB,,,6.5,,8,6.7,Passed,7.8,8.4,4.5
FA2024,FA2024-class 9,1,1905AHDEHH,,,9.3,,8.4,7.9,Passed,9.8,8.5,5.8
FA2024,FA2024-class 9,2,1905AHJDJJ,,,9,,9.4,6.8,Passed,7.6,7.9,2
FA2024,FA2024-class 9,3,1905AHAFEB,,,9.7,,8,8.4,Passed,8,8.7,8
FA2024,FA2024-class 9,4,1905AGBIBE,,,0,,0,0,Attendance Fail,0,0,0
FA2024,FA2024-class 9,5,1905AHBFEF,,,9.3,,4.5,5.8,Passed,7.9,8,3.3
FA2024,FA2024-class 9,6,1905AHJBCG,,,9.3,,8.4,8.4,Passed,9.3,8.3,7.4
FA2024,FA2024-class 9,7,1905AHJFHD,,,9,,8.4,8.6,Passed,7.9,7.8,9
FA2024,FA2024-class 9,8,1905AIBJHC,,,9.3,,4.6,7.6,Passed,9.7,7.5,8.8
FA2024,FA2024-class 9,9,1905AHBDBD,,,9.7,,8.2,9.2,Passed,9.5,8.9,9.9
FA2024,FA2024-class 9,10,1905AHJJEG,,,8.5,,0,3.3,Not Passed,8.1,8,0
FA2024,FA2024-class 9,11,1905AHDBGI,,,9.7,,8,7.2,Passed,9.2,8.7,3.5
FA2024,FA2024-class 9,12,1905AHJJFI,,,8.5,,5,6.6,Passed,8,8.4,6
FA2024,FA2024-class 9,13,1905AHCDIJ,,,8.5,,0,3.1,Not Passed,7,7,0
FA2024,FA2024-class 9,14,1905AHBGCF,,,8.5,,0,3.3,Not Passed,7.5,8.9,0
FA2024,FA2024-class 9,15,1905AHCJFB,,,9.3,,6.7,6.7,Passed,9.1,8.5,3.6
FA2024,FA2024-class 9,16,1905AHBCGE,,,8.5,,6.1,6.1,Passed,8.5,8.3,3
FA2024,FA2024-class 9,17,1905AGJAIC,,,10,,6.9,7.7,Passed,9.4,8.9,6
FA2024,FA2024-class 9,18,1905AHBCEF,,,9.3,,9.4,8.7,Passed,9.5,9.5,7
FA2024,FA2024-class 9,19,1905AGJEHF,,,8.7,,4.9,5,Passed,8.5,8,0.5
FA2024,FA2024-class 9,20,1905AIBAIC,,,8.7,,6.2,7,Passed,7.9,7.6,6
FA2024,FA2024-class 9,21,1905AHJCCH,,,8.5,,5.5,5.8,Passed,8,7.8,2.8
FA2024,FA2024-class 9,22,1905AHJEAA,,,10,,8,9.2,Passed,8.9,9.6,9.8
FA2024,FA2024-class 9,23,1905AHBBIA,,,9.3,,7.8,8.2,Passed,9.7,9.4,7
FA2024,FA2024-class 9,24,1905AHJAHI,,,9.7,,7.6,9,Passed,9.6,8.8,9.8
FA2024,FA2024-class 9,25,1905AIBJBI,,,9.3,,6.1,5.8,Passed,8.4,8.1,1.7
FA2024,FA2024-class 9,26,1905AHAFIC,,,9.7,,6.7,6.9,Passed,9.3,9.2,3.8
FA2024,FA2024-class 9,27,1905AIBEAH,,,9,,5,5.4,Passed,8.2,8.4,1.6
FA2024,FA2024-class 9,28,1905AHBGBB,,,8.7,,6.8,7.5,Passed,8.5,7.8,7
FA2024,FA2024-class 9,29,1905AHAECD,,,9,,8.6,8.5,Passed,8.4,9.3,8
FA2024,FA2024-class 9,30,1905AHAHCE,,,9,,0,3.4,Not Passed,8.4,7.9,0
FA2024,FA2024-class 9,31,1905AICHFA,,,8.5,,5.8,6.9,Passed,8,7.3,6.5
FA2024,FA2024-class 9,32,1905AHJGCA,,,8.5,,5.8,5.7,Passed,8.8,8.5,1.8
FA2024,FA2024-class 9,33,1905AHAHEA,,,9.3,,8.6,8.2,Passed,8.7,8.2,6.8
FA2024,FA2024-class 9,34,1905AHJGAF,,,9.3,,6.7,8.3,Passed,8.9,8.6,8.8
FA2024,FA2024-class 9,35,1905AGCFJH,,,8.5,,4.8,6.8,Passed,8,7.9,7
FA2024,FA2024-class 10,1,1905AHCAAD,,,9.3,,6.4,8,Passed,9.1,9.5,7.8
FA2024,FA2024-class 10,2,1905AHCFBJ,,,10,,6.8,7.5,Passed,8.6,9,5.8
FA2024,FA2024-class 10,3,1905AIDCJA,,,9,,4.8,5.1,Passed,9.1,8.3,0.5
FA2024,FA2024-class 10,4,1905AHAEIJ,,,8.7,,0,3.2,Not Passed,7.3,7.6,0
FA2024,FA2024-class 10,5,1905AHBFBF,,,9.3,,9.4,7.1,Passed,7.9,8.3,2.8
FA2024,FA2024-class 10,6,1905AHCFEA,,,9.7,,4.9,5.7,Passed,7.8,8.7,2.1
FA2024,FA2024-class 10,7,1905AHBICH,,,8.3,,4.2,6.2,Passed,9.3,9,4.8
FA2024,FA2024-class 10,8,1905AHBJHG,,,9.7,,6.6,8.1,Passed,9.3,9.3,7.8
FA2024,FA2024-class 10,9,1905AHCDAE,,,9,,7.2,8.3,Passed,8.5,7.5,9
FA2024,FA2024-class 10,10,1905AHCIDD,,,10,,8,8.9,Passed,9.3,9.5,8.8
FA2024,FA2024-class 10,11,1905AHCDGE,,,8.7,,0,3.3,Not Passed,8.1,7.2,0
FA2024,FA2024-class 10,12,1905AHAIGE,,,8.7,,8.2,8.7,Passed,9.7,8.9,8.8
FA2024,FA2024-class 10,13,1905AHCIHI,,,9.7,,9,9.4,Passed,9.5,8.8,9.7
FA2024,FA2024-class 10,14,1905AHAHAG,,,9.7,,8,8.8,Passed,9.7,8.8,8.8
FA2024,FA2024-class 10,15,1905AHBEDC,,,10,,8,8.2,Passed,9.8,9.9,6.1
FA2024,FA2024-class 10,16,1905AHCBCA,,,9.7,,8.6,8.6,Passed,8.3,8.4,8
FA2024,FA2024-class 10,17,1905AHBJGJ,,,9.3,,5.8,8.1,Passed,9.5,8.5,9
FA2024,FA2024-class 10,18,1905AHCJIH,,,9.7,,7.2,7.1,Passed,9.4,9.2,3.8
FA2024,FA2024-class 10,19,1905AHBHBD,,,8.7,,4.7,5.2,Passed,8.2,8,1.6
FA2024,FA2024-class 10,20,1905AHCDCJ,,,9.7,,8.6,8.4,Passed,9,9.2,6.8
FA2024,FA2024-class 10,21,1905AHBBAB,,,10,,7.1,7,Passed,8.7,8.8,3.8
FA2024,FA2024-class 10,22,1905AHCDJI,,,10,,7.4,7.2,Passed,9.4,9.3,3.7
FA2024,FA2024-class 10,23,1905AHBAAB,,,9.3,,6.1,7.7,Passed,9.7,9.2,7
FA2024,FA2024-class 10,24,1905AHBFBJ,,,8.3,,0,3.3,Not Passed,8.5,8.3,0
FA2024,FA2024-class 10,25,1905AHBCDB,,,9.3,,4.3,5.7,Passed,8.6,8.3,2.8
FA2024,FA2024-class 10,26,1905AHAIII,,,9.3,,4.8,6,Passed,7,8.3,4
FA2024,FA2024-class 10,27,1905AHJAIC,,,9.3,,6.4,8,Passed,9.5,8.8,8
FA2024,FA2024-class 10,28,1905AHBGBJ,,,9.7,,6.4,6.1,Passed,9.4,8.4,1.5
FA2024,FA2024-class 10,29,1905AHBFJE,,,8,,4.9,5.3,Passed,8.4,8,1.9
FA2024,FA2024-class 10,30,1905AHBBAE,,,10,,6.3,6.6,Passed,7.8,8.2,3.8
FA2024,FA2024-class 10,31,1905AHCFCD,,,8.7,,6.7,6.9,Passed,8.4,8.3,4.8
FA2024,FA2024-class 10,32,1905AHJBGA,,,9,,7.8,7.5,Passed,9.4,9.3,5
FA2024,FA2024-class 10,33,1905AHBGBE,,,8.3,,4.9,6.2,Passed,7.8,8.4,4.7
FA2024,FA2024-class 10,34,1905AHBJCD,,,9,,6.4,6.3,Passed,8.8,8.4,3
FA2024,FA2024-class 10,35,1905AHBBAF,,,8.7,,7.6,7.4,Passed,8.7,8.1,5.7
FA2024,FA2024-class 11,1,1905AIDDEI,,,8,,6.7,6,Passed,7.9,8.7,2.3
FA2024,FA2024-class 11,2,1905AHDBHE,,,0,,0,0,Is Susspended,0,0,0
FA2024,FA2024-class 11,3,1905AHCHIG,,,9,,7.6,8,Passed,8.8,9.6,6.8
FA2024,FA2024-class 11,4,1905AHDCJJ,,,8,,0,4.7,Attendance Fail,7.4,7.9,5.4
FA2024,FA2024-class 11,5,1905AIJEGH,,,8,,7.8,6.7,Passed,7.5,8.4,4
FA2024,FA2024-class 11,6,1905AHDEIB,,,8.3,,8.2,6.7,Passed,8.3,8.6,3
FA2024,FA2024-class 11,7,1905AIDJHG,,,8.5,,7.1,7.9,Passed,7.8,9.4,7.8
FA2024,FA2024-class 11,8,1905AIDACB,,,8.1,,8.4,6.9,Passed,7.7,8.8,3.8
FA2024,FA2024-class 11,9,1905AIJEEJ,,,8,,5.7,5.5,Passed,7.8,7.6,2.3
FA2024,FA2024-class 11,10,1905AHDBCG,,,8.5,,4.7,6.8,Passed,8,8.3,6.8
FA2024,FA2024-class 11,11,1905AICHIB,,,8.3,,4.8,6.3,Passed,8.2,9.3,5
FA2024,FA2024-class 11,12,1905AICICD,,,8.3,,7.4,6.7,Passed,8.2,8.1,4
FA2024,FA2024-class 11,13,1905AIFFGD,,,0,,0,0,Attendance Fail,0,0,0
FA2024,FA2024-class 11,14,1905AIJIEJ,,,8.8,,7.8,7.8,Passed,8.3,9.3,6.5
FA2024,FA2024-class 11,15,1905AHDADE,,,8.8,,5.5,7.8,Passed,8.7,9.1,8.8
FA2024,FA2024-class 11,16,1905AIJAAJ,,,8.5,,6.1,7.5,Passed,7.3,9,7.8
FA2024,FA2024-class 11,17,1905AIDHDJ,,,8,,0,4,Attendance Fail,7.7,8.4,2.8
FA2024,FA2024-class 11,18,1905AIDADE,,,8.5,,8.2,7.7,Passed,7.7,9.2,6.3
FA2024,FA2024-class 11,19,1905AHDGCH,,,7.8,,4.8,5.9,Passed,7.3,8.5,4.5
FA2024,FA2024-class 11,20,1905AICIBE,,,8.5,,8,8.2,Passed,7.8,9.4,8
FA2024,FA2024-class 11,21,1905AHDDCC,,,8.8,,7.6,7,Passed,8,9.2,4.1
FA2024,FA2024-class 11,22,1905AICHHD,,,8.8,,9,9.2,Passed,7.6,9.5,10
FA2024,FA2024-class 11,23,1905AHDJFJ,,,8,,5,5.1,Passed,7.7,8.2,1.3
FA2024,FA2024-class 11,24,1905AIJGJI,,,9.5,,7.3,8.5,Passed,9.2,9.8,8.5
FA2024,FA2024-class 11,25,1905AIJGHE,,,0,,0,0,Attendance Fail,0,0,0
FA2024,FA2024-class 11,26,1905AIDAJB,,,8.3,,6.5,6.5,Passed,7.9,8.9,3.9
FA2024,FA2024-class 11,27,1905AHDBJF,,,8,,5.1,5.8,Passed,7.5,7.7,3.8
FA2024,FA2024-class 11,28,1905AIFDDB,,,9.5,,7.6,9,Passed,9.3,9.9,9.8
FA2024,FA2024-class 11,29,1905AHJBHJ,,,8.3,,7.6,7,Passed,7,8.9,5
FA2024,FA2024-class 11,30,1905AIJEJE,,,8.7,,8.2,7.8,Passed,8.3,9.2,6.3
FA2024,FA2024-class 11,31,1905AHBDCD,,,9.5,,7.6,8.8,Passed,9.4,10,9
FA2024,FA2024-class 11,32,0305AHAHDF,,,0,,0,0,Attendance Fail,0,0,0
FA2024,FA2024-class 11,33,1905AICFCF,,,9,,8.8,8.9,Passed,8.2,10,8.8
FA2024,FA2024-class 11,34,1905AIFHFJ,,,8.3,,5,6.3,Passed,7.8,8.4,5
FA2024,FA2024-class 11,35,1905AHDCBE,,,0,,0,0,Attendance Fail,0,0,0
FA2024,FA2024-class 12,1,1905AGBGIC,,,0,,0,0,Attendance Fail,0,0,0
FA2024,FA2024-class 12,2,1905AHDBBA,,,10,,4.7,7.3,Passed,9.4,9,7
FA2024,FA2024-class 12,3,1905AHJJEE,,,10,,7.1,7.9,Passed,9.3,8.4,6.7
FA2024,FA2024-class 12,4,1919AHAJAG,,,10,,8.4,6.9,Passed,9.5,8.6,2
FA2024,FA2024-class 12,5,1905AGAHII,,,8,,6.1,5.9,Passed,9.3,8.4,2.3
FA2024,FA2024-class 12,6,1905AHJFBB,,,9.7,,0,3.6,Not Passed,8.1,8.9,0
FA2024,FA2024-class 12,7,1905AHAIBF,,,10,,8.4,9.1,Passed,9.8,9.6,8.8
FA2024,FA2024-class 12,8,1905AIBDEI,,,8.7,,8.6,8.7,Passed,8.7,7.7,9
FA2024,FA2024-class 12,9,1905AGBFCE,,,0,,0,0,Attendance Fail,0,0,0
FA2024,FA2024-class 12,10,1905AHDGBI,,,9.3,,8,7.7,Passed,9.3,9.1,5.5
FA2024,FA2024-class 12,11,1905AIDGFJ,,,9.7,,8,7.6,Passed,9.6,8.5,4.8
FA2024,FA2024-class 12,12,1905AHAFED,,,9.7,,9.4,8.6,Passed,9.2,7.8,7
FA2024,FA2024-class 12,13,1905AHAFJD,,,10,,8.8,9.3,Passed,8.5,8.8,9.8
FA2024,FA2024-class 12,14,1905AGBDGE,,,8,,9.6,7.5,Passed,9.4,7.6,4.5
FA2024,FA2024-class 12,15,1905AHJAGG,,,9,,9.2,9.2,Passed,9.2,8,9.7
FA2024,FA2024-class 12,16,1905AHCGIB,,,8.3,,6.6,7.5,Passed,7,7.6,8
FA2024,FA2024-class 12,17,1905AHDIFF,,,10,,7,8.6,Passed,9.4,8.8,8.8
FA2024,FA2024-class 12,18,1905AHBCFG,,,9.3,,7,8.3,Passed,9,8.2,8.8
FA2024,FA2024-class 12,19,1905AHJABB,,,9.7,,0,3.6,Not Passed,7.9,8.5,0
FA2024,FA2024-class 12,20,1905AHDBEH,,,9.3,,7.6,8.8,Passed,10,9.1,9
FA2024,FA2024-class 12,21,1905AIDADH,,,9,,6.5,7.5,Passed,9,8.6,6.8
FA2024,FA2024-class 12,22,1905AHDFHF,,,10,,7.8,8.2,Passed,9.9,9.5,6.3
FA2024,FA2024-class 12,23,1905AHAFFF,,,10,,8.6,8.9,Passed,10,9.7,7.8
FA2024,FA2024-class 12,24,1905AHCCGJ,,,9.3,,6.2,6.3,Passed,9.8,9,2.3
FA2024,FA2024-class 12,25,1905AIFFFA,,,9.3,,5.2,7.2,Passed,9.4,9.1,6.6
FA2024,FA2024-class 12,26,1905AHAEIF,,,9.7,,8.6,8.3,Passed,9.1,8.6,6.8
FA2024,FA2024-class 12,27,1905AHBFHG,,,9.3,,8.2,7.9,Passed,9.6,8.9,5.8
FA2024,FA2024-class 12,28,1905AHAEGJ,,,7,,5.5,6.9,Passed,9.1,8.7,7
FA2024,FA2024-class 12,29,1905AHBBGF,,,10,,5.6,5.8,Passed,7.9,9.1,1.5
FA2024,FA2024-class 12,30,1905AHDJDE,,,7,,5.8,5.6,Passed,9.8,9.4,1.8
FA2024,FA2024-class 12,31,1905AHAFGF,,,10,,6,6.4,Passed,9.9,8.9,2.5
FA2024,FA2024-class 12,32,1905AHAFGG,,,9.7,,9.2,8,Passed,8.8,8.9,5
FA2024,FA2024-class 12,33,1905AHDGCI,,,8.7,,6.9,7.4,Passed,9.5,8.5,6
FA2024,FA2024-class 12,34,0405AGJFIC,,,8,,8.6,6.5,Passed,8,8,2.3
FA2024,FA2024-class 12,35,1905AHDGFH,,,0,,0,0.2,Attendance Fail,0,1.7,0
FA2024,FA2024-class 13,1,1905AHJDAA,,,0,,0,0.5,Attendance Fail,0,5,0
FA2024,FA2024-class 13,2,1905AIBGEI,,,7.5,,0,2.5,Not Passed,5.8,4.5,0
FA2024,FA2024-class 13,3,1905AIBDBE,,,7.5,,5.5,6.5,Passed,5.9,5.6,7.5
FA2024,FA2024-class 13,4,1905AIBGIB,,,8,,4.3,5.9,Passed,8.4,8,4.6
FA2024,FA2024-class 13,5,1905AIDFCD,,,8.5,,6.3,7.2,Passed,8,4.5,7.8
FA2024,FA2024-class 13,6,1905AIDIAJ,,,8,,5.7,6.6,Passed,8.3,7.3,5.7
FA2024,FA2024-class 13,7,1905AIBFGA,,,6.5,,8.6,7.8,Passed,8,7,8
FA2024,FA2024-class 13,8,1905AICJFC,,,7,,4.4,4.4,Not Passed,7.8,7.4,0.5
FA2024,FA2024-class 13,9,1905AEACEB,,,7,,6.3,5,Passed,6,8,1
FA2024,FA2024-class 13,10,1905AIBAAD,,,8.5,,7.1,7.4,Passed,6.6,6.9,7.5
FA2024,FA2024-class 13,11,1919AGJADJ,,,7,,8.6,8.3,Passed,8.3,8.2,9
FA2024,FA2024-class 13,12,1905AIDBCH,,,0,,0,0.2,Attendance Fail,0,0,0.5
FA2024,FA2024-class 13,13,1905AGCABJ,,,8,,7.8,5.5,Passed,7,2,2.3
FA2024,FA2024-class 13,14,1905AIFBFG,,,8,,4.5,5.2,Passed,7.6,6.8,2.8
FA2024,FA2024-class 13,15,1905AIFDCH,,,6.5,,4.7,5.2,Passed,8.2,7.6,3
FA2024,FA2024-class 13,16,1905AICJJB,,,8.5,,9.2,8.8,Passed,8,8.6,8.8
FA2024,FA2024-class 13,17,1905AIFGCA,,,8,,5.9,5.8,Passed,5,8,3.8
FA2024,FA2024-class 13,18,1905AIDFEJ,,,8,,6.6,5.7,Passed,6.7,5.8,2.8
FA2024,FA2024-class 13,19,1905AIBHDI,,,6.5,,7.6,6.6,Passed,8.5,7.8,4.5
FA2024,FA2024-class 13,20,1905AICFCC,,,8.5,,8.6,8.9,Passed,8.9,9,9.5
FA2024,FA2024-class 13,21,1905AICCAE,,,9,,6.9,6.4,Passed,6.1,8.2,3.8
FA2024,FA2024-class 13,22,1905AHDIBJ,,,7,,8,7.4,Passed,7.2,8.3,6.8
FA2024,FA2024-class 13,23,1905AHJJCG,,,7.5,,5.6,7,Passed,8,6,8
FA2024,FA2024-class 13,24,1905AIBBIB,,,8,,6.5,6.1,Passed,5.5,5.1,4.9
FA2024,FA2024-class 13,25,1905AHCDFB,,,0,,0,0,Attendance Fail,0,0,0
FA2024,FA2024-class 13,26,1905AIDFAI,,,8,,7.8,7.6,Passed,7,5.5,8
FA2024,FA2024-class 13,27,1905AIJFHI,,,7.5,,6.1,5.4,Passed,7.8,6.3,2.3
FA2024,FA2024-class 13,28,1905AIDEEB,,,7,,5.8,6,Passed,8.5,5.7,4.8
FA2024,FA2024-class 13,29,1905AIBABG,,,7,,5.5,6.1,Passed,7.7,7.2,5.1
FA2024,FA2024-class 13,30,1905AIFGDD,,,8,,4.7,6.7,Passed,6.3,8.4,7.3
FA2024,FA2024-class 13,31,1905AICGIG,,,6.5,,7.8,7.5,Passed,7.5,7.2,8
FA2024,FA2024-class 13,32,1905AHDIHH,,,8,,6.4,6.9,Passed,9.8,8.3,5.3
FA2024,FA2024-class 13,33,1905AIBBDA,,,8.5,,6.2,6,Passed,7.3,7,3.5
FA2024,FA2024-class 13,34,1905AIBFEB,,,7,,6,5.1,Passed,6.8,7,1.7
FA2024,FA2024-class 13,35,1905AIJIIA,,,8,,7.8,8,Passed,7.8,9,7.8
FA2024,FA2024-class 14,1,1905AHBHCC,,,5,,5.5,5,Passed,8.8,5.6,3.2
FA2024,FA2024-class 14,2,1905AGCBHA,,,7,,6.4,5.9,Passed,4.7,4.4,5.5
FA2024,FA2024-class 14,3,1905AGAFGG,,,0,,0,0,Attendance Fail,0,0,0
FA2024,FA2024-class 14,4,1905AHJDBA,,,5,,6.1,6.5,Passed,8.2,8,7
FA2024,FA2024-class 14,5,1919AHABAI,,,7,,7.4,8.1,Passed,8.9,9.8,8.8
FA2024,FA2024-class 14,6,1905AHJGHG,,,7,,6.3,7.3,Passed,8.7,8,7.8
FA2024,FA2024-class 14,7,1905AHJCEG,,,6,,6.9,6.2,Passed,9.3,8.2,3.8
FA2024,FA2024-class 14,8,1905AICHCF,,,7,,7.1,6.3,Passed,8.4,7.6,4
FA2024,FA2024-class 14,9,1905AIBAEE,,,8,,5.6,5.2,Passed,4.2,4,3.8
FA2024,FA2024-class 14,10,1905AHAGCD,,,8,,6.5,7.2,Passed,9.3,9,6
FA2024,FA2024-class 14,11,1905AGABGB,,,5,,4.2,4.1,Not Passed,8.4,4.2,2
FA2024,FA2024-class 14,12,1905AHBHAD,,,8,,6.1,6.6,Passed,9.4,8.2,4.8
FA2024,FA2024-class 14,13,1905AHDACF,,,6,,8,5.5,Passed,8.3,8.2,0.9
FA2024,FA2024-class 14,14,1905AHJEIH,,,0,,0,0.4,Attendance Fail,0,3.6,0
FA2024,FA2024-class 14,15,1905AHBHAG,,,0,,0,0.6,Attendance Fail,4.8,1.4,0
FA2024,FA2024-class 14,16,1905AHBGFD,,,7,,7.2,5.9,Passed,4.2,7.4,3.8
FA2024,FA2024-class 14,17,1905AHBFHB,,,8,,5.1,5.3,Passed,8.9,7.2,1.8
FA2024,FA2024-class 14,18,1905AHBHHE,,,0,,0,1,Attendance Fail,4.3,5.8,0
FA2024,FA2024-class 14,19,1905AHJCJI,,,8,,8.8,8.7,Passed,8.8,9,9
FA2024,FA2024-class 14,20,1905AGBCAF,,,5,,0,3.4,Not Passed,8.3,5.4,3.3
FA2024,FA2024-class 14,21,1905AHDCAH,,,0,,0,0.5,Attendance Fail,3.3,1.4,0
FA2024,FA2024-class 14,22,1905AHBGEE,,,8,,7.6,7.4,Passed,8,8.2,6.3
FA2024,FA2024-class 14,23,1905AHJDIC,,,0,,0,0.8,Attendance Fail,4.5,3,0
FA2024,FA2024-class 14,24,1905AHBHAB,,,5,,7.8,6,Passed,7.2,7.6,4
FA2024,FA2024-class 14,25,1905AHBIED,,,7,,9.2,8.7,Passed,8.3,7.8,9.7
FA2024,FA2024-class 14,26,1905AHJJBH,,,7,,8.2,7.4,Passed,6.8,8.6,6.8
FA2024,FA2024-class 14,27,1905AHAFFH,,,7,,6.8,7.3,Passed,9.7,5.8,7.7
FA2024,FA2024-class 14,28,1905AGBHFD,,,0,,0,0.4,Attendance Fail,0,4.2,0
FA2024,FA2024-class 14,29,1905AGBCIE,,,8,,9.4,7.5,Passed,4.5,5.6,7
FA2024,FA2024-class 14,30,1905AHBABA,,,8,,7.8,8.2,Passed,7.9,8,9
FA2024,FA2024-class 14,31,1905AHAIAC,,,6,,6.1,6.3,Passed,9.2,6.4,5.8
FA2024,FA2024-class 14,32,1905AHJDGA,,,4,,7.4,6.6,Passed,4.7,7.4,7.8
FA2024,FA2024-class 14,33,1905AHDECE,,,4,,8.6,7.8,Passed,7.9,6.4,9.8
FA2024,FA2024-class 15,1,1905AHCAJJ,,,0,,0,0,Attendance Fail,0,0,0
FA2024,FA2024-class 15,2,1905AGBGAG,,,0,,0,0.5,Attendance Fail,4.4,0.7,0
FA2024,FA2024-class 15,3,1905AHBDGH,,,0,,0,0,Attendance Fail,0,0,0
FA2024,FA2024-class 15,4,1905AGAIEH,,,8,,4.2,5.4,Passed,7.6,4.6,4.3
FA2024,FA2024-class 15,5,1905AHJJBJ,,,6,,7.8,6.2,Passed,8.9,7.5,3.3
FA2024,FA2024-class 15,6,1905AHDEBH,,,9,,7.4,8.5,Passed,8.9,8.7,8.9
FA2024,FA2024-class 15,7,1905AHBCCD,,,8,,7.6,7,Passed,8.8,5.6,5.5
FA2024,FA2024-class 15,8,1905AHCHDG,,,0,,0,0,Attendance Fail,0,0,0
FA2024,FA2024-class 15,9,1905AHDCII,,,0,,0,0.7,Attendance Fail,3.8,3,0
FA2024,FA2024-class 15,10,1905AHDECJ,,,9.5,,5.9,5.8,Passed,8.8,6.8,1.9
FA2024,FA2024-class 15,11,1919AHAJGD,,,8,,8,7.4,Passed,8.9,7.5,6
FA2024,FA2024-class 15,12,1905AHEJJH,,,9.5,,9,8.8,Passed,8.3,9.2,8.3
FA2024,FA2024-class 15,13,1905AHBEAA,,,9,,4.4,5,Passed,8.8,8.1,0.5
FA2024,FA2024-class 15,14,1905AICAAJ,,,9,,6.5,7.9,Passed,8.9,8.3,8
FA2024,FA2024-class 15,15,1905AHBFIF,,,9,,7.8,6.6,Passed,8.8,7.6,2.8
FA2024,FA2024-class 15,16,1905AGAFBH,,,8,,0,2.6,Attendance Fail,8.7,1.8,0
FA2024,FA2024-class 15,17,1905AHBHGH,,,9.5,,8.6,7,Passed,7.9,7.6,3.3
FA2024,FA2024-class 15,18,1905AHAEGE,,,6,,0,2.9,Not Passed,8.6,8.2,0
FA2024,FA2024-class 15,19,1905AIBDIE,,,9.5,,8.4,8.1,Passed,7.9,9.2,6.5
FA2024,FA2024-class 15,20,1905AEADFI,,,6,,9.6,6.1,Passed,8.4,7.9,1.3
FA2024,FA2024-class 15,21,1905AIJGFD,,,8,,9.2,6.1,Passed,8.3,6.3,1
FA2024,FA2024-class 15,22,1905AIDFDE,,,9,,8.2,7.9,Passed,8.7,8.3,6.3
FA2024,FA2024-class 15,23,1905AHBGGH,,,8,,0,3.5,Attendance Fail,8.2,3.8,2.2
FA2024,FA2024-class 15,24,1905AHBGCE,,,9,,4.3,5.5,Passed,8.6,8.1,2.6
FA2024,FA2024-class 15,25,1905AHJJBC,,,8,,5.4,7.8,Passed,7.9,8,9.9
FA2024,FA2024-class 15,26,1905AHDJCC,,,5,,7.8,6.2,Passed,8.9,4.9,5
FA2024,FA2024-class 15,27,1905AHBGBA,,,8,,6.3,5.1,Passed,7.9,5.7,1
FA2024,FA2024-class 15,28,1905AHAEDH,,,8,,8.4,8.4,Passed,8.5,7.3,9
FA2024,FA2024-class 15,29,1905AHBDEI,,,0,,0,0,Attendance Fail,0,0,0
FA2024,FA2024-class 15,30,1905AIBJIG,,,8,,9,9,Passed,8.2,8.8,10
FA2024,FA2024-class 15,31,1905AHJDJE,,,8,,4,5,Passed,7.9,8.9,1.8
FA2024,FA2024-class 15,32,1905AHBFGA,,,9,,7.1,6.3,Passed,8.5,6.8,2.9
FA2024,FA2024-class 15,33,1905AHJEIE,,,6,,6.7,5.5,Passed,9.1,7.2,2.2
FA2024,FA2024-class 15,34,1905AHJJCA,,,8,,7.2,6.5,Passed,7.6,5.5,4.8
FA2024,FA2024-class 15,35,1905AHBABH,,,8,,6.2,5.9,Passed,8.9,5.4,3.3
FA2024,FA2024-class 15,36,1905AHCEGA,,,5,,8.6,5.5,Passed,8.7,5.4,1.8
FA2024,FA2024-class 16,1,1905AGJBGH,,,0,,0,0,Attendance Fail,0,0,0
FA2024,FA2024-class 16,2,1905AHCCHJ,,,8,,6.6,5.6,Passed,6.9,8,1.8
FA2024,FA2024-class 16,3,1905AHJJBF,,,8,,7.8,7.1,Passed,7.2,7.7,5.5
FA2024,FA2024-class 16,4,1905AHJAHB,,,0,,0,3.7,Not Passed,7.5,0,9.7
FA2024,FA2024-class 16,5,1905AHBFGH,,,0,,0,0,Attendance Fail,0,0,0
FA2024,FA2024-class 16,6,1905AGCAFJ,,,7,,8.6,7.7,Passed,3.5,6.8,9
FA2024,FA2024-class 16,7,1905AHJFHH,,,8,,7.2,6.3,Passed,7.2,8.3,3.4
FA2024,FA2024-class 16,8,1905AHJBDB,,,10,,8.6,9.3,Passed,7.7,9.7,10
FA2024,FA2024-class 16,9,1905AHCCFF,,,6,,9.4,7.8,Passed,7.4,6.1,8
FA2024,FA2024-class 16,10,1905AHAIEA,,,9.3,,8.8,8.4,Passed,7,8.8,7.7
FA2024,FA2024-class 16,11,1905AGBADD,,,0,,0,0,Attendance Fail,0,0,0
FA2024,FA2024-class 16,12,1905AGBEBD,,,8.5,,7.3,6.7,Passed,8.6,7.8,4
FA2024,FA2024-class 16,13,0805AHFDED,,,7,,9.4,8.7,Passed,8.4,7.1,9.8
FA2024,FA2024-class 16,14,1905AHDGAB,,,7,,4.9,5.1,Passed,8.1,7,2.5
FA2024,FA2024-class 16,15,1905AHBBDI,,,7.5,,6.6,6,Passed,7.7,8.1,3.3
FA2024,FA2024-class 16,16,1919AHJEHA,,,8,,7.6,6.3,Passed,7.4,7.7,3
FA2024,FA2024-class 16,17,0405AIJJDD,,,9.5,,6.6,8.1,Passed,8.2,8.6,8.5
FA2024,FA2024-class 16,18,1705AIJJIH,,,0,,0,0.4,Not Passed,3.5,0,0
FA2024,FA2024-class 16,19,1905AHDDCE,,,7.5,,6.2,6.3,Passed,7.4,7.2,4.8
FA2024,FA2024-class 16,20,0405AHJAIF,,,7.5,,7.8,7.4,Passed,7.1,7.7,6.8
FA2024,FA2024-class 16,21,1905AHDHIB,,,7.5,,0,3.4,Not Passed,4.1,7.6,2.5
FA2024,FA2024-class 16,22,1905AHDDFH,,,8,,5.8,6,Passed,6.9,7.6,4
FA2024,FA2024-class 16,23,1905AIBJDG,,,8.5,,6.5,6.4,Not Passed,0,7.7,6.5
FA2024,FA2024-class 16,24,1905AHAGJC,,,6,,9.2,6,Passed,7.4,6.4,2.3
FA2024,FA2024-class 16,25,1905AGCJFB,,,7.5,,9.4,8,Passed,8.1,7.2,7
FA2024,FA2024-class 16,26,1905AGJJIF,,,0,,0,0,Attendance Fail,0,0,0
FA2024,FA2024-class 16,27,1905AGAGAC,,,7.5,,7.8,7.1,Passed,7.9,7.7,5.8
FA2024,FA2024-class 16,28,1905AHAEFA,,,7,,6.5,5.7,Passed,7.7,7.4,2.8
FA2024,FA2024-class 16,29,1905AGBHJE,,,0,,0,1.2,Not Passed,7.2,0,1.5
FA2024,FA2024-class 16,30,0405AHJEEC,,,8.5,,6.9,6.3,Passed,7.2,7.9,3.3
FA2024,FA2024-class 16,31,1905AHAGCH,,,7,,7.8,6.4,Passed,7.7,6.9,4.1
FA2024,FA2024-class 16,32,1905AHEJFB,,,8.5,,6.3,6,Passed,6.9,7.9,3
FA2024,FA2024-class 16,33,1905AHCCEE,,,8.5,,8,8,Passed,7,8.2,8
FA2024,FA2024-class 16,34,1905AHBAJJ,,,6,,3.3,3.7,Not Passed,7.5,7.2,0
FA2024,FA2024-class 16,35,1905AGABBB,,,7.7,,7.4,7,Passed,4,7.8,7
FA2024,FA2024-class 17,1,1905AIBIGG,,,8.5,,8,8.6,Passed,8.3,8.6,9.3
FA2024,FA2024-class 17,2,1905AICGAC,,,3,,7.1,5.7,Passed,7.5,5,5.8
FA2024,FA2024-class 17,3,1905AHJAEH,,,0,,0,0,Attendance Fail,0,0,0
FA2024,FA2024-class 17,4,1905AHJADI,,,8.5,,8,7.3,Passed,8.4,7,5.7
FA2024,FA2024-class 17,5,1905AIJGCD,,,7.5,,8.4,8.3,Passed,7.8,7.8,9
FA2024,FA2024-class 17,6,1905AHJJFF,,,4,,7,6,Passed,8.7,6.8,5.3
FA2024,FA2024-class 17,7,1905AHEJAD,,,8.5,,6.2,7.2,Passed,7.5,7.6,7
FA2024,FA2024-class 17,8,1905AHJJJI,,,3,,6.4,6.7,Passed,8,7.3,8.8
FA2024,FA2024-class 17,9,1905AHJJIJ,,,3,,9.4,7.7,Passed,7.6,5.8,9.8
FA2024,FA2024-class 17,10,1905AHJADD,,,8.5,,9.2,8.2,Passed,8.7,7.9,7
FA2024,FA2024-class 17,11,1905AHJACB,,,3,,6.8,5.5,Passed,8.4,6.4,4.5
FA2024,FA2024-class 17,12,1905AIBAJI,,,4,,6.8,5.8,Passed,8.1,5.3,5.4
FA2024,FA2024-class 17,13,1905AHCABG,,,7.5,,7.3,7.6,Passed,7.3,8.8,7.8
FA2024,FA2024-class 17,14,1905AHJEHI,,,4,,6.4,6.2,Passed,5.3,6.4,7.8
FA2024,FA2024-class 17,15,1905AHJAED,,,9.5,,9.2,9.4,Passed,8.3,8.8,10
FA2024,FA2024-class 17,16,1905AIDFAJ,,,4,,4.4,5.4,Passed,8,6.5,6
FA2024,FA2024-class 17,17,1905AIDHGF,,,5,,9.4,8.4,Passed,8.4,7.6,10
FA2024,FA2024-class 17,18,1905AIJEFC,,,8.5,,8.6,8.9,Passed,8.6,7.5,10
FA2024,FA2024-class 17,19,1905AHJJDD,,,4,,7.3,5.9,Passed,8.7,7.8,4.3
FA2024,FA2024-class 17,20,1905AGADDJ,,,4,,6.7,6.3,Passed,8.4,8.5,6
FA2024,FA2024-class 17,21,1905AGCCBJ,,,5,,5.9,5.9,Passed,7.2,6.5,5.8
FA2024,FA2024-class 17,22,1905AHJJGA,,,4,,7.4,7.5,Passed,8.2,6.5,10
FA2024,FA2024-class 17,23,1905AIJHCF,,,7.5,,8.8,8.4,Passed,7.8,7.9,9
FA2024,FA2024-class 17,24,1905AHJJDG,,,4,,8,6.6,Passed,7.1,6.3,7
FA2024,FA2024-class 17,25,1905AHJJBI,,,4,,6.2,5.2,Passed,7.9,6,3.7
FA2024,FA2024-class 17,26,1905AIAABE,,,5,,6.2,4.4,Not Passed,7.5,6.3,0.5
FA2024,FA2024-class 17,27,1905AHJJFD,,,4,,8.4,7,Passed,7.9,8.4,7
FA2024,FA2024-class 17,28,1905AHJJDH,,,4,,6.9,6.4,Passed,7.2,7.8,6.8
FA2024,FA2024-class 17,29,1905AHJAEJ,,,8.5,,8,8.5,Passed,7.8,8.8,9
FA2024,FA2024-class 17,30,1905AICCAB,,,3,,5.2,5.7,Passed,6.5,8,6.8
FA2024,FA2024-class 17,31,1905AIJIII,,,8.5,,7.6,7.4,Passed,7.7,6.5,6.5
FA2024,FA2024-class 17,32,1905AIJCHJ,,,5,,0,2.5,Not Passed,3.6,7,1.5
FA2024,FA2024-class 17,33,1905AHAHEJ,,,3,,8.2,7,Passed,7.2,7.8,8
FA2024,FA2024-class 17,34,1905AICFFB,,,1,,0,1.1,Attendance Fail,4,5.3,0
FA2024,FA2024-class 17,35,1905AHJABF,,,4,,8.2,6.5,Passed,7.9,6.8,5.8
FA2024,FA2024-class 18,1,1905AHJAHA,,,5,,7.4,6.9,Passed,8.9,8.3,6.6
FA2024,FA2024-class 18,2,1905AICHGE,,,6.5,,8.8,8.7,Passed,8.9,9,10
FA2024,FA2024-class 18,3,1905AIBEJG,,,4,,8,7.8,Passed,8.3,7.6,10
FA2024,FA2024-class 18,4,1905AHJBBC,,,6.5,,6.5,7.2,Passed,7.9,7.9,7.8
FA2024,FA2024-class 18,5,1905AHJBIJ,,,0,,0,0.6,Attendance Fail,0,6.3,0
FA2024,FA2024-class 18,6,1905AHCJBC,,,4,,8.4,7.6,Passed,6.7,8.5,9.3
FA2024,FA2024-class 18,7,1905AHJBJI,,,4,,7.6,5.7,Passed,6.2,7.5,4
FA2024,FA2024-class 18,8,1905AHJBBH,,,0,,0,1,Attendance Fail,3.6,6.3,0
FA2024,FA2024-class 18,9,1905AHJBAA,,,6.5,,8.8,8.8,Passed,9.1,9.3,10
FA2024,FA2024-class 18,10,1905AHAHEE,,,7,,8.4,8.2,Passed,9,8.6,8.3
FA2024,FA2024-class 18,11,1905AHEJGJ,,,4,,8.2,6.2,Passed,6.8,7.8,5
FA2024,FA2024-class 18,12,1905AHJAGH,,,4,,5.7,5.1,Passed,6.3,7.9,4
FA2024,FA2024-class 18,13,1905AHJBDJ,,,6.5,,8.4,6.8,Passed,8.1,7,5
FA2024,FA2024-class 18,14,1905AHJBID,,,0,,0,0.7,Attendance Fail,2.4,4.8,0
FA2024,FA2024-class 18,15,1905AHJBGI,,,6,,8,8,Passed,9,8.3,9
FA2024,FA2024-class 18,16,1905AHJAJF,,,8.5,,9,9.2,Passed,9.1,8.8,10
FA2024,FA2024-class 18,17,1905AHCAFC,,,6,,7.4,7.6,Passed,9,8.1,8.3
FA2024,FA2024-class 18,18,1905AHJBAG,,,7,,6.3,7.5,Passed,8.1,7.9,8.8
FA2024,FA2024-class 18,19,1905AHDGFA,,,4,,5.6,5.6,Passed,6.7,6.6,5.8
FA2024,FA2024-class 18,20,1905AHJAIE,,,8,,8.8,8.5,Passed,8.9,7.9,8.5
FA2024,FA2024-class 18,21,1905AHJAFB,,,5,,5.2,5.1,Passed,8.1,8,3.2
FA2024,FA2024-class 18,22,1905AHJAJG,,,8.5,,8.2,8.4,Passed,9.1,9,8
FA2024,FA2024-class 18,23,1905AHJBEH,,,6.5,,8.4,8.3,Passed,7.4,7.6,10
FA2024,FA2024-class 18,24,1905AHJDBE,,,6.5,,7.3,5.4,Passed,8.2,7.9,1
FA2024,FA2024-class 18,25,1905AFJEBE,,,4,,7.6,4.7,Not Passed,8.1,5,0.9
FA2024,FA2024-class 18,26,1905AHBEAI,,,4,,8,5.7,Passed,6.6,6.5,4
FA2024,FA2024-class 18,27,1905AHDDAB,,,7,,0,2.1,Attendance Fail,1.6,5,0
FA2024,FA2024-class 18,28,1905AHJAFE,,,6.5,,8,6.2,Passed,7.7,7.6,3.1
FA2024,FA2024-class 18,29,1905AGBAGE,,,4,,8.6,6.1,Passed,6.7,6,4.9
FA2024,FA2024-class 18,30,1905AHCJEH,,,4,,5.8,5.4,Passed,6.6,7.1,5
FA2024,FA2024-class 18,31,1905AHJAHF,,,6.5,,9,8.7,Passed,8.8,8.1,10
FA2024,FA2024-class 18,32,1905AHJBGF,,,6.5,,5.9,6.7,Passed,7.1,8.1,7
FA2024,FA2024-class 18,33,1905AHJBFF,,,6.5,,8.4,8.2,Passed,9,7.9,9
FA2024,FA2024-class 18,34,1905AHJJAB,,,4,,5.4,6.2,Passed,8.5,6.4,7.8
FA2024,FA2024-class 18,35,1905AHJAIH,,,8,,6.3,6.2,Passed,8.7,6.6,4
FA2024,FA2024-class 19,1,1905AEJFCD,,,8,,7.2,6.6,Passed,7.2,6.4,5
FA2024,FA2024-class 19,2,1905AFACJJ,,,8.5,,0,2.7,Attendance Fail,5.3,5,0
FA2024,FA2024-class 19,3,1905AIDEJJ,,,7,,7.1,6.6,Passed,6.2,7.5,5.7
FA2024,FA2024-class 19,4,1905AHAGGA,,,8,,7.2,7.7,Passed,7.7,7.8,8
FA2024,FA2024-class 19,5,1905AGCDAF,,,2,,0,1.4,Not Passed,4.2,6.3,0
FA2024,FA2024-class 19,6,1905AHBFAH,,,7.5,,7,5.6,Passed,7.8,6,2
FA2024,FA2024-class 19,7,1905AHJCAI,,,8,,7.8,7.9,Passed,7.3,7.8,8.3
FA2024,FA2024-class 19,8,1905AHBDIH,,,7.5,,7.2,7.9,Passed,8.5,7.3,8.8
FA2024,FA2024-class 19,9,1905AHJCAE,,,8,,7.1,5.5,Passed,7.5,6.3,1.4
FA2024,FA2024-class 19,10,1905AHCEBF,,,4,,8.4,5.4,Passed,6.2,8.5,2
FA2024,FA2024-class 19,11,1905AGCGJC,,,2,,9,7.5,Passed,6.9,8.1,9.7
FA2024,FA2024-class 19,12,1905AHJCFI,,,8,,9.2,7.7,Passed,7.5,7.8,6
FA2024,FA2024-class 19,13,1905AHCBFH,,,8,,8,8.3,Passed,7.5,8.1,9
FA2024,FA2024-class 19,14,1905AHJCAH,,,8.5,,7.8,8.1,Passed,9.4,8.3,7.8
FA2024,FA2024-class 19,15,1905AGJDEA,,,2,,3.6,5.6,Not Passed,8,7,8.8
FA2024,FA2024-class 19,16,1905AHJCFA,,,3,,0,3.9,Not Passed,8.3,6.8,6.1
FA2024,FA2024-class 19,17,1905AHJJGI,,,2,,0,1.8,Not Passed,7,6.5,0
FA2024,FA2024-class 19,18,1905AHJCAD,,,8,,8,8.1,Passed,7.8,9,8
FA2024,FA2024-class 19,19,1905ACJBFI,,,3,,5.3,5.3,Passed,8,8.3,5
FA2024,FA2024-class 19,20,1905AHCEBD,,,4,,5.1,5.7,Passed,5.6,6.5,7.3
FA2024,FA2024-class 19,21,1905AIJEAI,,,4,,8.6,5.5,Passed,5.4,6.6,3
FA2024,FA2024-class 19,22,1905AHJCDJ,,,4,,7,6.8,Passed,7.9,7.3,8
FA2024,FA2024-class 19,23,1905AGAIFE,,,3,,7.6,6.5,Passed,7.8,7.9,7
FA2024,FA2024-class 19,24,1905AGCBGC,,,0,,0,0.2,Attendance Fail,1.8,0,0
FA2024,FA2024-class 19,25,1905AHBEAJ,,,7.5,,7.6,8.4,Passed,8.7,7.3,10
FA2024,FA2024-class 19,26,1905AHJECJ,,,7,,6,5.7,Passed,6.6,5.1,4.3
FA2024,FA2024-class 19,27,1905AHJDDG,,,4,,8.8,5.6,Passed,7.6,8,2
FA2024,FA2024-class 19,28,1905AHJCHD,,,8,,9.2,8.8,Passed,8.5,9.3,9
FA2024,FA2024-class 19,29,1905AHJCCA,,,8,,7.6,7.1,Passed,7.7,6.8,6
FA2024,FA2024-class 19,30,1905AHJCAF,,,8,,8,7,Passed,7.8,7.4,5
FA2024,FA2024-class 19,31,1905AHJCII,,,4,,7.8,6.8,Passed,7.8,8.1,6.8
FA2024,FA2024-class 19,32,1905AHJCGI,,,4,,9.4,7.3,Passed,8.6,7.3,7
FA2024,FA2024-class 19,33,1905AFAHGE,,,7,,9.2,6.3,Passed,6.5,7.5,2.3
FA2024,FA2024-class 19,34,1905AHJDAC,,,8,,7.6,8.3,Passed,6.5,8.9,9.5
FA2024,FA2024-class 19,35,1905AHJCCI,,,3,,4.6,4.7,Not Passed,7.9,7.6,3.9
FA2024,FA2024-class 20,1,1905AHJEDE,,,6,,7.6,5.9,Passed,9,8.8,2
FA2024,FA2024-class 20,2,1905AGBDJB,,,7,,4.5,5.3,Passed,8.8,5.2,3.8
FA2024,FA2024-class 20,3,1905AHJDFF,,,9,,7.8,8.3,Passed,9.5,8.3,8
FA2024,FA2024-class 20,4,1905AGCCDH,,,6,,0,4.2,Attendance Fail,4.3,5,7
FA2024,FA2024-class 20,5,1905AHJEBI,,,1,,7,6.3,Passed,7.5,8.8,7.8
FA2024,FA2024-class 20,6,1905AHJEEI,,,6,,8.6,7.6,Passed,8.8,8.4,7
FA2024,FA2024-class 20,7,1905AGBDCE,,,1,,6.9,4.3,Not Passed,7.8,6.4,2
FA2024,FA2024-class 20,8,1905AHDBAB,,,9,,6.3,5.4,Passed,4,6.8,2.1
FA2024,FA2024-class 20,9,1905AHJEFJ,,,6,,8.4,6.6,Passed,7,8.8,4.3
FA2024,FA2024-class 20,10,1905AHJEBB,,,1,,8.6,5.2,Passed,9,7,2.8
FA2024,FA2024-class 20,11,1905AHJDAE,,,6,,5.4,5.2,Passed,4.3,8.7,3.5
FA2024,FA2024-class 20,12,1905AHJDEI,,,6,,7.1,5.8,Passed,9.5,8.7,2
FA2024,FA2024-class 20,13,1905AHBJHA,,,1,,5.8,5.1,Passed,6.3,6.9,6
FA2024,FA2024-class 20,14,1905AHDJAF,,,10,,7.8,9.1,Passed,8.5,8.7,10
FA2024,FA2024-class 20,15,1905AIBDDD,,,9,,8.4,7.7,Passed,8,8,6
FA2024,FA2024-class 20,16,1905AHJEEF,,,7,,8.4,8,Passed,9.3,8.6,7.8
FA2024,FA2024-class 20,17,1905AHAIHD,,,1,,6.3,5.9,Passed,9,8.3,7
FA2024,FA2024-class 20,18,1905AHJDGJ,,,6,,6.1,5.8,Passed,8.5,8.1,3.7
FA2024,FA2024-class 20,19,1905AHAHDC,,,9,,8.2,8,Passed,9,8.4,6.8
FA2024,FA2024-class 20,20,1905AHDJGC,,,1,,8,5.9,Passed,7.8,6.5,6.3
FA2024,FA2024-class 20,21,1905AHDGGD,,,6,,9.4,7.4,Passed,4.5,8.4,7
FA2024,FA2024-class 20,22,1905AHDJCI,,,0,,0,1,Attendance Fail,4.5,5.8,0
FA2024,FA2024-class 20,23,1905AHJEGE,,,6,,0,2.3,Not Passed,0,4.4,2.3
FA2024,FA2024-class 20,24,1905AHJEGA,,,6,,8.6,7.6,Passed,4.5,7,9
FA2024,FA2024-class 20,25,1905AHCAHI,,,6,,7.4,6.2,Passed,6.8,6.4,5
FA2024,FA2024-class 20,26,1905AHJBBF,,,8,,7.3,6.6,Passed,8.8,7.8,3.8
FA2024,FA2024-class 20,27,1905AHJEJF,,,7,,8.4,6.2,Passed,8.5,8.4,1.8
FA2024,FA2024-class 20,28,1905AHJDHJ,,,6,,0,2.2,Attendance Fail,4.5,5.3,0
FA2024,FA2024-class 20,29,1905AGBAAE,,,0,,0,0.3,Attendance Fail,0,3.2,0
FA2024,FA2024-class 20,30,1905AGCCHC,,,0,,0,1.6,Attendance Fail,0,6.6,3.1
FA2024,FA2024-class 20,31,1905AIFCAH,,,9,,7,6.1,Passed,8.8,7.6,2
FA2024,FA2024-class 20,32,1905AHJEFA,,,0,,0,1.4,Attendance Fail,4.3,6.9,1.1
FA2024,FA2024-class 20,33,1905AHJDIJ,,,0,,0,0,Attendance Fail,0,0,0
FA2024,FA2024-class 20,34,1905AIBEGJ,,,7,,6.5,7.4,Passed,8.8,8.1,7.8
FA2024,FA2024-class 20,35,1905AHJDGF,,,1,,8.4,6.6,Passed,6.8,5.1,9
FA2024,FA2024-class 21,1,1905AHJFFC,,,7,,6.6,6.1,Passed,8.5,6.8,3.8
FA2024,FA2024-class 21,2,1905AHDAIE,,,0,,0,0.5,Attendance Fail,3.3,1.4,0
FA2024,FA2024-class 21,3,1905AICAHE,,,6,,6.8,5.1,Passed,4.3,7,2.6
FA2024,FA2024-class 21,4,1905AHJGJG,,,7,,6.1,5.5,Passed,9,7.2,2
FA2024,FA2024-class 21,5,1905AHJEIB,,,4,,0,4.3,Is Susspended,9.3,6.8,6.4
FA2024,FA2024-class 21,6,1905AIBEDE,,,6,,6.6,4.8,Not Passed,4.7,6.6,1.8
FA2024,FA2024-class 21,7,1905AGBJFH,,,5,,7.2,6.8,Passed,8.9,6,7
FA2024,FA2024-class 21,8,1905AHJFJB,,,8,,7.2,8.4,Passed,9.3,7.8,9.7
FA2024,FA2024-class 21,9,1905AHJFDH,,,7,,6.1,6,Passed,4.5,7.2,5.3
FA2024,FA2024-class 21,10,1905AIJFBA,,,8,,6.7,7.7,Passed,9.7,7,8
FA2024,FA2024-class 21,11,1905AIJHBA,,,7,,8.4,8.1,Passed,7.9,9,8.3
FA2024,FA2024-class 21,12,1905AHJFJF,,,6,,5,5.1,Passed,8.8,5,3.3
FA2024,FA2024-class 21,13,1905AHJEHJ,,,8,,8.6,8.6,Passed,9,8,9
FA2024,FA2024-class 21,14,1905AHJEHG,,,7,,5.9,6.8,Passed,8.9,7.4,6.8
FA2024,FA2024-class 21,15,1905AHJFGD,,,8,,0,6.1,Attendance Fail,8.3,7.8,9.8
FA2024,FA2024-class 21,16,1905AHJFDF,,,5,,8,6.9,Passed,9.4,5.4,6.6
FA2024,FA2024-class 21,17,1905AHJFCI,,,6,,6.4,5.6,Passed,9.2,7.8,2.5
FA2024,FA2024-class 21,18,1905AHJFBH,,,7,,7.1,5.7,Passed,9,8.2,1.5
FA2024,FA2024-class 21,19,1905AHJFHE,,,7,,9,6,Passed,9.4,6.4,1.2
FA2024,FA2024-class 21,20,1905AHJFIG,,,0,,0,0.2,Attendance Fail,0,1.6,0
FA2024,FA2024-class 21,21,1905AHJFFF,,,7,,4.9,6.6,Passed,8.9,7.8,7
FA2024,FA2024-class 21,22,1905AHJFAH,,,8,,6.4,7.8,Passed,8.3,9.8,8.3
FA2024,FA2024-class 21,23,1905AIDHAG,,,8,,7.6,8,Passed,9.2,8.2,8
FA2024,FA2024-class 21,24,1905AHJGAJ,,,6,,8,8,Passed,9.5,7,9
FA2024,FA2024-class 21,25,1905AHJFIH,,,7,,6.7,6.3,Passed,6.4,7.8,4.8
FA2024,FA2024-class 21,26,1905AHJFEA,,,7,,5,4.8,Not Passed,8.4,5.8,1.5
FA2024,FA2024-class 21,27,1905AFJBHC,,,6,,5.1,5,Passed,7.9,5,3.3
FA2024,FA2024-class 21,28,1905AHJGJF,,,6,,6.9,7.4,Passed,8.8,8.6,8.1
FA2024,FA2024-class 21,29,1905AHAEII,,,6,,6.3,5.5,Passed,7.9,7.8,2.9
FA2024,FA2024-class 21,30,1905AHDDBC,,,7,,8,6.6,Passed,8.5,6.6,4.3
FA2024,FA2024-class 21,31,1905AGJBHF,,,0,,3.6,2.7,Not Passed,8.9,2,1.8
FA2024,FA2024-class 21,32,1905AHJEID,,,8,,8.4,8.4,Passed,8.7,7.6,9
FA2024,FA2024-class 21,33,1905AHJFDE,,,7,,9.2,6.5,Passed,9,7.6,2.3
FA2024,FA2024-class 21,34,1905AHJJHH,,,7,,7.6,6.7,Passed,8.2,7.6,4.8
FA2024,FA2024-class 21,35,1905AHJFGA,,,2,,6.7,5.8,Passed,9.2,7.2,5.8
FA2024,FA2024-class 22,1,1905AIFBFJ,,,6,,8.2,8,Passed,5.2,8.5,9.8
FA2024,FA2024-class 22,2,1905AHJGCI,,,5,,6.9,6.2,Passed,7.8,8.5,5
FA2024,FA2024-class 22,3,1905AHBCDJ,,,6.5,,6.5,6,Passed,8.4,5,4.6
FA2024,FA2024-class 22,4,1905AHJGEJ,,,6.5,,0,2.9,Not Passed,6.9,5,1.5
FA2024,FA2024-class 22,5,1905AHJGGC,,,3,,8.6,5,Passed,7.8,7,1
FA2024,FA2024-class 22,6,1905AHJGHE,,,7.5,,6.6,6.1,Passed,8.5,7.3,3.5
FA2024,FA2024-class 22,7,1905AHJGBD,,,3,,7.3,6,Passed,8,6.6,5.8
FA2024,FA2024-class 22,8,1905AEJGIB,,,6,,4.5,4.7,Not Passed,6.8,7.8,2.3
FA2024,FA2024-class 22,9,1905AHJGGE,,,3,,7.2,5.4,Passed,7.5,7,3.8
FA2024,FA2024-class 22,10,1905AHJGBB,,,6,,7.8,7.4,Passed,8.4,8,7.3
FA2024,FA2024-class 22,11,1905AHJGGF,,,3,,5.9,6,Passed,8.7,8,6.6
FA2024,FA2024-class 22,12,1905AHDDAI,,,8,,6,5.4,Passed,6.9,6.5,2.3
FA2024,FA2024-class 22,13,1905AHJGAI,,,6.5,,8.4,8.1,Passed,8,8,9
FA2024,FA2024-class 22,14,1905AHAEDB,,,7.5,,5.7,6.4,Passed,7.3,7.9,5.5
FA2024,FA2024-class 22,15,1905AHDCHH,,,8,,8,7.1,Passed,7.9,8.1,5
FA2024,FA2024-class 22,16,1905AHBGED,,,5,,9.6,6.2,Passed,8.3,6,2.8
FA2024,FA2024-class 22,17,1905AGCDHB,,,6.5,,5.1,5.7,Passed,7.3,7.1,4.6
FA2024,FA2024-class 22,18,1905AHJGBH,,,6.5,,5.7,6.1,Passed,8.5,7.9,5
FA2024,FA2024-class 22,19,1905AHJGCB,,,6,,6.9,7.5,Passed,8.6,8.4,8.5
FA2024,FA2024-class 22,20,1905AHJGCC,,,6.5,,6.5,6.7,Passed,7.8,6.5,6.8
FA2024,FA2024-class 22,21,1905AHBHGA,,,6,,6.5,6.5,Passed,7.8,6.4,6.3
FA2024,FA2024-class 22,22,1905AHAECG,,,7.5,,4.5,5.7,Passed,8.3,8.5,3.8
FA2024,FA2024-class 22,23,1905AHJGBG,,,6.5,,7.8,7.3,Passed,7.5,7.8,7
FA2024,FA2024-class 22,24,0805AHFEAE,,,6,,7.1,5.5,Passed,6.7,7.8,2.3
FA2024,FA2024-class 22,25,1905AHJGCD,,,5,,6.7,6.2,Passed,8,6.5,5.8
FA2024,FA2024-class 22,26,1905AHJGBC,,,6,,6.4,7.1,Passed,8.5,8,7.8
FA2024,FA2024-class 22,27,1905AHAEGD,,,6,,7.3,7.1,Passed,7.6,6.6,7.5
FA2024,FA2024-class 22,28,1905AICJCG,,,6,,7,7.6,Passed,8,8.3,8.8
FA2024,FA2024-class 22,29,1905AGAAFC,,,0,,0,0,Attendance Fail,0,0,0
FA2024,FA2024-class 22,30,1905AHJGHC,,,6.5,,8.2,7.7,Passed,6.2,7.3,8.8
FA2024,FA2024-class 22,31,1905AHJGCJ,,,6.5,,8.8,8.4,Passed,6.4,8,10
FA2024,FA2024-class 22,32,1905AHAECF,,,7.5,,8.8,8.8,Passed,8.2,8.3,10
FA2024,FA2024-class 22,33,1905AHBHAC,,,8,,5.3,6.9,Passed,6.6,6.3,8
FA2024,FA2024-class 22,34,1905AHJGEF,,,3,,5.3,5.4,Passed,6.4,7.9,5.8
FA2024,FA2024-class 22,35,1905AHJGAB,,,8,,4.7,5.9,Passed,8.5,8,4.3
FA2024,FA2024-class 23,1,1905AHAFJC,,,5,,5.4,6.9,Passed,7.5,8.1,9
FA2024,FA2024-class 23,2,1905AHAGJI,,,4,,5.5,6.1,Passed,8.6,6.6,7
FA2024,FA2024-class 23,3,1905AHAGAB,,,4,,7.6,7,Passed,7.4,7.6,8
FA2024,FA2024-class 23,4,1905AHAFGE,,,6,,6.6,6.3,Passed,6.6,7.9,5.5
FA2024,FA2024-class 23,5,1905AHCDBA,,,6.5,,9.6,7.9,Passed,8.6,8,6.7
FA2024,FA2024-class 23,6,1905AIBEBG,,,6,,8.2,7.7,Passed,8.1,8.5,8
FA2024,FA2024-class 23,7,1905AHAFEE,,,5,,8,6.9,Passed,7.2,6.4,7
FA2024,FA2024-class 23,8,1905AHAGFC,,,8,,8.8,8.7,Passed,8.6,9,9
FA2024,FA2024-class 23,9,1905AHCCBE,,,6,,7,5.5,Passed,6.6,6.4,3
FA2024,FA2024-class 23,10,1905AHJEAC,,,5,,7.1,6.2,Passed,7.5,7.9,5
FA2024,FA2024-class 23,11,1905AHAHEB,,,5,,6.7,7.4,Passed,8.4,8.8,9
FA2024,FA2024-class 23,12,1905AHBJJC,,,4,,8.6,6.6,Passed,6.8,7.5,5.8
FA2024,FA2024-class 23,13,1905AHAGBH,,,7.5,,7.4,7.9,Passed,7.6,7.4,9
FA2024,FA2024-class 23,14,1905AHAEGH,,,7,,8.2,8.2,Passed,7.8,8.9,9
FA2024,FA2024-class 23,15,1905AHAFHD,,,5,,8.4,7.9,Passed,8.5,8.3,9
FA2024,FA2024-class 23,16,1905AHJDDA,,,5,,6.7,5.2,Passed,7.4,6.6,2.8
FA2024,FA2024-class 23,17,1905AHCDJH,,,5,,7.3,6.5,Passed,7.1,8.8,5.8
FA2024,FA2024-class 23,18,1905AHAFHB,,,5,,8,6.5,Passed,8,7.9,5
FA2024,FA2024-class 23,19,1905AHCHHC,,,6.5,,5.5,5.5,Passed,9.1,8,2.8
FA2024,FA2024-class 23,20,1905AHDAID,,,0,,0,0,Attendance Fail,0,0,0
FA2024,FA2024-class 23,21,1905AICDHH,,,6,,5.8,6.3,Passed,7.6,8,5.9
FA2024,FA2024-class 23,22,1905AHAEEH,,,5,,7.2,7.2,Passed,9.1,7.8,8
FA2024,FA2024-class 23,23,1905AHAGBJ,,,4,,6.5,6.5,Passed,8.6,8.4,7
FA2024,FA2024-class 23,24,1905AHDHAB,,,6.5,,7.6,7.9,Passed,8.9,8,8.8
FA2024,FA2024-class 23,25,1905AGBBFB,,,0,,0,0,Attendance Fail,0,0,0
FA2024,FA2024-class 23,26,1905AHAFFG,,,0,,0,0.8,Attendance Fail,2.7,5.8,0
FA2024,FA2024-class 23,27,1905AHAGCA,,,6,,8.4,8,Passed,7.2,8.6,8.9
FA2024,FA2024-class 23,28,1905AIAACJ,,,6,,0,2.6,Attendance Fail,7,6.6,0
FA2024,FA2024-class 23,29,1905AIDFEC,,,6.5,,7,8.1,Passed,8.4,8.8,10
FA2024,FA2024-class 23,30,1905AHDDGA,,,6,,7.8,5.6,Passed,6.8,6,2.5
FA2024,FA2024-class 23,31,1905AHAGCF,,,7.5,,8,7.3,Passed,7.9,9,5.7
FA2024,FA2024-class 23,32,1905AHAGAA,,,5,,7.6,5.9,Passed,8.6,8.5,3
FA2024,FA2024-class 23,33,1905AHAFEC,,,5,,8.2,5.3,Passed,7.9,7.9,1
FA2024,FA2024-class 23,34,1905AHDGII,,,6.5,,7.6,7.5,Passed,8.8,8.1,7.5
FA2024,FA2024-class 23,35,1905AHJEEH,,,6,,7.8,6.5,Passed,7,8.8,4.5
FA2024,FA2024-class 24,1,1905AHDIED,,,3,,6.1,6.6,Passed,7.6,7,9
FA2024,FA2024-class 24,2,1905AICGDD,,,9,,7.8,7.5,Passed,7.1,7.6,6.3
FA2024,FA2024-class 24,3,1905AHAGIC,,,5,,8.8,7.6,Passed,8.3,8.1,7.8
FA2024,FA2024-class 24,4,1905AHJEHB,,,6,,7.4,6.5,Passed,7.6,8,5
FA2024,FA2024-class 24,5,1905AHDBIB,,,3,,7.8,6.2,Passed,8.6,8.8,5
FA2024,FA2024-class 24,6,1905AHAHDD,,,6.5,,7.8,8,Passed,9,7.9,8.8
FA2024,FA2024-class 24,7,1905AIDFHC,,,9,,8,8.4,Passed,7.4,8.8,8.5
FA2024,FA2024-class 24,8,1905AHAGHA,,,5.5,,7.6,6,Passed,7.7,7.4,3.8
FA2024,FA2024-class 24,9,1905AHAGID,,,5,,7.8,6.5,Passed,8.3,6.3,5.8
FA2024,FA2024-class 24,10,1905AHAHJC,,,9,,8.4,8.2,Passed,6.8,7.9,8
FA2024,FA2024-class 24,11,1905AHAGEB,,,5.5,,8,6.9,Passed,8.1,7.9,5.9
FA2024,FA2024-class 24,12,1905AHJEEB,,,9,,7.2,8.3,Passed,8.7,8,9
FA2024,FA2024-class 24,13,1905AHAGDD,,,5.5,,6.9,6.7,Passed,8.1,6.5,6.8
FA2024,FA2024-class 24,14,1905AIBDAF,,,5,,7.8,6.7,Passed,7.1,8,6.1
FA2024,FA2024-class 24,15,1905AHAHAI,,,6.5,,6.6,7.5,Passed,8.3,7.9,8.8
FA2024,FA2024-class 24,16,1905AIDJAG,,,9,,5.5,7.9,Passed,6.9,7.8,10
FA2024,FA2024-class 24,17,1905AHJGJA,,,6,,7.8,5.8,Passed,8,6,3
FA2024,FA2024-class 24,18,1905AHAHJG,,,6.5,,4.6,7.3,Passed,8.6,7.4,10
FA2024,FA2024-class 24,19,1905AIBFIE,,,9,,8.2,8.7,Passed,8.3,9,9
FA2024,FA2024-class 24,20,1905AHAGEF,,,9,,8.8,8.2,Passed,7.1,6.8,7.8
FA2024,FA2024-class 24,21,1905AHAHBG,,,9,,8.8,8.8,Passed,8.6,9,8.8
FA2024,FA2024-class 24,22,1905AHBHHD,,,9,,5.5,6.1,Passed,7.2,7.3,4.1
FA2024,FA2024-class 24,23,1905AHAHCI,,,9,,9.2,8,Passed,7.9,5.5,7
FA2024,FA2024-class 24,24,1905AHAGII,,,9,,8.4,8.7,Passed,7.9,8.8,9
FA2024,FA2024-class 24,25,1905AIJDAJ,,,5,,7.4,6.5,Passed,7.9,8.8,5.4
FA2024,FA2024-class 24,26,1905AHAGHJ,,,5.5,,7.2,7.3,Passed,8.1,5,9
FA2024,FA2024-class 24,27,1905AHAGIA,,,6,,0,3.9,Attendance Fail,3.6,6,5.8
FA2024,FA2024-class 24,28,1905AIJEGE,,,5,,8.2,5.9,Passed,7.1,7.8,3.3
FA2024,FA2024-class 24,29,1905AHAHJE,,,6.5,,8.2,7.8,Passed,9,7.8,8
FA2024,FA2024-class 24,30,1905AHCBDD,,,5,,6.9,6.3,Passed,4.9,6.5,7
FA2024,FA2024-class 24,31,1905AHBFHH,,,6,,6.1,6.8,Passed,7.5,8,7.3
FA2024,FA2024-class 24,32,1905AHAGIG,,,5,,7.8,6.9,Passed,8.6,6.5,6.8
FA2024,FA2024-class 24,33,1905AHAHAD,,,9,,5.5,6.4,Passed,8.5,6,4.9
FA2024,FA2024-class 24,34,1905AHAHJA,,,9,,8,8.4,Passed,7.7,8,8.9
FA2024,FA2024-class 24,35,1905AHDJGD,,,3,,7.6,5.5,Passed,7.4,7.3,4
FA2024,FA2024-class 25,1,1905AHAHFG,,,6.5,,7.6,8.3,Passed,8.9,8.9,9.8
FA2024,FA2024-class 25,2,1905AHBABE,,,4,,6.9,6.3,Passed,7,7.9,6.5
FA2024,FA2024-class 25,3,1905AHAIBH,,,4,,9.2,7.5,Passed,8.1,5,8.8
FA2024,FA2024-class 25,4,1905AHAIGB,,,8.5,,5.1,5.1,Passed,5.1,6.5,2.3
FA2024,FA2024-class 25,5,1905AHAIGH,,,8.5,,4.5,5.1,Passed,7.4,7,2.1
FA2024,FA2024-class 25,6,1905AFJEFJ,,,4,,8,6.7,Passed,8.3,6.5,6.8
FA2024,FA2024-class 25,7,1905AFAECD,,,4,,9.4,7,Passed,7,5.9,7
FA2024,FA2024-class 25,8,1905AHAIIG,,,7,,6.3,6.5,Passed,7.7,8,5.5
FA2024,FA2024-class 25,9,1905AHAHED,,,8,,8.2,8.4,Passed,8.3,8.4,9
FA2024,FA2024-class 25,10,1905AHJCBG,,,4,,6.9,5.8,Passed,7,8,4.7
FA2024,FA2024-class 25,11,1905AIJIJC,,,6.5,,8.2,6.7,Passed,8.3,8.9,4.1
FA2024,FA2024-class 25,12,1905AIJFCA,,,7,,6.4,7.5,Passed,7.4,7.9,9
FA2024,FA2024-class 25,13,1905AHJBIA,,,4,,6.8,4.7,Not Passed,7.5,6.5,1.6
FA2024,FA2024-class 25,14,1905AHJJJD,,,7,,8,8.4,Passed,7.3,8.9,10
FA2024,FA2024-class 25,15,1905AHAHFD,,,6.5,,5.1,6.9,Passed,8.6,7.6,8.3
FA2024,FA2024-class 25,16,1905AHDDJJ,,,7,,8,8,Passed,7.7,9.1,8.3
FA2024,FA2024-class 25,17,1905AHAIEG,,,6.5,,7.8,6.7,Passed,8.6,7.8,4.9
FA2024,FA2024-class 25,18,1905AIBDBC,,,6.5,,7.6,6.3,Passed,8.2,7.8,3.8
FA2024,FA2024-class 25,19,1905AHAIHE,,,6.5,,9.2,7.7,Passed,8.3,8.1,6.8
FA2024,FA2024-class 25,20,1905AHAIAH,,,4,,0,1.7,Not Passed,3.5,5,0
FA2024,FA2024-class 25,21,1905AHAIAD,,,6.5,,6.8,5.7,Passed,8.4,6,3
FA2024,FA2024-class 25,22,1905AHAHGB,,,6.5,,7.1,6.5,Passed,8.4,8,4.7
FA2024,FA2024-class 25,23,1905AICBDB,,,7,,6.8,7.7,Passed,7.3,8.5,9
FA2024,FA2024-class 25,24,1905AHAIAG,,,8,,8,8.2,Passed,8.4,7.5,8.8
FA2024,FA2024-class 25,25,1905AHAIDA,,,8.5,,7.3,6.1,Passed,7.8,6,2.8
FA2024,FA2024-class 25,26,1905AHBJJD,,,7,,7.3,7.4,Passed,7.3,9,7.3
FA2024,FA2024-class 25,27,1905AHAHFC,,,8,,8,7.5,Passed,7.6,6.8,6.9
FA2024,FA2024-class 25,28,1905AHAIEH,,,6.5,,8,7.5,Passed,8.8,8.5,7
FA2024,FA2024-class 25,29,1905AHBJJB,,,9,,6.1,7.7,Passed,7.5,6.6,9
FA2024,FA2024-class 25,30,1905AHJFGG,,,8,,8,8.4,Passed,7.8,9,9
FA2024,FA2024-class 25,31,1905AHJFHC,,,7,,0,3.3,Not Passed,7.3,6.4,1.9
FA2024,FA2024-class 25,32,1905AIAJEG,,,6.5,,6.5,5.9,Passed,8.1,7,3.7
FA2024,FA2024-class 25,33,1905AIJHDA,,,6.5,,6.6,6.8,Passed,8.4,8.9,6
FA2024,FA2024-class 25,34,1905AHAIED,,,6.5,,7.1,6.5,Passed,8.6,6.5,5.3
FA2024,FA2024-class 25,35,1905AHAIGJ,,,9,,9,6.6,Passed,8.1,6.5,2.3
FA2024,FA2024-class 26,1,1905AHBJDA,,,7.5,,7.8,7.6,Passed,8.5,7,7.3
FA2024,FA2024-class 26,2,1905AEJFFE,,,7.5,,6.1,5.9,Passed,8.5,8.6,3
FA2024,FA2024-class 26,3,1905AIDIDA,,,6.5,,4.5,5.2,Passed,8.7,4.4,4
FA2024,FA2024-class 26,4,1905AIDJHC,,,8.5,,6.8,8.1,Passed,9.2,7.6,8.8
FA2024,FA2024-class 26,5,1905AFJBEG,,,0,,0,0.2,Attendance Fail,0,2,0
FA2024,FA2024-class 26,6,1905AHBJBD,,,8.5,,8.4,6.6,Passed,7.8,8.6,2.4
FA2024,FA2024-class 26,7,1905AHAHBC,,,8,,7.6,8.2,Passed,8.3,8.2,9
FA2024,FA2024-class 26,8,1905AHBJBB,,,5.5,,4.4,6.6,Passed,9.5,5.4,8.8
FA2024,FA2024-class 26,9,1905AHDJBG,,,0,,0,0,Attendance Fail,0,0,0
FA2024,FA2024-class 26,10,1905AHJCHJ,,,0,,0,0,Attendance Fail,0,0,0
FA2024,FA2024-class 26,11,1905AHBACA,,,9,,8.2,8.3,Passed,9.2,9.6,7.3
FA2024,FA2024-class 26,12,1905AGCDAE,,,0,,0,0.2,Attendance Fail,0,1.8,0
FA2024,FA2024-class 26,13,1905AIDABF,,,8,,7.2,7.7,Passed,9,7,7.8
FA2024,FA2024-class 26,14,1905AHDHFB,,,7,,4.7,5,Passed,8.5,6.8,2.3
FA2024,FA2024-class 26,15,1905AHDEAC,,,7.5,,6,5.9,Passed,9.4,8.8,2.7
FA2024,FA2024-class 26,16,1905AHBIBJ,,,7.5,,0,3.5,Not Passed,7.9,5.4,2.3
FA2024,FA2024-class 26,17,1905AIJGDB,,,9,,8.2,8.9,Passed,9,7.2,10
FA2024,FA2024-class 26,18,1905AHCJJB,,,8,,6.1,6.2,Passed,8.2,6.8,4.3
FA2024,FA2024-class 26,19,1905AHJECA,,,5.5,,4.4,5.2,Passed,8.9,7.4,4
FA2024,FA2024-class 26,20,1905AHDJBI,,,8.5,,6.8,8.2,Passed,8.7,8.8,9
FA2024,FA2024-class 26,21,1905AHBGDJ,,,4,,5.8,6.3,Passed,8.9,5.2,8
FA2024,FA2024-class 26,22,1905AHDDEH,,,7.5,,6.1,6.7,Passed,8.8,9.2,5.2
FA2024,FA2024-class 26,23,1905AGBIGE,,,7.5,,0,2,Attendance Fail,0,5.2,0
FA2024,FA2024-class 26,24,1905AHBACE,,,7,,4.8,6.3,Passed,8.9,7,6.3
FA2024,FA2024-class 26,25,1905AIDJIE,,,7,,5,6.6,Passed,8.7,8.4,6.8
FA2024,FA2024-class 26,26,1905AHJBIG,,,8.5,,7.3,8,Passed,9.2,9.6,7.3
FA2024,FA2024-class 26,27,1905AHBJDE,,,9.5,,7.3,8.8,Passed,9.2,8.3,9.8
FA2024,FA2024-class 26,28,1905AIDBGA,,,9,,4.4,4.8,Not Passed,9.4,7.4,0
FA2024,FA2024-class 26,29,1905AHAIGI,,,8.5,,6.3,5.7,Passed,8.7,9.2,1
FA2024,FA2024-class 26,30,1905AIDHEE,,,7.5,,6.5,5.3,Passed,8.7,6.6,1
FA2024,FA2024-class 26,31,1905AHBJII,,,10,,7.6,8.9,Passed,9,9,9.3
FA2024,FA2024-class 27,1,1905AHBCJG,,,0,,0,0,Attendance Fail,0,0,0
FA2024,FA2024-class 27,2,1905AIFCBA,,,10,,8.4,9.4,Passed,9.1,10,10
FA2024,FA2024-class 27,3,1905AHBBAH,,,0,,0,1.1,Not Passed,6.8,0,1.3
FA2024,FA2024-class 27,4,1905AHBAJF,,,10,,8.4,9.4,Passed,9.2,10,10
FA2024,FA2024-class 27,5,1905AHBAGH,,,4.9,,8.2,5.2,Passed,5.7,4.9,2.5
FA2024,FA2024-class 27,6,1905AHBADF,,,2.5,,7,5.6,Passed,9.2,2.5,6
FA2024,FA2024-class 27,7,1905AHBBGI,,,1.3,,0,2.5,Not Passed,8.2,1.3,4.3
FA2024,FA2024-class 27,8,1905AHBAGJ,,,0,,0,1.5,Not Passed,7.7,0,2.6
FA2024,FA2024-class 27,9,1905AHJDCC,,,5.5,,8.8,8.1,Passed,8.5,5.5,10
FA2024,FA2024-class 27,10,1905AHBAJI,,,4,,6.8,7.1,Passed,8.2,4,10
FA2024,FA2024-class 27,11,1905AHJDBB,,,2.5,,6.1,6,Passed,7.4,2.5,8.8
FA2024,FA2024-class 27,12,1905AHBAEC,,,4,,6.7,5.4,Passed,7.9,4,4.8
FA2024,FA2024-class 27,13,1905AHBCJE,,,5.8,,6.5,5.6,Passed,8.4,5.8,3.5
FA2024,FA2024-class 27,14,1905AHBAEA,,,0,,0,0.8,Not Passed,8.3,0,0
FA2024,FA2024-class 27,15,1905AHBBIC,,,8.8,,6.6,7.1,Passed,7.5,8.8,5.8
FA2024,FA2024-class 27,16,1905AHBAGC,,,5,,6.7,5.3,Passed,8.3,5,3.3
FA2024,FA2024-class 27,17,1905AHBAIF,,,2,,0,1.7,Not Passed,5.2,2,2
FA2024,FA2024-class 27,18,1905AHAFGI,,,4,,8.2,7.2,Passed,8.8,4,8.8
FA2024,FA2024-class 27,19,1905AHBBBJ,,,0,,0,0.4,Attendance Fail,4.2,0,0
FA2024,FA2024-class 27,20,1905AHDBFE,,,4,,7.1,5.8,Passed,6.8,4,5.8
FA2024,FA2024-class 27,21,1905AHJDCJ,,,4,,7.8,5.9,Passed,6.9,4,5.6
FA2024,FA2024-class 27,22,1905AHBBHJ,,,4,,9,6.7,Passed,7.3,4,6.8
FA2024,FA2024-class 27,23,1905AGJDCJ,,,5.5,,5.7,5.2,Passed,7.3,5.5,3.8
FA2024,FA2024-class 27,24,1905AHAHAJ,,,5.5,,9.4,7.9,Passed,7.5,5.5,8.8
FA2024,FA2024-class 27,25,1905AHJDEE,,,6.1,,9,8,Passed,8.5,6.1,8.8
FA2024,FA2024-class 27,26,1905AHBBAA,,,6.5,,9.4,8.1,Passed,8.3,6.5,8.5
FA2024,FA2024-class 27,27,1905AIFCJI,,,10,,9,9.3,Passed,9.2,10,9
FA2024,FA2024-class 27,28,1905AHBADA,,,4,,6.7,5.5,Passed,8.5,4,4.8
FA2024,FA2024-class 27,29,1905AHBAFC,,,0,,0,0,Attendance Fail,0,0,0
FA2024,FA2024-class 27,30,1905AHBBJG,,,1,,8.6,5.1,Passed,8.3,1,4.8
FA2024,FA2024-class 27,31,1905AHBAFI,,,9.7,,7.4,7.7,Passed,6.4,9.7,6.5
FA2024,FA2024-class 27,32,1905AHBBJC,,,10,,6.9,7.4,Passed,7.3,10,5.3
FA2024,FA2024-class 27,33,1905AICBCA,,,0,,0,1.2,Not Passed,6.5,0,1.8
FA2024,FA2024-class 27,34,1905AHDGHE,,,0,,0,1.6,Not Passed,7.5,0,2.8
FA2024,FA2024-class 28,1,1905AHBEBE,,,9,,8.4,8.8,Passed,7.5,9.1,9.5
FA2024,FA2024-class 28,2,1905AGJAII,,,0,,0,0,Attendance Fail,0,0,0
FA2024,FA2024-class 28,3,1905AHBEAC,,,8.5,,8,8.2,Passed,7.9,6.5,8.8
FA2024,FA2024-class 28,4,1905AHBEII,,,6.5,,0,2.7,Not Passed,7.1,7,0
FA2024,FA2024-class 28,5,1905AHJEFF,,,9.5,,6.5,7,Passed,7.3,9,5
FA2024,FA2024-class 28,6,1905AHBBCE,,,6,,6.7,5.5,Passed,7.5,6,3
FA2024,FA2024-class 28,7,1905AIBJDD,,,8.5,,6.3,7.1,Passed,5.7,8.8,6.8
FA2024,FA2024-class 28,8,1905AHBFCF,,,6,,8.6,7.9,Passed,8.8,8.8,7.8
FA2024,FA2024-class 28,9,1905AIBHJB,,,8,,6.9,6.5,Passed,7.6,7.8,4.3
FA2024,FA2024-class 28,10,1905AHBCHG,,,3,,6.4,5.2,Passed,7.5,7.3,3.9
FA2024,FA2024-class 28,11,1905AHBDHF,,,7.5,,5.5,5.8,Passed,7.6,8,3.6
FA2024,FA2024-class 28,12,1905AHBCGF,,,3,,7.2,5.1,Passed,7.9,6.4,2.9
FA2024,FA2024-class 28,13,1905AGBGFA,,,6,,0,2.8,Not Passed,6.4,5,1.5
FA2024,FA2024-class 28,14,1905AHAICB,,,9.5,,7.6,8.4,Passed,7.2,8.1,9
FA2024,FA2024-class 28,15,1905AHBEIB,,,6.5,,8.2,8.1,Passed,8.1,8,9
FA2024,FA2024-class 28,16,1905AHBCIE,,,3,,9.4,7,Passed,8.1,7.8,6.5
FA2024,FA2024-class 28,17,1905AHBFJC,,,6.5,,7.8,7,Passed,8.1,9,5.5
FA2024,FA2024-class 28,18,1905AHJBIF,,,8,,9.4,6.7,Passed,7.8,6.5,2.8
FA2024,FA2024-class 28,19,1905AHBDBI,,,5,,9.4,5.2,Passed,7.3,5,0.5
FA2024,FA2024-class 28,20,1905AGAEID,,,8,,6.9,6.6,Passed,7.2,7.4,4.8
FA2024,FA2024-class 28,21,1905AHJDBJ,,,6,,7.6,6.2,Passed,8,6,4.4
FA2024,FA2024-class 28,22,1905AHJEED,,,9.5,,8.4,8.8,Passed,7.4,9.1,9
FA2024,FA2024-class 28,23,1905AICBEH,,,8.5,,9.4,8.8,Passed,7.6,8.9,8.8
FA2024,FA2024-class 28,24,1905AHBFCJ,,,6,,5.8,5.3,Passed,6.7,8,3
FA2024,FA2024-class 28,25,1905AHJAGE,,,6,,6.9,6.6,Passed,7.2,8.6,6
FA2024,FA2024-class 28,26,1905AHBFJH,,,6.5,,8.4,7.1,Passed,8.3,8,5.5
FA2024,FA2024-class 28,27,1905AHBCFI,,,3,,5.2,4,Not Passed,7.8,5,1.8
FA2024,FA2024-class 28,28,1905AHCEFJ,,,5,,4.9,5.4,Passed,6.8,8.6,4.5
FA2024,FA2024-class 28,29,1905AHAFFJ,,,6,,9.4,6.2,Passed,8.5,7,2
FA2024,FA2024-class 28,30,1905AHBFBA,,,8,,3.4,4,Not Passed,7.2,6.5,0
FA2024,FA2024-class 28,31,1905AHBDBB,,,6,,7.6,6.8,Passed,7.6,7.8,5.8
FA2024,FA2024-class 28,32,1905AIDFJG,,,6,,7.8,6.4,Passed,6.7,6.3,5.3
FA2024,FA2024-class 28,33,1905AHBEHH,,,6,,9,8.4,Passed,6.4,8.3,10
FA2024,FA2024-class 28,34,1905AHBCGB,,,5,,9.4,5.8,Passed,7.5,5,2.3
FA2024,FA2024-class 28,35,1905AHJBDA,,,8.5,,8.8,8.6,Passed,8.6,7.5,9
FA2024,FA2024-class 29,1,1905AHBFHF,,,3,,5.6,5.8,Passed,9,6.6,6.5
FA2024,FA2024-class 29,2,1905AHBCEI,,,9,,8.4,7.6,Passed,9.2,9,4.8
FA2024,FA2024-class 29,3,1905AHBGCC,,,9,,7.8,6.8,Passed,9.5,9,2.8
FA2024,FA2024-class 29,4,1905AHBFGC,,,9,,9,8.3,Passed,8.5,7.2,7.5
FA2024,FA2024-class 29,5,1905AFADGI,,,1,,0,0.6,Attendance Fail,0,3.6,0
FA2024,FA2024-class 29,6,1905AHBFII,,,9,,7.6,6.6,Passed,9.7,9,2.3
FA2024,FA2024-class 29,7,1905AEACEC,,,1,,0,1,Attendance Fail,4.5,3.6,0
FA2024,FA2024-class 29,8,1905AHBFIH,,,9,,5.7,5.7,Passed,9.2,9,1.4
FA2024,FA2024-class 29,9,1905AHBGJC,,,8,,8,6.9,Passed,8.4,9,3.8
FA2024,FA2024-class 29,10,1905AHBGBC,,,9,,7.6,6.8,Passed,9.9,9,2.8
FA2024,FA2024-class 29,11,1905AHBGAC,,,9,,7.3,8.2,Passed,9.3,9,7.8
FA2024,FA2024-class 29,12,1905AHCEDA,,,3,,7.2,6,Passed,9.2,8.4,5
FA2024,FA2024-class 29,13,1905AHBGJA,,,1,,0,1.1,Attendance Fail,4,5.2,0
FA2024,FA2024-class 29,14,1905AHBBJH,,,9,,4.2,6.3,Passed,8.5,9,5
FA2024,FA2024-class 29,15,1905AHBGJB,,,9,,5.1,6.3,Passed,9.7,9,3.8
FA2024,FA2024-class 29,16,1905AHBGEB,,,9,,6.8,6.4,Passed,9.5,9,2.3
FA2024,FA2024-class 29,17,1905AHBFFB,,,8,,8.4,7.8,Passed,8.2,8,6.8
FA2024,FA2024-class 29,18,1905AHBGBI,,,3,,7,4.7,Not Passed,9.7,8.4,0.5
FA2024,FA2024-class 29,19,1905AHJDIE,,,9,,7.4,7.9,Passed,9,9,7
FA2024,FA2024-class 29,20,1905AHCDAF,,,1,,0,0.8,Not Passed,0,6,0
FA2024,FA2024-class 29,21,1905AHJFDD,,,8,,8.6,7.6,Passed,9.2,9,5.5
FA2024,FA2024-class 29,22,1905AHJEDF,,,9,,5.5,8.2,Passed,9,9,9.7
FA2024,FA2024-class 29,23,1905AHBFEB,,,9,,6.9,6.6,Passed,9.4,9,3
FA2024,FA2024-class 29,24,1905AGJBIH,,,1,,0,1.4,Attendance Fail,0,7.4,1.6
FA2024,FA2024-class 29,25,1905AHBFFH,,,9,,5.4,6.6,Passed,8.9,9,4.5
FA2024,FA2024-class 29,26,1905AHJCBE,,,1,,0,0.4,Attendance Fail,0,1.8,0
FA2024,FA2024-class 29,27,1905AHJECI,,,9,,5.4,6.8,Passed,8.9,9,5.2
FA2024,FA2024-class 29,28,1905AHBGCG,,,9,,7.8,6.2,Passed,8.9,9,1
FA2024,FA2024-class 29,29,1905AICABC,,,1,,0,0.6,Attendance Fail,0,3.6,0
FA2024,FA2024-class 29,30,1905AHCCIF,,,8,,7,6.5,Passed,4.2,9,4.8
FA2024,FA2024-class 29,31,1905AICDHE,,,8,,5.7,6.1,Passed,8.9,1.8,5.8
FA2024,FA2024-class 29,32,1905AHBFIA,,,9,,7.3,6.4,Passed,9.7,7.6,2.4
FA2024,FA2024-class 29,33,1905AHJDFB,,,9,,9,9.2,Passed,8.8,9,9.7
FA2024,FA2024-class 30,1,1905AHBGHG,,,8,,8.6,7.9,Passed,6.4,4.8,8.8
FA2024,FA2024-class 30,2,1905AHCAAF,,,8,,8.2,6.3,Passed,8.5,8.2,2
FA2024,FA2024-class 30,3,1905AHJAEC,,,8.5,,8.6,7,Passed,8,7.5,4
FA2024,FA2024-class 30,4,1905AHCJAA,,,8,,7.8,7.8,Passed,7,7.8,7.8
FA2024,FA2024-class 30,5,1905AHCGEJ,,,6.5,,8.4,8,Passed,9.6,9.6,7.5
FA2024,FA2024-class 30,6,1905AHBGGC,,,8.5,,6.9,6.2,Passed,8.2,8.5,2.4
FA2024,FA2024-class 30,7,1905AHBIIC,,,8,,5.7,5.2,Passed,7.5,7.3,1.5
FA2024,FA2024-class 30,8,1905AHCAHG,,,6.5,,8,7.2,Passed,9.3,9.1,5.6
FA2024,FA2024-class 30,9,1905AHDJGI,,,6.5,,8.8,7.7,Passed,7.9,7.8,7.3
FA2024,FA2024-class 30,10,1905AHBGGB,,,8,,5.6,4.7,Not Passed,8,4.4,0.5
FA2024,FA2024-class 30,11,1905AHBICF,,,8.5,,9.6,9.1,Passed,7.8,8,9.7
FA2024,FA2024-class 30,12,1905AFBJIA,,,8,,4.1,6.3,Passed,8.1,6.3,6.8
FA2024,FA2024-class 30,13,1905AHCEAE,,,8,,7.1,7.6,Passed,8.6,8.7,7.1
FA2024,FA2024-class 30,14,1905AHJEEG,,,8.5,,7.6,7.5,Passed,8.7,8.3,6
FA2024,FA2024-class 30,15,1905AHCABE,,,8,,5.7,6,Passed,8,7.9,3.8
FA2024,FA2024-class 30,16,1905AHCJIC,,,8,,7.4,6.5,Passed,8,7.8,3.8
FA2024,FA2024-class 30,17,1905AHBGGA,,,0,,0,0,Attendance Fail,0,0,0
FA2024,FA2024-class 30,18,1905AHDJDA,,,8,,4.6,5.1,Passed,7.5,7.4,2
FA2024,FA2024-class 30,19,1905AHBHEA,,,8,,7,5.7,Passed,5.8,5.7,2.8
FA2024,FA2024-class 30,20,1905AHBHGI,,,8,,7.2,6.9,Passed,7.3,6.3,5.8
FA2024,FA2024-class 30,21,1905AHCCHD,,,8,,5.1,7.5,Passed,8.5,8.7,8.8
FA2024,FA2024-class 30,22,1905AHBHJH,,,8.5,,8.8,8.3,Passed,8.9,9.3,7
FA2024,FA2024-class 30,23,1905AHBFFE,,,8,,4.4,5.2,Passed,7.9,7.4,2.5
FA2024,FA2024-class 30,24,1905AHBGID,,,8.5,,7.4,7.1,Passed,8.7,9,4.8
FA2024,FA2024-class 30,25,1905AHBIFH,,,8,,5.9,7.1,Passed,8.1,8.7,7
FA2024,FA2024-class 30,26,1905AHBICD,,,8,,7.1,7.1,Passed,6.9,9.3,5.8
FA2024,FA2024-class 30,27,1905AHBIBB,,,8,,6.5,6.8,Passed,7.8,7,6
FA2024,FA2024-class 30,28,1905AHBHJB,,,8,,5.7,7,Passed,8.6,9.7,6.3
FA2024,FA2024-class 30,29,1905AHBIBH,,,8,,4.7,5.2,Passed,8.2,7.3,2
FA2024,FA2024-class 30,30,1905AHJDAJ,,,8.5,,7.6,7.3,Passed,9.4,8.2,5.3
FA2024,FA2024-class 30,31,1905AHBHAA,,,0,,0,0,Attendance Fail,0,0,0
FA2024,FA2024-class 30,32,1905AHBIGI,,,8,,4.9,5.1,Passed,8,7.7,1.7
FA2024,FA2024-class 30,33,1905AHBHED,,,8.5,,8.2,8.6,Passed,9,9.3,8.8
FA2024,FA2024-class 30,34,1905AHDGBB,,,6.5,,7.8,7.5,Passed,9,9,7
FA2024,FA2024-class 30,35,1905AHBGHH,,,8.5,,7.2,8,Passed,9.2,9.2,7.8
FA2024,FA2024-class 31,1,1905AHCBBJ,,,8,,6.9,5.6,Passed,7.9,8.8,1
FA2024,FA2024-class 31,2,1905AHCGFB,,,8.3,,6.3,5.8,Passed,8.2,8.5,2
FA2024,FA2024-class 31,3,1905AHCCCF,,,8,,9.4,6.3,Passed,7.9,7.4,1.1
FA2024,FA2024-class 31,4,1905AHCCBA,,,7.8,,7.8,7.3,Passed,7.3,8.4,6
FA2024,FA2024-class 31,5,1905AHCBCG,,,9.3,,8.6,8.7,Passed,9,10,8
FA2024,FA2024-class 31,6,1905AHCJCF,,,8.5,,7,7.1,Passed,8.2,8.6,5.5
FA2024,FA2024-class 31,7,1905AIBHBG,,,9.3,,6.6,8.7,Passed,9.3,9.6,9.8
FA2024,FA2024-class 31,8,1905AICCAG,,,8,,3.8,4.9,Not Passed,8,8,2
FA2024,FA2024-class 31,9,1905AICJGF,,,8.8,,6.8,6.9,Passed,8.2,9.7,4.5
FA2024,FA2024-class 31,10,1905AHCJIE,,,8.5,,7.4,6.3,Passed,8.2,8.9,2.3
FA2024,FA2024-class 31,11,1905AHCJDF,,,7.5,,5.2,5,Passed,7.8,6.7,1.5
FA2024,FA2024-class 31,12,1905AHBHFA,,,6,,9.6,5.4,Passed,5,6.5,0.5
FA2024,FA2024-class 31,13,1905AHBHJA,,,0,,0,0.4,Attendance Fail,3.5,0,0
FA2024,FA2024-class 31,14,1905AHDADD,,,8.8,,7.6,8.8,Passed,8,9.9,9.8
FA2024,FA2024-class 31,15,1905AGJDAF,,,0,,0,0,Attendance Fail,0,0,0
FA2024,FA2024-class 31,16,1905AGABGE,,,8.3,,6.1,6.3,Passed,8,9,3.8
FA2024,FA2024-class 31,17,1905AICAGH,,,7.8,,6.3,5.1,Passed,7.4,8,0.5
FA2024,FA2024-class 31,18,1905AHCCFE,,,7.8,,7.6,5.7,Passed,7.3,8.8,0.8
FA2024,FA2024-class 31,19,1905AGBBCH,,,0,,0,0,Attendance Fail,0,0,0
FA2024,FA2024-class 31,20,1905AHDDBG,,,8.8,,8,7.8,Passed,8.8,9.6,6
FA2024,FA2024-class 31,21,1905AHBEBA,,,7.8,,4.7,5.3,Passed,7.7,8.4,2.5
FA2024,FA2024-class 31,22,1905AIDEFA,,,9,,9,8.4,Passed,8.7,9.6,6.8
FA2024,FA2024-class 31,23,1905AHCCJF,,,8.5,,6.2,7.4,Passed,8.4,9.3,7
FA2024,FA2024-class 31,24,1905AHCBHA,,,8.8,,6.8,7.6,Passed,8.7,9.3,6.6
FA2024,FA2024-class 31,25,1905AGCDDB,,,0,,0,0,Attendance Fail,0,0,0
FA2024,FA2024-class 31,26,1905AIBHDG,,,8.5,,4.1,5.9,Passed,8.5,8.5,4.4
FA2024,FA2024-class 31,27,1905AHJEGI,,,8.8,,8.2,8,Passed,8.2,9.4,6.8
FA2024,FA2024-class 31,28,1905AHBHFG,,,5,,5.8,4.4,Not Passed,5,7.6,1.2
FA2024,FA2024-class 31,29,1905AHDICI,,,7.8,,6.1,5.1,Passed,7.8,7.5,0.5
FA2024,FA2024-class 31,30,1905AHCBJA,,,8.5,,4.3,6.1,Passed,8.6,8.7,4.6
FA2024,FA2024-class 31,31,1905AHCAEB,,,8.8,,6.6,7.1,Passed,8.4,9.1,5.5
FA2024,FA2024-class 31,32,1905AHDDHE,,,8.5,,8.2,7.6,Passed,8,9,5.8
FA2024,FA2024-class 31,33,1905AHCJEA,,,8.8,,6.1,7.3,Passed,8.7,9.5,6.4
FA2024,FA2024-class 31,34,1905AHJFEB,,,8.5,,7.6,7.1,Passed,8.2,8.3,4.8
FA2024,FA2024-class 31,35,1905AHJEEA,,,9,,8.4,8,Passed,8.4,9.4,6.5
FA2024,FA2024-class 32,1,1905AIJGDG,,,6,,8,7.9,Passed,7.8,7.8,9
FA2024,FA2024-class 32,2,1905AHDDCF,,,7,,8.4,8.7,Passed,9.3,8.6,10
FA2024,FA2024-class 32,3,1905AIAJIH,,,6,,0,2.5,Not Passed,5.2,7.7,0
FA2024,FA2024-class 32,4,1905AHJJED,,,7,,8,7.3,Passed,9.3,8.7,5.8
FA2024,FA2024-class 32,5,1905AHCBDA,,,6.5,,9,6.3,Passed,7.7,8,2.3
FA2024,FA2024-class 32,6,1905AIDFJH,,,7,,7.1,6.6,Passed,7.5,7,5.3
FA2024,FA2024-class 32,7,1905AHCCGH,,,6.5,,6.3,5.4,Passed,7,8.3,2.3
FA2024,FA2024-class 32,8,1905AHDFID,,,6.5,,6.6,5.1,Passed,5.2,4.2,2.8
FA2024,FA2024-class 32,9,1905AHJCGD,,,6.5,,7.6,7.4,Passed,9.4,7.4,7
FA2024,FA2024-class 32,10,1905AHCEAB,,,7,,7.8,7.3,Passed,9.6,8.6,5.7
FA2024,FA2024-class 32,11,1905AHCDHA,,,7,,7.3,6,Passed,9.5,8.6,1.9
FA2024,FA2024-class 32,12,1905AHJJIA,,,7,,6.1,5.8,Passed,6.9,8.5,3.4
FA2024,FA2024-class 32,13,1905AHCECC,,,6,,5.7,7.1,Passed,7.6,7.9,8.8
FA2024,FA2024-class 32,14,1905AGAEDI,,,0,,0,0,Attendance Fail,0,0,0
FA2024,FA2024-class 32,15,1905AHCEBG,,,6,,5.5,6.2,Passed,8,7.9,6
FA2024,FA2024-class 32,16,1905AHCDDE,,,7,,8.2,7.7,Passed,9.3,8.4,6.8
FA2024,FA2024-class 32,17,1905AHDAEC,,,0,,0,0,Attendance Fail,0,0,0
FA2024,FA2024-class 32,18,1905AHCEHI,,,6.5,,8,6.5,Passed,8.6,7.2,4
FA2024,FA2024-class 32,19,1905AHCDCB,,,7,,4.5,5.3,Passed,9.2,8.6,2.5
FA2024,FA2024-class 32,20,1905AHCDIB,,,0,,0,1.1,Attendance Fail,4.2,6.9,0
FA2024,FA2024-class 32,21,1905AHCCGE,,,6.5,,4.2,4.4,Not Passed,8,7.6,1
FA2024,FA2024-class 32,22,1905AIBBAB,,,6.5,,5.5,7,Passed,7.2,7.3,8.8
FA2024,FA2024-class 32,23,1905AHCECI,,,7,,7.8,5.5,Passed,8,8.4,0.5
FA2024,FA2024-class 32,24,1905AHCEAG,,,7,,6.8,5.5,Passed,9.2,8.6,0.9
FA2024,FA2024-class 32,25,1905AHJCGC,,,6,,7.3,5.7,Passed,7.2,7.4,2.7
FA2024,FA2024-class 32,26,1905AHCBGG,,,6.5,,6.1,5.2,Passed,8.6,5.6,2
FA2024,FA2024-class 32,27,1905AHAIIE,,,6.5,,8.6,8.3,Passed,9.5,7.3,9
FA2024,FA2024-class 32,28,1905AHCDGF,,,7,,7.8,7.7,Passed,9.4,8.6,7.1
FA2024,FA2024-class 32,29,1905AHCEAC,,,7,,7.3,6.1,Passed,9.4,8.6,2.3
FA2024,FA2024-class 32,30,1905AHCEGJ,,,7,,8,7.4,Passed,9.5,8.6,6
FA2024,FA2024-class 32,31,1905AIBCHI,,,6.5,,5.6,6.9,Passed,8.2,8,7.8
FA2024,FA2024-class 32,32,1905AHCDHI,,,6.5,,0,2.8,Not Passed,8.7,6.2,0
FA2024,FA2024-class 32,33,1905AHCDEG,,,6.5,,7.3,7.5,Passed,8.4,8.5,7.8
FA2024,FA2024-class 32,34,1905AICEIH,,,6.5,,6.5,5.5,Passed,9,8.2,1.9
FA2024,FA2024-class 33,1,1905AHCFGG,,,5.5,,8.6,8.3,Passed,9.5,9.4,9
FA2024,FA2024-class 33,2,1905AHJCEA,,,6.3,,8.4,8.3,Passed,8.9,9.2,9
FA2024,FA2024-class 33,3,1905AHCHFF,,,9,,7.2,7.5,Passed,8.2,7.9,6.3
FA2024,FA2024-class 33,4,1905AHCGIG,,,7,,7.6,7.7,Passed,8.4,8.2,7.8
FA2024,FA2024-class 33,5,1905AHCFHE,,,7,,7.8,8.2,Passed,9.6,8.2,9
FA2024,FA2024-class 33,6,1905AHCIJB,,,8,,8,7.5,Passed,7.9,7.3,6.7
FA2024,FA2024-class 33,7,1905AHCFDE,,,6.3,,5,6.9,Passed,8.9,7.6,8.3
FA2024,FA2024-class 33,8,1905AHCGJF,,,7,,4,5.6,Passed,9.1,6.2,4.8
FA2024,FA2024-class 33,9,1905AHCFGA,,,7.5,,8,7.9,Passed,8.5,8.2,7.9
FA2024,FA2024-class 33,10,1905AHCHDI,,,9,,8,8.7,Passed,9.1,8.5,9
FA2024,FA2024-class 33,11,1905AHCIEG,,,9,,7.8,7,Passed,9.1,8.3,3.8
FA2024,FA2024-class 33,12,1905AHCHJG,,,6.3,,7.4,7.9,Passed,8.8,9.2,8.6
FA2024,FA2024-class 33,13,1905AHCFDA,,,7,,6.4,6.6,Passed,8.5,6,6
FA2024,FA2024-class 33,14,1905AHCFGE,,,5.5,,8,7.3,Passed,9.4,8.6,6.6
FA2024,FA2024-class 33,15,1905AHCGJB,,,7,,6.7,7.2,Passed,8.5,8.9,6.8
FA2024,FA2024-class 33,16,1905AHJFHA,,,9.5,,6.9,8,Passed,8.1,8.6,7.8
FA2024,FA2024-class 33,17,1905AHCICH,,,6,,8.2,8.1,Passed,9,9.3,8.8
FA2024,FA2024-class 33,18,1905AHCHFD,,,9.5,,8,8.4,Passed,8.6,8.2,7.9
FA2024,FA2024-class 33,19,1905AHCGHB,,,7,,6.5,5.7,Passed,7.8,8,2.7
FA2024,FA2024-class 33,20,1905AHJCDI,,,6.3,,8.4,8.3,Passed,9.6,8.5,9
FA2024,FA2024-class 33,21,1905AHCGHC,,,7,,6.2,5.4,Passed,7.9,6.1,2.3
FA2024,FA2024-class 33,22,1905AIDFEG,,,9.5,,7.8,8.8,Passed,9,9.8,9
FA2024,FA2024-class 33,23,1905AHCGIH,,,7.5,,6.1,5.9,Passed,7.8,8.1,3.3
FA2024,FA2024-class 33,24,1905AHCFIJ,,,7,,6.4,7.7,Passed,8.1,6.2,9.7
FA2024,FA2024-class 33,25,1905AHCFAC,,,7.5,,7.6,7.8,Passed,8.7,8.6,7.8
FA2024,FA2024-class 33,26,1905AHCFBD,,,7,,5.4,5.8,Passed,6.9,6.8,4.8
FA2024,FA2024-class 33,27,1905AHJBCE,,,6,,7.4,5.8,Passed,9,8.3,2.1
FA2024,FA2024-class 33,28,1905AHCIJC,,,6,,7.4,6.8,Passed,8.5,7.6,5.8
FA2024,FA2024-class 33,29,1905AHCHFJ,,,9,,7.1,7.9,Passed,9.8,9,7.1
FA2024,FA2024-class 33,30,1905AHCHEC,,,9.5,,8.6,9.5,Passed,10,10,10
FA2024,FA2024-class 33,31,1905AHCHAG,,,8,,8.4,8.9,Passed,8.5,9.6,9.8
FA2024,FA2024-class 33,32,1905AHCGGD,,,7,,7.1,7.3,Passed,8.8,8.4,6.8
FA2024,FA2024-class 33,33,1905AHCFGI,,,5.5,,7.2,7.4,Passed,8.9,8.3,8
FA2024,FA2024-class 33,34,1905AHCHIH,,,6,,7.4,5.4,Passed,8.8,7.5,1.1
FA2024,FA2024-class 33,35,1905AHJCED,,,6.3,,8.2,8,Passed,9.3,9.7,8
FA2024,FA2024-class 34,1,1905AHDABE,,,8.5,,8,7.6,Passed,8.8,8.2,6
FA2024,FA2024-class 34,2,1905AHJBCD,,,9,,7.3,8.2,Passed,7.4,8.3,8.8
FA2024,FA2024-class 34,3,1905AHCCHC,,,9,,8.4,8.7,Passed,8.6,8.6,9
FA2024,FA2024-class 34,4,1905AHDJDD,,,9,,5.4,7.1,Passed,7.6,8.4,6.8
FA2024,FA2024-class 34,5,1905AHJJGF,,,8,,7.4,8.3,Passed,7.6,7.9,9.8
FA2024,FA2024-class 34,6,1905AHCIHD,,,8,,5.8,5.6,Passed,8.1,8.1,2
FA2024,FA2024-class 34,7,1905AHDCEC,,,8.2,,6.6,6.3,Passed,7.9,8.5,3.5
FA2024,FA2024-class 34,8,1905AHDJID,,,7,,9.4,8.6,Passed,7.9,7,9.8
FA2024,FA2024-class 34,9,1905AHDJGE,,,0,,0,0,Attendance Fail,0,0,0
FA2024,FA2024-class 34,10,1905AHDCEH,,,8.5,,9.2,7,Passed,7.4,8.6,3.3
FA2024,FA2024-class 34,11,1905AHCGGI,,,7,,6.3,6.2,Passed,8.9,7,4.5
FA2024,FA2024-class 34,12,1905AHDDJI,,,8,,6.1,5.8,Passed,8.1,7.8,2.5
FA2024,FA2024-class 34,13,1905AHCBCI,,,9,,8.8,8.7,Passed,7.6,8.5,9
FA2024,FA2024-class 34,14,1905AHCBAB,,,8,,7.6,6.7,Passed,8.9,8.6,3.5
FA2024,FA2024-class 34,15,1905AHDFBC,,,9.5,,6.8,7.3,Passed,9.3,9.1,5
FA2024,FA2024-class 34,16,1905AHDCCG,,,8,,7.8,7.4,Passed,7.6,8.2,6.1
FA2024,FA2024-class 34,17,1905AHBCIC,,,9,,7.8,7.3,Passed,7.8,8,5.3
FA2024,FA2024-class 34,18,1905AHDCCD,,,9,,8.2,8,Passed,8.4,8.8,6.8
FA2024,FA2024-class 34,19,1905AHCIGI,,,7.8,,7.8,7.6,Passed,8.6,7.8,7
FA2024,FA2024-class 34,20,1905AHBAHJ,,,9,,7.1,8,Passed,8.3,8.2,8
FA2024,FA2024-class 34,21,1905AHDCCB,,,9,,7.8,7,Passed,8.4,8.8,3.8
FA2024,FA2024-class 34,22,1905AHDJFH,,,8,,6.6,6.3,Passed,7.6,7.8,4
FA2024,FA2024-class 34,23,1905AHDCGI,,,9,,5.9,6.8,Passed,8.1,8.7,5.3
FA2024,FA2024-class 34,24,1905AHDJHB,,,8,,9.4,8,Passed,7.4,7.8,7
FA2024,FA2024-class 34,25,1905AICAIJ,,,9,,8,6.6,Passed,7.9,8.8,2.3
FA2024,FA2024-class 34,26,1905AHCCFC,,,8,,6.1,6,Passed,8.9,8.6,2.8
FA2024,FA2024-class 34,27,1905AHCIIB,,,8,,7.6,6.8,Passed,8.6,8.4,4
FA2024,FA2024-class 34,28,1905AHDACG,,,9.5,,8.4,9.1,Passed,8.1,9.3,9.8
FA2024,FA2024-class 34,29,1905AHDCEE,,,8.2,,8.2,8.4,Passed,7.6,8.5,9
FA2024,FA2024-class 34,30,1905AHBFCH,,,9,,0,3.5,Not Passed,8.4,8.3,0
FA2024,FA2024-class 34,31,1905AHCBGF,,,8,,8.4,7.3,Passed,7.4,7.8,5.7
FA2024,FA2024-class 34,32,1905AHDJDJ,,,8,,6.7,5.9,Passed,9.6,8,1.7
FA2024,FA2024-class 34,33,1905AHDJDG,,,7.5,,8,7.1,Passed,8.1,7.3,5.4
FA2024,FA2024-class 34,34,1905AHDJHG,,,0,,0,0,Attendance Fail,0,0,0
FA2024,FA2024-class 34,35,1905AHCCCD,,,9,,9.2,8.8,Passed,9.1,8.6,8.3
FA2024,FA2024-class 35,1,1905AHDEHB,,,8.5,,4.4,5.3,Passed,8.6,8,2
FA2024,FA2024-class 35,2,1905AHDCJH,,,9,,7.1,8.1,Passed,7.2,7.2,9
FA2024,FA2024-class 35,3,1905AHDBBG,,,9,,8,8.9,Passed,8.6,8.8,10
FA2024,FA2024-class 35,4,1905AHDBEG,,,0,,0,0,Attendance Fail,0,0,0
FA2024,FA2024-class 35,5,1905AIDJII,,,8.5,,8,7.5,Passed,6,7.4,7
FA2024,FA2024-class 35,6,1905AFAEBG,,,0,,0,0.7,Attendance Fail,4.8,2.5,0
FA2024,FA2024-class 35,7,1905AHDBEB,,,6,,7,5.4,Passed,8.2,7.5,1.6
FA2024,FA2024-class 35,8,1905AHBIAD,,,8.5,,8.2,8.5,Passed,7.5,8.5,9.1
FA2024,FA2024-class 35,9,1905AHDAEH,,,9,,6.7,7.7,Passed,8.7,8.1,7.3
FA2024,FA2024-class 35,10,1905AHDBAI,,,5,,8,7,Passed,8.3,7.2,7
FA2024,FA2024-class 35,11,1905AHDBDH,,,6,,4.7,5,Passed,8.6,8.2,2.5
FA2024,FA2024-class 35,12,1905AHCJGF,,,8.5,,5.5,7.4,Passed,7.8,8.3,8
FA2024,FA2024-class 35,13,1905AGCJDD,,,0,,0,0.6,Attendance Fail,4.1,1.8,0
FA2024,FA2024-class 35,14,1905AHDAFC,,,8,,6.2,6.3,Passed,8,8.3,4
FA2024,FA2024-class 35,15,1905AHDAIG,,,9,,4,6.3,Passed,8.5,9.2,5
FA2024,FA2024-class 35,16,1905AHDBIG,,,9,,6,7.6,Passed,7.7,8.2,8
FA2024,FA2024-class 35,17,1905AHDBAA,,,6,,6,5.6,Passed,8.5,6.9,3.6
FA2024,FA2024-class 35,18,1905AHJGDF,,,8.5,,5.7,6.5,Passed,8.7,6.9,5
FA2024,FA2024-class 35,19,1905AHDCAF,,,9,,6.5,7.6,Passed,8.3,7.1,7.8
FA2024,FA2024-class 35,20,1905AHDBBC,,,8.5,,7,7.2,Passed,8,8.4,5.9
FA2024,FA2024-class 35,21,1905AHDBAG,,,5,,8,7.4,Passed,8.5,8,8
FA2024,FA2024-class 35,22,1905AHDBDF,,,6,,6.8,5.2,Passed,7.4,7.1,1.8
FA2024,FA2024-class 35,23,1905AHDBAH,,,5,,5.6,6.3,Passed,8.1,7.1,7
FA2024,FA2024-class 35,24,1905AHDAII,,,5,,5.5,5.6,Passed,8.5,6.6,4.8
FA2024,FA2024-class 35,25,1905AHDBEA,,,8,,6.8,6.1,Passed,8.4,7.4,2.8
FA2024,FA2024-class 35,26,1905AHDAEI,,,8,,6.6,6.7,Passed,8.4,8.1,4.8
FA2024,FA2024-class 35,27,1905AHDBCF,,,8,,6.1,6.2,Passed,9,7.6,3.6
FA2024,FA2024-class 35,28,1905AHDAFD,,,5,,7.3,5.8,Passed,7.8,5.7,4.3
FA2024,FA2024-class 35,29,1905AHJGFD,,,8.5,,9.2,8.9,Passed,8.6,6.8,9.7
FA2024,FA2024-class 35,30,1905AHDBDI,,,9,,6.8,6.3,Passed,8.7,8.5,2.3
FA2024,FA2024-class 35,31,1905AHDCAB,,,9,,6.6,6,Passed,7.7,7.3,2.5
FA2024,FA2024-class 35,32,1905AHBHFF,,,9,,7.3,6.6,Passed,8.3,6.6,3.8
FA2024,FA2024-class 35,33,1905AHJGEA,,,8.5,,6.9,7.8,Passed,8.7,7.4,8
FA2024,FA2024-class 35,34,1905AICIDH,,,8.5,,4.9,5.7,Passed,7.9,5.9,3.8
FA2024,FA2024-class 35,35,1905AHDBEJ,,,6,,7.8,6,Passed,8.6,8.4,2.7
FA2024,FA2024-class 36,1,1905AHBGDA,,,8,,4.9,5.5,Passed,8.5,8.4,2.3
FA2024,FA2024-class 36,2,1905AHDDEJ,,,7,,6.5,7.7,Passed,8.4,8.6,9
FA2024,FA2024-class 36,3,1905AGBDHG,,,0,,0,0,Attendance Fail,0,0,0
FA2024,FA2024-class 36,4,1905AHDCBF,,,8.5,,7.2,6.2,Passed,9,8.2,1.9
FA2024,FA2024-class 36,5,1905AHDDFD,,,10,,9,9.4,Passed,8.5,8.8,10
FA2024,FA2024-class 36,6,1905AHBJFG,,,8.5,,9,6.3,Passed,8.4,7.6,1
FA2024,FA2024-class 36,7,1905AGBGGI,,,8,,4.4,6.6,Passed,9.4,8.2,6.5
FA2024,FA2024-class 36,8,1905AHDACB,,,8,,7.8,6.8,Passed,9.2,8.2,3.6
FA2024,FA2024-class 36,9,1905AHBAJC,,,9.5,,7.8,7.8,Passed,8.9,8.8,6
FA2024,FA2024-class 36,10,1905AGJBJF,,,0,,0,0.3,Not Passed,0,3.4,0
FA2024,FA2024-class 36,11,1905AHDDCI,,,6,,8.2,8,Passed,8.4,7.4,9.3
FA2024,FA2024-class 36,12,1905AHCDEI,,,6,,4.1,6,Passed,8.5,6.8,6.8
FA2024,FA2024-class 36,13,1905AGBBJE,,,0,,0,0.2,Attendance Fail,0,1.8,0
FA2024,FA2024-class 36,14,1905AHBJDF,,,7.5,,5.1,7.1,Passed,9,9,7.5
FA2024,FA2024-class 36,15,1905AIBJFJ,,,8.5,,6.3,6.8,Passed,9.3,8.2,5
FA2024,FA2024-class 36,16,1905AHDDBJ,,,8,,8.8,7.7,Passed,9.2,8.6,5.5
FA2024,FA2024-class 36,17,1905AHDDED,,,7.5,,7.8,7.7,Passed,8.2,6.6,8
FA2024,FA2024-class 36,18,1905AHAIFG,,,7,,9.4,5.5,Passed,9,2.2,0.5
FA2024,FA2024-class 36,19,1905AHDDCJ,,,6.5,,9.2,8.3,Passed,9,6.8,8.8
FA2024,FA2024-class 36,20,1905AIBIFB,,,8.5,,9,8.6,Passed,7.5,9,8.4
FA2024,FA2024-class 36,21,1905AHDABC,,,9,,7.8,7.2,Passed,7.9,7.8,5
FA2024,FA2024-class 36,22,1905AHDJJE,,,8.5,,9.2,8.9,Passed,9.2,6.4,9.7
FA2024,FA2024-class 36,23,1905AHDDAE,,,7.5,,6,5.1,Passed,8.5,2.2,2.5
FA2024,FA2024-class 36,24,1905AHBJAA,,,10,,7.1,8.4,Passed,9.2,9.2,8
FA2024,FA2024-class 36,25,1905AHBAAG,,,8.5,,9,8.8,Passed,9.4,7.8,9.1
FA2024,FA2024-class 36,26,1905AHAIHF,,,10,,7.8,8.2,Passed,9,9,7
FA2024,FA2024-class 36,27,1905AHDDEF,,,4.5,,9,6.3,Passed,8.8,4.4,4.5
FA2024,FA2024-class 36,28,1905AIBDEG,,,10,,7.3,8.4,Passed,8.7,7.2,8.8
FA2024,FA2024-class 36,29,1905AHBAJA,,,9,,8.6,8.5,Passed,9.2,8.4,8
FA2024,FA2024-class 36,30,1905AGCEAA,,,9.5,,6.2,6.4,Passed,9,3.4,4.5
FA2024,FA2024-class 36,31,1905AHBCBD,,,8,,8.2,7.5,Passed,8.9,7.4,6
FA2024,FA2024-class 36,32,1905AHAGFJ,,,10,,7.8,8.5,Passed,8.7,8.6,8
FA2024,FA2024-class 36,33,1905AHDDHJ,,,5.5,,6.7,6.2,Passed,9.2,6.2,5.3
FA2024,FA2024-class 36,34,1905AGAEJD,,,0,,0,0.3,Attendance Fail,0,2.8,0
FA2024,FA2024-class 36,35,1905AGCJJJ,,,8.5,,5,5.5,Passed,8.9,6.2,2.6
FA2024,FA2024-class 37,1,1905AHDDDF,,,8.5,,7.1,7.6,Passed,7.9,8.8,7
FA2024,FA2024-class 37,2,1905AHDEDF,,,8.8,,8.2,8.9,Passed,8,9.6,9.8
FA2024,FA2024-class 37,3,1905AHDECH,,,8.5,,7,5.9,Passed,8.3,8.6,1.5
FA2024,FA2024-class 37,4,1905AHAEBA,,,9,,8,9,Passed,8.4,10,10
FA2024,FA2024-class 37,5,1905AHJBBA,,,8,,4.8,4.7,Not Passed,7.8,7.6,0.5
FA2024,FA2024-class 37,6,1905AHDFJH,,,8.8,,7.6,7.9,Passed,8.4,8.5,7.1
FA2024,FA2024-class 37,7,1905AHDEFH,,,0,,0,0,Attendance Fail,0,0,0
FA2024,FA2024-class 37,8,1905AHDEGC,,,9.3,,7.8,8.6,Passed,8.7,9.3,8.8
FA2024,FA2024-class 37,9,1905AHDDIE,,,7,,6.4,4.9,Not Passed,7.2,6.9,0.5
FA2024,FA2024-class 37,10,1905AHDEJD,,,8.5,,5.9,6.7,Passed,8,8.1,5.4
FA2024,FA2024-class 37,11,1905AHDEHD,,,8.8,,7.8,7.5,Passed,7.9,9.2,5.8
FA2024,FA2024-class 37,12,1905AHDEIE,,,0,,0,0.3,Attendance Fail,2.5,0,0
FA2024,FA2024-class 37,13,1905AHDEAA,,,7.8,,5.1,5.6,Passed,7.9,7.6,3.1
FA2024,FA2024-class 37,14,1905AHDEHJ,,,8.8,,7.4,8.2,Passed,8.3,9.2,8.1
FA2024,FA2024-class 37,15,1905AHDDHC,,,9,,6.1,7.2,Passed,8.3,9.5,5.8
FA2024,FA2024-class 37,16,1905AHDFJG,,,8.5,,6.1,6.6,Passed,7.9,8.2,4.9
FA2024,FA2024-class 37,17,1905AHDEFG,,,8,,8.6,7,Passed,7.7,8.5,4
FA2024,FA2024-class 37,18,1905AHDFAJ,,,9,,8.4,8,Passed,8.2,9.6,6.2
FA2024,FA2024-class 37,19,1905AHDFJF,,,9,,6.2,6.6,Passed,8.6,8.8,4
FA2024,FA2024-class 37,20,1905AHDDIA,,,8,,7.6,6.7,Passed,7.8,8.9,4
FA2024,FA2024-class 37,21,1905AHDEAB,,,8,,5.9,6.7,Passed,8.1,9,5.5
FA2024,FA2024-class 37,22,1905AHDEGA,,,8.3,,7.2,7,Passed,8.1,8.6,5.1
FA2024,FA2024-class 37,23,1905AHJCFH,,,8.5,,6.5,6.3,Passed,8.4,9,3
FA2024,FA2024-class 37,24,1905AHDEED,,,8,,4.3,5.3,Passed,7.9,8.1,2.7
FA2024,FA2024-class 37,25,1905AHDFCB,,,9,,6.8,7.5,Passed,8.3,8.2,6.8
FA2024,FA2024-class 37,26,1905AHDFAE,,,8,,6.2,6.7,Passed,7.7,7.1,6
FA2024,FA2024-class 37,27,1905AHDFAF,,,9,,8.8,8,Passed,8.7,9.6,5.8
FA2024,FA2024-class 37,28,1905AHAGIB,,,7.8,,8,6.6,Passed,7.8,8.8,3.3
FA2024,FA2024-class 37,29,1905AHDEBG,,,0,,0,1.1,Not Passed,3.7,0,2.5
FA2024,FA2024-class 37,30,1905AHDEJI,,,7.8,,7,5.9,Passed,7.7,8,2.4
FA2024,FA2024-class 37,31,1905AHDFAD,,,8.3,,7.6,7.6,Passed,7.9,8.1,6.8
FA2024,FA2024-class 37,32,1905AHDECF,,,8,,6.3,6,Passed,7.7,8.2,3.1
FA2024,FA2024-class 37,33,1905AHDDIH,,,8.8,,7.8,6.5,Passed,8.4,8.8,2.3
FA2024,FA2024-class 37,34,1905AIJHDJ,,,9.3,,7.6,7.7,Passed,9.2,9.7,5.5
FA2024,FA2024-class 37,35,1905AICJBJ,,,8.8,,9,9.3,Passed,8.8,9.3,10
FA2024,FA2024-class 38,1,1905AHDGHC,,,6,,6.9,7,Passed,9.6,6.8,7
FA2024,FA2024-class 38,2,1905AHDGDC,,,6,,7.2,5.6,Passed,9.8,6.9,1.9
FA2024,FA2024-class 38,3,0405AHJGAC,,,7,,8.2,8,Passed,9.4,8.4,7.9
FA2024,FA2024-class 38,4,1905AHDFEB,,,7.5,,0,3,Not Passed,8.8,6.1,0
FA2024,FA2024-class 38,5,1905AHBAEJ,,,7,,6.9,5.9,Passed,9,8.4,2.4
FA2024,FA2024-class 38,6,1905AHBJGC,,,7,,7.3,7.9,Passed,8.7,8.3,8.8
FA2024,FA2024-class 38,7,1905AHDFFA,,,7,,6.5,6.2,Passed,9.1,7.6,3.8
FA2024,FA2024-class 38,8,1905AHDGDJ,,,7,,0,2.8,Not Passed,7.5,7,0
FA2024,FA2024-class 38,9,1905AIDJAI,,,7.5,,7.2,5.2,Passed,6,5.1,1.5
FA2024,FA2024-class 38,10,1905AHDGFB,,,6,,6.5,5.7,Passed,9.1,6.9,3.3
FA2024,FA2024-class 38,11,1905AHBABJ,,,7,,6.3,5.6,Passed,8.6,8.3,2.1
FA2024,FA2024-class 38,12,1905AHDFFF,,,8,,7.3,6,Passed,8.1,6,2.7
FA2024,FA2024-class 38,13,1905AHDGAJ,,,7.5,,9,8.7,Passed,9.4,6.9,9.7
FA2024,FA2024-class 38,14,1905AHDDJG,,,0,,0,0,Attendance Fail,0,0,0
FA2024,FA2024-class 38,15,1905AHDGHJ,,,7,,7.2,6.5,Passed,9.7,7.1,4.2
FA2024,FA2024-class 38,16,1905AHDFGH,,,7,,6.1,7,Passed,9.5,7.5,6.8
FA2024,FA2024-class 38,17,1905AHDHEH,,,7,,8,6.7,Passed,9.1,7.1,4.4
FA2024,FA2024-class 38,18,1905AHDADA,,,8,,5.1,5.5,Passed,9.4,6.7,2.4
FA2024,FA2024-class 38,19,1905AHDGBD,,,7.5,,5.9,5.1,Passed,9.4,5.3,1.3
FA2024,FA2024-class 38,20,1905AHBJEG,,,7,,6.2,5.3,Passed,9,8.3,1
FA2024,FA2024-class 38,21,1905AHDFFB,,,7,,5.8,5,Passed,6.2,5.7,2.3
FA2024,FA2024-class 38,22,1905AHDFGD,,,7,,5.5,4.6,Not Passed,7.9,7.4,0
FA2024,FA2024-class 38,23,1905AHDFII,,,6,,6.3,6.9,Passed,8.1,6.7,7.8
FA2024,FA2024-class 38,24,1905AHDGAE,,,6,,6.4,6.1,Passed,9.2,6.5,4.8
FA2024,FA2024-class 38,25,1905AHDGDE,,,8,,7,7.2,Passed,9.3,7.5,6
FA2024,FA2024-class 38,26,1905AHDFHC,,,6,,5.9,6,Passed,9.5,7.5,4.5
FA2024,FA2024-class 38,27,1905AHDGGJ,,,7,,4.5,5.7,Passed,8.6,5.7,5
FA2024,FA2024-class 38,28,1905AHDFEE,,,7,,8.6,6.6,Passed,9.2,7.6,3
FA2024,FA2024-class 38,29,1905AHDHEI,,,7,,8.2,7.6,Passed,9.6,7.1,7
FA2024,FA2024-class 38,30,1905AHDGIH,,,7,,6.5,5.2,Passed,8.9,5.7,1.2
FA2024,FA2024-class 38,31,1905AHDFFH,,,8,,6.7,7,Passed,9,7.5,5.8
FA2024,FA2024-class 38,32,1905AHBFGB,,,8,,6.7,7.7,Passed,9.4,7.8,7.8
FA2024,FA2024-class 38,33,1905AHDFDA,,,7.5,,6.6,5.5,Passed,8.9,5.2,2
FA2024,FA2024-class 38,34,1905AHDFFD,,,8,,6.8,6.5,Passed,9,7.5,4
FA2024,FA2024-class 38,35,1905AHDHJH,,,7,,7,6,Passed,6.1,5.7,4.5
FA2024,FA2024-class 39,1,1905AHDIHA,,,6.5,,6.8,7.1,Passed,9.1,7.3,7
FA2024,FA2024-class 39,2,1905AHDIBC,,,6,,6.8,5.3,Passed,9.2,6.7,1.5
FA2024,FA2024-class 39,3,1905AHJCJH,,,7,,9,8,Passed,9.2,8.3,7.3
FA2024,FA2024-class 39,4,1905AICHJC,,,9.7,,9.4,9.3,Passed,9.3,9.1,9
FA2024,FA2024-class 39,5,1905AIBJHH,,,7.5,,5.8,4.8,Not Passed,7.7,6.9,0.5
FA2024,FA2024-class 39,6,1905AHJDIB,,,7,,9,8.5,Passed,8.9,8.5,9
FA2024,FA2024-class 39,7,1905AHEAJJ,,,6,,6,6.1,Passed,7.7,6.2,5.8
FA2024,FA2024-class 39,8,1905AHDIGJ,,,7.5,,7.4,6.5,Passed,9.7,7.8,3.4
FA2024,FA2024-class 39,9,1905AHEJHA,,,9.2,,8.8,7.9,Passed,8.1,8.3,5.8
FA2024,FA2024-class 39,10,1905AHDIAC,,,9,,8.4,9,Passed,10,9.3,9
FA2024,FA2024-class 39,11,1905AHEJDG,,,7,,8,8.3,Passed,9.1,9.1,9
FA2024,FA2024-class 39,12,1905AHEJIB,,,7,,7.4,6.1,Passed,9.7,8.1,2.5
FA2024,FA2024-class 39,13,1905AHDIFI,,,7,,8.4,6.7,Passed,9.7,8.8,3.1
FA2024,FA2024-class 39,14,1905AHDIJC,,,9,,6.8,7.8,Passed,10,8.6,6.9
FA2024,FA2024-class 39,15,1905AHDHFE,,,9.2,,7.6,7.8,Passed,8.7,7.5,6.8
FA2024,FA2024-class 39,16,1905AHEJIE,,,6.5,,7.8,5.6,Passed,8.7,7.8,1
FA2024,FA2024-class 39,17,1905AHDIAJ,,,9,,8.2,8.5,Passed,9.8,8.8,8
FA2024,FA2024-class 39,18,1905AHDIFC,,,6,,0,2.7,Not Passed,9.5,5.5,0
FA2024,FA2024-class 39,19,1905AHDIFH,,,7,,6.7,5.7,Passed,10,7.5,1.8
FA2024,FA2024-class 39,20,1905AHDIJH,,,9,,5,6,Passed,9.7,6.4,3.5
FA2024,FA2024-class 39,21,1905AHEJGB,,,6,,7.3,5.4,Passed,9.8,7,1
FA2024,FA2024-class 39,22,1905AHDIAF,,,9,,8,6.8,Passed,9.7,6.2,3.5
FA2024,FA2024-class 39,23,1905AHJBEB,,,9,,8.6,8.5,Passed,9.1,8.3,8
FA2024,FA2024-class 39,24,1905AHEJJI,,,2,,0,1.6,Not Passed,6.8,4.8,0
FA2024,FA2024-class 39,25,1905AIBDDA,,,9.7,,9.4,9.8,Passed,10,10,10
FA2024,FA2024-class 39,26,1905AHDHGG,,,9.2,,7.2,7.6,Passed,7.8,7.7,6.8
FA2024,FA2024-class 39,27,1905AHDIJF,,,9,,8.8,9,Passed,8.8,9.7,9
FA2024,FA2024-class 39,28,1905AHBGDE,,,6,,9.4,5.9,Passed,9.2,6.2,1
FA2024,FA2024-class 39,29,1905AHEJBB,,,7.5,,5.5,5.7,Passed,8.9,7,3.3
FA2024,FA2024-class 39,30,1905AIBFDE,,,9.7,,9.2,9.7,Passed,10,9.9,10
FA2024,FA2024-class 39,31,1905AHEJDE,,,6.5,,5.1,7,Passed,9.4,7.8,8
FA2024,FA2024-class 39,32,1905AHEAJB,,,6.5,,6.6,7.3,Passed,8.5,7.4,8
FA2024,FA2024-class 39,33,1905AHEJBI,,,7,,8.4,7.3,Passed,7.3,8.5,6
FA2024,FA2024-class 39,34,1905AHDHHA,,,0,,0,0.4,Attendance Fail,2.5,1.2,0
FA2024,FA2024-class 39,35,1905AGAIFA,,,7.5,,4.4,5.2,Passed,8.8,5.6,3.3
FA2024,FA2024-class 40,1,1905AIJBIA,,,9,,9,9.4,Passed,9.5,9.6,10
FA2024,FA2024-class 40,2,1905AIJJHD,,,9,,9.2,9.4,Passed,9.4,9.1,9.8
FA2024,FA2024-class 40,3,1905AIJCGD,,,8.5,,6.8,7.4,Passed,8.1,8,7
FA2024,FA2024-class 40,4,1905AIJEHJ,,,8.5,,7.8,7.4,Passed,8.6,4.4,7
FA2024,FA2024-class 40,5,1905AIJBII,,,9,,5.5,6.1,Passed,8.5,6.5,4
FA2024,FA2024-class 40,6,1905AIJFBB,,,9.5,,7.1,7.6,Passed,9.3,6.4,6.8
FA2024,FA2024-class 40,7,1905AHBFDB,,,8.5,,8.6,9.1,Passed,9,9.1,10
FA2024,FA2024-class 40,8,1905AIFBBG,,,9,,9,9.1,Passed,9.1,8.6,9.3
FA2024,FA2024-class 40,9,1905AIJBIH,,,9,,7.8,6.4,Passed,9,6.4,2.5
FA2024,FA2024-class 40,10,1905AIJFEI,,,8.5,,8.6,8.7,Passed,8.5,8.5,9
FA2024,FA2024-class 40,11,1905AIJAJE,,,9,,7.8,8,Passed,9.1,8.3,7
FA2024,FA2024-class 40,12,1905AIJGJD,,,8.5,,8.8,8.6,Passed,9.1,7.2,8.8
FA2024,FA2024-class 40,13,1905AIFDGG,,,9,,7.8,8.5,Passed,7.7,8.8,9
FA2024,FA2024-class 40,14,1905AIJCHH,,,9,,8.6,8.3,Passed,8.6,6.8,8
FA2024,FA2024-class 40,15,1905AIFFBD,,,9,,7.6,8.5,Passed,9,8.5,9
FA2024,FA2024-class 40,16,1905AIJADJ,,,8.5,,8,7.8,Passed,9.1,7,7
FA2024,FA2024-class 40,17,1905AHBJHB,,,8,,7.6,6.9,Passed,8.6,7.2,4.8
FA2024,FA2024-class 40,18,1905AIJEEF,,,9.5,,8.2,8.4,Passed,8.8,7.8,8
FA2024,FA2024-class 40,19,1905AIJFEA,,,9.5,,5.9,6.4,Passed,9.1,7.2,3.8
FA2024,FA2024-class 40,20,1905AIJJIJ,,,9.5,,9,9.3,Passed,9,8.3,10
FA2024,FA2024-class 40,21,1905AHBACB,,,8,,7.4,7.8,Passed,8.5,7.5,7.8
FA2024,FA2024-class 40,22,1905AIJFJI,,,9.5,,5.5,7.2,Passed,8.4,7.7,6.9
FA2024,FA2024-class 40,23,1905AIJDJC,,,9,,7.6,7.9,Passed,8.9,6.7,7.7
FA2024,FA2024-class 40,24,1905AIFBEC,,,9.5,,9,8.4,Passed,9.4,8,7
FA2024,FA2024-class 40,25,1905AIJFFF,,,8.5,,4.8,6.8,Passed,8.2,8.3,6.8
FA2024,FA2024-class 40,26,1905AIJFDF,,,8.5,,6.4,7.7,Passed,6.5,7.3,9.1
FA2024,FA2024-class 40,27,1905AHJAGF,,,8,,6.5,6.9,Passed,9,7.4,5.8
FA2024,FA2024-class 40,28,1919AHAJFD,,,9,,9.4,6.5,Passed,8,6,1.6
FA2024,FA2024-class 40,29,1905AIJECC,,,9.5,,6.5,7.6,Passed,8.6,7.7,7
FA2024,FA2024-class 40,30,1905AIJCEC,,,9,,8.4,7.8,Passed,8.8,7.8,6
FA2024,FA2024-class 40,31,1905AIFDAH,,,9,,7.3,7.8,Passed,9,7.9,7
FA2024,FA2024-class 40,32,1905AIJACB,,,8.5,,9,7.9,Passed,8.6,8,6
FA2024,FA2024-class 40,33,1905AIJEAJ,,,9.5,,7.8,8.5,Passed,8.7,7.1,8.8
FA2024,FA2024-class 40,34,1905AIJFAB,,,8.5,,8.4,8.2,Passed,9.3,7.8,7.5
FA2024,FA2024-class 40,35,1905AIJAHJ,,,9.5,,8.6,8.8,Passed,9.4,6.3,9
FA2024,FA2024-class 41,1,1905ADAAHA,,,0,,0,0.1,Attendance Fail,0.5,0.2,0
FA2024,FA2024-class 41,2,1905AIAADG,,,6,,9.2,8.7,Passed,8.8,8.9,10
FA2024,FA2024-class 41,3,1905AIJIJE,,,7,,5.7,5.3,Passed,7.8,8.1,2
FA2024,FA2024-class 41,4,1905AGACJF,,,6,,5.8,5.6,Passed,7.5,7.4,3.8
FA2024,FA2024-class 41,5,1905AHJBDE,,,7,,6.5,6.7,Passed,7.8,7.8,6
FA2024,FA2024-class 41,6,1905AHDBJE,,,9,,9.4,5.9,Passed,6.8,5,0.5
FA2024,FA2024-class 41,7,1905AIJHDC,,,8,,8.4,7.1,Passed,8.5,8.1,4.5
FA2024,FA2024-class 41,8,1905AIBJEB,,,8,,7,7.3,Passed,8.8,8.9,6
FA2024,FA2024-class 41,9,1905AIJFIB,,,0,,0,0.6,Attendance Fail,4,1.6,0
FA2024,FA2024-class 41,10,1905AHCCAC,,,7,,7.8,7.6,Passed,7.5,5.8,8.5
FA2024,FA2024-class 41,11,1905AIJIBF,,,4,,5.7,5.5,Passed,7.8,8.8,4.4
FA2024,FA2024-class 41,12,1905AIJIEA,,,6,,7.1,6.8,Passed,8,8.5,6
FA2024,FA2024-class 41,13,1905AIBJAE,,,9,,8,8.5,Passed,8,8.6,8.8
FA2024,FA2024-class 41,14,1905AIAJFC,,,5,,0,2.5,Not Passed,7.8,6.8,0
FA2024,FA2024-class 41,15,1905AIJHEH,,,7,,6.9,6.4,Passed,8.5,8.1,4.3
FA2024,FA2024-class 41,16,1905AIBJCF,,,9,,4.8,6.2,Passed,8.3,8.4,4.3
FA2024,FA2024-class 41,17,1905AIBABD,,,7,,4.7,6.2,Passed,8,8.1,5.8
FA2024,FA2024-class 41,18,1905AHJFJE,,,8,,5.9,5.7,Passed,8,7.3,2.5
FA2024,FA2024-class 41,19,1905AHBAAC,,,0,,0,0.1,Attendance Fail,0.5,0.2,0
FA2024,FA2024-class 41,20,1905AHDEDJ,,,7,,3.4,4.2,Not Passed,7,6.8,1.4
FA2024,FA2024-class 41,21,1905AIBJCI,,,9,,6.6,6.3,Passed,7.8,5.6,4
FA2024,FA2024-class 41,22,1905AHBBFJ,,,1,,8.8,7,Passed,7,5.8,9.7
FA2024,FA2024-class 41,23,1905AIJHBJ,,,8,,8.2,8.1,Passed,7.8,8.2,8
FA2024,FA2024-class 41,24,1905AHJAJD,,,9,,4.6,7.2,Passed,7.3,5.9,9
FA2024,FA2024-class 41,25,1905AHDBHA,,,0,,0,0.1,Attendance Fail,0.5,0.2,0
FA2024,FA2024-class 41,26,1905AIBJEJ,,,8,,6.9,7.9,Passed,8.8,8.8,8.3
FA2024,FA2024-class 41,27,1905AIJIDD,,,4,,6.8,4.7,Not Passed,8.3,6.5,1.2
FA2024,FA2024-class 41,28,1905AIJHCB,,,3,,6.6,4.1,Not Passed,6.5,6,1
FA2024,FA2024-class 41,29,1905AHDDJH,,,7,,8.2,7.8,Passed,7,5.3,9
FA2024,FA2024-class 41,30,1905AIJICB,,,8,,8.6,8.7,Passed,7.8,7.8,10
FA2024,FA2024-class 41,31,1905AHBDBC,,,8,,5.5,6.1,Passed,8,7.7,4.3
FA2024,FA2024-class 41,32,1905AIJGEJ,,,9,,0,3.5,Not Passed,4.5,4.8,2.4
FA2024,FA2024-class 41,33,1905AHBEDJ,,,9,,8.6,8.5,Passed,7.8,6,9
FA2024,FA2024-class 41,34,1905AIJGIG,,,7,,7.3,7.7,Passed,7.5,7.1,8.8
FA2024,FA2024-class 41,35,1905AHJECG,,,7,,8,7.2,Passed,8.3,5.8,6.8
FA2024,FA2024-class 42,1,1905AIBBGJ,,,4,,6,6.1,Passed,7.5,7.8,6.5
FA2024,FA2024-class 42,2,1905AIBAEA,,,8.5,,6.6,6.5,Passed,7,6.4,5
FA2024,FA2024-class 42,3,1905AIBBID,,,9,,5.2,6.5,Passed,7.3,6.4,5.9
FA2024,FA2024-class 42,4,1905AIBAJC,,,8.5,,0,2.8,Attendance Fail,4.4,6.2,0
FA2024,FA2024-class 42,5,1905AIBBCI,,,2,,0,1.8,Not Passed,5.4,6.7,0.5
FA2024,FA2024-class 42,6,1905AHDEAH,,,7.5,,8.6,8.3,Passed,7.4,8,8.8
FA2024,FA2024-class 42,7,1905AHCCIH,,,9.5,,9.2,9.7,Passed,10,10,10
FA2024,FA2024-class 42,8,1905AIBCAA,,,9,,0,3.1,Not Passed,7.8,5.5,0
FA2024,FA2024-class 42,9,1905AIBBFC,,,7,,5.1,5.7,Passed,8.9,6.6,3.9
FA2024,FA2024-class 42,10,1905AHDJHF,,,9.5,,9.4,7.4,Passed,8.5,6.5,4
FA2024,FA2024-class 42,11,1905AHJGAE,,,9,,6.8,8.3,Passed,9.2,8.4,9
FA2024,FA2024-class 42,12,1905AIBBHG,,,0,,0,0.1,Attendance Fail,0,1.2,0
FA2024,FA2024-class 42,13,1905AIBAGE,,,7.5,,8,8.2,Passed,8.4,7.9,9
FA2024,FA2024-class 42,14,1905AIBBJC,,,7,,7.8,8.1,Passed,8.2,9.1,8.8
FA2024,FA2024-class 42,15,1905AIBAIG,,,9.5,,9,9.5,Passed,10,10,9.8
FA2024,FA2024-class 42,16,1905AIBJIH,,,9.5,,4.9,6.8,Passed,6.9,7.1,6.8
FA2024,FA2024-class 42,17,1905AIBBAF,,,7,,7.6,6.3,Passed,7.8,8.4,3.5
FA2024,FA2024-class 42,18,1905AIBJFG,,,8.5,,8,8.9,Passed,9,9.9,9.8
FA2024,FA2024-class 42,19,1905AIBBHJ,,,7.5,,0,2.9,Not Passed,4.7,8.9,0
FA2024,FA2024-class 42,20,1905AIBJIF,,,8.5,,4.6,7.4,Passed,8.6,8,8.8
FA2024,FA2024-class 42,21,1905AHBJEE,,,7.5,,7.8,7.1,Passed,9.9,7.9,4.8
FA2024,FA2024-class 42,22,1905AHAIFH,,,7.5,,7.8,7.5,Passed,7.4,8.6,6.8
FA2024,FA2024-class 42,23,1905AIBADD,,,5,,7.6,5.4,Passed,8.4,6,2.3
FA2024,FA2024-class 42,24,1905AIBAJJ,,,9,,5,7.5,Passed,7.2,7.4,9
FA2024,FA2024-class 42,25,1905AIBAJG,,,8.5,,8,8.6,Passed,8.6,10,8.8
FA2024,FA2024-class 42,26,1905AIBAHH,,,7,,4.6,5.6,Passed,8.2,8.5,4
FA2024,FA2024-class 42,27,1905AIBAIA,,,7.5,,7.6,8.4,Passed,8.9,8.9,9.6
FA2024,FA2024-class 42,28,1905AIBABJ,,,9.5,,8.6,9.5,Passed,10,10,10
FA2024,FA2024-class 42,29,1905AHAEGC,,,9.5,,7.8,8.7,Passed,8.9,8.5,9
FA2024,FA2024-class 42,30,1905AIBBEH,,,7.5,,4.4,6.9,Passed,8.5,9.3,7.8
FA2024,FA2024-class 42,31,1905AHBBDJ,,,9,,7.6,8.6,Passed,9,8.7,9
FA2024,FA2024-class 42,32,1905AICGJC,,,8,,6.4,8.5,Passed,10,9.4,10
FA2024,FA2024-class 42,33,1905AIBBJG,,,7,,6.7,6.3,Passed,8.5,7.1,4.3
FA2024,FA2024-class 42,34,1905AIBBCA,,,7.5,,8,8.6,Passed,7.7,9.8,9.8
FA2024,FA2024-class 42,35,1905AHBACD,,,7.5,,6.7,7.7,Passed,9.1,8.9,7.8
FA2024,FA2024-class 43,1,1905AIAJGI,,,8.5,,8,7.6,Passed,6.7,5,7.8
FA2024,FA2024-class 43,2,1905AHCGBI,,,8.5,,4.9,7.2,Passed,7.1,9.3,7.8
FA2024,FA2024-class 43,3,1905AICEED,,,0,,0,0,Attendance Fail,0,0,0
FA2024,FA2024-class 43,4,0405AGJGIJ,,,4,,0,2.9,Not Passed,8.9,5.3,2.3
FA2024,FA2024-class 43,5,1905AHAFHJ,,,7.5,,5.3,6.4,Passed,7.4,8,6
FA2024,FA2024-class 43,6,1905AIBJFF,,,8,,7.1,7.3,Passed,9.2,6,7
FA2024,FA2024-class 43,7,1905AIBCHF,,,7,,6.2,5.2,Passed,5.8,2,4
FA2024,FA2024-class 43,8,1905AGCFDA,,,1,,0,1.2,Not Passed,1,5.7,1
FA2024,FA2024-class 43,9,1905AGAACB,,,7,,5.5,5.5,Passed,8,5.7,3.5
FA2024,FA2024-class 43,10,1905AIBABA,,,8,,5.9,6.8,Passed,9.9,8,5.5
FA2024,FA2024-class 43,11,1905AIBFAC,,,7,,6.2,5.1,Passed,8.4,7,1
FA2024,FA2024-class 43,12,1905AGCDGA,,,8,,9.6,8.4,Passed,7.8,2,9.7
FA2024,FA2024-class 43,13,1905AIBJHI,,,8,,5.4,6.2,Passed,9,8.3,4.3
FA2024,FA2024-class 43,14,1905AIBEJH,,,7,,0,2.6,Not Passed,7,5,0
FA2024,FA2024-class 43,15,1905AIBFBH,,,6,,6.7,7,Passed,6.8,7.3,8
FA2024,FA2024-class 43,16,1905AHDAFE,,,0,,0,0,Attendance Fail,0,0,0
FA2024,FA2024-class 43,17,1905AIBFAE,,,8.5,,7.8,8.4,Passed,6.7,10,9
FA2024,FA2024-class 43,18,1905AIBDDI,,,7.5,,7.3,5.9,Passed,8.7,6.3,2.5
FA2024,FA2024-class 43,19,1905AIJIFI,,,8.5,,8.2,6.2,Passed,7.1,4.7,3
FA2024,FA2024-class 43,20,1905AIBEAC,,,7.5,,5.1,5.2,Passed,9,6,2.3
FA2024,FA2024-class 43,21,1905AIBDGG,,,7,,8,6.7,Passed,8.3,8.3,4
FA2024,FA2024-class 43,22,1905AIBFGI,,,7.5,,7.3,6.7,Passed,4.6,7.3,5.9
FA2024,FA2024-class 43,23,1905AIBFBC,,,8.5,,8.4,7.3,Passed,8.5,8,4.8
FA2024,FA2024-class 43,24,1905AIDHCC,,,8.5,,6.5,7.3,Passed,6.9,9,6.8
FA2024,FA2024-class 43,25,1905AFBJBC,,,6,,7.3,6.2,Passed,8.4,2,6
FA2024,FA2024-class 43,26,1905AIBCDH,,,0,,0,0,Attendance Fail,0,0,0
FA2024,FA2024-class 43,27,1905AGADAJ,,,7,,8,5.5,Passed,9,1,2.3
FA2024,FA2024-class 43,28,1905AIBFBE,,,7,,5,5.8,Passed,7.5,8.3,4.3
FA2024,FA2024-class 43,29,1905AIBFDB,,,8.5,,6.4,7.5,Passed,6.7,8,8
FA2024,FA2024-class 43,30,1905AFJJHE,,,1,,0,1.3,Not Passed,4,1,1.9
FA2024,FA2024-class 43,31,1905AIBDBI,,,7,,9.4,7.8,Passed,8.5,6.7,7
FA2024,FA2024-class 43,32,1905AHBCJD,,,0,,0,0,Attendance Fail,0,0,0
FA2024,FA2024-class 43,33,1905AIBFGD,,,8.5,,6.3,7.9,Passed,5,7.7,10
FA2024,FA2024-class 43,34,1905AHBJFJ,,,0,,0,0,Attendance Fail,0,0,0
FA2024,FA2024-class 43,35,1905AIBCIG,,,8.5,,7.2,7.2,Passed,6,7,6.8
FA2024,FA2024-class 44,1,1905AHJBHH,,,7.5,,7.3,7.3,Passed,8.4,7.7,6.8
FA2024,FA2024-class 44,2,1905AIBICG,,,8,,7.6,8.4,Passed,7.1,8.6,9.7
FA2024,FA2024-class 44,3,1905AGADGC,,,0,,0,0,Attendance Fail,0,0,0
FA2024,FA2024-class 44,4,1905AIBGEG,,,7,,0,4.6,Not Passed,7.3,6.2,6
FA2024,FA2024-class 44,5,1905AHJEBJ,,,6,,0,2.4,Attendance Fail,7.3,4.3,0
FA2024,FA2024-class 44,6,1905AFAGDE,,,8,,4.2,6.1,Passed,6.9,5.5,6.8
FA2024,FA2024-class 44,7,1905AIBFHB,,,7.5,,4.5,6.6,Passed,7.3,6.5,7.8
FA2024,FA2024-class 44,8,1905AICEGG,,,6,,8.4,7.5,Passed,7.4,7.5,7.8
FA2024,FA2024-class 44,9,1905AIBGED,,,7,,6.6,6.9,Passed,7,7.8,6.8
FA2024,FA2024-class 44,10,1905AHDAED,,,7.5,,8.4,8.2,Passed,8.6,7.3,8.8
FA2024,FA2024-class 44,11,1905AIBFEG,,,7,,8.2,7.3,Passed,8.7,7.3,6
FA2024,FA2024-class 44,12,1905AIBICA,,,8,,8.8,8.9,Passed,8.1,8.6,9.9
FA2024,FA2024-class 44,13,1905AHJECD,,,7.5,,6.8,5.3,Passed,7.2,5.7,1.6
FA2024,FA2024-class 44,14,1905AIBGCG,,,8,,7.6,7.8,Passed,6.7,7.8,8.3
FA2024,FA2024-class 44,15,1905AIBHGI,,,8,,7.8,7.6,Passed,7.8,7.3,7.3
FA2024,FA2024-class 44,16,1905AIBHFB,,,7,,4,4.6,Not Passed,7.9,4.3,2.6
FA2024,FA2024-class 44,17,1905AICJHH,,,6,,7.3,6.7,Passed,8.3,7.4,5.7
FA2024,FA2024-class 44,18,1905AIBGFI,,,7,,7.2,7.7,Passed,7.5,6.5,9
FA2024,FA2024-class 44,19,1905AIBIGJ,,,7,,4,5,Passed,6.8,5.5,4
FA2024,FA2024-class 44,20,1905AIBGJF,,,8,,5.7,6.3,Passed,7.5,7.3,5
FA2024,FA2024-class 44,21,1905AHDEEE,,,8.5,,6.5,6.9,Passed,7.5,9.2,5.3
FA2024,FA2024-class 44,22,1905AIBIHB,,,7,,6.1,5.5,Passed,7,6.1,3.2
FA2024,FA2024-class 44,23,1905AICBDG,,,6,,7.6,7.6,Passed,6.8,7.5,9
FA2024,FA2024-class 44,24,1905AHCICI,,,7.5,,7.8,7.3,Passed,8.6,7.3,6.1
FA2024,FA2024-class 44,25,1905AIBHHB,,,7,,5.6,5.3,Passed,6.5,7.4,2.8
FA2024,FA2024-class 44,26,1905AIBFHD,,,8,,7,7.6,Passed,7.9,8.2,7.8
FA2024,FA2024-class 44,27,1905AICJJD,,,7,,6.9,7.2,Passed,6.9,6.6,7.8
FA2024,FA2024-class 44,28,1905AIBIBF,,,7,,8.4,8,Passed,8.4,8.7,7.8
FA2024,FA2024-class 44,29,1905AIBCAF,,,8.5,,8.4,7.4,Passed,7.6,6.3,6.1
FA2024,FA2024-class 44,30,1905AIBFFH,,,0,,0,0,Attendance Fail,0,0,0
FA2024,FA2024-class 44,31,1905AHBAEF,,,7.5,,6.8,6.8,Passed,7.9,6.3,6
FA2024,FA2024-class 44,32,1905AHJJGG,,,8.5,,7.3,6.6,Passed,7.6,8.4,3.8
FA2024,FA2024-class 44,33,1905AIBHBD,,,8.5,,7.8,8.1,Passed,6.2,7.6,8.8
FA2024,FA2024-class 44,34,1905AGBFGH,,,0,,0,0,Attendance Fail,0,0,0
FA2024,FA2024-class 44,35,1905AIBGAJ,,,7.5,,7.6,5.6,Passed,5.9,4.6,2.6
FA2024,FA2024-class 45,1,1905AICCCH,,,7.8,,8.4,8.6,Passed,8,7.8,9.8
FA2024,FA2024-class 45,2,1905AHAFIA,,,7.8,,8.2,6.9,Passed,6.6,7.8,4.8
FA2024,FA2024-class 45,3,1905AHJGGD,,,4.4,,9,5.7,Passed,8,4.4,2.8
FA2024,FA2024-class 45,4,1905AICDAH,,,6.8,,7.6,7.6,Passed,8.4,6.8,8
FA2024,FA2024-class 45,5,1905AHAEGI,,,6.8,,7.8,7.5,Passed,8.2,6.8,7.8
FA2024,FA2024-class 45,6,1905AICBCJ,,,5.6,,0,2,Not Passed,0,5.6,1.2
FA2024,FA2024-class 45,7,1905AICAAD,,,7.8,,7.8,8.6,Passed,8.8,7.8,10
FA2024,FA2024-class 45,8,1905AIBCCE,,,6.8,,8.2,7.2,Passed,8.6,6.8,6
FA2024,FA2024-class 45,9,1905AICBAI,,,6.8,,8.2,7,Passed,8,6.8,5.8
FA2024,FA2024-class 45,10,1905AICBDA,,,5.6,,6.1,5.1,Passed,7.4,5.6,2.8
FA2024,FA2024-class 45,11,1905AICBAG,,,5.8,,8,6.3,Passed,8,5.8,4.6
FA2024,FA2024-class 45,12,1905AHBGFG,,,6.4,,6.5,6,Passed,8.8,6.4,4.3
FA2024,FA2024-class 45,13,1905AICAEF,,,7.6,,7.8,7.8,Passed,8.2,7.6,8
FA2024,FA2024-class 45,14,1905AICCJD,,,7,,6.6,7.6,Passed,8,7,9
FA2024,FA2024-class 45,15,1905AHCAHF,,,6.8,,0,4.4,Not Passed,0,6.8,8
FA2024,FA2024-class 45,16,1905AIDBIC,,,6.2,,6.3,6.7,Passed,8,6.2,7.3
FA2024,FA2024-class 45,17,1905AICAJE,,,7.2,,9.2,8.5,Passed,8.6,7.2,9
FA2024,FA2024-class 45,18,1905AICAID,,,6.6,,5.6,7.1,Passed,8.6,6.6,8.5
FA2024,FA2024-class 45,19,1905AICDDC,,,5.8,,7.4,7.4,Passed,8.2,5.8,8.8
FA2024,FA2024-class 45,20,1905AICCFF,,,7.2,,7.6,7.4,Passed,8.2,7.2,7
FA2024,FA2024-class 45,21,1905AHBGFI,,,5.6,,5.5,5.9,Passed,7.8,5.6,6
FA2024,FA2024-class 45,22,1905AICDDH,,,6.4,,7.1,7.2,Passed,8.2,6.4,7.8
FA2024,FA2024-class 45,23,1905AHBFDC,,,7.9,,8.6,8.4,Passed,7.8,7.9,9
FA2024,FA2024-class 45,24,1905AICCGF,,,6.8,,7.4,6,Passed,7.8,6.8,3.1
FA2024,FA2024-class 45,25,1905AHBGDB,,,7.4,,7.6,8.1,Passed,9,7.4,9
FA2024,FA2024-class 45,26,1905AICBCC,,,6.2,,6,5.2,Passed,7.2,6.2,2.8
FA2024,FA2024-class 45,27,1905AHBAJG,,,7.5,,8.6,8.7,Passed,8.4,7.5,10
FA2024,FA2024-class 45,28,1905AICDJE,,,3.4,,5.6,4.7,Not Passed,8,3.4,4
FA2024,FA2024-class 45,29,1905AICCDF,,,7.7,,8.4,7.9,Passed,8.6,7.7,7.4
FA2024,FA2024-class 45,30,1905AICACJ,,,6.8,,6.7,5.9,Passed,6,6.8,4.3
FA2024,FA2024-class 45,31,1905AICCBC,,,6.5,,6.7,6.9,Passed,8,6.5,7
FA2024,FA2024-class 45,32,1905AICAAB,,,6.8,,8.8,8.3,Passed,8.8,6.8,9
FA2024,FA2024-class 45,33,1905AICCHG,,,6.4,,4.1,5.5,Passed,8,6.4,5
FA2024,FA2024-class 45,34,1905AICJHC,,,6.3,,0,1.9,Attendance Fail,0,6.3,0
FA2024,FA2024-class 45,35,1905AICJBD,,,5.8,,7.8,6.3,Passed,8.2,5.8,4.8
FA2024,FA2024-class 46,1,1905AICEAE,,,5.8,,6.6,7.4,Passed,8,5.8,9.5
FA2024,FA2024-class 46,2,1905AICGDB,,,6.8,,7.4,7.8,Passed,8.8,6.8,9
FA2024,FA2024-class 46,3,1905AHJBBJ,,,8.6,,8.6,9,Passed,8.4,8.6,10
FA2024,FA2024-class 46,4,1905AHDBHJ,,,5.6,,7.8,5.5,Passed,7.6,5.6,2.3
FA2024,FA2024-class 46,5,1905AICFIH,,,5.2,,7.6,6.7,Passed,8.6,5.2,6.8
FA2024,FA2024-class 46,6,1905AICDEF,,,5.2,,5.3,5.1,Passed,7.2,5.2,4.1
FA2024,FA2024-class 46,7,1905AICFHA,,,5.6,,6.8,4.9,Not Passed,7,5.6,1.5
FA2024,FA2024-class 46,8,1905AICDEE,,,6.6,,6.6,5.6,Passed,8.2,6.6,2.8
FA2024,FA2024-class 46,9,1905AICFEA,,,6.4,,6,7,Passed,8.2,6.4,8.1
FA2024,FA2024-class 46,10,1905AICDHC,,,7.1,,7.4,7.8,Passed,7.6,7.1,9
FA2024,FA2024-class 46,11,1905AICEDB,,,6.2,,4,5,Passed,8.4,6.2,3.8
FA2024,FA2024-class 46,12,1905AICFHJ,,,6.8,,5.7,5.9,Passed,7.4,6.8,4.7
FA2024,FA2024-class 46,13,1905AICEFH,,,8.2,,8,8.1,Passed,8,8.2,8
FA2024,FA2024-class 46,14,1905AICDFJ,,,7.7,,5.9,7.2,Passed,7.6,7.7,7.8
FA2024,FA2024-class 46,15,1905AICEDJ,,,6.4,,5.9,5.6,Passed,7.2,6.4,3.8
FA2024,FA2024-class 46,16,1905AHJEFE,,,7.2,,6.4,6.6,Passed,7.6,7.2,6
FA2024,FA2024-class 46,17,1905AICDGJ,,,6.8,,5.3,5.9,Passed,8.4,6.8,4.6
FA2024,FA2024-class 46,18,1905AICDFD,,,8.2,,7,7.5,Passed,5.4,8.2,8
FA2024,FA2024-class 46,19,1905AICFAE,,,0,,0,1.9,Attendance Fail,0,4.2,4.8
FA2024,FA2024-class 46,20,1905AICEIE,,,0,,0,0,Attendance Fail,0,0,0
FA2024,FA2024-class 46,21,1905AICDIJ,,,5.6,,6.5,7.1,Passed,8,5.6,9
FA2024,FA2024-class 46,22,1905AIFFHF,,,7.4,,8.4,8.3,Passed,8.4,7.4,9
FA2024,FA2024-class 46,23,1905AICGFJ,,,7.2,,7.1,6.5,Passed,8.8,7.2,4.3
FA2024,FA2024-class 46,24,1905AHAHCD,,,0.5,,0,0.5,Attendance Fail,0,4.2,0
FA2024,FA2024-class 46,25,1905AHDGJG,,,0,,0,0,Attendance Fail,0,0,0
FA2024,FA2024-class 46,26,1905AICFJH,,,5.8,,4.9,5.2,Passed,8,5.8,4
FA2024,FA2024-class 46,27,1905AICDGA,,,5.8,,5.6,5.9,Passed,7.6,5.8,5.7
FA2024,FA2024-class 46,28,1905AICFCB,,,6.4,,6.3,5.8,Passed,8,6.4,3.8
FA2024,FA2024-class 46,29,1905AICFHF,,,0,,0,0,Attendance Fail,0,0,0
FA2024,FA2024-class 46,30,1905AHDJBH,,,8,,7,8,Passed,8.2,8,9
FA2024,FA2024-class 46,31,1905AICDIE,,,7.2,,4.3,5.1,Passed,7.8,7.2,2.9
FA2024,FA2024-class 46,32,1905AGACEF,,,0,,0,0,Attendance Fail,0,0,0
FA2024,FA2024-class 46,33,1905AHJGAH,,,7.2,,7,7,Passed,8,7.2,6.6
FA2024,FA2024-class 46,34,1905AHJGEE,,,7.4,,9.2,8.8,Passed,7.8,7.4,10
FA2024,FA2024-class 46,35,1905AHAHDG,,,6.2,,0,3.6,Attendance Fail,8.6,6.2,3
FA2024,FA2024-class 47,1,1905AIDEHJ,,,6.3,,7.4,7.4,Passed,8.8,6.7,7.8
FA2024,FA2024-class 47,2,1905AICHBB,,,0,,0,0.7,Attendance Fail,0,7.2,0
FA2024,FA2024-class 47,3,1905AICHCI,,,6.7,,7.1,7.5,Passed,8.2,8.3,7.9
FA2024,FA2024-class 47,4,1905AHBIFA,,,5.7,,4.3,5,Passed,5.8,3.5,5.5
FA2024,FA2024-class 47,5,1905AIDACF,,,6,,6.8,6.9,Passed,7.2,8.7,7
FA2024,FA2024-class 47,6,1905AIDCDG,,,8,,6.2,5.9,Passed,5.3,8.2,3.8
FA2024,FA2024-class 47,7,1905AIDAHJ,,,7.7,,5.5,5.4,Passed,6.8,8.8,2
FA2024,FA2024-class 47,8,1905AIDJJI,,,6.3,,5.5,5.1,Passed,8,7.4,2.3
FA2024,FA2024-class 47,9,1905AGAGEE,,,0,,0,0,Attendance Fail,0,0,0
FA2024,FA2024-class 47,10,1905AHCHBE,,,5,,3.5,3.5,Not Passed,5.8,4.1,1.7
FA2024,FA2024-class 47,11,1905AICIAD,,,8.3,,8.8,8.9,Passed,9.5,7.1,9.8
FA2024,FA2024-class 47,12,1905AICIJB,,,5,,7,6.7,Passed,6.6,6.5,7.8
FA2024,FA2024-class 47,13,1905AICHEB,,,6.3,,6.7,6.4,Passed,6.6,5.1,6.4
FA2024,FA2024-class 47,14,1905AICHAB,,,7.7,,6.3,7.1,Passed,7.7,2.6,8.8
FA2024,FA2024-class 47,15,1905AGBGAB,,,0,,0,0.7,Attendance Fail,2.6,1.3,1
FA2024,FA2024-class 47,16,1905AICHIG,,,5,,7.6,7.7,Passed,6.8,8.5,9.8
FA2024,FA2024-class 47,17,1905AICIBH,,,6,,4.9,6.1,Passed,7,6.7,6.8
FA2024,FA2024-class 47,18,1905AIDBDF,,,7.3,,5.5,6.1,Passed,6.8,8.1,5
FA2024,FA2024-class 47,19,1905AIDBJE,,,6.3,,6.8,6.4,Passed,7.8,7.1,5.5
FA2024,FA2024-class 47,20,1905AIDAHD,,,6,,7.2,7.1,Passed,8.7,8.9,6.6
FA2024,FA2024-class 47,21,1905AICGFA,,,1,,0,1.2,Not Passed,6.1,4.2,0
FA2024,FA2024-class 47,22,1905AIDAJH,,,6.3,,6.9,7.4,Passed,7.2,7,8.7
FA2024,FA2024-class 47,23,1905AICIBA,,,8.3,,6.9,6.7,Passed,7.6,3.6,6.3
FA2024,FA2024-class 47,24,1905AIDJDC,,,6.3,,4.8,5.8,Passed,8,8.9,4.7
FA2024,FA2024-class 47,25,1905AIDAGI,,,6.3,,7.2,7,Passed,8.2,7.3,6.8
FA2024,FA2024-class 47,26,1905AICIAA,,,5.7,,4.6,5.6,Passed,6,4.9,6.5
FA2024,FA2024-class 47,27,1905AGCAEJ,,,0,,0,0,Attendance Fail,0,0,0
FA2024,FA2024-class 47,28,1905AFAJAI,,,6,,6.6,5.2,Passed,7.6,3.5,2.9
FA2024,FA2024-class 47,29,1905AIDBGI,,,6,,7.2,7.9,Passed,8,7.1,10
FA2024,FA2024-class 47,30,1905AHCAJH,,,6.3,,5.2,6.2,Passed,7.3,6.5,6.8
FA2024,FA2024-class 47,31,1905AICIIH,,,7.7,,8.4,7.8,Passed,7,6.6,7.8
FA2024,FA2024-class 47,32,1905AHJEEJ,,,5.7,,6.8,5.9,Passed,7.6,4.9,5
FA2024,FA2024-class 47,33,1905AIDJGJ,,,5.3,,6.8,6.3,Passed,7.1,5.3,6.4
FA2024,FA2024-class 47,34,1905AICHDH,,,0,,0,0.2,Attendance Fail,0,1.8,0
FA2024,FA2024-class 47,35,1905AIDADF,,,0,,0,0.2,Attendance Fail,0,1.8,0
FA2024,FA2024-class 48,1,1905AIDEDD,,,6.5,,5.9,7.2,Passed,9,8.7,7.8
FA2024,FA2024-class 48,2,1905AHBFCC,,,8,,8.6,8.9,Passed,8.8,8.9,9.8
FA2024,FA2024-class 48,3,1905AIDBIF,,,8,,5.6,5.3,Passed,5.7,5.7,2.9
FA2024,FA2024-class 48,4,1905AIDDIG,,,7,,7,7.6,Passed,8.9,5.4,9
FA2024,FA2024-class 48,5,1905AIDEJB,,,6.5,,5.9,6.6,Passed,7.1,8.1,6.8
FA2024,FA2024-class 48,6,1905AIDFJE,,,9,,6.9,7.6,Passed,9.3,8,6.8
FA2024,FA2024-class 48,7,1905AIDECI,,,5,,6.3,5.2,Passed,8.4,6.8,2.5
FA2024,FA2024-class 48,8,1905AIDCJE,,,2,,0,0.8,Attendance Fail,0,3.8,0
FA2024,FA2024-class 48,9,1905AIDCAI,,,8,,7.4,8.4,Passed,7.2,9,9.8
FA2024,FA2024-class 48,10,1905AHCEIJ,,,5,,5.2,6.1,Passed,6.6,8.5,6.8
FA2024,FA2024-class 48,11,1905AIDDGJ,,,9,,7.6,6.7,Passed,7.6,6.9,4
FA2024,FA2024-class 48,12,1905AIDCBH,,,9,,6.6,7.8,Passed,7.3,9.3,8
FA2024,FA2024-class 48,13,1905AIDEGF,,,9,,8.2,9.2,Passed,9.9,9.9,10
FA2024,FA2024-class 48,14,1905AICBJE,,,5.5,,6.6,5.6,Passed,8.8,7.6,3
FA2024,FA2024-class 48,15,1905AIDFJF,,,9,,7,8.5,Passed,7.3,8.4,10
FA2024,FA2024-class 48,16,1905AIDEFC,,,6.5,,7.2,5.8,Passed,8,6,3
FA2024,FA2024-class 48,17,1905AIDDCA,,,9,,8,8.2,Passed,8.6,7.7,7.8
FA2024,FA2024-class 48,18,1905AIDEGE,,,3,,0,3.2,Not Passed,6.9,6.8,4
FA2024,FA2024-class 48,19,1905AIDBDA,,,5.5,,6.5,6.1,Passed,6.7,6.8,5.8
FA2024,FA2024-class 48,20,1905AIFDDC,,,8,,4.5,6,Passed,8.9,6.2,5.1
FA2024,FA2024-class 48,21,1905AIDBDI,,,5.5,,7.3,6.1,Passed,7.9,8.7,4
FA2024,FA2024-class 48,22,1905AICEBB,,,8,,8.8,8.5,Passed,8.9,10,8
FA2024,FA2024-class 48,23,1905AIDCIJ,,,5,,7,6.3,Passed,8.9,5.6,5.9
FA2024,FA2024-class 48,24,1905AIDCIC,,,8.5,,8.2,8.8,Passed,10,9.7,8.8
FA2024,FA2024-class 48,25,1905AIDEHC,,,0,,0,0,Attendance Fail,0,0,0
FA2024,FA2024-class 48,26,1905AHAIFB,,,5.5,,7,6.7,Passed,8.5,7.2,6.5
FA2024,FA2024-class 48,27,1905AHAGCG,,,7,,6.5,7.7,Passed,8.2,9.3,8.8
FA2024,FA2024-class 48,28,1905AIDBBI,,,9,,6.2,7.5,Passed,7,8.5,7.8
FA2024,FA2024-class 48,29,1905AIDBFG,,,9,,5,6.3,Passed,7.4,7.8,4.8
FA2024,FA2024-class 48,30,1905AIDFJB,,,9,,7.1,8.8,Passed,8.8,9.8,10
FA2024,FA2024-class 48,31,1905AIDCJB,,,9,,6.6,6.7,Passed,8.2,7.1,4.8
FA2024,FA2024-class 48,32,1905AIDDAE,,,7,,5.4,4.5,Not Passed,7.3,4,1
FA2024,FA2024-class 48,33,1905AHBJAH,,,5.5,,9.4,6.3,Passed,7.6,6,3.3
FA2024,FA2024-class 48,34,1905AHBEDD,,,8,,7.8,6.8,Passed,7.8,8,4.3
FA2024,FA2024-class 48,35,1905AIDECJ,,,8.7,,8,8.5,Passed,10,10,8
FA2024,FA2024-class 49,1,1905AIDFBB,,,8.5,,6.2,7.5,Passed,8.3,7.7,7.7
FA2024,FA2024-class 49,2,1905AHDEBD,,,8,,6.5,6.2,Passed,6.5,7.3,4.3
FA2024,FA2024-class 49,3,0305AHJFEE,,,0,,0,0,Attendance Fail,0,0,0
FA2024,FA2024-class 49,4,1905AIDGJD,,,8,,5.1,5.3,Passed,7.9,8,2
FA2024,FA2024-class 49,5,1905AHAGGE,,,8.5,,8.4,8.4,Passed,9.3,6.3,8.8
FA2024,FA2024-class 49,6,1905AIDFHB,,,8.5,,8,7.9,Passed,8.1,7.7,7.5
FA2024,FA2024-class 49,7,1905AIDFBH,,,8.5,,6.8,5.5,Passed,8.5,4.7,1.5
FA2024,FA2024-class 49,8,1905AIFBAE,,,9,,8.4,8.8,Passed,6.1,8.7,10
FA2024,FA2024-class 49,9,1905AHJDBC,,,0,,0,0,Attendance Fail,0,0,0
FA2024,FA2024-class 49,10,1905AIFBJH,,,8,,7.3,7.1,Passed,6.3,6.8,6.8
FA2024,FA2024-class 49,11,1905AIFCJC,,,6.5,,7.1,5.5,Passed,6.8,7.3,2.2
FA2024,FA2024-class 49,12,1905AIDGIF,,,7.5,,6.3,5.4,Passed,7.6,7.6,1.6
FA2024,FA2024-class 49,13,1905AFAHIF,,,7,,7.4,5.5,Passed,7,6.8,1.8
FA2024,FA2024-class 49,14,1905AIDGEE,,,8,,6.1,6.4,Passed,7.7,8,4.8
FA2024,FA2024-class 49,15,1905AIFBAH,,,8,,8.2,7.4,Passed,6.8,6.6,6.8
FA2024,FA2024-class 49,16,1905AIFBCF,,,8,,6.3,6.5,Passed,9.9,7.8,4
FA2024,FA2024-class 49,17,1905AIDIBD,,,8,,7,6.1,Passed,8.2,7.3,2.8
FA2024,FA2024-class 49,18,1905AHCCAI,,,8.5,,6.6,7.6,Passed,9.6,8.5,7
FA2024,FA2024-class 49,19,1905AIFBBJ,,,7,,8,5.5,Passed,1.3,1,4.9
FA2024,FA2024-class 49,20,1905AIDHFG,,,8,,7.8,6.1,Passed,8.9,7.8,1.5
FA2024,FA2024-class 49,21,1905AIFBJB,,,7.5,,4.5,6.7,Passed,7.3,7.4,7.8
FA2024,FA2024-class 49,22,1905AHBBEJ,,,7.5,,7.6,7,Passed,7.2,7.5,5.8
FA2024,FA2024-class 49,23,1905AIFBDD,,,8.5,,8.2,8.6,Passed,8.8,8.8,9
FA2024,FA2024-class 49,24,1905AIFBAI,,,8,,8,5.8,Passed,6.4,6.9,1.7
FA2024,FA2024-class 49,25,1905AHEJHJ,,,7.5,,7.1,8.4,Passed,9.1,8.3,10
FA2024,FA2024-class 49,26,1905AHBJBE,,,8.5,,7.1,8.5,Passed,8.6,8.3,10
FA2024,FA2024-class 49,27,1905AIDFHD,,,9,,9.2,9,Passed,9.6,7.7,9
FA2024,FA2024-class 49,28,1905AHDCEA,,,7.5,,8,5.9,Passed,6.6,6.7,2.3
FA2024,FA2024-class 49,29,1905AHAGGF,,,8.5,,8.2,8.2,Passed,9.3,7.8,7.8
FA2024,FA2024-class 49,30,1905AHCEEG,,,0,,0,0,Attendance Fail,0,0,0
FA2024,FA2024-class 49,31,1905AIDGIB,,,7.5,,5.6,5.1,Passed,8.3,6.7,1.3
FA2024,FA2024-class 49,32,1905AIDHAH,,,8,,0,3.3,Not Passed,8.4,8.2,0
FA2024,FA2024-class 50,1,1905AIFFHI,,,9.5,,8.6,8.8,Passed,7.7,8.1,9
FA2024,FA2024-class 50,2,1905AIFHEB,,,8,,7.2,7.8,Passed,6.8,6.6,9
FA2024,FA2024-class 50,3,1905AIFFFI,,,9.5,,7.1,8,Passed,7.3,6.5,8.7
FA2024,FA2024-class 50,4,1905AIFBHB,,,9,,0,3.3,Attendance Fail,7.5,4.6,0.8
FA2024,FA2024-class 50,5,1905AIFBFH,,,9,,4.6,5.6,Passed,6,5.8,4
FA2024,FA2024-class 50,6,1905AIFFEI,,,8,,7.4,7.7,Passed,7.4,4.4,9
FA2024,FA2024-class 50,7,1905AIFDIE,,,9,,6.8,7.5,Passed,8.2,8,6.9
FA2024,FA2024-class 50,8,1905AIFDHD,,,9.5,,9.6,9.4,Passed,8.3,8.2,10
FA2024,FA2024-class 50,9,1905AIFDAI,,,9,,7.2,8.6,Passed,8.4,7.9,10
FA2024,FA2024-class 50,10,1905AIFDAB,,,9.5,,7.8,8.9,Passed,8.2,8.8,10
FA2024,FA2024-class 50,11,1905AIFCAJ,,,9,,8.6,8.9,Passed,9,6.7,10
FA2024,FA2024-class 50,12,1905AIFBEI,,,9,,8,6.6,Passed,9,8.3,2.3
FA2024,FA2024-class 50,13,1905AIFFJA,,,8,,6.2,5.1,Passed,5.8,5,1.8
FA2024,FA2024-class 50,14,1905AICDDI,,,7,,5.6,5.2,Passed,8.4,5.8,2.3
FA2024,FA2024-class 50,15,1905AIDHEH,,,9,,6.5,5.9,Passed,8,5,2.8
FA2024,FA2024-class 50,16,1905AHCECJ,,,0,,0,0,Attendance Fail,0,0,0
FA2024,FA2024-class 50,17,1905AICHGD,,,9,,8,8.3,Passed,8.8,7.5,8.3
FA2024,FA2024-class 50,18,1905AIFDJE,,,9,,8.4,8.3,Passed,8,7.6,8
FA2024,FA2024-class 50,19,1905AIFFJE,,,9.5,,9.4,9.2,Passed,7.8,8.7,9.5
FA2024,FA2024-class 50,20,1905AIFCBB,,,9,,7.6,7.3,Passed,8.7,7.5,5.5
FA2024,FA2024-class 50,21,1905AIFDHI,,,8,,0,2.9,Not Passed,8.7,4.3,0
FA2024,FA2024-class 50,22,1905AIBCEG,,,9,,7.3,7.9,Passed,7.3,7.3,8
FA2024,FA2024-class 50,23,1905AICIDI,,,8,,8.6,8.6,Passed,7.4,7.9,9.6
FA2024,FA2024-class 50,24,1905AIFDJG,,,9,,5.3,5.2,Passed,7.3,7.4,1
FA2024,FA2024-class 50,25,1905AHDJED,,,8,,8.8,8.6,Passed,9.3,8.1,8.8
FA2024,FA2024-class 50,26,1919AICHCH,,,8,,5.6,5.3,Passed,6.2,5.1,3
FA2024,FA2024-class 50,27,1905AHEJDF,,,8,,8.2,8.6,Passed,9.2,7.9,9.3
FA2024,FA2024-class 50,28,1905AIDACA,,,7,,8.8,6,Passed,8.5,6.6,1.6
FA2024,FA2024-class 50,29,1905AIDHGC,,,7,,7.1,6.3,Passed,9.1,7.4,3.8
FA2024,FA2024-class 50,30,1905AIFFBA,,,9,,7.3,8.4,Passed,7.8,7.8,9.6
FA2024,FA2024-class 50,31,1905AIFGJH,,,9,,8.2,8.6,Passed,8.4,8.3,8.8
FA2024,FA2024-class 50,32,1905AIFDEI,,,8,,9.8,7,Passed,8.9,8.3,2.5
FA2024,FA2024-class 50,33,1905AIFFDI,,,8,,7.4,7.2,Passed,8.4,7.1,6
FA2024,FA2024-class 50,34,1905AIFBHD,,,7,,8.4,8.3,Passed,8.9,7.7,9
FA2024,FA2024-class 50,35,1905AIFCJF,,,9,,7.6,8.2,Passed,8.6,8.1,8.3
SP2017,SP2017-class 1,1,1905FAHHH,,,,,,4.8,Not Passed,,,
SP2017,SP2017-class 1,2,1905FAIDI,,,,,,5.8,Passed,,,
SP2017,SP2017-class 1,3,1905FBCEI,,,,,,5.3,Passed,,,
SP2017,SP2017-class 1,4,1905FBAIH,,,,,,6.5,Passed,,,
SP2017,SP2017-class 1,5,1905FBDJB,,,,,,5.5,Passed,,,
SP2017,SP2017-class 1,6,1905FAIFD,,,,,,5.5,Passed,,,
SP2017,SP2017-class 1,7,1905FAIFF,,,,,,5.4,Passed,,,
SP2017,SP2017-class 1,8,1905FBJAA,,,,,,4.8,Not Passed,,,
SP2017,SP2017-class 1,9,1905FAFHJ,,,,,,0,Not Passed,,,
SP2017,SP2017-class 1,10,1905FBFFF,,,,,,5.4,Passed,,,
SP2017,SP2017-class 1,11,1905FAGGE,,,,,,6.2,Passed,,,
SP2017,SP2017-class 1,12,1905FAHEG,,,,,,6,Passed,,,
SP2017,SP2017-class 1,13,1905FBCCB,,,,,,5.7,Passed,,,
SP2017,SP2017-class 1,14,1905FAHEF,,,,,,4.5,Not Passed,,,
SP2017,SP2017-class 1,15,1905FBJHH,,,,,,6.8,Passed,,,
SP2017,SP2017-class 1,16,1905FAGBH,,,,,,0,Not Passed,,,
SP2017,SP2017-class 1,17,1905FBCHC,,,,,,6.7,Passed,,,
SP2017,SP2017-class 2,1,1905FBDEG,,,,,,6.8,Passed,,,
SP2017,SP2017-class 2,2,1905FBFCD,,,,,,0,Not Passed,,,
SP2017,SP2017-class 2,3,1905FBCGH,,,,,,6.2,Passed,,,
SP2017,SP2017-class 2,4,1905FBGDF,,,,,,6.8,Passed,,,
SP2017,SP2017-class 2,5,1905FAIFI,,,,,,5.4,Passed,,,
SP2017,SP2017-class 2,6,1905FBBHG,,,,,,6.1,Passed,,,
SP2017,SP2017-class 2,7,1905FBCHG,,,,,,4.5,Not Passed,,,
SP2017,SP2017-class 2,8,1905FBJBJ,,,,,,0,Not Passed,,,
SP2017,SP2017-class 2,9,1905FBAFJ,,,,,,7,Passed,,,
SP2017,SP2017-class 2,10,1905FBGCB,,,,,,1.9,Not Passed,,,
SP2017,SP2017-class 2,11,1905FAHGD,,,,,,5.9,Passed,,,
SP2017,SP2017-class 2,12,1905FBBEC,,,,,,5.4,Passed,,,
SP2017,SP2017-class 2,13,1905FBDCI,,,,,,5.7,Passed,,,
SP2017,SP2017-class 2,14,1905FBBGE,,,,,,7.4,Passed,,,
SP2017,SP2017-class 2,15,1905FAHJI,,,,,,5.7,Passed,,,
SP2017,SP2017-class 2,16,1905FAGDD,,,,,,5.9,Passed,,,
SP2017,SP2017-class 2,17,1905FADCJ,,,,,,0.3,Not Passed,,,
SP2017,SP2017-class 3,1,1905FBDEB,,,,,,6.2,Passed,,,
SP2017,SP2017-class 3,2,1905FBFIJ,,,,,,5,Passed,,,
SP2017,SP2017-class 3,3,1905FBCIC,,,,,,6.5,Passed,,,
SP2017,SP2017-class 3,4,1905FBEHE,,,,,,6.3,Passed,,,
SP2017,SP2017-class 3,5,1905FBDFB,,,,,,6,Passed,,,
SP2017,SP2017-class 3,6,1905FBFAJ,,,,,,6.4,Passed,,,
SP2017,SP2017-class 3,7,1905FBAHJ,,,,,,5.6,Passed,,,
SP2017,SP2017-class 3,8,1905FBEHH,,,,,,5.3,Passed,,,
SP2017,SP2017-class 3,9,1905FBFAI,,,,,,5.8,Passed,,,
SP2017,SP2017-class 3,10,1905FBAII,,,,,,5.3,Passed,,,
SP2017,SP2017-class 3,11,1905FBDBF,,,,,,5.8,Passed,,,
SP2017,SP2017-class 3,12,1905FBGBD,,,,,,4.5,Not Passed,,,
SP2017,SP2017-class 3,13,1905FBFEA,,,,,,0,Not Passed,,,
SP2017,SP2017-class 3,14,1905FBCBE,,,,,,5.3,Passed,,,
SP2017,SP2017-class 3,15,1905FBBCI,,,,,,6.5,Passed,,,
SP2017,SP2017-class 3,16,1905FBDAH,,,,,,5.1,Passed,,,
SP2017,SP2017-class 3,17,1905FBBBD,,,,,,0.2,Not Passed,,,
SP2017,SP2017-class 4,1,1905FAIEJ,,,,,,0,Not Passed,,,
SP2017,SP2017-class 4,2,1905FBEBA,,,,,,5.9,Passed,,,
SP2017,SP2017-class 4,3,1905FBCCJ,,,,,,7.4,Passed,,,
SP2017,SP2017-class 4,4,1905FBBAA,,,,,,5.7,Passed,,,
SP2017,SP2017-class 4,5,1905FBDBG,,,,,,2.3,Not Passed,,,
SP2017,SP2017-class 4,6,1905FBAGF,,,,,,5.7,Passed,,,
SP2017,SP2017-class 4,7,1905FBBJB,,,,,,1,Not Passed,,,
SP2017,SP2017-class 4,8,1905FBAIG,,,,,,5.2,Passed,,,
SP2017,SP2017-class 4,9,1905FBAFG,,,,,,5.7,Passed,,,
SP2017,SP2017-class 4,10,1905FBCFE,,,,,,5.6,Passed,,,
SP2017,SP2017-class 4,11,1905FAFGF,,,,,,0,Not Passed,,,
SP2017,SP2017-class 4,12,1905FBCGB,,,,,,8.1,Passed,,,
SP2017,SP2017-class 4,13,1905FBEDF,,,,,,5.5,Passed,,,
SP2017,SP2017-class 4,14,1905FBECE,,,,,,6,Passed,,,
SP2017,SP2017-class 4,15,1905FBAGB,,,,,,8.9,Passed,,,
SP2017,SP2017-class 4,16,1905FBCGI,,,,,,7.2,Passed,,,
SP2017,SP2017-class 4,17,1905FBJDD,,,,,,5.3,Passed,,,
SP2017,SP2017-class 4,18,1905FBEBG,,,,,,0.5,Not Passed,,,
SP2017,SP2017-class 4,19,1905FBAGI,,,,,,5.8,Passed,,,
SP2017,SP2017-class 4,20,1905FBCDH,,,,,,1.1,Not Passed,,,
SP2017,SP2017-class 4,21,1905FBAIA,,,,,,4.3,Not Passed,,,
SP2017,SP2017-class 4,22,1905FBJGF,,,,,,0,Not Passed,,,
SP2017,SP2017-class 4,23,1905FBCEJ,,,,,,5.3,Passed,,,
SP2017,SP2017-class 4,24,1905FBCCE,,,,,,5.2,Passed,,,
SP2017,SP2017-class 5,1,1905FBDBH,,,,,,6.4,Passed,,,
SP2017,SP2017-class 5,2,1905FBCIE,,,,,,5.3,Passed,,,
SP2017,SP2017-class 5,3,1905FBBFC,,,,,,2.8,Not Passed,,,
SP2017,SP2017-class 5,4,1905FBFJG,,,,,,5.8,Passed,,,
SP2017,SP2017-class 5,5,1905FBFDD,,,,,,7,Passed,,,
SP2017,SP2017-class 5,6,1905FBEJB,,,,,,5.9,Passed,,,
SP2017,SP2017-class 5,7,1905FBDJC,,,,,,5.4,Passed,,,
SP2017,SP2017-class 5,8,1905FBDJF,,,,,,6.2,Passed,,,
SP2017,SP2017-class 5,9,1905FBCII,,,,,,5.5,Passed,,,
SP2017,SP2017-class 5,10,1905FBBHC,,,,,,5.4,Passed,,,
SP2017,SP2017-class 5,11,1905FBFFI,,,,,,6,Passed,,,
SP2017,SP2017-class 5,12,1905FBBAF,,,,,,5.7,Passed,,,
SP2017,SP2017-class 5,13,1905FBBIA,,,,,,7.1,Passed,,,
SP2017,SP2017-class 5,14,1905FBDBI,,,,,,5.8,Passed,,,
SP2017,SP2017-class 5,15,1905FBFAE,,,,,,6.7,Passed,,,
SP2017,SP2017-class 5,16,1905FBAJH,,,,,,6.9,Passed,,,
SP2017,SP2017-class 5,17,1905FBCCA,,,,,,5.4,Passed,,,
SP2017,SP2017-class 5,18,1905FBCIF,,,,,,6.2,Passed,,,
SP2017,SP2017-class 5,19,1905FBDCH,,,,,,5.4,Passed,,,
SP2017,SP2017-class 5,20,1905FBFCB,,,,,,6,Passed,,,
SP2017,SP2017-class 5,21,1905FAGAF,,,,,,0,Not Passed,,,
SP2017,SP2017-class 5,22,1905FAGBH,,,,,,2,Not Passed,,,
SP2017,SP2017-class 6,1,1905FBEIG,,,,,,6,Passed,,,
SP2017,SP2017-class 6,2,1902FAECH,,,,,,0.4,Not Passed,,,
SP2017,SP2017-class 6,3,1905FBEED,,,,,,5.5,Passed,,,
SP2017,SP2017-class 6,4,1905FBEBB,,,,,,5.4,Passed,,,
SP2017,SP2017-class 6,5,1905FBFGD,,,,,,2.5,Not Passed,,,
SP2017,SP2017-class 6,6,1905FBEGA,,,,,,5.7,Passed,,,
SP2017,SP2017-class 6,7,1905FBGJC,,,,,,5.1,Passed,,,
SP2017,SP2017-class 6,8,1905FBEEH,,,,,,5.3,Passed,,,
SP2017,SP2017-class 6,9,1905FBEAI,,,,,,6,Passed,,,
SP2017,SP2017-class 6,10,1905FBEIB,,,,,,0.9,Not Passed,,,
SP2017,SP2017-class 6,11,1905FAIEI,,,,,,4.4,Not Passed,,,
SP2017,SP2017-class 6,12,1905FBEIH,,,,,,5.1,Passed,,,
SP2017,SP2017-class 6,13,1905FBFII,,,,,,5.8,Passed,,,
SP2017,SP2017-class 6,14,1905FAGFD,,,,,,5.3,Passed,,,
SP2017,SP2017-class 6,15,1905FBGCB,,,,,,0,Not Passed,,,
SP2017,SP2017-class 6,16,1905FBEHJ,,,,,,6,Passed,,,
SP2017,SP2017-class 6,17,1905FBGBG,,,,,,0.6,Not Passed,,,
SP2017,SP2017-class 6,18,1905FBDFI,,,,,,2.7,Not Passed,,,
SP2017,SP2017-class 6,19,1905FBEHB,,,,,,0,Not Passed,,,
SP2017,SP2017-class 6,20,1905FAFBI,,,,,,5.1,Passed,,,
SP2017,SP2017-class 6,21,1905FAJGC,,,,,,7.1,Passed,,,
SP2017,SP2017-class 6,22,1905FAEIB,,,,,,5,Passed,,,
SP2017,SP2017-class 6,23,1905FBFHA,,,,,,2.1,Not Passed,,,
SP2017,SP2017-class 6,24,1905FBFHC,,,,,,0.8,Not Passed,,,
SP2017,SP2017-class 6,25,1905FBEHC,,,,,,5.3,Passed,,,
SP2017,SP2017-class 7,1,1905FBGAI,,,,,,0,Not Passed,,,
SP2017,SP2017-class 7,2,1905FBDIJ,,,,,,5,Passed,,,
SP2017,SP2017-class 7,3,1905FBJDF,,,,,,5,Passed,,,
SP2017,SP2017-class 7,4,1905FBEFC,,,,,,5.8,Passed,,,
SP2017,SP2017-class 7,5,1905FBEDD,,,,,,4.4,Not Passed,,,
SP2017,SP2017-class 7,6,1905FBJJA,,,,,,0,Not Passed,,,
SP2017,SP2017-class 7,7,1905FABCD,,,,,,5,Passed,,,
SP2017,SP2017-class 7,8,1905FBBED,,,,,,5.4,Passed,,,
SP2017,SP2017-class 7,9,1905FBGEG,,,,,,6.8,Passed,,,
SP2017,SP2017-class 7,10,1905FBECH,,,,,,0,Not Passed,,,
SP2017,SP2017-class 7,11,1905FBGAJ,,,,,,0,Not Passed,,,
SP2017,SP2017-class 7,12,1905FBFIH,,,,,,6.6,Passed,,,
SP2017,SP2017-class 7,13,1905FBJEJ,,,,,,4.5,Not Passed,,,
SP2017,SP2017-class 7,14,1905FBEBE,,,,,,4.4,Not Passed,,,
SP2017,SP2017-class 7,15,1905FBGBI,,,,,,5.4,Passed,,,
SP2017,SP2017-class 7,16,1905FJFCB,,,,,,0.7,Not Passed,,,
SP2017,SP2017-class 7,17,1905FBGJD,,,,,,5.7,Passed,,,
SP2017,SP2017-class 7,18,1905FBEFB,,,,,,6.3,Passed,,,
SP2017,SP2017-class 7,19,1905FAECD,,,,,,0,Not Passed,,,
SP2017,SP2017-class 7,20,1905FBGAG,,,,,,2.9,Not Passed,,,
SP2017,SP2017-class 7,21,1905FADAF,,,,,,0,Not Passed,,,
SP2017,SP2017-class 7,22,1905FAIIE,,,,,,4.6,Not Passed,,,
SP2017,SP2017-class 8,1,1905FAIAI,,,,,,6,Passed,,,
SP2017,SP2017-class 8,2,1905FBBEH,,,,,,5.6,Passed,,,
SP2017,SP2017-class 8,3,1905FBFJB,,,,,,6.2,Passed,,,
SP2017,SP2017-class 8,4,1905FBDGJ,,,,,,6.1,Passed,,,
SP2017,SP2017-class 8,5,1905FAHHE,,,,,,6.2,Passed,,,
SP2017,SP2017-class 8,6,1905FBFHG,,,,,,6,Passed,,,
SP2017,SP2017-class 8,7,1905FBBGC,,,,,,6.7,Passed,,,
SP2017,SP2017-class 8,8,1905FBCEC,,,,,,5.8,Passed,,,
SP2017,SP2017-class 8,9,1905FBFBG,,,,,,0,Not Passed,,,
SP2017,SP2017-class 8,10,1905FBGBH,,,,,,6,Passed,,,
SP2017,SP2017-class 8,11,1905FAFHJ,,,,,,0,Not Passed,,,
SP2017,SP2017-class 8,12,1905FBBIB,,,,,,8.5,Passed,,,
SP2017,SP2017-class 8,13,1905FBEDC,,,,,,8,Passed,,,
SP2017,SP2017-class 8,14,1905FBBIC,,,,,,6.9,Passed,,,
SP2017,SP2017-class 8,15,1905FBBFI,,,,,,6.1,Passed,,,
SP2017,SP2017-class 8,16,1902FAECI,,,,,,0,Not Passed,,,
SP2017,SP2017-class 8,17,1905FBEEE,,,,,,6.6,Passed,,,
SP2017,SP2017-class 8,18,1905FBGCA,,,,,,0.4,Not Passed,,,
SP2017,SP2017-class 8,19,1905FBGCF,,,,,,0.6,Not Passed,,,
SP2017,SP2017-class 8,20,1905FBEFJ,,,,,,5.6,Passed,,,
SP2017,SP2017-class 8,21,1905FBGDC,,,,,,4.5,Not Passed,,,
SP2017,SP2017-class 8,22,1905FBDCD,,,,,,8.6,Passed,,,
SP2017,SP2017-class 8,23,1905FAFHB,,,,,,5.6,Passed,,,
SP2017,SP2017-class 8,24,1905FADCJ,,,,,,0.3,Not Passed,,,
SP2017,SP2017-class 9,1,1905FBDGG,,,,,,6,Passed,,,
SP2017,SP2017-class 9,2,1905FBAEB,,,,,,5.8,Passed,,,
SP2017,SP2017-class 9,3,1905FBAFC,,,,,,7,Passed,,,
SP2017,SP2017-class 9,4,1905FBAJD,,,,,,3.2,Not Passed,,,
SP2017,SP2017-class 9,5,1905FBFFD,,,,,,0.5,Not Passed,,,
SP2017,SP2017-class 9,6,1905FBAHG,,,,,,6.1,Passed,,,
SP2017,SP2017-class 9,7,1905FBGJA,,,,,,6.6,Passed,,,
SP2017,SP2017-class 9,8,1905JDBDF,,,,,,1.1,Not Passed,,,
SP2017,SP2017-class 9,9,1905FBEBI,,,,,,7.9,Passed,,,
SP2017,SP2017-class 9,10,1905FBFCF,,,,,,5.2,Passed,,,
SP2017,SP2017-class 9,11,1905FBEEB,,,,,,6.5,Passed,,,
SP2017,SP2017-class 9,12,1905FBBFF,,,,,,5.2,Passed,,,
SP2017,SP2017-class 9,13,1902FAEDF,,,,,,0,Not Passed,,,
SP2017,SP2017-class 9,14,1905FBCBF,,,,,,0,Not Passed,,,
SP2017,SP2017-class 9,15,1905FBGGJ,,,,,,7,Passed,,,
SP2017,SP2017-class 9,16,1905FBEAB,,,,,,5.4,Passed,,,
SP2017,SP2017-class 9,17,1905FBFEB,,,,,,0.2,Not Passed,,,
SP2017,SP2017-class 9,18,1905FBAGC,,,,,,1.8,Not Passed,,,
SP2017,SP2017-class 9,19,1905FBFFF,,,,,,1.2,Not Passed,,,
SP2017,SP2017-class 9,20,1905FBFCG,,,,,,4.2,Not Passed,,,
SP2017,SP2017-class 9,21,1905FBJCI,,,,,,5.3,Passed,,,
SP2017,SP2017-class 9,22,1905FBEEA,,,,,,2.4,Not Passed,,,
SP2017,SP2017-class 9,23,1905FBGBE,,,,,,5.8,Passed,,,
SP2017,SP2017-class 9,24,1905FBBEB,,,,,,6.3,Not Passed,,,
SP2017,SP2017-class 10,1,1905FACFH,,,,,,7.5,Passed,,,
SP2017,SP2017-class 10,2,1905FBEAH,,,,,,5.2,Passed,,,
SP2017,SP2017-class 10,3,1905FAIGG,,,,,,8.3,Passed,,,
SP2017,SP2017-class 10,4,1905FBHGG,,,,,,6.9,Passed,,,
SP2017,SP2017-class 10,5,1905FAFBJ,,,,,,0,Not Passed,,,
SP2017,SP2017-class 10,6,1905FBFFE,,,,,,6.6,Passed,,,
SP2017,SP2017-class 10,7,1905FBAIH,,,,,,0.5,Not Passed,,,
SP2017,SP2017-class 10,8,1905FBDJB,,,,,,1,Not Passed,,,
SP2017,SP2017-class 10,9,1905FBGFI,,,,,,7,Passed,,,
SP2017,SP2017-class 10,10,1905FBDJH,,,,,,0.6,Not Passed,,,
SP2017,SP2017-class 10,11,1905FBDFE,,,,,,4.6,Not Passed,,,
SP2017,SP2017-class 10,12,1905FBFHH,,,,,,3.9,Not Passed,,,
SP2017,SP2017-class 10,13,1905FBFAD,,,,,,7.6,Passed,,,
SP2017,SP2017-class 10,14,1905FBFCE,,,,,,5.9,Passed,,,
SP2017,SP2017-class 10,15,1905FAEGH,,,,,,4.6,Not Passed,,,
SP2017,SP2017-class 10,16,1905FBFIG,,,,,,6.9,Passed,,,
SP2017,SP2017-class 10,17,1905FBBGH,,,,,,8.2,Passed,,,
SP2017,SP2017-class 10,18,1905FBCCF,,,,,,5.3,Passed,,,
SP2017,SP2017-class 10,19,1905FBFCC,,,,,,4.7,Not Passed,,,
SP2017,SP2017-class 10,20,1905FBCBA,,,,,,4.7,Not Passed,,,
SP2017,SP2017-class 10,21,1905FBBGB,,,,,,6,Passed,,,
SP2017,SP2017-class 10,22,1905FBBGE,,,,,,1.1,Not Passed,,,
SP2017,SP2017-class 10,23,1905FBFGB,,,,,,5,Not Passed,,,
SP2018,SP2018-class 1,1,1905ACJFFI,,7,8,9,6.5,7.5,Passed,6.1,,
SP2018,SP2018-class 1,2,1905FCCAH,,0.3,0,5,0,1.3,Not Passed,0,,
SP2018,SP2018-class 1,3,1905ACJJGG,,5.9,7,3,4.8,5.2,Passed,7.2,,
SP2018,SP2018-class 1,4,1905FCAIA,,0,0,0,0,0,Not Passed,0,,
SP2018,SP2018-class 1,5,1905ACJJIA,,4,8,3,5.7,5.1,Passed,4.8,,
SP2018,SP2018-class 1,6,1905ACJJIC,,5.6,7,4,5.7,5.6,Passed,6.3,,
SP2018,SP2018-class 1,7,1905ACJECF,,7.4,8,6,6.2,6.7,Passed,6.2,,
SP2018,SP2018-class 1,8,1905ACJJFA,,6.6,7,4,5.7,5.6,Passed,5.4,,
SP2018,SP2018-class 1,9,1905ACJJGI,,7,5,3,5.8,5.1,Passed,5.1,,
SP2018,SP2018-class 1,10,1905FCJEH,,5,7,3,2.9,4.2,Not Passed,4.2,,
SP2018,SP2018-class 1,11,1905ACJAEH,,5.2,7,3,3.9,4.6,Not Passed,5.3,,
SP2018,SP2018-class 1,12,1905ACJFEC,,8.4,8,3,8,6.6,Passed,5.7,,
SP2018,SP2018-class 1,13,1905ACJJCJ,,2,0,0,0,0.3,Not Passed,0,,
SP2018,SP2018-class 1,14,1905ACJDGE,,7,8,3,7,6,Passed,5.2,,
SP2018,SP2018-class 1,15,1905ACJADB,,7.8,7,5,7.7,7,Passed,8.3,,
SP2018,SP2018-class 1,16,1905FBCCG,,0.2,0,0,0,0,Not Passed,0,,
SP2018,SP2018-class 1,17,1905ACJEFB,,7.5,8,3,6.3,6,Passed,6.2,,
SP2018,SP2018-class 1,18,1905ACJBHC,,4.2,7,5,4,5,Passed,4.8,,
SP2018,SP2018-class 1,19,1905FCBGG,,0,0,0,3,1.4,Not Passed,5.3,,
SP2018,SP2018-class 1,20,1905FCDGJ,,6.2,7,4,6.2,5.9,Passed,7,,
SP2018,SP2018-class 1,21,1905ACJDDC,,7.6,7,8,6.8,7.4,Passed,7.9,,
SP2018,SP2018-class 1,22,1905FCBJG,,7.2,9,5,5,6.4,Passed,8,,
SP2018,SP2018-class 1,23,1905FCEEG,,1.8,8,5,4.5,5.1,Passed,6.5,,
SP2018,SP2018-class 1,24,1905ACJJFJ,,7.6,7,3,6.3,6,Passed,8.1,,
SP2018,SP2018-class 1,25,1905FCEJG,,3.8,8,5,5.8,5.6,Passed,4.3,,
SP2018,SP2018-class 1,26,1905FCJCH,,4,5,2,4.3,3.9,Not Passed,5.4,,
SP2018,SP2018-class 1,27,1905FCBEC,,5.5,7,3,5,5.1,Passed,5.9,,
SP2018,SP2018-class 2,1,1905ACJDJJ,,6.8,7.5,7.5,5.7,6.6,Passed,5.3,,
SP2018,SP2018-class 2,2,1905ACJADE,,7.9,5,7,5.8,6.4,Passed,6.9,,
SP2018,SP2018-class 2,3,1905FCCCG,,7.5,8,4.3,4.5,5.7,Passed,5.3,,
SP2018,SP2018-class 2,4,1905FCCAG,,7,7.5,6,3.3,5.6,Not Passed,5.5,,
SP2018,SP2018-class 2,5,1905ACJDFJ,,8.5,5,4.5,5,5.6,Passed,7.3,,
SP2018,SP2018-class 2,6,1905ACJAAC,,6.3,7,4,5.5,5.5,Passed,5.5,,
SP2018,SP2018-class 2,7,1905ACJJBJ,,7.8,4,7.5,6,6.4,Passed,7.3,,
SP2018,SP2018-class 2,8,1905FCJFF,,7.8,8,7.5,5.2,6.7,Passed,5.1,,
SP2018,SP2018-class 2,9,1905FCCAC,,3,7,3.5,0,3,Not Passed,2.8,,
SP2018,SP2018-class 2,10,1905FBDFD,,5.4,2,4,0,2.4,Not Passed,2.3,,
SP2018,SP2018-class 2,11,1905FCBBI,,4.4,5,1.3,0,2.6,Not Passed,5.7,,
SP2018,SP2018-class 2,12,1905FCDEF,,0,0,0,0,0.1,Not Passed,1.4,,
SP2018,SP2018-class 2,13,1905FCJIH,,5,8,4.5,4.3,5.3,Passed,5.5,,
SP2018,SP2018-class 2,14,1905FCBIE,,7.6,7.5,6,5,6.3,Passed,6.5,,
SP2018,SP2018-class 2,15,1905FCJGB,,6.8,2,1.3,2.1,2.8,Not Passed,4.4,,
SP2018,SP2018-class 2,16,1905FBIAG,,7.3,2,4.8,0,3.3,Not Passed,6.2,,
SP2018,SP2018-class 2,17,1905FBCBF,,3,7,6,3.6,4.7,Not Passed,2.7,,
SP2018,SP2018-class 2,18,1905FCAHH,,7,2,4,3.3,3.9,Not Passed,4.2,,
SP2018,SP2018-class 2,19,1905FBJEJ,,7,8.5,5.5,3.9,6.1,Not Passed,7.8,,
SP2018,SP2018-class 2,20,1905FBIAI,,7,8,5.3,3.5,5.6,Not Passed,5.9,,
SP2018,SP2018-class 2,21,1905FCBHI,,7.6,7.5,6,4.2,6,Passed,6.1,,
SP2018,SP2018-class 2,22,1905FBGEB,,5.8,8.5,7.8,4.5,6.7,Passed,8.5,,
SP2018,SP2018-class 2,23,1905ACJDHG,,7.8,4,4.5,6,5.5,Passed,5.9,,
SP2018,SP2018-class 2,24,1905FCAHJ,,7.6,4,5.8,0,4.2,Not Passed,7.9,,
SP2018,SP2018-class 2,25,1905FCDCH,,7.4,4,6,4.7,5.5,Passed,7.2,,
SP2018,SP2018-class 2,26,1905FAIIE,,5.6,8.5,5.3,4.8,6.1,Passed,7.9,,
SP2018,SP2018-class 3,1,1905ACJBFF,,8.8,9.5,7,4.3,6.8,Passed,5.7,,
SP2018,SP2018-class 3,2,1905ACJFIA,,9.4,9.5,8,7.8,8.5,Passed,8.2,,
SP2018,SP2018-class 3,3,1905FBIIJ,,0,6.5,5,0,3,Not Passed,4.4,,
SP2018,SP2018-class 3,4,1905FCBGA,,0,7.5,3.5,0,2.9,Not Passed,5.1,,
SP2018,SP2018-class 3,5,1905ACJDAG,,1,8,5,4.8,5,Passed,5.3,,
SP2018,SP2018-class 3,6,1905ACJCBJ,,8.7,7.5,6.5,6.3,6.8,Passed,4.6,,
SP2018,SP2018-class 3,7,1905ACJCBE,,8.4,8.5,7.5,5.5,7.1,Passed,6.6,,
SP2018,SP2018-class 3,8,1905ACJCHG,,9,8.5,4.8,5,6.5,Passed,7,,
SP2018,SP2018-class 3,9,1905ACJJED,,9.6,8.5,7,5.3,7.2,Passed,6.9,,
SP2018,SP2018-class 3,10,1905ACJEFH,,2,0,0,0,0.5,Not Passed,2.2,,
SP2018,SP2018-class 3,11,1905FAGIF,,0,6.5,2.5,0,2.3,Not Passed,4.2,,
SP2018,SP2018-class 3,12,1905ACJADH,,9.6,9.5,10,8.2,9.1,Passed,8.1,,
SP2018,SP2018-class 3,13,1905ACJJHI,,0,0,0,0,0.1,Not Passed,1.1,,
SP2018,SP2018-class 3,14,1905ACJAED,,8.7,9.5,9.8,6.3,8.3,Passed,7.6,,
SP2018,SP2018-class 3,15,1905ACJDBI,,6.8,8.5,6.5,5.8,6.7,Passed,6.5,,
SP2018,SP2018-class 3,16,1905FBIDH,,2.6,6.5,7,4.2,5.3,Passed,6.2,,
SP2018,SP2018-class 3,17,1905ACJDIF,,5.8,8,7.5,4.8,6.4,Passed,6.6,,
SP2018,SP2018-class 3,18,1905ACJEAA,,1.8,7.5,4.5,6.3,5.2,Passed,4.2,,
SP2018,SP2018-class 3,19,1905ACJJAI,,9.4,8.5,6.5,4.3,6.8,Passed,7.5,,
SP2018,SP2018-class 3,20,1905FBGCA,,4.4,6.5,6,4.5,5.3,Passed,5.3,,
SP2018,SP2018-class 3,21,1905ACJAAE,,7.4,7.5,6.5,5.2,6.3,Passed,5,,
SP2018,SP2018-class 3,22,1905ACJDGA,,6.4,8,5.3,4.4,5.6,Passed,4,,
SP2018,SP2018-class 3,23,1905ACJJCH,,9.8,8.5,7.5,7.5,8.1,Passed,8,,
SP2018,SP2018-class 3,24,1905ACJJEA,,3.6,8,7.3,5,6,Passed,5,,
SP2018,SP2018-class 3,25,1905FAGAF,,9.8,8.5,7.5,7.3,7.9,Passed,6.9,,
SP2018,SP2018-class 4,1,1905ACJFED,,6.8,6,7.5,6.3,6.5,Passed,5,,
SP2018,SP2018-class 4,2,1905ACJFEJ,,6.6,4,6,4.4,5.1,Passed,4.5,,
SP2018,SP2018-class 4,3,1905FCAJI,,7.9,5.5,2.5,4.2,4.8,Not Passed,6,,
SP2018,SP2018-class 4,4,1905ACJJAE,,8.7,7,9.5,6.8,7.6,Passed,5,,
SP2018,SP2018-class 4,5,1905FCCHJ,,6.4,4,6,0,3.6,Not Passed,3.3,,
SP2018,SP2018-class 4,6,1905FCCHD,,0,0,0,0,0,Not Passed,0,,
SP2018,SP2018-class 4,7,1905ACJGFC,,2.8,0,0,0,0.7,Not Passed,3,,
SP2018,SP2018-class 4,8,1905ACJFGE,,8.8,9.5,9.5,7.8,8.7,Passed,7.8,,
SP2018,SP2018-class 4,9,1905ACJFCC,,6.4,3,1,0,2.2,Not Passed,4,,
SP2018,SP2018-class 4,10,1905ACJJAD,,8.6,7.5,8,7.2,7.6,Passed,6.7,,
SP2018,SP2018-class 4,11,1905ACJJDF,,8.8,7,7.5,7.2,7.4,Passed,6.6,,
SP2018,SP2018-class 4,12,1905ACJJDG,,8.6,6,5,6.5,6.1,Passed,4.5,,
SP2018,SP2018-class 4,13,1905ACJFJE,,8,4.5,2.5,0,3.1,Not Passed,4,,
SP2018,SP2018-class 4,14,1905FBGBD,,6.6,6,0,2.7,3.6,Not Passed,5.5,,
SP2018,SP2018-class 4,15,1905ACJAID,,8.6,4.5,1.5,0,2.8,Not Passed,2,,
SP2018,SP2018-class 4,16,1905FBGED,,0,0,0,0,0,Not Passed,0,,
SP2018,SP2018-class 4,17,1905JDBEG,,6.2,3,2.5,0,2.6,Not Passed,4.7,,
SP2018,SP2018-class 4,18,1905ACJGFD,,8,4.5,2.5,5.8,5,Passed,5.3,,
SP2018,SP2018-class 4,19,1905ACJAEG,,8.8,5,4.5,0,4,Not Passed,5.8,,
SP2018,SP2018-class 4,20,1905ACJJBA,,8.6,7.5,7,7.5,7.4,Passed,6.5,,
SP2018,SP2018-class 4,21,1905ACJJAC,,8.9,7.5,7.5,4.8,6.7,Passed,5.9,,
SP2018,SP2018-class 4,22,1905FAHGI,,0,0,0,0,0,Not Passed,0,,
SP2018,SP2018-class 4,23,1905FCCIC,,7.8,1,1.5,0,2.2,Not Passed,4.8,,
SP2018,SP2018-class 4,24,1905ACJFEA,,9.3,10,9,7.7,8.8,Passed,8.8,,
SP2018,SP2018-class 5,1,1905ACJAGI,,0,0,0,0,0,Not Passed,0,,
SP2018,SP2018-class 5,2,1905ACJJDC,,4.4,0,0,5.2,2.6,Not Passed,3.5,,
SP2018,SP2018-class 5,3,1905ACJFHA,,9.8,9.5,9,8.5,9,Passed,8.5,,
SP2018,SP2018-class 5,4,1905ACJABE,,8.6,8.5,4.5,4.8,6.1,Passed,5.3,,
SP2018,SP2018-class 5,5,1905ACJAFD,,7.5,7,4,5.7,5.6,Passed,4,,
SP2018,SP2018-class 5,6,1905ACJJBG,,5.1,0,0,0,1,Not Passed,2.5,,
SP2018,SP2018-class 5,7,1905ACJAAH,,6.2,8,5.5,5,6,Passed,5.9,,
SP2018,SP2018-class 5,8,1905ACJAGJ,,7.7,8.5,5.5,7,7,Passed,6.4,,
SP2018,SP2018-class 5,9,1905ACJAGH,,8.1,8,4.5,5.2,6.1,Passed,6.3,,
SP2018,SP2018-class 5,10,1905ACJBHI,,0,0,0,0,0,Not Passed,0,,
SP2018,SP2018-class 5,11,1905ACJJHJ,,5.9,5,1.5,2.7,3.5,Not Passed,4.4,,
SP2018,SP2018-class 5,12,1905ACJJHA,,6.7,7.5,3.5,5.7,5.7,Passed,5.7,,
SP2018,SP2018-class 5,13,1905ACJAJJ,,3.7,0,0,0,0.8,Not Passed,2,,
SP2018,SP2018-class 5,14,1905ACJACC,,8.8,8,6.5,4,6.3,Passed,5.5,,
SP2018,SP2018-class 5,15,1905ACJADC,,9.2,8,9,7.2,8.1,Passed,7.3,,
SP2018,SP2018-class 5,16,1905FAIDF,,0,0,0,0,0,Not Passed,0,,
SP2018,SP2018-class 5,17,1905ACJAEC,,9.6,8.5,6,7.3,7.5,Passed,6.7,,
SP2018,SP2018-class 5,18,1905ACJJGE,,9.4,9.5,5,6,6.9,Passed,5.8,,
SP2018,SP2018-class 5,19,1905ACJAJC,,4.2,0,0,0,1,Not Passed,4,,
SP2018,SP2018-class 5,20,1905ACJGJA,,8.8,7.5,4.5,6.3,6.2,Passed,4,,
SP2018,SP2018-class 5,21,1905ACJJGF,,9.6,9.5,8.5,7.2,8.2,Passed,6.2,,
SP2018,SP2018-class 5,22,1905FBJEB,,5.4,0,0,0,0.9,Not Passed,1.3,,
SP2018,SP2018-class 6,1,1905FBCIH,,0,0,0,0,0,Not Passed,0,,
SP2018,SP2018-class 6,2,1905ACJCDH,,7.9,8,8,5.5,7,Passed,5.9,,
SP2018,SP2018-class 6,3,1905ACJDDB,,8.4,8,9,4.8,7.1,Passed,5,,
SP2018,SP2018-class 6,4,1905ACJBHD,,5.8,6,5,4.3,5.1,Passed,4.5,,
SP2018,SP2018-class 6,5,1905FCCJB,,0,0,0,0,0,Not Passed,0,,
SP2018,SP2018-class 6,6,1905ACJEEE,,8.7,9,10,6.5,8.3,Passed,7.3,,
SP2018,SP2018-class 6,7,1905ACJBEH,,6.7,6.5,6,3.9,5.5,Not Passed,5.3,,
SP2018,SP2018-class 6,8,1905ACJGDD,,7.6,6.5,6,4.5,5.6,Passed,3,,
SP2018,SP2018-class 6,9,1905ACJBID,,6.8,6.5,6,5,5.7,Passed,3.9,,
SP2018,SP2018-class 6,10,1905FCBAD,,6.9,7,5,3.8,5.2,Not Passed,4,,
SP2018,SP2018-class 6,11,1905ACJCCG,,7.8,6.5,6,5.8,6.2,Passed,5,,
SP2018,SP2018-class 6,12,1905FBGCB,,3.8,6,5,3.4,4.4,Not Passed,4,,
SP2018,SP2018-class 6,13,1905ACJBHA,,7.5,7,9,6.5,7.2,Passed,5.2,,
SP2018,SP2018-class 6,14,1905ACJEHA,,6.7,8,8,6,7,Passed,5.5,,
SP2018,SP2018-class 6,15,1905FBGBG,,0,0,0,0,0,Not Passed,0,,
SP2018,SP2018-class 6,16,1905ACJBDJ,,0,0,0,0,0,Not Passed,0,,
SP2018,SP2018-class 6,17,1905ACJCCD,,7.9,6,8,5.3,6.4,Passed,4.6,,
SP2018,SP2018-class 6,18,1905ACJDAE,,7.3,6,9,6.7,7.2,Passed,6,,
SP2018,SP2018-class 6,19,1905ACJAII,,7,6.5,8,4.1,6,Passed,4.5,,
SP2018,SP2018-class 6,20,1905FCAFD,,0,0,0,0,0,Not Passed,0,,
SP2018,SP2018-class 6,21,1905FCEDE,,0,0,0,0,0,Not Passed,0,,
SP2018,SP2018-class 6,22,1905ACJBHF,,6.6,6,9,5.3,6.5,Passed,4.8,,
SP2018,SP2018-class 6,23,1905ACJGDI,,7.2,6,5,7.5,6.3,Passed,4.7,,
SP2018,SP2018-class 6,24,1905ACJCEE,,7.7,6.5,5,4.2,5.5,Passed,5.3,,
SP2018,SP2018-class 6,25,1905ACJCDJ,,8,7,6,5.2,6.2,Passed,5.4,,
SP2018,SP2018-class 7,1,1905FCECC,,7.7,2,2,0,2.4,Not Passed,3,,
SP2018,SP2018-class 7,2,1905FBBID,,4.2,2,2,0,1.8,Not Passed,2.8,,
SP2018,SP2018-class 7,3,1905FCJII,,4.2,0,0,4.3,2.2,Not Passed,2.8,,
SP2018,SP2018-class 7,4,1905ACJDGD,,6.8,6,6.5,4.4,5.6,Passed,4.8,,
SP2018,SP2018-class 7,5,1905ACJCIC,,8.8,6,7,7.5,7.3,Passed,7.8,,
SP2018,SP2018-class 7,6,1905ACJDIA,,7.1,7,5,7,6.5,Passed,7.2,,
SP2018,SP2018-class 7,7,1905ACJCIH,,8.8,4,2.5,3.3,4.3,Not Passed,5.5,,
SP2018,SP2018-class 7,8,1905ACJDJG,,8.6,7,8.5,6.2,7.3,Passed,5.9,,
SP2018,SP2018-class 7,9,1905ACJDDE,,7,5.5,4,4.4,5,Passed,5,,
SP2018,SP2018-class 7,10,1905ACJEFG,,7.2,4,2,7.3,5,Passed,4.5,,
SP2018,SP2018-class 7,11,1905FBIHG,,4.6,0,0,0,0.9,Not Passed,2,,
SP2018,SP2018-class 7,12,1905ACJDEB,,7.4,2,1,4.4,3.6,Not Passed,5.5,,
SP2018,SP2018-class 7,13,1905FCBAA,,4.2,0,0,0,0.8,Not Passed,1.9,,
SP2018,SP2018-class 7,14,1905ACJEDH,,4.6,0,1,0,1.1,Not Passed,2,,
SP2018,SP2018-class 7,15,1905ACJCFH,,5.2,0,0,0,1,Not Passed,1.9,,
SP2018,SP2018-class 7,16,1905ACJCHH,,8.2,5.5,8.5,8.2,7.5,Passed,6.3,,
SP2018,SP2018-class 7,17,1905FBDFI,,1.4,0,0,0,0.2,Not Passed,0,,
SP2018,SP2018-class 7,18,1905ACJCIG,,7.4,4,3,4.8,4.6,Not Passed,5.3,,
SP2018,SP2018-class 7,19,1905FBIID,,2.9,0,0,0,0.7,Not Passed,2.3,,
SP2018,SP2018-class 7,20,1905FCAHD,,7,5,2.5,0,3.1,Not Passed,4.4,,
SP2018,SP2018-class 7,21,1905ACJCIF,,8.2,6,6.5,4.2,5.9,Passed,5.8,,
SP2018,SP2018-class 7,22,1905ACJCGH,,8.3,6,3,4,4.9,Not Passed,5.3,,
SP2018,SP2018-class 7,23,1905ACJCEI,,8.5,6,6.5,5.2,6.2,Passed,5.7,,
SP2018,SP2018-class 7,24,1905FBJJB,,1.6,0,0,0,0.5,Not Passed,2.8,,
SP2018,SP2018-class 7,25,1905ACJEDJ,,8.6,4,3.5,3.8,4.6,Not Passed,4.8,,
SP2018,SP2018-class 7,26,1905FCDCE,,1.6,0,0,0,0.5,Not Passed,2.8,,
SP2018,SP2018-class 7,27,1905ACJDJD,,9.2,6,4.5,5.5,6,Passed,6.7,,
SP2018,SP2018-class 7,28,1905FCCFH,,5.6,6,1,3.3,3.8,Not Passed,4.8,,
SP2018,SP2018-class 8,1,1905FBBII,,0.5,0,0,0,0.4,Not Passed,3.3,,
SP2018,SP2018-class 8,2,1905ACJJEH,,8,10,8.5,7.3,8.1,Passed,5.9,,
SP2018,SP2018-class 8,3,1905FCECI,,3,8,0,0,2.3,Not Passed,2.5,,
SP2018,SP2018-class 8,4,1905FCBJF,,6.6,8,4.5,4.3,5.4,Passed,4.3,,
SP2018,SP2018-class 8,5,1905FCEGA,,4.5,7,6.8,4.5,5.7,Passed,6,,
SP2018,SP2018-class 8,6,1905FCEEJ,,7.2,8.5,5,4.2,5.8,Passed,5.5,,
SP2018,SP2018-class 8,7,1905ACJFIH,,7.2,6.5,7.5,7.7,7.2,Passed,6.3,,
SP2018,SP2018-class 8,8,1905FBEGH,,0,0,0,0,0,Not Passed,0,,
SP2018,SP2018-class 8,9,1905FBDHJ,,0,0,0,0,0,Not Passed,0,,
SP2018,SP2018-class 8,10,1905FBBBA,,1.8,0,0,0,0.3,Not Passed,0,,
SP2018,SP2018-class 8,11,1905ACJJGH,,1,0,0,0,0.5,Not Passed,3,,
SP2018,SP2018-class 8,12,1905FCCJC,,4.7,8,5,4.8,5.7,Passed,7.1,,
SP2018,SP2018-class 8,13,1905ACJBCE,,7.2,10,8.5,5.8,7.5,Passed,5.9,,
SP2018,SP2018-class 8,14,1905ACJAEA,,7.6,9,6.5,7.7,7.4,Passed,5.4,,
SP2018,SP2018-class 8,15,1905FCEHA,,7.2,8.5,5,7.3,6.8,Passed,5.8,,
SP2018,SP2018-class 8,16,1905ACJAAF,,7.1,6.5,4,5.5,5.6,Passed,5.8,,
SP2018,SP2018-class 8,17,1905ACJAAD,,7.2,9,6,4.1,6.2,Passed,5.5,,
SP2018,SP2018-class 8,18,1905ACJJIG,,5.8,10,10,8.7,8.8,Passed,8.2,,
SP2018,SP2018-class 8,19,1905ACJJEF,,7.8,10,7.5,5.8,7.3,Passed,4.9,,
SP2018,SP2018-class 9,1,1905FBFCD,,0,0,0,0,0,Not Passed,0,,
SP2018,SP2018-class 9,2,1905ACJCCI,,5.8,0,2,0,1.6,Not Passed,2,,
SP2018,SP2018-class 9,3,1905ACJBGB,,6.2,5,1.5,0,2.6,Not Passed,2.8,,
SP2018,SP2018-class 9,4,1905ACJCHA,,8,7,4.5,4,5.6,Passed,6.8,,
SP2018,SP2018-class 9,5,1905FBFGD,,0,0,0,0,0,Not Passed,0,,
SP2018,SP2018-class 9,6,1905ACJBAF,,1.4,0,0,0,0.2,Not Passed,0,,
SP2018,SP2018-class 9,7,1905ACJDCG,,6.6,0,3,0,2.2,Not Passed,5,,
SP2018,SP2018-class 9,8,1905ACJEFJ,,8.3,7,3.5,7.5,6.6,Passed,7.8,,
SP2018,SP2018-class 9,9,1905ACJBAJ,,1.4,0,0,0,0.2,Not Passed,0,,
SP2018,SP2018-class 9,10,1905ACJCHI,,9.1,8.5,8,6.7,7.6,Passed,4.8,,
SP2018,SP2018-class 9,11,1905ACJADD,,2.9,0,0,0,0.7,Not Passed,2.3,,
SP2018,SP2018-class 9,12,1905ACJCBC,,8,7,6.5,6.7,6.9,Passed,6.5,,
SP2018,SP2018-class 9,13,1905ACJABH,,6.5,6,4,3.6,4.9,Not Passed,6,,
SP2018,SP2018-class 9,14,1905ACJBDC,,1.4,0,1,3.5,1.7,Not Passed,2,,
SP2018,SP2018-class 9,15,1905ACJBCJ,,6.5,5,1,4.8,4.1,Not Passed,4.5,,
SP2018,SP2018-class 9,16,1905ACJBEG,,5.8,5,2,5,4.5,Not Passed,6,,
SP2018,SP2018-class 9,17,1905FBFEJ,,6.4,0,2.5,0,2.2,Not Passed,6,,
SP2018,SP2018-class 9,18,1905ACJBCF,,1.4,0,0,0,0.2,Not Passed,0,,
SP2018,SP2018-class 9,19,1905ACJCBD,,7.7,5,4.5,4.6,4.9,Not Passed,2.8,,
SP2018,SP2018-class 9,20,1905ACJEHC,,7.6,5,2.5,5.5,4.7,Not Passed,3.3,,
SP2018,SP2018-class 9,21,1905ACJBBA,,5.8,0,0,0,0.9,Not Passed,0,,
SP2018,SP2018-class 9,22,1905FBFED,,8.2,6.5,7.5,5,6.4,Passed,4.8,,
SP2018,SP2018-class 9,23,1905ACJDAH,,3.3,0,0,0,0.9,Not Passed,3.8,,
SP2018,SP2018-class 9,24,1905FCAFB,,3.4,0,0,0,0.8,Not Passed,3.3,,
SP2018,SP2018-class 9,25,1905FCDFH,,8.6,3.5,1.5,3.4,3.8,Not Passed,3.8,,
SP2018,SP2018-class 9,26,1905ACJBDF,,6.1,0,0,0,1.1,Not Passed,2,,
SP2018,SP2018-class 9,27,1905ACJCDD,,7.1,5,1.5,3.6,3.9,Not Passed,4,,
SP2018,SP2018-class 9,28,1905ACJGFJ,,7.4,5,6.5,6.3,6.3,Passed,6.5,,
SP2019,SP2019-class 1,1,1905FCJEA,,4.9,5.5,6,4,5.2,Passed,7,,
SP2019,SP2019-class 1,2,1905ACJCAI,,8.4,5,5,5,5.6,Passed,5.4,,
SP2019,SP2019-class 1,3,1905ACJBIE,,8,6,6,4.6,5.9,Passed,5.7,,
SP2019,SP2019-class 1,4,1905ACJJBG,,5.6,5,4.5,4.1,4.8,Not Passed,6.5,,
SP2019,SP2019-class 1,5,1905ACJJJE,,5.9,5.5,3,4.6,4.6,Not Passed,5,,
SP2019,SP2019-class 1,6,1905ACJFGI,,5.9,6,5,6.7,5.7,Passed,3.3,,
SP2019,SP2019-class 1,7,1905ACJFEH,,6.5,6.5,7.5,5.1,6.3,Passed,6.3,,
SP2019,SP2019-class 1,8,1905ACJDCG,,6.8,8.5,6.5,4.9,6.7,Passed,8.5,,
SP2019,SP2019-class 1,9,1905FBDFD,,6.3,5.5,4.5,4.8,5.2,Passed,5.5,,
SP2019,SP2019-class 1,10,1905ACJCGE,,7.7,5,4,5.9,5.8,Passed,8.5,,
SP2019,SP2019-class 1,11,1905FCAIG,,6.2,5,3,6.3,5.1,Passed,5,,
SP2019,SP2019-class 1,12,1905FCBAA,,4.9,5,4,3.9,4.5,Not Passed,5.7,,
SP2019,SP2019-class 1,13,1905ACJBHE,,7,4,5,4.3,5,Passed,6.4,,
SP2019,SP2019-class 1,14,1905FCEEB,,4.9,0,0,0,1.1,Not Passed,3.5,,
SP2019,SP2019-class 1,15,1905ACJBAB,,7.5,6.5,5.5,5.4,6,Passed,6.2,,
SP2019,SP2019-class 1,16,1905ACJBDC,,3.1,3.5,5,3.8,4.2,Not Passed,6,,
SP2019,SP2019-class 1,17,1905ACJDCF,,3,5,3,4.9,4.4,Not Passed,7,,
SP2019,SP2019-class 1,18,1905FCBHH,,0,0,0,0,0,Not Passed,0,,
SP2019,SP2019-class 1,19,1905FCJCF,,5.1,6.5,3.5,4.3,4.9,Not Passed,6.5,,
SP2019,SP2019-class 1,20,1905FBIAI,,6.9,5,6.5,5.1,5.8,Passed,6.4,,
SP2019,SP2019-class 1,21,1905ACJAID,,6.1,5,5,4.3,5.1,Passed,6.5,,
SP2019,SP2019-class 1,22,1905ACJCIG,,7.5,5.5,5,5.2,5.7,Passed,6.3,,
SP2019,SP2019-class 1,23,1905FBGED,,5.1,3.5,3,3.7,3.9,Not Passed,5.3,,
SP2019,SP2019-class 1,24,1905FBDGD,,7.9,4,5,4.3,5.3,Passed,7.6,,
SP2019,SP2019-class 1,25,1905ACJFIC,,3.6,5,3,0,3,Not Passed,7.4,,
SP2019,SP2019-class 1,26,1905ACJFHG,,6.3,6,6,4.7,5.6,Passed,5.8,,
SP2019,SP2019-class 1,27,1905FCDCE,,3.9,0,1,0,1.2,Not Passed,3.3,,
SP2019,SP2019-class 1,28,1905FCCJI,,0,0,0,0,0,Not Passed,0,,
SP2019,SP2019-class 1,29,1905FBCDD,,0,0,0,0,0,Not Passed,0,,
SP2019,SP2019-class 1,30,1905ACJJIB,,9,8.5,8,5.1,7.3,Passed,7,,
SP2019,SP2019-class 2,1,1905ACJDHI,,9.2,8,7.5,7.8,7.5,Passed,2.8,,
SP2019,SP2019-class 2,2,1905FBIIJ,,5.3,5,5,4.4,4.8,Not Passed,4.5,,
SP2019,SP2019-class 2,3,1905ACJJJE,,6.3,0,1,0,1.2,Not Passed,0,,
SP2019,SP2019-class 2,4,1905FBDFH,,0,0,0,0,0,Not Passed,0,,
SP2019,SP2019-class 2,5,1905ACJFCD,,8.2,3,1,6.7,4.5,Not Passed,4.5,,
SP2019,SP2019-class 2,6,1905ACJDCG,,4.2,0,0,0,0.8,Not Passed,2,,
SP2019,SP2019-class 2,7,1905ACJCEH,,7.7,6,3,6.3,5.5,Passed,5.2,,
SP2019,SP2019-class 2,8,1905ACJGJI,,7.8,6,3,5.3,5.2,Passed,4.8,,
SP2019,SP2019-class 2,9,1905FCBBI,,5.8,0,0,0,1.2,Not Passed,2.8,,
SP2019,SP2019-class 2,10,1905ACJECC,,8.6,4,4,6,5.6,Passed,6.8,,
SP2019,SP2019-class 2,11,1905ADJJJI,,9.1,5,7.5,6.3,6.9,Passed,7.5,,
SP2019,SP2019-class 2,12,1905ACJBJI,,8.6,7,7,5.1,6.7,Passed,7,,
SP2019,SP2019-class 2,13,1905ACJBAB,,6.2,3,3,4,4,Not Passed,4.9,,
SP2019,SP2019-class 2,14,1905ACJCGD,,8.4,7,6.5,5.9,6.6,Passed,5,,
SP2019,SP2019-class 2,15,1905ACJGBF,,9.2,7,6,5.3,6.5,Passed,5.8,,
SP2019,SP2019-class 2,16,1905ACJCBG,,4.9,0,0,0,1,Not Passed,2.5,,
SP2019,SP2019-class 2,17,1905ACJDEH,,8.3,8,6,5,6.4,Passed,5.5,,
SP2019,SP2019-class 2,18,1905ACJJJF,,6.7,3,1,0,2.5,Not Passed,6.5,,
SP2019,SP2019-class 2,19,1905ACJCFD,,6.7,5,3,5.5,4.7,Not Passed,3,,
SP2019,SP2019-class 2,20,1905ACJBDD,,1.7,0,0,0,0.3,Not Passed,0,,
SP2019,SP2019-class 2,21,1905ACJBHH,,5.7,4,3.5,0,3.1,Not Passed,5.8,,
SP2019,SP2019-class 2,22,1905ACJAIE,,7.5,5,3.5,5.6,5.2,Passed,5.5,,
SP2019,SP2019-class 2,23,1905ACJCAJ,,5.7,0,0,0,1.1,Not Passed,2.3,,
SP2019,SP2019-class 2,24,1905ACJJDB,,5.8,3,2,0,2.2,Not Passed,2.2,,
SP2019,SP2019-class 2,25,1905ACJJFD,,4,0,0,0,0.8,Not Passed,2.3,,
SP2019,SP2019-class 2,26,1905FCDCE,,1.4,0,0,0,0.2,Not Passed,0,,
SP2019,SP2019-class 2,27,1905ACJBDE,,2.9,0,0,0,0.8,Not Passed,3.3,,
SP2019,SP2019-class 2,28,1905FBJEB,,5.7,4,5,4.4,4.7,Not Passed,5,,
SP2019,SP2019-class 2,29,1905ACJDHD,,5.8,0,0,0,1.1,Not Passed,1.8,,
SP2019,SP2019-class 2,30,1905ACJBAD,,4.4,0,0,0,1,Not Passed,3.5,,
SP2019,SP2019-class 3,1,1905ACJJAA,,7.4,4,2.5,0,2.9,Not Passed,3.5,,
SP2019,SP2019-class 3,2,1905FCCAE,,2.8,5,0,2.5,2.5,Not Passed,3,,
SP2019,SP2019-class 3,3,1905FCCGC,,3.4,0,0,0,0.7,Not Passed,2,,
SP2019,SP2019-class 3,4,1905ACJDDI,,9,9,8,6.3,7.6,Passed,5.7,,
SP2019,SP2019-class 3,5,1905ACJAGA,,7,5,3,4.6,4.7,Not Passed,4.8,,
SP2019,SP2019-class 3,6,1905ACJBJH,,6.9,5,3.5,4.3,4.8,Not Passed,6.2,,
SP2019,SP2019-class 3,7,1905ACJJJI,,4.8,0,0,0,0.7,Not Passed,0,,
SP2019,SP2019-class 3,8,1905FAGIF,,1.4,0,0,0,0.2,Not Passed,0,,
SP2019,SP2019-class 3,9,1905ACJJFH,,7.9,7,4.5,5.1,6.1,Passed,8.1,,
SP2019,SP2019-class 3,10,1905ACJEIA,,6.2,0,0,2.9,2.1,Not Passed,2.5,,
SP2019,SP2019-class 3,11,1905ACJBHE,,6,0,0,0,1.2,Not Passed,2.5,,
SP2019,SP2019-class 3,12,1905ACJDID,,1.6,0,0,0,0.5,Not Passed,2.5,,
SP2019,SP2019-class 3,13,1905ACJEGE,,5.6,0,0,0,1.1,Not Passed,3,,
SP2019,SP2019-class 3,14,1905ACJBEB,,6,0,0,0,1.1,Not Passed,2.3,,
SP2019,SP2019-class 3,15,1905ACJBFD,,8.2,5,3.5,5.6,5.3,Passed,4.9,,
SP2019,SP2019-class 3,16,1905FBFEJ,,6.8,2,3,0,2.5,Not Passed,3.5,,
SP2019,SP2019-class 3,17,1905ACJCDB,,8.6,5,2,4.5,4.8,Not Passed,6.2,,
SP2019,SP2019-class 3,18,1905ACJGGC,,4.4,5,2,4.6,4.1,Not Passed,5.6,,
SP2019,SP2019-class 3,19,1905ACJBCI,,6.8,5,1.5,3.2,3.8,Not Passed,4.8,,
SP2019,SP2019-class 3,20,1905ACJDDH,,7.9,6,6,5.3,6.1,Passed,5.9,,
SP2019,SP2019-class 3,21,1905ACJADJ,,6.9,2,2,0,2.5,Not Passed,6.1,,
SP2019,SP2019-class 3,22,1905ACJEFF,,9.1,9,9,5.5,7.7,Passed,6.4,,
SP2019,SP2019-class 3,23,1905FCADA,,5.2,0,0,0,1,Not Passed,2.5,,
SP2019,SP2019-class 3,24,1905ACJEEJ,,7.4,6,2.5,6.5,5.4,Passed,4.8,,
SP2019,SP2019-class 3,25,1905JEFIF,,1.6,0,0,0,0.2,Not Passed,0,,
SP2019,SP2019-class 3,26,1905ACJBJD,,8.9,7,7.5,5.2,6.8,Passed,6.2,,
SP2019,SP2019-class 3,27,1905ACJBBC,,8,5,2,4.6,4.7,Not Passed,6,,
SP2019,SP2019-class 3,28,1905ACJACH,,8.3,6,5.5,5.4,6.1,Passed,6.8,,
SP2019,SP2019-class 3,29,1905ACJEGB,,6.2,0,0,0,1.2,Not Passed,2.3,,
SP2019,SP2019-class 3,30,1905ACJJIB,,5.8,0,3,0,1.6,Not Passed,0,,
SP2019,SP2019-class 4,1,1905ACJBJF,,3.4,3.8,3.3,0,2.7,Not Passed,5.9,,
SP2019,SP2019-class 4,2,1905ACJFBB,,6.2,8.5,8.5,4.8,7.1,Passed,9,,
SP2019,SP2019-class 4,3,1905ACJBGI,,4.8,0,0,0,1.3,Not Passed,5.7,,
SP2019,SP2019-class 4,4,1905ACJCEG,,3.9,8.3,7.5,5.4,6.4,Passed,6.5,,
SP2019,SP2019-class 4,5,1905ACJBDI,,3.8,4.5,0,0,2,Not Passed,5.6,,
SP2019,SP2019-class 4,6,1905ACJCEB,,5.4,7.3,5.5,5.8,6.2,Passed,7.7,,
SP2019,SP2019-class 4,7,1905ACJBEI,,7.5,9.5,8.8,6.3,7.9,Passed,7.4,,
SP2019,SP2019-class 4,8,1905ACJGJH,,8.4,9.5,6.3,8,7.8,Passed,6.2,,
SP2019,SP2019-class 4,9,1905ACJACG,,8.2,5.5,4.5,4.5,5.3,Passed,5.4,,
SP2019,SP2019-class 4,10,1905ACJFCF,,7.2,7,4.5,5.8,6.3,Passed,9.3,,
SP2019,SP2019-class 4,11,1905ACJEII,,8.4,8,5.8,6.2,7.1,Passed,8.8,,
SP2019,SP2019-class 4,12,1905ACJFEE,,6.8,5,6,5.4,6.1,Passed,9.1,,
SP2019,SP2019-class 4,13,1905ACJGAC,,9.8,9.5,9,7.5,8.6,Passed,7,,
SP2019,SP2019-class 4,14,1905ACJGJE,,7.8,8,1.5,5.8,5.6,Passed,7.3,,
SP2019,SP2019-class 4,15,1905FBJJA,,5.3,7,6,4.6,5.7,Passed,6.4,,
SP2019,SP2019-class 4,16,1905ACJBHJ,,4.7,0,0,0,1.3,Not Passed,5.5,,
SP2019,SP2019-class 4,17,1905ACJBBD,,7,8,4.3,4.3,5.6,Passed,6.1,,
SP2019,SP2019-class 4,18,1905ACJAGB,,7.9,6.5,4.5,4,5.4,Passed,6,,
SP2019,SP2019-class 4,19,1905ACJCJB,,7,4,6,3.7,5.2,Not Passed,7.7,,
SP2019,SP2019-class 4,20,1905ACJAIB,,1.5,0,1.3,0,1.2,Not Passed,6.8,,
SP2019,SP2019-class 4,21,1905ACJFGH,,6.5,8,5.8,4.3,5.9,Passed,6,,
SP2019,SP2019-class 4,22,1905ACJCHC,,2.5,8.3,3.3,3.4,4.4,Not Passed,5.5,,
SP2019,SP2019-class 4,23,1905ACJBDJ,,6.9,7.8,5,3.7,5.6,Not Passed,6.1,,
SP2019,SP2019-class 4,24,1905ACJCCC,,3.9,8.3,7.8,4.7,6.2,Passed,5.9,,
SP2019,SP2019-class 4,25,1905ACJAHH,,8.2,4,4.8,4.6,5.1,Passed,4.8,,
SP2019,SP2019-class 4,26,1905ACJFCG,,6.4,7,2,4.8,5,Passed,6.7,,
SP2019,SP2019-class 4,27,1905ACJEGH,,7.8,8.8,4.8,6.3,6.9,Passed,8.3,,
SP2019,SP2019-class 4,28,1905ACJAEI,,7.8,6.5,4.5,4.7,5.7,Passed,7.1,,
SP2019,SP2019-class 4,29,1905ACJDDG,,5.4,9.3,9,6.5,7.6,Passed,7.1,,
SP2019,SP2019-class 4,30,1905ACJFDJ,,6.9,6.8,4.3,4.3,5.7,Passed,9.3,,
SP2019,SP2019-class 5,1,1905ACJAJG,,4.6,3,0.5,0,2,Not Passed,5.7,,
SP2019,SP2019-class 5,2,1905ACJBIE,,6.3,6.5,0.5,0,2.9,Not Passed,5.3,,
SP2019,SP2019-class 5,3,1905ACJDIH,,7.8,8,7.5,5.5,6.9,Passed,6.2,,
SP2019,SP2019-class 5,4,1905ACJACJ,,6,8,4.5,5.2,5.7,Passed,4.8,,
SP2019,SP2019-class 5,5,1905ACJBCD,,5.1,2,0.5,0,1.8,Not Passed,5.3,,
SP2019,SP2019-class 5,6,1905ACJACB,,8.2,8.5,7.5,6.7,7.4,Passed,6,,
SP2019,SP2019-class 5,7,1905ACJEGF,,6.6,8.5,4,4.8,5.7,Passed,5.4,,
SP2019,SP2019-class 5,8,1905ACJDIG,,5.2,8,2.5,6.8,5.7,Passed,6.9,,
SP2019,SP2019-class 5,9,1905ACJDBB,,8.4,8,5.5,6,6.6,Passed,5.5,,
SP2019,SP2019-class 5,10,1905FBDHJ,,0,0,0,0,0,Not Passed,0,,
SP2019,SP2019-class 5,11,1905ACJJJD,,6.6,8,4.5,5.7,5.9,Passed,5,,
SP2019,SP2019-class 5,12,1905ACJDFF,,6.9,7.5,4.5,4.8,5.6,Passed,5.3,,
SP2019,SP2019-class 5,13,1905ACJFDA,,7.6,7.5,0.5,5.5,4.9,Not Passed,5,,
SP2019,SP2019-class 5,14,1905FBFFB,,3.4,5,0.5,0,2.4,Not Passed,7.2,,
SP2019,SP2019-class 5,15,1905ACJFAC,,5.1,4.5,1.5,4.7,4,Not Passed,5.9,,
SP2019,SP2019-class 5,16,1905ACJBJC,,7.1,8,4,5.7,6,Passed,5.8,,
SP2019,SP2019-class 5,17,1905ACJFEF,,7.9,8,8.5,5.8,7.3,Passed,6.3,,
SP2019,SP2019-class 5,18,1905ACJDFA,,8.3,0,1.5,0,1.9,Not Passed,3,,
SP2019,SP2019-class 5,19,1905FBGED,,0,0,0,0,0,Not Passed,0,,
SP2019,SP2019-class 5,20,1905ACJCHE,,6,7.5,4,5.9,5.8,Passed,6.7,,
SP2019,SP2019-class 5,21,1905ACJCDF,,8.9,9,5,6.9,7.2,Passed,7.3,,
SP2019,SP2019-class 5,22,1905ACJFHG,,3,0,0.5,0,0.9,Not Passed,3,,
SP2019,SP2019-class 5,23,1905ACJGDA,,6.4,8,10,5.6,7.4,Passed,6.9,,
SP2019,SP2019-class 5,24,1905ACJDHC,,8.5,9,7,5.3,7.1,Passed,7,,
SP2019,SP2019-class 5,25,1905FCCAA,,3.3,4,2,0,2.3,Not Passed,5.5,,
SP2019,SP2019-class 5,26,1905ACJBFE,,5.8,4.5,0.5,0,2.1,Not Passed,2.3,,
SP2019,SP2019-class 5,27,1905ACJDFC,,8.1,8.5,1.5,6.6,6,Passed,6.8,,
SP2019,SP2019-class 5,28,1905FCDAB,,5.3,3,2,0,2.6,Not Passed,7.5,,
SP2019,SP2019-class 5,29,1905ACJGDF,,0.7,0,0,0,0.1,Not Passed,0,,
SP2019,SP2019-class 6,1,1905FBCIH,,0,0,0,0,0,Not Passed,0,,
SP2019,SP2019-class 6,2,1905ACJEIE,,4.9,8,5.5,6.5,6.4,Passed,7.8,,
SP2019,SP2019-class 6,3,1905ACJFHB,,1.8,7,5,3.5,4.6,Not Passed,6.3,,
SP2019,SP2019-class 6,4,1905ACJCAC,,1,7,4,0,3.2,Not Passed,6.3,,
SP2019,SP2019-class 6,5,1905ACJFAD,,4.6,8,8,5.8,6.9,Passed,8.2,,
SP2019,SP2019-class 6,6,1905ACJEHJ,,0,0,0,0,0,Not Passed,0,,
SP2019,SP2019-class 6,7,1905ACJJBG,,3.8,7,4,4.3,4.8,Not Passed,5.7,,
SP2019,SP2019-class 6,8,1905ACJEGG,,0,0,4,0,1.7,Not Passed,6.9,,
SP2019,SP2019-class 6,9,1905ACJGDJ,,2.3,7,4,4.8,5,Passed,7.9,,
SP2019,SP2019-class 6,10,1905ACJGEA,,1,7,4,5.8,5,Passed,7,,
SP2019,SP2019-class 6,11,1905ACJBJE,,5.9,7,6,5.9,6.1,Passed,5.8,,
SP2019,SP2019-class 6,12,1905ACJEDC,,3.2,7,4,5.2,5.1,Passed,6.6,,
SP2019,SP2019-class 6,13,1905ACJAJH,,2.2,7,7,5.1,5.8,Passed,7.5,,
SP2019,SP2019-class 6,14,1905FBBJB,,0,0,0,0,0,Not Passed,0,,
SP2019,SP2019-class 6,15,1905ACJDFI,,0,7,0,2.2,2.9,Not Passed,7.9,,
SP2019,SP2019-class 6,16,1905ACJEAJ,,7.2,8,5,4.8,6.1,Passed,7.3,,
SP2019,SP2019-class 6,17,1905ACJAJA,,2.6,7,4,7.1,5.7,Passed,7.9,,
SP2019,SP2019-class 6,18,1905ACJEJF,,7.2,8,9,8.3,8.2,Passed,7.3,,
SP2019,SP2019-class 6,19,1905ACJDEG,,4.2,8,5,4.4,5.6,Passed,8.3,,
SP2019,SP2019-class 6,20,1905ACJDEF,,2.6,7,6.5,0,4,Not Passed,5.8,,
SP2019,SP2019-class 6,21,1905ACJGGE,,3.6,8,6,6.1,6.2,Passed,7.3,,
SP2019,SP2019-class 6,22,1905ACJFGA,,0,0,0,0,0,Not Passed,0,,
SP2019,SP2019-class 6,23,1905ACJCAG,,6.2,8,6.5,6.1,6.7,Passed,7.3,,
SP2019,SP2019-class 6,24,1905ACJJHE,,7.6,8,7.5,7,7.4,Passed,7.3,,
SP2019,SP2019-class 6,25,1905ACJFGG,,0,8,9,6.5,6.7,Not Passed,8.8,,
SP2019,SP2019-class 6,26,1905FAIDF,,0,0,0,0,0,Not Passed,0,,
SP2019,SP2019-class 6,27,1905ACJEJA,,4.8,8,4,6.6,6,Passed,7,,
SP2019,SP2019-class 6,28,1905ACJFID,,1.4,7,7.5,5.4,5.8,Passed,7.3,,
SP2019,SP2019-class 6,29,1905FBHEI,,1.4,7,6.5,5.2,5.4,Passed,6,,
SP2019,SP2019-class 6,30,1905ACJCJA,,1.8,8,4,4.8,5,Passed,7.2,,
SP2019,SP2019-class 7,1,1905ACJGBG,,7.9,3,7,5,5.5,Passed,4.9,,
SP2019,SP2019-class 7,2,1905FCCCF,,1.8,0,0,0,0.5,Not Passed,1.9,,
SP2019,SP2019-class 7,3,1905ACJAJF,,4,0,0,0,0.9,Not Passed,2.8,,
SP2019,SP2019-class 7,4,1905ACJDCB,,5,0,0,0,0.9,Not Passed,1.8,,
SP2019,SP2019-class 7,5,1905ACJAAA,,7.1,3,5,4.9,5,Passed,5.8,,
SP2019,SP2019-class 7,6,1905ACJAAJ,,7.2,3,4,5.8,5,Passed,5.9,,
SP2019,SP2019-class 7,7,1905ACJFCJ,,3,0,0,0,0.7,Not Passed,2.7,,
SP2019,SP2019-class 7,8,1905ACJFJC,,6.2,0,0,0,1.2,Not Passed,2.5,,
SP2019,SP2019-class 7,9,1905ACJBIH,,4,0,1,0,1.2,Not Passed,3.3,,
SP2019,SP2019-class 7,10,1905ACJBGF,,7,2,2,0,2.6,Not Passed,6,,
SP2019,SP2019-class 7,11,1905ACJDAA,,6,0,1,0,1.5,Not Passed,3.3,,
SP2019,SP2019-class 7,12,1905ACJDJF,,6.7,2,3,0,2.8,Not Passed,6,,
SP2019,SP2019-class 7,13,1905ACJEGI,,7.9,6,3.5,5.2,5.4,Passed,6,,
SP2019,SP2019-class 7,14,1905ACJFGJ,,3,0,0,0,0.8,Not Passed,3.9,,
SP2019,SP2019-class 7,15,1905FCEFA,,2.4,0,0,0,0.6,Not Passed,2.8,,
SP2019,SP2019-class 7,16,1905FBEGH,,0,0,0,0,0,Not Passed,0,,
SP2019,SP2019-class 7,17,1905ACJBCA,,5.9,2,3.5,0,2.8,Not Passed,5.9,,
SP2019,SP2019-class 7,18,1905ACJBJB,,8.6,6,4,4.7,5.5,Passed,5.5,,
SP2019,SP2019-class 7,19,1905ACJEGJ,,8.9,4,2.5,0,3.3,Not Passed,5.7,,
SP2019,SP2019-class 7,20,1905FCBCB,,0,0,0,0,0,Not Passed,0,,
SP2019,SP2019-class 7,21,1905ACJEEF,,6.4,0,2,0,1.8,Not Passed,3.7,,
SP2019,SP2019-class 7,22,1905ACJJEE,,0,0,0,0,0,Not Passed,0,,
SP2019,SP2019-class 7,23,1905ACJDBJ,,8.8,5,6,6.2,6.4,Passed,7.1,,
SP2019,SP2019-class 7,24,1905ACJCAF,,1.3,0,0,0,0.2,Not Passed,0,,
SP2019,SP2019-class 7,25,1905FBGDH,,6,0,0,0,1.2,Not Passed,3.3,,
SP2019,SP2019-class 7,26,1905ACJABA,,3.4,0,0,0,0.8,Not Passed,3.3,,
SP2019,SP2019-class 7,27,1905FBJCE,,3.3,0,0,0,0.5,Not Passed,0,,
SP2019,SP2019-class 7,28,1905FCJCH,,5.1,0,2,0,1.5,Not Passed,2.8,,
SP2019,SP2019-class 7,29,1905FCEEE,,1.8,0,0,0,0.7,Not Passed,3.8,,
SP2019,SP2019-class 7,30,1905FBCDD,,6,0,0,0,1.2,Not Passed,3,,
SP2019,SP2019-class 8,1,1905FCJII,,8,4,3.5,5.3,5,Passed,5.7,,
SP2019,SP2019-class 8,2,1905ACJECI,,5.9,2,1,0,2.1,Not Passed,5.3,,
SP2019,SP2019-class 8,3,1905ACJAIH,,5.7,0,0,3.8,2.2,Not Passed,1.8,,
SP2019,SP2019-class 8,4,1905FBHFB,,1.6,0,0,0,0.4,Not Passed,1.8,,
SP2019,SP2019-class 8,5,1905ACJAAG,,5.6,0,0,0,1.2,Not Passed,3.9,,
SP2019,SP2019-class 8,6,1905ACJFCA,,6,2,1,0,1.8,Not Passed,2.3,,
SP2019,SP2019-class 8,7,1905ACJDEE,,4.6,0.5,1,0,1.5,Not Passed,4.7,,
SP2019,SP2019-class 8,8,1905ACJEBH,,8,7,4,4.2,5.4,Passed,5,,
SP2019,SP2019-class 8,9,1905ACJEEG,,8.3,8,9.5,6.3,7.7,Passed,5.8,,
SP2019,SP2019-class 8,10,1905FCDDI,,6.3,4,5.5,4.4,4.8,Not Passed,3.5,,
SP2019,SP2019-class 8,11,1905ACJECG,,6,2,1,0,2.1,Not Passed,5.8,,
SP2019,SP2019-class 8,12,1905ACJJEI,,5.2,2,3,0,2.6,Not Passed,7,,
SP2019,SP2019-class 8,13,1905ACJEDE,,8.2,5,4,5.4,5.4,Passed,5.3,,
SP2019,SP2019-class 8,14,1905ACJFAI,,5.8,0,0,0,1.1,Not Passed,2.3,,
SP2019,SP2019-class 8,15,1905ACJAJE,,5.5,0,0,0,1.1,Not Passed,2.8,,
SP2019,SP2019-class 8,16,1905FBIFC,,4.7,0,0,0,0.9,Not Passed,1.8,,
SP2019,SP2019-class 8,17,1905ACJDHE,,7.8,5,3,5.1,5.1,Passed,6,,
SP2019,SP2019-class 8,18,1905FCCGF,,3.1,0,0,0,0.7,Not Passed,2.8,,
SP2019,SP2019-class 8,19,1905ACJEJD,,8.2,5,3,4.8,5.1,Passed,6.7,,
SP2019,SP2019-class 8,20,1905ACJAEJ,,5.5,2,1,0,1.8,Not Passed,3,,
SP2019,SP2019-class 8,21,1905ACJEIG,,4.4,2.5,1.5,0,1.7,Not Passed,2,,
SP2019,SP2019-class 8,22,1905ACJDBF,,6.5,7,1.5,4.2,4.5,Not Passed,5.2,,
SP2019,SP2019-class 8,23,1905ACJAHE,,5.4,2.5,0,0,1.5,Not Passed,1.9,,
SP2019,SP2019-class 8,24,1905ACJDJC,,8,4,6,5.4,5.6,Passed,4.9,,
SP2019,SP2019-class 8,25,1905ACJDEC,,6.1,6,5,5.4,5.3,Passed,2.9,,
SP2019,SP2019-class 8,26,1905FCCFH,,3.5,2,3,0,2.3,Not Passed,6.5,,
SP2019,SP2019-class 8,27,1905ADJJJH,,6.5,2.5,3,0,2.7,Not Passed,4.3,,
SP2020,SP2020-class 1,1,1905FCECI,,3.6,3.6,5,4.5,4.3,Not Passed,4.5,,
SP2020,SP2020-class 1,2,1905ADJCJF,,8.1,8.2,8,6.8,7.8,Passed,9.1,,
SP2020,SP2020-class 1,3,1905ACJBCD,,7.2,5.8,5,4.8,5.4,Passed,4.5,,
SP2020,SP2020-class 1,4,1905ADJAHH,,6.6,7.8,7.5,4.8,6.7,Passed,8,,
SP2020,SP2020-class 1,5,1905ACJEDD,,8.6,8.5,10,4.3,7.6,Passed,8.6,,
SP2020,SP2020-class 1,6,1905ADJHAF,,7.9,7.8,7,4.8,6.6,Passed,6.4,,
SP2020,SP2020-class 1,7,1905ADJGED,,7.8,7.3,7,4.2,6.2,Passed,6,,
SP2020,SP2020-class 1,8,1905ACJFAI,,6,5.7,7,5.8,6.1,Passed,6.2,,
SP2020,SP2020-class 1,9,1905ADJEBD,,7.5,7.3,8,6,7.2,Passed,7.9,,
SP2020,SP2020-class 1,10,1905ADJBAG,,8,7.8,6,5.8,6.7,Passed,7.3,,
SP2020,SP2020-class 1,11,1905ADJHHF,,5.4,5.4,7,6.7,6.2,Passed,5.8,,
SP2020,SP2020-class 1,12,1905ADJGDC,,6.6,6.4,9,7,7.4,Passed,7.8,,
SP2020,SP2020-class 1,13,1905ADJCIF,,7.2,6,6,4.5,5.8,Passed,6.8,,
SP2020,SP2020-class 1,14,1905ACJGDF,,7.3,5.9,4.5,4.7,5.3,Passed,4.6,,
SP2020,SP2020-class 2,1,1905ADJGHC,,8.6,7,7,5.3,6.8,Passed,7.8,,
SP2020,SP2020-class 2,2,1905ADJFGG,,8.4,6,6,5.7,6.4,Passed,7.8,,
SP2020,SP2020-class 2,3,1905ADJJCD,,7.9,5,5,5.3,5.8,Passed,7.8,,
SP2020,SP2020-class 2,4,1905ACJDBH,,8.7,4,1,4,4.5,Not Passed,9.5,,
SP2020,SP2020-class 2,5,1905ADJEDD,,7.8,7,4.5,5.2,6,Passed,7.3,,
SP2020,SP2020-class 2,6,1905ADJIDE,,7.6,5.5,1,6.8,5.2,Passed,6.8,,
SP2020,SP2020-class 2,7,1905ADJGHG,,8,6.5,8,5.8,7,Passed,7.9,,
SP2020,SP2020-class 2,8,1905ADJIDF,,7.9,6.5,7,8,7.5,Passed,8.6,,
SP2020,SP2020-class 2,9,1905ADJBIH,,8,4,3,3.2,4.4,Not Passed,6.7,,
SP2020,SP2020-class 2,10,1905ADJCGJ,,8.1,5.5,7,6.2,6.7,Passed,7.9,,
SP2020,SP2020-class 2,11,1905ADJAHG,,8.2,6,4.5,5,5.8,Passed,7.3,,
SP2020,SP2020-class 2,12,1905ACJGEI,,0,0,0,0,0,Not Passed,0,,
SP2020,SP2020-class 2,13,1905ADJFHC,,1.8,0,0,0,0.7,Not Passed,4,,
SP2020,SP2020-class 2,14,1905ADJDEH,,8.4,6,5,5.7,6.2,Passed,7.8,,
SP2020,SP2020-class 2,15,1905ADJCJJ,,0,0,0,0,0,Not Passed,0,,
SP2020,SP2020-class 2,16,1905ADJCAB,,8.3,7,5,5.5,6.4,Passed,8.1,,
SP2020,SP2020-class 2,17,1905ADJJAC,,6.6,0,2,0,1.8,Not Passed,3.5,,
SP2020,SP2020-class 2,18,1905ADJJFG,,6.4,0,0,0,1.3,Not Passed,3.8,,
SP2020,SP2020-class 2,19,1905ADJAAB,,8.2,6,5.5,5.7,6.3,Passed,8.1,,
SP2020,SP2020-class 2,20,1905ADJGEF,,6.4,0,0,0,1.4,Not Passed,4,,
SP2020,SP2020-class 2,21,1905ADJBBG,,8.2,5,3,6,5.4,Passed,6.2,,
SP2020,SP2020-class 2,22,1905ADJDDA,,0,0,0,0,0.3,Not Passed,2.8,,
SP2020,SP2020-class 2,23,1905ADJCCD,,6.2,0,0,0,1.3,Not Passed,3.5,,
SP2020,SP2020-class 2,24,1905ADJGGI,,9,8,10,8.3,8.8,Passed,8.3,,
SP2020,SP2020-class 3,1,1905ADJJBC,,6.6,4,4,5.8,5.1,Passed,5.3,,
SP2020,SP2020-class 3,2,1905ACJDAI,,6.7,0,0,0,1.4,Not Passed,4.3,,
SP2020,SP2020-class 3,3,1905ADJCCI,,7.4,5,6.5,4.7,5.8,Passed,6.8,,
SP2020,SP2020-class 3,4,1905ADJJDC,,8.7,6,7,7.3,7.2,Passed,8,,
SP2020,SP2020-class 3,5,1905ADJCBF,,8,5,8.5,6,6.9,Passed,7.8,,
SP2020,SP2020-class 3,6,1905ADJJEH,,8,5,8,4.8,6.5,Passed,8.6,,
SP2020,SP2020-class 3,7,1905ADJIDH,,8.7,7.5,6.5,7.2,7.4,Passed,8.5,,
SP2020,SP2020-class 3,8,1905ACJAHA,,7.6,4,1,3.2,4,Not Passed,8.5,,
SP2020,SP2020-class 3,9,1905ADJGIA,,7.6,4,7.5,4,5.6,Passed,6,,
SP2020,SP2020-class 3,10,1905ADJCEA,,7.7,5,8,6.5,6.8,Passed,7.3,,
SP2020,SP2020-class 3,11,1905ACJAGE,,0,0,0,0,0,Attendance Fail,0,,
SP2020,SP2020-class 3,12,1905FCCID,,0,0,0,0,0,Not Passed,0,,
SP2020,SP2020-class 3,13,1905ADJDHE,,4,0,0,0,0.8,Not Passed,2.3,,
SP2020,SP2020-class 3,14,1905ADJICI,,5.8,0,0,0,1.3,Not Passed,4.5,,
SP2020,SP2020-class 3,15,1905ADJGHF,,8.5,5.5,5,5.3,6,Passed,8.1,,
SP2020,SP2020-class 3,16,1905ADJDDC,,8,5,7,5.8,6.4,Passed,7.4,,
SP2020,SP2020-class 3,17,1905ADJFGA,,8,4,5,4.5,5.3,Passed,7.5,,
SP2020,SP2020-class 3,18,1905ADJDEI,,7.4,5.5,5.5,5.7,6,Passed,6.5,,
SP2020,SP2020-class 3,19,1905ACJJJB,,6.1,4,4,0,3.3,Not Passed,6,,
SP2020,SP2020-class 3,20,1905ADJCIJ,,8,4.5,6,4.3,5.6,Passed,7.3,,
SP2020,SP2020-class 3,21,1905ADJFAG,,8,5,3,5.3,5.2,Passed,6.4,,
SP2020,SP2020-class 3,22,1905FCBFE,,0,0,0,0,0,Attendance Fail,0,,
SP2020,SP2020-class 3,23,1905ADJAII,,1.7,0,0,0,0.3,Not Passed,0,,
SP2020,SP2020-class 3,24,1905ADJCEJ,,7.8,4,4.5,5.5,5.5,Passed,7.6,,
SP2020,SP2020-class 3,25,1905ADJGGH,,7.4,4.5,6.5,3,5.3,Not Passed,7.9,,
SP2020,SP2020-class 3,26,1905ADJFBF,,7,4.5,5,4.3,5.3,Passed,7.8,,
SP2020,SP2020-class 4,1,1905ADJEDB,,8,8.5,8.5,4.8,6.9,Passed,4.3,,
SP2020,SP2020-class 4,2,1905ADJDIH,,7.3,8,9,6.3,7.5,Passed,6.5,,
SP2020,SP2020-class 4,3,1905ADJDIJ,,7.7,8,9,7.5,7.9,Passed,6.5,,
SP2020,SP2020-class 4,4,1905FBHFB,,0,0,0,0,0,Attendance Fail,0,,
SP2020,SP2020-class 4,5,1905ACJDEE,,1,0,0,0,0.2,Attendance Fail,0,,
SP2020,SP2020-class 4,6,1905ADJEJJ,,6.7,8.5,8.5,5,6.9,Passed,6,,
SP2020,SP2020-class 4,7,1905ADJCGF,,6.5,8,9,5.7,7.1,Passed,5.8,,
SP2020,SP2020-class 4,8,1905ACJBGF,,4.6,7.5,7,4.7,6.2,Passed,8.5,,
SP2020,SP2020-class 4,9,1905ADJFIB,,5.5,8.5,8.5,5.7,6.9,Passed,5.7,,
SP2020,SP2020-class 4,10,1905ADJJAH,,7.2,8,8.5,5.5,7.2,Passed,7,,
SP2020,SP2020-class 4,11,1905ADJCDJ,,6.4,8.5,8,4.8,6.5,Passed,3.8,,
SP2020,SP2020-class 4,12,1905ADJBIF,,6.8,8,9,5.5,7.2,Passed,7,,
SP2020,SP2020-class 4,13,1905ADAADG,,1.2,0,0,0,0.2,Attendance Fail,0,,
SP2020,SP2020-class 4,14,1905ACJBEH,,4.6,7,6,5.8,6,Passed,6.8,,
SP2020,SP2020-class 4,15,1905ADJEDJ,,7.6,8,8.5,6.5,7.5,Passed,6.6,,
SP2020,SP2020-class 4,16,1905ACJAFG,,0,0,0,0,0,Attendance Fail,0,,
SP2020,SP2020-class 4,17,1905ADJCCG,,7.6,9,8.5,5.3,7.4,Passed,7.3,,
SP2020,SP2020-class 4,18,1905ADJECH,,7.8,9,9,5.5,7.7,Passed,8,,
SP2020,SP2020-class 4,19,1905ACJAIJ,,5.4,7,5,6.5,6.2,Passed,7.7,,
SP2020,SP2020-class 4,20,1905ADJFJE,,1,0,0,0,0.2,Attendance Fail,0,,
SP2020,SP2020-class 4,21,1905ADJDCI,,6.8,7.5,8,6.3,7.1,Passed,6.4,,
SP2020,SP2020-class 4,22,1905ADJEAA,,7,8,8.5,4.7,6.8,Passed,6.2,,
SP2020,SP2020-class 4,23,1905ADJAAF,,5.2,8.5,8.5,4.3,6.2,Passed,3.2,,
SP2020,SP2020-class 4,24,1905ADJJGI,,6,7,7.5,4.7,6.1,Passed,4.9,,
SP2020,SP2020-class 4,25,1905ADJFIE,,5.2,8,8.5,4.2,6.4,Passed,6.7,,
SP2020,SP2020-class 4,26,1905ADJEFB,,6.3,8.5,8.5,5.5,7.2,Passed,7.4,,
SP2020,SP2020-class 4,27,1905ADJEAE,,6.2,7,7,3.2,5.7,Not Passed,6.3,,
SP2020,SP2020-class 4,28,1905ADJBCH,,7.2,8,9,6.3,7.4,Passed,6.1,,
SP2020,SP2020-class 4,29,1905ADJJFF,,6.7,9,8.5,5.8,7.4,Passed,7.2,,
SP2020,SP2020-class 5,1,1905ADJGEC,,7.6,4,3.5,6.8,5.6,Passed,7.5,,
SP2020,SP2020-class 5,2,1905ADJDIB,,8.4,5,5,4.5,5.7,Passed,8.3,,
SP2020,SP2020-class 5,3,1905ADJBAE,,7.2,6,3,5,5.2,Passed,6.4,,
SP2020,SP2020-class 5,4,1905ADAAGG,,7.6,6,7,4.7,6.3,Passed,7.8,,
SP2020,SP2020-class 5,5,1905ADJHJE,,7.8,7,7,5.2,6.6,Passed,7.5,,
SP2020,SP2020-class 5,6,1905ADJIHG,,5,4.5,2,0,2.2,Not Passed,0,,
SP2020,SP2020-class 5,7,1905ADAAJD,,6.2,0,0,0,1.3,Not Passed,3.8,,
SP2020,SP2020-class 5,8,1905ADJGCE,,8.2,2,1,0,2.6,Not Passed,7.3,,
SP2020,SP2020-class 5,9,1905ADJGEG,,0,0,0,0,0,Not Passed,0,,
SP2020,SP2020-class 5,10,1905ADJCHA,,3.8,0,0,0,0.9,Not Passed,3.5,,
SP2020,SP2020-class 5,11,1905ADJJHE,,7.6,7,6.5,4.3,6.2,Passed,7.8,,
SP2020,SP2020-class 5,12,1905ADAJIF,,7.2,5,6,4.8,5.8,Passed,7.4,,
SP2020,SP2020-class 5,13,1905ADJGBI,,7.8,5,1,0,3.2,Not Passed,8,,
SP2020,SP2020-class 5,14,1905ADAABJ,,8.6,5,7,6.2,6.8,Passed,8.9,,
SP2020,SP2020-class 5,15,1905ADAJCA,,8.2,6,5,5,5.9,Passed,7.7,,
SP2020,SP2020-class 5,16,1905ADAAEF,,8,7,7,8.7,7.7,Passed,7.8,,
SP2020,SP2020-class 5,17,1905ADJIIJ,,7.8,5,3.5,5,5.3,Passed,7.5,,
SP2020,SP2020-class 5,18,1905ADJEAG,,7.4,6.5,5,4,5.6,Passed,7.8,,
SP2020,SP2020-class 5,19,1905ADJABC,,1.7,0,0,0,0.3,Not Passed,0,,
SP2020,SP2020-class 5,20,1905ADJGCC,,6.2,0,0,0,1.3,Not Passed,4,,
SP2020,SP2020-class 5,21,1905ADJHHD,,0,0,0,0,0,Attendance Fail,0,,
SP2020,SP2020-class 5,22,1905ADJGFI,,8.2,5.5,2,4,4.8,Not Passed,7.8,,
SP2020,SP2020-class 5,23,1905ADAAAD,,7.2,5,6,4.7,5.7,Passed,7.6,,
SP2020,SP2020-class 5,24,1905ADJHJA,,8.4,7,2.5,5.2,5.7,Passed,8.8,,
SP2020,SP2020-class 5,25,1905ADJFIF,,0,0,0,0,0,Attendance Fail,0,,
SP2020,SP2020-class 5,26,1905ADAJDD,,7.4,6.5,7,6.7,6.9,Passed,7.4,,
SP2020,SP2020-class 5,27,1905ADJEFC,,5.8,0,0,0,1.3,Attendance Fail,4,,
SP2020,SP2020-class 5,28,1905ADJHJC,,9.2,9,10,7.2,8.8,Passed,9.3,,
SP2020,SP2020-class 5,29,1905ADJGFE,,7,5,4.5,5,5.3,Passed,6.8,,
SP2020,SP2020-class 6,1,1905ADAJCJ,,4.3,3.6,3,6.2,4.8,Not Passed,7.8,,
SP2020,SP2020-class 6,2,1905ADJJGH,,7.6,7.8,8,5.7,7.1,Passed,6.7,,
SP2020,SP2020-class 6,3,1905ADJAAC,,7.1,7.1,6,4.2,5.8,Passed,6,,
SP2020,SP2020-class 6,4,1905ADJIBJ,,8.2,8.3,8,5.3,7.2,Passed,7.3,,
SP2020,SP2020-class 6,5,1905ADJAJF,,3.3,4.1,0,0,1.3,Attendance Fail,0,,
SP2020,SP2020-class 6,6,1905ADJFBB,,8,8,9,6,7.6,Passed,7.5,,
SP2020,SP2020-class 6,7,1905ACJDCB,,5.9,5.8,8.5,6.5,6.8,Passed,6.4,,
SP2020,SP2020-class 6,8,1905ADJEFA,,3.2,4,5,0,3,Not Passed,4.3,,
SP2020,SP2020-class 6,9,1905ADJFJB,,7.8,8,7.5,5,6.8,Passed,6.7,,
SP2020,SP2020-class 6,10,1905ADJBHA,,8,8.3,9,4.5,7.2,Passed,6.9,,
SP2020,SP2020-class 6,11,1905ADAADC,,7.7,7.8,7,6,6.8,Passed,5.3,,
SP2020,SP2020-class 6,12,1905ADJCJC,,6.6,8.3,7,5.2,6.7,Passed,7.7,,
SP2020,SP2020-class 6,13,1905ADJIGJ,,8.3,8.4,8,6.5,7.7,Passed,7.8,,
SP2020,SP2020-class 6,14,1905ADJIGC,,7,7.5,4,4,5.4,Passed,6.8,,
SP2020,SP2020-class 6,15,1905ADAADB,,7.4,7.6,6,4.5,6.1,Passed,5.9,,
SP2020,SP2020-class 6,16,1905ADJAHE,,8,8.3,7,4.8,6.7,Passed,6,,
SP2020,SP2020-class 6,17,1905ADJDHA,,7.1,7.1,8,4.7,6.5,Passed,6.3,,
SP2020,SP2020-class 6,18,1905ADJFCG,,8.2,8.5,6.5,5.2,6.8,Passed,6.7,,
SP2020,SP2020-class 6,19,1905ADJDHG,,1.8,2.3,0,0,0.7,Attendance Fail,0,,
SP2020,SP2020-class 6,20,1905ADAAJG,,7.2,7.3,7,5.7,6.7,Passed,7.2,,
SP2020,SP2020-class 6,21,1905ADJDDH,,7.2,7.8,4,5.8,6.1,Passed,6.8,,
SP2020,SP2020-class 6,22,1905ADJFBG,,3.2,4,0,0,1.3,Attendance Fail,0,,
SP2020,SP2020-class 6,23,1905ADJDHF,,6.8,6.9,4,3.5,5,Not Passed,5.9,,
SP2020,SP2020-class 6,24,1905ADJBGI,,7,7,5,4.7,5.8,Passed,6.4,,
SP2020,SP2020-class 6,25,1905ADAJIH,,7.5,7.5,7,5.2,6.6,Passed,6.4,,
SP2020,SP2020-class 6,26,1905ACJECJ,,7.5,7.6,6.5,4.3,6.3,Passed,7.3,,
SP2020,SP2020-class 6,27,1905ADJGGD,,6.9,7.1,5.5,4.3,5.8,Passed,7.2,,
SP2020,SP2020-class 6,28,1905ADJBDJ,,7.3,7.4,7,5.5,6.7,Passed,7.2,,
SP2020,SP2020-class 7,1,1905ADJDCD,,7.9,8,7,4.5,6.6,Passed,7.5,,
SP2020,SP2020-class 7,2,1905ADJCCC,,7,7,6,4.3,6,Passed,7.4,,
SP2020,SP2020-class 7,3,1905ADJBFD,,6.7,7,7,4.5,6.2,Passed,6.8,,
SP2020,SP2020-class 7,4,1905ADJHIG,,6.9,7,4,6,6,Passed,7.9,,
SP2020,SP2020-class 7,5,1905ADJJDB,,7.5,8,7,6.2,7.2,Passed,9,,
SP2020,SP2020-class 7,6,1905ADJBFC,,6.9,7,6,4.2,6,Passed,7.8,,
SP2020,SP2020-class 7,7,1905ADJJBA,,0,0,0,0,0,Attendance Fail,0,,
SP2020,SP2020-class 7,8,1905ADJGCB,,7.7,8,9,5.2,7.3,Passed,7.5,,
SP2020,SP2020-class 7,9,1905ADJCDF,,8.1,8,9,4.2,7,Passed,6.8,,
SP2020,SP2020-class 7,10,1905ADJDBD,,8,8,8,7.3,7.8,Passed,8.5,,
SP2020,SP2020-class 7,11,1905ADJCHC,,7,7,5,6.5,6.3,Passed,6.5,,
SP2020,SP2020-class 7,12,1905ADJJEE,,8,8,8,6.5,7.4,Passed,6.3,,
SP2020,SP2020-class 7,13,1905ADJBHB,,8.2,8,8,6.7,7.6,Passed,7.5,,
SP2020,SP2020-class 7,14,1905ADAJBF,,8.4,9,9,5.2,7.6,Passed,7.3,,
SP2020,SP2020-class 7,15,1905ADAJEJ,,7,7,6.5,4,5.8,Passed,5.3,,
SP2020,SP2020-class 7,16,1905ADJHIB,,0,0,0,0,0,Attendance Fail,0,,
SP2020,SP2020-class 7,17,1905ADJIFG,,5.5,5,6,5.3,5.4,Passed,5,,
SP2020,SP2020-class 7,18,1905ADJJED,,8,8,8,7.8,7.8,Passed,6.7,,
SP2020,SP2020-class 7,19,1905ACJBEJ,,1.6,2,3,0,2,Not Passed,5.6,,
SP2020,SP2020-class 7,20,1905ADAJID,,7.6,8,7,4.2,6.5,Passed,7.5,,
SP2020,SP2020-class 7,21,1905ADJDBE,,1.3,2,5,0,2.7,Not Passed,8.3,,
SP2020,SP2020-class 7,22,1905ADJBHG,,6.8,7,5,4.3,5.8,Passed,8.1,,
SP2020,SP2020-class 7,23,1905ADJABJ,,3.1,4,0,0,1.3,Not Passed,0.3,,
SP2020,SP2020-class 7,24,1905ADJIEI,,7.9,8,8,6.8,7.7,Passed,8.8,,
SP2020,SP2020-class 7,25,1905ADJBEH,,7.6,8,7,5,6.7,Passed,7.5,,
SP2020,SP2020-class 7,26,1905ADJIFE,,7.4,7,7,5.8,6.7,Passed,7.1,,
SP2020,SP2020-class 7,27,1905ADJFFH,,7.1,7,6,5,6.1,Passed,6,,
SP2020,SP2020-class 7,28,1905ADJBCD,,7.7,8,8,4.7,6.8,Passed,6.5,,
SP2020,SP2020-class 7,29,1905ADJDBJ,,6.5,7,7,4.2,6.1,Passed,7,,
SP2020,SP2020-class 7,30,1905ADJIFC,,6.2,6,5,4.7,5.3,Passed,5.3,,
SP2020,SP2020-class 8,1,1905ADJJHF,,5.2,0,0,0,1.2,Not Passed,4,,
SP2020,SP2020-class 8,2,1905ADJJCC,,8.8,4.5,5.5,5.7,6.2,Passed,9,,
SP2020,SP2020-class 8,3,1905ADAJDJ,,0,0,0,0,0,Attendance Fail,0,,
SP2020,SP2020-class 8,4,1905ADJIII,,8.4,3,5,6,5.7,Passed,7.5,,
SP2020,SP2020-class 8,5,1905ADJBGH,,9.3,6.5,7,5.8,6.8,Passed,6.7,,
SP2020,SP2020-class 8,6,1905ADAJHJ,,9.4,6,9,6.7,7.6,Passed,7,,
SP2020,SP2020-class 8,7,1905ADJJBI,,8.4,4.5,5.5,5.2,6,Passed,8.6,,
SP2020,SP2020-class 8,8,1905ADJAFD,,8.7,6,6,5.8,6.6,Passed,8.4,,
SP2020,SP2020-class 8,9,1905ADJGEJ,,8.4,4,2,5.8,5.1,Passed,8.1,,
SP2020,SP2020-class 8,10,1905ADJJHI,,9.4,7.5,8,7.2,7.8,Passed,7.5,,
SP2020,SP2020-class 8,11,1905ADJBAD,,9,6,8,6.3,7.2,Passed,8,,
SP2020,SP2020-class 8,12,1905ADAJFI,,7.8,4,5,4.8,5.4,Passed,7.8,,
SP2020,SP2020-class 8,13,1905ADJCGH,,5.4,0,0,0,1.2,Not Passed,3.8,,
SP2020,SP2020-class 8,14,1905ADJDDF,,6.8,0,0,0,1.4,Not Passed,4.3,,
SP2020,SP2020-class 8,15,1905ADJDDI,,3.6,0,0,0,0.5,Not Passed,0,,
SP2020,SP2020-class 8,16,1905ADJAFE,,8.8,4.5,3,7.2,5.9,Passed,8,,
SP2020,SP2020-class 8,17,1905ADAJGB,,9.2,4,7,6.3,6.6,Passed,8.3,,
SP2020,SP2020-class 8,18,1905ADJHFE,,8.6,3.5,0,0,2.6,Not Passed,6.2,,
SP2020,SP2020-class 8,19,1905ADJJCF,,8.7,4.5,3.5,5.8,5.7,Passed,9,,
SP2020,SP2020-class 8,20,1905ADJAEH,,5.4,0,0,0,1.2,Not Passed,4,,
SP2020,SP2020-class 8,21,1905ADJEGD,,0,0,0,0,0,Attendance Fail,0,,
SP2020,SP2020-class 8,22,1905ADJAFG,,1.8,0,0,0,0.3,Attendance Fail,0,,
SP2020,SP2020-class 8,23,1905ADJAFI,,1.8,0,0,0,0.3,Not Passed,0,,
SP2020,SP2020-class 8,24,1905ADJJIC,,5,0,0,0,1.1,Not Passed,3.5,,
SP2020,SP2020-class 8,25,1905ADJHGH,,9.7,4,4,5,5.5,Passed,7.3,,
SP2020,SP2020-class 8,26,1905ADJIHA,,9.2,6.5,7.5,5.3,6.9,Passed,7.7,,
SP2020,SP2020-class 8,27,1905ADJJCG,,9.2,7.5,7,7.8,7.8,Passed,8.5,,
SP2020,SP2020-class 8,28,1905ADJBAI,,8.7,6,10,7.5,8,Passed,7.3,,
SP2020,SP2020-class 8,29,1905ADJIHD,,9,7,8,6.7,7.5,Passed,7.8,,
SP2020,SP2020-class 8,30,1905ADJDDD,,3.6,0,0,0,0.5,Not Passed,0,,
SP2020,SP2020-class 9,1,1905ADJHBD,,8.7,9,5.5,7,7.3,Passed,6.8,,
SP2020,SP2020-class 9,2,1905ADJIIC,,9.3,8.5,9,6.3,8,Passed,7.3,,
SP2020,SP2020-class 9,3,1905ADJEBC,,8,8.5,8.3,4.7,7,Passed,6.4,,
SP2020,SP2020-class 9,4,1905ADJEEB,,8.7,9,6.5,4.5,6.8,Passed,6.8,,
SP2020,SP2020-class 9,5,1905ADJHJI,,8.7,9,9.5,6.7,8.1,Passed,6.4,,
SP2020,SP2020-class 9,6,1905ADJFFE,,8,9,7.5,6.3,7.4,Passed,6.3,,
SP2020,SP2020-class 9,7,1905ADAAAH,,9.1,8.5,9,4.5,7.3,Passed,6,,
SP2020,SP2020-class 9,8,1905ADAAAJ,,6.6,8.5,7.5,4.2,6.6,Passed,7.6,,
SP2020,SP2020-class 9,9,1905ACJCJH,,4.6,8,7,5.2,6,Passed,4.1,,
SP2020,SP2020-class 9,10,1905ADJCFD,,8.6,8,4.3,5.7,6.4,Passed,6.8,,
SP2020,SP2020-class 9,11,1905ADJFED,,7.5,8.5,6.5,5.3,6.7,Passed,6.5,,
SP2020,SP2020-class 9,12,1905ADJHGA,,7.8,8.5,7.5,7.3,7.6,Passed,6.9,,
SP2020,SP2020-class 9,13,1905ADJFFG,,8.1,8.5,6.5,4.5,6.5,Passed,6.5,,
SP2020,SP2020-class 9,14,1905ADJHAD,,8.7,8.5,9,6.2,7.8,Passed,6.5,,
SP2020,SP2020-class 9,15,1905ADJHAA,,6.5,9,8.5,5.7,7.2,Passed,5.4,,
SP2020,SP2020-class 9,16,1905ADJEFF,,3.4,8.5,6,4,5.6,Passed,6.4,,
SP2020,SP2020-class 9,17,1905ADJCJH,,8.6,8,3,3.7,5.3,Not Passed,5.8,,
SP2020,SP2020-class 9,18,1905ADJECF,,8.7,9,6.3,5.7,6.9,Passed,4.8,,
SP2020,SP2020-class 9,19,1905ADJCJD,,7.7,8.5,6,4.8,6.4,Passed,6.4,,
SP2020,SP2020-class 9,20,1905ADJEBI,,7.3,8.5,8.3,4.7,6.9,Passed,6.2,,
SP2020,SP2020-class 9,21,1905ADJHDJ,,7.7,8.5,6.5,6.3,7,Passed,6.6,,
SP2020,SP2020-class 9,22,1905ACJBDJ,,2.3,7,5,4.8,5.1,Passed,6.3,,
SP2020,SP2020-class 9,23,1905ADJGEA,,3.8,9,3.5,4.3,4.8,Not Passed,2.8,,
SP2020,SP2020-class 9,24,1905ADJEEE,,8.7,9,6.5,5.8,7.2,Passed,6.8,,
SP2020,SP2020-class 9,25,1905ADJDAH,,7.9,8.5,7.5,4.7,6.8,Passed,6.2,,
SP2020,SP2020-class 9,26,1905ADJEBG,,3,7,6,0,3.7,Not Passed,3.1,,
SP2020,SP2020-class 9,27,1905ADJEFD,,8.3,8.5,3,4,5.5,Passed,5.8,,
SP2020,SP2020-class 9,28,1905ADJCJI,,8.4,8,5.5,5.7,6.6,Passed,6.8,,
SP2020,SP2020-class 9,29,1905FBJCE,,3,7,3,0,3.1,Not Passed,4.8,,
SP2020,SP2020-class 10,1,1905ADJIHB,,7.1,7.1,6,6,6.4,Passed,5.9,,
SP2020,SP2020-class 10,2,1905ADJFDE,,7.6,7.8,7,6.2,6.9,Passed,5.7,,
SP2020,SP2020-class 10,3,1905ACJBGJ,,0,0,0,0,0,Attendance Fail,0,,
SP2020,SP2020-class 10,4,1905ADJEHH,,1.4,1.8,5,0,1.8,Not Passed,0,,
SP2020,SP2020-class 10,5,1905ADJGAH,,5.6,7,5,4,5.2,Passed,4.9,,
SP2020,SP2020-class 10,6,1905ADJFBH,,1.4,1.8,5,0,2.2,Not Passed,3.5,,
SP2020,SP2020-class 10,7,1905ADJBDH,,5.2,5.3,5,6.5,5.7,Passed,6.8,,
SP2020,SP2020-class 10,8,1905ADAAEH,,6.4,6.3,5,4.8,5.5,Passed,5.7,,
SP2020,SP2020-class 10,9,1905ADJHAG,,7.3,7.4,7,6.8,7.1,Passed,7,,
SP2020,SP2020-class 10,10,1905ADJEGE,,0,0,0,0,0,Attendance Fail,0,,
SP2020,SP2020-class 10,11,1905ADJJEI,,7.2,7.1,6,4.7,6.1,Passed,6.7,,
SP2020,SP2020-class 10,12,1905ADJAAH,,1.4,1.8,0,0,1,Not Passed,4.4,,
SP2020,SP2020-class 10,13,1905ADJBJD,,0,0,0,0,0,Attendance Fail,0,,
SP2020,SP2020-class 10,14,1905ADJJFC,,7.7,7.6,7,7.3,7.3,Passed,6.9,,
SP2020,SP2020-class 10,15,1905ADJJFJ,,6.6,6.5,6,4.2,5.6,Passed,5.5,,
SP2020,SP2020-class 10,16,1905ADJJII,,0,0,0,0,0,Not Passed,0,,
SP2020,SP2020-class 10,17,1905ADAABH,,7.9,8.1,10,7.3,8.3,Passed,8,,
SP2020,SP2020-class 10,18,1905ADAJIB,,1.4,1.8,0,0,0.6,Not Passed,0,,
SP2020,SP2020-class 10,19,1905ADAACC,,7.8,8,8,9,8.2,Passed,7.5,,
SP2020,SP2020-class 10,20,1905ADJHDI,,6.8,6.8,6,5.5,6,Passed,4.8,,
SP2020,SP2020-class 10,21,1905FBGED,,0,0,0,0,0,Attendance Fail,0,,
SP2020,SP2020-class 10,22,1905ADJCGA,,7.2,7.1,5,5.8,6,Passed,5.5,,
SP2020,SP2020-class 10,23,1905ADJFDB,,0,0,0,0,0,Attendance Fail,0.3,,
SP2020,SP2020-class 10,24,1905ADJHEI,,5.6,5.3,3,2.8,4.2,Not Passed,7.5,,
SP2020,SP2020-class 10,25,1905ADJEHB,,4.3,3.5,2,0,2.5,Not Passed,6.8,,
SP2020,SP2020-class 10,26,1905ADJIIB,,4.1,3.5,4,0,2.7,Not Passed,4.2,,
SP2020,SP2020-class 11,1,1905ADJJDH,,7.1,8,8,5.8,6.6,Passed,2,,
SP2020,SP2020-class 11,2,1905ADJBFJ,,7.8,9,9.5,5.5,7.7,Passed,7.3,,
SP2020,SP2020-class 11,3,1905ADJAHJ,,3.4,5.5,5,6.5,5.4,Passed,6.4,,
SP2020,SP2020-class 11,4,1905ADJDGA,,0,0,0,0,0,Attendance Fail,0,,
SP2020,SP2020-class 11,5,1905ADJADB,,6.3,7.5,8,5.7,6.9,Passed,7.2,,
SP2020,SP2020-class 11,6,1905FCCAG,,7,8.5,7,5,6.7,Passed,6.5,,
SP2020,SP2020-class 11,7,1905ADJAIG,,6.6,7.5,7.5,7.3,7.4,Passed,8,,
SP2020,SP2020-class 11,8,1905ADAJBE,,8.8,9,9,8.3,8.5,Passed,6.5,,
SP2020,SP2020-class 11,9,1905ADJEIG,,1.4,0,0,0,0.2,Attendance Fail,0,,
SP2020,SP2020-class 11,10,1905ADJAHC,,7.9,8.5,8,6,7.5,Passed,7.8,,
SP2020,SP2020-class 11,11,1905ADJAGE,,6.8,7.5,8.5,4.5,6.7,Passed,7.3,,
SP2020,SP2020-class 11,12,1905ADJADA,,0,0,0,0,0,Attendance Fail,0,,
SP2020,SP2020-class 11,13,1905ADJCIA,,0.6,0,0,0,0.1,Attendance Fail,0,,
SP2020,SP2020-class 11,14,1905ADJADC,,8,9,9,6.5,8,Passed,8.3,,
SP2020,SP2020-class 11,15,1905ACJBIB,,0,0,0,0,0,Attendance Fail,0,,
SP2020,SP2020-class 11,16,1905ADJBGF,,7.3,8.5,7.5,6.8,7.3,Passed,6.3,,
SP2020,SP2020-class 11,17,1905ADJAEE,,0.2,0,0,0,0,Attendance Fail,0,,
SP2020,SP2020-class 11,18,1905ADJIID,,8.5,8,7,4.3,6.6,Passed,7.3,,
SP2020,SP2020-class 11,19,1905ADJADH,,5.7,8,7.5,4.3,6.4,Passed,7.5,,
SP2020,SP2020-class 11,20,1905ADAJBC,,7.8,9,8.5,6.2,7.6,Passed,6.9,,
SP2020,SP2020-class 11,21,1905ADJJEJ,,6.5,8.5,8.5,5,6.8,Passed,5.5,,
SP2020,SP2020-class 11,22,1905ADAJII,,8.5,9,8.5,7.7,8.3,Passed,8.3,,
SP2020,SP2020-class 11,23,1905ADJBJH,,7.7,7.5,7,6,6.9,Passed,7.2,,
SP2020,SP2020-class 12,1,1905ACJBGI,,2,0,0,0,0.3,Not Passed,0,,
SP2020,SP2020-class 12,2,1905ADJDBA,,8.6,7.5,6,6.3,7,Passed,7.8,,
SP2020,SP2020-class 12,3,1905ADJDAB,,9.5,7,7,4.8,6.9,Passed,8.5,,
SP2020,SP2020-class 12,4,1905ADJEAB,,9.2,7.5,6.5,4.7,6.7,Passed,7.5,,
SP2020,SP2020-class 12,5,1905ADJHII,,9.9,6,7,5.5,6.8,Passed,7.5,,
SP2020,SP2020-class 12,6,1905ADJJDJ,,9.9,8.5,6.5,5.2,7.1,Passed,7,,
SP2020,SP2020-class 12,7,1905ADJCBA,,8.6,1,5,0,3.5,Not Passed,7.8,,
SP2020,SP2020-class 12,8,1905ADJAHD,,9.5,6.5,5.5,4,6.1,Passed,7.5,,
SP2020,SP2020-class 12,9,1905ADJBEC,,8.8,7,7.5,4.3,6.7,Passed,7.8,,
SP2020,SP2020-class 12,10,1905ADJBBH,,8.7,1,5.5,2.3,4.3,Not Passed,7.8,,
SP2020,SP2020-class 12,11,1905ADJDFH,,7,6,6,4.3,5.7,Passed,6.3,,
SP2020,SP2020-class 12,12,1905ADJDBB,,9.1,9,6,5,6.8,Passed,6.5,,
SP2020,SP2020-class 12,13,1905ADJDFD,,6.9,7.3,5.5,4.8,6,Passed,6.9,,
SP2020,SP2020-class 12,14,1905ADJDHC,,1.6,0,0,0,0.2,Not Passed,0,,
SP2020,SP2020-class 12,15,1905ACJBCC,,9.1,5,5.5,4.5,5.6,Passed,5.4,,
SP2020,SP2020-class 12,16,1905ADJDGD,,8.8,8,7,6.3,7.3,Passed,7.3,,
SP2020,SP2020-class 12,17,1905ADJCAJ,,9.2,7,5.5,4.5,6.1,Passed,5.8,,
SP2020,SP2020-class 12,18,1905ADJGCF,,8.8,6.5,6.5,4,6.2,Passed,7.9,,
SP2020,SP2020-class 12,19,1905ADJBFF,,9.4,6,6,5.5,6.5,Passed,7.8,,
SP2020,SP2020-class 12,20,1905ADJHGB,,9,7.8,7.5,4.5,6.8,Passed,7,,
SP2020,SP2020-class 12,21,1905ADJHFG,,9,7.5,6,7.5,7.6,Passed,9.5,,
SP2020,SP2020-class 12,22,1905ADJJDD,,7.2,5.5,7,2.8,5.5,Not Passed,7,,
SP2020,SP2020-class 12,23,1905ADJCIG,,9.6,7.5,7,3.5,6.5,Not Passed,7.5,,
SP2020,SP2020-class 12,24,1905ADJDFE,,5.6,1,6,3.7,4.3,Not Passed,6,,
SP2020,SP2020-class 12,25,1905ADAAAI,,1.6,0,0,0,0.2,Attendance Fail,0,,
SP2020,SP2020-class 12,26,1905ADJHID,,9.4,5.5,6,3.3,5.8,Not Passed,8.1,,
SP2020,SP2020-class 12,27,1905FCCJI,,0,0,0,0,0,Attendance Fail,0,,
SP2020,SP2020-class 12,28,1905ADJJDF,,6,8.5,7.5,4.3,6.5,Passed,7.4,,
SP2020,SP2020-class 12,29,1905ADJDCH,,8.9,6,6.5,4.8,6.4,Passed,8,,
SP2020,SP2020-class 12,30,1905ADJAEG,,9.8,8,7.5,4.5,7,Passed,7,,
SP2020,SP2020-class 13,1,1905ADJFFD,,7.4,9,8,2.7,6.6,Not Passed,8.6,,
SP2020,SP2020-class 13,2,1905ADJFEE,,8.4,9,8,6.3,7.9,Passed,9.5,,
SP2020,SP2020-class 13,3,1905ADJFFF,,8,9,8,4.3,7.2,Passed,9.1,,
SP2020,SP2020-class 13,4,1905ADJHIC,,8.4,9,9,6,8,Passed,8.8,,
SP2020,SP2020-class 13,5,1905ADJBIC,,8.4,9,8.5,4.2,7.4,Passed,9.4,,
SP2020,SP2020-class 13,6,1905ADAABC,,8.4,9,9,5.8,7.9,Passed,8.9,,
SP2020,SP2020-class 13,7,1905ADAJDB,,8.2,9,8.5,4.8,7.5,Passed,8.6,,
SP2020,SP2020-class 13,8,1905ADJBHJ,,7.6,9,8.5,4.3,7.3,Passed,9.6,,
SP2020,SP2020-class 13,9,1905ADJCGE,,8.4,9,8.5,4.8,7.6,Passed,9.9,,
SP2020,SP2020-class 13,10,1905ADAJDE,,8.4,9,9,5.2,7.6,Passed,7.7,,
SP2020,SP2020-class 13,11,1905ADJEEC,,8,9,8,4.2,7.2,Passed,9.3,,
SP2020,SP2020-class 13,12,1905ADJCFC,,8.4,9,8.5,6.2,7.9,Passed,8.9,,
SP2020,SP2020-class 13,13,1905ADAJIC,,8.4,9,9,5.5,7.8,Passed,8.6,,
SP2020,SP2020-class 13,14,1905ADJDHB,,8.4,9,8.5,5.7,7.8,Passed,9.3,,
SP2020,SP2020-class 13,15,1905ACJCJF,,8.2,9,9,6.5,8.1,Passed,8.4,,
SP2020,SP2020-class 13,16,1905ADJDAG,,8.4,9,8,5,7.5,Passed,9.1,,
SP2020,SP2020-class 13,17,1905ADJECA,,8.4,9,8.5,4.5,7.5,Passed,9.4,,
SP2020,SP2020-class 13,18,1905ADJHCD,,8,9,8.5,8.7,8.6,Passed,8.8,,
SP2020,SP2020-class 13,19,1905ADJCFG,,7.6,9,8,0,5.9,Not Passed,9.5,,
SP2020,SP2020-class 13,20,1905ADJBHC,,8.2,9,9,5.3,7.8,Passed,9.5,,
SP2020,SP2020-class 13,21,1905ADJHCC,,8.4,9,8,5,7.4,Passed,8.6,,
SP2020,SP2020-class 13,22,1905ADJDHJ,,0,0,0,0,0,Attendance Fail,0,,
SP2020,SP2020-class 13,23,1905ADJBIJ,,8.4,9,8.5,4.7,7.6,Passed,9.9,,
SP2020,SP2020-class 13,24,1905ADJDED,,7.6,9,8.5,4.8,7.5,Passed,9.5,,
SP2020,SP2020-class 13,25,1905ADJCFI,,8,9,9,4.8,7.7,Passed,9.6,,
SP2020,SP2020-class 13,26,1905ADJCGI,,8.4,9,8.5,6.8,8.2,Passed,10,,
SP2020,SP2020-class 13,27,1905ADJHDC,,8.2,9,8.5,4,7.3,Passed,8.9,,
SP2020,SP2020-class 14,1,1905ADAJHD,,3.1,0,0,0,0.5,Attendance Fail,0,,
SP2020,SP2020-class 14,2,1905ADJHIJ,,8.1,9,9,6,7.8,Passed,7.4,,
SP2020,SP2020-class 14,3,1905ADJGIG,,7.3,9,8.5,4.5,7.2,Passed,7.9,,
SP2020,SP2020-class 14,4,1905ADJABE,,8.4,9,9,8,8.6,Passed,9.1,,
SP2020,SP2020-class 14,5,1905ADAJBH,,8.8,9,9,7.3,8.3,Passed,7.3,,
SP2020,SP2020-class 14,6,1905ADJGDF,,2.5,0,0,0,0.4,Attendance Fail,0,,
SP2020,SP2020-class 14,7,1905ACJJBG,,1,0,0,0,0.2,Attendance Fail,0,,
SP2020,SP2020-class 14,8,1905ADAJEF,,7.8,8,7.5,6.7,7.5,Passed,8.5,,
SP2020,SP2020-class 14,9,1905ACJCEF,,6.4,9,8,4.5,6.4,Passed,2.5,,
SP2020,SP2020-class 14,10,1905ADJGAJ,,0,0,0,0,0,Attendance Fail,0,,
SP2020,SP2020-class 14,11,1905ADJAIC,,7.3,7,6,4,5.9,Passed,7,,
SP2020,SP2020-class 14,12,1905ADJGJG,,8,9,8,6.2,7.7,Passed,8,,
SP2020,SP2020-class 14,13,1905ADJFEG,,7.3,7,7,4.7,6.4,Passed,7.7,,
SP2020,SP2020-class 14,14,1905ADJHBC,,8.6,9,9,5.3,7.7,Passed,7.8,,
SP2020,SP2020-class 14,15,1905ADJGHD,,8.3,9,9,7.2,8.4,Passed,9.3,,
SP2020,SP2020-class 14,16,1905ADJHHH,,8,5,5,5,5.8,Passed,8.1,,
SP2020,SP2020-class 14,17,1905ADAJGF,,7.9,8.5,8,4.8,7,Passed,6.8,,
SP2020,SP2020-class 14,18,1905ADJHHE,,8.2,9,9,6.2,7.9,Passed,8,,
SP2020,SP2020-class 14,19,1905ADJGJF,,9.3,9,9,7,8.4,Passed,8.9,,
SP2020,SP2020-class 14,20,1905ADJDAF,,0,0,0,0,0,Attendance Fail,0,,
SP2020,SP2020-class 14,21,1905ADJHBH,,8.1,8,8.5,5.5,7.4,Passed,8,,
SP2020,SP2020-class 14,22,1905ADJHHJ,,4.8,6,6,0,4.1,Attendance Fail,6.8,,
SP2020,SP2020-class 14,23,1905ADJHEF,,8.3,9,9,5.7,7.8,Passed,8,,
SP2020,SP2020-class 14,24,1905ADJEGF,,4.5,7,7,4.2,5.7,Passed,5.8,,
SP2020,SP2020-class 14,25,1905ADJFII,,6.7,7.5,8,5,6.8,Passed,8,,
SP2020,SP2020-class 14,26,1905ADJABG,,8,9,8.5,6,7.7,Passed,8.1,,
SP2020,SP2020-class 14,27,1905ADAJAJ,,2.4,0,0,0,0.4,Attendance Fail,0,,
SP2020,SP2020-class 14,28,1905ADAABD,,8.2,8.5,8,5.3,7.3,Passed,7.5,,
SP2020,SP2020-class 14,29,1905ACJBAD,,0,0,0,0,0,Attendance Fail,0,,
SP2020,SP2020-class 14,30,1905ADJFHJ,,7.7,8.5,7,6.5,7.3,Passed,7.9,,
SP2020,SP2020-class 15,1,1905ADJGBJ,,5.7,5.4,4.5,4.2,5,Passed,6.9,,
SP2020,SP2020-class 15,2,1905ADJBDI,,0,0,0,0,0,Attendance Fail,0,,
SP2020,SP2020-class 15,3,1905ADJHGF,,7.6,7.5,6.5,5.2,6.5,Passed,6.8,,
SP2020,SP2020-class 15,4,1905ADJHJJ,,8.2,8.3,7,5,6.9,Passed,7.9,,
SP2020,SP2020-class 15,5,1905ADJIHE,,7.3,7.4,6,5.8,6.4,Passed,6.2,,
SP2020,SP2020-class 15,6,1905ADJFBE,,2.4,1.3,4,0,2.4,Not Passed,7.4,,
SP2020,SP2020-class 15,7,1905ADJHJF,,7.8,7.9,8,6.7,7.5,Passed,7.6,,
SP2020,SP2020-class 15,8,1905ADJFDA,,5.8,7.3,4,5.2,5.5,Passed,5.7,,
SP2020,SP2020-class 15,9,1905ADJEIB,,5.9,5.6,6,4.7,5.6,Passed,6.6,,
SP2020,SP2020-class 15,10,1905ADJEDE,,7.9,8,6.5,7.7,7.4,Passed,6.8,,
SP2020,SP2020-class 15,11,1905ADJGII,,2.8,3.5,0,0,1.1,Not Passed,0,,
SP2020,SP2020-class 15,12,1905ADJHJD,,6.9,7,5,5.2,5.9,Passed,6.8,,
SP2020,SP2020-class 15,13,1905ADAJIE,,8.1,8.3,7,8,7.8,Passed,7.3,,
SP2020,SP2020-class 15,14,1905ADJFCJ,,7.8,8,7,6.7,7.2,Passed,7.2,,
SP2020,SP2020-class 15,15,1905ACJAIB,,0,0,0,0,0,Attendance Fail,0,,
SP2020,SP2020-class 15,16,1905ADJHJH,,6.7,6.6,7,5.7,6.6,Passed,7.8,,
SP2020,SP2020-class 15,17,1905ADJFAJ,,7.7,7.8,7,8.2,7.7,Passed,7.3,,
SP2020,SP2020-class 15,18,1905ADJEDF,,7.8,8,7,5.7,7.1,Passed,8.8,,
SP2020,SP2020-class 15,19,1905ADJHJG,,7.6,7.6,7,4.7,6.5,Passed,7.3,,
SP2020,SP2020-class 15,20,1905ADAJBB,,5.2,6.5,5,3,4.9,Not Passed,6.9,,
SP2020,SP2020-class 15,21,1905ADJIEE,,7.2,7.1,7,4.5,6.4,Passed,7.8,,
SP2020,SP2020-class 15,22,1905ADJIEH,,7.5,7.6,7,4.3,6.3,Passed,6.3,,
SP2020,SP2020-class 15,23,1905ADJJHG,,8.3,8.4,9,8.8,8.6,Passed,8.1,,
SP2020,SP2020-class 15,24,1905ADJIHH,,1.2,1.5,0,0,0.5,Not Passed,0,,
SP2020,SP2020-class 15,25,1905ACJEIF,,1.5,1.9,0,0,0.6,Attendance Fail,0,,
SP2020,SP2020-class 15,26,1905ADJBEI,,1.2,1.5,0,0,0.5,Attendance Fail,0,,
SP2020,SP2020-class 15,27,1905ADJBEG,,1.5,1.9,0,0,0.6,Attendance Fail,0,,
SP2020,SP2020-class 16,1,1905ADJIAF,,7.3,7.4,7,5.2,6.7,Passed,8.1,,
SP2020,SP2020-class 16,2,1905ADAAID,,8.1,8.4,5.5,4.5,6.3,Passed,7.3,,
SP2020,SP2020-class 16,3,1905ADJBJG,,6.1,7.6,7,0,4.2,Not Passed,0,,
SP2020,SP2020-class 16,4,1905ADJIAE,,1.5,1.9,0,0,0.6,Attendance Fail,0,,
SP2020,SP2020-class 16,5,1905ADAABI,,7.8,8,7.5,6.5,7.3,Passed,7.5,,
SP2020,SP2020-class 16,6,1905ADJIGA,,7.8,7.9,7,6.7,7.3,Passed,8.3,,
SP2020,SP2020-class 16,7,1905ADJIHJ,,8.1,8.3,7,6.2,7.3,Passed,7.8,,
SP2020,SP2020-class 16,8,1905ADJBJE,,7.9,8,6.5,7.2,7.2,Passed,6.5,,
SP2020,SP2020-class 16,9,1905FCBBI,,0,0,0,0,0,Attendance Fail,0,,
SP2020,SP2020-class 16,10,1905ADJIGG,,8.2,8.8,8,6.2,7.7,Passed,8.8,,
SP2020,SP2020-class 16,11,1905ADJDEF,,7.9,8.1,6.5,4.7,6.7,Passed,8.8,,
SP2020,SP2020-class 16,12,1905ACJEGE,,1.6,2,4,0,2.4,Not Passed,7.4,,
SP2020,SP2020-class 16,13,1905ADJIJH,,7.2,7.5,6,4.7,6.2,Passed,6.9,,
SP2020,SP2020-class 16,14,1905ADJFIJ,,8,8.1,4.5,6,6.5,Passed,7.3,,
SP2020,SP2020-class 16,15,1905ADAAJB,,7.9,8.1,8,7.7,7.9,Passed,8,,
SP2020,SP2020-class 16,16,1905ACJAHI,,3,3.8,0,0,1.5,Attendance Fail,2.4,,
SP2020,SP2020-class 16,17,1905ADJHEB,,7.2,7.1,5,4,5.7,Passed,7.5,,
SP2020,SP2020-class 16,18,1905ADJBJI,,7.8,7.9,6.5,5,6.6,Passed,7.4,,
SP2020,SP2020-class 16,19,1905ADAJCC,,1.3,1.6,0,0,0.5,Attendance Fail,0,,
SP2020,SP2020-class 16,20,1905ADJAFJ,,8.3,8.5,5,6.3,6.7,Passed,6.4,,
SP2020,SP2020-class 16,21,1905ADJIGB,,7.7,7.8,7,4.7,6.6,Passed,7.1,,
SP2020,SP2020-class 16,22,1905ADAACI,,0,0,0,0,0,Attendance Fail,0,,
SP2020,SP2020-class 16,23,1905ADAAHB,,7.9,8.1,8.5,7,7.9,Passed,8.3,,
SP2020,SP2020-class 16,24,1905ADAABE,,8.4,8.6,9,7.7,8.5,Passed,10,,
SP2020,SP2020-class 16,25,1905ADJIJB,,8,8.3,7,5.3,6.9,Passed,7.3,,
SP2020,SP2020-class 16,26,1905ADAJEG,,7.6,7.8,7,6.3,7,Passed,6.3,,
SP2020,SP2020-class 16,27,1905ADAAJJ,,6.9,6.9,4.5,6.2,6,Passed,6.4,,
SP2020,SP2020-class 16,28,1905ADAABA,,8.1,8.4,9,5.3,7.5,Passed,7.8,,
SP2020,SP2020-class 17,1,1905ADJHJB,,7.7,9,8,6,7.7,Passed,9,,
SP2020,SP2020-class 17,2,1905ADAAJE,,8.6,8,8,6.3,7.7,Passed,9.1,,
SP2020,SP2020-class 17,3,1905ADJFCE,,7.1,8,8,4,6.2,Passed,3.1,,
SP2020,SP2020-class 17,4,1905ADJJGG,,6.7,7,5,3.8,5,Not Passed,2.5,,
SP2020,SP2020-class 17,5,1905ADJFIA,,0,0,0,0,0,Attendance Fail,0,,
SP2020,SP2020-class 17,6,1905ADJFJF,,0,0,0,0,0,Attendance Fail,0,,
SP2020,SP2020-class 17,7,1905ADJEHJ,,6.6,6,6.5,5.2,5.9,Passed,5.5,,
SP2020,SP2020-class 17,8,1905ADJAGB,,7.3,8,9,4.7,7.1,Passed,7.4,,
SP2020,SP2020-class 17,9,1905ADJGIH,,8.1,9,9,4.7,7.4,Passed,6.9,,
SP2020,SP2020-class 17,10,1905ADJAJG,,7.4,8.5,9,7.2,8,Passed,7.5,,
SP2020,SP2020-class 17,11,1905ADAAJH,,7.4,8,8,4.7,6.8,Passed,6.9,,
SP2020,SP2020-class 17,12,1905ADJAGI,,4.4,0,0,0,0.7,Not Passed,0,,
SP2020,SP2020-class 17,13,1905ADJCDA,,8,8,8,6.2,7.3,Passed,6.5,,
SP2020,SP2020-class 17,14,1905ADJFCH,,7.7,9,9,6.3,7.8,Passed,6.8,,
SP2020,SP2020-class 17,15,1905ADJDGC,,5.8,6,5.5,6.7,6.1,Passed,6.9,,
SP2020,SP2020-class 17,16,1905ADJCEC,,4.8,6,5,5.3,5.4,Passed,6.3,,
SP2020,SP2020-class 17,17,1905ADJFDJ,,7.6,8.5,9,5.5,7.5,Passed,8,,
SP2020,SP2020-class 17,18,1905ACJEBE,,0,0,0,0,0,Attendance Fail,0,,
SP2020,SP2020-class 17,19,1905ADJFDH,,1,0,0,0,0.2,Attendance Fail,0,,
SP2020,SP2020-class 17,20,1905ADJJEB,,7.6,8,7,4,6.3,Passed,6.5,,
SP2020,SP2020-class 17,21,1905ADJCCA,,7.9,7,7,5,6.5,Passed,6.6,,
SP2020,SP2020-class 17,22,1905ADJJBE,,6.8,7,6,5.2,6.1,Passed,6.4,,
SP2020,SP2020-class 17,23,1905ADJFJJ,,7.1,8.5,8.5,6.5,7.6,Passed,8,,
SP2020,SP2020-class 17,24,1905ADAJFD,,1.4,0,0,0,0.2,Attendance Fail,0,,
SP2020,SP2020-class 17,25,1905ADJFCF,,6.9,8,9,4,6.8,Passed,7,,
SP2020,SP2020-class 17,26,1905FBCDD,,0,0,0,0,0,Attendance Fail,0,,
SP2020,SP2020-class 18,1,1905ADJCCE,,7.6,5,3,3.7,4.7,Not Passed,7,,
SP2020,SP2020-class 18,2,1905ADJGAI,,6.2,0,0,0,1.3,Not Passed,3.8,,
SP2020,SP2020-class 18,3,1905ADAJIG,,7.8,3,2,5.7,4.6,Not Passed,6.5,,
SP2020,SP2020-class 18,4,1905ADJDJG,,7.6,5,6.5,5.2,6.1,Passed,7.8,,
SP2020,SP2020-class 18,5,1905ADJEJF,,5.4,0,0,0,1.2,Not Passed,4,,
SP2020,SP2020-class 18,6,1905ADAJGJ,,7.8,4,5.5,4.8,5.5,Passed,6.8,,
SP2020,SP2020-class 18,7,1905ADJHGJ,,8.8,6.5,8.5,6.7,7.7,Passed,9.4,,
SP2020,SP2020-class 18,8,1905ADJEJA,,7.8,7,9,8,8,Passed,7.5,,
SP2020,SP2020-class 18,9,1905ADJBHE,,7.6,6,4.5,5.2,5.7,Passed,6.3,,
SP2020,SP2020-class 18,10,1905ADJIEJ,,7.6,4.5,3,5,5.2,Passed,9,,
SP2020,SP2020-class 18,11,1905ADJFIC,,8.6,6,8,8.3,7.9,Passed,8.9,,
SP2020,SP2020-class 18,12,1905ADJDJA,,5.2,0,5.5,0,2.5,Not Passed,3,,
SP2020,SP2020-class 18,13,1905ADJCFJ,,7.8,4,6,4.5,5.7,Passed,8.5,,
SP2020,SP2020-class 18,14,1905ADJFEB,,8.2,6,9,5.8,7.2,Passed,8,,
SP2020,SP2020-class 18,15,1905ADJDCC,,7.6,5.5,7,7.2,6.9,Passed,7.5,,
SP2020,SP2020-class 18,16,1905ADJGBC,,7,4,7,4.8,5.5,Passed,5,,
SP2020,SP2020-class 18,17,1905ADJCBJ,,7.6,4,6,4,5.4,Passed,7.8,,
SP2020,SP2020-class 18,18,1905ADJEEH,,7.2,5,4,4.2,5.1,Passed,7.5,,
SP2020,SP2020-class 18,19,1905ADAJGG,,8.6,5.5,7.5,4,6.3,Passed,8.5,,
SP2020,SP2020-class 18,20,1905ADJFCA,,7.6,4,2,4.7,4.4,Not Passed,5.3,,
SP2020,SP2020-class 18,21,1905ADJEGC,,7.4,4,3.5,4.5,5,Passed,8.6,,
SP2020,SP2020-class 18,22,1905ADAADE,,8.4,5.5,7,5.8,6.7,Passed,8.9,,
SP2020,SP2020-class 18,23,1905ADJCHE,,5.2,0,0,0,0.8,Attendance Fail,0,,
SP2020,SP2020-class 18,24,1905ADJIEA,,6.4,0,0,0,1.3,Not Passed,3.8,,
SP2020,SP2020-class 18,25,1905ADJDID,,8.2,6,7,4.7,6.4,Passed,8,,
SP2020,SP2020-class 18,26,1905ADJIJC,,8.8,5.5,7,5.2,6.7,Passed,9.5,,
SP2021,SP2021-class 1,1,1905ADAJDJ,,,7.5,,5.9,5.7,Passed,8.1,4.5,4
SP2021,SP2021-class 1,2,1905ADJGFB,,,0,,0,0,Attendance Fail,0,0,0
SP2021,SP2021-class 1,3,1905ADJCIA,,,7.5,,5.1,6.3,Passed,7.9,7.3,6
SP2021,SP2021-class 1,4,1905ADJCIB,,,8,,5.5,6,Passed,7.8,7.4,4
SP2021,SP2021-class 1,5,1905ACJEBE,,,0,,0,0.1,Attendance Fail,0,1.3,0
SP2021,SP2021-class 1,6,1905ADJDDF,,,8,,8.8,8.3,Passed,10,7.9,7.5
SP2021,SP2021-class 1,7,1905ADJGCC,,,0,,0,0.1,Attendance Fail,0,1.4,0
SP2021,SP2021-class 1,8,1905ADJDDI,,,7.5,,7.8,6.8,Passed,9.5,7.6,4
SP2021,SP2021-class 1,9,1905ACJEJC,,,0,,0,0.2,Attendance Fail,0,1.5,0
SP2021,SP2021-class 1,10,1905AEJIIH,,,9,,7.8,8.2,Passed,7.4,7.8,8.5
SP2021,SP2021-class 1,11,1905ADJCFG,,,0,,0,0,Attendance Fail,0,0,0
SP2021,SP2021-class 1,12,1905FCCIA,,,0,,0,0.2,Attendance Fail,0,1.5,0
SP2021,SP2021-class 1,13,1905ADJJDD,,,6.5,,4.7,5.2,Passed,8.8,7,3
SP2021,SP2021-class 1,14,1905ACJJEE,,,0,,0,2,Attendance Fail,0,2,6
SP2021,SP2021-class 1,15,1905ADJGFG,,,0,,0,0.1,Attendance Fail,0,1.3,0
SP2021,SP2021-class 1,16,1905AEADJA,,,0,,0,0.4,Not Passed,0,1.3,1
SP2021,SP2021-class 1,17,1905AEJDBB,,,0.5,,0,2.1,Not Passed,9.3,1.3,3
SP2021,SP2021-class 1,18,1905ADJDFE,,,0,,0,0.4,Attendance Fail,0,3.5,0
SP2021,SP2021-class 1,19,1905ADJDAC,,,7,,7.8,6.6,Passed,9,1.5,6
SP2021,SP2021-class 1,20,1905ADJCAD,,,7,,5.7,5.4,Passed,9,5,3
SP2021,SP2021-class 1,21,1905ACJDFG,,,0,,0,0.2,Attendance Fail,0,1.8,0
SP2021,SP2021-class 1,22,1905FCCJI,,,0,,0,0,Attendance Fail,0,0,0
SP2021,SP2021-class 1,23,1905ADAJCB,,,0,,0,0.1,Attendance Fail,0,1.3,0
SP2021,SP2021-class 2,1,1905AEJFCG,,,9,,7.7,8.3,Passed,9.5,8.8,8
SP2021,SP2021-class 2,2,1905ADAJEE,,,7,,3.7,6.3,Not Passed,9.3,7.4,7
SP2021,SP2021-class 2,3,1905ADJFHA,,,6,,4.3,6.1,Passed,9.5,2.2,8
SP2021,SP2021-class 2,4,1905ACJJCB,,,6,,4,5.5,Passed,8.3,6.4,5.5
SP2021,SP2021-class 2,5,1905ADJFBE,,,8,,4.8,6.1,Passed,8.3,6.1,5.5
SP2021,SP2021-class 2,6,1905ACJDEE,,,5,,3,4.4,Not Passed,8.5,4,4
SP2021,SP2021-class 2,7,1905ADJGCE,,,7,,6.7,7.9,Passed,8.3,8.2,9.5
SP2021,SP2021-class 2,8,1905ACJJJB,,,8,,4.3,6.4,Passed,8.8,5.7,7
SP2021,SP2021-class 2,9,1905ADJJFG,,,5,,0,3.2,Not Passed,7.8,4.2,3.5
SP2021,SP2021-class 2,10,1905ACJEBE,,,6,,2.7,4,Not Passed,6,3.3,3.5
SP2021,SP2021-class 2,11,1905ACJJDD,,,7,,5.3,6.6,Passed,9.3,5.8,7
SP2021,SP2021-class 2,12,1905ADJGEF,,,0,,0,0.9,Attendance Fail,4.5,4.8,0
SP2021,SP2021-class 2,13,1905ACJJJF,,,7,,0,5.1,Not Passed,9,6.5,7
SP2021,SP2021-class 2,14,1905FBIEI,,,0,,0,0,Attendance Fail,0,0,0
SP2021,SP2021-class 2,15,1905FCCIA,,,6,,5.5,5.9,Passed,9.3,3.6,6
SP2021,SP2021-class 2,16,1905ACJJEE,,,0,,0,0,Attendance Fail,0,0,0
SP2021,SP2021-class 2,17,1905ADJGFG,,,0,,0,0,Attendance Fail,0,0,0
SP2021,SP2021-class 2,18,1905AEADJA,,,8,,6.2,6.1,Passed,9,5.2,4
SP2021,SP2021-class 2,19,1905ADJJIC,,,7,,4.3,6.1,Passed,7.8,4,7.5
SP2021,SP2021-class 2,20,1905ADJFHH,,,6,,4.5,5.4,Passed,9.5,6.6,4
SP2021,SP2021-class 2,21,1905ACJDHD,,,7,,5.2,6.2,Passed,8.3,7.4,5.5
SP2021,SP2021-class 2,22,1905ADJBEI,,,7,,3.5,5.1,Not Passed,8.5,4.6,4.5
SP2021,SP2021-class 2,23,1905FADCJ,,,0,,0,0.4,Attendance Fail,3.8,0,0
SP2021,SP2021-class 3,1,1905AEJFAH,,,4,,7.6,5.3,Passed,9.3,5.6,2.5
SP2021,SP2021-class 3,2,1905AEACBH,,,8,,7.3,7.2,Passed,10,6.1,6
SP2021,SP2021-class 3,3,1905ADJFGD,,,4,,7,4.5,Not Passed,6.8,2,2.5
SP2021,SP2021-class 3,4,1905AEJFFD,,,8,,8.2,6.9,Passed,10,8.2,3.5
SP2021,SP2021-class 3,5,1905AEABFJ,,,8.5,,6.5,6.5,Passed,8.5,5.4,5
SP2021,SP2021-class 3,6,1905AEABAH,,,4,,5.9,5.3,Passed,9.8,7.4,3.5
SP2021,SP2021-class 3,7,1905AEACJJ,,,8,,7.1,7.3,Passed,9.5,6.6,6.5
SP2021,SP2021-class 3,8,1905AEJGFG,,,4,,5.3,6.2,Passed,10,6.8,7
SP2021,SP2021-class 3,9,1905AEABAC,,,5,,7.6,6.8,Passed,9.8,7.6,6
SP2021,SP2021-class 3,10,1905AEJGGG,,,5,,8.2,5.9,Passed,9.5,7,2.5
SP2021,SP2021-class 3,11,1905AEJGIA,,,4,,6.9,5.4,Passed,9.3,6,3.5
SP2021,SP2021-class 3,12,1905AEJHIF,,,2,,8.2,5.7,Passed,10,7.6,3.5
SP2021,SP2021-class 3,13,1905AEJHIA,,,4,,7,5.5,Passed,9.3,5.8,3.5
SP2021,SP2021-class 3,14,1905AEABIC,,,0,,0,0.4,Attendance Fail,0,4.2,0
SP2021,SP2021-class 3,15,1905AEJDEJ,,,4,,0,2.4,Not Passed,9.5,4.8,0.5
SP2021,SP2021-class 3,16,1905AEABFI,,,8,,6.7,6.8,Passed,10,6.8,5
SP2021,SP2021-class 3,17,1905AEAECC,,,4,,6.6,5.4,Passed,9.5,6.4,3.5
SP2021,SP2021-class 3,18,1905AEJIHG,,,4,,6.1,5.4,Passed,9.4,8.2,3.5
SP2021,SP2021-class 3,19,1905AEJFJA,,,4,,8.8,6.8,Passed,10,8.3,5
SP2021,SP2021-class 3,20,1905ADJGHE,,,3,,6.6,4.4,Not Passed,9.3,5.6,1
SP2021,SP2021-class 3,21,1905AEABFC,,,7,,8.8,7.7,Passed,10,8.1,6
SP2021,SP2021-class 3,22,1905AEJCJA,,,4,,7.3,5.5,Passed,10,7.8,2.5
SP2021,SP2021-class 3,23,1905AEJBFC,,,6,,5.2,4.4,Not Passed,9.3,4.2,1
SP2021,SP2021-class 3,24,1905AEJCIC,,,4,,8.6,5.5,Passed,9.8,6.7,1.5
SP2021,SP2021-class 3,25,1905AEAJIJ,,,7,,8.2,6.1,Passed,10,6.7,2
SP2021,SP2021-class 3,26,1905AEAACJ,,,4,,7.3,6.9,Passed,9.8,6.8,7.5
SP2021,SP2021-class 3,27,1905AEJEBD,,,4,,8.8,5.2,Passed,10,6,0.5
SP2021,SP2021-class 3,28,1905AEJEHB,,,3,,0,2.1,Not Passed,9,4.2,0.5
SP2021,SP2021-class 4,1,1905AEJAHD,,,9,,8.4,8.2,Passed,6.4,7,8.5
SP2021,SP2021-class 4,2,1905ADJEFJ,,,0,,0,0.1,Attendance Fail,0.8,0,0
SP2021,SP2021-class 4,3,1905AEJJEI,,,5,,9,7.5,Passed,6.2,7.8,8
SP2021,SP2021-class 4,4,1905AEJJID,,,9,,8.6,8.9,Passed,7,8.6,10
SP2021,SP2021-class 4,5,1905AEJBBD,,,8,,9.2,8.6,Passed,8.1,7.8,9
SP2021,SP2021-class 4,6,1905AEJBCJ,,,9,,7.3,8.2,Passed,8.9,7.4,8.5
SP2021,SP2021-class 4,7,1905AEJADB,,,0,,0,0,Attendance Fail,0,0,0
SP2021,SP2021-class 4,8,1905AEJBHF,,,3,,6.4,4.5,Not Passed,6.8,4.2,3
SP2021,SP2021-class 4,9,1905AEJBJE,,,10,,7.8,9,Passed,8.4,7.8,10
SP2021,SP2021-class 4,10,1905AEJAIH,,,10,,9.2,9.7,Passed,9.3,10,10
SP2021,SP2021-class 4,11,1905ADAAFG,,,4,,7.6,6.2,Passed,8.1,7.6,5
SP2021,SP2021-class 4,12,1905AEAECA,,,2,,7.3,6.1,Passed,7.4,6.6,7
SP2021,SP2021-class 4,13,1905ADAJCE,,,5,,5.6,4.4,Not Passed,5.2,3,3
SP2021,SP2021-class 4,14,1905AEJBIA,,,9,,6.3,8.1,Passed,7.4,6.6,10
SP2021,SP2021-class 4,15,1905AEJAAB,,,10,,8.2,9.1,Passed,6.8,9.2,10
SP2021,SP2021-class 4,16,1905AEJJDF,,,10,,9.4,9.5,Passed,7.8,9,10
SP2021,SP2021-class 4,17,1905AEJBAC,,,8,,8.2,8.1,Passed,9.4,8.6,7.5
SP2021,SP2021-class 4,18,1905AEJBEF,,,3,,7.8,6.7,Passed,7.2,5.2,8.5
SP2021,SP2021-class 4,19,1905AEJJAF,,,9,,5.9,6.7,Passed,7.3,6,6
SP2021,SP2021-class 4,20,1905ACJDDH,,,10,,7.6,8.4,Passed,6,8.2,9
SP2021,SP2021-class 4,21,1905AEJADC,,,5,,6.3,5.7,Passed,8,8.2,4
SP2021,SP2021-class 4,22,1905AEJAID,,,5,,6.9,7.2,Passed,6.5,8,9
SP2021,SP2021-class 4,23,1905AEJAAE,,,10,,8.2,9.1,Passed,7.4,9,10
SP2021,SP2021-class 4,24,1905AEJJDA,,,7,,5.9,6.9,Passed,7.2,7.8,7.5
SP2021,SP2021-class 4,25,1905AEJJEC,,,10,,9,9.1,Passed,7.5,9.6,9
SP2021,SP2021-class 4,26,1905AEJABD,,,5,,6.5,6.9,Passed,5.5,8.2,8.5
SP2021,SP2021-class 4,27,1905AEJAIE,,,3,,6.9,6.7,Passed,9,8.6,7.5
SP2021,SP2021-class 4,28,1905AEAABH,,,0,,0,0.2,Attendance Fail,1,1.4,0
SP2021,SP2021-class 4,29,1905AEJCAJ,,,4,,7.3,6.9,Passed,7.6,7.2,8
SP2021,SP2021-class 4,30,1905AEJCAA,,,7,,7.6,7.7,Passed,7.5,8.8,8
SP2021,SP2021-class 4,31,1905FADCJ,,,0,,0,0.3,Attendance Fail,2.4,1,0
SP2021,SP2021-class 5,1,1905ADAJHD,,,0,,0,0,Attendance Fail,0,0,0
SP2021,SP2021-class 5,2,1905AEJFDD,,,3,,0,2.5,Not Passed,9.8,6.1,1
SP2021,SP2021-class 5,3,1905ACJEBD,,,3,,5,3.2,Not Passed,3.3,4.9,1
SP2021,SP2021-class 5,4,1905ACJCFC,,,5.5,,5.5,5.1,Passed,9.5,7.9,2
SP2021,SP2021-class 5,5,1905ADJBEE,,,7,,5.7,6,Passed,9.8,8.4,3.5
SP2021,SP2021-class 5,6,1905ADJBID,,,5.5,,7.2,5.2,Passed,8.5,8.3,1
SP2021,SP2021-class 5,7,1905ADAJEE,,,3.5,,7.6,4.9,Not Passed,9.5,6.4,1
SP2021,SP2021-class 5,8,1905AEJJIE,,,0,,0,0,Attendance Fail,0,0,0
SP2021,SP2021-class 5,9,1905ADJAIF,,,7,,8,8.5,Passed,9.5,8.7,9.5
SP2021,SP2021-class 5,10,1905AEJJIJ,,,6,,4.7,5.8,Passed,9.5,5.8,5.5
SP2021,SP2021-class 5,11,1905AEJEFJ,,,9,,10,9.8,Passed,10,9.7,10
SP2021,SP2021-class 5,12,1905ACJFFH,,,3,,0,1.8,Not Passed,3.5,5.1,1
SP2021,SP2021-class 5,13,1905AEJHAD,,,3,,0,2.4,Not Passed,9.3,5.9,1
SP2021,SP2021-class 5,14,1905AEJAAH,,,8.5,,9,9.2,Passed,10,9.7,9.5
SP2021,SP2021-class 5,15,1905ADJAFC,,,5.5,,7.1,5.8,Passed,8.8,7.8,3
SP2021,SP2021-class 5,16,1905ADJDDB,,,3.5,,7.6,5,Passed,9.8,5.6,1.5
SP2021,SP2021-class 5,17,1905AEJBAE,,,8.5,,8.4,8.7,Passed,9.8,6.8,9.5
SP2021,SP2021-class 5,18,1905ACJBGC,,,0,,0,0,Attendance Fail,0,0,0
SP2021,SP2021-class 5,19,1905AEJIEH,,,4,,6.1,5.3,Passed,9.5,8.2,3
SP2021,SP2021-class 5,20,1905ADJHDD,,,0,,3.6,1.8,Not Passed,0,4.5,1
SP2021,SP2021-class 5,21,1905ADJBAJ,,,0,,0,0,Attendance Fail,0,0,0
SP2021,SP2021-class 5,22,1905ADJCAH,,,0,,0,0,Attendance Fail,0,0,0
SP2021,SP2021-class 5,23,1905AEJCEJ,,,6,,5.7,5.7,Passed,9.6,6.4,4
SP2021,SP2021-class 5,24,1905ADAAJA,,,3.5,,4.6,3.4,Not Passed,4,6.5,1
SP2021,SP2021-class 5,25,1905ACJAHC,,,0,,0,0,Attendance Fail,0,0,0
SP2021,SP2021-class 5,26,1905ADJFCD,,,0,,0,0,Attendance Fail,0,0,0
SP2021,SP2021-class 5,27,1905ADJFHH,,,0,,0,0.6,Not Passed,0,3.4,1
SP2021,SP2021-class 5,28,1905AEJEFA,,,9,,9.2,9.5,Passed,10,9.3,10
SP2021,SP2021-class 5,29,1905ADAJDG,,,4,,7.6,5,Passed,8.8,6.2,1.5
SP2021,SP2021-class 6,1,1905AEJFBB,,,7.5,,7.3,6.6,Passed,9.3,7.7,4
SP2021,SP2021-class 6,2,1905AEJFBD,,,7,,7.3,6.9,Passed,9,7.1,5.5
SP2021,SP2021-class 6,3,1905AEJFCD,,,5,,5.2,4.7,Not Passed,4.3,4.8,4
SP2021,SP2021-class 6,4,1905AEJFFB,,,5,,6.3,5.6,Passed,8.3,5.7,4.5
SP2021,SP2021-class 6,5,1905AEJFEC,,,7,,5.5,6.7,Passed,9.5,6.4,7
SP2021,SP2021-class 6,6,1905AEJCGJ,,,0,,0,0.7,Attendance Fail,4,2.8,0
SP2021,SP2021-class 6,7,1905AEJDHC,,,8.5,,6.7,7.6,Passed,9,5.5,8
SP2021,SP2021-class 6,8,1905AEJCIF,,,8.5,,8.6,8.1,Passed,8.8,6.8,7.5
SP2021,SP2021-class 6,9,1905AEJEEE,,,7.5,,5.3,6,Passed,7,5.4,5.5
SP2021,SP2021-class 6,10,1905ADJBBH,,,0,,0,0.5,Attendance Fail,4.5,0,0
SP2021,SP2021-class 6,11,1905AEJCCB,,,8,,8,7.2,Passed,8.8,8.4,5
SP2021,SP2021-class 6,12,1905AEJDBJ,,,8.5,,8.2,8,Passed,9,6.8,7.5
SP2021,SP2021-class 6,13,1905AEJDIH,,,8,,8,7.7,Passed,9.3,7,7
SP2021,SP2021-class 6,14,1905AEJDDC,,,7.5,,7.6,7.4,Passed,9,7.2,6.5
SP2021,SP2021-class 6,15,1905AEJDID,,,8,,5.9,7.1,Passed,9,7.6,7
SP2021,SP2021-class 6,16,1905AEJFIA,,,7,,5.9,6,Passed,7.8,7.2,4.5
SP2021,SP2021-class 6,17,1905ADJJCA,,,0,,0,0,Attendance Fail,0,0,0
SP2021,SP2021-class 6,18,1905AEJEGH,,,7.5,,8,7.7,Passed,9.3,6.4,7.5
SP2021,SP2021-class 6,19,1905AEJEBE,,,7.5,,7.3,7.5,Passed,9.3,8.2,7
SP2021,SP2021-class 6,20,1905AEJDHJ,,,8,,6.3,6.6,Passed,9,7.1,5
SP2021,SP2021-class 6,21,1905AEJCEC,,,8,,5.9,7.2,Passed,9.3,6.2,7.5
SP2021,SP2021-class 6,22,1905ACJCHC,,,5,,4.2,4.2,Not Passed,8.5,3.6,2.5
SP2021,SP2021-class 6,23,1905AEJEJJ,,,8,,8,8.1,Passed,9.5,8.6,7.5
SP2021,SP2021-class 6,24,1905AEJEDG,,,7.5,,7.8,7.5,Passed,9.3,8,6.5
SP2021,SP2021-class 6,25,1905ADJIFI,,,5,,4.9,5.1,Passed,8.8,5.4,4
SP2021,SP2021-class 6,26,1905AEJEJC,,,8,,6.9,7.6,Passed,9.8,7.3,7.5
SP2021,SP2021-class 6,27,1905AEJEDH,,,8,,7.1,6.3,Passed,9,6.4,3.5
SP2021,SP2021-class 6,28,1905ADJGCI,,,7.5,,5.5,6.2,Passed,8,5.8,5.5
SP2021,SP2021-class 7,1,1905AEJFHA,,,9,,7.3,8.1,Passed,9.6,7.8,8
SP2021,SP2021-class 7,2,1905AEJFII,,,9,,6.1,8.1,Passed,9.6,8.4,9
SP2021,SP2021-class 7,3,1905AEJGAE,,,9,,8.8,9.3,Passed,9.6,9.1,10
SP2021,SP2021-class 7,4,1905AEJGEE,,,9,,5.5,7.5,Passed,9.1,7.4,8
SP2021,SP2021-class 7,5,1905AEJGIC,,,8,,5.1,7.1,Passed,8.7,7.2,8
SP2021,SP2021-class 7,6,1905AEACJC,,,8,,7.1,7.8,Passed,9.2,7.7,8
SP2021,SP2021-class 7,7,1905AEJHBI,,,9,,9,9.3,Passed,9.2,9,10
SP2021,SP2021-class 7,8,1905AEJHDJ,,,9,,7.3,8.9,Passed,9.6,9,10
SP2021,SP2021-class 7,9,1905AEJHEA,,,8,,8.4,8,Passed,8,7,8
SP2021,SP2021-class 7,10,1905AEJHEG,,,9,,7.8,8.3,Passed,9.8,7.4,8
SP2021,SP2021-class 7,11,1905AEJHEF,,,9,,8.4,8.2,Passed,7.3,8,8
SP2021,SP2021-class 7,12,1905AEJHFD,,,9,,9.2,9.5,Passed,9.9,9.1,10
SP2021,SP2021-class 7,13,1905ADJGGA,,,8,,2.4,6.1,Not Passed,6,7.4,8
SP2021,SP2021-class 7,14,1905AEJHIE,,,9,,6.3,7.7,Passed,9.4,7.2,8
SP2021,SP2021-class 7,15,1905AEJHIJ,,,9,,8,8.3,Passed,9.1,7.8,8
SP2021,SP2021-class 7,16,1905AEJIJG,,,8,,6.3,7.6,Passed,9.8,7.8,8
SP2021,SP2021-class 7,17,1905AEAECF,,,9,,8.4,8.9,Passed,9.6,8.7,9
SP2021,SP2021-class 7,18,1905AEJIBB,,,8,,6.5,7.5,Passed,8.7,7,8
SP2021,SP2021-class 7,19,1905AEJIAH,,,9,,5.3,7.8,Passed,8.6,8.6,9
SP2021,SP2021-class 7,20,1905AEJIHD,,,9,,9.8,9.5,Passed,8.7,9,10
SP2021,SP2021-class 7,21,1905AEJIID,,,8,,7.1,7.8,Passed,9.4,7,8
SP2021,SP2021-class 7,22,1905AEAJAB,,,9,,7.6,8.6,Passed,9.6,8.6,9
SP2021,SP2021-class 7,23,1905AEAJJI,,,8,,7.3,8.2,Passed,9.4,7.2,9
SP2021,SP2021-class 7,24,1905AEAJJE,,,9,,5.1,7.6,Passed,7.8,7.8,9
SP2021,SP2021-class 7,25,1905AEABDE,,,8,,7.1,7.9,Passed,8.1,7,9
SP2021,SP2021-class 7,26,1905FBIEI,,,0,,0,0,Attendance Fail,0,0,0
SP2021,SP2021-class 7,27,1905AEAJBH,,,9,,7.8,8.2,Passed,9.3,7.6,8
SP2021,SP2021-class 7,28,1905AEAJCG,,,9,,8.2,8.6,Passed,8,8,9
SP2021,SP2021-class 7,29,1905AEAJFG,,,9,,8.2,8.4,Passed,9.4,8.2,8
SP2021,SP2021-class 7,30,1905AEAECI,,,9,,8.6,8.5,Passed,9.4,8,8
SP2021,SP2021-class 7,31,1905AEABFF,,,8,,7.6,8,Passed,8.9,8.2,8
SP2021,SP2021-class 8,1,1905AEABAJ,,,8,,5.1,6.5,Passed,6.5,7.6,6.5
SP2021,SP2021-class 8,2,1905AEABFD,,,8,,6.7,7.4,Passed,7,8.6,7.5
SP2021,SP2021-class 8,3,1905AEABCH,,,0,,0,0,Attendance Fail,0,0,0
SP2021,SP2021-class 8,4,1905AEJGAC,,,10,,8.2,9.2,Passed,8.5,8.5,10
SP2021,SP2021-class 8,5,1905AEAAIH,,,8.5,,6.9,8.3,Passed,7.3,7.7,10
SP2021,SP2021-class 8,6,1905AEAAID,,,8,,6.5,7,Passed,6.9,7.7,6.5
SP2021,SP2021-class 8,7,1905AEABIJ,,,10,,8.6,8.4,Passed,7.7,8.2,7.5
SP2021,SP2021-class 8,8,1905AEABID,,,8,,6.1,7.7,Passed,7.9,8,9
SP2021,SP2021-class 8,9,1905ACJGEI,,,6,,4,5.7,Passed,6.3,7.4,6.5
SP2021,SP2021-class 8,10,1905AEAAII,,,9.5,,6.1,7.1,Passed,7.8,6.7,6.5
SP2021,SP2021-class 8,11,1905AEABAG,,,8,,7.6,7.4,Passed,7.2,8.3,6.5
SP2021,SP2021-class 8,12,1905AEJBBJ,,,6.3,,5.3,6.1,Passed,6.7,6.5,6.5
SP2021,SP2021-class 8,13,1905ACJBDH,,,6,,7.6,6.7,Passed,5.5,7.7,6.5
SP2021,SP2021-class 8,14,1905AEABJJ,,,9.5,,7.6,8.4,Passed,7.4,7.8,9
SP2021,SP2021-class 8,15,1905AEABIE,,,10,,9,8.5,Passed,8,7.9,7.5
SP2021,SP2021-class 8,16,1905AEABIH,,,9,,6.1,7,Passed,7.1,6,6.8
SP2021,SP2021-class 8,17,1905AEABGC,,,8.5,,5.5,7,Passed,7.4,8.2,7
SP2021,SP2021-class 8,18,1905AEAAIF,,,8.3,,6.7,7.2,Passed,7.3,8.3,6.5
SP2021,SP2021-class 8,19,1905AEABAD,,,8,,7.3,7.2,Passed,7,7.5,6.5
SP2021,SP2021-class 8,20,1905AEABDD,,,8.3,,6.3,7,Passed,6.5,8.1,6.5
SP2021,SP2021-class 8,21,1905FCBFE,,,0,,0,0,Attendance Fail,0,0,0
SP2021,SP2021-class 8,22,1905ADJECD,,,7,,6.7,6.8,Passed,6.4,7.8,6.5
SP2021,SP2021-class 8,23,1905AEACJH,,,9.5,,7.8,7.7,Passed,6.9,8,6.5
SP2021,SP2021-class 8,24,1905AEAJHB,,,9.5,,9.2,9.2,Passed,8.1,7.2,10
SP2021,SP2021-class 8,25,1905AEAJHJ,,,8,,7.8,7.3,Passed,7.3,7.1,6.5
SP2021,SP2021-class 8,26,1905AEAJIB,,,8,,6.5,7,Passed,7.4,7.4,6.5
SP2021,SP2021-class 8,27,1905AEAABG,,,10,,8.4,9.3,Passed,9.3,8.6,10
SP2021,SP2021-class 8,28,1905AEABEG,,,0,,0,0,Not Passed,0,0,0
SP2021,SP2021-class 8,29,1905AEAACD,,,9,,6.9,7.8,Passed,8,8.3,7.5
SP2021,SP2021-class 8,30,1905AEAAFA,,,8,,4.5,6.4,Passed,7.5,7.1,6.5
SP2021,SP2021-class 8,31,1905ADJDDD,,,0,,0,0,Attendance Fail,0,0,0
SP2021,SP2021-class 9,1,1905AEADDC,,,8,,6.1,7,Passed,8,8.3,6.5
SP2021,SP2021-class 9,2,1905AEADAI,,,8,,6.7,7.3,Passed,6.4,7.8,7.5
SP2021,SP2021-class 9,3,1905AEACFD,,,9,,5.3,6.8,Passed,7.5,7.1,6.5
SP2021,SP2021-class 9,4,1905ACJCJJ,,,0,,0,0,Attendance Fail,0,0,0
SP2021,SP2021-class 9,5,1905AEACAA,,,8,,6.5,7.9,Passed,7.7,8.9,9
SP2021,SP2021-class 9,6,1905AEACBI,,,6.5,,6.9,6.8,Passed,7,7.7,6.5
SP2021,SP2021-class 9,7,1905AEJEDJ,,,10,,9.6,9.8,Passed,9.3,9.5,10
SP2021,SP2021-class 9,8,1905ADJDII,,,6,,5.9,6.3,Passed,6.5,7.8,6.5
SP2021,SP2021-class 9,9,1905ADJFAH,,,0,,0,0,Attendance Fail,0,0,0
SP2021,SP2021-class 9,10,1905AEAECB,,,0,,0,0,Attendance Fail,0,0,0
SP2021,SP2021-class 9,11,0305ADJFFI,,,7.5,,6.7,7.4,Passed,4.8,7.5,9
SP2021,SP2021-class 9,12,1905ADJADG,,,6,,5.3,6.1,Passed,6.7,6.7,6.5
SP2021,SP2021-class 9,13,1905AEADHH,,,10,,8.6,9.3,Passed,9.3,8.4,10
SP2021,SP2021-class 9,14,1905ADJHHD,,,6,,7.1,5.4,Passed,7,7.7,2
SP2021,SP2021-class 9,15,1905AEADJG,,,10,,0,2.9,Not Passed,3.5,5.7,0
SP2021,SP2021-class 9,16,1905AEACCI,,,9,,6.7,8.6,Passed,9.3,8.5,10
SP2021,SP2021-class 9,17,1905AEACJI,,,6,,6.3,7.3,Passed,8,7.4,9
SP2021,SP2021-class 9,18,1905ADAAEC,,,6,,7.1,6.7,Passed,7.2,6.6,6.5
SP2021,SP2021-class 9,19,1905AEAECH,,,10,,8.6,9.3,Passed,8.8,8.5,10
SP2021,SP2021-class 9,20,1905AEAEBJ,,,10,,7.8,7.9,Passed,8.5,8.1,6.5
SP2021,SP2021-class 9,21,1905AEACCD,,,9,,6.7,7.2,Passed,7,7.9,6.5
SP2021,SP2021-class 9,22,0405AFJJJC,,,9,,8.6,8.6,Passed,7.8,7.8,9
SP2021,SP2021-class 9,23,1905AEADIH,,,7,,7.8,7.3,Passed,8,7.9,6.5
SP2021,SP2021-class 9,24,1905AEAEAH,,,8,,6.3,7,Passed,7.3,8.1,6.5
SP2021,SP2021-class 9,25,1905AEACDD,,,8,,7.8,8.4,Passed,9.3,8.6,9
SP2022,SP2022-class 1,1,1905AFABHG,,,0,,0,0,Attendance Fail,0,0,0
SP2022,SP2022-class 1,2,1905AEJDGA,,,7,,7.6,6.8,Passed,10,9.2,4
SP2022,SP2022-class 1,3,1905ADJAGH,,,8,,0,3.5,Not Passed,10,8.6,0
SP2022,SP2022-class 1,4,1905AEACHF,,,0,,0,0.4,Not Passed,0,4,0
SP2022,SP2022-class 1,5,1905AEJGJI,,,8,,6.6,8,Passed,10,9,8.4
SP2022,SP2022-class 1,6,1905AEJGJF,,,8.5,,6.6,6.7,Passed,10,9.2,3.8
SP2022,SP2022-class 1,7,1905AEJJEA,,,7,,0,3.1,Not Passed,9,7.7,0
SP2022,SP2022-class 1,8,1905AFADGD,,,8.5,,7.4,6,Passed,10,9.2,0.6
SP2022,SP2022-class 1,9,1905AFJBBD,,,0,,0,0,Attendance Fail,0,0,0
SP2022,SP2022-class 1,10,1905AFJDDJ,,,8,,7.6,7.8,Passed,10,8.6,6.8
SP2022,SP2022-class 1,11,1905AEJECB,,,9,,9,8.9,Passed,10,9.6,8.1
SP2022,SP2022-class 1,12,1905AFJDBA,,,9,,7.8,6.7,Passed,10,9.5,2
SP2022,SP2022-class 1,13,1905AFAGJD,,,0,,0,0,Attendance Fail,0,0,0
SP2022,SP2022-class 1,14,1905AFJJDC,,,9,,9,9.2,Passed,10,10,9
SP2022,SP2022-class 1,15,1905AFJJIA,,,9,,9,9.1,Passed,10,10,8.6
SP2022,SP2022-class 1,16,0305AFJCJB,,,7,,4,5.3,Passed,10,8.2,3
SP2022,SP2022-class 1,17,1905ADJHFE,,,8.5,,5.4,6.6,Passed,10,9,4.5
SP2022,SP2022-class 1,18,1905AEJFAC,,,9,,0,3.7,Not Passed,10,9.2,0
SP2022,SP2022-class 1,19,1905ADAJFA,,,8,,4.4,5.2,Passed,9.5,10,1
SP2022,SP2022-class 1,20,1905AFJCEI,,,9.5,,8,6.6,Passed,10,9.7,1
SP2022,SP2022-class 1,21,1905AEJDFF,,,8.5,,7.6,6.1,Passed,9.8,10,0.4
SP2022,SP2022-class 1,22,1905AFJDDD,,,9,,8.6,8.6,Passed,10,10,7.5
SP2022,SP2022-class 1,23,1905AEABHE,,,5,,0,2.1,Not Passed,1,10,0
SP2022,SP2022-class 1,24,1905AFJJBB,,,8,,5.6,6,Passed,9.5,8.2,3
SP2022,SP2022-class 1,25,1905AFJGEI,,,8,,6.2,6.9,Passed,10,7.5,5.5
SP2022,SP2022-class 2,1,1905AFABAG,,,6,,7.6,7.2,Passed,9.4,8,6.6
SP2022,SP2022-class 2,2,1905AFJCHC,,,4.5,,0,2.5,Not Passed,9.3,6.9,0
SP2022,SP2022-class 2,3,1905AFAFHJ,,,4.5,,8.4,7.8,Passed,9.6,7.8,8.8
SP2022,SP2022-class 2,4,1905AFABHJ,,,6,,7.6,6.3,Passed,9.2,9,3.5
SP2022,SP2022-class 2,5,1905AFAHIE,,,0,,0,0,Attendance Fail,0,0,0
SP2022,SP2022-class 2,6,1905AFJHGB,,,8.5,,8.6,8.8,Passed,9.8,10,8.4
SP2022,SP2022-class 2,7,1905AFJHFH,,,8.5,,8.6,9.1,Passed,10,9.8,9.3
SP2022,SP2022-class 2,8,1905AFJIDF,,,6,,8.6,7.3,Passed,9.2,7.5,6.2
SP2022,SP2022-class 2,9,1905AFBJJG,,,7.5,,9,8.1,Passed,9.8,9.4,6.5
SP2022,SP2022-class 2,10,1905AFAJEB,,,6,,0,4.6,Not Passed,9,7.8,5.8
SP2022,SP2022-class 2,11,1905AFAAGJ,,,6,,7.8,8.1,Passed,9.3,8.4,9.3
SP2022,SP2022-class 2,12,1905AFAEJH,,,7,,0,3.3,Not Passed,9.8,9.6,0
SP2022,SP2022-class 2,13,1905AEJHJC,,,6,,0,2.9,Not Passed,9.4,7.4,0
SP2022,SP2022-class 2,14,1905AFAJCC,,,8.5,,8.8,8.3,Passed,9.4,10,6.8
SP2022,SP2022-class 2,15,1905AFAGJC,,,7.5,,7.4,6.5,Passed,9.4,9.6,3
SP2022,SP2022-class 2,16,1905AFADEC,,,7,,4.8,6.8,Passed,9.7,9.3,6.9
SP2022,SP2022-class 2,17,1905AFAAAF,,,8.5,,9.4,9.5,Passed,10,10,10
SP2022,SP2022-class 2,18,1905AFAJIG,,,8.5,,8.6,8.7,Passed,9.3,9.7,8.3
SP2022,SP2022-class 2,19,1905AEJBEG,,,8.5,,8.2,8,Passed,10,9.6,6.4
SP2022,SP2022-class 2,20,1905AEJJED,,,0,,0,1.1,Not Passed,4.2,7,0
SP2022,SP2022-class 2,21,1905AFAJHE,,,7.5,,6.4,7.4,Passed,9.5,9.6,7
SP2022,SP2022-class 2,22,1905AFADFD,,,7,,5.4,7,Passed,9.6,9.1,6.9
SP2022,SP2022-class 2,23,1905AFJJEB,,,8.5,,9,9,Passed,9.3,9.9,9
SP2022,SP2022-class 2,24,1905AFAAGE,,,8.5,,7.8,8.1,Passed,9.4,10,6.9
SP2022,SP2022-class 2,25,1905AFJJBG,,,8.5,,8,6.5,Passed,8.5,9.3,2.2
SP2022,SP2022-class 2,26,1905AFACJD,,,8.5,,8.8,9,Passed,10,10,8.8
SP2022,SP2022-class 2,27,1905AFADFG,,,0,,0,0,Not Passed,0,0,0
SP2022,SP2022-class 2,28,1905AFJIGJ,,,8.5,,9.2,6.7,Passed,9.8,9.7,1
SP2022,SP2022-class 2,29,1905AFAHGF,,,7,,8.4,8.6,Passed,9.9,9.6,9
SP2022,SP2022-class 2,30,1905AEAADD,,,0,,0,0.1,Not Passed,0,1.4,0
SP2022,SP2022-class 2,31,1905AFJEFA,,,7.5,,8.6,8.3,Passed,9.7,9.4,7.8
SP2022,SP2022-class 2,32,1919ADJCBH,,,0,,0,0,Not Passed,0,0,0
SP2022,SP2022-class 3,1,1905AFAJGJ,,,9,,4.5,6.9,Passed,7.8,8.2,7.3
SP2022,SP2022-class 3,2,1905AFAGJB,,,6,,5.8,6.3,Passed,8.8,6.4,6
SP2022,SP2022-class 3,3,1905AEJGHH,,,8,,4.7,6.4,Passed,8.4,6.6,6.3
SP2022,SP2022-class 3,4,1905AFBJDB,,,8,,5.8,7.2,Passed,7.9,7.4,7.8
SP2022,SP2022-class 3,5,1905AEJHJC,,,6,,4.8,5.6,Passed,6.8,6.2,5.5
SP2022,SP2022-class 3,6,1905AFJIEC,,,6,,0,2.9,Not Passed,6.8,6.6,1.3
SP2022,SP2022-class 3,7,1905AFADJH,,,6,,4.8,6.2,Passed,8.5,6.2,6.8
SP2022,SP2022-class 3,8,1905AFABDD,,,8,,5.2,6.9,Passed,8.2,6,7.8
SP2022,SP2022-class 3,9,1905AFJHDE,,,8,,5.8,5.7,Passed,7.8,6.8,3
SP2022,SP2022-class 3,10,1905AEJHGC,,,9,,6.2,6,Passed,9.5,7.4,2
SP2022,SP2022-class 3,11,1905AEJHIC,,,0,,0,0.2,Attendance Fail,0,2.4,0
SP2022,SP2022-class 3,12,1905AFAACG,,,9,,5,6.9,Passed,8.7,8.2,6.5
SP2022,SP2022-class 3,13,1905AFJAGJ,,,8,,6.7,8,Passed,8.4,7.4,9.5
SP2022,SP2022-class 3,14,1905AFAFGA,,,6,,4.7,6.1,Passed,6.4,6.8,7.3
SP2022,SP2022-class 3,15,1905AFJIHE,,,6,,0,2.6,Not Passed,6,7.2,0.2
SP2022,SP2022-class 3,16,1905ADJCID,,,6,,0,2.4,Not Passed,6.7,5,0
SP2022,SP2022-class 3,17,1905AEAJBE,,,8,,4.5,6.6,Passed,8.3,7.8,6.9
SP2022,SP2022-class 3,18,1905AEAJDA,,,8,,5.8,6.2,Passed,3.3,5,6.8
SP2022,SP2022-class 3,19,1905AFJBGH,,,5,,0,3.2,Not Passed,8.7,4.8,3
SP2022,SP2022-class 3,20,1905AFAFCH,,,9,,5.3,6.8,Passed,7,6,6.9
SP2022,SP2022-class 3,21,1905ACJEDF,,,8,,4.2,6.6,Passed,7,8,7.3
SP2022,SP2022-class 3,22,1905ADJGJD,,,9,,5,6.1,Passed,6.7,6.8,5
SP2022,SP2022-class 3,23,1905FADCJ,,,6,,5,5.8,Passed,8,3.4,6.5
SP2022,SP2022-class 3,24,1905AEAAHE,,,9,,5,6.2,Passed,7.9,7,4.8
SP2022,SP2022-class 4,1,1905AFJEGH,,,6,,5.6,6.4,Passed,8.9,6.4,6.5
SP2022,SP2022-class 4,2,1905AFAJHH,,,8,,7.4,8.3,Passed,8.9,8.8,9.2
SP2022,SP2022-class 4,3,1905ADJBBA,,,6,,0,2.3,Not Passed,6.9,4,0
SP2022,SP2022-class 4,4,1905AEAEBD,,,0,,0,0,Attendance Fail,0,0.4,0
SP2022,SP2022-class 4,5,1905AFJHHG,,,9,,8.2,7.6,Passed,8.4,8,5.5
SP2022,SP2022-class 4,6,1905AFJJFH,,,10,,8.6,9.3,Passed,9.2,9.2,9.5
SP2022,SP2022-class 4,7,1905AFJACG,,,8.5,,5.2,6.5,Passed,6.4,6,6.8
SP2022,SP2022-class 4,8,1905AFJBDA,,,8.5,,7.4,6.7,Passed,9.2,6.4,4
SP2022,SP2022-class 4,9,1905AFAABJ,,,9,,8.2,7,Passed,7.4,8,4
SP2022,SP2022-class 4,10,1905AFABGD,,,7,,6.6,6.4,Passed,8,7.6,4.8
SP2022,SP2022-class 4,11,1905AFJCJI,,,0,,0,0,Attendance Fail,0,0,0
SP2022,SP2022-class 4,12,1905AFAJDH,,,7.5,,0,1.5,Not Passed,0,0,0
SP2022,SP2022-class 4,13,1905ACJEBE,,,0,,0,0,Attendance Fail,0,0,0
SP2022,SP2022-class 4,14,1905AFJADI,,,7,,0,2.5,Not Passed,8.9,2,0
SP2022,SP2022-class 4,15,1905AFAAAH,,,8.5,,6.6,6.5,Passed,7.7,6.4,4.7
SP2022,SP2022-class 4,16,1905AEJBCI,,,0,,0,0,Attendance Fail,0,0.4,0
SP2022,SP2022-class 4,17,1905AFJJHE,,,7,,0,2.3,Not Passed,7.6,1.6,0
SP2022,SP2022-class 4,18,1905AFAJIE,,,9,,7.6,8,Passed,8.5,8.2,7.5
SP2022,SP2022-class 4,19,1905AEJEAG,,,7,,6.6,5.3,Passed,7,5.2,2.3
SP2022,SP2022-class 4,20,1905AFACHB,,,7.5,,6.8,6.9,Passed,7.3,4.7,7.2
SP2022,SP2022-class 4,21,1905AEAAGE,,,0,,0,0.1,Attendance Fail,0,0.6,0
SP2022,SP2022-class 4,22,1905AFJCFE,,,7,,8.4,7.5,Passed,6.7,8.4,6.8
SP2022,SP2022-class 4,23,1905AFJHCJ,,,9,,6.8,6.9,Passed,8.3,7.4,5
SP2022,SP2022-class 4,24,1905AFAJFD,,,8,,8.6,7.4,Passed,6.8,8.4,5.6
SP2022,SP2022-class 5,1,1905AFAFDH,,,4.5,,0,2.5,Not Passed,7.1,9,0
SP2022,SP2022-class 5,2,1905AFJHFJ,,,7,,8,8.5,Passed,9.2,9.8,9.5
SP2022,SP2022-class 5,3,1905AFBJHE,,,5.5,,7.2,5.3,Passed,8.2,8.8,1
SP2022,SP2022-class 5,4,1905AFBADG,,,10,,8.8,9.3,Passed,9.4,9.4,9.3
SP2022,SP2022-class 5,5,1905AEJGEH,,,8.5,,8,6.9,Passed,9.2,8.7,3.3
SP2022,SP2022-class 5,6,1905AEJGGJ,,,6.5,,7.2,4.9,Not Passed,6.2,8,0
SP2022,SP2022-class 5,7,1905AFAEFE,,,8.5,,6.2,5.3,Passed,7.1,7.6,0.8
SP2022,SP2022-class 5,8,1905AFAEAE,,,8.5,,5,5.8,Passed,6.8,6.9,4
SP2022,SP2022-class 5,9,1905AFAGFB,,,10,,7.8,8.7,Passed,9.6,9.6,8.1
SP2022,SP2022-class 5,10,1905AFJHIJ,,,6.5,,8.4,6.8,Passed,8.2,7.8,4.7
SP2022,SP2022-class 5,11,1905AFAJJD,,,4.5,,7.2,5.1,Passed,7.3,7.9,1.9
SP2022,SP2022-class 5,12,1905AEJIEA,,,8.5,,4.8,6.9,Passed,8.5,8.4,7
SP2022,SP2022-class 5,13,1905AEJIEF,,,6.5,,8.4,6.2,Passed,7.1,7.6,3
SP2022,SP2022-class 5,14,0405AFJJBF,,,0,,0,0,Attendance Fail,0,0,0
SP2022,SP2022-class 5,15,1905AFAGAC,,,8.5,,8,8.1,Passed,8.4,8.7,7.7
SP2022,SP2022-class 5,16,1905AFAEGE,,,8.5,,0,3.3,Not Passed,7.4,8.5,0
SP2022,SP2022-class 5,17,1905AFAEHB,,,8.5,,7.6,8.1,Passed,6.8,8.2,8.8
SP2022,SP2022-class 5,18,1905AFABJJ,,,9,,7.8,7.8,Passed,9,9.3,6.1
SP2022,SP2022-class 5,19,1905AFAADH,,,8.5,,8,7.7,Passed,6.8,7.8,7.1
SP2022,SP2022-class 5,20,1905AFJIBB,,,6.5,,7.2,6.7,Passed,6.7,9.5,5.3
SP2022,SP2022-class 5,21,1905AEAJDA,,,6.5,,7.2,4.9,Not Passed,6.8,7.3,0
SP2022,SP2022-class 5,22,0805AFJHEG,,,7.5,,0,2.1,Not Passed,0,5.9,0
SP2022,SP2022-class 5,23,1905AFADEG,,,10,,8.8,9.3,Passed,9.7,9.4,9.3
SP2022,SP2022-class 5,24,1905AFBAIF,,,10,,9.2,9.3,Passed,9.6,9,8.8
SP2022,SP2022-class 5,25,1905AFBAEF,,,8.5,,7.4,5.9,Passed,7.8,9.1,1
SP2022,SP2022-class 5,26,1905AFAFDI,,,8.5,,7,7.1,Passed,6.8,7.7,6.2
SP2022,SP2022-class 5,27,1905AEJDAH,,,8.5,,8.6,7.5,Passed,7.7,9,5.1
SP2022,SP2022-class 5,28,1905AFAGAE,,,6.5,,7.4,6.9,Passed,5.9,7.3,7
SP2022,SP2022-class 5,29,1905AFJIAG,,,6.5,,7.6,7.3,Passed,8.3,9.7,6.5
SP2022,SP2022-class 5,30,1905AFAIDC,,,7.5,,2.4,3.7,Not Passed,7.1,7.9,0
SP2022,SP2022-class 6,1,1905AFBJAH,,,8,,5.8,5.7,Passed,8.6,6.4,3
SP2022,SP2022-class 6,2,1905AEAEBB,,,8,,6.6,7.4,Passed,8.5,7.3,7.5
SP2022,SP2022-class 6,3,1905AFBJHB,,,6,,7.4,5.4,Passed,9.4,7.2,1
SP2022,SP2022-class 6,4,1905AFBAJB,,,6,,7.8,6.7,Passed,9.4,7.5,5
SP2022,SP2022-class 6,5,1905AFBJIB,,,6,,6.8,5.5,Passed,8.2,6.2,2.6
SP2022,SP2022-class 6,6,1905AFBJDC,,,7,,0,2.8,Not Passed,7.2,6.7,0
SP2022,SP2022-class 6,7,1905AFAIIH,,,9,,8.8,9,Passed,8.3,9.2,9.2
SP2022,SP2022-class 6,8,1905AFBJDJ,,,9,,7,8.1,Passed,8.2,9,8.1
SP2022,SP2022-class 6,9,1905AFAIIA,,,5,,5.2,6.7,Passed,7.5,8.8,8.5
SP2022,SP2022-class 6,10,1905AFBJEJ,,,5,,9,7.3,Passed,8.9,7.8,6.3
SP2022,SP2022-class 6,11,1905AFBJAE,,,6,,7.4,5.4,Passed,9.6,7.2,1
SP2022,SP2022-class 6,12,1905AFBJDB,,,9,,0,3.6,Not Passed,9.2,8.9,0
SP2022,SP2022-class 6,13,1905AFJEEH,,,0,,0,1.1,Not Passed,4.2,6.6,0
SP2022,SP2022-class 6,14,1905AFJHDE,,,6,,0,2.8,Not Passed,8.9,4.4,1
SP2022,SP2022-class 6,15,1905AFBJAI,,,9,,4.4,5.3,Passed,8.1,7.6,2
SP2022,SP2022-class 6,16,1905AFBJGB,,,5,,8.8,7.5,Passed,8.4,7.8,7.6
SP2022,SP2022-class 6,17,1905AFBJCD,,,5,,6.2,4.4,Not Passed,7.6,7,0.4
SP2022,SP2022-class 6,18,1905AFBJCI,,,7,,0,2.6,Not Passed,6.9,5,0
SP2022,SP2022-class 6,19,1905AFBJHH,,,9,,0,3.6,Not Passed,8.5,9.6,0
SP2022,SP2022-class 6,20,1905AFJEHC,,,7,,8.8,7.2,Passed,9.4,8.7,4.5
SP2022,SP2022-class 6,21,1905AFBJJA,,,6,,4.2,5.9,Passed,7.6,4.7,7.2
SP2022,SP2022-class 6,22,1905AFAIIC,,,8,,6,6.1,Passed,8.3,9.4,3
SP2022,SP2022-class 6,23,1905AFBJGA,,,7,,4.4,6.5,Passed,9,8.3,6.8
SP2022,SP2022-class 6,24,1905AFBJDF,,,5,,7.4,6.8,Passed,9,8.4,6
SP2022,SP2022-class 6,25,1905AFBJDA,,,9,,7,8.1,Passed,8.6,9.6,8.1
SP2022,SP2022-class 6,26,1905AFBJJJ,,,5,,6,5.6,Passed,7.6,8.4,4
SP2022,SP2022-class 6,27,1905AFBJAA,,,9,,8.8,8.9,Passed,9,9.5,8.8
SP2022,SP2022-class 6,28,1905AFBJHA,,,6,,7.8,5.8,Passed,9.1,8.4,1.7
SP2022,SP2022-class 6,29,1905AFBJCA,,,8,,7.4,8.3,Passed,8.1,9,9.3
SP2022,SP2022-class 6,30,1905AEAADJ,,,5,,8,7.4,Passed,8.8,7.8,7.9
SP2022,SP2022-class 6,31,1905AFBJAC,,,9,,8.6,8.5,Passed,9,9.4,7.5
SP2022,SP2022-class 7,1,1905AFAFIF,,,6.5,,8.6,6.8,Passed,8.1,9.3,3.8
SP2022,SP2022-class 7,2,1905AFBACB,,,6.5,,7.2,5.3,Passed,6.9,8.5,1
SP2022,SP2022-class 7,3,1905ACJFFB,,,0,,0,0,Attendance Fail,0,0,0
SP2022,SP2022-class 7,4,1905AFAHIC,,,8.5,,6,6.7,Passed,8.2,8.4,5.1
SP2022,SP2022-class 7,5,1905AFAGDI,,,8.5,,8.2,8.1,Passed,8.4,9.6,7.2
SP2022,SP2022-class 7,6,1905AFAFHE,,,6.5,,0,3.9,Not Passed,8.9,7.8,3
SP2022,SP2022-class 7,7,1905AFAHHD,,,8.5,,0,3.2,Not Passed,7.3,7.7,0
SP2022,SP2022-class 7,8,1905AFAGJB,,,6.5,,0,2.8,Not Passed,6.2,8.5,0
SP2022,SP2022-class 7,9,1905ADAAJD,,,10,,7.2,6.8,Passed,8,6.6,3.8
SP2022,SP2022-class 7,10,1905AFAIFG,,,5.5,,8.8,8,Passed,8.7,8.5,8.4
SP2022,SP2022-class 7,11,1905AFAIDG,,,5.5,,0,2.4,Not Passed,5.9,6.8,0
SP2022,SP2022-class 7,12,1905AFAIHJ,,,0,,0,0,Attendance Fail,0,0,0
SP2022,SP2022-class 7,13,1905AFBACJ,,,6.5,,8.2,6.4,Passed,8.4,8.5,3
SP2022,SP2022-class 7,14,1905AFJHBH,,,0,,0,0,Attendance Fail,0,0,0
SP2022,SP2022-class 7,15,1905AFAIFD,,,8.5,,8.6,6.9,Passed,8.2,9,3
SP2022,SP2022-class 7,16,1905AFAHBJ,,,10,,8.6,7.6,Passed,9.1,9.5,4
SP2022,SP2022-class 7,17,1905ACJGGA,,,0,,0,0,Attendance Fail,0,0,0
SP2022,SP2022-class 7,18,1905AFAGCA,,,5.5,,7,6.9,Passed,5.9,9,7.5
SP2022,SP2022-class 7,19,1905AFAICB,,,8.3,,8.4,7,Passed,8,8.9,3.8
SP2022,SP2022-class 7,20,1905AFAIEA,,,8.5,,4.2,5.2,Passed,5.3,6.5,3.7
SP2022,SP2022-class 7,21,1905AFJHCB,,,8.5,,5.2,5.5,Passed,5.9,7.8,3
SP2022,SP2022-class 7,22,1905AFAGAA,,,5.5,,8.2,7.8,Passed,7.8,8.6,8.7
SP2022,SP2022-class 7,23,1905AFAHBF,,,9.8,,9,9.2,Passed,9.4,9.6,8.8
SP2022,SP2022-class 7,24,1905AFAFIA,,,5.5,,7.6,7.5,Passed,8.9,9.3,7.6
SP2022,SP2022-class 7,25,1905AFAIGF,,,5.5,,5.6,5.4,Passed,5.9,7.3,4.3
SP2022,SP2022-class 7,26,1905AFAGDH,,,6.5,,7.2,7,Passed,7.4,9.7,6.1
SP2022,SP2022-class 7,27,1905AFAIHD,,,8.5,,6.2,6.2,Passed,8.4,8.1,3.2
SP2022,SP2022-class 7,28,1905AEAABF,,,8.5,,6.8,6.6,Passed,6.2,7.5,5
SP2022,SP2022-class 7,29,1905AFAGBC,,,5.5,,7.6,6.9,Passed,5.9,9.3,6.5
SP2022,SP2022-class 7,30,1905FADCJ,,,0,,0,0,Attendance Fail,0,0,0
SP2022,SP2022-class 8,1,1905AFAEJJ,,,6,,5.6,5.8,Passed,7.1,7.9,4.7
SP2022,SP2022-class 8,2,1905AFADGC,,,6,,6.2,5.1,Passed,8.8,8.3,1
SP2022,SP2022-class 8,3,1905AEJFCD,,,0,,0,0.6,Attendance Fail,3.6,2.5,0
SP2022,SP2022-class 8,4,1905AFADHA,,,7.5,,5,5.8,Passed,7.1,7.2,4.5
SP2022,SP2022-class 8,5,1905AFAEAA,,,6,,8.4,6.2,Passed,8.3,7.8,3
SP2022,SP2022-class 8,6,1905AFAEBH,,,5,,6.6,5.7,Passed,8.2,7.2,4
SP2022,SP2022-class 8,7,1905AFBACE,,,8,,6.6,6.7,Passed,7.5,6.8,5.6
SP2022,SP2022-class 8,8,1905AFAEBF,,,1,,0,1.2,Attendance Fail,4.4,5.7,0
SP2022,SP2022-class 8,9,1905AFAEHF,,,7,,7.8,6.8,Passed,7.4,8.5,4.9
SP2022,SP2022-class 8,10,1905AFADFC,,,1,,0,2,Not Passed,7.1,7.9,1
SP2022,SP2022-class 8,11,1905AFAEBA,,,5,,6,5.8,Passed,8.5,6.9,4.8
SP2022,SP2022-class 8,12,1905AFADIH,,,9,,8.6,9.2,Passed,9.6,9.7,9.5
SP2022,SP2022-class 8,13,1905AFADFI,,,7,,8,7.5,Passed,9.2,8.5,6.5
SP2022,SP2022-class 8,14,1905AFAFGA,,,1,,0,1.6,Not Passed,8.1,6.2,0
SP2022,SP2022-class 8,15,1905AFBADF,,,7,,7.6,6.7,Passed,9.1,8.9,4
SP2022,SP2022-class 8,16,1905AFAEJF,,,8,,8,7,Passed,8.7,8.7,4.3
SP2022,SP2022-class 8,17,1905AFAEJE,,,6,,8.2,7,Passed,8.9,8.7,5.4
SP2022,SP2022-class 8,18,1905AFAEAB,,,8,,6.8,5.9,Passed,8.3,8.5,2
SP2022,SP2022-class 8,19,1905AFBACD,,,8,,5,6.6,Passed,7.9,6.1,7
SP2022,SP2022-class 8,20,1905AFBAEJ,,,7,,9,8.5,Passed,8.3,9.4,8.6
SP2022,SP2022-class 8,21,1905ADJDDA,,,9,,0,3.2,Not Passed,7.1,6.5,0
SP2022,SP2022-class 8,22,1905AFAFCH,,,0,,0,0.4,Attendance Fail,4.2,0,0
SP2022,SP2022-class 8,23,1905AFADIJ,,,7.5,,7.2,5.3,Passed,6.6,7.1,1
SP2022,SP2022-class 9,1,1905AFACGJ,,,8,,8.8,8,Passed,7.3,7.8,7.5
SP2022,SP2022-class 9,2,1905AFACHC,,,6,,6.8,5,Passed,7.3,7.3,1.1
SP2022,SP2022-class 9,3,1905AFADEH,,,5,,7.8,5.3,Passed,8,7.4,1.3
SP2022,SP2022-class 9,4,1905AFABBG,,,7,,6.2,5.7,Passed,7.5,7.4,3
SP2022,SP2022-class 9,5,1905AEJGEA,,,6,,7.2,6.5,Passed,2.8,6.6,7.3
SP2022,SP2022-class 9,6,1905AFABGA,,,5.5,,5,4.5,Not Passed,7.3,6.6,1.7
SP2022,SP2022-class 9,7,1905AFACJH,,,7,,4,5.5,Passed,6.5,7.8,4.8
SP2022,SP2022-class 9,8,1905AFADEJ,,,8,,6,5.7,Passed,6,7.4,3.3
SP2022,SP2022-class 9,9,1905AFACHA,,,7,,7.6,7.3,Passed,8,7.8,6.8
SP2022,SP2022-class 9,10,1905AFADJD,,,9,,0,3.3,Not Passed,8,7.2,0
SP2022,SP2022-class 9,11,1905AFABDD,,,7,,0,3,Not Passed,8.5,7.3,0
SP2022,SP2022-class 9,12,1905AFACGD,,,7,,7.4,6.1,Passed,6.5,7.2,3.8
SP2022,SP2022-class 9,13,1905AFABFB,,,5.5,,8.2,6.5,Passed,7.3,7.3,5
SP2022,SP2022-class 9,14,1905AFABGF,,,7,,6.2,5.1,Passed,8,5.8,1.5
SP2022,SP2022-class 9,15,1905AFABCI,,,5.5,,7.6,6.1,Passed,8.3,6.9,4
SP2022,SP2022-class 9,16,1905AFADCH,,,0,,0,0,Attendance Fail,0,0,0
SP2022,SP2022-class 9,17,1905AFABGE,,,7,,7.8,8.3,Passed,9.3,8.4,9.3
SP2022,SP2022-class 9,18,1905AFADDH,,,8,,0,3.1,Not Passed,7.3,7.6,0
SP2022,SP2022-class 9,19,1905AFADBC,,,0,,0,0.6,Attendance Fail,0,6.2,0
SP2022,SP2022-class 9,20,1905AFADJF,,,6,,0,2.6,Not Passed,7.5,6.1,0
SP2022,SP2022-class 9,21,1905AFJIHH,,,5,,6.8,6.3,Passed,7,7.4,6.2
SP2022,SP2022-class 9,22,1905AFABIJ,,,5,,8.2,7.5,Passed,8.3,8.2,7.9
SP2022,SP2022-class 9,23,1905AFABEF,,,5.5,,6,6.2,Passed,8.3,7.7,5.6
SP2022,SP2022-class 9,24,1905AFAAIC,,,5.5,,7.2,6.6,Passed,6.8,7.3,6.6
SP2022,SP2022-class 9,25,1905AFACGH,,,7,,6.6,5.9,Passed,8,7,3.3
SP2022,SP2022-class 9,26,1905AFABEC,,,6,,5.8,5,Passed,6.5,5.4,3
SP2022,SP2022-class 9,27,1905AFACBE,,,6,,8,7.7,Passed,9,8.4,8
SP2022,SP2022-class 9,28,1905AFACIH,,,7,,5.6,5,Passed,7.8,8,1.3
SP2022,SP2022-class 9,29,1905AFACJC,,,0,,0,0.4,Attendance Fail,0,3.6,0
SP2022,SP2022-class 9,30,1905AFACBA,,,6,,8,7.7,Passed,8.5,8.4,8.1
SP2022,SP2022-class 10,1,1905AFABBC,,,8.5,,8.4,7.2,Passed,9.4,7,4.6
SP2022,SP2022-class 10,2,1905AFAAFD,,,8,,7.2,6.7,Passed,7.7,7.2,4.7
SP2022,SP2022-class 10,3,1905AFJIGF,,,8,,4,5.9,Passed,8,6.8,5.5
SP2022,SP2022-class 10,4,1905AFJEIE,,,7.5,,9,8.6,Passed,8.5,8.6,8.8
SP2022,SP2022-class 10,5,1905AFAABE,,,8,,6.4,3.9,Not Passed,2,1.4,0
SP2022,SP2022-class 10,6,1905AFAJEG,,,8,,7.8,7.5,Passed,7,6.8,7.3
SP2022,SP2022-class 10,7,1905AFAAJI,,,8,,7.4,8.1,Passed,7.8,7,9.5
SP2022,SP2022-class 10,8,1905AFAJJI,,,8,,6,6.3,Passed,7,7,5
SP2022,SP2022-class 10,9,1905AFAJHA,,,9,,6.8,6.8,Passed,7.7,7.4,4.9
SP2022,SP2022-class 10,10,1905AFAJBA,,,8.5,,6,6.4,Passed,7.7,7,4.8
SP2022,SP2022-class 10,11,1905AEJHDG,,,8,,8,8.3,Passed,9.7,7.2,8.8
SP2022,SP2022-class 10,12,1905AFAAJD,,,8,,7.4,7.1,Passed,8.2,7.1,6
SP2022,SP2022-class 10,13,1905AFAJFH,,,8.5,,8.4,8.6,Passed,9.2,8.1,8.8
SP2022,SP2022-class 10,14,1905AEJHIB,,,8,,8,8.1,Passed,9.2,7.4,8.3
SP2022,SP2022-class 10,15,1905AFAACG,,,9,,0,3.5,Not Passed,8.7,8.2,0
SP2022,SP2022-class 10,16,1905AFAJGH,,,8.5,,7.6,7.3,Passed,8.5,7.4,5.9
SP2022,SP2022-class 10,17,1905AFAAAB,,,8.5,,6.8,7.3,Passed,8.3,7.1,6.8
SP2022,SP2022-class 10,18,1905AFAACI,,,8.5,,7.6,6.9,Passed,8.4,7.2,4.5
SP2022,SP2022-class 10,19,1905AEJIAI,,,7,,0,2.2,Attendance Fail,2.8,5.6,0
SP2022,SP2022-class 10,20,1905AEJEGF,,,7,,3.8,2.5,Not Passed,0,0,0
SP2022,SP2022-class 10,21,1905FBIEI,,,0,,0,0,Attendance Fail,0,0,0
SP2022,SP2022-class 10,22,1905AFAJJA,,,8,,7,5.4,Passed,7.4,7,0.8
SP2022,SP2022-class 10,23,1905AFJIHB,,,8,,8,7,Passed,6.4,7.6,5.4
SP2022,SP2022-class 10,24,1905AFAJIA,,,8.5,,6.8,7.7,Passed,9.5,7.8,7.3
SP2022,SP2022-class 10,25,1905AFAJBB,,,8,,7.4,6.8,Passed,8.3,6.8,4.8
SP2022,SP2022-class 11,1,1905AEADIB,,,7.3,,8.2,7,Passed,8.1,7.1,5.3
SP2022,SP2022-class 11,2,1905ADJEIA,,,8.2,,6.6,7.5,Passed,9.6,8.2,7.1
SP2022,SP2022-class 11,3,1905AEJFFH,,,5,,0,1.3,Attendance Fail,0,3.1,0
SP2022,SP2022-class 11,4,1905AEADGD,,,6.7,,8.2,8.2,Passed,8.2,6.9,9.5
SP2022,SP2022-class 11,5,1905AEJEFF,,,5.2,,0,2.3,Not Passed,7.8,5.3,0
SP2022,SP2022-class 11,6,1905AEACIG,,,7.3,,7,7.2,Passed,7.1,7.4,7.2
SP2022,SP2022-class 11,7,1905AEACID,,,7.8,,6.6,7.7,Passed,8.7,7.9,8.3
SP2022,SP2022-class 11,8,1905AFJBCD,,,8.8,,7.2,7.8,Passed,9.7,9.2,6.5
SP2022,SP2022-class 11,9,1905AEADGI,,,5,,7.4,5.7,Passed,5,4.6,5
SP2022,SP2022-class 11,10,1905AEADBH,,,6.2,,7,4.7,Not Passed,8.2,5.1,0
SP2022,SP2022-class 11,11,1905AEACGI,,,4.7,,0,1.8,Not Passed,5.3,2.9,0
SP2022,SP2022-class 11,12,1905AEJHDB,,,7,,6.8,5.2,Passed,8,6.6,1
SP2022,SP2022-class 11,13,1905AEADBF,,,5.8,,0,2.4,Not Passed,7.7,5.1,0
SP2022,SP2022-class 11,14,0805AFCCFD,,,8.8,,8,8.8,Passed,9.1,9,9.5
SP2022,SP2022-class 11,15,1905ADJCBE,,,6.8,,6,5,Passed,5.2,7,2
SP2022,SP2022-class 11,16,1905AEJIGB,,,8.5,,8.2,7.5,Passed,7.4,8.7,5.9
SP2022,SP2022-class 11,17,1905AFAFCE,,,0,,0,0,Attendance Fail,0,0,0
SP2022,SP2022-class 11,18,1905AEJIIG,,,7.8,,8.2,7.9,Passed,8.2,8.6,7.5
SP2022,SP2022-class 11,19,1905AEAEJC,,,4.7,,0,1.5,Not Passed,2.8,3,0
SP2022,SP2022-class 11,20,1905AEAJBC,,,8.3,,8.8,8.7,Passed,10,9.6,8
SP2022,SP2022-class 11,21,1905AEAJDB,,,5.5,,9,7.2,Passed,7.2,6.3,7
SP2022,SP2022-class 11,22,1905AEABEH,,,5.3,,0,1.3,Not Passed,0,1.9,0
SP2022,SP2022-class 11,23,1905AEAJGI,,,5.3,,7,5.3,Passed,7.1,5.2,3
SP2022,SP2022-class 11,24,1905AFJFJD,,,8.2,,8.8,8.4,Passed,10,8.3,7.8
SP2022,SP2022-class 11,25,1905AEJEDF,,,6.7,,6.4,6.6,Passed,9.4,7,5.6
SP2022,SP2022-class 11,26,1905AFJIJJ,,,0,,0,0,Attendance Fail,0,0,0
SP2022,SP2022-class 11,27,1905AEAAGC,,,8,,7,7.4,Passed,7,8.2,7.3
SP2022,SP2022-class 11,28,1905AEAAHE,,,7.5,,0,3.1,Not Passed,8.5,7.9,0
SP2022,SP2022-class 11,29,1905AEAEAI,,,8,,8,8.2,Passed,8.5,8.7,8.3
SP2022,SP2022-class 12,1,1905AEJFHB,,,5.5,,7.8,7,Passed,8.6,5.8,7.2
SP2022,SP2022-class 12,2,1905AEJFIF,,,7.1,,0,2.2,Not Passed,2.3,5.3,0
SP2022,SP2022-class 12,3,1905AFAABC,,,1.5,,8.2,5.1,Passed,4.3,1.2,6
SP2022,SP2022-class 12,4,1905AEJFHI,,,6.8,,7.2,6.4,Passed,6.4,6.1,5.5
SP2022,SP2022-class 12,5,1905AFJDJI,,,8.5,,8.2,7.1,Passed,9.4,8,4
SP2022,SP2022-class 12,6,1905AEJCCE,,,8.1,,8,7.1,Passed,7.7,7.8,5.2
SP2022,SP2022-class 12,7,1905AFAEDA,,,7.1,,7.8,7,Passed,7.3,6.8,6.1
SP2022,SP2022-class 12,8,1905AFJIDA,,,9,,8.6,8.8,Passed,9.5,9.3,8.3
SP2022,SP2022-class 12,9,1905AEJGIH,,,5.4,,6,5.8,Passed,8.1,6.4,4.8
SP2022,SP2022-class 12,10,1905AFAEDH,,,6.5,,8.6,7.5,Passed,8.4,6.2,7.2
SP2022,SP2022-class 12,11,1905AFAEDJ,,,7.6,,7.8,7,Passed,8.2,7.2,5.3
SP2022,SP2022-class 12,12,1905AEJHFC,,,2,,0,0.6,Attendance Fail,0,1.8,0
SP2022,SP2022-class 12,13,1905AFJHEG,,,8.8,,8.6,8.8,Passed,9.2,9.2,8.8
SP2022,SP2022-class 12,14,1905AEJHHD,,,5.6,,8,6.1,Passed,5.9,3.5,5.5
SP2022,SP2022-class 12,15,1905AFBAFE,,,7.9,,8,7.8,Passed,5.9,7.6,8.3
SP2022,SP2022-class 12,16,1905AEJACE,,,6.6,,5.6,5.6,Passed,7.2,6.7,3.9
SP2022,SP2022-class 12,17,1905AEJECG,,,0,,0,0,Attendance Fail,0,0,0
SP2022,SP2022-class 12,18,1905AEJICG,,,1.8,,0,0.5,Attendance Fail,0,1.4,0
SP2022,SP2022-class 12,19,1905AFAGDC,,,7,,8,6.8,Passed,4.5,5.8,6.5
SP2022,SP2022-class 12,20,1905AFAEEB,,,7.1,,8.6,7.2,Passed,8.8,6.1,5.8
SP2022,SP2022-class 12,21,1905AFAEFJ,,,0,,0,1.8,Not Passed,3,0,5.1
SP2022,SP2022-class 12,22,1905AEJEIA,,,7.3,,6.2,6.8,Passed,7.2,7.6,6.5
SP2022,SP2022-class 12,23,1905AFAABG,,,7.9,,7.2,5.7,Passed,8.6,6.7,1.5
SP2022,SP2022-class 12,24,1905AEAJFH,,,8.8,,9,8.9,Passed,9.2,9.1,8.6
SP2022,SP2022-class 12,25,1905AFAFAA,,,6.5,,7,6.5,Passed,5.6,5.7,6.6
SP2022,SP2022-class 12,26,1905AFAFCJ,,,0,,0,0,Attendance Fail,0,0,0
SP2022,SP2022-class 12,27,1905AEAJGA,,,8.8,,9.2,8.8,Passed,9,8.8,8.4
SP2022,SP2022-class 12,28,1905AFAEDF,,,5.5,,6.8,5.6,Passed,6.3,4.5,4.7
SP2022,SP2022-class 12,29,1905AEAJGG,,,8.1,,7.2,7.6,Passed,9.2,8.9,6.8
SP2022,SP2022-class 12,30,1905AFJBJH,,,8.9,,8.6,8.9,Passed,9.5,9.2,8.8
SP2022,SP2022-class 13,1,1905AEAEAB,,,7.5,,6.6,5.6,Passed,3.4,2.6,5
SP2022,SP2022-class 13,2,1905AFJHGE,,,9,,8.6,8.6,Passed,9.4,8,8.3
SP2022,SP2022-class 13,3,1905AFJAAI,,,8.5,,8,7.9,Passed,7.1,7.4,7.8
SP2022,SP2022-class 13,4,1905AFJJJA,,,8.5,,8.2,8.5,Passed,8.9,7.2,9.2
SP2022,SP2022-class 13,5,1905AFJJCC,,,8.5,,9.6,9.1,Passed,8.9,7.6,9.5
SP2022,SP2022-class 13,6,1905AFJJID,,,7,,8,8.2,Passed,8.2,8.8,9
SP2022,SP2022-class 13,7,1905AEJAGH,,,8.5,,5.6,7.7,Passed,6.7,9,9.1
SP2022,SP2022-class 13,8,1905AFJAJC,,,8,,6.2,6.5,Passed,3.3,9.2,6
SP2022,SP2022-class 13,9,1905AFJAIJ,,,6.5,,8.4,7.1,Passed,7.9,8.4,5.6
SP2022,SP2022-class 13,10,1905ADJGFB,,,6.5,,8,5.3,Passed,6,3.9,2.1
SP2022,SP2022-class 13,11,1905AFJADA,,,8,,8.6,8.6,Passed,8.9,9.6,8.7
SP2022,SP2022-class 13,12,1905AFJHGG,,,9,,9,9.2,Passed,9.4,8.8,9.5
SP2022,SP2022-class 13,13,1905AFJJHF,,,0,,0,0,Attendance Fail,0,0,0
SP2022,SP2022-class 13,14,1905AFJAEE,,,8.5,,8.2,8.3,Passed,8.2,8.8,8
SP2022,SP2022-class 13,15,1905AFJGFG,,,8,,7.4,7.4,Passed,7.2,5.6,7.8
SP2022,SP2022-class 13,16,1905AFJACF,,,8.5,,7.8,6.9,Passed,8.4,9.2,3.8
SP2022,SP2022-class 13,17,1905AFJADB,,,8.5,,8.2,8.8,Passed,8.7,10,9.3
SP2022,SP2022-class 13,18,1905AFJJII,,,0,,0,0,Attendance Fail,0,0,0
SP2022,SP2022-class 13,19,1905ADJDFE,,,0,,0,0,Attendance Fail,0,0,0
SP2022,SP2022-class 13,20,1905AFJAJE,,,7,,7.2,6.1,Passed,8.7,9.1,2.5
SP2022,SP2022-class 13,21,1905ACJEDF,,,6.5,,0,2.9,Attendance Fail,3.3,0,4.3
SP2022,SP2022-class 13,22,1905AEJECI,,,0,,0,0,Attendance Fail,0,0,0
SP2022,SP2022-class 13,23,1905AEAAEJ,,,9,,8.8,8.4,Passed,6.9,7.1,8.4
SP2022,SP2022-class 13,24,1905ADJBEI,,,6.5,,0,3.1,Not Passed,5.8,0,4
SP2022,SP2022-class 13,25,1905AEABEC,,,5,,6.6,4.2,Not Passed,6.2,6,0
SP2022,SP2022-class 13,26,1905AFJDCF,,,6,,0,1.2,Attendance Fail,0,0,0
SP2022,SP2022-class 14,1,1905AFJEAG,,,7.5,,6.6,6.2,Passed,6.4,1,6.6
SP2022,SP2022-class 14,2,1905AFJBJI,,,0,,0,0,Attendance Fail,0,0,0
SP2022,SP2022-class 14,3,1905AFJCHE,,,7,,7.8,6.5,Passed,6.5,4.8,5.3
SP2022,SP2022-class 14,4,1905AFJDJH,,,7.5,,7.8,6.1,Passed,7.9,6.8,2.6
SP2022,SP2022-class 14,5,1905ADJEHH,,,7.5,,5.2,5.6,Passed,8.1,5.2,4
SP2022,SP2022-class 14,6,1905AFJCJF,,,9,,8.6,7.1,Passed,6.5,8.6,4.1
SP2022,SP2022-class 14,7,1905AFJFJA,,,7,,9,8.5,Passed,9.1,6.8,9.3
SP2022,SP2022-class 14,8,1905AFJDJA,,,7,,7.2,4.9,Not Passed,6.8,4,1
SP2022,SP2022-class 14,9,1905AFJAIE,,,8.5,,7.2,7.8,Passed,8,7.5,8
SP2022,SP2022-class 14,10,1919AEJFDJ,,,0,,0,0,Attendance Fail,0,0,0
SP2022,SP2022-class 14,11,1905AFAIHI,,,7.5,,9.2,8.7,Passed,7.9,8.6,9.3
SP2022,SP2022-class 14,12,1905AFJCGF,,,9,,8.2,8.4,Passed,6.8,7.6,8.9
SP2022,SP2022-class 14,13,1905AFJBDJ,,,8,,9,8.8,Passed,9,8.4,9.3
SP2022,SP2022-class 14,14,1905AFJBJD,,,0,,0,0,Attendance Fail,0,0,0
SP2022,SP2022-class 14,15,1905AFJBGG,,,8,,8.6,7.4,Passed,8.5,6,5.9
SP2022,SP2022-class 14,16,1905AFJJFE,,,8,,8.2,7.1,Passed,9,6.8,4.9
SP2022,SP2022-class 14,17,1905AFJDAD,,,8.5,,7.8,6.3,Passed,8.4,6.8,2.4
SP2022,SP2022-class 14,18,1905AFJEAJ,,,7,,0,1.4,Not Passed,0,0,0
SP2022,SP2022-class 14,19,1905AFJDAI,,,8.5,,8.2,7,Passed,8.1,7.6,4.3
SP2022,SP2022-class 14,20,1905AFJDBE,,,7.5,,0,4,Not Passed,0,4.8,6.8
SP2022,SP2022-class 14,21,1905AFAIHG,,,8,,8.8,8.8,Passed,8.4,9.2,9.3
SP2022,SP2022-class 14,22,1905AFJCAA,,,9,,8.6,6.8,Passed,9.2,8.4,2.3
SP2022,SP2022-class 14,23,1905AFJCDC,,,8.5,,7.4,7.9,Passed,7.9,7.4,8
SP2022,SP2022-class 14,24,1905AFJEAF,,,8,,7.2,7.4,Passed,6.2,5.2,8.3
SP2022,SP2022-class 14,25,1905AFJDAC,,,8.5,,7.4,7.8,Passed,7,6.4,8.3
SP2022,SP2022-class 14,26,1905AFJECI,,,7,,7.6,5.6,Passed,6.7,5.3,2.5
SP2022,SP2022-class 14,27,1905AEJCBH,,,8.5,,7.4,6.4,Passed,4.9,4.7,5.1
SP2022,SP2022-class 14,28,1905AFBJJC,,,7.5,,6.2,7.1,Passed,7.9,8.4,6.9
SP2022,SP2022-class 15,1,1905AFJHDF,,,6,,8,7.7,Passed,8.8,8.8,7.8
SP2022,SP2022-class 15,2,1905AFJEHF,,,8,,4.6,6.6,Passed,8.5,5.4,7.3
SP2022,SP2022-class 15,3,1905AFJFJC,,,5,,7.8,6,Passed,9,8.8,3
SP2022,SP2022-class 15,4,1905AFJGGA,,,8,,9.4,8.7,Passed,9.7,10,7.6
SP2022,SP2022-class 15,5,1905AFJAGE,,,6,,8.6,8.2,Passed,8.3,9.8,8.8
SP2022,SP2022-class 15,6,1905AFJFBA,,,9,,8.4,8.4,Passed,8,7.5,8.3
SP2022,SP2022-class 15,7,1905AEJGIB,,,0,,0,0.7,Attendance Fail,3.7,3.4,0
SP2022,SP2022-class 15,8,1905AFJHHC,,,0,,0,0.8,Attendance Fail,4.1,3.8,0
SP2022,SP2022-class 15,9,1905ADJCJJ,,,0,,0,0.1,Attendance Fail,0,0.8,0
SP2022,SP2022-class 15,10,1905AFAFAB,,,3,,0,1.9,Not Passed,8.8,4,0
SP2022,SP2022-class 15,11,1905AFJFAE,,,9,,8.6,7.1,Passed,7.4,7.8,4.1
SP2022,SP2022-class 15,12,1905AFJFAD,,,10,,8.6,7.9,Passed,7,9.4,5.5
SP2022,SP2022-class 15,13,1905AFJHBF,,,6,,5.4,5.5,Passed,7,5.8,4.8
SP2022,SP2022-class 15,14,1905AFJCGJ,,,6,,7.8,7.9,Passed,8.4,8.2,9.1
SP2022,SP2022-class 15,15,1905AFJGIH,,,8,,9,8.5,Passed,9.3,9.8,7.6
SP2022,SP2022-class 15,16,1905AEJIGG,,,7,,5,6.9,Passed,8.7,6.6,8.3
SP2022,SP2022-class 15,17,1905AEJCDD,,,6,,6.2,7.2,Passed,7.4,7.3,8.8
SP2022,SP2022-class 15,18,1905AEJBFC,,,6,,8.8,5.6,Passed,8.1,7.3,0.8
SP2022,SP2022-class 15,19,1905AFBABJ,,,6,,8.2,7.5,Passed,9.4,7,7.2
SP2022,SP2022-class 15,20,1905AFJFAJ,,,6.5,,8.4,6,Passed,6.6,5.2,3.3
SP2022,SP2022-class 15,21,1905AFJFED,,,8,,8.2,7.6,Passed,8,7.2,6.6
SP2022,SP2022-class 15,22,1905AFJHBB,,,7,,6.2,5.1,Passed,8.6,5.8,1.2
SP2022,SP2022-class 15,23,1905AFJHEJ,,,6,,8.8,8.4,Passed,8.9,8.7,9.3
SP2022,SP2022-class 15,24,1905AEAJIE,,,7,,4.4,4.2,Not Passed,7.8,6.7,0
SP2022,SP2022-class 15,25,1905AFJHDB,,,6,,7.6,6.1,Passed,9,5.6,4
SP2022,SP2022-class 15,26,1905AFJFDJ,,,6.5,,5.4,5,Passed,8,1.4,3.9
SP2022,SP2022-class 15,27,1905AFJEIF,,,10,,7.6,6.2,Passed,7.3,8.8,1
SP2022,SP2022-class 15,28,1905AFJFJE,,,5,,8.8,7.4,Passed,8.2,9.2,6.6
SP2022,SP2022-class 15,29,1905AFJCCE,,,6,,8.2,7,Passed,7.9,8.9,5.5
SP2023,SP2023-class 1,1,1905AGBJJF,,,6.5,,5.6,5.9,Passed,8.8,6.4,4.6
SP2023,SP2023-class 1,2,1905AGBJFH,,,5,,4.8,4,Not Passed,9.4,6.5,0
SP2023,SP2023-class 1,3,1905AGBJBF,,,5,,7.2,4.8,Not Passed,8.8,6.9,0.3
SP2023,SP2023-class 1,4,1905AGBJFA,,,8.5,,5.4,5.4,Passed,9.6,7.6,1.1
SP2023,SP2023-class 1,5,1905AEACCG,,,5.5,,6.8,4.9,Not Passed,7.7,6.7,1.1
SP2023,SP2023-class 1,6,1905AGJJHB,,,5,,0,2.6,Not Passed,9.3,6.9,0
SP2023,SP2023-class 1,7,1905AGBJEB,,,6.5,,7,5.9,Passed,7.8,6.8,3.3
SP2023,SP2023-class 1,8,1905AGCFAC,,,8.5,,8.4,7.1,Passed,8.2,8.1,4.3
SP2023,SP2023-class 1,9,1905AGJCDB,,,5.5,,7.8,6.5,Passed,8.4,6.9,5
SP2023,SP2023-class 1,10,1905AGBAAA,,,5,,7.2,6.7,Passed,9.5,6.6,6.3
SP2023,SP2023-class 1,11,1905AGBGIH,,,6,,0,2.7,Not Passed,8.9,6.1,0
SP2023,SP2023-class 1,12,1905AGBHAH,,,5,,0,2.9,Not Passed,9.4,6.7,1
SP2023,SP2023-class 1,13,1905AGBJIC,,,5,,8.4,6.3,Passed,9.4,6.5,4
SP2023,SP2023-class 1,14,1905AGAECD,,,8.5,,4.8,5.2,Passed,9.6,7.2,1.3
SP2023,SP2023-class 1,15,1905AGBJEF,,,5,,0,2.6,Not Passed,9.4,6.9,0
SP2023,SP2023-class 1,16,1905AGCJCB,,,8.5,,9,8.8,Passed,9.2,8.1,8.8
SP2023,SP2023-class 1,17,1905AGBJIB,,,6.5,,8.2,6.7,Passed,7.8,6.8,5
SP2023,SP2023-class 1,18,1905AGCBBE,,,5.5,,5.8,4.8,Not Passed,9.1,6.8,1.1
SP2023,SP2023-class 1,19,1905AGBJJJ,,,6.5,,7,5.6,Passed,9.4,6.6,2.1
SP2023,SP2023-class 1,20,1919AGJFCB,,,5,,0,2.8,Not Passed,8.1,6.7,1.1
SP2023,SP2023-class 1,21,1905AGAJDC,,,6,,6,5.6,Passed,9.3,6.1,3.4
SP2023,SP2023-class 1,22,1905AGAIHD,,,6.5,,8.2,6.8,Passed,9.6,7.1,4.5
SP2023,SP2023-class 1,23,1905AGBGGB,,,6,,6.4,6.7,Passed,6.4,6.1,7.8
SP2023,SP2023-class 1,24,1905AGCDFB,,,8.5,,5.4,6.4,Passed,6.8,7.9,5.3
SP2023,SP2023-class 1,25,1905AGCFHJ,,,6,,6.4,6.3,Passed,9.4,6.5,5.3
SP2023,SP2023-class 1,26,1905AGBJAG,,,5,,6,5.9,Passed,9.3,6.7,4.9
SP2023,SP2023-class 1,27,1905AGJEFE,,,6,,5.2,4.3,Not Passed,9.2,6.4,0
SP2023,SP2023-class 1,28,1905AGBJDB,,,6.5,,8.6,7.7,Passed,9.7,6.4,7.5
SP2023,SP2023-class 1,29,1905AGBJHE,,,5,,8.2,5.6,Passed,9.2,6.5,1.8
SP2023,SP2023-class 1,30,1905AGCEGA,,,5.5,,7.4,5,Passed,8.6,6.8,0.6
SP2023,SP2023-class 2,1,1905AGADGE,,,7.8,,6.2,6.2,Passed,7.8,7.6,4.3
SP2023,SP2023-class 2,2,1905AGAEJG,,,9,,6.2,6.3,Passed,6.8,8.3,3.8
SP2023,SP2023-class 2,3,1905AGCAGB,,,6,,5.6,5,Passed,6,6.6,3
SP2023,SP2023-class 2,4,1905AGCEHC,,,7,,4.6,5.2,Passed,8,7,3
SP2023,SP2023-class 2,5,1905AGJEBC,,,8,,6.4,7,Passed,7,7.9,6.5
SP2023,SP2023-class 2,6,1905AGADIJ,,,8,,7,5.9,Passed,8.5,7.9,2
SP2023,SP2023-class 2,7,1905AFABGA,,,8.5,,5.6,5.9,Passed,6.8,8.2,3.3
SP2023,SP2023-class 2,8,1905AGBJHJ,,,0,,0,0.8,Not Passed,8,0,0
SP2023,SP2023-class 2,9,1905AFACGE,,,0,,0,0.5,Not Passed,5.3,0,0
SP2023,SP2023-class 2,10,1905AGCDEH,,,9,,7.4,7.7,Passed,7.8,8.3,6.8
SP2023,SP2023-class 2,11,1905AGJBDE,,,8,,5.8,5.8,Passed,7,7.6,3.3
SP2023,SP2023-class 2,12,1905AHAHDB,,,7,,7.6,5.8,Passed,7.5,7.2,2
SP2023,SP2023-class 2,13,1905AHAHCG,,,7,,8.2,6,Passed,7.5,7.6,2
SP2023,SP2023-class 2,14,1905AGBDEC,,,8,,7,5.9,Passed,8,8,2.1
SP2023,SP2023-class 2,15,1905AFADJA,,,0,,0,0,Attendance Fail,0,0,0
SP2023,SP2023-class 2,16,1905AGJJHB,,,7,,4.2,5.1,Passed,7.3,7.1,3.3
SP2023,SP2023-class 2,17,1905AGJEGH,,,8,,6.2,5.9,Passed,8.5,8.3,2.6
SP2023,SP2023-class 2,18,1905AGAAHI,,,7.8,,6.2,6.2,Passed,7,7.7,4.3
SP2023,SP2023-class 2,19,1905AGABEB,,,6.5,,0,2.7,Not Passed,3,6.7,1.3
SP2023,SP2023-class 2,20,1905AGCAFC,,,6.5,,2.8,4.1,Not Passed,7.5,6.3,2
SP2023,SP2023-class 2,21,1905AFAGBH,,,6.5,,0,2.7,Not Passed,6.8,6.8,0
SP2023,SP2023-class 2,22,1905AFAGBD,,,7.7,,6.2,5.6,Passed,7.3,7.2,2.6
SP2023,SP2023-class 2,23,1905AGAGHC,,,8,,6.8,6,Passed,8,7.7,2.5
SP2023,SP2023-class 2,24,1905AGBEHG,,,9,,8,7.3,Passed,7,8.2,5.4
SP2023,SP2023-class 2,25,1905AHDAFG,,,8,,7,5.4,Passed,6,7.7,1
SP2023,SP2023-class 2,26,1905AFJHAA,,,0,,0,0,Attendance Fail,0,0,0
SP2023,SP2023-class 2,27,1905AFAEEA,,,7.7,,6.6,5.9,Passed,6.8,7.6,3.1
SP2023,SP2023-class 2,28,1905AGCCFF,,,8,,4.8,5.4,Passed,7,7.9,3
SP2023,SP2023-class 2,29,1905AFJBAG,,,8.5,,7.6,7.4,Passed,7.5,8,6.3
SP2023,SP2023-class 2,30,1905AFBAAB,,,8,,5.6,5.4,Passed,6,8.2,2.4
SP2023,SP2023-class 2,31,1905AGJEAI,,,7,,7,5.4,Passed,6.5,7.4,1.7
SP2023,SP2023-class 2,32,1905AFJEBB,,,7.7,,7.8,6.2,Passed,7,7.5,3
SP2023,SP2023-class 2,33,1905AGCBJJ,,,7,,9.2,6.8,Passed,7,6.3,4.3
SP2023,SP2023-class 2,34,1905AGAGBF,,,8.5,,7.8,6.2,Passed,6.8,7.8,2.2
SP2023,SP2023-class 3,1,1905AGCAEH,,,7.5,,6.6,6.7,Passed,9,7.9,5
SP2023,SP2023-class 3,2,1905ACJCJJ,,,7,,9.2,6.5,Passed,3,5.8,5
SP2023,SP2023-class 3,3,1905AGCBEE,,,8.5,,9,8.4,Passed,8.5,7.6,8
SP2023,SP2023-class 3,4,1905AGBACB,,,5,,8,6.3,Passed,4.5,8.5,5.3
SP2023,SP2023-class 3,5,1905AGJAHI,,,7,,5.8,5.9,Passed,9,8.5,3.3
SP2023,SP2023-class 3,6,1905AFJFDA,,,5,,6.4,5.1,Passed,8,7,2.3
SP2023,SP2023-class 3,7,1905AGABIH,,,9,,7.2,5.7,Passed,8,7.2,0.8
SP2023,SP2023-class 3,8,1905AFAIAI,,,7.5,,5.8,5.6,Passed,8,7,2.7
SP2023,SP2023-class 3,9,1905AFABEB,,,7.5,,7,6,Passed,8.5,8.5,2.2
SP2023,SP2023-class 3,10,1905AGBFCA,,,7.5,,7.8,7.9,Passed,8.5,8.9,7.8
SP2023,SP2023-class 3,11,1905AGAEEF,,,7.5,,7,6.7,Passed,8.8,8.5,4.5
SP2023,SP2023-class 3,12,1905AGABED,,,9,,8.8,8.2,Passed,9.5,8.4,6.6
SP2023,SP2023-class 3,13,1905AFABHH,,,8,,0,3.1,Not Passed,7.5,7.4,0
SP2023,SP2023-class 3,14,1905AGJEAG,,,9,,7.4,7.5,Passed,7.3,8.6,6.3
SP2023,SP2023-class 3,15,1905AGADDB,,,7.5,,6.6,6.8,Passed,7.8,7.6,5.8
SP2023,SP2023-class 3,16,1905AFAJCA,,,8,,6.4,5.8,Passed,9,8,2
SP2023,SP2023-class 3,17,1905AFAEGC,,,7,,7.2,6.2,Passed,8,7.6,3.6
SP2023,SP2023-class 3,18,1905AGBHAH,,,7,,4.2,5,Passed,8.5,7.5,2.5
SP2023,SP2023-class 3,19,1905AGCJHC,,,8.5,,8.8,7.8,Passed,9.5,9.2,5.2
SP2023,SP2023-class 3,20,1905AGCBCA,,,5,,7,6.7,Passed,7,8.4,6.7
SP2023,SP2023-class 3,21,1905AGCBFC,,,5,,6.8,6.1,Passed,7.8,8.4,4.8
SP2023,SP2023-class 3,22,1905AGJJDJ,,,8,,6.4,6.3,Passed,8.5,7.6,4
SP2023,SP2023-class 3,23,1905AGCBCF,,,5,,7.2,6.3,Passed,8.5,7.7,5.2
SP2023,SP2023-class 3,24,1905AGBJEF,,,5,,7.4,6.5,Passed,8.8,7.6,5.5
SP2023,SP2023-class 3,25,1905AGAACC,,,9,,6.4,8.1,Passed,9.3,8.8,8.5
SP2023,SP2023-class 3,26,1905AGCAHB,,,5,,8.6,6.2,Passed,5.5,7.4,4.5
SP2023,SP2023-class 3,27,1905AEAAAD,,,7.5,,5,6.1,Passed,6.3,5,6.5
SP2023,SP2023-class 3,28,1905AGBGDF,,,0,,0,0,Attendance Fail,0,0,0
SP2023,SP2023-class 3,29,1905AGBCIA,,,8,,4.8,5.3,Passed,7.5,8.2,2.3
SP2023,SP2023-class 3,30,1905AGBDHE,,,5,,6.4,7,Passed,7.8,8.4,8.2
SP2023,SP2023-class 4,1,1905AGAICI,,,8,,5.4,5,Passed,8.2,3.4,2
SP2023,SP2023-class 4,2,1905AGAEFI,,,8,,0,2.4,Not Passed,3.5,4.6,0
SP2023,SP2023-class 4,3,1905AGAJHJ,,,8,,6.8,6.3,Passed,8.8,8.1,3.3
SP2023,SP2023-class 4,4,1905AGBBBD,,,8,,7,6.1,Passed,7.9,5.6,3.4
SP2023,SP2023-class 4,5,1905AGAHAA,,,6,,8,5.5,Passed,7,6.2,2
SP2023,SP2023-class 4,6,1905AGADCB,,,7,,7,5.4,Passed,8.4,8,0.8
SP2023,SP2023-class 4,7,1905AGAGFB,,,6,,7.8,5.5,Passed,7.2,6.2,2
SP2023,SP2023-class 4,8,1905AEJGGJ,,,0,,0,2.9,Not Passed,7.9,3.2,6.1
SP2023,SP2023-class 4,9,1905AGABID,,,7,,5.8,5.2,Passed,7.9,6.6,1.9
SP2023,SP2023-class 4,10,1905AGBAHF,,,7,,5.6,6,Passed,7.9,6.4,4.9
SP2023,SP2023-class 4,11,1905AEADFB,,,0,,0,0,Attendance Fail,0,0,0
SP2023,SP2023-class 4,12,1905AGAEEF,,,8,,0,2.5,Attendance Fail,4,5.2,0
SP2023,SP2023-class 4,13,1905AGJCHC,,,7,,0,3,Not Passed,6.2,7.3,1
SP2023,SP2023-class 4,14,1905AGAFGI,,,6,,7.4,5.4,Passed,7.9,5.6,2.1
SP2023,SP2023-class 4,15,1905AGAEEA,,,8,,7.8,6.7,Passed,8.7,7.4,4
SP2023,SP2023-class 4,16,1905AGCJAC,,,6,,8.4,6.5,Passed,8,6,4.7
SP2023,SP2023-class 4,17,1905AGBGED,,,7,,6.2,5.2,Passed,7.5,5.8,2.1
SP2023,SP2023-class 4,18,1905AGBGEF,,,7,,7,6.4,Passed,8.8,6.2,4.7
SP2023,SP2023-class 4,19,1905AGBGFH,,,6.5,,0,2.3,Not Passed,4.5,5.8,0
SP2023,SP2023-class 4,20,1905AFADIF,,,8,,7.6,5.4,Passed,8,4.2,1
SP2023,SP2023-class 4,21,1905AGACCG,,,7,,7.8,6.5,Passed,8.7,7.4,4
SP2023,SP2023-class 4,22,1905AGCBFH,,,8,,6.4,6.2,Passed,9.2,8.2,3
SP2023,SP2023-class 4,23,1905AGAHAB,,,7,,4.2,5.9,Passed,8.4,6,6.1
SP2023,SP2023-class 4,24,1905AGBAFD,,,6,,0,2,Not Passed,6.7,1.2,0
SP2023,SP2023-class 4,25,1905AGAHBB,,,7,,8.4,5.9,Passed,8.4,6.4,1.7
SP2023,SP2023-class 4,26,1905AGCEJJ,,,0,,0,0.8,Not Passed,3.8,4.6,0
SP2023,SP2023-class 4,27,1905AGAAEB,,,6,,5.8,5.1,Passed,8.7,5.8,2.4
SP2023,SP2023-class 4,28,1905AGJEFB,,,0,,0,0.4,Attendance Fail,3.5,0,0
SP2023,SP2023-class 4,29,1905AGAAEI,,,9,,7.6,5.9,Is Susspended,9,8.7,0
SP2023,SP2023-class 4,30,1905AGACGI,,,7,,7.6,5.5,Passed,8.5,6.8,1
SP2023,SP2023-class 4,31,1905AGACFC,,,7,,0,3.1,Not Passed,8.4,6.4,0.7
SP2023,SP2023-class 5,1,1905AGCFDB,,,8,,8.4,6.9,Passed,8,7.9,4
SP2023,SP2023-class 5,2,1905AGAABG,,,0,,0,0,Attendance Fail,0,0,0
SP2023,SP2023-class 5,3,1905AGBIEC,,,8.5,,6.8,5.8,Passed,8.8,8.4,1.3
SP2023,SP2023-class 5,4,1905AGBEBB,,,8,,7.2,6.1,Passed,6,7.8,3.3
SP2023,SP2023-class 5,5,1905AGBFGA,,,9,,7.6,6.4,Passed,9.3,7.5,2.3
SP2023,SP2023-class 5,6,1905AFAHHD,,,9,,4.6,4.6,Not Passed,6,8,0
SP2023,SP2023-class 5,7,1905AFACGE,,,0,,0,0,Attendance Fail,0,0,0
SP2023,SP2023-class 5,8,1905AGBEIA,,,8,,0,3.1,Not Passed,6,8.6,0
SP2023,SP2023-class 5,9,1905AGBIHA,,,8.5,,6,6,Passed,8.3,7.9,2.9
SP2023,SP2023-class 5,10,1905AGCFCD,,,8,,7,5.1,Passed,6.5,6.7,0.3
SP2023,SP2023-class 5,11,1905AFAHJC,,,9,,7.6,7.7,Passed,8.8,9,6.1
SP2023,SP2023-class 5,12,1905AEJHBJ,,,8,,7.4,6.6,Passed,8.8,8,3.8
SP2023,SP2023-class 5,13,1905AGBCAH,,,8.5,,8,7.4,Passed,9.8,8.3,5
SP2023,SP2023-class 5,14,1905AGBDBH,,,8,,4.8,4.3,Is Susspended,6,6.3,0
SP2023,SP2023-class 5,15,1905AGBGAC,,,8,,7.2,5.7,Passed,9.3,8.7,0.6
SP2023,SP2023-class 5,16,1905AGBEAG,,,8,,7.6,6.7,Passed,9.3,8.6,3.3
SP2023,SP2023-class 5,17,1905AGAJII,,,8,,5.2,5.1,Passed,8.3,8.2,1.1
SP2023,SP2023-class 5,18,1905AEACBE,,,8,,0,3.3,Not Passed,8.8,7.8,0
SP2023,SP2023-class 5,19,1905AFAFDJ,,,0,,0,0,Attendance Fail,0,0,0
SP2023,SP2023-class 5,20,1905AGBHFG,,,8,,8,6.7,Passed,6,7.7,4.3
SP2023,SP2023-class 5,21,1905AGCDHA,,,8,,7,6,Passed,8.8,8.4,1.8
SP2023,SP2023-class 5,22,1905AGCDFH,,,8.5,,7.4,7.1,Passed,8,8.5,5.1
SP2023,SP2023-class 5,23,1905AFJICD,,,9.5,,5,5.3,Passed,6,7.2,1.8
SP2023,SP2023-class 5,24,1905AGCAHB,,,8,,0,3.2,Not Passed,8,8.4,0
SP2023,SP2023-class 5,25,1905AGBFDD,,,8,,6,5.2,Passed,7,8.4,1
SP2023,SP2023-class 5,26,1905AGCDHI,,,9,,7.6,7.1,Passed,9.8,8.6,4.1
SP2023,SP2023-class 5,27,1905AGCAJB,,,8,,0,3.5,Not Passed,7.5,7.1,1.5
SP2023,SP2023-class 5,28,1905AGBFCB,,,8,,0,3,Not Passed,6,7.8,0
SP2023,SP2023-class 5,29,1905AGBJIF,,,8,,4.2,4.2,Is Susspended,6,7.8,0
SP2023,SP2023-class 5,30,1905AGBHFF,,,8,,6.6,5.5,Passed,8.8,8.1,0.7
SP2023,SP2023-class 5,31,1905AGBEAA,,,8.5,,7.8,7,Passed,9.3,8.8,3.8
SP2023,SP2023-class 6,1,1905AFJCGH,,,5,,5.4,5.1,Passed,8.5,6.8,3
SP2023,SP2023-class 6,2,1905AFJCDD,,,5,,0,3,Not Passed,5.8,7,2.4
SP2023,SP2023-class 6,3,1905AFAIFA,,,4,,5.4,4.7,Not Passed,7.3,4.4,3.7
SP2023,SP2023-class 6,4,1905AFJAED,,,6,,0,3.1,Attendance Fail,7.5,5.3,2
SP2023,SP2023-class 6,5,1905ADJDGA,,,0,,0,0,Attendance Fail,0,0,0
SP2023,SP2023-class 6,6,1905AGAHGD,,,7,,7.4,6,Passed,8.5,6,3
SP2023,SP2023-class 6,7,1905AFJBEG,,,6,,0,2.7,Attendance Fail,8,7.1,0
SP2023,SP2023-class 6,8,1905AFJDAE,,,5,,0,2.1,Not Passed,3.8,7,0
SP2023,SP2023-class 6,9,1905AEADBG,,,7,,5.8,4.6,Not Passed,7,5.9,0.6
SP2023,SP2023-class 6,10,1905AFJEJA,,,4,,6.8,5.1,Passed,7,6.9,3
SP2023,SP2023-class 6,11,1905AFJFBJ,,,0,,0,0.5,Attendance Fail,3.3,1.4,0
SP2023,SP2023-class 6,12,1905AFJIDC,,,0,,0,0.3,Attendance Fail,0,3,0
SP2023,SP2023-class 6,13,1905AFAFCB,,,4,,6.2,3.9,Not Passed,3.5,5.7,1
SP2023,SP2023-class 6,14,1905AFJDIH,,,5,,5,5.1,Passed,8.3,7.2,3.5
SP2023,SP2023-class 6,15,1905AGCDDI,,,4,,0,3.3,Not Passed,8.5,7,3
SP2023,SP2023-class 6,16,1905AFJIIE,,,4,,6.2,4.8,Not Passed,7.5,7.4,2
SP2023,SP2023-class 6,17,1905AGADEH,,,7,,8.2,6.2,Passed,7,8.2,2.8
SP2023,SP2023-class 6,18,1905AGCCHF,,,7,,8,5.9,Passed,9,6.4,2
SP2023,SP2023-class 6,19,1901AGJAIF,,,8,,8.2,7.1,Passed,7.3,8.2,5
SP2023,SP2023-class 6,20,1905AGBGFI,,,4,,6.4,4.9,Not Passed,6,5.7,3.4
SP2023,SP2023-class 6,21,1905AEACFC,,,5,,0,1.9,Not Passed,2.8,6.2,0
SP2023,SP2023-class 6,22,1905AGBHIB,,,7,,7.6,6.1,Passed,6.5,8.2,3
SP2023,SP2023-class 6,23,1905AFJAGB,,,0,,0,0.8,Attendance Fail,4,4.2,0
SP2023,SP2023-class 6,24,1905AFAGBI,,,4,,0,1.4,Attendance Fail,2.8,2.8,0
SP2023,SP2023-class 6,25,1905AFJDJC,,,5,,7,5.1,Passed,7.5,7.5,1.5
SP2023,SP2023-class 6,26,1905AGADFF,,,7,,7,5.8,Passed,8.5,8.2,2
SP2023,SP2023-class 6,27,1905AEJCAG,,,4,,0,2.2,Not Passed,6.8,7.6,0
SP2023,SP2023-class 6,28,1905AFAIIB,,,4,,0,1.9,Not Passed,3.5,4.2,1.1
SP2023,SP2023-class 6,29,1905AGBGGF,,,7,,6,5.4,Passed,7.5,7.4,2.5
SP2023,SP2023-class 6,30,1905AFAIJB,,,4,,7.6,4.6,Not Passed,6,6,1
SP2023,SP2023-class 6,31,1905AFAFBE,,,4,,0,2.1,Not Passed,6,7.2,0
SP2023,SP2023-class 6,32,1901AGJAEI,,,6,,0,2.7,Not Passed,8.3,6.9,0
SP2023,SP2023-class 7,1,1905AEJFBJ,,,5,,6.8,4.8,Not Passed,6,7.8,1.1
SP2023,SP2023-class 7,2,1905ACJEBD,,,0,,0,0.5,Attendance Fail,3.3,1.6,0
SP2023,SP2023-class 7,3,1905ACJCJJ,,,5,,0,2.2,Not Passed,4.8,7.4,0
SP2023,SP2023-class 7,4,1905AFAEHI,,,5,,3,3.2,Not Passed,5.5,4.2,1
SP2023,SP2023-class 7,5,1905AFJICJ,,,3,,6.8,4.7,Not Passed,6.8,7.2,2.3
SP2023,SP2023-class 7,6,1905AFJEFJ,,,5,,6.4,4.5,Not Passed,7,5.4,1
SP2023,SP2023-class 7,7,1905AFJFCF,,,5,,7.2,4.8,Not Passed,7.5,6.2,0.8
SP2023,SP2023-class 7,8,1905AFJFDA,,,3,,0,1.8,Not Passed,6.5,3.2,0.9
SP2023,SP2023-class 7,9,1905AGACGH,,,1,,6,3.4,Not Passed,6.3,7.8,0
SP2023,SP2023-class 7,10,1905AEJGIB,,,5,,0,1.9,Not Passed,3.8,3.4,0.5
SP2023,SP2023-class 7,11,1901AGJJIH,,,5,,8.2,5.5,Passed,8.8,9,1
SP2023,SP2023-class 7,12,1905AGAEIE,,,5,,8.8,7.2,Passed,8.5,8.4,6.2
SP2023,SP2023-class 7,13,1905AFJEJI,,,5,,6.8,5.4,Passed,4,8,4
SP2023,SP2023-class 7,14,1905AFJDIE,,,5,,4.8,5.4,Passed,3.8,6.4,6.6
SP2023,SP2023-class 7,15,1905AFABEB,,,6,,6.4,4.9,Not Passed,7.5,7,1.1
SP2023,SP2023-class 7,16,1905AGCDDC,,,5,,7.6,5.5,Passed,7.5,8,2.3
SP2023,SP2023-class 7,17,1905AEADDA,,,5,,0,1.9,Not Passed,5.5,3.4,0
SP2023,SP2023-class 7,18,1905AGAJCI,,,6,,7,5.7,Passed,8.3,6.8,3
SP2023,SP2023-class 7,19,1905AGAEBJ,,,5,,8.2,6.9,Passed,9.3,8.6,5.5
SP2023,SP2023-class 7,20,1905AGAEGC,,,6,,8.2,5.6,Passed,6.5,8.6,1.3
SP2023,SP2023-class 7,21,1905AFABFG,,,0,,0,0.6,Attendance Fail,3.5,2,0
SP2023,SP2023-class 7,22,1905AFJJEG,,,5,,0,2.2,Not Passed,6.5,5.4,0
SP2023,SP2023-class 7,23,1905AFJDJB,,,5,,6.6,4.9,Not Passed,6.5,6.6,1.9
SP2023,SP2023-class 7,24,1905AFJIGC,,,3,,0,2.8,Not Passed,5.8,6,3.5
SP2023,SP2023-class 7,25,1905AFAJFE,,,3,,0,2.4,Not Passed,3.3,5.8,3
SP2023,SP2023-class 7,26,1905AFJIAI,,,3,,6.6,5.8,Passed,7,6.8,6.1
SP2023,SP2023-class 7,27,1905ADJCCB,,,0,,0,0,Attendance Fail,0,0,0
SP2023,SP2023-class 7,28,1905AFABCA,,,6,,8,6.3,Passed,8,7.8,3.8
SP2023,SP2023-class 7,29,1905AFAJBI,,,6,,4.6,5.7,Passed,7,6,6.1
SP2023,SP2023-class 7,30,1905AFJHEC,,,3,,7,4.7,Not Passed,4.8,4,3.7
SP2023,SP2023-class 7,31,1905AGAFJJ,,,5,,8.4,8,Passed,8.8,8.6,9.3
SP2023,SP2023-class 8,1,1705AGJBDH,,,9.5,,6,6.2,Passed,8.4,9.2,2.5
SP2023,SP2023-class 8,2,1905AFJDDG,,,6.5,,7,5.5,Passed,8.9,7.5,1.6
SP2023,SP2023-class 8,3,1905AFADIE,,,7.3,,7,5.6,Passed,7.2,7.6,2
SP2023,SP2023-class 8,4,1905AFAGHB,,,8.5,,7.6,6.4,Passed,7.9,8.9,2.5
SP2023,SP2023-class 8,5,1905AFJFDC,,,9.8,,8.8,8.4,Passed,9.5,10,6.3
SP2023,SP2023-class 8,6,1905AGADGJ,,,7.3,,0,2.9,Is Susspended,6.9,7.3,0
SP2023,SP2023-class 8,7,1905AFJFBE,,,7,,7,5.5,Passed,7.7,8.4,1.4
SP2023,SP2023-class 8,8,1905AGBGHI,,,9.5,,6.4,6.1,Passed,8.4,8.8,1.7
SP2023,SP2023-class 8,9,1905AFAEIE,,,7.8,,7,5.7,Passed,7.3,7.3,2
SP2023,SP2023-class 8,10,1919AFJCDG,,,0,,5.2,4,Not Passed,0,6.5,5.8
SP2023,SP2023-class 8,11,1919AFJCGF,,,8,,4.8,6.1,Passed,7,8.8,5
SP2023,SP2023-class 8,12,1905AGBHGA,,,0,,0,0,Attendance Fail,0,0,0
SP2023,SP2023-class 8,13,1905AEABCJ,,,7,,0,3,Not Passed,6.9,7.3,0.5
SP2023,SP2023-class 8,14,1905AFAEGH,,,0,,0,1.3,Not Passed,0,5.8,2.3
SP2023,SP2023-class 8,15,1905AFJHAJ,,,5,,6,5.5,Passed,7.2,6.8,4.5
SP2023,SP2023-class 8,16,1905AFAEHH,,,0,,0,0,Attendance Fail,0,0,0
SP2023,SP2023-class 8,17,1905AFAGBD,,,7,,0,2.8,Not Passed,6.7,7.3,0
SP2023,SP2023-class 8,18,1905AFAJDB,,,7,,6.4,5.1,Passed,7,7.8,1
SP2023,SP2023-class 8,19,1905AEACEJ,,,0,,0,0.7,Attendance Fail,7.3,0,0
SP2023,SP2023-class 8,20,1905AFABDF,,,0,,0,0,Attendance Fail,0,0,0
SP2023,SP2023-class 8,21,1905AFJCAE,,,9.5,,7.4,6.9,Passed,8.9,9.3,3.2
SP2023,SP2023-class 8,22,1905AFAEGC,,,7.3,,0,3,Not Passed,7.3,8.5,0
SP2023,SP2023-class 8,23,1905AGBCFJ,,,7.3,,4.6,5,Passed,7.3,7.3,2.5
SP2023,SP2023-class 8,24,1705AGJBCA,,,7.3,,5.2,4.5,Not Passed,7.4,7.2,0
SP2023,SP2023-class 8,25,1905AFAEGA,,,7.8,,5.6,4.8,Is Susspended,8.2,7.4,0
SP2023,SP2023-class 8,26,1905AEAJEG,,,6.8,,3.6,4.1,Not Passed,6.7,7.4,1
SP2023,SP2023-class 8,27,1905AFAFBA,,,0,,0,0,Attendance Fail,0,0,0
SP2023,SP2023-class 8,28,1905AFAIEC,,,7,,7.4,5.7,Passed,7.2,7.5,2.1
SP2023,SP2023-class 8,29,1905AFABBF,,,0,,0,0,Attendance Fail,0,0,0
SP2023,SP2023-class 8,30,1905AGBGDF,,,0,,0,0.2,Attendance Fail,0,1.7,0
SP2023,SP2023-class 8,31,1905AFJDAF,,,9.5,,5,6.5,Passed,8.4,8.7,4.8
SP2023,SP2023-class 8,32,1905AGBFGH,,,0,,0,0,Attendance Fail,0,0,0
SP2023,SP2023-class 9,1,1905AGBJCG,,,8,,5.8,5.4,Passed,6.8,7.7,2
SP2023,SP2023-class 9,2,1905AGJJBI,,,7.5,,7.4,5.8,Passed,7,7.7,2.1
SP2023,SP2023-class 9,3,1905AGJAAJ,,,6.5,,5.6,5.4,Passed,7.5,7,3.1
SP2023,SP2023-class 9,4,1905AGJJEB,,,4,,7.4,5.1,Passed,6.8,5.8,2.6
SP2023,SP2023-class 9,5,1905AGJJHD,,,7,,9.2,6.1,Passed,7.3,7.2,1.7
SP2023,SP2023-class 9,6,1905AFBJJB,,,7,,7.6,7.1,Passed,7.5,7.5,6.3
SP2023,SP2023-class 9,7,1905AGABBD,,,7,,6.2,5.6,Passed,7.8,7.2,2.8
SP2023,SP2023-class 9,8,1905AFBJHF,,,6,,7.6,6.8,Passed,8,6.4,6.1
SP2023,SP2023-class 9,9,1905AGJABF,,,7.5,,6.6,5.6,Passed,8,7.6,2
SP2023,SP2023-class 9,10,1905AFBJGE,,,7,,6.2,5.4,Passed,7.5,7.3,2.3
SP2023,SP2023-class 9,11,1905AGJAJI,,,3,,8.4,5.1,Passed,6.8,5.7,2.6
SP2023,SP2023-class 9,12,1905AFAHHI,,,7.5,,6.6,6.7,Passed,7,7.3,5.8
SP2023,SP2023-class 9,13,1905AGJBAH,,,8,,8.8,7.9,Passed,7.8,7.7,7.1
SP2023,SP2023-class 9,14,1905AGJCAG,,,7,,8,6,Passed,8,7.3,2.1
SP2023,SP2023-class 9,15,1905AGJJFC,,,7,,7,5.8,Passed,6.5,7,3
SP2023,SP2023-class 9,16,1905AFAIEB,,,6.5,,5.4,5.3,Passed,7,5.5,3.9
SP2023,SP2023-class 9,17,1905AGCJJF,,,9,,8.8,6.1,Passed,7.8,8.3,0.3
SP2023,SP2023-class 9,18,1905AGBABE,,,9,,6.2,6.1,Passed,6.8,8.4,3
SP2023,SP2023-class 9,19,1905AGJJGD,,,0,,0,0.8,Not Passed,7.5,0,0
SP2023,SP2023-class 9,20,1905AGJAEA,,,6.5,,7.6,6.5,Passed,8.3,6.7,4.6
SP2023,SP2023-class 9,21,1905AGJJFG,,,7.5,,8.4,8.2,Passed,8,7.5,8.8
SP2023,SP2023-class 9,22,1905AGJJDJ,,,0,,0,1,Not Passed,7,0,1
SP2023,SP2023-class 9,23,1905AGJAJC,,,8.5,,8.8,7.3,Passed,8,8,4.4
SP2023,SP2023-class 9,24,1905AGJACD,,,4,,0,2.2,Is Susspended,8,5.8,0
SP2023,SP2023-class 9,25,1905AGAACJ,,,7,,4.6,5.1,Passed,6.8,7.5,3.1
SP2023,SP2023-class 9,26,1905AFBAAB,,,0,,0,0.8,Not Passed,7.5,0,0
SP2023,SP2023-class 9,27,1905AGJAAB,,,9,,8,7.1,Passed,7,7.8,4.7
SP2023,SP2023-class 9,28,1905AGJDHA,,,8,,7,6.7,Passed,7,7.3,5.3
SP2023,SP2023-class 9,29,1905AGJABH,,,9,,7.8,6.5,Passed,7,7.4,2.9
SP2023,SP2023-class 9,30,1905AFAIEJ,,,8,,7,7,Passed,7.3,8.1,6
SP2023,SP2023-class 10,1,1905AGJAII,,,0,,0,1,Attendance Fail,4,6,0
SP2023,SP2023-class 10,2,1905AGJBCC,,,7,,8,5.7,Passed,8.2,8.6,0.8
SP2023,SP2023-class 10,3,1905AFAFHE,,,0,,0,0,Attendance Fail,0,0,0
SP2023,SP2023-class 10,4,1905AFJCFH,,,6,,6,5.1,Passed,7.8,3.4,3.2
SP2023,SP2023-class 10,5,1905AGJAIE,,,7,,5.4,5.3,Passed,8.5,8.2,2
SP2023,SP2023-class 10,6,1905AGADAD,,,0,,0,0,Attendance Fail,0,0,0
SP2023,SP2023-class 10,7,1905AGJAHI,,,7,,0,3.4,Not Passed,9.8,9.8,0
SP2023,SP2023-class 10,8,1905AGJBJC,,,8,,8.4,7.7,Passed,8,9.8,6
SP2023,SP2023-class 10,9,1905AGJBGI,,,6,,8.2,6.8,Passed,8.5,9.8,4.3
SP2023,SP2023-class 10,10,1905AGJBJF,,,0,,0,0.7,Attendance Fail,3.1,3.6,0
SP2023,SP2023-class 10,11,1905AGJBBG,,,7,,7,6.4,Passed,8.6,9.2,3.8
SP2023,SP2023-class 10,12,1905AGJAEB,,,0,,0,0,Attendance Fail,0,0,0
SP2023,SP2023-class 10,13,1905AGJBHE,,,6,,8.2,7.6,Passed,9.1,9.8,6.8
SP2023,SP2023-class 10,14,1905AGJBCF,,,6,,7.4,5.3,Passed,7.8,7.8,1
SP2023,SP2023-class 10,15,1905AGJBBH,,,7,,6,5.2,Passed,8.6,10,0.6
SP2023,SP2023-class 10,16,1905AGJBBC,,,8,,6.4,6.1,Passed,8.2,9.6,2.7
SP2023,SP2023-class 10,17,1905AGJBDD,,,6,,0,2.8,Not Passed,7.8,8,0
SP2023,SP2023-class 10,18,1905AGAAAA,,,5,,8.4,6.6,Passed,8.3,9,4.6
SP2023,SP2023-class 10,19,1905AGJAFH,,,6,,6.8,5.4,Passed,8.8,8.6,1.3
SP2023,SP2023-class 10,20,1905AGJBDA,,,7,,0,2.9,Not Passed,6.5,8,0
SP2023,SP2023-class 10,21,1905AGJAHB,,,0,,0,0.4,Attendance Fail,3.5,0,0
SP2023,SP2023-class 10,22,1905AGJBBA,,,8,,7.8,6.3,Passed,9.6,9.8,1.5
SP2023,SP2023-class 10,23,1905AGJBBI,,,7,,6.8,6.6,Passed,8.6,9.8,4.3
SP2023,SP2023-class 10,24,1905AFJCAC,,,6,,6.8,6.2,Passed,7.8,9.4,4
SP2023,SP2023-class 10,25,1905AGJBIA,,,6,,4.6,5.1,Passed,7.4,8.4,3
SP2023,SP2023-class 10,26,1905AGJBBB,,,7,,8.2,8.1,Passed,8.7,10,7.8
SP2023,SP2023-class 10,27,1905AGJBCE,,,6,,0,2.9,Not Passed,8.6,8.4,0
SP2023,SP2023-class 10,28,1905AGJAHF,,,7,,7,5.9,Passed,8.7,9.2,2.1
SP2023,SP2023-class 10,29,1905AGJBAI,,,8,,8.2,7.8,Passed,9.6,10,5.8
SP2023,SP2023-class 10,30,1905AGJAFC,,,6,,5.8,5,Passed,8.9,8.6,1
SP2023,SP2023-class 10,31,1905AGJBEE,,,7,,8.6,7.1,Passed,8.3,8.2,4.8
SP2023,SP2023-class 11,1,1905AGJDGH,,,7.5,,0,2.7,Not Passed,7.3,4.3,0
SP2023,SP2023-class 11,2,1905AGJDIF,,,7.5,,7.4,7.2,Passed,8.3,5.9,7
SP2023,SP2023-class 11,3,1905AGAFGH,,,6,,6.8,5.3,Passed,3.5,4.6,4
SP2023,SP2023-class 11,4,1905AGJDJD,,,8.5,,6.8,6.1,Passed,7.3,8.4,2.8
SP2023,SP2023-class 11,5,1905AGJCFF,,,6.5,,7,5,Passed,8,5.4,1
SP2023,SP2023-class 11,6,1905AGJAFI,,,8,,7.4,6,Passed,6.3,5.9,3.1
SP2023,SP2023-class 11,7,1905AGJDHD,,,6,,6.6,5,Passed,3.8,7.1,2.5
SP2023,SP2023-class 11,8,1905AGJDIJ,,,8,,8.6,7,Passed,7.8,7.8,4.1
SP2023,SP2023-class 11,9,1905AGJEBC,,,0,,0,1,Not Passed,6.5,0,1
SP2023,SP2023-class 11,10,1905AGJDCE,,,8,,8.6,6.8,Passed,7.5,6.4,4
SP2023,SP2023-class 11,11,1905AGJCEE,,,7,,7.8,6.1,Passed,7.5,7.2,2.8
SP2023,SP2023-class 11,12,1905AGJCHE,,,7.5,,5.4,5.2,Passed,7,7.4,2
SP2023,SP2023-class 11,13,1905AGJDCF,,,6,,7,5.2,Passed,7,6.7,1.8
SP2023,SP2023-class 11,14,1905AGJDHJ,,,6.5,,7.4,4.9,Not Passed,7.3,5.6,0.3
SP2023,SP2023-class 11,15,1905AGJEAB,,,0,,0,0.7,Not Passed,6.8,0,0
SP2023,SP2023-class 11,16,1905AGJDFI,,,7.9,,8.8,7.7,Passed,7.3,7.9,6.5
SP2023,SP2023-class 11,17,1905AGJCBE,,,0,,0,0.3,Attendance Fail,2.8,0,0
SP2023,SP2023-class 11,18,1905AGJCGD,,,0,,0,0.7,Attendance Fail,6.8,0,0
SP2023,SP2023-class 11,19,1905AGAFBJ,,,8,,8.8,7.6,Passed,7.5,7.8,6
SP2023,SP2023-class 11,20,1905AGJEAG,,,0,,0,0.8,Not Passed,7.8,0,0
SP2023,SP2023-class 11,21,1905AGAFEA,,,8,,7.8,7.5,Passed,7.5,8.1,6.7
SP2023,SP2023-class 11,22,1905AGAGID,,,7,,6.2,5.2,Passed,6.8,6.9,2
SP2023,SP2023-class 11,23,1905AGJEJJ,,,6.5,,7,5.5,Passed,7.8,7.4,2
SP2023,SP2023-class 11,24,1905AGJBIF,,,7.5,,0,2.8,Not Passed,7,5.7,0
SP2023,SP2023-class 11,25,1905AGJDEI,,,7.5,,0,2.9,Not Passed,7,4.4,0.7
SP2023,SP2023-class 11,26,1905AGJDGD,,,7.9,,8.4,7.7,Passed,6.8,6.3,7.7
SP2023,SP2023-class 11,27,1905AFJIGI,,,0,,0,0.9,Attendance Fail,6.3,0,1
SP2023,SP2023-class 11,28,1905AGJDAB,,,4,,0,1.8,Not Passed,7.3,2.5,0
SP2023,SP2023-class 11,29,1905AGJDDA,,,8,,6.4,5.1,Passed,7,6,1
SP2023,SP2023-class 11,30,1905AGJDHH,,,0,,0,0.4,Attendance Fail,3.8,0,0
SP2023,SP2023-class 11,31,1905AGJCID,,,8,,5.2,5.5,Passed,6.8,7.8,3
SP2023,SP2023-class 11,32,1905AGJDHF,,,6.5,,6.8,5.7,Passed,6.8,6.7,3.5
SP2023,SP2023-class 11,33,1905AGJDAD,,,6,,6.4,5.3,Passed,8,5.2,2.7
SP2023,SP2023-class 11,34,1905AGJDFJ,,,7.5,,8.8,7.3,Passed,7.3,7.1,5.8
SP2023,SP2023-class 11,35,1905AGJEJA,,,8,,7.2,6.9,Passed,7.3,6.3,6.1
SP2023,SP2023-class 12,1,1905AGBIAH,,,0,,0,0,Attendance Fail,0,0,0
SP2023,SP2023-class 12,2,1905AGJFJH,,,7.5,,0,3.5,Not Passed,9.1,7.5,1
SP2023,SP2023-class 12,3,1905AGJEHD,,,8,,7.8,7.6,Passed,9,8.3,6.3
SP2023,SP2023-class 12,4,1905AGJEDJ,,,8,,5.2,5.7,Passed,9.8,8.3,2.3
SP2023,SP2023-class 12,5,1905AGAJFE,,,7,,9.2,8,Passed,8.1,7.5,7.6
SP2023,SP2023-class 12,6,1905AGAJGA,,,7,,8.2,7.6,Passed,9.7,7.5,6.8
SP2023,SP2023-class 12,7,1905AGJEHC,,,5.5,,7,5.7,Passed,9.4,7.1,3
SP2023,SP2023-class 12,8,1905AGAJFF,,,7,,8.8,7.5,Passed,8.7,7.5,6.3
SP2023,SP2023-class 12,9,1905AGAEDD,,,6,,5.4,6.2,Passed,9.3,7,5.8
SP2023,SP2023-class 12,10,1905AGAJIB,,,7,,8.4,8,Passed,8.6,7.3,8.4
SP2023,SP2023-class 12,11,1905AGAJGD,,,7.5,,7,6.5,Passed,9.6,7.5,4
SP2023,SP2023-class 12,12,1905AGAFIF,,,6,,7.4,6.4,Passed,9.5,7,4.3
SP2023,SP2023-class 12,13,1905AGBHJC,,,7.5,,5.6,6,Passed,9.1,7.5,4
SP2023,SP2023-class 12,14,1905AGJEBE,,,7.5,,8.4,7.4,Passed,7.9,7.5,6
SP2023,SP2023-class 12,15,0805ADJFJG,,,6,,6.4,5.5,Passed,8.4,4.8,3.7
SP2023,SP2023-class 12,16,1905AGJEID,,,5.5,,0,2.8,Is Susspended,9.5,7.1,0
SP2023,SP2023-class 12,17,1905AGJEFI,,,7.5,,7.2,6.6,Passed,9,7.5,4.2
SP2023,SP2023-class 12,18,1905AGAJAG,,,7.5,,6,5.8,Passed,7.7,7.5,3.3
SP2023,SP2023-class 12,19,1905AGJEDE,,,8,,7,6.7,Passed,9.7,8.3,4
SP2023,SP2023-class 12,20,1905AGJFJE,,,7.5,,0,3.2,Not Passed,9.1,7.5,0
SP2023,SP2023-class 12,21,1905AGAJAA,,,7.5,,7,6.8,Passed,9.1,7.7,5
SP2023,SP2023-class 12,22,1905AGJEHE,,,8,,8.2,7.8,Passed,9.6,8.3,6.4
SP2023,SP2023-class 12,23,1905ACJBFI,,,0,,0,0,Attendance Fail,0,0,0
SP2023,SP2023-class 12,24,1905AGAFAG,,,6,,8.2,6.2,Passed,9,7,3.1
SP2023,SP2023-class 12,25,1905AFAHBE,,,7.5,,6,6.2,Passed,7.9,7.5,4.5
SP2023,SP2023-class 12,26,1905AGAJFJ,,,7.5,,4.8,6,Passed,9.5,7.5,4.6
SP2023,SP2023-class 12,27,1905AGAJDI,,,7,,6.4,6,Passed,7.8,7.5,3.8
SP2023,SP2023-class 12,28,1905AGJEFC,,,7.5,,5.8,5.2,Passed,9.5,7.5,1
SP2023,SP2023-class 12,29,1905AGJECI,,,8,,7.4,7.6,Passed,9.6,8.3,6.8
SP2023,SP2023-class 12,30,1905AFAJBJ,,,5.5,,6,4.5,Not Passed,9,7.1,0
SP2023,SP2023-class 12,31,1905AGAECG,,,6,,8.2,7,Passed,8.9,7,5.9
SP2023,SP2023-class 12,32,1905AGAJGF,,,7,,6.4,5.5,Passed,8.8,7.2,1.9
SP2023,SP2023-class 12,33,1905AGAEDC,,,6,,0,4.1,Not Passed,9.6,7,4
SP2023,SP2023-class 12,34,1905AGJECF,,,8,,7.2,7,Passed,9.8,8.2,4.8
SP2023,SP2023-class 13,1,1905AFJGFE,,,8,,5.6,5.9,Passed,9.2,7.1,3.2
SP2023,SP2023-class 13,2,1905AGAJHD,,,7.5,,5.8,5.2,Passed,9.7,9.1,0.3
SP2023,SP2023-class 13,3,1905AGAAEG,,,9,,8.4,7.4,Passed,9.6,8.2,4.3
SP2023,SP2023-class 13,4,1905AGAAJC,,,7.5,,7.8,7,Passed,9.4,8.9,4.3
SP2023,SP2023-class 13,5,1905AGACDJ,,,6.5,,0,2.7,Is Susspended,7,6.7,0
SP2023,SP2023-class 13,6,1905AGAAEE,,,9,,7.8,6.2,Passed,9.3,7.9,1
SP2023,SP2023-class 13,7,1905AGABAJ,,,6.5,,0,3,Not Passed,9.5,7.1,0
SP2023,SP2023-class 13,8,1905AGAACB,,,6.5,,0,2.8,Not Passed,8.4,6.7,0
SP2023,SP2023-class 13,9,1905AGAAEC,,,9,,8.2,6.7,Passed,9.4,8.1,2.2
SP2023,SP2023-class 13,10,1905AGAJIF,,,7.5,,5.4,5.3,Passed,8.8,8.6,1.3
SP2023,SP2023-class 13,11,1905AGAAHE,,,0,,0,0.9,Attendance Fail,4.5,4.2,0
SP2023,SP2023-class 13,12,1905AGAACF,,,7.5,,9.4,6.4,Passed,9.7,9.1,0.8
SP2023,SP2023-class 13,13,1905AGABED,,,7.5,,0,3.2,Not Passed,9.3,7.5,0
SP2023,SP2023-class 13,14,1905AGAACA,,,8,,7.4,6.9,Passed,8.3,7.2,5.1
SP2023,SP2023-class 13,15,1905AGADHH,,,9,,7.8,6.5,Passed,9.4,7.9,2.1
SP2023,SP2023-class 13,16,1905AGAJBD,,,9,,9.4,8.7,Passed,9.3,8.4,7.7
SP2023,SP2023-class 13,17,1905AEJICG,,,6.5,,5.2,5.3,Passed,8.8,8.1,2.6
SP2023,SP2023-class 13,18,1905AFAFBI,,,8,,6.8,5.6,Passed,6.3,7.1,2
SP2023,SP2023-class 13,19,1905AGABJH,,,7.5,,8.6,7.1,Passed,9.9,7,4.3
SP2023,SP2023-class 13,20,1905AGABDE,,,7.5,,6.2,5.9,Passed,9.3,7.4,2.8
SP2023,SP2023-class 13,21,1905AGAAFJ,,,6,,9,7.8,Passed,9.4,7.5,7.4
SP2023,SP2023-class 13,22,1905AGAADF,,,9,,6.8,7.3,Passed,8.4,8.2,5.9
SP2023,SP2023-class 13,23,1905AGABCI,,,7.5,,7,6.5,Passed,9.4,7.7,4.1
SP2023,SP2023-class 13,24,1905AGAFEE,,,8,,8,7.1,Passed,8.3,7.2,5
SP2023,SP2023-class 13,25,1905AGAJIE,,,7.5,,8.2,7.8,Passed,9.4,8.9,6.8
SP2023,SP2023-class 13,26,1905AGCBGJ,,,8,,5.6,6.2,Passed,9,7.6,4.3
SP2023,SP2023-class 13,27,1905AGABAC,,,7.5,,7.2,6.9,Passed,9.5,7.6,5
SP2023,SP2023-class 13,28,1905AGAAIA,,,6,,6.8,6.4,Passed,9.3,6.6,5.1
SP2023,SP2023-class 13,29,1905AGAACC,,,7.5,,0,3.9,Not Passed,8.9,8.9,2.2
SP2023,SP2023-class 13,30,1905AGAAIF,,,6,,9.2,7.8,Passed,9.3,7.4,7.1
SP2023,SP2023-class 13,31,1905AGABJI,,,6.5,,6.6,5.5,Passed,9.4,7.1,2
SP2023,SP2023-class 13,32,1905AGABBG,,,7.5,,8.4,6.7,Passed,9.7,7.7,3.1
SP2023,SP2023-class 13,33,1905AGBBBE,,,6.5,,7.8,6.7,Passed,9.4,7.2,4.6
SP2023,SP2023-class 14,1,1905AGACJJ,,,6,,8,6.8,Passed,9.5,7.1,5.3
SP2023,SP2023-class 14,2,1905AGACFI,,,0,,0,0,Attendance Fail,0,0,0
SP2023,SP2023-class 14,3,1905AGACFB,,,7.5,,8.6,7.7,Passed,9.6,7.7,6.3
SP2023,SP2023-class 14,4,1905AGACAE,,,6,,7.2,5.9,Passed,9.3,7.3,3.1
SP2023,SP2023-class 14,5,1905AGBBBJ,,,9,,8.6,8.8,Passed,9.7,8.3,8.8
SP2023,SP2023-class 14,6,1905AGACEH,,,7.5,,7.2,6.6,Passed,9.3,7.7,4
SP2023,SP2023-class 14,7,1905AGABIE,,,7.5,,7.2,5.9,Passed,9.3,7.5,1.9
SP2023,SP2023-class 14,8,1905AGACCF,,,6,,7.6,6.2,Passed,9.3,7.3,3.4
SP2023,SP2023-class 14,9,1905AGACDC,,,6,,8,6.5,Passed,9.4,7.3,4.1
SP2023,SP2023-class 14,10,1905AGABHC,,,6,,6.8,6,Passed,9.1,7.4,3.7
SP2023,SP2023-class 14,11,1905AFJACD,,,6,,6.4,5.5,Passed,7.1,5.4,3.8
SP2023,SP2023-class 14,12,1905AGABIF,,,6,,6.4,5.1,Passed,9.4,7.4,0.9
SP2023,SP2023-class 14,13,1905AGACDG,,,7.5,,6.4,6,Passed,9.4,7.7,2.8
SP2023,SP2023-class 14,14,1905AGACAA,,,6,,8,7.1,Passed,9.3,7.3,6
SP2023,SP2023-class 14,15,1905AGBAIH,,,9,,9,8.9,Passed,9.7,8.3,8.8
SP2023,SP2023-class 14,16,1905AGADCF,,,8.5,,8.6,8.1,Passed,7.7,6.8,7.8
SP2023,SP2023-class 14,17,1905AGADDB,,,8,,0,3.1,Not Passed,8.5,6.9,0
SP2023,SP2023-class 14,18,1905AGABGH,,,6,,0,3.2,Not Passed,9.3,7.4,1
SP2023,SP2023-class 14,19,1905AGACJA,,,6,,9.8,8.2,Passed,9.5,7.4,7.8
SP2023,SP2023-class 14,20,1905AGACDH,,,7.5,,0,2.7,Attendance Fail,4.8,7.4,0
SP2023,SP2023-class 14,21,1905AGACAC,,,6,,7.8,6.4,Passed,9.5,7.3,4.1
SP2023,SP2023-class 14,22,1905AGACGA,,,8,,7.4,6,Passed,7.9,6.8,2.5
SP2023,SP2023-class 14,23,1905AGADBI,,,8,,6.8,6.1,Passed,9.3,6.9,2.8
SP2023,SP2023-class 14,24,1905AGABHD,,,6,,6,5,Passed,9.3,7.4,1
SP2023,SP2023-class 14,25,1905AGACIA,,,8.5,,7.4,6.6,Passed,8.4,6.9,3.9
SP2023,SP2023-class 14,26,1905AGACCI,,,6,,7.4,5.4,Passed,9.5,7.6,1
SP2023,SP2023-class 14,27,1905AGACBG,,,7.5,,8,7.4,Passed,9.6,7.6,5.8
SP2023,SP2023-class 14,28,1905AGACAD,,,6,,6.6,5.5,Passed,6.7,7.2,3
SP2023,SP2023-class 14,29,1905AGADDC,,,8.5,,7.8,6.1,Passed,7.6,6.8,2.1
SP2023,SP2023-class 14,30,1905AGACHB,,,5,,0,2.3,Not Passed,6.7,6.7,0
SP2023,SP2023-class 14,31,1905AGBAJH,,,9,,8,8.5,Passed,9.7,8.3,8.3
SP2023,SP2023-class 14,32,1905AGABIG,,,7.5,,7.2,5.6,Passed,9.2,7.7,1
SP2023,SP2023-class 14,33,1905AFBJBH,,,9,,6.4,6.3,Passed,9.5,8.3,2.8
SP2023,SP2023-class 14,34,1905AGACAJ,,,6,,8,6,Passed,9.1,7.6,2.3
SP2023,SP2023-class 15,1,1905AGADGE,,,1.5,,0,2.3,Not Passed,3.9,8.4,2.7
SP2023,SP2023-class 15,2,1905AGAEJG,,,2,,0,2.1,Not Passed,4.2,6,2.2
SP2023,SP2023-class 15,3,1905AGCBHI,,,6,,9.8,8.4,Passed,10,9.3,7.9
SP2023,SP2023-class 15,4,1901ACJJEB,,,0,,0,0,Attendance Fail,0,0,0
SP2023,SP2023-class 15,5,1905AGADBH,,,3,,6.8,5.2,Passed,9.6,7.1,3.1
SP2023,SP2023-class 15,6,1905AGAEBA,,,1,,0,1.9,Not Passed,8.3,3,2
SP2023,SP2023-class 15,7,1905AGCJFF,,,3,,7,6,Passed,9.5,8.1,5.2
SP2023,SP2023-class 15,8,1905AFJHAB,,,1,,0,2.1,Not Passed,8.7,7.6,1
SP2023,SP2023-class 15,9,1905AGCJCD,,,3,,6.2,4.8,Not Passed,8.7,8.5,2
SP2023,SP2023-class 15,10,1905AGADEA,,,1.5,,0,1.8,Not Passed,4.7,7,1
SP2023,SP2023-class 15,11,1905AGADDH,,,3,,8.4,6.2,Passed,9.2,7,5
SP2023,SP2023-class 15,12,1905AGAAEA,,,1.5,,0,1.7,Not Passed,4.7,6.8,1
SP2023,SP2023-class 15,13,1905AGAEEC,,,1,,8,5.3,Passed,9.4,8.1,3
SP2023,SP2023-class 15,14,1905AGAEFH,,,1.5,,7.8,4.8,Not Passed,9.2,6.4,2
SP2023,SP2023-class 15,15,1905AGAJHH,,,4,,8.8,7.5,Passed,9.3,9,7.3
SP2023,SP2023-class 15,16,1905AGBJGJ,,,4,,8.2,6.2,Passed,9.1,8.7,3.7
SP2023,SP2023-class 15,17,1905AGJEED,,,1,,8.4,5.7,Passed,9.2,8.4,4
SP2023,SP2023-class 15,18,1905AGBJCE,,,3,,6.6,5.3,Passed,9.8,7.8,3.3
SP2023,SP2023-class 15,19,1905AGAECI,,,1.5,,7,4.4,Not Passed,8.9,7.8,1
SP2023,SP2023-class 15,20,1905AGAEHD,,,1,,5.2,4.1,Not Passed,8.9,8.2,2
SP2023,SP2023-class 15,21,1905AGADHE,,,1.5,,0,1.7,Not Passed,3.5,7.8,1
SP2023,SP2023-class 15,22,1905AGCFFF,,,1.5,,7.4,5.5,Passed,8.3,8.5,4.3
SP2023,SP2023-class 15,23,1905AGADDF,,,2,,8.2,5.6,Passed,9.7,7.2,3.6
SP2023,SP2023-class 15,24,1905AGAHFG,,,1.5,,9.2,6.1,Passed,9.6,8.4,4
SP2023,SP2023-class 15,25,1905AGBJFD,,,3,,7,6.1,Passed,9.6,8.4,5.3
SP2023,SP2023-class 15,26,1905AGAEHI,,,1,,0,2.3,Not Passed,8.3,8.2,1.4
SP2023,SP2023-class 15,27,1905AGABFA,,,4,,8,7.1,Passed,9,6.9,7.6
SP2023,SP2023-class 15,28,1905AGAEDB,,,1.5,,8,4.6,Not Passed,9.2,4.2,2
SP2023,SP2023-class 15,29,1905AGAHGA,,,1.5,,7.4,5.3,Passed,9.5,6.6,3.9
SP2023,SP2023-class 15,30,1905AGAEAH,,,1,,0,1.8,Not Passed,4.9,8.3,1
SP2023,SP2023-class 15,31,1905AGAFJI,,,1,,8,4.5,Not Passed,4,8,2.4
SP2023,SP2023-class 16,1,1905AGAFHJ,,,1.5,,7.2,5.2,Passed,7.7,6.7,4.2
SP2023,SP2023-class 16,2,1905AGAGBE,,,1.5,,5.8,3.9,Not Passed,9.3,6,1
SP2023,SP2023-class 16,3,1905AFJDCJ,,,3,,6,5.4,Passed,9.6,7.4,4.4
SP2023,SP2023-class 16,4,1905AGAABB,,,1,,5,5.1,Passed,8.7,7.1,6
SP2023,SP2023-class 16,5,1905AGAEGB,,,1.5,,7.6,5,Passed,9,6.6,3
SP2023,SP2023-class 16,6,1905AGAFHH,,,2.5,,7.8,5.6,Passed,9.4,8.1,3.4
SP2023,SP2023-class 16,7,1905AFJCFB,,,0,,0,1.1,Attendance Fail,9.1,1.4,0
SP2023,SP2023-class 16,8,1905AGAFAH,,,2.5,,9.2,5.8,Passed,9.4,8.6,2.4
SP2023,SP2023-class 16,9,1905AGAGBB,,,1.5,,8.4,5.4,Passed,9.2,7.7,3
SP2023,SP2023-class 16,10,1905AGJBGJ,,,3,,0,2.4,Not Passed,8.9,6,1
SP2023,SP2023-class 16,11,1905AFJHCE,,,3,,7,5.1,Passed,8.8,6.6,3
SP2023,SP2023-class 16,12,1905AGJJCA,,,3.5,,4.8,5.3,Passed,8.6,8.4,5
SP2023,SP2023-class 16,13,1905AGAFDF,,,4,,5.8,5.1,Passed,9.3,5.6,3.4
SP2023,SP2023-class 16,14,1905AEJHAD,,,0,,0,0,Attendance Fail,0,0,0
SP2023,SP2023-class 16,15,1905AGAFBF,,,2.5,,7.8,5.6,Passed,9.2,8.1,3.3
SP2023,SP2023-class 16,16,1905AGAFDJ,,,1.5,,7.6,5.6,Passed,9.9,8.2,4.1
SP2023,SP2023-class 16,17,1905AGAFFC,,,2.5,,8.2,4.6,Not Passed,8.9,7.7,0
SP2023,SP2023-class 16,18,1905AGAFCB,,,2.5,,8.8,5.5,Passed,9.1,8.3,2
SP2023,SP2023-class 16,19,1905AFAJCA,,,1.5,,0,1.8,Not Passed,4.5,7,1
SP2023,SP2023-class 16,20,1905AGAGCB,,,2.5,,5.6,5,Passed,9.3,7.9,3.7
SP2023,SP2023-class 16,21,1905ACJGGA,,,0,,0,2,Not Passed,8.8,5,2.2
SP2023,SP2023-class 16,22,1905AGAFCG,,,3,,9,7.2,Passed,9,8.5,7.3
SP2023,SP2023-class 16,23,1905AGAFGD,,,2.5,,8.8,6.8,Passed,9.9,8.9,5.8
SP2023,SP2023-class 16,24,1905AGAFEF,,,1.5,,8.4,5,Passed,9.4,6.3,2
SP2023,SP2023-class 16,25,0405AGJFHI,,,3,,7.2,5.8,Passed,9.7,8.2,4.1
SP2023,SP2023-class 16,26,1905AGAFHF,,,2.5,,8.2,6.3,Passed,9.6,7.9,5.3
SP2023,SP2023-class 16,27,1905AFAEFJ,,,3.5,,5.6,5,Passed,8.4,6.2,3.8
SP2023,SP2023-class 16,28,1905AFAICA,,,1.5,,0,1.6,Is Susspended,8.7,4.4,0
SP2023,SP2023-class 16,29,1905AGAFGA,,,2.5,,8,5,Passed,9.6,8.1,1
SP2023,SP2023-class 16,30,1905AGAFCI,,,1.5,,7.4,6.1,Passed,9.3,6.4,6.6
SP2023,SP2023-class 16,31,1905AGAFGF,,,2.5,,6.8,4.8,Not Passed,8.7,8.1,2.1
SP2023,SP2023-class 16,32,1905AFJCFC,,,3,,4.6,4.5,Not Passed,9.3,7,3
SP2023,SP2023-class 16,33,1905AGAGAB,,,3,,9.6,7.1,Passed,9.7,8.1,6.1
SP2023,SP2023-class 16,34,1905AFJJEE,,,3,,7,5.2,Passed,9.3,5.2,3.5
SP2023,SP2023-class 17,1,1905AGAHHI,,,8.4,,8.2,7.2,Passed,9.5,9.2,4
SP2023,SP2023-class 17,2,1905AGBIHG,,,6.6,,6.2,5.2,Passed,2.5,6,4
SP2023,SP2023-class 17,3,1905AGAGFF,,,7,,8,6.8,Passed,7,9,4.5
SP2023,SP2023-class 17,4,1905AGAHEH,,,8,,9,7.2,Passed,7.5,9.2,4
SP2023,SP2023-class 17,5,1905AGAJAH,,,6.8,,8.2,7.1,Passed,7.5,9,5.5
SP2023,SP2023-class 17,6,1905AFAJEB,,,3,,8,5.3,Passed,6,3.4,4.4
SP2023,SP2023-class 17,7,1905AGAHEJ,,,8.2,,8.4,7.2,Passed,9.5,9,4
SP2023,SP2023-class 17,8,1905AGAGEA,,,5.2,,6.6,5.3,Passed,6.5,9.2,2.5
SP2023,SP2023-class 17,9,1905AGAHAG,,,6.2,,8.4,6.4,Passed,8.5,8.8,3
SP2023,SP2023-class 17,10,1905AFJEHH,,,6.6,,8.2,6.9,Passed,9,9.2,4.2
SP2023,SP2023-class 17,11,1905AFJIIJ,,,5.8,,8.6,6.6,Passed,8,9.2,3.7
SP2023,SP2023-class 17,12,1905AGAHGE,,,5.2,,7.8,5.9,Passed,9.5,9.4,2
SP2023,SP2023-class 17,13,1905AGAGHC,,,6,,0,1.8,Not Passed,2.5,0,1
SP2023,SP2023-class 17,14,1905AGBCGE,,,0,,0,0,Attendance Fail,0,0,0
SP2023,SP2023-class 17,15,1905AGAJAJ,,,9.6,,7.6,7.6,Passed,9,9,5.4
SP2023,SP2023-class 17,16,1905AGAGEC,,,7.6,,7.6,7,Passed,8,9.2,5
SP2023,SP2023-class 17,17,1905AGAHCI,,,5.6,,8.2,7.1,Passed,6.5,9.4,6.4
SP2023,SP2023-class 17,18,1905AGAGEJ,,,8.2,,7.8,6.9,Passed,8.5,8.8,3.8
SP2023,SP2023-class 17,19,1905AGAGCD,,,8.4,,9.2,7.8,Passed,9,9.2,5
SP2023,SP2023-class 17,20,1905AGAGIC,,,9,,8,6.3,Passed,5.5,9.4,2.1
SP2023,SP2023-class 17,21,1905AGAHFB,,,6,,6,5.5,Passed,6.5,9,3
SP2023,SP2023-class 17,22,1905AGCEEC,,,0,,0,0,Attendance Fail,0,0,0
SP2023,SP2023-class 17,23,1905AGAHDF,,,4.8,,8.4,5.8,Passed,5.5,8.8,3
SP2023,SP2023-class 17,24,1905AGAHFI,,,7.4,,9,6.6,Passed,9,9.2,2
SP2023,SP2023-class 17,25,1905AGAHFE,,,7.4,,8.2,7.3,Passed,9.5,9.2,5
SP2023,SP2023-class 17,26,1905AGAHDB,,,7.4,,8,5.8,Passed,7.5,9,1
SP2023,SP2023-class 17,27,1905AGAGEG,,,7,,8.6,7.6,Passed,7.5,8.6,6.6
SP2023,SP2023-class 17,28,1905AGAGGA,,,8.6,,6.8,5.9,Passed,7,8.8,1.7
SP2023,SP2023-class 17,29,1905AGAGIG,,,8.6,,9.2,6.6,Passed,7.5,9,1.5
SP2023,SP2023-class 17,30,1905AGAGIA,,,8.4,,7.6,6.2,Passed,7,9.4,2
SP2023,SP2023-class 17,31,1905AGAHEF,,,0,,0,0.6,Not Passed,0,0,2
SP2023,SP2023-class 17,32,1905AGAHEC,,,6,,8.6,6.6,Passed,9.5,9.2,3.2
SP2023,SP2023-class 17,33,1905AGAHJE,,,4.8,,6,4.9,Not Passed,7.5,9.2,1.4
SP2023,SP2023-class 17,34,1905AGAEJD,,,5.8,,0,3,Not Passed,9.5,9,0
SP2023,SP2023-class 17,35,1905AGAGHI,,,6.4,,9.2,6.5,Passed,9.5,9,2.1
SP2023,SP2023-class 18,1,1905AGAICF,,,7,,7.4,6.7,Passed,9.1,9.6,4.1
SP2023,SP2023-class 18,2,1905AGAHDH,,,8,,8.8,7.4,Passed,8.9,9.6,4.4
SP2023,SP2023-class 18,3,1905AGAIJC,,,2,,0,1.3,Not Passed,3.8,4.2,0.4
SP2023,SP2023-class 18,4,1905AGAIJJ,,,2,,5.2,3.5,Not Passed,7.4,6,0.7
SP2023,SP2023-class 18,5,1905AGAIAC,,,7,,4.2,5,Passed,8.2,6,3
SP2023,SP2023-class 18,6,1905AGBJHF,,,7,,5.8,5.3,Passed,7.7,7.8,2.1
SP2023,SP2023-class 18,7,1905AGJJCB,,,8,,8.4,6.2,Passed,8,10,1
SP2023,SP2023-class 18,8,1905AGAIBG,,,6,,5.8,5.3,Passed,7.9,7,3
SP2023,SP2023-class 18,9,1905AFADJA,,,0,,0,0.1,Attendance Fail,0,0.8,0
SP2023,SP2023-class 18,10,1905AGAIJF,,,6,,6,6.2,Passed,8.3,9,5
SP2023,SP2023-class 18,11,1905AGBJAC,,,7,,8.8,6.8,Passed,8.5,8.8,3.3
SP2023,SP2023-class 18,12,1905AGAIAA,,,8,,5.4,5.1,Passed,7.5,9,0.8
SP2023,SP2023-class 18,13,1905AGAIII,,,7,,7.2,6,Passed,8.3,8.2,2.6
SP2023,SP2023-class 18,14,1905AGAIGH,,,8,,7.8,6.2,Passed,8.2,8,2
SP2023,SP2023-class 18,15,1905AGAHHJ,,,6,,6.8,5.4,Passed,8.8,9.6,1
SP2023,SP2023-class 18,16,1905AGAHDE,,,7,,7,6.2,Passed,6.3,8.4,4
SP2023,SP2023-class 18,17,1905AGAIID,,,7,,7.6,6,Passed,9,8.6,2
SP2023,SP2023-class 18,18,1905AGAIJB,,,0,,0,0,Attendance Fail,0,0,0
SP2023,SP2023-class 18,19,1905AGAIEG,,,7,,9.2,7.8,Passed,8.5,10,6
SP2023,SP2023-class 18,20,1905AGACBB,,,8,,7,5.5,Passed,8.9,5.8,1
SP2023,SP2023-class 18,21,1905AGBJCB,,,7,,7.4,6.1,Passed,8.7,9.6,2
SP2023,SP2023-class 18,22,1905AGAHGH,,,0,,0,0.4,Attendance Fail,0,4.2,0
SP2023,SP2023-class 18,23,1905AFBADB,,,8,,6.6,5.5,Passed,7.7,5,2
SP2023,SP2023-class 18,24,1905AEAAAD,,,0,,5.8,3.1,Not Passed,6.3,4,1
SP2023,SP2023-class 18,25,1905AFJFDF,,,8,,6,5.2,Passed,7.2,7.4,1.2
SP2023,SP2023-class 18,26,1905AGAICG,,,8,,7,6.4,Passed,8.9,9.2,3
SP2023,SP2023-class 18,27,1905AGBJAH,,,5,,6.2,6.1,Passed,7,9.6,5.1
SP2023,SP2023-class 18,28,1905AGAIHA,,,7,,7.6,6.7,Passed,7.6,9.6,4.4
SP2023,SP2023-class 18,29,1905AGACFH,,,5,,8.2,7,Passed,7.3,9.6,6
SP2023,SP2023-class 18,30,1905AGAIGA,,,5,,6.8,5.8,Passed,7.9,9.6,3.5
SP2023,SP2023-class 18,31,1905AFACJC,,,0,,6.4,4.6,Not Passed,7.3,4.6,5
SP2023,SP2023-class 18,32,1905AFBJDH,,,0,,0,0.5,Attendance Fail,3.8,0.8,0
SP2023,SP2023-class 18,33,1905AFJDCF,,,6,,5.2,5.4,Passed,8.2,4.6,4.6
SP2023,SP2023-class 19,1,1905AGBBAE,,,7.5,,6.2,6.2,Passed,8,7.3,4.4
SP2023,SP2023-class 19,2,1905AGBABA,,,9,,7.8,6.1,Passed,5.5,8.1,2
SP2023,SP2023-class 19,3,1905AGBAEG,,,7.5,,0,3.1,Not Passed,8.5,7.2,0
SP2023,SP2023-class 19,4,1905AGAHEI,,,0,,0,0.3,Attendance Fail,3.3,0,0
SP2023,SP2023-class 19,5,1905AGBABB,,,8,,8.6,6.3,Passed,6.5,7.3,2.3
SP2023,SP2023-class 19,6,1905AGBACB,,,8,,0,3.2,Not Passed,8.3,7.8,0
SP2023,SP2023-class 19,7,1905AGCFEA,,,7.5,,5.4,5.3,Passed,6.8,5.7,3
SP2023,SP2023-class 19,8,1905AGADEE,,,7.5,,7.4,6.6,Passed,6.8,7.5,4.8
SP2023,SP2023-class 19,9,1905AGBAGB,,,0,,0,0.4,Not Passed,3.5,0,0
SP2023,SP2023-class 19,10,1905AGJAGB,,,6.5,,7.8,6,Passed,7.5,6.8,3
SP2023,SP2023-class 19,11,1905AGBAEB,,,7.5,,6.6,6.1,Passed,7.8,7.3,3.7
SP2023,SP2023-class 19,12,1905AGAEGF,,,7,,7.6,6.3,Passed,8.3,6.8,3.8
SP2023,SP2023-class 19,13,1905AGBAGI,,,0,,0,1.4,Not Passed,6.5,0,2.6
SP2023,SP2023-class 19,14,1905AEJIGA,,,0,,0,0,Attendance Fail,0,0,0
SP2023,SP2023-class 19,15,1905AFACGB,,,0,,0,0.4,Attendance Fail,4.3,0,0
SP2023,SP2023-class 19,16,1905AEJBCI,,,8,,6.4,6.1,Passed,7.3,7.8,3.6
SP2023,SP2023-class 19,17,1905AGBJII,,,7.5,,7.2,6.6,Passed,7,7.1,5.1
SP2023,SP2023-class 19,18,1905AGBAHE,,,7.5,,6,5.2,Passed,8.8,7.5,1
SP2023,SP2023-class 19,19,1905AGBGEC,,,6,,5.6,4.9,Not Passed,7,5.1,2.8
SP2023,SP2023-class 19,20,1905AFADBD,,,4,,0,3.2,Not Passed,7.3,4.5,4
SP2023,SP2023-class 19,21,1905FBIEI,,,0,,0,0,Attendance Fail,0,0,0
SP2023,SP2023-class 19,22,1905AGBABJ,,,0,,0,1.6,Attendance Fail,6.8,0,3
SP2023,SP2023-class 19,23,1905AFAJAI,,,0,,0,0.7,Attendance Fail,6.5,0,0
SP2023,SP2023-class 19,24,1905AGBAED,,,8.5,,7.2,5.7,Passed,7,7.9,1
SP2023,SP2023-class 19,25,1905AGAEED,,,6,,5.2,5.6,Passed,7.5,5.9,5
SP2023,SP2023-class 19,26,1905ADJDFE,,,0,,0,0,Attendance Fail,0,0,0
SP2023,SP2023-class 19,27,1905AGACAF,,,8,,7,6.3,Passed,7.8,8.3,3.4
SP2023,SP2023-class 19,28,1905AGADAI,,,7.5,,6.6,5.7,Passed,6.3,7.2,3
SP2023,SP2023-class 19,29,1905AGBBCC,,,7.5,,6.2,5.3,Passed,6.5,7,2
SP2023,SP2023-class 19,30,1905AGBBCJ,,,7.5,,6.4,5.7,Passed,7.5,7.3,2.8
SP2023,SP2023-class 19,31,1905AGJAFF,,,6.5,,6,5,Passed,6,6.9,2
SP2023,SP2023-class 19,32,1905AGBGEE,,,7.5,,6.4,6.9,Passed,7.5,7.8,6.6
SP2023,SP2023-class 19,33,1905AGBBAI,,,7.5,,5.8,5,Passed,6.8,7.6,1
SP2023,SP2023-class 20,1,1905AGBCED,,,10,,7.6,6.9,Passed,10,10,2
SP2023,SP2023-class 20,2,1905AGBBHH,,,10,,7.6,6.9,Passed,10,10,2
SP2023,SP2023-class 20,3,1905AGBBGF,,,10,,9.2,7.4,Passed,10,10,2
SP2023,SP2023-class 20,4,1905AGBCCD,,,10,,0,4,Not Passed,10,10,0
SP2023,SP2023-class 20,5,1905AGBDAH,,,10,,4.8,6.3,Passed,10,10,2.9
SP2023,SP2023-class 20,6,1905AGBBGG,,,10,,6.8,6.9,Passed,10,10,3
SP2023,SP2023-class 20,7,1905AGBCGA,,,10,,5.8,6.3,Passed,10,10,2
SP2023,SP2023-class 20,8,1905AGADIF,,,10,,6.8,7,Passed,10,10,3.1
SP2023,SP2023-class 20,9,1905AGJAJE,,,0,,0,0.5,Attendance Fail,5,0,0
SP2023,SP2023-class 20,10,1905AGBBCI,,,10,,5.8,6.3,Passed,10,10,2
SP2023,SP2023-class 20,11,1905AGBEBE,,,10,,7.2,7.1,Passed,10,10,3
SP2023,SP2023-class 20,12,1905AGBBIE,,,10,,5.6,6.6,Passed,10,10,3
SP2023,SP2023-class 20,13,1905AGBCAD,,,10,,0,2.4,Attendance Fail,4,0,0
SP2023,SP2023-class 20,14,1905AGBFAG,,,10,,7.8,7.4,Passed,10,10,3.4
SP2023,SP2023-class 20,15,1905AGBBIB,,,10,,0,4,Not Passed,10,10,0
SP2023,SP2023-class 20,16,1905AGBCBH,,,10,,6.6,6.8,Passed,10,10,2.7
SP2023,SP2023-class 20,17,1905AGBCAE,,,10,,7.8,6.6,Passed,10,10,1
SP2023,SP2023-class 20,18,1905AGBCJC,,,10,,7.8,7.5,Passed,10,10,4
SP2023,SP2023-class 20,19,1905AGBIHH,,,10,,7,7.4,Passed,10,10,4.2
SP2023,SP2023-class 20,20,1905AGBCCH,,,10,,8.8,7.5,Passed,10,10,3
SP2023,SP2023-class 20,21,1905AGBBID,,,10,,6.8,7.3,Passed,10,10,4.1
SP2023,SP2023-class 20,22,1905AGBCCA,,,10,,5.6,6.6,Passed,10,10,3
SP2023,SP2023-class 20,23,1905AGBCFE,,,10,,7,7.4,Passed,10,10,4.4
SP2023,SP2023-class 20,24,1905AGCCEH,,,10,,7.4,7.1,Passed,10,10,3
SP2023,SP2023-class 20,25,1905AGBCJG,,,10,,7.2,7.9,Passed,10,10,5.7
SP2023,SP2023-class 20,26,1905AGBCEG,,,10,,6.4,6.2,Passed,10,10,1
SP2023,SP2023-class 20,27,1905AGBCDC,,,10,,7.8,7.4,Passed,10,10,3.5
SP2023,SP2023-class 20,28,1905AGBDAC,,,10,,4.4,6.7,Passed,10,10,4.7
SP2023,SP2023-class 20,29,1905AGJACG,,,10,,7,7.8,Passed,10,10,5.5
SP2023,SP2023-class 20,30,1905AGBCDB,,,10,,6.8,6.9,Passed,10,10,3
SP2023,SP2023-class 20,31,1905AGBBDG,,,10,,6.2,6.5,Passed,10,10,2
SP2023,SP2023-class 20,32,1905AGBAGJ,,,10,,5.8,6.3,Passed,10,10,2
SP2023,SP2023-class 20,33,1905AGJEBA,,,10,,5.6,6.8,Passed,10,10,3.7
SP2023,SP2023-class 21,1,1905AGBDDJ,,,6,,5.8,5.4,Passed,8.6,8.4,2.4
SP2023,SP2023-class 21,2,1905AGBEEB,,,6.5,,7.8,6.1,Passed,8.7,7.7,2.6
SP2023,SP2023-class 21,3,1905AGAAGC,,,10,,7.2,7.1,Passed,8.8,7.8,4.4
SP2023,SP2023-class 21,4,1905AGBEBG,,,7,,6.4,5.4,Passed,6.3,5.9,3
SP2023,SP2023-class 21,5,1905AGBCEB,,,5,,0,1.7,Attendance Fail,3.6,3.1,0
SP2023,SP2023-class 21,6,1905AGBEAD,,,6,,8.8,6.3,Passed,8.2,7.1,3
SP2023,SP2023-class 21,7,1905AGBDHB,,,7,,9.2,6.5,Passed,7.2,6.8,3.3
SP2023,SP2023-class 21,8,1905AGBFID,,,6.5,,7.4,5,Passed,7.3,4.4,1
SP2023,SP2023-class 21,9,1905AGBEHF,,,7,,8.6,7.4,Passed,7.8,8.3,5.9
SP2023,SP2023-class 21,10,1905AGBEFH,,,10,,9,8.7,Passed,8.5,9.5,7.4
SP2023,SP2023-class 21,11,1905AGBDFC,,,7,,8.2,5.7,Passed,6.3,5.6,2
SP2023,SP2023-class 21,12,1905AGBEGF,,,7,,8.8,7.6,Passed,7.6,8.8,6.3
SP2023,SP2023-class 21,13,1905AGBCBG,,,6,,6.6,4.4,Not Passed,7,4.7,0
SP2023,SP2023-class 21,14,1905AGBDHI,,,7,,7,5.1,Passed,6.9,5.9,1
SP2023,SP2023-class 21,15,1905AGBEBJ,,,7,,8.2,7,Passed,8.2,8.5,5
SP2023,SP2023-class 21,16,1905AGBEGA,,,7,,9,7.1,Passed,8.2,9,4.4
SP2023,SP2023-class 21,17,1905AGBDGH,,,6,,8.4,6.3,Passed,8.4,6.8,3.4
SP2023,SP2023-class 21,18,1905AGBECC,,,6.5,,7.6,6.1,Passed,9,7.3,3
SP2023,SP2023-class 21,19,1905AGBHEF,,,5,,8.6,5.8,Passed,7.2,5.6,3
SP2023,SP2023-class 21,20,1905AGBDBA,,,6,,7.6,5.5,Passed,8,7.8,1.3
SP2023,SP2023-class 21,21,1905AGBDBI,,,0,,0,0.8,Attendance Fail,3.9,3.9,0
SP2023,SP2023-class 21,22,1905AGBAGC,,,10,,8.8,8,Passed,8.7,8.4,5.5
SP2023,SP2023-class 21,23,1905AGAAID,,,10,,8.8,8.4,Passed,8.7,8.6,6.9
SP2023,SP2023-class 21,24,1905AGBEDH,,,6.5,,8,5.8,Passed,7.1,7.9,2
SP2023,SP2023-class 21,25,1905AGBEHG,,,7,,0,3.1,Not Passed,8.3,8.5,0
SP2023,SP2023-class 21,26,1905AGBDIG,,,6,,6.4,6.1,Passed,7.9,6.6,5
SP2023,SP2023-class 21,27,1905AGBDDB,,,6,,6.6,5.7,Passed,7.7,7.7,3.4
SP2023,SP2023-class 21,28,1905AGBDGG,,,5,,8.6,5.2,Passed,7.5,5.9,1
SP2023,SP2023-class 21,29,1905AGBDBC,,,5,,7.4,4.9,Not Passed,5.2,5.7,2
SP2023,SP2023-class 21,30,1905AGBDCF,,,6,,8,6.6,Passed,8.4,7.7,4.6
SP2023,SP2023-class 21,31,1905AGBEJJ,,,7,,7.6,6.2,Passed,6.9,5.6,4.4
SP2023,SP2023-class 21,32,1905AGBDCJ,,,6,,7.6,5.3,Passed,6.8,8.3,1
SP2023,SP2023-class 21,33,1905AGBDDE,,,6,,8.6,7.8,Passed,8.8,8.7,7.5
SP2023,SP2023-class 21,34,1905AGBDCG,,,6,,8.2,7.4,Passed,7.9,8,7.1
SP2023,SP2023-class 21,35,1905AGBDHE,,,8,,0,2,Attendance Fail,3.9,0,0
SP2023,SP2023-class 22,1,1905AGBFFD,,,8,,8,6.9,Passed,8.7,8.5,4
SP2023,SP2023-class 22,2,1905AGBGDH,,,7.8,,8,6.2,Passed,8.6,8,2
SP2023,SP2023-class 22,3,1905AGBFFG,,,6.8,,8.4,6.5,Passed,7.9,8.7,3.2
SP2023,SP2023-class 22,4,1905AGBDJB,,,6.8,,0,3.2,Not Passed,8.3,7.5,1
SP2023,SP2023-class 22,5,1905AGAAED,,,9.3,,9.4,8.5,Passed,9.7,10,6.3
SP2023,SP2023-class 22,6,1905AGBFFA,,,6.5,,0,3,Not Passed,7.9,6,1
SP2023,SP2023-class 22,7,1905AGBHFH,,,6.8,,6.6,5.5,Passed,7.2,8.2,2.1
SP2023,SP2023-class 22,8,1905AGBFGD,,,8,,7.2,6.6,Passed,8.6,8.6,3.6
SP2023,SP2023-class 22,9,1905AGBFDA,,,7.3,,5,5.4,Passed,8.6,8.6,2.5
SP2023,SP2023-class 22,10,1905AGBGCH,,,7,,6.6,6.2,Passed,8.2,7.6,4.1
SP2023,SP2023-class 22,11,1905AGBGDD,,,8.5,,5.2,6.5,Passed,9.7,9.2,4.4
SP2023,SP2023-class 22,12,1905AGABEE,,,9.1,,7.2,7.2,Passed,8.5,8.9,4.8
SP2023,SP2023-class 22,13,1905AGBFCA,,,9.3,,0,3.6,Not Passed,8.9,8.9,0
SP2023,SP2023-class 22,14,1905AGAEGG,,,6.9,,0,3,Is Susspended,7.9,8.7,0
SP2023,SP2023-class 22,15,1905AGAAFD,,,9,,9.2,8.1,Passed,9.1,10,5.6
SP2023,SP2023-class 22,16,1905AGBFGG,,,9.1,,8.2,7.5,Passed,9.7,9.4,4.4
SP2023,SP2023-class 22,17,1905AGBFBE,,,8,,4.8,5.5,Passed,8.1,7.5,3.1
SP2023,SP2023-class 22,18,1905AGBBFA,,,8.3,,7,6.9,Passed,9.7,8.9,4.3
SP2023,SP2023-class 22,19,1905AGBGJD,,,8.8,,8.2,8,Passed,9.7,9.3,6.4
SP2023,SP2023-class 22,20,1905AGBFBA,,,8,,6.6,6.6,Passed,8.7,9.2,4
SP2023,SP2023-class 22,21,1905AGBGFD,,,7.3,,5.2,5.7,Passed,8.9,7.3,3.6
SP2023,SP2023-class 22,22,1905AGBGEJ,,,6.8,,7,5.9,Passed,7.9,7.2,3
SP2023,SP2023-class 22,23,1905AGAGJD,,,6.5,,4.6,4.9,Not Passed,7.2,8.1,2.4
SP2023,SP2023-class 22,24,1905AGBFGI,,,7.5,,7.2,5.8,Passed,8.2,8.7,1.6
SP2023,SP2023-class 22,25,1905AGBFHJ,,,8.8,,8.2,8,Passed,9.7,9.2,6.3
SP2023,SP2023-class 22,26,1905AGBFII,,,9,,7.8,7.8,Passed,7.7,9.3,6.4
SP2023,SP2023-class 22,27,1905AGBGAE,,,6.8,,5.4,5.3,Passed,7.9,8.2,2.4
SP2023,SP2023-class 22,28,1905AGBFCJ,,,7.8,,6.4,5.9,Passed,9.7,8.4,2.2
SP2023,SP2023-class 22,29,1905AGBEID,,,9.8,,8.8,7.6,Passed,9.7,10,3.4
SP2023,SP2023-class 22,30,1905AGBGDA,,,6.3,,6.6,5.5,Passed,6.7,6.2,3.4
SP2023,SP2023-class 22,31,1905AFAFBJ,,,7.8,,7,6,Passed,6.9,8.3,2.8
SP2023,SP2023-class 22,32,1905AGBFAH,,,0,,0,0.5,Attendance Fail,0,5.4,0
SP2023,SP2023-class 22,33,1905AGBAID,,,8.8,,4.8,5.4,Passed,7.7,8.8,2
SP2023,SP2023-class 22,34,1905AGBGBD,,,7.8,,7.8,6.2,Passed,8.7,8.1,2
SP2023,SP2023-class 22,35,1905AGBEHH,,,9,,9.2,8.3,Passed,9.7,10,6
SP2023,SP2023-class 23,1,1905AGAGGG,,,9.5,,8,8.3,Passed,8,9.6,7.4
SP2023,SP2023-class 23,2,1905AGBHIH,,,10,,5.8,6.2,Passed,7.1,8.8,3
SP2023,SP2023-class 23,3,1905AGAFHB,,,9.5,,8.4,8.3,Passed,7.8,9.6,7.1
SP2023,SP2023-class 23,4,1905AGADGC,,,0,,0,0,Attendance Fail,0,0,0
SP2023,SP2023-class 23,5,1905AGBICB,,,9.3,,7.6,7.6,Passed,8.5,9.6,5.4
SP2023,SP2023-class 23,6,1905AGAFEI,,,9.3,,8.6,6.9,Passed,9.3,9.8,2
SP2023,SP2023-class 23,7,1905AGBIBC,,,8,,6.6,5.9,Passed,6.6,8,3
SP2023,SP2023-class 23,8,1905AGBHED,,,9,,8.6,7.2,Passed,7.4,8.6,4
SP2023,SP2023-class 23,9,1905AGAGAJ,,,10,,9.4,7.9,Passed,10,9.8,3.5
SP2023,SP2023-class 23,10,1905AGAGGF,,,9.3,,8.6,7.4,Passed,9.4,9.8,3.4
SP2023,SP2023-class 23,11,1905AGBIJH,,,8.5,,6.8,7.1,Passed,7.5,9.8,5.4
SP2023,SP2023-class 23,12,1905AGBIAB,,,9.7,,6.8,6,Passed,8.2,9.2,1
SP2023,SP2023-class 23,13,1905AGBHGI,,,9.3,,7,7.2,Passed,7.6,8.4,5.4
SP2023,SP2023-class 23,14,1905AGABHB,,,9.3,,7.2,7.1,Passed,8,9.8,4.4
SP2023,SP2023-class 23,15,1905AGBHDG,,,9.3,,7.4,6.8,Passed,7.7,10,3
SP2023,SP2023-class 23,16,1905AGAGJB,,,9.5,,8.6,7.5,Passed,8.2,9.6,4.2
SP2023,SP2023-class 23,17,1905AGBHCB,,,9.3,,0,3.6,Not Passed,3.7,7.2,2
SP2023,SP2023-class 23,18,1905AGBHJA,,,9.3,,7.4,6.9,Passed,8.6,9.6,3.4
SP2023,SP2023-class 23,19,1905AGBHAD,,,9.3,,8,6.9,Passed,8,9,3.3
SP2023,SP2023-class 23,20,1905AGBIAG,,,8.5,,8,7.1,Passed,7.6,9.2,4.5
SP2023,SP2023-class 23,21,1905AGBGHC,,,9.3,,7.8,5.8,Not Passed,6.6,9.2,0
SP2023,SP2023-class 23,22,1905AGAAGE,,,9.3,,6.6,7.1,Passed,8.3,8.2,5.4
SP2023,SP2023-class 23,23,1905AGBHHF,,,9.3,,7,6.2,Passed,7.2,9,2
SP2023,SP2023-class 23,24,1905AFJBCJ,,,8.3,,6.2,7.2,Passed,8,9,6.6
SP2023,SP2023-class 23,25,1905AGAGHB,,,10,,9.4,9.3,Passed,9.9,9.8,8.4
SP2023,SP2023-class 23,26,1905AGBHHH,,,9.7,,7.6,6.8,Passed,8.1,9.2,3
SP2023,SP2023-class 23,27,1905AGBHGB,,,9,,8.4,7.3,Passed,8.2,9.2,4.3
SP2023,SP2023-class 23,28,1905AGBHEC,,,0,,0,0,Attendance Fail,0,0,0
SP2023,SP2023-class 23,29,1905AGBHEH,,,9,,7.2,6.9,Passed,6.7,8.8,4.5
SP2023,SP2023-class 23,30,1905AGAGJH,,,10,,9.2,8.8,Passed,9.8,9.8,6.9
SP2023,SP2023-class 23,31,1905AEJCFA,,,8.3,,6,5.7,Passed,7.1,9.6,2
SP2023,SP2023-class 23,32,1905AGBGIA,,,9.7,,7.2,6.9,Passed,5.5,9.4,4.5
SP2023,SP2023-class 23,33,1905AGBICG,,,8,,8.6,6.9,Passed,7.8,7.6,4
SP2023,SP2023-class 23,34,1905AGAEAG,,,10,,9.6,8.7,Passed,9.9,9.8,6.2
SP2023,SP2023-class 23,35,1905AGCBHH,,,9.3,,5.8,6,Passed,7,8.4,3
SP2023,SP2023-class 24,1,1905AGCDIH,,,5.2,,7.2,5,Passed,6,7,1.7
SP2023,SP2023-class 24,2,1905AGCJHF,,,5.8,,7,5.1,Passed,6.5,6,2
SP2023,SP2023-class 24,3,1905AGCJBG,,,6,,9,6.3,Passed,6,7.6,3.4
SP2023,SP2023-class 24,4,1905AGBICI,,,6.2,,4.2,5.7,Passed,6,9.4,5.4
SP2023,SP2023-class 24,5,1905AGCJEE,,,5.2,,7.8,7,Passed,8,5.6,7.4
SP2023,SP2023-class 24,6,1905AGBIIH,,,4.8,,7.2,5.5,Passed,8.5,8.2,2.2
SP2023,SP2023-class 24,7,1905AGAECF,,,5.2,,5.6,4.8,Not Passed,6,8,2.1
SP2023,SP2023-class 24,8,1905AGBIDJ,,,2.4,,6.2,4.6,Not Passed,6.5,6.8,3
SP2023,SP2023-class 24,9,1905AGBIDE,,,6,,6,4.7,Not Passed,5.5,8.6,1
SP2023,SP2023-class 24,10,1905AGCJID,,,6.4,,7.2,6.4,Passed,7,6.2,5.5
SP2023,SP2023-class 24,11,1905AGCAAC,,,6,,8.6,6.7,Passed,9,8.2,4
SP2023,SP2023-class 24,12,1905AGCJAG,,,7.4,,6.8,6.2,Passed,4.5,2.6,6.4
SP2023,SP2023-class 24,13,1905AGCAAG,,,7.2,,8.6,7.1,Passed,6,7,6
SP2023,SP2023-class 24,14,1905AGBICH,,,6,,9,6.3,Passed,5.8,8.2,3.4
SP2023,SP2023-class 24,15,1905AGCFGC,,,6.8,,7.6,4.8,Not Passed,6.5,2.4,1
SP2023,SP2023-class 24,16,1905AGCABF,,,8.8,,9.2,7.6,Passed,6.5,9.2,5
SP2023,SP2023-class 24,17,1905AGABDF,,,6.6,,8.2,7.3,Passed,7.5,8.8,6.3
SP2023,SP2023-class 24,18,1905AGBIEF,,,4.6,,7.4,4.8,Not Passed,6,7.2,1
SP2023,SP2023-class 24,19,1905AGBHDB,,,8.4,,9,7,Passed,7,7.4,4
SP2023,SP2023-class 24,20,1905AGCJJH,,,5.4,,8,6.5,Passed,7.5,8.4,4.6
SP2023,SP2023-class 24,21,1905ACJAIB,,,0,,0,0,Attendance Fail,0,0,0
SP2023,SP2023-class 24,22,1905AGCJDA,,,3.2,,7.2,4.9,Not Passed,5.5,8.6,2.4
SP2023,SP2023-class 24,23,1905AGCAJF,,,3.8,,0,2.5,Not Passed,6.5,7.4,1
SP2023,SP2023-class 24,24,1905AGCJHC,,,6.4,,7,5.7,Passed,7.5,8.8,2.4
SP2023,SP2023-class 24,25,1905AGCADD,,,7.2,,6.6,5.6,Passed,6,7.8,2.6
SP2023,SP2023-class 24,26,1905AGCJEI,,,7,,6.6,5,Passed,6,7.4,1
SP2023,SP2023-class 24,27,1905AGCAAI,,,7.4,,7.6,6.3,Passed,6.5,6.8,4
SP2023,SP2023-class 24,28,1905AGBIDG,,,6.8,,8.6,6.5,Passed,9.5,6.8,3
SP2023,SP2023-class 24,29,1905AGBIEH,,,8.8,,7.4,7.1,Passed,8,9.2,4.7
SP2023,SP2023-class 24,30,1905AGCJDI,,,8.8,,6.6,6.8,Passed,7.5,5.4,6
SP2023,SP2023-class 24,31,1905AGCAAB,,,5.8,,8.4,5.6,Passed,7,8.8,1
SP2023,SP2023-class 24,32,1905AGCADJ,,,7.2,,8.4,6.9,Passed,7.5,9,4.4
SP2023,SP2023-class 24,33,1905AGCACJ,,,8,,0,3.6,Not Passed,8,6.4,2
SP2023,SP2023-class 24,34,1905AGBHGE,,,7.4,,8.6,6,Passed,5.5,7,2.2
SP2023,SP2023-class 24,35,1905AGCAFE,,,4.2,,6.8,5.5,Passed,7,7.2,4.1
SP2023,SP2023-class 25,1,1905AGCBJI,,,5,,6.2,5.9,Passed,7.9,6.8,5.3
SP2023,SP2023-class 25,2,1905AGCAEH,,,1.5,,0,1.8,Not Passed,9.4,5.9,0
SP2023,SP2023-class 25,3,1905AGCFGB,,,6.5,,8.6,7.1,Passed,9.2,7,5.5
SP2023,SP2023-class 25,4,1905AGCCCD,,,2.5,,7.2,5.5,Passed,9.1,7.6,3.8
SP2023,SP2023-class 25,5,1905AGCAGB,,,2,,0,2.1,Not Passed,5,6.2,2
SP2023,SP2023-class 25,6,1905AGCAIF,,,3.5,,7.2,5.7,Passed,7.7,6.2,4.7
SP2023,SP2023-class 25,7,1905AGCBEC,,,2,,3.6,4.3,Not Passed,9.1,6.4,4.1
SP2023,SP2023-class 25,8,1905AFAABE,,,2.5,,7,4.7,Not Passed,7.7,5.7,2.5
SP2023,SP2023-class 25,9,1905AGCBDA,,,3.5,,7.2,6.3,Passed,8.8,8.4,5.8
SP2023,SP2023-class 25,10,1905AGCBHF,,,3,,8.2,5.3,Passed,4.5,7.6,3.4
SP2023,SP2023-class 25,11,1905AGCBAA,,,2,,5.6,4.4,Not Passed,9.2,7.8,2.1
SP2023,SP2023-class 25,12,1905AGCBBB,,,3,,9.4,7.8,Passed,9.6,8.6,8.6
SP2023,SP2023-class 25,13,1905AGCCAJ,,,5,,8.8,7,Passed,10,8.5,5.1
SP2023,SP2023-class 25,14,1905AGCBDJ,,,3.5,,8.6,6.1,Passed,9.6,6.7,4
SP2023,SP2023-class 25,15,1905AGCBDI,,,4.5,,7.6,5.5,Passed,4.7,7.8,3.5
SP2023,SP2023-class 25,16,1905AGCBII,,,3,,9.4,6.8,Passed,9.6,7.9,5.6
SP2023,SP2023-class 25,17,1905AGCAHA,,,2,,4.4,4.1,Not Passed,6,6.2,4
SP2023,SP2023-class 25,18,1905AGADID,,,5,,7.8,5.4,Passed,3.8,7.7,3
SP2023,SP2023-class 25,19,1905AGCFDD,,,5.5,,7.4,5.8,Passed,9,6.5,3
SP2023,SP2023-class 25,20,1905AGCBFF,,,5,,8.8,7,Passed,10,8.3,5.1
SP2023,SP2023-class 25,21,1905AGCAFC,,,0,,0,0,Attendance Fail,0,0,0
SP2023,SP2023-class 25,22,1905AGCBCB,,,0,,0,1.3,Attendance Fail,0,5,2.7
SP2023,SP2023-class 25,23,1905AGCFIH,,,3,,6.6,4.7,Not Passed,9,6.4,1.8
SP2023,SP2023-class 25,24,1905AGCBEH,,,4,,9,6.1,Passed,9.7,6.7,3.3
SP2023,SP2023-class 25,25,1905AGCAIH,,,4.5,,5.6,5.2,Passed,9.2,6,3.5
SP2023,SP2023-class 25,26,1905AGCBCA,,,5,,6,4.7,Not Passed,9.1,6.7,1
SP2023,SP2023-class 25,27,1905AGCBFC,,,2,,5.6,4.2,Not Passed,9.3,6.3,1.8
SP2023,SP2023-class 25,28,1905AGCBCF,,,2,,5.4,4.9,Not Passed,9.4,6.9,4.1
SP2023,SP2023-class 25,29,1905AGCAII,,,3,,7.2,5.5,Passed,8.9,8.1,3.4
SP2023,SP2023-class 25,30,1905AGCCJI,,,4.5,,7.4,5.9,Passed,9.1,8.2,3.4
SP2023,SP2023-class 25,31,1905AGCBDE,,,2,,7.6,5.3,Passed,9.4,8,2.8
SP2023,SP2023-class 25,32,1905AEJCFG,,,0,,0,0,Attendance Fail,0,0,0
SP2023,SP2023-class 25,33,1905AGCBBG,,,0,,0,0,Is Susspended,0,0,0
SP2023,SP2023-class 25,34,1905AGCBIA,,,0,,0,2.5,Attendance Fail,8.7,6.8,3.1
SP2023,SP2023-class 25,35,1905AGCAEG,,,0,,0,1.6,Not Passed,3.7,6.6,2
SP2023,SP2023-class 26,1,1905AGCFCI,,,1.5,,7.2,4.4,Not Passed,9.7,6.9,1
SP2023,SP2023-class 26,2,1905AGCCAI,,,3,,7.8,5.5,Passed,9,7,3.3
SP2023,SP2023-class 26,3,1905AGCCCJ,,,2,,5.4,4.4,Not Passed,5.4,6.8,3.8
SP2023,SP2023-class 26,4,1905AGCDAH,,,2,,8.2,5.1,Passed,9.7,6.5,2
SP2023,SP2023-class 26,5,1905AGJCHF,,,2,,7.2,5,Passed,8.9,6.7,3
SP2023,SP2023-class 26,6,1905AGCDFI,,,2,,8.2,5.2,Passed,9.4,5,3
SP2023,SP2023-class 26,7,1905AGCDJA,,,5,,7.8,6.1,Passed,9.4,6.6,4
SP2023,SP2023-class 26,8,1905AGCCIF,,,2,,8.4,5.4,Passed,9.4,6.5,3
SP2023,SP2023-class 26,9,1905AGCCBI,,,2,,0,2.5,Not Passed,9.5,6.8,1.7
SP2023,SP2023-class 26,10,1905AGCCEI,,,2,,6.8,5,Passed,9.8,6.7,3.1
SP2023,SP2023-class 26,11,1905AGCDDA,,,2,,7,4.7,Not Passed,9.7,6.5,2
SP2023,SP2023-class 26,12,1905AGCDGD,,,2,,8.4,5.8,Passed,7.5,6.7,4.9
SP2023,SP2023-class 26,13,1905AGCDAE,,,1.5,,4.8,3.7,Not Passed,8.7,6.2,1.5
SP2023,SP2023-class 26,14,1905AGCCDF,,,2,,7,4.7,Not Passed,4.9,6.3,3.7
SP2023,SP2023-class 26,15,1905AGCCCB,,,3,,4.6,3.9,Not Passed,9.6,6.6,1
SP2023,SP2023-class 26,16,1905AGCDHB,,,3.5,,7.2,4.7,Not Passed,9.3,5.9,1
SP2023,SP2023-class 26,17,1905AFABHH,,,2,,0,1.8,Not Passed,4.5,6.5,1
SP2023,SP2023-class 26,18,1905AGCCAA,,,3,,7.8,5.2,Passed,9.4,7,2.1
SP2023,SP2023-class 26,19,1905AGCDGJ,,,2.5,,8.8,5.4,Passed,8.8,5.3,2.8
SP2023,SP2023-class 26,20,1905AGCCCH,,,2,,6.2,5,Passed,9.5,8.5,3.2
SP2023,SP2023-class 26,21,1905AGCCAG,,,3,,7.6,5.1,Passed,9.8,6.7,2
SP2023,SP2023-class 26,22,1905AGCDJJ,,,5.5,,7.8,6.7,Passed,8.9,7.1,5.6
SP2023,SP2023-class 26,23,1905AGCDFE,,,5,,8.6,6,Passed,9.4,7,2.7
SP2023,SP2023-class 26,24,1905AGCDDB,,,2,,5.6,4.3,Not Passed,9.1,6.8,2
SP2023,SP2023-class 26,25,1905AGCFIE,,,2,,7.4,5.5,Passed,9.3,8.7,3.5
SP2023,SP2023-class 26,26,1905AGCDGE,,,5,,6.6,5.6,Passed,9.3,6.8,3.3
SP2023,SP2023-class 26,27,1905AFJDGD,,,0,,0,0,Attendance Fail,0,0,0
SP2023,SP2023-class 26,28,1905AGCDGB,,,2,,8.8,5.6,Passed,9.4,6.8,3
SP2023,SP2023-class 26,29,1905AGCDEC,,,6,,9,7.4,Passed,9.7,9.3,5.4
SP2023,SP2023-class 26,30,1905AGCDGF,,,3.5,,7.2,6.5,Passed,9.2,6.7,6.7
SP2023,SP2023-class 26,31,1905AGCDDG,,,3.4,,6.4,5,Passed,8.6,6.6,3.1
SP2023,SP2023-class 26,32,1905AGCCII,,,5,,9.2,6.5,Passed,9.4,7,3.7
SP2023,SP2023-class 26,33,1905AFJCFD,,,4,,6.6,5.7,Passed,9.7,6.6,4.2
SP2023,SP2023-class 26,34,1905AGCDHE,,,3.5,,7.6,5.5,Passed,9.3,6.9,3
SP2023,SP2023-class 27,1,1905AGJEDA,,,8.5,,8.4,8.2,Passed,8,8.8,7.6
SP2023,SP2023-class 27,2,1905AGCECF,,,8,,7.8,8.2,Passed,8.8,6.4,9.2
SP2023,SP2023-class 27,3,1905AGAEFD,,,4,,8.2,6.2,Passed,5.6,4,6.6
SP2023,SP2023-class 27,4,1905AGCEFD,,,0,,7.8,4,Not Passed,7.4,0,3.1
SP2023,SP2023-class 27,5,1905AGCECI,,,4,,8.4,5.6,Passed,7.4,3.8,4
SP2023,SP2023-class 27,6,1905AGAGIB,,,5,,8,6.8,Passed,7.6,8.2,5.9
SP2023,SP2023-class 27,7,1905AGCEDC,,,7.5,,7,6.5,Passed,8,8.8,4.2
SP2023,SP2023-class 27,8,1905AGCEFH,,,4,,0,2.9,Not Passed,5.8,4,3.8
SP2023,SP2023-class 27,9,1905AGCECE,,,4,,6.4,4.7,Not Passed,8,4.4,2.4
SP2023,SP2023-class 27,10,1905AGCEEJ,,,10,,6.6,7.7,Passed,8.6,10,6.3
SP2023,SP2023-class 27,11,1905AGCECB,,,4,,6.8,4.5,Not Passed,6.8,3.4,2.1
SP2023,SP2023-class 27,12,1905AGCEAJ,,,4,,7,5,Passed,6.6,4,3.4
SP2023,SP2023-class 27,13,1905AGCEGF,,,4,,8,4.8,Not Passed,8.2,4.4,1
SP2023,SP2023-class 27,14,1905AGCFJC,,,5,,8.8,6.5,Passed,7,5.2,5.4
SP2023,SP2023-class 27,15,1905AGCDIA,,,5,,6.6,5,Passed,6.4,4.4,3
SP2023,SP2023-class 27,16,1905AGCFJE,,,5,,6.4,5.8,Passed,7.6,6.6,4.9
SP2023,SP2023-class 27,17,1905AGCEHB,,,4,,8,5.4,Passed,8.2,4.2,3.3
SP2023,SP2023-class 27,18,1905AGCEJB,,,5,,7,5.6,Passed,6.6,6.4,4.1
SP2023,SP2023-class 27,19,1905AGCEAF,,,4,,5.6,4.6,Not Passed,6.6,3.4,3.8
SP2023,SP2023-class 27,20,1905AGCEED,,,4,,0,2.9,Not Passed,6.4,4,3.4
SP2023,SP2023-class 27,21,1905AGCEFI,,,4,,7.6,5.2,Passed,8.4,4,2.8
SP2023,SP2023-class 27,22,1905AGJBGC,,,4,,6.8,5.1,Passed,6.6,4,4.1
SP2023,SP2023-class 27,23,1905AGCEGI,,,10,,9.4,9,Passed,8.6,10,7.7
SP2023,SP2023-class 27,24,1905AGCEAB,,,8.5,,7.4,7.4,Passed,8,8.8,6.1
SP2023,SP2023-class 27,25,1905AGCDIJ,,,5,,8,5.2,Passed,6.8,4.4,2.4
SP2023,SP2023-class 27,26,1905AGCEHI,,,5,,8,6.5,Passed,7.8,7,5.3
SP2023,SP2023-class 27,27,1905AGCFJB,,,5,,8.2,5.4,Passed,7,6.6,2
SP2023,SP2023-class 27,28,1905AGCEDA,,,4,,5.6,4.8,Not Passed,6.6,4.4,4
SP2023,SP2023-class 27,29,1905AGCDII,,,6,,7.4,4.9,Not Passed,6.8,4.4,1.3
SP2023,SP2023-class 27,30,1905AGCEHE,,,0,,0,0.7,Is Susspended,6.8,0,0
SP2023,SP2023-class 27,31,1905AGCEGH,,,4,,6.2,5.1,Passed,7.2,4.4,4.4
SP2023,SP2023-class 27,32,1905AGCFAG,,,4,,3.8,4.7,Not Passed,6.8,4.4,5.5
SP2023,SP2023-class 27,33,1905AGCFJJ,,,4,,9.2,6.3,Passed,5.6,2.4,6.6
SP2023,SP2023-class 27,34,1905AEAADE,,,0,,0,0.1,Attendance Fail,1,0,0
SP2023,SP2023-class 28,1,1905AGCFFA,,,1.5,,7.8,5,Passed,9.6,7.6,2
SP2023,SP2023-class 28,2,1905AGCFDJ,,,1.5,,7,5,Passed,8.6,8.8,2.8
SP2023,SP2023-class 28,3,1905AFAICE,,,1,,7.8,6,Passed,9.9,7.8,5.6
SP2023,SP2023-class 28,4,1905AGCFGA,,,1.5,,0,3,Not Passed,9,9.2,3
SP2023,SP2023-class 28,5,1905AGCFDI,,,2,,7.6,5.4,Passed,9.8,7,3.3
SP2023,SP2023-class 28,6,1905AGCFHE,,,3,,8.4,5.8,Passed,9,8.8,3
SP2023,SP2023-class 28,7,1905AGCFDC,,,2,,8.6,6.7,Passed,9,8.8,6.4
SP2023,SP2023-class 28,8,1905AGCFAE,,,1.5,,8.4,5.8,Passed,9.6,7.8,4
SP2023,SP2023-class 28,9,1905AGCFDF,,,1.5,,7.4,5.1,Passed,9.4,7.6,3
SP2023,SP2023-class 28,10,1905AGCFBE,,,0,,0,0,Attendance Fail,0,0,0
SP2023,SP2023-class 28,11,1905AGCGAA,,,2,,8.2,5.8,Passed,9.5,8.2,3.8
SP2023,SP2023-class 28,12,1905AGCFHG,,,1.5,,7.6,5.6,Passed,8.5,9,4.1
SP2023,SP2023-class 28,13,1919AFJACG,,,1.5,,0,2.7,Not Passed,9.3,8.2,2
SP2023,SP2023-class 28,14,1905AFAIHA,,,2,,8.6,5.9,Passed,9.8,8.8,3.4
SP2023,SP2023-class 28,15,1905AGCFII,,,1.5,,7.8,4.9,Not Passed,8.2,7.4,2.4
SP2023,SP2023-class 28,16,1905AGJAIH,,,3.5,,7.8,5.6,Passed,9.6,9.8,2.2
SP2023,SP2023-class 28,17,1905AGCFGJ,,,2,,5,5.4,Passed,9.7,9.4,5.4
SP2023,SP2023-class 28,18,1905AGCFHB,,,1.5,,7.6,5.2,Passed,9,8,3
SP2023,SP2023-class 28,19,1919AGACAE,,,4,,9.6,6.3,Passed,9.6,9.6,2.4
SP2023,SP2023-class 28,20,1905AGCFGF,,,3,,7.8,5.2,Passed,9.9,8.3,1.5
SP2023,SP2023-class 28,21,1905AGCFEJ,,,2,,9.4,5.9,Passed,9,8.7,3
SP2023,SP2023-class 28,22,1905AGCDDE,,,2,,7.8,5.9,Passed,9.6,9.6,4.1
SP2023,SP2023-class 28,23,1905AGJAHE,,,2.5,,6.2,5.1,Passed,9.3,9,3.2
SP2023,SP2023-class 28,24,1905AGJBBD,,,5,,9,7.7,Passed,9.5,9.8,7
SP2023,SP2023-class 28,25,1905AGCFCJ,,,3,,8.6,6,Passed,9,8.8,3.4
SP2023,SP2023-class 28,26,1905AGCGJE,,,3.5,,7.2,6.7,Passed,9.4,8.9,6.6
SP2023,SP2023-class 28,27,1905AGCGJB,,,1,,8,5.1,Passed,6.9,9.6,2.8
SP2023,SP2023-class 28,28,1905AGCFJH,,,1.5,,6.2,4.8,Not Passed,9.3,8.2,3
SP2023,SP2023-class 28,29,1905AGCFBB,,,3,,7.4,4.9,Not Passed,9.3,8.6,1.1
SP2023,SP2023-class 28,30,1919AGJCHH,,,3,,7.2,6,Passed,9.5,8.4,5
SP2023,SP2023-class 28,31,1905AGCFIF,,,2,,6.8,4.5,Not Passed,9.6,8.3,1
SP2024,SP2024-class 1,1,1905AHCGFB,,,3.5,,6,4,Not Passed,7.1,8,0
SP2024,SP2024-class 1,2,1905AHAIFI,,,5.5,,8.8,5.8,Passed,6.5,7.8,2
SP2024,SP2024-class 1,3,1905AHAGJJ,,,7.5,,8,6.2,Passed,7.2,7.8,2.6
SP2024,SP2024-class 1,4,1905AHAICG,,,7,,8,7.5,Passed,8.9,7.5,7
SP2024,SP2024-class 1,5,1905AHBHCF,,,7.5,,7.6,6.5,Passed,7.7,7.3,4
SP2024,SP2024-class 1,6,1905AGCBAG,,,5,,7.6,6.4,Passed,7.5,5,6.4
SP2024,SP2024-class 1,7,1905AGBBGE,,,6,,9.2,5.3,Passed,5.6,6,0.7
SP2024,SP2024-class 1,8,1905AHDEFE,,,7,,7.8,7.1,Passed,8.1,7.6,6
SP2024,SP2024-class 1,9,1905AGBFIJ,,,6,,7.8,6,Passed,5.9,7,3.9
SP2024,SP2024-class 1,10,1905AFBJIA,,,5,,4,4.2,Not Passed,5.3,6,3
SP2024,SP2024-class 1,11,1905AHCIAI,,,7,,5.8,5.2,Passed,5.4,7,2.6
SP2024,SP2024-class 1,12,1905AHDECC,,,7,,9,7,Passed,6,7.3,5.3
SP2024,SP2024-class 1,13,1905AGCAAJ,,,5,,7.2,5.2,Passed,6.4,5.3,2.8
SP2024,SP2024-class 1,14,1905AHJFIF,,,7.5,,7.4,6.3,Passed,5.2,7.4,4.5
SP2024,SP2024-class 1,15,1905AHAFHI,,,5.5,,9.4,6.7,Passed,6.3,7.6,4.8
SP2024,SP2024-class 1,16,1905AIBEBJ,,,3.5,,8.2,6.5,Passed,6.2,8.8,6
SP2024,SP2024-class 1,17,1905AHAEJF,,,7,,7.6,6.6,Passed,7.2,7.8,4.8
SP2024,SP2024-class 1,18,1905AHBCGC,,,5,,7.4,5.1,Passed,6,7.3,1.7
SP2024,SP2024-class 1,19,1905AGCEAF,,,7,,6.8,5.1,Passed,6.5,7.4,1
SP2024,SP2024-class 1,20,1905AGJDDC,,,5,,4.4,4.2,Not Passed,6.1,6.5,2
SP2024,SP2024-class 1,21,1905AIJEBE,,,7,,9.2,8.1,Passed,7.6,8.8,7.8
SP2024,SP2024-class 1,22,1905AGCFAF,,,6,,9.2,6.5,Passed,7.4,7.9,3.3
SP2024,SP2024-class 1,23,1905AEJIGA,,,0,,0,0.3,Attendance Fail,2.5,0,0
SP2024,SP2024-class 1,24,1905AHJCBC,,,7.5,,7.4,6.8,Passed,7.2,7.3,5.3
SP2024,SP2024-class 1,25,1905AIDBHF,,,7,,8.4,7.7,Passed,7.7,7.9,7.4
SP2024,SP2024-class 1,26,1905AHDCBG,,,7,,8.8,6.1,Passed,5.3,7.4,2.7
SP2024,SP2024-class 1,27,1905AGJCEI,,,1,,4.6,3.9,Not Passed,6.3,7.6,3
SP2024,SP2024-class 1,28,1905AGJDAB,,,7,,6,5.1,Passed,7.3,5,2.3
SP2024,SP2024-class 1,29,1905AHBFJE,,,3.5,,7.8,4.9,Not Passed,5.6,6.5,2.2
SP2024,SP2024-class 1,30,1905AHCGJC,,,7,,8.2,6.7,Passed,6.5,7.9,4.7
SP2024,SP2024-class 1,31,1905AFAFII,,,3.5,,6.6,5.3,Passed,6.3,5,5
SP2024,SP2024-class 1,32,1905AHBABC,,,7,,6.2,5.5,Passed,8.9,7,2
SP2024,SP2024-class 1,33,1905AHEJBE,,,6,,6.2,5,Passed,6.2,7,2.1
SP2024,SP2024-class 1,34,1905AHDBJB,,,7,,6,6.4,Passed,4.7,8.1,6.3
SP2024,SP2024-class 1,35,1905AGCFIF,,,7,,8.4,5.4,Not Passed,6.5,7.9,0
SP2024,SP2024-class 2,1,1905AHAHGJ,,,7,,7,5.9,Passed,8.3,4.1,4
SP2024,SP2024-class 2,2,1905AHBCFJ,,,0,,3.8,1.9,Not Passed,7.5,0,0
SP2024,SP2024-class 2,3,1905AHCDCF,,,7,,7.8,6.1,Passed,7.3,7.4,3
SP2024,SP2024-class 2,4,1905AHCEHA,,,0,,0,0.3,Attendance Fail,3.3,0,0
SP2024,SP2024-class 2,5,1905AHDAEJ,,,7,,8,5.8,Passed,6.3,7.3,2
SP2024,SP2024-class 2,6,1905AHAEHA,,,8.5,,7.2,6.2,Passed,7.5,8.1,2.6
SP2024,SP2024-class 2,7,1905AHAICG,,,0,,6.8,5.5,Not Passed,7.8,0,9
SP2024,SP2024-class 2,8,1905AHCEFD,,,8.8,,8.6,7.8,Passed,7.8,8.6,6
SP2024,SP2024-class 2,9,1905AHCDAA,,,7,,5.6,5.4,Passed,7,7.2,3.1
SP2024,SP2024-class 2,10,1905AHAFIG,,,8.5,,7.6,8,Passed,7.5,8.7,8
SP2024,SP2024-class 2,11,1905AHBGGF,,,0,,0,0.7,Not Passed,7,0,0
SP2024,SP2024-class 2,12,1905AHBDDJ,,,6,,6.4,5.3,Passed,7.8,5.1,3
SP2024,SP2024-class 2,13,1905AHCDCC,,,0,,0,1.2,Not Passed,6.3,0,2
SP2024,SP2024-class 2,14,1905AHAEJH,,,8,,8.4,6.9,Passed,8,7.7,4
SP2024,SP2024-class 2,15,1905AHAGDC,,,8,,6.4,6.1,Passed,8,6.2,3.7
SP2024,SP2024-class 2,16,1905AHAFHI,,,0,,0,0,Not Passed,0,0,0
SP2024,SP2024-class 2,17,1905AHBDGC,,,0,,0,1.8,Not Passed,7.5,0,3.5
SP2024,SP2024-class 2,18,1905AHCJJD,,,0,,0,0.8,Not Passed,7.5,0,0
SP2024,SP2024-class 2,19,1905AHCADI,,,0,,0,0.7,Not Passed,7.3,0,0
SP2024,SP2024-class 2,20,1905AHAEFE,,,9,,9,7.2,Passed,7.5,8.7,3.6
SP2024,SP2024-class 2,21,1905AHCAIE,,,6.5,,8.6,6.7,Passed,7.8,6.8,4.6
SP2024,SP2024-class 2,22,1905AHCJEC,,,7,,7.4,6,Passed,7.5,7,3
SP2024,SP2024-class 2,23,1905AGJDEI,,,8.8,,8.2,7.6,Passed,4.5,8.3,7
SP2024,SP2024-class 2,24,1905AHAGFG,,,7,,8.4,6.9,Passed,8,7.4,4.8
SP2024,SP2024-class 2,25,1905AHAHCH,,,8.5,,7.8,7.6,Passed,8.5,6.3,6.8
SP2024,SP2024-class 2,26,1905AHBBDD,,,7.7,,9.2,5.8,Passed,8,5.9,0.2
SP2024,SP2024-class 2,27,1905AHAEFH,,,8.5,,9.8,8.5,Passed,8.5,8.3,7.4
SP2024,SP2024-class 2,28,1905AHAEFI,,,0,,0,0,Attendance Fail,0,0,0
SP2024,SP2024-class 2,29,1905AHBECC,,,0,,5.2,3.1,Not Passed,7.5,0,2.5
SP2024,SP2024-class 2,30,1905AHCDAC,,,7.5,,7.6,6.5,Passed,7.3,7.9,4
SP2024,SP2024-class 2,31,1905AHAEIG,,,8.8,,8.2,7.6,Passed,7.5,8.3,6
SP2024,SP2024-class 2,32,1905AFAIEI,,,0,,0,0.4,Attendance Fail,4.3,0,0
SP2024,SP2024-class 2,33,1905AHJJHJ,,,8,,9.6,7.1,Passed,7.8,6.1,4
SP2024,SP2024-class 3,1,1905AHDIED,,,5.2,,0,1.6,Not Passed,0,5.2,0
SP2024,SP2024-class 3,2,1905AHEAAJ,,,6.3,,5.8,5.4,Passed,8.4,6.3,3.2
SP2024,SP2024-class 3,3,1905AHDFHE,,,7.4,,8.6,7.4,Passed,8.6,7.4,5.9
SP2024,SP2024-class 3,4,1905AFAEBG,,,2.8,,0,1.6,Not Passed,0,2.8,2.5
SP2024,SP2024-class 3,5,1905AHDHCJ,,,3.8,,8,5.3,Passed,8.2,3.8,3
SP2024,SP2024-class 3,6,1905AHBECH,,,8.2,,9.4,8.3,Passed,8.8,8.2,7
SP2024,SP2024-class 3,7,1905AHEJCH,,,4.9,,8.8,5.8,Passed,7.6,4.9,3
SP2024,SP2024-class 3,8,1905AHDBDC,,,6.2,,7.2,5.1,Passed,7.4,6.2,1
SP2024,SP2024-class 3,9,1905AHDFCC,,,6.1,,7.4,6,Passed,8.6,6.1,3.5
SP2024,SP2024-class 3,10,1905AHDDJF,,,6,,8.6,6.4,Passed,8.4,5.7,3.9
SP2024,SP2024-class 3,11,1905AHDJBF,,,3,,0,2,Not Passed,7.6,3,1
SP2024,SP2024-class 3,12,1905AHBEHB,,,8.6,,9.8,8.2,Passed,9,8.6,6
SP2024,SP2024-class 3,13,1905AHCBGH,,,6.3,,9.2,6.6,Passed,8.6,6.3,3.5
SP2024,SP2024-class 3,14,1905AHBEBI,,,6,,8.2,6.2,Passed,7.6,6,3.8
SP2024,SP2024-class 3,15,1905AHBEGH,,,7.1,,0,3,Not Passed,8.2,7.1,0
SP2024,SP2024-class 3,16,1905AHCIDE,,,7.1,,4.8,5.8,Passed,8.2,7.1,4.8
SP2024,SP2024-class 3,17,1905AHAFIB,,,7.9,,6.8,6,Passed,7.2,7.9,2.9
SP2024,SP2024-class 3,18,1905AHCGEA,,,6.4,,8.6,6.1,Passed,8.2,6.4,2.7
SP2024,SP2024-class 3,19,1905AGCCBJ,,,3.6,,0,1.8,Not Passed,6.2,3.6,0.4
SP2024,SP2024-class 3,20,1905AHCFIE,,,7.3,,7.8,6.8,Passed,8,7.3,4.8
SP2024,SP2024-class 3,21,1905AHDFCA,,,0,,3.6,1.8,Not Passed,6.8,0,0
SP2024,SP2024-class 3,22,1905AGBIEA,,,0.1,,0,0,Attendance Fail,0,0.2,0
SP2024,SP2024-class 3,23,1905AGADIA,,,1.4,,0,0.4,Attendance Fail,0,1.4,0
SP2024,SP2024-class 3,24,1905AHCFDI,,,3.5,,0,2.5,Not Passed,7.2,3.5,2.4
SP2024,SP2024-class 3,25,1905AHDBBD,,,7,,8.8,6.6,Passed,7.8,7,3.7
SP2024,SP2024-class 3,26,1905AGBGEC,,,0,,0,0,Attendance Fail,0,0,0
SP2024,SP2024-class 3,27,1905AHEJCI,,,7,,5,5.3,Passed,7.6,7,3
SP2024,SP2024-class 3,28,1905AHDEGB,,,6.4,,6.6,5.8,Passed,7,6.4,4
SP2024,SP2024-class 3,29,1905AHDJBC,,,6.4,,8.6,5.8,Passed,7.8,6.4,1.7
SP2024,SP2024-class 3,30,1905AHDBAD,,,7.9,,9,7.3,Passed,8.8,7.9,4.5
SP2024,SP2024-class 3,31,0405AHJGCB,,,7.6,,8.8,8.5,Passed,8.4,7.6,9
SP2024,SP2024-class 3,32,1905AHCIAF,,,8.2,,6.8,7,Passed,3.4,8.2,7.2
SP2024,SP2024-class 3,33,1905AHCGDD,,,4.5,,6.8,5.3,Passed,6.8,4.5,4
SP2024,SP2024-class 3,34,1905AHCGGF,,,9,,8.2,7.1,Passed,7,9,4
SP2024,SP2024-class 3,35,1905AHDGBH,,,7,,6.2,6,Passed,8.2,7,4
SP2024,SP2024-class 4,1,1905AHCGBC,,,5,,9,6.4,Passed,9.3,8.4,3.2
SP2024,SP2024-class 4,2,1905AHJAFA,,,2,,9,5.8,Passed,8.6,6.6,4
SP2024,SP2024-class 4,3,1905AHJBDD,,,1.5,,7.6,5.2,Passed,9.4,6.2,3.5
SP2024,SP2024-class 4,4,1905AHBIFA,,,1.5,,6,4.9,Not Passed,9.4,6.4,4.1
SP2024,SP2024-class 4,5,1905AHBHBA,,,1.5,,9,5.4,Passed,8.2,7.3,2.9
SP2024,SP2024-class 4,6,1905AHCBCC,,,6.5,,8.6,7.3,Passed,9.5,8.6,5.5
SP2024,SP2024-class 4,7,1905AFAFHE,,,0,,0,1.5,Not Passed,7.2,7.6,0
SP2024,SP2024-class 4,8,1905AHDHAH,,,0,,0,0.6,Attendance Fail,4.9,1.6,0
SP2024,SP2024-class 4,9,1905AGJAEJ,,,6,,7.6,6.5,Passed,9.7,8.8,3.9
SP2024,SP2024-class 4,10,1905AHEJJF,,,5,,8.8,6.4,Passed,8.4,8.3,3.5
SP2024,SP2024-class 4,11,1905AGJAHJ,,,5,,4.2,6.2,Passed,9.4,8.2,7.3
SP2024,SP2024-class 4,12,1905AHCEJF,,,0,,0,1.4,Not Passed,4.9,6.8,0.8
SP2024,SP2024-class 4,13,1905AHCJJC,,,3.5,,6.6,5.7,Passed,9.9,6.6,4.5
SP2024,SP2024-class 4,14,1905AHCAID,,,2.5,,7.4,5.1,Passed,9.6,8.6,2
SP2024,SP2024-class 4,15,1905AHDHBH,,,3.5,,7,5.8,Passed,9.8,8.2,4
SP2024,SP2024-class 4,16,1905AHEJFH,,,5,,9.2,5.8,Passed,9.1,8.2,1
SP2024,SP2024-class 4,17,1905AHDFHB,,,3,,6.2,5.3,Passed,9.4,8,3.8
SP2024,SP2024-class 4,18,1905AGABGE,,,0,,0,1.1,Not Passed,4.8,6.2,0
SP2024,SP2024-class 4,19,1905AHBCEJ,,,1.5,,9,5.4,Passed,9.5,8.1,2.1
SP2024,SP2024-class 4,20,1905AHJJDC,,,2,,7,4.7,Not Passed,9.6,6.6,2.1
SP2024,SP2024-class 4,21,1905AHDGBA,,,5,,7.6,6.5,Passed,9.9,8.8,4.4
SP2024,SP2024-class 4,22,1905AHCJBJ,,,0,,0,0.4,Attendance Fail,2.3,1.8,0
SP2024,SP2024-class 4,23,1905AHDEBJ,,,5,,6.2,5.2,Passed,7.5,8.2,2.6
SP2024,SP2024-class 4,24,1905AHJCBB,,,1.5,,7.4,5.4,Passed,9.5,7.8,3.7
SP2024,SP2024-class 4,25,1905AHBCCG,,,6,,7.2,6.4,Passed,9.6,8.9,4
SP2024,SP2024-class 4,26,1905AHDEHC,,,4.5,,8,6.8,Passed,9.7,8.4,5.5
SP2024,SP2024-class 4,27,1905AHDCDH,,,6,,9.2,8.2,Passed,9.5,8.8,8
SP2024,SP2024-class 4,28,1905AHDJBA,,,2,,5.4,4.7,Not Passed,9.5,6.9,3.3
SP2024,SP2024-class 4,29,1905AFJCBG,,,5,,6.6,5.8,Passed,9.5,6.8,4
SP2024,SP2024-class 4,30,1905AGBEDG,,,2.5,,7,6.5,Passed,9,6.4,7.9
SP2024,SP2024-class 4,31,1905AHBEJE,,,5.5,,8.2,7,Passed,8.8,8,5.8
SP2024,SP2024-class 4,32,1905AHEAAI,,,6,,7.2,6.5,Passed,9.1,9,4.3
SP2024,SP2024-class 4,33,1905AHDBIC,,,4.5,,7,5.5,Passed,9.8,8.2,2.4
SP2024,SP2024-class 4,34,1905AFBJDH,,,2,,8.6,6.6,Passed,4.9,6.6,8.3
SP2024,SP2024-class 4,35,1905AHCHCF,,,5,,7.8,6.4,Passed,9.7,8.8,4
SP2024,SP2024-class 5,1,1905AHBEFA,,,6,,8.8,6.3,Passed,7.6,6,3.8
SP2024,SP2024-class 5,2,1905AHAIDB,,,6.9,,8.8,6.9,Passed,7.6,6.9,4.8
SP2024,SP2024-class 5,3,1905AHAFID,,,5.3,,7.6,6,Passed,7.8,5.3,4.5
SP2024,SP2024-class 5,4,1905AHDFCE,,,7.7,,9,7.1,Passed,8.4,7.7,4
SP2024,SP2024-class 5,5,1905AHJCBI,,,4.2,,9,5.3,Passed,7.4,4.2,2
SP2024,SP2024-class 5,6,1905AHCHHE,,,7,,7,6,Passed,7.4,7,3.4
SP2024,SP2024-class 5,7,1905AGCFGA,,,4.4,,7.4,5.1,Passed,6.2,4.4,3
SP2024,SP2024-class 5,8,1905AHDAJG,,,7.7,,9.6,8.6,Passed,7,7.7,9
SP2024,SP2024-class 5,9,1905AHDJEC,,,8.6,,8.8,8.2,Passed,8.6,8.6,7
SP2024,SP2024-class 5,10,1905AHCAED,,,4,,7.4,5.4,Passed,8,4,3.9
SP2024,SP2024-class 5,11,1905AHDHGJ,,,7.6,,8,7.4,Passed,9,7.6,5.9
SP2024,SP2024-class 5,12,1905AHBGDI,,,5.6,,5.6,5.9,Passed,7.8,5.6,5.9
SP2024,SP2024-class 5,13,1905AHCDBF,,,6.8,,8.2,6.4,Passed,7.4,6.8,3.8
SP2024,SP2024-class 5,14,1905AHCHHI,,,2.7,,9.8,5.2,Passed,7,2.7,2.6
SP2024,SP2024-class 5,15,1905AGCCDF,,,5.1,,8,5.3,Passed,7.2,5.1,2.1
SP2024,SP2024-class 5,16,1905AHDAAC,,,7.3,,8.4,7.4,Passed,6.4,7.3,6.8
SP2024,SP2024-class 5,17,1905AHDJCJ,,,8.6,,9.6,7.5,Passed,8,8.6,4
SP2024,SP2024-class 5,18,1905AFJIHE,,,0.8,,0,0.2,Attendance Fail,0,0.8,0
SP2024,SP2024-class 5,19,1905AGCFAF,,,2.6,,8,4.8,Not Passed,8,2.6,2.6
SP2024,SP2024-class 5,20,1905AGJAHB,,,0,,0,0,Attendance Fail,0,0,0
SP2024,SP2024-class 5,21,1905AHDAID,,,1,,0,0.3,Attendance Fail,0,1,0
SP2024,SP2024-class 5,22,1905AHEJCE,,,2.6,,8.6,5.7,Passed,7.4,2.6,5.2
SP2024,SP2024-class 5,23,1905AHCIBC,,,5.1,,7.4,6.1,Passed,8,5.1,5
SP2024,SP2024-class 5,24,1905AHCIFE,,,4.6,,7.8,6.7,Passed,6.2,4.6,8
SP2024,SP2024-class 5,25,1905AHBJCG,,,6.8,,8,6.5,Passed,9,6.8,3.9
SP2024,SP2024-class 5,26,1905AHCJDB,,,4.8,,7,6.2,Passed,6.6,4.8,6.5
SP2024,SP2024-class 5,27,1905AHAFHE,,,5,,9.4,8.1,Passed,8,5,10
SP2024,SP2024-class 5,28,1905AHCJEJ,,,3.4,,5.6,5,Passed,8,3.4,4.9
SP2024,SP2024-class 5,29,1905AHBIEA,,,8.3,,7.8,7.3,Passed,8,8.3,5.5
SP2024,SP2024-class 5,30,1905AHDCIJ,,,8.1,,9,8.4,Passed,8.6,8.1,8
SP2024,SP2024-class 5,31,1905AHBBAG,,,0.8,,0,0.3,Attendance Fail,0,1,0
SP2024,SP2024-class 5,32,1905AGBFGH,,,0,,0,0,Attendance Fail,0,0,0
SP2024,SP2024-class 5,33,1905AGBDFJ,,,1.8,,8.2,5.4,Passed,9,1.8,5
SP2024,SP2024-class 6,1,1905AHCHEE,,,10,,7.8,6.5,Passed,4.3,6.1,3.7
SP2024,SP2024-class 6,2,1905AHAHGD,,,8,,8,6.1,Passed,8.5,8.2,1.5
SP2024,SP2024-class 6,3,1905AGJECG,,,7,,4.4,4.3,Not Passed,3.8,5.6,2
SP2024,SP2024-class 6,4,1905AGCECG,,,8,,6.2,5.3,Passed,7.8,5.3,1.8
SP2024,SP2024-class 6,5,1905AHCEIC,,,8,,7.4,6.7,Passed,9.5,7.4,3.8
SP2024,SP2024-class 6,6,1905AGADGJ,,,7,,6,4.7,Not Passed,7.5,7,0
SP2024,SP2024-class 6,7,1905AHDDBF,,,9,,9.2,8.1,Passed,8.3,5.8,7
SP2024,SP2024-class 6,8,1905AHDDDC,,,8,,6.6,6.3,Passed,8.3,7.5,3.7
SP2024,SP2024-class 6,9,1905AGAEBG,,,8,,7.6,5.6,Passed,8.8,6.4,0.8
SP2024,SP2024-class 6,10,1905AGABJD,,,9,,7.4,7.5,Passed,7.8,7.7,6.5
SP2024,SP2024-class 6,11,1905AHDIDJ,,,8,,8.2,6.9,Passed,9,8,3.8
SP2024,SP2024-class 6,12,1905AGBDFF,,,8,,5.6,5.5,Passed,4.3,7.2,3.5
SP2024,SP2024-class 6,13,1905AHBECE,,,8,,7.6,6.6,Passed,7.5,7.3,4.2
SP2024,SP2024-class 6,14,1905AHCGAG,,,7,,8.6,7.4,Passed,8,8.7,5.8
SP2024,SP2024-class 6,15,1905AGCJCD,,,9,,7.6,6.1,Passed,3.8,8,2.8
SP2024,SP2024-class 6,16,1905AHCDBD,,,9,,6,6.6,Passed,9,6.4,4.8
SP2024,SP2024-class 6,17,1905AHCJJD,,,9,,9.4,8.2,Passed,9.5,6.3,6.8
SP2024,SP2024-class 6,18,1905AGJBIF,,,8,,5.6,4.8,Not Passed,7.5,7.2,0
SP2024,SP2024-class 6,19,1905AHJEAD,,,9,,6.4,5.3,Passed,7.8,4.9,1
SP2024,SP2024-class 6,20,1905AHCGHE,,,8,,7.4,6.9,Passed,8,7.4,5
SP2024,SP2024-class 6,21,1905AHCGJE,,,7,,6,5.6,Passed,8,6.4,3.1
SP2024,SP2024-class 6,22,1905AHCFDI,,,9,,8.8,7,Passed,8.3,7.9,3
SP2024,SP2024-class 6,23,1905AHDAAA,,,9,,9.2,7,Passed,8.8,5,3.4
SP2024,SP2024-class 6,24,1905AGCDCG,,,7,,6.4,6,Passed,7.8,6.1,4.3
SP2024,SP2024-class 6,25,1905AGJBFJ,,,9,,7.8,6.5,Passed,8.3,6.3,3
SP2024,SP2024-class 6,26,1905AHCCBC,,,9,,6.2,6.2,Passed,8.8,7.8,2.8
SP2024,SP2024-class 6,27,1905AHAIBE,,,7,,7,7,Passed,7.8,7.2,6.7
SP2024,SP2024-class 6,28,1905AGJDHH,,,8,,6.6,5.1,Passed,4.8,7.4,0.9
SP2024,SP2024-class 6,29,1905AGJFJB,,,9,,7.2,6.8,Passed,9,8.2,3.6
SP2024,SP2024-class 6,30,1905AHBCBE,,,9,,5,6,Passed,8.3,8.1,3.6
SP2024,SP2024-class 6,31,1905AHCFDF,,,8,,6.6,7.1,Passed,9,8.4,5.8
SP2024,SP2024-class 6,32,1905AHBICC,,,9,,8.8,7,Passed,8.3,8.2,3
SP2024,SP2024-class 6,33,1905AHBIDE,,,9,,7.6,6,Passed,9,8.2,0.6
SP2024,SP2024-class 6,34,1905AHCHHH,,,10,,9.6,9,Passed,9.5,9.6,7.3
SP2024,SP2024-class 6,35,1905ADJDDD,,,7,,7,5.4,Passed,8.8,7,1
SP2024,SP2024-class 7,1,1905AHAHBI,,,9.5,,8.8,8.5,Passed,8.8,8.5,7.3
SP2024,SP2024-class 7,2,1905AHAEIE,,,7.5,,7.6,5.4,Passed,3.8,7.5,1.8
SP2024,SP2024-class 7,3,1905AHJFDB,,,6,,6.6,4.9,Not Passed,7.3,6.3,1.1
SP2024,SP2024-class 7,4,1905AHJFJG,,,0,,0,0.4,Attendance Fail,4,0,0
SP2024,SP2024-class 7,5,1905AHJJEJ,,,0,,0,0,Attendance Fail,0,0,0
SP2024,SP2024-class 7,6,1905AFJIEG,,,0,,0,0,Attendance Fail,0,0,0
SP2024,SP2024-class 7,7,1905AHJJJI,,,6,,0,2.7,Not Passed,7.8,1.2,2
SP2024,SP2024-class 7,8,1905AHJJCH,,,7.5,,7.8,6.5,Passed,7.3,4.5,5
SP2024,SP2024-class 7,9,1905AHJBHC,,,7,,8.2,6.3,Passed,8.5,7.1,3
SP2024,SP2024-class 7,10,1905AHBBBG,,,0,,0,0.4,Attendance Fail,4.3,0,0
SP2024,SP2024-class 7,11,1905AGBFIJ,,,3,,6.8,4.9,Not Passed,7.5,3.4,4
SP2024,SP2024-class 7,12,1905AHDADC,,,9.5,,8.6,7.3,Passed,7.8,8.3,4
SP2024,SP2024-class 7,13,1905AHBJGE,,,7,,6.6,5.3,Passed,9.5,5.7,1.3
SP2024,SP2024-class 7,14,1905AGBCHE,,,0,,0,0.4,Attendance Fail,3.8,0,0
SP2024,SP2024-class 7,15,1905AHBEBG,,,7,,6.6,5.9,Passed,6.8,6.8,3.8
SP2024,SP2024-class 7,16,0405AHJIAH,,,6.5,,7.8,6.6,Passed,8.8,6.9,4.8
SP2024,SP2024-class 7,17,1905AHJCJJ,,,7.2,,6.6,5.6,Passed,6.8,7.1,2.7
SP2024,SP2024-class 7,18,1905AHJGEG,,,4,,7.8,5.3,Passed,7.3,5,3
SP2024,SP2024-class 7,19,1905AHAHEH,,,9.5,,9.8,7.4,Passed,8.5,8.5,2.7
SP2024,SP2024-class 7,20,1905AHBBHA,,,9.5,,8.8,8,Passed,8.3,8.3,6
SP2024,SP2024-class 7,21,1905AHJDGD,,,8.5,,8.2,6.5,Passed,7.8,8,2.6
SP2024,SP2024-class 7,22,1905AGCBIF,,,3,,8.4,6.4,Passed,3,5.8,7.9
SP2024,SP2024-class 7,23,1905AHBJHH,,,7.5,,7.2,6.1,Passed,8.5,7.7,2.6
SP2024,SP2024-class 7,24,1905AHJGAD,,,7.5,,6.6,6,Passed,7.5,5.7,4
SP2024,SP2024-class 7,25,1905AHAEHF,,,0,,0,0.4,Attendance Fail,3.8,0,0
SP2024,SP2024-class 7,26,1905AGAFGC,,,0,,0,0,Attendance Fail,0,0,0
SP2024,SP2024-class 7,27,1905AHDCBG,,,0,,0,1.2,Attendance Fail,3,0,3
SP2024,SP2024-class 7,28,1905AHJCFD,,,7.5,,8.6,6.3,Passed,7.8,7.4,2.3
SP2024,SP2024-class 7,29,1705AHJJDF,,,9.7,,8.6,8.6,Passed,8.5,8.7,8
SP2024,SP2024-class 7,30,1905AGJCDH,,,0,,0,0.4,Attendance Fail,3.8,0,0
SP2024,SP2024-class 7,31,1905AHJEHH,,,7,,5.2,5.2,Passed,8,2.6,4
SP2024,SP2024-class 7,32,1905AHDFHG,,,0,,0,0.3,Attendance Fail,3.3,0,0
SP2024,SP2024-class 7,33,1905AHAEDA,,,0,,0,0.4,Not Passed,4,0,0
SP2024,SP2024-class 7,34,1905AHJACF,,,7,,5.6,5.4,Passed,7.3,7,2.9
SP2024,SP2024-class 7,35,0405AHJCBG,,,7,,8,6.1,Passed,7.8,7.1,2.8
SP2024,SP2024-class 8,1,1905AGCJFA,,,5,,3.6,3.8,Not Passed,6.7,7.1,1
SP2024,SP2024-class 8,2,1905AHDDAF,,,3.5,,6.4,5.2,Passed,9.5,7.6,3
SP2024,SP2024-class 8,3,1905AEJFCD,,,3,,0,2.9,Not Passed,8.7,8.1,2.2
SP2024,SP2024-class 8,4,0305AHJFEE,,,0,,0,0,Attendance Fail,0,0,0
SP2024,SP2024-class 8,5,1905AHCAEJ,,,1,,7.4,5.1,Passed,6.8,5.3,5
SP2024,SP2024-class 8,6,1905AHAIFI,,,4.5,,0,2.5,Not Passed,9.3,7.1,0
SP2024,SP2024-class 8,7,1905AGAHII,,,0,,0,1.4,Not Passed,7.2,6.8,0
SP2024,SP2024-class 8,8,1905AGBDJB,,,0,,0,0.9,Not Passed,4,4.7,0
SP2024,SP2024-class 8,9,1905AHAGJA,,,1,,7,4.8,Not Passed,9.8,5,3.4
SP2024,SP2024-class 8,10,1905AGBCEB,,,1.5,,0,2.1,Not Passed,8.2,7.3,1
SP2024,SP2024-class 8,11,0405AHJFHJ,,,5,,8.4,6.6,Passed,8.3,9.2,4.3
SP2024,SP2024-class 8,12,1905AHBJCI,,,1,,7,5.4,Passed,9.4,6.7,4.8
SP2024,SP2024-class 8,13,1905AHDFED,,,5.5,,8.2,6.6,Passed,9.2,9.6,4
SP2024,SP2024-class 8,14,1905AGJDEA,,,1,,3.2,3.7,Not Passed,8.9,6.6,3.3
SP2024,SP2024-class 8,15,1905AGBDBI,,,3,,6.8,5.4,Passed,8.8,7.4,3.9
SP2024,SP2024-class 8,16,1905AHAIEF,,,4.5,,8.8,8.1,Passed,9.4,8.9,9
SP2024,SP2024-class 8,17,1905AHBBIJ,,,7.5,,9.4,9.2,Passed,9.8,9.4,10
SP2024,SP2024-class 8,18,1905AHCIFG,,,1,,7,4.6,Not Passed,8.7,4.8,3.2
SP2024,SP2024-class 8,19,1905AHBBID,,,3,,6.8,5.1,Passed,7.8,8.4,2.8
SP2024,SP2024-class 8,20,1705AHJAFC,,,3,,7,5.5,Passed,9.9,8.1,3.5
SP2024,SP2024-class 8,21,1905AHBADG,,,5.5,,7,6,Passed,9,9.6,3.3
SP2024,SP2024-class 8,22,1905AFJDBG,,,1,,6.2,5,Passed,9.5,9,3.5
SP2024,SP2024-class 8,23,1905AFJHAG,,,3,,0,2.9,Not Passed,4.7,7,3.6
SP2024,SP2024-class 8,24,1905AHDIHJ,,,0,,0,0.3,Attendance Fail,0,3.4,0
SP2024,SP2024-class 8,25,1905AFBJBC,,,1,,0,1.8,Not Passed,9.7,6.8,0
SP2024,SP2024-class 8,26,1905AGCEJD,,,7,,6,6,Passed,9.8,9.4,2.8
SP2024,SP2024-class 8,27,1905AHCFBE,,,1,,5.4,4,Not Passed,6.7,6.4,3
SP2024,SP2024-class 8,28,1905AFAICA,,,0,,0,0,Attendance Fail,0,0,0
SP2024,SP2024-class 8,29,1905AHAIEB,,,6,,9.4,8,Passed,9.6,9.3,7
SP2024,SP2024-class 8,30,1919AEJAED,,,3,,6.8,5.4,Passed,8.1,8.8,3.4
SP2024,SP2024-class 8,31,1905AGCADC,,,0,,0,0.4,Attendance Fail,2.4,1.6,0
SP2024,SP2024-class 8,32,1905AGCCHC,,,0,,0,0.8,Not Passed,3,4.8,0
SP2024,SP2024-class 8,33,1705AHJAHE,,,5,,8.8,7.7,Passed,9.8,9.3,7
SP2024,SP2024-class 8,34,1905AGACEF,,,0,,0,0.2,Attendance Fail,0,1.6,0
SP2024,SP2024-class 8,35,1905AGCAGG,,,1,,3,3.7,Not Passed,8.6,5.6,4
SP2024,SP2024-class 9,1,1905AHDAHF,,,8,,8.2,6.8,Passed,8.8,6.8,4
SP2024,SP2024-class 9,2,1905AGJBHC,,,7.5,,5.2,5.5,Passed,7.3,6.4,3.5
SP2024,SP2024-class 9,3,1905AHCJGB,,,7,,5.8,5.1,Passed,4.5,6.6,2.9
SP2024,SP2024-class 9,4,1905AHJABG,,,7,,7.6,7.9,Passed,8.3,6.8,9
SP2024,SP2024-class 9,5,1905AFACJJ,,,6.5,,4,4.3,Not Passed,8,4.4,1.8
SP2024,SP2024-class 9,6,1905AGJECG,,,0,,0,0.8,Attendance Fail,3.8,4.4,0
SP2024,SP2024-class 9,7,0405AGJGIJ,,,0,,0,0.8,Attendance Fail,4,3.8,0
SP2024,SP2024-class 9,8,1905AGJEAH,,,6.5,,7,5.4,Passed,7.8,7.8,1.5
SP2024,SP2024-class 9,9,1905AHDCJE,,,0,,0,0,Attendance Fail,0,0,0
SP2024,SP2024-class 9,10,1905AGCCDH,,,0,,0,0.6,Attendance Fail,0,6.4,0
SP2024,SP2024-class 9,11,1905AHCIJD,,,5,,8.8,5.7,Passed,4,7.5,3
SP2024,SP2024-class 9,12,1905AEADBG,,,5,,6.4,7,Passed,8.5,5.4,9
SP2024,SP2024-class 9,13,1905AHCHCE,,,0,,0,0.1,Attendance Fail,0,1,0
SP2024,SP2024-class 9,14,1905AGJJCH,,,6.5,,0,2.3,Not Passed,4.5,5.6,0
SP2024,SP2024-class 9,15,1905AGCFDE,,,6.5,,5,5.4,Passed,8,7.9,3.3
SP2024,SP2024-class 9,16,1905AGJDAI,,,6.5,,5.2,5.5,Passed,7.5,7.8,3.8
SP2024,SP2024-class 9,17,1905AGCDHB,,,6.5,,6.2,4.9,Not Passed,3.3,5.2,3
SP2024,SP2024-class 9,18,1905AHDADJ,,,5,,8.8,7.5,Passed,7.5,6.8,8
SP2024,SP2024-class 9,19,1905AHAEJA,,,7,,9.8,8.6,Passed,9.3,8.9,8
SP2024,SP2024-class 9,20,1901AGJAIE,,,0,,0,0.7,Is Susspended,4.3,2.8,0
SP2024,SP2024-class 9,21,1905AHDJJA,,,7,,7.4,5.9,Passed,8,7.4,2.4
SP2024,SP2024-class 9,22,1905AHAGFE,,,6,,8.4,6.2,Passed,8,7.4,3
SP2024,SP2024-class 9,23,1905AGJDDC,,,6.5,,0,1.5,Attendance Fail,0,2,0
SP2024,SP2024-class 9,24,1905AHDEDJ,,,6.5,,0,2.6,Not Passed,3.8,6,1
SP2024,SP2024-class 9,25,1905AHAGGJ,,,7,,8,7,Passed,9.5,8.8,4.7
SP2024,SP2024-class 9,26,1905AGADJF,,,6.5,,3.6,3.9,Not Passed,7,7.7,0
SP2024,SP2024-class 9,27,1905AGJCDG,,,7.5,,8,6.4,Passed,7.5,7.5,3.3
SP2024,SP2024-class 9,28,1905AHJEFB,,,6.5,,9.4,7.3,Passed,8.5,8.1,5
SP2024,SP2024-class 9,29,1905AGBBCG,,,0,,0,0.6,Attendance Fail,3.3,2.8,0
SP2024,SP2024-class 9,30,0405AGJFIC,,,0,,0,0.8,Attendance Fail,4,3.8,0
SP2024,SP2024-class 9,31,1905AHBBHF,,,5,,6.8,5.5,Passed,7.5,6.5,3.4
SP2024,SP2024-class 9,32,1905AGJBCH,,,6.5,,8.2,7.1,Passed,7,7.9,6
SP2024,SP2024-class 9,33,1905AHDDAB,,,5,,6.2,4.5,Not Passed,7.5,6,1.1
SP2024,SP2024-class 9,34,1705AHJJFB,,,7,,4.8,5.6,Passed,7.8,7.4,4
SP2024,SP2024-class 9,35,1905AGCJJJ,,,0.5,,6.4,4.7,Not Passed,8,8.1,3.7
SP2024,SP2024-class 10,1,1905AGBCAB,,,3,,7.8,7.4,Passed,9.3,8.1,9
SP2024,SP2024-class 10,2,1905AIFHEE,,,8.5,,8.2,7.4,Passed,9,8.5,5
SP2024,SP2024-class 10,3,1905AIFDCF,,,7.5,,8.8,7.3,Passed,8.5,8.2,4.8
SP2024,SP2024-class 10,4,1905AHBACH,,,6,,7.4,5.9,Passed,8,7.8,3
SP2024,SP2024-class 10,5,1905AGBFDJ,,,5,,6.8,6,Passed,8.5,9,4
SP2024,SP2024-class 10,6,1905AGBAHA,,,6.5,,8.6,6.1,Passed,8,8.6,1.9
SP2024,SP2024-class 10,7,1905AGJEHA,,,6.5,,9,6.4,Passed,4.8,5.1,4.7
SP2024,SP2024-class 10,8,1905AGBGGI,,,6.5,,0,2.4,Attendance Fail,4.3,6.9,0
SP2024,SP2024-class 10,9,1905AHDJIJ,,,7,,7.6,7.1,Passed,8.5,8,6
SP2024,SP2024-class 10,10,1905AGBDCE,,,0,,0,1.5,Not Passed,3.8,4.1,2.3
SP2024,SP2024-class 10,11,1905AGBJDA,,,5,,7.2,6,Passed,8,8,4
SP2024,SP2024-class 10,12,1905AGJJFE,,,0,,0,0.6,Attendance Fail,4,1.5,0
SP2024,SP2024-class 10,13,1905AGAEDI,,,0,,0,0,Attendance Fail,0,0,0
SP2024,SP2024-class 10,14,1905AHBAHH,,,6,,7.6,6.3,Passed,8.5,8,4
SP2024,SP2024-class 10,15,1905AGBJID,,,6,,6.6,5.8,Passed,7.3,7.2,4
SP2024,SP2024-class 10,16,1905AGJBCG,,,3,,7.6,5.6,Passed,8,6.7,4
SP2024,SP2024-class 10,17,1905AGJBCI,,,7.5,,9.2,7.2,Passed,9,6.7,4.5
SP2024,SP2024-class 10,18,1905AGJABE,,,7.5,,7.2,6.2,Passed,8.3,5.1,4
SP2024,SP2024-class 10,19,1905AGBAFB,,,6,,9.8,7.7,Passed,7.8,6.4,7
SP2024,SP2024-class 10,20,1905AHDEEC,,,6,,7.8,5.6,Passed,7.3,7,2.1
SP2024,SP2024-class 10,21,1905AGAGFA,,,0,,0,0.7,Attendance Fail,0,6.9,0
SP2024,SP2024-class 10,22,1905FBIEI,,,0,,6.8,4.3,Not Passed,4.8,6,4
SP2024,SP2024-class 10,23,1905AGBBFB,,,3,,0,2,Not Passed,7.8,6.2,0
SP2024,SP2024-class 10,24,1905AGBIGE,,,0,,0,0.9,Attendance Fail,4.5,4.9,0
SP2024,SP2024-class 10,25,1905AGBCCE,,,5,,7.2,6.1,Passed,10,8.1,3.7
SP2024,SP2024-class 10,26,1905AGAGDB,,,0,,0,0.4,Attendance Fail,0,4.3,0
SP2024,SP2024-class 10,27,1905AGAEDC,,,7.5,,0,3.3,Not Passed,9.5,8,0
SP2024,SP2024-class 10,28,1905AGBJCH,,,5,,8.6,7.5,Passed,7.8,7.6,7.8
SP2024,SP2024-class 10,29,1905AGBHGF,,,6.5,,7.6,6.5,Passed,8,6,5
SP2024,SP2024-class 10,30,1905AGAHHG,,,0,,0,1.3,Not Passed,4.8,5.6,1
SP2024,SP2024-class 10,31,1905AGJEFB,,,0,,0,0.9,Not Passed,6.3,3.2,0
SP2024,SP2024-class 11,1,1905AGADAE,,,0,,0,0,Attendance Fail,0,0,0
SP2024,SP2024-class 11,2,1905AGJJCI,,,4,,4.4,6.3,Passed,7.8,7.5,9
SP2024,SP2024-class 11,3,1905AGCEBH,,,6,,8.2,6.3,Passed,7,7,4
SP2024,SP2024-class 11,4,1905AGBEFG,,,3,,8.4,6.8,Passed,8,6.8,7.3
SP2024,SP2024-class 11,5,1905AGBFIE,,,6,,0,2.3,Attendance Fail,4.8,6.2,0
SP2024,SP2024-class 11,6,1905AGAAHF,,,5,,8.4,6.5,Passed,9.5,7.8,4
SP2024,SP2024-class 11,7,1905AGCABG,,,3,,7.6,5.7,Passed,8.5,5.8,4.7
SP2024,SP2024-class 11,8,1905AGCFJI,,,4,,4.2,3.2,Not Passed,7.8,4,0
SP2024,SP2024-class 11,9,1905AGBBGE,,,5,,0,2.2,Attendance Fail,4.8,7.4,0
SP2024,SP2024-class 11,10,1905AGBGJG,,,0,,0,0,Attendance Fail,0,0,0
SP2024,SP2024-class 11,11,1905AGCBBF,,,4,,8,6.1,Passed,9,7.5,4.3
SP2024,SP2024-class 11,12,1905AGBGCF,,,4,,6,5,Passed,7.5,6.8,3.1
SP2024,SP2024-class 11,13,1905AGBFGB,,,4,,7.6,4.8,Not Passed,4,3.8,3
SP2024,SP2024-class 11,14,1905AGCCDA,,,6,,6,5.3,Passed,7,7.3,3
SP2024,SP2024-class 11,15,1905AHJJJC,,,5,,8.6,6,Passed,7.3,5.9,3.8
SP2024,SP2024-class 11,16,1905AFJEBD,,,4,,5.6,4,Not Passed,7.5,4.8,1
SP2024,SP2024-class 11,17,1905AGBCIJ,,,3,,8.2,4.9,Not Passed,8,7.4,1
SP2024,SP2024-class 11,18,1905AGBBGB,,,4,,7.2,6.9,Passed,6.3,6.2,9
SP2024,SP2024-class 11,19,1905AGAGFG,,,4,,3.2,3.2,Not Passed,7.3,7.2,0
SP2024,SP2024-class 11,20,1905AGBDIC,,,5,,8.2,6.3,Passed,8.5,7.9,4
SP2024,SP2024-class 11,21,1905AGAEBF,,,3,,0,1,Attendance Fail,0,3.6,0
SP2024,SP2024-class 11,22,1905AGJCAJ,,,6,,7.2,7.1,Passed,8.8,7.7,7
SP2024,SP2024-class 11,23,1905AGJEFD,,,6,,4,6.2,Passed,8.5,5.4,7.9
SP2024,SP2024-class 11,24,1905AGCBFG,,,3,,3.6,2.7,Not Passed,6.8,3.6,0
SP2024,SP2024-class 11,25,1905AGCACA,,,3,,8.8,5.2,Passed,2.8,5.4,3.8
SP2024,SP2024-class 11,26,1905AHJCIH,,,5,,6.4,5.7,Passed,8.3,8.1,3.7
SP2024,SP2024-class 11,27,1905AGBEJF,,,7,,7.8,6.6,Passed,9,8.1,3.8
SP2024,SP2024-class 11,28,1705AHJAJG,,,4,,7,6.4,Passed,7.5,6.4,7
SP2024,SP2024-class 11,29,1905AHBAAD,,,3,,7.8,5.2,Passed,8.8,6.2,2.5
SP2024,SP2024-class 11,30,1905AGAIHH,,,6,,5.6,6.3,Passed,8.3,5.2,7
SP2024,SP2024-class 11,31,1905AGJFJB,,,6,,0,2.4,Not Passed,4.3,7.7,0
SP2024,SP2024-class 11,32,1905AGCAHJ,,,4,,8.2,6,Passed,8,7.6,4
SP2024,SP2024-class 11,33,1905AFJIEB,,,4,,6.6,6.2,Passed,6.8,6.4,7
SP2024,SP2024-class 11,34,1905AHCHHH,,,4,,0,2.5,Is Susspended,9,7.7,0
SP2024,SP2024-class 11,35,1705AHJBAC,,,0,,0,0.7,Attendance Fail,2.3,4.8,0
SP2024,SP2024-class 12,1,1905AHJJGD,,,8,,9.6,7.6,Passed,8.5,8.4,4.9
SP2024,SP2024-class 12,2,1905AGABDI,,,7,,5.6,6.8,Passed,8.5,5,7.8
SP2024,SP2024-class 12,3,1905AHAEIJ,,,0,,0,0.6,Attendance Fail,2.8,3,0
SP2024,SP2024-class 12,4,1905AGJJJE,,,6,,7.4,5.8,Passed,7.5,7.6,3
SP2024,SP2024-class 12,5,1905AHCIDF,,,6,,6.4,6.1,Passed,8.8,6.2,4.8
SP2024,SP2024-class 12,6,1905AHJJFB,,,8,,9.2,9.2,Passed,9.5,8.5,10
SP2024,SP2024-class 12,7,1905AHJJII,,,8,,9.8,8.1,Passed,8.8,8.6,6
SP2024,SP2024-class 12,8,1905AGCDJB,,,6,,8.6,6.2,Passed,7,7.8,3
SP2024,SP2024-class 12,9,1905AHJJGB,,,6,,7.4,5.9,Passed,7,8.6,3
SP2024,SP2024-class 12,10,1905AHJJDB,,,8,,7.2,6.3,Passed,7.5,8,3.4
SP2024,SP2024-class 12,11,1905AHJAAA,,,8,,8.6,7.2,Passed,9.5,7.6,4.5
SP2024,SP2024-class 12,12,1905AGCCIJ,,,7,,7.8,6.5,Passed,9.3,7.8,3.5
SP2024,SP2024-class 12,13,1905AGBBJE,,,0,,0,0.4,Attendance Fail,3.5,0,0
SP2024,SP2024-class 12,14,1905AHJAFH,,,7,,7.6,6.6,Passed,9,8.6,3.7
SP2024,SP2024-class 12,15,1905AHJJDI,,,8,,8.6,7.1,Passed,8.8,8,4
SP2024,SP2024-class 12,16,1905AHJJFG,,,9,,9,8.4,Passed,9.5,8.5,7
SP2024,SP2024-class 12,17,1905AGAEJE,,,7,,6.4,4.9,Not Passed,7,4.6,1.5
SP2024,SP2024-class 12,18,1905AHDAEC,,,0,,0,0,Attendance Fail,0,0,0
SP2024,SP2024-class 12,19,1905AHJJFH,,,9,,9.2,8.5,Passed,8.8,8.5,7.3
SP2024,SP2024-class 12,20,1905AHJACI,,,8,,7,6.2,Passed,8,7.9,3
SP2024,SP2024-class 12,21,1905AHJAJC,,,8,,9,6.3,Passed,9.5,7.9,1
SP2024,SP2024-class 12,22,1905AHJCBC,,,8,,9.2,6.1,Not Passed,9,8.3,0
SP2024,SP2024-class 12,23,1905AHCGHE,,,6,,0,2.7,Not Passed,7.3,8.2,0
SP2024,SP2024-class 12,24,1905AHJAJJ,,,8,,8.6,7.1,Passed,8.8,8.5,4
SP2024,SP2024-class 12,25,1905AGCDBE,,,6,,5.6,5.4,Passed,8.8,7.4,3
SP2024,SP2024-class 12,26,1905AGAFFE,,,7,,8.8,7.4,Passed,3.3,3,9
SP2024,SP2024-class 12,27,1905AHDFHH,,,0,,0,0.4,Attendance Fail,3.8,0,0
SP2024,SP2024-class 12,28,1905AHJJGE,,,8,,8.2,6.8,Passed,9,8.5,3.3
SP2024,SP2024-class 12,29,1905AGAFAI,,,6,,8.6,5.4,Passed,8.3,7.2,0.4
SP2024,SP2024-class 12,30,1905AGCCJH,,,6,,9.2,6.3,Passed,9.5,7.2,2.3
SP2024,SP2024-class 12,31,1905AGCGJG,,,9,,4.6,7.2,Passed,9,8,7.8
SP2024,SP2024-class 12,32,1905AHJJJE,,,6,,8.4,5.7,Passed,8,8.6,1
SP2024,SP2024-class 12,33,1905AGJDDD,,,0,,0,0.6,Attendance Fail,3.5,2,0
SP2024,SP2024-class 12,34,1905AGBIGI,,,6,,8.8,7.6,Passed,9,7.8,7
SP2024,SP2024-class 12,35,1905AHAEJE,,,8,,8.6,7,Passed,8.3,8.2,3.9
SP2024,SP2024-class 13,1,1905AHJAFI,,,7,,6,6.3,Passed,9,7.5,4.8
SP2024,SP2024-class 13,2,1905AGJCAC,,,8,,6.2,6.1,Passed,9.6,5.6,3.8
SP2024,SP2024-class 13,3,1905AHJAIG,,,8,,8.4,6.8,Passed,9.6,7.2,3.4
SP2024,SP2024-class 13,4,1905AHJBDE,,,7.5,,6,4.7,Not Passed,6.6,6.2,0.5
SP2024,SP2024-class 13,5,1905AHJBIC,,,9,,9.4,8,Passed,9.2,8.3,5.4
SP2024,SP2024-class 13,6,1905AGCBGE,,,5.5,,7.6,5.8,Passed,9.7,5.2,3
SP2024,SP2024-class 13,7,1905AHJCBD,,,7,,8.4,8.3,Passed,9.3,7.9,8.8
SP2024,SP2024-class 13,8,1905AHJACG,,,8.5,,3.8,4.7,Not Passed,8.6,6.2,1.4
SP2024,SP2024-class 13,9,1905AHJCAC,,,7,,9.8,6.6,Passed,9,7.9,2
SP2024,SP2024-class 13,10,1905AHJCBA,,,7,,9.6,8.1,Passed,9.5,7.7,7
SP2024,SP2024-class 13,11,1905AHJAGJ,,,9,,6,5.7,Passed,8.5,7.9,1.5
SP2024,SP2024-class 13,12,1905AFAFCA,,,5.5,,6,5,Passed,9.4,5.9,1.9
SP2024,SP2024-class 13,13,1905AHJBGB,,,7,,7.2,5.8,Passed,8.9,7.5,2
SP2024,SP2024-class 13,14,1905AHJAID,,,8,,7.4,6.6,Passed,9,6.9,3.8
SP2024,SP2024-class 13,15,1905AHJABD,,,7.5,,10,6.8,Passed,5.2,6.1,4
SP2024,SP2024-class 13,16,1905AHJBEI,,,8.5,,8.8,7.9,Passed,9.4,7.8,6
SP2024,SP2024-class 13,17,1905AHJCBH,,,7,,7.4,6.2,Passed,8.6,6.3,3.5
SP2024,SP2024-class 13,18,1905AHJBJH,,,9,,7.8,8.1,Passed,8.6,8.1,7.8
SP2024,SP2024-class 13,19,1905AFJHEH,,,5.5,,7.2,5.3,Passed,9,4.3,2.4
SP2024,SP2024-class 13,20,1905AHCIAA,,,7,,7.4,6,Passed,7.4,7.6,3.1
SP2024,SP2024-class 13,21,1905AHJAFF,,,8,,7.8,6.5,Passed,6.9,5.4,4.5
SP2024,SP2024-class 13,22,1905AHJAGA,,,7,,9.6,7.6,Passed,8.5,7.1,6
SP2024,SP2024-class 13,23,1705AHJABA,,,7.5,,9,7.3,Passed,9.2,6.4,5
SP2024,SP2024-class 13,24,1905AHJBFA,,,9,,9.4,8.8,Passed,9.4,8.3,8
SP2024,SP2024-class 13,25,1905AFJIEJ,,,5.5,,5,5,Passed,9.4,4.3,3.5
SP2024,SP2024-class 13,26,1905AHJBBD,,,9,,7.8,7,Passed,8.7,8.2,3.9
SP2024,SP2024-class 13,27,1905AHDHIJ,,,8.5,,6,6.4,Passed,9.1,7.8,4
SP2024,SP2024-class 13,28,1905AHJABH,,,7.5,,6.6,6.4,Passed,8.4,6.5,4.8
SP2024,SP2024-class 13,29,1905AHJBAE,,,7,,7.4,6.5,Passed,9.4,7.7,3.9
SP2024,SP2024-class 13,30,1905AHJACC,,,8.5,,6,6.2,Passed,9.2,6.2,3.9
SP2024,SP2024-class 13,31,1905AHBJHE,,,7.5,,6.2,5.8,Passed,9.5,6.1,3
SP2024,SP2024-class 13,32,1905AFAIBD,,,0,,0,0,Attendance Fail,0,0,0
SP2024,SP2024-class 13,33,1905AHJACJ,,,8.5,,9.2,8.5,Passed,9.2,7.6,8
SP2024,SP2024-class 13,34,1905AHJAII,,,8,,8.8,7.4,Passed,9.3,7.2,5
SP2024,SP2024-class 14,1,1905AHJDGB,,,3,,8,5.1,Passed,5.4,5.4,3.5
SP2024,SP2024-class 14,2,1905AGJAII,,,0,,0,0,Attendance Fail,0,0,0
SP2024,SP2024-class 14,3,1905AHJDAA,,,1,,0,0.9,Attendance Fail,2.1,5.2,0
SP2024,SP2024-class 14,4,1905AGADHC,,,2,,5,5.1,Passed,5.8,5.4,7
SP2024,SP2024-class 14,5,1905AHJDDI,,,2,,9.6,7.5,Passed,6.8,8,9
SP2024,SP2024-class 14,6,1905AHJCEG,,,3,,0,1.7,Not Passed,4.5,5,0.5
SP2024,SP2024-class 14,7,1905AHJCHE,,,7.5,,7.2,6,Passed,6,8.2,3
SP2024,SP2024-class 14,8,1905AHCHIA,,,7,,8.6,7.5,Passed,6.3,8.2,7
SP2024,SP2024-class 14,9,1905AHJCDH,,,4,,9.2,5.8,Passed,6.1,7.6,2.8
SP2024,SP2024-class 14,10,1905AHJCDC,,,6,,0,2.4,Attendance Fail,2.6,4.8,1.5
SP2024,SP2024-class 14,11,1905AHJDDJ,,,7,,6.8,6,Passed,5,8.2,4
SP2024,SP2024-class 14,12,1905AHJDBD,,,5,,8.4,5,Not Passed,6.9,8.1,0
SP2024,SP2024-class 14,13,1905AHDGIJ,,,6.5,,7,5.5,Passed,5.4,5.8,3.2
SP2024,SP2024-class 14,14,1905AHJDBC,,,3,,0,1.9,Attendance Fail,6,7.4,0
SP2024,SP2024-class 14,15,1905AHJDBG,,,7.5,,7.4,6,Passed,6.4,7.6,3
SP2024,SP2024-class 14,16,1905AHJCFF,,,7.5,,8.6,8,Passed,6.7,8.4,8
SP2024,SP2024-class 14,17,1905AHJCFB,,,5,,6.4,5.4,Passed,5.3,7.3,4
SP2024,SP2024-class 14,18,1905AHJDGH,,,6,,6.6,5.5,Passed,6.2,7.6,3
SP2024,SP2024-class 14,19,1905AGJBJJ,,,6,,6.2,5.5,Passed,4.9,5.9,4.6
SP2024,SP2024-class 14,20,1905AHJCHC,,,3,,0,1.5,Attendance Fail,2.5,6.4,0
SP2024,SP2024-class 14,21,1905AHJJDF,,,6.5,,7.6,7.1,Passed,5.9,9.3,6.8
SP2024,SP2024-class 14,22,1905AHDGIF,,,6.5,,6.6,5.6,Passed,6.7,7.3,3
SP2024,SP2024-class 14,23,1905AHDGID,,,6.5,,8.2,5.6,Passed,5.5,6.3,2.2
SP2024,SP2024-class 14,24,1905AHJDHC,,,6,,8,6.3,Passed,5.9,7.5,4.5
SP2024,SP2024-class 14,25,1905AHJCDE,,,6,,8.2,6.4,Passed,7.5,8.1,3.9
SP2024,SP2024-class 14,26,1905AHJDFJ,,,3,,0,1.7,Attendance Fail,6.4,5,0
SP2024,SP2024-class 14,27,1905AHJCIG,,,7.5,,8.2,7.5,Passed,6.2,8.6,7
SP2024,SP2024-class 14,28,1905AHJCCC,,,4,,7.6,6.1,Passed,7.3,8.3,4.8
SP2024,SP2024-class 14,29,1905AHJDCF,,,2,,0,1.4,Not Passed,4.1,5.6,0
SP2024,SP2024-class 14,30,1905AHJDAI,,,3,,5.8,3.6,Not Passed,4.2,5.2,1
SP2024,SP2024-class 14,31,1905AHBIIH,,,4,,7.4,5,Passed,6.4,4.4,3
SP2024,SP2024-class 14,32,1905AHJCEI,,,4,,5.4,4.8,Not Passed,5.7,8.1,3.2
SP2024,SP2024-class 14,33,1905AHJCIB,,,7.5,,8.8,7.7,Passed,6.6,9.1,6.7
SP2024,SP2024-class 14,34,1905AHDGHI,,,6.5,,8.4,6.1,Passed,5.7,6.7,3.4
SP2024,SP2024-class 14,35,1905AHCHIJ,,,7,,6.2,6.2,Passed,6.5,7.8,5
SP2024,SP2024-class 15,1,1905AHJGDE,,,8.9,,6.8,6.6,Passed,7.9,7.9,4
SP2024,SP2024-class 15,2,1905AHBFGE,,,0,,0,0,Attendance Fail,0,0,0
SP2024,SP2024-class 15,3,1905AHJFID,,,8.5,,6.6,6.4,Passed,8.8,7.5,3.5
SP2024,SP2024-class 15,4,1905AHJFCE,,,8.5,,7.4,6.7,Passed,8.8,7.3,4
SP2024,SP2024-class 15,5,1905AHJEBD,,,8.5,,8.4,7.3,Passed,9,9.6,4
SP2024,SP2024-class 15,6,1905AHDEFJ,,,9,,8.4,7.1,Passed,9,7.2,4
SP2024,SP2024-class 15,7,1905AHAEHE,,,8.9,,7.2,7.7,Passed,8,7.3,7.5
SP2024,SP2024-class 15,8,1905AHJEAF,,,8.5,,7.6,6.4,Passed,8.6,7,3
SP2024,SP2024-class 15,9,1905AHJECE,,,8.3,,7,6.5,Passed,7.8,8.7,3.8
SP2024,SP2024-class 15,10,1905AHJFCH,,,9,,9,8.5,Passed,9,10,7
SP2024,SP2024-class 15,11,1905AHJEDD,,,8.3,,8.8,6.9,Passed,8.8,7.2,3.4
SP2024,SP2024-class 15,12,1905AHJGEH,,,8.9,,8.8,7.7,Passed,9,8.3,5
SP2024,SP2024-class 15,13,1905AHJEDI,,,0,,0,0.4,Attendance Fail,4,0,0
SP2024,SP2024-class 15,14,1905AHJEIA,,,8.9,,6.2,6.4,Passed,9,7,3.8
SP2024,SP2024-class 15,15,1905AHJEJJ,,,8.3,,8,6.7,Passed,8.8,8.2,3
SP2024,SP2024-class 15,16,1905AGBAJB,,,9,,8.4,7.2,Passed,9,7.3,4
SP2024,SP2024-class 15,17,1905AHJGJE,,,9,,9.4,8.2,Passed,8.8,9.1,6
SP2024,SP2024-class 15,18,1905AHJFBI,,,8.3,,8,6.9,Passed,8.8,7.1,4
SP2024,SP2024-class 15,19,1905AHJFCA,,,8.8,,8.4,9,Passed,8.9,10,9.3
SP2024,SP2024-class 15,20,1905AHJFJC,,,9,,6.4,5.6,Passed,8.9,8.9,0.3
SP2024,SP2024-class 15,21,1905AGAHJG,,,8,,7.8,6.6,Passed,8.9,5.7,4
SP2024,SP2024-class 15,22,1905AHJDHF,,,9,,8.6,7.8,Passed,9,10,5
SP2024,SP2024-class 15,23,1905AHJEAD,,,0,,0,0,Attendance Fail,0,0,0
SP2024,SP2024-class 15,24,1905AHJEDC,,,8.8,,7.8,6.6,Passed,8.6,8,2.9
SP2024,SP2024-class 15,25,1905AHJEHA,,,9,,8.8,8.7,Passed,8.9,9.6,8
SP2024,SP2024-class 15,26,1905AHJDIG,,,8.5,,7.8,6.9,Passed,8.8,8.9,3.6
SP2024,SP2024-class 15,27,1905AHJFAI,,,9,,7.8,7.2,Passed,9,9.7,4
SP2024,SP2024-class 15,28,1905AHJFDD,,,0,,0,0,Attendance Fail,0,0,0
SP2024,SP2024-class 15,29,1905AHJECA,,,0,,0,0.6,Attendance Fail,4,2.4,0
SP2024,SP2024-class 15,30,1905AHJFFD,,,9,,7.8,7.1,Passed,9.2,8.7,4
SP2024,SP2024-class 15,31,1905AHJEFD,,,9,,8.8,7.3,Passed,9.3,8.8,3.5
SP2024,SP2024-class 15,32,1905AHJGFF,,,8.5,,6.6,6.1,Passed,8.3,7.4,2.8
SP2024,SP2024-class 15,33,1905AHJFJJ,,,8.9,,8.6,8.3,Passed,8.9,9.8,7
SP2024,SP2024-class 16,1,1905AHAEBJ,,,9,,8.8,8.2,Passed,8.7,8.4,6.9
SP2024,SP2024-class 16,2,1905AHAECB,,,7.5,,8.8,8.8,Passed,8.7,8.4,10
SP2024,SP2024-class 16,3,1905AGAFHA,,,1,,0,1.1,Attendance Fail,3,6.2,0
SP2024,SP2024-class 16,4,1905AHAFHJ,,,5,,0,1.9,Attendance Fail,3,5.6,0
SP2024,SP2024-class 16,5,1905AHAEAE,,,9,,8,7.8,Passed,7,8.8,6.7
SP2024,SP2024-class 16,6,1905AGACJF,,,5,,0,2.5,Not Passed,7.6,7,0
SP2024,SP2024-class 16,7,1905AHAEAC,,,9,,8.4,6.9,Passed,6.6,8.1,3.8
SP2024,SP2024-class 16,8,1905AHJGGH,,,6,,5.4,5.3,Passed,6.2,8.5,3.3
SP2024,SP2024-class 16,9,1905AHAEFC,,,6,,5.6,5.2,Passed,6.6,9.1,2.5
SP2024,SP2024-class 16,10,1905AHBGCF,,,1,,4.4,2.5,Not Passed,5.5,4.4,0
SP2024,SP2024-class 16,11,1905AHAFFB,,,5,,5.6,5.2,Passed,6.9,7.9,3.6
SP2024,SP2024-class 16,12,1905AHAEBC,,,4,,6.8,6.7,Passed,7.4,8.2,7.8
SP2024,SP2024-class 16,13,1905AHAFGB,,,4,,8,7.2,Passed,7.8,8,8
SP2024,SP2024-class 16,14,1919AGJHFH,,,7,,7,5.8,Passed,7,6.7,3
SP2024,SP2024-class 16,15,1905AHAEDI,,,4,,9.6,7.7,Passed,7.4,8.4,8
SP2024,SP2024-class 16,16,1905AGJBDD,,,1,,4.8,3.9,Not Passed,5.5,5.8,3.6
SP2024,SP2024-class 16,17,1905AHAEEF,,,4,,8.8,8.1,Passed,7.4,9.1,10
SP2024,SP2024-class 16,18,1905AHDAFH,,,7,,8.4,6,Passed,4.3,7.7,3.1
SP2024,SP2024-class 16,19,1905AFAIAA,,,0,,0,0,Attendance Fail,0,0,0
SP2024,SP2024-class 16,20,1905AHBHJG,,,6,,6,5.5,Passed,6.9,5.7,4
SP2024,SP2024-class 16,21,1905AHDBBE,,,7,,6.4,5.6,Passed,6,7.1,3.3
SP2024,SP2024-class 16,22,1905AHAEHG,,,2,,8,5,Passed,6.9,6.4,3
SP2024,SP2024-class 16,23,1905AFAGBI,,,1,,0,1.2,Attendance Fail,2.9,6.9,0
SP2024,SP2024-class 16,24,1905AHDIHG,,,7,,9,6.7,Passed,6.7,9,3.3
SP2024,SP2024-class 16,25,1905AHAECA,,,7.5,,8.8,8.1,Passed,7.3,8.8,7.9
SP2024,SP2024-class 16,26,1905AFAJAI,,,1,,0,1.1,Attendance Fail,3.3,5.5,0
SP2024,SP2024-class 16,27,1905AGJBCE,,,1,,0,2.1,Attendance Fail,5.5,5.5,2.8
SP2024,SP2024-class 16,28,1905AHAEEI,,,4,,9.2,6.3,Passed,7.5,8,4
SP2024,SP2024-class 16,29,1905AHJFGB,,,9,,8.6,8.2,Passed,8.3,7.5,7.5
SP2024,SP2024-class 16,30,1905AHAEEA,,,5,,7.2,5.6,Passed,5.4,6.8,4
SP2024,SP2024-class 17,1,1905AHAGAJ,,,8,,8,6.5,Passed,9,7.3,2.9
SP2024,SP2024-class 17,2,1905AHAHCB,,,7,,7.2,6.1,Passed,9.6,6.9,3.1
SP2024,SP2024-class 17,3,1905AHAGBD,,,6.5,,8,6,Passed,9.5,7.4,2
SP2024,SP2024-class 17,4,1905AHBHDJ,,,6.5,,6.4,6.3,Passed,9.3,7.5,4.8
SP2024,SP2024-class 17,5,1905AHAGIJ,,,9,,9.2,8,Passed,9.6,7.7,5.8
SP2024,SP2024-class 17,6,1905AHAGDI,,,8,,5,4.6,Not Passed,9.5,5.4,0
SP2024,SP2024-class 17,7,1905AHJFJI,,,7.5,,7.4,6.9,Passed,9.9,7.7,4.7
SP2024,SP2024-class 17,8,1905AHAHAC,,,9,,5.4,6.1,Passed,9.3,7.6,3.2
SP2024,SP2024-class 17,9,1905AGJJFJ,,,9,,7,6.6,Passed,9.7,7.8,3
SP2024,SP2024-class 17,10,1905AHAFIJ,,,7.5,,9.2,7.5,Passed,9.7,7.6,4.9
SP2024,SP2024-class 17,11,1905AHAGFD,,,7.5,,8.4,6.9,Passed,9.6,7.5,4
SP2024,SP2024-class 17,12,1905AHCGAG,,,6.5,,0,2.4,Is Susspended,3.3,7.2,0
SP2024,SP2024-class 17,13,1905AHDEEF,,,9,,8,7.5,Passed,9.8,8,5.2
SP2024,SP2024-class 17,14,1905AHAGCJ,,,6.5,,6,6.3,Passed,9.7,7.6,5
SP2024,SP2024-class 17,15,1905AGBJGC,,,6.5,,7.2,6.4,Passed,9.6,7.4,4
SP2024,SP2024-class 17,16,1905AHAGED,,,9,,10,7.6,Passed,9.9,8.6,3.3
SP2024,SP2024-class 17,17,1905AHAGGB,,,7,,8.2,6.9,Passed,8.9,6.8,4.8
SP2024,SP2024-class 17,18,1905AHAHAF,,,8,,9.4,7.9,Passed,9.8,7.4,5.7
SP2024,SP2024-class 17,19,1905AHAGJF,,,6.5,,9.2,6.6,Passed,9.2,7.4,3
SP2024,SP2024-class 17,20,1905AHBJIE,,,7,,5,7.2,Passed,9.4,6.7,9
SP2024,SP2024-class 17,21,1905AHAHDJ,,,7,,8.2,8.1,Passed,9.1,6.6,9
SP2024,SP2024-class 17,22,1905AHAGBF,,,8,,0,2.5,Is Susspended,2.7,6.6,0
SP2024,SP2024-class 17,23,1905AHAIBC,,,9,,10,8.7,Passed,9.5,8.6,7
SP2024,SP2024-class 17,24,1905AHAGFF,,,7,,7.4,6,Passed,9.6,7.3,2.4
SP2024,SP2024-class 17,25,1905AGJBFJ,,,6.5,,0,2.2,Not Passed,3.2,5.8,0
SP2024,SP2024-class 17,26,1905AHAGGD,,,9,,6,6.4,Passed,9.3,7.8,3.5
SP2024,SP2024-class 17,27,1905AHAGAG,,,8,,7.4,7.3,Passed,9.1,7.3,6
SP2024,SP2024-class 17,28,1905AHCHBI,,,9,,9.8,8.6,Passed,9.8,8,7
SP2024,SP2024-class 17,29,1905AHAGEE,,,9,,10,9.2,Passed,9.2,8.4,8.8
SP2024,SP2024-class 17,30,1905AHAGHC,,,7.5,,8,7.2,Passed,9.5,7.5,5.3
SP2024,SP2024-class 17,31,1905AHAGGC,,,7,,9,6.4,Passed,9,6.7,2.3
SP2024,SP2024-class 17,32,1905AHAGBI,,,6.5,,8.6,6.9,Passed,9.7,7.6,4.3
SP2024,SP2024-class 17,33,1905AHDHAC,,,6.5,,8.2,6.7,Passed,9.5,8,4
SP2024,SP2024-class 17,34,1905AHAGCE,,,6.5,,9.2,7.6,Passed,9.6,7.7,6
SP2024,SP2024-class 17,35,1905AHAFII,,,7.5,,7,5.6,Passed,4.6,6.5,3
SP2024,SP2024-class 18,1,1905AHAHGD,,,4,,0,2.1,Not Passed,6.4,7,0
SP2024,SP2024-class 18,2,1905AHCHGD,,,4,,7.6,4.9,Not Passed,4.8,7.9,1.9
SP2024,SP2024-class 18,3,1905AHAIHI,,,6.5,,8,7.2,Passed,6.3,9,6.5
SP2024,SP2024-class 18,4,1905AHAIGA,,,6.5,,6,6.1,Passed,6,8.8,5
SP2024,SP2024-class 18,5,1905AHBJBJ,,,1,,0,1,Attendance Fail,3,5,0
SP2024,SP2024-class 18,6,1905AHBAAA,,,3,,7.4,5,Passed,6.1,7.6,2.8
SP2024,SP2024-class 18,7,1905AHAIDC,,,5,,7.8,5.9,Passed,7.1,7,3.9
SP2024,SP2024-class 18,8,1905AHAHEC,,,1,,0,0.9,Attendance Fail,1.7,5,0
SP2024,SP2024-class 18,9,1905AHJGAG,,,4,,8.4,6.3,Passed,6,6.8,5.8
SP2024,SP2024-class 18,10,1905AGJBJF,,,1,,0,1.1,Attendance Fail,2.6,6,0
SP2024,SP2024-class 18,11,1905AHAICD,,,4,,6.8,5.3,Passed,5.1,9.1,3.5
SP2024,SP2024-class 18,12,1905AHAHAB,,,4,,8.8,7.4,Passed,6.7,8.8,8
SP2024,SP2024-class 18,13,1905AHBFDI,,,4,,0,2.3,Not Passed,5.4,7,1
SP2024,SP2024-class 18,14,1905AHBJEJ,,,4,,8.4,5.9,Passed,3.7,7.5,4.8
SP2024,SP2024-class 18,15,1905AFADGB,,,1,,9.8,5.2,Passed,4.5,5,3.8
SP2024,SP2024-class 18,16,1919AGJDIE,,,4,,9.8,7.1,Passed,5.7,7,7
SP2024,SP2024-class 18,17,1905AHAHDC,,,4,,0,2.2,Attendance Fail,2.6,5.8,2
SP2024,SP2024-class 18,18,1905AHAEAF,,,4,,8.2,6.1,Passed,6,7.8,5
SP2024,SP2024-class 18,19,1905AHAHFI,,,4,,0,1.8,Attendance Fail,3.1,6.6,0
SP2024,SP2024-class 18,20,1905AHBJGF,,,6.5,,5.8,5.5,Passed,5.3,7,4
SP2024,SP2024-class 18,21,1905AHAHAE,,,4,,8.6,4.9,Not Passed,2.4,5.8,2.5
SP2024,SP2024-class 18,22,1905AHBJGI,,,1,,0,1.1,Attendance Fail,2.4,6.5,0
SP2024,SP2024-class 18,23,1905AFAEFH,,,0,,0,0,Attendance Fail,0,0,0
SP2024,SP2024-class 18,24,1905AEJIGA,,,1,,2,1.8,Not Passed,5,5,0
SP2024,SP2024-class 18,25,1905AHAIFD,,,4,,9,5.7,Passed,6.2,7.6,2.8
SP2024,SP2024-class 18,26,1905AHAFFE,,,5,,6.8,6.1,Passed,6.2,7.8,5.7
SP2024,SP2024-class 18,27,1905AHBBEG,,,5,,8.6,6.7,Passed,7,7.9,5.5
SP2024,SP2024-class 18,28,1905AHDAHE,,,4,,8,6.6,Passed,5.8,6.9,7
SP2024,SP2024-class 18,29,1905AEAJEG,,,1,,0,1.1,Attendance Fail,3.7,5.5,0
SP2024,SP2024-class 18,30,1905AHAIBE,,,4,,0,2.2,Attendance Fail,5.2,8.4,0
SP2024,SP2024-class 18,31,1905AGJACD,,,5,,7.6,6.3,Passed,5,8,5.8
SP2024,SP2024-class 18,32,1905AHBAAF,,,6.5,,7.6,6.4,Passed,5.6,8.5,4.8
SP2024,SP2024-class 18,33,1905AHBJDI,,,3,,7.4,5.3,Passed,5.5,8,3.8
SP2024,SP2024-class 19,1,1905AHBACF,,,7.5,,7.8,6.6,Passed,8.8,7.3,4
SP2024,SP2024-class 19,2,1905AHBCBF,,,6,,6.6,5.3,Passed,9.1,4.9,2.4
SP2024,SP2024-class 19,3,0305AGJIGD,,,6,,7,5.4,Passed,8.8,6.4,2
SP2024,SP2024-class 19,4,1905AGCACF,,,6,,5.8,5.2,Passed,9.7,5.1,2.7
SP2024,SP2024-class 19,5,1905AHBADC,,,8,,8.8,6.9,Passed,9.7,7.9,3
SP2024,SP2024-class 19,6,1905AHBBJD,,,0,,0,0,Attendance Fail,0,0,0
SP2024,SP2024-class 19,7,1905AHBACC,,,7.5,,7.8,6.8,Passed,8.3,5.8,5
SP2024,SP2024-class 19,8,1905AHBAGI,,,7.5,,7.4,6.1,Passed,8.3,5.6,3.3
SP2024,SP2024-class 19,9,1905AHBBHB,,,0,,0,0,Attendance Fail,0,0,0
SP2024,SP2024-class 19,10,1905AGJBAJ,,,8,,6.8,6.1,Passed,6.4,5.6,4.2
SP2024,SP2024-class 19,11,1905AHDFAC,,,6,,7.8,5.9,Passed,9.2,5.2,3.1
SP2024,SP2024-class 19,12,1905AHBCAD,,,9,,9.4,8.8,Passed,9.5,8.2,8
SP2024,SP2024-class 19,13,1905AHBBCJ,,,7.5,,8,6.7,Passed,8.6,7.2,4
SP2024,SP2024-class 19,14,1905AGJCED,,,8,,7.2,5.9,Passed,7.2,6.5,2.7
SP2024,SP2024-class 19,15,1905AHBAHD,,,9,,8.8,8,Passed,9.5,8.2,6
SP2024,SP2024-class 19,16,1905AHBBIB,,,6.5,,7.2,6.4,Passed,7,6.5,5.3
SP2024,SP2024-class 19,17,1905AHBAEB,,,8,,8.4,7.1,Passed,9.8,8.1,3.8
SP2024,SP2024-class 19,18,1905AHBABF,,,8,,7.6,6.1,Passed,9.2,5.5,2.4
SP2024,SP2024-class 19,19,1905AHAFJB,,,8,,8.6,7.7,Passed,9.6,7.4,6
SP2024,SP2024-class 19,20,1705AHJAGG,,,8,,9.6,7.7,Passed,9.6,7.4,5
SP2024,SP2024-class 19,21,1905AHBCAF,,,6,,0,3.6,Not Passed,9.7,5.1,3
SP2024,SP2024-class 19,22,1905AHBCBI,,,9,,9.8,8.6,Passed,9.4,8.1,7
SP2024,SP2024-class 19,23,1905AHBBGD,,,9,,9.4,7.9,Passed,9.5,8.2,5
SP2024,SP2024-class 19,24,1905AHDEJE,,,7,,8.2,7.6,Passed,9.2,7.3,7
SP2024,SP2024-class 19,25,1905AGBACC,,,7,,8,6.7,Passed,7.1,7.1,5
SP2024,SP2024-class 19,26,1905AHBBBA,,,9,,8.6,8.2,Passed,9.6,8.2,6.9
SP2024,SP2024-class 19,27,1905AHAFHH,,,8,,7.6,6.5,Passed,9.7,7.9,2.8
SP2024,SP2024-class 19,28,1905AHDDIF,,,7.5,,7.8,6,Passed,7.3,5.6,3
SP2024,SP2024-class 19,29,1905AHBBIG,,,6,,8.6,7.8,Passed,9.3,6.7,8
SP2024,SP2024-class 19,30,1905AHBACI,,,8,,7,6.3,Passed,9.4,7.7,3
SP2024,SP2024-class 19,31,1905AHBBGG,,,6.5,,9,7.1,Passed,9.3,6.7,5
SP2024,SP2024-class 19,32,1905AHBCAI,,,8,,9.2,8.8,Passed,8.3,6.6,9.8
SP2024,SP2024-class 19,33,1905AHBJBG,,,8,,5.2,5.1,Passed,9.2,5.7,1.4
SP2024,SP2024-class 19,34,1905AHBBEE,,,6,,6.2,5.5,Passed,9.6,6.8,2.8
SP2024,SP2024-class 19,35,1905AGCDGC,,,7,,7.8,6,Passed,8.6,5.4,2.9
SP2024,SP2024-class 20,1,1905AHBCDG,,,7.8,,8.4,7.3,Passed,8.2,6.8,5.8
SP2024,SP2024-class 20,2,1905AHCFAA,,,0,,0,0,Attendance Fail,0,0,0
SP2024,SP2024-class 20,3,1905AHBDJA,,,6.8,,8,6.4,Passed,8.6,9,3
SP2024,SP2024-class 20,4,1905AHBEJG,,,8,,9,7.5,Passed,8.1,9.2,5
SP2024,SP2024-class 20,5,1905AHBCFB,,,5.8,,9.8,7.6,Passed,7.4,6.4,7
SP2024,SP2024-class 20,6,1905AHBCFE,,,8.4,,9,8.4,Passed,7.5,9.4,7.9
SP2024,SP2024-class 20,7,1905AHBEAB,,,6.2,,5,5.2,Passed,7.8,7.4,3
SP2024,SP2024-class 20,8,1905AHBDAI,,,8.6,,9.4,8.2,Passed,9.2,9,6.3
SP2024,SP2024-class 20,9,1905AHBDEC,,,7.4,,8,6.9,Passed,7,8.4,4.9
SP2024,SP2024-class 20,10,1905AHDBGJ,,,8.8,,7.8,8.1,Passed,8.1,9.2,7.6
SP2024,SP2024-class 20,11,1905AHBDBA,,,5,,6.2,5,Passed,6.9,8.8,2
SP2024,SP2024-class 20,12,1905AHCEFG,,,6.4,,8.6,6.4,Passed,8.3,9,2.8
SP2024,SP2024-class 20,13,1905AHBDDH,,,8.6,,7.2,7,Passed,8.7,9.2,4.4
SP2024,SP2024-class 20,14,1905AHBCGG,,,7.6,,8,6.6,Passed,8.3,9.2,3
SP2024,SP2024-class 20,15,1905AHBCCA,,,0,,0,1.8,Not Passed,4,2.2,4
SP2024,SP2024-class 20,16,1905AHBCEC,,,9.4,,8.4,7.2,Passed,9.2,8.6,3.5
SP2024,SP2024-class 20,17,1905AHBDIB,,,8.6,,9.4,6.7,Passed,6.8,9,2
SP2024,SP2024-class 20,18,1905AHBCHF,,,6.8,,7,6.5,Passed,7.5,8.8,4.6
SP2024,SP2024-class 20,19,1905AHBDCB,,,7.8,,8.4,6.6,Passed,7,9.2,3
SP2024,SP2024-class 20,20,1905AHBEBD,,,8.8,,9.4,8.1,Passed,7.8,9.2,6
SP2024,SP2024-class 20,21,1905AHBCFH,,,8.6,,8.6,7.1,Passed,7,9.4,4
SP2024,SP2024-class 20,22,1905AHBCEA,,,6,,9,6.6,Passed,8,8.6,3.5
SP2024,SP2024-class 20,23,1905AHBEFC,,,8.2,,8.6,7.8,Passed,8.4,9.2,5.9
SP2024,SP2024-class 20,24,1905AHBEJF,,,8.8,,9.4,7.9,Passed,8,8.4,5.5
SP2024,SP2024-class 20,25,1905AHDFIF,,,9.6,,9.4,8.4,Passed,6.5,9.2,7
SP2024,SP2024-class 20,26,1905AHDIEE,,,7.2,,8,6.7,Passed,8.9,8.6,3.7
SP2024,SP2024-class 20,27,1905AHBDAF,,,7.8,,8.8,7.3,Passed,8,9.2,4.7
SP2024,SP2024-class 20,28,1905AHDFCI,,,8.6,,9,8.2,Passed,9.5,9.2,6.5
SP2024,SP2024-class 20,29,1905AHBCIJ,,,5.8,,7,6.1,Passed,7.5,9,4
SP2024,SP2024-class 20,30,1905AHCEJI,,,7.8,,9.4,7.4,Passed,9.1,9.4,4
SP2024,SP2024-class 20,31,1905AHBCFC,,,9.2,,9.6,9.2,Passed,8.7,9.4,9
SP2024,SP2024-class 20,32,1905AHBDCA,,,5.6,,6,5.4,Passed,6.7,9,3
SP2024,SP2024-class 20,33,1905AHBDDG,,,7.4,,6,5.7,Passed,6.5,8.8,3
SP2024,SP2024-class 20,34,1905AHBDDE,,,7.8,,9.8,7.9,Passed,8.1,9,5.7
SP2024,SP2024-class 20,35,1905AHBEDH,,,8.8,,6.2,6.3,Passed,8,9,3.3
SP2024,SP2024-class 21,1,1905AHBEBJ,,,3,,6.8,5,Passed,6.3,5.6,3.8
SP2024,SP2024-class 21,2,1905AHBEBF,,,6.5,,8,6.3,Passed,5.5,6,4.8
SP2024,SP2024-class 21,3,1905AHBEBB,,,6,,7.8,6.3,Passed,8,7.8,3.8
SP2024,SP2024-class 21,4,1905AHAIBD,,,9.5,,8.6,8.3,Passed,8,9,7
SP2024,SP2024-class 21,5,1905AHJBHB,,,3,,9,5.5,Passed,7.8,7,2.5
SP2024,SP2024-class 21,6,1905AHBEDG,,,6,,7.6,6,Passed,7.4,6.2,3.8
SP2024,SP2024-class 21,7,1905AHBFDF,,,4,,6.6,5.3,Passed,5.8,7.3,4
SP2024,SP2024-class 21,8,1905AGCFDA,,,3,,0,1.5,Not Passed,4.3,4.8,0
SP2024,SP2024-class 21,9,1905AHJDCE,,,9.5,,8.4,7.6,Passed,7.5,9.2,5
SP2024,SP2024-class 21,10,1905AHBFAB,,,6.5,,6.6,5.9,Passed,6.6,7.6,4.1
SP2024,SP2024-class 21,11,1905AHBECE,,,6,,5.6,4.2,Not Passed,6.8,6.4,0
SP2024,SP2024-class 21,12,1905AHAGDB,,,9.5,,8.8,9.3,Passed,8.2,9.1,10
SP2024,SP2024-class 21,13,1905AHBFDD,,,4,,7.6,5.6,Passed,5.2,6.8,4.3
SP2024,SP2024-class 21,14,1905AEACCG,,,0,,0,0,Attendance Fail,0,0,0
SP2024,SP2024-class 21,15,1905AIDHDC,,,7,,7.4,5.6,Passed,5.1,6,3
SP2024,SP2024-class 21,16,1905AHBEEE,,,6,,8.6,7.1,Passed,8.2,7.7,5.9
SP2024,SP2024-class 21,17,1905AHJCHI,,,3,,7.4,5.9,Passed,6.7,8.9,5
SP2024,SP2024-class 21,18,1905AHBEEG,,,6,,8.6,6.7,Passed,6.2,8.5,4.8
SP2024,SP2024-class 21,19,1905AHBEED,,,6,,7,5.8,Passed,6.2,7.5,3.9
SP2024,SP2024-class 21,20,1905AHAIID,,,3,,0,1.6,Attendance Fail,3.9,6.6,0
SP2024,SP2024-class 21,21,1905AHBFDG,,,6.5,,5.2,4.7,Not Passed,7.2,7,1.3
SP2024,SP2024-class 21,22,1905AHBEID,,,5,,7.6,6.2,Passed,8,9.2,3.9
SP2024,SP2024-class 21,23,1905AHBECF,,,6,,9.4,8.1,Passed,7.7,8.9,8
SP2024,SP2024-class 21,24,1905AHBEDA,,,6,,8,5,Passed,6,7.5,0.3
SP2024,SP2024-class 21,25,1905AHBFBG,,,4,,8.6,5.8,Passed,5.6,7.3,3.7
SP2024,SP2024-class 21,26,1905AFAEGA,,,3,,7.4,5.2,Passed,6.5,6.2,3.7
SP2024,SP2024-class 21,27,1905AHBEDI,,,6,,9,6.5,Passed,5.8,8.4,4
SP2024,SP2024-class 21,28,1905AGAAFC,,,1,,0,0.8,Attendance Fail,1,5.2,0
SP2024,SP2024-class 21,29,1919AHAAEJ,,,3,,0,3.2,Not Passed,3.7,7.4,5
SP2024,SP2024-class 21,30,1905AGJABD,,,3,,6.2,4.9,Not Passed,5.8,4.2,4.7
SP2024,SP2024-class 21,31,1905AHBJBH,,,9.5,,7.4,7.4,Passed,8,8.7,5.5
SP2024,SP2024-class 21,32,1905AGCAEI,,,2,,8.6,5.2,Passed,3.7,4.2,4.7
SP2024,SP2024-class 21,33,1905AHBEGI,,,5,,6.8,5.4,Passed,8.1,7.6,2.5
SP2024,SP2024-class 21,34,1905AHBEHC,,,4,,3.8,3.2,Not Passed,5.5,6.9,0
SP2024,SP2024-class 21,35,1905AHBEIG,,,5,,8,6.2,Passed,8.2,6.8,4.4
SP2024,SP2024-class 22,1,1905AHBFCD,,,9.4,,8.2,7.4,Passed,9.3,9.4,4
SP2024,SP2024-class 22,2,1905AHBGEI,,,10,,7.6,8,Passed,8.8,10,6
SP2024,SP2024-class 22,3,1905AHBGJJ,,,10,,7.4,7.5,Passed,9.4,10,4.5
SP2024,SP2024-class 22,4,1905AHBGFF,,,4.8,,5.8,4.4,Not Passed,7.7,4.8,1.5
SP2024,SP2024-class 22,5,1905AGJJFA,,,3.5,,6,5.1,Passed,8.4,3.5,4.8
SP2024,SP2024-class 22,6,1905AHBCBB,,,10,,8.6,8.6,Passed,9.3,10,7
SP2024,SP2024-class 22,7,1905AGJDEF,,,0,,0,0.8,Not Passed,8.4,0,0
SP2024,SP2024-class 22,8,1905AHBGHI,,,10,,8,7.7,Passed,8.2,10,5
SP2024,SP2024-class 22,9,1905AHBFHA,,,8,,6,6.2,Passed,8.3,8,3.8
SP2024,SP2024-class 22,10,1905AHBGFE,,,8.5,,6.4,6.1,Passed,7.5,8.5,2.8
SP2024,SP2024-class 22,11,1905AHBHBJ,,,10,,7,7.1,Passed,9.5,10,3.5
SP2024,SP2024-class 22,12,1905AHBHJA,,,0,,0,0,Attendance Fail,0,0,0
SP2024,SP2024-class 22,13,1905AGJEJD,,,0,,0,0.7,Not Passed,7.4,0,0
SP2024,SP2024-class 22,14,1905AHBFHI,,,7.3,,8.8,6.9,Passed,9.1,7.3,3.9
SP2024,SP2024-class 22,15,1905AHBGCA,,,0,,0,0,Attendance Fail,0,0,0
SP2024,SP2024-class 22,16,1905AHBFHD,,,10,,7.4,7.6,Passed,8.7,10,4.9
SP2024,SP2024-class 22,17,1905AHBFBI,,,10,,9,8.1,Passed,9.5,10,4.9
SP2024,SP2024-class 22,18,1905AHBGJH,,,7,,8.2,7.5,Passed,8.4,7,7
SP2024,SP2024-class 22,19,1905AHBGDD,,,9.6,,8.2,7,Passed,7.9,9.6,2.8
SP2024,SP2024-class 22,20,1905AHBHAI,,,2,,9.8,6.4,Passed,7.6,2,7
SP2024,SP2024-class 22,21,1905AGJEHF,,,3.3,,5.6,3.8,Not Passed,7.9,3.3,1.1
SP2024,SP2024-class 22,22,1905AHBFDA,,,10,,8.6,7.7,Passed,9.6,10,4
SP2024,SP2024-class 22,23,1905AHBGEJ,,,10,,9,8,Passed,8.8,10,4.8
SP2024,SP2024-class 22,24,1905AHBGBH,,,0,,6.2,4.2,Not Passed,8.4,0,5
SP2024,SP2024-class 22,25,1905AHBGEC,,,5,,8.6,5.6,Passed,8.8,5,2
SP2024,SP2024-class 22,26,1905AHBGGD,,,6.8,,7,6.1,Passed,7.6,6.8,4
SP2024,SP2024-class 22,27,1905AHBGBG,,,9.3,,8.6,7.7,Passed,9,9.3,4.8
SP2024,SP2024-class 22,28,1905AHBGJE,,,4,,6.6,5,Passed,8.7,4,3
SP2024,SP2024-class 22,29,1905AHBFBE,,,10,,9.6,8.1,Passed,10,10,4
SP2024,SP2024-class 22,30,1905AHBGJI,,,10,,7.8,7.5,Passed,9.6,10,4
SP2024,SP2024-class 22,31,1905AHCJGG,,,3.5,,7.6,5.4,Passed,9.6,3.5,3.6
SP2024,SP2024-class 22,32,1905AHJDHH,,,0,,0,0.4,Attendance Fail,4.4,0,0
SP2024,SP2024-class 22,33,1905AHBHBI,,,9.3,,6.4,6.7,Passed,7.6,9.3,4
SP2024,SP2024-class 22,34,1905AHBHAC,,,7,,4.8,4.6,Not Passed,8.4,7,0.6
SP2024,SP2024-class 22,35,1905AHBGHJ,,,9.3,,8.8,7.8,Passed,8.9,9.3,5
SP2024,SP2024-class 23,1,1905AGJBHB,,,1,,8.8,6.4,Passed,6.8,7.4,7
SP2024,SP2024-class 23,2,1905AHBHID,,,1.5,,7,5.6,Passed,9.3,6.8,5.2
SP2024,SP2024-class 23,3,1905AHBIEE,,,7,,9.4,8.5,Passed,9.3,9.5,8
SP2024,SP2024-class 23,4,1905AHBIHI,,,7,,9.6,8,Passed,9.7,9.9,6
SP2024,SP2024-class 23,5,1905AHBIDB,,,5,,9.8,7.2,Passed,9.4,8.5,5
SP2024,SP2024-class 23,6,1905AHBIGH,,,6,,6.2,6.2,Passed,9.4,9.4,4.3
SP2024,SP2024-class 23,7,1905AHBHGC,,,1.5,,5.6,3.6,Not Passed,8.5,5.6,0.7
SP2024,SP2024-class 23,8,1905AHJBGD,,,2,,7,5.3,Passed,9.6,8.4,3.3
SP2024,SP2024-class 23,9,1905AHDJBG,,,2.5,,6,4.5,Not Passed,9.3,6.9,1.9
SP2024,SP2024-class 23,10,1905AHBIHG,,,3.5,,7.2,5.8,Passed,8.8,8.8,4
SP2024,SP2024-class 23,11,1905AHDHBJ,,,1,,6,4.3,Not Passed,7.5,6,3.3
SP2024,SP2024-class 23,12,0405AGJFFD,,,0,,0,0,Attendance Fail,0,0,0
SP2024,SP2024-class 23,13,1905AHBIEH,,,5,,7,6.2,Passed,9.8,9.5,4
SP2024,SP2024-class 23,14,1905AHBHFD,,,1,,5,4.2,Not Passed,7.9,6.9,3.5
SP2024,SP2024-class 23,15,1905AHBIFJ,,,5,,6.2,5.8,Passed,9.2,9.5,3.6
SP2024,SP2024-class 23,16,1905AHBIAB,,,5,,7,6.2,Passed,9.8,9.3,4
SP2024,SP2024-class 23,17,1905AHBIIE,,,7,,8.4,7.3,Passed,9.7,9.7,4.7
SP2024,SP2024-class 23,18,1905AHBICE,,,1,,8.8,5.7,Passed,8.2,8.5,4
SP2024,SP2024-class 23,19,1905AHBICI,,,7,,7,6.8,Passed,9.9,9.4,4.7
SP2024,SP2024-class 23,20,1905AHCHDB,,,5.5,,7.8,6.8,Passed,9.6,9.3,5
SP2024,SP2024-class 23,21,1905AHJDFA,,,7,,8.2,6.9,Passed,9.8,8.7,4
SP2024,SP2024-class 23,22,1905AHBHGA,,,1.5,,8.8,6.1,Passed,9.1,7.4,5
SP2024,SP2024-class 23,23,1905AHCIGH,,,1,,5.4,3.8,Not Passed,9.6,6.8,1.3
SP2024,SP2024-class 23,24,1905AHBIJH,,,5,,7.8,5.5,Passed,9.6,9,1
SP2024,SP2024-class 23,25,1905AHBICB,,,1,,8.2,5.2,Passed,9.7,6.8,3
SP2024,SP2024-class 23,26,1905AHBHIE,,,7.5,,8.6,7.3,Passed,9.7,9.3,4.5
SP2024,SP2024-class 23,27,1905AEJCAG,,,0,,0,0.2,Not Passed,0,1.9,0
SP2024,SP2024-class 23,28,1905AGJDDH,,,4,,8.8,7.4,Passed,7.9,8.4,7.9
SP2024,SP2024-class 23,29,1905AHBIFI,,,6,,7.4,5.7,Passed,9.2,9.3,1.4
SP2024,SP2024-class 23,30,1905AHBHIB,,,6,,8.6,7,Passed,8.5,8.7,4.9
SP2024,SP2024-class 23,31,1905AHBIAF,,,6,,6.8,6.3,Passed,9.7,8.9,4.1
SP2024,SP2024-class 23,32,1905AHBIJC,,,7.5,,9.4,8.1,Passed,9.7,9.3,6.2
SP2024,SP2024-class 23,33,1905AHBICC,,,1.5,,0,2,Not Passed,9.7,7.4,0
SP2024,SP2024-class 23,34,1905AHBIDE,,,1.5,,7.6,4.6,Not Passed,9.3,6.9,1.2
SP2024,SP2024-class 23,35,1905AHBHFI,,,6,,9.6,6.3,Passed,9.8,9.5,1
SP2024,SP2024-class 24,1,1905AHCJDD,,,8.9,,7.6,7.5,Passed,7.8,8.7,6
SP2024,SP2024-class 24,2,1905AHCJBD,,,8,,9.4,7.1,Passed,7.6,8.2,3.5
SP2024,SP2024-class 24,3,1905AHBHHI,,,8.9,,8.2,8.3,Passed,7.4,8.9,8
SP2024,SP2024-class 24,4,1905AHCABF,,,8.9,,6.6,6.4,Passed,6.7,7.4,4.2
SP2024,SP2024-class 24,5,1905AHBIHD,,,9.2,,7.6,6.7,Passed,7.6,6.9,3.9
SP2024,SP2024-class 24,6,1905AHCJEI,,,9.2,,8.6,6.9,Passed,5.7,7.2,3.8
SP2024,SP2024-class 24,7,1905AHCJDC,,,9,,7.2,6.8,Passed,5.9,8.1,4.8
SP2024,SP2024-class 24,8,1905AHBHEG,,,8.9,,8.8,8.5,Passed,8.1,8.5,8
SP2024,SP2024-class 24,9,1905AHCJCG,,,9,,8.6,7.6,Passed,7.6,9.5,5
SP2024,SP2024-class 24,10,1905AHCJAJ,,,8.3,,6.6,5.3,Passed,6.8,6.5,1
SP2024,SP2024-class 24,11,1905AHCJID,,,9,,0,4.4,Attendance Fail,8.9,6.9,3.3
SP2024,SP2024-class 24,12,1905AHCJFI,,,7.7,,8,6.3,Passed,8,7.9,2.6
SP2024,SP2024-class 24,13,1905AHCJFE,,,9,,9.4,9.1,Passed,8.4,9.7,9
SP2024,SP2024-class 24,14,1905AHCAAA,,,9,,6.6,6.2,Passed,7.5,7.2,3
SP2024,SP2024-class 24,15,1905AHCJAF,,,8,,0,2.5,Not Passed,7.3,2,0
SP2024,SP2024-class 24,16,1905AHCAAE,,,9,,9.2,7.8,Passed,8.9,8.5,4.9
SP2024,SP2024-class 24,17,1905AHCJIF,,,9,,9.6,9.2,Passed,9.1,8.6,9
SP2024,SP2024-class 24,18,1905AHBIHA,,,9.2,,8.4,7.8,Passed,7.6,8.8,6
SP2024,SP2024-class 24,19,1905AHCACJ,,,8.4,,6.6,5.8,Passed,7.4,6.8,2.5
SP2024,SP2024-class 24,20,1905AHCJHH,,,8.3,,9,7.5,Passed,8.3,8.1,5
SP2024,SP2024-class 24,21,1905AEJIEI,,,8.4,,0,2.1,Attendance Fail,2.8,1.2,0
SP2024,SP2024-class 24,22,1905AHCJHJ,,,7.7,,8.8,7,Passed,7.8,6.5,4.6
SP2024,SP2024-class 24,23,1905AHCAAI,,,8.4,,5,5.9,Passed,5.3,7,4.8
SP2024,SP2024-class 24,24,1905AHCJAH,,,8,,4.2,5.1,Passed,7.1,4,3.7
SP2024,SP2024-class 24,25,1905AHCJHF,,,8.3,,9.2,8.2,Passed,7.4,9.4,7
SP2024,SP2024-class 24,26,1905AHCJCD,,,8,,7.4,6.9,Passed,5.2,7.6,6
SP2024,SP2024-class 24,27,1905AHCJJH,,,9.2,,9.8,8.8,Passed,8.3,8.5,7.8
SP2024,SP2024-class 24,28,1905AHCDCD,,,8.4,,8.8,7.7,Passed,7.6,9.6,5.5
SP2024,SP2024-class 24,29,1905AHCJDG,,,9.2,,8,6.7,Passed,6.9,6.6,3.8
SP2024,SP2024-class 24,30,1905AHCJDH,,,9,,8.4,6.8,Passed,8.4,7.2,3
SP2024,SP2024-class 24,31,1905AHCJHC,,,8.3,,8.8,7.5,Passed,8.5,8.5,4.9
SP2024,SP2024-class 24,32,1905AHDEJF,,,0,,0,0,Attendance Fail,0,0,0
SP2024,SP2024-class 24,33,1905AHCAJD,,,9,,9,8.7,Passed,8.1,9.4,8
SP2024,SP2024-class 24,34,1905AHCJCA,,,9,,8.4,7.5,Passed,7.6,9.1,5
SP2024,SP2024-class 24,35,1905AHCJCC,,,8.3,,8.6,7.6,Passed,7.8,7.8,6
SP2024,SP2024-class 25,1,1905AHCBGB,,,8.5,,7.8,6.5,Passed,7.8,8.1,3
SP2024,SP2024-class 25,2,1905AHCBGE,,,7,,7.6,7.3,Passed,8,7.1,7
SP2024,SP2024-class 25,3,1905AHCBEH,,,7.5,,7.6,6,Passed,7.3,5.9,2.9
SP2024,SP2024-class 25,4,1905AHCAGB,,,9,,8.8,8.6,Passed,8.3,8.5,8.4
SP2024,SP2024-class 25,5,1905AHBHBC,,,9.5,,9.4,8.1,Passed,8,8.9,5.6
SP2024,SP2024-class 25,6,1905AHCBDH,,,8.5,,6.8,6.3,Passed,7.8,7.7,3.5
SP2024,SP2024-class 25,7,1905AHCAHE,,,9.5,,9.2,8.5,Passed,7.3,8.7,7.5
SP2024,SP2024-class 25,8,1905AHCADE,,,8.5,,8.6,6.7,Passed,9,8,2.5
SP2024,SP2024-class 25,9,1905AHCACH,,,8,,8,8,Passed,9,7.8,7.8
SP2024,SP2024-class 25,10,1905AHCBAG,,,8,,8.6,6.3,Passed,7.5,7.9,2
SP2024,SP2024-class 25,11,1905AHCBFA,,,7.7,,8.2,6.8,Passed,6.8,7.2,4.8
SP2024,SP2024-class 25,12,1905AHAFFI,,,0,,0,0.4,Attendance Fail,4,0,0
SP2024,SP2024-class 25,13,1905AHCBAD,,,9,,9.2,8.1,Passed,9,8.6,5.8
SP2024,SP2024-class 25,14,1905AHCAFD,,,9.5,,9.4,7.7,Passed,8,8.8,4.2
SP2024,SP2024-class 25,15,1905AGAAHD,,,7.5,,4.6,5.4,Passed,7.5,7.4,3.4
SP2024,SP2024-class 25,16,1905AGADDJ,,,0,,0,0,Attendance Fail,0,0,0
SP2024,SP2024-class 25,17,1905AHCAIG,,,8,,9,6.9,Passed,7.3,7.9,3.7
SP2024,SP2024-class 25,18,1905AHCBHB,,,7.5,,7.8,6.3,Passed,7.8,7.5,3
SP2024,SP2024-class 25,19,1905AGBACE,,,7,,7.2,5.1,Passed,7.3,7,0.3
SP2024,SP2024-class 25,20,1905AGJJAF,,,6.5,,8.8,6.2,Passed,8,6.9,2.6
SP2024,SP2024-class 25,21,1905AHCEDG,,,7,,8,7.4,Passed,7.8,7,7
SP2024,SP2024-class 25,22,1905AHCBBG,,,9.5,,9.8,7.9,Passed,7,8.7,5
SP2024,SP2024-class 25,23,1905AHCAHH,,,8,,6.2,6.2,Passed,7.8,7.8,4
SP2024,SP2024-class 25,24,1905AHCAGA,,,9.5,,9,8.1,Passed,8,8.7,6
SP2024,SP2024-class 25,25,1905AHCBDC,,,9.5,,8.2,8.2,Passed,8.8,8.5,7
SP2024,SP2024-class 25,26,1905AHJDHA,,,9.5,,9.2,8.1,Passed,7.8,9,6
SP2024,SP2024-class 25,27,1905AGJCGF,,,8.5,,8.6,7.2,Passed,6.5,8.5,4.6
SP2024,SP2024-class 25,28,1905ADJDFE,,,0,,0,0,Attendance Fail,0,0,0
SP2024,SP2024-class 25,29,1905AHCBHC,,,7,,5.8,5.6,Passed,7.5,5.4,4
SP2024,SP2024-class 25,30,1905AGAFCJ,,,7,,4.8,5.1,Passed,7.5,2.8,4.1
SP2024,SP2024-class 25,31,1905AHCAGI,,,9.5,,9.2,8.4,Passed,7.8,8.7,7
SP2024,SP2024-class 25,32,1905AHCBFI,,,7.9,,5.2,6.1,Passed,7,7.7,4.9
SP2024,SP2024-class 25,33,1905AHCBFB,,,8.5,,9.8,8.8,Passed,6.8,7.7,9
SP2024,SP2024-class 25,34,1905AHJDHE,,,5,,8.2,5.8,Passed,7.3,3.9,4
SP2024,SP2024-class 25,35,1905AHCBEB,,,7,,5.8,5.5,Passed,6.8,5.7,3.8
SP2024,SP2024-class 26,1,1905AHCEJD,,,6.5,,7.8,7.8,Passed,9.4,9.5,7.5
SP2024,SP2024-class 26,2,1905AHCDEJ,,,3,,7.2,6,Passed,9.4,8.3,5
SP2024,SP2024-class 26,3,1905AHCCIB,,,4.5,,9.8,8.1,Passed,9.6,9,8
SP2024,SP2024-class 26,4,1905AHCDGD,,,5.5,,9.4,7.8,Passed,9.3,9,6.8
SP2024,SP2024-class 26,5,1905AHCDAG,,,3.5,,4.2,4,Not Passed,9,8.8,1
SP2024,SP2024-class 26,6,1905AHCDIH,,,6.5,,8.2,8,Passed,9.7,9.6,7.7
SP2024,SP2024-class 26,7,1905AHCDDB,,,3,,7.4,5.6,Passed,9.2,6.6,4
SP2024,SP2024-class 26,8,1905AHCCBD,,,1,,8.8,5,Passed,9.6,7.4,1.4
SP2024,SP2024-class 26,9,1905AHCDBD,,,3,,6.4,4.6,Not Passed,8.7,6.2,2
SP2024,SP2024-class 26,10,1905AHCCJH,,,5.5,,8.4,6.9,Passed,9.7,8.9,4.8
SP2024,SP2024-class 26,11,1905AHBIJF,,,2,,7.8,5.9,Passed,9.8,9,4.3
SP2024,SP2024-class 26,12,1905AHCDGB,,,3,,7.8,5.7,Passed,9.5,9,3
SP2024,SP2024-class 26,13,1905AHCCCA,,,1.5,,8,5.6,Passed,9.2,7.6,4
SP2024,SP2024-class 26,14,1905AHCCEH,,,4.5,,9.6,7.1,Passed,9.6,8.4,5
SP2024,SP2024-class 26,15,1905AHDHFC,,,2,,7.8,5.3,Passed,9.3,9.4,2.3
SP2024,SP2024-class 26,16,1905AHCHJB,,,2,,7.8,5.7,Passed,9.1,8.2,4
SP2024,SP2024-class 26,17,1905AHCDFE,,,5.5,,8.2,8.1,Passed,9.5,9.2,8.9
SP2024,SP2024-class 26,18,1905AHCCIG,,,6,,8.4,7.7,Passed,9.8,9.4,7
SP2024,SP2024-class 26,19,1905AHCDDH,,,2,,8,5.9,Passed,9.3,6.6,5
SP2024,SP2024-class 26,20,1905AHCCCB,,,2.5,,8.8,5.7,Passed,9.1,7.6,3
SP2024,SP2024-class 26,21,1905AHDCCE,,,2.5,,8.2,5.9,Passed,9.6,8,4
SP2024,SP2024-class 26,22,1905AHCBIE,,,1.5,,7,5.1,Passed,9.2,7.5,3.5
SP2024,SP2024-class 26,23,1905AHCCBC,,,1,,0,2.3,Not Passed,4.7,8.4,2.7
SP2024,SP2024-class 26,24,1905AHCDDD,,,2,,8.6,6.1,Passed,9.9,9.4,4
SP2024,SP2024-class 26,25,1905AFJEBE,,,1,,5.8,3.7,Not Passed,8,3.8,2
SP2024,SP2024-class 26,26,1905AHCDGI,,,4,,8.2,5.9,Passed,9.5,9.4,2.4
SP2024,SP2024-class 26,27,1905AHCDHE,,,5,,8.6,7.6,Passed,10,9.4,7
SP2024,SP2024-class 26,28,1905AHCDFD,,,2.5,,9.2,7,Passed,9.9,9.4,6
SP2024,SP2024-class 26,29,1905AHCCIJ,,,0,,0,0,Attendance Fail,0,0,0
SP2024,SP2024-class 26,30,1905AHCDBH,,,2,,8,6.2,Passed,9.8,8.8,5
SP2024,SP2024-class 26,31,1905AHCCAD,,,3.2,,9.6,6.5,Passed,10,8.4,3.9
SP2024,SP2024-class 26,32,1905AHCDJJ,,,3,,7.8,5.7,Passed,9.6,8,3.5
SP2024,SP2024-class 26,33,1905AHCDJB,,,3,,8.4,6.4,Passed,9.9,8.2,4.8
SP2024,SP2024-class 26,34,1905AHCDJD,,,1.5,,7.6,5.6,Passed,9.5,7.4,4.5
SP2024,SP2024-class 26,35,1905AHCDEC,,,2,,8,7.1,Passed,9.8,9,8
SP2024,SP2024-class 27,1,1905AHCEHC,,,3,,6.8,5.5,Passed,6.9,6.8,5
SP2024,SP2024-class 27,2,1905AHCEED,,,5.5,,8.8,7,Passed,9.5,8.7,4.7
SP2024,SP2024-class 27,3,1905AGAEJH,,,3,,9.4,5.3,Passed,7,5.4,2
SP2024,SP2024-class 27,4,1905AHCEIC,,,1,,0,2.5,Not Passed,8.7,5,3.2
SP2024,SP2024-class 27,5,1905AHCFJI,,,1.5,,7,5.9,Passed,7.9,6.5,7
SP2024,SP2024-class 27,6,1905AGBHBB,,,1.5,,6.8,6,Passed,7.5,5.8,7.9
SP2024,SP2024-class 27,7,1905AHCEBA,,,1.5,,7.8,5.6,Passed,8.7,8.5,4
SP2024,SP2024-class 27,8,1905AHCEBF,,,1,,0,2.3,Not Passed,9,6.2,2
SP2024,SP2024-class 27,9,1905AHCECA,,,1,,0,2.4,Not Passed,9.6,4.2,2.6
SP2024,SP2024-class 27,10,1905AHCECJ,,,4,,5,4.4,Not Passed,8.4,7,2
SP2024,SP2024-class 27,11,1905AHCEDJ,,,3,,8.2,5.8,Passed,8.1,5.8,4.4
SP2024,SP2024-class 27,12,1905AHCEEJ,,,3.5,,7.4,5.9,Passed,9.5,8.2,4.1
SP2024,SP2024-class 27,13,1905AHCEBB,,,2.5,,8.8,6,Passed,9.4,8.3,3.5
SP2024,SP2024-class 27,14,1905AHCEBC,,,1,,7.4,5.2,Passed,8,7.8,4
SP2024,SP2024-class 27,15,1905AHCDIE,,,2.5,,8,5.8,Passed,9.4,7.8,3.8
SP2024,SP2024-class 27,16,1905AHJEJC,,,7.5,,8.6,7.2,Passed,9.8,9.1,4
SP2024,SP2024-class 27,17,1905AHCEIF,,,2.5,,8.4,6,Passed,9.3,8.4,4
SP2024,SP2024-class 27,18,1905AHCFJG,,,1.5,,8.2,6,Passed,9.7,8.4,4.7
SP2024,SP2024-class 27,19,1905AHCEIH,,,1.5,,8.6,5.4,Passed,9.6,8.6,2.5
SP2024,SP2024-class 27,20,1905AGAEID,,,2.5,,8,4.6,Not Passed,7.7,4.8,1.6
SP2024,SP2024-class 27,21,1905AHCEFE,,,2.5,,7.6,5.5,Passed,8.9,6.3,4
SP2024,SP2024-class 27,22,1905AHCEIA,,,7,,7.4,7,Passed,9.6,9,5
SP2024,SP2024-class 27,23,1905AHCEBD,,,1,,6,4.1,Not Passed,9.1,7.6,1.3
SP2024,SP2024-class 27,24,1905AHCEGB,,,3.5,,9,5.9,Passed,9.8,8.3,2.3
SP2024,SP2024-class 27,25,1905AFADBF,,,1.5,,8.8,6.4,Passed,7.8,5.8,7
SP2024,SP2024-class 27,26,1905AHCDHH,,,2.5,,8.4,5.2,Passed,9.2,7.7,1.6
SP2024,SP2024-class 27,27,1905AHCFJB,,,1.5,,10,6.8,Passed,8.4,8.1,6
SP2024,SP2024-class 27,28,1905AHCECD,,,5.5,,9.8,7.5,Passed,9.8,8.4,5.5
SP2024,SP2024-class 27,29,1905AHCEDE,,,7,,7.4,6.5,Passed,8.4,8.7,4
SP2024,SP2024-class 27,30,1905AHCFGJ,,,2.5,,8.2,5.4,Passed,9.3,7.1,2.5
SP2024,SP2024-class 27,31,1905AHCDID,,,4.5,,8.2,7.2,Passed,9.5,8.2,7
SP2024,SP2024-class 27,32,1905AHCEBI,,,0,,0,1.2,Not Passed,4.9,7,0
SP2024,SP2024-class 27,33,1905AHCFJC,,,3,,7.6,5.8,Passed,9.4,8,3.9
SP2024,SP2024-class 27,34,1905AHCEFF,,,4,,6.8,5.6,Passed,7,8.4,3.9
SP2024,SP2024-class 27,35,1905AGAAHB,,,3,,4.8,4.2,Not Passed,7.3,6.1,2.6
SP2024,SP2024-class 28,1,1905AHCGBI,,,3,,7.2,4.8,Not Passed,6.2,7.1,2.5
SP2024,SP2024-class 28,2,1905AHCFBB,,,6,,7.2,5,Passed,5.6,7.9,0.8
SP2024,SP2024-class 28,3,1905AHCGDA,,,6.5,,9.2,7.3,Passed,5.8,8.8,6
SP2024,SP2024-class 28,4,1705AHJADJ,,,6,,9.2,7.2,Passed,8.6,8.3,5
SP2024,SP2024-class 28,5,1905AHCGBG,,,3,,7,5.1,Passed,6,8.5,3
SP2024,SP2024-class 28,6,1905AHCFGC,,,3,,8.8,5.7,Passed,6,6.9,4
SP2024,SP2024-class 28,7,1905AHCGJD,,,2,,8.6,5.4,Passed,6.2,6.1,4
SP2024,SP2024-class 28,8,1905AHCFIH,,,2,,8.4,5.2,Passed,6.7,6.1,3.5
SP2024,SP2024-class 28,9,1905AHBGCH,,,6.5,,8,5.7,Passed,6.3,7.3,2.1
SP2024,SP2024-class 28,10,1905AHCGAD,,,4,,8.2,5.4,Passed,5.1,6.5,3.1
SP2024,SP2024-class 28,11,1905AGAHCE,,,6,,8.6,5.7,Passed,5.1,6,2.7
SP2024,SP2024-class 28,12,1905AHCHJJ,,,6.5,,7.2,6.8,Passed,8,7.6,5.9
SP2024,SP2024-class 28,13,1905AHCFEE,,,4,,7.4,5.6,Passed,5.7,7.6,4
SP2024,SP2024-class 28,14,1905AHDJGG,,,6.5,,8.6,6.7,Passed,7,8.8,4
SP2024,SP2024-class 28,15,1905AHCGDB,,,3,,0,1.6,Not Passed,4.4,5.5,0
SP2024,SP2024-class 28,16,1905AHCGCE,,,3,,7.8,4.7,Not Passed,5.5,7.4,1.4
SP2024,SP2024-class 28,17,1905AHCAEC,,,6.5,,7.4,6.9,Passed,6.3,6.6,6.9
SP2024,SP2024-class 28,18,1905AHDJIF,,,6.5,,7.8,6.2,Passed,5.9,7.7,4
SP2024,SP2024-class 28,19,1905AHCGAC,,,6.5,,8.2,7,Passed,6.4,7.8,6
SP2024,SP2024-class 28,20,0805AGIJAE,,,6.5,,8.6,7,Passed,5.5,8.9,5.5
SP2024,SP2024-class 28,21,1905AHCGJH,,,3,,8.4,5.1,Passed,5.2,6.1,3
SP2024,SP2024-class 28,22,1905AHCGJE,,,2,,0,1.2,Attendance Fail,2.3,5.2,0
SP2024,SP2024-class 28,23,1905AHCGBB,,,6.5,,8.8,7.7,Passed,8.4,8.4,7
SP2024,SP2024-class 28,24,1905AHCGDI,,,3,,8.4,5.4,Passed,5.9,6.8,3.5
SP2024,SP2024-class 28,25,1905AHCGCB,,,3,,7.2,5.8,Passed,4.9,7.3,6
SP2024,SP2024-class 28,26,1905AHCFHJ,,,5,,9.4,6.5,Passed,4.7,7.1,5
SP2024,SP2024-class 28,27,1905AHCFIC,,,5,,6,5.5,Passed,6.3,6.8,4.7
SP2024,SP2024-class 28,28,1905AHCFGB,,,3,,6.2,4.7,Not Passed,5.3,5.2,4
SP2024,SP2024-class 28,29,1905AHCGJC,,,2,,8.2,4.9,Not Passed,5.1,7.2,2.6
SP2024,SP2024-class 28,30,1905AHCGCJ,,,3,,8.2,5.9,Passed,6.6,6.5,5
SP2024,SP2024-class 28,31,1905AHCFDF,,,4,,0,2.3,Not Passed,6.6,6.8,0.6
SP2024,SP2024-class 28,32,1905AHCFCH,,,6.5,,8,6.7,Passed,6.1,8.8,5
SP2024,SP2024-class 28,33,1905AHCGJG,,,2,,8.2,5.3,Passed,5.4,5.8,4.4
SP2024,SP2024-class 28,34,1905AHCFIA,,,5,,8.2,5.8,Passed,5.3,6.1,4
SP2024,SP2024-class 29,1,1905AHCHFA,,,7,,8.4,7,Passed,4.4,8.4,6
SP2024,SP2024-class 29,2,1905AHCHAE,,,6,,6.4,5.4,Passed,4.6,6.9,3.8
SP2024,SP2024-class 29,3,1905AHCGFB,,,6.5,,5.6,4.6,Not Passed,6,6.3,1.2
SP2024,SP2024-class 29,4,1905AHCHDC,,,7,,6.2,6.1,Passed,5.5,7.5,5
SP2024,SP2024-class 29,5,1905AHCGFG,,,7,,7,5,Passed,6.4,5.6,1
SP2024,SP2024-class 29,6,1905AHCGFE,,,6.5,,6.8,6.2,Passed,7.1,6.3,5
SP2024,SP2024-class 29,7,1905AHBCBC,,,6.5,,5.4,6,Passed,6.7,7.9,5.5
SP2024,SP2024-class 29,8,1905AHCIAI,,,5,,0,3,Attendance Fail,2.6,6.7,3.5
SP2024,SP2024-class 29,9,1905AGCCFG,,,6.5,,9,7.1,Passed,4.2,5.7,7
SP2024,SP2024-class 29,10,1905AHCGEI,,,6.5,,5.6,5.8,Passed,7.3,6.4,5
SP2024,SP2024-class 29,11,1905AHCHED,,,6,,7.8,6,Passed,5,8.8,3.5
SP2024,SP2024-class 29,12,1905AHCHAA,,,6,,8.6,6.1,Passed,5,6.5,3.8
SP2024,SP2024-class 29,13,1905AHCHCB,,,9,,7.8,6.1,Passed,4.8,9.2,2
SP2024,SP2024-class 29,14,1905AHCHJF,,,7,,8.6,6.4,Passed,5.1,7.2,3.8
SP2024,SP2024-class 29,15,1905AHDEIG,,,1,,0,1,Attendance Fail,2.6,5.8,0
SP2024,SP2024-class 29,16,1905AHCHHF,,,7,,7.4,5.9,Passed,7.7,6,2.9
SP2024,SP2024-class 29,17,1905AHCHAJ,,,7,,8.4,5.9,Passed,4.7,6,3
SP2024,SP2024-class 29,18,1905AGABEB,,,1,,6.6,4.5,Not Passed,6.3,6.1,3.5
SP2024,SP2024-class 29,19,1905AHCIAH,,,6,,8.2,5.9,Passed,5.6,6.9,3.3
SP2024,SP2024-class 29,20,1905AHBFGG,,,8,,4.8,5.6,Passed,4.8,8.6,4
SP2024,SP2024-class 29,21,1905AHCHDE,,,7,,5,5.3,Passed,5.3,7.2,3.8
SP2024,SP2024-class 29,22,1905AHCHEJ,,,7.5,,8,8.2,Passed,7.5,8.4,9
SP2024,SP2024-class 29,23,1905AHCHJA,,,6.5,,7.6,7,Passed,7.1,6.3,7
SP2024,SP2024-class 29,24,1905AGAEIG,,,0,,0,0,Attendance Fail,0,0,0
SP2024,SP2024-class 29,25,1905AHCHEI,,,6,,4.4,4.1,Not Passed,4.8,6.7,1.5
SP2024,SP2024-class 29,26,1905AHCHCI,,,5,,0,2.7,Not Passed,2.2,4.6,3.3
SP2024,SP2024-class 29,27,1905AHDGCB,,,6,,8.8,6.5,Passed,6,6.4,4.7
SP2024,SP2024-class 29,28,1905AHCHFH,,,6,,9.6,7.9,Passed,5.7,8.3,8
SP2024,SP2024-class 29,29,1905AHCHDF,,,5,,0,2.4,Not Passed,7,7,0
SP2024,SP2024-class 29,30,1905AGBBAJ,,,1,,0,1,Attendance Fail,3.1,5.3,0
SP2024,SP2024-class 29,31,1905AHCGII,,,6.5,,9.4,8.2,Passed,7.5,9.2,7.9
SP2024,SP2024-class 29,32,1905AHDJAH,,,6.5,,7.8,5.9,Passed,5.4,7.1,3.3
SP2024,SP2024-class 29,33,1905AHCGEE,,,9.5,,9,9.1,Passed,9.1,8.8,9
SP2024,SP2024-class 29,34,1905AHCGFH,,,6.5,,7,6.5,Passed,5.7,7.6,6
SP2024,SP2024-class 29,35,1905AHCGFA,,,9,,8.2,6.2,Passed,4.5,6.4,3
SP2024,SP2024-class 30,1,1905AHCIEB,,,7,,7.6,6.3,Passed,8.8,7.5,3.4
SP2024,SP2024-class 30,2,1905AHCIFC,,,7.5,,6.6,6.3,Passed,9.5,7.4,3.8
SP2024,SP2024-class 30,3,1905AGCDJE,,,7.5,,5.8,6.2,Passed,9.6,8.1,4
SP2024,SP2024-class 30,4,1905AHCICE,,,7,,7.6,6.6,Passed,9.8,7.7,3.8
SP2024,SP2024-class 30,5,1905AHCFFA,,,7.5,,8.6,6.6,Passed,9.8,8.3,2.3
SP2024,SP2024-class 30,6,1905AHCIJF,,,6,,6.2,4.8,Not Passed,9.6,4.3,1
SP2024,SP2024-class 30,7,1905AHCAEF,,,8.5,,6,6.3,Passed,9,6.5,4.2
SP2024,SP2024-class 30,8,1905AHJDHB,,,0,,0,0.1,Attendance Fail,0,1.3,0
SP2024,SP2024-class 30,9,1905AHCIFD,,,7.5,,4.6,5.4,Passed,9.1,7.4,2.8
SP2024,SP2024-class 30,10,1905AGADAD,,,8,,5.8,5.9,Passed,9.4,8.2,2.7
SP2024,SP2024-class 30,11,1905AEACEB,,,0,,0,0,Attendance Fail,0,0,0
SP2024,SP2024-class 30,12,1905AHCFFE,,,7.5,,8.8,7.1,Passed,9.7,8.1,4
SP2024,SP2024-class 30,13,1905AHCICD,,,7,,0,3.3,Not Passed,6.4,7.4,1.8
SP2024,SP2024-class 30,14,1905AHCIAB,,,7,,8.2,5.7,Passed,7.6,5.7,1.7
SP2024,SP2024-class 30,15,1905AGAIJE,,,8,,7.4,6.4,Passed,8.5,7.8,3
SP2024,SP2024-class 30,16,1905AHCIEA,,,7,,7.6,5.4,Passed,8.6,5.7,1
SP2024,SP2024-class 30,17,1905AHJAJE,,,7.5,,9.2,7.3,Passed,9.6,8.1,4.3
SP2024,SP2024-class 30,18,1905AGCECB,,,8,,7,6,Passed,5.2,7.8,3.3
SP2024,SP2024-class 30,19,1919AGJCAF,,,0,,0,0.5,Attendance Fail,4.8,0,0
SP2024,SP2024-class 30,20,1905AGCBBJ,,,7.5,,6.4,6.1,Passed,9.8,8.2,3
SP2024,SP2024-class 30,21,1905AGCCDB,,,7.5,,6.8,5.6,Passed,9,5.8,2
SP2024,SP2024-class 30,22,1905AHCHII,,,7,,8.4,7.1,Passed,9.3,7.5,5
SP2024,SP2024-class 30,23,1905AHAGIH,,,7.5,,6.2,5.7,Passed,7.6,7.1,2.9
SP2024,SP2024-class 30,24,1905AHCHGF,,,8,,9.2,8.4,Passed,8.6,8.2,8
SP2024,SP2024-class 30,25,1905ACJBFI,,,0,,0,0,Attendance Fail,0,0,0
SP2024,SP2024-class 30,26,1905AHDJJG,,,7.5,,8.6,6.4,Passed,9.6,7.7,1.8
SP2024,SP2024-class 30,27,1905AHCAEE,,,8.5,,6.4,6.2,Passed,9.2,6.5,3.3
SP2024,SP2024-class 30,28,1919AGJAEB,,,7.5,,5.4,5.2,Passed,9.6,8.1,1
SP2024,SP2024-class 30,29,1905AHDJIG,,,7.5,,9.4,8.2,Passed,9.7,7.8,7
SP2024,SP2024-class 30,30,1905AHCHIE,,,7,,7,7.2,Passed,8.9,7.3,7
SP2024,SP2024-class 30,31,1905AHCIHB,,,7.5,,9,7.3,Passed,9.4,7.3,4.8
SP2024,SP2024-class 30,32,1905AGBABJ,,,7.5,,7.4,6.3,Passed,9.4,7.7,3
SP2024,SP2024-class 30,33,1905AGJJFF,,,6,,0,2.2,Not Passed,4.4,5.3,0
SP2024,SP2024-class 30,34,1905AGCFJH,,,6,,0,2.2,Attendance Fail,4.4,5.2,0
SP2024,SP2024-class 30,35,1905AHDJBE,,,7.5,,6.8,5.7,Passed,8.3,5.9,2.5
SP2024,SP2024-class 31,1,1905AHBGDC,,,8.8,,8.2,7.7,Passed,9.3,8.8,5.5
SP2024,SP2024-class 31,2,1905AHDJHJ,,,9,,9,7.4,Passed,9.4,8.4,3.8
SP2024,SP2024-class 31,3,1705AHJAIF,,,8.8,,5.6,6.3,Passed,9.3,8.1,3.9
SP2024,SP2024-class 31,4,1905AHDAIE,,,0,,0,0,Attendance Fail,0,0,0
SP2024,SP2024-class 31,5,1905AHBGAB,,,9.5,,8.2,7.6,Passed,9.4,8.2,5
SP2024,SP2024-class 31,6,1905AHDBAE,,,8.6,,8,7.3,Passed,9,8.9,4.8
SP2024,SP2024-class 31,7,1905AHDAIB,,,9,,7.6,8.2,Passed,9.5,9.3,7.4
SP2024,SP2024-class 31,8,1905AHDJGH,,,8.5,,8,7.5,Passed,8.8,7.7,5.8
SP2024,SP2024-class 31,9,1905AHDACA,,,9,,6.2,6.4,Passed,8.8,7.1,3.8
SP2024,SP2024-class 31,10,1905AHCECE,,,5.5,,5.4,4.8,Not Passed,7.4,5.6,2.7
SP2024,SP2024-class 31,11,1905AHDAFJ,,,9.5,,8.4,8.7,Passed,9.5,9.6,8
SP2024,SP2024-class 31,12,1905AGAAEA,,,9,,7.4,8,Passed,9.2,7.9,7.5
SP2024,SP2024-class 31,13,1905AHDBJI,,,8.2,,8.8,7.2,Passed,8.7,8.6,4
SP2024,SP2024-class 31,14,1905AHDJEF,,,9.2,,8.2,7.9,Passed,9.5,9.2,5.7
SP2024,SP2024-class 31,15,1905AGAIHF,,,0,,0,0,Attendance Fail,0,0,0
SP2024,SP2024-class 31,16,1905AHCGCD,,,8.7,,6.4,6.5,Passed,9.2,8,3.6
SP2024,SP2024-class 31,17,1905AHDAJH,,,8.6,,7.6,7.2,Passed,8.8,9.1,4.7
SP2024,SP2024-class 31,18,1905AHCEAD,,,8.5,,7.4,6.3,Passed,9.1,7.8,2.3
SP2024,SP2024-class 31,19,1905AFAEEF,,,8.6,,5,5,Passed,8,6.5,1
SP2024,SP2024-class 31,20,1905AHDJFI,,,9.5,,9,7.9,Passed,8.9,9.3,5
SP2024,SP2024-class 31,21,1905AHDBBF,,,0,,0,0.7,Is Susspended,4.5,2.4,0
SP2024,SP2024-class 31,22,1905AHDJII,,,8.6,,8.4,7.1,Passed,9,7.8,4
SP2024,SP2024-class 31,23,1905AHDAAF,,,9.5,,8,8.2,Passed,9.4,9.2,6.8
SP2024,SP2024-class 31,24,1905AGABDD,,,8,,5.4,6.2,Passed,7.9,6.7,5
SP2024,SP2024-class 31,25,1905AHDAAA,,,0,,8.8,5.9,Not Passed,4,2,9
SP2024,SP2024-class 31,26,1905AHDHAG,,,0,,0,0.2,Attendance Fail,0,2.4,0
SP2024,SP2024-class 31,27,1905AHDJGF,,,9,,6,6.3,Passed,8.7,7.1,3.6
SP2024,SP2024-class 31,28,1905AHDJFF,,,8.5,,9,7.7,Passed,8.9,8.5,5.2
SP2024,SP2024-class 31,29,1905AHDAIJ,,,8.2,,6.8,6.6,Passed,8.4,8.8,4
SP2024,SP2024-class 31,30,1705AHJAGB,,,9,,8.4,7.5,Passed,9.5,9.3,4.5
SP2024,SP2024-class 31,31,1905ADJCCB,,,0,,0,0,Attendance Fail,0,0,0
SP2024,SP2024-class 31,32,1905AHDBCJ,,,9,,7.4,7,Passed,8.8,8.9,4
SP2024,SP2024-class 31,33,1905AHDGGA,,,8,,6.2,7.3,Passed,8.9,6.5,7.8
SP2024,SP2024-class 31,34,1905AHCDAJ,,,8.5,,7.8,6.9,Passed,8.7,7.4,4
SP2024,SP2024-class 31,35,1905AHDAFA,,,8.5,,6.8,7.5,Passed,8.4,8.5,7
SP2024,SP2024-class 32,1,1905AHDBGF,,,9.2,,6.4,7.6,Passed,8.7,8.2,7
SP2024,SP2024-class 32,2,1905AHDBCA,,,8.6,,8.2,6.2,Passed,6.1,8.2,2
SP2024,SP2024-class 32,3,1905AHDCHJ,,,8.8,,6,5.6,Passed,7.2,4.6,3
SP2024,SP2024-class 32,4,1905AHDBFD,,,8.2,,9.4,7.1,Passed,8.4,8.4,3.3
SP2024,SP2024-class 32,5,1905AHDEJG,,,6.8,,3.8,3.6,Not Passed,7.7,3.4,0
SP2024,SP2024-class 32,6,1905AHDCBH,,,9.6,,6.8,7.1,Passed,7.4,9.4,5
SP2024,SP2024-class 32,7,1905AHDCDI,,,9.2,,8.4,8.5,Passed,7.8,9.6,8
SP2024,SP2024-class 32,8,1905AHDBEF,,,9.2,,7.4,7,Passed,8.7,8.4,4
SP2024,SP2024-class 32,9,1905AHDCGE,,,7.8,,6.8,5.7,Passed,6.1,8.6,2
SP2024,SP2024-class 32,10,1905AHDBEE,,,0,,0,0,Attendance Fail,0,0,0
SP2024,SP2024-class 32,11,1905AHDCAJ,,,9.4,,9.2,7.9,Passed,8.5,9,5
SP2024,SP2024-class 32,12,1905AHDCIB,,,9.6,,6.4,6.3,Passed,8.5,7,3
SP2024,SP2024-class 32,13,1905AHDCFH,,,7,,8.8,6.8,Passed,7.9,8.4,3.8
SP2024,SP2024-class 32,14,1905AFJACA,,,9.2,,6.6,5.8,Passed,6.6,8.6,1.4
SP2024,SP2024-class 32,15,1905AHDBIE,,,9,,7.6,6.6,Passed,8.6,7.8,3
SP2024,SP2024-class 32,16,1905AHDCDE,,,7.6,,5.8,5.8,Passed,7,5,4.6
SP2024,SP2024-class 32,17,1905AHDCGF,,,10,,8.2,7.6,Passed,8.6,8.6,4.8
SP2024,SP2024-class 32,18,1905AHDCDC,,,7.6,,7.8,6.6,Passed,9.5,8.6,3
SP2024,SP2024-class 32,19,1905AHDCED,,,6.2,,8.4,6.7,Passed,8.3,9.6,4
SP2024,SP2024-class 32,20,1905AHDBGA,,,9.6,,9.2,7.6,Passed,8.5,8.6,4
SP2024,SP2024-class 32,21,1905AHDBDD,,,8.4,,8.4,7.8,Passed,8.5,9.6,6
SP2024,SP2024-class 32,22,1905AHDCHE,,,0,,0,0,Attendance Fail,0,0,0
SP2024,SP2024-class 32,23,1905AHDCEF,,,9.2,,7.2,7,Passed,8.8,9,4
SP2024,SP2024-class 32,24,1905AHCJJB,,,0,,0,0,Attendance Fail,0,0,0
SP2024,SP2024-class 32,25,1905AFAFJG,,,0,,0,0,Attendance Fail,0,0,0
SP2024,SP2024-class 32,26,1905AHDCCC,,,8.4,,10,8.2,Passed,8.4,9,6
SP2024,SP2024-class 32,27,1905AHDCAI,,,8,,7.8,6.9,Passed,8.4,9.2,4
SP2024,SP2024-class 32,28,1905AHDCEG,,,7,,8.6,6.4,Passed,5.8,9.2,3.2
SP2024,SP2024-class 32,29,1905AHDCFD,,,6.6,,9.2,6.7,Passed,4.2,9.2,4.3
SP2024,SP2024-class 32,30,1905AGAAFB,,,8.2,,6.2,6.2,Passed,7.4,7.8,3.9
SP2024,SP2024-class 32,31,1905AHDCJA,,,8.6,,8.2,7.7,Passed,8,9.4,5.8
SP2024,SP2024-class 32,32,1905AGJAAA,,,9.2,,7.4,8.3,Passed,8.6,9,8.3
SP2024,SP2024-class 32,33,1905AHDCEI,,,8.8,,6.2,6.5,Passed,6.8,8.2,4.5
SP2024,SP2024-class 32,34,1905AHDCBB,,,9,,9.2,6.7,Passed,8.3,8.6,1.4
SP2024,SP2024-class 32,35,1905AFBJGD,,,8.8,,7.8,6.9,Passed,7.7,8.2,4
SP2024,SP2024-class 33,1,1905AHDDBE,,,4,,8.6,5.5,Passed,5.8,5.4,3.3
SP2024,SP2024-class 33,2,1905AHCADA,,,5,,6.2,6.6,Passed,6.5,4.2,9
SP2024,SP2024-class 33,3,1905AHDDJB,,,6.5,,7.6,7.1,Passed,5.7,8.4,7
SP2024,SP2024-class 33,4,1905AHDDEC,,,5,,9,5.7,Passed,4.5,8.2,2.5
SP2024,SP2024-class 33,5,1905AGBFFA,,,4,,6.4,5.5,Passed,4.7,5.4,6
SP2024,SP2024-class 33,6,1905AHDDEA,,,9,,9.8,7.7,Passed,8.8,9,4
SP2024,SP2024-class 33,7,1905AHDDJD,,,6.5,,7.4,5.7,Passed,4.6,7.1,3.5
SP2024,SP2024-class 33,8,1905AHDDDG,,,6,,7.6,5.8,Passed,7.8,7.1,2.7
SP2024,SP2024-class 33,9,1905AHDEBF,,,9,,8.2,7.1,Passed,8.3,9.2,3.7
SP2024,SP2024-class 33,10,1905AHDCHI,,,6.5,,7.2,6.3,Passed,4.3,6.2,6
SP2024,SP2024-class 33,11,1905AHDDBF,,,3,,0,2,Attendance Fail,7.7,6,0
SP2024,SP2024-class 33,12,1905AHDDDC,,,4,,4.8,3.8,Not Passed,3.7,5.8,2
SP2024,SP2024-class 33,13,1905AHCDJE,,,7,,6.8,5.1,Passed,5.5,5.2,2
SP2024,SP2024-class 33,14,1905AHDDGB,,,9,,8.8,6.8,Passed,7.5,6,3.5
SP2024,SP2024-class 33,15,1905AHCCAJ,,,5,,6.4,5.4,Passed,5.8,7.2,3.9
SP2024,SP2024-class 33,16,1905AGABAE,,,4,,9.8,5.7,Passed,5.6,5.5,2.7
SP2024,SP2024-class 33,17,1905AHDDHD,,,6.5,,7.2,5.8,Passed,5.9,6.8,3.7
SP2024,SP2024-class 33,18,1905AHCBFD,,,7,,0,2.2,Is Susspended,2.7,5.3,0
SP2024,SP2024-class 33,19,1905AHDDDD,,,4,,9.2,5.8,Passed,5.2,7.9,3
SP2024,SP2024-class 33,20,1905AHDDCC,,,2,,4.4,2.5,Not Passed,2.9,4.8,0
SP2024,SP2024-class 33,21,1905AGBBCH,,,1,,0,0.9,Attendance Fail,3.1,4.2,0
SP2024,SP2024-class 33,22,1905AHDDCD,,,9,,7.4,6.5,Passed,7,7.4,3.3
SP2024,SP2024-class 33,23,1905AHDDCH,,,4,,7.4,5,Passed,5.3,6.2,2.8
SP2024,SP2024-class 33,24,1905AHDBGG,,,7,,7.8,5.5,Passed,5.6,9,1
SP2024,SP2024-class 33,25,1905AHJBAC,,,2,,8.6,5.5,Passed,5.7,7.8,3.9
SP2024,SP2024-class 33,26,1905AHCHJE,,,7,,6.6,6.3,Passed,6,8,4.9
SP2024,SP2024-class 33,27,1705AHJJFH,,,4,,8.8,6.7,Passed,6.6,7.7,6
SP2024,SP2024-class 33,28,1905AHDDEH,,,4,,0,2,Not Passed,4.5,7.7,0
SP2024,SP2024-class 33,29,1905AHBFJE,,,2,,6.4,3.3,Not Passed,5.1,4.8,0
SP2024,SP2024-class 33,30,1905AHBHFE,,,6,,8.8,7,Passed,7.2,6.7,6
SP2024,SP2024-class 33,31,1905AHDDHH,,,4,,7.6,5.1,Passed,4.5,6.8,3
SP2024,SP2024-class 33,32,1905AHDDAJ,,,6,,8.4,7.4,Passed,7,8.6,6.9
SP2024,SP2024-class 33,33,1905AHCIGE,,,2,,8.2,5.9,Passed,5.6,8.1,5.5
SP2024,SP2024-class 33,34,1905AFAFBE,,,4,,8.8,5.3,Passed,4.6,5.4,3
SP2024,SP2024-class 34,1,1905AHDFDH,,,9,,6.2,6,Passed,7.8,7,3
SP2024,SP2024-class 34,2,1905AFJCHC,,,0,,0,0,Attendance Fail,0,0,0
SP2024,SP2024-class 34,3,1905AHDFBG,,,9,,0,2.5,Attendance Fail,4,3.4,0
SP2024,SP2024-class 34,4,1905AHDEFI,,,8.5,,6.4,6.1,Passed,6.8,6.8,3.8
SP2024,SP2024-class 34,5,1905AHAEAI,,,9.2,,8.2,7.8,Passed,10,9.5,5
SP2024,SP2024-class 34,6,1905AHDEAD,,,7.5,,8.6,7,Passed,9.2,8.3,4
SP2024,SP2024-class 34,7,1905AHDEJB,,,7.5,,8.2,6.8,Passed,9.1,7.6,3.9
SP2024,SP2024-class 34,8,1905AHDFAB,,,7.4,,7.6,5.9,Passed,8.5,7.5,1.8
SP2024,SP2024-class 34,9,1905AHDFBB,,,8.5,,8.6,8,Passed,8.7,7.9,7
SP2024,SP2024-class 34,10,1905AHDFJE,,,7.4,,6.6,6.8,Passed,7.6,8.1,6
SP2024,SP2024-class 34,11,1905AHDEIF,,,7.4,,8.8,7.9,Passed,9,7.9,6.8
SP2024,SP2024-class 34,12,1905AHCACD,,,9.2,,9.2,7.8,Passed,8.5,8.4,5
SP2024,SP2024-class 34,13,1905AHDECC,,,7,,0,2.5,Is Susspended,3.8,7.4,0
SP2024,SP2024-class 34,14,1905AHDEAE,,,7.5,,7.4,5.8,Passed,7.9,7.2,1.8
SP2024,SP2024-class 34,15,1905AHDICA,,,7.4,,8.8,7.1,Passed,9.1,7.4,4.5
SP2024,SP2024-class 34,16,1905AHDFCH,,,9,,8,7.6,Passed,7.7,8,6
SP2024,SP2024-class 34,17,1905AHDEDD,,,8.5,,6.8,7.1,Passed,7.9,7.9,6
SP2024,SP2024-class 34,18,1905AHCFHD,,,6.8,,5.8,5.6,Passed,7.5,5.8,4
SP2024,SP2024-class 34,19,1905AHDDBH,,,7.3,,9.8,8.2,Passed,8.5,8.7,6.8
SP2024,SP2024-class 34,20,1905AHDEHF,,,8.5,,9.6,7.9,Passed,8.4,8.1,5.7
SP2024,SP2024-class 34,21,1905AHCEJB,,,6,,7.2,5.3,Passed,6.7,6.8,2
SP2024,SP2024-class 34,22,1905AHDJDH,,,0,,0,0.7,Attendance Fail,3.4,3.2,0
SP2024,SP2024-class 34,23,1905AHDEEG,,,6.8,,8.2,7,Passed,8.6,8.5,5
SP2024,SP2024-class 34,24,1905AHDEDB,,,7.4,,8.4,7,Passed,9.2,7,4.7
SP2024,SP2024-class 34,25,1905AHDEAC,,,2,,4.2,3.5,Not Passed,6.4,6.4,1.9
SP2024,SP2024-class 34,26,1905AHDFDF,,,9,,5.8,5.8,Passed,6.8,8.2,2.5
SP2024,SP2024-class 34,27,1905AHDFBI,,,9,,8.4,7.1,Passed,7.6,8.3,4
SP2024,SP2024-class 34,28,1905AHDECA,,,8.5,,6.4,5.7,Passed,6.5,6.4,2.7
SP2024,SP2024-class 34,29,1905AHCADC,,,9.2,,9,9.1,Passed,9.1,9.3,9
SP2024,SP2024-class 34,30,1905AHDDIB,,,6.8,,8.6,6.8,Passed,8.6,7.8,3.9
SP2024,SP2024-class 34,31,1905AHEJDD,,,6.8,,9.4,6.8,Passed,8.9,8.3,3
SP2024,SP2024-class 34,32,1905AHDEAI,,,7.5,,8.4,7.2,Passed,9.1,7.9,5
SP2024,SP2024-class 34,33,1905AHDECB,,,8.5,,8,7.1,Passed,6.9,8.1,5
SP2024,SP2024-class 34,34,1905AGCCAH,,,7.3,,6,6.1,Passed,7.1,8.2,4.5
SP2024,SP2024-class 34,35,1905AGJBEB,,,7.3,,5.2,5.4,Passed,6.7,5.1,4
SP2024,SP2024-class 35,1,1905AHDGJA,,,6.5,,6.2,6,Passed,8.3,7.8,4
SP2024,SP2024-class 35,2,1905AHDHJB,,,9.5,,7.6,7.2,Passed,7.3,8.6,4.9
SP2024,SP2024-class 35,3,1905AHDFHD,,,7,,7.2,6.9,Passed,6.3,8.8,6
SP2024,SP2024-class 35,4,1905AHDGBE,,,6.5,,9.6,6.4,Passed,7.9,8.8,1.8
SP2024,SP2024-class 35,5,1905AHDFFE,,,7.3,,7.8,6.4,Passed,7.3,7.4,3.8
SP2024,SP2024-class 35,6,1905AHCBBH,,,7.5,,5.8,5.1,Passed,6.2,5.6,2.4
SP2024,SP2024-class 35,7,1905AHDFHA,,,8,,8.6,7.5,Passed,6.1,7.7,6.3
SP2024,SP2024-class 35,8,1905AGCBAI,,,7.5,,7.6,7.2,Passed,8.1,8.2,6
SP2024,SP2024-class 35,9,1905AGACFA,,,6.3,,6.6,7.3,Passed,8.9,7.8,7.8
SP2024,SP2024-class 35,10,1905AHDGCA,,,7.3,,7.8,7.4,Passed,6.9,8.2,7
SP2024,SP2024-class 35,11,1905AHBCIA,,,6.3,,5.2,4.7,Not Passed,6.4,6.8,2
SP2024,SP2024-class 35,12,1905AHDHDI,,,8.5,,7.2,6.7,Passed,6.1,7.4,5
SP2024,SP2024-class 35,13,1905AHDGCJ,,,7.3,,6,6,Passed,6,6.4,5
SP2024,SP2024-class 35,14,1905AHDGFJ,,,6,,6,5.6,Passed,6,9,3.7
SP2024,SP2024-class 35,15,1905AHDGDG,,,6,,7.6,6.6,Passed,6.4,8,5.5
SP2024,SP2024-class 35,16,1905AHDFEH,,,7,,5.6,5.8,Passed,6.5,6.6,4.8
SP2024,SP2024-class 35,17,1905AHDGAC,,,7.3,,8.4,6.8,Passed,7.7,8.4,4
SP2024,SP2024-class 35,18,1905AHDGBJ,,,6.5,,6.6,6.9,Passed,7.3,8.2,7
SP2024,SP2024-class 35,19,1905AHDFGB,,,7,,7.4,6.5,Passed,8,5.8,5
SP2024,SP2024-class 35,20,1905AHDHCA,,,8.5,,8,7,Passed,6.4,7.2,5
SP2024,SP2024-class 35,21,1905AFADBD,,,0,,0,0.6,Attendance Fail,3.4,2.6,0
SP2024,SP2024-class 35,22,1905AHDGHH,,,6.5,,7.4,6.3,Passed,7.1,8.2,4
SP2024,SP2024-class 35,23,1905AHDGFC,,,6,,7.8,6.6,Passed,7.4,8,5
SP2024,SP2024-class 35,24,1905AGADFA,,,6.3,,6.8,5.7,Passed,7.6,6.2,3.3
SP2024,SP2024-class 35,25,1905AHDFEI,,,7.3,,7.6,6.2,Passed,7.7,7.2,3.2
SP2024,SP2024-class 35,26,1905AHDGDF,,,6.5,,5.2,5.1,Passed,6.6,6.4,3
SP2024,SP2024-class 35,27,1905AHJCHH,,,8,,7.2,5.7,Passed,4.8,7.4,2.5
SP2024,SP2024-class 35,28,1905AHDGEH,,,6,,8.6,6.6,Passed,7.7,8.8,4
SP2024,SP2024-class 35,29,1905AHDFGG,,,7,,8,6.8,Passed,7.6,7.2,5
SP2024,SP2024-class 35,30,1905AHDHBF,,,9.5,,9.4,8.3,Passed,7.3,7.8,7
SP2024,SP2024-class 35,31,1905AHDGJE,,,7,,9,5.7,Passed,7.3,5.2,1
SP2024,SP2024-class 35,32,1905AHDFGI,,,7,,7.6,5.9,Passed,6,7.6,3
SP2024,SP2024-class 35,33,1905AHDGFD,,,6,,6.8,5.8,Passed,6.9,7.4,3.9
SP2024,SP2024-class 35,34,1905AHDCGJ,,,8.5,,7,6.5,Passed,7.6,8,3.8
SP2024,SP2024-class 35,35,1905AHDHFH,,,8.5,,7.8,6.4,Passed,8.1,8,2.5
SP2024,SP2024-class 36,1,1905AHDIEB,,,7.5,,6.2,5.3,Passed,7.1,6.4,2
SP2024,SP2024-class 36,2,1905AHDIFG,,,8.5,,7.6,6.1,Passed,6.5,6,3
SP2024,SP2024-class 36,3,1905ADAAHA,,,0,,0,0,Attendance Fail,0,0,0
SP2024,SP2024-class 36,4,1905AFJFAH,,,9.2,,7,6.7,Passed,9.2,6.6,4
SP2024,SP2024-class 36,5,1905AGJECB,,,9.3,,8.2,7.2,Passed,8.5,8.6,4
SP2024,SP2024-class 36,6,1905AHDGIB,,,9.3,,8.2,7,Passed,8.7,7.6,3.5
SP2024,SP2024-class 36,7,1905AGCEBG,,,7.8,,9,7.8,Passed,9,8.7,6
SP2024,SP2024-class 36,8,1905AHDIEA,,,7.5,,5.6,5.8,Passed,7.6,6.8,4
SP2024,SP2024-class 36,9,1905AHDIJD,,,8,,6.2,5.1,Passed,8.1,5.2,1
SP2024,SP2024-class 36,10,1905AHDHII,,,9.1,,9,7.9,Passed,7.6,8,6
SP2024,SP2024-class 36,11,1905AHDICH,,,8,,8,7,Passed,7.4,7.2,5
SP2024,SP2024-class 36,12,1905AHJFHB,,,8.3,,5,7.2,Passed,8.3,7.2,8.3
SP2024,SP2024-class 36,13,1905AHDHDA,,,9.1,,7.4,7.8,Passed,7.1,9,7
SP2024,SP2024-class 36,14,1905AHDHEC,,,6,,6.4,5,Passed,7.3,6,1.8
SP2024,SP2024-class 36,15,1905AHDHGA,,,9.1,,8.4,7.8,Passed,8.4,8,6
SP2024,SP2024-class 36,16,1905AHDHIC,,,5,,0,2.2,Not Passed,7.2,4.6,0
SP2024,SP2024-class 36,17,1905AGCAGD,,,8,,7.6,6.5,Passed,7.5,7,4
SP2024,SP2024-class 36,18,1905AHDICE,,,8.5,,7.4,6.4,Passed,8.2,4.4,3.9
SP2024,SP2024-class 36,19,1905AHDJBD,,,9.2,,7,8,Passed,8,8.6,8
SP2024,SP2024-class 36,20,1905AHDIIC,,,8.5,,5.8,5.8,Passed,7.5,4.9,3.6
SP2024,SP2024-class 36,21,1905AHBIEB,,,6,,5.8,5.3,Passed,7,7.4,3
SP2024,SP2024-class 36,22,1905AHBCII,,,8,,6.8,6,Passed,8.1,6.4,3
SP2024,SP2024-class 36,23,1905AHDIJB,,,8,,8.4,6.8,Passed,5.9,8.4,4
SP2024,SP2024-class 36,24,1905AHDIDA,,,8.5,,7.4,7.2,Passed,7.3,7.7,6
SP2024,SP2024-class 36,25,1905AHDHEG,,,8,,4.8,5.1,Passed,7.3,7.2,1.9
SP2024,SP2024-class 36,26,1905AGJJBG,,,7.8,,6.4,5.7,Passed,5.5,5.8,3.5
SP2024,SP2024-class 36,27,1905AGJCEI,,,0,,0,2,Attendance Fail,7.3,4.8,2.5
SP2024,SP2024-class 36,28,1905AGBECE,,,9.3,,5,6,Passed,7.1,7.8,3.8
SP2024,SP2024-class 36,29,1905AGBHCA,,,7.8,,7,5.9,Passed,5.7,5,3.9
SP2024,SP2024-class 36,30,1905AHDHCB,,,9.1,,6.4,5.7,Passed,7.4,6.6,2
SP2024,SP2024-class 36,31,1905AHDHCD,,,9.1,,9,8.5,Passed,7.7,8,7.9
SP2024,SP2024-class 36,32,1905AGJBAC,,,9.3,,7.2,8.1,Passed,8.3,8.4,8
SP2024,SP2024-class 36,33,1905AHDIHB,,,8.5,,7,6.6,Passed,7.1,8.4,4
SP2024,SP2024-class 36,34,1905AHBABC,,,0,,0,0.2,Attendance Fail,0,1.8,0
SP2024,SP2024-class 36,35,1905AHBFJB,,,9.3,,9.2,8.3,Passed,9,9.6,6
SP2024,SP2024-class 37,1,1905AGADFC,,,6.5,,7.2,6.1,Passed,9.2,6.6,3.4
SP2024,SP2024-class 37,2,1905AGBHAE,,,2.5,,9.6,5.9,Passed,8.4,8,3
SP2024,SP2024-class 37,3,1905AHEJAF,,,6.5,,8.4,7,Passed,9.6,8,4.9
SP2024,SP2024-class 37,4,1905AHBHDH,,,6.5,,7.2,5.7,Passed,6.4,8.6,2.6
SP2024,SP2024-class 37,5,1905AHAFHC,,,4.5,,6.6,5.6,Passed,7.7,8,3.9
SP2024,SP2024-class 37,6,1905AHJBBA,,,0,,0,0,Attendance Fail,0,0,0
SP2024,SP2024-class 37,7,1905AHDIIG,,,0,,0,1.5,Not Passed,9.1,6.4,0
SP2024,SP2024-class 37,8,1905AHDEFE,,,0,,0,0.8,Attendance Fail,3.2,5.2,0
SP2024,SP2024-class 37,9,1905AFJFBJ,,,0,,0,1.3,Attendance Fail,2.8,3.8,2
SP2024,SP2024-class 37,10,1905AEJGIB,,,0,,0,0,Attendance Fail,0,0,0
SP2024,SP2024-class 37,11,1905AHEAJH,,,5.5,,6.8,5.6,Passed,9.6,8.6,2
SP2024,SP2024-class 37,12,1905AGCAAJ,,,5,,0,2.5,Not Passed,7.7,7.2,0
SP2024,SP2024-class 37,13,1905AHEJJA,,,3,,0,1.6,Not Passed,4,6.2,0
SP2024,SP2024-class 37,14,1905AHCFFC,,,5,,7.6,6.3,Passed,9.5,8.8,4
SP2024,SP2024-class 37,15,1919AHJFJA,,,6,,9.2,6.6,Passed,9.4,8,3
SP2024,SP2024-class 37,16,1905AHAFGD,,,6,,9,7.6,Passed,9.9,9.4,6
SP2024,SP2024-class 37,17,1905AHEJFA,,,3,,8.8,5.5,Passed,7.6,8,2.4
SP2024,SP2024-class 37,18,1905AHAFGC,,,6.5,,8.6,7.6,Passed,9.8,9.2,6
SP2024,SP2024-class 37,19,1905AGADHJ,,,0,,0,0.9,Attendance Fail,4,4.6,0
SP2024,SP2024-class 37,20,1919AHADGH,,,5,,9.6,6.8,Passed,9.4,7.8,4
SP2024,SP2024-class 37,21,1905AHDDIG,,,6.5,,6,5,Passed,4,9.4,2
SP2024,SP2024-class 37,22,1905AHDFDD,,,6,,8.8,6.9,Passed,9.2,9.2,4
SP2024,SP2024-class 37,23,1905AGCJEJ,,,5,,4.8,4.3,Not Passed,7.7,8.4,0.9
SP2024,SP2024-class 37,24,1905AHDIIF,,,3,,7,5.2,Passed,7.7,6.4,3.8
SP2024,SP2024-class 37,25,1905AHEJHE,,,3.5,,8.4,5.2,Passed,7.8,8.6,1
SP2024,SP2024-class 37,26,1905AHAFFC,,,6,,6.6,6.9,Passed,9.5,9.4,6
SP2024,SP2024-class 37,27,1905AFAEGB,,,6.5,,8.8,6,Passed,9.7,7.8,1
SP2024,SP2024-class 37,28,1905AGACEE,,,0,,0,1.6,Not Passed,4,6.2,2
SP2024,SP2024-class 37,29,1905AGCEJE,,,3,,7.2,5.4,Passed,8.6,7.6,3.5
SP2024,SP2024-class 37,30,1905AHCDJA,,,5,,7.8,5.9,Passed,8.2,8.8,3
SP2024,SP2024-class 37,31,1905AHAGDJ,,,6,,9.6,7.1,Passed,9.9,9.4,3.7
SP2025,SP2025-class 1,1,1905AIFEJI,,,6,,7.6,6.6,Passed,8.4,8,5
SP2025,SP2025-class 1,2,1905AGJECG,,,2,,7.8,5.6,Passed,8.1,5.8,4.9
SP2025,SP2025-class 1,3,1905AHJGHD,,,7,,8.2,8.1,Passed,8.9,9.1,8
SP2025,SP2025-class 1,4,1905AIFGAA,,,6,,0,2.8,Not Passed,8.6,5,0.9
SP2025,SP2025-class 1,5,1905AGBHGD,,,0,,0,0.8,Attendance Fail,3.1,4.8,0
SP2025,SP2025-class 1,6,1905AIDFAA,,,5,,5.2,5.1,Passed,6.5,6.5,4
SP2025,SP2025-class 1,7,1905AIFDDJ,,,7,,6.2,5.9,Passed,7.7,7.8,3.7
SP2025,SP2025-class 1,8,1905AIJAHF,,,4,,6.2,5.8,Passed,8.6,6.8,5.2
SP2025,SP2025-class 1,9,1905AHDHED,,,0,,0,0.6,Attendance Fail,0,6.4,0
SP2025,SP2025-class 1,10,1905AHJEIH,,,1,,0,1.6,Attendance Fail,9,5.3,0
SP2025,SP2025-class 1,11,1905AIBJAA,,,1,,0,1.6,Attendance Fail,7.5,6.6,0
SP2025,SP2025-class 1,12,1905AHJBFG,,,2,,0,1.6,Not Passed,7.4,5,0
SP2025,SP2025-class 1,13,1905AICHJG,,,6,,5.6,5.4,Passed,8.3,7.8,3
SP2025,SP2025-class 1,14,1905AHBHHE,,,5,,8.4,6.1,Passed,7.8,7.5,3.6
SP2025,SP2025-class 1,15,1905AIFDFI,,,0,,0,0,Attendance Fail,0,0,0
SP2025,SP2025-class 1,16,1905AIJAHI,,,6,,7.6,6,Passed,8.7,7,3
SP2025,SP2025-class 1,17,1905AHCAJC,,,6,,7.8,7.3,Passed,7.7,9.1,6.9
SP2025,SP2025-class 1,18,1905AIDCHD,,,7,,6.2,6.2,Passed,8.9,8.8,4
SP2025,SP2025-class 1,19,1905AHDDHF,,,6,,4.4,4,Not Passed,6.9,7.9,0
SP2025,SP2025-class 1,20,1905AHCHBF,,,5,,9,5.4,Passed,8.8,5.3,1
SP2025,SP2025-class 1,21,1905AIDJIC,,,6.5,,8.2,7.4,Passed,9.4,7.9,6.5
SP2025,SP2025-class 1,22,1905AIFFFJ,,,2,,0,2,Not Passed,8.6,7,0
SP2025,SP2025-class 1,23,1905AGCBGC,,,6.5,,9,7.4,Passed,9,6.5,6
SP2025,SP2025-class 1,24,1905AHCFJJ,,,0,,0,0.8,Attendance Fail,3.2,4.5,0
SP2025,SP2025-class 1,25,1905AHAICC,,,2,,6.6,4.7,Not Passed,8.9,6.5,2.5
SP2025,SP2025-class 1,26,1905AIDBDH,,,6,,8,7.1,Passed,7.3,7.8,6.5
SP2025,SP2025-class 1,27,1905AIFFDJ,,,6,,6,5.3,Passed,8.1,5.3,3.1
SP2025,SP2025-class 1,28,1905AICAJH,,,2,,6.8,5.1,Passed,7.3,8,3.8
SP2025,SP2025-class 1,29,1905AHJBJA,,,6,,7.4,6.4,Passed,7.6,8,4.7
SP2025,SP2025-class 1,30,1905AIFDEJ,,,6,,7.6,6.2,Passed,7.7,9,3.6
SP2025,SP2025-class 1,31,1905AIJBIG,,,2,,8.8,6.3,Passed,7.2,5.8,6.7
SP2025,SP2025-class 1,32,1905AHJFHC,,,0,,0,0.9,Attendance Fail,3.8,5.3,0
SP2025,SP2025-class 1,33,1905AIDAFJ,,,6.5,,7.4,6.8,Passed,9.4,7.9,5
SP2025,SP2025-class 2,1,1905AIJIJE,,,8,,7.6,6.9,Passed,8.9,6.8,5
SP2025,SP2025-class 2,2,1905AHCGAJ,,,8,,6.2,5.5,Passed,7.6,7.3,1.7
SP2025,SP2025-class 2,3,1905AIDGFB,,,8,,0,3.2,Not Passed,6.9,6.3,1
SP2025,SP2025-class 2,4,1905AHDFEB,,,5,,7.6,5.4,Passed,8.4,7.3,1.7
SP2025,SP2025-class 2,5,1905AHJJFE,,,4,,9,7.5,Passed,6.3,6.5,9.2
SP2025,SP2025-class 2,6,1905AIBHDE,,,6.5,,5.6,5.6,Passed,8.9,7.5,3.1
SP2025,SP2025-class 2,7,1905AIDCIG,,,4,,7.6,6.6,Passed,8,6.3,7
SP2025,SP2025-class 2,8,1905BJDHFC,,,8,,8,7.6,Passed,7.6,7.9,7
SP2025,SP2025-class 2,9,1905AHJCHJ,,,1,,0,1.3,Attendance Fail,4.3,6.5,0
SP2025,SP2025-class 2,10,1905AGBGFA,,,7,,6,5,Passed,7.9,7.4,1
SP2025,SP2025-class 2,11,1905AIDAIH,,,7,,8.4,8.2,Passed,7.4,8.8,8.8
SP2025,SP2025-class 2,12,1905AIFFHA,,,7.5,,8.6,6.3,Passed,8.5,6.5,2.5
SP2025,SP2025-class 2,13,1905AIDAGF,,,3,,9,5.2,Passed,9,7,1.1
SP2025,SP2025-class 2,14,1905AGBDCB,,,0,,0,0,Attendance Fail,0,0,0
SP2025,SP2025-class 2,15,1905AIBHCG,,,6.5,,7.6,6,Passed,8.3,8,2.7
SP2025,SP2025-class 2,16,1905AGAEJE,,,8,,0,3.4,Not Passed,8.6,6.4,1
SP2025,SP2025-class 2,17,1905AIAABB,,,7,,8,7.7,Passed,7.9,8.5,7.6
SP2025,SP2025-class 2,18,1905AIDGAG,,,4,,7.8,5.3,Passed,7.7,7.4,2.2
SP2025,SP2025-class 2,19,1905AIBFFE,,,8,,6.6,5.7,Passed,7.8,6.8,2.3
SP2025,SP2025-class 2,20,1919AHAJCJ,,,7.5,,7.6,6.1,Passed,7.6,7.6,2.6
SP2025,SP2025-class 2,21,1905AIDEBF,,,7.5,,7,6.2,Passed,8.1,8,3.2
SP2025,SP2025-class 2,22,1905AIJHCH,,,7,,7.6,7.8,Passed,8.3,8.8,8
SP2025,SP2025-class 2,23,1905AIDAHA,,,4,,9.6,8,Passed,8.5,7.9,8.8
SP2025,SP2025-class 2,24,1905AGJAHB,,,0,,0,0.3,Attendance Fail,3.3,0,0
SP2025,SP2025-class 2,25,1905AHDCJC,,,7.5,,4.8,4.6,Not Passed,7.2,6.3,1
SP2025,SP2025-class 2,26,1905AIBHIG,,,7,,8.2,6.1,Passed,8.1,6.4,2.6
SP2025,SP2025-class 2,27,1905AHCFJJ,,,5,,9.6,7.9,Passed,7.6,6,8.8
SP2025,SP2025-class 2,28,1905AICBIF,,,7,,8.2,7.1,Passed,8.8,7.3,5.3
SP2025,SP2025-class 2,29,1905AHJCEI,,,8,,6.6,6.8,Passed,7.8,9,5.2
SP2025,SP2025-class 2,30,1905AIDEIH,,,8,,9.6,8.8,Passed,8.8,9,8.6
SP2025,SP2025-class 2,31,1905AHDDAB,,,6.5,,4,3.8,Not Passed,7.7,5,0
SP2025,SP2025-class 2,32,1905AHJFHC,,,8,,8,7.2,Passed,9,8.5,4.8
SP2025,SP2025-class 2,33,1905AFBABI,,,7,,5,5.1,Passed,7.9,6.4,2.5
SP2025,SP2025-class 2,34,1905BJCJBI,,,6.5,,8.4,7.6,Passed,9.3,8.8,6.6
SP2025,SP2025-class 3,1,1905AGAFGG,,,7,,0,2.2,Not Passed,4.5,3,0
SP2025,SP2025-class 3,2,1905AHEJID,,,7,,5.4,5.9,Passed,9.3,8,4
SP2025,SP2025-class 3,3,1905AICIJI,,,8,,7,7.3,Passed,9.3,6.3,6.9
SP2025,SP2025-class 3,4,1905AHJBHD,,,7,,0,2,Not Passed,4.8,1,0
SP2025,SP2025-class 3,5,1905AGBBJE,,,9,,9.2,8.8,Passed,9,4.8,9.5
SP2025,SP2025-class 3,6,1905AIBJHD,,,7,,6,5.5,Passed,9,8.8,1.8
SP2025,SP2025-class 3,7,1905AGJACA,,,0,,0,0.1,Attendance Fail,0,1,0
SP2025,SP2025-class 3,8,1905AIDEGE,,,7,,6.6,6.2,Passed,7.8,6.3,4.6
SP2025,SP2025-class 3,9,1905AIBGJD,,,9,,4.4,5.3,Passed,8.5,8.1,1.7
SP2025,SP2025-class 3,10,1905AHDDJG,,,0,,0,0,Attendance Fail,0,0,0
SP2025,SP2025-class 3,11,1905AHAGBF,,,7,,3.8,4.3,Not Passed,9.3,8,0
SP2025,SP2025-class 3,12,1905AIDCGC,,,10,,8.8,8.9,Passed,9,9.3,8
SP2025,SP2025-class 3,13,1905AIFFFJ,,,9,,9.4,7.6,Passed,8.8,8.6,4.2
SP2025,SP2025-class 3,14,1905AHBFEA,,,7,,4.2,4.2,Not Passed,4.5,4.4,2
SP2025,SP2025-class 3,15,1905AHDHAG,,,7,,4.4,5.6,Passed,8.8,7.6,4.1
SP2025,SP2025-class 3,16,1905AFJJHE,,,8,,6.6,6,Passed,8.8,8,2.4
SP2025,SP2025-class 3,17,1905AICECF,,,9,,7.6,6.5,Passed,9.3,8.6,2
SP2025,SP2025-class 3,18,1905AHJDIJ,,,7,,0,2.8,Not Passed,8.5,5.8,0
SP2025,SP2025-class 3,19,1905AHBGCI,,,7,,8.8,8,Passed,4.8,6,9.5
SP2025,SP2025-class 4,1,1905AHBCCI,,,10,,5.2,5.8,Passed,8.5,9,1.6
SP2025,SP2025-class 4,2,1905AGAFHA,,,9,,4.8,5.6,Passed,8,8.9,2.3
SP2025,SP2025-class 4,3,1905AHCHBE,,,9,,4.4,5.5,Passed,8.3,8.9,2.1
SP2025,SP2025-class 4,4,1905AGCFDA,,,9,,4.6,5.3,Passed,8.3,8.6,1.5
SP2025,SP2025-class 4,5,1905AHJEAE,,,9,,4.8,6.4,Passed,8.3,8.1,5.1
SP2025,SP2025-class 4,6,1905AICDCC,,,9,,4.6,5.3,Passed,8.3,8.3,1.5
SP2025,SP2025-class 4,7,1905AGAGFG,,,9,,3.8,4.9,Not Passed,8,8.9,0.8
SP2025,SP2025-class 4,8,1905AHBIBJ,,,9,,4.8,5.9,Passed,8.5,8.5,3.1
SP2025,SP2025-class 4,9,1905AHEJBC,,,9,,6.6,6.1,Passed,8.3,8.7,2
SP2025,SP2025-class 4,10,1905AHDDHF,,,9,,7.8,6.3,Passed,8.8,8.8,1.3
SP2025,SP2025-class 4,11,1905AHBIFE,,,9,,7,7.1,Passed,8.8,8.7,5
SP2025,SP2025-class 4,12,1905AIFBHH,,,9,,7.4,6,Passed,8.3,8.4,0.9
SP2025,SP2025-class 4,13,1905AHCDAF,,,9,,8.4,6.6,Passed,8.3,8.8,1.9
SP2025,SP2025-class 4,14,1905AIJFAF,,,10,,9,8.9,Passed,8.8,9.2,8
SP2025,SP2025-class 4,15,1905AGBBCG,,,9,,5.8,7.2,Passed,8,8.9,6.6
SP2025,SP2025-class 4,16,1905AICIHD,,,9,,5.6,5.7,Passed,8.3,8.8,1.6
SP2025,SP2025-class 4,17,0405AGJFCD,,,9,,8.2,6.9,Passed,8.5,8.6,3
SP2025,SP2025-class 4,18,1905AHAFHF,,,9,,4.4,4.9,Not Passed,8.8,8.9,0
SP2025,SP2025-class 5,1,1905AHDHEJ,,,0,,0,0,Attendance Fail,0,0,0
SP2025,SP2025-class 5,2,1905AHBCHC,,,3,,6.4,4.9,Not Passed,8.3,6.9,2.9
SP2025,SP2025-class 5,3,1905AHBFJD,,,2,,7.4,5.4,Passed,7.6,6,4.6
SP2025,SP2025-class 5,4,1905AHBEJH,,,4,,4,6,Passed,8.2,6.8,8.2
SP2025,SP2025-class 5,5,1905AHEJID,,,6,,0,2.3,Not Passed,4,7,0
SP2025,SP2025-class 5,6,1905AGCDAF,,,1,,0,1.2,Attendance Fail,4.1,6.3,0
SP2025,SP2025-class 5,7,1905AHJJAG,,,4,,6.8,5.7,Passed,7.5,6.9,4.9
SP2025,SP2025-class 5,8,1905AIJAEC,,,4,,7.4,5.2,Passed,7.7,5,2.9
SP2025,SP2025-class 5,9,1905AHJBHD,,,0,,0,0.8,Attendance Fail,3.5,4.5,0
SP2025,SP2025-class 5,10,1905AIFBHJ,,,8,,8.4,8.8,Passed,7.8,8.9,9.9
SP2025,SP2025-class 5,11,1905AHJCHJ,,,1,,0,1.6,Attendance Fail,7.6,6.5,0
SP2025,SP2025-class 5,12,1905AHBFDJ,,,0,,0,0,Attendance Fail,0,0,0
SP2025,SP2025-class 5,13,1905AHCEIB,,,2,,6.2,5.5,Passed,8.2,6.3,5.9
SP2025,SP2025-class 5,14,1905AHCFEJ,,,1,,0,1.5,Attendance Fail,7.7,5,0
SP2025,SP2025-class 5,15,0405AHAJJA,,,6,,9,5.8,Passed,8.6,6.5,1.2
SP2025,SP2025-class 5,16,1905AHBHAF,,,2,,0,1.9,Not Passed,8.1,6.5,0
SP2025,SP2025-class 5,17,1905AIBDGH,,,2,,8,5.8,Passed,7.4,6.3,5.6
SP2025,SP2025-class 5,18,1905AGBBED,,,0,,0,0.8,Attendance Fail,3.5,4.5,0
SP2025,SP2025-class 5,19,1905AICCFA,,,0,,0,0,Attendance Fail,0,0,0
SP2025,SP2025-class 5,20,1905AHJJGI,,,8,,4.6,5.5,Passed,8.1,8.1,2.9
SP2025,SP2025-class 5,21,1905AGBCJB,,,3,,7,4.8,Not Passed,7.5,6.6,2.2
SP2025,SP2025-class 5,22,1905AHJFEI,,,0,,0,0,Attendance Fail,0,0,0
SP2025,SP2025-class 5,23,1905AHDDFG,,,4,,8.8,7.5,Passed,7.8,6,8.9
SP2025,SP2025-class 5,24,1905AIDDHJ,,,0,,0,0,Attendance Fail,0,0,0
SP2025,SP2025-class 5,25,1905AGBHJE,,,3,,0,2.4,Not Passed,7.6,5,1.7
SP2025,SP2025-class 5,26,1905AHDJBA,,,1,,8.2,6.4,Passed,8.4,8.8,6.9
SP2025,SP2025-class 5,27,1905AIJIIB,,,8,,9.2,8.5,Passed,8.1,9,8
SP2025,SP2025-class 5,28,1905AHDCGC,,,3,,8.4,5.5,Passed,8.4,5,3.4
SP2025,SP2025-class 5,29,1905AHJEFA,,,6,,5.6,5,Passed,7.4,7.8,1.9
SP2025,SP2025-class 5,30,1905AGBBJA,,,3,,0,2.4,Not Passed,7.4,6.6,1.2
SP2025,SP2025-class 5,31,1905AIFDBI,,,8,,8.4,7.4,Passed,8.5,8.3,5.2
SP2025,SP2025-class 5,32,1905AHBHEC,,,2,,9.6,7.4,Passed,8.8,5.3,8.9
SP2025,SP2025-class 5,33,1905AHBGCI,,,2,,0,1.8,Attendance Fail,8.1,6.3,0
SP2025,SP2025-class 6,1,1905AIJCDE,,,8.5,,8,6.7,Passed,6.3,7.9,3.9
SP2025,SP2025-class 6,2,1905AIJDJB,,,9,,8.8,7.5,Passed,8.9,8.5,4.5
SP2025,SP2025-class 6,3,1905AIJBFH,,,8.5,,4.2,5.4,Passed,7.8,7.3,3
SP2025,SP2025-class 6,4,1905AICBAD,,,9.5,,7.2,6.2,Passed,8.3,8.3,1.5
SP2025,SP2025-class 6,5,1905AIJIJB,,,10,,8,9.2,Passed,8.8,9.5,10
SP2025,SP2025-class 6,6,1905AIAJJH,,,7.5,,7.6,6.7,Passed,3.8,5.8,6.5
SP2025,SP2025-class 6,7,1905AHDAAH,,,7.5,,6.6,7.8,Passed,9.5,6.8,8.9
SP2025,SP2025-class 6,8,1905AICCHB,,,8,,6,5.9,Passed,7.2,7.3,3.6
SP2025,SP2025-class 6,9,1905AIBGJI,,,9.5,,6.4,7,Passed,7.9,8.4,5
SP2025,SP2025-class 6,10,1905AIJHBI,,,9.5,,7.2,6.4,Passed,7.4,7,3
SP2025,SP2025-class 6,11,1905AIBFGC,,,10,,7.8,8.6,Passed,8.8,8.4,8.4
SP2025,SP2025-class 6,12,1905AIJFCF,,,9.5,,6.8,8.2,Passed,9.6,7.9,8.4
SP2025,SP2025-class 6,13,1905AIJFEE,,,7.5,,5,6.1,Passed,7.9,8.1,4.9
SP2025,SP2025-class 6,14,1905AIBEIE,,,1,,4,2.4,Not Passed,4.2,5.5,0
SP2025,SP2025-class 6,15,1905AIJCEJ,,,8.5,,4.8,5.5,Passed,6.4,7.5,3.2
SP2025,SP2025-class 6,16,1905AIJGCI,,,9.5,,8.4,8.8,Passed,9.6,10,8.1
SP2025,SP2025-class 6,17,1905AIBBIC,,,8,,6.6,7,Passed,4.8,6.9,7.4
SP2025,SP2025-class 6,18,1905AIAAAG,,,8,,6.4,6.4,Passed,7,8,4.6
SP2025,SP2025-class 6,19,1905AICBCG,,,9.5,,7.4,6.7,Passed,7.8,6.5,4
SP2025,SP2025-class 6,20,1905AHEJBC,,,0,,0,0.4,Not Passed,0,1,0.9
SP2025,SP2025-class 6,21,1905AIJBID,,,8.5,,7.6,6.8,Passed,5.7,7.8,4.9
SP2025,SP2025-class 6,22,1905AICAEG,,,7.5,,5.8,6.5,Passed,8.1,8.5,5.4
SP2025,SP2025-class 6,23,1905AIDDGF,,,8,,8,7.5,Passed,8.1,8.3,6.1
SP2025,SP2025-class 6,24,1905AIBCEH,,,8,,8,7.6,Passed,4.6,7.5,8
SP2025,SP2025-class 6,25,1905AIJCFA,,,9,,7.4,6.6,Passed,8.3,7.6,3.3
SP2025,SP2025-class 6,26,1905AIBGIF,,,9.5,,8.2,8,Passed,8.3,7.9,6.7
SP2025,SP2025-class 6,27,1905AIBAJA,,,7.5,,7.2,8,Passed,8.7,8.4,8.9
SP2025,SP2025-class 6,28,1905AICHCD,,,7,,8.4,7,Passed,7.6,7.8,5.2
SP2025,SP2025-class 6,29,1905AIBAFI,,,9.5,,7.8,7.6,Passed,6.2,9,6.1
SP2025,SP2025-class 6,30,1905AICHEA,,,7,,8,6.4,Passed,6.8,7.6,4
SP2025,SP2025-class 7,1,1905AIAJIH,,,9,,6.2,6,Passed,9,8.1,2
SP2025,SP2025-class 7,2,1905AHAEIJ,,,9,,0,3.4,Not Passed,8,8.3,0
SP2025,SP2025-class 7,3,0405AGJGIJ,,,8.3,,6.2,5.5,Passed,8.1,8.4,1
SP2025,SP2025-class 7,4,1905AICHBG,,,9,,6.6,6.9,Passed,8.8,9.1,4.4
SP2025,SP2025-class 7,5,1905AHJCGH,,,8.5,,6.4,6.8,Passed,8.4,8.3,4.9
SP2025,SP2025-class 7,6,1905AICAJJ,,,9,,5.4,6.4,Passed,9,8.8,3.9
SP2025,SP2025-class 7,7,1905AIDHIG,,,9,,7,7.2,Passed,8,8.3,5.5
SP2025,SP2025-class 7,8,1905AIJAHB,,,9.3,,7.4,7.1,Passed,8.5,8.6,4.5
SP2025,SP2025-class 7,9,1905AICIAE,,,9,,4.4,6,Passed,8,8,4.4
SP2025,SP2025-class 7,10,1905AGCJDD,,,9,,4.8,5.6,Passed,9,8.7,1.9
SP2025,SP2025-class 7,11,1905AGCDAE,,,8.5,,5.2,5.9,Passed,8.4,8,3.2
SP2025,SP2025-class 7,12,1905AFJAGG,,,9.3,,8,8.5,Passed,8.6,8.4,8.4
SP2025,SP2025-class 7,13,1905AGJDEB,,,9.7,,4,5.4,Passed,8.5,8.5,1.9
SP2025,SP2025-class 7,14,1905AHJDJH,,,9.7,,6.8,6.5,Passed,8,8.2,2.9
SP2025,SP2025-class 7,15,1905AICHFE,,,9.7,,8,7.5,Passed,8,8.6,4.9
SP2025,SP2025-class 7,16,1905AIBHCD,,,8.5,,6.4,6.7,Passed,9.8,8.8,4
SP2025,SP2025-class 7,17,1905AEJIEI,,,8,,0,3.1,Not Passed,7.5,7.5,0
SP2025,SP2025-class 7,18,1905AIAADB,,,9.3,,0,3.3,Not Passed,7,7.9,0
SP2025,SP2025-class 7,19,1905AHDHIB,,,8.7,,7.6,7,Passed,9.1,8.6,4
SP2025,SP2025-class 7,20,1905AHCADH,,,9.7,,5.6,6.5,Passed,8.1,8.5,3.9
SP2025,SP2025-class 7,21,1919AIFFEH,,,9,,7.6,8.5,Passed,9.4,9.2,8.5
SP2025,SP2025-class 7,22,1905AIFEJA,,,9,,8,7.5,Passed,9.4,8.6,4.9
SP2025,SP2025-class 7,23,1905AGBHCE,,,8.7,,6.8,6.7,Passed,8.5,8,4.1
SP2025,SP2025-class 7,24,1905AIDIAD,,,0,,0,0.3,Attendance Fail,0,3.4,0
SP2025,SP2025-class 7,25,1905AHBBAC,,,9.3,,7.2,6.7,Passed,9,8.3,3
SP2025,SP2025-class 7,26,1905AIDJIA,,,9,,7.2,6.8,Passed,8,8.4,4
SP2025,SP2025-class 7,27,0305AIBJJH,,,9.3,,7.6,7.7,Passed,8,8.3,6.4
SP2025,SP2025-class 7,28,1905AIFEGB,,,9,,8.2,7.6,Passed,8.4,8.5,5.5
SP2025,SP2025-class 7,29,1905AICIBG,,,9.3,,6.2,6.3,Passed,8,8.4,3.2
SP2025,SP2025-class 8,1,1905AIJFBG,,,7.6,,8.2,6.8,Passed,8.6,7.6,3.9
SP2025,SP2025-class 8,2,1905AICGFG,,,8.4,,7.6,7.1,Passed,8,8.4,5.1
SP2025,SP2025-class 8,3,1905AIJIAI,,,7.2,,5.6,5.8,Passed,7.8,7.2,4
SP2025,SP2025-class 8,4,1905AIJFAD,,,5.8,,5.8,4.7,Not Passed,8.4,5.9,1.2
SP2025,SP2025-class 8,5,1905AIBAII,,,8,,7.2,6.5,Passed,8.4,8,3.6
SP2025,SP2025-class 8,6,1905AHCGCI,,,7.6,,7,6.4,Passed,7.6,7.6,4.2
SP2025,SP2025-class 8,7,1905AICFAB,,,5.8,,6,5.8,Passed,8,5.8,4.9
SP2025,SP2025-class 8,8,1905AICCGI,,,4,,3.6,3.7,Not Passed,7.8,5.4,1.7
SP2025,SP2025-class 8,9,1905AIJABG,,,7.4,,7.8,7,Passed,8.2,7.4,5.4
SP2025,SP2025-class 8,10,1905AIBGAI,,,6.8,,7.8,7.7,Passed,8.6,6.9,8.3
SP2025,SP2025-class 8,11,1905AIAJGE,,,6,,7.8,6.2,Passed,8.4,6.1,4
SP2025,SP2025-class 8,12,1905AIBCGA,,,8.2,,8.2,8.3,Passed,8.6,8.2,8.4
SP2025,SP2025-class 8,13,1905AIJCAG,,,6,,6.4,5.7,Passed,5,6,5
SP2025,SP2025-class 8,14,1905AICCBJ,,,7.2,,7.2,6.1,Passed,8,7.2,3.4
SP2025,SP2025-class 8,15,1905AHJDBI,,,5.6,,6.4,6,Passed,7.8,5.7,5.2
SP2025,SP2025-class 8,16,1905AIDHDH,,,2.6,,8,4.7,Not Passed,8.6,2.6,2.1
SP2025,SP2025-class 8,17,1905AIAAJC,,,6.6,,5.8,6.5,Passed,6.4,6.6,7.2
SP2025,SP2025-class 8,18,1905AHBDGE,,,7.8,,7.8,6.1,Passed,8.4,7.8,2
SP2025,SP2025-class 8,19,1905AIBAHJ,,,5.6,,6,5.8,Passed,8.4,5.7,4.9
SP2025,SP2025-class 8,20,1905AIDAHI,,,7.8,,8.6,7.8,Passed,8.2,7.8,6.8
SP2025,SP2025-class 8,21,1905AICGJB,,,8.6,,8.6,8.6,Passed,8.2,8,9
SP2025,SP2025-class 8,22,1905AICGBA,,,6.6,,5,5.8,Passed,8.4,6.6,4.8
SP2025,SP2025-class 8,23,1905AIBCEI,,,8.2,,7.2,6.9,Passed,8.4,8.2,4.9
SP2025,SP2025-class 8,24,1905AIDGDH,,,4,,8.4,5.7,Passed,7.8,4,3.9
SP2025,SP2025-class 8,25,1905AHCGHI,,,6.8,,7.6,6.4,Passed,7.8,6.8,4.2
SP2025,SP2025-class 8,26,1905AIDCAC,,,6.6,,7.4,5.3,Passed,7.8,6.6,1
SP2025,SP2025-class 8,27,1905AHBCAB,,,7.2,,5,5.6,Passed,7.6,7.2,3.9
SP2025,SP2025-class 8,28,1905AICHAF,,,8.2,,8,7.6,Passed,8.2,8.2,6.5
SP2025,SP2025-class 8,29,1905AIBEJB,,,8.2,,8.4,7.9,Passed,8.2,8.2,7.1
SP2025,SP2025-class 8,30,1905AHJCIJ,,,7.6,,8.2,6.1,Passed,8,7.6,1.7
SP2025,SP2025-class 8,31,1905AIJEAD,,,7.6,,8.6,7.2,Passed,8,7.6,5.2
SP2025,SP2025-class 9,1,1905AHJDCG,,,7.5,,7,8,Passed,9.3,8,9
SP2025,SP2025-class 9,2,1905AICGCE,,,5,,6,5.2,Passed,4.8,5.2,4.5
SP2025,SP2025-class 9,3,1905AGCFFC,,,0,,0,0,Attendance Fail,0,0,0
SP2025,SP2025-class 9,4,1905AIBEDE,,,6.5,,5,5.5,Passed,8.6,7.6,3.7
SP2025,SP2025-class 9,5,1905AGAGEE,,,0,,0,0,Attendance Fail,0,0,0
SP2025,SP2025-class 9,6,1905AGCDIF,,,6.5,,0,2.9,Not Passed,8.8,7.6,0
SP2025,SP2025-class 9,7,1905AHJCFC,,,7,,6,7.3,Passed,6.7,7.6,8.9
SP2025,SP2025-class 9,8,1905AHJJEG,,,7,,8.8,7.9,Passed,9.2,7.4,7.4
SP2025,SP2025-class 9,9,1905AGCFDA,,,0,,0,0.1,Attendance Fail,0,1,0
SP2025,SP2025-class 9,10,1905AEJGIB,,,6,,6,5.1,Passed,8,6.4,2.1
SP2025,SP2025-class 9,11,1905AHJBBH,,,0,,0,0,Not Passed,0,0,0
SP2025,SP2025-class 9,12,1905AHJBIA,,,7,,7,7.8,Passed,9,7.4,9
SP2025,SP2025-class 9,13,1905AHBEBH,,,6,,3.2,4.3,Not Passed,7.2,7.4,2.2
SP2025,SP2025-class 9,14,1905AHCHGC,,,6.5,,9.6,8.6,Passed,9.1,7.6,9
SP2025,SP2025-class 9,15,1905AHAIAD,,,7,,6,6.4,Passed,9.4,8,4.9
SP2025,SP2025-class 9,16,1905AHBDFB,,,0,,0,0,Attendance Fail,0,0,0
SP2025,SP2025-class 9,17,1905AHEJIF,,,8,,9.2,8.7,Passed,9,7.8,9
SP2025,SP2025-class 9,18,1905AIFGCJ,,,8.5,,8,6.8,Passed,9.4,8.4,3.1
SP2025,SP2025-class 9,19,1905AGJBAG,,,0,,0,0,Attendance Fail,0,0,0
SP2025,SP2025-class 9,20,1905AHBHJC,,,6,,7.4,5.9,Passed,8.1,7.4,3
SP2025,SP2025-class 9,21,1905AHCFED,,,6.5,,7.6,7.2,Passed,9.4,5.2,7.2
SP2025,SP2025-class 9,22,1905AIBFBA,,,8.5,,6.4,7.9,Passed,9.1,8.8,8.2
SP2025,SP2025-class 9,23,1905AGCAEF,,,8,,5.2,6.6,Passed,8.5,7.8,6
SP2025,SP2025-class 9,24,1905AHAHCE,,,7,,7.6,7.4,Passed,8.3,8.6,6.9
SP2025,SP2025-class 9,25,1905AGBHDI,,,6,,0,2.7,Not Passed,7.8,7.4,0
SP2025,SP2025-class 9,26,1905AHCFGB,,,7,,7.4,7.3,Passed,8.4,8,6.9
SP2025,SP2025-class 9,27,1905AIFBBE,,,0,,4.8,2.4,Not Passed,9.1,0,0
SP2025,SP2025-class 10,1,1905AIDGAD,,,9.5,,7.6,8.5,Passed,8.9,9.1,8.5
SP2025,SP2025-class 10,2,1905AIDACE,,,3,,0,3.3,Not Passed,7.1,7.3,4.1
SP2025,SP2025-class 10,3,1905AICDAF,,,6,,8.6,7.1,Passed,8.4,8.8,5.4
SP2025,SP2025-class 10,4,1905AHCAJJ,,,6,,8.4,6.2,Passed,8.5,7,3
SP2025,SP2025-class 10,5,1905AICHDC,,,3,,0,2.7,Not Passed,7.3,6.3,2.6
SP2025,SP2025-class 10,6,1905AICBFD,,,3,,6.8,5,Passed,8.8,6.3,3
SP2025,SP2025-class 10,7,1905AIDBFD,,,6,,7,6.3,Passed,7,6.9,5.5
SP2025,SP2025-class 10,8,1905AGABGB,,,6.5,,0,2.5,Attendance Fail,7.2,5,0
SP2025,SP2025-class 10,9,1905AHJGCG,,,0,,0,0.8,Attendance Fail,3.9,4.5,0
SP2025,SP2025-class 10,10,1905AHCDAG,,,2,,6.6,5.3,Passed,9.1,5.8,4.9
SP2025,SP2025-class 10,11,1905AGJJFE,,,0,,0,0,Attendance Fail,0,0,0
SP2025,SP2025-class 10,12,1905AHAIEI,,,4,,7.2,5.2,Passed,8.5,5.4,3
SP2025,SP2025-class 10,13,1905AICJDJ,,,6,,8.2,7.3,Passed,8.8,7.8,6.5
SP2025,SP2025-class 10,14,1905AGJAJE,,,7.5,,5.6,7.2,Passed,7.8,6.4,8.6
SP2025,SP2025-class 10,15,1905AIDFBD,,,9.5,,8.6,9.2,Passed,8.9,8.9,9.7
SP2025,SP2025-class 10,16,1905AICJAC,,,5,,7.4,5.9,Passed,7.9,7.4,3.8
SP2025,SP2025-class 10,17,1905AGBCAF,,,1,,0,1.5,Attendance Fail,6.7,6.5,0
SP2025,SP2025-class 10,18,1905AHJBGJ,,,6,,0,2.7,Not Passed,7.8,6.8,0
SP2025,SP2025-class 10,19,1905AICGAB,,,6,,0,2.6,Not Passed,8.3,6,0
SP2025,SP2025-class 10,20,1905AHBJFB,,,0,,0,0,Attendance Fail,0,0,0
SP2025,SP2025-class 10,21,1905AHJCJD,,,5,,6.2,6.2,Passed,7.9,5.3,6.7
SP2025,SP2025-class 10,22,1905AHAHDF,,,6.5,,7.8,6.6,Passed,8.7,7.9,4.3
SP2025,SP2025-class 10,23,1905AIDHJE,,,9.5,,8.2,7.6,Passed,7.3,6.4,6.2
SP2025,SP2025-class 10,24,1905AHJBCA,,,2,,7.8,6.7,Passed,7.3,5,9.2
SP2025,SP2025-class 10,25,1905AHAIAE,,,1,,0,1.3,Attendance Fail,4.4,6.6,0
SP2025,SP2025-class 10,26,1905AICBED,,,9.5,,6.8,8.1,Passed,7.7,8.8,8.4
SP2025,SP2025-class 10,27,1905AICJBE,,,6,,8,5.7,Passed,8.2,7,1.9
SP2025,SP2025-class 10,28,1905AGJCDH,,,2,,6.4,5.5,Passed,7.5,5.3,6.2
SP2025,SP2025-class 10,29,1905AICABI,,,6,,8.8,7.9,Passed,8.4,8.5,8
SP2025,SP2025-class 10,30,1905AIJFHF,,,3,,6.6,5.5,Passed,9,5.3,4.9
SP2025,SP2025-class 10,31,1905AGBAAE,,,0,,0,0,Attendance Fail,0,0,0
SP2025,SP2025-class 10,32,0305AIJEHI,,,6.5,,7.8,6.4,Passed,9.4,8.4,3.2
SP2025,SP2025-class 10,33,1905AICJEI,,,5,,9,7.7,Passed,7.9,7.8,8.2
SP2025,SP2025-class 10,34,1905AHJEHC,,,6.5,,7.8,6.5,Passed,8.3,5,5
SP2025,SP2025-class 11,1,1905AFACJJ,,,8,,4.6,5.1,Passed,6.4,7.5,2.5
SP2025,SP2025-class 11,2,1905AIDJHJ,,,8,,7,7.3,Passed,7.9,8.8,6.5
SP2025,SP2025-class 11,3,1905AIBBFG,,,8,,7.6,6.9,Passed,6.9,8.3,4.9
SP2025,SP2025-class 11,4,1905AIBGIE,,,0,,0,0,Attendance Fail,0,0,0
SP2025,SP2025-class 11,5,1919AGJADD,,,0,,0,0.4,Attendance Fail,0,3.5,0
SP2025,SP2025-class 11,6,1905AFAEBG,,,0,,0,0,Attendance Fail,0,0,0
SP2025,SP2025-class 11,7,1905AHDCHA,,,0,,0,0,Attendance Fail,0,0,0
SP2025,SP2025-class 11,8,1905AEACEC,,,0,,0,0,Attendance Fail,0,0,0
SP2025,SP2025-class 11,9,1905AHCACE,,,5,,6.6,5.6,Passed,8.5,8.5,3
SP2025,SP2025-class 11,10,1905AICEDA,,,4.5,,7.4,6.5,Passed,8.4,8.3,5.6
SP2025,SP2025-class 11,11,1905AHDEFH,,,6.5,,5,5,Passed,5.4,8,3
SP2025,SP2025-class 11,12,1905AHBEIA,,,6,,5.2,5.8,Passed,5.1,6.3,6.4
SP2025,SP2025-class 11,13,1905AHCHAF,,,1,,4.2,2.9,Not Passed,4.3,4,2
SP2025,SP2025-class 11,14,1905AIDDHE,,,6.5,,7.8,6.1,Passed,7.9,8,3
SP2025,SP2025-class 11,15,1905AICBFB,,,8,,8.2,8,Passed,9.1,8.3,7.2
SP2025,SP2025-class 11,16,1905AIFBFF,,,5,,9.4,6.2,Passed,7.8,8.1,2.6
SP2025,SP2025-class 11,17,1905AHDAGF,,,0,,0,0,Attendance Fail,0,0,0
SP2025,SP2025-class 11,18,1905AIBJCB,,,5,,5.8,5.4,Passed,8.1,7.4,3.7
SP2025,SP2025-class 11,19,1905AIDAFC,,,6,,7,6.4,Passed,7.2,8.5,5.1
SP2025,SP2025-class 11,20,1905AHDCEB,,,6.5,,9.6,5.9,Passed,8.4,6,0.9
SP2025,SP2025-class 11,21,1905AICDJE,,,8.5,,4.8,5.9,Passed,6.5,6.8,4.9
SP2025,SP2025-class 11,22,1905AHBFEE,,,1,,0,1.4,Not Passed,3.2,5.6,1
SP2025,SP2025-class 11,23,1905AIDCAF,,,0,,0,0,Attendance Fail,0,0,0
SP2025,SP2025-class 11,24,1905AIBIED,,,5,,7.4,7,Passed,8.9,9.3,6.7
SP2025,SP2025-class 11,25,1905AICBFI,,,6,,5.2,5.5,Passed,7.5,6.5,4.3
SP2025,SP2025-class 11,26,1905AHEJBH,,,4.5,,6.8,5.7,Passed,8.6,7.8,3.9
SP2025,SP2025-class 11,27,1905AIBJBD,,,5,,7.4,7,Passed,8.6,7.5,7.1
SP2025,SP2025-class 11,28,1905AIBCHH,,,7.5,,7.2,5.8,Passed,7.6,7.5,2
SP2025,SP2025-class 11,29,1905AIDBCF,,,4.5,,7.4,6.6,Passed,8.6,8.5,5.9
SP2025,SP2025-class 11,30,1905AHDEJJ,,,0,,0,0,Attendance Fail,0,0,0
SP2025,SP2025-class 11,31,1905AHDDGH,,,8.5,,5,5.8,Passed,5.9,8,4
SP2025,SP2025-class 11,32,1905AGJBHF,,,1,,6.4,3.2,Not Passed,4.8,1.5,1.6
SP2025,SP2025-class 11,33,1905AHCIGD,,,0,,0,0,Attendance Fail,0,0,0
SP2025,SP2025-class 11,34,1905AIFBIH,,,7.5,,7.8,6.5,Passed,8.3,7.1,3.6
SP2025,SP2025-class 11,35,1905AHDCCJ,,,0,,0,0,Attendance Fail,0,0,0
SP2025,SP2025-class 12,1,1905AICDDG,,,6.9,,7.6,6.5,Passed,8.5,4.8,5
SP2025,SP2025-class 12,2,1905AIBJHH,,,6.8,,5.4,4.8,Not Passed,9,5.4,1.3
SP2025,SP2025-class 12,3,1905AICFBE,,,8.4,,8.8,8.3,Passed,8.9,8.3,7.5
SP2025,SP2025-class 12,4,1905AICFFE,,,7.4,,7.4,6.8,Passed,8.9,6.9,5
SP2025,SP2025-class 12,5,1905AIAJIJ,,,8.4,,6.4,6.7,Passed,8.8,7.5,4.9
SP2025,SP2025-class 12,6,1905AGAGEH,,,6.7,,7,6.4,Passed,8.1,6.9,4.9
SP2025,SP2025-class 12,7,1905AIBEHJ,,,6.9,,5,5.7,Passed,8.7,6.2,4.6
SP2025,SP2025-class 12,8,1905AIBJGH,,,7.4,,5.2,6.3,Passed,8.4,6.2,5.9
SP2025,SP2025-class 12,9,1905AHJCJG,,,6.7,,5.6,7,Passed,8,5.4,8.9
SP2025,SP2025-class 12,10,1905AGJBJF,,,0,,0,0.1,Attendance Fail,0,0.8,0
SP2025,SP2025-class 12,11,1705AIJJJI,,,7.4,,9,8.8,Passed,8.2,8.3,9.9
SP2025,SP2025-class 12,12,1905AHBFJJ,,,8.4,,6.2,5.8,Passed,9.1,6.2,2.5
SP2025,SP2025-class 12,13,1905AGBDCB,,,0,,0,0,Attendance Fail,0,0.2,0
SP2025,SP2025-class 12,14,1905AHJCDB,,,6.7,,7.4,7.3,Passed,9.3,4.6,7.9
SP2025,SP2025-class 12,15,1905AHBDGC,,,7,,6.8,5.1,Passed,7.2,6.1,1.1
SP2025,SP2025-class 12,16,1905AICJIH,,,6.8,,8,7.2,Passed,8,6.6,6.5
SP2025,SP2025-class 12,17,1905AGCDFJ,,,7,,4.2,4.8,Not Passed,8,7,2
SP2025,SP2025-class 12,18,1905AHCAIC,,,8.4,,7.4,5.8,Passed,5.4,6.4,2.4
SP2025,SP2025-class 12,19,1905BJCGDF,,,7,,6.6,7,Passed,8.3,7.7,6.9
SP2025,SP2025-class 12,20,1905AIBEAE,,,6.9,,7.8,6.7,Passed,8.4,7.3,4.7
SP2025,SP2025-class 12,21,1905AHBGGH,,,7,,0,2.9,Not Passed,8.1,7,0.1
SP2025,SP2025-class 12,22,1905AHAHCD,,,7,,5.2,5.3,Passed,8.4,6.5,2.9
SP2025,SP2025-class 12,23,1905AHJCJB,,,6.7,,8.8,8,Passed,8.6,5.2,8.9
SP2025,SP2025-class 12,24,1905AGJCEI,,,6.7,,4.4,5.4,Passed,8.1,6.1,4.4
SP2025,SP2025-class 12,25,1919AGJDCB,,,6.8,,2.8,2.6,Not Passed,1.6,2,0
SP2025,SP2025-class 12,26,1905AGJCFH,,,6.7,,7.2,6.3,Passed,8.8,6.8,4.2
SP2025,SP2025-class 12,27,1905AICCEE,,,6.9,,7,5.8,Passed,8.6,5.8,2.9
SP2025,SP2025-class 12,28,1905AGCAEJ,,,0,,0,0,Attendance Fail,0,0.4,0
SP2025,SP2025-class 12,29,1905AHAHJJ,,,6.7,,6.6,5.1,Passed,8.8,5.2,1.1
SP2025,SP2025-class 12,30,1905AHAHDH,,,6.7,,6.2,5,Passed,8.1,6.6,1
SP2025,SP2025-class 12,31,1905AIBJEH,,,7.4,,6,5.7,Passed,8.9,6.8,3
SP2025,SP2025-class 12,32,0305AIAFHF,,,8.4,,8.2,8.3,Passed,8.9,8.2,8
SP2025,SP2025-class 12,33,1905AIDFFH,,,6.8,,5.2,5.4,Passed,6.3,6.8,4
SP2025,SP2025-class 12,34,1905AICBBI,,,6.8,,8,7,Passed,7.3,7,5.9
SP2025,SP2025-class 12,35,1905AICAEH,,,7.4,,7.4,6.8,Passed,9.3,6.9,4.9
SP2025,SP2025-class 13,1,1905AHJAGC,,,5,,7.4,6.7,Passed,8.5,4.6,7.2
SP2025,SP2025-class 13,2,1905AHAHFJ,,,9,,8,8.6,Passed,8.8,8.1,8.9
SP2025,SP2025-class 13,3,1905AHAEJG,,,5,,9.8,7.5,Passed,8.5,5.4,7.2
SP2025,SP2025-class 13,4,1905AHJJFE,,,5,,0,2.2,Not Passed,4,7.5,0
SP2025,SP2025-class 13,5,1905AFAADG,,,5,,7.6,7.2,Passed,8.5,7.3,7.9
SP2025,SP2025-class 13,6,1905AHAICH,,,5,,6.6,4.8,Not Passed,8.8,6.5,1.1
SP2025,SP2025-class 13,7,1905AIDDGH,,,5,,8.4,7.6,Passed,8.5,8.3,8
SP2025,SP2025-class 13,8,1905AGBCDF,,,7,,0,3,Not Passed,8.8,7.5,0
SP2025,SP2025-class 13,9,1905AHAGHE,,,5,,8.4,7.6,Passed,8.5,8.1,7.9
SP2025,SP2025-class 13,10,1905AHJDAD,,,5,,6.6,6.3,Passed,8.8,8,5.4
SP2025,SP2025-class 13,11,1905AIDGFI,,,8,,8.6,7.8,Passed,7.8,7.3,7.2
SP2025,SP2025-class 13,12,1905AGAEDI,,,5,,8.2,5.8,Passed,9,6.5,2.7
SP2025,SP2025-class 13,13,1905AIBJHD,,,7,,5.4,4.5,Not Passed,8.8,6.4,0
SP2025,SP2025-class 13,14,1705AIJAFE,,,5,,6.2,4.8,Not Passed,8.8,7.6,1
SP2025,SP2025-class 13,15,1905AHJEHD,,,5,,7,6.9,Passed,9,6.8,7.4
SP2025,SP2025-class 13,16,1905AGAIHF,,,1,,1.8,4.4,Not Passed,8.5,6.4,7.2
SP2025,SP2025-class 13,17,1905AHJBHE,,,7,,8.6,6.4,Passed,8.5,7.7,2.6
SP2025,SP2025-class 13,18,1905AHJADC,,,7,,6.4,5.1,Passed,9,6.8,0.6
SP2025,SP2025-class 13,19,1905AIDABE,,,5,,7.8,6.2,Passed,8.8,8.1,4
SP2025,SP2025-class 13,20,1919AHAJCJ,,,0,,0,1,Attendance Fail,4.8,5.2,0
SP2025,SP2025-class 13,21,1905AHAHGC,,,5,,7.8,7.3,Passed,9,7,7.9
SP2025,SP2025-class 13,22,1905AHJGEB,,,7,,6.4,7.2,Passed,9,7.2,7.4
SP2025,SP2025-class 13,23,1905AGBIEA,,,5,,5.6,4.8,Not Passed,6,6.5,2.9
SP2025,SP2025-class 13,24,1905AIDEHC,,,5,,8.2,5.8,Passed,8.3,5.7,3
SP2025,SP2025-class 13,25,1905AGCEDB,,,8,,5.2,5.3,Passed,4.5,5.6,3.9
SP2025,SP2025-class 13,26,1905AHEJDI,,,5,,8,5.8,Passed,8.5,7,2.9
SP2025,SP2025-class 13,27,1905AHAHDE,,,5,,8.4,7.7,Passed,9.3,7.6,8.2
SP2025,SP2025-class 13,28,1905AGJJIF,,,8,,6.8,5.2,Passed,4.8,4.8,2.1
SP2025,SP2025-class 13,29,1905AHJBHI,,,5,,7.4,7.3,Passed,8.5,8.3,7.9
SP2025,SP2025-class 13,30,1905AIDBHI,,,5,,6,5.5,Passed,8.3,6.8,4
SP2025,SP2025-class 13,31,1905AGACEF,,,8,,6.2,5.2,Passed,4.8,6.5,2
SP2025,SP2025-class 13,32,1905AICEFD,,,5,,6.8,6.3,Passed,8.8,7.6,5.4
SP2025,SP2025-class 13,33,1905AHJEJB,,,5,,4.6,6.3,Passed,9,6.2,7.9
SP2025,SP2025-class 13,34,1905AHBCJD,,,0,,0,0,Attendance Fail,0,0,0
SP2025,SP2025-class 13,35,1905AHJBGC,,,7,,7.6,6.2,Passed,9,7.7,2.8
SP2025,SP2025-class 14,1,1905AHBGIA,,,7.5,,5.6,6.2,Passed,7.6,7.3,5
SP2025,SP2025-class 14,2,1905AHBDDF,,,7.5,,8.4,7.3,Passed,7.8,8.3,5.7
SP2025,SP2025-class 14,3,1905AIBBCI,,,0,,0,0.8,Attendance Fail,3.1,4.5,0
SP2025,SP2025-class 14,4,1905AICJGC,,,7,,6.4,5.9,Passed,9,6.9,3.3
SP2025,SP2025-class 14,5,1905AHJAHG,,,6,,4.4,5.1,Passed,8.2,5.5,4
SP2025,SP2025-class 14,6,1905AHCHJD,,,4,,9,7,Passed,8.1,6.5,6.7
SP2025,SP2025-class 14,7,1905AHBCDF,,,7.5,,6.8,6.6,Passed,7.9,8,5
SP2025,SP2025-class 14,8,1905AHCDHB,,,4,,7.4,6.6,Passed,8.4,6.5,6.9
SP2025,SP2025-class 14,9,1905AICHFI,,,7,,8,6,Passed,7.8,7.3,2.2
SP2025,SP2025-class 14,10,1905AIDJBC,,,0,,0,0,Attendance Fail,0,0,0
SP2025,SP2025-class 14,11,1905AHBJFI,,,7,,9,8,Passed,7.8,8.6,7.7
SP2025,SP2025-class 14,12,1905AHDGED,,,4,,7.8,5.4,Passed,8.9,6.5,2.3
SP2025,SP2025-class 14,13,1905AICIJI,,,6,,7.4,6.8,Passed,8.1,7.5,5.9
SP2025,SP2025-class 14,14,1905AICJHE,,,6,,7.8,6.4,Passed,7.8,7.6,4.4
SP2025,SP2025-class 14,15,1905AIDAGG,,,7,,8.2,8.1,Passed,8.3,8.1,8.5
SP2025,SP2025-class 14,16,1905AICJIG,,,6,,6,6,Passed,7.7,7.8,4.9
SP2025,SP2025-class 14,17,1905AHBCBJ,,,7,,7.8,7.3,Passed,8.6,6.8,6.7
SP2025,SP2025-class 14,18,1905AIBBDJ,,,7.5,,7.8,6.8,Passed,8.1,6.3,5
SP2025,SP2025-class 14,19,1905AHCCDI,,,3,,0,2,Attendance Fail,7.8,6.5,0
SP2025,SP2025-class 14,20,1905AIDGEA,,,3,,8.6,5.8,Passed,4.7,6.3,5
SP2025,SP2025-class 14,21,1905AHBGJA,,,7.5,,4.4,5.3,Passed,6.2,6.6,4
SP2025,SP2025-class 14,22,1905AICJDB,,,7,,8,7,Passed,7.7,8,5.4
SP2025,SP2025-class 14,23,1905AICJII,,,6,,0,2.6,Not Passed,8.4,5.9,0
SP2025,SP2025-class 14,24,1905AHBHII,,,7,,6.6,5.7,Passed,8.1,7.8,2.5
SP2025,SP2025-class 14,25,1905AICBAE,,,6,,8.2,6.5,Passed,7.7,6,4.9
SP2025,SP2025-class 14,26,1905AIDGEJ,,,6,,8.6,6.2,Passed,8.6,6.5,3
SP2025,SP2025-class 14,27,1905AHCJFA,,,7,,7.6,6.4,Passed,7.4,8,3.9
SP2025,SP2025-class 14,28,1905AIFCJB,,,1,,0,1,Attendance Fail,1,6.5,0
SP2025,SP2025-class 14,29,1905AICCFD,,,7,,8.4,8,Passed,8.1,7.6,8.5
SP2025,SP2025-class 14,30,1905AHBGHF,,,0,,0,0.4,Attendance Fail,4.2,0,0
SP2025,SP2025-class 14,31,1905AHCFJF,,,6,,6.2,6,Passed,7.3,6.1,5.4
SP2025,SP2025-class 14,32,1905AIFDBH,,,7,,8.2,6.9,Passed,9,7.8,4.5
SP2025,SP2025-class 14,33,1905AIBHFF,,,7,,8,7.2,Passed,7.5,8.8,6
SP2025,SP2025-class 14,34,1905AHCCFB,,,3,,0,2.1,Attendance Fail,8.3,6.5,0
SP2025,SP2025-class 14,35,1905AHCEBH,,,4,,0,2.2,Not Passed,8.1,6.4,0
SP2025,SP2025-class 15,1,1905AHDHGI,,,5.5,,5.4,6.8,Passed,9.8,7,7.9
SP2025,SP2025-class 15,2,1905AHDABI,,,5.5,,0,2.5,Attendance Fail,7.4,6.6,0
SP2025,SP2025-class 15,3,1905AHEJEI,,,6,,5.6,6.1,Passed,9.6,7.7,5
SP2025,SP2025-class 15,4,1905AHDHDG,,,7,,6.8,6,Passed,9.1,8.4,2.6
SP2025,SP2025-class 15,5,1901AGJAIA,,,7,,0,3.1,Not Passed,8.4,8.3,0
SP2025,SP2025-class 15,6,1905AIJJGD,,,6,,6.2,5,Passed,8.5,7.5,1.2
SP2025,SP2025-class 15,7,1905AHCECE,,,6,,5.2,5.4,Passed,8.3,6.9,3.6
SP2025,SP2025-class 15,8,1905AHDDDH,,,5.5,,3.8,3.7,Not Passed,7.3,6.7,0.1
SP2025,SP2025-class 15,9,1905AHDDBA,,,5.5,,0,2.6,Not Passed,8,6.8,0
SP2025,SP2025-class 15,10,1905AIJEGD,,,7,,7,6,Passed,8,8.2,2.9
SP2025,SP2025-class 15,11,1905AHCDFB,,,6,,0,2.4,Attendance Fail,6.9,5.1,0
SP2025,SP2025-class 15,12,1905AGJAHB,,,0,,0,0,Attendance Fail,0,0,0
SP2025,SP2025-class 15,13,1905AIJJCA,,,6,,7,6.5,Passed,9.6,7.7,4.9
SP2025,SP2025-class 15,14,1905AIBFCA,,,6,,8,6.3,Passed,9.5,7.7,3.2
SP2025,SP2025-class 15,15,1905AIJCBJ,,,6,,4.2,5,Passed,7.8,7.4,3.5
SP2025,SP2025-class 15,16,1905AHAGIE,,,7,,7.2,6.5,Passed,9.6,8.5,3.9
SP2025,SP2025-class 15,17,1905AHDICD,,,5.5,,8.2,7.6,Passed,9.9,7.1,7.9
SP2025,SP2025-class 15,18,1905AHDDGJ,,,5.5,,6.6,6.9,Passed,7.9,6.8,7.9
SP2025,SP2025-class 15,19,1905AIJJFD,,,7,,4.6,6.5,Passed,7.8,8.2,6.9
SP2025,SP2025-class 16,1,1905AIJAHE,,,7.8,,7.2,6.8,Passed,9.4,7.8,4.4
SP2025,SP2025-class 16,2,1919AIDJIB,,,6.3,,6,5.9,Passed,9.6,6.3,4
SP2025,SP2025-class 16,3,1905AIJBHC,,,6.3,,6.8,7,Passed,9.8,6.3,6.9
SP2025,SP2025-class 16,4,1905AIJBEH,,,10,,9.2,9.3,Passed,9,10,8.8
SP2025,SP2025-class 16,5,1905AIJBAG,,,10,,8,7.2,Passed,8.7,10,3.2
SP2025,SP2025-class 16,6,1905AIDFHH,,,8.5,,7.6,7.7,Passed,9.1,8.5,6.5
SP2025,SP2025-class 16,7,1905AIJCFE,,,6.3,,7.6,6.5,Passed,8.5,6.3,4.9
SP2025,SP2025-class 16,8,1905AIJDJE,,,6.7,,9.2,8.6,Passed,8.6,6.7,9.9
SP2025,SP2025-class 16,9,1905AIJAJI,,,0,,0,0,Attendance Fail,0,0,0
SP2025,SP2025-class 16,10,1905AHBGDH,,,5.5,,8,6.7,Passed,8.3,5.5,6.2
SP2025,SP2025-class 16,11,1905AIJBDG,,,8.4,,7.8,7,Passed,9.1,8.4,4
SP2025,SP2025-class 16,12,1905AIJCAA,,,8.5,,5,6.4,Passed,9.4,8.5,4.6
SP2025,SP2025-class 16,13,1905AICFHE,,,8.5,,7.6,7.7,Passed,9.6,8.5,6.5
SP2025,SP2025-class 16,14,1905AIJJCG,,,9.1,,7.8,7.2,Passed,9.3,9.1,4
SP2025,SP2025-class 16,15,1905AIJCCC,,,7,,7.2,6.4,Passed,9.8,7,3.9
SP2025,SP2025-class 16,16,1905AIJABF,,,3.3,,8.4,5.5,Passed,9.6,3.3,3.6
SP2025,SP2025-class 16,17,1905AGAEJE,,,0,,0,0.9,Not Passed,9.3,0,0
SP2025,SP2025-class 16,18,1905AIJAIH,,,9.8,,7.4,8.4,Passed,8.6,9.8,7.9
SP2025,SP2025-class 16,19,1905AIJCHD,,,10,,7.8,8.3,Passed,8.6,10,6.9
SP2025,SP2025-class 16,20,1905AIJDJJ,,,0,,0,2.1,Not Passed,8.9,0,4
SP2025,SP2025-class 16,21,1905AIJCFF,,,9.9,,8,7.9,Passed,8,9.9,5.6
SP2025,SP2025-class 16,22,1905AIJAHG,,,7.8,,7.8,7.7,Passed,9,7.8,7
SP2025,SP2025-class 16,23,1905AIJCFJ,,,10,,6,6.6,Passed,7.3,10,3.4
SP2025,SP2025-class 16,24,1905AIDEBF,,,0,,0,0.9,Not Passed,8.9,0,0
SP2025,SP2025-class 16,25,1905AIJBCG,,,4.3,,4.2,4.6,Not Passed,9,4.3,3.7
SP2025,SP2025-class 16,26,1905AIJAGE,,,10,,7.4,7.8,Passed,5.5,10,6.9
SP2025,SP2025-class 16,27,1905AIDGHJ,,,4,,0,2.1,Not Passed,9.1,4,0
SP2025,SP2025-class 16,28,1905AIDEEI,,,3.3,,8.6,4.7,Not Passed,8.3,3.3,1
SP2025,SP2025-class 16,29,1905AIJBCJ,,,9.2,,6.8,7,Passed,8.4,9.2,4.5
SP2025,SP2025-class 16,30,1905AIJDAA,,,4.3,,9,5.4,Passed,8.3,4.3,2
SP2025,SP2025-class 16,31,1905AIJHCB,,,0,,6,2.9,Not Passed,8.1,0,1.1
SP2025,SP2025-class 16,32,1905AIJBAH,,,8.5,,8.4,7.4,Passed,8.6,8.5,4.9
SP2025,SP2025-class 16,33,1905AICJHC,,,0,,0,2.1,Not Passed,9.9,0,3.6
SP2025,SP2025-class 16,34,1905AIJGEJ,,,0,,0,1.9,Not Passed,9,0,3.2
SP2025,SP2025-class 16,35,1905AIJJHC,,,10,,8.4,8.6,Passed,9.3,10,7.1
SP2025,SP2025-class 17,1,1905AIJGIF,,,7.4,,8.6,5.9,Passed,6.6,5.6,1.9
SP2025,SP2025-class 17,2,1905AIJEGB,,,9.2,,7.4,7.8,Passed,6.2,8.3,7.5
SP2025,SP2025-class 17,3,1905AIJGEI,,,7.4,,4,4.6,Not Passed,8.5,7.8,0.8
SP2025,SP2025-class 17,4,1905AIJEJA,,,8.4,,6.4,6.3,Passed,8.1,6.6,4.2
SP2025,SP2025-class 17,5,1905AIJEAA,,,9.2,,9,8.4,Passed,6.9,8.1,7.9
SP2025,SP2025-class 17,6,1905AIJFBF,,,8.4,,0,3.3,Not Passed,4.1,6.6,1.7
SP2025,SP2025-class 17,7,1905AIJEJC,,,9.2,,7.8,7.4,Passed,5.9,8.5,5.9
SP2025,SP2025-class 17,8,1905AICJFC,,,7.4,,6.6,5,Passed,5.9,5.8,1.1
SP2025,SP2025-class 17,9,1905AIJHAB,,,7.7,,5.4,5.1,Passed,6.1,6.5,2.4
SP2025,SP2025-class 17,10,1905AIJIJJ,,,7.4,,8.2,7,Passed,7.3,7.9,5
SP2025,SP2025-class 17,11,1905AIJEGG,,,8.5,,8,6.4,Passed,7.2,6.6,3
SP2025,SP2025-class 17,12,1905AIJGJH,,,9.2,,5,5.7,Passed,3,5.7,4.9
SP2025,SP2025-class 17,13,1905AGADGJ,,,0,,0,0.1,Attendance Fail,0,1,0
SP2025,SP2025-class 17,14,1905AIJEGC,,,8.5,,8.6,8,Passed,7.6,7.7,7.4
SP2025,SP2025-class 17,15,1905AIJGAJ,,,8.4,,8.8,8.5,Passed,7.3,7.2,9
SP2025,SP2025-class 17,16,1905AIJFDC,,,7.4,,5.2,4.8,Not Passed,6.6,5.7,1.9
SP2025,SP2025-class 17,17,1905AIJGBE,,,8.4,,8,7.2,Passed,5,6.9,6.4
SP2025,SP2025-class 17,18,1905AIJFJH,,,7.7,,5.8,5,Passed,4.3,5.4,2.6
SP2025,SP2025-class 17,19,1905AIJEHA,,,8.5,,8,7.3,Passed,6.6,7.3,6
SP2025,SP2025-class 17,20,1905AIJFBH,,,9.2,,7.2,6.9,Passed,6.9,6.9,4.9
SP2025,SP2025-class 17,21,1905AIJECF,,,6.9,,8.6,6.9,Passed,8.4,6.9,4.7
SP2025,SP2025-class 17,22,1905AIJEJG,,,8.4,,8.2,8.2,Passed,9.1,7.6,8.1
SP2025,SP2025-class 17,23,1905AIJEHF,,,8.5,,8.2,7.4,Passed,6.3,7.2,6.4
SP2025,SP2025-class 17,24,1905AIJGAF,,,6.9,,8.8,7,Passed,7.1,6.8,5.4
SP2025,SP2025-class 17,25,1905AIJHBE,,,6.9,,8.8,7.4,Passed,8.9,7.1,6
SP2025,SP2025-class 17,26,1905AIDGEG,,,8.4,,8,6.3,Passed,7.4,8,2.3
SP2025,SP2025-class 17,27,1905AIJHCH,,,8.4,,0,2.9,Not Passed,6.2,6.5,0
SP2025,SP2025-class 17,28,1905AIJEHE,,,8.5,,7.2,7.8,Passed,7.3,7.1,8.2
SP2025,SP2025-class 17,29,1905AHBFEA,,,1,,3,3.1,Not Passed,7.3,5.3,2.5
SP2025,SP2025-class 17,30,1905AIJFEJ,,,7.7,,0,2.9,Is Susspended,8.5,5,0
SP2025,SP2025-class 17,31,1905AIJHII,,,6.9,,9.2,8.3,Passed,8.5,7.9,8.5
SP2025,SP2025-class 17,32,1905AIJFJD,,,8.4,,6.8,6.3,Passed,6.9,7.3,3.9
SP2025,SP2025-class 17,33,1905AIJEEE,,,7.7,,7.2,6.1,Passed,7.8,5.1,3.8
SP2025,SP2025-class 17,34,1905AIDHJA,,,8.4,,8.4,7.9,Passed,7,7.6,7.4
SP2025,SP2025-class 17,35,1905AIJGJG,,,6.9,,7.8,7.3,Passed,7.9,8.3,6.4
SP2025,SP2025-class 18,1,1905AIAJDC,,,6,,5.8,7.4,Passed,7.4,7.2,10
SP2025,SP2025-class 18,2,1905AIJAAA,,,6,,7.4,6.3,Passed,9.3,7.8,3.9
SP2025,SP2025-class 18,3,1905AIJADE,,,6,,7.6,7.2,Passed,8.9,7.4,7.1
SP2025,SP2025-class 18,4,1905AHCIJI,,,4,,6,6.1,Passed,9,6.2,6.7
SP2025,SP2025-class 18,5,1905AIAJFG,,,6,,7.4,6.1,Passed,9.3,3.2,4.9
SP2025,SP2025-class 18,6,1905AIJJDG,,,8,,7.4,7.7,Passed,9.4,8.6,7
SP2025,SP2025-class 18,7,1905AIJHFB,,,6,,7.6,7.6,Passed,9.3,9,7.7
SP2025,SP2025-class 18,8,1905AIAJHB,,,6,,6.2,5.4,Passed,9.1,6.4,2.6
SP2025,SP2025-class 18,9,1905AIAJHD,,,0,,0,0.7,Attendance Fail,4.3,3,0
SP2025,SP2025-class 18,10,1905AIJIJA,,,10,,7.6,8.2,Passed,6.7,10,7.5
SP2025,SP2025-class 18,11,1905AIAAJD,,,5,,7.8,6.1,Passed,9,7,3.9
SP2025,SP2025-class 18,12,1905AIBBAA,,,6,,8,6.9,Passed,8.5,7,5.9
SP2025,SP2025-class 18,13,1905AIFDIB,,,9,,8.6,7.8,Passed,8.9,8,5.7
SP2025,SP2025-class 18,14,1905AIJCCB,,,5,,7,6,Passed,9.1,7.6,4
SP2025,SP2025-class 18,15,1905AIJIEG,,,5,,7.6,6,Passed,8.6,7.2,3.8
SP2025,SP2025-class 18,16,1905AIDHCB,,,6,,7.8,6.2,Passed,8,4.2,4.9
SP2025,SP2025-class 18,17,1905AIJICJ,,,9,,8,7.9,Passed,7.2,7.4,7.6
SP2025,SP2025-class 18,18,1905AIDEHI,,,5,,7.2,6.1,Passed,8.9,7,4.5
SP2025,SP2025-class 18,19,1905AIJAFE,,,6,,6.2,6.4,Passed,8.5,8,5.5
SP2025,SP2025-class 18,20,1905AIJHGH,,,9,,6.8,7.5,Passed,7.8,8.4,6.9
SP2025,SP2025-class 18,21,1905AIBHIG,,,0,,0,0.4,Attendance Fail,2.3,1.6,0
SP2025,SP2025-class 18,22,1905AIJJIH,,,4,,8.2,6.7,Passed,8.8,5.2,6.9
SP2025,SP2025-class 18,23,1905AIJIAE,,,7,,7,6.1,Passed,8.6,6.6,3.5
SP2025,SP2025-class 18,24,1905AIBJFH,,,8,,8.4,7.1,Passed,8.8,7.6,4.4
SP2025,SP2025-class 18,25,1905AIJJDD,,,5,,7.2,6.2,Passed,8.3,7.6,4.9
SP2025,SP2025-class 18,26,1905AIJIDF,,,8,,6.8,7,Passed,9.6,6.8,5.8
SP2025,SP2025-class 18,27,1905AIAAAH,,,7,,6.8,5.8,Passed,9.4,7.8,2.2
SP2025,SP2025-class 18,28,1905AIDFID,,,6,,8,6.1,Passed,7.8,5.6,3.9
SP2025,SP2025-class 18,29,1905AIJJCE,,,9,,8,8.7,Passed,9.4,10,8.4
SP2025,SP2025-class 18,30,1905AHAHJH,,,8,,8.4,8.4,Passed,7.9,9.2,8.4
SP2025,SP2025-class 18,31,1905AIJIIJ,,,9,,5.8,5.5,Passed,8,8.4,0.9
SP2025,SP2025-class 18,32,1905AIJIEE,,,8,,8.6,7.6,Passed,9.3,5.8,6.4
SP2025,SP2025-class 18,33,1905AIJHGI,,,9,,4.2,7.3,Passed,9.1,7.6,8.5
SP2025,SP2025-class 18,34,1905AIAJID,,,5,,0,3.2,Attendance Fail,3.5,3.8,4.9
SP2025,SP2025-class 18,35,1905AIAJCH,,,6,,4.2,4,Not Passed,8.3,6.4,0.4
SP2025,SP2025-class 19,1,1905AICIJE,,,6,,9,7.7,Passed,8.2,7.3,7.6
SP2025,SP2025-class 19,2,1905AIBJEG,,,1,,0,1.2,Attendance Fail,4.2,6.3,0
SP2025,SP2025-class 19,3,1905AIBAHD,,,6.5,,7,6.4,Passed,8.5,7.6,4.7
SP2025,SP2025-class 19,4,1905AIBAJF,,,5,,7.6,6.4,Passed,7.9,8.5,4.9
SP2025,SP2025-class 19,5,1905AIBAHG,,,5,,9,7.3,Passed,8.8,7.9,6.4
SP2025,SP2025-class 19,6,1905AHJCEF,,,6,,5,5.9,Passed,9,7.6,5
SP2025,SP2025-class 19,7,1905AICCCF,,,6.5,,7.4,7,Passed,8.4,8.3,5.9
SP2025,SP2025-class 19,8,1905AICCIB,,,6.5,,7.6,6.1,Passed,8.6,7.8,3
SP2025,SP2025-class 19,9,1905AIBADG,,,5,,7.2,5.8,Passed,8.3,5.8,4
SP2025,SP2025-class 19,10,1905AIBAIE,,,6,,6.4,7,Passed,8.4,8.9,7.3
SP2025,SP2025-class 19,11,1905AIBJDC,,,6,,8.2,7.4,Passed,8.9,8.8,6.7
SP2025,SP2025-class 19,12,1905AIBJCG,,,4,,7.4,5,Passed,8.3,7,1.5
SP2025,SP2025-class 19,13,1905AIFDHI,,,4,,0,2.3,Is Susspended,7.9,6.6,0
SP2025,SP2025-class 19,14,1905AIBAID,,,6,,7.2,7.4,Passed,8.9,8.9,7.7
SP2025,SP2025-class 19,15,1905AIBJBJ,,,6,,6,5.9,Passed,7.7,6.9,4.8
SP2025,SP2025-class 19,16,1905AIBAJD,,,4,,7.6,5.8,Passed,8.4,7,4
SP2025,SP2025-class 19,17,1905AIBBJE,,,5,,9.4,5.6,Passed,7.8,6.8,1.1
SP2025,SP2025-class 19,18,1905AIBBAG,,,6,,8.2,7.4,Passed,7.8,5.3,8
SP2025,SP2025-class 19,19,1905AIBJCE,,,5.5,,5.4,5.3,Passed,7.9,7,3.5
SP2025,SP2025-class 19,20,1905AIBADA,,,6,,5.4,5.3,Passed,8.5,7.5,2.8
SP2025,SP2025-class 19,21,1905AICJCA,,,6.5,,5.6,5.6,Passed,7.8,6.3,4.2
SP2025,SP2025-class 19,22,1905AIBJDI,,,6,,8.2,7.8,Passed,8.9,8.5,7.9
SP2025,SP2025-class 19,23,1905AIBAIJ,,,5,,7.8,6.4,Passed,8.8,7.8,4.8
SP2025,SP2025-class 19,24,1905AICFIG,,,5,,0,2.6,Attendance Fail,8.5,5,0.7
SP2025,SP2025-class 19,25,1905AIBBCF,,,4,,7.2,6.3,Passed,6.7,7.6,6.5
SP2025,SP2025-class 19,26,1905AIBJEA,,,5.5,,5.2,5.5,Passed,8.6,7,4.4
SP2025,SP2025-class 19,27,1905AIBJJE,,,1,,0,1.3,Attendance Fail,4.4,6.5,0
SP2025,SP2025-class 19,28,1905AIBAAA,,,6,,7.2,7.7,Passed,7.9,8.9,9
SP2025,SP2025-class 19,29,1905AIBABE,,,4,,6,5.4,Passed,7.6,7.8,4.1
SP2025,SP2025-class 19,30,1905AIDJJA,,,5.5,,7.8,7,Passed,8.6,7.8,6.5
SP2025,SP2025-class 19,31,1905AGCDAG,,,0,,0,0,Attendance Fail,0,0,0
SP2025,SP2025-class 19,32,1905AICDCJ,,,4,,7.2,5.4,Passed,7.2,7.8,3
SP2025,SP2025-class 19,33,1905AIBABH,,,5,,6,5,Passed,6.9,6.8,2.6
SP2025,SP2025-class 19,34,1905AIBCIE,,,5.5,,7,6.3,Passed,8.1,7.6,5
SP2025,SP2025-class 19,35,1905AICDJD,,,4,,8.2,5.5,Passed,6.9,7.5,2.8
SP2025,SP2025-class 20,1,1905AIBCCB,,,8.8,,5.6,6,Passed,8.5,8.5,2.9
SP2025,SP2025-class 20,2,1905AIBGEI,,,8.5,,4.8,5.7,Passed,8.7,7.5,3
SP2025,SP2025-class 20,3,1905AIBDCH,,,9,,4.6,5,Passed,8.5,8.4,0.6
SP2025,SP2025-class 20,4,1905AIBCJF,,,9.5,,7.4,7,Passed,8.7,7.3,4.1
SP2025,SP2025-class 20,5,1905AGBFGC,,,0,,0,0.9,Attendance Fail,0,0,2.9
SP2025,SP2025-class 20,6,1905AIBDAA,,,8.8,,9.6,8.8,Passed,8.5,8.7,8.2
SP2025,SP2025-class 20,7,1905AIBBEA,,,9.5,,8,8.4,Passed,9.1,9.7,7.5
SP2025,SP2025-class 20,8,1905AICGDC,,,9,,8,7.8,Passed,9.3,9.3,5.9
SP2025,SP2025-class 20,9,1905AIBBDH,,,9.7,,8,8.8,Passed,9.3,9.8,8.4
SP2025,SP2025-class 20,10,1905AIBEBC,,,9.8,,8.6,8.8,Passed,9.4,9.9,7.9
SP2025,SP2025-class 20,11,1905AIBDAC,,,9.6,,9,8.3,Passed,8.7,9.1,6.2
SP2025,SP2025-class 20,12,1905AIBBIJ,,,9,,8,7.2,Passed,8.5,8.3,4.5
SP2025,SP2025-class 20,13,1905AIFEID,,,9,,7,6.6,Passed,8.5,8,3.6
SP2025,SP2025-class 20,14,1905AIBBEJ,,,9.6,,7.4,8,Passed,9.3,9.7,6.5
SP2025,SP2025-class 20,15,1905AHBJEI,,,0,,0,0,Attendance Fail,0,0,0
SP2025,SP2025-class 20,16,1905AIBCBA,,,8.7,,7.6,7.3,Passed,8.9,9.4,5
SP2025,SP2025-class 20,17,1905AIBHJD,,,8.9,,5.6,7.5,Passed,8.6,9.4,7.4
SP2025,SP2025-class 20,18,1905AIBDAH,,,9.3,,4.2,6,Passed,8.5,8.6,4
SP2025,SP2025-class 20,19,1905AIJCGG,,,9.5,,8.2,8.5,Passed,9.1,9.6,7.5
SP2025,SP2025-class 20,20,1905AIDEAI,,,8,,7.4,6.5,Passed,8.6,8.1,3.4
SP2025,SP2025-class 20,21,1905AIBCJJ,,,8.5,,6.6,7,Passed,8.5,8.8,5.3
SP2025,SP2025-class 20,22,1905AIBEHD,,,9.6,,8.4,8.5,Passed,9.1,9.3,7.4
SP2025,SP2025-class 20,23,1905AICCBA,,,8.5,,6.6,7.1,Passed,8.5,8.8,5.5
SP2025,SP2025-class 20,24,1905AIBCEC,,,9.7,,6.6,6.2,Passed,8.7,7.8,2.2
SP2025,SP2025-class 20,25,1905AIBDAJ,,,9.7,,8.4,9.4,Passed,9.4,9.9,9.9
SP2025,SP2025-class 20,26,1905AIBCAG,,,9.5,,8.6,7.3,Passed,8.8,9,3.6
SP2025,SP2025-class 20,27,1905AIBCDB,,,8.5,,8.6,7.6,Passed,8.6,8.4,5.4
SP2025,SP2025-class 20,28,1905AIBBFD,,,8.8,,6.8,6.3,Passed,8.4,8.4,2.8
SP2025,SP2025-class 20,29,1905AIBCEJ,,,8.8,,7.4,5.7,Passed,8.4,6,1
SP2025,SP2025-class 20,30,1905AIBCID,,,9,,6.2,7.9,Passed,8.6,9,8.2
SP2025,SP2025-class 20,31,1905AIBCFJ,,,8,,7.2,6.2,Passed,7.9,8.6,2.6
SP2025,SP2025-class 20,32,1905AIBDJJ,,,8,,7.6,6.3,Passed,7.9,7.6,2.9
SP2025,SP2025-class 20,33,1905AIBBDG,,,7.8,,6,5,Passed,7.8,6.1,1
SP2025,SP2025-class 20,34,1905AIBCEB,,,9.8,,8.6,8.7,Passed,9.4,9.8,7.5
SP2025,SP2025-class 20,35,1905AIJAFD,,,9.5,,8,8.4,Passed,9.1,9.8,7.4
SP2025,SP2025-class 21,1,1905AIBEEE,,,9,,4.8,6.4,Passed,8,8.7,5
SP2025,SP2025-class 21,2,1905AIBGAH,,,8.7,,6.4,6,Passed,7.9,9.1,2.3
SP2025,SP2025-class 21,3,1905AICCJF,,,8.5,,7.8,7.5,Passed,8,7.4,6.5
SP2025,SP2025-class 21,4,1905AIBGAF,,,8.5,,7.6,7.5,Passed,8.3,8.9,5.9
SP2025,SP2025-class 21,5,1905AIBEGH,,,8.3,,4.4,5.4,Passed,7.7,7.6,3
SP2025,SP2025-class 21,6,1905AHJGEJ,,,8.5,,6.6,5.6,Passed,7.9,8.6,1
SP2025,SP2025-class 21,7,1905AIBFJE,,,9.5,,7.4,7.7,Passed,8.6,9.3,6
SP2025,SP2025-class 21,8,1905AIBFEJ,,,9,,8,7.1,Passed,8.3,8.7,4
SP2025,SP2025-class 21,9,1905AIBFDG,,,9,,8.4,8,Passed,7.9,9.2,6.5
SP2025,SP2025-class 21,10,1905AICJEA,,,8.3,,6.2,6.9,Passed,8.1,9.3,5.5
SP2025,SP2025-class 21,11,1905AIBFCC,,,0,,0,0.8,Attendance Fail,7.8,0,0
SP2025,SP2025-class 21,12,1905AIBFGF,,,9,,6.2,6.6,Passed,8.6,9.4,3.9
SP2025,SP2025-class 21,13,1905AIBIGF,,,8.2,,8.2,7.7,Passed,7.9,8.2,6.5
SP2025,SP2025-class 21,14,1905AIBEAD,,,8.5,,6.8,6.1,Passed,8.3,7.9,2.6
SP2025,SP2025-class 21,15,1905AHDAEC,,,0,,0,0,Attendance Fail,0,0,0
SP2025,SP2025-class 21,16,1905AICBIC,,,8.3,,6.2,6.1,Passed,7.7,9,2.9
SP2025,SP2025-class 21,17,1905AIBFAI,,,9,,8,6.9,Passed,8.5,8.1,3.6
SP2025,SP2025-class 21,18,1905AGAEBF,,,0,,0,0,Attendance Fail,0,0,0
SP2025,SP2025-class 21,19,1905AIBFFE,,,8.5,,0,2.5,Attendance Fail,8.3,0,0
SP2025,SP2025-class 21,20,1905AICAEE,,,9.5,,8,8.8,Passed,9.3,9.8,8.5
SP2025,SP2025-class 21,21,1905AHDBBF,,,9,,7.6,7.5,Passed,8.3,9.1,5.5
SP2025,SP2025-class 21,22,1905AIBEEB,,,8.8,,7.8,6.9,Passed,8.1,8.2,3.9
SP2025,SP2025-class 21,23,1905AHAGBF,,,0,,0,1,Attendance Fail,7.8,1.7,0
SP2025,SP2025-class 21,24,1905AIBGBD,,,8.5,,6.2,7,Passed,8.3,8,5.9
SP2025,SP2025-class 21,25,1905AIBFEH,,,8.5,,7.2,6.9,Passed,7.8,9,4.5
SP2025,SP2025-class 21,26,1905AIBDGB,,,8.3,,8.6,7.4,Passed,7.8,7.8,5.4
SP2025,SP2025-class 21,27,1905AIBFCJ,,,9,,7.2,6.9,Passed,8.6,9.4,3.9
SP2025,SP2025-class 21,28,1905AHJEGB,,,8.8,,7.8,6.2,Passed,8.1,7.8,1.6
SP2025,SP2025-class 21,29,1905AIBGEE,,,9.3,,4.6,5.9,Passed,8.6,9,2.9
SP2025,SP2025-class 21,30,1905AHAFFG,,,0,,0,0,Attendance Fail,0,0,0
SP2025,SP2025-class 21,31,1905AIBGJA,,,8.7,,5.2,5.6,Passed,8.1,8.4,2.2
SP2025,SP2025-class 21,32,1905AIBGBH,,,8.5,,8.2,8,Passed,8.3,8.3,7.4
SP2025,SP2025-class 21,33,1905AIBFCG,,,9.3,,7.6,7.6,Passed,8.4,9,5.7
SP2025,SP2025-class 21,34,1905AIBGGI,,,8.5,,5.6,7.2,Passed,8.3,7.8,7.4
SP2025,SP2025-class 21,35,1905AIBHJE,,,8.5,,6.6,6.6,Passed,7.9,8.8,4
SP2025,SP2025-class 22,1,1905AIBIJC,,,1,,0,1.7,Attendance Fail,8,6.6,0
SP2025,SP2025-class 22,2,1905AIBIAJ,,,6,,9,7.5,Passed,8.7,8,6.4
SP2025,SP2025-class 22,3,1905AIBIFD,,,5,,6.6,5.9,Passed,8.4,8.3,4.2
SP2025,SP2025-class 22,4,1905AHAGJA,,,5,,4.8,5.3,Passed,8.4,6.8,4.6
SP2025,SP2025-class 22,5,1905AIBHEJ,,,3,,8.6,6.9,Passed,8.4,7.6,7.1
SP2025,SP2025-class 22,6,1905AICJJJ,,,5,,8.4,7.6,Passed,8.7,8.5,8
SP2025,SP2025-class 22,7,1905AIDFGC,,,8,,7.8,7.4,Passed,9.4,6.8,6
SP2025,SP2025-class 22,8,1905AIBHDE,,,3,,0,2.5,Not Passed,8.6,7.6,0.9
SP2025,SP2025-class 22,9,1905AHDIIG,,,7.5,,7.6,7,Passed,9,5,5.9
SP2025,SP2025-class 22,10,1905AGBGAG,,,0,,0,0,Attendance Fail,0,0,0
SP2025,SP2025-class 22,11,1905AHBHEJ,,,5,,5.2,5.9,Passed,7,5,7.2
SP2025,SP2025-class 22,12,1905AIBHFG,,,8,,7.4,7.8,Passed,8.6,8,7.8
SP2025,SP2025-class 22,13,1919AGJDDJ,,,1,,0,1.6,Is Susspended,8.1,6,0
SP2025,SP2025-class 22,14,1905AICFAE,,,1,,7.2,5.1,Passed,8.1,7.8,3.8
SP2025,SP2025-class 22,15,1705AIJJIH,,,6,,7.2,5.8,Passed,8.1,6.5,3.2
SP2025,SP2025-class 22,16,1905AIBHCG,,,3,,0,2.2,Not Passed,8.3,7.6,0
SP2025,SP2025-class 22,17,1905AICJEJ,,,7.5,,5,5.7,Passed,8.9,7.8,3.4
SP2025,SP2025-class 22,18,1905AHCACC,,,6,,7.6,5.8,Passed,7.2,7.8,2.7
SP2025,SP2025-class 22,19,1905AHCEGD,,,0,,0,0,Attendance Fail,0,0,0
SP2025,SP2025-class 22,20,1905AHDDJG,,,0,,0,0,Attendance Fail,0,0,0
SP2025,SP2025-class 22,21,1905AIBIIC,,,5,,6.8,6.6,Passed,9.1,7.6,6.4
SP2025,SP2025-class 22,22,1905AIBIBC,,,6,,9.6,6.3,Passed,8.6,6.3,2.4
SP2025,SP2025-class 22,23,1905AIDHJJ,,,7.5,,7.8,7.8,Passed,8.1,7.9,7.9
SP2025,SP2025-class 22,24,1905AIBIGH,,,5,,8,6.5,Passed,9.3,8,4.5
SP2025,SP2025-class 22,25,1905AICJJH,,,6.5,,8.4,8,Passed,9.3,8.8,7.9
SP2025,SP2025-class 22,26,1905AIAABE,,,5,,5.4,4.8,Not Passed,7.6,7.6,2.1
SP2025,SP2025-class 22,27,1905AHDFHH,,,0,,0,0,Attendance Fail,0,0,0
SP2025,SP2025-class 22,28,1905AIAJDD,,,7,,7.4,6.8,Passed,8.5,5.5,6
SP2025,SP2025-class 22,29,1905AIBIGI,,,5,,8,7.8,Passed,8.7,8.9,8.9
SP2025,SP2025-class 22,30,1905AIAJCD,,,7,,7.6,6.8,Passed,7.9,7.1,5.5
SP2025,SP2025-class 22,31,1905AIJFJG,,,8,,8.4,7.9,Passed,9.3,8.9,6.4
SP2025,SP2025-class 22,32,1905AIDFBC,,,5,,3.8,3.6,Not Passed,7.6,5,0.6
SP2025,SP2025-class 22,33,1905AIBIBE,,,5,,7,6.5,Passed,8.6,7.8,6
SP2025,SP2025-class 22,34,1905AIAJFE,,,7,,8.4,7.1,Passed,8.1,7,5.5
SP2025,SP2025-class 22,35,1905AIBHEG,,,3,,6,5.8,Passed,9.1,7.6,5.6
SP2025,SP2025-class 23,1,1905AICAAI,,,9.6,,8.6,8.8,Passed,9.5,9.9,7.8
SP2025,SP2025-class 23,2,1905AICAJI,,,8.1,,8.6,7.8,Passed,8.1,8.7,6.4
SP2025,SP2025-class 23,3,1905AICCJJ,,,7.5,,5.6,6.8,Passed,7.8,7.6,6.9
SP2025,SP2025-class 23,4,1905AICBGD,,,9.3,,7.2,7.4,Passed,8.9,9,5.4
SP2025,SP2025-class 23,5,1905AHJAIA,,,9,,4.8,7.6,Passed,8.8,8.4,8.9
SP2025,SP2025-class 23,6,1905AHJAHB,,,9,,6.2,5.2,Passed,8.5,6.5,0.2
SP2025,SP2025-class 23,7,1905AICABJ,,,3,,6.2,4.3,Not Passed,3,6.3,3
SP2025,SP2025-class 23,8,1905AHDCII,,,8.8,,6,6.8,Passed,8.6,8.3,5.2
SP2025,SP2025-class 23,9,1905AHDBFH,,,0,,0,0,Not Passed,0,0,0
SP2025,SP2025-class 23,10,1705AIJAEC,,,9.5,,7.6,7.6,Passed,8.9,9.2,5.4
SP2025,SP2025-class 23,11,1905AICEBD,,,9.3,,5.6,6.3,Passed,8.9,6.7,4
SP2025,SP2025-class 23,12,1905AHEJJC,,,7.6,,8.2,7.6,Passed,7.9,9.3,6.5
SP2025,SP2025-class 23,13,1905AIBECF,,,7.8,,8,7.5,Passed,7.6,8.9,6.2
SP2025,SP2025-class 23,14,1905AICBDD,,,8.1,,7.6,6.8,Passed,7.7,8.5,4.3
SP2025,SP2025-class 23,15,1905AHDGJB,,,9.5,,7,6.6,Passed,8.9,8.8,2.9
SP2025,SP2025-class 23,16,1905AGBHIJ,,,0,,0,0,Attendance Fail,0,0,0
SP2025,SP2025-class 23,17,1905AHJACH,,,9,,8.2,8,Passed,9.1,9.2,6.3
SP2025,SP2025-class 23,18,1905AICBID,,,8.8,,7.6,6.6,Passed,8.6,8.2,2.9
SP2025,SP2025-class 23,19,1905AHBJHJ,,,9,,8.4,7.9,Passed,9.1,9.5,5.7
SP2025,SP2025-class 23,20,1905AIDFDG,,,7.6,,6.6,5.9,Passed,7.6,7.6,2.9
SP2025,SP2025-class 23,21,1905AICAAF,,,9.5,,5.8,6.7,Passed,8.9,7.1,5
SP2025,SP2025-class 23,22,1905AIDFCC,,,7.6,,7,5.9,Passed,7.3,8,2.6
SP2025,SP2025-class 23,23,1905AHBCFI,,,9.3,,5.2,6,Passed,8.9,8.3,2.9
SP2025,SP2025-class 23,24,1905AICBIF,,,0,,0,0,Attendance Fail,0,0,0
SP2025,SP2025-class 23,25,1905AHDJDI,,,9,,8.8,7.7,Passed,8.9,9.3,4.9
SP2025,SP2025-class 23,26,1905AGCCHC,,,7.5,,5,5.5,Passed,7.8,8,3
SP2025,SP2025-class 23,27,1905AHBCJF,,,9.5,,8.8,7.8,Passed,9.1,9.2,4.7
SP2025,SP2025-class 23,28,1905AFAJGB,,,0,,0,0,Attendance Fail,0,0,0
SP2025,SP2025-class 23,29,1905AIBFCE,,,9.5,,7.4,7.3,Passed,8.7,8.4,5
SP2025,SP2025-class 24,1,1905AHCFDH,,,5.5,,9,7.8,Passed,9.3,7.1,7.9
SP2025,SP2025-class 24,2,1905AICDFF,,,6.5,,5.8,5.7,Passed,8.1,6.9,3.9
SP2025,SP2025-class 24,3,1905AHDFEB,,,5.5,,6,4.7,Not Passed,9.4,8.3,0.1
SP2025,SP2025-class 24,4,1905AICEAD,,,7.5,,0,2.7,Attendance Fail,5.8,5.8,0
SP2025,SP2025-class 24,5,1905AICEID,,,7,,7.2,6,Passed,8.4,7.5,2.9
SP2025,SP2025-class 24,6,1905AICJGD,,,6.5,,6.6,5.3,Passed,9.3,7.2,1.1
SP2025,SP2025-class 24,7,1905AICEAB,,,7.5,,0,3.1,Attendance Fail,9.2,7,0
SP2025,SP2025-class 24,8,1905AICEIA,,,6.5,,7.2,6.4,Passed,9.6,7.6,4
SP2025,SP2025-class 24,9,1905AICEGB,,,6.5,,6.6,5.8,Passed,9.4,7.2,2.9
SP2025,SP2025-class 24,10,1905AICEEJ,,,6.5,,0,2.8,Not Passed,7.8,6.9,0
SP2025,SP2025-class 24,11,1905AIDAJC,,,7.5,,7.6,7,Passed,8.5,8,5.3
SP2025,SP2025-class 24,12,1905AICFJJ,,,5.5,,6.2,6,Passed,8.4,6.9,4.9
SP2025,SP2025-class 24,13,1905AIDAFI,,,7.5,,6.8,6.9,Passed,7.8,7.9,5.9
SP2025,SP2025-class 24,14,1905AIJEEB,,,5.5,,7.6,5.8,Passed,7.8,6.8,3.2
SP2025,SP2025-class 24,15,1905AICFBG,,,8,,8.2,8.1,Passed,9.6,9.2,7.1
SP2025,SP2025-class 24,16,1905AICEJH,,,6.5,,8.6,7,Passed,9.7,7.2,4.9
SP2025,SP2025-class 24,17,1905AICFAA,,,5.5,,7.6,6.1,Passed,8.4,6.9,3.9
SP2025,SP2025-class 24,18,1905AICDHI,,,7,,5.2,5,Passed,7.8,7.9,1.6
SP2025,SP2025-class 24,19,1905AIBHGF,,,5.5,,7.6,7,Passed,7.7,6.7,7.2
SP2025,SP2025-class 24,20,1905AICCDB,,,5.5,,6.6,5.1,Passed,7.8,6.9,1.7
SP2025,SP2025-class 24,21,1905AICEIC,,,0,,0,0,Attendance Fail,0,0,0
SP2025,SP2025-class 24,22,1905AICEEI,,,8,,8.2,7.4,Passed,9.4,9.2,4.9
SP2025,SP2025-class 24,23,1905AICFAG,,,8,,7.6,8.1,Passed,9.6,9.2,7.8
SP2025,SP2025-class 24,24,1905AIDBHA,,,7.5,,8.2,7.8,Passed,8.6,8,7.4
SP2025,SP2025-class 24,25,1905AICFAJ,,,7.5,,6.8,6.7,Passed,7.6,7.8,5.5
SP2025,SP2025-class 24,26,1905AIBFJJ,,,5.5,,7.6,5.4,Passed,7.7,6.7,2.1
SP2025,SP2025-class 24,27,1905AICDDE,,,5.5,,7,6.2,Passed,9,7.3,4.6
SP2025,SP2025-class 24,28,1905AIJEFJ,,,5.5,,7.6,5.4,Passed,7.8,6.8,1.9
SP2025,SP2025-class 24,29,1905AICEEE,,,8,,7.6,7.2,Passed,9,9.1,4.9
SP2025,SP2025-class 24,30,1905AICEHF,,,7,,4.4,5.4,Passed,8.3,8,3.6
SP2025,SP2025-class 24,31,1905AICDEH,,,8,,8.4,8.1,Passed,9.7,9.2,7
SP2025,SP2025-class 24,32,1905AICEHH,,,7,,4,5.5,Passed,9.2,8.1,3.9
SP2025,SP2025-class 24,33,1905AICDHG,,,7,,7.8,6.6,Passed,7.8,7.9,4.4
SP2025,SP2025-class 24,34,1905AICFJD,,,7,,6.2,5.9,Passed,8.4,8,3.5
SP2025,SP2025-class 24,35,1905AICDHF,,,8,,8.2,7.9,Passed,9.4,9.2,6.7
SP2025,SP2025-class 25,1,1905AICGHC,,,6,,8.4,6.8,Passed,8.5,7.3,5
SP2025,SP2025-class 25,2,1905AGADAE,,,7,,7.8,5.7,Passed,8.8,5.6,1.6
SP2025,SP2025-class 25,3,1905AHBCCI,,,3,,4,3.7,Not Passed,9,6.8,1
SP2025,SP2025-class 25,4,1905AICFEF,,,7,,8.4,7.1,Passed,9.5,8.4,4.7
SP2025,SP2025-class 25,5,1905AICGDA,,,8,,7,6.9,Passed,9.3,7.6,4.9
SP2025,SP2025-class 25,6,1905AGBDIB,,,0,,0,0.6,Attendance Fail,0,5.6,0
SP2025,SP2025-class 25,7,1905AICGCD,,,8,,8.2,7.2,Passed,9,7.7,5
SP2025,SP2025-class 25,8,1905AICGAI,,,9,,7.8,7.6,Passed,9,8.2,5.7
SP2025,SP2025-class 25,9,1905AICHDE,,,7,,7.4,6.3,Passed,8.3,6.8,4
SP2025,SP2025-class 25,10,1905AIBGEB,,,6,,8.4,7.8,Passed,9.5,8.5,7.5
SP2025,SP2025-class 25,11,1905AIBDEH,,,7,,7.2,7.3,Passed,8.5,8.2,6.9
SP2025,SP2025-class 25,12,1905AICCAG,,,3,,6.6,4,Not Passed,4.8,6.4,1
SP2025,SP2025-class 25,13,1905AHBFGH,,,0,,0,0.6,Attendance Fail,4.5,1,0
SP2025,SP2025-class 25,14,1905AICGCH,,,8,,6.8,6.4,Passed,8.8,7.2,4
SP2025,SP2025-class 25,15,1905AHJDBC,,,3,,0,3.4,Attendance Fail,0,1.6,8.9
SP2025,SP2025-class 25,16,1905AICICH,,,7,,7.8,6.6,Passed,9,8.5,3.8
SP2025,SP2025-class 25,17,1905AGBDCE,,,7,,8,6.1,Passed,9.5,6.6,2.3
SP2025,SP2025-class 25,18,1905AICFFD,,,7,,5,5.5,Passed,9,7.8,3
SP2025,SP2025-class 25,19,1905AICFCH,,,8,,8.6,7.8,Passed,9,7.8,6.6
SP2025,SP2025-class 25,20,1905AICHCA,,,6,,9,8.4,Passed,9.5,8.3,9
SP2025,SP2025-class 25,21,1905AFJEBD,,,7,,5.6,5.3,Passed,4.8,6,3.9
SP2025,SP2025-class 25,22,1905AICGGH,,,7,,7.4,7.3,Passed,9.5,8.7,6.1
SP2025,SP2025-class 25,23,1905AICGEB,,,6,,6.8,5.8,Passed,9.3,8.5,2.5
SP2025,SP2025-class 25,24,1905AICFGA,,,6,,6.8,5.8,Passed,9.3,7.2,2.9
SP2025,SP2025-class 25,25,1905AICFGI,,,8,,7.6,8,Passed,9,8.7,7.9
SP2025,SP2025-class 25,26,1905AIJBEJ,,,8,,8.4,8.6,Passed,9.3,8.7,8.9
SP2025,SP2025-class 25,27,1905AEJCAG,,,7,,0,2.5,Not Passed,6.3,4.8,0
SP2025,SP2025-class 25,28,1905AICGBB,,,6,,7.8,6.2,Passed,8.5,6.8,3.9
SP2025,SP2025-class 25,29,1905AICABC,,,7,,5.4,6.8,Passed,9,8.2,6.9
SP2025,SP2025-class 25,30,1905AHDGFH,,,2,,5.8,3.7,Not Passed,9,4.8,0.5
SP2025,SP2025-class 25,31,1905AGCAGG,,,0,,0,0.4,Attendance Fail,0,3.8,0
SP2025,SP2025-class 25,32,1905AICFHG,,,9,,7.6,7.8,Passed,9.5,8.2,6.5
SP2025,SP2025-class 25,33,1905AICHBE,,,6,,7.8,6,Passed,9.5,6.6,2.7
SP2025,SP2025-class 25,34,1905AICEBI,,,8,,6.8,6.1,Passed,9.5,6,2.9
SP2025,SP2025-class 25,35,1905AGAEJD,,,7,,4,4,Not Passed,4.8,7.9,0.5
SP2025,SP2025-class 26,1,1905AHCCDA,,,8,,7.6,6,Passed,8.1,5.4,2.6
SP2025,SP2025-class 26,2,1905AICIDC,,,0,,0,0,Attendance Fail,0,0,0
SP2025,SP2025-class 26,3,1905AICHGH,,,0,,0,0,Attendance Fail,0,0,0
SP2025,SP2025-class 26,4,1905AICICC,,,0,,0,0,Attendance Fail,0,0,0
SP2025,SP2025-class 26,5,1905AICIIG,,,8,,4.2,5.7,Passed,4.7,5.4,6.1
SP2025,SP2025-class 26,6,1905AICGIH,,,6,,6.4,6.6,Passed,9.3,7.4,6
SP2025,SP2025-class 26,7,1905AIJFGG,,,7,,8.4,7.4,Passed,8.4,8.2,5.9
SP2025,SP2025-class 26,8,1905AIJJAA,,,9,,8.6,8.3,Passed,7.5,10,7.2
SP2025,SP2025-class 26,9,1905AICHEJ,,,6,,8.2,6.9,Passed,8.9,7.2,5.5
SP2025,SP2025-class 26,10,1905AIDCIG,,,0,,5.4,5.6,Not Passed,9.4,5.4,8.2
SP2025,SP2025-class 26,11,1905AICIEG,,,7,,4.2,4.1,Not Passed,7.3,4,1
SP2025,SP2025-class 26,12,1905AIDFAF,,,8,,6.6,6.1,Passed,4.5,7.2,4.6
SP2025,SP2025-class 26,13,1905AIDJDD,,,9,,8.4,8.6,Passed,8.9,9.4,8.2
SP2025,SP2025-class 26,14,1905AIDJCC,,,0,,0,0,Attendance Fail,0,0.4,0
SP2025,SP2025-class 26,15,1905AICIHI,,,7,,6.4,5.6,Passed,8.3,6.4,2.7
SP2025,SP2025-class 26,16,1905AICIHF,,,9,,8,8.2,Passed,8.9,8.6,7.5
SP2025,SP2025-class 26,17,1905AICIFJ,,,7,,7.2,6.3,Passed,7.8,7.6,3.9
SP2025,SP2025-class 26,18,1905AIDJFH,,,9,,8.2,8.3,Passed,8,8.6,7.9
SP2025,SP2025-class 26,19,1905AIDJGI,,,6,,0,2.2,Not Passed,3.8,6.4,0
SP2025,SP2025-class 26,20,1905AIDJEA,,,7,,6.2,5.3,Passed,9.4,5.4,1.9
SP2025,SP2025-class 26,21,1905AICADI,,,6,,8.2,7,Passed,8.6,8.6,5.4
SP2025,SP2025-class 26,22,1905AIDJDB,,,7,,8.2,5.8,Passed,9.5,6.4,1.3
SP2025,SP2025-class 26,23,1905AFJIID,,,6,,9,7.7,Passed,8.1,4.8,8.2
SP2025,SP2025-class 26,24,1905AICICF,,,8,,6,6.1,Passed,6.2,7,4.6
SP2025,SP2025-class 26,25,1905AIDJBD,,,0,,6.6,3.2,Not Passed,7.2,3,0.6
SP2025,SP2025-class 26,26,1905AHDIHC,,,9,,6.8,5.8,Passed,4.8,6.6,2.6
SP2025,SP2025-class 26,27,1905AIBIIF,,,6,,7.8,6.6,Passed,9.3,6.2,5
SP2025,SP2025-class 26,28,1905AIDJGC,,,6,,6.2,6.3,Passed,8.5,7.6,5.5
SP2025,SP2025-class 26,29,1905AICGHD,,,7,,7.4,6.4,Passed,8.9,7,4
SP2025,SP2025-class 26,30,1905AICGGI,,,9,,8.2,8,Passed,9,7.8,7
SP2025,SP2025-class 26,31,1905AIDJFD,,,6,,0,2.3,Not Passed,5.8,5.2,0
SP2025,SP2025-class 26,32,1905AIFDGD,,,8,,7.2,7.2,Passed,9.4,9.6,5.1
SP2025,SP2025-class 26,33,1905AIDJJG,,,7,,7.2,5.9,Passed,9.3,7.4,2.1
SP2025,SP2025-class 26,34,1905AIJFHA,,,9,,8.2,7.3,Passed,9,8.4,4.4
SP2025,SP2025-class 26,35,1905AIDADJ,,,0,,0,0.1,Attendance Fail,0,1.4,0
SP2025,SP2025-class 27,1,1905AIDJEB,,,9,,4.4,6.1,Passed,8.5,6.6,4.8
SP2025,SP2025-class 27,2,1905AIFCBG,,,9.7,,7.4,8,Passed,9.4,9.7,6.5
SP2025,SP2025-class 27,3,1905AIDACH,,,7.5,,7.8,7.1,Passed,7,9.1,5.5
SP2025,SP2025-class 27,4,1905AIDAGD,,,8.5,,9,7.3,Passed,8.4,8.8,4
SP2025,SP2025-class 27,5,1905AIBCJI,,,9,,8.2,8.3,Passed,8.8,8.9,7.6
SP2025,SP2025-class 27,6,1905AIDBDE,,,9,,7.8,7.4,Passed,8.6,9.1,5
SP2025,SP2025-class 27,7,1905AIJJJA,,,9,,8,8.4,Passed,8.3,9.6,8
SP2025,SP2025-class 27,8,1905AIFDCG,,,8.5,,8.2,7.9,Passed,8.3,9.6,6.6
SP2025,SP2025-class 27,9,1905AIDBJC,,,7.8,,7.6,7.2,Passed,7.5,9.2,5.5
SP2025,SP2025-class 27,10,1905AIDAIH,,,8,,6.4,6.1,Passed,6.9,8.9,3.5
SP2025,SP2025-class 27,11,1905AHBDAH,,,9,,6.2,5.8,Passed,8.9,9.7,1
SP2025,SP2025-class 27,12,1905AIDAGA,,,6.5,,6.2,5.6,Passed,6.2,8.5,3.2
SP2025,SP2025-class 27,13,1905AIDAGF,,,9.3,,8,6.7,Passed,9.3,9.7,1.7
SP2025,SP2025-class 27,14,1905AIDBBC,,,8.3,,6.6,6.9,Passed,8.5,8,5.5
SP2025,SP2025-class 27,15,1905AIDADA,,,0,,0,0,Attendance Fail,0,0,0
SP2025,SP2025-class 27,16,1905AIDBCD,,,8.3,,6.4,6.3,Passed,8,7.3,4
SP2025,SP2025-class 27,17,1905AIDAJF,,,7.5,,4.6,5.5,Passed,7,7.2,3.9
SP2025,SP2025-class 27,18,1905AIJCJB,,,9.5,,8,8.8,Passed,9.4,9.6,8.5
SP2025,SP2025-class 27,19,1905AIDBCC,,,9.5,,8.4,7.8,Passed,8.6,8.8,5.4
SP2025,SP2025-class 27,20,1905AIDJHB,,,8.5,,7.6,6.9,Passed,8.4,9.1,4
SP2025,SP2025-class 27,21,1905AIFBIF,,,9,,6.8,6.9,Passed,8.6,9.6,4.2
SP2025,SP2025-class 27,22,1905AIDACD,,,0,,0,0,Attendance Fail,0,0,0
SP2025,SP2025-class 27,23,1905AIBCCF,,,8.5,,7.2,7,Passed,7.9,9.5,4.6
SP2025,SP2025-class 27,24,1905AIDAHA,,,6.7,,5.4,6.9,Passed,6.4,8.9,7.9
SP2025,SP2025-class 27,25,1905AIDAJG,,,7.6,,7.4,6.6,Passed,7.3,8,4.5
SP2025,SP2025-class 27,26,1905AIDJHD,,,8.3,,7.6,6.4,Passed,8,7.7,3
SP2025,SP2025-class 27,27,1905AICEAI,,,9,,9.4,9.3,Passed,8.3,9.6,9.5
SP2025,SP2025-class 27,28,1905AIDAFF,,,9,,7.4,6.4,Passed,8.6,8.1,2.5
SP2025,SP2025-class 27,29,1905AIDAJI,,,5.5,,0,2.1,Attendance Fail,2.5,0,2.6
SP2025,SP2025-class 27,30,1905AIDAEG,,,7.8,,5.8,5.6,Passed,7.4,6.7,2.9
SP2025,SP2025-class 27,31,1905AICEBG,,,7.5,,8,7.3,Passed,7.7,8.7,6
SP2025,SP2025-class 27,32,1905AIDBJI,,,0,,0,0,Attendance Fail,0,0,0
SP2025,SP2025-class 27,33,1905AHBJFJ,,,8,,5.8,6.1,Passed,8.5,7.8,3.6
SP2025,SP2025-class 27,34,1905AIDBAG,,,0,,0,0,Attendance Fail,0,0,0
SP2025,SP2025-class 27,35,1905AIDAEI,,,6.8,,8,7,Passed,6.4,8.3,6
SP2025,SP2025-class 28,1,1905AIDCBE,,,9.5,,4.8,5.9,Passed,8.9,6.9,3.4
SP2025,SP2025-class 28,2,1905AIDCFI,,,7.3,,6.6,6.9,Passed,6.9,8.7,6.4
SP2025,SP2025-class 28,3,1905AIBEEG,,,9.8,,8,7.8,Passed,9.3,9.1,5.2
SP2025,SP2025-class 28,4,1905AICGAA,,,0,,0,0,Attendance Fail,0,0,0
SP2025,SP2025-class 28,5,1905AIDHBI,,,8.6,,6.2,6.1,Passed,8.3,8.9,2.6
SP2025,SP2025-class 28,6,1905AHDCJE,,,0,,0,0,Attendance Fail,0,0,0
SP2025,SP2025-class 28,7,1905AIDDBH,,,7,,5.6,5.9,Passed,7.2,8.6,4
SP2025,SP2025-class 28,8,1905AIBIDG,,,8,,7.8,7.8,Passed,7.8,8.4,7.4
SP2025,SP2025-class 28,9,1905AIDCEI,,,7,,7,6.2,Passed,7.1,8.6,3.9
SP2025,SP2025-class 28,10,1905AIFEGE,,,8.6,,8.4,8.1,Passed,8.8,8.6,7.1
SP2025,SP2025-class 28,11,1905AIDDDJ,,,7,,7,6.3,Passed,6.8,6.6,4.9
SP2025,SP2025-class 28,12,1905AIDBGG,,,9,,7.4,7.8,Passed,8.4,8.3,7.1
SP2025,SP2025-class 28,13,1905AIDCBA,,,9,,6.8,6,Passed,8.7,7.5,1.9
SP2025,SP2025-class 28,14,1905AIDDBG,,,6.5,,7.6,6.7,Passed,7.2,8.8,5.1
SP2025,SP2025-class 28,15,1905AIBECA,,,9.8,,8.8,9.2,Passed,9.8,9.9,8.9
SP2025,SP2025-class 28,16,1905AHBGBI,,,6.5,,7.4,5.9,Passed,6.5,7.2,3.2
SP2025,SP2025-class 28,17,1905AHJDIC,,,8.5,,7.6,5.9,Passed,8.4,7.9,1.1
SP2025,SP2025-class 28,18,1905AIDBHH,,,0,,0,0,Attendance Fail,0,0,0
SP2025,SP2025-class 28,19,1905AIBDEA,,,0,,0,0,Attendance Fail,0,0,0
SP2025,SP2025-class 28,20,1905AHCCGE,,,9.8,,4.2,5.9,Passed,9.1,7.5,3.5
SP2025,SP2025-class 28,21,1905AIDDJB,,,7.3,,6.4,6.1,Passed,7.2,7.9,4
SP2025,SP2025-class 28,22,1905AIDCCI,,,9.5,,6.2,6.2,Passed,8.9,7.8,2.4
SP2025,SP2025-class 28,23,1905AIDDBD,,,9.8,,7.2,7.7,Passed,9.1,9.5,5.7
SP2025,SP2025-class 28,24,1905AHJFII,,,6.8,,6.4,6.6,Passed,6.8,6.9,6.4
SP2025,SP2025-class 28,25,1905AHDBEC,,,0,,0,0,Attendance Fail,0,0,0
SP2025,SP2025-class 28,26,1905AIDDCG,,,6.8,,5.4,5.1,Passed,6.8,6.7,2.6
SP2025,SP2025-class 28,27,1905AIDDHC,,,8.8,,6,7.1,Passed,8.6,8.7,5.9
SP2025,SP2025-class 28,28,1905AIDBCI,,,9.8,,6,6.1,Passed,9.1,6.3,2.6
SP2025,SP2025-class 28,29,1905AHBAJJ,,,9.5,,0,3.6,Not Passed,8.9,7.7,0
SP2025,SP2025-class 28,30,1905AIDDHH,,,0,,0,0.5,Not Passed,0,5.1,0
SP2025,SP2025-class 28,31,1905AIDCDF,,,0,,0,0,Attendance Fail,0,0,0
SP2025,SP2025-class 28,32,1905AIDDHB,,,0,,0,0,Attendance Fail,0,0,0
SP2025,SP2025-class 28,33,1905AICIHD,,,0,,0,0,Not Passed,0,0,0
SP2025,SP2025-class 28,34,1905AIDCFA,,,0,,0,0.7,Not Passed,6.5,0,0.1
SP2025,SP2025-class 28,35,1905AIDBFA,,,9,,8.4,8.1,Passed,8.9,9,6.5
SP2025,SP2025-class 29,1,1905AGJAII,,,0,,0,0,Attendance Fail,0,0,0
SP2025,SP2025-class 29,2,1905AIJAJB,,,8,,7.8,7.6,Passed,9.5,8,6.4
SP2025,SP2025-class 29,3,1905AGAFHA,,,0,,0,0.9,Attendance Fail,4.5,4.4,0
SP2025,SP2025-class 29,4,1905AIDECC,,,8,,6,6.2,Passed,8.4,7.8,3.9
SP2025,SP2025-class 29,5,1905AHJCDC,,,0,,0,0.3,Attendance Fail,0,2.8,0
SP2025,SP2025-class 29,6,1905AIBIEI,,,5.5,,4.8,5.3,Passed,8.1,6.9,4.1
SP2025,SP2025-class 29,7,1905AIDGJG,,,5.5,,4.6,5.2,Passed,7.4,6.8,4.3
SP2025,SP2025-class 29,8,1905AIJJGJ,,,8,,8.4,7.7,Passed,9.6,8,6
SP2025,SP2025-class 29,9,1905AIJAEE,,,8,,4.2,5.9,Passed,7.9,7.7,4.9
SP2025,SP2025-class 29,10,1905AIDFCH,,,6,,7.4,7.4,Passed,8.1,8.1,7.9
SP2025,SP2025-class 29,11,1905AIBCHB,,,5.5,,8.6,7.3,Passed,7.7,6.8,7.2
SP2025,SP2025-class 29,12,1905AIDEEG,,,6,,8.6,7.7,Passed,8.4,8.1,7.5
SP2025,SP2025-class 29,13,1905AIDGHI,,,6,,7.6,7.3,Passed,9.4,7.6,7.2
SP2025,SP2025-class 29,14,1905AIDCBB,,,6,,6.8,6.3,Passed,8.1,7.3,4.9
SP2025,SP2025-class 29,15,1905AHBHJA,,,0,,0,0.3,Attendance Fail,0,2.6,0
SP2025,SP2025-class 29,16,1905AICIGI,,,5.5,,5,5.7,Passed,4.9,6.8,6.5
SP2025,SP2025-class 29,17,1905AIJDAB,,,0,,0,0.3,Attendance Fail,0,2.8,0
SP2025,SP2025-class 29,18,1905AICDCC,,,5.5,,0,2.8,Not Passed,8.1,6.9,0.6
SP2025,SP2025-class 29,19,1905AIDFFB,,,6,,8.2,6.8,Passed,8.8,8.2,4.9
SP2025,SP2025-class 29,20,1905AIDEEC,,,6,,8.2,6.6,Passed,7.8,8,4.4
SP2025,SP2025-class 29,21,1905AIDEDG,,,6,,6.4,6.2,Passed,8.1,7.3,5.2
SP2025,SP2025-class 29,22,1905AIDGAG,,,5,,4.8,3.8,Not Passed,7.2,6.6,0
SP2025,SP2025-class 29,23,1905AGJBIF,,,5,,6,5,Passed,8.1,7.1,2.1
SP2025,SP2025-class 29,24,1905AIAJAC,,,5,,6,5.4,Passed,7.6,7,3.9
SP2025,SP2025-class 29,25,1905AIDGBB,,,5,,5,4.5,Not Passed,4.8,7,2.6
SP2025,SP2025-class 29,26,1905AHBAAC,,,5.5,,4.2,5.2,Passed,9.2,7.1,3.9
SP2025,SP2025-class 29,27,1905AIJAJD,,,8,,7.4,7.1,Passed,9.7,8,4.9
SP2025,SP2025-class 29,28,1905AIDBEF,,,5.5,,7.4,5.6,Passed,7.6,6.7,2.7
SP2025,SP2025-class 29,29,1905AGCDDB,,,0,,0,0.8,Attendance Fail,3.8,4.2,0
SP2025,SP2025-class 29,30,1905AIDEFJ,,,6,,6.8,5.7,Passed,7.8,7.3,3.2
SP2025,SP2025-class 29,31,1905AHDFIE,,,0,,0,0.8,Attendance Fail,3.8,4.1,0
SP2025,SP2025-class 29,32,1905AIDFDC,,,6,,6.8,5.3,Passed,8.4,7.4,1.6
SP2025,SP2025-class 29,33,1905AIDEIH,,,6,,0,2.9,Not Passed,8.5,8.1,0
SP2025,SP2025-class 29,34,1905AIDGAC,,,6,,5,5.4,Passed,7.2,7.8,4
SP2025,SP2025-class 29,35,1905AGJCEJ,,,0,,0,0,Attendance Fail,0,0,0
SP2025,SP2025-class 30,1,1905AICBBB,,,9.3,,8.2,7.6,Passed,8.9,9.2,5
SP2025,SP2025-class 30,2,1905AIDIJB,,,7.5,,7,6.8,Passed,7,8.6,5.4
SP2025,SP2025-class 30,3,1905AIDIJI,,,7.5,,4.4,5.5,Passed,7.8,8.9,3.5
SP2025,SP2025-class 30,4,1905AIDIDC,,,6,,6.2,5.3,Passed,5.5,7.6,3
SP2025,SP2025-class 30,5,1905AHJBBA,,,0,,0,0.5,Attendance Fail,0,4.5,0
SP2025,SP2025-class 30,6,1905AIBFJB,,,6.3,,6.4,5.1,Passed,6.3,7.4,1.9
SP2025,SP2025-class 30,7,1905AIFCBE,,,6.3,,8.4,7,Passed,5.5,9.2,5.9
SP2025,SP2025-class 30,8,1905AHBGGB,,,0,,0,0,Attendance Fail,0,0,0
SP2025,SP2025-class 30,9,1905AIDIAE,,,8,,4.8,5.8,Passed,8.1,8.8,3.7
SP2025,SP2025-class 30,10,1905AIDDGB,,,9,,8.2,7.6,Passed,8.8,9.3,5
SP2025,SP2025-class 30,11,1905AIFBFI,,,7,,5.4,5.8,Passed,6.3,8.9,4.3
SP2025,SP2025-class 30,12,1905AICCJH,,,7,,7,6.5,Passed,6.9,8,4.9
SP2025,SP2025-class 30,13,1905AIDHEF,,,7.5,,8.2,6.4,Passed,7.8,8.1,2.9
SP2025,SP2025-class 30,14,1905AIFBDC,,,8.5,,7.6,6.9,Passed,8.1,9.2,3.9
SP2025,SP2025-class 30,15,1905AIFBDJ,,,7.8,,7.8,7.4,Passed,7.8,7.5,6.4
SP2025,SP2025-class 30,16,1905AIFBAA,,,8.1,,8.2,7.1,Passed,8.6,9.3,4
SP2025,SP2025-class 30,17,1905AIDHCI,,,0,,0,0,Attendance Fail,0,0,0
SP2025,SP2025-class 30,18,1905AHBFCB,,,9.1,,7.8,7.2,Passed,9.3,9.2,3.9
SP2025,SP2025-class 30,19,1905AIFBEJ,,,7.8,,8.2,6.7,Passed,7.9,7.3,3.9
SP2025,SP2025-class 30,20,1905AIFCJG,,,5.3,,7.4,6.2,Passed,5,8.4,5.2
SP2025,SP2025-class 30,21,1905AFAFAB,,,3,,6,4.7,Not Passed,3,6.2,4.5
SP2025,SP2025-class 30,22,1905AIDHCF,,,7.3,,4.8,4.9,Not Passed,7,7.8,1.9
SP2025,SP2025-class 30,23,1905AIFCBD,,,6.5,,6.6,5,Passed,6.3,8.1,1
SP2025,SP2025-class 30,24,1905AIDHIH,,,7.5,,7.6,6.4,Passed,7.8,8.5,3.4
SP2025,SP2025-class 30,25,1905AIFCBC,,,8.5,,7.8,7,Passed,8.1,9.2,4.2
SP2025,SP2025-class 30,26,1905AHBJGI,,,6.5,,4.4,6.1,Passed,6.3,6.6,7.4
SP2025,SP2025-class 30,27,1905AIDHGD,,,0,,3.2,1.4,Not Passed,0,4.5,0
SP2025,SP2025-class 30,28,1905AICCGA,,,8.7,,6.8,5.9,Passed,8.5,9.2,1.2
SP2025,SP2025-class 30,29,1905AIFBAD,,,8.3,,7,6.6,Passed,8.1,8,4.2
SP2025,SP2025-class 30,30,1905AIFDBJ,,,7.3,,7.4,6.2,Passed,7,7.6,3.5
SP2025,SP2025-class 30,31,1905AIFCAE,,,7.8,,7.2,6.4,Passed,7.8,8,3.8
SP2025,SP2025-class 30,32,1905AIDBFF,,,9.2,,4,5.6,Passed,8.5,7.9,3
SP2025,SP2025-class 30,33,1905AGAIGF,,,3,,3.2,3.3,Not Passed,3,6,2.9
SP2025,SP2025-class 30,34,1905AIDIAH,,,8.1,,6.2,6.6,Passed,8.1,8.4,4.9
SP2025,SP2025-class 30,35,1905AIFDJA,,,6.5,,8.4,6.7,Passed,6.8,8.1,4.6
SP2025,SP2025-class 31,1,1905AIFFED,,,7.5,,7.8,5.8,Passed,7.3,7.3,1.8
SP2025,SP2025-class 31,2,1905AIFFFF,,,6.5,,7,5.3,Passed,8.4,6.5,1.5
SP2025,SP2025-class 31,3,1905AIJCIC,,,6.5,,7.4,6.1,Passed,7.5,8,3.5
SP2025,SP2025-class 31,4,1905AIFDAD,,,7.5,,8.2,7.6,Passed,8.3,7.6,6.7
SP2025,SP2025-class 31,5,1905AIFCCJ,,,7.5,,8.6,8.2,Passed,8.7,9,7.9
SP2025,SP2025-class 31,6,1905AIBEEC,,,6,,7.6,6.7,Passed,9.3,6.9,5.5
SP2025,SP2025-class 31,7,1905AIFDJC,,,6.5,,7.4,7.4,Passed,7.8,8.8,7.4
SP2025,SP2025-class 31,8,1905AIFEIH,,,5,,6.8,5.9,Passed,8.4,8,4
SP2025,SP2025-class 31,9,1905AIFDIH,,,4,,7.2,5.7,Passed,9.4,6.9,3.6
SP2025,SP2025-class 31,10,1905AIFDBG,,,7.5,,8.6,7.4,Passed,8.4,8.3,5.5
SP2025,SP2025-class 31,11,1905AIFEJD,,,4,,8.6,7.9,Passed,9.1,9,8.9
SP2025,SP2025-class 31,12,1905AIFFAJ,,,6,,7.8,6.1,Passed,8.1,8.9,2.8
SP2025,SP2025-class 31,13,1905AIFFJJ,,,3,,6.8,5.8,Passed,8.5,6.8,5.5
SP2025,SP2025-class 31,14,1919AHADAI,,,0,,0,0.4,Attendance Fail,4.4,0,0
SP2025,SP2025-class 31,15,1905AIFDAA,,,6.5,,8.6,7.5,Passed,7.6,8.1,6.9
SP2025,SP2025-class 31,16,1905AIFGBG,,,7.5,,8.4,6.8,Passed,8.3,5,4.7
SP2025,SP2025-class 31,17,1905AGAFJH,,,6.5,,6.8,5.7,Passed,8.1,6.5,2.9
SP2025,SP2025-class 31,18,1905AIFDIF,,,4,,8.6,7.2,Passed,9.4,6.8,7.3
SP2025,SP2025-class 31,19,1905AIFFCJ,,,5,,8.8,7.2,Passed,8.1,6.3,7.2
SP2025,SP2025-class 31,20,1905AIFDJF,,,7.5,,8.4,7.5,Passed,7.6,8,6.4
SP2025,SP2025-class 31,21,1905AHCADG,,,6.5,,4.6,5.9,Passed,8.2,6.8,5.8
SP2025,SP2025-class 31,22,1905AIFEIJ,,,6,,6.8,5.6,Passed,8.4,6.8,2.9
SP2025,SP2025-class 31,23,1905AIBIFI,,,6,,7.8,6.1,Passed,8.3,7.3,3.5
SP2025,SP2025-class 31,24,1905AIFEJF,,,4,,8,5.9,Passed,8.8,6.5,3.9
SP2025,SP2025-class 31,25,1905AIFFGC,,,3,,7.4,4.7,Not Passed,7.8,7.6,1
SP2025,SP2025-class 31,26,1905AIFFEE,,,7.5,,7.8,6.5,Passed,8.6,8.1,3.2
SP2025,SP2025-class 31,27,1905AIBIIH,,,6.5,,7.8,5.7,Passed,7.9,6.8,2
SP2025,SP2025-class 31,28,1905AIBJCA,,,7.5,,8.2,7,Passed,9.1,7.4,4.5
SP2025,SP2025-class 31,29,1905AIBCIC,,,6,,7.4,5.8,Passed,8.1,6.6,3.1
SP2025,SP2025-class 31,30,1905AIDIJJ,,,3,,7.4,6.6,Passed,9,7.8,6.9
SP2025,SP2025-class 31,31,1905AIFEAI,,,7,,8,7.1,Passed,8.5,8.8,5.2
SP2025,SP2025-class 31,32,1905AIFEHG,,,6.5,,8,7.5,Passed,8.9,6.5,7.5
SP2025,SP2025-class 31,33,1905AIFEJB,,,6.5,,7.8,7.5,Passed,8.4,7.9,7.4
SP2025,SP2025-class 31,34,1905AIFFAA,,,6,,6,6,Passed,9,6.8,4.9
SP2025,SP2025-class 31,35,1905AIJBIE,,,6,,7.6,6,Passed,7.8,6.5,3.5
SP2025,SP2025-class 32,1,1905AHCGBD,,,6,,6.6,5.5,Passed,8.6,7.2,2.4
SP2025,SP2025-class 32,2,1905AIBCBJ,,,5.5,,9,5.6,Passed,8.9,7.3,0.5
SP2025,SP2025-class 32,3,1905AIBDFD,,,5.5,,0,2.8,Not Passed,9.3,7.4,0
SP2025,SP2025-class 32,4,1905AIDGFB,,,6,,0,2.8,Not Passed,8.6,7.2,0
SP2025,SP2025-class 32,5,1905AHBEII,,,5,,0,1.1,Attendance Fail,0,1.3,0
SP2025,SP2025-class 32,6,1905AIDGHE,,,0,,0,1,Attendance Fail,8.6,1.7,0
SP2025,SP2025-class 32,7,1905AHCIDA,,,0,,0,0.4,Attendance Fail,3.3,1,0
SP2025,SP2025-class 32,8,1905AHAIDE,,,6,,8.2,6.6,Passed,7.7,7,5
SP2025,SP2025-class 32,9,1905AIDFGD,,,5,,0,2.5,Not Passed,8.1,7,0
SP2025,SP2025-class 32,10,1905AHBHCB,,,9,,0,3,Not Passed,5.9,6.6,0
SP2025,SP2025-class 32,11,1905AIAJJI,,,7.5,,8.2,6.9,Passed,6.9,7.9,5
SP2025,SP2025-class 32,12,1905AICCBD,,,7.5,,8.2,7.2,Passed,9.6,8.3,4.9
SP2025,SP2025-class 32,13,1905AIJCAD,,,5,,6,6,Passed,9.8,7.4,5
SP2025,SP2025-class 32,14,1905AICEGH,,,5.5,,5.4,5.2,Passed,6.4,6.8,3.9
SP2025,SP2025-class 32,15,1905AGAGFG,,,6,,3.6,3.9,Not Passed,7.9,7.1,0.4
SP2025,SP2025-class 32,16,1905AHDAFE,,,5,,4.4,2.7,Not Passed,0,3.9,0
SP2025,SP2025-class 32,17,1905AIBGCI,,,0,,0,0,Attendance Fail,0,0,0
SP2025,SP2025-class 32,18,1905AICDAI,,,7.5,,6,5.3,Passed,8.3,8.1,1.1
SP2025,SP2025-class 32,19,1905AHDGAF,,,9,,6,5.1,Not Passed,7.7,6.9,0
SP2025,SP2025-class 32,20,1905AICHAD,,,5.5,,8.2,5.1,Passed,6.9,6.9,0.5
SP2025,SP2025-class 32,21,1905AHEJJI,,,6,,0,2.6,Not Passed,7.4,7,0
SP2025,SP2025-class 32,22,1905AIAJFA,,,9,,8.8,7.7,Passed,8.1,7,5.7
SP2025,SP2025-class 32,23,1905AIBCGD,,,5.5,,6,5.5,Passed,9.2,7.3,3.3
SP2025,SP2025-class 32,24,1905AHBECC,,,9,,2.8,6.5,Not Passed,8.7,6.9,7.7
SP2025,SP2025-class 32,25,1905AFJEBE,,,7.5,,6.8,6.1,Passed,7.9,8,3.2
SP2025,SP2025-class 32,26,1905AIFFAE,,,9,,8.2,8.1,Passed,9.7,9.4,6.5
SP2025,SP2025-class 32,27,1905AICCGJ,,,0,,0,0,Attendance Fail,0,0,0
SP2025,SP2025-class 32,28,1905AIBGBI,,,7.5,,9.8,7.7,Passed,7.6,7.9,5.6
SP2025,SP2025-class 32,29,1905AIBIBH,,,5,,8.8,7.2,Passed,7.3,6.9,7.2
SP2025,SP2025-class 32,30,1905AHDFDJ,,,9,,6.4,6,Passed,7.7,6.9,2.6
SP2025,SP2025-class 32,31,1905AICFFB,,,6,,6,6.7,Passed,8.3,7.2,7.2
SP2025,SP2025-class 32,32,1905AIBDIC,,,0,,0,1,Attendance Fail,8.3,1.7,0
SP2025,SP2025-class 32,33,1905AICEBH,,,7.5,,7,5.4,Passed,8.1,8,0.6
SU2017,SU2017-class 1,1,1905FBCFD,,,,,,6.5,Passed,,,
SU2017,SU2017-class 1,2,1905FBIBH,,,,,,6.9,Passed,,,
SU2017,SU2017-class 1,3,1905FBFGE,,,,,,0.4,Not Passed,,,
SU2017,SU2017-class 1,4,1905FBHCB,,,,,,7.7,Passed,,,
SU2017,SU2017-class 1,5,1905FBHGJ,,,,,,7.8,Passed,,,
SU2017,SU2017-class 1,6,1905FBEEJ,,,,,,6.3,Passed,,,
SU2017,SU2017-class 1,7,1905FBIAH,,,,,,5.8,Passed,,,
SU2017,SU2017-class 1,8,1905FCJEI,,,,,,6.2,Passed,,,
SU2017,SU2017-class 1,9,1905FBHJG,,,,,,6.2,Passed,,,
SU2017,SU2017-class 1,10,1905FBCDB,,,,,,5.1,Passed,,,
SU2017,SU2017-class 1,11,1905FAHCJ,,,,,,7.5,Passed,,,
SU2017,SU2017-class 1,12,1905FBFDH,,,,,,4.4,Not Passed,,,
SU2017,SU2017-class 1,13,1905FBFDI,,,,,,0.8,Not Passed,,,
SU2017,SU2017-class 1,14,1905FBFBC,,,,,,5.5,Passed,,,
SU2017,SU2017-class 1,15,1905FBDGE,,,,,,6,Passed,,,
SU2017,SU2017-class 1,16,1905FBFCH,,,,,,5.3,Passed,,,
SU2017,SU2017-class 1,17,1905FBACC,,,,,,6.4,Passed,,,
SU2017,SU2017-class 1,18,1905FCEBH,,,,,,5.9,Passed,,,
SU2017,SU2017-class 1,19,1905FCCCC,,,,,,5.9,Passed,,,
SU2017,SU2017-class 1,20,1905FBGAF,,,,,,6.8,Passed,,,
SU2017,SU2017-class 1,21,1905FBFJF,,,,,,5.8,Passed,,,
SU2017,SU2017-class 2,1,1905FBIJG,,,,,,8.1,Passed,,,
SU2017,SU2017-class 2,2,1905FCADG,,,,,,8.9,Passed,,,
SU2017,SU2017-class 2,3,1905FBAJD,,,,,,5.3,Passed,,,
SU2017,SU2017-class 2,4,1905FBHGF,,,,,,6.6,Passed,,,
SU2017,SU2017-class 2,5,1905FBIAA,,,,,,6.9,Passed,,,
SU2017,SU2017-class 2,6,1905FAHAH,,,,,,5.8,Passed,,,
SU2017,SU2017-class 2,7,1905FCBHF,,,,,,0.9,Not Passed,,,
SU2017,SU2017-class 2,8,1905FCDJF,,,,,,8,Passed,,,
SU2017,SU2017-class 2,9,1905FBICD,,,,,,2.2,Not Passed,,,
SU2017,SU2017-class 2,10,1905FCEBJ,,,,,,6.1,Passed,,,
SU2017,SU2017-class 2,11,1905FCJHA,,,,,,5,Passed,,,
SU2017,SU2017-class 2,12,1905FAIGD,,,,,,5.6,Passed,,,
SU2017,SU2017-class 2,13,1905FCEBI,,,,,,6.6,Passed,,,
SU2017,SU2017-class 2,14,1905FBGBG,,,,,,0,Not Passed,,,
SU2017,SU2017-class 2,15,1905FBEBE,,,,,,6.4,Passed,,,
SU2017,SU2017-class 2,16,1905FBGCJ,,,,,,5.7,Passed,,,
SU2017,SU2017-class 2,17,1905FCJFA,,,,,,7.9,Passed,,,
SU2017,SU2017-class 2,18,1905FBICF,,,,,,0.6,Not Passed,,,
SU2017,SU2017-class 2,19,1905FBBEA,,,,,,5.3,Passed,,,
SU2017,SU2017-class 2,20,1905FBGDB,,,,,,6.4,Passed,,,
SU2017,SU2017-class 2,21,1905FBHBD,,,,,,6.8,Passed,,,
SU2017,SU2017-class 2,22,1905FCAGD,,,,,,7.3,Passed,,,
SU2017,SU2017-class 2,23,1905FCBHA,,,,,,7.9,Passed,,,
SU2017,SU2017-class 2,24,1905FCJCC,,,,,,7.6,Passed,,,
SU2017,SU2017-class 2,25,1905FBGDI,,,,,,6.2,Passed,,,
SU2017,SU2017-class 3,1,1905FBJHD,,,,,,5,Passed,,,
SU2017,SU2017-class 3,2,1905FAIJB,,,,,,7,Passed,,,
SU2017,SU2017-class 3,3,1905FBEFG,,,,,,5.2,Passed,,,
SU2017,SU2017-class 3,4,1905FBEJI,,,,,,6.3,Passed,,,
SU2017,SU2017-class 3,5,1905FBFGC,,,,,,5.3,Passed,,,
SU2017,SU2017-class 3,6,1905FBBEG,,,,,,1.4,Not Passed,,,
SU2017,SU2017-class 3,7,1905FBGEH,,,,,,1,Not Passed,,,
SU2017,SU2017-class 3,8,1905FBCJF,,,,,,5.9,Passed,,,
SU2017,SU2017-class 3,9,1905FBCFA,,,,,,4.9,Not Passed,,,
SU2017,SU2017-class 3,10,1905FBDIG,,,,,,5.9,Passed,,,
SU2017,SU2017-class 3,11,1905FBGFG,,,,,,7.1,Passed,,,
SU2017,SU2017-class 3,12,1905FBDJJ,,,,,,3,Not Passed,,,
SU2017,SU2017-class 3,13,1905FAFDE,,,,,,5.4,Passed,,,
SU2017,SU2017-class 3,14,1905FBJIC,,,,,,6,Passed,,,
SU2017,SU2017-class 3,15,1905FAGBG,,,,,,5,Passed,,,
SU2017,SU2017-class 3,16,1905FAIDF,,,,,,0,Not Passed,,,
SU2017,SU2017-class 3,17,1905FBDHB,,,,,,5.5,Passed,,,
SU2017,SU2017-class 3,18,1905FBCBA,,,,,,3.8,Not Passed,,,
SU2017,SU2017-class 3,19,1905FBBFD,,,,,,7.3,Passed,,,
SU2017,SU2017-class 3,20,1905FBGBC,,,,,,6.4,Passed,,,
SU2017,SU2017-class 3,21,1905FBGCD,,,,,,6.3,Passed,,,
SU2017,SU2017-class 3,22,1905FBFGA,,,,,,5.8,Passed,,,
SU2017,SU2017-class 3,23,1905FADCJ,,,,,,0.8,Not Passed,,,
SU2017,SU2017-class 3,24,1905FBCHE,,,,,,6.8,Passed,,,
SU2017,SU2017-class 4,1,1905FBFJI,,,,,,5.9,Passed,,,
SU2017,SU2017-class 4,2,1905FBFID,,,,,,6.6,Passed,,,
SU2017,SU2017-class 4,3,1905FBEIA,,,,,,6.7,Passed,,,
SU2017,SU2017-class 4,4,1905FADDD,,,,,,7.1,Passed,,,
SU2017,SU2017-class 4,5,1905FBAHF,,,,,,0.3,Not Passed,,,
SU2017,SU2017-class 4,6,1905FBDAE,,,,,,4.8,Not Passed,,,
SU2017,SU2017-class 4,7,1905FBFDG,,,,,,7.1,Passed,,,
SU2017,SU2017-class 4,8,1905FBEID,,,,,,6.3,Passed,,,
SU2017,SU2017-class 4,9,1905FBADC,,,,,,0.3,Not Passed,,,
SU2017,SU2017-class 4,10,1905FBEFE,,,,,,6.2,Passed,,,
SU2017,SU2017-class 4,11,1905FBCFF,,,,,,6.5,Passed,,,
SU2017,SU2017-class 4,12,1905FBEEG,,,,,,5.2,Passed,,,
SU2017,SU2017-class 4,13,1905FBGCF,,,,,,5.3,Passed,,,
SU2017,SU2017-class 4,14,1905FAGGF,,,,,,7.5,Passed,,,
SU2017,SU2017-class 4,15,1905FBFDB,,,,,,5.2,Passed,,,
SU2017,SU2017-class 4,16,1905FBGEF,,,,,,7.4,Passed,,,
SU2017,SU2017-class 4,17,1905FBEAF,,,,,,5.5,Passed,,,
SU2017,SU2017-class 4,18,1905FBGDH,,,,,,3.1,Not Passed,,,
SU2017,SU2017-class 4,19,1905FJHII,,,,,,5.9,Passed,,,
SU2017,SU2017-class 4,20,1905FBFAG,,,,,,5.1,Passed,,,
SU2017,SU2017-class 4,21,1905FAGBH,,,,,,6.7,Passed,,,
SU2017,SU2017-class 4,22,1905FBDEF,,,,,,0.9,Not Passed,,,
SU2017,SU2017-class 4,23,1905FBAHD,,,,,,6.3,Passed,,,
SU2017,SU2017-class 4,24,1905FAEFF,,,,,,5.9,Passed,,,
SU2017,SU2017-class 4,25,1905FBDGC,,,,,,6.5,Passed,,,
SU2017,SU2017-class 4,26,1905FAIAH,,,,,,6.4,Passed,,,
SU2017,SU2017-class 5,1,1905FBHBG,,,,,,8.4,Passed,,,
SU2017,SU2017-class 5,2,1905FCDAH,,,,,,7.1,Passed,,,
SU2017,SU2017-class 5,3,1905FCAAD,,,,,,9,Passed,,,
SU2017,SU2017-class 5,4,1905FBFFH,,,,,,0,Not Passed,,,
SU2017,SU2017-class 5,5,1905FCJIC,,,,,,8.7,Passed,,,
SU2017,SU2017-class 5,6,1905FCDDD,,,,,,4.7,Not Passed,,,
SU2017,SU2017-class 5,7,1905FBHGA,,,,,,7.8,Passed,,,
SU2017,SU2017-class 5,8,1905FBHBF,,,,,,6.2,Passed,,,
SU2017,SU2017-class 5,9,1905FCJDG,,,,,,0.3,Not Passed,,,
SU2017,SU2017-class 5,10,1905FCCCB,,,,,,5.3,Passed,,,
SU2017,SU2017-class 5,11,1905FBGIG,,,,,,7.6,Passed,,,
SU2017,SU2017-class 5,12,1905FBGIJ,,,,,,6.6,Passed,,,
SU2017,SU2017-class 5,13,1905FBIIH,,,,,,0,Not Passed,,,
SU2017,SU2017-class 5,14,1905FCJGA,,,,,,5,Passed,,,
SU2017,SU2017-class 5,15,1905FBHAG,,,,,,7.5,Passed,,,
SU2017,SU2017-class 5,16,1905FCDFF,,,,,,5.5,Passed,,,
SU2017,SU2017-class 5,17,1905FBDHH,,,,,,1,Not Passed,,,
SU2017,SU2017-class 5,18,1905FCCDH,,,,,,8.9,Passed,,,
SU2017,SU2017-class 5,19,1905FBFED,,,,,,1.6,Not Passed,,,
SU2017,SU2017-class 5,20,1905FBHEI,,,,,,0.4,Not Passed,,,
SU2017,SU2017-class 6,1,1905FCEED,,,,,,8.4,Passed,,,
SU2017,SU2017-class 6,2,1905FBBJC,,,,,,8.4,Passed,,,
SU2017,SU2017-class 6,3,1905FBFGI,,,,,,6.8,Passed,,,
SU2017,SU2017-class 6,4,1905FAEGH,,,,,,5,Passed,,,
SU2017,SU2017-class 6,5,1905FBHIH,,,,,,8.2,Passed,,,
SU2017,SU2017-class 6,6,1905FBADD,,,,,,0,Not Passed,,,
SU2017,SU2017-class 6,7,1905FBGAJ,,,,,,5.2,Passed,,,
SU2017,SU2017-class 6,8,1905FBHHF,,,,,,8.2,Passed,,,
SU2017,SU2017-class 6,9,1905FCAJC,,,,,,9.1,Passed,,,
SU2017,SU2017-class 6,10,1905FBHDI,,,,,,8.5,Passed,,,
SU2017,SU2017-class 6,11,1905FBGAH,,,,,,5.3,Passed,,,
SU2017,SU2017-class 6,12,1905FCBGF,,,,,,5.3,Passed,,,
SU2017,SU2017-class 6,13,1905FBEAC,,,,,,6.8,Passed,,,
SU2017,SU2017-class 6,14,1905FADJI,,,,,,8.3,Passed,,,
SU2017,SU2017-class 6,15,1905FBIBJ,,,,,,6.5,Passed,,,
SU2017,SU2017-class 6,16,1905FBEIC,,,,,,7.2,Passed,,,
SU2017,SU2017-class 6,17,1905FJFCB,,,,,,0,Not Passed,,,
SU2017,SU2017-class 6,18,1905FCBAI,,,,,,5.9,Passed,,,
SU2017,SU2017-class 6,19,1905FCACJ,,,,,,7.5,Passed,,,
SU2017,SU2017-class 6,20,1905FCJAJ,,,,,,6.9,Passed,,,
SU2017,SU2017-class 6,21,1905FCDAF,,,,,,0.4,Not Passed,,,
SU2017,SU2017-class 6,22,1905FCBDH,,,,,,0.6,Not Passed,,,
SU2017,SU2017-class 6,23,1905FCJJF,,,,,,8.4,Passed,,,
SU2017,SU2017-class 6,24,1905FBFHC,,,,,,5.1,Passed,,,
SU2017,SU2017-class 6,25,1905FBCEA,,,,,,5.6,Passed,,,
SU2017,SU2017-class 6,26,1905FBGAG,,,,,,5.1,Passed,,,
SU2017,SU2017-class 6,27,1905FBGHJ,,,,,,8.7,Passed,,,
SU2017,SU2017-class 7,1,1905FBBID,,,,,,2.7,Not Passed,,,
SU2017,SU2017-class 7,2,1905FBDDI,,,,,,7.6,Passed,,,
SU2017,SU2017-class 7,3,1905FBEJE,,,,,,5.2,Passed,,,
SU2017,SU2017-class 7,4,1905FBCDE,,,,,,2.5,Not Passed,,,
SU2017,SU2017-class 7,5,1905FCEJF,,,,,,5.7,Passed,,,
SU2017,SU2017-class 7,6,1905FBGGI,,,,,,3,Not Passed,,,
SU2017,SU2017-class 7,7,1905FBCHB,,,,,,5.4,Passed,,,
SU2017,SU2017-class 7,8,1905FBEDJ,,,,,,6.6,Passed,,,
SU2017,SU2017-class 7,9,1905FBFDJ,,,,,,0,Not Passed,,,
SU2017,SU2017-class 7,10,1905FBFJJ,,,,,,7.5,Passed,,,
SU2017,SU2017-class 7,11,1905FBEHG,,,,,,7,Passed,,,
SU2017,SU2017-class 7,12,1905FCBCG,,,,,,6.1,Passed,,,
SU2017,SU2017-class 7,13,1905FBBDG,,,,,,5.9,Passed,,,
SU2017,SU2017-class 7,14,1905FBJDA,,,,,,5.3,Passed,,,
SU2017,SU2017-class 7,15,1905FBCBF,,,,,,2.8,Not Passed,,,
SU2017,SU2017-class 7,16,1905FAEJI,,,,,,2.8,Not Passed,,,
SU2017,SU2017-class 7,17,1905FBFEJ,,,,,,0,Not Passed,,,
SU2017,SU2017-class 7,18,1905FBIFE,,,,,,2.7,Not Passed,,,
SU2017,SU2017-class 7,19,1905FBGIC,,,,,,6.8,Passed,,,
SU2017,SU2017-class 7,20,1905FBIDD,,,,,,6.4,Passed,,,
SU2017,SU2017-class 7,21,1905FBBGD,,,,,,5.6,Passed,,,
SU2017,SU2017-class 8,1,1905FBBCH,,,,,,7.7,Passed,,,
SU2017,SU2017-class 8,2,1905FAHHH,,,,,,6,Passed,,,
SU2017,SU2017-class 8,3,1905FBFGE,,,,,,6.4,Passed,,,
SU2017,SU2017-class 8,4,1905FBCDE,,,,,,5.3,Passed,,,
SU2017,SU2017-class 8,5,1905FAFBJ,,,,,,0,Attendance Fail,,,
SU2017,SU2017-class 8,6,1905FCDDD,,,,,,6.9,Passed,,,
SU2017,SU2017-class 8,7,1905FBFCA,,,,,,7.8,Passed,,,
SU2017,SU2017-class 8,8,1905FADIB,,,,,,5.4,Passed,,,
SU2017,SU2017-class 8,9,1905FBDJG,,,,,,6.4,Passed,,,
SU2017,SU2017-class 8,10,1905FBCBJ,,,,,,7.8,Passed,,,
SU2017,SU2017-class 8,11,1905FBEIB,,,,,,7.9,Passed,,,
SU2017,SU2017-class 8,12,1905FBCCC,,,,,,7.8,Passed,,,
SU2017,SU2017-class 8,13,1905FBDEH,,,,,,7.4,Passed,,,
SU2017,SU2017-class 8,14,1905FBGCB,,,,,,4.4,Not Passed,,,
SU2017,SU2017-class 8,15,1905FBAFI,,,,,,5.6,Passed,,,
SU2017,SU2017-class 8,16,1905FAIFE,,,,,,2.6,Not Passed,,,
SU2017,SU2017-class 8,17,1905FBJJI,,,,,,6.9,Passed,,,
SU2017,SU2017-class 8,18,1905FBEEA,,,,,,6.3,Passed,,,
SU2017,SU2017-class 8,19,1905FADDG,,,,,,0,Attendance Fail,,,
SU2018,SU2018-class 1,1,1905ACJFFI,,7,8,9,6.5,7.5,Passed,6.1,,
SU2018,SU2018-class 1,2,1905FCCAH,,0.3,0,5,0,1.3,Not Passed,0,,
SU2018,SU2018-class 1,3,1905ACJJGG,,5.9,7,3,4.8,5.2,Passed,7.2,,
SU2018,SU2018-class 1,4,1905FCAIA,,0,0,0,0,0,Not Passed,0,,
SU2018,SU2018-class 1,5,1905ACJJIA,,4,8,3,5.7,5.1,Passed,4.8,,
SU2018,SU2018-class 1,6,1905ACJJIC,,5.6,7,4,5.7,5.6,Passed,6.3,,
SU2018,SU2018-class 1,7,1905ACJECF,,7.4,8,6,6.2,6.7,Passed,6.2,,
SU2018,SU2018-class 1,8,1905ACJJFA,,6.6,7,4,5.7,5.6,Passed,5.4,,
SU2018,SU2018-class 1,9,1905ACJJGI,,7,5,3,5.8,5.1,Passed,5.1,,
SU2018,SU2018-class 1,10,1905FCJEH,,5,7,3,2.9,4.2,Not Passed,4.2,,
SU2018,SU2018-class 1,11,1905ACJAEH,,5.2,7,3,3.9,4.6,Not Passed,5.3,,
SU2018,SU2018-class 1,12,1905ACJFEC,,8.4,8,3,8,6.6,Passed,5.7,,
SU2018,SU2018-class 1,13,1905ACJJCJ,,2,0,0,0,0.3,Not Passed,0,,
SU2018,SU2018-class 1,14,1905ACJDGE,,7,8,3,7,6,Passed,5.2,,
SU2018,SU2018-class 1,15,1905ACJADB,,7.8,7,5,7.7,7,Passed,8.3,,
SU2018,SU2018-class 1,16,1905FBCCG,,0.2,0,0,0,0,Not Passed,0,,
SU2018,SU2018-class 1,17,1905ACJEFB,,7.5,8,3,6.3,6,Passed,6.2,,
SU2018,SU2018-class 1,18,1905ACJBHC,,4.2,7,5,4,5,Passed,4.8,,
SU2018,SU2018-class 1,19,1905FCBGG,,0,0,0,3,1.4,Not Passed,5.3,,
SU2018,SU2018-class 1,20,1905FCDGJ,,6.2,7,4,6.2,5.9,Passed,7,,
SU2018,SU2018-class 1,21,1905ACJDDC,,7.6,7,8,6.8,7.4,Passed,7.9,,
SU2018,SU2018-class 1,22,1905FCBJG,,7.2,9,5,5,6.4,Passed,8,,
SU2018,SU2018-class 1,23,1905FCEEG,,1.8,8,5,4.5,5.1,Passed,6.5,,
SU2018,SU2018-class 1,24,1905ACJJFJ,,7.6,7,3,6.3,6,Passed,8.1,,
SU2018,SU2018-class 1,25,1905FCEJG,,3.8,8,5,5.8,5.6,Passed,4.3,,
SU2018,SU2018-class 1,26,1905FCJCH,,4,5,2,4.3,3.9,Not Passed,5.4,,
SU2018,SU2018-class 1,27,1905FCBEC,,5.5,7,3,5,5.1,Passed,5.9,,
SU2018,SU2018-class 2,1,1905ACJDJJ,,6.8,7.5,7.5,5.7,6.6,Passed,5.3,,
SU2018,SU2018-class 2,2,1905ACJADE,,7.9,5,7,5.8,6.4,Passed,6.9,,
SU2018,SU2018-class 2,3,1905FCCCG,,7.5,8,4.3,4.5,5.7,Passed,5.3,,
SU2018,SU2018-class 2,4,1905FCCAG,,7,7.5,6,3.3,5.6,Not Passed,5.5,,
SU2018,SU2018-class 2,5,1905ACJDFJ,,8.5,5,4.5,5,5.6,Passed,7.3,,
SU2018,SU2018-class 2,6,1905ACJAAC,,6.3,7,4,5.5,5.5,Passed,5.5,,
SU2018,SU2018-class 2,7,1905ACJJBJ,,7.8,4,7.5,6,6.4,Passed,7.3,,
SU2018,SU2018-class 2,8,1905FCJFF,,7.8,8,7.5,5.2,6.7,Passed,5.1,,
SU2018,SU2018-class 2,9,1905FCCAC,,3,7,3.5,0,3,Not Passed,2.8,,
SU2018,SU2018-class 2,10,1905FBDFD,,5.4,2,4,0,2.4,Not Passed,2.3,,
SU2018,SU2018-class 2,11,1905FCBBI,,4.4,5,1.3,0,2.6,Not Passed,5.7,,
SU2018,SU2018-class 2,12,1905FCDEF,,0,0,0,0,0.1,Not Passed,1.4,,
SU2018,SU2018-class 2,13,1905FCJIH,,5,8,4.5,4.3,5.3,Passed,5.5,,
SU2018,SU2018-class 2,14,1905FCBIE,,7.6,7.5,6,5,6.3,Passed,6.5,,
SU2018,SU2018-class 2,15,1905FCJGB,,6.8,2,1.3,2.1,2.8,Not Passed,4.4,,
SU2018,SU2018-class 2,16,1905FBIAG,,7.3,2,4.8,0,3.3,Not Passed,6.2,,
SU2018,SU2018-class 2,17,1905FBCBF,,3,7,6,3.6,4.7,Not Passed,2.7,,
SU2018,SU2018-class 2,18,1905FCAHH,,7,2,4,3.3,3.9,Not Passed,4.2,,
SU2018,SU2018-class 2,19,1905FBJEJ,,7,8.5,5.5,3.9,6.1,Not Passed,7.8,,
SU2018,SU2018-class 2,20,1905FBIAI,,7,8,5.3,3.5,5.6,Not Passed,5.9,,
SU2018,SU2018-class 2,21,1905FCBHI,,7.6,7.5,6,4.2,6,Passed,6.1,,
SU2018,SU2018-class 2,22,1905FBGEB,,5.8,8.5,7.8,4.5,6.7,Passed,8.5,,
SU2018,SU2018-class 2,23,1905ACJDHG,,7.8,4,4.5,6,5.5,Passed,5.9,,
SU2018,SU2018-class 2,24,1905FCAHJ,,7.6,4,5.8,0,4.2,Not Passed,7.9,,
SU2018,SU2018-class 2,25,1905FCDCH,,7.4,4,6,4.7,5.5,Passed,7.2,,
SU2018,SU2018-class 2,26,1905FAIIE,,5.6,8.5,5.3,4.8,6.1,Passed,7.9,,
SU2018,SU2018-class 3,1,1905ACJBFF,,8.8,9.5,7,4.3,6.8,Passed,5.7,,
SU2018,SU2018-class 3,2,1905ACJFIA,,9.4,9.5,8,7.8,8.5,Passed,8.2,,
SU2018,SU2018-class 3,3,1905FBIIJ,,0,6.5,5,0,3,Not Passed,4.4,,
SU2018,SU2018-class 3,4,1905FCBGA,,0,7.5,3.5,0,2.9,Not Passed,5.1,,
SU2018,SU2018-class 3,5,1905ACJDAG,,1,8,5,4.8,5,Passed,5.3,,
SU2018,SU2018-class 3,6,1905ACJCBJ,,8.7,7.5,6.5,6.3,6.8,Passed,4.6,,
SU2018,SU2018-class 3,7,1905ACJCBE,,8.4,8.5,7.5,5.5,7.1,Passed,6.6,,
SU2018,SU2018-class 3,8,1905ACJCHG,,9,8.5,4.8,5,6.5,Passed,7,,
SU2018,SU2018-class 3,9,1905ACJJED,,9.6,8.5,7,5.3,7.2,Passed,6.9,,
SU2018,SU2018-class 3,10,1905ACJEFH,,2,0,0,0,0.5,Not Passed,2.2,,
SU2018,SU2018-class 3,11,1905FAGIF,,0,6.5,2.5,0,2.3,Not Passed,4.2,,
SU2018,SU2018-class 3,12,1905ACJADH,,9.6,9.5,10,8.2,9.1,Passed,8.1,,
SU2018,SU2018-class 3,13,1905ACJJHI,,0,0,0,0,0.1,Not Passed,1.1,,
SU2018,SU2018-class 3,14,1905ACJAED,,8.7,9.5,9.8,6.3,8.3,Passed,7.6,,
SU2018,SU2018-class 3,15,1905ACJDBI,,6.8,8.5,6.5,5.8,6.7,Passed,6.5,,
SU2018,SU2018-class 3,16,1905FBIDH,,2.6,6.5,7,4.2,5.3,Passed,6.2,,
SU2018,SU2018-class 3,17,1905ACJDIF,,5.8,8,7.5,4.8,6.4,Passed,6.6,,
SU2018,SU2018-class 3,18,1905ACJEAA,,1.8,7.5,4.5,6.3,5.2,Passed,4.2,,
SU2018,SU2018-class 3,19,1905ACJJAI,,9.4,8.5,6.5,4.3,6.8,Passed,7.5,,
SU2018,SU2018-class 3,20,1905FBGCA,,4.4,6.5,6,4.5,5.3,Passed,5.3,,
SU2018,SU2018-class 3,21,1905ACJAAE,,7.4,7.5,6.5,5.2,6.3,Passed,5,,
SU2018,SU2018-class 3,22,1905ACJDGA,,6.4,8,5.3,4.4,5.6,Passed,4,,
SU2018,SU2018-class 3,23,1905ACJJCH,,9.8,8.5,7.5,7.5,8.1,Passed,8,,
SU2018,SU2018-class 3,24,1905ACJJEA,,3.6,8,7.3,5,6,Passed,5,,
SU2018,SU2018-class 3,25,1905FAGAF,,9.8,8.5,7.5,7.3,7.9,Passed,6.9,,
SU2018,SU2018-class 4,1,1905ACJFED,,6.8,6,7.5,6.3,6.5,Passed,5,,
SU2018,SU2018-class 4,2,1905ACJFEJ,,6.6,4,6,4.4,5.1,Passed,4.5,,
SU2018,SU2018-class 4,3,1905FCAJI,,7.9,5.5,2.5,4.2,4.8,Not Passed,6,,
SU2018,SU2018-class 4,4,1905ACJJAE,,8.7,7,9.5,6.8,7.6,Passed,5,,
SU2018,SU2018-class 4,5,1905FCCHJ,,6.4,4,6,0,3.6,Not Passed,3.3,,
SU2018,SU2018-class 4,6,1905FCCHD,,0,0,0,0,0,Not Passed,0,,
SU2018,SU2018-class 4,7,1905ACJGFC,,2.8,0,0,0,0.7,Not Passed,3,,
SU2018,SU2018-class 4,8,1905ACJFGE,,8.8,9.5,9.5,7.8,8.7,Passed,7.8,,
SU2018,SU2018-class 4,9,1905ACJFCC,,6.4,3,1,0,2.2,Not Passed,4,,
SU2018,SU2018-class 4,10,1905ACJJAD,,8.6,7.5,8,7.2,7.6,Passed,6.7,,
SU2018,SU2018-class 4,11,1905ACJJDF,,8.8,7,7.5,7.2,7.4,Passed,6.6,,
SU2018,SU2018-class 4,12,1905ACJJDG,,8.6,6,5,6.5,6.1,Passed,4.5,,
SU2018,SU2018-class 4,13,1905ACJFJE,,8,4.5,2.5,0,3.1,Not Passed,4,,
SU2018,SU2018-class 4,14,1905FBGBD,,6.6,6,0,2.7,3.6,Not Passed,5.5,,
SU2018,SU2018-class 4,15,1905ACJAID,,8.6,4.5,1.5,0,2.8,Not Passed,2,,
SU2018,SU2018-class 4,16,1905FBGED,,0,0,0,0,0,Not Passed,0,,
SU2018,SU2018-class 4,17,1905JDBEG,,6.2,3,2.5,0,2.6,Not Passed,4.7,,
SU2018,SU2018-class 4,18,1905ACJGFD,,8,4.5,2.5,5.8,5,Passed,5.3,,
SU2018,SU2018-class 4,19,1905ACJAEG,,8.8,5,4.5,0,4,Not Passed,5.8,,
SU2018,SU2018-class 4,20,1905ACJJBA,,8.6,7.5,7,7.5,7.4,Passed,6.5,,
SU2018,SU2018-class 4,21,1905ACJJAC,,8.9,7.5,7.5,4.8,6.7,Passed,5.9,,
SU2018,SU2018-class 4,22,1905FAHGI,,0,0,0,0,0,Not Passed,0,,
SU2018,SU2018-class 4,23,1905FCCIC,,7.8,1,1.5,0,2.2,Not Passed,4.8,,
SU2018,SU2018-class 4,24,1905ACJFEA,,9.3,10,9,7.7,8.8,Passed,8.8,,
SU2018,SU2018-class 5,1,1905ACJAGI,,0,0,0,0,0,Not Passed,0,,
SU2018,SU2018-class 5,2,1905ACJJDC,,4.4,0,0,5.2,2.6,Not Passed,3.5,,
SU2018,SU2018-class 5,3,1905ACJFHA,,9.8,9.5,9,8.5,9,Passed,8.5,,
SU2018,SU2018-class 5,4,1905ACJABE,,8.6,8.5,4.5,4.8,6.1,Passed,5.3,,
SU2018,SU2018-class 5,5,1905ACJAFD,,7.5,7,4,5.7,5.6,Passed,4,,
SU2018,SU2018-class 5,6,1905ACJJBG,,5.1,0,0,0,1,Not Passed,2.5,,
SU2018,SU2018-class 5,7,1905ACJAAH,,6.2,8,5.5,5,6,Passed,5.9,,
SU2018,SU2018-class 5,8,1905ACJAGJ,,7.7,8.5,5.5,7,7,Passed,6.4,,
SU2018,SU2018-class 5,9,1905ACJAGH,,8.1,8,4.5,5.2,6.1,Passed,6.3,,
SU2018,SU2018-class 5,10,1905ACJBHI,,0,0,0,0,0,Not Passed,0,,
SU2018,SU2018-class 5,11,1905ACJJHJ,,5.9,5,1.5,2.7,3.5,Not Passed,4.4,,
SU2018,SU2018-class 5,12,1905ACJJHA,,6.7,7.5,3.5,5.7,5.7,Passed,5.7,,
SU2018,SU2018-class 5,13,1905ACJAJJ,,3.7,0,0,0,0.8,Not Passed,2,,
SU2018,SU2018-class 5,14,1905ACJACC,,8.8,8,6.5,4,6.3,Passed,5.5,,
SU2018,SU2018-class 5,15,1905ACJADC,,9.2,8,9,7.2,8.1,Passed,7.3,,
SU2018,SU2018-class 5,16,1905FAIDF,,0,0,0,0,0,Not Passed,0,,
SU2018,SU2018-class 5,17,1905ACJAEC,,9.6,8.5,6,7.3,7.5,Passed,6.7,,
SU2018,SU2018-class 5,18,1905ACJJGE,,9.4,9.5,5,6,6.9,Passed,5.8,,
SU2018,SU2018-class 5,19,1905ACJAJC,,4.2,0,0,0,1,Not Passed,4,,
SU2018,SU2018-class 5,20,1905ACJGJA,,8.8,7.5,4.5,6.3,6.2,Passed,4,,
SU2018,SU2018-class 5,21,1905ACJJGF,,9.6,9.5,8.5,7.2,8.2,Passed,6.2,,
SU2018,SU2018-class 5,22,1905FBJEB,,5.4,0,0,0,0.9,Not Passed,1.3,,
SU2018,SU2018-class 6,1,1905FBCIH,,0,0,0,0,0,Not Passed,0,,
SU2018,SU2018-class 6,2,1905ACJCDH,,7.9,8,8,5.5,7,Passed,5.9,,
SU2018,SU2018-class 6,3,1905ACJDDB,,8.4,8,9,4.8,7.1,Passed,5,,
SU2018,SU2018-class 6,4,1905ACJBHD,,5.8,6,5,4.3,5.1,Passed,4.5,,
SU2018,SU2018-class 6,5,1905FCCJB,,0,0,0,0,0,Not Passed,0,,
SU2018,SU2018-class 6,6,1905ACJEEE,,8.7,9,10,6.5,8.3,Passed,7.3,,
SU2018,SU2018-class 6,7,1905ACJBEH,,6.7,6.5,6,3.9,5.5,Not Passed,5.3,,
SU2018,SU2018-class 6,8,1905ACJGDD,,7.6,6.5,6,4.5,5.6,Passed,3,,
SU2018,SU2018-class 6,9,1905ACJBID,,6.8,6.5,6,5,5.7,Passed,3.9,,
SU2018,SU2018-class 6,10,1905FCBAD,,6.9,7,5,3.8,5.2,Not Passed,4,,
SU2018,SU2018-class 6,11,1905ACJCCG,,7.8,6.5,6,5.8,6.2,Passed,5,,
SU2018,SU2018-class 6,12,1905FBGCB,,3.8,6,5,3.4,4.4,Not Passed,4,,
SU2018,SU2018-class 6,13,1905ACJBHA,,7.5,7,9,6.5,7.2,Passed,5.2,,
SU2018,SU2018-class 6,14,1905ACJEHA,,6.7,8,8,6,7,Passed,5.5,,
SU2018,SU2018-class 6,15,1905FBGBG,,0,0,0,0,0,Not Passed,0,,
SU2018,SU2018-class 6,16,1905ACJBDJ,,0,0,0,0,0,Not Passed,0,,
SU2018,SU2018-class 6,17,1905ACJCCD,,7.9,6,8,5.3,6.4,Passed,4.6,,
SU2018,SU2018-class 6,18,1905ACJDAE,,7.3,6,9,6.7,7.2,Passed,6,,
SU2018,SU2018-class 6,19,1905ACJAII,,7,6.5,8,4.1,6,Passed,4.5,,
SU2018,SU2018-class 6,20,1905FCAFD,,0,0,0,0,0,Not Passed,0,,
SU2018,SU2018-class 6,21,1905FCEDE,,0,0,0,0,0,Not Passed,0,,
SU2018,SU2018-class 6,22,1905ACJBHF,,6.6,6,9,5.3,6.5,Passed,4.8,,
SU2018,SU2018-class 6,23,1905ACJGDI,,7.2,6,5,7.5,6.3,Passed,4.7,,
SU2018,SU2018-class 6,24,1905ACJCEE,,7.7,6.5,5,4.2,5.5,Passed,5.3,,
SU2018,SU2018-class 6,25,1905ACJCDJ,,8,7,6,5.2,6.2,Passed,5.4,,
SU2018,SU2018-class 7,1,1905FCECC,,7.7,2,2,0,2.4,Not Passed,3,,
SU2018,SU2018-class 7,2,1905FBBID,,4.2,2,2,0,1.8,Not Passed,2.8,,
SU2018,SU2018-class 7,3,1905FCJII,,4.2,0,0,4.3,2.2,Not Passed,2.8,,
SU2018,SU2018-class 7,4,1905ACJDGD,,6.8,6,6.5,4.4,5.6,Passed,4.8,,
SU2018,SU2018-class 7,5,1905ACJCIC,,8.8,6,7,7.5,7.3,Passed,7.8,,
SU2018,SU2018-class 7,6,1905ACJDIA,,7.1,7,5,7,6.5,Passed,7.2,,
SU2018,SU2018-class 7,7,1905ACJCIH,,8.8,4,2.5,3.3,4.3,Not Passed,5.5,,
SU2018,SU2018-class 7,8,1905ACJDJG,,8.6,7,8.5,6.2,7.3,Passed,5.9,,
SU2018,SU2018-class 7,9,1905ACJDDE,,7,5.5,4,4.4,5,Passed,5,,
SU2018,SU2018-class 7,10,1905ACJEFG,,7.2,4,2,7.3,5,Passed,4.5,,
SU2018,SU2018-class 7,11,1905FBIHG,,4.6,0,0,0,0.9,Not Passed,2,,
SU2018,SU2018-class 7,12,1905ACJDEB,,7.4,2,1,4.4,3.6,Not Passed,5.5,,
SU2018,SU2018-class 7,13,1905FCBAA,,4.2,0,0,0,0.8,Not Passed,1.9,,
SU2018,SU2018-class 7,14,1905ACJEDH,,4.6,0,1,0,1.1,Not Passed,2,,
SU2018,SU2018-class 7,15,1905ACJCFH,,5.2,0,0,0,1,Not Passed,1.9,,
SU2018,SU2018-class 7,16,1905ACJCHH,,8.2,5.5,8.5,8.2,7.5,Passed,6.3,,
SU2018,SU2018-class 7,17,1905FBDFI,,1.4,0,0,0,0.2,Not Passed,0,,
SU2018,SU2018-class 7,18,1905ACJCIG,,7.4,4,3,4.8,4.6,Not Passed,5.3,,
SU2018,SU2018-class 7,19,1905FBIID,,2.9,0,0,0,0.7,Not Passed,2.3,,
SU2018,SU2018-class 7,20,1905FCAHD,,7,5,2.5,0,3.1,Not Passed,4.4,,
SU2018,SU2018-class 7,21,1905ACJCIF,,8.2,6,6.5,4.2,5.9,Passed,5.8,,
SU2018,SU2018-class 7,22,1905ACJCGH,,8.3,6,3,4,4.9,Not Passed,5.3,,
SU2018,SU2018-class 7,23,1905ACJCEI,,8.5,6,6.5,5.2,6.2,Passed,5.7,,
SU2018,SU2018-class 7,24,1905FBJJB,,1.6,0,0,0,0.5,Not Passed,2.8,,
SU2018,SU2018-class 7,25,1905ACJEDJ,,8.6,4,3.5,3.8,4.6,Not Passed,4.8,,
SU2018,SU2018-class 7,26,1905FCDCE,,1.6,0,0,0,0.5,Not Passed,2.8,,
SU2018,SU2018-class 7,27,1905ACJDJD,,9.2,6,4.5,5.5,6,Passed,6.7,,
SU2018,SU2018-class 7,28,1905FCCFH,,5.6,6,1,3.3,3.8,Not Passed,4.8,,
SU2018,SU2018-class 8,1,1905FBBII,,0.5,0,0,0,0.4,Not Passed,3.3,,
SU2018,SU2018-class 8,2,1905ACJJEH,,8,10,8.5,7.3,8.1,Passed,5.9,,
SU2018,SU2018-class 8,3,1905FCECI,,3,8,0,0,2.3,Not Passed,2.5,,
SU2018,SU2018-class 8,4,1905FCBJF,,6.6,8,4.5,4.3,5.4,Passed,4.3,,
SU2018,SU2018-class 8,5,1905FCEGA,,4.5,7,6.8,4.5,5.7,Passed,6,,
SU2018,SU2018-class 8,6,1905FCEEJ,,7.2,8.5,5,4.2,5.8,Passed,5.5,,
SU2018,SU2018-class 8,7,1905ACJFIH,,7.2,6.5,7.5,7.7,7.2,Passed,6.3,,
SU2018,SU2018-class 8,8,1905FBEGH,,0,0,0,0,0,Not Passed,0,,
SU2018,SU2018-class 8,9,1905FBDHJ,,0,0,0,0,0,Not Passed,0,,
SU2018,SU2018-class 8,10,1905FBBBA,,1.8,0,0,0,0.3,Not Passed,0,,
SU2018,SU2018-class 8,11,1905ACJJGH,,1,0,0,0,0.5,Not Passed,3,,
SU2018,SU2018-class 8,12,1905FCCJC,,4.7,8,5,4.8,5.7,Passed,7.1,,
SU2018,SU2018-class 8,13,1905ACJBCE,,7.2,10,8.5,5.8,7.5,Passed,5.9,,
SU2018,SU2018-class 8,14,1905ACJAEA,,7.6,9,6.5,7.7,7.4,Passed,5.4,,
SU2018,SU2018-class 8,15,1905FCEHA,,7.2,8.5,5,7.3,6.8,Passed,5.8,,
SU2018,SU2018-class 8,16,1905ACJAAF,,7.1,6.5,4,5.5,5.6,Passed,5.8,,
SU2018,SU2018-class 8,17,1905ACJAAD,,7.2,9,6,4.1,6.2,Passed,5.5,,
SU2018,SU2018-class 8,18,1905ACJJIG,,5.8,10,10,8.7,8.8,Passed,8.2,,
SU2018,SU2018-class 8,19,1905ACJJEF,,7.8,10,7.5,5.8,7.3,Passed,4.9,,
SU2018,SU2018-class 9,1,1905FBFCD,,0,0,0,0,0,Not Passed,0,,
SU2018,SU2018-class 9,2,1905ACJCCI,,5.8,0,2,0,1.6,Not Passed,2,,
SU2018,SU2018-class 9,3,1905ACJBGB,,6.2,5,1.5,0,2.6,Not Passed,2.8,,
SU2018,SU2018-class 9,4,1905ACJCHA,,8,7,4.5,4,5.6,Passed,6.8,,
SU2018,SU2018-class 9,5,1905FBFGD,,0,0,0,0,0,Not Passed,0,,
SU2018,SU2018-class 9,6,1905ACJBAF,,1.4,0,0,0,0.2,Not Passed,0,,
SU2018,SU2018-class 9,7,1905ACJDCG,,6.6,0,3,0,2.2,Not Passed,5,,
SU2018,SU2018-class 9,8,1905ACJEFJ,,8.3,7,3.5,7.5,6.6,Passed,7.8,,
SU2018,SU2018-class 9,9,1905ACJBAJ,,1.4,0,0,0,0.2,Not Passed,0,,
SU2018,SU2018-class 9,10,1905ACJCHI,,9.1,8.5,8,6.7,7.6,Passed,4.8,,
SU2018,SU2018-class 9,11,1905ACJADD,,2.9,0,0,0,0.7,Not Passed,2.3,,
SU2018,SU2018-class 9,12,1905ACJCBC,,8,7,6.5,6.7,6.9,Passed,6.5,,
SU2018,SU2018-class 9,13,1905ACJABH,,6.5,6,4,3.6,4.9,Not Passed,6,,
SU2018,SU2018-class 9,14,1905ACJBDC,,1.4,0,1,3.5,1.7,Not Passed,2,,
SU2018,SU2018-class 9,15,1905ACJBCJ,,6.5,5,1,4.8,4.1,Not Passed,4.5,,
SU2018,SU2018-class 9,16,1905ACJBEG,,5.8,5,2,5,4.5,Not Passed,6,,
SU2018,SU2018-class 9,17,1905FBFEJ,,6.4,0,2.5,0,2.2,Not Passed,6,,
SU2018,SU2018-class 9,18,1905ACJBCF,,1.4,0,0,0,0.2,Not Passed,0,,
SU2018,SU2018-class 9,19,1905ACJCBD,,7.7,5,4.5,4.6,4.9,Not Passed,2.8,,
SU2018,SU2018-class 9,20,1905ACJEHC,,7.6,5,2.5,5.5,4.7,Not Passed,3.3,,
SU2018,SU2018-class 9,21,1905ACJBBA,,5.8,0,0,0,0.9,Not Passed,0,,
SU2018,SU2018-class 9,22,1905FBFED,,8.2,6.5,7.5,5,6.4,Passed,4.8,,
SU2018,SU2018-class 9,23,1905ACJDAH,,3.3,0,0,0,0.9,Not Passed,3.8,,
SU2018,SU2018-class 9,24,1905FCAFB,,3.4,0,0,0,0.8,Not Passed,3.3,,
SU2018,SU2018-class 9,25,1905FCDFH,,8.6,3.5,1.5,3.4,3.8,Not Passed,3.8,,
SU2018,SU2018-class 9,26,1905ACJBDF,,6.1,0,0,0,1.1,Not Passed,2,,
SU2018,SU2018-class 9,27,1905ACJCDD,,7.1,5,1.5,3.6,3.9,Not Passed,4,,
SU2018,SU2018-class 9,28,1905ACJGFJ,,7.4,5,6.5,6.3,6.3,Passed,6.5,,
SU2019,SU2019-class 1,1,1905ACJDCJ,,8.4,7,9,4.4,7.1,Passed,8.5,,
SU2019,SU2019-class 1,2,1905ACJGAG,,5.2,7,7,4.8,6,Passed,5.8,,
SU2019,SU2019-class 1,3,1905FCBGA,,6,7,8,0,4.3,Not Passed,0.3,,
SU2019,SU2019-class 1,4,1905ACJFJH,,8.6,6,8,5.6,7.1,Passed,9.3,,
SU2019,SU2019-class 1,5,1905ACJEFH,,0,0,0,0,0,Not Passed,0,,
SU2019,SU2019-class 1,6,1905ACJFBC,,7.8,7,9,5.3,7.1,Passed,6.8,,
SU2019,SU2019-class 1,7,1905ADJBFA,,8.8,8,8,4.2,6.9,Passed,7.5,,
SU2019,SU2019-class 1,8,1905FBGBD,,8.1,5,9,4.1,6.3,Passed,6.5,,
SU2019,SU2019-class 1,9,1905ACJFCE,,7.7,7,9,5.9,7.3,Passed,7,,
SU2019,SU2019-class 1,10,1905ACJCJB,,8,8,6,4.5,6.5,Passed,8.5,,
SU2019,SU2019-class 1,11,1905ACJEHB,,7.7,7,9,4.7,7,Passed,8,,
SU2019,SU2019-class 1,12,1905ACJDCA,,8.2,7,8,4.7,6.6,Passed,5.3,,
SU2019,SU2019-class 1,13,1905ACJCBH,,6.6,7,5,4.7,5.6,Passed,5.5,,
SU2019,SU2019-class 1,14,1905ACJFEI,,8,7,8,4.2,6.5,Passed,6.3,,
SU2019,SU2019-class 1,15,1905ADJBGA,,9,7,8,6.6,7.6,Passed,8.3,,
SU2019,SU2019-class 1,16,1905ADJEJI,,7.8,8,7,4.2,6.5,Passed,7.3,,
SU2019,SU2019-class 1,17,1905FCCAA,,8.1,7,9,5.2,7.1,Passed,6.8,,
SU2019,SU2019-class 1,18,1905FCECB,,6.2,7,7,3.6,5.6,Not Passed,4.3,,
SU2019,SU2019-class 2,1,1905FCECI,,0,0,0,0,0,Not Passed,0,,
SU2019,SU2019-class 2,2,1905ACJFIE,,9,8,8.5,5.3,7.3,Passed,6.6,,
SU2019,SU2019-class 2,3,1905ACJAJF,,9,8,8.5,5,7.2,Passed,5.9,,
SU2019,SU2019-class 2,4,1905ACJJBG,,7.6,8.5,6,3.9,6.1,Not Passed,5.7,,
SU2019,SU2019-class 2,5,1905ACJJJE,,8.8,7,9.5,4.4,6.9,Passed,4.7,,
SU2019,SU2019-class 2,6,1905ACJBJH,,8.4,8.5,9,4.7,7.2,Passed,5.4,,
SU2019,SU2019-class 2,7,1905ACJFGJ,,5.8,9,6,5.2,6.2,Passed,4.9,,
SU2019,SU2019-class 2,8,1905FCDDI,,5.6,9,6.5,4.3,6.2,Passed,6.5,,
SU2019,SU2019-class 2,9,1905FBDFE,,5.4,7,5,4,5.1,Passed,4.7,,
SU2019,SU2019-class 2,10,1905ACJAEH,,8.8,8,9,5.5,7.4,Passed,5.8,,
SU2019,SU2019-class 2,11,1905ACJBHJ,,6.8,7,6.3,4.7,5.9,Passed,4.5,,
SU2019,SU2019-class 2,12,1905FCEEB,,9,9,10,5.9,8.1,Passed,6.5,,
SU2019,SU2019-class 2,13,1905ACJDCF,,9.1,8,9.5,6.1,7.9,Passed,7.5,,
SU2019,SU2019-class 2,14,1905FCJFI,,8.6,7,9,4,6.8,Passed,6.3,,
SU2019,SU2019-class 2,15,1905ACJGGC,,8.2,8.5,7,7.1,7.5,Passed,6.5,,
SU2019,SU2019-class 2,16,1905FBFFB,,7,9,5.5,4.7,6.1,Passed,4.7,,
SU2019,SU2019-class 2,17,1905ACJBCI,,8,8.5,9,5.5,7.4,Passed,6,,
SU2019,SU2019-class 2,18,1905ACJCFD,,7.6,9,7,6.3,7.2,Passed,6.1,,
SU2019,SU2019-class 2,19,1905FCADA,,6.4,8,5,2.9,5,Not Passed,3.5,,
SU2019,SU2019-class 2,20,1905ACJJEE,,0,0,0,0,0.1,Not Passed,1.4,,
SU2019,SU2019-class 2,21,1905FAHGI,,7.2,7,8,5.1,6.6,Passed,5.4,,
SU2019,SU2019-class 2,22,1905FCDCE,,1.6,7,4,0,2.8,Not Passed,1.7,,
SU2019,SU2019-class 2,23,1905ACJAEJ,,8,7,4,4.8,5.6,Passed,5.9,,
SU2019,SU2019-class 2,24,1905ACJEIG,,7,7,4,5.9,5.7,Passed,5.2,,
SU2019,SU2019-class 2,25,1905FADCJ,,0,0,0,0,0,Not Passed,0,,
SU2019,SU2019-class 3,1,1905ACJBBB,,5.4,6.2,3,5.1,4.8,Not Passed,4.5,,
SU2019,SU2019-class 3,2,1905FBHFA,,0,0,0,0,0,Not Passed,0,,
SU2019,SU2019-class 3,3,1905ACJAGA,,8.3,7.3,4,5.4,5.9,Passed,5.4,,
SU2019,SU2019-class 3,4,1905FAGDA,,9.9,10,10,8.4,9.4,Passed,8.8,,
SU2019,SU2019-class 3,5,1905ACJBIH,,6,6,5,4.2,5.2,Passed,5.8,,
SU2019,SU2019-class 3,6,1905FBFDJ,,4.3,6.8,3,3,4.2,Not Passed,5.2,,
SU2019,SU2019-class 3,7,1905FBJBJ,,0,0,0,0,0,Not Passed,0,,
SU2019,SU2019-class 3,8,1905FCBAA,,8,7,5,3.8,5.7,Not Passed,7.3,,
SU2019,SU2019-class 3,9,1905FCJEH,,8.4,8.2,4,5.3,6.1,Passed,6.1,,
SU2019,SU2019-class 3,10,1905ACJEIA,,7.6,7.7,5,2.4,5.4,Not Passed,7.3,,
SU2019,SU2019-class 3,11,1905FCJGB,,2.3,2.3,0,0,1,Not Passed,2.4,,
SU2019,SU2019-class 3,12,1905FCBGH,,6.8,7.5,3,4.2,5.1,Passed,6,,
SU2019,SU2019-class 3,13,1905ACJBDC,,6.8,5.3,5,4.1,5.2,Passed,6.5,,
SU2019,SU2019-class 3,14,1905FBFEB,,8.5,7.3,5,5.8,6.3,Passed,5.3,,
SU2019,SU2019-class 3,15,1905ACJCDB,,7,6.7,4,5.6,5.7,Passed,6,,
SU2019,SU2019-class 3,16,1905FCJCF,,8.3,6.3,5,4.8,5.9,Passed,7.5,,
SU2019,SU2019-class 3,17,1905FCBCB,,6.6,6.2,4,5.3,5.5,Passed,6.4,,
SU2019,SU2019-class 3,18,1905ACJFAI,,7.1,6.5,2,3.6,4.5,Not Passed,5.2,,
SU2019,SU2019-class 3,19,1905FBIFC,,8.6,7,5,3.3,5.4,Not Passed,4.8,,
SU2019,SU2019-class 3,20,1905ACJFIC,,6.4,8.3,10,5.1,7.2,Passed,5.1,,
SU2019,SU2019-class 3,21,1905FCBFE,,2.3,0,0,0,0.3,Not Passed,0,,
SU2019,SU2019-class 3,22,1905ACJBBC,,7.3,6,7,6.4,6.6,Passed,6,,
SU2019,SU2019-class 3,23,1905ACJDHD,,6.8,6.7,4,0,3.8,Not Passed,4.3,,
SU2019,SU2019-class 3,24,1905ACJBAD,,4.4,0,0,0,0.9,Not Passed,2.4,,
SU2019,SU2019-class 4,1,1905ACJAJI,,0,0,0,0,0,Not Passed,0,,
SU2019,SU2019-class 4,2,1905ACJAJG,,0,0,0,0,0,Not Passed,0,,
SU2019,SU2019-class 4,3,1905ACJBEE,,9,9,4,4.2,5.8,Passed,4.1,,
SU2019,SU2019-class 4,4,1905ACJECI,,8.6,8.6,8,5.2,7.3,Passed,7.6,,
SU2019,SU2019-class 4,5,1905ACJFHE,,8.9,8.9,0.5,3,4.7,Not Passed,5.5,,
SU2019,SU2019-class 4,6,1905ACJBFG,,7.5,7.5,2,3.3,4.5,Not Passed,3.8,,
SU2019,SU2019-class 4,7,1905ACJFDE,,0,0,0,0,0,Not Passed,0,,
SU2019,SU2019-class 4,8,1905ACJJCD,,8.8,8.8,7,4.1,6.8,Passed,7.4,,
SU2019,SU2019-class 4,9,1905ACJAGE,,0,0,0,0,0,Not Passed,0,,
SU2019,SU2019-class 4,10,1905ADAADG,,0,0,0,0,0,Not Passed,0,,
SU2019,SU2019-class 4,11,1905ADJJHJ,,9.3,1,5.5,5.3,5.2,Passed,6.7,,
SU2019,SU2019-class 4,12,1905ACJFDG,,6.9,6.9,5,3.4,5.3,Not Passed,5.7,,
SU2019,SU2019-class 4,13,1905ACJEAG,,5.5,5.5,3.5,5.4,5,Passed,5.5,,
SU2019,SU2019-class 4,14,1905ACJGAF,,8.2,8.2,6,4.8,6.4,Passed,6.3,,
SU2019,SU2019-class 4,15,1905JEHCD,,8.6,8.6,3,4.7,5.8,Passed,6,,
SU2019,SU2019-class 4,16,1905ACJBHH,,9.2,9,7,4.6,6.8,Passed,5.3,,
SU2019,SU2019-class 4,17,1905ACJJIE,,6.6,6.8,1,4,4.4,Not Passed,5.8,,
SU2019,SU2019-class 4,18,1905ACJAHE,,7.8,7.8,7,4.7,6.5,Passed,6,,
SU2019,SU2019-class 4,19,1905ACJBAD,,0,0,0,0,0,Not Passed,0,,
SU2019,SU2019-class 5,1,1905ADJJCB,,8.8,7.5,4.5,4.2,5.8,Passed,6.3,,
SU2019,SU2019-class 5,2,1905ACJDCJ,,4.3,0,2,0,1.1,Not Passed,0,,
SU2019,SU2019-class 5,3,1905ADJICG,,9.3,10,7,5.4,7.4,Passed,6.8,,
SU2019,SU2019-class 5,4,1905ADJEDC,,6.8,5,3,4.7,5,Passed,7.9,,
SU2019,SU2019-class 5,5,1905ACJFCA,,7.5,5,6.5,5.2,6.1,Passed,7.6,,
SU2019,SU2019-class 5,6,1905ADJDGI,,9.3,8.5,7,6.3,7.4,Passed,6.3,,
SU2019,SU2019-class 5,7,1905ACJGJJ,,4,7.5,6,5.4,5.9,Passed,6.5,,
SU2019,SU2019-class 5,8,1905ACJECG,,6.6,3,5,5.2,5.1,Passed,7.3,,
SU2019,SU2019-class 5,9,1905ADJIBD,,9.5,8.5,9.5,6.3,8.2,Passed,7.8,,
SU2019,SU2019-class 5,10,1905ADJBCE,,8.3,7.5,6,5,6.5,Passed,8,,
SU2019,SU2019-class 5,11,1905ACJCBA,,8.3,3,3,4,4.3,Not Passed,5.5,,
SU2019,SU2019-class 5,12,1905ADJAJJ,,9.5,9,9.5,6.8,8.2,Passed,5.7,,
SU2019,SU2019-class 5,13,1905ADJEGB,,7.5,6,6,4.5,5.8,Passed,5.8,,
SU2019,SU2019-class 5,14,1905ACJCFF,,6.5,1,2,4,3.3,Not Passed,4.6,,
SU2019,SU2019-class 5,15,1905ADJJGA,,8.5,6,6,4.8,6.1,Passed,6.4,,
SU2019,SU2019-class 5,16,1905FCCGF,,7.8,6.5,6.5,3.1,5.8,Not Passed,8.1,,
SU2019,SU2019-class 5,17,1905ADJAJD,,9.5,9,9.5,5.9,8.1,Passed,6.9,,
SU2019,SU2019-class 5,18,1905ADJICE,,8.8,7.5,6.5,5.8,6.8,Passed,5.9,,
SU2019,SU2019-class 5,19,1905FCJCH,,0,0,0,0,0,Not Passed,0,,
SU2019,SU2019-class 5,20,1905ADJJBD,,6.8,4,4,3.7,4.5,Not Passed,5.8,,
SU2019,SU2019-class 6,1,1905ADJAAA,,7.9,3.5,4,5.2,5,Passed,6,,
SU2019,SU2019-class 6,2,1905ADJBHI,,8.7,7,6,5.4,6.6,Passed,7.5,,
SU2019,SU2019-class 6,3,1905ADJBBB,,8.6,7,5,4,5.7,Passed,5.9,,
SU2019,SU2019-class 6,4,1905ADJDCB,,7.4,5,4.5,4.8,5.3,Passed,6.5,,
SU2019,SU2019-class 6,5,1905ADJJFA,,6.7,5.5,5.5,5.5,5.8,Passed,6.3,,
SU2019,SU2019-class 6,6,1905ADJAAE,,8.2,7,5,4.8,6,Passed,6.3,,
SU2019,SU2019-class 6,7,1905ACJFJC,,8.4,7,8,3.7,6.3,Not Passed,5.4,,
SU2019,SU2019-class 6,8,1905FBFDJ,,0,0,0,0,0,Not Passed,0,,
SU2019,SU2019-class 6,9,1905FCBBI,,0.5,0,0,0,0.1,Not Passed,0,,
SU2019,SU2019-class 6,10,1905ADJCDH,,7.1,3.5,4.5,6.7,5.6,Passed,7.1,,
SU2019,SU2019-class 6,11,1905ADJACH,,6.5,8,8.5,6.6,7.3,Passed,5.8,,
SU2019,SU2019-class 6,12,1905FCABE,,5.2,0,0,2.4,1.8,Not Passed,2.8,,
SU2019,SU2019-class 6,13,1905ADJAEI,,7.4,5.5,6.5,5.1,6.1,Passed,7.3,,
SU2019,SU2019-class 6,14,1905ADJBAA,,7.9,3,3.5,4,4.5,Not Passed,6.3,,
SU2019,SU2019-class 6,15,1905ADJJDE,,7.4,3.5,3,4.3,4.5,Not Passed,6.8,,
SU2019,SU2019-class 6,16,1905ADJCAI,,8.8,5.5,5.5,5.2,5.9,Passed,5.8,,
SU2019,SU2019-class 6,17,1905ACJFAC,,9,7,7.5,4,6.3,Passed,4.8,,
SU2019,SU2019-class 6,18,1905ADJDJD,,8.6,7,8.5,5.1,7,Passed,6.4,,
SU2019,SU2019-class 6,19,1905ACJJJF,,7.3,5,4.5,3.5,5,Not Passed,7.7,,
SU2019,SU2019-class 6,20,1905ACJEEF,,8.8,7,8,4,6.6,Passed,7.2,,
SU2019,SU2019-class 6,21,1905ADJJEF,,8.8,7,6.5,5.4,6.6,Passed,6.8,,
SU2019,SU2019-class 6,22,1905ADJBGJ,,8.5,5,4,4.4,5.3,Passed,7.2,,
SU2019,SU2019-class 6,23,1905ADJJAG,,6.7,3.5,2,4.8,4.2,Not Passed,5.2,,
SU2019,SU2019-class 6,24,1905ADJBGA,,7.9,4,5,4.3,4.8,Not Passed,2.7,,
SU2019,SU2019-class 6,25,1905ADJACA,,8.8,7,7,4.7,6.6,Passed,7.3,,
SU2019,SU2019-class 6,26,1905FBJJB,,6.1,5.5,4.5,5.3,5.4,Passed,6.4,,
SU2019,SU2019-class 6,27,1905ADJJGJ,,8.6,6.5,5.5,6,6.2,Passed,4.8,,
SU2019,SU2019-class 6,28,1905ACJDBF,,9.4,8.5,8,6,7.6,Passed,6.5,,
SU2019,SU2019-class 6,29,1905ADJCEE,,8.6,6.5,5,5.7,6.2,Passed,6.3,,
SU2019,SU2019-class 6,30,1905ADJJFE,,8.7,7,7,4.1,6.2,Passed,5.5,,
SU2019,SU2019-class 7,1,1905FBCIH,,0,0,0,0,0,Not Passed,0,,
SU2019,SU2019-class 7,2,1905ACJAIH,,6.5,6,6,4.2,5.6,Passed,6.5,,
SU2019,SU2019-class 7,3,1905ACJDIB,,6.8,6,6,0,4.5,Not Passed,7.5,,
SU2019,SU2019-class 7,4,1905ADJHDH,,8,9,6,7.1,7.3,Passed,6.8,,
SU2019,SU2019-class 7,5,1905ACJGAI,,8.3,6,5,4.2,5.3,Passed,3.5,,
SU2019,SU2019-class 7,6,1905ACJJJI,,6.5,0,4,0,2.3,Not Passed,2.8,,
SU2019,SU2019-class 7,7,1905ADJFHF,,8,7,6,4.3,5.7,Passed,3.5,,
SU2019,SU2019-class 7,8,1905FBDHJ,,0,0,0,0,0,Not Passed,0,,
SU2019,SU2019-class 7,9,1905ADJFJI,,8.5,9,8,8.2,8.3,Passed,7.8,,
SU2019,SU2019-class 7,10,1905ADJJAD,,7.8,2,7,3.3,5,Not Passed,7,,
SU2019,SU2019-class 7,11,1905FBEEF,,0,0,0,0,0,Not Passed,0,,
SU2019,SU2019-class 7,12,1905ACJFCI,,8.1,7,7,6,6.8,Passed,6.3,,
SU2019,SU2019-class 7,13,1905ACJFBC,,7.1,5,7,3.9,5.5,Not Passed,5.4,,
SU2019,SU2019-class 7,14,1905ACJEAF,,7,4,6,4,5.2,Passed,6,,
SU2019,SU2019-class 7,15,1905ADJDFA,,6.4,0,3,4,3.4,Not Passed,5.2,,
SU2019,SU2019-class 7,16,1905ADJBFA,,6.9,4,6,3.7,4.6,Not Passed,1.9,,
SU2019,SU2019-class 7,17,1905ACJFCE,,6,4,6,3.5,4.8,Not Passed,5.5,,
SU2019,SU2019-class 7,18,1905ACJAHF,,6.6,4,7,4.5,5.4,Passed,4.9,,
SU2019,SU2019-class 7,19,1905FBFEJ,,5.6,6.5,5,4,5.3,Passed,7,,
SU2019,SU2019-class 7,20,1905ACJEHB,,6,4,4,3.7,4.3,Not Passed,4.7,,
SU2019,SU2019-class 7,21,1905ACJDHH,,8.3,8,8,5.8,7.3,Passed,7,,
SU2019,SU2019-class 7,22,1905ADJHEG,,8.5,9,7,6.4,7.6,Passed,8.4,,
SU2019,SU2019-class 7,23,1905ADJFDD,,5.9,8,6,5.6,6.3,Passed,6.5,,
SU2019,SU2019-class 7,24,1905ACJAJE,,5.5,7,5,4.4,5.6,Passed,7.9,,
SU2019,SU2019-class 7,25,1905ADJHDF,,7.5,8.5,4,5.8,6.2,Passed,6.5,,
SU2019,SU2019-class 7,26,1905ADJIFD,,1.8,0,0,0,0.3,Not Passed,0,,
SU2019,SU2019-class 7,27,1905ADJEJE,,6.8,6,1,6.3,5.1,Passed,7,,
SU2019,SU2019-class 7,28,1905ACJJFD,,1.5,0,0,0,0.2,Not Passed,0,,
SU2019,SU2019-class 7,29,1905ACJFHH,,8,8,6.5,5.1,6.6,Passed,6,,
SU2019,SU2019-class 7,30,1905ACJDDJ,,5.5,8,9.5,4.7,6.9,Passed,7.3,,
SU2019,SU2019-class 8,1,1905ACJDCC,,8.8,5,4,4.3,5.4,Passed,7.5,,
SU2019,SU2019-class 8,2,1905ACJDBH,,6.5,0,0,0,1.3,Not Passed,3.5,,
SU2019,SU2019-class 8,3,1905FBHFB,,4.3,0,0,0,0.9,Not Passed,2.5,,
SU2019,SU2019-class 8,4,1905ACJFAJ,,0,0,0,0,0,Not Passed,0,,
SU2019,SU2019-class 8,5,1905ACJDEE,,7.3,2,1,0,2.2,Not Passed,4.9,,
SU2019,SU2019-class 8,6,1905ACJFFA,,8.6,5.5,3.5,5.4,5.6,Passed,7.4,,
SU2019,SU2019-class 8,7,1905ADJJJC,,6.6,6.5,6,5.1,6.1,Passed,7.4,,
SU2019,SU2019-class 8,8,1905ACJDJF,,8.6,5,5,4,5.5,Passed,7.6,,
SU2019,SU2019-class 8,9,1905ACJEFH,,0,0,0,0,0,Not Passed,0,,
SU2019,SU2019-class 8,10,1905ACJAIF,,6.5,5.5,4.5,3.3,4.6,Not Passed,4,,
SU2019,SU2019-class 8,11,1905ACJFGJ,,2.1,0,0,0,0.6,Not Passed,3,,
SU2019,SU2019-class 8,12,1905ACJGJC,,7.4,5,2,0,3.3,Not Passed,6.7,,
SU2019,SU2019-class 8,13,1905ACJBCA,,8.5,5,4.5,4.2,5.4,Passed,7.6,,
SU2019,SU2019-class 8,14,1905ACJEDD,,8.9,5,3.5,2.8,4.7,Not Passed,6.2,,
SU2019,SU2019-class 8,15,1905ACJGBJ,,8.9,5.5,5,4.1,5.6,Passed,7.3,,
SU2019,SU2019-class 8,16,1905ACJECE,,3.5,0,0,0,0.8,Not Passed,2.8,,
SU2019,SU2019-class 8,17,1905ACJGBA,,8.9,7,8,4.5,6.9,Passed,8,,
SU2019,SU2019-class 8,18,1905FBCFA,,3.6,0,0,0,0.9,Not Passed,3.5,,
SU2019,SU2019-class 8,19,1905ACJJEI,,8.9,6.5,6,4.9,6.3,Passed,6.9,,
SU2019,SU2019-class 8,20,1905ACJAFG,,4.1,0,0,0,0.6,Not Passed,0,,
SU2019,SU2019-class 8,21,1905ACJAIB,,4.7,0,0,0,0.9,Not Passed,2.3,,
SU2019,SU2019-class 8,22,1905ACJDCA,,7.5,5,2,4.3,4.6,Not Passed,6.9,,
SU2019,SU2019-class 8,23,1905ACJFJB,,8.8,4.5,3.5,5,5.3,Passed,6.8,,
SU2019,SU2019-class 8,24,1905ACJAIJ,,5.5,0,0,0,1.1,Not Passed,3,,
SU2019,SU2019-class 8,25,1905ACJCHB,,8.6,3.5,2.5,0,3.3,Not Passed,6.7,,
SU2019,SU2019-class 8,26,1905ACJFII,,8.9,7,8.5,4,6.7,Passed,6.7,,
SU2019,SU2019-class 8,27,1905FBGDH,,7.3,4,4,3.5,4.3,Not Passed,3.2,,
SU2019,SU2019-class 8,28,1905ACJBFE,,8.6,5,4.5,5.5,5.8,Passed,7.2,,
SU2019,SU2019-class 8,29,1905ACJEBI,,9,4.5,3.5,4.8,5.3,Passed,7.8,,
SU2019,SU2019-class 9,1,1905ACJGAG,,4.3,0,0,0,1,Not Passed,3.8,,
SU2019,SU2019-class 9,2,1905ADJAJI,,8.8,5,6,6.9,6.6,Passed,6.8,,
SU2019,SU2019-class 9,3,1905ADJDFC,,8.2,4,2,0,3.2,Not Passed,6.7,,
SU2019,SU2019-class 9,4,1905ADJGDA,,7.1,7.5,6,6,6.7,Passed,8,,
SU2019,SU2019-class 9,5,1905ADJJCH,,7.3,5,8,4.2,5.9,Passed,5.5,,
SU2019,SU2019-class 9,6,1905ADJGGA,,4.7,0,0,0,1.1,Not Passed,3.5,,
SU2019,SU2019-class 9,7,1905ADAJGE,,8,6,9,5.8,7.1,Passed,7.2,,
SU2019,SU2019-class 9,8,1905FBIFC,,0.4,0,0,0,0.1,Not Passed,0,,
SU2019,SU2019-class 9,9,1905ACJGCF,,7.6,5,3,5,5.1,Passed,6.9,,
SU2019,SU2019-class 9,10,1905FCBFE,,1.4,0,0,0,0.4,Not Passed,2.3,,
SU2019,SU2019-class 9,11,1905FCEDE,,0,0,0,0,0,Not Passed,0,,
SU2019,SU2019-class 9,12,1905ADJEJI,,8.3,7.5,4.5,3.5,5.7,Not Passed,7.9,,
SU2019,SU2019-class 9,13,1905ADJABF,,9.4,7.5,4,5.5,6.2,Passed,6.5,,
SU2019,SU2019-class 9,14,1905ADJJJG,,9.7,8.5,8,4.4,7.3,Passed,8.5,,
SU2019,SU2019-class 9,15,1905ADJCBI,,8.3,5,3.5,6.2,5.7,Passed,7.4,,
SU2019,SU2019-class 9,16,1905ADJJID,,8.7,5,5,5.5,5.9,Passed,7.4,,
SU2019,SU2019-class 9,17,1905FCCAA,,7.7,4,3,4,4.2,Not Passed,2.5,,
SU2019,SU2019-class 10,1,1905FBFCD,,0,0,0,0,0,Not Passed,0,,
SU2019,SU2019-class 10,2,1905ACJDAI,,6.5,8,4,3.2,5,Not Passed,5,,
SU2019,SU2019-class 10,3,1905ACJGCA,,6.9,9,7,4.3,6.3,Passed,4.5,,
SU2019,SU2019-class 10,4,1905ACJFHB,,7.3,6.5,7.5,4.8,6.4,Passed,6.4,,
SU2019,SU2019-class 10,5,1905ADJJFB,,7.5,8,9,5.6,7.3,Passed,6.8,,
SU2019,SU2019-class 10,6,1905ACJJII,,7.6,8.5,9,5.6,7.5,Passed,6.8,,
SU2019,SU2019-class 10,7,1905ACJFJH,,8.6,7.5,7,3.7,6.5,Not Passed,8.7,,
SU2019,SU2019-class 10,8,1905ACJCJH,,5.1,1,4,2.8,3.5,Not Passed,6.5,,
SU2019,SU2019-class 10,9,1905ACJDEA,,7.4,7,4.5,4.8,5.6,Passed,5,,
SU2019,SU2019-class 10,10,1905ACJGBI,,6.3,7,7,4.3,6.1,Passed,7,,
SU2019,SU2019-class 10,11,1905ACJBEH,,6.8,1,3.5,3.7,3.4,Not Passed,2.3,,
SU2019,SU2019-class 10,12,1905ACJDFI,,7.4,6,7,4,5.9,Passed,6,,
SU2019,SU2019-class 10,13,1905ACJDEJ,,4.4,3,5.5,4,4.5,Not Passed,7,,
SU2019,SU2019-class 10,14,1905ACJEAE,,8,7,8,4.7,6.6,Passed,5.7,,
SU2019,SU2019-class 10,15,1905ACJEDB,,2.1,0,0,0,0.6,Not Passed,3.3,,
SU2019,SU2019-class 10,16,1905ACJCBH,,1.1,0,0,3.8,1.7,Not Passed,3.5,,
SU2019,SU2019-class 10,17,1905ACJCII,,4.6,0,5,0,2.6,Not Passed,6.4,,
SU2019,SU2019-class 10,18,1905FBIEI,,0,0,0,0,0,Not Passed,0,,
SU2019,SU2019-class 10,19,1905ACJFEI,,6,3.5,4,3,4,Not Passed,5.1,,
SU2019,SU2019-class 10,20,1905ACJFGG,,9.1,8.5,9,6.8,8.1,Passed,7.7,,
SU2019,SU2019-class 10,21,1905ACJAEG,,7,7.5,6,4.7,6.3,Passed,8.4,,
SU2019,SU2019-class 10,22,1905FCDFH,,6.1,4.5,5.5,5.5,5.4,Passed,5.3,,
SU2019,SU2019-class 10,23,1905ACJEIG,,2,0,0,0,0.3,Not Passed,0,,
SU2019,SU2019-class 10,24,1905FBJEB,,5.1,7,7,5,5.6,Passed,2.3,,
SU2019,SU2019-class 10,25,1905ACJFBH,,5.9,6,4,4.7,5.1,Passed,6.5,,
SU2020,SU2020-class 1,1,1905ADAJIG,,7.5,7.6,5,5,6.1,Passed,7.3,,
SU2020,SU2020-class 1,2,1905ACJFHE,,5.7,5.9,6,4.2,5.6,Passed,8.5,,
SU2020,SU2020-class 1,3,1905ACJBGI,,6.2,6.5,3,4.2,5.1,Passed,8.5,,
SU2020,SU2020-class 1,4,1905ADAJAE,,6.6,6.8,6,5.8,6.4,Passed,8,,
SU2020,SU2020-class 1,5,1905ADJFGF,,7.7,7.9,8,5.8,7.3,Passed,7.8,,
SU2020,SU2020-class 1,6,1905ADJEIF,,2.6,3.3,0,0,1.1,Attendance Fail,0,,
SU2020,SU2020-class 1,7,1905ADJHHG,,7.6,7.8,4,5.8,6.3,Passed,8.8,,
SU2020,SU2020-class 1,8,1905ACJAFG,,0,0,0,0,0,Attendance Fail,0,,
SU2020,SU2020-class 1,9,1905ACJAIB,,5.5,5.4,6,3.3,5.2,Not Passed,8,,
SU2020,SU2020-class 1,10,1905ADJHFF,,0,0,0,0,0,Attendance Fail,0,,
SU2020,SU2020-class 1,11,1905ADJFJE,,0.6,0.8,0,0,0.3,Attendance Fail,0,,
SU2020,SU2020-class 1,12,1905ACJJFD,,2.4,1.8,1,0,1.6,Not Passed,6.5,,
SU2020,SU2020-class 1,13,1905ADJCIG,,7.7,7.9,4,4.7,5.9,Passed,7.8,,
SU2020,SU2020-class 1,14,1905ADJEAE,,1.4,1.8,0,0,0.6,Attendance Fail,0,,
SU2020,SU2020-class 1,15,1905ADJFAD,,7,7,3,4.7,5.5,Passed,8.4,,
SU2020,SU2020-class 2,1,1905ACJFFB,,1.4,1.8,1,0,0.8,Attendance Fail,0,,
SU2020,SU2020-class 2,2,1905ADJCHB,,8.1,8.1,7,5.8,7.1,Passed,7.4,,
SU2020,SU2020-class 2,3,1905ADJGDF,,5.9,5.6,6,6,5.9,Passed,5.9,,
SU2020,SU2020-class 2,4,1905ADAJAA,,6.4,6.5,2,5,5,Passed,7.6,,
SU2020,SU2020-class 2,5,1905ACJDGB,,0,0,0,0,0,Attendance Fail,0,,
SU2020,SU2020-class 2,6,1905ADJBIH,,7.3,7.4,3,5.3,5.6,Passed,7.3,,
SU2020,SU2020-class 2,7,1905ACJAGE,,5.4,5.3,2,5,4.7,Not Passed,8.3,,
SU2020,SU2020-class 2,8,1905ACJGEI,,4.6,5.8,1,3.3,3.8,Not Passed,7.5,,
SU2020,SU2020-class 2,9,1905ACJJJB,,5.7,5.6,1,3.8,4,Not Passed,6.4,,
SU2020,SU2020-class 2,10,1905FCABE,,1.2,1.5,1,4.3,2.5,Not Passed,4.7,,
SU2020,SU2020-class 2,11,1905ADJHIB,,7.5,7.6,4,6.3,6.2,Passed,6.2,,
SU2020,SU2020-class 2,12,1905ADJDBG,,7.2,7.3,5,5,6,Passed,7.3,,
SU2020,SU2020-class 2,13,1905ACJJJF,,6.5,6.5,1,4,4.5,Not Passed,7.9,,
SU2020,SU2020-class 2,14,1905ADAJBB,,7.4,7.8,6,4.7,6.6,Passed,9.8,,
SU2020,SU2020-class 2,15,1905ADJEED,,4.2,4,5,6.5,5.3,Passed,6.3,,
SU2020,SU2020-class 2,16,1905ADJHHJ,,6.9,7.1,4,4.2,5.4,Passed,6.9,,
SU2020,SU2020-class 2,17,1905ACJJDB,,6.5,6.6,4,5.5,5.7,Passed,7.3,,
SU2020,SU2020-class 2,18,1905ACJJIE,,5.8,5.8,4,3.3,5,Not Passed,10,,
SU2020,SU2020-class 2,19,1905ADJDHF,,6.8,6.8,2,5.2,5.1,Passed,7,,
SU2020,SU2020-class 2,20,1905ACJEDF,,5.7,7.1,2,2.5,4.4,Not Passed,8.9,,
SU2020,SU2020-class 2,21,1905ADJBEG,,6.8,6.8,3,4.2,5.3,Passed,9.3,,
SU2020,SU2020-class 3,1,1905ADJCCE,,6.9,7,7,4,6.2,Passed,8,,
SU2020,SU2020-class 3,2,1905ADAJCJ,,0,0,0,0,0,Attendance Fail,0,,
SU2020,SU2020-class 3,3,1905ADJEAJ,,3.8,7,4.5,5,5.5,Passed,8.8,,
SU2020,SU2020-class 3,4,1905ADJGJB,,2.4,0,0,0,0.7,Not Passed,3,,
SU2020,SU2020-class 3,5,1905ACJDBH,,6.8,5.5,4.5,5,5.7,Passed,9.5,,
SU2020,SU2020-class 3,6,1905ADJIDD,,7.8,7.5,8,5.7,7.3,Passed,8.9,,
SU2020,SU2020-class 3,7,1905ADJJBA,,0,0,0,0,0,Attendance Fail,0,,
SU2020,SU2020-class 3,8,1905ACJDEE,,4,0,0,0,1,Not Passed,3.8,,
SU2020,SU2020-class 3,9,1905ADJHEE,,4.1,0,0,0,1,Not Passed,3.5,,
SU2020,SU2020-class 3,10,1905ADJEFA,,5.8,6,6,4.3,5.7,Passed,8.3,,
SU2020,SU2020-class 3,11,1905ACJAGE,,4,0,0,0,1.3,Not Passed,6.8,,
SU2020,SU2020-class 3,12,1905ADJEGE,,7,5.5,5.5,3.8,5.6,Not Passed,9.3,,
SU2020,SU2020-class 3,13,1905ADJGIC,,5.3,6.5,6.5,4.7,5.7,Passed,5.5,,
SU2020,SU2020-class 3,14,1905ADJCDC,,7.3,7.5,7,5.8,6.8,Passed,6.8,,
SU2020,SU2020-class 3,15,1905FCABE,,5.6,4.5,4.5,4.2,4.7,Not Passed,6,,
SU2020,SU2020-class 3,16,1905ADJIBI,,5.4,0,0,0,1.2,Not Passed,4,,
SU2020,SU2020-class 3,17,1905ADAJBA,,5.4,0,0,0,1.2,Not Passed,3.5,,
SU2020,SU2020-class 3,18,1905ADAJHF,,6.1,6,3.5,2.8,4.7,Not Passed,8.5,,
SU2020,SU2020-class 3,19,1905ADJBAJ,,0,0,0,0,0,Attendance Fail,0,,
SU2020,SU2020-class 3,20,1905ADJACJ,,6.1,6,5.5,4.8,5.8,Passed,8.3,,
SU2020,SU2020-class 3,21,1905ADAAHH,,5.8,7,6,4.2,5.9,Passed,8.5,,
SU2020,SU2020-class 3,22,1905ADJDGJ,,7.9,7,6,4,6.2,Passed,9,,
SU2020,SU2020-class 3,23,1905ADJHEI,,7.2,6,6.5,4.2,6,Passed,8.5,,
SU2020,SU2020-class 3,24,1905ADJDBH,,0,0,0,0,0,Attendance Fail,0,,
SU2020,SU2020-class 3,25,1905ACJDHD,,4.2,4.5,4.5,0,3.3,Not Passed,6.5,,
SU2020,SU2020-class 3,26,1905FADCJ,,0,0,0,0,0,Attendance Fail,0,,
SU2020,SU2020-class 4,1,1905AEAECE,,3.4,4.3,0,0,1.4,Attendance Fail,0,,
SU2020,SU2020-class 4,2,1905ADJAGH,,1.4,1.8,0,0,0.6,Attendance Fail,0,,
SU2020,SU2020-class 4,3,1905ADJFDG,,7.4,7.5,7,5.5,6,Passed,0.3,,
SU2020,SU2020-class 4,4,1905ADAJCI,,8,8.1,7,5.3,6.6,Passed,4.5,,
SU2020,SU2020-class 4,5,1905ACJAHA,,6.2,6.5,5,4.3,5,Passed,2,,
SU2020,SU2020-class 4,6,1905ADJHIF,,7.9,8,7,5.5,6.8,Passed,5.8,,
SU2020,SU2020-class 4,7,1905ADJBIH,,5.2,5,3,4.2,4.3,Not Passed,5,,
SU2020,SU2020-class 4,8,1905ADAJDH,,7.4,7.4,7,4,6.2,Passed,6.5,,
SU2020,SU2020-class 4,9,1905ADJFFB,,7,6.9,6.5,5.2,6.3,Passed,7,,
SU2020,SU2020-class 4,10,1905ACJDEJ,,6.9,6.9,6,4.7,5.8,Passed,5,,
SU2020,SU2020-class 4,11,1905ADJHDE,,5.7,5.6,3,4.8,4.8,Not Passed,6,,
SU2020,SU2020-class 4,12,1905ADAJHA,,7.5,7.5,8,5.8,7,Passed,6.8,,
SU2020,SU2020-class 4,13,1905ADJJFG,,0,0,0,0,0,Attendance Fail,0,,
SU2020,SU2020-class 4,14,1905ADJCFE,,0,0,0,0,0,Attendance Fail,0,,
SU2020,SU2020-class 4,15,1905ADJABJ,,3.7,3,3,0,2.1,Attendance Fail,2,,
SU2020,SU2020-class 4,16,1905ADAJCG,,7.3,7.3,6,3.3,5.6,Not Passed,6,,
SU2020,SU2020-class 4,17,1905ADJFJE,,1.2,0,0,0,0.6,Not Passed,4.5,,
SU2020,SU2020-class 4,18,1905ADJHGG,,1.6,2,0,0,0.6,Attendance Fail,0,,
SU2020,SU2020-class 4,19,1905FCBFE,,4.1,3.5,3,0,2.6,Not Passed,5.5,,
SU2020,SU2020-class 4,20,1905ADJGFD,,6.7,6.8,5,5.7,5.7,Passed,4,,
SU2020,SU2020-class 4,21,1905ACJJDB,,2.9,3.6,5,0,2.4,Attendance Fail,0,,
SU2020,SU2020-class 4,22,1905ADJIHH,,4.8,4.3,7,4.2,5.1,Passed,5.5,,
SU2020,SU2020-class 4,23,1905ADJHHA,,8,8.1,5,4.3,6,Passed,6.5,,
SU2020,SU2020-class 4,24,1905ACJEIF,,5.6,5.4,4,4.5,4.7,Not Passed,4.5,,
SU2020,SU2020-class 4,25,1905ADJHIE,,5.9,5.6,6,5.2,5.3,Passed,2.5,,
SU2020,SU2020-class 4,26,1905ADJCCD,,0,0,0,0,0,Attendance Fail,0,,
SU2020,SU2020-class 4,27,1905ADJGJD,,0,0,0,0,0,Attendance Fail,0,,
SU2020,SU2020-class 5,1,1905ADJHCE,,7.6,7,6,4.2,5.9,Passed,5.8,,
SU2020,SU2020-class 5,2,1905ACJAGI,,0,0,0,0,0,Attendance Fail,0,,
SU2020,SU2020-class 5,3,1905ADJEAC,,3.5,6,6.5,6.7,6.1,Passed,7,,
SU2020,SU2020-class 5,4,1905ACJBBB,,6.9,6,5,5.7,5.8,Passed,5.8,,
SU2020,SU2020-class 5,5,1905ADAJBJ,,6.8,7,7,7.2,7.1,Passed,7.8,,
SU2020,SU2020-class 5,6,1905ADAACH,,6.7,6,5.5,4.3,5.4,Passed,5.8,,
SU2020,SU2020-class 5,7,1905ADJIIA,,7.2,6,5.5,4.8,5.7,Passed,6.3,,
SU2020,SU2020-class 5,8,1905ADJCEB,,7.8,8,8,8.3,7.9,Passed,6.5,,
SU2020,SU2020-class 5,9,1905ADJIAC,,5,5.5,6,4.5,5.3,Passed,5.5,,
SU2020,SU2020-class 5,10,1905ADAJAD,,5.4,5.5,5,6.7,5.8,Passed,6.3,,
SU2020,SU2020-class 5,11,1905ADJCBD,,6.2,7.5,7.5,6.5,6.8,Passed,5.8,,
SU2020,SU2020-class 5,12,1905ADJCHA,,6.6,6,6,4,5.4,Passed,5,,
SU2020,SU2020-class 5,13,1905ADAJEC,,5.3,5.5,5,4.5,5,Passed,5.3,,
SU2020,SU2020-class 5,14,1905ADJHFI,,5.2,6,5.5,4.3,5.4,Passed,7.5,,
SU2020,SU2020-class 5,15,1905ADJGCH,,7.8,7,7,5,6.5,Passed,7,,
SU2020,SU2020-class 5,16,1905ADJHCH,,4.6,6,6,7.5,6.3,Passed,6.5,,
SU2020,SU2020-class 5,17,1905ADJGJC,,8.2,7.5,6.5,5.3,6.7,Passed,7.5,,
SU2020,SU2020-class 5,18,1905ADJHEA,,6.6,5.5,5,5.5,5.5,Passed,5.3,,
SU2020,SU2020-class 5,19,1905ADJCID,,7.3,6.5,7,3.5,5.8,Not Passed,5.8,,
SU2020,SU2020-class 5,20,1905ADJHIH,,5.6,5.5,5.5,0,3.7,Not Passed,3.8,,
SU2020,SU2020-class 5,21,1905ADAJFA,,2.1,0,0,0,0.3,Attendance Fail,0,,
SU2020,SU2020-class 5,22,1905ADJEDA,,8,7.5,7,7.3,7.4,Passed,7.5,,
SU2020,SU2020-class 5,23,1905ADJHEJ,,7.6,7,7,6.7,7,Passed,7.3,,
SU2020,SU2020-class 5,24,1905ADJIJA,,6.6,5.5,5,4.7,5.2,Passed,4.3,,
SU2020,SU2020-class 5,25,1905ADJJAE,,6.6,6,5,4.7,5.6,Passed,7.3,,
SU2020,SU2020-class 5,26,1905ADAJJA,,5.8,6,5,6.3,6,Passed,7.5,,
SU2020,SU2020-class 5,27,1905ADJBJA,,6.8,5,5,8.2,6.3,Passed,5.3,,
SU2020,SU2020-class 5,28,1905FCCJI,,0,0,0,0,0,Attendance Fail,0,,
SU2020,SU2020-class 5,29,1905ADJCAC,,7.8,9,8.5,6.3,7.7,Passed,7.5,,
SU2020,SU2020-class 5,30,1905ADJDBF,,5.3,6,6,7.5,6.2,Passed,4.5,,
SU2020,SU2020-class 6,1,1905ADJCHD,,5.4,4.5,1,0,2.5,Not Passed,4.9,,
SU2020,SU2020-class 6,2,1905ACJCAC,,6.2,3.5,3.5,3.2,4.4,Not Passed,9,,
SU2020,SU2020-class 6,3,1905ADAJAA,,1.2,0,0,0,0.2,Attendance Fail,0,,
SU2020,SU2020-class 6,4,1905ADJGEE,,0,0,0,0,0.4,Attendance Fail,4.3,,
SU2020,SU2020-class 6,5,1905ACJJCB,,5.4,3,1,0,2.3,Not Passed,6.5,,
SU2020,SU2020-class 6,6,1905ACJBFG,,6.2,0,1,0,1.6,Not Passed,3.8,,
SU2020,SU2020-class 6,7,1905ADJHFA,,0,0,0,0,0.4,Not Passed,4,,
SU2020,SU2020-class 6,8,1905ADJIJG,,9.3,8,9,6,7.9,Passed,8.3,,
SU2020,SU2020-class 6,9,1905ADAABF,,4.5,0,0,0,1,Not Passed,3,,
SU2020,SU2020-class 6,10,1905ADJHAC,,0,0,0,0,0,Attendance Fail,0,,
SU2020,SU2020-class 6,11,1905ADJIIH,,6.6,6,6.5,4.7,5.6,Passed,4.2,,
SU2020,SU2020-class 6,12,1905ADJDGH,,0,0,0,0,0,Attendance Fail,0,,
SU2020,SU2020-class 6,13,1905ADJHBB,,2.6,6,6,4,5.1,Passed,8.3,,
SU2020,SU2020-class 6,14,1905ADJHHG,,5.4,4.5,3.5,4.8,4.8,Not Passed,8,,
SU2020,SU2020-class 6,15,1905ACJEBB,,1.2,0,0,0,0.2,Not Passed,0,,
SU2020,SU2020-class 6,16,1905ACJJDD,,4.4,6,8,3.3,5.6,Not Passed,7.5,,
SU2020,SU2020-class 6,17,1905ADJEAD,,5.8,2,2.5,0,2.6,Not Passed,7.3,,
SU2020,SU2020-class 6,18,1905ACJAHI,,0,0,0,0,0,Attendance Fail,0,,
SU2020,SU2020-class 6,19,1905ADJAIB,,5.4,5,5,4,5.1,Passed,8.3,,
SU2020,SU2020-class 6,20,1905ADJEFG,,0,0,0,0,0,Attendance Fail,0,,
SU2020,SU2020-class 6,21,1905ADAJJD,,0,0,0,0,0,Attendance Fail,0,,
SU2020,SU2020-class 6,22,1905ADJDEB,,5.6,4,1,0,2.5,Not Passed,6.5,,
SU2020,SU2020-class 6,23,1905ADJFBA,,0,0,0,0,0,Attendance Fail,0,,
SU2020,SU2020-class 6,24,1905ADAJHI,,7.4,4,3.5,4.5,5,Passed,8.1,,
SU2020,SU2020-class 6,25,1905ADAJAG,,6,6,6.5,4,5.7,Passed,7.3,,
SU2020,SU2020-class 6,26,1905ADJIBC,,0,0,0,0,0,Attendance Fail,0,,
SU2020,SU2020-class 6,27,1905ADJDHJ,,1.5,0,0,0,0.2,Not Passed,0,,
SU2020,SU2020-class 6,28,1905ADJABH,,5.3,4.5,5,4.5,4.9,Not Passed,5.9,,
SU2020,SU2020-class 6,29,1905FBCDD,,0,0,0,0,0,Attendance Fail,0,,
SU2020,SU2020-class 7,1,1905ADJJGG,,7,8,8.5,6.3,7.4,Passed,7,,
SU2020,SU2020-class 7,2,1905ADJEHF,,6.4,6.5,6.5,4.8,6.1,Passed,7.8,,
SU2020,SU2020-class 7,3,1905ADJEJF,,6.2,5,6.5,4.2,5.4,Passed,5.5,,
SU2020,SU2020-class 7,4,1905ADJHFB,,7.2,8,8.5,5.3,7.1,Passed,7,,
SU2020,SU2020-class 7,5,1905ADJIAI,,6,6,6,4.2,5.7,Passed,8,,
SU2020,SU2020-class 7,6,1905ACJJBG,,5.4,5,5,4,5,Passed,7.5,,
SU2020,SU2020-class 7,7,1905ADAABG,,6.4,7,6.5,5.3,6.3,Passed,7.5,,
SU2020,SU2020-class 7,8,1905ADJGGC,,6.8,6,7,7.8,7.2,Passed,9,,
SU2020,SU2020-class 7,9,1905ADJCGG,,5.2,5,8.5,6.8,6.6,Passed,6.3,,
SU2020,SU2020-class 7,10,1905ADJJAC,,7.4,8.5,8,6.3,7.5,Passed,7.5,,
SU2020,SU2020-class 7,11,1905ADJAGI,,6.9,7,6.5,6.7,6.7,Passed,6.5,,
SU2020,SU2020-class 7,12,1905ADJHDB,,6.8,6.5,7,6.2,6.7,Passed,8,,
SU2020,SU2020-class 7,13,1905ADJCGH,,7,5,7.5,6.8,6.8,Passed,8.3,,
SU2020,SU2020-class 7,14,1905ADJJCA,,1.2,0,0,0,0.2,Attendance Fail,0,,
SU2020,SU2020-class 7,15,1905ADJIEB,,6.9,6,6.5,4.8,6,Passed,7.3,,
SU2020,SU2020-class 7,16,1905ADJCED,,6.8,6,6.5,5.2,6.3,Passed,9,,
SU2020,SU2020-class 7,17,1905ADJIFB,,7.1,7.5,7,5.7,6.9,Passed,8.5,,
SU2020,SU2020-class 7,18,1905ADJEDH,,6.7,6.5,6,3.8,5.6,Not Passed,6.8,,
SU2020,SU2020-class 7,19,1905ADJCII,,4.5,5,5,4.8,5.1,Passed,7,,
SU2020,SU2020-class 7,20,1905ADAACD,,6.4,6.5,7,5.2,6.3,Passed,7.5,,
SU2020,SU2020-class 7,21,1905ADAADJ,,7.2,8,7,6,7.1,Passed,8.5,,
SU2020,SU2020-class 7,22,1905ADJFDB,,6.6,5.5,5,4.7,5.4,Passed,6.5,,
SU2020,SU2020-class 7,23,1905ADAJEB,,7.9,8.5,7.5,5,7.2,Passed,9,,
SU2020,SU2020-class 7,24,1905ADJHAI,,6.7,6,5.5,5.8,6.1,Passed,8,,
SU2020,SU2020-class 7,25,1905ADJHID,,6.3,5.5,5.5,7.5,6.3,Passed,6.8,,
SU2020,SU2020-class 7,26,1905ADJEEF,,6.9,6.5,6.5,7.3,6.9,Passed,7,,
SU2020,SU2020-class 7,27,1905ADJFBD,,6.2,5.5,5.5,4.5,5.5,Passed,7.3,,
SU2020,SU2020-class 7,28,1905FCCFH,,7.4,7.5,7.5,5.3,6.9,Passed,8,,
SU2020,SU2020-class 8,1,1905ADJFGJ,,1.5,1.9,0,0,0.6,Attendance Fail,0,,
SU2020,SU2020-class 8,2,1905ADJGAI,,0,0,0,0,0,Attendance Fail,0,,
SU2020,SU2020-class 8,3,1905ADJDGA,,0,0,0,0,0,Attendance Fail,0,,
SU2020,SU2020-class 8,4,1905ACJEHJ,,7.7,8.4,6,5.5,6.6,Passed,6,,
SU2020,SU2020-class 8,5,1905ADJFBH,,5.4,5.8,6,4.3,5.5,Passed,7.5,,
SU2020,SU2020-class 8,6,1905ADJIHG,,2.8,3.5,1,0,1.4,Attendance Fail,0,,
SU2020,SU2020-class 8,7,1905ADJGFJ,,7.1,7.3,4,5.2,5.3,Passed,2,,
SU2020,SU2020-class 8,8,1905ADJHBE,,4.3,3.5,8,6.3,5.7,Passed,4.3,,
SU2020,SU2020-class 8,9,1905ADJEBB,,6.9,7,4,5.7,5.8,Passed,6.5,,
SU2020,SU2020-class 8,10,1905ADJCAG,,5.8,5.6,3,4.7,5,Passed,8,,
SU2020,SU2020-class 8,11,1905ADJFEF,,4.2,5.3,0,0,1.7,Not Passed,0,,
SU2020,SU2020-class 8,12,1905ADJGFC,,6.3,6.3,2,6.3,5,Passed,4.5,,
SU2020,SU2020-class 8,13,1905ADJGHH,,5.5,5.1,3,5.2,4.9,Not Passed,7.5,,
SU2020,SU2020-class 8,14,1905ADJBFI,,5.4,6.8,6.5,5.3,6.1,Passed,7,,
SU2020,SU2020-class 8,15,1905ADJDGB,,6.8,6.9,6,4.2,5.8,Passed,6,,
SU2020,SU2020-class 8,16,1905ACJGGA,,1,1.3,0,0,0.4,Attendance Fail,0,,
SU2020,SU2020-class 8,17,1905ADJHFE,,3.2,2.4,2,0,1.8,Not Passed,3.3,,
SU2020,SU2020-class 8,18,1905ADJGEA,,4.8,4.5,1,0,2.5,Not Passed,6.5,,
SU2020,SU2020-class 8,19,1905FCCIA,,1.2,1.5,0,0,0.5,Attendance Fail,0,,
SU2020,SU2020-class 8,20,1905ADJGGB,,4.5,3.9,3,0,2.8,Not Passed,6,,
SU2020,SU2020-class 8,21,1905ADJAIH,,7.5,7.6,7,4.2,6.4,Passed,7.8,,
SU2020,SU2020-class 8,22,1905ADJAAD,,7.7,7.8,7,4,6.4,Passed,7.3,,
SU2020,SU2020-class 8,23,1905ADJDAC,,0,0,0,0,0,Attendance Fail,0,,
SU2020,SU2020-class 8,24,1905ADJIIB,,7.3,7.6,6,7,6.9,Passed,7,,
SU2020,SU2020-class 8,25,1905ADJIJF,,7.4,7.4,7,5.2,6.7,Passed,7.5,,
SU2020,SU2020-class 8,26,1905ADJECI,,7.6,7.6,6,4,6.1,Passed,7.3,,
SU2020,SU2020-class 8,27,1905ADJEEJ,,6,5.9,2,3,4.2,Not Passed,7.5,,
SU2020,SU2020-class 9,1,1905ADJJHF,,2.9,3.6,0,0,1.2,Attendance Fail,0,,
SU2020,SU2020-class 9,2,1905ADJHGC,,0,0,0,0,0,Attendance Fail,0,,
SU2020,SU2020-class 9,3,1905ADJECE,,4.9,4.6,2,3.5,3.9,Not Passed,7,,
SU2020,SU2020-class 9,4,1905ADJHGD,,6.6,6.8,2,3.7,4.7,Not Passed,7,,
SU2020,SU2020-class 9,5,1905ADJEJC,,1.4,1.8,0,0,0.6,Attendance Fail,0,,
SU2020,SU2020-class 9,6,1905ADJBHF,,7.8,8,6,4.2,6.1,Passed,6,,
SU2020,SU2020-class 9,7,1905ADJHDG,,0.6,0,0,0,0.1,Attendance Fail,0,,
SU2020,SU2020-class 9,8,1905ADJGBI,,5.6,6,3,4.7,4.8,Not Passed,5.5,,
SU2020,SU2020-class 9,9,1905ADAJJI,,6.7,6.6,3,5.3,5.2,Passed,5.5,,
SU2020,SU2020-class 9,10,1905ADAJJB,,4.1,5.1,0,0,1.6,Attendance Fail,0,,
SU2020,SU2020-class 9,11,1905ADJHIB,,3.8,3.1,6,4.3,4.6,Not Passed,5.8,,
SU2020,SU2020-class 9,12,1905ADJCIB,,3.8,3.5,2,0,2.3,Not Passed,5,,
SU2020,SU2020-class 9,13,1905ADJEDI,,6.8,7,3,6.5,5.9,Passed,7.5,,
SU2020,SU2020-class 9,14,1905ADJGCC,,0,0,0,0,0,Attendance Fail,0,,
SU2020,SU2020-class 9,15,1905ACJCBA,,4.4,4,6,6.3,5.8,Passed,9,,
SU2020,SU2020-class 9,16,1905ACJFDA,,5.5,5.4,6,5,5.5,Passed,5.5,,
SU2020,SU2020-class 9,17,1905ADJCBE,,0,0,0,0,0,Attendance Fail,0,,
SU2020,SU2020-class 9,18,1905ADJBJC,,5.9,5.8,2,2.8,3.9,Not Passed,5.5,,
SU2020,SU2020-class 9,19,1905ADJHFF,,1,1.3,0,0,0.4,Attendance Fail,0,,
SU2020,SU2020-class 9,20,1905FBGED,,4.6,4.8,3,0,2.9,Not Passed,4.5,,
SU2020,SU2020-class 9,21,1905ADJBDD,,4.9,5.9,1,0,2.4,Attendance Fail,2.5,,
SU2020,SU2020-class 9,22,1905ADAABB,,5.4,5.3,3,0,3.2,Not Passed,5.5,,
SU2020,SU2020-class 9,23,1905FCADA,,0.8,1,0,0,0.3,Attendance Fail,0,,
SU2020,SU2020-class 9,24,1905ADJGFG,,0,0,0,0,0,Attendance Fail,0,,
SU2020,SU2020-class 9,25,1905ADJDFI,,6.8,7,5,4.5,5.6,Passed,6,,
SU2020,SU2020-class 9,26,1905ADJCAF,,0,0,0,0,0,Attendance Fail,0,,
SU2020,SU2020-class 9,27,1905FCDCE,,0,0,0,0,0,Attendance Fail,0,,
SU2020,SU2020-class 9,28,1905ADJEID,,7.3,7.6,5,6.8,6.6,Passed,6.5,,
SU2020,SU2020-class 9,29,1905ADJCAD,,4.2,3.8,0,0,1.8,Not Passed,4.5,,
SU2020,SU2020-class 9,30,1905ACJEIB,,7.2,7.4,3,4.2,5,Passed,4.5,,
SU2021,SU2021-class 1,1,1905AEJAFF,,,7.7,,6.6,7.4,Passed,8.4,8.1,7.5
SU2021,SU2021-class 1,2,1905ADJGBI,,,7.8,,6,6.6,Passed,8.8,6.9,5.5
SU2021,SU2021-class 1,3,1905ADJICI,,,0,,0,0,Attendance Fail,0,0,0
SU2021,SU2021-class 1,4,1905AFJADH,,,7.9,,6.8,7.9,Passed,7.6,8.4,9
SU2021,SU2021-class 1,5,1905ADAJCE,,,6.5,,6.6,5.4,Passed,8.1,4.5,3
SU2021,SU2021-class 1,6,1905ADJCFG,,,2.4,,0,0.6,Attendance Fail,0,1.4,0
SU2021,SU2021-class 1,7,1905ADJHIH,,,7,,6.4,6.4,Passed,7.7,5.2,6
SU2021,SU2021-class 1,8,1905AFJACE,,,8.2,,6,6.9,Passed,8.4,8,6
SU2021,SU2021-class 1,9,1905AFJBIE,,,7.4,,7.8,8,Passed,8.7,8.9,8
SU2021,SU2021-class 1,10,1905FADCJ,,,0,,0,0,Attendance Fail,0,0,0
SU2021,SU2021-class 2,1,1905AEJFAG,,,6,,6.2,7.4,Passed,8.8,7.3,9
SU2021,SU2021-class 2,2,1905AEJFCE,,,6,,6.2,6.5,Passed,2.5,5.3,9
SU2021,SU2021-class 2,3,1905AEABGH,,,7,,7.8,8.1,Passed,9.5,7.3,9
SU2021,SU2021-class 2,4,1905AEJFHD,,,6,,8.6,7.3,Passed,8.3,6.4,7
SU2021,SU2021-class 2,5,1905AEADDD,,,8,,8.2,8.4,Passed,9.5,7,9
SU2021,SU2021-class 2,6,0405AEJDJF,,,6,,5.6,7.1,Passed,9,7.3,8.5
SU2021,SU2021-class 2,7,1905AEJGCB,,,8.5,,8.8,8.4,Passed,8.8,6.5,8.5
SU2021,SU2021-class 2,8,1905AEJGGC,,,7,,5.6,6.8,Passed,8,6.6,7.5
SU2021,SU2021-class 2,9,1905AEJFAJ,,,6,,6.6,5.9,Passed,8,2.8,5.5
SU2021,SU2021-class 2,10,1905AEJHAJ,,,8.5,,6.2,7.7,Passed,8.8,7.5,8.5
SU2021,SU2021-class 2,11,1905AEJHJB,,,7,,5.2,7,Passed,7.5,7.2,8.5
SU2021,SU2021-class 2,12,1905AEJEFE,,,7,,7.6,6.6,Passed,8,6.3,5
SU2021,SU2021-class 2,13,1905AEABHA,,,7,,8.2,5.6,Passed,8.8,7.2,0.5
SU2021,SU2021-class 2,14,1905ADJGGA,,,0,,1.2,1.5,Not Passed,7.3,4,0
SU2021,SU2021-class 2,15,1905ADJJCA,,,6,,4,3.8,Not Passed,6.3,4.8,1
SU2021,SU2021-class 2,16,1905AEJIAB,,,6,,5.2,5,Passed,4.8,5.2,4
SU2021,SU2021-class 2,17,1905AEJIAA,,,6,,8.6,7.9,Passed,8.5,7.4,8.5
SU2021,SU2021-class 2,18,1905AEJIJF,,,6,,6.6,6.4,Passed,7.5,7,6
SU2021,SU2021-class 2,19,1905AEJICA,,,9.5,,7.6,7.7,Passed,8.5,6.1,7
SU2021,SU2021-class 2,20,1905AEJIEH,,,6,,6.4,6.2,Passed,8,7.3,5
SU2021,SU2021-class 2,21,1905AEACCE,,,7,,6.8,6.7,Passed,4.5,7.4,7
SU2021,SU2021-class 2,22,1905AEJIII,,,10,,8.6,8.9,Passed,9.3,7.3,9
SU2021,SU2021-class 2,23,1905AEAJJH,,,9,,8.8,8.8,Passed,9,7.6,9
SU2021,SU2021-class 2,24,1905ACJCDI,,,6,,4.8,5.5,Passed,8,5.4,5
SU2021,SU2021-class 2,25,1905FCBFE,,,0,,0,1.8,Attendance Fail,0,2.6,5
SU2021,SU2021-class 2,26,1905AEAAJD,,,9,,7.6,8.4,Passed,9.3,7.3,9
SU2021,SU2021-class 2,27,1905AEAAAJ,,,6,,6.2,6.4,Passed,8.5,5.3,6.5
SU2021,SU2021-class 2,28,1905AEJDHH,,,8.5,,7.6,8.1,Passed,8,7.2,8.5
SU2021,SU2021-class 2,29,1905ACJEDF,,,0,,0,0.4,Attendance Fail,4.3,0,0
SU2021,SU2021-class 2,30,1905ADJHAJ,,,8.5,,4.6,7.3,Passed,8,6.8,9
SU2021,SU2021-class 2,31,1905AEAAHI,,,6,,4.6,6.6,Passed,8.3,6.1,8.5
SU2021,SU2021-class 3,1,1905AEJFBJ,,,0,,0,1.1,Not Passed,4.8,3.2,1
SU2021,SU2021-class 3,2,1905AEJEAE,,,8,,8.8,9.2,Passed,9.8,9.6,10
SU2021,SU2021-class 3,3,1905AEJFDJ,,,6,,8,7.6,Passed,9.8,9.5,7
SU2021,SU2021-class 3,4,1905AEJFDD,,,7.5,,8.6,7.3,Passed,9.1,9.4,4.5
SU2021,SU2021-class 3,5,1905AEJFEB,,,7,,6.8,7.8,Passed,9.8,9.6,8
SU2021,SU2021-class 3,6,1905ADJEFJ,,,4,,6.6,4.8,Not Passed,9.2,7.6,1
SU2021,SU2021-class 3,7,1905AEJGJG,,,7,,5.4,6.6,Passed,8.8,8.9,6
SU2021,SU2021-class 3,8,1905ACJCGI,,,4,,5.6,5.7,Passed,9.6,7.7,5
SU2021,SU2021-class 3,9,1905ACJDEE,,,0,,3.4,3.8,Not Passed,9.5,6.5,4
SU2021,SU2021-class 3,10,1905ADJFHE,,,0,,0,1.9,Not Passed,9.3,7.1,1
SU2021,SU2021-class 3,11,1905AEJGFC,,,5.5,,8.2,7.3,Passed,9.4,9.6,6
SU2021,SU2021-class 3,12,1905AEJJGD,,,8,,7.6,7.3,Passed,9.7,7.7,5.5
SU2021,SU2021-class 3,13,1905AEJAEF,,,4,,8,6.9,Passed,9.6,9.4,6
SU2021,SU2021-class 3,14,1905AEACDJ,,,6.5,,7.8,8.1,Passed,9.6,9.6,8.5
SU2021,SU2021-class 3,15,1905AEJHHB,,,6,,7.2,6.9,Passed,9.6,9.3,5.5
SU2021,SU2021-class 3,16,1905ADAJHF,,,0,,0,0,Not Passed,0,0,0
SU2021,SU2021-class 3,17,1905ADJGCC,,,0,,0,0,Not Passed,0,0,0
SU2021,SU2021-class 3,18,1905AEJAAD,,,8,,8.6,9.1,Passed,9.8,9.6,10
SU2021,SU2021-class 3,19,1905AEJBJG,,,4,,7.8,7.4,Passed,9.4,9.5,8
SU2021,SU2021-class 3,20,1905ADJDJI,,,7.5,,7.8,8.6,Passed,9.9,9.5,9.5
SU2021,SU2021-class 3,21,1905ACJCHC,,,0,,7,5.4,Not Passed,9.3,7.2,5.5
SU2021,SU2021-class 3,22,1905AEJIGH,,,5.5,,5.6,6.1,Passed,9.1,9.2,5
SU2021,SU2021-class 3,23,1905ADJEGI,,,4,,6.4,5.4,Passed,8.9,8.6,3
SU2021,SU2021-class 3,24,1905AEJABI,,,6.5,,5.8,7,Passed,9.9,8.3,7
SU2021,SU2021-class 3,25,1905ADJEDH,,,4,,7.2,5.5,Passed,6.3,7.4,4
SU2021,SU2021-class 3,26,1905AEACHH,,,5.5,,7.6,7,Passed,9.4,9.2,6
SU2021,SU2021-class 3,27,1905ACJJEE,,,0,,0,2.5,Not Passed,4.7,5.1,5
SU2021,SU2021-class 3,28,1905AEJAEE,,,4,,8,7.6,Passed,9.6,9.4,8.5
SU2021,SU2021-class 3,29,1905ADJDFE,,,0,,0,0,Not Passed,0,0,0
SU2021,SU2021-class 3,30,1905ADJEAE,,,0,,5.8,4.5,Not Passed,9.3,5.9,4
SU2021,SU2021-class 3,31,1905FADCJ,,,0,,0,0.7,Not Passed,4.5,2.9,0
SU2021,SU2021-class 4,1,1905ACJFFB,,,0,,0,1,Attendance Fail,2.3,2,2
SU2021,SU2021-class 4,2,1905ADAJHD,,,5,,4.8,5.6,Passed,6.5,6.6,6
SU2021,SU2021-class 4,3,1905ACJCJJ,,,0,,0,0,Attendance Fail,0,0,0
SU2021,SU2021-class 4,4,1905ADAJEE,,,8,,8.4,8.1,Passed,8,7.3,8
SU2021,SU2021-class 4,5,1905AEJGBI,,,0,,0,0,Attendance Fail,0,0,0
SU2021,SU2021-class 4,6,1905ADJBBH,,,5,,6.6,6.8,Passed,7.5,5.1,8.5
SU2021,SU2021-class 4,7,0405AEJBDC,,,5,,6.6,7.2,Passed,7.8,7.2,9
SU2021,SU2021-class 4,8,1905AEACCG,,,6,,0,3,Not Passed,8.3,7,1
SU2021,SU2021-class 4,9,1905ADAAIJ,,,8,,8,7.7,Passed,8.8,7.2,7
SU2021,SU2021-class 4,10,1905ADJCJJ,,,0,,0,0,Attendance Fail,0,0,0
SU2021,SU2021-class 4,11,1905ADJIGC,,,8,,6.8,7.3,Passed,8.3,7.8,7
SU2021,SU2021-class 4,12,1905AEADEG,,,9,,5.8,6.9,Passed,7.8,7.8,6
SU2021,SU2021-class 4,13,1905AEJDEJ,,,6,,4.8,6,Passed,4.8,4.4,8
SU2021,SU2021-class 4,14,1905AEADJG,,,3,,6,4.4,Not Passed,8,6,2
SU2021,SU2021-class 4,15,1905AEABBI,,,6,,8.6,7.7,Passed,8.8,8,7.5
SU2021,SU2021-class 4,16,1905ACJEJC,,,3,,5.8,4.8,Not Passed,6.3,6.6,4
SU2021,SU2021-class 4,17,1905ADJCAH,,,0.5,,0,1.7,Not Passed,6.5,6.8,1
SU2021,SU2021-class 4,18,1905AEAJDD,,,6,,7.8,7.1,Passed,7.8,7.3,7
SU2021,SU2021-class 4,19,1905AEADGH,,,9,,8.2,8.4,Passed,8.3,7.7,8.5
SU2021,SU2021-class 4,20,1905ADAAJA,,,8,,5.4,6.7,Passed,4.8,7.1,7.5
SU2021,SU2021-class 4,21,1905ADJEGA,,,5,,6.2,6.5,Passed,3.8,7.4,8.5
SU2021,SU2021-class 4,22,1905ADJGFG,,,0,,0,0.6,Attendance Fail,3,3.4,0
SU2021,SU2021-class 4,23,0405AEJCIF,,,8,,8.4,7.8,Passed,8,7.4,7
SU2021,SU2021-class 4,24,1905ACJEIF,,,5,,7.2,6.9,Passed,3.3,7.1,9
SU2021,SU2021-class 4,25,1905AEAABH,,,0,,0,0,Attendance Fail,0,0,0
SU2021,SU2021-class 4,26,1905AEAACH,,,6,,6.4,6.5,Passed,7.8,7.8,6
SU2021,SU2021-class 4,27,1905AEAACB,,,6,,7.6,7.7,Passed,8.8,7.7,8.5
SU2021,SU2021-class 4,28,1905AEACIH,,,6,,5.8,6.3,Passed,8,4.3,7
SU2021,SU2021-class 4,29,1905ACJDFG,,,3,,6.2,5.2,Passed,5.5,6.8,5
SU2021,SU2021-class 4,30,1905FCCJI,,,0,,0,0,Attendance Fail,0,0,0
SU2021,SU2021-class 4,31,1905ADAJCB,,,8,,5.8,7.1,Passed,8.8,7.4,7
SU2022,SU2022-class 1,1,1905AGAJAC,,,8.8,,6.4,6.9,Passed,10,7.3,5
SU2022,SU2022-class 1,2,1905AFJHIA,,,9.2,,3.8,4.7,Is Susspended,9.5,8,0
SU2022,SU2022-class 1,3,1905ADJAGH,,,9.2,,4.4,4.5,Is Susspended,7.5,6.2,0
SU2022,SU2022-class 1,4,1905AFJDBF,,,9.2,,4.4,7.1,Passed,10,8.1,7
SU2022,SU2022-class 1,5,1905AFJAHG,,,9.2,,7.2,8.7,Passed,10,8.3,9.5
SU2022,SU2022-class 1,6,1905AFJDIA,,,9.2,,5.4,8.1,Passed,10,8.1,9.5
SU2022,SU2022-class 1,7,1905AFJAFH,,,6.9,,6.2,7.6,Passed,10,8.1,8.5
SU2022,SU2022-class 1,8,1905AGAGGJ,,,6.9,,6.2,4.7,Not Passed,5,6.9,1
SU2022,SU2022-class 1,9,1905AFAAEA,,,6.9,,4.8,5.4,Passed,9.3,7.8,3
SU2022,SU2022-class 1,10,1905AEJGEB,,,6.9,,5.2,4.9,Not Passed,8.8,7.7,1
SU2022,SU2022-class 1,11,1905AFJCCB,,,6.9,,5,7.2,Passed,9.5,7.8,8.6
SU2022,SU2022-class 1,12,1905AFJHHE,,,6.9,,3.2,6.4,Not Passed,10,7.9,7.5
SU2022,SU2022-class 1,13,1905AFJBDC,,,8.7,,5.6,7.5,Passed,10,7.9,7.5
SU2022,SU2022-class 1,14,1905AFBAEH,,,8.7,,4.6,5.6,Passed,10,7.9,2.3
SU2022,SU2022-class 1,15,1905AFJJDA,,,9.2,,5.2,7.3,Passed,9.8,8.1,6.9
SU2022,SU2022-class 1,16,1905AGAJHE,,,8.7,,7,7.6,Passed,9,7.7,7
SU2022,SU2022-class 1,17,1905AFAJCD,,,8.7,,4.8,4.9,Is Susspended,9.5,7.8,0
SU2022,SU2022-class 1,18,1905AGADGF,,,8.7,,7.8,6.8,Passed,9.8,7.9,3.3
SU2022,SU2022-class 1,19,1905AFAJCF,,,9.3,,6.8,8.3,Passed,10,8,8.8
SU2022,SU2022-class 1,20,1905AFJDCD,,,9.3,,4.2,6.1,Passed,10,8,4
SU2022,SU2022-class 1,21,1905AFAJJE,,,9.3,,4.6,6.8,Passed,10,8,6
SU2022,SU2022-class 1,22,1905AFJIGB,,,9.3,,8.2,8.4,Passed,10,8.2,7.6
SU2022,SU2022-class 1,23,1905AFJDDI,,,9.3,,4.4,7.8,Passed,10,8,9.5
SU2022,SU2022-class 1,24,1905AFJJFI,,,9.3,,5.8,8.3,Passed,10,8.2,9.5
SU2022,SU2022-class 1,25,1905AFJECA,,,8.8,,5,7.8,Passed,10,7.3,9.5
SU2022,SU2022-class 1,26,1905ADJDFE,,,0,,0,0,Attendance Fail,0,0,0
SU2022,SU2022-class 1,27,1905AFJEED,,,8.8,,6.4,7.6,Passed,9.5,7.2,7.5
SU2022,SU2022-class 1,28,1905AFJICA,,,9.3,,8.6,8.9,Passed,9,8,9.2
SU2022,SU2022-class 1,29,1905AFJJED,,,8.8,,4,5.4,Passed,10,7.3,2.5
SU2022,SU2022-class 1,30,1905AFABCE,,,8.7,,6,7.8,Passed,10,7.9,8.3
SU2022,SU2022-class 1,31,1905AFJDBH,,,8.7,,5,5,Is Susspended,9.8,8.1,0
SU2022,SU2022-class 2,1,1905AFBJBF,,,10,,5.8,6.8,Passed,8.8,9.8,4.1
SU2022,SU2022-class 2,2,1905AEJFIF,,,8,,6.8,6,Passed,8.8,9.2,2
SU2022,SU2022-class 2,3,1905AEJGJB,,,9.5,,6.8,7.9,Passed,8.9,10,7
SU2022,SU2022-class 2,4,1905ADJGJJ,,,0,,0,0,Attendance Fail,0,0,0
SU2022,SU2022-class 2,5,1905AEADGF,,,8.3,,4.6,7.3,Passed,7.7,8.6,8.8
SU2022,SU2022-class 2,6,1905AFAHDI,,,9.5,,4.2,6.4,Passed,8.4,9.2,5
SU2022,SU2022-class 2,7,1905AEADBH,,,8.5,,4.2,4.6,Is Susspended,7.9,8.8,0
SU2022,SU2022-class 2,8,1905AEADEF,,,8,,0,1.6,Not Passed,0,0,0
SU2022,SU2022-class 2,9,1905AEJHCA,,,8.5,,6.2,7.6,Passed,9.4,9.8,7
SU2022,SU2022-class 2,10,1905AFABAD,,,8.5,,4.2,6.4,Passed,7.9,9.1,5.7
SU2022,SU2022-class 2,11,1905AEJHDD,,,9,,4.2,4.7,Is Susspended,7.8,8.6,0
SU2022,SU2022-class 2,12,1905AFAJGG,,,8.5,,5.2,6.6,Passed,8.5,9.4,5.3
SU2022,SU2022-class 2,13,1905AEACGC,,,8,,4.6,7.1,Passed,8.3,8,8.3
SU2022,SU2022-class 2,14,1905AEADBF,,,9.5,,6.2,7.7,Passed,7.8,8.7,7.8
SU2022,SU2022-class 2,15,1905AFAAJA,,,9.5,,6.6,6.5,Passed,8.7,9.6,2.5
SU2022,SU2022-class 2,16,1905AGJAFB,,,9.5,,6.8,8.6,Passed,8.9,9.8,9.3
SU2022,SU2022-class 2,17,1905ACJBFI,,,8,,0,1.6,Not Passed,0,0,0
SU2022,SU2022-class 2,18,1905AFAJEH,,,8,,4.8,5.8,Passed,7.8,8.8,3.7
SU2022,SU2022-class 2,19,1905AGJCJG,,,8.5,,4.2,6.5,Passed,9.1,9.9,5.6
SU2022,SU2022-class 2,20,1905AGJBJI,,,10,,6,8.4,Passed,9.4,10,9
SU2022,SU2022-class 2,21,1905AFAIFJ,,,10,,6.4,8.7,Passed,8.9,9.9,9.5
SU2022,SU2022-class 2,22,1905AGJJHG,,,8.5,,4.6,7.8,Passed,8.8,9.6,9.5
SU2022,SU2022-class 2,23,1905AGJBIC,,,10,,7.4,8.7,Passed,9.1,9.5,8.6
SU2022,SU2022-class 2,24,1905AFBAJD,,,8.5,,5.4,6.3,Passed,8.3,9.2,4
SU2022,SU2022-class 2,25,1905AGJJEF,,,10,,8,9.2,Passed,9.4,9.9,9.5
SU2022,SU2022-class 2,26,1905AEJECI,,,8,,6.8,6.6,Passed,8.9,8.5,4
SU2022,SU2022-class 2,27,1905AFADCB,,,8.8,,5.8,7.2,Passed,9,9.6,6
SU2022,SU2022-class 2,28,1905AFAFCF,,,10,,5,6.3,Passed,9.2,9.5,3
SU2022,SU2022-class 2,29,1905AFAIGH,,,9.5,,4.8,6.5,Passed,8.9,9.3,4.5
SU2022,SU2022-class 2,30,1901AFJACB,,,0,,0,0,Attendance Fail,0,0,0
SU2022,SU2022-class 3,1,1905AGACHF,,,8,,7.2,7.5,Passed,7.8,8.5,7
SU2022,SU2022-class 3,2,1905AGABCJ,,,8.5,,5.4,6.9,Passed,5,8.2,7.4
SU2022,SU2022-class 3,3,1905AGABIB,,,8.5,,6.2,7.2,Passed,5,8.2,7.8
SU2022,SU2022-class 3,4,1905AFJCHC,,,0,,0,0,Attendance Fail,0,0,0
SU2022,SU2022-class 3,5,0805AGIJAF,,,8.5,,8.6,9,Passed,8.8,8.3,9.9
SU2022,SU2022-class 3,6,1905AGJCHH,,,8,,5.8,7.3,Passed,9.3,8.3,7.3
SU2022,SU2022-class 3,7,1905AGAAGG,,,8.5,,6.8,7.9,Passed,9.3,6.8,8.5
SU2022,SU2022-class 3,8,1905AGJEGJ,,,8.5,,7.6,7.7,Passed,7.3,6.8,7.7
SU2022,SU2022-class 3,9,1905AGACCH,,,0,,0,0,Attendance Fail,0,0,0
SU2022,SU2022-class 3,10,1905AGAJBF,,,8.5,,5.4,7,Passed,5,6.7,8.4
SU2022,SU2022-class 3,11,1905AGCDHG,,,8.5,,7.6,7.5,Passed,5,6.7,7.8
SU2022,SU2022-class 3,12,1905AGACGH,,,8.5,,4.8,4.6,Is Susspended,8.3,6.8,0
SU2022,SU2022-class 3,13,1905AGAJHG,,,8.5,,7.2,7.2,Passed,8.8,6.8,6
SU2022,SU2022-class 3,14,1905AGAJBH,,,8.5,,7.2,8.1,Passed,8.3,8.7,8.5
SU2022,SU2022-class 3,15,1905AGAAAI,,,7,,5.4,6.8,Passed,9.3,8.5,6.8
SU2022,SU2022-class 3,16,1905AGACHG,,,7,,5.8,6.3,Passed,8.8,8.3,5
SU2022,SU2022-class 3,17,1905AFBJHH,,,8.5,,4.8,7.7,Passed,9,8.7,9.2
SU2022,SU2022-class 3,18,1905AGAJGJ,,,8,,5,6.2,Passed,6.8,7.9,5.5
SU2022,SU2022-class 3,19,1905AGAJBE,,,7.5,,6.2,6.6,Passed,5,7.8,6.5
SU2022,SU2022-class 3,20,1905AGACHE,,,7.5,,5.2,5.6,Passed,5,8.4,4
SU2022,SU2022-class 3,21,1905AGACHH,,,8,,5.6,5.8,Passed,7.8,8.5,3.1
SU2022,SU2022-class 3,22,1905AGABJJ,,,7,,4.6,6.4,Passed,8.8,8.6,6.3
SU2022,SU2022-class 3,23,1905AGJDBC,,,8,,6.2,6.6,Passed,10,8.6,4.4
SU2022,SU2022-class 3,24,1905AGAAIJ,,,8,,6.2,7.3,Passed,8.3,8.5,7.3
SU2022,SU2022-class 3,25,1905AFJIGJ,,,9,,8.6,8.8,Passed,7.3,8.7,9.5
SU2022,SU2022-class 3,26,1905AGAIEA,,,8,,4,5.7,Passed,5,8.2,5.2
SU2022,SU2022-class 3,27,1905AGACED,,,8,,7.4,7.9,Passed,7.8,8.5,8.3
SU2022,SU2022-class 3,28,1905ADJDDA,,,8,,6,6.9,Passed,8,8.3,6.1
SU2022,SU2022-class 3,29,1905AGABEG,,,8,,6.6,7.4,Passed,9.8,8.4,6.7
SU2022,SU2022-class 3,30,1905AGAABE,,,8,,5,5.1,Passed,8.5,8.3,1
SU2022,SU2022-class 3,31,1905AGJEEG,,,7,,4.4,5.5,Passed,8.8,8.3,3.5
SU2022,SU2022-class 3,32,1905AGJDDE,,,7,,7,6.4,Passed,8.3,7.9,4.2
SU2022,SU2022-class 4,1,1905AGBJDI,,,7,,5,4.9,Not Passed,6,5.4,3
SU2022,SU2022-class 4,2,1905AGBHAF,,,7,,4.2,4.4,Not Passed,7.4,7,1
SU2022,SU2022-class 4,3,1905AGAHJC,,,6,,6.4,6.7,Passed,7.9,9.2,6.2
SU2022,SU2022-class 4,4,1905AGBEEG,,,6,,6.2,7.1,Passed,7.5,8,8.4
SU2022,SU2022-class 4,5,1905AGAHDI,,,6,,7.4,8,Passed,8.2,9.2,9.5
SU2022,SU2022-class 4,6,1905AGBHGG,,,6,,8.2,7.4,Passed,8.2,8.6,7
SU2022,SU2022-class 4,7,1905AGBJDG,,,6,,6.6,4.7,Not Passed,7.4,8,0
SU2022,SU2022-class 4,8,1905AGBBCF,,,6,,6.8,5.5,Passed,8.4,8.2,2.1
SU2022,SU2022-class 4,9,1905AFADFC,,,7,,5.2,5.1,Passed,6.5,5.4,3
SU2022,SU2022-class 4,10,1905AFAECG,,,7,,4.8,6.5,Passed,7.5,6,7.8
SU2022,SU2022-class 4,11,1905AGAGJI,,,6,,5.8,6.6,Passed,7.5,8.2,6.8
SU2022,SU2022-class 4,12,1905AGAHAD,,,7,,7.2,6.5,Passed,7.5,7.2,5
SU2022,SU2022-class 4,13,1905AFADAC,,,7,,7.8,7.8,Passed,7.4,8.2,8.5
SU2022,SU2022-class 4,14,1905AGBJFE,,,7,,7.2,6.7,Passed,8,8,5
SU2022,SU2022-class 4,15,1905AGBCBE,,,6,,7,7.1,Passed,9,8,7
SU2022,SU2022-class 4,16,1905AGBCDG,,,6,,7.4,5.6,Passed,8.7,8.4,1.6
SU2022,SU2022-class 4,17,1905AFAFAF,,,6,,4.8,6.4,Passed,6.9,8.6,7.3
SU2022,SU2022-class 4,18,1905AGBFBI,,,6,,6.4,6.1,Passed,6.2,7.6,5.3
SU2022,SU2022-class 4,19,1905AGBBBG,,,6,,6,5.3,Passed,7.5,6.2,3
SU2022,SU2022-class 4,20,1905AGAIAI,,,6,,5.4,5.7,Passed,7.5,9,4
SU2022,SU2022-class 4,21,1905AEAEJC,,,7,,4.6,6.7,Passed,7.4,7.6,8.2
SU2022,SU2022-class 4,22,1905AGBCFI,,,7,,6,4.4,Not Passed,5.9,5.2,0.4
SU2022,SU2022-class 4,23,1905AGAHFA,,,7,,4.4,4.3,Not Passed,6.5,9.2,0
SU2022,SU2022-class 4,24,1905AGBJJG,,,6,,7.4,7.2,Passed,8.2,8.8,6.8
SU2022,SU2022-class 4,25,1905AFJAIA,,,7,,7.4,7.8,Passed,8.4,9,8.3
SU2022,SU2022-class 4,26,1905ADJECB,,,7,,6,6.9,Passed,7.4,8.4,7
SU2022,SU2022-class 4,27,1905AGBJCF,,,7,,4.6,5.2,Passed,7,5.4,4
SU2022,SU2022-class 4,28,1905ADJCCB,,,0,,0,0,Attendance Fail,0,0,0
SU2022,SU2022-class 4,29,1905AGADDI,,,7,,4.6,6.1,Passed,7.2,8.6,5.8
SU2022,SU2022-class 4,30,1905AGBHDJ,,,6,,4.6,4.7,Not Passed,6.8,6.8,2.5
SU2022,SU2022-class 4,31,1905AGBDAG,,,7,,6.6,7,Passed,7.4,8.6,6.7
SU2022,SU2022-class 5,1,1905AFACGI,,,7,,6.2,7.6,Passed,8.6,7.5,9
SU2022,SU2022-class 5,2,1905AFAJIF,,,7,,6,7.2,Passed,7.8,7.7,8.3
SU2022,SU2022-class 5,3,1905AGJJCI,,,6,,3.4,3.8,Not Passed,9.2,6.8,0
SU2022,SU2022-class 5,4,1905AGCADG,,,9,,5.4,7.5,Passed,9.1,8.1,7.8
SU2022,SU2022-class 5,5,1905AGJJGE,,,7,,6.6,7.4,Passed,8.9,8,7.8
SU2022,SU2022-class 5,6,1905AFJDAG,,,9,,6,7.7,Passed,9.1,8.3,7.8
SU2022,SU2022-class 5,7,1905AGBIII,,,8,,8.8,8.8,Passed,8.3,8.5,9.5
SU2022,SU2022-class 5,8,1905AGJBGJ,,,0,,0,1.4,Not Passed,6.4,7.3,0
SU2022,SU2022-class 5,9,1905FCBEH,,,0,,0,0,Attendance Fail,0,0,0
SU2022,SU2022-class 5,10,1905AGCJGD,,,6,,5.8,5.4,Passed,9.1,6.9,3
SU2022,SU2022-class 5,11,1905AGCJEC,,,6,,4.6,6.6,Passed,9.2,7.4,7.8
SU2022,SU2022-class 5,12,1905ADJCJJ,,,0,,0,0,Attendance Fail,0,0,0
SU2022,SU2022-class 5,13,1905AGCJHJ,,,8,,6.8,8,Passed,9.2,8.2,8.6
SU2022,SU2022-class 5,14,1905AGCCCI,,,7,,5,5.6,Passed,8.9,6.8,3.7
SU2022,SU2022-class 5,15,1905AGCCEB,,,7,,3.8,3.7,Not Passed,8.3,3.6,0
SU2022,SU2022-class 5,16,1905AGCJHB,,,9,,4.8,7.6,Passed,8.8,7.2,9.3
SU2022,SU2022-class 5,17,1905AFJGHA,,,9,,6.2,7.8,Passed,9.2,8.8,7.8
SU2022,SU2022-class 5,18,1905AFJHJJ,,,9,,6.6,7.9,Passed,9.1,7.9,8
SU2022,SU2022-class 5,19,1905AGBIBB,,,9,,7,8.4,Passed,8.5,8.2,9.3
SU2022,SU2022-class 5,20,1905ADJEBG,,,6,,4.6,4.2,Is Susspended,9.1,7.3,0
SU2022,SU2022-class 5,21,1905AGCFEH,,,9,,4.8,7.5,Passed,9.7,6.2,8.8
SU2022,SU2022-class 5,22,1905AGBIDB,,,8,,8,8.6,Passed,9.2,8.4,9.5
SU2022,SU2022-class 5,23,1905AFAAJC,,,7,,5,7,Passed,7.9,7.7,8.3
SU2022,SU2022-class 5,24,1905AGBIFG,,,7,,5.4,6,Passed,9.4,7.1,4.3
SU2022,SU2022-class 5,25,1905AGCEJF,,,6.5,,5.2,6.4,Passed,9.2,6.9,6.4
SU2022,SU2022-class 5,26,1905AGCJAD,,,6.5,,5.6,6.8,Passed,9.2,7.5,7.1
SU2022,SU2022-class 5,27,1905AEAAGE,,,8,,5.4,6.5,Passed,9.1,7.6,5.3
SU2022,SU2022-class 5,28,1905AGCEGG,,,6.5,,6.4,5,Passed,8.3,7,1
SU2022,SU2022-class 5,29,1905AGJCEJ,,,0,,0,1,Not Passed,2.6,6.9,0
SU2022,SU2022-class 5,30,1905ADJDDD,,,0,,0,0.5,Attendance Fail,3.9,1.6,0
SU2022,SU2022-class 6,1,1905AFAFDH,,,5,,6,6.1,Passed,4.7,6.3,7.5
SU2022,SU2022-class 6,2,1905AFADDG,,,8,,5.4,6.4,Passed,4.7,7.4,6.5
SU2022,SU2022-class 6,3,1905AFAJHD,,,8,,5.4,7.4,Passed,8.4,8.4,8.3
SU2022,SU2022-class 6,4,1905AFAFGI,,,8,,5.2,7,Passed,9.4,8.2,6.8
SU2022,SU2022-class 6,5,1905AFJBDE,,,8,,5.6,7.7,Passed,8.7,7.9,9.3
SU2022,SU2022-class 6,6,1905AFJIDD,,,8,,5,7.2,Passed,9.5,6.6,8.3
SU2022,SU2022-class 6,7,1905AFJBBC,,,8,,5.6,6.7,Passed,8.9,7.9,5.8
SU2022,SU2022-class 6,8,1905AFABDA,,,8,,5.4,7.6,Passed,7.7,7.6,9.5
SU2022,SU2022-class 6,9,1905AFAAGH,,,8,,4,6.9,Passed,8.2,8,8.2
SU2022,SU2022-class 6,10,1905AEJGFJ,,,8,,0,2.9,Not Passed,9.5,3.7,0
SU2022,SU2022-class 6,11,1905AFABEI,,,8,,4.8,6.9,Passed,7.9,7.8,7.8
SU2022,SU2022-class 6,12,1905AFJBEF,,,8,,6.2,8.1,Passed,9.5,8.6,9.5
SU2022,SU2022-class 6,13,1905AFABBA,,,5,,4.4,6.3,Passed,3.4,7.5,9.5
SU2022,SU2022-class 6,14,1905AEJHEE,,,8,,4.4,5.2,Passed,3.5,7.6,3.9
SU2022,SU2022-class 6,15,1905AFAJDH,,,8,,4.8,5.6,Passed,8.5,6.3,3.5
SU2022,SU2022-class 6,16,1905AEACFG,,,5,,0,1.9,Not Passed,4.2,5,0
SU2022,SU2022-class 6,17,1905AFAIAG,,,8,,6.4,7.7,Passed,7.2,8,8.8
SU2022,SU2022-class 6,18,1905AFBJIE,,,8,,4.6,6.4,Passed,4.4,6.5,7.8
SU2022,SU2022-class 6,19,1905AFAIDJ,,,8,,0,3.5,Not Passed,9.2,6.4,1
SU2022,SU2022-class 6,20,1905AFJBED,,,8,,8,7.9,Passed,9.2,8.1,7.2
SU2022,SU2022-class 6,21,1905AFJCAH,,,8,,6.4,8.1,Passed,8.5,8.4,9.5
SU2022,SU2022-class 6,22,1905AFAHEE,,,8,,7.2,8,Passed,9.2,7.8,8.5
SU2022,SU2022-class 6,23,1905AFABDC,,,8,,5,6.5,Passed,8.2,8,5.8
SU2022,SU2022-class 6,24,1905AFAJJF,,,8,,5,7.1,Passed,9.5,8.5,7.4
SU2022,SU2022-class 6,25,1905ADJDHH,,,5,,4.4,3.5,Not Passed,4,7.7,0
SU2022,SU2022-class 6,26,1905AEADJI,,,8,,5.6,6.8,Passed,6.5,7.5,7.2
SU2022,SU2022-class 6,27,1905AFAEGG,,,8,,4.6,6.3,Passed,9,8.3,5.3
SU2022,SU2022-class 6,28,1905AFJIFB,,,8,,6,8,Passed,9.7,8.6,9.3
SU2022,SU2022-class 6,29,1905AFBJGH,,,8,,4.2,7.4,Passed,8.7,8,9.5
SU2022,SU2022-class 6,30,1905AEAADF,,,8,,0,2.9,Not Passed,7.4,5.4,0
SU2022,SU2022-class 6,31,1905AFJHEE,,,8,,5.8,7.9,Passed,9.2,8.1,9.5
SU2022,SU2022-class 7,1,1905AFJIFA,,,5.5,,6,7.6,Passed,9.7,9.4,9.3
SU2022,SU2022-class 7,2,1905AFADFE,,,0,,0,0,Not Passed,0,0,0
SU2022,SU2022-class 7,3,1905AFAJIC,,,9,,8.8,9.3,Passed,10,10,9.5
SU2022,SU2022-class 7,4,1905AFAECE,,,9,,8.4,8.9,Passed,10,10,8.5
SU2022,SU2022-class 7,5,1905AFAIFE,,,5.5,,7,6.8,Passed,9.2,9.2,5.7
SU2022,SU2022-class 7,6,1905AFJAJD,,,9.5,,9,9.4,Passed,9.9,9.6,9.5
SU2022,SU2022-class 7,7,1905AFADEF,,,4,,5.2,5.3,Passed,9.6,7.6,4.1
SU2022,SU2022-class 7,8,1905AFAGCJ,,,2,,0,2,Not Passed,9,6.6,0
SU2022,SU2022-class 7,9,1905AFAHEH,,,7.5,,8.6,8.5,Passed,9.8,10,8
SU2022,SU2022-class 7,10,1905AEJCFE,,,6,,4,5.2,Passed,9.2,9.4,3
SU2022,SU2022-class 7,11,1905AFJIFE,,,5.5,,8,8.2,Passed,9.4,9.5,9.5
SU2022,SU2022-class 7,12,1905AFBJDE,,,7.5,,6.8,7.3,Passed,9,9.4,6.3
SU2022,SU2022-class 7,13,1905AFJBJD,,,4,,5,6.1,Passed,9.5,9.8,6.1
SU2022,SU2022-class 7,14,1905AFJJCH,,,9,,7.8,9,Passed,10,10,9.5
SU2022,SU2022-class 7,15,1905AEJJDJ,,,6,,5.4,6.6,Passed,9.3,9.4,6.3
SU2022,SU2022-class 7,16,1905AFAAHJ,,,9,,7.8,8.8,Passed,10,10,8.8
SU2022,SU2022-class 7,17,1905AFAEGE,,,5,,8.6,6.8,Passed,9.3,7.6,5
SU2022,SU2022-class 7,18,1905AFJIBJ,,,5.5,,7,6.9,Passed,9,9.1,6.3
SU2022,SU2022-class 7,19,1905AFAHCD,,,4,,5.8,6.7,Passed,8.9,9.4,7.8
SU2022,SU2022-class 7,20,1905AFBADB,,,0,,0,0,Not Passed,0,0,0
SU2022,SU2022-class 7,21,1905AFAIHE,,,7.5,,7.2,7.3,Passed,8.9,9.2,6
SU2022,SU2022-class 7,22,1905AFAAFG,,,4,,4.2,6.4,Passed,9.8,9.9,7.8
SU2022,SU2022-class 7,23,1905AFJGED,,,4,,7.6,5.7,Passed,9.6,7.8,3
SU2022,SU2022-class 7,24,1905AFAIIB,,,4,,0,2.3,Not Passed,8.7,6.8,0
SU2022,SU2022-class 7,25,1905AFBJFG,,,3,,6.2,4.8,Not Passed,9.8,7.6,2.1
SU2022,SU2022-class 7,26,1905AFAFBB,,,6,,7.6,8.1,Passed,9.7,9.6,9
SU2022,SU2022-class 7,27,1905AFAEHJ,,,5,,5.4,6,Passed,8.4,7.6,6
SU2022,SU2022-class 7,28,1905AEAAAI,,,2,,6.2,5.1,Passed,9.8,7.2,3.8
SU2022,SU2022-class 7,29,1905AFJBEH,,,9,,5.4,7.9,Passed,9.8,9.8,8.3
SU2022,SU2022-class 8,1,1905AEJFDB,,,7,,5.2,5.2,Passed,6.7,7,3
SU2022,SU2022-class 8,2,1905AFJADC,,,7,,5.8,6.2,Passed,9.8,8,4.3
SU2022,SU2022-class 8,3,1905AEABII,,,7,,4.6,5.9,Passed,5.2,7,6.2
SU2022,SU2022-class 8,4,1905AFJGHB,,,7,,7,7.2,Passed,7.3,7.4,7.5
SU2022,SU2022-class 8,5,1905AFJBEB,,,5,,5,5.1,Passed,4.3,6.5,5
SU2022,SU2022-class 8,6,1905AEACEC,,,0,,0,0.7,Not Passed,4.5,2.8,0
SU2022,SU2022-class 8,7,1905AFJDJA,,,7,,6.4,5.6,Passed,7.2,6.6,3
SU2022,SU2022-class 8,8,1905AFJBDH,,,6.5,,4.4,6.2,Passed,7.4,7,7.2
SU2022,SU2022-class 8,9,1905AFJJFJ,,,9,,7.4,8,Passed,9.3,8.4,7.5
SU2022,SU2022-class 8,10,1905AFJBDB,,,7,,8.4,8.1,Passed,8,7.8,8.8
SU2022,SU2022-class 8,11,1905AFJDGG,,,8,,6.2,7.8,Passed,8.3,8.8,8.8
SU2022,SU2022-class 8,12,1905AFABHB,,,9,,7.8,8.4,Passed,8.2,9.2,8.3
SU2022,SU2022-class 8,13,1905AFABBH,,,8,,6.4,7.9,Passed,8.5,8.5,8.8
SU2022,SU2022-class 8,14,1905AFJBFD,,,9,,7.4,8.3,Passed,9.2,8.2,8.6
SU2022,SU2022-class 8,15,1905AFJGEA,,,7,,5.6,6.7,Passed,7.7,7.2,7
SU2022,SU2022-class 8,16,1905AFJBGE,,,9,,8.6,8.7,Passed,9,8.3,8.5
SU2022,SU2022-class 8,17,1905AFJBAF,,,8,,5.8,6.1,Passed,6.8,6.6,4.8
SU2022,SU2022-class 8,18,1905AFJDGC,,,7,,6.8,6.4,Passed,7.8,7,5.1
SU2022,SU2022-class 8,19,1905AGBCGJ,,,8,,5.4,5.4,Passed,3,6.8,4
SU2022,SU2022-class 8,20,1905AEADFI,,,0,,0,0.6,Attendance Fail,4.5,1.4,0
SU2022,SU2022-class 8,21,1905AEACEJ,,,0,,0,0.7,Attendance Fail,4,2.8,0
SU2022,SU2022-class 8,22,1905AFADJF,,,6.5,,5.8,5.7,Passed,7,7,4.3
SU2022,SU2022-class 8,23,1905AFJAAG,,,9,,7.4,8.3,Passed,8.9,8.8,8.5
SU2022,SU2022-class 8,24,1905AFAJEA,,,7,,4.8,6.7,Passed,7.9,7.2,7.8
SU2022,SU2022-class 8,25,1905AFABHF,,,8,,5.8,5.7,Passed,7,7,3.3
SU2022,SU2022-class 8,26,1905AFJAEJ,,,7,,4.4,5.3,Passed,6.3,7,4.3
SU2022,SU2022-class 8,27,1905AFJAGI,,,7,,4.6,6.5,Passed,3.2,7.2,8.8
SU2022,SU2022-class 8,28,1905AFAJGD,,,7,,4.4,5.8,Passed,7.8,8.7,4.8
SU2022,SU2022-class 8,29,1905AFJIJJ,,,0,,0,0,Attendance Fail,0,0,0
SU2022,SU2022-class 8,30,1905AFABBE,,,8.5,,6.8,7.9,Passed,8.4,8.3,8.3
SU2022,SU2022-class 9,1,1905AFJIFC,,,8,,5.6,6.8,Passed,7.5,7.3,6.8
SU2022,SU2022-class 9,2,1905AFAJAJ,,,7.5,,5.2,6.3,Passed,6.5,7.5,6
SU2022,SU2022-class 9,3,1905AFJDEB,,,9,,5.8,7,Passed,7,9.1,6
SU2022,SU2022-class 9,4,1905AFJECH,,,7.5,,5,5.8,Passed,8.5,7.9,4
SU2022,SU2022-class 9,5,1905AFJHBA,,,9,,4.2,4.7,Is Susspended,8,8.8,0
SU2022,SU2022-class 9,6,1905AEJJEA,,,8,,4.8,5.6,Passed,7.8,7.7,3.3
SU2022,SU2022-class 9,7,1905AFJDHC,,,9,,5.4,6.5,Passed,7,8.1,5.3
SU2022,SU2022-class 9,8,1905ACJGGA,,,0,,0,0,Attendance Fail,0,0,0
SU2022,SU2022-class 9,9,1905AFJGIB,,,8,,5.2,7,Passed,7.3,8.7,7.5
SU2022,SU2022-class 9,10,1905AFJECG,,,7,,4.4,6.2,Passed,7.8,7.8,6.5
SU2022,SU2022-class 9,11,1905AFAJJJ,,,7.5,,2.6,6,Not Passed,8.3,7.5,7
SU2022,SU2022-class 9,12,1905AEJEGF,,,9,,4.8,5.5,Passed,7.8,7.8,2.2
SU2022,SU2022-class 9,13,1905AFJHAA,,,0,,0,0.7,Attendance Fail,3.8,3.6,0
SU2022,SU2022-class 9,14,1905AFJIEJ,,,0,,0,0.5,Not Passed,0,4.8,0
SU2022,SU2022-class 9,15,1905AFJIHC,,,7,,4.8,6,Passed,7,7.4,5.8
SU2022,SU2022-class 9,16,1905AFJHJF,,,8,,0,4.8,Not Passed,7.8,7.9,5.5
SU2022,SU2022-class 9,17,1905AFAJJG,,,9,,5.2,6.3,Passed,6.8,7.8,4.8
SU2022,SU2022-class 9,18,1905AFJIBA,,,7,,4.6,5.4,Passed,7.8,7.8,3.6
SU2022,SU2022-class 9,19,1905AFJDIC,,,9,,4.8,5.5,Passed,7.8,8.3,2.3
SU2022,SU2022-class 9,20,1905AFJDJG,,,6.5,,4.8,6,Passed,5.8,8.9,6
SU2022,SU2022-class 9,21,1905AFJDEG,,,8.5,,5,6.9,Passed,7.5,8.3,7.2
SU2022,SU2022-class 9,22,1905AFJECF,,,8,,4.4,5.3,Passed,8.3,7.4,2.6
SU2022,SU2022-class 9,23,1905AFJCFD,,,9.5,,0,3.4,Not Passed,7,7.9,0
SU2022,SU2022-class 9,24,1905AFJIEF,,,8.5,,5,7.1,Passed,7.5,8.3,7.8
SU2022,SU2022-class 9,25,1905AFJDAB,,,7.5,,4,5.2,Passed,5.5,7.9,3.9
SU2022,SU2022-class 10,1,1905AFADDD,,,6,,6.6,6.9,Passed,6.8,7.2,7.8
SU2022,SU2022-class 10,2,1905AFAEBG,,,0,,0,0.9,Not Passed,4.3,5.2,0
SU2022,SU2022-class 10,3,1905AFADAH,,,6,,5.4,6.6,Passed,6.3,8.5,7.6
SU2022,SU2022-class 10,4,1905AFAJAG,,,5,,4.6,5.5,Passed,7.5,5.9,6
SU2022,SU2022-class 10,5,1905AEJDGC,,,5,,3.6,3.1,Not Passed,6.3,4.2,0
SU2022,SU2022-class 10,6,1905AFABDG,,,6,,5,5.8,Passed,2.8,4.6,7.8
SU2022,SU2022-class 10,7,1905AEADFA,,,0,,0,0.6,Attendance Fail,3.8,2.5,0
SU2022,SU2022-class 10,8,1905AFADHE,,,7,,4.6,5.2,Passed,6.8,8.6,3
SU2022,SU2022-class 10,9,1905AEJGIB,,,0,,0,0,Attendance Fail,0,0,0
SU2022,SU2022-class 10,10,1919AEJFDJ,,,0,,0,0.5,Attendance Fail,3.5,1.6,0
SU2022,SU2022-class 10,11,1905AEADFB,,,0,,0,0.5,Attendance Fail,3.8,1.6,0
SU2022,SU2022-class 10,12,1905AFADII,,,8,,6.6,7.7,Passed,7.5,7.9,8.5
SU2022,SU2022-class 10,13,1905AEADDA,,,0,,0,0.3,Attendance Fail,0,2.8,0
SU2022,SU2022-class 10,14,1905AEJECG,,,5,,5.4,5.5,Passed,6.8,3.8,6
SU2022,SU2022-class 10,15,1905AEJICG,,,4,,2.8,2.9,Not Passed,6.3,6.6,0
SU2022,SU2022-class 10,16,1905AFAAIG,,,5,,6.2,6.2,Passed,6.5,7.4,6.5
SU2022,SU2022-class 10,17,1905ACJCHC,,,0,,0,0,Attendance Fail,0,0,0
SU2022,SU2022-class 10,18,0405AFJJBH,,,5,,0,1.1,Not Passed,0.8,0,0
SU2022,SU2022-class 10,19,1905AFABFG,,,7,,3.8,3.9,Not Passed,5.3,5,1
SU2022,SU2022-class 10,20,1905AFJJII,,,5,,5,6.2,Passed,8,5.5,7.8
SU2022,SU2022-class 10,21,1905AFADBE,,,6,,7.8,5.5,Passed,7.3,6.4,2
SU2022,SU2022-class 10,22,1905AFAJBJ,,,5,,4.6,4.5,Not Passed,7.5,7.3,2
SU2022,SU2022-class 10,23,1905AFADEE,,,7,,8.6,5.5,Passed,5.5,3.2,2
SU2022,SU2022-class 11,1,1905AFAGHB,,,1,,5.8,4.9,Not Passed,7.2,4,6.1
SU2022,SU2022-class 11,2,1905AFAJAE,,,8,,4,5.4,Passed,8.5,8.8,3
SU2022,SU2022-class 11,3,1905AEJEFF,,,9,,4.2,5.7,Passed,5.9,6.8,4.5
SU2022,SU2022-class 11,4,1905AFAFCG,,,9,,6.6,8.2,Passed,7.7,9,9.3
SU2022,SU2022-class 11,5,1905AFJEDC,,,1,,0,0.2,Attendance Fail,0,0,0
SU2022,SU2022-class 11,6,1905AFAECD,,,1,,0,0.2,Attendance Fail,0,0,0
SU2022,SU2022-class 11,7,1905AFAGIF,,,4,,6.8,5.6,Passed,8.4,7.8,3.8
SU2022,SU2022-class 11,8,1905AFAFEB,,,9,,5.4,7.2,Passed,7.9,9,6.8
SU2022,SU2022-class 11,9,1905AFAEJH,,,10,,7.2,8.5,Passed,9,9.5,8.3
SU2022,SU2022-class 11,10,1905AFAHGB,,,7,,4.6,4.4,Is Susspended,7.7,8.5,0
SU2022,SU2022-class 11,11,1905AFAFCA,,,3,,2.8,2.8,Not Passed,5,8.5,0
SU2022,SU2022-class 11,12,1905ACJFDG,,,1,,0,0.2,Attendance Fail,0,0,0
SU2022,SU2022-class 11,13,1905AFAGIC,,,10,,6.4,7.4,Passed,7.8,9,6.1
SU2022,SU2022-class 11,14,1905AFJBAH,,,7,,4.6,7.3,Passed,8.7,8.3,9.5
SU2022,SU2022-class 11,15,1905AFAGFJ,,,6.5,,6.6,7.1,Passed,8.4,8.4,7.1
SU2022,SU2022-class 11,16,1905AFJIBI,,,7,,4,5.5,Passed,8.5,8.3,4
SU2022,SU2022-class 11,17,1905AFAEHD,,,10,,7.2,8.8,Passed,9.3,9,9.5
SU2022,SU2022-class 11,18,1905AFAECH,,,7,,7.6,7.2,Passed,8.4,8.5,6
SU2022,SU2022-class 11,19,1905AFAFAC,,,9.5,,5,6.7,Passed,8.5,9,5.3
SU2022,SU2022-class 11,20,1905AFAGIJ,,,6.5,,4.4,6.6,Passed,6.9,8.4,8.3
SU2022,SU2022-class 11,21,1905AFAGJF,,,7,,4.8,6.5,Passed,7.4,8.5,7
SU2022,SU2022-class 11,22,1905AFAFJF,,,10,,6,7.5,Passed,8.4,9,6.5
SU2022,SU2022-class 11,23,1905AFAJHG,,,8,,6.8,7.3,Passed,8.5,8.8,6.3
SU2022,SU2022-class 11,24,1905AEAJCH,,,1,,0,0.9,Attendance Fail,4.1,2.5,0
SU2022,SU2022-class 11,25,1905AFAEEA,,,7,,5,4.5,Not Passed,7.2,8.5,0
SU2022,SU2022-class 11,26,1905AFBJGC,,,7,,4.4,5.7,Passed,8.5,8.5,4.3
SU2022,SU2022-class 11,27,1905AFAEIJ,,,9,,5.8,7.7,Passed,7.9,9,8.3
SU2022,SU2022-class 11,28,1905AEJDFC,,,8,,4.4,6.5,Passed,8.6,8.8,6.3
SU2022,SU2022-class 11,29,1905AFAHJI,,,10,,6.8,8.4,Passed,9,9,8.6
SU2022,SU2022-class 11,30,1905AFBJHC,,,10,,7.4,8.3,Passed,8.1,9.3,7.8
SU2022,SU2022-class 11,31,1905AFAACJ,,,8.5,,5,7.4,Passed,8.7,8.9,8
SU2022,SU2022-class 11,32,1905AFAHAJ,,,9,,6.8,8.1,Passed,8.3,9,8.3
SU2022,SU2022-class 12,1,1905ADAAHA,,,0,,0,0,Attendance Fail,0,0,0
SU2022,SU2022-class 12,2,1905ADJECE,,,8.5,,5.2,5.1,Passed,5.3,7.6,2
SU2022,SU2022-class 12,3,1905AFAEBF,,,10,,4,5.4,Passed,7.3,8,2.3
SU2022,SU2022-class 12,4,0805AECGEB,,,8.5,,7.8,6.2,Passed,7.8,8.1,2
SU2022,SU2022-class 12,5,1905ADJEJC,,,8.5,,5.2,5.3,Passed,6.3,7.7,2.3
SU2022,SU2022-class 12,6,1905AFJCHA,,,7.5,,4.8,4.7,Not Passed,6.7,8.4,1
SU2022,SU2022-class 12,7,1905AFAFAH,,,9.5,,0,1.9,Attendance Fail,0,0,0
SU2022,SU2022-class 12,8,1905AFJHFD,,,9.5,,4.8,7,Passed,8.7,9.3,6.2
SU2022,SU2022-class 12,9,1905AEJCDI,,,0,,0,0,Attendance Fail,0,0,0
SU2022,SU2022-class 12,10,1905AGAGJC,,,7.5,,7.4,5.6,Passed,5.9,7.2,2
SU2022,SU2022-class 12,11,1905AFBJCD,,,9.5,,7,6.8,Passed,6.3,7,4.8
SU2022,SU2022-class 12,12,1905AFBJJI,,,10,,8.2,9,Passed,9.8,9.8,8.5
SU2022,SU2022-class 12,13,1905AFJCGD,,,10,,7,8.6,Passed,9.3,9.8,8.6
SU2022,SU2022-class 12,14,1905AFADBC,,,0,,0,0,Attendance Fail,0,0,0
SU2022,SU2022-class 12,15,1905AEJIAI,,,8.5,,0,2.3,Not Passed,0,3.5,1
SU2022,SU2022-class 12,16,1905AFJBCJ,,,0,,0,0,Attendance Fail,0,0,0
SU2022,SU2022-class 12,17,1905AFAEFJ,,,0,,0,0,Attendance Fail,0,0,0
SU2022,SU2022-class 12,18,1905AEAJAF,,,8,,0,1.9,Not Passed,0,2.8,0
SU2022,SU2022-class 12,19,1905AFJJGI,,,7.8,,6,4.8,Is Susspended,6,8,0
SU2022,SU2022-class 12,20,1905AEAJBG,,,9,,0,1.8,Not Passed,0,0,0
SU2022,SU2022-class 12,21,1905ADJCAH,,,8.5,,4,5.3,Passed,5.8,8.5,3.2
SU2022,SU2022-class 12,22,1905AFJFBB,,,8.3,,5.8,6.2,Passed,8.8,8,3.7
SU2022,SU2022-class 12,23,1905AEJDCH,,,8.5,,5,6.7,Passed,8.9,8.9,5.8
SU2022,SU2022-class 12,24,1905AFAIDC,,,10,,3.2,5.2,Not Passed,6.7,8.7,2.3
SU2022,SU2022-class 12,25,1905AFJBFF,,,9,,4.8,7.5,Passed,8.8,9.7,8.2
SU2023,SU2023-class 1,1,1905AGJCHD,,,0,,0,0,Attendance Fail,0,0,0
SU2023,SU2023-class 1,2,1905AFAFHE,,,7,,0,2.9,Not Passed,7.3,7.8,0
SU2023,SU2023-class 1,3,1905AGJEHH,,,9,,6,6.7,Passed,8,6.9,5.5
SU2023,SU2023-class 1,4,1905AGACDJ,,,7,,6.8,7.4,Passed,7.8,7.4,8
SU2023,SU2023-class 1,5,1905AGAJEB,,,5.5,,7.4,7.3,Passed,8.3,6.7,8.3
SU2023,SU2023-class 1,6,1905AGCABC,,,5.5,,6.6,6.4,Passed,8.8,8,5.5
SU2023,SU2023-class 1,7,1905AFJFCG,,,9,,6,6,Passed,7,7,3.3
SU2023,SU2023-class 1,8,1905AGAIDD,,,7,,7.4,5.3,Passed,8,6,1
SU2023,SU2023-class 1,9,1905AGADJA,,,9,,8.8,8.5,Passed,8,8.6,8
SU2023,SU2023-class 1,10,1905AHBGAA,,,5.5,,6.8,5.7,Passed,8.5,8,3
SU2023,SU2023-class 1,11,1905AFAFCB,,,6,,7.4,6.5,Passed,7.8,6.4,5.5
SU2023,SU2023-class 1,12,1905AEADFB,,,0,,0,1.5,Attendance Fail,8,7.2,0
SU2023,SU2023-class 1,13,1905AGADEA,,,5.5,,5.6,5.2,Passed,7.8,4.6,4
SU2023,SU2023-class 1,14,1905AGAEFB,,,7,,5.8,4.4,Not Passed,4.3,5.6,1
SU2023,SU2023-class 1,15,1905ACJFDG,,,9,,0,3,Not Passed,3,6,1
SU2023,SU2023-class 1,16,1905AGACDB,,,6,,0,2.8,Not Passed,8.3,8,0
SU2023,SU2023-class 1,17,1905AGCFGC,,,5.5,,7,5.7,Passed,8.5,7.7,3
SU2023,SU2023-class 1,18,1905AEABCJ,,,6,,5.6,5.7,Passed,6.3,3.8,6
SU2023,SU2023-class 1,19,1905AEADDA,,,5.5,,5.8,4.2,Not Passed,3,5.6,1.8
SU2023,SU2023-class 1,20,1905AGCBCB,,,5.5,,5.4,5.3,Passed,7.3,3.2,5.1
SU2023,SU2023-class 1,21,1905AGJEBB,,,6,,7,6.3,Passed,3.3,7.2,6.5
SU2023,SU2023-class 1,22,1905AGAJEI,,,9,,8.6,8.5,Passed,8.5,8.7,8
SU2023,SU2023-class 1,23,1905AGAFEH,,,7,,6.4,5.3,Passed,7.3,8.6,1.3
SU2023,SU2023-class 1,24,1905AGABBF,,,0,,0,0,Attendance Fail,0,0,0
SU2023,SU2023-class 1,25,1905AGJEJI,,,6.5,,5.6,6.5,Passed,7.8,8.3,6.3
SU2023,SU2023-class 1,26,1905AGJACF,,,10,,8.2,9.2,Passed,8.8,8.7,10
SU2023,SU2023-class 1,27,1905AGACJI,,,7.5,,6,6.1,Passed,9,8.3,3.5
SU2023,SU2023-class 1,28,1905AGAEHI,,,5.5,,5.8,5.9,Passed,7,6.7,5.5
SU2023,SU2023-class 1,29,1905AGADCG,,,6,,8.8,7.2,Passed,8.8,8.4,5.5
SU2023,SU2023-class 1,30,1905AGBHGF,,,7,,7.4,4.7,Not Passed,3.3,3.2,1.5
SU2023,SU2023-class 1,31,1905AFAIJB,,,5.5,,8.4,7.1,Passed,8.5,8.7,6
SU2023,SU2023-class 1,32,1905AGCBBG,,,5.5,,7.4,5.1,Passed,7.3,4.7,2
SU2023,SU2023-class 1,33,1905AGAEJF,,,6,,5.8,5.1,Passed,7,8.1,2
SU2023,SU2023-class 2,1,1905AGJAII,,,0,,0,1.2,Attendance Fail,9.1,0,1
SU2023,SU2023-class 2,2,1905AGAHFJ,,,0,,0,0.8,Attendance Fail,7.1,1.2,0
SU2023,SU2023-class 2,3,1905AGBIGJ,,,6,,5.2,4.1,Not Passed,5.9,7.6,0
SU2023,SU2023-class 2,4,1905AGAEBA,,,5,,3.8,6,Not Passed,9,7.3,7.5
SU2023,SU2023-class 2,5,1905AGAIEB,,,6,,6.6,6.3,Passed,6.6,8.1,5.4
SU2023,SU2023-class 2,6,1905AGCECG,,,7,,0,2.9,Not Passed,7.1,8.2,0
SU2023,SU2023-class 2,7,1905AGBEFC,,,8,,7.2,8.3,Passed,9.3,9.4,9
SU2023,SU2023-class 2,8,1905AGCACB,,,7,,8.2,7.9,Passed,8.3,8.2,7.9
SU2023,SU2023-class 2,9,1905AGBEBI,,,7,,8.4,8.1,Passed,9.8,9.4,7.5
SU2023,SU2023-class 2,10,1905AEJHAD,,,0,,0,0,Attendance Fail,0,0,0
SU2023,SU2023-class 2,11,1905AHCJII,,,8.5,,9,8.4,Passed,9.8,9.2,7
SU2023,SU2023-class 2,12,1905AHCJJE,,,8.5,,8.8,9.2,Passed,9.2,9.2,10
SU2023,SU2023-class 2,13,1905AGJDHJ,,,5,,5.4,6.4,Passed,9.8,7.3,7
SU2023,SU2023-class 2,14,1905AGCFEF,,,6,,2.6,3.5,Not Passed,6.8,8.1,0
SU2023,SU2023-class 2,15,1905AGAEII,,,7,,7.4,7.7,Passed,9,9.4,7.5
SU2023,SU2023-class 2,16,0305AGADIF,,,5,,8.6,6.8,Passed,8.4,7.3,5.5
SU2023,SU2023-class 2,17,1905AHBIJE,,,8.5,,9.8,9.5,Passed,9.7,9.2,10
SU2023,SU2023-class 2,18,1905AFAEGH,,,5,,5.8,5.4,Passed,9.6,7.3,3.1
SU2023,SU2023-class 2,19,1905AGAGGC,,,7,,8,7.6,Passed,9.2,8.2,6.9
SU2023,SU2023-class 2,20,1905AGCDCD,,,6,,7.4,5.7,Passed,6.6,8.1,2.7
SU2023,SU2023-class 2,21,1905AGBCEF,,,6,,6.6,6,Passed,7.8,8.1,4
SU2023,SU2023-class 2,22,1905ACJGGA,,,5,,6.2,6.3,Passed,8,7.3,6.4
SU2023,SU2023-class 2,23,0805AGCJBE,,,5,,8.6,7.2,Passed,9.1,7.3,6.5
SU2023,SU2023-class 2,24,1905AGAGCC,,,7.5,,8.2,7.5,Passed,9.1,8.1,6
SU2023,SU2023-class 2,25,1905AGCECH,,,7.5,,6,5.3,Passed,8.5,8.1,1
SU2023,SU2023-class 2,26,1905AHBHHG,,,8.5,,8.8,8.3,Passed,9.6,9.2,7
SU2023,SU2023-class 2,27,1905AGCDDB,,,0,,0,0.4,Attendance Fail,4.5,0,0
SU2023,SU2023-class 2,28,1905AGBAIE,,,8,,8.2,8.2,Passed,9.4,9.4,7.5
SU2023,SU2023-class 2,29,1905AGBEBC,,,7,,8.6,8.4,Passed,9.1,9.4,8.6
SU2023,SU2023-class 2,30,1905AGBABF,,,7,,4.4,5.8,Passed,9.2,8.2,4.5
SU2023,SU2023-class 2,31,1905AGAGBJ,,,6,,7.2,6.6,Passed,7.7,8.1,5.4
SU2023,SU2023-class 2,32,1905AGCBIE,,,7,,6.4,7.5,Passed,8.2,8.2,8.5
SU2023,SU2023-class 2,33,1905AGAEHC,,,7.5,,8.4,7.1,Passed,8.4,8.1,4.9
SU2023,SU2023-class 2,34,1905AGCEIA,,,7,,7,7.4,Passed,6.4,8.2,8
SU2023,SU2023-class 2,35,1905AGJCDJ,,,7.5,,8,7.6,Passed,8.9,8.1,6.5
SU2023,SU2023-class 3,1,1905AHJJHC,,,6.5,,9,7.3,Passed,6.5,5.8,7
SU2023,SU2023-class 3,2,1905AHAEDF,,,5,,7,6.3,Passed,7.2,7.5,5.8
SU2023,SU2023-class 3,3,1905AHBDID,,,6,,7,5.2,Passed,7.1,4,2.5
SU2023,SU2023-class 3,4,1905AHJJID,,,8,,5.4,7.1,Passed,7.2,9,7.5
SU2023,SU2023-class 3,5,1905AHJJCI,,,6.5,,8.6,8.2,Passed,8.2,8.9,8.6
SU2023,SU2023-class 3,6,1905AHCADF,,,6,,8.2,5.7,Passed,8.1,6,2.2
SU2023,SU2023-class 3,7,1905AHAEEE,,,6.5,,6.6,7.3,Passed,6.6,9,8.1
SU2023,SU2023-class 3,8,1905AHJJAH,,,6,,7.6,6.8,Passed,8,8.5,5.4
SU2023,SU2023-class 3,9,1905AHAEBG,,,6.5,,9.4,8,Passed,8.1,4.5,8.7
SU2023,SU2023-class 3,10,1905AHBFEJ,,,6.5,,6.8,4.8,Not Passed,7.6,5.2,0.5
SU2023,SU2023-class 3,11,1905AHJCAA,,,8,,7.8,7.8,Passed,7.9,7.8,7.5
SU2023,SU2023-class 3,12,1905AHBAFF,,,9,,9,7.8,Passed,8.5,9.1,5
SU2023,SU2023-class 3,13,1905AGCFED,,,6.5,,8.2,6.5,Passed,8.8,6.8,4
SU2023,SU2023-class 3,14,1905AFJFDD,,,6,,6.2,6.1,Passed,7,2,7.2
SU2023,SU2023-class 3,15,1905AHJGCF,,,8,,8.2,7.6,Passed,7.7,10,6
SU2023,SU2023-class 3,16,1905AHBBHD,,,8,,8.2,8.5,Passed,7.6,7.8,9.6
SU2023,SU2023-class 3,17,1905AHJJHG,,,8,,7.4,8.2,Passed,8.8,8,9
SU2023,SU2023-class 3,18,1905AGJCHC,,,6.5,,5.4,6.2,Passed,6.3,7,6.5
SU2023,SU2023-class 3,19,1905AHAIHC,,,6,,6.8,6.7,Passed,6.8,5.5,7.3
SU2023,SU2023-class 3,20,1905AHAFHG,,,9,,7.8,8.9,Passed,9,8.1,10
SU2023,SU2023-class 3,21,1905AFAHJA,,,9,,7.8,7.3,Passed,8.7,7.5,5
SU2023,SU2023-class 3,22,1905AHCCDE,,,9,,7.4,7.8,Passed,7.8,8.7,7
SU2023,SU2023-class 3,23,1905AHBDJB,,,6.5,,6.6,5.5,Passed,7.7,5.7,2.9
SU2023,SU2023-class 3,24,1905AHAFJA,,,6.5,,6.8,5.4,Passed,9.2,8.2,1
SU2023,SU2023-class 3,25,1905AHBDCF,,,8,,7.6,7.5,Passed,6.7,6.5,7.5
SU2023,SU2023-class 3,26,1905AHBBAI,,,6.5,,9.2,8.1,Passed,7.6,8.9,8
SU2023,SU2023-class 3,27,1905AHBDAG,,,8,,9.2,8.7,Passed,8.6,8.5,8.8
SU2023,SU2023-class 3,28,1905ADJBAJ,,,0,,0,0.6,Attendance Fail,0,6,0
SU2023,SU2023-class 3,29,1905AHJBJC,,,8,,8.8,8.7,Passed,8.3,9.9,8.9
SU2023,SU2023-class 3,30,1905AHJJJB,,,0,,0,0,Attendance Fail,0,0,0
SU2023,SU2023-class 3,31,1905AHBDAB,,,6.5,,7.2,6,Passed,8,6.9,3.5
SU2023,SU2023-class 3,32,1905AGCDFD,,,5,,8.6,7.5,Passed,8.1,6.8,8
SU2023,SU2023-class 3,33,1905AHAHCC,,,5,,8.6,5.3,Passed,7.7,6.2,1
SU2023,SU2023-class 3,34,1905AGAIFD,,,6.5,,8,6.2,Passed,8.4,4.8,4
SU2023,SU2023-class 4,1,1905AHCCJA,,,9,,8.2,7.8,Passed,8.4,7.3,6.5
SU2023,SU2023-class 4,2,0805AGBFCE,,,8,,7.6,8.3,Passed,9,7,9.5
SU2023,SU2023-class 4,3,1905AHCAFE,,,7,,7,6.1,Passed,8.2,7.7,3.5
SU2023,SU2023-class 4,4,1905AHCCJB,,,7,,0,3.9,Not Passed,9,5.4,3.5
SU2023,SU2023-class 4,5,1905AGJCGE,,,9,,9,9.2,Passed,8.8,8.3,10
SU2023,SU2023-class 4,6,1905AHCBAJ,,,9,,7.6,8.4,Passed,8.8,7.1,9
SU2023,SU2023-class 4,7,1905AHCABD,,,10,,7.6,9.1,Passed,8.8,9,10
SU2023,SU2023-class 4,8,1905AHCBHJ,,,6,,7.2,7.2,Passed,8.4,5.8,8.1
SU2023,SU2023-class 4,9,1905AHCCGC,,,7,,8.2,7,Passed,6.6,5.7,6.4
SU2023,SU2023-class 4,10,1905AHBHCG,,,7,,6.2,7.6,Passed,8.8,5.9,9.5
SU2023,SU2023-class 4,11,1919AFJBJG,,,1,,0,0.4,Not Passed,0.5,1.1,0
SU2023,SU2023-class 4,12,1905AHCJBH,,,7,,8.2,7.9,Passed,9,7.6,8
SU2023,SU2023-class 4,13,1905AHCCHF,,,6,,5.6,5,Passed,8.8,7.1,1.7
SU2023,SU2023-class 4,14,1905AHEAJI,,,8,,8.8,8,Passed,8.4,4.5,8.4
SU2023,SU2023-class 4,15,1905AHCDHF,,,9,,6.6,6.9,Passed,6.6,8.2,5.5
SU2023,SU2023-class 4,16,1905AHCBBI,,,7,,6.8,5.4,Passed,8.8,7.3,1.3
SU2023,SU2023-class 4,17,1905AHCCDB,,,7,,6.4,5.3,Passed,6.2,4.7,3
SU2023,SU2023-class 4,18,1905AHJJJG,,,7,,9,8.8,Passed,9,8,10
SU2023,SU2023-class 4,19,1905FBIEI,,,1,,0,0.5,Attendance Fail,0.5,2,0
SU2023,SU2023-class 4,20,1905AHCCGI,,,0,,0,0.1,Attendance Fail,0.5,0,0
SU2023,SU2023-class 4,21,1905AGJEJG,,,7,,8.2,8,Passed,8.8,8.2,8
SU2023,SU2023-class 4,22,1905AHCAEI,,,7,,5.2,6.2,Passed,7,6.9,6
SU2023,SU2023-class 4,23,1905AHCAGJ,,,7,,6.6,7.5,Passed,8.8,7.9,8.2
SU2023,SU2023-class 4,24,1905AHCJIB,,,9,,8.8,8.7,Passed,9,7.8,8.5
SU2023,SU2023-class 4,25,1905AHCBDI,,,9,,7.8,7.9,Passed,9,7.7,7.1
SU2023,SU2023-class 4,26,1905AFACJC,,,1,,0,0.7,Not Passed,0.5,4.2,0
SU2023,SU2023-class 4,27,1905AGBEEE,,,9,,7.2,8.6,Passed,8.4,8.7,9.9
SU2023,SU2023-class 5,1,1905AHBDGA,,,8.9,,8.6,8.5,Passed,8.3,9,8.1
SU2023,SU2023-class 5,2,1905AHEJCD,,,8.1,,7,7.7,Passed,8,9.8,7.4
SU2023,SU2023-class 5,3,1905AHDAAG,,,10,,7.6,7.7,Passed,8,8.6,5.8
SU2023,SU2023-class 5,4,1905AHBEFG,,,6.9,,7.6,7.2,Passed,8.8,8.4,6.2
SU2023,SU2023-class 5,5,1905AHCHEA,,,0,,0,0,Attendance Fail,0,0,0
SU2023,SU2023-class 5,6,0805AGCCJA,,,7.7,,8.8,7.3,Passed,7.3,6.2,5.8
SU2023,SU2023-class 5,7,1905AGBDHG,,,0,,0,0,Attendance Fail,0,0.2,0
SU2023,SU2023-class 5,8,1905AHCEEH,,,9.1,,8,7.4,Passed,6.8,7.6,5.8
SU2023,SU2023-class 5,9,1905AHCIGC,,,9.9,,7.4,7.6,Passed,8,9.8,5.4
SU2023,SU2023-class 5,10,1905AHDHHC,,,7.7,,9,8.6,Passed,9,9.8,8.2
SU2023,SU2023-class 5,11,1905AHCIIE,,,10,,9.4,9.6,Passed,9.3,9.8,9.7
SU2023,SU2023-class 5,12,1905AHCEGI,,,8.3,,6.8,7.7,Passed,7.5,10,7.4
SU2023,SU2023-class 5,13,1905AHDCJB,,,7.5,,7.8,7.9,Passed,8.5,9.2,7.5
SU2023,SU2023-class 5,14,1905AGAGAE,,,9.1,,7,6.5,Passed,8,6.6,3.6
SU2023,SU2023-class 5,15,1905AHCJJJ,,,10,,7.8,8.6,Passed,8.8,9.4,8.1
SU2023,SU2023-class 5,16,1905AHCJJA,,,9.9,,8.2,8.3,Passed,9,9.6,6.5
SU2023,SU2023-class 5,17,1905AHDJFC,,,6.3,,6.6,7.4,Passed,8.5,9.4,7.9
SU2023,SU2023-class 5,18,1905AHDAJB,,,9.1,,6.8,7.7,Passed,8,9,7.1
SU2023,SU2023-class 5,19,1905AHDAEC,,,0,,0,0.2,Attendance Fail,0,1.8,0
SU2023,SU2023-class 5,20,1905AGAABD,,,8.9,,7.2,7.9,Passed,8.8,9.8,6.9
SU2023,SU2023-class 5,21,1905AHDHJI,,,8.3,,4.6,5.4,Passed,7.5,9.4,2.1
SU2023,SU2023-class 5,22,1905AHEABJ,,,6.3,,5.8,6.4,Passed,7,7.4,6.5
SU2023,SU2023-class 5,23,1905AHCIFI,,,8.1,,7.6,8.3,Passed,8.8,9,8.6
SU2023,SU2023-class 5,24,1905AGBFIB,,,7.3,,6,7,Passed,6.8,9.6,7
SU2023,SU2023-class 5,25,1905AHDHHB,,,8.5,,8,7.8,Passed,8.5,8.8,6.5
SU2023,SU2023-class 5,26,1905AHDHHF,,,7.3,,6.8,5.8,Passed,8.3,5.4,3
SU2023,SU2023-class 5,27,1905AHCHCD,,,10,,8.2,8.8,Passed,8.5,9.2,8.5
SU2023,SU2023-class 5,28,1905AHCFCA,,,9.5,,9.2,9.3,Passed,8.3,9.8,9.5
SU2023,SU2023-class 5,29,1905AHCGDF,,,9.1,,8.4,9,Passed,7,9.8,10
SU2023,SU2023-class 5,30,1905AHDFDE,,,9.5,,5.6,6.1,Passed,8.5,7.2,3
SU2023,SU2023-class 5,31,1905AFAFII,,,3.3,,6.4,4.7,Not Passed,7.3,3.4,3.6
SU2023,SU2023-class 5,32,1905AHDHEF,,,6.5,,7,6.8,Passed,7.8,7.8,6
SU2023,SU2023-class 5,33,1905AGBJCD,,,9.7,,8.4,9,Passed,8.3,9.8,9
SU2023,SU2023-class 5,34,1905AHCICG,,,9.5,,7.6,7.4,Passed,4,9,6.5
SU2023,SU2023-class 5,35,1905AHCGFI,,,7.9,,8.2,8.1,Passed,7.5,9.8,7.6
SU2023,SU2023-class 6,1,1905AGJDGH,,,8,,7,6.7,Passed,7.3,7.5,5.2
SU2023,SU2023-class 6,2,1905AGAEFI,,,6.5,,7,4.8,Not Passed,7.5,6.9,0
SU2023,SU2023-class 6,3,1905AGBJFH,,,7.9,,5.6,4.9,Not Passed,7.3,6.2,0.9
SU2023,SU2023-class 6,4,1905AGADAD,,,0,,0,0,Attendance Fail,0,0,0
SU2023,SU2023-class 6,5,1905AFJFCF,,,7,,4.8,5.1,Passed,8,7,2.6
SU2023,SU2023-class 6,6,1905AEJGFJ,,,6.5,,3.6,4.5,Not Passed,6.3,5.5,3.3
SU2023,SU2023-class 6,7,1905AGACGH,,,7.5,,6.4,6.1,Passed,7.8,7.6,3.7
SU2023,SU2023-class 6,8,1905AGAECF,,,8,,5.4,6,Passed,7,7.9,4.3
SU2023,SU2023-class 6,9,1905AGBEIA,,,8,,8,6.2,Passed,8.5,7.7,2
SU2023,SU2023-class 6,10,1905AGBIDJ,,,6.5,,7.4,6.5,Passed,7.8,7.3,4.8
SU2023,SU2023-class 6,11,1905AEADFB,,,8,,5,5.3,Passed,8,7.8,2
SU2023,SU2023-class 6,12,1905AGCJCD,,,6,,4,4.2,Not Passed,8.8,6.1,1
SU2023,SU2023-class 6,13,1905AGCECE,,,8,,7.6,5.8,Passed,7.3,7.8,1.4
SU2023,SU2023-class 6,14,1905AGAFFC,,,6,,7.4,5.5,Passed,8.3,6.4,2
SU2023,SU2023-class 6,15,1905AFADJA,,,8,,6.6,5.8,Passed,8,8,2
SU2023,SU2023-class 6,16,1905AGCEGF,,,8,,7.8,6.5,Passed,6.8,7.6,3.9
SU2023,SU2023-class 6,17,1905AGJEJB,,,7,,7.6,6.1,Passed,8.5,7.2,2.7
SU2023,SU2023-class 6,18,1905AFABHH,,,8.5,,8.2,6,Passed,6.8,8.3,1
SU2023,SU2023-class 6,19,1905AGBIEF,,,7,,7.4,6.1,Passed,7.8,7.2,3.3
SU2023,SU2023-class 6,20,1905AFAGBH,,,8,,7.2,6.8,Passed,8.3,7.9,4.7
SU2023,SU2023-class 6,21,1905AGCFIH,,,7,,7.8,5.9,Passed,7.8,7.7,2
SU2023,SU2023-class 6,22,1905AGCJDA,,,9,,6.6,5.9,Passed,9,8.5,1.3
SU2023,SU2023-class 6,23,1905AGJBDA,,,7.8,,8.2,6.5,Passed,8,7.6,3
SU2023,SU2023-class 6,24,1905AGCEJC,,,8,,7.2,5.9,Passed,7.5,7.8,2
SU2023,SU2023-class 6,25,1905ADJGHE,,,8.5,,6.4,5.7,Passed,7.5,8.1,1.8
SU2023,SU2023-class 6,26,1905AGCDII,,,8,,7.4,6.9,Passed,7.5,7.8,5
SU2023,SU2023-class 6,27,1905AGAFGF,,,9,,7.4,6.8,Passed,7.8,8.1,4
SU2023,SU2023-class 6,28,1905AGJDHH,,,6.8,,5.6,4.9,Not Passed,8,4.3,2
SU2023,SU2023-class 6,29,1905AGCFAG,,,7.5,,5.6,5.5,Passed,7,7.3,2.9
SU2023,SU2023-class 6,30,1905AGCAJB,,,7.5,,6,6.8,Passed,7.8,7.6,6.7
SU2023,SU2023-class 6,31,1919AFJGCJ,,,8,,7.8,6.1,Passed,7.8,7.9,2
SU2023,SU2023-class 6,32,1905AFJHEC,,,6,,4.2,5.3,Passed,7.8,6.7,4.8
SU2023,SU2023-class 6,33,1905AGJEFE,,,7.5,,4.4,4.3,Not Passed,7.5,7.2,0
SU2023,SU2023-class 6,34,1901AGJAEI,,,0,,0,1.1,Not Passed,7.3,0,1.2
SU2023,SU2023-class 6,35,1905AGCFBB,,,8,,7.4,6.4,Passed,7,7.8,3.7
SU2023,SU2023-class 7,1,1905AHCHBC,,,4,,7.4,6,Passed,8.9,6.5,4.8
SU2023,SU2023-class 7,2,1905AFJCBA,,,6,,3.6,4,Not Passed,6,5,1.9
SU2023,SU2023-class 7,3,1905AHCFHC,,,3,,0,2.3,Not Passed,5.7,5.8,2
SU2023,SU2023-class 7,4,1905AGAHFJ,,,3,,3.6,3,Not Passed,8.6,4.8,0
SU2023,SU2023-class 7,5,1905AHCGBF,,,8,,7.8,8.4,Passed,7.3,9.1,9.5
SU2023,SU2023-class 7,6,1905AGBIGJ,,,3,,5.4,3.7,Not Passed,6.5,8.8,0
SU2023,SU2023-class 7,7,1905AGAGBE,,,3,,6,5.3,Passed,5.6,7.8,5.3
SU2023,SU2023-class 7,8,1905AGCJHA,,,10,,8.8,9.1,Passed,7.7,9.8,9.1
SU2023,SU2023-class 7,9,1905AHJAFC,,,5,,9.2,7.8,Passed,7.8,8.5,8
SU2023,SU2023-class 7,10,1905AHCABI,,,7.5,,8.6,7.7,Passed,8.6,7,7
SU2023,SU2023-class 7,11,1905AGCEHD,,,6.5,,6.4,5.9,Passed,8.4,5.8,4.1
SU2023,SU2023-class 7,12,1905AHCAIJ,,,7.5,,8.6,7.6,Passed,7.7,6.1,7.2
SU2023,SU2023-class 7,13,1905AGAHDG,,,6,,9,5.6,Passed,6.5,4.8,1.9
SU2023,SU2023-class 7,14,1905AGAEFB,,,3,,8.2,5.8,Passed,9.5,8.8,3
SU2023,SU2023-class 7,15,1905AGAEEC,,,6.5,,9,8.1,Passed,7.8,8.8,8
SU2023,SU2023-class 7,16,1905AHDJHE,,,3,,0,3.4,Not Passed,6.6,6.3,5.2
SU2023,SU2023-class 7,17,1905AGACFG,,,6.5,,8.2,7.4,Passed,8,9,6.5
SU2023,SU2023-class 7,18,1905AHBEDB,,,3,,0,2.5,Not Passed,7.3,6,2
SU2023,SU2023-class 7,19,1905AHDECD,,,6,,7.2,6.9,Passed,7.2,7.5,6.8
SU2023,SU2023-class 7,20,1905AGJAAE,,,6.5,,8.6,6.2,Passed,6,6.4,3.5
SU2023,SU2023-class 7,21,1905AFJDBE,,,6.5,,5.6,5,Passed,6.2,7.5,2
SU2023,SU2023-class 7,22,1905AGAEHD,,,6.5,,6.8,6.1,Passed,7.7,8.3,4
SU2023,SU2023-class 7,23,1905AFJDJB,,,4,,5.4,5.6,Passed,6.5,8.3,5.8
SU2023,SU2023-class 7,24,1905AFJIGI,,,6.5,,5.4,5.2,Passed,7.1,6.3,3
SU2023,SU2023-class 7,25,1905AGAHCA,,,7.5,,6.8,6.5,Passed,3.3,7.4,6.4
SU2023,SU2023-class 7,26,1905AGJJGC,,,6.5,,8.4,5.7,Passed,5.6,7.5,2
SU2023,SU2023-class 7,27,1905AGBHEC,,,6,,0,2.1,Not Passed,6,3.3,0
SU2023,SU2023-class 7,28,1905AGBFAH,,,6,,8.2,5.3,Passed,5.7,4.3,2
SU2023,SU2023-class 7,29,1905AGCEDA,,,3,,8.2,6.2,Passed,6.7,8.4,5.4
SU2023,SU2023-class 7,30,1905AFAJBJ,,,8,,7.8,6.1,Passed,6.7,6.3,3
SU2023,SU2023-class 7,31,1905AGAFJI,,,6.5,,7.8,6.1,Passed,6.9,9,2.8
SU2023,SU2023-class 7,32,1905AHCABB,,,7.5,,8.6,8.3,Passed,8.9,7.8,8.5
SU2023,SU2023-class 7,33,1905AHBCCH,,,6.5,,8.8,8.2,Passed,7.7,8.5,8.9
SU2023,SU2023-class 7,34,1905AGCJCI,,,10,,9,9.3,Passed,7.9,9.9,9.5
SU2023,SU2023-class 7,35,1905AHCAAG,,,4,,7.2,5.5,Passed,9,8.8,2.7
SU2023,SU2023-class 8,1,1905AGCEEF,,,7,,7.8,7.8,Passed,6.7,8,8.5
SU2023,SU2023-class 8,2,1905AFAHHD,,,6,,6.6,6.1,Passed,6.4,6,5.5
SU2023,SU2023-class 8,3,1905AGBIHE,,,7,,6.6,7.4,Passed,6.7,7.8,8.5
SU2023,SU2023-class 8,4,1905AGBDJD,,,6,,8.4,8.1,Passed,8.5,9,8.9
SU2023,SU2023-class 8,5,1905AGBFHD,,,7,,7.2,7.5,Passed,8.2,8.2,7.8
SU2023,SU2023-class 8,6,1905AGAHEI,,,6,,7.4,7.7,Passed,7.4,7,9.5
SU2023,SU2023-class 8,7,1905AHDGJD,,,4,,5.8,6.5,Passed,7.2,5.6,9
SU2023,SU2023-class 8,8,1905AGBJEI,,,6,,8,7.1,Passed,8.4,8.6,6.1
SU2023,SU2023-class 8,9,1905AEJGGJ,,,6,,5.8,5.8,Passed,8,7.4,4.5
SU2023,SU2023-class 8,10,1905AGJCIH,,,6,,7.2,6.6,Passed,8.5,8.6,5.1
SU2023,SU2023-class 8,11,1905AGAIHI,,,6,,9.4,8.5,Passed,8.9,9.2,9
SU2023,SU2023-class 8,12,1905AGBEGB,,,7,,9.2,7.9,Passed,8.2,7.8,7
SU2023,SU2023-class 8,13,1905AFADGB,,,6,,0,2.9,Not Passed,0,7.2,3.1
SU2023,SU2023-class 8,14,1905AFAEEF,,,6,,0,1.7,Not Passed,0,5.2,0
SU2023,SU2023-class 8,15,1905AGBDEF,,,7,,5.4,7,Passed,7.8,8.2,7.9
SU2023,SU2023-class 8,16,1905AGAHDA,,,6,,8.2,8.4,Passed,8.2,8.8,10
SU2023,SU2023-class 8,17,1905AGAICJ,,,6,,8.4,7.7,Passed,8.7,8.8,7.5
SU2023,SU2023-class 8,18,1905AGBCGC,,,6,,6,5.4,Passed,7.9,6.8,3.1
SU2023,SU2023-class 8,19,1905AFADIA,,,6,,5.2,6.2,Passed,6.9,8.4,6.5
SU2023,SU2023-class 8,20,1905AGAEIG,,,6,,0,2.8,Not Passed,0,8.2,2.5
SU2023,SU2023-class 8,21,1905AGBAEA,,,6,,6,5.4,Passed,6.7,6,3.9
SU2023,SU2023-class 8,22,1905AFJBHC,,,6,,0,2.7,Not Passed,0,4,3.5
SU2023,SU2023-class 8,23,1905AGBEEH,,,7,,5.2,5.4,Passed,7.5,7.8,3
SU2023,SU2023-class 8,24,1905AGABHA,,,6,,6.4,6.8,Passed,8,8.8,6.5
SU2023,SU2023-class 8,25,1905AGBGJC,,,7,,7,7.2,Passed,6.5,9,7
SU2023,SU2023-class 8,26,1919AGJFCB,,,4,,6.2,3.4,Not Passed,0,2,1.9
SU2023,SU2023-class 8,27,1905AGBBDI,,,6,,4.8,5.2,Passed,6.7,8,3.5
SU2023,SU2023-class 8,28,1905AGAIIA,,,6,,9,7.8,Passed,8.3,8.2,7.5
SU2023,SU2023-class 8,29,1905AGCBIB,,,7,,5.8,7.1,Passed,8.4,7.4,7.9
SU2023,SU2023-class 8,30,1905AGACHI,,,6,,9.2,5.8,Passed,7.7,7.6,1
SU2023,SU2023-class 8,31,1905AGCAFG,,,7,,7.2,6.4,Passed,7.4,1.8,6.5
SU2023,SU2023-class 8,32,1905AGJDAJ,,,6,,8.4,7.3,Passed,6.4,7.8,7.1
SU2023,SU2023-class 8,33,1905AGCAEC,,,7,,6.8,5.8,Passed,7,7.4,2.9
SU2023,SU2023-class 9,1,1905AGCFBC,,,5,,6.2,5.3,Passed,6.9,6.6,3.5
SU2023,SU2023-class 9,2,1905AFJFEE,,,0,,0,0,Attendance Fail,0,0,0
SU2023,SU2023-class 9,3,1905AGBFFA,,,5,,4.4,4.7,Not Passed,7.8,7.7,2.9
SU2023,SU2023-class 9,4,1905AGAIJJ,,,7,,5,5.2,Passed,8.9,7.8,2
SU2023,SU2023-class 9,5,1905AFACGE,,,5,,6.2,6,Passed,7,7.7,5.6
SU2023,SU2023-class 9,6,1905AGCEHD,,,6,,5,4.8,Not Passed,8.7,8.4,1.4
SU2023,SU2023-class 9,7,1905AGAHDG,,,5,,0,2.6,Not Passed,8.9,6.7,0
SU2023,SU2023-class 9,8,1905AFAAEI,,,0,,0,0,Attendance Fail,0,0,0
SU2023,SU2023-class 9,9,1905AFJHAB,,,5,,6.8,5.4,Passed,4.9,6.6,4.1
SU2023,SU2023-class 9,10,1905AGBIDE,,,6,,6.8,7.4,Passed,8.8,7.3,8.4
SU2023,SU2023-class 9,11,1905AGBHCJ,,,5,,5,5.4,Passed,8.4,8.4,4
SU2023,SU2023-class 9,12,1905AGBCDH,,,7,,0,2.9,Not Passed,7.4,7.8,0
SU2023,SU2023-class 9,13,1905AGCAHA,,,6,,5.4,6.7,Passed,8.6,7.3,7.5
SU2023,SU2023-class 9,14,1905AGADBG,,,5,,4,6,Passed,8.2,7.7,7.4
SU2023,SU2023-class 9,15,1905AFAICJ,,,5,,6,5.3,Passed,7.5,6.7,3.6
SU2023,SU2023-class 9,16,1905AEJIBJ,,,7,,7.2,7.4,Passed,8.6,7.8,7.4
SU2023,SU2023-class 9,17,1905AGJECA,,,5,,5.2,4.4,Not Passed,9,6.6,1
SU2023,SU2023-class 9,18,1905AFAEFH,,,0,,0,0,Attendance Fail,0,0,0
SU2023,SU2023-class 9,19,1905AGCJDB,,,5,,9,7.1,Passed,9.4,6.5,6
SU2023,SU2023-class 9,20,1905AFJEJJ,,,7,,6,7.3,Passed,8.8,7.8,8
SU2023,SU2023-class 9,21,1905AFJJEG,,,6.5,,4.4,5.9,Passed,8.5,7.5,5.5
SU2023,SU2023-class 9,22,1905AFJIGA,,,5,,6,6.2,Passed,8.1,6.7,6.5
SU2023,SU2023-class 9,23,1905AEAJBG,,,5,,6.2,6.6,Passed,8.3,6.7,7.5
SU2023,SU2023-class 9,24,1905AGCJHD,,,5,,6.8,6.2,Passed,9.4,8.4,4.5
SU2023,SU2023-class 9,25,1905AGCJEG,,,5,,8.4,7.2,Passed,8.8,7.3,7
SU2023,SU2023-class 9,26,1905AFAJAI,,,0,,0,0,Attendance Fail,0,0,0
SU2023,SU2023-class 9,27,1905AGACHB,,,6.5,,4.8,5.1,Passed,5.9,7.5,3.5
SU2023,SU2023-class 9,28,1905AGCBED,,,6,,8.2,7.3,Passed,8.8,8.4,6.5
SU2023,SU2023-class 9,29,1905AEJCFG,,,0,,0,0.3,Attendance Fail,3.2,0,0
SU2023,SU2023-class 9,30,1905AFBABI,,,5,,3.4,3.8,Not Passed,8.2,6.6,0.9
SU2023,SU2023-class 9,31,1905AGJCGI,,,7,,6.4,6.5,Passed,8.9,7.8,5
SU2023,SU2023-class 9,32,1905AFBABH,,,5,,5.2,6.3,Passed,8.4,8.4,6.7
SU2023,SU2023-class 9,33,1905ADJDDD,,,0,,0,0.7,Attendance Fail,0,6.7,0
SU2023,SU2023-class 9,34,1905AGCBCH,,,5,,8.8,6.4,Passed,9.5,6.6,4
SU2023,SU2023-class 10,1,1905AGJEJH,,,7,,7.6,5.3,Passed,7.6,5.8,1
SU2023,SU2023-class 10,2,1905AGADFD,,,9,,7.4,7.5,Passed,7.2,7.9,6.5
SU2023,SU2023-class 10,3,1905AGACEJ,,,1,,0,0.3,Not Passed,0.5,0.9,0
SU2023,SU2023-class 10,4,1905AFAGDE,,,0,,0,0,Attendance Fail,0,0.2,0
SU2023,SU2023-class 10,5,1705AGJAGI,,,7,,5.6,5.7,Passed,8.6,6.7,3.5
SU2023,SU2023-class 10,6,1905AFJDAE,,,7,,0,2.7,Not Passed,7,5.9,0
SU2023,SU2023-class 10,7,1905AGJDFD,,,9,,8.8,8.3,Passed,9,5.9,8
SU2023,SU2023-class 10,8,1905AGAEJJ,,,9,,9.4,9.1,Passed,9,7.6,9.5
SU2023,SU2023-class 10,9,1705AGJBJE,,,1,,9.2,7.5,Passed,9,8.1,9.4
SU2023,SU2023-class 10,10,1905AGAJDA,,,0,,0,0,Attendance Fail,0,0,0
SU2023,SU2023-class 10,11,1905AGJAFJ,,,7,,8,6,Passed,7.4,5.9,3
SU2023,SU2023-class 10,12,1905AGCEFH,,,5,,5.8,5.8,Passed,7.4,4,6.5
SU2023,SU2023-class 10,13,1905AGAAFI,,,1,,0,1.6,Not Passed,7.2,6.3,0
SU2023,SU2023-class 10,14,1905AGAEGG,,,3,,6.4,4.5,Not Passed,6,5.8,2.5
SU2023,SU2023-class 10,15,1905AGCDDA,,,10,,6.4,7.3,Passed,9.2,7.6,5.5
SU2023,SU2023-class 10,16,1905AGCDAE,,,1,,0,1,Not Passed,6.6,1.4,0
SU2023,SU2023-class 10,17,1905AGJCBE,,,7,,7.4,5.1,Passed,7,4.7,1
SU2023,SU2023-class 10,18,1905AGCCCB,,,5,,6.2,5.5,Passed,6.2,7.7,4.3
SU2023,SU2023-class 10,19,1905AFAAJE,,,1,,0,0.2,Attendance Fail,0,0,0
SU2023,SU2023-class 10,20,1905AEACEJ,,,8,,5,3.8,Not Passed,6.4,0.9,0
SU2023,SU2023-class 10,21,1905AFABFG,,,8,,6.8,6.2,Passed,7.8,5.9,3.9
SU2023,SU2023-class 10,22,1905AFJHAG,,,1,,7,4.9,Not Passed,7.2,5.4,4.3
SU2023,SU2023-class 10,23,1905AGCBBE,,,0,,0,0,Attendance Fail,0,0,0
SU2023,SU2023-class 10,24,1905AGJJEC,,,10,,8.4,8.5,Passed,8.6,7,8
SU2023,SU2023-class 10,25,1905AFJIGC,,,7,,5,5.5,Passed,3.8,5.7,5.5
SU2023,SU2023-class 10,26,1905AFAFBA,,,0,,0,0.1,Not Passed,0,0.5,0
SU2023,SU2023-class 10,27,1905AGCEHE,,,5,,8.2,5.9,Passed,7,2.6,5
SU2023,SU2023-class 10,28,1905AGJJFF,,,7,,0,2.7,Not Passed,6.8,5.9,0
SU2023,SU2023-class 10,29,1905AFJBAJ,,,10,,5.6,6.2,Passed,6.8,6.3,4
SU2023,SU2023-class 10,30,1905AEABHE,,,8,,8.2,7.5,Passed,5.8,6.7,7.3
SU2023,SU2023-class 10,31,1905AGJEFB,,,1,,0,0.4,Attendance Fail,0.5,1.8,0
SU2023,SU2023-class 10,32,1905AGJCJI,,,7,,7.4,5.6,Passed,6.8,6.4,2.2
SU2023,SU2023-class 11,1,1905AGBBJJ,,,6.5,,6.6,6.8,Passed,6,10,6.5
SU2023,SU2023-class 11,2,1905ACJEBD,,,0,,0,0,Attendance Fail,0,0.2,0
SU2023,SU2023-class 11,3,1905AFAGJE,,,6.5,,5.8,6.3,Passed,6,9,6
SU2023,SU2023-class 11,4,1905AGABFC,,,6.3,,5.2,4.1,Not Passed,5.5,4,1
SU2023,SU2023-class 11,5,1905AGAGHH,,,9.3,,4.6,5.8,Passed,7.8,10,2.5
SU2023,SU2023-class 11,6,1905AGAABH,,,9,,6.4,7.5,Passed,7,8.2,7.5
SU2023,SU2023-class 11,7,1905AFAEBG,,,6.8,,3,4.3,Not Passed,7,4,3
SU2023,SU2023-class 11,8,1905AGADAD,,,0,,0,0,Attendance Fail,0,0,0
SU2023,SU2023-class 11,9,1905AFAABE,,,8.5,,6.8,7.1,Passed,4,7.8,7.1
SU2023,SU2023-class 11,10,1905AGBBEF,,,8.5,,8,8.5,Passed,8.3,10,8.7
SU2023,SU2023-class 11,11,1905AFABCG,,,8.5,,6.2,6.8,Passed,6.3,3.2,7.5
SU2023,SU2023-class 11,12,1905AGAAHE,,,7.8,,6,6.4,Passed,7.5,6.4,5.5
SU2023,SU2023-class 11,13,1905AGCAHI,,,0,,0,0,Attendance Fail,0,0,0
SU2023,SU2023-class 11,14,1905AGBEDF,,,0,,0,0.3,Attendance Fail,0,3,0
SU2023,SU2023-class 11,15,1905AGBGEG,,,8.8,,7.6,7.5,Passed,6.5,10,6
SU2023,SU2023-class 11,16,1905AGBDIJ,,,7,,8.4,5.7,Passed,6.8,3,2.6
SU2023,SU2023-class 11,17,1905AGBBEC,,,6.3,,6.8,5,Passed,7.3,4.2,2
SU2023,SU2023-class 11,18,1905AGBFJE,,,10,,5.8,7.2,Passed,6,7.8,6.9
SU2023,SU2023-class 11,19,1905AGBFJG,,,7.5,,5.4,5.6,Passed,6.3,5.4,4.5
SU2023,SU2023-class 11,20,1905AHCHFI,,,10,,7.2,7.8,Passed,6.5,9,7
SU2023,SU2023-class 11,21,1905AGBDDA,,,6.5,,0,2.5,Not Passed,7,1.6,1
SU2023,SU2023-class 11,22,1905AFJHHA,,,9,,7,6.7,Passed,7.8,7,4.5
SU2023,SU2023-class 11,23,1905AGCDGI,,,8,,0,3.2,Not Passed,6.8,5.2,1.5
SU2023,SU2023-class 11,24,1905AGAHIE,,,8.3,,8.2,8.7,Passed,8.5,9,9.4
SU2023,SU2023-class 11,25,1905AEAJEG,,,7.8,,3,4.2,Not Passed,5.3,4.2,2.5
SU2023,SU2023-class 11,26,1905AGCBJC,,,6.5,,5.2,5.8,Passed,7.3,9,4.5
SU2023,SU2023-class 11,27,1905AGAIIB,,,8.5,,6.8,7.5,Passed,6,9,7.4
SU2023,SU2023-class 11,28,1905AGBGJE,,,0,,0,0.7,Attendance Fail,0,7.2,0
SU2023,SU2023-class 11,29,1905AGBAII,,,6,,7.6,6.7,Passed,7.3,10,4.9
SU2023,SU2023-class 11,30,1905AGBEFE,,,10,,7.4,7.8,Passed,6.8,8,7.1
SU2023,SU2023-class 11,31,1905AGBDJG,,,8,,4,5.6,Passed,6,7.2,4.8
SU2023,SU2023-class 11,32,1905AGCBIA,,,0,,0,0,Attendance Fail,0,0,0
SU2023,SU2023-class 11,33,1905AGBJIF,,,8.8,,6,6.6,Passed,6.8,10,4.5
SU2023,SU2023-class 12,1,1905AEJFBJ,,,3,,6.6,5,Passed,5.6,8.1,3.5
SU2023,SU2023-class 12,2,1905AFJEID,,,9,,5,6,Passed,7.2,7.9,4
SU2023,SU2023-class 12,3,1905AHCDBE,,,7,,8.2,8.6,Passed,8.2,8.8,10
SU2023,SU2023-class 12,4,1905AFJCBA,,,0,,0,0,Attendance Fail,0,0,0
SU2023,SU2023-class 12,5,1905AHAHAH,,,7,,7.2,7.5,Passed,7,8.8,7.8
SU2023,SU2023-class 12,6,0405AGJFCH,,,10,,9.2,8.2,Passed,6.6,7.9,6.5
SU2023,SU2023-class 12,7,1905AFJAED,,,1,,0,0.5,Not Passed,0.5,2.8,0
SU2023,SU2023-class 12,8,1905AEACFI,,,3,,4,3.7,Not Passed,0.5,2.4,5.3
SU2023,SU2023-class 12,9,1905AGAGBE,,,2,,0,2.1,Not Passed,0.5,4.1,4
SU2023,SU2023-class 12,10,1905AEJFIG,,,0,,0,0.1,Attendance Fail,0.5,0,0
SU2023,SU2023-class 12,11,1905AFJICJ,,,1,,6,4.9,Not Passed,6.4,7.1,5.1
SU2023,SU2023-class 12,12,1905AGCEFD,,,7,,7.4,7.5,Passed,7.4,7.6,7.9
SU2023,SU2023-class 12,13,1901AEJABG,,,6,,7,5,Passed,6.6,6.9,1
SU2023,SU2023-class 12,14,1905AFJFAF,,,3,,2.4,2.3,Not Passed,0.5,3,2
SU2023,SU2023-class 12,15,1905AFJDHE,,,7,,7,5.6,Passed,6.4,7.5,2.2
SU2023,SU2023-class 12,16,1905AHAGFI,,,9,,7.6,6.9,Passed,8,8.6,3.9
SU2023,SU2023-class 12,17,1905AFAGHC,,,7,,6.6,5.7,Passed,5.4,8.4,3
SU2023,SU2023-class 12,18,1905AGCFDH,,,1,,5.2,4.3,Not Passed,7,8.1,3.5
SU2023,SU2023-class 12,19,1905AGJJGD,,,5,,7.6,6.6,Passed,7.2,3.1,7.5
SU2023,SU2023-class 12,20,1905AHDGJF,,,6,,9.2,8.4,Passed,8,6.8,10
SU2023,SU2023-class 12,21,1905AGCEED,,,5.5,,6.2,4.9,Not Passed,0.5,7.2,4
SU2023,SU2023-class 12,22,1905AFJEHJ,,,7,,6.8,6.2,Passed,7,8,4.1
SU2023,SU2023-class 12,23,1905AGBGHC,,,7,,8.2,8,Passed,7.6,7.8,8.5
SU2023,SU2023-class 12,24,1905AGAIFE,,,0,,0,0.1,Attendance Fail,0.5,0,0
SU2023,SU2023-class 12,25,1905AHCBBB,,,7,,5.4,5.4,Passed,6.6,5.8,3.8
SU2023,SU2023-class 12,26,1905AEAJAJ,,,0,,0,0.1,Attendance Fail,0.5,0,0
SU2023,SU2023-class 12,27,1905AFJCBD,,,9,,9.2,7,Passed,7.8,7.7,3
SU2023,SU2023-class 12,28,1905AGCFBH,,,7,,6.6,6,Passed,7.8,7.3,3.6
SU2023,SU2023-class 12,29,1905AGAEDB,,,1,,0,0.4,Attendance Fail,0.5,1.4,0
SU2023,SU2023-class 12,30,1905AGBIHJ,,,9,,8,8.8,Passed,7.4,8.4,10
SU2023,SU2023-class 12,31,1905AFAIBD,,,1,,0,0.5,Not Passed,0.5,2.4,0
SU2023,SU2023-class 12,32,1905AGAHEF,,,8,,6.4,6.7,Passed,7.8,7.2,5.5
SU2023,SU2023-class 12,33,1905AEJCII,,,1,,0,1.8,Not Passed,0.5,4.8,3.5
SU2023,SU2023-class 12,34,1905AGAAEI,,,9,,9.2,8.2,Passed,8.4,9,6.5
SU2023,SU2023-class 12,35,1905AGCCJE,,,10,,7.8,6.7,Passed,7.6,7.5,2.8
SU2023,SU2023-class 13,1,1905AGJEBI,,,4.5,,7.6,6.5,Passed,9.6,8.9,5
SU2023,SU2023-class 13,2,1905AGAFGG,,,3,,0,1.2,Not Passed,0,6.2,0
SU2023,SU2023-class 13,3,1905AFAIFA,,,0,,4.8,4,Not Passed,8.8,5.8,3.5
SU2023,SU2023-class 13,4,1905AGAFHE,,,5,,8.4,7.8,Passed,9.6,9.2,8
SU2023,SU2023-class 13,5,1905AGBJBF,,,4,,6.2,6.7,Passed,8.2,8.2,8
SU2023,SU2023-class 13,6,1905AGJAAF,,,3.5,,6.2,5.4,Passed,8.8,8.2,3.9
SU2023,SU2023-class 13,7,1905AGACCB,,,4.5,,8.4,8.3,Passed,9.7,9.2,9.9
SU2023,SU2023-class 13,8,1905AGCCCF,,,4,,6.6,6.2,Passed,8,4.8,7
SU2023,SU2023-class 13,9,1905AGJECH,,,1,,6,3.5,Not Passed,8.4,6.4,0
SU2023,SU2023-class 13,10,1905AGAGCJ,,,4.5,,8.2,8.1,Passed,8.2,9.1,10
SU2023,SU2023-class 13,11,1905AGJEAB,,,4,,6.2,6.2,Passed,8.8,7.6,6.5
SU2023,SU2023-class 13,12,1905AGACGJ,,,4,,6.6,5.2,Passed,7.4,8.4,2.8
SU2023,SU2023-class 13,13,1905AGABFH,,,2,,7,5.1,Passed,9.6,6.8,3.1
SU2023,SU2023-class 13,14,1905AGBBJC,,,2,,5.6,5,Passed,8.5,7.2,4.4
SU2023,SU2023-class 13,15,1905AGABAE,,,0,,0,2,Attendance Fail,4.5,6.2,3
SU2023,SU2023-class 13,16,1905AGJJIB,,,2.5,,7.8,6.1,Passed,8.8,8.6,5.1
SU2023,SU2023-class 13,17,1905AGAGDE,,,1,,6,5.8,Passed,8.9,6.7,7.5
SU2023,SU2023-class 13,18,1905AGJDFE,,,3,,4.4,3.7,Not Passed,6.3,5.4,2
SU2023,SU2023-class 13,19,1905AGJCFE,,,3.5,,8,7.8,Passed,9.9,9.3,9.1
SU2023,SU2023-class 13,20,1905AGAGAD,,,1,,5.4,5.7,Passed,9.7,6.5,7.5
SU2023,SU2023-class 13,21,1905AGACGE,,,1,,5,5.5,Passed,4.3,6.7,9
SU2023,SU2023-class 13,22,1905AGBBEB,,,0,,2.8,2.4,Not Passed,9.4,6.4,0
SU2023,SU2023-class 13,23,1905AGAAAG,,,3,,6.8,6.5,Passed,9.4,9.4,6.5
SU2023,SU2023-class 13,24,1905AGABEC,,,4.5,,6.8,6.7,Passed,9.4,6.8,7.1
SU2023,SU2023-class 13,25,1905AGBGIH,,,0,,0,0.7,Attendance Fail,4,3,0
SU2023,SU2023-class 13,26,1905AGCAJF,,,2.5,,7.2,4.8,Not Passed,8.1,7.4,2
SU2023,SU2023-class 13,27,1905AGAACD,,,4.5,,7.8,6.5,Passed,9.6,7.1,5.2
SU2023,SU2023-class 13,28,1905AGJBCA,,,1.5,,8.2,5.6,Passed,4.8,7.7,5.4
SU2023,SU2023-class 13,29,1905AGACBJ,,,1.5,,7.8,5.4,Passed,5,7.5,5
SU2023,SU2023-class 13,30,1905AGJEBF,,,3.5,,5.6,5.5,Passed,8.4,9,4.5
SU2023,SU2023-class 13,31,1905AGAGGE,,,0,,0,0,Attendance Fail,0,0,0
SU2023,SU2023-class 13,32,1905AGJBIE,,,5,,8.8,7.7,Passed,9.9,8.7,7.5
SU2023,SU2023-class 13,33,1905AGBAFF,,,2.5,,6.8,6.3,Passed,9.6,9.4,6.1
SU2023,SU2023-class 13,34,1905AFBJDH,,,2.5,,5.4,3.8,Not Passed,8.9,6.2,0.5
SU2023,SU2023-class 13,35,1905AGADBD,,,1,,8,6.8,Passed,4.8,6.7,10
SU2023,SU2023-class 14,1,1905AGBFCD,,,6,,6.4,6.4,Passed,9.4,8.3,4.9
SU2023,SU2023-class 14,2,1905AGJFJH,,,6,,5.8,5.3,Passed,8.6,7.6,2.5
SU2023,SU2023-class 14,3,0805AGAIGB,,,7.5,,7,6.7,Passed,9.4,7.7,4.5
SU2023,SU2023-class 14,4,1905AGBFJJ,,,9,,8.8,9,Passed,9.4,9.3,9
SU2023,SU2023-class 14,5,1905AGBBFD,,,9,,8.2,8.4,Passed,8,9.3,8
SU2023,SU2023-class 14,6,1905AGBABG,,,8,,8.2,8,Passed,9,9.3,7
SU2023,SU2023-class 14,7,1905AGBECD,,,6,,8.4,7.8,Passed,9.6,8.3,7.5
SU2023,SU2023-class 14,8,1905AGAHJI,,,5.5,,8.4,7.2,Passed,7,6.5,7.5
SU2023,SU2023-class 14,9,1905AGAHFH,,,7,,6.2,7.2,Passed,8.8,8.6,7.4
SU2023,SU2023-class 14,10,1905AGBAAF,,,7,,6.6,6.9,Passed,8.5,8.6,5.9
SU2023,SU2023-class 14,11,1905AFAJCI,,,8,,5.2,5.3,Passed,8.7,7,2
SU2023,SU2023-class 14,12,1905AGBDGD,,,8,,8.4,8.5,Passed,9.4,9.3,8.5
SU2023,SU2023-class 14,13,1905AGBCBG,,,7,,7.8,6.4,Passed,9.4,8.6,3
SU2023,SU2023-class 14,14,1905AGJBJF,,,0,,0,0,Attendance Fail,0,0,0
SU2023,SU2023-class 14,15,1905AGJFJE,,,6,,5.6,4.5,Not Passed,8.7,7.6,0
SU2023,SU2023-class 14,16,1705AGJAGF,,,7,,7.8,7.2,Passed,9.4,8.6,5.5
SU2023,SU2023-class 14,17,1905AGBCDA,,,8,,8,8.9,Passed,9.4,9.3,10
SU2023,SU2023-class 14,18,1905AGCFII,,,6,,8.6,7.3,Passed,8.3,7.6,6.5
SU2023,SU2023-class 14,19,1905AGBAJE,,,5,,7,6.6,Passed,9.5,6.8,6.1
SU2023,SU2023-class 14,20,1905AGBGFI,,,7.5,,7.8,6.7,Passed,9.2,7.7,4
SU2023,SU2023-class 14,21,1905AGBCAI,,,5,,6.8,6.2,Passed,8.5,6.8,5.4
SU2023,SU2023-class 14,22,1905AGAGJD,,,7,,4.2,5.1,Passed,8.5,8.6,2.4
SU2023,SU2023-class 14,23,1905AGBEHE,,,5,,6.8,6.9,Passed,9.5,6.8,7.4
SU2023,SU2023-class 14,24,1905AEACFC,,,8,,6.2,6.1,Passed,6.5,7,4.4
SU2023,SU2023-class 14,25,1705AGJBCA,,,7,,7,5.6,Passed,6.2,8.6,2
SU2023,SU2023-class 14,26,1905AFAGBI,,,0,,0,0.4,Not Passed,4,0,0
SU2023,SU2023-class 14,27,1905AFAIIB,,,8,,6.4,7,Passed,8.3,7.3,6.5
SU2023,SU2023-class 14,28,1905AGBEFB,,,6,,9.4,7.9,Passed,9.4,8.3,7
SU2023,SU2023-class 14,29,1905AGJDHH,,,0,,0,0.4,Attendance Fail,4.3,0,0
SU2023,SU2023-class 14,30,1905AFJHEI,,,5,,6,5.7,Passed,4.6,7.2,5.6
SU2023,SU2023-class 14,31,1905ADJDFE,,,0,,0,0,Attendance Fail,0,0,0
SU2023,SU2023-class 14,32,1905AGBDHD,,,6,,7.8,7.8,Passed,8.9,8.3,8.5
SU2023,SU2023-class 14,33,1905AGBFCG,,,6,,8.2,7.4,Passed,9.4,8.3,6.5
SU2023,SU2023-class 14,34,1905AFAEJI,,,6,,6.6,6.6,Passed,9.5,7.9,5.6
SU2023,SU2023-class 14,35,1905AGACFC,,,7.5,,4.6,5.4,Passed,7,7.7,3.5
SU2023,SU2023-class 15,1,1905AGBGHD,,,8,,6.4,5.9,Passed,8.5,7.7,2.4
SU2023,SU2023-class 15,2,1905AGJCCJ,,,8,,9.2,8.6,Passed,8,7.9,8.9
SU2023,SU2023-class 15,3,1905AGBHJI,,,8,,8.4,7.7,Passed,8,8,6.5
SU2023,SU2023-class 15,4,1905AGJJDA,,,8,,7.4,7,Passed,7.3,7.9,5.5
SU2023,SU2023-class 15,5,1905AGCJIH,,,8.5,,8.8,8.8,Passed,7,7.9,10
SU2023,SU2023-class 15,6,1905AGBIIE,,,7.5,,8.6,5.9,Passed,7.8,7.1,1
SU2023,SU2023-class 15,7,1905AGCJGJ,,,8,,9,8.6,Passed,8.5,7.5,9
SU2023,SU2023-class 15,8,1905AGBHJF,,,8,,8.8,6.9,Passed,7.8,8.1,3.5
SU2023,SU2023-class 15,9,1919AFJACG,,,8.2,,8,5.8,Passed,7,7.5,1
SU2023,SU2023-class 15,10,1905AGCAGH,,,7.8,,8.8,7.2,Passed,8.3,7.8,4.7
SU2023,SU2023-class 15,11,1905AGJEHB,,,7,,5.8,5.8,Passed,7.5,7,3.9
SU2023,SU2023-class 15,12,1905AGCJED,,,7.5,,6.8,6.7,Passed,7.8,7.3,5.6
SU2023,SU2023-class 15,13,1905AGCADE,,,7,,8.6,6,Passed,7.3,6.7,2
SU2023,SU2023-class 15,14,1905AGJDEH,,,7,,5.2,5.4,Passed,6.8,6.8,3.5
SU2023,SU2023-class 15,15,1905AGCAFH,,,7,,4.8,5.7,Passed,7.3,7.1,4.9
SU2023,SU2023-class 15,16,1905AGCJIC,,,7.8,,6.6,6.6,Passed,7.3,7.5,5.4
SU2023,SU2023-class 15,17,1905AGCBJB,,,7.8,,7.8,7.7,Passed,7.5,7.9,7.5
SU2023,SU2023-class 15,18,1905AGCAFB,,,7,,6.2,6.2,Passed,7.5,6.7,5
SU2023,SU2023-class 15,19,1905AGBHAJ,,,9,,9.2,7.3,Passed,7.5,8.3,4
SU2023,SU2023-class 15,20,1905AGCAIG,,,7,,5.8,7,Passed,8,7.3,7.8
SU2023,SU2023-class 15,21,1905AGCJBE,,,7.5,,8.2,7.6,Passed,7.8,7.5,6.9
SU2023,SU2023-class 15,22,1905AGCBAJ,,,7.9,,6.6,6.2,Passed,7.5,7.7,3.7
SU2023,SU2023-class 15,23,1905AGBIEJ,,,8,,8.4,7.1,Passed,9.3,8.3,4.2
SU2023,SU2023-class 15,24,1905AGCAJI,,,8,,9.2,8.9,Passed,8.3,7.9,9.6
SU2023,SU2023-class 15,25,1905AGCBJH,,,7.5,,8,6.2,Passed,7.8,7.5,2.5
SU2023,SU2023-class 15,26,1905AGBIIJ,,,8,,7.4,6.6,Passed,7,7.5,4.5
SU2023,SU2023-class 15,27,1905AGBGJJ,,,7.9,,9.6,8.4,Passed,9.3,7.8,7.3
SU2023,SU2023-class 15,28,1905AGAJHI,,,7.5,,6.4,6.7,Passed,6.8,7.5,6.1
SU2023,SU2023-class 15,29,1905AGCAFF,,,8,,7.6,6,Passed,7.8,7.8,1.8
SU2023,SU2023-class 15,30,1905AGCACD,,,7.5,,9.2,8,Passed,7.5,7.3,7.5
SU2023,SU2023-class 15,31,1705AGJBAD,,,9,,8,8.4,Passed,8,8.7,8.5
SU2023,SU2023-class 15,32,1905AGCAAA,,,9,,8,8.2,Passed,8,8.1,7.9
SU2023,SU2023-class 15,33,1905AGBGBB,,,7.5,,6.4,5.5,Passed,7.3,7.1,2
SU2023,SU2023-class 15,34,1905AGBEFA,,,8,,7.8,7.8,Passed,8.8,7.8,7.3
SU2023,SU2023-class 15,35,1905AGJBCD,,,8,,8,6.9,Passed,8,7.9,4.5
SU2023,SU2023-class 15,36,1905AGCACI,,,7.5,,8,6.8,Passed,7,7.3,5
SU2023,SU2023-class 16,1,1905AGCFCI,,,6,,7.4,6,Passed,8.7,6,3.7
SU2023,SU2023-class 16,2,1905AGCDCE,,,8,,8.4,7.4,Passed,9.2,8,5.1
SU2023,SU2023-class 16,3,1905AGCFID,,,9,,6.6,7.5,Passed,7.7,9,6.7
SU2023,SU2023-class 16,4,1905AGCEHH,,,8,,6.4,6.8,Passed,8.8,8,5.5
SU2023,SU2023-class 16,5,1905AGCCJB,,,0,,0,1.1,Attendance Fail,8.3,0,1
SU2023,SU2023-class 16,6,1905AGBAEG,,,10,,7,8.1,Passed,8.8,10,7
SU2023,SU2023-class 16,7,1905AGCDEF,,,10,,8.4,9,Passed,9,10,8.5
SU2023,SU2023-class 16,8,1905AGCEIJ,,,4,,7.8,5.5,Passed,8.1,4,4
SU2023,SU2023-class 16,9,1919AFJCDA,,,9.5,,6.6,7.6,Passed,7.9,9.5,6.5
SU2023,SU2023-class 16,10,1905AGCEBJ,,,8,,8.4,6.9,Passed,8.4,8,3.9
SU2023,SU2023-class 16,11,1905AFABIH,,,5,,5,5.3,Passed,8.1,5,4.9
SU2023,SU2023-class 16,12,1905AGCFEC,,,10,,6.8,8.6,Passed,8.8,10,9
SU2023,SU2023-class 16,13,1919AGABDC,,,10,,9.2,9.6,Passed,8.8,10,10
SU2023,SU2023-class 16,14,1905AGBGGC,,,10,,7.2,9,Passed,8.4,10,9.9
SU2023,SU2023-class 16,15,1905AGCBAA,,,9,,5.4,6.2,Passed,8.3,9,3.4
SU2023,SU2023-class 16,16,1905AGJJAA,,,9.5,,7.4,7.1,Passed,8.7,9.5,4
SU2023,SU2023-class 16,17,1905AGCEHF,,,10,,6.8,8.2,Passed,9.5,10,7.5
SU2023,SU2023-class 16,18,1905AGCCFC,,,7,,8.2,7.2,Passed,8.7,7,6
SU2023,SU2023-class 16,19,1905AFJIIE,,,7,,6.4,5.7,Passed,9.1,7,2.5
SU2023,SU2023-class 16,20,1905AGCDGA,,,1,,3,2.6,Not Passed,8,1,2
SU2023,SU2023-class 16,21,1905AGBDEI,,,0,,0,0.8,Not Passed,8.1,0,0
SU2023,SU2023-class 16,22,1905AGAABI,,,10,,9,9.2,Passed,9.1,10,8.8
SU2023,SU2023-class 16,23,1905AGCBDD,,,8,,7.8,6.6,Passed,8.3,8,3.5
SU2023,SU2023-class 16,24,1905AGCCGJ,,,9.5,,6,6.9,Passed,9.1,9.5,4.5
SU2023,SU2023-class 16,25,1905ACJBFI,,,0,,0,0,Attendance Fail,0,0,0
SU2023,SU2023-class 16,26,1905AGCFHF,,,10,,8,9.2,Passed,9.1,10,9.5
SU2023,SU2023-class 16,27,1905AFJDGD,,,6,,6,5.5,Passed,7.1,6,4
SU2023,SU2023-class 16,28,1905AGCGJD,,,9,,5.6,5.5,Passed,8.3,9,1
SU2023,SU2023-class 16,29,1905AGCAGJ,,,5,,7.8,6.2,Passed,9.1,5,5
SU2023,SU2023-class 16,30,1905AGCFHA,,,8,,9,7.7,Passed,9.4,8,5.5
SU2023,SU2023-class 16,31,1905AGCCHD,,,7,,7.6,7,Passed,9,7,5.6
SU2023,SU2023-class 16,32,1905AGCDBB,,,10,,7,9,Passed,8.8,10,10
SU2023,SU2023-class 16,33,1905AGAHJE,,,10,,6.2,6.9,Passed,8.4,10,4
SU2023,SU2023-class 16,34,1905AGCDHF,,,9.5,,7.8,8.6,Passed,9.1,9.5,8.5
SU2023,SU2023-class 16,35,1905AGCDIB,,,10,,7.4,8.9,Passed,9.2,10,9.3
SU2024,SU2024-class 1,1,1905AFAFHF,,,6.3,,6,6,Passed,9,6.3,4.8
SU2024,SU2024-class 1,2,1905AHCJJF,,,10,,5.8,8.6,Passed,9.8,10,9.5
SU2024,SU2024-class 1,3,1905AHJADB,,,10,,6.2,8.3,Passed,9.5,10,8.3
SU2024,SU2024-class 1,4,1905AHJFCJ,,,8.5,,4.4,5.7,Passed,9.8,8.5,2.9
SU2024,SU2024-class 1,5,1905AGAHII,,,0,,0,0,Attendance Fail,0,0,0
SU2024,SU2024-class 1,6,1905AHJDHD,,,10,,7.6,7.9,Passed,8.7,10,6
SU2024,SU2024-class 1,7,1905AHJFJD,,,4.8,,0,4.1,Attendance Fail,9.2,4.8,5.7
SU2024,SU2024-class 1,8,1905AHJFJG,,,9.7,,4.8,7,Passed,8.8,9.7,5.8
SU2024,SU2024-class 1,9,1905AHAHBC,,,4.8,,4.5,4.3,Not Passed,8.7,4.8,2
SU2024,SU2024-class 1,10,1905AHJJAA,,,10,,5.8,7.3,Passed,9.8,10,5.3
SU2024,SU2024-class 1,11,1905AGBFDH,,,10,,5.8,8.3,Passed,8.7,10,9
SU2024,SU2024-class 1,12,1905AHJAIB,,,9.8,,5.4,7.7,Passed,9.5,9.8,7.2
SU2024,SU2024-class 1,13,1905AHBJIJ,,,6.8,,5.8,5.6,Passed,9,6.8,3.1
SU2024,SU2024-class 1,14,1905AHBBJB,,,4.9,,5.7,4.7,Not Passed,9.3,4.9,2
SU2024,SU2024-class 1,15,1905AHJJEH,,,8.5,,5.4,7.2,Passed,9.6,8.5,6.8
SU2024,SU2024-class 1,16,1905AHJJHF,,,9.1,,6.4,7.5,Passed,8.7,9.1,6.5
SU2024,SU2024-class 1,17,1905AHBBBH,,,9.3,,8,8.2,Passed,9.2,9.3,6.8
SU2024,SU2024-class 1,18,1905AHAEAH,,,10,,5,7,Passed,8.9,10,5.5
SU2024,SU2024-class 1,19,1905AGJBGA,,,8.5,,4,5.3,Passed,9.2,8.5,2
SU2024,SU2024-class 1,20,1905AGABHE,,,0,,0,0,Attendance Fail,0,0,0
SU2024,SU2024-class 1,21,1905AHJDAF,,,9.7,,7.2,8.6,Passed,9.5,9.7,8.5
SU2024,SU2024-class 1,22,1905AHAIEJ,,,8.5,,6.6,6,Passed,8.9,8.5,2
SU2024,SU2024-class 1,23,1905AHJDDH,,,10,,6,8.5,Passed,8.4,10,9.5
SU2024,SU2024-class 1,24,1905AHBJAF,,,4,,6,5.3,Passed,9,4,4.8
SU2024,SU2024-class 1,25,1905AHAEGA,,,0,,0,1.7,Not Passed,9.1,0,2.8
SU2024,SU2024-class 1,26,1905AHBDCC,,,8,,6,7.4,Passed,8.3,8,8
SU2024,SU2024-class 1,27,1905AHBDEA,,,7.8,,4.6,5.6,Passed,8.7,7.8,3.3
SU2024,SU2024-class 1,28,1905AHBJIB,,,9,,6.2,7.7,Passed,8.9,9,7.6
SU2024,SU2024-class 1,29,1905AHCHCI,,,0,,0,0,Attendance Fail,0,0,0
SU2024,SU2024-class 1,30,1905AGCFGH,,,4,,8.8,7.2,Passed,8.5,4,8.3
SU2024,SU2024-class 1,31,1905AHJCFE,,,8.9,,5.6,7.1,Passed,9.6,8.9,5.9
SU2024,SU2024-class 1,32,1905AHAHFE,,,10,,4.6,7.7,Passed,8,10,8.3
SU2024,SU2024-class 1,33,1905AHJJCF,,,8,,6.2,7.9,Passed,8.3,8,9.5
SU2024,SU2024-class 1,34,1905AHBJHD,,,4,,5.5,4.5,Not Passed,9.8,4,2.1
SU2024,SU2024-class 1,35,1905AGCJJJ,,,4.8,,4.8,4.3,Not Passed,8.3,4.8,2
SU2024,SU2024-class 2,1,1905AHCCDA,,,6,,3.9,4.4,Not Passed,8.5,6.5,1.9
SU2024,SU2024-class 2,2,1905AHBGHB,,,7,,5.8,6.7,Passed,8.3,8.2,6.3
SU2024,SU2024-class 2,3,1905AHCBCF,,,6.5,,4.2,6.4,Passed,8.5,8,7.3
SU2024,SU2024-class 2,4,1905AHBCGD,,,8,,5.4,6.9,Passed,8,7.7,7.1
SU2024,SU2024-class 2,5,1905AHDEJG,,,6,,4,3.7,Not Passed,8,5.3,0
SU2024,SU2024-class 2,6,1905AHCCDJ,,,6,,5,6.4,Passed,7.3,6.5,7.6
SU2024,SU2024-class 2,7,1905AHCFGD,,,7,,5,5.4,Passed,8.8,7.6,3
SU2024,SU2024-class 2,8,1905AHBBEB,,,7,,7,8,Passed,8.8,8,9.5
SU2024,SU2024-class 2,9,1905AHBFGJ,,,8,,6.8,8.1,Passed,8.5,8,9.3
SU2024,SU2024-class 2,10,1905AHBBIF,,,6.5,,5,5.4,Passed,6.5,7.7,3.8
SU2024,SU2024-class 2,11,1905AHCDFJ,,,6,,7,6.7,Passed,8.3,6,6.7
SU2024,SU2024-class 2,12,1905AHCJGE,,,6,,4,4.2,Not Passed,8.3,6.5,1
SU2024,SU2024-class 2,13,1905AHCBIG,,,9,,9.4,9.3,Passed,9.5,8.8,9.5
SU2024,SU2024-class 2,14,1905AHBGAE,,,6.5,,9.4,5.7,Passed,8.3,6.3,0.5
SU2024,SU2024-class 2,15,1905AHCBAF,,,8,,5,7.3,Passed,9.5,8.5,8
SU2024,SU2024-class 2,16,1905AHBBHI,,,8,,4,6.5,Passed,8.5,7.8,6.8
SU2024,SU2024-class 2,17,1905AGBCIJ,,,0,,0,1.4,Attendance Fail,4.8,8.8,0
SU2024,SU2024-class 2,18,1905AHJCGJ,,,6,,6.6,7.5,Passed,9,8.8,8.6
SU2024,SU2024-class 2,19,1905AHJDDB,,,6,,4.6,5.5,Passed,9.5,8.6,3.8
SU2024,SU2024-class 2,20,1905AHCEGE,,,8,,5,7.4,Passed,8.8,8.1,8.8
SU2024,SU2024-class 2,21,1905AHBEAG,,,6.5,,9,5.9,Passed,9,7.6,0.8
SU2024,SU2024-class 2,22,1905AHCFDD,,,7,,6,5.8,Passed,9,8.4,3
SU2024,SU2024-class 2,23,1905AHDGBF,,,7.5,,6,7.1,Passed,9.3,8.8,6.8
SU2024,SU2024-class 2,24,1905AHCJGC,,,0,,0,0,Attendance Fail,0,0,0
SU2024,SU2024-class 2,25,1905AHJJDA,,,7,,5.6,7,Passed,9,8.6,7.3
SU2024,SU2024-class 2,26,1905AHJDDE,,,6,,5,7.3,Passed,9.3,8.8,9.3
SU2024,SU2024-class 2,27,1905AHJCHG,,,6,,5.7,6.6,Passed,8.5,8.3,6.8
SU2024,SU2024-class 2,28,1905AGCAEF,,,5,,7.8,5,Not Passed,9.3,7,0
SU2024,SU2024-class 2,29,1905AHBGIG,,,8,,6.2,7.6,Passed,9,7.9,8
SU2024,SU2024-class 2,30,1905AHBHHJ,,,7,,9.4,8.5,Passed,8.3,5.6,9.5
SU2024,SU2024-class 2,31,1905AHDFGF,,,6.5,,5.6,6.1,Passed,8,8.7,4.8
SU2024,SU2024-class 2,32,1905AHBHGG,,,8,,5.2,7.2,Passed,8.5,8.4,7.8
SU2024,SU2024-class 2,33,1905AHCAJH,,,6,,4.5,4.9,Not Passed,8.5,8,2.4
SU2024,SU2024-class 2,34,1905AHJJAJ,,,6,,5.4,6.4,Passed,9,8.1,6.1
SU2024,SU2024-class 2,35,1905AHBDEH,,,7,,4.5,5.6,Passed,6.3,8,4.8
SU2024,SU2024-class 3,1,1905AIJGHH,,,4,,5.8,5,Passed,5.9,7,4
SU2024,SU2024-class 3,2,1905AIJEAB,,,6,,6.8,7.1,Passed,7,7.9,7.8
SU2024,SU2024-class 3,3,1905AHBCFJ,,,4,,3.1,3.5,Not Passed,5.1,5.5,2.5
SU2024,SU2024-class 3,4,1905AHEJFJ,,,4,,5.6,5.6,Passed,7.2,7,5.8
SU2024,SU2024-class 3,5,1905AICBGE,,,7,,8.2,8.4,Passed,7.3,8.4,9.8
SU2024,SU2024-class 3,6,1905AHCGCG,,,4,,5.5,5,Passed,6.8,6.3,4
SU2024,SU2024-class 3,7,1905AHDCHD,,,7,,5.8,7.6,Passed,7.1,7.8,9.9
SU2024,SU2024-class 3,8,1905AHDBIB,,,4,,4.5,4.2,Not Passed,7.5,7.8,1.6
SU2024,SU2024-class 3,9,1905AHJBBA,,,2,,0,1.7,Not Passed,6.9,6.4,0
SU2024,SU2024-class 3,10,1905AIBJEI,,,5,,7,6.3,Passed,6.2,7.6,6
SU2024,SU2024-class 3,11,1905AIJFDI,,,4,,8.6,5.6,Passed,5.2,7.5,3
SU2024,SU2024-class 3,12,1905AHDFIC,,,4,,7.6,7.2,Passed,6.4,8.4,8.8
SU2024,SU2024-class 3,13,1905AGCGJC,,,4,,0,2,Not Passed,4.5,7.9,0
SU2024,SU2024-class 3,14,1905AIBJIC,,,4,,5.8,5.4,Passed,6.4,7.5,5
SU2024,SU2024-class 3,15,1905AHDFCD,,,4,,5.8,6.3,Passed,6.7,8.9,7.3
SU2024,SU2024-class 3,16,1905AIJGEB,,,6,,8.2,8.1,Passed,7.2,8.9,9.5
SU2024,SU2024-class 3,17,1905AIBJFJ,,,4,,5.3,4.5,Not Passed,5.7,6.5,3
SU2024,SU2024-class 3,18,1905AHDEIH,,,7,,7.8,8.4,Passed,8,8.8,10
SU2024,SU2024-class 3,19,1905AHDDDE,,,7,,6.4,6.9,Passed,7.6,7.8,6.8
SU2024,SU2024-class 3,20,1905AHDAFE,,,0,,0,0.2,Attendance Fail,1.7,0,0
SU2024,SU2024-class 3,21,1919AGJIIH,,,2,,0,1.2,Attendance Fail,2.1,6.3,0
SU2024,SU2024-class 3,22,1905AIBABF,,,2,,6.6,6.4,Passed,6.2,7,9
SU2024,SU2024-class 3,23,1905AIJEHG,,,6,,7.8,6.9,Passed,7.6,8,6
SU2024,SU2024-class 3,24,1905AHEJJJ,,,7,,5,5.4,Passed,5.7,7,4
SU2024,SU2024-class 3,25,1905AIJBCF,,,7,,6.2,7.5,Passed,5.9,7.9,9.6
SU2024,SU2024-class 3,26,1905AHDGDD,,,7,,5.6,5.4,Passed,5.5,7,3.4
SU2024,SU2024-class 3,27,1905AHDIAD,,,4,,5.3,6.4,Passed,7.2,8.5,8.3
SU2024,SU2024-class 3,28,1905AIJGCE,,,7,,6.4,6.2,Passed,6.9,7.3,4.8
SU2024,SU2024-class 3,29,1905AHDBHC,,,4,,3.9,4.4,Not Passed,7.4,6.5,3.4
SU2024,SU2024-class 3,30,1905AIJAFH,,,7,,9,8.3,Passed,6.8,6.8,9.5
SU2024,SU2024-class 3,31,1905AHEJDC,,,7,,5.7,7.5,Passed,6.2,8.8,9.5
SU2024,SU2024-class 3,32,1905AHDEFB,,,4,,5.2,5,Passed,6.6,8,4
SU2024,SU2024-class 3,33,1905AHDJHH,,,7,,4.7,4.6,Not Passed,5.1,6.6,2.2
SU2024,SU2024-class 3,34,1905AHDDGE,,,7,,6,6,Passed,6.5,7.5,4.8
SU2024,SU2024-class 3,35,1905AGCDJF,,,2,,5.9,4.9,Not Passed,5.8,6.9,5
SU2024,SU2024-class 4,1,1905AIBAEH,,,8.8,,5.6,5.7,Passed,6.8,8.8,2.3
SU2024,SU2024-class 4,2,1905AIBFBD,,,8.8,,6.4,7.5,Passed,7.4,8.8,7.2
SU2024,SU2024-class 4,3,1905AIBADI,,,9.2,,6.6,7.7,Passed,7.8,9.2,7.1
SU2024,SU2024-class 4,4,1905AIBBDC,,,9.6,,8.6,8.6,Passed,7.2,9.6,8
SU2024,SU2024-class 4,5,1905AIBEEI,,,9.2,,5.8,6.5,Passed,6.8,9.2,4.5
SU2024,SU2024-class 4,6,1905AHDDFB,,,6.8,,5.6,5.8,Passed,7.8,6.8,4.3
SU2024,SU2024-class 4,7,1905AIBHAC,,,9.4,,8,8.7,Passed,8,9.4,8.8
SU2024,SU2024-class 4,8,1905AIBDHH,,,9.2,,5.2,5.9,Passed,7.2,9.2,2.8
SU2024,SU2024-class 4,9,1905AIBDDF,,,3.2,,0,1,Not Passed,0,3.2,0
SU2024,SU2024-class 4,10,1905AIBACG,,,9.2,,8.8,9.2,Passed,9.2,9.2,9.5
SU2024,SU2024-class 4,11,1905AIBEJA,,,5.8,,0,1.7,Not Passed,0,5.8,0
SU2024,SU2024-class 4,12,1905AIBGGG,,,7.8,,5.2,6.6,Passed,7.6,7.8,6.3
SU2024,SU2024-class 4,13,1905AIBFDI,,,8,,5.8,7.4,Passed,7.2,8,8.3
SU2024,SU2024-class 4,14,1905AIBCAJ,,,7.8,,6,6.5,Passed,5.2,7.8,6
SU2024,SU2024-class 4,15,1905AIBGHB,,,9.8,,7.2,8.5,Passed,8.8,9.8,8.5
SU2024,SU2024-class 4,16,1905AIBEIE,,,2.6,,2.6,2.2,Not Passed,6,2.6,0
SU2024,SU2024-class 4,17,1905AIBGHE,,,9.4,,5.8,6.3,Passed,5.6,9.4,4
SU2024,SU2024-class 4,18,1905AIBCIF,,,8,,5.6,7.3,Passed,7.8,8,8
SU2024,SU2024-class 4,19,1905AIBHCA,,,5.6,,4.4,5.2,Passed,6.4,5.6,5.3
SU2024,SU2024-class 4,20,1905AIBBJI,,,8.2,,8.8,8.7,Passed,7.6,8.2,9.3
SU2024,SU2024-class 4,21,1905AIBGDH,,,9.4,,8,8.8,Passed,7.4,9.4,9.3
SU2024,SU2024-class 4,22,1905AIBAFB,,,8.2,,9,8.4,Passed,8.2,8.2,8
SU2024,SU2024-class 4,23,1905AIBGJD,,,5.4,,6.2,6.4,Not Passed,0,5.4,9.8
SU2024,SU2024-class 4,24,1905AIBHFC,,,8.2,,6,6.7,Passed,7,8.2,5.8
SU2024,SU2024-class 4,25,1905AIBHEF,,,9.6,,5.2,5.7,Passed,5.8,9.6,2.3
SU2024,SU2024-class 4,26,1905AIBDFJ,,,8.4,,4.9,4.9,Not Passed,7,8.4,0.8
SU2024,SU2024-class 4,27,1905AIBBDB,,,9.4,,7.8,8.1,Passed,7.8,9.4,7.3
SU2024,SU2024-class 4,28,1905AIBIAC,,,7.8,,8,8.4,Passed,8,7.8,9.5
SU2024,SU2024-class 4,29,1905AIBCJG,,,9.4,,5.8,6.4,Passed,7.2,9.4,3.8
SU2024,SU2024-class 4,30,1905AIBBBJ,,,8.6,,8.2,7.3,Passed,8,8.6,4.8
SU2024,SU2024-class 4,31,1905AIBEFG,,,9.2,,7,7,Passed,6.8,9.2,4.8
SU2024,SU2024-class 4,32,1905AIJBFF,,,8.8,,6.2,8,Passed,7,8.8,9.3
SU2024,SU2024-class 4,33,1905AHJEDA,,,0,,0,0,Attendance Fail,0,0,0
SU2024,SU2024-class 4,34,1905AHCCJG,,,6,,5.6,6.8,Passed,8,6,8.3
SU2024,SU2024-class 4,35,1905AIBBDD,,,4,,5.2,3.5,Not Passed,4.8,4,1
SU2024,SU2024-class 5,1,1905AICAGA,,,9,,6.4,7.4,Passed,8.7,9.6,6
SU2024,SU2024-class 5,2,1905AICGBF,,,9.6,,7.1,8.1,Passed,7.3,9.6,8
SU2024,SU2024-class 5,3,1905AICEJG,,,7.8,,6.8,7,Passed,7.6,9.6,5.5
SU2024,SU2024-class 5,4,1905AICHFH,,,9,,6.4,7.3,Passed,8.3,9.6,5.8
SU2024,SU2024-class 5,5,0405AGJGIJ,,,0,,0,0.1,Not Passed,0,0,0.2
SU2024,SU2024-class 5,6,1905AIDJDF,,,6.2,,6.8,6.3,Passed,8.1,9.6,4
SU2024,SU2024-class 5,7,1905AIDAAI,,,8.6,,7.8,8.4,Passed,8.2,9.6,8.5
SU2024,SU2024-class 5,8,1905AIDJFJ,,,8.6,,6.2,7.5,Passed,7.9,9.6,7.3
SU2024,SU2024-class 5,9,1905AICFDB,,,9,,5.4,6.6,Passed,8.2,8.4,5
SU2024,SU2024-class 5,10,1905AICAHB,,,9.8,,5.6,8.3,Passed,8.7,9.6,9.5
SU2024,SU2024-class 5,11,1905AICCBI,,,4.8,,6.6,5.6,Passed,8.6,8.6,3.2
SU2024,SU2024-class 5,12,1905AHBHFD,,,7.6,,5,6.4,Passed,6.8,9.4,5.8
SU2024,SU2024-class 5,13,1905AICJIA,,,4.4,,4.6,5.7,Passed,9.1,8.2,5.8
SU2024,SU2024-class 5,14,1905AHCFII,,,9,,4.6,7,Passed,7.1,9.6,7
SU2024,SU2024-class 5,15,1905AIDJEJ,,,0,,0,0,Attendance Fail,0,0,0
SU2024,SU2024-class 5,16,1905AICCHJ,,,7.6,,4,5.6,Passed,7.4,7.2,4.8
SU2024,SU2024-class 5,17,1905AICFDI,,,9.2,,6,7.9,Passed,8.6,9.6,8
SU2024,SU2024-class 5,18,1905AICFFF,,,7,,6.6,7.4,Passed,6.8,9,8
SU2024,SU2024-class 5,19,1905AICAII,,,9.2,,6.6,7.4,Passed,7,8.2,6.8
SU2024,SU2024-class 5,20,1905AICBDF,,,8.6,,6.8,7.9,Passed,8,8.4,8.3
SU2024,SU2024-class 5,21,1905AIJEAH,,,9.8,,9,9.3,Passed,9.1,10,9
SU2024,SU2024-class 5,22,1905AICJBH,,,0,,6.8,4.2,Not Passed,0,0,7.3
SU2024,SU2024-class 5,23,1905AGBBCH,,,0,,0,0,Attendance Fail,0,0,0
SU2024,SU2024-class 5,24,1905AICHDJ,,,6.4,,6.8,7.4,Passed,7.6,9.6,7.8
SU2024,SU2024-class 5,25,1905AICJFD,,,8.8,,5.8,7.5,Passed,8.9,9.6,7
SU2024,SU2024-class 5,26,1905AHCIGH,,,8.2,,6.2,7.2,Passed,6.8,9.8,6.8
SU2024,SU2024-class 5,27,1905AICJFJ,,,9,,7,8.2,Passed,7.5,9.2,8.8
SU2024,SU2024-class 5,28,1905AICDHD,,,9.4,,5.8,7.5,Passed,8.6,9.4,7
SU2024,SU2024-class 5,29,1905AGBIGE,,,0,,0,0,Attendance Fail,0,0,0
SU2024,SU2024-class 5,30,1905AICHGB,,,8.6,,6.8,7.5,Passed,7.3,9.6,6.8
SU2024,SU2024-class 5,31,1905AIBIGC,,,9,,5.4,6.8,Passed,6.6,9.6,5.7
SU2024,SU2024-class 5,32,1905AICHDB,,,9.2,,7.6,7.9,Passed,6.3,9.4,7.3
SU2024,SU2024-class 5,33,1905AICGBG,,,6.2,,5,6,Passed,8.9,9.8,4.8
SU2024,SU2024-class 5,34,1905AICCEJ,,,8,,5.8,6.9,Passed,7.9,9.6,6.1
SU2024,SU2024-class 5,35,1905AICDAD,,,9.6,,6.2,8.5,Passed,9.1,9.6,9.4
SU2024,SU2024-class 6,1,1905AIFBCG,,,6,,4.6,6.9,Passed,7.9,6,9.9
SU2024,SU2024-class 6,2,1905AIDHGA,,,7,,6.6,5.9,Passed,6.2,7.1,4
SU2024,SU2024-class 6,3,0305AHJFEE,,,0,,0,0,Attendance Fail,0,0,0
SU2024,SU2024-class 6,4,1905AIDCBG,,,6,,6.4,5.2,Passed,5.8,6.6,2.8
SU2024,SU2024-class 6,5,1905AGADGC,,,0,,0,0,Attendance Fail,0,0,0
SU2024,SU2024-class 6,6,1905AIFBHG,,,4,,6,5.4,Passed,7.5,7.6,4.3
SU2024,SU2024-class 6,7,1905AIFBFA,,,5,,6.8,6.4,Passed,8.3,8.3,5.6
SU2024,SU2024-class 6,8,1905AIDIDF,,,7,,8,7.3,Passed,7,8.8,6.4
SU2024,SU2024-class 6,9,1905AIDBAF,,,4,,6.6,6.8,Passed,6.5,7.8,8.5
SU2024,SU2024-class 6,10,1905AIDBBG,,,0,,0,0,Attendance Fail,0,0,0
SU2024,SU2024-class 6,11,1905AHDBFJ,,,4,,3.3,4.9,Not Passed,6.4,7.8,5.7
SU2024,SU2024-class 6,12,1905AGBGGI,,,0,,0,0.7,Attendance Fail,2.4,4.6,0
SU2024,SU2024-class 6,13,1905AGAACB,,,3,,0,2.3,Attendance Fail,5.8,5.3,2
SU2024,SU2024-class 6,14,1905AIFHFB,,,7,,6,6.8,Passed,7.2,8.8,6.8
SU2024,SU2024-class 6,15,1905AIFCJE,,,7,,5.8,7.1,Passed,6.7,7.6,8.5
SU2024,SU2024-class 6,16,1905AIFEAE,,,7,,6,6.4,Passed,7.2,7.8,5.6
SU2024,SU2024-class 6,17,1905AIDEIB,,,7,,8.6,7.6,Passed,7.1,8.5,7
SU2024,SU2024-class 6,18,1905AFJEBD,,,3,,0,2.4,Not Passed,7,8.1,1
SU2024,SU2024-class 6,19,1905AHCACC,,,6,,0,2.8,Not Passed,8,8.3,0
SU2024,SU2024-class 6,20,1905AIDICH,,,5,,6.4,5.5,Passed,6,7.9,4
SU2024,SU2024-class 6,21,1905AIFBAC,,,7,,6.2,6.1,Passed,8.3,7.8,4
SU2024,SU2024-class 6,22,1905AGBCGE,,,0,,0,0,Attendance Fail,0,0,0
SU2024,SU2024-class 6,23,1905AIFBIC,,,5,,6.8,6.1,Passed,8.6,7.6,4.8
SU2024,SU2024-class 6,24,1905AIDEFA,,,1,,0,1.3,Attendance Fail,4.3,6.6,0
SU2024,SU2024-class 6,25,1905AIDCDC,,,4,,4,5,Passed,5.9,7.8,5.3
SU2024,SU2024-class 6,26,1905AHAGGG,,,4,,5.8,5.3,Passed,6.7,6.6,4.8
SU2024,SU2024-class 6,27,1905AIFEIE,,,7,,7.8,8.1,Passed,7.3,8.9,9
SU2024,SU2024-class 6,28,1905AIFDDD,,,7,,7.2,7.5,Passed,7.1,7.8,8.3
SU2024,SU2024-class 6,29,1905AIDCDB,,,4,,6.6,7,Passed,7.8,7.6,8.8
SU2024,SU2024-class 6,30,1905AIDFEA,,,7,,7,6.1,Passed,6.6,7.4,4
SU2024,SU2024-class 6,31,1905AFADBD,,,0,,0,0,Attendance Fail,0,0,0
SU2024,SU2024-class 6,32,1905AIFFIA,,,7,,8,6,Passed,6.6,6.4,2.9
SU2024,SU2024-class 6,33,1905AIDBEG,,,5,,6,6.5,Passed,6.2,8.8,7.2
SU2024,SU2024-class 6,34,1905AIDAIG,,,4,,6.2,6.2,Passed,7.5,8.3,6.6
SU2024,SU2024-class 7,1,1905AGBDIA,,,7,,8.6,7.5,Passed,6.5,8.8,6.6
SU2024,SU2024-class 7,2,1905AGADAE,,,4,,5.2,4.5,Not Passed,6.1,6.5,3
SU2024,SU2024-class 7,3,1905AHBCIH,,,5,,4,5.9,Passed,7.1,7.9,7.5
SU2024,SU2024-class 7,4,1905AHCHGD,,,5,,5.2,6.9,Passed,7.7,9,9
SU2024,SU2024-class 7,5,1905AHBCGJ,,,6.5,,7,7.5,Passed,8.2,8,8.1
SU2024,SU2024-class 7,6,1905AHBHDH,,,7.5,,5.6,7.1,Passed,7.5,6.6,8.5
SU2024,SU2024-class 7,7,1905AHCCJB,,,8,,6.8,7.6,Passed,8.5,8.8,7.6
SU2024,SU2024-class 7,8,1905AHAGAI,,,7,,5.8,7.1,Passed,7.6,8.9,7.7
SU2024,SU2024-class 7,9,1905AHDIIG,,,5,,5.2,4.6,Not Passed,7.5,6.5,2
SU2024,SU2024-class 7,10,1905AHJEIG,,,8,,6.4,6.7,Passed,7.6,8.8,5
SU2024,SU2024-class 7,11,1905AHBBBG,,,3,,6.2,6.3,Passed,7.7,8.1,7.5
SU2024,SU2024-class 7,12,1905AHAGDA,,,6.5,,5.4,5.5,Passed,8.5,8.4,3
SU2024,SU2024-class 7,13,1905AHCDCC,,,5,,4.6,6.5,Passed,7.2,7.9,8.8
SU2024,SU2024-class 7,14,1905AICGEI,,,5,,6.6,6.8,Passed,8.7,8.9,7
SU2024,SU2024-class 7,15,1905AGJEJD,,,7,,5.8,6.1,Passed,6.5,8,5.2
SU2024,SU2024-class 7,16,1905AGAEJE,,,3,,4.4,4.3,Not Passed,7.7,7.6,3
SU2024,SU2024-class 7,17,1905AHCBFD,,,4,,6.2,6,Passed,6.1,7.9,6.4
SU2024,SU2024-class 7,18,1905AHBEGG,,,8,,8.8,7.4,Passed,7.9,8,5.3
SU2024,SU2024-class 7,19,1905AIDIJG,,,6.5,,8.2,8.2,Passed,7.6,8.8,9.3
SU2024,SU2024-class 7,20,1905AHDDJG,,,0,,0,0.6,Attendance Fail,0,6.1,0
SU2024,SU2024-class 7,21,1905AICJBH,,,3,,6.8,7,Passed,7.3,8,9.5
SU2024,SU2024-class 7,22,1905AGJDDC,,,7,,5.2,5.8,Passed,7.3,7.8,4.4
SU2024,SU2024-class 7,23,1905ADAJIB,,,3,,7,7,Passed,7.5,8.5,9
SU2024,SU2024-class 7,24,1905AGAECI,,,7,,5.4,5.6,Passed,6.7,7.6,4
SU2024,SU2024-class 7,25,1905AHJBHG,,,8,,7.8,8.5,Passed,8.1,8.6,9.5
SU2024,SU2024-class 7,26,1905AHJBDF,,,8,,8.6,8.7,Passed,8.1,8.9,9.5
SU2024,SU2024-class 7,27,1905AGBGEC,,,0,,0,0.6,Attendance Fail,0,6.3,0
SU2024,SU2024-class 7,28,1905AGJCEI,,,3,,0,4.6,Is Susspended,8.4,7.4,8.2
SU2024,SU2024-class 7,29,1905AHCHEG,,,7,,8,7.2,Passed,7.4,7.3,6.5
SU2024,SU2024-class 7,30,1905AHCFBE,,,4,,5.2,5.5,Passed,5.3,7.8,6.1
SU2024,SU2024-class 7,31,1905AHCHDF,,,3,,5.2,5.4,Passed,7,7.6,5.9
SU2024,SU2024-class 7,32,1905AGJABD,,,6.5,,4,5.4,Passed,7.8,6.4,5.1
SU2024,SU2024-class 7,33,1905AHDFHG,,,3,,6.6,6.1,Passed,7.3,8.1,6.6
SU2024,SU2024-class 7,34,1905AHDCJF,,,4,,5.6,6.1,Passed,7,7.3,7.4
SU2024,SU2024-class 7,35,1905AHBHFC,,,5,,6,7.3,Passed,9.2,9,9
SU2024,SU2024-class 8,1,1905AHJGFH,,,7,,5.2,7.1,Passed,5.7,7.8,9.3
SU2024,SU2024-class 8,2,1905AHCIFB,,,8.5,,5.6,7.8,Passed,9.5,9,8.6
SU2024,SU2024-class 8,3,1905AHDHHI,,,6.5,,7.6,8.2,Passed,9,9.2,9.5
SU2024,SU2024-class 8,4,1905AHCDBB,,,0,,0,0.9,Attendance Fail,4.3,4.3,0
SU2024,SU2024-class 8,5,1905AHJFGJ,,,8.5,,7.8,8.1,Passed,10,9.4,7.1
SU2024,SU2024-class 8,6,1905AHBDFJ,,,7,,4.8,6.8,Passed,7.9,7.2,8
SU2024,SU2024-class 8,7,1905AIDDJE,,,6.5,,6.2,6.4,Passed,7.9,7.8,5.5
SU2024,SU2024-class 8,8,1905AGBFCI,,,5,,4.8,5.8,Passed,8.3,5.7,6.5
SU2024,SU2024-class 8,9,1905AHJFEG,,,5.5,,7.2,7.2,Passed,8.9,9.1,7
SU2024,SU2024-class 8,10,1905AIJHFE,,,6.5,,6.4,6.4,Passed,7.7,7.3,5.5
SU2024,SU2024-class 8,11,1905AIBHEE,,,6.5,,6.4,8,Passed,9.7,9.3,9.5
SU2024,SU2024-class 8,12,1905AIBJJH,,,6.5,,4.8,5.3,Passed,8.6,4.6,4
SU2024,SU2024-class 8,13,1905AHAGJB,,,8,,6.6,8.4,Passed,9.8,9.4,9.5
SU2024,SU2024-class 8,14,1919AHJJFI,,,8,,5.8,7.8,Passed,7.8,8.8,9.3
SU2024,SU2024-class 8,15,1905AIBFCH,,,7,,6.6,7.1,Passed,8.7,9.1,6.5
SU2024,SU2024-class 8,16,1905AIJGID,,,8,,6.8,8.5,Passed,9.8,10,9.5
SU2024,SU2024-class 8,17,1905AHCGJJ,,,6,,5.4,6.1,Passed,7.6,7.8,5.9
SU2024,SU2024-class 8,18,1905AHBJHI,,,8.5,,7.2,8.4,Passed,9.5,9.5,8.9
SU2024,SU2024-class 8,19,1905AHBDBE,,,9,,4,7.3,Passed,9.2,8.8,8.2
SU2024,SU2024-class 8,20,1905AGJCDI,,,7,,5.2,6,Passed,7.2,6.7,5.6
SU2024,SU2024-class 8,21,1905AHDFEJ,,,8,,5.6,7.8,Passed,9.4,9.1,9
SU2024,SU2024-class 8,22,1905AHAFEF,,,8,,5.6,7.9,Passed,9.7,8.4,9.5
SU2024,SU2024-class 8,23,1905AIJJEA,,,8.5,,7.4,7.7,Passed,8.7,8.6,7
SU2024,SU2024-class 8,24,1905AHCCHG,,,7,,6.4,8,Passed,9.7,8.6,9.4
SU2024,SU2024-class 8,25,1905AGJBDD,,,6.5,,5.2,6.5,Passed,8.5,7.9,6.8
SU2024,SU2024-class 8,26,1919AGJIIH,,,6.5,,6.4,6.6,Passed,7.9,7.5,6
SU2024,SU2024-class 8,27,1905AHBGJG,,,9,,7,8.5,Passed,9.3,9.4,9
SU2024,SU2024-class 8,28,1905AHJFFE,,,8,,4.4,6.5,Passed,8.6,9.3,6
SU2024,SU2024-class 8,29,1905AHBJCH,,,8.5,,6.6,8.4,Passed,9.8,9.3,9.5
SU2024,SU2024-class 8,30,1905AIBAAE,,,8.5,,7,8.2,Passed,9,8.4,8.7
SU2024,SU2024-class 8,31,1905AIJGDJ,,,8,,7.4,8.6,Passed,9.8,9.6,9.5
SU2024,SU2024-class 8,32,1905AHJFAD,,,5.5,,5,6.5,Passed,6.2,7.6,8.5
SU2024,SU2024-class 8,33,1905AGCJEJ,,,6,,6.6,5.2,Passed,7.2,7,2
SU2024,SU2024-class 8,34,1905AIFDBA,,,5.5,,4.8,6.7,Passed,8.1,8.3,8.5
SU2024,SU2024-class 8,35,1905AGJBCE,,,6.5,,4.6,6.8,Passed,8.4,8.4,8
SU2024,SU2024-class 9,1,1905AIDBGB,,,9,,6.4,7.8,Passed,8,8,8.3
SU2024,SU2024-class 9,2,1905AFAEJG,,,8,,0,1.8,Attendance Fail,0,1.6,0
SU2024,SU2024-class 9,3,1905AHEJIC,,,3.5,,0,0.7,Not Passed,0,0,0
SU2024,SU2024-class 9,4,1905AFABAB,,,0,,0,0,Not Passed,0,0,0
SU2024,SU2024-class 9,5,1905AIDDJE,,,8.5,,0,1.7,Not Passed,0,0,0
SU2024,SU2024-class 9,6,1905AHCCHI,,,9,,5.6,6.9,Passed,9.9,8.7,5.3
SU2024,SU2024-class 9,7,1905AFJIAF,,,8.5,,4.8,6.8,Passed,9,8.2,6.3
SU2024,SU2024-class 9,8,1905AFJCFB,,,9,,5.4,7.3,Passed,8.5,8,7.3
SU2024,SU2024-class 9,9,1905AGAJHB,,,8.5,,8.4,8.8,Passed,8.2,8,9.8
SU2024,SU2024-class 9,10,1905AIDDDG,,,8.5,,5.4,7.6,Passed,8,8,9
SU2024,SU2024-class 9,11,1705AHJAEI,,,8.5,,6.2,7.2,Passed,8.5,8.4,6.5
SU2024,SU2024-class 9,12,1905AHBHCB,,,8.5,,0,3.3,Not Passed,8,8,0
SU2024,SU2024-class 9,13,1905AGBJHG,,,8.5,,8.6,7.9,Passed,8.2,8.3,6.5
SU2024,SU2024-class 9,14,1905AHDJBG,,,9.5,,0,3.5,Not Passed,8,8.3,0
SU2024,SU2024-class 9,15,1905AGJCHB,,,9,,7.2,7.9,Passed,9,8,7.5
SU2024,SU2024-class 9,16,1905AHAHEC,,,0,,0,0,Not Passed,0,0,0
SU2024,SU2024-class 9,17,1905AGBIIA,,,8.5,,9.2,9,Passed,8,8.4,9.5
SU2024,SU2024-class 9,18,1905AHBGCA,,,8.5,,4.6,6.4,Passed,8,8.1,5.8
SU2024,SU2024-class 9,19,1905AHJCHC,,,9,,4.9,5.6,Passed,8,8,2.5
SU2024,SU2024-class 9,20,1905AHJCJD,,,9,,5.6,5.1,Not Passed,8.2,8,0
SU2024,SU2024-class 9,21,1905AHDFCA,,,5.5,,0,1.2,Not Passed,0,0.7,0
SU2024,SU2024-class 9,22,1905AGCDDB,,,8.5,,0,5,Not Passed,8,8.3,5.5
SU2024,SU2024-class 9,23,1905AGJAHB,,,0,,0,0,Not Passed,0,0,0
SU2024,SU2024-class 9,24,1905AHDAID,,,8.5,,0,1.7,Not Passed,0,0,0
SU2024,SU2024-class 9,25,0819AHJDFA,,,9.5,,7.2,8.6,Passed,9.3,8.5,9.3
SU2024,SU2024-class 9,26,1905AFAFJG,,,8.5,,4.5,6.8,Passed,8,8,7.3
SU2024,SU2024-class 9,27,1905AHBIIG,,,10,,7.6,8.5,Passed,8.8,8.2,8.3
SU2024,SU2024-class 9,28,1919AHAAEJ,,,9,,7.2,8.5,Passed,8.9,8.5,9.3
SU2024,SU2024-class 9,29,0405AGJFIC,,,8.5,,0,3.3,Not Passed,8,8.3,0
SU2024,SU2024-class 9,30,1905AGJDHG,,,8.5,,4.1,5.4,Passed,8,8,2.9
SU2024,SU2024-class 9,31,1905ADJDFE,,,0,,0,0,Attendance Fail,0,0,0
SU2024,SU2024-class 9,32,1905AGADFJ,,,9,,4.2,5.8,Passed,8.8,8.6,3.3
SU2024,SU2024-class 9,33,1905AGBHII,,,9,,9.2,9,Passed,8,8,9.5
SU2024,SU2024-class 9,34,1905AHBJDJ,,,8.5,,7.2,7.7,Passed,8.7,8.3,7.3
SU2024,SU2024-class 9,35,1905AGBDFE,,,9,,4.5,6,Passed,8.7,8.1,3.8
SU2024,SU2024-class 10,1,1905AHCGGH,,,6,,5.4,5.9,Passed,6.5,4.5,6.6
SU2024,SU2024-class 10,2,1905AGBDIB,,,8,,2,3.8,Not Passed,7.5,6.2,0.9
SU2024,SU2024-class 10,3,1905AGJEFJ,,,9,,8.2,7.1,Passed,8.5,8,4
SU2024,SU2024-class 10,4,1905AGCCCJ,,,6,,5.1,4.9,Not Passed,8.3,6.4,2.3
SU2024,SU2024-class 10,5,1905AHJFDB,,,8,,4.8,6.5,Passed,8.3,8,6
SU2024,SU2024-class 10,6,1905AFAIFA,,,7,,4.6,5.3,Passed,8.5,5.6,3.6
SU2024,SU2024-class 10,7,1905AEJFFE,,,0,,0,0.8,Attendance Fail,3.8,4.6,0
SU2024,SU2024-class 10,8,1905AFADGI,,,0,,0,0,Attendance Fail,0,0,0
SU2024,SU2024-class 10,9,1905AGJDJE,,,7,,4.2,5,Passed,8,6,3.1
SU2024,SU2024-class 10,10,1905AEJEEH,,,8,,6,7,Passed,8.5,7.2,6.8
SU2024,SU2024-class 10,11,1905AHJDBD,,,8,,6.8,7.9,Passed,7.5,8.1,8.9
SU2024,SU2024-class 10,12,1905AFAGJA,,,8,,0,2.7,Not Passed,4.8,6.6,0
SU2024,SU2024-class 10,13,1905AGBGAG,,,0,,0,0,Attendance Fail,0,0,0
SU2024,SU2024-class 10,14,1905AHJBJG,,,5,,5.2,5.4,Passed,8.3,8.2,4
SU2024,SU2024-class 10,15,1905AHJAEI,,,8,,4.4,6.7,Passed,4.8,5.2,9.3
SU2024,SU2024-class 10,16,1905AGCCBI,,,6,,5.8,5.1,Passed,8.5,5.9,2.3
SU2024,SU2024-class 10,17,1905AHCFEH,,,8,,4.2,7.5,Passed,9,8.6,9.5
SU2024,SU2024-class 10,18,1905AGAFJH,,,0,,0,0.6,Attendance Fail,4.3,1.6,0
SU2024,SU2024-class 10,19,1905AHAIID,,,7,,5.8,6.1,Passed,7,6.1,5.5
SU2024,SU2024-class 10,20,1905AHJGEI,,,5,,6.6,6.4,Passed,7.5,5.7,7.1
SU2024,SU2024-class 10,21,1905AHDAEC,,,0,,0,0.4,Attendance Fail,0,4.4,0
SU2024,SU2024-class 10,22,1905AHCGCE,,,6,,5.8,4.3,Not Passed,7.5,5.9,0
SU2024,SU2024-class 10,23,1905AHDCAH,,,6,,4,4,Not Passed,7.3,4.8,1.4
SU2024,SU2024-class 10,24,1905AHDDIJ,,,6,,5,5.3,Passed,7.8,4.4,4.7
SU2024,SU2024-class 10,25,1905AHBIFE,,,0,,0,0,Attendance Fail,0,0,0
SU2024,SU2024-class 10,26,1905AHBBCG,,,7,,6.6,6.5,Passed,8.8,6.5,5.3
SU2024,SU2024-class 10,27,1905AHAEHF,,,0,,0,0,Attendance Fail,0,0,0
SU2024,SU2024-class 10,28,1905AGADAJ,,,0,,0,0.1,Attendance Fail,0,1,0
SU2024,SU2024-class 10,29,1905AGCDID,,,5,,8.4,5.3,Passed,8,4.8,1.5
SU2024,SU2024-class 10,30,1905AGAAJE,,,5,,9,7.7,Passed,8.8,5.6,8.6
SU2024,SU2024-class 10,31,1905AGAAHG,,,5,,9.2,8.1,Passed,7.8,7,9.5
SU2024,SU2024-class 10,32,1905AGAEJD,,,7,,3.8,4.1,Not Passed,8.5,7.4,0
SU2024,SU2024-class 11,1,1905AHCEHA,,,0,,0,0,Attendance Fail,0,0,0
SU2024,SU2024-class 11,2,1905AHJDDF,,,5,,5.6,5.7,Passed,6.3,6.5,5.8
SU2024,SU2024-class 11,3,1905AHCBGJ,,,0,,0,0,Attendance Fail,0,0,0
SU2024,SU2024-class 11,4,1905AGCDIF,,,4,,0,2,Not Passed,6.2,6.3,0
SU2024,SU2024-class 11,5,1905AEACEC,,,0,,0,0,Attendance Fail,0,0,0
SU2024,SU2024-class 11,6,1905AHJJJI,,,5,,4.5,4.4,Not Passed,6.8,8,2
SU2024,SU2024-class 11,7,1905AEJGEJ,,,6.5,,5.4,6.5,Passed,6,8.1,7.3
SU2024,SU2024-class 11,8,1905AHJBDE,,,0,,0,0,Attendance Fail,0,0,0
SU2024,SU2024-class 11,9,1905AHCDIJ,,,7.5,,3.9,4.5,Not Passed,6,7.6,1.4
SU2024,SU2024-class 11,10,1905AHDHBJ,,,7.5,,6.6,7.2,Passed,6.5,7.3,7.8
SU2024,SU2024-class 11,11,1905AHCECA,,,6.5,,5.8,6.7,Passed,6.7,9,6.9
SU2024,SU2024-class 11,12,1905AGBBJE,,,0,,0,0.6,Attendance Fail,2.6,3.8,0
SU2024,SU2024-class 11,13,1905AFAHHE,,,4,,0,2.1,Attendance Fail,6.7,6.4,0
SU2024,SU2024-class 11,14,1905AHDDDB,,,6.5,,9.2,8.2,Passed,7.5,8.9,8.5
SU2024,SU2024-class 11,15,1905AHBCFA,,,4,,0,1.7,Attendance Fail,2.2,6.8,0
SU2024,SU2024-class 11,16,1905AGJCDI,,,0,,0,0.2,Attendance Fail,1.7,0,0
SU2024,SU2024-class 11,17,1905AHDEIG,,,4,,4.4,6.3,Passed,5.9,7.9,9.3
SU2024,SU2024-class 11,18,1905AGCJDD,,,0,,0,0.2,Attendance Fail,2.5,0,0
SU2024,SU2024-class 11,19,1905AGJCGD,,,6.5,,4.8,6.2,Passed,7.9,6.3,6.8
SU2024,SU2024-class 11,20,1905AHCJGA,,,4,,5.4,6.7,Passed,6,8.9,9.3
SU2024,SU2024-class 11,21,1901AGJJHJ,,,7.5,,5.4,5.7,Passed,4.8,6.5,4.7
SU2024,SU2024-class 11,22,1905AGABHI,,,4,,0,1.9,Not Passed,6.1,5,0
SU2024,SU2024-class 11,23,1905ACJBFI,,,0,,0,0,Attendance Fail,0,0,0
SU2024,SU2024-class 11,24,1905AHDICI,,,6.5,,0,2.8,Attendance Fail,5,5,1.6
SU2024,SU2024-class 11,25,1905AFACGC,,,5,,5.2,5.4,Passed,6.6,7.5,4.6
SU2024,SU2024-class 11,26,1905AHBFAE,,,4,,8,7,Passed,6,8.4,7.8
SU2024,SU2024-class 11,27,1905AGAAFC,,,0,,0,0,Attendance Fail,0,0,0
SU2024,SU2024-class 11,28,1905AGJCDH,,,0,,0,0,Attendance Fail,0,0,0
SU2024,SU2024-class 11,29,1905AFAHGE,,,4,,3.6,3.2,Not Passed,7.1,6.4,0
SU2024,SU2024-class 11,30,1905AHDDAB,,,5,,5,3.7,Not Passed,5.4,6.3,0
SU2024,SU2024-class 11,31,1905AICACD,,,7.5,,7.2,7.8,Passed,7.9,8.8,8.3
SU2024,SU2024-class 11,32,1905AGJEFB,,,5,,5.8,4.3,Not Passed,7.4,7.8,0
SU2024,SU2024-class 11,33,1905AHBBAG,,,4,,4,5.3,Passed,7.9,6.4,6.3
SU2024,SU2024-class 11,34,1905AGBFGH,,,0,,0,0,Attendance Fail,0,0,0
SU2024,SU2024-class 12,1,1905AHCBAH,,,8.6,,5.3,7.2,Passed,7.8,9.6,7.3
SU2024,SU2024-class 12,2,1905AHDCJE,,,0,,0,0,Attendance Fail,0,0,0
SU2024,SU2024-class 12,3,1905AGBDGF,,,9.2,,4.6,5.6,Passed,7.3,4.6,4
SU2024,SU2024-class 12,4,1905AGAEIA,,,8.8,,5.6,5.9,Passed,8,8.1,3
SU2024,SU2024-class 12,5,1905AHBEAF,,,8.2,,5.8,6.7,Passed,6.5,9.8,5.8
SU2024,SU2024-class 12,6,1905AGCFDA,,,0,,0,0,Attendance Fail,0,0,0
SU2024,SU2024-class 12,7,1905AFAGBG,,,9.2,,9.2,9.1,Passed,8.2,8.2,9.5
SU2024,SU2024-class 12,8,1905AHJEDI,,,8,,5.6,5.8,Passed,7.2,8.8,3
SU2024,SU2024-class 12,9,1905AHCIEH,,,8.4,,5.8,5.1,Passed,6.8,3.6,2
SU2024,SU2024-class 12,10,1905AGCFEF,,,7.8,,4.3,5,Passed,5.6,4.2,3.8
SU2024,SU2024-class 12,11,1905AHBHCE,,,7,,5,6.1,Passed,6.4,9.6,5.3
SU2024,SU2024-class 12,12,1905AHBHHE,,,0,,0,0,Attendance Fail,0,0,0
SU2024,SU2024-class 12,13,1905AHAIDH,,,0,,0,0,Attendance Fail,0,0,0
SU2024,SU2024-class 12,14,1905AHDFBD,,,8.4,,6.6,7.3,Passed,6.8,9.6,6.8
SU2024,SU2024-class 12,15,1905AGABEB,,,8.6,,6,7.2,Passed,6.6,8.7,7.1
SU2024,SU2024-class 12,16,1905AHJDIC,,,0,,0,0,Attendance Fail,0,0,0
SU2024,SU2024-class 12,17,1905AHBDEG,,,9.2,,7,8.4,Passed,7.8,10,9
SU2024,SU2024-class 12,18,1905AHCJBJ,,,0,,0,0,Attendance Fail,0,0,0
SU2024,SU2024-class 12,19,1905AGAHBC,,,8.8,,9.2,9,Passed,7.8,8.6,9.5
SU2024,SU2024-class 12,20,1905AGAEIG,,,8.8,,5.3,6.3,Passed,5.2,7.6,5.5
SU2024,SU2024-class 12,21,1905AGBAFD,,,0,,5.4,3.3,Not Passed,0,0,5.7
SU2024,SU2024-class 12,22,1905AHBGBH,,,8.6,,7.2,6.7,Passed,8.5,2.8,5.8
SU2024,SU2024-class 12,23,1905AHJDCJ,,,6.4,,0,2.6,Not Passed,7.8,5.5,0
SU2024,SU2024-class 12,24,1905AHBFFF,,,6.8,,4.9,5.6,Passed,6.8,6.2,5
SU2024,SU2024-class 12,25,1905AHCBJE,,,0,,0,0,Attendance Fail,0,0,0
SU2024,SU2024-class 12,26,1905AGAHCC,,,9.2,,9.2,8.6,Passed,5.4,6.2,9.5
SU2024,SU2024-class 12,27,1905AGBHCE,,,8.8,,0,3,Not Passed,7.2,4.8,0
SU2024,SU2024-class 12,28,1905AHJDHH,,,8.6,,6.8,7.8,Passed,8,9.4,7.5
SU2024,SU2024-class 12,29,1905AHBJJE,,,8.4,,8.4,8.3,Passed,7.7,4,9.8
SU2024,SU2024-class 12,30,1905AHJGBJ,,,8.2,,6,6.7,Passed,7.9,9.6,5
SU2024,SU2024-class 12,31,1905AHBIGD,,,8.6,,3.9,4.9,Not Passed,6.7,5,2.7
SU2024,SU2024-class 12,32,1905AHCBCB,,,7.2,,8.4,8.1,Passed,8.2,8.4,8.3
SU2024,SU2024-class 12,33,1905AHBIHJ,,,0,,0,0,Attendance Fail,0,0,0
SU2024,SU2024-class 12,34,1901AGJAEI,,,8.8,,7.6,7.8,Passed,6.9,8.8,7.4
SU2024,SU2024-class 12,35,1905AEADIC,,,8.8,,6,7.8,Passed,5.7,8,9.5
SU2024,SU2024-class 13,1,1905AGCFFC,,,0,,0,0,Attendance Fail,0,0,0
SU2024,SU2024-class 13,2,1905AHDEEB,,,8,,5,6.4,Passed,8,8,5.8
SU2024,SU2024-class 13,3,1905AHCIAE,,,9,,5.4,6.5,Passed,7.5,6.4,5.6
SU2024,SU2024-class 13,4,1905AHCJCH,,,8,,5,5.7,Passed,4.5,6.8,5
SU2024,SU2024-class 13,5,1905AHCIJJ,,,0,,0,0.1,Attendance Fail,0,1,0
SU2024,SU2024-class 13,6,1905AGBFCI,,,8,,0,2.5,Not Passed,3.8,5,0
SU2024,SU2024-class 13,7,1905AHJDAH,,,5,,4.6,5.8,Passed,9,8.4,5.7
SU2024,SU2024-class 13,8,1905AGBDCE,,,0,,0,0.5,Attendance Fail,0,5.2,0
SU2024,SU2024-class 13,9,1905AHBJCF,,,5,,3.9,6.1,Not Passed,7,5.6,8.8
SU2024,SU2024-class 13,10,1905AHCEBF,,,5,,4.1,4.5,Not Passed,7.5,7.5,2.4
SU2024,SU2024-class 13,11,1905AHDBED,,,5,,4.8,5.8,Passed,8.8,6.4,6
SU2024,SU2024-class 13,12,1905AHCHIC,,,7,,3.3,5.4,Not Passed,7.8,7.6,4.8
SU2024,SU2024-class 13,13,1905AHCBFD,,,8,,5.4,4.6,Not Passed,8.3,5.4,0
SU2024,SU2024-class 13,14,1919AHABCB,,,7,,4.2,5.9,Passed,7.5,5.2,6.5
SU2024,SU2024-class 13,15,1905AHDCDF,,,9,,5.2,6.8,Passed,8,4.4,7.3
SU2024,SU2024-class 13,16,1905AHDEIC,,,8,,4.6,5.3,Passed,8.8,6,2.8
SU2024,SU2024-class 13,17,1905AHCDFB,,,0,,0,0,Attendance Fail,0,0,0
SU2024,SU2024-class 13,18,1905AHEJBC,,,5,,0,2,Not Passed,3.3,6.4,0
SU2024,SU2024-class 13,19,1905AHCGFD,,,5,,3.3,4,Not Passed,7.5,7.3,1.8
SU2024,SU2024-class 13,20,1905AGBBED,,,0,,0,0.6,Attendance Fail,3.5,2,0
SU2024,SU2024-class 13,21,1905AHDDFC,,,7,,5.1,6.6,Passed,7.5,7,7.5
SU2024,SU2024-class 13,22,1905AHBCGA,,,5,,5.8,6.6,Passed,8,7.5,7.8
SU2024,SU2024-class 13,23,1905AHDCHE,,,7,,4.4,5.3,Passed,8.8,5.2,3.8
SU2024,SU2024-class 13,24,1905AHDDEH,,,5,,0,3.7,Is Susspended,9,7.4,3.5
SU2024,SU2024-class 13,25,1905AGCEHJ,,,5,,0,2,Is Susspended,3.8,6.2,0
SU2024,SU2024-class 13,26,1905AGAGDB,,,6,,8.6,8,Passed,7.8,5,9.8
SU2024,SU2024-class 13,27,1905AGBJJB,,,6,,8.8,7.3,Passed,4.8,1,9.5
SU2024,SU2024-class 13,28,1905AGCADC,,,6,,5.6,7,Passed,8.5,4.6,9.5
SU2024,SU2024-class 13,29,1905AHJDGG,,,5,,4.8,6.5,Passed,8.3,8.2,8
SU2024,SU2024-class 13,30,1905AGAEDC,,,8,,4,5.7,Passed,8.5,8.1,4.1
SU2024,SU2024-class 13,31,1905AHCGEB,,,7,,6,6.9,Passed,8.8,6.8,7.3
SU2024,SU2024-class 13,32,1905AGCAGG,,,0,,0,0.8,Attendance Fail,3,5,0
SU2024,SU2024-class 13,33,1905AGAAHB,,,6,,5,6.8,Passed,7,6.3,9.3
SU2024,SU2024-class 13,34,1905AGCFJH,,,0,,0,0.6,Attendance Fail,3.8,2,0
SU2024,SU2024-class 13,35,1905AHCBCD,,,7,,6.4,6.8,Passed,7.5,7.4,6.7
SU2024,SU2024-class 14,1,1905AHBJAI,,,8.5,,7.8,8.3,Passed,8.5,8.4,8.5
SU2024,SU2024-class 14,2,1905AHCICJ,,,1,,5.8,5.6,Passed,5.4,6.3,8.3
SU2024,SU2024-class 14,3,1905AGJACC,,,1,,9.4,6.9,Passed,6.6,5,9
SU2024,SU2024-class 14,4,1905AGCFJI,,,6,,4.4,5,Passed,7.2,5.5,4
SU2024,SU2024-class 14,5,1905AHJAIA,,,1,,0,1.1,Attendance Fail,4.6,4.2,0
SU2024,SU2024-class 14,6,1905AHCFFG,,,6.5,,5.2,6.7,Passed,7.7,8.6,7.3
SU2024,SU2024-class 14,7,1905AHDHBA,,,8.5,,5.4,7.3,Passed,8.7,7.4,8
SU2024,SU2024-class 14,8,1905AGBABD,,,0,,0,0,Attendance Fail,0,0,0
SU2024,SU2024-class 14,9,1905AHAGHG,,,8.5,,5.2,5.5,Passed,8.5,7.9,2
SU2024,SU2024-class 14,10,1905AGJBFC,,,6.5,,4,5.2,Passed,7.3,7.3,4.2
SU2024,SU2024-class 14,11,1905AGCCJJ,,,0,,0,0.2,Attendance Fail,2.5,0,0
SU2024,SU2024-class 14,12,1905AGAEBI,,,6,,5.4,6,Passed,8.7,7,5.3
SU2024,SU2024-class 14,13,1905AGBADC,,,5,,7,6.6,Passed,6.7,8,6.8
SU2024,SU2024-class 14,14,1905AHDBFF,,,6.5,,4.8,5.7,Passed,8.1,7.5,4.8
SU2024,SU2024-class 14,15,1905AHDJGA,,,6.5,,5.4,6.6,Passed,7.7,7.6,7.3
SU2024,SU2024-class 14,16,1905AGACHC,,,6.5,,5.5,6.7,Passed,7.7,9,6.8
SU2024,SU2024-class 14,17,1905AGBHIJ,,,0,,0,0,Attendance Fail,0,0,0
SU2024,SU2024-class 14,18,1905AHCEGD,,,0,,0,0,Attendance Fail,0,0,0
SU2024,SU2024-class 14,19,1905AIDGCJ,,,0,,0,0,Attendance Fail,0,0,0
SU2024,SU2024-class 14,20,1905AGAJEA,,,0,,0,0,Attendance Fail,0,0,0
SU2024,SU2024-class 14,21,1905AGCGJI,,,1,,8.6,7.1,Passed,6.9,6.5,9.8
SU2024,SU2024-class 14,22,1905AHCADI,,,4,,4,5.5,Passed,6.8,7.6,6.8
SU2024,SU2024-class 14,23,1905AHAHAE,,,8,,0,2.7,Not Passed,2.6,8.8,0
SU2024,SU2024-class 14,24,1905AFAEFH,,,0,,0,0,Attendance Fail,0,0,0
SU2024,SU2024-class 14,25,1905AGBFEG,,,6,,5.6,5,Passed,7.5,5.3,2.9
SU2024,SU2024-class 14,26,1905AGJBAG,,,0,,0,0.1,Attendance Fail,1.1,0,0
SU2024,SU2024-class 14,27,1905AHJDFJ,,,4,,6.8,7.2,Passed,7.6,8.6,9.2
SU2024,SU2024-class 14,28,1905AGADJF,,,1,,5.4,2.9,Not Passed,5.3,5.5,0
SU2024,SU2024-class 14,29,1905AHDBHA,,,6,,0,2.3,Not Passed,4.5,6.8,0
SU2024,SU2024-class 14,30,1905AGBCBF,,,6.5,,3.5,4.2,Not Passed,8.7,6.4,1.3
SU2024,SU2024-class 14,31,1905AGJJJI,,,6.5,,5.2,7.2,Passed,7,8.1,9.5
SU2024,SU2024-class 14,32,1905AHJDAI,,,4,,5.8,5.8,Passed,5.4,5.5,7.1
SU2024,SU2024-class 14,33,1905AGCDAG,,,1,,0,0.9,Attendance Fail,1.7,5.4,0
SU2024,SU2024-class 14,34,1905AGBHGJ,,,6,,5.4,6.5,Passed,7.8,8.1,6.8
SU2024,SU2024-class 14,35,1905AGJBHF,,,1,,3.8,2.8,Not Passed,7.7,5,0.7
SU2024,SU2024-class 15,1,1905AHJDBA,,,6,,5.1,4.9,Not Passed,6.8,6.5,2.8
SU2024,SU2024-class 15,2,1905AHJADF,,,0,,0,0,Attendance Fail,0,0,0
SU2024,SU2024-class 15,3,1905AHJGGD,,,1,,0,1,Attendance Fail,2.6,5.3,0
SU2024,SU2024-class 15,4,1905AHJAJH,,,5,,4.7,4.8,Not Passed,7.4,6.4,3.5
SU2024,SU2024-class 15,5,1905AHJADE,,,0,,0,0,Attendance Fail,0,0,0
SU2024,SU2024-class 15,6,1905AHAHCA,,,6.5,,5.8,7.1,Passed,8.1,6.8,8.5
SU2024,SU2024-class 15,7,1905AIDEEE,,,5,,5.6,6.4,Passed,6.4,5,8.7
SU2024,SU2024-class 15,8,1905AHAGDA,,,7.5,,0,2.4,Attendance Fail,3.7,5.4,0
SU2024,SU2024-class 15,9,1905AEJGIB,,,5.5,,4.4,4.1,Not Passed,5.1,6.3,1.8
SU2024,SU2024-class 15,10,1905AHAEBD,,,6.5,,5.6,5.3,Passed,7.9,6.6,2.9
SU2024,SU2024-class 15,11,1905AGJEJD,,,1,,0,1.1,Attendance Fail,2.7,6.4,0
SU2024,SU2024-class 15,12,1905AHJEAB,,,6,,4.4,4.5,Not Passed,7.7,6.5,1.9
SU2024,SU2024-class 15,13,1905AGCDAE,,,0,,0,0,Attendance Fail,0,0,0
SU2024,SU2024-class 15,14,1905AHJCIE,,,7,,5.2,6,Passed,8.1,8,4.9
SU2024,SU2024-class 15,15,1905AHJFGC,,,7.5,,5.6,6.3,Passed,6.8,6.9,5.8
SU2024,SU2024-class 15,16,1905AHAGBC,,,6,,6,6,Passed,7.3,7.8,5.1
SU2024,SU2024-class 15,17,1905AHJJDC,,,6.5,,6,5.8,Passed,6.7,5.5,5
SU2024,SU2024-class 15,18,1905AHDEAC,,,5,,4.7,3.9,Not Passed,6.6,5,1
SU2024,SU2024-class 15,19,1905AHAEAG,,,7.5,,6.4,6.6,Passed,7.8,6.8,5.8
SU2024,SU2024-class 15,20,1905AHJEAH,,,6.5,,8.6,5.6,Passed,8,6.4,1
SU2024,SU2024-class 15,21,1905AFJIHE,,,6.5,,6.2,5.5,Passed,5.2,6,4.1
SU2024,SU2024-class 15,22,1905AHJGJD,,,5,,0,2.3,Attendance Fail,2.3,6.5,1.4
SU2024,SU2024-class 15,23,1905AHJBII,,,6.5,,5.8,5.9,Passed,7.1,8.1,4.3
SU2024,SU2024-class 15,24,1905AHJCEC,,,7.5,,6.4,6.7,Passed,6.8,7.8,6.1
SU2024,SU2024-class 15,25,1905AHJFFA,,,5,,6.4,7.2,Passed,6.3,7.5,9.8
SU2024,SU2024-class 15,26,1905AHDCJF,,,7,,0,2.8,Not Passed,6.5,7.8,0
SU2024,SU2024-class 15,27,1905AHJDGC,,,7,,5.6,6.8,Passed,6.4,7.8,7.7
SU2024,SU2024-class 15,28,1905AHBCJD,,,1,,0,1.1,Attendance Fail,3.2,6.2,0
SU2024,SU2024-class 15,29,1905AHJFFG,,,5,,4.8,6.2,Passed,6.3,6,8.5
SU2024,SU2024-class 15,30,1905AHJCFJ,,,7,,4.8,5.8,Passed,7.4,7.5,4.8
SU2024,SU2024-class 15,31,1905AHJEDJ,,,7,,4.6,7.1,Passed,7,6.8,9.8
SU2024,SU2024-class 15,32,1905AICBDJ,,,7.5,,5.4,6.3,Passed,5.7,7.8,6
SU2024,SU2024-class 15,33,1905AHBAAE,,,6.5,,6.8,7.5,Passed,7.2,8,8.8
SU2024,SU2024-class 15,34,1905AIDAEH,,,5,,4.5,4.1,Not Passed,7,5,1.8
SU2024,SU2024-class 16,1,1905AGJAII,,,0,,0,0,Attendance Fail,0,0,0
SU2024,SU2024-class 16,2,1905AHBDFJ,,,7,,3.2,3.9,Not Passed,8.5,7.3,0
SU2024,SU2024-class 16,3,1905AHBDFC,,,7.5,,5.8,6.6,Passed,8.5,7.5,5.8
SU2024,SU2024-class 16,4,1905AICJFE,,,9,,7.6,8,Passed,8,8.3,7.6
SU2024,SU2024-class 16,5,1905AHBFBB,,,6,,5.2,5.5,Passed,7.8,5.3,4.8
SU2024,SU2024-class 16,6,1905AHJJEF,,,8.5,,4.4,6.2,Passed,8,8.3,5
SU2024,SU2024-class 16,7,1905AGBCBD,,,6,,4.2,6.8,Passed,7.5,6.9,9.5
SU2024,SU2024-class 16,8,1905AHCJFD,,,9,,6.4,8.3,Passed,8.5,8.3,9.5
SU2024,SU2024-class 16,9,1905AHBJAJ,,,6.5,,5,6.1,Passed,8.3,4.2,6.8
SU2024,SU2024-class 16,10,1905AHAIAI,,,7,,5.4,6.8,Passed,6.5,7.2,8
SU2024,SU2024-class 16,11,0305AHADBJ,,,8.5,,4.8,7.6,Passed,8,7.9,9.5
SU2024,SU2024-class 16,12,1905AHCBJB,,,8,,4.8,5.9,Passed,7.8,7.8,4.3
SU2024,SU2024-class 16,13,1905AHBGDH,,,6.5,,3.5,4,Not Passed,6.8,6.6,1
SU2024,SU2024-class 16,14,1905AHBCHI,,,9.5,,5.6,7.7,Passed,8.5,9,8
SU2024,SU2024-class 16,15,1905AHBDGE,,,5,,3.7,6.4,Not Passed,8.5,6.1,9.5
SU2024,SU2024-class 16,16,1905AHBJJI,,,9.5,,5.6,7.8,Passed,7,9.2,8.5
SU2024,SU2024-class 16,17,1905AHBGAH,,,3,,8.8,7.4,Passed,6.8,5.4,9.8
SU2024,SU2024-class 16,18,1901AHJJAC,,,5,,9.2,8.1,Passed,7.3,7.3,9.5
SU2024,SU2024-class 16,19,1905AHBGCJ,,,9.2,,6.8,5.8,Passed,7.8,8.9,1
SU2024,SU2024-class 16,20,1905AHCCEJ,,,9.6,,6.4,8.1,Passed,8.5,9,8.5
SU2024,SU2024-class 16,21,1905AHBGGE,,,0,,0,0.4,Attendance Fail,3.8,0,0
SU2024,SU2024-class 16,22,1905AHJGDC,,,8,,6.2,8,Passed,8.5,7.9,9.5
SU2024,SU2024-class 16,23,1905AHBFEA,,,0,,0,0.3,Attendance Fail,3.3,0,0
SU2024,SU2024-class 16,24,1905AHCGHF,,,7.5,,4.9,6.4,Passed,7.8,7.5,6.3
SU2024,SU2024-class 16,25,1905AHCJFH,,,9.5,,4.4,7.1,Passed,8.8,8.7,7
SU2024,SU2024-class 16,26,1905AHJDCF,,,7.5,,8.6,8.4,Passed,7.8,7.4,9.5
SU2024,SU2024-class 16,27,1919AGJJDG,,,9,,9.2,9.1,Passed,8.3,8.3,9.5
SU2024,SU2024-class 16,28,1905AHCJDA,,,7.5,,4.2,5.7,Passed,7.8,7.3,4.8
SU2024,SU2024-class 16,29,1905AHBAGA,,,0,,0,0,Attendance Fail,0,0,0
SU2024,SU2024-class 16,30,1905AHAIFF,,,9,,6.4,7.4,Passed,8.3,8.5,6.8
SU2024,SU2024-class 16,31,1905AHCAAC,,,7.5,,5,5.1,Passed,7.5,7.7,2
SU2024,SU2024-class 16,32,1905AHCJAB,,,3,,8.6,7.3,Passed,7.8,6.4,9
SU2024,SU2024-class 16,33,1905AHCDJF,,,8,,5.2,6.2,Passed,7.5,8,4.8
SU2024,SU2024-class 16,34,1905AHBBFA,,,0,,0,0,Attendance Fail,0,0,0
SU2024,SU2024-class 16,35,1905AHBHAC,,,8.5,,3.8,4.3,Not Passed,6.8,7.9,0
SU2024,SU2024-class 17,1,1905AHJAAE,,,7.5,,4.2,6,Passed,7.3,7.5,5.8
SU2024,SU2024-class 17,2,1905AHDGGG,,,0,,0,0.4,Attendance Fail,3.5,0,0
SU2024,SU2024-class 17,3,1905AHCGAJ,,,7,,3.7,4.7,Not Passed,7.8,5.7,2.8
SU2024,SU2024-class 17,4,1905AHDJIA,,,9,,5.2,7.5,Passed,8.3,8.7,8.1
SU2024,SU2024-class 17,5,1905AHDHDJ,,,7.5,,4.8,6.9,Passed,8.3,7.7,8
SU2024,SU2024-class 17,6,1905AHCBGA,,,8.5,,6.6,7,Passed,7.8,8.4,5.8
SU2024,SU2024-class 17,7,1905AHCCHJ,,,8,,3.7,5.2,Not Passed,7.5,7.8,3.3
SU2024,SU2024-class 17,8,1905AHDGDI,,,5,,4,3.5,Not Passed,6.8,4.2,0.7
SU2024,SU2024-class 17,9,1905AHDBFA,,,8.9,,4.4,6.9,Passed,8.8,8.7,6.8
SU2024,SU2024-class 17,10,1905AEACEB,,,0,,0,0,Attendance Fail,0,0,0
SU2024,SU2024-class 17,11,1905AHJCGH,,,6.5,,0,4.4,Not Passed,8,7.5,5
SU2024,SU2024-class 17,12,1905AFJFBJ,,,8,,5.2,5.3,Passed,7.3,6.3,2.6
SU2024,SU2024-class 17,13,1905AHCDII,,,7,,7.6,8.1,Passed,8.3,7.1,9.5
SU2024,SU2024-class 17,14,1905AHCHEB,,,8,,5.2,7.2,Passed,8.8,7.9,8
SU2024,SU2024-class 17,15,1905AHCAHJ,,,8.5,,6,7.4,Passed,8,8.6,7.6
SU2024,SU2024-class 17,16,1905AHCIAD,,,0,,0,0.3,Attendance Fail,2.5,0,0
SU2024,SU2024-class 17,17,1905AHDJCA,,,9.5,,6,7.3,Passed,8,8.8,6.3
SU2024,SU2024-class 17,18,1905AHCGJJ,,,0,,0,0.7,Attendance Fail,7,0,0
SU2024,SU2024-class 17,19,1905AGBDFB,,,7,,8.8,8.4,Passed,7.5,7.1,9.8
SU2024,SU2024-class 17,20,1905AHCFEC,,,7.9,,4,5.5,Passed,3.5,6.1,5.8
SU2024,SU2024-class 17,21,1905AGBBHE,,,8.1,,9.2,8.8,Passed,7.5,7.7,9.5
SU2024,SU2024-class 17,22,1905AEJIEI,,,0,,0,0.4,Attendance Fail,4,0,0
SU2024,SU2024-class 17,23,1905AHCHBF,,,0,,0,0.4,Attendance Fail,3.8,0,0
SU2024,SU2024-class 17,24,1905AHDJJJ,,,7.5,,8.2,8.3,Passed,7,7.4,9.5
SU2024,SU2024-class 17,25,1905AHCEBJ,,,8.7,,5,5.7,Passed,9,8.5,2.4
SU2024,SU2024-class 17,26,1905AGABBJ,,,8.8,,4.8,7.1,Passed,8,8.7,7.3
SU2024,SU2024-class 17,27,1905AHCADH,,,0,,0,0.8,Attendance Fail,7.8,0,0
SU2024,SU2024-class 17,28,1905AHDAAB,,,9,,6,7.8,Passed,8.5,8.9,8.2
SU2024,SU2024-class 17,29,1905AHCEDC,,,8.5,,4.2,7,Passed,7.8,8.5,8
SU2024,SU2024-class 17,30,1905AHCFJJ,,,0,,0,0,Attendance Fail,0,0,0
SU2024,SU2024-class 17,31,1905AHDJEE,,,8.5,,6,6.7,Passed,6.5,8,5.8
SU2024,SU2024-class 17,32,1905AHCACB,,,7,,5.2,6.3,Passed,7.8,7.3,6
SU2024,SU2024-class 17,33,1905AHCAJI,,,8.7,,5.6,7.8,Passed,8,8.3,9.3
SU2024,SU2024-class 17,34,1905AHCABJ,,,8,,4.5,5.9,Passed,8.8,6.1,4.8
SU2024,SU2024-class 17,35,1905AGBEHB,,,3,,8.8,7.3,Passed,7.3,4,9.8
SU2024,SU2024-class 18,1,1905AHDEBD,,,0,,0,1.2,Not Passed,8.6,0,1
SU2024,SU2024-class 18,2,1905AHDCJI,,,4,,6.4,5.5,Passed,9.2,4,4.8
SU2024,SU2024-class 18,3,1905AHBGDF,,,9.9,,4,7.7,Passed,9.9,9.9,8.5
SU2024,SU2024-class 18,4,1905AHDDBI,,,9.3,,8.6,9.2,Passed,8.4,9.3,9.8
SU2024,SU2024-class 18,5,1905AHDAGG,,,10,,6.2,6.5,Passed,7.9,10,2.8
SU2024,SU2024-class 18,6,1905AHCDDA,,,10,,5.6,6.4,Passed,8.6,10,3
SU2024,SU2024-class 18,7,1905AFAEBG,,,0,,0,1.1,Not Passed,9,0,0.6
SU2024,SU2024-class 18,8,1905AHJCFC,,,0,,0,0.4,Not Passed,4.3,0,0
SU2024,SU2024-class 18,9,1905AHJDBC,,,0,,0,3.9,Not Passed,9.2,0,9.8
SU2024,SU2024-class 18,10,1905AHEJFG,,,7.8,,6,7.2,Passed,8.4,7.8,7.3
SU2024,SU2024-class 18,11,1905AHDGCD,,,6.1,,5.1,5,Passed,8.2,6.1,2.8
SU2024,SU2024-class 18,12,1905AGJBJF,,,0,,0,0.5,Not Passed,4.7,0,0
SU2024,SU2024-class 18,13,1905AHBFCA,,,9.4,,7,8.4,Passed,9.6,9.4,8.3
SU2024,SU2024-class 18,14,1905AHBFBD,,,4,,8.6,5.3,Passed,9.5,4,2
SU2024,SU2024-class 18,15,1905AEACCG,,,0,,0,0,Attendance Fail,0,0,0
SU2024,SU2024-class 18,16,1905AHDHHD,,,9.3,,5.4,7.1,Passed,8.7,9.3,6
SU2024,SU2024-class 18,17,1905AHDFBH,,,8.5,,6.3,7.4,Passed,9.3,8.5,6.9
SU2024,SU2024-class 18,18,1905AHEJAH,,,4,,6,5,Passed,8.6,4,3.9
SU2024,SU2024-class 18,19,1905AHDGGD,,,0,,0,3.7,Not Passed,8.7,0,9.5
SU2024,SU2024-class 18,20,1905AHCDDI,,,9.3,,9.2,9.3,Passed,8.6,9.3,9.5
SU2024,SU2024-class 18,21,0405AHJGJD,,,9.1,,5.7,8,Passed,9.6,9.1,8.5
SU2024,SU2024-class 18,22,1905AHBGIF,,,5.5,,9.2,8.3,Passed,9.1,5.5,9.8
SU2024,SU2024-class 18,23,1905AHDEHA,,,8.2,,6,6.6,Passed,8.3,8.2,5
SU2024,SU2024-class 18,24,1905AHDHGD,,,10,,6.4,8.4,Passed,9.3,10,8.5
SU2024,SU2024-class 18,25,1905AHDHIB,,,0,,0,1.8,Not Passed,8.7,0,3
SU2024,SU2024-class 18,26,1905AHDGFG,,,10,,6,6.2,Passed,8.4,10,2
SU2024,SU2024-class 18,27,1905AHBGDG,,,4,,8.2,7.6,Passed,9.6,4,9.8
SU2024,SU2024-class 18,28,1905AHEJJE,,,10,,4.6,6.3,Passed,8.4,10,3.7
SU2024,SU2024-class 18,29,1905AHBBFJ,,,0,,0,3.8,Not Passed,8.8,0,9.8
SU2024,SU2024-class 18,30,1905AHDIDC,,,4,,8.6,5.8,Passed,8.8,4,3.8
SU2024,SU2024-class 18,31,1905AHCIEE,,,4,,9.4,5.5,Passed,8.5,4,2
SU2024,SU2024-class 18,32,1905AHEAJE,,,10,,7,8.1,Passed,9,10,7
SU2024,SU2024-class 18,33,1905AFJEBE,,,0,,0,1.6,Not Passed,9.1,0,2.4
SU2024,SU2024-class 18,34,1905AHJEGH,,,0,,0,0,Attendance Fail,0,0,0
SU2024,SU2024-class 18,35,1905AHDAHI,,,10,,6.2,7.9,Passed,9.5,10,6.8
SU2025,SU2025-class 1,1,1905AIJGAH,,,5,,7.6,7.7,Passed,9.3,6.1,9.7
SU2025,SU2025-class 1,2,1905AIJGHG,,,6,,5.9,5.3,Passed,9.5,6.2,2.4
SU2025,SU2025-class 1,3,1905AIJGHI,,,8.5,,7.1,6.5,Passed,9.5,8.6,3
SU2025,SU2025-class 1,4,1905AIDJEH,,,6,,6.7,5.5,Passed,8.3,8.4,2
SU2025,SU2025-class 1,5,1905AIAJCB,,,4,,7.4,5.2,Passed,9.3,5,2.6
SU2025,SU2025-class 1,6,1905AICCHA,,,4,,9,8.1,Passed,8.8,7.5,10
SU2025,SU2025-class 1,7,1905AIJAGB,,,7,,8.6,6.4,Passed,9.3,8.2,2.3
SU2025,SU2025-class 1,8,1905AIJCAJ,,,7.5,,4.4,5.2,Passed,9.5,8.2,2
SU2025,SU2025-class 1,9,1905AIJFGB,,,7.5,,7.1,7.7,Passed,7.8,8.9,8
SU2025,SU2025-class 1,10,1905AIJBAB,,,8.5,,4.7,5.7,Passed,9.5,8.2,2.8
SU2025,SU2025-class 1,11,1905AIAJEA,,,9,,4.3,5.8,Passed,9.5,9,3
SU2025,SU2025-class 1,12,1905AIDBJA,,,5,,8,5.4,Passed,9.5,7.7,0.8
SU2025,SU2025-class 1,13,1905AIJJDA,,,7.5,,6.3,5.9,Passed,9.5,8.6,2.4
SU2025,SU2025-class 1,14,1905AIAJCI,,,4,,8.2,5.9,Passed,9.5,7.4,3
SU2025,SU2025-class 1,15,1905BJCJAF,,,4,,5.3,3.4,Not Passed,4.5,4.2,0.5
SU2025,SU2025-class 1,16,1905AIJBBB,,,7,,6,6.9,Passed,8.5,7.9,7
SU2025,SU2025-class 1,17,1905AIDEFI,,,8,,8.8,8.9,Passed,9.5,8.4,9.5
SU2025,SU2025-class 1,18,1905AIBCAE,,,8,,0,2.9,Not Passed,5,7.9,0
SU2025,SU2025-class 1,19,1905AHCHAF,,,7.5,,6.5,5.8,Passed,8.8,6.2,2.7
SU2025,SU2025-class 1,20,1905AIJACC,,,8,,6.3,5.6,Passed,9.5,8.4,1.2
SU2025,SU2025-class 1,21,1905AIJJFJ,,,8,,8.6,6.6,Passed,9.5,9.1,2
SU2025,SU2025-class 1,22,1905AIJEIE,,,8.5,,5.1,5.6,Passed,9.5,7.5,2.2
SU2025,SU2025-class 1,23,1905AIBJFE,,,8.5,,9.2,8.8,Passed,9.3,8.8,8.5
SU2025,SU2025-class 1,24,1905AIJBCG,,,5.5,,6.1,5.1,Passed,8.8,7.3,2
SU2025,SU2025-class 1,25,1905AIJAAG,,,8.5,,6.1,6.2,Passed,9.5,8.1,3
SU2025,SU2025-class 1,26,1905AIJJGB,,,9.5,,8.6,7.4,Passed,9.3,9.3,3.7
SU2025,SU2025-class 1,27,1905AIBCJC,,,8,,9.4,8.6,Passed,8,9.6,8
SU2025,SU2025-class 1,28,1905AIJJFB,,,5,,8.6,7.7,Passed,8.8,5.6,9
SU2025,SU2025-class 1,29,1905AIJJAF,,,5,,8.2,5.7,Passed,9.3,6.5,2.2
SU2025,SU2025-class 1,30,1905AIFCJB,,,1,,0,0.4,Attendance Fail,1,1,0
SU2025,SU2025-class 1,31,1905BJJIFB,,,1,,0,0.7,Not Passed,1,4.4,0
SU2025,SU2025-class 1,32,1905AIJAEG,,,1,,0,0.4,Attendance Fail,1,1,0
SU2025,SU2025-class 1,33,1905AIJIGJ,,,8,,8.8,7.5,Passed,8.8,8.6,5
SU2025,SU2025-class 1,34,1905AIAJFD,,,8.5,,6.1,6.1,Passed,8.8,8.1,3
SU2025,SU2025-class 1,35,1905AIJBIB,,,8.5,,7.3,6.5,Passed,9.3,7.1,3.2
SU2025,SU2025-class 2,1,1905AIBGIJ,,,8,,5.5,6.3,Passed,8.6,8.1,4.5
SU2025,SU2025-class 2,2,1905BJDACJ,,,9.5,,7.6,6.5,Passed,8.4,8.4,2
SU2025,SU2025-class 2,3,1905AICDEA,,,8,,7.1,6.8,Passed,8.1,7.9,5
SU2025,SU2025-class 2,4,1905AIDCAH,,,8,,8.2,6.9,Passed,7.6,9.1,4
SU2025,SU2025-class 2,5,1905AIBHHD,,,7.5,,8,8.2,Passed,8.4,8,9
SU2025,SU2025-class 2,6,1905AIFGAA,,,7,,5.1,6.6,Passed,8.6,8.3,6.5
SU2025,SU2025-class 2,7,1905AICAFH,,,7.5,,6.1,6.5,Passed,8.6,7,5.5
SU2025,SU2025-class 2,8,1905AHDBFJ,,,0,,0,0,Attendance Fail,0,0,0
SU2025,SU2025-class 2,9,1901AGJAIA,,,9,,6.2,5.5,Passed,5.5,8.6,1.5
SU2025,SU2025-class 2,10,1905AICHGF,,,9,,8,7.5,Passed,8.3,8.3,5.5
SU2025,SU2025-class 2,11,1905AIDDGI,,,5.5,,0,2.4,Not Passed,4.9,4.8,1.1
SU2025,SU2025-class 2,12,1905AIDJJC,,,0,,0,0,Attendance Fail,0,0,0
SU2025,SU2025-class 2,13,1905AIDADI,,,5.5,,0,3.1,Not Passed,8.8,4.2,2.2
SU2025,SU2025-class 2,14,1905AICHHJ,,,9.5,,3.3,5.2,Not Passed,8.1,5.3,3.2
SU2025,SU2025-class 2,15,1905AICGHJ,,,7.5,,6.3,5.8,Passed,8.5,6.2,3.1
SU2025,SU2025-class 2,16,1905BJAHFJ,,,9.5,,8.2,6.7,Passed,8.1,8,2.5
SU2025,SU2025-class 2,17,1905AICIGJ,,,5.5,,6.5,6,Passed,7.8,6.6,5
SU2025,SU2025-class 2,18,1905AHJEAB,,,5.5,,6.6,5.7,Passed,6.3,8.4,4
SU2025,SU2025-class 2,19,1905AICDII,,,9,,8.2,8,Passed,8.9,8.7,6.5
SU2025,SU2025-class 2,20,1905AICDGI,,,9,,5.9,5.8,Passed,9.3,6.9,2
SU2025,SU2025-class 2,21,1905AIBIJD,,,7.5,,7.6,6.1,Passed,8.4,6.4,2.8
SU2025,SU2025-class 2,22,1905AGCDFJ,,,7,,6.8,5.2,Passed,8.3,6.4,1
SU2025,SU2025-class 2,23,1905AIBHHC,,,7.5,,6.7,6,Passed,8,6.7,3.5
SU2025,SU2025-class 2,24,1905AICIDG,,,7.5,,5.5,5.6,Passed,9.1,5.2,3.5
SU2025,SU2025-class 2,25,1905AIDBAI,,,8,,4.1,3.5,Not Passed,4.9,2,0
SU2025,SU2025-class 2,26,1905AHBFEE,,,0,,0,0,Attendance Fail,0,0,0
SU2025,SU2025-class 2,27,1905BJDABJ,,,9.5,,7.1,7.7,Passed,8.6,8.2,6.5
SU2025,SU2025-class 2,28,1905AICIFC,,,7,,7.8,6.1,Passed,8.6,6.6,2.9
SU2025,SU2025-class 2,29,1905AICGJF,,,5.5,,5.5,4,Not Passed,7.4,5,0
SU2025,SU2025-class 2,30,1905AICJCC,,,7.5,,7.2,5.4,Passed,6.4,5,2
SU2025,SU2025-class 2,31,1905AIFGCF,,,7,,5.9,5,Passed,8.5,7.2,1
SU2025,SU2025-class 2,32,1905AIBEHF,,,7.5,,9.4,8.4,Passed,7.6,6.3,9
SU2025,SU2025-class 2,33,1905AEJCAG,,,7.5,,9.6,6.5,Passed,9.1,5.6,2
SU2025,SU2025-class 2,34,1905BJEBJC,,,9,,7.6,7.4,Passed,8.3,8.9,5.4
SU2025,SU2025-class 2,35,1905AIBICB,,,7.5,,7.3,6.3,Passed,8.4,5.8,4
SU2025,SU2025-class 3,1,1905AICCDG,,,8,,6.5,6.3,Passed,7.3,8,4
SU2025,SU2025-class 3,2,1905BJAFGF,,,9,,8.4,7.7,Passed,7.8,8.4,6
SU2025,SU2025-class 3,3,1905BJJFBD,,,5,,6.8,5.3,Passed,6.5,8.3,2.5
SU2025,SU2025-class 3,4,1905BJCAJC,,,6,,5.1,5.7,Passed,7.8,8.6,4.4
SU2025,SU2025-class 3,5,1905BJAHBG,,,9.5,,8.4,6.7,Passed,7.3,6,3
SU2025,SU2025-class 3,6,1905BJAGGF,,,4,,7,5.1,Passed,6.3,6.5,3.2
SU2025,SU2025-class 3,7,1905BJCJGH,,,4,,6,5.1,Passed,6.8,7.3,3.7
SU2025,SU2025-class 3,8,1905BJJJDB,,,7,,4.1,5.2,Passed,7.1,5,4.5
SU2025,SU2025-class 3,9,1905BJAHCE,,,9.5,,7.6,5.8,Passed,7.6,6,1
SU2025,SU2025-class 3,10,0405AIJIGI,,,6,,4.7,5.3,Passed,7,6.6,4.5
SU2025,SU2025-class 3,11,1905BJCEFB,,,6,,8.2,6.3,Passed,6.8,7.8,4
SU2025,SU2025-class 3,12,1905AIFFCF,,,8.5,,8.2,7.2,Passed,7,8.1,5
SU2025,SU2025-class 3,13,1905BJCJEB,,,9,,8.6,7.3,Passed,7.5,7.9,4.5
SU2025,SU2025-class 3,14,1905AIFFJB,,,1,,0,0.9,Attendance Fail,2.5,5,0
SU2025,SU2025-class 3,15,1905AIFDFA,,,7.5,,8.6,7,Passed,7.6,7.3,4.8
SU2025,SU2025-class 3,16,1905BJJEIA,,,6,,5.3,5.1,Passed,7.3,6.8,3
SU2025,SU2025-class 3,17,1905BJJGJB,,,7,,7.6,6.5,Passed,6.6,7.9,4.5
SU2025,SU2025-class 3,18,1905BJJIFA,,,9.5,,9,8.6,Passed,7.9,8.3,8
SU2025,SU2025-class 3,19,1905BJADBG,,,0,,0,0,Attendance Fail,0,0,0
SU2025,SU2025-class 3,20,1905BJADEA,,,6,,8,6.2,Passed,7.3,7.8,3.5
SU2025,SU2025-class 3,21,1905BJJEBF,,,8,,8.4,8.3,Passed,8.2,10,8
SU2025,SU2025-class 3,22,1905BJCJCB,,,7.5,,9,8.6,Passed,8.7,8.6,9
SU2025,SU2025-class 3,23,1905BJADFE,,,9,,8.6,8.5,Passed,7.4,8.8,8.5
SU2025,SU2025-class 3,24,1905BJAJBC,,,7.5,,8,7.6,Passed,8.2,6.5,7.5
SU2025,SU2025-class 3,25,1905BJBJFF,,,9.5,,7.1,7.4,Passed,7.6,6.5,6.5
SU2025,SU2025-class 3,26,1905BJCJED,,,9,,9,9.3,Passed,8.6,9.5,10
SU2025,SU2025-class 3,27,1905BJJIJA,,,8,,8.4,8.2,Passed,7.6,8.8,8
SU2025,SU2025-class 3,28,1905BJAHGD,,,9,,6.3,6.2,Passed,7.1,9,3
SU2025,SU2025-class 3,29,1905BJADAC,,,7,,7.8,7.6,Passed,8.3,8.3,7.5
SU2025,SU2025-class 3,30,1905AHDEJJ,,,0,,0,0,Attendance Fail,0,0,0
SU2025,SU2025-class 3,31,1905BJJEEG,,,3,,4.5,3.8,Not Passed,5.7,6.6,2
SU2025,SU2025-class 3,32,1905AIDEGH,,,7,,7.3,6.3,Passed,7.5,7.9,3.8
SU2025,SU2025-class 3,33,1905AGABFG,,,3,,0,1.3,Attendance Fail,2.1,5,0
SU2025,SU2025-class 3,34,1905BJJEFI,,,4,,0,1.8,Attendance Fail,3.1,6.6,0
SU2025,SU2025-class 3,35,1905BJJJJC,,,8,,5.1,5.5,Passed,7.8,6.5,3
SU2025,SU2025-class 4,1,1905BJCIAA,,,7,,5.5,5,Passed,6.6,6.4,2.1
SU2025,SU2025-class 4,2,1905BJCDIE,,,8,,8,8.6,Passed,9.4,7.8,9.5
SU2025,SU2025-class 4,3,1905BJCAIJ,,,8,,7.3,6.7,Passed,7.7,7.6,4.5
SU2025,SU2025-class 4,4,1905BJCGBE,,,8,,6.5,5.7,Passed,7.1,6.5,2.7
SU2025,SU2025-class 4,5,1905BJCEHI,,,7,,8.6,8.4,Passed,8.1,8,9.5
SU2025,SU2025-class 4,6,1905BJCEHC,,,8.5,,8.4,7.1,Passed,9.1,9,3.7
SU2025,SU2025-class 4,7,1905AIJGJC,,,9,,8.8,8,Passed,8.8,8.6,6
SU2025,SU2025-class 4,8,1905BJCCFC,,,7.5,,5.1,5.7,Passed,6.4,7.8,4
SU2025,SU2025-class 4,9,1905BJCAGB,,,7,,8,7.9,Passed,8,8.5,8
SU2025,SU2025-class 4,10,1905BJCIHI,,,9,,6.3,6.3,Passed,7.7,7.7,3.4
SU2025,SU2025-class 4,11,1905AHBFDJ,,,0,,0,0.2,Attendance Fail,0,2.2,0
SU2025,SU2025-class 4,12,1905BJCFIC,,,8.5,,8,6.7,Passed,8.3,9,2.9
SU2025,SU2025-class 4,13,1905BJCIEB,,,9,,7.8,6.6,Passed,7.8,6.6,3.5
SU2025,SU2025-class 4,14,1905BJCHEG,,,7,,6.3,6.3,Passed,7.1,8,5
SU2025,SU2025-class 4,15,1905BJDAJD,,,7,,7.1,5.5,Passed,7.1,5.5,2.4
SU2025,SU2025-class 4,16,1905BJCEGH,,,7.5,,6.9,6.3,Passed,7.7,6.8,4.3
SU2025,SU2025-class 4,17,1905BJCIHF,,,0,,0,0,Attendance Fail,0,0,0
SU2025,SU2025-class 4,18,1905AHCGDB,,,0,,0,0,Attendance Fail,0,0,0
SU2025,SU2025-class 4,19,1905BJCCEG,,,9,,6.5,5.6,Passed,7.6,6.1,1.7
SU2025,SU2025-class 4,20,1905BJCBHD,,,8,,7.6,7.3,Passed,8,7.3,6.3
SU2025,SU2025-class 4,21,1905BJCIJI,,,8.5,,8.8,8.2,Passed,8.3,9,7
SU2025,SU2025-class 4,22,1905AHAHAE,,,8.8,,8.8,7.7,Passed,7.5,8.8,5.5
SU2025,SU2025-class 4,23,1905BJCAAI,,,7,,7.1,6.2,Passed,8.5,6.3,4
SU2025,SU2025-class 4,24,1905BJCHGI,,,8.5,,4.7,6.6,Passed,7.2,8.6,6.2
SU2025,SU2025-class 4,25,1905BJCCJJ,,,8.8,,5.6,5.3,Passed,7.7,6.1,1.5
SU2025,SU2025-class 4,26,1905BJCEHJ,,,8.8,,9,7.6,Passed,8.3,7.6,5.2
SU2025,SU2025-class 4,27,1905BJCACJ,,,7,,0,3.4,Not Passed,6.8,6.9,2
SU2025,SU2025-class 4,28,1905BJCAIG,,,7.5,,6.6,5.3,Passed,7,6.4,1.5
SU2025,SU2025-class 4,29,1905BJCBHI,,,7.5,,7.3,7.7,Passed,7.7,8,8
SU2025,SU2025-class 4,30,1905BJCBJC,,,7.5,,7.8,6.2,Passed,6.8,7.5,3
SU2025,SU2025-class 4,31,1905AICCGJ,,,0,,0,0,Attendance Fail,0,0,0
SU2025,SU2025-class 4,32,1905BJCEID,,,8,,7.8,8,Passed,8.9,7.4,8
SU2025,SU2025-class 4,33,1905BJCEIE,,,7,,6.5,5.8,Passed,7.9,7.7,3
SU2025,SU2025-class 4,34,1905AIFBBE,,,6,,5,4.5,Not Passed,8.7,6.6,0.8
SU2025,SU2025-class 4,35,1905BJDJAJ,,,1,,0,1.3,Not Passed,4.4,7,0
SU2025,SU2025-class 5,1,1905BJDBAB,,,6.5,,5.1,5.7,Passed,7.3,7.8,4.6
SU2025,SU2025-class 5,2,1905BJDBAF,,,6.5,,5.5,6.1,Passed,4.2,9,6.2
SU2025,SU2025-class 5,3,1905BJDDJB,,,6.5,,9,8,Passed,7.1,9.1,7.9
SU2025,SU2025-class 5,4,1905BJEACB,,,5,,5.4,4.4,Not Passed,7.9,6.9,1
SU2025,SU2025-class 5,5,1905BJDIFD,,,3,,4.5,6.4,Passed,8.7,6,10
SU2025,SU2025-class 5,6,1905BJDDJI,,,7,,0,2.8,Not Passed,7.3,6.5,0
SU2025,SU2025-class 5,7,1905BJDDIB,,,7,,7.6,7.4,Passed,8.2,9,6.7
SU2025,SU2025-class 5,8,1905BJDDFF,,,7,,7.6,7.5,Passed,8.6,7.9,7.2
SU2025,SU2025-class 5,9,1905AHDCHA,,,0,,0,0.7,Attendance Fail,2.1,4.8,0
SU2025,SU2025-class 5,10,1905AICJGI,,,0,,0,0.3,Attendance Fail,2.9,0,0
SU2025,SU2025-class 5,11,1905BJDACI,,,8,,8,8.3,Passed,9.2,9.4,8
SU2025,SU2025-class 5,12,1905BJDDBD,,,7,,8.4,7.6,Passed,7.8,8.3,6.8
SU2025,SU2025-class 5,13,1905BJDGJF,,,4,,6.6,4.8,Not Passed,5.8,8.4,2
SU2025,SU2025-class 5,14,1905AIBEIE,,,1,,4,2.9,Not Passed,6.8,5,1.2
SU2025,SU2025-class 5,15,1905BJDIAI,,,7.5,,7.3,7.5,Passed,8.8,9.5,6.5
SU2025,SU2025-class 5,16,1905BJEAIC,,,7,,7.6,6,Passed,7.6,6.3,3
SU2025,SU2025-class 5,17,1905BJEABB,,,0,,0,0.4,Attendance Fail,4.1,0,0
SU2025,SU2025-class 5,18,1905BJEADB,,,8.5,,7.8,6.6,Passed,7.8,8.4,3.2
SU2025,SU2025-class 5,19,1905BJEAIA,,,7.5,,8.6,7.7,Passed,8.6,8.3,6.5
SU2025,SU2025-class 5,20,1905BJCHGA,,,5,,8.6,6.7,Passed,7,8.1,5.5
SU2025,SU2025-class 5,21,1905BJDEAF,,,8.5,,6.5,7.8,Passed,7.3,9,8.5
SU2025,SU2025-class 5,22,1905BJDFIA,,,7.5,,8.2,6.8,Passed,7.3,8,4.3
SU2025,SU2025-class 5,23,1905AIBIIE,,,0,,0,0.3,Attendance Fail,0,2.5,0
SU2025,SU2025-class 5,24,1905BJDBHC,,,8,,6.7,7.7,Passed,9.4,7.9,7.9
SU2025,SU2025-class 5,25,1905AIDGCE,,,0,,0,0.3,Attendance Fail,3.3,0,0
SU2025,SU2025-class 5,26,1905BJDCAF,,,7,,6.1,5.9,Passed,7.1,8.9,3.5
SU2025,SU2025-class 5,27,1905BJDFDC,,,5,,8.8,6.8,Passed,8.9,7.9,5
SU2025,SU2025-class 5,28,1905AHEJJI,,,8,,8.2,5.5,Passed,7.9,5,0.4
SU2025,SU2025-class 5,29,1905BJDGEA,,,0,,0,0,Attendance Fail,0,0,0
SU2025,SU2025-class 5,30,1905BJDGAJ,,,7.5,,6.5,6.9,Passed,7.3,7.4,6.5
SU2025,SU2025-class 5,31,1905BJDGHC,,,3,,6.9,5.8,Passed,5,6.4,6.7
SU2025,SU2025-class 5,32,1905BJDEHA,,,6,,7.1,5.1,Passed,7.3,7.6,1
SU2025,SU2025-class 5,33,1905BJDBDB,,,6.5,,6.1,6.5,Passed,7.8,7.8,6
SU2025,SU2025-class 5,34,1905BJEAIJ,,,3,,6.1,5,Passed,7.6,8,3.5
SU2025,SU2025-class 5,35,1905BJEJFB,,,8.5,,8.6,8.1,Passed,7.6,7.9,7.7
SU2025,SU2025-class 5,36,1905BJDIHI,,,5,,6.7,7.4,Passed,8.9,7.6,9
SU2025,SU2025-class 6,1,1905AIFBBH,,,8,,8.8,8.2,Passed,8,8,8
SU2025,SU2025-class 6,2,1905AIFDHF,,,6,,8.4,6.4,Passed,9.1,6,4
SU2025,SU2025-class 6,3,1905BJDAGD,,,9,,8,7.3,Passed,8,9,4.5
SU2025,SU2025-class 6,4,1905AIJGJF,,,1,,6.7,5.5,Passed,7.8,1,8.1
SU2025,SU2025-class 6,5,1905AIDBBG,,,5,,4.9,4.3,Not Passed,7.8,5,1.8
SU2025,SU2025-class 6,6,1905AHDIDH,,,1,,0,0.9,Not Passed,6,1,0
SU2025,SU2025-class 6,7,1905BJJIGB,,,9,,8.4,8.3,Passed,8,9,7.5
SU2025,SU2025-class 6,8,1905BJAGHH,,,10,,0,3.3,Not Passed,3.5,10,0
SU2025,SU2025-class 6,9,1905AHDBAF,,,0,,0,0,Attendance Fail,0,0,0
SU2025,SU2025-class 6,10,1905AIFDFJ,,,8.5,,4.5,5,Passed,5.3,8.5,2
SU2025,SU2025-class 6,11,1905BJECGA,,,0,,0,0,Attendance Fail,0,0,0
SU2025,SU2025-class 6,12,1905AIJHAJ,,,0,,2,4.2,Not Passed,8.8,0,9
SU2025,SU2025-class 6,13,1905AHJBFG,,,0,,0,0,Attendance Fail,0,0,0
SU2025,SU2025-class 6,14,1905AIFFGD,,,4,,5.8,4.8,Not Passed,6.7,4,4
SU2025,SU2025-class 6,15,1905BJECJE,,,0,,0,0.4,Not Passed,3.6,0,0
SU2025,SU2025-class 6,16,1905AIFDDF,,,8.5,,6.7,6.4,Passed,6.7,8.5,4
SU2025,SU2025-class 6,17,1905BJDABC,,,1,,5.5,3.5,Not Passed,7.6,1,2.7
SU2025,SU2025-class 6,18,1905AHDAFE,,,0,,0,0.6,Not Passed,6.1,0,0
SU2025,SU2025-class 6,19,1905AIFEJC,,,10,,8.2,7.5,Passed,7.3,10,4.5
SU2025,SU2025-class 6,20,1905AICHHA,,,1,,3.9,3,Not Passed,6.1,1,3
SU2025,SU2025-class 6,21,1905AHAGFA,,,5,,4.4,4.2,Not Passed,8.1,5,2
SU2025,SU2025-class 6,22,1905AFAEFH,,,0,,0,0,Attendance Fail,0,0,0
SU2025,SU2025-class 6,23,1905AHAIAH,,,0,,0,0,Attendance Fail,0,0,0
SU2025,SU2025-class 6,24,1905BJJJHF,,,7,,6.9,6.2,Passed,7.7,7,4.3
SU2025,SU2025-class 6,25,1905BJECBA,,,9,,8.6,8.8,Passed,8.1,9,9
SU2025,SU2025-class 6,26,1905AHCJAG,,,0,,0,0.9,Not Passed,9.2,0,0
SU2025,SU2025-class 6,27,1905AIDGAB,,,10,,7.6,7.2,Passed,7.4,10,4
SU2025,SU2025-class 6,28,1905AIJGED,,,8.5,,5.9,5.1,Passed,4,8.5,1.3
SU2025,SU2025-class 6,29,1905AHDJFD,,,0,,0,0.9,Not Passed,6.4,0,1
SU2025,SU2025-class 6,30,1905AIFDEG,,,2,,6.9,4.3,Not Passed,7.1,2,3
SU2025,SU2025-class 6,31,1905AHBGHF,,,0,,0,0.3,Attendance Fail,2.5,0,0
SU2025,SU2025-class 6,32,1905AIFDDA,,,0,,0,0,Attendance Fail,0,0,0
SU2025,SU2025-class 6,33,1905AHCJCE,,,10,,7.6,8,Passed,7.3,10,6.5
SU2025,SU2025-class 6,34,1905AHCIGD,,,0,,0,0,Attendance Fail,0,0,0
SU2025,SU2025-class 6,35,1905AIFFCD,,,4,,8.8,5.7,Passed,7.3,4,3.7
SU2025,SU2025-class 7,1,1905AHBCFJ,,,7,,5.7,5.3,Passed,9.5,5.6,2.2
SU2025,SU2025-class 7,2,1905AICIHJ,,,5,,7.2,6.5,Passed,9.3,7.5,5.4
SU2025,SU2025-class 7,3,1905AHAEIH,,,6,,8.8,6.4,Passed,9.3,7.9,2.7
SU2025,SU2025-class 7,4,1905AIFDGH,,,6,,0,2.2,Attendance Fail,3.8,6.4,0
SU2025,SU2025-class 7,5,1905AHAGDI,,,0,,0,0,Attendance Fail,0,0,0
SU2025,SU2025-class 7,6,1905AHDIDF,,,0,,0,0,Attendance Fail,0,0,0
SU2025,SU2025-class 7,7,1905AHJGCG,,,6,,8,5.2,Passed,4.5,4.4,2.4
SU2025,SU2025-class 7,8,1905AIBBFF,,,6,,0,2.2,Not Passed,0,2,2.8
SU2025,SU2025-class 7,9,1905AICGFD,,,5,,6,4.6,Not Passed,9,7.6,0.5
SU2025,SU2025-class 7,10,1905AHDCEJ,,,7,,8.4,6.9,Passed,9.5,8,4
SU2025,SU2025-class 7,11,1905AIJGGA,,,6,,0,2.5,Not Passed,4.5,2.4,2
SU2025,SU2025-class 7,12,1905AHEJIH,,,0,,0,0.6,Attendance Fail,4.3,2,0
SU2025,SU2025-class 7,13,1905AIBDEB,,,6,,4,4.9,Not Passed,9,6.8,3
SU2025,SU2025-class 7,14,1905AIBBIG,,,4,,0,2,Not Passed,4.3,3.4,1.5
SU2025,SU2025-class 7,15,1905AIBFJC,,,4,,7.3,5.6,Passed,9,8,3
SU2025,SU2025-class 7,16,1905AICDAE,,,5,,6.9,6.9,Passed,8.8,8.2,7
SU2025,SU2025-class 7,17,1905AGBBCH,,,0,,0,0,Attendance Fail,0,0,0
SU2025,SU2025-class 7,18,1905BJDAEG,,,7,,8,8.1,Passed,9.5,7.6,8.5
SU2025,SU2025-class 7,19,1905AHBHJJ,,,0,,0,0.8,Attendance Fail,4.5,3.4,0
SU2025,SU2025-class 7,20,1905AIBAJB,,,7,,7.3,6.7,Passed,9.5,8.2,4.5
SU2025,SU2025-class 7,21,1905AIBAEF,,,8,,7.8,6.5,Passed,8.8,7.8,3
SU2025,SU2025-class 7,22,1905AIBHCC,,,7,,8.6,6.3,Passed,9,7.8,2
SU2025,SU2025-class 7,23,1905AIBJCH,,,5,,6.3,6.8,Passed,7.5,5,9
SU2025,SU2025-class 7,24,1905AIJFEJ,,,7,,6.1,5.3,Passed,9.3,3.8,2.7
SU2025,SU2025-class 7,25,1905AIDDDC,,,5,,5.9,5.2,Passed,8,7.5,3
SU2025,SU2025-class 7,26,1905AIJCDF,,,5,,8,7.1,Passed,8.3,7.8,7
SU2025,SU2025-class 7,27,1905AHAICC,,,6,,4.4,5.1,Passed,9,7.2,3.2
SU2025,SU2025-class 7,28,1905AIBHHJ,,,4,,0,4.2,Not Passed,0.8,6.6,9
SU2025,SU2025-class 7,29,1905AHDFIE,,,6,,0,1.9,Attendance Fail,4.3,3.2,0
SU2025,SU2025-class 7,30,1905AIBFJF,,,5,,6.5,5.6,Passed,8.8,7.2,3.6
SU2025,SU2025-class 7,31,1905AIDBIE,,,0,,0,0,Attendance Fail,0,0,0
SU2025,SU2025-class 7,32,1905AHJJCE,,,6,,8.6,6.8,Passed,9.3,7.9,4.5
SU2025,SU2025-class 7,33,1905AIJBBG,,,5,,6.3,5.7,Passed,9.3,7.9,3.8
SU2025,SU2025-class 7,34,1905AGBFCB,,,5,,0,1.5,Attendance Fail,0,4.6,0
SU2025,SU2025-class 7,35,1905AIBCEA,,,7,,8.6,6.9,Passed,8.8,8,4
SU2025,SU2025-class 8,1,1905AIBBCC,,,5,,5.3,6.7,Passed,8.2,6.4,9
SU2025,SU2025-class 8,2,1905AICEAD,,,0,,0,1.7,Attendance Fail,6.4,4.8,1.9
SU2025,SU2025-class 8,3,1905AIBIAF,,,0,,0,1,Attendance Fail,4.1,5.8,0
SU2025,SU2025-class 8,4,1905AGBFGC,,,1,,0,1.2,Attendance Fail,4.1,6.4,0
SU2025,SU2025-class 8,5,1905AHBGGF,,,6,,4.7,5.2,Passed,7.9,6,4
SU2025,SU2025-class 8,6,1905AHAHAA,,,6.5,,8.6,7.1,Passed,7.6,8.5,5.5
SU2025,SU2025-class 8,7,1905AIDJCC,,,0,,0,1,Attendance Fail,4.2,6.1,0
SU2025,SU2025-class 8,8,1905AHBJEI,,,0,,0,0,Attendance Fail,0,0,0
SU2025,SU2025-class 8,9,1905AHBHJA,,,0,,0,0.9,Attendance Fail,4.2,4.5,0
SU2025,SU2025-class 8,10,1905AHJDBH,,,3,,5.5,4.4,Not Passed,8.4,6.3,2.3
SU2025,SU2025-class 8,11,1905AIDHIB,,,0,,0,0.8,Attendance Fail,3.3,4.5,0
SU2025,SU2025-class 8,12,1905AHJBID,,,6.5,,0,2.7,Not Passed,7.1,7.4,0
SU2025,SU2025-class 8,13,1905AHJBGJ,,,6,,4.9,5.4,Passed,8.4,8.5,3.4
SU2025,SU2025-class 8,14,1905AHCGCE,,,0,,0,0.8,Attendance Fail,3.1,4.8,0
SU2025,SU2025-class 8,15,1905AIAJIB,,,8.5,,7.3,7.5,Passed,7.7,9,6.5
SU2025,SU2025-class 8,16,1905AHJDDD,,,3,,6.3,4.6,Not Passed,8.7,6.4,2
SU2025,SU2025-class 8,17,1905AIDAFE,,,5.5,,6.9,5.4,Passed,7.9,5.5,3
SU2025,SU2025-class 8,18,1905AHJBAB,,,3,,9.6,5.3,Passed,8,7,1
SU2025,SU2025-class 8,19,1905AGBBEB,,,6.5,,5.6,4.9,Not Passed,6.5,7.3,1.7
SU2025,SU2025-class 8,20,1905AHDAHB,,,0,,0,0.3,Attendance Fail,3.1,0,0
SU2025,SU2025-class 8,21,1905AICHAI,,,6,,7,5.2,Passed,6.1,7.6,1.8
SU2025,SU2025-class 8,22,1905AFAIJD,,,5,,4,4.2,Not Passed,6.3,7.5,2
SU2025,SU2025-class 8,23,1905AGCEIF,,,0,,0,0.7,Not Passed,2.3,4.8,0
SU2025,SU2025-class 8,24,1905AIAACI,,,6.5,,8,6.1,Passed,8.5,8,2.4
SU2025,SU2025-class 8,25,1905AGAFJA,,,0,,0,0.8,Attendance Fail,2,5.8,0
SU2025,SU2025-class 8,26,1905AICGJI,,,0,,0,0.9,Attendance Fail,3.1,5.8,0
SU2025,SU2025-class 8,27,1905AIBAIB,,,8.5,,7.1,6.1,Passed,8,6.8,2.5
SU2025,SU2025-class 8,28,1905AIAJHJ,,,8.5,,7.6,6.3,Passed,7.7,8.4,2.4
SU2025,SU2025-class 8,29,1905AGBCBF,,,6.5,,6.7,5.1,Passed,6.9,7.8,1.2
SU2025,SU2025-class 8,30,1905AHBAJJ,,,0,,0,0,Attendance Fail,0,0,0
SU2025,SU2025-class 8,31,1905AICJHC,,,3,,7.8,5.3,Passed,8,6.3,3
SU2025,SU2025-class 8,32,1905AIDCDF,,,1,,0,1.3,Attendance Fail,4.7,6.3,0
SU2025,SU2025-class 8,33,1905AHBIHJ,,,0,,0,0,Attendance Fail,0,0,0
SU2025,SU2025-class 8,34,1905AHDCBI,,,0,,0,0.4,Attendance Fail,4.4,0,0
SU2025,SU2025-class 8,35,1905AGAEJD,,,5,,5.4,4.7,Not Passed,7.8,8,1.5
SU2025,SU2025-class 9,1,1905AHDABH,,,0,,0,0.5,Attendance Fail,4.5,0,0
SU2025,SU2025-class 9,2,1905AHAEIJ,,,0,,0,0.9,Attendance Fail,9,0,0
SU2025,SU2025-class 9,3,1905AICEIJ,,,6.5,,6.5,5.6,Passed,9.2,7.9,2.2
SU2025,SU2025-class 9,4,1905AHCDDF,,,0,,0,0.9,Attendance Fail,9,0,0
SU2025,SU2025-class 9,5,1905AICFHA,,,9.7,,5.1,6,Passed,9,7.1,3
SU2025,SU2025-class 9,6,1905AHCEFA,,,8.3,,6.7,8,Passed,9,7.2,9
SU2025,SU2025-class 9,7,1905AHCAEG,,,0,,0,0,Attendance Fail,0,0,0
SU2025,SU2025-class 9,8,1905AHCEFB,,,8.3,,9.4,8.2,Passed,8.4,5.3,8
SU2025,SU2025-class 9,9,1905AHAHEC,,,0,,0,0,Attendance Fail,0,0,0
SU2025,SU2025-class 9,10,1905AGAAFG,,,9.7,,4.1,5.7,Passed,9.2,9.3,2.2
SU2025,SU2025-class 9,11,1905AHAEIC,,,0,,0,0.4,Attendance Fail,3.7,0,0
SU2025,SU2025-class 9,12,1905AHCECH,,,0,,0,0.4,Attendance Fail,4.4,0,0
SU2025,SU2025-class 9,13,1905AHAIDH,,,0,,0,0.7,Attendance Fail,4,3.2,0
SU2025,SU2025-class 9,14,1905AHAGEH,,,0,,0,0,Attendance Fail,0,0,0
SU2025,SU2025-class 9,15,1905AHDDID,,,9.3,,6.5,6.3,Passed,9.2,8.7,2.2
SU2025,SU2025-class 9,16,1919AGJHAD,,,0,,0,0,Attendance Fail,0,0,0
SU2025,SU2025-class 9,17,1905AHCDFB,,,6,,3.8,4.3,Not Passed,4.2,7.1,2.8
SU2025,SU2025-class 9,18,1905AHDFCA,,,0,,0,0.9,Not Passed,8.5,0,0
SU2025,SU2025-class 9,19,1905AEJIEI,,,0,,0,0,Attendance Fail,0,0,0
SU2025,SU2025-class 9,20,1905AHJFEI,,,8.7,,0,4,Attendance Fail,8.9,7.5,2
SU2025,SU2025-class 9,21,1905AHDGAF,,,8.3,,5.9,5.2,Passed,8.7,6.4,1
SU2025,SU2025-class 9,22,1905BJDFCH,,,6.5,,0,4,Not Passed,8.5,8.3,3.5
SU2025,SU2025-class 9,23,1905AHBFEA,,,0,,0,0.4,Attendance Fail,3.5,0,0
SU2025,SU2025-class 9,24,1905AHJFIB,,,9.7,,7.6,5.7,Passed,4.2,7.9,1
SU2025,SU2025-class 9,25,1905ADJGEB,,,0,,0,0,Attendance Fail,0,0,0
SU2025,SU2025-class 9,26,1905AIJHCB,,,6,,7.3,5.7,Passed,8.9,3.2,3.6
SU2025,SU2025-class 9,27,1905AGCDAG,,,0,,0,1.1,Attendance Fail,9,1.9,0
SU2025,SU2025-class 9,28,1905AIDCEB,,,0,,0,0.9,Attendance Fail,9,0,0
SU2025,SU2025-class 9,29,1905AHDIGE,,,0,,0,0,Attendance Fail,0,0,0
SU2025,SU2025-class 9,30,1905AHAGBB,,,0,,0,0.9,Attendance Fail,8.7,0,0
SU2025,SU2025-class 9,31,1905AGJBHF,,,6,,4.2,4.2,Not Passed,8.8,5.5,1
SU2025,SU2025-class 9,32,1905AIDCFA,,,6.3,,5.4,5.1,Passed,8.7,8.7,1.5
SU2025,SU2025-class 9,33,1905AICBHI,,,6.5,,6.5,5.9,Passed,9,8.1,3
SU2025,SU2025-class 9,34,1905AIAJID,,,9.7,,4.1,6.1,Passed,9,8.4,3.8
SU2025,SU2025-class 9,35,1905AIFEAA,,,6,,4.8,5,Passed,9,6.5,2.8
SU2025,SU2025-class 10,1,1905AIBBEG,,,5,,6.6,5,Passed,3.8,7,3
SU2025,SU2025-class 10,2,1905AIBEGA,,,3,,8.2,5.8,Passed,9,7.4,3.5
SU2025,SU2025-class 10,3,1905AIJFFH,,,6,,7.6,6.8,Passed,9.3,6.4,6
SU2025,SU2025-class 10,4,1905AGCCCJ,,,0,,0,0,Attendance Fail,0,0,0
SU2025,SU2025-class 10,5,1905AGBCEB,,,6,,2.9,3.7,Not Passed,4.8,4.8,2.1
SU2025,SU2025-class 10,6,1905AHDJJF,,,4,,7.1,5.3,Passed,9.3,5.6,2.8
SU2025,SU2025-class 10,7,1905AICEAB,,,3,,6.7,5.4,Passed,8,5.6,4.8
SU2025,SU2025-class 10,8,1905AIBIJI,,,4,,0,2.1,Not Passed,4.5,2.6,2
SU2025,SU2025-class 10,9,1905AIBIDJ,,,6,,8.2,6.8,Passed,8.8,7.9,5
SU2025,SU2025-class 10,10,1905AGJBJF,,,0,,0,0.2,Attendance Fail,0,2,0
SU2025,SU2025-class 10,11,1905AGJEGD,,,6,,0,2.2,Attendance Fail,3.8,6.4,0
SU2025,SU2025-class 10,12,1905AICABJ,,,3,,7.3,4.9,Not Passed,8.5,6,2.1
SU2025,SU2025-class 10,13,1905AIBFEE,,,4,,5.6,4.2,Not Passed,7.5,6.8,1
SU2025,SU2025-class 10,14,1905AIBGGA,,,6,,7.1,5.5,Passed,8.5,5.2,2.7
SU2025,SU2025-class 10,15,1905AIBHCB,,,7,,8,5.6,Passed,9,2.8,2
SU2025,SU2025-class 10,16,1905AIDJGI,,,5,,9.4,5.5,Passed,8,5.8,1
SU2025,SU2025-class 10,17,1905AICJDA,,,3,,7.3,5,Passed,8.8,7.2,2
SU2025,SU2025-class 10,18,1905AICEIC,,,0,,0,0.3,Attendance Fail,0,3.4,0
SU2025,SU2025-class 10,19,1905AIDFGJ,,,6,,8.8,7.6,Passed,9,8,6.9
SU2025,SU2025-class 10,20,1905AIJCCE,,,0,,0,1,Attendance Fail,4.3,6,0
SU2025,SU2025-class 10,21,1905AIAJEF,,,0,,0,0.4,Attendance Fail,4,0,0
SU2025,SU2025-class 10,22,1905AGCDDB,,,5,,3.7,3.9,Not Passed,9.3,6,1
SU2025,SU2025-class 10,23,1905AHDBII,,,6,,7.1,5.5,Passed,9.3,8,1.5
SU2025,SU2025-class 10,24,1905AGBDBC,,,7,,7.8,5.9,Passed,8,4.6,3
SU2025,SU2025-class 10,25,1905AIBIHG,,,6,,6.7,5.6,Passed,9,6.1,3
SU2025,SU2025-class 10,26,1905AIDHFI,,,3,,6.8,4.7,Not Passed,8.3,3.4,3
SU2025,SU2025-class 10,27,1905AHBFBJ,,,4,,3.2,3.7,Not Passed,4.5,4.8,3.3
SU2025,SU2025-class 10,28,1905AICHFG,,,3,,8,4.9,Not Passed,8.5,4,2
SU2025,SU2025-class 10,29,1905AIDFBC,,,6,,0,2.5,Not Passed,7.8,5.2,0
SU2025,SU2025-class 10,30,1905AGJBAA,,,0.5,,9.8,6.4,Passed,4.3,2,9
SU2025,SU2025-class 10,31,1905AFAJGB,,,0,,0,0,Attendance Fail,0,0,0
SU2025,SU2025-class 10,32,1905AICEFG,,,6,,8.6,6.3,Passed,9.3,5,3.6
SU2025,SU2025-class 10,33,1905AHBAHF,,,5,,0,1.4,Not Passed,0,3.8,0
SU2025,SU2025-class 10,34,1905AIJEIF,,,5,,4.4,4.1,Not Passed,8,6.9,1.1
SU2025,SU2025-class 10,35,1905AIDAEH,,,3,,5.4,4,Not Passed,9,4.4,1.4
SU2025,SU2025-class 11,1,1905AGCDDH,,,1,,0,0.8,Attendance Fail,1.9,4,0
SU2025,SU2025-class 11,2,1905AIBIJC,,,5,,6.7,5.1,Passed,5.9,5.6,3.2
SU2025,SU2025-class 11,3,1905AIDHAF,,,5,,6,4.6,Not Passed,8,6.6,1
SU2025,SU2025-class 11,4,1905AICHGJ,,,0,,0,0,Attendance Fail,0,0,0
SU2025,SU2025-class 11,5,1905AIDJAC,,,6.5,,6.5,5.6,Passed,8.3,6.4,3
SU2025,SU2025-class 11,6,1905AHJCEB,,,5.5,,8.4,7.5,Passed,8.1,7.6,7.7
SU2025,SU2025-class 11,7,1905AIJFBF,,,5,,0,2.9,Not Passed,6.8,8.4,1.4
SU2025,SU2025-class 11,8,1905AGAFDA,,,8.8,,6.7,6.5,Passed,6.7,8.2,4
SU2025,SU2025-class 11,9,1905AIDGDJ,,,5,,3.6,3.7,Not Passed,7.7,6.8,0.6
SU2025,SU2025-class 11,10,1905AGBGJG,,,5,,4,4.4,Not Passed,8.6,7,2
SU2025,SU2025-class 11,11,1905AHJDCI,,,8.5,,6.7,5.8,Passed,7.7,7,2
SU2025,SU2025-class 11,12,1905AGBCDF,,,5,,9.6,8.1,Passed,8.7,6.2,9
SU2025,SU2025-class 11,13,1705AIJJHC,,,8.5,,7.3,6.7,Passed,7,8.6,4
SU2025,SU2025-class 11,14,1905AIBBHG,,,0,,0,0,Attendance Fail,0,0,0
SU2025,SU2025-class 11,15,1905AGBHBF,,,0,,0,0.7,Attendance Fail,3.7,3.6,0
SU2025,SU2025-class 11,16,1905AHDHED,,,3,,6.9,6.3,Passed,7.9,5.8,7.5
SU2025,SU2025-class 11,17,1905AHJCHJ,,,1,,9.8,7,Passed,9.1,5.6,8
SU2025,SU2025-class 11,18,1905AIDCGB,,,8.8,,7.1,7.9,Passed,8.5,7,8.2
SU2025,SU2025-class 11,19,1905AIDHCH,,,0,,0,0,Attendance Fail,0,0,0
SU2025,SU2025-class 11,20,1919AHJGIG,,,5,,4.8,4.2,Not Passed,8,6.9,1
SU2025,SU2025-class 11,21,1705AIJAFE,,,5.5,,5.9,5.4,Passed,8.4,6.9,3.5
SU2025,SU2025-class 11,22,1905AHCHIC,,,5,,5.3,5.6,Passed,8,7.2,5
SU2025,SU2025-class 11,23,1905AHDAEC,,,0,,0,0,Attendance Fail,0,0,0
SU2025,SU2025-class 11,24,1905AIFDFC,,,8.8,,6.3,5.7,Passed,6.7,7.8,2
SU2025,SU2025-class 11,25,1905AGBAAJ,,,8.8,,0,3.3,Not Passed,8.6,7,0
SU2025,SU2025-class 11,26,0305AIJEHE,,,8.5,,8.8,8.4,Passed,8.1,8.4,8
SU2025,SU2025-class 11,27,1905AIBIFJ,,,8.8,,4.5,5.1,Passed,6.6,7.4,1.9
SU2025,SU2025-class 11,28,1905AHCHEI,,,0,,0,0.6,Attendance Fail,2.8,3.4,0
SU2025,SU2025-class 11,29,1905AHJBFJ,,,5.5,,9.6,6.1,Passed,7.4,8,2
SU2025,SU2025-class 11,30,1905AIBJJE,,,5,,6.6,5.6,Passed,7,7,4
SU2025,SU2025-class 11,31,1905AIDDIH,,,8.5,,8.6,6.6,Passed,8.1,6.6,2.8
SU2025,SU2025-class 11,32,1905AICCFC,,,8.5,,6.1,5.6,Passed,7.1,6,2.7
SU2025,SU2025-class 11,33,1905AGAIGF,,,5,,3.8,4.5,Not Passed,8.2,7,2.7
SU2025,SU2025-class 11,34,1905AGCFFH,,,0,,0,0,Attendance Fail,0,0,0
SU2025,SU2025-class 11,35,1905AHBCJD,,,0,,0,0,Attendance Fail,0,0,0
SU2025,SU2025-class 11,36,1905AIBDCA,,,0,,0,0.8,Attendance Fail,4.3,3.4,0
SU2025,SU2025-class 12,1,1905AHCGID,,,3,,6.4,4.7,Not Passed,7.9,6.3,2.4
SU2025,SU2025-class 12,2,1905AIJAFB,,,8.3,,7,5.8,Passed,8.4,7.8,1.5
SU2025,SU2025-class 12,3,1905AICEHG,,,7.8,,6.7,5.4,Passed,8.2,7,1
SU2025,SU2025-class 12,4,1905AIBHFA,,,7.8,,7.6,6.1,Passed,7.4,6.8,2.7
SU2025,SU2025-class 12,5,1905AIJJBB,,,0,,0,0.7,Attendance Fail,3.8,3.6,0
SU2025,SU2025-class 12,6,1905AHJGFB,,,8.8,,5.7,7.2,Passed,8.9,7.4,7
SU2025,SU2025-class 12,7,1905AIJFIJ,,,8.3,,8.6,8.6,Passed,9,7.9,9
SU2025,SU2025-class 12,8,1905AHBEGD,,,0,,0,1.4,Attendance Fail,7.8,6.4,0
SU2025,SU2025-class 12,9,1905AHJGFE,,,3,,0,3.1,Attendance Fail,8.9,7.2,3
SU2025,SU2025-class 12,10,1905AHDJAJ,,,3,,6.8,5,Passed,8.6,6.2,3
SU2025,SU2025-class 12,11,1905AIBBEF,,,7.8,,5.1,5.6,Passed,8.2,7.6,3
SU2025,SU2025-class 12,12,1905AIJJDB,,,6.8,,5.9,6.9,Passed,8.6,7.9,7
SU2025,SU2025-class 12,13,1905AHCDHD,,,8.8,,1.2,6.3,Not Passed,8.5,6.7,9
SU2025,SU2025-class 12,14,1905AIJABD,,,7.8,,8.4,6.4,Passed,7.1,6.7,3
SU2025,SU2025-class 12,15,1905AIBFAB,,,7.8,,7.1,6.1,Passed,7.6,7.2,3
SU2025,SU2025-class 12,16,1905AIJABJ,,,8.3,,6.5,7.5,Passed,8.6,7.8,7.4
SU2025,SU2025-class 12,17,1905AHCDFG,,,6.5,,5.1,6.7,Passed,9,6.8,7.5
SU2025,SU2025-class 12,18,1905AHDDJG,,,0,,0,0,Attendance Fail,0,0,0
SU2025,SU2025-class 12,19,1905AIDCHD,,,8.8,,8.4,8.2,Passed,8.3,7,8
SU2025,SU2025-class 12,20,1905AIJJGH,,,6.8,,7.6,7.8,Passed,7.8,6.8,9
SU2025,SU2025-class 12,21,1905AHCAJG,,,6.5,,4.8,4.5,Not Passed,7.2,7.3,1
SU2025,SU2025-class 12,22,1905AIBBAJ,,,6.5,,6.3,5.3,Passed,9.1,6.1,2
SU2025,SU2025-class 12,23,1905AIJGFI,,,7.8,,7.8,7.7,Passed,6.9,7.2,8
SU2025,SU2025-class 12,24,1905AIJDAC,,,8.3,,8.6,8.9,Passed,8.9,9.2,9.5
SU2025,SU2025-class 12,25,1905AIAABE,,,6.5,,6.9,6,Passed,6.9,7,4
SU2025,SU2025-class 12,26,1905AIJJBD,,,3,,4.7,6.2,Passed,8.3,7,9
SU2025,SU2025-class 12,27,1905AHCDCE,,,8.8,,4.3,6.5,Passed,8.1,8,6
SU2025,SU2025-class 12,28,1905AHCIAC,,,8.3,,6.9,5.8,Passed,8.4,6,2.1
SU2025,SU2025-class 12,29,1905AIBICE,,,7.8,,8,6.3,Passed,7.4,7.2,3
SU2025,SU2025-class 12,30,1905AIJCBE,,,7.8,,5.1,5.4,Passed,7.8,6.6,3
SU2025,SU2025-class 12,31,1905AHBJBF,,,6.8,,8,7,Passed,9.2,8.4,5
SU2025,SU2025-class 12,32,1905AHDIDG,,,7.8,,9.2,8.4,Passed,7.1,6.4,9
SU2025,SU2025-class 12,33,1905AIJABA,,,6.8,,8.6,7.6,Passed,8.5,6.9,7
SU2025,SU2025-class 12,34,1905AIJJJG,,,7.8,,6.9,6,Passed,5.8,6.1,4
SU2025,SU2025-class 12,35,1905AICJCB,,,6.8,,6.7,5.5,Passed,8.3,7.2,2
SU2025,SU2025-class 13,1,1905AIDEBG,,,9,,8.4,8.4,Passed,9.2,9,7.5
SU2025,SU2025-class 13,2,1905AIBCBD,,,6,,6.5,5.5,Passed,8.9,5.8,3
SU2025,SU2025-class 13,3,1905AIFFDC,,,9.7,,8.2,6.3,Passed,8.9,8.5,0.4
SU2025,SU2025-class 13,4,1905AIBEHG,,,9.7,,6.9,6.5,Passed,9.2,7.2,2.8
SU2025,SU2025-class 13,5,1905AGBJFF,,,9.7,,6.7,6.1,Passed,8.7,6.8,2
SU2025,SU2025-class 13,6,1905BJCEEG,,,9.7,,9.4,9,Passed,9.2,9.2,8
SU2025,SU2025-class 13,7,1905BJAFJE,,,9.7,,8.2,9.2,Passed,9.2,9.3,10
SU2025,SU2025-class 13,8,1905BJCDAI,,,5,,4.9,5.9,Passed,8.9,9.2,5.5
SU2025,SU2025-class 13,9,1905AIAJHD,,,9.7,,5.5,6.7,Passed,8.5,7.3,5
SU2025,SU2025-class 13,10,1905AIBIDE,,,8.7,,4.4,4.5,Not Passed,8.5,3,1
SU2025,SU2025-class 13,11,1905AIAJJB,,,6.7,,7.1,6.6,Passed,8.7,4.8,6
SU2025,SU2025-class 13,12,1905AIBIHA,,,7,,5.7,5.7,Passed,8.8,7.9,3
SU2025,SU2025-class 13,13,1905AIDJHI,,,9.7,,7.6,8.1,Passed,9.3,8.8,7
SU2025,SU2025-class 13,14,1905AIBGCJ,,,8,,6.1,5.2,Passed,8.5,7.4,0.6
SU2025,SU2025-class 13,15,1905AIBEJF,,,6,,6.7,5.3,Passed,9,5.7,2.2
SU2025,SU2025-class 13,16,1905AIJHDD,,,8.7,,7.1,6.4,Passed,9.2,9.3,2.2
SU2025,SU2025-class 13,17,1905AIBCCD,,,5,,6.7,4.4,Not Passed,8.5,5.2,0
SU2025,SU2025-class 13,18,1905AIBFBB,,,8.7,,6.3,6.3,Passed,8.7,8.1,3.3
SU2025,SU2025-class 13,19,1905AHBJBI,,,8,,6.1,6.2,Passed,9,9.3,3.2
SU2025,SU2025-class 13,20,1905AIJIAC,,,9.7,,7.6,6.5,Passed,8.7,8.6,2
SU2025,SU2025-class 13,21,1905AGCAFC,,,7.7,,5.1,5.6,Passed,9.2,3.1,4.5
SU2025,SU2025-class 13,22,1905BJCEIF,,,8.7,,7.8,7.1,Passed,9,8.8,4
SU2025,SU2025-class 13,23,1905BJADCF,,,9.7,,8.2,8.9,Passed,9.2,9,9
SU2025,SU2025-class 13,24,1905AHDAID,,,0,,0,0,Attendance Fail,0,0,0
SU2025,SU2025-class 13,25,1905AIDFJD,,,8.7,,5.5,6.1,Passed,8.8,8.2,3.5
SU2025,SU2025-class 13,26,1905BJCFEC,,,9.7,,6.9,7.6,Passed,9.4,8.9,6
SU2025,SU2025-class 13,27,1905AHBDJH,,,0,,0,0,Attendance Fail,0,0,0
SU2025,SU2025-class 13,28,1905AIBIFF,,,7.7,,8.8,7.2,Passed,8.9,7.6,4.5
SU2025,SU2025-class 13,29,1905AIBGGH,,,0,,0,0,Attendance Fail,0,0,0
SU2025,SU2025-class 13,30,1905AIJGFF,,,7,,6.9,5.6,Passed,8.9,9.2,1
SU2025,SU2025-class 13,31,1905AIDADD,,,0,,0,1.2,Attendance Fail,8.9,3.3,0
SU2025,SU2025-class 13,32,1905AIBGHF,,,8.7,,8,6.7,Passed,9,7.3,3
SU2025,SU2025-class 13,33,1905AGBAAE,,,0,,0,0,Attendance Fail,0,0,0
SU2025,SU2025-class 13,34,1905BJAHIE,,,8.7,,8.2,7.5,Passed,9.3,9.3,4.7
SU2025,SU2025-class 13,35,1905AIAACG,,,8.7,,6.7,6.1,Passed,9.2,5.9,2.8
SU2025,SU2025-class 14,1,1905AIDGGF,,,3,,9,5.4,Passed,8.4,6.5,1.9
SU2025,SU2025-class 14,2,1905AIBBEI,,,6.5,,6.9,5.2,Passed,6.8,8.5,1
SU2025,SU2025-class 14,3,1905AIFFDE,,,8.5,,7.1,6.4,Passed,6.2,7.3,4
SU2025,SU2025-class 14,4,1905AIFBEH,,,8.5,,5.7,6.6,Passed,7.3,8.1,5.5
SU2025,SU2025-class 14,5,1905AICGIF,,,6.5,,6.9,5.5,Passed,7.3,7.3,2.3
SU2025,SU2025-class 14,6,1905AICHGC,,,5,,6.5,5,Passed,6.3,6.8,2.5
SU2025,SU2025-class 14,7,1905AGCDIF,,,0,,0,0,Attendance Fail,0,0,0
SU2025,SU2025-class 14,8,1905AIDIJD,,,0,,0,0,Attendance Fail,0,0,0
SU2025,SU2025-class 14,9,1905AICGID,,,3,,0,2,Attendance Fail,7.6,6.4,0
SU2025,SU2025-class 14,10,1905AIDCGH,,,6.5,,6.1,5.7,Passed,7.5,7.3,3.5
SU2025,SU2025-class 14,11,1905AICDAB,,,6.5,,8.4,6.5,Passed,5.8,9.4,4
SU2025,SU2025-class 14,12,1905AIDGGE,,,3,,8.2,5.1,Passed,6.7,7.8,2
SU2025,SU2025-class 14,13,1905AIFBGF,,,6.5,,7.6,6.1,Passed,7,8,3.5
SU2025,SU2025-class 14,14,1905AICHFC,,,1,,0,1.1,Attendance Fail,3.1,5.5,0
SU2025,SU2025-class 14,15,1905AIDHDH,,,1,,0,2.1,Attendance Fail,7,5,2.2
SU2025,SU2025-class 14,16,1905AIDFIH,,,4,,6,4.3,Not Passed,6.5,5,2
SU2025,SU2025-class 14,17,1905AIDCEG,,,3,,8.6,5,Passed,6.5,6.6,1.8
SU2025,SU2025-class 14,18,1905AGAIHF,,,1,,9,6.8,Passed,7.4,5,9
SU2025,SU2025-class 14,19,1905AIDHIE,,,3,,0,2.2,Attendance Fail,6.6,6.4,1
SU2025,SU2025-class 14,20,1905AICJJE,,,7,,7.8,6,Passed,8.7,8,2
SU2025,SU2025-class 14,21,1905AIDBBB,,,6.5,,5.9,5.6,Passed,6.1,6.8,4
SU2025,SU2025-class 14,22,1905AHCEGD,,,0,,0,0,Attendance Fail,0,0,0
SU2025,SU2025-class 14,23,1905AHCIIA,,,2,,4,3.3,Not Passed,6.3,6.4,1.4
SU2025,SU2025-class 14,24,1905AHAEGE,,,1,,0,1.3,Attendance Fail,5.2,5.5,0
SU2025,SU2025-class 14,25,1905AIJBJD,,,1,,0,0.9,Attendance Fail,2.1,5,0
SU2025,SU2025-class 14,26,1905AIFEHI,,,4,,0,3.2,Not Passed,7.5,5,4
SU2025,SU2025-class 14,27,1905AIFFGC,,,2,,7.1,5.7,Passed,7.5,6.4,6
SU2025,SU2025-class 14,28,1905AICCEI,,,1,,0,1.2,Attendance Fail,3.1,6.8,0
SU2025,SU2025-class 14,29,1905AIFFII,,,2,,9,5.3,Passed,7.6,6.3,2.7
SU2025,SU2025-class 14,30,1905AIFBCD,,,7.5,,5.5,5.6,Passed,7.9,7.5,3
SU2025,SU2025-class 14,31,1905AIDFGG,,,0,,0,0.6,Attendance Fail,0,5.8,0
SU2025,SU2025-class 14,32,1905AIFBAG,,,6.5,,5.7,5.3,Passed,5,8.8,3
SU2025,SU2025-class 14,33,1905AIBDIC,,,2,,5.1,5.5,Passed,3.3,5,9
SU2025,SU2025-class 14,34,1905AIBDAG,,,2,,0,2.2,Attendance Fail,8.3,6.4,1
SU2025,SU2025-class 14,35,1905AIAJCH,,,2,,6.8,4.2,Not Passed,5.2,6.9,1.7
SU2025,SU2025-class 15,1,1905AGJAII,,,0,,0,0,Attendance Fail,0,0,0
SU2025,SU2025-class 15,2,1905AIDCHF,,,0,,0,0.9,Attendance Fail,9.2,0,0
SU2025,SU2025-class 15,3,1905AGBDIB,,,0,,0,0.9,Attendance Fail,8.9,0,0
SU2025,SU2025-class 15,4,1905AICFJA,,,8.7,,8,7.1,Passed,9.2,9.4,3.7
SU2025,SU2025-class 15,5,1905AHDAIE,,,0,,0,0.7,Attendance Fail,7.2,0,0
SU2025,SU2025-class 15,6,1905AHEJFD,,,0,,0,1.6,Attendance Fail,8.5,0,2.5
SU2025,SU2025-class 15,7,1905AICGAA,,,9.7,,5.5,5.7,Passed,8.7,7.4,1.8
SU2025,SU2025-class 15,8,1905AHCIJF,,,0,,0,0,Attendance Fail,0,0,0
SU2025,SU2025-class 15,9,1905AHDCJE,,,0,,0,0.4,Attendance Fail,4.2,0,0
SU2025,SU2025-class 15,10,1905AIDGHE,,,0,,0,0.9,Attendance Fail,8.7,0,0.1
SU2025,SU2025-class 15,11,1905AIFFAC,,,9.7,,7.1,6.6,Passed,8.7,3.6,4.2
SU2025,SU2025-class 15,12,1905AGBGAG,,,0,,0,0,Attendance Fail,0,0,0
SU2025,SU2025-class 15,13,1905AIDFGD,,,0,,0,0.9,Attendance Fail,9,0,0
SU2025,SU2025-class 15,14,1905BJJJDC,,,8.7,,7.8,8.4,Passed,9.2,8.9,8.2
SU2025,SU2025-class 15,15,1905AHCECJ,,,0,,0,0,Attendance Fail,0,0,0
SU2025,SU2025-class 15,16,1905BJAEDF,,,8,,8.8,7.8,Passed,9,9.2,5.9
SU2025,SU2025-class 15,17,1905AHJJFJ,,,0,,0,1.6,Attendance Fail,8.9,6.7,0
SU2025,SU2025-class 15,18,1905AIFDHI,,,0,,0,0.9,Not Passed,9.2,0,0
SU2025,SU2025-class 15,19,1905BJAHIG,,,9.7,,8.4,8.6,Passed,8.9,9.2,7.8
SU2025,SU2025-class 15,20,1905AHDAGF,,,0,,0,0,Attendance Fail,0,0,0
SU2025,SU2025-class 15,21,1905AGBCAF,,,7.3,,5.8,6.1,Passed,8.3,8.6,4.2
SU2025,SU2025-class 15,22,1905AIJGBA,,,9.7,,8,7,Passed,9.2,9,2.7
SU2025,SU2025-class 15,23,1905AGJDEA,,,5,,9.4,8,Passed,8.7,3,10
SU2025,SU2025-class 15,24,1905AHDCAH,,,0,,0,1.2,Attendance Fail,8.8,0,1.2
SU2025,SU2025-class 15,25,1905BJAHFG,,,7.3,,8.4,7.6,Passed,8.8,9.1,6
SU2025,SU2025-class 15,26,1905AHDAAE,,,0,,0,0.5,Attendance Fail,4.5,0,0
SU2025,SU2025-class 15,27,1905AHDEDJ,,,8,,4.1,5.2,Passed,8.2,6.4,2.9
SU2025,SU2025-class 15,28,1905AIFGCD,,,8.7,,7.8,6.3,Passed,8.7,7.3,2.2
SU2025,SU2025-class 15,29,1905AHJJAD,,,9.7,,8,6.4,Passed,9.4,8.1,1.2
SU2025,SU2025-class 15,30,1905AICEJD,,,0,,0,0.5,Attendance Fail,4.5,0,0
SU2025,SU2025-class 15,31,1905AICHCE,,,0,,0,0,Attendance Fail,0,0,0
SU2025,SU2025-class 15,32,1905AHDGHD,,,5,,8.4,6,Passed,8.9,9.3,2.1
SU2025,SU2025-class 15,33,1905AHDJHG,,,9,,0,3.7,Not Passed,9,2.3,2.7
SU2025,SU2025-class 15,34,1905AGCAGG,,,0,,0,0.8,Attendance Fail,7.5,0,0
SU2025,SU2025-class 15,35,1905AIFFHB,,,8.3,,6.9,6.1,Passed,9,6.5,2.7
SU2025,SU2025-class 16,1,1905BJEACF,,,9,,6.8,7.4,Passed,8.9,9.4,5.8
SU2025,SU2025-class 16,2,1905AIBBCI,,,6,,6,6.1,Passed,5.3,6.5,6.3
SU2025,SU2025-class 16,3,1905AICGID,,,7.5,,5.8,6.8,Passed,8.6,9.3,5.9
SU2025,SU2025-class 16,4,1905BJEABH,,,7.5,,8.4,7.2,Passed,8.9,8.3,4.8
SU2025,SU2025-class 16,5,1905AICHFC,,,6,,7,5.7,Passed,8.7,7.5,2.5
SU2025,SU2025-class 16,6,1905BJCFIB,,,10,,8.2,8.7,Passed,9.9,9.1,7.8
SU2025,SU2025-class 16,7,1905AGAGFG,,,1,,4.2,3.8,Not Passed,9.4,5,2.9
SU2025,SU2025-class 16,8,1905BJDIFI,,,10,,7.8,8.4,Passed,9.4,8.9,7.4
SU2025,SU2025-class 16,9,1905AIDACD,,,6.5,,0,3.8,Not Passed,9,9,2.4
SU2025,SU2025-class 16,10,1905AHAGBF,,,1,,4.2,3.3,Not Passed,7.9,5,1.7
SU2025,SU2025-class 16,11,1905BJCGJI,,,9,,8.4,8.4,Passed,9.7,9.3,7.2
SU2025,SU2025-class 16,12,0805AGFHCJ,,,5,,6.2,5.5,Passed,4.7,5,5.4
SU2025,SU2025-class 16,13,1905BJDIFF,,,8,,7.6,7.7,Passed,8.9,9.1,6.7
SU2025,SU2025-class 16,14,1905AGBBJA,,,10,,7.2,6.6,Passed,8.7,7,3
SU2025,SU2025-class 17,1,1905AIJHGA,,,9,,7.4,7,Passed,9.4,8.9,3.8
SU2025,SU2025-class 17,2,1705AIJACG,,,4,,7,5.5,Passed,8.9,6.9,3.5
SU2025,SU2025-class 17,3,1905AHBCHC,,,7,,7.6,7,Passed,8.9,7.5,5.6
SU2025,SU2025-class 17,4,1905AIBDBA,,,7,,7.6,7.3,Passed,8.2,8.6,6.4
SU2025,SU2025-class 17,5,1905AIDAAG,,,9,,8.2,8.6,Passed,9.4,9.1,8.4
SU2025,SU2025-class 17,6,1905AIDGHE,,,0,,0,0.4,Attendance Fail,4.4,0,0
SU2025,SU2025-class 17,7,1905AIDCDI,,,4,,6.2,5.7,Passed,9.2,7.9,4.4
SU2025,SU2025-class 17,8,1905AHBGFF,,,6.5,,5.2,5,Passed,7.4,7.1,2.2
SU2025,SU2025-class 17,9,1905BJCFGG,,,7,,0,3.2,Not Passed,8.9,9.3,0
SU2025,SU2025-class 17,10,1905AHJGFE,,,8,,7.6,7.2,Passed,8.7,7.9,5.5
SU2025,SU2025-class 17,11,1905AICABJ,,,4,,6.4,6.1,Passed,9.1,9,5.2
SU2025,SU2025-class 17,12,1905AIDBGE,,,4,,0,3.8,Not Passed,9.2,6.6,4.9
SU2025,SU2025-class 17,13,1905AIJFDC,,,5,,6.8,5.7,Passed,9.2,6.4,3.7
SU2025,SU2025-class 17,14,1905AHDDDH,,,1,,6.4,4.8,Not Passed,8.5,7.8,3.5
SU2025,SU2025-class 17,15,1905BJECAJ,,,5,,7.2,5.4,Passed,8.2,6.9,2.5
SU2025,SU2025-class 17,16,1905AIDCCB,,,1,,0,1.1,Attendance Fail,2.1,7,0
SU2025,SU2025-class 17,17,1905AIDJGB,,,5,,7.4,7.5,Passed,8.9,9.1,8.4
SU2025,SU2025-class 17,18,1905AIBBIG,,,5,,5.6,4.5,Not Passed,8.7,6.8,1
SU2025,SU2025-class 17,19,1905AIDCCJ,,,1,,0,0.9,Attendance Fail,2.3,5,0
SU2025,SU2025-class 17,20,1905AHDDJG,,,4,,4.8,4.7,Not Passed,3.7,8,4.2
SU2025,SU2025-class 17,21,1905AICEHJ,,,1,,0,1,Attendance Fail,2.5,6,0
SU2025,SU2025-class 17,22,1905AIJEJB,,,9,,8,7.4,Passed,9.4,6.7,5.2
SU2025,SU2025-class 17,23,1905AHDAID,,,5,,5.6,5.2,Passed,9,6.5,3.1
SU2025,SU2025-class 17,24,1905AHBFEA,,,0,,0,0,Attendance Fail,0,0,0
SU2025,SU2025-class 17,25,1905AGAGCH,,,1,,0,3,Not Passed,6,7,4.9
SU2025,SU2025-class 17,26,1905AFAGBI,,,8,,5.6,6.2,Passed,7.7,7.9,4.5
SU2025,SU2025-class 17,27,1905AICDBB,,,0,,0,0,Attendance Fail,0,0,0
SU2025,SU2025-class 17,28,0405AIJIFI,,,5,,4.4,6.4,Passed,8.4,6.4,8.8
SU2025,SU2025-class 17,29,1905AHDJFD,,,5,,4.4,4.3,Not Passed,8.4,6.5,1.5
SU2025,SU2025-class 17,30,1905AIDBJF,,,7,,5.8,5.1,Passed,8.2,7.3,1.5
SU2025,SU2025-class 17,31,1905AHBECC,,,4,,4.4,6.4,Passed,9.2,5,9.6
SU2025,SU2025-class 17,32,1905AHBAJJ,,,8,,8.6,5.9,Passed,7.7,6.5,1
SU2025,SU2025-class 17,33,1905AHDJHH,,,8,,4.6,6,Passed,6.6,7.5,5.3
SU2025,SU2025-class 17,34,1905AICBIG,,,7,,7.6,6.8,Passed,8.9,8.4,4.5
SU2025,SU2025-class 17,35,1905AIBDAG,,,5,,6.8,5.6,Passed,8.4,8,3.1
SU2025,SU2025-class 18,1,1905BJEJFJ,,,9,,7.4,6.8,Passed,9,8.3,3.4
SU2025,SU2025-class 18,2,1905AHCFAA,,,8.7,,8,6.9,Passed,9,7.5,3.8
SU2025,SU2025-class 18,3,1905AIFFIB,,,5.3,,6.6,5.5,Passed,9.2,9.3,2.2
SU2025,SU2025-class 18,4,1905AGAFGG,,,8,,6,6.1,Passed,8.9,4.8,4.5
SU2025,SU2025-class 18,5,1905AICFDH,,,9.7,,8.8,8.9,Passed,9.4,9.1,8.2
SU2025,SU2025-class 18,6,1905AIFDGH,,,9.7,,6.8,7.6,Passed,9.2,7.7,6.6
SU2025,SU2025-class 18,7,1905BJDFBH,,,5.3,,6,4.7,Not Passed,9,3.8,2
SU2025,SU2025-class 18,8,1905BJCCGB,,,8.7,,8.6,9,Passed,8.7,9.1,9.6
SU2025,SU2025-class 18,9,1905AIBDID,,,9.7,,6.8,7.9,Passed,9.2,9.1,7.1
SU2025,SU2025-class 18,10,1905AIJJBI,,,8,,4.6,5.4,Passed,9.2,9.5,2
SU2025,SU2025-class 18,11,1905BJDHAA,,,9.3,,8,7.7,Passed,9.2,8.9,5.4
SU2025,SU2025-class 18,12,1905AIJHAJ,,,7.7,,8.2,8.7,Passed,9,8.1,9.9
SU2025,SU2025-class 18,13,1905BJDHIA,,,8,,8.4,7.4,Passed,8.7,8.7,5
SU2025,SU2025-class 18,14,1905AHBGGA,,,9.7,,8.4,9.2,Passed,8.7,8.9,9.9
SU2025,SU2025-class 18,15,1905AIBDBH,,,6,,0,3,Not Passed,8.7,9.1,0
SU2025,SU2025-class 18,16,1905BJJFFF,,,9.7,,8.2,7.7,Passed,9,9.7,4.6
SU2025,SU2025-class 18,17,1905AHJJFJ,,,8.7,,7.6,8,Passed,9.2,8.9,7.4
SU2025,SU2025-class 18,18,1905BJCCHB,,,9,,4,5.5,Passed,9.2,7.2,3
SU2025,SU2025-class 18,19,1905AHCJID,,,8,,6.2,6,Passed,8.5,8.6,2.9
SU2025,SU2025-class 18,20,1905BJCDBG,,,6.7,,8.2,7.9,Passed,8.5,9,7.9
SU2025,SU2025-class 18,21,1905AHDDBA,,,9.7,,4.8,7.6,Passed,9,3.8,9.8
SU2025,SU2025-class 18,22,1905AHBHAF,,,9.7,,5.8,8.3,Passed,9.2,8.6,9.4
SU2025,SU2025-class 18,23,1905BJDEAB,,,6.7,,5.6,5.8,Passed,9.4,9.3,3.1
SU2025,SU2025-class 18,24,1905BJJJDH,,,9,,8,8.1,Passed,8.5,8.1,7.3
SU2025,SU2025-class 18,25,1905BJECEJ,,,9.7,,7.2,7.9,Passed,8.8,9.5,6.4
SU2025,SU2025-class 18,26,1905AICGJF,,,8.3,,6.2,6.1,Passed,9.4,9.1,2.4
SU2025,SU2025-class 18,27,1905BJADAD,,,5.3,,6.4,6.2,Passed,8.7,7.2,5.3
SU2025,SU2025-class 18,28,1905AIDJFD,,,9,,4.4,5.1,Not Passed,8.8,0,3.7
SU2025,SU2025-class 18,29,1905AHAGBB,,,0,,6.2,3.5,Not Passed,0,0,5.6
SU2025,SU2025-class 18,30,1905BJJIFB,,,0,,0,0,Attendance Fail,0,0,0
SU2025,SU2025-class 18,31,1905BJCDCE,,,9.3,,6.8,7.5,Passed,8.9,9.1,6
SU2025,SU2025-class 18,32,1905BJCFED,,,9.3,,7.2,6.9,Passed,8.7,8.8,3.8
SU2025,SU2025-class 18,33,1705AHJBAC,,,0,,0,0.9,Attendance Fail,9,0,0
SU2025,SU2025-class 18,34,1905BJCDEJ,,,9,,9.2,9.1,Passed,9,9,9
