Mã học kỳ,Mã lớp,NO.,CODE,PRESENTATION-20,ACTIVE LEARNING-10,FINAL EXAM-40,PROJECT-30,TOTAL,STATUS,EXERCISES-10,PROGRESS TESTS-10,FINAL EXAM-30
FA2019,FA2019-class 1,1,1905ADJGHC,9,8,6.3,9,7.8,Passed,,,
FA2019,FA2019-class 1,2,1905ADJFGG,7,5,5.7,8,6.6,Passed,,,
FA2019,FA2019-class 1,3,1905ADJJCD,8,7,6.1,8,7.1,Passed,,,
FA2019,FA2019-class 1,4,1905ADJEDD,8,7,4.1,9,6.6,Passed,,,
FA2019,FA2019-class 1,5,1905ADJCBF,7,7,5.1,8,6.5,Passed,,,
FA2019,FA2019-class 1,6,1905ADJIDH,7,7,6.3,8,7,Passed,,,
FA2019,FA2019-class 1,7,1905ACJAHA,7,7,5.1,8,6.5,Passed,,,
FA2019,FA2019-class 1,8,1905ADJBDF,7,7,0,8,4.5,Not Passed,,,
FA2019,FA2019-class 1,9,1905ADJIDF,7,7,7.8,8,7.6,Passed,,,
FA2019,FA2019-class 1,10,1905ADJBIH,7,7,4.3,8,6.2,Passed,,,
FA2019,FA2019-class 1,11,1905ADJAHG,7,7,4.9,8,6.5,Passed,,,
FA2019,FA2019-class 1,12,1905FCCID,7,5,5.7,7,6.3,Passed,,,
FA2019,FA2019-class 1,13,1905ADJJAC,8,7,6.1,8,7.1,Passed,,,
FA2019,FA2019-class 1,14,1905ADJFGA,8,8,6.7,9,7.8,Passed,,,
FA2019,FA2019-class 1,15,1905ACJJJB,6,5,6.5,7,6.4,Passed,,,
FA2019,FA2019-class 1,16,1905ADJJFG,7,7,4.3,8,6.2,Passed,,,
FA2019,FA2019-class 1,17,1905ADJCIJ,8,7,6,8,7.1,Passed,,,
FA2019,FA2019-class 1,18,1905ADJAAB,8,8,6.9,9,7.9,Passed,,,
FA2019,FA2019-class 1,19,1905ADJBBG,7,7,6.3,8,7,Passed,,,
FA2019,FA2019-class 1,20,1905ADJFAG,7,7,5.5,8,6.7,Passed,,,
FA2019,FA2019-class 1,21,1905ADJAII,8,8,5.9,9,7.5,Passed,,,
FA2019,FA2019-class 1,22,1905ADJCBC,9,9,6.1,10,8.1,Passed,,,
FA2019,FA2019-class 1,23,1905ADAAHH,6,5,5.5,7,6,Passed,,,
FA2019,FA2019-class 1,24,1905ADJCEJ,8,7,4.5,8,6.5,Passed,,,
FA2019,FA2019-class 1,25,1905ADJDDA,7,6,6,8,6.8,Passed,,,
FA2019,FA2019-class 1,26,1905ADJGGH,7,7,6.3,8,7,Passed,,,
FA2019,FA2019-class 1,27,1905ADJIDC,0,0,0,0,0,Not Passed,,,
FA2019,FA2019-class 2,1,1905ADJIHB,8,10,7.1,10,8.4,Passed,,,
FA2019,FA2019-class 2,2,1905ADJFFD,8,10,5.5,10,7.8,Passed,,,
FA2019,FA2019-class 2,3,1905ADJBJG,9,10,5.9,10,8.2,Passed,,,
FA2019,FA2019-class 2,4,1905ADJFBH,8,10,5.7,10,7.9,Passed,,,
FA2019,FA2019-class 2,5,1905ADJFIC,9.5,10,6.3,10,8.4,Passed,,,
FA2019,FA2019-class 2,6,1905ADJBJE,10,10,6.7,10,8.7,Passed,,,
FA2019,FA2019-class 2,7,1905ADJFEB,9,10,6.1,10,8.2,Passed,,,
FA2019,FA2019-class 2,8,1905ADJJEE,10,10,6.3,10,8.5,Passed,,,
FA2019,FA2019-class 2,9,1905ADJBGB,0,0,0,0,0,Not Passed,,,
FA2019,FA2019-class 2,10,1905ADJAAH,7,10,2.8,10,6.5,Not Passed,,,
FA2019,FA2019-class 2,11,1905ADAADC,10,10,6.7,10,8.7,Passed,,,
FA2019,FA2019-class 2,12,1905ADJAJG,8,10,6.1,10,8,Passed,,,
FA2019,FA2019-class 2,13,1905ADJBJD,9,10,2.6,10,6.8,Not Passed,,,
FA2019,FA2019-class 2,14,1905ADAABJ,10,10,6.8,10,8.7,Passed,,,
FA2019,FA2019-class 2,15,1905ADJBAD,10,10,6.9,10,8.8,Passed,,,
FA2019,FA2019-class 2,16,1905ADJFCH,9.5,10,6.3,10,8.4,Passed,,,
FA2019,FA2019-class 2,17,1905ADJJFJ,9.5,10,5.4,10,8.1,Passed,,,
FA2019,FA2019-class 2,18,1905ADAAEF,9,10,5.5,10,8,Passed,,,
FA2019,FA2019-class 2,19,1905ADAABH,9.5,10,5.1,10,7.9,Passed,,,
FA2019,FA2019-class 2,20,1905ADJECF,10,10,7.3,10,8.9,Passed,,,
FA2019,FA2019-class 2,21,1905ADJEBI,10,10,6.1,10,8.4,Passed,,,
FA2019,FA2019-class 2,22,1905ACJGGA,0,0,0,0,0,Not Passed,,,
FA2019,FA2019-class 2,23,1905ADJAFE,9.5,10,6.5,10,8.5,Passed,,,
FA2019,FA2019-class 2,24,1905ADJECH,10,10,6.5,10,8.6,Passed,,,
FA2019,FA2019-class 2,25,1905ADJEAA,10,10,4.3,10,7.7,Passed,,,
FA2019,FA2019-class 2,26,1905ADJDID,10,10,6.9,10,8.8,Passed,,,
FA2019,FA2019-class 2,27,1905ADJBGI,9,10,4.4,10,7.6,Passed,,,
FA2019,FA2019-class 2,28,1905ADJEGF,10,10,6.1,10,8.4,Passed,,,
FA2019,FA2019-class 2,29,1905ADJDFE,8.5,10,4.3,10,7.4,Passed,,,
FA2019,FA2019-class 3,1,1905ADJCCC,10,10,5.1,10,8,Passed,,,
FA2019,FA2019-class 3,2,1905ADJJDB,10,10,6.5,10,8.6,Passed,,,
FA2019,FA2019-class 3,3,1905ADJHFJ,0,0,0,0,0,Not Passed,,,
FA2019,FA2019-class 3,4,1905ADJADB,9.5,10,5.3,10,8,Passed,,,
FA2019,FA2019-class 3,5,1905ADJCAA,0,0,0,0,0,Not Passed,,,
FA2019,FA2019-class 3,6,1905ADAAAH,8.5,10,4.7,10,7.6,Passed,,,
FA2019,FA2019-class 3,7,1905ADJIGA,9,10,7.1,10,8.6,Passed,,,
FA2019,FA2019-class 3,8,1905ADJBHE,7.5,10,6.9,10,8.3,Passed,,,
FA2019,FA2019-class 3,9,1905ADJCGF,9.5,10,5.9,10,8.3,Passed,,,
FA2019,FA2019-class 3,10,1905ADJDJA,8.5,10,5.1,10,7.7,Passed,,,
FA2019,FA2019-class 3,11,1905ADJBIF,9.5,10,5.7,10,8.2,Passed,,,
FA2019,FA2019-class 3,12,1905ADJJHE,10,10,4.7,10,7.9,Passed,,,
FA2019,FA2019-class 3,13,1905ADJDFD,9,10,5.1,10,7.8,Passed,,,
FA2019,FA2019-class 3,14,1905ADJCJC,9.5,10,7.6,10,8.9,Passed,,,
FA2019,FA2019-class 3,15,1905ADJEEH,7,10,5.1,10,7.4,Passed,,,
FA2019,FA2019-class 3,16,1905ADJHIB,10,10,6.1,10,8.4,Passed,,,
FA2019,FA2019-class 3,17,1905ADJEHI,0,0,0,0,0,Not Passed,,,
FA2019,FA2019-class 3,18,1905ADJFCJ,9.5,10,6.7,10,8.6,Passed,,,
FA2019,FA2019-class 3,19,1905ADJAIC,10,10,6.3,10,8.5,Passed,,,
FA2019,FA2019-class 3,20,1905ADJHHD,0,0,0,0,0,Not Passed,,,
FA2019,FA2019-class 3,21,1905ADJCJD,9.5,10,5.5,10,8.1,Passed,,,
FA2019,FA2019-class 3,22,1905ADJHBC,10,10,6.6,10,8.6,Passed,,,
FA2019,FA2019-class 3,23,1905ADJHEC,0,0,0,0,0,Not Passed,,,
FA2019,FA2019-class 3,24,1905ADJHGB,9.5,10,5.5,10,8.1,Passed,,,
FA2019,FA2019-class 3,25,1905ADJFJJ,8,10,4.5,10,7.4,Passed,,,
FA2019,FA2019-class 3,26,1905ADJIEH,10,10,5.3,10,8.1,Passed,,,
FA2019,FA2019-class 3,27,1905ADJDAF,10,10,0,10,6,Not Passed,,,
FA2019,FA2019-class 3,28,1905ADAJBC,9.5,10,6.3,10,8.4,Passed,,,
FA2019,FA2019-class 3,29,1905ADJEFB,7.5,10,4.9,10,7.5,Passed,,,
FA2019,FA2019-class 3,30,1905ADAABE,9,10,7.3,10,8.7,Passed,,,
FA2019,FA2019-class 4,1,1905ADJBAE,9.5,10,4.9,10,7.9,Passed,,,
FA2019,FA2019-class 4,2,1905ADJJGG,9,10,3.4,10,7.2,Not Passed,,,
FA2019,FA2019-class 4,3,1905ADJABE,10,10,7.1,10,8.8,Passed,,,
FA2019,FA2019-class 4,4,1905ADJDIJ,9.5,10,6.9,10,8.7,Passed,,,
FA2019,FA2019-class 4,5,1905ADJFJF,10,10,6.2,10,8.5,Passed,,,
FA2019,FA2019-class 4,6,1905ADJBBH,10,10,4.7,10,7.9,Passed,,,
FA2019,FA2019-class 4,7,1905ADJFJB,9,10,6.9,10,8.6,Passed,,,
FA2019,FA2019-class 4,8,1905ADJAGB,9.5,10,5.7,10,8.2,Passed,,,
FA2019,FA2019-class 4,9,1905ADJAGI,10,10,5.1,10,8,Passed,,,
FA2019,FA2019-class 4,10,1905ADJJII,9,10,2.4,10,6.8,Not Passed,,,
FA2019,FA2019-class 4,11,1905ADJCJH,10,10,4.5,10,7.8,Passed,,,
FA2019,FA2019-class 4,12,1905ADAJGF,10,10,5.9,10,8.4,Passed,,,
FA2019,FA2019-class 4,13,1905ADJDED,9,10,7.6,10,8.8,Passed,,,
FA2019,FA2019-class 4,14,1905ADJIGB,9.5,10,6.3,10,8.4,Passed,,,
FA2019,FA2019-class 4,15,1905ADJIJJ,0,0,0,0,0,Not Passed,,,
FA2019,FA2019-class 4,16,1905ADJFCF,10,10,5.9,10,8.4,Passed,,,
FA2019,FA2019-class 4,17,1905ADAAHB,9,10,7.6,10,8.8,Passed,,,
FA2019,FA2019-class 4,18,1905ADJDCH,9,10,6.1,10,8.2,Passed,,,
FA2019,FA2019-class 5,1,1905ADJIAF,9,9,7.8,9,8.5,Passed,,,
FA2019,FA2019-class 5,2,1905ADAJHD,8,8.5,4.4,8.5,6.8,Passed,,,
FA2019,FA2019-class 5,3,1905ADJAAC,7,8,4.7,8,6.5,Passed,,,
FA2019,FA2019-class 5,4,1905ADJIII,7,5,4.3,6,5.4,Passed,,,
FA2019,FA2019-class 5,5,1905ADJEBC,8,8.5,6.1,8.5,7.4,Passed,,,
FA2019,FA2019-class 5,6,1905ADJEDE,7,7,6.1,8,6.9,Passed,,,
FA2019,FA2019-class 5,7,1905ADJAHD,7,7,6.1,8,6.9,Passed,,,
FA2019,FA2019-class 5,8,1905ADJEIG,7,5,7.4,7,7,Passed,,,
FA2019,FA2019-class 5,9,1905ADJJEI,7,8,5.5,7,6.5,Passed,,,
FA2019,FA2019-class 5,10,1905ADAJGG,7,7,5.3,8,6.6,Passed,,,
FA2019,FA2019-class 5,11,1905ADAJIC,7,7,5.9,8,6.9,Passed,,,
FA2019,FA2019-class 5,12,1905ADJEFF,7,7,6.1,7,6.6,Passed,,,
FA2019,FA2019-class 5,13,1905ADJJED,9,9,6.3,9,7.9,Passed,,,
FA2019,FA2019-class 5,14,1905ADJFIJ,7,7,4.5,7,6,Passed,,,
FA2019,FA2019-class 5,15,1905ADJFJH,0,0,0,0,0,Not Passed,,,
FA2019,FA2019-class 5,16,1905ADJGCF,7,8,4.7,8,6.5,Passed,,,
FA2019,FA2019-class 5,17,1905ADJBJI,7,7,5.7,8,6.8,Passed,,,
FA2019,FA2019-class 5,18,1905ADJHFE,7,6,4.7,7,6,Passed,,,
FA2019,FA2019-class 5,19,1905ADJFJE,7,8,4.3,7,6,Passed,,,
FA2019,FA2019-class 5,20,1905ADAJDD,7,6,5.7,6,6.1,Passed,,,
FA2019,FA2019-class 5,21,1905ADJDCI,7,8,6.5,7,6.9,Passed,,,
FA2019,FA2019-class 5,22,1905ADJEBG,0,0,0,0,0,Not Passed,,,
FA2019,FA2019-class 5,23,1905ADJDHF,7,7,4.8,7,6.1,Passed,,,
FA2019,FA2019-class 5,24,1905ADJBCH,7,6,5.8,6,6.1,Passed,,,
FA2019,FA2019-class 5,25,1905ADJJFF,7,8,6.9,8,7.4,Passed,,,
FA2019,FA2019-class 6,1,1905ADAJGJ,9.5,10,4.5,10,7.7,Passed,,,
FA2019,FA2019-class 6,2,1905ADJAJF,9,10,5.9,10,8.2,Passed,,,
FA2019,FA2019-class 6,3,1905ADJGAH,8,10,6.1,10,8,Passed,,,
FA2019,FA2019-class 6,4,1905ADJIAE,9.5,10,7.3,10,8.8,Passed,,,
FA2019,FA2019-class 6,5,1905ADJFFE,9.5,10,4.7,10,7.8,Passed,,,
FA2019,FA2019-class 6,6,1905ADJIGE,0,0,0,0,0,Not Passed,,,
FA2019,FA2019-class 6,7,1905ADJDAB,8.5,10,4.3,10,7.4,Passed,,,
FA2019,FA2019-class 6,8,1905ADJEHJ,6.5,10,5.3,10,7.4,Passed,,,
FA2019,FA2019-class 6,9,1905ADJCGE,10,10,6.3,10,8.5,Passed,,,
FA2019,FA2019-class 6,10,1905ADJAGE,9,10,5.5,10,8,Passed,,,
FA2019,FA2019-class 6,11,1905ADJIEF,0,0,0,0,0,Not Passed,,,
FA2019,FA2019-class 6,12,1905ADJGCC,8.5,10,4,10,7.3,Passed,,,
FA2019,FA2019-class 6,13,1905ADJEEE,10,10,5.7,10,8.3,Passed,,,
FA2019,FA2019-class 6,14,1905ADJBHC,10,10,6.9,10,8.8,Passed,,,
FA2019,FA2019-class 6,15,1905ADJHCC,10,10,5.7,10,8.3,Passed,,,
FA2019,FA2019-class 6,16,1905ADJCII,10,10,4.9,10,8,Passed,,,
FA2019,FA2019-class 6,17,1905ADJCHE,10,10,5.3,10,8.1,Passed,,,
FA2019,FA2019-class 6,18,1905ADJJIC,8,10,4.8,10,7.5,Passed,,,
FA2019,FA2019-class 6,19,1905ADJHEF,9.5,10,6.5,10,8.5,Passed,,,
FA2019,FA2019-class 6,20,1905ADAJIH,10,10,5.5,10,8.2,Passed,,,
FA2019,FA2019-class 7,1,1905ADJBFJ,7,8,7.1,6,6.8,Passed,,,
FA2019,FA2019-class 7,2,1905ADAJIG,7,8,5.5,6,6.2,Passed,,,
FA2019,FA2019-class 7,3,1905ADJJCC,9,8,6.3,9,7.8,Passed,,,
FA2019,FA2019-class 7,4,1905ADAAID,9,8,4.9,10,7.6,Passed,,,
FA2019,FA2019-class 7,5,1905ADJIBJ,9,8,8.4,9,8.7,Passed,,,
FA2019,FA2019-class 7,6,1905ADJIBA,5,6,0,5,3.1,Not Passed,,,
FA2019,FA2019-class 7,7,1905ADAABI,10,8,6.1,8,7.6,Passed,,,
FA2019,FA2019-class 7,8,1905ADAAEH,8,8,3.6,9,6.5,Not Passed,,,
FA2019,FA2019-class 7,9,1905ADJAFD,9,8,6.4,7,7.3,Passed,,,
FA2019,FA2019-class 7,10,1905ADJDHE,5,6,0,5,3.1,Not Passed,,,
FA2019,FA2019-class 7,11,1905ADJGEJ,6,8,5.7,7,6.4,Passed,,,
FA2019,FA2019-class 7,12,1905ADJJCA,9,8,0,7,4.7,Not Passed,,,
FA2019,FA2019-class 7,13,1905ADJADC,6,8,8,7,7.3,Passed,,,
FA2019,FA2019-class 7,14,1905ADJHAA,9,8,7.8,9,8.4,Passed,,,
FA2019,FA2019-class 7,15,1905ADAJIB,6,8,5.9,6,6.2,Passed,,,
FA2019,FA2019-class 7,16,1905ADJCFI,9,8,7.6,7,7.7,Passed,,,
FA2019,FA2019-class 7,17,1905ADJHHJ,8,8,4.7,7,6.4,Passed,,,
FA2019,FA2019-class 7,18,1905ADJJCG,9,8,6.9,9,8.1,Passed,,,
FA2019,FA2019-class 7,19,1905ADJJDF,10,8,4.9,7,6.9,Passed,,,
FA2019,FA2019-class 7,20,1905ADAABD,10,8,7.1,8,8,Passed,,,
FA2019,FA2019-class 7,21,1905ADAJEG,10,8,8.2,8,8.5,Passed,,,
FA2019,FA2019-class 7,22,1905ADJBJH,9,8,5.5,9,7.5,Passed,,,
FA2019,FA2019-class 7,23,1905ADJAEG,8,8,6.3,7,7,Passed,,,
FA2019,FA2019-class 8,1,1905ADAAHA,10,10,5.5,10,8.2,Passed,,,
FA2019,FA2019-class 8,2,1905ADJAHJ,7.5,10,4.5,10,7.3,Passed,,,
FA2019,FA2019-class 8,3,1905ADJJBA,7,10,5.1,10,7.4,Passed,,,
FA2019,FA2019-class 8,4,1905ADAACF,0,0,0,0,0,Not Passed,,,
FA2019,FA2019-class 8,5,1905ADJIGC,8,10,4.9,10,7.6,Passed,,,
FA2019,FA2019-class 8,6,1905ADJEAG,9.5,10,4.5,10,7.7,Passed,,,
FA2019,FA2019-class 8,7,1905ADJCEC,8.5,10,5.1,10,7.7,Passed,,,
FA2019,FA2019-class 8,8,1905ADJFDJ,9,10,7.3,10,8.7,Passed,,,
FA2019,FA2019-class 8,9,1905ADJFCA,9,10,4.7,10,7.7,Passed,,,
FA2019,FA2019-class 8,10,1905ADAADB,9.5,10,4.5,10,7.7,Passed,,,
FA2019,FA2019-class 8,11,1905ADJHHH,9.5,10,6.5,10,8.5,Passed,,,
FA2019,FA2019-class 8,12,1905ADJCCA,8.5,10,4.3,10,7.4,Passed,,,
FA2019,FA2019-class 8,13,1905ADJHFG,10,10,8,10,9.2,Passed,,,
FA2019,FA2019-class 8,14,1905ADJDHJ,9,10,6.6,10,8.4,Passed,,,
FA2019,FA2019-class 8,15,1905ADJHJC,10,10,7.6,10,9,Passed,,,
FA2019,FA2019-class 8,16,1905ADJJEA,8.5,10,4.5,10,7.5,Passed,,,
FA2019,FA2019-class 8,17,1905ADJJEJ,8.5,10,5.1,10,7.7,Passed,,,
FA2019,FA2019-class 8,18,1905ADJEAE,9,10,4.6,10,7.6,Passed,,,
FA2019,FA2019-class 8,19,1905ADAAJJ,10,10,5.9,10,8.4,Passed,,,
FA2019,FA2019-class 9,1,1905ADJEDB,8,4,4.7,8,6.3,Passed,,,
FA2019,FA2019-class 9,2,1905ADJCCE,8,7,6.1,8,7.1,Passed,,,
FA2019,FA2019-class 9,3,1905ADAJCJ,7,7,4.7,8,6.4,Passed,,,
FA2019,FA2019-class 9,4,1905ADJFDE,8,9,6.1,8,7.3,Passed,,,
FA2019,FA2019-class 9,5,1905ADJGAI,5,4,5.9,5,5.3,Passed,,,
FA2019,FA2019-class 9,6,1905ADJJGH,6,5,6.3,6,6,Passed,,,
FA2019,FA2019-class 9,7,1905ADJBFD,7,8,5.7,7,6.6,Passed,,,
FA2019,FA2019-class 9,8,1905ADJIIC,8,7,6.5,8,7.3,Passed,,,
FA2019,FA2019-class 9,9,1905ADJHJI,8,8,4.9,8,6.8,Passed,,,
FA2019,FA2019-class 9,10,1905ADJDBA,8,8,5.9,8,7.2,Passed,,,
FA2019,FA2019-class 9,11,1905ADJBHJ,7,7,6.1,6,6.3,Passed,,,
FA2019,FA2019-class 9,12,1905ADJJHI,8,9,6.1,9,7.6,Passed,,,
FA2019,FA2019-class 9,13,1905ADJCGH,7,8,5.9,8,7,Passed,,,
FA2019,FA2019-class 9,14,1905ADJCIA,7,6,3.2,8,5.7,Not Passed,,,
FA2019,FA2019-class 9,15,1905ADJDDF,8,8,6.7,8,7.5,Passed,,,
FA2019,FA2019-class 9,16,1905ADJABC,7,7,5.1,8,6.5,Passed,,,
FA2019,FA2019-class 9,17,1905ADAAJB,7,7,6.5,7,6.8,Passed,,,
FA2019,FA2019-class 9,18,1905ADJGHD,8,9,6.5,9,7.8,Passed,,,
FA2019,FA2019-class 9,19,1905ADJFDB,8,7,4.9,8,6.7,Passed,,,
FA2019,FA2019-class 9,20,1905ADJDAH,8,8,5.7,8,7.1,Passed,,,
FA2019,FA2019-class 9,21,1905ADJBEH,7,8,6.3,7,6.8,Passed,,,
FA2019,FA2019-class 9,22,1905ADJIFE,8,8,5.7,8,7.1,Passed,,,
FA2019,FA2019-class 9,23,1905ADJBAI,7,6,5.9,8,6.8,Passed,,,
FA2019,FA2019-class 9,24,1905ADJHEI,8,7,5.1,7,6.4,Passed,,,
FA2019,FA2019-class 9,25,1905ADJFII,6,5,5.3,7,5.9,Passed,,,
FA2019,FA2019-class 9,26,1905ADJCDI,0,0,0,0,0,Not Passed,,,
FA2019,FA2019-class 9,27,1905ADJGFE,6,5,6.1,6,5.9,Passed,,,
FA2019,FA2019-class 10,1,1905ADAAJE,7,8,6.1,8,7,Passed,,,
FA2019,FA2019-class 10,2,1905ADJHBD,8,8,6.9,8,7.6,Passed,,,
FA2019,FA2019-class 10,3,1905ADJEJF,7,8,5.9,7,6.7,Passed,,,
FA2019,FA2019-class 10,4,1905ADAJIA,0,0,0,0,0,Not Passed,,,
FA2019,FA2019-class 10,5,1905ADJHGJ,7,8,7.1,7,7.1,Passed,,,
FA2019,FA2019-class 10,6,1905ADJIHG,8,8,5,8,6.8,Passed,,,
FA2019,FA2019-class 10,7,1905ADJAJA,0,3,0,0,0.3,Not Passed,,,
FA2019,FA2019-class 10,8,1905ADJBHB,7,8,6.5,6,6.6,Passed,,,
FA2019,FA2019-class 10,9,1905ADJCAJ,9,8,4.9,6,6.4,Passed,,,
FA2019,FA2019-class 10,10,1905ADJGFI,10,9,4.9,8,7.3,Passed,,,
FA2019,FA2019-class 10,11,1905ADAJID,7,8,4.3,8,6.3,Passed,,,
FA2019,FA2019-class 10,12,1905ACJAIC,8,8,4.9,6,6.2,Passed,,,
FA2019,FA2019-class 10,13,1905ADJBHG,7,8,5.7,6,6.3,Passed,,,
FA2019,FA2019-class 10,14,1905ADJAIH,7,8,5.3,6,6.1,Passed,,,
FA2019,FA2019-class 10,15,1905ADJABG,7,8,6.1,7,6.7,Passed,,,
FA2019,FA2019-class 10,16,1905ADAJAJ,0,0,0,0,0,Not Passed,,,
FA2019,FA2019-class 11,1,1905ADJDJG,8.5,9,6.8,8.5,7.9,Passed,,,
FA2019,FA2019-class 11,2,1905ADJEEB,7.5,9,4.2,8,6.5,Passed,,,
FA2019,FA2019-class 11,3,1905ADJFIA,8,7,4.8,8,6.6,Passed,,,
FA2019,FA2019-class 11,4,1905ADJEJA,9,9.5,8,9,8.7,Passed,,,
FA2019,FA2019-class 11,5,1905ADJEIB,7,8.5,4.4,8,6.4,Passed,,,
FA2019,FA2019-class 11,6,1905ADJGCE,8,9,7,8.5,7.9,Passed,,,
FA2019,FA2019-class 11,7,1905ADJJDJ,9,7.5,6.8,9,8,Passed,,,
FA2019,FA2019-class 11,8,1905ADJGII,8.5,9,6.2,8.5,7.6,Passed,,,
FA2019,FA2019-class 11,9,1905ADJHAG,9,10,7.2,10,8.7,Passed,,,
FA2019,FA2019-class 11,10,1905ADJJAH,7.5,8,5.6,8.5,7.1,Passed,,,
FA2019,FA2019-class 11,11,1905ADJFED,8,9,4,8,6.5,Passed,,,
FA2019,FA2019-class 11,12,1905ADJHGA,9.5,9.5,8.2,9,8.8,Passed,,,
FA2019,FA2019-class 11,13,1905ADJGBI,7,8,7.2,7,7.2,Passed,,,
FA2019,FA2019-class 11,14,1905ADAACG,0,5,0,0,0.5,Not Passed,,,
FA2019,FA2019-class 11,15,1905ADJGAJ,8,9,6.2,8,7.4,Passed,,,
FA2019,FA2019-class 11,16,1905ADJJFC,9,10,7,10,8.6,Passed,,,
FA2019,FA2019-class 11,17,1905ADAJIE,8,9,7.8,8,8,Passed,,,
FA2019,FA2019-class 11,18,1905ADJFFG,8,9,5.4,8,7.1,Passed,,,
FA2019,FA2019-class 11,19,1905ADJADA,7,8.5,4.6,7,6.2,Passed,,,
FA2019,FA2019-class 11,20,1905ADJJEB,7,8.5,7,7,7.2,Passed,,,
FA2019,FA2019-class 11,21,1905ADJABJ,8,7.5,5.2,8.5,7,Passed,,,
FA2019,FA2019-class 11,22,1905ADJJGI,7.5,7,5.8,8.5,7.1,Passed,,,
FA2019,FA2019-class 11,23,1905ADJFIE,7,8,6.4,7,6.9,Passed,,,
FA2019,FA2019-class 11,24,1905ADJHDC,8,8.5,4.8,8.5,6.9,Passed,,,
FA2019,FA2019-class 12,1,1905ADJHJB,9.5,10,7.8,10,9,Passed,,,
FA2019,FA2019-class 12,2,1905ADJADD,8.5,10,0,10,5.7,Not Passed,,,
FA2019,FA2019-class 12,3,1905ADJGIG,9,10,7.6,10,8.8,Passed,,,
FA2019,FA2019-class 12,4,1905FBCIC,10,10,7.2,10,8.9,Passed,,,
FA2019,FA2019-class 12,5,1905ADJHJJ,9,10,7.2,10,8.7,Passed,,,
FA2019,FA2019-class 12,6,1905ADJHJF,8.5,10,5,10,7.7,Passed,,,
FA2019,FA2019-class 12,7,1905ADJFDA,8,10,5.2,10,7.7,Passed,,,
FA2019,FA2019-class 12,8,1905ADJEFA,5.5,10,5.8,10,7.4,Passed,,,
FA2019,FA2019-class 12,9,1905ADJIHJ,10,10,7.4,10,9,Passed,,,
FA2019,FA2019-class 12,10,1905ADAJDB,9.5,10,5.8,10,8.2,Passed,,,
FA2019,FA2019-class 12,11,1905ADJCHC,7.5,10,7.4,10,8.5,Passed,,,
FA2019,FA2019-class 12,12,1905FBEEJ,10,10,6.6,10,8.6,Passed,,,
FA2019,FA2019-class 12,13,1905ADJCHF,8,10,5.6,8,7.2,Passed,,,
FA2019,FA2019-class 12,14,1905ADJCHA,8,10,5.8,8,7.3,Passed,,,
FA2019,FA2019-class 12,15,1905ADAAJH,8.5,10,7.2,10,8.6,Passed,,,
FA2019,FA2019-class 12,16,1905ADJGJG,9.5,10,6,10,8.3,Passed,,,
FA2019,FA2019-class 12,17,1905ADJCFG,8.5,10,6.2,8,7.6,Passed,,,
FA2019,FA2019-class 12,18,1905ADJFCG,9,10,4.4,10,7.6,Passed,,,
FA2019,FA2019-class 12,19,1905ADJCGA,8.5,10,7,8,7.9,Passed,,,
FA2019,FA2019-class 12,20,1905ADJIJE,9.5,10,0,10,5.9,Not Passed,,,
FA2019,FA2019-class 12,21,1905ADJCGI,9,10,4.8,10,7.7,Passed,,,
FA2019,FA2019-class 12,22,1905ADJBDJ,7.5,10,7,10,8.3,Passed,,,
FA2019,FA2019-class 12,23,1905ADJBEG,9,10,6.4,10,8.4,Passed,,,
FA2019,FA2019-class 12,24,1905ADJIJB,10,10,7,10,8.8,Passed,,,
FA2019,FA2019-class 13,1,1905ADJJHF,8.5,10,7.4,10,8.7,Passed,,,
FA2019,FA2019-class 13,2,1905ADJHIJ,10,10,5.8,10,8.3,Passed,,,
FA2019,FA2019-class 13,3,1905ADJCCI,10,10,4.4,10,7.8,Passed,,,
FA2019,FA2019-class 13,4,1905ADJHJE,9,10,5.6,10,8,Passed,,,
FA2019,FA2019-class 13,5,1905ADJCBA,8,10,6,10,8,Passed,,,
FA2019,FA2019-class 13,6,1905ADJJBI,9.5,10,6.6,10,8.5,Passed,,,
FA2019,FA2019-class 13,7,1905ADAJDE,9.5,10,7,10,8.7,Passed,,,
FA2019,FA2019-class 13,8,1905ADAJIF,9.5,10,7.8,10,9,Passed,,,
FA2019,FA2019-class 13,9,1905ADAJCA,10,10,6.8,10,8.7,Passed,,,
FA2019,FA2019-class 13,10,1905ADJCFC,10,10,7,10,8.8,Passed,,,
FA2019,FA2019-class 13,11,1905ADAJFI,10,10,6.2,10,8.5,Passed,,,
FA2019,FA2019-class 13,12,1905ADJIGJ,10,10,8.2,10,9.3,Passed,,,
FA2019,FA2019-class 13,13,1905ADAJEJ,9,10,6.2,10,8.3,Passed,,,
FA2019,FA2019-class 13,14,1905ADJECA,10,10,5.2,10,8.1,Passed,,,
FA2019,FA2019-class 13,15,1905ADJHCD,10,10,5.2,10,8.1,Passed,,,
FA2019,FA2019-class 13,16,1905ADAJGB,10,10,7.6,10,9,Passed,,,
FA2019,FA2019-class 13,17,1905ADJHEB,10,10,5.4,10,8.2,Passed,,,
FA2019,FA2019-class 13,18,1905ADJBGF,9,10,7.6,10,8.8,Passed,,,
FA2019,FA2019-class 13,19,1905ADJAAF,10,10,8.4,10,9.4,Passed,,,
FA2019,FA2019-class 13,20,1905ADAJFD,10,10,5.4,10,8.2,Passed,,,
FA2019,FA2019-class 13,21,1905ADJIHH,10,10,6,10,8.4,Passed,,,
FA2019,FA2019-class 13,22,1905ADAABA,8,10,5,10,7.6,Passed,,,
FA2019,FA2019-class 14,1,1905ADJHIG,8,10,6.2,10,8.1,Passed,,,
FA2019,FA2019-class 14,2,1905ADAJEA,9.5,10,3.8,10,7.4,Not Passed,,,
FA2019,FA2019-class 14,3,1905ADJHIC,9.5,10,7,10,8.7,Passed,,,
FA2019,FA2019-class 14,4,1905ADJHII,9.5,10,6,10,8.3,Passed,,,
FA2019,FA2019-class 14,5,1905ADJBIC,9,10,7.4,10,8.8,Passed,,,
FA2019,FA2019-class 14,6,1905ADJGIA,9.5,10,5.4,10,8.1,Passed,,,
FA2019,FA2019-class 14,7,1905ADJFIB,8,10,7.2,10,8.5,Passed,,,
FA2019,FA2019-class 14,8,1905ADAAAJ,9.5,10,7.2,10,8.8,Passed,,,
FA2019,FA2019-class 14,9,1905ADJEGE,9.5,10,4,10,7.5,Passed,,,
FA2019,FA2019-class 14,10,1905ADAJJE,9.5,10,5.4,10,8.1,Passed,,,
FA2019,FA2019-class 14,11,1905ADJDDC,8.5,10,6.4,10,8.3,Passed,,,
FA2019,FA2019-class 14,12,1905ADJIIJ,8.5,10,5.2,10,7.8,Passed,,,
FA2019,FA2019-class 14,13,1905ADJFDH,9.5,10,4.8,10,7.8,Passed,,,
FA2019,FA2019-class 14,14,1905ADJCCG,9.5,10,6.2,10,8.4,Passed,,,
FA2019,FA2019-class 14,15,1905ADJGEF,6.5,10,5,10,7.3,Passed,,,
FA2019,FA2019-class 14,16,1905ADJHDI,9,10,5,10,7.8,Passed,,,
FA2019,FA2019-class 14,17,1905ADJFIF,10,10,7.2,10,8.9,Passed,,,
FA2019,FA2019-class 14,18,1905ADJHHE,10,10,6.6,10,8.6,Passed,,,
FA2019,FA2019-class 14,19,1905ADJIEI,9.5,10,7.6,10,8.9,Passed,,,
FA2019,FA2019-class 14,20,1905ADAADE,10,10,7,10,8.8,Passed,,,
FA2019,FA2019-class 14,21,1905ADJDHG,10,10,6.8,10,8.7,Passed,,,
FA2019,FA2019-class 14,22,1905ADJIID,9,10,7.2,10,8.7,Passed,,,
FA2019,FA2019-class 14,23,1905ADJAFI,9.5,10,4.8,10,7.8,Passed,,,
FA2019,FA2019-class 14,24,1905ADJIEA,10,10,5.8,10,8.3,Passed,,,
FA2019,FA2019-class 14,25,1905ADJIFC,8.5,10,5.8,10,8,Passed,,,
FA2019,FA2019-class 14,26,1905ADJBEI,9.5,10,6,10,8.3,Passed,,,
FA2019,FA2019-class 15,1,1905ADJGEC,7.5,9,6.6,6.5,7,Passed,,,
FA2019,FA2019-class 15,2,1905ADJGBJ,7.5,7,6.4,6.5,6.7,Passed,,,
FA2019,FA2019-class 15,3,1905ADJEHH,7.5,9,7.4,7.5,7.6,Passed,,,
FA2019,FA2019-class 15,4,1905FBHCB,7,8.5,7.8,7,7.5,Passed,,,
FA2019,FA2019-class 15,5,1905ADAADD,7,8.5,7.4,7,7.3,Passed,,,
FA2019,FA2019-class 15,6,1905ADAJHJ,8,9,7.6,7.5,7.8,Passed,,,
FA2019,FA2019-class 15,7,1905ADAABC,7,8.5,5.8,7,6.7,Passed,,,
FA2019,FA2019-class 15,8,1905ADJHJD,7.5,9,6,6.5,6.8,Passed,,,
FA2019,FA2019-class 15,9,1905ADJGIH,9,9,5.2,7,6.9,Passed,,,
FA2019,FA2019-class 15,10,1905ADAAIJ,7,7,7.6,7,7.2,Passed,,,
FA2019,FA2019-class 15,11,1905ADAJBF,8.5,9,6.2,8,7.5,Passed,,,
FA2019,FA2019-class 15,12,1905ADJCAB,7.5,9,7,7.5,7.5,Passed,,,
FA2019,FA2019-class 15,13,1905ADJIGG,8,9,7.8,7.5,7.9,Passed,,,
FA2019,FA2019-class 15,14,1905ADJEDJ,7.5,8,7.6,7,7.4,Passed,,,
FA2019,FA2019-class 15,15,1905ADJCDA,7.5,9,5,7,6.5,Passed,,,
FA2019,FA2019-class 15,16,1905ADAACC,8,9,8.2,7.5,8,Passed,,,
FA2019,FA2019-class 15,17,1905ADJAEH,7.5,9,6,6.5,6.8,Passed,,,
FA2019,FA2019-class 15,18,1905ADJEGC,7.5,9,7.4,6.5,7.3,Passed,,,
FA2019,FA2019-class 15,19,1905ADJAFG,7.5,9,7,6.5,7.2,Passed,,,
FA2019,FA2019-class 15,20,1905ADJAFJ,8.5,10,6.8,7.5,7.7,Passed,,,
FA2019,FA2019-class 15,21,1905ADJEFD,7,8.5,7,7,7.2,Passed,,,
FA2019,FA2019-class 15,22,1905ADJIJC,6.5,8.5,5.8,7,6.6,Passed,,,
FA2019,FA2019-class 15,23,1905ADJGGD,7,9,4.8,7,6.3,Passed,,,
FA2019,FA2019-class 15,24,1905ADJFBF,8,9,7.4,7.5,7.7,Passed,,,
FA2019,FA2019-class 15,25,1905ADJIIB,8,9,7.4,7.5,7.7,Passed,,,
FA2019,FA2019-class 15,26,1905ADAJII,7.5,9,7.8,7.5,7.8,Passed,,,
FA2019,FA2019-class 15,27,1905ADJFHJ,8.5,8.5,7.2,7,7.5,Passed,,,
FA2019,FA2019-class 16,1,1905ADJFCE,9.5,10,4.6,10,7.7,Passed,,,
FA2019,FA2019-class 16,2,1905FBEHE,10,10,7.2,10,8.9,Passed,,,
FA2019,FA2019-class 16,3,1905FBDFB,9.5,10,7.6,10,8.9,Passed,,,
FA2019,FA2019-class 16,4,1905FBCGH,9.5,10,5.8,10,8.2,Passed,,,
FA2019,FA2019-class 16,5,1905ADJIHE,9.5,10,6.8,10,8.6,Passed,,,
FA2019,FA2019-class 16,6,1905ADJCDF,8.5,10,4.4,10,7.5,Passed,,,
FA2019,FA2019-class 16,7,1905ADJEJJ,9.5,10,7.2,10,8.8,Passed,,,
FA2019,FA2019-class 16,8,1905ADJIEJ,9.5,10,5,10,7.9,Passed,,,
FA2019,FA2019-class 16,9,1905ADJBEC,8.5,10,7,10,8.5,Passed,,,
FA2019,FA2019-class 16,10,1905ADJCEA,8.5,10,6.6,10,8.3,Passed,,,
FA2019,FA2019-class 16,11,1905ADJCDJ,10,10,6.2,10,8.5,Passed,,,
FA2019,FA2019-class 16,12,1905ADJCGJ,10,10,6.6,10,8.6,Passed,,,
FA2019,FA2019-class 16,13,1905ADJCFD,8.5,10,6,10,8.1,Passed,,,
FA2019,FA2019-class 16,14,1905ADJDEH,10,10,6.6,10,8.6,Passed,,,
FA2019,FA2019-class 16,15,1905ADJGHF,10,10,5.2,10,8.1,Passed,,,
FA2019,FA2019-class 16,16,1905ADJCBJ,8,10,6.8,10,8.3,Passed,,,
FA2019,FA2019-class 16,17,1905FBDBF,9.5,10,5.6,10,8.1,Passed,,,
FA2019,FA2019-class 16,18,1905ADJDAG,10,10,6.6,10,8.6,Passed,,,
FA2019,FA2019-class 16,19,1905ADJAHE,9.5,10,6.4,10,8.5,Passed,,,
FA2019,FA2019-class 16,20,1905FBFBC,10,10,7.4,10,9,Passed,,,
FA2019,FA2019-class 16,21,1905ADAAJG,9,10,6.8,10,8.5,Passed,,,
FA2019,FA2019-class 16,22,1905ADJBIJ,10,10,7,10,8.8,Passed,,,
FA2019,FA2019-class 16,23,1905ADJBCD,9,10,5.2,10,7.9,Passed,,,
FA2019,FA2019-class 16,24,1905ADJHID,0,0,0,0,0,Not Passed,,,
FA2019,FA2019-class 17,1,1905ADJAIE,0,0,0,0,0,Not Passed,,,
FA2019,FA2019-class 17,2,1905ADAAJD,7,9,5.6,8,6.9,Passed,,,
FA2019,FA2019-class 17,3,1905ADJGEG,7,8,5.8,9,7.2,Passed,,,
FA2019,FA2019-class 17,4,1905ADJDBB,7.5,9,7,9,7.9,Passed,,,
FA2019,FA2019-class 17,5,1905ADJBHA,8.5,8.5,6.4,9,7.8,Passed,,,
FA2019,FA2019-class 17,6,1905ADJCJJ,9,8,5,10,7.6,Passed,,,
FA2019,FA2019-class 17,7,1905ADJEEC,8.5,9,4.8,9.5,7.4,Passed,,,
FA2019,FA2019-class 17,8,1905ADJDEI,7.5,9,7,9,7.9,Passed,,,
FA2019,FA2019-class 17,9,1905ADJDEF,8.5,8,6.6,9,7.8,Passed,,,
FA2019,FA2019-class 17,10,1905ADJIJH,9,9,5.4,10,7.9,Passed,,,
FA2019,FA2019-class 17,11,1905ADAAAD,7,9,6,8,7.1,Passed,,,
FA2019,FA2019-class 17,12,1905FBFHF,7,9,5.6,9,7.2,Passed,,,
FA2019,FA2019-class 17,13,1905ADJHJA,9,9.5,7.8,10,8.9,Passed,,,
FA2019,FA2019-class 17,14,1905ADJDHA,8.5,9,5.6,9,7.5,Passed,,,
FA2019,FA2019-class 17,15,1905ADJJBE,7,9,6.6,9,7.6,Passed,,,
FA2019,FA2019-class 17,16,1905ADJFAJ,7.5,9,6.8,9,7.8,Passed,,,
FA2019,FA2019-class 17,17,1905ADJAEE,6.5,8,4,7,5.8,Passed,,,
FA2019,FA2019-class 17,18,1905ADJHJG,7.5,8,4.2,9,6.7,Passed,,,
FA2019,FA2019-class 17,19,1905ADJIEE,8.5,8.5,4.4,9,7,Passed,,,
FA2019,FA2019-class 17,20,1905ADJADH,6.5,9,4.8,7,6.2,Passed,,,
FA2019,FA2019-class 17,21,1905ADJCIG,8.5,9,7.2,9.5,8.3,Passed,,,
FA2019,FA2019-class 17,22,1905ADJIHA,9,9,5,10,7.7,Passed,,,
FA2019,FA2019-class 17,23,1905ADAAAI,7,9,6.4,9,7.6,Passed,,,
FA2019,FA2019-class 17,24,1905ADJAJE,0,0,0,0,0,Not Passed,,,
FA2019,FA2019-class 18,1,1905ADJDCD,9.5,10,6.4,10,8.5,Passed,,,
FA2019,FA2019-class 18,2,1905FBFIJ,0,0,0,0,0,Not Passed,,,
FA2019,FA2019-class 18,3,1905ADJDIB,10,10,7,10,8.8,Passed,,,
FA2019,FA2019-class 18,4,1905FBIBH,10,10,7,10,8.8,Passed,,,
FA2019,FA2019-class 18,5,1905ADJFEE,8,10,6.4,10,8.2,Passed,,,
FA2019,FA2019-class 18,6,1905ADJBFC,9.5,10,7.2,10,8.8,Passed,,,
FA2019,FA2019-class 18,7,1905ADJAIG,8.5,10,7.4,10,8.7,Passed,,,
FA2019,FA2019-class 18,8,1905FBBGA,10,10,5,10,8,Passed,,,
FA2019,FA2019-class 18,9,1905ADJFBB,9.5,10,7.8,10,9,Passed,,,
FA2019,FA2019-class 18,10,1905ADJHGF,9.5,10,7.4,10,8.9,Passed,,,
FA2019,FA2019-class 18,11,1905ADJDBD,10,10,8.4,10,9.4,Passed,,,
FA2019,FA2019-class 18,12,1905ADJDFH,8.5,10,4.2,10,7.4,Passed,,,
FA2019,FA2019-class 18,13,1905ADJCFJ,8,10,6.6,10,8.2,Passed,,,
FA2019,FA2019-class 18,14,1905ADJAHC,8.5,10,7.4,10,8.7,Passed,,,
FA2019,FA2019-class 18,15,1905FCJEI,10,10,7.4,10,9,Passed,,,
FA2019,FA2019-class 18,16,1905ADJDHC,9.5,10,4.2,10,7.6,Passed,,,
FA2019,FA2019-class 18,17,1905ADJDHB,8,10,5.8,10,7.9,Passed,,,
FA2019,FA2019-class 18,18,1905FBHJG,10,10,8,10,9.2,Passed,,,
FA2019,FA2019-class 18,19,1905FBDDC,10,10,6.4,10,8.6,Passed,,,
FA2019,FA2019-class 18,20,1905ADJDDI,7.5,10,7.2,10,8.4,Passed,,,
FA2019,FA2019-class 18,21,1905ADJDBE,8,10,4.8,10,7.5,Passed,,,
FA2019,FA2019-class 18,22,1905ADJBFF,9.5,10,6.8,10,8.6,Passed,,,
FA2019,FA2019-class 18,23,1905ADJEFC,7.5,10,6,10,7.9,Passed,,,
FA2019,FA2019-class 18,24,1905FCCCC,9,10,7.6,10,8.8,Passed,,,
FA2019,FA2019-class 18,25,1905ADJDDD,0,0,0,0,0,Not Passed,,,
FA2019,FA2019-class 19,1,1905ADJDIH,7,7,8,7,7.4,Passed,,,
FA2019,FA2019-class 19,2,1905ADJGJJ,7.5,6,3.4,7.5,5.7,Not Passed,,,
FA2019,FA2019-class 19,3,1905ADAJBE,9,9,5.2,9.5,7.6,Passed,,,
FA2019,FA2019-class 19,4,1905ADJFFF,7,8,7.2,7,7.2,Passed,,,
FA2019,FA2019-class 19,5,1905FBHGJ,9,9,7.6,9,8.4,Passed,,,
FA2019,FA2019-class 19,6,1905ADJDCC,7,7.5,5.4,7,6.4,Passed,,,
FA2019,FA2019-class 19,7,1905ADJGJI,7.5,6,0,7.5,4.4,Not Passed,,,
FA2019,FA2019-class 19,8,1905ADJDGD,7,8,6.4,7,6.9,Passed,,,
FA2019,FA2019-class 19,9,1905ADJFEG,7,7.5,4.8,7.5,6.3,Passed,,,
FA2019,FA2019-class 19,10,1905ADJEDF,9,9,6.8,9,8.1,Passed,,,
FA2019,FA2019-class 19,11,1905ADJFEH,0,0,0,0,0,Not Passed,,,
FA2019,FA2019-class 19,12,1905ADJHBH,7.5,7,7.2,8.5,7.6,Passed,,,
FA2019,FA2019-class 19,13,1905ADJJHG,9.5,10,9.2,9.5,9.4,Passed,,,
FA2019,FA2019-class 19,14,1905ADJFBG,7,7,4.4,7,6,Passed,,,
FA2019,FA2019-class 19,15,1905ADJDAC,0,0,0,0,0,Not Passed,,,
FA2019,FA2019-class 19,16,1905ADJDBJ,7,7.5,6.6,7,6.9,Passed,,,
FA2019,FA2019-class 19,17,1905FBGAF,9,9,8.4,9,8.8,Passed,,,
FA2019,FA2019-class 19,18,1905ADJIHD,9,7,7.6,9,8.2,Passed,,,
FA2021,FA2021-class 1,1,1905AEABGH,7.5,9.2,7.2,7,7.4,Passed,7.9,,
FA2021,FA2021-class 1,2,1905AEADDD,8.5,9.8,8.6,7.5,8.4,Passed,8.6,,
FA2021,FA2021-class 1,3,1905AEACDJ,9,10,8.2,8.5,8.7,Passed,9.2,,
FA2021,FA2021-class 1,4,1905AEABHA,8.5,9.4,8.8,7.5,8.4,Passed,8.5,,
FA2021,FA2021-class 1,5,1905AEADEG,9.5,10,5.8,9.5,8.1,Passed,9.7,,
FA2021,FA2021-class 1,6,1905AEJICA,9.5,8.8,6,9.5,8,Passed,9.3,,
FA2021,FA2021-class 1,7,1905AEJIII,9.5,9.8,8.2,8.5,8.7,Passed,9.3,,
FA2021,FA2021-class 1,8,1905AEAJJH,9.5,9.6,8.4,8.5,8.7,Passed,9.2,,
FA2021,FA2021-class 1,9,1905AEAJDD,8.5,9.8,6.6,7.5,7.6,Passed,8.6,,
FA2021,FA2021-class 1,10,1905AEADGH,8.5,9.8,8,7.5,8.1,Passed,8.6,,
FA2021,FA2021-class 1,11,1905FCBJG,8,9.4,5.8,7,7,Passed,8.1,,
FA2021,FA2021-class 1,12,1905AEAJHB,9,10,8.6,8.5,8.8,Passed,9.2,,
FA2021,FA2021-class 1,13,1905AEAAJD,9.5,10,6.4,8.5,8,Passed,9.3,,
FA2021,FA2021-class 1,14,1905AEAAAJ,9.5,9.2,6.4,9.5,8.2,Passed,9.4,,
FA2021,FA2021-class 1,15,1905AEAACH,9,9.4,5.6,8.5,7.5,Passed,9,,
FA2021,FA2021-class 1,16,1905AEAACB,8.5,9.6,7.4,7.5,7.9,Passed,8.5,,
FA2021,FA2021-class 1,17,1905AEACIH,7.5,9.6,0,7,4.6,Attendance Fail,8,,
FA2021,FA2021-class 1,18,1905AEAAHI,7.5,9.2,6.2,7,7,Passed,7.9,,
FA2021,FA2021-class 2,1,1905AEJFAG,7,8.7,6.8,6.5,7.1,Passed,8.7,,
FA2021,FA2021-class 2,2,1905AEJFDJ,9,9.3,7.4,7.5,7.9,Passed,8.6,,
FA2021,FA2021-class 2,3,1905AEJFCE,7,7.5,7.4,6.5,6.8,Passed,4.5,,
FA2021,FA2021-class 2,4,1905AEJFEB,7.5,8.8,7.2,7,7.5,Passed,8.9,,
FA2021,FA2021-class 2,5,1905AEJGJG,9,8,7.4,7.5,7.8,Passed,9.3,,
FA2021,FA2021-class 2,6,1905AFJDHE,7.5,2.7,6,7,6.2,Passed,6.8,,
FA2021,FA2021-class 2,7,1905AFAGGI,8.5,9,9.4,9,9,Passed,8.3,,
FA2021,FA2021-class 2,8,1905AEJGFC,7.5,9.5,8.6,7,8.1,Passed,8.9,,
FA2021,FA2021-class 2,9,1905AEJEDJ,7.5,9,9.2,7,8.4,Passed,9.2,,
FA2021,FA2021-class 2,10,1905AEJFAJ,0,0,0,0,0,Attendance Fail,0,,
FA2021,FA2021-class 2,11,1905AEJHAJ,7,8.7,7.4,6.5,7.4,Passed,8.7,,
FA2021,FA2021-class 2,12,1905AEJEFE,8.5,7.3,7.6,9,8.2,Passed,9.1,,
FA2021,FA2021-class 2,13,1905AEJHHB,8,8.3,8,8,7.9,Passed,6.5,,
FA2021,FA2021-class 2,14,1905AEJIJF,7.5,7,5.4,7,6.4,Passed,6.4,,
FA2021,FA2021-class 2,15,1905AEACCE,8,8.8,7.4,8,7.9,Passed,9.1,,
FA2021,FA2021-class 2,16,1905AEJIGH,8,9.5,7.8,8,8,Passed,7.3,,
FA2021,FA2021-class 2,17,1905FCAII,7.5,8,8.4,7,7.5,Passed,5.3,,
FA2021,FA2021-class 2,18,1905AEACHH,9,9.7,7.6,7.5,7.7,Passed,5.8,,
FA2021,FA2021-class 3,1,1905ADJEAJ,8,9,7,8.5,7.9,Passed,8.5,,
FA2021,FA2021-class 3,2,1905AEJFHD,8,8,8.4,8.5,8.3,Passed,8.3,,
FA2021,FA2021-class 3,3,1905AEJGCB,8.5,8.5,9,8.5,8.7,Passed,8.5,,
FA2021,FA2021-class 3,4,1905AEJEBJ,8,8.5,8.4,8.5,8.4,Passed,8.3,,
FA2021,FA2021-class 3,5,1905ADJFHE,0,0,0,0,0,Not Passed,0,,
FA2021,FA2021-class 3,6,1905AEJGGC,8,8,7.4,8.5,7.9,Passed,8.3,,
FA2021,FA2021-class 3,7,1905AEJHJB,8,9,6,8,7.3,Passed,8,,
FA2021,FA2021-class 3,8,0305ADJFFI,8,8.5,7,8,7.7,Passed,8.5,,
FA2021,FA2021-class 3,9,1905AEJIAB,8,9,5.6,8,7.1,Passed,8,,
FA2021,FA2021-class 3,10,1905AEJIAA,8.5,8.5,7,8.5,7.9,Passed,8.5,,
FA2021,FA2021-class 3,11,1905AEJDEJ,8,8.5,4.2,8,6.6,Passed,8.5,,
FA2021,FA2021-class 3,12,1905AEJBJG,9,9,8,9,8.6,Passed,9,,
FA2021,FA2021-class 3,13,1905ADJDJI,8,9,6.8,8.6,7.9,Passed,8.5,,
FA2021,FA2021-class 3,14,1905ACJCFF,8,8,6.4,8,7.4,Passed,8,,
FA2021,FA2021-class 3,15,1905AEJDHH,8.5,8.5,4.4,8.5,6.9,Passed,8.5,,
FA2021,FA2021-class 3,16,1905ACJDFG,8,8,6.2,8,7.3,Passed,8,,
FA2021,FA2021-class 3,17,1905ADJHAJ,8,8,6.2,8.5,7.5,Passed,8.3,,
FA2021,FA2021-class 4,1,1905AEJEAE,9,9.5,8.6,9,8.9,Passed,9.5,,
FA2021,FA2021-class 4,2,1905ADJAGH,8,9,8.4,8.5,8.5,Passed,9,,
FA2021,FA2021-class 4,3,1905ADJJGG,8,9,6.6,8.5,7.8,Passed,9,,
FA2021,FA2021-class 4,4,1905ADJFBC,8,9,5,8.5,7.2,Passed,9,,
FA2021,FA2021-class 4,5,0405AEJDJF,8.5,9,8.8,8.5,8.7,Passed,9,,
FA2021,FA2021-class 4,6,1905AEJBFB,5,7,6.6,6,6.2,Passed,6,,
FA2021,FA2021-class 4,7,0405AEJBDC,9,9.5,8.2,9,8.8,Passed,9.5,,
FA2021,FA2021-class 4,8,1905AEJJGD,9,9.5,8.2,9,8.8,Passed,9.5,,
FA2021,FA2021-class 4,9,1905AEJBHF,8,9,6,8.5,7.6,Passed,9,,
FA2021,FA2021-class 4,10,1905AEJAEF,9,9.5,8.8,9,9,Passed,9,,
FA2021,FA2021-class 4,11,1905ACJEBE,0,0,0,0,0,Attendance Fail,0,,
FA2021,FA2021-class 4,12,1905AEJAAD,9,9.5,9,9,9.1,Passed,9,,
FA2021,FA2021-class 4,13,1905AEJABI,9,9.5,8.4,9,8.8,Passed,9,,
FA2021,FA2021-class 4,14,1905ACJCDI,8,9,5.6,8.5,7.4,Passed,9,,
FA2021,FA2021-class 4,15,1905AEJAEE,9,9.5,6.8,9,8.2,Passed,9,,
FA2021,FA2021-class 4,16,0405AEJCIF,8.5,9,8,8.5,8.4,Passed,9,,
FA2022,FA2022-class 1,1,1905AFAJHD,9,9.3,8,10,9,Passed,10,,
FA2022,FA2022-class 1,2,1905AFAFGI,8,8.8,8.8,10,9.2,Passed,10,,
FA2022,FA2022-class 1,3,1905AFJIDD,9,8.8,6.8,10,8.5,Passed,10,,
FA2022,FA2022-class 1,4,1905AFJEDC,9,8,6.6,10,8.3,Passed,10,,
FA2022,FA2022-class 1,5,1905AFABDA,8,8,7.6,10,8.6,Passed,10,,
FA2022,FA2022-class 1,6,1905AFAAGH,9,8.5,8,10,9,Passed,10,,
FA2022,FA2022-class 1,7,1919AEJFDJ,8,6.5,6,10,7.9,Passed,10,,
FA2022,FA2022-class 1,8,1905AFABEI,8,7.8,7.2,10,8.5,Passed,10,,
FA2022,FA2022-class 1,9,1905AFAIAG,8,8.5,8.2,10,8.9,Passed,10,,
FA2022,FA2022-class 1,10,1905AFAFAF,8,8.5,7.4,10,8.6,Passed,10,,
FA2022,FA2022-class 1,11,1905AFJCAH,9,8.8,8,10,9,Passed,10,,
FA2022,FA2022-class 1,12,1905AFAHEE,8,9.3,6.2,10,8.2,Passed,10,,
FA2022,FA2022-class 1,13,1905AFABDC,8,8.5,7,10,8.5,Passed,10,,
FA2022,FA2022-class 1,14,1905AFAJJF,9,8.8,7,10,8.6,Passed,10,,
FA2022,FA2022-class 1,15,1905AFAEGG,8,8.8,8.2,10,9,Passed,10,,
FA2022,FA2022-class 1,16,1905AFJIFB,9,9.3,9.4,10,9.6,Passed,10,,
FA2022,FA2022-class 1,17,1905AFBJGH,8,9,6.2,10,8.2,Passed,10,,
FA2022,FA2022-class 1,18,1905AFJHEE,9,9.3,8.6,10,9.3,Passed,10,,
FA2022,FA2022-class 1,19,1905AFJBEH,9,9.3,7.6,10,8.9,Passed,10,,
FA2022,FA2022-class 1,20,1905AFJBFF,9,9.8,7.6,10,8.9,Passed,10,,
FA2022,FA2022-class 2,1,1905AFJADC,9.7,10,8,9,8.7,Passed,8.5,,
FA2022,FA2022-class 2,2,1905AFJDEB,9.6,9,5.8,8.5,7.6,Passed,9,,
FA2022,FA2022-class 2,3,1905AFAFCG,9.6,10,7.6,9,8.6,Passed,9,,
FA2022,FA2022-class 2,4,1905AFAJGJ,9.7,8,8.2,9,8.6,Passed,8.5,,
FA2022,FA2022-class 2,5,1905AFJBEB,9.6,8,5.2,8,6.9,Passed,7,,
FA2022,FA2022-class 2,6,1905AFJDGG,9.7,9,4.2,9,7.1,Passed,8.5,,
FA2022,FA2022-class 2,7,1905AFABBA,9.6,9,5.6,8,7.2,Passed,7,,
FA2022,FA2022-class 2,8,1905AFABDD,9.6,8,7.6,8,8,Passed,8,,
FA2022,FA2022-class 2,9,1905AFJHFD,9.7,8,4.6,9,7.2,Passed,8.5,,
FA2022,FA2022-class 2,10,1905AFJIBI,9.7,10,6.6,9,8.1,Passed,7.5,,
FA2022,FA2022-class 2,11,1905AFJDGC,9.6,10,6.2,8.5,7.7,Passed,7,,
FA2022,FA2022-class 2,12,1905AFAJGH,9.7,9,7.4,9,8.5,Passed,10,,
FA2022,FA2022-class 2,13,1905AFJGIB,9.6,9,6.8,8.5,7.8,Passed,7,,
FA2022,FA2022-class 2,14,1905AFJGHA,9.6,10,6.6,8,7.7,Passed,7,,
FA2022,FA2022-class 2,15,1905AFAACI,9.7,10,6,9,8,Passed,9,,
FA2022,FA2022-class 2,16,1905AFADJF,9.6,7,5.4,8,6.8,Passed,5.5,,
FA2022,FA2022-class 2,17,1905AFAJHG,9.7,10,7.8,9,8.6,Passed,8,,
FA2022,FA2022-class 2,18,1905AFJHJJ,9.6,8,8.8,8,8.4,Passed,7.5,,
FA2022,FA2022-class 2,19,1905AFJAEJ,9.6,10,7,8.5,8.1,Passed,8,,
FA2022,FA2022-class 2,20,1905AFJDJG,9.6,8,4.2,8,6.6,Passed,7.5,,
FA2022,FA2022-class 2,21,1905AFJAGI,9.6,9,5.8,8.5,7.4,Passed,7,,
FA2022,FA2022-class 2,22,1905AFAJGD,9.7,10,7.2,9,8.3,Passed,7.5,,
FA2022,FA2022-class 2,23,1905AFABBE,9.6,10,7.4,8,8.2,Passed,8.5,,
FA2022,FA2022-class 2,24,1905AFAACJ,9.7,10,8,9,8.7,Passed,8.5,,
FA2022,FA2022-class 2,25,1905AFJCFD,9.6,8,4.8,8,6.8,Passed,7.5,,
FA2022,FA2022-class 3,1,1905AEABII,6.5,2.8,6.6,5,5.6,Passed,5.2,,
FA2022,FA2022-class 3,2,1905AFAJAE,7,8.2,4.8,6.5,6.1,Passed,7.2,,
FA2022,FA2022-class 3,3,1905ADJBBA,7,8.7,5.2,8.5,7,Passed,8.1,,
FA2022,FA2022-class 3,4,1905AEJEFF,6.5,5.7,6.4,5,5.9,Passed,5.7,,
FA2022,FA2022-class 3,5,1905AFJBBC,8.5,8.2,6.8,9,8,Passed,9.3,,
FA2022,FA2022-class 3,6,1905AEJGDB,6.5,0,0,5,2.2,Attendance Fail,0,,
FA2022,FA2022-class 3,7,0805AECGEB,7,8.2,6.6,8,7.4,Passed,8.7,,
FA2022,FA2022-class 3,8,1905AEJGFJ,6.5,8,4,5,5.3,Passed,7,,
FA2022,FA2022-class 3,9,1905AEJHAF,0,0,0,0,0,Attendance Fail,0,,
FA2022,FA2022-class 3,10,1905AFJBAH,7,8.2,7.4,7.5,7.6,Passed,8.6,,
FA2022,FA2022-class 3,11,1905AEJJDJ,7,9.2,7.8,7.5,7.9,Passed,8.9,,
FA2022,FA2022-class 3,12,1905AFADAC,8.5,9,8.2,9,8.7,Passed,9.4,,
FA2022,FA2022-class 3,13,0301AFJHII,8.5,8.7,5,9,7.4,Passed,9.4,,
FA2022,FA2022-class 3,14,1905AEJJED,8.5,9.5,6.4,8.5,7.8,Passed,8.8,,
FA2022,FA2022-class 3,15,1905AFJCGD,8.5,8.5,7.6,9,8.4,Passed,9.4,,
FA2022,FA2022-class 3,16,1905AFJIEJ,7,6.7,4.8,6.5,6,Passed,7.7,,
FA2022,FA2022-class 3,17,1905AFJIHC,7,5.7,6.2,6.5,6.4,Passed,7.4,,
FA2022,FA2022-class 3,18,1905AEJDFC,7,10,6.8,7.5,7.6,Passed,9.1,,
FA2022,FA2022-class 3,19,1905AEJECI,7,5.5,5.6,8,6.7,Passed,7.8,,
FA2022,FA2022-class 3,20,1905AEAAEB,7,8.2,6.4,8.5,7.5,Passed,8.4,,
FA2022,FA2022-class 4,1,1905AFAGHB,9,9.3,6.4,10,8.4,Passed,10,,
FA2022,FA2022-class 4,2,1905ACJFDE,8,9,7.2,10,8.6,Passed,10,,
FA2022,FA2022-class 4,3,1905AEJCAF,10,8.8,4.6,10,7.7,Passed,10,,
FA2022,FA2022-class 4,4,1905AFAGIF,9,8.8,5,10,7.8,Passed,10,,
FA2022,FA2022-class 4,5,1905AFJBEF,10,9.3,8.8,10,9.5,Passed,10,,
FA2022,FA2022-class 4,6,1905AFABHB,9,9.3,8.8,10,9.4,Passed,10,,
FA2022,FA2022-class 4,7,1905AFAFCA,8,8.8,4.4,10,7.4,Passed,10,,
FA2022,FA2022-class 4,8,1905AEJCFE,7,7,7.6,10,8.4,Passed,10,,
FA2022,FA2022-class 4,9,1905AFADII,8,9.3,7.4,10,8.7,Passed,10,,
FA2022,FA2022-class 4,10,1905AFAEBA,0,0,0,0,0,Attendance Fail,0,,
FA2022,FA2022-class 4,11,1905AEACGC,7,7.3,7,10,8.2,Passed,10,,
FA2022,FA2022-class 4,12,1905AFACGD,7,8,6,10,7.9,Passed,10,,
FA2022,FA2022-class 4,13,1905AFAGFJ,7,8,5.8,10,7.8,Passed,10,,
FA2022,FA2022-class 4,14,1905AFAGIJ,9,8.8,8.6,10,9.2,Passed,10,,
FA2022,FA2022-class 4,15,1905AFABJJ,10,9.3,9,10,9.5,Passed,10,,
FA2022,FA2022-class 4,16,1905AFAEEA,8,8.5,5.4,10,7.8,Passed,10,,
FA2022,FA2022-class 4,17,1905AFABHF,9,9.3,7.4,10,8.8,Passed,10,,
FA2022,FA2022-class 4,18,1905AFBJGC,10,8.3,4.2,10,7.5,Passed,10,,
FA2022,FA2022-class 4,19,1905AFADBE,8,8.8,4.6,10,7.5,Passed,10,,
FA2022,FA2022-class 4,20,1905AEJDCH,10,9.3,5.6,10,8.2,Passed,10,,
FA2022,FA2022-class 5,1,1905AFJIFA,9.8,9.3,7.4,9.5,8.4,Passed,6.5,,
FA2022,FA2022-class 5,2,1905AFJDAG,9.8,9.7,6,9,7.6,Passed,5,,
FA2022,FA2022-class 5,3,1905AFAIFE,9.8,9.4,9,9,8.9,Passed,7,,
FA2022,FA2022-class 5,4,1905AFADEF,9.7,9.7,5,9,7.2,Passed,6,,
FA2022,FA2022-class 5,5,1905AEJDGC,9.7,8,6.8,6,6.7,Passed,4,,
FA2022,FA2022-class 5,6,1905AEADFA,9.7,9.3,0,6,4,Not Passed,3,,
FA2022,FA2022-class 5,7,1905AFAHEH,9.7,9.7,8.8,9,8.8,Passed,6.8,,
FA2022,FA2022-class 5,8,1905AEJHEE,9.7,9,7,6,6.9,Passed,4.5,,
FA2022,FA2022-class 5,9,1905AFBJDE,9.8,9.4,8.4,9,8.6,Passed,6,,
FA2022,FA2022-class 5,10,1905AEACEJ,8.7,9.5,0,0,2.1,Attendance Fail,2.5,,
FA2022,FA2022-class 5,11,1905AFJIBJ,9.8,9.3,7.4,9.5,8.5,Passed,8,,
FA2022,FA2022-class 5,12,1905ADJDHH,8.7,9.5,5.4,8,6.8,Passed,4,,
FA2022,FA2022-class 5,13,1905FBIEI,9.8,9.4,5.8,9,7.2,Passed,3,,
FA2022,FA2022-class 5,14,1905AFAHCD,9.8,9.4,0,0,1.9,Attendance Fail,0,,
FA2022,FA2022-class 5,15,1905AFJFBB,9.8,9.6,6.6,9.5,8,Passed,5.3,,
FA2022,FA2022-class 5,16,1905AFBADB,9.8,8.4,6.2,9,7.4,Passed,4,,
FA2022,FA2022-class 5,17,1905AFJGED,9.7,9.7,7,9,8,Passed,5.5,,
FA2022,FA2022-class 5,18,1905AFBJHA,9.8,9.4,8.2,9,8.5,Passed,6,,
FA2022,FA2022-class 5,19,1905AFAFBB,9.8,9.3,7.6,9.5,8.5,Passed,6.8,,
FA2022,FA2022-class 5,20,1905AFAEHJ,9.8,9.6,9.4,9.5,9.5,Passed,9,,
FA2022,FA2022-class 5,21,1905AEAADF,8.7,7.8,9.2,8,8.6,Passed,8.8,,
FA2022,FA2022-class 5,22,1905AFACJC,9.7,9.7,7.8,9,8.4,Passed,6.5,,
FA2022,FA2022-class 6,1,1905AFJIFC,5,6.2,6.6,7,6.6,Passed,7,,
FA2022,FA2022-class 6,2,1905AFADGC,7.5,8.5,6.8,8.5,7.8,Passed,9,,
FA2022,FA2022-class 6,3,1905AFAJIC,7.5,8.5,8,9.5,8.6,Passed,9.3,,
FA2022,FA2022-class 6,4,1905AEJFIF,7.5,6.8,4.2,8,6.4,Passed,8.8,,
FA2022,FA2022-class 6,5,1905AFAABC,5,7.7,6,7,6.5,Passed,7,,
FA2022,FA2022-class 6,6,1905AFJGHB,7.5,8.5,6.4,9.5,7.9,Passed,9.3,,
FA2022,FA2022-class 6,7,1905AEJGJB,7.5,8.3,6.6,8,7.5,Passed,8.8,,
FA2022,FA2022-class 6,8,1905ADJFHE,8,5.5,7.2,8.5,7.7,Passed,9.2,,
FA2022,FA2022-class 6,9,1905AFABDG,5,6.5,7.4,7,6.9,Passed,7,,
FA2022,FA2022-class 6,10,1905AFAABJ,5,5.7,6.2,7,6.4,Passed,7,,
FA2022,FA2022-class 6,11,1905AFAEAE,7.5,7.5,5.4,8.5,7.1,Passed,9,,
FA2022,FA2022-class 6,12,1905AEADFB,6.5,7.3,4.6,7,6.1,Passed,7.8,,
FA2022,FA2022-class 6,13,1905AFJAEA,8,8.3,6,8.5,7.5,Passed,9.2,,
FA2022,FA2022-class 6,14,1905AEJHCA,7.5,8.3,7.4,8,7.8,Passed,8.8,,
FA2022,FA2022-class 6,15,1905AFJGEA,5,6.2,7,7,6.7,Passed,7,,
FA2022,FA2022-class 6,16,1905AFJJCH,8.5,9.2,6.6,8.5,7.9,Passed,9.3,,
FA2022,FA2022-class 6,17,1905AEADDA,6.5,7.7,5.6,7,6.5,Passed,7.8,,
FA2022,FA2022-class 6,18,1905AEJICG,5,7.3,4.2,8.5,6.2,Passed,7.8,,
FA2022,FA2022-class 6,19,1905AFBJIE,8.5,8.2,5,8.5,7.1,Passed,9.3,,
FA2022,FA2022-class 6,20,1905AFJBBB,8.5,8.3,6.4,8.5,7.7,Passed,9.3,,
FA2022,FA2022-class 6,21,1905AEADJI,8.5,7.8,5.6,8.5,7.3,Passed,9.3,,
FA2022,FA2022-class 6,22,1905AFAABG,6.5,7,5.8,7,6.6,Passed,7.8,,
FA2022,FA2022-class 6,23,1905AFAJEA,7.5,7,6.6,9.5,7.9,Passed,9.3,,
FA2022,FA2022-class 6,24,1905AFAIHE,7.5,8.7,7.8,8.5,8.2,Passed,9,,
FA2022,FA2022-class 6,25,1905AFAAFG,7.5,7,7.2,9.5,8.1,Passed,9.3,,
FA2022,FA2022-class 6,26,1905ADJGFG,0,0,0,0,0,Attendance Fail,0,,
FA2022,FA2022-class 6,27,1905AFJIJJ,7.5,5.7,8,8.5,8,Passed,9,,
FA2022,FA2022-class 6,28,1905AEABHE,6.5,7.8,5.8,7,6.6,Passed,7.8,,
FA2022,FA2022-class 6,29,1905AEAADD,7.5,0,0,8,4,Not Passed,8.8,,
FA2022,FA2022-class 6,30,1905AFJIEF,5,8.3,7,7,6.9,Passed,7,,
FA2022,FA2022-class 6,31,1905AFAIDC,5,5.5,4.8,7,5.8,Passed,7,,
FA2022,FA2022-class 6,32,1905AEAAHE,5,7.3,4.8,7,6,Passed,7,,
FA2022,FA2022-class 7,1,1905AFBACB,6.5,9.7,6,7,6.9,Passed,7.9,,
FA2022,FA2022-class 7,2,1905AFJCHC,0,0,0,0,0,Attendance Fail,0,,
FA2022,FA2022-class 7,3,1905AFADHA,7.5,8.8,6.4,7.5,7.2,Passed,8,,
FA2022,FA2022-class 7,4,1905AFBJIB,7,7.3,5.2,6.5,6.2,Passed,7,,
FA2022,FA2022-class 7,5,1905AFAFAH,0,0,0,0,0,Attendance Fail,0,,
FA2022,FA2022-class 7,6,1905AFBJAI,7,9.8,6.8,7,7.3,Passed,8,,
FA2022,FA2022-class 7,7,1905AFJBGG,7,10,8.2,7.5,8.1,Passed,8.6,,
FA2022,FA2022-class 7,8,1905AFBACJ,7,8.8,6.4,6.5,6.9,Passed,7.7,,
FA2022,FA2022-class 7,9,1905AFJDEC,0,0,0,0,0,Attendance Fail,0,,
FA2022,FA2022-class 7,10,1905AFAGJD,0,0,0,0,0,Attendance Fail,0,,
FA2022,FA2022-class 7,11,1905AEACFG,0,0,0,0,0,Attendance Fail,0,,
FA2022,FA2022-class 7,12,1905AFBJCD,7,10,6.2,7,7.1,Passed,8,,
FA2022,FA2022-class 7,13,1905AFAAAH,7,10,6.6,7.5,7.5,Passed,8.6,,
FA2022,FA2022-class 7,14,1905AFJDAI,7,9.7,7.4,7.5,7.7,Passed,8.6,,
FA2022,FA2022-class 7,15,1905AFBJGA,7,9.5,0,6.5,4.4,Not Passed,7.9,,
FA2022,FA2022-class 7,16,1905AFBACD,6.5,10,4.2,7,6.2,Passed,7.9,,
FA2022,FA2022-class 7,17,1905AFJJII,0,0,0,0,0,Attendance Fail,0,,
FA2022,FA2022-class 7,18,1905AFAIHD,6.5,8.3,6.6,7,7,Passed,7.7,,
FA2022,FA2022-class 7,19,1905AFADIJ,7.5,7.3,5.2,7.7,6.6,Passed,7.8,,
FA2022,FA2022-class 7,20,1905AEAAGE,7.5,7.8,5.4,7.5,6.7,Passed,7.8,,
FA2023,FA2023-class 1,1,0805AGBJHC,9,7.2,8,9,8.3,Passed,8,,
FA2023,FA2023-class 1,2,1905AGCEEF,0,7,0,0,1.4,Attendance Fail,7,,
FA2023,FA2023-class 1,3,1905AGBBAE,5,7,6.6,6,6.3,Passed,7,,
FA2023,FA2023-class 1,4,1905AGBIHE,9,8.7,6.2,9,7.8,Passed,8,,
FA2023,FA2023-class 1,5,1905AGBDHG,0,7,0,0,0.7,Attendance Fail,0,,
FA2023,FA2023-class 1,6,1905AGBFHD,0,9,0,0,1.7,Not Passed,7.5,,
FA2023,FA2023-class 1,7,1905AFAIGD,9,9.1,5.6,9,7.6,Passed,8,,
FA2023,FA2023-class 1,8,1905AGBJEI,0,8.8,0,0,1.6,Not Passed,7,,
FA2023,FA2023-class 1,9,1905AGJCIH,9,7,7,9,8,Passed,9,,
FA2023,FA2023-class 1,10,1905AGCDGA,0,7.8,0,0,0.8,Attendance Fail,0,,
FA2023,FA2023-class 1,11,1905AGJAJE,0,7,0,0,1.4,Attendance Fail,7,,
FA2023,FA2023-class 1,12,1905AGBEGB,0,7.2,0,0,1.6,Attendance Fail,8.5,,
FA2023,FA2023-class 1,13,1905AFAEBA,0,7,0,0,0.7,Attendance Fail,0,,
FA2023,FA2023-class 1,14,0805AFCCFD,10,9,9.2,10,9.5,Passed,9.5,,
FA2023,FA2023-class 1,15,1905AEJIDG,0,7,0,0,1.5,Attendance Fail,8,,
FA2023,FA2023-class 1,16,1905AGAAAG,8,7.8,6.8,8,7.4,Passed,7,,
FA2023,FA2023-class 1,17,1905AGBDEF,9,7,6.4,9,7.8,Passed,9,,
FA2023,FA2023-class 1,18,1905AGBAEA,0,7,0,0,1.5,Attendance Fail,7.5,,
FA2023,FA2023-class 1,19,1905AGBEEH,0,8.6,0,0,1.7,Attendance Fail,8.5,,
FA2023,FA2023-class 1,20,1905AGABHA,0,7.5,0,0,1.5,Not Passed,7.5,,
FA2023,FA2023-class 1,21,1905AFJDDA,0,7,0,0,0.7,Attendance Fail,0,,
FA2023,FA2023-class 1,22,1905AGCBJC,8,7,7.8,8,8,Passed,9.5,,
FA2023,FA2023-class 1,23,1905AGJBIE,9,7.5,8.6,9,8.5,Passed,7,,
FA2023,FA2023-class 1,24,1905AGAIIA,0,8.5,0,0,1.7,Attendance Fail,8.5,,
FA2023,FA2023-class 1,25,1905AGCBIB,9,7,8.2,9,8.5,Passed,9,,
FA2023,FA2023-class 1,26,1905AGACHI,0,9.6,0,0,1.8,Attendance Fail,8.5,,
FA2023,FA2023-class 1,27,1905AGJDAJ,9,7,9.6,9,9.1,Passed,9.5,,
FA2023,FA2023-class 1,28,1905AGCAEC,0,8.7,0,0,1.6,Not Passed,7.5,,
FA2023,FA2023-class 2,1,1905AHJBCJ,9.5,10,9.8,9.5,9.5,Passed,8.2,,
FA2023,FA2023-class 2,2,1905AHCEHF,8.5,7,9,7,7.9,Passed,6.9,,
FA2023,FA2023-class 2,3,1905AGBIJF,9.5,7,8,9,8.4,Passed,8,,
FA2023,FA2023-class 2,4,1905AGBACF,8.5,7.9,8.2,6,7.3,Passed,5.8,,
FA2023,FA2023-class 2,5,0405AHJBGB,5,7,8,5,6.5,Passed,6.4,,
FA2023,FA2023-class 2,6,1905AHCAGE,0,7,0,0,0.7,Attendance Fail,0,,
FA2023,FA2023-class 2,7,1905AGBAIG,9.5,7,8.8,9,8.6,Passed,7.8,,
FA2023,FA2023-class 2,8,1905AHBDJD,8,7,5.2,6,6,Passed,6.3,,
FA2023,FA2023-class 2,9,1905AGAEIJ,9.5,10,9.4,9,9.3,Passed,8.4,,
FA2023,FA2023-class 2,10,1905AGJBIG,9.5,10,9,9.5,9.3,Passed,8.7,,
FA2023,FA2023-class 2,11,1905AHBCHB,8,7,5,6,6,Passed,7,,
FA2023,FA2023-class 2,12,1905AHCBEG,9.5,10,9.4,9.5,9.3,Passed,7.8,,
FA2023,FA2023-class 2,13,1905AHCCDH,9.5,10,8,9.5,8.8,Passed,8.4,,
FA2023,FA2023-class 2,14,1905AHDCJG,8.5,7.4,0,8,4.7,Not Passed,6.8,,
FA2023,FA2023-class 2,15,1905AHAEBE,9.5,7,8.8,9,8.8,Passed,9,,
FA2023,FA2023-class 2,16,1905AHJDFE,9.5,9,6.6,9.5,8.2,Passed,8.3,,
FA2023,FA2023-class 2,17,1905AHAEDD,9.5,10,9.2,9,9.2,Passed,9.2,,
FA2023,FA2023-class 2,18,1905AHBDJJ,8,7,6.8,6,6.7,Passed,6.7,,
FA2023,FA2023-class 2,19,1905AGAGEA,8.5,7,5.2,7,6.4,Passed,7,,
FA2023,FA2023-class 2,20,1905AHBCFF,9.5,7,9,9,8.8,Passed,8.9,,
FA2023,FA2023-class 2,21,1905AGAEAC,9.5,10,9,9,9,Passed,7.9,,
FA2023,FA2023-class 2,22,1905AHJDCB,9.5,10,8.2,9.5,9,Passed,9,,
FA2023,FA2023-class 2,23,1905AHBIEB,9.5,7,4.8,9,7.1,Passed,8.3,,
FA2023,FA2023-class 2,24,1905AHCBCJ,9.5,9,6.8,9.5,8.1,Passed,7.2,,
FA2023,FA2023-class 2,25,1905AHDBEC,0,7,0,0,1,Attendance Fail,2.5,,
FA2023,FA2023-class 2,26,1905AHCJHB,9.5,8.6,8.2,9,8.7,Passed,9.3,,
FA2023,FA2023-class 2,27,1905AGJBIB,9.5,10,9.4,9.5,9.5,Passed,9,,
FA2023,FA2023-class 2,28,1905AGAFJD,9.5,9.9,9.2,9,9.2,Passed,8.5,,
FA2023,FA2023-class 2,29,1905AGAHCA,8.5,8.1,7.4,6,7,Passed,6.3,,
FA2023,FA2023-class 2,30,1905AFACGC,8.5,7.5,6.4,7,6.9,Passed,6.2,,
FA2023,FA2023-class 2,31,1905AGBBAC,9.5,9.9,10,9,9.6,Passed,9.3,,
FA2023,FA2023-class 2,32,1905AGAEEJ,9.5,10,9.8,9,9.4,Passed,8.2,,
FA2023,FA2023-class 2,33,1905AGCBED,9.5,10,8.6,9.5,9.2,Passed,9.7,,
FA2023,FA2023-class 2,34,1905AGAFCJ,8.5,8.2,6.2,6,6.5,Passed,5,,
FA2023,FA2023-class 2,35,1905AHCCCH,9.5,10,9.8,9.5,9.5,Passed,7.9,,
FA2023,FA2023-class 3,1,1905AHCEJH,8.8,10,9.4,9.7,9.5,Passed,9.6,,
FA2023,FA2023-class 3,2,1905AGJDGJ,8.1,10,9,8.9,9,Passed,9.3,,
FA2023,FA2023-class 3,3,1905AHBIGB,8.2,10,7.8,6.8,7.7,Passed,7.5,,
FA2023,FA2023-class 3,4,1905AHBCIH,8.3,10,7.4,9.4,8.3,Passed,6.5,,
FA2023,FA2023-class 3,5,1905AHCDIF,8.7,10,9.4,9.7,9.5,Passed,9.6,,
FA2023,FA2023-class 3,6,1905AGAHBG,8.2,9.7,8.8,6.8,8.1,Passed,7.5,,
FA2023,FA2023-class 3,7,1905AHEJCF,8.1,7.6,6.8,7.6,7.3,Passed,7.4,,
FA2023,FA2023-class 3,8,1905AHDBBI,8.4,10,7.4,8.3,8,Passed,7.3,,
FA2023,FA2023-class 3,9,1905AHBAGB,8.1,8.5,8.8,8.1,8.4,Passed,8,,
FA2023,FA2023-class 3,10,1905AHEJFE,8.4,8.4,7.4,7.6,7.7,Passed,7.4,,
FA2023,FA2023-class 3,11,1905AHCJIG,8.5,10,7.4,9.4,8.3,Passed,6.5,,
FA2023,FA2023-class 3,12,1905AGBDGB,8.2,10,7.6,8.3,8.1,Passed,7.3,,
FA2023,FA2023-class 3,13,1905AGCEJA,8.6,10,7.2,9.7,8.6,Passed,9.6,,
FA2023,FA2023-class 3,14,1905AGCJFJ,8.4,10,8.6,9.4,8.8,Passed,6.5,,
FA2023,FA2023-class 3,15,1905AHEJGA,8.3,10,6.4,7.6,7.4,Passed,7.4,,
FA2023,FA2023-class 3,16,1905AHCCED,7.6,7.4,5.6,8.9,7.3,Passed,9.3,,
FA2023,FA2023-class 3,17,1905AGBIJE,8.1,10,9.4,6.8,8.4,Passed,7.5,,
FA2023,FA2023-class 3,18,1905AHCBDE,8.4,10,9,9.4,8.9,Passed,6.5,,
FA2023,FA2023-class 3,19,1905AGBDAD,8.2,9.6,6,8.1,7.4,Passed,8,,
FA2023,FA2023-class 3,20,1905AHCGCA,8.8,10,9.4,9.7,9.5,Passed,9.6,,
FA2023,FA2023-class 3,21,1905AHBDEE,7.6,6.7,8.6,8.9,8.5,Passed,9.3,,
FA2023,FA2023-class 3,22,1905AHBHIA,8.3,9.2,9,7.6,8.4,Passed,7.4,,
FA2023,FA2023-class 3,23,1905AGJDEH,8.1,10,6.8,6.8,7.3,Passed,7.5,,
FA2023,FA2023-class 3,24,1905AGCCAC,8.2,10,8.8,9.4,8.8,Passed,6.5,,
FA2023,FA2023-class 3,25,1905AGBCID,8.2,10,7.2,8.3,7.9,Passed,7.3,,
FA2023,FA2023-class 3,26,1905AGBDAA,8.2,10,9.2,8.1,8.7,Passed,8,,
FA2023,FA2023-class 3,27,1905AHBCBH,8.3,9.3,9.4,8.3,8.7,Passed,7.3,,
FA2023,FA2023-class 3,28,1905AHCDIA,8.7,9.7,9.2,9.7,9.4,Passed,9.6,,
FA2023,FA2023-class 3,29,1905AHBDGF,7.9,6.8,7.2,8.9,7.9,Passed,9.3,,
FA2023,FA2023-class 3,30,1905AGJCEA,7.7,9.6,9.2,8.9,9,Passed,9.3,,
FA2023,FA2023-class 3,31,1905AHDACJ,8.5,10,8.4,8.3,8.4,Passed,7.3,,
FA2023,FA2023-class 3,32,1905AGBDII,8.1,8.7,8.4,8.1,8.3,Passed,8,,
FA2023,FA2023-class 3,33,1905AGCEGC,8.3,9.6,9.4,6.8,8.3,Passed,7.5,,
FA2023,FA2023-class 3,34,1905AGBCII,8.3,10,8.8,8.1,8.6,Passed,8,,
FA2023,FA2023-class 3,35,1905AHEJBE,8.2,10,6,7.6,7.2,Passed,7.4,,
FA2023,FA2023-class 4,1,1905AHBDDI,9,8.4,9,8,8.3,Passed,5.7,,
FA2023,FA2023-class 4,2,0805AHJIJE,9.5,8.5,7.6,8.5,8.2,Passed,8.2,,
FA2023,FA2023-class 4,3,1905AGADHC,9,7.4,5.8,8.5,7.3,Passed,8,,
FA2023,FA2023-class 4,4,1905AHBEHI,9,7.3,5.4,8,6.9,Passed,6.7,,
FA2023,FA2023-class 4,5,1905AHBEFJ,9,7.2,5.4,8,6.9,Passed,7.3,,
FA2023,FA2023-class 4,6,1905AHBDBG,9,8.2,8.4,8,8,Passed,5.7,,
FA2023,FA2023-class 4,7,1905AHJCGG,9.5,8.6,8.6,8.5,8.5,Passed,7.4,,
FA2023,FA2023-class 4,8,1905AEACFI,9,7,5.2,9,7.1,Passed,6.8,,
FA2023,FA2023-class 4,9,1905AGJJIE,9,9.1,10,8.5,9,Passed,6.8,,
FA2023,FA2023-class 4,10,1905AGJDGC,8.5,9.4,8,7,7.6,Passed,5.2,,
FA2023,FA2023-class 4,11,1905AGAFIE,8.5,9.2,9,7,8.1,Passed,6.8,,
FA2023,FA2023-class 4,12,1905AHBCJA,8.5,9.1,5,8,6.8,Passed,6.8,,
FA2023,FA2023-class 4,13,1905AHDFBF,9,7.9,6.2,8.5,7.5,Passed,7.5,,
FA2023,FA2023-class 4,14,1905AGJDDI,8.5,8.8,7.6,7,7.4,Passed,5.7,,
FA2023,FA2023-class 4,15,1905AGBAIF,9,8.2,9,9,8.8,Passed,8.2,,
FA2023,FA2023-class 4,16,1905AGJDHB,8.5,8.7,6.4,7,7,Passed,6.4,,
FA2023,FA2023-class 4,17,1905AGJBAF,9,10,8.4,8.5,8.5,Passed,7,,
FA2023,FA2023-class 4,18,1905AHBBHH,9,8.3,8.2,9,8.5,Passed,8.3,,
FA2023,FA2023-class 4,19,1905AHAEJI,9.5,10,7,8.5,8.2,Passed,8.5,,
FA2023,FA2023-class 4,20,1905AHBEEC,9,9.9,9.2,8,8.7,Passed,6.9,,
FA2023,FA2023-class 4,21,1905AHCEJB,0,0,0,0,0,Attendance Fail,0,,
FA2023,FA2023-class 4,22,1905AGCEAJ,9,8.8,5,8.5,7.1,Passed,7.3,,
FA2023,FA2023-class 4,23,1905AHJJBE,0,7,0,0,1,Attendance Fail,3,,
FA2023,FA2023-class 4,24,1905AGCBBJ,8.5,10,6.6,8,7.5,Passed,6,,
FA2023,FA2023-class 4,25,1905AGBECA,9,8.5,10,8.5,8.9,Passed,6.2,,
FA2023,FA2023-class 4,26,1905AHCAFA,9,9.2,9.4,8.5,8.9,Passed,7.3,,
FA2023,FA2023-class 4,27,1905AHBFJG,9,8.3,7.6,8,7.9,Passed,7.3,,
FA2023,FA2023-class 4,28,1905AGBCHA,9.5,7.7,6.8,8.5,7.8,Passed,8,,
FA2023,FA2023-class 4,29,1905AGBJCI,9,7.8,6.4,9,7.8,Passed,8.5,,
FA2023,FA2023-class 4,30,1905AHBCCC,8.5,8.1,5.2,8,6.8,Passed,6.8,,
FA2023,FA2023-class 4,31,1905AHCEAH,8.5,10,9,8,8.5,Passed,6.3,,
FA2023,FA2023-class 4,32,1905AGJDED,8.5,9.4,6.4,8,7.3,Passed,5.3,,
FA2023,FA2023-class 4,33,1905AGJEHI,8.5,9,8,8,8,Passed,6,,
FA2023,FA2023-class 4,34,1905AGADIE,9,9.1,5.2,8.5,7.1,Passed,6.5,,
FA2023,FA2023-class 4,35,1905AGBFEI,8.5,9.8,7,8,7.6,Passed,5.8,,
FA2023,FA2023-class 5,1,1905AHCHEE,7.5,7,8.2,8.5,7.9,Passed,6,,
FA2023,FA2023-class 5,2,1905AFAHBG,8,8.7,5.8,9,7.5,Passed,8.5,,
FA2023,FA2023-class 5,3,1905AHBCAA,6.5,8.8,6.4,6.5,6.9,Passed,8.5,,
FA2023,FA2023-class 5,4,1905AHBBGC,6,7.7,7,6.5,7.1,Passed,9.5,,
FA2023,FA2023-class 5,5,1905AGJEFG,8,8.2,9.4,9,9.1,Passed,10,,
FA2023,FA2023-class 5,6,1905AGAHBH,7.5,8.5,7.8,9,8.2,Passed,8,,
FA2023,FA2023-class 5,7,1905AGBJHJ,7.5,9.5,9.2,8.5,8.8,Passed,8.5,,
FA2023,FA2023-class 5,8,1905AHAGEI,7.5,7,6.6,8.5,7.5,Passed,8.5,,
FA2023,FA2023-class 5,9,1905AHCJBE,8,6.7,8.8,9,8.6,Passed,9,,
FA2023,FA2023-class 5,10,1905AGJEAF,7.5,8.7,9.2,7.5,8.6,Passed,10,,
FA2023,FA2023-class 5,11,1905AHDBDG,7.5,7.5,8,7.5,7.7,Passed,7.5,,
FA2023,FA2023-class 5,12,1905AGBHCJ,7.5,6.8,5.6,9,7.3,Passed,9.5,,
FA2023,FA2023-class 5,13,1905AGBCDE,7.5,6.2,8.4,9,8.1,Passed,7,,
FA2023,FA2023-class 5,14,1905AHJJIF,7.5,8.2,7,9,8,Passed,9,,
FA2023,FA2023-class 5,15,1905AGJCJB,7.5,8.3,10,7.5,8.7,Passed,9,,
FA2023,FA2023-class 5,16,1919AEJCCA,7.5,6.3,7.8,9,8.1,Passed,9,,
FA2023,FA2023-class 5,17,1905AGBCEI,7.5,9.2,8.8,9,8.8,Passed,9,,
FA2023,FA2023-class 5,18,1905AGJEAD,8,9.7,9.2,9,9.1,Passed,9,,
FA2023,FA2023-class 5,19,1905AHBBEI,8.5,8.2,7,8,7.8,Passed,9,,
FA2023,FA2023-class 5,20,1905AGJEFH,8,8.3,0,9,5.2,Not Passed,9,,
FA2023,FA2023-class 5,21,1905AHBCAE,6.5,9.2,7.2,6.5,7.1,Passed,7,,
FA2023,FA2023-class 5,22,1905AGCEDF,8,7.8,9,9,8.8,Passed,9,,
FA2023,FA2023-class 5,23,1905AHDBGE,7.5,6.8,8,7.5,7.7,Passed,8.5,,
FA2023,FA2023-class 5,24,1905AHDCHC,8.5,7.7,8.6,8,8.3,Passed,8.5,,
FA2023,FA2023-class 5,25,1905AHBBID,6.5,7.8,6.6,6.5,6.9,Passed,9,,
FA2023,FA2023-class 5,26,1905AGBDBF,8.5,8.5,8.6,8,8.4,Passed,9,,
FA2023,FA2023-class 5,27,1905AHBEHG,7.5,5.8,5.8,8.5,7.1,Passed,9,,
FA2023,FA2023-class 5,28,1905AGJEEB,8,9.3,9.2,9,9,Passed,9,,
FA2023,FA2023-class 5,29,1905AGJEGC,7.5,8.8,9,7.5,8.4,Passed,9,,
FA2023,FA2023-class 5,30,1905AHBDIG,8.5,7.5,7.4,8,7.8,Passed,8,,
FA2023,FA2023-class 5,31,1905AGBGDF,8,9.5,6.6,9,8,Passed,9,,
FA2023,FA2023-class 5,32,1905AHDBFG,7.5,5.2,6,7.5,6.8,Passed,9,,
FA2023,FA2023-class 5,33,1905AGBCEJ,7.5,7.8,9.4,9,8.8,Passed,8.5,,
FA2023,FA2023-class 5,34,1905AGBCIB,7.5,6.8,9.6,9,8.9,Passed,9,,
FA2023,FA2023-class 6,1,1905AHDEBE,9,7,8.2,9,8.4,Passed,8.3,,
FA2023,FA2023-class 6,2,1905AHAEDG,9,10,6.4,8.8,7.9,Passed,8.2,,
FA2023,FA2023-class 6,3,1905AGAEFF,9,7.5,7.6,9,8.1,Passed,7.5,,
FA2023,FA2023-class 6,4,1905AHBAGD,9,10,8.2,8.5,8.4,Passed,6.5,,
FA2023,FA2023-class 6,5,1905AGCJJG,8.5,10,9,8,8.7,Passed,8.3,,
FA2023,FA2023-class 6,6,1905AGCCDD,9,8.8,8.2,8.5,8.2,Passed,5.9,,
FA2023,FA2023-class 6,7,1905AGJJAC,9,9.1,5.2,9,7.3,Passed,6.8,,
FA2023,FA2023-class 6,8,1905AGCJCC,8.5,9.5,8.4,8,8.3,Passed,7.4,,
FA2023,FA2023-class 6,9,1905AHJECF,8.5,10,8,8.5,8.3,Passed,7,,
FA2023,FA2023-class 6,10,1905AHCCJI,9,10,8.6,8.5,8.5,Passed,6.5,,
FA2023,FA2023-class 6,11,1905AFJFCG,9,10,5.2,9,7.4,Passed,7,,
FA2023,FA2023-class 6,12,1905AGCDAI,9,10,7.6,9,8.4,Passed,7.3,,
FA2023,FA2023-class 6,13,1905AHJEHF,8.5,10,8.6,8.5,8.6,Passed,7.9,,
FA2023,FA2023-class 6,14,1905AHCHHJ,9,7,7.6,9,8.2,Passed,8.3,,
FA2023,FA2023-class 6,15,1905AHJECB,8.5,10,7,8.5,7.9,Passed,7.2,,
FA2023,FA2023-class 6,16,1905AGJECJ,9,10,8,8.5,8.2,Passed,5.5,,
FA2023,FA2023-class 6,17,1905AGBCHH,9,10,4,9,7,Passed,7.7,,
FA2023,FA2023-class 6,18,1905AGAEAB,9,8,6.6,9,7.8,Passed,7.8,,
FA2023,FA2023-class 6,19,1905AGADFH,9,9.8,8,9,8.5,Passed,7,,
FA2023,FA2023-class 6,20,1905AGCCFE,9,10,7.2,8.5,7.9,Passed,5.5,,
FA2023,FA2023-class 6,21,1905AGBDAB,9,8.9,8.8,8.5,8.4,Passed,5.7,,
FA2023,FA2023-class 6,22,1905AHDFCJ,9,7,6.6,9,7.8,Passed,8.4,,
FA2023,FA2023-class 6,23,1905AHCDHC,9,10,9.8,8.8,9.3,Passed,8.2,,
FA2023,FA2023-class 6,24,1905AHDGJG,8.5,9.5,6.2,8.5,7.7,Passed,8.7,,
FA2023,FA2023-class 6,25,1905AGJDGA,9,10,7.8,8.5,8.2,Passed,6,,
FA2023,FA2023-class 6,26,1905AHJDBF,9,9.3,7,8.8,8.1,Passed,8.3,,
FA2023,FA2023-class 6,27,1905AHDBBJ,9,7,8.2,9,8.4,Passed,8.2,,
FA2023,FA2023-class 6,28,1905AGAGGA,8.5,10,5.6,8.5,7.4,Passed,7.5,,
FA2023,FA2023-class 6,29,1905AHDGBG,8.5,9.2,8,8.5,8.4,Passed,8.5,,
FA2023,FA2023-class 6,30,1905AGCEFF,9,8.2,8.4,8.8,8.6,Passed,8.4,,
FA2023,FA2023-class 6,31,1905AGBCAG,9,10,6.4,9,7.9,Passed,7.7,,
FA2023,FA2023-class 6,32,1905AGJCGJ,8.5,9.8,8.4,8,8.4,Passed,7.7,,
FA2023,FA2023-class 6,33,1905AHDGAD,8.5,10,8.4,8.5,8.6,Passed,8.5,,
FA2023,FA2023-class 6,34,1905AHCCBB,9,9.7,8.8,8.5,8.6,Passed,6.3,,
FA2023,FA2023-class 6,35,1905AHDGCF,8.5,9.3,7.8,8.5,8.3,Passed,8.9,,
FA2023,FA2023-class 7,1,1905AGCBIG,8.5,8,7.8,8.5,8.1,Passed,7.8,,
FA2023,FA2023-class 7,2,1905AGCCGF,6.5,7.5,7.6,6,6.9,Passed,6.3,,
FA2023,FA2023-class 7,3,1905AGAGGB,8.5,9,7.6,8.5,8.1,Passed,8,,
FA2023,FA2023-class 7,4,1905AHJAAG,0,0,0,0,0,Attendance Fail,0,,
FA2023,FA2023-class 7,5,1905AGBGGC,0,0,0,0,0,Attendance Fail,0,,
FA2023,FA2023-class 7,6,1905AHCCAA,8.5,9,9.6,8.5,8.9,Passed,8,,
FA2023,FA2023-class 7,7,1905AHAGDG,8.2,9,9,8.2,8.6,Passed,8.2,,
FA2023,FA2023-class 7,8,1905AGJJCJ,8,7,8,8,7.9,Passed,7.8,,
FA2023,FA2023-class 7,9,1905AHCBFC,8.2,9,8.2,8.3,8.3,Passed,8,,
FA2023,FA2023-class 7,10,1905AGCCGD,8,7,6.2,8,7.2,Passed,8,,
FA2023,FA2023-class 7,11,1905AGBEGC,9,9,9.6,9,9.2,Passed,8.3,,
FA2023,FA2023-class 7,12,1905AGJAGJ,8,7,7.8,8,7.8,Passed,7.8,,
FA2023,FA2023-class 7,13,1905AGBIHF,7,9,9.4,7,8.2,Passed,7.3,,
FA2023,FA2023-class 7,14,1905AHDIJJ,8.5,9,7.2,8.5,8,Passed,8.3,,
FA2023,FA2023-class 7,15,1905AHJGDJ,8,7,9,8,8.3,Passed,8,,
FA2023,FA2023-class 7,16,1905AGJFJG,8.5,9,7,8.5,7.9,Passed,8.3,,
FA2023,FA2023-class 7,17,1905AGBAEE,8.1,9,8.4,8,8.3,Passed,8,,
FA2023,FA2023-class 7,18,1905AGBEAF,9,9,9.2,9,9,Passed,8.3,,
FA2023,FA2023-class 7,19,1905AHBDGJ,8,7,7.4,8,7.7,Passed,8,,
FA2023,FA2023-class 7,20,1905AGAHFB,7.5,8,8.6,7.8,8.1,Passed,7.3,,
FA2023,FA2023-class 7,21,1905AHDGEF,3,7,7.4,3,5.4,Passed,5,,
FA2023,FA2023-class 7,22,1905AGCEFE,8.5,7,8.2,8.5,8.2,Passed,8,,
FA2023,FA2023-class 7,23,1905AHBICA,7.9,9,8.4,7.9,8.2,Passed,8,,
FA2023,FA2023-class 7,24,1905AHJFFJ,6,7,9,6,7.3,Passed,5.5,,
FA2023,FA2023-class 7,25,1905AGJCBA,8,8,8,7.5,7.8,Passed,7.8,,
FA2023,FA2023-class 7,26,1905AHCJBA,7,9,9,7.5,8.2,Passed,7,,
FA2023,FA2023-class 7,27,1905AHAHFH,8,9,5.6,8,7.1,Passed,8,,
FA2023,FA2023-class 7,28,1905AHAEBF,7,8,9.2,7,8,Passed,7.3,,
FA2023,FA2023-class 7,29,1905AHCBAC,8.5,9,7.6,8.5,8.2,Passed,8.3,,
FA2023,FA2023-class 7,30,1905AGJECC,8,9,6.8,8,7.6,Passed,7.9,,
FA2023,FA2023-class 7,31,1905AHCABB,8.5,7,8.6,8.5,8.4,Passed,8.3,,
FA2023,FA2023-class 7,32,1905AGJAFD,8,6.5,7.8,8,7.7,Passed,7.5,,
FA2023,FA2023-class 7,33,1905AGJCGI,7,7,9,7.8,8.1,Passed,7.3,,
FA2023,FA2023-class 7,34,1905AHCCBH,0,0,0,0,0,Attendance Fail,0,,
FA2023,FA2023-class 7,35,1905AFAGDD,7.5,7,5,7.5,6.4,Passed,7,,
FA2023,FA2023-class 8,1,1905AFJBHA,8,7,7,6,6.6,Passed,5,,
FA2023,FA2023-class 8,2,1905AGAGCJ,8,7,8.6,6,7.6,Passed,8.5,,
FA2023,FA2023-class 8,3,1905AFACGA,9,9,7.4,8.5,8.2,Passed,8.5,,
FA2023,FA2023-class 8,4,1905AGJJAA,9,7.7,6.4,8.5,7.7,Passed,9,,
FA2023,FA2023-class 8,5,1905AEJGIB,0,7,0,0,0.7,Attendance Fail,0,,
FA2023,FA2023-class 8,6,1905AEJHAD,9,9.5,7.6,8.5,8.3,Passed,8.5,,
FA2023,FA2023-class 8,7,0405AEJCCE,8.5,7,8.2,8.5,8.2,Passed,8.5,,
FA2023,FA2023-class 8,8,1905AGBJHF,0,7,0,0,0.7,Attendance Fail,0,,
FA2023,FA2023-class 8,9,1905AFAEIE,0,7,0,0,1.3,Not Passed,5.5,,
FA2023,FA2023-class 8,10,1905AGAGEA,0,7,0,0,0.7,Attendance Fail,0,,
FA2023,FA2023-class 8,11,1905AGBBJC,8,7.4,9,6,7.4,Passed,5,,
FA2023,FA2023-class 8,12,1905AGAIAA,0,7,0,0,0.7,Attendance Fail,0,,
FA2023,FA2023-class 8,13,1905AGBDBH,0,7,0,0,0.8,Not Passed,1,,
FA2023,FA2023-class 8,14,1905AGCDIA,8.5,7,5.8,8.5,7.3,Passed,8.5,,
FA2023,FA2023-class 8,15,1905AFAEFH,0,0,0,0,0,Attendance Fail,0,,
FA2023,FA2023-class 8,16,1905AGCAIH,8.5,7,6.6,8.5,7.6,Passed,8.5,,
FA2023,FA2023-class 8,17,1905AFAFDJ,0,7.4,0,0,1,Attendance Fail,2.5,,
FA2023,FA2023-class 8,18,1905AGABHD,0,7,0,0,0.8,Attendance Fail,1,,
FA2023,FA2023-class 8,19,1905AFJBCJ,0,7,0,0,0.7,Attendance Fail,0,,
FA2023,FA2023-class 8,20,1905AGBGEC,1,7,0,8.5,3.5,Attendance Fail,1,,
FA2023,FA2023-class 8,21,1905AGJBCA,9,8.4,8.6,8.5,8.6,Passed,9,,
FA2023,FA2023-class 8,22,1905AFJDGD,8.5,7,5.8,8.5,7.3,Passed,8.5,,
FA2023,FA2023-class 8,23,1905AFAFFH,8.5,7,9.2,8.5,8.6,Passed,8.5,,
FA2023,FA2023-class 8,24,1905AFJHEI,0,7.7,0,0,1.1,Not Passed,3.5,,
FA2023,FA2023-class 8,25,1905AGJBCE,8.5,7,4.6,8.5,6.8,Passed,8.5,,
FA2023,FA2023-class 8,26,1905AGCBED,0,7.4,7,0,4.1,Not Passed,5.5,,
FA2023,FA2023-class 8,27,1905AFBABH,0,8.2,0,0,1.2,Not Passed,3.5,,
FA2023,FA2023-class 8,28,1905AFAEJI,9,8.5,7.4,8.5,8.1,Passed,8.5,,
FA2023,FA2023-class 8,29,1905AGCBCH,9,7.4,7.6,8.5,8.1,Passed,9,,
FA2023,FA2023-class 9,1,1905AGCFBC,0,7,0,0,1.2,Attendance Fail,4.5,,
FA2023,FA2023-class 9,2,1905AGAEFD,0,7,0,0,0.7,Attendance Fail,0,,
FA2023,FA2023-class 9,3,1905AGJEJH,0,7,0,0,0.7,Attendance Fail,0,,
FA2023,FA2023-class 9,4,1905AGAABH,9.5,9.8,7.2,9.5,8.5,Passed,8.8,,
FA2023,FA2023-class 9,5,1905AGBHJI,9,7.6,8.4,9,8.6,Passed,9.3,,
FA2023,FA2023-class 9,6,1705AGJAGI,0,7,0,0,0.7,Attendance Fail,0,,
FA2023,FA2023-class 9,7,1905AGABAJ,0,7,0,0,0.7,Attendance Fail,0,,
FA2023,FA2023-class 9,8,1905AGJJDA,9,8.9,7.2,9,8.3,Passed,9.3,,
FA2023,FA2023-class 9,9,1905AFABCB,0,0,0,0,0,Attendance Fail,0,,
FA2023,FA2023-class 9,10,1905AGCEHD,9,8,7.6,9,8.4,Passed,9.3,,
FA2023,FA2023-class 9,11,1905AGCJFF,9,8.3,8.4,9,8.7,Passed,9,,
FA2023,FA2023-class 9,12,1905AGJCHE,0,7.5,0,0,0.8,Attendance Fail,0,,
FA2023,FA2023-class 9,13,1905AFJFDD,9,7.5,6.8,8.5,7.8,Passed,8.5,,
FA2023,FA2023-class 9,14,1905AGABEE,9,10,5.8,9,7.9,Passed,9.5,,
FA2023,FA2023-class 9,15,1905AGAAFI,9,8,6.8,9,8,Passed,8.8,,
FA2023,FA2023-class 9,16,1905AGABFH,0,7,0,0,0.7,Attendance Fail,0,,
FA2023,FA2023-class 9,17,1905AGBHJF,9,8.9,7.4,8,8,Passed,8.5,,
FA2023,FA2023-class 9,18,1905AGJCFE,9,9.5,9.6,9,9.3,Passed,9.5,,
FA2023,FA2023-class 9,19,1905AGJEHB,9,7.7,6,8.5,7.5,Passed,8.5,,
FA2023,FA2023-class 9,20,1905AGAAAA,9,9.5,8.4,9,8.8,Passed,9.3,,
FA2023,FA2023-class 9,21,1905AGCJED,9,8.8,6.8,9,8.2,Passed,9.5,,
FA2023,FA2023-class 9,22,1905AGBHAJ,9,9,7.2,8,7.9,Passed,8.5,,
FA2023,FA2023-class 9,23,1905AGBIEJ,9,10,8,9,8.7,Passed,9.3,,
FA2023,FA2023-class 9,24,1905AGAACD,9,8.4,6.8,8.5,7.9,Passed,8.5,,
FA2023,FA2023-class 9,25,1905AFJCBD,9,7,8,9,8.4,Passed,9,,
FA2023,FA2023-class 9,26,1905AGBGJC,9,7.5,7,9,8.1,Passed,9.3,,
FA2023,FA2023-class 9,27,1905AGBGJJ,9,9,9.6,8,8.9,Passed,8.5,,
FA2023,FA2023-class 9,28,1905AGAJHI,9,7,5.8,9,7.5,Passed,9.3,,
FA2023,FA2023-class 9,29,1905AGJDHH,0,7,0,0,0.7,Attendance Fail,0,,
FA2023,FA2023-class 9,30,1905AEAAAI,0,7,0,0,0.7,Attendance Fail,0,,
FA2023,FA2023-class 9,31,1905AGAACJ,8,8.7,4,8,6.5,Passed,8.8,,
FA2023,FA2023-class 9,32,1905AFJCFC,0,7,0,0,0.7,Attendance Fail,0,,
FA2023,FA2023-class 9,33,1905AGBEFA,9,8.6,6,8,7.4,Passed,8.5,,
FA2023,FA2023-class 9,34,1905AGJBCD,9,9.6,8.2,9,8.8,Passed,9.5,,
FA2023,FA2023-class 10,1,0805AGAIGB,7.5,8.8,7.8,4.6,6.5,Passed,3.4,,
FA2023,FA2023-class 10,2,1905AGAFHE,8.7,10,7.6,6.2,7.5,Passed,6.9,,
FA2023,FA2023-class 10,3,1905AGAHJI,8,9.4,8.6,1,6.1,Passed,5.7,,
FA2023,FA2023-class 10,4,1905AGAHFH,8.7,7.4,4.2,6.2,5.8,Passed,6.9,,
FA2023,FA2023-class 10,5,1905AGAHDG,8.5,6.7,6.6,6.2,6.7,Passed,6.9,,
FA2023,FA2023-class 10,6,1905AGAECF,8.2,4.3,5.2,1,4.2,Not Passed,5.7,,
FA2023,FA2023-class 10,7,1905AGACGJ,8.6,10,6,6.2,6.8,Passed,6.9,,
FA2023,FA2023-class 10,8,1905AGAGDE,7.3,9.6,8.2,4.3,6.9,Passed,6.2,,
FA2023,FA2023-class 10,9,1905AGJCBE,7.7,7.8,7.6,4.8,6.3,Passed,2.7,,
FA2023,FA2023-class 10,10,1905AGJAGB,7.3,8.9,8.8,4.8,6.9,Passed,2.7,,
FA2023,FA2023-class 10,11,1919AFJACG,7.8,4.8,7.8,1,5.3,Passed,5.7,,
FA2023,FA2023-class 10,12,1905AGAGAD,7.3,7.3,3.4,4.3,4.7,Not Passed,6.2,,
FA2023,FA2023-class 10,13,1905AGCEAF,7.2,2.5,6.2,4.6,5.2,Passed,3.4,,
FA2023,FA2023-class 10,14,1905AEJIBJ,7.4,4.9,8.4,4.3,6.5,Passed,6.2,,
FA2023,FA2023-class 10,15,1905AGJBIF,7.4,8.3,7.6,4.8,6.3,Passed,2.7,,
FA2023,FA2023-class 10,16,1905AGACGE,7.2,5.2,9.4,4.3,6.9,Passed,6.2,,
FA2023,FA2023-class 10,17,1905AGJBGC,7.5,10,7.4,4.8,6.4,Passed,2.7,,
FA2023,FA2023-class 10,18,1905AGAHIE,8.7,9.4,5.8,6.2,6.7,Passed,6.9,,
FA2023,FA2023-class 10,19,1905AGACBJ,8.7,7,6.2,6.2,6.6,Passed,6.9,,
FA2023,FA2023-class 10,20,1905AGCEDA,7.3,5.2,5.4,4.6,5.1,Passed,3.4,,
FA2023,FA2023-class 10,21,1905AGAGGE,0,0,0,0,0,Attendance Fail,0,,
FA2023,FA2023-class 10,22,1905AFAIIB,8.4,2.7,6,1,4.4,Not Passed,5.7,,
FA2023,FA2023-class 10,23,1905AGCEGH,7.2,5.2,6.2,4.6,5.4,Passed,3.4,,
FA2023,FA2023-class 10,24,1905AGAEED,7.3,7.8,7.2,4.8,6.1,Passed,2.7,,
FA2023,FA2023-class 10,25,1905AGBBCC,7.8,3.5,8.2,1,5.3,Passed,5.7,,
FA2023,FA2023-class 10,26,1905AGADBD,7.3,6.5,6.2,4.3,5.8,Passed,6.2,,
FA2023,FA2023-class 11,1,1905AFJCGH,7.3,8.1,7.4,4.2,6.1,Passed,3.7,,
FA2023,FA2023-class 11,2,1905AGAGBE,7.9,5.2,5.8,8.7,6.7,Passed,4.6,,
FA2023,FA2023-class 11,3,1905AGBDJD,8.7,10,8.4,9.2,8.8,Passed,8.2,,
FA2023,FA2023-class 11,4,1905AGBABG,8.8,10,8.4,4.3,7.2,Passed,6.4,,
FA2023,FA2023-class 11,5,1905AGBAAF,8.5,6.1,5.4,9.2,7.3,Passed,8.8,,
FA2023,FA2023-class 11,6,1905AGCCCF,8.4,8.4,7.4,10,8.4,Passed,7.4,,
FA2023,FA2023-class 11,7,1905AGBDGD,8.9,10,8.2,4.3,7.1,Passed,6.4,,
FA2023,FA2023-class 11,8,1905AGJDFD,8.3,2.6,8.2,10,8.1,Passed,7.4,,
FA2023,FA2023-class 11,9,1905AGAEJJ,8.6,10,9.6,10,9.4,Passed,7.4,,
FA2023,FA2023-class 11,10,1705AGJBJE,8.4,10,7,10,8.4,Passed,7.4,,
FA2023,FA2023-class 11,11,1905AGCEFH,8.4,5.9,7.4,4.3,6.3,Passed,6.4,,
FA2023,FA2023-class 11,12,1905AFJDIH,7.4,8,7,4.2,6,Passed,3.7,,
FA2023,FA2023-class 11,13,1905AGJDHJ,7.4,9.4,6,4.2,5.7,Passed,3.7,,
FA2023,FA2023-class 11,14,1905AGBGEG,7.4,7.8,7,8.7,7.6,Passed,6.5,,
FA2023,FA2023-class 11,15,1905AGAIHI,8.8,10,9.2,9.2,9.2,Passed,8.8,,
FA2023,FA2023-class 11,16,1905AGCFGC,7.4,9.8,5.4,8.7,7.1,Passed,6.5,,
FA2023,FA2023-class 11,17,1905AGCFDH,8.3,6.7,5.8,6.8,6.1,Passed,2.8,,
FA2023,FA2023-class 11,18,1905AGBCDA,8.6,10,8.8,4.3,7.3,Passed,6.4,,
FA2023,FA2023-class 11,19,1905AGJEJJ,7.3,9.4,6.8,4.2,6,Passed,3.7,,
FA2023,FA2023-class 11,20,1905AGBFJE,7.5,8.1,6.8,8.7,7.5,Passed,6.5,,
FA2023,FA2023-class 11,21,1905AGBAJE,7.9,8.3,4,6.8,5.5,Passed,2.2,,
FA2023,FA2023-class 11,22,1905AGBCAI,7,9.2,6.2,6.8,6.4,Passed,2.8,,
FA2023,FA2023-class 11,23,1905AGBFJG,7.3,8.4,6.6,8.7,7.5,Passed,6.5,,
FA2023,FA2023-class 11,24,1705AGJBJA,8.3,7,6.8,9.2,7.9,Passed,8.8,,
FA2023,FA2023-class 11,25,1905AGABJJ,7.5,8.3,7.4,4.2,6.2,Passed,3.7,,
FA2023,FA2023-class 11,26,1905AGJJEC,7,10,8.2,10,8.7,Passed,7.4,,
FA2023,FA2023-class 11,27,1905AGBGDA,8.1,8.3,5.4,6.8,6.1,Passed,2.8,,
FA2023,FA2023-class 11,28,1905AGCEHE,8.5,7.1,7.4,4.3,6.4,Passed,6.4,,
FA2023,FA2023-class 11,29,1905FBGAG,8.4,0.7,5.2,6.8,5.2,Passed,1.9,,
FA2023,FA2023-class 12,1,1905AGCDCE,8.6,9.5,7.2,8.3,7.9,Passed,7.2,,
FA2023,FA2023-class 12,2,1905AGCAEH,7.1,9.7,6.4,1,5,Passed,4.3,,
FA2023,FA2023-class 12,3,1905AGBEEB,8.3,8.3,8,9.4,8.4,Passed,6.9,,
FA2023,FA2023-class 12,4,0405AGJFCH,8.8,9.7,9.2,9.5,8.9,Passed,5.5,,
FA2023,FA2023-class 12,5,1905AGBGHD,0,0,0,0,0,Attendance Fail,0,,
FA2023,FA2023-class 12,6,1905AGADAD,7,7.7,7.8,1,5.3,Passed,4.3,,
FA2023,FA2023-class 12,7,1905AGCEHF,8.3,9.6,7.8,8.3,8.1,Passed,7.2,,
FA2023,FA2023-class 12,8,1905AGJAFJ,8.5,8.9,7.8,8.3,8.1,Passed,7.2,,
FA2023,FA2023-class 12,9,1905AFAFCB,8.8,8.2,8,9.5,8.3,Passed,5.5,,
FA2023,FA2023-class 12,10,1905AGBHDG,8,10,7.6,9.4,8.3,Passed,6.9,,
FA2023,FA2023-class 12,11,1905AEABCJ,8.1,7.8,4,9.4,6.7,Passed,6.9,,
FA2023,FA2023-class 12,12,1905AGJBDD,8.1,5.6,7.2,9.5,7.8,Passed,6.9,,
FA2023,FA2023-class 12,13,1905AGCJDB,8.1,10,9.2,9.4,9,Passed,6.9,,
FA2023,FA2023-class 12,14,1905AGAHDA,8.6,10,9.2,9.5,9.1,Passed,6.9,,
FA2023,FA2023-class 12,15,1905AGAICJ,8.3,8.9,8.6,9.5,8.7,Passed,6.9,,
FA2023,FA2023-class 12,16,1905AGBCGC,8,8.3,5.4,9.5,7.3,Passed,6.9,,
FA2023,FA2023-class 12,17,0305AGBJCH,8.8,9.6,6.2,9.5,7.7,Passed,5.5,,
FA2023,FA2023-class 12,18,1905AGCJHD,7.9,7.7,7.2,8.3,7.6,Passed,7.2,,
FA2023,FA2023-class 12,19,1905AGBFCJ,8.7,7.9,7.6,9.5,8.1,Passed,5.5,,
FA2023,FA2023-class 12,20,1905AFJICD,7,8.6,6,1,4.7,Not Passed,4.3,,
FA2023,FA2023-class 12,21,1905AGCAGJ,8.5,9,7.8,8.3,8.1,Passed,7.2,,
FA2023,FA2023-class 12,22,1905AFJJHE,0,0,0,0,0,Attendance Fail,0,,
FA2023,FA2023-class 12,23,1905AGBIHJ,8.1,10,8.8,9.5,8.9,Passed,6.9,,
FA2023,FA2023-class 12,24,1905AGCAAA,8.8,8.9,7.8,9.5,8.3,Passed,5.5,,
FA2023,FA2023-class 12,25,1905AGBEFE,8.6,10,7.2,9.5,8.1,Passed,5.5,,
FA2023,FA2023-class 12,26,1905AGBBAI,8,10,7.2,9.4,8.2,Passed,6.9,,
FA2023,FA2023-class 13,1,1905AGBFJJ,9.5,9.9,7.2,9.5,8.6,Passed,9.3,,
FA2023,FA2023-class 13,2,1905AGBBFD,9.5,8.5,9,9.5,9.2,Passed,9.3,,
FA2023,FA2023-class 13,3,1905AGCEHC,9,7.1,9,9,8.8,Passed,9,,
FA2023,FA2023-class 13,4,1905AGBECD,9.5,7.7,7.4,9.5,8.4,Passed,9,,
FA2023,FA2023-class 13,5,1905AGCFEC,9.5,7,5.6,9.5,7.6,Passed,9,,
FA2023,FA2023-class 13,6,1905AFJCHG,0,7,0,0,0.7,Attendance Fail,0,,
FA2023,FA2023-class 13,7,1905AGBIIE,9,7,7.2,8,7.7,Passed,8.5,,
FA2023,FA2023-class 13,8,1905AGCJGJ,9,9.9,9,8.5,9,Passed,9.8,,
FA2023,FA2023-class 13,9,1905FBGEG,8.5,8.2,5.4,8,7.2,Passed,9.3,,
FA2023,FA2023-class 13,10,1905AGCAGH,9,9,9.2,8.5,9,Passed,9.8,,
FA2023,FA2023-class 13,11,1905AGCADE,9,8.4,7.4,9,8.3,Passed,9,,
FA2023,FA2023-class 13,12,1905AEACEJ,9,7,6.4,8,7.4,Passed,8.5,,
FA2023,FA2023-class 13,13,1905AGCBJB,9,7,7.6,8.5,8.1,Passed,8.8,,
FA2023,FA2023-class 13,14,1905AFADIA,9,7,5,8,6.9,Passed,8.5,,
FA2023,FA2023-class 13,15,1905AGCAIG,9,7,8.4,8.5,8.4,Passed,8.8,,
FA2023,FA2023-class 13,16,1905AGCBAJ,9,9.6,4.2,8.5,7.1,Passed,9.8,,
FA2023,FA2023-class 13,17,1905AFJHAG,0,0,0,0,0,Attendance Fail,0,,
FA2023,FA2023-class 13,18,1905AGCBJH,9,9.4,6.4,8.5,7.9,Passed,9.8,,
FA2023,FA2023-class 13,19,1905AFAFCD,0,7,0,0,1.6,Attendance Fail,8.8,,
FA2023,FA2023-class 13,20,1905AGBEFB,9.5,8.3,9,9.5,9.1,Passed,9,,
FA2023,FA2023-class 13,21,1905AGCAFF,9,8.8,7.8,8.5,8.3,Passed,8.8,,
FA2023,FA2023-class 13,22,1905AGCACD,9,7,9.6,8,8.7,Passed,8.5,,
FA2023,FA2023-class 13,23,1905AGCDBB,9,7,7.2,9,8.1,Passed,9,,
FA2023,FA2023-class 13,24,1905AGCFJJ,8.5,7,6.4,8.5,7.5,Passed,8,,
FA2023,FA2023-class 13,25,1905AGBEDB,9.5,7.1,6.4,9.5,8,Passed,9.3,,
FA2023,FA2023-class 13,26,1905AGAIFD,8.5,7,8.2,8,8.2,Passed,9.3,,
FA2023,FA2023-class 13,27,1905FAGAF,0,7,0,0,0.7,Attendance Fail,0,,
FA2023,FA2023-class 13,28,1905AGBDHD,9.5,7,7,9.5,8.2,Passed,9,,
FA2023,FA2023-class 13,29,1905AGBFCG,9.5,9,7.2,9.5,8.5,Passed,9.3,,
FA2023,FA2023-class 13,30,1905AGCACI,9,9,4.8,9,7.3,Passed,9,,
FA2023,FA2023-class 13,31,1905AFBJDH,8.5,8.1,7.2,8,7.9,Passed,9.3,,
FA2023,FA2023-class 14,1,1905AHCDBE,8.6,9.6,7.8,9.5,8.6,Passed,7.9,,
FA2023,FA2023-class 14,2,1905AGCFID,8.8,8.6,7.4,10,8.6,Passed,8.7,,
FA2023,FA2023-class 14,3,1905AGCEHH,8.8,10,6.2,4.8,6.3,Passed,4.9,,
FA2023,FA2023-class 14,4,1905AGCDEF,8.4,10,7.4,4.8,6.7,Passed,4.9,,
FA2023,FA2023-class 14,5,1905AGCEIJ,8.8,7.3,6.2,10,8,Passed,8.7,,
FA2023,FA2023-class 14,6,1919AFJCDA,8.3,10,5.8,4.8,6.1,Passed,4.9,,
FA2023,FA2023-class 14,7,1905AHDGJD,5.1,8.6,5.6,9.5,7.3,Passed,7.9,,
FA2023,FA2023-class 14,8,1905AGCEBJ,8.8,10,8.6,7.3,8.1,Passed,6.2,,
FA2023,FA2023-class 14,9,1905AHBCID,9,10,9.2,9.8,9.3,Passed,7.9,,
FA2023,FA2023-class 14,10,1905AGCCFC,8.7,10,6.6,10,8.4,Passed,8.7,,
FA2023,FA2023-class 14,11,1905AFAICJ,8.4,8.9,5.6,6.7,6.4,Passed,4.7,,
FA2023,FA2023-class 14,12,1905AHCFAH,8.5,9,6.8,9.5,8.1,Passed,7.9,,
FA2023,FA2023-class 14,13,1905AGCCGJ,9,10,7.2,7.3,7.6,Passed,6.2,,
FA2023,FA2023-class 14,14,1905AHDGJF,8.4,10,8,9.5,8.7,Passed,7.9,,
FA2023,FA2023-class 14,15,1905AGBEIJ,8.9,10,8.4,10,9.1,Passed,8.7,,
FA2023,FA2023-class 14,16,1905AFAGBI,8,1.8,4.4,6.7,5.2,Passed,4.7,,
FA2023,FA2023-class 14,17,1905AGCGJD,8.2,9.9,8.2,4.8,7,Passed,4.9,,
FA2023,FA2023-class 14,18,1905AGJJGC,8.3,5.4,5,6.7,5.8,Passed,4.7,,
FA2023,FA2023-class 14,19,1905AGCCFF,8.1,1.3,9.4,6.7,7.2,Passed,4.7,,
FA2023,FA2023-class 14,20,1905AGCFHA,8.7,10,8.4,7.3,8,Passed,6.2,,
FA2023,FA2023-class 14,21,1905AGJCJI,8,6.3,4.2,6.7,5.6,Passed,4.7,,
FA2023,FA2023-class 14,22,1905AGBEEE,9.3,10,9.8,10,9.7,Passed,8.7,,
FA2023,FA2023-class 14,23,1905AGCDHF,8.8,10,9,7.3,8.3,Passed,6.2,,
FA2023,FA2023-class 14,24,1905AGCDIB,9,10,9,7.3,8.3,Passed,6.2,,
FA2023,FA2023-class 15,1,1905AGBFCD,8,7,6.2,8,7.2,Passed,8.3,,
FA2023,FA2023-class 15,2,1905AGAICF,7,7,8.8,7,7.8,Passed,8.3,,
FA2023,FA2023-class 15,3,1905AGJEBI,9,8.5,8.6,8,8.4,Passed,8.5,,
FA2023,FA2023-class 15,4,1905AFAIFA,0,7,0,0,1,Attendance Fail,2.5,,
FA2023,FA2023-class 15,5,1905AGAGHH,9,7,4.8,8.5,6.8,Passed,7.8,,
FA2023,FA2023-class 15,6,1905AGADFD,9,7,8.2,8.5,8.2,Passed,7.8,,
FA2023,FA2023-class 15,7,1905AGBHJC,0,0,0,0,0,Attendance Fail,0,,
FA2023,FA2023-class 15,8,1905AGJAAF,9,7.3,5.6,8,7.1,Passed,8.5,,
FA2023,FA2023-class 15,9,1905AFABCG,9,7,9.2,8.5,8.6,Passed,7.8,,
FA2023,FA2023-class 15,10,1905AFJIDC,0,7,0,0,1.1,Attendance Fail,4,,
FA2023,FA2023-class 15,11,1905AEAEAA,1,7,7.6,1,4.2,Not Passed,1,,
FA2023,FA2023-class 15,12,1905AGADEA,9,7,7,8.5,7.7,Passed,7.8,,
FA2023,FA2023-class 15,13,1905AGAAHE,1,8.2,0,1,1.3,Not Passed,1,,
FA2023,FA2023-class 15,14,1905AGJJIB,9,7.4,7.6,8,7.9,Passed,8.5,,
FA2023,FA2023-class 15,15,1905AGCDAE,0,7,0,0,0.7,Attendance Fail,0,,
FA2023,FA2023-class 15,16,1905AGBFBE,0,7.5,0,0,0.8,Not Passed,0,,
FA2023,FA2023-class 15,17,1905AGBDIJ,7,7.2,7.6,7,7.3,Passed,7.5,,
FA2023,FA2023-class 15,18,1905AGBDBA,7,7,6.8,7,7,Passed,7.5,,
FA2023,FA2023-class 15,19,1905AGAGJD,0,7,0,0,0.7,Attendance Fail,0,,
FA2023,FA2023-class 15,20,1905AGAGIC,7,8.8,0,0,1.8,Not Passed,2.5,,
FA2023,FA2023-class 15,21,1905AGAHFB,7,9.1,0,0,1.9,Not Passed,2.5,,
FA2023,FA2023-class 15,22,1905AEACFC,0,7.4,0,0,0.7,Attendance Fail,0,,
FA2023,FA2023-class 15,23,1905AFJJEG,9,7,6,9,7.6,Passed,8.5,,
FA2023,FA2023-class 15,24,1905AGJEBF,9,7,7,8,7.7,Passed,8.5,,
FA2023,FA2023-class 15,25,1905AGAGGA,7,9,0,0,1.9,Not Passed,2.5,,
FA2023,FA2023-class 15,26,1905AGCFBH,7,7,8.6,7,7.8,Passed,8.3,,
FA2023,FA2023-class 15,27,1905AGBAII,9,7,7,9,7.8,Passed,7.3,,
FA2023,FA2023-class 15,28,1905AGBAFF,9,8,6.2,9,7.6,Passed,7.3,,
FA2023,FA2023-class 15,29,1905AGCCJE,9,7,9.8,9,9,Passed,8.3,,
FA2023,FA2023-class 16,1,1905AFJEID,8.5,7.9,5,8.5,7,Passed,8.5,,
FA2023,FA2023-class 16,2,1905AHAHAH,9.5,9.5,7,10,8.7,Passed,9.8,,
FA2023,FA2023-class 16,3,1905AGBBJJ,9.5,9.5,6.2,9.5,8.1,Passed,8.3,,
FA2023,FA2023-class 16,4,0805AGBFCE,9.5,9.1,7.6,9.5,8.6,Passed,8.3,,
FA2023,FA2023-class 16,5,1905AFAGJE,8.5,8.4,6.4,8.5,7.7,Passed,8.5,,
FA2023,FA2023-class 16,6,1905AGCBEE,9,7.9,8.8,9,8.8,Passed,8.8,,
FA2023,FA2023-class 16,7,1905AHAGFI,9.5,8.7,6.8,10,8.5,Passed,9.8,,
FA2023,FA2023-class 16,8,1905AGBBEF,9.5,10,7.6,10,8.8,Passed,8.3,,
FA2023,FA2023-class 16,9,1905AGCFED,9.5,7.7,7.4,10,8.7,Passed,9.8,,
FA2023,FA2023-class 16,10,1905AGAFEB,9,8.1,8.2,9,8.6,Passed,9.3,,
FA2023,FA2023-class 16,11,1905AGBBCI,9,7.6,7.4,9,8.2,Passed,9.3,,
FA2023,FA2023-class 16,12,1905AGJJIJ,9.5,7,5.2,9,7.2,Passed,7.3,,
FA2023,FA2023-class 16,13,1905AGBBEC,0,0,0,0,0,Attendance Fail,0,,
FA2023,FA2023-class 16,14,1905AFAAJE,0,7,0,0,0.7,Attendance Fail,0,,
FA2023,FA2023-class 16,15,1905AGABEC,8.5,9.4,7,8.5,8,Passed,9,,
FA2023,FA2023-class 16,16,1905AFADBC,8,7,7.6,9,8.2,Passed,9.3,,
FA2023,FA2023-class 16,17,1905AFJHHA,8.5,9.1,7.6,8.5,8.2,Passed,8.5,,
FA2023,FA2023-class 16,18,1905AGAHDF,9,8.8,7.4,9,8.4,Passed,9.3,,
FA2023,FA2023-class 16,19,1705AGJBAD,9,7,8.8,9,8.7,Passed,8.8,,
FA2023,FA2023-class 16,20,1905AHBCCH,9.5,9,8.4,10,9.2,Passed,9.8,,
FA2023,FA2023-class 16,21,1905AEJCFG,8,7,8,7,7.5,Passed,6.5,,
FA2023,FA2023-class 16,22,1905AFAEEH,0,7,0,0,0.7,Attendance Fail,0,,
FA2023,FA2023-class 16,23,1919AFJGCJ,9.5,9.6,7.2,9.5,8.5,Passed,8.3,,
FA2023,FA2023-class 16,24,1905AGJAFC,9.5,7,5,9,7.1,Passed,7.3,,
FA2023,FA2023-class 16,25,1905AGJBEE,9.5,7,6.2,9.5,7.7,Passed,7.3,,
FA2024,FA2024-class 1,1,1905AHBCFJ,7.3,8.3,,,4.4,Not Passed,,5,4.2
FA2024,FA2024-class 1,2,1905AHCBAH,7.7,7.8,,,7.9,Passed,,9.2,8.4
FA2024,FA2024-class 1,3,1905AHCHDC,8.5,5.7,,,6.3,Passed,,6.5,5.2
FA2024,FA2024-class 1,4,1905AGAJHB,8.1,0,,,1.5,Attendance Fail,,0.5,0
FA2024,FA2024-class 1,5,1905AHJFIF,6,8.4,,,6.4,Passed,,6.5,4.4
FA2024,FA2024-class 1,6,1905AGBHID,6.4,8.4,,,7.1,Passed,,6.4,7.6
FA2024,FA2024-class 1,7,1905AFADGB,6.7,8.5,,,6.3,Passed,,3.5,7.6
FA2024,FA2024-class 1,8,1905AHBDEG,7.7,7.8,,,7.7,Passed,,8.3,8.2
FA2024,FA2024-class 1,9,1905AHDJJA,7.3,8.3,,,4,Not Passed,,6.4,0
FA2024,FA2024-class 1,10,1905AHAEHF,2.8,8.3,,,3.3,Not Passed,,5.9,0
FA2024,FA2024-class 1,11,1905AGAEIG,6.7,8.5,,,6,Not Passed,,3.2,8
FA2024,FA2024-class 1,12,1905AGBAEA,0,0,,,0,Attendance Fail,,0,0
FA2024,FA2024-class 1,13,1905AHEJCI,6,8.4,,,6.7,Passed,,7.2,5.4
FA2024,FA2024-class 1,14,1905AHCCGI,6.7,8.5,,,5.5,Not Passed,,5.2,4.6
FA2024,FA2024-class 1,15,1905AGJCDH,8.1,5.7,,,3.7,Not Passed,,7.1,0
FA2024,FA2024-class 1,16,1905AGCEHJ,7.3,8.3,,,3.4,Not Passed,,3.4,0
FA2024,FA2024-class 1,17,1905AHDIHB,7.7,7.8,,,7,Passed,,9.2,4.2
FA2024,FA2024-class 1,18,1905AHBJDJ,7.7,7.8,,,7.1,Passed,,7.2,5.6
FA2024,FA2024-class 1,19,1905AGCDJF,6.7,8.5,,,6.6,Passed,,6.7,7.6
FA2024,FA2024-class 2,1,1905AHBGDF,8,9.6,,,8,Passed,,7.4,8
FA2024,FA2024-class 2,2,1905AHCCHI,9,8.5,,,7.4,Passed,,7.3,8.4
FA2024,FA2024-class 2,3,1905AHJFJG,9,8.7,,,7,Passed,,6.9,5
FA2024,FA2024-class 2,4,1905AFJIAF,8,0.1,,,7,Passed,,7.5,8.2
FA2024,FA2024-class 2,5,0524BDHHJ,9,9.5,,,8.3,Passed,,8.3,7.2
FA2024,FA2024-class 2,6,1905AHBJCF,8,10,,,8.4,Passed,,7.2,8.6
FA2024,FA2024-class 2,7,1905AHBFBD,8,9.4,,,8.1,Passed,,7.9,8.4
FA2024,FA2024-class 2,8,1905AGBIIA,9,8.9,,,7.6,Passed,,6.8,9.4
FA2024,FA2024-class 2,9,0524BDHHA,9,8.8,,,8.2,Passed,,7.7,7
FA2024,FA2024-class 2,10,0524BDHHB,8,10,,,8.2,Passed,,8.2,7.2
FA2024,FA2024-class 2,11,1905AHBCGA,8,10,,,8.5,Passed,,8.4,8.4
FA2024,FA2024-class 2,12,1905AHBGDG,8,8.7,,,8,Passed,,6.7,8.8
FA2024,FA2024-class 2,13,1905AHBGEC,9,8.8,,,7.4,Passed,,7.2,8.4
FA2024,FA2024-class 2,14,1905AHBBFJ,8,1.8,,,7.4,Passed,,6.8,9.4
FA2024,FA2024-class 2,15,1905AGJBAG,0,0,,,0,Attendance Fail,,0,0
FA2024,FA2024-class 2,16,1905AHBFEA,9,6.5,,,7.6,Passed,,7.4,5.6
FA2024,FA2024-class 2,17,1905AHDCCE,9,8.3,,,7,Passed,,7.8,6.2
FA2024,FA2024-class 2,18,1905AGBHCE,9,6.8,,,8,Passed,,6.5,8.8
FA2024,FA2024-class 2,19,1905AHDFGF,9,10,,,6.2,Passed,,7,5.2
FA2024,FA2024-class 2,20,1905AHJDGG,8,10,,,8.5,Passed,,7.8,8.8
FA2024,FA2024-class 2,21,1905AGADFJ,8,0.6,,,6.9,Passed,,7.8,7
FA2024,FA2024-class 2,22,1905AGJBEB,9,6.5,,,7.7,Passed,,8,5.8
FA2024,FA2024-class 3,1,1905AHDEHH,8.1,8.8,,,8.6,Passed,,8.6,8.4
FA2024,FA2024-class 3,2,1905AHJAEC,8.2,9.2,,,8.9,Passed,,9.6,9.2
FA2024,FA2024-class 3,3,1905AHAGJI,6.7,9.1,,,8.1,Passed,,9.4,8.8
FA2024,FA2024-class 3,4,1905AHAGAB,6.7,9.1,,,8.1,Passed,,9.6,8.6
FA2024,FA2024-class 3,5,1905AHCFEA,6.9,8.4,,,8,Passed,,9.2,7.4
FA2024,FA2024-class 3,6,1905AHBAJF,4.4,9,,,8.5,Passed,,9.3,8.8
FA2024,FA2024-class 3,7,1905AHBADF,9,6.8,,,8.2,Passed,,8.3,6.8
FA2024,FA2024-class 3,8,1905AHDIAC,7.3,9,,,8.9,Passed,,9.5,9.2
FA2024,FA2024-class 3,9,1905AHDJAF,7.3,9,,,8.6,Passed,,8.3,8.4
FA2024,FA2024-class 3,10,1905AICEDJ,7.4,8.9,,,6.9,Passed,,8.5,5.8
FA2024,FA2024-class 3,11,1905AIJGID,9,6.8,,,8.5,Passed,,8.7,8.2
FA2024,FA2024-class 3,12,1905AHDAED,8.1,8.8,,,8.4,Passed,,8,7.6
FA2024,FA2024-class 3,13,1905AHCJFB,8.1,8.8,,,8.7,Passed,,8.4,8.6
FA2024,FA2024-class 3,14,1905AHJEHG,6.9,8.4,,,8.3,Passed,,9.4,8.6
FA2024,FA2024-class 3,15,1905AHDIAJ,7.3,9,,,8.8,Passed,,9.1,9
FA2024,FA2024-class 3,16,1905AHDDBJ,7.5,9.1,,,8.5,Passed,,9.4,9.4
FA2024,FA2024-class 3,17,1905AHCCHG,6.9,8.4,,,8.4,Passed,,9.8,9
FA2024,FA2024-class 3,18,1905AHAHEB,6.7,9.1,,,8.1,Passed,,8.6,8.8
FA2024,FA2024-class 3,19,1905AHDCHH,8.1,8.8,,,8.6,Passed,,8.6,8.2
FA2024,FA2024-class 3,20,1905AHAHAG,8.4,9,,,8.7,Passed,,9.5,8.8
FA2024,FA2024-class 3,21,1905AHDJHB,8.4,9,,,8.6,Passed,,8.2,8.8
FA2024,FA2024-class 3,22,1905AIBAIA,7.5,9.1,,,7.9,Passed,,8.8,7
FA2024,FA2024-class 3,23,1905AIJGDJ,9,6.8,,,8.6,Passed,,8.5,9
FA2024,FA2024-class 3,24,1905AHJAIE,8.2,9.2,,,8.9,Passed,,9.5,9.2
FA2024,FA2024-class 3,25,1905AHAGBG,7.4,8.9,,,7.4,Passed,,8.1,8.4
FA2024,FA2024-class 3,26,1905AHAFFJ,7.4,8.9,,,7.4,Passed,,8.9,7.8
FA2024,FA2024-class 3,27,1905AHJAJG,8.2,9.2,,,8.9,Passed,,9.4,9
FA2024,FA2024-class 3,28,0405AHJEEC,4.5,9.1,,,8.1,Passed,,9.7,8.8
FA2024,FA2024-class 3,29,1905AHDGGJ,9,6.8,,,8.5,Passed,,7.9,8.8
FA2024,FA2024-class 3,30,1905AIFGJH,6.9,8.4,,,8.4,Passed,,9.4,9
FA2024,FA2024-class 3,31,1905AHAGAA,6.7,9.1,,,8.1,Passed,,9.4,8.6
FA2024,FA2024-class 3,32,1905AHDFAD,8.4,9,,,8.6,Passed,,9.4,8.6
FA2024,FA2024-class 3,33,1905AHBFHH,7.5,9.1,,,8,Passed,,7.3,8.2
FA2024,FA2024-class 3,34,1905AIFFDI,8.4,9,,,8.7,Passed,,9.2,9.2
FA2024,FA2024-class 3,35,1905AHJAIH,8.2,9.2,,,8.8,Passed,,9.6,8.6
FA2024,FA2024-class 4,1,1905AHDBBG,5,6.2,,,6.1,Passed,,5.4,9
FA2024,FA2024-class 4,2,1905AHBCGJ,9,10,,,8.9,Passed,,8,8.6
FA2024,FA2024-class 4,3,1905AHAEGI,7,9.3,,,8.3,Passed,,7.5,9.2
FA2024,FA2024-class 4,4,1905AHBAEJ,9,10,,,8.7,Passed,,8.4,7.2
FA2024,FA2024-class 4,5,1905AHBJHG,9,10,,,8.9,Passed,,8.3,8.6
FA2024,FA2024-class 4,6,1905AHBDBD,9,9.6,,,8.1,Passed,,6.2,9.6
FA2024,FA2024-class 4,7,1905AHDBGI,9,9.6,,,7.8,Passed,,5.8,8
FA2024,FA2024-class 4,8,1905AHDJHF,8,10,,,8.1,Passed,,7.3,8.2
FA2024,FA2024-class 4,9,1905AHJFJF,9,4,,,7.4,Passed,,7.2,6.4
FA2024,FA2024-class 4,10,1905AHDBDH,8.5,10,,,8.4,Passed,,7.7,7.6
FA2024,FA2024-class 4,11,1905AHJEEF,9,9.6,,,7.9,Passed,,5.9,8.8
FA2024,FA2024-class 4,12,1905AHDFBC,7,9.5,,,8.2,Passed,,7.9,8.4
FA2024,FA2024-class 4,13,1905AHCAHF,7,10,,,7.9,Passed,,7,7
FA2024,FA2024-class 4,14,1905AHAHEE,8.5,10,,,8.3,Passed,,6.4,9
FA2024,FA2024-class 4,15,1905AICHIG,9,5.3,,,8,Passed,,7.9,8.6
FA2024,FA2024-class 4,16,1905AHDEHJ,9,8.8,,,7.4,Passed,,5.4,6.6
FA2024,FA2024-class 4,17,1905AHDFEJ,9,10,,,8.3,Passed,,8.2,5.6
FA2024,FA2024-class 4,18,1905AHAIGE,9,10,,,8.9,Passed,,8.9,8
FA2024,FA2024-class 4,19,1905AHBBIC,8.5,10,,,8.3,Passed,,6.9,8.4
FA2024,FA2024-class 4,20,1905AHBJJC,8.5,10,,,8.7,Passed,,8.9,8.6
FA2024,FA2024-class 4,21,1905AIDIJG,9,9.3,,,8.4,Passed,,8.8,8.4
FA2024,FA2024-class 4,22,1905AHBGEB,8.5,10,,,8.6,Passed,,7.2,9
FA2024,FA2024-class 4,23,1905AHDAIG,8.5,9.9,,,7.9,Passed,,6.2,7
FA2024,FA2024-class 4,24,1905AHBGDB,9,5.6,,,8,Passed,,7.3,8.8
FA2024,FA2024-class 4,25,1905AHDBAG,5,9.3,,,6.5,Passed,,6,9
FA2024,FA2024-class 4,26,1905AHAGCG,8.5,10,,,8.8,Passed,,7.5,9.6
FA2024,FA2024-class 4,27,1905AHAEGC,8,10,,,8.4,Passed,,7.8,9
FA2024,FA2024-class 4,28,1905AHDFAF,8,10,,,8.3,Passed,,7.2,9.2
FA2024,FA2024-class 4,29,1905AHAGIB,8,10,,,8.3,Passed,,7.5,9
FA2024,FA2024-class 4,30,1905AHDIJF,9,10,,,9,Passed,,8,9
FA2024,FA2024-class 4,31,1905AHDFII,9,10,,,9,Passed,,8.3,9
FA2024,FA2024-class 4,32,1905AHJBIG,9,10,,,8.8,Passed,,7.7,8.6
FA2024,FA2024-class 4,33,1905AHBEDD,7,9.4,,,8.2,Passed,,6.8,9
FA2024,FA2024-class 4,34,1905AHBBAF,8.5,10,,,8,Passed,,7,7.2
FA2024,FA2024-class 5,1,1905AHCBBJ,9,10,,,8.3,Passed,,6.8,9
FA2024,FA2024-class 5,2,1905AHCCBA,9,6.1,,,8.1,Passed,,7.4,9.2
FA2024,FA2024-class 5,3,1905AHDECH,8.5,8.4,,,7.9,Passed,,6.5,7.2
FA2024,FA2024-class 5,4,1905AHBCDJ,8.5,2.6,,,7,Passed,,6.3,7.6
FA2024,FA2024-class 5,5,1905AHBAGH,8,10,,,7.5,Passed,,7.3,6
FA2024,FA2024-class 5,6,1905AHCDBA,8.5,9.4,,,7.4,Passed,,6.2,5.6
FA2024,FA2024-class 5,7,1905AHBAAA,8,10,,,8.1,Passed,,7,8.8
FA2024,FA2024-class 5,8,1905AHBCBC,8.5,2.9,,,7.2,Passed,,6.2,8.2
FA2024,FA2024-class 5,9,1905AHCHJG,9,10,,,7.9,Passed,,7,8.4
FA2024,FA2024-class 5,10,1905AICEFH,8,9.9,,,8.1,Passed,,8.2,8.4
FA2024,FA2024-class 5,11,1905AIJADJ,0,0,,,0,Attendance Fail,,0,0
FA2024,FA2024-class 5,12,1905AHBJHA,8.5,1.1,,,6.8,Passed,,5.8,7.2
FA2024,FA2024-class 5,13,1905AIDBIC,8,6.5,,,7.6,Passed,,6,9.2
FA2024,FA2024-class 5,14,1905AHJCAH,9,9,,,7.9,Passed,,6.3,8.4
FA2024,FA2024-class 5,15,1905AHAGBH,8.5,10,,,7.7,Passed,,7.8,6.6
FA2024,FA2024-class 5,16,1905AHDAJC,9,10,,,7.8,Passed,,7.4,7.6
FA2024,FA2024-class 5,17,1905AHJCFA,8.5,8.7,,,8,Passed,,7.7,8.6
FA2024,FA2024-class 5,18,1905AHJEAD,0,5.2,,,3.3,Attendance Fail,,4.5,0
FA2024,FA2024-class 5,19,1905AHCFBD,8,10,,,7.6,Passed,,6.3,7
FA2024,FA2024-class 5,20,1905AHCAHI,8.5,8.8,,,7.8,Passed,,6.4,6.6
FA2024,FA2024-class 5,21,1905AHDCAI,9,8.2,,,7.2,Passed,,6.5,5
FA2024,FA2024-class 5,22,1905AHAGCH,8.5,10,,,8,Passed,,7.5,8.6
FA2024,FA2024-class 5,23,1905AHEJHJ,9,5.9,,,7.9,Passed,,7,8.2
FA2024,FA2024-class 5,24,1905AGBBCG,8.5,7.6,,,7.9,Passed,,8.5,8.8
FA2024,FA2024-class 5,25,1905AHBJBE,9,9.8,,,7.9,Passed,,7.5,8.2
FA2024,FA2024-class 5,26,1905AHAGCF,8.5,10,,,8.1,Passed,,8.3,8.4
FA2024,FA2024-class 5,27,1905AHJCGI,9,6.6,,,7.9,Passed,,7.2,9
FA2024,FA2024-class 5,28,1905AHJFGG,8.5,9.5,,,8.4,Passed,,7.7,8.6
FA2024,FA2024-class 5,29,1905AICDIE,8,9.9,,,8,Passed,,7.3,8.6
FA2024,FA2024-class 5,30,1905AHJEEH,9,9,,,8.1,Passed,,8,8.6
FA2024,FA2024-class 5,31,1905AGJAHF,8,10,,,7.7,Passed,,7.4,6
FA2024,FA2024-class 5,32,1905AHBJAH,9,6,,,7.1,Passed,,6.8,6.4
FA2024,FA2024-class 5,33,1905AHJJAB,8.5,7.6,,,7.6,Passed,,7.2,7
FA2024,FA2024-class 5,34,1905AHDBEJ,8.5,10,,,7.8,Passed,,6.7,8
FA2024,FA2024-class 6,1,1905AIDEHJ,7,8,,,6.9,Passed,,7.3,5.6
FA2024,FA2024-class 6,2,1905AHCCIH,8,8,,,8.2,Passed,,8.3,9.6
FA2024,FA2024-class 6,3,1905AHAFGE,7,8,,,6.5,Passed,,8,5.4
FA2024,FA2024-class 6,4,1905AHBFDB,8.5,8,,,8.4,Passed,,8,9
FA2024,FA2024-class 6,5,1905AIJHDC,7,7,,,6.9,Passed,,7.5,8.8
FA2024,FA2024-class 6,6,1905AIBAGE,7,7,,,6.6,Passed,,7.5,9.4
FA2024,FA2024-class 6,7,1905AHAGDD,8,8.5,,,7.3,Passed,,8,8.8
FA2024,FA2024-class 6,8,1905AHEJGJ,0,0,,,0,Not Passed,,0,0
FA2024,FA2024-class 6,9,1905AHAEDB,7,7,,,6.6,Passed,,8,7.4
FA2024,FA2024-class 6,10,1905AHBACA,7.5,8,,,7.4,Passed,,7.5,9
FA2024,FA2024-class 6,11,1905AHAFEF,8,8,,,7.2,Passed,,7.5,8.8
FA2024,FA2024-class 6,12,1905AHBJDF,5,8,,,5.8,Passed,,6.3,6
FA2024,FA2024-class 6,13,1905AHCIHI,6,9,,,6.8,Passed,,7,9.4
FA2024,FA2024-class 6,14,1905AHCBFH,8,8,,,7.9,Passed,,8.3,8
FA2024,FA2024-class 6,15,1905AHBIFH,7,8,,,7.3,Passed,,7.3,8.4
FA2024,FA2024-class 6,16,1905AIDBDI,7,7,,,6.9,Passed,,7.5,8.2
FA2024,FA2024-class 6,17,1905AHBFDC,8.5,8,,,8.4,Passed,,8,8.8
FA2024,FA2024-class 6,18,1905AIBABJ,8,8,,,8.1,Passed,,8.3,8.8
FA2024,FA2024-class 6,19,1905AHDIAF,5,8,,,6.1,Passed,,7,8
FA2024,FA2024-class 6,20,1905AIJFJI,7,7,,,6.3,Passed,,7.5,6.8
FA2024,FA2024-class 6,21,1905AHCCJF,0,0,,,0,Not Passed,,0,0
FA2024,FA2024-class 6,22,1905AHCBHA,8.5,8.5,,,8.1,Passed,,8,7.2
FA2024,FA2024-class 6,23,1905AHEJDF,7,8,,,7.1,Passed,,7.3,7.6
FA2024,FA2024-class 6,24,1905AIJFFF,7,7,,,6.3,Passed,,7.5,6
FA2024,FA2024-class 6,25,1905AHDACG,8,8,,,8.1,Passed,,8.5,9.2
FA2024,FA2024-class 6,26,1905AIJHBJ,7,7,,,6.8,Passed,,7.5,8
FA2024,FA2024-class 6,27,1905AHCHFJ,7,8,,,7.1,Passed,,7.3,6.8
FA2024,FA2024-class 6,28,1905AHAEII,7,8,,,7.1,Passed,,8,9.2
FA2024,FA2024-class 6,29,1905AHBEAI,0,0,,,0,Not Passed,,0,0
FA2024,FA2024-class 6,30,1905AIJICB,7.5,7,,,7.1,Passed,,7.5,8.8
FA2024,FA2024-class 6,31,1905AHCHEC,8,9,,,8.2,Passed,,8.5,9.2
FA2024,FA2024-class 6,32,1905AHJGFD,8,9,,,8.2,Passed,,8,9.4
FA2024,FA2024-class 6,33,1905AHBEHH,8.5,8.5,,,8.5,Passed,,8,9
FA2024,FA2024-class 6,34,1905AHCEGA,0,0,,,1.6,Not Passed,,0,8.2
FA2024,FA2024-class 7,1,1905AHBBBF,7,10,,,9,Passed,,9,8
FA2024,FA2024-class 7,2,1905AHCFGG,8,10,,,9.1,Passed,,9.5,9
FA2024,FA2024-class 7,3,1905AHCCHC,8,10,,,9.3,Passed,,8.5,9.4
FA2024,FA2024-class 7,4,1919AHABAI,7,10,,,8.9,Passed,,9,9.2
FA2024,FA2024-class 7,5,1905AIDJHC,7,10,,,8.7,Passed,,8.8,8.4
FA2024,FA2024-class 7,6,1905AHAHDD,8,5,,,8,Passed,,8.5,8
FA2024,FA2024-class 7,7,1905AHJGBD,6,10,,,6.4,Passed,,8.8,5.8
FA2024,FA2024-class 7,8,1905AHBAJI,7,10,,,9.1,Passed,,7.8,9.2
FA2024,FA2024-class 7,9,1905AHJGGE,8,5,,,7.6,Passed,,9,5.2
FA2024,FA2024-class 7,10,1905AHCECC,8,10,,,8.7,Passed,,7.8,8
FA2024,FA2024-class 7,11,1905AHJEFE,7,10,,,8.5,Passed,,8.8,8.4
FA2024,FA2024-class 7,12,1905AHCBAB,8,10,,,9.2,Passed,,8.8,8.8
FA2024,FA2024-class 7,13,1905AHAHAI,8,5,,,8,Passed,,9,7.6
FA2024,FA2024-class 7,14,1905AHJGGF,8,5,,,7.9,Passed,,9,6.4
FA2024,FA2024-class 7,15,1905AIBCEG,8,5,,,8.3,Passed,,8.5,6
FA2024,FA2024-class 7,16,1905AHAHJG,8,5,,,8.2,Passed,,7.8,8.8
FA2024,FA2024-class 7,17,1905AHCGJB,8,10,,,8.4,Passed,,7.5,7.4
FA2024,FA2024-class 7,18,1905AHBCIC,7,10,,,9.1,Passed,,9.5,8.4
FA2024,FA2024-class 7,19,1905AHCCHD,8,10,,,8.8,Passed,,9.3,8
FA2024,FA2024-class 7,20,1905AHCIGI,8,10,,,8.6,Passed,,8.5,7.6
FA2024,FA2024-class 7,21,1905AHBAHJ,7,10,,,9,Passed,,8.5,8.4
FA2024,FA2024-class 7,22,1905AHJBGI,7,10,,,8.5,Passed,,9,8.4
FA2024,FA2024-class 7,23,1905AHBJCH,8,5,,,8.3,Passed,,8.8,8.8
FA2024,FA2024-class 7,24,1905AHCIIB,8,10,,,8.5,Passed,,9,7.2
FA2024,FA2024-class 7,25,1905AHDDIF,6.5,5,,,7.3,Passed,,9,8.8
FA2024,FA2024-class 7,26,1905AHDBCD,8,10,,,8.8,Passed,,8.5,8.8
FA2024,FA2024-class 7,27,1905AHBDCD,8,10,,,9.1,Passed,,8.8,8.2
FA2024,FA2024-class 7,28,1905AIBDBI,7,10,,,8.8,Passed,,8.3,8.8
FA2024,FA2024-class 7,29,1905AHAECF,8,5,,,8.4,Passed,,8.5,9
FA2024,FA2024-class 7,30,1905AHCCIF,8,10,,,8.7,Passed,,8.5,7.8
FA2024,FA2024-class 7,31,1905AIJACB,8,5,,,8.8,Passed,,7.3,9.2
FA2024,FA2024-class 7,32,1905AHJGEE,7,10,,,8.5,Passed,,8.3,9
FA2024,FA2024-class 7,33,1905AIBCIG,8,5,,,8.7,Passed,,9,8
FA2024,FA2024-class 7,34,1905AHAHEJ,8,5,,,7.9,Passed,,8.8,7.6
FA2024,FA2024-class 7,35,1905AHCCCD,8,10,,,9.3,Passed,,8.5,9
FA2024,FA2024-class 8,1,1905AHJFFC,9.6,9.5,,,8.9,Passed,,9.5,7
FA2024,FA2024-class 8,2,1905AHJGFH,9.3,9,,,9.1,Passed,,9.5,7.8
FA2024,FA2024-class 8,3,1905AHJFGJ,9.3,9,,,9.3,Passed,,9.5,8.6
FA2024,FA2024-class 8,4,1905AHJGCI,8.6,9,,,9,Passed,,9.5,8
FA2024,FA2024-class 8,5,1905AHJBBJ,8.6,9,,,9.1,Passed,,9.3,9.2
FA2024,FA2024-class 8,6,1905AHAEBA,10,9.5,,,9.6,Passed,,9.8,8.6
FA2024,FA2024-class 8,7,1905AHJJGF,8.6,9,,,9,Passed,,9.3,8.8
FA2024,FA2024-class 8,8,1905AICBAI,8.6,9,,,9.1,Passed,,9.3,9
FA2024,FA2024-class 8,9,1905AHAHED,9.3,9,,,9.3,Passed,,9.8,8.4
FA2024,FA2024-class 8,10,1905AHJEEB,9.3,9,,,8.4,Passed,,9.8,4.2
FA2024,FA2024-class 8,11,1905AHJGBB,9.3,9,,,9.3,Passed,,9.5,8.8
FA2024,FA2024-class 8,12,1905AHJBAA,9.3,9.5,,,9.3,Passed,,9.5,9.2
FA2024,FA2024-class 8,13,1905AICHGD,9.3,10,,,9.3,Passed,,9.5,9
FA2024,FA2024-class 8,14,1905AIDHGF,9.3,9,,,9.6,Passed,,9.5,9.6
FA2024,FA2024-class 8,15,1905AHJGAI,8.6,9,,,8.7,Passed,,9.5,7.6
FA2024,FA2024-class 8,16,1905AHJBDJ,9.3,9,,,9.3,Passed,,9.8,8.4
FA2024,FA2024-class 8,17,1905AHBGED,8.6,9,,,8.8,Passed,,9.5,7
FA2024,FA2024-class 8,18,1905AHJFDF,8.6,9,,,8.7,Passed,,9.3,7.4
FA2024,FA2024-class 8,19,1905AHJGBH,8.6,9,,,8.9,Passed,,9.5,8.4
FA2024,FA2024-class 8,20,1905AHJGCB,9.3,9,,,9.3,Passed,,9.5,8.6
FA2024,FA2024-class 8,21,1905AHJGCC,9.3,9.5,,,9.2,Passed,,9.5,8
FA2024,FA2024-class 8,22,1905AHAHBG,10,9.5,,,9.7,Passed,,10,9.8
FA2024,FA2024-class 8,23,1905AHBGJG,10,9.5,,,9.3,Passed,,10,7.4
FA2024,FA2024-class 8,24,1905AHJGBG,8.6,9,,,8.9,Passed,,9.5,8.6
FA2024,FA2024-class 8,25,1905AHJGJF,9.3,9,,,9.5,Passed,,9.5,9.2
FA2024,FA2024-class 8,26,1905AHJGCD,8.6,9,,,9,Passed,,9.5,8
FA2024,FA2024-class 8,27,1905AHJGBC,8.6,9,,,8.5,Passed,,9.5,6.8
FA2024,FA2024-class 8,28,1905AHAEGD,8.6,9,,,9.2,Passed,,9.5,9
FA2024,FA2024-class 8,29,1905AHAIAG,9.3,9,,,9.3,Passed,,9.8,8.4
FA2024,FA2024-class 8,30,1905AHAEBH,9.3,9,,,8.6,Passed,,9.5,4.6
FA2024,FA2024-class 8,31,1905AHJGHC,9.3,9,,,9.4,Passed,,9.5,8.8
FA2024,FA2024-class 8,32,1905AHJGCJ,9.3,9.5,,,9.2,Passed,,9.8,9.4
FA2024,FA2024-class 8,33,1905AHJJGG,8.6,9,,,9,Passed,,9.3,8.8
FA2024,FA2024-class 8,34,1905AHJFGA,8.6,9,,,8.7,Passed,,9.3,7.2
FA2024,FA2024-class 8,35,1905AHJCED,8.6,9,,,9.1,Passed,,9.3,9.2
FA2024,FA2024-class 9,1,1905AHAFIA,9.5,9,,,7.8,Passed,,7.7,8.2
FA2024,FA2024-class 9,2,1905AHDDAF,9,8.2,,,7.1,Passed,,7.5,6.2
FA2024,FA2024-class 9,3,1905AICAHE,7,10,,,7.3,Passed,,6.9,5.6
FA2024,FA2024-class 9,4,1905AICDAH,8,10,,,7.9,Passed,,7.8,8.2
FA2024,FA2024-class 9,5,1905AIDFJH,8.5,8.9,,,7.4,Passed,,6.9,7.2
FA2024,FA2024-class 9,6,1905AIBJDD,9,9,,,7,Passed,,6.4,5.8
FA2024,FA2024-class 9,7,1905AIBBFC,9,9,,,7.2,Passed,,7,5.4
FA2024,FA2024-class 9,8,1905AHBAEC,9,8.9,,,7.4,Passed,,7.3,6.2
FA2024,FA2024-class 9,9,1905AICDFJ,8,10,,,8,Passed,,7,8.6
FA2024,FA2024-class 9,10,1905AIBBJC,9.5,10,,,8.2,Passed,,7.5,6.8
FA2024,FA2024-class 9,11,1905AICDFD,8,7.5,,,7.4,Passed,,6.9,7.6
FA2024,FA2024-class 9,12,1905AIBBAF,9.5,10,,,8.1,Passed,,7.5,6.4
FA2024,FA2024-class 9,13,1905AIBAHH,9,10,,,7.2,Passed,,6.3,5.6
FA2024,FA2024-class 9,14,1905AICCGF,8.5,7.8,,,7.5,Passed,,7.3,8.2
FA2024,FA2024-class 9,15,1905AGAGJD,9.5,8.7,,,5.7,Not Passed,,6.7,0
FA2024,FA2024-class 9,16,1905AHJCDJ,9,10,,,7.8,Passed,,6.9,9
FA2024,FA2024-class 9,17,1905AGCAJF,8.5,8.8,,,7.6,Passed,,7.2,8.2
FA2024,FA2024-class 9,18,1905AIDACA,7,10,,,7.5,Passed,,6.2,7
FA2024,FA2024-class 9,19,1905AIDHGC,7,10,,,7.8,Passed,,7.5,8
FA2024,FA2024-class 9,20,1905AHBBDD,9,7.8,,,8,Passed,,7.7,6
FA2024,FA2024-class 9,21,1905AIDEEB,9,7.8,,,8,Passed,,7.9,5.8
FA2024,FA2024-class 9,22,1905AICCBC,8,10,,,7.6,Passed,,7.4,7.4
FA2024,FA2024-class 9,23,1905AHJAEJ,8,8.5,,,8,Passed,,7.8,8.6
FA2024,FA2024-class 9,24,1905AHJEHH,9,8.3,,,7.4,Passed,,7.8,7.2
FA2024,FA2024-class 9,25,1905AIBBJG,9.5,10,,,8.2,Passed,,7.8,6.6
FA2024,FA2024-class 9,26,1905AIBCHI,9.5,9,,,6.9,Passed,,6.8,5.8
FA2024,FA2024-class 9,27,1905AIBBCA,9.5,10,,,9.1,Passed,,8.9,9.6
FA2024,FA2024-class 9,28,1905AIBFGD,9,7.4,,,8.2,Passed,,8.5,6.4
FA2024,FA2024-class 9,29,1905AIFBHD,7,10,,,7.9,Passed,,6.8,8.8
FA2024,FA2024-class 9,30,1905AICIDH,8.5,9,,,7.1,Passed,,7.3,5.4
FA2024,FA2024-class 9,31,1905AGBDFE,8,7.4,,,7.5,Passed,,7.8,7.2
FA2024,FA2024-class 9,32,1905AICEIH,9.5,8.7,,,7,Passed,,6.9,6.4
FA2024,FA2024-class 9,33,1905AIBFEB,9,7.4,,,8,Passed,,7.8,6
FA2024,FA2024-class 10,1,1905AGJDCC,7.9,7.8,,,6.8,Passed,,9.1,7.8
FA2024,FA2024-class 10,2,1905AGJEFJ,3.4,8.6,,,7.3,Passed,,9.7,8.4
FA2024,FA2024-class 10,3,1905AHEJFD,8.3,8.9,,,7.9,Passed,,10,7
FA2024,FA2024-class 10,4,1905AHJJII,8.3,8.9,,,8.3,Passed,,9.7,9
FA2024,FA2024-class 10,5,1905AFADGI,6.5,7.5,,,2.8,Attendance Fail,,7.6,0
FA2024,FA2024-class 10,6,1905AHJAIB,7.2,7.4,,,6.7,Passed,,9.1,9.4
FA2024,FA2024-class 10,7,1905AHJJEH,7.2,7.4,,,6.1,Passed,,9.7,6.2
FA2024,FA2024-class 10,8,0405AGJFFD,0,0,,,0,Attendance Fail,,0,0
FA2024,FA2024-class 10,9,1905AHAIAI,8.4,9.1,,,7.4,Passed,,9.3,8.2
FA2024,FA2024-class 10,10,1905AHCFFC,7.9,7.8,,,6.3,Passed,,9.3,5.8
FA2024,FA2024-class 10,11,1905AHDHHD,7.1,8.4,,,6.1,Passed,,8.5,7.6
FA2024,FA2024-class 10,12,1901AGJJHJ,7.8,6.3,,,4.4,Not Passed,,5.9,0
FA2024,FA2024-class 10,13,1905AGADDJ,7.9,7.8,,,6.4,Passed,,6.4,7.2
FA2024,FA2024-class 10,14,1905AHCHDE,9.3,8.6,,,7.3,Passed,,9.5,5.2
FA2024,FA2024-class 10,15,1905AGBACE,5.5,6.3,,,5.2,Passed,,7.9,4.8
FA2024,FA2024-class 10,16,1905AHCAIE,7.1,8.4,,,6.3,Passed,,8.7,8.4
FA2024,FA2024-class 10,17,1905AFJHEH,7.6,7.2,,,7.2,Passed,,8.6,6.6
FA2024,FA2024-class 10,18,1905AGAHBC,7.6,7.2,,,7.6,Passed,,8.2,8.6
FA2024,FA2024-class 10,19,1905AHDGFG,7.1,8.4,,,5.5,Passed,,8.3,4.6
FA2024,FA2024-class 10,20,1905AHCJAH,6.5,7.5,,,3.8,Not Passed,,6.8,0
FA2024,FA2024-class 10,21,1905AFJBCJ,7.6,7.2,,,7.8,Passed,,9.7,8.8
FA2024,FA2024-class 10,22,1905AHDIDC,7.1,8.4,,,5.4,Passed,,8.1,4.2
FA2024,FA2024-class 10,23,1905AHCGHF,8.4,9.1,,,7.5,Passed,,10,8.8
FA2024,FA2024-class 10,24,1905AGCFGH,7.2,7.4,,,6.6,Passed,,9.5,9
FA2024,FA2024-class 10,25,1905AGBBFB,0,0,,,0,Attendance Fail,,0,0
FA2024,FA2024-class 10,26,1905AGCAEF,5.5,6.3,,,3.6,Attendance Fail,,5.3,0
FA2024,FA2024-class 10,27,1905AHCJDA,8.4,9.1,,,7.3,Passed,,9.2,8.2
FA2024,FA2024-class 10,28,1905AGBJJB,7.9,7.8,,,5.2,Not Passed,,8.6,0
FA2024,FA2024-class 10,29,1905AHBFJE,5.1,8.6,,,5.1,Not Passed,,8.3,5.6
FA2024,FA2024-class 10,30,1905AHJDGC,7.2,7.4,,,6.4,Passed,,9.2,8
FA2024,FA2024-class 10,31,1905AGAAJE,8.3,8.9,,,7.9,Passed,,9.7,7.2
FA2024,FA2024-class 10,32,1905AHCDJF,8.4,9.1,,,7.2,Passed,,8.9,7.6
FA2024,FA2024-class 10,33,1905AFBABI,7.6,7.2,,,7.5,Passed,,8.9,7.8
FA2024,FA2024-class 10,34,1905AHBJHD,8.3,8.9,,,8.1,Passed,,9.4,8.4
FA2024,FA2024-class 10,35,1905AHDAHI,8.7,8.6,,,7.8,Passed,,9,8.4
FA2024,FA2024-class 11,1,1905AHJDGB,8,9,,,8,Passed,,8.5,6.8
FA2024,FA2024-class 11,2,1905AGJECG,0,0,,,0,Attendance Fail,,0,0
FA2024,FA2024-class 11,3,1905AHDAGG,6,7,,,5.5,Passed,,6,5.4
FA2024,FA2024-class 11,4,1905AHDDFB,6,8,,,6,Passed,,6,7.6
FA2024,FA2024-class 11,5,1905AHCBGA,6,9,,,6.1,Passed,,6,7.4
FA2024,FA2024-class 11,6,1905AGCFFC,0,0,,,0,Attendance Fail,,0,0
FA2024,FA2024-class 11,7,1905AGBFFA,0,9,,,1.8,Not Passed,,0,4.4
FA2024,FA2024-class 11,8,1905AEJEEH,0,7,,,0.7,Not Passed,,0,0
FA2024,FA2024-class 11,9,1905AGBFCI,6,8,,,5.6,Passed,,7,4.4
FA2024,FA2024-class 11,10,1905AGAEJH,3,7,,,5.4,Not Passed,,6,7.8
FA2024,FA2024-class 11,11,1905AFJIEG,0,0,,,0,Attendance Fail,,0,0
FA2024,FA2024-class 11,12,1905AHEJFG,6,8,,,6.2,Passed,,7,7.2
FA2024,FA2024-class 11,13,1905AGBHBB,3,7,,,5.5,Not Passed,,6,8.4
FA2024,FA2024-class 11,14,1905AGBADC,0,7,,,0.7,Not Passed,,0,0
FA2024,FA2024-class 11,15,1905AGCGJC,0,9,,,0.9,Not Passed,,0,0
FA2024,FA2024-class 11,16,1905AGCFDE,0,7,,,0.7,Not Passed,,0,0
FA2024,FA2024-class 11,17,1905AGBDFB,6,7,,,6,Passed,,7,6.6
FA2024,FA2024-class 11,18,1905AGAFJH,0,7,,,0.7,Not Passed,,0,0
FA2024,FA2024-class 11,19,1905AFAEBA,0,7,,,0.7,Not Passed,,0,0
FA2024,FA2024-class 11,20,1905AHJCGJ,7,9,,,7.7,Passed,,7.5,8.4
FA2024,FA2024-class 11,21,1905AGCBCJ,8,9,,,8.4,Passed,,8.5,8.6
FA2024,FA2024-class 11,22,1905AHJDDB,7,9,,,7.3,Passed,,7.5,6.4
FA2024,FA2024-class 11,23,1905AHCEBJ,0,0,,,0,Attendance Fail,,0,0
FA2024,FA2024-class 11,24,1905AHBDEA,8,9,,,8.3,Passed,,8.5,8.4
FA2024,FA2024-class 11,25,1905AGCJEJ,7,7,,,6.1,Passed,,7.3,4.2
FA2024,FA2024-class 11,26,1905AHJJDA,7,9,,,7.7,Passed,,7.5,8.4
FA2024,FA2024-class 11,27,1905AHJDDE,7,9,,,7.6,Passed,,7.5,7.8
FA2024,FA2024-class 11,28,1905AHJBJB,7,8,,,6.8,Passed,,7.5,6.8
FA2024,FA2024-class 11,29,1905AHEAJE,6,9,,,6.2,Passed,,7,6.6
FA2024,FA2024-class 11,30,1905AGCDID,7,7,,,6.3,Passed,,7.3,5.2
FA2024,FA2024-class 11,31,1905AHCGEB,7,7,,,6.1,Passed,,7.3,6.6
FA2024,FA2024-class 11,32,1905AGBFAJ,8,7,,,8.1,Passed,,8,8.6
FA2024,FA2024-class 11,33,1905AGJEFB,7,8,,,6.3,Passed,,7.3,4.4
FA2024,FA2024-class 11,34,1905AGAAHB,5,8,,,5.2,Passed,,6,5.2
FA2024,FA2024-class 11,35,1905AGBEHB,6,7,,,5.9,Passed,,7,6
FA2024,FA2024-class 12,1,1905AHBDEC,8.5,9,,,8.5,Passed,,8.3,8.8
FA2024,FA2024-class 12,2,1705AHJADJ,8.5,9,,,8.6,Passed,,9.5,9
FA2024,FA2024-class 12,3,1905AHAGJA,0,0,,,0,Attendance Fail,,0,0
FA2024,FA2024-class 12,4,1905AHCGFE,6.5,9,,,7.4,Passed,,8.3,8.4
FA2024,FA2024-class 12,5,1905AHDBFJ,5,5,,,5.4,Not Passed,,8.5,3.4
FA2024,FA2024-class 12,6,1905AGJEHA,7,8,,,7.4,Passed,,9.4,7.8
FA2024,FA2024-class 12,7,1905AGBDCE,0,0,,,0,Attendance Fail,,0,0
FA2024,FA2024-class 12,8,1905AGJDEF,0,0,,,0,Attendance Fail,,0,0
FA2024,FA2024-class 12,9,1905AHCEBF,6,7,,,6.8,Passed,,8.2,7.2
FA2024,FA2024-class 12,10,1905AHJCAC,7,8.5,,,7.7,Passed,,8.8,9.4
FA2024,FA2024-class 12,11,1905AHCECA,6,7.5,,,6.4,Passed,,8.1,5
FA2024,FA2024-class 12,12,1905AGBEDF,0,0,,,0,Attendance Fail,,0,0
FA2024,FA2024-class 12,13,1905AHBIAB,0,0,,,0,Attendance Fail,,0,0
FA2024,FA2024-class 12,14,1905AHBHHE,7,4,,,6.5,Passed,,7.7,5.8
FA2024,FA2024-class 12,15,1905AHCHIC,6.5,9,,,6.6,Passed,,8.1,5.2
FA2024,FA2024-class 12,16,1905AHBHAI,6.5,2,,,5.5,Passed,,8,4
FA2024,FA2024-class 12,17,1905AHCHEI,6,7,,,6.6,Passed,,8.1,6
FA2024,FA2024-class 12,18,1905AHDCBG,5,9.5,,,6.6,Passed,,8.2,7.2
FA2024,FA2024-class 12,19,1905AFAFJG,0,0,,,0,Attendance Fail,,0,0
FA2024,FA2024-class 12,20,1905AHBGJE,6.5,4,,,4.1,Attendance Fail,,0,0
FA2024,FA2024-class 12,21,1905AFJEBE,5,1,,,5.7,Passed,,8.7,6.8
FA2024,FA2024-class 12,22,1905AHDCJF,8.5,9,,,8.4,Passed,,9.4,8.2
FA2024,FA2024-class 12,23,1905AGAHHG,0,0,,,0,Attendance Fail,,0,0
FA2024,FA2024-class 12,24,1905AHJCFJ,8,9,,,8.4,Passed,,9.2,8.4
FA2024,FA2024-class 12,25,1905AHBIHJ,0,0,,,0,Attendance Fail,,0,0
FA2024,FA2024-class 12,26,1905AGBFGH,0,0,,,0,Attendance Fail,,0,0
FA2024,FA2024-class 12,27,1905AEADIC,6,7.5,,,7.1,Passed,,8.3,8.2
FA2024,FA2024-class 13,1,1905AGADFC,0,5.2,,,0.5,Attendance Fail,,0,0
FA2024,FA2024-class 13,2,1905AHBHDJ,7,7.6,,,6.9,Passed,,5.5,7.6
FA2024,FA2024-class 13,3,1905AGBDGF,7,9.6,,,6.4,Passed,,6,4.6
FA2024,FA2024-class 13,4,1905AHBEAF,0,5.5,,,0.8,Not Passed,,2.2,0
FA2024,FA2024-class 13,5,1905AFJEFJ,9,6.9,,,7.8,Passed,,8.2,7.4
FA2024,FA2024-class 13,6,1905AHDHBA,8,10,,,8.2,Passed,,6.5,8.4
FA2024,FA2024-class 13,7,1905AGJCED,0,8.8,,,0.9,Attendance Fail,,0,0
FA2024,FA2024-class 13,8,1905AEJGEJ,0,4.6,,,0.5,Attendance Fail,,0,0
FA2024,FA2024-class 13,9,1905AHJDBC,0,0,,,0,Attendance Fail,,0,0
FA2024,FA2024-class 13,10,1905AHJEDI,8,5.9,,,6.5,Passed,,5.9,5.4
FA2024,FA2024-class 13,11,1905AGABAE,7,1.1,,,5.8,Passed,,3.5,7
FA2024,FA2024-class 13,12,1905AHCEJB,0,6.2,,,0.6,Attendance Fail,,0,0
FA2024,FA2024-class 13,13,1905AHAIID,0,7.6,,,0.8,Attendance Fail,,0,0
FA2024,FA2024-class 13,14,1905AHAIDH,0,6,,,0.6,Attendance Fail,,0,0
FA2024,FA2024-class 13,15,1905AGBEDD,7,6.7,,,6,Passed,,6.5,4.2
FA2024,FA2024-class 13,16,1905AHJDIC,0,0,,,0,Attendance Fail,,0,0
FA2024,FA2024-class 13,17,1905AHBJGI,9,0,,,2.6,Attendance Fail,,4.3,0
FA2024,FA2024-class 13,18,1905AHAGBF,0,8.7,,,0.9,Not Passed,,0,0
FA2024,FA2024-class 13,19,1905AFAEAC,9,9.4,,,7.4,Passed,,7.7,4.4
FA2024,FA2024-class 13,20,1905AHDEEC,0,5.4,,,0.5,Attendance Fail,,0,0
FA2024,FA2024-class 13,21,1905AGJCEI,0,7.8,,,0.8,Attendance Fail,,0,0
FA2024,FA2024-class 13,22,1905AHJGFF,0,0,,,0,Attendance Fail,,0,0
FA2024,FA2024-class 13,23,1905AFJJII,0,0,,,0,Not Passed,,0,0
FA2024,FA2024-class 13,24,1905AHJDHH,8,6.6,,,4.2,Not Passed,,5,0
FA2024,FA2024-class 13,25,1905AGAHEF,9,5.6,,,7,Passed,,4.8,5.6
FA2024,FA2024-class 14,1,1905AHCFAA,2,5.2,,,2.2,Not Passed,,3.4,0
FA2024,FA2024-class 14,2,1905AHDDAF,2,7.5,,,2.5,Not Passed,,4.3,0
FA2024,FA2024-class 14,3,1905AHDEEB,8.5,6.9,,,5.5,Not Passed,,4.4,7.2
FA2024,FA2024-class 14,4,1905AHCABF,8.5,7.1,,,6.4,Passed,,5.9,8.2
FA2024,FA2024-class 14,5,1705AHJAEI,9,9.6,,,8.2,Passed,,5.9,8.2
FA2024,FA2024-class 14,6,1905AHCIAB,2,7.6,,,2.5,Not Passed,,4.4,0
FA2024,FA2024-class 14,7,1905AGAECF,7,0,,,0.7,Attendance Fail,,0,0
FA2024,FA2024-class 14,8,1905AGAEBI,7.5,9.7,,,7.4,Passed,,4.5,7.8
FA2024,FA2024-class 14,9,1905AHCDDB,8.5,8.3,,,6.2,Passed,,6.4,6.4
FA2024,FA2024-class 14,10,1905AHDCGE,9,7.2,,,7.7,Passed,,5.7,6.6
FA2024,FA2024-class 14,11,1905AGABHE,7,0,,,0.7,Attendance Fail,,0,0
FA2024,FA2024-class 14,12,1905AHDCDE,7,10,,,6.2,Passed,,7.2,4.6
FA2024,FA2024-class 14,13,1905AHBFGG,9,0.8,,,7.4,Passed,,7.2,8
FA2024,FA2024-class 14,14,1905AHEJBC,9,8,,,7.7,Passed,,6.9,5.6
FA2024,FA2024-class 14,15,1905AHCDDH,8.5,7.3,,,6.3,Passed,,5.9,8
FA2024,FA2024-class 14,16,1905AHDDIF,8.5,7.9,,,5.8,Not Passed,,6,7.4
FA2024,FA2024-class 14,17,1905AHDBHA,7.5,0,,,0.8,Attendance Fail,,0,0
FA2024,FA2024-class 14,18,1905AHJEHH,2,8.2,,,2.6,Not Passed,,4.5,0
FA2024,FA2024-class 14,19,1905AHEJHE,8.5,5.6,,,5.6,Passed,,5.9,5
FA2024,FA2024-class 14,20,1905AGJDHG,8.5,7.1,,,5.5,Passed,,5.5,4.2
FA2024,FA2024-class 14,21,1905AGBHGJ,7.5,10,,,7.6,Passed,,7.2,7.4
FA2024,FA2024-class 14,22,1905AHJJAJ,7,10,,,7.3,Passed,,8.8,8.4
FA2024,FA2024-class 14,23,1905AHAFII,8.5,6.5,,,5.4,Not Passed,,4.8,6.6
FA2024,FA2024-class 15,1,1905AHJAAE,3.9,5.7,,,6.7,Passed,,6,7.2
FA2024,FA2024-class 15,2,1905AFAJFB,6.4,9,,,7.9,Passed,,9.4,7.6
FA2024,FA2024-class 15,3,1905AGJACC,5.9,5.1,,,2.4,Attendance Fail,,6.9,0
FA2024,FA2024-class 15,4,1905AGJEDF,5.9,5.1,,,2.4,Attendance Fail,,6.2,0
FA2024,FA2024-class 15,5,1905AHJAIA,7.9,5.7,,,6.9,Passed,,6.6,6
FA2024,FA2024-class 15,6,1905AGCCDH,5.8,7.8,,,3.9,Not Passed,,8.1,0
FA2024,FA2024-class 15,7,1905AIJFEI,6.4,9,,,7.9,Passed,,8.4,8
FA2024,FA2024-class 15,8,1905AGJJFA,7.4,4.6,,,4.7,Not Passed,,7,5.4
FA2024,FA2024-class 15,9,1905AGJBFC,6.1,7.8,,,3.8,Not Passed,,7.2,0
FA2024,FA2024-class 15,10,1905AHJAEI,7.9,5.7,,,7.3,Passed,,7.4,7.8
FA2024,FA2024-class 15,11,1905AGCCJJ,6.4,9,,,7,Passed,,7.2,4
FA2024,FA2024-class 15,12,0405AHJFHJ,6.4,9,,,7.4,Passed,,7.2,6.2
FA2024,FA2024-class 15,13,0305AHADBJ,6.2,8.9,,,6.9,Passed,,8.4,5.8
FA2024,FA2024-class 15,14,1905AHCFII,6.2,8.9,,,7.6,Passed,,8.5,9.4
FA2024,FA2024-class 15,15,1905AGJDEA,7.4,0,,,0.9,Attendance Fail,,1.9,0
FA2024,FA2024-class 15,16,1905AHDFBD,3.9,5.7,,,6.5,Passed,,6.2,6.2
FA2024,FA2024-class 15,17,1905AGJEHF,6.5,4.6,,,4.6,Not Passed,,6.5,5.8
FA2024,FA2024-class 15,18,1901AGJAIE,4.6,7.8,,,3,Not Passed,,3.3,0
FA2024,FA2024-class 15,19,1905AGCGJI,5.1,1.2,,,5.5,Passed,,8.2,6.4
FA2024,FA2024-class 15,20,1905AGJEFD,7.2,6.8,,,6.3,Passed,,7.7,9
FA2024,FA2024-class 15,21,1905AGBBED,5.1,1.2,,,5.7,Passed,,7.3,8
FA2024,FA2024-class 15,22,1905AGBFEG,5.9,0,,,0.8,Attendance Fail,,2.1,0
FA2024,FA2024-class 15,23,1905AGBCBF,7.2,6.8,,,6,Passed,,8.3,7.4
FA2024,FA2024-class 15,24,1905AGJJJI,6.2,8.9,,,7.3,Passed,,8.5,8.2
FA2024,FA2024-class 15,25,1905AGAHCC,7.4,4.6,,,1.9,Attendance Fail,,3.7,0
FA2024,FA2024-class 15,26,1905AGCDAG,5.1,0,,,0.8,Attendance Fail,,2.4,0
FA2024,FA2024-class 15,27,1905AGAGDB,7.2,6.8,,,6.1,Passed,,8.4,8
FA2024,FA2024-class 15,28,1905AGJABD,5.9,5.1,,,2.4,Attendance Fail,,6.6,0
FA2024,FA2024-class 15,29,1905AGJDDH,7.2,6.8,,,6.9,Passed,,6.5,9
FA2024,FA2024-class 15,30,1905AGJBHF,5.1,1.2,,,5.2,Passed,,6,6.4
FA2024,FA2024-class 15,31,1905AFJIEB,6.2,8.9,,,7.6,Passed,,8.4,9.4
FA2024,FA2024-class 15,32,1905AGBHII,4.6,7.8,,,3.6,Not Passed,,9,0
FA2024,FA2024-class 16,1,1905AGCJFA,8,5.4,,,1.3,Attendance Fail,,0,0
FA2024,FA2024-class 16,2,1905AHBJAI,9,7.8,,,7.1,Passed,,6.5,7.8
FA2024,FA2024-class 16,3,1905AHJFDB,9,10,,,7.5,Passed,,7.4,5.6
FA2024,FA2024-class 16,4,1905AHCBCC,9,10,,,7.8,Passed,,6.8,8
FA2024,FA2024-class 16,5,1905AHJFID,8,2.7,,,6.4,Passed,,5.4,7.6
FA2024,FA2024-class 16,6,1905AHAHCA,8,3.5,,,6.7,Passed,,5,8.2
FA2024,FA2024-class 16,7,1905AGJBAJ,0,0,,,0,Attendance Fail,,0,0
FA2024,FA2024-class 16,8,1905AIDEFB,0,0,,,0,Attendance Fail,,0,0
FA2024,FA2024-class 16,9,1905AHBHBC,8,7,,,7.7,Passed,,7,6
FA2024,FA2024-class 16,10,1905AHJCFC,9,10,,,7.4,Passed,,6.7,5.8
FA2024,FA2024-class 16,11,1905AHAGDA,8,6.4,,,7.5,Passed,,5,7
FA2024,FA2024-class 16,12,1905AHAGHG,9,7.6,,,6.7,Passed,,6.2,6
FA2024,FA2024-class 16,13,1905AHCAIJ,9,10,,,8.2,Passed,,7.7,9
FA2024,FA2024-class 16,14,1905AHBJAJ,9,7.4,,,6.8,Passed,,7,5.8
FA2024,FA2024-class 16,15,1905AHAEBD,8,4.5,,,6.4,Passed,,5.5,6
FA2024,FA2024-class 16,16,1905AHCFHD,0,0,,,0,Attendance Fail,,0,0
FA2024,FA2024-class 16,17,1905AHJFGC,8,10,,,7.1,Passed,,4.5,7.4
FA2024,FA2024-class 16,18,1905AHAGBC,8.5,6.7,,,7,Passed,,6.7,6.6
FA2024,FA2024-class 16,19,1905AGACHC,0,0,,,0,Attendance Fail,,0,0
FA2024,FA2024-class 16,20,1905AHBJJI,8.5,8.6,,,7.1,Passed,,6.2,6.8
FA2024,FA2024-class 16,21,1905AGJDDC,0,0,,,0,Attendance Fail,,0,0
FA2024,FA2024-class 16,22,1905AHAEAG,8,6.8,,,7.5,Passed,,5.8,6.4
FA2024,FA2024-class 16,23,1905AHJEAH,8,9.6,,,5.8,Not Passed,,5.3,8.8
FA2024,FA2024-class 16,24,1905AHBBCG,8,7.8,,,7.8,Passed,,6.5,7
FA2024,FA2024-class 16,25,1905AHJGJD,8,0.7,,,5.5,Passed,,5.3,4.2
FA2024,FA2024-class 16,26,1905AHDHGD,8.5,9.8,,,7.5,Passed,,6.4,8
FA2024,FA2024-class 16,27,1905AHJBII,8,9.1,,,4.1,Not Passed,,5.4,0
FA2024,FA2024-class 16,28,1905AHBAGA,8,5.8,,,6.6,Passed,,5.2,6.4
FA2024,FA2024-class 16,29,1905AHAIFF,8.5,7.9,,,6.8,Passed,,6,5.4
FA2024,FA2024-class 16,30,1905AHJCEC,8,7.3,,,3.9,Not Passed,,5.5,0
FA2024,FA2024-class 16,31,1905AHJGBJ,8,0.6,,,0.9,Attendance Fail,,0,0
FA2024,FA2024-class 16,32,1905AHJFFG,8,0.7,,,6.3,Passed,,6.4,7.8
FA2024,FA2024-class 16,33,1905AHBAAE,9,6.9,,,7,Passed,,6,8
FA2024,FA2024-class 17,1,1905AHDJIA,8,8,,,8.1,Passed,,8.3,7.6
FA2024,FA2024-class 17,2,1905AHBDFJ,8,9,,,7.9,Passed,,8,6.4
FA2024,FA2024-class 17,3,1905AHCDDA,8,8,,,8.1,Passed,,8.3,7.4
FA2024,FA2024-class 17,4,1905AHBDFC,8,9,,,7.3,Passed,,8,5
FA2024,FA2024-class 17,5,1905AHCAEF,7,9,,,7.5,Passed,,7,7.4
FA2024,FA2024-class 17,6,1905AHJDAH,8,9,,,8.1,Passed,,8,7.8
FA2024,FA2024-class 17,7,1905AHBFBB,7,7,,,6.6,Passed,,7.5,4.8
FA2024,FA2024-class 17,8,1905AHJJEF,8,7,,,8,Passed,,7.5,8.4
FA2024,FA2024-class 17,9,1905AHCJFD,8,7,,,8.1,Passed,,7.5,8.8
FA2024,FA2024-class 17,10,1905AGJCHB,7.3,7,,,7.3,Passed,,7.5,7.2
FA2024,FA2024-class 17,11,1905AHCDII,7,7,,,7,Passed,,7.3,9.2
FA2024,FA2024-class 17,12,1905AHCAHJ,8,8,,,8,Passed,,8.5,6.8
FA2024,FA2024-class 17,13,1905AHCBJB,8,8,,,8.2,Passed,,8,8.6
FA2024,FA2024-class 17,14,1905AHBGDH,2,9,,,4.5,Not Passed,,7,8.4
FA2024,FA2024-class 17,15,1905AHBCHI,9,9,,,8.5,Passed,,8.5,8.2
FA2024,FA2024-class 17,16,1905AHCACC,7,9,,,7,Passed,,7,4.6
FA2024,FA2024-class 17,17,1905AHBDGE,8,9,,,7.5,Passed,,8,5.8
FA2024,FA2024-class 17,18,1905AHCDDI,8,8,,,8.4,Passed,,8.5,8.8
FA2024,FA2024-class 17,19,1905AHCIGH,7,8,,,7,Passed,,7.5,6.4
FA2024,FA2024-class 17,20,1905AHBGIF,0,7,,,0.7,Not Passed,,0,0
FA2024,FA2024-class 17,21,1905AHCACJ,6.5,8,,,7,Passed,,7,6.6
FA2024,FA2024-class 17,22,1905AHBGCJ,9,9,,,8.4,Passed,,8.5,7.8
FA2024,FA2024-class 17,23,1905AHBDCC,7.3,9,,,7.7,Passed,,7.5,8.2
FA2024,FA2024-class 17,24,1905AHCCEJ,9,9,,,8.6,Passed,,8.5,8.8
FA2024,FA2024-class 17,25,1905AHBGGE,7,8,,,6,Passed,,6.5,4.4
FA2024,FA2024-class 17,26,1905AHBICB,7,8,,,7.2,Passed,,7.5,7.4
FA2024,FA2024-class 17,27,1905AHJGDC,9,9,,,8.5,Passed,,8.5,8.4
FA2024,FA2024-class 17,28,1905AHCEDC,7.3,8,,,7.4,Passed,,7.5,7.6
FA2024,FA2024-class 17,29,1905AHJDCJ,7,7,,,6.9,Passed,,7.5,6.4
FA2024,FA2024-class 17,30,1905AHCJFH,8,9,,,8.1,Passed,,8.5,7.4
FA2024,FA2024-class 17,31,1919AGJJDG,7.5,8,,,7.7,Passed,,7.3,9.4
FA2024,FA2024-class 17,32,1905AHCACB,7.3,8,,,7.3,Passed,,7.5,7
FA2024,FA2024-class 17,33,1905AHCAAC,7,8,,,7.4,Passed,,7.3,7.8
FA2024,FA2024-class 17,34,1905AHCJAB,7,7,,,7.5,Passed,,7.3,9
FA2024,FA2024-class 17,35,1905AHBBFA,0,0,,,0,Attendance Fail,,0,0
FA2024,FA2024-class 18,1,1905AHCGAJ,6.4,0.5,,,2.5,Not Passed,,6.6,3.2
FA2024,FA2024-class 18,2,1905AHDHDJ,8.5,8.3,,,8.1,Passed,,9.4,8.4
FA2024,FA2024-class 18,3,1905AHBCFB,8.2,0,,,2.3,Attendance Fail,,8.4,0
FA2024,FA2024-class 18,4,1905AHJAJH,3.9,1.2,,,3.8,Not Passed,,7,5
FA2024,FA2024-class 18,5,1905AHCIJJ,8.2,8.8,,,7.1,Passed,,8.9,6.6
FA2024,FA2024-class 18,6,1905AHCFFG,0,0,,,0.1,Attendance Fail,,0.5,0
FA2024,FA2024-class 18,7,1905AHDBFA,7.2,8.6,,,7.6,Passed,,8,8
FA2024,FA2024-class 18,8,1905AHJBDE,7.9,6.4,,,7.1,Passed,,7.6,5.6
FA2024,FA2024-class 18,9,1905AHBGCH,7.9,6.4,,,7.6,Passed,,8.8,7.2
FA2024,FA2024-class 18,10,1905AFAGBG,8,7.8,,,7.5,Passed,,8.9,7
FA2024,FA2024-class 18,11,1905AHDDBF,4.3,5.7,,,6.7,Passed,,6.8,9.4
FA2024,FA2024-class 18,12,1905AHCHEB,8.5,8.3,,,7.8,Passed,,9.2,7
FA2024,FA2024-class 18,13,1905AHCIEH,1,1.2,,,2.5,Not Passed,,6.4,0
FA2024,FA2024-class 18,14,1905AHCFEH,8.1,7.8,,,7.8,Passed,,8.9,8.4
FA2024,FA2024-class 18,15,1905AHBHCE,7.9,6.4,,,7.2,Passed,,8.7,5.2
FA2024,FA2024-class 18,16,1905AHDJCA,7.2,8.6,,,7.5,Passed,,7.1,7.8
FA2024,FA2024-class 18,17,1905AHCGJJ,8.2,0.5,,,1.7,Not Passed,,4.1,0
FA2024,FA2024-class 18,18,1905AHDBFF,7.1,5.7,,,6,Passed,,2.9,6.6
FA2024,FA2024-class 18,19,1905AGBJID,7.1,5.7,,,6.4,Passed,,5.8,7
FA2024,FA2024-class 18,20,1905AHCFEC,6.4,0,,,2,Attendance Fail,,7.6,0
FA2024,FA2024-class 18,21,1905AHDJGA,7.4,5.7,,,6.5,Passed,,6.8,6.8
FA2024,FA2024-class 18,22,1905AGBBHE,6.8,2.3,,,5.7,Not Passed,,8.4,9.4
FA2024,FA2024-class 18,23,1901AHJJAC,8.2,8.8,,,7.6,Passed,,8.8,9.2
FA2024,FA2024-class 18,24,1905AHDEHA,8.2,8.8,,,7.3,Passed,,9.9,7
FA2024,FA2024-class 18,25,1905AHDJJJ,8,7.8,,,7.8,Passed,,9,8.8
FA2024,FA2024-class 18,26,1905AGABBJ,7.2,8.6,,,7.5,Passed,,7.2,7.6
FA2024,FA2024-class 18,27,1905AHDAAB,8.5,8.3,,,8,Passed,,9.1,7.8
FA2024,FA2024-class 18,28,1905AHEJJE,3.9,1.2,,,2.8,Not Passed,,6.5,0
FA2024,FA2024-class 18,29,1905AHCAEE,7.9,6.4,,,7.1,Passed,,8,5.4
FA2024,FA2024-class 18,30,1905AHBFFF,7.8,2.3,,,5,Not Passed,,7.3,6
FA2024,FA2024-class 18,31,1905AGACJD,6.8,2.3,,,4.8,Not Passed,,6.5,6
FA2024,FA2024-class 18,32,1905AHJDCF,8.2,8.8,,,7.7,Passed,,9.5,9.2
FA2024,FA2024-class 18,33,1905AHDJEE,7.2,8.6,,,7.2,Passed,,6.8,6.6
FA2024,FA2024-class 18,34,1905AHCAJI,8.5,8.3,,,7.6,Passed,,7.9,7.6
FA2024,FA2024-class 19,1,1905AHBCHD,0,0,,,0,Attendance Fail,,0,0
FA2024,FA2024-class 19,2,1905AHJDDF,7.5,9.5,,,6.9,Passed,,8.6,6.8
FA2024,FA2024-class 19,3,1905AHBCBA,0,0,,,0,Attendance Fail,,0,0
FA2024,FA2024-class 19,4,1905AHCIJF,0,0,,,0,Attendance Fail,,0,0
FA2024,FA2024-class 19,5,1905AHBBCJ,7.5,9,,,6.6,Passed,,8.7,6.2
FA2024,FA2024-class 19,6,1905AHBBBG,7.5,9.5,,,6.8,Passed,,8.5,6.2
FA2024,FA2024-class 19,7,1905AHBDBA,8,9,,,8,Passed,,9,8.2
FA2024,FA2024-class 19,8,1905AHDADC,8,9.5,,,7.7,Passed,,7.3,7
FA2024,FA2024-class 19,9,1905AHDDDB,7,9.5,,,7.1,Passed,,8.8,8.8
FA2024,FA2024-class 19,10,1905AHDDDE,7,9.5,,,6.6,Passed,,8.6,6.2
FA2024,FA2024-class 19,11,1905AHDHIC,0,0,,,0,Attendance Fail,,0,0
FA2024,FA2024-class 19,12,1905AHDGGD,8,9,,,7.8,Passed,,4,9.4
FA2024,FA2024-class 19,13,1905AHBHJG,7,5,,,6.4,Passed,,9.3,7.4
FA2024,FA2024-class 19,14,1905AHDCHE,0,0,,,0,Attendance Fail,,0,0
FA2024,FA2024-class 19,15,1905AHDAAA,8,9.5,,,7.9,Passed,,8.4,7.4
FA2024,FA2024-class 19,16,1905AHBCIF,0,0,,,0,Attendance Fail,,0,0
FA2024,FA2024-class 19,17,1905AHJFFA,7.5,6.5,,,7,Passed,,8.6,8.6
FA2024,FA2024-class 19,18,1905AFAFBE,7.5,7,,,5.6,Not Passed,,4.5,3.6
SP2020,SP2020-class 1,1,1905FBCFD,8.5,10,6,9.5,7.9,Passed,,,
SP2020,SP2020-class 1,2,1905ADJEHF,7.5,10,5.2,10,7.6,Passed,,,
SP2020,SP2020-class 1,3,1905ADJHFB,10,10,5.2,10,8.1,Passed,,,
SP2020,SP2020-class 1,4,1905ADJIAI,10,10,4.4,10,7.8,Passed,,,
SP2020,SP2020-class 1,5,1905ADJGGC,7.5,10,7.4,9.5,8.3,Passed,,,
SP2020,SP2020-class 1,6,1905ADJECC,9,10,0,8.5,5.3,Not Passed,,,
SP2020,SP2020-class 1,7,1905ADJCGG,10,10,7,9,8.5,Passed,,,
SP2020,SP2020-class 1,8,1905ADAJDH,9,10,5.4,9,7.7,Passed,,,
SP2020,SP2020-class 1,9,1905FBIAH,8,10,5,7.5,6.8,Passed,,,
SP2020,SP2020-class 1,10,1905ADJBHH,5.5,10,5.8,6.5,6.4,Passed,,,
SP2020,SP2020-class 1,11,1905ADJHDB,9,10,4.8,10,7.7,Passed,,,
SP2020,SP2020-class 1,12,1905ADAJBA,8.5,10,5.8,8,7.4,Passed,,,
SP2020,SP2020-class 1,13,1905FBGHA,9,10,2.4,10,6.8,Not Passed,,,
SP2020,SP2020-class 1,14,1905ADJFBA,8.5,10,6.2,9,7.9,Passed,,,
SP2020,SP2020-class 1,15,1905ADJBAJ,4.5,10,4.8,10,6.8,Passed,,,
SP2020,SP2020-class 1,16,1905ADJEDA,8,10,7.2,10,8.5,Passed,,,
SP2020,SP2020-class 1,17,1905ADJIFB,10,10,7.4,10,9,Passed,,,
SP2020,SP2020-class 1,18,1905ADJEHC,9.5,10,5.4,10,8.1,Passed,,,
SP2020,SP2020-class 1,19,1905ADAACD,9.5,10,7,10,8.7,Passed,,,
SP2020,SP2020-class 1,20,1905ADJIJA,9.5,10,5.2,9.5,7.8,Passed,,,
SP2020,SP2020-class 1,21,1905ADAADJ,8,10,7.8,9.5,8.6,Passed,,,
SP2020,SP2020-class 1,22,1905FBCBE,10,10,7,10,8.8,Passed,,,
SP2020,SP2020-class 1,23,1905FBDGE,9.5,10,6.8,9.5,8.5,Passed,,,
SP2020,SP2020-class 1,24,1905FCEBH,8.5,10,4.6,10,7.5,Passed,,,
SP2020,SP2020-class 1,25,1905ADJDAA,9.5,10,0,10,5.9,Not Passed,,,
SP2020,SP2020-class 1,26,1905ADJAAD,9.5,10,5.8,10,8.2,Passed,,,
SP2020,SP2020-class 1,27,1905ADAJEB,10,10,7,10,8.8,Passed,,,
SP2020,SP2020-class 1,28,1905ADJHAI,9.5,10,7.6,10,8.9,Passed,,,
SP2020,SP2020-class 2,1,1905ADJDDJ,8.5,0,0,0,1.7,Not Passed,,,
SP2020,SP2020-class 2,2,1905ADJCHD,8,10,5.4,7,6.9,Passed,,,
SP2020,SP2020-class 2,3,1905ACJJCB,8.5,10,6.2,9.5,8,Passed,,,
SP2020,SP2020-class 2,4,1905FCDBE,6.5,10,0,8.5,4.8,Not Passed,,,
SP2020,SP2020-class 2,5,1905ADJHCG,0,0,0,0,0,Attendance Fail,,,
SP2020,SP2020-class 2,6,1905ADJIJG,9.5,10,7.6,10,8.9,Passed,,,
SP2020,SP2020-class 2,7,1905ADAABF,9.5,10,4.4,9.5,7.5,Passed,,,
SP2020,SP2020-class 2,8,1905ADJIIH,6.5,10,6,8.5,7.3,Passed,,,
SP2020,SP2020-class 2,9,1905ADJDGH,9.5,10,0,9.5,5.8,Not Passed,,,
SP2020,SP2020-class 2,10,1905ADJHBB,9,10,6.4,9.5,8.2,Passed,,,
SP2020,SP2020-class 2,11,1905ADJHHG,9,10,5.4,9.5,7.8,Passed,,,
SP2020,SP2020-class 2,12,1905ACJEBB,9,10,4.6,10,7.6,Passed,,,
SP2020,SP2020-class 2,13,1905ADJIEB,9.5,10,4.2,10,7.6,Passed,,,
SP2020,SP2020-class 2,14,1905ADJEAD,9.5,10,4.6,9.5,7.6,Passed,,,
SP2020,SP2020-class 2,15,1905ADAADA,10,10,0,9.5,5.8,Not Passed,,,
SP2020,SP2020-class 2,16,1905ADJAIB,9,10,5.8,9.5,8,Passed,,,
SP2020,SP2020-class 2,17,1905ADJCEF,0,0,0,0,0,Attendance Fail,,,
SP2020,SP2020-class 2,18,1905ADJEFG,10,10,0,9.5,5.8,Not Passed,,,
SP2020,SP2020-class 2,19,1905ADJDEB,9.5,10,4.2,9.5,7.4,Passed,,,
SP2020,SP2020-class 2,20,1905ADJCED,8,10,5.8,10,7.9,Passed,,,
SP2020,SP2020-class 2,21,1905ADAJFE,8.5,10,0,8.5,5.3,Not Passed,,,
SP2020,SP2020-class 2,22,1905ADAJHI,9.5,10,6.4,9.5,8.3,Passed,,,
SP2020,SP2020-class 2,23,1905ADAJAG,8,10,7,9,8.1,Passed,,,
SP2020,SP2020-class 2,24,1905ADJEDH,7.5,10,7.2,10,8.4,Passed,,,
SP2020,SP2020-class 2,25,1905ADAACA,0,0,0,0,0,Attendance Fail,,,
SP2020,SP2020-class 2,26,1905ADJHDA,9.5,10,0,9.5,5.8,Not Passed,,,
SP2020,SP2020-class 2,27,1905ADJABH,8.5,10,7,9.5,8.4,Passed,,,
SP2020,SP2020-class 2,28,1905ADJEEF,7.5,10,5,10,7.5,Passed,,,
SP2020,SP2020-class 2,29,1905ADJECI,9.5,10,6,10,8.3,Passed,,,
SP2020,SP2020-class 2,30,1905ADJEEJ,9.5,10,5.2,9,7.7,Passed,,,
SP2020,SP2020-class 3,1,1905ADJFGJ,7,10,0,10,5.4,Not Passed,,,
SP2020,SP2020-class 3,2,1905ADJHCE,9.5,10,5.4,9.5,7.9,Passed,,,
SP2020,SP2020-class 3,3,1905ADJEAJ,9,10,0,10,5.8,Not Passed,,,
SP2020,SP2020-class 3,4,1905ADJGJB,4,10,4,9.5,6.3,Passed,,,
SP2020,SP2020-class 3,5,1905ADJAGH,6,10,3.8,9.5,6.6,Not Passed,,,
SP2020,SP2020-class 3,6,1905ADJIDD,7,10,7.4,10,8.4,Passed,,,
SP2020,SP2020-class 3,7,1905FCEJF,8.5,10,5.2,9.5,7.6,Passed,,,
SP2020,SP2020-class 3,8,1905ADJCEB,9,10,6.2,9.5,8.1,Passed,,,
SP2020,SP2020-class 3,9,1905ADJGIC,7,10,5,8,6.8,Passed,,,
SP2020,SP2020-class 3,10,1905ADJFEF,7.5,10,5,10,7.5,Passed,,,
SP2020,SP2020-class 3,11,1905ADJIDB,0,0,0,0,0,Attendance Fail,,,
SP2020,SP2020-class 3,12,1905ADJCIH,8,10,4,9,6.9,Passed,,,
SP2020,SP2020-class 3,13,1905ADJGHH,10,10,4.8,9.5,7.8,Passed,,,
SP2020,SP2020-class 3,14,1905ADJHFI,9,10,5.8,9.5,8,Passed,,,
SP2020,SP2020-class 3,15,1905ACJBGC,9.5,10,4,9.5,7.3,Passed,,,
SP2020,SP2020-class 3,16,1905ADJHCH,10,10,5.4,9.5,8,Passed,,,
SP2020,SP2020-class 3,17,1905ADJCID,8.5,10,3.6,9.5,7,Not Passed,,,
SP2020,SP2020-class 3,18,1905ADAJFA,9,10,4.6,8,7,Passed,,,
SP2020,SP2020-class 3,19,1905ADJGGB,5.5,10,5,10,7.1,Passed,,,
SP2020,SP2020-class 3,20,1905ADJDGJ,8.5,10,6,9.5,7.9,Passed,,,
SP2020,SP2020-class 3,21,1905ADAAEE,10,10,5,9.5,7.8,Passed,,,
SP2020,SP2020-class 3,22,1905ADJDHD,8,10,0,10,5.6,Not Passed,,,
SP2020,SP2020-class 3,23,1905ADJDBH,4,10,0,7,3.9,Not Passed,,,
SP2020,SP2020-class 4,1,1905ADJECE,9.5,10,6.4,7,7.6,Passed,,,
SP2020,SP2020-class 4,2,1905ADJIAH,8,0,0,0,1.6,Not Passed,,,
SP2020,SP2020-class 4,3,1905ADJEFJ,9.5,10,4.2,10,7.6,Passed,,,
SP2020,SP2020-class 4,4,1905ADJIIA,9,10,5,9.5,7.7,Passed,,,
SP2020,SP2020-class 4,5,1905ADJFJG,9,10,0,9.5,5.7,Not Passed,,,
SP2020,SP2020-class 4,6,1905ADJBHF,9.5,10,7,9,8.4,Passed,,,
SP2020,SP2020-class 4,7,1905ADJIFJ,7,10,0,8,4.8,Not Passed,,,
SP2020,SP2020-class 4,8,1905ADJHDG,7.5,10,6.4,7.5,7.3,Passed,,,
SP2020,SP2020-class 4,9,1905ADAJJI,9.5,10,6.6,9,8.2,Passed,,,
SP2020,SP2020-class 4,10,1905ADAJJB,9,10,5.8,9,7.8,Passed,,,
SP2020,SP2020-class 4,11,1905ADJCIB,8.5,10,5.8,8,7.4,Passed,,,
SP2020,SP2020-class 4,12,1905ADJEDI,10,10,6.6,9.5,8.5,Passed,,,
SP2020,SP2020-class 4,13,1905ADJDGB,9,10,4.6,9.5,7.5,Passed,,,
SP2020,SP2020-class 4,14,1905ADJCBE,0,0,0,0,0,Attendance Fail,,,
SP2020,SP2020-class 4,15,1905ACJBIB,0,0,0,0,0,Attendance Fail,,,
SP2020,SP2020-class 4,16,1905ADJHFF,7.5,10,5,7,6.6,Passed,,,
SP2020,SP2020-class 4,17,1905ADJBDD,9,10,0,7,4.9,Not Passed,,,
SP2020,SP2020-class 4,18,1905ADAABB,7.5,10,6,8.5,7.4,Passed,,,
SP2020,SP2020-class 4,19,1905ADJJFD,8.5,10,2.6,7.5,6,Not Passed,,,
SP2020,SP2020-class 4,20,1905ADJGFG,8,10,0,9,5.3,Not Passed,,,
SP2020,SP2020-class 4,21,1905ADJDFI,10,10,5.6,9,7.9,Passed,,,
SP2020,SP2020-class 4,22,1905ADJCAF,9.5,10,2.2,9,6.5,Not Passed,,,
SP2020,SP2020-class 4,23,1905ADJEID,8.5,10,5.8,10,8,Passed,,,
SP2020,SP2020-class 4,24,1905ADJBGG,10,10,0,5,4.5,Not Passed,,,
SP2020,SP2020-class 4,25,1905ADJCAD,9.5,10,5.8,6,7,Passed,,,
SP2020,SP2020-class 5,1,1905ADJHGC,6,7,6.8,6,6.4,Passed,,,
SP2020,SP2020-class 5,2,1905ADAADI,9,9,4.8,7.5,6.9,Passed,,,
SP2020,SP2020-class 5,3,1905ADAABG,9,8,7.8,7.5,8,Passed,,,
SP2020,SP2020-class 5,4,1905ADJGEE,6,6.5,5.6,6,5.9,Passed,,,
SP2020,SP2020-class 5,5,1905ADJHEE,6,8.5,3.8,6,5.4,Not Passed,,,
SP2020,SP2020-class 5,6,1905ADJBCG,7,8,5,7.5,6.4,Passed,,,
SP2020,SP2020-class 5,7,1905ADJHFA,6,8.5,4.6,6,5.7,Passed,,,
SP2020,SP2020-class 5,8,1905ADJHGD,7,8,5.6,7,6.5,Passed,,,
SP2020,SP2020-class 5,9,1905ADJIAC,6,5,5.2,6,5.6,Passed,,,
SP2020,SP2020-class 5,10,1905ADJEJC,7,5,0,6,3.7,Not Passed,,,
SP2020,SP2020-class 5,11,1905ADJHAC,7,5,0,7,4,Not Passed,,,
SP2020,SP2020-class 5,12,1905ADJDEG,7,8,6.2,7.5,6.9,Passed,,,
SP2020,SP2020-class 5,13,1905ADJICI,7,7,5.2,8.5,6.7,Passed,,,
SP2020,SP2020-class 5,14,1905ADAJHF,6,8,4.4,6,5.6,Passed,,,
SP2020,SP2020-class 5,15,1905FBGGH,9,8,7.2,8,7.9,Passed,,,
SP2020,SP2020-class 5,16,1905ADJHEA,7,8,4.8,8.5,6.7,Passed,,,
SP2020,SP2020-class 5,17,1905ADJBJC,7,8,4.4,6,5.8,Passed,,,
SP2020,SP2020-class 5,18,1905ADJHGG,7.5,8,5.6,7,6.6,Passed,,,
SP2020,SP2020-class 5,19,1905ADJACJ,6,8,5,6,5.8,Passed,,,
SP2020,SP2020-class 5,20,1905ADJIBC,7.5,8,6,7.5,6.9,Passed,,,
SP2020,SP2020-class 5,21,1905ADAAEC,7,7,4.8,7,6.1,Passed,,,
SP2020,SP2020-class 5,22,1905ADJBJA,7,8,6.2,7.5,6.9,Passed,,,
SP2020,SP2020-class 6,1,1905ADAAAC,7,6,0,8,4.4,Not Passed,,,
SP2020,SP2020-class 6,2,1905ADJFDG,7,7,6.2,8,7,Passed,,,
SP2020,SP2020-class 6,3,1905ADAJBJ,7,5,7.6,8,7.3,Passed,,,
SP2020,SP2020-class 6,4,1905ADJHBF,7,7,0,8,4.5,Not Passed,,,
SP2020,SP2020-class 6,5,1905ADAJCI,7,9,7,8,7.5,Passed,,,
SP2020,SP2020-class 6,6,1905ADJHIF,7,9,7.4,8,7.7,Passed,,,
SP2020,SP2020-class 6,7,1905ADAJAD,7,5,5.8,8,6.6,Passed,,,
SP2020,SP2020-class 6,8,1905FBEEB,7,7,6.4,8,7.1,Passed,,,
SP2020,SP2020-class 6,9,1905ADJGDI,7,9,4.2,8,6.4,Passed,,,
SP2020,SP2020-class 6,10,1905ADJHAE,7,9,7.8,8,7.8,Passed,,,
SP2020,SP2020-class 6,11,1905ADJFFB,7,9,7,8,7.5,Passed,,,
SP2020,SP2020-class 6,12,1905ADJHDE,7,9,5.4,8,6.9,Passed,,,
SP2020,SP2020-class 6,13,1905ADAJHA,7,9,6.6,8,7.3,Passed,,,
SP2020,SP2020-class 6,14,1905ADAJCE,7,9,5.6,8,6.9,Passed,,,
SP2020,SP2020-class 6,15,1905ADAJJD,7,7,5.6,8,6.7,Passed,,,
SP2020,SP2020-class 6,16,1905ADJEGI,0,0,0,0,0,Attendance Fail,,,
SP2020,SP2020-class 6,17,1905ADAJCG,7,9,4.6,8,6.5,Passed,,,
SP2020,SP2020-class 6,18,1905ADJFHD,7,7,0,8,4.5,Not Passed,,,
SP2020,SP2020-class 6,19,1905ADJGFD,7,7,5.8,8,6.8,Passed,,,
SP2020,SP2020-class 6,20,1905ADAAAG,7,7,0,8,4.5,Not Passed,,,
SP2020,SP2020-class 6,21,1905ADJHHA,7,9,5.6,8,6.9,Passed,,,
SP2020,SP2020-class 6,22,1905ADJHIE,7,9,6.4,8,7.3,Passed,,,
SP2020,SP2020-class 6,23,1905ADJAAI,7,9,5.4,8,6.9,Passed,,,
SP2020,SP2020-class 6,24,1905ADJCGD,7,7,0,8,4.5,Not Passed,,,
SP2020,SP2020-class 6,25,1905ADJGJD,7,6,7.8,8,7.5,Passed,,,
SP2020,SP2020-class 7,1,1905ADJEAC,0,5,0,0,0.5,Not Passed,,,
SP2020,SP2020-class 7,2,1905ACJDBH,9,8,7,8.5,7.9,Passed,,,
SP2020,SP2020-class 7,3,1905ADAAGG,7,7,5.4,7,6.4,Passed,,,
SP2020,SP2020-class 7,4,1905ADAACH,7,5,4.8,7,5.9,Passed,,,
SP2020,SP2020-class 7,5,1905ADJDGE,6,6,5.6,6,5.8,Passed,,,
SP2020,SP2020-class 7,6,1905ADJFAH,5,8,4.2,6,5.3,Passed,,,
SP2020,SP2020-class 7,7,1905ADJCAG,8,8,4.2,8,6.5,Passed,,,
SP2020,SP2020-class 7,8,1905ADJCBD,7,5,4.8,7,5.9,Passed,,,
SP2020,SP2020-class 7,9,1905ADAJEC,7,7,4.2,7,5.9,Passed,,,
SP2020,SP2020-class 7,10,1905ADJCDC,9,8,5,8,7,Passed,,,
SP2020,SP2020-class 7,11,1905ADJJAJ,0,0,0,0,0,Attendance Fail,,,
SP2020,SP2020-class 7,12,1905ADJGCH,9,8,4.8,8,6.9,Passed,,,
SP2020,SP2020-class 7,13,1905ADJGJC,9,9,5.8,9,7.7,Passed,,,
SP2020,SP2020-class 7,14,1905FCBCJ,0,6.5,0,0,0.6,Not Passed,,,
SP2020,SP2020-class 7,15,1905ADJHIH,6,6,6.8,6,6.3,Passed,,,
SP2020,SP2020-class 7,16,1905ADJAGJ,9,6,0,7,4.5,Not Passed,,,
SP2020,SP2020-class 7,17,1905ADJHEJ,9,9,6,7,7.2,Passed,,,
SP2020,SP2020-class 7,18,1905ADJJAE,7.5,9,4.2,7,6.2,Passed,,,
SP2020,SP2020-class 7,19,1905ACJAHB,0,5,0,0,0.5,Not Passed,,,
SP2020,SP2020-class 7,20,1905ACJCHB,9,8,4,8.5,6.8,Passed,,,
SP2020,SP2020-class 7,21,1905ADAJJA,9,8,5.6,7,6.9,Passed,,,
SP2020,SP2020-class 7,22,1905ACJEIB,7,9,7,8,7.5,Passed,,,
SP2020,SP2020-class 7,23,1905ADJCAC,9,9,7.2,8,8,Passed,,,
SP2020,SP2020-class 7,24,1905ADJDBF,0,0,0,0,0,Attendance Fail,,,
SP2021,SP2021-class 1,1,1905AEJFAI,7.5,8,5.6,8,7,Passed,8,,
SP2021,SP2021-class 1,2,1905AEJFCC,9.5,9,7.8,9.5,8.7,Passed,8.5,,
SP2021,SP2021-class 1,3,1905AEJFFA,5,6,7,6.5,6.6,Passed,7,,
SP2021,SP2021-class 1,4,1905AEJFIC,8.5,8.5,5,9,7.2,Passed,8,,
SP2021,SP2021-class 1,5,1905AEJGJH,7,7.5,6.4,7.5,7,Passed,7.5,,
SP2021,SP2021-class 1,6,1905AEJEGB,7.5,8,5,8,6.8,Passed,8,,
SP2021,SP2021-class 1,7,1905AEJGBI,0,0,0,0,0,Not Passed,0,,
SP2021,SP2021-class 1,8,1905ACJFGJ,8,8,6.4,9,7.7,Passed,8,,
SP2021,SP2021-class 1,9,1905AEADEF,5,6,4,6.5,5.4,Passed,7,,
SP2021,SP2021-class 1,10,1905AEABBH,9,9,7.8,9,8.5,Passed,8.5,,
SP2021,SP2021-class 1,11,1905AEABAA,9,9,5.6,9,7.6,Passed,8.5,,
SP2021,SP2021-class 1,12,1905AEJHED,7.5,8,6.6,8,7.3,Passed,7.5,,
SP2021,SP2021-class 1,13,1905AEJHFJ,6,6.5,6.4,5,6,Passed,7.3,,
SP2021,SP2021-class 1,14,1905AEACCF,7.5,7.5,6.8,8,7.4,Passed,8,,
SP2021,SP2021-class 1,15,1905AEADHD,5,6,4.6,6.5,5.6,Passed,7,,
SP2021,SP2021-class 1,16,1905AEAEJB,6,7,5.8,7,6.4,Passed,7,,
SP2021,SP2021-class 1,17,1905AEACDE,8.5,8.5,7.8,9,8.3,Passed,8.3,,
SP2021,SP2021-class 1,18,1905AEACAB,8,8.5,5.4,9,7.3,Passed,8.3,,
SP2021,SP2021-class 1,19,1905AEJIGD,9.5,9,6,9.5,8,Passed,8.5,,
SP2021,SP2021-class 1,20,1905AEJIGI,5,6,4.4,6.5,5.5,Passed,7,,
SP2021,SP2021-class 1,21,1905AEJIHJ,9.5,9,5.8,9.5,7.9,Passed,8.5,,
SP2021,SP2021-class 1,22,1905AEAJAA,6,6.5,5.4,6.5,6.1,Passed,7.3,,
SP2021,SP2021-class 1,23,1905AEAJAE,6,6.5,4,6.5,5.5,Passed,7.3,,
SP2021,SP2021-class 1,24,1905AEAJCE,8.5,8.5,7.4,9,8.2,Passed,8,,
SP2021,SP2021-class 1,25,1905AEAJCI,8,8,6,9,7.5,Passed,8,,
SP2021,SP2021-class 1,26,1905AEABCF,8,8.5,5.4,9,7.3,Passed,8.3,,
SP2021,SP2021-class 1,27,1905AEAJGJ,9,9,5.8,9,7.7,Passed,8.5,,
SP2021,SP2021-class 1,28,1905FCEHI,8,8,4.6,9,7,Passed,8.5,,
SP2021,SP2021-class 1,29,1905AEJEFH,7.5,8,6.8,8,7.5,Passed,8,,
SP2021,SP2021-class 2,1,1905AEACAF,7,8,5.4,9,7.2,Passed,8.5,,
SP2021,SP2021-class 2,2,1905AEJFDE,7,8,4.2,8.5,6.6,Passed,8.5,,
SP2021,SP2021-class 2,3,1905AEABHH,8,9,9.2,9,8.9,Passed,8.5,,
SP2021,SP2021-class 2,4,1905AEJFGF,7,8,8,8.5,8.1,Passed,8.5,,
SP2021,SP2021-class 2,5,1905AEJACF,7.5,8.5,6,9,7.6,Passed,8.5,,
SP2021,SP2021-class 2,6,1905AEJGBA,8,8.5,6.8,9,7.9,Passed,8,,
SP2021,SP2021-class 2,7,1905AEJAJE,7.5,8,6.8,8.5,7.6,Passed,8.3,,
SP2021,SP2021-class 2,8,1905ACJFDE,0,0,0,0,0,Not Passed,0,,
SP2021,SP2021-class 2,9,1905AEJGHJ,8,8.5,6.6,9,7.8,Passed,8,,
SP2021,SP2021-class 2,10,1905AEJHAB,7,8,6.4,8.5,7.4,Passed,8,,
SP2021,SP2021-class 2,11,1905AEABCC,7.5,8.5,6.2,9,7.6,Passed,8.5,,
SP2021,SP2021-class 2,12,1905AEJHEJ,8,8.5,8.8,9,8.7,Passed,8,,
SP2021,SP2021-class 2,13,1905AEJIJI,7,7.5,4.4,9,6.7,Passed,7.8,,
SP2021,SP2021-class 2,14,1905AEJIJE,7,8,7.6,8.5,7.9,Passed,8.3,,
SP2021,SP2021-class 2,15,1905AEJAFC,7.5,8.5,6.4,9,7.7,Passed,8.5,,
SP2021,SP2021-class 2,16,1905AEJBDF,7,8,6.4,8.5,7.4,Passed,8.3,,
SP2021,SP2021-class 2,17,1905AEJADD,7.5,8.5,7.6,9,8.2,Passed,8.5,,
SP2021,SP2021-class 2,18,1905AEJIDD,7,8.5,4.6,8.5,6.8,Passed,8.5,,
SP2021,SP2021-class 2,19,1905AEJIIJ,7,7.5,7,9,7.7,Passed,7.8,,
SP2021,SP2021-class 2,20,1905AEAEBC,6.5,8,6.8,7.5,7.2,Passed,8,,
SP2021,SP2021-class 2,21,1905AEJJEE,7.5,8.5,7.8,9,8.3,Passed,8.5,,
SP2021,SP2021-class 2,22,1905AEJEFB,7,8,5,8.5,6.9,Passed,8.5,,
SP2021,SP2021-class 2,23,1905AEJJBA,7.5,8,6.8,9,7.8,Passed,8.3,,
SP2021,SP2021-class 2,24,1905AEAJAG,8,8,6.2,9,7.6,Passed,8,,
SP2021,SP2021-class 2,25,1905AEACAG,7,8.5,4.8,8.5,6.9,Passed,8.5,,
SP2021,SP2021-class 2,26,1905AEAJEE,8,8,7.4,9,8.1,Passed,8,,
SP2021,SP2021-class 2,27,1905AEAJFB,7,8,6.2,8.5,7.3,Passed,8,,
SP2021,SP2021-class 2,28,1905AEJDFB,7,8,7.8,8.5,8,Passed,8.3,,
SP2021,SP2021-class 2,29,1905AEAJIH,7,8.5,5.2,8.5,7,Passed,8.5,,
SP2021,SP2021-class 2,30,1905AEACDF,6.5,8,5.4,7.5,6.7,Passed,8,,
SP2021,SP2021-class 3,1,1905AEABGI,6,7,5.4,7,6.3,Passed,7,,
SP2021,SP2021-class 3,2,1905AEACHI,6,7,5.6,7,6.3,Passed,7,,
SP2021,SP2021-class 3,3,1905AEJFCG,0,0,0,0,0,Attendance Fail,0,,
SP2021,SP2021-class 3,4,1905AEJFEG,8,8.5,7.4,8,7.8,Passed,8,,
SP2021,SP2021-class 3,5,1905AEJFGG,8,8.5,0,8,4.9,Not Passed,8,,
SP2021,SP2021-class 3,6,1905AEABDI,9,9,6.4,9,8,Passed,9,,
SP2021,SP2021-class 3,7,1905AEJGDF,8,8.5,6.8,8,7.6,Passed,8,,
SP2021,SP2021-class 3,8,1905AEACJA,8,8.5,6,9,7.7,Passed,9,,
SP2021,SP2021-class 3,9,1905AEJGHC,8,8.5,7,8,7.7,Passed,8,,
SP2021,SP2021-class 3,10,1905ACJBDG,7,9,4.4,9.5,7,Passed,8,,
SP2021,SP2021-class 3,11,1905AEJEBI,8,8.5,6.8,8,7.6,Passed,8,,
SP2021,SP2021-class 3,12,1905ACJGGC,7,9,6.6,9.5,7.9,Passed,8,,
SP2021,SP2021-class 3,13,1905AEABFA,8.5,8.5,6.8,9,8,Passed,9,,
SP2021,SP2021-class 3,14,1905FBIDD,6,7,4.4,7,5.9,Passed,7,,
SP2021,SP2021-class 3,15,1905AEAJEH,7,8.5,4.8,7.5,6.5,Passed,8,,
SP2021,SP2021-class 3,16,1905AEAEBE,6,7,4.6,7,5.9,Passed,7,,
SP2021,SP2021-class 3,17,1905AEADCC,6,7,5.4,7,6.3,Passed,7,,
SP2021,SP2021-class 3,18,1905ADJDAC,7,9,6,9.5,7.7,Passed,8,,
SP2021,SP2021-class 3,19,1905AEAAEE,7,8.5,6.4,7.5,7.2,Passed,8,,
SP2021,SP2021-class 3,20,1905AEAAHA,7,8.5,6,7.5,7,Passed,8,,
SP2021,SP2021-class 4,1,1905AEJFDF,7,8,6.6,7,6.9,Passed,7,,
SP2021,SP2021-class 4,2,1905AEJFFI,7,8,7,7,7.1,Passed,7,,
SP2021,SP2021-class 4,3,1905ADAJGA,9,9,6.2,8.5,7.7,Passed,8.5,,
SP2021,SP2021-class 4,4,1905AEJJFH,8.5,8.5,7,8,7.7,Passed,8,,
SP2021,SP2021-class 4,5,1905AEABGA,7,8,6.4,8,7.3,Passed,8,,
SP2021,SP2021-class 4,6,1905AEJFAD,7,8,5.4,7,6.5,Passed,7,,
SP2021,SP2021-class 4,7,1905AEJGAI,7,8,6.2,7.5,6.9,Passed,7,,
SP2021,SP2021-class 4,8,1905AEJJCI,9,9,6.4,8.5,7.8,Passed,8.5,,
SP2021,SP2021-class 4,9,1905AEJGGD,8.5,8.5,6.8,8,7.6,Passed,8,,
SP2021,SP2021-class 4,10,1905AEJJEF,8.5,8.5,6.4,8,7.5,Passed,8,,
SP2021,SP2021-class 4,11,1905AEJABA,8.5,8.5,7.4,8,7.9,Passed,8,,
SP2021,SP2021-class 4,12,1905AEABBE,7,9,6,8.5,7.4,Passed,8,,
SP2021,SP2021-class 4,13,1905AEJCJJ,7,9,5.6,8.5,7.2,Passed,8,,
SP2021,SP2021-class 4,14,1905AEJAEJ,8.5,8.5,6.4,8,7.5,Passed,8,,
SP2021,SP2021-class 4,15,1905AEJHHE,7,8,5.4,7.5,6.6,Passed,7,,
SP2021,SP2021-class 4,16,1905AEJJJD,9,9,6.6,8.5,7.8,Passed,8.5,,
SP2021,SP2021-class 4,17,1905AEABGD,7,8,7,8,7.5,Passed,8,,
SP2021,SP2021-class 4,18,1905AEAEDJ,7,9,5.8,8.5,7.3,Passed,8,,
SP2021,SP2021-class 4,19,1905AEACGB,7,8,7,8,7.5,Passed,8,,
SP2021,SP2021-class 4,20,1905AEJACJ,8.5,8.5,7.2,9,8.2,Passed,9,,
SP2021,SP2021-class 4,21,1905AEJBAD,8,9,7.6,8,7.9,Passed,8,,
SP2021,SP2021-class 4,22,1905AEABAF,7,9,6.4,8.5,7.5,Passed,8,,
SP2021,SP2021-class 4,23,1905AEJJGJ,8.5,8.5,6,9,7.7,Passed,9,,
SP2021,SP2021-class 4,24,1905AEJAIC,8,9,8.2,8,8.2,Passed,8,,
SP2021,SP2021-class 4,25,1905AEAJCC,7,8,7.4,7,7.3,Passed,7,,
SP2021,SP2021-class 4,26,1905AEJECD,0,0,0,0,0,Not Passed,0,,
SP2021,SP2021-class 4,27,1905AEJJEJ,8.5,8.5,7.6,8,7.9,Passed,8,,
SP2021,SP2021-class 4,28,1905AEAJHI,7,8,6,7,6.7,Passed,7,,
SP2021,SP2021-class 4,29,1905AEAAFC,7,8,6.6,7.5,7.1,Passed,7,,
SP2021,SP2021-class 5,1,1905AEJEJG,7.5,8,6.4,7.5,7.2,Passed,8,,
SP2021,SP2021-class 5,2,1905AEJCGH,6.5,7.5,6,8,7,Passed,8,,
SP2021,SP2021-class 5,3,1905AEJBFG,8.5,8.5,8.2,8,8.2,Passed,8.5,,
SP2021,SP2021-class 5,4,1905ADJGJJ,0,0,0,0,0,Not Passed,0,,
SP2021,SP2021-class 5,5,1905AEJGAH,6,7,6,7,6.5,Passed,7,,
SP2021,SP2021-class 5,6,1905AEJGDC,6,7,5.6,7,6.3,Passed,7,,
SP2021,SP2021-class 5,7,1905AEJEBJ,0,0,0,0,0,Not Passed,0,,
SP2021,SP2021-class 5,8,1905ADAAEH,6,6,4.4,6.5,5.6,Passed,7,,
SP2021,SP2021-class 5,9,1905AEABCE,8.5,8.5,7.4,8,7.9,Passed,8.5,,
SP2021,SP2021-class 5,10,1905AEJHAE,5,6,5.8,6,5.9,Passed,7,,
SP2021,SP2021-class 5,11,1905AEJHAD,0,0,0,0,0,Attendance Fail,0,,
SP2021,SP2021-class 5,12,1905AEJJHE,6.5,7,6.4,7,6.7,Passed,7,,
SP2021,SP2021-class 5,13,1905AEJCEB,7,8,4.6,7,6.2,Passed,8,,
SP2021,SP2021-class 5,14,1905AEJHFG,7,8,6.6,7,7,Passed,7.5,,
SP2021,SP2021-class 5,15,1905AEJCHA,7.5,8,6.6,7.5,7.2,Passed,8,,
SP2021,SP2021-class 5,16,1905AEJHHI,8.5,8.5,8,8.5,8.3,Passed,8.5,,
SP2021,SP2021-class 5,17,1905AEJDII,7.5,8,7.2,7.5,7.5,Passed,8,,
SP2021,SP2021-class 5,18,1905AEJBJD,8.5,8.5,6,8,7.4,Passed,8.5,,
SP2021,SP2021-class 5,19,1905AEJHHC,7,8,7.2,7,7.2,Passed,7.5,,
SP2021,SP2021-class 5,20,1905ADJBFI,0,0,0,0,0,Not Passed,0,,
SP2021,SP2021-class 5,21,1905AEJCGC,6.5,7.5,6,8,7,Passed,8,,
SP2021,SP2021-class 5,22,1905ACJEAG,8.5,9,6,9,7.8,Passed,9,,
SP2021,SP2021-class 5,23,1905AEJIJC,7,8,6,7,6.8,Passed,8,,
SP2021,SP2021-class 5,24,1905AEJIDF,6,7,6,7,6.5,Passed,7,,
SP2021,SP2021-class 5,25,1905AEJCGA,6.5,7.5,5.7,8,6.9,Passed,8,,
SP2021,SP2021-class 5,26,1905AEJEGF,8.5,9,0,9,5.4,Not Passed,9,,
SP2021,SP2021-class 5,27,1905AEJIIB,7,8,5.2,7,6.5,Passed,8,,
SP2021,SP2021-class 5,28,1905AEAJJD,8.5,9,7.4,9,8.3,Passed,9,,
SP2021,SP2021-class 5,29,1905AEABED,0,0,0,0,0,Not Passed,0,,
SP2022,SP2022-class 1,1,1905AEJCDG,8,8,8.2,8,8.2,Passed,9.7,,
SP2022,SP2022-class 1,2,1905AEJDIJ,8,8,6.6,8,7.4,Passed,8,,
SP2022,SP2022-class 1,3,1905AEJFBF,9,9,8.4,9,8.6,Passed,7.5,,
SP2022,SP2022-class 1,4,1905AEJFFJ,8,8,4.8,8,6.8,Passed,9.2,,
SP2022,SP2022-class 1,5,1905AEJDDJ,9,9,8.8,9,9,Passed,10,,
SP2022,SP2022-class 1,6,1905AEJEEF,9,9,8.8,9,9,Passed,9.7,,
SP2022,SP2022-class 1,7,1905AEJFIB,8,8,8.6,8,8.4,Passed,9.5,,
SP2022,SP2022-class 1,8,1905AEJGJE,9,8,8.8,9,8.9,Passed,9.5,,
SP2022,SP2022-class 1,9,1905AEJGCF,8.5,8,9.2,8.5,8.8,Passed,9.5,,
SP2022,SP2022-class 1,10,1905AEJGEI,8,8,8,8,8.2,Passed,9.5,,
SP2022,SP2022-class 1,11,1905AEABCI,7,8,8.6,7,8,Passed,9.5,,
SP2022,SP2022-class 1,12,1905AEJEIF,8.5,8,7.8,8.5,8.3,Passed,9.7,,
SP2022,SP2022-class 1,13,1905AEJCBC,8,8,8,8,8.1,Passed,9.4,,
SP2022,SP2022-class 1,14,1905AEJGIJ,8,8,8.6,8,8.4,Passed,9.7,,
SP2022,SP2022-class 1,15,1905AEJHBC,8.5,8,7.6,8.5,8.2,Passed,9.4,,
SP2022,SP2022-class 1,16,1905AEJEGI,9,9,7.6,9,8.4,Passed,9,,
SP2022,SP2022-class 1,17,1905AEJDJJ,8.5,8,6.8,8.5,7.8,Passed,8.7,,
SP2022,SP2022-class 1,18,1905AEABJH,9,8,8,9,8.6,Passed,9.7,,
SP2022,SP2022-class 1,19,1905AEABCJ,7,7,0,7,3.9,Not Passed,4.2,,
SP2022,SP2022-class 1,20,1905AEJEIE,9,8,8.8,9,8.8,Passed,9,,
SP2022,SP2022-class 1,21,1905AEJICD,8.5,9,8.6,8.5,8.7,Passed,9.5,,
SP2022,SP2022-class 1,22,1905AEJIGA,8,7,0,8,4.6,Not Passed,7.2,,
SP2022,SP2022-class 1,23,1905AEABEF,8,8,8,8,8.2,Passed,9.7,,
SP2022,SP2022-class 1,24,1905AEJIHH,8,8,8,8,8.1,Passed,8.5,,
SP2022,SP2022-class 1,25,1905AEAAJI,8,8,8.2,8,8.3,Passed,9.7,,
SP2022,SP2022-class 1,26,1905AEJDED,9,8,7.2,9,8.2,Passed,9.3,,
SP2022,SP2022-class 1,27,1905AEAACG,7,8,5.2,7,6.7,Passed,9.9,,
SP2022,SP2022-class 1,28,1905AEJCJI,9,8,5.8,9,7.6,Passed,8.9,,
SP2022,SP2022-class 1,29,1905AEAAHC,8,8,4.4,8,6.5,Passed,7,,
SP2022,SP2022-class 2,1,1905AEAEBB,9,9,8.4,10,9.2,Passed,10,,
SP2022,SP2022-class 2,2,1905AEABJD,9,9,8,10,9,Passed,10,,
SP2022,SP2022-class 2,3,1905AFJAHE,10,9.8,9.2,10,9.7,Passed,10,,
SP2022,SP2022-class 2,4,1905AEJCID,8,8.8,6.4,10,8.2,Passed,10,,
SP2022,SP2022-class 2,5,1905AFJBII,10,8,5.2,10,7.9,Passed,10,,
SP2022,SP2022-class 2,6,1905AFJJGE,0,0,0,0,0,Attendance Fail,0,,
SP2022,SP2022-class 2,7,1905AFJJJD,10,0,0,0,1,Attendance Fail,0,,
SP2022,SP2022-class 2,8,1905FBEGH,9,8,4.4,10,7.5,Passed,10,,
SP2022,SP2022-class 2,9,1905AFJHHJ,10,9.3,9.4,10,9.7,Passed,10,,
SP2022,SP2022-class 2,10,1905AFJBEC,8,7.5,9.4,10,9.3,Passed,10,,
SP2022,SP2022-class 2,11,1905AFJAJH,8,9,8.8,10,9.2,Passed,10,,
SP2022,SP2022-class 2,12,1905AEJHBE,8,8.5,0,10,5.7,Not Passed,10,,
SP2022,SP2022-class 2,13,1905AFJABA,10,8.3,8.8,10,9.4,Passed,10,,
SP2022,SP2022-class 2,14,1905AFJJEH,10,8,8.4,10,9.2,Passed,10,,
SP2022,SP2022-class 2,15,1905AEADAH,8,8.8,6.8,10,8.4,Passed,10,,
SP2022,SP2022-class 2,16,1905AFJADH,10,9,6.6,10,8.5,Passed,10,,
SP2022,SP2022-class 2,17,1905AFJCFF,10,9,8.4,10,9.3,Passed,10,,
SP2022,SP2022-class 2,18,1905ADJCIA,8,7.3,7.4,10,8.5,Passed,10,,
SP2022,SP2022-class 2,19,1905AFJBBB,10,0,0,0,1,Not Passed,0,,
SP2022,SP2022-class 2,20,1905AEAJEI,9,8.3,7.8,10,8.9,Passed,10,,
SP2022,SP2022-class 2,21,1905AEJACH,8,8.5,7.2,10,8.5,Passed,10,,
SP2022,SP2022-class 2,22,1905AFJADD,10,8.8,7.4,10,8.8,Passed,10,,
SP2022,SP2022-class 2,23,1905AEJBBH,8,9,8.2,10,9,Passed,10,,
SP2022,SP2022-class 2,24,1905AEJAHA,8,9.5,9.2,10,9.4,Passed,10,,
SP2022,SP2022-class 2,25,1905AFJGGE,8,8,6.6,10,8.2,Passed,10,,
SP2022,SP2022-class 2,26,1905AFJJCJ,10,9.8,9.2,10,9.7,Passed,10,,
SP2022,SP2022-class 2,27,1905AFJDFF,8,8.5,9,10,9.3,Passed,10,,
SP2022,SP2022-class 2,28,1905AEABCB,9,9,8.6,10,9.2,Passed,10,,
SP2022,SP2022-class 2,29,1905AFJJDH,10,9.8,7.4,10,8.9,Passed,10,,
SP2022,SP2022-class 3,1,1905AEJAIF,8,8,7.4,9.5,8.4,Passed,9.9,,
SP2022,SP2022-class 3,2,1905AFACJB,8,8,8.8,9.5,8.9,Passed,9.7,,
SP2022,SP2022-class 3,3,1905AFAJFC,8,8,7.4,8,7.8,Passed,8.8,,
SP2022,SP2022-class 3,4,1905AFAACA,9,8,7.8,10,8.7,Passed,8.3,,
SP2022,SP2022-class 3,5,1905AEJJHG,8,8,6.8,8,7.7,Passed,9.3,,
SP2022,SP2022-class 3,6,1905AEJDDA,7,8,7.6,8,7.8,Passed,9,,
SP2022,SP2022-class 3,7,1905AFAAAI,9,8,4.4,10,7.3,Passed,8,,
SP2022,SP2022-class 3,8,1905AFADAE,8,8,7.8,9.5,8.4,Passed,7.9,,
SP2022,SP2022-class 3,9,1905AFADCI,8,8,8.2,9,8.4,Passed,8.4,,
SP2022,SP2022-class 3,10,1905AFJICI,8,8,4.6,8,6.7,Passed,8.5,,
SP2022,SP2022-class 3,11,1905AFJICB,8,8,7.8,8,8.1,Passed,9.4,,
SP2022,SP2022-class 3,12,1905AEJBCE,8,8,7,9,8,Passed,9.2,,
SP2022,SP2022-class 3,13,1905AEACBG,8,8,8.2,8,8.1,Passed,8.7,,
SP2022,SP2022-class 3,14,1905AFABHI,8,8,5.4,9.5,7.6,Passed,9.7,,
SP2022,SP2022-class 3,15,1905AEACEE,8,8,7.2,8,7.8,Passed,9,,
SP2022,SP2022-class 3,16,1905AEJDCE,8,8,8,8,8.1,Passed,8.8,,
SP2022,SP2022-class 3,17,1905AEJCJE,8,8,7.4,9,8.2,Passed,9.2,,
SP2022,SP2022-class 3,18,1905AEJBBA,8,8,7.8,8,8,Passed,8.9,,
SP2022,SP2022-class 3,19,1905AEJBBI,8,8,6.6,9,7.9,Passed,9.9,,
SP2022,SP2022-class 3,20,1905AEJDDB,8,8,4.8,8,6.8,Passed,8.7,,
SP2022,SP2022-class 3,21,1905AFADCD,8,8,8.2,9,8.4,Passed,8.3,,
SP2022,SP2022-class 3,22,1905AFABAA,9,8,7.6,10,8.6,Passed,9,,
SP2022,SP2022-class 3,23,1905AFAECI,8,8,7.6,8,8,Passed,9.2,,
SP2022,SP2022-class 3,24,1905AFJGFA,9,8,8.8,10,9.2,Passed,9.5,,
SP2022,SP2022-class 3,25,1905AEJDCG,8,8,8,8,8.1,Passed,9.4,,
SP2022,SP2022-class 3,26,1905AEJCHJ,8,8,5.8,9,7.6,Passed,9.4,,
SP2022,SP2022-class 3,27,1905AFACHD,8,8,9.8,9.5,9.4,Passed,9.9,,
SP2022,SP2022-class 3,28,1905AFAAFJ,8,8,6.8,8,7.5,Passed,8,,
SP2022,SP2022-class 3,29,1905AFJBEA,9,8,8.2,10,8.9,Passed,9,,
SP2022,SP2022-class 3,30,1905AEJDEG,8,8,7.2,8,7.8,Passed,9.4,,
SP2022,SP2022-class 3,31,1905AFADGH,8,8,7.6,9,8.3,Passed,9.7,,
SP2022,SP2022-class 3,32,1905AEAAGJ,8,8,7,8,7.7,Passed,9.2,,
SP2022,SP2022-class 3,33,1905AFJIFH,9,8,5.4,10,7.7,Passed,8.4,,
SP2022,SP2022-class 4,1,1905AEJFCJ,7.5,10,7.4,8.5,8,Passed,7,,
SP2022,SP2022-class 4,2,1905AFAABH,7,9.7,6.4,7.5,7.2,Passed,7.5,,
SP2022,SP2022-class 4,3,1905AEJCIA,8,5,4.4,6.5,5.6,Passed,6,,
SP2022,SP2022-class 4,4,1905AEJGEA,7,9.3,7,7.5,7.5,Passed,8,,
SP2022,SP2022-class 4,5,1905AEJGFB,8,6,7.2,6.5,7.1,Passed,8.5,,
SP2022,SP2022-class 4,6,1905AEJGHH,7.5,9.3,8,8,8,Passed,7.5,,
SP2022,SP2022-class 4,7,1905AFAHJJ,5,10,8,7,7.5,Passed,7,,
SP2022,SP2022-class 4,8,1905AFJEAC,5,10,7,7,7.1,Passed,7,,
SP2022,SP2022-class 4,9,1905AEJHBJ,8,8.7,6.4,6.5,7,Passed,8,,
SP2022,SP2022-class 4,10,1905AFAIJA,7.5,9.7,7.8,8,8.1,Passed,8.5,,
SP2022,SP2022-class 4,11,1905AFAHAC,7.5,9.2,7.6,8,7.9,Passed,7.5,,
SP2022,SP2022-class 4,12,1905AFAGEA,7.5,8.4,7.6,8,7.7,Passed,7,,
SP2022,SP2022-class 4,13,1905AEJHDH,7.5,10,8,8.5,8.2,Passed,7,,
SP2022,SP2022-class 4,14,1905AEJHGG,7.5,10,7,8.5,7.8,Passed,7,,
SP2022,SP2022-class 4,15,1905AEJHIC,7,9.7,4,7.5,6.3,Passed,8,,
SP2022,SP2022-class 4,16,1905AEJIBI,7.5,9.8,7.8,8.5,8.3,Passed,8.5,,
SP2022,SP2022-class 4,17,1905AEACDG,7,8.6,9.4,7.5,8.4,Passed,8,,
SP2022,SP2022-class 4,18,1905AEJIBA,7.5,10,8.4,8.5,8.4,Passed,7,,
SP2022,SP2022-class 4,19,1905AEJIDJ,7,8.4,7.6,7.5,7.6,Passed,8,,
SP2022,SP2022-class 4,20,1905AFAGHE,7.5,9.7,9,8,8.5,Passed,7.5,,
SP2022,SP2022-class 4,21,1905AEJIFH,7.5,10,7.2,8.5,8,Passed,8,,
SP2022,SP2022-class 4,22,1905AFJGEH,5,10,6.8,7,7,Passed,7,,
SP2022,SP2022-class 4,23,1905AFAEBI,8,10,7.8,6.5,7.6,Passed,7.5,,
SP2022,SP2022-class 4,24,1905AEJBGF,7,10,8,7.5,8,Passed,8,,
SP2022,SP2022-class 4,25,1905AEAJDE,7,9,7.4,7.5,7.6,Passed,8,,
SP2022,SP2022-class 4,26,1905AEJJFD,7.5,10,7.6,8,7.9,Passed,7,,
SP2022,SP2022-class 4,27,1905AEABED,5,10,8,7,7.6,Passed,7.5,,
SP2022,SP2022-class 4,28,1905AFJEDB,7,10,8.2,7,7.8,Passed,7,,
SP2022,SP2022-class 4,29,1905AFJGIC,5,9,8.2,7,7.4,Passed,6,,
SP2022,SP2022-class 4,30,1905AEJCDA,8,9,9.2,6.5,8.2,Passed,8.5,,
SP2022,SP2022-class 4,31,1905AFAACE,7.5,9.3,8.8,8,8.3,Passed,7,,
SP2022,SP2022-class 4,32,1905AEJFJD,8,9,6.8,6.5,7.1,Passed,7.5,,
SP2022,SP2022-class 5,1,1905AFJHGC,10,8.5,8.4,10,9.2,Passed,10,,
SP2022,SP2022-class 5,2,1905AEJJFB,10,9.5,8.4,10,9.3,Passed,10,,
SP2022,SP2022-class 5,3,1905AEADIG,7,8.5,5.6,10,7.8,Passed,10,,
SP2022,SP2022-class 5,4,1905AEADIE,8,8.3,7.4,10,8.6,Passed,10,,
SP2022,SP2022-class 5,5,1905AEJGBG,10,9.5,8,10,9.2,Passed,10,,
SP2022,SP2022-class 5,6,1905AEJGHE,8,8.8,5.6,10,7.9,Passed,10,,
SP2022,SP2022-class 5,7,1905AEJJAB,10,9,7.2,10,8.8,Passed,10,,
SP2022,SP2022-class 5,8,1905AFADDA,10,9,7.8,10,9,Passed,10,,
SP2022,SP2022-class 5,9,1905AEJHJJ,8,9,8.6,10,9.1,Passed,10,,
SP2022,SP2022-class 5,10,1905AFJGIJ,10,8.8,6.2,10,8.4,Passed,10,,
SP2022,SP2022-class 5,11,1905AFADGJ,10,8,7,10,8.6,Passed,10,,
SP2022,SP2022-class 5,12,1905AFJHAI,10,8.8,6,10,8.3,Passed,10,,
SP2022,SP2022-class 5,13,1905AEJJFJ,10,9.5,7.4,10,8.9,Passed,10,,
SP2022,SP2022-class 5,14,1905AEABEJ,10,9.5,8.2,10,9.2,Passed,10,,
SP2022,SP2022-class 5,15,1905AFAFHH,10,7.3,8.4,10,9.1,Passed,10,,
SP2022,SP2022-class 5,16,1905AEJBDJ,8,8.8,8.2,10,9,Passed,10,,
SP2022,SP2022-class 5,17,1905AFADDC,10,9,8.8,10,9.4,Passed,10,,
SP2022,SP2022-class 5,18,1905AFAIDB,10,9.3,9,10,9.5,Passed,10,,
SP2022,SP2022-class 5,19,1905AEJIBC,10,9,7.8,10,9,Passed,10,,
SP2022,SP2022-class 5,20,1901ADJBIB,7,8.3,5.8,10,7.9,Passed,10,,
SP2022,SP2022-class 5,21,1905AFAEFG,0,0,0,0,0,Attendance Fail,0,,
SP2022,SP2022-class 5,22,1905AEJAEH,10,9.5,7.2,10,8.8,Passed,10,,
SP2022,SP2022-class 5,23,1905AFAFIB,10,8,8.4,10,9.2,Passed,10,,
SP2022,SP2022-class 5,24,1905AFAEJA,10,9,7.6,10,8.9,Passed,10,,
SP2022,SP2022-class 5,25,1905AFJCGB,7,8.3,8.6,10,9,Passed,10,,
SP2022,SP2022-class 5,26,1905AEACEH,0,0,0,0,0,Not Passed,0,,
SP2022,SP2022-class 5,27,1905AEJJCG,10,9.3,8.6,10,9.4,Passed,10,,
SP2022,SP2022-class 5,28,1905AEAABA,10,9.3,9,10,9.5,Passed,10,,
SP2022,SP2022-class 5,29,1905AEJDGF,10,9.5,9,10,9.6,Passed,10,,
SP2022,SP2022-class 5,30,1905AFAHBH,7,8,0,10,5.5,Not Passed,10,,
SP2022,SP2022-class 5,31,1905AFAEGF,10,8.5,7.4,10,8.8,Passed,10,,
SP2022,SP2022-class 6,1,1905AEJJCB,7,7.2,8.6,7,7.6,Passed,6.5,,
SP2022,SP2022-class 6,2,1905AFAGDJ,8,8.8,7.4,8,7.7,Passed,6.8,,
SP2022,SP2022-class 6,3,1905AFBJCC,7.5,6.3,7.6,8,7.5,Passed,7.3,,
SP2022,SP2022-class 6,4,1905AFAGJG,7.5,7.8,7.4,8,7.6,Passed,7.3,,
SP2022,SP2022-class 6,5,1905AFABID,7.5,8.2,7.4,7.5,7.5,Passed,7,,
SP2022,SP2022-class 6,6,1905AEJJAD,7.5,8.7,7.6,7.5,7.6,Passed,7,,
SP2022,SP2022-class 6,7,1905AEJJAJ,7.5,8.3,9.2,7.5,8.2,Passed,7,,
SP2022,SP2022-class 6,8,1905AFADHD,7,7.3,6,7,6.6,Passed,6.5,,
SP2022,SP2022-class 6,9,1905AEAAJB,8,8.8,7.2,8,7.7,Passed,7.3,,
SP2022,SP2022-class 6,10,1905AEADFD,7.5,8.8,9.4,7.5,8.3,Passed,7,,
SP2022,SP2022-class 6,11,1905AFAGBE,7,8,6.2,7,6.7,Passed,6.5,,
SP2022,SP2022-class 6,12,1905AFAAGA,7.5,8.7,8,7.5,7.8,Passed,7,,
SP2022,SP2022-class 6,13,1905AFAHAG,8,7.8,7.6,8,7.7,Passed,6.8,,
SP2022,SP2022-class 6,14,1905ADJFEC,7,6.8,7.4,7,7.1,Passed,6.5,,
SP2022,SP2022-class 6,15,1905AEJJAI,7.5,8,8.4,7.5,7.9,Passed,7,,
SP2022,SP2022-class 6,16,1905AEAJDC,8,8.8,7.8,8,7.9,Passed,7.3,,
SP2022,SP2022-class 6,17,1905AEAJDF,9,8.7,7.2,9,8.2,Passed,8,,
SP2022,SP2022-class 6,18,1905AEAJEF,8,8.2,6.8,8.5,7.6,Passed,7.5,,
SP2022,SP2022-class 6,19,1905AFBJFE,7,6.2,6.6,7,6.7,Passed,6.5,,
SP2022,SP2022-class 6,20,1905AFBJBJ,7,7.3,8,7,7.4,Passed,6.5,,
SP2022,SP2022-class 6,21,1905AEAJGD,8,9.3,8.2,8.5,8.3,Passed,7.5,,
SP2022,SP2022-class 6,22,1905AEAJHF,9,8.8,7,9,8.1,Passed,8,,
SP2022,SP2022-class 6,23,1905AEAAJA,9,8.7,8.6,9,8.7,Passed,8,,
SP2022,SP2022-class 6,24,1905AFABJD,7.5,8.8,8.2,7.5,7.9,Passed,7,,
SP2022,SP2022-class 6,25,1905AEJAHB,9,7.2,8.6,9,8.6,Passed,8.5,,
SP2022,SP2022-class 6,26,1905AFAGAD,8,7.3,8.6,8,8,Passed,6.8,,
SP2022,SP2022-class 6,27,1905AEADGA,9,8.5,6,9,7.7,Passed,8.5,,
SP2022,SP2022-class 6,28,1905AEADGJ,9,9.2,6.4,9,7.9,Passed,8.5,,
SP2022,SP2022-class 6,29,1905AFAHFG,7.5,5.8,8,8,7.7,Passed,7.3,,
SP2022,SP2022-class 6,30,1905AFJGEC,8.5,9.4,8.6,8.5,8.6,Passed,8.3,,
SP2022,SP2022-class 6,31,1905AFJIIG,8.5,9.5,9,8.5,8.8,Passed,8.3,,
SP2022,SP2022-class 6,32,1905AFJGGC,8.5,9.7,8.8,8.5,8.7,Passed,8.3,,
SP2022,SP2022-class 7,1,1905AEJCJC,7.5,7.7,8.6,7.5,8,Passed,7.5,,
SP2022,SP2022-class 7,2,1905AEJJAA,8,8,8.4,8.5,8.3,Passed,7.8,,
SP2022,SP2022-class 7,3,1905AEJJEH,8,9.5,9,8,8.5,Passed,7.5,,
SP2022,SP2022-class 7,4,1905AFJADE,9,7.8,9,9,8.9,Passed,9,,
SP2022,SP2022-class 7,5,1905AFADBB,8,8.3,9.2,8,8.5,Passed,7.8,,
SP2022,SP2022-class 7,6,1905AFJAHF,8,7.5,8.8,8.5,8.4,Passed,7.5,,
SP2022,SP2022-class 7,7,1905AEJCFH,7.5,7.8,7.8,7.5,7.7,Passed,7.5,,
SP2022,SP2022-class 7,8,1905AEJBAH,7.5,7.5,7.6,7.5,7.5,Passed,7.5,,
SP2022,SP2022-class 7,9,1905AFJABF,10,8,8.8,10,9.2,Passed,9.3,,
SP2022,SP2022-class 7,10,1905AFJAGD,8.5,8.2,7.8,8.5,8.1,Passed,8,,
SP2022,SP2022-class 7,11,1905AEADID,7,9.2,6.6,7.5,7.2,Passed,7,,
SP2022,SP2022-class 7,12,1905AFADJB,7,7.5,6.8,7.5,7.1,Passed,7,,
SP2022,SP2022-class 7,13,1905AEJJGA,8,9.2,9,8,8.5,Passed,7.5,,
SP2022,SP2022-class 7,14,1905AEJJEG,8,9.7,8.6,8,8.4,Passed,7.5,,
SP2022,SP2022-class 7,15,1905AFADIG,8,7.7,7.8,8,7.9,Passed,7.8,,
SP2022,SP2022-class 7,16,1905AEJJBI,8,8,8.2,8.5,8.2,Passed,7.8,,
SP2022,SP2022-class 7,17,1905AFACAB,8,7.5,8,8,7.9,Passed,7.8,,
SP2022,SP2022-class 7,18,1905AFJAFI,10,8.3,8.2,10,9,Passed,9.3,,
SP2022,SP2022-class 7,19,1905AFJAGJ,8,8,7.4,8,7.7,Passed,7.8,,
SP2022,SP2022-class 7,20,1905AFJAEI,9,7.3,9,9,8.8,Passed,9,,
SP2022,SP2022-class 7,21,1905AFJAHB,8,9,9.6,8,8.7,Passed,7.8,,
SP2022,SP2022-class 7,22,1905AFACBJ,8,7.5,7,8,7.5,Passed,7.8,,
SP2022,SP2022-class 7,23,1905AFJACE,10,7.7,8.2,10,9,Passed,9.3,,
SP2022,SP2022-class 7,24,1905AFJAGA,9,8.7,8.6,9,8.8,Passed,9,,
SP2022,SP2022-class 7,25,1905AEAEJA,7,9.3,6.6,7.5,7.2,Passed,7,,
SP2022,SP2022-class 7,26,1905AFJAFF,8.5,8.3,8.2,8.5,8.3,Passed,8,,
SP2022,SP2022-class 7,27,1905AEJJEB,8,9.3,9.4,8,8.7,Passed,7.8,,
SP2022,SP2022-class 7,28,1905AFJAHI,8,8.5,8.8,8.5,8.5,Passed,7.5,,
SP2022,SP2022-class 7,29,1905AEJJCD,8,9.8,8.4,8.5,8.5,Passed,7.8,,
SP2022,SP2022-class 7,30,1905AFJAIG,8,9.2,8.6,8,8.3,Passed,7.5,,
SP2022,SP2022-class 7,31,1905AFJADF,8.5,6.3,7.6,8.5,7.9,Passed,8,,
SP2022,SP2022-class 8,1,1905AFJBIF,10,9,9.2,10,9.6,Passed,10,,
SP2022,SP2022-class 8,2,1905AFABDB,10,8.5,8,10,9.1,Passed,10,,
SP2022,SP2022-class 8,3,1905AEJAFG,10,8.3,8,10,9,Passed,10,,
SP2022,SP2022-class 8,4,1905AEADDB,6,9,8,10,8.7,Passed,10,,
SP2022,SP2022-class 8,5,1905AFJDCE,8,8,4.6,10,7.4,Passed,10,,
SP2022,SP2022-class 8,6,1905AFJBBF,6,8.5,4.2,10,7.1,Passed,10,,
SP2022,SP2022-class 8,7,1905AEJJEA,6,7.8,7.4,10,8.3,Passed,10,,
SP2022,SP2022-class 8,8,1905AFJGFB,6,8,6.4,5,6.5,Passed,10,,
SP2022,SP2022-class 8,9,1905AFJBBG,0,0,0,0,0,Not Passed,0,,
SP2022,SP2022-class 8,10,1905AFJGHH,0,0,0,0,0,Not Passed,0,,
SP2022,SP2022-class 8,11,1905AFJBGJ,10,8.8,8.4,10,9.2,Passed,10,,
SP2022,SP2022-class 8,12,1905AEJGHA,10,8,7.6,10,8.8,Passed,10,,
SP2022,SP2022-class 8,13,1905AFJGFI,6,9,7.2,10,8.4,Passed,10,,
SP2022,SP2022-class 8,14,1905AFJBBA,10,9.3,9,10,9.5,Passed,10,,
SP2022,SP2022-class 8,15,1905AFJGHI,6,8.5,5,10,7.4,Passed,9,,
SP2022,SP2022-class 8,16,1905AEADBI,6,9,5,10,7.5,Passed,10,,
SP2022,SP2022-class 8,17,1905AFJAII,10,9.3,9.8,10,9.9,Passed,10,,
SP2022,SP2022-class 8,18,1905AFJGHG,10,8,9,10,9.4,Passed,10,,
SP2022,SP2022-class 8,19,1905AFJDFG,10,9,7.2,10,8.8,Passed,10,,
SP2022,SP2022-class 8,20,1905AEADCF,6,8.8,7.2,10,8.4,Passed,10,,
SP2022,SP2022-class 8,21,1905AFJGIG,6,7.5,0,0,1.4,Not Passed,0,,
SP2022,SP2022-class 8,22,1905AFJEBA,6,8,5,10,7.4,Passed,10,,
SP2022,SP2022-class 8,23,1905AFJDHF,8,9.3,8.4,10,9.1,Passed,10,,
SP2022,SP2022-class 8,24,1905ADJCAH,0,0,0,0,0,Not Passed,0,,
SP2022,SP2022-class 8,25,1905AFJDJD,8,9,5.6,10,7.9,Passed,10,,
SP2022,SP2022-class 8,26,1905AFJCJB,6,8,8.8,10,8.8,Passed,9,,
SP2022,SP2022-class 8,27,1905AFJBGH,10,9,5.4,10,8.1,Passed,10,,
SP2022,SP2022-class 8,28,1905AFJBCB,10,7.8,5.4,10,7.9,Passed,10,,
SP2022,SP2022-class 8,29,1905AFJGHF,6,7.5,5.4,4,5.7,Passed,10,,
SP2022,SP2022-class 8,30,1905AFJFEJ,8,9.3,8.6,10,9.2,Passed,10,,
SP2022,SP2022-class 8,31,1905AFJEAH,8,9.5,8.8,10,9.3,Passed,10,,
SP2022,SP2022-class 8,32,1905AFJHJH,10,8.8,7.6,10,8.9,Passed,10,,
SP2022,SP2022-class 8,33,1905AEAAEF,6,8.8,8,10,8.7,Passed,10,,
SP2022,SP2022-class 9,1,1905AFAAAE,8.5,9,7.8,9,8.4,Passed,8.5,,
SP2022,SP2022-class 9,2,1905AFAJBF,9,9,8.2,9,8.6,Passed,8.5,,
SP2022,SP2022-class 9,3,1905AFAJAD,9,9,8.2,9,8.7,Passed,9,,
SP2022,SP2022-class 9,4,1905AFJHCA,8,8.5,8.6,8,8.3,Passed,8.3,,
SP2022,SP2022-class 9,5,1905AFJIAA,9,9,8.6,9,8.8,Passed,8.5,,
SP2022,SP2022-class 9,6,1905AEJEHD,8,9,6.2,9,7.7,Passed,8.5,,
SP2022,SP2022-class 9,7,1905AFJHHC,0,0,0,0,0,Attendance Fail,0,,
SP2022,SP2022-class 9,8,1905AFJIEC,7,8,5,8.5,6.8,Passed,7.5,,
SP2022,SP2022-class 9,9,1905AFJHFG,9.5,9.5,9.2,9.5,9.4,Passed,9.5,,
SP2022,SP2022-class 9,10,1905AFJIHG,9,9,8.2,9,8.6,Passed,8.5,,
SP2022,SP2022-class 9,11,1905AFJHFA,9,9,6.8,9,8.1,Passed,9,,
SP2022,SP2022-class 9,12,1905AFJHBC,8,8.5,8.2,8,8.2,Passed,8.3,,
SP2022,SP2022-class 9,13,1905AFJIAC,9,9,7.6,9,8.4,Passed,9,,
SP2022,SP2022-class 9,14,1905AEABHC,7.5,8,6.8,8.5,7.6,Passed,7.5,,
SP2022,SP2022-class 9,15,1905AFJIJI,8.5,9,7.6,9,8.3,Passed,8,,
SP2022,SP2022-class 9,16,1905AEABBI,9,9,8.4,9,8.7,Passed,8.5,,
SP2022,SP2022-class 9,17,1905AFJHFE,8.5,9,5,9,7.3,Passed,8,,
SP2022,SP2022-class 9,18,1905AFJIHE,9,9,7.6,9,8.4,Passed,8.5,,
SP2022,SP2022-class 9,19,1905AFJHFF,8.5,9,8,9,8.5,Passed,8.5,,
SP2022,SP2022-class 9,20,1905AFAAID,8,8.5,5.8,9,7.5,Passed,8,,
SP2022,SP2022-class 9,21,1905AFJIHH,9,9,7.8,9,8.5,Passed,8.5,,
SP2022,SP2022-class 9,22,1905AFAJBC,9,9,5.2,9,7.4,Passed,8.5,,
SP2022,SP2022-class 9,23,1905AFJIIB,9,9,5.8,9,7.7,Passed,8.5,,
SP2022,SP2022-class 9,24,1905AFAJAI,8.5,9,4.4,9,7,Passed,8,,
SP2022,SP2022-class 9,25,1905AFJIDG,8.5,9,8.6,9,8.7,Passed,8.5,,
SP2022,SP2022-class 9,26,1905AFJIIA,7,8,7,8.5,7.6,Passed,7.5,,
SP2022,SP2022-class 9,27,1905AFJIBD,8.5,9,8.4,9,8.7,Passed,8.5,,
SP2022,SP2022-class 10,1,1905AFAJHI,6.8,9.3,4.4,6.5,6.1,Passed,7.9,,
SP2022,SP2022-class 10,2,1905AFAJFB,0,5.7,0,0,1.3,Not Passed,7,,
SP2022,SP2022-class 10,3,1905AFABGH,6.2,8.3,8,7,7.6,Passed,9,,
SP2022,SP2022-class 10,4,1905AFAADA,6.8,9.5,5.6,6.5,6.5,Passed,6.9,,
SP2022,SP2022-class 10,5,1905AFAAJB,7.3,8.2,5.2,7,6.5,Passed,7.2,,
SP2022,SP2022-class 10,6,1905AEJDHI,8.3,7.7,8.6,9,8.7,Passed,9.4,,
SP2022,SP2022-class 10,7,1905AFACGE,6.2,6.8,4.2,7,5.7,Passed,6.3,,
SP2022,SP2022-class 10,8,1905ACJAGE,6.5,7.8,6.2,6.8,6.6,Passed,6.4,,
SP2022,SP2022-class 10,9,1905AFAAJH,7.3,8.5,8.2,7.2,7.7,Passed,7,,
SP2022,SP2022-class 10,10,1905AEACIE,8.3,8.8,7.4,9,8.2,Passed,8.3,,
SP2022,SP2022-class 10,11,1901AEJJHJ,6.5,7.8,4.2,6.8,5.9,Passed,7.7,,
SP2022,SP2022-class 10,12,1905AEJICI,8.3,8.7,7.6,9,8.2,Passed,7.6,,
SP2022,SP2022-class 10,13,1905AFAAAG,6.5,7,8.2,6.8,7.6,Passed,8.8,,
SP2022,SP2022-class 10,14,1905ADAAAF,0,0,0,0,0,Attendance Fail,0,,
SP2022,SP2022-class 10,15,1905AFAJHB,7.3,7.8,6.8,7.2,7.3,Passed,9.1,,
SP2022,SP2022-class 10,16,1905AFAAJF,6.5,6.3,8.2,6.8,7.4,Passed,8.1,,
SP2022,SP2022-class 10,17,1905AFABBB,6.2,8.3,8.4,7,7.8,Passed,9,,
SP2022,SP2022-class 10,18,0405AFJJAE,6.5,7,5.4,6.8,6.1,Passed,5.7,,
SP2022,SP2022-class 11,1,1905AFAACH,7.5,9,6.6,7.5,7.2,Passed,7,,
SP2022,SP2022-class 11,2,1905AEJFID,7.5,9.3,8.4,7.5,8,Passed,7,,
SP2022,SP2022-class 11,3,1905AFADHI,7,8,7.6,7,7.3,Passed,6.8,,
SP2022,SP2022-class 11,4,1905AEJAEI,7.5,9.2,8.6,8,8.2,Passed,7,,
SP2022,SP2022-class 11,5,1905AEABAI,7.5,7.8,8.8,8,8.2,Passed,7.8,,
SP2022,SP2022-class 11,6,1905AEJGFD,7.5,8.5,8,7.5,7.8,Passed,7,,
SP2022,SP2022-class 11,7,1905AEJABF,7,9.3,5.4,7,6.6,Passed,6.8,,
SP2022,SP2022-class 11,8,1905AEJABC,7.5,9,7.4,8,7.7,Passed,7,,
SP2022,SP2022-class 11,9,1905AEJEJH,7.5,7.7,6,8,7.1,Passed,7.8,,
SP2022,SP2022-class 11,10,1905AEAJED,7.5,7.9,8.6,8,8.2,Passed,7.8,,
SP2022,SP2022-class 11,11,1905AEJCAI,7,8.5,7,7,7.1,Passed,6.8,,
SP2022,SP2022-class 11,12,1905AEAJGE,7,8.7,6,7,6.7,Passed,6.8,,
SP2022,SP2022-class 11,13,1905AEJAAF,7.5,9.2,8.4,8,8.1,Passed,7,,
SP2022,SP2022-class 11,14,1905AEAADA,7.5,9.2,8.2,7.5,7.9,Passed,7,,
SP2022,SP2022-class 11,15,1905AFAJGE,7,8.5,8,7,7.5,Passed,6.8,,
SP2022,SP2022-class 11,16,1905AFADBJ,7.5,8.3,7.4,7.5,7.5,Passed,7,,
SP2022,SP2022-class 11,17,1905AFJAFA,7.5,7.7,8.2,7.5,7.8,Passed,7,,
SP2022,SP2022-class 11,18,1905AFAJFA,7.5,9.5,7.8,7.5,7.8,Passed,7,,
SP2022,SP2022-class 11,19,1905AEAAHJ,7,6.2,4.2,7,5.8,Passed,6.8,,
SP2022,SP2022-class 12,1,1905AEJBHI,8,8.5,7.6,8,7.9,Passed,8,,
SP2022,SP2022-class 12,2,1905AEJBIE,9,9,5.2,8,7.1,Passed,8,,
SP2022,SP2022-class 12,3,1905AEJBFJ,8.5,8,8.4,8,8.2,Passed,8,,
SP2022,SP2022-class 12,4,1905AEJAII,8.5,9,7,8,7.8,Passed,8,,
SP2022,SP2022-class 12,5,1905AFADDE,8.5,9,8.4,8,8.3,Passed,8,,
SP2022,SP2022-class 12,6,1905AEJFHC,8.5,9,6.2,8,7.4,Passed,8,,
SP2022,SP2022-class 12,7,1905AFADEI,8.5,9,7.6,8,8,Passed,8,,
SP2022,SP2022-class 12,8,1905AFADAI,7.5,8,7.2,7,7.3,Passed,8,,
SP2022,SP2022-class 12,9,1905AEJBCC,8.5,8,7.4,8,7.8,Passed,8,,
SP2022,SP2022-class 12,10,1905AEJBDI,8.5,9,8.8,8,8.5,Passed,8,,
SP2022,SP2022-class 12,11,1905AEJAIG,8.5,9,7,8,7.8,Passed,8,,
SP2022,SP2022-class 12,12,1905AEJGGE,8,8.5,6.6,8,7.5,Passed,8,,
SP2022,SP2022-class 12,13,1905AEJABE,8.5,9,9,8,8.6,Passed,8,,
SP2022,SP2022-class 12,14,1905AEJBGB,8,8.5,7.8,8,8,Passed,8,,
SP2022,SP2022-class 12,15,1905AEJBBB,8,8.5,8.4,8,8.2,Passed,8,,
SP2022,SP2022-class 12,16,1905AEJBGA,8,9,8.6,8,8.3,Passed,8,,
SP2022,SP2022-class 12,17,1905AEJHAI,8.5,9,7,8,7.8,Passed,8,,
SP2022,SP2022-class 12,18,1905AEJBJB,7,8.5,8.4,8,8.1,Passed,8,,
SP2022,SP2022-class 12,19,1905AEJHJG,8.5,9,8.2,8,8.2,Passed,8,,
SP2022,SP2022-class 12,20,1905AEJAGF,8,8.5,7.4,8,7.8,Passed,8,,
SP2022,SP2022-class 12,21,1905AEJBBF,7,8,6.4,7,7,Passed,8,,
SP2022,SP2022-class 12,22,1905AEJJGG,8.5,9,7.8,8,8.1,Passed,8,,
SP2022,SP2022-class 12,23,1905AEJBAB,7,8,6.8,7,7.1,Passed,8,,
SP2022,SP2022-class 12,24,1905AFADHJ,8.5,9,7.2,8,7.8,Passed,8,,
SP2022,SP2022-class 12,25,1905AFAHHG,7.5,8,8.2,7,7.7,Passed,8,,
SP2022,SP2022-class 12,26,1905AEJBAA,7,8,8,7,7.6,Passed,8,,
SP2022,SP2022-class 12,27,1905AEJAGJ,8.5,9,7.2,8,7.8,Passed,8,,
SP2022,SP2022-class 12,28,1905AEJBJH,8,9,10,8,8.9,Passed,8,,
SP2022,SP2022-class 12,29,1905AEJACG,8,9,6.8,8,7.6,Passed,8,,
SP2022,SP2022-class 12,30,1905AEJAFH,8,8,7.2,8,7.7,Passed,8,,
SP2022,SP2022-class 12,31,1905AEJBGJ,7.5,8,8.2,8,8,Passed,8,,
SP2022,SP2022-class 12,32,1905AEJCDJ,9,9,7.8,8.5,8.3,Passed,8,,
SP2022,SP2022-class 12,33,1905AFACIG,7.5,8,7.8,7,7.6,Passed,8,,
SP2022,SP2022-class 13,1,1905AEJCJB,6,9,7.4,5.8,7.1,Passed,8.9,,
SP2022,SP2022-class 13,2,1905AEJCEG,6,8.8,6.2,5,6.3,Passed,8.8,,
SP2022,SP2022-class 13,3,1905AFACBD,6.5,9.2,8.4,6.8,7.9,Passed,9.1,,
SP2022,SP2022-class 13,4,1905AFAJCJ,9,8.7,7.8,8.5,8.4,Passed,9.6,,
SP2022,SP2022-class 13,5,1905AEJCGF,7.5,9.7,7.2,7.8,7.9,Passed,9.4,,
SP2022,SP2022-class 13,6,1905AEJCBF,6.5,9.8,7.6,6.8,7.6,Passed,9.2,,
SP2022,SP2022-class 13,7,1905AFAACC,5,8.8,6.6,5.5,6.4,Passed,6.8,,
SP2022,SP2022-class 13,8,1905AEJCDF,6,8,5.8,5,6.1,Passed,8.7,,
SP2022,SP2022-class 13,9,1905AEJCCH,7,9.3,8,6.8,7.8,Passed,9.2,,
SP2022,SP2022-class 13,10,1905AEJCFD,7.5,8.7,6.8,7.8,7.6,Passed,9.3,,
SP2022,SP2022-class 13,11,1905AFAAGG,7,7.8,7,6.5,7.1,Passed,8.9,,
SP2022,SP2022-class 13,12,1905AEJCEE,7,9,7.2,6.5,7,Passed,6,,
SP2022,SP2022-class 13,13,1905AEJCEH,6,8.5,7.2,5,6.6,Passed,8.1,,
SP2022,SP2022-class 13,14,1905AEJCBI,6,9,5.6,5.8,6.4,Passed,8.9,,
SP2022,SP2022-class 13,15,1905AEJCHF,7.5,8.3,6.8,7.8,7.6,Passed,9.2,,
SP2022,SP2022-class 13,16,1905AEJCAH,7,8.8,8.4,6.8,7.9,Passed,9.1,,
SP2022,SP2022-class 13,17,1905AEJCJD,9,8.5,5.8,8.5,7.4,Passed,8.3,,
SP2022,SP2022-class 13,18,1905AEJCEA,9,9.3,9.2,8.5,9,Passed,9.6,,
SP2022,SP2022-class 13,19,1905AEJCBJ,8,8.7,6.8,7.5,7.5,Passed,8.7,,
SP2022,SP2022-class 13,20,1905AEJCAE,6.5,9.5,8.4,6.8,7.9,Passed,9.1,,
SP2022,SP2022-class 13,21,1905AEJCJG,7,9.2,7.6,6.5,7.2,Passed,6,,
SP2022,SP2022-class 13,22,1905AEJCCF,7,9.2,7.4,6.8,7.5,Passed,9.1,,
SP2022,SP2022-class 13,23,1905AEJCGE,5,9.3,8.4,5,7,Passed,7.4,,
SP2022,SP2022-class 13,24,1905AEJCCI,8,9.3,6.6,7.5,7.6,Passed,9.4,,
SP2022,SP2022-class 13,25,1905AEJCDE,8,9.2,7.2,7.5,7.8,Passed,9.4,,
SP2022,SP2022-class 13,26,1905AEACIH,0,0,0,0,0,Attendance Fail,0,,
SP2022,SP2022-class 13,27,1905AEJBIF,6.5,8.8,6.8,6.8,7.2,Passed,9,,
SP2022,SP2022-class 13,28,1905AEJBEJ,6,8.2,6.2,5.8,6.5,Passed,8.8,,
SP2022,SP2022-class 14,1,1905AFAADD,8,9.2,8.8,8.5,8.4,Passed,6,,
SP2022,SP2022-class 14,2,1905AEJDHF,8,8.5,6.4,8,7.4,Passed,7.5,,
SP2022,SP2022-class 14,3,1905AEJDAJ,7.5,9.5,8.4,7.5,8,Passed,7,,
SP2022,SP2022-class 14,4,1905AEJDEF,7.5,9.3,7.6,8,7.8,Passed,7.3,,
SP2022,SP2022-class 14,5,1905AEJEGA,7,8.3,8.8,7,7.8,Passed,6.8,,
SP2022,SP2022-class 14,6,1905AEJDBE,7.5,6.5,6.6,7.5,7,Passed,7,,
SP2022,SP2022-class 14,7,1905AEJJDG,7.5,9,7.4,8,7.7,Passed,7,,
SP2022,SP2022-class 14,8,1905AEJAJB,7.5,9,9,7.5,8.2,Passed,7.3,,
SP2022,SP2022-class 14,9,1905AEJDJD,7,9,6.4,7,6.9,Passed,6.8,,
SP2022,SP2022-class 14,10,1905AEJDCF,7,9,8,7.5,7.8,Passed,7,,
SP2022,SP2022-class 14,11,1905AEJJDH,7.5,9.2,8,8,8,Passed,7,,
SP2022,SP2022-class 14,12,1905AEJDAD,7.5,8.7,7,7.5,7.4,Passed,7,,
SP2022,SP2022-class 14,13,1905AFAAEF,7.5,8,7,7.5,7.3,Passed,7,,
SP2022,SP2022-class 14,14,1905AEJDJI,7,8.8,6.4,7,6.9,Passed,6.8,,
SP2022,SP2022-class 14,15,1905AEAEJG,8,8.2,8.2,8,8.1,Passed,7.5,,
SP2022,SP2022-class 14,16,1905AFAAGC,8,8.8,8.4,8.5,8.2,Passed,6,,
SP2022,SP2022-class 14,17,1905AEJCIG,7,9.5,6.8,7,7.1,Passed,6.5,,
SP2022,SP2022-class 14,18,1905AEJDEC,8,8,7.2,8,7.6,Passed,7.5,,
SP2022,SP2022-class 14,19,1905AEJDDH,7.5,7.8,6.4,8,7.2,Passed,7.3,,
SP2022,SP2022-class 14,20,1905AEJDJH,7.5,7.8,6.8,7,7.1,Passed,7,,
SP2022,SP2022-class 14,21,1905AEJDDE,7,9.2,7.4,7.5,7.5,Passed,7,,
SP2022,SP2022-class 14,22,1905AEJDJG,7,8.8,8,7,7.5,Passed,6.5,,
SP2022,SP2022-class 14,23,1905AFAAHG,8,9.2,9,8.5,8.5,Passed,6,,
SP2022,SP2022-class 14,24,1905AEJDBA,7,9,7,7,7.2,Passed,6.5,,
SP2022,SP2022-class 14,25,1905AFABFF,7.5,9.2,7.6,7.5,7.7,Passed,7,,
SP2022,SP2022-class 14,26,1905AEJDAB,7,8.5,7.8,7,7.4,Passed,6.5,,
SP2022,SP2022-class 14,27,1905AFAADC,7.5,9,9.8,7.5,8.5,Passed,7,,
SP2022,SP2022-class 14,28,1905AEAJGH,7,8.2,7.2,7,7.2,Passed,6.8,,
SP2022,SP2022-class 14,29,1905AEJDFA,7.5,9.2,7.8,8,7.9,Passed,7.3,,
SP2022,SP2022-class 14,30,1905AEJCHH,7.5,9,6.8,7.5,7.3,Passed,7.3,,
SP2022,SP2022-class 14,31,1905AEJDDI,7,9,7,7.5,7.4,Passed,7,,
SP2022,SP2022-class 14,32,1905AEJJDD,7.5,9.2,7.6,7.5,7.7,Passed,7.3,,
SP2022,SP2022-class 15,1,1905AEJAJA,0,0,0,0,0,Attendance Fail,0,,
SP2022,SP2022-class 15,2,1905AEJEDB,8,9,8.6,9,8.7,Passed,8.5,,
SP2022,SP2022-class 15,3,1905AEJEDI,7,8,6.8,7.5,7.3,Passed,8,,
SP2022,SP2022-class 15,4,1905AEJEFC,8,8.5,7.6,8,7.9,Passed,8.5,,
SP2022,SP2022-class 15,5,1905AEJEFD,8,8.5,7,8,7.7,Passed,8,,
SP2022,SP2022-class 15,6,1905AEJGIF,8,9,7.4,8,7.9,Passed,8.5,,
SP2022,SP2022-class 15,7,1905AEJFAJ,0,0,0,0,0,Not Passed,0,,
SP2022,SP2022-class 15,8,1905AEJEAB,8,8.5,8.2,8,8.1,Passed,8,,
SP2022,SP2022-class 15,9,1905AEJDGG,8,9,6.6,8,7.5,Passed,8,,
SP2022,SP2022-class 15,10,1905AEJEJI,8,8,4.4,7.5,6.4,Passed,8,,
SP2022,SP2022-class 15,11,1905AEJDIC,8,9,8,9,8.5,Passed,8.5,,
SP2022,SP2022-class 15,12,1905AEACFF,8.5,9,7.4,8.5,8.1,Passed,8.5,,
SP2022,SP2022-class 15,13,1905AEJEIC,7,8,6.6,7.5,7.2,Passed,8,,
SP2022,SP2022-class 15,14,1905AEJICH,8.5,9,6,8,7.4,Passed,8,,
SP2022,SP2022-class 15,15,1905AEJDIB,8,8,8.2,7.5,7.9,Passed,8,,
SP2022,SP2022-class 15,16,1905AEABIB,8.5,9,8.4,8.5,8.5,Passed,8.5,,
SP2022,SP2022-class 15,17,1905AEJECC,8,8.5,8.6,8,8.3,Passed,8.5,,
SP2022,SP2022-class 15,18,1905AEJEGE,8.5,9,6.4,8,7.6,Passed,9,,
SP2022,SP2022-class 15,19,1905AEJEEJ,8.5,9,6.6,8,7.6,Passed,8.5,,
SP2022,SP2022-class 15,20,1905AEJEEB,8.5,9,7.6,8.5,8.2,Passed,8.5,,
SP2022,SP2022-class 15,21,1905AEJJIG,8,9,8.2,8,8.2,Passed,8.5,,
SP2022,SP2022-class 15,22,1905AEJEGC,7,8,7.4,7.5,7.5,Passed,8,,
SP2022,SP2022-class 15,23,1905AEJEDC,8,9,8.4,8,8.3,Passed,8.5,,
SP2022,SP2022-class 15,24,1905AEJEEC,8,8.5,8.2,8,8.1,Passed,8,,
SP2022,SP2022-class 15,25,1905AEJEAA,8,9,7.6,9,8.3,Passed,8.5,,
SP2022,SP2022-class 15,26,1905AEJDHE,8,8,8.2,7.5,7.9,Passed,8,,
SP2022,SP2022-class 15,27,1905AEJEDE,8,8.5,8.2,8,8.2,Passed,8.5,,
SP2022,SP2022-class 15,28,1905AEJEGJ,8,9,7.8,8,8.1,Passed,8.5,,
SP2022,SP2022-class 15,29,1905AEJEEA,8,9,6.4,8,7.5,Passed,8,,
SP2022,SP2022-class 15,30,1905AEJEAJ,8,8,6.6,8,7.4,Passed,8,,
SP2022,SP2022-class 15,31,1905AEJEJE,8.5,9,7.2,8,7.9,Passed,8.5,,
SP2022,SP2022-class 15,32,1905AEJJDI,8.5,9,8,8,8.2,Passed,8,,
SP2022,SP2022-class 16,1,1905AEJFBC,10,8.5,5.2,10,7.9,Passed,10,,
SP2022,SP2022-class 16,2,1905AEADDC,8,7.8,5.6,10,7.8,Passed,10,,
SP2022,SP2022-class 16,3,1905AFADAB,6,8.8,8.4,10,8.8,Passed,10,,
SP2022,SP2022-class 16,4,1905AEJFBH,10,9,7.8,10,9,Passed,10,,
SP2022,SP2022-class 16,5,1905AEJFBG,10,9,5.6,10,8.1,Passed,10,,
SP2022,SP2022-class 16,6,1905AFADAJ,6,9,8.2,10,8.8,Passed,10,,
SP2022,SP2022-class 16,7,1905AEJFDH,10,9.3,8.4,10,9.3,Passed,10,,
SP2022,SP2022-class 16,8,1905AEJFEA,9,3.8,6.6,10,7.9,Passed,10,,
SP2022,SP2022-class 16,9,1905AEJFEJ,10,9,8,10,9.1,Passed,10,,
SP2022,SP2022-class 16,10,1905AEJFFG,10,8.3,7.8,10,9,Passed,10,,
SP2022,SP2022-class 16,11,1905AEJFGB,10,8.5,4.4,10,7.6,Passed,10,,
SP2022,SP2022-class 16,12,1905AEJFGI,10,9,4.8,10,7.8,Passed,10,,
SP2022,SP2022-class 16,13,1905AEJFGE,9,8.3,7.6,10,8.8,Passed,10,,
SP2022,SP2022-class 16,14,1905AEJFGD,10,8.5,8.6,10,9.3,Passed,10,,
SP2022,SP2022-class 16,15,1905AEJGBB,10,7.8,7.8,10,8.9,Passed,10,,
SP2022,SP2022-class 16,16,1905AFJABG,6,8.3,8.4,10,8.8,Passed,10,,
SP2022,SP2022-class 16,17,1905AEJGCE,9,9,5.8,10,8.1,Passed,10,,
SP2022,SP2022-class 16,18,1905AEJGCC,10,8.5,7,10,8.7,Passed,10,,
SP2022,SP2022-class 16,19,1905AEJGDG,9,9,9,10,9.4,Passed,10,,
SP2022,SP2022-class 16,20,1905AEJFJF,8,9.5,4.4,10,7.5,Passed,10,,
SP2022,SP2022-class 16,21,1905AEJEGG,10,9.5,7,10,8.8,Passed,10,,
SP2022,SP2022-class 16,22,1905AFABBJ,6,8.3,8.2,10,8.7,Passed,10,,
SP2022,SP2022-class 16,23,1905AEJBCA,10,9.3,6.8,10,8.7,Passed,10,,
SP2022,SP2022-class 16,24,1905AEJFJE,9,8.8,7,10,8.6,Passed,10,,
SP2022,SP2022-class 16,25,1905AEJEIJ,10,8.5,9.2,10,9.5,Passed,10,,
SP2022,SP2022-class 16,26,1905AEJFAA,10,9.3,9,10,9.5,Passed,10,,
SP2022,SP2022-class 16,27,1905AEJEIH,10,9.3,7.6,10,9,Passed,10,,
SP2022,SP2022-class 16,28,1905AFABED,6,8.3,7.6,10,8.5,Passed,10,,
SP2022,SP2022-class 16,29,1905AEJEID,8,6.5,4.8,10,7.4,Passed,10,,
SP2022,SP2022-class 16,30,1905AEADHA,6,6.5,5.8,10,7.6,Passed,10,,
SP2022,SP2022-class 16,31,1905AEJEIG,8,8.8,7.4,10,8.6,Passed,10,,
SP2022,SP2022-class 16,32,1905AEJDFH,8,9,8,10,8.9,Passed,10,,
SP2022,SP2022-class 17,1,1905ACJBEE,8.5,9,7.2,8.5,7.9,Passed,7.6,,
SP2022,SP2022-class 17,2,1905AEJJCA,8.5,9,8.4,8,8.3,Passed,7.5,,
SP2022,SP2022-class 17,3,1905AEJFIJ,8.5,9,4.4,8.5,6.8,Passed,7.5,,
SP2022,SP2022-class 17,4,1905AEJJGI,8,9,7.8,8,8,Passed,8,,
SP2022,SP2022-class 17,5,1905AEAEAG,7.5,8,7.2,8,7.6,Passed,7.5,,
SP2022,SP2022-class 17,6,1905AEJGDJ,8,8.5,7.2,8,7.7,Passed,7.5,,
SP2022,SP2022-class 17,7,1905AEJGCD,8,8.5,5.4,8,7,Passed,7.5,,
SP2022,SP2022-class 17,8,1905AFJHIE,8.5,9,9.6,8,8.7,Passed,7.5,,
SP2022,SP2022-class 17,9,1905AEJGCJ,8,8.5,7.8,8,7.9,Passed,7.5,,
SP2022,SP2022-class 17,10,1905AEJGGB,8,8.5,6.2,8,7.3,Passed,7.5,,
SP2022,SP2022-class 17,11,1905AEJGFI,0,0,0,0,0,Attendance Fail,0,,
SP2022,SP2022-class 17,12,1905AEJGHD,8.5,9,6,8,7.3,Passed,7.5,,
SP2022,SP2022-class 17,13,1905AFADGG,9,9,7.2,8,7.9,Passed,8,,
SP2022,SP2022-class 17,14,1905AFAEFD,8.5,9,8.4,8.5,8.4,Passed,7.5,,
SP2022,SP2022-class 17,15,1905AEJCBD,8.5,9,8.6,8,8.4,Passed,8,,
SP2022,SP2022-class 17,16,1905AEJAGC,9,9,8.6,8,8.4,Passed,8,,
SP2022,SP2022-class 17,17,1905AEJAJC,8.5,9,9,8,8.5,Passed,7.5,,
SP2022,SP2022-class 17,18,1905AEJADE,9,9,5.6,9,7.6,Passed,8.5,,
SP2022,SP2022-class 17,19,1905AEJJHC,8.5,9,8.6,8,8.4,Passed,8,,
SP2022,SP2022-class 17,20,1905AFJHIF,9,9,9.4,8,8.7,Passed,7.5,,
SP2022,SP2022-class 17,21,1905AFJAIC,8.5,9,9.6,8,8.7,Passed,7.5,,
SP2022,SP2022-class 17,22,1905AEJAFE,8,8,7.4,8,7.8,Passed,8,,
SP2022,SP2022-class 17,23,1905AEJJBC,8.5,9,8.4,8,8.3,Passed,7.5,,
SP2022,SP2022-class 17,24,1905AEAJHG,8.5,9,5,8,6.9,Passed,7.5,,
SP2022,SP2022-class 17,25,1905AEAABI,8.5,9,6.4,8,7.5,Passed,7.5,,
SP2022,SP2022-class 18,1,1905AEJHAC,6.5,9.2,7.4,6.8,7.6,Passed,10,,
SP2022,SP2022-class 18,2,1905AEADCE,6.5,9.7,6.2,7,7.2,Passed,10,,
SP2022,SP2022-class 18,3,1905AEJHCH,6.5,9.2,7,7,7.4,Passed,9,,
SP2022,SP2022-class 18,4,1905AEJHCD,6.5,8.2,7,7,6.9,Passed,5,,
SP2022,SP2022-class 18,5,1905AEJHDI,8,9.7,8,8.5,8.5,Passed,10,,
SP2022,SP2022-class 18,6,1905AEJHEC,7,9.5,8.8,8,8.6,Passed,10,,
SP2022,SP2022-class 18,7,1905AFAJGI,6.5,8.7,8.2,7,7.8,Passed,9,,
SP2022,SP2022-class 18,8,1905AEJHFF,4,4.5,6.6,3.5,5,Passed,5,,
SP2022,SP2022-class 18,9,1905AEJCFJ,8,9.5,4,8.5,6.9,Passed,10,,
SP2022,SP2022-class 18,10,1905AEJHGB,4,6.7,8.2,4,6.4,Passed,8,,
SP2022,SP2022-class 18,11,1905AEJHHH,6.5,8.7,8.4,6.8,7.8,Passed,9,,
SP2022,SP2022-class 18,12,1905AEJHHF,4,9.2,8.4,3.5,6.5,Passed,8,,
SP2022,SP2022-class 18,13,1905AEJIAC,4,8.7,8,3.5,6.1,Passed,6,,
SP2022,SP2022-class 18,14,1905AEJIAJ,7,9.2,8.4,8,8.3,Passed,9,,
SP2022,SP2022-class 18,15,1905AEJIJH,4,8,6.4,3.5,5.3,Passed,5,,
SP2022,SP2022-class 18,16,1905AEJIBE,6.5,8.8,8,6.8,7.8,Passed,10,,
SP2022,SP2022-class 18,17,1905AEJIBD,7,9,7.8,8,8.1,Passed,10,,
SP2022,SP2022-class 18,18,1905AEJDAC,8,9,7.8,8.5,8.4,Passed,10,,
SP2022,SP2022-class 18,19,1905AFACBF,4,9.3,8.8,4.5,7.1,Passed,9,,
SP2022,SP2022-class 18,20,1905AFACII,4,9.7,6.6,4.5,6.4,Passed,10,,
SP2022,SP2022-class 19,1,1905AEJGDH,0,0,0,0,0,Not Passed,0,,
SP2022,SP2022-class 19,2,1905AEJHEA,8,9,6.8,9,7.9,Passed,8,,
SP2022,SP2022-class 19,3,1905AEJIDB,0,0,0,0,0,Attendance Fail,0,,
SP2022,SP2022-class 19,4,1905AEJIEB,9,9,5.6,9,7.6,Passed,8.8,,
SP2022,SP2022-class 19,5,1905AEJIED,8.5,9,7.4,9,8.3,Passed,8.5,,
SP2022,SP2022-class 19,6,1905AEJIEC,8,8,4.4,9,6.8,Passed,7.5,,
SP2022,SP2022-class 19,7,1905AEJIHI,8.5,9,8,9,8.5,Passed,8.5,,
SP2022,SP2022-class 19,8,1905AEJIHF,8,8.5,7.8,8.5,8.1,Passed,8,,
SP2022,SP2022-class 19,9,1905AEJIHC,8,8,8.2,8,8.1,Passed,8,,
SP2022,SP2022-class 19,10,1905AEAJJA,8,9,7.8,9,8.4,Passed,8.5,,
SP2022,SP2022-class 19,11,1905AEAJJJ,8.5,9,8.6,9,8.7,Passed,8.5,,
SP2022,SP2022-class 19,12,1905AEAJAF,0,0,0,0,0,Attendance Fail,0,,
SP2022,SP2022-class 19,13,1905AEAJAC,8,9,7.2,9,8.1,Passed,8,,
SP2022,SP2022-class 19,14,1905AEAJAH,8,8,8,8,7.9,Passed,7,,
SP2022,SP2022-class 19,15,1905AEJIGE,8,9,6,9,7.6,Passed,8,,
SP2022,SP2022-class 19,16,1905AEAJBI,8,9,7,9,8.1,Passed,8.5,,
SP2022,SP2022-class 19,17,1905AEAJCJ,8,8.5,7.8,9,8.3,Passed,8,,
SP2022,SP2022-class 19,18,1905AEAJCH,8,8.5,5.6,8,7.1,Passed,7.8,,
SP2022,SP2022-class 19,19,1905AEAJEC,9,9,9.4,9,9.2,Passed,9,,
SP2022,SP2022-class 19,20,1905ADJGFG,0,0,0,0,0,Attendance Fail,0,,
SP2022,SP2022-class 19,21,1905AEAACF,8,8.5,7.8,9,8.3,Passed,8.3,,
SP2022,SP2022-class 19,22,1905AEAACA,8,9,7.4,9,8.3,Passed,9,,
SP2022,SP2022-class 19,23,1905AEAADC,8,8,7,9,7.8,Passed,7,,
SP2022,SP2022-class 19,24,1905AEAAEC,8.5,9,6.8,8,7.8,Passed,9,,
SP2022,SP2022-class 19,25,1905AEAAFJ,8,8,6.6,9,7.7,Passed,7.5,,
SP2022,SP2022-class 19,26,1905AEAAFH,8,8,8,8,8,Passed,8,,
SP2022,SP2022-class 19,27,1905AEAAGG,8,8,7.8,9,8.2,Passed,8,,
SP2022,SP2022-class 19,28,1905AEAAGI,8.5,8.5,8.2,8,8.3,Passed,8.8,,
SP2022,SP2022-class 20,1,1905AEJFBJ,10,8,5,10,7.8,Passed,10,,
SP2022,SP2022-class 20,2,1905AEJAFF,10,9.3,8.6,10,9.4,Passed,10,,
SP2022,SP2022-class 20,3,1905AEACIF,10,9.5,7.2,10,8.8,Passed,10,,
SP2022,SP2022-class 20,4,1905AEJFBI,10,8.3,6.2,10,8.3,Passed,10,,
SP2022,SP2022-class 20,5,1905AEJJFC,10,8.5,8.8,10,9.4,Passed,10,,
SP2022,SP2022-class 20,6,1905AEJDJB,10,9.8,8.2,10,9.3,Passed,10,,
SP2022,SP2022-class 20,7,1905AEJGED,10,9.5,9,10,9.6,Passed,10,,
SP2022,SP2022-class 20,8,1905AEJEHJ,10,6.3,5.4,10,7.8,Passed,10,,
SP2022,SP2022-class 20,9,1905AEAEAE,10,7,6.8,10,8.4,Passed,10,,
SP2022,SP2022-class 20,10,1905AFAAEB,10,9,8.2,10,9.2,Passed,10,,
SP2022,SP2022-class 20,11,1905AEJBID,10,9.3,9.8,10,9.9,Passed,10,,
SP2022,SP2022-class 20,12,1905AEJADJ,10,9.3,5.8,10,8.3,Passed,10,,
SP2022,SP2022-class 20,13,1905AEJACC,10,9,7.6,10,8.9,Passed,10,,
SP2022,SP2022-class 20,14,1905AEAJJG,10,7,7.2,10,8.6,Passed,10,,
SP2022,SP2022-class 20,15,1905AFJBIE,10,9.5,8.6,10,9.4,Passed,10,,
SP2022,SP2022-class 20,16,1905AFABIC,10,8.8,7.6,10,8.9,Passed,10,,
SP2022,SP2022-class 20,17,1905AEAJFF,10,7.8,8.2,10,9.1,Passed,10,,
SP2022,SP2022-class 20,18,1905AEJEDD,10,9.3,8.4,10,9.3,Passed,10,,
SP2022,SP2022-class 20,19,1905AFAEJB,10,8.8,7.8,10,9,Passed,10,,
SP2022,SP2022-class 20,20,1905AEAAJF,10,8.5,0,10,5.9,Not Passed,10,,
SP2022,SP2022-class 20,21,1905AEAAAG,10,8.3,6,10,8.2,Passed,10,,
SP2022,SP2022-class 20,22,1905AFAFIE,10,8.8,7.4,10,8.8,Passed,10,,
SP2022,SP2022-class 20,23,1905AEAABE,10,8.8,7.4,10,8.8,Passed,10,,
SP2022,SP2022-class 20,24,1905AEABDH,10,8.8,7.4,10,8.8,Passed,10,,
SP2022,SP2022-class 20,25,1905AEJAEA,10,9,6.6,10,8.5,Passed,10,,
SP2022,SP2022-class 20,26,1905AEAACE,10,8.5,5.6,10,8.1,Passed,10,,
SP2022,SP2022-class 20,27,1905AEAADB,10,9,8.2,10,9.2,Passed,10,,
SP2022,SP2022-class 20,28,1905AEAADI,10,9,8.6,10,9.3,Passed,10,,
SP2022,SP2022-class 20,29,1905AEAAFF,10,9,9,10,9.5,Passed,10,,
SP2022,SP2022-class 20,30,1905AEAAHF,10,8.8,7.6,10,8.9,Passed,10,,
SP2022,SP2022-class 20,31,1905AEAAHD,10,8.8,7.4,10,8.8,Passed,10,,
SP2022,SP2022-class 20,32,1905AFACIF,10,8.8,8,10,9.1,Passed,10,,
SP2022,SP2022-class 21,1,1905AEADJB,7.5,7.5,5,6.5,6.4,Passed,9.4,,
SP2022,SP2022-class 21,2,1905AEABEA,8,7.5,8,8.5,8.3,Passed,9.9,,
SP2022,SP2022-class 21,3,1905AEABDG,8,7.5,8.4,8.5,8.4,Passed,9.4,,
SP2022,SP2022-class 21,4,1905AEABBD,7,7,8.2,8,8.1,Passed,9.9,,
SP2022,SP2022-class 21,5,1905AEADJJ,7.5,8,8.2,6.5,7.6,Passed,8.2,,
SP2022,SP2022-class 21,6,1905FCCBI,7,7,5.2,7,6.4,Passed,8.5,,
SP2022,SP2022-class 21,7,1905AEABAB,8,7.5,9,8.5,8.6,Passed,9.3,,
SP2022,SP2022-class 21,8,1905ACJEBE,0,0,0,0,0,Attendance Fail,0,,
SP2022,SP2022-class 21,9,1905AFABDI,8,8,5.4,8.5,7.2,Passed,8.8,,
SP2022,SP2022-class 21,10,1905AEABBG,7,7,7.6,8,7.8,Passed,9.4,,
SP2022,SP2022-class 21,11,1905ADJCBE,0,0,0,0,0,Attendance Fail,0,,
SP2022,SP2022-class 21,12,1905AEABBF,7,7,8.4,8,8.1,Passed,9.6,,
SP2022,SP2022-class 21,13,1905AEAAIE,8,8,8.2,8.5,8.4,Passed,9.3,,
SP2022,SP2022-class 21,14,1905AEACIJ,7.5,7.5,8,6.5,7.6,Passed,9.4,,
SP2022,SP2022-class 21,15,1905AFADEB,7,7,5.4,7,6.5,Passed,8.8,,
SP2022,SP2022-class 21,16,1905AEAAEI,7.5,7.5,7.8,6.5,7.4,Passed,8.4,,
SP2022,SP2022-class 21,17,1905AEABDB,7,7,4.8,7,6.2,Passed,8,,
SP2022,SP2022-class 21,18,1905AEAAFG,7,7,8.2,8,8.1,Passed,9.8,,
SP2022,SP2022-class 21,19,1905AEABCD,7,8,8.6,8,8.3,Passed,9.8,,
SP2022,SP2022-class 22,1,1905AEJAHJ,7,8.8,9.2,9.3,9,Passed,9.4,,
SP2022,SP2022-class 22,2,1905AEACCC,8.5,9.7,9,8.8,8.9,Passed,8.4,,
SP2022,SP2022-class 22,3,1905AEAEJH,6.8,9.8,8,6,7.6,Passed,9.1,,
SP2022,SP2022-class 22,4,1905AEACGA,6.8,8,4.4,6.8,5.7,Passed,4,,
SP2022,SP2022-class 22,5,1905AEABHI,7,9.2,7,7.5,7.1,Passed,4.2,,
SP2022,SP2022-class 22,6,1905AEJEEG,7,8.7,7.8,9.3,8.4,Passed,9.4,,
SP2022,SP2022-class 22,7,1905AEACJB,6,8.8,7.6,5,6.5,Passed,5,,
SP2022,SP2022-class 22,8,1905AEABGJ,5,9,6.8,5,6.2,Passed,6.2,,
SP2022,SP2022-class 22,9,1905AEJBIC,8.2,9.2,6,8.8,7.6,Passed,8.3,,
SP2022,SP2022-class 22,10,1905AEACBC,6.5,9.2,8,8.8,8.2,Passed,8.1,,
SP2022,SP2022-class 22,11,1905AEABFB,8.5,9.3,7.2,8,8,Passed,9.5,,
SP2022,SP2022-class 22,12,1905AFABIG,8.5,9.2,7.4,8,8,Passed,8.2,,
SP2022,SP2022-class 22,13,1905AFACBC,8.5,9.3,8.4,8,8.2,Passed,6.4,,
SP2022,SP2022-class 22,14,1905AEABIA,6.8,9.2,8,6,7.4,Passed,7.8,,
SP2022,SP2022-class 22,15,1905AEJHGD,6.8,9.3,6.8,6,6.8,Passed,6.5,,
SP2022,SP2022-class 22,16,1905AEABGF,7,9,5,7.5,6.6,Passed,8,,
SP2022,SP2022-class 22,17,1905AEACFB,8,8.8,5.6,8.5,7.2,Passed,6.9,,
SP2022,SP2022-class 22,18,1905AEJAEC,7,9.3,8.4,9.3,8.7,Passed,8.8,,
SP2022,SP2022-class 22,19,1905AEACBF,5,8.2,0,5,3.1,Not Passed,2.9,,
SP2022,SP2022-class 22,20,1905AEABFG,8,5,7.8,8.5,7.7,Passed,7.7,,
SP2022,SP2022-class 22,21,1905AEABIG,8,8.8,7.6,8.5,8.1,Passed,8.2,,
SP2022,SP2022-class 22,22,1905AEABEB,8,8.3,7.6,8.5,8,Passed,8.1,,
SP2022,SP2022-class 22,23,1905AEACDA,6,9.2,7.2,5,6.7,Passed,7.5,,
SP2022,SP2022-class 22,24,1905AEACCA,7,9.2,7.6,7.5,7.7,Passed,8,,
SP2022,SP2022-class 22,25,1905AEACGJ,6.5,9.3,7.4,8.8,8,Passed,8.1,,
SP2022,SP2022-class 22,26,1905AEABGB,8,8.8,9.6,8.5,9,Passed,9.4,,
SP2022,SP2022-class 22,27,1905AEACGE,6,8.8,6.4,5,6.1,Passed,5.6,,
SP2022,SP2022-class 22,28,1905AEACJF,8,8.8,8.6,8.5,8.6,Passed,9.4,,
SP2022,SP2022-class 22,29,1905AEJCCA,8.2,9.3,7.6,8.8,8.3,Passed,8.9,,
SP2022,SP2022-class 22,30,1905AEACGG,6.8,8.7,7.2,6.8,7.1,Passed,5.9,,
SP2022,SP2022-class 23,1,1905AFADBI,9,8.5,7.4,8.5,8,Passed,7,,
SP2022,SP2022-class 23,2,1905AFACJA,5,6,8,5,6.3,Passed,5,,
SP2022,SP2022-class 23,3,1905AFADIB,5,5,0,5,3,Not Passed,5,,
SP2022,SP2022-class 23,4,1905ADJGJJ,9,8,4.8,8.5,7,Passed,8,,
SP2022,SP2022-class 23,5,1905AEACHD,8,9,4.2,8,6.6,Passed,8.5,,
SP2022,SP2022-class 23,6,1905AEADDG,8,6.5,5.8,8,6.4,Passed,2,,
SP2022,SP2022-class 23,7,1905AEADEI,8,9,8,8,8.2,Passed,8.5,,
SP2022,SP2022-class 23,8,1905AEJJIC,5,7,6.2,5,5.8,Passed,6,,
SP2022,SP2022-class 23,9,1905AEADDF,8.5,9,7.6,9,8.3,Passed,8,,
SP2022,SP2022-class 23,10,1905AEACIA,8.5,9,8.6,9,8.8,Passed,9,,
SP2022,SP2022-class 23,11,1905AFABHC,9,9,8.8,8.5,8.7,Passed,8.5,,
SP2022,SP2022-class 23,12,1905AEADCB,9,7,6.8,8.5,7.5,Passed,6,,
SP2022,SP2022-class 23,13,1905AEADCH,8,6.5,0,8,4.1,Not Passed,2,,
SP2022,SP2022-class 23,14,1905AEADJH,8.5,9,7.4,9,8.2,Passed,8,,
SP2022,SP2022-class 23,15,1905AFACJG,9,8,7.2,8.5,7.8,Passed,7,,
SP2022,SP2022-class 23,16,1905AEACHG,8,6.5,8.4,8,7.4,Passed,2,,
SP2022,SP2022-class 23,17,1905AFABBD,9,8.5,9.4,8.5,8.9,Passed,8,,
SP2022,SP2022-class 23,18,1905AEADCG,8,9,7.4,8,7.9,Passed,8.5,,
SP2022,SP2022-class 24,1,1905AFAJJB,10,8.8,8.6,10,9.3,Passed,10,,
SP2022,SP2022-class 24,2,1905AFAEED,10,9,9.4,10,9.7,Passed,10,,
SP2022,SP2022-class 24,3,1905AEJJHJ,10,8.8,9.4,10,9.6,Passed,10,,
SP2022,SP2022-class 24,4,1905AFJJIH,10,8.8,8.4,10,9.2,Passed,10,,
SP2022,SP2022-class 24,5,1905AFJJEJ,10,9,8.2,10,9.2,Passed,10,,
SP2022,SP2022-class 24,6,1905AEJGHG,10,9,7.4,10,8.9,Passed,10,,
SP2022,SP2022-class 24,7,1905AFAACF,10,8,0,10,5.8,Not Passed,10,,
SP2022,SP2022-class 24,8,1905AFJJCD,10,9,8.6,10,9.3,Passed,10,,
SP2022,SP2022-class 24,9,1905AFJJDF,10,9,8.6,10,9.3,Passed,10,,
SP2022,SP2022-class 24,10,1905AEACCG,10,8,7.6,10,8.8,Passed,10,,
SP2022,SP2022-class 24,11,1905AFJJHI,10,8.8,8.2,10,9.2,Passed,10,,
SP2022,SP2022-class 24,12,1905AFJJBF,10,8.8,8.8,10,9.4,Passed,10,,
SP2022,SP2022-class 24,13,1905AFAFJC,10,7.5,6.2,10,8.2,Passed,10,,
SP2022,SP2022-class 24,14,1905AFAFBH,10,8,5,10,7.8,Passed,10,,
SP2022,SP2022-class 24,15,1905AFAEIH,10,6.8,8,10,8.9,Passed,10,,
SP2022,SP2022-class 24,16,1905AFABFA,10,9.5,9.8,10,9.9,Passed,10,,
SP2022,SP2022-class 24,17,1905AFJABJ,10,8.8,8.8,10,9.4,Passed,10,,
SP2022,SP2022-class 24,18,1905AFAEAD,10,8,5.2,10,7.9,Passed,10,,
SP2022,SP2022-class 24,19,1905AFAEGD,10,8.5,7.8,10,9,Passed,10,,
SP2022,SP2022-class 24,20,1905AFAEFI,10,8.5,7.8,10,9,Passed,10,,
SP2022,SP2022-class 24,21,1905AEAJCB,10,8.8,7.4,10,8.8,Passed,10,,
SP2022,SP2022-class 24,22,1905AFAFIH,10,8,5.6,10,8,Passed,10,,
SP2022,SP2022-class 24,23,1905AFJJCG,10,9.5,9.4,10,9.7,Passed,10,,
SP2022,SP2022-class 24,24,1905AFJAAA,10,8.3,7,10,8.6,Passed,10,,
SP2022,SP2022-class 24,25,1905AFAFDF,10,7.5,4.8,10,7.7,Passed,10,,
SP2022,SP2022-class 24,26,1905AEADHG,10,8.5,7.8,10,9,Passed,10,,
SP2022,SP2022-class 24,27,1905AFJJGF,10,8.8,7.6,10,8.9,Passed,10,,
SP2022,SP2022-class 24,28,1905AFAEFC,10,8.3,7.2,10,8.7,Passed,10,,
SP2022,SP2022-class 24,29,1905AEADHJ,10,8.5,8.4,10,9.2,Passed,10,,
SP2022,SP2022-class 24,30,1905AFABAH,10,8.3,8,10,9,Passed,10,,
SP2022,SP2022-class 24,31,1905AEJACA,10,8.8,6.2,10,8.4,Passed,10,,
SP2023,SP2023-class 1,1,1905AFABAG,8,9,6.4,8.5,7.6,Passed,8,,
SP2023,SP2023-class 1,2,1905AGCFCI,7,8,9,7.5,8.2,Passed,8,,
SP2023,SP2023-class 1,3,1905AFJHCC,9,9,9.2,8.5,8.9,Passed,8.5,,
SP2023,SP2023-class 1,4,1905AEJCIB,9,7,9.8,8.5,8.8,Passed,7.5,,
SP2023,SP2023-class 1,5,1905AFAAHE,8,8,9.2,8,8.5,Passed,7.8,,
SP2023,SP2023-class 1,6,0805AECBFF,9,9,5.4,8.5,7.3,Passed,8.3,,
SP2023,SP2023-class 1,7,1905ACJCJH,6,7,6.6,5.5,6.3,Passed,7.5,,
SP2023,SP2023-class 1,8,1905AFAAII,8,9,9.2,8.5,8.7,Passed,7.5,,
SP2023,SP2023-class 1,9,1905AFBJHJ,8,8,8,8,8,Passed,8.3,,
SP2023,SP2023-class 1,10,1905AFAIEB,8,7,7.4,8,7.6,Passed,7.8,,
SP2023,SP2023-class 1,11,1905AFAEBA,0,0,0,0,0,Attendance Fail,0,,
SP2023,SP2023-class 1,12,1905AFJIED,6.5,9,8.6,6,7.5,Passed,7,,
SP2023,SP2023-class 1,13,1905AFBJFF,8,9,8.6,8,8.3,Passed,7.8,,
SP2023,SP2023-class 1,14,1905AFAJAC,5,9,5.8,5,5.8,Passed,5.8,,
SP2023,SP2023-class 1,15,1905AFADJI,8,9,8,8.5,8.2,Passed,7.5,,
SP2023,SP2023-class 1,16,1905AFBJEG,8,9,8.6,8,8.3,Passed,8,,
SP2023,SP2023-class 1,17,1905AFBJFJ,8,9,8,8,8.1,Passed,7.8,,
SP2023,SP2023-class 1,18,1905AFADCA,8,9,7.6,8.5,8,Passed,7.5,,
SP2023,SP2023-class 1,19,1905AEAJBE,8,8,7.6,8.5,7.9,Passed,7.5,,
SP2023,SP2023-class 1,20,1905AFJAIF,9,9,10,8.5,9.2,Passed,8.3,,
SP2023,SP2023-class 1,21,1905AFAIAE,9,9,8.4,8.5,8.5,Passed,8,,
SP2023,SP2023-class 2,1,1905AGAICI,8,8,5.4,10,7.1,Passed,3.5,,
SP2023,SP2023-class 2,2,1905AFBJHD,6,10,8,8,7.9,Passed,7,,
SP2023,SP2023-class 2,3,1905AGJBBE,9,9,6.2,9,7.8,Passed,8,,
SP2023,SP2023-class 2,4,1905AGADEI,10,10,8.6,10,9.3,Passed,8.5,,
SP2023,SP2023-class 2,5,1905AGAGFD,10,10,9.2,10,9.5,Passed,8.5,,
SP2023,SP2023-class 2,6,1905AFBJIC,9,9,9,9,8.9,Passed,8,,
SP2023,SP2023-class 2,7,1905AGCFEA,9,8,6.4,9,7.8,Passed,8,,
SP2023,SP2023-class 2,8,1905AGJJBC,10,8,8,10,8.4,Passed,4,,
SP2023,SP2023-class 2,9,1905AGAAJJ,10,10,9.4,10,9.5,Passed,7,,
SP2023,SP2023-class 2,10,1905AGJJAE,10,10,8.8,10,9.2,Passed,6.5,,
SP2023,SP2023-class 2,11,1905AGAEIB,8,10,5.4,10,7.6,Passed,6.5,,
SP2023,SP2023-class 2,12,1905AGJAFE,10,10,8.2,10,9,Passed,7,,
SP2023,SP2023-class 2,13,1905AFBJEH,6,10,9.4,8,8.5,Passed,7,,
SP2023,SP2023-class 2,14,1905AGAFII,9,9,9.2,9,8.8,Passed,6.5,,
SP2023,SP2023-class 2,15,1905AFAAIE,8,10,9,10,9.2,Passed,7.5,,
SP2023,SP2023-class 2,16,1905AGAIDF,10,10,9.4,10,9.7,Passed,9,,
SP2023,SP2023-class 2,17,1905AGBJCJ,9,10,8.2,9,8.6,Passed,7,,
SP2023,SP2023-class 2,18,1905AGJJDB,9,10,8.2,9,8.7,Passed,8.5,,
SP2023,SP2023-class 2,19,1905ACJGGE,9,10,5.6,9,7.5,Passed,6.5,,
SP2023,SP2023-class 2,20,1905AFBJFH,6,10,9.2,8,8.4,Passed,7.5,,
SP2023,SP2023-class 2,21,1905AGAIEC,8,9,6,10,7.8,Passed,7,,
SP2023,SP2023-class 2,22,1905AGAIBD,8,10,9.2,10,8.9,Passed,4,,
SP2023,SP2023-class 2,23,1905AGAJJG,10,9,7.4,10,8.5,Passed,6.5,,
SP2023,SP2023-class 2,24,1905AGBBEJ,10,10,9,10,9.6,Passed,9.5,,
SP2023,SP2023-class 2,25,1905AGBBDA,9,10,8.8,9,8.9,Passed,7.5,,
SP2023,SP2023-class 2,26,1905AGBICE,9,9,8.4,9,8.6,Passed,7,,
SP2023,SP2023-class 2,27,1905AGCBIJ,9,9,9.2,9,8.9,Passed,7,,
SP2023,SP2023-class 2,28,1905AGAJFD,10,9,8.4,10,8.9,Passed,6,,
SP2023,SP2023-class 3,1,1905AGCFDB,9.5,9.7,8,9.5,8.9,Passed,9.5,,
SP2023,SP2023-class 3,2,1905AGCEDI,9.5,9.7,7.4,9.5,8.7,Passed,9.5,,
SP2023,SP2023-class 3,3,1905AGBEBB,9.7,9.7,8.8,9.5,9.2,Passed,9.3,,
SP2023,SP2023-class 3,4,1905ACJBGI,9.3,9.3,4.8,9.5,7.5,Passed,8.8,,
SP2023,SP2023-class 3,5,1905AEJFAJ,0,0,0,0,0,Attendance Fail,0,,
SP2023,SP2023-class 3,6,1905AGCECA,9.5,9.7,7.4,9.5,8.6,Passed,8.5,,
SP2023,SP2023-class 3,7,1905AGABED,9.7,9.5,7.4,9.5,8.7,Passed,9.3,,
SP2023,SP2023-class 3,8,1905AGCDGG,9.5,9.7,8,9.5,8.9,Passed,9.3,,
SP2023,SP2023-class 3,9,1905AGAJHH,9.7,9.4,8.4,9,8.9,Passed,9,,
SP2023,SP2023-class 3,10,1905AGAFBJ,9.2,9.5,8.2,9,8.7,Passed,8.8,,
SP2023,SP2023-class 3,11,1905AGCEID,9.5,9.5,7.4,9,8.5,Passed,9,,
SP2023,SP2023-class 3,12,1905AGBJGJ,9.7,9.4,8.4,9,8.9,Passed,9,,
SP2023,SP2023-class 3,13,1905AGCEHB,9.5,9.5,6.2,9,8,Passed,9.3,,
SP2023,SP2023-class 3,14,1905AGAFEA,9.2,9.5,7.2,9,8.3,Passed,8.8,,
SP2023,SP2023-class 3,15,1905AFAIGG,9.4,9.4,7.8,9.5,8.7,Passed,8,,
SP2023,SP2023-class 3,16,1905AGBEHG,9.7,9.7,6.8,9.5,8.4,Passed,8.8,,
SP2023,SP2023-class 3,17,1905AGBJCE,9.7,9.4,7.8,9,8.6,Passed,8.8,,
SP2023,SP2023-class 3,18,1905AGABJH,9.5,9.5,8.4,9.5,9,Passed,9,,
SP2023,SP2023-class 3,19,1905AGABDE,9.5,9.5,6.8,9.5,8.4,Passed,9,,
SP2023,SP2023-class 3,20,1905AGABCI,9.5,9.5,7,9.5,8.5,Passed,9,,
SP2023,SP2023-class 3,21,1905AGCEGI,9.5,9.5,8.6,9,9,Passed,9.5,,
SP2023,SP2023-class 3,22,1905AGAAIH,9.7,9.7,8.4,9.5,9.1,Passed,9.3,,
SP2023,SP2023-class 3,23,1905AGCEIE,9.5,9.5,6.6,9,8.2,Passed,9.3,,
SP2023,SP2023-class 3,24,1905AGABFA,9.7,9.7,8.2,9.5,9,Passed,9.3,,
SP2023,SP2023-class 3,25,1905AFJJAE,9.5,7.9,8.2,9.5,8.8,Passed,9,,
SP2023,SP2023-class 3,26,1905AGABJI,9.7,9.5,7.6,9.5,8.8,Passed,9.5,,
SP2023,SP2023-class 3,27,1905AFAEAH,9.2,9.5,8.2,9,8.7,Passed,8.8,,
SP2023,SP2023-class 3,28,1905AGABBG,9.7,9.5,8,9.5,8.9,Passed,9,,
SP2023,SP2023-class 4,1,1905AFJEGB,9.7,9.3,9,9.5,9.2,Passed,8.3,,
SP2023,SP2023-class 4,2,1905AFJEEI,9.7,9.5,8,8.5,8.5,Passed,8.5,,
SP2023,SP2023-class 4,3,1905AGAFIJ,9.9,8.8,7.8,9.5,8.5,Passed,7,,
SP2023,SP2023-class 4,4,1905AGAEFJ,9.6,9.6,7,10,8.7,Passed,9.8,,
SP2023,SP2023-class 4,5,1905AFJEFE,9.7,9.3,6.4,9.5,8.2,Passed,8.8,,
SP2023,SP2023-class 4,6,1905AFJEGJ,9.7,9.3,6.6,9.5,8.3,Passed,9.3,,
SP2023,SP2023-class 4,7,1905AFADED,6.7,9.3,8.6,8.5,8.5,Passed,9,,
SP2023,SP2023-class 4,8,1905AGADIJ,9.7,9.2,8.2,9.5,9,Passed,10,,
SP2023,SP2023-class 4,9,1905AFJEGG,9.7,9.6,7.2,9,8.4,Passed,9,,
SP2023,SP2023-class 4,10,1905AGADHI,9.6,9.6,8.2,10,9.2,Passed,10,,
SP2023,SP2023-class 4,11,1905AFJJBE,9.7,9.1,8.2,9,8.9,Passed,10,,
SP2023,SP2023-class 4,12,1905AGAFIB,9.6,9.6,7.8,10,8.9,Passed,9,,
SP2023,SP2023-class 4,13,1905AGAEEG,9.7,9.2,9.2,9.5,9.4,Passed,10,,
SP2023,SP2023-class 4,14,1905AFJBFA,9.7,9.5,4,8.5,6.5,Passed,4,,
SP2023,SP2023-class 4,15,1905AFJJDD,9.7,9.1,7.8,9,8.6,Passed,8.5,,
SP2023,SP2023-class 4,16,1905AGAEGF,9.9,8.8,7.8,9.5,8.7,Passed,9,,
SP2023,SP2023-class 4,17,1905AFJJBJ,9.7,9.1,7.4,9,8.5,Passed,10,,
SP2023,SP2023-class 4,18,1905AFJEHA,9.7,9.5,6.4,8.5,7.8,Passed,7.5,,
SP2023,SP2023-class 4,19,1905AFJEGA,9.7,9.5,7,9,8.3,Passed,9.3,,
SP2023,SP2023-class 4,20,1905AFJEHJ,9.5,9,5.4,9,7.5,Passed,8,,
SP2023,SP2023-class 4,21,1905AGAFDG,9.7,9.2,8.8,9.5,9.3,Passed,10,,
SP2023,SP2023-class 4,22,1905AFJEIA,9.7,9.6,8.2,5,7.7,Passed,10,,
SP2023,SP2023-class 4,23,1905AFJEEG,9.7,9.5,8.4,8.5,8.7,Passed,8.3,,
SP2023,SP2023-class 4,24,1905AFBJGA,9.7,9.3,0,1,3,Attendance Fail,7.5,,
SP2023,SP2023-class 4,25,1905AFJEFG,9.7,9.3,7.8,9.5,8.6,Passed,7,,
SP2023,SP2023-class 4,26,1905AGAEFE,9.9,8.8,8.8,9.5,9.2,Passed,9.5,,
SP2023,SP2023-class 4,27,1905AFJEFD,9.5,9,8.2,9,8.7,Passed,8.5,,
SP2023,SP2023-class 4,28,1905AGACIJ,9.6,9.6,9,10,9.5,Passed,9.5,,
SP2023,SP2023-class 4,29,1905AFJEGD,9.7,9.6,8,9,8.5,Passed,6.8,,
SP2023,SP2023-class 4,30,1905AFAEAH,9.7,9.3,0,1,3,Attendance Fail,7.5,,
SP2023,SP2023-class 4,31,1905AFJEHE,9.5,9.1,8,9,8.6,Passed,8.5,,
SP2023,SP2023-class 4,32,1905AFJJHB,9.7,9.1,8.2,9,8.8,Passed,9.5,,
SP2023,SP2023-class 4,33,1905AGAEBB,9.9,8.8,8.6,9.5,9,Passed,8.8,,
SP2023,SP2023-class 4,34,1905AFJEFH,9.5,9,8,9,8.6,Passed,8.5,,
SP2023,SP2023-class 5,1,1905AFJCBA,7,7.3,0,6,3.9,Not Passed,6.8,,
SP2023,SP2023-class 5,2,1905AFBJIH,9,5.7,6,9,7.4,Passed,7.9,,
SP2023,SP2023-class 5,3,1919AFJJFJ,7,4.7,7.6,7.5,7.1,Passed,6.4,,
SP2023,SP2023-class 5,4,1905AFJBFE,7,7,7.4,6,6.8,Passed,6.7,,
SP2023,SP2023-class 5,5,1905AGCCIB,7,5,8.4,7,7.3,Passed,6.4,,
SP2023,SP2023-class 5,6,1905AFJCFA,7,6.5,7.4,8,7.4,Passed,7.2,,
SP2023,SP2023-class 5,7,1905AFJCJH,7,7.5,7.2,8,7.5,Passed,7.5,,
SP2023,SP2023-class 5,8,1905AFJCJE,7,6.8,8,6,7,Passed,6.7,,
SP2023,SP2023-class 5,9,1905AFJCAG,9,7.7,7.8,9,8.4,Passed,8.6,,
SP2023,SP2023-class 5,10,1905AFJCGC,9,8.2,5.6,9,7.5,Passed,8.8,,
SP2023,SP2023-class 5,11,1905AFBAJJ,8,7.8,7.2,8,7.7,Passed,8,,
SP2023,SP2023-class 5,12,1905AGAJIH,7,7.2,7.8,7,7.4,Passed,7.1,,
SP2023,SP2023-class 5,13,1905AGAJGB,8,7,8.6,8,8.1,Passed,7.7,,
SP2023,SP2023-class 5,14,1905AGACIC,8,7.2,5.2,8,6.8,Passed,7.8,,
SP2023,SP2023-class 5,15,1905AFBJFC,8,7.3,9.6,8,8.6,Passed,7.8,,
SP2023,SP2023-class 5,16,1905AGAJFG,8,7.8,7.4,8,7.7,Passed,8,,
SP2023,SP2023-class 5,17,1919AGJDCH,7,6.5,8.6,7.5,7.7,Passed,7,,
SP2023,SP2023-class 5,18,1905AGADIG,7,7,7.6,7,7.2,Passed,7,,
SP2023,SP2023-class 5,19,1905AFBAJG,7,9,9.6,7,8.3,Passed,7.7,,
SP2023,SP2023-class 5,20,1905AFJCJC,7,6.2,7.6,6,6.8,Passed,6.4,,
SP2023,SP2023-class 5,21,1905AFJCGG,7,8.7,9.6,8,8.6,Passed,7.9,,
SP2023,SP2023-class 5,22,1905AFJBFG,7,5.8,8.2,6,7,Passed,6.3,,
SP2023,SP2023-class 5,23,1905AFAFHD,7,6,7.2,8,7.3,Passed,7,,
SP2023,SP2023-class 5,24,1905AFJBGA,7,8.3,7.2,6,6.9,Passed,7.2,,
SP2023,SP2023-class 5,25,1905AFJIDJ,7,5,6.8,7.5,6.8,Passed,6.5,,
SP2023,SP2023-class 5,26,1905AFBAAC,7,7,7.8,7,7.3,Passed,7,,
SP2023,SP2023-class 5,27,1905AFBAHI,8,8.2,8,8,8,Passed,8.1,,
SP2023,SP2023-class 5,28,1919AFJFEC,7,9,8.4,7,7.8,Passed,7.7,,
SP2023,SP2023-class 5,29,1905AFJCBJ,9,8.5,8.4,9,8.7,Passed,8.9,,
SP2023,SP2023-class 5,30,1905AFJCCG,9,7.8,8.6,9,8.7,Passed,8.7,,
SP2023,SP2023-class 5,31,1905AFBJII,8,9.5,8.2,8,8.3,Passed,8.5,,
SP2023,SP2023-class 5,32,1905AFJCAB,7,7.5,7.6,6,7,Passed,6.9,,
SP2023,SP2023-class 5,33,1901AFJADH,9,5.2,6.8,9,7.6,Passed,7.8,,
SP2023,SP2023-class 5,34,1905AFJBFC,7,7.5,7,6,6.7,Passed,6.9,,
SP2023,SP2023-class 5,35,1905AFBAJF,7,9.3,7,7,7.3,Passed,7.8,,
SP2023,SP2023-class 6,1,1905AGCEEB,9.8,9.3,10,9.5,9.3,Passed,5.5,,
SP2023,SP2023-class 6,2,1905AFJDJF,9.7,9.4,8.2,8,8.4,Passed,8.3,,
SP2023,SP2023-class 6,3,1901ACJJEB,0,5,0,0,0.5,Attendance Fail,0,,
SP2023,SP2023-class 6,4,1905AFADAF,9.7,9,7.2,9,8.1,Passed,6,,
SP2023,SP2023-class 6,5,1905AFJHHD,9.5,9.2,5.2,7,6.7,Passed,6.5,,
SP2023,SP2023-class 6,6,1905ACJGFG,9.7,8.4,8.2,9,8.6,Passed,8.3,,
SP2023,SP2023-class 6,7,1905AFADDF,9.6,9,7.4,7,7.6,Passed,6.5,,
SP2023,SP2023-class 6,8,1905AFADCF,9.6,8.9,8.4,7,8.2,Passed,9,,
SP2023,SP2023-class 6,9,1905AFJEDH,9.7,8.9,7.8,8.5,8.2,Passed,6.5,,
SP2023,SP2023-class 6,10,1905AFJCHF,9.7,9,8.4,9,8.7,Passed,7.5,,
SP2023,SP2023-class 6,11,1905AGJDJH,9.8,9.3,8.2,9.5,8.8,Passed,7.8,,
SP2023,SP2023-class 6,12,1905AFJIEE,9.6,9.3,6.4,7,7.5,Passed,9.3,,
SP2023,SP2023-class 6,13,1905ACJBHJ,9.7,8.3,7.6,9,8.3,Passed,8,,
SP2023,SP2023-class 6,14,1905AGADHF,9.6,9.3,9.2,9.5,9.2,Passed,7.5,,
SP2023,SP2023-class 6,15,1905AGAGDH,9.6,9.3,7.6,9.5,8.6,Passed,8.5,,
SP2023,SP2023-class 6,16,1905AGAEGE,9.6,9.3,7.4,9.5,8.5,Passed,7.5,,
SP2023,SP2023-class 6,17,1905AFAIDJ,9.7,8.4,5,9,7.1,Passed,5.5,,
SP2023,SP2023-class 6,18,1905AGJJJC,9.7,9.4,7.8,5,7.3,Passed,8,,
SP2023,SP2023-class 6,19,1905AFAEGI,9.6,9.3,7.8,7,8,Passed,8.5,,
SP2023,SP2023-class 6,20,1905AFACGG,9.6,9,7.6,7,7.7,Passed,6.8,,
SP2023,SP2023-class 6,21,1905AFJDJE,9.7,9.4,7.8,8,8.2,Passed,8,,
SP2023,SP2023-class 6,22,1905AFADAD,9.7,9,7.6,9,8.2,Passed,6,,
SP2023,SP2023-class 6,23,1905AFJEBJ,9.7,8.9,6.8,8.5,7.9,Passed,7.5,,
SP2023,SP2023-class 6,24,1905AFAEIJ,9.6,9.3,5.6,7,7.1,Passed,9,,
SP2023,SP2023-class 6,25,1905AFJDEA,9.7,9,8.6,9,8.8,Passed,7.5,,
SP2023,SP2023-class 6,26,1905AFAEIF,9.8,9.3,8.6,9.5,8.7,Passed,5,,
SP2023,SP2023-class 6,27,1905AFJCIB,9.7,9.4,7.8,8,8,Passed,5.5,,
SP2023,SP2023-class 6,28,1905AFJEBB,9.7,8.9,8,8.5,8.2,Passed,5.5,,
SP2023,SP2023-class 6,29,1905AFJDHJ,9.6,9,7.4,7,7,Passed,1,,
SP2023,SP2023-class 6,30,1905AFJEDI,9.7,8.9,7.4,8.5,8.2,Passed,8,,
SP2023,SP2023-class 6,31,1905AFJJEE,9.6,9.3,8.6,9.5,8.7,Passed,5.5,,
SP2023,SP2023-class 6,32,1905AGAGDG,9.6,9.3,6.4,9.5,8.2,Passed,8.5,,
SP2023,SP2023-class 6,33,1905AFJECD,9.7,8.4,7,9,8,Passed,7,,
SP2023,SP2023-class 7,1,1905AFJFJF,4.8,6.9,7.2,8.5,7.3,Passed,7.1,,
SP2023,SP2023-class 7,2,1905AGJDDG,8,7.3,7.6,4.3,6.5,Passed,6,,
SP2023,SP2023-class 7,3,1905AFJFAH,6,7.4,0,4,3.1,Attendance Fail,5.7,,
SP2023,SP2023-class 7,4,1905AGBADF,7.9,6.2,7,7.6,7.2,Passed,7.4,,
SP2023,SP2023-class 7,5,1905AGCEBA,7.6,7.9,5.4,8.6,7.2,Passed,8.7,,
SP2023,SP2023-class 7,6,1905AGCEEE,7.2,8.4,9.4,7.6,8.5,Passed,8.7,,
SP2023,SP2023-class 7,7,1905AFAHDA,4.7,5.4,6.6,4.3,5.4,Passed,4.8,,
SP2023,SP2023-class 7,8,1905AFJFAI,4.8,5.9,8.4,8.5,7.7,Passed,7.1,,
SP2023,SP2023-class 7,9,1905AFJGID,8.1,5.9,6.6,4.3,6,Passed,6.9,,
SP2023,SP2023-class 7,10,1905AGAIIJ,8.1,8.2,10,9.6,9.4,Passed,8.8,,
SP2023,SP2023-class 7,11,1905AGCEIC,7,7.1,8.4,7.6,7.9,Passed,8.9,,
SP2023,SP2023-class 7,12,1905AGBAJC,8.2,8.8,9.4,9.6,9,Passed,6.7,,
SP2023,SP2023-class 7,13,1905AFJHDH,7.4,6.4,8.4,7.8,7.8,Passed,6.8,,
SP2023,SP2023-class 7,14,1905AGCEAC,7.7,7.4,8.2,7.6,7.9,Passed,8.7,,
SP2023,SP2023-class 7,15,1905AFBJCI,8,6.6,5.8,4,5.6,Passed,6.2,,
SP2023,SP2023-class 7,16,1905AGAHGB,8,7.3,7.8,7.6,7.8,Passed,8.3,,
SP2023,SP2023-class 7,17,1905AFJFAA,4.8,7.8,6.6,7.1,6.8,Passed,7.4,,
SP2023,SP2023-class 7,18,1905AFJFCB,4.8,7.3,8.2,7,7.5,Passed,8.6,,
SP2023,SP2023-class 7,19,1905AGCEEH,7.6,7.4,8.6,8.4,8.3,Passed,8.7,,
SP2023,SP2023-class 7,20,1905AFJFDG,4.8,7.7,9.2,4,7,Passed,8.4,,
SP2023,SP2023-class 7,21,1905AFJFAC,4.8,7.3,5.6,7.1,6.3,Passed,6.8,,
SP2023,SP2023-class 7,22,1905AGBAEI,8.2,9.3,7.8,7.6,7.9,Passed,7.5,,
SP2023,SP2023-class 7,23,1905AGCDCH,7.7,2.7,9,8.4,8.1,Passed,8.9,,
SP2023,SP2023-class 7,24,1905AGCEDD,7,8.1,7.2,8.6,7.8,Passed,8.7,,
SP2023,SP2023-class 7,25,1905AGAIGI,8.1,8.6,8.4,7.6,8.1,Passed,8.3,,
SP2023,SP2023-class 7,26,1905AGCEEA,7.6,6.8,8.8,8.6,8.3,Passed,7.4,,
SP2023,SP2023-class 7,27,1905AFJHGD,8.5,7.2,8,7.8,7.8,Passed,6.6,,
SP2023,SP2023-class 7,28,1905AFAEJC,4.2,4,5.2,8.4,6.2,Passed,7.6,,
SP2023,SP2023-class 7,29,1905AFJHFI,6,6.8,9.2,7.8,8,Passed,6.8,,
SP2023,SP2023-class 7,30,1905AFJFDF,4.8,7.8,5,7,6,Passed,6.1,,
SP2023,SP2023-class 7,31,1905AFJFCJ,4.8,8.2,6.6,7,6.9,Passed,8.7,,
SP2023,SP2023-class 7,32,1905AFJFBD,4.8,7.1,9,7,7.6,Passed,6.9,,
SP2023,SP2023-class 7,33,1905AGBBBC,8.1,6.8,9.2,9.6,8.7,Passed,6.3,,
SP2023,SP2023-class 7,34,1905AFJFJG,4.8,8.7,8.2,8.5,7.9,Passed,7.4,,
SP2023,SP2023-class 7,35,1905AFJEIC,4.8,5.8,6.8,7.1,6.6,Passed,7,,
SP2023,SP2023-class 8,1,1905AFAGFE,7,8.5,7.4,7,7.4,Passed,7.5,,
SP2023,SP2023-class 8,2,1905AGABCG,9,7.7,7.2,9,8.1,Passed,8.6,,
SP2023,SP2023-class 8,3,1905AFAHFI,8,9,9.6,7,8.4,Passed,8,,
SP2023,SP2023-class 8,4,1905AGAJCE,7.5,7.3,7,7.5,7.3,Passed,7.5,,
SP2023,SP2023-class 8,5,1905AFADJG,7,8.2,5.4,6.5,6.4,Passed,7.3,,
SP2023,SP2023-class 8,6,1905AFAHEJ,7,8,8.2,7,7.6,Passed,7.4,,
SP2023,SP2023-class 8,7,1905AGJDBF,9,7.3,6.2,9,7.7,Passed,8.5,,
SP2023,SP2023-class 8,8,1905AFAECB,7,7.7,9,7,7.9,Passed,7.3,,
SP2023,SP2023-class 8,9,1905AGAJDH,7.5,7.5,8.6,7.5,7.9,Passed,7.5,,
SP2023,SP2023-class 8,10,1905AFAGIE,7,7.8,8.8,7,7.8,Passed,7.3,,
SP2023,SP2023-class 8,11,1905AFAHEI,7,8.5,6.4,7,7,Passed,7.5,,
SP2023,SP2023-class 8,12,1905AFAHJH,6.5,7.8,7.8,7,7.4,Passed,7.2,,
SP2023,SP2023-class 8,13,1905AFAACF,7,7.8,9,7,7.9,Passed,7.3,,
SP2023,SP2023-class 8,14,1905AFAABI,7,7,7.2,7,7.1,Passed,7,,
SP2023,SP2023-class 8,15,1905AFAIHJ,7,6.5,9,6.5,7.6,Passed,6.7,,
SP2023,SP2023-class 8,16,1905AFAHJD,6.5,8.3,7.6,7,7.4,Passed,7.3,,
SP2023,SP2023-class 8,17,1905AFAHHF,8,9.5,6.4,7,7.2,Passed,8.2,,
SP2023,SP2023-class 8,18,1905AGABCB,7.5,6.5,9.6,7.5,8.2,Passed,7.2,,
SP2023,SP2023-class 8,19,1905AFAHDG,7,7.8,6.8,7,7,Passed,7.3,,
SP2023,SP2023-class 8,20,1905AGAAHC,9,7.5,9,9,8.8,Passed,8.5,,
SP2023,SP2023-class 8,21,1905AGAGJE,9,8.2,8.4,9,8.7,Passed,8.8,,
SP2023,SP2023-class 8,22,1905AFAGDF,7,7.8,5.6,7,6.6,Passed,7.3,,
SP2023,SP2023-class 8,23,1905AFJIFI,6.5,5.2,7.4,7,6.9,Passed,6.3,,
SP2023,SP2023-class 8,24,1905AFAHFE,7,7.5,5.8,7,6.6,Passed,7.2,,
SP2023,SP2023-class 8,25,1905AFAAAA,7,8.3,6.8,7,7.1,Passed,7.5,,
SP2023,SP2023-class 8,26,1905AFJCEB,7,9,8.2,7,7.8,Passed,7.7,,
SP2023,SP2023-class 8,27,1905AFAABF,7,7.5,7.2,7,7.2,Passed,7.2,,
SP2023,SP2023-class 8,28,1905AFAHAE,8,8.3,6.6,7,7.2,Passed,7.8,,
SP2023,SP2023-class 8,29,1905AFAGEB,7,7.2,8.6,7,7.7,Passed,7.1,,
SP2023,SP2023-class 8,30,1905AFAHBB,6.5,9,7.6,7,7.4,Passed,7.5,,
SP2023,SP2023-class 8,31,1905AFAAJJ,7,6.3,6,6.5,6.3,Passed,6.7,,
SP2023,SP2023-class 8,32,1905AFAJDI,7,7.7,7.4,7,7.3,Passed,7.3,,
SP2023,SP2023-class 8,33,1905AGJEDC,7.5,7,8.6,7.5,7.9,Passed,7.4,,
SP2023,SP2023-class 9,1,1905AFABEG,7.5,8,6.2,7,6.8,Passed,7,,
SP2023,SP2023-class 9,2,1905AFAEEE,8.5,7,7.8,8,7.9,Passed,8,,
SP2023,SP2023-class 9,3,1905AFAEJD,7.5,7,9.2,7,8,Passed,7.8,,
SP2023,SP2023-class 9,4,1905AFAJCE,8,9,8,7.5,8,Passed,8,,
SP2023,SP2023-class 9,5,1905AFABIH,7.5,9,4.6,7,6.3,Passed,7,,
SP2023,SP2023-class 9,6,1905AFAHCC,8.5,9,7.4,8,7.9,Passed,8,,
SP2023,SP2023-class 9,7,1905AFBJIA,7,7,5.2,7,6.2,Passed,6.5,,
SP2023,SP2023-class 9,8,1905AFABCB,8,8,3.6,7,5.9,Not Passed,7.5,,
SP2023,SP2023-class 9,9,1905AFJHIG,7.5,8,5.2,7.5,6.7,Passed,7.8,,
SP2023,SP2023-class 9,10,1905AFJBFB,8,9,7.4,7.5,7.6,Passed,7.3,,
SP2023,SP2023-class 9,11,1905AEJEAD,9,9,8.6,9,8.8,Passed,8.8,,
SP2023,SP2023-class 9,12,1905AFABFH,7.5,7,6.4,8,7.2,Passed,8,,
SP2023,SP2023-class 9,13,1905AFJCIC,7.5,9,9.2,7.5,8.4,Passed,7.8,,
SP2023,SP2023-class 9,14,1905AFABBI,7,7,7.2,6.5,6.9,Passed,6.8,,
SP2023,SP2023-class 9,15,1905AFJJFC,8.5,9,8.2,8,8.2,Passed,8,,
SP2023,SP2023-class 9,16,1905AFAFFA,6,8,7.8,6,6.9,Passed,6.3,,
SP2023,SP2023-class 9,17,1905AFAHCD,8.5,7,8.6,8,8.2,Passed,8,,
SP2023,SP2023-class 9,18,1905AFJCGA,7,9,9,7,8,Passed,7.3,,
SP2023,SP2023-class 9,19,1905AFJBCC,7,7,6.6,7,6.9,Passed,7.3,,
SP2023,SP2023-class 9,20,1905AFJFBF,7,9,8.4,7,7.8,Passed,7.3,,
SP2023,SP2023-class 9,21,1905AFJCCA,9,9,9,9,9,Passed,8.8,,
SP2023,SP2023-class 9,22,1905AFJDID,7.5,7,7.2,7,7.2,Passed,7.3,,
SP2023,SP2023-class 9,23,1905AFJIFG,6.5,9,5.8,7,6.7,Passed,7.3,,
SP2023,SP2023-class 10,1,1905AFAGCB,7,10,8.6,7,8.1,Passed,9,,
SP2023,SP2023-class 10,2,1905AFBJBB,8,9,7.2,8,7.8,Passed,8.5,,
SP2023,SP2023-class 10,3,1905AFAFAE,8,10,7.2,7,7.7,Passed,9,,
SP2023,SP2023-class 10,4,1905AFBJHI,9,10,6,10,8.2,Passed,9,,
SP2023,SP2023-class 10,5,1905AFBJHG,10,10,8.8,10,9.5,Passed,9.5,,
SP2023,SP2023-class 10,6,1905AFJJGJ,8,10,4.6,9,7.2,Passed,8.5,,
SP2023,SP2023-class 10,7,1905AFAGEF,8,9,7.4,7,7.7,Passed,9,,
SP2023,SP2023-class 10,8,1905AFBJAG,8,10,5.8,8,7.4,Passed,9,,
SP2023,SP2023-class 10,9,1905AFBJFB,9,9,7.4,10,8.6,Passed,8.5,,
SP2023,SP2023-class 10,10,1905AFBJFI,9,9,8.2,10,8.9,Passed,8.5,,
SP2023,SP2023-class 10,11,1905AFBJCE,8,10,6.8,8,7.8,Passed,9,,
SP2023,SP2023-class 10,12,1905AEJGAF,0,1,0,0,0.1,Attendance Fail,0,,
SP2023,SP2023-class 10,13,1905AFJDDB,8,9,5.8,9,7.6,Passed,8.5,,
SP2023,SP2023-class 10,14,1905AFBJEF,8,10,9.8,8,9,Passed,9,,
SP2023,SP2023-class 10,15,1905AFJCHA,7,8,5.2,7,6.5,Passed,8,,
SP2023,SP2023-class 10,16,1905AFAGFC,8,10,7.2,7,7.7,Passed,9,,
SP2023,SP2023-class 10,17,1905AFJHDE,7,8,5.4,7,6.7,Passed,9,,
SP2023,SP2023-class 10,18,1905AFBJJF,9,9,7.8,9,8.5,Passed,9,,
SP2023,SP2023-class 10,19,1905AFBJCH,9,10,9.2,10,9.5,Passed,9,,
SP2023,SP2023-class 10,20,1905AFAGBH,7,8,4,7,6.1,Passed,8.5,,
SP2023,SP2023-class 10,21,1905AGAADC,8,10,7,9,8.2,Passed,8.5,,
SP2023,SP2023-class 10,22,1905AFAGEJ,7,9,7.6,7,7.6,Passed,8.5,,
SP2023,SP2023-class 10,23,1905AFAEFH,8,5,0,7,4.2,Attendance Fail,7.5,,
SP2023,SP2023-class 10,24,1905AFBJAF,8,10,8.4,8,8.5,Passed,9,,
SP2023,SP2023-class 10,25,1905AFBJCG,9,10,6.8,10,8.5,Passed,9,,
SP2023,SP2023-class 10,26,1905AFBJEC,8,8,4.6,9,7,Passed,8.5,,
SP2023,SP2023-class 10,27,1905AFAEHC,8,9,9,7,8.3,Passed,9,,
SP2023,SP2023-class 10,28,1905AFBJJE,9,10,8,9,8.7,Passed,9,,
SP2023,SP2023-class 10,29,1905AFJJGI,8,9,8,9,8.5,Passed,8.5,,
SP2023,SP2023-class 10,30,1905AFBJJH,9,9,8.8,9,8.9,Passed,8.5,,
SP2023,SP2023-class 10,31,1905AFBJAB,9,9,8.8,9,8.9,Passed,8.5,,
SP2023,SP2023-class 10,32,1905AFAFFH,0,5,0,0,0.5,Attendance Fail,0,,
SP2023,SP2023-class 10,33,1905AFBJCB,10,10,9.6,10,9.8,Passed,9.5,,
SP2023,SP2023-class 10,34,1905AFBJAD,10,10,8.4,10,9.3,Passed,9.5,,
SP2023,SP2023-class 10,35,1905AFBJAJ,9,10,8,9,8.7,Passed,9,,
SP2023,SP2023-class 11,1,1905AGAJFH,7.9,2.9,9.2,7.8,7.9,Passed,8.4,,
SP2023,SP2023-class 11,2,1905AFAIDA,7.9,7.8,8.6,7.2,7.9,Passed,7.6,,
SP2023,SP2023-class 11,3,1905AGJDJB,8,8.2,7,7.8,7.7,Passed,8.9,,
SP2023,SP2023-class 11,4,1905AFAIGC,7.8,4.7,6.6,8.5,7.1,Passed,6.4,,
SP2023,SP2023-class 11,5,1905AFAIBA,8,7.8,8.4,8.5,8.1,Passed,5.7,,
SP2023,SP2023-class 11,6,1905AGAEHA,7.8,8.8,9.2,9.3,8.9,Passed,7.4,,
SP2023,SP2023-class 11,7,1905AFAIGB,8.1,8.1,8.2,8.5,8.1,Passed,6.8,,
SP2023,SP2023-class 11,8,1905AFAIEE,8,8.5,8.4,8.5,8.4,Passed,8.1,,
SP2023,SP2023-class 11,9,1905AFAIHC,7.7,7.6,7.6,7.2,7.5,Passed,7.6,,
SP2023,SP2023-class 11,10,1905AFAICC,7.5,8.7,7.2,7.6,7.3,Passed,4.7,,
SP2023,SP2023-class 11,11,1905AFAIHH,7.9,8.6,8.6,4.3,7.1,Passed,7.5,,
SP2023,SP2023-class 11,12,1905AFAIGA,8,7.3,7.2,7.4,7.3,Passed,6.8,,
SP2023,SP2023-class 11,13,1905AFAIGG,4.5,8,0,4.3,3.3,Attendance Fail,7.4,,
SP2023,SP2023-class 11,14,1905AGAAJA,7.8,8.9,8.6,7.1,8.1,Passed,9,,
SP2023,SP2023-class 11,15,1905AFAIDE,8.1,7.2,8,8.6,8.1,Passed,7.6,,
SP2023,SP2023-class 11,16,1905AFAIHF,8.1,8.1,7.4,4.3,6.6,Passed,7.5,,
SP2023,SP2023-class 11,17,1905AEJFJJ,4,8.1,9,9.3,8.3,Passed,7,,
SP2023,SP2023-class 11,18,1905AFAIEH,8.1,5.7,8.8,7.2,7.8,Passed,7.5,,
SP2023,SP2023-class 11,19,1905AFAHHB,7.7,8.2,7.6,7.6,7.6,Passed,6.7,,
SP2023,SP2023-class 11,20,1905AGAJJI,7.5,7.8,9.4,7.1,8.1,Passed,7.2,,
SP2023,SP2023-class 11,21,1905AGAJJA,7.7,8.1,6.6,7.1,7.2,Passed,9,,
SP2023,SP2023-class 11,22,1905AFACJF,7.9,6.7,8,8.6,7.8,Passed,5.7,,
SP2023,SP2023-class 11,23,1905AGAADG,7.8,4.7,8.2,7.8,7.7,Passed,8.5,,
SP2023,SP2023-class 11,24,1905AFBJFG,7.7,7.6,7.2,9.3,7.9,Passed,7.3,,
SP2023,SP2023-class 11,25,1905AFJFDJ,7.8,7.5,8,8.7,8.1,Passed,7.3,,
SP2023,SP2023-class 11,26,1905AFAIFC,8.4,7.3,7.2,7.4,7.3,Passed,6.4,,
SP2023,SP2023-class 11,27,1905AFAIEF,8,8.6,8.4,7.4,8,Passed,7.1,,
SP2023,SP2023-class 11,28,1905AFAIFF,8,8.5,8,8.6,8,Passed,5.6,,
SP2023,SP2023-class 11,29,1905AFBJBI,7.9,8.7,8.4,8.7,8.3,Passed,7.2,,
SP2023,SP2023-class 11,30,1905AFAHIA,8.1,8.3,8.8,8.7,8.5,Passed,7.5,,
SP2023,SP2023-class 11,31,1905AFAIEJ,7.7,1.5,7,7.6,6.7,Passed,6.8,,
SP2023,SP2023-class 12,1,1905AGJADG,9.7,9.1,8.4,9,8.7,Passed,8,,
SP2023,SP2023-class 12,2,1905AGJJGJ,9.7,9.1,6.8,9,8.1,Passed,8.3,,
SP2023,SP2023-class 12,3,1905AFBADI,9.7,9,7.6,8,8.1,Passed,8.3,,
SP2023,SP2023-class 12,4,1905AFBAEA,7.5,7.6,6,8,7.1,Passed,8.3,,
SP2023,SP2023-class 12,5,1905AFBAHF,7.5,7.6,7.4,8,7.7,Passed,8.5,,
SP2023,SP2023-class 12,6,1905AFBAAD,9.7,8.9,9.4,9,9.1,Passed,8.3,,
SP2023,SP2023-class 12,7,1905AGJABB,9.7,9.4,9.4,9.5,9.5,Passed,9.5,,
SP2023,SP2023-class 12,8,1905AGJJAG,9.7,9.1,7.4,9,8.4,Passed,8.5,,
SP2023,SP2023-class 12,9,1905AGABDC,9.7,8.9,9,9,9,Passed,8.3,,
SP2023,SP2023-class 12,10,1905AFBACA,7.5,7.6,9,8,8.4,Passed,8.5,,
SP2023,SP2023-class 12,11,1905AGJJHE,9.7,9.4,7.8,9.5,8.8,Passed,8.8,,
SP2023,SP2023-class 12,12,1905AFBAEB,9.7,9.4,8.4,8.5,8.6,Passed,8.3,,
SP2023,SP2023-class 12,13,1905AFBABB,9.7,8.8,9.4,9,9.2,Passed,8.5,,
SP2023,SP2023-class 12,14,1905AFBACI,9.7,9.3,7.6,8.5,8.3,Passed,8,,
SP2023,SP2023-class 12,15,1905AFJFJH,9.7,9,9,8,8.7,Passed,8.8,,
SP2023,SP2023-class 12,16,1905AGJJEG,9.7,9.4,9.6,9.5,9.5,Passed,9,,
SP2023,SP2023-class 12,17,1905AGJAIF,9.7,9.4,7.6,9.5,8.7,Passed,8.5,,
SP2023,SP2023-class 12,18,1905FBGAA,0,0,0,0,0,Not Passed,0,,
SP2023,SP2023-class 12,19,1905AGJJHJ,9.7,9.1,9,9,8.9,Passed,7.3,,
SP2023,SP2023-class 12,20,1905AFBADH,9.7,8.9,8.8,9,9,Passed,8.8,,
SP2023,SP2023-class 12,21,1905AGAEBC,6.7,9.2,6,8,7.1,Passed,7.5,,
SP2023,SP2023-class 12,22,1905AFBJED,9.7,8.8,9,8,8.6,Passed,7.5,,
SP2023,SP2023-class 12,23,1905AFAHCE,9.7,9,9.2,8,8.8,Passed,8,,
SP2023,SP2023-class 12,24,1905AFBADE,9.7,8.9,9.2,9,9.1,Passed,8.8,,
SP2023,SP2023-class 12,25,1905AFBAIB,9.7,9.4,8.8,8.5,8.8,Passed,8.5,,
SP2023,SP2023-class 12,26,1905AFBADC,9.7,9,8.8,8,8.7,Passed,8.8,,
SP2023,SP2023-class 12,27,1905AFAHIJ,9.7,8.9,8.6,9,8.8,Passed,8,,
SP2023,SP2023-class 12,28,1905AFBAAI,9.7,8.8,9,9,9,Passed,8,,
SP2023,SP2023-class 13,1,1905AGJAHG,7,6.8,8.8,6,7.5,Passed,8.1,,
SP2023,SP2023-class 13,2,1905AEADGF,8,4,7,7.5,7.1,Passed,8.7,,
SP2023,SP2023-class 13,3,1905AEJGGJ,6.5,8.7,7.4,6.5,7.1,Passed,6.5,,
SP2023,SP2023-class 13,4,1905AGJBDE,8.5,7.8,7.6,6,6.9,Passed,4.1,,
SP2023,SP2023-class 13,5,1905AGJDAG,7,8,7.4,6.5,7.3,Passed,9,,
SP2023,SP2023-class 13,6,1905AGJDFH,6.5,4.3,7,6.5,6.5,Passed,7.2,,
SP2023,SP2023-class 13,7,1905AGJDCA,8.5,9,7.8,6,7.5,Passed,8.6,,
SP2023,SP2023-class 13,8,1905AGJEJD,7,5.7,6,6,6.3,Passed,8,,
SP2023,SP2023-class 13,9,1905AGJCHC,8.5,6,6.4,6,6.6,Passed,8.2,,
SP2023,SP2023-class 13,10,1905AGJEGI,8.5,5,7,6,6.7,Passed,7.5,,
SP2023,SP2023-class 13,11,1905AGJEGH,7,6.5,7.6,6,7,Passed,8.1,,
SP2023,SP2023-class 13,12,1905AGJEJB,7,6.5,8.6,6,7.4,Passed,8.1,,
SP2023,SP2023-class 13,13,1905AGJDJJ,7,8.5,7.2,6,7.1,Passed,9,,
SP2023,SP2023-class 13,14,1905AHDGHF,8,8.5,7.8,7.5,7.9,Passed,9.3,,
SP2023,SP2023-class 13,15,1905AGJCAE,7,6.2,5.8,6,6.1,Passed,6.8,,
SP2023,SP2023-class 13,16,1905AGJFJC,7,6.5,7.8,6.5,7.2,Passed,7.5,,
SP2023,SP2023-class 13,17,1905AGJDDJ,7,10,8.6,6.5,7.9,Passed,8,,
SP2023,SP2023-class 13,18,1905AGJBFI,7,4.2,9.2,6,7.4,Passed,8.4,,
SP2023,SP2023-class 13,19,1905ADAAAF,6.5,9,7.8,6.5,7.5,Passed,8.4,,
SP2023,SP2023-class 13,20,1905AGJBHG,7,7.8,9.4,6,7.9,Passed,8.9,,
SP2023,SP2023-class 13,21,1905AGJBGD,8,5,8,7.5,7.6,Passed,8.8,,
SP2023,SP2023-class 13,22,1905AGAAGD,8,5.5,9.6,7.5,8.3,Passed,8.3,,
SP2023,SP2023-class 13,23,1905AGJEAI,8,5.5,7.6,7.5,7.4,Passed,7.7,,
SP2023,SP2023-class 13,24,1905AGAGBF,8,6,8.6,7.5,7.9,Passed,7.7,,
SP2023,SP2023-class 13,25,1905AGAAFE,8,6,6.6,7.5,7.1,Passed,8.3,,
SP2023,SP2023-class 13,26,1905AGJCII,6.5,8,8.8,6.5,7.7,Passed,7.7,,
SP2023,SP2023-class 14,1,1905AGJAJD,7.3,6.2,7.2,7.3,7,Passed,5.8,,
SP2023,SP2023-class 14,2,1905AGAABB,8.5,8.6,7.2,7.3,7.4,Passed,6,,
SP2023,SP2023-class 14,3,1905AFJBJJ,8.4,5.2,4.2,8.4,6.3,Passed,7.5,,
SP2023,SP2023-class 14,4,1905AGABDA,8.7,7.3,8.4,8.5,8.3,Passed,8.2,,
SP2023,SP2023-class 14,5,1905AGABGJ,8.1,8,6.8,8.4,7.7,Passed,8.6,,
SP2023,SP2023-class 14,6,1905AGACIF,8.1,9.8,9.2,8.9,8.7,Passed,6,,
SP2023,SP2023-class 14,7,1905AGAJFB,8.5,9.5,8.6,9.5,8.9,Passed,8.4,,
SP2023,SP2023-class 14,8,1905AGAAAD,8.4,9.6,9,9,9,Passed,8.9,,
SP2023,SP2023-class 14,9,1905AGJJFC,7.5,9.2,7.8,8.6,8.2,Passed,8.1,,
SP2023,SP2023-class 14,10,1905AGJJDC,7.7,5.5,8,8.7,7.8,Passed,6.9,,
SP2023,SP2023-class 14,11,1905AGACEA,8,9.6,8,8.9,8.3,Passed,6.6,,
SP2023,SP2023-class 14,12,1905AGABDH,9,9.5,7.6,9.5,8.7,Passed,9.4,,
SP2023,SP2023-class 14,13,1905AGABEB,7.3,7.8,6.8,8.6,7.6,Passed,8,,
SP2023,SP2023-class 14,14,1905AGJCAA,7.6,7.6,7.8,8.7,7.9,Passed,6.9,,
SP2023,SP2023-class 14,15,1905AGAAHH,8.6,9.4,8.4,9,8.8,Passed,9.2,,
SP2023,SP2023-class 14,16,1905AEAJBG,7.4,4.8,6.2,8.6,7.1,Passed,8.2,,
SP2023,SP2023-class 14,17,1905AGACJC,8.1,9.7,7,8.9,8,Passed,7.5,,
SP2023,SP2023-class 14,18,1905AGABDB,8.4,9.6,9,9.5,9.1,Passed,8.7,,
SP2023,SP2023-class 14,19,1905AGJCHJ,7.1,8,9.6,8.7,8.5,Passed,5.8,,
SP2023,SP2023-class 14,20,1905AGAAAF,8.5,9.8,8.4,9,8.8,Passed,9.1,,
SP2023,SP2023-class 14,21,1905AGBBHD,8.2,3.3,7.4,7.3,7,Passed,7.1,,
SP2023,SP2023-class 15,1,1905AGACCE,8,8,7.2,8,7.7,Passed,8,,
SP2023,SP2023-class 15,2,1905AGADAC,7,8,6.2,9,7.5,Passed,8,,
SP2023,SP2023-class 15,3,1905AGADHG,8,9,6.8,9,7.9,Passed,8,,
SP2023,SP2023-class 15,4,1905AGADFB,9,9,8.4,9,8.7,Passed,8,,
SP2023,SP2023-class 15,5,1905AFBAAG,8.5,9,9.2,8,8.6,Passed,8,,
SP2023,SP2023-class 15,6,1905AGACBA,9,9,9.8,9,9.2,Passed,8,,
SP2023,SP2023-class 15,7,1905AFJFDI,9,9,8.2,9,8.6,Passed,8,,
SP2023,SP2023-class 15,8,1905AGABIH,8,8,7.6,9,8.1,Passed,8,,
SP2023,SP2023-class 15,9,1905AGADID,7,8,6.2,7,6.8,Passed,7,,
SP2023,SP2023-class 15,10,1905AGACGB,7,8,9,9,8.6,Passed,8,,
SP2023,SP2023-class 15,11,1905AGABGF,8,9,7.8,9,8.3,Passed,8,,
SP2023,SP2023-class 15,12,1905AGADJC,7,9,9.8,9,9,Passed,8,,
SP2023,SP2023-class 15,13,1905AGACEC,8.5,9,9.8,8,8.9,Passed,8,,
SP2023,SP2023-class 15,14,1905AFAGIG,7,8,6.2,7,6.7,Passed,6,,
SP2023,SP2023-class 15,15,1905AGADGB,7,8,7,7,7.1,Passed,7,,
SP2023,SP2023-class 15,16,1905AGADCA,8,8,6.2,9,7.6,Passed,8,,
SP2023,SP2023-class 15,17,1905AFJFJJ,9,9,6.8,9,8,Passed,8,,
SP2023,SP2023-class 15,18,1905AGAEBD,7,8,8.2,7,7.5,Passed,6,,
SP2023,SP2023-class 15,19,1905AGAJCJ,8,9,9.2,9,8.9,Passed,8,,
SP2023,SP2023-class 15,20,1905AGAECE,7,8,8.2,7,7.6,Passed,7,,
SP2023,SP2023-class 15,21,1905AGACEB,8,8,8.6,8,8.2,Passed,8,,
SP2023,SP2023-class 15,22,1905AGACFH,8.5,9,8.6,8,8.4,Passed,8,,
SP2023,SP2023-class 15,23,1905AFJFAB,9,9,6.2,9,7.8,Passed,8,,
SP2023,SP2023-class 15,24,1905AGABCD,8,9,9.2,9,8.9,Passed,8,,
SP2023,SP2023-class 15,25,1905AGBADH,7,8,8.6,7,7.6,Passed,6,,
SP2023,SP2023-class 16,1,1905AFBJBD,9,7.5,7.2,8.5,7.9,Passed,8.5,,
SP2023,SP2023-class 16,2,1905AGJAGI,8.5,9,8,8.5,8.4,Passed,8.8,,
SP2023,SP2023-class 16,3,1905AGAGJF,9,9,8,8.5,8.4,Passed,8.8,,
SP2023,SP2023-class 16,4,1905AGAGII,8,9,8,8.5,8.3,Passed,8.3,,
SP2023,SP2023-class 16,5,1905AFAGEC,8,8.5,7.8,8,8,Passed,8,,
SP2023,SP2023-class 16,6,1905AGAFIG,8,9,7.2,8,7.8,Passed,8.3,,
SP2023,SP2023-class 16,7,1905AGAFIC,9,9,8.4,9,8.7,Passed,8.8,,
SP2023,SP2023-class 16,8,1905AGAICD,7.5,8,6.6,8,7.3,Passed,7.5,,
SP2023,SP2023-class 16,9,1905AGAIEJ,8,9,9,7.5,8.3,Passed,7.8,,
SP2023,SP2023-class 16,10,1905AFAECA,8.5,9,8.6,8.5,8.6,Passed,8.8,,
SP2023,SP2023-class 16,11,1905AGAECB,9,9,5.6,8,7.3,Passed,8.8,,
SP2023,SP2023-class 16,12,1905AGAGJG,8,9,7,8,7.8,Passed,8.5,,
SP2023,SP2023-class 16,13,1905AFBAJI,8,9,9.2,8,8.6,Passed,8.5,,
SP2023,SP2023-class 16,14,1905AGAIAD,8,9,8.4,8.5,8.4,Passed,8.3,,
SP2023,SP2023-class 16,15,1905AGAHAI,8,9,8,8.5,8.3,Passed,8.3,,
SP2023,SP2023-class 16,16,1905AGAGBD,9,9,9.4,8,8.8,Passed,8.3,,
SP2023,SP2023-class 16,17,1905AGJAAC,7,8,5.6,6.5,6.4,Passed,6.8,,
SP2023,SP2023-class 16,18,1905AFAGHH,7.5,9,9,7.5,8.3,Passed,7.5,,
SP2023,SP2023-class 16,19,1905AFAEDG,8.5,9,9.4,8.5,8.9,Passed,8.8,,
SP2023,SP2023-class 16,20,1905AGAIGD,8,8,7.4,8.5,8,Passed,8.8,,
SP2023,SP2023-class 16,21,1905AGAEEB,9.5,9,6.6,8.5,8,Passed,9.5,,
SP2023,SP2023-class 16,22,1905AGAHCD,8,8,9.2,7.5,8.3,Passed,7.8,,
SP2023,SP2023-class 16,23,1905AGADJB,9,8,7.8,8,8.1,Passed,8.8,,
SP2023,SP2023-class 16,24,1905AGAFDC,9,8,6.2,8,7.5,Passed,8.8,,
SP2023,SP2023-class 16,25,1905AGAGFH,8,9,9.2,7.5,8.4,Passed,7.8,,
SP2023,SP2023-class 16,26,1905AFAHDC,7.5,8,5.8,7.5,6.9,Passed,7.5,,
SP2023,SP2023-class 16,27,1905AFBAFC,8,9,9,8,8.6,Passed,8.5,,
SP2023,SP2023-class 16,28,1905AGAGCG,9,9,9,9,9,Passed,8.8,,
SP2023,SP2023-class 16,29,1905AGAFHG,8,9,8.4,8,8.3,Passed,8.5,,
SP2023,SP2023-class 16,30,1905AGAFFF,9,9,8.8,9,8.9,Passe,8.8,,
SP2023,SP2023-class 17,1,1905AGBJDH,6,8,6.8,8,7.2,Passed,6.5,,
SP2023,SP2023-class 17,2,1905AGBJIJ,8,9,9.4,8.5,8.8,Passed,8,,
SP2023,SP2023-class 17,3,1905AGBJBJ,7.5,7,8.2,5,6.8,Passed,6,,
SP2023,SP2023-class 17,4,1905AGBJBA,8,8,6,8,7.1,Passed,6.5,,
SP2023,SP2023-class 17,5,1905AGBJGH,5,5,7,5,5.8,Passed,5,,
SP2023,SP2023-class 17,6,1905AGAGFI,8,9,7.4,8.5,8,Passed,8,,
SP2023,SP2023-class 17,7,1905AGBJAD,8.5,9,4.6,9,7.1,Passed,8,,
SP2023,SP2023-class 17,8,1905AGBJJI,9,9,7,9,8.1,Passed,8,,
SP2023,SP2023-class 17,9,1905AFJAGG,9,9,8.4,8.5,8.6,Passed,8.5,,
SP2023,SP2023-class 17,10,1905FBGBD,7.5,7,7,5,6.4,Passed,6,,
SP2023,SP2023-class 17,11,1905AGAIGC,8,9,6,8.5,7.5,Passed,8,,
SP2023,SP2023-class 17,12,1905AGBJAA,8,9,6,9,7.6,Passed,8,,
SP2023,SP2023-class 17,13,1905AGAHDE,8,9,7,8.5,7.9,Passed,8,,
SP2023,SP2023-class 17,14,1905AFJCDC,8,9,6.8,8.5,7.8,Passed,8,,
SP2023,SP2023-class 17,15,1905AGBJEA,7,8,8,8,7.8,Passed,6.5,,
SP2023,SP2023-class 17,16,1905AFJEIB,8,9,8,6,7.4,Passed,7,,
SP2023,SP2023-class 17,17,1905AGAIBJ,0,0,0,0,0,Attendance Fail,0,,
SP2023,SP2023-class 17,18,1905AEABEC,6.5,8,4.6,5,5.5,Passed,7,,
SP2023,SP2023-class 17,19,1905AFJDCF,7.5,7,4.4,6,5.6,Passed,6,,
SP2023,SP2023-class 17,20,1905AFJEII,6.5,8,8.6,6,7.4,Passed,7,,
SP2023,SP2023-class 17,21,1905AGBJGB,7.5,9,8.2,8.5,8.3,Passed,8,,
SP2023,SP2023-class 18,1,1905AGBDDH,7.5,7.8,7,6.5,7.1,Passed,7.8,,
SP2023,SP2023-class 18,2,1905AGBBII,9,10,9.2,9.5,9.4,Passed,9.8,,
SP2023,SP2023-class 18,3,1905AGBCGB,7,9.7,8.2,2,6.3,Passed,7.4,,
SP2023,SP2023-class 18,4,1905AGBBFF,6,9,9.4,6.5,8,Passed,8.3,,
SP2023,SP2023-class 18,5,1905AGBCHG,6.5,9.5,7.8,6,7.3,Passed,7.8,,
SP2023,SP2023-class 18,6,1905AGBAIA,7,10,7.8,2,6.2,Passed,7.4,,
SP2023,SP2023-class 18,7,1905AGBBEH,7.5,9.8,8,6.5,7.6,Passed,7.4,,
SP2023,SP2023-class 18,8,1905AFAEBF,7,7.5,7.6,2,5.8,Passed,7.1,,
SP2023,SP2023-class 18,9,1905AGBGHH,7,8.5,9.2,6.5,8,Passed,7.8,,
SP2023,SP2023-class 18,10,1905AGAIAH,9,9.5,8.6,9.5,9.1,Passed,9.8,,
SP2023,SP2023-class 18,11,1905AGBCIC,8,9,8.8,9.5,8.9,Passed,8.3,,
SP2023,SP2023-class 18,12,1905AGBBGJ,7.5,9.7,8.8,7.5,8.4,Passed,8.7,,
SP2023,SP2023-class 18,13,1905AGAIED,6.5,10,8.6,7,8,Passed,8,,
SP2023,SP2023-class 18,14,1905AGBCHF,6,9.7,6.8,6,6.9,Passed,7.7,,
SP2023,SP2023-class 18,15,1905AGBCCI,7.5,7,7.6,7.5,7.6,Passed,8.4,,
SP2023,SP2023-class 18,16,1905AGAADI,6.5,10,8.6,7,8,Passed,8,,
SP2023,SP2023-class 18,17,1905AGBBHF,6,10,9.2,6,7.9,Passed,7.8,,
SP2023,SP2023-class 18,18,1905AGBBBA,7.5,10,9.4,7.5,8.6,Passed,8.8,,
SP2023,SP2023-class 18,19,1905AGBCAJ,6.5,6.7,7.6,6,6.9,Passed,7.4,,
SP2023,SP2023-class 18,20,1905AGBDJJ,8,10,9.2,9.5,9.2,Passed,8.5,,
SP2023,SP2023-class 18,21,1905AGABBC,7,7.7,8.6,6.5,7.6,Passed,7.7,,
SP2023,SP2023-class 18,22,1905AGJJDH,7,10,9,2,6.6,Passed,7.4,,
SP2023,SP2023-class 18,23,1905AGBBDC,6,9.3,8.2,6,7.4,Passed,7.7,,
SP2023,SP2023-class 18,24,1905AGBDEE,6.5,7.8,7.6,6,7,Passed,7.6,,
SP2023,SP2023-class 18,25,1905AGBDEG,9,9.2,9.2,9.5,9.3,Passed,9.1,,
SP2023,SP2023-class 18,26,1905AGBDFH,7.5,8.5,8,6.5,7.5,Passed,7.8,,
SP2023,SP2023-class 18,27,1905AGAFFA,6.5,10,8.8,7,8.1,Passed,8.6,,
SP2023,SP2023-class 18,28,1905AGBCGD,7.5,10,9,7.5,8.5,Passed,8.8,,
SP2023,SP2023-class 18,29,1905AGBCJI,7,9.2,9,6.5,8,Passed,8.5,,
SP2023,SP2023-class 18,30,1905AGJACJ,9,9.5,7.6,9.5,8.7,Passed,9.8,,
SP2023,SP2023-class 18,31,1905AGBDJF,8,6.7,7.2,9.5,8.1,Passed,8.7,,
SP2023,SP2023-class 18,32,1905AGBBAG,6.5,6.3,8.8,6,7.4,Passed,8,,
SP2023,SP2023-class 19,1,1905AGBIHI,7,8.5,7.4,7,7.4,Passed,7.5,,
SP2023,SP2023-class 19,2,1905AGBEFD,7.5,9,8.6,7.5,8.1,Passed,7.5,,
SP2023,SP2023-class 19,3,1905AGBIDD,7,8,8.8,7,7.8,Passed,7.3,,
SP2023,SP2023-class 19,4,1905AGBDIH,7.5,8,7.8,7.5,7.7,Passed,7.7,,
SP2023,SP2023-class 19,5,1905AGBICA,8.5,9,9.2,8.5,8.8,Passed,8.5,,
SP2023,SP2023-class 19,6,1905AFAAGD,9,8.5,8.6,9,8.7,Passed,8,,
SP2023,SP2023-class 19,7,1905AGBIGG,7,8,7.6,7,7.4,Passed,7.8,,
SP2023,SP2023-class 19,8,1905AGBIDH,7,7,6.6,7,6.9,Passed,7.3,,
SP2023,SP2023-class 19,9,1905AGBIJD,7.5,8.5,7.4,7.5,7.6,Passed,7.5,,
SP2023,SP2023-class 19,10,1905AGBDGC,7,8,8.2,7,7.6,Passed,7.3,,
SP2023,SP2023-class 19,11,1905AGBHIG,8.5,9,4.8,8.5,7,Passed,8,,
SP2023,SP2023-class 19,12,1905AGBECI,9,9,9.6,9,9.2,Passed,8.5,,
SP2023,SP2023-class 19,13,1905AGBHIE,8.5,9,6,8.5,7.6,Passed,8.8,,
SP2023,SP2023-class 19,14,1905AGBGGJ,7.5,8.5,7,7.5,7.4,Passed,7.5,,
SP2023,SP2023-class 19,15,1905AGBIBA,7.5,8,8.2,7,7.6,Passed,7,,
SP2023,SP2023-class 19,16,1905AGBFJI,7.5,8.5,7.4,7.5,7.6,Passed,7.5,,
SP2023,SP2023-class 19,17,1905AGBHCC,7.5,8,8.2,7.5,7.8,Passed,7.5,,
SP2023,SP2023-class 19,18,1905AGBIBH,8.5,9,8,8.5,8.4,Passed,8.5,,
SP2023,SP2023-class 19,19,1905AGBFBB,9,9,8.8,9,8.8,Passed,8.3,,
SP2023,SP2023-class 19,20,1905AGCJJB,7,9,7.8,7,7.6,Passed,7.8,,
SP2023,SP2023-class 19,21,1905AGBIEB,7,8,8.6,7,7.8,Passed,7.5,,
SP2023,SP2023-class 19,22,1905AGBFHA,8.5,8.5,8.6,8.5,8.5,Passed,8.5,,
SP2023,SP2023-class 19,23,1905AGBHFC,8.5,8.5,6.8,8.5,7.7,Passed,7.3,,
SP2023,SP2023-class 19,24,1905AGBHGH,7,8.5,5.4,7,6.5,Passed,7,,
SP2023,SP2023-class 19,25,1905AGBGBF,7,9,7.8,7,7.5,Passed,7.3,,
SP2023,SP2023-class 19,26,1905AGBGHG,7.5,9,5.2,7.5,6.7,Passed,7.5,,
SP2023,SP2023-class 19,27,1905AGBIJA,7.5,8.5,8,7.5,7.8,Passed,7.3,,
SP2023,SP2023-class 19,28,1905AGBECF,9,9,9.2,9,9,Passed,8.3,,
SP2023,SP2023-class 20,1,1905AGCJBD,9,9.6,8.8,8.5,8.9,Passed,9.8,,
SP2023,SP2023-class 20,2,1905AGCBCG,9.7,9.6,7.4,8,8.1,Passed,8.3,,
SP2023,SP2023-class 20,3,1905AGCCJC,9.7,9.7,7.2,9,8.4,Passed,9,,
SP2023,SP2023-class 20,4,1905AGCAFA,9.7,9.6,8,8,8.4,Passed,9,,
SP2023,SP2023-class 20,5,1905AGCBFJ,9.7,9.7,7.2,8,8.1,Passed,9.3,,
SP2023,SP2023-class 20,6,1905AGCJDC,9.7,9.6,7,9,8.3,Passed,9,,
SP2023,SP2023-class 20,7,1905AGCBJD,9.7,9.6,8.8,9,9.1,Passed,9.3,,
SP2023,SP2023-class 20,8,1905AGCAJJ,9.7,9.6,9.6,9,9.4,Passed,9.3,,
SP2023,SP2023-class 20,9,1905AEJGFE,9.7,9.5,8,8.5,8.6,Passed,9.5,,
SP2023,SP2023-class 20,10,1905AGCCJG,9.7,9.7,7.6,9,8.6,Passed,9.3,,
SP2023,SP2023-class 20,11,1905AGCJBJ,9.7,9.6,9.6,9,9.3,Passed,8.5,,
SP2023,SP2023-class 20,12,1905AGCJHH,9.7,9.6,9.6,8,9.1,Passed,9,,
SP2023,SP2023-class 20,13,1905AGCCIG,9.7,9.5,6.4,8.5,7.9,Passed,8.8,,
SP2023,SP2023-class 20,14,1905AGCBGB,9.7,9.7,7,8,7.9,Passed,8,,
SP2023,SP2023-class 20,15,1905AGCBFA,9.7,9.7,9,8,8.5,Passed,6,,
SP2023,SP2023-class 20,16,1905AGADDA,9.4,9.7,8.2,8.5,8.6,Passed,9,,
SP2023,SP2023-class 20,17,1905AGCBHJ,9.7,9.7,8.8,9,9.1,Passed,9.3,,
SP2023,SP2023-class 20,18,1905AGCCBH,9.7,9.7,8.8,8,8.4,Passed,5,,
SP2023,SP2023-class 20,19,1905AGCBCJ,0,0,0,0,0,Attendance Fail,0,,
SP2023,SP2023-class 20,20,1905AGCACH,9.7,9.7,7,8,7.9,Passed,7.3,,
SP2023,SP2023-class 20,21,1905AGCBEB,9.7,9.7,8.4,8,8.6,Passed,8.5,,
SP2023,SP2023-class 20,22,1905AGCJFC,9.7,9.7,8.8,8.5,8.6,Passed,6,,
SP2023,SP2023-class 20,23,1905AFAAIG,9.7,9.5,4,8.5,6.8,Passed,7,,
SP2023,SP2023-class 20,24,1905AGCCGG,9.7,9.7,5,8.5,7.4,Passed,8.8,,
SP2023,SP2023-class 20,25,1905AGCJAB,9.4,9.7,6.2,8.5,7.9,Passed,9.5,,
SP2023,SP2023-class 20,26,1905ADJCBE,0,0,0,0,0,Attendance Fail,0,,
SP2023,SP2023-class 20,27,1905AGCJJC,9.4,9.7,9.2,8.5,9.1,Passed,9.5,,
SP2023,SP2023-class 20,28,1905AGCBFD,9.7,9.7,7.2,8,8.1,Passed,9.3,,
SP2023,SP2023-class 20,29,1905AGCJDE,9.4,9.7,7.2,8.5,8,Passed,6.5,,
SP2023,SP2023-class 20,30,1905AGCCAD,9,9.6,7.4,8.5,8.2,Passed,8.3,,
SP2023,SP2023-class 20,31,1905AGCBCC,9.5,9.7,7,8.5,8,Passed,7.8,,
SP2023,SP2023-class 20,32,1905AGCCDC,9.7,9.7,6.8,9,8.2,Passed,8.8,,
SP2023,SP2023-class 20,33,1905AFJBAG,9,9.1,9.4,8.5,9,Passed,8.8,,
SP2023,SP2023-class 20,34,1905AGCJBI,9,9.6,8.6,8.5,8.7,Passed,8.8,,
SP2023,SP2023-class 20,35,1905AFJDAB,9.7,9.7,4.2,8.5,7,Passed,8.3,,
SP2023,SP2023-class 21,1,1905AGCCEC,7.7,2.8,8.2,7.1,7.2,Passed,7.8,,
SP2023,SP2023-class 21,2,1905AGCDDJ,8.2,8,8.8,9.1,8.6,Passed,7.5,,
SP2023,SP2023-class 21,3,1905AGCEIH,7.8,9.1,8,8.5,8.2,Passed,8.1,,
SP2023,SP2023-class 21,4,1905AGCDIG,8.3,1.6,5,7.1,5.8,Passed,6.6,,
SP2023,SP2023-class 21,5,1905AGCEIB,8.1,9.6,8.4,9.2,8.7,Passed,8.4,,
SP2023,SP2023-class 21,6,1905AGCFEB,7.8,8.2,6.8,8.5,7.5,Passed,6.4,,
SP2023,SP2023-class 21,7,1905AFBAID,7.9,3.3,6.2,8.5,6.8,Passed,6.7,,
SP2023,SP2023-class 21,8,1905AGCEDH,8.4,8.9,8.6,8.3,8.6,Passed,8.9,,
SP2023,SP2023-class 21,9,1905AGCFAD,8.2,8.9,9,8.6,8.7,Passed,8.6,,
SP2023,SP2023-class 21,10,1905AGCDHH,8.4,8.6,7.4,8.5,7.9,Passed,7,,
SP2023,SP2023-class 21,11,1905AGCDEI,8.6,9.2,6.4,8.6,7.7,Passed,8,,
SP2023,SP2023-class 21,12,1905AFBAHH,8.3,3.4,7,9,7.2,Passed,5.8,,
SP2023,SP2023-class 21,13,1905AGCEJG,8.4,9.1,6.2,8.6,7.7,Passed,8.5,,
SP2023,SP2023-class 21,14,1905AGCDDF,8.3,9.5,8.6,9.1,8.8,Passed,8.9,,
SP2023,SP2023-class 21,15,1905AFAHGG,8.2,4.6,6.6,8.5,7.2,Passed,7.1,,
SP2023,SP2023-class 21,16,1905AFADBC,0,0,0,0,0,Attendance Fail,0,,
SP2023,SP2023-class 21,17,1905AGCFHC,8.1,2.4,7.8,7.1,7,Passed,6.9,,
SP2023,SP2023-class 21,18,1905AGCDEE,8.2,9.5,9.8,9.2,9.4,Passed,9.1,,
SP2023,SP2023-class 21,19,1905AGCFCC,8.1,8.4,8.6,9.2,8.7,Passed,9,,
SP2023,SP2023-class 21,20,1905AFADCE,8.1,8.3,6.6,8.5,7.4,Passed,5.8,,
SP2023,SP2023-class 21,21,1905AGCFJF,7.9,5.5,6.2,8.5,7.1,Passed,7.3,,
SP2023,SP2023-class 21,22,1905AFJFCC,7.8,8.4,8,8.3,7.9,Passed,6.2,,
SP2023,SP2023-class 21,23,1905AGJAFF,7.6,7.7,5.8,8.3,7.1,Passed,7.2,,
SP2024,SP2024-class 1,1,1905AHCDJC,8,4.3,6.6,7.5,6.7,Passed,5.9,,
SP2024,SP2024-class 1,2,1905AHCFJH,8.5,8.2,9.4,7.5,8.6,Passed,9.2,,
SP2024,SP2024-class 1,3,1905AGJJCG,8,7.2,8.4,7,7.8,Passed,8.7,,
SP2024,SP2024-class 1,4,1905AGJECE,8,8.3,8.4,7.5,7.8,Passed,5.1,,
SP2024,SP2024-class 1,5,1905AGJDCG,8,5.2,8.2,7.5,7.7,Passed,8.2,,
SP2024,SP2024-class 1,6,1905AGADIC,8.5,7.8,8.8,7,8.1,Passed,8.5,,
SP2024,SP2024-class 1,7,1905AGAEBG,8,7.8,7.8,7,7.6,Passed,7.8,,
SP2024,SP2024-class 1,8,1905AGAFCH,8,6.7,8.2,7.5,7.9,Passed,8.7,,
SP2024,SP2024-class 1,9,1905AGJBHJ,8,6.9,8.8,7.5,8.1,Passed,8.7,,
SP2024,SP2024-class 1,10,1905AHEJGE,8.5,8.3,9.4,7,8.4,Passed,8.6,,
SP2024,SP2024-class 1,11,1905AHDHCH,0,0,0,0,0,Attendance Fail,0,,
SP2024,SP2024-class 1,12,1905AHCCEC,8.5,7.5,9.2,7.5,8.4,Passed,8.5,,
SP2024,SP2024-class 1,13,1905AFAEEF,8,7,6.6,7.5,7.2,Passed,8.4,,
SP2024,SP2024-class 1,14,1905AEACFG,7.5,5.3,6.8,8,7.3,Passed,8.5,,
SP2024,SP2024-class 1,15,1905AHDAFE,6.5,5,4.8,6,5.2,Passed,3.1,,
SP2024,SP2024-class 1,16,1905AGBAEA,0,0,0,0,0,Attendance Fail,0,,
SP2024,SP2024-class 1,17,1905AFJBHC,6.5,7.3,6.4,6,6.1,Passed,3.4,,
SP2024,SP2024-class 1,18,1905AGCBGC,8.5,7.3,6.8,7.5,7.4,Passed,8.8,,
SP2024,SP2024-class 1,19,1905AHBIID,8.5,7.3,9.2,7,8.2,Passed,8.4,,
SP2024,SP2024-class 1,20,1905AGJEDH,8,7.2,8.8,7.5,8,Passed,7.5,,
SP2024,SP2024-class 1,21,1905AHDHHH,8.5,6.3,8,7.5,7.8,Passed,8.7,,
SP2024,SP2024-class 1,22,1905AGJCCB,8,8.5,9,7.5,8.4,Passed,8.9,,
SP2024,SP2024-class 1,23,1905AHCBDJ,8.5,9,8.2,7,8,Passed,9,,
SP2024,SP2024-class 1,24,1905AGBBDI,7.5,6.7,7.2,8,7.6,Passed,8.7,,
SP2024,SP2024-class 1,25,1905AGBEAJ,6.5,5,6.6,6,6.4,Passed,7.8,,
SP2024,SP2024-class 1,26,1905AGCAJB,8,7.3,6.6,7.5,7.3,Passed,8.8,,
SP2024,SP2024-class 1,27,1905AGJJEH,8,7.7,8.6,7,7.9,Passed,8.1,,
SP2024,SP2024-class 1,28,0405AGJFCD,6.5,9.3,8,6,7.1,Passed,5.5,,
SP2024,SP2024-class 2,1,1905AGJDGF,8,9,9.8,8,8.8,Passed,8.3,,
SP2024,SP2024-class 2,2,1905AGCDJE,7,8,7,7.5,7.3,Passed,7,,
SP2024,SP2024-class 2,3,1905AGBAHH,8,9,5.4,8,7,Passed,7.8,,
SP2024,SP2024-class 2,4,1905AGBBGC,8,9,8.2,8,8.2,Passed,8,,
SP2024,SP2024-class 2,5,1905AGBBGA,7,9,8.8,8,8.3,Passed,7.5,,
SP2024,SP2024-class 2,6,1905AGBFHD,8,9,9.2,8,8.6,Passed,8.3,,
SP2024,SP2024-class 2,7,1905AGBEBA,8,9,9.6,8,8.8,Passed,8.5,,
SP2024,SP2024-class 2,8,1905AGJBBF,7,8,7.2,7.8,7.4,Passed,7.3,,
SP2024,SP2024-class 2,9,1905AGCBDH,7.5,8,6.4,7.5,7.1,Passed,7.5,,
SP2024,SP2024-class 2,10,1905AGJDGI,8,8,9.6,8,8.7,Passed,8.3,,
SP2024,SP2024-class 2,11,1905AGJEDG,6.5,8,9.6,7.5,8.2,Passed,6.3,,
SP2024,SP2024-class 2,12,1905AGBDFF,5,8,7.6,8,7.4,Passed,6.5,,
SP2024,SP2024-class 2,13,1905AGJBJE,7,9,8.6,7.8,8.1,Passed,7,,
SP2024,SP2024-class 2,14,1905AGBEFJ,7,9,9.8,8,8.6,Passed,7.3,,
SP2024,SP2024-class 2,15,1905AGBJGA,6,7,5.2,6,5.9,Passed,7,,
SP2024,SP2024-class 2,16,1905AHBJCI,7,8,8.6,7.5,7.9,Passed,7,,
SP2024,SP2024-class 2,17,1905AGJDFB,7.5,9,7,7.8,7.5,Passed,7.3,,
SP2024,SP2024-class 2,18,1905AGBDFA,7,8,9.6,8,8.5,Passed,7.5,,
SP2024,SP2024-class 2,19,1905AGJDHE,6,9,9,6,7.6,Passed,7,,
SP2024,SP2024-class 2,20,1905AGJDHC,4,8,9,3,6.1,Passed,4,,
SP2024,SP2024-class 2,21,1905AGJAGH,7.8,9,8.8,7.8,8.3,Passed,7.4,,
SP2024,SP2024-class 2,22,1905AGBBDF,6,7,8.2,7.8,7.5,Passed,6,,
SP2024,SP2024-class 2,23,1905AGJJFB,8,8,8.6,8,8.3,Passed,8.3,,
SP2024,SP2024-class 2,24,1905AGCAFH,6.5,7,7.4,8,7.4,Passed,7,,
SP2024,SP2024-class 2,25,1905AGCJGA,6.5,9,8.4,8,8,Passed,6.8,,
SP2024,SP2024-class 2,26,1905AGJDGG,8,8,9.6,8,8.7,Passed,8.3,,
SP2024,SP2024-class 2,27,1905AGJDHI,6,8,8,8,7.7,Passed,6.8,,
SP2024,SP2024-class 2,28,1905AGBHDF,7,9,7.6,8,7.8,Passed,7.3,,
SP2024,SP2024-class 2,29,1905AGBFAB,6,7,4.4,6,5.6,Passed,7,,
SP2024,SP2024-class 2,30,1905AGCBGD,6,9,4.6,6,5.8,Passed,7,,
SP2024,SP2024-class 2,31,1905AGBDJC,6,7,9.4,6,7.6,Passed,7,,
SP2024,SP2024-class 2,32,1905AGBHAI,6,8,8,8,7.6,Passed,6.3,,
SP2024,SP2024-class 2,33,1905AGJBIJ,7,8,9.4,8,8.4,Passed,7.3,,
SP2024,SP2024-class 2,34,1905AGJCJC,8,8,9.2,8,8.5,Passed,8.3,,
SP2024,SP2024-class 2,35,1905AHBEFB,7,8,6.2,8,7.1,Passed,7,,
SP2024,SP2024-class 3,1,1905AHBCFE,9,9.2,9.2,8,8.8,Passed,9.3,,
SP2024,SP2024-class 3,2,1905AHJCDH,9,8,9.2,9,8.9,Passed,8.4,,
SP2024,SP2024-class 3,3,1905AHDCBH,9,8,8.2,8,8.2,Passed,8.7,,
SP2024,SP2024-class 3,4,1905AHDCDI,9,8,8.6,9,8.7,Passed,8.7,,
SP2024,SP2024-class 3,5,1905AGABFE,9,8,7.8,9,8.2,Passed,7.2,,
SP2024,SP2024-class 3,6,1905AHCACH,9,8,7.4,9,8.2,Passed,8.7,,
SP2024,SP2024-class 3,7,1905AHJCBD,9,9.1,9.6,8.5,9,Passed,8.3,,
SP2024,SP2024-class 3,8,1905AHDHDA,9,8,9.8,9,9.2,Passed,9.3,,
SP2024,SP2024-class 3,9,1905AHJCBA,9,8.6,9.6,8.5,9,Passed,8.5,,
SP2024,SP2024-class 3,10,1905AHBEEE,9,8,9.8,10,9.5,Passed,8.8,,
SP2024,SP2024-class 3,11,1905AHDBJI,9,8,9.6,9,9,Passed,8,,
SP2024,SP2024-class 3,12,1905AHBEED,9,8,8,10,8.8,Passed,9.2,,
SP2024,SP2024-class 3,13,1905AHBDCB,9,9.9,8.6,8,8.6,Passed,8.9,,
SP2024,SP2024-class 3,14,1905AGJEFH,9,8.2,8.2,9,8.5,Passed,7.7,,
SP2024,SP2024-class 3,15,1905AHBCFH,9,10,9.6,8,9.1,Passed,9.2,,
SP2024,SP2024-class 3,16,1905AHCEIH,9,8,9.2,9,8.9,Passed,8.4,,
SP2024,SP2024-class 3,17,1905AHDCED,9,8,7.8,9,8.4,Passed,9.3,,
SP2024,SP2024-class 3,18,1905AHBECF,9,8,9.8,10,9.5,Passed,9.2,,
SP2024,SP2024-class 3,19,1905AHJBJH,9,10,8.4,8.5,8.6,Passed,7.8,,
SP2024,SP2024-class 3,20,1905AHBBIJ,9,8,9.8,9,9.2,Passed,8.9,,
SP2024,SP2024-class 3,21,1905AHDBDD,9,8,8.2,8,8.2,Passed,8.4,,
SP2024,SP2024-class 3,22,1905AHAFFE,9,8,9.6,9.5,9.3,Passed,9.3,,
SP2024,SP2024-class 3,23,1905AHDCCC,9,8,9.2,9,9,Passed,9.4,,
SP2024,SP2024-class 3,24,1905AHJCIG,9,8,8,9,8.3,Passed,7,,
SP2024,SP2024-class 3,25,1905AHJCCC,9,8,9,9,8.8,Passed,8.4,,
SP2024,SP2024-class 3,26,1905AHBEDI,10,9,9.4,10,9.7,Passed,10,,
SP2024,SP2024-class 3,27,1905AHCFHJ,9,8,9.4,8,8.6,Passed,7,,
SP2024,SP2024-class 3,28,1905AHJACC,9,8,7.4,9,8.1,Passed,7.2,,
SP2024,SP2024-class 3,29,1905AFAIIB,9,8,7.8,10,8.7,Passed,8.7,,
SP2024,SP2024-class 3,30,1905AHDEAI,9,8,9.4,9,9,Passed,8.7,,
SP2024,SP2024-class 3,31,1905AHBHFE,10,9,9,10,9.5,Passed,10,,
SP2024,SP2024-class 3,32,1905AHCGII,9,8.1,10,9,9.3,Passed,8.7,,
SP2024,SP2024-class 3,33,1905AHBDDE,9,10,9.4,8,9,Passed,9.2,,
SP2024,SP2024-class 3,34,1905AHCFJC,9,8.2,8.4,9,8.7,Passed,8.9,,
SP2024,SP2024-class 3,35,1905AHCHCF,9,8.1,9.4,10,9.3,Passed,8.7,,
SP2024,SP2024-class 4,1,1905AHCEHC,9,8,7.2,9,8,Passed,7.3,,
SP2024,SP2024-class 4,2,1905AHBEJG,9,10,9.2,9.5,9.3,Passed,8.4,,
SP2024,SP2024-class 4,3,1905AHDABF,9,8,5.6,8.5,6.8,Passed,3,,
SP2024,SP2024-class 4,4,1905AHBGJJ,9,8,8.6,8.5,8.4,Passed,7.4,,
SP2024,SP2024-class 4,5,1905AHCHIA,9,8,9,9,8.8,Passed,8.4,,
SP2024,SP2024-class 4,6,1905AHBCBB,9,8,9.6,8.5,8.9,Passed,7.7,,
SP2024,SP2024-class 4,7,1905AHAEAC,9,8,8.6,9,8.7,Passed,8.3,,
SP2024,SP2024-class 4,8,1905AHDFHA,9,8,9.6,8.5,8.9,Passed,7.8,,
SP2024,SP2024-class 4,9,1905AHJJDB,9,8,7.8,8.5,8.2,Passed,7.9,,
SP2024,SP2024-class 4,10,1905AHBDDH,9,10,7.6,8,8.2,Passed,8.4,,
SP2024,SP2024-class 4,11,1905AHCHHF,9,8,7.4,9,8,Passed,6.8,,
SP2024,SP2024-class 4,12,1905AHBEEG,9,10,8,9,8.6,Passed,8.2,,
SP2024,SP2024-class 4,13,1905AHCJFE,9,9.3,10,9.5,9.5,Passed,8.4,,
SP2024,SP2024-class 4,14,1905AHBIJF,10,10,8.8,10,9.5,Passed,10,,
SP2024,SP2024-class 4,15,1905AHBFDA,9,8,7,8.5,7.8,Passed,7.3,,
SP2024,SP2024-class 4,16,1905AHCJJD,9,8,9.6,9,9,Passed,7.7,,
SP2024,SP2024-class 4,17,1905AHCHII,9,8,9.6,10,9.4,Passed,8.9,,
SP2024,SP2024-class 4,18,1905AHBEFC,9,9,9.2,9,9,Passed,8.7,,
SP2024,SP2024-class 4,19,1905AHBIHA,9,8,9.6,9,9.1,Passed,8.2,,
SP2024,SP2024-class 4,20,1905AHCHEJ,9,8,9,9.5,8.9,Passed,7,,
SP2024,SP2024-class 4,21,1905AHCHJB,9,8,8.2,9,8.5,Passed,8.4,,
SP2024,SP2024-class 4,22,1905AHJCBB,9,8,9.6,10,9.4,Passed,8.5,,
SP2024,SP2024-class 4,23,1905AHCHJE,9,8,6.6,9,7.7,Passed,7,,
SP2024,SP2024-class 4,24,1905AHBEDA,9,10,8,8,8.3,Passed,8.2,,
SP2024,SP2024-class 4,25,1905AHCJJH,9,9.8,9.4,9.5,9.3,Passed,8.4,,
SP2024,SP2024-class 4,26,1905AHJBBD,9,8,6.4,8.5,7.6,Passed,7.5,,
SP2024,SP2024-class 4,27,1905AHBBIG,9,8.2,10,10,9.6,Passed,8.5,,
SP2024,SP2024-class 4,28,1905AHBJCG,9,8,9.2,8.5,8.7,Passed,8.2,,
SP2024,SP2024-class 4,29,1905AHDCJA,9,8,8.6,9,8.7,Passed,9,,
SP2024,SP2024-class 4,30,1905AHBCFC,9,10,10,8,9.1,Passed,8.4,,
SP2024,SP2024-class 4,31,1905AHCAJD,9,9.2,10,10,9.8,Passed,10,,
SP2024,SP2024-class 4,32,1905AHCHHH,9,8,9,10,9.1,Passed,7.5,,
SP2024,SP2024-class 4,33,1905AHBFJB,9,10,9.4,9.5,9.3,Passed,8,,
SP2024,SP2024-class 4,34,1905AHCHIJ,9,8,6,9,7.6,Passed,8.2,,
SP2024,SP2024-class 4,35,1905AHCDEC,10,10,9.2,10,9.7,Passed,10,,
SP2024,SP2024-class 5,1,1905AHCBGB,8.4,8.9,8,8.5,8.3,Passed,8.3,,
SP2024,SP2024-class 5,2,1905AHBIHI,9.4,10,10,9.3,9.7,Passed,10,,
SP2024,SP2024-class 5,3,1905AHDGIB,7,10,7.4,8.9,7.9,Passed,5.9,,
SP2024,SP2024-class 5,4,1905AHCBGE,8.9,9.8,9.4,10,9.5,Passed,9.1,,
SP2024,SP2024-class 5,5,1905AGBFDJ,7.2,10,7.8,1,5.7,Passed,5.9,,
SP2024,SP2024-class 5,6,1905AHDEIF,8.6,9.7,9.2,9,9.1,Passed,9.2,,
SP2024,SP2024-class 5,7,1905AHDHII,8.9,9.7,9.6,9.2,9.3,Passed,8.1,,
SP2024,SP2024-class 5,8,1905AHJJGB,7.7,5.7,8,8.3,7.8,Passed,7.6,,
SP2024,SP2024-class 5,9,1905AHCDJE,8.5,8.2,7,8.5,7.8,Passed,8.3,,
SP2024,SP2024-class 5,10,1905AHBEHB,8.6,10,9.8,9.2,9.5,Passed,9.6,,
SP2024,SP2024-class 5,11,1905AHDHGJ,9.1,9.1,9.4,9.2,9.2,Passed,9.1,,
SP2024,SP2024-class 5,12,1905AHJAFH,7.8,9.2,8.2,8.3,8.2,Passed,7.6,,
SP2024,SP2024-class 5,13,1905AHDEHF,8.5,8.3,9.8,10,9,Passed,4.2,,
SP2024,SP2024-class 5,14,1905AHDGIF,7.1,9.3,8.4,8.9,8.3,Passed,5.9,,
SP2024,SP2024-class 5,15,1905AHDGID,7.2,7,8,8.9,7.9,Passed,5.9,,
SP2024,SP2024-class 5,16,1905AHDEDB,8.2,9.2,9.4,9,9.1,Passed,9.2,,
SP2024,SP2024-class 5,17,1905AHCJIF,9.3,10,10,9.3,9.7,Passed,10,,
SP2024,SP2024-class 5,18,1905AHDFIF,8.5,10,10,9.2,9.6,Passed,9.6,,
SP2024,SP2024-class 5,19,1905AHJCDE,7.7,10,8.4,8.3,8.4,Passed,7.6,,
SP2024,SP2024-class 5,20,1905AHDBGG,8.4,10,8.6,8.5,8.7,Passed,8.3,,
SP2024,SP2024-class 5,21,1905AHJAFF,8.1,10,9.8,8.3,9,Passed,7.6,,
SP2024,SP2024-class 5,22,1905AHCJHF,7.8,7.5,8.2,8.3,8.1,Passed,7.6,,
SP2024,SP2024-class 5,23,1905AHCJCD,8.5,8.7,7.8,9.3,8.5,Passed,8.2,,
SP2024,SP2024-class 5,24,1905AHCHFH,8.6,10,9.6,9.2,9.4,Passed,9.6,,
SP2024,SP2024-class 5,25,1905AHCGCB,8.6,10,10,8.5,9.2,Passed,8.3,,
SP2024,SP2024-class 5,26,1905AHDFCI,8.5,10,9.8,9.2,9.5,Passed,9.6,,
SP2024,SP2024-class 5,27,1905AHCIHB,8.7,10,8.6,9.2,8.9,Passed,8.1,,
SP2024,SP2024-class 5,28,1905AHCADC,9.2,10,9,9.3,9.2,Passed,9.3,,
SP2024,SP2024-class 5,29,1905AHCJDB,8.4,7.9,9.2,8,8.1,Passed,4.2,,
SP2024,SP2024-class 5,30,0405AHJGCB,8.6,10,9.2,9.2,9.3,Passed,9.6,,
SP2024,SP2024-class 5,31,1905AHCBDC,9.4,10,9.6,9.3,9.6,Passed,10,,
SP2024,SP2024-class 5,32,1905AHCJCC,8.4,8.1,9.4,8,8.2,Passed,4.2,,
SP2024,SP2024-class 5,33,1905AHCGCJ,8.5,10,7.8,8.5,8.3,Passed,8.3,,
SP2024,SP2024-class 5,34,1905AHDGHI,6.7,9.3,8.6,8.9,8.3,Passed,5.9,,
SP2024,SP2024-class 5,35,1905AHCIGE,9,9.4,8.6,9.2,8.8,Passed,8.1,,
SP2024,SP2024-class 6,1,1905AHAGBD,8.5,8,7.4,8.5,8,Passed,8,,
SP2024,SP2024-class 6,2,1905AHCEFD,8.5,9,8.2,8.5,8.4,Passed,8.5,,
SP2024,SP2024-class 6,3,1905AHCJBD,8.5,10,9.2,8.5,9,Passed,8.8,,
SP2024,SP2024-class 6,4,1905AHAIBD,8.5,10,9.4,8.5,9.1,Passed,9,,
SP2024,SP2024-class 6,5,1905AHAIGA,7,8,7.2,7,7.2,Passed,7.3,,
SP2024,SP2024-class 6,6,1905AHCIDF,7,10,5.4,7,6.7,Passed,7.3,,
SP2024,SP2024-class 6,7,1905AHAEAE,8.5,9,9,8.5,8.7,Passed,8.2,,
SP2024,SP2024-class 6,8,1905AHCADE,8.5,10,8.4,8.5,8.8,Passed,10,,
SP2024,SP2024-class 6,9,1905AHAFIJ,8.4,10,9.8,8.4,9.3,Passed,10,,
SP2024,SP2024-class 6,10,1905AGBJDA,8.7,8,7.8,8.7,8.3,Passed,8.5,,
SP2024,SP2024-class 6,11,1905AHJGGH,8.7,7,6.4,8.7,7.6,Passed,8.5,,
SP2024,SP2024-class 6,12,1905AHAEFC,8.7,9,6.8,8.7,8,Passed,9,,
SP2024,SP2024-class 6,13,1905AHCHJF,7,9,7.2,7,7.3,Passed,7.3,,
SP2024,SP2024-class 6,14,1905AGBFBE,8.7,8,7.8,8.7,8.2,Passed,8.3,,
SP2024,SP2024-class 6,15,1905AHBDIB,8.5,9,8.6,8.5,8.6,Passed,8.5,,
SP2024,SP2024-class 6,16,1905AHDHGA,8.6,10,6.6,8.6,8,Passed,9.5,,
SP2024,SP2024-class 6,17,1905AHAHEH,8.5,10,8.8,8.5,8.8,Passed,9,,
SP2024,SP2024-class 6,18,1905AHAEBC,8.5,9,6.4,8.5,7.7,Passed,8.3,,
SP2024,SP2024-class 6,19,1905AHBEBD,8.5,9,9.8,8.5,9.1,Passed,8.5,,
SP2024,SP2024-class 6,20,1905AHAFGB,8.5,9,7.2,8.5,8,Passed,8,,
SP2024,SP2024-class 6,21,1905AHAGJF,8.5,10,8.2,8.5,8.5,Passed,8.5,,
SP2024,SP2024-class 6,22,1905AHJCBC,8.6,10,9,8.6,8.9,Passed,8.6,,
SP2024,SP2024-class 6,23,1905AGJCDG,8.7,9,7.8,8.7,8.5,Passed,10,,
SP2024,SP2024-class 6,24,1905AHDGFC,8.6,10,8.4,8.6,8.8,Passed,9.5,,
SP2024,SP2024-class 6,25,1705AHJJDF,8.5,10,10,8.5,9.3,Passed,8.8,,
SP2024,SP2024-class 6,26,1905AHAEFH,8.5,10,10,8.5,9.4,Passed,10,,
SP2024,SP2024-class 6,27,1905AHDGEH,8.6,10,9.4,8.6,9.1,Passed,8.8,,
SP2024,SP2024-class 6,28,1905AHAGHC,8.4,10,9.2,8.4,9,Passed,9.5,,
SP2024,SP2024-class 6,29,1905AHAGBI,8.4,10,9.4,8.4,9.1,Passed,10,,
SP2024,SP2024-class 6,30,1905AHBJBH,8.5,10,9.2,8.5,9,Passed,8.7,,
SP2024,SP2024-class 6,31,1905AGBJCH,8.7,8,7.2,8.7,8,Passed,8.3,,
SP2024,SP2024-class 6,32,1905AHAGCE,8.4,10,9.8,8.4,9.2,Passed,9,,
SP2024,SP2024-class 6,33,1905AHAEJE,8.5,10,9.4,8.5,9,Passed,8.4,,
SP2024,SP2024-class 6,34,1905AHAEEA,8.7,8,5.8,8.7,7.6,Passed,10,,
SP2024,SP2024-class 6,35,1905AHCGGF,8.5,10,8.8,8.5,8.8,Passed,8.5,,
SP2024,SP2024-class 7,1,1905AHBJCJ,8.5,8.3,9.2,8,8.6,Passed,8.5,,
SP2024,SP2024-class 7,2,1905AGBIAF,8.5,9.7,9.4,8.5,8.9,Passed,7.9,,
SP2024,SP2024-class 7,3,1905AGCFGE,9,8,9.8,8.5,9,Passed,7.9,,
SP2024,SP2024-class 7,4,1905AHJDDJ,9,8,6.8,8.5,7.6,Passed,6.4,,
SP2024,SP2024-class 7,5,1905AHCAHE,9,8,9.8,9,9.2,Passed,8.5,,
SP2024,SP2024-class 7,6,1905AGBCCF,0,8,0,0,0.8,Attendance Fail,0,,
SP2024,SP2024-class 7,7,1905AHJCHF,9,8.4,9.4,8,8.5,Passed,6,,
SP2024,SP2024-class 7,8,1905AHDDBH,9,9.3,8,9,8.5,Passed,8.2,,
SP2024,SP2024-class 7,9,1905AHCAFD,9,8,9,9,8.9,Passed,8.8,,
SP2024,SP2024-class 7,10,1905AHDFEC,8.5,8,7.2,8,7.7,Passed,7.8,,
SP2024,SP2024-class 7,11,1905AHCAIG,9,8.5,6.6,9,7.8,Passed,7.3,,
SP2024,SP2024-class 7,12,1905AGAGAD,8.5,8.5,9.4,8.5,8.4,Passed,3.5,,
SP2024,SP2024-class 7,13,1905AGBHDA,8.5,9.6,9.4,8.5,8.9,Passed,7.4,,
SP2024,SP2024-class 7,14,1905AHBBCF,9,8.1,9.8,8,8.7,Passed,6.5,,
SP2024,SP2024-class 7,15,1905AGABFB,8.5,8.1,8.2,8,8.3,Passed,9.2,,
SP2024,SP2024-class 7,16,1905AHCGJH,9,8,6,9,7.5,Passed,6.8,,
SP2024,SP2024-class 7,17,1905AGCAJF,0,8,0,0,0.8,Attendance Fail,0,,
SP2024,SP2024-class 7,18,1905AGJBGF,8.5,8,4.4,8,6.6,Passed,7.5,,
SP2024,SP2024-class 7,19,1905AGBEHE,8.5,9.4,7,8.5,8,Passed,8.3,,
SP2024,SP2024-class 7,20,1905AGCFHD,9,8,8.6,8.5,8.4,Passed,7.2,,
SP2024,SP2024-class 7,21,1905AHCAHH,9,8.5,7.8,9,8.3,Passed,6.9,,
SP2024,SP2024-class 7,22,1905AGAGFA,0,8,0,0,1.2,Attendance Fail,4,,
SP2024,SP2024-class 7,23,1905AGJDAB,8.5,8,7.4,8,7.6,Passed,6.3,,
SP2024,SP2024-class 7,24,1905AGCJEG,8.5,10,7.8,8,7.9,Passed,5.5,,
SP2024,SP2024-class 7,25,1905AGBADE,8.5,8,7.4,8,7.6,Passed,5.4,,
SP2024,SP2024-class 7,26,1905AHCAGA,9,8,9.4,9,9,Passed,8.2,,
SP2024,SP2024-class 7,27,1905AGCEBC,9,8,8,8.5,8.3,Passed,8,,
SP2024,SP2024-class 7,28,1905AHCAGI,9,8,9,9,8.8,Passed,8.3,,
SP2024,SP2024-class 8,1,1905AGJEDF,0,0,0,0,0,Attendance Fail,0,,
SP2024,SP2024-class 8,2,1905AGAEIA,8,8,6.6,7,7.1,Passed,7.8,,
SP2024,SP2024-class 8,3,1905AFJFAF,8,8,7.2,7,7.3,Passed,7.3,,
SP2024,SP2024-class 8,4,1905AFAGDE,8,8,4.4,7,6.1,Passed,6.2,,
SP2024,SP2024-class 8,5,1905AHJDCE,9,8,9.4,9.5,9.2,Passed,8.4,,
SP2024,SP2024-class 8,6,1905AHJFHB,0,8,0,0,0.8,Attendance Fail,0,,
SP2024,SP2024-class 8,7,1905AHAGDB,9,8,9.4,9.5,9.2,Passed,8.9,,
SP2024,SP2024-class 8,8,1905AGJCIC,0,0,0,0,0,Attendance Fail,0,,
SP2024,SP2024-class 8,9,1905AGADIH,9,8.9,7.4,9,8.2,Passed,7.9,,
SP2024,SP2024-class 8,10,1905AGAIFE,8.5,8,8.6,8,8,Passed,5.4,,
SP2024,SP2024-class 8,11,1905AHBGBH,9,8.4,8.2,9,8.6,Passed,8.8,,
SP2024,SP2024-class 8,12,1905AGBDAC,8.5,8,9.8,8,8.7,Passed,7,,
SP2024,SP2024-class 8,13,1905AHJBJB,0,0,0,0,0,Not Passed,0,,
SP2024,SP2024-class 8,14,1905AHDCCI,8.5,8,7.2,8,7.5,Passed,6.2,,
SP2024,SP2024-class 8,15,1905AHBCAH,0,8,0,0,0.8,Not Passed,0,,
SP2024,SP2024-class 8,16,1905AGBHBE,0,8,0,0,1.1,Attendance Fail,3.3,,
SP2024,SP2024-class 8,17,1905AGBGBB,8,8,7.2,7,7.3,Passed,6.8,,
SP2024,SP2024-class 8,18,1905AHBFIB,9,8,9.6,9,9.1,Passed,8.7,,
SP2024,SP2024-class 9,1,1905AHJJAF,8,8.6,4.6,6,6.1,Passed,8.2,,
SP2024,SP2024-class 9,2,1905AGAJCC,9,8.3,10,8.5,9.1,Passed,8.7,,
SP2024,SP2024-class 9,3,1905AHAFID,8.5,8,8.2,8,8,Passed,6.7,,
SP2024,SP2024-class 9,4,1905AGJECB,8,8,8,8,7.8,Passed,5.9,,
SP2024,SP2024-class 9,5,1905AHDAIC,8,8,8.6,6,7.5,Passed,7,,
SP2024,SP2024-class 9,6,1905AGJEIJ,9,8,9.2,8.5,8.6,Passed,6.9,,
SP2024,SP2024-class 9,7,1905AGJEHJ,8.5,8,6.4,8,7.3,Passed,7.2,,
SP2024,SP2024-class 9,8,1905AHDFAC,9,8,9,8.5,8.5,Passed,6.5,,
SP2024,SP2024-class 9,9,1905AGJFJA,8,8,6,7,6.6,Passed,5,,
SP2024,SP2024-class 9,10,1905AGBGJF,8,9.1,9.2,6,8,Passed,7.8,,
SP2024,SP2024-class 9,11,1905AGJJDF,9,10,8.6,8.5,8.6,Passed,7.3,,
SP2024,SP2024-class 9,12,1905AGJJFE,0,8,0,0,1.2,Attendance Fail,3.8,,
SP2024,SP2024-class 9,13,1905AGJEIG,9,8,9.8,8.5,9,Passed,8.5,,
SP2024,SP2024-class 9,14,1905AGACFA,9,8,8.6,8.5,8.4,Passed,7.4,,
SP2024,SP2024-class 9,15,1905AGJJGG,9,8,9.8,8.5,8.9,Passed,7.7,,
SP2024,SP2024-class 9,16,1905AGBEDD,0,8,0,0,1.1,Attendance Fail,3,,
SP2024,SP2024-class 9,17,1905AGAJFI,9,9.3,9.8,8.5,9.2,Passed,8.8,,
SP2024,SP2024-class 9,18,1705AGJBDD,8.5,8,8.4,8,8.1,Passed,6.5,,
SP2024,SP2024-class 9,19,1905AHCFCJ,8,8.8,8.8,6,7.8,Passed,8.3,,
SP2024,SP2024-class 9,20,1905AGADFA,9,8,6,8.5,7.4,Passed,7.2,,
SP2024,SP2024-class 9,21,1905AGJEHG,8.5,8,8.4,8,8.1,Passed,6.5,,
SP2024,SP2024-class 9,22,1905AGJJJG,0,8,0,0,1.2,Attendance Fail,3.8,,
SP2024,SP2024-class 9,23,1905AGJEGB,8.5,8,6.8,8,7.4,Passed,6.4,,
SP2024,SP2024-class 9,24,1905AGJEDB,8.5,8,8.8,8,8.2,Passed,6.5,,
SP2024,SP2024-class 9,25,1905AGJJGF,9,8,9.2,8.5,8.7,Passed,8,,
SP2024,SP2024-class 9,26,1905AHBCBE,8,8,5.8,7,6.5,Passed,5.2,,
SP2024,SP2024-class 9,27,1905AEJDFE,8,8,6.8,8,7.4,Passed,6.8,,
SP2024,SP2024-class 9,28,1905AGJEIC,9,8.1,10,8.5,9.1,Passed,8,,
SP2024,SP2024-class 9,29,1905AGJJHA,8.5,8,9.4,8,8.4,Passed,6.3,,
SP2024,SP2024-class 9,30,1905AGJBAC,8,8,7,8,7.4,Passed,5.9,,
SP2024,SP2024-class 9,31,1905AGJDIH,9,8,8.2,8.5,8.2,Passed,6.4,,
SP2024,SP2024-class 10,1,1905AGJBHB,7.5,7,8,7.5,7.6,Passed,7,,
SP2024,SP2024-class 10,2,1905AGJBHC,7.5,7,7,7.5,7.2,Passed,7,,
SP2024,SP2024-class 10,3,1905AGJAAH,7.5,9,9.6,7.5,8.5,Passed,7.3,,
SP2024,SP2024-class 10,4,0305AGADHH,7.5,9,7.4,7.5,7.6,Passed,7.3,,
SP2024,SP2024-class 10,5,1905AGJABC,7,8,8,7,7.5,Passed,7,,
SP2024,SP2024-class 10,6,1905AGJBAJ,0,7,0,0,0.7,Not Passed,0,,
SP2024,SP2024-class 10,7,1905AGJCCE,7,8,5.6,7,6.6,Passed,7.3,,
SP2024,SP2024-class 10,8,1905AGJAEF,7.5,8,9.6,7.6,8.4,Passed,7.5,,
SP2024,SP2024-class 10,9,1905AHDCJG,7.5,7,7.6,7.6,7.5,Passed,7.5,,
SP2024,SP2024-class 10,10,1905AGJAEE,7.6,8,9.2,7.7,8.3,Passed,7.6,,
SP2024,SP2024-class 10,11,1905AGABFE,7,9,0,7,4.4,Is Susspended,7,,
SP2024,SP2024-class 10,12,1905AGJBJB,7,8,9.2,7,8,Passed,7,,
SP2024,SP2024-class 10,13,1905AGJBJA,7,7,7.4,7,7.2,Passed,7.3,,
SP2024,SP2024-class 10,14,1905AGJAAG,7,9,9.2,7.5,8.2,Passed,7,,
SP2024,SP2024-class 10,15,1905AGJAJG,7,8,9.8,7.6,8.4,Passed,7,,
SP2024,SP2024-class 10,16,1905AGJADJ,0,8,4.2,0,2.5,Not Passed,0,,
SP2024,SP2024-class 10,17,1905AGJAFG,7,7,6.8,7,6.9,Passed,7.3,,
SP2024,SP2024-class 10,18,1905AGJADB,6.5,7,8.8,7.7,7.8,Passed,6,,
SP2024,SP2024-class 10,19,1905AGCAJE,7,7,5.4,7,6.3,Passed,6.8,,
SP2024,SP2024-class 10,20,1905AGJBEI,7.5,9,10,7.6,8.7,Passed,7.5,,
SP2024,SP2024-class 10,21,1905AGJAGC,8,8,9.4,8,8.5,Passed,7,,
SP2024,SP2024-class 10,22,1905AGBBEC,7,8,5.8,7,6.6,Passed,7.3,,
SP2024,SP2024-class 10,23,1905AGJAGF,7.5,8,4.4,7.5,6.3,Passed,7,,
SP2024,SP2024-class 10,24,1905AGJBDF,7.6,8,8.8,7.6,8.1,Passed,7.7,,
SP2024,SP2024-class 10,25,1905AGBGBE,8,8,9.8,8,8.6,Passed,7.3,,
SP2024,SP2024-class 10,26,1905AGJBII,7.5,9,9.4,7.5,8.4,Passed,7,,
SP2024,SP2024-class 10,27,1905AGJAAE,7.6,9,7.6,7.7,7.7,Passed,7.3,,
SP2024,SP2024-class 10,28,1905AGJAGE,8,8,9.6,8,8.5,Passed,7,,
SP2024,SP2024-class 10,29,1905AGBGEC,0,0,0,0,0,Attendance Fail,0,,
SP2024,SP2024-class 10,30,1905AGJADD,7.5,8,8.6,7.7,8.1,Passed,7.5,,
SP2024,SP2024-class 10,31,1905AGBFHI,8,8,7,8,7.5,Passed,7.3,,
SP2024,SP2024-class 10,32,1905AGJAIG,7,7,8.8,7,7.7,Passed,7.3,,
SP2024,SP2024-class 10,33,1905AGJADE,7.5,8,8.6,7.5,7.9,Passed,7,,
SP2024,SP2024-class 10,34,1905AGJAID,6,9,7.6,7.5,7.5,Passed,6.8,,
SP2024,SP2024-class 10,35,1905AGJABA,6,9,9.2,7,8,Passed,7,,
SP2024,SP2024-class 11,1,1905AGBHEG,8.5,8,8,8,7.8,Passed,5.5,,
SP2024,SP2024-class 11,2,1905AFJCDD,9,8.3,5.4,7,6.6,Passed,6,,
SP2024,SP2024-class 11,3,1905AHCFHB,9,9.5,9.8,9.5,9.4,Passed,8.3,,
SP2024,SP2024-class 11,4,1905AGBHEE,9,8,9.8,9,9.2,Passed,8.5,,
SP2024,SP2024-class 11,5,1905AHJEAF,9,8,8.6,7,7.9,Passed,6.8,,
SP2024,SP2024-class 11,6,1905AHCABI,9,8,9,9,8.9,Passed,8.8,,
SP2024,SP2024-class 11,7,1905AGJCCC,9,8,7.4,9,8.2,Passed,8.3,,
SP2024,SP2024-class 11,8,1905AHCABD,9,8,10,9,9.4,Passed,9.5,,
SP2024,SP2024-class 11,9,1905AGJCIF,9,8,7.8,9,8.3,Passed,7.9,,
SP2024,SP2024-class 11,10,1905AEJFAJ,8.5,8,7,8,7.6,Passed,7,,
SP2024,SP2024-class 11,11,1905AGJCBC,9,8,7.6,7,7.4,Passed,6,,
SP2024,SP2024-class 11,12,1905AGJCBJ,9,8,7.4,9,8.2,Passed,8.2,,
SP2024,SP2024-class 11,13,1905AHCICB,9,10,10,9.5,9.6,Passed,8.7,,
SP2024,SP2024-class 11,14,1905AGJCIE,9,8,8.4,9,8.5,Passed,7.8,,
SP2024,SP2024-class 11,15,1905AHCAAJ,9,9.3,7,7,7.5,Passed,7.5,,
SP2024,SP2024-class 11,16,1905AHCJHE,9,8.7,9.2,7,8.3,Passed,7.3,,
SP2024,SP2024-class 11,17,1905AGBEDC,9,8,4.8,7,6.2,Passed,5.2,,
SP2024,SP2024-class 11,18,1905AGJBDJ,9,8,7.8,7,7.6,Passed,7,,
SP2024,SP2024-class 11,19,1905AGJDAA,9,8.1,8.6,9,8.7,Passed,8,,
SP2024,SP2024-class 11,20,1905AFAEFH,0,0,0,0,0,Attendance Fail,0,,
SP2024,SP2024-class 11,21,1905AGJCEF,9,8.2,8.8,9,8.8,Passed,8.4,,
SP2024,SP2024-class 11,22,1905AHCIHJ,9,8.8,9,9.5,9,Passed,8,,
SP2024,SP2024-class 11,23,1905AGJDAE,9,8,7.6,9,8.2,Passed,7.9,,
SP2024,SP2024-class 11,24,1905AHCJHI,9,8.5,7.2,7,7.5,Passed,7.4,,
SP2024,SP2024-class 11,25,1905AGJDBI,9,8.3,8.4,9,8.6,Passed,8,,
SP2024,SP2024-class 11,26,1905AGAFCE,8.5,8,9.6,8,8.6,Passed,7,,
SP2024,SP2024-class 11,27,1905AGJBIH,9,8,7.4,7,7.5,Passed,6.9,,
SP2024,SP2024-class 11,28,1905AGJCCA,9,8.1,8,9,8.3,Passed,7.3,,
SP2024,SP2024-class 11,29,1905AGJCDE,9,8.4,9.6,9,9.2,Passed,9,,
SP2024,SP2024-class 11,30,1905AHCFDB,9,10,9,9.5,9.2,Passed,8.2,,
SP2024,SP2024-class 11,31,1905AGJBFB,9,8,8.4,7,7.9,Passed,6.9,,
SP2024,SP2024-class 11,32,1905AGJCGC,9,8,7.6,9,8.2,Passed,7.7,,
SP2024,SP2024-class 11,33,1905AGJCJJ,9,8,9,7,8.1,Passed,6.5,,
SP2024,SP2024-class 11,34,1905AHCAAG,9,8,7.8,9,8.4,Passed,9,,
SP2024,SP2024-class 11,35,1905AHJDFC,8.5,8,10,8,8.7,Passed,6.5,,
SP2024,SP2024-class 12,1,1905AGBBEG,8,9.3,5.8,7,6.8,Passed,6.4,,
SP2024,SP2024-class 12,2,1905AGJEEJ,8,9.4,8.6,7,7.7,Passed,3.8,,
SP2024,SP2024-class 12,3,1905AGABAG,9,9.4,8.8,9,8.9,Passed,8.3,,
SP2024,SP2024-class 12,4,1905AGABJG,9,8.8,9,9,8.9,Passed,8.3,,
SP2024,SP2024-class 12,5,1905AGABAA,9,10,9,9,9,Passed,8.4,,
SP2024,SP2024-class 12,6,1905AHJABC,8,8,9.6,6,8.2,Passed,9.3,,
SP2024,SP2024-class 12,7,1905AGBGGE,8.5,8.4,4.8,8,6.7,Passed,7.2,,
SP2024,SP2024-class 12,8,1905AGCBIC,8,9.5,9,7,8,Passed,5.7,,
SP2024,SP2024-class 12,9,1905AGAJIG,9,8.7,9.6,9,9.2,Passed,8.7,,
SP2024,SP2024-class 12,10,1905AGABJD,8,9.8,8,6,7.5,Passed,7,,
SP2024,SP2024-class 12,11,1905AHJCDF,8,8,10,7,8.5,Passed,7.7,,
SP2024,SP2024-class 12,12,1905AGAIHG,8.5,8,6.6,8,7.6,Passed,8.8,,
SP2024,SP2024-class 12,13,1905AGBHHD,8.5,8,7.2,7,7.4,Passed,7.3,,
SP2024,SP2024-class 12,14,1905AFJCHG,9,8,8.8,9,8.6,Passed,7.3,,
SP2024,SP2024-class 12,15,1905AGAAFG,8.5,8.9,4.6,8,6.7,Passed,7.2,,
SP2024,SP2024-class 12,16,1905AGBJGC,8,8,8,7,7.7,Passed,7.5,,
SP2024,SP2024-class 12,17,1905AFAEBA,0,8,0,0,0.8,Attendance Fail,0,,
SP2024,SP2024-class 12,18,1905AGABJA,9,8.5,8.4,9,8.7,Passed,8.4,,
SP2024,SP2024-class 12,19,1905AHJBDG,8,8,8.4,7,7.8,Passed,7.2,,
SP2024,SP2024-class 12,20,1905AGBBIA,8.5,8.6,7.2,7,7.5,Passed,7.8,,
SP2024,SP2024-class 12,21,1905AGCBHG,8,9.7,9.2,7.5,8.2,Passed,5.3,,
SP2024,SP2024-class 12,22,1905AGBBFG,9,10,9.8,9,9.3,Passed,8.3,,
SP2024,SP2024-class 12,23,1905AGJEIH,9,9.2,10,9,9.4,Passed,8.4,,
SP2024,SP2024-class 12,24,1905AGAAEF,9,9.6,7,9,8.1,Passed,7.5,,
SP2024,SP2024-class 12,25,1905AGCCEA,8,8.2,8.4,7.5,7.8,Passed,5.8,,
SP2024,SP2024-class 12,26,1905AHJBBE,8,8,9.8,6,8.2,Passed,9.3,,
SP2024,SP2024-class 12,27,1905AGAJIJ,9,9.1,10,9,9.3,Passed,8.2,,
SP2024,SP2024-class 12,28,1905AGJAAA,8,9.4,7.8,6,7.6,Passed,9.7,,
SP2024,SP2024-class 12,29,1905AGCCBE,8,8.9,8.4,7.5,8,Passed,6.9,,
SP2024,SP2024-class 12,30,1905AGCFAH,9,9,9,9,9,Passed,8.5,,
SP2024,SP2024-class 12,31,1905AGCCGH,8,9.5,7.4,7,7.4,Passed,5.9,,
SP2024,SP2024-class 12,32,1905AGBDCA,8.5,8,7.2,8,7.7,Passed,7.3,,
SP2024,SP2024-class 12,33,1905AGCCDE,8,9.8,6.6,7.5,7.2,Passed,5.5,,
SP2024,SP2024-class 12,34,1905AGAAEJ,9,9.2,10,9,9.3,Passed,7.4,,
SP2024,SP2024-class 12,35,1905AHCDCI,8,8,9.6,7,8.3,Passed,7.9,,
SP2024,SP2024-class 13,1,1905AGJJEI,9.5,8,8.4,9,8.3,Passed,5.3,,
SP2024,SP2024-class 13,2,1905AGAGDA,9,8,8.4,7,7.8,Passed,6.2,,
SP2024,SP2024-class 13,3,1905AHCEDI,7,8.2,5.4,6,6,Passed,5.7,,
SP2024,SP2024-class 13,4,1905AGAEHH,8.5,8,6,8,7,Passed,5.5,,
SP2024,SP2024-class 13,5,1905AGAFBB,8.5,8,5.2,8,6.7,Passed,5.9,,
SP2024,SP2024-class 13,6,1905AGAGDD,9,8,8.2,7,7.7,Passed,6,,
SP2024,SP2024-class 13,7,1905AHCDEF,8,8,8.6,8,8.2,Passed,7.3,,
SP2024,SP2024-class 13,8,1905AGAFIH,9,8,8.6,7,7.9,Passed,6.8,,
SP2024,SP2024-class 13,9,1905AHCFBI,9.5,8,10,9,9.4,Passed,9.7,,
SP2024,SP2024-class 13,10,1905AGAGBA,9,8.3,10,7,8.6,Passed,7.7,,
SP2024,SP2024-class 13,11,1905AHBCAG,7,9.1,9.2,6,7.8,Passed,7.4,,
SP2024,SP2024-class 13,12,1905AHCECF,8.5,8,8.8,8,8.2,Passed,6.7,,
SP2024,SP2024-class 13,13,1905AHBHCB,7,8.3,5.2,6,6.1,Passed,6.8,,
SP2024,SP2024-class 13,14,1905AHCFEI,9.5,8,9.6,9,9.2,Passed,9.3,,
SP2024,SP2024-class 13,15,1905AGAFDI,9,8,8.6,7,7.9,Passed,6.4,,
SP2024,SP2024-class 13,16,1905AGBJDF,8,8,8.4,8,8.1,Passed,7.3,,
SP2024,SP2024-class 13,17,1905AHCEEI,8.5,8.3,6.6,8,7.5,Passed,7.4,,
SP2024,SP2024-class 13,18,1905AHCEHB,7,8,9,6,7.5,Passed,6.3,,
SP2024,SP2024-class 13,19,1905AGAGJJ,9,8.4,6.2,9.5,7.9,Passed,7.9,,
SP2024,SP2024-class 13,20,1905AGADFG,9,8,5.2,7,6.5,Passed,6.7,,
SP2024,SP2024-class 13,21,1905AHCEHD,8.5,8,8.6,8,8.2,Passed,6.9,,
SP2024,SP2024-class 13,22,1905AHCFCB,9.5,8,8.4,9,8.7,Passed,9.2,,
SP2024,SP2024-class 13,23,1905AHCFJE,8,8,8.2,8,7.9,Passed,6.7,,
SP2024,SP2024-class 13,24,1905AGAEAD,8.5,8,6.4,8,7.1,Passed,5,,
SP2024,SP2024-class 13,25,1905AHCHEG,8,8,4.4,8.5,6.3,Passed,3.4,,
SP2024,SP2024-class 13,26,1905AGADDE,9,10,9.4,9.5,9.4,Passed,9,,
SP2024,SP2024-class 13,27,1905AGAGAI,9,8,9.4,7,8.3,Passed,6.9,,
SP2024,SP2024-class 13,28,1905AGAEGD,8,8,9.6,8.5,8.6,Passed,6.2,,
SP2024,SP2024-class 13,29,1905AGAGAF,9,8,7.8,7,7.7,Passed,7.5,,
SP2024,SP2024-class 13,30,1905AEAAAI,8.5,8,7.8,8,7.5,Passed,3.5,,
SP2024,SP2024-class 13,31,1905AGADAI,8,8,8.6,8.5,8,Passed,4.5,,
SP2024,SP2024-class 13,32,1905AGAGDC,9,8.2,5.8,9.5,7.5,Passed,6.5,,
SP2024,SP2024-class 13,33,1905AGAFGE,8.5,8,8.2,8,7.9,Passed,5.4,,
SP2024,SP2024-class 13,34,1905AGAGDF,9,9.3,9.8,9.5,9.5,Passed,8.7,,
SP2024,SP2024-class 13,35,1905AHJFEF,8,8.4,6.8,8,7.4,Passed,6.2,,
SP2024,SP2024-class 14,1,1905AHBEEF,8,10,8.4,8.7,8.3,Passed,4.8,,
SP2024,SP2024-class 14,2,1905AGAHGC,7.1,9.1,8.8,7.6,8.3,Passed,8.7,,
SP2024,SP2024-class 14,3,1905AGAHHH,8.5,10,8.8,7.8,8.5,Passed,8,,
SP2024,SP2024-class 14,4,1905AGAIAF,8.7,10,9.4,7.8,8.8,Passed,8,,
SP2024,SP2024-class 14,5,1905AGAIIF,8,6.8,7.6,8.3,7.5,Passed,5.2,,
SP2024,SP2024-class 14,6,1919AGJFDE,8.4,8.4,8.4,8.9,8.4,Passed,7.2,,
SP2024,SP2024-class 14,7,1905AGJECH,8,7.1,7.2,8.7,7.5,Passed,4.8,,
SP2024,SP2024-class 14,8,1905AGJBDC,8.8,9.9,10,9.4,9.7,Passed,10,,
SP2024,SP2024-class 14,9,1905AGAIEH,8,6.7,4.4,8.3,6.2,Passed,5.2,,
SP2024,SP2024-class 14,10,1905AGJJHF,7.9,9,9.8,8.7,8.7,Passed,4.8,,
SP2024,SP2024-class 14,11,1905AHCBBA,8.5,8.4,8.6,8.9,8.5,Passed,7.2,,
SP2024,SP2024-class 14,12,1905AGBJJD,7.9,4.4,5.4,8.3,6.4,Passed,5.2,,
SP2024,SP2024-class 14,13,1905AGJDFE,8.2,6.5,4.6,8.7,6.4,Passed,4.8,,
SP2024,SP2024-class 14,14,1905AGAHEG,7.7,10,8,8.2,8.1,Passed,6.6,,
SP2024,SP2024-class 14,15,1905AGJCAB,8.8,8.9,8.6,9.4,9,Passed,10,,
SP2024,SP2024-class 14,16,1905AHJDJD,8.5,8,9.2,8.9,8.7,Passed,7.2,,
SP2024,SP2024-class 14,17,1905AGAHIH,7.6,9.9,6.6,7.6,7.5,Passed,8.7,,
SP2024,SP2024-class 14,18,1905AGAHBF,7.8,10,8,8.2,8.1,Passed,6.6,,
SP2024,SP2024-class 14,19,1905AGAHCJ,7.9,9.5,7.2,8.2,7.7,Passed,6.6,,
SP2024,SP2024-class 14,20,1905AGJCAF,8.7,7.6,8.8,9.4,9,Passed,10,,
SP2024,SP2024-class 14,21,1905AGAGGD,7.7,8.8,7.6,7.6,7.8,Passed,8.7,,
SP2024,SP2024-class 14,22,1905AGAHBE,8.4,8.9,8.4,8.3,8.1,Passed,5.2,,
SP2024,SP2024-class 14,23,1905AGAIAJ,8.6,10,8.8,7.8,8.5,Passed,8,,
SP2024,SP2024-class 14,24,1905AGABAH,8.5,6.6,7.2,8.9,7.8,Passed,7.2,,
SP2024,SP2024-class 14,25,1905AGAHCF,7.6,7.1,8.8,7.6,8.1,Passed,8.7,,
SP2024,SP2024-class 14,26,1905AGAHIJ,8.7,8.6,9.8,9.4,9.5,Passed,10,,
SP2024,SP2024-class 14,27,1905AGAGFC,7.9,9.3,9.4,7.6,8.6,Passed,8.7,,
SP2024,SP2024-class 14,28,1905AGAHBJ,7.9,9.1,9.4,8.2,8.6,Passed,6.6,,
SP2024,SP2024-class 14,29,1905AFJJHE,8.3,4.6,5.4,9.4,7.3,Passed,10,,
SP2024,SP2024-class 14,30,1905AGAHGF,8.5,10,8.6,7.8,8.4,Passed,8,,
SP2024,SP2024-class 14,31,1905AGAGHG,7.7,9.6,9.6,8.2,8.7,Passed,6.6,,
SP2024,SP2024-class 14,32,1905AGAIGF,8.3,6.3,7.4,8.3,7.4,Passed,5.2,,
SP2024,SP2024-class 14,33,1905AGAIDA,8.5,10,8.8,7.8,8.5,Passed,8,,
SP2024,SP2024-class 14,34,1905AHCAGH,8.4,9.3,9.2,8.9,8.8,Passed,7.2,,
SP2024,SP2024-class 14,35,1905AHDICJ,8.2,10,5.4,8.7,7.1,Passed,4.8,,
SP2024,SP2024-class 15,1,1905AGBJHH,9,9.4,9.2,9,9.1,Passed,9,,
SP2024,SP2024-class 15,2,1905AGABFC,8.5,8.8,6.4,8.5,7.7,Passed,8.5,,
SP2024,SP2024-class 15,3,1905AGBJFF,8.5,9,8.4,8.5,8.4,Passed,6.9,,
SP2024,SP2024-class 15,4,1905AGBGGD,8.5,8,8.8,8.5,8.5,Passed,7.7,,
SP2024,SP2024-class 15,5,1905AGBACA,9,8.6,9,9,8.7,Passed,6.8,,
SP2024,SP2024-class 15,6,1905AGACBF,9,8.3,8.8,7.5,7.9,Passed,4.4,,
SP2024,SP2024-class 15,7,1905AGBAJF,9,9.7,9,9,8.9,Passed,7.4,,
SP2024,SP2024-class 15,8,1905AFJFBJ,0,0,0,0,0,Attendance Fail,0,,
SP2024,SP2024-class 15,9,1905AGBHHI,8,8.8,8.8,7,7.6,Passed,2.7,,
SP2024,SP2024-class 15,10,1905AGBAGG,8.5,8.4,5,8.5,7,Passed,7.5,,
SP2024,SP2024-class 15,11,1905AGBJIA,9,9.1,9.2,9,9.1,Passed,9.3,,
SP2024,SP2024-class 15,12,1905AGJDAF,8.5,8,7,8,7.3,Passed,4.9,,
SP2024,SP2024-class 15,13,1905AHCEJB,0,0,0,0,0,Attendance Fail,0,,
SP2024,SP2024-class 15,14,1905AHJCGB,8.5,8,7.8,8,7.8,Passed,6.7,,
SP2024,SP2024-class 15,15,1905AGBJGI,9,9.4,7.2,9,8.2,Passed,7.7,,
SP2024,SP2024-class 15,16,1905AGBAEC,8.5,8.5,9.8,7.5,8.3,Passed,4,,
SP2024,SP2024-class 15,17,1905AGBACJ,9,8.5,8,9,8.3,Passed,6.2,,
SP2024,SP2024-class 15,18,1905AGBJAE,8.5,8,8.8,7.5,8,Passed,5.4,,
SP2024,SP2024-class 15,19,1905AHJBEF,8.5,8,7.6,8,7.7,Passed,5.8,,
SP2024,SP2024-class 15,20,1905AGBBEB,8.5,8,8,7.5,7.6,Passed,4.9,,
SP2024,SP2024-class 15,21,1905AGBGGG,8.5,8.2,7,8.5,7.8,Passed,7.4,,
SP2024,SP2024-class 15,22,1905AGCBGG,8.5,8.8,6.8,8.5,7.8,Passed,8.2,,
SP2024,SP2024-class 15,23,1905AGBJEG,8.5,8.2,6.4,8,7.4,Passed,7.5,,
SP2024,SP2024-class 15,24,1905AGJDBD,8.5,8,6.2,8,7.1,Passed,5.8,,
SP2024,SP2024-class 15,25,1905AGBBIJ,8.5,9.1,8.6,8.5,8.5,Passed,7.7,,
SP2024,SP2024-class 15,26,1905AGBJBD,8.5,8.4,6.8,8,7.6,Passed,7.5,,
SP2024,SP2024-class 15,27,1905AGBAFC,9,8,9.4,7.5,8.2,Passed,5.2,,
SP2024,SP2024-class 15,28,1905AGBJIE,8.5,9.5,8.4,8.5,8.5,Passed,7.5,,
SP2024,SP2024-class 15,29,1905AGJCFI,8.5,8,8.6,8,8.1,Passed,6.4,,
SP2024,SP2024-class 15,30,1905AGJJDD,9,8.1,4.4,7.5,6.4,Passed,6.4,,
SP2024,SP2024-class 15,31,1905AGBAJD,9,10,9.4,9,9.3,Passed,8.9,,
SP2024,SP2024-class 15,32,1905AGJDCD,9,8.2,4,7.5,6,Passed,4.2,,
SP2024,SP2024-class 15,33,1905AEAEAH,8.5,8.2,8.2,7.5,7.9,Passed,7.3,,
SP2024,SP2024-class 15,34,1905AGBAGF,8,8.1,7.6,7,7.1,Passed,3.5,,
SP2024,SP2024-class 16,1,1905AGJEGA,10,9,9.8,8,9.2,Passed,10,,
SP2024,SP2024-class 16,2,1905AGBDIA,10,5.8,4.2,7,6.1,Passed,7.5,,
SP2024,SP2024-class 16,3,1905AGBAFI,10,9.3,9.6,7,8.9,Passed,10,,
SP2024,SP2024-class 16,4,1905AGBDFD,10,8.8,8.6,7,8.2,Passed,7.5,,
SP2024,SP2024-class 16,5,1905AHCAEJ,10,8.3,7.8,7,8.1,Passed,10,,
SP2024,SP2024-class 16,6,1905AGAFGG,10,8,0,7,4.9,Not Passed,10,,
SP2024,SP2024-class 16,7,1905AGBCDI,10,7.5,7.8,7,8,Passed,10,,
SP2024,SP2024-class 16,8,1905AHJDEH,10,9.3,8.4,7,8.4,Passed,10,,
SP2024,SP2024-class 16,9,1905AGBDHA,10,7.3,9.4,7,8.3,Passed,7.5,,
SP2024,SP2024-class 16,10,1905AGBDGA,10,8,8.6,7,7.6,Passed,2.5,,
SP2024,SP2024-class 16,11,1905AGABBI,10,9,9.8,8,9.2,Passed,10,,
SP2024,SP2024-class 16,12,1905AGBBIG,10,8.8,8,8,8.5,Passed,10,,
SP2024,SP2024-class 16,13,1905AGBCCJ,10,8.5,9.4,8,9,Passed,10,,
SP2024,SP2024-class 16,14,1905AGBCHJ,10,7.8,7.2,7,7.8,Passed,10,,
SP2024,SP2024-class 16,15,1905AGBBEI,10,8.8,7.2,8,8.2,Passed,10,,
SP2024,SP2024-class 16,16,1905AGBBAD,10,8.3,6.2,7,7.4,Passed,10,,
SP2024,SP2024-class 16,17,1905AGBAGA,10,9,8.6,7,8.4,Passed,10,,
SP2024,SP2024-class 16,18,1905AGBDEI,10,8.3,7.2,7,7.8,Passed,10,,
SP2024,SP2024-class 16,19,1905AGAABI,10,9.5,10,8,9.4,Passed,10,,
SP2024,SP2024-class 16,20,1905AGBBAF,10,7.8,7.6,7,7.9,Passed,10,,
SP2024,SP2024-class 16,21,1905AGBCDJ,10,8,7,7,7.7,Passed,10,,
SP2024,SP2024-class 16,22,1905AHBHCJ,10,7.5,8.8,7,8.4,Passed,10,,
SP2024,SP2024-class 16,23,1905AGBCCB,10,8.5,9.8,7,8.9,Passed,10,,
SP2024,SP2024-class 16,24,1905AGBBHC,10,8.3,5.8,8,7.6,Passed,10,,
SP2024,SP2024-class 16,25,1905AGBEJC,10,8.8,9.4,7,8.5,Passed,7.5,,
SP2024,SP2024-class 16,26,1905AGBCHD,10,7,7.4,7,7.8,Passed,10,,
SP2024,SP2024-class 16,27,1705AHJJIB,10,7.8,10,8,9.2,Passed,10,,
SP2024,SP2024-class 16,28,1905AGBCAC,10,8,9.2,8,8.9,Passed,10,,
SP2024,SP2024-class 16,29,1905AHCCCE,10,9.3,9,7,8.6,Passed,10,,
SP2024,SP2024-class 16,30,1905AGABFD,10,8.8,9.8,8,9.2,Passed,10,,
SP2024,SP2024-class 16,31,1905AGBCJF,10,8.8,8.2,8,8.6,Passed,10,,
SP2024,SP2024-class 16,32,1905AGABCA,10,8.3,6.6,8,7.9,Passed,10,,
SP2024,SP2024-class 16,33,1905AGBBAB,10,7.8,5.2,7,7,Passed,10,,
SP2024,SP2024-class 16,34,1905AHCBEE,10,8.5,9.4,7,8.7,Passed,10,,
SP2024,SP2024-class 16,35,1905AGCCAH,10,6.8,5.4,7,6.7,Passed,7.5,,
SP2024,SP2024-class 17,1,0805AGFFIJ,9,9,9.2,9,9.1,Passed,9,,
SP2024,SP2024-class 17,2,1905AHCFBB,8,8.5,8.6,7,8,Passed,8,,
SP2024,SP2024-class 17,3,1905AHDIJE,9.5,9,9.6,7,8.7,Passed,9,,
SP2024,SP2024-class 17,4,1905AGBFDE,7,8,7.8,8,7.8,Passed,8,,
SP2024,SP2024-class 17,5,1905AGAABA,8.5,8.5,8.6,7,8,Passed,8,,
SP2024,SP2024-class 17,6,1905AGBGCB,8.5,9,9.8,9,9.3,Passed,9,,
SP2024,SP2024-class 17,7,1905AGJAEJ,8.5,9,9,7,8.3,Passed,8,,
SP2024,SP2024-class 17,8,1905AGBIBG,9,9,9.2,8.5,8.9,Passed,8.5,,
SP2024,SP2024-class 17,9,1905AGBGIJ,10,10,8.8,10,9.5,Passed,9.5,,
SP2024,SP2024-class 17,10,1905AGBGFJ,8.5,9,8.8,9,8.9,Passed,9,,
SP2024,SP2024-class 17,11,1905AHCJHG,9,9,9.6,9,9.2,Passed,9,,
SP2024,SP2024-class 17,12,1905AGCDHD,8,9,8.4,8.5,8.4,Passed,8,,
SP2024,SP2024-class 17,13,1919AGJCID,8.5,8.5,9,8.5,8.7,Passed,8,,
SP2024,SP2024-class 17,14,1905AGBHDE,9,9,8.4,9,8.7,Passed,8.5,,
SP2024,SP2024-class 17,15,1905AGBHHC,9,9,9.2,9,9,Passed,8.5,,
SP2024,SP2024-class 17,16,1905AGBGAB,8,8,8.4,9,8.6,Passed,9,,
SP2024,SP2024-class 17,17,1905AHCHGH,9.5,9,8.4,7,8.2,Passed,9,,
SP2024,SP2024-class 17,18,1905AGBEBH,9,9,9.2,8.5,8.8,Passed,8,,
SP2024,SP2024-class 17,19,1905AHBIHC,9,9,9.2,9,9.1,Passed,9,,
SP2024,SP2024-class 17,20,1905AGJCDI,8,8.5,7.2,8.5,7.9,Passed,8,,
SP2024,SP2024-class 17,21,1905AHDDJG,7,7,4.6,7,6.1,Passed,8,,
SP2024,SP2024-class 17,22,1905AHBFJI,9,8.5,8.6,9,8.7,Passed,8.5,,
SP2024,SP2024-class 17,23,1905AGBHFE,9,9,9.4,9,9.1,Passed,8.5,,
SP2024,SP2024-class 17,24,1905AGJDBA,9,9,10,9,9.4,Passed,9,,
SP2024,SP2024-class 17,25,1905AHJBFA,9,9,9.4,7,8.5,Passed,8.5,,
SP2024,SP2024-class 17,26,1905AGCJAE,9.5,8.5,7.8,7,7.9,Passed,9,,
SP2024,SP2024-class 17,27,1905AGCJAA,9.5,9,9.8,7,8.8,Passed,9,,
SP2024,SP2024-class 17,28,1905AGBHCI,8,8,8.8,8,8.4,Passed,8.5,,
SP2024,SP2024-class 17,29,1905AGCEDG,8.5,8,8.6,7,8,Passed,8,,
SP2024,SP2024-class 17,30,1905AGAIIB,9,9,8.8,9,8.9,Passed,8.5,,
SP2024,SP2024-class 17,31,1905AGBDJG,7,8,9.2,7,8.1,Passed,8,,
SP2024,SP2024-class 17,32,1905AGBDCD,8.5,8,8.2,7,7.8,Passed,8,,
SP2024,SP2024-class 18,1,1905AGJEJE,7.9,8.2,9.8,5.2,7.7,Passed,5.8,,
SP2024,SP2024-class 18,2,1905AGCJCH,8.6,7.1,7.8,9.2,8.4,Passed,9.8,,
SP2024,SP2024-class 18,3,1905AHCFAJ,4.8,6.4,9.8,7.6,8.1,Passed,8.1,,
SP2024,SP2024-class 18,4,1905AGBIAD,8.4,8.3,7.4,8.9,8,Passed,7.4,,
SP2024,SP2024-class 18,5,1905AGJDIG,8,9.6,8.8,5.2,7.4,Passed,5.8,,
SP2024,SP2024-class 18,6,1905AGCJIE,8.1,8.6,6.2,5.2,6.3,Passed,5.8,,
SP2024,SP2024-class 18,7,1905AGCEEF,7.9,6,7.6,9.3,8.1,Passed,8.4,,
SP2024,SP2024-class 18,8,1905AGCJFI,8,9.3,9,5.2,7.5,Passed,5.8,,
SP2024,SP2024-class 18,9,1905AGBJEI,8.2,6.4,9.2,9.3,8.8,Passed,8.4,,
SP2024,SP2024-class 18,10,1905AGABAJ,7.9,6.3,7,4.8,6.3,Passed,6,,
SP2024,SP2024-class 18,11,1905AGCJFD,8.5,9.7,7.2,9.2,8.4,Passed,9.8,,
SP2024,SP2024-class 18,12,1905AGCJIJ,8.1,8.8,5.4,9.2,7.4,Passed,7.5,,
SP2024,SP2024-class 18,13,1905AGCFCB,7.5,6.1,9.8,4.8,7.3,Passed,6,,
SP2024,SP2024-class 18,14,1905AGAHCE,8.4,9.8,9.2,9.2,9,Passed,7.5,,
SP2024,SP2024-class 18,15,1905AGCJDF,7.8,3.6,7.8,7.6,7.4,Passed,8.1,,
SP2024,SP2024-class 18,16,1905AGBIBF,8.4,9.3,9.2,8.9,8.9,Passed,7.4,,
SP2024,SP2024-class 18,17,1905AGCJDJ,8.9,10,9.6,9.2,9.5,Passed,9.8,,
SP2024,SP2024-class 18,18,1905AGCJHI,8.3,8.5,8.4,9.2,8.6,Passed,7.5,,
SP2024,SP2024-class 18,19,1905AGCJGI,8.7,10,9.6,9.2,9.5,Passed,9.8,,
SP2024,SP2024-class 18,20,1905AGCJBA,8.6,8.8,7.4,9.2,8.4,Passed,9.8,,
SP2024,SP2024-class 18,21,1905AGBIHD,8.7,8.4,9.8,8.9,9,Passed,7.4,,
SP2024,SP2024-class 18,22,1905AGBIDA,7.6,6.4,9,4.8,7,Passed,6,,
SP2024,SP2024-class 18,23,1905AHCFEB,7.8,5.9,8.2,7.6,7.7,Passed,8.1,,
SP2024,SP2024-class 18,24,1905AGCJBH,8.2,8,0,7.6,4.7,Is Susspended,8.1,,
SP2024,SP2024-class 18,25,1905AHBCEE,8.5,4.5,7.8,9.2,7.9,Passed,7.5,,
SP2024,SP2024-class 18,26,1905AGAGJD,7.7,3,0,4.8,2.9,Attendance Fail,3.5,,
SP2024,SP2024-class 18,27,1905AHCCHH,8.5,9.3,7.6,8.9,8.2,Passed,7.4,,
SP2024,SP2024-class 18,28,1905AHCAHA,8.2,10,8.2,9.3,8.7,Passed,8.4,,
SP2024,SP2024-class 18,29,1905AGCJAF,8.1,7.2,9.2,7.6,8.3,Passed,8.1,,
SP2024,SP2024-class 18,30,1905AGBIAC,8.3,6.2,7.8,8.9,8,Passed,7.4,,
SP2024,SP2024-class 18,31,1905AGCFIC,7.2,3.2,7.4,4.8,6,Passed,6,,
SP2024,SP2024-class 18,32,1905AGBIBI,8.3,4.6,6.8,9.2,7.5,Passed,7.5,,
SP2024,SP2024-class 18,33,1905AHBCJD,8,2.6,0,9.3,4.7,Attendance Fail,8.4,,
SP2024,SP2024-class 18,34,1905AGCAJA,7.5,9.8,7.2,5.2,6.8,Passed,5.8,,
SP2024,SP2024-class 18,35,1905AGAGBH,8.1,9.9,9.2,9.3,9.1,Passed,8.4,,
SP2024,SP2024-class 19,1,1905AGCAJG,5,8,9.2,7.5,7.8,Passed,6,,
SP2024,SP2024-class 19,2,1905AGCBJG,7.7,7,7.6,8,7.7,Passed,7.5,,
SP2024,SP2024-class 19,3,1905AFAIFA,7,8,7.2,8,7.6,Passed,7.8,,
SP2024,SP2024-class 19,4,1905AGCACF,7,8,5.4,7.5,6.6,Passed,7.3,,
SP2024,SP2024-class 19,5,1905AHCGBF,8,8,8.6,8,8.3,Passed,8.3,,
SP2024,SP2024-class 19,6,1905AGCBAG,8,9,7.6,8,7.9,Passed,7.5,,
SP2024,SP2024-class 19,7,1905AGCAJD,7.7,9,8.6,7.5,8.2,Passed,8,,
SP2024,SP2024-class 19,8,1905AGCAID,8.5,9,9.6,8.5,8.9,Passed,7.8,,
SP2024,SP2024-class 19,9,1905AHCFFJ,8,8,8.2,8,8.1,Passed,8,,
SP2024,SP2024-class 19,10,1905AGCBBH,8,8,9.4,8,8.5,Passed,7.5,,
SP2024,SP2024-class 19,11,1905AGCAGI,8,9,9.6,7.8,8.7,Passed,7.8,,
SP2024,SP2024-class 19,12,1905AGCAEB,8,9,6.8,7.8,7.5,Passed,7.3,,
SP2024,SP2024-class 19,13,1905AGCABB,5,8,8.8,7.5,7.6,Passed,5.8,,
SP2024,SP2024-class 19,14,1905AGCABJ,5,9,7.2,5,6.4,Passed,6.3,,
SP2024,SP2024-class 19,15,1905AGCAFI,7.9,9,9.8,7.8,8.7,Passed,7.5,,
SP2024,SP2024-class 19,16,1905AGCAIJ,8.5,9,9.8,8.5,9,Passed,8,,
SP2024,SP2024-class 19,17,1905AGCAEE,8,9,9.6,7.8,8.7,Passed,7.8,,
SP2024,SP2024-class 19,18,1905AGCAAJ,8,9,6.4,8,7.4,Passed,7.3,,
SP2024,SP2024-class 19,19,1905AGCBBD,8.5,9,10,8.5,9.1,Passed,8,,
SP2024,SP2024-class 19,20,1905AGCAGC,8,9,8.4,8.8,8.5,Passed,7.5,,
SP2024,SP2024-class 19,21,1905AHBDFI,8,8,6.6,8,7.4,Passed,8,,
SP2024,SP2024-class 19,22,1905AGBAHG,5,8,8.8,5,6.9,Passed,5.8,,
SP2024,SP2024-class 19,23,1905AGCBHC,8.5,7,7,8.5,7.7,Passed,7.8,,
SP2024,SP2024-class 19,24,1905AGCAGE,8,9,10,8.8,9.1,Passed,7.8,,
SP2024,SP2024-class 19,25,1905AGCAFD,8.8,9,9.6,8.8,9.1,Passed,8.8,,
SP2024,SP2024-class 19,26,1905AGCADA,7.5,7,8.2,8,7.8,Passed,7,,
SP2024,SP2024-class 19,27,1905AHBIIG,8,8,6.2,8,7.3,Passed,7.8,,
SP2024,SP2024-class 19,28,1905AGCADB,7.7,9,9.4,8.8,8.8,Passed,7.4,,
SP2024,SP2024-class 19,29,1905AGCAGA,8.8,9,9.8,8.8,9.2,Passed,9,,
SP2024,SP2024-class 19,30,1905AGCBHD,8.5,8,9,8.5,8.6,Passed,8.3,,
SP2024,SP2024-class 19,31,1905AGCAIA,8,8,9,8,8.4,Passed,7.5,,
SP2024,SP2024-class 19,32,1905AGCAEI,8,7,8,8,7.8,Passed,7.3,,
SP2024,SP2024-class 19,33,1905AGCABE,8,9,8,7.8,8,Passed,7.9,,
SP2024,SP2024-class 19,34,1905AGCBBC,7.7,8,6.6,8.8,7.6,Passed,7.9,,
SP2024,SP2024-class 19,35,1905AGCAED,7,8,8.2,7.5,7.7,Passed,7,,
SP2024,SP2024-class 20,1,1905AGCCAE,8,9.6,9.8,9.8,9.4,Passed,7.4,,
SP2024,SP2024-class 20,2,1905AGBEJH,8.3,9.7,10,8.2,8.7,Passed,4.7,,
SP2024,SP2024-class 20,3,0805AGCCJA,7.8,6.7,8.2,4.7,6.8,Passed,6.9,,
SP2024,SP2024-class 20,4,1905AGCCDG,5.1,1.8,0,8.2,3.4,Attendance Fail,2.8,,
SP2024,SP2024-class 20,5,1905AGCCFB,7.8,4,9.2,9.8,8.5,Passed,7.4,,
SP2024,SP2024-class 20,6,1905AGADEC,8.4,8.1,8.6,8.6,8.6,Passed,9.3,,
SP2024,SP2024-class 20,7,1905AHBFFA,8.7,9.9,9,8.6,9,Passed,9.3,,
SP2024,SP2024-class 20,8,1905AGBDHF,7.9,9.5,4.8,8.2,6.6,Passed,4.7,,
SP2024,SP2024-class 20,9,1905AGAHJJ,8,9,8.8,9.2,8.6,Passed,6.3,,
SP2024,SP2024-class 20,10,1905AGCDBA,7,4.4,8.8,7.8,7.5,Passed,5.2,,
SP2024,SP2024-class 20,11,1905AGCBHB,8.1,7.3,8.2,9.8,8.5,Passed,7.4,,
SP2024,SP2024-class 20,12,1905AGBBDJ,7.5,1.8,8.6,7.8,7.2,Passed,5.2,,
SP2024,SP2024-class 20,13,1905AGADBB,8.5,9.7,8.8,8.6,8.9,Passed,9.3,,
SP2024,SP2024-class 20,14,1905AGBEJD,7.9,9.7,9.6,8.2,8.5,Passed,4.7,,
SP2024,SP2024-class 20,15,1905AGCBFI,8.1,4.3,8,8.2,7.4,Passed,4.8,,
SP2024,SP2024-class 20,16,1905AGABFH,7.4,5.4,6.6,4.7,6,Passed,6.9,,
SP2024,SP2024-class 20,17,1905AGBEGB,7.6,8.9,5.8,8.3,7.4,Passed,9,,
SP2024,SP2024-class 20,18,1905AGADBG,7.8,1.5,0,4.7,2.7,Attendance Fail,3.2,,
SP2024,SP2024-class 20,19,1905AGCDBJ,7.8,8.8,7.4,7.8,7.5,Passed,5.2,,
SP2024,SP2024-class 20,20,1905AGAGHD,7.8,9.1,9,9.2,8.7,Passed,6.3,,
SP2024,SP2024-class 20,21,0805AGCJBE,7.6,6.7,8.8,4.7,7.1,Passed,6.9,,
SP2024,SP2024-class 20,22,1905AGBEEH,8.2,8.2,6.2,8.3,7.5,Passed,9,,
SP2024,SP2024-class 20,23,1905AGCCFI,8.2,6.5,9.4,9.8,8.9,Passed,7.4,,
SP2024,SP2024-class 20,24,1905AGADCC,8.6,7.9,9.8,8.6,9.1,Passed,9.3,,
SP2024,SP2024-class 20,25,1905AGCDCG,8.5,8,8.2,9.8,8.6,Passed,7.4,,
SP2024,SP2024-class 20,26,1905AHCCBG,7,8.3,6.8,8.3,7.6,Passed,9,,
SP2024,SP2024-class 20,27,1905AHAGAG,7.6,6.9,9,4.7,7.2,Passed,6.9,,
SP2024,SP2024-class 20,28,1905AGAHHF,7.6,8.9,9.6,9.2,8.9,Passed,6.3,,
SP2024,SP2024-class 20,29,1905AGAHED,8.2,9,9.4,9.2,8.9,Passed,6.3,,
SP2024,SP2024-class 20,30,1905AGAHGI,8.2,8.4,8.2,9.2,8.3,Passed,6.3,,
SP2024,SP2024-class 20,31,1905AHBCGH,8.5,9.8,8.8,8.6,8.9,Passed,9.3,,
SP2024,SP2024-class 20,32,1905AGAIIA,7.7,9.5,4,8.3,6.7,Passed,9,,
SP2024,SP2024-class 20,33,1905AGCDBF,7.4,5.9,8,7.8,7.4,Passed,5.2,,
SP2024,SP2024-class 20,34,1905AGACHI,8,8.8,9.8,8.3,9,Passed,9,,
SP2024,SP2024-class 20,35,1905AGCDBH,4.5,5.5,7,7.8,6.7,Passed,5.2,,
SP2024,SP2024-class 21,1,1905AGCEBF,9,8,9.4,9,8.8,Passed,6.4,,
SP2024,SP2024-class 21,2,1905AGCEGB,9,8.9,7.8,8,8.1,Passed,8,,
SP2024,SP2024-class 21,3,1905AGCEFG,9,8.5,9.2,9,8.9,Passed,7.5,,
SP2024,SP2024-class 21,4,1905AGCFCG,9,8.3,8.4,8,8.2,Passed,6.7,,
SP2024,SP2024-class 21,5,1905AGCFBA,9,8.1,8.2,8,8.1,Passed,6.8,,
SP2024,SP2024-class 21,6,1905AGBGHD,9,8.6,7.4,8.5,8,Passed,7.8,,
SP2024,SP2024-class 21,7,1905AGABEI,9,9.8,9.6,9,9.3,Passed,8.7,,
SP2024,SP2024-class 21,8,1905AGJCAC,9,8,8.2,8.5,8.3,Passed,8,,
SP2024,SP2024-class 21,9,1905AGCEBD,9,9.2,8.4,9,8.7,Passed,7.8,,
SP2024,SP2024-class 21,10,1905AGCFFG,9,8,8.4,9,8.3,Passed,5.8,,
SP2024,SP2024-class 21,11,1905AHJBJG,9,8.5,7.2,8.5,7.9,Passed,7.5,,
SP2024,SP2024-class 21,12,1905AGACBE,9,9.8,9.8,9,9.4,Passed,8.8,,
SP2024,SP2024-class 21,13,1905AGCFBG,9,9,7.8,8,8,Passed,6.5,,
SP2024,SP2024-class 21,14,1905AGCEJI,9,9.8,8.4,6,7.9,Passed,8.2,,
SP2024,SP2024-class 21,15,1905AGACCJ,9,10,9.8,9,9.4,Passed,8.5,,
SP2024,SP2024-class 21,16,1905AGCEGJ,9,9,6.8,9,7.8,Passed,5.8,,
SP2024,SP2024-class 21,17,1905AGACBH,9,9.9,9.8,9,9.4,Passed,8.9,,
SP2024,SP2024-class 21,18,1905AGCFFB,9,9.8,8.6,8,8.5,Passed,7.7,,
SP2024,SP2024-class 21,19,1905AGCFAB,9,8.1,8.8,9,8.8,Passed,8.5,,
SP2024,SP2024-class 21,20,1905AGACFG,9,8.6,9.6,8.5,9,Passed,8,,
SP2024,SP2024-class 21,21,1905AGCEAE,9,9.7,9.4,6,8.3,Passed,8.8,,
SP2024,SP2024-class 21,22,1905AGCEEG,9,8.9,8,9,8.4,Passed,7.4,,
SP2024,SP2024-class 21,23,1905AGCFFD,9,9.2,9.8,8,8.9,Passed,7.5,,
SP2024,SP2024-class 21,24,1905AGCEAD,9,9.7,8.6,6,8,Passed,8.8,,
SP2024,SP2024-class 21,25,1905AGCEFC,9,8.1,9.6,9,9.1,Passed,8.9,,
SP2024,SP2024-class 21,26,1905AHBAAD,9,8.5,5.4,9,7.4,Passed,7.4,,
SP2024,SP2024-class 21,27,1905AGCEAI,9,10,8,6,7.7,Passed,8.2,,
SP2024,SP2024-class 21,28,1905AGCEAG,9,8,5.8,9,7.5,Passed,8.2,,
SP2024,SP2024-class 21,29,1905AGCFCE,9,9.1,7.8,8,8,Passed,7.2,,
SP2024,SP2024-class 21,30,1905AGJAHF,9,9.1,0,8,5,Attendance Fail,7.4,,
SP2024,SP2024-class 21,31,1905AGCFBJ,9,8,9.2,9,8.9,Passed,7.8,,
SP2024,SP2024-class 22,1,1905AFAFHF,10,7.8,7,7,7.7,Passed,10,,
SP2024,SP2024-class 22,2,1905AHBCCF,10,8,8.8,7,8.4,Passed,10,,
SP2024,SP2024-class 22,3,1905AGCDDD,10,8,8.8,7,8.4,Passed,10,,
SP2024,SP2024-class 22,4,1905AHJBFB,10,8.5,8.8,8,8.8,Passed,10,,
SP2024,SP2024-class 22,5,1905AHJCGA,10,8.3,8.8,7,8.5,Passed,10,,
SP2024,SP2024-class 22,6,1905AHDEDC,10,9.3,9.6,9,9.5,Passed,10,,
SP2024,SP2024-class 22,7,1905AHJAAJ,10,8.5,8.6,7,8.4,Passed,10,,
SP2024,SP2024-class 22,8,1905AGCCJB,10,8,6.8,7,7.6,Passed,10,,
SP2024,SP2024-class 22,9,1905AHJAFC,10,8.5,9.4,8,9,Passed,10,,
SP2024,SP2024-class 22,10,1905AGBFGC,10,8.8,7.8,7,8.1,Passed,10,,
SP2024,SP2024-class 22,11,1905AHBIGA,10,8.5,8,9,8.8,Passed,10,,
SP2024,SP2024-class 22,12,1905AGABAI,10,9,9.2,7,8.7,Passed,10,,
SP2024,SP2024-class 22,13,1905AHJJJC,10,8.3,8.2,7,8.2,Passed,10,,
SP2024,SP2024-class 22,14,1905AHBABB,10,8.5,6.2,7,6.7,Passed,3,,
SP2024,SP2024-class 22,15,1905AHDJCH,10,8.8,8.6,9,9,Passed,10,,
SP2024,SP2024-class 22,16,1905AHJABA,10,9,9.6,7,8.8,Passed,10,,
SP2024,SP2024-class 22,17,1905AGAAEH,10,7.8,8.6,7,8.3,Passed,10,,
SP2024,SP2024-class 22,18,1905AHCJGI,10,9.5,9.6,9,9.5,Passed,10,,
SP2024,SP2024-class 22,19,1905AHJJAI,10,7.8,8.8,7,8.4,Passed,10,,
SP2024,SP2024-class 22,20,1905AGCDEA,10,9.3,7.8,7,8.2,Passed,10,,
SP2024,SP2024-class 22,21,1905AHJAHH,10,8.5,10,8,9.3,Passed,10,,
SP2024,SP2024-class 22,22,1905AHBFBH,10,9,8.2,9,8.9,Passed,10,,
SP2024,SP2024-class 22,23,1905AFAGBD,10,7,8,7,8,Passed,10,,
SP2024,SP2024-class 22,24,1905AGAAGA,5,7.5,9,7,8,Passed,10,,
SP2024,SP2024-class 22,25,1905AGCDJC,10,8.8,8.2,7,8.3,Passed,10,,
SP2024,SP2024-class 22,26,1905AHBEEJ,10,8.5,10,7,9,Passed,10,,
SP2024,SP2024-class 22,27,1905AHJCHH,10,8,7.4,7,7.9,Passed,10,,
SP2024,SP2024-class 22,28,1905AHJBAH,10,7,9.8,8,9,Passed,10,,
SP2024,SP2024-class 22,29,1905AGJEAJ,10,7.8,7.8,7,8,Passed,10,,
SP2024,SP2024-class 22,30,1905AHJBGG,10,9,8.2,8,8.6,Passed,10,,
SP2024,SP2024-class 22,31,0305AHAABA,10,7.8,8,7,8.1,Passed,10,,
SP2024,SP2024-class 22,32,1905AGABHF,10,9.3,7.6,7,8.1,Passed,10,,
SP2024,SP2024-class 22,33,1905AGCCBD,10,6.3,9.8,7,8.7,Passed,10,,
SP2024,SP2024-class 22,34,1905AHJDFG,10,8.3,7.6,7,8,Passed,10,,
SP2024,SP2024-class 22,35,1905AHJCDA,10,8.3,7.6,8,8.3,Passed,10,,
SP2024,SP2024-class 23,1,1905AHJFDC,8.7,2.6,7.8,9.5,7.9,Passed,,,
SP2024,SP2024-class 23,2,1905AHEAAH,8.8,6.9,7.6,9.5,8.2,Passed,,,
SP2024,SP2024-class 23,3,1905AHAEJB,7.9,5.3,7,9.4,7.8,Passed,,,
SP2024,SP2024-class 23,4,1905AGBBGE,7.4,8.8,7.8,4.5,6.8,Passed,,,
SP2024,SP2024-class 23,5,1905AHBDJG,9,7.8,10,9.8,9.4,Passed,,,
SP2024,SP2024-class 23,6,1905AHJEJD,4.8,7.4,7.2,7.2,6.9,Passed,,,
SP2024,SP2024-class 23,7,1905AHJDCD,8.2,10,9.8,8.7,9.2,Passed,,,
SP2024,SP2024-class 23,8,1905AHDFJI,8.2,6.9,7.2,8.3,7.9,Passed,,,
SP2024,SP2024-class 23,9,1905AHAEFB,8.4,9.8,9.8,9.4,9.4,Passed,,,
SP2024,SP2024-class 23,10,1905AHBJIH,8.3,7.9,9.8,9.4,9.2,Passed,,,
SP2024,SP2024-class 23,11,1905AHBDBJ,8.8,7.8,9.8,9.8,9.3,Passed,,,
SP2024,SP2024-class 23,12,1905AHJFED,7.9,6.4,8.6,8.7,8.4,Passed,,,
SP2024,SP2024-class 23,13,1905AHCBJI,8,7.8,5.6,8.3,7.3,Passed,,,
SP2024,SP2024-class 23,14,1905AHAEAA,4.8,4.4,9,7.2,7.3,Passed,,,
SP2024,SP2024-class 23,15,1905AHJDCA,7.8,8.9,6.6,8.7,7.8,Passed,,,
SP2024,SP2024-class 23,16,1905AHCFAF,7.8,9.2,9,8.3,8.8,Passed,,,
SP2024,SP2024-class 23,17,1905AGBAJB,7.7,9.1,8.6,4.5,7.2,Passed,,,
SP2024,SP2024-class 23,18,1905AHAEBB,8.1,9.1,8.8,9.4,8.9,Passed,,,
SP2024,SP2024-class 23,19,1905AHJEDB,8.7,8.6,10,9.8,9.4,Passed,,,
SP2024,SP2024-class 23,20,1905AGAHJG,7.5,8.3,8.8,4.5,7.2,Passed,,,
SP2024,SP2024-class 23,21,1905AHBECI,7.5,5.8,5.4,8.3,7,Passed,,,
SP2024,SP2024-class 23,22,1905AHJEBE,8.1,8.7,6.4,8.7,7.7,Passed,,,
SP2024,SP2024-class 23,23,1905AHAEED,8.3,5.2,8.6,5.4,7.3,Passed,,,
SP2024,SP2024-class 23,24,1905AHBICJ,7.9,8.1,8.8,8.3,8.6,Passed,,,
SP2024,SP2024-class 23,25,1905AHJEGC,7.9,4.3,9,5.4,7.4,Passed,,,
SP2024,SP2024-class 23,26,1905AHJBAC,4.8,6.6,9.4,7.2,7.7,Passed,,,
SP2024,SP2024-class 23,27,1905AHAEAD,8,7.9,9.8,9.4,9.2,Passed,,,
SP2024,SP2024-class 23,28,1905AHJCIH,8.4,8.7,7.2,5.4,7.1,Passed,,,
SP2024,SP2024-class 23,29,1905AHAGCC,4.8,8.7,7.2,7.2,7.1,Passed,,,
SP2024,SP2024-class 23,30,1905AGJEFF,7.8,7.4,6.6,8.7,7.7,Passed,,,
SP2024,SP2024-class 23,31,1905AGBHCA,8,8.4,6.6,5.4,6.8,Passed,,,
SP2024,SP2024-class 23,32,1905AHJDFD,4.8,2.2,4.4,7.2,5.3,Passed,,,
SP2024,SP2024-class 23,33,1905AHJDIA,1,7.8,9.2,1,5,Passed,,,
SP2024,SP2024-class 23,34,1905AHBABI,8.2,8.5,9.8,5.4,8.1,Passed,,,
SP2024,SP2024-class 23,35,1905AGCJJJ,7.5,7.8,7,4.5,6.4,Passed,,,
SP2024,SP2024-class 24,1,1905AHBDFH,9,8.1,9.4,9.5,9.2,Passed,9,,
SP2024,SP2024-class 24,2,1905AHBCCI,9,8.8,5.8,8.5,7.5,Passed,8,,
SP2024,SP2024-class 24,3,1905AFADDG,9,8,7.8,9,8.3,Passed,7.4,,
SP2024,SP2024-class 24,4,1905AGBFAF,9.5,9.2,8,9.5,8.7,Passed,7.4,,
SP2024,SP2024-class 24,5,1905AHCFHC,9,8,5.6,9.5,7.6,Passed,7.8,,
SP2024,SP2024-class 24,6,1905AGJECG,0,8,0,0,0.8,Attendance Fail,0,,
SP2024,SP2024-class 24,7,1905AGBFEA,9.5,8.7,9.4,9.5,9.1,Passed,7.2,,
SP2024,SP2024-class 24,8,1905AHBCHA,9,8.6,7.6,8.5,8.2,Passed,8.5,,
SP2024,SP2024-class 24,9,1905AHBDDA,9,9.3,8.6,9.5,8.9,Passed,7.9,,
SP2024,SP2024-class 24,10,1905AHBCEB,9,8.5,9.8,9.5,9.5,Passed,9.4,,
SP2024,SP2024-class 24,11,1905AGBEHJ,0,8,0,0,0.8,Attendance Fail,0,,
SP2024,SP2024-class 24,12,1905AGBFJD,9,8,8.2,9.5,8.5,Passed,6.3,,
SP2024,SP2024-class 24,13,1905AGAAHE,0,8,0,0,0.8,Attendance Fail,0,,
SP2024,SP2024-class 24,14,1905AHBDED,9,8.9,8.8,9.5,8.9,Passed,7.7,,
SP2024,SP2024-class 24,15,1905AFAJDH,9,8,6,9,7.6,Passed,7.9,,
SP2024,SP2024-class 24,16,1905AHBDBH,9,8,9.2,9.5,8.9,Passed,6.7,,
SP2024,SP2024-class 24,17,1905AHBCGC,9,8.6,6.6,8.5,7.7,Passed,7.5,,
SP2024,SP2024-class 24,18,1905AGBEIG,9.5,8.4,9.4,9.5,9.2,Passed,7.5,,
SP2024,SP2024-class 24,19,1905AHDJHE,9,8,6.8,9.5,8,Passed,7.8,,
SP2024,SP2024-class 24,20,1905AGBFED,9.5,9.5,9.4,9.5,9.3,Passed,7.8,,
SP2024,SP2024-class 24,21,1905AIBBFJ,9,8.3,9.4,9.5,9.3,Passed,9.7,,
SP2024,SP2024-class 24,22,1905AGBEGJ,9,8,9.4,9.5,9.1,Passed,7.7,,
SP2024,SP2024-class 24,23,1905AGBFAD,9,8,9.8,8.5,8.6,Passed,4.8,,
SP2024,SP2024-class 24,24,1905AHBDJH,9,8,5.6,9,7.3,Passed,6.3,,
SP2024,SP2024-class 24,25,1905AGBDAI,9,9.2,7.2,9.5,8.3,Passed,7.7,,
SP2024,SP2024-class 24,26,1905AGCJAI,0,0,0,0,0,Attendance Fail,0,,
SP2024,SP2024-class 24,27,1905AHBDDD,9,8,6.8,9.5,8,Passed,7.2,,
SP2024,SP2024-class 24,28,1905AGBEEI,0,8,0,0,0.8,Attendance Fail,0,,
SP2024,SP2024-class 24,29,1905AGBEGE,9,8,5,9.5,7.1,Passed,5.5,,
SP2024,SP2024-class 24,30,1905AEAAJF,0,0,0,0,0.2,Attendance Fail,2,,
SP2024,SP2024-class 24,31,1905AHDHCB,9,8,6.4,9.5,7.7,Passed,6.3,,
SP2024,SP2024-class 24,32,1905AGBFAJ,0,8,0,0,0.8,Attendance Fail,0,,
SP2024,SP2024-class 24,33,1905AGBFGH,0,8,0,0,0.8,Attendance Fail,0,,
SP2024,SP2024-class 25,1,1905AGCEDE,10,7,7.4,8,8.1,Passed,10,,
SP2024,SP2024-class 25,2,1905AFJCHC,0,0,0,0,0,Attendance Fail,0,,
SP2024,SP2024-class 25,3,1905AHBHHC,10,8,8.2,8,8.5,Passed,10,,
SP2024,SP2024-class 25,4,1905AHBGAD,10,9,7.6,7,7.8,Passed,7.5,,
SP2024,SP2024-class 25,5,1905AHDAGB,10,9.3,9.6,7,8.9,Passed,10,,
SP2024,SP2024-class 25,6,1905AHDFCE,10,9.3,9.4,7,8.8,Passed,10,,
SP2024,SP2024-class 25,7,1905AHDEBF,10,7.8,9,7,8.5,Passed,10,,
SP2024,SP2024-class 25,8,1905AHBDGG,10,8.5,9.8,8,9.2,Passed,10,,
SP2024,SP2024-class 25,9,1905AGBFIJ,10,7.8,7.6,7,7.9,Passed,10,,
SP2024,SP2024-class 25,10,1905AHBEEA,10,7.3,4.2,8,6.8,Passed,10,,
SP2024,SP2024-class 25,11,1905AHBFEC,10,8,8.2,7,7.9,Passed,7.5,,
SP2024,SP2024-class 25,12,1905AHBEIH,10,8.8,6.4,8,7.8,Passed,10,,
SP2024,SP2024-class 25,13,1905AHBECJ,10,8.3,7,8,8,Passed,10,,
SP2024,SP2024-class 25,14,1905AHBFAD,10,7,7.2,8,8,Passed,10,,
SP2024,SP2024-class 25,15,1905AHBFCI,10,9,7.4,7,7.7,Passed,7.5,,
SP2024,SP2024-class 25,16,1905AHBDGI,10,8.3,9.6,8,9.1,Passed,10,,
SP2024,SP2024-class 25,17,1905AHBDIA,10,7.5,8.2,8,8.4,Passed,10,,
SP2024,SP2024-class 25,18,1905AHBDHJ,10,9.3,9,8,8.9,Passed,10,,
SP2024,SP2024-class 25,19,1905AGBEAE,10,7.8,9.2,7,8.6,Passed,10,,
SP2024,SP2024-class 25,20,1905AHBEIE,10,8.8,8.6,8,8.7,Passed,10,,
SP2024,SP2024-class 25,21,1905AHBFGD,10,9.3,7.4,7,7.7,Passed,7.5,,
SP2024,SP2024-class 25,22,1905AHDFDD,10,8,9.8,7,8.8,Passed,10,,
SP2024,SP2024-class 25,23,1905AHBGBD,10,6.5,4.8,8,7,Passed,10,,
SP2024,SP2024-class 25,24,1905AHBFFD,10,7.5,9,7,8.2,Passed,7.5,,
SP2024,SP2024-class 25,25,1905AHBGBF,10,6.3,7,8,7.8,Passed,10,,
SP2024,SP2024-class 25,26,1905AHBGEF,10,7.5,8,8,8.4,Passed,10,,
SP2024,SP2024-class 25,27,1905AGJDHH,0,0,0,0,0,Attendance Fail,0,,
SP2024,SP2024-class 25,28,1905AHBFFG,10,8.5,8.2,7,8,Passed,7.5,,
SP2024,SP2024-class 25,29,1905AHCCJE,10,8.8,8,8,8.5,Passed,10,,
SP2024,SP2024-class 25,30,1905AGBEAH,10,8.8,7.4,7,7.9,Passed,10,,
SP2024,SP2024-class 25,31,1905FAGAF,10,6.3,8.8,7,8.3,Passed,10,,
SP2024,SP2024-class 25,32,1905AHBDHB,10,6.8,6.2,8,7.6,Passed,10,,
SP2024,SP2024-class 25,33,1905AHBEDH,10,7.3,6.6,8,7.8,Passed,10,,
SP2024,SP2024-class 25,34,1905AGCAEC,10,7.8,5.8,7,7.2,Passed,10,,
SP2024,SP2024-class 26,1,1905AHCJAE,5,7.3,7.2,7,7.2,Passed,10,,
SP2024,SP2024-class 26,2,1905AHJDFH,10,8,8.4,9.5,9,Passed,10,,
SP2024,SP2024-class 26,3,1905AHDDCG,10,9.3,9.2,7,8.7,Passed,10,,
SP2024,SP2024-class 26,4,1905AHBIEI,10,8.8,9,8,8.9,Passed,10,,
SP2024,SP2024-class 26,5,1905AHBGHD,10,7.3,5.4,9.5,7.7,Passed,10,,
SP2024,SP2024-class 26,6,1905AGAIGJ,5,8.5,6.4,7,7,Passed,10,,
SP2024,SP2024-class 26,7,1905AHBHIJ,10,8,9.8,10,9.7,Passed,10,,
SP2024,SP2024-class 26,8,1905AGBGGC,5,8.3,9.2,7,8.1,Passed,10,,
SP2024,SP2024-class 26,9,1905AHBHBH,10,8.8,9.8,9.5,9.7,Passed,10,,
SP2024,SP2024-class 26,10,1905AHBIHF,5,8.5,8,7,7.7,Passed,10,,
SP2024,SP2024-class 26,11,1905AHBHDE,10,7.5,9.6,9.5,9.4,Passed,10,,
SP2024,SP2024-class 26,12,1905AHDBBH,10,9.3,8.6,7,8.5,Passed,10,,
SP2024,SP2024-class 26,13,1905AHBHBG,10,8.3,6.8,9.5,8.4,Passed,10,,
SP2024,SP2024-class 26,14,1905AHBIJG,10,8.3,9.6,8,9.1,Passed,10,,
SP2024,SP2024-class 26,15,1905AHBHHH,10,8.5,8.6,10,9.3,Passed,10,,
SP2024,SP2024-class 26,16,1905AHAEFD,10,8,9,9.5,9.3,Passed,10,,
SP2024,SP2024-class 26,17,1905AHJBCF,5,9,6.6,7,7.1,Passed,10,,
SP2024,SP2024-class 26,18,1905AHCCGD,10,8.5,9.4,7,8.7,Passed,10,,
SP2024,SP2024-class 26,19,1905AHBIFB,5,6.5,7.8,7,7.4,Passed,10,,
SP2024,SP2024-class 26,20,1905AHBHEH,10,5.8,7.2,10,8.5,Passed,10,,
SP2024,SP2024-class 26,21,1905AHCJBF,5,7.8,9.6,7,8.2,Passed,10,,
SP2024,SP2024-class 26,22,1905AHBIJA,10,8.3,9.4,10,9.6,Passed,10,,
SP2024,SP2024-class 26,23,1905AHBIDI,10,9.3,8.4,8,8.7,Passed,10,,
SP2024,SP2024-class 26,24,1905AGCGAB,5,9,9.4,7,8.3,Passed,10,,
SP2024,SP2024-class 26,25,1905AGAEHE,5,6.5,9,7,7.9,Passed,10,,
SP2024,SP2024-class 26,26,1905AHBIEC,10,8,9.6,8,9,Passed,10,,
SP2024,SP2024-class 26,27,1905AHBIII,5,8,9.2,7,8.1,Passed,10,,
SP2024,SP2024-class 26,28,1905AHBIBI,10,7.8,7.2,8,8.1,Passed,10,,
SP2024,SP2024-class 26,29,1905AGBIIJ,5,8.3,6.8,7,7.2,Passed,10,,
SP2024,SP2024-class 26,30,1905AHBIAA,10,8.3,9.2,8,8.9,Passed,10,,
SP2024,SP2024-class 26,31,1905AHBHIF,10,7.8,9,10,9.4,Passed,10,,
SP2024,SP2024-class 26,32,1905AHBHHF,10,7.8,6,10,8.2,Passed,10,,
SP2024,SP2024-class 26,33,1905AHCJED,10,9,7.8,7,8.1,Passed,10,,
SP2024,SP2024-class 26,34,1905AHBIHB,5,8,9.4,7,8.2,Passed,10,,
SP2024,SP2024-class 26,35,1905AHDCHF,10,9,9.6,7,8.8,Passed,10,,
SP2024,SP2024-class 27,1,1905AHCBJH,10,10,9.6,10,9.8,Passed,9.5,,
SP2024,SP2024-class 27,2,1905AHCAFB,8.5,8.5,8,8.5,8.3,Passed,8.5,,
SP2024,SP2024-class 27,3,1905AHCAEF,0,0,0,0,0,Attendance Fail,0,,
SP2024,SP2024-class 27,4,1905AHCAAB,8,8,7.4,8,7.8,Passed,8,,
SP2024,SP2024-class 27,5,1905AHCABA,9.5,9.5,8.4,9.5,9,Passed,9,,
SP2024,SP2024-class 27,6,1905AHDEAE,9.5,9.5,8.8,9.5,9.2,Passed,9,,
SP2024,SP2024-class 27,7,1905AHCBJF,0,0,0,0,0,Attendance Fail,0,,
SP2024,SP2024-class 27,8,1905AGBIJG,9.5,9.5,9.4,9.5,9.4,Passed,9,,
SP2024,SP2024-class 27,9,1905AHCEGF,9,9,6.8,9,8.1,Passed,9,,
SP2024,SP2024-class 27,10,1905AHCJGH,10,9.5,9.6,10,9.7,Passed,9.5,,
SP2024,SP2024-class 27,11,1905AGABIC,8.5,9.5,8.8,8.5,8.7,Passed,8,,
SP2024,SP2024-class 27,12,1905AHCJFC,8.5,9.5,8.2,8.5,8.4,Passed,8,,
SP2024,SP2024-class 27,13,1905AGBEDF,0,0,0,0,0,Attendance Fail,0,,
SP2024,SP2024-class 27,14,1905AGBDGJ,9.5,9.5,7.4,9.5,8.6,Passed,9,,
SP2024,SP2024-class 27,15,1905AGCDJG,9,9.5,10,9,9.5,Passed,9,,
SP2024,SP2024-class 27,16,1905AGCFJA,9,9,6.2,9,7.8,Passed,8.3,,
SP2024,SP2024-class 27,17,1905AHCAEE,0,0,0,0,0,Attendance Fail,0,,
SP2024,SP2024-class 27,18,1905AFJICD,8.5,9.5,4.8,8.5,7.1,Passed,8,,
SP2024,SP2024-class 27,19,1905AGACDA,8.5,9.5,9.6,8.5,9,Passed,8,,
SP2024,SP2024-class 27,20,1905AFJCBG,8,7,5.8,8,7,Passed,8,,
SP2024,SP2024-class 27,21,1905AHCJCE,0,0,0,0,0,Attendance Fail,0,,
SP2024,SP2024-class 28,1,1905AHCBBE,7.9,10,10,9.3,9.5,Passed,9,,
SP2024,SP2024-class 28,2,1905AHAEIJ,7.3,1.8,0,8.8,3.9,Attendance Fail,3.2,,
SP2024,SP2024-class 28,3,1905AGBBIF,7.6,7.7,8.8,7.4,7.9,Passed,6.3,,
SP2024,SP2024-class 28,4,1905AHCDEA,8.1,10,9.8,4.5,7.8,Passed,7.6,,
SP2024,SP2024-class 28,5,1905AHCCGG,8.1,9.6,9.8,9.1,9.2,Passed,8.2,,
SP2024,SP2024-class 28,6,1905AHCBHD,7.8,10,9.8,8.8,9,Passed,6.9,,
SP2024,SP2024-class 28,7,1905AHCHDA,7.5,4.6,8.8,8.8,8.1,Passed,6.9,,
SP2024,SP2024-class 28,8,1905AHDBJC,8.1,6.3,9.2,9.1,8.7,Passed,8.2,,
SP2024,SP2024-class 28,9,1905AHCECG,8.2,7.2,9,4.5,7.3,Passed,7.6,,
SP2024,SP2024-class 28,10,1905AHCBBH,8.1,7.4,5.8,9.2,7,Passed,3.5,,
SP2024,SP2024-class 28,11,1905AHCABC,8,8.6,7.2,9.2,8,Passed,7.3,,
SP2024,SP2024-class 28,12,1905AGBJJE,7.5,7.3,8,7.4,7.5,Passed,6.3,,
SP2024,SP2024-class 28,13,1905AHAHBD,8.1,5.3,9.2,9.5,8.8,Passed,9,,
SP2024,SP2024-class 28,14,1905AHCCIA,7.9,2,7.4,9.2,7.4,Passed,7.3,,
SP2024,SP2024-class 28,15,1905AHCBFJ,8.2,6.8,8,4.5,6.8,Passed,7.6,,
SP2024,SP2024-class 28,16,1905AHCAIB,7.9,10,9.8,8.8,9,Passed,6.9,,
SP2024,SP2024-class 28,17,1905AHCJCI,7.5,10,8.4,9.3,8.8,Passed,9,,
SP2024,SP2024-class 28,18,1905AGBHCG,7.6,5.9,7.2,9.5,8,Passed,9,,
SP2024,SP2024-class 28,19,1905AHCCHE,8.3,9.4,7.8,4.5,7.1,Passed,8.2,,
SP2024,SP2024-class 28,20,1905AHCGAE,7.5,9.7,8.4,7.4,7.9,Passed,6.3,,
SP2024,SP2024-class 28,21,1905AHAEHI,8,7,8.4,9.5,8.6,Passed,9,,
SP2024,SP2024-class 28,22,1905AHCCFJ,8.5,8.7,7.4,9.2,8.2,Passed,7.3,,
SP2024,SP2024-class 28,23,1905AHAHBJ,7.7,9.6,9.4,9.3,9.2,Passed,9,,
SP2024,SP2024-class 28,24,1905AHCDAH,8,7.1,8,4.5,6.8,Passed,7.6,,
SP2024,SP2024-class 28,25,1905AHCDCG,8,6,8.2,9.1,8.2,Passed,8.2,,
SP2024,SP2024-class 28,26,1905AHAGFH,7.7,2.4,6.6,9.5,7.4,Passed,9,,
SP2024,SP2024-class 28,27,1905AHCBDG,8.2,7.6,7.4,9.2,8,Passed,7.3,,
SP2024,SP2024-class 28,28,1905AHCCJD,8.3,10,9.8,4.5,7.9,Passed,7.6,,
SP2024,SP2024-class 28,29,1905AGAIDJ,7.7,6.2,6.4,7.4,6.8,Passed,6.3,,
SP2024,SP2024-class 28,30,1905AHAEHJ,8.3,8.2,8.6,9.5,8.8,Passed,9,,
SP2024,SP2024-class 28,31,1905AHCBBD,8,10,9.6,9.3,9.3,Passed,9,,
SP2024,SP2024-class 28,32,1905AHBIFG,7.6,10,10,9.3,9.5,Passed,9,,
SP2024,SP2024-class 28,33,1905AGAAAC,8.2,7.5,8.6,9.1,8.6,Passed,8.2,,
SP2024,SP2024-class 28,34,1905AHAFHF,1,8.1,6.4,7.4,6.3,Passed,6.3,,
SP2024,SP2024-class 28,35,1905AHCBIA,7.6,10,9.8,8.8,9,Passed,6.9,,
SP2024,SP2024-class 29,1,1905AHCHAB,8.5,8,8.8,9,8.7,Passed,8.5,,
SP2024,SP2024-class 29,2,1905AHCGGH,6,7,6.8,9,7.4,Passed,6.5,,
SP2024,SP2024-class 29,3,1905AHCGBA,7.5,9,8.6,8,8.3,Passed,8,,
SP2024,SP2024-class 29,4,1905AHCIFA,6.5,9,7.8,8.5,7.9,Passed,7,,
SP2024,SP2024-class 29,5,1905AHCICJ,3,9,7.2,4,5.8,Passed,5,,
SP2024,SP2024-class 29,6,1705AGJAGI,3,7,4,4,4.3,Not Passed,5,,
SP2024,SP2024-class 29,7,1905AHCGBH,6,8,8.2,7,7.5,Passed,6.8,,
SP2024,SP2024-class 29,8,1905AHCFFB,7.5,9,8.4,8,8.2,Passed,8,,
SP2024,SP2024-class 29,9,1905AFJDBI,6.5,7,9.8,8.5,8.5,Passed,6.8,,
SP2024,SP2024-class 29,10,1905AHCHFB,6,7,6.6,9,7.3,Passed,6.5,,
SP2024,SP2024-class 29,11,1905AGAGED,8,7,7.6,8,7.7,Passed,8,,
SP2024,SP2024-class 29,12,1905AHCHFG,8,9,9,9,8.8,Passed,7.5,,
SP2024,SP2024-class 29,13,1905AHCAII,3,8,10,4,6.8,Passed,5,,
SP2024,SP2024-class 29,14,1905AHCGIJ,7,8,6.8,7,7,Passed,7.3,,
SP2024,SP2024-class 29,15,1905AHCHAH,7.5,9,8.6,8,8.3,Passed,8,,
SP2024,SP2024-class 29,16,1905AGJDCB,8,7,6.6,8,7.3,Passed,8,,
SP2024,SP2024-class 29,17,1905AHCGBE,7.5,8,9.8,8,8.7,Passed,8,,
SP2024,SP2024-class 29,18,1905AHCGAB,7,7,7.6,7,7.3,Passed,7.3,,
SP2024,SP2024-class 29,19,1905AHCHBG,6.5,8,6.8,8.5,7.4,Passed,7,,
SP2024,SP2024-class 29,20,1905AHCGCH,8,8,7.6,8,7.9,Passed,8.3,,
SP2024,SP2024-class 29,21,1905AHCGGC,7.5,8,9.8,8,8.7,Passed,8,,
SP2024,SP2024-class 29,22,1905AHCGGE,8,9,8.4,8,8.3,Passed,8.3,,
SP2024,SP2024-class 29,23,1905AHCIED,8,9,7.4,9,8.2,Passed,8,,
SP2024,SP2024-class 29,24,1905AHCIEI,8.5,9,9,8.5,8.8,Passed,8.5,,
SP2024,SP2024-class 29,25,1905AHCHGJ,8,8,9.4,9,8.9,Passed,8.3,,
SP2024,SP2024-class 29,26,1905AGADAA,8,7,5.4,8,6.8,Passed,7.3,,
SP2024,SP2024-class 29,27,1905AHCHJC,7,7,7.6,7,7.3,Passed,7.3,,
SP2024,SP2024-class 29,28,1905AHDJFG,7,8,9.6,7,8.2,Passed,7.3,,
SP2024,SP2024-class 29,29,1905AGAFAC,8,7,6.6,8,7.3,Passed,8,,
SP2024,SP2024-class 29,30,1905AHCHID,8.5,7,7.8,8.5,8,Passed,8,,
SP2024,SP2024-class 29,31,1905AHCGDC,8,9,9.4,8,8.7,Passed,8.3,,
SP2024,SP2024-class 29,32,1905AGJDDF,8,7,8.6,8,8.1,Passed,8,,
SP2024,SP2024-class 29,33,1905AHCHBH,7.5,8,5.8,9,7.3,Passed,7.5,,
SP2024,SP2024-class 29,34,1905AGJBID,8,7,6.8,8,7.4,Passed,8,,
SP2024,SP2024-class 29,35,1905AHDAJA,8,9,8.6,8,8.4,Passed,8.3,,
SP2024,SP2024-class 30,1,1905AHDJHC,8.5,8,4.2,7.5,6.1,Passed,5.7,,
SP2024,SP2024-class 30,2,1905AHCIHE,8.5,9.2,8,7,7.9,Passed,8,,
SP2024,SP2024-class 30,3,1905AHCHBC,9,8.7,8.4,9,8.7,Passed,8.7,,
SP2024,SP2024-class 30,4,1905AHDJJD,9,8.3,9.8,8.5,9.1,Passed,8.5,,
SP2024,SP2024-class 30,5,1905AHDJHI,8,8.7,7.2,6,6.7,Passed,3.8,,
SP2024,SP2024-class 30,6,1905AHCHDD,8.5,10,10,7,8.8,Passed,8.9,,
SP2024,SP2024-class 30,7,1905AGCJHA,9,8.8,9.4,9,9.2,Passed,9.2,,
SP2024,SP2024-class 30,8,1905AHCIHG,9,9,9.8,9,9.2,Passed,7.4,,
SP2024,SP2024-class 30,9,1905AHAFIG,9,9.2,8.8,8.5,8.6,Passed,7.3,,
SP2024,SP2024-class 30,10,1905AHCIIJ,8.5,9.4,8.8,8,8.5,Passed,8,,
SP2024,SP2024-class 30,11,1905AHDAGC,8.5,8,7.6,7.5,7.6,Passed,7,,
SP2024,SP2024-class 30,12,1905AGBJFG,9,8,9.6,8.5,8.9,Passed,7.8,,
SP2024,SP2024-class 30,13,1905AHCIIG,9,9.3,8.8,8.5,8.7,Passed,7.7,,
SP2024,SP2024-class 30,14,1905AHDJBB,8.5,10,8.8,8,8.6,Passed,7.9,,
SP2024,SP2024-class 30,15,1905AGJCHE,9,9.3,6.8,8.5,7.8,Passed,7.4,,
SP2024,SP2024-class 30,16,1905AHDAHC,8.5,8,8.2,7.5,7.9,Passed,7.4,,
SP2024,SP2024-class 30,17,1905AHDJAC,9,8.6,8.6,8.5,8.5,Passed,7.8,,
SP2024,SP2024-class 30,18,1905AHDAJJ,8.5,9.1,9.2,7,8.3,Passed,7.8,,
SP2024,SP2024-class 30,19,1905AHDJHD,9,9.3,7.4,8.5,8.2,Passed,8.3,,
SP2024,SP2024-class 30,20,1905AHDJAD,9,9.3,9.6,9,9.1,Passed,7.8,,
SP2024,SP2024-class 30,21,1905AHCHFE,8.5,8.8,9.2,7,8.3,Passed,7.4,,
SP2024,SP2024-class 30,22,1905AHDJEI,9,9.1,9.6,9,9.1,Passed,7.2,,
SP2024,SP2024-class 30,23,1905AEJIDG,0,8,0,0,0.8,Attendance Fail,0,,
SP2024,SP2024-class 30,24,1905AEADFI,0,8,0,0,1.1,Attendance Fail,2.7,,
SP2024,SP2024-class 30,25,1905AHCIGJ,8.5,8.8,8.8,8,8.4,Passed,7.9,,
SP2024,SP2024-class 30,26,1905AHCIGG,9,9.2,9.8,9,9.3,Passed,8.4,,
SP2024,SP2024-class 30,27,1905AFJBCJ,0,8,0,0,0.8,Attendance Fail,0,,
SP2024,SP2024-class 30,28,1905AFJHAG,0,8,0,0,0.8,Attendance Fail,0,,
SP2024,SP2024-class 30,29,1905AHDAIA,9,9.3,8.4,8.5,8.3,Passed,5.2,,
SP2024,SP2024-class 30,30,1905AHDAFI,8.5,8,7.8,7.5,7.7,Passed,6.5,,
SP2024,SP2024-class 30,31,1905AFJDDA,0,8,0,0,0.8,Attendance Fail,0,,
SP2024,SP2024-class 30,32,1905AHCIFE,8.5,8.2,7,8,7.6,Passed,7.3,,
SP2024,SP2024-class 30,33,1905AGCJCI,9,10,9.8,9,9.4,Passed,8.8,,
SP2024,SP2024-class 30,34,1905AGCDGC,9,8.8,7.6,9,8.4,Passed,9.3,,
SP2024,SP2024-class 31,1,1905AHDFGC,8.1,10,7,7.8,7.7,Passed,7.7,,
SP2024,SP2024-class 31,2,1905AGCDAB,8.2,10,8,7.6,7.7,Passed,3.6,,
SP2024,SP2024-class 31,3,1905AHDDAC,8.5,9.5,9.8,8.6,9.1,Passed,7.9,,
SP2024,SP2024-class 31,4,1905AGJEDD,7.4,7.7,7.2,7.2,7.4,Passed,8.1,,
SP2024,SP2024-class 31,5,1905AHDEFA,8,7.4,6.6,7.8,7.3,Passed,7.7,,
SP2024,SP2024-class 31,6,1905AHDEDI,8.1,10,7,7.8,7.7,Passed,7.7,,
SP2024,SP2024-class 31,7,1905AHDBCI,8.4,5.7,7.4,8.6,7.7,Passed,7.9,,
SP2024,SP2024-class 31,8,1905AHDEDE,8.3,7,9,8.6,8.5,Passed,7.9,,
SP2024,SP2024-class 31,9,1905AGJEEI,7.9,7.5,8,8.7,8.1,Passed,7.1,,
SP2024,SP2024-class 31,10,1905AHDFAH,8.1,8.2,8.6,7.8,8.2,Passed,7.7,,
SP2024,SP2024-class 31,11,1905AGADGD,7.7,6.2,7,8.7,7.5,Passed,7.1,,
SP2024,SP2024-class 31,12,1905AHCHJJ,8,5.5,8.4,8.7,8,Passed,7.1,,
SP2024,SP2024-class 31,13,1905AHDDFJ,8.4,8.6,7,7.4,7.5,Passed,7.8,,
SP2024,SP2024-class 31,14,1905AGCFCD,8.2,8.7,7.2,8.7,7.9,Passed,7.1,,
SP2024,SP2024-class 31,15,1905AHDBFH,4.7,5.4,0,7.2,4,Attendance Fail,8.1,,
SP2024,SP2024-class 31,16,1905AHDCCA,0,0,0,0,0,Attendance Fail,0,,
SP2024,SP2024-class 31,17,1905AHDEAJ,8.3,10,6.2,8.6,7.7,Passed,7.9,,
SP2024,SP2024-class 31,18,1905AHDBGH,8.3,9,8.4,7.4,8.1,Passed,7.8,,
SP2024,SP2024-class 31,19,1905AHDAEE,0,0.1,0,0,0,Attendance Fail,0,,
SP2024,SP2024-class 31,20,1905AGCDEB,8.4,10,7.8,7.6,7.6,Passed,3.6,,
SP2024,SP2024-class 31,21,1905AGCDBC,8.4,9.6,9,7.6,8,Passed,3.6,,
SP2024,SP2024-class 31,22,1905AGJCEG,8.4,8.3,7.8,7.6,7.5,Passed,4.1,,
SP2024,SP2024-class 31,23,1905AGCJIC,8.3,6,5,7.6,6,Passed,2.9,,
SP2024,SP2024-class 31,24,1905AHDAAI,7.9,5.5,5.6,7.2,6.6,Passed,8.1,,
SP2024,SP2024-class 31,25,1905AHDIHI,7.7,6.7,9.6,7.2,8.3,Passed,8.1,,
SP2024,SP2024-class 31,26,1905AGCCIH,8.4,4.5,8.4,7.6,7.3,Passed,4.1,,
SP2024,SP2024-class 31,27,1905AHDDAB,7.9,7.2,6,7.4,6.9,Passed,7.8,,
SP2024,SP2024-class 31,28,1905AGBGFC,7.6,6.7,8,8.7,8,Passed,7.1,,
SP2024,SP2024-class 31,29,1905AGJEJF,7.6,5.9,6.2,7.6,6.5,Passed,4.1,,
SP2024,SP2024-class 31,30,1905AGCCHG,8.3,7.4,9.6,7.6,8.1,Passed,3.6,,
SP2024,SP2024-class 31,31,1905AGCCID,8.3,10,9.6,7.6,8.3,Passed,3.6,,
SP2024,SP2024-class 31,32,1905AHDEEA,8.1,7,7.8,8.6,8,Passed,7.9,,
SP2024,SP2024-class 31,33,1905AHDBHG,8.2,9.9,8.8,7.8,8.4,Passed,7.7,,
SP2024,SP2024-class 31,34,1905AHDFIA,8.4,6.4,7.4,7.4,7.4,Passed,7.8,,
SP2024,SP2024-class 31,35,1905AGCDAA,8.5,9.6,8,7.6,7.7,Passed,4.1,,
SP2024,SP2024-class 32,1,1905AIBGAE,8.5,7.5,9.4,8,8.6,Passed,8.7,,
SP2024,SP2024-class 32,2,1905AGAJHA,7,9.2,6.6,6.5,7,Passed,7.9,,
SP2024,SP2024-class 32,3,1905AHEJEG,8.5,8,7.4,8,7.9,Passed,8.7,,
SP2024,SP2024-class 32,4,1905AHDABF,7,7.8,0,6.5,4.2,Attendance Fail,7.4,,
SP2024,SP2024-class 32,5,1905AHCGJI,7.5,6.8,8.6,8,8.1,Passed,8.1,,
SP2024,SP2024-class 32,6,1905AGAHJB,7,6.8,7,6.5,6.9,Passed,7.9,,
SP2024,SP2024-class 32,7,1905AHDICB,7,7.3,7.8,7,7.5,Passed,8.3,,
SP2024,SP2024-class 32,8,1905AHDIGH,7,9.2,8.4,6.5,7.7,Passed,8.2,,
SP2024,SP2024-class 32,9,1905AFAECD,7.5,4.5,9.8,8,8.3,Passed,7.8,,
SP2024,SP2024-class 32,10,1905AHDHFD,8.5,9.2,8.4,8,8.4,Passed,8.2,,
SP2024,SP2024-class 32,11,1905AHDIBJ,7,4.8,6,7,6.4,Passed,7.7,,
SP2024,SP2024-class 32,12,1905AGJDAI,7,8.3,5.6,6.5,6.6,Passed,8.4,,
SP2024,SP2024-class 32,13,1905AHEJFC,7,7.5,7.4,6.5,7.2,Passed,8,,
SP2024,SP2024-class 32,14,1919AGJDIE,7,8.7,8.4,6.5,7.7,Passed,8.1,,
SP2024,SP2024-class 32,15,1905AGBABI,7,6.5,7.6,6.5,7.1,Passed,7.8,,
SP2024,SP2024-class 32,16,1905AHEJJG,7,7.7,8.2,7,7.7,Passed,8.1,,
SP2024,SP2024-class 32,17,1905AHCICF,8.5,9,9,8,8.6,Passed,8.5,,
SP2024,SP2024-class 32,18,1905AHDHID,7,4.8,6.8,7,6.8,Passed,7.7,,
SP2024,SP2024-class 32,19,1905AHDHAF,8.5,6.7,7,8,7.6,Passed,8.6,,
SP2024,SP2024-class 32,20,1905AGAAJG,7,8,7.8,6.5,7.4,Passed,8,,
SP2024,SP2024-class 32,21,1905AGJBEF,7.5,7.7,9.2,8,8.4,Passed,8.2,,
SP2024,SP2024-class 32,22,1905AHJFFI,7,6.7,9.8,6.5,8,Passed,7.9,,
SP2024,SP2024-class 32,23,1905AGAFAA,7,7,8,6.5,7.3,Passed,7.9,,
SP2024,SP2024-class 32,24,1905AHDGIE,8.5,7.7,7.2,8,7.8,Passed,8.7,,
SP2024,SP2024-class 32,25,1905AGJBCH,7,8.2,6.4,6.5,6.8,Passed,8.1,,
SP2024,SP2024-class 32,26,1905AHDHJJ,7,6.8,7,6.5,6.9,Passed,7.9,,
SP2024,SP2024-class 32,27,1905AHDHAA,8.5,8.5,7.2,8,7.8,Passed,8.5,,
SP2024,SP2024-class 32,28,1905AGJAJF,0,0,0,0,0,Attendance Fail,0,,
SP2024,SP2024-class 32,29,1905AHJGFI,7.5,7.3,9.8,8,8.7,Passed,8.8,,
SP2024,SP2024-class 32,30,1905AHDIID,8.5,9,4.8,8,6.9,Passed,7.9,,
SP2025,SP2025-class 1,1,1905AHBFCC,7,8,,,8.8,Passed,,9.3,8
SP2025,SP2025-class 1,2,1905AHCAAD,6,5,,,8,Passed,,9.3,9
SP2025,SP2025-class 1,3,1905AHBCJG,0,0,,,0,Attendance Fail,,0,0
SP2025,SP2025-class 1,4,0405AHJGAC,8,10,,,8.8,Passed,,9,7
SP2025,SP2025-class 1,5,1905AHBCEI,7,8,,,8.8,Passed,,9,8.1
SP2025,SP2025-class 1,6,1905AHBICH,6,10,,,7.8,Passed,,9,5.2
SP2025,SP2025-class 1,7,1905AHCHIG,7,5,,,7.9,Passed,,9.3,5.8
SP2025,SP2025-class 1,8,1905AHDBDC,7,10,,,8.3,Passed,,8,7
SP2025,SP2025-class 1,9,1905AHCDGE,7,10,,,8.2,Passed,,9,6
SP2025,SP2025-class 1,10,1905AHJDIC,8,10,,,8.4,Passed,,7.8,6.8
SP2025,SP2025-class 1,11,1905AHCBCA,6,5,,,7.5,Passed,,9.8,7.2
SP2025,SP2025-class 1,12,1905AHCJIH,6,10,,,8.2,Passed,,8.5,5.8
SP2025,SP2025-class 1,13,1905AHBHBD,6,10,,,7.7,Passed,,9,6.8
SP2025,SP2025-class 1,14,1905AHCDJI,6,5,,,8.1,Passed,,9.3,9.2
SP2025,SP2025-class 1,15,1905AHBFBJ,7,8,,,8.2,Passed,,7.8,5.8
SP2025,SP2025-class 1,16,1905AIDBFG,6,7,,,6.9,Passed,,8.8,7.3
SP2025,SP2025-class 1,17,1905AIDIDG,6,7,,,6.4,Passed,,9.3,4.2
SP2025,SP2025-class 1,18,1905AHBGBJ,6,10,,,7.6,Passed,,8,4.2
SP2025,SP2025-class 1,19,1905AHBJCD,8,10,,,8.6,Passed,,8.5,7.1
SP2025,SP2025-class 1,20,1905AHDDIH,6,7,,,7.2,Passed,,8.8,8.1
SP2025,SP2025-class 1,21,1905AHAHEA,8,10,,,9.1,Passed,,9,8.8
SP2025,SP2025-class 2,1,1905AHJBCD,8,9.5,,,8.5,Passed,,9,7.7
SP2025,SP2025-class 2,2,1905AHCGEJ,9,9,,,9,Passed,,9,9.2
SP2025,SP2025-class 2,3,1905AHJBCG,8,7,,,8.3,Passed,,8.8,7.9
SP2025,SP2025-class 2,4,1905AHCAHG,9,9,,,8.6,Passed,,9,7.3
SP2025,SP2025-class 2,5,1905AHJBBC,8,8,,,8.2,Passed,,8.8,7.5
SP2025,SP2025-class 2,6,1905AIJEGH,7,9,,,8,Passed,,8,7.9
SP2025,SP2025-class 2,7,1905AIJHFE,8.5,9,,,8.3,Passed,,8.5,7.1
SP2025,SP2025-class 2,8,1905AIBJJH,9,9,,,8.1,Passed,,9,4.8
SP2025,SP2025-class 2,9,1905AIJEEJ,8,8,,,7.7,Passed,,8,5.6
SP2025,SP2025-class 2,10,1905AHDBCG,7,7,,,6.8,Passed,,7,4.8
SP2025,SP2025-class 2,11,1905AIBAJI,8.5,9,,,7.9,Passed,,8.5,5
SP2025,SP2025-class 2,12,1905AGJAIC,9,9,,,8.7,Passed,,9,7.7
SP2025,SP2025-class 2,13,1905AHDADE,7,7,,,7.1,Passed,,7,6.7
SP2025,SP2025-class 2,14,1905AHCIDD,8,9,,,8.2,Passed,,8,8.1
SP2025,SP2025-class 2,15,1905AHJAGH,8,9,,,8.1,Passed,,8,7.7
SP2025,SP2025-class 2,16,1905AIJAAJ,8.5,9,,,8.5,Passed,,8.5,8.3
SP2025,SP2025-class 2,17,1905AHJEAA,7,9,,,8.4,Passed,,8,9
SP2025,SP2025-class 2,18,1905AHJAHI,7,9,,,8.1,Passed,,8,7.5
SP2025,SP2025-class 2,19,1905AHJBCE,7,9,,,8.4,Passed,,8,8.8
SP2025,SP2025-class 2,20,1905AHJECJ,7,8,,,6.9,Passed,,7,4.8
SP2025,SP2025-class 2,21,1905AIBJBI,8.5,9,,,8.5,Passed,,8.5,8.3
SP2025,SP2025-class 2,22,1905AIBJDG,7,7,,,6.5,Not Passed,,7,3.6
SP2025,SP2025-class 2,23,1905AHAFIC,9,9,,,8.8,Passed,,9,7.9
SP2025,SP2025-class 2,24,1905AIJEJE,8,9,,,8.5,Passed,,8,9.4
SP2025,SP2025-class 2,25,1905AIBEAH,8.5,9,,,8,Passed,,8.5,5.6
SP2025,SP2025-class 2,26,1905AHAECD,6,8,,,7.7,Passed,,8,8.5
SP2025,SP2025-class 2,27,1905AHJBEH,8,8,,,8.4,Passed,,8.8,8.5
SP2025,SP2025-class 2,28,1905AHBJJB,8,9,,,7.9,Passed,,8,6.5
SP2025,SP2025-class 2,29,1905AHJGCA,8,7,,,7.4,Passed,,8,4.8
SP2025,SP2025-class 2,30,1905AHJBGA,8,9,,,8.3,Passed,,8,8.5
SP2025,SP2025-class 2,31,1905AHJBGF,8,8,,,7.8,Passed,,8.8,5.2
SP2025,SP2025-class 2,32,1905AGAIFA,7,8,,,7.9,Passed,,8,7
SP2025,SP2025-class 2,33,1905AHJCCI,0,0,,,0,Not Passed,,0,0
SP2025,SP2025-class 2,34,1905AHAIGJ,8,8,,,7.9,Passed,,8,6.9
SP2025,SP2025-class 3,1,1905AHDDDF,9,10,,,8.2,Passed,,9.2,7.9
SP2025,SP2025-class 3,2,1905AHDEDF,9,10,,,8.4,Passed,,9.1,9.2
SP2025,SP2025-class 3,3,0405AGJGIJ,8,9,,,7.2,Passed,,8.6,5.8
SP2025,SP2025-class 3,4,1905AHEAJJ,8,9,,,7.2,Passed,,8,5
SP2025,SP2025-class 3,5,1905AIDJII,8,9,,,8.4,Passed,,8.9,8.8
SP2025,SP2025-class 3,6,1905AICHCF,8,9,,,7.5,Passed,,8.5,5.8
SP2025,SP2025-class 3,7,1905AIBHJB,9,10,,,8.2,Passed,,8.7,6.7
SP2025,SP2025-class 3,8,1905AIJGJD,9,10,,,8.3,Passed,,8,7.9
SP2025,SP2025-class 3,9,1905AIBHEE,8,9,,,8.1,Passed,,8.7,7.9
SP2025,SP2025-class 3,10,1905AHDCDJ,8,9,,,8.4,Passed,,9.2,7.7
SP2025,SP2025-class 3,11,1905AHEJDG,9,10,,,8,Passed,,9,7.1
SP2025,SP2025-class 3,12,1905AIJFAH,9,10,,,8.3,Passed,,8.9,7.7
SP2025,SP2025-class 3,13,1905AIDJGB,8,9,,,8,Passed,,10,6.3
SP2025,SP2025-class 3,14,1905AHEJIE,8,10,,,8,Passed,,8.6,7.7
SP2025,SP2025-class 3,15,1905AHDGCH,9,10,,,7.6,Passed,,9,5.2
SP2025,SP2025-class 3,16,1905AHDBHH,8,9,,,8,Passed,,9.1,7.5
SP2025,SP2025-class 3,17,1905AIFDDC,8,9,,,7.5,Passed,,8.6,5.2
SP2025,SP2025-class 3,18,1905AIBJCF,8,10,,,7.8,Passed,,8.7,6
SP2025,SP2025-class 3,19,1905AHDDIJ,8,9,,,7.5,Passed,,8.5,6.7
SP2025,SP2025-class 3,20,1905AICHHD,9,10,,,8.6,Passed,,8.8,9
SP2025,SP2025-class 3,21,1905AHDJFJ,0,9,,,0.9,Not Passed,,0,0
SP2025,SP2025-class 3,22,1919AICHCH,9,10,,,7.8,Passed,,8,6.5
SP2025,SP2025-class 3,23,1905AIDECE,8,9,,,7.8,Passed,,8.7,7.3
SP2025,SP2025-class 3,24,1905AICAIJ,8,9,,,8,Passed,,8.7,8.1
SP2025,SP2025-class 3,25,1905AHDBJF,9,10,,,7.5,Passed,,8.7,4.8
SP2025,SP2025-class 3,26,1905AIBEII,7,9,,,7.4,Passed,,7,9.2
SP2025,SP2025-class 3,27,1905AICJCG,9,10,,,8.3,Passed,,9.2,7.3
SP2025,SP2025-class 3,28,1905AIDJIE,8,10,,,7.5,Passed,,8.5,4.6
SP2025,SP2025-class 3,29,1905AHDEBG,8,9,,,8.2,Passed,,9.4,8.8
SP2025,SP2025-class 3,30,0405AGJFIC,8,9,,,7.2,Passed,,8.6,5.6
SP2025,SP2025-class 3,31,1905AIFHFJ,9,10,,,7.5,Passed,,8.4,4.2
SP2025,SP2025-class 3,32,1905AHEAJB,9,10,,,8.2,Passed,,8.4,8.3
SP2025,SP2025-class 3,33,1905AHEJBI,9,9,,,7.9,Passed,,8.2,7.5
SP2025,SP2025-class 3,34,1905AGCAFG,8,9,,,8,Passed,,8.4,8.5
SP2025,SP2025-class 3,35,1905AICGCB,8,9,,,7.8,Passed,,8.7,6
SP2025,SP2025-class 4,1,1905AHJGGI,7,7,,,6.2,Not Passed,,7,2.8
SP2025,SP2025-class 4,2,1905AHCFBJ,8,9,,,8.4,Passed,,8,7.9
SP2025,SP2025-class 4,3,1905AHDDBI,7,8,,,7.5,Passed,,7,9.2
SP2025,SP2025-class 4,4,1905AGCBHA,7,7,,,7.1,Passed,,7,7.3
SP2025,SP2025-class 4,5,1905AHJDBA,7,8,,,6.9,Passed,,7,4.6
SP2025,SP2025-class 4,6,1905AIDEJB,7,8,,,7,Passed,,7,6.7
SP2025,SP2025-class 4,7,1905AHBEAF,8,8,,,7.2,Passed,,7,5.2
SP2025,SP2025-class 4,8,1905AICIAD,8.5,8,,,8.5,Passed,,8.5,8.5
SP2025,SP2025-class 4,9,1905AHJDCC,7,9,,,8.4,Passed,,7,9.2
SP2025,SP2025-class 4,10,1905AHJDBB,8,9,,,8.5,Passed,,8,7.3
SP2025,SP2025-class 4,11,1905AHBAJC,8,9,,,8.5,Passed,,8,7.7
SP2025,SP2025-class 4,12,1905AHEJGJ,8,7,,,8.1,Passed,,8,8.8
SP2025,SP2025-class 4,13,1905AHJEAB,8.5,7,,,8.1,Passed,,8.8,6.4
SP2025,SP2025-class 4,14,1905AIDEFC,7,7,,,6.8,Passed,,7,5.8
SP2025,SP2025-class 4,15,1905AHJEAC,7,8,,,7.6,Passed,,7,8.3
SP2025,SP2025-class 4,16,1905AHEJJH,9,9,,,9.1,Passed,,9,9.6
SP2025,SP2025-class 4,17,1905AHDCAH,0,0,,,0,Attendance Fail,,0,0
SP2025,SP2025-class 4,18,1905AHBJGJ,7,8,,,7.9,Passed,,7,5.8
SP2025,SP2025-class 4,19,1905AHJDDA,8,9,,,8.5,Passed,,8,7.3
SP2025,SP2025-class 4,20,1905AHCDJH,7,8,,,7.4,Passed,,7,7.9
SP2025,SP2025-class 4,21,1905AIBDIE,9,9,,,8.8,Passed,,9,8.8
SP2025,SP2025-class 4,22,1905AHBIFE,8,9,,,7.7,Passed,,8,4.6
SP2025,SP2025-class 4,23,1905AHCHBF,7,9,,,7.6,Passed,,7,7.7
SP2025,SP2025-class 4,24,1905AHCCJF,7,7,,,7,Passed,,7,6.3
SP2025,SP2025-class 4,25,1905AHCADH,7,8,,,7.1,Passed,,7,6.6
SP2025,SP2025-class 4,26,1905AHCBGG,7.5,7,,,7.6,Passed,,7.5,7.3
SP2025,SP2025-class 4,27,1905AHJDEE,7,9,,,8.4,Passed,,7,9.2
SP2025,SP2025-class 4,28,1905AHJAGF,7,9,,,7.3,Passed,,7,6.9
SP2025,SP2025-class 4,29,1905AHCFCD,8,8,,,8.3,Passed,,8,7.7
SP2025,SP2025-class 4,30,1905AIDECJ,9,9,,,8.7,Passed,,9,8.5
SP2025,SP2025-class 4,31,1905AHDGHE,7,8,,,7.2,Passed,,7,6.7
SP2025,SP2025-class 4,32,1905AHBJII,8,9,,,8.2,Passed,,8,6
SP2025,SP2025-class 5,1,1905AHJEDE,5,7,,,6.9,Passed,,7,8.5
SP2025,SP2025-class 5,2,1905AHBFBF,7,7,,,6.9,Passed,,7,6.4
SP2025,SP2025-class 5,3,1905AHJJFF,8,8,,,8.2,Passed,,8,9.2
SP2025,SP2025-class 5,4,1905AHJEBI,5,8,,,7.1,Passed,,7,9.2
SP2025,SP2025-class 5,5,1919AGJADJ,6,6,,,6.5,Passed,,6,8.8
SP2025,SP2025-class 5,6,1905AHJEFJ,6,8,,,7.3,Passed,,8,6.7
SP2025,SP2025-class 5,7,0805AHFDED,7,8,,,7.5,Passed,,7,9
SP2025,SP2025-class 5,8,1905AICICD,8,8,,,7.9,Passed,,8,7.3
SP2025,SP2025-class 5,9,0405AIJJDD,7,8,,,7.2,Passed,,7,7.3
SP2025,SP2025-class 5,10,1705AIJJIH,6,7,,,6,Passed,,6,5.6
SP2025,SP2025-class 5,11,1905AIDFJF,7,8,,,7,Passed,,7,6.5
SP2025,SP2025-class 5,12,1905AHJJDD,8,8,,,8,Passed,,8,8.1
SP2025,SP2025-class 5,13,1905AICJHH,6,8,,,7.5,Passed,,8,8.3
SP2025,SP2025-class 5,14,0405AHJAIF,8,8,,,7.8,Passed,,7.5,7.3
SP2025,SP2025-class 5,15,1905AIDHAG,6,8,,,7.2,Passed,,7,8.8
SP2025,SP2025-class 5,16,1905AHJJDG,7,7,,,7.4,Passed,,7,8.8
SP2025,SP2025-class 5,17,1905AHJFIH,7,8,,,7.2,Passed,,7,7.5
SP2025,SP2025-class 5,18,1905AICBDG,5,7,,,6.7,Passed,,7,7.5
SP2025,SP2025-class 5,19,1905AHJJBI,7,6,,,6.8,Passed,,7,6.6
SP2025,SP2025-class 5,20,1905AHBBAB,0,0,,,0,Not Passed,,0,0
SP2025,SP2025-class 5,21,1905AHJJBH,6,7,,,6.3,Passed,,6,7.1
SP2025,SP2025-class 5,22,1905AHJJFD,7,7,,,7.1,Passed,,7,7.7
SP2025,SP2025-class 5,23,1905AHJJDH,7,6,,,6.9,Passed,,7,7.1
SP2025,SP2025-class 5,24,1905AHBCDB,7,8,,,7.1,Passed,,7,6.8
SP2025,SP2025-class 5,25,1905AIBFFH,7,7,,,6.2,Not Passed,,7,3.2
SP2025,SP2025-class 5,26,1905AGCEAA,0,0,,,0,Attendance Fail,,0,0
SP2025,SP2025-class 5,27,1905AGBAGE,0,0,,,0,Attendance Fail,,0,0
SP2025,SP2025-class 5,28,1905AHBGBE,7,7,,,6.8,Passed,,7,6.2
SP2025,SP2025-class 5,29,1905AHDCBE,6,6,,,5.7,Passed,,6,4.8
SP2025,SP2025-class 6,1,1905AHAHCF,5,10,,,7.8,Passed,,5.4,8.8
SP2025,SP2025-class 6,2,1905AGJEAH,0,0,,,1.7,Attendance Fail,,4.5,0
SP2025,SP2025-class 6,3,1905AIFCBA,9,10,,,8.3,Passed,,6.9,9.4
SP2025,SP2025-class 6,4,1905AHJAHB,9,8.6,,,8.1,Passed,,7.4,6.7
SP2025,SP2025-class 6,5,1905AIJBIH,9,9.8,,,8.3,Passed,,8.1,6.9
SP2025,SP2025-class 6,6,1905AHJADI,9,10,,,8.5,Passed,,6,9.2
SP2025,SP2025-class 6,7,1905AFAGJA,0,0,,,0,Attendance Fail,,0,0
SP2025,SP2025-class 6,8,1905AHEJAD,9,9.7,,,7.8,Passed,,6.9,5
SP2025,SP2025-class 6,9,1905AIFCAJ,9,10,,,8.1,Passed,,7.2,8.2
SP2025,SP2025-class 6,10,1905AHJECE,9,10,,,8.2,Passed,,7.9,6.5
SP2025,SP2025-class 6,11,1905AHJJIJ,9,10,,,8.3,Passed,,6.5,8.5
SP2025,SP2025-class 6,12,1905AHJAGG,9,10,,,7.3,Passed,,5,4.2
SP2025,SP2025-class 6,13,1905AHJADD,9,10,,,8.3,Passed,,6.4,8.4
SP2025,SP2025-class 6,14,1905AHAGJD,5,10,,,6.5,Passed,,5.9,4
SP2025,SP2025-class 6,15,1905AFAHHE,0,0,,,0,Attendance Fail,,0,0
SP2025,SP2025-class 6,16,1905AHJAED,9,9.9,,,8.6,Passed,,7.5,9
SP2025,SP2025-class 6,17,1905AIBJFG,9,10,,,8.6,Passed,,8.3,8.1
SP2025,SP2025-class 6,18,1905AIBAJJ,9,9.8,,,7.7,Passed,,7.3,4.4
SP2025,SP2025-class 6,19,1905AGABHI,0,0,,,0,Attendance Fail,,0,0
SP2025,SP2025-class 6,20,1905AIBAJG,9,9.4,,,8.4,Passed,,7.8,7.7
SP2025,SP2025-class 6,21,1905AIJGJI,9,10,,,8.5,Passed,,7.7,8.1
SP2025,SP2025-class 6,22,1905AHJAJF,9,10,,,8.5,Passed,,7.3,8.8
SP2025,SP2025-class 6,23,1905AHCAFC,9,9.9,,,8.1,Passed,,6.9,7.3
SP2025,SP2025-class 6,24,1905AHJBEB,9,10,,,9,Passed,,8.3,8.8
SP2025,SP2025-class 6,25,1905AHEJFF,5,10,,,6.9,Passed,,4.2,6
SP2025,SP2025-class 6,26,1905AIBDDA,9.5,10,,,8.8,Passed,,8.6,9
SP2025,SP2025-class 6,27,1905AIFCJI,9,10,,,8.1,Passed,,6.7,8.5
SP2025,SP2025-class 6,28,1905AICAAB,9,9.3,,,7.9,Passed,,6.2,8.1
SP2025,SP2025-class 6,29,1919AEJAED,9.5,10,,,8,Passed,,8,5
SP2025,SP2025-class 6,30,1905AIBFDE,9.5,10,,,8.9,Passed,,9,9
SP2025,SP2025-class 6,31,1905AHJAHF,9,10,,,8.5,Passed,,7,9
SP2025,SP2025-class 6,32,1905AHBACD,9.5,10,,,8.6,Passed,,8.5,7.7
SP2025,SP2025-class 6,33,1905AHAFIE,5,10,,,7.4,Passed,,7,6.9
SP2025,SP2025-class 6,34,1905AHJABF,9,10,,,8.1,Passed,,4.4,8.5
SP2025,SP2025-class 7,1,1905AHJCJH,8,10,,,8.2,Passed,,7.8,8.1
SP2025,SP2025-class 7,2,1905AHJDIB,6,10,,,8,Passed,,9,8.1
SP2025,SP2025-class 7,3,1905AHCGGI,8,10,,,8,Passed,,9,7.7
SP2025,SP2025-class 7,4,1905AHJCAI,6,10,,,8,Passed,,9.3,8.1
SP2025,SP2025-class 7,5,1905AHAGFC,8,10,,,8.6,Passed,,9,8.5
SP2025,SP2025-class 7,6,1905AHJCAE,8,10,,,7.6,Passed,,8.8,8.1
SP2025,SP2025-class 7,7,1905AICGEI,8,10,,,8.4,Passed,,4.5,7.3
SP2025,SP2025-class 7,8,1905AHJBIA,6,10,,,7.1,Passed,,9,6.3
SP2025,SP2025-class 7,9,1905AHBJHI,8,10,,,8.9,Passed,,9,8.3
SP2025,SP2025-class 7,10,1919AHAJGD,8,10,,,9,Passed,,9,8.1
SP2025,SP2025-class 7,11,1905AHBDBE,8,10,,,8.4,Passed,,9.3,5.8
SP2025,SP2025-class 7,12,1905AHJCJI,8,10,,,8.2,Passed,,9.3,7.1
SP2025,SP2025-class 7,13,1905AIJJEA,8,10,,,8,Passed,,9.8,7.3
SP2025,SP2025-class 7,14,1905AHJBID,6,10,,,6.8,Passed,,9.8,4.8
SP2025,SP2025-class 7,15,1905AHBJEE,8,10,,,8.5,Passed,,9.3,8.1
SP2025,SP2025-class 7,16,1905AHAIFH,8,10,,,8.4,Passed,,7.8,8.3
SP2025,SP2025-class 7,17,1905AHAHDC,8,10,,,8.7,Passed,,9.5,8.5
SP2025,SP2025-class 7,18,1905AHBAJG,8,10,,,8.7,Passed,,9.3,7.1
SP2025,SP2025-class 7,19,1905AHJBAG,6,10,,,7.1,Passed,,9,6.7
SP2025,SP2025-class 7,20,1905AHAEDH,6,10,,,8,Passed,,9,8.1
SP2025,SP2025-class 7,21,1905AHCBGF,8,10,,,9.1,Passed,,10,8.8
SP2025,SP2025-class 7,22,1905AHDIHJ,8,10,,,7.7,Passed,,9,6.3
SP2025,SP2025-class 7,23,1905AHJCCA,6,10,,,7.8,Passed,,7.8,7.7
SP2025,SP2025-class 7,24,1905AHJCAF,8,10,,,8.5,Passed,,9.8,8.3
SP2025,SP2025-class 7,25,1905AHJBFF,6,10,,,7.2,Passed,,9.5,6.6
SP2025,SP2025-class 7,26,1905AIJGIG,8,10,,,8.8,Passed,,6,8.8
SP2025,SP2025-class 8,1,1905AHJCEA,9,9.5,,,8.7,Passed,,8.8,9
SP2025,SP2025-class 8,2,1905AHJDJJ,2,9,,,4.2,Not Passed,,5.5,0
SP2025,SP2025-class 8,3,1905AHAIBF,6,9.5,,,6.7,Passed,,7.5,5
SP2025,SP2025-class 8,4,1905AHBFCF,9,9.5,,,8.4,Passed,,9,7.7
SP2025,SP2025-class 8,5,1905AHCJBC,8,9.5,,,8.3,Passed,,8.5,8.3
SP2025,SP2025-class 8,6,1905AHJCGD,7.5,8,,,7.1,Passed,,8,5
SP2025,SP2025-class 8,7,1905AGBEBD,7.5,9,,,8,Passed,,8,8.1
SP2025,SP2025-class 8,8,1905AICHEB,8,9.5,,,8,Passed,,8.5,6.7
SP2025,SP2025-class 8,9,1905AHDEHD,6.5,9.5,,,7.5,Passed,,8,7.9
SP2025,SP2025-class 8,10,1905AHJCFI,9,9.5,,,8.7,Passed,,8.8,9
SP2025,SP2025-class 8,11,1905AHJDGJ,3,9,,,4.2,Not Passed,,7,0
SP2025,SP2025-class 8,12,1905AHDEFG,6.5,9.5,,,7.3,Passed,,8,7.1
SP2025,SP2025-class 8,13,1905AHJDBJ,9,9.5,,,8.4,Passed,,9,8.1
SP2025,SP2025-class 8,14,1905AHJCDI,9,9.5,,,8.6,Passed,,8.8,8.5
SP2025,SP2025-class 8,15,1905AHJDIE,6,9,,,6.7,Passed,,7,8.1
SP2025,SP2025-class 8,16,1905AHJFJE,7.5,8,,,7.1,Passed,,8,5
SP2025,SP2025-class 8,17,1905AHDEGA,6.5,9,,,7.2,Passed,,8,6.9
SP2025,SP2025-class 8,18,1905AHJCAD,9,9.5,,,8.7,Passed,,8.8,8.8
SP2025,SP2025-class 8,19,1905AHJCFH,6.5,9,,,7.5,Passed,,8,8.1
SP2025,SP2025-class 8,20,1905AHDFCB,8,9,,,7.8,Passed,,7.5,9
SP2025,SP2025-class 8,21,0805AHFEAE,7.5,9.5,,,8.1,Passed,,8,8.5
SP2025,SP2025-class 8,22,1905AHJDDG,8,8,,,6.5,Not Passed,,7.5,2.8
SP2025,SP2025-class 8,23,1905AGAGAC,7.5,9.5,,,8,Passed,,8,8.1
SP2025,SP2025-class 8,24,1905AHJEJF,6,9.5,,,6.9,Passed,,7,9
SP2025,SP2025-class 8,25,1905AHJDBE,8,9.5,,,8.1,Passed,,8.5,7.3
SP2025,SP2025-class 8,26,1905AHJDGA,6,9,,,6.6,Passed,,7,7.5
SP2025,SP2025-class 8,27,1905AHJCII,8,9.5,,,7.5,Passed,,7.5,6.9
SP2025,SP2025-class 8,28,1905AHCJEH,8,9,,,7.6,Passed,,8.5,5
SP2025,SP2025-class 8,29,1905AHJDJE,7.5,8,,,6.9,Passed,,8,4
SP2025,SP2025-class 8,30,1905AGABBB,7.5,9.5,,,7.9,Passed,,8,7.5
SP2025,SP2025-class 8,31,1905AHBDBC,7.5,8,,,7.2,Passed,,8,5.6
SP2025,SP2025-class 8,32,1905AHJDAC,9,9,,,8.4,Passed,,9,8.1
SP2025,SP2025-class 8,33,1905AHJDIJ,6,8,,,6.5,Passed,,7.5,4.8
SP2025,SP2025-class 8,34,1905AHJDGF,6,9,,,7.3,Passed,,7.5,8.2
SP2025,SP2025-class 8,35,1905AICJBJ,9,9.5,,,8.5,Passed,,9,8.3
SP2025,SP2025-class 9,1,1905AHBJDA,7.8,8.3,,,8.1,Passed,,7.3,8.5
SP2025,SP2025-class 9,2,1905AHJAHA,8.2,7.7,,,6.9,Passed,,9.1,7.7
SP2025,SP2025-class 9,3,1905AHJGHG,8.4,8.5,,,7.8,Passed,,6.8,5.8
SP2025,SP2025-class 9,4,1905AHDIGJ,8.8,9.4,,,8.5,Passed,,9.4,7.5
SP2025,SP2025-class 9,5,1905AHJEBJ,6.6,6.7,,,6.2,Passed,,5.1,4.8
SP2025,SP2025-class 9,6,1905AHBJBD,8,8.3,,,8.3,Passed,,6.3,8.3
SP2025,SP2025-class 9,7,1905AHJJFI,8.7,8.8,,,7.9,Passed,,8.1,6
SP2025,SP2025-class 9,8,1905AHCEAE,7.8,8.8,,,8.1,Passed,,8.6,7.5
SP2025,SP2025-class 9,9,1905AHDACB,8.8,9.2,,,8.7,Passed,,8.9,8.5
SP2025,SP2025-class 9,10,1905AHJEEG,8.7,9.4,,,8.4,Passed,,9.9,7.5
SP2025,SP2025-class 9,11,1905AHJEBB,8.2,7.7,,,6.7,Passed,,9,6.8
SP2025,SP2025-class 9,12,1905AHJEHJ,8.7,9.4,,,8.7,Passed,,10,9
SP2025,SP2025-class 9,13,1905AHJEHI,7.2,7.6,,,5.9,Not Passed,,6.4,0
SP2025,SP2025-class 9,14,1905AHAIID,0,0,,,0,Attendance Fail,,0,0
SP2025,SP2025-class 9,15,1905AHBHJH,8.4,8.9,,,8.4,Passed,,8.1,7.5
SP2025,SP2025-class 9,16,1905AHBGID,8.4,8.5,,,7.7,Passed,,6.9,5.2
SP2025,SP2025-class 9,17,1905AHJECD,8.2,7.8,,,7,Passed,,8.8,7.9
SP2025,SP2025-class 9,18,1905AHCEBJ,7.8,9.1,,,8.2,Passed,,9.6,7.3
SP2025,SP2025-class 9,19,1905AHAIFB,7.8,7.1,,,7,Passed,,3.5,5.2
SP2025,SP2025-class 9,20,1905AHDBDF,8.2,7.8,,,6.7,Passed,,9.3,7
SP2025,SP2025-class 9,21,1905AHJEDF,4.8,6.7,,,6.5,Passed,,7.2,8.1
SP2025,SP2025-class 9,22,1905AIAABE,8,8,,,7.7,Passed,,5.4,5.8
SP2025,SP2025-class 9,23,1905AHJBHJ,8.7,9.2,,,8.3,Passed,,9.6,7.5
SP2025,SP2025-class 9,24,1905AHJAFB,8.2,7.8,,,6.5,Passed,,9.4,5.6
SP2025,SP2025-class 9,25,1905AHBHED,8,9.4,,,8.8,Passed,,9.6,8.8
SP2025,SP2025-class 9,26,1905AHAIII,7.2,7.1,,,6.9,Passed,,4.9,6
SP2025,SP2025-class 9,27,1905AGJCDH,6.6,7.9,,,6.9,Passed,,8.6,6
SP2025,SP2025-class 9,28,1905AHEJBB,8.8,8.6,,,7.9,Passed,,7.2,6
SP2025,SP2025-class 9,29,1905AHAHFC,8,9.3,,,8.7,Passed,,9.4,8.1
SP2025,SP2025-class 9,30,1905AHJEFA,4.8,6.8,,,6.5,Passed,,7.5,7.9
SP2025,SP2025-class 9,31,1905AHJEID,6.6,8.2,,,7.7,Passed,,9.6,9.4
SP2025,SP2025-class 9,32,1905AHAGFJ,8.8,9.2,,,8.3,Passed,,9,6.9
SP2025,SP2025-class 9,33,1905AHBGHH,8.4,9.2,,,8.5,Passed,,9,7.5
SP2025,SP2025-class 9,34,1905AHJEEJ,4.8,7.2,,,5.8,Passed,,8.6,4
SP2025,SP2025-class 9,35,1905AHDJGD,6.6,7.1,,,6.8,Passed,,6.4,6.8
SP2025,SP2025-class 10,1,1905AHBGDA,7,8,,,7.1,Passed,,7.5,5.8
SP2025,SP2025-class 10,2,1905AIBAEA,8.5,8,,,8,Passed,,8.8,6.7
SP2025,SP2025-class 10,3,1905AHAGIC,8.5,9,,,8.1,Passed,,8.8,6.5
SP2025,SP2025-class 10,4,1905AHAHFG,8,9.5,,,8,Passed,,8.5,6.7
SP2025,SP2025-class 10,5,1905AHDEEB,7.5,9.5,,,7.7,Passed,,7.5,7.7
SP2025,SP2025-class 10,6,1905AHAIBH,8,9,,,8.3,Passed,,8.5,8.5
SP2025,SP2025-class 10,7,1905AHAHJC,8,9,,,8.4,Passed,,8.5,8.8
SP2025,SP2025-class 10,8,1905AEJGEJ,8,8,,,8.1,Passed,,9,7.1
SP2025,SP2025-class 10,9,1905AHJDBC,7.5,8,,,7.1,Passed,,7.5,5.2
SP2025,SP2025-class 10,10,1905AHBJFG,7,8,,,6.4,Not Passed,,7.5,2.7
SP2025,SP2025-class 10,11,1905AHAGEB,8,9.5,,,8.2,Passed,,8.5,7.7
SP2025,SP2025-class 10,12,1905AGBDGE,8.5,8,,,8.5,Passed,,8.8,9
SP2025,SP2025-class 10,13,1905AIDACB,6,9,,,6.8,Passed,,7.5,7.7
SP2025,SP2025-class 10,14,1905AHCJIE,7,8,,,7.1,Passed,,7.5,6
SP2025,SP2025-class 10,15,1905AIDADE,7,9.5,,,7.2,Passed,,7.5,7.7
SP2025,SP2025-class 10,16,1905AGCDAE,7,9,,,6.9,Passed,,8,4.2
SP2025,SP2025-class 10,17,1905AHAHFD,7,9.5,,,7.6,Passed,,8,7.3
SP2025,SP2025-class 10,18,1905AHBEDC,8,9,,,8.6,Passed,,9,9
SP2025,SP2025-class 10,19,1905AICDDH,6,9,,,6.8,Passed,,7.5,7.7
SP2025,SP2025-class 10,20,1905AHCECI,7,9,,,7,Passed,,7.5,4.8
SP2025,SP2025-class 10,21,1905AHAGII,8,9.5,,,8.3,Passed,,8.5,8.3
SP2025,SP2025-class 10,22,1905AHAIAH,0,0,,,0,Attendance Fail,,0,0
SP2025,SP2025-class 10,23,1905AGCJFB,8,9,,,7.7,Passed,,9,4.8
SP2025,SP2025-class 10,24,1905AHAHGB,8,9,,,8.2,Passed,,8.5,7.9
SP2025,SP2025-class 10,25,1905AHBJAA,8,9.5,,,8,Passed,,8.8,6.9
SP2025,SP2025-class 10,26,1905AHJAIC,8,9,,,8.1,Passed,,9,6.9
SP2025,SP2025-class 10,27,1905AHAIDA,7.5,9,,,7.5,Passed,,7.5,7.1
SP2025,SP2025-class 10,28,1905AHBAAG,8,9.5,,,8.3,Passed,,8.8,8.3
SP2025,SP2025-class 10,29,1905AHAIHF,8,9.5,,,8.2,Passed,,8.8,7.9
SP2025,SP2025-class 10,30,1905AHAHJE,7,9.5,,,7.9,Passed,,8,9
SP2025,SP2025-class 10,31,1905AHBAJA,8,9.5,,,8.4,Passed,,8.8,9
SP2025,SP2025-class 10,32,1905AHJAFE,7,8,,,7.4,Passed,,8,7.1
SP2025,SP2025-class 10,33,1905AHAGIG,8.5,9,,,8.5,Passed,,8.8,8.3
SP2025,SP2025-class 10,34,1905AHAHAD,8,9,,,8.2,Passed,,8.5,8.1
SP2025,SP2025-class 10,35,1905AHAHJA,8,9,,,8.5,Passed,,8.5,9.2
SP2025,SP2025-class 11,1,1905AICHJC,8,10,,,9,Passed,,9.5,7.5
SP2025,SP2025-class 11,2,1905AIDDEI,8,10,,,8.7,Passed,,9.3,8.1
SP2025,SP2025-class 11,3,1905AICAAD,10,10,,,9.6,Passed,,9.5,8.8
SP2025,SP2025-class 11,4,1905AHAGGA,7,10,,,9,Passed,,9.3,8.5
SP2025,SP2025-class 11,5,1905AHAIIG,7,10,,,8.3,Passed,,9,6.3
SP2025,SP2025-class 11,6,1905AHAIDC,7,10,,,8.3,Passed,,9.8,8.3
SP2025,SP2025-class 11,7,1905AICDHC,8,10,,,9.1,Passed,,9.5,7.7
SP2025,SP2025-class 11,8,1905AIBEBG,10,10,,,8.9,Passed,,9.5,6.7
SP2025,SP2025-class 11,9,1905AGAECF,7,10,,,8.5,Passed,,9,6
SP2025,SP2025-class 11,10,1905AGBGFA,7,10,,,8.4,Passed,,8.3,7.3
SP2025,SP2025-class 11,11,1905AIBAIG,10,10,,,9.8,Passed,,9.5,9.2
SP2025,SP2025-class 11,12,1905AHDDJJ,8,6,,,8.8,Passed,,9.5,9
SP2025,SP2025-class 11,13,1905AICIBE,8,10,,,8.5,Passed,,9.8,8.1
SP2025,SP2025-class 11,14,1905AHAIEG,7,10,,,8.3,Passed,,9,8.5
SP2025,SP2025-class 11,15,1905AIBADD,8,6,,,8.5,Passed,,9.3,7.7
SP2025,SP2025-class 11,16,1905AICBEH,8,10,,,9.4,Passed,,9.3,9
SP2025,SP2025-class 11,17,1905AHAIHE,7,10,,,8.6,Passed,,9.3,8.1
SP2025,SP2025-class 11,18,1905AICBCC,10,10,,,8.6,Passed,,9.5,5.2
SP2025,SP2025-class 11,19,1905AIDAJB,8,10,,,8.2,Passed,,9.3,6.7
SP2025,SP2025-class 11,20,1905AHJCHD,7,10,,,9.3,Passed,,8.8,9.2
SP2025,SP2025-class 11,21,1905AHBJJD,7,10,,,9,Passed,,9.5,9.4
SP2025,SP2025-class 11,22,1905AIBJIG,8,6,,,8.8,Passed,,9.5,9.2
SP2025,SP2025-class 11,23,1905AHBJJE,7,10,,,8.9,Passed,,9.8,9
SP2025,SP2025-class 11,24,1905AHDDJH,8,6,,,8.1,Passed,,9.3,6
SP2025,SP2025-class 11,25,1905AHAIEH,7,10,,,8.4,Passed,,9.3,9
SP2025,SP2025-class 11,26,1905AICFCF,8,10,,,9.4,Passed,,10,9
SP2025,SP2025-class 11,27,1905AHAIED,7,10,,,8.2,Passed,,8.8,8.6
SP2025,SP2025-class 12,1,1905AIAADG,9,10,,,8.6,Passed,,8.4,9
SP2025,SP2025-class 12,2,1905AHBBAH,8,9.3,,,8,Passed,,6.7,6.9
SP2025,SP2025-class 12,3,1905AIBHBG,8,10,,,7.5,Passed,,7.3,4
SP2025,SP2025-class 12,4,1905AGAEJH,0,0,,,0,Attendance Fail,,0,0
SP2025,SP2025-class 12,5,1905AHBAAH,9,10,,,8.2,Passed,,5.2,7.9
SP2025,SP2025-class 12,6,1905AHBAGJ,8,8.6,,,7.4,Passed,,7.4,7.3
SP2025,SP2025-class 12,7,1905AHJGAE,8,10,,,8.3,Passed,,7.4,7.9
SP2025,SP2025-class 12,8,1905AGBFGB,0,5.3,,,0.5,Attendance Fail,,0,0
SP2025,SP2025-class 12,9,1905AIBABA,8.5,9.5,,,8.2,Passed,,6.4,7.9
SP2025,SP2025-class 12,10,1905AIBJEB,9.5,8.6,,,8.3,Passed,,8.8,7.1
SP2025,SP2025-class 12,11,1905AHBDIH,8.5,8.9,,,8.3,Passed,,7,8.8
SP2025,SP2025-class 12,12,1905AHBJHB,9,10,,,8.1,Passed,,5.2,7.7
SP2025,SP2025-class 12,13,1905AIBJHI,8.5,9.7,,,7.8,Passed,,8.1,5
SP2025,SP2025-class 12,14,1905AHDCII,8.5,7.8,,,7.9,Passed,,8.6,6.2
SP2025,SP2025-class 12,15,1905AIBJAE,9,10,,,8.4,Passed,,8.4,7.9
SP2025,SP2025-class 12,16,1905AHBBJH,8.5,8.4,,,7.5,Passed,,6.3,5.6
SP2025,SP2025-class 12,17,1905AHDHIC,0,0,,,0,Attendance Fail,,0,0
SP2025,SP2025-class 12,18,1905AHBAGC,9.5,7.6,,,8.2,Passed,,6.9,8.3
SP2025,SP2025-class 12,19,1905AHBAIF,8.5,6.8,,,7.2,Passed,,7.5,4.4
SP2025,SP2025-class 12,20,1905AHBACB,9,10,,,8.1,Passed,,4.8,7.7
SP2025,SP2025-class 12,21,1905AHJFFE,8.5,0,,,1.3,Attendance Fail,,4.5,0
SP2025,SP2025-class 12,22,1905AHBBBJ,0,5.3,,,0.5,Attendance Fail,,0,0
SP2025,SP2025-class 12,23,1905AHBEAJ,8.5,7.1,,,8.1,Passed,,8.4,7.9
SP2025,SP2025-class 12,24,1905AIBJCI,9,10,,,8.2,Passed,,8.5,6.9
SP2025,SP2025-class 12,25,1905AHDICI,8,10,,,7.8,Passed,,6.5,5.8
SP2025,SP2025-class 12,26,1905AHDJJE,9.5,7.3,,,7.7,Passed,,8.4,5.6
SP2025,SP2025-class 12,27,1905AIBJEJ,9,10,,,8.2,Passed,,8.1,7.1
SP2025,SP2025-class 12,28,1905AHBBAA,8,7.7,,,6.8,Passed,,8.3,4
SP2025,SP2025-class 12,29,1905AHBBDJ,8,10,,,8.4,Passed,,6.7,9
SP2025,SP2025-class 12,30,1905AHBACE,8,8,,,7.4,Passed,,7.2,4.4
SP2025,SP2025-class 12,31,1905AHBADA,9.5,7.2,,,8.1,Passed,,7.7,7.7
SP2025,SP2025-class 12,32,1905AICCAB,0,0,,,0,Attendance Fail,,0,0
SP2025,SP2025-class 12,33,1905AHBBJG,8,8.8,,,6.9,Passed,,7.9,4.4
SP2025,SP2025-class 12,34,1905AHBAFI,9,8.9,,,8,Passed,,4.7,7.7
SP2025,SP2025-class 12,35,1905AHBBJC,8,8.4,,,7.6,Passed,,6.9,8.5
SP2025,SP2025-class 13,1,1905AHDHHI,9,8.1,,,8.1,Passed,,7,8.8
SP2025,SP2025-class 13,2,1905AIDCJA,0,0,,,0,Attendance Fail,,0,0
SP2025,SP2025-class 13,3,1905AGADFC,8.5,9.4,,,7.5,Passed,,6.7,5
SP2025,SP2025-class 13,4,1905AICGDD,9,7.6,,,8.2,Passed,,6.7,6.5
SP2025,SP2025-class 13,5,1905AHJEHB,8.5,7.6,,,7.4,Passed,,5.9,7.5
SP2025,SP2025-class 13,6,1905AHAGDI,8.5,6.4,,,6.5,Not Passed,,7,3.8
SP2025,SP2025-class 13,7,1905AHBBCE,8.5,7,,,6.4,Passed,,4.2,4.4
SP2025,SP2025-class 13,8,1905AIDFHC,9,8.1,,,8.7,Passed,,8,8.3
SP2025,SP2025-class 13,9,1905AHBBGI,9,8.1,,,7.8,Passed,,7,7.2
SP2025,SP2025-class 13,10,1905AHBCHG,8.5,9.6,,,7.1,Passed,,5.2,6
SP2025,SP2025-class 13,11,1905AGAACB,0,0,,,0,Attendance Fail,,0,0
SP2025,SP2025-class 13,12,1905AFJEJA,8.5,7.9,,,7.1,Passed,,5.3,5.4
SP2025,SP2025-class 13,13,1905AHBDHF,1,7.2,,,6.7,Passed,,5.2,6.9
SP2025,SP2025-class 13,14,1905AHBCGF,8.5,7.3,,,5,Not Passed,,2.8,6.6
SP2025,SP2025-class 13,15,1905AIBEDB,9.5,8.1,,,7.9,Passed,,7.7,4.8
SP2025,SP2025-class 13,16,1905AHCDAE,9.5,7.6,,,8.4,Passed,,7.3,8
SP2025,SP2025-class 13,17,1905AHBCGE,8.5,7.7,,,6.7,Passed,,4.5,5
SP2025,SP2025-class 13,18,1905AIDJAG,9,6.7,,,8.5,Passed,,8.1,7.7
SP2025,SP2025-class 13,19,1905AHBCFG,8.5,7.4,,,5.1,Not Passed,,3.7,6.8
SP2025,SP2025-class 13,20,1905AICEIE,0,0,,,0,Attendance Fail,,0,0
SP2025,SP2025-class 13,21,1905AHJJCG,8.5,6.5,,,6.5,Passed,,3.5,4.8
SP2025,SP2025-class 13,22,1905AHBCIE,8.5,8.9,,,7.2,Passed,,4.2,7.5
SP2025,SP2025-class 13,23,1905AIBFGB,9.5,9.4,,,8.6,Passed,,8.3,7.7
SP2025,SP2025-class 13,24,1905AHBDBI,8.5,7.2,,,3.4,Not Passed,,0.5,0
SP2025,SP2025-class 13,25,1901AGJJHJ,8.5,6.8,,,7.2,Passed,,6.9,6.5
SP2025,SP2025-class 13,26,1905AHBJGF,8.5,10,,,8.4,Passed,,6.8,8.5
SP2025,SP2025-class 13,27,1905AHBHHD,9,6.7,,,8.1,Passed,,6.8,6.4
SP2025,SP2025-class 13,28,1905AIBGEA,9.5,8.4,,,8.4,Passed,,8,7.1
SP2025,SP2025-class 13,29,1905AHDBFE,8.5,6.1,,,6.9,Passed,,6.5,6
SP2025,SP2025-class 13,30,1905AHBBHJ,9,8.6,,,8.2,Passed,,7.3,8.5
SP2025,SP2025-class 13,31,1905AHDBCF,8.5,7.7,,,7.3,Passed,,3.5,8.2
SP2025,SP2025-class 13,32,1905AIBIFA,8.5,10,,,8,Passed,,8,5.4
SP2025,SP2025-class 13,33,1905AHBHFC,8.5,8.4,,,8,Passed,,7.3,9.2
SP2025,SP2025-class 13,34,1905AIBCBG,8.5,10,,,7.6,Passed,,7.2,4.4
SP2025,SP2025-class 13,35,1905AHBCGB,8.5,6.3,,,3.3,Not Passed,,0.5,0
SP2025,SP2025-class 14,1,1905AHDBHJ,9,7.8,,,8,Passed,,7.3,8.1
SP2025,SP2025-class 14,2,1905AHBFHF,7,6.5,,,5.2,Passed,,1.9,5.2
SP2025,SP2025-class 14,3,1905AHBGCC,6,9.7,,,8,Passed,,4.9,9.2
SP2025,SP2025-class 14,4,1905AHAGGE,8,9.1,,,7.4,Passed,,5.3,6.9
SP2025,SP2025-class 14,5,1905AHBEII,7,8.1,,,2,Attendance Fail,,5.3,0
SP2025,SP2025-class 14,6,1905AHBFGC,8.5,7.2,,,8,Passed,,7.3,7.9
SP2025,SP2025-class 14,7,1905AIBEDE,7,7.2,,,2,Attendance Fail,,5.8,0
SP2025,SP2025-class 14,8,1905AHBFII,8.5,10,,,8.1,Passed,,8,8.3
SP2025,SP2025-class 14,9,1905AIJAJE,9,8.6,,,7.8,Passed,,6.9,6.9
SP2025,SP2025-class 14,10,1905AHCEAB,9,8.1,,,8.3,Passed,,7.3,7.7
SP2025,SP2025-class 14,11,1905AHBFIH,7,8.4,,,6.4,Passed,,3.8,8.5
SP2025,SP2025-class 14,12,1905AHBGJC,8,8.1,,,7.7,Passed,,5.5,8.8
SP2025,SP2025-class 14,13,1905AHBGBC,8.5,10,,,7.8,Passed,,7.3,6.9
SP2025,SP2025-class 14,14,1905AHBFHB,6,8.5,,,6.4,Passed,,5.3,7.7
SP2025,SP2025-class 14,15,1905AHBGAC,8.5,7.2,,,8,Passed,,7.3,7.9
SP2025,SP2025-class 14,16,1905AHCEDA,9,7.4,,,8,Passed,,5.7,7.7
SP2025,SP2025-class 14,17,1905AHBGJA,7,0,,,1,Attendance Fail,,3,0
SP2025,SP2025-class 14,18,1905AHJFHA,9,8.2,,,8,Passed,,6.5,8.3
SP2025,SP2025-class 14,19,1905AHBGJB,7,8,,,5.6,Passed,,2.7,5.4
SP2025,SP2025-class 14,20,1905AHBFFB,8,7.9,,,7.6,Passed,,6.7,7.9
SP2025,SP2025-class 14,21,1905AHBGBI,9,8.1,,,7.9,Passed,,5.7,6.7
SP2025,SP2025-class 14,22,1905AHBFIF,8.5,7.9,,,7.9,Passed,,6.8,7.5
SP2025,SP2025-class 14,23,1905AIDFEG,9,8.7,,,8,Passed,,7.5,7.7
SP2025,SP2025-class 14,24,1905AHBHJB,8,8.7,,,7.8,Passed,,5.5,9
SP2025,SP2025-class 14,25,1905AHBGBA,6,9.6,,,6.3,Passed,,5.4,6.7
SP2025,SP2025-class 14,26,1905AHCDAF,7,8.6,,,2.2,Attendance Fail,,6,0
SP2025,SP2025-class 14,27,1905AHBFCH,8.5,10,,,7.7,Passed,,7,6.5
SP2025,SP2025-class 14,28,1905AHBFEB,8,10,,,7.5,Passed,,5.4,6.9
SP2025,SP2025-class 14,29,1905AHBGBB,8,9.6,,,7.8,Passed,,7.3,7.7
SP2025,SP2025-class 14,30,1905AHBFFH,6,9.4,,,5.9,Passed,,4.8,5.4
SP2025,SP2025-class 14,31,1905AHBGCG,8,9.3,,,7.6,Passed,,5.7,7.9
SP2025,SP2025-class 14,32,1905AHAGGF,8,9.3,,,7.7,Passed,,5.2,8.3
SP2025,SP2025-class 14,33,1905AHBFGA,8.5,7.5,,,7.9,Passed,,6.5,7.9
SP2025,SP2025-class 14,34,1905AHBFIA,8.5,10,,,8.2,Passed,,8.5,8.3
SP2025,SP2025-class 14,35,0524BEJJJI,9,9.1,,,8.4,Passed,,8.3,6.5
SP2025,SP2025-class 15,1,1905AHDEHB,8,9,,,7.1,Passed,,8,4.6
SP2025,SP2025-class 15,2,1905AIJBIA,8,10,,,8.8,Passed,,9.9,8.8
SP2025,SP2025-class 15,3,1905AIJJHD,8,10,,,8.8,Passed,,9.4,9
SP2025,SP2025-class 15,4,1905AHBGGC,8,9,,,7.7,Passed,,8.8,7.3
SP2025,SP2025-class 15,5,1905AHDCBF,8,9,,,7.5,Passed,,9.1,7.1
SP2025,SP2025-class 15,6,1905AHAFED,8,10,,,8.3,Passed,,8.7,9
SP2025,SP2025-class 15,7,1905AHAFJD,8,9,,,8.2,Passed,,9.1,9.2
SP2025,SP2025-class 15,8,1905AHDFID,7,9,,,7.6,Passed,,8.3,7.7
SP2025,SP2025-class 15,9,1905AIBAAD,9,10,,,7.7,Passed,,8.6,5
SP2025,SP2025-class 15,10,1905AHBHAD,8,9,,,8.1,Passed,,9.1,7.5
SP2025,SP2025-class 15,11,1905AHJJIA,8,10,,,7.9,Passed,,8.7,6.3
SP2025,SP2025-class 15,12,1905AHBGGA,8,9,,,4.9,Not Passed,,8,0
SP2025,SP2025-class 15,13,1905AHJACB,8,9,,,7.5,Passed,,8.4,5.8
SP2025,SP2025-class 15,14,1905AHBGFD,8,9,,,7.6,Passed,,8.3,5.4
SP2025,SP2025-class 15,15,1905AHBHEA,8,9,,,7.4,Passed,,8.6,5.8
SP2025,SP2025-class 15,16,1905AHDDAI,8,9,,,7.7,Passed,,8,6.5
SP2025,SP2025-class 15,17,1919AHJEHA,8,10,,,8.1,Passed,,8.3,8.5
SP2025,SP2025-class 15,18,1905AHDADD,8,9,,,8,Passed,,9,6.7
SP2025,SP2025-class 15,19,1905AHBGEE,8,10,,,8.2,Passed,,9.2,8.3
SP2025,SP2025-class 15,20,1905AHDDCJ,8,10,,,7.2,Passed,,8,4.6
SP2025,SP2025-class 15,21,1905AHBHGH,8,10,,,8.5,Passed,,9.2,9
SP2025,SP2025-class 15,22,1905AHCCFC,8,10,,,7.7,Passed,,8.5,5.4
SP2025,SP2025-class 15,23,1905AHJEGI,8,9,,,8,Passed,,8.9,6.7
SP2025,SP2025-class 15,24,1905AGJDCJ,8,9,,,7.1,Not Passed,,8.5,2.8
SP2025,SP2025-class 15,25,1905AHCBJA,8,10,,,7.9,Passed,,8.5,5.6
SP2025,SP2025-class 15,26,1905AHBHAA,7,9,,,5,Not Passed,,8.8,0
SP2025,SP2025-class 15,27,1905AHDGCI,8,9,,,7.9,Passed,,9.2,6.5
SP2025,SP2025-class 15,28,1905AIFDBA,9,10,,,8.5,Passed,,9,8.3
SP2025,SP2025-class 15,29,1905AHDDBC,8,9,,,8.3,Passed,,8,8.3
SP2025,SP2025-class 15,30,1905AHJDHH,8,10,,,7.8,Passed,,8.9,6
SP2025,SP2025-class 15,31,1905AIJCEC,9,10,,,8.1,Passed,,9.3,4.8
SP2025,SP2025-class 15,32,1905AIBABG,8,9,,,7,Passed,,8.1,4
SP2025,SP2025-class 15,33,1905AIBBDA,8,10,,,7.3,Passed,,8.4,4.8
SP2025,SP2025-class 15,34,1905AIJAHJ,9,10,,,8.7,Passed,,9.2,8
SP2025,SP2025-class 15,35,1905AIFCJF,8,9,,,8.1,Passed,,8.9,9
SP2025,SP2025-class 16,1,1905AIDGJD,7.7,6.6,,,6.3,Passed,,4.9,6
SP2025,SP2025-class 16,2,1905AHCAAF,7.2,7.6,,,6.8,Passed,,8.4,6.9
SP2025,SP2025-class 16,3,1905AHCJAA,7.9,7.6,,,7.4,Passed,,6,7.3
SP2025,SP2025-class 16,4,1905AGCFFC,0,0,,,0,Attendance Fail,,0,0
SP2025,SP2025-class 16,5,1905AHJJBF,9.1,8.5,,,8.3,Passed,,6.7,8.1
SP2025,SP2025-class 16,6,1905AHCBCG,7.7,7.8,,,7,Passed,,8.6,7.1
SP2025,SP2025-class 16,7,1905AHBIIC,7.9,8.3,,,7.7,Passed,,8.1,7.5
SP2025,SP2025-class 16,8,1905AHCJJI,5.2,6.4,,,6.3,Passed,,6.4,8.1
SP2025,SP2025-class 16,9,1905AHBICF,7.4,6.8,,,6.8,Passed,,6.5,9.2
SP2025,SP2025-class 16,10,1905AGBCBD,8.6,8.5,,,8,Passed,,7.3,6.7
SP2025,SP2025-class 16,11,1905AHAIEA,9.1,8.3,,,8.5,Passed,,6.1,9.4
SP2025,SP2025-class 16,12,1905AHBIAD,7.2,7.4,,,7.6,Passed,,4.9,8.1
SP2025,SP2025-class 16,13,1905AIFBEI,5.2,6.9,,,6.4,Passed,,8,7.5
SP2025,SP2025-class 16,14,1905AHCABE,7.2,7.7,,,7.2,Passed,,8.9,9.2
SP2025,SP2025-class 16,15,1905AHCBCI,7.8,7.5,,,7.4,Passed,,5.4,6.9
SP2025,SP2025-class 16,16,1905AHCJIC,7.2,7.5,,,6.6,Passed,,8.1,6
SP2025,SP2025-class 16,17,1905AHCABG,7.2,7.8,,,7.7,Passed,,6.2,7.7
SP2025,SP2025-class 16,18,1905AIJJDH,7.2,7.9,,,7.5,Passed,,6.1,5.8
SP2025,SP2025-class 16,19,1905AIDHEH,5.2,5.9,,,5.9,Passed,,4.8,7.1
SP2025,SP2025-class 16,20,1905AHBHGI,7.9,8.2,,,7.2,Passed,,7.8,5
SP2025,SP2025-class 16,21,1905AHCJGF,7.2,7.8,,,7.8,Passed,,6.2,8.2
SP2025,SP2025-class 16,22,1905AHCICH,7.2,7.8,,,7.9,Passed,,5.8,8.1
SP2025,SP2025-class 16,23,1905AHBICD,7.9,7.3,,,6.8,Passed,,4.9,4.8
SP2025,SP2025-class 16,24,1905AHCJEF,5.2,6.4,,,6.4,Passed,,6.3,8.5
SP2025,SP2025-class 16,25,1905AHDEEE,8.6,8.5,,,7.9,Passed,,7,6.5
SP2025,SP2025-class 16,26,1905AHDBBC,7.2,7.4,,,7.6,Passed,,5.1,7.9
SP2025,SP2025-class 16,27,1905AHCCAI,7.2,9,,,8.4,Passed,,9.1,7.9
SP2025,SP2025-class 16,28,1905AHBIBH,7.2,7,,,6.4,Passed,,6.7,6
SP2025,SP2025-class 16,29,1905AHBIGI,7.2,7.7,,,6.5,Passed,,8.9,5.2
SP2025,SP2025-class 16,30,1905AHEJFB,9.1,8.7,,,8.3,Passed,,7.2,7.3
SP2025,SP2025-class 16,31,1905AHCCEE,9.1,8.1,,,8.2,Passed,,5.4,8.1
SP2025,SP2025-class 16,32,1905AHBEAI,7.4,7.3,,,6.6,Passed,,8.1,7
SP2025,SP2025-class 16,33,1905AHCBDD,7.8,7.4,,,7.4,Passed,,5.2,6.9
SP2025,SP2025-class 16,34,1905AHCJEA,7.7,7.9,,,7.5,Passed,,8.8,9.2
SP2025,SP2025-class 16,35,1905AHJEEA,7.7,7.5,,,6.9,Passed,,7.7,7.1
SP2025,SP2025-class 17,1,1905AHCCCF,7,5,,,7.1,Passed,,7.8,5
SP2025,SP2025-class 17,2,1905AGJACC,5,5,,,7,Passed,,9,9.2
SP2025,SP2025-class 17,3,1905AHCBDA,8,8,,,7.1,Passed,,9,4.8
SP2025,SP2025-class 17,4,1905AIDECI,8,10,,,8.1,Passed,,7.5,5
SP2025,SP2025-class 17,5,1905AGJEDF,5,5,,,7,Passed,,9.3,9.2
SP2025,SP2025-class 17,6,1905AHCCGH,7,5,,,7.3,Passed,,9.5,5
SP2025,SP2025-class 17,7,1905AHCCFF,7,5,,,7.5,Passed,,9.3,6.3
SP2025,SP2025-class 17,8,1905AHAGCD,5,10,,,7.9,Passed,,9,7.7
SP2025,SP2025-class 17,9,1905AHBGFG,8,8,,,8.2,Passed,,8.3,7.1
SP2025,SP2025-class 17,10,1905AIDCAI,8,10,,,8.3,Passed,,6.5,5.4
SP2025,SP2025-class 17,11,1905AHJBJI,5,10,,,4.9,Not Passed,,8,0
SP2025,SP2025-class 17,12,1905AHCDEI,7,10,,,8,Passed,,9.3,5
SP2025,SP2025-class 17,13,1905AHCEBG,6,6,,,6.9,Passed,,9.3,5.2
SP2025,SP2025-class 17,14,1905AHCCBE,8,8,,,8.1,Passed,,8.3,5.8
SP2025,SP2025-class 17,15,1905AGADBG,0,0,,,0,Attendance Fail,,0,0
SP2025,SP2025-class 17,16,1905AHAGEF,7,6,,,8,Passed,,8.8,8.5
SP2025,SP2025-class 17,17,1905AHBGFI,8,8,,,7.9,Passed,,8.8,7.1
SP2025,SP2025-class 17,18,1905AHDJFH,6,6,,,7.2,Passed,,9.8,5.8
SP2025,SP2025-class 17,19,1905AHCDCB,7,10,,,8.8,Passed,,9.3,6.9
SP2025,SP2025-class 17,20,1905AHCCFE,7,5,,,8,Passed,,9.3,7.7
SP2025,SP2025-class 17,21,1905AHJJGI,5,10,,,7.2,Passed,,9.3,4.2
SP2025,SP2025-class 17,22,1905AHAHCI,7,6,,,6.9,Passed,,7.5,4.6
SP2025,SP2025-class 17,23,1905AHCEAG,6,6,,,7.4,Passed,,8,8.3
SP2025,SP2025-class 17,24,1905AHBFCJ,7,6,,,7.2,Passed,,7.5,5
SP2025,SP2025-class 17,25,1905AGABHD,5,5,,,5.7,Passed,,8,4
SP2025,SP2025-class 17,26,1905AHDBEC,5,6,,,5,Not Passed,,7,0
SP2025,SP2025-class 17,27,1905AHBGJE,7,6,,,7.2,Passed,,7,6.7
SP2025,SP2025-class 17,28,1905AHAGCA,5,10,,,8.1,Passed,,9,8.8
SP2025,SP2025-class 17,29,1905AHCEAC,6,6,,,7.5,Passed,,9.8,8.1
SP2025,SP2025-class 17,30,1905AHDCEA,5,6,,,6.7,Passed,,9.3,8.5
SP2025,SP2025-class 17,31,1905AICJHC,8,10,,,8.9,Passed,,9.5,8.8
SP2025,SP2025-class 17,32,1905AHDJIC,5,6,,,6.9,Passed,,8.8,9
SP2025,SP2025-class 17,33,1905AHCDHI,7,10,,,8,Passed,,8.8,5.2
SP2025,SP2025-class 17,34,1905AHCDEG,7,10,,,9,Passed,,7.8,8.8
SP2025,SP2025-class 18,1,1905AHJBHH,7,8,,,8,Passed,,8.8,8.1
SP2025,SP2025-class 18,2,1905AHCHFF,7,9,,,7.6,Passed,,8.3,7.9
SP2025,SP2025-class 18,3,1905AHCGIG,6,9,,,7.2,Passed,,7.8,8.1
SP2025,SP2025-class 18,4,1905AHCFHE,7.5,8,,,7.8,Passed,,8,8.1
SP2025,SP2025-class 18,5,1905AHCIJB,7,9.5,,,7.4,Passed,,7.5,7.7
SP2025,SP2025-class 18,6,1905AHCFDE,7.5,9.5,,,7.9,Passed,,8,7.9
SP2025,SP2025-class 18,7,1905AHCGJF,7.5,9,,,7.3,Passed,,8,5.4
SP2025,SP2025-class 18,8,1905AHCFGA,8,9.5,,,7.9,Passed,,8,7.9
SP2025,SP2025-class 18,9,1905AHCHDI,7,9,,,7.8,Passed,,8.3,8.5
SP2025,SP2025-class 18,10,1905AHCJCF,4,8,,,3.8,Not Passed,,6,0
SP2025,SP2025-class 18,11,1905AHDCJJ,4,8,,,3.8,Not Passed,,6,0
SP2025,SP2025-class 18,12,1905AHCHBE,8,8,,,7.2,Not Passed,,9,2.6
SP2025,SP2025-class 18,13,1905AICEDB,0,0,,,0,Not Passed,,0,0
SP2025,SP2025-class 18,14,1905AICFBF,7,9,,,7.7,Passed,,8,9
SP2025,SP2025-class 18,15,1905AHCJDF,0,0,,,0,Not Passed,,0,0
SP2025,SP2025-class 18,16,1905AICHAB,8,9,,,7.7,Passed,,9,4.6
SP2025,SP2025-class 18,17,1905AHCEIJ,8,9.5,,,7.8,Passed,,8,7.5
SP2025,SP2025-class 18,18,1905AHCFDA,7.5,8,,,7.4,Passed,,8,6
SP2025,SP2025-class 18,19,1905AHCFGE,6,9,,,7.2,Passed,,7.8,7.9
SP2025,SP2025-class 18,20,1905AIBDIA,6,9,,,7.4,Passed,,8,8.3
SP2025,SP2025-class 18,21,1905AHCEHI,8,8,,,7.8,Passed,,8,7.9
SP2025,SP2025-class 18,22,1905AHBEGG,7,8,,,8.1,Passed,,8.8,8.5
SP2025,SP2025-class 18,23,1905AHCHFD,7,8,,,7.3,Passed,,8.3,6.9
SP2025,SP2025-class 18,24,1905AHCGHB,7.5,9.5,,,7.9,Passed,,8.5,7.1
SP2025,SP2025-class 18,25,1905AHCGIH,7.5,9.5,,,8,Passed,,8.5,7.7
SP2025,SP2025-class 18,26,1905AHCFIJ,6,9,,,6.8,Passed,,7.8,6.3
SP2025,SP2025-class 18,27,1905AHCFAC,8,8,,,7.7,Passed,,8,7.5
SP2025,SP2025-class 18,28,1905AHJBHG,8,9.5,,,8.3,Passed,,8.8,7.5
SP2025,SP2025-class 18,29,1905AIFBEC,8,9.5,,,8.6,Passed,,9,8.8
SP2025,SP2025-class 18,30,1905AHCABJ,0,0,,,0,Attendance Fail,,0,0
SP2025,SP2025-class 18,31,1905AHCEHJ,7.5,9.5,,,7.8,Passed,,8.5,6.5
SP2025,SP2025-class 18,32,1905AHCHAG,7,9.5,,,7.5,Passed,,7.5,8.1
SP2025,SP2025-class 18,33,1905AHCGGD,7.5,9,,,8.1,Passed,,8.5,8.3
SP2025,SP2025-class 18,34,1905AHCFGI,6,9.5,,,7.4,Passed,,7.8,8.8
SP2025,SP2025-class 18,35,1905AHCHIH,6,8,,,7.2,Passed,,7.5,8.3
SP2025,SP2025-class 19,1,1905AHCEHA,6,6,,,5.9,Passed,,7.6,6.5
SP2025,SP2025-class 19,2,1905AHDABE,7,7,,,6.8,Passed,,7.6,7.3
SP2025,SP2025-class 19,3,1905AGBDIB,7,7,,,7.1,Passed,,7.1,6.5
SP2025,SP2025-class 19,4,1905AHDBHE,0,2,,,0.7,Attendance Fail,,5,0
SP2025,SP2025-class 19,5,1905AGJDJE,7,6,,,7.1,Passed,,8,9
SP2025,SP2025-class 19,6,1905AIBJFF,6,6,,,6.1,Passed,,7.8,7.3
SP2025,SP2025-class 19,7,1905AHCIHD,7,7,,,6.8,Passed,,7.3,7.1
SP2025,SP2025-class 19,8,1905AHDJID,7,7,,,7.2,Passed,,8.1,9
SP2025,SP2025-class 19,9,1905AGJBAJ,0,0,,,0,Attendance Fail,,0,0
SP2025,SP2025-class 19,10,1905AHJFDH,7,7,,,7.2,Passed,,7.8,8.5
SP2025,SP2025-class 19,11,1905AGCAFJ,6,6,,,6.5,Passed,,8.3,9
SP2025,SP2025-class 19,12,1905AHJFEG,8,7,,,7.7,Passed,,6.8,8.8
SP2025,SP2025-class 19,13,1905AGBJHG,6,6,,,5.7,Passed,,7.4,5.4
SP2025,SP2025-class 19,14,1905AHDJBG,0,0,,,0,Attendance Fail,,0,0
SP2025,SP2025-class 19,15,1905AHDAEH,7,7,,,7.3,Passed,,7.8,7.1
SP2025,SP2025-class 19,16,1905AHDACF,7,7,,,7.4,Passed,,6.9,8.1
SP2025,SP2025-class 19,17,1905AHBCFA,7,7,,,6.9,Passed,,6.8,8.1
SP2025,SP2025-class 19,18,1905AGBBCH,0,0,,,0,Attendance Fail,,0,0
SP2025,SP2025-class 19,19,1905AHJFFF,6,6,,,5.9,Passed,,6.7,6.9
SP2025,SP2025-class 19,20,1905AHJFAH,8,8,,,7.4,Passed,,8.1,6
SP2025,SP2025-class 19,21,1905AHBIED,0,0,,,0,Attendance Fail,,0,0
SP2025,SP2025-class 19,22,1905AHJFEA,7,6,,,6.1,Passed,,5.5,4.8
SP2025,SP2025-class 19,23,1905AHDCHE,7.5,8,,,7,Passed,,8.3,4.8
SP2025,SP2025-class 19,24,1905AGJCEI,7,7,,,6.3,Passed,,7.4,4
SP2025,SP2025-class 19,25,1905AHJGBJ,7.5,8,,,6.9,Passed,,7.7,4.4
SP2025,SP2025-class 19,26,1905AHJGAH,7.5,8,,,7.1,Passed,,8.1,5.2
SP2025,SP2025-class 19,27,1905AGAAHG,6,6,,,5.4,Passed,,7.8,4
SP2025,SP2025-class 19,28,1905AHJGAB,7.5,8,,,7.1,Passed,,7.9,5.6
SP2025,SP2025-class 19,29,1905AHJFEB,8,8,,,7.5,Passed,,8.1,6.7
SP2025,SP2025-class 20,1,1905AHDCJH,8.5,8.1,,,8.3,Passed,,7.4,8.1
SP2025,SP2025-class 20,2,1905AICGDB,8,3.7,,,6.8,Passed,,6.7,6.7
SP2025,SP2025-class 20,3,1919AHAJAG,9.5,6.5,,,8.4,Passed,,7.2,7.3
SP2025,SP2025-class 20,4,1905AHDFJH,9,3.1,,,6.2,Passed,,6.9,6.9
SP2025,SP2025-class 20,5,1905AIBCCE,9,9.6,,,8.6,Passed,,7.5,7.9
SP2025,SP2025-class 20,6,1905AHDCEH,7,8.2,,,7.3,Passed,,7.2,7.3
SP2025,SP2025-class 20,7,1905AICFEA,8,9,,,7.6,Passed,,7.3,7.8
SP2025,SP2025-class 20,8,1905AHDBEB,8,9,,,7.4,Passed,,6,7.9
SP2025,SP2025-class 20,9,1905AHEJIB,7,9,,,8,Passed,,6.9,8.5
SP2025,SP2025-class 20,10,1905AHDBAI,9,5.7,,,6.1,Passed,,5.9,7.9
SP2025,SP2025-class 20,11,1905AICAEF,8,10,,,7.8,Passed,,8,8.1
SP2025,SP2025-class 20,12,1905AHDIFF,9.5,5.7,,,8.3,Passed,,6.3,7.9
SP2025,SP2025-class 20,13,1905AICCJD,9,8.1,,,8.3,Passed,,7.5,7.3
SP2025,SP2025-class 20,14,1905AHDIFI,7,8.7,,,7.8,Passed,,6.8,7.7
SP2025,SP2025-class 20,15,1905AHCFHD,7,7,,,4.2,Not Passed,,6.2,0
SP2025,SP2025-class 20,16,1905AHDCCD,7,6.8,,,7.3,Passed,,6.9,8.3
SP2025,SP2025-class 20,17,1905AICAJE,9,10,,,8.9,Passed,,7.9,9.4
SP2025,SP2025-class 20,18,1905AHDBEH,9.5,7.8,,,8.8,Passed,,8.1,8.1
SP2025,SP2025-class 20,19,1905AHDAFC,7,8.3,,,6.4,Passed,,3,5.8
SP2025,SP2025-class 20,20,1905AICCFF,9,9.3,,,8.6,Passed,,7.5,8.3
SP2025,SP2025-class 20,21,1905AHDCCB,7,9.7,,,7.6,Passed,,6.2,8.8
SP2025,SP2025-class 20,22,1905AHDBIG,8.5,8.1,,,7.9,Passed,,6.7,6.7
SP2025,SP2025-class 20,23,1905AHCGHC,8,7.8,,,6.9,Passed,,5.5,6.7
SP2025,SP2025-class 20,24,1905AHDCAF,8.5,7.6,,,8.3,Passed,,7.7,8.3
SP2025,SP2025-class 20,25,1905AHDEDJ,7,5.1,,,4.1,Attendance Fail,,4,0
SP2025,SP2025-class 20,26,1905AHCICI,9,7.1,,,6.8,Passed,,6.8,8.1
SP2025,SP2025-class 20,27,1905AHBBGF,9.5,7.3,,,8.1,Passed,,7.8,5
SP2025,SP2025-class 20,28,1905AHJAGE,7,8.8,,,7.7,Passed,,6.5,7.3
SP2025,SP2025-class 20,29,1905AHDAII,7,7.3,,,6.7,Passed,,4.9,6.7
SP2025,SP2025-class 20,30,1905AHDBEA,8,8.8,,,7,Passed,,6.2,6.3
SP2025,SP2025-class 20,31,1905AHDAEI,7,7.7,,,6.4,Passed,,4.9,5.2
SP2025,SP2025-class 20,32,1905AHBAEF,9,8,,,6.4,Passed,,6.7,5.4
SP2025,SP2025-class 20,33,1905AHDBDI,8,7.9,,,6.6,Passed,,4.8,6.3
SP2025,SP2025-class 20,34,1905AHDCAB,8.5,5.9,,,7.4,Passed,,7.7,4.8
SP2025,SP2025-class 20,35,1905AHBHFF,7,6.8,,,6.7,Passed,,3.9,7.5
SP2025,SP2025-class 21,1,1905AHDDEJ,8,9,,,8.1,Passed,,8.5,7.3
SP2025,SP2025-class 21,2,1905AIFDIE,8,9,,,8.2,Passed,,8.3,8.3
SP2025,SP2025-class 21,3,1905AHDDFD,8,9,,,7.9,Passed,,9,5.6
SP2025,SP2025-class 21,4,1905AHBJBB,6,8,,,6.9,Passed,,7.3,8.1
SP2025,SP2025-class 21,5,1905AGBDCE,6,8,,,6.8,Passed,,7.3,7.5
SP2025,SP2025-class 21,6,1905AHDDIE,7.5,8,,,7.3,Passed,,8,5.4
SP2025,SP2025-class 21,7,1905AHDEJD,8,9.5,,,7.6,Passed,,8.3,5.8
SP2025,SP2025-class 21,8,1905AHDDCI,7,9,,,7.2,Passed,,8,5.2
SP2025,SP2025-class 21,9,1905AHDJDA,7,8,,,7.6,Passed,,8,7.9
SP2025,SP2025-class 21,10,1905AIFDJE,8,9,,,8.4,Passed,,8.3,9.2
SP2025,SP2025-class 21,11,1905AHDEAA,8,8,,,7.2,Passed,,8.3,4.4
SP2025,SP2025-class 21,12,1905AHDDHC,7.5,8,,,7.5,Passed,,8,6.4
SP2025,SP2025-class 21,13,1905AHDECJ,7,9.5,,,7.6,Passed,,8,6.9
SP2025,SP2025-class 21,14,1905AIFDJG,8,8,,,7.9,Passed,,8.3,7.5
SP2025,SP2025-class 21,15,1905AHDDED,8,8,,,7.6,Passed,,8.5,5.2
SP2025,SP2025-class 21,16,1905AHCDDE,7,9,,,8,Passed,,8,9.2
SP2025,SP2025-class 21,17,1905AHBCEF,7.5,9.5,,,7.2,Passed,,8,4.2
SP2025,SP2025-class 21,18,1905AHJFBH,0,0,,,0,Attendance Fail,,0,0
SP2025,SP2025-class 21,19,1905AHAFHD,7,9,,,7.8,Passed,,8,8.8
SP2025,SP2025-class 21,20,1905AHDDIA,8,9.5,,,8.6,Passed,,9,8.5
SP2025,SP2025-class 21,21,1905AHDEAB,8,9,,,7.5,Passed,,8.3,5.2
SP2025,SP2025-class 21,22,1905AHJGDF,7,9.5,,,7.3,Passed,,8,5.4
SP2025,SP2025-class 21,23,1905AHDDBG,8,8,,,7.7,Passed,,8.3,7.1
SP2025,SP2025-class 21,24,1905AHAFHB,7,9,,,7.7,Passed,,8,8.1
SP2025,SP2025-class 21,25,1905AHBBIA,7.5,9,,,7.6,Passed,,8,6.7
SP2025,SP2025-class 21,26,1905AHDEED,7,8,,,7.2,Passed,,8,6.3
SP2025,SP2025-class 21,27,1905AHAIIE,6,9,,,7.1,Passed,,7.3,8.8
SP2025,SP2025-class 21,28,1905AHDDAE,7,8,,,7,Passed,,8,5
SP2025,SP2025-class 21,29,1905AHDDEF,0,0,,,0,Attendance Fail,,0,0
SP2025,SP2025-class 21,30,1905AHDDGA,8,9,,,7.8,Passed,,8.5,5.8
SP2025,SP2025-class 21,31,1905AHDEJI,7,8,,,7.1,Passed,,8,5.2
SP2025,SP2025-class 21,32,1905AHDECF,8,9,,,8.2,Passed,,9,6.7
SP2025,SP2025-class 21,33,1905AHDDHE,8,9.5,,,8.3,Passed,,9,7.1
SP2025,SP2025-class 21,34,1905AHDDHJ,8,9.5,,,7.7,Passed,,8.5,5
SP2025,SP2025-class 21,35,1905AHJGEA,7,9.5,,,7.8,Passed,,8,7.9
SP2025,SP2025-class 22,1,1905AHDDCF,9,0.4,,,6.2,Passed,,6.3,5.8
SP2025,SP2025-class 22,2,1905AHJJED,9,7.3,,,8,Passed,,7.4,8.8
SP2025,SP2025-class 22,3,1905AHJGGC,7,7,,,7.4,Passed,,3.9,8.2
SP2025,SP2025-class 22,4,1905AHJGHE,9,5.9,,,1.5,Attendance Fail,,0,0
SP2025,SP2025-class 22,5,1905AHAGAI,8.5,9.2,,,8.2,Passed,,8,8.1
SP2025,SP2025-class 22,6,1905AHBJGC,8.5,10,,,8.3,Passed,,8.3,8.3
SP2025,SP2025-class 22,7,1905AHDEFH,8.5,0,,,0.9,Attendance Fail,,0,0
SP2025,SP2025-class 22,8,1905AHCDHA,9,6.1,,,7.1,Passed,,7.3,7.1
SP2025,SP2025-class 22,9,1905AHDBAB,8,6.5,,,7.8,Passed,,7.7,7.9
SP2025,SP2025-class 22,10,1905AHDFFA,8.5,7.3,,,7,Passed,,4,9.2
SP2025,SP2025-class 22,11,1905AIBDDD,8,8.1,,,7.8,Passed,,5.5,8.1
SP2025,SP2025-class 22,12,1905AHDFJG,8.5,7.6,,,7.3,Passed,,3.4,8.1
SP2025,SP2025-class 22,13,1905AHDDCE,9,5.9,,,6.6,Passed,,8.1,4
SP2025,SP2025-class 22,14,1905AHBABJ,8.5,9,,,8.2,Passed,,8.6,7.9
SP2025,SP2025-class 22,15,1905AHDFFF,6,7.7,,,6.6,Passed,,3,6.5
SP2025,SP2025-class 22,16,1905AHDFAJ,8.5,8.1,,,7.2,Passed,,3.5,7.3
SP2025,SP2025-class 22,17,1905AHDFJF,8.5,7.7,,,6.7,Passed,,3.2,5.2
SP2025,SP2025-class 22,18,1905AGAFBH,0,5.8,,,3.1,Attendance Fail,,0,0
SP2025,SP2025-class 22,19,1905AHDFDB,8.5,0,,,0.9,Attendance Fail,,0,0
SP2025,SP2025-class 22,20,1905AHAECG,9,6,,,6.5,Passed,,6.3,5.8
SP2025,SP2025-class 22,21,1905AHAGAH,7,1,,,5.8,Passed,,2.4,7.5
SP2025,SP2025-class 22,22,1905AHDFGH,8.5,7.4,,,7.1,Passed,,3.2,6.3
SP2025,SP2025-class 22,23,1905AHDFAE,8.5,7.2,,,7,Passed,,3.9,6.5
SP2025,SP2025-class 22,24,1905AHBJEG,8.5,8.2,,,7.9,Passed,,7.8,7.1
SP2025,SP2025-class 22,25,1905AHDFGD,8.5,7.7,,,6.9,Passed,,3.8,5
SP2025,SP2025-class 22,26,1905AHJBBF,8.5,6.7,,,1.5,Attendance Fail,,0,0
SP2025,SP2025-class 22,27,1905AHCDGF,8,7.4,,,8,Passed,,6.8,8.5
SP2025,SP2025-class 22,28,1905AHAEFA,9,6.8,,,6.8,Passed,,6.9,6.7
SP2025,SP2025-class 22,29,1905AIDFEC,9,2.3,,,6.5,Passed,,6.5,7.7
SP2025,SP2025-class 22,30,1905AHCEGJ,8,7.6,,,8,Passed,,7.5,7.9
SP2025,SP2025-class 22,31,1905AHDFEE,8.5,7.7,,,7.5,Passed,,3,8.5
SP2025,SP2025-class 22,32,1905AHDFFH,6,6.8,,,6.1,Passed,,2.7,4.8
SP2025,SP2025-class 22,33,1905AHDFDA,6,6.7,,,6.6,Passed,,4.2,6.3
SP2025,SP2025-class 22,34,1905AHDFFD,6,1.9,,,6.1,Passed,,2.7,6.9
SP2025,SP2025-class 22,35,1905AHCEGA,7,6.5,,,7.6,Passed,,5.2,9
SP2025,SP2025-class 23,1,1905AHDEBD,7.5,7.4,,,6.6,Passed,,8.3,6.9
SP2025,SP2025-class 23,2,1905AHDGHC,6.2,8.5,,,8,Passed,,8.6,7.9
SP2025,SP2025-class 23,3,1905AHDIBC,6.9,8.3,,,8,Passed,,7.7,8.3
SP2025,SP2025-class 23,4,1905AHDGDC,7.8,6.9,,,7.1,Passed,,5.2,8.8
SP2025,SP2025-class 23,5,1905AHDEAH,7.5,8.7,,,8.1,Passed,,8.5,7.3
SP2025,SP2025-class 23,6,1905AHJEFF,8.4,8.9,,,8.4,Passed,,9.1,8.5
SP2025,SP2025-class 23,7,1905AHJDFF,7.9,8.8,,,8.1,Passed,,9.6,8.1
SP2025,SP2025-class 23,8,1905AHDCEC,7.9,6.6,,,6.6,Passed,,3,5
SP2025,SP2025-class 23,9,1905AHBGGF,6.9,7.3,,,6.8,Passed,,4.8,4.2
SP2025,SP2025-class 23,10,1905AHJBDB,7.5,8.9,,,8.1,Passed,,9.1,6.9
SP2025,SP2025-class 23,11,1905AHDGCD,7.5,7.4,,,6.3,Passed,,8.4,5.6
SP2025,SP2025-class 23,12,1905AHDEBH,7.9,8.9,,,8.1,Passed,,9.8,7.7
SP2025,SP2025-class 23,13,1905AHDGAB,7.8,8.1,,,7.3,Passed,,8.8,7.5
SP2025,SP2025-class 23,14,1905AHAICB,8.4,8.9,,,8.4,Passed,,8.9,9
SP2025,SP2025-class 23,15,1905AHDHFE,6.9,8.8,,,7.5,Passed,,9.3,4.6
SP2025,SP2025-class 23,16,1905AHDCCG,7.9,8.3,,,7.7,Passed,,8,7.3
SP2025,SP2025-class 23,17,1905AHDGFB,6.2,7.1,,,7.4,Passed,,4.5,7.7
SP2025,SP2025-class 23,18,1905AHDBED,7.5,7.7,,,7,Passed,,9.3,8.5
SP2025,SP2025-class 23,19,1905AHJJGA,7.8,8.1,,,7.3,Passed,,8.8,7.7
SP2025,SP2025-class 23,20,1905AHJEED,8.4,9.1,,,8.5,Passed,,9.6,9
SP2025,SP2025-class 23,21,1905AHDGHJ,7.8,8.8,,,8.2,Passed,,8.4,7.9
SP2025,SP2025-class 23,22,1905AHJCCH,7.1,6.8,,,6.3,Passed,,5.3,5.2
SP2025,SP2025-class 23,23,1905AHDDFC,7.5,9,,,8,Passed,,9.3,6.4
SP2025,SP2025-class 23,24,1905AHDHEH,7.8,8.7,,,8.3,Passed,,8.1,8.5
SP2025,SP2025-class 23,25,1905AHJBII,7.8,7.2,,,6.6,Passed,,5.9,5.4
SP2025,SP2025-class 23,26,1905AHDGBD,7.5,6.3,,,5.8,Passed,,6.3,6.7
SP2025,SP2025-class 23,27,1905AHBAAB,8.1,6.7,,,6.7,Passed,,4.7,6.8
SP2025,SP2025-class 23,28,1905AHDHGG,6.9,7.9,,,7.1,Passed,,6.7,4.4
SP2025,SP2025-class 23,29,1905AHDGAE,6.2,8,,,7.6,Passed,,7,6.9
SP2025,SP2025-class 23,30,1905AHDFHC,6.2,7.9,,,7.7,Passed,,6.8,7.5
SP2025,SP2025-class 23,31,1905AHJCEC,8.1,6.4,,,6.6,Passed,,3.3,6.9
SP2025,SP2025-class 23,32,1905AHDHEI,7.8,8.7,,,8.3,Passed,,8.3,8.5
SP2025,SP2025-class 23,33,1905AHDGBB,7.8,7.7,,,7.2,Passed,,7.6,7.8
SP2025,SP2025-class 23,34,1905AHDHJH,7.8,8.5,,,8.1,Passed,,7.5,7.7
SP2025,SP2025-class 23,35,1905AHCBCD,7.5,9.1,,,8.5,Passed,,9.8,8.5
SP2025,SP2025-class 24,1,1905AIJGDG,8,10,,,8.6,Passed,,9.3,9
SP2025,SP2025-class 24,2,1905AIAJGI,5,10,,,6.9,Passed,,9,7.5
SP2025,SP2025-class 24,3,1905AIJIJE,7,10,,,7.2,Passed,,9.5,5.2
SP2025,SP2025-class 24,4,1905AIJEHJ,8,10,,,8.2,Passed,,9.3,7.9
SP2025,SP2025-class 24,5,1905AIJFBB,8,10,,,7.8,Passed,,9.3,7.5
SP2025,SP2025-class 24,6,1905AIJGCD,8,10,,,8.7,Passed,,9.8,8.1
SP2025,SP2025-class 24,7,1905AIJHBA,8,10,,,9,Passed,,9.3,8.1
SP2025,SP2025-class 24,8,1905AIJFIB,0,0,,,0,Attendance Fail,,0,0
SP2025,SP2025-class 24,9,1905AICJJB,7,8,,,8.2,Passed,,8.8,8.5
SP2025,SP2025-class 24,10,1905AIJEEF,7,10,,,8.2,Passed,,8.5,8.3
SP2025,SP2025-class 24,11,1905AICFCC,7,8,,,8.2,Passed,,10,7.5
SP2025,SP2025-class 24,12,1905AIJIBF,7,10,,,6.9,Passed,,9,5.2
SP2025,SP2025-class 24,13,1905AIJIEA,7,10,,,7.4,Passed,,8.5,6
SP2025,SP2025-class 24,14,1905AHDIJC,5,10,,,7.8,Passed,,9.8,9
SP2025,SP2025-class 24,15,1905AIBJIF,7,8,,,7.8,Passed,,9,5.8
SP2025,SP2025-class 24,16,1905AIJHEH,8,10,,,8.9,Passed,,7.3,8.5
SP2025,SP2025-class 24,17,1905AIJFEA,8,10,,,7.3,Passed,,9,5.4
SP2025,SP2025-class 24,18,1905AIJIFI,5,10,,,6.8,Passed,,9.5,6.9
SP2025,SP2025-class 24,19,1905AIJJIJ,5,10,,,7.9,Passed,,9.8,9.4
SP2025,SP2025-class 24,20,1905AIJHCF,8,10,,,9.2,Passed,,8.5,9.2
SP2025,SP2025-class 24,21,1905AIBBAB,7,8,,,7.4,Passed,,9,4.8
SP2025,SP2025-class 24,22,1905AIJFHI,8,10,,,8.1,Passed,,9,7.6
SP2025,SP2025-class 24,23,1905AIJEAI,7,10,,,8.3,Passed,,9.8,8.3
SP2025,SP2025-class 24,24,1905AIJIIH,5,10,,,7,Passed,,9.5,7.7
SP2025,SP2025-class 24,25,1905AIJIDD,7,10,,,6.5,Not Passed,,8.5,3.6
SP2025,SP2025-class 24,26,1905AIJHCB,8,10,,,7.6,Passed,,9,5
SP2025,SP2025-class 24,27,1905AIJECC,7,10,,,8.4,Passed,,9.5,8.3
SP2025,SP2025-class 24,28,1905AIAJDE,5,10,,,6.9,Passed,,9,6.5
SP2025,SP2025-class 24,29,1905AIJEAJ,7,10,,,7.8,Passed,,8,6.5
SP2025,SP2025-class 24,30,1905AHAFII,5,10,,,7.5,Passed,,8,8.3
SP2025,SP2025-class 24,31,1905AIJFAB,8,10,,,8.1,Passed,,9,8.3
SP2025,SP2025-class 25,1,1905AHBEBE,7.5,7.5,,,7.7,Passed,,8.3,8.1
SP2025,SP2025-class 25,2,1905AIBBGJ,8.5,8.5,,,7.5,Passed,,5.6,5.6
SP2025,SP2025-class 25,3,1905AIBBID,8.5,8,,,7.2,Passed,,4.7,4.8
SP2025,SP2025-class 25,4,1905AHBEAC,6.5,8.5,,,7.1,Passed,,7,7.9
SP2025,SP2025-class 25,5,1905AHJCEG,7.5,7,,,7,Passed,,7.3,5.8
SP2025,SP2025-class 25,6,1905AIBCAA,0,0,,,0,Attendance Fail,,0,0
SP2025,SP2025-class 25,7,1905AHAGHA,8.5,5.5,,,7.9,Passed,,7.9,8.1
SP2025,SP2025-class 25,8,1905AIBBHG,6.5,8,,,6,Passed,,5.2,4
SP2025,SP2025-class 25,9,1905AIBFAC,0,8,,,1.7,Attendance Fail,,8.6,0
SP2025,SP2025-class 25,10,1905AHCGJJ,7.5,9,,,7,Passed,,8.1,4.4
SP2025,SP2025-class 25,11,1905AIBBHJ,5.5,8,,,6.4,Passed,,7.7,8.1
SP2025,SP2025-class 25,12,1905AHCFEC,7.5,8,,,7.2,Passed,,8.1,5.8
SP2025,SP2025-class 25,13,1905AHBEIB,7.5,7,,,7.5,Passed,,6.7,8.8
SP2025,SP2025-class 25,14,1905AIBEJH,0,0,,,0,Attendance Fail,,0,0
SP2025,SP2025-class 25,15,1905AIBFBH,5.5,9,,,6.2,Passed,,6,7.5
SP2025,SP2025-class 25,16,1905AHBFJC,7.5,7,,,7.6,Passed,,8.6,8.8
SP2025,SP2025-class 25,17,1905AHAHAE,8.5,8,,,8.3,Passed,,8.3,8.5
SP2025,SP2025-class 25,18,1905AIBDGG,5.5,9,,,6.4,Passed,,8.3,7.5
SP2025,SP2025-class 25,19,1905AHDHIB,7.5,9,,,7.5,Passed,,7.4,7.5
SP2025,SP2025-class 25,20,1905AHDADA,8.5,6,,,7.8,Passed,,8,6.9
SP2025,SP2025-class 25,21,1905AHAGHJ,7.5,3,,,7.1,Passed,,8.4,7.1
SP2025,SP2025-class 25,22,1905AHJFDD,0,0,,,0,Attendance Fail,,0,0
SP2025,SP2025-class 25,23,1905AHBFJH,7.5,6.5,,,7.4,Passed,,7.4,8.3
SP2025,SP2025-class 25,24,1905AIBCAF,5.5,7.5,,,6.3,Passed,,7.1,8.2
SP2025,SP2025-class 25,25,1905AIBBEH,7.5,9,,,7.4,Passed,,7.7,6.3
SP2025,SP2025-class 25,26,1905AIBFBE,7.5,9,,,6.9,Passed,,4.9,5
SP2025,SP2025-class 25,27,1905AHDGDE,8.5,6,,,8.1,Passed,,7,9
SP2025,SP2025-class 25,28,1905AHDIHG,8.5,8,,,8,Passed,,6.1,8.1
SP2025,SP2025-class 25,29,1905AGCADC,6.5,1,,,6.6,Passed,,7.9,9
SP2025,SP2025-class 25,30,1705AGJADI,0,0,,,0,Attendance Fail,,0,0
SP2025,SP2025-class 25,31,1905AHBFGB,8.5,6,,,8,Passed,,8.3,7.9
SP2025,SP2025-class 25,32,1905AIBEGJ,8.5,8.5,,,7.4,Passed,,5.5,5.4
SP2025,SP2025-class 25,33,1905AGBCGG,6.5,0,,,5.5,Not Passed,,4.5,5.8
SP2025,SP2025-class 26,1,1905AHDIEB,5.5,8,,,5.9,Passed,,6.8,6
SP2025,SP2025-class 26,2,1905AIBIGG,6.5,8,,,7.2,Passed,,8.1,8.6
SP2025,SP2025-class 26,3,1905AIBICG,6.5,8,,,7,Passed,,7.6,8.5
SP2025,SP2025-class 26,4,1905AGJJFA,6.5,8,,,6.1,Passed,,6,4.6
SP2025,SP2025-class 26,5,1905AHDCHI,5.5,8,,,6.3,Passed,,8.3,7.5
SP2025,SP2025-class 26,6,1905AGJDEF,6.5,8,,,6,Passed,,6.3,4.2
SP2025,SP2025-class 26,7,1905AIBFHB,6.5,8,,,6,Passed,,6.8,4
SP2025,SP2025-class 26,8,1905AHCDBD,5.5,8,,,5.9,Passed,,7.3,6
SP2025,SP2025-class 26,9,1905AHDEIG,5.5,8,,,6.2,Passed,,7.6,8.1
SP2025,SP2025-class 26,10,1905AIBICA,6.5,9,,,7.1,Passed,,8.4,7.5
SP2025,SP2025-class 26,11,1905AIBFIE,6.5,9,,,6.7,Passed,,9,5.2
SP2025,SP2025-class 26,12,1905AFAEBA,5.5,7,,,5.6,Passed,,7.3,4.6
SP2025,SP2025-class 26,13,1905AHBEAA,7.5,9,,,7.4,Passed,,7.1,6.8
SP2025,SP2025-class 26,14,1905AIBGCG,6.5,8,,,6.9,Passed,,7.3,8.1
SP2025,SP2025-class 26,15,1905AIBHGI,5.5,8,,,6.3,Passed,,6.9,7.1
SP2025,SP2025-class 26,16,1905AHDEIC,6.5,8,,,6.7,Passed,,7.5,6.8
SP2025,SP2025-class 26,17,1905AIBHFB,6.5,8,,,6.4,Passed,,5.7,5.8
SP2025,SP2025-class 26,18,1905AHDHFB,6.5,8,,,6.1,Passed,,7.3,4.2
SP2025,SP2025-class 26,19,1905AIBGFI,5.5,8,,,6.4,Passed,,6.9,8.3
SP2025,SP2025-class 26,20,1905AIBIGJ,6.5,8,,,6.6,Passed,,6.6,6.5
SP2025,SP2025-class 26,21,1905AIBGJF,6.5,8,,,6.8,Passed,,6.9,7.5
SP2025,SP2025-class 26,22,1905AHBGCE,7.5,9,,,7,Passed,,7.7,4.8
SP2025,SP2025-class 26,23,1905AIBIHB,5.5,8,,,5.8,Passed,,7,5.2
SP2025,SP2025-class 26,24,1905AIBFHD,6.5,8,,,7,Passed,,7.4,8.5
SP2025,SP2025-class 26,25,1905AIBFGI,7.5,9,,,7,Passed,,6.5,5.2
SP2025,SP2025-class 26,26,1905AICJJD,5.5,7,,,6.2,Passed,,6.7,7.9
SP2025,SP2025-class 26,27,1905AIBIBF,6.5,9,,,7.1,Passed,,7.4,7.7
SP2025,SP2025-class 26,28,1905AHDJAH,5.5,8,,,6.2,Passed,,8.3,7.5
SP2025,SP2025-class 26,29,1905AHCBCB,5.5,8,,,6.3,Passed,,7,9
SP2025,SP2025-class 26,30,1905AIBHBD,7.5,9,,,7.6,Passed,,7,7.9
SP2025,SP2025-class 26,31,1905AIBGAJ,5.5,7,,,5.9,Passed,,6.9,6.7
SP2025,SP2025-class 27,1,1905AICCCH,8,8.9,,,8.2,Passed,,8.4,8.1
SP2025,SP2025-class 27,2,1905AICDEF,0,0,,,0,Attendance Fail,,0,0
SP2025,SP2025-class 27,3,1905AHAFEB,9,9.1,,,8.2,Passed,,7.2,8.3
SP2025,SP2025-class 27,4,1905AIDIDA,8,9.6,,,8.2,Passed,,7.7,7.4
SP2025,SP2025-class 27,5,1905AICBCJ,0,0,,,0,Attendance Fail,,0,0
SP2025,SP2025-class 27,6,1905AHBFEF,8,5.5,,,7.3,Passed,,8.4,4.8
SP2025,SP2025-class 27,7,1905AIBJHC,8,5.2,,,7.2,Passed,,8.8,4.4
SP2025,SP2025-class 27,8,1905AICBDA,9,8.1,,,7.1,Passed,,7.5,4.4
SP2025,SP2025-class 27,9,1905AICDEE,7,1,,,6,Passed,,6,5.8
SP2025,SP2025-class 27,10,1905AHJEIG,9,9.1,,,8.1,Passed,,6.5,8.3
SP2025,SP2025-class 27,11,1905AHJEEI,9,7.5,,,8.2,Passed,,7.5,9
SP2025,SP2025-class 27,12,1905AICBAG,0,0,,,0,Attendance Fail,,0,0
SP2025,SP2025-class 27,13,1905AICDDI,0,0,,,0,Attendance Fail,,0,0
SP2025,SP2025-class 27,14,1905AICDGJ,0,0,,,0,Attendance Fail,,0,0
SP2025,SP2025-class 27,15,1905AICBJE,0,0,,,0,Attendance Fail,,0,0
SP2025,SP2025-class 27,16,1905AICAID,8,6.1,,,6.5,Passed,,6.5,5
SP2025,SP2025-class 27,17,1905AICDDC,8,8.6,,,8.2,Passed,,7.4,7.9
SP2025,SP2025-class 27,18,1905AHAEGH,9,9.7,,,8.2,Passed,,6,7.7
SP2025,SP2025-class 27,19,1905AICAGH,0,6.7,,,0.7,Attendance Fail,,0,0
SP2025,SP2025-class 27,20,1905AIBDDI,9,8.6,,,7.8,Passed,,7.8,6
SP2025,SP2025-class 27,21,1905AIBEAC,9,7.7,,,7.5,Passed,,7.7,6.7
SP2025,SP2025-class 27,22,1905AHJJHB,7,4.2,,,6.6,Passed,,5.5,7.5
SP2025,SP2025-class 27,23,1905AICCDF,9,8.7,,,8.2,Passed,,8.1,8.1
SP2025,SP2025-class 27,24,1905AICACJ,9,7.9,,,8.3,Passed,,8,9
SP2025,SP2025-class 27,25,1905AHJBDF,9,10,,,8.4,Passed,,7.9,8.3
SP2025,SP2025-class 27,26,1905AHJFAD,9,6.1,,,7.4,Passed,,7.8,5.4
SP2025,SP2025-class 27,27,1905AICDGA,8,8.4,,,6.8,Passed,,6.8,5.2
SP2025,SP2025-class 27,28,1905AHAFFH,8,8.7,,,8.4,Passed,,8.6,9
SP2025,SP2025-class 27,29,1905AICFCB,7,6,,,6.8,Passed,,5.9,7.5
SP2025,SP2025-class 27,30,1905AHAIGI,9,9.8,,,7.9,Passed,,4.5,8.8
SP2025,SP2025-class 27,31,1905AHJGAF,9,10,,,8,Passed,,5.3,8.8
SP2025,SP2025-class 27,32,1905AHJBDA,9,9.4,,,8.3,Passed,,7.3,8.8
SP2025,SP2025-class 27,33,1905AHJECG,9,10,,,8.5,Passed,,6.8,9.2
SP2025,SP2025-class 28,1,1905AHCIFB,7,7,,,7.1,Passed,,7,7.3
SP2025,SP2025-class 28,2,1905AICEAE,6,8,,,6.1,Passed,,6,6.3
SP2025,SP2025-class 28,3,1905AICHBB,7,7,,,6.2,Passed,,7,4
SP2025,SP2025-class 28,4,1905AICHCI,7,7,,,6.9,Passed,,7,6.9
SP2025,SP2025-class 28,5,1905AICEED,0,0,,,0,Attendance Fail,,0,0
SP2025,SP2025-class 28,6,1905AIDCDG,7,7,,,6.8,Passed,,7,6.3
SP2025,SP2025-class 28,7,1905AICFIH,7,8,,,7.1,Passed,,7,7.9
SP2025,SP2025-class 28,8,1905AICFHA,6,7,,,5.6,Passed,,6,4.2
SP2025,SP2025-class 28,9,1905AICGAC,7.5,7,,,7.3,Passed,,7.5,7.3
SP2025,SP2025-class 28,10,1905AHEJHA,7,8,,,7.2,Passed,,7,8.3
SP2025,SP2025-class 28,11,1905AIBEJG,7,7.5,,,7.2,Passed,,7,8.5
SP2025,SP2025-class 28,12,1905AHDJGI,7,7.5,,,7.2,Passed,,7,7.9
SP2025,SP2025-class 28,13,1905AHDEIB,7,7,,,6.7,Passed,,7,5.4
SP2025,SP2025-class 28,14,1905AICIJB,7,7,,,6.9,Passed,,7,7.1
SP2025,SP2025-class 28,15,1905AICFHJ,7.5,7,,,7.2,Passed,,7.5,6.7
SP2025,SP2025-class 28,16,1905AGJBFC,7.5,8,,,7.6,Passed,,7.5,8.3
SP2025,SP2025-class 28,17,1905AHJDBI,7,8,,,7,Passed,,7,6.7
SP2025,SP2025-class 28,18,1905AHBBDI,7,8,,,7,Passed,,7,7.1
SP2025,SP2025-class 28,19,1905AGAFJH,6,7,,,6.2,Passed,,6,7.5
SP2025,SP2025-class 28,20,1905AICIBH,7,7,,,7,Passed,,7,7.3
SP2025,SP2025-class 28,21,1905AIDBDF,7,7,,,6.9,Passed,,7,7.1
SP2025,SP2025-class 28,22,1905AHDJGC,8,8,,,8.1,Passed,,8,8.5
SP2025,SP2025-class 28,23,1905AGACHC,7.5,7,,,7.4,Passed,,7.5,7.9
SP2025,SP2025-class 28,24,1905AICGFA,6,7,,,5.5,Passed,,6,4
SP2025,SP2025-class 28,25,1905AICGFJ,7.5,8,,,7.3,Passed,,7.5,7.1
SP2025,SP2025-class 28,26,1905AHAGJC,7,7,,,7.5,Passed,,7,9.4
SP2025,SP2025-class 28,27,1905AICFJH,0,0,,,0,Not Passed,,0,0
SP2025,SP2025-class 28,28,1905AHJDAJ,7,8,,,6.9,Passed,,7,6.7
SP2025,SP2025-class 28,29,1905AHAGBJ,7,7,,,7.4,Passed,,7,9
SP2025,SP2025-class 28,30,1905AHCAEB,8,9,,,7.7,Passed,,8,6.7
SP2025,SP2025-class 28,31,1905AHBABA,7,7.5,,,7.2,Passed,,7,8.3
SP2025,SP2025-class 28,32,1905AHBDBB,7,7,,,7.3,Passed,,7,8.3
SP2025,SP2025-class 28,33,1905AIDBGI,7,7,,,6.5,Passed,,7,4.8
SP2025,SP2025-class 28,34,1905AHBCBD,9,10,,,8.8,Passed,,9,7.7
SP2025,SP2025-class 29,1,1905AIDACF,6,10,,,7.2,Passed,,9.3,8.8
SP2025,SP2025-class 29,2,1905AIDBIF,6,8,,,6,Passed,,6,4.4
SP2025,SP2025-class 29,3,1905AHDJDD,5,10,,,7,Passed,,9.5,5.8
SP2025,SP2025-class 29,4,1905AHCCHJ,9,7,,,7.5,Passed,,8.8,5.4
SP2025,SP2025-class 29,5,1905AIDAHJ,6,10,,,6.4,Passed,,9.3,4.6
SP2025,SP2025-class 29,6,1905AIDCJE,6,8,,,6.2,Passed,,8.8,4
SP2025,SP2025-class 29,7,1905AIDJJI,7,10,,,8.1,Passed,,9.5,6.5
SP2025,SP2025-class 29,8,1905AHDDJI,6,10,,,8.3,Passed,,9.8,7.3
SP2025,SP2025-class 29,9,1905AIDJHG,7,10,,,8.6,Passed,,9.5,8.3
SP2025,SP2025-class 29,10,1905AICHIB,6,10,,,8.1,Passed,,8.8,6.9
SP2025,SP2025-class 29,11,1905AIBGED,6,10,,,7.9,Passed,,6.5,6.5
SP2025,SP2025-class 29,12,1905AICIDI,6,10,,,8.1,Passed,,9,6.9
SP2025,SP2025-class 29,13,1905AHDJED,5,10,,,7.3,Passed,,9.3,7.5
SP2025,SP2025-class 29,14,1905AIDBDA,7,10,,,7.7,Passed,,9.3,4.2
SP2025,SP2025-class 29,15,1905AIDBJE,7,10,,,8.4,Passed,,7.3,8.2
SP2025,SP2025-class 29,16,1905AHDCGI,6,10,,,8.4,Passed,,7,8.8
SP2025,SP2025-class 29,17,1905AIDAHD,7,10,,,8.3,Passed,,9.3,7.3
SP2025,SP2025-class 29,18,1905AIDAJH,6,10,,,6.9,Passed,,8.8,7.7
SP2025,SP2025-class 29,19,1905AHBGIF,9,7,,,8.4,Passed,,9.3,9.4
SP2025,SP2025-class 29,20,1905AIDCIJ,6,8,,,6.8,Passed,,8.8,7.1
SP2025,SP2025-class 29,21,1905AICIBA,6,10,,,7.9,Passed,,8,6.3
SP2025,SP2025-class 29,22,1905AIDJDC,7,10,,,7.6,Passed,,9.5,6
SP2025,SP2025-class 29,23,1905AIBHHB,6,10,,,7.8,Passed,,8,5.6
SP2025,SP2025-class 29,24,1905AHAHCD,9,7,,,7.6,Passed,,9.5,5.4
SP2025,SP2025-class 29,25,1905AIDAGI,6,10,,,6.9,Passed,,9,6.7
SP2025,SP2025-class 29,26,1905AHDCEE,5,10,,,7.3,Passed,,9,7.9
SP2025,SP2025-class 29,27,1905AIDBBI,7,10,,,7.7,Passed,,8.3,5
SP2025,SP2025-class 29,28,1905AHDJDJ,9,7,,,8,Passed,,8.5,8.1
SP2025,SP2025-class 29,29,1905AHDJDG,5,10,,,7.4,Passed,,9.5,7.9
SP2025,SP2025-class 29,30,1905AIDCJB,6,8,,,6.8,Passed,,9,6.9
SP2025,SP2025-class 29,31,1905AICIIH,6,10,,,8.1,Passed,,9.3,6.5
SP2025,SP2025-class 29,32,1905AIDJGJ,7,10,,,8.5,Passed,,7.5,8.5
SP2025,SP2025-class 30,1,1905AIDFBB,6.5,7,,,6.8,Passed,,7.7,7.1
SP2025,SP2025-class 30,2,1905AHAFJC,8.5,8,,,8.1,Passed,,7.8,6.9
SP2025,SP2025-class 30,3,1905AIDEDD,6.5,9,,,7.2,Passed,,8.2,7.7
SP2025,SP2025-class 30,4,1905AHJGJG,6.5,6.5,,,6.9,Passed,,7.9,8.3
SP2025,SP2025-class 30,5,1905AIDDIG,6.5,1,,,6.6,Passed,,8.9,8.1
SP2025,SP2025-class 30,6,1905AIDFJE,6.5,9,,,7.5,Passed,,8.8,8.8
SP2025,SP2025-class 30,7,1905AIDFHB,6.5,9,,,7,Passed,,7.2,7.3
SP2025,SP2025-class 30,8,1905AIDFBH,6.5,8.5,,,6.5,Passed,,7.8,4.6
SP2025,SP2025-class 30,9,1905AIDGFJ,7.5,3.5,,,7.2,Passed,,8.3,8.3
SP2025,SP2025-class 30,10,1905AHAGJB,8.5,7.5,,,8.5,Passed,,7.8,8.8
SP2025,SP2025-class 30,11,1905AHAFEE,8.5,7,,,8.1,Passed,,7.3,7.7
SP2025,SP2025-class 30,12,1905AGAEDI,6.5,8.5,,,6.2,Passed,,7.2,4.2
SP2025,SP2025-class 30,13,1905AIDGIF,7.5,1,,,6.5,Passed,,7.5,6
SP2025,SP2025-class 30,14,1905AIDDGJ,7.5,0,,,6.5,Not Passed,,8.1,6.3
SP2025,SP2025-class 30,15,1905AIDGEE,6.5,7.5,,,6.9,Passed,,7.8,7.8
SP2025,SP2025-class 30,16,1905AIDEGF,6.5,9,,,7.3,Passed,,8.5,7.9
SP2025,SP2025-class 30,17,1905AGBCAF,7.5,0,,,5.1,Attendance Fail,,7.3,0
SP2025,SP2025-class 30,18,1905AIDEGE,6.5,0.5,,,5.3,Not Passed,,7,3.4
SP2025,SP2025-class 30,19,1905AHJFHE,6.5,6,,,6.3,Passed,,5.9,6.3
SP2025,SP2025-class 30,20,1905AIDIBD,6.5,0,,,5.1,Not Passed,,6.2,3.1
SP2025,SP2025-class 30,21,1905AHJGAJ,6.5,6,,,7.1,Passed,,8.4,9
SP2025,SP2025-class 30,22,1905AHDJCC,6.5,0,,,6.1,Not Passed,,7.9,7.1
SP2025,SP2025-class 30,23,1905AHBHFG,6.5,1,,,6.1,Passed,,8.3,6.5
SP2025,SP2025-class 30,24,1905AIDHFG,8.5,1,,,7.4,Passed,,7.1,7.1
SP2025,SP2025-class 30,25,1905AHDJBI,6.5,7,,,6.9,Passed,,8,7.7
SP2025,SP2025-class 30,26,1905AIDFHD,6.5,9,,,7.5,Passed,,8.4,9.4
SP2025,SP2025-class 30,27,1905AIDFJB,6.5,8,,,7,Passed,,7.9,8
SP2025,SP2025-class 30,28,1905AIDGIB,0,0,,,0,Attendance Fail,,0,0
SP2025,SP2025-class 30,29,1905AHBJFJ,6.5,1,,,6.1,Passed,,7.8,6.7
SP2025,SP2025-class 31,1,1905AHDBBA,8.1,9,,,8,Passed,,8.9,6.3
SP2025,SP2025-class 31,2,1905AIFBFJ,8.2,8.7,,,7.8,Passed,,8.8,6.9
SP2025,SP2025-class 31,3,1905AGJECG,0,0,,,0,Attendance Fail,,0,0
SP2025,SP2025-class 31,4,1905AIFFFI,8.4,9.2,,,8,Passed,,9.3,5.4
SP2025,SP2025-class 31,5,1905AIFBFH,8.1,8.1,,,7.1,Passed,,7.1,4.4
SP2025,SP2025-class 31,6,1905AIFFEI,6.1,7.8,,,7.6,Passed,,6.9,7.5
SP2025,SP2025-class 31,7,1905AIFDHD,8.4,9.5,,,8.9,Passed,,9.6,9
SP2025,SP2025-class 31,8,1905AHJEHE,8.1,8.1,,,7.6,Passed,,6.1,6
SP2025,SP2025-class 31,9,1905AIFDAI,8.3,8.5,,,7.8,Passed,,9.4,8.4
SP2025,SP2025-class 31,10,1905AIFBAE,8.1,8.7,,,8,Passed,,8.3,6.9
SP2025,SP2025-class 31,11,1905AIFDAB,8.4,8.4,,,7.7,Passed,,9.4,8.1
SP2025,SP2025-class 31,12,1905AHDEGC,8.5,8.7,,,7.9,Passed,,8.6,7.5
SP2025,SP2025-class 31,13,1905AIFFJA,6.1,8.2,,,7.2,Passed,,8.1,5
SP2025,SP2025-class 31,14,1905AIFBJH,7.9,7.1,,,6.5,Passed,,6,5.8
SP2025,SP2025-class 31,15,1905AIBFCH,1,0,,,0.1,Attendance Fail,,0,0
SP2025,SP2025-class 31,16,1905AIFFJE,8.4,9.1,,,8.5,Passed,,9.6,8.8
SP2025,SP2025-class 31,17,1905AIFCBB,8.3,8.3,,,7.6,Passed,,9,7.7
SP2025,SP2025-class 31,18,1905AIFDHI,1,0,,,0.6,Attendance Fail,,4.5,0
SP2025,SP2025-class 31,19,1905AIFBAH,8.2,8.1,,,7.6,Passed,,7.2,6.7
SP2025,SP2025-class 31,20,1905AIFBCF,7.9,7.2,,,5.4,Not Passed,,6.3,0
SP2025,SP2025-class 31,21,1905AHCCGJ,8.1,9.2,,,8.1,Passed,,9.6,6
SP2025,SP2025-class 31,22,1905AIFFFA,8.3,8.4,,,7.2,Passed,,9.3,5.8
SP2025,SP2025-class 31,23,1905AHAFGI,8.1,8.6,,,7.3,Passed,,9.3,5.6
SP2025,SP2025-class 31,24,1905AHCHHC,8.5,8,,,7.3,Passed,,6.7,5.6
SP2025,SP2025-class 31,25,1905AHDGFA,8.1,9,,,8.2,Passed,,8.9,6.9
SP2025,SP2025-class 31,26,1905AIFFBA,8.3,9.1,,,8,Passed,,9.9,6.8
SP2025,SP2025-class 31,27,1905AIFBBJ,8.2,2.9,,,1.5,Attendance Fail,,2.9,0
SP2025,SP2025-class 31,28,1905AIFBJB,8.2,7.7,,,7.4,Passed,,6.1,6.5
SP2025,SP2025-class 31,29,1905AIFBDD,8.1,8.3,,,8,Passed,,6.8,7.8
SP2025,SP2025-class 31,30,1905AIFBAI,7.9,7,,,6.8,Passed,,5.7,7.5
SP2025,SP2025-class 31,31,1905AHJCBE,8.5,6.3,,,6.2,Passed,,5.3,7.9
SP2025,SP2025-class 31,32,1905AIFDEI,6.1,7.8,,,7.9,Passed,,6.8,9.4
SP2025,SP2025-class 31,33,1905AHDGII,8.5,8.2,,,7.6,Passed,,7.2,6.7
SP2025,SP2025-class 31,34,1905AGBHII,7.9,8.2,,,7.4,Passed,,9.3,8.1
SP2025,SP2025-class 31,35,1905AICJBD,5.6,8.4,,,7.9,Passed,,8.9,7.9
SP2025,SP2025-class 32,1,1905AHDIHA,8,7.5,,,7.6,Passed,,9,7.1
SP2025,SP2025-class 32,2,1905AIFFHI,7,7.5,,,7.3,Passed,,8.1,6.7
SP2025,SP2025-class 32,3,1905AIFHEB,8,8,,,7.5,Passed,,7.5,7.1
SP2025,SP2025-class 32,4,1905AIBBCI,6,6,,,5.7,Passed,,5.9,5.8
SP2025,SP2025-class 32,5,1905AIJCGD,6,7,,,6.3,Passed,,7.4,7.5
SP2025,SP2025-class 32,6,1905AHBABE,7,7,,,7.4,Passed,,9.4,6.3
SP2025,SP2025-class 32,7,1905AIJBII,4,0,,,5.3,Not Passed,,7.3,7.3
SP2025,SP2025-class 32,8,1905AHJCBG,8,7.5,,,7.7,Passed,,8.9,7.3
SP2025,SP2025-class 32,9,1905AIFHED,7,6.5,,,7.5,Passed,,7.5,8.5
SP2025,SP2025-class 32,10,1905AHDBJE,6,4,,,6.6,Passed,,7.2,6.3
SP2025,SP2025-class 32,11,1905AIJCHH,6,7.5,,,6.3,Passed,,8.2,7.3
SP2025,SP2025-class 32,12,1905AHCIAI,8,8,,,6.8,Passed,,7.1,4
SP2025,SP2025-class 32,13,1905AHCCAC,7,7,,,7.1,Passed,,7.2,6.9
SP2025,SP2025-class 32,14,1905AGBBJE,6,0.5,,,6.8,Passed,,7.8,8.2
SP2025,SP2025-class 32,15,1905AGCFDE,0,0,,,0,Attendance Fail,,0,0
SP2025,SP2025-class 32,16,1905AIDDCA,8,7.5,,,7.8,Passed,,8.2,7.5
SP2025,SP2025-class 32,17,1905AGBCIJ,0,0,,,0,Attendance Fail,,0,0
SP2025,SP2025-class 32,18,1905AICDIJ,7,7.5,,,7.6,Passed,,8.3,7.9
SP2025,SP2025-class 32,19,1905AHDGAJ,6,8,,,5.6,Passed,,6.2,4.2
SP2025,SP2025-class 32,20,1905AIBFAE,7,8.5,,,6.8,Passed,,8,6.5
SP2025,SP2025-class 32,21,1905AIFFHF,8,8.5,,,8,Passed,,8.9,9
SP2025,SP2025-class 32,22,1905AHBIBJ,7,6.5,,,7,Passed,,7.7,6
SP2025,SP2025-class 32,23,1905ACJBFI,1,2,,,0.3,Attendance Fail,,0,0
SP2025,SP2025-class 32,24,1905AHCHJA,6,0.5,,,6.5,Passed,,7.2,7.5
SP2025,SP2025-class 32,25,1905AHAEIF,6,7,,,6.4,Passed,,5.4,8.8
SP2025,SP2025-class 32,26,1905AHCDCJ,7,7,,,7.4,Passed,,7.2,8.1
SP2025,SP2025-class 32,27,1905AIBFBC,7,7.5,,,7.1,Passed,,8.9,7.9
SP2025,SP2025-class 32,28,1905AHJAJD,7,5,,,6.8,Passed,,7.3,6.3
SP2025,SP2025-class 32,29,1905AHAGIA,0,1,,,0.1,Attendance Fail,,0,0
SP2025,SP2025-class 32,30,1905AHCEFJ,7,7,,,7.1,Passed,,8.1,6.3
SP2025,SP2025-class 32,31,1905AICIAA,7,7.5,,,6.4,Passed,,7.9,4.8
SP2025,SP2025-class 32,32,1905AIBFDB,7,7.5,,,6.6,Passed,,8.6,5.4
SP2025,SP2025-class 32,33,1905AGBEEI,6,7.5,,,6.8,Passed,,8,9.2
SP2025,SP2025-class 32,34,1905AHBBAE,7,8,,,7.5,Passed,,8.1,7.9
SP2025,SP2025-class 32,35,1905AHBEDJ,6,3.5,,,6.5,Passed,,6.2,6.5
SP2025,SP2025-class 33,1,1905AIFBAJ,8,10,,,8.7,Passed,,9.1,8.6
SP2025,SP2025-class 33,2,1905AICBBB,9,9.1,,,8.6,Passed,,8.4,8.6
SP2025,SP2025-class 33,3,1905AIJIJB,9,10,,,8.8,Passed,,9.1,8
SP2025,SP2025-class 33,4,1905AIBEEC,8.5,10,,,8.4,Passed,,6.3,7.6
SP2025,SP2025-class 33,5,1905AIJBHC,8,10,,,8.1,Passed,,8.1,6.4
SP2025,SP2025-class 33,6,1905AIDDID,8,10,,,8.8,Passed,,8.8,9.2
SP2025,SP2025-class 33,7,1905AIJIJJ,7.5,7.4,,,7.9,Passed,,8.1,6.6
SP2025,SP2025-class 33,8,1905AIBFGC,9,10,,,8.7,Passed,,8.8,7.6
SP2025,SP2025-class 33,9,1905AIJJGJ,8,9.8,,,8.6,Passed,,9.3,8
SP2025,SP2025-class 33,10,1905AIDFCH,8.5,10,,,8.4,Passed,,8.4,7.4
SP2025,SP2025-class 33,11,1905AIDEEG,8.5,8.9,,,8.3,Passed,,8.6,7.2
SP2025,SP2025-class 33,12,1905AIDGFI,8.5,8.7,,,8.6,Passed,,7.9,8
SP2025,SP2025-class 33,13,1905AIBBDJ,9,9,,,8.3,Passed,,8.4,7
SP2025,SP2025-class 33,14,1905AIBBAA,9,9.2,,,7.9,Passed,,6.6,6.2
SP2025,SP2025-class 33,15,1905AICIEB,9,9.1,,,8.8,Passed,,8.6,9.2
SP2025,SP2025-class 33,16,1905AIJGCI,9,9.4,,,8.9,Passed,,9.8,8.6
SP2025,SP2025-class 33,17,1905AIDHJJ,9,9.8,,,8.5,Passed,,7.1,8.2
SP2025,SP2025-class 33,18,1905AICEEI,8,9.8,,,8.5,Passed,,6.6,9.2
SP2025,SP2025-class 33,19,1905AIBBGA,7.5,6.9,,,7.6,Passed,,7.7,5.6
SP2025,SP2025-class 33,20,1905AIJAJD,8,10,,,8.4,Passed,,8.6,7.6
SP2025,SP2025-class 33,21,1905AIJGAF,8.5,9.5,,,8.7,Passed,,8.9,8.8
SP2025,SP2025-class 33,22,1905AIJCFA,9,9.6,,,8.8,Passed,,9.1,8.6
SP2025,SP2025-class 33,23,1905AIBJFH,9,9.8,,,8.1,Passed,,6.8,6.8
SP2025,SP2025-class 33,24,1905AIJJDD,8,9.5,,,8.5,Passed,,8.7,8.4
SP2025,SP2025-class 33,25,1905AIFEJA,8,10,,,8.8,Passed,,8.9,9
SP2025,SP2025-class 33,26,1905AIBFDJ,7.5,7.1,,,7.9,Passed,,8.4,6.6
SP2025,SP2025-class 33,27,1905AIBCIC,8.5,10,,,8.2,Passed,,6.9,7
SP2025,SP2025-class 33,28,1905AIDIJJ,9,9.9,,,8.3,Passed,,6.8,8
SP2025,SP2025-class 33,29,1905AIJIEE,8,7.6,,,8.2,Passed,,7.9,8.6
SP2025,SP2025-class 33,30,1905AICDEH,8,7.4,,,8.2,Passed,,6.1,9.6
SP2025,SP2025-class 33,31,1905AIJGJG,8.5,8.7,,,8.4,Passed,,9.3,7.8
SP2025,SP2025-class 33,32,1905AIFHEC,9,9,,,8.8,Passed,,9.4,9.2
SP2025,SP2025-class 33,33,1905AIDBBF,8.5,10,,,8.6,Passed,,7.8,7.6
SP2025,SP2025-class 33,34,1905AIFFJD,8,10,,,8.2,Passed,,8.3,6.6
SP2025,SP2025-class 33,35,1905AICDHF,8,9.2,,,8.2,Passed,,7.9,7.8
SP2025,SP2025-class 34,1,1905AIJAAA,8.5,8.1,,,8.1,Passed,,8.3,7.4
SP2025,SP2025-class 34,2,1905AIJAJB,8.5,8.9,,,8.1,Passed,,8.8,6.8
SP2025,SP2025-class 34,3,1905AIBEEG,8.5,8,,,8.2,Passed,,8.1,8
SP2025,SP2025-class 34,4,1905AHCGCI,8.5,10,,,8.5,Passed,,7.8,8.4
SP2025,SP2025-class 34,5,1905AIBGEB,8.5,10,,,8.4,Passed,,8.8,8.2
SP2025,SP2025-class 34,6,1905AHBJFI,8.5,10,,,8.5,Passed,,7.7,8.6
SP2025,SP2025-class 34,7,1905AICCCF,8.5,7.3,,,8,Passed,,7.7,8.2
SP2025,SP2025-class 34,8,1905AICCIB,8.5,7.2,,,8.1,Passed,,8.4,8.2
SP2025,SP2025-class 34,9,1905AIDBDE,8.5,10,,,8.5,Passed,,7.6,8.4
SP2025,SP2025-class 34,10,1905AIDBJC,8.5,10,,,8.6,Passed,,8,8.8
SP2025,SP2025-class 34,11,1905AICHCA,8.5,10,,,8.6,Passed,,8.9,8.8
SP2025,SP2025-class 34,12,1905AIBJDC,8.5,9,,,8.3,Passed,,7.8,8
SP2025,SP2025-class 34,13,1905AIDCBB,8.5,9.2,,,6.9,Passed,,5.6,7.2
SP2025,SP2025-class 34,14,1905AICJDB,8.5,10,,,7.9,Passed,,8.2,6.6
SP2025,SP2025-class 34,15,1905AICGEB,8.5,10,,,8.2,Passed,,8.1,7.2
SP2025,SP2025-class 34,16,1905AIBBCH,8.5,7.6,,,7.6,Passed,,8.8,6
SP2025,SP2025-class 34,17,1905AIDEEC,8.5,10,,,8.3,Passed,,7.7,8.4
SP2025,SP2025-class 34,18,1905AHBJGI,6,6.8,,,6.2,Passed,,6.4,5.6
SP2025,SP2025-class 34,19,1905AIDBEF,8.5,10,,,8.5,Passed,,8.2,8.2
SP2025,SP2025-class 34,20,1905AIDJIC,8.5,10,,,8.7,Passed,,8.4,9
SP2025,SP2025-class 34,21,1905AIBIFI,8.5,10,,,8.4,Passed,,7.1,8.2
SP2025,SP2025-class 34,22,1905AIBGBD,6,9.5,,,7.6,Passed,,8.1,6.6
SP2025,SP2025-class 34,23,1905AICJCA,8.5,7.2,,,7.9,Passed,,8.1,7.6
SP2025,SP2025-class 34,24,1905AIBJDI,8.5,9.6,,,8.6,Passed,,8,9
SP2025,SP2025-class 34,25,1905AICJJH,8.5,8.6,,,8.5,Passed,,7.9,9
SP2025,SP2025-class 34,26,1905AIBJBD,6,8.6,,,7.7,Passed,,7.4,7.6
SP2025,SP2025-class 34,27,1905AIBCHH,8.5,9.3,,,8.5,Passed,,9,9
SP2025,SP2025-class 34,28,1905AIDBFF,8.5,7.5,,,6.4,Passed,,4.4,6.4
SP2025,SP2025-class 34,29,1905AICEEE,8.5,9.6,,,8.3,Passed,,8,8.8
SP2025,SP2025-class 34,30,1905AICEFD,8.5,6.5,,,7.5,Passed,,6.7,6.4
SP2025,SP2025-class 34,31,1905AIDAFJ,8.5,9.3,,,8.1,Passed,,7.8,6.6
SP2025,SP2025-class 34,32,1905AIDBFE,6,8,,,7.2,Passed,,7.4,5.8
SP2025,SP2025-class 34,33,1905AICBBI,8.5,9.2,,,8,Passed,,8.4,7.2
SP2025,SP2025-class 34,34,1905AICHBE,8.5,9.8,,,8.1,Passed,,7.6,7.4
SP2025,SP2025-class 34,35,1901AIDBHB,8.5,10,,,8.4,Passed,,6.4,8.8
SP2025,SP2025-class 35,1,1905AHCGAJ,6,8.7,,,6.2,Passed,,5.3,9
SP2025,SP2025-class 35,2,1905AICBAD,0,6.9,,,0.7,Attendance Fail,,0,0
SP2025,SP2025-class 35,3,1905AHCAGE,8.5,10,,,7.9,Passed,,7.7,5.4
SP2025,SP2025-class 35,4,1905AHJDCG,8,7.2,,,6.8,Passed,,5.8,5.8
SP2025,SP2025-class 35,5,1905AIDCFI,8,10,,,7.7,Passed,,6.8,5.6
SP2025,SP2025-class 35,6,1905AIJHFB,9,10,,,8.4,Passed,,7.9,8
SP2025,SP2025-class 35,7,1905AIDCDI,9,8.5,,,8,Passed,,7.2,6.6
SP2025,SP2025-class 35,8,1905AIFCBE,8,9.4,,,8.6,Passed,,7.2,9.6
SP2025,SP2025-class 35,9,1905AIDFGC,8.5,10,,,8.4,Passed,,8.1,7.4
SP2025,SP2025-class 35,10,1905AICEAB,8.5,9.4,,,7.1,Passed,,6.8,6.2
SP2025,SP2025-class 35,11,1905AHJCEF,8,10,,,7.8,Passed,,5.3,6.4
SP2025,SP2025-class 35,12,1905AICCJH,8.5,10,,,7.8,Passed,,7.5,7.8
SP2025,SP2025-class 35,13,1905AIBFGF,8.5,10,,,8.2,Passed,,7.8,7.4
SP2025,SP2025-class 35,14,1905AGCGJC,8,7.4,,,7.5,Passed,,8,5
SP2025,SP2025-class 35,15,1905AIFDAA,9,7.3,,,8.5,Passed,,7.9,8.8
SP2025,SP2025-class 35,16,1705AIJAEC,8,10,,,7.7,Passed,,7.3,8.2
SP2025,SP2025-class 35,17,1905AHBFJJ,8.5,10,,,8.2,Passed,,7.1,7.2
SP2025,SP2025-class 35,18,1905AICFHE,9,9.5,,,8.7,Passed,,7.4,9
SP2025,SP2025-class 35,19,1905AIJJCG,8.5,10,,,8.5,Passed,,7.8,8.4
SP2025,SP2025-class 35,20,1905AIBCBA,8.5,10,,,8.1,Passed,,8.1,6.4
SP2025,SP2025-class 35,21,1905AIDADH,9,10,,,8.5,Passed,,8.8,8.4
SP2025,SP2025-class 35,22,1905AIBFAI,8.5,10,,,7.3,Passed,,7.1,7.2
SP2025,SP2025-class 35,23,1905AIJICJ,8.5,10,,,8.1,Passed,,7.3,7.2
SP2025,SP2025-class 35,24,1905AICBCG,8.5,7.7,,,7.7,Passed,,6.9,5.4
SP2025,SP2025-class 35,25,1905AIJHBE,9,10,,,8.4,Passed,,8.1,8
SP2025,SP2025-class 35,26,1905AIJHCH,9,9.6,,,8.4,Passed,,8,7
SP2025,SP2025-class 35,27,1905AIBIGH,8,10,,,7.8,Passed,,7.6,8.4
SP2025,SP2025-class 35,28,1905AIBFEH,8.5,10,,,8,Passed,,6.7,6.8
SP2025,SP2025-class 35,29,1905AIBFCJ,8.5,5,,,6.6,Passed,,6.3,6.6
SP2025,SP2025-class 35,30,1905AIJHII,9,10,,,8.5,Passed,,8.8,8
SP2025,SP2025-class 35,31,1905AIFFEE,8.5,9.8,,,8.5,Passed,,8,8
SP2025,SP2025-class 35,32,1905AHCFID,8.5,9.9,,,8.4,Passed,,7.8,7.6
SP2025,SP2025-class 35,33,1905AHCJFA,8,9,,,7.2,Passed,,6.6,6.6
SP2025,SP2025-class 35,34,1905AIJIIJ,6,0,,,3.6,Attendance Fail,,6.4,0
SP2025,SP2025-class 35,35,1905AIJJHC,8.5,10,,,8.5,Passed,,7.3,8.4
SP2025,SP2025-class 36,1,1905AIFCCJ,6,9.5,,,7.7,Passed,,9.6,8.6
SP2025,SP2025-class 36,2,1905AIDGGG,6,9.5,,,7.5,Passed,,9.6,7.6
SP2025,SP2025-class 36,3,1905AIFCBG,8.5,7.5,,,8.2,Passed,,9.6,7
SP2025,SP2025-class 36,4,1905AIAJJH,6,9.5,,,7,Passed,,7.5,8.4
SP2025,SP2025-class 36,5,1905AICBHA,7.5,9.5,,,8.2,Passed,,9.6,8.8
SP2025,SP2025-class 36,6,1905AICBBD,6,9.5,,,7.4,Passed,,9.6,8.8
SP2025,SP2025-class 36,7,1905AGJBAJ,7.5,8,,,7.1,Passed,,9.6,5.6
SP2025,SP2025-class 36,8,1905AGAEJH,5,7,,,6.4,Passed,,10,7.4
SP2025,SP2025-class 36,9,1905AIDDGB,6,9.5,,,7.7,Passed,,9.6,9
SP2025,SP2025-class 36,10,1905AGBHBB,5,7,,,6.3,Passed,,9.1,7.4
SP2025,SP2025-class 36,11,1905AIJIJA,8,9.5,,,7.8,Passed,,10,5.4
SP2025,SP2025-class 36,12,1905AFABCB,6,9.5,,,6.9,Passed,,9.1,7
SP2025,SP2025-class 36,13,1905AIFBDC,8,9.5,,,8,Passed,,10,6.2
SP2025,SP2025-class 36,14,1905AIFDCG,8.5,9.5,,,9.2,Passed,,9.6,9.6
SP2025,SP2025-class 36,15,1905AIJEGC,8,9.5,,,8.3,Passed,,9.6,8.4
SP2025,SP2025-class 36,16,1905AHBDAH,8,9.5,,,8.3,Passed,,9.6,6
SP2025,SP2025-class 36,17,1905AIJGAJ,8,9.5,,,8.6,Passed,,10,9.2
SP2025,SP2025-class 36,18,1905AIFGCB,7.5,8.5,,,7.4,Passed,,9.6,5.4
SP2025,SP2025-class 36,19,1905AICBFB,8,9.5,,,8.5,Passed,,10,8.6
SP2025,SP2025-class 36,20,1905AIJEHA,8,9.5,,,8.3,Passed,,9.1,8.4
SP2025,SP2025-class 36,21,1905AICJIH,6,9.5,,,7.2,Passed,,9.6,8
SP2025,SP2025-class 36,22,1905AIJCJB,8,9.5,,,8.8,Passed,,9.6,8.4
SP2025,SP2025-class 36,23,1905AICAEE,6,9.5,,,7.3,Passed,,10,8.2
SP2025,SP2025-class 36,24,1905AIFDJF,6,9.5,,,7.7,Passed,,9.6,8.6
SP2025,SP2025-class 36,25,1905AIFBIF,8.5,9.5,,,9,Passed,,9.6,8.6
SP2025,SP2025-class 36,26,1905AHJEAD,7.5,8,,,7,Passed,,10,4.6
SP2025,SP2025-class 36,27,1905AGAEIG,5,7,,,6.3,Passed,,10,7
SP2025,SP2025-class 36,28,1905AIJEHE,8,9.5,,,8,Passed,,9.1,7.2
SP2025,SP2025-class 36,29,1905AICEAI,8,9.5,,,9,Passed,,9.6,9.2
SP2025,SP2025-class 36,30,1905AIBCEH,6,9.5,,,7.3,Passed,,9.6,9
SP2025,SP2025-class 36,31,1905AICFDA,7.5,9.5,,,8,Passed,,9.1,8
SP2025,SP2025-class 36,32,1905AIFEHG,7.5,9.5,,,8.2,Passed,,9.6,7.4
SP2025,SP2025-class 36,33,1905AIFDGD,6,9.5,,,7.3,Passed,,10,8.2
SP2025,SP2025-class 36,34,1905AICDEB,7.5,9.5,,,8.3,Passed,,9.6,9.4
SP2025,SP2025-class 36,35,1905AIAJFE,7.5,8,,,8.1,Passed,,9.6,9
SP2025,SP2025-class 37,1,1905AIBGAH,7.8,7,,,6.9,Passed,,6.5,5.2
SP2025,SP2025-class 37,2,1905AIFDAD,7.8,7.5,,,7.8,Passed,,7.8,7.6
SP2025,SP2025-class 37,3,1905AIDGAD,8.5,7.5,,,8,Passed,,8,7.8
SP2025,SP2025-class 37,4,1905AIAJIH,7.8,7,,,7,Passed,,7.8,5.2
SP2025,SP2025-class 37,5,1905AIBHEJ,7.8,7,,,7.5,Passed,,6.5,8.2
SP2025,SP2025-class 37,6,1905AICJJJ,8.3,7,,,8.1,Passed,,8.4,8.6
SP2025,SP2025-class 37,7,1905AIFBGB,8.8,7,,,7.7,Passed,,8.3,6.2
SP2025,SP2025-class 37,8,1905AIJEGG,8,8,,,8.1,Passed,,7.3,8.2
SP2025,SP2025-class 37,9,1905AIBCHB,7.8,7.6,,,8.1,Passed,,6.5,9.2
SP2025,SP2025-class 37,10,1905AIJCAA,7.8,6.4,,,7.2,Passed,,6.5,7.4
SP2025,SP2025-class 37,11,1905AIDFBD,8.2,8,,,8.3,Passed,,8,8.6
SP2025,SP2025-class 37,12,1905AIBHCG,7.8,7,,,7.5,Passed,,6.5,8
SP2025,SP2025-class 37,13,1905AIBECF,7.8,7.2,,,7.4,Passed,,7.5,7.4
SP2025,SP2025-class 37,14,1905AIDFFB,8.5,9,,,8.6,Passed,,8.5,8.4
SP2025,SP2025-class 37,15,1905AIDAFA,9,9,,,8.5,Passed,,9,6.4
SP2025,SP2025-class 37,16,1905AIJECF,8,8,,,8.2,Passed,,7.3,8.8
SP2025,SP2025-class 37,17,1905AIBIIC,8,7.5,,,7.8,Passed,,8,7.6
SP2025,SP2025-class 37,18,1905AIBIFB,8,7.8,,,8.2,Passed,,7.8,8.2
SP2025,SP2025-class 37,19,1905AHJEAH,7.8,6.8,,,7.5,Passed,,6.5,9
SP2025,SP2025-class 37,20,1905AIBHCD,7.8,7,,,7.1,Passed,,6.5,6
SP2025,SP2025-class 37,21,1905AHAGBF,7.8,6.4,,,6.5,Passed,,6.5,4.6
SP2025,SP2025-class 37,22,1905AHDIAE,9,9,,,8.4,Passed,,9,6
SP2025,SP2025-class 37,23,1905AIDDIA,8,7.6,,,7.8,Passed,,6.5,7.2
SP2025,SP2025-class 37,24,1905AIDAFF,7.8,7.2,,,7.7,Passed,,7.5,6.6
SP2025,SP2025-class 37,25,1905AIBIIH,8,7.5,,,7.8,Passed,,8,7.6
SP2025,SP2025-class 37,26,1905AIBIGI,8,7.5,,,7.8,Passed,,8,7.6
SP2025,SP2025-class 37,27,1905AIJFJG,8,8,,,8.2,Passed,,7.3,9
SP2025,SP2025-class 37,28,1905AGCAEF,7.8,6.5,,,6.8,Passed,,7.8,5.4
SP2025,SP2025-class 37,29,1905AICGJC,9,9,,,8.4,Passed,,8,6.6
SP2025,SP2025-class 37,30,1905AIDEIH,8.5,9,,,8.7,Passed,,8.5,9
SP2025,SP2025-class 37,31,1905AHCFJF,7.8,7.3,,,7.4,Passed,,6.5,7
SP2025,SP2025-class 37,32,1905AIBIBE,7.8,7,,,8.1,Passed,,8.3,9.2
SP2025,SP2025-class 37,33,1905AIDHEE,7.8,8,,,7.4,Passed,,7.5,4.8
SP2025,SP2025-class 37,34,1905AIDGAC,8.5,8,,,8.1,Passed,,8,7
SP2025,SP2025-class 37,35,1905AIDAEI,8,7,,,7.4,Passed,,6.5,5.8
SU2019,SU2019-class 1,1,1905FBDJI,7,8,4.2,8,6.3,Passed,,,
SU2019,SU2019-class 1,2,1905FBDEB,8.5,8.5,6.4,9,7.8,Passed,,,
SU2019,SU2019-class 1,3,1905ADJJBC,7,8,4.8,8.5,6.7,Passed,,,
SU2019,SU2019-class 1,4,1905FBBCH,8.5,8,8.2,8,8.2,Passed,,,
SU2019,SU2019-class 1,5,1905ADJFAI,7.5,8.5,8.2,8,8,Passed,,,
SU2019,SU2019-class 1,6,1905FBBHG,8.5,9.5,6.8,9,8.1,Passed,,,
SU2019,SU2019-class 1,7,1905ACJDGB,0,0,0,0,0,Not Passed,,,
SU2019,SU2019-class 1,8,1905FBFAI,8.5,8,8.6,9,8.6,Passed,,,
SU2019,SU2019-class 1,9,1905ADJCIC,9,9,8,9,8.6,Passed,,,
SU2019,SU2019-class 1,10,1905ADJIDI,8.5,8,6.2,8.5,7.5,Passed,,,
SU2019,SU2019-class 1,11,1905ACJJHB,0,0,0,0,0,Not Passed,,,
SU2019,SU2019-class 1,12,1905ADJGBC,8,8,6,8.5,7.4,Passed,,,
SU2019,SU2019-class 1,13,1905ADJCJB,8,9,5.2,8,7,Passed,,,
SU2019,SU2019-class 1,14,1905ACJBDH,8,8,5.2,8.5,7,Passed,,,
SU2019,SU2019-class 1,15,1905ADJEII,7,8,7.2,8,7.5,Passed,,,
SU2019,SU2019-class 1,16,1905ADJGJA,0,0,0,0,0,Not Passed,,,
SU2019,SU2019-class 1,17,1905ADJDCF,6,8,8.6,8.5,8,Passed,,,
SU2019,SU2019-class 1,18,1905ADJDGF,7,8,6.4,8.5,7.3,Passed,,,
SU2019,SU2019-class 1,19,1905FBCCB,8.5,8,5,9,7.2,Passed,,,
SU2019,SU2019-class 1,20,1905FBBCI,7,7,7.8,8,7.6,Passed,,,
SU2019,SU2019-class 1,21,1905FBBIJ,8.5,8,5,9,7.2,Passed,,,
SU2019,SU2019-class 1,22,1905ADJDAE,8,8.5,8.6,8,8.3,Passed,,,
SU2019,SU2019-class 1,23,1905ADJGDD,8,8,6.8,8.5,7.7,Passed,,,
SU2019,SU2019-class 1,24,1905FBCHC,9,8.5,7.2,8,7.9,Passed,,,
SU2019,SU2019-class 2,1,1905ADJBBB,8.8,9,4.8,9,7.3,Passed,,,
SU2019,SU2019-class 2,2,1905ACJCJJ,8.8,9,3.4,8.5,6.6,Not Passed,,,
SU2019,SU2019-class 2,3,1905ACJFAJ,9.2,8.7,5,9.2,7.5,Passed,,,
SU2019,SU2019-class 2,4,1905ADJFHF,8.8,8.5,0,9,5.3,Not Passed,,,
SU2019,SU2019-class 2,5,1905ACJDJH,0,0,0,0,0,Not Passed,,,
SU2019,SU2019-class 2,6,1905ACJFBC,9.2,9,5.4,9.2,7.7,Passed,,,
SU2019,SU2019-class 2,7,1905ADJBCE,9.2,9,6.8,8.7,8.1,Passed,,,
SU2019,SU2019-class 2,8,1905ACJDBD,8.2,8.5,5,8.5,7,Passed,,,
SU2019,SU2019-class 2,9,1905ADJDFA,9,9,4,9.2,7.1,Passed,,,
SU2019,SU2019-class 2,10,1905ADJADF,8.8,8.5,4.8,9,7.2,Passed,,,
SU2019,SU2019-class 2,11,1905ACJDAF,8.2,8,0,0,2.4,Not Passed,,,
SU2019,SU2019-class 2,12,1905ACJEHB,9.2,9,5.6,9.2,7.7,Passed,,,
SU2019,SU2019-class 2,13,1905ACJCII,0,0,0,0,0,Not Passed,,,
SU2019,SU2019-class 2,14,1905FCBCJ,0,5,0,0,0.5,Not Passed,,,
SU2019,SU2019-class 2,15,1905ACJAIJ,9,9,4.6,8.5,7.1,Passed,,,
SU2019,SU2019-class 2,16,1905ADJJGA,9,8.5,4.6,8.5,7,Passed,,,
SU2019,SU2019-class 3,1,1905ADJFIH,9,9,7,10,8.5,Passed,,,
SU2019,SU2019-class 3,2,1905ADAJAI,9,9.5,8.4,9,8.8,Passed,,,
SU2019,SU2019-class 3,3,1905ADJEEG,5.5,7.5,7.6,7,7,Passed,,,
SU2019,SU2019-class 3,4,1905ADJBAF,8,7.5,9.2,8,8.4,Passed,,,
SU2019,SU2019-class 3,5,1905ADJJEH,8,8.5,7.2,8,7.7,Passed,,,
SU2019,SU2019-class 3,6,1905ADJIGD,9,9,9.6,9,9.2,Passed,,,
SU2019,SU2019-class 3,7,1905ADJIIG,8,8,4.4,8,6.6,Passed,,,
SU2019,SU2019-class 3,8,1905ADAADF,7,9,9,8.5,8.5,Passed,,,
SU2019,SU2019-class 3,9,1905ADJIBE,9,9,8.2,10,9,Passed,,,
SU2019,SU2019-class 3,10,1905ADJHHB,8.5,9,7.4,9,8.3,Passed,,,
SU2019,SU2019-class 3,11,1905ADJJCJ,8.5,9,4.2,8.5,6.8,Passed,,,
SU2019,SU2019-class 3,12,1905ADJAFH,3,5,8.6,7,6.6,Passed,,,
SU2019,SU2019-class 3,13,1905ACJBGC,9,9,0,10,5.7,Not Passed,,,
SU2019,SU2019-class 3,14,1905ADJICH,8.5,8.5,8,8.5,8.3,Passed,,,
SU2019,SU2019-class 3,15,1905ACJJDD,9,10,7.8,10,8.9,Passed,,,
SU2019,SU2019-class 3,16,1905ADJCHI,6,7.5,6.6,8,7,Passed,,,
SU2019,SU2019-class 3,17,1905ADJIHC,8.5,9,7.8,9,8.4,Passed,,,
SU2019,SU2019-class 3,18,1905ADJIAJ,8.5,9,6.4,9,7.9,Passed,,,
SU2019,SU2019-class 3,19,1905ADJEGA,8.5,8,4,8.5,6.7,Passed,,,
SU2019,SU2019-class 3,20,1905ADJIGH,7.5,8,8.6,8.5,8.3,Passed,,,
SU2019,SU2019-class 3,21,1905ADJHGH,8.5,9,5.4,9,7.5,Passed,,,
SU2019,SU2019-class 3,22,1905ADJJHB,8,8,7.4,7,7.5,Passed,,,
SU2019,SU2019-class 3,23,1905ADJIDJ,9,10,4.8,10,7.7,Passed,,,
SU2019,SU2019-class 4,1,1905ADAJCH,10,9.5,4.8,10,7.9,Passed,,,
SU2019,SU2019-class 4,2,1905ADAACE,10,9.5,8.8,10,9.5,Passed,,,
SU2019,SU2019-class 4,3,1905ADAJDJ,10,8.5,6.6,10,8.5,Passed,,,
SU2019,SU2019-class 4,4,1905ADAJHC,10,9,7.2,10,8.8,Passed,,,
SU2019,SU2019-class 4,5,1905ADJDDE,10,8,7.4,10,8.8,Passed,,,
SU2019,SU2019-class 4,6,1905ADJHAH,10,9,4.4,10,7.7,Passed,,,
SU2019,SU2019-class 4,7,1905ADJADE,10,10,5.8,10,8.3,Passed,,,
SU2019,SU2019-class 4,8,1905ADJIEG,10,8.5,6.8,10,8.6,Passed,,,
SU2019,SU2019-class 4,9,1905ADJAAG,10,9.5,8.4,10,9.3,Passed,,,
SU2019,SU2019-class 4,10,1905ADJEAF,10,6.5,0,10,5.7,Not Passed,,,
SU2019,SU2019-class 4,11,1905ADJACF,10,9.5,7.4,10,8.9,Passed,,,
SU2019,SU2019-class 4,12,1905ADAJBG,10,9.5,6,10,8.4,Passed,,,
SU2019,SU2019-class 4,13,1905ADJJFH,10,9.5,6.6,10,8.6,Passed,,,
SU2019,SU2019-class 4,14,1905ADJHAF,10,8.5,6.8,10,8.6,Passed,,,
SU2019,SU2019-class 4,15,1905ADAAEJ,10,10,8,10,9.2,Passed,,,
SU2019,SU2019-class 4,16,1905ADJIGI,10,7,8.4,10,9.1,Passed,,,
SU2019,SU2019-class 4,17,1905ADJBCF,10,8.5,6.4,10,8.4,Passed,,,
SU2019,SU2019-class 4,18,1905ADJAEA,10,9.5,7.2,10,8.8,Passed,,,
SU2019,SU2019-class 4,19,1905ADAJFB,10,8.5,4.6,10,7.7,Passed,,,
SU2019,SU2019-class 4,20,1905ADJBDB,10,7,6.2,10,8.2,Passed,,,
SU2019,SU2019-class 4,21,1905ADJBGE,10,9,8.8,10,9.4,Passed,,,
SU2019,SU2019-class 4,22,1905ADJACI,10,9.5,5,10,8,Passed,,,
SU2019,SU2019-class 4,23,1905ADAJGH,10,9.5,4.6,10,7.8,Passed,,,
SU2019,SU2019-class 4,24,1905ADJBIG,10,8.5,6.8,10,8.6,Passed,,,
SU2019,SU2019-class 5,1,1905ADJJGE,10,10,0,9.5,5.9,Not Passed,,,
SU2019,SU2019-class 5,2,1905ADJEBJ,8,8,0,8.5,5,Not Passed,,,
SU2019,SU2019-class 5,3,1905ADAJDC,7.5,8,5.8,8,7,Passed,,,
SU2019,SU2019-class 5,4,1905ADJBDI,9,8,5.6,9,7.5,Passed,,,
SU2019,SU2019-class 5,5,1905ADJBED,7.5,8,5.2,8,6.8,Passed,,,
SU2019,SU2019-class 5,6,1905ADAJJH,8,8,6.6,8,7.4,Passed,,,
SU2019,SU2019-class 5,7,1905ADJBDH,8,9,5.6,8,7.1,Passed,,,
SU2019,SU2019-class 5,8,1905ADJBGH,7.5,9.5,4.4,9,6.9,Passed,,,
SU2019,SU2019-class 5,9,1905ADJJHH,9.5,10,6.4,9.5,8.3,Passed,,,
SU2019,SU2019-class 5,10,1905ACJFFG,8.5,9,0,9,5.3,Not Passed,,,
SU2019,SU2019-class 5,11,1905ADJBBC,8.5,8,4.8,9,7.1,Passed,,,
SU2019,SU2019-class 5,12,1905ADAJGC,5.5,6,6.2,7,6.3,Passed,,,
SU2019,SU2019-class 5,13,1905ADJACE,9,9,0,9,5.4,Not Passed,,,
SU2019,SU2019-class 5,14,1905ADJJAF,10,10,6.8,9.5,8.6,Passed,,,
SU2019,SU2019-class 5,15,1905ADJEBB,8,9,6,8.5,7.5,Passed,,,
SU2019,SU2019-class 5,16,1905ADJDCG,8,9,0,8,4.9,Not Passed,,,
SU2019,SU2019-class 5,17,1905ADJBAC,8.5,8,5.2,9,7.3,Passed,,,
SU2019,SU2019-class 5,18,1905ADJBHD,9.5,10,5.8,9.5,8.1,Passed,,,
SU2019,SU2019-class 5,19,1905ADJGEA,8,8,5,8,6.8,Passed,,,
SU2019,SU2019-class 5,20,1905ADJHHF,5,6,4.2,7,5.4,Passed,,,
SU2019,SU2019-class 5,21,1905ADJHFH,9,8,6.6,9,7.9,Passed,,,
SU2019,SU2019-class 5,22,1905ADJGDH,7.5,7,4.8,8,6.5,Passed,,,
SU2019,SU2019-class 5,23,1905ADJBIB,7.5,9.5,4.4,9,6.9,Passed,,,
SU2019,SU2019-class 5,24,1905ADJDHI,8,9,6.2,9,7.7,Passed,,,
SU2019,SU2019-class 6,1,1905ADJBEA,8.5,8.5,5,9.5,7.4,Passed,,,
SU2019,SU2019-class 6,2,1905ADJJBB,8.5,8,5,9.5,7.4,Passed,,,
SU2019,SU2019-class 6,3,1905ADJGFJ,8.5,8.5,6.6,8.5,7.7,Passed,,,
SU2019,SU2019-class 6,4,1905ADJJBG,8.5,8.3,5.2,9.5,7.5,Passed,,,
SU2019,SU2019-class 6,5,1905ADJJCI,8.5,8.5,6.6,9.5,8,Passed,,,
SU2019,SU2019-class 6,6,1905ADJBBI,8.5,8.8,5.6,9.5,7.7,Passed,,,
SU2019,SU2019-class 6,7,1905ADJGBH,9,8.5,6.8,10,8.4,Passed,,,
SU2019,SU2019-class 6,8,1905ADJJGF,8.5,9.5,7.6,9.5,8.5,Passed,,,
SU2019,SU2019-class 6,9,1905ADJCHJ,9,9,5.4,10,7.9,Passed,,,
SU2019,SU2019-class 6,10,1905ADJJIG,9,8.8,8.4,10,9,Passed,,,
SU2019,SU2019-class 6,11,1905ADJJEC,8.5,9.5,8.2,9.5,8.8,Passed,,,
SU2019,SU2019-class 6,12,1905ADJBFH,8.5,8.8,7,9,8.1,Passed,,,
SU2019,SU2019-class 6,13,1905ADJJGD,8.5,9.3,8.2,9.5,8.8,Passed,,,
SU2019,SU2019-class 6,14,1905ADJBDG,9,9.8,7.2,10,8.7,Passed,,,
SU2019,SU2019-class 6,15,1905ADJADJ,8.5,9.5,8,9.5,8.7,Passed,,,
SU2019,SU2019-class 6,16,1905ADJJAI,8.5,8,7.4,8.5,8,Passed,,,
SU2019,SU2019-class 6,17,1905ADJBEF,8.5,8.3,4.2,9.5,7.1,Passed,,,
SU2019,SU2019-class 6,18,1905ADJJBF,8.5,9,5.8,8.5,7.5,Passed,,,
SU2019,SU2019-class 6,19,1905ADJIHI,8.5,8.5,5,8.5,7.1,Passed,,,
SU2019,SU2019-class 6,20,1905ADJAIJ,8.5,9.3,7.6,9.5,8.5,Passed,,,
SU2019,SU2019-class 6,21,1905ADJBGD,8.5,8,4.8,9.5,7.3,Passed,,,
SU2019,SU2019-class 6,22,1905ADJGAC,8.5,9,8.4,9,8.7,Passed,,,
SU2019,SU2019-class 6,23,1905ADJIBG,8.5,9.5,6.2,9.5,8,Passed,,,
SU2019,SU2019-class 6,24,1905ADAJCB,0,5,0,0,0.5,Not Passed,,,
SU2019,SU2019-class 7,1,1905ADJFBI,10,5,6.8,10,8.2,Passed,,,
SU2019,SU2019-class 7,2,1905ADJICF,10,9.5,6.2,10,8.4,Passed,,,
SU2019,SU2019-class 7,3,1905ADJGDF,10,9,4.6,10,7.7,Passed,,,
SU2019,SU2019-class 7,4,1905ADJFCI,10,9,6.2,10,8.4,Passed,,,
SU2019,SU2019-class 7,5,1905ADJFEA,10,9.5,8.2,10,9.2,Passed,,,
SU2019,SU2019-class 7,6,1905ADJFHB,10,9,7,10,8.7,Passed,,,
SU2019,SU2019-class 7,7,1905ADJDII,10,8.5,5.4,10,8,Passed,,,
SU2019,SU2019-class 7,8,1905ADJGHA,10,9.5,9,10,9.6,Passed,,,
SU2019,SU2019-class 7,9,1905ADJICD,10,10,8.6,10,9.4,Passed,,,
SU2019,SU2019-class 7,10,1905ADJGDE,10,9,6,10,8.3,Passed,,,
SU2019,SU2019-class 7,11,1905ADJFFA,10,8.5,6.8,10,8.6,Passed,,,
SU2019,SU2019-class 7,12,1905ADJGEH,10,9.5,7,10,8.8,Passed,,,
SU2019,SU2019-class 7,13,1905ADJAGF,10,9,5.8,10,8.2,Passed,,,
SU2019,SU2019-class 7,14,1905ADJEEI,10,6.5,4.6,10,7.5,Passed,,,
SU2019,SU2019-class 7,15,1905ADJEFI,10,9.5,6.4,10,8.5,Passed,,,
SU2019,SU2019-class 7,16,1905ADJEBD,10,6.5,5,10,7.7,Passed,,,
SU2019,SU2019-class 7,17,1905ADJFJA,10,8,0,10,5.8,Not Passed,,,
SU2019,SU2019-class 7,18,1905ADJDAD,10,8.5,0,10,5.9,Not Passed,,,
SU2019,SU2019-class 7,19,1905ADJEED,10,7,7.4,10,8.7,Passed,,,
SU2019,SU2019-class 7,20,1905ADJDDH,10,7.5,4.8,10,7.7,Passed,,,
SU2019,SU2019-class 7,21,1905ACJEIF,10,9.5,5.6,10,8.2,Passed,,,
SU2019,SU2019-class 7,22,1905ADJDEA,10,10,0,10,6,Not Passed,,,
SU2019,SU2019-class 7,23,1905ADJDIC,10,9.5,4.8,10,7.9,Passed,,,
SU2019,SU2019-class 8,1,1905ADJFFJ,8.5,8,5.8,8,7.2,Passed,,,
SU2019,SU2019-class 8,2,1905ADJJDC,8,8,8,9,8.3,Passed,,,
SU2019,SU2019-class 8,3,1905ADJAGA,5,7,6.6,8,6.7,Passed,,,
SU2019,SU2019-class 8,4,1905ADJFDC,8.5,8.5,4.8,8,6.9,Passed,,,
SU2019,SU2019-class 8,5,1905ADJIDG,8.5,8,5.2,9,7.3,Passed,,,
SU2019,SU2019-class 8,6,1905ADJHCB,8,9,8.2,9,8.5,Passed,,,
SU2019,SU2019-class 8,7,1905ADJFEI,8.5,8,7.4,8,7.9,Passed,,,
SU2019,SU2019-class 8,8,1905ADJFGE,9,8,7.2,9,8.2,Passed,,,
SU2019,SU2019-class 8,9,1905ADJFHC,7.5,6,4.4,8,6.3,Passed,,,
SU2019,SU2019-class 8,10,1905ADJDEE,9,8,4.2,9,7,Passed,,,
SU2019,SU2019-class 8,11,1905ADJGBG,8.5,8,5.4,8.5,7.2,Passed,,,
SU2019,SU2019-class 8,12,1905ADJGBD,5,7,6,8,6.5,Passed,,,
SU2019,SU2019-class 8,13,1905ADJGGE,8.5,8.5,5.4,9,7.4,Passed,,,
SU2019,SU2019-class 8,14,1905ADJBFI,0,5,0,0,0.5,Not Passed,,,
SU2019,SU2019-class 8,15,1905ADJAEB,8.5,8,6.4,8.5,7.6,Passed,,,
SU2019,SU2019-class 8,16,1905ADJEIH,8.5,8,4.2,8,6.6,Passed,,,
SU2019,SU2019-class 8,17,1905ADJADF,0,0,0,0,0,Not Passed,,,
SU2019,SU2019-class 8,18,1905ADJGCA,8,8.5,7,8,7.7,Passed,,,
SU2019,SU2019-class 8,19,1905ADJBJB,8,9,7.8,8,8,Passed,,,
SU2019,SU2019-class 8,20,1905ADJJAB,7.5,8,6.4,9,7.6,Passed,,,
SU2019,SU2019-class 8,21,1905ADJBAG,6.5,8,7,8.5,7.5,Passed,,,
SU2019,SU2019-class 8,22,1905ADJEIJ,6.5,8,8.2,8.5,7.9,Passed,,,
SU2019,SU2019-class 8,23,1905ADAAGB,9,10,7.2,9,8.4,Passed,,,
SU2019,SU2019-class 8,24,1905ADJDFG,6.5,8,5.2,8.5,6.7,Passed,,,
SU2019,SU2019-class 9,1,1905ADJJDH,0,0,0,0,0,Not Passed,,,
SU2019,SU2019-class 9,2,1905ADJAGD,7,8,0,8,4.6,Not Passed,,,
SU2019,SU2019-class 9,3,1905ADAAEA,8,7,5,7.5,6.6,Passed,,,
SU2019,SU2019-class 9,4,1905ADJFBC,0,0,0,0,0,Not Passed,,,
SU2019,SU2019-class 9,5,1905ADJACC,7,7,7.6,6,6.9,Passed,,,
SU2019,SU2019-class 9,6,1905ADJAJH,8,8.5,6.6,9,7.8,Passed,,,
SU2019,SU2019-class 9,7,1905ADJHCJ,8.5,10,7.2,9,8.3,Passed,,,
SU2019,SU2019-class 9,8,1905ADJDAJ,0,0,0,0,0,Not Passed,,,
SU2019,SU2019-class 9,9,1905ADJAEC,8.5,8.5,9.2,9,8.9,Passed,,,
SU2019,SU2019-class 9,10,1905ADJDJF,6.5,7.5,4.4,6.5,5.8,Passed,,,
SU2019,SU2019-class 9,11,1905ADJAHH,7,7.5,6.8,7,7,Passed,,,
SU2019,SU2019-class 9,12,1905ADJGGG,6.5,6,7,6,6.5,Passed,,,
SU2019,SU2019-class 9,13,1905ADJJEG,7,7,7,8,7.3,Passed,,,
SU2019,SU2019-class 9,14,1905ADJAFA,8.5,8.5,8.8,9,8.8,Passed,,,
SU2019,SU2019-class 9,15,1905ADJAHF,5,5,6.4,5,5.6,Passed,,,
SU2019,SU2019-class 9,16,1905ACJFBE,7,7,4.2,6,5.6,Passed,,,
SU2019,SU2019-class 9,17,1905ADJJIH,7,7,7,7,7,Passed,,,
SU2019,SU2019-class 9,18,1905ADAAGI,0,0,0,0,0,Not Passed,,,
SU2019,SU2019-class 9,19,1905ACJGJD,0,0,0,0,0,Not Passed,,,
SU2019,SU2019-class 9,20,1905ACJDFG,0,0,0,0,0,Not Passed,,,
SU2019,SU2019-class 9,21,1905ADJJGB,8.5,10,8,9,8.6,Passed,,,
SU2019,SU2019-class 10,1,1905ADJFGD,10,9,6.4,10,8.5,Passed,,,
SU2019,SU2019-class 10,2,1905ADJFFC,10,9,4.2,10,7.6,Passed,,,
SU2019,SU2019-class 10,3,1905ADJCHB,10,9,0,10,5.9,Not Passed,,,
SU2019,SU2019-class 10,4,1905ADJGBA,10,8,7,10,8.6,Passed,,,
SU2019,SU2019-class 10,5,1905ADJEIC,10,8.5,6.6,10,8.5,Passed,,,
SU2019,SU2019-class 10,6,1905ADJGBE,10,9,4.4,10,7.7,Passed,,,
SU2019,SU2019-class 10,7,1905ADJCDB,10,8.5,5.8,10,8.2,Passed,,,
SU2019,SU2019-class 10,8,1905ADJCDE,0,0,0,0,0,Not Passed,,,
SU2019,SU2019-class 10,9,1905ADJBEB,10,8,5.2,10,7.9,Passed,,,
SU2019,SU2019-class 10,10,1905ADJEJG,10,7.5,0,10,5.8,Not Passed,,,
SU2019,SU2019-class 10,11,1905ADJDBG,10,8,4.8,10,7.7,Passed,,,
SU2019,SU2019-class 10,12,1905ADJEDG,10,9.5,6.8,10,8.7,Passed,,,
SU2019,SU2019-class 10,13,1905ADJFCC,10,5.5,5.2,10,7.6,Passed,,,
SU2019,SU2019-class 10,14,1905ADJECG,0,0,0,0,0,Not Passed,,,
SU2019,SU2019-class 10,15,1905ADJBEJ,10,9.5,4.4,10,7.7,Passed,,,
SU2019,SU2019-class 10,16,1905ADJFFH,10,9,4.8,10,7.8,Passed,,,
SU2019,SU2019-class 10,17,1905ADJDEC,0,0,0,0,0,Not Passed,,,
SU2019,SU2019-class 10,18,1905ADJCEG,10,8.5,6.2,10,8.3,Passed,,,
SU2019,SU2019-class 10,19,1905ADJEGJ,10,7.5,4.4,10,7.5,Passed,,,
SU2019,SU2019-class 11,1,1905ADAJIJ,9,8.5,4.4,8.5,7,Passed,,,
SU2019,SU2019-class 11,2,1905ADAJFJ,9.5,9.2,4.4,9.5,7.4,Passed,,,
SU2019,SU2019-class 11,3,1905ADAJHE,9.5,9.5,4.8,9.5,7.6,Passed,,,
SU2019,SU2019-class 11,4,1905ADAJAE,9.5,9.2,4.8,10,7.7,Passed,,,
SU2019,SU2019-class 11,5,1905ADJHBI,10,10,6.4,10,8.6,Passed,,,
SU2019,SU2019-class 11,6,1905ADJIED,9.5,9.5,7.8,10,9,Passed,,,
SU2019,SU2019-class 11,7,1905ADJHBE,9.5,9.2,4.4,9.5,7.4,Passed,,,
SU2019,SU2019-class 11,8,1905ADJIIF,9.5,9.2,8.6,10,9.3,Passed,,,
SU2019,SU2019-class 11,9,1905ADJGFB,9.5,9.2,4.6,9.5,7.5,Passed,,,
SU2019,SU2019-class 11,10,1905ADJGGA,9,8.5,5.2,8.5,7.3,Passed,,,
SU2019,SU2019-class 11,11,1905ADJAJB,9.5,9.2,7.2,9.5,8.6,Passed,,,
SU2019,SU2019-class 11,12,1905ADAJHH,9,8.5,4.4,8.5,7,Passed,,,
SU2019,SU2019-class 11,13,1905ADAJAH,9.5,9.2,4.6,9.5,7.5,Passed,,,
SU2019,SU2019-class 11,14,1905ADJGCG,9.5,9.5,8.4,9.5,9.1,Passed,,,
SU2019,SU2019-class 12,1,1905ADJGIE,0,0,0,0,0,Not Passed,,,
SU2019,SU2019-class 12,2,1905ADAJJG,8,8,4.6,8,6.6,Passed,,,
SU2019,SU2019-class 12,3,1905ADAACB,6.5,9,4.2,7,6,Passed,,,
SU2019,SU2019-class 12,4,1905ADJGAF,6,7,5.8,7,6.3,Passed,,,
SU2019,SU2019-class 12,5,1905ADJIJI,9.5,9.5,4.8,8,7.2,Passed,,,
SU2019,SU2019-class 12,6,1905ADAJEI,8,7,4.4,7,6.2,Passed,,,
SU2019,SU2019-class 12,7,1905ADAJAA,8.5,7,5.4,8,7,Passed,,,
SU2019,SU2019-class 12,8,1905ADAJJC,8,9,5.2,7,6.7,Passed,,,
SU2019,SU2019-class 12,9,1905ADAAJC,8,7,5.6,8,6.9,Passed,,,
SU2019,SU2019-class 12,10,1905ADJIFA,9,8,7.2,8,7.9,Passed,,,
SU2019,SU2019-class 12,11,1905ADJIAG,9,7,4.2,7,6.3,Passed,,,
SU2019,SU2019-class 12,12,1905ADJJFI,8,7,6.8,7,7.1,Passed,,,
SU2019,SU2019-class 12,13,1905ADJBDC,0,0,0,0,0,Not Passed,,,
SU2019,SU2019-class 12,14,1905ADJIFH,9.5,10,7.8,8,8.4,Passed,,,
SU2019,SU2019-class 12,15,1905ADAJBD,9.5,7,6,8,7.4,Passed,,,
SU2019,SU2019-class 12,16,1905ADAJAC,9,8,8,8,8.2,Passed,,,
SU2019,SU2019-class 12,17,1905ADJJIE,8.5,7,8.6,7,7.9,Passed,,,
SU2019,SU2019-class 12,18,1905ADJIIE,9.5,9,5.8,7,7.2,Passed,,,
SU2019,SU2019-class 12,19,1905ADJIFI,9,9.5,6,8,7.6,Passed,,,
SU2019,SU2019-class 12,20,1905ADJIAD,10,7,4.6,7,6.6,Passed,,,
SU2019,SU2019-class 13,1,1905ADJCJF,8,6.5,5.2,8,6.7,Passed,,,
SU2019,SU2019-class 13,2,1905ADJBJF,0,0,0,0,0,Not Passed,,,
SU2019,SU2019-class 13,3,1905ADJFGB,7,7.5,4,8.5,6.3,Passed,,,
SU2019,SU2019-class 13,4,1905ADJCFB,8,7.5,7,8,7.6,Passed,,,
SU2019,SU2019-class 13,5,1905ADJGED,7,9,5.4,7,6.6,Passed,,,
SU2019,SU2019-class 13,6,1905ACJBIB,5,6,0,2,2.2,Not Passed,,,
SU2019,SU2019-class 13,7,1905ADJJIJ,8,10,4.6,9,7.1,Passed,,,
SU2019,SU2019-class 13,8,1905ADJCGB,7.5,9.5,7,9,8,Passed,,,
SU2019,SU2019-class 13,9,1905ADJJGC,6,9,8,8,7.7,Passed,,,
SU2019,SU2019-class 13,10,1905ADJCII,0,0,0,0,0,Not Passed,,,
SU2019,SU2019-class 13,11,1905ADJGDC,7,9,5,7,6.4,Passed,,,
SU2019,SU2019-class 13,12,1905ADJIJD,7,7,6.4,8.5,7.2,Passed,,,
SU2019,SU2019-class 13,13,1905ADJCDD,7,6,5.6,8.5,6.8,Passed,,,
SU2019,SU2019-class 13,14,1905ADJJIB,8,10,8,9,8.5,Passed,,,
SU2019,SU2019-class 13,15,1905ACJBFA,7,9,6,7,6.8,Passed,,,
SU2019,SU2019-class 13,16,1905ADJABI,7,6,8.2,8.5,7.8,Passed,,,
SU2019,SU2019-class 13,17,1905ADJCIF,7.5,8.5,5.4,8.5,7.1,Passed,,,
SU2019,SU2019-class 14,1,1905ADJEIA,10,9.5,5.8,10,8.3,Passed,,,
SU2019,SU2019-class 14,2,1905ADJFGI,10,9.5,5.2,10,8,Passed,,,
SU2019,SU2019-class 14,3,1905ADJDJJ,0,0,0,0,0,Not Passed,,,
SU2019,SU2019-class 14,4,1905ADJFHA,10,8.5,7.6,10,8.9,Passed,,,
SU2019,SU2019-class 14,5,1905ADJFBJ,10,9.5,7.6,10,9,Passed,,,
SU2019,SU2019-class 14,6,1905ADJFDF,10,10,8.4,10,9.4,Passed,,,
SU2019,SU2019-class 14,7,1905ADAJFC,10,9,6,10,8.3,Passed,,,
SU2019,SU2019-class 14,8,1905ADJDDG,10,9,5,10,7.9,Passed,,,
SU2019,SU2019-class 14,9,1905ADJEIF,10,6,4.8,10,7.5,Passed,,,
SU2019,SU2019-class 14,10,1905ADJEBH,10,9,4.2,10,7.6,Passed,,,
SU2019,SU2019-class 14,11,1905ADAJGI,10,6.5,5.2,10,7.7,Passed,,,
SU2019,SU2019-class 14,12,1905ADJFAF,10,8.5,5.4,10,8,Passed,,,
SU2019,SU2019-class 14,13,1905ADJEHE,10,7.5,5.2,10,7.8,Passed,,,
SU2019,SU2019-class 14,14,1905ADJEHG,10,8,5.4,10,8,Passed,,,
SU2019,SU2019-class 14,15,1905ADJEIE,10,9,6.6,10,8.5,Passed,,,
SU2019,SU2019-class 14,16,1905ADAACJ,10,9,5.6,10,8.1,Passed,,,
SU2019,SU2019-class 14,17,1905ACJJFE,10,9.5,5.2,10,8,Passed,,,
SU2019,SU2019-class 14,18,1905ADJFAC,10,8.5,5.8,10,8.2,Passed,,,
SU2019,SU2019-class 14,19,1905ADAAGF,10,8.5,7.8,10,9,Passed,,,
SU2019,SU2019-class 14,20,1905ADJFAD,10,9.5,8,10,9.2,Passed,,,
SU2019,SU2019-class 14,21,1905ADJFBD,10,9,6.2,10,8.4,Passed,,,
SU2019,SU2019-class 15,1,1905ADJGDG,8.5,7.5,5.2,8,6.9,Passed,,,
SU2019,SU2019-class 15,2,1905ADAAHA,5,6,4.2,5,4.8,Not Passed,,,
SU2019,SU2019-class 15,3,1905ADJEJD,0,0,0,0,0,Not Passed,,,
SU2019,SU2019-class 15,4,1905ADJGJH,5,5,5.6,5,5.2,Passed,,,
SU2019,SU2019-class 15,5,1905ADJDGA,5,5,5.4,5,5.2,Passed,,,
SU2019,SU2019-class 15,6,1905ADJGCB,8.5,8.5,6.6,8,7.6,Passed,,,
SU2019,SU2019-class 15,7,1905ADJGDB,8.5,8.5,4,8,6.6,Passed,,,
SU2019,SU2019-class 15,8,1905ADJJBH,7.5,7.5,8.6,9,8.4,Passed,,,
SU2019,SU2019-class 15,9,1905ADJFGF,5,5,7.2,5,5.9,Passed,,,
SU2019,SU2019-class 15,10,1905ADJGGF,0,0,0,0,0,Not Passed,,,
SU2019,SU2019-class 15,11,1905ADJGFC,8,7,5.2,7,6.5,Passed,,,
SU2019,SU2019-class 15,12,1905ADJFGC,7.5,6,7.6,9,7.8,Passed,,,
SU2019,SU2019-class 15,13,1905ADJCFH,7.5,7.5,7,9,7.8,Passed,,,
SU2019,SU2019-class 15,14,1905ADJGBB,0,0,0,0,0,Not Passed,,,
SU2019,SU2019-class 15,15,1905ADJIFG,8.5,7.5,8,8,8.1,Passed,,,
SU2019,SU2019-class 15,16,1905ADJHCA,8.5,8,7,8,7.7,Passed,,,
SU2019,SU2019-class 15,17,1905ADAJFF,7,5,5.4,8.5,6.6,Passed,,,
SU2019,SU2019-class 15,18,1905ADJEBE,7,5,4.6,8,6.1,Passed,,,
SU2019,SU2019-class 15,19,1905ADJGCJ,10,7.5,7.8,8,8.3,Passed,,,
SU2019,SU2019-class 15,20,1905ACJDJI,0,0,0,0,0,Not Passed,,,
SU2019,SU2019-class 15,21,1905ADJFAE,1,9,8,6.5,6.3,Passed,,,
SU2019,SU2019-class 15,22,1905ADJEGD,0,0,0,0,0,Not Passed,,,
SU2019,SU2019-class 15,23,1905ADJEBF,7,7.5,6.2,9,7.3,Passed,,,
SU2019,SU2019-class 15,24,1905ADJECB,7,7.5,6,8,7,Passed,,,
SU2020,SU2020-class 1,1,1905ADJJDH,9,8.5,7.4,8,8,Passed,,,
SU2020,SU2020-class 1,2,1905FBFGE,8.5,8,5.2,9,7.3,Passed,,,
SU2020,SU2020-class 1,3,1905ADJCJA,6,6,0,7.5,4.1,Not Passed,,,
SU2020,SU2020-class 1,4,1905ADJGJJ,0,0,0,0,0,Attendance Fail,,,
SU2020,SU2020-class 1,5,1905FBCHB,7.5,7,5.2,9,7,Passed,,,
SU2020,SU2020-class 1,6,1905FCBAC,8,8,6.8,8.5,7.7,Passed,,,
SU2020,SU2020-class 1,7,1905ADJIBI,7.5,7,5.2,7.5,6.5,Passed,,,
SU2020,SU2020-class 1,8,1905FBCDB,6,6.5,5.2,7.5,6.2,Passed,,,
SU2020,SU2020-class 1,9,1905FCBCJ,0,0,0,0,0,Attendance Fail,,,
SU2020,SU2020-class 1,10,1905FBCCH,8.5,9,5.4,9.5,7.6,Passed,,,
SU2020,SU2020-class 1,11,1905ADJBGG,7,7,4.6,7.5,6.2,Passed,,,
SU2020,SU2020-class 1,12,1905FAGAH,9,8.5,6.2,9.5,8,Passed,,,
SU2020,SU2020-class 1,13,1905FBFJF,6,6.5,5.2,7.5,6.2,Passed,,,
SU2021,SU2021-class 1,1,1905AEADAI,8,9,4.8,8,6.9,Passed,9,,
SU2021,SU2021-class 1,2,1905AEJJEI,7.5,8.6,8.8,7.5,8.2,Passed,8,,
SU2021,SU2021-class 1,3,1905AEJJIJ,7,9.6,5.8,7,6.9,Passed,8,,
SU2021,SU2021-class 1,4,1905AEJJID,9.5,9.8,8,9.5,9,Passed,10,,
SU2021,SU2021-class 1,5,1905AEJHBI,9,9.4,6.6,9,8.2,Passed,10,,
SU2021,SU2021-class 1,6,1905AEAECA,0,0,0,0,0,Attendance Fail,0,,
SU2021,SU2021-class 1,7,1905AEJBAE,8,10,8.2,8,8.4,Passed,9,,
SU2021,SU2021-class 1,8,1905AEADHH,7.5,10,6.8,7.5,7.6,Passed,9,,
SU2021,SU2021-class 1,9,1905AEJJDF,9.5,9.8,7.6,9.5,8.8,Passed,10,,
SU2021,SU2021-class 1,10,1905AEJIEH,9,9.4,5.4,9,7.7,Passed,10,,
SU2021,SU2021-class 1,11,1905AEJCJA,8,9.8,8,8,8.3,Passed,9,,
SU2021,SU2021-class 1,12,1905AEJAAE,9.5,9.8,6.8,9.5,8.5,Passed,10,,
SU2021,SU2021-class 1,13,1905AEJECD,7,9.2,7.6,7,7.6,Passed,8,,
SU2021,SU2021-class 1,14,1905AEJCEJ,9,8.8,6,9,7.8,Passed,9,,
SU2021,SU2021-class 1,15,1905AEJJDA,8,9.4,5.6,8,7.3,Passed,9,,
SU2021,SU2021-class 1,16,1905AEJJEC,9.5,9.4,6.8,9.5,8.5,Passed,10,,
SU2021,SU2021-class 1,17,1905AEJDBB,7,9.2,8.8,7,8,Passed,8,,
SU2021,SU2021-class 1,18,1905AEJEBD,8,9.8,7.4,8,8,Passed,9,,
SU2021,SU2021-class 1,19,1905ADAJCB,8,9.6,6,8,7.5,Passed,9,,
SU2021,SU2021-class 2,1,1905AEJFAH,7.5,8,5.4,8,6.9,Passed,7.8,,
SU2021,SU2021-class 2,2,1905AEJFFD,7.5,8,6,7.5,6.9,Passed,7,,
SU2021,SU2021-class 2,3,1905AEABAH,8,8,7.2,8.5,7.8,Passed,8,,
SU2021,SU2021-class 2,4,1905AEJGFG,7.5,8,6.4,8,7.3,Passed,7.8,,
SU2021,SU2021-class 2,5,1905AEABAC,7.5,7.5,6,7.5,6.9,Passed,7.5,,
SU2021,SU2021-class 2,6,1905AEJGGG,8,8,7.4,8.5,7.9,Passed,8,,
SU2021,SU2021-class 2,7,1905AEJGIA,7.5,7,6.2,7.5,6.9,Passed,7.3,,
SU2021,SU2021-class 2,8,1905AEJHIF,7.5,8,5.8,7.5,6.8,Passed,7,,
SU2021,SU2021-class 2,9,1905AEJHIA,8,8,7.2,8.5,7.8,Passed,8,,
SU2021,SU2021-class 2,10,1905AEADJG,7,7,6,7.5,6.8,Passed,7,,
SU2021,SU2021-class 2,11,1905AEJIHG,7.5,7.5,8.2,7.5,7.8,Passed,7.5,,
SU2021,SU2021-class 2,12,1905ADJGHE,7,7,6.2,7.5,6.8,Passed,7,,
SU2021,SU2021-class 2,13,1905AEJCIC,7.5,7,5.8,7.5,6.7,Passed,7.3,,
SU2021,SU2021-class 2,14,1905AEADJA,7.5,7,6.8,7.5,7.1,Passed,7.3,,
SU2021,SU2021-class 2,15,1905AEAJIJ,7.5,8,4.8,7.5,6.4,Passed,7,,
SU2021,SU2021-class 2,16,1905AEAACJ,7.5,8,7.8,8,7.8,Passed,7.8,,
SU2021,SU2021-class 2,17,1905AEJEHB,7,7,5.2,7.5,6.4,Passed,7,,
SU2021,SU2021-class 3,1,1905AFJJBH,9,9,8.2,9,8.7,Passed,9,,
SU2021,SU2021-class 3,2,1905AFJJAH,9.3,9.3,4.6,9.3,7.4,Passed,9.3,,
SU2021,SU2021-class 3,3,1905AFJAED,8.4,8.4,4.8,8.4,7,Passed,8.4,,
SU2021,SU2021-class 3,4,1905AFJJEI,9.1,9.1,4.8,9.1,7.4,Passed,9.1,,
SU2021,SU2021-class 3,5,1905AFJBDE,9.4,9.4,6.8,9.4,8.4,Passed,9.4,,
SU2021,SU2021-class 3,6,1905AFJJAC,8.8,8.8,5.2,8.8,7.4,Passed,8.8,,
SU2021,SU2021-class 3,7,1905AFJBEG,9.3,9.3,4.2,9.3,7.3,Passed,9.3,,
SU2021,SU2021-class 3,8,1905AFJAJD,9.5,9.5,8,9.5,8.9,Passed,9.5,,
SU2021,SU2021-class 3,9,1905AFJBDD,8.9,8.9,5,8.9,7.3,Passed,8.9,,
SU2021,SU2021-class 3,10,1905AFJJFA,9.3,9.3,4.6,9.3,7.4,Passed,9.3,,
SU2021,SU2021-class 3,11,1905AFJBDH,8.9,8.9,7.2,8.9,8.2,Passed,8.9,,
SU2021,SU2021-class 3,12,1905AFJBBJ,9,9,6.8,9,8.1,Passed,9,,
SU2021,SU2021-class 3,13,1905AFJACD,7.6,7.6,5.4,7.6,6.7,Passed,7.6,,
SU2021,SU2021-class 3,14,1905AFJBFD,9.1,9.1,8,9.1,8.7,Passed,9.1,,
SU2021,SU2021-class 3,15,1905AFJACA,8.5,8.5,4.4,8.5,6.9,Passed,8.5,,
SU2021,SU2021-class 3,16,1905AFJJDJ,6.3,6.3,6,6.3,6.2,Passed,6.3,,
SU2021,SU2021-class 3,17,1905AFJJIJ,8.9,8.9,5.6,8.9,7.6,Passed,8.9,,
SU2021,SU2021-class 3,18,1905AFJAEC,9.3,9.3,6.2,9.3,8.1,Passed,9.3,,
SU2021,SU2021-class 3,19,1905AFJBED,9.3,9.3,7,9.3,8.4,Passed,9.3,,
SU2021,SU2021-class 3,20,1905AFJJFB,9.1,9.1,7.2,9.1,8.3,Passed,9.1,,
SU2021,SU2021-class 3,21,1905AFJBJE,8.6,8.6,6.6,8.6,7.8,Passed,8.6,,
SU2021,SU2021-class 3,22,1905AFJJDE,9,9,7.2,9,8.3,Passed,9,,
SU2021,SU2021-class 3,23,1905AFJBJF,9.4,9.4,6.2,9.4,8.1,Passed,9.4,,
SU2021,SU2021-class 3,24,1905AFJAGB,9,9,4.2,9,7.1,Passed,9,,
SU2021,SU2021-class 3,25,1905AFJBCG,8.9,8.9,4,8.9,6.9,Passed,8.9,,
SU2021,SU2021-class 3,26,1905AFJAAG,9.6,9.6,7.4,9.6,8.7,Passed,9.6,,
SU2021,SU2021-class 3,27,1905AFJBCA,8,8,7.2,8,7.7,Passed,8,,
SU2021,SU2021-class 3,28,1905AFJJAA,7.3,7.3,5.4,7.3,6.5,Passed,7.3,,
SU2021,SU2021-class 3,29,1905AFJBCI,9.2,9.2,8.2,9.2,8.8,Passed,9.2,,
SU2021,SU2021-class 3,30,1905AFJBAJ,8.1,8.1,5.6,8.1,7.1,Passed,8.1,,
SU2021,SU2021-class 4,1,1905AFAECE,9.5,9.2,7.8,9.5,8.8,Passed,10,,
SU2021,SU2021-class 4,2,1905AFAGFG,8,5,5.8,8,6.7,Passed,7,,
SU2021,SU2021-class 4,3,1905AFAGBJ,8,8,6.6,8,7.4,Passed,8,,
SU2021,SU2021-class 4,4,1905AFAEBG,9.5,4,6.8,9.5,7.7,Passed,8,,
SU2021,SU2021-class 4,5,1905AFAIAC,6.5,4.2,6.6,6.5,6.3,Passed,6,,
SU2021,SU2021-class 4,6,1905AFAIIG,6.5,7.8,6.8,6.5,6.8,Passed,7,,
SU2021,SU2021-class 4,7,1905AFAIJC,7.5,6.2,5,7.5,6.4,Passed,8,,
SU2021,SU2021-class 4,8,1905AFADFH,9,4.2,5.2,9,6.9,Passed,8,,
SU2021,SU2021-class 4,9,1905AFAIAI,8.5,6,6,8.5,7.2,Passed,8,,
SU2021,SU2021-class 4,10,1905AFAIJF,6.5,7.2,5.2,6.5,6.1,Passed,7,,
SU2021,SU2021-class 4,11,1905AFAHGB,7.5,5.8,6.6,7.5,6.9,Passed,7,,
SU2021,SU2021-class 4,12,1905AFAHGI,7.5,7.2,7,7.5,7.3,Passed,8,,
SU2021,SU2021-class 4,13,1905AFAFEH,9,9,6.2,9,7.9,Passed,9,,
SU2021,SU2021-class 4,14,1905AFAIFH,6.5,8,5.8,6.5,6.4,Passed,7,,
SU2021,SU2021-class 4,15,1905AFAGIC,8,7.4,7.2,8,7.6,Passed,8,,
SU2021,SU2021-class 4,16,1905AFBAEC,6.5,7.4,0,6.5,4,Not Passed,7,,
SU2021,SU2021-class 4,17,1905AFAIJI,8.5,5.6,6.6,8.5,7.4,Passed,8,,
SU2021,SU2021-class 4,18,1905AFADFB,9,5.8,7,9,7.8,Passed,8,,
SU2021,SU2021-class 4,19,1905AFBJJI,9.5,6.6,4.6,9.5,7.2,Passed,9,,
SU2021,SU2021-class 4,20,1905AFAEHD,9.5,8.4,8,9.5,8.8,Passed,10,,
SU2021,SU2021-class 4,21,1905AFAHGH,7.5,5.8,6,7.5,6.7,Passed,7,,
SU2021,SU2021-class 4,22,1905AFADHC,9,7.4,5.8,9,7.6,Passed,9,,
SU2021,SU2021-class 4,23,1905AFAGGG,8,5.8,5.4,8,6.7,Passed,8,,
SU2021,SU2021-class 4,24,1905AFAGJF,9,7.6,6,9,7.7,Passed,9,,
SU2021,SU2021-class 4,25,1905AFAEBE,9,7.6,6.8,9,8,Passed,9,,
SU2021,SU2021-class 4,26,1905AFAFGB,9,8.8,6,9,7.8,Passed,9,,
SU2021,SU2021-class 4,27,1905AFAFBJ,8.5,7.6,6.6,8.5,7.7,Passed,9,,
SU2021,SU2021-class 4,28,1905AFBJHC,9,6.8,8,9,8.4,Passed,9,,
SU2021,SU2021-class 4,29,1905AFAIJB,9,8.8,7.2,9,8.3,Passed,9,,
SU2021,SU2021-class 4,30,1905AFAEFA,9,9,6,9,7.8,Passed,9,,
SU2021,SU2021-class 5,1,1905AEJFDB,7.2,7.2,4,7.2,5.9,Passed,7.2,,
SU2021,SU2021-class 5,2,1905AFJJCB,9.8,9.8,6.8,9.8,8.6,Passed,9.8,,
SU2021,SU2021-class 5,3,1905AFJJAG,8.9,8.9,7.2,8.9,8.2,Passed,8.9,,
SU2021,SU2021-class 5,4,1905AFJJBA,8.6,8.6,7,8.6,8,Passed,8.6,,
SU2021,SU2021-class 5,5,1905AFJEJB,7.4,7.4,6.6,7.4,7.1,Passed,7.4,,
SU2021,SU2021-class 5,6,1905AFJDBC,8.1,8.1,7.2,8.1,7.7,Passed,8.1,,
SU2021,SU2021-class 5,7,1905AFJEAA,8.4,8.4,7.6,8.4,8.1,Passed,8.4,,
SU2021,SU2021-class 5,8,1905AFJEJA,6.5,6.5,3.2,6.5,5.2,Not Passed,6.5,,
SU2021,SU2021-class 5,9,1905AFJJFJ,9.1,9.1,7.4,9.1,8.4,Passed,9.1,,
SU2021,SU2021-class 5,10,1905AFJEJC,8.7,8.7,6.4,8.7,7.8,Passed,8.7,,
SU2021,SU2021-class 5,11,1905AFJEJI,9,9,6.6,9,8,Passed,9,,
SU2021,SU2021-class 5,12,1905AFABFE,7.2,7.2,4,7.2,5.9,Passed,7.2,,
SU2021,SU2021-class 5,13,1905AFJAID,9.3,9.3,4.2,9.3,7.3,Passed,9.3,,
SU2021,SU2021-class 5,14,1905AFJJAB,8.8,8.8,7.4,8.8,8.2,Passed,8.8,,
SU2021,SU2021-class 5,15,1905AFJJCA,9,9,6,9,7.8,Passed,9,,
SU2021,SU2021-class 5,16,1905AFJBDB,9.6,9.6,8.6,9.6,9.2,Passed,9.6,,
SU2021,SU2021-class 5,17,1905AFJEBI,6.4,6.4,4,6.4,5.4,Passed,6.4,,
SU2021,SU2021-class 5,18,1905AFJJAJ,9.2,9.2,7.4,9.2,8.5,Passed,9.2,,
SU2021,SU2021-class 5,19,1905AFJJCE,8.9,8.9,7,8.9,8.1,Passed,8.9,,
SU2021,SU2021-class 5,20,1905AFJEJJ,9.1,9.1,6.4,9.1,8,Passed,9.1,,
SU2021,SU2021-class 5,21,1905AFJCBH,8.5,8.5,4.4,8.5,6.9,Passed,8.5,,
SU2021,SU2021-class 5,22,1905AFJAFB,9.5,9.5,7,9.5,8.5,Passed,9.5,,
SU2021,SU2021-class 5,23,1905AFJJDI,9.3,9.3,6.6,9.3,8.2,Passed,9.3,,
SU2021,SU2021-class 5,24,1905AFJEJH,8.1,8.1,7.2,8.1,7.7,Passed,8.1,,
SU2021,SU2021-class 5,25,1905AFJDFC,8.5,8.5,4.4,8.5,6.9,Passed,8.5,,
SU2021,SU2021-class 5,26,1905AFJJGH,9,9,8.4,9,8.8,Passed,9,,
SU2021,SU2021-class 5,27,1905AFJAIA,9.1,9.1,6,9.1,7.9,Passed,9.1,,
SU2021,SU2021-class 5,28,1905AFJEJG,8.2,8.2,7,8.2,7.7,Passed,8.2,,
SU2021,SU2021-class 5,29,1905AFJEAD,9.2,9.2,4.8,9.2,7.4,Passed,9.2,,
SU2021,SU2021-class 5,30,1905AFABGJ,8.7,8.7,4.8,8.7,7.1,Passed,8.7,,
SU2021,SU2021-class 6,1,1905AFJCEH,7,7,5.2,6.5,6,Passed,6,,
SU2021,SU2021-class 6,2,1905AFJDBF,6.5,7,6.6,6.5,6.6,Passed,6.3,,
SU2021,SU2021-class 6,3,1905AFJDGH,8,8,6.6,7.5,7.1,Passed,6.5,,
SU2021,SU2021-class 6,4,1905AFJDHE,0,0,4.8,0,1.9,Not Passed,0,,
SU2021,SU2021-class 6,5,1905AFJCFG,8,8,6.2,8,7.2,Passed,7.5,,
SU2021,SU2021-class 6,6,1905AFJDAE,8.5,8,4.2,7.5,6.3,Passed,7,,
SU2021,SU2021-class 6,7,1905AFJDCI,7.5,8,6.4,7,6.9,Passed,7.3,,
SU2021,SU2021-class 6,8,1905AFJCIA,7,7,6.2,6.5,6.4,Passed,6,,
SU2021,SU2021-class 6,9,1905AFJCEC,6.5,7,6.8,6.5,6.7,Passed,6.5,,
SU2021,SU2021-class 6,10,1905AFJBGE,7,7,8.4,7,7.5,Passed,6.8,,
SU2021,SU2021-class 6,11,1905AFJCDG,6.5,7,4.8,6.5,5.9,Passed,6.5,,
SU2021,SU2021-class 6,12,1905AFJCCJ,7,7,7.6,7,7.2,Passed,6.5,,
SU2021,SU2021-class 6,13,1905AFJDDE,6.5,7,4.8,6.5,5.8,Passed,6.3,,
SU2021,SU2021-class 6,14,1905AFJDBB,7.5,8,7,7,7.2,Passed,7.3,,
SU2021,SU2021-class 6,15,1905AFJDDH,8,8,5.2,8,6.8,Passed,7.5,,
SU2021,SU2021-class 6,16,1905AFJCBF,6.5,7,7.8,6.5,7.1,Passed,6.5,,
SU2021,SU2021-class 6,17,1905AFJCAC,7,7,6.4,7,6.7,Passed,6.5,,
SU2021,SU2021-class 6,18,1905AFJBIH,7,7,4.4,7,5.9,Passed,6.5,,
SU2021,SU2021-class 6,19,1905AFJDJC,8.5,8,6.8,7.5,7.3,Passed,7,,
SU2021,SU2021-class 6,20,1905AFJCDE,7,7,6.4,7,6.7,Passed,6.5,,
SU2021,SU2021-class 6,21,1905AFJBGI,7,7,5.6,7,6.4,Passed,6.8,,
SU2021,SU2021-class 6,22,1905AFJCAI,7,7,5.6,7,6.4,Passed,6.5,,
SU2021,SU2021-class 6,23,1905AFJDCG,8,8,6.2,8,7.2,Passed,7.5,,
SU2021,SU2021-class 6,24,1905AFJDEG,8,8,6.2,7.5,7,Passed,6.5,,
SU2021,SU2021-class 6,25,1905AFJCID,6.5,7,5,6.5,5.9,Passed,6.3,,
SU2021,SU2021-class 6,26,1905AFJDFD,7.5,8,7.6,7,7.4,Passed,7.3,,
SU2021,SU2021-class 6,27,1905AFJCFI,7,7,7.8,7,7.3,Passed,6.8,,
SU2021,SU2021-class 6,28,1905AFAAFH,8,8,6.8,7,7.2,Passed,7.5,,
SU2021,SU2021-class 6,29,1905AFJBID,7,7,5.8,7,6.5,Passed,6.5,,
SU2021,SU2021-class 6,30,1905AFJDGA,8,8,7.6,7.5,7.5,Passed,6.5,,
SU2021,SU2021-class 6,31,1905AFJDAH,8.5,8,6,7.5,7,Passed,7,,
SU2021,SU2021-class 7,1,1905AFABJE,9,8.5,6.2,8,7.4,Passed,7.5,,
SU2021,SU2021-class 7,2,1905AFJABD,8,8.5,6.6,7.5,7.3,Passed,7.3,,
SU2021,SU2021-class 7,3,1905AFADDD,7.5,8,6.6,7,7,Passed,7.3,,
SU2021,SU2021-class 7,4,1905AFADAH,7.5,8,6.6,7.5,7.2,Passed,7.8,,
SU2021,SU2021-class 7,5,1905AFJDIF,7.5,8,6.6,7,7,Passed,7.3,,
SU2021,SU2021-class 7,6,1905AFACGF,8,8,5.4,7.5,6.8,Passed,7.8,,
SU2021,SU2021-class 7,7,1905AFACHJ,9,8.5,8.2,8,8.2,Passed,7.5,,
SU2021,SU2021-class 7,8,1905AFAJHJ,8,8.5,4.8,7.5,6.6,Passed,7.5,,
SU2021,SU2021-class 7,9,1905AFJDGI,8,8,8,7.5,7.8,Passed,7.5,,
SU2021,SU2021-class 7,10,1905AFADHE,9,8.5,4.6,8,6.7,Passed,7.5,,
SU2021,SU2021-class 7,11,1905AFADBG,7.5,8,4.2,7,6.1,Passed,7.3,,
SU2021,SU2021-class 7,12,1905AFJDHA,8,8,0,7.5,4.6,Not Passed,7.5,,
SU2021,SU2021-class 7,13,1905AFJHCD,8,8,5.2,7.5,6.7,Passed,7.8,,
SU2021,SU2021-class 7,14,1905AFJIBH,7.5,8,7.2,7,7.3,Passed,7.3,,
SU2021,SU2021-class 7,15,1905AFADBA,7.5,8,5.2,7.5,6.7,Passed,7.8,,
SU2021,SU2021-class 7,16,1905AFJHAF,8,8.5,6,7.5,7.1,Passed,7.5,,
SU2021,SU2021-class 7,17,1905AFJDHC,8,8,5.4,7.5,6.7,Passed,7.3,,
SU2021,SU2021-class 7,18,1905AFJEBD,8,8.5,6,7.5,7,Passed,7.3,,
SU2021,SU2021-class 7,19,1905AFADDB,7.5,8,6,7,6.8,Passed,7.3,,
SU2021,SU2021-class 7,20,1905AFJEAB,8,8,6.4,7.5,7.2,Passed,7.5,,
SU2021,SU2021-class 7,21,1905AFJHBJ,8,8,8.4,7.5,8,Passed,7.8,,
SU2021,SU2021-class 7,22,1905AFAAHA,8,8,6.2,7,6.9,Passed,7.5,,
SU2021,SU2021-class 7,23,1905AFAADF,8,8,6.2,7,6.9,Passed,7.5,,
SU2021,SU2021-class 7,24,1905AFJHDA,7.5,8,4.4,7,6.1,Passed,7.3,,
SU2021,SU2021-class 7,25,1905AFADBD,7.5,8,7.4,7.5,7.5,Passed,7.8,,
SU2021,SU2021-class 7,26,1905AFAAGI,8,8,4,7.5,6.2,Passed,7.8,,
SU2021,SU2021-class 7,27,1905AFJECB,8,8.5,5.6,7.5,6.9,Passed,7.5,,
SU2021,SU2021-class 7,28,1905AFJDIC,7.5,8,5.2,7,6.5,Passed,7.3,,
SU2021,SU2021-class 7,29,1905AFJHCF,7.5,8,5.4,7,6.5,Passed,7.3,,
SU2021,SU2021-class 8,1,1905AFADFA,6,7.5,6.4,7,6.7,Passed,7,,
SU2021,SU2021-class 8,2,1905AFADDI,8,8,4.8,8,6.7,Passed,7.5,,
SU2021,SU2021-class 8,3,1905AFADHH,6,7.5,5.4,7,6.3,Passed,7,,
SU2021,SU2021-class 8,4,1905AFAFJE,6.5,7.5,7,7,7,Passed,7,,
SU2021,SU2021-class 8,5,1905AFAEAG,7.5,8,5.8,7,6.7,Passed,7.3,,
SU2021,SU2021-class 8,6,1905AFAEEG,6.5,7.5,6.6,7,6.8,Passed,7,,
SU2021,SU2021-class 8,7,1905AFADFJ,7.5,8,6.6,7,7,Passed,7.3,,
SU2021,SU2021-class 8,8,1905AFAECG,6.5,7.5,5.8,7,6.5,Passed,7,,
SU2021,SU2021-class 8,9,1905AFAEAJ,7.5,8,5.4,7,6.5,Passed,7.3,,
SU2021,SU2021-class 8,10,1905AFAEGH,7.5,8,6.8,7.5,7.2,Passed,7.3,,
SU2021,SU2021-class 8,11,1905AFAEBB,8,8,4.2,8,6.4,Passed,7.5,,
SU2021,SU2021-class 8,12,1905AFJBAF,8.5,9,7.6,9,8.3,Passed,7.8,,
SU2021,SU2021-class 8,13,1905AFAEID,7,8,4.8,7,6.2,Passed,7,,
SU2021,SU2021-class 8,14,1905AFAECH,6,7,6.2,7,6.6,Passed,7,,
SU2021,SU2021-class 8,15,1905AFAFAC,8,8,6.6,7.5,7.2,Passed,7.5,,
SU2021,SU2021-class 8,16,1905AFAFBI,6.5,7.5,5.8,7,6.5,Passed,7,,
SU2021,SU2021-class 8,17,1905AFAEFF,7.5,8,6.6,7.5,7.2,Passed,7.3,,
SU2021,SU2021-class 8,18,1905AFADHG,8,8,6,7.5,7,Passed,7.5,,
SU2021,SU2021-class 8,19,1905AFADIF,6,7.5,4.6,7,6,Passed,7,,
SU2021,SU2021-class 8,20,1905AFJCBE,8,8,5.8,8,7.1,Passed,7.5,,
SU2021,SU2021-class 8,21,1905AFAFJF,8,8,7.6,7.5,7.6,Passed,7.5,,
SU2021,SU2021-class 8,22,1905AFAEEC,7,8,4.6,7,6.1,Passed,7,,
SU2021,SU2021-class 8,23,1905AFAFAD,8,8,6.8,7.5,7.3,Passed,7.5,,
SU2021,SU2021-class 8,24,1905AFAEGA,7.5,8,5.6,7.5,6.8,Passed,7.3,,
SU2021,SU2021-class 8,25,1905AFAFDA,8,8,6,7.5,7,Passed,7.5,,
SU2021,SU2021-class 8,26,1905AFAFBG,6.5,7.5,5.6,7,6.4,Passed,7,,
SU2021,SU2021-class 8,27,1905AFAEGJ,7.5,7,6.6,7.5,7.1,Passed,7.3,,
SU2021,SU2021-class 8,28,1905AFADGA,8,8,7,7.5,7.4,Passed,7.5,,
SU2021,SU2021-class 8,29,1905AFAEDC,6.5,7.5,7.8,7,7.3,Passed,7,,
SU2021,SU2021-class 8,30,1905AFAFJA,8,8,5,8,6.8,Passed,7.5,,
SU2021,SU2021-class 8,31,1905AFAFCF,8,8,6.8,7.5,7.3,Passed,7.5,,
SU2021,SU2021-class 9,1,1905AFJICH,9.5,7,5.6,10,7.9,Passed,10,,
SU2021,SU2021-class 9,2,1905AFJHEA,8,4.5,7,10,8.1,Passed,10,,
SU2021,SU2021-class 9,3,1905AFJHFC,7,7.5,7.2,10,8.3,Passed,10,,
SU2021,SU2021-class 9,4,1905AFJIBE,4.5,4,4,10,6.5,Passed,10,,
SU2021,SU2021-class 9,5,1905AFJICJ,7,7,4.2,10,7.1,Passed,10,,
SU2021,SU2021-class 9,6,1905AFJECH,7.5,6.5,6.6,10,8,Passed,10,,
SU2021,SU2021-class 9,7,1905AFJIJB,5.5,5,7,10,7.9,Passed,10,,
SU2021,SU2021-class 9,8,1905AFJHBA,7,6,7.4,10,8.3,Passed,10,,
SU2021,SU2021-class 9,9,1905AFJHAB,6,6,4.4,10,7,Passed,10,,
SU2021,SU2021-class 9,10,1905AFJIDE,5.5,6.5,5,10,7.2,Passed,10,,
SU2021,SU2021-class 9,11,1905AFJHIB,8.5,6.5,8.2,10,8.8,Passed,10,,
SU2021,SU2021-class 9,12,1905AFJHIC,8.5,7,7.4,10,8.5,Passed,10,,
SU2021,SU2021-class 9,13,1905AFJHGF,8,5.5,7.4,10,8.3,Passed,10,,
SU2021,SU2021-class 9,14,1905AFJHED,8,6.5,5,10,7.5,Passed,10,,
SU2021,SU2021-class 9,15,1905AFABGB,9.5,6,6.8,10,8.3,Passed,10,,
SU2021,SU2021-class 9,16,1905AFJECG,7.5,7,6.8,10,8.2,Passed,10,,
SU2021,SU2021-class 9,17,1905AFJIAD,7,7,5.4,10,7.6,Passed,10,,
SU2021,SU2021-class 9,18,1905AFJHGH,6.5,6,5,10,7.3,Passed,10,,
SU2021,SU2021-class 9,19,1905AFJHAA,5.5,6.5,6.8,10,7.9,Passed,10,,
SU2021,SU2021-class 9,20,1905AFJHFB,8,8,8,10,8.8,Passed,10,,
SU2021,SU2021-class 9,21,1905AFJFBC,6,6,4.4,10,7,Passed,10,,
SU2021,SU2021-class 9,22,1905AFJHJF,3,6.5,0,10,5,Not Passed,10,,
SU2021,SU2021-class 9,23,1905AFJIBA,9,6.5,6.6,10,8.2,Passed,10,,
SU2021,SU2021-class 9,24,1905AFJIBG,6.5,5.5,7,10,8,Passed,10,,
SU2021,SU2021-class 9,25,1905AFJICE,6.5,4.5,4.2,10,6.8,Passed,10,,
SU2021,SU2021-class 9,26,1905AFJIJG,7,7.5,4.2,10,7.1,Passed,10,,
SU2021,SU2021-class 9,27,1905AFABGC,5.5,3.5,5.4,10,7.1,Passed,10,,
SU2021,SU2021-class 9,28,1905AFJHCG,7,6.5,5.8,10,7.7,Passed,10,,
SU2021,SU2021-class 9,29,1905AFJECF,7.5,6.5,6.6,10,8,Passed,10,,
SU2021,SU2021-class 9,30,1905AFJIJC,6,3,4,10,6.5,Passed,10,,
SU2021,SU2021-class 9,31,1905AFJEDJ,6,7,6.2,10,7.8,Passed,10,,
SU2021,SU2021-class 10,1,1905AFAJAJ,9.6,10,7,9.6,8.5,Passed,8.8,,
SU2021,SU2021-class 10,2,1905AFJIEI,10,10,8,10,9.2,Passed,9.8,,
SU2021,SU2021-class 10,3,1905AFAJBH,10,10,6.4,10,8.2,Passed,6.5,,
SU2021,SU2021-class 10,4,1905AFAJAG,9.6,10,6,9.6,8.1,Passed,8.3,,
SU2021,SU2021-class 10,5,1905AFAJDG,9.6,10,8.6,9.6,9.2,Passed,9.5,,
SU2021,SU2021-class 10,6,1905AFAJCI,9.9,10,6,9.9,8.1,Passed,7.8,,
SU2021,SU2021-class 10,7,1905AFAJED,9.9,10,4.8,9.9,7.6,Passed,6.7,,
SU2021,SU2021-class 10,8,1905AFJIIE,9.6,10,4,9.6,7.1,Passed,6.2,,
SU2021,SU2021-class 10,9,1905AFJIIF,10,10,7.4,10,8.9,Passed,9,,
SU2021,SU2021-class 10,10,1905AFJIGH,10,10,8,10,9.1,Passed,9,,
SU2021,SU2021-class 10,11,1905AFAJGF,9.9,10,7,9.9,8.6,Passed,8.8,,
SU2021,SU2021-class 10,12,1905AFJIIJ,10,10,6.4,10,8.4,Passed,8.3,,
SU2021,SU2021-class 10,13,1905AFAJDF,9.6,10,7.6,9.6,8.8,Passed,9.5,,
SU2021,SU2021-class 10,14,1905AFAJDD,9.6,10,6.8,9.6,8.4,Passed,8.8,,
SU2021,SU2021-class 10,15,1905AFAJJJ,9.6,10,7,9.6,8.5,Passed,8.5,,
SU2021,SU2021-class 10,16,1905AFABHD,10,10,8.2,10,9.2,Passed,9.5,,
SU2021,SU2021-class 10,17,1905AFABGG,10,10,4.6,10,7.7,Passed,8.7,,
SU2021,SU2021-class 10,18,1905AFAJGC,9.9,10,7.4,9.9,8.6,Passed,7.2,,
SU2021,SU2021-class 10,19,1905AFJIGA,10,10,4.6,10,7.7,Passed,8.2,,
SU2021,SU2021-class 10,20,1905AFJIDH,10,10,5.4,10,8.1,Passed,9.2,,
SU2021,SU2021-class 10,21,1905AFAJCH,9.6,10,8,9.6,8.9,Passed,9,,
SU2021,SU2021-class 10,22,1905AFAJDA,9.6,10,7.6,9.6,8.8,Passed,9,,
SU2021,SU2021-class 10,23,1905AFJIGC,10,10,4.2,10,7.5,Passed,8.5,,
SU2021,SU2021-class 10,24,1905AFAJGA,9.9,10,7.4,9.9,8.8,Passed,9,,
SU2021,SU2021-class 10,25,1905AFJIEA,10,10,5.6,10,8.2,Passed,9.3,,
SU2021,SU2021-class 10,26,1905AFAJJG,9.6,10,7.6,9.6,8.8,Passed,9,,
SU2021,SU2021-class 10,27,1905AFAJFE,9.6,10,7.2,9.6,8.6,Passed,9,,
SU2021,SU2021-class 10,28,1905AFAJAB,9.6,10,7.8,9.6,8.8,Passed,8.8,,
SU2021,SU2021-class 10,29,1905AFAJBJ,9.6,10,5.6,9.6,8,Passed,9.2,,
SU2021,SU2021-class 10,30,1905AFAJGB,9.9,10,6.2,9.9,8.3,Passed,8.7,,
SU2021,SU2021-class 10,31,1905AFAJFI,10,8,6,10,8,Passed,7.5,,
SU2021,SU2021-class 10,32,1905AFAJBI,9.6,8,5,9.6,7,Passed,4,,
SU2021,SU2021-class 11,1,1905AFAAEH,8.5,9,6.2,7.5,7.3,Passed,8.5,,
SU2021,SU2021-class 11,2,1905AFAAEE,8.5,8,3.6,7.5,6.1,Not Passed,8,,
SU2021,SU2021-class 11,3,1905AFACJA,0,0,0,0,0,Not Passed,0,,
SU2021,SU2021-class 11,4,1905AFABFD,8,9,6,7,7.1,Passed,8.5,,
SU2021,SU2021-class 11,5,1905AFABDE,7,9,7.6,8.5,8,Passed,8.5,,
SU2021,SU2021-class 11,6,1905AFABCH,7,9,6.6,8.5,7.6,Passed,8.5,,
SU2021,SU2021-class 11,7,1905AFABFC,8,9,6,7,7.1,Passed,8.5,,
SU2021,SU2021-class 11,8,1905AFABDJ,8.5,9,5.2,8,7.1,Passed,8.5,,
SU2021,SU2021-class 11,9,1905AFAAEC,8,10,7,8.5,8.2,Passed,10,,
SU2021,SU2021-class 11,10,1905AFAACD,8,10,7.2,8.5,8.2,Passed,9.5,,
SU2021,SU2021-class 11,11,1905AFABDH,8,10,6.6,7,7.5,Passed,10,,
SU2021,SU2021-class 11,12,1905AFABEB,8,10,5.4,7,7,Passed,9,,
SU2021,SU2021-class 11,13,1905AFABBH,8.5,10,6.4,8,7.7,Passed,9,,
SU2021,SU2021-class 11,14,1905AFAAFA,8.5,9,5.8,7.5,7.2,Passed,8.5,,
SU2021,SU2021-class 11,15,1905AFAJGI,8.5,10,0,7.5,5.1,Not Passed,10,,
SU2021,SU2021-class 11,16,1905AFAJIJ,8,10,5.4,8.5,7.5,Passed,9.5,,
SU2021,SU2021-class 11,17,1905AFABFJ,8,10,7.6,7,7.9,Passed,10,,
SU2021,SU2021-class 11,18,1905AFAABB,8.5,9.5,6.6,7.5,7.6,Passed,9,,
SU2021,SU2021-class 11,19,1905AFAAHJ,8.5,9,7.8,8,8.1,Passed,8.5,,
SU2021,SU2021-class 11,20,1905AFABIF,7,10,7.2,8.5,8.1,Passed,10,,
SU2021,SU2021-class 11,21,1905AFABAJ,7,10,6,8.5,7.6,Passed,9,,
SU2021,SU2021-class 11,22,1905AFAAFB,8,10,7.6,8.5,8.3,Passed,9.5,,
SU2021,SU2021-class 11,23,1905AFABAC,7,9,0,8.5,5,Is Susspended,8.5,,
SU2021,SU2021-class 11,24,1905AFAACB,8,9,4.8,8.5,7,Passed,8.5,,
SU2021,SU2021-class 11,25,1905AFAJII,8.5,10,5.6,8,7.5,Passed,10,,
SU2021,SU2021-class 11,26,1905AFABBF,8,9,4.8,7,6.6,Passed,8.5,,
SU2021,SU2021-class 11,27,1905AFAADB,8,9,5.8,8.5,7.4,Passed,8.5,,
SU2021,SU2021-class 11,28,1905AFAAED,8.5,9,7.2,7.5,7.7,Passed,8.5,,
SU2021,SU2021-class 11,29,1905AFABJG,8.5,10,6.2,8,7.6,Passed,9,,
SU2021,SU2021-class 12,1,1905AFAHEG,8,8,6.4,9,7.6,Passed,7.7,,
SU2021,SU2021-class 12,2,1905AFAHFD,9,8,7.6,9.5,8.5,Passed,9.2,,
SU2021,SU2021-class 12,3,1905AFAGHC,5,5,6.4,5,5.5,Passed,4.7,,
SU2021,SU2021-class 12,4,1905AFAGBB,8,8,5.8,9,7.2,Passed,6.2,,
SU2021,SU2021-class 12,5,1905AFAHDJ,8,8,5.2,9,7,Passed,6.3,,
SU2021,SU2021-class 12,6,1905AFAFFB,8,8,4.6,9,6.8,Passed,7,,
SU2021,SU2021-class 12,7,1905AFAFEB,7.5,8,6,8.5,7.3,Passed,8.4,,
SU2021,SU2021-class 12,8,1905AFAHJC,9,9,7.6,10,8.8,Passed,9.6,,
SU2021,SU2021-class 12,9,1905AFAGFF,8,8,4.8,9,6.9,Passed,6.3,,
SU2021,SU2021-class 12,10,1905AFAHFC,8,8,4.8,8.5,7,Passed,9.2,,
SU2021,SU2021-class 12,11,1905AFAFDC,8,8,5.6,9,7.4,Passed,8.3,,
SU2021,SU2021-class 12,12,1905AFAHCH,8,8,6.6,9,7.7,Passed,8,,
SU2021,SU2021-class 12,13,1905AFAHEA,9,9,7.8,10,8.7,Passed,7.8,,
SU2021,SU2021-class 12,14,1905AFAGCD,8,8,6.2,9,7.6,Passed,8.5,,
SU2021,SU2021-class 12,15,1905AFAGHA,7.5,8,5.2,8.5,7.1,Passed,9.5,,
SU2021,SU2021-class 12,16,1905AFAGBD,8,8,4.2,9,6.5,Passed,5.3,,
SU2021,SU2021-class 12,17,1905AFAFEF,8,8,4.6,9,6.9,Passed,7.7,,
SU2021,SU2021-class 12,18,1905AFAGDG,8,8,4,9,6.6,Passed,7.3,,
SU2021,SU2021-class 12,19,1905AFAHFH,8,8,7,8.5,7.9,Passed,9.1,,
SU2021,SU2021-class 12,20,1905AFAGED,9,8,7,9.5,8.3,Passed,9.5,,
SU2021,SU2021-class 12,21,1905AFAGAJ,8,8,4.8,9,6.8,Passed,5.5,,
SU2021,SU2021-class 12,22,1905AFAHAF,8,8,5.8,8.5,7.4,Passed,9,,
SU2021,SU2021-class 12,23,1905AFAHBC,8,8,5.4,8.5,7,Passed,6.7,,
SU2021,SU2021-class 12,24,1905AFAHGC,8,8,5.6,8.5,6.9,Passed,4.8,,
SU2021,SU2021-class 12,25,1905AFAGGD,8,8,7,9,7.8,Passed,7.2,,
SU2021,SU2021-class 12,26,1905AFAGHF,8,8,4.8,9,7.2,Passed,9.7,,
SU2021,SU2021-class 12,27,1905AFAGID,9,8,6,9.5,7.8,Passed,8.9,,
SU2021,SU2021-class 12,28,1905AFAFII,8,8,5.2,9,7.1,Passed,6.7,,
SU2021,SU2021-class 12,29,1905AFAFGD,7.5,8,5.8,8.5,7.3,Passed,8.4,,
SU2021,SU2021-class 12,30,1905AFAHAJ,8,8,6,8.5,7.3,Passed,7.8,,
SU2021,SU2021-class 13,1,1905AEJFDD,10,8.8,8.4,9.3,8.9,Passed,9,,
SU2021,SU2021-class 13,2,1905AEJAHD,10,5.6,5.8,7.9,7.1,Passed,8,,
SU2021,SU2021-class 13,3,1905AEJGAE,8,9.6,8,8.9,8.5,Passed,9,,
SU2021,SU2021-class 13,4,1905ADJHEE,10,8.4,4.4,9.5,7.5,Passed,10,,
SU2021,SU2021-class 13,5,1905AEJEFJ,10,9.6,9.2,9.9,9.6,Passed,10,,
SU2021,SU2021-class 13,6,1905AEACJC,8,9.4,8,8.5,8.3,Passed,8,,
SU2021,SU2021-class 13,7,1905AEJADB,0,0,0,0,0,Attendance Fail,0,,
SU2021,SU2021-class 13,8,1905AEJBHF,3,8.8,0,7.3,4.4,Attendance Fail,10,,
SU2021,SU2021-class 13,9,1905AEJBJE,10,8.8,8,9.4,8.9,Passed,9.5,,
SU2021,SU2021-class 13,10,1905AEJAAH,10,9.6,8,9.5,8.9,Passed,9,,
SU2021,SU2021-class 13,11,1905AEJAIH,10,9.2,9.2,9.6,9.4,Passed,9.5,,
SU2021,SU2021-class 13,12,1905AEJBAC,10,9.2,7,9.6,8.6,Passed,9.5,,
SU2021,SU2021-class 13,13,1905AEAECC,8,6.2,6.6,6.7,6.7,Passed,6,,
SU2021,SU2021-class 13,14,1905AEJBEF,5,8.8,5.2,7.6,6.6,Passed,9,,
SU2021,SU2021-class 13,15,1905AEJFJA,9,9.8,9,9.3,9.2,Passed,9,,
SU2021,SU2021-class 13,16,1905AEJADC,10,8.6,6.4,9.4,8.2,Passed,9.5,,
SU2021,SU2021-class 13,17,1905AEJAID,9,8,6.4,8.8,7.9,Passed,9.5,,
SU2021,SU2021-class 13,18,1905AEACJI,8,7.6,5,8,6.8,Passed,8.5,,
SU2021,SU2021-class 13,19,1905AEACJH,8,9,7,8.5,7.9,Passed,8.5,,
SU2021,SU2021-class 13,20,1905AEJAIE,8,8.2,6.2,8.6,7.6,Passed,9.5,,
SU2021,SU2021-class 13,21,1905AEADIH,4,8,4.8,7.2,6.2,Passed,9.5,,
SU2021,SU2021-class 13,22,1905AEACDD,8,9.2,7.8,8.6,8.3,Passed,8.5,,
SU2021,SU2021-class 13,23,1905AEJEFA,10,9,8.6,9.5,9.1,Passed,9.5,,
SU2021,SU2021-class 14,1,1905AEJFCG,10,8,7.4,10,8.8,Passed,10,,
SU2021,SU2021-class 14,2,1905ACJEBD,8,9,6,10,8.1,Passed,10,,
SU2021,SU2021-class 14,3,1905ACJCFC,7,4.5,6.6,10,7.8,Passed,10,,
SU2021,SU2021-class 14,4,1905AEJFDI,8.5,9.5,8.2,10,9.1,Passed,10,,
SU2021,SU2021-class 14,5,1905ADJBID,9.5,8,6.2,10,8.2,Passed,10,,
SU2021,SU2021-class 14,6,1905ACJFFH,8,9,5.8,10,8,Passed,10,,
SU2021,SU2021-class 14,7,1905AEJGIC,8,4.5,7.4,10,8.2,Passed,10,,
SU2021,SU2021-class 14,8,1905AEJBBJ,8,6.5,6.8,10,8.2,Passed,10,,
SU2021,SU2021-class 14,9,1905ACJEBE,0,0,0,0,0,Attendance Fail,0,,
SU2021,SU2021-class 14,10,1905AEJIJD,9.5,8,6.8,10,8.5,Passed,10,,
SU2021,SU2021-class 14,11,1905AEADAG,8.5,7,4.6,10,7.4,Passed,10,,
SU2021,SU2021-class 14,12,1905ADJECD,9,6,6.2,10,8,Passed,10,,
SU2021,SU2021-class 14,13,1905AEACCD,8.5,6,7.2,10,8.3,Passed,10,,
SU2021,SU2021-class 14,14,1905AEJABD,9.5,7,6.4,10,8.2,Passed,10,,
SU2021,SU2021-class 14,15,1905ACJAHC,7.5,3.5,7,10,7.9,Passed,10,,
SU2021,SU2021-class 14,16,1905ADJFCD,0,0,0,0,0,Attendance Fail,0,,
SU2021,SU2021-class 14,17,1905ADJHID,9,5,5.2,10,7.5,Passed,10,,
SU2021,SU2021-class 15,1,1905AEJFBB,9,9,8.6,9,8.8,Passed,9,,
SU2021,SU2021-class 15,2,1905AEJFCD,7,7,4.2,7,5.9,Passed,7,,
SU2021,SU2021-class 15,3,1905AEJFFB,7,7,7.4,7,7.2,Passed,7,,
SU2021,SU2021-class 15,4,1905AEJDHC,10,9.5,7.8,9.5,8.9,Passed,9.5,,
SU2021,SU2021-class 15,5,1905AEJCIF,8.5,8,8.2,8.5,8.3,Passed,8,,
SU2021,SU2021-class 15,6,1905AEJBBD,9,9,7.6,9,8.4,Passed,9,,
SU2021,SU2021-class 15,7,1905AEJEEE,8,8.5,5.2,8.5,7.1,Passed,8.3,,
SU2021,SU2021-class 15,8,1905AEJBCJ,9,9,7.4,9,8.4,Passed,9,,
SU2021,SU2021-class 15,9,1905AEJCCB,9,8.5,5.6,9,7.6,Passed,9,,
SU2021,SU2021-class 15,10,1905AEJDBJ,8.5,8,5.8,8.5,7.3,Passed,8,,
SU2021,SU2021-class 15,11,1905AEJDIH,9,9.5,8.8,9,9,Passed,9,,
SU2021,SU2021-class 15,12,1905AEJDDC,9,9,5.4,9,7.6,Passed,9,,
SU2021,SU2021-class 15,13,1905AEJDID,9.5,9.5,5.2,9,7.6,Passed,9,,
SU2021,SU2021-class 15,14,1905ADJADG,8,8,6.8,8,7.5,Passed,8,,
SU2021,SU2021-class 15,15,1905AEJBIA,8.5,8,7,8,7.7,Passed,8.5,,
SU2021,SU2021-class 15,16,1905AEJEBE,8,8,7.8,8,7.9,Passed,8,,
SU2021,SU2021-class 15,17,1905AEJAAB,8.5,9,9.2,8.5,8.8,Passed,8.5,,
SU2021,SU2021-class 15,18,1905AEJDHJ,8.5,8.5,6.8,8.5,7.8,Passed,8.5,,
SU2021,SU2021-class 15,19,1905AEJCEC,7,7,7.4,7,7.2,Passed,7,,
SU2021,SU2021-class 15,20,1905AEAJJI,7.5,8,7.4,7.5,7.5,Passed,7.5,,
SU2021,SU2021-class 15,21,1905AEJEJJ,9,9.5,7.8,9,8.6,Passed,9,,
SU2021,SU2021-class 15,22,1905AEJBFC,7,7,5.8,7,6.5,Passed,7,,
SU2021,SU2021-class 15,23,1905ADJEBG,7,7,5.4,7,6.4,Passed,7.3,,
SU2021,SU2021-class 15,24,1905AEJEDG,9,9,7,9,8.2,Passed,9,,
SU2021,SU2021-class 15,25,1905AEJEJC,9,9.5,8,9,8.7,Passed,9,,
SU2021,SU2021-class 15,26,1905AEJEDH,8,8,7.6,8,7.8,Passed,8,,
SU2021,SU2021-class 15,27,1905AEJCAJ,8.5,9,7.4,8.5,8.1,Passed,8.5,,
SU2021,SU2021-class 15,28,1905AEJCAA,9,9,7.6,9,8.4,Passed,9,,
SU2021,SU2021-class 15,29,1905ADJFHH,8,8,5.8,8,7.1,Passed,8,,
SU2021,SU2021-class 15,30,1905ADJGCI,9,9,4.4,9,7.1,Passed,8.8,,
SU2021,SU2021-class 16,1,1905ADJBEE,9.5,10,5.8,6,7.1,Passed,10,,
SU2021,SU2021-class 16,2,1905AEJFHA,9.5,10,6,8,7.8,Passed,10,,
SU2021,SU2021-class 16,3,1905ADAJEE,9.5,10,7.2,6,7.6,Passed,10,,
SU2021,SU2021-class 16,4,1905AEJFII,9,10,5.4,8.5,7.6,Passed,10,,
SU2021,SU2021-class 16,5,1905AEJGAC,9.5,10,7.6,8,8.4,Passed,10,,
SU2021,SU2021-class 16,6,1905AEJGEE,9.5,10,5,8,7.4,Passed,10,,
SU2021,SU2021-class 16,7,1905AEABIJ,9.5,10,8,8,8.6,Passed,10,,
SU2021,SU2021-class 16,8,1905AEJHDJ,8.5,10,7.2,7.5,8,Passed,10,,
SU2021,SU2021-class 16,9,1905AEJHEG,8.5,10,6.8,7,7.7,Passed,10,,
SU2021,SU2021-class 16,10,1905AEJHEF,7.5,10,7.2,8,8,Passed,10,,
SU2021,SU2021-class 16,11,1905ADAAFG,10,10,7,8.5,8.4,Passed,10,,
SU2021,SU2021-class 16,12,1905AEJHIE,10,10,5.4,8.5,7.7,Passed,10,,
SU2021,SU2021-class 16,13,1905AEJHIJ,9.5,10,5.8,8.5,7.8,Passed,10,,
SU2021,SU2021-class 16,14,1905AEJIJG,7.5,10,7.4,8,8.1,Passed,10,,
SU2021,SU2021-class 16,15,1905AEJIBB,8.5,10,8,8,8.5,Passed,10,,
SU2021,SU2021-class 16,16,1905AEJIAH,9.5,10,6,7.5,7.6,Passed,10,,
SU2021,SU2021-class 16,17,1905AEABIE,9.5,10,7.4,8,8.3,Passed,10,,
SU2021,SU2021-class 16,18,1905AEJJAF,9.5,10,4,8,7,Passed,10,,
SU2021,SU2021-class 16,19,1905AEJIHD,8,10,8.2,7.5,8.3,Passed,10,,
SU2021,SU2021-class 16,20,1905AEJIID,10,10,7.6,8,8.4,Passed,10,,
SU2021,SU2021-class 16,21,1905AEJIIH,8,10,7.4,7.5,8,Passed,10,,
SU2021,SU2021-class 16,22,1905AEAJAB,10,10,7.8,8.5,8.7,Passed,10,,
SU2021,SU2021-class 16,23,1905AEAJJE,8.5,10,5,8,7.3,Passed,10,,
SU2021,SU2021-class 16,24,1905AEAJBH,9,10,5.4,9.5,7.9,Passed,10,,
SU2021,SU2021-class 16,25,1905AEAJCG,9,10,7,8,8.1,Passed,10,,
SU2021,SU2021-class 16,26,1905AEAJFG,9,10,8,8.5,8.7,Passed,10,,
SU2021,SU2021-class 16,27,1905ADAAJA,9.5,10,6.8,7,7.8,Passed,10,,
SU2021,SU2021-class 16,28,1905ADAJDG,9,10,7.8,7,8.1,Passed,10,,
SU2021,SU2021-class 17,1,1905AEABAJ,7.5,8,4.6,7.5,6.4,Passed,7.5,,
SU2021,SU2021-class 17,2,1905AEACBH,8.5,9,5.8,9,7.7,Passed,9,,
SU2021,SU2021-class 17,3,1905AEABFD,7.5,9,5.4,7.5,6.9,Passed,8.3,,
SU2021,SU2021-class 17,4,1905AEABFJ,7.5,9,5.6,7.5,6.9,Passed,8,,
SU2021,SU2021-class 17,5,1905AEAAIH,8,9,7.6,8,7.9,Passed,8,,
SU2021,SU2021-class 17,6,1905AEACJJ,8.5,9,8.2,9,8.6,Passed,9,,
SU2021,SU2021-class 17,7,1905AEAAID,8,9,6.2,8,7.4,Passed,8,,
SU2021,SU2021-class 17,8,1905ADJAIF,8.5,9,6.2,8.5,7.6,Passed,8.5,,
SU2021,SU2021-class 17,9,1905AEABID,8.5,9,6,8.5,7.6,Passed,8.5,,
SU2021,SU2021-class 17,10,1905AEAAII,8.5,9,4.4,9,7.1,Passed,9,,
SU2021,SU2021-class 17,11,1905ADJAFC,8.5,9,6.6,8.5,7.8,Passed,8.5,,
SU2021,SU2021-class 17,12,1905AEABAG,8,9,6.8,8,7.7,Passed,8.5,,
SU2021,SU2021-class 17,13,1905ADJDDB,7,8,7.4,7,7.3,Passed,7.5,,
SU2021,SU2021-class 17,14,1905AEABJJ,8,8.5,7.8,8,8,Passed,8.5,,
SU2021,SU2021-class 17,15,1905AEABFI,8.5,9,6.6,9,8,Passed,9,,
SU2021,SU2021-class 17,16,1905AEABIH,8.5,9,4.2,9,7,Passed,9,,
SU2021,SU2021-class 17,17,1905AEABGC,8,8.5,4.4,8,6.7,Passed,8.5,,
SU2021,SU2021-class 17,18,1905AEAAIF,8,9,4.6,8,6.7,Passed,8,,
SU2021,SU2021-class 17,19,1905AEABAD,7.5,8,8.6,7.5,8,Passed,7.5,,
SU2021,SU2021-class 17,20,1905AEABDD,8,9,5.2,8,7,Passed,8.5,,
SU2021,SU2021-class 17,21,1905AEABFC,7.5,9,8.8,7.5,8.2,Passed,8,,
SU2021,SU2021-class 17,22,1905AEABDE,8,9,7.4,8,7.9,Passed,8.5,,
SU2021,SU2021-class 17,23,1905AEAJHJ,8.5,8.5,8.2,8.5,8.4,Passed,8.5,,
SU2021,SU2021-class 17,24,1905AEAJIB,7.5,8.5,6.6,7.5,7.3,Passed,8,,
SU2021,SU2021-class 17,25,1905AEAABG,8.5,9,7.4,8.5,8.1,Passed,8.3,,
SU2021,SU2021-class 17,26,1905AEAACD,7.5,8,6,7.5,7,Passed,7.8,,
SU2021,SU2021-class 17,27,1905AEAAFA,8.5,9,5.8,9,7.7,Passed,9,,
SU2021,SU2021-class 17,28,1905AEABFF,8,9,7.4,8.5,8.1,Passed,8.8,,
SU2021,SU2021-class 18,1,1905AEJFBD,5,7,7.4,6,6.6,Passed,6,,
SU2021,SU2021-class 18,2,1905AEACFD,6,7,7,7,6.9,Passed,7,,
SU2021,SU2021-class 18,3,1905AEJFEC,6,7,5.4,7,6.2,Passed,6.5,,
SU2021,SU2021-class 18,4,1905AEACAA,6,7,7.6,7,7.1,Passed,7,,
SU2021,SU2021-class 18,5,1905AEACBI,6,7,8.2,7,7.4,Passed,7,,
SU2021,SU2021-class 18,6,1905AEJFIA,5,7,8.2,6,6.9,Passed,6,,
SU2021,SU2021-class 18,7,1905AEJHFD,6,7,8.6,7,7.5,Passed,7,,
SU2021,SU2021-class 18,8,1905AEAECF,7,8,7,7.5,7.4,Passed,8,,
SU2021,SU2021-class 18,9,1905AEJEGH,5,7,7.8,6,6.7,Passed,6,,
SU2021,SU2021-class 18,10,1905AEACCI,6,7,6.4,7,6.7,Passed,7,,
SU2021,SU2021-class 18,11,1905AEAECH,7,8,7.6,7.5,7.6,Passed,8,,
SU2021,SU2021-class 18,12,1905AEAEBJ,7.5,8,6.6,7.5,7.1,Passed,7,,
SU2021,SU2021-class 18,13,1905AEACEI,6,7,5.2,7,6.2,Passed,7,,
SU2021,SU2021-class 18,14,0405AFJJJC,6,7,6.4,7,6.7,Passed,7,,
SU2021,SU2021-class 18,15,1905AEAECI,7,8,8.2,7.5,7.8,Passed,8,,
SU2021,SU2021-class 18,16,1905AEAEAH,7.5,8,0,7.5,4.5,Not Passed,7,,
SU2022,SU2022-class 1,1,1905AFBJHB,8,9.8,6.2,8,7.6,Passed,9,,
SU2022,SU2022-class 1,2,1905AFBAJB,8,9,8,8,8.1,Passed,7.5,,
SU2022,SU2022-class 1,3,1905AEJGJF,7.5,9.2,6,7,6.9,Passed,7.5,,
SU2022,SU2022-class 1,4,1905AFADGD,6,8.7,7.4,5,6.6,Passed,7,,
SU2022,SU2022-class 1,5,1905AEJGEH,7,9,7.2,6,6.8,Passed,5.5,,
SU2022,SU2022-class 1,6,1905AFJIDF,8.5,9.5,8,8,8.3,Passed,8.5,,
SU2022,SU2022-class 1,7,1905AFBJAE,8,9.7,8.8,8,8.6,Passed,9,,
SU2022,SU2022-class 1,8,1905AEJGIH,8.5,9,7,8,7.9,Passed,9.5,,
SU2022,SU2022-class 1,9,1905AEJAGH,7,8.2,6,6,6.5,Passed,7.5,,
SU2022,SU2022-class 1,10,1905AEJECB,8.5,8.7,8,8.5,8.2,Passed,7,,
SU2022,SU2022-class 1,11,1905AFAFAB,8,9.2,7,7.5,7.4,Passed,6.5,,
SU2022,SU2022-class 1,12,1905AFJDBA,8.5,9,6.4,10,8.2,Passed,9,,
SU2022,SU2022-class 1,13,1905AFAAAF,8.5,9.3,8.2,8.5,8.5,Passed,9,,
SU2022,SU2022-class 1,14,1905AFJJIA,8,9.7,8.6,7.5,8.4,Passed,9,,
SU2022,SU2022-class 1,15,1905AEJJED,7,9.3,0,6,4.1,Attendance Fail,7,,
SU2022,SU2022-class 1,16,1905AFAJHE,6,9.3,7,5,6.3,Passed,4.5,,
SU2022,SU2022-class 1,17,1905AEJFAC,8,9.2,5.4,7.5,6.8,Passed,6.5,,
SU2022,SU2022-class 1,18,1905AEAJBC,7.5,7.5,8.6,7,7.8,Passed,7.5,,
SU2022,SU2022-class 1,19,1905AFJCAA,8.5,8.5,7.4,8,7.9,Passed,8,,
SU2022,SU2022-class 1,20,1905AFJCEI,8.5,9.2,6.6,10,8.4,Passed,10,,
SU2022,SU2022-class 1,21,1905AFACJD,8.5,9.3,9,8.5,8.7,Passed,8,,
SU2022,SU2022-class 1,22,1905AFBABJ,8,8.7,8,8,7.9,Passed,6.5,,
SU2022,SU2022-class 1,23,1905AFJDDD,8.5,9.5,7.6,10,8.7,Passed,8.5,,
SU2022,SU2022-class 1,24,1905AEAJGI,8.5,9,5.8,8,7.3,Passed,8,,
SU2022,SU2022-class 1,25,1905AEJDAH,7,8.8,7.8,6,7.2,Passed,6.5,,
SU2022,SU2022-class 1,26,1905AEAABF,7.5,9.3,7.6,7,7.5,Passed,6.5,,
SU2022,SU2022-class 1,27,1905AEAADJ,7.5,9.5,6.8,7,7.3,Passed,8,,
SU2022,SU2022-class 1,28,1905AFJJBB,6,8.8,0,5,3.1,Attendance Fail,1.5,,
SU2022,SU2022-class 1,29,1905AFJGEI,0,0,0,0,0.2,Attendance Fail,1.5,,
SU2022,SU2022-class 1,30,1919ADJCBH,0,0,0,0,0,Attendance Fail,0,,
SU2022,SU2022-class 2,1,1905AEJAJA,7,8.2,7.6,7,7.5,Passed,8,,
SU2022,SU2022-class 2,2,1905AFBJHE,7,7.7,5.6,8.5,7,Passed,7.5,,
SU2022,SU2022-class 2,3,1905AEJFHI,7.5,8.5,7,7.5,7.5,Passed,8,,
SU2022,SU2022-class 2,4,1905AFJHHG,7.5,9.8,7.6,9,8.4,Passed,9,,
SU2022,SU2022-class 2,5,1905AEJGDA,7.5,8.5,6.6,8.5,7.4,Passed,6.5,,
SU2022,SU2022-class 2,6,1905AEJGDH,7,9.5,6.4,8.5,7.4,Passed,6.5,,
SU2022,SU2022-class 2,7,1905AFJJFH,7.5,9.7,8.2,9,8.7,Passed,9.5,,
SU2022,SU2022-class 2,8,1905AFJACG,8,9.2,6,9,7.6,Passed,7.5,,
SU2022,SU2022-class 2,9,1905AFJBDA,8,9.5,7,9,8.1,Passed,8.5,,
SU2022,SU2022-class 2,10,1905AEJGGJ,0,0,0,0,0,Attendance Fail,0,,
SU2022,SU2022-class 2,11,1905AFADEJ,7.5,9,7.4,6,7.2,Passed,8,,
SU2022,SU2022-class 2,12,1905AEJHAA,7,8.8,5.4,7,6.5,Passed,6.5,,
SU2022,SU2022-class 2,13,1905AEJHGC,8,9,8.2,9,8.4,Passed,7.5,,
SU2022,SU2022-class 2,14,1905AFJJDC,7.5,9.3,8.4,9,8.6,Passed,9,,
SU2022,SU2022-class 2,15,1905AEJIEA,7.5,8.8,4.2,8.5,6.7,Passed,8.5,,
SU2022,SU2022-class 2,16,1905AEADJE,8,8.5,7,7.5,7.5,Passed,7.5,,
SU2022,SU2022-class 2,17,1905AEJIEF,8,9.3,7.6,7.5,7.8,Passed,8,,
SU2022,SU2022-class 2,18,1905AEADAF,7.5,8.5,4.2,7.5,6.4,Passed,8.5,,
SU2022,SU2022-class 2,19,0405AFJJBF,0,0,0,0,0,Attendance Fail,0,,
SU2022,SU2022-class 2,20,1905AFADDH,7.5,9,4.6,6,6,Passed,7.5,,
SU2022,SU2022-class 2,21,1905AFADFD,7.5,9.5,4.2,6,5.9,Passed,7.5,,
SU2022,SU2022-class 2,22,1905AEAJDA,8,9,7.6,7.5,7.8,Passed,8,,
SU2022,SU2022-class 2,23,0805AFJHEG,0,0,0,0,0,Attendance Fail,0,,
SU2022,SU2022-class 2,24,1905AFJJHE,7,9,0,7,4.5,Attendance Fail,7.5,,
SU2022,SU2022-class 2,25,1905AFJHBB,7.5,9,4.6,7.5,6.6,Passed,9,,
SU2022,SU2022-class 2,26,1905ADJGFG,0,0,2.6,0,1.7,Not Passed,6.5,,
SU2022,SU2022-class 2,27,1905AFAHBH,0,0,0,0,0.9,Attendance Fail,8.5,,
SU2022,SU2022-class 2,28,1905AEJEAG,7.5,8.7,6.4,8.5,7.5,Passed,7.5,,
SU2022,SU2022-class 2,29,1905AFACHB,7.5,9,6.6,6,7,Passed,9,,
SU2022,SU2022-class 2,30,1905AFADEE,7.5,9.2,4.2,7.5,6.4,Passed,7.5,,
SU2022,SU2022-class 2,31,1905AFJCFE,7.5,8.2,9,8.5,8.5,Passed,7.8,,
SU2022,SU2022-class 2,32,1905AFJHCJ,7.5,9.3,7.2,9,8.3,Passed,10,,
SU2022,SU2022-class 3,1,1905AFJHDF,9,8.5,6.6,10,8.4,Passed,10,,
SU2022,SU2022-class 3,2,1905AFAFDH,9,9,6,10,8.2,Passed,10,,
SU2022,SU2022-class 3,3,1905AEJFFF,10,9.5,9.4,10,9.7,Passed,10,,
SU2022,SU2022-class 3,4,1905AFAJHH,10,9.3,6,10,8.3,Passed,10,,
SU2022,SU2022-class 3,5,1905AEJFHB,10,7.3,7,10,8.5,Passed,10,,
SU2022,SU2022-class 3,6,1905AFBADG,9,9,7.8,10,8.9,Passed,10,,
SU2022,SU2022-class 3,7,1905AFJBCD,10,9.5,7.8,10,9.1,Passed,10,,
SU2022,SU2022-class 3,8,1905AFAEFE,9,8.3,8,10,8.9,Passed,10,,
SU2022,SU2022-class 3,9,1905AEADBB,10,6.3,6.8,10,8.4,Passed,10,,
SU2022,SU2022-class 3,10,1905AFAEJH,9,10,7.6,10,8.9,Passed,10,,
SU2022,SU2022-class 3,11,1905AFAGFB,9,8.8,7.8,10,8.9,Passed,10,,
SU2022,SU2022-class 3,12,1905AFJHEG,9,9,7.4,10,8.8,Passed,10,,
SU2022,SU2022-class 3,13,1905AFAJJD,10,8.8,7.8,10,9,Passed,10,,
SU2022,SU2022-class 3,14,1905AFADEC,9,10,4,10,7.5,Passed,10,,
SU2022,SU2022-class 3,15,1905AEJACE,9,6.8,4.6,10,7.4,Passed,10,,
SU2022,SU2022-class 3,16,1905AFAGAC,10,8.5,8.2,10,9.1,Passed,10,,
SU2022,SU2022-class 3,17,1905AFAEGE,9,9.8,6.8,10,8.6,Passed,10,,
SU2022,SU2022-class 3,18,1905AFJJEB,10,8.5,8.6,10,9.3,Passed,10,,
SU2022,SU2022-class 3,19,1905AFAEHB,9,9.5,9.4,10,9.6,Passed,10,,
SU2022,SU2022-class 3,20,1905AFABJJ,7,8.3,3.8,10,7.1,Not Passed,10,,
SU2022,SU2022-class 3,21,1905AFAADH,7,8.5,8.6,10,9,Passed,10,,
SU2022,SU2022-class 3,22,1905AFADEG,9,10,9,10,9.5,Passed,10,,
SU2022,SU2022-class 3,23,1905AFAFCJ,9,7.8,5.6,10,7.9,Passed,10,,
SU2022,SU2022-class 3,24,1905AFJIGJ,10,9.3,9.4,10,9.7,Passed,10,,
SU2022,SU2022-class 3,25,1905AFBAIF,9,8.3,8.2,10,9,Passed,10,,
SU2022,SU2022-class 3,26,1905AFJHEJ,9,9.3,7.6,10,8.9,Passed,10,,
SU2022,SU2022-class 3,27,1905AFAFDI,9,9.3,8,10,9,Passed,10,,
SU2022,SU2022-class 3,28,1905AEJFJB,7,8,4.2,10,6.7,Passed,5,,
SU2022,SU2022-class 3,29,1905AFAGAE,10,10,7.4,10,9,Passed,10,,
SU2022,SU2022-class 3,30,1905AFAHGF,9,9.5,8.6,10,9.3,Passed,10,,
SU2022,SU2022-class 3,31,1905AFAJIE,7,9.3,8,5,7.3,Passed,10,,
SU2022,SU2022-class 3,32,1905AFAJFD,7,9.3,8.2,5,7.4,Passed,10,,
SU2022,SU2022-class 4,1,1905AEJDGA,9,9.5,7.4,9,8.4,Passed,9.3,,
SU2022,SU2022-class 4,2,1905AEJGAB,7,9.5,6.6,8,7.3,Passed,6,,
SU2022,SU2022-class 4,3,1905AFADEH,9,9.5,6.4,8,7.6,Passed,8.3,,
SU2022,SU2022-class 4,4,1905AFAEBH,9,8.5,6.2,8,7.4,Passed,7.3,,
SU2022,SU2022-class 4,5,1905AFAEDA,8,10,7.8,8,8.1,Passed,8,,
SU2022,SU2022-class 4,6,1905AEJCAF,9,4.5,0,9,4.4,Attendance Fail,3.8,,
SU2022,SU2022-class 4,7,1905AEJGHB,8,10,7.6,8,8,Passed,7.3,,
SU2022,SU2022-class 4,8,1905AFAEDH,8,10,8.4,8,8.4,Passed,8,,
SU2022,SU2022-class 4,9,1905AFAEDJ,9,9.5,7.2,8,7.9,Passed,7.3,,
SU2022,SU2022-class 4,10,1905AFADFC,9,8.5,4.4,8,6.6,Passed,6.8,,
SU2022,SU2022-class 4,11,1905AEJHDB,10,9.5,5.6,10,8.1,Passed,8.8,,
SU2022,SU2022-class 4,12,1905AEJHIB,9,10,9,9,9.2,Passed,9.8,,
SU2022,SU2022-class 4,13,1905AEJHHD,8,8.5,4.6,8,6.5,Passed,6.5,,
SU2022,SU2022-class 4,14,1905AEJIAG,7,8.5,6.4,8,7,Passed,5.3,,
SU2022,SU2022-class 4,15,1905AFADIH,9,10,8.6,8,8.6,Passed,8.3,,
SU2022,SU2022-class 4,16,1905AFAFGA,7,8.5,7,8,7.4,Passed,6,,
SU2022,SU2022-class 4,17,1905AFAEEB,8,10,7,8,7.8,Passed,8,,
SU2022,SU2022-class 4,18,1905AEJBEG,9,10,7.4,9,8.5,Passed,9.8,,
SU2022,SU2022-class 4,19,1905AEJIGG,10,9.5,7,10,8.6,Passed,8,,
SU2022,SU2022-class 4,20,1905AEJDHG,8,8,7,8,7.4,Passed,6,,
SU2022,SU2022-class 4,21,1905AEJDFF,9,10,6.2,9,8.1,Passed,9.8,,
SU2022,SU2022-class 4,22,1905AEJEIA,8,10,6.4,8,7.5,Passed,7.3,,
SU2022,SU2022-class 4,23,1905AFAFAA,8,9.5,5.8,8,7.2,Passed,7,,
SU2022,SU2022-class 4,24,1905AFAEDF,8,8,4.6,8,6.4,Passed,5.8,,
SU2022,SU2022-class 4,25,1905AEAJIE,10,9.5,4,10,7.5,Passed,9.3,,
SU2022,SU2022-class 4,26,1905AEJEDF,10,10,6.6,10,8.6,Passed,9.8,,
SU2022,SU2022-class 4,27,1905AFAFCH,8,8.5,6.6,8,7.3,Passed,6.5,,
SU2022,SU2022-class 4,28,1905AEADFJ,7,8.5,6.6,8,7.1,Passed,5.3,,
SU2022,SU2022-class 4,29,1905AEAAEJ,10,8.5,8.6,10,9.1,Passed,7.8,,
SU2022,SU2022-class 4,30,1905AEAAEG,8,9.5,7.6,8,7.9,Passed,6.8,,
SU2022,SU2022-class 4,31,1905AEJCBH,9,10,7,9,8.4,Passed,9.8,,
SU2022,SU2022-class 4,32,1905AEABBB,7,9.5,6,8,7.1,Passed,6,,
SU2022,SU2022-class 5,1,1905AEADIB,7,8.7,8.2,8,8,Passed,7.9,,
SU2022,SU2022-class 5,2,1905AEADGD,8.5,8.5,9.6,9.5,9.3,Passed,8.8,,
SU2022,SU2022-class 5,3,1905AEJGJI,8,9.2,7.4,9,8.3,Passed,8.7,,
SU2022,SU2022-class 5,4,1905AEACIG,6.5,8.5,7.4,7.5,7.5,Passed,7.5,,
SU2022,SU2022-class 5,5,1905AEACID,6.5,8.3,7.8,7.5,7.6,Passed,7.4,,
SU2022,SU2022-class 5,6,1905AFJAGE,6.5,7.8,9.6,7.5,8.3,Passed,7.3,,
SU2022,SU2022-class 5,7,1905AEADFH,7,9.2,8.4,8,8.2,Passed,8.1,,
SU2022,SU2022-class 5,8,1905AEADGI,7,7.5,8.8,8,8.1,Passed,7.5,,
SU2022,SU2022-class 5,9,1905AEADBH,6,8.8,5,6,6,Passed,6.9,,
SU2022,SU2022-class 5,10,1905AEACGI,7.5,7.8,6,7,6.8,Passed,7.4,,
SU2022,SU2022-class 5,11,1905AEADHE,8.5,8.5,8.4,9.5,8.8,Passed,8.8,,
SU2022,SU2022-class 5,12,1905AEJHDG,8,9,8.4,9,8.6,Passed,8.7,,
SU2022,SU2022-class 5,13,1905AEADBF,8.5,8,7.8,9.5,8.5,Passed,8.7,,
SU2022,SU2022-class 5,14,1905AFAGJD,0,0,0,0,0,Attendance Fail,0,,
SU2022,SU2022-class 5,15,1905AFJJFE,6.5,9.2,8.2,7,7.7,Passed,7.6,,
SU2022,SU2022-class 5,16,1905AEJIGB,7.5,9.5,8,8.5,8.3,Passed,8.5,,
SU2022,SU2022-class 5,17,1905AFAFCE,6,4,0,6,3.4,Not Passed,5.8,,
SU2022,SU2022-class 5,18,1905AEJIIG,7.5,9.6,8.4,8.5,8.5,Passed,8.6,,
SU2022,SU2022-class 5,19,1905AFAEFJ,6,5.8,5,6,5.6,Passed,5.9,,
SU2022,SU2022-class 5,20,1905AEAEJC,7.5,5.5,7.8,7,7.2,Passed,6.7,,
SU2022,SU2022-class 5,21,1905AFJJBG,6.5,9.2,9.2,7,8.1,Passed,7.6,,
SU2022,SU2022-class 5,22,1905AEAJDB,7,9.5,6.8,7,7.3,Passed,7.8,,
SU2022,SU2022-class 5,23,1905AEAJEG,7,8.5,4.8,8,6.7,Passed,7.8,,
SU2022,SU2022-class 5,24,1905AEAJFJ,6,7.7,7.6,6,6.9,Passed,6.6,,
SU2022,SU2022-class 5,25,1905AEAJFH,7.5,9.5,8.8,8.5,8.6,Passed,8.5,,
SU2022,SU2022-class 5,26,1905AEAJGA,7,9.5,8.4,7,7.9,Passed,7.8,,
SU2022,SU2022-class 5,27,1905AEAJGG,7,9.7,8.4,7,7.9,Passed,7.9,,
SU2022,SU2022-class 5,28,1905AFAHIH,6.5,9.2,9.4,7,8.2,Passed,7.6,,
SU2022,SU2022-class 5,29,1905ACJEDF,8,9,5.4,9,7.4,Passed,8.7,,
SU2022,SU2022-class 5,30,1905AEACGF,7.5,8.2,5.4,7,6.6,Passed,7.6,,
SU2022,SU2022-class 5,31,1905AEAAGC,6.5,8.7,7.6,7.5,7.6,Passed,7.6,,
SU2022,SU2022-class 5,32,1905AEAEAI,8.5,8.5,7,9.5,8.2,Passed,8.8,,
SU2022,SU2022-class 6,1,1905AFJCHE,7,5.3,8.2,7,7.3,Passed,7,,
SU2022,SU2022-class 6,2,1905AEAEAB,8.5,3.7,7,8.5,7.4,Passed,8.5,,
SU2022,SU2022-class 6,3,0805AFJJEE,7,4,8.4,7,7.3,Passed,7,,
SU2022,SU2022-class 6,4,1905AFJDJH,7,9.5,7.8,7.5,7.8,Passed,7.3,,
SU2022,SU2022-class 6,5,1905AFJCJF,7,6.2,8.8,7,7.6,Passed,7,,
SU2022,SU2022-class 6,6,1905AFJAAI,8,6.7,9,8.5,8.5,Passed,8.3,,
SU2022,SU2022-class 6,7,1905AEJCCE,7,5.3,8.2,7,7.3,Passed,7,,
SU2022,SU2022-class 6,8,1905AFJDJA,7,4,5.6,7.5,6.3,Passed,7.3,,
SU2022,SU2022-class 6,9,1905AFJAIE,8,3.8,6.4,8.5,7.1,Passed,8.3,,
SU2022,SU2022-class 6,10,1905ACJAIF,7,4.3,7.2,7,6.8,Passed,7,,
SU2022,SU2022-class 6,11,1905AFAJEB,7,7,8,7.5,7.6,Passed,7.3,,
SU2022,SU2022-class 6,12,1905AFJJID,8.5,4.7,9,8.5,8.3,Passed,8.5,,
SU2022,SU2022-class 6,13,1905AFJAJC,8.5,2.8,7,8.5,7.3,Passed,8.5,,
SU2022,SU2022-class 6,14,1905AFJCGF,7,5.3,9.2,7,7.7,Passed,7,,
SU2022,SU2022-class 6,15,1905AFJAIJ,8,3.5,8,8.5,7.7,Passed,8.3,,
SU2022,SU2022-class 6,16,1905AFJBJD,8,4,8.2,8.5,7.9,Passed,8.3,,
SU2022,SU2022-class 6,17,1905AFJADA,8,5.8,9.2,8.5,8.4,Passed,8.3,,
SU2022,SU2022-class 6,18,1905ADJHHD,7,8.5,7.8,7,7.5,Passed,7,,
SU2022,SU2022-class 6,19,1905FBGHA,0,0,0,0,0,Not Passed,0,,
SU2022,SU2022-class 6,20,0805AFCCFD,0,0,0,0,0,Attendance Fail,0,,
SU2022,SU2022-class 6,21,1905ACJCJB,7,3.7,6,7,6.3,Passed,7,,
SU2022,SU2022-class 6,22,0305AFJCJB,7,4.3,5.8,7,6.3,Passed,7,,
SU2022,SU2022-class 6,23,1905AFJCDC,0,0,0,0,0,Attendance Fail,0,,
SU2022,SU2022-class 6,24,1905AFJACF,8,4.5,8.8,8.5,8.2,Passed,8.3,,
SU2022,SU2022-class 6,25,1905AFJADB,8,3.1,9.4,8.5,8.3,Passed,8.3,,
SU2022,SU2022-class 6,26,1905AFJAJE,8,4.8,8.6,8.5,8.1,Passed,8.3,,
SU2022,SU2022-class 6,27,1905AEABEC,8.5,5.3,0,8.5,4.8,Not Passed,8.5,,
SU2022,SU2022-class 7,1,1905AFJEAG,7,9,7,10,8.4,Passed,10,,
SU2022,SU2022-class 7,2,1905AFAFHJ,10,9.5,9.4,10,9.7,Passed,10,,
SU2022,SU2022-class 7,3,1905AFJEIE,8,8.5,9.8,10,9.6,Passed,10,,
SU2022,SU2022-class 7,4,1905AFJEHF,8,7.5,6.8,10,8.3,Passed,10,,
SU2022,SU2022-class 7,5,1905AFJFJC,8,8.8,8.2,10,9,Passed,10,,
SU2022,SU2022-class 7,6,1905AFJGGA,9,9.5,9.6,10,9.7,Passed,10,,
SU2022,SU2022-class 7,7,1905AFJDJI,8,8.5,8.6,10,9.1,Passed,10,,
SU2022,SU2022-class 7,8,1905AFJFJA,10,9.3,8.4,10,9.3,Passed,10,,
SU2022,SU2022-class 7,9,1905AFJFBA,9,5,8.6,10,8.8,Passed,10,,
SU2022,SU2022-class 7,10,1905AFBJJG,10,9.3,8.6,10,9.4,Passed,10,,
SU2022,SU2022-class 7,11,1905ADJEJC,9,7.5,7,10,8.5,Passed,10,,
SU2022,SU2022-class 7,12,1905AFJFAE,9,9,8.4,10,9.2,Passed,10,,
SU2022,SU2022-class 7,13,1905AFJFAD,9,8.5,7.6,10,8.8,Passed,10,,
SU2022,SU2022-class 7,14,1905AFJHBF,7,7.5,7.2,10,8.3,Passed,10,,
SU2022,SU2022-class 7,15,1905AFAGJC,10,9.3,7.8,10,9.1,Passed,10,,
SU2022,SU2022-class 7,16,1905AFJGIH,9,9.5,9.2,10,9.5,Passed,10,,
SU2022,SU2022-class 7,17,1905AFJEHC,9,9.3,8,10,9,Passed,10,,
SU2022,SU2022-class 7,18,1905AFJDAD,8,8,9,10,9.2,Passed,10,,
SU2022,SU2022-class 7,19,1905AFJEAJ,0,0,0,0,0,Attendance Fail,0,,
SU2022,SU2022-class 7,20,1905AFJDBE,8,9,6.8,10,8.4,Passed,10,,
SU2022,SU2022-class 7,21,1905ADJCAH,9,7.5,6.6,10,8.3,Passed,10,,
SU2022,SU2022-class 7,22,1905AFJEAF,7,8.8,7.8,10,8.7,Passed,10,,
SU2022,SU2022-class 7,23,1905AFJFAJ,9,7.8,7.6,10,8.7,Passed,10,,
SU2022,SU2022-class 7,24,1905AFJFED,8,7.5,8.4,10,8.9,Passed,10,,
SU2022,SU2022-class 7,25,1905AFJDAC,8,8.8,8.6,10,9.1,Passed,10,,
SU2022,SU2022-class 7,26,1905AFJFJD,9,9,9.2,10,9.5,Passed,10,,
SU2022,SU2022-class 7,27,1905AFJIHB,8,8.8,8.8,10,9.2,Passed,10,,
SU2022,SU2022-class 7,28,1905AFJFJE,8,9.5,9.2,10,9.4,Passed,10,,
SU2022,SU2022-class 7,29,1905AFJECI,7,7.8,5.2,10,7.6,Passed,10,,
SU2022,SU2022-class 7,30,1905AFJEFA,10,9.3,9.6,10,9.8,Passed,10,,
SU2022,SU2022-class 7,31,1905AFJDCF,0,8.8,0,0,0.9,Attendance Fail,0,,
SU2022,SU2022-class 8,1,1905AFAEJJ,8,8.8,6.4,10,8.2,Passed,10,,
SU2022,SU2022-class 8,2,1905AFACGJ,8,8.5,7.6,10,8.7,Passed,10,,
SU2022,SU2022-class 8,3,1905AFAHIC,8,9,5,10,7.7,Passed,10,,
SU2022,SU2022-class 8,4,1905AFJIGF,5,9.3,5.6,10,7.7,Passed,10,,
SU2022,SU2022-class 8,5,1905AFABHJ,9,8.8,4.4,10,7.5,Passed,10,,
SU2022,SU2022-class 8,6,1905AFJHFJ,5,9.3,7.8,10,8.6,Passed,10,,
SU2022,SU2022-class 8,7,1905AFJHGE,8,9,8.8,10,9.2,Passed,10,,
SU2022,SU2022-class 8,8,1905AFBJEJ,7,9,8.2,10,8.9,Passed,10,,
SU2022,SU2022-class 8,9,1905AFAEHF,8,8,8.2,10,8.9,Passed,10,,
SU2022,SU2022-class 8,10,1905AFAJJI,7,9,7.4,10,8.6,Passed,10,,
SU2022,SU2022-class 8,11,1905AFAJHA,5,8.5,6.8,10,8.1,Passed,10,,
SU2022,SU2022-class 8,12,1905AFAAGJ,9,8.8,6.8,10,8.5,Passed,10,,
SU2022,SU2022-class 8,13,1905AEJHJC,8,8.3,4,10,7.2,Passed,10,,
SU2022,SU2022-class 8,14,1905AFJDDJ,8,7.8,6.8,10,8.3,Passed,10,,
SU2022,SU2022-class 8,15,1905AFAJBA,7,8,4.4,10,7.3,Passed,10,,
SU2022,SU2022-class 8,16,1905AFAJCC,9,9.3,8.8,10,9.4,Passed,10,,
SU2022,SU2022-class 8,17,1905AFJHIJ,5,8.8,7.4,10,8.3,Passed,10,,
SU2022,SU2022-class 8,18,1905AFAJFH,9,9,7.2,10,8.7,Passed,10,,
SU2022,SU2022-class 8,19,1905AFBJGB,7,8.5,6.2,10,8,Passed,10,,
SU2022,SU2022-class 8,20,1905AFAJIG,9,9.3,9.2,10,9.5,Passed,10,,
SU2022,SU2022-class 8,21,1905AFJHGG,8,9,7.8,10,8.8,Passed,10,,
SU2022,SU2022-class 8,22,1905AFJHCB,5,7.3,6,10,7.6,Passed,10,,
SU2022,SU2022-class 8,23,1905AFJGFG,8,8.5,5.4,10,7.8,Passed,10,,
SU2022,SU2022-class 8,24,1905AFAAGE,9,8.8,7.8,10,8.9,Passed,10,,
SU2022,SU2022-class 8,25,1905AFAFIA,7,9.3,7.6,10,8.7,Passed,10,,
SU2022,SU2022-class 8,26,1905AFAJJA,5,9,5.6,10,7.6,Passed,10,,
SU2022,SU2022-class 8,27,1905AFJHDB,5,7.8,7.6,10,8.3,Passed,10,,
SU2022,SU2022-class 8,28,1905AFJEIF,8,8.8,7.8,10,8.8,Passed,10,,
SU2022,SU2022-class 8,29,1905AFAGDH,7,9,8,10,8.8,Passed,10,,
SU2022,SU2022-class 8,30,1905AFAJIA,5,8.5,6.6,10,8,Passed,10,,
SU2022,SU2022-class 8,31,1905AFAJBB,5,8.3,7.4,10,8.3,Passed,10,,
SU2022,SU2022-class 8,32,1905AFJIAG,5,8.5,7,10,8.2,Passed,10,,
SU2022,SU2022-class 9,1,1905AFABBC,10,8.8,9,10,9.5,Passed,10,,
SU2022,SU2022-class 9,2,1905AFAAFD,10,9,4.4,10,7.7,Passed,10,,
SU2022,SU2022-class 9,3,1905AFJEGH,10,7.5,6.6,10,8.4,Passed,10,,
SU2022,SU2022-class 9,4,1905AFAEAA,8,8.3,8.8,10,9.2,Passed,10,,
SU2022,SU2022-class 9,5,1905AFABBG,10,9.3,7.8,10,9.1,Passed,10,,
SU2022,SU2022-class 9,6,1905AFABGA,9,8.3,5,10,7.7,Passed,10,,
SU2022,SU2022-class 9,7,1905AFAJEG,9,9,5.8,4,6.3,Passed,10,,
SU2022,SU2022-class 9,8,1905AFAAJI,9,9.3,7.2,4,6.9,Passed,10,,
SU2022,SU2022-class 9,9,1905AFACJH,8,9.3,7.4,10,8.7,Passed,10,,
SU2022,SU2022-class 9,10,1905AFABGD,10,8.8,7.6,10,8.9,Passed,10,,
SU2022,SU2022-class 9,11,1905AFADJD,10,8,8.2,10,9.1,Passed,10,,
SU2022,SU2022-class 9,12,1905AFAAJD,9,9,7.8,4,7.1,Passed,10,,
SU2022,SU2022-class 9,13,1905AFAACG,9,9.3,8.2,4,7.3,Passed,10,,
SU2022,SU2022-class 9,14,1905AFABFB,9,9.3,7.8,10,9,Passed,10,,
SU2022,SU2022-class 9,15,1905AFABGF,10,9.3,7.8,10,9.1,Passed,10,,
SU2022,SU2022-class 9,16,1905AFABCI,9,9.3,8.6,10,9.3,Passed,10,,
SU2022,SU2022-class 9,17,1905AFADFI,8,9.3,7,10,8.5,Passed,10,,
SU2022,SU2022-class 9,18,1905AFABGE,10,9.3,9,10,9.5,Passed,10,,
SU2022,SU2022-class 9,19,1905AFAAAB,9,9.3,7.8,4,7.2,Passed,10,,
SU2022,SU2022-class 9,20,1905AFABIJ,8,9.3,9.4,10,9.5,Passed,10,,
SU2022,SU2022-class 9,21,1905AFAEJF,8,7.5,8.6,10,9,Passed,10,,
SU2022,SU2022-class 9,22,1905AFAEJE,8,8.3,8,10,8.8,Passed,10,,
SU2022,SU2022-class 9,23,1905AFJIBB,10,8.3,5.8,10,8.2,Passed,10,,
SU2022,SU2022-class 9,24,1905AFABEF,9,9.3,7.8,10,9,Passed,10,,
SU2022,SU2022-class 9,25,1905AEJDCC,0,0,0,0,0,Attendance Fail,0,,
SU2022,SU2022-class 9,26,1905AFAAIC,9,9,7.2,10,8.7,Passed,10,,
SU2022,SU2022-class 9,27,1905AFAEAB,8,7.8,7.8,10,8.7,Passed,10,,
SU2022,SU2022-class 9,28,1905AFACGH,10,9,8.8,10,9.4,Passed,10,,
SU2022,SU2022-class 9,29,1905AFABEC,8,7.3,5.6,10,7.8,Passed,10,,
SU2022,SU2022-class 9,30,1905AFACIH,10,8,5.8,10,8.1,Passed,10,,
SU2022,SU2022-class 9,31,1905AFJIHA,8,8,7.2,10,8.5,Passed,10,,
SU2022,SU2022-class 10,1,1905AFAFIF,8,9,8.4,10,9.1,Passed,10,,
SU2022,SU2022-class 10,2,1905AFBJAH,8,8.3,5,10,7.6,Passed,10,,
SU2022,SU2022-class 10,3,1905AFAGDI,8,8.5,7.8,10,8.8,Passed,10,,
SU2022,SU2022-class 10,4,1905AFACHC,8,8.8,7.2,10,8.1,Passed,5,,
SU2022,SU2022-class 10,5,1905AFAHHD,9,8.8,6.4,10,7.8,Passed,5,,
SU2022,SU2022-class 10,6,1905AFAGJB,8,8.5,6.6,10,8.3,Passed,10,,
SU2022,SU2022-class 10,7,1905AFJJJA,9,8.5,8.4,10,9.1,Passed,10,,
SU2022,SU2022-class 10,8,1905AFAIIH,7,9,8,10,8.8,Passed,10,,
SU2022,SU2022-class 10,9,1905AFAIFG,8,8.8,7.6,10,8.7,Passed,10,,
SU2022,SU2022-class 10,10,1905AFAIDG,8,7.3,7.2,10,7.9,Passed,5,,
SU2022,SU2022-class 10,11,1905AFAIHI,7,9,7.6,10,8.6,Passed,10,,
SU2022,SU2022-class 10,12,1905AFACHA,8,8.5,6.6,10,8.3,Passed,10,,
SU2022,SU2022-class 10,13,1905AFAEBA,0,0,0,0,0,Attendance Fail,0,,
SU2022,SU2022-class 10,14,1905AFAIFD,9,8.5,8.2,10,9,Passed,10,,
SU2022,SU2022-class 10,15,1905AFAHBJ,8,8.8,8.6,10,9.1,Passed,10,,
SU2022,SU2022-class 10,16,1905AFBJJA,7,8.8,4.4,10,7.3,Passed,10,,
SU2022,SU2022-class 10,17,1905AFAIIC,8,8.5,5.4,10,7.8,Passed,10,,
SU2022,SU2022-class 10,18,1905AFAGCA,8,8.8,7.6,10,8.7,Passed,10,,
SU2022,SU2022-class 10,19,1905AFAICB,9,7.8,7.4,10,8.6,Passed,10,,
SU2022,SU2022-class 10,20,1905AFAIEA,9,8.5,4.6,10,7.6,Passed,10,,
SU2022,SU2022-class 10,21,1905AFAGAA,8,7.3,7.4,10,8.5,Passed,10,,
SU2022,SU2022-class 10,22,1905AFAHBF,8,9,7.8,10,8.8,Passed,10,,
SU2022,SU2022-class 10,23,1905AFAIHG,7,9,8.8,10,9.1,Passed,10,,
SU2022,SU2022-class 10,24,1905AFBJJJ,8,9.3,6.6,10,8.4,Passed,10,,
SU2022,SU2022-class 10,25,1905AFBJAA,8,8.8,7.8,10,8.8,Passed,10,,
SU2022,SU2022-class 10,26,1905AFAIGF,9,9.3,6.4,10,8.4,Passed,10,,
SU2022,SU2022-class 10,27,1905AFBJCA,8,9,7.6,10,8.7,Passed,10,,
SU2022,SU2022-class 10,28,1905AFACBE,8,8.5,7.8,10,8.8,Passed,10,,
SU2022,SU2022-class 10,29,1905AFAGBC,8,8.5,6.8,10,8.4,Passed,10,,
SU2022,SU2022-class 10,30,1905AFACBA,8,7.8,6.2,10,8.1,Passed,10,,
SU2022,SU2022-class 10,31,1905AFBJAC,8,8.8,8.6,10,9.1,Passed,10,,
SU2022,SU2022-class 10,32,1905AFBJJC,7,8.8,7.4,10,8.5,Passed,10,,
SU2022,SU2022-class 11,1,1905AFABHG,0,0,0,0,0,Attendance Fail,0,,
SU2022,SU2022-class 11,2,1905ADJEAC,10,7.8,4.8,5,6.2,Passed,10,,
SU2022,SU2022-class 11,3,1905AEAECG,8,8.3,8,10,8.6,Passed,7.5,,
SU2022,SU2022-class 11,4,1905AFBJDC,10,7,8.8,5,7.7,Passed,10,,
SU2022,SU2022-class 11,5,1905AFBACE,8,8.3,6.6,5,6.8,Passed,10,,
SU2022,SU2022-class 11,6,1905AFAABE,8,5.3,7,5,6.6,Passed,10,,
SU2022,SU2022-class 11,7,1905AFJHGB,10,9,8.8,10,9.4,Passed,10,,
SU2022,SU2022-class 11,8,1905AFBJDJ,9,9.3,7.8,10,9,Passed,10,,
SU2022,SU2022-class 11,9,1905AFJIDA,10,9.5,9.4,10,9.7,Passed,10,,
SU2022,SU2022-class 11,10,1905AFAIIA,9,8.5,7.4,10,8.7,Passed,10,,
SU2022,SU2022-class 11,11,1905AFJHFH,10,9.3,8.8,10,9.5,Passed,10,,
SU2022,SU2022-class 11,12,1905AFBJDB,9,8.5,5.8,10,8.1,Passed,10,,
SU2022,SU2022-class 11,13,1905AFJJCC,8,8.5,9.6,5,8,Passed,10,,
SU2022,SU2022-class 11,14,1905AFJBDJ,10,9.5,9.4,5,8.2,Passed,10,,
SU2022,SU2022-class 11,15,1905AEJHFC,8,8.8,7.8,10,8.8,Passed,10,,
SU2022,SU2022-class 11,16,1905ADJBFI,10,8,7.8,5,7.4,Passed,10,,
SU2022,SU2022-class 11,17,1905AFBAFE,8,8.5,8.4,10,9,Passed,10,,
SU2022,SU2022-class 11,18,1905AFJCGJ,10,8.5,6.6,10,8.5,Passed,10,,
SU2022,SU2022-class 11,19,1905AFBJHH,8,8.3,7.6,10,8.7,Passed,10,,
SU2022,SU2022-class 11,20,1905AEJECG,9,8,4.6,10,7.5,Passed,10,,
SU2022,SU2022-class 11,21,1905AFAGDC,8,8.8,8.4,10,9,Passed,10,,
SU2022,SU2022-class 11,22,1905AFAABD,8,7,7.4,5,7,Passed,10,,
SU2022,SU2022-class 11,23,1905AEJEGF,8,7.8,5.2,10,7.7,Passed,10,,
SU2022,SU2022-class 11,24,1905AFBADF,8,8.8,6.8,5,6.9,Passed,10,,
SU2022,SU2022-class 11,25,1905AFJAEE,10,9.3,9.4,5,8.2,Passed,10,,
SU2022,SU2022-class 11,26,1905AFBJDF,8,8.8,6.6,10,8.3,Passed,10,,
SU2022,SU2022-class 11,27,1905AFBJDA,9,9.3,9.2,10,9.5,Passed,10,,
SU2022,SU2022-class 11,28,1905AFBAEJ,8,8.3,9,5,7.7,Passed,10,,
SU2022,SU2022-class 11,29,1905AFJBJH,10,9,9.4,10,9.7,Passed,10,,
SU2022,SU2022-class 11,30,1905AFJCCE,10,7.8,8.8,10,9.3,Passed,10,,
SU2022,SU2022-class 11,31,1905AFBAFD,8,8.5,8.4,10,9,Passed,10,,
SU2022,SU2022-class 11,32,1905AEACIH,0,0,0,0,0,Attendance Fail,0,,
SU2023,SU2023-class 1,1,1905AFJCBA,6.5,8.8,4.8,6,5.9,Passed,6.5,,
SU2023,SU2023-class 1,2,1905AFADDG,0,0,0,0,0.1,Not Passed,0.5,,
SU2023,SU2023-class 1,3,1905AFJDDG,6.5,7.3,5.2,6,5.8,Passed,5,,
SU2023,SU2023-class 1,4,1905AGAFGH,8,5.8,8,7.5,7.8,Passed,9.5,,
SU2023,SU2023-class 1,5,1905AFJFAH,6.5,8,5.2,6,6.3,Passed,9.5,,
SU2023,SU2023-class 1,6,1905AGBBBJ,8,9.8,9,8,8.7,Passed,9.5,,
SU2023,SU2023-class 1,7,1905AGAGFB,8,9.7,9,8,8.7,Passed,9.5,,
SU2023,SU2023-class 1,8,1905AFBJGE,7.5,3.8,5.2,7.5,6.4,Passed,9.5,,
SU2023,SU2023-class 1,9,1905AGADIF,7.5,3.6,7,7.5,7.1,Passed,9.5,,
SU2023,SU2023-class 1,10,1905AGBDEC,8,5.3,7.4,7.5,7.4,Passed,9,,
SU2023,SU2023-class 1,11,1905AFJEHH,7,10,8.6,7,8.1,Passed,9,,
SU2023,SU2023-class 1,12,1905AGBAIH,8,10,9,8,8.8,Passed,9.5,,
SU2023,SU2023-class 1,13,1905AFAJDH,0,0,0,0,0.1,Not Passed,0.5,,
SU2023,SU2023-class 1,14,1905AFABHH,8,8.7,5.4,7.5,7,Passed,9,,
SU2023,SU2023-class 1,15,1905AFJHAJ,6.5,6.9,8.6,6,6.7,Passed,1.5,,
SU2023,SU2023-class 1,16,1905AGBFAG,7.5,7.4,8.4,7.5,8.1,Passed,9.5,,
SU2023,SU2023-class 1,17,1905AGBHFG,7,8.5,7.6,7,7.6,Passed,9.5,,
SU2023,SU2023-class 1,18,1905AFAICA,8,8,8,7.5,8,Passed,9.5,,
SU2023,SU2023-class 1,19,1905AFAFCD,7,0.5,0,7,2.9,Attendance Fail,0.5,,
SU2023,SU2023-class 1,20,1905AGBAJH,8,10,8.4,8,8.5,Passed,9.5,,
SU2023,SU2023-class 1,21,1905AFJCFC,0,0,0,0,0.1,Attendance Fail,0.5,,
SU2023,SU2023-class 1,22,1905AGBJIF,7,3.8,6,7,6.4,Passed,8.5,,
SU2023,SU2023-class 1,23,1905AGJEBA,7.5,7.7,7,7.5,7.5,Passed,9.5,,
SU2023,SU2023-class 2,1,1905AGCFFA,9,8.9,7,8.5,7.9,Passed,7.9,,
SU2023,SU2023-class 2,2,1905AGCECF,8.5,8.4,8.6,8.5,8.7,Passed,9.8,,
SU2023,SU2023-class 2,3,1905AFJCFH,8,8.1,4.6,7,6.2,Passed,6.8,,
SU2023,SU2023-class 2,4,1905AGJCHF,9,7.7,6.2,8.5,7.3,Passed,5.5,,
SU2023,SU2023-class 2,5,1905AGCFDJ,9.5,8.5,8.2,9.5,8.8,Passed,8.3,,
SU2023,SU2023-class 2,6,1905AFJFDC,8.5,10,9.6,8.5,9.2,Passed,9.5,,
SU2023,SU2023-class 2,7,1905AGCFGA,9,8.8,7.8,8.5,8.2,Passed,7.9,,
SU2023,SU2023-class 2,8,1905AGCFDI,8,7.4,5.8,8.5,7.2,Passed,7.7,,
SU2023,SU2023-class 2,9,1905AGCFDA,9,8.1,6.2,8.5,7.5,Passed,7.9,,
SU2023,SU2023-class 2,10,1905AFJFDA,9,7.9,5.6,9,7.6,Passed,9.5,,
SU2023,SU2023-class 2,11,1905AFJEEF,9,7.4,6,8.5,7.1,Passed,5.5,,
SU2023,SU2023-class 2,12,1905AGCFDC,9,9.1,8.8,9,8.9,Passed,9,,
SU2023,SU2023-class 2,13,1905AGCECE,8.5,8.8,5.4,8.5,7.4,Passed,9.8,,
SU2023,SU2023-class 2,14,1905AFJCHG,0,3.3,0,0,0.8,Attendance Fail,4.7,,
SU2023,SU2023-class 2,15,1905AGCFAE,7,8.9,9.4,8.5,8.8,Passed,9,,
SU2023,SU2023-class 2,16,1905AGCFDF,9,9.3,8.2,8.5,8.4,Passed,7.9,,
SU2023,SU2023-class 2,17,1905AGCEEJ,8.5,8.6,7,8.5,8,Passed,9.8,,
SU2023,SU2023-class 2,18,1905AFAEBA,8.5,4.8,0,8.5,4.8,Attendance Fail,9.5,,
SU2023,SU2023-class 2,19,1905AEABCJ,0,3.7,0,0,0.8,Attendance Fail,4.7,,
SU2023,SU2023-class 2,20,1905AGAHHJ,9,9.4,5.2,9,7.5,Passed,9,,
SU2023,SU2023-class 2,21,1905AGCFGJ,9.5,8.4,6.4,9.5,8,Passed,8.3,,
SU2023,SU2023-class 2,22,1905AFJCAE,8.5,8.7,7.2,8.5,8.1,Passed,9.5,,
SU2023,SU2023-class 2,23,1905AFJDHH,9,7.3,7,8.5,7.5,Passed,5.5,,
SU2023,SU2023-class 2,24,1905AFADBC,0,3.7,0,0,0.4,Attendance Fail,0,,
SU2023,SU2023-class 2,25,1905AGCFGF,9.5,8.8,9,9.5,9.1,Passed,8.3,,
SU2023,SU2023-class 2,26,1905AFJICD,0,3.7,0,0,0.4,Attendance Fail,0,,
SU2023,SU2023-class 2,27,1905AGCDII,8.5,8.6,9,8.5,8.8,Passed,9.8,,
SU2023,SU2023-class 2,28,1905AFJEIJ,9,7.1,7.2,8.5,7.6,Passed,5.5,,
SU2023,SU2023-class 2,29,1905AGBAID,9,7.7,7.2,9,8.2,Passed,9.5,,
SU2023,SU2023-class 2,30,1905AEAAJF,9,7.7,0,9,5.3,Not Passed,9.5,,
SU2023,SU2023-class 2,31,1905AGCFCJ,9,9.3,8,9,8.6,Passed,9,,
SU2023,SU2023-class 2,32,1905AGAHEF,0,3.7,0,0,0.4,Attendance Fail,0,,
SU2023,SU2023-class 2,33,1905ADJIJF,9,7.4,7.2,9.5,8.3,Passed,9.5,,
SU2023,SU2023-class 2,34,1905AGCFBB,9.5,7.8,6,9.5,7.8,Passed,8.3,,
SU2023,SU2023-class 3,1,1905AGCCCD,8,9.1,5.8,8,7.3,Passed,8.3,,
SU2023,SU2023-class 3,2,1905AFADIE,8,9.2,6.6,7,7.3,Passed,8.5,,
SU2023,SU2023-class 3,3,1905AFAEHI,8,8.7,7,7,7.3,Passed,7,,
SU2023,SU2023-class 3,4,1905AGAEDD,9,9.2,8,9,8.6,Passed,8.4,,
SU2023,SU2023-class 3,5,1905AGAFIF,9,9.4,10,9,9.4,Passed,8.4,,
SU2023,SU2023-class 3,6,1905AFJEFJ,0,4.1,0,0,0.6,Attendance Fail,1.5,,
SU2023,SU2023-class 3,7,1905AGCBHF,8,9.5,7.4,8,7.9,Passed,8.3,,
SU2023,SU2023-class 3,8,1905AGCFHE,8,9.3,6.2,7,7.2,Passed,8.7,,
SU2023,SU2023-class 3,9,1905AGBIHA,8,9,6.6,8,7.6,Passed,8.3,,
SU2023,SU2023-class 3,10,1905AGCJCD,8,9.4,4.6,7,6.5,Passed,8.7,,
SU2023,SU2023-class 3,11,1905AGBCAH,8,8.6,9,7,8.1,Passed,7,,
SU2023,SU2023-class 3,12,1905AGCECB,8,9.2,5.4,8,7.1,Passed,8.3,,
SU2023,SU2023-class 3,13,1905AGCFHG,9,10,4.8,9,7.5,Passed,9.5,,
SU2023,SU2023-class 3,14,1905AGCBDD,8,8.5,8.2,7,7.7,Passed,7,,
SU2023,SU2023-class 3,15,1905AGCFII,9,9.6,8,9,8.7,Passed,9.5,,
SU2023,SU2023-class 3,16,1905AGAAGE,8,8.6,7.8,7,7.6,Passed,7,,
SU2023,SU2023-class 3,17,1905AGCFHB,8,8.8,7.6,7,7.7,Passed,8.5,,
SU2023,SU2023-class 3,18,1919AGACAE,9,9.7,10,9,9.5,Passed,9.5,,
SU2023,SU2023-class 3,19,1905AGAFAG,9,9.6,7.4,9,8.4,Passed,8.4,,
SU2023,SU2023-class 3,20,1905AFADBF,8,8.9,4.2,8,6.3,Passed,5.1,,
SU2023,SU2023-class 3,21,1905AFAHBE,8,9.1,7.8,7,7.8,Passed,8.5,,
SU2023,SU2023-class 3,22,1905AGCCJI,8,9.6,7,7,7.5,Passed,8.7,,
SU2023,SU2023-class 3,23,1905AFAIEC,8,8.9,6,7,7,Passed,8.5,,
SU2023,SU2023-class 3,24,1905AGAECG,9,9.8,8.8,9,8.9,Passed,8.4,,
SU2023,SU2023-class 3,25,1905AGCGJE,9,9.8,9,9,9.1,Passed,9.5,,
SU2023,SU2023-class 3,26,1905AGAEDC,8,8.9,4.2,8,6.3,Passed,5,,
SU2023,SU2023-class 3,27,1905AGBBCC,1,9.5,7,1,4.9,Not Passed,7,,
SU2023,SU2023-class 3,28,1905AFAHIG,8,8.6,6.6,8,7.7,Passed,9.5,,
SU2023,SU2023-class 3,29,1905AGBHFF,0,4.2,0,0,0.6,Attendance Fail,1.5,,
SU2023,SU2023-class 3,30,0405AFJBEF,9.5,9.3,8.2,9,8.8,Passed,9.5,,
SU2023,SU2023-class 4,1,1905AGAGGG,9,9,7.8,10,8.9,Passed,10,,
SU2023,SU2023-class 4,2,1905AGAAGC,9,9.3,9.4,10,9.6,Passed,10,,
SU2023,SU2023-class 4,3,1905AGBJHB,8,8.8,9,10,9.3,Passed,10,,
SU2023,SU2023-class 4,4,1905AGAFHB,9,9.5,9,10,9.5,Passed,10,,
SU2023,SU2023-class 4,5,1905AGADGC,9,8,4.2,10,7.4,Passed,10,,
SU2023,SU2023-class 4,6,1905AGACDJ,9,8,5.2,10,7.8,Passed,10,,
SU2023,SU2023-class 4,7,1905AGAHEI,9,7.5,7.4,10,8.6,Passed,10,,
SU2023,SU2023-class 4,8,1905AGJDHD,9,9.3,6.8,10,8.6,Passed,10,,
SU2023,SU2023-class 4,9,1905AGJDIJ,9,8.3,8.4,10,9.1,Passed,10,,
SU2023,SU2023-class 4,10,1905AGAGAJ,9,9,9.8,10,9.7,Passed,10,,
SU2023,SU2023-class 4,11,1905AGAGGF,9,9.3,7.4,10,8.8,Passed,10,,
SU2023,SU2023-class 4,12,1905AFJHCE,8,8.3,6.8,10,8.4,Passed,10,,
SU2023,SU2023-class 4,13,1905AGBEFH,9,9.8,8.6,10,9.3,Passed,10,,
SU2023,SU2023-class 4,14,1905AGAACB,0,0,0,0,0,Attendance Fail,0,,
SU2023,SU2023-class 4,15,1905AGADGJ,8,8.5,6.6,10,8.3,Passed,10,,
SU2023,SU2023-class 4,16,1905AGAECF,0,0,0,0,0,Attendance Fail,0,,
SU2023,SU2023-class 4,17,1905AGAEGG,9,6.5,4.8,10,7.5,Passed,10,,
SU2023,SU2023-class 4,18,1905AGAAFD,9,9.3,9.8,10,9.8,Passed,10,,
SU2023,SU2023-class 4,19,1905AGAAEA,9,7.8,7.4,10,8.6,Passed,10,,
SU2023,SU2023-class 4,20,1905AGABHB,9,7,6,10,8,Passed,10,,
SU2023,SU2023-class 4,21,1905AGAGJB,9,9,8,10,9,Passed,10,,
SU2023,SU2023-class 4,22,1905AGAJCI,8,7.5,8.2,10,8.8,Passed,10,,
SU2023,SU2023-class 4,23,1905AGBAGC,9,9.3,9.8,10,9.8,Passed,10,,
SU2023,SU2023-class 4,24,1905AGAAID,9,9.5,9.6,10,9.7,Passed,10,,
SU2023,SU2023-class 4,25,1905AGBAGI,8,8.3,4.8,10,7.6,Passed,10,,
SU2023,SU2023-class 4,26,1905AGACCC,9,8,5,10,7.7,Passed,10,,
SU2023,SU2023-class 4,27,1905AGBGFI,8,7.8,5.6,10,7.8,Passed,10,,
SU2023,SU2023-class 4,28,1905AGAHCI,9,9,8,10,9,Passed,10,,
SU2023,SU2023-class 4,29,1905FBGAA,9,7.3,5,10,7.6,Passed,10,,
SU2023,SU2023-class 4,30,1905AGAGHB,9,9,9.8,10,9.7,Passed,10,,
SU2023,SU2023-class 4,31,1905AGAGJH,9,9.5,9.8,10,9.8,Passed,10,,
SU2023,SU2023-class 4,32,1905AGACAF,9,8.5,7.4,10,8.7,Passed,10,,
SU2023,SU2023-class 4,33,1905AGJDHA,9,9,9.6,10,9.6,Passed,10,,
SU2023,SU2023-class 4,34,1905AGAEAG,9,9.5,9.2,10,9.5,Passed,10,,
SU2023,SU2023-class 5,1,1905AGJJBI,8.5,7.5,5.8,8.5,7.3,Passed,8,,
SU2023,SU2023-class 5,2,1905AGJAAJ,8.5,8,7,8.5,7.8,Passed,7.8,,
SU2023,SU2023-class 5,3,1905AFJGFE,5,6,4.6,5,5,Passed,5.5,,
SU2023,SU2023-class 5,4,1905AGJJEB,7,7,4.6,7,6,Passed,6.5,,
SU2023,SU2023-class 5,5,1905AGJJHD,8,7,8,8,7.9,Passed,7.8,,
SU2023,SU2023-class 5,6,1905AGCBHI,8.5,8,8.4,8.5,8.4,Passed,8,,
SU2023,SU2023-class 5,7,1905AFBJJB,8.5,8,8.6,8,8.3,Passed,7.8,,
SU2023,SU2023-class 5,8,1905AGAEFI,8.8,8,7,8.8,7.9,Passed,8,,
SU2023,SU2023-class 5,9,1905AGADBH,8,8,9.6,8,8.6,Passed,7.8,,
SU2023,SU2023-class 5,10,1905AFAICE,5,5,9.2,5,6.8,Passed,6,,
SU2023,SU2023-class 5,11,1905AGAJHJ,8,8,7.8,8,7.9,Passed,7.8,,
SU2023,SU2023-class 5,12,1905AGAHAA,8,8,9,8,8.4,Passed,7.5,,
SU2023,SU2023-class 5,13,1905AGJAJI,8,7.5,7.8,8,7.8,Passed,7.3,,
SU2023,SU2023-class 5,14,1905AFAHHI,8.5,7.5,7,8,7.6,Passed,7.8,,
SU2023,SU2023-class 5,15,1905AGJJCB,9,8.5,7.8,9,8.4,Passed,8,,
SU2023,SU2023-class 5,16,1905AGJCAG,6,7,6.6,6,6.4,Passed,6.5,,
SU2023,SU2023-class 5,17,1905AGAACA,5,6,7.8,5,6.3,Passed,5.8,,
SU2023,SU2023-class 5,18,1905AGAFGI,8,8,8,8,8,Passed,7.5,,
SU2023,SU2023-class 5,19,1905AGAEEA,8,8,9.6,8,8.6,Passed,7.8,,
SU2023,SU2023-class 5,20,1905AFAIHA,7,7,8,7,7.4,Passed,7.3,,
SU2023,SU2023-class 5,21,1905AGJJGD,6,7,7.8,6,6.8,Passed,6.3,,
SU2023,SU2023-class 5,22,1905AGJAEA,8,7.5,7,8,7.5,Passed,7.8,,
SU2023,SU2023-class 5,23,1905AGBEAG,8.8,8,9,8.8,8.7,Passed,8,,
SU2023,SU2023-class 5,24,1905AFAEGC,7.5,7.5,7.4,7.5,7.4,Passed,7,,
SU2023,SU2023-class 5,25,1905AGJJFG,9,8.5,8.2,9,8.5,Passed,8,,
SU2023,SU2023-class 5,26,1905AGJJDJ,6.5,7,8,6.5,7.2,Passed,6.5,,
SU2023,SU2023-class 5,27,1905AGAFEE,5,6.5,8,6,6.8,Passed,6,,
SU2023,SU2023-class 5,28,1905AGJBDB,7,7.5,8.4,7,7.6,Passed,7,,
SU2023,SU2023-class 5,29,1905AGCAII,8.5,8,7,8.5,7.8,Passed,8,,
SU2023,SU2023-class 5,30,1905AGJACD,7,7,8.2,7,7.5,Passed,6.8,,
SU2023,SU2023-class 5,31,1905AFBAAB,8.5,7.5,5.2,8,6.9,Passed,7.8,,
SU2023,SU2023-class 5,32,1905AFABCA,8.5,8,8.6,8,8.3,Passed,7.8,,
SU2023,SU2023-class 5,33,1905AGBBCJ,8.8,8,8.6,8.8,8.6,Passed,8,,
SU2023,SU2023-class 5,34,1905AGBEAA,8,7,8,8,7.8,Passed,7,,
SU2023,SU2023-class 6,1,1905AGJBCC,9.5,9.5,7.8,9.5,8.8,Passed,8.9,,
SU2023,SU2023-class 6,2,1905AGJAIE,6,9.2,8.4,5,7.2,Passed,8.5,,
SU2023,SU2023-class 6,3,1905AFBJHF,8,4,8.8,7,7.3,Passed,5.3,,
SU2023,SU2023-class 6,4,1905AGCJBG,7,4,8,5,6.1,Passed,3,,
SU2023,SU2023-class 6,5,1905AFJFCF,8,8.6,4.2,5,5,Passed,2,,
SU2023,SU2023-class 6,6,1905AGJAHI,9,4.1,5.8,9,7.2,Passed,8.7,,
SU2023,SU2023-class 6,7,1905AGJCEE,9.5,9.5,6,9.5,8,Passed,8.9,,
SU2023,SU2023-class 6,8,1905AGJBJC,9.5,9.5,9.2,10,9.5,Passed,9.5,,
SU2023,SU2023-class 6,9,1905AGJBGI,9,4.1,8.8,9,8.4,Passed,8.7,,
SU2023,SU2023-class 6,10,1905AFJFBE,8,8.6,6,7,6.7,Passed,5.3,,
SU2023,SU2023-class 6,11,1905AGJBAH,9,9.5,8.6,9,8.8,Passed,8,,
SU2023,SU2023-class 6,12,1905AGJBBG,6,9.1,7.8,5,7,Passed,8.5,,
SU2023,SU2023-class 6,13,1905AGJAEB,0,0,0,0,0,Attendance Fail,0,,
SU2023,SU2023-class 6,14,1905AGJBHE,9,4,9,9,8.5,Passed,8.7,,
SU2023,SU2023-class 6,15,1905AGJBCF,8,8.5,7.4,5,6.3,Passed,2,,
SU2023,SU2023-class 6,16,1905AGCDFF,9,9.4,8,9,8.5,Passed,8,,
SU2023,SU2023-class 6,17,1905AGJBBH,9.5,9.5,6.8,9.5,8.4,Passed,8.9,,
SU2023,SU2023-class 6,18,1905AGJBBC,8,8.6,7.8,7,7.4,Passed,5.3,,
SU2023,SU2023-class 6,19,1905AGJBDD,0,4,0,1,1.1,Not Passed,3.5,,
SU2023,SU2023-class 6,20,1905AGJAIH,9.5,9.6,8.6,10,9.3,Passed,9.5,,
SU2023,SU2023-class 6,21,1905AGJAFH,9,9.7,7.2,9,8.3,Passed,8,,
SU2023,SU2023-class 6,22,1905AGJBDA,6,9.4,7.6,5,6.9,Passed,8.5,,
SU2023,SU2023-class 6,23,1905AGJBBA,8,8.6,8.2,7,7.6,Passed,5.3,,
SU2023,SU2023-class 6,24,1905AFBJGA,7,4,6,5,5.3,Passed,3,,
SU2023,SU2023-class 6,25,1905AGJBBI,6,9.6,6.2,5,6.4,Passed,8.5,,
SU2023,SU2023-class 6,26,1905AGAJDI,7,4,6.2,5,5.4,Passed,3,,
SU2023,SU2023-class 6,27,1905AGJBIA,9,4,4.4,9,6.6,Passed,8.7,,
SU2023,SU2023-class 6,28,1905AGJAHE,9.5,9.7,9.4,10,9.6,Passed,9.5,,
SU2023,SU2023-class 6,29,1905AGJBBD,9.5,9.8,9.8,10,9.8,Passed,9.5,,
SU2023,SU2023-class 6,30,1905AGJBBB,9.5,10,8.8,9.5,9.2,Passed,8.9,,
SU2023,SU2023-class 6,31,1905AGADDC,9,9.1,6.4,9,7.9,Passed,8,,
SU2023,SU2023-class 6,32,1905AGJBCE,0,4,0,1,1.1,Attendance Fail,3.5,,
SU2023,SU2023-class 6,33,1905AFJDAF,8,8.5,9.4,5,7.1,Passed,2,,
SU2023,SU2023-class 6,34,1905AGJAHF,1,4,7,1,4.1,Not Passed,5,,
SU2023,SU2023-class 6,35,1905AFBJBH,8,8.5,5.8,5,5.7,Passed,2,,
SU2023,SU2023-class 6,36,1905AGJAFC,0,4,0,1,1.1,Attendance Fail,3.5,,
SU2023,SU2023-class 7,1,1905AGJDGH,8.2,8,4.8,9,7.1,Passed,8.6,,
SU2023,SU2023-class 7,2,1905AGJEHD,5.4,8,7.8,7,7.3,Passed,7,,
SU2023,SU2023-class 7,3,1905AGJEDJ,5.4,9,6.4,7,6.9,Passed,7.9,,
SU2023,SU2023-class 7,4,1905AGJDIF,8.2,10,7.6,9,8.5,Passed,9,,
SU2023,SU2023-class 7,5,1905AGJDJD,8.2,9,9.4,8,8.7,Passed,8.5,,
SU2023,SU2023-class 7,6,1905AGJCFF,7.4,10,5.2,7,6.5,Passed,6,,
SU2023,SU2023-class 7,7,1905AGJEBC,7.7,10,9.2,9,8.8,Passed,6.8,,
SU2023,SU2023-class 7,8,1905AGJEBE,7.7,10,8.6,9,8.6,Passed,6.8,,
SU2023,SU2023-class 7,9,1905AGJABF,8.8,10,8.6,9,8.9,Passed,8.5,,
SU2023,SU2023-class 7,10,1905AGJDCE,8.3,10,8.2,10,8.9,Passed,8,,
SU2023,SU2023-class 7,11,1905AGJJCA,6.2,9,9.8,9,8.9,Passed,8,,
SU2023,SU2023-class 7,12,1905AGJDCF,8.3,10,6,10,8,Passed,8,,
SU2023,SU2023-class 7,13,1905AGJEAB,7.7,10,4.6,9,7,Passed,6.8,,
SU2023,SU2023-class 7,14,1905AGJEDE,6.8,10,7,7,7.4,Passed,7.9,,
SU2023,SU2023-class 7,15,1905AGJDFI,8.2,10,9,9,9,Passed,9,,
SU2023,SU2023-class 7,16,1905AGJCGD,5.9,8,5.8,10,7.5,Passed,7.6,,
SU2023,SU2023-class 7,17,1905AGJEAG,7.7,10,7.8,9,8.3,Passed,6.8,,
SU2023,SU2023-class 7,18,1905AGAGID,8.2,9,7.6,8,8,Passed,8.2,,
SU2023,SU2023-class 7,19,1905AGJEHE,8.2,10,9.2,8,8.8,Passed,8.5,,
SU2023,SU2023-class 7,20,1905AFAEFH,0,1,0,0,0.1,Attendance Fail,0,,
SU2023,SU2023-class 7,21,1905AGJDGD,8.2,10,8.8,9,8.9,Passed,9,,
SU2023,SU2023-class 7,22,1905AGJACG,7,9,9.8,9,9,Passed,7.8,,
SU2023,SU2023-class 7,23,1905AGJAJC,8.8,10,9.2,9,9.1,Passed,8.5,,
SU2023,SU2023-class 7,24,1905AGJECI,8.2,10,7,8,7.9,Passed,8.5,,
SU2023,SU2023-class 7,25,1905AGJDDA,8.2,10,7.8,9,8.5,Passed,9,,
SU2023,SU2023-class 7,26,1905AGJCID,5,9,6.8,7,6.8,Passed,6,,
SU2023,SU2023-class 7,27,1905AGJDAD,7.4,8,6.2,7,6.7,Passed,6,,
SU2023,SU2023-class 7,28,1905AGJAAB,8.8,10,10,9,9.4,Passed,8.5,,
SU2023,SU2023-class 7,29,1905AGJBAI,8.5,9,8,9,8.5,Passed,8,,
SU2023,SU2023-class 7,30,1905AGBAGJ,8.5,10,6,9,7.8,Passed,8,,
SU2023,SU2023-class 7,31,1905AGJABH,8.8,9,7.8,9,8.3,Passed,7.3,,
SU2023,SU2023-class 7,32,1905AGJDFJ,5,9,8.6,7,7.5,Passed,6,,
SU2023,SU2023-class 7,33,1905AGJEJA,8.3,10,6.6,10,8.3,Passed,8,,
SU2023,SU2023-class 7,34,1905AGJECF,6.8,10,7,7,7.4,Passed,7.9,,
SU2023,SU2023-class 8,1,1905AGJFJH,9.5,7.5,5.4,9.5,7.6,Passed,8.5,,
SU2023,SU2023-class 8,2,1905AGAJFE,9,9,9.6,9,9.2,Passed,9,,
SU2023,SU2023-class 8,3,1905AGAJGA,9,9,9.2,9,9.1,Passed,8.8,,
SU2023,SU2023-class 8,4,1905AGAJHD,9,7.5,7,9,8,Passed,8.8,,
SU2023,SU2023-class 8,5,1905AGJEHC,8,8.5,7.2,8,7.7,Passed,8,,
SU2023,SU2023-class 8,6,1905AGAJFF,9,9,9.6,9,9.2,Passed,8.8,,
SU2023,SU2023-class 8,7,1905AGAJIB,9,9,9,9,9,Passed,9,,
SU2023,SU2023-class 8,8,1905AGAJGD,9.5,9,8.4,9.5,8.9,Passed,8.8,,
SU2023,SU2023-class 8,9,1905AGAAJC,9,9,9,9,9,Passed,8.5,,
SU2023,SU2023-class 8,10,1905AGAAEE,8,8,6.2,8,7.3,Passed,8.3,,
SU2023,SU2023-class 8,11,1905AGAAEC,9.5,7.5,6.2,9.5,7.9,Passed,8.5,,
SU2023,SU2023-class 8,12,1905AGJEFI,8,8.5,6,8,7.3,Passed,8,,
SU2023,SU2023-class 8,13,1905AGAJAG,9.5,9,4.8,9.5,7.5,Passed,8.5,,
SU2023,SU2023-class 8,14,1905AGJFJE,9,7.5,4.6,9,7.1,Passed,9,,
SU2023,SU2023-class 8,15,1905AGAEEF,9,7.5,7.4,9,8.2,Passed,9,,
SU2023,SU2023-class 8,16,1905AGAACF,9,9,8.6,9,8.8,Passed,8.5,,
SU2023,SU2023-class 8,17,1905AGADHH,8,8,7.4,8,7.8,Passed,8.3,,
SU2023,SU2023-class 8,18,1905AGJEED,8,7,4.4,8,6.5,Passed,8,,
SU2023,SU2023-class 8,19,1905AGAJAA,9.5,9,8,9.5,8.8,Passed,8.5,,
SU2023,SU2023-class 8,20,1905AGAJII,9.5,7.5,9,9.5,9,Passed,8.5,,
SU2023,SU2023-class 8,21,1905AGAHAB,9,7,5.6,9,7.4,Passed,9,,
SU2023,SU2023-class 8,22,1905AGAADF,8,8,8.2,8,8.2,Passed,8.8,,
SU2023,SU2023-class 8,23,1905AGAJIE,9,9,7.6,9,8.4,Passed,8.5,,
SU2023,SU2023-class 8,24,1905AGAJFJ,9.5,9,5,9.5,7.6,Passed,8.5,,
SU2023,SU2023-class 8,25,1905AGJEFC,8,7,5.6,8,7,Passed,8.3,,
SU2023,SU2023-class 8,26,1905AGCDHA,8,9,7.8,9.5,8.5,Passed,8.3,,
SU2023,SU2023-class 8,27,1905AGCDFH,9.5,9,8.6,9.5,9,Passed,9,,
SU2023,SU2023-class 8,28,1905AGCDDE,9,8,8.4,9.5,8.8,Passed,8.8,,
SU2023,SU2023-class 8,29,1905AGAACC,8,8,7.8,8,8,Passed,9,,
SU2023,SU2023-class 8,30,1905AGAHBB,9,9,8.8,9,8.9,Passed,9,,
SU2023,SU2023-class 8,31,1905AGAJGF,9,9,7.6,9,8.4,Passed,8.8,,
SU2023,SU2023-class 8,32,1905AGCDHI,9.5,7.5,8,9.5,8.6,Passed,8.8,,
SU2023,SU2023-class 8,33,1905AEAADE,8,7,4.2,8,6.4,Passed,8,,
SU2023,SU2023-class 8,34,1905AGAAEI,9,9,9,9,9,Passed,9.3,,
SU2023,SU2023-class 9,1,1905AGJEDA,8,6.4,8.4,8,8,Passed,8,,
SU2023,SU2023-class 9,2,1905AGAAEG,8,8.1,9,8,8.4,Passed,8,,
SU2023,SU2023-class 9,3,1905AGBHIH,9,8.1,5.8,8,7.3,Passed,8.8,,
SU2023,SU2023-class 9,4,1905AFJDCJ,9,9.7,5.2,9,7.5,Passed,8.2,,
SU2023,SU2023-class 9,5,1905AGACAE,8,8.7,7.2,7,7.2,Passed,5.5,,
SU2023,SU2023-class 9,6,1905AGBIJH,9,4,6.4,8,7.1,Passed,8.8,,
SU2023,SU2023-class 9,7,1905AGABIE,8,8.1,8,8,7.9,Passed,7.4,,
SU2023,SU2023-class 9,8,1905AGACCF,8,4.5,7.8,8,7.5,Passed,7,,
SU2023,SU2023-class 9,9,1905AGAJAH,9,8.9,8.8,9,8.8,Passed,8.2,,
SU2023,SU2023-class 9,10,1905AGABHC,8,6.9,8.4,7,7.8,Passed,8.8,,
SU2023,SU2023-class 9,11,1919AFJCDG,8,5.5,7.4,7,7,Passed,5.5,,
SU2023,SU2023-class 9,12,1919AFJCGF,8.5,6.7,5.2,8,6.7,Passed,7.4,,
SU2023,SU2023-class 9,13,1905AGACAA,8,6.9,7.4,8,7.6,Passed,7.4,,
SU2023,SU2023-class 9,14,1905AGABDF,8,5.3,8.8,7,7.8,Passed,8.8,,
SU2023,SU2023-class 9,15,1905AGAJBD,8,10,8.8,8,8.5,Passed,8,,
SU2023,SU2023-class 9,16,1905AGBGAC,8.5,5.2,8.8,8,8,Passed,7.4,,
SU2023,SU2023-class 9,17,1905AGCCHF,9,8.7,7.6,9,8.3,Passed,8.2,,
SU2023,SU2023-class 9,18,1905AGAJAJ,9,8.8,7,9,8.1,Passed,8.2,,
SU2023,SU2023-class 9,19,1905AGBIAG,9,4.3,5.2,8,6.7,Passed,8.8,,
SU2023,SU2023-class 9,20,1905AGACJA,8,6,8.8,7,7.9,Passed,8.8,,
SU2023,SU2023-class 9,21,1905AGACAC,8,5.7,7,8,7.3,Passed,7.4,,
SU2023,SU2023-class 9,22,1905AGAAFJ,8,5.6,9.4,8,8.2,Passed,7,,
SU2023,SU2023-class 9,23,1905AGBAFD,8.5,6.4,6.6,8,7.3,Passed,7.4,,
SU2023,SU2023-class 9,24,1905AGABAC,8,8,8.6,8,8.2,Passed,8,,
SU2023,SU2023-class 9,25,1905AGAAIA,8,4.3,9.4,8,8.1,Passed,7,,
SU2023,SU2023-class 9,26,1905AGCAHB,8.5,6.2,9.2,8,8.3,Passed,7.4,,
SU2023,SU2023-class 9,27,1905AGAAIF,8,5,9,8,8,Passed,7,,
SU2023,SU2023-class 9,28,1905AGBGGF,8,9.5,5.4,7,6.6,Passed,5.5,,
SU2023,SU2023-class 9,29,1905AGABIG,8,4.1,7,7,7,Passed,8.8,,
SU2023,SU2023-class 9,30,1919AGJCHH,8,9,8.6,7,7.8,Passed,5.5,,
SU2023,SU2023-class 9,31,1905AGACAJ,8,7.3,8.8,8,8.2,Passed,7.4,,
SU2023,SU2023-class 10,1,1905AGADGE,8.3,6.7,7.8,9.1,8.1,Passed,7,,
SU2023,SU2023-class 10,2,1905AGAEJG,8.4,8.1,7.2,5.5,7.1,Passed,8.8,,
SU2023,SU2023-class 10,3,1905AGAEBA,1,6.8,7.8,7,6.7,Passed,6.8,,
SU2023,SU2023-class 10,4,1905AGAHGD,8.3,3.9,5.2,5.5,5.6,Passed,6.8,,
SU2023,SU2023-class 10,5,1905AGCDFI,9,4,9,9.2,8.4,Passed,7.8,,
SU2023,SU2023-class 10,6,1905AGACEH,8.2,9.4,8.6,9,8.8,Passed,8.5,,
SU2023,SU2023-class 10,7,1905AGACDC,8.4,8.4,7.6,9,8.2,Passed,8,,
SU2023,SU2023-class 10,8,1905AGAEIE,9.1,9.3,8.6,9.2,8.8,Passed,7.5,,
SU2023,SU2023-class 10,9,1905AGADEE,8.6,8.7,9.2,7,8.3,Passed,8.3,,
SU2023,SU2023-class 10,10,1905AGADDH,8.6,9,8.2,9,8.6,Passed,8.3,,
SU2023,SU2023-class 10,11,1905AGADEH,8.5,9,8.4,9.1,8.6,Passed,8,,
SU2023,SU2023-class 10,12,1905AGACDG,8.2,7.2,6,9,7.3,Passed,7,,
SU2023,SU2023-class 10,13,1905AGCJJF,9.2,9.6,7,7.8,7.9,Passed,9.3,,
SU2023,SU2023-class 10,14,1905AGBABE,8.9,9,8,7.8,8.2,Passed,8.5,,
SU2023,SU2023-class 10,15,1905AGADCF,8.4,9.1,9.2,9.5,9.2,Passed,9.3,,
SU2023,SU2023-class 10,16,1905AGCDGJ,9.2,3.3,8,9.2,8,Passed,7.8,,
SU2023,SU2023-class 10,17,1905AGADDB,8,8.5,8.2,9.5,8.6,Passed,7.8,,
SU2023,SU2023-class 10,18,1905AGAEBJ,9.2,9.4,8.6,9.2,8.9,Passed,8.3,,
SU2023,SU2023-class 10,19,1901AGJAIF,8.5,9.2,9,9.1,9,Passed,8.5,,
SU2023,SU2023-class 10,20,1905AGAEGC,9,7.3,6,7.8,7.1,Passed,7,,
SU2023,SU2023-class 10,21,1905AGACDH,8.4,6.7,6.8,9,7.7,Passed,7.3,,
SU2023,SU2023-class 10,22,1905AGAECI,9,8.8,4.6,7.8,6.7,Passed,7.3,,
SU2023,SU2023-class 10,23,1905AGACGA,8.6,7.8,9,9,8.8,Passed,9,,
SU2023,SU2023-class 10,24,1905AGADBI,8.2,8.6,5.8,9,7.5,Passed,8.3,,
SU2023,SU2023-class 10,25,1905AGAEHD,9,8.6,6.6,9.2,7.9,Passed,7.3,,
SU2023,SU2023-class 10,26,1905AGADHE,0,3.1,0,0,0.3,Attendance Fail,0,,
SU2023,SU2023-class 10,27,1905AGACIA,8.2,9.2,7.8,9.5,8.5,Passed,7.8,,
SU2023,SU2023-class 10,28,1905AGBHIB,8.3,6.7,6.8,5.5,6.6,Passed,7.8,,
SU2023,SU2023-class 10,29,1905AGADDF,8.2,7.9,8,9,8.3,Passed,7.5,,
SU2023,SU2023-class 10,30,1905AGCDGF,8.9,7.2,6.2,9.2,7.7,Passed,8.5,,
SU2023,SU2023-class 10,31,1905AGADFF,8.5,8.8,7.6,9.1,8.2,Passed,7.3,,
SU2023,SU2023-class 10,32,1905AGAEDB,0,0.8,0,0,0.1,Attendance Fail,0,,
SU2023,SU2023-class 10,33,1905AGACHB,8,7.2,6,9.5,7.6,Passed,8.3,,
SU2023,SU2023-class 10,34,1905AGADAI,8.4,6.4,0,7,4.4,Not Passed,7.8,,
SU2023,SU2023-class 10,35,1905AGAFJJ,9.2,9.5,8.8,9.2,8.9,Passed,7.8,,
SU2023,SU2023-class 11,1,1905AGAFHJ,8.8,4.7,6,8.6,7.1,Passed,7.3,,
SU2023,SU2023-class 11,2,1905AGAFEI,8.8,8.9,8.8,8.6,8.6,Passed,7.6,,
SU2023,SU2023-class 11,3,1905AGAEGB,9.2,8.2,7.6,9,8.4,Passed,9.6,,
SU2023,SU2023-class 11,4,1905AGAFHH,8.6,9,8.4,8.9,8.5,Passed,7.1,,
SU2023,SU2023-class 11,5,1905AGAFAH,8.7,4,8.4,8.5,8,Passed,8.5,,
SU2023,SU2023-class 11,6,1905AGAGBB,8.9,9.4,8.8,8.5,8.6,Passed,6.9,,
SU2023,SU2023-class 11,7,1905AGAFDF,9,8.3,7.8,8.9,8.2,Passed,7.3,,
SU2023,SU2023-class 11,8,1905AEJGIB,0,0,0,0,0,Attendance Fail,0,,
SU2023,SU2023-class 11,9,1905AGAFBF,8.8,8.5,7.4,8.9,8.1,Passed,7,,
SU2023,SU2023-class 11,10,1905AGAFDJ,9,9.4,8.4,9,8.7,Passed,8,,
SU2023,SU2023-class 11,11,1905AGAFFC,8.6,8.1,7.6,9.2,8.3,Passed,8.1,,
SU2023,SU2023-class 11,12,1905AGAFCB,8.8,9.5,8.2,9.4,8.7,Passed,7.5,,
SU2023,SU2023-class 11,13,1905AGAEEC,8.9,9.2,9,8.4,8.8,Passed,8.8,,
SU2023,SU2023-class 11,14,1905AGAEFH,9,8.3,8,8.6,8.4,Passed,8.8,,
SU2023,SU2023-class 11,15,1905AGBBFA,8.9,8.3,8,9.4,8.5,Passed,8,,
SU2023,SU2023-class 11,16,1905AGAGCB,8.9,9.2,5.4,8.5,7.2,Passed,7.3,,
SU2023,SU2023-class 11,17,1905AFAEFG,8.9,8.7,8.4,9,8.7,Passed,8.9,,
SU2023,SU2023-class 11,18,1905AGAFCG,8.9,6.9,8.2,9.4,8.6,Passed,9.5,,
SU2023,SU2023-class 11,19,1905AGAFGD,8.8,9.8,9.4,9.4,9.4,Passed,9.5,,
SU2023,SU2023-class 11,20,1905AGAGEJ,9.1,9.2,8.2,9.2,8.5,Passed,6.5,,
SU2023,SU2023-class 11,21,1905AGAFEF,9.2,8.9,8.6,8.6,8.6,Passed,7.5,,
SU2023,SU2023-class 11,22,1905AGAGCD,9.4,9.2,8.8,8.5,8.8,Passed,8.4,,
SU2023,SU2023-class 11,23,1905AEJBCI,9.1,2.5,7.4,8.2,7.1,Passed,5.5,,
SU2023,SU2023-class 11,24,1905AGAFHF,8.7,2.8,8.2,9.2,8.1,Passed,8.8,,
SU2023,SU2023-class 11,25,1905AFJBCJ,0,0.4,0,0,0,Attendance Fail,0,,
SU2023,SU2023-class 11,26,1905AFJDJB,8.8,2.2,6,8.2,6.8,Passed,8.5,,
SU2023,SU2023-class 11,27,1905AGAFGA,8.7,4.2,7.6,9.2,7.7,Passed,6.5,,
SU2023,SU2023-class 11,28,1905AGAFCI,8.8,5.8,9.6,9,8.8,Passed,7.8,,
SU2023,SU2023-class 11,29,1905AGAEHI,9,7.9,6,8.4,7.4,Passed,7.6,,
SU2023,SU2023-class 11,30,1905AEJCFA,8.6,1.9,7.4,8.2,7.3,Passed,8.3,,
SU2023,SU2023-class 11,31,1905AGAFGF,8.8,8.9,7.4,8.9,8.1,Passed,6.8,,
SU2023,SU2023-class 11,32,1905AGAEAH,8.8,8.9,7.4,8.4,8,Passed,7.3,,
SU2023,SU2023-class 11,33,1905AGAFJI,8.8,5.1,5.8,8.4,7,Passed,7.6,,
SU2023,SU2023-class 11,34,1905AGBBDG,8.8,6.3,7.8,9.4,8.2,Passed,7.4,,
SU2023,SU2023-class 11,35,1905AGAGAB,9.1,9.5,9.6,8.5,9.1,Passed,8.8,,
SU2023,SU2023-class 12,1,1705AGJBDH,8.7,8.9,7.2,9.3,8.2,Passed,7.8,,
SU2023,SU2023-class 12,2,1905AGCFGB,8.9,8.3,8.8,7.8,8.4,Passed,8.3,,
SU2023,SU2023-class 12,3,1905AGAGFF,8.8,4.4,8.4,7.6,7.8,Passed,8.5,,
SU2023,SU2023-class 12,4,1905AGBFGA,8.8,7.7,9.4,9.3,9,Passed,7.5,,
SU2023,SU2023-class 12,5,1905AGBBBD,8.7,3.8,7,7.8,7.3,Passed,9.4,,
SU2023,SU2023-class 12,6,1905ACJBIH,8.5,2,4.4,8.4,6.1,Passed,7.9,,
SU2023,SU2023-class 12,7,1905AGBCBG,8.5,3.4,7.8,7.5,7.4,Passed,8.3,,
SU2023,SU2023-class 12,8,1901AGJJIH,8.7,9.2,6.2,9.3,8,Passed,9.3,,
SU2023,SU2023-class 12,9,1905AFJDIE,8.7,1.4,7.6,8.4,7.2,Passed,6.5,,
SU2023,SU2023-class 12,10,1905AGAGEA,0,1.2,0,0,0.1,Attendance Fail,0,,
SU2023,SU2023-class 12,11,1905AGAHAG,8.8,8.3,7.4,7.6,7.7,Passed,7.8,,
SU2023,SU2023-class 12,12,1905AGCDDC,8.6,4.9,8.6,7.5,7.9,Passed,8.3,,
SU2023,SU2023-class 12,13,1905AFADJA,8.7,7.2,8.4,8.4,8.4,Passed,9,,
SU2023,SU2023-class 12,14,1905AGCFDD,8.8,7.1,8,7.8,8,Passed,8.3,,
SU2023,SU2023-class 12,15,1905AGCGAA,8.9,8.5,8.6,9,8.7,Passed,8.3,,
SU2023,SU2023-class 12,16,1905AGAGHC,8.5,4.2,6.4,8.2,7.1,Passed,8.5,,
SU2023,SU2023-class 12,17,1905AGAGEC,8.9,8,7.4,8.2,7.9,Passed,8.3,,
SU2023,SU2023-class 12,18,1905AFAFDJ,0,0.4,0,0,0,Attendance Fail,0,,
SU2023,SU2023-class 12,19,0405AGJFHI,8.8,8.5,6.2,8.4,7.5,Passed,7.8,,
SU2023,SU2023-class 12,20,1905AGCFFF,8.6,7.3,9.2,9,8.7,Passed,7.3,,
SU2023,SU2023-class 12,21,1705AGJBCA,8.6,5.2,7.6,9.3,8,Passed,8,,
SU2023,SU2023-class 12,22,1905AGAHDF,0,0.4,0,0,0,Attendance Fail,0,,
SU2023,SU2023-class 12,23,1905AGCFEJ,8.7,8.2,9.6,9,9.1,Passed,8.4,,
SU2023,SU2023-class 12,24,1905AGAHDB,8.9,6.4,7.8,7.6,7.8,Passed,8.5,,
SU2023,SU2023-class 12,25,1905AGAGEG,8.8,4.3,8,7.6,7.6,Passed,7.8,,
SU2023,SU2023-class 12,26,1905AFAFFH,5.1,1.8,0,7.5,3.5,Attendance Fail,5.3,,
SU2023,SU2023-class 12,27,1905AGAGIG,8.9,8.3,8.6,7.6,8.2,Passed,7.8,,
SU2023,SU2023-class 12,28,1905AGAGIA,8.7,8.5,8.6,8.2,8.4,Passed,7.4,,
SU2023,SU2023-class 12,29,1905AFJHEC,8.5,3,5.6,7.5,6.2,Passed,5.8,,
SU2023,SU2023-class 12,30,1905AGCGJB,8.7,1.8,8.2,9,7.9,Passed,8.3,,
SU2023,SU2023-class 12,31,1905AGAHJE,8.9,8.7,7.6,8.2,8.1,Passed,8,,
SU2023,SU2023-class 12,32,1901AGJAEI,5,5,8.4,5,6.4,Passed,5,,
SU2023,SU2023-class 12,33,1905AGCFIF,8.6,7.3,0,7.8,4.8,Not Passed,8.3,,
SU2023,SU2023-class 13,1,1905AGBJCG,8,8,6.2,8,7.3,Passed,8.5,,
SU2023,SU2023-class 13,2,1905AGBJJF,8,8,7.2,8,7.7,Passed,8.5,,
SU2023,SU2023-class 13,3,1905AGAHHI,9,8,8.2,9,8.5,Passed,8.3,,
SU2023,SU2023-class 13,4,1905AGAHDH,8.5,8,8.6,8.5,8.4,Passed,8,,
SU2023,SU2023-class 13,5,1905AGACFB,7.8,8.5,8,7.8,8,Passed,8.3,,
SU2023,SU2023-class 13,6,1905AGBJFH,8,8,5.6,8,7.1,Passed,8.3,,
SU2023,SU2023-class 13,7,1905AGAHEH,7,8.5,10,7,8.5,Passed,8,,
SU2023,SU2023-class 13,8,1905AGAIJJ,7,8,4,7,6,Passed,8.3,,
SU2023,SU2023-class 13,9,1905AGAIAC,8.2,7,5.6,8.2,6.6,Passed,4.1,,
SU2023,SU2023-class 13,10,1905AGAHEJ,9,8,7.6,9,8.3,Passed,8.3,,
SU2023,SU2023-class 13,11,1905AGAIBG,7,8,7.2,7,7.3,Passed,8,,
SU2023,SU2023-class 13,12,1905AGAIJF,8.5,8,5.2,8.5,7.1,Passed,8.3,,
SU2023,SU2023-class 13,13,1905AGBJAC,8.2,8,7.4,8.2,7.9,Passed,8.3,,
SU2023,SU2023-class 13,14,1905AGAIAA,0,8,0,0,0.8,Attendance Fail,0,,
SU2023,SU2023-class 13,15,1905AGAIII,8,8,8,8,8,Passed,8.3,,
SU2023,SU2023-class 13,16,1905AGAHGE,9,8,6.8,9,7.9,Passed,8.3,,
SU2023,SU2023-class 13,17,1905AGAIGH,8.5,8,7.6,8.5,8,Passed,8,,
SU2023,SU2023-class 13,18,1905AGAIID,8.5,7,9.6,8.5,8.7,Passed,8,,
SU2023,SU2023-class 13,19,1905AGAIEG,8.2,8,9.6,8.2,8.8,Passed,8.5,,
SU2023,SU2023-class 13,20,1905AGBJCB,8.2,8,7.8,8.2,8.1,Passed,8.5,,
SU2023,SU2023-class 13,21,1905AGAHFI,7.8,9,7.8,7.8,7.9,Passed,7.8,,
SU2023,SU2023-class 13,22,1905AGAHFE,7,8,7.8,7,7.5,Passed,8,,
SU2023,SU2023-class 13,23,1905AGAHFG,7.8,8,8.4,7.8,8.1,Passed,7.8,,
SU2023,SU2023-class 13,24,1905AGBJJJ,8,8,8,8,8.1,Passed,8.5,,
SU2023,SU2023-class 13,25,1905AGAIHD,8,8,8.6,8,8.3,Passed,8.5,,
SU2023,SU2023-class 13,26,1905AGAICG,8,8,7.6,8,7.8,Passed,7.5,,
SU2023,SU2023-class 13,27,1905AGBJAH,7,8,4.6,7,6.2,Passed,8,,
SU2023,SU2023-class 13,28,1905AGAHGA,7.8,8,7.8,7.8,7.8,Passed,7.8,,
SU2023,SU2023-class 13,29,1905AGAIHA,8,8,9.2,8,8.5,Passed,8.5,,
SU2023,SU2023-class 13,30,1905AGAHEC,9,8,7.6,9,8.3,Passed,8.3,,
SU2023,SU2023-class 13,31,1905AGAIGA,7,8,6.6,7,7,Passed,7.5,,
SU2023,SU2023-class 13,32,1905AGBJDB,8,8,9.4,8,8.6,Passed,8.5,,
SU2023,SU2023-class 13,33,1905AGAEJD,7,8.5,8.2,7,7.7,Passed,8,,
SU2023,SU2023-class 13,34,1905AGAGHI,7,8.5,9,7,8.1,Passed,8,,
SU2023,SU2023-class 14,1,1905AGBIHG,7.5,10,6.2,8,7.5,Passed,8.8,,
SU2023,SU2023-class 14,2,1905AGBABA,8,6.5,5.8,7.5,6.8,Passed,7.8,,
SU2023,SU2023-class 14,3,1905AGCEFD,7.5,4.2,7.8,8,7.4,Passed,7.2,,
SU2023,SU2023-class 14,4,1905AGBAEG,8,7.5,7.4,7.5,7.6,Passed,8.5,,
SU2023,SU2023-class 14,5,1905AGBABB,8,8,8.6,7.5,7.9,Passed,6.1,,
SU2023,SU2023-class 14,6,1905AGBACB,8,6.3,8.8,7.5,8,Passed,8.4,,
SU2023,SU2023-class 14,7,1905AGBBGF,7.5,10,8.4,7.5,8.2,Passed,8.8,,
SU2023,SU2023-class 14,8,1905AGBBGG,7.5,7.2,8.4,7.5,8,Passed,8.7,,
SU2023,SU2023-class 14,9,1905AGBICH,7.5,8.8,8,8,8.1,Passed,8.7,,
SU2023,SU2023-class 14,10,1905AGBAEB,7.5,7.7,5.6,8,6.8,Passed,6.1,,
SU2023,SU2023-class 14,11,1905AGBJII,8,5.5,6.6,7.5,7.1,Passed,8.3,,
SU2023,SU2023-class 14,12,1905AGBAHE,8,7.3,6.4,7.5,7.2,Passed,8.5,,
SU2023,SU2023-class 14,13,1905AGBABJ,8,7.2,7.8,7.5,7.6,Passed,6.6,,
SU2023,SU2023-class 14,14,1905AGBAED,8,10,8.4,7.5,8.2,Passed,7.9,,
SU2023,SU2023-class 14,15,1905AGBBBE,7.5,7.5,9.6,7.5,8.4,Passed,8.2,,
SU2023,SU2023-class 14,16,1905AGBJHE,8,10,8.4,7.5,8.3,Passed,9.2,,
SU2023,SU2023-class 15,1,1905AGBDDJ,8,8,7.4,10,8.6,Passed,10,,
SU2023,SU2023-class 15,2,1905ADJCHB,9,8,8.2,10,9,Passed,10,,
SU2023,SU2023-class 15,3,1905AGBDJB,8,8.3,4.4,10,7.4,Passed,10,,
SU2023,SU2023-class 15,4,1905AGBCED,8,7.5,8.2,10,8.8,Passed,10,,
SU2023,SU2023-class 15,5,1905AGBBHH,8,7.3,7.8,10,8.7,Passed,10,,
SU2023,SU2023-class 15,6,1905AGBIEC,9,8.5,8.2,10,8.7,Passed,6.5,,
SU2023,SU2023-class 15,7,1905AGAEFD,9,7.5,0,10,5.3,Is Susspended,6.5,,
SU2023,SU2023-class 15,8,1905AGBDAH,9,8.8,4.8,10,7.7,Passed,10,,
SU2023,SU2023-class 15,9,1905AGBCGA,9,8.3,6,10,8.1,Passed,10,,
SU2023,SU2023-class 15,10,1905AGAEJC,9,9,9.4,10,9.2,Passed,6.5,,
SU2023,SU2023-class 15,11,1905AGBBIE,9,7.8,8.6,10,9.1,Passed,10,,
SU2023,SU2023-class 15,12,1905AGBDBI,9,7.8,6,10,8.1,Passed,10,,
SU2023,SU2023-class 15,13,1905AGBBIB,9,7.5,5,10,7.7,Passed,10,,
SU2023,SU2023-class 15,14,1905AGBCBH,8,7.8,7.2,10,8.5,Passed,10,,
SU2023,SU2023-class 15,15,1905AGBCAE,9,8,5,10,7.7,Passed,10,,
SU2023,SU2023-class 15,16,1905AGBCJC,8,7,7,10,8.3,Passed,10,,
SU2023,SU2023-class 15,17,1905AGBCCH,9,8.5,9,10,9.4,Passed,10,,
SU2023,SU2023-class 15,18,1905AGBJGE,9,7,7.4,10,8.2,Passed,6.5,,
SU2023,SU2023-class 15,19,1905AGBCGE,9,8.3,4,10,7.3,Passed,10,,
SU2023,SU2023-class 15,20,1905AGBCCA,8,6.8,3.8,10,7,Not Passed,10,,
SU2023,SU2023-class 15,21,1905AGBDDB,9,8,8.4,10,9.1,Passed,10,,
SU2023,SU2023-class 15,22,1905AGBCFJ,8,9.5,7,10,8.6,Passed,10,,
SU2023,SU2023-class 15,23,1905AGBDBC,9,7.8,8.2,10,9,Passed,10,,
SU2023,SU2023-class 15,24,1905AGBCFE,8,9,4.4,10,7.5,Passed,10,,
SU2023,SU2023-class 15,25,1905AGBCJG,8,8,7.2,10,8.5,Passed,10,,
SU2023,SU2023-class 15,26,1905AGBCDC,9,8.8,7,10,8.6,Passed,10,,
SU2023,SU2023-class 15,27,1905AGBFDD,9,8,7.4,10,8.3,Passed,6.5,,
SU2023,SU2023-class 15,28,1905AGBDCF,8,8.5,8.2,10,8.9,Passed,10,,
SU2023,SU2023-class 15,29,1905AGJDHF,9,9,7.6,10,8.5,Passed,6.5,,
SU2023,SU2023-class 15,30,1905AGBDCJ,8,8.8,7.4,10,8.6,Passed,10,,
SU2023,SU2023-class 15,31,1905AGBCDB,9,9,8,10,9,Passed,10,,
SU2023,SU2023-class 15,32,1905AGBDDE,9,8.8,7.4,10,8.7,Passed,10,,
SU2023,SU2023-class 15,33,1905AGBDCG,9,8.3,6.8,10,8.5,Passed,10,,
SU2023,SU2023-class 16,1,1905AGBFFD,8,9.7,7.8,8,8.1,Passed,8,,
SU2023,SU2023-class 16,2,1905AGBFFG,8,9.7,8.6,8,8.4,Passed,8,,
SU2023,SU2023-class 16,3,1905AGBEBG,8,9.7,5.8,8,7.3,Passed,8,,
SU2023,SU2023-class 16,4,1905AGBEAD,8.5,8.7,8,8,8.2,Passed,9,,
SU2023,SU2023-class 16,5,1905AGJAFI,9,9.7,8.2,9,8.7,Passed,8.9,,
SU2023,SU2023-class 16,6,1905AGBDHB,8,8.8,9.6,8,8.7,Passed,8,,
SU2023,SU2023-class 16,7,1905AGBEHF,8,10,9.4,8,8.8,Passed,8.8,,
SU2023,SU2023-class 16,8,1905AGADCB,9,9.6,8.4,9,8.8,Passed,8.9,,
SU2023,SU2023-class 16,9,1905AGBFDA,8,9.7,6.8,8,7.7,Passed,8,,
SU2023,SU2023-class 16,10,1905AGBDFC,9,4,7.2,9,7.6,Passed,7.7,,
SU2023,SU2023-class 16,11,1905AGBEGF,8,10,9,8,8.7,Passed,8.8,,
SU2023,SU2023-class 16,12,1905AGABID,9,9.1,6.6,9,7.9,Passed,7.9,,
SU2023,SU2023-class 16,13,1905AGBDHI,8,8.8,5.6,8,7.1,Passed,8,,
SU2023,SU2023-class 16,14,1905AGBEBJ,8,10,6.6,8,7.7,Passed,8.3,,
SU2023,SU2023-class 16,15,1905AGBEGA,8,10,9.8,8,9,Passed,8.8,,
SU2023,SU2023-class 16,16,1905AGBFCA,9,8.8,9,9,8.9,Passed,7.9,,
SU2023,SU2023-class 16,17,1905AGBDGH,8.5,8.6,8,8,8.2,Passed,9,,
SU2023,SU2023-class 16,18,1905AGBECC,8.5,8.6,8.2,8,8.2,Passed,8.5,,
SU2023,SU2023-class 16,19,1905AFADJH,9,4,5.8,9,7.1,Passed,7.7,,
SU2023,SU2023-class 16,20,1905AGBJEB,8,9.5,6.6,8,7.6,Passed,7.7,,
SU2023,SU2023-class 16,21,1905AGBFBA,8,8.6,6.8,8,7.6,Passed,8,,
SU2023,SU2023-class 16,22,1905AGBDIG,8.5,8.7,5.8,8,7.3,Passed,9,,
SU2023,SU2023-class 16,23,1905ADJCBE,9,4,4.2,9,6.4,Passed,7.7,,
SU2023,SU2023-class 16,24,1905AGBFAA,8.5,8.5,8.4,8,8.3,Passed,8.5,,
SU2023,SU2023-class 16,25,1905AGBDGG,9,4,9,9,8.4,Passed,7.7,,
SU2023,SU2023-class 16,26,1905AGACCG,9,9.5,8.8,9,9,Passed,8.9,,
SU2023,SU2023-class 16,27,1905AGBFGI,8,9.8,6.6,8,7.6,Passed,8,,
SU2023,SU2023-class 16,28,1905AGACBB,9,9.2,8,9,8.5,Passed,7.9,,
SU2023,SU2023-class 16,29,1905AGBJIC,8,9.8,8.4,8,8.3,Passed,7.7,,
SU2023,SU2023-class 16,30,1905AGBJIB,8,9.8,9.2,8,8.6,Passed,7.7,,
SU2023,SU2023-class 16,31,1905AGBFAH,8.5,8.7,7.6,8,8,Passed,8.5,,
SU2023,SU2023-class 16,32,1905AGBEJJ,8.5,8.7,6.8,8,7.7,Passed,9,,
SU2023,SU2023-class 16,33,1905AGACGI,9,9.4,8.6,9,8.9,Passed,8.9,,
SU2023,SU2023-class 16,34,1905AGACFC,9,9.2,6.4,9,7.9,Passed,7.9,,
SU2023,SU2023-class 17,1,1905AGBGDH,8,8.3,6.4,10,8.2,Passed,10,,
SU2023,SU2023-class 17,2,1905AGAAED,9,9.3,9.8,10,9.8,Passed,10,,
SU2023,SU2023-class 17,3,1905AGBICB,8,7,8,10,8.7,Passed,10,,
SU2023,SU2023-class 17,4,1905AGBHED,8,7.5,6.4,10,7.9,Passed,7.5,,
SU2023,SU2023-class 17,5,1905AGBHFH,8,7.5,6.2,10,7.8,Passed,7.5,,
SU2023,SU2023-class 17,6,1905AGBFGD,8,7.8,9,10,9.2,Passed,10,,
SU2023,SU2023-class 17,7,1905AGBGCH,9,9.3,7.2,10,8.7,Passed,10,,
SU2023,SU2023-class 17,8,1905AGBGDD,8,7.3,6.4,10,8.1,Passed,10,,
SU2023,SU2023-class 17,9,1905AGBGHI,10,9.5,5.6,10,8.2,Passed,10,,
SU2023,SU2023-class 17,10,1905AGBHGI,8,8.3,5,10,7.6,Passed,10,,
SU2023,SU2023-class 17,11,1905AGBFGG,8,9.3,7,10,8.5,Passed,10,,
SU2023,SU2023-class 17,12,1905AGBHEF,8,7.8,7.8,10,8.5,Passed,7.5,,
SU2023,SU2023-class 17,13,1905AGBHJA,8,8,8.8,10,9.1,Passed,10,,
SU2023,SU2023-class 17,14,1905AGBHDB,10,9.8,8.6,10,9.4,Passed,10,,
SU2023,SU2023-class 17,15,1905AGBHAD,8,7.8,7,10,8.4,Passed,10,,
SU2023,SU2023-class 17,16,1905AGBIHH,8,8.8,7.4,10,8.6,Passed,10,,
SU2023,SU2023-class 17,17,1905AGBGJD,9,9.3,9.4,10,9.6,Passed,10,,
SU2023,SU2023-class 17,18,1905AGBGFD,9,8.5,6.2,10,8.2,Passed,10,,
SU2023,SU2023-class 17,19,1905AGBGFH,9,9,5.2,10,7.9,Passed,10,,
SU2023,SU2023-class 17,20,1905AGBGHC,8,8,7.4,10,8.6,Passed,10,,
SU2023,SU2023-class 17,21,1905AGBGEJ,9,7.5,7,10,8.5,Passed,10,,
SU2023,SU2023-class 17,22,1905AGBFHJ,8,9,8,10,8.9,Passed,10,,
SU2023,SU2023-class 17,23,1905AGBHHF,10,8.5,6,10,8.3,Passed,10,,
SU2023,SU2023-class 17,24,1905AGBFII,8,8.8,7.8,10,8.8,Passed,10,,
SU2023,SU2023-class 17,25,1905AGBGAE,9,9,7,10,8.6,Passed,10,,
SU2023,SU2023-class 17,26,1905AGBHGB,8,7.8,8.2,10,8.6,Passed,7.5,,
SU2023,SU2023-class 17,27,1905AGBHEC,9,8,4.2,10,7.4,Passed,10,,
SU2023,SU2023-class 17,28,1905AGBIDG,10,9.8,8.4,10,9.3,Passed,10,,
SU2023,SU2023-class 17,29,1905AGBEID,9,9.3,8.4,10,9.2,Passed,10,,
SU2023,SU2023-class 17,30,1905AGBHEH,8,8,4.2,10,7,Passed,7.5,,
SU2023,SU2023-class 17,31,1905AGBGIA,9,8,6.8,10,8.4,Passed,10,,
SU2023,SU2023-class 17,32,1905AGBICG,10,8.5,6.4,10,8.4,Passed,10,,
SU2023,SU2023-class 17,33,1905AGBHGE,10,9.8,5.8,10,8.3,Passed,10,,
SU2023,SU2023-class 17,34,1905AGBGBD,9,8.3,8,10,8.9,Passed,10,,
SU2023,SU2023-class 17,35,1905AGBEHH,9,9.3,9.6,10,9.7,Passed,10,,
SU2023,SU2023-class 18,1,1905AGBIBC,8,10,7.4,9,8.2,Passed,7.5,,
SU2023,SU2023-class 18,2,1905AGBICI,8,9,7.4,7,7.6,Passed,8.5,,
SU2023,SU2023-class 18,3,1905AGCJEE,7,10,5.8,7,6.9,Passed,8,,
SU2023,SU2023-class 18,4,1905AGBIIH,7,10,8,7,7.8,Passed,8,,
SU2023,SU2023-class 18,5,1905AGBIAB,6,10,8.2,8,8.2,Passed,9,,
SU2023,SU2023-class 18,6,1905AGBIDJ,6,9,8.2,8,8,Passed,8,,
SU2023,SU2023-class 18,7,1905AGBIDE,8,10,7.4,9,8.2,Passed,7.5,,
SU2023,SU2023-class 18,8,1905AGCJID,9,10,7.8,8,8.3,Passed,8.5,,
SU2023,SU2023-class 18,9,1905AGCJAG,8,8,6.2,9,7.3,Passed,5.5,,
SU2023,SU2023-class 18,10,1905AGBIEF,8,10,7.2,7,7.6,Passed,8,,
SU2023,SU2023-class 18,11,1905AGCJJH,7,10,7.2,7,7.5,Passed,8,,
SU2023,SU2023-class 18,12,1905AFAJCA,5,9,5.4,8,6.8,Passed,8.5,,
SU2023,SU2023-class 18,13,1905AGCJDA,6,10,6.8,8,7.6,Passed,9,,
SU2023,SU2023-class 18,14,1905AGCJEI,9,10,6,8,7.6,Passed,8.5,,
SU2023,SU2023-class 18,15,1905AGBHHH,6,10,4.4,8,6.7,Passed,9,,
SU2023,SU2023-class 18,16,1905AGBJFD,9,10,7.6,8,8.2,Passed,8.5,,
SU2023,SU2023-class 18,17,1905AGBIEH,8,9,5.2,7,6.7,Passed,8.5,,
SU2023,SU2023-class 18,18,1905AGCJDI,7,9,9,7,8,Passed,7,,
SU2023,SU2023-class 19,1,1905AGCBJI,8.9,6.3,6.4,9.2,7.7,Passed,8.3,,
SU2023,SU2023-class 19,2,1905AGCAEH,9.1,6.4,0,8.6,4.9,Is Susspended,7.8,,
SU2023,SU2023-class 19,3,1905AGCJHF,9.1,7.7,8.2,9.5,8.6,Passed,8.3,,
SU2023,SU2023-class 19,4,1905AGCAGB,8.7,7.5,7.2,9.2,8.2,Passed,9,,
SU2023,SU2023-class 19,5,1905AGCAIF,8.8,5.5,7.6,9,7.8,Passed,6.5,,
SU2023,SU2023-class 19,6,1905AGCBDA,8.6,9.4,8,9.1,8.6,Passed,8.5,,
SU2023,SU2023-class 19,7,1905AGCBAA,8.8,7.9,5.8,9.2,7.5,Passed,7,,
SU2023,SU2023-class 19,8,1905AGBEIA,8.6,9,9.6,8.6,8.9,Passed,7.5,,
SU2023,SU2023-class 19,9,1905AGCBBB,9,9.8,8.6,9,8.9,Passed,8.5,,
SU2023,SU2023-class 19,10,1905AGCBDJ,8.6,6.8,7.4,9.1,8.1,Passed,8.3,,
SU2023,SU2023-class 19,11,1905AGCAAC,9.1,7.2,8.8,9.5,8.8,Passed,8.3,,
SU2023,SU2023-class 19,12,1905AGCAAG,8.7,9.4,7.6,9.6,8.6,Passed,8.3,,
SU2023,SU2023-class 19,13,1905AGCBDI,8.6,4.3,7.8,9,8,Passed,8.5,,
SU2023,SU2023-class 19,14,1905AFAFAH,8.4,6.9,6,8.7,7.4,Passed,8.5,,
SU2023,SU2023-class 19,15,1905AGCBII,8.9,9.8,8.8,9.1,9,Passed,8.5,,
SU2023,SU2023-class 19,16,1905AGCAHA,8.7,5,5.4,9.2,7.1,Passed,8.3,,
SU2023,SU2023-class 19,17,1905AGCABF,9.1,9.2,9.6,9.4,9.4,Passed,9,,
SU2023,SU2023-class 19,18,1905AGCAFC,9.4,6.5,9,9.6,8.9,Passed,8.5,,
SU2023,SU2023-class 19,19,1905AGCBCB,8.8,1.6,0,0,1,Attendance Fail,0,,
SU2023,SU2023-class 19,20,1905AGCBEH,8.4,9.3,8.8,9,8.8,Passed,8.5,,
SU2023,SU2023-class 19,21,1905AGCBFH,8.6,8.5,9.2,8.7,8.8,Passed,8,,
SU2023,SU2023-class 19,22,1905AGCJHC,9.1,9.5,9.8,9.5,9.5,Passed,8.3,,
SU2023,SU2023-class 19,23,1905AGCBCA,8.5,9,8.4,8.8,8.7,Passed,9,,
SU2023,SU2023-class 19,24,1905AGCBFC,8.7,8.7,7,8.8,8,Passed,8.5,,
SU2023,SU2023-class 19,25,1905AGCADD,8.9,7.7,5.6,8.7,7.2,Passed,7.3,,
SU2023,SU2023-class 19,26,1905AGCBCF,8.7,9.1,8.2,8.8,8.6,Passed,8.8,,
SU2023,SU2023-class 19,27,1905AGCAAI,8.9,9.6,7.4,9.6,8.5,Passed,8.3,,
SU2023,SU2023-class 19,28,1905AGACCI,8.6,7.3,6.8,8.6,7.7,Passed,8,,
SU2023,SU2023-class 19,29,1905AGCBDE,8.2,8.9,7.2,9.1,8.2,Passed,8.5,,
SU2023,SU2023-class 19,30,1905AGCAAB,9.3,7.3,7.8,9.5,8.5,Passed,8.5,,
SU2023,SU2023-class 19,31,1905AGCADJ,9.3,9.2,9.4,9.4,9.3,Passed,8.5,,
SU2023,SU2023-class 19,32,1905AGCBBG,8.8,1.2,7.8,9.4,7.8,Passed,8.3,,
SU2023,SU2023-class 19,33,1905AGCBIA,0,1.6,0,0,0.2,Attendance Fail,0,,
SU2023,SU2023-class 19,34,1905AGCAFE,8.9,9.2,7.8,9.6,8.7,Passed,8.5,,
SU2023,SU2023-class 19,35,1905AGBDHE,8.4,8.3,9,8.8,8.8,Passed,9,,
SU2023,SU2023-class 20,1,1905AGCCAI,8.5,9,8.2,9,8.5,Passed,8,,
SU2023,SU2023-class 20,2,1905AGCCCJ,8.5,8.5,4,8.5,6.7,Passed,8,,
SU2023,SU2023-class 20,3,1905AGCDAH,9,9,8,9,8.6,Passed,9,,
SU2023,SU2023-class 20,4,1905AGCDJA,8.5,8,8.6,8.5,8.5,Passed,8.5,,
SU2023,SU2023-class 20,5,1905AGCCIF,8,9,7.6,9,8.3,Passed,8.5,,
SU2023,SU2023-class 20,6,1905AGCCBI,8.5,9,5.4,8.5,7.3,Passed,8,,
SU2023,SU2023-class 20,7,1905AGCCEI,8.5,8.5,8.2,8.5,8.3,Passed,8,,
SU2023,SU2023-class 20,8,1905AGCDDA,8.5,7,6,8.5,7.4,Passed,8.5,,
SU2023,SU2023-class 20,9,1905AGCDGD,9,9,5.4,9,7.6,Passed,9,,
SU2023,SU2023-class 20,10,1905AGCCDF,8.5,8.5,4.4,9,7,Passed,8.5,,
SU2023,SU2023-class 20,11,1905AGCCCB,8.5,8.5,6.4,9,7.8,Passed,8.5,,
SU2023,SU2023-class 20,12,1905AGBEBE,9,6.5,7,9,8,Passed,9,,
SU2023,SU2023-class 20,13,1905AGCDHB,8.5,9,5.2,9,7.3,Passed,8,,
SU2023,SU2023-class 20,14,1905AGCCAA,8.5,9,7.6,9,8.3,Passed,8,,
SU2023,SU2023-class 20,15,1905AGCCCH,8.5,9,5.2,9,7.3,Passed,8,,
SU2023,SU2023-class 20,16,1905AGCCAG,8.5,9,8.2,9,8.5,Passed,8,,
SU2023,SU2023-class 20,17,1905AGCDJJ,8.5,9,8,8.5,8.4,Passed,8.5,,
SU2023,SU2023-class 20,18,1905AGBBID,9,7,7.8,9,8.3,Passed,9,,
SU2023,SU2023-class 20,19,1905AGCDFE,9,9,8.6,9,8.8,Passed,9,,
SU2023,SU2023-class 20,20,1905AGCDDB,8,9,6,9,7.7,Passed,8.5,,
SU2023,SU2023-class 20,21,1905AGCDGE,9,9,7.2,9,8.3,Passed,9,,
SU2023,SU2023-class 20,22,1905AGCBGJ,8.5,8.5,4.2,9,6.9,Passed,8.5,,
SU2023,SU2023-class 20,23,1905AGCDGB,8.5,9,8.4,9,8.6,Passed,8,,
SU2023,SU2023-class 20,24,1905AGBCEG,9,9,6.8,9,8.1,Passed,9,,
SU2023,SU2023-class 20,25,1905AGCDEC,9,9,9.6,9,9.2,Passed,8.5,,
SU2023,SU2023-class 20,26,1905AGCDDG,9,8.5,7.2,9,8.2,Passed,9,,
SU2023,SU2023-class 20,27,1905AGCCII,8.5,8,8.8,8.5,8.6,Passed,8.5,,
SU2023,SU2023-class 20,28,1905AFJGEI,9,8,8.2,9,8.5,Passed,8.5,,
SU2023,SU2023-class 20,29,1905AGCDHE,8.5,9,6.6,9,7.9,Passed,8,,
SU2023,SU2023-class 21,1,1905AFAJDE,1,9.5,5.6,5,5.5,Passed,7.3,,
SU2023,SU2023-class 21,2,1905AGCECI,9,8.8,7.2,9,8,Passed,6.9,,
SU2023,SU2023-class 21,3,1905AGCEDC,8.5,9.6,7.8,8,8.3,Passed,9.4,,
SU2023,SU2023-class 21,4,1905AGBAHF,9,9.2,7,9,8.1,Passed,7.4,,
SU2023,SU2023-class 21,5,1905AGCCAJ,8.5,8.9,7.4,8.5,8.1,Passed,8.3,,
SU2023,SU2023-class 21,6,1905AGCEGF,8.5,10,8,8,8.4,Passed,9.4,,
SU2023,SU2023-class 21,7,1905AGCBFF,8.5,8.9,8.2,8.5,8.4,Passed,8.3,,
SU2023,SU2023-class 21,8,1905AGCFJC,8.5,9.8,9,8.5,8.7,Passed,7,,
SU2023,SU2023-class 21,9,1905AGBAAA,9,9.1,9,9,8.8,Passed,7.4,,
SU2023,SU2023-class 21,10,1905AGCDIA,0,9.2,0,0,1.2,Attendance Fail,3,,
SU2023,SU2023-class 21,11,1905AGAAHI,8.5,9,5.8,8,7.3,Passed,8.5,,
SU2023,SU2023-class 21,12,1905AGCFJE,8.5,9.8,6.8,8.5,7.8,Passed,7,,
SU2023,SU2023-class 21,13,1905AGCEJB,9,9,9,9,8.8,Passed,6.9,,
SU2023,SU2023-class 21,14,1905AGCEAF,0,4.5,0,0,0.8,Attendance Fail,3,,
SU2023,SU2023-class 21,15,1905AGCEED,9,9.1,6.2,9,7.7,Passed,6.9,,
SU2023,SU2023-class 21,16,1905AGCEJC,7,9.1,7.2,6,7,Passed,7.3,,
SU2023,SU2023-class 21,17,1905AGCEFI,8.5,9.6,6.2,8,7.6,Passed,9.4,,
SU2023,SU2023-class 21,18,1905AGCEAB,8.5,9.6,7,8,7.9,Passed,9.4,,
SU2023,SU2023-class 21,19,1905AGCECD,7,9.4,4.8,6,6.1,Passed,7.3,,
SU2023,SU2023-class 21,20,1905AGCDIJ,0,8.5,0,0,1.7,Attendance Fail,8.5,,
SU2023,SU2023-class 21,21,1905AGCEHI,8.5,9.9,9.4,8.5,8.9,Passed,7,,
SU2023,SU2023-class 21,22,1905AGCFJB,7,9.3,6.2,6,6.6,Passed,6.8,,
SU2023,SU2023-class 21,23,1905AGCEDA,0,4.4,0,0,0.7,Attendance Fail,3,,
SU2023,SU2023-class 21,24,1905AEAAAI,0,0,0,0,0,Attendance Fail,0,,
SU2023,SU2023-class 21,25,1905AGCEGH,0,4.4,0,0,0.8,Attendance Fail,3.5,,
SU2023,SU2023-class 21,26,1905AGCFAG,8.5,4,6.2,8.5,7.1,Passed,8.3,,
SU2023,SU2023-class 21,27,1905AGCFJJ,8.5,9.8,0,8.5,5.1,Not Passed,7,,
SU2023,SU2023-class 21,28,1905AGBJAG,9,9.2,8.4,9,8.6,Passed,7.4,,
SU2023,SU2023-class 21,29,1905AFAAEG,9,9.4,5,9,7.3,Passed,7.4,,
SU2023,SU2023-class 21,30,1905AGCFJH,8.5,8.9,6.2,8.5,7.6,Passed,8.3,,
SU2023,SU2023-class 22,1,1905AGBGID,10,9,7.6,10,8.9,Passed,10,,
SU2023,SU2023-class 22,2,1905AGCCGI,10,8.8,8,10,9.1,Passed,10,,
SU2023,SU2023-class 22,3,1905AEADBG,5,8.3,4.4,10,7.1,Passed,10,,
SU2023,SU2023-class 22,4,1905AGBGEF,10,9,8.8,10,9.4,Passed,10,,
SU2023,SU2023-class 22,5,1905AEADFI,6,6.5,0,10,5.3,Not Passed,10,,
SU2023,SU2023-class 22,6,1905AEACBE,5,8.3,6.8,10,8.1,Passed,10,,
SU2023,SU2023-class 22,7,1905AGBGEC,6,8.3,0,10,5.4,Not Passed,10,,
SU2023,SU2023-class 22,8,1905AGCDGI,10,8,7.6,10,8.8,Passed,10,,
SU2023,SU2023-class 22,9,1905AFJIGI,5,8.3,5.4,10,7.5,Passed,10,,
SU2023,SU2023-class 22,10,1905AGJCDF,5,8.5,7.6,10,8.4,Passed,10,,
SU2023,SU2023-class 22,11,1905AGACAD,6,8.3,6.6,10,8.1,Passed,10,,
SU2023,SU2023-class 22,12,1905AEAAAD,5,8.5,6.2,10,7.8,Passed,10,,
SU2023,SU2023-class 22,13,1905AGBFGH,0,0,0,0,0,Attendance Fail,0,,
SU2023,SU2023-class 22,14,1905AGBGEE,6,8.5,9.4,10,9.2,Passed,10,,
SU2023,SU2023-class 22,15,1905AGCBHH,10,7.3,4.6,10,7.6,Passed,10,,
SU2024,SU2024-class 1,1,1905AHAHGJ,6.4,9,,,6.7,Passed,,8.1,4.8
SU2024,SU2024-class 1,2,1905AHBIFA,8,8.7,,,7.9,Passed,,7.8,6
SU2024,SU2024-class 1,3,1705AHJJJF,7.1,9.4,,,7,Passed,,7.6,5
SU2024,SU2024-class 1,4,1905AHAICG,1,9.1,,,7.4,Passed,,8.3,8.6
SU2024,SU2024-class 1,5,1905AHBHHI,8,8.7,,,8.3,Passed,,8.3,7.8
SU2024,SU2024-class 1,6,1905AHAFHJ,7.1,9.4,,,6.6,Passed,,7.9,4.6
SU2024,SU2024-class 1,7,1905AHBGGF,6.3,9,,,5.4,Not Passed,,2.7,4.2
SU2024,SU2024-class 1,8,1905AHBDDJ,6.4,9,,,6.6,Passed,,6.9,5.2
SU2024,SU2024-class 1,9,1905AHAEHE,7.1,9,,,6.6,Passed,,3,5.8
SU2024,SU2024-class 1,10,1905AHAEJH,7.1,9,,,7.1,Passed,,6.2,6.8
SU2024,SU2024-class 1,11,1905AHCHED,6.3,9,,,7.8,Passed,,6.4,7
SU2024,SU2024-class 1,12,1905AHAGDC,6.4,9,,,7.2,Passed,,6.8,6
SU2024,SU2024-class 1,13,1905AHCDDB,1,9.1,,,5.2,Not Passed,,7.6,5
SU2024,SU2024-class 1,14,1905AHBHEG,8,8.7,,,8.3,Passed,,8.5,7.6
SU2024,SU2024-class 1,15,1905AHBGDI,8.4,8.8,,,7.7,Passed,,8.5,8.8
SU2024,SU2024-class 1,16,1905AHCJJC,8,8.7,,,7.8,Passed,,8.6,5.2
SU2024,SU2024-class 1,17,1905AHBDGC,6.4,9,,,6.8,Passed,,8.4,5.4
SU2024,SU2024-class 1,18,1905AHJGEG,4.1,8.9,,,7.2,Passed,,8.1,6.8
SU2024,SU2024-class 1,19,1905AHAFIB,7.1,9.4,,,7.3,Passed,,7.7,6.2
SU2024,SU2024-class 1,20,1905AGJEFD,0,2.7,,,0.3,Attendance Fail,,0,0
SU2024,SU2024-class 1,21,1905AHJGAD,4.1,8.9,,,7.2,Passed,,7.6,6.4
SU2024,SU2024-class 1,22,1905AHCJEC,7.1,9,,,7.5,Passed,,7.3,7.4
SU2024,SU2024-class 1,23,1905AHBBEG,8.4,8.8,,,7,Passed,,8.7,5
SU2024,SU2024-class 1,24,1905AHDGCB,6.3,9,,,7.7,Passed,,7,6.8
SU2024,SU2024-class 1,25,1905AHAHCH,8.4,8.8,,,7.7,Passed,,8.9,6.2
SU2024,SU2024-class 1,26,1905AHBBDD,7.1,9.4,,,6.1,Not Passed,,7.2,5.4
SU2024,SU2024-class 1,27,1905AHJCFD,4.1,8.9,,,7.2,Passed,,7.1,6.6
SU2024,SU2024-class 1,28,1905AHBECC,8.4,8.8,,,8.1,Passed,,8,9
SU2024,SU2024-class 1,29,1905AHBABC,1,9.1,,,7.4,Passed,,7.9,9
SU2024,SU2024-class 2,1,1905AHBCFB,0,7.5,,,0.8,Attendance Fail,,0,0
SU2024,SU2024-class 2,2,1905AHJDDI,9,6.4,,,7.4,Passed,,7.8,7.6
SU2024,SU2024-class 2,3,1905AHEAAJ,9,7.7,,,8.2,Passed,,8,7.2
SU2024,SU2024-class 2,4,1905AHBAGI,9,8.4,,,7.2,Passed,,5.4,5.4
SU2024,SU2024-class 2,5,1905AHBDEC,0,8.2,,,0.8,Attendance Fail,,0,0
SU2024,SU2024-class 2,6,1905AHEJCH,8,7.2,,,7.6,Passed,,7,7.8
SU2024,SU2024-class 2,7,1905AHDBDC,9,0.4,,,1.5,Not Passed,,5.9,0
SU2024,SU2024-class 2,8,1905AHJBGD,9,6.4,,,6.8,Passed,,8,4.6
SU2024,SU2024-class 2,9,1905AHBDBA,0,8.4,,,0.8,Attendance Fail,,0,0
SU2024,SU2024-class 2,10,1905AHDJBF,0,0.4,,,0,Attendance Fail,,0,0
SU2024,SU2024-class 2,11,1905AHDEEF,9,8.8,,,8.2,Passed,,8.5,6.8
SU2024,SU2024-class 2,12,1905AHAHAB,9,6.6,,,7.3,Passed,,8,7.2
SU2024,SU2024-class 2,13,1905AHCIDE,8.5,8.3,,,8.1,Passed,,7.3,6.4
SU2024,SU2024-class 2,14,1905AHAEAF,9,6.3,,,7.1,Passed,,7,6.8
SU2024,SU2024-class 2,15,1905AHCGEA,8.5,7.4,,,8.3,Passed,,8.3,7.6
SU2024,SU2024-class 2,16,1905AHJDFA,8,8.3,,,6.9,Passed,,6.7,6
SU2024,SU2024-class 2,17,1901AGJAIE,9,5.4,,,1.7,Attendance Fail,,2.3,0
SU2024,SU2024-class 2,18,1905AHCFIE,8.5,8.6,,,8.1,Passed,,7.5,6.4
SU2024,SU2024-class 2,19,1905AHJDHC,8,5.3,,,6.8,Passed,,7.7,6.4
SU2024,SU2024-class 2,20,1905AHCAIE,0,1.2,,,0.1,Attendance Fail,,0,0
SU2024,SU2024-class 2,21,1905AHCFDI,9,7.5,,,7.2,Passed,,6.8,8.6
SU2024,SU2024-class 2,22,1905AHDBBD,8.5,8.2,,,8.4,Passed,,7.8,8
SU2024,SU2024-class 2,23,1905AHJDFJ,8,7.4,,,6.6,Passed,,7,5
SU2024,SU2024-class 2,24,1905AHDAAA,0,7.9,,,0.8,Attendance Fail,,0,0
SU2024,SU2024-class 2,25,1905AHDEGB,8,8.3,,,7.2,Passed,,5.9,6.8
SU2024,SU2024-class 2,26,1905AHDJBC,9,7.6,,,8,Passed,,7.4,6.6
SU2024,SU2024-class 2,27,1905AHCIAF,8,8.8,,,3.3,Attendance Fail,,4,0
SU2024,SU2024-class 2,28,1905AHJDHA,8,8.1,,,7.2,Passed,,7.7,7
SU2024,SU2024-class 2,29,1905AHCDAC,9,7.7,,,6.9,Passed,,5.8,7.4
SU2024,SU2024-class 2,30,1905AHCFDF,9,7.2,,,6.8,Passed,,6.7,6.4
SU2024,SU2024-class 2,31,1905AHCGDD,9,8.4,,,7.1,Passed,,6.4,7.6
SU2024,SU2024-class 2,32,1905AHBCJD,0,0,,,0,Attendance Fail,,0,0
SU2024,SU2024-class 2,33,1905AHDGBH,8,8.8,,,7.1,Passed,,5.8,6.4
SU2024,SU2024-class 3,1,1905AHCDCF,7.6,8.7,,,6.1,Not Passed,,3.8,5.8
SU2024,SU2024-class 3,2,1905AHDAEJ,7.6,8.7,,,5.6,Not Passed,,3.5,3.6
SU2024,SU2024-class 3,3,1905AHJGDE,6.6,9.3,,,7.1,Passed,,7,7
SU2024,SU2024-class 3,4,1905AGJJJE,7.7,8.7,,,6.8,Passed,,4.5,8
SU2024,SU2024-class 3,5,1905AHCFFA,7.4,9,,,7.6,Passed,,8.4,6.2
SU2024,SU2024-class 3,6,1905AGACEJ,1,8.9,,,3.3,Attendance Fail,,6.7,0
SU2024,SU2024-class 3,7,1905AHBECH,7.6,8.7,,,7.8,Passed,,6.4,7.6
SU2024,SU2024-class 3,8,1905AHCFFE,7.4,9,,,7.2,Passed,,8,4.4
SU2024,SU2024-class 3,9,1905AHJGEH,6.6,9.3,,,7.3,Passed,,7.2,8
SU2024,SU2024-class 3,10,1905AHJAJE,7.4,9,,,8,Passed,,8.6,8.2
SU2024,SU2024-class 3,11,1905AHBEBI,7.6,8.7,,,7.3,Passed,,5.7,6.6
SU2024,SU2024-class 3,12,1905AGBBGI,1,7.8,,,0.9,Attendance Fail,,0,0
SU2024,SU2024-class 3,13,1905AGJBJJ,7.7,8.7,,,6.4,Passed,,7,4.8
SU2024,SU2024-class 3,14,1905AHDGFJ,1,8.9,,,5.7,Passed,,8.2,7.4
SU2024,SU2024-class 3,15,1905AHDEJE,7.4,9,,,7.3,Passed,,8.2,4.6
SU2024,SU2024-class 3,16,1905AGJJAF,7.7,8.7,,,6.7,Passed,,5.4,7.2
SU2024,SU2024-class 3,17,1905AGJABE,6.6,9.3,,,6.6,Passed,,7,4.6
SU2024,SU2024-class 3,18,1905AFAIAA,0,0,,,0,Attendance Fail,,0,0
SU2024,SU2024-class 3,19,1905AHCGHE,6.6,9.3,,,6.7,Passed,,5.9,5.4
SU2024,SU2024-class 3,20,1905AGAFFE,7.7,8.7,,,7,Passed,,5.5,8.8
SU2024,SU2024-class 3,21,1905AFJDDA,1,7.8,,,2.1,Attendance Fail,,3.9,0
SU2024,SU2024-class 3,22,1905AGCCHC,1,8.9,,,5.2,Passed,,7.6,5.2
SU2024,SU2024-class 3,23,1905AHDHAC,1,8.9,,,5,Passed,,4.9,5.2
SU2024,SU2024-class 3,24,1905AFAFBE,1,8.6,,,2.2,Attendance Fail,,4.3,0
SU2024,SU2024-class 4,1,1905AHCJGB,8,10,,,8.2,Passed,,7.5,4.2
SU2024,SU2024-class 4,2,1905AHDFDH,7,10,,,8.2,Passed,,8.8,5.4
SU2024,SU2024-class 4,3,1905AHAGIJ,8,10,,,9,Passed,,9.5,7.4
SU2024,SU2024-class 4,4,1905AHDDJB,8,10,,,8,Passed,,7.8,7
SU2024,SU2024-class 4,5,1905AHBHDH,8,10,,,8.3,Passed,,7.5,4.8
SU2024,SU2024-class 4,6,1905AHDDJD,8,10,,,7.6,Passed,,8,4.8
SU2024,SU2024-class 4,7,1905AHCGFG,6,3,,,7.4,Passed,,7.8,5.8
SU2024,SU2024-class 4,8,1905AHDJIJ,6,3,,,7.6,Passed,,7.5,6.8
SU2024,SU2024-class 4,9,1905AHDIDJ,7,10,,,8.4,Passed,,8.8,6.2
SU2024,SU2024-class 4,10,1905AHDHBJ,7,10,,,8.1,Passed,,8.8,4.8
SU2024,SU2024-class 4,11,1905AHCGEI,6,3,,,7.7,Passed,,8,7.4
SU2024,SU2024-class 4,12,1905AHCIJA,6,3,,,7.3,Passed,,7.3,5.4
SU2024,SU2024-class 4,13,1905AHDFCH,8,10,,,8.9,Passed,,9.3,7.4
SU2024,SU2024-class 4,14,1905AHDDDD,8,10,,,7.8,Passed,,8.5,5.8
SU2024,SU2024-class 4,15,1905AHAGED,8,10,,,8.8,Passed,,8.8,7
SU2024,SU2024-class 4,16,1905AHDFDF,8,10,,,8.6,Passed,,9.3,5.8
SU2024,SU2024-class 4,17,1905AHDFBI,8,10,,,8.5,Passed,,9,5.6
SU2024,SU2024-class 4,18,1905AHAIBC,8,10,,,9.1,Passed,,9.8,7.6
SU2024,SU2024-class 4,19,1905AHDEEC,8,10,,,8,Not Passed,,8.3,3.2
SU2024,SU2024-class 4,20,1905AHDDEH,8,10,,,8,Passed,,9,6.4
SU2024,SU2024-class 4,21,1905AHAGEE,8,10,,,8.9,Passed,,9.8,7.4
SU2024,SU2024-class 4,22,1905AFAHGE,8,10,,,8.9,Passed,,6.5,8.8
SU2024,SU2024-class 4,23,1905AHAEDC,8,10,,,8.4,Passed,,8.5,5.2
SU2024,SU2024-class 5,1,1905AGAAHF,9,9,,,7.6,Passed,,6.7,6.8
SU2024,SU2024-class 5,2,1905AHDFHE,9,10,,,7.8,Passed,,6.9,7
SU2024,SU2024-class 5,3,1905AGJEAH,7,6.1,,,4.8,Not Passed,,6.2,0
SU2024,SU2024-class 5,4,1905AHAGJA,9,8.6,,,6.3,Not Passed,,8,3.6
SU2024,SU2024-class 5,5,1905AGJJBA,9,9.1,,,7.7,Passed,,7.5,6.6
SU2024,SU2024-class 5,6,1905AHJJEJ,0,0,,,0,Attendance Fail,,0,0
SU2024,SU2024-class 5,7,1905AFJEFJ,9,7.1,,,5.8,Not Passed,,6.8,4.4
SU2024,SU2024-class 5,8,1905AHDHCJ,9,10,,,7.7,Passed,,6.4,6.4
SU2024,SU2024-class 5,9,1905AGJJFA,9,1.9,,,1.5,Attendance Fail,,4.3,0
SU2024,SU2024-class 5,10,1905AHDFCC,9,10,,,7.5,Passed,,6.8,5.4
SU2024,SU2024-class 5,11,1905AHDDJF,9,10,,,7.6,Passed,,6.8,5.8
SU2024,SU2024-class 5,12,1905AHBGCH,9,6,,,4.8,Not Passed,,6.3,0
SU2024,SU2024-class 5,13,1905AHDECC,9,8.8,,,7.1,Passed,,7,6.4
SU2024,SU2024-class 5,14,1905AHBDAC,7,8.6,,,5.2,Not Passed,,7.7,0
SU2024,SU2024-class 5,15,1905AGJJCH,9,8.7,,,6.5,Passed,,6.9,5
SU2024,SU2024-class 5,16,0405AHJFHJ,9,1.3,,,4.4,Not Passed,,6.7,0
SU2024,SU2024-class 5,17,1905AHCFFC,7,7.8,,,4.8,Not Passed,,4.3,0
SU2024,SU2024-class 5,18,1905AHEJFA,9,9.1,,,7.2,Passed,,8.2,7
SU2024,SU2024-class 5,19,1905AGBDIC,9,9.3,,,7.7,Passed,,6.8,6.8
SU2024,SU2024-class 5,20,1905AHDDCC,8.5,6.1,,,3.9,Not Passed,,4,3.8
SU2024,SU2024-class 5,21,1905AGJCAJ,9,6.9,,,6.3,Passed,,6.3,4.6
SU2024,SU2024-class 5,22,1905AHCIAA,8.5,6,,,7.3,Passed,,7.4,6.8
SU2024,SU2024-class 5,23,1905AHDCCE,7,7.7,,,6.2,Not Passed,,7.8,5.2
SU2024,SU2024-class 5,24,1905AHBDAF,9,9.2,,,7.2,Passed,,8.3,7
SU2024,SU2024-class 5,25,1905AGJJBG,9,8.9,,,6.9,Passed,,7.3,6.4
SU2024,SU2024-class 5,26,1905AGBEJF,9,7.9,,,7.5,Passed,,7.4,6.4
SU2024,SU2024-class 5,27,1905AGCEJD,9,5.5,,,6.4,Passed,,6.9,5.2
SU2024,SU2024-class 5,28,1905AHCFIC,9,7.9,,,6.6,Passed,,6.5,5.4
SU2024,SU2024-class 5,29,1905AHBCAI,9,9.6,,,7.8,Passed,,8.9,8.6
SU2024,SU2024-class 5,30,1905AGJFJB,9,7,,,6.7,Passed,,6.7,6.4
SU2024,SU2024-class 5,31,1905AHCFIA,9,7.1,,,6.6,Passed,,5.7,6.4
SU2024,SU2024-class 5,32,1905AHJCJE,8.5,6.1,,,6.6,Passed,,5.9,4
SU2024,SU2024-class 6,1,1905AHDEAD,5.7,9.4,,,7,Passed,,8,7.4
SU2024,SU2024-class 6,2,1905AHDEJB,5.7,9.4,,,6.3,Passed,,7,6.2
SU2024,SU2024-class 6,3,1905AGBGJG,7.8,9,,,6.2,Not Passed,,4.9,0
SU2024,SU2024-class 6,4,1905AGCBBF,7.4,8.9,,,7.3,Passed,,7.5,6.8
SU2024,SU2024-class 6,5,1905AGBGCF,7.8,9,,,7.3,Passed,,7.6,4.2
SU2024,SU2024-class 6,6,1905AHCDCC,5.7,9.4,,,6.7,Passed,,7.4,6.2
SU2024,SU2024-class 6,7,1905AGCCFG,7.4,8.9,,,7,Passed,,5.4,9
SU2024,SU2024-class 6,8,1905AHJJDI,7.4,8.7,,,7.4,Passed,,7.4,7
SU2024,SU2024-class 6,9,1905AHAFGD,8.1,9.1,,,8.4,Passed,,6.8,7.4
SU2024,SU2024-class 6,10,1905AHCGCD,7.8,9,,,8.2,Passed,,7.5,7
SU2024,SU2024-class 6,11,1905AHAFGC,8.1,9.1,,,8.4,Passed,,6.5,8
SU2024,SU2024-class 6,12,1905AHJJFH,7.4,8.7,,,7.3,Passed,,6.8,7.2
SU2024,SU2024-class 6,13,1905AGCACA,7.4,8.9,,,6.6,Passed,,5.8,4.2
SU2024,SU2024-class 6,14,1905AHDCDH,7.8,9,,,8.5,Passed,,8.4,7.6
SU2024,SU2024-class 6,15,1905AHDDIB,5.7,9.4,,,6,Passed,,7,4.8
SU2024,SU2024-class 6,16,1905AHAFFC,8.1,9.1,,,8.2,Passed,,7.4,6.2
SU2024,SU2024-class 6,17,1905AGCGJG,7.4,8.7,,,7.8,Passed,,7.3,9
SU2024,SU2024-class 6,18,1905AHJJJE,7.4,8.7,,,7.1,Passed,,7,6
SU2024,SU2024-class 6,19,1905AGCAHJ,7.4,8.9,,,7.1,Passed,,6.8,6.4
SU2024,SU2024-class 6,20,1905AHAGDJ,8.1,9.1,,,8.2,Passed,,7.1,6.6
SU2024,SU2024-class 7,1,1905AHJJGD,7.1,8.7,,,8.1,Passed,,9.3,7.2
SU2024,SU2024-class 7,2,1905AHJBDD,7.8,9.4,,,7.5,Passed,,5.2,4.8
SU2024,SU2024-class 7,3,1905AGBHAE,3.6,9,,,6.5,Passed,,4.7,8.6
SU2024,SU2024-class 7,4,1905AHDBFD,7.7,0,,,0.8,Attendance Fail,,0,0
SU2024,SU2024-class 7,5,1905AHAEHA,7.7,8.6,,,7.6,Passed,,6.9,7.4
SU2024,SU2024-class 7,6,1905AHJAFI,4.3,9.2,,,7,Passed,,7.6,4.6
SU2024,SU2024-class 7,7,1905AHJBHB,7.7,8.6,,,6.9,Passed,,7.8,4
SU2024,SU2024-class 7,8,1905AHCHHE,7.1,8.9,,,6.9,Passed,,5.8,7.2
SU2024,SU2024-class 7,9,1905AHDAJG,7.1,8.9,,,6.9,Passed,,5.8,7
SU2024,SU2024-class 7,10,1905AGACJF,3.6,9,,,6.1,Passed,,4.7,6.6
SU2024,SU2024-class 7,11,1905AHJBDE,1,1,,,0.2,Attendance Fail,,0,0
SU2024,SU2024-class 7,12,1905AHJBIC,7.1,8.7,,,7.8,Passed,,8.6,6.2
SU2024,SU2024-class 7,13,1905AHJACG,7.1,8.7,,,6.6,Passed,,4.5,4
SU2024,SU2024-class 7,14,1905AHJAAA,5.7,8.9,,,7.4,Passed,,7.9,6.6
SU2024,SU2024-class 7,15,1905AHJAGJ,3.6,9,,,5.9,Passed,,4.5,5.8
SU2024,SU2024-class 7,16,1905AHJBGB,4.3,9.2,,,7.9,Passed,,7.9,7
SU2024,SU2024-class 7,17,1905AHCHHI,7.8,9.1,,,7.9,Passed,,6.4,6.4
SU2024,SU2024-class 7,18,1905AHJABD,5.7,8.9,,,7.2,Passed,,8.2,5.8
SU2024,SU2024-class 7,19,1905AHJJFG,8,8.9,,,8.4,Passed,,8.5,7.2
SU2024,SU2024-class 7,20,1905AHDAAC,7.1,8.9,,,6.7,Passed,,5.7,6.2
SU2024,SU2024-class 7,21,1905AHJBEI,8,8.9,,,8.4,Passed,,9.1,7.2
SU2024,SU2024-class 7,22,1905AHJACI,7.1,8.7,,,7.4,Passed,,9.2,4
SU2024,SU2024-class 7,23,1905AHJAJC,5.7,8.9,,,7.7,Passed,,8.3,8
SU2024,SU2024-class 7,24,1905AHJAGA,4.3,9.2,,,7.9,Passed,,8.5,6.8
SU2024,SU2024-class 7,25,1905AHJAJJ,7.1,8.7,,,6.5,Passed,,7,6.4
SU2024,SU2024-class 7,26,1905AFBJBC,7.7,8.6,,,6.8,Passed,,6.1,4.4
SU2024,SU2024-class 7,27,1905AHJABH,5.7,8.9,,,7.1,Passed,,8.2,5
SU2024,SU2024-class 7,28,1905AHJJGE,8,8.9,,,8.6,Passed,,9.3,7.8
SU2024,SU2024-class 7,29,1905AHJBAE,4.3,9.2,,,7,Passed,,7.5,4.4
SU2024,SU2024-class 7,30,1905AFJHEI,3.6,9,,,6.7,Passed,,5.1,9.2
SU2024,SU2024-class 7,31,1905AFJCFC,4.1,8.7,,,5.6,Passed,,5.7,4
SU2024,SU2024-class 7,32,1905AHBIEA,7.8,9.1,,,8.3,Passed,,8.8,6.8
SU2024,SU2024-class 7,33,1905AHJACJ,8,8.9,,,8.7,Passed,,8.9,8.8
SU2024,SU2024-class 7,34,1905AHCCJG,7.8,9.1,,,7.6,Passed,,5.3,5.2
SU2024,SU2024-class 7,35,1905AHCDAJ,7.1,8.7,,,6.4,Passed,,6.2,6.2
SU2024,SU2024-class 8,1,1905AHAEBJ,9,10,,,8.3,Passed,,7.8,6.8
SU2024,SU2024-class 8,2,1905AHCHAE,8,10,,,7.6,Passed,,7.3,5.4
SU2024,SU2024-class 8,3,1905AHAEIE,0,6.2,,,3.1,Not Passed,,5.4,3.8
SU2024,SU2024-class 8,4,1905AHAECB,7,10,,,8.5,Passed,,8.4,7.4
SU2024,SU2024-class 8,5,1905AGBCEB,0,0,,,0,Attendance Fail,,0,0
SU2024,SU2024-class 8,6,1905AHCHDC,7,5.8,,,4.9,Not Passed,,4.8,0
SU2024,SU2024-class 8,7,1905AHJJJI,6,8.2,,,7.6,Passed,,6.9,6.8
SU2024,SU2024-class 8,8,1905AHCIJD,9,8.8,,,6.8,Passed,,7.7,4.2
SU2024,SU2024-class 8,9,1905AHBGFF,6,8.2,,,7.3,Passed,,7.8,5
SU2024,SU2024-class 8,10,1905AHCDGD,9,8.7,,,8.2,Passed,,8,6.8
SU2024,SU2024-class 8,11,1905AHCIAI,7,5.6,,,6.1,Not Passed,,5.5,5.8
SU2024,SU2024-class 8,12,1905AHBJGE,8,10,,,8,Passed,,8.2,6.8
SU2024,SU2024-class 8,13,1905AHCHAA,8,10,,,7.8,Passed,,6.8,6.4
SU2024,SU2024-class 8,14,1905AHCHCB,8,10,,,7.6,Passed,,7.3,5.2
SU2024,SU2024-class 8,15,1905AHAFFB,8,7.5,,,7.1,Passed,,5.8,7.2
SU2024,SU2024-class 8,16,1905AGJEHF,0,7.7,,,3.7,Not Passed,,4.9,6
SU2024,SU2024-class 8,17,1905AHAEDI,7,10,,,8.4,Passed,,7.9,7.2
SU2024,SU2024-class 8,18,1905AHCJAF,0,0,,,0.5,Attendance Fail,,4.8,0
SU2024,SU2024-class 8,19,1905AHAEEF,9,9.8,,,8.2,Passed,,8,6.2
SU2024,SU2024-class 8,20,1905AHCHDE,7,8.8,,,5.3,Not Passed,,4.8,0
SU2024,SU2024-class 8,21,1905AHCHGF,6,8.4,,,8,Passed,,8.3,7.6
SU2024,SU2024-class 8,22,1905AHAEFE,8,7.9,,,7,Passed,,5.3,6.8
SU2024,SU2024-class 8,23,1905AHCHCI,7,5.8,,,5,Not Passed,,5,0
SU2024,SU2024-class 8,24,1905AHAFHH,9,8.4,,,4.8,Attendance Fail,,4.5,0
SU2024,SU2024-class 8,25,1905AHAEHG,8,7.9,,,6.9,Passed,,4.8,6.4
SU2024,SU2024-class 8,26,1905AHDJIG,9,9.4,,,8.5,Passed,,8.4,7.6
SU2024,SU2024-class 8,27,1905AHCHIE,9,8.5,,,7.1,Passed,,8,5.8
SU2024,SU2024-class 8,28,1905AHCHDF,0,7.7,,,1,Attendance Fail,,2.5,0
SU2024,SU2024-class 8,29,1905AHAECA,7,8.6,,,8.3,Passed,,8.3,7.2
SU2024,SU2024-class 8,30,1905AHAEIG,8,7.4,,,6.7,Passed,,5.5,5.4
SU2024,SU2024-class 8,31,1905AHAEEI,9,9.4,,,8.2,Passed,,7,7.2
SU2024,SU2024-class 8,32,1905AHJFGB,7,9.1,,,8.1,Passed,,7.5,6.6
SU2024,SU2024-class 9,1,1905AHDAHF,8.1,9.1,,,6.8,Passed,,6.6,8.8
SU2024,SU2024-class 9,2,1905AHBACF,8.3,8.8,,,7.6,Passed,,8.6,7.2
SU2024,SU2024-class 9,3,1905AHBACH,8.2,8.9,,,8,Passed,,8.9,6
SU2024,SU2024-class 9,4,1905AHAIFI,7.4,9.4,,,8,Passed,,7.8,6.8
SU2024,SU2024-class 9,5,1905AGCABG,8.1,9.1,,,6.2,Passed,,5.3,6.6
SU2024,SU2024-class 9,6,1905AHAIHI,7.7,9,,,8.2,Passed,,8.9,6.6
SU2024,SU2024-class 9,7,1905AHBACC,8.3,8.8,,,7.5,Passed,,8.5,6.6
SU2024,SU2024-class 9,8,1905AHBIDB,7.7,9.3,,,7.2,Passed,,7.3,8.4
SU2024,SU2024-class 9,9,1905AHBAAA,7.3,8.6,,,6,Not Passed,,7.4,4.2
SU2024,SU2024-class 9,10,1905AHDBEF,7.7,9.3,,,6.7,Passed,,6.7,5.8
SU2024,SU2024-class 9,11,1905AHBABF,4.7,9,,,7.8,Passed,,9,6.4
SU2024,SU2024-class 9,12,1905AHDCIB,8.1,9.1,,,6,Passed,,6.6,4.8
SU2024,SU2024-class 9,13,1905AHBIFJ,7.7,9.3,,,6.7,Passed,,7.1,5.8
SU2024,SU2024-class 9,14,1905AHAICD,8.3,8.8,,,7.4,Passed,,9.1,6
SU2024,SU2024-class 9,15,1905AHBAHH,8.2,8.9,,,8.1,Passed,,8.9,6.4
SU2024,SU2024-class 9,16,1905AGBHID,7.9,8.7,,,6.3,Not Passed,,8,8.8
SU2024,SU2024-class 9,17,1905AHAHFI,7.9,8.7,,,7.1,Passed,,8.2,6.2
SU2024,SU2024-class 9,18,1905AHBJGF,0,0,,,0,Attendance Fail,,0,0
SU2024,SU2024-class 9,19,1901AGJBEH,6.5,8.9,,,6.8,Passed,,4.1,6.8
SU2024,SU2024-class 9,20,1905AGCJBH,7.9,8.7,,,6.4,Not Passed,,8.2,7
SU2024,SU2024-class 9,21,1905AHBJHH,7.3,8.6,,,6.4,Passed,,7.6,4.2
SU2024,SU2024-class 9,22,1905AHDJCJ,8.2,8.9,,,8.3,Passed,,9.4,7.2
SU2024,SU2024-class 9,23,1905AHAIEF,7.4,9.4,,,8.4,Passed,,8.3,8.8
SU2024,SU2024-class 9,24,1905AHBJIE,7.4,9.4,,,8.4,Passed,,8,8.8
SU2024,SU2024-class 9,25,1905AHAIFD,7.7,9.3,,,6.8,Passed,,7.9,5.8
SU2024,SU2024-class 9,26,1905AHDCEF,8.1,9.1,,,5.8,Passed,,6.4,4.2
SU2024,SU2024-class 9,27,1905AGCJAI,6.5,8.9,,,6.8,Passed,,4,6.8
SU2024,SU2024-class 9,28,1905AHBACI,0,0,,,0,Attendance Fail,,0,0
SU2024,SU2024-class 9,29,1905AHAIEB,7.4,9.4,,,7.9,Passed,,8.3,6.2
SU2024,SU2024-class 9,30,1905AHAIBE,7.9,8.7,,,7.2,Passed,,8.3,5.6
SU2024,SU2024-class 9,31,1905AHBJHE,8.3,8.8,,,7.4,Passed,,8.5,6
SU2024,SU2024-class 9,32,1905AHBAAF,7.7,9,,,7.8,Passed,,8.9,5
SU2024,SU2024-class 9,33,1905AHBJDI,7.3,8.6,,,7.3,Passed,,7.6,7.8
SU2024,SU2024-class 9,34,1905AHBJBG,7.7,9,,,7.7,Passed,,8.6,4.6
SU2024,SU2024-class 9,35,1905AHDCIJ,8.2,8.9,,,8.7,Passed,,9,9.4
SU2024,SU2024-class 10,1,1905AHBCDG,9,8.2,,,8,Passed,,6.5,7
SU2024,SU2024-class 10,2,1905AHBCBF,8,0.8,,,6.3,Passed,,6.3,6.2
SU2024,SU2024-class 10,3,1905AHBADC,9,2.9,,,6.6,Passed,,7.7,5.4
SU2024,SU2024-class 10,4,1905AHJCHE,9,6.2,,,7.2,Passed,,7,4
SU2024,SU2024-class 10,5,1905AHBEBB,9,7.9,,,8,Passed,,6.2,7.2
SU2024,SU2024-class 10,6,1905AGJEDF,0,0,,,0.3,Attendance Fail,,3.3,0
SU2024,SU2024-class 10,7,1905AHJCDC,0,0,,,0,Attendance Fail,,0,0
SU2024,SU2024-class 10,8,1905AHJDBD,8,8.7,,,7.3,Passed,,6.3,6.8
SU2024,SU2024-class 10,9,1905AHBCAD,9,8.3,,,8.3,Passed,,8.2,7.6
SU2024,SU2024-class 10,10,1905AHBBCJ,0,6.1,,,0.6,Attendance Fail,,0,0
SU2024,SU2024-class 10,11,1905AHJDBG,9,4.8,,,7.7,Passed,,8.4,6
SU2024,SU2024-class 10,12,1905AHBBBG,0,7.8,,,0.9,Attendance Fail,,1,0
SU2024,SU2024-class 10,13,1905AHBAHD,8,8.8,,,8,Passed,,8.2,7
SU2024,SU2024-class 10,14,1905AHBBIB,8,10,,,7.8,Passed,,8.9,4.6
SU2024,SU2024-class 10,15,1905AHJCFF,9,10,,,8.4,Passed,,7.7,7
SU2024,SU2024-class 10,16,1905AHBCGG,9,10,,,8,Passed,,6.7,6.2
SU2024,SU2024-class 10,17,1905AHJCFB,8,8.8,,,7.2,Passed,,5,6.8
SU2024,SU2024-class 10,18,1905AHBAEB,9,2.6,,,6.7,Passed,,7.4,6.4
SU2024,SU2024-class 10,19,1905AHBCBI,9,9,,,8.4,Passed,,8.5,7.6
SU2024,SU2024-class 10,20,1905AHBBHA,8,10,,,7.9,Passed,,7.7,6
SU2024,SU2024-class 10,21,1905AHBBGD,9,9,,,8.3,Passed,,8.2,7.2
SU2024,SU2024-class 10,22,1905AHBCEA,9,8.2,,,7.4,Passed,,5.5,4.6
SU2024,SU2024-class 10,23,1905AHJCBH,9,1.3,,,6.4,Passed,,7.4,5.8
SU2024,SU2024-class 10,24,1905AHBBBA,9,9.3,,,8.5,Passed,,8,8.2
SU2024,SU2024-class 10,25,1905AHBBGG,8,9.6,,,8.2,Passed,,7.8,7.4
SU2024,SU2024-class 10,26,1905AHJDAI,9,3.2,,,6.5,Passed,,6.7,5.6
SU2024,SU2024-class 10,27,1905AGJABD,0,0,,,0,Attendance Fail,,0.4,0
SU2024,SU2024-class 10,28,1905AHJCEI,8,2.7,,,6.5,Passed,,6.9,5.6
SU2024,SU2024-class 10,29,1905AHJCIB,9,9.1,,,7.9,Passed,,8.4,4.6
SU2024,SU2024-class 10,30,1905AGACEF,0,0,,,0,Attendance Fail,,0,0
SU2024,SU2024-class 10,31,1905AHBBEE,0,6.1,,,0.6,Attendance Fail,,0,0
SU2024,SU2024-class 11,1,1905AGBCAB,9,6.8,,,8.5,Passed,,6.4,8.6
SU2024,SU2024-class 11,2,1905AHDIED,9,6.7,,,6.1,Not Passed,,7.8,5
SU2024,SU2024-class 11,3,1905AHCIHC,9,7.8,,,8.1,Passed,,7.4,5.4
SU2024,SU2024-class 11,4,1905AHBDAI,8,7.3,,,8.7,Passed,,7.5,8.8
SU2024,SU2024-class 11,5,1905AHJJFB,9,10,,,8.9,Passed,,8.9,7.8
SU2024,SU2024-class 11,6,1905AHBEDG,8.5,10,,,7.4,Passed,,6.3,6.6
SU2024,SU2024-class 11,7,1905AGCCDH,9,1.3,,,6.3,Not Passed,,8.4,8.8
SU2024,SU2024-class 11,8,1905AHDIIG,8,7.5,,,7.8,Passed,,5.2,5.6
SU2024,SU2024-class 11,9,1905AGBAHA,9,9.7,,,8.1,Passed,,7.3,4.6
SU2024,SU2024-class 11,10,1905AGBDCE,0,0,,,0,Attendance Fail,,0,0
SU2024,SU2024-class 11,11,1905AHDADC,9,8.4,,,6.7,Not Passed,,7.8,7.4
SU2024,SU2024-class 11,12,1905AGAIJE,8.5,10,,,7,Passed,,6.3,4.4
SU2024,SU2024-class 11,13,1905AHBECE,8.5,8.3,,,7.1,Passed,,6.9,5.8
SU2024,SU2024-class 11,14,1905AGBCHE,0,0,,,0,Attendance Fail,,0,0
SU2024,SU2024-class 11,15,1919AHJFJA,8,6.9,,,8.1,Passed,,7.2,6.6
SU2024,SU2024-class 11,16,1905AHBCIA,0,0,,,0,Attendance Fail,,0,0
SU2024,SU2024-class 11,17,1905AGBBGB,0,7.1,,,2.3,Attendance Fail,,3.5,0
SU2024,SU2024-class 11,18,1905AHBFGG,8.5,5.4,,,5.2,Not Passed,,2.5,4.4
SU2024,SU2024-class 11,19,1905AGBAFB,7,6.4,,,2.7,Attendance Fail,,2.5,0
SU2024,SU2024-class 11,20,1905AHCEDG,7,9.3,,,8,Passed,,4.8,8.6
SU2024,SU2024-class 11,21,1905AHDHFC,8,7.6,,,8,Passed,,6.3,5.8
SU2024,SU2024-class 11,22,1905AFAEAC,8.5,9.2,,,6.2,Not Passed,,5.7,4.2
SU2024,SU2024-class 11,23,1905AGBCCE,9,9,,,8.5,Passed,,7.5,6.6
SU2024,SU2024-class 11,24,1905AHBCIJ,7,6.7,,,7.2,Passed,,6.5,5.2
SU2024,SU2024-class 11,25,1905AHJEFB,9,10,,,8.6,Passed,,7.8,6.8
SU2024,SU2024-class 11,26,1905AGAIHH,8.5,8.4,,,6.9,Passed,,6.4,4.8
SU2024,SU2024-class 11,27,1905AEAAJF,9,7.6,,,8.3,Passed,,7.3,6.8
SU2024,SU2024-class 11,28,1905AGJJFF,0,0,,,0,Attendance Fail,,0,0
SU2024,SU2024-class 11,29,1905AHBDIJ,9,8.5,,,8.7,Passed,,8.5,7.6
SU2024,SU2024-class 11,30,1905AHBDDG,7,6.3,,,7,Passed,,6,4.8
SU2024,SU2024-class 11,31,1905AHDECB,7,10,,,8,Passed,,5.7,7.6
SU2024,SU2024-class 11,32,1905AGAHHG,9,5.5,,,5.2,Not Passed,,4.2,3
SU2024,SU2024-class 11,33,1905AGBFCB,0,0,,,0,Attendance Fail,,0,0
SU2024,SU2024-class 11,34,1905AGBHFF,8.5,8.6,,,4.7,Not Passed,,2.5,0
SU2024,SU2024-class 12,1,1905AHBFCD,8.5,9.1,,,7.7,Passed,,6.6,5.6
SU2024,SU2024-class 12,2,1905AGBEFG,7,9.2,,,7.1,Passed,,5.5,8.4
SU2024,SU2024-class 12,3,1905AHBEBF,7.9,8.9,,,7.8,Passed,,8.1,6.4
SU2024,SU2024-class 12,4,1905AGBDHG,1,8.7,,,6.6,Passed,,6.7,8.6
SU2024,SU2024-class 12,5,1905AHJJCH,8.1,9.2,,,7.4,Passed,,7.7,6.6
SU2024,SU2024-class 12,6,1905AHBFDF,8.5,9.1,,,7.2,Passed,,8.5,4.2
SU2024,SU2024-class 12,7,1905AHBFHA,8.6,8.6,,,7.5,Passed,,7.9,4.6
SU2024,SU2024-class 12,8,1905AHBFDD,7.9,8.9,,,7.4,Passed,,8.9,5.4
SU2024,SU2024-class 12,9,1905AHBGCA,1,8.7,,,6.2,Passed,,6.3,6.4
SU2024,SU2024-class 12,10,1905AHBFBI,8.5,9.1,,,8.2,Passed,,8.4,7.6
SU2024,SU2024-class 12,11,1905AHBGDD,8.6,8.6,,,7.6,Passed,,7.6,5.2
SU2024,SU2024-class 12,12,1905AHBFDG,7.9,8.9,,,7.2,Passed,,8.3,4.4
SU2024,SU2024-class 12,13,1905AHBEID,7.7,9.4,,,7.5,Passed,,6.9,5.4
SU2024,SU2024-class 12,14,1905AGJDEA,7,9.2,,,6.7,Not Passed,,8,8.6
SU2024,SU2024-class 12,15,1905AHCADI,0,0,,,0,Attendance Fail,,0,0
SU2024,SU2024-class 12,16,1905AGCBIF,8.1,9.2,,,7.8,Passed,,7.6,9
SU2024,SU2024-class 12,17,1905AHCGAC,7,9.2,,,6.7,Passed,,5.7,4.2
SU2024,SU2024-class 12,18,1905AEJIDG,1,8.7,,,6.2,Passed,,6,6.8
SU2024,SU2024-class 12,19,1905AGJDDC,4.8,1.6,,,2.1,Attendance Fail,,3.3,0
SU2024,SU2024-class 12,20,1905AHCJHH,8.1,9.2,,,7.8,Passed,,8.8,8.2
SU2024,SU2024-class 12,21,1905AGAGJD,0,0,,,0,Attendance Fail,,0,0
SU2024,SU2024-class 12,22,1905AGAEIG,7,1.6,,,2,Attendance Fail,,1,0
SU2024,SU2024-class 12,23,1905AHBGEJ,8.6,8.6,,,7.7,Passed,,7.8,5.8
SU2024,SU2024-class 12,24,1905AFJBCJ,1,8.7,,,4.9,Attendance Fail,,6.1,0
SU2024,SU2024-class 12,25,1905AHBGEC,7,8.3,,,3.1,Not Passed,,2.9,0
SU2024,SU2024-class 12,26,1905AHBFBG,8.5,9.1,,,8.2,Passed,,8.1,7.6
SU2024,SU2024-class 12,27,1905AHCJHC,8.1,9.2,,,7.5,Passed,,8,7
SU2024,SU2024-class 12,28,1905AHBEGI,7.7,9.4,,,7.5,Passed,,6.5,5.6
SU2024,SU2024-class 12,29,1905AHCABJ,7,8.3,,,2.8,Attendance Fail,,2.7,0
SU2024,SU2024-class 12,30,1905AHBEHC,7.7,9.4,,,6.7,Not Passed,,6.5,3.4
SU2024,SU2024-class 12,31,1905AHBIDE,8.6,8.6,,,7.7,Passed,,7.7,5.8
SU2024,SU2024-class 12,32,1905AHDGGA,7,9.2,,,7.8,Passed,,7.6,8.8
SU2024,SU2024-class 12,33,1905AHBEIG,7.7,9.4,,,7.2,Passed,,6.8,4.2
SU2024,SU2024-class 13,1,1905AHBHID,8.5,9.8,,,6.5,Passed,,5.4,7.4
SU2024,SU2024-class 13,2,1905AGADAE,9,1.3,,,7,Passed,,7.3,4.4
SU2024,SU2024-class 13,3,1905AHBIEE,9,7.5,,,7.9,Passed,,7.2,6.6
SU2024,SU2024-class 13,4,1905AHBGEI,9,9.5,,,8.9,Passed,,8.8,8
SU2024,SU2024-class 13,5,1905AHBGHI,8.5,0.5,,,5.8,Passed,,7.7,6
SU2024,SU2024-class 13,6,1905AGAEDI,0,0,,,0,Attendance Fail,,0,0
SU2024,SU2024-class 13,7,1905AHBGFE,9,6.9,,,8.2,Passed,,8.7,5.8
SU2024,SU2024-class 13,8,1905AHBIEH,7.5,8.3,,,8.1,Passed,,8.2,4.8
SU2024,SU2024-class 13,9,1905AHBHFD,9,9.3,,,7.5,Passed,,6.4,4.4
SU2024,SU2024-class 13,10,1905AHBHBJ,7,10,,,7.7,Passed,,5.4,7.4
SU2024,SU2024-class 13,11,1905AHBHJA,8.5,1.9,,,5.6,Passed,,6.5,4.4
SU2024,SU2024-class 13,12,1905AGBJID,8.5,0,,,1.1,Attendance Fail,,2.8,0
SU2024,SU2024-class 13,13,1905AHBFHD,7,10,,,7.5,Passed,,5.9,6.8
SU2024,SU2024-class 13,14,1905AHJCJJ,7,8.2,,,7.5,Passed,,7.7,7
SU2024,SU2024-class 13,15,1905AHBGJH,8.5,0.8,,,6.3,Passed,,7,8.8
SU2024,SU2024-class 13,16,1905AHBICE,8.5,8.6,,,6.1,Passed,,6.2,5.4
SU2024,SU2024-class 13,17,1905AHBICI,8.5,10,,,6.2,Passed,,6.5,5.2
SU2024,SU2024-class 13,18,1905AHDCDC,9,8,,,8.2,Passed,,7.4,6
SU2024,SU2024-class 13,19,1905AHBHGA,9,8.8,,,8.5,Passed,,7.5,8.8
SU2024,SU2024-class 13,20,1905AHBIJH,9,10,,,8.1,Passed,,7.7,5.4
SU2024,SU2024-class 13,21,1905AHBGGD,9,7.9,,,8.6,Passed,,7.9,7.8
SU2024,SU2024-class 13,22,1905AHBHIE,9,10,,,8.4,Passed,,8,6.4
SU2024,SU2024-class 13,23,1905AHBGBG,7,8.7,,,7.7,Passed,,6.3,8
SU2024,SU2024-class 13,24,1905AHDCEG,7,7.4,,,7.5,Passed,,7.8,7
SU2024,SU2024-class 13,25,1905AGBBFB,0,0,,,0,Attendance Fail,,0,0
SU2024,SU2024-class 13,26,1905AHBHIB,7.5,7.8,,,8.3,Passed,,8.4,6.2
SU2024,SU2024-class 13,27,1905AHBIAF,7.5,7.8,,,8.4,Passed,,8.9,6.4
SU2024,SU2024-class 13,28,1905AHBIJC,9,8.4,,,8.2,Passed,,8,6.4
SU2024,SU2024-class 13,29,1905AHBICC,9,10,,,8.3,Passed,,7.5,7.2
SU2024,SU2024-class 13,30,1905AHCGEE,7,8.4,,,8.3,Passed,,8.7,8.6
SU2024,SU2024-class 13,31,1905AHBHFI,7.5,8.1,,,8.6,Passed,,8.5,7.4
SU2024,SU2024-class 13,32,1905AGJAJF,0,0,,,0,Attendance Fail,,0,0
SU2024,SU2024-class 13,33,1905AHDCEI,7,7.9,,,7.5,Passed,,8,7
SU2024,SU2024-class 13,34,1905AHBHAC,7,9,,,6.9,Passed,,5.4,4.6
SU2024,SU2024-class 13,35,1905AHBGHJ,8.5,1.1,,,6,Passed,,7,7
SU2024,SU2024-class 14,1,1905AHDDAF,0,0,,,0,Attendance Fail,,0,0
SU2024,SU2024-class 14,2,1905AHBHBA,7.5,8.9,,,7.3,Passed,,9.1,6.8
SU2024,SU2024-class 14,3,1905AHAEAI,7.4,9.2,,,6,Passed,,9.4,4
SU2024,SU2024-class 14,4,1905AHBIGH,8.2,8.8,,,7.4,Passed,,6.9,6
SU2024,SU2024-class 14,5,1905AGCDJB,6.9,8.7,,,8,Passed,,4.2,8.8
SU2024,SU2024-class 14,6,1905AHBIHG,8.1,9,,,7,Passed,,8.1,5
SU2024,SU2024-class 14,7,1905AHBIHD,6.6,9,,,6.6,Passed,,7.2,6
SU2024,SU2024-class 14,8,1905AHCJEI,6.6,9,,,6.4,Passed,,7.4,4.6
SU2024,SU2024-class 14,9,1905AHCJDC,8.1,9,,,6.7,Passed,,7.1,5.4
SU2024,SU2024-class 14,10,1905AGCCIJ,6.9,8.7,,,7.5,Passed,,5,5.8
SU2024,SU2024-class 14,11,1905AHBCEC,7.5,8.9,,,6.7,Passed,,7.9,4.4
SU2024,SU2024-class 14,12,1905AHCJCG,8.1,9,,,7.6,Passed,,7.8,8
SU2024,SU2024-class 14,13,1905AHCJAJ,7.4,9.2,,,6.6,Passed,,7.6,6.8
SU2024,SU2024-class 14,14,1905AHCJID,7.1,9.3,,,5.8,Passed,,7.3,4.4
SU2024,SU2024-class 14,15,1905AHCJFI,7.9,9.4,,,6.9,Passed,,7.4,7
SU2024,SU2024-class 14,16,1905AHBIIE,8.2,8.8,,,7.9,Passed,,8.5,7.6
SU2024,SU2024-class 14,17,1905AHCAAA,7.1,9.3,,,5.9,Passed,,8,4.8
SU2024,SU2024-class 14,18,1905AHBCEJ,7.5,8.9,,,7.2,Passed,,8.6,6.4
SU2024,SU2024-class 14,19,1905AHCAAE,7.1,9.3,,,6.2,Passed,,7.9,5.4
SU2024,SU2024-class 14,20,1905AHCJHJ,7.9,9.4,,,6.6,Passed,,5.7,6.2
SU2024,SU2024-class 14,21,1905AHCJAH,6.6,9,,,6,Not Passed,,7.7,5
SU2024,SU2024-class 14,22,1905AHCJDG,6.6,9,,,6.7,Passed,,8,6
SU2024,SU2024-class 14,23,1905AHCJDH,7.4,9.2,,,6.1,Passed,,8.6,4
SU2024,SU2024-class 14,24,1905AHCJGG,7.9,9.4,,,6.4,Passed,,7.7,4.2
SU2024,SU2024-class 14,25,1905AGAFAI,6.9,8.7,,,8.1,Passed,,4.5,8.8
SU2024,SU2024-class 14,26,1905AHBIIH,8.1,9,,,6.8,Passed,,7.8,5.8
SU2024,SU2024-class 14,27,1905AGCCJH,7.5,8.9,,,7.2,Passed,,8.7,6.6
SU2024,SU2024-class 14,28,1905AHBIFI,8.2,8.8,,,7.3,Passed,,8.2,4.8
SU2024,SU2024-class 14,29,1905AHCJCA,8.2,8.8,,,7.6,Passed,,7.5,6.6
SU2024,SU2024-class 14,30,1905AHDDAJ,7.4,9.2,,,6.9,Passed,,9.3,7
SU2024,SU2024-class 14,31,1905AGBIGI,6.9,8.7,,,8,Passed,,4.5,8.6
SU2024,SU2024-class 14,32,1905AHCDJA,7.9,9.4,,,6.7,Passed,,8.1,5.6
SU2024,SU2024-class 15,1,1905AHCHFA,0,0,,,0,Attendance Fail,,0,0
SU2024,SU2024-class 15,2,1905AGAEFD,9,7,,,7.3,Passed,,8,6.4
SU2024,SU2024-class 15,3,1905AHCBEH,6.7,9,,,6.9,Passed,,8,4.6
SU2024,SU2024-class 15,4,1905AGJEJH,6.7,6,,,6.8,Passed,,7.3,6.8
SU2024,SU2024-class 15,5,1905AHCAGB,9,8,,,7.7,Passed,,7.5,6.6
SU2024,SU2024-class 15,6,1905AHCACD,9,8,,,7.9,Passed,,8.3,7.6
SU2024,SU2024-class 15,7,1905AHCBDH,6.7,7,,,6.7,Passed,,7,6.2
SU2024,SU2024-class 15,8,1905AHJBHC,6.7,8,,,7,Passed,,8,5.6
SU2024,SU2024-class 15,9,1905AHCCIB,9,9,,,8.1,Passed,,8.5,6.8
SU2024,SU2024-class 15,10,1905AHBCBC,1.3,7,,,4.3,Not Passed,,4.5,6.4
SU2024,SU2024-class 15,11,1905AHCBAG,6.7,9,,,6.9,Passed,,7,6
SU2024,SU2024-class 15,12,1905AHCBFA,6.7,8,,,6.9,Passed,,8,6.2
SU2024,SU2024-class 15,13,1905AHCBAD,9,7,,,7.6,Passed,,8,7
SU2024,SU2024-class 15,14,1905AHCCJH,6.7,9,,,7.2,Passed,,7,8.2
SU2024,SU2024-class 15,15,1905AHCAID,6,7,,,6.3,Passed,,6.5,6.8
SU2024,SU2024-class 15,16,1905AHCBFD,6,7,,,6.3,Passed,,7.8,6.6
SU2024,SU2024-class 15,17,1905AHCBHB,9,9,,,7.5,Passed,,8.3,6.4
SU2024,SU2024-class 15,18,0405AHJFIH,9,7,,,7.2,Passed,,8,6.6
SU2024,SU2024-class 15,19,1905AHCCEH,9,8,,,8.1,Passed,,8.5,7.8
SU2024,SU2024-class 15,20,1905AHCCIG,6.7,9,,,7.2,Passed,,7.8,8
SU2024,SU2024-class 15,21,1905AHCHJA,0,6,,,0.6,Not Passed,,0,0
SU2024,SU2024-class 15,22,1905AHCAAI,6.7,7,,,6.6,Passed,,7.8,5
SU2024,SU2024-class 15,23,1905AHCBBG,6.7,9,,,6.9,Passed,,7,6
SU2024,SU2024-class 15,24,1905AHCBIE,6.7,7,,,6.9,Passed,,7.8,7
SU2024,SU2024-class 15,25,1905AHCCBC,6.7,8,,,7,Passed,,8,6.2
SU2024,SU2024-class 15,26,1905AHCDDD,6,9,,,6.5,Passed,,7,6.6
SU2024,SU2024-class 15,27,1905AHCDHE,9,8,,,8.2,Passed,,8.5,7.6
SU2024,SU2024-class 15,28,1905AHCDFD,6,9,,,6.5,Passed,,6.5,6.8
SU2024,SU2024-class 15,29,1905AHCBHC,9,6,,,7.1,Passed,,8.5,5.4
SU2024,SU2024-class 15,30,1905AHCDBH,6,8,,,6.1,Passed,,6.5,6.2
SU2024,SU2024-class 15,31,1905AHJACF,6.7,8,,,6.8,Passed,,7.5,6
SU2024,SU2024-class 15,32,1905AHCBFI,6,7,,,6.1,Passed,,7,5.6
SU2024,SU2024-class 15,33,1905AHCBFB,6,7,,,6.7,Passed,,8,8.4
SU2024,SU2024-class 15,34,1905AHCDJJ,9,9,,,8.2,Passed,,8.5,6.8
SU2024,SU2024-class 15,35,1905AHCBEB,6.7,7,,,6.7,Passed,,7.5,5.6
SU2024,SU2024-class 16,1,1905AHCEJD,7,10,,,8.4,Passed,,9.5,6.8
SU2024,SU2024-class 16,2,1905AHCDEJ,8,10,,,8.9,Passed,,8.3,7.6
SU2024,SU2024-class 16,3,1905AHDFJE,9,10,,,8.5,Passed,,8.5,6.2
SU2024,SU2024-class 16,4,1905AHDJEC,8,10,,,8.7,Passed,,9,7.4
SU2024,SU2024-class 16,5,1905AHCEBA,7,10,,,6.4,Passed,,8.3,5.8
SU2024,SU2024-class 16,6,1905AHCDAG,8,10,,,8.6,Passed,,8.5,6
SU2024,SU2024-class 16,7,1905AHCDIH,7,10,,,8.5,Passed,,9.8,7.6
SU2024,SU2024-class 16,8,1905AHCCBD,6,10,,,6.9,Passed,,8.3,5.4
SU2024,SU2024-class 16,9,1905AHCECE,7,10,,,6,Passed,,7.3,4
SU2024,SU2024-class 16,10,1905AHCDIE,7,10,,,8.3,Passed,,9.5,6.6
SU2024,SU2024-class 16,11,1905AHCEAD,7,10,,,6.5,Passed,,8.3,6.2
SU2024,SU2024-class 16,12,1905AHCFJG,8,10,,,8.2,Passed,,8.3,5.6
SU2024,SU2024-class 16,13,1905AHCDGB,6,10,,,7.9,Passed,,7.5,4
SU2024,SU2024-class 16,14,1905AHCHDB,8,10,,,8.9,Passed,,7.8,9.4
SU2024,SU2024-class 16,15,1905AHDJFI,9,10,,,8.7,Passed,,9,6.8
SU2024,SU2024-class 16,16,1905AHCCCA,6,10,,,7,Passed,,7.8,5.8
SU2024,SU2024-class 16,17,1905AHCDFE,6,10,,,8.7,Passed,,8.5,7.6
SU2024,SU2024-class 16,18,1905AHCCCB,6,10,,,7.7,Passed,,8.8,8.8
SU2024,SU2024-class 16,19,1905AHCDHH,6,10,,,8.6,Passed,,8.8,7
SU2024,SU2024-class 16,20,1905AHCFJB,7,10,,,6.7,Passed,,9,7
SU2024,SU2024-class 16,21,1905AHCDGI,6,10,,,8.5,Passed,,8,6.8
SU2024,SU2024-class 16,22,1905AHDJFF,5,10,,,8.4,Passed,,9.5,7.2
SU2024,SU2024-class 16,23,1905AHCDID,7,10,,,8.8,Passed,,9.8,8.8
SU2024,SU2024-class 16,24,1905AHCCAD,6,10,,,7.2,Passed,,9.3,6
SU2024,SU2024-class 16,25,1905AHCDJB,8,10,,,8.6,Passed,,9.5,5.4
SU2024,SU2024-class 16,26,1905AHCDJD,8,10,,,8.6,Passed,,8.5,6
SU2024,SU2024-class 17,1,1905AGABDI,6,10,,,8.1,Passed,,7.8,7.4
SU2024,SU2024-class 17,2,1905AFACJJ,7,10,,,7,Passed,,7.8,4
SU2024,SU2024-class 17,3,1905AHCEED,7,6,,,7.7,Passed,,9.3,7
SU2024,SU2024-class 17,4,1905AHCGJD,7,10,,,7.6,Passed,,8.3,6
SU2024,SU2024-class 17,5,1905AHCEIC,8,4,,,7.3,Passed,,7.5,7.2
SU2024,SU2024-class 17,6,1905AHDEFE,6,10,,,7.4,Passed,,8.3,4.6
SU2024,SU2024-class 17,7,1905AHCFIH,7,10,,,7.9,Passed,,8.8,7.4
SU2024,SU2024-class 17,8,1905AHCFJI,7,10,,,8.9,Passed,,8,9
SU2024,SU2024-class 17,9,1905AHCGAD,6,10,,,7.4,Passed,,8.8,4.2
SU2024,SU2024-class 17,10,1905AHCFEE,7,10,,,8.8,Passed,,9,7.6
SU2024,SU2024-class 17,11,1905AHCECJ,0,5,,,3.5,Not Passed,,7.3,0
SU2024,SU2024-class 17,12,1905AHCEDJ,9,5,,,7.7,Passed,,8.5,7.2
SU2024,SU2024-class 17,13,1905AHCEEJ,7,6,,,7.6,Passed,,8.8,6.6
SU2024,SU2024-class 17,14,0405AHJIAH,7,10,,,7.8,Passed,,10,7
SU2024,SU2024-class 17,15,1905AHCEBB,7,10,,,7.6,Passed,,8,4.4
SU2024,SU2024-class 17,16,1905AHCEBC,7,10,,,8,Passed,,8.5,6
SU2024,SU2024-class 17,17,1905AGJACA,0,10,,,4.9,Attendance Fail,,9,0
SU2024,SU2024-class 17,18,1905AHCEIF,8,4,,,7.3,Passed,,7,7.2
SU2024,SU2024-class 17,19,1905AGABGE,6,10,,,7.7,Passed,,7.8,5.6
SU2024,SU2024-class 17,20,1905AHDDCD,6,10,,,7.8,Passed,,8.5,6.6
SU2024,SU2024-class 17,21,1905AHCEFE,7,6,,,7.6,Passed,,8.3,7
SU2024,SU2024-class 17,22,1905AEADFI,7,10,,,7.6,Passed,,7.8,7.2
SU2024,SU2024-class 17,23,1905AHCEIA,8,4,,,7.2,Passed,,7.5,6.4
SU2024,SU2024-class 17,24,1905AHCEBD,9,5,,,7.4,Passed,,8.5,5.6
SU2024,SU2024-class 17,25,1905AHCEGB,8,4,,,7.3,Passed,,7.3,7
SU2024,SU2024-class 17,26,1905AHCCGI,0,0,,,0,Attendance Fail,,0,0
SU2024,SU2024-class 17,27,1905AGBCBJ,7,10,,,8,Passed,,7,7
SU2024,SU2024-class 17,28,1905AHCFBE,7,10,,,8.2,Passed,,8.8,5
SU2024,SU2024-class 17,29,1905AHCECD,9,5,,,7.7,Passed,,8.5,7.4
SU2024,SU2024-class 17,30,1905AHCGJC,7,10,,,8,Passed,,9,7.4
SU2024,SU2024-class 17,31,1905AHCFCH,7,10,,,8.5,Passed,,8.8,6.2
SU2024,SU2024-class 17,32,0405AHJCBG,7,10,,,7.2,Passed,,8,4.8
SU2024,SU2024-class 17,33,1905AHCEFF,7,6,,,7.3,Passed,,9,4.8
SU2024,SU2024-class 17,34,1905AHCGJG,7,10,,,7.7,Passed,,8.5,6.4
SU2024,SU2024-class 17,35,1905AFAIEI,0,10,,,2.5,Attendance Fail,,0,0
SU2024,SU2024-class 18,1,1905AHCGBI,8,10,,,8.3,Passed,,7,7
SU2024,SU2024-class 18,2,1905AHCGFB,8,10,,,8.2,Passed,,7.3,7
SU2024,SU2024-class 18,3,1905AHCGBG,8,10,,,8.7,Passed,,8.3,8.4
SU2024,SU2024-class 18,4,1905AHCFGC,6,10,,,6.5,Passed,,9.5,5.8
SU2024,SU2024-class 18,5,1905AHJECE,0,0,,,0,Attendance Fail,,0,0
SU2024,SU2024-class 18,6,1905AHJEDD,7,10,,,8.5,Passed,,9.5,6.6
SU2024,SU2024-class 18,7,1905AHAGCJ,8,10,,,9,Passed,,9.8,7.6
SU2024,SU2024-class 18,8,1905AHCFHD,8,10,,,7.8,Not Passed,,8,3.6
SU2024,SU2024-class 18,9,1905AHCGDB,0,10,,,4.8,Attendance Fail,,7.8,0
SU2024,SU2024-class 18,10,1905AHJEJJ,6,10,,,7.8,Passed,,8.5,4.6
SU2024,SU2024-class 18,11,1905AHJCIE,9,10,,,8.6,Passed,,8,6.4
SU2024,SU2024-class 18,12,1905AHDFBH,8,10,,,8.4,Passed,,9.3,6.2
SU2024,SU2024-class 18,13,1905AHCGCE,7,10,,,8.1,Passed,,9,5.6
SU2024,SU2024-class 18,14,1905AHBFFE,6,10,,,6,Passed,,7.8,4.4
SU2024,SU2024-class 18,15,1919AGJHFH,8,5,,,6.3,Passed,,7.8,6
SU2024,SU2024-class 18,16,1919AHABCB,8,5,,,6.3,Passed,,8,6.6
SU2024,SU2024-class 18,17,1905AHEJAH,8,5,,,6.2,Passed,,9.3,5
SU2024,SU2024-class 18,18,1905AHBHCD,6,10,,,6.5,Passed,,9,6.4
SU2024,SU2024-class 18,19,0405AHJGJD,9,10,,,8.8,Passed,,8.8,7
SU2024,SU2024-class 18,20,1905AHJDHF,9,10,,,8.7,Passed,,9.5,6.4
SU2024,SU2024-class 18,21,1905AHDDCH,8,10,,,8.2,Passed,,9,6.2
SU2024,SU2024-class 18,22,1905AHJEAD,0,0,,,0,Attendance Fail,,0,0
SU2024,SU2024-class 18,23,1905AGBACC,9,10,,,8.3,Passed,,8.8,4.4
SU2024,SU2024-class 18,24,1905AHJEDC,7,10,,,8,Passed,,9,4.8
SU2024,SU2024-class 18,25,1905AHCGJE,8,10,,,8.4,Passed,,7.8,6.8
SU2024,SU2024-class 18,26,1905AHJEHA,8,10,,,8.9,Passed,,9.8,7
SU2024,SU2024-class 18,27,1905AHJDIG,6,10,,,8,Passed,,9,5.4
SU2024,SU2024-class 18,28,1905AHJFAI,8,10,,,8.2,Passed,,8,4.2
SU2024,SU2024-class 18,29,1905AHCGDI,7,10,,,8,Passed,,9,5.4
SU2024,SU2024-class 18,30,1905AHJECA,6,10,,,7.8,Passed,,9.5,4.4
SU2024,SU2024-class 18,31,1905AHJEFD,8,10,,,9,Passed,,9.5,7.4
SU2024,SU2024-class 18,32,1905AHCFGB,6,10,,,6,Passed,,7.8,4.2
SU2024,SU2024-class 18,33,1905AHCGFH,8,10,,,8.2,Passed,,7.8,5.6
SU2024,SU2024-class 18,34,1905AHJEDJ,7,10,,,7.9,Passed,,8,4.8
SU2024,SU2024-class 18,35,1905AHCGFA,7,10,,,7.8,Passed,,6.5,5.6
SU2024,SU2024-class 19,1,1905AHCIEB,9,9.4,,,7.1,Passed,,6.8,4.8
SU2024,SU2024-class 19,2,1905AHCIFC,9,10,,,7,Passed,,6.9,4
SU2024,SU2024-class 19,3,1905AHDJHJ,9,8.4,,,8.2,Passed,,6.8,7.8
SU2024,SU2024-class 19,4,1905AHDDBE,7,5,,,2.9,Attendance Fail,,4.9,0
SU2024,SU2024-class 19,5,1905AHAGAJ,7,5.9,,,5,Passed,,5.3,5.2
SU2024,SU2024-class 19,6,1905AHCICE,8.5,7.9,,,7.3,Passed,,6.5,4.4
SU2024,SU2024-class 19,7,1905AHAHCB,9,10,,,8,Passed,,7.8,7
SU2024,SU2024-class 19,8,1905AHCJDD,9,8,,,7.8,Passed,,7.5,5.8
SU2024,SU2024-class 19,9,1905AHAGDI,7,5.1,,,1.2,Attendance Fail,,0,0
SU2024,SU2024-class 19,10,1905AHDJGH,9,10,,,8.6,Passed,,8,8.2
SU2024,SU2024-class 19,11,1905AHAHAC,9,7.7,,,7.6,Passed,,7.3,6.2
SU2024,SU2024-class 19,12,1905AHAGFD,8.5,6.1,,,7.2,Passed,,7,6
SU2024,SU2024-class 19,13,1905AHDACA,7,6.6,,,6.2,Not Passed,,7.2,7.4
SU2024,SU2024-class 19,14,1905AHCIEA,9,6,,,6.6,Passed,,7,4.2
SU2024,SU2024-class 19,15,1905AHDJGG,7,7.3,,,6.8,Passed,,7.4,5.6
SU2024,SU2024-class 19,16,1905AGCBAI,8.5,8.3,,,7.5,Passed,,7,4.6
SU2024,SU2024-class 19,17,1905AHDJEF,9,8.6,,,8.2,Passed,,8.5,7.4
SU2024,SU2024-class 19,18,1905AHCHAJ,9,6.1,,,7.7,Passed,,6.7,7.2
SU2024,SU2024-class 19,19,1905AHDAJH,9,9,,,7.7,Passed,,6.7,5.2
SU2024,SU2024-class 19,20,1905AHDADJ,8.5,7.5,,,8.3,Passed,,8,8.2
SU2024,SU2024-class 19,21,1905AHCAEC,7,7.2,,,7,Passed,,7.2,7
SU2024,SU2024-class 19,22,1905AHAGGB,9,10,,,7.7,Passed,,7.2,4.8
SU2024,SU2024-class 19,23,1905AHDJBD,9,9.9,,,8.1,Passed,,7.9,6.2
SU2024,SU2024-class 19,24,1905AHAGFE,8.5,7.4,,,7.6,Passed,,6.9,7
SU2024,SU2024-class 19,25,1905AHDAFH,7,7.8,,,7,Passed,,7.3,6.6
SU2024,SU2024-class 19,26,1905AHAHDJ,9,10,,,8.5,Passed,,7.5,8.8
SU2024,SU2024-class 19,27,1905AHCIFG,7,5.6,,,1.3,Attendance Fail,,0,0
SU2024,SU2024-class 19,28,1905AHDJII,9,9.7,,,8.4,Passed,,7.5,7.6
SU2024,SU2024-class 19,29,1905AHDAAF,9,10,,,7.9,Passed,,7.7,5
SU2024,SU2024-class 19,30,1905AHAGFF,8.5,6.5,,,7.4,Passed,,7,6.6
SU2024,SU2024-class 19,31,1905AHAGGD,9,7.8,,,7,Not Passed,,7.4,7.8
SU2024,SU2024-class 19,32,1905AHCIBC,9,6.5,,,7.3,Passed,,7.2,7.2
SU2024,SU2024-class 19,33,1905AHDJGF,9,5.7,,,7.1,Passed,,7.2,4.2
SU2024,SU2024-class 19,34,1905AGBBCG,8.5,6.9,,,5.8,Not Passed,,8.5,0
SU2024,SU2024-class 19,35,1905AHAGGC,9,10,,,8,Passed,,8,5.8
SU2024,SU2024-class 19,36,1905AHBHBI,8.5,6.6,,,7.1,Passed,,7.2,4.8
SU2024,SU2024-class 20,1,1905AHDBGF,9,9.3,,,7.9,Passed,,6.9,6.6
SU2024,SU2024-class 20,2,1905AHBGDC,9.5,8.9,,,8.4,Passed,,7.3,7
SU2024,SU2024-class 20,3,1905AHDBCA,8,7.1,,,6.6,Passed,,6,7.2
SU2024,SU2024-class 20,4,1905AHDCHJ,0,0,,,0,Attendance Fail,,0,0
SU2024,SU2024-class 20,5,1905AHCHGD,8,6.7,,,5.9,Passed,,5.2,4
SU2024,SU2024-class 20,6,1905AHDAIE,0,0,,,1.3,Attendance Fail,,2.5,0
SU2024,SU2024-class 20,7,1905AHBGAB,9.5,8.5,,,8.3,Passed,,7.5,7
SU2024,SU2024-class 20,8,1905AHDBAE,9,8.2,,,8.1,Passed,,7.5,5
SU2024,SU2024-class 20,9,1905AHDAIB,9,8.3,,,8.2,Passed,,7.5,5.8
SU2024,SU2024-class 20,10,1905AHDDDG,9,10,,,8.5,Passed,,7.8,7
SU2024,SU2024-class 20,11,1905AHBFAB,3,0.5,,,6.2,Passed,,7.9,6.4
SU2024,SU2024-class 20,12,1905AHDCAJ,7,9.1,,,8.3,Passed,,7.4,8
SU2024,SU2024-class 20,13,1905AHDAFJ,9,10,,,8.1,Passed,,7.5,5.4
SU2024,SU2024-class 20,14,1905AHDEDD,3,1.7,,,7.4,Passed,,8.1,7.4
SU2024,SU2024-class 20,15,1905AGBEDF,0,0,,,0,Attendance Fail,,0,0
SU2024,SU2024-class 20,16,1905AHBFHI,7,10,,,8.1,Passed,,7.7,6.8
SU2024,SU2024-class 20,17,1905AHDBIE,7,9.6,,,8.1,Passed,,6.4,7.2
SU2024,SU2024-class 20,18,1905AHDCGF,9,8.8,,,8.2,Passed,,7.4,7.8
SU2024,SU2024-class 20,19,1905AHDBGA,9,7.7,,,7.3,Passed,,7.3,4
SU2024,SU2024-class 20,20,1905AHDBBF,9,9.5,,,8.2,Passed,,7.5,6
SU2024,SU2024-class 20,21,1919AHADGH,8,7.3,,,6.3,Passed,,5.8,5.8
SU2024,SU2024-class 20,22,1905AHDBBE,8,7.8,,,7.6,Passed,,6.4,6.8
SU2024,SU2024-class 20,23,1905AHDAHE,8,8.4,,,8.1,Passed,,6.8,9
SU2024,SU2024-class 20,24,1905AHDCAI,3,0,,,5.6,Not Passed,,6.5,5.2
SU2024,SU2024-class 20,25,1905AHBFBE,9.5,10,,,8.6,Passed,,8.3,7
SU2024,SU2024-class 20,26,1905AHDJBA,3,1.4,,,7.1,Passed,,8.2,6.4
SU2024,SU2024-class 20,27,1905AHBGJI,9.5,9.1,,,8.6,Passed,,7.7,8
SU2024,SU2024-class 20,28,1905AHDAIJ,9,3.7,,,7.6,Passed,,7.5,5.2
SU2024,SU2024-class 20,29,1905AHDBCJ,9,7.6,,,8,Passed,,8.5,4.4
SU2024,SU2024-class 20,30,1905AHDCBB,7,9.5,,,7.8,Passed,,6,6.2
SU2024,SU2024-class 20,31,1905AHDAFA,9,8.8,,,8,Passed,,8.3,4.8
SU2024,SU2024-class 20,32,1905AGBFGH,0,0,,,0,Attendance Fail,,0,0
SU2024,SU2024-class 21,1,1905AHDEFI,7.9,9.3,,,6.6,Passed,,8.9,5
SU2024,SU2024-class 21,2,1705AHJAIF,8.3,9,,,6.8,Passed,,7.5,4.4
SU2024,SU2024-class 21,3,1905AHJAIG,6.7,8.6,,,7.5,Passed,,7.4,6.4
SU2024,SU2024-class 21,4,1905AHJFCE,8.2,9.4,,,7,Passed,,8.2,7
SU2024,SU2024-class 21,5,1905AHDFAB,7.8,8.9,,,6.9,Passed,,7.2,5.4
SU2024,SU2024-class 21,6,1905AHDEFJ,8.2,9.4,,,7.3,Passed,,7.4,5.4
SU2024,SU2024-class 21,7,1705AHJJEF,8.3,9,,,7.9,Passed,,8.4,7.6
SU2024,SU2024-class 21,8,1905AHJFJI,6.9,8.7,,,7.5,Passed,,8.5,6
SU2024,SU2024-class 21,9,1905AHJFCH,6.9,8.7,,,8.1,Passed,,9.4,8
SU2024,SU2024-class 21,10,1905AHJFIF,7.4,9.2,,,7.5,Not Passed,,9.4,3.6
SU2024,SU2024-class 21,11,1905AHJGAG,7,8.6,,,7.1,Passed,,8.5,5.8
SU2024,SU2024-class 21,12,1905AHDGCA,7.4,9.2,,,8.1,Passed,,9.2,6.8
SU2024,SU2024-class 21,13,1905AHJAID,6.7,8.6,,,6.9,Passed,,8.9,5
SU2024,SU2024-class 21,14,1905AHJEIA,8.3,9,,,7.1,Passed,,8.2,5.4
SU2024,SU2024-class 21,15,1905AHDFED,7.9,9.3,,,6.8,Passed,,8.5,6.2
SU2024,SU2024-class 21,16,1905AHJGJE,6.9,8.7,,,7.6,Passed,,9.1,6
SU2024,SU2024-class 21,17,1905AHJJDF,7,8.6,,,7.3,Passed,,8.2,6
SU2024,SU2024-class 21,18,1905AHJFBI,8.2,9.4,,,7.5,Passed,,6.6,8.4
SU2024,SU2024-class 21,19,1905AHJFCA,8.2,9.4,,,7.7,Passed,,9,6.2
SU2024,SU2024-class 21,20,1905AHJFJC,7.8,8.9,,,6.7,Passed,,7.3,4.4
SU2024,SU2024-class 21,21,1905AHDEEG,7.4,8.8,,,7.3,Passed,,9,6.2
SU2024,SU2024-class 21,22,1905AHDFEH,7.8,8.9,,,7,Passed,,6.8,6.6
SU2024,SU2024-class 21,23,1905AHDEAC,7.8,8.9,,,6.6,Passed,,7.5,4.2
SU2024,SU2024-class 21,24,1905AHBADG,7.9,9.3,,,7.1,Passed,,8.9,7.6
SU2024,SU2024-class 21,25,1905AHDECA,7.9,9.3,,,6.3,Passed,,7.4,4.6
SU2024,SU2024-class 21,26,1905AGCDBE,7,8.6,,,6.6,Passed,,6.8,4.2
SU2024,SU2024-class 21,27,1905AHDFEI,7.4,9.2,,,8.2,Passed,,9.4,7.2
SU2024,SU2024-class 21,28,1905AHDBAD,6.7,8.6,,,7.3,Passed,,8.5,5
SU2024,SU2024-class 21,29,1905AHEJDD,7.4,8.8,,,7.2,Passed,,8.8,5.4
SU2024,SU2024-class 21,30,1905AHDFHG,7.4,8.8,,,7.1,Passed,,7.8,5.8
SU2024,SU2024-class 21,31,1705AHJAGB,8.3,9,,,7.6,Passed,,8.8,6
SU2024,SU2024-class 21,32,1905AHJFJJ,6.9,8.7,,,7.8,Passed,,9.1,5.2
SU2024,SU2024-class 21,33,1905AHJAII,6.7,8.6,,,7.1,Passed,,8,6.4
SU2024,SU2024-class 21,34,1905AHDCGJ,7.4,8.8,,,7.4,Passed,,8.7,6.8
SU2024,SU2024-class 22,1,1905AHBDJA,7,8.6,,,7.3,Passed,,5.5,5.4
SU2024,SU2024-class 22,2,1905AHAHGD,8,7.4,,,7.3,Passed,,6.3,6
SU2024,SU2024-class 22,3,1905AHJABG,8,10,,,7.9,Passed,,4.4,8.8
SU2024,SU2024-class 22,4,1905AHDGJA,8,9.4,,,6.5,Passed,,5.8,4.4
SU2024,SU2024-class 22,5,1905AHCFJD,7,9.3,,,8,Passed,,6,8.4
SU2024,SU2024-class 22,6,1905AHDHJB,7,4.9,,,7.2,Passed,,6.9,7
SU2024,SU2024-class 22,7,1905AHDFHD,7.5,9.9,,,7.8,Passed,,6.9,7.6
SU2024,SU2024-class 22,8,1905AHDFFE,7,9.8,,,7.8,Passed,,6.3,8
SU2024,SU2024-class 22,9,1905AHCIFD,7,7.8,,,3,Attendance Fail,,3.5,0
SU2024,SU2024-class 22,10,1905AHDGIJ,7,10,,,7.2,Passed,,5.5,5.4
SU2024,SU2024-class 22,11,1905AGJEAE,8,8.3,,,7.8,Passed,,8.2,7.4
SU2024,SU2024-class 22,12,1905AHCDBF,7,8.3,,,3,Attendance Fail,,3,0
SU2024,SU2024-class 22,13,1905AHBFDI,8,6.3,,,1.6,Attendance Fail,,2,0
SU2024,SU2024-class 22,14,1905AHBCHF,8,9.8,,,7.2,Passed,,4.9,5.4
SU2024,SU2024-class 22,15,1905AHDHDI,7,7.4,,,7.5,Passed,,8.2,6.8
SU2024,SU2024-class 22,16,1905AHDGCJ,7,10,,,7.1,Passed,,6,5
SU2024,SU2024-class 22,17,1905AGAEID,8,9.1,,,7.8,Passed,,4,9.2
SU2024,SU2024-class 22,18,1905AHDGAC,7,10,,,7.7,Passed,,6.3,7.6
SU2024,SU2024-class 22,19,1905AHDFGB,7.5,8.1,,,6.6,Passed,,7.3,4.4
SU2024,SU2024-class 22,20,1905AHDHCA,9,9.8,,,7.7,Passed,,5.9,6.6
SU2024,SU2024-class 22,21,1905AGBDDA,8,7.1,,,6.3,Passed,,7.3,5.4
SU2024,SU2024-class 22,22,1919AGJAEB,8.5,7.4,,,7.6,Passed,,6.9,5
SU2024,SU2024-class 22,23,1905AHDHAG,8,7.9,,,6,Passed,,2,4.4
SU2024,SU2024-class 22,24,1905AHDGDF,8.5,8.2,,,7.3,Passed,,7.7,4.8
SU2024,SU2024-class 22,25,1905AGAAFB,8.5,7.6,,,7.9,Passed,,7.7,6
SU2024,SU2024-class 22,26,1905AHDFGG,7.5,10,,,7.1,Passed,,7.7,5.6
SU2024,SU2024-class 22,27,1905AHCEDE,8,9,,,7.5,Passed,,5.7,6.8
SU2024,SU2024-class 22,28,1905AHDHBF,9,10,,,7.7,Passed,,6.3,7.2
SU2024,SU2024-class 22,29,1905AGJDHH,8,7.7,,,7.4,Passed,,7,6
SU2024,SU2024-class 22,30,1905AHDHCD,9,10,,,7.4,Passed,,6.3,5.2
SU2024,SU2024-class 22,31,1905AHDGJE,8,2,,,5.8,Passed,,5,5
SU2024,SU2024-class 22,32,1905AHDFGI,7.5,7.8,,,7.3,Passed,,7,6.4
SU2024,SU2024-class 22,33,1905AFBJGD,8.5,8,,,7.5,Passed,,4.8,7.4
SU2024,SU2024-class 22,34,1905AHDJBE,7,10,,,7.3,Passed,,5.7,4.6
SU2024,SU2024-class 22,35,1905AHDHFH,7,8.8,,,7.2,Passed,,6.9,5
SU2024,SU2024-class 23,1,1905AHDIFG,7,6,,,6.1,Passed,,7.5,5.6
SU2024,SU2024-class 23,2,1905AHEJAF,7,9,,,6.8,Passed,,7.3,6.8
SU2024,SU2024-class 23,3,1905AHDGBE,9,7,,,7.3,Passed,,8.3,5
SU2024,SU2024-class 23,4,1905AHDIEA,6.7,7,,,5.8,Passed,,6.8,4.6
SU2024,SU2024-class 23,5,1905AHDIJD,0,7,,,0.7,Not Passed,,0,0
SU2024,SU2024-class 23,6,1905AHDICH,6.7,7,,,6.6,Passed,,7,5.6
SU2024,SU2024-class 23,7,1905AHDDDC,6.7,8,,,6.3,Passed,,7,4.2
SU2024,SU2024-class 23,8,1905AGJJFJ,6.7,7,,,6,Passed,,7,4.6
SU2024,SU2024-class 23,9,1905AHEAJH,6.7,7,,,6.1,Passed,,7,5.8
SU2024,SU2024-class 23,10,1905AHEJJA,6.7,7,,,5.8,Passed,,7,4
SU2024,SU2024-class 23,11,1905AHDCFH,9,7,,,7,Passed,,8,5.8
SU2024,SU2024-class 23,12,1905AHDHEC,6.7,7,,,6.1,Passed,,7,5.6
SU2024,SU2024-class 23,13,1905AFAEBA,0,0,,,0,Attendance Fail,,0,0
SU2024,SU2024-class 23,14,1905AHEJFH,9,7,,,7.5,Passed,,8.5,6.8
SU2024,SU2024-class 23,15,1905AHDHIC,6.7,7,,,5.6,Not Passed,,7,2.6
SU2024,SU2024-class 23,16,1905AHDICE,6.7,7,,,6.5,Passed,,7.3,7.4
SU2024,SU2024-class 23,17,1905AGAAHD,9,9,,,7,Passed,,8,4.4
SU2024,SU2024-class 23,18,1905AHDIIC,6,9,,,6.6,Passed,,7.5,5.6
SU2024,SU2024-class 23,19,1905AHBCII,7,9,,,6.2,Passed,,6.5,6.8
SU2024,SU2024-class 23,20,1905AHDIEE,6.7,7,,,6.9,Passed,,6.5,7
SU2024,SU2024-class 23,21,1905AHDIJB,6.7,8,,,7.3,Passed,,7,8.8
SU2024,SU2024-class 23,22,1905AHDGBJ,9,9,,,7.5,Passed,,8.3,5.2
SU2024,SU2024-class 23,23,0805AGIJAE,6.7,9,,,6.8,Passed,,7.3,7.2
SU2024,SU2024-class 23,24,1905AHDIDA,7,9,,,7.2,Passed,,7.8,8.4
SU2024,SU2024-class 23,25,1905AGAGIC,7,6,,,6.8,Passed,,8,6.2
SU2024,SU2024-class 23,26,1905AHCGBB,6.7,9,,,6.7,Passed,,7.3,6.6
SU2024,SU2024-class 23,27,1905AHDHEG,0,9,,,0.9,Not Passed,,0,0
SU2024,SU2024-class 23,28,1905AGABHA,9,7,,,6.8,Passed,,7.8,6
SU2024,SU2024-class 23,29,1905AHDIIF,7,7,,,6,Passed,,6.3,6
SU2024,SU2024-class 23,30,1905AHDCFD,6.7,6,,,6.9,Passed,,7.5,7.6
SU2024,SU2024-class 23,31,1905AHCHBI,7,9,,,6.9,Passed,,7.5,7.6
SU2024,SU2024-class 23,32,1905AHCFGJ,6.7,6,,,6.3,Passed,,7.3,4.8
SU2024,SU2024-class 23,33,1905AHBEJE,6.7,9,,,6.3,Passed,,7.3,5.4
SU2024,SU2024-class 23,34,1905AGJCGF,7,9,,,6.9,Passed,,7.5,5.4
SU2024,SU2024-class 23,35,1905AHEAAI,9,9,,,7.2,Passed,,7.5,6.6
SU2024,SU2024-class 24,1,1905AHAEIJ,6.5,7,,,6.4,Passed,,7.5,5
SU2024,SU2024-class 24,2,1905AGJECG,0,7,,,1.2,Not Passed,,0,0
SU2024,SU2024-class 24,3,1905AHDDEC,8,8,,,7.6,Passed,,8,7.2
SU2024,SU2024-class 24,4,1905AHAFHC,7,7,,,6,Passed,,6.8,6.2
SU2024,SU2024-class 24,5,1905AGCEBG,6,8,,,6.5,Passed,,6.5,6.6
SU2024,SU2024-class 24,6,1905AHDFBB,8,9,,,7.5,Passed,,8.3,6.6
SU2024,SU2024-class 24,7,1905AHJEBD,6,8,,,5.8,Passed,,7,4.2
SU2024,SU2024-class 24,8,1905AGAECF,0,0,,,0,Attendance Fail,,0,0
SU2024,SU2024-class 24,9,1905AGCCDA,8,7,,,6.7,Passed,,7.8,5.2
SU2024,SU2024-class 24,10,1905AHDICA,8,9,,,7.5,Passed,,7.8,6.8
SU2024,SU2024-class 24,11,1905AGBGCD,6,7,,,6.7,Passed,,6.5,8
SU2024,SU2024-class 24,12,1905AHAFHI,9.3,7,,,7.1,Passed,,7.5,5.2
SU2024,SU2024-class 24,13,1905AHDDHD,8,8,,,7.7,Passed,,8.3,7.4
SU2024,SU2024-class 24,14,1905AGBEDD,0,5,,,1,Not Passed,,0,0
SU2024,SU2024-class 24,15,1905AGCAGD,7.5,7,,,6.8,Passed,,7.8,5.4
SU2024,SU2024-class 24,16,1905AHJDGD,8,9,,,7.3,Passed,,7.5,5.8
SU2024,SU2024-class 24,17,1905AGCCBJ,8,7,,,6.4,Passed,,7,4
SU2024,SU2024-class 24,18,1905AHDGDG,7,9,,,6.6,Passed,,7.8,5
SU2024,SU2024-class 24,19,1905AHBEJF,7,8,,,6.7,Passed,,7.5,6.2
SU2024,SU2024-class 24,20,1905AGJECA,9.3,7,,,7.7,Passed,,8,8
SU2024,SU2024-class 24,21,1905AHAGFG,9.3,7,,,7.7,Passed,,7.5,7.8
SU2024,SU2024-class 24,22,1705AHJJFH,8,7,,,8,Passed,,8.5,7.4
SU2024,SU2024-class 24,23,1905AFJDBG,3.3,5,,,6,Passed,,7.8,4.8
SU2024,SU2024-class 24,24,1905AHDGHH,7,7,,,6.8,Passed,,7,6.2
SU2024,SU2024-class 24,25,1905AGCBAE,6,7,,,6.1,Passed,,6.5,5.2
SU2024,SU2024-class 24,26,1905AHJFFD,6,8,,,6.5,Passed,,7.3,7.2
SU2024,SU2024-class 24,27,1905AGBEEI,0,5,,,1,Not Passed,,0,0
SU2024,SU2024-class 24,28,1905AHBBHF,7,7,,,6.8,Passed,,7.3,6.2
SU2024,SU2024-class 24,29,1905AFAEGB,9.3,8,,,8,Passed,,8.5,8.8
SU2024,SU2024-class 24,30,1905AHDDHH,8,7,,,7.4,Passed,,8.5,5
SU2024,SU2024-class 24,31,1905AGCEJE,8,7,,,6.5,Passed,,7.5,4
SU2024,SU2024-class 24,32,1905AGJEFB,0,7,,,2.1,Not Passed,,0,4.6
SU2024,SU2024-class 24,33,1905AHJDHE,6,7,,,6,Passed,,6,6.4
SU2024,SU2024-class 24,34,1905AHDGFD,7,6,,,6.9,Passed,,7.8,6.4
SU2024,SU2024-class 24,35,1905AGCEFB,8,7,,,7.4,Passed,,7.8,7.4
SU2025,SU2025-class 1,1,1905AIJFBC,6,7,,,4.5,Not Passed,,5,0
SU2025,SU2025-class 1,2,1905AIDHDF,6,7,,,4.5,Not Passed,,5,0
SU2025,SU2025-class 1,3,1905AIAJDA,6,7,,,4.6,Not Passed,,5.5,0
SU2025,SU2025-class 1,4,1905AIJCGH,6,9,,,7,Passed,,6.5,5.6
SU2025,SU2025-class 1,5,1905AGCFFC,0,0,,,0,Attendance Fail,,0,0
SU2025,SU2025-class 1,6,1905AIAJJG,6,8,,,6,Passed,,6,4.4
SU2025,SU2025-class 1,7,1905AIJGIC,8,9.5,,,7.9,Passed,,7.8,7.2
SU2025,SU2025-class 1,8,1905AHDCJJ,0,0,,,0,Attendance Fail,,0,0
SU2025,SU2025-class 1,9,1905AHCEHE,6,7,,,4.5,Not Passed,,5,0
SU2025,SU2025-class 1,10,1905AIJFHB,8,10,,,7.8,Passed,,8,4.2
SU2025,SU2025-class 1,11,1905AIDHGH,7.5,7,,,6.2,Passed,,6.5,4.8
SU2025,SU2025-class 1,12,1905AIJGDD,6,7,,,4.5,Not Passed,,5,0
SU2025,SU2025-class 1,13,1905AIAJHH,6,7,,,4.6,Not Passed,,5.5,0
SU2025,SU2025-class 1,14,1905AIJHJI,6,9,,,7.4,Passed,,6.5,7.6
SU2025,SU2025-class 1,15,1905AGBBCH,0,0,,,0,Attendance Fail,,0,0
SU2025,SU2025-class 1,16,1905AIAJGC,6,7,,,4.6,Not Passed,,5.5,0
SU2025,SU2025-class 1,17,1905AIJJHG,8,9.5,,,7.9,Passed,,7.8,7.6
SU2025,SU2025-class 1,18,1905AIFDEE,6,9,,,7.7,Passed,,6.5,9.2
SU2025,SU2025-class 1,19,1905AIFEHF,6,8,,,5,Not Passed,,5.5,0
SU2025,SU2025-class 1,20,1905AIJIHI,7,9,,,7.4,Passed,,7.3,6.6
SU2025,SU2025-class 1,21,1905AIJABC,7.5,10,,,8.4,Passed,,7,8.2
SU2025,SU2025-class 1,22,1905AIFFHB,6,9,,,7,Passed,,6.8,5.4
SU2025,SU2025-class 1,23,1905AIBACB,6,7,,,4.6,Not Passed,,5.5,0
SU2025,SU2025-class 1,24,1905AIAJGH,5,5,,,3.7,Not Passed,,6,0
SU2025,SU2025-class 2,1,1905AICHJD,6.8,8.4,,,7.1,Passed,,4.8,7.2
SU2025,SU2025-class 2,2,1905BJDAJB,8.3,7.4,,,7.8,Passed,,6.5,7.6
SU2025,SU2025-class 2,3,1905AICIBF,5.8,6.9,,,5.8,Passed,,6.2,5
SU2025,SU2025-class 2,4,1905AIBBBF,8,5.2,,,7.2,Passed,,7.7,6.8
SU2025,SU2025-class 2,5,1905AIDFHA,6.8,7.3,,,7.4,Passed,,4.8,9.2
SU2025,SU2025-class 2,6,1905AIBDCF,8,6.1,,,6.9,Passed,,6.9,4.8
SU2025,SU2025-class 2,7,1905AICCDH,5.8,5.8,,,5.7,Passed,,6.3,4.8
SU2025,SU2025-class 2,8,1905AHAGDI,0,0,,,0,Attendance Fail,,0,0
SU2025,SU2025-class 2,9,1905BJDAJH,8.3,7.4,,,8,Passed,,7.2,8.2
SU2025,SU2025-class 2,10,1905AIDBCJ,8,7.2,,,7.8,Passed,,7.4,6.8
SU2025,SU2025-class 2,11,1905AICIJI,8.6,10,,,7.9,Passed,,6.3,6.4
SU2025,SU2025-class 2,12,1905AHDEFH,5.8,4.2,,,6.3,Passed,,7.8,5.8
SU2025,SU2025-class 2,13,1905AGAACB,0,0,,,0,Attendance Fail,,0,0
SU2025,SU2025-class 2,14,1905AICGJG,8.6,10,,,8,Passed,,5.9,7.2
SU2025,SU2025-class 2,15,1905AIBFDC,8,7.6,,,7.4,Passed,,9.2,5.8
SU2025,SU2025-class 2,16,1905AIDCCB,4.3,6.5,,,2.4,Attendance Fail,,0,0
SU2025,SU2025-class 2,17,1905AICIJC,8.6,10,,,8.3,Passed,,6.3,8.6
SU2025,SU2025-class 2,18,1905AIDJFH,8.3,8.8,,,8,Passed,,8,6.4
SU2025,SU2025-class 2,19,1905AIDEAI,8.3,4.1,,,7.3,Passed,,7.3,6.2
SU2025,SU2025-class 2,20,1905AIBAFH,8.3,7.6,,,7.7,Passed,,6.8,6.6
SU2025,SU2025-class 2,21,1905AIDCCJ,4.3,6.8,,,2.4,Attendance Fail,,0,0
SU2025,SU2025-class 2,22,1905AIBDGH,8,7.1,,,7,Passed,,9.4,4.6
SU2025,SU2025-class 2,23,1905AICEHJ,4.3,6.5,,,2.4,Attendance Fail,,0,0
SU2025,SU2025-class 2,24,1905AICADI,8.3,5.2,,,7.9,Passed,,8.1,7.8
SU2025,SU2025-class 2,25,1905BJDCCA,8.3,7.3,,,8.1,Passed,,8.5,7.8
SU2025,SU2025-class 2,26,1905AIBCFG,5.8,2.8,,,5.2,Passed,,5.8,4.2
SU2025,SU2025-class 2,27,1905AIBFAH,5.8,5.2,,,5.6,Passed,,6.6,4.6
SU2025,SU2025-class 2,28,1905AICDBB,0,6.5,,,0.7,Attendance Fail,,0,0
SU2025,SU2025-class 2,29,1905AIDBJF,8,6.8,,,6.9,Passed,,6.9,6.4
SU2025,SU2025-class 2,30,1905AGBJJB,6,5,,,6.6,Passed,,5.4,9.8
SU2025,SU2025-class 2,31,1905AIDFDC,6.8,10,,,7,Passed,,5.4,5.6
SU2025,SU2025-class 2,32,1905AICJAG,8,8,,,7.6,Passed,,8.5,6.8
SU2025,SU2025-class 2,33,1905AIFBIH,6.8,7.1,,,7.1,Passed,,4.9,7.6
SU2025,SU2025-class 2,34,1905AICICE,8.6,9.6,,,7.5,Passed,,5.1,5.4
SU2025,SU2025-class 2,35,1905AIBIBH,8,6.1,,,6.5,Passed,,7.6,4.8
SU2025,SU2025-class 3,1,1905AHJAGC,8,7,,,5,Not Passed,,7,0
SU2025,SU2025-class 3,2,1905AICICC,8,8,,,7.7,Passed,,9.1,6.6
SU2025,SU2025-class 3,3,1905BJCJJC,8,9,,,7.8,Passed,,9.1,6
SU2025,SU2025-class 3,4,1905AGCCDH,8,8,,,4.9,Not Passed,,8.5,0
SU2025,SU2025-class 3,5,1905AIBIDG,8.5,9,,,8.1,Passed,,8.9,7.6
SU2025,SU2025-class 3,6,1905AIDEHF,8,9,,,7.8,Passed,,9.4,7
SU2025,SU2025-class 3,7,1905AIDHID,8,9,,,8,Passed,,8.2,8
SU2025,SU2025-class 3,8,1905AICJEA,9,10,,,8.4,Passed,,9.6,6.2
SU2025,SU2025-class 3,9,1905AIDEFG,9,9,,,8,Passed,,9.1,7
SU2025,SU2025-class 3,10,1905AIDEJE,9,9,,,8.2,Passed,,8.7,6.2
SU2025,SU2025-class 3,11,1905AIFBGF,8,10,,,8.1,Passed,,9.2,6.6
SU2025,SU2025-class 3,12,1905AIBFCH,8.5,9,,,7.7,Passed,,9.4,5.6
SU2025,SU2025-class 3,13,1905AHJCJG,8,8,,,4.9,Not Passed,,9.1,0
SU2025,SU2025-class 3,14,1905BJCJJI,8,8,,,7.7,Passed,,8.9,6.4
SU2025,SU2025-class 3,15,1905BJJFJF,8,9,,,8,Passed,,9.1,7.4
SU2025,SU2025-class 3,16,1905BJAHHJ,8,9,,,8.7,Passed,,8.9,9
SU2025,SU2025-class 3,17,1905BJCAHG,8.5,9,,,7.6,Passed,,9.1,6
SU2025,SU2025-class 3,18,1905AHJDJH,8,8,,,5.6,Not Passed,,9.1,0
SU2025,SU2025-class 3,19,1905BJAIIG,8,8,,,8.2,Passed,,9.2,9.2
SU2025,SU2025-class 3,20,1905AIDBHH,8,9,,,6,Not Passed,,8.7,0
SU2025,SU2025-class 3,21,1905BJAFFA,8,9,,,7.8,Passed,,9.6,6.6
SU2025,SU2025-class 3,22,1905AIJAFE,9,10,,,8.5,Passed,,9.1,7.2
SU2025,SU2025-class 3,23,1905BJJEBH,8,9,,,8.1,Passed,,8.5,6.4
SU2025,SU2025-class 3,24,1905AICDJE,8,8,,,4.8,Not Passed,,8.5,0
SU2025,SU2025-class 3,25,1905AIDJGC,8,9,,,7.8,Passed,,9.2,7
SU2025,SU2025-class 3,26,1905BJCBCF,9,9,,,8.5,Passed,,9.1,7.2
SU2025,SU2025-class 3,27,1905AHAHJJ,8,9,,,5.3,Not Passed,,8.9,0
SU2025,SU2025-class 3,28,1905BJCAFI,9,9,,,8.9,Passed,,9.1,8.8
SU2025,SU2025-class 3,29,1905BJAIAH,8,9,,,8.1,Passed,,9.1,7.4
SU2025,SU2025-class 3,30,1905BJJEHF,8,9,,,7.3,Passed,,9.2,4.2
SU2025,SU2025-class 3,31,1905BJCJCF,8,9,,,7.8,Passed,,9.2,6.8
SU2025,SU2025-class 3,32,1905BJAFCF,8,9,,,7.9,Passed,,9.2,6.6
SU2025,SU2025-class 3,33,1905BJDFFF,8.5,9,,,7.9,Passed,,8.9,6.6
SU2025,SU2025-class 3,34,1905BJJIEI,8,9,,,8.1,Passed,,8.5,8.4
SU2025,SU2025-class 3,35,1905AIFBDG,8,8,,,6.8,Not Passed,,9.1,6
SU2025,SU2025-class 4,1,1905AICGHC,7.3,7.3,,,7.5,Passed,,7.5,7.8
SU2025,SU2025-class 4,2,1905AICGCD,7.5,7.2,,,7.5,Passed,,7,8
SU2025,SU2025-class 4,3,1905AIBBEI,8.3,6.9,,,7.6,Passed,,7.7,6.4
SU2025,SU2025-class 4,4,1905BJEJAJ,0,0,,,0,Attendance Fail,,0,0
SU2025,SU2025-class 4,5,1905AICGAI,7.8,8.3,,,7.4,Passed,,6.9,6.8
SU2025,SU2025-class 4,6,1905AICGCH,7.8,7.2,,,7.1,Passed,,7.1,5.4
SU2025,SU2025-class 4,7,1905AICEIA,7.3,8.2,,,7.6,Passed,,7.3,7.6
SU2025,SU2025-class 4,8,1905BJDEGJ,8.8,5.2,,,7.7,Passed,,6.5,7.2
SU2025,SU2025-class 4,9,1905AICFFD,7.3,8,,,6.8,Passed,,7.1,4.2
SU2025,SU2025-class 4,10,1905BJCBHB,6.5,8,,,6.6,Passed,,6.9,4.8
SU2025,SU2025-class 4,11,1905AHDGDJ,3.5,6.2,,,2.3,Attendance Fail,,2.6,0
SU2025,SU2025-class 4,12,1905AICFCH,7.5,6.2,,,7.2,Passed,,7.2,7.2
SU2025,SU2025-class 4,13,1905BJDFBF,6.5,7.6,,,6.3,Passed,,5.5,4.2
SU2025,SU2025-class 4,14,1905BJCIEE,8,4,,,6.8,Passed,,7.9,5
SU2025,SU2025-class 4,15,1905AICFAA,7.5,7.1,,,7.1,Passed,,7.3,6
SU2025,SU2025-class 4,16,1905AIFCBD,8,5.4,,,7.2,Passed,,7.8,6.4
SU2025,SU2025-class 4,17,1905AICFGA,7.3,8,,,7.3,Passed,,7.1,6.4
SU2025,SU2025-class 4,18,1905BJCGGH,3.5,7,,,2.3,Not Passed,,1.6,0
SU2025,SU2025-class 4,19,1905AGCBCB,0,0,,,0,Attendance Fail,,0,0
SU2025,SU2025-class 4,20,1905BJEJDF,6.5,5.9,,,6.9,Passed,,7.3,7.4
SU2025,SU2025-class 4,21,1905BJDIDH,8.8,8.6,,,8,Passed,,5.9,7.2
SU2025,SU2025-class 4,22,1905BJDGJH,8.8,5.9,,,7.5,Passed,,6,6.4
SU2025,SU2025-class 4,23,1905BJDBDD,8.3,8,,,8,Passed,,8.2,7.4
SU2025,SU2025-class 4,24,1905AICFIG,0,0,,,0,Attendance Fail,,0,0
SU2025,SU2025-class 4,25,1905BJCHDJ,8,4,,,7,Passed,,8.6,5.8
SU2025,SU2025-class 4,26,1905BJDHAH,8.8,7.5,,,7.8,Passed,,6,7
SU2025,SU2025-class 4,27,1905AHDAFD,3.5,5.5,,,2.2,Attendance Fail,,2.4,0
SU2025,SU2025-class 4,28,1905BJCGDC,7.8,7.6,,,6.7,Passed,,6.1,7.2
SU2025,SU2025-class 4,29,1905AHBBAC,8.3,9.1,,,7.4,Passed,,7.4,4.4
SU2025,SU2025-class 4,30,1905BJCBCJ,6.5,6,,,6.4,Passed,,6.9,5.2
SU2025,SU2025-class 4,31,1905BJCDHI,8,4,,,6.6,Passed,,7,4.4
SU2025,SU2025-class 4,32,1905AICFHG,7.8,8.5,,,7.6,Passed,,6.5,7.8
SU2025,SU2025-class 4,33,1905AICEBI,7.5,7,,,7.2,Passed,,6.6,7
SU2025,SU2025-class 5,1,1905AIJCDE,8,6,,,7.7,Passed,,9,7
SU2025,SU2025-class 5,2,1905AHDHEJ,0,0,,,0,Attendance Fail,,0,0
SU2025,SU2025-class 5,3,1905AIJBFH,8,6,,,7.2,Passed,,9.5,5.6
SU2025,SU2025-class 5,4,1905AIAJDC,8,9,,,7.6,Passed,,9.3,5.4
SU2025,SU2025-class 5,5,1905AICIDC,0,0,,,0.5,Attendance Fail,,4.5,0
SU2025,SU2025-class 5,6,1905AIJIAI,6,8,,,7.1,Passed,,9.5,6.6
SU2025,SU2025-class 5,7,1905AIJAEC,9,5,,,7.9,Passed,,8.8,5.6
SU2025,SU2025-class 5,8,1905AICGDC,8,5,,,7.7,Passed,,9.8,6.2
SU2025,SU2025-class 5,9,1905AIFFJB,0,0,,,0,Attendance Fail,,0,0
SU2025,SU2025-class 5,10,1905AIBEBC,8,7,,,8.7,Passed,,9.3,8
SU2025,SU2025-class 5,11,1905AHAHAA,7,7,,,8,Passed,,9,8.6
SU2025,SU2025-class 5,12,1905AIJAHB,9,5,,,8.3,Passed,,9.3,7.2
SU2025,SU2025-class 5,13,1905AIBJHD,7,9,,,7.8,Passed,,9.3,5.8
SU2025,SU2025-class 5,14,1905AIJCCC,8,6,,,7.1,Passed,,6.3,7.2
SU2025,SU2025-class 5,15,1905AIJIEG,8,9,,,7.6,Passed,,9.3,6
SU2025,SU2025-class 5,16,1905AIJCEJ,6,8,,,7.1,Passed,,9,7.2
SU2025,SU2025-class 5,17,1905AIBBIC,7,9,,,8.2,Passed,,8.8,7.4
SU2025,SU2025-class 5,18,1905AIJEGD,6,8,,,6.8,Passed,,9.3,5.8
SU2025,SU2025-class 5,19,1905AHDEDJ,7,7,,,6.8,Passed,,8,4
SU2025,SU2025-class 5,20,1905AIJBID,8,6,,,7.8,Passed,,8.3,8.6
SU2025,SU2025-class 5,21,1905AICAEG,8,5,,,6.7,Passed,,5.3,6.6
SU2025,SU2025-class 5,22,1905AIBDGB,8,7,,,8,Passed,,6.5,6.2
SU2025,SU2025-class 5,23,1905AICCBA,8,5,,,7.7,Passed,,9.3,6
SU2025,SU2025-class 5,24,1905AHDIFA,9,5,,,8.2,Passed,,9.5,6.8
SU2025,SU2025-class 5,25,1905AIDHFI,7,7,,,7.2,Passed,,9,5.2
SU2025,SU2025-class 5,26,1905AIBDAJ,8,7,,,8.6,Passed,,9.5,7.6
SU2025,SU2025-class 5,27,1905AIJIAE,6,8,,,6.8,Passed,,9.3,5.6
SU2025,SU2025-class 5,28,1905AIJIDF,8,9,,,7.9,Passed,,9.8,7
SU2025,SU2025-class 5,29,1905AIBAFI,7,9,,,8.3,Passed,,8.8,7
SU2025,SU2025-class 5,30,1905AIBEFA,8,7,,,8.4,Passed,,8.8,7.2
SU2025,SU2025-class 5,31,1905AGACEF,7,7,,,7.2,Passed,,9.3,5.4
SU2025,SU2025-class 5,32,1905AIAJID,7,9,,,7.8,Passed,,9.5,5.6
SU2025,SU2025-class 5,33,1905AIJAFD,9,5,,,8.7,Passed,,9.3,8.4
SU2025,SU2025-class 5,34,1905AIAJCH,8,9,,,7.3,Passed,,8.8,4.8
SU2025,SU2025-class 6,1,1905AHCFDH,9,8,,,8.6,Passed,,9.3,9
SU2025,SU2025-class 6,2,1905AIJHHC,8,6.5,,,7,Passed,,8.5,6
SU2025,SU2025-class 6,3,1905AICCHB,8,8.5,,,5.9,Not Passed,,6.2,6.8
SU2025,SU2025-class 6,4,1905AICHBG,9,10,,,8.1,Passed,,9.4,4.8
SU2025,SU2025-class 6,5,1905AIBIEI,8,7,,,7.2,Passed,,9,6
SU2025,SU2025-class 6,6,1905AIDGJG,8,6,,,7.2,Passed,,8.5,7.2
SU2025,SU2025-class 6,7,1905AIDFAF,8,3,,,1.9,Attendance Fail,,0,0
SU2025,SU2025-class 6,8,1905BJECAJ,8,8,,,5.5,Not Passed,,6.4,4.8
SU2025,SU2025-class 6,9,1905AGBEDF,0,0,,,0,Attendance Fail,,0,0
SU2025,SU2025-class 6,10,1905AIJEEB,8,9,,,7.3,Passed,,3.5,5.4
SU2025,SU2025-class 6,11,1905AIFDIB,8,10,,,8.4,Passed,,8.5,8.2
SU2025,SU2025-class 6,12,1905AICDCC,8,7,,,7.1,Passed,,8.8,5.4
SU2025,SU2025-class 6,13,1905AIBHGF,8,1,,,2.1,Attendance Fail,,0,0
SU2025,SU2025-class 6,14,1905AIJCGG,9,8,,,8.3,Passed,,9.5,7.4
SU2025,SU2025-class 6,15,1905AICHFE,9,10,,,8.7,Passed,,9.5,7.8
SU2025,SU2025-class 6,16,1905AIBEAE,9,8,,,8.2,Passed,,9.5,7
SU2025,SU2025-class 6,17,1905AHBAJJ,8,3,,,1.9,Attendance Fail,,0,0
SU2025,SU2025-class 6,18,1905AIFDBH,8,10,,,8.1,Passed,,8.3,6.6
SU2025,SU2025-class 6,19,1905AIDJIA,9,8,,,8.3,Passed,,9.5,6.8
SU2025,SU2025-class 6,20,1905AIBJEH,8,10,,,7.5,Passed,,9,5.8
SU2025,SU2025-class 6,21,1905AHDECE,8,6,,,7.5,Passed,,8.4,8.8
SU2025,SU2025-class 6,22,1905AIJECD,9,10,,,8.5,Passed,,9.3,7.6
SU2025,SU2025-class 6,23,1905AICAEH,8,10,,,7.6,Passed,,8.9,6.2
SU2025,SU2025-class 7,1,1905AICIJE,6,9,,,7,Passed,,9,7.2
SU2025,SU2025-class 7,2,1905AICAAI,6,9,,,7.2,Passed,,9.1,8
SU2025,SU2025-class 7,3,1905AICBGD,6,9.5,,,7,Passed,,9.2,6.6
SU2025,SU2025-class 7,4,1905AHJEIB,6,8.5,,,7.1,Passed,,9,6.8
SU2025,SU2025-class 7,5,1905AHJBBA,6,9,,,6.7,Passed,,9.3,5.4
SU2025,SU2025-class 7,6,1905AIJAAB,7.5,8.5,,,8,Passed,,7.5,9.2
SU2025,SU2025-class 7,7,1905AHJAAG,5,1,,,5,Passed,,6.4,4.8
SU2025,SU2025-class 7,8,1905AICBFD,7.5,6.5,,,7.3,Passed,,8.9,7.4
SU2025,SU2025-class 7,9,1905AHCACE,6.5,9,,,7.1,Passed,,8.4,6
SU2025,SU2025-class 7,10,1905AIJJAA,7.5,9,,,7.4,Passed,,6.7,6.6
SU2025,SU2025-class 7,11,1905AIAJJI,7.5,9.5,,,6.1,Not Passed,,9,0
SU2025,SU2025-class 7,12,1905AHBHEJ,6,5,,,6.3,Passed,,7.2,5.4
SU2025,SU2025-class 7,13,1905AHJFHB,0,0,,,0,Attendance Fail,,0,0
SU2025,SU2025-class 7,14,1905AGBBGI,5,9,,,6.9,Passed,,8.7,7.4
SU2025,SU2025-class 7,15,1905AHCFHD,6,9.5,,,6.8,Passed,,7.9,6.2
SU2025,SU2025-class 7,16,1905AGADBG,5,9.5,,,6.8,Passed,,6.6,9
SU2025,SU2025-class 7,17,1905AIBDAH,7.5,0,,,6.5,Not Passed,,7.7,7.2
SU2025,SU2025-class 7,18,1905AIBJCB,6.5,9,,,7.1,Passed,,8.1,6.2
SU2025,SU2025-class 7,19,1905AICGAB,7.5,1,,,6.2,Passed,,9,5
SU2025,SU2025-class 7,20,1905AGABHI,5,6.5,,,5.5,Passed,,7.6,4
SU2025,SU2025-class 7,21,1905AHCHGC,6,0,,,2.4,Attendance Fail,,0,0
SU2025,SU2025-class 7,22,1905AIJHEE,7.5,9,,,7.5,Passed,,8.1,6
SU2025,SU2025-class 7,23,1905AHAHGC,0,6.5,,,0.7,Attendance Fail,,0,0
SU2025,SU2025-class 7,24,1905AHBHAB,6,9,,,6.9,Passed,,8.4,6
SU2025,SU2025-class 7,25,1905AIJJJE,7.5,9,,,7.8,Passed,,8,7.8
SU2025,SU2025-class 7,26,1905AHJEGA,6,4,,,6.4,Passed,,8.5,5.6
SU2025,SU2025-class 7,27,1905AHEJIF,6,8,,,6.4,Not Passed,,8.7,3.6
SU2025,SU2025-class 7,28,1905AGBJIG,5,8.5,,,6.1,Passed,,7.6,5.8
SU2025,SU2025-class 7,29,1905AHBHJC,6,8,,,7,Passed,,8.6,6.8
SU2025,SU2025-class 7,30,1905AHAHAJ,6,9,,,7.4,Passed,,8.9,8.8
SU2025,SU2025-class 7,31,1905AGJCFH,6,7,,,6.8,Passed,,8.9,6
SU2025,SU2025-class 7,32,0405AIJIFI,0,0,,,0,Attendance Fail,,0,0
SU2025,SU2025-class 7,33,1905AIBCGD,0,2,,,0.2,Attendance Fail,,0,0
SU2025,SU2025-class 7,34,1905AICDCJ,0,0,,,0,Attendance Fail,,0,0
SU2025,SU2025-class 7,35,1905AHBABH,6,5,,,6.6,Passed,,8.3,7.2
SU2025,SU2025-class 8,1,1905AIJFFH,10,10,,,8,Passed,,9.3,4.8
SU2025,SU2025-class 8,2,1905AHJJEG,7,5,,,4.1,Not Passed,,9,0
SU2025,SU2025-class 8,3,1905AIJGJC,10,10,,,8.7,Passed,,9.5,8
SU2025,SU2025-class 8,4,1905AIDFAA,5,4,,,2.7,Not Passed,,7.9,0
SU2025,SU2025-class 8,5,1905BJCAIB,7,6,,,5.8,Passed,,7.9,5.8
SU2025,SU2025-class 8,6,1905AIJACH,7,8,,,4.5,Not Passed,,8,0
SU2025,SU2025-class 8,7,1905AICIFJ,7,7,,,6.7,Passed,,7.8,7
SU2025,SU2025-class 8,8,1905AGJDEB,7,5,,,6.4,Passed,,8.8,4.4
SU2025,SU2025-class 8,9,1905AGBCIJ,9,9,,,7.3,Passed,,9.4,4.2
SU2025,SU2025-class 8,10,1905AHJBIF,7,6,,,6.4,Passed,,9,5.6
SU2025,SU2025-class 8,11,1905AIDGAG,5,6,,,2.9,Not Passed,,7.9,0
SU2025,SU2025-class 8,12,1905AIDFGJ,9,10,,,8.1,Passed,,9.5,7.8
SU2025,SU2025-class 8,13,1905AIDGBB,5,5,,,2.9,Not Passed,,8,0
SU2025,SU2025-class 8,14,1905AHJJBC,9,10,,,7.8,Passed,,9.5,6
SU2025,SU2025-class 8,15,1905AHJCGC,7,7,,,6.5,Passed,,9,5.6
SU2025,SU2025-class 8,16,1905AHJEGE,7,5,,,4.4,Not Passed,,9,0
SU2025,SU2025-class 8,17,1905AHJBCA,5,6,,,2.9,Not Passed,,7.9,0
SU2025,SU2025-class 8,18,1905AICICF,7,7,,,6.5,Passed,,8,7.6
SU2025,SU2025-class 8,19,1905AGJJIF,7,6,,,6.9,Passed,,9,6.2
SU2025,SU2025-class 8,20,1905AICBED,10,10,,,8.3,Passed,,9.5,6.2
SU2025,SU2025-class 8,21,0305AHAHDF,7,4,,,2.3,Attendance Fail,,4,0
SU2025,SU2025-class 8,22,1905AIFDBI,9,10,,,7.9,Passed,,9.5,6.6
SU2025,SU2025-class 8,23,1905AIDDHB,5,4,,,2.3,Not Passed,,3,0
SU2025,SU2025-class 8,24,1905AHJJCA,7,6,,,4.9,Not Passed,,8.9,0
SU2025,SU2025-class 9,1,1905AIDIDC,8.3,10,,,7.8,Passed,,7.9,6.4
SU2025,SU2025-class 9,2,1905AHJGEJ,7.8,9,,,7,Passed,,4.9,4.8
SU2025,SU2025-class 9,3,1905AHAGID,6,8.3,,,6.7,Passed,,6.8,6.4
SU2025,SU2025-class 9,4,1905AHAIGB,8.8,8.2,,,7.5,Not Passed,,6.9,3.8
SU2025,SU2025-class 9,5,1905AHAIGH,8.8,8.3,,,7.5,Not Passed,,7.1,3.8
SU2025,SU2025-class 9,6,1905AHAIDE,4,7.7,,,6.1,Passed,,7.8,7
SU2025,SU2025-class 9,7,1905AIFFBD,8,10,,,8.1,Passed,,8.2,7.8
SU2025,SU2025-class 9,8,1905AHJDAE,8,2.2,,,7,Passed,,6,7
SU2025,SU2025-class 9,9,1905AICIEG,8,1.7,,,5.5,Attendance Fail,,5.8,0
SU2025,SU2025-class 9,10,1905AHJDEI,8,9.8,,,7.4,Passed,,5.6,5.6
SU2025,SU2025-class 9,11,1905AHAIHD,6.5,8.3,,,7.1,Passed,,8.6,6.2
SU2025,SU2025-class 9,12,1905AGCDGA,8.3,6.4,,,8.1,Passed,,6.9,9.4
SU2025,SU2025-class 9,13,1905AHCEIB,6.5,6.5,,,6.8,Passed,,7.2,6.4
SU2025,SU2025-class 9,14,1905AHJEAE,8.3,3,,,7,Passed,,6.5,5.6
SU2025,SU2025-class 9,15,1905AIDJGI,0,6,,,1,Attendance Fail,,3.5,0
SU2025,SU2025-class 9,16,1905AHJFCI,6,7.2,,,6.3,Passed,,6.5,5.2
SU2025,SU2025-class 9,17,1905AICCFA,0,0,,,0,Attendance Fail,,0,0
SU2025,SU2025-class 9,18,1905AHAIAD,6,7.5,,,6.2,Passed,,6.7,4.8
SU2025,SU2025-class 9,19,1905AIDCGC,8,9.8,,,8.2,Passed,,8.3,8
SU2025,SU2025-class 9,20,1905AFJIID,0,6.3,,,1,Attendance Fail,,3.5,0
SU2025,SU2025-class 9,21,1905AIBIIF,0,1.3,,,0.5,Attendance Fail,,3.5,0
SU2025,SU2025-class 9,22,1905AHCCGI,8.8,9.4,,,8.6,Passed,,7.4,8.8
SU2025,SU2025-class 9,23,1905AIFDBJ,8.3,10,,,8.1,Passed,,7.5,8
SU2025,SU2025-class 9,24,1905AHAFFG,0,0,,,0,Attendance Fail,,0,0
SU2025,SU2025-class 9,25,1905AHBJDE,7.8,5.2,,,7.4,Passed,,6.8,7.8
SU2025,SU2025-class 9,26,1905AHAHJH,8,10,,,8,Passed,,7.3,7.6
SU2025,SU2025-class 9,27,1905AHAHDH,8.3,7.6,,,7.3,Passed,,6.2,5
SU2025,SU2025-class 9,28,1905AHAFEC,7.8,7.8,,,7.6,Passed,,5.7,7.8
SU2025,SU2025-class 9,29,1905AHJFDE,6,9.3,,,6.4,Passed,,6.1,4.8
SU2025,SU2025-class 9,30,1905AHDIHH,8,9.7,,,7.8,Passed,,7.1,6.8
SU2025,SU2025-class 9,31,1905AIFEGB,8.3,10,,,8.2,Passed,,8.5,7.8
SU2025,SU2025-class 9,32,1905AICIBG,8.3,10,,,7.9,Passed,,7.9,6.8
SU2025,SU2025-class 9,33,1905AHJGEF,6.5,6.6,,,6.8,Passed,,6.4,6.2
SU2025,SU2025-class 10,1,1905AIFFIB,7.5,9,,,7.9,Passed,,9,6.4
SU2025,SU2025-class 10,2,1905AIBCBJ,8,7,,,7.5,Passed,,7.5,5.4
SU2025,SU2025-class 10,3,1905AICJGC,8.5,7,,,8.1,Passed,,9,6
SU2025,SU2025-class 10,4,1905AICHFI,8.5,9,,,8.3,Passed,,8.5,6.6
SU2025,SU2025-class 10,5,1905AICCAG,3,8,,,3.8,Not Passed,,9,0
SU2025,SU2025-class 10,6,1905AHCIEG,8.5,7,,,8.5,Passed,,9.5,6.6
SU2025,SU2025-class 10,7,1905AICJHE,0,7,,,1.6,Not Passed,,9.3,0
SU2025,SU2025-class 10,8,1905AIDJDD,9.5,9,,,8.7,Passed,,8.6,9
SU2025,SU2025-class 10,9,1905AICFAE,6,7,,,6.3,Passed,,9,5
SU2025,SU2025-class 10,10,1905AHEJJC,8.5,7,,,8.1,Passed,,9,7.6
SU2025,SU2025-class 10,11,0405AHAJJA,3,9,,,4.5,Not Passed,,9,0
SU2025,SU2025-class 10,12,1905AICJII,8.5,7,,,7.7,Passed,,9.1,5.4
SU2025,SU2025-class 10,13,1905AICBAE,8.5,8,,,8.4,Passed,,9.5,7
SU2025,SU2025-class 10,14,1905AHDBAA,0,0,,,0,Attendance Fail,,0,0
SU2025,SU2025-class 10,15,1905AIDGEJ,8.5,7,,,7.8,Passed,,8.5,5.2
SU2025,SU2025-class 10,16,1905AHCCGE,7.5,7,,,7.3,Passed,,9.5,6
SU2025,SU2025-class 10,17,1905AIJBCJ,8.5,8,,,8.6,Passed,,9.6,6.8
SU2025,SU2025-class 10,18,1905AHDBAH,7.5,8,,,8,Passed,,9,7.2
SU2025,SU2025-class 10,19,1919AIFFEH,8.5,9,,,8.8,Passed,,9.1,7.4
SU2025,SU2025-class 10,20,1905AIDEFJ,7.5,8,,,7.5,Passed,,9,6.6
SU2025,SU2025-class 10,21,1905AHCIJC,0,0,,,0,Attendance Fail,,0,0
SU2025,SU2025-class 10,22,1905BJEAFF,7.5,8,,,8.2,Passed,,9.1,8.2
SU2025,SU2025-class 10,23,1905AICIFG,7.5,9,,,7.6,Passed,,9,6.8
SU2025,SU2025-class 10,24,1905AGAHCC,7.5,7,,,7,Passed,,9.3,4.6
SU2025,SU2025-class 10,25,0305AIBJJH,8.5,7,,,8.1,Passed,,9.5,7
SU2025,SU2025-class 10,26,1905AHDDGH,9,8,,,7.8,Passed,,9.1,5.2
SU2025,SU2025-class 10,27,1905AHBHEC,0,0,,,0.9,Attendance Fail,,9,0
SU2025,SU2025-class 10,28,1905AIFFAA,8.5,9,,,8.5,Passed,,9.7,5.6
SU2025,SU2025-class 10,29,1905AHDAJD,3,7,,,4,Not Passed,,9.1,0
SU2025,SU2025-class 10,30,1905AHAHDG,8,7,,,7.7,Passed,,9.1,5.6
SU2025,SU2025-class 11,1,1905AICFEF,9,7,,,8.2,Passed,,9.5,6.8
SU2025,SU2025-class 11,2,1905AGAFGG,6,6,,,6.8,Passed,,7.8,4.8
SU2025,SU2025-class 11,3,1905AIBDFD,0,0,,,0,Attendance Fail,,0,0
SU2025,SU2025-class 11,4,1705AIJJHA,0,0,,,0,Attendance Fail,,0,0
SU2025,SU2025-class 11,5,1905AICGIH,8,5,,,7.6,Passed,,9.3,7.4
SU2025,SU2025-class 11,6,0405AIJCGG,6,8.5,,,6.8,Passed,,9,6.8
SU2025,SU2025-class 11,7,1905AICICH,8,5,,,7.4,Passed,,9.3,6.6
SU2025,SU2025-class 11,8,1905AICCBD,9,7,,,8.4,Passed,,9.5,7.6
SU2025,SU2025-class 11,9,1905AHDBEE,6,10,,,6.4,Passed,,9.3,4.8
SU2025,SU2025-class 11,10,1905AIJCAD,6,5,,,6.2,Passed,,9.3,5.4
SU2025,SU2025-class 11,11,1905AIFCJG,6,8,,,6.5,Passed,,8.8,6.8
SU2025,SU2025-class 11,12,1905AICIHF,6,8,,,6.8,Passed,,9.8,7.6
SU2025,SU2025-class 11,13,1905AIBJBJ,0,0,,,0,Attendance Fail,,0,0
SU2025,SU2025-class 11,14,1905AHDIFC,6,10,,,6.8,Passed,,9.3,6.2
SU2025,SU2025-class 11,15,1905AHAIFG,6,6,,,5.9,Not Passed,,8.8,0
SU2025,SU2025-class 11,16,1905AICGGH,8,10,,,8.8,Passed,,9.3,6.6
SU2025,SU2025-class 11,17,1905AIBJCE,0,0,,,0.5,Attendance Fail,,4.8,0
SU2025,SU2025-class 11,18,1905AICFGI,8,10,,,9,Passed,,9.5,7
SU2025,SU2025-class 11,19,1905AHDIJH,6,10,,,7.3,Passed,,8.3,9.6
SU2025,SU2025-class 11,20,1905AHDIHC,6,10,,,6.5,Passed,,7.8,5.2
SU2025,SU2025-class 11,21,1905AFAFJG,6,8.5,,,6.6,Passed,,8.5,6
SU2025,SU2025-class 11,22,1905AHCFED,6,6,,,7.3,Passed,,9.3,6.6
SU2025,SU2025-class 11,23,1905AIAJFA,0,0,,,0.5,Attendance Fail,,4.8,0
SU2025,SU2025-class 11,24,1905AICGHD,8,10,,,8.5,Passed,,9.8,6
SU2025,SU2025-class 11,25,1905AICGGI,8,10,,,8.9,Passed,,9.8,7
SU2025,SU2025-class 11,26,1905AHAHCE,6,6,,,7.9,Passed,,8.3,10
SU2025,SU2025-class 11,27,1905AIDDHH,6,8,,,5.1,Not Passed,,7.8,0
SU2025,SU2025-class 11,28,1905AICHEA,8,5,,,7.5,Passed,,9.3,7
SU2025,SU2025-class 11,29,1905AIBCIE,9,7,,,8,Passed,,8.5,6
SU2025,SU2025-class 11,30,1905AFAFBE,6,8.5,,,6.8,Passed,,7.3,7
SU2025,SU2025-class 12,1,1905AIBGIB,7.3,9.2,,,7.1,Passed,,7.1,6.2
SU2025,SU2025-class 12,2,1905AIJFAD,0,5.1,,,0.8,Attendance Fail,,3,0
SU2025,SU2025-class 12,3,1919AIDJIB,7.5,10,,,7.6,Passed,,6.8,6.2
SU2025,SU2025-class 12,4,1905AIDECC,8,8.4,,,7.7,Passed,,7.6,6.8
SU2025,SU2025-class 12,5,1905AHCAJJ,6.8,5.5,,,6.8,Passed,,8,7
SU2025,SU2025-class 12,6,1905AIAJFG,7,5.5,,,7.1,Passed,,7.6,7.2
SU2025,SU2025-class 12,7,1905AIBEDE,7.3,5.4,,,6.2,Not Passed,,7,3.8
SU2025,SU2025-class 12,8,1905AIAJGE,0,5.2,,,0.8,Attendance Fail,,3,0
SU2025,SU2025-class 12,9,1905AIAJHB,7.3,8,,,6.8,Passed,,7,5.6
SU2025,SU2025-class 12,10,1905AIAJHD,7.3,8.2,,,7,Passed,,6.9,6.2
SU2025,SU2025-class 12,11,1905AHDCJB,0,5.6,,,0.9,Attendance Fail,,3,0
SU2025,SU2025-class 12,12,1905AIDFHH,7.5,10,,,7.9,Passed,,7.7,7.6
SU2025,SU2025-class 12,13,1905AIAAJD,7,5.4,,,7.2,Passed,,7.8,8
SU2025,SU2025-class 12,14,1905AGJBJF,0,6,,,0.6,Attendance Fail,,0,0
SU2025,SU2025-class 12,15,1905AHCECJ,0,5.1,,,0.5,Attendance Fail,,0,0
SU2025,SU2025-class 12,16,1905AIBGJJ,7,5.7,,,7.4,Passed,,7.8,8.6
SU2025,SU2025-class 12,17,1705AIJAFE,7.3,8.7,,,6.9,Passed,,7.8,5.4
SU2025,SU2025-class 12,18,1905AIDGEA,6.3,8.5,,,6.6,Passed,,4.7,6.2
SU2025,SU2025-class 12,19,1905AIJDAB,7.5,6.8,,,7.4,Passed,,6.5,9.2
SU2025,SU2025-class 12,20,1905AHJBHE,6.8,6.8,,,6.5,Passed,,6.9,5.6
SU2025,SU2025-class 12,21,1905AHJADC,6.8,7.8,,,6.4,Passed,,6.8,4.8
SU2025,SU2025-class 12,22,1905AGBCCA,7.5,6.5,,,6.4,Passed,,5.8,4.6
SU2025,SU2025-class 12,23,1905AIDEBF,7.5,10,,,7.4,Passed,,6.9,5.8
SU2025,SU2025-class 12,24,1905AIDJDB,7.5,6.8,,,6.9,Passed,,6.4,6.8
SU2025,SU2025-class 12,25,1905AICBFI,7.3,5.5,,,6.5,Passed,,7.9,5
SU2025,SU2025-class 12,26,1905AGBHJE,0,0,,,0,Attendance Fail,,0,0
SU2025,SU2025-class 12,27,1919AHAJFD,7,5.4,,,6.4,Passed,,7.6,4.2
SU2025,SU2025-class 12,28,1905AIBCAG,0,0,,,0,Attendance Fail,,0,0
SU2025,SU2025-class 12,29,1905AICIHC,8,8,,,7.7,Passed,,7.7,7
SU2025,SU2025-class 12,30,1905AIBJJE,7.3,8.9,,,6.9,Passed,,7.7,5.4
SU2025,SU2025-class 12,31,1905AIDJJA,8,8.7,,,7.6,Passed,,7,6.8
SU2025,SU2025-class 12,32,1905AIDJFD,7.5,5.7,,,6.2,Passed,,6.6,4
SU2025,SU2025-class 12,33,1905AHJBGC,6.8,6.9,,,6.9,Passed,,7.1,7.4
SU2025,SU2025-class 13,1,1905AHBGIA,7.8,5.6,,,5.4,Passed,,3.4,7
SU2025,SU2025-class 13,2,1905AHBDDF,9.1,9,,,8.3,Passed,,7.3,7.8
SU2025,SU2025-class 13,3,1905AHDHGI,7.8,7,,,6.1,Passed,,7.4,7.4
SU2025,SU2025-class 13,4,1905AHAHFJ,8.7,9.3,,,8.2,Passed,,9,7.2
SU2025,SU2025-class 13,5,1905AHBCDF,9.1,8.7,,,7.9,Passed,,6.6,6.2
SU2025,SU2025-class 13,6,1905AHCDHB,7.8,6.6,,,5.6,Passed,,6.4,5.6
SU2025,SU2025-class 13,7,1905AICHDE,8.1,8,,,6.8,Passed,,8.4,7
SU2025,SU2025-class 13,8,1905AICIIG,8.1,6.6,,,4.8,Attendance Fail,,4.3,0
SU2025,SU2025-class 13,9,1905AGAFDA,7.2,8.6,,,7.5,Passed,,7.4,5.6
SU2025,SU2025-class 13,10,1905AHAICH,7.8,6.5,,,4.4,Not Passed,,5.9,0
SU2025,SU2025-class 13,11,1905AHDHDG,8,7.7,,,6.9,Passed,,5.4,4.4
SU2025,SU2025-class 13,12,1905AICHEJ,8.1,7.5,,,6.7,Passed,,7.1,7.4
SU2025,SU2025-class 13,13,1905AHJDAD,9.1,9.5,,,8.5,Passed,,8.9,7.4
SU2025,SU2025-class 13,14,1905AIBJGH,8,8.3,,,7.4,Passed,,6.9,5.8
SU2025,SU2025-class 13,15,1905AIDGHI,7.7,6.9,,,6.3,Passed,,5.4,6.6
SU2025,SU2025-class 13,16,1905AHBCBJ,8,7.1,,,6.1,Passed,,7.2,6.2
SU2025,SU2025-class 13,17,1905BJCJFF,6.3,8.4,,,6.1,Not Passed,,10,7.2
SU2025,SU2025-class 13,18,1905AHBJEI,6.3,8.1,,,6.3,Passed,,9.5,4.6
SU2025,SU2025-class 13,19,1905AHCCDI,5.7,5.3,,,2.4,Not Passed,,9.7,0
SU2025,SU2025-class 13,20,1905AHJCDB,5.7,5.4,,,2.4,Not Passed,,10,0
SU2025,SU2025-class 13,21,1905AIDDFF,7.7,7.7,,,6.6,Passed,,7.8,6.4
SU2025,SU2025-class 13,22,1905AICBJE,7.2,8,,,7,Passed,,5.5,4
SU2025,SU2025-class 13,23,1905AGBBHE,8.1,8.4,,,7.3,Passed,,9.5,9
SU2025,SU2025-class 13,24,1905AHBHAF,7.2,8.9,,,7.8,Passed,,8.4,6.4
SU2025,SU2025-class 13,25,1905AHBHII,8,7.8,,,7,Passed,,5.5,4.8
SU2025,SU2025-class 13,26,1905AICBID,7.7,6.7,,,6.2,Passed,,4.8,6.4
SU2025,SU2025-class 13,27,1905AHJGEB,6.3,7.4,,,4.8,Not Passed,,8.7,0
SU2025,SU2025-class 13,28,1905AIFBAD,7.2,9.2,,,8.1,Passed,,9.2,7
SU2025,SU2025-class 13,29,1905AHJCJB,5.7,5.4,,,2.4,Not Passed,,9.9,0
SU2025,SU2025-class 13,30,1905AIBGEE,8.7,9.1,,,8,Passed,,8.3,6.4
SU2025,SU2025-class 13,31,1905AIAJDD,8.7,8.5,,,7.7,Passed,,6.7,6
SU2025,SU2025-class 13,32,1905AIAJCD,8.7,9.1,,,8.5,Passed,,8.3,9
SU2025,SU2025-class 13,33,1905AICHCD,9.1,9.4,,,8.5,Passed,,8.7,7.6
SU2025,SU2025-class 13,34,1905AHCCFB,6.3,7.1,,,4.7,Not Passed,,8,0
SU2025,SU2025-class 13,35,1905AHJEJB,7.7,6.6,,,5.9,Passed,,4.7,5.2
SU2025,SU2025-class 14,1,1905AHBCFJ,7.3,8,,,6.9,Passed,,8.2,4.8
SU2025,SU2025-class 14,2,1905AIJADE,7.3,10,,,8.7,Passed,,10,7.4
SU2025,SU2025-class 14,3,1905AHDABI,7.5,10,,,7.6,Passed,,9.9,5.2
SU2025,SU2025-class 14,4,1905AHBCFB,8.5,10,,,8.6,Passed,,9.8,6.2
SU2025,SU2025-class 14,5,1905AHJAHG,7,8,,,7.1,Passed,,10,4.8
SU2025,SU2025-class 14,6,1905AHCHJD,7,8,,,7.4,Passed,,9.9,6
SU2025,SU2025-class 14,7,1905AHCIJI,7,8,,,7,Passed,,9.9,4.4
SU2025,SU2025-class 14,8,1905AHBCHC,8.5,8,,,8.6,Passed,,9.7,7.4
SU2025,SU2025-class 14,9,1905AICEIJ,8.6,8,,,7.7,Passed,,9.7,5.2
SU2025,SU2025-class 14,10,1905AIDEJJ,8.5,8,,,8.6,Passed,,9.7,7.2
SU2025,SU2025-class 14,11,1905AIJJDG,7.3,8,,,8.4,Passed,,9.9,6.6
SU2025,SU2025-class 14,12,1905AIBCJI,8.5,8,,,8.8,Passed,,9.9,8
SU2025,SU2025-class 14,13,1905BJJECF,8.6,8,,,8.3,Passed,,9.6,7
SU2025,SU2025-class 14,14,1905AIFBHJ,8.5,8,,,8.4,Passed,,9.7,6
SU2025,SU2025-class 14,15,1905AIJJJA,8.5,8,,,8.7,Passed,,10,7.4
SU2025,SU2025-class 14,16,1905AIJJGD,7,8,,,7.1,Passed,,9.5,4.8
SU2025,SU2025-class 14,17,1905AHDDDH,7.5,8,,,7.2,Passed,,9.4,4.4
SU2025,SU2025-class 14,18,1905AIJCCB,7.3,8,,,8.1,Passed,,9.7,5.2
SU2025,SU2025-class 14,19,1905AHDDBA,7.5,8,,,7.3,Passed,,9.9,5
SU2025,SU2025-class 14,20,1905AIBABD,7,10,,,7.5,Passed,,10,5.6
SU2025,SU2025-class 14,21,1905AIBCCF,8.5,8,,,8.7,Passed,,9.9,7.6
SU2025,SU2025-class 14,22,1905AIDHJE,8.5,8,,,8.4,Passed,,9.5,6.4
SU2025,SU2025-class 14,23,1905BJCCGJ,8.6,10,,,8.7,Passed,,9.9,7.6
SU2025,SU2025-class 14,24,1905AIJJCE,7.3,8,,,8.6,Passed,,10,7.6
SU2025,SU2025-class 14,25,1905AIJIIB,8.5,10,,,9.2,Passed,,9.9,9
SU2025,SU2025-class 14,26,1905AHDICD,7.5,8,,,8.1,Passed,,9.9,8.8
SU2025,SU2025-class 14,27,0305AIJEHI,7.3,8,,,8.2,Passed,,10,6.6
SU2025,SU2025-class 14,28,1905AHCABJ,0,0,,,0,Attendance Fail,,0,0
SU2025,SU2025-class 14,29,1905AICBHI,8.6,8,,,7.8,Passed,,10,5.6
SU2025,SU2025-class 14,30,1905AHDDGJ,7.5,8,,,8.2,Passed,,9.9,9.4
SU2025,SU2025-class 14,31,1905AIBCEB,8.5,8,,,8.7,Passed,,10,7.6
SU2025,SU2025-class 15,1,1905AIJAHE,8.5,8.5,,,8,Passed,,8.5,6.4
SU2025,SU2025-class 15,2,1905AIJCIC,9,9,,,8.8,Passed,,9,8.6
SU2025,SU2025-class 15,3,1905AIJBEH,8,8,,,7.7,Passed,,8,7.6
SU2025,SU2025-class 15,4,1905AICEDA,7,9,,,8.2,Passed,,9,8
SU2025,SU2025-class 15,5,1905AHBEIA,6,8.5,,,7.1,Passed,,8.5,5
SU2025,SU2025-class 15,6,1905AIFBDJ,7,9,,,8,Passed,,9,7.4
SU2025,SU2025-class 15,7,1905AIJBAG,6,8,,,7.2,Passed,,7.5,7.2
SU2025,SU2025-class 15,8,1905AIJAEE,6,8,,,5.8,Is Susspended,,7.5,0
SU2025,SU2025-class 15,9,1905AIJCFE,9,9,,,8.1,Passed,,9,5.2
SU2025,SU2025-class 15,10,1905AIJDJE,6,8.5,,,7.9,Passed,,8.5,8.6
SU2025,SU2025-class 15,11,1905AHBAEA,8,8,,,8.1,Passed,,8,9.4
SU2025,SU2025-class 15,12,1905AHAIEI,0,0,,,0,Attendance Fail,,0,0
SU2025,SU2025-class 15,13,1905AIJBDG,8,8,,,7.7,Passed,,8.5,7
SU2025,SU2025-class 15,14,1905AIJABF,8,8,,,7.6,Passed,,8,5.8
SU2025,SU2025-class 15,15,1905AIJAIH,8.5,8.5,,,8,Passed,,8.5,6.4
SU2025,SU2025-class 15,16,1905AIDBCD,9.5,9.5,,,8.9,Passed,,9.5,7
SU2025,SU2025-class 15,17,1905AIDEDG,0,0,,,0,Attendance Fail,,0,0
SU2025,SU2025-class 15,18,1905AIJCHD,8.6,8.5,,,8.2,Passed,,8.6,7.6
SU2025,SU2025-class 15,19,1905AIJDJJ,7,9,,,7.7,Passed,,9,5.6
SU2025,SU2025-class 15,20,1905AIJCFF,10,10,,,9.4,Passed,,10,8
SU2025,SU2025-class 15,21,1905AIDAFC,9.5,9.5,,,7.7,Passed,,9.5,4.8
SU2025,SU2025-class 15,22,1905AIJAHG,9,9,,,8.7,Passed,,9,7.6
SU2025,SU2025-class 15,23,1905AIJCFJ,9,9,,,8.7,Passed,,9,7.6
SU2025,SU2025-class 15,24,1905AHDGAF,7.5,8.5,,,7.3,Passed,,8.3,5.4
SU2025,SU2025-class 15,25,1905AIJBCG,8,8,,,7.2,Passed,,8,5.2
SU2025,SU2025-class 15,26,1905AIJAGE,8,8,,,7.9,Passed,,8,7.6
SU2025,SU2025-class 15,27,1905AIDEEI,7,8.5,,,7.4,Passed,,8.3,6.4
SU2025,SU2025-class 15,28,1905AIFGCJ,0,0,,,0,Attendance Fail,,0,0
SU2025,SU2025-class 15,29,1905AHEJBH,6,8,,,7,Passed,,8,6.2
SU2025,SU2025-class 15,30,1905AIJDAA,7,9,,,8,Passed,,9,6.8
SU2025,SU2025-class 15,31,1905AIFFAE,8,9,,,8,Passed,,8.8,7
SU2025,SU2025-class 15,32,1905AIJBAH,6.5,9,,,7.8,Passed,,8.5,7
SU2025,SU2025-class 15,33,1905AHBCAB,8,8,,,7.4,Passed,,8,5.8
SU2025,SU2025-class 15,34,1905AIJBIE,8,8,,,7.7,Passed,,8,7.6
SU2025,SU2025-class 15,35,1905AHDFDJ,7.5,8.5,,,7.2,Passed,,8.3,5
SU2025,SU2025-class 16,1,1905AIJEGB,7,6,,,8.2,Passed,,9.3,7.4
SU2025,SU2025-class 16,2,1905AIJGEI,6,8,,,7.1,Passed,,8.3,4.8
SU2025,SU2025-class 16,3,1905AIJEJA,0,0,,,0.3,Attendance Fail,,3.3,0
SU2025,SU2025-class 16,4,1905AIDAGD,6,5,,,7.1,Passed,,9,7.6
SU2025,SU2025-class 16,5,1905AIBGAI,6,5,,,6.9,Passed,,9.3,7.8
SU2025,SU2025-class 16,6,1905AIJGJH,6,10,,,8.1,Passed,,9.3,6
SU2025,SU2025-class 16,7,1905AIDAJC,6,5,,,7.1,Passed,,9.3,7.4
SU2025,SU2025-class 16,8,1905BJCBDF,7,5,,,6.8,Passed,,6.3,6
SU2025,SU2025-class 16,9,1905AIJFDC,6,10,,,7.5,Passed,,8,5.2
SU2025,SU2025-class 16,10,1905AIDHIG,7,5,,,7.1,Passed,,9.3,6.6
SU2025,SU2025-class 16,11,1905AIJGBE,6,10,,,8.1,Passed,,9.5,6
SU2025,SU2025-class 16,12,1905AIJFJH,7,6,,,7.7,Passed,,8.5,6.2
SU2025,SU2025-class 16,13,1905AHAIDH,0,0,,,0.5,Attendance Fail,,4.5,0
SU2025,SU2025-class 16,14,1905AGBBGB,0,0,,,0.9,Attendance Fail,,9,0
SU2025,SU2025-class 16,15,1905AIDBCC,6,5,,,7.6,Passed,,9.5,8.2
SU2025,SU2025-class 16,16,1905AIJEJG,0,0,,,0.8,Attendance Fail,,8.3,0
SU2025,SU2025-class 16,17,1905AIJEHF,7,6,,,8.1,Passed,,7.8,7.8
SU2025,SU2025-class 16,18,1905BJDJCF,7,5,,,7,Passed,,8.5,6.8
SU2025,SU2025-class 16,19,1905AIDFDG,6,5,,,7.1,Passed,,9.3,6.4
SU2025,SU2025-class 16,20,1905AIJHGH,6,8,,,7.6,Passed,,8.5,7.4
SU2025,SU2025-class 16,21,1905AIDGEG,6,5,,,7,Passed,,8.8,6.2
SU2025,SU2025-class 16,22,1905AIDBHA,6,5,,,7.3,Passed,,8.8,7.4
SU2025,SU2025-class 16,23,1905AIJGDB,6,8,,,7.9,Passed,,9.3,7.4
SU2025,SU2025-class 16,24,1905AIJFEJ,6,10,,,7.8,Passed,,8,6
SU2025,SU2025-class 16,25,1905AICCFD,6,5,,,6.9,Passed,,8.5,6
SU2025,SU2025-class 16,26,1905AIJFJD,7,6,,,8,Passed,,9.3,5.8
SU2025,SU2025-class 16,27,1905AIDHJA,7,5,,,7.1,Passed,,9,6.8
SU2025,SU2025-class 16,28,1905AIJIIA,6,8,,,7.7,Passed,,9.3,7.2
SU2025,SU2025-class 17,1,1905AIBAHD,2,8,,,3.8,Not Passed,,9,0
SU2025,SU2025-class 17,2,1905AICEID,8.5,9,,,7.7,Passed,,8.7,6
SU2025,SU2025-class 17,3,1905AIBAJF,8,8,,,7.6,Passed,,9,6.4
SU2025,SU2025-class 17,4,1905AIBCJF,7,9,,,7.1,Passed,,9.5,5.6
SU2025,SU2025-class 17,5,1905AIBAHG,8,9,,,7.9,Passed,,9.3,7.2
SU2025,SU2025-class 17,6,1905AIDCIG,8.5,8,,,7.7,Passed,,9,6.6
SU2025,SU2025-class 17,7,1905AIBBEA,9.5,8,,,8.5,Passed,,9.5,6.6
SU2025,SU2025-class 17,8,1905AIBBDH,9.5,9,,,8.8,Passed,,9.6,7.4
SU2025,SU2025-class 17,9,1905AIBADG,2,9,,,3.9,Not Passed,,9.2,0
SU2025,SU2025-class 17,10,1905AIBAIE,8.5,9,,,8.2,Passed,,9,6.8
SU2025,SU2025-class 17,11,1905AIBBIJ,8.5,7,,,8.3,Passed,,9.6,8
SU2025,SU2025-class 17,12,1905AIBBEJ,9.5,8,,,8.6,Passed,,9.5,7
SU2025,SU2025-class 17,13,1905AIBAID,8.5,9,,,8.2,Passed,,9.3,6.8
SU2025,SU2025-class 17,14,1905AIBAJD,3,9,,,5.4,Not Passed,,9,5.4
SU2025,SU2025-class 17,15,1905AIBBJE,2,9,,,5,Not Passed,,8.5,4.2
SU2025,SU2025-class 17,16,1905AIDHCB,2,8,,,4.1,Not Passed,,9,0
SU2025,SU2025-class 17,17,1905AIBBAG,7,8,,,7.1,Passed,,9.2,6.2
SU2025,SU2025-class 17,18,1905AHJACH,6.5,9,,,7.2,Passed,,9.7,6.8
SU2025,SU2025-class 17,19,1905AIBCJJ,7,8,,,7,Passed,,8.7,5.8
SU2025,SU2025-class 17,20,1905AHBJHJ,6.5,9,,,7.6,Passed,,9.7,8.8
SU2025,SU2025-class 17,21,1905AIBADA,2,9,,,4.2,Not Passed,,9,0
SU2025,SU2025-class 17,22,1905AIBAIJ,8,9,,,7.5,Passed,,9.5,5
SU2025,SU2025-class 17,23,1905AIBBCF,3,9,,,4.3,Not Passed,,9,0
SU2025,SU2025-class 17,24,1905AIAAAH,8,7,,,7.5,Passed,,9.8,6
SU2025,SU2025-class 17,25,1905AIBJEA,3,8,,,4.2,Not Passed,,9,0
SU2025,SU2025-class 17,26,1905AIBAAA,8.5,9,,,8.1,Passed,,9.3,6.2
SU2025,SU2025-class 17,27,1905AIBABE,3,9,,,4.3,Not Passed,,8.5,0
SU2025,SU2025-class 17,28,1905AHDJDI,6.5,9,,,6.9,Passed,,9,5.4
SU2025,SU2025-class 17,29,1905AIBBFD,9.5,8,,,8.2,Passed,,9,5.6
SU2025,SU2025-class 17,30,1905AIJCBE,2,8,,,3.9,Not Passed,,9.7,0
SU2025,SU2025-class 17,31,1905AIBABH,2,7,,,3.7,Not Passed,,9.3,0
SU2025,SU2025-class 17,32,1905AICEHH,8.5,9,,,7.6,Passed,,9,5.6
SU2025,SU2025-class 17,33,1905AIBDJJ,2,7,,,3.1,Not Passed,,0,0
SU2025,SU2025-class 17,34,1905AIBBDG,7,9,,,6.9,Passed,,9,4.6
SU2025,SU2025-class 17,35,1905AICFJD,8.5,9,,,8.1,Passed,,9,7.8
SU2025,SU2025-class 18,1,1905AIBDCH,6.6,8.4,,,6.4,Passed,,9,4
SU2025,SU2025-class 18,2,1905AIBEGH,7.9,8.2,,,6.8,Passed,,7.2,5.2
SU2025,SU2025-class 18,3,1905AGAFHA,7.7,7.7,,,6.7,Passed,,4.5,4
SU2025,SU2025-class 18,4,1905AIDDBH,7.2,7.3,,,6,Passed,,7.2,5.6
SU2025,SU2025-class 18,5,1905AIJHAB,6.6,4,,,2.3,Attendance Fail,,1.5,0
SU2025,SU2025-class 18,6,1905AIBDAA,7.9,8,,,7.4,Passed,,6.6,8.8
SU2025,SU2025-class 18,7,1905AIDDDJ,7.2,7.6,,,6.2,Passed,,8,6
SU2025,SU2025-class 18,8,1905AIFBFI,7.2,7.7,,,6.2,Passed,,8.3,6.2
SU2025,SU2025-class 18,9,1905AICBAG,6.1,7.7,,,6.6,Passed,,7.7,6.6
SU2025,SU2025-class 18,10,1905AHJBHD,0,3.6,,,2.3,Not Passed,,5.5,4
SU2025,SU2025-class 18,11,1905AIBDAC,7.9,8.3,,,7.7,Passed,,7.6,9.4
SU2025,SU2025-class 18,12,1905AIDCBA,0,0,,,0,Attendance Fail,,0,0
SU2025,SU2025-class 18,13,1905AIBEAD,7.7,8.4,,,6.7,Passed,,9.1,6
SU2025,SU2025-class 18,14,1905AHBGDH,7.7,9.5,,,8,Passed,,9.6,7
SU2025,SU2025-class 18,15,1905AGBDCB,8.1,8.4,,,6.4,Not Passed,,5,0
SU2025,SU2025-class 18,16,1905AHJEHD,6.9,8.2,,,6.8,Passed,,8.3,6
SU2025,SU2025-class 18,17,1905AHDJEG,6.9,7.8,,,6.4,Passed,,7,5.2
SU2025,SU2025-class 18,18,1905AGCDFJ,3.2,5.6,,,4.3,Not Passed,,5.8,3.8
SU2025,SU2025-class 18,19,1905AICDAI,7.7,9.1,,,7.7,Passed,,8.5,6.4
SU2025,SU2025-class 18,20,1905AGBCJB,8.1,8.6,,,7.4,Passed,,5.8,4.6
SU2025,SU2025-class 18,21,1905AHDDII,6.9,7.6,,,6.6,Passed,,6.5,6.6
SU2025,SU2025-class 18,22,1905AIDCAF,0,0,,,0,Attendance Fail,,0,0
SU2025,SU2025-class 18,23,1905AIDFCC,8.1,8.9,,,7.9,Passed,,6.5,6.2
SU2025,SU2025-class 18,24,1905AIBCEC,7.7,8.2,,,6.9,Passed,,8.4,7.4
SU2025,SU2025-class 18,25,1905AHBBEJ,6.1,7.6,,,6.5,Passed,,7.3,6.6
SU2025,SU2025-class 18,26,1905AIBCDB,6.6,8.6,,,7,Passed,,9.7,6.6
SU2025,SU2025-class 18,27,1905AHDJBH,7.7,8.4,,,7.4,Passed,,6.5,6.4
SU2025,SU2025-class 18,28,1905AIBCEJ,7.7,8.5,,,6.8,Passed,,9.5,6.2
SU2025,SU2025-class 18,29,1905AIBCID,7.9,8,,,7.3,Passed,,6.7,8.4
SU2025,SU2025-class 18,30,1905AIBCFJ,4.9,7.4,,,6.2,Passed,,8.3,6.8
SU2025,SU2025-class 18,31,1905AGBBJA,8.1,9.1,,,7.9,Passed,,7.2,6
SU2025,SU2025-class 18,32,1905AHBADH,6.9,8,,,7.4,Passed,,7.7,9.4
SU2025,SU2025-class 18,33,1905AIDJJG,6.6,8,,,6.6,Passed,,7.8,5.8
SU2025,SU2025-class 18,34,1905AHCEBH,1,4.4,,,1.9,Not Passed,,7.5,0
SU2025,SU2025-class 18,35,1905AICIHD,7.2,7.3,,,5.7,Passed,,7.2,4.4
SU2025,SU2025-class 19,1,1905AIDJEB,8.5,7,,,8,Passed,,9.1,6.4
SU2025,SU2025-class 19,2,1905AIFFED,8.5,9,,,8.1,Passed,,9.2,7.4
SU2025,SU2025-class 19,3,1905AIJDJB,8.5,8,,,8.1,Passed,,9,6.2
SU2025,SU2025-class 19,4,1905AIBGAF,8.5,7,,,7.8,Passed,,9,5.8
SU2025,SU2025-class 19,5,1905AIBIAJ,8,9,,,7.9,Passed,,9.5,6.4
SU2025,SU2025-class 19,6,1905AHJJFE,0,0,,,0.9,Not Passed,,9.2,0
SU2025,SU2025-class 19,7,1905AIBHDE,8.5,9,,,7.7,Passed,,9.6,5.6
SU2025,SU2025-class 19,8,1905AFAADG,0,0,,,0.9,Not Passed,,9,0
SU2025,SU2025-class 19,9,1905AIBFEJ,7.5,9,,,7.9,Passed,,9.1,7.6
SU2025,SU2025-class 19,10,1905AIBFDG,7.5,9,,,7.7,Passed,,9.2,6.6
SU2025,SU2025-class 19,11,1905AHJJAG,7,8,,,7.1,Passed,,9.1,5.4
SU2025,SU2025-class 19,12,1905AIBEHJ,8.5,9,,,8,Passed,,9.5,5.4
SU2025,SU2025-class 19,13,1905AHAGHE,0,0,,,0.9,Not Passed,,9.1,0
SU2025,SU2025-class 19,14,1905AICAJJ,8.5,8,,,8.3,Passed,,9.1,7.4
SU2025,SU2025-class 19,15,1905AIJFCF,8.5,9,,,8.4,Passed,,9,7.2
SU2025,SU2025-class 19,16,1905BJDBJB,8.5,9,,,8.5,Passed,,9,7.6
SU2025,SU2025-class 19,17,1905AICIHI,8.5,8,,,8,Passed,,9.1,7
SU2025,SU2025-class 19,18,1905AIBHJD,8.5,9,,,8.1,Passed,,9,7.4
SU2025,SU2025-class 19,19,1905AIBFFE,8,8,,,7.8,Passed,,9,7
SU2025,SU2025-class 19,20,1905AIBIBC,8,9,,,7.8,Passed,,9,6.6
SU2025,SU2025-class 19,21,1905AIDEHI,8.5,8,,,8.5,Passed,,9.1,9
SU2025,SU2025-class 19,22,1905AHDDFG,6,8,,,7.7,Passed,,9.1,8.8
SU2025,SU2025-class 19,23,1905AIBHIG,6,7,,,7,Passed,,8.5,6.4
SU2025,SU2025-class 19,24,1905AIBFBA,7.5,9,,,7.9,Passed,,9,7.8
SU2025,SU2025-class 19,25,1905AIBGJA,8,8,,,7.6,Passed,,9.1,6
SU2025,SU2025-class 19,26,1905AIBGBH,8,8,,,8.1,Passed,,9.1,8.2
SU2025,SU2025-class 19,27,1905AIDFID,0,0,,,0.9,Attendance Fail,,9.1,0
SU2025,SU2025-class 19,28,1905AIBJCA,8.5,9,,,8.1,Passed,,9.5,7.2
SU2025,SU2025-class 19,29,1905AHJBHI,0,0,,,1,Not Passed,,9.6,0
SU2025,SU2025-class 19,30,1905AHDCGC,8.5,7,,,8,Passed,,9.3,5.6
SU2025,SU2025-class 19,31,1905AIBHFF,8.5,8,,,8.2,Passed,,9.3,7.2
SU2025,SU2025-class 19,32,1905AIBGGI,8.5,7,,,7.8,Passed,,9.1,5.4
SU2025,SU2025-class 19,33,1905AICDHG,8.5,9,,,7.9,Passed,,9.1,6.4
SU2025,SU2025-class 19,34,1905AHBGCI,6.5,8,,,7.3,Passed,,9,6.8
SU2025,SU2025-class 19,35,1905AIBHEG,8,7,,,7.8,Passed,,9,7.2
SU2025,SU2025-class 20,1,1905AICCJF,3.6,6.6,,,5.1,Passed,,4.3,5.8
SU2025,SU2025-class 20,2,1905AICDAF,8,5.6,,,7.3,Passed,,7.8,6.4
SU2025,SU2025-class 20,3,1905AICCJJ,8.3,7.8,,,6.8,Passed,,7.2,6.2
SU2025,SU2025-class 20,4,1905AGJEAH,7.3,7.1,,,7,Passed,,5.6,7.2
SU2025,SU2025-class 20,5,1905AICEAD,4.3,0,,,2,Attendance Fail,,3.3,0
SU2025,SU2025-class 20,6,1905AIBIFD,7.5,7.7,,,7.6,Passed,,8.3,7
SU2025,SU2025-class 20,7,1905AIBAFJ,8.3,8.4,,,8.3,Passed,,8.6,8.6
SU2025,SU2025-class 20,8,1905AIBDBG,8.3,9,,,8.4,Passed,,8.1,8.8
SU2025,SU2025-class 20,9,1905AIJHBI,8.3,6.6,,,7.3,Passed,,6.7,7.2
SU2025,SU2025-class 20,10,1919AHJJFI,8.3,1.3,,,7.4,Passed,,7.6,7
SU2025,SU2025-class 20,11,1905AHCBGD,8.3,10,,,7.9,Passed,,7.5,6.4
SU2025,SU2025-class 20,12,1905AIDAGG,8.3,8.2,,,7.8,Passed,,8.1,6.2
SU2025,SU2025-class 20,13,1905AIBIGF,3.6,5.4,,,5.3,Passed,,4.4,7
SU2025,SU2025-class 20,14,1905AICJIG,7.5,6.1,,,6.8,Passed,,6.4,6.8
SU2025,SU2025-class 20,15,1905AIJFEE,8.3,1.6,,,6.7,Passed,,6.8,6.4
SU2025,SU2025-class 20,16,1905AICFBG,8.3,7,,,8.3,Passed,,8,8.4
SU2025,SU2025-class 20,17,1905AICIAE,0,5.3,,,0.5,Attendance Fail,,0,0
SU2025,SU2025-class 20,18,1905AICDHI,8,0,,,3.5,Attendance Fail,,2.6,0
SU2025,SU2025-class 20,19,1905AICBIC,8.3,6.5,,,7.5,Passed,,6.8,7.4
SU2025,SU2025-class 20,20,1905AIAAAG,7.5,7.5,,,7.9,Passed,,8.2,8.2
SU2025,SU2025-class 20,21,1919AHAJCJ,7.5,6.3,,,4.2,Not Passed,,5.5,0
SU2025,SU2025-class 20,22,1905AICFAG,8.3,3,,,7.7,Passed,,7.2,7.8
SU2025,SU2025-class 20,23,1905AIBEEB,3.6,5.6,,,5,Passed,,4.2,5.8
SU2025,SU2025-class 20,24,1905AIDDCG,3.6,5.3,,,5.2,Passed,,5.4,7.2
SU2025,SU2025-class 20,25,1905AIBFJJ,0,0,,,0,Attendance Fail,,0,0
SU2025,SU2025-class 20,26,1905AICBIF,7.3,3.2,,,5.9,Passed,,6.8,5.8
SU2025,SU2025-class 20,27,1905AICDDE,8,5.4,,,6.8,Passed,,7.5,4.2
SU2025,SU2025-class 20,28,1905AIBFCG,7.5,6.9,,,7.7,Passed,,8.3,7.8
SU2025,SU2025-class 20,29,1905AIJEFJ,0,0,,,0,Attendance Fail,,0,0
SU2025,SU2025-class 20,30,1905AICEBG,7.3,7.4,,,7,Passed,,7.5,7.8
SU2025,SU2025-class 20,31,1905AICGBB,7.5,6.7,,,7,Passed,,6,7.6
SU2025,SU2025-class 20,32,1905AICCHG,0,0,,,0,Attendance Fail,,0,0
SU2025,SU2025-class 20,33,1905AIFEJB,8.3,7.3,,,7.9,Passed,,7.4,6.6
SU2025,SU2025-class 20,34,1905AICDJD,7.3,6.4,,,6.3,Passed,,6.6,6.6
SU2025,SU2025-class 21,1,1705AIJACG,7.7,8.9,,,7.3,Passed,,9.6,6.2
SU2025,SU2025-class 21,2,1905AIBFAJ,8.2,7.7,,,6.6,Passed,,6.2,5.6
SU2025,SU2025-class 21,3,1905AIDACH,7.9,8.4,,,7.6,Passed,,6.4,6.8
SU2025,SU2025-class 21,4,1905AIDDJJ,7.6,8.2,,,7.1,Passed,,7.8,7
SU2025,SU2025-class 21,5,1905AIBFJB,8.1,7.3,,,6.4,Passed,,5.7,6.2
SU2025,SU2025-class 21,6,1905AIDCEI,7.4,7.5,,,4.7,Not Passed,,8.6,0
SU2025,SU2025-class 21,7,1905AIDBFD,7.6,7.9,,,7,Passed,,6.9,7
SU2025,SU2025-class 21,8,1905AIBAEE,8.2,8.6,,,6.8,Passed,,8,4
SU2025,SU2025-class 21,9,1905AIDAIH,7.7,9.3,,,8,Passed,,9.3,7.4
SU2025,SU2025-class 21,10,1905AIDAFI,7.4,7.3,,,4.6,Not Passed,,7.8,0
SU2025,SU2025-class 21,11,1905AIDAGA,7.6,7.9,,,7,Passed,,7.1,6.8
SU2025,SU2025-class 21,12,1905AIDFAJ,8.2,8.4,,,7.3,Passed,,7.3,6.6
SU2025,SU2025-class 21,13,1905AHBFCB,8.1,7.4,,,6.6,Passed,,6,6.8
SU2025,SU2025-class 21,14,1905AIFDHI,8.1,8.5,,,7.1,Passed,,8.2,5.6
SU2025,SU2025-class 21,15,1905AIDAGF,7.4,7.9,,,4.9,Not Passed,,9.8,0
SU2025,SU2025-class 21,16,1905AIDABF,7.9,8.7,,,7.3,Passed,,7.6,4.8
SU2025,SU2025-class 21,17,1905AIDBBC,7.6,8,,,6.8,Passed,,7.3,5.8
SU2025,SU2025-class 21,18,1905AIDAJF,7.5,7.7,,,6.4,Passed,,7.1,5.2
SU2025,SU2025-class 21,19,1905AIDJHB,7.9,8.8,,,7.7,Passed,,7.7,6.8
SU2025,SU2025-class 21,20,1905AICIGH,7.1,5,,,2.9,Not Passed,,4.6,0
SU2025,SU2025-class 21,21,1905AIDACD,8.1,9.5,,,8,Passed,,9.6,6.8
SU2025,SU2025-class 21,22,1905ACJBFI,7.1,6.2,,,3.3,Not Passed,,8.1,0
SU2025,SU2025-class 21,23,1905AICCGA,8.1,7,,,6.2,Passed,,4.9,5.6
SU2025,SU2025-class 21,24,1905AIDAHA,7.7,8.7,,,8.1,Passed,,7.7,8.8
SU2025,SU2025-class 21,25,1905AIDAJG,7.5,8.2,,,6.9,Passed,,8.8,6.8
SU2025,SU2025-class 21,26,1905AIDGFH,7.1,5.5,,,3,Not Passed,,5.9,0
SU2025,SU2025-class 21,27,1905AIDJHD,7.9,8.5,,,7.4,Passed,,6.9,5.8
SU2025,SU2025-class 21,28,1905AHDJDE,8.1,8.4,,,6.8,Passed,,8.9,5.8
SU2025,SU2025-class 21,29,1905AHAHDE,8.1,9.5,,,8.5,Passed,,9.3,8.8
SU2025,SU2025-class 21,30,1905AHCBJE,0,0,,,0,Attendance Fail,,0,0
SU2025,SU2025-class 21,31,1905AIDAJI,8.2,8.4,,,7.2,Passed,,7.3,6.4
SU2025,SU2025-class 21,32,1905AIDAEG,8.1,6.6,,,6.2,Passed,,2.9,6.2
SU2025,SU2025-class 21,33,1905AIDBCF,7.4,7.9,,,4.9,Not Passed,,9.7,0
SU2025,SU2025-class 21,34,1905AHBGDE,7.7,8.5,,,7.1,Passed,,9.3,6.4
SU2025,SU2025-class 21,35,1905AHDGIH,7.1,5.7,,,3.1,Not Passed,,6.6,0
SU2025,SU2025-class 21,36,1905AIDBAG,0,0,,,0,Attendance Fail,,0,0
SU2025,SU2025-class 22,1,1905AIDIJB,8,8,,,7.1,Passed,,8.5,6.4
SU2025,SU2025-class 22,2,1905AIDIJI,9,8,,,8.2,Passed,,8.9,6
SU2025,SU2025-class 22,3,1905AIFBGG,7,7.5,,,7.8,Passed,,9,8
SU2025,SU2025-class 22,4,1905AIFDJC,9,8.5,,,8.3,Passed,,8.7,6.2
SU2025,SU2025-class 22,5,1905AHEJEI,8,8,,,7,Passed,,8.9,6.8
SU2025,SU2025-class 22,6,1905AIFDBG,7,8,,,8,Passed,,9,8.6
SU2025,SU2025-class 22,7,1905AIDIAE,8,8,,,7.8,Passed,,8.3,6.6
SU2025,SU2025-class 22,8,1905AIDHEF,8,9,,,7.3,Passed,,8.5,6.6
SU2025,SU2025-class 22,9,1905AIFBEJ,8,9,,,8,Passed,,9.3,5.4
SU2025,SU2025-class 22,10,1905AIDDHE,9,10,,,7.6,Passed,,6.1,7.4
SU2025,SU2025-class 22,11,1905AIBJIH,7,10,,,7.1,Passed,,7.4,5.4
SU2025,SU2025-class 22,12,1905AICJDJ,7,10,,,7.6,Passed,,7.8,7.8
SU2025,SU2025-class 22,13,1905AGJAJE,9,8.5,,,8.6,Passed,,9,7.4
SU2025,SU2025-class 22,14,1905AIDDBG,9,10,,,7.6,Passed,,8.3,6.6
SU2025,SU2025-class 22,15,1905AICJAC,7,10,,,7.2,Passed,,8,5.6
SU2025,SU2025-class 22,16,1905AIDHIH,9,8,,,8.4,Passed,,8.7,7
SU2025,SU2025-class 22,17,1905AIDAFE,7,7,,,6.5,Passed,,7.9,6
SU2025,SU2025-class 22,18,1905AIFBGJ,7,7,,,7.2,Passed,,9,5
SU2025,SU2025-class 22,19,1905AIFCBC,8,8,,,8.1,Passed,,9.5,6
SU2025,SU2025-class 22,20,1905AIDHGD,7,6,,,6,Passed,,8,6.4
SU2025,SU2025-class 22,21,1905AIDIBD,0,4,,,0.4,Attendance Fail,,0,0
SU2025,SU2025-class 22,22,1905AHCADG,9,8.5,,,8.4,Passed,,8.9,6.8
SU2025,SU2025-class 22,23,1905AHAEHF,8,8,,,7.7,Passed,,9.4,6.2
SU2025,SU2025-class 22,24,1905AIDDGF,9,10,,,8.8,Passed,,8.1,8.4
SU2025,SU2025-class 22,25,1905AIDDHC,9,9,,,7.5,Passed,,8.3,6.6
SU2025,SU2025-class 22,26,1905AIJJCA,8,8,,,7.1,Passed,,8.7,7.2
SU2025,SU2025-class 22,27,1905AIDJID,7,8,,,7.5,Passed,,9,6
SU2025,SU2025-class 22,28,1905AICJBE,7,7,,,7.3,Passed,,8,7.6
SU2025,SU2025-class 22,29,1905AIJCBJ,8,8,,,7,Passed,,8.9,6.6
SU2025,SU2025-class 22,30,1905AIFCAE,8,8,,,8.2,Passed,,9.4,6.6
SU2025,SU2025-class 22,31,1905AICABI,7,10,,,7.7,Passed,,8,8
SU2025,SU2025-class 22,32,1905AICJEI,7,8,,,7.2,Passed,,7.9,9.2
SU2025,SU2025-class 22,33,1905AIDIAH,8,9,,,7.9,Passed,,8.4,6.6
SU2025,SU2025-class 22,34,1905AIFDJA,8,10,,,8.9,Passed,,9.3,7.4
SU2025,SU2025-class 23,1,1905AIFFFF,6,5,,,5.5,Passed,,9.5,5.2
SU2025,SU2025-class 23,2,1905AIFEIH,5,6,,,6.7,Passed,,9.5,5.2
SU2025,SU2025-class 23,3,1905AICAJI,8,9.5,,,8.1,Passed,,9.5,8.6
SU2025,SU2025-class 23,4,1905AIBFJE,9,5,,,7.2,Passed,,9,5.8
SU2025,SU2025-class 23,5,1905AIFDIH,5,10,,,7.1,Passed,,8.8,7
SU2025,SU2025-class 23,6,1905AICFFE,6,5,,,7.4,Passed,,9,7.2
SU2025,SU2025-class 23,7,1905AIFEJD,5,10,,,7.1,Passed,,6.8,8
SU2025,SU2025-class 23,8,1905AIFFAJ,7,5,,,7.4,Passed,,8.8,7.8
SU2025,SU2025-class 23,9,1905AIBGJI,8,9.5,,,7.7,Passed,,8.8,7
SU2025,SU2025-class 23,10,1905AFJFBJ,0,0,,,0.8,Attendance Fail,,7.6,0
SU2025,SU2025-class 23,11,1905AIFFJJ,7,5,,,7.2,Passed,,7.5,7.4
SU2025,SU2025-class 23,12,1905AICFJJ,6,5,,,7.3,Passed,,9,6.8
SU2025,SU2025-class 23,13,1905AIFEID,5,6,,,6.6,Passed,,9.8,4.6
SU2025,SU2025-class 23,14,1905AIFGBG,6,5,,,6,Passed,,9,7.6
SU2025,SU2025-class 23,15,1905AIBECA,9,5,,,7.9,Passed,,9.8,9
SU2025,SU2025-class 23,16,1905AICBDD,6,5,,,7.1,Passed,,8.5,5.8
SU2025,SU2025-class 23,17,1905AIFDIF,5,10,,,7.2,Passed,,9,7
SU2025,SU2025-class 23,18,1905AIFFCJ,7,5,,,7.1,Passed,,9,6.2
SU2025,SU2025-class 23,19,1905AHAHDF,9,5,,,7.5,Passed,,9,7.4
SU2025,SU2025-class 23,20,1905AIFEIJ,5,6,,,6.7,Passed,,9.5,5
SU2025,SU2025-class 23,21,1905AIFEJF,5,10,,,7,Passed,,9,6
SU2025,SU2025-class 23,22,1905AIFFGC,6,5,,,5.6,Passed,,9.5,6
SU2025,SU2025-class 23,23,1905AIDJBD,6,5,,,7.1,Passed,,8.8,6
SU2025,SU2025-class 23,24,1905AIBIED,8,9.5,,,7.2,Passed,,8.5,4.6
SU2025,SU2025-class 23,25,1905AIBGIF,8,9.5,,,7.7,Passed,,9.3,6.4
SU2025,SU2025-class 23,26,1905AIFEAI,5,6,,,7.2,Passed,,9.5,7.2
SU2025,SU2025-class 24,1,1905AIBEEE,7,5.5,,,6.8,Passed,,8.8,5.6
SU2025,SU2025-class 24,2,1905AIJGIF,7,8,,,7.4,Passed,,9.3,6.8
SU2025,SU2025-class 24,3,1905AICDDG,7,9,,,6.6,Passed,,7.9,5.6
SU2025,SU2025-class 24,4,1905AIDCBE,7,8.5,,,6.8,Passed,,6.3,7.6
SU2025,SU2025-class 24,5,1905AIJEAA,8.5,9,,,8.4,Passed,,7.7,8.8
SU2025,SU2025-class 24,6,1905AICBCJ,4,9,,,5.1,Not Passed,,8.9,6
SU2025,SU2025-class 24,7,1905AHEJID,4,9,,,4.6,Not Passed,,6.5,4.6
SU2025,SU2025-class 24,8,1905AHBEAB,7,5.5,,,6.5,Passed,,6.9,6
SU2025,SU2025-class 24,9,1905AHBEII,7,9,,,6.6,Passed,,8.2,4.2
SU2025,SU2025-class 24,10,1905AIJEJC,8.5,9,,,7.9,Passed,,7,6.2
SU2025,SU2025-class 24,11,1905AIDFGD,4,5,,,3.3,Not Passed,,6.7,0
SU2025,SU2025-class 24,12,1905AIDBGG,7,9,,,7.1,Passed,,8.3,7.6
SU2025,SU2025-class 24,13,1905AHBCJE,6.5,5.5,,,6.6,Passed,,7,6.8
SU2025,SU2025-class 24,14,1905AIBHFG,7,9,,,7.3,Passed,,8.3,6.4
SU2025,SU2025-class 24,15,1905AIJIEJ,0,0,,,0,Attendance Fail,,0,0
SU2025,SU2025-class 24,16,1905AICEGH,6,8.5,,,6.4,Passed,,6.7,5.6
SU2025,SU2025-class 24,17,1905AHAIID,0,0,,,0,Attendance Fail,,0,0
SU2025,SU2025-class 24,18,1905AHDIFH,6,8,,,6.6,Passed,,8.3,5.6
SU2025,SU2025-class 24,19,1905AIDDJB,7,7,,,6.4,Passed,,7.3,6
SU2025,SU2025-class 24,20,1905AICHAD,6,1,,,5.4,Passed,,6.2,4.2
SU2025,SU2025-class 24,21,1905AIDDBD,7,9,,,7,Passed,,8.2,7.8
SU2025,SU2025-class 24,22,1905AIDGHJ,4,6.5,,,3.7,Not Passed,,8.9,0
SU2025,SU2025-class 24,23,1905AICCEE,7,9,,,7.5,Passed,,9.3,6.8
SU2025,SU2025-class 24,24,1905AHJECI,6.5,9,,,6.7,Passed,,8.8,4.8
SU2025,SU2025-class 24,25,1905AIDBHI,7,8.5,,,6.8,Passed,,8.8,6.2
SU2025,SU2025-class 24,26,1905AHEJDE,7,7,,,7.1,Passed,,9.1,7
SU2025,SU2025-class 24,27,1905AICDHE,8.5,5.5,,,7.1,Passed,,7,4.4
SU2025,SU2025-class 24,28,1905AHJDFB,6.5,7.5,,,6.7,Passed,,9.1,5.2
SU2025,SU2025-class 24,29,1905AICFFB,6,8,,,6.3,Passed,,7,4.8
SU2025,SU2025-class 24,30,1905AICHDH,0,0,,,0,Attendance Fail,,0,0
SU2025,SU2025-class 24,31,1905AICEBH,8.5,7,,,7.6,Passed,,6.6,6.2
SU2025,SU2025-class 24,32,1905AIDBFA,7,8.5,,,6.8,Passed,,7.4,7
SU2025,SU2025-class 25,1,1905AHDCJI,0,0,,,0,Not Passed,,0,0
SU2025,SU2025-class 25,2,1905AHBHCC,9,10,,,8.9,Passed,,9.8,6
SU2025,SU2025-class 25,3,1905AHDFEB,8,9,,,7.7,Passed,,8,6
SU2025,SU2025-class 25,4,1905AIDJHJ,8,8,,,7.1,Passed,,8,4.2
SU2025,SU2025-class 25,5,1905AICFBE,9,9,,,8.4,Passed,,9,7.8
SU2025,SU2025-class 25,6,1905AIBBFG,9,9,,,8,Passed,,9,5.2
SU2025,SU2025-class 25,7,1905AGBGAG,0,0,,,0,Attendance Fail,,0,0
SU2025,SU2025-class 25,8,1905AIJFGG,8,9,,,8.3,Passed,,9,7.4
SU2025,SU2025-class 25,9,1905AIAJIJ,9,9,,,8.2,Passed,,9,7.6
SU2025,SU2025-class 25,10,1905AHCGIB,6,7,,,4.4,Not Passed,,6.5,0
SU2025,SU2025-class 25,11,1905AIDDGJ,8,10,,,8.2,Passed,,9,6.8
SU2025,SU2025-class 25,12,1905AIDHCF,6,7,,,4.4,Not Passed,,6.5,0
SU2025,SU2025-class 25,13,1905AHJGEI,8,8,,,7,Passed,,8,4.6
SU2025,SU2025-class 25,14,1905AHCAIC,6,7,,,4.4,Not Passed,,6.5,0
SU2025,SU2025-class 25,15,1905AHCJBJ,0,0,,,0,Not Passed,,0,0
SU2025,SU2025-class 25,16,1905AHJFEI,0,0,,,0,Attendance Fail,,0,0
SU2025,SU2025-class 25,17,1905AHJFII,8,8,,,8.1,Passed,,8,9.4
SU2025,SU2025-class 25,18,1905AHJEGB,8,8,,,7.3,Passed,,8,5.2
SU2025,SU2025-class 25,19,1905AHCFJJ,6,7,,,4.4,Not Passed,,6.5,0
SU2025,SU2025-class 25,20,1905AIBAJA,9,9,,,8.8,Passed,,9,7.8
SU2025,SU2025-class 25,21,0305AIAFHF,8.5,8.5,,,8.4,Passed,,8.8,7
SU2025,SU2025-class 25,22,1905AHCEEG,0,0,,,0,Attendance Fail,,0,0
SU2025,SU2025-class 25,23,1905AICHAF,9,10,,,8.6,Passed,,9,6.4
